  0     0     0     0      1.96914869037
  0     0     0     2    0.0394315431789
  0     0     0    11   -0.0455934079339
  0     0     0    14   -0.00366689257523
  0     0     1     1     0.002094318182
  0     0     1     7   -0.000624866357987
  0     0     1    10   -0.000727588545517
  0     0     1    15   7.91576594479e-05
  0     0     2     0    0.0394315431789
  0     0     2     2   0.00935170912313
  0     0     2    11   -0.00287086588225
  0     0     2    14   -0.00226618366067
  0     0     3     3   0.00357807679528
  0     0     3     8   -0.00391501498163
  0     0     4     4   0.00397998985981
  0     0     4     9   -0.00280622494274
  0     0     5     5   -0.00361889204666
  0     0     5    12   -0.00864106376306
  0     0     6     6   -0.00303856128994
  0     0     6    13   -0.00725239434259
  0     0     7     1   -0.000624866357987
  0     0     7     7   -0.0196819125783
  0     0     7    10   -0.00432512497748
  0     0     7    15   -0.00814812721379
  0     0     8     3   -0.00391501498163
  0     0     8     8   -0.0057442018826
  0     0     9     4   -0.00280622494274
  0     0     9     9   -0.00326823565676
  0     0    10     1   -0.000727588545517
  0     0    10     7   -0.00432512497748
  0     0    10    10   -0.0113379912951
  0     0    10    15   0.00506037065149
  0     0    11     0   -0.0455934079339
  0     0    11     2   -0.00287086588225
  0     0    11    11   -0.0237948271758
  0     0    11    14   0.00514218104287
  0     0    12     5   -0.00864106376306
  0     0    12    12   -0.00655108923949
  0     0    13     6   -0.00725239434259
  0     0    13    13   -0.00210885445641
  0     0    14     0   -0.00366689257523
  0     0    14     2   -0.00226618366067
  0     0    14    11   0.00514218104287
  0     0    14    14   -0.0104455371604
  0     0    15     1   7.91576594479e-05
  0     0    15     7   -0.00814812721379
  0     0    15    10   0.00506037065149
  0     0    15    15   -0.0101061597374
  0     1     0     1      3.92650187984
  0     1     0     7    -0.123321339445
  0     1     0    10   -0.0878926126727
  0     1     0    15    0.0511799850745
  0     1     1     0     -1.96002066586
  0     1     1     2   -0.0397001600348
  0     1     1    11    0.0445793066968
  0     1     1    14   0.00276974051313
  0     1     2     1    0.0795937087618
  0     1     2     7   -0.00401129461736
  0     1     2    10   -0.00465925639709
  0     1     2    15   0.00220545571583
  0     1     3     6   0.00229809820404
  0     1     3    13   0.00339479032977
  0     1     4     5   0.00151596464198
  0     1     4    12   0.00288502344514
  0     1     5     4   -0.00313296757694
  0     1     5     9    0.0143227621726
  0     1     6     3   -0.00398863613615
  0     1     6     8    0.0161658898348
  0     1     7     0    0.0617208387565
  0     1     7     2   0.00552500855124
  0     1     7    11   0.00748980948952
  0     1     7    14   -0.0250336213728
  0     1     8     6   0.00704727655936
  0     1     8    13    0.0115427567687
  0     1     9     5    0.0062703943953
  0     1     9    12    0.0116931270758
  0     1    10     0    0.0436526345115
  0     1    10     2   -0.00301202124572
  0     1    10    11    -0.016750246248
  0     1    10    14   -0.00794657690638
  0     1    11     1   -0.0908867151004
  0     1    11     7    0.0083419889595
  0     1    11    10    -0.019691738883
  0     1    11    15    0.0166575277314
  0     1    12     4    0.0044438548951
  0     1    12     9    0.0102819595988
  0     1    13     3   0.00553597443271
  0     1    13     8    0.0103609057173
  0     1    14     1   -0.00837342625068
  0     1    14     7   -0.0103930503819
  0     1    14    10   -0.0043293825141
  0     1    14    15   -0.00810225481232
  0     1    15     0   -0.0249054484367
  0     1    15     2   -0.000291963920173
  0     1    15    11     0.017583897387
  0     1    15    14   -0.00516730215024
  0     2     0     0    0.0394315431789
  0     2     0     2      3.01706365157
  0     2     0    11   -0.0668301334919
  0     2     0    14     0.120714510997
  0     2     1     1   -0.00141046767255
  0     2     1     7    0.0018497383749
  0     2     1    10   -0.000708541537594
  0     2     1    15   0.00110565695519
  0     2     2     0     -1.50417900436
  0     2     2     2    0.0219834656066
  0     2     2    11    0.0327339979098
  0     2     2    14   0.00198355662915
  0     2     3     3   0.000984669351992
  0     2     3     8   -0.00344038450012
  0     2     4     4   0.00257314848716
  0     2     4     9   -0.00240372888322
  0     2     5     5   -0.00337034083137
  0     2     5    12   0.00165316512744
  0     2     6     6   -0.00112636083253
  0     2     6    13   0.000677894707175
  0     2     7     1   -0.00123103674284
  0     2     7     7    0.0441434731551
  0     2     7    10   -0.00522328635627
  0     2     7    15    0.0273493409882
  0     2     8     3   0.000214915559755
  0     2     8     8   -0.000509699347078
  0     2     9     4   0.000352480346052
  0     2     9     9   -0.000233334726876
  0     2    10     1    -0.001382771951
  0     2    10     7   -0.0166638872015
  0     2    10    10   -0.0152089509192
  0     2    10    15   -0.00703144529199
  0     2    11     0    0.0316248798869
  0     2    11     2   -0.0656752958408
  0     2    11    11   -0.00697676033477
  0     2    11    14   -0.0425429695271
  0     2    12     5   -0.00233012633156
  0     2    12    12   -0.000351641000987
  0     2    13     6   -0.000752486061841
  0     2    13    13   -0.000318969280146
  0     2    14     0   -0.0608033297676
  0     2    14     2   -0.00645904489121
  0     2    14    11   0.00432495268431
  0     2    14    14   0.00571798134105
  0     2    15     1   0.000876565584949
  0     2    15     7    0.0200811769501
  0     2    15    10    0.0191090619068
  0     2    15    15   0.00506463739921
  0     3     0     3      2.35202418105
  0     3     0     8     0.146699362463
  0     3     1     6   -0.000153060161113
  0     3     1    13   0.000347252076055
  0     3     2     3    0.0455029219045
  0     3     2     8   0.00128163473912
  0     3     3     0     -1.17285800954
  0     3     3     2   -0.0345274901123
  0     3     3    11    0.0276258551442
  0     3     3    14   0.000999838936005
  0     3     6     1   0.00143324336214
  0     3     6     7   -0.0569213618305
  0     3     6    10    0.0253529978802
  0     3     6    15   -0.0169096629432
  0     3     7     6   -0.000881059221109
  0     3     7    13   -0.00939956424181
  0     3     8     0   -0.0735856922163
  0     3     8     2   -0.00195256985102
  0     3     8    11   0.00310985722076
  0     3     8    14   -0.000659081837121
  0     3    10     6   0.00523173085096
  0     3    10    13    0.0163395652224
  0     3    11     3   -0.0522714566873
  0     3    11     8   -0.0366810727743
  0     3    13     1   0.000281256838925
  0     3    13     7   -0.00421255983165
  0     3    13    10   0.00160486529139
  0     3    13    15   0.000701799955421
  0     3    14     3   -0.00355504785143
  0     3    14     8   0.00668157415776
  0     3    15     6   -0.00445826916242
  0     3    15    13   -0.0187106176406
  0     4     0     4      2.35165417031
  0     4     0     9     0.147784652365
  0     4     1     5   -0.00020803751917
  0     4     1    12   0.000436816883207
  0     4     2     4    0.0456770522228
  0     4     2     9   0.00130128049978
  0     4     4     0     -1.17266815622
  0     4     4     2    -0.034560755653
  0     4     4    11    0.0274049088428
  0     4     4    14   0.00103729737267
  0     4     5     1     0.001529907669
  0     4     5     7   -0.0565817660415
  0     4     5    10    0.0252679094664
  0     4     5    15   -0.0168358726969
  0     4     7     5   -0.000914330437657
  0     4     7    12   -0.00933191212358
  0     4     9     0     -0.07413610352
  0     4     9     2   -0.00192669312884
  0     4     9    11   0.00318204193638
  0     4     9    14   -0.000359763557157
  0     4    10     5   0.00508471150144
  0     4    10    12    0.0164033466953
  0     4    11     4   -0.0519343032914
  0     4    11     9   -0.0366605356973
  0     4    12     1   0.000227469377387
  0     4    12     7   -0.00411283692964
  0     4    12    10   0.00162738887295
  0     4    12    15   0.000596786460656
  0     4    14     4   -0.00364562765193
  0     4    14     9   0.00721826887352
  0     4    15     5   -0.00453630877033
  0     4    15    12   -0.0187959257346
  0     5     0     5      1.57925121744
  0     5     0    12     0.123448403197
  0     5     1     4   -0.00113909599751
  0     5     1     9   0.00159172431274
  0     5     2     5    0.0342095943662
  0     5     2    12   0.00384613255561
  0     5     4     1   0.00204575600472
  0     5     4     7    -0.053194350475
  0     5     4    10    0.0270081057414
  0     5     4    15    -0.020791765479
  0     5     5     0    -0.787197431757
  0     5     5     2   -0.0269173879284
  0     5     5    11    0.0178493136042
  0     5     5    14   0.00179757943222
  0     5     7     4   0.00238162971262
  0     5     7     9   -0.00515092039403
  0     5     9     1   -6.92292441557e-05
  0     5     9     7   -0.00282537564828
  0     5     9    10   0.00118372019082
  0     5     9    15   -0.000262149074266
  0     5    10     4   -0.00576796344542
  0     5    10     9    0.0134550705734
  0     5    11     5   -0.0351821870727
  0     5    11    12   -0.0234088707526
  0     5    12     0   -0.0619805921179
  0     5    12     2   -0.00206482122418
  0     5    12    11   0.00355355567932
  0     5    12    14   -0.00141780233319
  0     5    14     5   -0.00504943038081
  0     5    14    12   0.00447318508342
  0     5    15     4   0.00558836650992
  0     5    15     9   -0.0141175696472
  0     6     0     6      1.57948244874
  0     6     0    13     0.123195601047
  0     6     1     3   -0.00113645535318
  0     6     1     8   0.00170540314852
  0     6     2     6    0.0344489883363
  0     6     2    13   0.00394962759998
  0     6     3     1   0.00205494899934
  0     6     3     7   -0.0530889670626
  0     6     3    10    0.0268583077004
  0     6     3    15   -0.0206986502859
  0     6     6     0    -0.787278441843
  0     6     6     2   -0.0270740931371
  0     6     6    11    0.0176567090875
  0     6     6    14   0.00183628507857
  0     6     7     3   0.00230017862244
  0     6     7     8   -0.00495176073688
  0     6     8     1   -0.000103723784456
  0     6     8     7   -0.00288637072481
  0     6     8    10   0.00142297507526
  0     6     8    15    -0.000235471166
  0     6    10     3   -0.00571489610557
  0     6    10     8    0.0122799002307
  0     6    11     6   -0.0347699025045
  0     6    11    13   -0.0247963222652
  0     6    13     0   -0.0618617615637
  0     6    13     2   -0.00214575999307
  0     6    13    11   0.00376417823042
  0     6    13    14   -0.00143046438948
  0     6    14     6   -0.00509046270214
  0     6    14    13   0.00425807129838
  0     6    15     3   0.00551531209968
  0     6    15     8   -0.0139796220496
  0     7     0     1    -0.123321339445
  0     7     0     7     0.931257796869
  0     7     0    10     0.103796198241
  0     7     0    15    0.0219715206201
  0     7     1     0    0.0617208387565
  0     7     1     2   0.00172019553686
  0     7     1    11   -0.000527010041228
  0     7     1    14   -0.0031243407665
  0     7     2     1   -0.00457389141411
  0     7     2     7    0.0630182687936
  0     7     2    10    -0.018655629177
  0     7     2    15    0.0272048265508
  0     7     3     6   0.000244498793136
  0     7     3    13   -0.000941973875373
  0     7     4     5   0.00132631341685
  0     7     4    12   -0.000822724216701
  0     7     5     4   -0.0010383435428
  0     7     5     9   -0.00108461194681
  0     7     6     3   -0.000185456695053
  0     7     6     8   -0.000750090028125
  0     7     7     0    -0.466267269787
  0     7     7     2   -0.0218553225583
  0     7     7    11    0.0109245863591
  0     7     7    14   0.00492034583567
  0     7     8     6   0.000110180482809
  0     7     8    13   -0.000819938002365
  0     7     9     5   0.000171831967988
  0     7     9    12   -0.000737479572848
  0     7    10     0   -0.0521683880526
  0     7    10     2    0.0102236880918
  0     7    10    11   0.00297384335231
  0     7    10    14   -0.00889053972485
  0     7    11     1   0.00184285409402
  0     7    11     7   -0.0230802779407
  0     7    11    10    -0.011466828788
  0     7    11    15   -0.00815753226439
  0     7    12     4   -0.000917338459123
  0     7    12     9   -0.000524436068374
  0     7    13     3   -0.00037790919505
  0     7    13     8   -0.000613560143092
  0     7    14     1   0.000886276188415
  0     7    14     7   -0.00149745416746
  0     7    14    10   0.00195994710297
  0     7    14    15   0.00150626218587
  0     7    15     0   -0.0110985699804
  0     7    15     2   -0.0125280139889
  0     7    15    11   0.00108304063043
  0     7    15    14   0.00917557554786
  0     8     0     3     0.146699362463
  0     8     0     8     0.021211652728
  0     8     1     6   0.00105586389184
  0     8     1    13    0.0013507977257
  0     8     2     3   0.00248488640502
  0     8     2     8   0.000203097650645
  0     8     3     0   -0.0735856922163
  0     8     3     2   -0.00149327784281
  0     8     3    11   -0.000174578345824
  0     8     3    14   0.000393307100541
  0     8     6     1   4.70616038421e-05
  0     8     6     7   -0.00462215994851
  0     8     6    10    0.0023105380521
  0     8     6    15   -0.00207790534731
  0     8     7     6    0.0013905987914
  0     8     7    13   -0.000538530645097
  0     8     8     0    -0.011199446745
  0     8     8     2   -0.000224375472445
  0     8     8    11   0.000201787456053
  0     8     8    14    -4.98646925e-05
  0     8    10     6   -0.00130462004922
  0     8    10    13   0.000742057003611
  0     8    11     3   0.000227011871719
  0     8    11     8   -0.00209601569398
  0     8    13     1   -0.000225965914521
  0     8    13     7   -0.000550533859116
  0     8    13    10   0.000294018236745
  0     8    13    15   -0.000110374581296
  0     8    14     3   -0.000942776400431
  0     8    14     8   0.000376707964228
  0     8    15     6   0.00155735512068
  0     8    15    13   -0.000959371336552
  0     9     0     4     0.147784652365
  0     9     0     9    0.0213282907004
  0     9     1     5   0.00108700646833
  0     9     1    12   0.00135414780824
  0     9     2     4   0.00252245683087
  0     9     2     9   0.00021304047141
  0     9     4     0     -0.07413610352
  0     9     4     2   -0.0015125271205
  0     9     4    11   -0.000158929961629
  0     9     4    14   0.000405496262722
  0     9     5     1   2.84479503991e-05
  0     9     5     7   -0.00460920528435
  0     9     5    10   0.00230071061342
  0     9     5    15   -0.00206236303735
  0     9     7     5   0.00137976420083
  0     9     7    12   -0.000538268303057
  0     9     9     0   -0.0112543430378
  0     9     9     2   -0.000227676269697
  0     9     9    11   0.000215933303985
  0     9     9    14   -3.07257072586e-05
  0     9    10     5   -0.00119738208719
  0     9    10    12   0.000751086618535
  0     9    11     4   0.000207005955299
  0     9    11     9   -0.00210788929387
  0     9    12     1   -0.00023412973027
  0     9    12     7   -0.000545130170999
  0     9    12    10   0.000302669549049
  0     9    12    15   -0.00011771184515
  0     9    14     4   -0.000946124734299
  0     9    14     9   0.000404250937107
  0     9    15     5   0.00154449998571
  0     9    15    12   -0.000971850952274
  0    10     0     1   -0.0878926126727
  0    10     0     7     0.103796198241
  0    10     0    10    0.0236490980287
  0    10     0    15   -0.00162443632573
  0    10     1     0    0.0436526345115
  0    10     1     2   0.000506839329748
  0    10     1    11   -0.00389074592235
  0    10     1    14   -0.000803204176771
  0    10     2     1   -0.00272590824798
  0    10     2     7   0.00632871609159
  0    10     2    10   -0.00302195073313
  0    10     2    15   0.00368489652678
  0    10     3     6   0.000436770314226
  0    10     3    13   0.000226869385646
  0    10     4     5   0.000599690947819
  0    10     4    12   0.000357497871427
  0    10     5     4   -1.59515102181e-05
  0    10     5     9   -0.000201980634083
  0    10     6     3   0.000171603856617
  0    10     6     8   -0.000132092453993
  0    10     7     0   -0.0521683880526
  0    10     7     2   -0.00349784821438
  0    10     7    11   0.000884114917657
  0    10     7    14   0.00107618910826
  0    10     8     6   -0.000282431944508
  0    10     8    13    -0.000308682515
  0    10     9     5   -0.000209418885159
  0    10     9    12   -0.000306413706545
  0    10    10     0   -0.0113525956145
  0    10    10     2   0.00275183285012
  0    10    10    11   0.00081670947448
  0    10    10    14   -0.000661623405207
  0    10    11     1   0.00572745564899
  0    10    11     7   -0.00201200312999
  0    10    11    10   -0.000844606831333
  0    10    11    15   -0.00110883955069
  0    10    12     4   -0.000416747050235
  0    10    12     9   -0.000233839231555
  0    10    13     3   -0.000350734787197
  0    10    13     8   -0.000242349516838
  0    10    14     1   -0.000377292312816
  0    10    14     7   0.000163709095619
  0    10    14    10   0.000165270294843
  0    10    14    15   0.000442408615192
  0    10    15     0   -0.000172827857428
  0    10    15     2   -0.00316736673299
  0    10    15    11   -0.000309832099978
  0    10    15    14   0.000976271291795
  0    11     0     0   -0.0455934079339
  0    11     0     2   -0.0668301334919
  0    11     0    11    0.0223805511223
  0    11     0    14   -0.00442630777353
  0    11     1     1   -0.000634316190454
  0    11     1     7   0.00523188332819
  0    11     1    10   -0.00429138391478
  0    11     1    15   0.00420113305252
  0    11     2     0    0.0316248798869
  0    11     2     2   -0.00132421008905
  0    11     2    11   -0.00107951171053
  0    11     2    14   -0.00128380774739
  0    11     3     3   -0.000504544417486
  0    11     3     8   -0.000767043065232
  0    11     4     4   -0.000527237677391
  0    11     4     9   -0.000676215772637
  0    11     5     5   -0.000188633221738
  0    11     5    12   -0.000300739899385
  0    11     6     6   -0.000317422838557
  0    11     6    13   -0.000339186444126
  0    11     7     1   -0.00285496428759
  0    11     7     7   -0.00110084505882
  0    11     7    10   0.000319435009941
  0    11     7    15   -0.000868625753421
  0    11     8     3   0.000392170425965
  0    11     8     8   0.000119638248593
  0    11     9     4   0.00035079452547
  0    11     9     9   3.15730799874e-05
  0    11    10     1   0.00362268248596
  0    11    10     7   0.00048838806951
  0    11    10    10   0.000651599600937
  0    11    10    15   -4.14109812475e-05
  0    11    11     0   -0.00641236368371
  0    11    11     2   0.00272423081928
  0    11    11    11   0.000677571453178
  0    11    11    14   0.000898276747158
  0    11    12     5   0.000589716920729
  0    11    12    12   0.000136465293559
  0    11    13     6   0.000595991444242
  0    11    13    13   4.60491358919e-05
  0    11    14     0   0.00166062275322
  0    11    14     2   9.03365746301e-05
  0    11    14    11   -0.000306679666612
  0    11    14    14   5.17305933429e-05
  0    11    15     1   -0.00397385933444
  0    11    15     7   0.000107352346238
  0    11    15    10   -0.000547631197086
  0    11    15    15   0.000154724542189
  0    12     0     5     0.123448403197
  0    12     0    12    0.0177233695028
  0    12     1     4   0.000737469182869
  0    12     1     9   0.00129455278037
  0    12     2     5   0.00214498870004
  0    12     2    12   0.000371739821752
  0    12     4     1   0.000289960200257
  0    12     4     7   -0.00491262744895
  0    12     4    10   0.00289731586546
  0    12     4    15   -0.00269947783209
  0    12     5     0   -0.0619805921179
  0    12     5     2   -0.00146892793766
  0    12     5    11   0.000353486692928
  0    12     5    14   0.000351880178314
  0    12     7     4   0.00173232190128
  0    12     7     9   -0.000465471477729
  0    12     9     1   -8.46868387887e-05
  0    12     9     7   -0.000493425364752
  0    12     9    10   0.000286550602019
  0    12     9    15   -0.000178815175058
  0    12    10     4   -0.00220847361984
  0    12    10     9   0.000742043232702
  0    12    11     5   -0.000593308355522
  0    12    11    12   -0.0016342290775
  0    12    12     0   -0.00925589862182
  0    12    12     2   -0.000293846846972
  0    12    12    11   0.000259369692486
  0    12    12    14   -9.7607717513e-05
  0    12    14     5   -0.000832624878641
  0    12    14    12   0.000306206293505
  0    12    15     4   0.00242079782672
  0    12    15     9   -0.000870348541556
  0    13     0     6     0.123195601047
  0    13     0    13     0.017649763242
  0    13     1     3   0.000806641699443
  0    13     1     8   0.00133382190808
  0    13     2     6   0.00217670453865
  0    13     2    13    0.0003573756875
  0    13     3     1   0.000239237078976
  0    13     3     7   -0.00490168274173
  0    13     3    10   0.00286055558232
  0    13     3    15   -0.00266410321921
  0    13     6     0   -0.0618617615637
  0    13     6     2   -0.00151567271711
  0    13     6    11   0.000359160979321
  0    13     6    14   0.000374578545014
  0    13     7     3   0.00165841349562
  0    13     7     8   -0.000456992683067
  0    13     8     1   -0.000110948604185
  0    13     8     7   -0.000482334969234
  0    13     8    10   0.000290839731873
  0    13     8    15   -0.000173369021864
  0    13    10     3   -0.00213824233344
  0    13    10     8   0.000672284622027
  0    13    11     6   -0.000610703325954
  0    13    11    13   -0.00172658981907
  0    13    13     0   -0.00922846996492
  0    13    13     2   -0.000289072884443
  0    13    13    11   0.000277057307329
  0    13    13    14   -9.82704351303e-05
  0    13    14     6   -0.000856520316967
  0    13    14    13   0.000290439432207
  0    13    15     3   0.00238432204179
  0    13    15     8   -0.000866320243235
  0    14     0     0   -0.00366689257523
  0    14     0     2     0.120714510997
  0    14     0    11   -0.00442630777353
  0    14     0    14     0.016033148217
  0    14     1     1   0.000373316742917
  0    14     1     7   -0.0025810254728
  0    14     1    10   -0.000348526793639
  0    14     1    15   -0.00110870401232
  0    14     2     0   -0.0608033297676
  0    14     2     2   0.000984706495723
  0    14     2    11   -0.00120539363074
  0    14     2    14   0.000923817087915
  0    14     3     3   9.88942059485e-05
  0    14     3     8   0.000108641639288
  0    14     4     4   0.000176055814387
  0    14     4     9   0.000120678490116
  0    14     5     5   -0.000114406489477
  0    14     5    12   0.000155813790399
  0    14     6     6   -1.33918416162e-05
  0    14     6    13   0.000120872995473
  0    14     7     1   0.000867790768915
  0    14     7     7   0.00196054263255
  0    14     7    10   -0.000759216855637
  0    14     7    15   0.00173178765135
  0    14     8     3   -2.38225053261e-05
  0    14     8     8   3.22630799858e-06
  0    14     9     4   -2.01242640902e-05
  0    14     9     9   1.25527753792e-05
  0    14    10     1   -0.000407656185537
  0    14    10     7   0.000558411883512
  0    14    10    10   -0.000556017276624
  0    14    10    15   -0.000104261872447
  0    14    11     0   0.00166062275322
  0    14    11     2   0.00161965579395
  0    14    11    11   -0.000244389904036
  0    14    11    14   -0.00159871780151
  0    14    12     5   -0.00018880422296
  0    14    12    12   1.52008712644e-06
  0    14    13     6   -0.000138411956964
  0    14    13    13   -4.86299195998e-06
  0    14    14     0   -0.00850636227392
  0    14    14     2   -0.00128359688136
  0    14    14    11   0.000211878758521
  0    14    14    14   0.000249051611843
  0    14    15     1   0.000837082437854
  0    14    15     7   -0.000301017171884
  0    14    15    10   0.000565901445059
  0    14    15    15   0.000249980174178
  0    15     0     1    0.0511799850745
  0    15     0     7    0.0219715206201
  0    15     0    10   -0.00162443632573
  0    15     0    15    0.0068930862563
  0    15     1     0   -0.0249054484367
  0    15     1     2   -0.00122487848583
  0    15     1    11   0.00313330457034
  0    15     1    14   -0.000964352570407
  0    15     2     1   0.00127233822681
  0    15     2     7   0.00219434287161
  0    15     2    10   -0.000310134858821
  0    15     2    15    0.0011787903146
  0    15     3     6   -0.000276387978566
  0    15     3    13   -0.000183292348492
  0    15     4     5   -0.000273574256053
  0    15     4    12   -0.000308673082765
  0    15     5     4   -0.000210001712115
  0    15     5     9   4.00570542425e-05
  0    15     6     3   -0.000238221632847
  0    15     6     8   3.87758399886e-05
  0    15     7     0   -0.0110985699804
  0    15     7     2   -0.000753549058004
  0    15     7    11   2.40574519677e-05
  0    15     7    14   4.62253732013e-05
  0    15     8     6   0.000156444129869
  0    15     8    13   0.000141420687095
  0    15     9     5   0.000145969518008
  0    15     9    12   0.000140696699719
  0    15    10     0   -0.000172827857428
  0    15    10     2   0.000505037748975
  0    15    10    11   -0.000342908144766
  0    15    10    14   -0.000179762462994
  0    15    11     1   -0.00451440762119
  0    15    11     7   0.000320557288787
  0    15    11    10   -0.000382448660799
  0    15    11    15   1.88749504632e-06
  0    15    12     4   0.000126505887232
  0    15    12     9   0.000116732858505
  0    15    13     3   0.000133299240164
  0    15    13     8   0.00011628156797
  0    15    14     1   0.000622243855948
  0    15    14     7   -0.000420137069667
  0    15    14    10   -8.55453765613e-05
  0    15    14    15   -4.00265104436e-05
  0    15    15     0   -0.00255456304653
  0    15    15     2   -0.000941275258584
  0    15    15    11   0.00039913480656
  0    15    15    14   7.70677554712e-05
  1     0     0     1     -1.96002066586
  1     0     0     7    0.0617208387565
  1     0     0    10    0.0436526345115
  1     0     0    15   -0.0249054484367
  1     0     1     0      3.92650187984
  1     0     1     2    0.0795937087618
  1     0     1    11   -0.0908867151004
  1     0     1    14   -0.00837342625068
  1     0     2     1   -0.0397001600348
  1     0     2     7   0.00552500855124
  1     0     2    10   -0.00301202124572
  1     0     2    15   -0.000291963920173
  1     0     3     6   -0.00398863613615
  1     0     3    13   0.00553597443271
  1     0     4     5   -0.00313296757694
  1     0     4    12    0.0044438548951
  1     0     5     4   0.00151596464198
  1     0     5     9    0.0062703943953
  1     0     6     3   0.00229809820404
  1     0     6     8   0.00704727655936
  1     0     7     0    -0.123321339445
  1     0     7     2   -0.00401129461736
  1     0     7    11    0.0083419889595
  1     0     7    14   -0.0103930503819
  1     0     8     6    0.0161658898348
  1     0     8    13    0.0103609057173
  1     0     9     5    0.0143227621726
  1     0     9    12    0.0102819595988
  1     0    10     0   -0.0878926126727
  1     0    10     2   -0.00465925639709
  1     0    10    11    -0.019691738883
  1     0    10    14   -0.0043293825141
  1     0    11     1    0.0445793066968
  1     0    11     7   0.00748980948952
  1     0    11    10    -0.016750246248
  1     0    11    15     0.017583897387
  1     0    12     4   0.00288502344514
  1     0    12     9    0.0116931270758
  1     0    13     3   0.00339479032977
  1     0    13     8    0.0115427567687
  1     0    14     1   0.00276974051313
  1     0    14     7   -0.0250336213728
  1     0    14    10   -0.00794657690638
  1     0    14    15   -0.00516730215024
  1     0    15     0    0.0511799850745
  1     0    15     2   0.00220545571583
  1     0    15    11    0.0166575277314
  1     0    15    14   -0.00810225481232
  1     1     0     0     0.002094318182
  1     1     0     2   -0.00141046767255
  1     1     0    11   -0.000634316190454
  1     1     0    14   0.000373316742917
  1     1     1     1      1.96089674205
  1     1     1     7   -0.0640144922737
  1     1     1    10   -0.0446711807444
  1     1     1    15    0.0253921428355
  1     1     2     0   -0.00141046767255
  1     1     2     2    0.0213610277505
  1     1     2    11   -0.00340787763964
  1     1     2    14   -0.00329126173368
  1     1     3     3    0.0162003200664
  1     1     3     8   -0.0078971840085
  1     1     4     4    0.0130414774467
  1     1     4     9   -0.00780032600675
  1     1     5     5   -0.0152000605877
  1     1     5    12   -0.00665093387036
  1     1     6     6   -0.0192608032529
  1     1     6    13   -0.00674373100821
  1     1     7     1   -0.0640144922737
  1     1     7     7   -0.0448482948299
  1     1     7    10   -0.00725171505155
  1     1     7    15   -0.00742026905699
  1     1     8     3   -0.0078971840085
  1     1     8     8   -0.00755134769363
  1     1     9     4   -0.00780032600675
  1     1     9     9   -0.00585776026435
  1     1    10     1   -0.0446711807444
  1     1    10     7   -0.00725171505155
  1     1    10    10   -0.0157993279176
  1     1    10    15   0.00690824430627
  1     1    11     0   -0.000634316190454
  1     1    11     2   -0.00340787763964
  1     1    11    11   -0.0295364832779
  1     1    11    14   0.00226331233669
  1     1    12     5   -0.00665093387036
  1     1    12    12   -0.00325545543729
  1     1    13     6   -0.00674373100821
  1     1    13    13   -0.00293236031231
  1     1    14     0   0.000373316742917
  1     1    14     2   -0.00329126173368
  1     1    14    11   0.00226331233669
  1     1    14    14   -0.00940458942333
  1     1    15     1    0.0253921428355
  1     1    15     7   -0.00742026905699
  1     1    15    10   0.00690824430627
  1     1    15    15   -0.0106001973556
  1     2     0     1   -0.0397001600348
  1     2     0     7   0.00172019553686
  1     2     0    10   0.000506839329748
  1     2     0    15   -0.00122487848583
  1     2     1     0    0.0795937087618
  1     2     1     2      3.00847109593
  1     2     1    11    -0.068885821044
  1     2     1    14     0.120551177484
  1     2     2     1     -1.50151378592
  1     2     2     7     0.047868739488
  1     2     2    10    0.0304526413818
  1     2     2    15   -0.0135699068982
  1     2     3     6   0.000169369983191
  1     2     3    13   -0.00122556009105
  1     2     4     5   0.000540804493729
  1     2     4    12   -0.00154020541412
  1     2     5     4   -0.000811845267393
  1     2     5     9   0.00511879210235
  1     2     6     3   -0.000377237589566
  1     2     6     8   0.00508859707773
  1     2     7     0   -0.00457389141411
  1     2     7     2    -0.115338448755
  1     2     7    11   -0.0214389079346
  1     2     7    14   -0.00138046504785
  1     2     8     6   0.00050382109322
  1     2     8    13    0.0010050510491
  1     2     9     5   0.000370091899967
  1     2     9    12   0.00142632324015
  1     2    10     0   -0.00272590824798
  1     2    10     2   -0.0620496001884
  1     2    10    11   -0.00675176060126
  1     2    10    14   -0.0318430297719
  1     2    11     1    0.0312483225095
  1     2    11     7   -0.0491455283547
  1     2    11    10   -0.0321837087141
  1     2    11    15   -0.0131396946872
  1     2    12     4   0.00141106003056
  1     2    12     9   0.00136287011419
  1     2    13     3   0.00141763600579
  1     2    13     8   0.000915320261287
  1     2    14     1   -0.0603464067953
  1     2    14     7    0.0105322221961
  1     2    14    10   0.00883091895782
  1     2    14    15   -0.00175274710356
  1     2    15     0   0.00127233822681
  1     2    15     2    0.0341479659486
  1     2    15    11   0.00533723007171
  1     2    15    14    0.0254925080549
  1     3     0     6   -0.00113645535318
  1     3     0    13   0.000806641699443
  1     3     1     3      2.34522288657
  1     3     1     8     0.146753643817
  1     3     2     6   0.00207828355706
  1     3     2    13   0.000774879383084
  1     3     3     1     -1.16887036835
  1     3     3     7    0.0447649125993
  1     3     3    10    0.0239116145018
  1     3     3    15   -0.0149427311398
  1     3     6     0   0.00205494899934
  1     3     6     2    0.0261523217949
  1     3     6    11    0.0456794230317
  1     3     6    14   -0.00683167753089
  1     3     7     3   -0.0738500159174
  1     3     7     8   -0.000269776750236
  1     3     8     1   -0.0737358003794
  1     3     8     7   0.00153896298428
  1     3     8    10   0.00461964171585
  1     3     8    15   -0.00417000543173
  1     3    10     3   -0.0475657682421
  1     3    10     8   -0.0272529915455
  1     3    11     6    0.0159838672671
  1     3    11    13    0.0315695810991
  1     3    13     0   0.000239237078976
  1     3    13     2   0.000670599105386
  1     3    13    11   0.00175250742072
  1     3    13    14   -0.00102494389332
  1     3    14     6   -0.00578156021747
  1     3    14    13   -0.00422228044542
  1     3    15     3    0.0260982641702
  1     3    15     8    0.0229466947718
  1     4     0     5   -0.00113909599751
  1     4     0    12   0.000737469182869
  1     4     1     4        2.345067882
  1     4     1     9     0.147734070713
  1     4     2     5   0.00191208993784
  1     4     2    12   0.000792178023895
  1     4     4     1     -1.16880490953
  1     4     4     7    0.0445419219966
  1     4     4    10    0.0240342037507
  1     4     4    15   -0.0150171067526
  1     4     5     0   0.00204575600472
  1     4     5     2    0.0264105639642
  1     4     5    11    0.0458178232346
  1     4     5    14   -0.00690370224827
  1     4     7     4   -0.0735229736929
  1     4     7     9   -0.000456568472014
  1     4     9     1   -0.0742309563701
  1     4     9     7   0.00159962286391
  1     4     9    10   0.00442969532576
  1     4     9    15   -0.00424955628606
  1     4    10     4   -0.0477101495652
  1     4    10     9   -0.0269561309673
  1     4    11     5    0.0156759050596
  1     4    11    12    0.0315110774512
  1     4    12     0   0.000289960200257
  1     4    12     2   0.000676456239976
  1     4    12    11   0.00175887895233
  1     4    12    14   -0.00119335411843
  1     4    14     5   -0.00573341418911
  1     4    14    12   -0.0044590889549
  1     4    15     4    0.0262209352715
  1     4    15     9    0.0239670846863
  1     5     0     4   -0.00020803751917
  1     5     0     9   0.00108700646833
  1     5     1     5      1.57438694005
  1     5     1    12     0.123058948631
  1     5     2     4   -0.00123736423388
  1     5     2     9   0.00216478493669
  1     5     4     0     0.001529907669
  1     5     4     2    0.0280660474855
  1     5     4    11    0.0567195484666
  1     5     4    14   -0.0119862258456
  1     5     5     1    -0.785511984703
  1     5     5     7    0.0310930998416
  1     5     5    10    0.0184740531205
  1     5     5    15    -0.013800475121
  1     5     7     5   -0.0511332981115
  1     5     7    12   0.00294998865511
  1     5     9     0   2.84479503991e-05
  1     5     9     2   0.000941927936889
  1     5     9    11   -0.000133284121862
  1     5     9    14   -0.000206756570824
  1     5    10     5   -0.0374943563009
  1     5    10    12    -0.017880549497
  1     5    11     4   -0.0157826875095
  1     5    11     9    0.0258287466378
  1     5    12     1   -0.0619056034011
  1     5    12     7   0.000344684351243
  1     5    12    10   0.00330226014637
  1     5    12    15   -0.00217247807376
  1     5    14     4   0.00505842600069
  1     5    14     9   -0.00413708287899
  1     5    15     5     0.022271395114
  1     5    15    12    0.0147346214305
  1     6     0     3   -0.000153060161113
  1     6     0     8   0.00105586389184
  1     6     1     6      1.57450676222
  1     6     1    13     0.122710755854
  1     6     2     3   -0.00131138435951
  1     6     2     8   0.00212249455762
  1     6     3     0   0.00143324336214
  1     6     3     2    0.0280934574755
  1     6     3    11    0.0568669938228
  1     6     3    14   -0.0120503909051
  1     6     6     1    -0.785625115185
  1     6     6     7     0.030756725121
  1     6     6    10    0.0185621168356
  1     6     6    15   -0.0138598684537
  1     6     7     6   -0.0507783343276
  1     6     7    13   0.00294981248027
  1     6     8     0   4.70616038421e-05
  1     6     8     2   0.00093445659109
  1     6     8    11   -0.000283520331164
  1     6     8    14   -0.000156987594917
  1     6    10     6   -0.0376524401574
  1     6    10    13   -0.0178616845624
  1     6    11     3    -0.016041221995
  1     6    11     8    0.0257940421367
  1     6    13     1   -0.0617410532892
  1     6    13     7   0.000365897598069
  1     6    13    10   0.00317524266443
  1     6    13    15   -0.00211714625164
  1     6    14     3   0.00509021850044
  1     6    14     8   -0.00390295283854
  1     6    15     6    0.0224560945973
  1     6    15    13    0.0147568826294
  1     7     0     0   -0.000624866357987
  1     7     0     2    0.0018497383749
  1     7     0    11   0.00523188332819
  1     7     0    14   -0.0025810254728
  1     7     1     1   -0.0640144922737
  1     7     1     7     0.927576822353
  1     7     1    10    0.0996849843597
  1     7     1    15    0.0245992421283
  1     7     2     0   -0.00123103674284
  1     7     2     2    -0.026078033504
  1     7     2    11   -0.0509760135455
  1     7     2    14   0.00790797586778
  1     7     3     3   -0.000695851971312
  1     7     3     8   0.000420015637224
  1     7     4     4   -0.000320946691915
  1     7     4     9   0.000229895608398
  1     7     5     5   0.000296746979963
  1     7     5    12   0.000734834922491
  1     7     6     6   0.000770047487349
  1     7     6    13   0.000747412966817
  1     7     7     1    -0.460740974364
  1     7     7     7   -0.0103043197632
  1     7     7    10    0.0147890825507
  1     7     7    15   -0.00380441331952
  1     7     8     3   -0.000263520766094
  1     7     8     8   0.000551343295433
  1     7     9     4   -0.000286473479231
  1     7     9     9   0.000351269393576
  1     7    10     1   -0.0485132216524
  1     7    10     7   -0.0244065712363
  1     7    10    10   -0.00512342267543
  1     7    10    15   -0.00663761553225
  1     7    11     0   -0.00285496428759
  1     7    11     2    0.0286748542766
  1     7    11    11   0.00124601381478
  1     7    11    14   -0.0170585306826
  1     7    12     5   0.00109311538857
  1     7    12    12   0.000220688533849
  1     7    13     6   0.00102155496155
  1     7    13    13   0.000245403065215
  1     7    14     0   0.000867790768915
  1     7    14     2   -0.00686337126767
  1     7    14    11   0.00112853796473
  1     7    14    14   0.00312047808156
  1     7    15     1   -0.0131371356771
  1     7    15     7    0.0154468426897
  1     7    15    10   0.00881356809733
  1     7    15    15   0.00282840793847
  1     8     0     6   0.00170540314852
  1     8     0    13   0.00133382190808
  1     8     1     3     0.146753643817
  1     8     1     8    0.0208794552236
  1     8     2     6   0.00191206206979
  1     8     2    13   0.000338737969303
  1     8     3     1   -0.0737358003794
  1     8     3     7    0.0044491241756
  1     8     3    10   0.000137255692488
  1     8     3    15   0.000438210573025
  1     8     6     0   -0.000103723784456
  1     8     6     2   0.000790042685905
  1     8     6    11   0.00475682544839
  1     8     6    14   -0.000811234305106
  1     8     7     3   -0.00573120264195
  1     8     7     8   -0.000275893694351
  1     8     8     1   -0.0109026639124
  1     8     8     7   0.000346684444525
  1     8     8    10   0.000267473830152
  1     8     8    15   -0.000268250430706
  1     8    10     3   -0.00057713665201
  1     8    10     8   -0.00156440794357
  1     8    11     6   -0.00259954674141
  1     8    11    13   0.00149848020345
  1     8    13     0   -0.000110948604185
  1     8    13     2   3.74233471677e-05
  1     8    13    11   0.000479989954623
  1     8    13    14   -8.60431516486e-05
  1     8    14     6   0.000338342593398
  1     8    14    13   -0.000247448360466
  1     8    15     3   -0.000648402411351
  1     8    15     8   0.00136929914983
  1     9     0     5   0.00159172431274
  1     9     0    12   0.00129455278037
  1     9     1     4     0.147734070713
  1     9     1     9    0.0209792434204
  1     9     2     5    0.0019149749433
  1     9     2    12   0.000335778736386
  1     9     4     1   -0.0742309563701
  1     9     4     7   0.00447706888016
  1     9     4    10   0.000105117265696
  1     9     4    15   0.00042943808884
  1     9     5     0   -6.92292441557e-05
  1     9     5     2   0.000835880931373
  1     9     5    11   0.00479701726324
  1     9     5    14   -0.00081344698106
  1     9     7     4   -0.00574351163332
  1     9     7     9   -0.000249955941165
  1     9     9     1   -0.0109753714078
  1     9     9     7   0.000337928369721
  1     9     9    10   0.000267165879448
  1     9     9    15   -0.000273818426367
  1     9    10     4   -0.000557126704412
  1     9    10     9   -0.00158423937947
  1     9    11     5   -0.00262441361849
  1     9    11    12   0.00149803245755
  1     9    12     0   -8.46868387887e-05
  1     9    12     2   3.82240590854e-05
  1     9    12    11   0.000491826279781
  1     9    12    14   -9.26756253553e-05
  1     9    14     5   0.000333926793994
  1     9    14    12   -0.000266346175577
  1     9    15     4   -0.000636131118987
  1     9    15     9   0.00143006731849
  1    10     0     0   -0.000727588545517
  1    10     0     2   -0.000708541537594
  1    10     0    11   -0.00429138391478
  1    10     0    14   -0.000348526793639
  1    10     1     1   -0.0446711807444
  1    10     1     7    0.0996849843597
  1    10     1    10    0.0224686944828
  1    10     1    15   -0.00136748201469
  1    10     2     0    -0.001382771951
  1    10     2     2   -0.00438116814957
  1    10     2    11   -0.00743991652163
  1    10     2    14   0.000346847212685
  1    10     3     3   -0.000864846104523
  1    10     3     8   -0.000361012495042
  1    10     4     4   -0.000686328594728
  1    10     4     9   -0.000329906062485
  1    10     5     5   9.76376213064e-05
  1    10     5    12   -7.93656140873e-05
  1    10     6     6   0.000243008657918
  1    10     6    13   -0.00011378968367
  1    10     7     1   -0.0485132216524
  1    10     7     7   0.000249475317632
  1    10     7    10   0.00104360376418
  1    10     7    15   -7.8089358882e-05
  1    10     8     3   0.000583188929701
  1    10     8     8   0.00020307513525
  1    10     9     4   0.000497160855235
  1    10     9     9   0.000120214582402
  1    10    10     1   -0.00834615610892
  1    10    10     7   -0.00163920812235
  1    10    10    10   -0.000233259411709
  1    10    10    15   -0.000803792123299
  1    10    11     0   0.00362268248596
  1    10    11     2   0.00660917065743
  1    10    11    11   0.000776690647673
  1    10    11    14   -0.00159706791119
  1    10    12     5   0.000340966190591
  1    10    12    12   8.16004516977e-05
  1    10    13     6   0.000349151500974
  1    10    13    13   6.51559680327e-05
  1    10    14     0   -0.000407656185537
  1    10    14     2   -0.00113534505598
  1    10    14    11   -9.92857218503e-05
  1    10    14    14   0.000440734521281
  1    10    15     1   -0.00176720872326
  1    10    15     7   0.00136228696155
  1    10    15    10   0.000777946593836
  1    10    15    15   0.000458922496623
  1    11     0     1    0.0445793066968
  1    11     0     7   -0.000527010041228
  1    11     0    10   -0.00389074592235
  1    11     0    15   0.00313330457034
  1    11     1     0   -0.0908867151004
  1    11     1     2    -0.068885821044
  1    11     1    11    0.0187940516395
  1    11     1    14   -0.00381602533942
  1    11     2     1    0.0312483225095
  1    11     2     7   -0.00425431680911
  1    11     2    10   -0.00225684430542
  1    11     2    15   0.000520769957662
  1    11     3     6   0.00185601908607
  1    11     3    13   0.000477921269865
  1    11     4     5   0.00146234156161
  1    11     4    12   0.000501477419906
  1    11     5     4   -0.000257494538716
  1    11     5     9   0.000419862369701
  1    11     6     3   -0.000474328938326
  1    11     6     8   0.000448445072715
  1    11     7     0   0.00184285409402
  1    11     7     2   0.00296477122449
  1    11     7    11   8.02157117185e-05
  1    11     7    14   -0.000168791813392
  1    11     8     6   -0.00092377748382
  1    11     8    13   -0.000265586627561
  1    11     9     5   -0.000861980009713
  1    11     9    12   -0.000231883490362
  1    11    10     0   0.00572745564899
  1    11    10     2   0.00271115792232
  1    11    10    11   0.000453936917703
  1    11    10    14   0.000898781012532
  1    11    11     1   -0.00585232872258
  1    11    11     7   0.000998852518137
  1    11    11    10   0.00142932581171
  1    11    11    15   -0.000239788683958
  1    11    12     4   -0.000332026432557
  1    11    12     9   -0.00031016120965
  1    11    13     3   -0.000353792668071
  1    11    13     8   -0.000275371703582
  1    11    14     1   0.00110165527584
  1    11    14     7   0.000744665532179
  1    11    14    10   -1.88567106067e-07
  1    11    14    15   0.000145804986095
  1    11    15     0   -0.00451440762119
  1    11    15     2   -0.00172030000523
  1    11    15    11   -0.000380917836466
  1    11    15    14   -0.000461526172532
  1    12     0     4   0.000436816883207
  1    12     0     9   0.00135414780824
  1    12     1     5     0.123058948631
  1    12     1    12    0.0176158656991
  1    12     2     4   0.00149698772071
  1    12     2     9   0.000462530951647
  1    12     4     0   0.000227469377387
  1    12     4     2   0.00117172826242
  1    12     4    11   0.00635711778531
  1    12     4    14   -0.00136698858676
  1    12     5     1   -0.0619056034011
  1    12     5     7    0.0033523596057
  1    12     5    10   0.000686115934676
  1    12     5    15   -0.000320305464085
  1    12     7     5   -0.00439533304438
  1    12     7    12   2.24086052865e-05
  1    12     9     0   -0.00023412973027
  1    12     9     2   0.000166684291067
  1    12     9    11   0.000394227107526
  1    12     9    14   -4.17878127901e-05
  1    12    10     5   -0.00145434012899
  1    12    10    12   -0.0012749765819
  1    12    11     4   -0.00503847881442
  1    12    11     9   0.00148030098032
  1    12    12     1   -0.00927779342082
  1    12    12     7   0.000241669873787
  1    12    12    10   0.000236543460528
  1    12    12    15   -0.000172991092127
  1    12    14     4   0.00114821209295
  1    12    14     9   -0.000266920337986
  1    12    15     5   0.000474117410151
  1    12    15    12    0.0010945826196
  1    13     0     3   0.000347252076055
  1    13     0     8    0.0013507977257
  1    13     1     6     0.122710755854
  1    13     1    13    0.0174881568747
  1    13     2     3   0.00149951908698
  1    13     2     8   0.000501807393186
  1    13     3     0   0.000281256838925
  1    13     3     2   0.00117948811856
  1    13     3    11   0.00631836696467
  1    13     3    14   -0.00138278748981
  1    13     6     1   -0.0617410532892
  1    13     6     7   0.00333185167007
  1    13     6    10   0.000643398395901
  1    13     6    15   -0.000286327327221
  1    13     7     6   -0.00431703231167
  1    13     7    13   9.26681507785e-06
  1    13     8     0   -0.000225965914521
  1    13     8     2   0.000135970146024
  1    13     8    11   0.000327424117336
  1    13     8    14   -3.8433745189e-05
  1    13    10     6   -0.00140484178649
  1    13    10    13   -0.0012642813892
  1    13    11     3   -0.0049875779177
  1    13    11     8   0.00152386309769
  1    13    13     1   -0.0092214521914
  1    13    13     7   0.000244075817604
  1    13    13    10   0.00022519120947
  1    13    13    15   -0.000165177393197
  1    13    14     3   0.00116404036229
  1    13    14     8   -0.000254569174771
  1    13    15     6   0.000421973356797
  1    13    15    13   0.00108804729561
  1    14     0     1   0.00276974051313
  1    14     0     7   -0.0031243407665
  1    14     0    10   -0.000803204176771
  1    14     0    15   -0.000964352570407
  1    14     1     0   -0.00837342625068
  1    14     1     2     0.120551177484
  1    14     1    11   -0.00381602533942
  1    14     1    14    0.0158779434393
  1    14     2     1   -0.0603464067953
  1    14     2     7    0.0029390578868
  1    14     2    10   -0.000518423661475
  1    14     2    15   0.00114365251923
  1    14     3     6   -0.000487009368808
  1    14     3    13   -0.000204379704746
  1    14     4     5   -0.000420623495856
  1    14     4    12   -0.000224821162715
  1    14     5     4   0.000200916175806
  1    14     5     9   9.08902376907e-05
  1    14     6     3   0.000230152065205
  1    14     6     8   5.58636524295e-05
  1    14     7     0   0.000886276188415
  1    14     7     2   -0.00571622563847
  1    14     7    11   -0.00204724881371
  1    14     7    14   -4.89831778236e-05
  1    14     8     6   0.000121905963486
  1    14     8    13   4.94050878364e-06
  1    14     9     5   0.000117942948407
  1    14     9    12   1.89226944089e-05
  1    14    10     0   -0.000377292312816
  1    14    10     2   0.000408534437545
  1    14    10    11   -0.000464953192489
  1    14    10    14   -0.00118667398412
  1    14    11     1   0.00110165527584
  1    14    11     7   0.000204749214684
  1    14    11    10   -0.000963882971572
  1    14    11    15   -0.000542765548738
  1    14    12     4   0.000106963917826
  1    14    12     9   3.18282625024e-05
  1    14    13     3   8.17894912813e-05
  1    14    13     8   1.31457851186e-06
  1    14    14     1   -0.00807163542076
  1    14    14     7   0.000282339871738
  1    14    14    10   0.000370161141053
  1    14    14    15   -3.81492683331e-05
  1    14    15     0   0.000622243855948
  1    14    15     2   -0.00140892292732
  1    14    15    11   0.000115743305789
  1    14    15    14   0.000997302530834
  1    15     0     0   7.91576594479e-05
  1    15     0     2   0.00110565695519
  1    15     0    11   0.00420113305252
  1    15     0    14   -0.00110870401232
  1    15     1     1    0.0253921428355
  1    15     1     7    0.0245992421283
  1    15     1    10   -0.00136748201469
  1    15     1    15   0.00721324067482
  1    15     2     0   0.000876565584949
  1    15     2     2   0.000183513969431
  1    15     2    11   -0.00148215482547
  1    15     2    14   0.000877425852275
  1    15     3     3   0.000651108541964
  1    15     3     8   0.000194882284209
  1    15     4     4   0.000517091975752
  1    15     4     9   0.000188297076233
  1    15     5     5   4.02521585281e-05
  1    15     5    12   0.000107242874218
  1    15     6     6   -4.57099623427e-05
  1    15     6    13   0.000132565570351
  1    15     7     1   -0.0131371356771
  1    15     7     7   -0.000705424243224
  1    15     7    10   0.000252075969001
  1    15     7    15   -0.000138705121279
  1    15     8     3   -0.000302407927886
  1    15     8     8   -9.22326516398e-05
  1    15     9     4   -0.00028817647621
  1    15     9     9   -4.91386787131e-05
  1    15    10     1   -0.00176720872326
  1    15    10     7   -0.000248616385702
  1    15    10    10   -0.000306271305483
  1    15    10    15   -7.56364086963e-05
  1    15    11     0   -0.00397385933444
  1    15    11     2   0.00139720592636
  1    15    11    11   -0.000481064434089
  1    15    11    14   -0.000281094362997
  1    15    12     5   -9.27610799403e-05
  1    15    12    12   -3.51512958067e-05
  1    15    13     6   -0.00010422355729
  1    15    13    13   -2.12299793511e-05
  1    15    14     0   0.000837082437854
  1    15    14     2   -0.000806720183324
  1    15    14    11   -5.51845882299e-05
  1    15    14    14   -1.45964780006e-05
  1    15    15     1   -0.00181075778583
  1    15    15     7   3.39865676383e-05
  1    15    15    10   0.000289637921314
  1    15    15    15   -4.51573085117e-05
  2     0     0     0    0.0394315431789
  2     0     0     2     -1.50417900436
  2     0     0    11    0.0316248798869
  2     0     0    14   -0.0608033297676
  2     0     1     1   -0.00141046767255
  2     0     1     7   -0.00123103674284
  2     0     1    10    -0.001382771951
  2     0     1    15   0.000876565584949
  2     0     2     0      3.01706365157
  2     0     2     2    0.0219834656066
  2     0     2    11   -0.0656752958408
  2     0     2    14   -0.00645904489121
  2     0     3     3   0.000984669351992
  2     0     3     8   0.000214915559755
  2     0     4     4   0.00257314848716
  2     0     4     9   0.000352480346052
  2     0     5     5   -0.00337034083137
  2     0     5    12   -0.00233012633156
  2     0     6     6   -0.00112636083253
  2     0     6    13   -0.000752486061841
  2     0     7     1    0.0018497383749
  2     0     7     7    0.0441434731551
  2     0     7    10   -0.0166638872015
  2     0     7    15    0.0200811769501
  2     0     8     3   -0.00344038450012
  2     0     8     8   -0.000509699347078
  2     0     9     4   -0.00240372888322
  2     0     9     9   -0.000233334726876
  2     0    10     1   -0.000708541537594
  2     0    10     7   -0.00522328635627
  2     0    10    10   -0.0152089509192
  2     0    10    15    0.0191090619068
  2     0    11     0   -0.0668301334919
  2     0    11     2    0.0327339979098
  2     0    11    11   -0.00697676033477
  2     0    11    14   0.00432495268431
  2     0    12     5   0.00165316512744
  2     0    12    12   -0.000351641000987
  2     0    13     6   0.000677894707175
  2     0    13    13   -0.000318969280146
  2     0    14     0     0.120714510997
  2     0    14     2   0.00198355662915
  2     0    14    11   -0.0425429695271
  2     0    14    14   0.00571798134105
  2     0    15     1   0.00110565695519
  2     0    15     7    0.0273493409882
  2     0    15    10   -0.00703144529199
  2     0    15    15   0.00506463739921
  2     1     0     1    0.0795937087618
  2     1     0     7   -0.00457389141411
  2     1     0    10   -0.00272590824798
  2     1     0    15   0.00127233822681
  2     1     1     0   -0.0397001600348
  2     1     1     2     -1.50151378592
  2     1     1    11    0.0312483225095
  2     1     1    14   -0.0603464067953
  2     1     2     1      3.00847109593
  2     1     2     7    -0.115338448755
  2     1     2    10   -0.0620496001884
  2     1     2    15    0.0341479659486
  2     1     3     6   -0.000377237589566
  2     1     3    13   0.00141763600579
  2     1     4     5   -0.000811845267393
  2     1     4    12   0.00141106003056
  2     1     5     4   0.000540804493729
  2     1     5     9   0.000370091899967
  2     1     6     3   0.000169369983191
  2     1     6     8   0.00050382109322
  2     1     7     0   0.00172019553686
  2     1     7     2     0.047868739488
  2     1     7    11   -0.0491455283547
  2     1     7    14    0.0105322221961
  2     1     8     6   0.00508859707773
  2     1     8    13   0.000915320261287
  2     1     9     5   0.00511879210235
  2     1     9    12   0.00136287011419
  2     1    10     0   0.000506839329748
  2     1    10     2    0.0304526413818
  2     1    10    11   -0.0321837087141
  2     1    10    14   0.00883091895782
  2     1    11     1    -0.068885821044
  2     1    11     7   -0.0214389079346
  2     1    11    10   -0.00675176060126
  2     1    11    15   0.00533723007171
  2     1    12     4   -0.00154020541412
  2     1    12     9   0.00142632324015
  2     1    13     3   -0.00122556009105
  2     1    13     8    0.0010050510491
  2     1    14     1     0.120551177484
  2     1    14     7   -0.00138046504785
  2     1    14    10   -0.0318430297719
  2     1    14    15    0.0254925080549
  2     1    15     0   -0.00122487848583
  2     1    15     2   -0.0135699068982
  2     1    15    11   -0.0131396946872
  2     1    15    14   -0.00175274710356
  2     2     0     0   0.00935170912313
  2     2     0     2    0.0219834656066
  2     2     0    11   -0.00132421008905
  2     2     0    14   0.000984706495723
  2     2     1     1    0.0213610277505
  2     2     1     7    -0.026078033504
  2     2     1    10   -0.00438116814957
  2     2     1    15   0.000183513969431
  2     2     2     0    0.0219834656066
  2     2     2     2      1.31623574836
  2     2     2    11   -0.0281141373381
  2     2     2    14     0.050139961101
  2     2     3     3   0.00321511014715
  2     2     3     8   4.53723182369e-05
  2     2     4     4   0.00315416331215
  2     2     4     9   8.53661278077e-06
  2     2     5     5   -0.00368007389356
  2     2     5    12   -0.000700748141862
  2     2     6     6   -0.00377595501291
  2     2     6    13   -0.000525851529185
  2     2     7     1    -0.026078033504
  2     2     7     7    -0.579470289786
  2     2     7    10   -0.0645632941761
  2     2     7    15   -0.0112335816698
  2     2     8     3   4.53723182369e-05
  2     2     8     8   -0.00130921611199
  2     2     9     4   8.53661278077e-06
  2     2     9     9   -0.000700597679327
  2     2    10     1   -0.00438116814957
  2     2    10     7   -0.0645632941761
  2     2    10    10   -0.0220448648696
  2     2    10    15   -0.000487099508549
  2     2    11     0   -0.00132421008905
  2     2    11     2   -0.0281141373381
  2     2    11    11   -0.00651432944004
  2     2    11    14   -0.00870334845973
  2     2    12     5   -0.000700748141862
  2     2    12    12   -0.000314157740718
  2     2    13     6   -0.000525851529185
  2     2    13    13   -0.000309968223636
  2     2    14     0   0.000984706495723
  2     2    14     2     0.050139961101
  2     2    14    11   -0.00870334845973
  2     2    14    14   -0.00803018926104
  2     2    15     1   0.000183513969431
  2     2    15     7   -0.0112335816698
  2     2    15    10   -0.000487099508549
  2     2    15    15   -0.000570390610316
  2     3     0     3    0.0455029219045
  2     3     0     8   0.00248488640502
  2     3     1     6   -0.00131138435951
  2     3     1    13   0.00149951908698
  2     3     2     3      1.83778687506
  2     3     2     8     0.121467614902
  2     3     3     0   -0.0345274901123
  2     3     3     2    -0.802954566148
  2     3     3    11    0.0174041318526
  2     3     3    14   -0.0366079522187
  2     3     6     1    0.0280934574755
  2     3     6     7     0.486245241166
  2     3     6    10    0.0456242344036
  2     3     6    15   0.00911913480338
  2     3     7     6    0.0703822486564
  2     3     7    13    0.0300389695759
  2     3     8     0   -0.00149327784281
  2     3     8     2     -0.06154265158
  2     3     8    11   0.00394390347437
  2     3     8    14    0.0221240808256
  2     3    10     6    0.0117327559112
  2     3    10    13    0.0252088828547
  2     3    11     3   -0.0398186363196
  2     3    11     8   -0.0124218524233
  2     3    13     1   0.00117948811856
  2     3    13     7    0.0204383708497
  2     3    13    10   -0.0119065862871
  2     3    13    15   -0.0044467659364
  2     3    14     3    0.0811122341775
  2     3    14     8   -0.0274843009929
  2     3    15     6   0.00265372276033
  2     3    15    13   0.00385364740854
  2     4     0     4    0.0456770522228
  2     4     0     9   0.00252245683087
  2     4     1     5   -0.00123736423388
  2     4     1    12   0.00149698772071
  2     4     2     4      1.83783527769
  2     4     2     9     0.121962929913
  2     4     4     0    -0.034560755653
  2     4     4     2    -0.802579289816
  2     4     4    11     0.017480745948
  2     4     4    14   -0.0365366002273
  2     4     5     1    0.0280660474855
  2     4     5     7     0.487767403535
  2     4     5    10    0.0457365392174
  2     4     5    15   0.00889286207635
  2     4     7     5    0.0696023278774
  2     4     7    12    0.0301799562383
  2     4     9     0   -0.0015125271205
  2     4     9     2   -0.0617916461703
  2     4     9    11   0.00399572556129
  2     4     9    14    0.0220157980607
  2     4    10     5    0.0117347579186
  2     4    10    12    0.0250920017955
  2     4    11     4   -0.0399461754538
  2     4    11     9   -0.0125741423235
  2     4    12     1   0.00117172826242
  2     4    12     7    0.0203069979764
  2     4    12    10    -0.011804040484
  2     4    12    15   -0.00833967704787
  2     4    14     4     0.081087148949
  2     4    14     9   -0.0272820109119
  2     4    15     5   0.00284502598341
  2     4    15    12   0.00798448682645
  2     5     0     5    0.0342095943662
  2     5     0    12   0.00214498870004
  2     5     1     4   0.00191208993784
  2     5     1     9    0.0019149749433
  2     5     2     5      1.17599666498
  2     5     2    12    0.0968453493265
  2     5     4     1    0.0264105639642
  2     5     4     7     0.502705416088
  2     5     4    10    0.0549973518698
  2     5     4    15    0.0122986927469
  2     5     5     0   -0.0269173879284
  2     5     5     2    -0.518232357224
  2     5     5    11    0.0111598550135
  2     5     5    14   -0.0145552894021
  2     5     7     4    -0.062773174595
  2     5     7     9     0.025985888495
  2     5     9     1   0.000835880931373
  2     5     9     7    0.0173419557332
  2     5     9    10   -0.0111640427167
  2     5     9    15   -0.00626733960615
  2     5    10     4   -0.0130630152196
  2     5    10     9    0.0204699272987
  2     5    11     5   -0.0264312741098
  2     5    11    12   -0.00877258288288
  2     5    12     0   -0.00146892793766
  2     5    12     2    -0.049299436719
  2     5    12    11   0.00226744742442
  2     5    12    14    0.0165364356767
  2     5    14     5    0.0439375235809
  2     5    14    12   -0.0169955430618
  2     5    15     4   -0.00350557366468
  2     5    15     9   0.00626206640977
  2     6     0     6    0.0344489883363
  2     6     0    13   0.00217670453865
  2     6     1     3   0.00207828355706
  2     6     1     8   0.00191206206979
  2     6     2     6      1.17644924599
  2     6     2    13    0.0965047859511
  2     6     3     1    0.0261523217949
  2     6     3     7     0.502413859604
  2     6     3    10    0.0549055533745
  2     6     3    15    0.0122500350948
  2     6     6     0   -0.0270740931371
  2     6     6     2    -0.519230584323
  2     6     6    11     0.011201631981
  2     6     6    14   -0.0145945986991
  2     6     7     3   -0.0634369517379
  2     6     7     8    0.0258065006021
  2     6     8     1   0.000790042685905
  2     6     8     7    0.0170230621664
  2     6     8    10   -0.0111194839199
  2     6     8    15   -0.0061276807247
  2     6    10     3   -0.0130733395574
  2     6    10     8    0.0203535018686
  2     6    11     6   -0.0265190328273
  2     6    11    13   -0.00899144139362
  2     6    13     0   -0.00151567271711
  2     6    13     2   -0.0490646298621
  2     6    13    11   0.00248438516192
  2     6    13    14    0.0164456094338
  2     6    14     6    0.0439072820939
  2     6    14    13   -0.0169210220423
  2     6    15     3   -0.0031576808836
  2     6    15     8   0.00597486284356
  2     7     0     1   -0.00401129461736
  2     7     0     7    0.0630182687936
  2     7     0    10   0.00632871609159
  2     7     0    15   0.00219434287161
  2     7     1     0   0.00552500855124
  2     7     1     2     0.047868739488
  2     7     1    11   -0.00425431680911
  2     7     1    14    0.0029390578868
  2     7     2     1    -0.115338448755
  2     7     2     7     0.212457731166
  2     7     2    10    0.0208801202289
  2     7     2    15   0.00833580433274
  2     7     3     6   0.00238661665848
  2     7     3    13   0.000195951901203
  2     7     4     5   0.00241908352137
  2     7     4    12   0.000272345367299
  2     7     5     4   -0.0020199695103
  2     7     5     9   -0.000453726889143
  2     7     6     3   -0.00204664694679
  2     7     6     8   -0.000487658751605
  2     7     7     0   -0.0218553225583
  2     7     7     2    -0.186522888039
  2     7     7    11   0.00786543250408
  2     7     7    14   -0.0154938913422
  2     7     8     6   0.000334034154955
  2     7     8    13   -2.75092873537e-05
  2     7     9     5   0.000212627746087
  2     7     9    12   -6.00899909848e-05
  2     7    10     0   -0.00349784821438
  2     7    10     2   -0.0143480972529
  2     7    10    11    0.0023369944051
  2     7    10    14   -0.00314538450792
  2     7    11     1   0.00296477122449
  2     7    11     7   -0.0055478036967
  2     7    11    10   -0.00179670445601
  2     7    11    15   -0.00107857200319
  2     7    12     4   -0.000264519363225
  2     7    12     9   -6.4818366247e-05
  2     7    13     3   -0.000180808753724
  2     7    13     8   -8.60208045776e-05
  2     7    14     1   -0.00571622563847
  2     7    14     7    0.0105178384569
  2     7    14    10   0.00267673690091
  2     7    14    15   -0.00100756115101
  2     7    15     0   -0.000753549058004
  2     7    15     2   -0.00490670299692
  2     7    15    11   0.000981951804191
  2     7    15    14   0.00058257871485
  2     8     0     3   0.00128163473912
  2     8     0     8   0.000203097650645
  2     8     1     6   0.00212249455762
  2     8     1    13   0.000501807393186
  2     8     2     3     0.121467614902
  2     8     2     8     0.016523154657
  2     8     3     0   -0.00195256985102
  2     8     3     2     -0.06154265158
  2     8     3    11   0.00110578795569
  2     8     3    14   -0.00571323689287
  2     8     6     1   0.00093445659109
  2     8     6     7    0.0420055602783
  2     8     6    10   0.00520868881006
  2     8     6    15   0.00138395796076
  2     8     7     6   -0.0122424098048
  2     8     7    13   0.00148217355599
  2     8     8     0   -0.000224375472445
  2     8     8     2   -0.00806868014631
  2     8     8    11   0.000341820383616
  2     8     8    14   0.00145154581735
  2     8    10     6   -0.00220915154663
  2     8    10    13   0.00164262926177
  2     8    11     3   -0.0017172244603
  2     8    11     8   -0.00077506866966
  2     8    13     1   0.000135970146024
  2     8    13     7     0.003567609441
  2     8    13    10   -0.000672375855374
  2     8    13    15   -0.000299018987019
  2     8    14     3   0.00887814885264
  2     8    14     8   -0.00166376083707
  2     8    15     6   -0.000409124380733
  2     8    15    13   0.000415336167024
  2     9     0     4   0.00130128049978
  2     9     0     9   0.00021304047141
  2     9     1     5   0.00216478493669
  2     9     1    12   0.000462530951647
  2     9     2     4     0.121962929913
  2     9     2     9    0.0165480106845
  2     9     4     0   -0.00192669312884
  2     9     4     2   -0.0617916461703
  2     9     4    11   0.00110517082864
  2     9     4    14   -0.00573066774145
  2     9     5     1   0.000941927936889
  2     9     5     7    0.0422294453441
  2     9     5    10   0.00519846573467
  2     9     5    15   0.00137771667999
  2     9     7     5   -0.0123067534368
  2     9     7    12   0.00147370415883
  2     9     9     0   -0.000227676269697
  2     9     9     2   -0.00809838257021
  2     9     9    11   0.000347426239792
  2     9     9    14    0.0014378072036
  2     9    10     5   -0.00218350246367
  2     9    10    12   0.00164242861592
  2     9    11     4   -0.00172655317059
  2     9    11     9   -0.000788350705335
  2     9    12     1   0.000166684291067
  2     9    12     7   0.00357214284447
  2     9    12    10   -0.000676034676447
  2     9    12    15   -0.000565044359715
  2     9    14     4   0.00890025151509
  2     9    14     9   -0.00164509090182
  2     9    15     5   -0.000406772239118
  2     9    15    12   0.000700287557013
  2    10     0     1   -0.00465925639709
  2    10     0     7    -0.018655629177
  2    10     0    10   -0.00302195073313
  2    10     0    15   -0.000310134858821
  2    10     1     0   -0.00301202124572
  2    10     1     2    0.0304526413818
  2    10     1    11   -0.00225684430542
  2    10     1    14   -0.000518423661475
  2    10     2     1   -0.0620496001884
  2    10     2     7    0.0208801202289
  2    10     2    10    0.0105316926253
  2    10     2    15   -0.00355515537636
  2    10     3     6   0.000256924404955
  2    10     3    13   -3.0602553965e-05
  2    10     4     5   0.000405529378695
  2    10     4    12   -2.38662541625e-06
  2    10     5     4   -0.000238093026203
  2    10     5     9   2.59876406796e-06
  2    10     6     3   -9.41572943007e-05
  2    10     6     8   1.49641957201e-05
  2    10     7     0    0.0102236880918
  2    10     7     2   -0.0143480972529
  2    10     7    11   0.000939738167556
  2    10     7    14   -0.00297953854446
  2    10     8     6   -0.000164409430045
  2    10     8    13   -4.96991573487e-05
  2    10     9     5   -0.000144857853526
  2    10     9    12   -5.47824318459e-05
  2    10    10     0   0.00275183285012
  2    10    10     2   -0.00389174436755
  2    10    10    11   0.000759736048006
  2    10    10    14   -0.000423052948927
  2    10    11     1   0.00271115792232
  2    10    11     7   0.00106146113381
  2    10    11    10   0.000284784432546
  2    10    11    15   2.94825588629e-05
  2    10    12     4   5.53167361741e-05
  2    10    12     9   -5.5296834154e-05
  2    10    13     3   3.01759940359e-05
  2    10    13     8   -4.13965860907e-05
  2    10    14     1   0.000408534437545
  2    10    14     7   0.000134771620987
  2    10    14    10   0.000877991061908
  2    10    14    15   -0.000671632262459
  2    10    15     0   0.000505037748975
  2    10    15     2   0.00255614869799
  2    10    15    11   0.000155405325238
  2    10    15    14   -9.5286991955e-05
  2    11     0     0   -0.00287086588225
  2    11     0     2    0.0327339979098
  2    11     0    11   -0.00107951171053
  2    11     0    14   -0.00120539363074
  2    11     1     1   -0.00340787763964
  2    11     1     7   -0.0509760135455
  2    11     1    10   -0.00743991652163
  2    11     1    15   -0.00148215482547
  2    11     2     0   -0.0656752958408
  2    11     2     2   -0.0281141373381
  2    11     2    11    0.0176926655207
  2    11     2    14   -0.00321311069253
  2    11     3     3   -0.000356680784386
  2    11     3     8   -0.000220358526498
  2    11     4     4   -0.000265839742341
  2    11     4     9   -0.000222726418436
  2    11     5     5   0.000164182547888
  2    11     5    12   4.74267938105e-05
  2    11     6     6   0.000185354209017
  2    11     6    13   1.04905261338e-05
  2    11     7     1    0.0286748542766
  2    11     7     7    0.0130053581639
  2    11     7    10   0.000253980480853
  2    11     7    15   0.000650812688099
  2    11     8     3   0.00029393115464
  2    11     8     8   4.18625170651e-05
  2    11     9     4   0.000290077423987
  2    11     9     9   1.89379565754e-05
  2    11    10     1   0.00660917065743
  2    11    10     7   0.00330307669249
  2    11    10    10   0.00114988914714
  2    11    10    15   5.41699729447e-05
  2    11    11     0   0.00272423081928
  2    11    11     2   -0.00901950881838
  2    11    11    11   0.000266330563378
  2    11    11    14   0.000806629346436
  2    11    12     5   -0.000127943003835
  2    11    12    12   1.80408040997e-05
  2    11    13     6   -8.88544242542e-05
  2    11    13    13    1.145239907e-05
  2    11    14     0   0.00161965579395
  2    11    14     2   0.00128344036231
  2    11    14    11   0.00141330609303
  2    11    14    14   -8.6278145277e-05
  2    11    15     1   0.00139720592636
  2    11    15     7   -0.00237113322759
  2    11    15    10   -0.000476879062353
  2    11    15    15   -0.000215465333369
  2    12     0     5   0.00384613255561
  2    12     0    12   0.000371739821752
  2    12     1     4   0.000792178023895
  2    12     1     9   0.000335778736386
  2    12     2     5    0.0968453493265
  2    12     2    12    0.0137363428057
  2    12     4     1   0.000676456239976
  2    12     4     7    0.0462959944616
  2    12     4    10    0.0065367091054
  2    12     4    15   0.00176084502436
  2    12     5     0   -0.00206482122418
  2    12     5     2    -0.049299436719
  2    12     5    11   0.000968986056812
  2    12     5    14   -0.00330882775526
  2    12     7     4   -0.0196056422429
  2    12     7     9   0.00175079387106
  2    12     9     1   3.82240590854e-05
  2    12     9     7   0.00335645835079
  2    12     9    10   -0.000708329389364
  2    12     9    15   -0.000510687126933
  2    12    10     4   -0.00453097441425
  2    12    10     9   0.00163123531883
  2    12    11     5   -0.00169039196186
  2    12    11    12   -0.000738940160712
  2    12    12     0   -0.000293846846972
  2    12    12     2   -0.00674196690063
  2    12    12    11   0.00021730327745
  2    12    12    14   0.00125136831914
  2    12    14     5   0.00495528914925
  2    12    14    12   -0.00128556148823
  2    12    15     4   -0.00120788070426
  2    12    15     9   0.000591661199508
  2    13     0     6   0.00394962759998
  2    13     0    13    0.0003573756875
  2    13     1     3   0.000774879383084
  2    13     1     8   0.000338737969303
  2    13     2     6    0.0965047859511
  2    13     2    13    0.0136362527395
  2    13     3     1   0.000670599105386
  2    13     3     7    0.0461305337516
  2    13     3    10   0.00649454172982
  2    13     3    15   0.00184441598986
  2    13     6     0   -0.00214575999307
  2    13     6     2   -0.0490646298621
  2    13     6    11   0.000962235367496
  2    13     6    14   -0.00330177633283
  2    13     7     3   -0.0195271282203
  2    13     7     8   0.00171400246627
  2    13     8     1   3.74233471677e-05
  2    13     8     7   0.00332296244358
  2    13     8    10   -0.000695835166634
  2    13     8    15   -0.000489771658197
  2    13    10     3   -0.0045005596659
  2    13    10     8   0.00161452018007
  2    13    11     6   -0.00170351818258
  2    13    11    13   -0.000767011943062
  2    13    13     0   -0.000289072884443
  2    13    13     2   -0.00672363546526
  2    13    13    11   0.000249164455613
  2    13    13    14   0.00123069647498
  2    13    14     6   0.00494874432899
  2    13    14    13   -0.0012671442005
  2    13    15     3   -0.0012975001076
  2    13    15     8   0.000549812047474
  2    14     0     0   -0.00226618366067
  2    14     0     2   0.00198355662915
  2    14     0    11   -0.00128380774739
  2    14     0    14   0.000923817087915
  2    14     1     1   -0.00329126173368
  2    14     1     7   0.00790797586778
  2    14     1    10   0.000346847212685
  2    14     1    15   0.000877425852275
  2    14     2     0   -0.00645904489121
  2    14     2     2     0.050139961101
  2    14     2    11   -0.00321311069253
  2    14     2    14   0.00730137452273
  2    14     3     3   0.000165182067682
  2    14     3     8   0.00015913222981
  2    14     4     4   0.000168862590438
  2    14     4     9   0.000142378925628
  2    14     5     5   -0.000223968467457
  2    14     5    12   5.30727526487e-05
  2    14     6     6   -0.000214695093517
  2    14     6    13   6.25774494385e-05
  2    14     7     1   -0.00686337126767
  2    14     7     7   -0.0231790500237
  2    14     7    10   -0.00344130599307
  2    14     7    15   -0.00145912614953
  2    14     8     3   -9.75184989475e-05
  2    14     8     8   -2.04668779016e-05
  2    14     9     4   -8.55753857537e-05
  2    14     9     9   7.23774065756e-07
  2    14    10     1   -0.00113534505598
  2    14    10     7   -0.00343379331012
  2    14    10    10   -0.00093601931905
  2    14    10    15   -0.000231014498263
  2    14    11     0   9.03365746301e-05
  2    14    11     2   0.00128344036231
  2    14    11    11   -0.000173215770436
  2    14    11    14   -0.000466635389197
  2    14    12     5   -8.47069891418e-05
  2    14    12    12   1.04134402288e-06
  2    14    13     6   -8.76314837171e-05
  2    14    13    13   -6.83801321668e-06
  2    14    14     0   -0.00128359688136
  2    14    14     2   0.00273605622576
  2    14    14    11   -0.000236831285549
  2    14    14    14   -6.90886238499e-05
  2    14    15     1   -0.000806720183324
  2    14    15     7   -0.000665224644566
  2    14    15    10   4.85893070557e-05
  2    14    15    15   -4.37975609745e-06
  2    15     0     1   0.00220545571583
  2    15     0     7    0.0272048265508
  2    15     0    10   0.00368489652678
  2    15     0    15    0.0011787903146
  2    15     1     0   -0.000291963920173
  2    15     1     2   -0.0135699068982
  2    15     1    11   0.000520769957662
  2    15     1    14   0.00114365251923
  2    15     2     1    0.0341479659486
  2    15     2     7   0.00833580433274
  2    15     2    10   -0.00355515537636
  2    15     2    15   0.00554718194162
  2    15     3     6   -0.000101007716974
  2    15     3    13   -3.77496290526e-06
  2    15     4     5   -0.000102516877551
  2    15     4    12   -2.63708130457e-05
  2    15     5     4   2.14167588906e-05
  2    15     5     9   -5.53520089536e-05
  2    15     6     3   6.70468076305e-07
  2    15     6     8   -6.03170512676e-05
  2    15     7     0   -0.0125280139889
  2    15     7     2   -0.00490670299692
  2    15     7    11   0.000171335204064
  2    15     7    14   -0.000855355943805
  2    15     8     6   0.000158111459049
  2    15     8    13   6.95819538752e-06
  2    15     9     5   0.000120037199246
  2    15     9    12   9.91891290045e-06
  2    15    10     0   -0.00316736673299
  2    15    10     2   0.00255614869799
  2    15    10    11   -0.000369646670214
  2    15    10    14   -0.000275646086375
  2    15    11     1   -0.00172030000523
  2    15    11     7   -0.00170264639071
  2    15    11    10   -0.000557058688952
  2    15    11    15   -0.000260113780956
  2    15    12     4   -4.80906193118e-05
  2    15    12     9   2.24508234952e-05
  2    15    13     3   -4.50698025758e-05
  2    15    13     8   1.50734798392e-05
  2    15    14     1   -0.00140892292732
  2    15    14     7   0.000169082959257
  2    15    14    10   -0.000468712136307
  2    15    14    15   0.000501092449242
  2    15    15     0   -0.000941275258584
  2    15    15     2   -0.00248639956746
  2    15    15    11   -3.64720575757e-05
  2    15    15    14   0.00016906161401
  3     0     0     3     -1.17285800954
  3     0     0     8   -0.0735856922163
  3     0     1     6   0.00143324336214
  3     0     1    13   0.000281256838925
  3     0     2     3   -0.0345274901123
  3     0     2     8   -0.00195256985102
  3     0     3     0      2.35202418105
  3     0     3     2    0.0455029219045
  3     0     3    11   -0.0522714566873
  3     0     3    14   -0.00355504785143
  3     0     6     1   -0.000153060161113
  3     0     6     7   -0.000881059221109
  3     0     6    10   0.00523173085096
  3     0     6    15   -0.00445826916242
  3     0     7     6   -0.0569213618305
  3     0     7    13   -0.00421255983165
  3     0     8     0     0.146699362463
  3     0     8     2   0.00128163473912
  3     0     8    11   -0.0366810727743
  3     0     8    14   0.00668157415776
  3     0    10     6    0.0253529978802
  3     0    10    13   0.00160486529139
  3     0    11     3    0.0276258551442
  3     0    11     8   0.00310985722076
  3     0    13     1   0.000347252076055
  3     0    13     7   -0.00939956424181
  3     0    13    10    0.0163395652224
  3     0    13    15   -0.0187106176406
  3     0    14     3   0.000999838936005
  3     0    14     8   -0.000659081837121
  3     0    15     6   -0.0169096629432
  3     0    15    13   0.000701799955421
  3     1     0     6   0.00205494899934
  3     1     0    13   0.000239237078976
  3     1     1     3     -1.16887036835
  3     1     1     8   -0.0737358003794
  3     1     2     6    0.0261523217949
  3     1     2    13   0.000670599105386
  3     1     3     1      2.34522288657
  3     1     3     7   -0.0738500159174
  3     1     3    10   -0.0475657682421
  3     1     3    15    0.0260982641702
  3     1     6     0   -0.00113645535318
  3     1     6     2   0.00207828355706
  3     1     6    11    0.0159838672671
  3     1     6    14   -0.00578156021747
  3     1     7     3    0.0447649125993
  3     1     7     8   0.00153896298428
  3     1     8     1     0.146753643817
  3     1     8     7   -0.000269776750236
  3     1     8    10   -0.0272529915455
  3     1     8    15    0.0229466947718
  3     1    10     3    0.0239116145018
  3     1    10     8   0.00461964171585
  3     1    11     6    0.0456794230317
  3     1    11    13   0.00175250742072
  3     1    13     0   0.000806641699443
  3     1    13     2   0.000774879383084
  3     1    13    11    0.0315695810991
  3     1    13    14   -0.00422228044542
  3     1    14     6   -0.00683167753089
  3     1    14    13   -0.00102494389332
  3     1    15     3   -0.0149427311398
  3     1    15     8   -0.00417000543173
  3     2     0     3   -0.0345274901123
  3     2     0     8   -0.00149327784281
  3     2     1     6    0.0280934574755
  3     2     1    13   0.00117948811856
  3     2     2     3    -0.802954566148
  3     2     2     8     -0.06154265158
  3     2     3     0    0.0455029219045
  3     2     3     2      1.83778687506
  3     2     3    11   -0.0398186363196
  3     2     3    14    0.0811122341775
  3     2     6     1   -0.00131138435951
  3     2     6     7    0.0703822486564
  3     2     6    10    0.0117327559112
  3     2     6    15   0.00265372276033
  3     2     7     6     0.486245241166
  3     2     7    13    0.0204383708497
  3     2     8     0   0.00248488640502
  3     2     8     2     0.121467614902
  3     2     8    11   -0.0124218524233
  3     2     8    14   -0.0274843009929
  3     2    10     6    0.0456242344036
  3     2    10    13   -0.0119065862871
  3     2    11     3    0.0174041318526
  3     2    11     8   0.00394390347437
  3     2    13     1   0.00149951908698
  3     2    13     7    0.0300389695759
  3     2    13    10    0.0252088828547
  3     2    13    15   0.00385364740854
  3     2    14     3   -0.0366079522187
  3     2    14     8    0.0221240808256
  3     2    15     6   0.00911913480338
  3     2    15    13   -0.0044467659364
  3     3     0     0   0.00357807679528
  3     3     0     2   0.000984669351992
  3     3     0    11   -0.000504544417486
  3     3     0    14   9.88942059485e-05
  3     3     1     1    0.0162003200664
  3     3     1     7   -0.000695851971312
  3     3     1    10   -0.000864846104523
  3     3     1    15   0.000651108541964
  3     3     2     0   0.000984669351992
  3     3     2     2   0.00321511014715
  3     3     2    11   -0.000356680784386
  3     3     2    14   0.000165182067682
  3     3     3     3     0.898401863474
  3     3     3     8     0.056476124754
  3     3     4     4   0.00167185931878
  3     3     4     9   3.44568026249e-05
  3     3     5     5   -0.00174800612456
  3     3     5    12   -0.000101897177135
  3     3     6     6    -0.674630408885
  3     3     6    13   -0.0522987650049
  3     3     7     1   -0.000695851971312
  3     3     7     7   -0.00406594999127
  3     3     7    10   -0.000165036405574
  3     3     7    15   -5.36207435891e-05
  3     3     8     3     0.056476124754
  3     3     8     8   -0.00266479058776
  3     3     9     4   3.44568026249e-05
  3     3     9     9   -5.58587889611e-05
  3     3    10     1   -0.000864846104523
  3     3    10     7   -0.000165036405574
  3     3    10    10   -0.000227350465994
  3     3    10    15   6.04855812334e-05
  3     3    11     0   -0.000504544417486
  3     3    11     2   -0.000356680784386
  3     3    11    11   -0.00154631458823
  3     3    11    14   0.000479583037505
  3     3    12     5   -0.000101897177135
  3     3    12    12   -0.000265076527025
  3     3    13     6   -0.0522987650049
  3     3    13    13   -0.00566599175629
  3     3    14     0   9.88942059485e-05
  3     3    14     2   0.000165182067682
  3     3    14    11   0.000479583037505
  3     3    14    14   -3.3222013007e-05
  3     3    15     1   0.000651108541964
  3     3    15     7   -5.36207435891e-05
  3     3    15    10   6.04855812334e-05
  3     3    15    15   -9.68421888583e-05
  3     4     3     4      1.42794291267
  3     4     3     9    0.0950848376833
  3     4     4     3    -0.522576858016
  3     4     4     8   -0.0380013710934
  3     4     5     6    -0.650732527332
  3     4     5    13   -0.0424933344524
  3     4     6     5   -0.0312647752438
  3     4     6    12   -0.00984016578307
  3     4     8     4    0.0946408461921
  3     4     8     9   -0.0226308899847
  3     4     9     3   -0.0381884319237
  3     4     9     8    0.0214709311511
  3     4    12     6   -0.0426560519629
  3     4    12    13    0.0153288232309
  3     4    13     5   -0.00996938428899
  3     4    13    12   -0.0211451223372
  3     5     3     5     0.920831186908
  3     5     3    12    0.0755557490658
  3     5     4     6    -0.649858301211
  3     5     4    13   -0.0533344844814
  3     5     5     3     -0.29548665022
  3     5     5     8    -0.014227446849
  3     5     6     4    0.0313347351373
  3     5     6     9   -0.00692588874884
  3     5     8     5    0.0558556522982
  3     5     8    12   -0.0129724769222
  3     5     9     6   -0.0388260395431
  3     5     9    13    0.0140022833982
  3     5    12     3   -0.0289959259979
  3     5    12     8    0.0154336404055
  3     5    13     4    0.0109331106766
  3     5    13     9   -0.0167121161427
  3     6     0     1   0.00229809820404
  3     6     0     7   0.000244498793136
  3     6     0    10   0.000436770314226
  3     6     0    15   -0.000276387978566
  3     6     1     0   -0.00398863613615
  3     6     1     2   0.000169369983191
  3     6     1    11   0.00185601908607
  3     6     1    14   -0.000487009368808
  3     6     2     1   -0.000377237589566
  3     6     2     7   0.00238661665848
  3     6     2    10   0.000256924404955
  3     6     2    15   -0.000101007716974
  3     6     3     6     0.278115749936
  3     6     3    13    0.0223831739589
  3     6     4     5   -0.00148932854584
  3     6     4    12   -4.99313434313e-05
  3     6     5     4   0.00143544408647
  3     6     5     9   0.000223738024515
  3     6     6     3    -0.271084652589
  3     6     6     8    -0.021258804687
  3     6     7     0   -0.000185456695053
  3     6     7     2   -0.00204664694679
  3     6     7    11   8.66183024403e-05
  3     6     7    14   -0.000222429735475
  3     6     8     6    0.0174574922777
  3     6     8    13   0.000889711940665
  3     6     9     5   -0.000246305209355
  3     6     9    12   -3.19836021765e-05
  3     6    10     0   0.000171603856617
  3     6    10     2   -9.41572943007e-05
  3     6    10    11   -7.68739791032e-06
  3     6    10    14   1.1616627002e-05
  3     6    11     1   -0.000474328938326
  3     6    11     7   -0.000177660688946
  3     6    11    10   8.8244082403e-05
  3     6    11    15   -0.00029673315967
  3     6    12     4   3.50619154715e-05
  3     6    12     9   1.3054326344e-05
  3     6    13     3   -0.0183098793493
  3     6    13     8   -0.00124323446929
  3     6    14     1   0.000230152065205
  3     6    14     7    0.0002650225939
  3     6    14    10   -9.38398034039e-06
  3     6    14    15   0.00022121971055
  3     6    15     0   -0.000238221632847
  3     6    15     2   6.70468076305e-07
  3     6    15    11   0.000225168569622
  3     6    15    14   -0.000216450405911
  3     7     0     6   -0.0530889670626
  3     7     0    13   -0.00490168274173
  3     7     1     3    0.0447649125993
  3     7     1     8    0.0044491241756
  3     7     2     6     0.502413859604
  3     7     2    13    0.0461305337516
  3     7     3     1   -0.0738500159174
  3     7     3     7     0.524528904082
  3     7     3    10     0.058586195628
  3     7     3    15    0.0151916813253
  3     7     6     0   0.00230017862244
  3     7     6     2   -0.0634369517379
  3     7     6    11   0.000104160098393
  3     7     6    14   0.00406817152918
  3     7     7     3     -0.19407201978
  3     7     7     8    -0.001627331453
  3     7     8     1   -0.00573120264195
  3     7     8     7    0.0286207548994
  3     7     8    10   -0.00347890296129
  3     7     8    15   -0.00478115199524
  3     7    10     3   -0.0248505232137
  3     7    10     8   0.00922349233167
  3     7    11     6   -0.0126049741611
  3     7    11    13   -0.00333955456536
  3     7    13     0   0.00165841349562
  3     7    13     2   -0.0195271282203
  3     7    13    11   -0.000972312863615
  3     7    13    14    0.0111872099413
  3     7    14     6    0.0218494547954
  3     7    14    13   -0.0105139431299
  3     7    15     3   -0.0062626993012
  3     7    15     8   0.00466170248334
  3     8     0     0   -0.00391501498163
  3     8     0     2   -0.00344038450012
  3     8     0    11   -0.000767043065232
  3     8     0    14   0.000108641639288
  3     8     1     1   -0.0078971840085
  3     8     1     7   0.000420015637224
  3     8     1    10   -0.000361012495042
  3     8     1    15   0.000194882284209
  3     8     2     0   0.000214915559755
  3     8     2     2   4.53723182369e-05
  3     8     2    11   -0.000220358526498
  3     8     2    14   0.00015913222981
  3     8     3     3     0.056476124754
  3     8     3     8   0.00773881132136
  3     8     4     4   0.000164996501254
  3     8     4     9   0.000146616550871
  3     8     5     5   -0.000156411564231
  3     8     5    12   7.38526335378e-05
  3     8     6     6   -0.0427974427591
  3     8     6    13   -0.00555665789566
  3     8     7     1   -0.000263520766094
  3     8     7     7   -0.000108055381676
  3     8     7    10   0.000158183501206
  3     8     7    15   -4.36906585684e-05
  3     8     8     3   0.00414161026722
  3     8     8     8   0.000162872308389
  3     8     9     4   -4.75396770155e-05
  3     8     9     9   2.32776742543e-05
  3     8    10     1   0.000583188929701
  3     8    10     7   -5.38143929283e-05
  3     8    10    10   0.000134863326897
  3     8    10    15   -4.8620334725e-05
  3     8    11     0   0.000392170425965
  3     8    11     2   0.00029393115464
  3     8    11    11   9.91849540525e-05
  3     8    11    14   6.7742286874e-05
  3     8    12     5   -3.45963086842e-05
  3     8    12    12   1.78208289944e-05
  3     8    13     6   -0.00414100228739
  3     8    13    13   -0.000538992989715
  3     8    14     0   -2.38225053261e-05
  3     8    14     2   -9.75184989475e-05
  3     8    14    11   3.62917539008e-05
  3     8    14    14   4.76244668687e-05
  3     8    15     1   -0.000302407927886
  3     8    15     7   2.01947493592e-05
  3     8    15    10   -4.66800694739e-05
  3     8    15    15   5.81506458663e-05
  3     9     3     4    0.0950848376833
  3     9     3     9     0.013190344338
  3     9     4     3   -0.0381884319237
  3     9     4     8   -0.00560036009549
  3     9     5     6   -0.0497183215369
  3     9     5    13   -0.00497483376818
  3     9     6     5   0.00647096639571
  3     9     6    12   -0.000677555587858
  3     9     8     4   0.00897459005429
  3     9     8     9   -0.000988394308882
  3     9     9     3   -0.00464820655282
  3     9     9     8   0.00120430048175
  3     9    12     6   -0.00578809691665
  3     9    12    13   0.000778250809732
  3     9    13     5    0.0016416869154
  3     9    13    12   -0.00139004103619
  3    10     0     6    0.0268583077004
  3    10     0    13   0.00286055558232
  3    10     1     3    0.0239116145018
  3    10     1     8   0.000137255692488
  3    10     2     6    0.0549055533745
  3    10     2    13   0.00649454172982
  3    10     3     1   -0.0475657682421
  3    10     3     7     0.058586195628
  3    10     3    10    0.0144095914181
  3    10     3    15   -0.00137946613973
  3    10     6     0   -0.00571489610557
  3    10     6     2   -0.0130733395574
  3    10     6    11   0.000684975455919
  3    10     6    14   0.00076901819546
  3    10     7     3   -0.0248505232137
  3    10     7     8   -0.00134551308386
  3    10     8     1   -0.00057713665201
  3    10     8     7   0.00327236248282
  3    10     8    10   0.000623392745998
  3    10     8    15   -0.00117418701119
  3    10    10     3   -0.00649149576936
  3    10    10     8   0.000922291374706
  3    10    11     6   -0.00369235635704
  3    10    11    13   -0.00104098354182
  3    10    13     0   -0.00213824233344
  3    10    13     2   -0.0045005596659
  3    10    13    11   -0.000675029052352
  3    10    13    14   0.00132099946181
  3    10    14     6   0.00377694459493
  3    10    14    13   -0.000885998712308
  3    10    15     3   0.00111512647255
  3    10    15     8   0.000300068274079
  3    11     0     3    0.0276258551442
  3    11     0     8   -0.000174578345824
  3    11     1     6    0.0568669938228
  3    11     1    13   0.00631836696467
  3    11     2     3    0.0174041318526
  3    11     2     8   0.00110578795569
  3    11     3     0   -0.0522714566873
  3    11     3     2   -0.0398186363196
  3    11     3    11    0.0148351167095
  3    11     3    14   -0.00305406936477
  3    11     6     1    -0.016041221995
  3    11     6     7   -0.000566561095254
  3    11     6    10   0.000929403250338
  3    11     6    15   -0.000848438645149
  3    11     7     6   -0.0127279083091
  3    11     7    13   -0.00022572554408
  3    11     8     0   0.000227011871719
  3    11     8     2   -0.0017172244603
  3    11     8    11   0.00197330224459
  3    11     8    14   0.000482003359642
  3    11    10     6   -0.00397722054732
  3    11    10    13   -0.000515651033097
  3    11    11     3   -0.00757482580837
  3    11    11     8   0.000497960024778
  3    11    13     1   -0.0049875779177
  3    11    13     7   -0.000151600242139
  3    11    13    10   -0.000906709308386
  3    11    13    15   0.00031536890924
  3    11    14     3   0.00158095412448
  3    11    14     8   -0.000695363376079
  3    11    15     6   0.00168564146872
  3    11    15    13   0.000770784348266
  3    12     3     5    0.0755557490658
  3    12     3    12    0.0108968807103
  3    12     4     6     -0.05340182006
  3    12     4    13   -0.00612770003122
  3    12     5     3   -0.0289959259979
  3    12     5     8   -0.0033460605705
  3    12     6     4    0.0108792557494
  3    12     6     9   -0.000702411423319
  3    12     8     5   0.00582623060428
  3    12     8    12   -0.000724829565147
  3    12     9     6   -0.00575148726114
  3    12     9    13   0.000836959977019
  3    12    12     3   -0.00391106787535
  3    12    12     8   0.00102672278049
  3    12    13     4   0.00349620524751
  3    12    13     9   -0.00130944329281
  3    13     0     1   0.00339479032977
  3    13     0     7   -0.000941973875373
  3    13     0    10   0.000226869385646
  3    13     0    15   -0.000183292348492
  3    13     1     0   0.00553597443271
  3    13     1     2   -0.00122556009105
  3    13     1    11   0.000477921269865
  3    13     1    14   -0.000204379704746
  3    13     2     1   0.00141763600579
  3    13     2     7   0.000195951901203
  3    13     2    10   -3.0602553965e-05
  3    13     2    15   -3.77496290526e-06
  3    13     3     6    0.0223831739589
  3    13     3    13   0.00468231009408
  3    13     4     5   -5.61008695633e-05
  3    13     4    12   2.44456373554e-05
  3    13     5     4   3.91232621341e-05
  3    13     5     9   9.95907846305e-05
  3    13     6     3   -0.0183098793493
  3    13     6     8   -0.00392089910667
  3    13     7     0   -0.00037790919505
  3    13     7     2   -0.000180808753724
  3    13     7    11   -3.85928531271e-05
  3    13     7    14   -0.000115556439917
  3    13     8     6   0.000177696411094
  3    13     8    13   0.000138834804236
  3    13     9     5   -1.5609227292e-05
  3    13     9    12   4.72835144569e-05
  3    13    10     0   -0.000350734787197
  3    13    10     2   3.01759940359e-05
  3    13    10    11   -8.31952912205e-05
  3    13    10    14   -7.28136565683e-06
  3    13    11     1   -0.000353792668071
  3    13    11     7   9.71606954932e-05
  3    13    11    10   -4.96675047069e-05
  3    13    11    15   6.9864360297e-05
  3    13    12     4   1.13503910784e-06
  3    13    12     9   5.41617498003e-05
  3    13    13     3   -0.000407958002141
  3    13    13     8   -0.000229169929217
  3    13    14     1   8.17894912813e-05
  3    13    14     7   -2.44428025812e-05
  3    13    14    10   -3.68447780517e-05
  3    13    14    15   -2.16886345711e-05
  3    13    15     0   0.000133299240164
  3    13    15     2   -4.50698025758e-05
  3    13    15    11   8.06694843486e-05
  3    13    15    14   -6.98385191742e-05
  3    14     0     3   0.000999838936005
  3    14     0     8   0.000393307100541
  3    14     1     6   -0.0120503909051
  3    14     1    13   -0.00138278748981
  3    14     2     3   -0.0366079522187
  3    14     2     8   -0.00571323689287
  3    14     3     0   -0.00355504785143
  3    14     3     2    0.0811122341775
  3    14     3    11   -0.00305406936477
  3    14     3    14    0.0102413430185
  3    14     6     1   0.00509021850044
  3    14     6     7   -0.00222453892359
  3    14     6    10   0.000205341920649
  3    14     6    15   0.000495194563732
  3    14     7     6    0.0292827583798
  3    14     7    13   0.00250507247913
  3    14     8     0   -0.000942776400431
  3    14     8     2   0.00887814885264
  3    14     8    11   -0.000599957286986
  3    14     8    14   -0.000748981489258
  3    14    10     6    0.0043907519395
  3    14    10    13   -0.000185120872567
  3    14    11     3   0.00158095412448
  3    14    11     8   3.17200339199e-05
  3    14    13     1   0.00116404036229
  3    14    13     7   0.000191138460096
  3    14    13    10   0.00101906545622
  3    14    13    15   0.000269454499608
  3    14    14     3   -0.00426559600557
  3    14    14     8   0.000872623564737
  3    14    15     6   0.000907530796275
  3    14    15    13   -0.000317039540107
  3    15     0     6   -0.0206986502859
  3    15     0    13   -0.00266410321921
  3    15     1     3   -0.0149427311398
  3    15     1     8   0.000438210573025
  3    15     2     6    0.0122500350948
  3    15     2    13   0.00184441598986
  3    15     3     1    0.0260982641702
  3    15     3     7    0.0151916813253
  3    15     3    10   -0.00137946613973
  3    15     3    15   0.00494599143685
  3    15     6     0   0.00551531209968
  3    15     6     2   -0.0031576808836
  3    15     6    11   -0.000399772615071
  3    15     6    14   0.000168796664061
  3    15     7     3   -0.0062626993012
  3    15     7     8   -0.000558549740445
  3    15     8     1   -0.000648402411351
  3    15     8     7   0.00126615617879
  3    15     8    10   -0.000592159125283
  3    15     8    15   0.000443528054771
  3    15    10     3   0.00111512647255
  3    15    10     8   0.000179317408413
  3    15    11     6   0.00134126853254
  3    15    11    13   0.000255878032098
  3    15    13     0   0.00238432204179
  3    15    13     2   -0.0012975001076
  3    15    13    11   0.00038937724113
  3    15    13    14   0.000235622154538
  3    15    14     6   0.00107740939941
  3    15    14    13   -0.000230535351273
  3    15    15     3   -0.00260618238412
  3    15    15     8   9.4967408941e-05
  4     0     0     4     -1.17266815622
  4     0     0     9     -0.07413610352
  4     0     1     5     0.001529907669
  4     0     1    12   0.000227469377387
  4     0     2     4    -0.034560755653
  4     0     2     9   -0.00192669312884
  4     0     4     0      2.35165417031
  4     0     4     2    0.0456770522228
  4     0     4    11   -0.0519343032914
  4     0     4    14   -0.00364562765193
  4     0     5     1   -0.00020803751917
  4     0     5     7   -0.000914330437657
  4     0     5    10   0.00508471150144
  4     0     5    15   -0.00453630877033
  4     0     7     5   -0.0565817660415
  4     0     7    12   -0.00411283692964
  4     0     9     0     0.147784652365
  4     0     9     2   0.00130128049978
  4     0     9    11   -0.0366605356973
  4     0     9    14   0.00721826887352
  4     0    10     5    0.0252679094664
  4     0    10    12   0.00162738887295
  4     0    11     4    0.0274049088428
  4     0    11     9   0.00318204193638
  4     0    12     1   0.000436816883207
  4     0    12     7   -0.00933191212358
  4     0    12    10    0.0164033466953
  4     0    12    15   -0.0187959257346
  4     0    14     4   0.00103729737267
  4     0    14     9   -0.000359763557157
  4     0    15     5   -0.0168358726969
  4     0    15    12   0.000596786460656
  4     1     0     5   0.00204575600472
  4     1     0    12   0.000289960200257
  4     1     1     4     -1.16880490953
  4     1     1     9   -0.0742309563701
  4     1     2     5    0.0264105639642
  4     1     2    12   0.000676456239976
  4     1     4     1        2.345067882
  4     1     4     7   -0.0735229736929
  4     1     4    10   -0.0477101495652
  4     1     4    15    0.0262209352715
  4     1     5     0   -0.00113909599751
  4     1     5     2   0.00191208993784
  4     1     5    11    0.0156759050596
  4     1     5    14   -0.00573341418911
  4     1     7     4    0.0445419219966
  4     1     7     9   0.00159962286391
  4     1     9     1     0.147734070713
  4     1     9     7   -0.000456568472014
  4     1     9    10   -0.0269561309673
  4     1     9    15    0.0239670846863
  4     1    10     4    0.0240342037507
  4     1    10     9   0.00442969532576
  4     1    11     5    0.0458178232346
  4     1    11    12   0.00175887895233
  4     1    12     0   0.000737469182869
  4     1    12     2   0.000792178023895
  4     1    12    11    0.0315110774512
  4     1    12    14   -0.0044590889549
  4     1    14     5   -0.00690370224827
  4     1    14    12   -0.00119335411843
  4     1    15     4   -0.0150171067526
  4     1    15     9   -0.00424955628606
  4     2     0     4    -0.034560755653
  4     2     0     9   -0.0015125271205
  4     2     1     5    0.0280660474855
  4     2     1    12   0.00117172826242
  4     2     2     4    -0.802579289816
  4     2     2     9   -0.0617916461703
  4     2     4     0    0.0456770522228
  4     2     4     2      1.83783527769
  4     2     4    11   -0.0399461754538
  4     2     4    14     0.081087148949
  4     2     5     1   -0.00123736423388
  4     2     5     7    0.0696023278774
  4     2     5    10    0.0117347579186
  4     2     5    15   0.00284502598341
  4     2     7     5     0.487767403535
  4     2     7    12    0.0203069979764
  4     2     9     0   0.00252245683087
  4     2     9     2     0.121962929913
  4     2     9    11   -0.0125741423235
  4     2     9    14   -0.0272820109119
  4     2    10     5    0.0457365392174
  4     2    10    12    -0.011804040484
  4     2    11     4     0.017480745948
  4     2    11     9   0.00399572556129
  4     2    12     1   0.00149698772071
  4     2    12     7    0.0301799562383
  4     2    12    10    0.0250920017955
  4     2    12    15   0.00798448682645
  4     2    14     4   -0.0365366002273
  4     2    14     9    0.0220157980607
  4     2    15     5   0.00889286207635
  4     2    15    12   -0.00833967704787
  4     3     3     4    -0.522576858016
  4     3     3     9   -0.0381884319237
  4     3     4     3      1.42794291267
  4     3     4     8    0.0946408461921
  4     3     5     6   -0.0312647752438
  4     3     5    13   -0.00996938428899
  4     3     6     5    -0.650732527332
  4     3     6    12   -0.0426560519629
  4     3     8     4   -0.0380013710934
  4     3     8     9    0.0214709311511
  4     3     9     3    0.0950848376833
  4     3     9     8   -0.0226308899847
  4     3    12     6   -0.00984016578307
  4     3    12    13   -0.0211451223372
  4     3    13     5   -0.0424933344524
  4     3    13    12    0.0153288232309
  4     4     0     0   0.00397998985981
  4     4     0     2   0.00257314848716
  4     4     0    11   -0.000527237677391
  4     4     0    14   0.000176055814387
  4     4     1     1    0.0130414774467
  4     4     1     7   -0.000320946691915
  4     4     1    10   -0.000686328594728
  4     4     1    15   0.000517091975752
  4     4     2     0   0.00257314848716
  4     4     2     2   0.00315416331215
  4     4     2    11   -0.000265839742341
  4     4     2    14   0.000168862590438
  4     4     3     3   0.00167185931878
  4     4     3     8   0.000164996501254
  4     4     4     4     0.897681182112
  4     4     4     9    0.0569024436889
  4     4     5     5    -0.673970989722
  4     4     5    12   -0.0525458019792
  4     4     6     6   -0.00189196027838
  4     4     6    13   -0.00011319619188
  4     4     7     1   -0.000320946691915
  4     4     7     7   -0.00406672140759
  4     4     7    10   -0.000343174618531
  4     4     7    15   3.05544785771e-05
  4     4     8     3   0.000164996501254
  4     4     8     8   -2.31239518286e-05
  4     4     9     4    0.0569024436889
  4     4     9     9   -0.00230849277625
  4     4    10     1   -0.000686328594728
  4     4    10     7   -0.000343174618531
  4     4    10    10   -0.000317104251641
  4     4    10    15   6.8962115331e-05
  4     4    11     0   -0.000527237677391
  4     4    11     2   -0.000265839742341
  4     4    11    11   -0.000317165947369
  4     4    11    14   0.000723974517023
  4     4    12     5   -0.0525458019792
  4     4    12    12   -0.00598637712883
  4     4    13     6   -0.00011319619188
  4     4    13    13   -5.42464565785e-06
  4     4    14     0   0.000176055814387
  4     4    14     2   0.000168862590438
  4     4    14    11   0.000723974517023
  4     4    14    14   -0.000248094784172
  4     4    15     1   0.000517091975752
  4     4    15     7   3.05544785771e-05
  4     4    15    10   6.8962115331e-05
  4     4    15    15   -0.000340231300897
  4     5     0     1   0.00151596464198
  4     5     0     7   0.00132631341685
  4     5     0    10   0.000599690947819
  4     5     0    15   -0.000273574256053
  4     5     1     0   -0.00313296757694
  4     5     1     2   0.000540804493729
  4     5     1    11   0.00146234156161
  4     5     1    14   -0.000420623495856
  4     5     2     1   -0.000811845267393
  4     5     2     7   0.00241908352137
  4     5     2    10   0.000405529378695
  4     5     2    15   -0.000102516877551
  4     5     3     6   -0.00148932854584
  4     5     3    13   -5.61008695633e-05
  4     5     4     5     0.278256557128
  4     5     4    12    0.0223427499127
  4     5     5     4    -0.271520907886
  4     5     5     9   -0.0214203550681
  4     5     6     3   0.00143544408647
  4     5     6     8   0.000347528445466
  4     5     7     0   -0.0010383435428
  4     5     7     2   -0.0020199695103
  4     5     7    11   3.20009513872e-05
  4     5     7    14   -0.000190822129053
  4     5     8     6   -0.000375106849223
  4     5     8    13   -4.3371316813e-05
  4     5     9     5    0.0176091814664
  4     5     9    12   0.000923042595107
  4     5    10     0   -1.59515102181e-05
  4     5    10     2   -0.000238093026203
  4     5    10    11   2.10533164122e-05
  4     5    10    14   -9.85963151786e-06
  4     5    11     1   -0.000257494538716
  4     5    11     7   -0.000105991015373
  4     5    11    10   4.28215892066e-05
  4     5    11    15   -0.000345518442441
  4     5    12     4   -0.0182719109695
  4     5    12     9   -0.0012657636715
  4     5    13     3   3.91232621341e-05
  4     5    13     8   3.0677437163e-05
  4     5    14     1   0.000200916175806
  4     5    14     7   0.000241724358698
  4     5    14    10   6.17901580068e-06
  4     5    14    15   0.000184263246359
  4     5    15     0   -0.000210001712115
  4     5    15     2   2.14167588906e-05
  4     5    15    11   0.000257173932673
  4     5    15    14   -0.000169855255015
  4     6     3     5    -0.649858301211
  4     6     3    12     -0.05340182006
  4     6     4     6     0.920879916995
  4     6     4    13     0.075413224574
  4     6     5     3    0.0313347351373
  4     6     5     8   -0.00683713591598
  4     6     6     4     -0.29551415167
  4     6     6     9    -0.014494134154
  4     6     8     5   -0.0385137298127
  4     6     8    12     0.013990252179
  4     6     9     6    0.0565118104239
  4     6     9    13   -0.0129931781351
  4     6    12     3    0.0108792557494
  4     6    12     8   -0.0167357866844
  4     6    13     4   -0.0289768601167
  4     6    13     9    0.0154336031538
  4     7     0     5    -0.053194350475
  4     7     0    12   -0.00491262744895
  4     7     1     4    0.0445419219966
  4     7     1     9   0.00447706888016
  4     7     2     5     0.502705416088
  4     7     2    12    0.0462959944616
  4     7     4     1   -0.0735229736929
  4     7     4     7     0.524297128576
  4     7     4    10    0.0585633443704
  4     7     4    15    0.0151796225989
  4     7     5     0   0.00238162971262
  4     7     5     2    -0.062773174595
  4     7     5    11   0.000111094854773
  4     7     5    14   0.00405727292101
  4     7     7     4    -0.193204107597
  4     7     7     9   -0.00177397425536
  4     7     9     1   -0.00574351163332
  4     7     9     7    0.0291381053382
  4     7     9    10   -0.00343681567832
  4     7     9    15   -0.00489294851761
  4     7    10     4   -0.0247731580835
  4     7    10     9   0.00922415240338
  4     7    11     5   -0.0125796456758
  4     7    11    12   -0.00325653181295
  4     7    12     0   0.00173232190128
  4     7    12     2   -0.0196056422429
  4     7    12    11   -0.00111175068566
  4     7    12    14     0.011267039985
  4     7    14     5     0.021916625394
  4     7    14    12   -0.0105812685681
  4     7    15     4   -0.00642042946302
  4     7    15     9   0.00482156881591
  4     8     3     4   -0.0380013710934
  4     8     3     9   -0.00560036009549
  4     8     4     3    0.0946408461921
  4     8     4     8    0.0131874046962
  4     8     5     6   0.00641498621153
  4     8     5    13   -0.000700491180826
  4     8     6     5    -0.049534296235
  4     8     6    12   -0.00494945497934
  4     8     8     4   -0.00463135097992
  4     8     8     9   0.00119834227516
  4     8     9     3   0.00897459005429
  4     8     9     8   -0.000974635358086
  4     8    12     6   0.00164129001836
  4     8    12    13   -0.00137967733808
  4     8    13     5   -0.0058074046962
  4     8    13    12   0.000774710695196
  4     9     0     0   -0.00280622494274
  4     9     0     2   -0.00240372888322
  4     9     0    11   -0.000676215772637
  4     9     0    14   0.000120678490116
  4     9     1     1   -0.00780032600675
  4     9     1     7   0.000229895608398
  4     9     1    10   -0.000329906062485
  4     9     1    15   0.000188297076233
  4     9     2     0   0.000352480346052
  4     9     2     2   8.53661278077e-06
  4     9     2    11   -0.000222726418436
  4     9     2    14   0.000142378925628
  4     9     3     3   3.44568026249e-05
  4     9     3     8   0.000146616550871
  4     9     4     4    0.0569024436889
  4     9     4     9   0.00766389822865
  4     9     5     5   -0.0431064392743
  4     9     5    12   -0.00556221992908
  4     9     6     6   -3.76973595945e-05
  4     9     6    13   7.79528279583e-05
  4     9     7     1   -0.000286473479231
  4     9     7     7   -0.000106139935414
  4     9     7    10   0.000133242307329
  4     9     7    15   -3.46573718165e-05
  4     9     8     3   -4.75396770155e-05
  4     9     8     8   4.42914718543e-05
  4     9     9     4   0.00423482880338
  4     9     9     9   0.000185272717077
  4     9    10     1   0.000497160855235
  4     9    10     7   -7.18399570932e-05
  4     9    10    10   6.34243661776e-05
  4     9    10    15   -4.3217817639e-05
  4     9    11     0   0.00035079452547
  4     9    11     2   0.000290077423987
  4     9    11    11   0.000164404986736
  4     9    11    14   8.38496444359e-05
  4     9    12     5   -0.00410844543286
  4     9    12    12   -0.000569237036954
  4     9    13     6   -5.70456373495e-05
  4     9    13    13   1.70952083282e-05
  4     9    14     0   -2.01242640902e-05
  4     9    14     2   -8.55753857537e-05
  4     9    14    11   6.11416014462e-05
  4     9    14    14   4.79853035876e-05
  4     9    15     1   -0.00028817647621
  4     9    15     7   2.71258109551e-05
  4     9    15    10   -3.70849997568e-05
  4     9    15    15   1.19591671658e-05
  4    10     0     5    0.0270081057414
  4    10     0    12   0.00289731586546
  4    10     1     4    0.0240342037507
  4    10     1     9   0.000105117265696
  4    10     2     5    0.0549973518698
  4    10     2    12    0.0065367091054
  4    10     4     1   -0.0477101495652
  4    10     4     7    0.0585633443704
  4    10     4    10    0.0146044105792
  4    10     4    15   -0.00152743480427
  4    10     5     0   -0.00576796344542
  4    10     5     2   -0.0130630152196
  4    10     5    11   0.000703676563088
  4    10     5    14   0.000776872713337
  4    10     7     4   -0.0247731580835
  4    10     7     9   -0.00140564149704
  4    10     9     1   -0.000557126704412
  4    10     9     7   0.00334261693483
  4    10     9    10   0.000618632385192
  4    10     9    15   -0.0012300132764
  4    10    10     4   -0.00658502805034
  4    10    10     9   0.000963432423195
  4    10    11     5   -0.00372085155256
  4    10    11    12   -0.000990056859979
  4    10    12     0   -0.00220847361984
  4    10    12     2   -0.00453097441425
  4    10    12    11   -0.000690387999025
  4    10    12    14   0.00133597053367
  4    10    14     5   0.00379824337926
  4    10    14    12   -0.000881881255571
  4    10    15     4   0.00121606044816
  4    10    15     9   0.000323314384307
  4    11     0     4    0.0274049088428
  4    11     0     9   -0.000158929961629
  4    11     1     5    0.0567195484666
  4    11     1    12   0.00635711778531
  4    11     2     4     0.017480745948
  4    11     2     9   0.00110517082864
  4    11     4     0   -0.0519343032914
  4    11     4     2   -0.0399461754538
  4    11     4    11    0.0147988650258
  4    11     4    14   -0.00304893090419
  4    11     5     1   -0.0157826875095
  4    11     5     7   -0.00052891511914
  4    11     5    10   0.000907540663932
  4    11     5    15   -0.000828505708202
  4    11     7     5   -0.0127844560809
  4    11     7    12   -0.000231713925174
  4    11     9     0   0.000207005955299
  4    11     9     2   -0.00172655317059
  4    11     9    11   0.00203108912357
  4    11     9    14   0.000453322592441
  4    11    10     5   -0.00394277426545
  4    11    10    12   -0.000514789109186
  4    11    11     4   -0.0075387556763
  4    11    11     9   0.000468061130501
  4    11    12     1   -0.00503847881442
  4    11    12     7   -0.000174127676562
  4    11    12    10   -0.00090321591646
  4    11    12    15   0.000234579356929
  4    11    14     4   0.00158504759004
  4    11    14     9   -0.000704083011721
  4    11    15     5   0.00165854359449
  4    11    15    12   0.000850623643323
  4    12     0     1   0.00288502344514
  4    12     0     7   -0.000822724216701
  4    12     0    10   0.000357497871427
  4    12     0    15   -0.000308673082765
  4    12     1     0    0.0044438548951
  4    12     1     2   -0.00154020541412
  4    12     1    11   0.000501477419906
  4    12     1    14   -0.000224821162715
  4    12     2     1   0.00141106003056
  4    12     2     7   0.000272345367299
  4    12     2    10   -2.38662541625e-06
  4    12     2    15   -2.63708130457e-05
  4    12     3     6   -4.99313434313e-05
  4    12     3    13   2.44456373554e-05
  4    12     4     5    0.0223427499127
  4    12     4    12   0.00479770443312
  4    12     5     4   -0.0182719109695
  4    12     5     9   -0.00400330014156
  4    12     6     3   3.50619154715e-05
  4    12     6     8   0.000109426113505
  4    12     7     0   -0.000917338459123
  4    12     7     2   -0.000264519363225
  4    12     7    11   -1.89376389289e-05
  4    12     7    14   -0.000109583773646
  4    12     8     6   -2.38442954015e-05
  4    12     8    13   3.94996458903e-05
  4    12     9     5   0.000186098119409
  4    12     9    12   0.00014126565354
  4    12    10     0   -0.000416747050235
  4    12    10     2   5.53167361741e-05
  4    12    10    11   -5.22243992783e-05
  4    12    10    14   3.71397127205e-07
  4    12    11     1   -0.000332026432557
  4    12    11     7   9.74544109131e-05
  4    12    11    10   -3.54676584579e-05
  4    12    11    15   5.38000548838e-05
  4    12    12     4   -0.000452100579433
  4    12    12     9   -0.000246189066192
  4    12    13     3   1.13503910784e-06
  4    12    13     8   4.95957247813e-05
  4    12    14     1   0.000106963917826
  4    12    14     7   4.45563181436e-06
  4    12    14    10   -2.09096310816e-05
  4    12    14    15   -1.62620915732e-05
  4    12    15     0   0.000126505887232
  4    12    15     2   -4.80906193118e-05
  4    12    15    11   6.73384816722e-05
  4    12    15    14   -5.31530399259e-05
  4    13     3     5   -0.0533344844814
  4    13     3    12   -0.00612770003122
  4    13     4     6     0.075413224574
  4    13     4    13      0.01077663585
  4    13     5     3    0.0109331106766
  4    13     5     8   -0.000677681094302
  4    13     6     4   -0.0289768601167
  4    13     6     9   -0.00336705560649
  4    13     8     5   -0.00569208163998
  4    13     8    12   0.00084070740902
  4    13     9     6   0.00587478394463
  4    13     9    13   -0.000734305664468
  4    13    12     3   0.00349620524751
  4    13    12     8   -0.0013119411496
  4    13    13     4   -0.00386609898844
  4    13    13     9   0.00102731854202
  4    14     0     4   0.00103729737267
  4    14     0     9   0.000405496262722
  4    14     1     5   -0.0119862258456
  4    14     1    12   -0.00136698858676
  4    14     2     4   -0.0365366002273
  4    14     2     9   -0.00573066774145
  4    14     4     0   -0.00364562765193
  4    14     4     2     0.081087148949
  4    14     4    11   -0.00304893090419
  4    14     4    14    0.0102146429952
  4    14     5     1   0.00505842600069
  4    14     5     7   -0.00223103257733
  4    14     5    10   0.000182862085909
  4    14     5    15   0.000515441161023
  4    14     7     5    0.0293665011344
  4    14     7    12   0.00248437266329
  4    14     9     0   -0.000946124734299
  4    14     9     2   0.00890025151509
  4    14     9    11   -0.00059852245369
  4    14     9    14   -0.000722018413807
  4    14    10     5   0.00439723805534
  4    14    10    12   -0.00019194012553
  4    14    11     4   0.00158504759004
  4    14    11     9   3.89467638258e-05
  4    14    12     1   0.00114821209295
  4    14    12     7   0.000181612834832
  4    14    12    10    0.0010215622183
  4    14    12    15   0.000466605940716
  4    14    14     4   -0.00424310282519
  4    14    14     9   0.000857743863578
  4    14    15     5   0.000895780102225
  4    14    15    12   -0.000495940512594
  4    15     0     5    -0.020791765479
  4    15     0    12   -0.00269947783209
  4    15     1     4   -0.0150171067526
  4    15     1     9   0.00042943808884
  4    15     2     5    0.0122986927469
  4    15     2    12   0.00176084502436
  4    15     4     1    0.0262209352715
  4    15     4     7    0.0151796225989
  4    15     4    10   -0.00152743480427
  4    15     4    15   0.00496292273804
  4    15     5     0   0.00558836650992
  4    15     5     2   -0.00350557366468
  4    15     5    11   -0.000411390272658
  4    15     5    14   0.000214492214901
  4    15     7     4   -0.00642042946302
  4    15     7     9   -0.000517622202887
  4    15     9     1   -0.000636131118987
  4    15     9     7   0.00122358269302
  4    15     9    10   -0.000584369644885
  4    15     9    15   0.000463843801706
  4    15    10     4   0.00121606044816
  4    15    10     9   0.000165239829768
  4    15    11     5    0.0013604653657
  4    15    11    12   0.000246924338803
  4    15    12     0   0.00242079782672
  4    15    12     2   -0.00120788070426
  4    15    12    11   0.00037854888372
  4    15    12    14   0.000247823607009
  4    15    14     5    0.0010491698526
  4    15    14    12   -0.000251670982297
  4    15    15     4   -0.00260503079588
  4    15    15     9   0.000100117251923
  5     0     0     5    -0.787197431757
  5     0     0    12   -0.0619805921179
  5     0     1     4   0.00204575600472
  5     0     1     9   -6.92292441557e-05
  5     0     2     5   -0.0269173879284
  5     0     2    12   -0.00206482122418
  5     0     4     1   -0.00113909599751
  5     0     4     7   0.00238162971262
  5     0     4    10   -0.00576796344542
  5     0     4    15   0.00558836650992
  5     0     5     0      1.57925121744
  5     0     5     2    0.0342095943662
  5     0     5    11   -0.0351821870727
  5     0     5    14   -0.00504943038081
  5     0     7     4    -0.053194350475
  5     0     7     9   -0.00282537564828
  5     0     9     1   0.00159172431274
  5     0     9     7   -0.00515092039403
  5     0     9    10    0.0134550705734
  5     0     9    15   -0.0141175696472
  5     0    10     4    0.0270081057414
  5     0    10     9   0.00118372019082
  5     0    11     5    0.0178493136042
  5     0    11    12   0.00355355567932
  5     0    12     0     0.123448403197
  5     0    12     2   0.00384613255561
  5     0    12    11   -0.0234088707526
  5     0    12    14   0.00447318508342
  5     0    14     5   0.00179757943222
  5     0    14    12   -0.00141780233319
  5     0    15     4    -0.020791765479
  5     0    15     9   -0.000262149074266
  5     1     0     4     0.001529907669
  5     1     0     9   2.84479503991e-05
  5     1     1     5    -0.785511984703
  5     1     1    12   -0.0619056034011
  5     1     2     4    0.0280660474855
  5     1     2     9   0.000941927936889
  5     1     4     0   -0.00020803751917
  5     1     4     2   -0.00123736423388
  5     1     4    11   -0.0157826875095
  5     1     4    14   0.00505842600069
  5     1     5     1      1.57438694005
  5     1     5     7   -0.0511332981115
  5     1     5    10   -0.0374943563009
  5     1     5    15     0.022271395114
  5     1     7     5    0.0310930998416
  5     1     7    12   0.000344684351243
  5     1     9     0   0.00108700646833
  5     1     9     2   0.00216478493669
  5     1     9    11    0.0258287466378
  5     1     9    14   -0.00413708287899
  5     1    10     5    0.0184740531205
  5     1    10    12   0.00330226014637
  5     1    11     4    0.0567195484666
  5     1    11     9   -0.000133284121862
  5     1    12     1     0.123058948631
  5     1    12     7   0.00294998865511
  5     1    12    10    -0.017880549497
  5     1    12    15    0.0147346214305
  5     1    14     4   -0.0119862258456
  5     1    14     9   -0.000206756570824
  5     1    15     5    -0.013800475121
  5     1    15    12   -0.00217247807376
  5     2     0     5   -0.0269173879284
  5     2     0    12   -0.00146892793766
  5     2     1     4    0.0264105639642
  5     2     1     9   0.000835880931373
  5     2     2     5    -0.518232357224
  5     2     2    12    -0.049299436719
  5     2     4     1   0.00191208993784
  5     2     4     7    -0.062773174595
  5     2     4    10   -0.0130630152196
  5     2     4    15   -0.00350557366468
  5     2     5     0    0.0342095943662
  5     2     5     2      1.17599666498
  5     2     5    11   -0.0264312741098
  5     2     5    14    0.0439375235809
  5     2     7     4     0.502705416088
  5     2     7     9    0.0173419557332
  5     2     9     1    0.0019149749433
  5     2     9     7     0.025985888495
  5     2     9    10    0.0204699272987
  5     2     9    15   0.00626206640977
  5     2    10     4    0.0549973518698
  5     2    10     9   -0.0111640427167
  5     2    11     5    0.0111598550135
  5     2    11    12   0.00226744742442
  5     2    12     0   0.00214498870004
  5     2    12     2    0.0968453493265
  5     2    12    11   -0.00877258288288
  5     2    12    14   -0.0169955430618
  5     2    14     5   -0.0145552894021
  5     2    14    12    0.0165364356767
  5     2    15     4    0.0122986927469
  5     2    15     9   -0.00626733960615
  5     3     3     5     -0.29548665022
  5     3     3    12   -0.0289959259979
  5     3     4     6    0.0313347351373
  5     3     4    13    0.0109331106766
  5     3     5     3     0.920831186908
  5     3     5     8    0.0558556522982
  5     3     6     4    -0.649858301211
  5     3     6     9   -0.0388260395431
  5     3     8     5    -0.014227446849
  5     3     8    12    0.0154336404055
  5     3     9     6   -0.00692588874884
  5     3     9    13   -0.0167121161427
  5     3    12     3    0.0755557490658
  5     3    12     8   -0.0129724769222
  5     3    13     4   -0.0533344844814
  5     3    13     9    0.0140022833982
  5     4     0     1   -0.00313296757694
  5     4     0     7   -0.0010383435428
  5     4     0    10   -1.59515102181e-05
  5     4     0    15   -0.000210001712115
  5     4     1     0   0.00151596464198
  5     4     1     2   -0.000811845267393
  5     4     1    11   -0.000257494538716
  5     4     1    14   0.000200916175806
  5     4     2     1   0.000540804493729
  5     4     2     7   -0.0020199695103
  5     4     2    10   -0.000238093026203
  5     4     2    15   2.14167588906e-05
  5     4     3     6   0.00143544408647
  5     4     3    13   3.91232621341e-05
  5     4     4     5    -0.271520907886
  5     4     4    12   -0.0182719109695
  5     4     5     4     0.278256557128
  5     4     5     9    0.0176091814664
  5     4     6     3   -0.00148932854584
  5     4     6     8   -0.000375106849223
  5     4     7     0   0.00132631341685
  5     4     7     2   0.00241908352137
  5     4     7    11   -0.000105991015373
  5     4     7    14   0.000241724358698
  5     4     8     6   0.000347528445466
  5     4     8    13   3.0677437163e-05
  5     4     9     5   -0.0214203550681
  5     4     9    12   -0.0012657636715
  5     4    10     0   0.000599690947819
  5     4    10     2   0.000405529378695
  5     4    10    11   4.28215892066e-05
  5     4    10    14   6.17901580068e-06
  5     4    11     1   0.00146234156161
  5     4    11     7   3.20009513872e-05
  5     4    11    10   2.10533164122e-05
  5     4    11    15   0.000257173932673
  5     4    12     4    0.0223427499127
  5     4    12     9   0.000923042595107
  5     4    13     3   -5.61008695633e-05
  5     4    13     8   -4.3371316813e-05
  5     4    14     1   -0.000420623495856
  5     4    14     7   -0.000190822129053
  5     4    14    10   -9.85963151786e-06
  5     4    14    15   -0.000169855255015
  5     4    15     0   -0.000273574256053
  5     4    15     2   -0.000102516877551
  5     4    15    11   -0.000345518442441
  5     4    15    14   0.000184263246359
  5     5     0     0   -0.00361889204666
  5     5     0     2   -0.00337034083137
  5     5     0    11   -0.000188633221738
  5     5     0    14   -0.000114406489477
  5     5     1     1   -0.0152000605877
  5     5     1     7   0.000296746979963
  5     5     1    10   9.76376213064e-05
  5     5     1    15   4.02521585281e-05
  5     5     2     0   -0.00337034083137
  5     5     2     2   -0.00368007389356
  5     5     2    11   0.000164182547888
  5     5     2    14   -0.000223968467457
  5     5     3     3   -0.00174800612456
  5     5     3     8   -0.000156411564231
  5     5     4     4    -0.673970989722
  5     5     4     9   -0.0431064392743
  5     5     5     5     0.510617080259
  5     5     5    12    0.0401417933629
  5     5     6     6   0.00182680067912
  5     5     6    13   0.000213814296459
  5     5     7     1   0.000296746979963
  5     5     7     7   0.00348436595037
  5     5     7    10   0.00041660764992
  5     5     7    15   -3.58519110626e-05
  5     5     8     3   -0.000156411564231
  5     5     8     8   5.41879746831e-05
  5     5     9     4   -0.0431064392743
  5     5     9     9   0.00146330939557
  5     5    10     1   9.76376213064e-05
  5     5    10     7   0.00041660764992
  5     5    10    10   0.000461310793275
  5     5    10    15   -9.28871368243e-05
  5     5    11     0   -0.000188633221738
  5     5    11     2   0.000164182547888
  5     5    11    11   0.000314254766444
  5     5    11    14   -0.00049248255295
  5     5    12     5    0.0401417933629
  5     5    12    12   0.00457921644103
  5     5    13     6   0.000213814296459
  5     5    13    13   3.37686222262e-05
  5     5    14     0   -0.000114406489477
  5     5    14     2   -0.000223968467457
  5     5    14    11   -0.00049248255295
  5     5    14    14   0.000195693501393
  5     5    15     1   4.02521585281e-05
  5     5    15     7   -3.58519110626e-05
  5     5    15    10   -9.28871368243e-05
  5     5    15    15   0.000319715979595
  5     6     3     4    -0.650732527332
  5     6     3     9   -0.0497183215369
  5     6     4     3   -0.0312647752438
  5     6     4     8   0.00641498621153
  5     6     5     6     0.657164252176
  5     6     5    13     0.050052656982
  5     6     6     5    -0.139027769076
  5     6     6    12   -0.0100453016193
  5     6     8     4    -0.049534296235
  5     6     8     9    0.0137422065974
  5     6     9     3   0.00647096639571
  5     6     9     8   -0.0131239609864
  5     6    12     6    0.0502415790369
  5     6    12    13   -0.00692792010756
  5     6    13     5   -0.00986774207817
  5     6    13    12    0.0113855726548
  5     7     0     4   -0.0565817660415
  5     7     0     9   -0.00460920528435
  5     7     1     5    0.0310930998416
  5     7     1    12    0.0033523596057
  5     7     2     4     0.487767403535
  5     7     2     9    0.0422294453441
  5     7     4     0   -0.000914330437657
  5     7     4     2    0.0696023278774
  5     7     4    11   -0.00052891511914
  5     7     4    14   -0.00223103257733
  5     7     5     1   -0.0511332981115
  5     7     5     7     0.410966370508
  5     7     5    10    0.0436352405077
  5     7     5    15   0.00984986782898
  5     7     7     5   -0.0911472994836
  5     7     7    12   -0.00138014118591
  5     7     9     0   0.00137976420083
  5     7     9     2   -0.0123067534368
  5     7     9    11   -0.0014948815208
  5     7     9    14   0.00828009610943
  5     7    10     5   -0.0107099317494
  5     7    10    12    0.0071097131459
  5     7    11     4   -0.0127844560809
  5     7    11     9   -0.00252413799716
  5     7    12     1   -0.00439533304438
  5     7    12     7    0.0290345191545
  5     7    12    10   -0.000332507342959
  5     7    12    15   -0.00324556254045
  5     7    14     4    0.0293665011344
  5     7    14     9   -0.0106450213425
  5     7    15     5   -0.00172691291438
  5     7    15    12   0.00337935757329
  5     8     3     5    -0.014227446849
  5     8     3    12   -0.0033460605705
  5     8     4     6   -0.00683713591598
  5     8     4    13   -0.000677681094302
  5     8     5     3    0.0558556522982
  5     8     5     8   0.00843254894028
  5     8     6     4   -0.0385137298127
  5     8     6     9   -0.00396740279953
  5     8     8     5   -0.00160112433883
  5     8     8    12   0.000589512946115
  5     8     9     6   0.00110012602926
  5     8     9    13   -0.000698137032008
  5     8    12     3   0.00582623060428
  5     8    12     8   -8.73526534098e-05
  5     8    13     4   -0.00569208163998
  5     8    13     9   0.000392450072576
  5     9     0     1    0.0143227621726
  5     9     0     7   -0.00108461194681
  5     9     0    10   -0.000201980634083
  5     9     0    15   4.00570542425e-05
  5     9     1     0    0.0062703943953
  5     9     1     2   0.00511879210235
  5     9     1    11   0.000419862369701
  5     9     1    14   9.08902376907e-05
  5     9     2     1   0.000370091899967
  5     9     2     7   -0.000453726889143
  5     9     2    10   2.59876406796e-06
  5     9     2    15   -5.53520089536e-05
  5     9     3     6   0.000223738024515
  5     9     3    13   9.95907846305e-05
  5     9     4     5   -0.0214203550681
  5     9     4    12   -0.00400330014156
  5     9     5     4    0.0176091814664
  5     9     5     9   0.00471636069805
  5     9     6     3   -0.000246305209355
  5     9     6     8   0.000217540167075
  5     9     7     0   0.000171831967988
  5     9     7     2   0.000212627746087
  5     9     7    11   -9.40150734662e-05
  5     9     7    14   -0.00025181382183
  5     9     8     6   7.32836751944e-05
  5     9     8    13   0.000120720549517
  5     9     9     5   -0.0004670372772
  5     9     9    12   2.99365525974e-05
  5     9    10     0   -0.000209418885159
  5     9    10     2   -0.000144857853526
  5     9    10    11   -0.000263569688534
  5     9    10    14   -0.000131564406365
  5     9    11     1   -0.000861980009713
  5     9    11     7   3.17874666573e-05
  5     9    11    10   -0.000253811711181
  5     9    11    15   0.00018873512436
  5     9    12     4   0.000186098119409
  5     9    12     9   0.000430806518074
  5     9    13     3   -1.5609227292e-05
  5     9    13     8   0.000119704424008
  5     9    14     1   0.000117942948407
  5     9    14     7   -0.00016531035293
  5     9    14    10   -8.84219490183e-05
  5     9    14    15   -7.12475729685e-05
  5     9    15     0   0.000145969518008
  5     9    15     2   0.000120037199246
  5     9    15    11   0.000160477638806
  5     9    15    14   -2.1379130136e-05
  5    10     0     4    0.0252679094664
  5    10     0     9   0.00230071061342
  5    10     1     5    0.0184740531205
  5    10     1    12   0.000686115934676
  5    10     2     4    0.0457365392174
  5    10     2     9   0.00519846573467
  5    10     4     0   0.00508471150144
  5    10     4     2    0.0117347579186
  5    10     4    11   0.000907540663932
  5    10     4    14   0.000182862085909
  5    10     5     1   -0.0374943563009
  5    10     5     7    0.0436352405077
  5    10     5    10    0.0102692352174
  5    10     5    15   -0.00116151409725
  5    10     7     5   -0.0107099317494
  5    10     7    12   -0.000969166375731
  5    10     9     0   -0.00119738208719
  5    10     9     2   -0.00218350246367
  5    10     9    11   -0.0010875287507
  5    10     9    14   0.000955356593296
  5    10    10     5   -0.00327353142436
  5    10    10    12   0.000694924522642
  5    10    11     4   -0.00394277426545
  5    10    11     9   -0.000922273246145
  5    10    12     1   -0.00145434012899
  5    10    12     7   0.00324913673561
  5    10    12    10   0.00102727801102
  5    10    12    15   -0.000909254964022
  5    10    14     4   0.00439723805534
  5    10    14     9   -0.000737657756392
  5    10    15     5   0.00105521147396
  5    10    15    12   7.06952948877e-05
  5    11     0     5    0.0178493136042
  5    11     0    12   0.000353486692928
  5    11     1     4    0.0458178232346
  5    11     1     9   0.00479701726324
  5    11     2     5    0.0111598550135
  5    11     2    12   0.000968986056812
  5    11     4     1    0.0156759050596
  5    11     4     7   0.000111094854773
  5    11     4    10   0.000703676563088
  5    11     4    15   -0.000411390272658
  5    11     5     0   -0.0351821870727
  5    11     5     2   -0.0264312741098
  5    11     5    11    0.0104459670738
  5    11     5    14   -0.00190815115383
  5    11     7     4   -0.0125796456758
  5    11     7     9   -0.000142510498287
  5    11     9     1   -0.00262441361849
  5    11     9     7   -0.000487306002829
  5    11     9    10   -0.00117450019196
  5    11     9    15   0.000490600507183
  5    11    10     4   -0.00372085155256
  5    11    10     9   -0.000528369877978
  5    11    11     5   -0.00388283341858
  5    11    11    12   0.000458055652253
  5    11    12     0   -0.000593308355522
  5    11    12     2   -0.00169039196186
  5    11    12    11   0.00211761844639
  5    11    12    14   0.000123693283547
  5    11    14     5   0.000362946675549
  5    11    14    12   -0.0004849317393
  5    11    15     4    0.0013604653657
  5    11    15     9   0.000888102947839
  5    12     0     0   -0.00864106376306
  5    12     0     2   0.00165316512744
  5    12     0    11   -0.000300739899385
  5    12     0    14   0.000155813790399
  5    12     1     1   -0.00665093387036
  5    12     1     7   0.000734834922491
  5    12     1    10   -7.93656140873e-05
  5    12     1    15   0.000107242874218
  5    12     2     0   -0.00233012633156
  5    12     2     2   -0.000700748141862
  5    12     2    11   4.74267938105e-05
  5    12     2    14   5.30727526487e-05
  5    12     3     3   -0.000101897177135
  5    12     3     8   7.38526335378e-05
  5    12     4     4   -0.0525458019792
  5    12     4     9   -0.00556221992908
  5    12     5     5    0.0401417933629
  5    12     5    12   0.00526731616056
  5    12     6     6   0.000217061319799
  5    12     6    13   0.000135984527967
  5    12     7     1   0.00109311538857
  5    12     7     7   0.000607950716942
  5    12     7    10   0.00014261910042
  5    12     7    15   8.68065263663e-05
  5    12     8     3   -3.45963086842e-05
  5    12     8     8   3.82626248434e-05
  5    12     9     4   -0.00410844543286
  5    12     9     9   -4.36603953327e-05
  5    12    10     1   0.000340966190591
  5    12    10     7   3.19789171954e-05
  5    12    10    10   0.00012949343309
  5    12    10    15   -5.63093729042e-05
  5    12    11     0   0.000589716920729
  5    12    11     2   -0.000127943003835
  5    12    11    11   0.00021259249446
  5    12    11    14   -0.000117259812998
  5    12    12     5   0.00350406910772
  5    12    12    12   0.00056596460578
  5    12    13     6   4.99146571408e-05
  5    12    13    13   1.77153471051e-05
  5    12    14     0   -0.00018880422296
  5    12    14     2   -8.47069891418e-05
  5    12    14    11   -7.11848428353e-05
  5    12    14    14   9.89596849032e-05
  5    12    15     1   -9.27610799403e-05
  5    12    15     7   8.50455972982e-05
  5    12    15    10   -3.40127553616e-05
  5    12    15    15   0.000135789772553
  5    13     3     4   -0.0424933344524
  5    13     3     9   -0.00497483376818
  5    13     4     3   -0.00996938428899
  5    13     4     8   -0.000700491180826
  5    13     5     6     0.050052656982
  5    13     5    13   0.00717963116242
  5    13     6     5   -0.00986774207817
  5    13     6    12   -0.00203049621568
  5    13     8     4   -0.0058074046962
  5    13     8     9   0.000538409172709
  5    13     9     3    0.0016416869154
  5    13     9     8   -0.000697747729959
  5    13    12     6   0.00486386893388
  5    13    12    13   -1.45130621756e-05
  5    13    13     5   -0.00137291068521
  5    13    13    12   0.00054273606278
  5    14     0     5   0.00179757943222
  5    14     0    12   0.000351880178314
  5    14     1     4   -0.00690370224827
  5    14     1     9   -0.00081344698106
  5    14     2     5   -0.0145552894021
  5    14     2    12   -0.00330882775526
  5    14     4     1   -0.00573341418911
  5    14     4     7   0.00405727292101
  5    14     4    10   0.000776872713337
  5    14     4    15   0.000214492214901
  5    14     5     0   -0.00504943038081
  5    14     5     2    0.0439375235809
  5    14     5    11   -0.00190815115383
  5    14     5    14   0.00650013412807
  5    14     7     4     0.021916625394
  5    14     7     9   0.00206632720849
  5    14     9     1   0.000333926793994
  5    14     9     7   -2.80695689756e-05
  5    14     9    10   0.000651332878642
  5    14     9    15   0.000147381092281
  5    14    10     4   0.00379824337926
  5    14    10     9   3.62910156947e-05
  5    14    11     5   0.000362946675549
  5    14    11    12   -9.50034338102e-05
  5    14    12     0   -0.000832624878641
  5    14    12     2   0.00495528914925
  5    14    12    11   -0.000516751754373
  5    14    12    14   -2.76224671292e-05
  5    14    14     5   -0.0016375226323
  5    14    14    12   0.000404275678083
  5    14    15     4    0.0010491698526
  5    14    15     9   -0.000290033007893
  5    15     0     4   -0.0168358726969
  5    15     0     9   -0.00206236303735
  5    15     1     5    -0.013800475121
  5    15     1    12   -0.000320305464085
  5    15     2     4   0.00889286207635
  5    15     2     9   0.00137771667999
  5    15     4     0   -0.00453630877033
  5    15     4     2   0.00284502598341
  5    15     4    11   -0.000828505708202
  5    15     4    14   0.000515441161023
  5    15     5     1     0.022271395114
  5    15     5     7   0.00984986782898
  5    15     5    10   -0.00116151409725
  5    15     5    15   0.00354678502681
  5    15     7     5   -0.00172691291438
  5    15     7    12   -0.000341814159664
  5    15     9     0   0.00154449998571
  5    15     9     2   -0.000406772239118
  5    15     9    11   0.000560079356191
  5    15     9    14   2.10618202315e-05
  5    15    10     5   0.00105521147396
  5    15    10    12   9.14592070533e-05
  5    15    11     4   0.00165854359449
  5    15    11     9   0.000232886181322
  5    15    12     1   0.000474117410151
  5    15    12     7   0.00131127381532
  5    15    12    10   -0.000430717502678
  5    15    12    15   0.000497574701427
  5    15    14     4   0.000895780102225
  5    15    14     9   -0.000157978178879
  5    15    15     5   -0.00170453890071
  5    15    15    12       5.876401e-05
  6     0     0     6    -0.787278441843
  6     0     0    13   -0.0618617615637
  6     0     1     3   0.00205494899934
  6     0     1     8   -0.000103723784456
  6     0     2     6   -0.0270740931371
  6     0     2    13   -0.00214575999307
  6     0     3     1   -0.00113645535318
  6     0     3     7   0.00230017862244
  6     0     3    10   -0.00571489610557
  6     0     3    15   0.00551531209968
  6     0     6     0      1.57948244874
  6     0     6     2    0.0344489883363
  6     0     6    11   -0.0347699025045
  6     0     6    14   -0.00509046270214
  6     0     7     3   -0.0530889670626
  6     0     7     8   -0.00288637072481
  6     0     8     1   0.00170540314852
  6     0     8     7   -0.00495176073688
  6     0     8    10    0.0122799002307
  6     0     8    15   -0.0139796220496
  6     0    10     3    0.0268583077004
  6     0    10     8   0.00142297507526
  6     0    11     6    0.0176567090875
  6     0    11    13   0.00376417823042
  6     0    13     0     0.123195601047
  6     0    13     2   0.00394962759998
  6     0    13    11   -0.0247963222652
  6     0    13    14   0.00425807129838
  6     0    14     6   0.00183628507857
  6     0    14    13   -0.00143046438948
  6     0    15     3   -0.0206986502859
  6     0    15     8    -0.000235471166
  6     1     0     3   0.00143324336214
  6     1     0     8   4.70616038421e-05
  6     1     1     6    -0.785625115185
  6     1     1    13   -0.0617410532892
  6     1     2     3    0.0280934574755
  6     1     2     8   0.00093445659109
  6     1     3     0   -0.000153060161113
  6     1     3     2   -0.00131138435951
  6     1     3    11    -0.016041221995
  6     1     3    14   0.00509021850044
  6     1     6     1      1.57450676222
  6     1     6     7   -0.0507783343276
  6     1     6    10   -0.0376524401574
  6     1     6    15    0.0224560945973
  6     1     7     6     0.030756725121
  6     1     7    13   0.000365897598069
  6     1     8     0   0.00105586389184
  6     1     8     2   0.00212249455762
  6     1     8    11    0.0257940421367
  6     1     8    14   -0.00390295283854
  6     1    10     6    0.0185621168356
  6     1    10    13   0.00317524266443
  6     1    11     3    0.0568669938228
  6     1    11     8   -0.000283520331164
  6     1    13     1     0.122710755854
  6     1    13     7   0.00294981248027
  6     1    13    10   -0.0178616845624
  6     1    13    15    0.0147568826294
  6     1    14     3   -0.0120503909051
  6     1    14     8   -0.000156987594917
  6     1    15     6   -0.0138598684537
  6     1    15    13   -0.00211714625164
  6     2     0     6   -0.0270740931371
  6     2     0    13   -0.00151567271711
  6     2     1     3    0.0261523217949
  6     2     1     8   0.000790042685905
  6     2     2     6    -0.519230584323
  6     2     2    13   -0.0490646298621
  6     2     3     1   0.00207828355706
  6     2     3     7   -0.0634369517379
  6     2     3    10   -0.0130733395574
  6     2     3    15   -0.0031576808836
  6     2     6     0    0.0344489883363
  6     2     6     2      1.17644924599
  6     2     6    11   -0.0265190328273
  6     2     6    14    0.0439072820939
  6     2     7     3     0.502413859604
  6     2     7     8    0.0170230621664
  6     2     8     1   0.00191206206979
  6     2     8     7    0.0258065006021
  6     2     8    10    0.0203535018686
  6     2     8    15   0.00597486284356
  6     2    10     3    0.0549055533745
  6     2    10     8   -0.0111194839199
  6     2    11     6     0.011201631981
  6     2    11    13   0.00248438516192
  6     2    13     0   0.00217670453865
  6     2    13     2    0.0965047859511
  6     2    13    11   -0.00899144139362
  6     2    13    14   -0.0169210220423
  6     2    14     6   -0.0145945986991
  6     2    14    13    0.0164456094338
  6     2    15     3    0.0122500350948
  6     2    15     8   -0.0061276807247
  6     3     0     1   -0.00398863613615
  6     3     0     7   -0.000185456695053
  6     3     0    10   0.000171603856617
  6     3     0    15   -0.000238221632847
  6     3     1     0   0.00229809820404
  6     3     1     2   -0.000377237589566
  6     3     1    11   -0.000474328938326
  6     3     1    14   0.000230152065205
  6     3     2     1   0.000169369983191
  6     3     2     7   -0.00204664694679
  6     3     2    10   -9.41572943007e-05
  6     3     2    15   6.70468076305e-07
  6     3     3     6    -0.271084652589
  6     3     3    13   -0.0183098793493
  6     3     4     5   0.00143544408647
  6     3     4    12   3.50619154715e-05
  6     3     5     4   -0.00148932854584
  6     3     5     9   -0.000246305209355
  6     3     6     3     0.278115749936
  6     3     6     8    0.0174574922777
  6     3     7     0   0.000244498793136
  6     3     7     2   0.00238661665848
  6     3     7    11   -0.000177660688946
  6     3     7    14    0.0002650225939
  6     3     8     6    -0.021258804687
  6     3     8    13   -0.00124323446929
  6     3     9     5   0.000223738024515
  6     3     9    12   1.3054326344e-05
  6     3    10     0   0.000436770314226
  6     3    10     2   0.000256924404955
  6     3    10    11   8.8244082403e-05
  6     3    10    14   -9.38398034039e-06
  6     3    11     1   0.00185601908607
  6     3    11     7   8.66183024403e-05
  6     3    11    10   -7.68739791032e-06
  6     3    11    15   0.000225168569622
  6     3    12     4   -4.99313434313e-05
  6     3    12     9   -3.19836021765e-05
  6     3    13     3    0.0223831739589
  6     3    13     8   0.000889711940665
  6     3    14     1   -0.000487009368808
  6     3    14     7   -0.000222429735475
  6     3    14    10   1.1616627002e-05
  6     3    14    15   -0.000216450405911
  6     3    15     0   -0.000276387978566
  6     3    15     2   -0.000101007716974
  6     3    15    11   -0.00029673315967
  6     3    15    14   0.00022121971055
  6     4     3     5    0.0313347351373
  6     4     3    12    0.0108792557494
  6     4     4     6     -0.29551415167
  6     4     4    13   -0.0289768601167
  6     4     5     3    -0.649858301211
  6     4     5     8   -0.0385137298127
  6     4     6     4     0.920879916995
  6     4     6     9    0.0565118104239
  6     4     8     5   -0.00683713591598
  6     4     8    12   -0.0167357866844
  6     4     9     6    -0.014494134154
  6     4     9    13    0.0154336031538
  6     4    12     3     -0.05340182006
  6     4    12     8     0.013990252179
  6     4    13     4     0.075413224574
  6     4    13     9   -0.0129931781351
  6     5     3     4   -0.0312647752438
  6     5     3     9   0.00647096639571
  6     5     4     3    -0.650732527332
  6     5     4     8    -0.049534296235
  6     5     5     6    -0.139027769076
  6     5     5    13   -0.00986774207817
  6     5     6     5     0.657164252176
  6     5     6    12    0.0502415790369
  6     5     8     4   0.00641498621153
  6     5     8     9   -0.0131239609864
  6     5     9     3   -0.0497183215369
  6     5     9     8    0.0137422065974
  6     5    12     6   -0.0100453016193
  6     5    12    13    0.0113855726548
  6     5    13     5     0.050052656982
  6     5    13    12   -0.00692792010756
  6     6     0     0   -0.00303856128994
  6     6     0     2   -0.00112636083253
  6     6     0    11   -0.000317422838557
  6     6     0    14   -1.33918416162e-05
  6     6     1     1   -0.0192608032529
  6     6     1     7   0.000770047487349
  6     6     1    10   0.000243008657918
  6     6     1    15   -4.57099623427e-05
  6     6     2     0   -0.00112636083253
  6     6     2     2   -0.00377595501291
  6     6     2    11   0.000185354209017
  6     6     2    14   -0.000214695093517
  6     6     3     3    -0.674630408885
  6     6     3     8   -0.0427974427591
  6     6     4     4   -0.00189196027838
  6     6     4     9   -3.76973595945e-05
  6     6     5     5   0.00182680067912
  6     6     5    12   0.000217061319799
  6     6     6     6     0.511351102225
  6     6     6    13     0.039997444034
  6     6     7     1   0.000770047487349
  6     6     7     7    0.0035377579569
  6     6     7    10   0.000275923818554
  6     6     7    15   5.70616409522e-05
  6     6     8     3   -0.0427974427591
  6     6     8     8   0.00179835488303
  6     6     9     4   -3.76973595945e-05
  6     6     9     9   0.000112459019126
  6     6    10     1   0.000243008657918
  6     6    10     7   0.000275923818554
  6     6    10    10   0.000226033086626
  6     6    10    15   -8.60509274759e-05
  6     6    11     0   -0.000317422838557
  6     6    11     2   0.000185354209017
  6     6    11    11   0.00126646051516
  6     6    11    14   -0.000352261628504
  6     6    12     5   0.000217061319799
  6     6    12    12   0.000223824161048
  6     6    13     6     0.039997444034
  6     6    13    13   0.00424390080441
  6     6    14     0   -1.33918416162e-05
  6     6    14     2   -0.000214695093517
  6     6    14    11   -0.000352261628504
  6     6    14    14   0.000128162222092
  6     6    15     1   -4.57099623427e-05
  6     6    15     7   5.70616409522e-05
  6     6    15    10   -8.60509274759e-05
  6     6    15    15   0.000134402952596
  6     7     0     3   -0.0569213618305
  6     7     0     8   -0.00462215994851
  6     7     1     6     0.030756725121
  6     7     1    13   0.00333185167007
  6     7     2     3     0.486245241166
  6     7     2     8    0.0420055602783
  6     7     3     0   -0.000881059221109
  6     7     3     2    0.0703822486564
  6     7     3    11   -0.000566561095254
  6     7     3    14   -0.00222453892359
  6     7     6     1   -0.0507783343276
  6     7     6     7     0.410979473072
  6     7     6    10    0.0436152225435
  6     7     6    15   0.00988075800585
  6     7     7     6   -0.0915098714294
  6     7     7    13   -0.0013825199112
  6     7     8     0    0.0013905987914
  6     7     8     2   -0.0122424098048
  6     7     8    11   -0.00147048634289
  6     7     8    14   0.00832179907163
  6     7    10     6    -0.010774125886
  6     7    10    13   0.00708289496556
  6     7    11     3   -0.0127279083091
  6     7    11     8   -0.00248747431087
  6     7    13     1   -0.00431703231167
  6     7    13     7    0.0290292708292
  6     7    13    10   -0.000308877549482
  6     7    13    15   -0.0029097238314
  6     7    14     3    0.0292827583798
  6     7    14     8    -0.010705993218
  6     7    15     6   -0.00173946022539
  6     7    15    13   0.00291799010073
  6     8     0     1    0.0161658898348
  6     8     0     7   -0.000750090028125
  6     8     0    10   -0.000132092453993
  6     8     0    15   3.87758399886e-05
  6     8     1     0   0.00704727655936
  6     8     1     2   0.00508859707773
  6     8     1    11   0.000448445072715
  6     8     1    14   5.58636524295e-05
  6     8     2     1   0.00050382109322
  6     8     2     7   -0.000487658751605
  6     8     2    10   1.49641957201e-05
  6     8     2    15   -6.03170512676e-05
  6     8     3     6    -0.021258804687
  6     8     3    13   -0.00392089910667
  6     8     4     5   0.000347528445466
  6     8     4    12   0.000109426113505
  6     8     5     4   -0.000375106849223
  6     8     5     9   0.000217540167075
  6     8     6     3    0.0174574922777
  6     8     6     8   0.00474569481122
  6     8     7     0   0.000110180482809
  6     8     7     2   0.000334034154955
  6     8     7    11   -9.08772403143e-05
  6     8     7    14   -0.000269901070958
  6     8     8     6   -0.000480948509172
  6     8     8    13   3.74923762912e-05
  6     8     9     5   7.32836751944e-05
  6     8     9    12   0.000143034648639
  6     8    10     0   -0.000282431944508
  6     8    10     2   -0.000164409430045
  6     8    10    11   -0.00029140338316
  6     8    10    14   -0.000143593977798
  6     8    11     1   -0.00092377748382
  6     8    11     7   3.29552493605e-05
  6     8    11    10   -0.000293435558288
  6     8    11    15   0.000203605118662
  6     8    12     4   -2.38442954015e-05
  6     8    12     9   0.000132142987115
  6     8    13     3   0.000177696411094
  6     8    13     8   0.000450294507046
  6     8    14     1   0.000121905963486
  6     8    14     7   -0.000166943372184
  6     8    14    10   -9.25386968352e-05
  6     8    14    15   -6.06736132601e-05
  6     8    15     0   0.000156444129869
  6     8    15     2   0.000158111459049
  6     8    15    11   0.000179421188502
  6     8    15    14   -4.5308547505e-06
  6     9     3     5   -0.00692588874884
  6     9     3    12   -0.000702411423319
  6     9     4     6    -0.014494134154
  6     9     4    13   -0.00336705560649
  6     9     5     3   -0.0388260395431
  6     9     5     8   -0.00396740279953
  6     9     6     4    0.0565118104239
  6     9     6     9   0.00848546978271
  6     9     8     5   0.00110012602926
  6     9     8    12   -0.00071410009531
  6     9     9     6   -0.0016112849698
  6     9     9    13   0.000589684712718
  6     9    12     3   -0.00575148726114
  6     9    12     8   0.000399229995923
  6     9    13     4   0.00587478394463
  6     9    13     9   -8.78217959174e-05
  6    10     0     3    0.0253529978802
  6    10     0     8    0.0023105380521
  6    10     1     6    0.0185621168356
  6    10     1    13   0.000643398395901
  6    10     2     3    0.0456242344036
  6    10     2     8   0.00520868881006
  6    10     3     0   0.00523173085096
  6    10     3     2    0.0117327559112
  6    10     3    11   0.000929403250338
  6    10     3    14   0.000205341920649
  6    10     6     1   -0.0376524401574
  6    10     6     7    0.0436152225435
  6    10     6    10    0.0104730588287
  6    10     6    15   -0.00127996814813
  6    10     7     6    -0.010774125886
  6    10     7    13   -0.00100201435901
  6    10     8     0   -0.00130462004922
  6    10     8     2   -0.00220915154663
  6    10     8    11   -0.00109543464396
  6    10     8    14   0.000937172826218
  6    10    10     6   -0.00338280631126
  6    10    10    13   0.000682876235393
  6    10    11     3   -0.00397722054732
  6    10    11     8   -0.000927862954258
  6    10    13     1   -0.00140484178649
  6    10    13     7   0.00328695045374
  6    10    13    10   0.00104922311556
  6    10    13    15   -0.000904017146369
  6    10    14     3    0.0043907519395
  6    10    14     8   -0.000761831205137
  6    10    15     6   0.00110407353878
  6    10    15    13   4.18720696637e-05
  6    11     0     6    0.0176567090875
  6    11     0    13   0.000359160979321
  6    11     1     3    0.0456794230317
  6    11     1     8   0.00475682544839
  6    11     2     6     0.011201631981
  6    11     2    13   0.000962235367496
  6    11     3     1    0.0159838672671
  6    11     3     7   0.000104160098393
  6    11     3    10   0.000684975455919
  6    11     3    15   -0.000399772615071
  6    11     6     0   -0.0347699025045
  6    11     6     2   -0.0265190328273
  6    11     6    11    0.0103817859392
  6    11     6    14   -0.00193254047565
  6    11     7     3   -0.0126049741611
  6    11     7     8   -0.000108365017538
  6    11     8     1   -0.00259954674141
  6    11     8     7   -0.000516474357048
  6    11     8    10   -0.00116441061131
  6    11     8    15   0.000463821261827
  6    11    10     3   -0.00369235635704
  6    11    10     8   -0.0005471455187
  6    11    11     6   -0.00384432383309
  6    11    11    13   0.000470303653838
  6    11    13     0   -0.000610703325954
  6    11    13     2   -0.00170351818258
  6    11    13    11   0.00209999060454
  6    11    13    14   0.000133062606387
  6    11    14     6   0.000372199462358
  6    11    14    13   -0.000472476364516
  6    11    15     3   0.00134126853254
  6    11    15     8   0.00085108845792
  6    12     3     4   -0.00984016578307
  6    12     3     9   -0.000677555587858
  6    12     4     3   -0.0426560519629
  6    12     4     8   -0.00494945497934
  6    12     5     6   -0.0100453016193
  6    12     5    13   -0.00203049621568
  6    12     6     5    0.0502415790369
  6    12     6    12   0.00718616903615
  6    12     8     4   0.00164129001836
  6    12     8     9   -0.000706406632011
  6    12     9     3   -0.00578809691665
  6    12     9     8   0.00055115371473
  6    12    12     6   -0.00138959901967
  6    12    12    13   0.000557195568585
  6    12    13     5   0.00486386893388
  6    12    13    12   -2.76102993791e-05
  6    13     0     0   -0.00725239434259
  6    13     0     2   0.000677894707175
  6    13     0    11   -0.000339186444126
  6    13     0    14   0.000120872995473
  6    13     1     1   -0.00674373100821
  6    13     1     7   0.000747412966817
  6    13     1    10   -0.00011378968367
  6    13     1    15   0.000132565570351
  6    13     2     0   -0.000752486061841
  6    13     2     2   -0.000525851529185
  6    13     2    11   1.04905261338e-05
  6    13     2    14   6.25774494385e-05
  6    13     3     3   -0.0522987650049
  6    13     3     8   -0.00555665789566
  6    13     4     4   -0.00011319619188
  6    13     4     9   7.79528279583e-05
  6    13     5     5   0.000213814296459
  6    13     5    12   0.000135984527967
  6    13     6     6     0.039997444034
  6    13     6    13   0.00528659248659
  6    13     7     1   0.00102155496155
  6    13     7     7   0.000549389363107
  6    13     7    10   0.000122051983365
  6    13     7    15   9.27741558103e-05
  6    13     8     3   -0.00414100228739
  6    13     8     8   -5.92281560642e-06
  6    13     9     4   -5.70456373495e-05
  6    13     9     9   3.29668230467e-05
  6    13    10     1   0.000349151500974
  6    13    10     7   7.71442790112e-06
  6    13    10    10   0.000114306384373
  6    13    10    15   -4.53359250457e-05
  6    13    11     0   0.000595991444242
  6    13    11     2   -8.88544242542e-05
  6    13    11    11   0.000272331967369
  6    13    11    14   -8.92532114796e-05
  6    13    12     5   4.99146571408e-05
  6    13    12    12   5.51592481787e-05
  6    13    13     6    0.0034857095891
  6    13    13    13   0.000503534620898
  6    13    14     0   -0.000138411956964
  6    13    14     2   -8.76314837171e-05
  6    13    14    11   -6.68398419417e-05
  6    13    14    14   8.55415288994e-05
  6    13    15     1   -0.00010422355729
  6    13    15     7   8.22050991973e-05
  6    13    15    10   -3.6473506982e-05
  6    13    15    15   8.80673136599e-05
  6    14     0     6   0.00183628507857
  6    14     0    13   0.000374578545014
  6    14     1     3   -0.00683167753089
  6    14     1     8   -0.000811234305106
  6    14     2     6   -0.0145945986991
  6    14     2    13   -0.00330177633283
  6    14     3     1   -0.00578156021747
  6    14     3     7   0.00406817152918
  6    14     3    10   0.00076901819546
  6    14     3    15   0.000168796664061
  6    14     6     0   -0.00509046270214
  6    14     6     2    0.0439072820939
  6    14     6    11   -0.00193254047565
  6    14     6    14   0.00648194710917
  6    14     7     3    0.0218494547954
  6    14     7     8   0.00202655968989
  6    14     8     1   0.000338342593398
  6    14     8     7   2.6339198628e-06
  6    14     8    10   0.000654598318766
  6    14     8    15   0.00014221854854
  6    14    10     3   0.00377694459493
  6    14    10     8   3.64490738331e-05
  6    14    11     6   0.000372199462358
  6    14    11    13   -8.45492014137e-05
  6    14    13     0   -0.000856520316967
  6    14    13     2   0.00494874432899
  6    14    13    11   -0.000515960567721
  6    14    13    14   -2.61404488378e-05
  6    14    14     6   -0.0016438973381
  6    14    14    13   0.000397582873668
  6    14    15     3   0.00107740939941
  6    14    15     8   -0.000281421325657
  6    15     0     3   -0.0169096629432
  6    15     0     8   -0.00207790534731
  6    15     1     6   -0.0138598684537
  6    15     1    13   -0.000286327327221
  6    15     2     3   0.00911913480338
  6    15     2     8   0.00138395796076
  6    15     3     0   -0.00445826916242
  6    15     3     2   0.00265372276033
  6    15     3    11   -0.000848438645149
  6    15     3    14   0.000495194563732
  6    15     6     1    0.0224560945973
  6    15     6     7   0.00988075800585
  6    15     6    10   -0.00127996814813
  6    15     6    15   0.00361373788128
  6    15     7     6   -0.00173946022539
  6    15     7    13   -0.000337089826303
  6    15     8     0   0.00155735512068
  6    15     8     2   -0.000409124380733
  6    15     8    11   0.000559198419665
  6    15     8    14   3.13394102403e-05
  6    15    10     6   0.00110407353878
  6    15    10    13   8.88276172367e-05
  6    15    11     3   0.00168564146872
  6    15    11     8   0.000235580785447
  6    15    13     1   0.000421973356797
  6    15    13     7   0.00133774198628
  6    15    13    10   -0.000431909947964
  6    15    13    15   0.000502030082141
  6    15    14     3   0.000907530796275
  6    15    14     8   -0.000155567725174
  6    15    15     6   -0.00174116849884
  6    15    15    13   5.15275342719e-05
  7     0     0     1    0.0617208387565
  7     0     0     7    -0.466267269787
  7     0     0    10   -0.0521683880526
  7     0     0    15   -0.0110985699804
  7     0     1     0    -0.123321339445
  7     0     1     2   -0.00457389141411
  7     0     1    11   0.00184285409402
  7     0     1    14   0.000886276188415
  7     0     2     1   0.00172019553686
  7     0     2     7   -0.0218553225583
  7     0     2    10    0.0102236880918
  7     0     2    15   -0.0125280139889
  7     0     3     6   -0.000185456695053
  7     0     3    13   -0.00037790919505
  7     0     4     5   -0.0010383435428
  7     0     4    12   -0.000917338459123
  7     0     5     4   0.00132631341685
  7     0     5     9   0.000171831967988
  7     0     6     3   0.000244498793136
  7     0     6     8   0.000110180482809
  7     0     7     0     0.931257796869
  7     0     7     2    0.0630182687936
  7     0     7    11   -0.0230802779407
  7     0     7    14   -0.00149745416746
  7     0     8     6   -0.000750090028125
  7     0     8    13   -0.000613560143092
  7     0     9     5   -0.00108461194681
  7     0     9    12   -0.000524436068374
  7     0    10     0     0.103796198241
  7     0    10     2    -0.018655629177
  7     0    10    11    -0.011466828788
  7     0    10    14   0.00195994710297
  7     0    11     1   -0.000527010041228
  7     0    11     7    0.0109245863591
  7     0    11    10   0.00297384335231
  7     0    11    15   0.00108304063043
  7     0    12     4   -0.000822724216701
  7     0    12     9   -0.000737479572848
  7     0    13     3   -0.000941973875373
  7     0    13     8   -0.000819938002365
  7     0    14     1   -0.0031243407665
  7     0    14     7   0.00492034583567
  7     0    14    10   -0.00889053972485
  7     0    14    15   0.00917557554786
  7     0    15     0    0.0219715206201
  7     0    15     2    0.0272048265508
  7     0    15    11   -0.00815753226439
  7     0    15    14   0.00150626218587
  7     1     0     0   -0.000624866357987
  7     1     0     2   -0.00123103674284
  7     1     0    11   -0.00285496428759
  7     1     0    14   0.000867790768915
  7     1     1     1   -0.0640144922737
  7     1     1     7    -0.460740974364
  7     1     1    10   -0.0485132216524
  7     1     1    15   -0.0131371356771
  7     1     2     0    0.0018497383749
  7     1     2     2    -0.026078033504
  7     1     2    11    0.0286748542766
  7     1     2    14   -0.00686337126767
  7     1     3     3   -0.000695851971312
  7     1     3     8   -0.000263520766094
  7     1     4     4   -0.000320946691915
  7     1     4     9   -0.000286473479231
  7     1     5     5   0.000296746979963
  7     1     5    12   0.00109311538857
  7     1     6     6   0.000770047487349
  7     1     6    13   0.00102155496155
  7     1     7     1     0.927576822353
  7     1     7     7   -0.0103043197632
  7     1     7    10   -0.0244065712363
  7     1     7    15    0.0154468426897
  7     1     8     3   0.000420015637224
  7     1     8     8   0.000551343295433
  7     1     9     4   0.000229895608398
  7     1     9     9   0.000351269393576
  7     1    10     1    0.0996849843597
  7     1    10     7    0.0147890825507
  7     1    10    10   -0.00512342267543
  7     1    10    15   0.00881356809733
  7     1    11     0   0.00523188332819
  7     1    11     2   -0.0509760135455
  7     1    11    11   0.00124601381478
  7     1    11    14   0.00112853796473
  7     1    12     5   0.000734834922491
  7     1    12    12   0.000220688533849
  7     1    13     6   0.000747412966817
  7     1    13    13   0.000245403065215
  7     1    14     0   -0.0025810254728
  7     1    14     2   0.00790797586778
  7     1    14    11   -0.0170585306826
  7     1    14    14   0.00312047808156
  7     1    15     1    0.0245992421283
  7     1    15     7   -0.00380441331952
  7     1    15    10   -0.00663761553225
  7     1    15    15   0.00282840793847
  7     2     0     1   0.00552500855124
  7     2     0     7   -0.0218553225583
  7     2     0    10   -0.00349784821438
  7     2     0    15   -0.000753549058004
  7     2     1     0   -0.00401129461736
  7     2     1     2    -0.115338448755
  7     2     1    11   0.00296477122449
  7     2     1    14   -0.00571622563847
  7     2     2     1     0.047868739488
  7     2     2     7    -0.186522888039
  7     2     2    10   -0.0143480972529
  7     2     2    15   -0.00490670299692
  7     2     3     6   -0.00204664694679
  7     2     3    13   -0.000180808753724
  7     2     4     5   -0.0020199695103
  7     2     4    12   -0.000264519363225
  7     2     5     4   0.00241908352137
  7     2     5     9   0.000212627746087
  7     2     6     3   0.00238661665848
  7     2     6     8   0.000334034154955
  7     2     7     0    0.0630182687936
  7     2     7     2     0.212457731166
  7     2     7    11   -0.0055478036967
  7     2     7    14    0.0105178384569
  7     2     8     6   -0.000487658751605
  7     2     8    13   -8.60208045776e-05
  7     2     9     5   -0.000453726889143
  7     2     9    12   -6.4818366247e-05
  7     2    10     0   0.00632871609159
  7     2    10     2    0.0208801202289
  7     2    10    11   -0.00179670445601
  7     2    10    14   0.00267673690091
  7     2    11     1   -0.00425431680911
  7     2    11     7   0.00786543250408
  7     2    11    10    0.0023369944051
  7     2    11    15   0.000981951804191
  7     2    12     4   0.000272345367299
  7     2    12     9   -6.00899909848e-05
  7     2    13     3   0.000195951901203
  7     2    13     8   -2.75092873537e-05
  7     2    14     1    0.0029390578868
  7     2    14     7   -0.0154938913422
  7     2    14    10   -0.00314538450792
  7     2    14    15   0.00058257871485
  7     2    15     0   0.00219434287161
  7     2    15     2   0.00833580433274
  7     2    15    11   -0.00107857200319
  7     2    15    14   -0.00100756115101
  7     3     0     6   0.00230017862244
  7     3     0    13   0.00165841349562
  7     3     1     3   -0.0738500159174
  7     3     1     8   -0.00573120264195
  7     3     2     6   -0.0634369517379
  7     3     2    13   -0.0195271282203
  7     3     3     1    0.0447649125993
  7     3     3     7     -0.19407201978
  7     3     3    10   -0.0248505232137
  7     3     3    15   -0.0062626993012
  7     3     6     0   -0.0530889670626
  7     3     6     2     0.502413859604
  7     3     6    11   -0.0126049741611
  7     3     6    14    0.0218494547954
  7     3     7     3     0.524528904082
  7     3     7     8    0.0286207548994
  7     3     8     1    0.0044491241756
  7     3     8     7    -0.001627331453
  7     3     8    10   0.00922349233167
  7     3     8    15   0.00466170248334
  7     3    10     3     0.058586195628
  7     3    10     8   -0.00347890296129
  7     3    11     6   0.000104160098393
  7     3    11    13   -0.000972312863615
  7     3    13     0   -0.00490168274173
  7     3    13     2    0.0461305337516
  7     3    13    11   -0.00333955456536
  7     3    13    14   -0.0105139431299
  7     3    14     6   0.00406817152918
  7     3    14    13    0.0111872099413
  7     3    15     3    0.0151916813253
  7     3    15     8   -0.00478115199524
  7     4     0     5   0.00238162971262
  7     4     0    12   0.00173232190128
  7     4     1     4   -0.0735229736929
  7     4     1     9   -0.00574351163332
  7     4     2     5    -0.062773174595
  7     4     2    12   -0.0196056422429
  7     4     4     1    0.0445419219966
  7     4     4     7    -0.193204107597
  7     4     4    10   -0.0247731580835
  7     4     4    15   -0.00642042946302
  7     4     5     0    -0.053194350475
  7     4     5     2     0.502705416088
  7     4     5    11   -0.0125796456758
  7     4     5    14     0.021916625394
  7     4     7     4     0.524297128576
  7     4     7     9    0.0291381053382
  7     4     9     1   0.00447706888016
  7     4     9     7   -0.00177397425536
  7     4     9    10   0.00922415240338
  7     4     9    15   0.00482156881591
  7     4    10     4    0.0585633443704
  7     4    10     9   -0.00343681567832
  7     4    11     5   0.000111094854773
  7     4    11    12   -0.00111175068566
  7     4    12     0   -0.00491262744895
  7     4    12     2    0.0462959944616
  7     4    12    11   -0.00325653181295
  7     4    12    14   -0.0105812685681
  7     4    14     5   0.00405727292101
  7     4    14    12     0.011267039985
  7     4    15     4    0.0151796225989
  7     4    15     9   -0.00489294851761
  7     5     0     4   -0.000914330437657
  7     5     0     9   0.00137976420083
  7     5     1     5   -0.0511332981115
  7     5     1    12   -0.00439533304438
  7     5     2     4    0.0696023278774
  7     5     2     9   -0.0123067534368
  7     5     4     0   -0.0565817660415
  7     5     4     2     0.487767403535
  7     5     4    11   -0.0127844560809
  7     5     4    14    0.0293665011344
  7     5     5     1    0.0310930998416
  7     5     5     7   -0.0911472994836
  7     5     5    10   -0.0107099317494
  7     5     5    15   -0.00172691291438
  7     5     7     5     0.410966370508
  7     5     7    12    0.0290345191545
  7     5     9     0   -0.00460920528435
  7     5     9     2    0.0422294453441
  7     5     9    11   -0.00252413799716
  7     5     9    14   -0.0106450213425
  7     5    10     5    0.0436352405077
  7     5    10    12   -0.000332507342959
  7     5    11     4   -0.00052891511914
  7     5    11     9   -0.0014948815208
  7     5    12     1    0.0033523596057
  7     5    12     7   -0.00138014118591
  7     5    12    10    0.0071097131459
  7     5    12    15   0.00337935757329
  7     5    14     4   -0.00223103257733
  7     5    14     9   0.00828009610943
  7     5    15     5   0.00984986782898
  7     5    15    12   -0.00324556254045
  7     6     0     3   -0.000881059221109
  7     6     0     8    0.0013905987914
  7     6     1     6   -0.0507783343276
  7     6     1    13   -0.00431703231167
  7     6     2     3    0.0703822486564
  7     6     2     8   -0.0122424098048
  7     6     3     0   -0.0569213618305
  7     6     3     2     0.486245241166
  7     6     3    11   -0.0127279083091
  7     6     3    14    0.0292827583798
  7     6     6     1     0.030756725121
  7     6     6     7   -0.0915098714294
  7     6     6    10    -0.010774125886
  7     6     6    15   -0.00173946022539
  7     6     7     6     0.410979473072
  7     6     7    13    0.0290292708292
  7     6     8     0   -0.00462215994851
  7     6     8     2    0.0420055602783
  7     6     8    11   -0.00248747431087
  7     6     8    14    -0.010705993218
  7     6    10     6    0.0436152225435
  7     6    10    13   -0.000308877549482
  7     6    11     3   -0.000566561095254
  7     6    11     8   -0.00147048634289
  7     6    13     1   0.00333185167007
  7     6    13     7   -0.0013825199112
  7     6    13    10   0.00708289496556
  7     6    13    15   0.00291799010073
  7     6    14     3   -0.00222453892359
  7     6    14     8   0.00832179907163
  7     6    15     6   0.00988075800585
  7     6    15    13   -0.0029097238314
  7     7     0     0   -0.0196819125783
  7     7     0     2    0.0441434731551
  7     7     0    11   -0.00110084505882
  7     7     0    14   0.00196054263255
  7     7     1     1   -0.0448482948299
  7     7     1     7   -0.0103043197632
  7     7     1    10   0.000249475317632
  7     7     1    15   -0.000705424243224
  7     7     2     0    0.0441434731551
  7     7     2     2    -0.579470289786
  7     7     2    11    0.0130053581639
  7     7     2    14   -0.0231790500237
  7     7     3     3   -0.00406594999127
  7     7     3     8   -0.000108055381676
  7     7     4     4   -0.00406672140759
  7     7     4     9   -0.000106139935414
  7     7     5     5   0.00348436595037
  7     7     5    12   0.000607950716942
  7     7     6     6    0.0035377579569
  7     7     6    13   0.000549389363107
  7     7     7     1   -0.0103043197632
  7     7     7     7     0.268642495599
  7     7     7    10     0.029252528003
  7     7     7    15   0.00667043445419
  7     7     8     3   -0.000108055381676
  7     7     8     8   0.000694044870884
  7     7     9     4   -0.000106139935414
  7     7     9     9   0.00043530400391
  7     7    10     1   0.000249475317632
  7     7    10     7     0.029252528003
  7     7    10    10   0.00977745225494
  7     7    10    15   0.000369792289279
  7     7    11     0   -0.00110084505882
  7     7    11     2    0.0130053581639
  7     7    11    11   0.00309550823684
  7     7    11    14   0.00322768359583
  7     7    12     5   0.000607950716942
  7     7    12    12   0.000250148296254
  7     7    13     6   0.000549389363107
  7     7    13    13   0.000262467256044
  7     7    14     0   0.00196054263255
  7     7    14     2   -0.0231790500237
  7     7    14    11   0.00322768359583
  7     7    14    14   0.00369666404962
  7     7    15     1   -0.000705424243224
  7     7    15     7   0.00667043445419
  7     7    15    10   0.000369792289279
  7     7    15    15   0.000652719388326
  7     8     0     6   -0.00495176073688
  7     8     0    13   -0.000456992683067
  7     8     1     3   -0.000269776750236
  7     8     1     8   -0.000275893694351
  7     8     2     6    0.0258065006021
  7     8     2    13   0.00171400246627
  7     8     3     1   0.00153896298428
  7     8     3     7    -0.001627331453
  7     8     3    10   -0.00134551308386
  7     8     3    15   -0.000558549740445
  7     8     6     0   -0.00288637072481
  7     8     6     2    0.0170230621664
  7     8     6    11   -0.000108365017538
  7     8     6    14   0.00202655968989
  7     8     7     3    0.0286207548994
  7     8     7     8   0.00522340103395
  7     8     8     1   0.000346684444525
  7     8     8     7   -0.000512689384791
  7     8     8    10   0.00010099189738
  7     8     8    15   0.000105325755528
  7     8    10     3   0.00327236248282
  7     8    10     8   0.000552263197705
  7     8    11     6   -0.000516474357048
  7     8    11    13   -0.000115770533001
  7     8    13     0   -0.000482334969234
  7     8    13     2   0.00332296244358
  7     8    13    11   -0.000116420781956
  7     8    13    14   -5.2183042978e-05
  7     8    14     6   2.6339198628e-06
  7     8    14    13   3.77115145545e-05
  7     8    15     3   0.00126615617879
  7     8    15     8   0.000100835127134
  7     9     0     5   -0.00515092039403
  7     9     0    12   -0.000465471477729
  7     9     1     4   -0.000456568472014
  7     9     1     9   -0.000249955941165
  7     9     2     5     0.025985888495
  7     9     2    12   0.00175079387106
  7     9     4     1   0.00159962286391
  7     9     4     7   -0.00177397425536
  7     9     4    10   -0.00140564149704
  7     9     4    15   -0.000517622202887
  7     9     5     0   -0.00282537564828
  7     9     5     2    0.0173419557332
  7     9     5    11   -0.000142510498287
  7     9     5    14   0.00206632720849
  7     9     7     4    0.0291381053382
  7     9     7     9   0.00525704854459
  7     9     9     1   0.000337928369721
  7     9     9     7   -0.000504564279821
  7     9     9    10   0.000109791691227
  7     9     9    15   0.000114405099313
  7     9    10     4   0.00334261693483
  7     9    10     9   0.000542748149642
  7     9    11     5   -0.000487306002829
  7     9    11    12   -0.000129701104303
  7     9    12     0   -0.000493425364752
  7     9    12     2   0.00335645835079
  7     9    12    11   -0.000120721684492
  7     9    12    14   -5.84825391171e-05
  7     9    14     5   -2.80695689756e-05
  7     9    14    12   4.63286789213e-05
  7     9    15     4   0.00122358269302
  7     9    15     9   0.000108968098638
  7    10     0     0   -0.00432512497748
  7    10     0     2   -0.00522328635627
  7    10     0    11   0.000319435009941
  7    10     0    14   -0.000759216855637
  7    10     1     1   -0.00725171505155
  7    10     1     7    0.0147890825507
  7    10     1    10   0.00104360376418
  7    10     1    15   0.000252075969001
  7    10     2     0   -0.0166638872015
  7    10     2     2   -0.0645632941761
  7    10     2    11   0.000253980480853
  7    10     2    14   -0.00344130599307
  7    10     3     3   -0.000165036405574
  7    10     3     8   0.000158183501206
  7    10     4     4   -0.000343174618531
  7    10     4     9   0.000133242307329
  7    10     5     5   0.00041660764992
  7    10     5    12   0.00014261910042
  7    10     6     6   0.000275923818554
  7    10     6    13   0.000122051983365
  7    10     7     1   -0.0244065712363
  7    10     7     7     0.029252528003
  7    10     7    10   0.00678982412962
  7    10     7    15   -0.00101821953252
  7    10     8     3   -5.38143929283e-05
  7    10     8     8   9.00610850928e-05
  7    10     9     4   -7.18399570932e-05
  7    10     9     9   6.25562866929e-05
  7    10    10     1   -0.00163920812235
  7    10    10     7   0.00176898257172
  7    10    10    10   0.00163047510516
  7    10    10    15   -0.000515652048205
  7    10    11     0   0.00048838806951
  7    10    11     2   0.00330307669249
  7    10    11    11   0.000540947219158
  7    10    11    14   0.000535969797619
  7    10    12     5   3.19789171954e-05
  7    10    12    12   4.83552042753e-05
  7    10    13     6   7.71442790112e-06
  7    10    13    13   4.19241405992e-05
  7    10    14     0   0.000558411883512
  7    10    14     2   -0.00343379331012
  7    10    14    11   0.00126678128806
  7    10    14    14   0.00020496739829
  7    10    15     1   -0.000248616385702
  7    10    15     7   0.00142686298389
  7    10    15    10   0.000288237103566
  7    10    15    15   -2.35287696481e-05
  7    11     0     1   0.00748980948952
  7    11     0     7    0.0109245863591
  7    11     0    10   0.000884114917657
  7    11     0    15   2.40574519677e-05
  7    11     1     0    0.0083419889595
  7    11     1     2   -0.0214389079346
  7    11     1    11   8.02157117185e-05
  7    11     1    14   -0.00204724881371
  7    11     2     1   -0.0491455283547
  7    11     2     7   0.00786543250408
  7    11     2    10   0.000939738167556
  7    11     2    15   0.000171335204064
  7    11     3     6   8.66183024403e-05
  7    11     3    13   -3.85928531271e-05
  7    11     4     5   3.20009513872e-05
  7    11     4    12   -1.89376389289e-05
  7    11     5     4   -0.000105991015373
  7    11     5     9   -9.40150734662e-05
  7    11     6     3   -0.000177660688946
  7    11     6     8   -9.08772403143e-05
  7    11     7     0   -0.0230802779407
  7    11     7     2   -0.0055478036967
  7    11     7    11   0.00692899739055
  7    11     7    14   -0.00126611373742
  7    11     8     6   3.29552493605e-05
  7    11     8    13   5.80661416904e-05
  7    11     9     5   3.17874666573e-05
  7    11     9    12   3.10324702319e-05
  7    11    10     0   -0.00201200312999
  7    11    10     2   0.00106146113381
  7    11    10    11   0.00159433176032
  7    11    10    14   0.000221358547931
  7    11    11     1   0.000998852518137
  7    11    11     7   -0.00180700919866
  7    11    11    10   0.000254140726836
  7    11    11    15   0.000138182612332
  7    11    12     4   9.74544109131e-05
  7    11    12     9   4.91140491546e-05
  7    11    13     3   9.71606954932e-05
  7    11    13     8   6.72449032228e-05
  7    11    14     1   0.000204749214684
  7    11    14     7   0.000252533360919
  7    11    14    10   0.000929188112711
  7    11    14    15   -0.00088326618903
  7    11    15     0   0.000320557288787
  7    11    15     2   -0.00170264639071
  7    11    15    11   0.000738123701167
  7    11    15    14   -0.000607610853476
  7    12     0     4   -0.00933191212358
  7    12     0     9   -0.000538268303057
  7    12     1     5   0.00294998865511
  7    12     1    12   2.24086052865e-05
  7    12     2     4    0.0301799562383
  7    12     2     9   0.00147370415883
  7    12     4     0   -0.00411283692964
  7    12     4     2    0.0203069979764
  7    12     4    11   -0.000231713925174
  7    12     4    14   0.00248437266329
  7    12     5     1   0.000344684351243
  7    12     5     7   -0.00138014118591
  7    12     5    10   -0.000969166375731
  7    12     5    15   -0.000341814159664
  7    12     7     5    0.0290345191545
  7    12     7    12   0.00448872492208
  7    12     9     0   -0.000545130170999
  7    12     9     2   0.00357214284447
  7    12     9    11   -2.87469991302e-05
  7    12     9    14   -0.000248320325253
  7    12    10     5   0.00324913673561
  7    12    10    12   0.000408051131022
  7    12    11     4   -0.000174127676562
  7    12    11     9   4.9640227932e-05
  7    12    12     1   0.000241669873787
  7    12    12     7   -0.000393868865708
  7    12    12    10   0.000129882747007
  7    12    12    15   0.000126650386083
  7    12    14     4   0.000181612834832
  7    12    14     9   8.74692535111e-06
  7    12    15     5   0.00131127381532
  7    12    15    12   0.000164993144761
  7    13     0     3   -0.00939956424181
  7    13     0     8   -0.000538530645097
  7    13     1     6   0.00294981248027
  7    13     1    13   9.26681507785e-06
  7    13     2     3    0.0300389695759
  7    13     2     8   0.00148217355599
  7    13     3     0   -0.00421255983165
  7    13     3     2    0.0204383708497
  7    13     3    11   -0.00022572554408
  7    13     3    14   0.00250507247913
  7    13     6     1   0.000365897598069
  7    13     6     7   -0.0013825199112
  7    13     6    10   -0.00100201435901
  7    13     6    15   -0.000337089826303
  7    13     7     6    0.0290292708292
  7    13     7    13   0.00449307189356
  7    13     8     0   -0.000550533859116
  7    13     8     2     0.003567609441
  7    13     8    11   -2.27746522412e-05
  7    13     8    14   -0.000251236975614
  7    13    10     6   0.00328695045374
  7    13    10    13   0.000430196252739
  7    13    11     3   -0.000151600242139
  7    13    11     8   5.37890422864e-05
  7    13    13     1   0.000244075817604
  7    13    13     7   -0.000395113098949
  7    13    13    10   0.000113917552997
  7    13    13    15   0.000149988664918
  7    13    14     3   0.000191138460096
  7    13    14     8   5.74333777569e-06
  7    13    15     6   0.00133774198628
  7    13    15    13   0.000132177061276
  7    14     0     1   -0.0250336213728
  7    14     0     7   0.00492034583567
  7    14     0    10   0.00107618910826
  7    14     0    15   4.62253732013e-05
  7    14     1     0   -0.0103930503819
  7    14     1     2   -0.00138046504785
  7    14     1    11   -0.000168791813392
  7    14     1    14   -4.89831778236e-05
  7    14     2     1    0.0105322221961
  7    14     2     7   -0.0154938913422
  7    14     2    10   -0.00297953854446
  7    14     2    15   -0.000855355943805
  7    14     3     6   -0.000222429735475
  7    14     3    13   -0.000115556439917
  7    14     4     5   -0.000190822129053
  7    14     4    12   -0.000109583773646
  7    14     5     4   0.000241724358698
  7    14     5     9   -0.00025181382183
  7    14     6     3    0.0002650225939
  7    14     6     8   -0.000269901070958
  7    14     7     0   -0.00149745416746
  7    14     7     2    0.0105178384569
  7    14     7    11   -0.00126611373742
  7    14     7    14   0.00324986408484
  7    14     8     6   -0.000166943372184
  7    14     8    13   -0.000203702020329
  7    14     9     5   -0.00016531035293
  7    14     9    12   -0.000208500637768
  7    14    10     0   0.000163709095619
  7    14    10     2   0.000134771620987
  7    14    10    11   7.3882564387e-05
  7    14    10    14   0.000390189586004
  7    14    11     1   0.000744665532179
  7    14    11     7   0.000252533360919
  7    14    11    10   0.000330192695015
  7    14    11    15   -0.000290974632917
  7    14    12     4   4.45563181436e-06
  7    14    12     9   -0.000199048568219
  7    14    13     3   -2.44428025812e-05
  7    14    13     8   -0.000202026541379
  7    14    14     1   0.000282339871738
  7    14    14     7   -0.00027108489576
  7    14    14    10   -9.95539460724e-05
  7    14    14    15   0.000228080293025
  7    14    15     0   -0.000420137069667
  7    14    15     2   0.000169082959257
  7    14    15    11   -0.00040659164525
  7    14    15    14   0.000275770261976
  7    15     0     0   -0.00814812721379
  7    15     0     2    0.0273493409882
  7    15     0    11   -0.000868625753421
  7    15     0    14   0.00173178765135
  7    15     1     1   -0.00742026905699
  7    15     1     7   -0.00380441331952
  7    15     1    10   -7.8089358882e-05
  7    15     1    15   -0.000138705121279
  7    15     2     0    0.0200811769501
  7    15     2     2   -0.0112335816698
  7    15     2    11   0.000650812688099
  7    15     2    14   -0.00145912614953
  7    15     3     3   -5.36207435891e-05
  7    15     3     8   -4.36906585684e-05
  7    15     4     4   3.05544785771e-05
  7    15     4     9   -3.46573718165e-05
  7    15     5     5   -3.58519110626e-05
  7    15     5    12   8.68065263663e-05
  7    15     6     6   5.70616409522e-05
  7    15     6    13   9.27741558103e-05
  7    15     7     1    0.0154468426897
  7    15     7     7   0.00667043445419
  7    15     7    10   -0.00101821953252
  7    15     7    15   0.00269908762165
  7    15     8     3   2.01947493592e-05
  7    15     8     8   5.45936563458e-05
  7    15     9     4   2.71258109551e-05
  7    15     9     9   4.09858589723e-05
  7    15    10     1   0.00136228696155
  7    15    10     7   0.00142686298389
  7    15    10    10   -0.000302760392271
  7    15    10    15   0.000424851522828
  7    15    11     0   0.000107352346238
  7    15    11     2   -0.00237113322759
  7    15    11    11   8.71556379884e-05
  7    15    11    14   -0.000644080154171
  7    15    12     5   8.50455972982e-05
  7    15    12    12   4.11471624928e-05
  7    15    13     6   8.22050991973e-05
  7    15    13    13   2.16141615222e-05
  7    15    14     0   -0.000301017171884
  7    15    14     2   -0.000665224644566
  7    15    14    11   -0.00087339419025
  7    15    14    14   0.000353212465639
  7    15    15     1   3.39865676383e-05
  7    15    15     7   0.000325034426547
  7    15    15    10   -1.70414361333e-05
  7    15    15    15   0.000333862551658
  8     0     0     3   -0.0735856922163
  8     0     0     8    -0.011199446745
  8     0     1     6   4.70616038421e-05
  8     0     1    13   -0.000225965914521
  8     0     2     3   -0.00149327784281
  8     0     2     8   -0.000224375472445
  8     0     3     0     0.146699362463
  8     0     3     2   0.00248488640502
  8     0     3    11   0.000227011871719
  8     0     3    14   -0.000942776400431
  8     0     6     1   0.00105586389184
  8     0     6     7    0.0013905987914
  8     0     6    10   -0.00130462004922
  8     0     6    15   0.00155735512068
  8     0     7     6   -0.00462215994851
  8     0     7    13   -0.000550533859116
  8     0     8     0     0.021211652728
  8     0     8     2   0.000203097650645
  8     0     8    11   -0.00209601569398
  8     0     8    14   0.000376707964228
  8     0    10     6    0.0023105380521
  8     0    10    13   0.000294018236745
  8     0    11     3   -0.000174578345824
  8     0    11     8   0.000201787456053
  8     0    13     1    0.0013507977257
  8     0    13     7   -0.000538530645097
  8     0    13    10   0.000742057003611
  8     0    13    15   -0.000959371336552
  8     0    14     3   0.000393307100541
  8     0    14     8    -4.98646925e-05
  8     0    15     6   -0.00207790534731
  8     0    15    13   -0.000110374581296
  8     1     0     6   -0.000103723784456
  8     1     0    13   -0.000110948604185
  8     1     1     3   -0.0737358003794
  8     1     1     8   -0.0109026639124
  8     1     2     6   0.000790042685905
  8     1     2    13   3.74233471677e-05
  8     1     3     1     0.146753643817
  8     1     3     7   -0.00573120264195
  8     1     3    10   -0.00057713665201
  8     1     3    15   -0.000648402411351
  8     1     6     0   0.00170540314852
  8     1     6     2   0.00191206206979
  8     1     6    11   -0.00259954674141
  8     1     6    14   0.000338342593398
  8     1     7     3    0.0044491241756
  8     1     7     8   0.000346684444525
  8     1     8     1    0.0208794552236
  8     1     8     7   -0.000275893694351
  8     1     8    10   -0.00156440794357
  8     1     8    15   0.00136929914983
  8     1    10     3   0.000137255692488
  8     1    10     8   0.000267473830152
  8     1    11     6   0.00475682544839
  8     1    11    13   0.000479989954623
  8     1    13     0   0.00133382190808
  8     1    13     2   0.000338737969303
  8     1    13    11   0.00149848020345
  8     1    13    14   -0.000247448360466
  8     1    14     6   -0.000811234305106
  8     1    14    13   -8.60431516486e-05
  8     1    15     3   0.000438210573025
  8     1    15     8   -0.000268250430706
  8     2     0     3   -0.00195256985102
  8     2     0     8   -0.000224375472445
  8     2     1     6   0.00093445659109
  8     2     1    13   0.000135970146024
  8     2     2     3     -0.06154265158
  8     2     2     8   -0.00806868014631
  8     2     3     0   0.00128163473912
  8     2     3     2     0.121467614902
  8     2     3    11   -0.0017172244603
  8     2     3    14   0.00887814885264
  8     2     6     1   0.00212249455762
  8     2     6     7   -0.0122424098048
  8     2     6    10   -0.00220915154663
  8     2     6    15   -0.000409124380733
  8     2     7     6    0.0420055602783
  8     2     7    13     0.003567609441
  8     2     8     0   0.000203097650645
  8     2     8     2     0.016523154657
  8     2     8    11   -0.00077506866966
  8     2     8    14   -0.00166376083707
  8     2    10     6   0.00520868881006
  8     2    10    13   -0.000672375855374
  8     2    11     3   0.00110578795569
  8     2    11     8   0.000341820383616
  8     2    13     1   0.000501807393186
  8     2    13     7   0.00148217355599
  8     2    13    10   0.00164262926177
  8     2    13    15   0.000415336167024
  8     2    14     3   -0.00571323689287
  8     2    14     8   0.00145154581735
  8     2    15     6   0.00138395796076
  8     2    15    13   -0.000299018987019
  8     3     0     0   -0.00391501498163
  8     3     0     2   0.000214915559755
  8     3     0    11   0.000392170425965
  8     3     0    14   -2.38225053261e-05
  8     3     1     1   -0.0078971840085
  8     3     1     7   -0.000263520766094
  8     3     1    10   0.000583188929701
  8     3     1    15   -0.000302407927886
  8     3     2     0   -0.00344038450012
  8     3     2     2   4.53723182369e-05
  8     3     2    11   0.00029393115464
  8     3     2    14   -9.75184989475e-05
  8     3     3     3     0.056476124754
  8     3     3     8   0.00414161026722
  8     3     4     4   0.000164996501254
  8     3     4     9   -4.75396770155e-05
  8     3     5     5   -0.000156411564231
  8     3     5    12   -3.45963086842e-05
  8     3     6     6   -0.0427974427591
  8     3     6    13   -0.00414100228739
  8     3     7     1   0.000420015637224
  8     3     7     7   -0.000108055381676
  8     3     7    10   -5.38143929283e-05
  8     3     7    15   2.01947493592e-05
  8     3     8     3   0.00773881132136
  8     3     8     8   0.000162872308389
  8     3     9     4   0.000146616550871
  8     3     9     9   2.32776742543e-05
  8     3    10     1   -0.000361012495042
  8     3    10     7   0.000158183501206
  8     3    10    10   0.000134863326897
  8     3    10    15   -4.66800694739e-05
  8     3    11     0   -0.000767043065232
  8     3    11     2   -0.000220358526498
  8     3    11    11   9.91849540525e-05
  8     3    11    14   3.62917539008e-05
  8     3    12     5   7.38526335378e-05
  8     3    12    12   1.78208289944e-05
  8     3    13     6   -0.00555665789566
  8     3    13    13   -0.000538992989715
  8     3    14     0   0.000108641639288
  8     3    14     2   0.00015913222981
  8     3    14    11   6.7742286874e-05
  8     3    14    14   4.76244668687e-05
  8     3    15     1   0.000194882284209
  8     3    15     7   -4.36906585684e-05
  8     3    15    10   -4.8620334725e-05
  8     3    15    15   5.81506458663e-05
  8     4     3     4    0.0946408461921
  8     4     3     9   0.00897459005429
  8     4     4     3   -0.0380013710934
  8     4     4     8   -0.00463135097992
  8     4     5     6    -0.049534296235
  8     4     5    13   -0.0058074046962
  8     4     6     5   0.00641498621153
  8     4     6    12   0.00164129001836
  8     4     8     4    0.0131874046962
  8     4     8     9   -0.000974635358086
  8     4     9     3   -0.00560036009549
  8     4     9     8   0.00119834227516
  8     4    12     6   -0.00494945497934
  8     4    12    13   0.000774710695196
  8     4    13     5   -0.000700491180826
  8     4    13    12   -0.00137967733808
  8     5     3     5    0.0558556522982
  8     5     3    12   0.00582623060428
  8     5     4     6   -0.0385137298127
  8     5     4    13   -0.00569208163998
  8     5     5     3    -0.014227446849
  8     5     5     8   -0.00160112433883
  8     5     6     4   -0.00683713591598
  8     5     6     9   0.00110012602926
  8     5     8     5   0.00843254894028
  8     5     8    12   -8.73526534098e-05
  8     5     9     6   -0.00396740279953
  8     5     9    13   0.000392450072576
  8     5    12     3   -0.0033460605705
  8     5    12     8   0.000589512946115
  8     5    13     4   -0.000677681094302
  8     5    13     9   -0.000698137032008
  8     6     0     1   0.00704727655936
  8     6     0     7   0.000110180482809
  8     6     0    10   -0.000282431944508
  8     6     0    15   0.000156444129869
  8     6     1     0    0.0161658898348
  8     6     1     2   0.00050382109322
  8     6     1    11   -0.00092377748382
  8     6     1    14   0.000121905963486
  8     6     2     1   0.00508859707773
  8     6     2     7   0.000334034154955
  8     6     2    10   -0.000164409430045
  8     6     2    15   0.000158111459049
  8     6     3     6    0.0174574922777
  8     6     3    13   0.000177696411094
  8     6     4     5   -0.000375106849223
  8     6     4    12   -2.38442954015e-05
  8     6     5     4   0.000347528445466
  8     6     5     9   7.32836751944e-05
  8     6     6     3    -0.021258804687
  8     6     6     8   -0.000480948509172
  8     6     7     0   -0.000750090028125
  8     6     7     2   -0.000487658751605
  8     6     7    11   3.29552493605e-05
  8     6     7    14   -0.000166943372184
  8     6     8     6   0.00474569481122
  8     6     8    13   0.000450294507046
  8     6     9     5   0.000217540167075
  8     6     9    12   0.000132142987115
  8     6    10     0   -0.000132092453993
  8     6    10     2   1.49641957201e-05
  8     6    10    11   -0.000293435558288
  8     6    10    14   -9.25386968352e-05
  8     6    11     1   0.000448445072715
  8     6    11     7   -9.08772403143e-05
  8     6    11    10   -0.00029140338316
  8     6    11    15   0.000179421188502
  8     6    12     4   0.000109426113505
  8     6    12     9   0.000143034648639
  8     6    13     3   -0.00392089910667
  8     6    13     8   3.74923762912e-05
  8     6    14     1   5.58636524295e-05
  8     6    14     7   -0.000269901070958
  8     6    14    10   -0.000143593977798
  8     6    14    15   -4.5308547505e-06
  8     6    15     0   3.87758399886e-05
  8     6    15     2   -6.03170512676e-05
  8     6    15    11   0.000203605118662
  8     6    15    14   -6.06736132601e-05
  8     7     0     6   -0.00288637072481
  8     7     0    13   -0.000482334969234
  8     7     1     3   0.00153896298428
  8     7     1     8   0.000346684444525
  8     7     2     6    0.0170230621664
  8     7     2    13   0.00332296244358
  8     7     3     1   -0.000269776750236
  8     7     3     7    0.0286207548994
  8     7     3    10   0.00327236248282
  8     7     3    15   0.00126615617879
  8     7     6     0   -0.00495176073688
  8     7     6     2    0.0258065006021
  8     7     6    11   -0.000516474357048
  8     7     6    14   2.6339198628e-06
  8     7     7     3    -0.001627331453
  8     7     7     8   -0.000512689384791
  8     7     8     1   -0.000275893694351
  8     7     8     7   0.00522340103395
  8     7     8    10   0.000552263197705
  8     7     8    15   0.000100835127134
  8     7    10     3   -0.00134551308386
  8     7    10     8   0.00010099189738
  8     7    11     6   -0.000108365017538
  8     7    11    13   -0.000116420781956
  8     7    13     0   -0.000456992683067
  8     7    13     2   0.00171400246627
  8     7    13    11   -0.000115770533001
  8     7    13    14   3.77115145545e-05
  8     7    14     6   0.00202655968989
  8     7    14    13   -5.2183042978e-05
  8     7    15     3   -0.000558549740445
  8     7    15     8   0.000105325755528
  8     8     0     0   -0.0057442018826
  8     8     0     2   -0.000509699347078
  8     8     0    11   0.000119638248593
  8     8     0    14   3.22630799858e-06
  8     8     1     1   -0.00755134769363
  8     8     1     7   0.000551343295433
  8     8     1    10   0.00020307513525
  8     8     1    15   -9.22326516398e-05
  8     8     2     0   -0.000509699347078
  8     8     2     2   -0.00130921611199
  8     8     2    11   4.18625170651e-05
  8     8     2    14   -2.04668779016e-05
  8     8     3     3   -0.00266479058776
  8     8     3     8   0.000162872308389
  8     8     4     4   -2.31239518286e-05
  8     8     4     9   4.42914718543e-05
  8     8     5     5   5.41879746831e-05
  8     8     5    12   3.82626248434e-05
  8     8     6     6   0.00179835488303
  8     8     6    13   -5.92281560642e-06
  8     8     7     1   0.000551343295433
  8     8     7     7   0.000694044870884
  8     8     7    10   9.00610850928e-05
  8     8     7    15   5.45936563458e-05
  8     8     8     3   0.000162872308389
  8     8     8     8   0.000171275768018
  8     8     9     4   4.42914718543e-05
  8     8     9     9   5.16524152503e-05
  8     8    10     1   0.00020307513525
  8     8    10     7   9.00610850928e-05
  8     8    10    10   0.000134812409672
  8     8    10    15   -4.63396186354e-05
  8     8    11     0   0.000119638248593
  8     8    11     2   4.18625170651e-05
  8     8    11    11   0.000207405258226
  8     8    11    14   -1.89084966729e-05
  8     8    12     5   3.82626248434e-05
  8     8    12    12   3.74152133585e-05
  8     8    13     6   -5.92281560642e-06
  8     8    13    13   1.78684759208e-05
  8     8    14     0   3.22630799858e-06
  8     8    14     2   -2.04668779016e-05
  8     8    14    11   -1.89084966729e-05
  8     8    14    14   8.35477238916e-05
  8     8    15     1   -9.22326516398e-05
  8     8    15     7   5.45936563458e-05
  8     8    15    10   -4.63396186354e-05
  8     8    15    15   7.54918116869e-05
  8     9     3     4   -0.0226308899847
  8     9     3     9   -0.000988394308882
  8     9     4     3    0.0214709311511
  8     9     4     8   0.00119834227516
  8     9     5     6    0.0137422065974
  8     9     5    13   0.000538409172709
  8     9     6     5   -0.0131239609864
  8     9     6    12   -0.000706406632011
  8     9     8     4   -0.000974635358086
  8     9     8     9   0.000808122870372
  8     9     9     3   0.00120430048175
  8     9     9     8   -0.000732362944298
  8     9    12     6   0.00055115371473
  8     9    12    13   -0.000566594929096
  8     9    13     5   -0.000697747729959
  8     9    13    12   0.000529229324291
  8    10     0     6   0.00142297507526
  8    10     0    13   0.000290839731873
  8    10     1     3   0.00461964171585
  8    10     1     8   0.000267473830152
  8    10     2     6   -0.0111194839199
  8    10     2    13   -0.000695835166634
  8    10     3     1   -0.0272529915455
  8    10     3     7   -0.00347890296129
  8    10     3    10   0.000623392745998
  8    10     3    15   -0.000592159125283
  8    10     6     0    0.0122799002307
  8    10     6     2    0.0203535018686
  8    10     6    11   -0.00116441061131
  8    10     6    14   0.000654598318766
  8    10     7     3   0.00922349233167
  8    10     7     8   0.00010099189738
  8    10     8     1   -0.00156440794357
  8    10     8     7   0.000552263197705
  8    10     8    10   0.00100744119558
  8    10     8    15   -0.000332704006847
  8    10    10     3   0.000922291374706
  8    10    10     8   -0.000124462434782
  8    10    11     6   -0.0005471455187
  8    10    11    13   -0.000262737584995
  8    10    13     0   0.000672284622027
  8    10    13     2   0.00161452018007
  8    10    13    11   -0.000851518331079
  8    10    13    14   -0.000278212393345
  8    10    14     6   3.64490738331e-05
  8    10    14    13   0.000434098365463
  8    10    15     3   0.000179317408413
  8    10    15     8   -0.000278575616404
  8    11     0     3   0.00310985722076
  8    11     0     8   0.000201787456053
  8    11     1     6   -0.000283520331164
  8    11     1    13   0.000327424117336
  8    11     2     3   0.00394390347437
  8    11     2     8   0.000341820383616
  8    11     3     0   -0.0366810727743
  8    11     3     2   -0.0124218524233
  8    11     3    11   0.00197330224459
  8    11     3    14   -0.000599957286986
  8    11     6     1    0.0257940421367
  8    11     6     7   -0.00147048634289
  8    11     6    10   -0.00109543464396
  8    11     6    15   0.000559198419665
  8    11     7     6   -0.00248747431087
  8    11     7    13   -2.27746522412e-05
  8    11     8     0   -0.00209601569398
  8    11     8     2   -0.00077506866966
  8    11     8    11   0.00146699244321
  8    11     8    14   -5.90766968407e-05
  8    11    10     6   -0.000927862954258
  8    11    10    13   -0.000253740111634
  8    11    11     3   0.000497960024778
  8    11    11     8   0.000450846409829
  8    11    13     1   0.00152386309769
  8    11    13     7   5.37890422864e-05
  8    11    13    10   -0.000858186364422
  8    11    13    15   0.000638482640688
  8    11    14     3   3.17200339199e-05
  8    11    14     8   -0.000203599801288
  8    11    15     6   0.000235580785447
  8    11    15    13   0.000293953986578
  8    12     3     5   -0.0129724769222
  8    12     3    12   -0.000724829565147
  8    12     4     6     0.013990252179
  8    12     4    13   0.00084070740902
  8    12     5     3    0.0154336404055
  8    12     5     8   0.000589512946115
  8    12     6     4   -0.0167357866844
  8    12     6     9   -0.00071410009531
  8    12     8     5   -8.73526534098e-05
  8    12     8    12   0.000592569766381
  8    12     9     6   0.000399229995923
  8    12     9    13   -0.000548691876646
  8    12    12     3   0.00102672278049
  8    12    12     8   -0.000526687993902
  8    12    13     4   -0.0013119411496
  8    12    13     9   0.000502344787911
  8    13     0     1    0.0115427567687
  8    13     0     7   -0.000819938002365
  8    13     0    10    -0.000308682515
  8    13     0    15   0.000141420687095
  8    13     1     0    0.0103609057173
  8    13     1     2    0.0010050510491
  8    13     1    11   -0.000265586627561
  8    13     1    14   4.94050878364e-06
  8    13     2     1   0.000915320261287
  8    13     2     7   -2.75092873537e-05
  8    13     2    10   -4.96991573487e-05
  8    13     2    15   6.95819538752e-06
  8    13     3     6   0.000889711940665
  8    13     3    13   0.000138834804236
  8    13     4     5   -4.3371316813e-05
  8    13     4    12   3.94996458903e-05
  8    13     5     4   3.0677437163e-05
  8    13     5     9   0.000120720549517
  8    13     6     3   -0.00124323446929
  8    13     6     8   3.74923762912e-05
  8    13     7     0   -0.000613560143092
  8    13     7     2   -8.60208045776e-05
  8    13     7    11   5.80661416904e-05
  8    13     7    14   -0.000203702020329
  8    13     8     6   0.000450294507046
  8    13     8    13   0.000172900519093
  8    13     9     5   0.000119704424008
  8    13     9    12   0.000126828204146
  8    13    10     0   -0.000242349516838
  8    13    10     2   -4.13965860907e-05
  8    13    10    11   -0.000213933642948
  8    13    10    14   -7.69052924892e-05
  8    13    11     1   -0.000275371703582
  8    13    11     7   6.72449032228e-05
  8    13    11    10   -0.000213371387426
  8    13    11    15   0.000191416998549
  8    13    12     4   4.95957247813e-05
  8    13    12     9   0.000126987019873
  8    13    13     3   -0.000229169929217
  8    13    13     8   0.000109095532046
  8    13    14     1   1.31457851186e-06
  8    13    14     7   -0.000202026541379
  8    13    14    10   -7.69086911416e-05
  8    13    14    15   -7.12120092472e-05
  8    13    15     0   0.00011628156797
  8    13    15     2   1.50734798392e-05
  8    13    15    11   0.000192915680746
  8    13    15    14   -7.06505792261e-05
  8    14     0     3   -0.000659081837121
  8    14     0     8    -4.98646925e-05
  8    14     1     6   -0.000156987594917
  8    14     1    13   -3.8433745189e-05
  8    14     2     3    0.0221240808256
  8    14     2     8   0.00145154581735
  8    14     3     0   0.00668157415776
  8    14     3     2   -0.0274843009929
  8    14     3    11   0.000482003359642
  8    14     3    14   -0.000748981489258
  8    14     6     1   -0.00390295283854
  8    14     6     7   0.00832179907163
  8    14     6    10   0.000937172826218
  8    14     6    15   3.13394102403e-05
  8    14     7     6    -0.010705993218
  8    14     7    13   -0.000251236975614
  8    14     8     0   0.000376707964228
  8    14     8     2   -0.00166376083707
  8    14     8    11   -5.90766968407e-05
  8    14     8    14   0.000798479787802
  8    14    10     6   -0.000761831205137
  8    14    10    13   0.000439489740466
  8    14    11     3   -0.000695363376079
  8    14    11     8   -0.000203599801288
  8    14    13     1   -0.000254569174771
  8    14    13     7   5.74333777569e-06
  8    14    13    10   -0.000321620258009
  8    14    13    15   -0.000254019715523
  8    14    14     3   0.000872623564737
  8    14    14     8   -0.000641992295625
  8    14    15     6   -0.000155567725174
  8    14    15    13   0.00010401953399
  8    15     0     6    -0.000235471166
  8    15     0    13   -0.000173369021864
  8    15     1     3   -0.00417000543173
  8    15     1     8   -0.000268250430706
  8    15     2     6   -0.0061276807247
  8    15     2    13   -0.000489771658197
  8    15     3     1    0.0229466947718
  8    15     3     7   -0.00478115199524
  8    15     3    10   -0.00117418701119
  8    15     3    15   0.000443528054771
  8    15     6     0   -0.0139796220496
  8    15     6     2   0.00597486284356
  8    15     6    11   0.000463821261827
  8    15     6    14   0.00014221854854
  8    15     7     3   0.00466170248334
  8    15     7     8   0.000105325755528
  8    15     8     1   0.00136929914983
  8    15     8     7   0.000100835127134
  8    15     8    10   -0.000332704006847
  8    15     8    15   0.000549236548333
  8    15    10     3   0.000300068274079
  8    15    10     8   -0.000278575616404
  8    15    11     6   0.00085108845792
  8    15    11    13   0.000308592031124
  8    15    13     0   -0.000866320243235
  8    15    13     2   0.000549812047474
  8    15    13    11   0.000608054224435
  8    15    13    14   -0.000275657995721
  8    15    14     6   -0.000281421325657
  8    15    14    13   0.000138445448443
  8    15    15     3   9.4967408941e-05
  8    15    15     8   4.65342670572e-05
  9     0     0     4     -0.07413610352
  9     0     0     9   -0.0112543430378
  9     0     1     5   2.84479503991e-05
  9     0     1    12   -0.00023412973027
  9     0     2     4   -0.0015125271205
  9     0     2     9   -0.000227676269697
  9     0     4     0     0.147784652365
  9     0     4     2   0.00252245683087
  9     0     4    11   0.000207005955299
  9     0     4    14   -0.000946124734299
  9     0     5     1   0.00108700646833
  9     0     5     7   0.00137976420083
  9     0     5    10   -0.00119738208719
  9     0     5    15   0.00154449998571
  9     0     7     5   -0.00460920528435
  9     0     7    12   -0.000545130170999
  9     0     9     0    0.0213282907004
  9     0     9     2   0.00021304047141
  9     0     9    11   -0.00210788929387
  9     0     9    14   0.000404250937107
  9     0    10     5   0.00230071061342
  9     0    10    12   0.000302669549049
  9     0    11     4   -0.000158929961629
  9     0    11     9   0.000215933303985
  9     0    12     1   0.00135414780824
  9     0    12     7   -0.000538268303057
  9     0    12    10   0.000751086618535
  9     0    12    15   -0.000971850952274
  9     0    14     4   0.000405496262722
  9     0    14     9   -3.07257072586e-05
  9     0    15     5   -0.00206236303735
  9     0    15    12   -0.00011771184515
  9     1     0     5   -6.92292441557e-05
  9     1     0    12   -8.46868387887e-05
  9     1     1     4   -0.0742309563701
  9     1     1     9   -0.0109753714078
  9     1     2     5   0.000835880931373
  9     1     2    12   3.82240590854e-05
  9     1     4     1     0.147734070713
  9     1     4     7   -0.00574351163332
  9     1     4    10   -0.000557126704412
  9     1     4    15   -0.000636131118987
  9     1     5     0   0.00159172431274
  9     1     5     2    0.0019149749433
  9     1     5    11   -0.00262441361849
  9     1     5    14   0.000333926793994
  9     1     7     4   0.00447706888016
  9     1     7     9   0.000337928369721
  9     1     9     1    0.0209792434204
  9     1     9     7   -0.000249955941165
  9     1     9    10   -0.00158423937947
  9     1     9    15   0.00143006731849
  9     1    10     4   0.000105117265696
  9     1    10     9   0.000267165879448
  9     1    11     5   0.00479701726324
  9     1    11    12   0.000491826279781
  9     1    12     0   0.00129455278037
  9     1    12     2   0.000335778736386
  9     1    12    11   0.00149803245755
  9     1    12    14   -0.000266346175577
  9     1    14     5   -0.00081344698106
  9     1    14    12   -9.26756253553e-05
  9     1    15     4   0.00042943808884
  9     1    15     9   -0.000273818426367
  9     2     0     4   -0.00192669312884
  9     2     0     9   -0.000227676269697
  9     2     1     5   0.000941927936889
  9     2     1    12   0.000166684291067
  9     2     2     4   -0.0617916461703
  9     2     2     9   -0.00809838257021
  9     2     4     0   0.00130128049978
  9     2     4     2     0.121962929913
  9     2     4    11   -0.00172655317059
  9     2     4    14   0.00890025151509
  9     2     5     1   0.00216478493669
  9     2     5     7   -0.0123067534368
  9     2     5    10   -0.00218350246367
  9     2     5    15   -0.000406772239118
  9     2     7     5    0.0422294453441
  9     2     7    12   0.00357214284447
  9     2     9     0   0.00021304047141
  9     2     9     2    0.0165480106845
  9     2     9    11   -0.000788350705335
  9     2     9    14   -0.00164509090182
  9     2    10     5   0.00519846573467
  9     2    10    12   -0.000676034676447
  9     2    11     4   0.00110517082864
  9     2    11     9   0.000347426239792
  9     2    12     1   0.000462530951647
  9     2    12     7   0.00147370415883
  9     2    12    10   0.00164242861592
  9     2    12    15   0.000700287557013
  9     2    14     4   -0.00573066774145
  9     2    14     9    0.0014378072036
  9     2    15     5   0.00137771667999
  9     2    15    12   -0.000565044359715
  9     3     3     4   -0.0381884319237
  9     3     3     9   -0.00464820655282
  9     3     4     3    0.0950848376833
  9     3     4     8   0.00897459005429
  9     3     5     6   0.00647096639571
  9     3     5    13    0.0016416869154
  9     3     6     5   -0.0497183215369
  9     3     6    12   -0.00578809691665
  9     3     8     4   -0.00560036009549
  9     3     8     9   0.00120430048175
  9     3     9     3     0.013190344338
  9     3     9     8   -0.000988394308882
  9     3    12     6   -0.000677555587858
  9     3    12    13   -0.00139004103619
  9     3    13     5   -0.00497483376818
  9     3    13    12   0.000778250809732
  9     4     0     0   -0.00280622494274
  9     4     0     2   0.000352480346052
  9     4     0    11   0.00035079452547
  9     4     0    14   -2.01242640902e-05
  9     4     1     1   -0.00780032600675
  9     4     1     7   -0.000286473479231
  9     4     1    10   0.000497160855235
  9     4     1    15   -0.00028817647621
  9     4     2     0   -0.00240372888322
  9     4     2     2   8.53661278077e-06
  9     4     2    11   0.000290077423987
  9     4     2    14   -8.55753857537e-05
  9     4     3     3   3.44568026249e-05
  9     4     3     8   -4.75396770155e-05
  9     4     4     4    0.0569024436889
  9     4     4     9   0.00423482880338
  9     4     5     5   -0.0431064392743
  9     4     5    12   -0.00410844543286
  9     4     6     6   -3.76973595945e-05
  9     4     6    13   -5.70456373495e-05
  9     4     7     1   0.000229895608398
  9     4     7     7   -0.000106139935414
  9     4     7    10   -7.18399570932e-05
  9     4     7    15   2.71258109551e-05
  9     4     8     3   0.000146616550871
  9     4     8     8   4.42914718543e-05
  9     4     9     4   0.00766389822865
  9     4     9     9   0.000185272717077
  9     4    10     1   -0.000329906062485
  9     4    10     7   0.000133242307329
  9     4    10    10   6.34243661776e-05
  9     4    10    15   -3.70849997568e-05
  9     4    11     0   -0.000676215772637
  9     4    11     2   -0.000222726418436
  9     4    11    11   0.000164404986736
  9     4    11    14   6.11416014462e-05
  9     4    12     5   -0.00556221992908
  9     4    12    12   -0.000569237036954
  9     4    13     6   7.79528279583e-05
  9     4    13    13   1.70952083282e-05
  9     4    14     0   0.000120678490116
  9     4    14     2   0.000142378925628
  9     4    14    11   8.38496444359e-05
  9     4    14    14   4.79853035876e-05
  9     4    15     1   0.000188297076233
  9     4    15     7   -3.46573718165e-05
  9     4    15    10   -4.3217817639e-05
  9     4    15    15   1.19591671658e-05
  9     5     0     1    0.0062703943953
  9     5     0     7   0.000171831967988
  9     5     0    10   -0.000209418885159
  9     5     0    15   0.000145969518008
  9     5     1     0    0.0143227621726
  9     5     1     2   0.000370091899967
  9     5     1    11   -0.000861980009713
  9     5     1    14   0.000117942948407
  9     5     2     1   0.00511879210235
  9     5     2     7   0.000212627746087
  9     5     2    10   -0.000144857853526
  9     5     2    15   0.000120037199246
  9     5     3     6   -0.000246305209355
  9     5     3    13   -1.5609227292e-05
  9     5     4     5    0.0176091814664
  9     5     4    12   0.000186098119409
  9     5     5     4   -0.0214203550681
  9     5     5     9   -0.0004670372772
  9     5     6     3   0.000223738024515
  9     5     6     8   7.32836751944e-05
  9     5     7     0   -0.00108461194681
  9     5     7     2   -0.000453726889143
  9     5     7    11   3.17874666573e-05
  9     5     7    14   -0.00016531035293
  9     5     8     6   0.000217540167075
  9     5     8    13   0.000119704424008
  9     5     9     5   0.00471636069805
  9     5     9    12   0.000430806518074
  9     5    10     0   -0.000201980634083
  9     5    10     2   2.59876406796e-06
  9     5    10    11   -0.000253811711181
  9     5    10    14   -8.84219490183e-05
  9     5    11     1   0.000419862369701
  9     5    11     7   -9.40150734662e-05
  9     5    11    10   -0.000263569688534
  9     5    11    15   0.000160477638806
  9     5    12     4   -0.00400330014156
  9     5    12     9   2.99365525974e-05
  9     5    13     3   9.95907846305e-05
  9     5    13     8   0.000120720549517
  9     5    14     1   9.08902376907e-05
  9     5    14     7   -0.00025181382183
  9     5    14    10   -0.000131564406365
  9     5    14    15   -2.1379130136e-05
  9     5    15     0   4.00570542425e-05
  9     5    15     2   -5.53520089536e-05
  9     5    15    11   0.00018873512436
  9     5    15    14   -7.12475729685e-05
  9     6     3     5   -0.0388260395431
  9     6     3    12   -0.00575148726114
  9     6     4     6    0.0565118104239
  9     6     4    13   0.00587478394463
  9     6     5     3   -0.00692588874884
  9     6     5     8   0.00110012602926
  9     6     6     4    -0.014494134154
  9     6     6     9   -0.0016112849698
  9     6     8     5   -0.00396740279953
  9     6     8    12   0.000399229995923
  9     6     9     6   0.00848546978271
  9     6     9    13   -8.78217959174e-05
  9     6    12     3   -0.000702411423319
  9     6    12     8   -0.00071410009531
  9     6    13     4   -0.00336705560649
  9     6    13     9   0.000589684712718
  9     7     0     5   -0.00282537564828
  9     7     0    12   -0.000493425364752
  9     7     1     4   0.00159962286391
  9     7     1     9   0.000337928369721
  9     7     2     5    0.0173419557332
  9     7     2    12   0.00335645835079
  9     7     4     1   -0.000456568472014
  9     7     4     7    0.0291381053382
  9     7     4    10   0.00334261693483
  9     7     4    15   0.00122358269302
  9     7     5     0   -0.00515092039403
  9     7     5     2     0.025985888495
  9     7     5    11   -0.000487306002829
  9     7     5    14   -2.80695689756e-05
  9     7     7     4   -0.00177397425536
  9     7     7     9   -0.000504564279821
  9     7     9     1   -0.000249955941165
  9     7     9     7   0.00525704854459
  9     7     9    10   0.000542748149642
  9     7     9    15   0.000108968098638
  9     7    10     4   -0.00140564149704
  9     7    10     9   0.000109791691227
  9     7    11     5   -0.000142510498287
  9     7    11    12   -0.000120721684492
  9     7    12     0   -0.000465471477729
  9     7    12     2   0.00175079387106
  9     7    12    11   -0.000129701104303
  9     7    12    14   4.63286789213e-05
  9     7    14     5   0.00206632720849
  9     7    14    12   -5.84825391171e-05
  9     7    15     4   -0.000517622202887
  9     7    15     9   0.000114405099313
  9     8     3     4    0.0214709311511
  9     8     3     9   0.00120430048175
  9     8     4     3   -0.0226308899847
  9     8     4     8   -0.000974635358086
  9     8     5     6   -0.0131239609864
  9     8     5    13   -0.000697747729959
  9     8     6     5    0.0137422065974
  9     8     6    12   0.00055115371473
  9     8     8     4   0.00119834227516
  9     8     8     9   -0.000732362944298
  9     8     9     3   -0.000988394308882
  9     8     9     8   0.000808122870372
  9     8    12     6   -0.000706406632011
  9     8    12    13   0.000529229324291
  9     8    13     5   0.000538409172709
  9     8    13    12   -0.000566594929096
  9     9     0     0   -0.00326823565676
  9     9     0     2   -0.000233334726876
  9     9     0    11   3.15730799874e-05
  9     9     0    14   1.25527753792e-05
  9     9     1     1   -0.00585776026435
  9     9     1     7   0.000351269393576
  9     9     1    10   0.000120214582402
  9     9     1    15   -4.91386787131e-05
  9     9     2     0   -0.000233334726876
  9     9     2     2   -0.000700597679327
  9     9     2    11   1.89379565754e-05
  9     9     2    14   7.23774065756e-07
  9     9     3     3   -5.58587889611e-05
  9     9     3     8   2.32776742543e-05
  9     9     4     4   -0.00230849277625
  9     9     4     9   0.000185272717077
  9     9     5     5   0.00146330939557
  9     9     5    12   -4.36603953327e-05
  9     9     6     6   0.000112459019126
  9     9     6    13   3.29668230467e-05
  9     9     7     1   0.000351269393576
  9     9     7     7   0.00043530400391
  9     9     7    10   6.25562866929e-05
  9     9     7    15   4.09858589723e-05
  9     9     8     3   2.32776742543e-05
  9     9     8     8   5.16524152503e-05
  9     9     9     4   0.000185272717077
  9     9     9     9   0.000145582788614
  9     9    10     1   0.000120214582402
  9     9    10     7   6.25562866929e-05
  9     9    10    10   7.2623271589e-05
  9     9    10    15   -3.24886708532e-05
  9     9    11     0   3.15730799874e-05
  9     9    11     2   1.89379565754e-05
  9     9    11    11   0.00014428509927
  9     9    11    14   -1.4707121545e-05
  9     9    12     5   -4.36603953327e-05
  9     9    12    12   1.62248410035e-05
  9     9    13     6   3.29668230467e-05
  9     9    13    13   2.44605975803e-05
  9     9    14     0   1.25527753792e-05
  9     9    14     2   7.23774065756e-07
  9     9    14    11   -1.4707121545e-05
  9     9    14    14    6.653252135e-05
  9     9    15     1   -4.91386787131e-05
  9     9    15     7   4.09858589723e-05
  9     9    15    10   -3.24886708532e-05
  9     9    15    15   6.45603183598e-05
  9    10     0     5   0.00118372019082
  9    10     0    12   0.000286550602019
  9    10     1     4   0.00442969532576
  9    10     1     9   0.000267165879448
  9    10     2     5   -0.0111640427167
  9    10     2    12   -0.000708329389364
  9    10     4     1   -0.0269561309673
  9    10     4     7   -0.00343681567832
  9    10     4    10   0.000618632385192
  9    10     4    15   -0.000584369644885
  9    10     5     0    0.0134550705734
  9    10     5     2    0.0204699272987
  9    10     5    11   -0.00117450019196
  9    10     5    14   0.000651332878642
  9    10     7     4   0.00922415240338
  9    10     7     9   0.000109791691227
  9    10     9     1   -0.00158423937947
  9    10     9     7   0.000542748149642
  9    10     9    10   0.00101836643824
  9    10     9    15   -0.000356365511817
  9    10    10     4   0.000963432423195
  9    10    10     9   -0.000116484281727
  9    10    11     5   -0.000528369877978
  9    10    11    12   -0.000262332498443
  9    10    12     0   0.000742043232702
  9    10    12     2   0.00163123531883
  9    10    12    11   -0.000847207691754
  9    10    12    14   -0.000271201563031
  9    10    14     5   3.62910156947e-05
  9    10    14    12   0.000441211012489
  9    10    15     4   0.000165239829768
  9    10    15     9   -0.000291077170309
  9    11     0     4   0.00318204193638
  9    11     0     9   0.000215933303985
  9    11     1     5   -0.000133284121862
  9    11     1    12   0.000394227107526
  9    11     2     4   0.00399572556129
  9    11     2     9   0.000347426239792
  9    11     4     0   -0.0366605356973
  9    11     4     2   -0.0125741423235
  9    11     4    11   0.00203108912357
  9    11     4    14   -0.00059852245369
  9    11     5     1    0.0258287466378
  9    11     5     7   -0.0014948815208
  9    11     5    10   -0.0010875287507
  9    11     5    15   0.000560079356191
  9    11     7     5   -0.00252413799716
  9    11     7    12   -2.87469991302e-05
  9    11     9     0   -0.00210788929387
  9    11     9     2   -0.000788350705335
  9    11     9    11   0.00147744454084
  9    11     9    14   -7.91913398101e-05
  9    11    10     5   -0.000922273246145
  9    11    10    12   -0.000254201221201
  9    11    11     4   0.000468061130501
  9    11    11     9   0.000446050608749
  9    11    12     1   0.00148030098032
  9    11    12     7   4.9640227932e-05
  9    11    12    10   -0.000859952924604
  9    11    12    15   0.000616891038904
  9    11    14     4   3.89467638258e-05
  9    11    14     9   -0.000217341406071
  9    11    15     5   0.000232886181322
  9    11    15    12   0.000318006451254
  9    12     0     1    0.0116931270758
  9    12     0     7   -0.000737479572848
  9    12     0    10   -0.000306413706545
  9    12     0    15   0.000140696699719
  9    12     1     0    0.0102819595988
  9    12     1     2   0.00142632324015
  9    12     1    11   -0.000231883490362
  9    12     1    14   1.89226944089e-05
  9    12     2     1   0.00136287011419
  9    12     2     7   -6.00899909848e-05
  9    12     2    10   -5.47824318459e-05
  9    12     2    15   9.91891290045e-06
  9    12     3     6   -3.19836021765e-05
  9    12     3    13   4.72835144569e-05
  9    12     4     5   0.000923042595107
  9    12     4    12   0.00014126565354
  9    12     5     4   -0.0012657636715
  9    12     5     9   2.99365525974e-05
  9    12     6     3   1.3054326344e-05
  9    12     6     8   0.000143034648639
  9    12     7     0   -0.000524436068374
  9    12     7     2   -6.4818366247e-05
  9    12     7    11   3.10324702319e-05
  9    12     7    14   -0.000208500637768
  9    12     8     6   0.000132142987115
  9    12     8    13   0.000126828204146
  9    12     9     5   0.000430806518074
  9    12     9    12   0.000175241246681
  9    12    10     0   -0.000233839231555
  9    12    10     2   -5.5296834154e-05
  9    12    10    11   -0.000229674384014
  9    12    10    14   -8.61131269478e-05
  9    12    11     1   -0.00031016120965
  9    12    11     7   4.91140491546e-05
  9    12    11    10   -0.000226639635569
  9    12    11    15   0.00018888385094
  9    12    12     4   -0.000246189066192
  9    12    12     9   0.000109992662874
  9    12    13     3   5.41617498003e-05
  9    12    13     8   0.000126987019873
  9    12    14     1   3.18282625024e-05
  9    12    14     7   -0.000199048568219
  9    12    14    10   -8.55983008159e-05
  9    12    14    15   -6.35046852796e-05
  9    12    15     0   0.000116732858505
  9    12    15     2   2.24508234952e-05
  9    12    15    11   0.00019059373405
  9    12    15    14   -6.34769626325e-05
  9    13     3     5    0.0140022833982
  9    13     3    12   0.000836959977019
  9    13     4     6   -0.0129931781351
  9    13     4    13   -0.000734305664468
  9    13     5     3   -0.0167121161427
  9    13     5     8   -0.000698137032008
  9    13     6     4    0.0154336031538
  9    13     6     9   0.000589684712718
  9    13     8     5   0.000392450072576
  9    13     8    12   -0.000548691876646
  9    13     9     6   -8.78217959174e-05
  9    13     9    13   0.000592413308245
  9    13    12     3   -0.00130944329281
  9    13    12     8   0.000502344787911
  9    13    13     4   0.00102731854202
  9    13    13     9   -0.000528115162003
  9    14     0     4   -0.000359763557157
  9    14     0     9   -3.07257072586e-05
  9    14     1     5   -0.000206756570824
  9    14     1    12   -4.17878127901e-05
  9    14     2     4    0.0220157980607
  9    14     2     9    0.0014378072036
  9    14     4     0   0.00721826887352
  9    14     4     2   -0.0272820109119
  9    14     4    11   0.000453322592441
  9    14     4    14   -0.000722018413807
  9    14     5     1   -0.00413708287899
  9    14     5     7   0.00828009610943
  9    14     5    10   0.000955356593296
  9    14     5    15   2.10618202315e-05
  9    14     7     5   -0.0106450213425
  9    14     7    12   -0.000248320325253
  9    14     9     0   0.000404250937107
  9    14     9     2   -0.00164509090182
  9    14     9    11   -7.91913398101e-05
  9    14     9    14   0.000797557610093
  9    14    10     5   -0.000737657756392
  9    14    10    12   0.000444367012122
  9    14    11     4   -0.000704083011721
  9    14    11     9   -0.000217341406071
  9    14    12     1   -0.000266920337986
  9    14    12     7   8.74692535111e-06
  9    14    12    10   -0.000305308910877
  9    14    12    15   -0.000329098628536
  9    14    14     4   0.000857743863578
  9    14    14     9   -0.000633720678886
  9    14    15     5   -0.000157978178879
  9    14    15    12   0.000162985384049
  9    15     0     5   -0.000262149074266
  9    15     0    12   -0.000178815175058
  9    15     1     4   -0.00424955628606
  9    15     1     9   -0.000273818426367
  9    15     2     5   -0.00626733960615
  9    15     2    12   -0.000510687126933
  9    15     4     1    0.0239670846863
  9    15     4     7   -0.00489294851761
  9    15     4    10   -0.0012300132764
  9    15     4    15   0.000463843801706
  9    15     5     0   -0.0141175696472
  9    15     5     2   0.00626206640977
  9    15     5    11   0.000490600507183
  9    15     5    14   0.000147381092281
  9    15     7     4   0.00482156881591
  9    15     7     9   0.000114405099313
  9    15     9     1   0.00143006731849
  9    15     9     7   0.000108968098638
  9    15     9    10   -0.000356365511817
  9    15     9    15   0.000571138195117
  9    15    10     4   0.000323314384307
  9    15    10     9   -0.000291077170309
  9    15    11     5   0.000888102947839
  9    15    11    12   0.000311098776055
  9    15    12     0   -0.000870348541556
  9    15    12     2   0.000591661199508
  9    15    12    11   0.000612632618575
  9    15    12    14   -0.000289976408306
  9    15    14     5   -0.000290033007893
  9    15    14    12   0.000140157275147
  9    15    15     4   0.000100117251923
  9    15    15     9   4.8573829418e-05
 10     0     0     1    0.0436526345115
 10     0     0     7   -0.0521683880526
 10     0     0    10   -0.0113525956145
 10     0     0    15   -0.000172827857428
 10     0     1     0   -0.0878926126727
 10     0     1     2   -0.00272590824798
 10     0     1    11   0.00572745564899
 10     0     1    14   -0.000377292312816
 10     0     2     1   0.000506839329748
 10     0     2     7   -0.00349784821438
 10     0     2    10   0.00275183285012
 10     0     2    15   -0.00316736673299
 10     0     3     6   0.000171603856617
 10     0     3    13   -0.000350734787197
 10     0     4     5   -1.59515102181e-05
 10     0     4    12   -0.000416747050235
 10     0     5     4   0.000599690947819
 10     0     5     9   -0.000209418885159
 10     0     6     3   0.000436770314226
 10     0     6     8   -0.000282431944508
 10     0     7     0     0.103796198241
 10     0     7     2   0.00632871609159
 10     0     7    11   -0.00201200312999
 10     0     7    14   0.000163709095619
 10     0     8     6   -0.000132092453993
 10     0     8    13   -0.000242349516838
 10     0     9     5   -0.000201980634083
 10     0     9    12   -0.000233839231555
 10     0    10     0    0.0236490980287
 10     0    10     2   -0.00302195073313
 10     0    10    11   -0.000844606831333
 10     0    10    14   0.000165270294843
 10     0    11     1   -0.00389074592235
 10     0    11     7   0.000884114917657
 10     0    11    10   0.00081670947448
 10     0    11    15   -0.000309832099978
 10     0    12     4   0.000357497871427
 10     0    12     9   -0.000306413706545
 10     0    13     3   0.000226869385646
 10     0    13     8    -0.000308682515
 10     0    14     1   -0.000803204176771
 10     0    14     7   0.00107618910826
 10     0    14    10   -0.000661623405207
 10     0    14    15   0.000976271291795
 10     0    15     0   -0.00162443632573
 10     0    15     2   0.00368489652678
 10     0    15    11   -0.00110883955069
 10     0    15    14   0.000442408615192
 10     1     0     0   -0.000727588545517
 10     1     0     2    -0.001382771951
 10     1     0    11   0.00362268248596
 10     1     0    14   -0.000407656185537
 10     1     1     1   -0.0446711807444
 10     1     1     7   -0.0485132216524
 10     1     1    10   -0.00834615610892
 10     1     1    15   -0.00176720872326
 10     1     2     0   -0.000708541537594
 10     1     2     2   -0.00438116814957
 10     1     2    11   0.00660917065743
 10     1     2    14   -0.00113534505598
 10     1     3     3   -0.000864846104523
 10     1     3     8   0.000583188929701
 10     1     4     4   -0.000686328594728
 10     1     4     9   0.000497160855235
 10     1     5     5   9.76376213064e-05
 10     1     5    12   0.000340966190591
 10     1     6     6   0.000243008657918
 10     1     6    13   0.000349151500974
 10     1     7     1    0.0996849843597
 10     1     7     7   0.000249475317632
 10     1     7    10   -0.00163920812235
 10     1     7    15   0.00136228696155
 10     1     8     3   -0.000361012495042
 10     1     8     8   0.00020307513525
 10     1     9     4   -0.000329906062485
 10     1     9     9   0.000120214582402
 10     1    10     1    0.0224686944828
 10     1    10     7   0.00104360376418
 10     1    10    10   -0.000233259411709
 10     1    10    15   0.000777946593836
 10     1    11     0   -0.00429138391478
 10     1    11     2   -0.00743991652163
 10     1    11    11   0.000776690647673
 10     1    11    14   -9.92857218503e-05
 10     1    12     5   -7.93656140873e-05
 10     1    12    12   8.16004516977e-05
 10     1    13     6   -0.00011378968367
 10     1    13    13   6.51559680327e-05
 10     1    14     0   -0.000348526793639
 10     1    14     2   0.000346847212685
 10     1    14    11   -0.00159706791119
 10     1    14    14   0.000440734521281
 10     1    15     1   -0.00136748201469
 10     1    15     7   -7.8089358882e-05
 10     1    15    10   -0.000803792123299
 10     1    15    15   0.000458922496623
 10     2     0     1   -0.00301202124572
 10     2     0     7    0.0102236880918
 10     2     0    10   0.00275183285012
 10     2     0    15   0.000505037748975
 10     2     1     0   -0.00465925639709
 10     2     1     2   -0.0620496001884
 10     2     1    11   0.00271115792232
 10     2     1    14   0.000408534437545
 10     2     2     1    0.0304526413818
 10     2     2     7   -0.0143480972529
 10     2     2    10   -0.00389174436755
 10     2     2    15   0.00255614869799
 10     2     3     6   -9.41572943007e-05
 10     2     3    13   3.01759940359e-05
 10     2     4     5   -0.000238093026203
 10     2     4    12   5.53167361741e-05
 10     2     5     4   0.000405529378695
 10     2     5     9   -0.000144857853526
 10     2     6     3   0.000256924404955
 10     2     6     8   -0.000164409430045
 10     2     7     0    -0.018655629177
 10     2     7     2    0.0208801202289
 10     2     7    11   0.00106146113381
 10     2     7    14   0.000134771620987
 10     2     8     6   1.49641957201e-05
 10     2     8    13   -4.13965860907e-05
 10     2     9     5   2.59876406796e-06
 10     2     9    12   -5.5296834154e-05
 10     2    10     0   -0.00302195073313
 10     2    10     2    0.0105316926253
 10     2    10    11   0.000284784432546
 10     2    10    14   0.000877991061908
 10     2    11     1   -0.00225684430542
 10     2    11     7   0.000939738167556
 10     2    11    10   0.000759736048006
 10     2    11    15   0.000155405325238
 10     2    12     4   -2.38662541625e-06
 10     2    12     9   -5.47824318459e-05
 10     2    13     3   -3.0602553965e-05
 10     2    13     8   -4.96991573487e-05
 10     2    14     1   -0.000518423661475
 10     2    14     7   -0.00297953854446
 10     2    14    10   -0.000423052948927
 10     2    14    15   -9.5286991955e-05
 10     2    15     0   -0.000310134858821
 10     2    15     2   -0.00355515537636
 10     2    15    11   2.94825588629e-05
 10     2    15    14   -0.000671632262459
 10     3     0     6   -0.00571489610557
 10     3     0    13   -0.00213824233344
 10     3     1     3   -0.0475657682421
 10     3     1     8   -0.00057713665201
 10     3     2     6   -0.0130733395574
 10     3     2    13   -0.0045005596659
 10     3     3     1    0.0239116145018
 10     3     3     7   -0.0248505232137
 10     3     3    10   -0.00649149576936
 10     3     3    15   0.00111512647255
 10     3     6     0    0.0268583077004
 10     3     6     2    0.0549055533745
 10     3     6    11   -0.00369235635704
 10     3     6    14   0.00377694459493
 10     3     7     3     0.058586195628
 10     3     7     8   0.00327236248282
 10     3     8     1   0.000137255692488
 10     3     8     7   -0.00134551308386
 10     3     8    10   0.000922291374706
 10     3     8    15   0.000300068274079
 10     3    10     3    0.0144095914181
 10     3    10     8   0.000623392745998
 10     3    11     6   0.000684975455919
 10     3    11    13   -0.000675029052352
 10     3    13     0   0.00286055558232
 10     3    13     2   0.00649454172982
 10     3    13    11   -0.00104098354182
 10     3    13    14   -0.000885998712308
 10     3    14     6   0.00076901819546
 10     3    14    13   0.00132099946181
 10     3    15     3   -0.00137946613973
 10     3    15     8   -0.00117418701119
 10     4     0     5   -0.00576796344542
 10     4     0    12   -0.00220847361984
 10     4     1     4   -0.0477101495652
 10     4     1     9   -0.000557126704412
 10     4     2     5   -0.0130630152196
 10     4     2    12   -0.00453097441425
 10     4     4     1    0.0240342037507
 10     4     4     7   -0.0247731580835
 10     4     4    10   -0.00658502805034
 10     4     4    15   0.00121606044816
 10     4     5     0    0.0270081057414
 10     4     5     2    0.0549973518698
 10     4     5    11   -0.00372085155256
 10     4     5    14   0.00379824337926
 10     4     7     4    0.0585633443704
 10     4     7     9   0.00334261693483
 10     4     9     1   0.000105117265696
 10     4     9     7   -0.00140564149704
 10     4     9    10   0.000963432423195
 10     4     9    15   0.000323314384307
 10     4    10     4    0.0146044105792
 10     4    10     9   0.000618632385192
 10     4    11     5   0.000703676563088
 10     4    11    12   -0.000690387999025
 10     4    12     0   0.00289731586546
 10     4    12     2    0.0065367091054
 10     4    12    11   -0.000990056859979
 10     4    12    14   -0.000881881255571
 10     4    14     5   0.000776872713337
 10     4    14    12   0.00133597053367
 10     4    15     4   -0.00152743480427
 10     4    15     9   -0.0012300132764
 10     5     0     4   0.00508471150144
 10     5     0     9   -0.00119738208719
 10     5     1     5   -0.0374943563009
 10     5     1    12   -0.00145434012899
 10     5     2     4    0.0117347579186
 10     5     2     9   -0.00218350246367
 10     5     4     0    0.0252679094664
 10     5     4     2    0.0457365392174
 10     5     4    11   -0.00394277426545
 10     5     4    14   0.00439723805534
 10     5     5     1    0.0184740531205
 10     5     5     7   -0.0107099317494
 10     5     5    10   -0.00327353142436
 10     5     5    15   0.00105521147396
 10     5     7     5    0.0436352405077
 10     5     7    12   0.00324913673561
 10     5     9     0   0.00230071061342
 10     5     9     2   0.00519846573467
 10     5     9    11   -0.000922273246145
 10     5     9    14   -0.000737657756392
 10     5    10     5    0.0102692352174
 10     5    10    12   0.00102727801102
 10     5    11     4   0.000907540663932
 10     5    11     9   -0.0010875287507
 10     5    12     1   0.000686115934676
 10     5    12     7   -0.000969166375731
 10     5    12    10   0.000694924522642
 10     5    12    15   7.06952948877e-05
 10     5    14     4   0.000182862085909
 10     5    14     9   0.000955356593296
 10     5    15     5   -0.00116151409725
 10     5    15    12   -0.000909254964022
 10     6     0     3   0.00523173085096
 10     6     0     8   -0.00130462004922
 10     6     1     6   -0.0376524401574
 10     6     1    13   -0.00140484178649
 10     6     2     3    0.0117327559112
 10     6     2     8   -0.00220915154663
 10     6     3     0    0.0253529978802
 10     6     3     2    0.0456242344036
 10     6     3    11   -0.00397722054732
 10     6     3    14    0.0043907519395
 10     6     6     1    0.0185621168356
 10     6     6     7    -0.010774125886
 10     6     6    10   -0.00338280631126
 10     6     6    15   0.00110407353878
 10     6     7     6    0.0436152225435
 10     6     7    13   0.00328695045374
 10     6     8     0    0.0023105380521
 10     6     8     2   0.00520868881006
 10     6     8    11   -0.000927862954258
 10     6     8    14   -0.000761831205137
 10     6    10     6    0.0104730588287
 10     6    10    13   0.00104922311556
 10     6    11     3   0.000929403250338
 10     6    11     8   -0.00109543464396
 10     6    13     1   0.000643398395901
 10     6    13     7   -0.00100201435901
 10     6    13    10   0.000682876235393
 10     6    13    15   4.18720696637e-05
 10     6    14     3   0.000205341920649
 10     6    14     8   0.000937172826218
 10     6    15     6   -0.00127996814813
 10     6    15    13   -0.000904017146369
 10     7     0     0   -0.00432512497748
 10     7     0     2   -0.0166638872015
 10     7     0    11   0.00048838806951
 10     7     0    14   0.000558411883512
 10     7     1     1   -0.00725171505155
 10     7     1     7   -0.0244065712363
 10     7     1    10   -0.00163920812235
 10     7     1    15   -0.000248616385702
 10     7     2     0   -0.00522328635627
 10     7     2     2   -0.0645632941761
 10     7     2    11   0.00330307669249
 10     7     2    14   -0.00343379331012
 10     7     3     3   -0.000165036405574
 10     7     3     8   -5.38143929283e-05
 10     7     4     4   -0.000343174618531
 10     7     4     9   -7.18399570932e-05
 10     7     5     5   0.00041660764992
 10     7     5    12   3.19789171954e-05
 10     7     6     6   0.000275923818554
 10     7     6    13   7.71442790112e-06
 10     7     7     1    0.0147890825507
 10     7     7     7     0.029252528003
 10     7     7    10   0.00176898257172
 10     7     7    15   0.00142686298389
 10     7     8     3   0.000158183501206
 10     7     8     8   9.00610850928e-05
 10     7     9     4   0.000133242307329
 10     7     9     9   6.25562866929e-05
 10     7    10     1   0.00104360376418
 10     7    10     7   0.00678982412962
 10     7    10    10   0.00163047510516
 10     7    10    15   0.000288237103566
 10     7    11     0   0.000319435009941
 10     7    11     2   0.000253980480853
 10     7    11    11   0.000540947219158
 10     7    11    14   0.00126678128806
 10     7    12     5   0.00014261910042
 10     7    12    12   4.83552042753e-05
 10     7    13     6   0.000122051983365
 10     7    13    13   4.19241405992e-05
 10     7    14     0   -0.000759216855637
 10     7    14     2   -0.00344130599307
 10     7    14    11   0.000535969797619
 10     7    14    14   0.00020496739829
 10     7    15     1   0.000252075969001
 10     7    15     7   -0.00101821953252
 10     7    15    10   -0.000515652048205
 10     7    15    15   -2.35287696481e-05
 10     8     0     6    0.0122799002307
 10     8     0    13   0.000672284622027
 10     8     1     3   -0.0272529915455
 10     8     1     8   -0.00156440794357
 10     8     2     6    0.0203535018686
 10     8     2    13   0.00161452018007
 10     8     3     1   0.00461964171585
 10     8     3     7   0.00922349233167
 10     8     3    10   0.000922291374706
 10     8     3    15   0.000179317408413
 10     8     6     0   0.00142297507526
 10     8     6     2   -0.0111194839199
 10     8     6    11   -0.0005471455187
 10     8     6    14   3.64490738331e-05
 10     8     7     3   -0.00347890296129
 10     8     7     8   0.000552263197705
 10     8     8     1   0.000267473830152
 10     8     8     7   0.00010099189738
 10     8     8    10   -0.000124462434782
 10     8     8    15   -0.000278575616404
 10     8    10     3   0.000623392745998
 10     8    10     8   0.00100744119558
 10     8    11     6   -0.00116441061131
 10     8    11    13   -0.000851518331079
 10     8    13     0   0.000290839731873
 10     8    13     2   -0.000695835166634
 10     8    13    11   -0.000262737584995
 10     8    13    14   0.000434098365463
 10     8    14     6   0.000654598318766
 10     8    14    13   -0.000278212393345
 10     8    15     3   -0.000592159125283
 10     8    15     8   -0.000332704006847
 10     9     0     5    0.0134550705734
 10     9     0    12   0.000742043232702
 10     9     1     4   -0.0269561309673
 10     9     1     9   -0.00158423937947
 10     9     2     5    0.0204699272987
 10     9     2    12   0.00163123531883
 10     9     4     1   0.00442969532576
 10     9     4     7   0.00922415240338
 10     9     4    10   0.000963432423195
 10     9     4    15   0.000165239829768
 10     9     5     0   0.00118372019082
 10     9     5     2   -0.0111640427167
 10     9     5    11   -0.000528369877978
 10     9     5    14   3.62910156947e-05
 10     9     7     4   -0.00343681567832
 10     9     7     9   0.000542748149642
 10     9     9     1   0.000267165879448
 10     9     9     7   0.000109791691227
 10     9     9    10   -0.000116484281727
 10     9     9    15   -0.000291077170309
 10     9    10     4   0.000618632385192
 10     9    10     9   0.00101836643824
 10     9    11     5   -0.00117450019196
 10     9    11    12   -0.000847207691754
 10     9    12     0   0.000286550602019
 10     9    12     2   -0.000708329389364
 10     9    12    11   -0.000262332498443
 10     9    12    14   0.000441211012489
 10     9    14     5   0.000651332878642
 10     9    14    12   -0.000271201563031
 10     9    15     4   -0.000584369644885
 10     9    15     9   -0.000356365511817
 10    10     0     0   -0.0113379912951
 10    10     0     2   -0.0152089509192
 10    10     0    11   0.000651599600937
 10    10     0    14   -0.000556017276624
 10    10     1     1   -0.0157993279176
 10    10     1     7   -0.00512342267543
 10    10     1    10   -0.000233259411709
 10    10     1    15   -0.000306271305483
 10    10     2     0   -0.0152089509192
 10    10     2     2   -0.0220448648696
 10    10     2    11   0.00114988914714
 10    10     2    14   -0.00093601931905
 10    10     3     3   -0.000227350465994
 10    10     3     8   0.000134863326897
 10    10     4     4   -0.000317104251641
 10    10     4     9   6.34243661776e-05
 10    10     5     5   0.000461310793275
 10    10     5    12   0.00012949343309
 10    10     6     6   0.000226033086626
 10    10     6    13   0.000114306384373
 10    10     7     1   -0.00512342267543
 10    10     7     7   0.00977745225494
 10    10     7    10   0.00163047510516
 10    10     7    15   -0.000302760392271
 10    10     8     3   0.000134863326897
 10    10     8     8   0.000134812409672
 10    10     9     4   6.34243661776e-05
 10    10     9     9   7.2623271589e-05
 10    10    10     1   -0.000233259411709
 10    10    10     7   0.00163047510516
 10    10    10    10   0.00121089528696
 10    10    10    15   -0.000227133224065
 10    10    11     0   0.000651599600937
 10    10    11     2   0.00114988914714
 10    10    11    11   0.000594788540684
 10    10    11    14   0.000681048660776
 10    10    12     5   0.00012949343309
 10    10    12    12   8.00984702932e-05
 10    10    13     6   0.000114306384373
 10    10    13    13   5.65143890967e-05
 10    10    14     0   -0.000556017276624
 10    10    14     2   -0.00093601931905
 10    10    14    11   0.000681048660776
 10    10    14    14   5.99905517123e-05
 10    10    15     1   -0.000306271305483
 10    10    15     7   -0.000302760392271
 10    10    15    10   -0.000227133224065
 10    10    15    15   -1.02425883107e-05
 10    11     0     1    -0.016750246248
 10    11     0     7   0.00297384335231
 10    11     0    10   0.00081670947448
 10    11     0    15   -0.000342908144766
 10    11     1     0    -0.019691738883
 10    11     1     2   -0.00675176060126
 10    11     1    11   0.000453936917703
 10    11     1    14   -0.000464953192489
 10    11     2     1   -0.0321837087141
 10    11     2     7    0.0023369944051
 10    11     2    10   0.000759736048006
 10    11     2    15   -0.000369646670214
 10    11     3     6   -7.68739791032e-06
 10    11     3    13   -8.31952912205e-05
 10    11     4     5   2.10533164122e-05
 10    11     4    12   -5.22243992783e-05
 10    11     5     4   4.28215892066e-05
 10    11     5     9   -0.000263569688534
 10    11     6     3   8.8244082403e-05
 10    11     6     8   -0.00029140338316
 10    11     7     0    -0.011466828788
 10    11     7     2   -0.00179670445601
 10    11     7    11   0.00159433176032
 10    11     7    14   7.3882564387e-05
 10    11     8     6   -0.000293435558288
 10    11     8    13   -0.000213933642948
 10    11     9     5   -0.000253811711181
 10    11     9    12   -0.000229674384014
 10    11    10     0   -0.000844606831333
 10    11    10     2   0.000284784432546
 10    11    10    11   0.00126152525773
 10    11    10    14   0.000284760502735
 10    11    11     1   0.00142932581171
 10    11    11     7   0.000254140726836
 10    11    11    10   0.000725946322938
 10    11    11    15   -0.000242775038489
 10    11    12     4   -3.54676584579e-05
 10    11    12     9   -0.000226639635569
 10    11    13     3   -4.96675047069e-05
 10    11    13     8   -0.000213371387426
 10    11    14     1   -0.000963882971572
 10    11    14     7   0.000330192695015
 10    11    14    10   0.000682603350928
 10    11    14    15   -0.000405701984182
 10    11    15     0   -0.000382448660799
 10    11    15     2   -0.000557058688952
 10    11    15    11   -5.179599798e-05
 10    11    15    14   -0.000168816130515
 10    12     0     4    0.0164033466953
 10    12     0     9   0.000751086618535
 10    12     1     5    -0.017880549497
 10    12     1    12   -0.0012749765819
 10    12     2     4    0.0250920017955
 10    12     2     9   0.00164242861592
 10    12     4     0   0.00162738887295
 10    12     4     2    -0.011804040484
 10    12     4    11   -0.000514789109186
 10    12     4    14   -0.00019194012553
 10    12     5     1   0.00330226014637
 10    12     5     7    0.0071097131459
 10    12     5    10   0.000694924522642
 10    12     5    15   9.14592070533e-05
 10    12     7     5   -0.000332507342959
 10    12     7    12   0.000408051131022
 10    12     9     0   0.000302669549049
 10    12     9     2   -0.000676034676447
 10    12     9    11   -0.000254201221201
 10    12     9    14   0.000444367012122
 10    12    10     5   0.00102727801102
 10    12    10    12   0.000850537596407
 10    12    11     4   -0.00090321591646
 10    12    11     9   -0.000859952924604
 10    12    12     1   0.000236543460528
 10    12    12     7   0.000129882747007
 10    12    12    10   -7.97164358658e-05
 10    12    12    15   -0.000266780444448
 10    12    14     4    0.0010215622183
 10    12    14     9   -0.000305308910877
 10    12    15     5   -0.000430717502678
 10    12    15    12   -0.000251101849041
 10    13     0     3    0.0163395652224
 10    13     0     8   0.000742057003611
 10    13     1     6   -0.0178616845624
 10    13     1    13   -0.0012642813892
 10    13     2     3    0.0252088828547
 10    13     2     8   0.00164262926177
 10    13     3     0   0.00160486529139
 10    13     3     2   -0.0119065862871
 10    13     3    11   -0.000515651033097
 10    13     3    14   -0.000185120872567
 10    13     6     1   0.00317524266443
 10    13     6     7   0.00708289496556
 10    13     6    10   0.000682876235393
 10    13     6    15   8.88276172367e-05
 10    13     7     6   -0.000308877549482
 10    13     7    13   0.000430196252739
 10    13     8     0   0.000294018236745
 10    13     8     2   -0.000672375855374
 10    13     8    11   -0.000253740111634
 10    13     8    14   0.000439489740466
 10    13    10     6   0.00104922311556
 10    13    10    13   0.00085428749737
 10    13    11     3   -0.000906709308386
 10    13    11     8   -0.000858186364422
 10    13    13     1   0.00022519120947
 10    13    13     7   0.000113917552997
 10    13    13    10   -8.18917972266e-05
 10    13    13    15   -0.000216705377195
 10    13    14     3   0.00101906545622
 10    13    14     8   -0.000321620258009
 10    13    15     6   -0.000431909947964
 10    13    15    13   -0.000304514126173
 10    14     0     1   -0.00794657690638
 10    14     0     7   -0.00889053972485
 10    14     0    10   -0.000661623405207
 10    14     0    15   -0.000179762462994
 10    14     1     0   -0.0043293825141
 10    14     1     2   -0.0318430297719
 10    14     1    11   0.000898781012532
 10    14     1    14   -0.00118667398412
 10    14     2     1   0.00883091895782
 10    14     2     7   -0.00314538450792
 10    14     2    10   -0.000423052948927
 10    14     2    15   -0.000275646086375
 10    14     3     6   1.1616627002e-05
 10    14     3    13   -7.28136565683e-06
 10    14     4     5   -9.85963151786e-06
 10    14     4    12   3.71397127205e-07
 10    14     5     4   6.17901580068e-06
 10    14     5     9   -0.000131564406365
 10    14     6     3   -9.38398034039e-06
 10    14     6     8   -0.000143593977798
 10    14     7     0   0.00195994710297
 10    14     7     2   0.00267673690091
 10    14     7    11   0.000221358547931
 10    14     7    14   0.000390189586004
 10    14     8     6   -9.25386968352e-05
 10    14     8    13   -7.69052924892e-05
 10    14     9     5   -8.84219490183e-05
 10    14     9    12   -8.61131269478e-05
 10    14    10     0   0.000165270294843
 10    14    10     2   0.000877991061908
 10    14    10    11   0.000284760502735
 10    14    10    14   0.000589549373801
 10    14    11     1   -1.88567106067e-07
 10    14    11     7   0.000929188112711
 10    14    11    10   0.000682603350928
 10    14    11    15   0.00012915350262
 10    14    12     4   -2.09096310816e-05
 10    14    12     9   -8.55983008159e-05
 10    14    13     3   -3.68447780517e-05
 10    14    13     8   -7.69086911416e-05
 10    14    14     1   0.000370161141053
 10    14    14     7   -9.95539460724e-05
 10    14    14    10   1.27262204269e-05
 10    14    14    15   -5.1645363698e-05
 10    14    15     0   -8.55453765613e-05
 10    14    15     2   -0.000468712136307
 10    14    15    11   -0.000117000455337
 10    14    15    14   -0.000388630683425
 10    15     0     0   0.00506037065149
 10    15     0     2   -0.00703144529199
 10    15     0    11   -4.14109812475e-05
 10    15     0    14   -0.000104261872447
 10    15     1     1   0.00690824430627
 10    15     1     7   -0.00663761553225
 10    15     1    10   -0.000803792123299
 10    15     1    15   -7.56364086963e-05
 10    15     2     0    0.0191090619068
 10    15     2     2   -0.000487099508549
 10    15     2    11   5.41699729447e-05
 10    15     2    14   -0.000231014498263
 10    15     3     3   6.04855812334e-05
 10    15     3     8   -4.8620334725e-05
 10    15     4     4   6.8962115331e-05
 10    15     4     9   -4.3217817639e-05
 10    15     5     5   -9.28871368243e-05
 10    15     5    12   -5.63093729042e-05
 10    15     6     6   -8.60509274759e-05
 10    15     6    13   -4.53359250457e-05
 10    15     7     1   0.00881356809733
 10    15     7     7   0.000369792289279
 10    15     7    10   -0.000515652048205
 10    15     7    15   0.000424851522828
 10    15     8     3   -4.66800694739e-05
 10    15     8     8   -4.63396186354e-05
 10    15     9     4   -3.70849997568e-05
 10    15     9     9   -3.24886708532e-05
 10    15    10     1   0.000777946593836
 10    15    10     7   0.000288237103566
 10    15    10    10   -0.000227133224065
 10    15    10    15   0.000303609195865
 10    15    11     0   -0.000547631197086
 10    15    11     2   -0.000476879062353
 10    15    11    11   -0.000216633040012
 10    15    11    14   6.88381774259e-05
 10    15    12     5   -3.40127553616e-05
 10    15    12    12   -3.02297717298e-05
 10    15    13     6   -3.6473506982e-05
 10    15    13    13   -1.83518636479e-05
 10    15    14     0   0.000565901445059
 10    15    14     2   4.85893070557e-05
 10    15    14    11   -0.000409441199375
 10    15    14    14   -4.18962540939e-06
 10    15    15     1   0.000289637921314
 10    15    15     7   -1.70414361333e-05
 10    15    15    10   -8.9910191422e-05
 10    15    15    15   -1.25856417615e-05
 11     0     0     0   -0.0455934079339
 11     0     0     2    0.0316248798869
 11     0     0    11   -0.00641236368371
 11     0     0    14   0.00166062275322
 11     0     1     1   -0.000634316190454
 11     0     1     7   -0.00285496428759
 11     0     1    10   0.00362268248596
 11     0     1    15   -0.00397385933444
 11     0     2     0   -0.0668301334919
 11     0     2     2   -0.00132421008905
 11     0     2    11   0.00272423081928
 11     0     2    14   9.03365746301e-05
 11     0     3     3   -0.000504544417486
 11     0     3     8   0.000392170425965
 11     0     4     4   -0.000527237677391
 11     0     4     9   0.00035079452547
 11     0     5     5   -0.000188633221738
 11     0     5    12   0.000589716920729
 11     0     6     6   -0.000317422838557
 11     0     6    13   0.000595991444242
 11     0     7     1   0.00523188332819
 11     0     7     7   -0.00110084505882
 11     0     7    10   0.00048838806951
 11     0     7    15   0.000107352346238
 11     0     8     3   -0.000767043065232
 11     0     8     8   0.000119638248593
 11     0     9     4   -0.000676215772637
 11     0     9     9   3.15730799874e-05
 11     0    10     1   -0.00429138391478
 11     0    10     7   0.000319435009941
 11     0    10    10   0.000651599600937
 11     0    10    15   -0.000547631197086
 11     0    11     0    0.0223805511223
 11     0    11     2   -0.00107951171053
 11     0    11    11   0.000677571453178
 11     0    11    14   -0.000306679666612
 11     0    12     5   -0.000300739899385
 11     0    12    12   0.000136465293559
 11     0    13     6   -0.000339186444126
 11     0    13    13   4.60491358919e-05
 11     0    14     0   -0.00442630777353
 11     0    14     2   -0.00128380774739
 11     0    14    11   0.000898276747158
 11     0    14    14   5.17305933429e-05
 11     0    15     1   0.00420113305252
 11     0    15     7   -0.000868625753421
 11     0    15    10   -4.14109812475e-05
 11     0    15    15   0.000154724542189
 11     1     0     1   -0.0908867151004
 11     1     0     7   0.00184285409402
 11     1     0    10   0.00572745564899
 11     1     0    15   -0.00451440762119
 11     1     1     0    0.0445793066968
 11     1     1     2    0.0312483225095
 11     1     1    11   -0.00585232872258
 11     1     1    14   0.00110165527584
 11     1     2     1    -0.068885821044
 11     1     2     7   0.00296477122449
 11     1     2    10   0.00271115792232
 11     1     2    15   -0.00172030000523
 11     1     3     6   -0.000474328938326
 11     1     3    13   -0.000353792668071
 11     1     4     5   -0.000257494538716
 11     1     4    12   -0.000332026432557
 11     1     5     4   0.00146234156161
 11     1     5     9   -0.000861980009713
 11     1     6     3   0.00185601908607
 11     1     6     8   -0.00092377748382
 11     1     7     0   -0.000527010041228
 11     1     7     2   -0.00425431680911
 11     1     7    11   0.000998852518137
 11     1     7    14   0.000744665532179
 11     1     8     6   0.000448445072715
 11     1     8    13   -0.000275371703582
 11     1     9     5   0.000419862369701
 11     1     9    12   -0.00031016120965
 11     1    10     0   -0.00389074592235
 11     1    10     2   -0.00225684430542
 11     1    10    11   0.00142932581171
 11     1    10    14   -1.88567106067e-07
 11     1    11     1    0.0187940516395
 11     1    11     7   8.02157117185e-05
 11     1    11    10   0.000453936917703
 11     1    11    15   -0.000380917836466
 11     1    12     4   0.000501477419906
 11     1    12     9   -0.000231883490362
 11     1    13     3   0.000477921269865
 11     1    13     8   -0.000265586627561
 11     1    14     1   -0.00381602533942
 11     1    14     7   -0.000168791813392
 11     1    14    10   0.000898781012532
 11     1    14    15   -0.000461526172532
 11     1    15     0   0.00313330457034
 11     1    15     2   0.000520769957662
 11     1    15    11   -0.000239788683958
 11     1    15    14   0.000145804986095
 11     2     0     0   -0.00287086588225
 11     2     0     2   -0.0656752958408
 11     2     0    11   0.00272423081928
 11     2     0    14   0.00161965579395
 11     2     1     1   -0.00340787763964
 11     2     1     7    0.0286748542766
 11     2     1    10   0.00660917065743
 11     2     1    15   0.00139720592636
 11     2     2     0    0.0327339979098
 11     2     2     2   -0.0281141373381
 11     2     2    11   -0.00901950881838
 11     2     2    14   0.00128344036231
 11     2     3     3   -0.000356680784386
 11     2     3     8   0.00029393115464
 11     2     4     4   -0.000265839742341
 11     2     4     9   0.000290077423987
 11     2     5     5   0.000164182547888
 11     2     5    12   -0.000127943003835
 11     2     6     6   0.000185354209017
 11     2     6    13   -8.88544242542e-05
 11     2     7     1   -0.0509760135455
 11     2     7     7    0.0130053581639
 11     2     7    10   0.00330307669249
 11     2     7    15   -0.00237113322759
 11     2     8     3   -0.000220358526498
 11     2     8     8   4.18625170651e-05
 11     2     9     4   -0.000222726418436
 11     2     9     9   1.89379565754e-05
 11     2    10     1   -0.00743991652163
 11     2    10     7   0.000253980480853
 11     2    10    10   0.00114988914714
 11     2    10    15   -0.000476879062353
 11     2    11     0   -0.00107951171053
 11     2    11     2    0.0176926655207
 11     2    11    11   0.000266330563378
 11     2    11    14   0.00141330609303
 11     2    12     5   4.74267938105e-05
 11     2    12    12   1.80408040997e-05
 11     2    13     6   1.04905261338e-05
 11     2    13    13    1.145239907e-05
 11     2    14     0   -0.00120539363074
 11     2    14     2   -0.00321311069253
 11     2    14    11   0.000806629346436
 11     2    14    14   -8.6278145277e-05
 11     2    15     1   -0.00148215482547
 11     2    15     7   0.000650812688099
 11     2    15    10   5.41699729447e-05
 11     2    15    15   -0.000215465333369
 11     3     0     3   -0.0522714566873
 11     3     0     8   0.000227011871719
 11     3     1     6    -0.016041221995
 11     3     1    13   -0.0049875779177
 11     3     2     3   -0.0398186363196
 11     3     2     8   -0.0017172244603
 11     3     3     0    0.0276258551442
 11     3     3     2    0.0174041318526
 11     3     3    11   -0.00757482580837
 11     3     3    14   0.00158095412448
 11     3     6     1    0.0568669938228
 11     3     6     7   -0.0127279083091
 11     3     6    10   -0.00397722054732
 11     3     6    15   0.00168564146872
 11     3     7     6   -0.000566561095254
 11     3     7    13   -0.000151600242139
 11     3     8     0   -0.000174578345824
 11     3     8     2   0.00110578795569
 11     3     8    11   0.000497960024778
 11     3     8    14   -0.000695363376079
 11     3    10     6   0.000929403250338
 11     3    10    13   -0.000906709308386
 11     3    11     3    0.0148351167095
 11     3    11     8   0.00197330224459
 11     3    13     1   0.00631836696467
 11     3    13     7   -0.00022572554408
 11     3    13    10   -0.000515651033097
 11     3    13    15   0.000770784348266
 11     3    14     3   -0.00305406936477
 11     3    14     8   0.000482003359642
 11     3    15     6   -0.000848438645149
 11     3    15    13   0.00031536890924
 11     4     0     4   -0.0519343032914
 11     4     0     9   0.000207005955299
 11     4     1     5   -0.0157826875095
 11     4     1    12   -0.00503847881442
 11     4     2     4   -0.0399461754538
 11     4     2     9   -0.00172655317059
 11     4     4     0    0.0274049088428
 11     4     4     2     0.017480745948
 11     4     4    11   -0.0075387556763
 11     4     4    14   0.00158504759004
 11     4     5     1    0.0567195484666
 11     4     5     7   -0.0127844560809
 11     4     5    10   -0.00394277426545
 11     4     5    15   0.00165854359449
 11     4     7     5   -0.00052891511914
 11     4     7    12   -0.000174127676562
 11     4     9     0   -0.000158929961629
 11     4     9     2   0.00110517082864
 11     4     9    11   0.000468061130501
 11     4     9    14   -0.000704083011721
 11     4    10     5   0.000907540663932
 11     4    10    12   -0.00090321591646
 11     4    11     4    0.0147988650258
 11     4    11     9   0.00203108912357
 11     4    12     1   0.00635711778531
 11     4    12     7   -0.000231713925174
 11     4    12    10   -0.000514789109186
 11     4    12    15   0.000850623643323
 11     4    14     4   -0.00304893090419
 11     4    14     9   0.000453322592441
 11     4    15     5   -0.000828505708202
 11     4    15    12   0.000234579356929
 11     5     0     5   -0.0351821870727
 11     5     0    12   -0.000593308355522
 11     5     1     4    0.0156759050596
 11     5     1     9   -0.00262441361849
 11     5     2     5   -0.0264312741098
 11     5     2    12   -0.00169039196186
 11     5     4     1    0.0458178232346
 11     5     4     7   -0.0125796456758
 11     5     4    10   -0.00372085155256
 11     5     4    15    0.0013604653657
 11     5     5     0    0.0178493136042
 11     5     5     2    0.0111598550135
 11     5     5    11   -0.00388283341858
 11     5     5    14   0.000362946675549
 11     5     7     4   0.000111094854773
 11     5     7     9   -0.000487306002829
 11     5     9     1   0.00479701726324
 11     5     9     7   -0.000142510498287
 11     5     9    10   -0.000528369877978
 11     5     9    15   0.000888102947839
 11     5    10     4   0.000703676563088
 11     5    10     9   -0.00117450019196
 11     5    11     5    0.0104459670738
 11     5    11    12   0.00211761844639
 11     5    12     0   0.000353486692928
 11     5    12     2   0.000968986056812
 11     5    12    11   0.000458055652253
 11     5    12    14   -0.0004849317393
 11     5    14     5   -0.00190815115383
 11     5    14    12   0.000123693283547
 11     5    15     4   -0.000411390272658
 11     5    15     9   0.000490600507183
 11     6     0     6   -0.0347699025045
 11     6     0    13   -0.000610703325954
 11     6     1     3    0.0159838672671
 11     6     1     8   -0.00259954674141
 11     6     2     6   -0.0265190328273
 11     6     2    13   -0.00170351818258
 11     6     3     1    0.0456794230317
 11     6     3     7   -0.0126049741611
 11     6     3    10   -0.00369235635704
 11     6     3    15   0.00134126853254
 11     6     6     0    0.0176567090875
 11     6     6     2     0.011201631981
 11     6     6    11   -0.00384432383309
 11     6     6    14   0.000372199462358
 11     6     7     3   0.000104160098393
 11     6     7     8   -0.000516474357048
 11     6     8     1   0.00475682544839
 11     6     8     7   -0.000108365017538
 11     6     8    10   -0.0005471455187
 11     6     8    15   0.00085108845792
 11     6    10     3   0.000684975455919
 11     6    10     8   -0.00116441061131
 11     6    11     6    0.0103817859392
 11     6    11    13   0.00209999060454
 11     6    13     0   0.000359160979321
 11     6    13     2   0.000962235367496
 11     6    13    11   0.000470303653838
 11     6    13    14   -0.000472476364516
 11     6    14     6   -0.00193254047565
 11     6    14    13   0.000133062606387
 11     6    15     3   -0.000399772615071
 11     6    15     8   0.000463821261827
 11     7     0     1    0.0083419889595
 11     7     0     7   -0.0230802779407
 11     7     0    10   -0.00201200312999
 11     7     0    15   0.000320557288787
 11     7     1     0   0.00748980948952
 11     7     1     2   -0.0491455283547
 11     7     1    11   0.000998852518137
 11     7     1    14   0.000204749214684
 11     7     2     1   -0.0214389079346
 11     7     2     7   -0.0055478036967
 11     7     2    10   0.00106146113381
 11     7     2    15   -0.00170264639071
 11     7     3     6   -0.000177660688946
 11     7     3    13   9.71606954932e-05
 11     7     4     5   -0.000105991015373
 11     7     4    12   9.74544109131e-05
 11     7     5     4   3.20009513872e-05
 11     7     5     9   3.17874666573e-05
 11     7     6     3   8.66183024403e-05
 11     7     6     8   3.29552493605e-05
 11     7     7     0    0.0109245863591
 11     7     7     2   0.00786543250408
 11     7     7    11   -0.00180700919866
 11     7     7    14   0.000252533360919
 11     7     8     6   -9.08772403143e-05
 11     7     8    13   6.72449032228e-05
 11     7     9     5   -9.40150734662e-05
 11     7     9    12   4.91140491546e-05
 11     7    10     0   0.000884114917657
 11     7    10     2   0.000939738167556
 11     7    10    11   0.000254140726836
 11     7    10    14   0.000929188112711
 11     7    11     1   8.02157117185e-05
 11     7    11     7   0.00692899739055
 11     7    11    10   0.00159433176032
 11     7    11    15   0.000738123701167
 11     7    12     4   -1.89376389289e-05
 11     7    12     9   3.10324702319e-05
 11     7    13     3   -3.85928531271e-05
 11     7    13     8   5.80661416904e-05
 11     7    14     1   -0.00204724881371
 11     7    14     7   -0.00126611373742
 11     7    14    10   0.000221358547931
 11     7    14    15   -0.000607610853476
 11     7    15     0   2.40574519677e-05
 11     7    15     2   0.000171335204064
 11     7    15    11   0.000138182612332
 11     7    15    14   -0.00088326618903
 11     8     0     3   -0.0366810727743
 11     8     0     8   -0.00209601569398
 11     8     1     6    0.0257940421367
 11     8     1    13   0.00152386309769
 11     8     2     3   -0.0124218524233
 11     8     2     8   -0.00077506866966
 11     8     3     0   0.00310985722076
 11     8     3     2   0.00394390347437
 11     8     3    11   0.000497960024778
 11     8     3    14   3.17200339199e-05
 11     8     6     1   -0.000283520331164
 11     8     6     7   -0.00248747431087
 11     8     6    10   -0.000927862954258
 11     8     6    15   0.000235580785447
 11     8     7     6   -0.00147048634289
 11     8     7    13   5.37890422864e-05
 11     8     8     0   0.000201787456053
 11     8     8     2   0.000341820383616
 11     8     8    11   0.000450846409829
 11     8     8    14   -0.000203599801288
 11     8    10     6   -0.00109543464396
 11     8    10    13   -0.000858186364422
 11     8    11     3   0.00197330224459
 11     8    11     8   0.00146699244321
 11     8    13     1   0.000327424117336
 11     8    13     7   -2.27746522412e-05
 11     8    13    10   -0.000253740111634
 11     8    13    15   0.000293953986578
 11     8    14     3   -0.000599957286986
 11     8    14     8   -5.90766968407e-05
 11     8    15     6   0.000559198419665
 11     8    15    13   0.000638482640688
 11     9     0     4   -0.0366605356973
 11     9     0     9   -0.00210788929387
 11     9     1     5    0.0258287466378
 11     9     1    12   0.00148030098032
 11     9     2     4   -0.0125741423235
 11     9     2     9   -0.000788350705335
 11     9     4     0   0.00318204193638
 11     9     4     2   0.00399572556129
 11     9     4    11   0.000468061130501
 11     9     4    14   3.89467638258e-05
 11     9     5     1   -0.000133284121862
 11     9     5     7   -0.00252413799716
 11     9     5    10   -0.000922273246145
 11     9     5    15   0.000232886181322
 11     9     7     5   -0.0014948815208
 11     9     7    12   4.9640227932e-05
 11     9     9     0   0.000215933303985
 11     9     9     2   0.000347426239792
 11     9     9    11   0.000446050608749
 11     9     9    14   -0.000217341406071
 11     9    10     5   -0.0010875287507
 11     9    10    12   -0.000859952924604
 11     9    11     4   0.00203108912357
 11     9    11     9   0.00147744454084
 11     9    12     1   0.000394227107526
 11     9    12     7   -2.87469991302e-05
 11     9    12    10   -0.000254201221201
 11     9    12    15   0.000318006451254
 11     9    14     4   -0.00059852245369
 11     9    14     9   -7.91913398101e-05
 11     9    15     5   0.000560079356191
 11     9    15    12   0.000616891038904
 11    10     0     1    -0.019691738883
 11    10     0     7    -0.011466828788
 11    10     0    10   -0.000844606831333
 11    10     0    15   -0.000382448660799
 11    10     1     0    -0.016750246248
 11    10     1     2   -0.0321837087141
 11    10     1    11   0.00142932581171
 11    10     1    14   -0.000963882971572
 11    10     2     1   -0.00675176060126
 11    10     2     7   -0.00179670445601
 11    10     2    10   0.000284784432546
 11    10     2    15   -0.000557058688952
 11    10     3     6   8.8244082403e-05
 11    10     3    13   -4.96675047069e-05
 11    10     4     5   4.28215892066e-05
 11    10     4    12   -3.54676584579e-05
 11    10     5     4   2.10533164122e-05
 11    10     5     9   -0.000253811711181
 11    10     6     3   -7.68739791032e-06
 11    10     6     8   -0.000293435558288
 11    10     7     0   0.00297384335231
 11    10     7     2    0.0023369944051
 11    10     7    11   0.000254140726836
 11    10     7    14   0.000330192695015
 11    10     8     6   -0.00029140338316
 11    10     8    13   -0.000213371387426
 11    10     9     5   -0.000263569688534
 11    10     9    12   -0.000226639635569
 11    10    10     0   0.00081670947448
 11    10    10     2   0.000759736048006
 11    10    10    11   0.000725946322938
 11    10    10    14   0.000682603350928
 11    10    11     1   0.000453936917703
 11    10    11     7   0.00159433176032
 11    10    11    10   0.00126152525773
 11    10    11    15   -5.179599798e-05
 11    10    12     4   -5.22243992783e-05
 11    10    12     9   -0.000229674384014
 11    10    13     3   -8.31952912205e-05
 11    10    13     8   -0.000213933642948
 11    10    14     1   -0.000464953192489
 11    10    14     7   7.3882564387e-05
 11    10    14    10   0.000284760502735
 11    10    14    15   -0.000168816130515
 11    10    15     0   -0.000342908144766
 11    10    15     2   -0.000369646670214
 11    10    15    11   -0.000242775038489
 11    10    15    14   -0.000405701984182
 11    11     0     0   -0.0237948271758
 11    11     0     2   -0.00697676033477
 11    11     0    11   0.000677571453178
 11    11     0    14   -0.000244389904036
 11    11     1     1   -0.0295364832779
 11    11     1     7   0.00124601381478
 11    11     1    10   0.000776690647673
 11    11     1    15   -0.000481064434089
 11    11     2     0   -0.00697676033477
 11    11     2     2   -0.00651432944004
 11    11     2    11   0.000266330563378
 11    11     2    14   -0.000173215770436
 11    11     3     3   -0.00154631458823
 11    11     3     8   9.91849540525e-05
 11    11     4     4   -0.000317165947369
 11    11     4     9   0.000164404986736
 11    11     5     5   0.000314254766444
 11    11     5    12   0.00021259249446
 11    11     6     6   0.00126646051516
 11    11     6    13   0.000272331967369
 11    11     7     1   0.00124601381478
 11    11     7     7   0.00309550823684
 11    11     7    10   0.000540947219158
 11    11     7    15   8.71556379884e-05
 11    11     8     3   9.91849540525e-05
 11    11     8     8   0.000207405258226
 11    11     9     4   0.000164404986736
 11    11     9     9   0.00014428509927
 11    11    10     1   0.000776690647673
 11    11    10     7   0.000540947219158
 11    11    10    10   0.000594788540684
 11    11    10    15   -0.000216633040012
 11    11    11     0   0.000677571453178
 11    11    11     2   0.000266330563378
 11    11    11    11   0.000956046004072
 11    11    11    14   9.04269467304e-05
 11    11    12     5   0.00021259249446
 11    11    12    12   0.000141259301285
 11    11    13     6   0.000272331967369
 11    11    13    13   8.69288501358e-05
 11    11    14     0   -0.000244389904036
 11    11    14     2   -0.000173215770436
 11    11    14    11   9.04269467304e-05
 11    11    14    14   0.000265548262276
 11    11    15     1   -0.000481064434089
 11    11    15     7   8.71556379884e-05
 11    11    15    10   -0.000216633040012
 11    11    15    15   0.000248562918666
 11    12     0     5   -0.0234088707526
 11    12     0    12   -0.0016342290775
 11    12     1     4    0.0315110774512
 11    12     1     9   0.00149803245755
 11    12     2     5   -0.00877258288288
 11    12     2    12   -0.000738940160712
 11    12     4     1   0.00175887895233
 11    12     4     7   -0.00325653181295
 11    12     4    10   -0.000990056859979
 11    12     4    15   0.000246924338803
 11    12     5     0   0.00355355567932
 11    12     5     2   0.00226744742442
 11    12     5    11   0.000458055652253
 11    12     5    14   -9.50034338102e-05
 11    12     7     4   -0.00111175068566
 11    12     7     9   -0.000129701104303
 11    12     9     1   0.000491826279781
 11    12     9     7   -0.000120721684492
 11    12     9    10   -0.000262332498443
 11    12     9    15   0.000311098776055
 11    12    10     4   -0.000690387999025
 11    12    10     9   -0.000847207691754
 11    12    11     5   0.00211761844639
 11    12    11    12   0.00119791050057
 11    12    12     0   0.000259369692486
 11    12    12     2   0.00021730327745
 11    12    12    11   0.000388334068477
 11    12    12    14   -0.0001667710298
 11    12    14     5   -0.000516751754373
 11    12    14    12   -6.99976171931e-05
 11    12    15     4   0.00037854888372
 11    12    15     9   0.000612632618575
 11    13     0     6   -0.0247963222652
 11    13     0    13   -0.00172658981907
 11    13     1     3    0.0315695810991
 11    13     1     8   0.00149848020345
 11    13     2     6   -0.00899144139362
 11    13     2    13   -0.000767011943062
 11    13     3     1   0.00175250742072
 11    13     3     7   -0.00333955456536
 11    13     3    10   -0.00104098354182
 11    13     3    15   0.000255878032098
 11    13     6     0   0.00376417823042
 11    13     6     2   0.00248438516192
 11    13     6    11   0.000470303653838
 11    13     6    14   -8.45492014137e-05
 11    13     7     3   -0.000972312863615
 11    13     7     8   -0.000115770533001
 11    13     8     1   0.000479989954623
 11    13     8     7   -0.000116420781956
 11    13     8    10   -0.000262737584995
 11    13     8    15   0.000308592031124
 11    13    10     3   -0.000675029052352
 11    13    10     8   -0.000851518331079
 11    13    11     6   0.00209999060454
 11    13    11    13   0.00122870673826
 11    13    13     0   0.000277057307329
 11    13    13     2   0.000249164455613
 11    13    13    11   0.000395448162545
 11    13    13    14   -0.000163516824588
 11    13    14     6   -0.000515960567721
 11    13    14    13   -5.98482996003e-05
 11    13    15     3   0.00038937724113
 11    13    15     8   0.000608054224435
 11    14     0     0   0.00514218104287
 11    14     0     2   -0.0425429695271
 11    14     0    11   0.000898276747158
 11    14     0    14   -0.00159871780151
 11    14     1     1   0.00226331233669
 11    14     1     7   -0.0170585306826
 11    14     1    10   -0.00159706791119
 11    14     1    15   -0.000281094362997
 11    14     2     0   0.00432495268431
 11    14     2     2   -0.00870334845973
 11    14     2    11   0.000806629346436
 11    14     2    14   -0.000466635389197
 11    14     3     3   0.000479583037505
 11    14     3     8   6.7742286874e-05
 11    14     4     4   0.000723974517023
 11    14     4     9   8.38496444359e-05
 11    14     5     5   -0.00049248255295
 11    14     5    12   -0.000117259812998
 11    14     6     6   -0.000352261628504
 11    14     6    13   -8.92532114796e-05
 11    14     7     1   0.00112853796473
 11    14     7     7   0.00322768359583
 11    14     7    10   0.000535969797619
 11    14     7    15   -0.000644080154171
 11    14     8     3   3.62917539008e-05
 11    14     8     8   -1.89084966729e-05
 11    14     9     4   6.11416014462e-05
 11    14     9     9   -1.4707121545e-05
 11    14    10     1   -9.92857218503e-05
 11    14    10     7   0.00126678128806
 11    14    10    10   0.000681048660776
 11    14    10    15   6.88381774259e-05
 11    14    11     0   -0.000306679666612
 11    14    11     2   0.00141330609303
 11    14    11    11   9.04269467304e-05
 11    14    11    14    0.0012916833593
 11    14    12     5   -7.11848428353e-05
 11    14    12    12   -2.51972180897e-05
 11    14    13     6   -6.68398419417e-05
 11    14    13    13   -7.99969107845e-06
 11    14    14     0   0.000211878758521
 11    14    14     2   -0.000236831285549
 11    14    14    11   0.000431044823379
 11    14    14    14   -0.000235792895725
 11    14    15     1   -5.51845882299e-05
 11    14    15     7   -0.00087339419025
 11    14    15    10   -0.000409441199375
 11    14    15    15   -0.0002582160027
 11    15     0     1    0.0166575277314
 11    15     0     7   -0.00815753226439
 11    15     0    10   -0.00110883955069
 11    15     0    15   1.88749504632e-06
 11    15     1     0     0.017583897387
 11    15     1     2   -0.0131396946872
 11    15     1    11   -0.000239788683958
 11    15     1    14   -0.000542765548738
 11    15     2     1   0.00533723007171
 11    15     2     7   -0.00107857200319
 11    15     2    10   2.94825588629e-05
 11    15     2    15   -0.000260113780956
 11    15     3     6   -0.00029673315967
 11    15     3    13   6.9864360297e-05
 11    15     4     5   -0.000345518442441
 11    15     4    12   5.38000548838e-05
 11    15     5     4   0.000257173932673
 11    15     5     9   0.00018873512436
 11    15     6     3   0.000225168569622
 11    15     6     8   0.000203605118662
 11    15     7     0   0.00108304063043
 11    15     7     2   0.000981951804191
 11    15     7    11   0.000138182612332
 11    15     7    14   -0.000290974632917
 11    15     8     6   0.000179421188502
 11    15     8    13   0.000191416998549
 11    15     9     5   0.000160477638806
 11    15     9    12   0.00018888385094
 11    15    10     0   -0.000309832099978
 11    15    10     2   0.000155405325238
 11    15    10    11   -0.000242775038489
 11    15    10    14   0.00012915350262
 11    15    11     1   -0.000380917836466
 11    15    11     7   0.000738123701167
 11    15    11    10   -5.179599798e-05
 11    15    11    15   0.000477719494678
 11    15    12     4   6.73384816722e-05
 11    15    12     9   0.00019059373405
 11    15    13     3   8.06694843486e-05
 11    15    13     8   0.000192915680746
 11    15    14     1   0.000115743305789
 11    15    14     7   -0.00040659164525
 11    15    14    10   -0.000117000455337
 11    15    14    15   -0.000177108175467
 11    15    15     0   0.00039913480656
 11    15    15     2   -3.64720575757e-05
 11    15    15    11   0.000266223174244
 11    15    15    14   -0.000328382272714
 12     0     0     5   -0.0619805921179
 12     0     0    12   -0.00925589862182
 12     0     1     4   0.000289960200257
 12     0     1     9   -8.46868387887e-05
 12     0     2     5   -0.00146892793766
 12     0     2    12   -0.000293846846972
 12     0     4     1   0.000737469182869
 12     0     4     7   0.00173232190128
 12     0     4    10   -0.00220847361984
 12     0     4    15   0.00242079782672
 12     0     5     0     0.123448403197
 12     0     5     2   0.00214498870004
 12     0     5    11   -0.000593308355522
 12     0     5    14   -0.000832624878641
 12     0     7     4   -0.00491262744895
 12     0     7     9   -0.000493425364752
 12     0     9     1   0.00129455278037
 12     0     9     7   -0.000465471477729
 12     0     9    10   0.000742043232702
 12     0     9    15   -0.000870348541556
 12     0    10     4   0.00289731586546
 12     0    10     9   0.000286550602019
 12     0    11     5   0.000353486692928
 12     0    11    12   0.000259369692486
 12     0    12     0    0.0177233695028
 12     0    12     2   0.000371739821752
 12     0    12    11   -0.0016342290775
 12     0    12    14   0.000306206293505
 12     0    14     5   0.000351880178314
 12     0    14    12   -9.7607717513e-05
 12     0    15     4   -0.00269947783209
 12     0    15     9   -0.000178815175058
 12     1     0     4   0.000227469377387
 12     1     0     9   -0.00023412973027
 12     1     1     5   -0.0619056034011
 12     1     1    12   -0.00927779342082
 12     1     2     4   0.00117172826242
 12     1     2     9   0.000166684291067
 12     1     4     0   0.000436816883207
 12     1     4     2   0.00149698772071
 12     1     4    11   -0.00503847881442
 12     1     4    14   0.00114821209295
 12     1     5     1     0.123058948631
 12     1     5     7   -0.00439533304438
 12     1     5    10   -0.00145434012899
 12     1     5    15   0.000474117410151
 12     1     7     5    0.0033523596057
 12     1     7    12   0.000241669873787
 12     1     9     0   0.00135414780824
 12     1     9     2   0.000462530951647
 12     1     9    11   0.00148030098032
 12     1     9    14   -0.000266920337986
 12     1    10     5   0.000686115934676
 12     1    10    12   0.000236543460528
 12     1    11     4   0.00635711778531
 12     1    11     9   0.000394227107526
 12     1    12     1    0.0176158656991
 12     1    12     7   2.24086052865e-05
 12     1    12    10   -0.0012749765819
 12     1    12    15    0.0010945826196
 12     1    14     4   -0.00136698858676
 12     1    14     9   -4.17878127901e-05
 12     1    15     5   -0.000320305464085
 12     1    15    12   -0.000172991092127
 12     2     0     5   -0.00206482122418
 12     2     0    12   -0.000293846846972
 12     2     1     4   0.000676456239976
 12     2     1     9   3.82240590854e-05
 12     2     2     5    -0.049299436719
 12     2     2    12   -0.00674196690063
 12     2     4     1   0.000792178023895
 12     2     4     7   -0.0196056422429
 12     2     4    10   -0.00453097441425
 12     2     4    15   -0.00120788070426
 12     2     5     0   0.00384613255561
 12     2     5     2    0.0968453493265
 12     2     5    11   -0.00169039196186
 12     2     5    14   0.00495528914925
 12     2     7     4    0.0462959944616
 12     2     7     9   0.00335645835079
 12     2     9     1   0.000335778736386
 12     2     9     7   0.00175079387106
 12     2     9    10   0.00163123531883
 12     2     9    15   0.000591661199508
 12     2    10     4    0.0065367091054
 12     2    10     9   -0.000708329389364
 12     2    11     5   0.000968986056812
 12     2    11    12   0.00021730327745
 12     2    12     0   0.000371739821752
 12     2    12     2    0.0137363428057
 12     2    12    11   -0.000738940160712
 12     2    12    14   -0.00128556148823
 12     2    14     5   -0.00330882775526
 12     2    14    12   0.00125136831914
 12     2    15     4   0.00176084502436
 12     2    15     9   -0.000510687126933
 12     3     3     5   -0.0289959259979
 12     3     3    12   -0.00391106787535
 12     3     4     6    0.0108792557494
 12     3     4    13   0.00349620524751
 12     3     5     3    0.0755557490658
 12     3     5     8   0.00582623060428
 12     3     6     4     -0.05340182006
 12     3     6     9   -0.00575148726114
 12     3     8     5   -0.0033460605705
 12     3     8    12   0.00102672278049
 12     3     9     6   -0.000702411423319
 12     3     9    13   -0.00130944329281
 12     3    12     3    0.0108968807103
 12     3    12     8   -0.000724829565147
 12     3    13     4   -0.00612770003122
 12     3    13     9   0.000836959977019
 12     4     0     1    0.0044438548951
 12     4     0     7   -0.000917338459123
 12     4     0    10   -0.000416747050235
 12     4     0    15   0.000126505887232
 12     4     1     0   0.00288502344514
 12     4     1     2   0.00141106003056
 12     4     1    11   -0.000332026432557
 12     4     1    14   0.000106963917826
 12     4     2     1   -0.00154020541412
 12     4     2     7   -0.000264519363225
 12     4     2    10   5.53167361741e-05
 12     4     2    15   -4.80906193118e-05
 12     4     3     6   3.50619154715e-05
 12     4     3    13   1.13503910784e-06
 12     4     4     5   -0.0182719109695
 12     4     4    12   -0.000452100579433
 12     4     5     4    0.0223427499127
 12     4     5     9   0.000186098119409
 12     4     6     3   -4.99313434313e-05
 12     4     6     8   -2.38442954015e-05
 12     4     7     0   -0.000822724216701
 12     4     7     2   0.000272345367299
 12     4     7    11   9.74544109131e-05
 12     4     7    14   4.45563181436e-06
 12     4     8     6   0.000109426113505
 12     4     8    13   4.95957247813e-05
 12     4     9     5   -0.00400330014156
 12     4     9    12   -0.000246189066192
 12     4    10     0   0.000357497871427
 12     4    10     2   -2.38662541625e-06
 12     4    10    11   -3.54676584579e-05
 12     4    10    14   -2.09096310816e-05
 12     4    11     1   0.000501477419906
 12     4    11     7   -1.89376389289e-05
 12     4    11    10   -5.22243992783e-05
 12     4    11    15   6.73384816722e-05
 12     4    12     4   0.00479770443312
 12     4    12     9   0.00014126565354
 12     4    13     3   2.44456373554e-05
 12     4    13     8   3.94996458903e-05
 12     4    14     1   -0.000224821162715
 12     4    14     7   -0.000109583773646
 12     4    14    10   3.71397127205e-07
 12     4    14    15   -5.31530399259e-05
 12     4    15     0   -0.000308673082765
 12     4    15     2   -2.63708130457e-05
 12     4    15    11   5.38000548838e-05
 12     4    15    14   -1.62620915732e-05
 12     5     0     0   -0.00864106376306
 12     5     0     2   -0.00233012633156
 12     5     0    11   0.000589716920729
 12     5     0    14   -0.00018880422296
 12     5     1     1   -0.00665093387036
 12     5     1     7   0.00109311538857
 12     5     1    10   0.000340966190591
 12     5     1    15   -9.27610799403e-05
 12     5     2     0   0.00165316512744
 12     5     2     2   -0.000700748141862
 12     5     2    11   -0.000127943003835
 12     5     2    14   -8.47069891418e-05
 12     5     3     3   -0.000101897177135
 12     5     3     8   -3.45963086842e-05
 12     5     4     4   -0.0525458019792
 12     5     4     9   -0.00410844543286
 12     5     5     5    0.0401417933629
 12     5     5    12   0.00350406910772
 12     5     6     6   0.000217061319799
 12     5     6    13   4.99146571408e-05
 12     5     7     1   0.000734834922491
 12     5     7     7   0.000607950716942
 12     5     7    10   3.19789171954e-05
 12     5     7    15   8.50455972982e-05
 12     5     8     3   7.38526335378e-05
 12     5     8     8   3.82626248434e-05
 12     5     9     4   -0.00556221992908
 12     5     9     9   -4.36603953327e-05
 12     5    10     1   -7.93656140873e-05
 12     5    10     7   0.00014261910042
 12     5    10    10   0.00012949343309
 12     5    10    15   -3.40127553616e-05
 12     5    11     0   -0.000300739899385
 12     5    11     2   4.74267938105e-05
 12     5    11    11   0.00021259249446
 12     5    11    14   -7.11848428353e-05
 12     5    12     5   0.00526731616056
 12     5    12    12   0.00056596460578
 12     5    13     6   0.000135984527967
 12     5    13    13   1.77153471051e-05
 12     5    14     0   0.000155813790399
 12     5    14     2   5.30727526487e-05
 12     5    14    11   -0.000117259812998
 12     5    14    14   9.89596849032e-05
 12     5    15     1   0.000107242874218
 12     5    15     7   8.68065263663e-05
 12     5    15    10   -5.63093729042e-05
 12     5    15    15   0.000135789772553
 12     6     3     4   -0.0426560519629
 12     6     3     9   -0.00578809691665
 12     6     4     3   -0.00984016578307
 12     6     4     8   0.00164129001836
 12     6     5     6    0.0502415790369
 12     6     5    13   0.00486386893388
 12     6     6     5   -0.0100453016193
 12     6     6    12   -0.00138959901967
 12     6     8     4   -0.00494945497934
 12     6     8     9   0.00055115371473
 12     6     9     3   -0.000677555587858
 12     6     9     8   -0.000706406632011
 12     6    12     6   0.00718616903615
 12     6    12    13   -2.76102993791e-05
 12     6    13     5   -0.00203049621568
 12     6    13    12   0.000557195568585
 12     7     0     4   -0.00411283692964
 12     7     0     9   -0.000545130170999
 12     7     1     5   0.000344684351243
 12     7     1    12   0.000241669873787
 12     7     2     4    0.0203069979764
 12     7     2     9   0.00357214284447
 12     7     4     0   -0.00933191212358
 12     7     4     2    0.0301799562383
 12     7     4    11   -0.000174127676562
 12     7     4    14   0.000181612834832
 12     7     5     1   0.00294998865511
 12     7     5     7    0.0290345191545
 12     7     5    10   0.00324913673561
 12     7     5    15   0.00131127381532
 12     7     7     5   -0.00138014118591
 12     7     7    12   -0.000393868865708
 12     7     9     0   -0.000538268303057
 12     7     9     2   0.00147370415883
 12     7     9    11   4.9640227932e-05
 12     7     9    14   8.74692535111e-06
 12     7    10     5   -0.000969166375731
 12     7    10    12   0.000129882747007
 12     7    11     4   -0.000231713925174
 12     7    11     9   -2.87469991302e-05
 12     7    12     1   2.24086052865e-05
 12     7    12     7   0.00448872492208
 12     7    12    10   0.000408051131022
 12     7    12    15   0.000164993144761
 12     7    14     4   0.00248437266329
 12     7    14     9   -0.000248320325253
 12     7    15     5   -0.000341814159664
 12     7    15    12   0.000126650386083
 12     8     3     5    0.0154336404055
 12     8     3    12   0.00102672278049
 12     8     4     6   -0.0167357866844
 12     8     4    13   -0.0013119411496
 12     8     5     3   -0.0129724769222
 12     8     5     8   -8.73526534098e-05
 12     8     6     4     0.013990252179
 12     8     6     9   0.000399229995923
 12     8     8     5   0.000589512946115
 12     8     8    12   -0.000526687993902
 12     8     9     6   -0.00071410009531
 12     8     9    13   0.000502344787911
 12     8    12     3   -0.000724829565147
 12     8    12     8   0.000592569766381
 12     8    13     4   0.00084070740902
 12     8    13     9   -0.000548691876646
 12     9     0     1    0.0102819595988
 12     9     0     7   -0.000524436068374
 12     9     0    10   -0.000233839231555
 12     9     0    15   0.000116732858505
 12     9     1     0    0.0116931270758
 12     9     1     2   0.00136287011419
 12     9     1    11   -0.00031016120965
 12     9     1    14   3.18282625024e-05
 12     9     2     1   0.00142632324015
 12     9     2     7   -6.4818366247e-05
 12     9     2    10   -5.5296834154e-05
 12     9     2    15   2.24508234952e-05
 12     9     3     6   1.3054326344e-05
 12     9     3    13   5.41617498003e-05
 12     9     4     5   -0.0012657636715
 12     9     4    12   -0.000246189066192
 12     9     5     4   0.000923042595107
 12     9     5     9   0.000430806518074
 12     9     6     3   -3.19836021765e-05
 12     9     6     8   0.000132142987115
 12     9     7     0   -0.000737479572848
 12     9     7     2   -6.00899909848e-05
 12     9     7    11   4.91140491546e-05
 12     9     7    14   -0.000199048568219
 12     9     8     6   0.000143034648639
 12     9     8    13   0.000126987019873
 12     9     9     5   2.99365525974e-05
 12     9     9    12   0.000109992662874
 12     9    10     0   -0.000306413706545
 12     9    10     2   -5.47824318459e-05
 12     9    10    11   -0.000226639635569
 12     9    10    14   -8.55983008159e-05
 12     9    11     1   -0.000231883490362
 12     9    11     7   3.10324702319e-05
 12     9    11    10   -0.000229674384014
 12     9    11    15   0.00019059373405
 12     9    12     4   0.00014126565354
 12     9    12     9   0.000175241246681
 12     9    13     3   4.72835144569e-05
 12     9    13     8   0.000126828204146
 12     9    14     1   1.89226944089e-05
 12     9    14     7   -0.000208500637768
 12     9    14    10   -8.61131269478e-05
 12     9    14    15   -6.34769626325e-05
 12     9    15     0   0.000140696699719
 12     9    15     2   9.91891290045e-06
 12     9    15    11   0.00018888385094
 12     9    15    14   -6.35046852796e-05
 12    10     0     4   0.00162738887295
 12    10     0     9   0.000302669549049
 12    10     1     5   0.00330226014637
 12    10     1    12   0.000236543460528
 12    10     2     4    -0.011804040484
 12    10     2     9   -0.000676034676447
 12    10     4     0    0.0164033466953
 12    10     4     2    0.0250920017955
 12    10     4    11   -0.00090321591646
 12    10     4    14    0.0010215622183
 12    10     5     1    -0.017880549497
 12    10     5     7   -0.000332507342959
 12    10     5    10   0.00102727801102
 12    10     5    15   -0.000430717502678
 12    10     7     5    0.0071097131459
 12    10     7    12   0.000129882747007
 12    10     9     0   0.000751086618535
 12    10     9     2   0.00164242861592
 12    10     9    11   -0.000859952924604
 12    10     9    14   -0.000305308910877
 12    10    10     5   0.000694924522642
 12    10    10    12   -7.97164358658e-05
 12    10    11     4   -0.000514789109186
 12    10    11     9   -0.000254201221201
 12    10    12     1   -0.0012749765819
 12    10    12     7   0.000408051131022
 12    10    12    10   0.000850537596407
 12    10    12    15   -0.000251101849041
 12    10    14     4   -0.00019194012553
 12    10    14     9   0.000444367012122
 12    10    15     5   9.14592070533e-05
 12    10    15    12   -0.000266780444448
 12    11     0     5   0.00355355567932
 12    11     0    12   0.000259369692486
 12    11     1     4   0.00175887895233
 12    11     1     9   0.000491826279781
 12    11     2     5   0.00226744742442
 12    11     2    12   0.00021730327745
 12    11     4     1    0.0315110774512
 12    11     4     7   -0.00111175068566
 12    11     4    10   -0.000690387999025
 12    11     4    15   0.00037854888372
 12    11     5     0   -0.0234088707526
 12    11     5     2   -0.00877258288288
 12    11     5    11   0.00211761844639
 12    11     5    14   -0.000516751754373
 12    11     7     4   -0.00325653181295
 12    11     7     9   -0.000120721684492
 12    11     9     1   0.00149803245755
 12    11     9     7   -0.000129701104303
 12    11     9    10   -0.000847207691754
 12    11     9    15   0.000612632618575
 12    11    10     4   -0.000990056859979
 12    11    10     9   -0.000262332498443
 12    11    11     5   0.000458055652253
 12    11    11    12   0.000388334068477
 12    11    12     0   -0.0016342290775
 12    11    12     2   -0.000738940160712
 12    11    12    11   0.00119791050057
 12    11    12    14   -6.99976171931e-05
 12    11    14     5   -9.50034338102e-05
 12    11    14    12   -0.0001667710298
 12    11    15     4   0.000246924338803
 12    11    15     9   0.000311098776055
 12    12     0     0   -0.00655108923949
 12    12     0     2   -0.000351641000987
 12    12     0    11   0.000136465293559
 12    12     0    14   1.52008712644e-06
 12    12     1     1   -0.00325545543729
 12    12     1     7   0.000220688533849
 12    12     1    10   8.16004516977e-05
 12    12     1    15   -3.51512958067e-05
 12    12     2     0   -0.000351641000987
 12    12     2     2   -0.000314157740718
 12    12     2    11   1.80408040997e-05
 12    12     2    14   1.04134402288e-06
 12    12     3     3   -0.000265076527025
 12    12     3     8   1.78208289944e-05
 12    12     4     4   -0.00598637712883
 12    12     4     9   -0.000569237036954
 12    12     5     5   0.00457921644103
 12    12     5    12   0.00056596460578
 12    12     6     6   0.000223824161048
 12    12     6    13   5.51592481787e-05
 12    12     7     1   0.000220688533849
 12    12     7     7   0.000250148296254
 12    12     7    10   4.83552042753e-05
 12    12     7    15   4.11471624928e-05
 12    12     8     3   1.78208289944e-05
 12    12     8     8   3.74152133585e-05
 12    12     9     4   -0.000569237036954
 12    12     9     9   1.62248410035e-05
 12    12    10     1   8.16004516977e-05
 12    12    10     7   4.83552042753e-05
 12    12    10    10   8.00984702932e-05
 12    12    10    15   -3.02297717298e-05
 12    12    11     0   0.000136465293559
 12    12    11     2   1.80408040997e-05
 12    12    11    11   0.000141259301285
 12    12    11    14   -2.51972180897e-05
 12    12    12     5   0.00056596460578
 12    12    12    12   0.000134315116492
 12    12    13     6   5.51592481787e-05
 12    12    13    13   2.44970860316e-05
 12    12    14     0   1.52008712644e-06
 12    12    14     2   1.04134402288e-06
 12    12    14    11   -2.51972180897e-05
 12    12    14    14   4.94661330747e-05
 12    12    15     1   -3.51512958067e-05
 12    12    15     7   4.11471624928e-05
 12    12    15    10   -3.02297717298e-05
 12    12    15    15   6.73996777591e-05
 12    13     3     4    0.0153288232309
 12    13     3     9   0.000778250809732
 12    13     4     3   -0.0211451223372
 12    13     4     8   -0.00137967733808
 12    13     5     6   -0.00692792010756
 12    13     5    13   -1.45130621756e-05
 12    13     6     5    0.0113855726548
 12    13     6    12   0.000557195568585
 12    13     8     4   0.000774710695196
 12    13     8     9   -0.000566594929096
 12    13     9     3   -0.00139004103619
 12    13     9     8   0.000529229324291
 12    13    12     6   -2.76102993791e-05
 12    13    12    13   0.000492969887063
 12    13    13     5   0.00054273606278
 12    13    13    12   -0.000415227929391
 12    14     0     5   -0.00141780233319
 12    14     0    12   -9.7607717513e-05
 12    14     1     4   -0.00119335411843
 12    14     1     9   -9.26756253553e-05
 12    14     2     5    0.0165364356767
 12    14     2    12   0.00125136831914
 12    14     4     1   -0.0044590889549
 12    14     4     7     0.011267039985
 12    14     4    10   0.00133597053367
 12    14     4    15   0.000247823607009
 12    14     5     0   0.00447318508342
 12    14     5     2   -0.0169955430618
 12    14     5    11   0.000123693283547
 12    14     5    14   -2.76224671292e-05
 12    14     7     4   -0.0105812685681
 12    14     7     9   -5.84825391171e-05
 12    14     9     1   -0.000266346175577
 12    14     9     7   4.63286789213e-05
 12    14     9    10   -0.000271201563031
 12    14     9    15   -0.000289976408306
 12    14    10     4   -0.000881881255571
 12    14    10     9   0.000441211012489
 12    14    11     5   -0.0004849317393
 12    14    11    12   -0.0001667710298
 12    14    12     0   0.000306206293505
 12    14    12     2   -0.00128556148823
 12    14    12    11   -6.99976171931e-05
 12    14    12    14   0.000570961006083
 12    14    14     5   0.000404275678083
 12    14    14    12   -0.000467975940883
 12    14    15     4   -0.000251670982297
 12    14    15     9   0.000140157275147
 12    15     0     4   0.000596786460656
 12    15     0     9   -0.00011771184515
 12    15     1     5   -0.00217247807376
 12    15     1    12   -0.000172991092127
 12    15     2     4   -0.00833967704787
 12    15     2     9   -0.000565044359715
 12    15     4     0   -0.0187959257346
 12    15     4     2   0.00798448682645
 12    15     4    11   0.000234579356929
 12    15     4    14   0.000466605940716
 12    15     5     1    0.0147346214305
 12    15     5     7   -0.00324556254045
 12    15     5    10   -0.000909254964022
 12    15     5    15   0.000497574701427
 12    15     7     5   0.00337935757329
 12    15     7    12   0.000126650386083
 12    15     9     0   -0.000971850952274
 12    15     9     2   0.000700287557013
 12    15     9    11   0.000616891038904
 12    15     9    14   -0.000329098628536
 12    15    10     5   7.06952948877e-05
 12    15    10    12   -0.000266780444448
 12    15    11     4   0.000850623643323
 12    15    11     9   0.000318006451254
 12    15    12     1    0.0010945826196
 12    15    12     7   0.000164993144761
 12    15    12    10   -0.000251101849041
 12    15    12    15   0.00047017157593
 12    15    14     4   -0.000495940512594
 12    15    14     9   0.000162985384049
 12    15    15     5       5.876401e-05
 12    15    15    12   4.28426360704e-05
 13     0     0     6   -0.0618617615637
 13     0     0    13   -0.00922846996492
 13     0     1     3   0.000239237078976
 13     0     1     8   -0.000110948604185
 13     0     2     6   -0.00151567271711
 13     0     2    13   -0.000289072884443
 13     0     3     1   0.000806641699443
 13     0     3     7   0.00165841349562
 13     0     3    10   -0.00213824233344
 13     0     3    15   0.00238432204179
 13     0     6     0     0.123195601047
 13     0     6     2   0.00217670453865
 13     0     6    11   -0.000610703325954
 13     0     6    14   -0.000856520316967
 13     0     7     3   -0.00490168274173
 13     0     7     8   -0.000482334969234
 13     0     8     1   0.00133382190808
 13     0     8     7   -0.000456992683067
 13     0     8    10   0.000672284622027
 13     0     8    15   -0.000866320243235
 13     0    10     3   0.00286055558232
 13     0    10     8   0.000290839731873
 13     0    11     6   0.000359160979321
 13     0    11    13   0.000277057307329
 13     0    13     0     0.017649763242
 13     0    13     2    0.0003573756875
 13     0    13    11   -0.00172658981907
 13     0    13    14   0.000290439432207
 13     0    14     6   0.000374578545014
 13     0    14    13   -9.82704351303e-05
 13     0    15     3   -0.00266410321921
 13     0    15     8   -0.000173369021864
 13     1     0     3   0.000281256838925
 13     1     0     8   -0.000225965914521
 13     1     1     6   -0.0617410532892
 13     1     1    13   -0.0092214521914
 13     1     2     3   0.00117948811856
 13     1     2     8   0.000135970146024
 13     1     3     0   0.000347252076055
 13     1     3     2   0.00149951908698
 13     1     3    11   -0.0049875779177
 13     1     3    14   0.00116404036229
 13     1     6     1     0.122710755854
 13     1     6     7   -0.00431703231167
 13     1     6    10   -0.00140484178649
 13     1     6    15   0.000421973356797
 13     1     7     6   0.00333185167007
 13     1     7    13   0.000244075817604
 13     1     8     0    0.0013507977257
 13     1     8     2   0.000501807393186
 13     1     8    11   0.00152386309769
 13     1     8    14   -0.000254569174771
 13     1    10     6   0.000643398395901
 13     1    10    13   0.00022519120947
 13     1    11     3   0.00631836696467
 13     1    11     8   0.000327424117336
 13     1    13     1    0.0174881568747
 13     1    13     7   9.26681507785e-06
 13     1    13    10   -0.0012642813892
 13     1    13    15   0.00108804729561
 13     1    14     3   -0.00138278748981
 13     1    14     8   -3.8433745189e-05
 13     1    15     6   -0.000286327327221
 13     1    15    13   -0.000165177393197
 13     2     0     6   -0.00214575999307
 13     2     0    13   -0.000289072884443
 13     2     1     3   0.000670599105386
 13     2     1     8   3.74233471677e-05
 13     2     2     6   -0.0490646298621
 13     2     2    13   -0.00672363546526
 13     2     3     1   0.000774879383084
 13     2     3     7   -0.0195271282203
 13     2     3    10   -0.0045005596659
 13     2     3    15   -0.0012975001076
 13     2     6     0   0.00394962759998
 13     2     6     2    0.0965047859511
 13     2     6    11   -0.00170351818258
 13     2     6    14   0.00494874432899
 13     2     7     3    0.0461305337516
 13     2     7     8   0.00332296244358
 13     2     8     1   0.000338737969303
 13     2     8     7   0.00171400246627
 13     2     8    10   0.00161452018007
 13     2     8    15   0.000549812047474
 13     2    10     3   0.00649454172982
 13     2    10     8   -0.000695835166634
 13     2    11     6   0.000962235367496
 13     2    11    13   0.000249164455613
 13     2    13     0    0.0003573756875
 13     2    13     2    0.0136362527395
 13     2    13    11   -0.000767011943062
 13     2    13    14   -0.0012671442005
 13     2    14     6   -0.00330177633283
 13     2    14    13   0.00123069647498
 13     2    15     3   0.00184441598986
 13     2    15     8   -0.000489771658197
 13     3     0     1   0.00553597443271
 13     3     0     7   -0.00037790919505
 13     3     0    10   -0.000350734787197
 13     3     0    15   0.000133299240164
 13     3     1     0   0.00339479032977
 13     3     1     2   0.00141763600579
 13     3     1    11   -0.000353792668071
 13     3     1    14   8.17894912813e-05
 13     3     2     1   -0.00122556009105
 13     3     2     7   -0.000180808753724
 13     3     2    10   3.01759940359e-05
 13     3     2    15   -4.50698025758e-05
 13     3     3     6   -0.0183098793493
 13     3     3    13   -0.000407958002141
 13     3     4     5   3.91232621341e-05
 13     3     4    12   1.13503910784e-06
 13     3     5     4   -5.61008695633e-05
 13     3     5     9   -1.5609227292e-05
 13     3     6     3    0.0223831739589
 13     3     6     8   0.000177696411094
 13     3     7     0   -0.000941973875373
 13     3     7     2   0.000195951901203
 13     3     7    11   9.71606954932e-05
 13     3     7    14   -2.44428025812e-05
 13     3     8     6   -0.00392089910667
 13     3     8    13   -0.000229169929217
 13     3     9     5   9.95907846305e-05
 13     3     9    12   5.41617498003e-05
 13     3    10     0   0.000226869385646
 13     3    10     2   -3.0602553965e-05
 13     3    10    11   -4.96675047069e-05
 13     3    10    14   -3.68447780517e-05
 13     3    11     1   0.000477921269865
 13     3    11     7   -3.85928531271e-05
 13     3    11    10   -8.31952912205e-05
 13     3    11    15   8.06694843486e-05
 13     3    12     4   2.44456373554e-05
 13     3    12     9   4.72835144569e-05
 13     3    13     3   0.00468231009408
 13     3    13     8   0.000138834804236
 13     3    14     1   -0.000204379704746
 13     3    14     7   -0.000115556439917
 13     3    14    10   -7.28136565683e-06
 13     3    14    15   -6.98385191742e-05
 13     3    15     0   -0.000183292348492
 13     3    15     2   -3.77496290526e-06
 13     3    15    11   6.9864360297e-05
 13     3    15    14   -2.16886345711e-05
 13     4     3     5    0.0109331106766
 13     4     3    12   0.00349620524751
 13     4     4     6   -0.0289768601167
 13     4     4    13   -0.00386609898844
 13     4     5     3   -0.0533344844814
 13     4     5     8   -0.00569208163998
 13     4     6     4     0.075413224574
 13     4     6     9   0.00587478394463
 13     4     8     5   -0.000677681094302
 13     4     8    12   -0.0013119411496
 13     4     9     6   -0.00336705560649
 13     4     9    13   0.00102731854202
 13     4    12     3   -0.00612770003122
 13     4    12     8   0.00084070740902
 13     4    13     4      0.01077663585
 13     4    13     9   -0.000734305664468
 13     5     3     4   -0.00996938428899
 13     5     3     9    0.0016416869154
 13     5     4     3   -0.0424933344524
 13     5     4     8   -0.0058074046962
 13     5     5     6   -0.00986774207817
 13     5     5    13   -0.00137291068521
 13     5     6     5     0.050052656982
 13     5     6    12   0.00486386893388
 13     5     8     4   -0.000700491180826
 13     5     8     9   -0.000697747729959
 13     5     9     3   -0.00497483376818
 13     5     9     8   0.000538409172709
 13     5    12     6   -0.00203049621568
 13     5    12    13   0.00054273606278
 13     5    13     5   0.00717963116242
 13     5    13    12   -1.45130621756e-05
 13     6     0     0   -0.00725239434259
 13     6     0     2   -0.000752486061841
 13     6     0    11   0.000595991444242
 13     6     0    14   -0.000138411956964
 13     6     1     1   -0.00674373100821
 13     6     1     7   0.00102155496155
 13     6     1    10   0.000349151500974
 13     6     1    15   -0.00010422355729
 13     6     2     0   0.000677894707175
 13     6     2     2   -0.000525851529185
 13     6     2    11   -8.88544242542e-05
 13     6     2    14   -8.76314837171e-05
 13     6     3     3   -0.0522987650049
 13     6     3     8   -0.00414100228739
 13     6     4     4   -0.00011319619188
 13     6     4     9   -5.70456373495e-05
 13     6     5     5   0.000213814296459
 13     6     5    12   4.99146571408e-05
 13     6     6     6     0.039997444034
 13     6     6    13    0.0034857095891
 13     6     7     1   0.000747412966817
 13     6     7     7   0.000549389363107
 13     6     7    10   7.71442790112e-06
 13     6     7    15   8.22050991973e-05
 13     6     8     3   -0.00555665789566
 13     6     8     8   -5.92281560642e-06
 13     6     9     4   7.79528279583e-05
 13     6     9     9   3.29668230467e-05
 13     6    10     1   -0.00011378968367
 13     6    10     7   0.000122051983365
 13     6    10    10   0.000114306384373
 13     6    10    15   -3.6473506982e-05
 13     6    11     0   -0.000339186444126
 13     6    11     2   1.04905261338e-05
 13     6    11    11   0.000272331967369
 13     6    11    14   -6.68398419417e-05
 13     6    12     5   0.000135984527967
 13     6    12    12   5.51592481787e-05
 13     6    13     6   0.00528659248659
 13     6    13    13   0.000503534620898
 13     6    14     0   0.000120872995473
 13     6    14     2   6.25774494385e-05
 13     6    14    11   -8.92532114796e-05
 13     6    14    14   8.55415288994e-05
 13     6    15     1   0.000132565570351
 13     6    15     7   9.27741558103e-05
 13     6    15    10   -4.53359250457e-05
 13     6    15    15   8.80673136599e-05
 13     7     0     3   -0.00421255983165
 13     7     0     8   -0.000550533859116
 13     7     1     6   0.000365897598069
 13     7     1    13   0.000244075817604
 13     7     2     3    0.0204383708497
 13     7     2     8     0.003567609441
 13     7     3     0   -0.00939956424181
 13     7     3     2    0.0300389695759
 13     7     3    11   -0.000151600242139
 13     7     3    14   0.000191138460096
 13     7     6     1   0.00294981248027
 13     7     6     7    0.0290292708292
 13     7     6    10   0.00328695045374
 13     7     6    15   0.00133774198628
 13     7     7     6   -0.0013825199112
 13     7     7    13   -0.000395113098949
 13     7     8     0   -0.000538530645097
 13     7     8     2   0.00148217355599
 13     7     8    11   5.37890422864e-05
 13     7     8    14   5.74333777569e-06
 13     7    10     6   -0.00100201435901
 13     7    10    13   0.000113917552997
 13     7    11     3   -0.00022572554408
 13     7    11     8   -2.27746522412e-05
 13     7    13     1   9.26681507785e-06
 13     7    13     7   0.00449307189356
 13     7    13    10   0.000430196252739
 13     7    13    15   0.000132177061276
 13     7    14     3   0.00250507247913
 13     7    14     8   -0.000251236975614
 13     7    15     6   -0.000337089826303
 13     7    15    13   0.000149988664918
 13     8     0     1    0.0103609057173
 13     8     0     7   -0.000613560143092
 13     8     0    10   -0.000242349516838
 13     8     0    15   0.00011628156797
 13     8     1     0    0.0115427567687
 13     8     1     2   0.000915320261287
 13     8     1    11   -0.000275371703582
 13     8     1    14   1.31457851186e-06
 13     8     2     1    0.0010050510491
 13     8     2     7   -8.60208045776e-05
 13     8     2    10   -4.13965860907e-05
 13     8     2    15   1.50734798392e-05
 13     8     3     6   -0.00124323446929
 13     8     3    13   -0.000229169929217
 13     8     4     5   3.0677437163e-05
 13     8     4    12   4.95957247813e-05
 13     8     5     4   -4.3371316813e-05
 13     8     5     9   0.000119704424008
 13     8     6     3   0.000889711940665
 13     8     6     8   0.000450294507046
 13     8     7     0   -0.000819938002365
 13     8     7     2   -2.75092873537e-05
 13     8     7    11   6.72449032228e-05
 13     8     7    14   -0.000202026541379
 13     8     8     6   3.74923762912e-05
 13     8     8    13   0.000109095532046
 13     8     9     5   0.000120720549517
 13     8     9    12   0.000126987019873
 13     8    10     0    -0.000308682515
 13     8    10     2   -4.96991573487e-05
 13     8    10    11   -0.000213371387426
 13     8    10    14   -7.69086911416e-05
 13     8    11     1   -0.000265586627561
 13     8    11     7   5.80661416904e-05
 13     8    11    10   -0.000213933642948
 13     8    11    15   0.000192915680746
 13     8    12     4   3.94996458903e-05
 13     8    12     9   0.000126828204146
 13     8    13     3   0.000138834804236
 13     8    13     8   0.000172900519093
 13     8    14     1   4.94050878364e-06
 13     8    14     7   -0.000203702020329
 13     8    14    10   -7.69052924892e-05
 13     8    14    15   -7.06505792261e-05
 13     8    15     0   0.000141420687095
 13     8    15     2   6.95819538752e-06
 13     8    15    11   0.000191416998549
 13     8    15    14   -7.12120092472e-05
 13     9     3     5   -0.0167121161427
 13     9     3    12   -0.00130944329281
 13     9     4     6    0.0154336031538
 13     9     4    13   0.00102731854202
 13     9     5     3    0.0140022833982
 13     9     5     8   0.000392450072576
 13     9     6     4   -0.0129931781351
 13     9     6     9   -8.78217959174e-05
 13     9     8     5   -0.000698137032008
 13     9     8    12   0.000502344787911
 13     9     9     6   0.000589684712718
 13     9     9    13   -0.000528115162003
 13     9    12     3   0.000836959977019
 13     9    12     8   -0.000548691876646
 13     9    13     4   -0.000734305664468
 13     9    13     9   0.000592413308245
 13    10     0     3   0.00160486529139
 13    10     0     8   0.000294018236745
 13    10     1     6   0.00317524266443
 13    10     1    13   0.00022519120947
 13    10     2     3   -0.0119065862871
 13    10     2     8   -0.000672375855374
 13    10     3     0    0.0163395652224
 13    10     3     2    0.0252088828547
 13    10     3    11   -0.000906709308386
 13    10     3    14   0.00101906545622
 13    10     6     1   -0.0178616845624
 13    10     6     7   -0.000308877549482
 13    10     6    10   0.00104922311556
 13    10     6    15   -0.000431909947964
 13    10     7     6   0.00708289496556
 13    10     7    13   0.000113917552997
 13    10     8     0   0.000742057003611
 13    10     8     2   0.00164262926177
 13    10     8    11   -0.000858186364422
 13    10     8    14   -0.000321620258009
 13    10    10     6   0.000682876235393
 13    10    10    13   -8.18917972266e-05
 13    10    11     3   -0.000515651033097
 13    10    11     8   -0.000253740111634
 13    10    13     1   -0.0012642813892
 13    10    13     7   0.000430196252739
 13    10    13    10   0.00085428749737
 13    10    13    15   -0.000304514126173
 13    10    14     3   -0.000185120872567
 13    10    14     8   0.000439489740466
 13    10    15     6   8.88276172367e-05
 13    10    15    13   -0.000216705377195
 13    11     0     6   0.00376417823042
 13    11     0    13   0.000277057307329
 13    11     1     3   0.00175250742072
 13    11     1     8   0.000479989954623
 13    11     2     6   0.00248438516192
 13    11     2    13   0.000249164455613
 13    11     3     1    0.0315695810991
 13    11     3     7   -0.000972312863615
 13    11     3    10   -0.000675029052352
 13    11     3    15   0.00038937724113
 13    11     6     0   -0.0247963222652
 13    11     6     2   -0.00899144139362
 13    11     6    11   0.00209999060454
 13    11     6    14   -0.000515960567721
 13    11     7     3   -0.00333955456536
 13    11     7     8   -0.000116420781956
 13    11     8     1   0.00149848020345
 13    11     8     7   -0.000115770533001
 13    11     8    10   -0.000851518331079
 13    11     8    15   0.000608054224435
 13    11    10     3   -0.00104098354182
 13    11    10     8   -0.000262737584995
 13    11    11     6   0.000470303653838
 13    11    11    13   0.000395448162545
 13    11    13     0   -0.00172658981907
 13    11    13     2   -0.000767011943062
 13    11    13    11   0.00122870673826
 13    11    13    14   -5.98482996003e-05
 13    11    14     6   -8.45492014137e-05
 13    11    14    13   -0.000163516824588
 13    11    15     3   0.000255878032098
 13    11    15     8   0.000308592031124
 13    12     3     4   -0.0211451223372
 13    12     3     9   -0.00139004103619
 13    12     4     3    0.0153288232309
 13    12     4     8   0.000774710695196
 13    12     5     6    0.0113855726548
 13    12     5    13   0.00054273606278
 13    12     6     5   -0.00692792010756
 13    12     6    12   -2.76102993791e-05
 13    12     8     4   -0.00137967733808
 13    12     8     9   0.000529229324291
 13    12     9     3   0.000778250809732
 13    12     9     8   -0.000566594929096
 13    12    12     6   0.000557195568585
 13    12    12    13   -0.000415227929391
 13    12    13     5   -1.45130621756e-05
 13    12    13    12   0.000492969887063
 13    13     0     0   -0.00210885445641
 13    13     0     2   -0.000318969280146
 13    13     0    11   4.60491358919e-05
 13    13     0    14   -4.86299195998e-06
 13    13     1     1   -0.00293236031231
 13    13     1     7   0.000245403065215
 13    13     1    10   6.51559680327e-05
 13    13     1    15   -2.12299793511e-05
 13    13     2     0   -0.000318969280146
 13    13     2     2   -0.000309968223636
 13    13     2    11    1.145239907e-05
 13    13     2    14   -6.83801321668e-06
 13    13     3     3   -0.00566599175629
 13    13     3     8   -0.000538992989715
 13    13     4     4   -5.42464565785e-06
 13    13     4     9   1.70952083282e-05
 13    13     5     5   3.37686222262e-05
 13    13     5    12   1.77153471051e-05
 13    13     6     6   0.00424390080441
 13    13     6    13   0.000503534620898
 13    13     7     1   0.000245403065215
 13    13     7     7   0.000262467256044
 13    13     7    10   4.19241405992e-05
 13    13     7    15   2.16141615222e-05
 13    13     8     3   -0.000538992989715
 13    13     8     8   1.78684759208e-05
 13    13     9     4   1.70952083282e-05
 13    13     9     9   2.44605975803e-05
 13    13    10     1   6.51559680327e-05
 13    13    10     7   4.19241405992e-05
 13    13    10    10   5.65143890967e-05
 13    13    10    15   -1.83518636479e-05
 13    13    11     0   4.60491358919e-05
 13    13    11     2    1.145239907e-05
 13    13    11    11   8.69288501358e-05
 13    13    11    14   -7.99969107845e-06
 13    13    12     5   1.77153471051e-05
 13    13    12    12   2.44970860316e-05
 13    13    13     6   0.000503534620898
 13    13    13    13   0.000101616846673
 13    13    14     0   -4.86299195998e-06
 13    13    14     2   -6.83801321668e-06
 13    13    14    11   -7.99969107845e-06
 13    13    14    14   2.70919227964e-05
 13    13    15     1   -2.12299793511e-05
 13    13    15     7   2.16141615222e-05
 13    13    15    10   -1.83518636479e-05
 13    13    15    15   3.40142219898e-05
 13    14     0     6   -0.00143046438948
 13    14     0    13   -9.82704351303e-05
 13    14     1     3   -0.00102494389332
 13    14     1     8   -8.60431516486e-05
 13    14     2     6    0.0164456094338
 13    14     2    13   0.00123069647498
 13    14     3     1   -0.00422228044542
 13    14     3     7    0.0111872099413
 13    14     3    10   0.00132099946181
 13    14     3    15   0.000235622154538
 13    14     6     0   0.00425807129838
 13    14     6     2   -0.0169210220423
 13    14     6    11   0.000133062606387
 13    14     6    14   -2.61404488378e-05
 13    14     7     3   -0.0105139431299
 13    14     7     8   -5.2183042978e-05
 13    14     8     1   -0.000247448360466
 13    14     8     7   3.77115145545e-05
 13    14     8    10   -0.000278212393345
 13    14     8    15   -0.000275657995721
 13    14    10     3   -0.000885998712308
 13    14    10     8   0.000434098365463
 13    14    11     6   -0.000472476364516
 13    14    11    13   -0.000163516824588
 13    14    13     0   0.000290439432207
 13    14    13     2   -0.0012671442005
 13    14    13    11   -5.98482996003e-05
 13    14    13    14   0.000562920476033
 13    14    14     6   0.000397582873668
 13    14    14    13   -0.000464613467304
 13    14    15     3   -0.000230535351273
 13    14    15     8   0.000138445448443
 13    15     0     3   0.000701799955421
 13    15     0     8   -0.000110374581296
 13    15     1     6   -0.00211714625164
 13    15     1    13   -0.000165177393197
 13    15     2     3   -0.0044467659364
 13    15     2     8   -0.000299018987019
 13    15     3     0   -0.0187106176406
 13    15     3     2   0.00385364740854
 13    15     3    11   0.00031536890924
 13    15     3    14   0.000269454499608
 13    15     6     1    0.0147568826294
 13    15     6     7   -0.0029097238314
 13    15     6    10   -0.000904017146369
 13    15     6    15   0.000502030082141
 13    15     7     6   0.00291799010073
 13    15     7    13   0.000149988664918
 13    15     8     0   -0.000959371336552
 13    15     8     2   0.000415336167024
 13    15     8    11   0.000638482640688
 13    15     8    14   -0.000254019715523
 13    15    10     6   4.18720696637e-05
 13    15    10    13   -0.000216705377195
 13    15    11     3   0.000770784348266
 13    15    11     8   0.000293953986578
 13    15    13     1   0.00108804729561
 13    15    13     7   0.000132177061276
 13    15    13    10   -0.000304514126173
 13    15    13    15   0.000442780950682
 13    15    14     3   -0.000317039540107
 13    15    14     8   0.00010401953399
 13    15    15     6   5.15275342719e-05
 13    15    15    13   6.66130965209e-05
 14     0     0     0   -0.00366689257523
 14     0     0     2   -0.0608033297676
 14     0     0    11   0.00166062275322
 14     0     0    14   -0.00850636227392
 14     0     1     1   0.000373316742917
 14     0     1     7   0.000867790768915
 14     0     1    10   -0.000407656185537
 14     0     1    15   0.000837082437854
 14     0     2     0     0.120714510997
 14     0     2     2   0.000984706495723
 14     0     2    11   0.00161965579395
 14     0     2    14   -0.00128359688136
 14     0     3     3   9.88942059485e-05
 14     0     3     8   -2.38225053261e-05
 14     0     4     4   0.000176055814387
 14     0     4     9   -2.01242640902e-05
 14     0     5     5   -0.000114406489477
 14     0     5    12   -0.00018880422296
 14     0     6     6   -1.33918416162e-05
 14     0     6    13   -0.000138411956964
 14     0     7     1   -0.0025810254728
 14     0     7     7   0.00196054263255
 14     0     7    10   0.000558411883512
 14     0     7    15   -0.000301017171884
 14     0     8     3   0.000108641639288
 14     0     8     8   3.22630799858e-06
 14     0     9     4   0.000120678490116
 14     0     9     9   1.25527753792e-05
 14     0    10     1   -0.000348526793639
 14     0    10     7   -0.000759216855637
 14     0    10    10   -0.000556017276624
 14     0    10    15   0.000565901445059
 14     0    11     0   -0.00442630777353
 14     0    11     2   -0.00120539363074
 14     0    11    11   -0.000244389904036
 14     0    11    14   0.000211878758521
 14     0    12     5   0.000155813790399
 14     0    12    12   1.52008712644e-06
 14     0    13     6   0.000120872995473
 14     0    13    13   -4.86299195998e-06
 14     0    14     0     0.016033148217
 14     0    14     2   0.000923817087915
 14     0    14    11   -0.00159871780151
 14     0    14    14   0.000249051611843
 14     0    15     1   -0.00110870401232
 14     0    15     7   0.00173178765135
 14     0    15    10   -0.000104261872447
 14     0    15    15   0.000249980174178
 14     1     0     1   -0.00837342625068
 14     1     0     7   0.000886276188415
 14     1     0    10   -0.000377292312816
 14     1     0    15   0.000622243855948
 14     1     1     0   0.00276974051313
 14     1     1     2   -0.0603464067953
 14     1     1    11   0.00110165527584
 14     1     1    14   -0.00807163542076
 14     1     2     1     0.120551177484
 14     1     2     7   -0.00571622563847
 14     1     2    10   0.000408534437545
 14     1     2    15   -0.00140892292732
 14     1     3     6   0.000230152065205
 14     1     3    13   8.17894912813e-05
 14     1     4     5   0.000200916175806
 14     1     4    12   0.000106963917826
 14     1     5     4   -0.000420623495856
 14     1     5     9   0.000117942948407
 14     1     6     3   -0.000487009368808
 14     1     6     8   0.000121905963486
 14     1     7     0   -0.0031243407665
 14     1     7     2    0.0029390578868
 14     1     7    11   0.000204749214684
 14     1     7    14   0.000282339871738
 14     1     8     6   5.58636524295e-05
 14     1     8    13   1.31457851186e-06
 14     1     9     5   9.08902376907e-05
 14     1     9    12   3.18282625024e-05
 14     1    10     0   -0.000803204176771
 14     1    10     2   -0.000518423661475
 14     1    10    11   -0.000963882971572
 14     1    10    14   0.000370161141053
 14     1    11     1   -0.00381602533942
 14     1    11     7   -0.00204724881371
 14     1    11    10   -0.000464953192489
 14     1    11    15   0.000115743305789
 14     1    12     4   -0.000224821162715
 14     1    12     9   1.89226944089e-05
 14     1    13     3   -0.000204379704746
 14     1    13     8   4.94050878364e-06
 14     1    14     1    0.0158779434393
 14     1    14     7   -4.89831778236e-05
 14     1    14    10   -0.00118667398412
 14     1    14    15   0.000997302530834
 14     1    15     0   -0.000964352570407
 14     1    15     2   0.00114365251923
 14     1    15    11   -0.000542765548738
 14     1    15    14   -3.81492683331e-05
 14     2     0     0   -0.00226618366067
 14     2     0     2   -0.00645904489121
 14     2     0    11   9.03365746301e-05
 14     2     0    14   -0.00128359688136
 14     2     1     1   -0.00329126173368
 14     2     1     7   -0.00686337126767
 14     2     1    10   -0.00113534505598
 14     2     1    15   -0.000806720183324
 14     2     2     0   0.00198355662915
 14     2     2     2     0.050139961101
 14     2     2    11   0.00128344036231
 14     2     2    14   0.00273605622576
 14     2     3     3   0.000165182067682
 14     2     3     8   -9.75184989475e-05
 14     2     4     4   0.000168862590438
 14     2     4     9   -8.55753857537e-05
 14     2     5     5   -0.000223968467457
 14     2     5    12   -8.47069891418e-05
 14     2     6     6   -0.000214695093517
 14     2     6    13   -8.76314837171e-05
 14     2     7     1   0.00790797586778
 14     2     7     7   -0.0231790500237
 14     2     7    10   -0.00343379331012
 14     2     7    15   -0.000665224644566
 14     2     8     3   0.00015913222981
 14     2     8     8   -2.04668779016e-05
 14     2     9     4   0.000142378925628
 14     2     9     9   7.23774065756e-07
 14     2    10     1   0.000346847212685
 14     2    10     7   -0.00344130599307
 14     2    10    10   -0.00093601931905
 14     2    10    15   4.85893070557e-05
 14     2    11     0   -0.00128380774739
 14     2    11     2   -0.00321311069253
 14     2    11    11   -0.000173215770436
 14     2    11    14   -0.000236831285549
 14     2    12     5   5.30727526487e-05
 14     2    12    12   1.04134402288e-06
 14     2    13     6   6.25774494385e-05
 14     2    13    13   -6.83801321668e-06
 14     2    14     0   0.000923817087915
 14     2    14     2   0.00730137452273
 14     2    14    11   -0.000466635389197
 14     2    14    14   -6.90886238499e-05
 14     2    15     1   0.000877425852275
 14     2    15     7   -0.00145912614953
 14     2    15    10   -0.000231014498263
 14     2    15    15   -4.37975609745e-06
 14     3     0     3   -0.00355504785143
 14     3     0     8   -0.000942776400431
 14     3     1     6   0.00509021850044
 14     3     1    13   0.00116404036229
 14     3     2     3    0.0811122341775
 14     3     2     8   0.00887814885264
 14     3     3     0   0.000999838936005
 14     3     3     2   -0.0366079522187
 14     3     3    11   0.00158095412448
 14     3     3    14   -0.00426559600557
 14     3     6     1   -0.0120503909051
 14     3     6     7    0.0292827583798
 14     3     6    10    0.0043907519395
 14     3     6    15   0.000907530796275
 14     3     7     6   -0.00222453892359
 14     3     7    13   0.000191138460096
 14     3     8     0   0.000393307100541
 14     3     8     2   -0.00571323689287
 14     3     8    11   3.17200339199e-05
 14     3     8    14   0.000872623564737
 14     3    10     6   0.000205341920649
 14     3    10    13   0.00101906545622
 14     3    11     3   -0.00305406936477
 14     3    11     8   -0.000599957286986
 14     3    13     1   -0.00138278748981
 14     3    13     7   0.00250507247913
 14     3    13    10   -0.000185120872567
 14     3    13    15   -0.000317039540107
 14     3    14     3    0.0102413430185
 14     3    14     8   -0.000748981489258
 14     3    15     6   0.000495194563732
 14     3    15    13   0.000269454499608
 14     4     0     4   -0.00364562765193
 14     4     0     9   -0.000946124734299
 14     4     1     5   0.00505842600069
 14     4     1    12   0.00114821209295
 14     4     2     4     0.081087148949
 14     4     2     9   0.00890025151509
 14     4     4     0   0.00103729737267
 14     4     4     2   -0.0365366002273
 14     4     4    11   0.00158504759004
 14     4     4    14   -0.00424310282519
 14     4     5     1   -0.0119862258456
 14     4     5     7    0.0293665011344
 14     4     5    10   0.00439723805534
 14     4     5    15   0.000895780102225
 14     4     7     5   -0.00223103257733
 14     4     7    12   0.000181612834832
 14     4     9     0   0.000405496262722
 14     4     9     2   -0.00573066774145
 14     4     9    11   3.89467638258e-05
 14     4     9    14   0.000857743863578
 14     4    10     5   0.000182862085909
 14     4    10    12    0.0010215622183
 14     4    11     4   -0.00304893090419
 14     4    11     9   -0.00059852245369
 14     4    12     1   -0.00136698858676
 14     4    12     7   0.00248437266329
 14     4    12    10   -0.00019194012553
 14     4    12    15   -0.000495940512594
 14     4    14     4    0.0102146429952
 14     4    14     9   -0.000722018413807
 14     4    15     5   0.000515441161023
 14     4    15    12   0.000466605940716
 14     5     0     5   -0.00504943038081
 14     5     0    12   -0.000832624878641
 14     5     1     4   -0.00573341418911
 14     5     1     9   0.000333926793994
 14     5     2     5    0.0439375235809
 14     5     2    12   0.00495528914925
 14     5     4     1   -0.00690370224827
 14     5     4     7     0.021916625394
 14     5     4    10   0.00379824337926
 14     5     4    15    0.0010491698526
 14     5     5     0   0.00179757943222
 14     5     5     2   -0.0145552894021
 14     5     5    11   0.000362946675549
 14     5     5    14   -0.0016375226323
 14     5     7     4   0.00405727292101
 14     5     7     9   -2.80695689756e-05
 14     5     9     1   -0.00081344698106
 14     5     9     7   0.00206632720849
 14     5     9    10   3.62910156947e-05
 14     5     9    15   -0.000290033007893
 14     5    10     4   0.000776872713337
 14     5    10     9   0.000651332878642
 14     5    11     5   -0.00190815115383
 14     5    11    12   -0.000516751754373
 14     5    12     0   0.000351880178314
 14     5    12     2   -0.00330882775526
 14     5    12    11   -9.50034338102e-05
 14     5    12    14   0.000404275678083
 14     5    14     5   0.00650013412807
 14     5    14    12   -2.76224671292e-05
 14     5    15     4   0.000214492214901
 14     5    15     9   0.000147381092281
 14     6     0     6   -0.00509046270214
 14     6     0    13   -0.000856520316967
 14     6     1     3   -0.00578156021747
 14     6     1     8   0.000338342593398
 14     6     2     6    0.0439072820939
 14     6     2    13   0.00494874432899
 14     6     3     1   -0.00683167753089
 14     6     3     7    0.0218494547954
 14     6     3    10   0.00377694459493
 14     6     3    15   0.00107740939941
 14     6     6     0   0.00183628507857
 14     6     6     2   -0.0145945986991
 14     6     6    11   0.000372199462358
 14     6     6    14   -0.0016438973381
 14     6     7     3   0.00406817152918
 14     6     7     8   2.6339198628e-06
 14     6     8     1   -0.000811234305106
 14     6     8     7   0.00202655968989
 14     6     8    10   3.64490738331e-05
 14     6     8    15   -0.000281421325657
 14     6    10     3   0.00076901819546
 14     6    10     8   0.000654598318766
 14     6    11     6   -0.00193254047565
 14     6    11    13   -0.000515960567721
 14     6    13     0   0.000374578545014
 14     6    13     2   -0.00330177633283
 14     6    13    11   -8.45492014137e-05
 14     6    13    14   0.000397582873668
 14     6    14     6   0.00648194710917
 14     6    14    13   -2.61404488378e-05
 14     6    15     3   0.000168796664061
 14     6    15     8   0.00014221854854
 14     7     0     1   -0.0103930503819
 14     7     0     7   -0.00149745416746
 14     7     0    10   0.000163709095619
 14     7     0    15   -0.000420137069667
 14     7     1     0   -0.0250336213728
 14     7     1     2    0.0105322221961
 14     7     1    11   0.000744665532179
 14     7     1    14   0.000282339871738
 14     7     2     1   -0.00138046504785
 14     7     2     7    0.0105178384569
 14     7     2    10   0.000134771620987
 14     7     2    15   0.000169082959257
 14     7     3     6    0.0002650225939
 14     7     3    13   -2.44428025812e-05
 14     7     4     5   0.000241724358698
 14     7     4    12   4.45563181436e-06
 14     7     5     4   -0.000190822129053
 14     7     5     9   -0.00016531035293
 14     7     6     3   -0.000222429735475
 14     7     6     8   -0.000166943372184
 14     7     7     0   0.00492034583567
 14     7     7     2   -0.0154938913422
 14     7     7    11   0.000252533360919
 14     7     7    14   -0.00027108489576
 14     7     8     6   -0.000269901070958
 14     7     8    13   -0.000202026541379
 14     7     9     5   -0.00025181382183
 14     7     9    12   -0.000199048568219
 14     7    10     0   0.00107618910826
 14     7    10     2   -0.00297953854446
 14     7    10    11   0.000330192695015
 14     7    10    14   -9.95539460724e-05
 14     7    11     1   -0.000168791813392
 14     7    11     7   -0.00126611373742
 14     7    11    10   7.3882564387e-05
 14     7    11    15   -0.00040659164525
 14     7    12     4   -0.000109583773646
 14     7    12     9   -0.000208500637768
 14     7    13     3   -0.000115556439917
 14     7    13     8   -0.000203702020329
 14     7    14     1   -4.89831778236e-05
 14     7    14     7   0.00324986408484
 14     7    14    10   0.000390189586004
 14     7    14    15   0.000275770261976
 14     7    15     0   4.62253732013e-05
 14     7    15     2   -0.000855355943805
 14     7    15    11   -0.000290974632917
 14     7    15    14   0.000228080293025
 14     8     0     3   0.00668157415776
 14     8     0     8   0.000376707964228
 14     8     1     6   -0.00390295283854
 14     8     1    13   -0.000254569174771
 14     8     2     3   -0.0274843009929
 14     8     2     8   -0.00166376083707
 14     8     3     0   -0.000659081837121
 14     8     3     2    0.0221240808256
 14     8     3    11   -0.000695363376079
 14     8     3    14   0.000872623564737
 14     8     6     1   -0.000156987594917
 14     8     6     7    -0.010705993218
 14     8     6    10   -0.000761831205137
 14     8     6    15   -0.000155567725174
 14     8     7     6   0.00832179907163
 14     8     7    13   5.74333777569e-06
 14     8     8     0    -4.98646925e-05
 14     8     8     2   0.00145154581735
 14     8     8    11   -0.000203599801288
 14     8     8    14   -0.000641992295625
 14     8    10     6   0.000937172826218
 14     8    10    13   -0.000321620258009
 14     8    11     3   0.000482003359642
 14     8    11     8   -5.90766968407e-05
 14     8    13     1   -3.8433745189e-05
 14     8    13     7   -0.000251236975614
 14     8    13    10   0.000439489740466
 14     8    13    15   0.00010401953399
 14     8    14     3   -0.000748981489258
 14     8    14     8   0.000798479787802
 14     8    15     6   3.13394102403e-05
 14     8    15    13   -0.000254019715523
 14     9     0     4   0.00721826887352
 14     9     0     9   0.000404250937107
 14     9     1     5   -0.00413708287899
 14     9     1    12   -0.000266920337986
 14     9     2     4   -0.0272820109119
 14     9     2     9   -0.00164509090182
 14     9     4     0   -0.000359763557157
 14     9     4     2    0.0220157980607
 14     9     4    11   -0.000704083011721
 14     9     4    14   0.000857743863578
 14     9     5     1   -0.000206756570824
 14     9     5     7   -0.0106450213425
 14     9     5    10   -0.000737657756392
 14     9     5    15   -0.000157978178879
 14     9     7     5   0.00828009610943
 14     9     7    12   8.74692535111e-06
 14     9     9     0   -3.07257072586e-05
 14     9     9     2    0.0014378072036
 14     9     9    11   -0.000217341406071
 14     9     9    14   -0.000633720678886
 14     9    10     5   0.000955356593296
 14     9    10    12   -0.000305308910877
 14     9    11     4   0.000453322592441
 14     9    11     9   -7.91913398101e-05
 14     9    12     1   -4.17878127901e-05
 14     9    12     7   -0.000248320325253
 14     9    12    10   0.000444367012122
 14     9    12    15   0.000162985384049
 14     9    14     4   -0.000722018413807
 14     9    14     9   0.000797557610093
 14     9    15     5   2.10618202315e-05
 14     9    15    12   -0.000329098628536
 14    10     0     1   -0.0043293825141
 14    10     0     7   0.00195994710297
 14    10     0    10   0.000165270294843
 14    10     0    15   -8.55453765613e-05
 14    10     1     0   -0.00794657690638
 14    10     1     2   0.00883091895782
 14    10     1    11   -1.88567106067e-07
 14    10     1    14   0.000370161141053
 14    10     2     1   -0.0318430297719
 14    10     2     7   0.00267673690091
 14    10     2    10   0.000877991061908
 14    10     2    15   -0.000468712136307
 14    10     3     6   -9.38398034039e-06
 14    10     3    13   -3.68447780517e-05
 14    10     4     5   6.17901580068e-06
 14    10     4    12   -2.09096310816e-05
 14    10     5     4   -9.85963151786e-06
 14    10     5     9   -8.84219490183e-05
 14    10     6     3   1.1616627002e-05
 14    10     6     8   -9.25386968352e-05
 14    10     7     0   -0.00889053972485
 14    10     7     2   -0.00314538450792
 14    10     7    11   0.000929188112711
 14    10     7    14   -9.95539460724e-05
 14    10     8     6   -0.000143593977798
 14    10     8    13   -7.69086911416e-05
 14    10     9     5   -0.000131564406365
 14    10     9    12   -8.55983008159e-05
 14    10    10     0   -0.000661623405207
 14    10    10     2   -0.000423052948927
 14    10    10    11   0.000682603350928
 14    10    10    14   1.27262204269e-05
 14    10    11     1   0.000898781012532
 14    10    11     7   0.000221358547931
 14    10    11    10   0.000284760502735
 14    10    11    15   -0.000117000455337
 14    10    12     4   3.71397127205e-07
 14    10    12     9   -8.61131269478e-05
 14    10    13     3   -7.28136565683e-06
 14    10    13     8   -7.69052924892e-05
 14    10    14     1   -0.00118667398412
 14    10    14     7   0.000390189586004
 14    10    14    10   0.000589549373801
 14    10    14    15   -0.000388630683425
 14    10    15     0   -0.000179762462994
 14    10    15     2   -0.000275646086375
 14    10    15    11   0.00012915350262
 14    10    15    14   -5.1645363698e-05
 14    11     0     0   0.00514218104287
 14    11     0     2   0.00432495268431
 14    11     0    11   -0.000306679666612
 14    11     0    14   0.000211878758521
 14    11     1     1   0.00226331233669
 14    11     1     7   0.00112853796473
 14    11     1    10   -9.92857218503e-05
 14    11     1    15   -5.51845882299e-05
 14    11     2     0   -0.0425429695271
 14    11     2     2   -0.00870334845973
 14    11     2    11   0.00141330609303
 14    11     2    14   -0.000236831285549
 14    11     3     3   0.000479583037505
 14    11     3     8   3.62917539008e-05
 14    11     4     4   0.000723974517023
 14    11     4     9   6.11416014462e-05
 14    11     5     5   -0.00049248255295
 14    11     5    12   -7.11848428353e-05
 14    11     6     6   -0.000352261628504
 14    11     6    13   -6.68398419417e-05
 14    11     7     1   -0.0170585306826
 14    11     7     7   0.00322768359583
 14    11     7    10   0.00126678128806
 14    11     7    15   -0.00087339419025
 14    11     8     3   6.7742286874e-05
 14    11     8     8   -1.89084966729e-05
 14    11     9     4   8.38496444359e-05
 14    11     9     9   -1.4707121545e-05
 14    11    10     1   -0.00159706791119
 14    11    10     7   0.000535969797619
 14    11    10    10   0.000681048660776
 14    11    10    15   -0.000409441199375
 14    11    11     0   0.000898276747158
 14    11    11     2   0.000806629346436
 14    11    11    11   9.04269467304e-05
 14    11    11    14   0.000431044823379
 14    11    12     5   -0.000117259812998
 14    11    12    12   -2.51972180897e-05
 14    11    13     6   -8.92532114796e-05
 14    11    13    13   -7.99969107845e-06
 14    11    14     0   -0.00159871780151
 14    11    14     2   -0.000466635389197
 14    11    14    11    0.0012916833593
 14    11    14    14   -0.000235792895725
 14    11    15     1   -0.000281094362997
 14    11    15     7   -0.000644080154171
 14    11    15    10   6.88381774259e-05
 14    11    15    15   -0.0002582160027
 14    12     0     5   0.00447318508342
 14    12     0    12   0.000306206293505
 14    12     1     4   -0.0044590889549
 14    12     1     9   -0.000266346175577
 14    12     2     5   -0.0169955430618
 14    12     2    12   -0.00128556148823
 14    12     4     1   -0.00119335411843
 14    12     4     7   -0.0105812685681
 14    12     4    10   -0.000881881255571
 14    12     4    15   -0.000251670982297
 14    12     5     0   -0.00141780233319
 14    12     5     2    0.0165364356767
 14    12     5    11   -0.0004849317393
 14    12     5    14   0.000404275678083
 14    12     7     4     0.011267039985
 14    12     7     9   4.63286789213e-05
 14    12     9     1   -9.26756253553e-05
 14    12     9     7   -5.84825391171e-05
 14    12     9    10   0.000441211012489
 14    12     9    15   0.000140157275147
 14    12    10     4   0.00133597053367
 14    12    10     9   -0.000271201563031
 14    12    11     5   0.000123693283547
 14    12    11    12   -6.99976171931e-05
 14    12    12     0   -9.7607717513e-05
 14    12    12     2   0.00125136831914
 14    12    12    11   -0.0001667710298
 14    12    12    14   -0.000467975940883
 14    12    14     5   -2.76224671292e-05
 14    12    14    12   0.000570961006083
 14    12    15     4   0.000247823607009
 14    12    15     9   -0.000289976408306
 14    13     0     6   0.00425807129838
 14    13     0    13   0.000290439432207
 14    13     1     3   -0.00422228044542
 14    13     1     8   -0.000247448360466
 14    13     2     6   -0.0169210220423
 14    13     2    13   -0.0012671442005
 14    13     3     1   -0.00102494389332
 14    13     3     7   -0.0105139431299
 14    13     3    10   -0.000885998712308
 14    13     3    15   -0.000230535351273
 14    13     6     0   -0.00143046438948
 14    13     6     2    0.0164456094338
 14    13     6    11   -0.000472476364516
 14    13     6    14   0.000397582873668
 14    13     7     3    0.0111872099413
 14    13     7     8   3.77115145545e-05
 14    13     8     1   -8.60431516486e-05
 14    13     8     7   -5.2183042978e-05
 14    13     8    10   0.000434098365463
 14    13     8    15   0.000138445448443
 14    13    10     3   0.00132099946181
 14    13    10     8   -0.000278212393345
 14    13    11     6   0.000133062606387
 14    13    11    13   -5.98482996003e-05
 14    13    13     0   -9.82704351303e-05
 14    13    13     2   0.00123069647498
 14    13    13    11   -0.000163516824588
 14    13    13    14   -0.000464613467304
 14    13    14     6   -2.61404488378e-05
 14    13    14    13   0.000562920476033
 14    13    15     3   0.000235622154538
 14    13    15     8   -0.000275657995721
 14    14     0     0   -0.0104455371604
 14    14     0     2   0.00571798134105
 14    14     0    11   5.17305933429e-05
 14    14     0    14   0.000249051611843
 14    14     1     1   -0.00940458942333
 14    14     1     7   0.00312047808156
 14    14     1    10   0.000440734521281
 14    14     1    15   -1.45964780006e-05
 14    14     2     0   0.00571798134105
 14    14     2     2   -0.00803018926104
 14    14     2    11   -8.6278145277e-05
 14    14     2    14   -6.90886238499e-05
 14    14     3     3   -3.3222013007e-05
 14    14     3     8   4.76244668687e-05
 14    14     4     4   -0.000248094784172
 14    14     4     9   4.79853035876e-05
 14    14     5     5   0.000195693501393
 14    14     5    12   9.89596849032e-05
 14    14     6     6   0.000128162222092
 14    14     6    13   8.55415288994e-05
 14    14     7     1   0.00312047808156
 14    14     7     7   0.00369666404962
 14    14     7    10   0.00020496739829
 14    14     7    15   0.000353212465639
 14    14     8     3   4.76244668687e-05
 14    14     8     8   8.35477238916e-05
 14    14     9     4   4.79853035876e-05
 14    14     9     9    6.653252135e-05
 14    14    10     1   0.000440734521281
 14    14    10     7   0.00020496739829
 14    14    10    10   5.99905517123e-05
 14    14    10    15   -4.18962540939e-06
 14    14    11     0   5.17305933429e-05
 14    14    11     2   -8.6278145277e-05
 14    14    11    11   0.000265548262276
 14    14    11    14   -0.000235792895725
 14    14    12     5   9.89596849032e-05
 14    14    12    12   4.94661330747e-05
 14    14    13     6   8.55415288994e-05
 14    14    13    13   2.70919227964e-05
 14    14    14     0   0.000249051611843
 14    14    14     2   -6.90886238499e-05
 14    14    14    11   -0.000235792895725
 14    14    14    14   0.000321396806583
 14    14    15     1   -1.45964780006e-05
 14    14    15     7   0.000353212465639
 14    14    15    10   -4.18962540939e-06
 14    14    15    15   0.000179588722889
 14    15     0     1   -0.00810225481232
 14    15     0     7   0.00150626218587
 14    15     0    10   0.000442408615192
 14    15     0    15   -4.00265104436e-05
 14    15     1     0   -0.00516730215024
 14    15     1     2   -0.00175274710356
 14    15     1    11   0.000145804986095
 14    15     1    14   -3.81492683331e-05
 14    15     2     1    0.0254925080549
 14    15     2     7   -0.00100756115101
 14    15     2    10   -0.000671632262459
 14    15     2    15   0.000501092449242
 14    15     3     6   0.00022121971055
 14    15     3    13   -2.16886345711e-05
 14    15     4     5   0.000184263246359
 14    15     4    12   -1.62620915732e-05
 14    15     5     4   -0.000169855255015
 14    15     5     9   -7.12475729685e-05
 14    15     6     3   -0.000216450405911
 14    15     6     8   -6.06736132601e-05
 14    15     7     0   0.00917557554786
 14    15     7     2   0.00058257871485
 14    15     7    11   -0.00088326618903
 14    15     7    14   0.000228080293025
 14    15     8     6   -4.5308547505e-06
 14    15     8    13   -7.12120092472e-05
 14    15     9     5   -2.1379130136e-05
 14    15     9    12   -6.35046852796e-05
 14    15    10     0   0.000976271291795
 14    15    10     2   -9.5286991955e-05
 14    15    10    11   -0.000405701984182
 14    15    10    14   -5.1645363698e-05
 14    15    11     1   -0.000461526172532
 14    15    11     7   -0.000607610853476
 14    15    11    10   -0.000168816130515
 14    15    11    15   -0.000177108175467
 14    15    12     4   -5.31530399259e-05
 14    15    12     9   -6.34769626325e-05
 14    15    13     3   -6.98385191742e-05
 14    15    13     8   -7.06505792261e-05
 14    15    14     1   0.000997302530834
 14    15    14     7   0.000275770261976
 14    15    14    10   -0.000388630683425
 14    15    14    15   0.00050044914799
 14    15    15     0   7.70677554712e-05
 14    15    15     2   0.00016906161401
 14    15    15    11   -0.000328382272714
 14    15    15    14   0.00023514800081
 15     0     0     1   -0.0249054484367
 15     0     0     7   -0.0110985699804
 15     0     0    10   -0.000172827857428
 15     0     0    15   -0.00255456304653
 15     0     1     0    0.0511799850745
 15     0     1     2   0.00127233822681
 15     0     1    11   -0.00451440762119
 15     0     1    14   0.000622243855948
 15     0     2     1   -0.00122487848583
 15     0     2     7   -0.000753549058004
 15     0     2    10   0.000505037748975
 15     0     2    15   -0.000941275258584
 15     0     3     6   -0.000238221632847
 15     0     3    13   0.000133299240164
 15     0     4     5   -0.000210001712115
 15     0     4    12   0.000126505887232
 15     0     5     4   -0.000273574256053
 15     0     5     9   0.000145969518008
 15     0     6     3   -0.000276387978566
 15     0     6     8   0.000156444129869
 15     0     7     0    0.0219715206201
 15     0     7     2   0.00219434287161
 15     0     7    11   0.000320557288787
 15     0     7    14   -0.000420137069667
 15     0     8     6   3.87758399886e-05
 15     0     8    13   0.00011628156797
 15     0     9     5   4.00570542425e-05
 15     0     9    12   0.000116732858505
 15     0    10     0   -0.00162443632573
 15     0    10     2   -0.000310134858821
 15     0    10    11   -0.000382448660799
 15     0    10    14   -8.55453765613e-05
 15     0    11     1   0.00313330457034
 15     0    11     7   2.40574519677e-05
 15     0    11    10   -0.000342908144766
 15     0    11    15   0.00039913480656
 15     0    12     4   -0.000308673082765
 15     0    12     9   0.000140696699719
 15     0    13     3   -0.000183292348492
 15     0    13     8   0.000141420687095
 15     0    14     1   -0.000964352570407
 15     0    14     7   4.62253732013e-05
 15     0    14    10   -0.000179762462994
 15     0    14    15   7.70677554712e-05
 15     0    15     0    0.0068930862563
 15     0    15     2    0.0011787903146
 15     0    15    11   1.88749504632e-06
 15     0    15    14   -4.00265104436e-05
 15     1     0     0   7.91576594479e-05
 15     1     0     2   0.000876565584949
 15     1     0    11   -0.00397385933444
 15     1     0    14   0.000837082437854
 15     1     1     1    0.0253921428355
 15     1     1     7   -0.0131371356771
 15     1     1    10   -0.00176720872326
 15     1     1    15   -0.00181075778583
 15     1     2     0   0.00110565695519
 15     1     2     2   0.000183513969431
 15     1     2    11   0.00139720592636
 15     1     2    14   -0.000806720183324
 15     1     3     3   0.000651108541964
 15     1     3     8   -0.000302407927886
 15     1     4     4   0.000517091975752
 15     1     4     9   -0.00028817647621
 15     1     5     5   4.02521585281e-05
 15     1     5    12   -9.27610799403e-05
 15     1     6     6   -4.57099623427e-05
 15     1     6    13   -0.00010422355729
 15     1     7     1    0.0245992421283
 15     1     7     7   -0.000705424243224
 15     1     7    10   -0.000248616385702
 15     1     7    15   3.39865676383e-05
 15     1     8     3   0.000194882284209
 15     1     8     8   -9.22326516398e-05
 15     1     9     4   0.000188297076233
 15     1     9     9   -4.91386787131e-05
 15     1    10     1   -0.00136748201469
 15     1    10     7   0.000252075969001
 15     1    10    10   -0.000306271305483
 15     1    10    15   0.000289637921314
 15     1    11     0   0.00420113305252
 15     1    11     2   -0.00148215482547
 15     1    11    11   -0.000481064434089
 15     1    11    14   -5.51845882299e-05
 15     1    12     5   0.000107242874218
 15     1    12    12   -3.51512958067e-05
 15     1    13     6   0.000132565570351
 15     1    13    13   -2.12299793511e-05
 15     1    14     0   -0.00110870401232
 15     1    14     2   0.000877425852275
 15     1    14    11   -0.000281094362997
 15     1    14    14   -1.45964780006e-05
 15     1    15     1   0.00721324067482
 15     1    15     7   -0.000138705121279
 15     1    15    10   -7.56364086963e-05
 15     1    15    15   -4.51573085117e-05
 15     2     0     1   -0.000291963920173
 15     2     0     7   -0.0125280139889
 15     2     0    10   -0.00316736673299
 15     2     0    15   -0.000941275258584
 15     2     1     0   0.00220545571583
 15     2     1     2    0.0341479659486
 15     2     1    11   -0.00172030000523
 15     2     1    14   -0.00140892292732
 15     2     2     1   -0.0135699068982
 15     2     2     7   -0.00490670299692
 15     2     2    10   0.00255614869799
 15     2     2    15   -0.00248639956746
 15     2     3     6   6.70468076305e-07
 15     2     3    13   -4.50698025758e-05
 15     2     4     5   2.14167588906e-05
 15     2     4    12   -4.80906193118e-05
 15     2     5     4   -0.000102516877551
 15     2     5     9   0.000120037199246
 15     2     6     3   -0.000101007716974
 15     2     6     8   0.000158111459049
 15     2     7     0    0.0272048265508
 15     2     7     2   0.00833580433274
 15     2     7    11   -0.00170264639071
 15     2     7    14   0.000169082959257
 15     2     8     6   -6.03170512676e-05
 15     2     8    13   1.50734798392e-05
 15     2     9     5   -5.53520089536e-05
 15     2     9    12   2.24508234952e-05
 15     2    10     0   0.00368489652678
 15     2    10     2   -0.00355515537636
 15     2    10    11   -0.000557058688952
 15     2    10    14   -0.000468712136307
 15     2    11     1   0.000520769957662
 15     2    11     7   0.000171335204064
 15     2    11    10   -0.000369646670214
 15     2    11    15   -3.64720575757e-05
 15     2    12     4   -2.63708130457e-05
 15     2    12     9   9.91891290045e-06
 15     2    13     3   -3.77496290526e-06
 15     2    13     8   6.95819538752e-06
 15     2    14     1   0.00114365251923
 15     2    14     7   -0.000855355943805
 15     2    14    10   -0.000275646086375
 15     2    14    15   0.00016906161401
 15     2    15     0    0.0011787903146
 15     2    15     2   0.00554718194162
 15     2    15    11   -0.000260113780956
 15     2    15    14   0.000501092449242
 15     3     0     6   0.00551531209968
 15     3     0    13   0.00238432204179
 15     3     1     3    0.0260982641702
 15     3     1     8   -0.000648402411351
 15     3     2     6   -0.0031576808836
 15     3     2    13   -0.0012975001076
 15     3     3     1   -0.0149427311398
 15     3     3     7   -0.0062626993012
 15     3     3    10   0.00111512647255
 15     3     3    15   -0.00260618238412
 15     3     6     0   -0.0206986502859
 15     3     6     2    0.0122500350948
 15     3     6    11   0.00134126853254
 15     3     6    14   0.00107740939941
 15     3     7     3    0.0151916813253
 15     3     7     8   0.00126615617879
 15     3     8     1   0.000438210573025
 15     3     8     7   -0.000558549740445
 15     3     8    10   0.000179317408413
 15     3     8    15   9.4967408941e-05
 15     3    10     3   -0.00137946613973
 15     3    10     8   -0.000592159125283
 15     3    11     6   -0.000399772615071
 15     3    11    13   0.00038937724113
 15     3    13     0   -0.00266410321921
 15     3    13     2   0.00184441598986
 15     3    13    11   0.000255878032098
 15     3    13    14   -0.000230535351273
 15     3    14     6   0.000168796664061
 15     3    14    13   0.000235622154538
 15     3    15     3   0.00494599143685
 15     3    15     8   0.000443528054771
 15     4     0     5   0.00558836650992
 15     4     0    12   0.00242079782672
 15     4     1     4    0.0262209352715
 15     4     1     9   -0.000636131118987
 15     4     2     5   -0.00350557366468
 15     4     2    12   -0.00120788070426
 15     4     4     1   -0.0150171067526
 15     4     4     7   -0.00642042946302
 15     4     4    10   0.00121606044816
 15     4     4    15   -0.00260503079588
 15     4     5     0    -0.020791765479
 15     4     5     2    0.0122986927469
 15     4     5    11    0.0013604653657
 15     4     5    14    0.0010491698526
 15     4     7     4    0.0151796225989
 15     4     7     9   0.00122358269302
 15     4     9     1   0.00042943808884
 15     4     9     7   -0.000517622202887
 15     4     9    10   0.000165239829768
 15     4     9    15   0.000100117251923
 15     4    10     4   -0.00152743480427
 15     4    10     9   -0.000584369644885
 15     4    11     5   -0.000411390272658
 15     4    11    12   0.00037854888372
 15     4    12     0   -0.00269947783209
 15     4    12     2   0.00176084502436
 15     4    12    11   0.000246924338803
 15     4    12    14   -0.000251670982297
 15     4    14     5   0.000214492214901
 15     4    14    12   0.000247823607009
 15     4    15     4   0.00496292273804
 15     4    15     9   0.000463843801706
 15     5     0     4   -0.00453630877033
 15     5     0     9   0.00154449998571
 15     5     1     5     0.022271395114
 15     5     1    12   0.000474117410151
 15     5     2     4   0.00284502598341
 15     5     2     9   -0.000406772239118
 15     5     4     0   -0.0168358726969
 15     5     4     2   0.00889286207635
 15     5     4    11   0.00165854359449
 15     5     4    14   0.000895780102225
 15     5     5     1    -0.013800475121
 15     5     5     7   -0.00172691291438
 15     5     5    10   0.00105521147396
 15     5     5    15   -0.00170453890071
 15     5     7     5   0.00984986782898
 15     5     7    12   0.00131127381532
 15     5     9     0   -0.00206236303735
 15     5     9     2   0.00137771667999
 15     5     9    11   0.000232886181322
 15     5     9    14   -0.000157978178879
 15     5    10     5   -0.00116151409725
 15     5    10    12   -0.000430717502678
 15     5    11     4   -0.000828505708202
 15     5    11     9   0.000560079356191
 15     5    12     1   -0.000320305464085
 15     5    12     7   -0.000341814159664
 15     5    12    10   9.14592070533e-05
 15     5    12    15       5.876401e-05
 15     5    14     4   0.000515441161023
 15     5    14     9   2.10618202315e-05
 15     5    15     5   0.00354678502681
 15     5    15    12   0.000497574701427
 15     6     0     3   -0.00445826916242
 15     6     0     8   0.00155735512068
 15     6     1     6    0.0224560945973
 15     6     1    13   0.000421973356797
 15     6     2     3   0.00265372276033
 15     6     2     8   -0.000409124380733
 15     6     3     0   -0.0169096629432
 15     6     3     2   0.00911913480338
 15     6     3    11   0.00168564146872
 15     6     3    14   0.000907530796275
 15     6     6     1   -0.0138598684537
 15     6     6     7   -0.00173946022539
 15     6     6    10   0.00110407353878
 15     6     6    15   -0.00174116849884
 15     6     7     6   0.00988075800585
 15     6     7    13   0.00133774198628
 15     6     8     0   -0.00207790534731
 15     6     8     2   0.00138395796076
 15     6     8    11   0.000235580785447
 15     6     8    14   -0.000155567725174
 15     6    10     6   -0.00127996814813
 15     6    10    13   -0.000431909947964
 15     6    11     3   -0.000848438645149
 15     6    11     8   0.000559198419665
 15     6    13     1   -0.000286327327221
 15     6    13     7   -0.000337089826303
 15     6    13    10   8.88276172367e-05
 15     6    13    15   5.15275342719e-05
 15     6    14     3   0.000495194563732
 15     6    14     8   3.13394102403e-05
 15     6    15     6   0.00361373788128
 15     6    15    13   0.000502030082141
 15     7     0     0   -0.00814812721379
 15     7     0     2    0.0200811769501
 15     7     0    11   0.000107352346238
 15     7     0    14   -0.000301017171884
 15     7     1     1   -0.00742026905699
 15     7     1     7    0.0154468426897
 15     7     1    10   0.00136228696155
 15     7     1    15   3.39865676383e-05
 15     7     2     0    0.0273493409882
 15     7     2     2   -0.0112335816698
 15     7     2    11   -0.00237113322759
 15     7     2    14   -0.000665224644566
 15     7     3     3   -5.36207435891e-05
 15     7     3     8   2.01947493592e-05
 15     7     4     4   3.05544785771e-05
 15     7     4     9   2.71258109551e-05
 15     7     5     5   -3.58519110626e-05
 15     7     5    12   8.50455972982e-05
 15     7     6     6   5.70616409522e-05
 15     7     6    13   8.22050991973e-05
 15     7     7     1   -0.00380441331952
 15     7     7     7   0.00667043445419
 15     7     7    10   0.00142686298389
 15     7     7    15   0.000325034426547
 15     7     8     3   -4.36906585684e-05
 15     7     8     8   5.45936563458e-05
 15     7     9     4   -3.46573718165e-05
 15     7     9     9   4.09858589723e-05
 15     7    10     1   -7.8089358882e-05
 15     7    10     7   -0.00101821953252
 15     7    10    10   -0.000302760392271
 15     7    10    15   -1.70414361333e-05
 15     7    11     0   -0.000868625753421
 15     7    11     2   0.000650812688099
 15     7    11    11   8.71556379884e-05
 15     7    11    14   -0.00087339419025
 15     7    12     5   8.68065263663e-05
 15     7    12    12   4.11471624928e-05
 15     7    13     6   9.27741558103e-05
 15     7    13    13   2.16141615222e-05
 15     7    14     0   0.00173178765135
 15     7    14     2   -0.00145912614953
 15     7    14    11   -0.000644080154171
 15     7    14    14   0.000353212465639
 15     7    15     1   -0.000138705121279
 15     7    15     7   0.00269908762165
 15     7    15    10   0.000424851522828
 15     7    15    15   0.000333862551658
 15     8     0     6   -0.0139796220496
 15     8     0    13   -0.000866320243235
 15     8     1     3    0.0229466947718
 15     8     1     8   0.00136929914983
 15     8     2     6   0.00597486284356
 15     8     2    13   0.000549812047474
 15     8     3     1   -0.00417000543173
 15     8     3     7   0.00466170248334
 15     8     3    10   0.000300068274079
 15     8     3    15   9.4967408941e-05
 15     8     6     0    -0.000235471166
 15     8     6     2   -0.0061276807247
 15     8     6    11   0.00085108845792
 15     8     6    14   -0.000281421325657
 15     8     7     3   -0.00478115199524
 15     8     7     8   0.000100835127134
 15     8     8     1   -0.000268250430706
 15     8     8     7   0.000105325755528
 15     8     8    10   -0.000278575616404
 15     8     8    15   4.65342670572e-05
 15     8    10     3   -0.00117418701119
 15     8    10     8   -0.000332704006847
 15     8    11     6   0.000463821261827
 15     8    11    13   0.000608054224435
 15     8    13     0   -0.000173369021864
 15     8    13     2   -0.000489771658197
 15     8    13    11   0.000308592031124
 15     8    13    14   0.000138445448443
 15     8    14     6   0.00014221854854
 15     8    14    13   -0.000275657995721
 15     8    15     3   0.000443528054771
 15     8    15     8   0.000549236548333
 15     9     0     5   -0.0141175696472
 15     9     0    12   -0.000870348541556
 15     9     1     4    0.0239670846863
 15     9     1     9   0.00143006731849
 15     9     2     5   0.00626206640977
 15     9     2    12   0.000591661199508
 15     9     4     1   -0.00424955628606
 15     9     4     7   0.00482156881591
 15     9     4    10   0.000323314384307
 15     9     4    15   0.000100117251923
 15     9     5     0   -0.000262149074266
 15     9     5     2   -0.00626733960615
 15     9     5    11   0.000888102947839
 15     9     5    14   -0.000290033007893
 15     9     7     4   -0.00489294851761
 15     9     7     9   0.000108968098638
 15     9     9     1   -0.000273818426367
 15     9     9     7   0.000114405099313
 15     9     9    10   -0.000291077170309
 15     9     9    15   4.8573829418e-05
 15     9    10     4   -0.0012300132764
 15     9    10     9   -0.000356365511817
 15     9    11     5   0.000490600507183
 15     9    11    12   0.000612632618575
 15     9    12     0   -0.000178815175058
 15     9    12     2   -0.000510687126933
 15     9    12    11   0.000311098776055
 15     9    12    14   0.000140157275147
 15     9    14     5   0.000147381092281
 15     9    14    12   -0.000289976408306
 15     9    15     4   0.000463843801706
 15     9    15     9   0.000571138195117
 15    10     0     0   0.00506037065149
 15    10     0     2    0.0191090619068
 15    10     0    11   -0.000547631197086
 15    10     0    14   0.000565901445059
 15    10     1     1   0.00690824430627
 15    10     1     7   0.00881356809733
 15    10     1    10   0.000777946593836
 15    10     1    15   0.000289637921314
 15    10     2     0   -0.00703144529199
 15    10     2     2   -0.000487099508549
 15    10     2    11   -0.000476879062353
 15    10     2    14   4.85893070557e-05
 15    10     3     3   6.04855812334e-05
 15    10     3     8   -4.66800694739e-05
 15    10     4     4   6.8962115331e-05
 15    10     4     9   -3.70849997568e-05
 15    10     5     5   -9.28871368243e-05
 15    10     5    12   -3.40127553616e-05
 15    10     6     6   -8.60509274759e-05
 15    10     6    13   -3.6473506982e-05
 15    10     7     1   -0.00663761553225
 15    10     7     7   0.000369792289279
 15    10     7    10   0.000288237103566
 15    10     7    15   -1.70414361333e-05
 15    10     8     3   -4.8620334725e-05
 15    10     8     8   -4.63396186354e-05
 15    10     9     4   -4.3217817639e-05
 15    10     9     9   -3.24886708532e-05
 15    10    10     1   -0.000803792123299
 15    10    10     7   -0.000515652048205
 15    10    10    10   -0.000227133224065
 15    10    10    15   -8.9910191422e-05
 15    10    11     0   -4.14109812475e-05
 15    10    11     2   5.41699729447e-05
 15    10    11    11   -0.000216633040012
 15    10    11    14   -0.000409441199375
 15    10    12     5   -5.63093729042e-05
 15    10    12    12   -3.02297717298e-05
 15    10    13     6   -4.53359250457e-05
 15    10    13    13   -1.83518636479e-05
 15    10    14     0   -0.000104261872447
 15    10    14     2   -0.000231014498263
 15    10    14    11   6.88381774259e-05
 15    10    14    14   -4.18962540939e-06
 15    10    15     1   -7.56364086963e-05
 15    10    15     7   0.000424851522828
 15    10    15    10   0.000303609195865
 15    10    15    15   -1.25856417615e-05
 15    11     0     1     0.017583897387
 15    11     0     7   0.00108304063043
 15    11     0    10   -0.000309832099978
 15    11     0    15   0.00039913480656
 15    11     1     0    0.0166575277314
 15    11     1     2   0.00533723007171
 15    11     1    11   -0.000380917836466
 15    11     1    14   0.000115743305789
 15    11     2     1   -0.0131396946872
 15    11     2     7   0.000981951804191
 15    11     2    10   0.000155405325238
 15    11     2    15   -3.64720575757e-05
 15    11     3     6   0.000225168569622
 15    11     3    13   8.06694843486e-05
 15    11     4     5   0.000257173932673
 15    11     4    12   6.73384816722e-05
 15    11     5     4   -0.000345518442441
 15    11     5     9   0.000160477638806
 15    11     6     3   -0.00029673315967
 15    11     6     8   0.000179421188502
 15    11     7     0   -0.00815753226439
 15    11     7     2   -0.00107857200319
 15    11     7    11   0.000738123701167
 15    11     7    14   -0.00040659164525
 15    11     8     6   0.000203605118662
 15    11     8    13   0.000192915680746
 15    11     9     5   0.00018873512436
 15    11     9    12   0.00019059373405
 15    11    10     0   -0.00110883955069
 15    11    10     2   2.94825588629e-05
 15    11    10    11   -5.179599798e-05
 15    11    10    14   -0.000117000455337
 15    11    11     1   -0.000239788683958
 15    11    11     7   0.000138182612332
 15    11    11    10   -0.000242775038489
 15    11    11    15   0.000266223174244
 15    11    12     4   5.38000548838e-05
 15    11    12     9   0.00018888385094
 15    11    13     3   6.9864360297e-05
 15    11    13     8   0.000191416998549
 15    11    14     1   -0.000542765548738
 15    11    14     7   -0.000290974632917
 15    11    14    10   0.00012915350262
 15    11    14    15   -0.000328382272714
 15    11    15     0   1.88749504632e-06
 15    11    15     2   -0.000260113780956
 15    11    15    11   0.000477719494678
 15    11    15    14   -0.000177108175467
 15    12     0     4   -0.0187959257346
 15    12     0     9   -0.000971850952274
 15    12     1     5    0.0147346214305
 15    12     1    12    0.0010945826196
 15    12     2     4   0.00798448682645
 15    12     2     9   0.000700287557013
 15    12     4     0   0.000596786460656
 15    12     4     2   -0.00833967704787
 15    12     4    11   0.000850623643323
 15    12     4    14   -0.000495940512594
 15    12     5     1   -0.00217247807376
 15    12     5     7   0.00337935757329
 15    12     5    10   7.06952948877e-05
 15    12     5    15       5.876401e-05
 15    12     7     5   -0.00324556254045
 15    12     7    12   0.000164993144761
 15    12     9     0   -0.00011771184515
 15    12     9     2   -0.000565044359715
 15    12     9    11   0.000318006451254
 15    12     9    14   0.000162985384049
 15    12    10     5   -0.000909254964022
 15    12    10    12   -0.000251101849041
 15    12    11     4   0.000234579356929
 15    12    11     9   0.000616891038904
 15    12    12     1   -0.000172991092127
 15    12    12     7   0.000126650386083
 15    12    12    10   -0.000266780444448
 15    12    12    15   4.28426360704e-05
 15    12    14     4   0.000466605940716
 15    12    14     9   -0.000329098628536
 15    12    15     5   0.000497574701427
 15    12    15    12   0.00047017157593
 15    13     0     3   -0.0187106176406
 15    13     0     8   -0.000959371336552
 15    13     1     6    0.0147568826294
 15    13     1    13   0.00108804729561
 15    13     2     3   0.00385364740854
 15    13     2     8   0.000415336167024
 15    13     3     0   0.000701799955421
 15    13     3     2   -0.0044467659364
 15    13     3    11   0.000770784348266
 15    13     3    14   -0.000317039540107
 15    13     6     1   -0.00211714625164
 15    13     6     7   0.00291799010073
 15    13     6    10   4.18720696637e-05
 15    13     6    15   5.15275342719e-05
 15    13     7     6   -0.0029097238314
 15    13     7    13   0.000132177061276
 15    13     8     0   -0.000110374581296
 15    13     8     2   -0.000299018987019
 15    13     8    11   0.000293953986578
 15    13     8    14   0.00010401953399
 15    13    10     6   -0.000904017146369
 15    13    10    13   -0.000304514126173
 15    13    11     3   0.00031536890924
 15    13    11     8   0.000638482640688
 15    13    13     1   -0.000165177393197
 15    13    13     7   0.000149988664918
 15    13    13    10   -0.000216705377195
 15    13    13    15   6.66130965209e-05
 15    13    14     3   0.000269454499608
 15    13    14     8   -0.000254019715523
 15    13    15     6   0.000502030082141
 15    13    15    13   0.000442780950682
 15    14     0     1   -0.00516730215024
 15    14     0     7   0.00917557554786
 15    14     0    10   0.000976271291795
 15    14     0    15   7.70677554712e-05
 15    14     1     0   -0.00810225481232
 15    14     1     2    0.0254925080549
 15    14     1    11   -0.000461526172532
 15    14     1    14   0.000997302530834
 15    14     2     1   -0.00175274710356
 15    14     2     7   0.00058257871485
 15    14     2    10   -9.5286991955e-05
 15    14     2    15   0.00016906161401
 15    14     3     6   -0.000216450405911
 15    14     3    13   -6.98385191742e-05
 15    14     4     5   -0.000169855255015
 15    14     4    12   -5.31530399259e-05
 15    14     5     4   0.000184263246359
 15    14     5     9   -2.1379130136e-05
 15    14     6     3   0.00022121971055
 15    14     6     8   -4.5308547505e-06
 15    14     7     0   0.00150626218587
 15    14     7     2   -0.00100756115101
 15    14     7    11   -0.000607610853476
 15    14     7    14   0.000275770261976
 15    14     8     6   -6.06736132601e-05
 15    14     8    13   -7.06505792261e-05
 15    14     9     5   -7.12475729685e-05
 15    14     9    12   -6.34769626325e-05
 15    14    10     0   0.000442408615192
 15    14    10     2   -0.000671632262459
 15    14    10    11   -0.000168816130515
 15    14    10    14   -0.000388630683425
 15    14    11     1   0.000145804986095
 15    14    11     7   -0.00088326618903
 15    14    11    10   -0.000405701984182
 15    14    11    15   -0.000328382272714
 15    14    12     4   -1.62620915732e-05
 15    14    12     9   -6.35046852796e-05
 15    14    13     3   -2.16886345711e-05
 15    14    13     8   -7.12120092472e-05
 15    14    14     1   -3.81492683331e-05
 15    14    14     7   0.000228080293025
 15    14    14    10   -5.1645363698e-05
 15    14    14    15   0.00023514800081
 15    14    15     0   -4.00265104436e-05
 15    14    15     2   0.000501092449242
 15    14    15    11   -0.000177108175467
 15    14    15    14   0.00050044914799
 15    15     0     0   -0.0101061597374
 15    15     0     2   0.00506463739921
 15    15     0    11   0.000154724542189
 15    15     0    14   0.000249980174178
 15    15     1     1   -0.0106001973556
 15    15     1     7   0.00282840793847
 15    15     1    10   0.000458922496623
 15    15     1    15   -4.51573085117e-05
 15    15     2     0   0.00506463739921
 15    15     2     2   -0.000570390610316
 15    15     2    11   -0.000215465333369
 15    15     2    14   -4.37975609745e-06
 15    15     3     3   -9.68421888583e-05
 15    15     3     8   5.81506458663e-05
 15    15     4     4   -0.000340231300897
 15    15     4     9   1.19591671658e-05
 15    15     5     5   0.000319715979595
 15    15     5    12   0.000135789772553
 15    15     6     6   0.000134402952596
 15    15     6    13   8.80673136599e-05
 15    15     7     1   0.00282840793847
 15    15     7     7   0.000652719388326
 15    15     7    10   -2.35287696481e-05
 15    15     7    15   0.000333862551658
 15    15     8     3   5.81506458663e-05
 15    15     8     8   7.54918116869e-05
 15    15     9     4   1.19591671658e-05
 15    15     9     9   6.45603183598e-05
 15    15    10     1   0.000458922496623
 15    15    10     7   -2.35287696481e-05
 15    15    10    10   -1.02425883107e-05
 15    15    10    15   -1.25856417615e-05
 15    15    11     0   0.000154724542189
 15    15    11     2   -0.000215465333369
 15    15    11    11   0.000248562918666
 15    15    11    14   -0.0002582160027
 15    15    12     5   0.000135789772553
 15    15    12    12   6.73996777591e-05
 15    15    13     6   8.80673136599e-05
 15    15    13    13   3.40142219898e-05
 15    15    14     0   0.000249980174178
 15    15    14     2   -4.37975609745e-06
 15    15    14    11   -0.0002582160027
 15    15    14    14   0.000179588722889
 15    15    15     1   -4.51573085117e-05
 15    15    15     7   0.000333862551658
 15    15    15    10   -1.25856417615e-05
 15    15    15    15   0.000241401633542
