0 0 0 0 1.999406847264794
0 0 0 1 0
0 0 0 2 -0.0002351219134159289
0 0 0 3 0
0 0 0 4 0
0 0 0 5 0
0 0 0 6 0
0 0 0 7 0
0 0 0 8 0
0 0 0 9 0
0 0 0 10 0
0 0 0 11 -0.01182810517969271
0 0 0 12 0
0 0 0 13 0
0 0 0 14 0
0 0 0 15 0
0 0 1 0 0
0 0 1 1 0
0 0 1 2 0
0 0 1 3 0
0 0 1 4 0
0 0 1 5 0
0 0 1 6 0
0 0 1 7 0
0 0 1 8 0
0 0 1 9 0
0 0 1 10 0
0 0 1 11 0
0 0 1 12 0
0 0 1 13 0
0 0 1 14 0
0 0 1 15 0
0 0 2 0 -0.0002351219134159289
0 0 2 1 0
0 0 2 2 0
0 0 2 3 0
0 0 2 4 0
0 0 2 5 0
0 0 2 6 0
0 0 2 7 0
0 0 2 8 0
0 0 2 9 0
0 0 2 10 0
0 0 2 11 0
0 0 2 12 0
0 0 2 13 0
0 0 2 14 0
0 0 2 15 0
0 0 3 0 0
0 0 3 1 0
0 0 3 2 0
0 0 3 3 0
0 0 3 4 0
0 0 3 5 0
0 0 3 6 0
0 0 3 7 0
0 0 3 8 0
0 0 3 9 0
0 0 3 10 0
0 0 3 11 0
0 0 3 12 0
0 0 3 13 0
0 0 3 14 0
0 0 3 15 0
0 0 4 0 0
0 0 4 1 0
0 0 4 2 0
0 0 4 3 0
0 0 4 4 0
0 0 4 5 0
0 0 4 6 0
0 0 4 7 0
0 0 4 8 0
0 0 4 9 0
0 0 4 10 0
0 0 4 11 0
0 0 4 12 0
0 0 4 13 0
0 0 4 14 0
0 0 4 15 0
0 0 5 0 0
0 0 5 1 0
0 0 5 2 0
0 0 5 3 0
0 0 5 4 0
0 0 5 5 0
0 0 5 6 0
0 0 5 7 0
0 0 5 8 0
0 0 5 9 0
0 0 5 10 0
0 0 5 11 0
0 0 5 12 0
0 0 5 13 0
0 0 5 14 0
0 0 5 15 0
0 0 6 0 0
0 0 6 1 0
0 0 6 2 0
0 0 6 3 0
0 0 6 4 0
0 0 6 5 0
0 0 6 6 0
0 0 6 7 0
0 0 6 8 0
0 0 6 9 0
0 0 6 10 0
0 0 6 11 0
0 0 6 12 0
0 0 6 13 0
0 0 6 14 0
0 0 6 15 0
0 0 7 0 0
0 0 7 1 0
0 0 7 2 0
0 0 7 3 0
0 0 7 4 0
0 0 7 5 0
0 0 7 6 0
0 0 7 7 0
0 0 7 8 0
0 0 7 9 0
0 0 7 10 0
0 0 7 11 0
0 0 7 12 0
0 0 7 13 0
0 0 7 14 0
0 0 7 15 0
0 0 8 0 0
0 0 8 1 0
0 0 8 2 0
0 0 8 3 0
0 0 8 4 0
0 0 8 5 0
0 0 8 6 0
0 0 8 7 0
0 0 8 8 0
0 0 8 9 0
0 0 8 10 0
0 0 8 11 0
0 0 8 12 0
0 0 8 13 0
0 0 8 14 0
0 0 8 15 0
0 0 9 0 0
0 0 9 1 0
0 0 9 2 0
0 0 9 3 0
0 0 9 4 0
0 0 9 5 0
0 0 9 6 0
0 0 9 7 0
0 0 9 8 0
0 0 9 9 0
0 0 9 10 0
0 0 9 11 0
0 0 9 12 0
0 0 9 13 0
0 0 9 14 0
0 0 9 15 0
0 0 10 0 0
0 0 10 1 0
0 0 10 2 0
0 0 10 3 0
0 0 10 4 0
0 0 10 5 0
0 0 10 6 0
0 0 10 7 0
0 0 10 8 0
0 0 10 9 0
0 0 10 10 0
0 0 10 11 0
0 0 10 12 0
0 0 10 13 0
0 0 10 14 0
0 0 10 15 0
0 0 11 0 -0.01182810517969271
0 0 11 1 0
0 0 11 2 0
0 0 11 3 0
0 0 11 4 0
0 0 11 5 0
0 0 11 6 0
0 0 11 7 0
0 0 11 8 0
0 0 11 9 0
0 0 11 10 0
0 0 11 11 0
0 0 11 12 0
0 0 11 13 0
0 0 11 14 0
0 0 11 15 0
0 0 12 0 0
0 0 12 1 0
0 0 12 2 0
0 0 12 3 0
0 0 12 4 0
0 0 12 5 0
0 0 12 6 0
0 0 12 7 0
0 0 12 8 0
0 0 12 9 0
0 0 12 10 0
0 0 12 11 0
0 0 12 12 0
0 0 12 13 0
0 0 12 14 0
0 0 12 15 0
0 0 13 0 0
0 0 13 1 0
0 0 13 2 0
0 0 13 3 0
0 0 13 4 0
0 0 13 5 0
0 0 13 6 0
0 0 13 7 0
0 0 13 8 0
0 0 13 9 0
0 0 13 10 0
0 0 13 11 0
0 0 13 12 0
0 0 13 13 0
0 0 13 14 0
0 0 13 15 0
0 0 14 0 0
0 0 14 1 0
0 0 14 2 0
0 0 14 3 0
0 0 14 4 0
0 0 14 5 0
0 0 14 6 0
0 0 14 7 0
0 0 14 8 0
0 0 14 9 0
0 0 14 10 0
0 0 14 11 0
0 0 14 12 0
0 0 14 13 0
0 0 14 14 0
0 0 14 15 0
0 0 15 0 0
0 0 15 1 0
0 0 15 2 0
0 0 15 3 0
0 0 15 4 0
0 0 15 5 0
0 0 15 6 0
0 0 15 7 0
0 0 15 8 0
0 0 15 9 0
0 0 15 10 0
0 0 15 11 0
0 0 15 12 0
0 0 15 13 0
0 0 15 14 0
0 0 15 15 0
0 1 0 0 0
0 1 0 1 3.999216772075379
0 1 0 2 0
0 1 0 3 0
0 1 0 4 0
0 1 0 5 0
0 1 0 6 0
0 1 0 7 0
0 1 0 8 0
0 1 0 9 0
0 1 0 10 0
0 1 0 11 0
0 1 0 12 0
0 1 0 13 0
0 1 0 14 0
0 1 0 15 0.02288242830370503
0 1 1 0 -1.999608386037689
0 1 1 1 0
0 1 1 2 0.0002351219134159289
0 1 1 3 0
0 1 1 4 0
0 1 1 5 0
0 1 1 6 0
0 1 1 7 0
0 1 1 8 0
0 1 1 9 0
0 1 1 10 0
0 1 1 11 0.01182810517969271
0 1 1 12 0
0 1 1 13 0
0 1 1 14 0
0 1 1 15 0
0 1 2 0 0
0 1 2 1 -0.0004702438268318578
0 1 2 2 0
0 1 2 3 0
0 1 2 4 0
0 1 2 5 0
0 1 2 6 0
0 1 2 7 0
0 1 2 8 0
0 1 2 9 0
0 1 2 10 0
0 1 2 11 0
0 1 2 12 0
0 1 2 13 0
0 1 2 14 0
0 1 2 15 0
0 1 3 0 0
0 1 3 1 0
0 1 3 2 0
0 1 3 3 0
0 1 3 4 0
0 1 3 5 0
0 1 3 6 0
0 1 3 7 0
0 1 3 8 0
0 1 3 9 0
0 1 3 10 0
0 1 3 11 0
0 1 3 12 0
0 1 3 13 0
0 1 3 14 0
0 1 3 15 0
0 1 4 0 0
0 1 4 1 0
0 1 4 2 0
0 1 4 3 0
0 1 4 4 0
0 1 4 5 0
0 1 4 6 0
0 1 4 7 0
0 1 4 8 0
0 1 4 9 0
0 1 4 10 0
0 1 4 11 0
0 1 4 12 0
0 1 4 13 0
0 1 4 14 0
0 1 4 15 0
0 1 5 0 0
0 1 5 1 0
0 1 5 2 0
0 1 5 3 0
0 1 5 4 0
0 1 5 5 0
0 1 5 6 0
0 1 5 7 0
0 1 5 8 0
0 1 5 9 0
0 1 5 10 0
0 1 5 11 0
0 1 5 12 0
0 1 5 13 0
0 1 5 14 0
0 1 5 15 0
0 1 6 0 0
0 1 6 1 0
0 1 6 2 0
0 1 6 3 0
0 1 6 4 0
0 1 6 5 0
0 1 6 6 0
0 1 6 7 0
0 1 6 8 0
0 1 6 9 0
0 1 6 10 0
0 1 6 11 0
0 1 6 12 0
0 1 6 13 0
0 1 6 14 0
0 1 6 15 0
0 1 7 0 0
0 1 7 1 0
0 1 7 2 0
0 1 7 3 0
0 1 7 4 0
0 1 7 5 0
0 1 7 6 0
0 1 7 7 0
0 1 7 8 0
0 1 7 9 0
0 1 7 10 0
0 1 7 11 0
0 1 7 12 0
0 1 7 13 0
0 1 7 14 0
0 1 7 15 0
0 1 8 0 0
0 1 8 1 0
0 1 8 2 0
0 1 8 3 0
0 1 8 4 0
0 1 8 5 0
0 1 8 6 0
0 1 8 7 0
0 1 8 8 0
0 1 8 9 0
0 1 8 10 0
0 1 8 11 0
0 1 8 12 0
0 1 8 13 0
0 1 8 14 0
0 1 8 15 0
0 1 9 0 0
0 1 9 1 0
0 1 9 2 0
0 1 9 3 0
0 1 9 4 0
0 1 9 5 0
0 1 9 6 0
0 1 9 7 0
0 1 9 8 0
0 1 9 9 0
0 1 9 10 0
0 1 9 11 0
0 1 9 12 0
0 1 9 13 0
0 1 9 14 0
0 1 9 15 0
0 1 10 0 0
0 1 10 1 0
0 1 10 2 0
0 1 10 3 0
0 1 10 4 0
0 1 10 5 0
0 1 10 6 0
0 1 10 7 0
0 1 10 8 0
0 1 10 9 0
0 1 10 10 0
0 1 10 11 0
0 1 10 12 0
0 1 10 13 0
0 1 10 14 0
0 1 10 15 0
0 1 11 0 0
0 1 11 1 -0.02365621035938541
0 1 11 2 0
0 1 11 3 0
0 1 11 4 0
0 1 11 5 0
0 1 11 6 0
0 1 11 7 0
0 1 11 8 0
0 1 11 9 0
0 1 11 10 0
0 1 11 11 0
0 1 11 12 0
0 1 11 13 0
0 1 11 14 0
0 1 11 15 0
0 1 12 0 0
0 1 12 1 0
0 1 12 2 0
0 1 12 3 0
0 1 12 4 0
0 1 12 5 0
0 1 12 6 0
0 1 12 7 0
0 1 12 8 0
0 1 12 9 0
0 1 12 10 0
0 1 12 11 0
0 1 12 12 0
0 1 12 13 0
0 1 12 14 0
0 1 12 15 0
0 1 13 0 0
0 1 13 1 0
0 1 13 2 0
0 1 13 3 0
0 1 13 4 0
0 1 13 5 0
0 1 13 6 0
0 1 13 7 0
0 1 13 8 0
0 1 13 9 0
0 1 13 10 0
0 1 13 11 0
0 1 13 12 0
0 1 13 13 0
0 1 13 14 0
0 1 13 15 0
0 1 14 0 0
0 1 14 1 0
0 1 14 2 0
0 1 14 3 0
0 1 14 4 0
0 1 14 5 0
0 1 14 6 0
0 1 14 7 0
0 1 14 8 0
0 1 14 9 0
0 1 14 10 0
0 1 14 11 0
0 1 14 12 0
0 1 14 13 0
0 1 14 14 0
0 1 14 15 0
0 1 15 0 -0.01144121415185251
0 1 15 1 0
0 1 15 2 0
0 1 15 3 0
0 1 15 4 0
0 1 15 5 0
0 1 15 6 0
0 1 15 7 0
0 1 15 8 0
0 1 15 9 0
0 1 15 10 0
0 1 15 11 0
0 1 15 12 0
0 1 15 13 0
0 1 15 14 0
0 1 15 15 0
0 2 0 0 -0.0002351219134159289
0 2 0 1 0
0 2 0 2 3.149133626386729
0 2 0 3 0
0 2 0 4 0
0 2 0 5 0
0 2 0 6 0
0 2 0 7 0
0 2 0 8 0
0 2 0 9 0
0 2 0 10 0
0 2 0 11 -0.0501415352582389
0 2 0 12 0
0 2 0 13 0
0 2 0 14 0.07210809277027834
0 2 0 15 0
0 2 1 0 0
0 2 1 1 0
0 2 1 2 0
0 2 1 3 0
0 2 1 4 0
0 2 1 5 0
0 2 1 6 0
0 2 1 7 0
0 2 1 8 0
0 2 1 9 0
0 2 1 10 0
0 2 1 11 0
0 2 1 12 0
0 2 1 13 0
0 2 1 14 0
0 2 1 15 0
0 2 2 0 -1.574566813193365
0 2 2 1 0
0 2 2 2 -0.0002351219134159289
0 2 2 3 0
0 2 2 4 0
0 2 2 5 0
0 2 2 6 0
0 2 2 7 0
0 2 2 8 0
0 2 2 9 0
0 2 2 10 0
0 2 2 11 0.009786290424352372
0 2 2 12 0
0 2 2 13 0
0 2 2 14 0
0 2 2 15 0
0 2 3 0 0
0 2 3 1 0
0 2 3 2 0
0 2 3 3 0
0 2 3 4 0
0 2 3 5 0
0 2 3 6 0
0 2 3 7 0
0 2 3 8 0
0 2 3 9 0
0 2 3 10 0
0 2 3 11 0
0 2 3 12 0
0 2 3 13 0
0 2 3 14 0
0 2 3 15 0
0 2 4 0 0
0 2 4 1 0
0 2 4 2 0
0 2 4 3 0
0 2 4 4 0
0 2 4 5 0
0 2 4 6 0
0 2 4 7 0
0 2 4 8 0
0 2 4 9 0
0 2 4 10 0
0 2 4 11 0
0 2 4 12 0
0 2 4 13 0
0 2 4 14 0
0 2 4 15 0
0 2 5 0 0
0 2 5 1 0
0 2 5 2 0
0 2 5 3 0
0 2 5 4 0
0 2 5 5 0
0 2 5 6 0
0 2 5 7 0
0 2 5 8 0
0 2 5 9 0
0 2 5 10 0
0 2 5 11 0
0 2 5 12 0
0 2 5 13 0
0 2 5 14 0
0 2 5 15 0
0 2 6 0 0
0 2 6 1 0
0 2 6 2 0
0 2 6 3 0
0 2 6 4 0
0 2 6 5 0
0 2 6 6 0
0 2 6 7 0
0 2 6 8 0
0 2 6 9 0
0 2 6 10 0
0 2 6 11 0
0 2 6 12 0
0 2 6 13 0
0 2 6 14 0
0 2 6 15 0
0 2 7 0 0
0 2 7 1 0
0 2 7 2 0
0 2 7 3 0
0 2 7 4 0
0 2 7 5 0
0 2 7 6 0
0 2 7 7 0.0001003835447008542
0 2 7 8 0
0 2 7 9 0
0 2 7 10 0
0 2 7 11 0
0 2 7 12 0
0 2 7 13 0
0 2 7 14 0
0 2 7 15 0
0 2 8 0 0
0 2 8 1 0
0 2 8 2 0
0 2 8 3 0
0 2 8 4 0
0 2 8 5 0
0 2 8 6 0
0 2 8 7 0
0 2 8 8 0
0 2 8 9 0
0 2 8 10 0
0 2 8 11 0
0 2 8 12 0
0 2 8 13 0
0 2 8 14 0
0 2 8 15 0
0 2 9 0 0
0 2 9 1 0
0 2 9 2 0
0 2 9 3 0
0 2 9 4 0
0 2 9 5 0
0 2 9 6 0
0 2 9 7 0
0 2 9 8 0
0 2 9 9 0
0 2 9 10 0
0 2 9 11 0
0 2 9 12 0
0 2 9 13 0
0 2 9 14 0
0 2 9 15 0
0 2 10 0 0
0 2 10 1 0
0 2 10 2 0
0 2 10 3 0
0 2 10 4 0
0 2 10 5 0
0 2 10 6 0
0 2 10 7 0
0 2 10 8 0
0 2 10 9 0
0 2 10 10 0
0 2 10 11 0
0 2 10 12 0
0 2 10 13 0
0 2 10 14 0
0 2 10 15 0
0 2 11 0 0.02507076762911945
0 2 11 1 0
0 2 11 2 -0.01957258084870474
0 2 11 3 0
0 2 11 4 0
0 2 11 5 0
0 2 11 6 0
0 2 11 7 0
0 2 11 8 0
0 2 11 9 0
0 2 11 10 0
0 2 11 11 0
0 2 11 12 0
0 2 11 13 0
0 2 11 14 0
0 2 11 15 0
0 2 12 0 0
0 2 12 1 0
0 2 12 2 0
0 2 12 3 0
0 2 12 4 0
0 2 12 5 0
0 2 12 6 0
0 2 12 7 0
0 2 12 8 0
0 2 12 9 0
0 2 12 10 0
0 2 12 11 0
0 2 12 12 0
0 2 12 13 0
0 2 12 14 0
0 2 12 15 0
0 2 13 0 0
0 2 13 1 0
0 2 13 2 0
0 2 13 3 0
0 2 13 4 0
0 2 13 5 0
0 2 13 6 0
0 2 13 7 0
0 2 13 8 0
0 2 13 9 0
0 2 13 10 0
0 2 13 11 0
0 2 13 12 0
0 2 13 13 0
0 2 13 14 0
0 2 13 15 0
0 2 14 0 -0.03605404638513918
0 2 14 1 0
0 2 14 2 0
0 2 14 3 0
0 2 14 4 0
0 2 14 5 0
0 2 14 6 0
0 2 14 7 0
0 2 14 8 0
0 2 14 9 0
0 2 14 10 0
0 2 14 11 0
0 2 14 12 0
0 2 14 13 0
0 2 14 14 0
0 2 14 15 0
0 2 15 0 0
0 2 15 1 0
0 2 15 2 0
0 2 15 3 0
0 2 15 4 0
0 2 15 5 0
0 2 15 6 0
0 2 15 7 0
0 2 15 8 0
0 2 15 9 0
0 2 15 10 0
0 2 15 11 0
0 2 15 12 0
0 2 15 13 0
0 2 15 14 0
0 2 15 15 0
0 3 0 0 0
0 3 0 1 0
0 3 0 2 0
0 3 0 3 2.035835645255398
0 3 0 4 0
0 3 0 5 0
0 3 0 6 0
0 3 0 7 0
0 3 0 8 0.0975393325961281
0 3 0 9 0
0 3 0 10 0
0 3 0 11 0
0 3 0 12 0
0 3 0 13 0
0 3 0 14 0
0 3 0 15 0
0 3 1 0 0
0 3 1 1 0
0 3 1 2 0
0 3 1 3 0
0 3 1 4 0
0 3 1 5 0
0 3 1 6 0
0 3 1 7 0
0 3 1 8 0
0 3 1 9 0
0 3 1 10 0
0 3 1 11 0
0 3 1 12 0
0 3 1 13 0
0 3 1 14 0
0 3 1 15 0
0 3 2 0 0
0 3 2 1 0
0 3 2 2 0
0 3 2 3 -0.0002351219134159289
0 3 2 4 0
0 3 2 5 0
0 3 2 6 0
0 3 2 7 0
0 3 2 8 0
0 3 2 9 0
0 3 2 10 0
0 3 2 11 0
0 3 2 12 0
0 3 2 13 0
0 3 2 14 0
0 3 2 15 0
0 3 3 0 -1.017955686507749
0 3 3 1 0
0 3 3 2 3.545537704018525e-05
0 3 3 3 0
0 3 3 4 0
0 3 3 5 0
0 3 3 6 0
0 3 3 7 0
0 3 3 8 0
0 3 3 9 0
0 3 3 10 0
0 3 3 11 0.0007816215488308798
0 3 3 12 0
0 3 3 13 0
0 3 3 14 0
0 3 3 15 0
0 3 4 0 0
0 3 4 1 0
0 3 4 2 0
0 3 4 3 0
0 3 4 4 0
0 3 4 5 0
0 3 4 6 0
0 3 4 7 0
0 3 4 8 0
0 3 4 9 0
0 3 4 10 0
0 3 4 11 0
0 3 4 12 0
0 3 4 13 0
0 3 4 14 0
0 3 4 15 0
0 3 5 0 0
0 3 5 1 0
0 3 5 2 0
0 3 5 3 0
0 3 5 4 0
0 3 5 5 0
0 3 5 6 0
0 3 5 7 0
0 3 5 8 0
0 3 5 9 0
0 3 5 10 0
0 3 5 11 0
0 3 5 12 0
0 3 5 13 0
0 3 5 14 0
0 3 5 15 0
0 3 6 0 0
0 3 6 1 0
0 3 6 2 0
0 3 6 3 0
0 3 6 4 0
0 3 6 5 0
0 3 6 6 0
0 3 6 7 0
0 3 6 8 0
0 3 6 9 0
0 3 6 10 0
0 3 6 11 0
0 3 6 12 0
0 3 6 13 0
0 3 6 14 0
0 3 6 15 0
0 3 7 0 0
0 3 7 1 0
0 3 7 2 0
0 3 7 3 0
0 3 7 4 0
0 3 7 5 0
0 3 7 6 0
0 3 7 7 0
0 3 7 8 0
0 3 7 9 0
0 3 7 10 0
0 3 7 11 0
0 3 7 12 0
0 3 7 13 0
0 3 7 14 0
0 3 7 15 0
0 3 8 0 -0.04876966629806405
0 3 8 1 0
0 3 8 2 0
0 3 8 3 0
0 3 8 4 0
0 3 8 5 0
0 3 8 6 0
0 3 8 7 0
0 3 8 8 0
0 3 8 9 0
0 3 8 10 0
0 3 8 11 0
0 3 8 12 0
0 3 8 13 0
0 3 8 14 0
0 3 8 15 0
0 3 9 0 0
0 3 9 1 0
0 3 9 2 0
0 3 9 3 0
0 3 9 4 0
0 3 9 5 0
0 3 9 6 0
0 3 9 7 0
0 3 9 8 0
0 3 9 9 0
0 3 9 10 0
0 3 9 11 0
0 3 9 12 0
0 3 9 13 0
0 3 9 14 0
0 3 9 15 0
0 3 10 0 0
0 3 10 1 0
0 3 10 2 0
0 3 10 3 0
0 3 10 4 0
0 3 10 5 0
0 3 10 6 0
0 3 10 7 0
0 3 10 8 0
0 3 10 9 0
0 3 10 10 0
0 3 10 11 0
0 3 10 12 0
0 3 10 13 0
0 3 10 14 0
0 3 10 15 0
0 3 11 0 0
0 3 11 1 0
0 3 11 2 0
0 3 11 3 -0.01182810517969271
0 3 11 4 0
0 3 11 5 0
0 3 11 6 0
0 3 11 7 0
0 3 11 8 0
0 3 11 9 0
0 3 11 10 0
0 3 11 11 0
0 3 11 12 0
0 3 11 13 0
0 3 11 14 0
0 3 11 15 0
0 3 12 0 0
0 3 12 1 0
0 3 12 2 0
0 3 12 3 0
0 3 12 4 0
0 3 12 5 0
0 3 12 6 0
0 3 12 7 0
0 3 12 8 0
0 3 12 9 0
0 3 12 10 0
0 3 12 11 0
0 3 12 12 0
0 3 12 13 0
0 3 12 14 0
0 3 12 15 0
0 3 13 0 0
0 3 13 1 0
0 3 13 2 0
0 3 13 3 0
0 3 13 4 0
0 3 13 5 0
0 3 13 6 0
0 3 13 7 0
0 3 13 8 0
0 3 13 9 0
0 3 13 10 0
0 3 13 11 0
0 3 13 12 0
0 3 13 13 0
0 3 13 14 0
0 3 13 15 0
0 3 14 0 0
0 3 14 1 0
0 3 14 2 0
0 3 14 3 0
0 3 14 4 0
0 3 14 5 0
0 3 14 6 0
0 3 14 7 0
0 3 14 8 0
0 3 14 9 0
0 3 14 10 0
0 3 14 11 0
0 3 14 12 0
0 3 14 13 0
0 3 14 14 0
0 3 14 15 0
0 3 15 0 0
0 3 15 1 0
0 3 15 2 0
0 3 15 3 0
0 3 15 4 0
0 3 15 5 0
0 3 15 6 0
0 3 15 7 0
0 3 15 8 0
0 3 15 9 0
0 3 15 10 0
0 3 15 11 0
0 3 15 12 0
0 3 15 13 0
0 3 15 14 0
0 3 15 15 0
0 4 0 0 0
0 4 0 1 0
0 4 0 2 0
0 4 0 3 0
0 4 0 4 1.99846380779812
0 4 0 5 0
0 4 0 6 0
0 4 0 7 0
0 4 0 8 0
0 4 0 9 0.09558076065317657
0 4 0 10 0
0 4 0 11 0
0 4 0 12 0
0 4 0 13 0
0 4 0 14 0
0 4 0 15 0
0 4 1 0 0
0 4 1 1 0
0 4 1 2 0
0 4 1 3 0
0 4 1 4 0
0 4 1 5 0
0 4 1 6 0
0 4 1 7 0
0 4 1 8 0
0 4 1 9 0
0 4 1 10 0
0 4 1 11 0
0 4 1 12 0
0 4 1 13 0
0 4 1 14 0
0 4 1 15 0
0 4 2 0 0
0 4 2 1 0
0 4 2 2 0
0 4 2 3 0
0 4 2 4 -0.0002351219134159289
0 4 2 5 0
0 4 2 6 0
0 4 2 7 0
0 4 2 8 0
0 4 2 9 0
0 4 2 10 0
0 4 2 11 0
0 4 2 12 0
0 4 2 13 0
0 4 2 14 0
0 4 2 15 0
0 4 3 0 0
0 4 3 1 0
0 4 3 2 0
0 4 3 3 0
0 4 3 4 0
0 4 3 5 0
0 4 3 6 0
0 4 3 7 0
0 4 3 8 0
0 4 3 9 0
0 4 3 10 0
0 4 3 11 0
0 4 3 12 0
0 4 3 13 0
0 4 3 14 0
0 4 3 15 0
0 4 4 0 -0.9992695720960634
0 4 4 1 0
0 4 4 2 4.456840007047859e-05
0 4 4 3 0
0 4 4 4 0
0 4 4 5 0
0 4 4 6 0
0 4 4 7 0
0 4 4 8 0
0 4 4 9 0
0 4 4 10 0
0 4 4 11 0.000797693485345718
0 4 4 12 0
0 4 4 13 0
0 4 4 14 0
0 4 4 15 0
0 4 5 0 0
0 4 5 1 0
0 4 5 2 0
0 4 5 3 0
0 4 5 4 0
0 4 5 5 0
0 4 5 6 0
0 4 5 7 0
0 4 5 8 0
0 4 5 9 0
0 4 5 10 0
0 4 5 11 0
0 4 5 12 0
0 4 5 13 0
0 4 5 14 0
0 4 5 15 0
0 4 6 0 0
0 4 6 1 0
0 4 6 2 0
0 4 6 3 0
0 4 6 4 0
0 4 6 5 0
0 4 6 6 0
0 4 6 7 0
0 4 6 8 0
0 4 6 9 0
0 4 6 10 0
0 4 6 11 0
0 4 6 12 0
0 4 6 13 0
0 4 6 14 0
0 4 6 15 0
0 4 7 0 0
0 4 7 1 0
0 4 7 2 0
0 4 7 3 0
0 4 7 4 0
0 4 7 5 0
0 4 7 6 0
0 4 7 7 0
0 4 7 8 0
0 4 7 9 0
0 4 7 10 0
0 4 7 11 0
0 4 7 12 0
0 4 7 13 0
0 4 7 14 0
0 4 7 15 0
0 4 8 0 0
0 4 8 1 0
0 4 8 2 0
0 4 8 3 0
0 4 8 4 0
0 4 8 5 0
0 4 8 6 0
0 4 8 7 0
0 4 8 8 0
0 4 8 9 0
0 4 8 10 0
0 4 8 11 0
0 4 8 12 0
0 4 8 13 0
0 4 8 14 0
0 4 8 15 0
0 4 9 0 -0.04779038032658828
0 4 9 1 0
0 4 9 2 0
0 4 9 3 0
0 4 9 4 0
0 4 9 5 0
0 4 9 6 0
0 4 9 7 0
0 4 9 8 0
0 4 9 9 0
0 4 9 10 0
0 4 9 11 0
0 4 9 12 0
0 4 9 13 0
0 4 9 14 0
0 4 9 15 0
0 4 10 0 0
0 4 10 1 0
0 4 10 2 0
0 4 10 3 0
0 4 10 4 0
0 4 10 5 0
0 4 10 6 0
0 4 10 7 0
0 4 10 8 0
0 4 10 9 0
0 4 10 10 0
0 4 10 11 0
0 4 10 12 0
0 4 10 13 0
0 4 10 14 0
0 4 10 15 0
0 4 11 0 0
0 4 11 1 0
0 4 11 2 0
0 4 11 3 0
0 4 11 4 -0.01182810517969271
0 4 11 5 0
0 4 11 6 0
0 4 11 7 0
0 4 11 8 0
0 4 11 9 0
0 4 11 10 0
0 4 11 11 0
0 4 11 12 0
0 4 11 13 0
0 4 11 14 0
0 4 11 15 0
0 4 12 0 0
0 4 12 1 0
0 4 12 2 0
0 4 12 3 0
0 4 12 4 0
0 4 12 5 0
0 4 12 6 0
0 4 12 7 0
0 4 12 8 0
0 4 12 9 0
0 4 12 10 0
0 4 12 11 0
0 4 12 12 0
0 4 12 13 0
0 4 12 14 0
0 4 12 15 0
0 4 13 0 0
0 4 13 1 0
0 4 13 2 0
0 4 13 3 0
0 4 13 4 0
0 4 13 5 0
0 4 13 6 0
0 4 13 7 0
0 4 13 8 0
0 4 13 9 0
0 4 13 10 0
0 4 13 11 0
0 4 13 12 0
0 4 13 13 0
0 4 13 14 0
0 4 13 15 0
0 4 14 0 0
0 4 14 1 0
0 4 14 2 0
0 4 14 3 0
0 4 14 4 0
0 4 14 5 0
0 4 14 6 0
0 4 14 7 0
0 4 14 8 0
0 4 14 9 0
0 4 14 10 0
0 4 14 11 0
0 4 14 12 0
0 4 14 13 0
0 4 14 14 0
0 4 14 15 0
0 4 15 0 0
0 4 15 1 0
0 4 15 2 0
0 4 15 3 0
0 4 15 4 0
0 4 15 5 0
0 4 15 6 0
0 4 15 7 0
0 4 15 8 0
0 4 15 9 0
0 4 15 10 0
0 4 15 11 0
0 4 15 12 0
0 4 15 13 0
0 4 15 14 0
0 4 15 15 0
0 5 0 0 0
0 5 0 1 0
0 5 0 2 0
0 5 0 3 0
0 5 0 4 0
0 5 0 5 1.988540290506537
0 5 0 6 0
0 5 0 7 0
0 5 0 8 0
0 5 0 9 0
0 5 0 10 0
0 5 0 11 0
0 5 0 12 0.09122565652078567
0 5 0 13 0
0 5 0 14 0
0 5 0 15 0
0 5 1 0 0
0 5 1 1 0
0 5 1 2 0
0 5 1 3 0
0 5 1 4 0
0 5 1 5 0
0 5 1 6 0
0 5 1 7 0
0 5 1 8 0
0 5 1 9 0
0 5 1 10 0
0 5 1 11 0
0 5 1 12 0
0 5 1 13 0
0 5 1 14 0
0 5 1 15 0
0 5 2 0 0
0 5 2 1 0
0 5 2 2 0
0 5 2 3 0
0 5 2 4 0
0 5 2 5 -0.0002351219134159289
0 5 2 6 0
0 5 2 7 0
0 5 2 8 0
0 5 2 9 0
0 5 2 10 0
0 5 2 11 0
0 5 2 12 0
0 5 2 13 0
0 5 2 14 0
0 5 2 15 0
0 5 3 0 0
0 5 3 1 0
0 5 3 2 0
0 5 3 3 0
0 5 3 4 0
0 5 3 5 0
0 5 3 6 0
0 5 3 7 0
0 5 3 8 0
0 5 3 9 0
0 5 3 10 0
0 5 3 11 0
0 5 3 12 0
0 5 3 13 0
0 5 3 14 0
0 5 3 15 0
0 5 4 0 0
0 5 4 1 0
0 5 4 2 0
0 5 4 3 0
0 5 4 4 0
0 5 4 5 0
0 5 4 6 0
0 5 4 7 0
0 5 4 8 0
0 5 4 9 0
0 5 4 10 0
0 5 4 11 0
0 5 4 12 0
0 5 4 13 0
0 5 4 14 0
0 5 4 15 0
0 5 5 0 -0.9943054454679796
0 5 5 1 0
0 5 5 2 3.037491641292474e-06
0 5 5 3 0
0 5 5 4 0
0 5 5 5 0
0 5 5 6 0
0 5 5 7 0
0 5 5 8 0
0 5 5 9 0
0 5 5 10 0
0 5 5 11 -0.002403047891749956
0 5 5 12 0
0 5 5 13 0
0 5 5 14 0
0 5 5 15 0
0 5 6 0 0
0 5 6 1 0
0 5 6 2 0
0 5 6 3 0
0 5 6 4 0
0 5 6 5 0
0 5 6 6 0
0 5 6 7 0
0 5 6 8 0
0 5 6 9 0
0 5 6 10 0
0 5 6 11 0
0 5 6 12 0
0 5 6 13 0
0 5 6 14 0
0 5 6 15 0
0 5 7 0 0
0 5 7 1 0
0 5 7 2 0
0 5 7 3 0
0 5 7 4 0
0 5 7 5 0
0 5 7 6 0
0 5 7 7 0
0 5 7 8 0
0 5 7 9 0
0 5 7 10 0
0 5 7 11 0
0 5 7 12 0
0 5 7 13 0
0 5 7 14 0
0 5 7 15 0
0 5 8 0 0
0 5 8 1 0
0 5 8 2 0
0 5 8 3 0
0 5 8 4 0
0 5 8 5 0
0 5 8 6 0
0 5 8 7 0
0 5 8 8 0
0 5 8 9 0
0 5 8 10 0
0 5 8 11 0
0 5 8 12 0
0 5 8 13 0
0 5 8 14 0
0 5 8 15 0
0 5 9 0 0
0 5 9 1 0
0 5 9 2 0
0 5 9 3 0
0 5 9 4 0
0 5 9 5 0
0 5 9 6 0
0 5 9 7 0
0 5 9 8 0
0 5 9 9 0
0 5 9 10 0
0 5 9 11 0
0 5 9 12 0
0 5 9 13 0
0 5 9 14 0
0 5 9 15 0
0 5 10 0 0
0 5 10 1 0
0 5 10 2 0
0 5 10 3 0
0 5 10 4 0
0 5 10 5 0
0 5 10 6 0
0 5 10 7 0
0 5 10 8 0
0 5 10 9 0
0 5 10 10 0
0 5 10 11 0
0 5 10 12 0
0 5 10 13 0
0 5 10 14 0
0 5 10 15 0
0 5 11 0 0
0 5 11 1 0
0 5 11 2 0
0 5 11 3 0
0 5 11 4 0
0 5 11 5 -0.01182810517969271
0 5 11 6 0
0 5 11 7 0
0 5 11 8 0
0 5 11 9 0
0 5 11 10 0
0 5 11 11 0
0 5 11 12 0
0 5 11 13 0
0 5 11 14 0
0 5 11 15 0
0 5 12 0 -0.04561282826039283
0 5 12 1 0
0 5 12 2 0
0 5 12 3 0
0 5 12 4 0
0 5 12 5 0
0 5 12 6 0
0 5 12 7 0
0 5 12 8 0
0 5 12 9 0
0 5 12 10 0
0 5 12 11 0
0 5 12 12 0
0 5 12 13 0
0 5 12 14 0
0 5 12 15 0
0 5 13 0 0
0 5 13 1 0
0 5 13 2 0
0 5 13 3 0
0 5 13 4 0
0 5 13 5 0
0 5 13 6 0
0 5 13 7 0
0 5 13 8 0
0 5 13 9 0
0 5 13 10 0
0 5 13 11 0
0 5 13 12 0
0 5 13 13 0
0 5 13 14 0
0 5 13 15 0
0 5 14 0 0
0 5 14 1 0
0 5 14 2 0
0 5 14 3 0
0 5 14 4 0
0 5 14 5 0
0 5 14 6 0
0 5 14 7 0
0 5 14 8 0
0 5 14 9 0
0 5 14 10 0
0 5 14 11 0
0 5 14 12 0
0 5 14 13 0
0 5 14 14 0
0 5 14 15 0
0 5 15 0 0
0 5 15 1 0
0 5 15 2 0
0 5 15 3 0
0 5 15 4 0
0 5 15 5 0
0 5 15 6 0
0 5 15 7 0
0 5 15 8 0
0 5 15 9 0
0 5 15 10 0
0 5 15 11 0
0 5 15 12 0
0 5 15 13 0
0 5 15 14 0
0 5 15 15 0
0 6 0 0 0
0 6 0 1 0
0 6 0 2 0
0 6 0 3 0
0 6 0 4 0
0 6 0 5 0
0 6 0 6 1.950770744406493
0 6 0 7 0
0 6 0 8 0
0 6 0 9 0
0 6 0 10 0
0 6 0 11 0
0 6 0 12 0
0 6 0 13 0.09271932556327038
0 6 0 14 0
0 6 0 15 0
0 6 1 0 0
0 6 1 1 0
0 6 1 2 0
0 6 1 3 0
0 6 1 4 0
0 6 1 5 0
0 6 1 6 0
0 6 1 7 0
0 6 1 8 0
0 6 1 9 0
0 6 1 10 0
0 6 1 11 0
0 6 1 12 0
0 6 1 13 0
0 6 1 14 0
0 6 1 15 0
0 6 2 0 0
0 6 2 1 0
0 6 2 2 0
0 6 2 3 0
0 6 2 4 0
0 6 2 5 0
0 6 2 6 -0.0002351219134159289
0 6 2 7 0
0 6 2 8 0
0 6 2 9 0
0 6 2 10 0
0 6 2 11 0
0 6 2 12 0
0 6 2 13 0
0 6 2 14 0
0 6 2 15 0
0 6 3 0 0
0 6 3 1 0
0 6 3 2 0
0 6 3 3 0
0 6 3 4 0
0 6 3 5 0
0 6 3 6 0
0 6 3 7 0
0 6 3 8 0
0 6 3 9 0
0 6 3 10 0
0 6 3 11 0
0 6 3 12 0
0 6 3 13 0
0 6 3 14 0
0 6 3 15 0
0 6 4 0 0
0 6 4 1 0
0 6 4 2 0
0 6 4 3 0
0 6 4 4 0
0 6 4 5 0
0 6 4 6 0
0 6 4 7 0
0 6 4 8 0
0 6 4 9 0
0 6 4 10 0
0 6 4 11 0
0 6 4 12 0
0 6 4 13 0
0 6 4 14 0
0 6 4 15 0
0 6 5 0 0
0 6 5 1 0
0 6 5 2 0
0 6 5 3 0
0 6 5 4 0
0 6 5 5 0
0 6 5 6 0
0 6 5 7 0
0 6 5 8 0
0 6 5 9 0
0 6 5 10 0
0 6 5 11 0
0 6 5 12 0
0 6 5 13 0
0 6 5 14 0
0 6 5 15 0
0 6 6 0 -0.9754206778963609
0 6 6 1 0
0 6 6 2 2.624881862862689e-07
0 6 6 3 0
0 6 6 4 0
0 6 6 5 0
0 6 6 6 0
0 6 6 7 0
0 6 6 8 0
0 6 6 9 0
0 6 6 10 0
0 6 6 11 -0.002377447393102956
0 6 6 12 0
0 6 6 13 0
0 6 6 14 0
0 6 6 15 0
0 6 7 0 0
0 6 7 1 0
0 6 7 2 0
0 6 7 3 0
0 6 7 4 0
0 6 7 5 0
0 6 7 6 0
0 6 7 7 0
0 6 7 8 0
0 6 7 9 0
0 6 7 10 0
0 6 7 11 0
0 6 7 12 0
0 6 7 13 0
0 6 7 14 0
0 6 7 15 0
0 6 8 0 0
0 6 8 1 0
0 6 8 2 0
0 6 8 3 0
0 6 8 4 0
0 6 8 5 0
0 6 8 6 0
0 6 8 7 0
0 6 8 8 0
0 6 8 9 0
0 6 8 10 0
0 6 8 11 0
0 6 8 12 0
0 6 8 13 0
0 6 8 14 0
0 6 8 15 0
0 6 9 0 0
0 6 9 1 0
0 6 9 2 0
0 6 9 3 0
0 6 9 4 0
0 6 9 5 0
0 6 9 6 0
0 6 9 7 0
0 6 9 8 0
0 6 9 9 0
0 6 9 10 0
0 6 9 11 0
0 6 9 12 0
0 6 9 13 0
0 6 9 14 0
0 6 9 15 0
0 6 10 0 0
0 6 10 1 0
0 6 10 2 0
0 6 10 3 0
0 6 10 4 0
0 6 10 5 0
0 6 10 6 0
0 6 10 7 0
0 6 10 8 0
0 6 10 9 0
0 6 10 10 0
0 6 10 11 0
0 6 10 12 0
0 6 10 13 0
0 6 10 14 0
0 6 10 15 0
0 6 11 0 0
0 6 11 1 0
0 6 11 2 0
0 6 11 3 0
0 6 11 4 0
0 6 11 5 0
0 6 11 6 -0.01182810517969271
0 6 11 7 0
0 6 11 8 0
0 6 11 9 0
0 6 11 10 0
0 6 11 11 0
0 6 11 12 0
0 6 11 13 0
0 6 11 14 0
0 6 11 15 0
0 6 12 0 0
0 6 12 1 0
0 6 12 2 0
0 6 12 3 0
0 6 12 4 0
0 6 12 5 0
0 6 12 6 0
0 6 12 7 0
0 6 12 8 0
0 6 12 9 0
0 6 12 10 0
0 6 12 11 0
0 6 12 12 0
0 6 12 13 0
0 6 12 14 0
0 6 12 15 0
0 6 13 0 -0.04635966278163519
0 6 13 1 0
0 6 13 2 0
0 6 13 3 0
0 6 13 4 0
0 6 13 5 0
0 6 13 6 0
0 6 13 7 0
0 6 13 8 0
0 6 13 9 0
0 6 13 10 0
0 6 13 11 0
0 6 13 12 0
0 6 13 13 0
0 6 13 14 0
0 6 13 15 0
0 6 14 0 0
0 6 14 1 0
0 6 14 2 0
0 6 14 3 0
0 6 14 4 0
0 6 14 5 0
0 6 14 6 0
0 6 14 7 0
0 6 14 8 0
0 6 14 9 0
0 6 14 10 0
0 6 14 11 0
0 6 14 12 0
0 6 14 13 0
0 6 14 14 0
0 6 14 15 0
0 6 15 0 0
0 6 15 1 0
0 6 15 2 0
0 6 15 3 0
0 6 15 4 0
0 6 15 5 0
0 6 15 6 0
0 6 15 7 0
0 6 15 8 0
0 6 15 9 0
0 6 15 10 0
0 6 15 11 0
0 6 15 12 0
0 6 15 13 0
0 6 15 14 0
0 6 15 15 0
0 7 0 0 0
0 7 0 1 0
0 7 0 2 0
0 7 0 3 0
0 7 0 4 0
0 7 0 5 0
0 7 0 6 0
0 7 0 7 0.8474438267835991
0 7 0 8 0
0 7 0 9 0
0 7 0 10 0
0 7 0 11 0
0 7 0 12 0
0 7 0 13 0
0 7 0 14 0
0 7 0 15 0
0 7 1 0 0
0 7 1 1 0
0 7 1 2 0
0 7 1 3 0
0 7 1 4 0
0 7 1 5 0
0 7 1 6 0
0 7 1 7 0
0 7 1 8 0
0 7 1 9 0
0 7 1 10 0
0 7 1 11 0
0 7 1 12 0
0 7 1 13 0
0 7 1 14 0
0 7 1 15 0
0 7 2 0 0
0 7 2 1 0
0 7 2 2 0
0 7 2 3 0
0 7 2 4 0
0 7 2 5 0
0 7 2 6 0
0 7 2 7 0
0 7 2 8 0
0 7 2 9 0
0 7 2 10 0
0 7 2 11 0
0 7 2 12 0
0 7 2 13 0
0 7 2 14 0
0 7 2 15 0
0 7 3 0 0
0 7 3 1 0
0 7 3 2 0
0 7 3 3 0
0 7 3 4 0
0 7 3 5 0
0 7 3 6 0
0 7 3 7 0
0 7 3 8 0
0 7 3 9 0
0 7 3 10 0
0 7 3 11 0
0 7 3 12 0
0 7 3 13 0
0 7 3 14 0
0 7 3 15 0
0 7 4 0 0
0 7 4 1 0
0 7 4 2 0
0 7 4 3 0
0 7 4 4 0
0 7 4 5 0
0 7 4 6 0
0 7 4 7 0
0 7 4 8 0
0 7 4 9 0
0 7 4 10 0
0 7 4 11 0
0 7 4 12 0
0 7 4 13 0
0 7 4 14 0
0 7 4 15 0
0 7 5 0 0
0 7 5 1 0
0 7 5 2 0
0 7 5 3 0
0 7 5 4 0
0 7 5 5 0
0 7 5 6 0
0 7 5 7 0
0 7 5 8 0
0 7 5 9 0
0 7 5 10 0
0 7 5 11 0
0 7 5 12 0
0 7 5 13 0
0 7 5 14 0
0 7 5 15 0
0 7 6 0 0
0 7 6 1 0
0 7 6 2 0
0 7 6 3 0
0 7 6 4 0
0 7 6 5 0
0 7 6 6 0
0 7 6 7 0
0 7 6 8 0
0 7 6 9 0
0 7 6 10 0
0 7 6 11 0
0 7 6 12 0
0 7 6 13 0
0 7 6 14 0
0 7 6 15 0
0 7 7 0 -0.4237219133917996
0 7 7 1 0
0 7 7 2 0
0 7 7 3 0
0 7 7 4 0
0 7 7 5 0
0 7 7 6 0
0 7 7 7 0
0 7 7 8 0
0 7 7 9 0
0 7 7 10 0
0 7 7 11 0.002041814755340335
0 7 7 12 0
0 7 7 13 0
0 7 7 14 0
0 7 7 15 0
0 7 8 0 0
0 7 8 1 0
0 7 8 2 0
0 7 8 3 0
0 7 8 4 0
0 7 8 5 0
0 7 8 6 0
0 7 8 7 0
0 7 8 8 0
0 7 8 9 0
0 7 8 10 0
0 7 8 11 0
0 7 8 12 0
0 7 8 13 0
0 7 8 14 0
0 7 8 15 0
0 7 9 0 0
0 7 9 1 0
0 7 9 2 0
0 7 9 3 0
0 7 9 4 0
0 7 9 5 0
0 7 9 6 0
0 7 9 7 0
0 7 9 8 0
0 7 9 9 0
0 7 9 10 0
0 7 9 11 0
0 7 9 12 0
0 7 9 13 0
0 7 9 14 0
0 7 9 15 0
0 7 10 0 0
0 7 10 1 0
0 7 10 2 0
0 7 10 3 0
0 7 10 4 0
0 7 10 5 0
0 7 10 6 0
0 7 10 7 0
0 7 10 8 0
0 7 10 9 0
0 7 10 10 0
0 7 10 11 0
0 7 10 12 0
0 7 10 13 0
0 7 10 14 0
0 7 10 15 0
0 7 11 0 0
0 7 11 1 0
0 7 11 2 0
0 7 11 3 0
0 7 11 4 0
0 7 11 5 0
0 7 11 6 0
0 7 11 7 -0.00408362951068067
0 7 11 8 0
0 7 11 9 0
0 7 11 10 0
0 7 11 11 0
0 7 11 12 0
0 7 11 13 0
0 7 11 14 0
0 7 11 15 0
0 7 12 0 0
0 7 12 1 0
0 7 12 2 0
0 7 12 3 0
0 7 12 4 0
0 7 12 5 0
0 7 12 6 0
0 7 12 7 0
0 7 12 8 0
0 7 12 9 0
0 7 12 10 0
0 7 12 11 0
0 7 12 12 0
0 7 12 13 0
0 7 12 14 0
0 7 12 15 0
0 7 13 0 0
0 7 13 1 0
0 7 13 2 0
0 7 13 3 0
0 7 13 4 0
0 7 13 5 0
0 7 13 6 0
0 7 13 7 0
0 7 13 8 0
0 7 13 9 0
0 7 13 10 0
0 7 13 11 0
0 7 13 12 0
0 7 13 13 0
0 7 13 14 0
0 7 13 15 0
0 7 14 0 0
0 7 14 1 0
0 7 14 2 0
0 7 14 3 0
0 7 14 4 0
0 7 14 5 0
0 7 14 6 0
0 7 14 7 0
0 7 14 8 0
0 7 14 9 0
0 7 14 10 0
0 7 14 11 0
0 7 14 12 0
0 7 14 13 0
0 7 14 14 0
0 7 14 15 0
0 7 15 0 0
0 7 15 1 0
0 7 15 2 0
0 7 15 3 0
0 7 15 4 0
0 7 15 5 0
0 7 15 6 0
0 7 15 7 0
0 7 15 8 0
0 7 15 9 0
0 7 15 10 0
0 7 15 11 0
0 7 15 12 0
0 7 15 13 0
0 7 15 14 0
0 7 15 15 0
0 8 0 0 0
0 8 0 1 0
0 8 0 2 0
0 8 0 3 0.0975393325961281
0 8 0 4 0
0 8 0 5 0
0 8 0 6 0
0 8 0 7 0
0 8 0 8 0.006771596185821046
0 8 0 9 0
0 8 0 10 0
0 8 0 11 0
0 8 0 12 0
0 8 0 13 0
0 8 0 14 0
0 8 0 15 0
0 8 1 0 0
0 8 1 1 0
0 8 1 2 0
0 8 1 3 0
0 8 1 4 0
0 8 1 5 0
0 8 1 6 0
0 8 1 7 0
0 8 1 8 0
0 8 1 9 0
0 8 1 10 0
0 8 1 11 0
0 8 1 12 0
0 8 1 13 0
0 8 1 14 0
0 8 1 15 0
0 8 2 0 0
0 8 2 1 0
0 8 2 2 0
0 8 2 3 0
0 8 2 4 0
0 8 2 5 0
0 8 2 6 0
0 8 2 7 0
0 8 2 8 0
0 8 2 9 0
0 8 2 10 0
0 8 2 11 0
0 8 2 12 0
0 8 2 13 0
0 8 2 14 0
0 8 2 15 0
0 8 3 0 -0.04876966629806405
0 8 3 1 0
0 8 3 2 0
0 8 3 3 0
0 8 3 4 0
0 8 3 5 0
0 8 3 6 0
0 8 3 7 0
0 8 3 8 0
0 8 3 9 0
0 8 3 10 0
0 8 3 11 -3.326374928355692e-05
0 8 3 12 0
0 8 3 13 0
0 8 3 14 0
0 8 3 15 0
0 8 4 0 0
0 8 4 1 0
0 8 4 2 0
0 8 4 3 0
0 8 4 4 0
0 8 4 5 0
0 8 4 6 0
0 8 4 7 0
0 8 4 8 0
0 8 4 9 0
0 8 4 10 0
0 8 4 11 0
0 8 4 12 0
0 8 4 13 0
0 8 4 14 0
0 8 4 15 0
0 8 5 0 0
0 8 5 1 0
0 8 5 2 0
0 8 5 3 0
0 8 5 4 0
0 8 5 5 0
0 8 5 6 0
0 8 5 7 0
0 8 5 8 0
0 8 5 9 0
0 8 5 10 0
0 8 5 11 0
0 8 5 12 0
0 8 5 13 0
0 8 5 14 0
0 8 5 15 0
0 8 6 0 0
0 8 6 1 0
0 8 6 2 0
0 8 6 3 0
0 8 6 4 0
0 8 6 5 0
0 8 6 6 0
0 8 6 7 0
0 8 6 8 0
0 8 6 9 0
0 8 6 10 0
0 8 6 11 0
0 8 6 12 0
0 8 6 13 0
0 8 6 14 0
0 8 6 15 0
0 8 7 0 0
0 8 7 1 0
0 8 7 2 0
0 8 7 3 0
0 8 7 4 0
0 8 7 5 0
0 8 7 6 0
0 8 7 7 0
0 8 7 8 0
0 8 7 9 0
0 8 7 10 0
0 8 7 11 0
0 8 7 12 0
0 8 7 13 0
0 8 7 14 0
0 8 7 15 0
0 8 8 0 -0.003385798092910523
0 8 8 1 0
0 8 8 2 0
0 8 8 3 0
0 8 8 4 0
0 8 8 5 0
0 8 8 6 0
0 8 8 7 0
0 8 8 8 0
0 8 8 9 0
0 8 8 10 0
0 8 8 11 0
0 8 8 12 0
0 8 8 13 0
0 8 8 14 0
0 8 8 15 0
0 8 9 0 0
0 8 9 1 0
0 8 9 2 0
0 8 9 3 0
0 8 9 4 0
0 8 9 5 0
0 8 9 6 0
0 8 9 7 0
0 8 9 8 0
0 8 9 9 0
0 8 9 10 0
0 8 9 11 0
0 8 9 12 0
0 8 9 13 0
0 8 9 14 0
0 8 9 15 0
0 8 10 0 0
0 8 10 1 0
0 8 10 2 0
0 8 10 3 0
0 8 10 4 0
0 8 10 5 0
0 8 10 6 0
0 8 10 7 0
0 8 10 8 0
0 8 10 9 0
0 8 10 10 0
0 8 10 11 0
0 8 10 12 0
0 8 10 13 0
0 8 10 14 0
0 8 10 15 0
0 8 11 0 0
0 8 11 1 0
0 8 11 2 0
0 8 11 3 -0.0006623327401179169
0 8 11 4 0
0 8 11 5 0
0 8 11 6 0
0 8 11 7 0
0 8 11 8 0
0 8 11 9 0
0 8 11 10 0
0 8 11 11 0
0 8 11 12 0
0 8 11 13 0
0 8 11 14 0
0 8 11 15 0
0 8 12 0 0
0 8 12 1 0
0 8 12 2 0
0 8 12 3 0
0 8 12 4 0
0 8 12 5 0
0 8 12 6 0
0 8 12 7 0
0 8 12 8 0
0 8 12 9 0
0 8 12 10 0
0 8 12 11 0
0 8 12 12 0
0 8 12 13 0
0 8 12 14 0
0 8 12 15 0
0 8 13 0 0
0 8 13 1 0
0 8 13 2 0
0 8 13 3 0
0 8 13 4 0
0 8 13 5 0
0 8 13 6 0
0 8 13 7 0
0 8 13 8 0
0 8 13 9 0
0 8 13 10 0
0 8 13 11 0
0 8 13 12 0
0 8 13 13 0
0 8 13 14 0
0 8 13 15 0
0 8 14 0 0
0 8 14 1 0
0 8 14 2 0
0 8 14 3 0
0 8 14 4 0
0 8 14 5 0
0 8 14 6 0
0 8 14 7 0
0 8 14 8 0
0 8 14 9 0
0 8 14 10 0
0 8 14 11 0
0 8 14 12 0
0 8 14 13 0
0 8 14 14 0
0 8 14 15 0
0 8 15 0 0
0 8 15 1 0
0 8 15 2 0
0 8 15 3 0
0 8 15 4 0
0 8 15 5 0
0 8 15 6 0
0 8 15 7 0
0 8 15 8 0
0 8 15 9 0
0 8 15 10 0
0 8 15 11 0
0 8 15 12 0
0 8 15 13 0
0 8 15 14 0
0 8 15 15 0
0 9 0 0 0
0 9 0 1 0
0 9 0 2 0
0 9 0 3 0
0 9 0 4 0.09558076065317658
0 9 0 5 0
0 9 0 6 0
0 9 0 7 0
0 9 0 8 0
0 9 0 9 0.006554475238909284
0 9 0 10 0
0 9 0 11 0
0 9 0 12 0
0 9 0 13 0
0 9 0 14 0
0 9 0 15 0
0 9 1 0 0
0 9 1 1 0
0 9 1 2 0
0 9 1 3 0
0 9 1 4 0
0 9 1 5 0
0 9 1 6 0
0 9 1 7 0
0 9 1 8 0
0 9 1 9 0
0 9 1 10 0
0 9 1 11 0
0 9 1 12 0
0 9 1 13 0
0 9 1 14 0
0 9 1 15 0
0 9 2 0 0
0 9 2 1 0
0 9 2 2 0
0 9 2 3 0
0 9 2 4 0
0 9 2 5 0
0 9 2 6 0
0 9 2 7 0
0 9 2 8 0
0 9 2 9 0
0 9 2 10 0
0 9 2 11 0
0 9 2 12 0
0 9 2 13 0
0 9 2 14 0
0 9 2 15 0
0 9 3 0 0
0 9 3 1 0
0 9 3 2 0
0 9 3 3 0
0 9 3 4 0
0 9 3 5 0
0 9 3 6 0
0 9 3 7 0
0 9 3 8 0
0 9 3 9 0
0 9 3 10 0
0 9 3 11 0
0 9 3 12 0
0 9 3 13 0
0 9 3 14 0
0 9 3 15 0
0 9 4 0 -0.04779038032658829
0 9 4 1 0
0 9 4 2 0
0 9 4 3 0
0 9 4 4 0
0 9 4 5 0
0 9 4 6 0
0 9 4 7 0
0 9 4 8 0
0 9 4 9 0
0 9 4 10 0
0 9 4 11 -3.444422734696391e-05
0 9 4 12 0
0 9 4 13 0
0 9 4 14 0
0 9 4 15 0
0 9 5 0 0
0 9 5 1 0
0 9 5 2 0
0 9 5 3 0
0 9 5 4 0
0 9 5 5 0
0 9 5 6 0
0 9 5 7 0
0 9 5 8 0
0 9 5 9 0
0 9 5 10 0
0 9 5 11 0
0 9 5 12 0
0 9 5 13 0
0 9 5 14 0
0 9 5 15 0
0 9 6 0 0
0 9 6 1 0
0 9 6 2 0
0 9 6 3 0
0 9 6 4 0
0 9 6 5 0
0 9 6 6 0
0 9 6 7 0
0 9 6 8 0
0 9 6 9 0
0 9 6 10 0
0 9 6 11 0
0 9 6 12 0
0 9 6 13 0
0 9 6 14 0
0 9 6 15 0
0 9 7 0 0
0 9 7 1 0
0 9 7 2 0
0 9 7 3 0
0 9 7 4 0
0 9 7 5 0
0 9 7 6 0
0 9 7 7 0
0 9 7 8 0
0 9 7 9 0
0 9 7 10 0
0 9 7 11 0
0 9 7 12 0
0 9 7 13 0
0 9 7 14 0
0 9 7 15 0
0 9 8 0 0
0 9 8 1 0
0 9 8 2 0
0 9 8 3 0
0 9 8 4 0
0 9 8 5 0
0 9 8 6 0
0 9 8 7 0
0 9 8 8 0
0 9 8 9 0
0 9 8 10 0
0 9 8 11 0
0 9 8 12 0
0 9 8 13 0
0 9 8 14 0
0 9 8 15 0
0 9 9 0 -0.003277237619454642
0 9 9 1 0
0 9 9 2 0
0 9 9 3 0
0 9 9 4 0
0 9 9 5 0
0 9 9 6 0
0 9 9 7 0
0 9 9 8 0
0 9 9 9 0
0 9 9 10 0
0 9 9 11 0
0 9 9 12 0
0 9 9 13 0
0 9 9 14 0
0 9 9 15 0
0 9 10 0 0
0 9 10 1 0
0 9 10 2 0
0 9 10 3 0
0 9 10 4 0
0 9 10 5 0
0 9 10 6 0
0 9 10 7 0
0 9 10 8 0
0 9 10 9 0
0 9 10 10 0
0 9 10 11 0
0 9 10 12 0
0 9 10 13 0
0 9 10 14 0
0 9 10 15 0
0 9 11 0 0
0 9 11 1 0
0 9 11 2 0
0 9 11 3 0
0 9 11 4 -0.0006490352050979361
0 9 11 5 0
0 9 11 6 0
0 9 11 7 0
0 9 11 8 0
0 9 11 9 0
0 9 11 10 0
0 9 11 11 0
0 9 11 12 0
0 9 11 13 0
0 9 11 14 0
0 9 11 15 0
0 9 12 0 0
0 9 12 1 0
0 9 12 2 0
0 9 12 3 0
0 9 12 4 0
0 9 12 5 0
0 9 12 6 0
0 9 12 7 0
0 9 12 8 0
0 9 12 9 0
0 9 12 10 0
0 9 12 11 0
0 9 12 12 0
0 9 12 13 0
0 9 12 14 0
0 9 12 15 0
0 9 13 0 0
0 9 13 1 0
0 9 13 2 0
0 9 13 3 0
0 9 13 4 0
0 9 13 5 0
0 9 13 6 0
0 9 13 7 0
0 9 13 8 0
0 9 13 9 0
0 9 13 10 0
0 9 13 11 0
0 9 13 12 0
0 9 13 13 0
0 9 13 14 0
0 9 13 15 0
0 9 14 0 0
0 9 14 1 0
0 9 14 2 0
0 9 14 3 0
0 9 14 4 0
0 9 14 5 0
0 9 14 6 0
0 9 14 7 0
0 9 14 8 0
0 9 14 9 0
0 9 14 10 0
0 9 14 11 0
0 9 14 12 0
0 9 14 13 0
0 9 14 14 0
0 9 14 15 0
0 9 15 0 0
0 9 15 1 0
0 9 15 2 0
0 9 15 3 0
0 9 15 4 0
0 9 15 5 0
0 9 15 6 0
0 9 15 7 0
0 9 15 8 0
0 9 15 9 0
0 9 15 10 0
0 9 15 11 0
0 9 15 12 0
0 9 15 13 0
0 9 15 14 0
0 9 15 15 0
0 10 0 0 0
0 10 0 1 0
0 10 0 2 0
0 10 0 3 0
0 10 0 4 0
0 10 0 5 0
0 10 0 6 0
0 10 0 7 0
0 10 0 8 0
0 10 0 9 0
0 10 0 10 0
0 10 0 11 0
0 10 0 12 0
0 10 0 13 0
0 10 0 14 0
0 10 0 15 0
0 10 1 0 0
0 10 1 1 0
0 10 1 2 0
0 10 1 3 0
0 10 1 4 0
0 10 1 5 0
0 10 1 6 0
0 10 1 7 0
0 10 1 8 0
0 10 1 9 0
0 10 1 10 0
0 10 1 11 0
0 10 1 12 0
0 10 1 13 0
0 10 1 14 0
0 10 1 15 0
0 10 2 0 0
0 10 2 1 0
0 10 2 2 0
0 10 2 3 0
0 10 2 4 0
0 10 2 5 0
0 10 2 6 0
0 10 2 7 0
0 10 2 8 0
0 10 2 9 0
0 10 2 10 0
0 10 2 11 0
0 10 2 12 0
0 10 2 13 0
0 10 2 14 0
0 10 2 15 0
0 10 3 0 0
0 10 3 1 0
0 10 3 2 0
0 10 3 3 0
0 10 3 4 0
0 10 3 5 0
0 10 3 6 0
0 10 3 7 0
0 10 3 8 0
0 10 3 9 0
0 10 3 10 0
0 10 3 11 0
0 10 3 12 0
0 10 3 13 0
0 10 3 14 0
0 10 3 15 0
0 10 4 0 0
0 10 4 1 0
0 10 4 2 0
0 10 4 3 0
0 10 4 4 0
0 10 4 5 0
0 10 4 6 0
0 10 4 7 0
0 10 4 8 0
0 10 4 9 0
0 10 4 10 0
0 10 4 11 0
0 10 4 12 0
0 10 4 13 0
0 10 4 14 0
0 10 4 15 0
0 10 5 0 0
0 10 5 1 0
0 10 5 2 0
0 10 5 3 0
0 10 5 4 0
0 10 5 5 0
0 10 5 6 0
0 10 5 7 0
0 10 5 8 0
0 10 5 9 0
0 10 5 10 0
0 10 5 11 0
0 10 5 12 0
0 10 5 13 0
0 10 5 14 0
0 10 5 15 0
0 10 6 0 0
0 10 6 1 0
0 10 6 2 0
0 10 6 3 0
0 10 6 4 0
0 10 6 5 0
0 10 6 6 0
0 10 6 7 0
0 10 6 8 0
0 10 6 9 0
0 10 6 10 0
0 10 6 11 0
0 10 6 12 0
0 10 6 13 0
0 10 6 14 0
0 10 6 15 0
0 10 7 0 0
0 10 7 1 0
0 10 7 2 0
0 10 7 3 0
0 10 7 4 0
0 10 7 5 0
0 10 7 6 0
0 10 7 7 0
0 10 7 8 0
0 10 7 9 0
0 10 7 10 0
0 10 7 11 0
0 10 7 12 0
0 10 7 13 0
0 10 7 14 0
0 10 7 15 0
0 10 8 0 0
0 10 8 1 0
0 10 8 2 0
0 10 8 3 0
0 10 8 4 0
0 10 8 5 0
0 10 8 6 0
0 10 8 7 0
0 10 8 8 0
0 10 8 9 0
0 10 8 10 0
0 10 8 11 0
0 10 8 12 0
0 10 8 13 0
0 10 8 14 0
0 10 8 15 0
0 10 9 0 0
0 10 9 1 0
0 10 9 2 0
0 10 9 3 0
0 10 9 4 0
0 10 9 5 0
0 10 9 6 0
0 10 9 7 0
0 10 9 8 0
0 10 9 9 0
0 10 9 10 0
0 10 9 11 0
0 10 9 12 0
0 10 9 13 0
0 10 9 14 0
0 10 9 15 0
0 10 10 0 0
0 10 10 1 0
0 10 10 2 0
0 10 10 3 0
0 10 10 4 0
0 10 10 5 0
0 10 10 6 0
0 10 10 7 0
0 10 10 8 0
0 10 10 9 0
0 10 10 10 0
0 10 10 11 0
0 10 10 12 0
0 10 10 13 0
0 10 10 14 0
0 10 10 15 0
0 10 11 0 0
0 10 11 1 0
0 10 11 2 0
0 10 11 3 0
0 10 11 4 0
0 10 11 5 0
0 10 11 6 0
0 10 11 7 0
0 10 11 8 0
0 10 11 9 0
0 10 11 10 0
0 10 11 11 0
0 10 11 12 0
0 10 11 13 0
0 10 11 14 0
0 10 11 15 0
0 10 12 0 0
0 10 12 1 0
0 10 12 2 0
0 10 12 3 0
0 10 12 4 0
0 10 12 5 0
0 10 12 6 0
0 10 12 7 0
0 10 12 8 0
0 10 12 9 0
0 10 12 10 0
0 10 12 11 0
0 10 12 12 0
0 10 12 13 0
0 10 12 14 0
0 10 12 15 0
0 10 13 0 0
0 10 13 1 0
0 10 13 2 0
0 10 13 3 0
0 10 13 4 0
0 10 13 5 0
0 10 13 6 0
0 10 13 7 0
0 10 13 8 0
0 10 13 9 0
0 10 13 10 0
0 10 13 11 0
0 10 13 12 0
0 10 13 13 0
0 10 13 14 0
0 10 13 15 0
0 10 14 0 0
0 10 14 1 0
0 10 14 2 0
0 10 14 3 0
0 10 14 4 0
0 10 14 5 0
0 10 14 6 0
0 10 14 7 0
0 10 14 8 0
0 10 14 9 0
0 10 14 10 0
0 10 14 11 0
0 10 14 12 0
0 10 14 13 0
0 10 14 14 0
0 10 14 15 0
0 10 15 0 0
0 10 15 1 0
0 10 15 2 0
0 10 15 3 0
0 10 15 4 0
0 10 15 5 0
0 10 15 6 0
0 10 15 7 0
0 10 15 8 0
0 10 15 9 0
0 10 15 10 0
0 10 15 11 0
0 10 15 12 0
0 10 15 13 0
0 10 15 14 0
0 10 15 15 0
0 11 0 0 -0.01182810517969271
0 11 0 1 0
0 11 0 2 -0.0501415352582389
0 11 0 3 0
0 11 0 4 0
0 11 0 5 0
0 11 0 6 0
0 11 0 7 0
0 11 0 8 0
0 11 0 9 0
0 11 0 10 0
0 11 0 11 0.001215826874746031
0 11 0 12 0
0 11 0 13 0
0 11 0 14 -0.001218983783226884
0 11 0 15 0
0 11 1 0 0
0 11 1 1 0
0 11 1 2 0
0 11 1 3 0
0 11 1 4 0
0 11 1 5 0
0 11 1 6 0
0 11 1 7 0
0 11 1 8 0
0 11 1 9 0
0 11 1 10 0
0 11 1 11 0
0 11 1 12 0
0 11 1 13 0
0 11 1 14 0
0 11 1 15 0
0 11 2 0 0.02507076762911945
0 11 2 1 0
0 11 2 2 0
0 11 2 3 0
0 11 2 4 0
0 11 2 5 0
0 11 2 6 0
0 11 2 7 0
0 11 2 8 0
0 11 2 9 0
0 11 2 10 0
0 11 2 11 -0.0002351219134159289
0 11 2 12 0
0 11 2 13 0
0 11 2 14 0
0 11 2 15 0
0 11 3 0 0
0 11 3 1 0
0 11 3 2 0
0 11 3 3 0
0 11 3 4 0
0 11 3 5 0
0 11 3 6 0
0 11 3 7 0
0 11 3 8 0
0 11 3 9 0
0 11 3 10 0
0 11 3 11 0
0 11 3 12 0
0 11 3 13 0
0 11 3 14 0
0 11 3 15 0
0 11 4 0 0
0 11 4 1 0
0 11 4 2 0
0 11 4 3 0
0 11 4 4 0
0 11 4 5 0
0 11 4 6 0
0 11 4 7 0
0 11 4 8 0
0 11 4 9 0
0 11 4 10 0
0 11 4 11 0
0 11 4 12 0
0 11 4 13 0
0 11 4 14 0
0 11 4 15 0
0 11 5 0 0
0 11 5 1 0
0 11 5 2 0
0 11 5 3 0
0 11 5 4 0
0 11 5 5 0
0 11 5 6 0
0 11 5 7 0
0 11 5 8 0
0 11 5 9 0
0 11 5 10 0
0 11 5 11 0
0 11 5 12 0
0 11 5 13 0
0 11 5 14 0
0 11 5 15 0
0 11 6 0 0
0 11 6 1 0
0 11 6 2 0
0 11 6 3 0
0 11 6 4 0
0 11 6 5 0
0 11 6 6 0
0 11 6 7 0
0 11 6 8 0
0 11 6 9 0
0 11 6 10 0
0 11 6 11 0
0 11 6 12 0
0 11 6 13 0
0 11 6 14 0
0 11 6 15 0
0 11 7 0 0
0 11 7 1 0
0 11 7 2 0
0 11 7 3 0
0 11 7 4 0
0 11 7 5 0
0 11 7 6 0
0 11 7 7 0
0 11 7 8 0
0 11 7 9 0
0 11 7 10 0
0 11 7 11 0
0 11 7 12 0
0 11 7 13 0
0 11 7 14 0
0 11 7 15 0
0 11 8 0 0
0 11 8 1 0
0 11 8 2 0
0 11 8 3 0
0 11 8 4 0
0 11 8 5 0
0 11 8 6 0
0 11 8 7 0
0 11 8 8 0
0 11 8 9 0
0 11 8 10 0
0 11 8 11 0
0 11 8 12 0
0 11 8 13 0
0 11 8 14 0
0 11 8 15 0
0 11 9 0 0
0 11 9 1 0
0 11 9 2 0
0 11 9 3 0
0 11 9 4 0
0 11 9 5 0
0 11 9 6 0
0 11 9 7 0
0 11 9 8 0
0 11 9 9 0
0 11 9 10 0
0 11 9 11 0
0 11 9 12 0
0 11 9 13 0
0 11 9 14 0
0 11 9 15 0
0 11 10 0 0
0 11 10 1 0
0 11 10 2 0
0 11 10 3 0
0 11 10 4 0
0 11 10 5 0
0 11 10 6 0
0 11 10 7 0
0 11 10 8 0
0 11 10 9 0
0 11 10 10 0
0 11 10 11 0
0 11 10 12 0
0 11 10 13 0
0 11 10 14 0
0 11 10 15 0
0 11 11 0 -0.0005968365388956431
0 11 11 1 0
0 11 11 2 0.0003407235438945718
0 11 11 3 0
0 11 11 4 0
0 11 11 5 0
0 11 11 6 0
0 11 11 7 0
0 11 11 8 0
0 11 11 9 0
0 11 11 10 0
0 11 11 11 0
0 11 11 12 0
0 11 11 13 0
0 11 11 14 0
0 11 11 15 0
0 11 12 0 0
0 11 12 1 0
0 11 12 2 0
0 11 12 3 0
0 11 12 4 0
0 11 12 5 0
0 11 12 6 0
0 11 12 7 0
0 11 12 8 0
0 11 12 9 0
0 11 12 10 0
0 11 12 11 0
0 11 12 12 0
0 11 12 13 0
0 11 12 14 0
0 11 12 15 0
0 11 13 0 0
0 11 13 1 0
0 11 13 2 0
0 11 13 3 0
0 11 13 4 0
0 11 13 5 0
0 11 13 6 0
0 11 13 7 0
0 11 13 8 0
0 11 13 9 0
0 11 13 10 0
0 11 13 11 0
0 11 13 12 0
0 11 13 13 0
0 11 13 14 0
0 11 13 15 0
0 11 14 0 0.0006094918916134417
0 11 14 1 0
0 11 14 2 0
0 11 14 3 0
0 11 14 4 0
0 11 14 5 0
0 11 14 6 0
0 11 14 7 0
0 11 14 8 0
0 11 14 9 0
0 11 14 10 0
0 11 14 11 0
0 11 14 12 0
0 11 14 13 0
0 11 14 14 0
0 11 14 15 0
0 11 15 0 0
0 11 15 1 0
0 11 15 2 0
0 11 15 3 0
0 11 15 4 0
0 11 15 5 0
0 11 15 6 0
0 11 15 7 0
0 11 15 8 0
0 11 15 9 0
0 11 15 10 0
0 11 15 11 0
0 11 15 12 0
0 11 15 13 0
0 11 15 14 0
0 11 15 15 0
0 12 0 0 0
0 12 0 1 0
0 12 0 2 0
0 12 0 3 0
0 12 0 4 0
0 12 0 5 0.09122565652078567
0 12 0 6 0
0 12 0 7 0
0 12 0 8 0
0 12 0 9 0
0 12 0 10 0
0 12 0 11 0
0 12 0 12 0.005848273721228316
0 12 0 13 0
0 12 0 14 0
0 12 0 15 0
0 12 1 0 0
0 12 1 1 0
0 12 1 2 0
0 12 1 3 0
0 12 1 4 0
0 12 1 5 0
0 12 1 6 0
0 12 1 7 0
0 12 1 8 0
0 12 1 9 0
0 12 1 10 0
0 12 1 11 0
0 12 1 12 0
0 12 1 13 0
0 12 1 14 0
0 12 1 15 0
0 12 2 0 0
0 12 2 1 0
0 12 2 2 0
0 12 2 3 0
0 12 2 4 0
0 12 2 5 0
0 12 2 6 0
0 12 2 7 0
0 12 2 8 0
0 12 2 9 0
0 12 2 10 0
0 12 2 11 0
0 12 2 12 0
0 12 2 13 0
0 12 2 14 0
0 12 2 15 0
0 12 3 0 0
0 12 3 1 0
0 12 3 2 0
0 12 3 3 0
0 12 3 4 0
0 12 3 5 0
0 12 3 6 0
0 12 3 7 0
0 12 3 8 0
0 12 3 9 0
0 12 3 10 0
0 12 3 11 0
0 12 3 12 0
0 12 3 13 0
0 12 3 14 0
0 12 3 15 0
0 12 4 0 0
0 12 4 1 0
0 12 4 2 0
0 12 4 3 0
0 12 4 4 0
0 12 4 5 0
0 12 4 6 0
0 12 4 7 0
0 12 4 8 0
0 12 4 9 0
0 12 4 10 0
0 12 4 11 0
0 12 4 12 0
0 12 4 13 0
0 12 4 14 0
0 12 4 15 0
0 12 5 0 -0.04561282826039283
0 12 5 1 0
0 12 5 2 0
0 12 5 3 0
0 12 5 4 0
0 12 5 5 0
0 12 5 6 0
0 12 5 7 0
0 12 5 8 0
0 12 5 9 0
0 12 5 10 0
0 12 5 11 -0.0001821848300271926
0 12 5 12 0
0 12 5 13 0
0 12 5 14 0
0 12 5 15 0
0 12 6 0 0
0 12 6 1 0
0 12 6 2 0
0 12 6 3 0
0 12 6 4 0
0 12 6 5 0
0 12 6 6 0
0 12 6 7 0
0 12 6 8 0
0 12 6 9 0
0 12 6 10 0
0 12 6 11 0
0 12 6 12 0
0 12 6 13 0
0 12 6 14 0
0 12 6 15 0
0 12 7 0 0
0 12 7 1 0
0 12 7 2 0
0 12 7 3 0
0 12 7 4 0
0 12 7 5 0
0 12 7 6 0
0 12 7 7 0
0 12 7 8 0
0 12 7 9 0
0 12 7 10 0
0 12 7 11 0
0 12 7 12 0
0 12 7 13 0
0 12 7 14 0
0 12 7 15 0
0 12 8 0 0
0 12 8 1 0
0 12 8 2 0
0 12 8 3 0
0 12 8 4 0
0 12 8 5 0
0 12 8 6 0
0 12 8 7 0
0 12 8 8 0
0 12 8 9 0
0 12 8 10 0
0 12 8 11 0
0 12 8 12 0
0 12 8 13 0
0 12 8 14 0
0 12 8 15 0
0 12 9 0 0
0 12 9 1 0
0 12 9 2 0
0 12 9 3 0
0 12 9 4 0
0 12 9 5 0
0 12 9 6 0
0 12 9 7 0
0 12 9 8 0
0 12 9 9 0
0 12 9 10 0
0 12 9 11 0
0 12 9 12 0
0 12 9 13 0
0 12 9 14 0
0 12 9 15 0
0 12 10 0 0
0 12 10 1 0
0 12 10 2 0
0 12 10 3 0
0 12 10 4 0
0 12 10 5 0
0 12 10 6 0
0 12 10 7 0
0 12 10 8 0
0 12 10 9 0
0 12 10 10 0
0 12 10 11 0
0 12 10 12 0
0 12 10 13 0
0 12 10 14 0
0 12 10 15 0
0 12 11 0 0
0 12 11 1 0
0 12 11 2 0
0 12 11 3 0
0 12 11 4 0
0 12 11 5 -0.0006202668612554115
0 12 11 6 0
0 12 11 7 0
0 12 11 8 0
0 12 11 9 0
0 12 11 10 0
0 12 11 11 0
0 12 11 12 0
0 12 11 13 0
0 12 11 14 0
0 12 11 15 0
0 12 12 0 -0.002924136860614158
0 12 12 1 0
0 12 12 2 0
0 12 12 3 0
0 12 12 4 0
0 12 12 5 0
0 12 12 6 0
0 12 12 7 0
0 12 12 8 0
0 12 12 9 0
0 12 12 10 0
0 12 12 11 0
0 12 12 12 0
0 12 12 13 0
0 12 12 14 0
0 12 12 15 0
0 12 13 0 0
0 12 13 1 0
0 12 13 2 0
0 12 13 3 0
0 12 13 4 0
0 12 13 5 0
0 12 13 6 0
0 12 13 7 0
0 12 13 8 0
0 12 13 9 0
0 12 13 10 0
0 12 13 11 0
0 12 13 12 0
0 12 13 13 0
0 12 13 14 0
0 12 13 15 0
0 12 14 0 0
0 12 14 1 0
0 12 14 2 0
0 12 14 3 0
0 12 14 4 0
0 12 14 5 0
0 12 14 6 0
0 12 14 7 0
0 12 14 8 0
0 12 14 9 0
0 12 14 10 0
0 12 14 11 0
0 12 14 12 0
0 12 14 13 0
0 12 14 14 0
0 12 14 15 0
0 12 15 0 0
0 12 15 1 0
0 12 15 2 0
0 12 15 3 0
0 12 15 4 0
0 12 15 5 0
0 12 15 6 0
0 12 15 7 0
0 12 15 8 0
0 12 15 9 0
0 12 15 10 0
0 12 15 11 0
0 12 15 12 0
0 12 15 13 0
0 12 15 14 0
0 12 15 15 0
0 13 0 0 0
0 13 0 1 0
0 13 0 2 0
0 13 0 3 0
0 13 0 4 0
0 13 0 5 0
0 13 0 6 0.09271932556327038
0 13 0 7 0
0 13 0 8 0
0 13 0 9 0
0 13 0 10 0
0 13 0 11 0
0 13 0 12 0
0 13 0 13 0.006028861417083059
0 13 0 14 0
0 13 0 15 0
0 13 1 0 0
0 13 1 1 0
0 13 1 2 0
0 13 1 3 0
0 13 1 4 0
0 13 1 5 0
0 13 1 6 0
0 13 1 7 0
0 13 1 8 0
0 13 1 9 0
0 13 1 10 0
0 13 1 11 0
0 13 1 12 0
0 13 1 13 0
0 13 1 14 0
0 13 1 15 0
0 13 2 0 0
0 13 2 1 0
0 13 2 2 0
0 13 2 3 0
0 13 2 4 0
0 13 2 5 0
0 13 2 6 0
0 13 2 7 0
0 13 2 8 0
0 13 2 9 0
0 13 2 10 0
0 13 2 11 0
0 13 2 12 0
0 13 2 13 0
0 13 2 14 0
0 13 2 15 0
0 13 3 0 0
0 13 3 1 0
0 13 3 2 0
0 13 3 3 0
0 13 3 4 0
0 13 3 5 0
0 13 3 6 0
0 13 3 7 0
0 13 3 8 0
0 13 3 9 0
0 13 3 10 0
0 13 3 11 0
0 13 3 12 0
0 13 3 13 0
0 13 3 14 0
0 13 3 15 0
0 13 4 0 0
0 13 4 1 0
0 13 4 2 0
0 13 4 3 0
0 13 4 4 0
0 13 4 5 0
0 13 4 6 0
0 13 4 7 0
0 13 4 8 0
0 13 4 9 0
0 13 4 10 0
0 13 4 11 0
0 13 4 12 0
0 13 4 13 0
0 13 4 14 0
0 13 4 15 0
0 13 5 0 0
0 13 5 1 0
0 13 5 2 0
0 13 5 3 0
0 13 5 4 0
0 13 5 5 0
0 13 5 6 0
0 13 5 7 0
0 13 5 8 0
0 13 5 9 0
0 13 5 10 0
0 13 5 11 0
0 13 5 12 0
0 13 5 13 0
0 13 5 14 0
0 13 5 15 0
0 13 6 0 -0.04635966278163519
0 13 6 1 0
0 13 6 2 0
0 13 6 3 0
0 13 6 4 0
0 13 6 5 0
0 13 6 6 0
0 13 6 7 0
0 13 6 8 0
0 13 6 9 0
0 13 6 10 0
0 13 6 11 -0.000181408984480277
0 13 6 12 0
0 13 6 13 0
0 13 6 14 0
0 13 6 15 0
0 13 7 0 0
0 13 7 1 0
0 13 7 2 0
0 13 7 3 0
0 13 7 4 0
0 13 7 5 0
0 13 7 6 0
0 13 7 7 0
0 13 7 8 0
0 13 7 9 0
0 13 7 10 0
0 13 7 11 0
0 13 7 12 0
0 13 7 13 0
0 13 7 14 0
0 13 7 15 0
0 13 8 0 0
0 13 8 1 0
0 13 8 2 0
0 13 8 3 0
0 13 8 4 0
0 13 8 5 0
0 13 8 6 0
0 13 8 7 0
0 13 8 8 0
0 13 8 9 0
0 13 8 10 0
0 13 8 11 0
0 13 8 12 0
0 13 8 13 0
0 13 8 14 0
0 13 8 15 0
0 13 9 0 0
0 13 9 1 0
0 13 9 2 0
0 13 9 3 0
0 13 9 4 0
0 13 9 5 0
0 13 9 6 0
0 13 9 7 0
0 13 9 8 0
0 13 9 9 0
0 13 9 10 0
0 13 9 11 0
0 13 9 12 0
0 13 9 13 0
0 13 9 14 0
0 13 9 15 0
0 13 10 0 0
0 13 10 1 0
0 13 10 2 0
0 13 10 3 0
0 13 10 4 0
0 13 10 5 0
0 13 10 6 0
0 13 10 7 0
0 13 10 8 0
0 13 10 9 0
0 13 10 10 0
0 13 10 11 0
0 13 10 12 0
0 13 10 13 0
0 13 10 14 0
0 13 10 15 0
0 13 11 0 0
0 13 11 1 0
0 13 11 2 0
0 13 11 3 0
0 13 11 4 0
0 13 11 5 0
0 13 11 6 -0.000630418564084831
0 13 11 7 0
0 13 11 8 0
0 13 11 9 0
0 13 11 10 0
0 13 11 11 0
0 13 11 12 0
0 13 11 13 0
0 13 11 14 0
0 13 11 15 0
0 13 12 0 0
0 13 12 1 0
0 13 12 2 0
0 13 12 3 0
0 13 12 4 0
0 13 12 5 0
0 13 12 6 0
0 13 12 7 0
0 13 12 8 0
0 13 12 9 0
0 13 12 10 0
0 13 12 11 0
0 13 12 12 0
0 13 12 13 0
0 13 12 14 0
0 13 12 15 0
0 13 13 0 -0.00301443070854153
0 13 13 1 0
0 13 13 2 0
0 13 13 3 0
0 13 13 4 0
0 13 13 5 0
0 13 13 6 0
0 13 13 7 0
0 13 13 8 0
0 13 13 9 0
0 13 13 10 0
0 13 13 11 0
0 13 13 12 0
0 13 13 13 0
0 13 13 14 0
0 13 13 15 0
0 13 14 0 0
0 13 14 1 0
0 13 14 2 0
0 13 14 3 0
0 13 14 4 0
0 13 14 5 0
0 13 14 6 0
0 13 14 7 0
0 13 14 8 0
0 13 14 9 0
0 13 14 10 0
0 13 14 11 0
0 13 14 12 0
0 13 14 13 0
0 13 14 14 0
0 13 14 15 0
0 13 15 0 0
0 13 15 1 0
0 13 15 2 0
0 13 15 3 0
0 13 15 4 0
0 13 15 5 0
0 13 15 6 0
0 13 15 7 0
0 13 15 8 0
0 13 15 9 0
0 13 15 10 0
0 13 15 11 0
0 13 15 12 0
0 13 15 13 0
0 13 15 14 0
0 13 15 15 0
0 14 0 0 0
0 14 0 1 0
0 14 0 2 0.07210809277027834
0 14 0 3 0
0 14 0 4 0
0 14 0 5 0
0 14 0 6 0
0 14 0 7 0
0 14 0 8 0
0 14 0 9 0
0 14 0 10 0
0 14 0 11 -0.001218983783226884
0 14 0 12 0
0 14 0 13 0
0 14 0 14 0.001910143587322865
0 14 0 15 0
0 14 1 0 0
0 14 1 1 0
0 14 1 2 0
0 14 1 3 0
0 14 1 4 0
0 14 1 5 0
0 14 1 6 0
0 14 1 7 0
0 14 1 8 0
0 14 1 9 0
0 14 1 10 0
0 14 1 11 0
0 14 1 12 0
0 14 1 13 0
0 14 1 14 0
0 14 1 15 0
0 14 2 0 -0.03605404638513918
0 14 2 1 0
0 14 2 2 0
0 14 2 3 0
0 14 2 4 0
0 14 2 5 0
0 14 2 6 0
0 14 2 7 0
0 14 2 8 0
0 14 2 9 0
0 14 2 10 0
0 14 2 11 0.000186979353449267
0 14 2 12 0
0 14 2 13 0
0 14 2 14 0
0 14 2 15 0
0 14 3 0 0
0 14 3 1 0
0 14 3 2 0
0 14 3 3 0
0 14 3 4 0
0 14 3 5 0
0 14 3 6 0
0 14 3 7 0
0 14 3 8 0
0 14 3 9 0
0 14 3 10 0
0 14 3 11 0
0 14 3 12 0
0 14 3 13 0
0 14 3 14 0
0 14 3 15 0
0 14 4 0 0
0 14 4 1 0
0 14 4 2 0
0 14 4 3 0
0 14 4 4 0
0 14 4 5 0
0 14 4 6 0
0 14 4 7 0
0 14 4 8 0
0 14 4 9 0
0 14 4 10 0
0 14 4 11 0
0 14 4 12 0
0 14 4 13 0
0 14 4 14 0
0 14 4 15 0
0 14 5 0 0
0 14 5 1 0
0 14 5 2 0
0 14 5 3 0
0 14 5 4 0
0 14 5 5 0
0 14 5 6 0
0 14 5 7 0
0 14 5 8 0
0 14 5 9 0
0 14 5 10 0
0 14 5 11 0
0 14 5 12 0
0 14 5 13 0
0 14 5 14 0
0 14 5 15 0
0 14 6 0 0
0 14 6 1 0
0 14 6 2 0
0 14 6 3 0
0 14 6 4 0
0 14 6 5 0
0 14 6 6 0
0 14 6 7 0
0 14 6 8 0
0 14 6 9 0
0 14 6 10 0
0 14 6 11 0
0 14 6 12 0
0 14 6 13 0
0 14 6 14 0
0 14 6 15 0
0 14 7 0 0
0 14 7 1 0
0 14 7 2 0
0 14 7 3 0
0 14 7 4 0
0 14 7 5 0
0 14 7 6 0
0 14 7 7 0
0 14 7 8 0
0 14 7 9 0
0 14 7 10 0
0 14 7 11 0
0 14 7 12 0
0 14 7 13 0
0 14 7 14 0
0 14 7 15 0
0 14 8 0 0
0 14 8 1 0
0 14 8 2 0
0 14 8 3 0
0 14 8 4 0
0 14 8 5 0
0 14 8 6 0
0 14 8 7 0
0 14 8 8 0
0 14 8 9 0
0 14 8 10 0
0 14 8 11 0
0 14 8 12 0
0 14 8 13 0
0 14 8 14 0
0 14 8 15 0
0 14 9 0 0
0 14 9 1 0
0 14 9 2 0
0 14 9 3 0
0 14 9 4 0
0 14 9 5 0
0 14 9 6 0
0 14 9 7 0
0 14 9 8 0
0 14 9 9 0
0 14 9 10 0
0 14 9 11 0
0 14 9 12 0
0 14 9 13 0
0 14 9 14 0
0 14 9 15 0
0 14 10 0 0
0 14 10 1 0
0 14 10 2 0
0 14 10 3 0
0 14 10 4 0
0 14 10 5 0
0 14 10 6 0
0 14 10 7 0
0 14 10 8 0
0 14 10 9 0
0 14 10 10 0
0 14 10 11 0
0 14 10 12 0
0 14 10 13 0
0 14 10 14 0
0 14 10 15 0
0 14 11 0 0.0006094918916134417
0 14 11 1 0
0 14 11 2 -0.0004900116077791911
0 14 11 3 0
0 14 11 4 0
0 14 11 5 0
0 14 11 6 0
0 14 11 7 0
0 14 11 8 0
0 14 11 9 0
0 14 11 10 0
0 14 11 11 0
0 14 11 12 0
0 14 11 13 0
0 14 11 14 0
0 14 11 15 0
0 14 12 0 0
0 14 12 1 0
0 14 12 2 0
0 14 12 3 0
0 14 12 4 0
0 14 12 5 0
0 14 12 6 0
0 14 12 7 0
0 14 12 8 0
0 14 12 9 0
0 14 12 10 0
0 14 12 11 0
0 14 12 12 0
0 14 12 13 0
0 14 12 14 0
0 14 12 15 0
0 14 13 0 0
0 14 13 1 0
0 14 13 2 0
0 14 13 3 0
0 14 13 4 0
0 14 13 5 0
0 14 13 6 0
0 14 13 7 0
0 14 13 8 0
0 14 13 9 0
0 14 13 10 0
0 14 13 11 0
0 14 13 12 0
0 14 13 13 0
0 14 13 14 0
0 14 13 15 0
0 14 14 0 -0.0009550717936614326
0 14 14 1 0
0 14 14 2 0
0 14 14 3 0
0 14 14 4 0
0 14 14 5 0
0 14 14 6 0
0 14 14 7 0
0 14 14 8 0
0 14 14 9 0
0 14 14 10 0
0 14 14 11 0
0 14 14 12 0
0 14 14 13 0
0 14 14 14 0
0 14 14 15 0
0 14 15 0 0
0 14 15 1 0
0 14 15 2 0
0 14 15 3 0
0 14 15 4 0
0 14 15 5 0
0 14 15 6 0
0 14 15 7 0
0 14 15 8 0
0 14 15 9 0
0 14 15 10 0
0 14 15 11 0
0 14 15 12 0
0 14 15 13 0
0 14 15 14 0
0 14 15 15 0
0 15 0 0 0
0 15 0 1 0.02288242830370503
0 15 0 2 0
0 15 0 3 0
0 15 0 4 0
0 15 0 5 0
0 15 0 6 0
0 15 0 7 0
0 15 0 8 0
0 15 0 9 0
0 15 0 10 0
0 15 0 11 0
0 15 0 12 0
0 15 0 13 0
0 15 0 14 0
0 15 0 15 0.0001900751894173095
0 15 1 0 -0.01144121415185251
0 15 1 1 0
0 15 1 2 0
0 15 1 3 0
0 15 1 4 0
0 15 1 5 0
0 15 1 6 0
0 15 1 7 0
0 15 1 8 0
0 15 1 9 0
0 15 1 10 0
0 15 1 11 0.0001030437577348906
0 15 1 12 0
0 15 1 13 0
0 15 1 14 0
0 15 1 15 0
0 15 2 0 0
0 15 2 1 0
0 15 2 2 0
0 15 2 3 0
0 15 2 4 0
0 15 2 5 0
0 15 2 6 0
0 15 2 7 0
0 15 2 8 0
0 15 2 9 0
0 15 2 10 0
0 15 2 11 0
0 15 2 12 0
0 15 2 13 0
0 15 2 14 0
0 15 2 15 0
0 15 3 0 0
0 15 3 1 0
0 15 3 2 0
0 15 3 3 0
0 15 3 4 0
0 15 3 5 0
0 15 3 6 0
0 15 3 7 0
0 15 3 8 0
0 15 3 9 0
0 15 3 10 0
0 15 3 11 0
0 15 3 12 0
0 15 3 13 0
0 15 3 14 0
0 15 3 15 0
0 15 4 0 0
0 15 4 1 0
0 15 4 2 0
0 15 4 3 0
0 15 4 4 0
0 15 4 5 0
0 15 4 6 0
0 15 4 7 0
0 15 4 8 0
0 15 4 9 0
0 15 4 10 0
0 15 4 11 0
0 15 4 12 0
0 15 4 13 0
0 15 4 14 0
0 15 4 15 0
0 15 5 0 0
0 15 5 1 0
0 15 5 2 0
0 15 5 3 0
0 15 5 4 0
0 15 5 5 0
0 15 5 6 0
0 15 5 7 0
0 15 5 8 0
0 15 5 9 0
0 15 5 10 0
0 15 5 11 0
0 15 5 12 0
0 15 5 13 0
0 15 5 14 0
0 15 5 15 0
0 15 6 0 0
0 15 6 1 0
0 15 6 2 0
0 15 6 3 0
0 15 6 4 0
0 15 6 5 0
0 15 6 6 0
0 15 6 7 0
0 15 6 8 0
0 15 6 9 0
0 15 6 10 0
0 15 6 11 0
0 15 6 12 0
0 15 6 13 0
0 15 6 14 0
0 15 6 15 0
0 15 7 0 0
0 15 7 1 0
0 15 7 2 0
0 15 7 3 0
0 15 7 4 0
0 15 7 5 0
0 15 7 6 0
0 15 7 7 0
0 15 7 8 0
0 15 7 9 0
0 15 7 10 0
0 15 7 11 0
0 15 7 12 0
0 15 7 13 0
0 15 7 14 0
0 15 7 15 0
0 15 8 0 0
0 15 8 1 0
0 15 8 2 0
0 15 8 3 0
0 15 8 4 0
0 15 8 5 0
0 15 8 6 0
0 15 8 7 0
0 15 8 8 0
0 15 8 9 0
0 15 8 10 0
0 15 8 11 0
0 15 8 12 0
0 15 8 13 0
0 15 8 14 0
0 15 8 15 0
0 15 9 0 0
0 15 9 1 0
0 15 9 2 0
0 15 9 3 0
0 15 9 4 0
0 15 9 5 0
0 15 9 6 0
0 15 9 7 0
0 15 9 8 0
0 15 9 9 0
0 15 9 10 0
0 15 9 11 0
0 15 9 12 0
0 15 9 13 0
0 15 9 14 0
0 15 9 15 0
0 15 10 0 0
0 15 10 1 0
0 15 10 2 0
0 15 10 3 0
0 15 10 4 0
0 15 10 5 0
0 15 10 6 0
0 15 10 7 0
0 15 10 8 0
0 15 10 9 0
0 15 10 10 0
0 15 10 11 0
0 15 10 12 0
0 15 10 13 0
0 15 10 14 0
0 15 10 15 0
0 15 11 0 0
0 15 11 1 -0.0001554812858118622
0 15 11 2 0
0 15 11 3 0
0 15 11 4 0
0 15 11 5 0
0 15 11 6 0
0 15 11 7 0
0 15 11 8 0
0 15 11 9 0
0 15 11 10 0
0 15 11 11 0
0 15 11 12 0
0 15 11 13 0
0 15 11 14 0
0 15 11 15 0
0 15 12 0 0
0 15 12 1 0
0 15 12 2 0
0 15 12 3 0
0 15 12 4 0
0 15 12 5 0
0 15 12 6 0
0 15 12 7 0
0 15 12 8 0
0 15 12 9 0
0 15 12 10 0
0 15 12 11 0
0 15 12 12 0
0 15 12 13 0
0 15 12 14 0
0 15 12 15 0
0 15 13 0 0
0 15 13 1 0
0 15 13 2 0
0 15 13 3 0
0 15 13 4 0
0 15 13 5 0
0 15 13 6 0
0 15 13 7 0
0 15 13 8 0
0 15 13 9 0
0 15 13 10 0
0 15 13 11 0
0 15 13 12 0
0 15 13 13 0
0 15 13 14 0
0 15 13 15 0
0 15 14 0 0
0 15 14 1 0
0 15 14 2 0
0 15 14 3 0
0 15 14 4 0
0 15 14 5 0
0 15 14 6 0
0 15 14 7 0
0 15 14 8 0
0 15 14 9 0
0 15 14 10 0
0 15 14 11 0
0 15 14 12 0
0 15 14 13 0
0 15 14 14 0
0 15 14 15 0
0 15 15 0 -9.503759470865474e-05
0 15 15 1 0
0 15 15 2 0
0 15 15 3 0
0 15 15 4 0
0 15 15 5 0
0 15 15 6 0
0 15 15 7 0
0 15 15 8 0
0 15 15 9 0
0 15 15 10 0
0 15 15 11 0
0 15 15 12 0
0 15 15 13 0
0 15 15 14 0
0 15 15 15 0
1 0 0 0 0
1 0 0 1 -1.999608386037689
1 0 0 2 0
1 0 0 3 0
1 0 0 4 0
1 0 0 5 0
1 0 0 6 0
1 0 0 7 0
1 0 0 8 0
1 0 0 9 0
1 0 0 10 0
1 0 0 11 0
1 0 0 12 0
1 0 0 13 0
1 0 0 14 0
1 0 0 15 -0.01144121415185251
1 0 1 0 3.999216772075379
1 0 1 1 0
1 0 1 2 -0.0004702438268318578
1 0 1 3 0
1 0 1 4 0
1 0 1 5 0
1 0 1 6 0
1 0 1 7 0
1 0 1 8 0
1 0 1 9 0
1 0 1 10 0
1 0 1 11 -0.02365621035938541
1 0 1 12 0
1 0 1 13 0
1 0 1 14 0
1 0 1 15 0
1 0 2 0 0
1 0 2 1 0.0002351219134159289
1 0 2 2 0
1 0 2 3 0
1 0 2 4 0
1 0 2 5 0
1 0 2 6 0
1 0 2 7 0
1 0 2 8 0
1 0 2 9 0
1 0 2 10 0
1 0 2 11 0
1 0 2 12 0
1 0 2 13 0
1 0 2 14 0
1 0 2 15 0
1 0 3 0 0
1 0 3 1 0
1 0 3 2 0
1 0 3 3 0
1 0 3 4 0
1 0 3 5 0
1 0 3 6 0
1 0 3 7 0
1 0 3 8 0
1 0 3 9 0
1 0 3 10 0
1 0 3 11 0
1 0 3 12 0
1 0 3 13 0
1 0 3 14 0
1 0 3 15 0
1 0 4 0 0
1 0 4 1 0
1 0 4 2 0
1 0 4 3 0
1 0 4 4 0
1 0 4 5 0
1 0 4 6 0
1 0 4 7 0
1 0 4 8 0
1 0 4 9 0
1 0 4 10 0
1 0 4 11 0
1 0 4 12 0
1 0 4 13 0
1 0 4 14 0
1 0 4 15 0
1 0 5 0 0
1 0 5 1 0
1 0 5 2 0
1 0 5 3 0
1 0 5 4 0
1 0 5 5 0
1 0 5 6 0
1 0 5 7 0
1 0 5 8 0
1 0 5 9 0
1 0 5 10 0
1 0 5 11 0
1 0 5 12 0
1 0 5 13 0
1 0 5 14 0
1 0 5 15 0
1 0 6 0 0
1 0 6 1 0
1 0 6 2 0
1 0 6 3 0
1 0 6 4 0
1 0 6 5 0
1 0 6 6 0
1 0 6 7 0
1 0 6 8 0
1 0 6 9 0
1 0 6 10 0
1 0 6 11 0
1 0 6 12 0
1 0 6 13 0
1 0 6 14 0
1 0 6 15 0
1 0 7 0 0
1 0 7 1 0
1 0 7 2 0
1 0 7 3 0
1 0 7 4 0
1 0 7 5 0
1 0 7 6 0
1 0 7 7 0
1 0 7 8 0
1 0 7 9 0
1 0 7 10 0
1 0 7 11 0
1 0 7 12 0
1 0 7 13 0
1 0 7 14 0
1 0 7 15 0
1 0 8 0 0
1 0 8 1 0
1 0 8 2 0
1 0 8 3 0
1 0 8 4 0
1 0 8 5 0
1 0 8 6 0
1 0 8 7 0
1 0 8 8 0
1 0 8 9 0
1 0 8 10 0
1 0 8 11 0
1 0 8 12 0
1 0 8 13 0
1 0 8 14 0
1 0 8 15 0
1 0 9 0 0
1 0 9 1 0
1 0 9 2 0
1 0 9 3 0
1 0 9 4 0
1 0 9 5 0
1 0 9 6 0
1 0 9 7 0
1 0 9 8 0
1 0 9 9 0
1 0 9 10 0
1 0 9 11 0
1 0 9 12 0
1 0 9 13 0
1 0 9 14 0
1 0 9 15 0
1 0 10 0 0
1 0 10 1 0
1 0 10 2 0
1 0 10 3 0
1 0 10 4 0
1 0 10 5 0
1 0 10 6 0
1 0 10 7 0
1 0 10 8 0
1 0 10 9 0
1 0 10 10 0
1 0 10 11 0
1 0 10 12 0
1 0 10 13 0
1 0 10 14 0
1 0 10 15 0
1 0 11 0 0
1 0 11 1 0.01182810517969271
1 0 11 2 0
1 0 11 3 0
1 0 11 4 0
1 0 11 5 0
1 0 11 6 0
1 0 11 7 0
1 0 11 8 0
1 0 11 9 0
1 0 11 10 0
1 0 11 11 0
1 0 11 12 0
1 0 11 13 0
1 0 11 14 0
1 0 11 15 0
1 0 12 0 0
1 0 12 1 0
1 0 12 2 0
1 0 12 3 0
1 0 12 4 0
1 0 12 5 0
1 0 12 6 0
1 0 12 7 0
1 0 12 8 0
1 0 12 9 0
1 0 12 10 0
1 0 12 11 0
1 0 12 12 0
1 0 12 13 0
1 0 12 14 0
1 0 12 15 0
1 0 13 0 0
1 0 13 1 0
1 0 13 2 0
1 0 13 3 0
1 0 13 4 0
1 0 13 5 0
1 0 13 6 0
1 0 13 7 0
1 0 13 8 0
1 0 13 9 0
1 0 13 10 0
1 0 13 11 0
1 0 13 12 0
1 0 13 13 0
1 0 13 14 0
1 0 13 15 0
1 0 14 0 0
1 0 14 1 0
1 0 14 2 0
1 0 14 3 0
1 0 14 4 0
1 0 14 5 0
1 0 14 6 0
1 0 14 7 0
1 0 14 8 0
1 0 14 9 0
1 0 14 10 0
1 0 14 11 0
1 0 14 12 0
1 0 14 13 0
1 0 14 14 0
1 0 14 15 0
1 0 15 0 0.02288242830370503
1 0 15 1 0
1 0 15 2 0
1 0 15 3 0
1 0 15 4 0
1 0 15 5 0
1 0 15 6 0
1 0 15 7 0
1 0 15 8 0
1 0 15 9 0
1 0 15 10 0
1 0 15 11 0
1 0 15 12 0
1 0 15 13 0
1 0 15 14 0
1 0 15 15 0
1 1 0 0 0
1 1 0 1 0
1 1 0 2 0
1 1 0 3 0
1 1 0 4 0
1 1 0 5 0
1 1 0 6 0
1 1 0 7 0
1 1 0 8 0
1 1 0 9 0
1 1 0 10 0
1 1 0 11 0
1 1 0 12 0
1 1 0 13 0
1 1 0 14 0
1 1 0 15 0
1 1 1 0 0
1 1 1 1 1.999809924810585
1 1 1 2 0
1 1 1 3 0
1 1 1 4 0
1 1 1 5 0
1 1 1 6 0
1 1 1 7 0
1 1 1 8 0
1 1 1 9 0
1 1 1 10 0
1 1 1 11 0
1 1 1 12 0
1 1 1 13 0
1 1 1 14 0
1 1 1 15 0.01144121415185251
1 1 2 0 0
1 1 2 1 0
1 1 2 2 0
1 1 2 3 0
1 1 2 4 0
1 1 2 5 0
1 1 2 6 0
1 1 2 7 0
1 1 2 8 0
1 1 2 9 0
1 1 2 10 0
1 1 2 11 0
1 1 2 12 0
1 1 2 13 0
1 1 2 14 0
1 1 2 15 0
1 1 3 0 0
1 1 3 1 0
1 1 3 2 0
1 1 3 3 0
1 1 3 4 0
1 1 3 5 0
1 1 3 6 0
1 1 3 7 0
1 1 3 8 0
1 1 3 9 0
1 1 3 10 0
1 1 3 11 0
1 1 3 12 0
1 1 3 13 0
1 1 3 14 0
1 1 3 15 0
1 1 4 0 0
1 1 4 1 0
1 1 4 2 0
1 1 4 3 0
1 1 4 4 0
1 1 4 5 0
1 1 4 6 0
1 1 4 7 0
1 1 4 8 0
1 1 4 9 0
1 1 4 10 0
1 1 4 11 0
1 1 4 12 0
1 1 4 13 0
1 1 4 14 0
1 1 4 15 0
1 1 5 0 0
1 1 5 1 0
1 1 5 2 0
1 1 5 3 0
1 1 5 4 0
1 1 5 5 0
1 1 5 6 0
1 1 5 7 0
1 1 5 8 0
1 1 5 9 0
1 1 5 10 0
1 1 5 11 0
1 1 5 12 0
1 1 5 13 0
1 1 5 14 0
1 1 5 15 0
1 1 6 0 0
1 1 6 1 0
1 1 6 2 0
1 1 6 3 0
1 1 6 4 0
1 1 6 5 0
1 1 6 6 0
1 1 6 7 0
1 1 6 8 0
1 1 6 9 0
1 1 6 10 0
1 1 6 11 0
1 1 6 12 0
1 1 6 13 0
1 1 6 14 0
1 1 6 15 0
1 1 7 0 0
1 1 7 1 0
1 1 7 2 0
1 1 7 3 0
1 1 7 4 0
1 1 7 5 0
1 1 7 6 0
1 1 7 7 0
1 1 7 8 0
1 1 7 9 0
1 1 7 10 0
1 1 7 11 0
1 1 7 12 0
1 1 7 13 0
1 1 7 14 0
1 1 7 15 0
1 1 8 0 0
1 1 8 1 0
1 1 8 2 0
1 1 8 3 0
1 1 8 4 0
1 1 8 5 0
1 1 8 6 0
1 1 8 7 0
1 1 8 8 0
1 1 8 9 0
1 1 8 10 0
1 1 8 11 0
1 1 8 12 0
1 1 8 13 0
1 1 8 14 0
1 1 8 15 0
1 1 9 0 0
1 1 9 1 0
1 1 9 2 0
1 1 9 3 0
1 1 9 4 0
1 1 9 5 0
1 1 9 6 0
1 1 9 7 0
1 1 9 8 0
1 1 9 9 0
1 1 9 10 0
1 1 9 11 0
1 1 9 12 0
1 1 9 13 0
1 1 9 14 0
1 1 9 15 0
1 1 10 0 0
1 1 10 1 0
1 1 10 2 0
1 1 10 3 0
1 1 10 4 0
1 1 10 5 0
1 1 10 6 0
1 1 10 7 0
1 1 10 8 0
1 1 10 9 0
1 1 10 10 0
1 1 10 11 0
1 1 10 12 0
1 1 10 13 0
1 1 10 14 0
1 1 10 15 0
1 1 11 0 0
1 1 11 1 0
1 1 11 2 0
1 1 11 3 0
1 1 11 4 0
1 1 11 5 0
1 1 11 6 0
1 1 11 7 0
1 1 11 8 0
1 1 11 9 0
1 1 11 10 0
1 1 11 11 0
1 1 11 12 0
1 1 11 13 0
1 1 11 14 0
1 1 11 15 0
1 1 12 0 0
1 1 12 1 0
1 1 12 2 0
1 1 12 3 0
1 1 12 4 0
1 1 12 5 0
1 1 12 6 0
1 1 12 7 0
1 1 12 8 0
1 1 12 9 0
1 1 12 10 0
1 1 12 11 0
1 1 12 12 0
1 1 12 13 0
1 1 12 14 0
1 1 12 15 0
1 1 13 0 0
1 1 13 1 0
1 1 13 2 0
1 1 13 3 0
1 1 13 4 0
1 1 13 5 0
1 1 13 6 0
1 1 13 7 0
1 1 13 8 0
1 1 13 9 0
1 1 13 10 0
1 1 13 11 0
1 1 13 12 0
1 1 13 13 0
1 1 13 14 0
1 1 13 15 0
1 1 14 0 0
1 1 14 1 0
1 1 14 2 0
1 1 14 3 0
1 1 14 4 0
1 1 14 5 0
1 1 14 6 0
1 1 14 7 0
1 1 14 8 0
1 1 14 9 0
1 1 14 10 0
1 1 14 11 0
1 1 14 12 0
1 1 14 13 0
1 1 14 14 0
1 1 14 15 0
1 1 15 0 0
1 1 15 1 0.01144121415185251
1 1 15 2 0
1 1 15 3 0
1 1 15 4 0
1 1 15 5 0
1 1 15 6 0
1 1 15 7 0
1 1 15 8 0
1 1 15 9 0
1 1 15 10 0
1 1 15 11 0
1 1 15 12 0
1 1 15 13 0
1 1 15 14 0
1 1 15 15 0
1 2 0 0 0
1 2 0 1 0.0002351219134159289
1 2 0 2 0
1 2 0 3 0
1 2 0 4 0
1 2 0 5 0
1 2 0 6 0
1 2 0 7 0
1 2 0 8 0
1 2 0 9 0
1 2 0 10 0
1 2 0 11 0
1 2 0 12 0
1 2 0 13 0
1 2 0 14 0
1 2 0 15 0
1 2 1 0 -0.0004702438268318578
1 2 1 1 0
1 2 1 2 3.149455550208613
1 2 1 3 0
1 2 1 4 0
1 2 1 5 0
1 2 1 6 0
1 2 1 7 0
1 2 1 8 0
1 2 1 9 0
1 2 1 10 0
1 2 1 11 -0.0501415352582389
1 2 1 12 0
1 2 1 13 0
1 2 1 14 0.07210809277027834
1 2 1 15 0
1 2 2 0 0
1 2 2 1 -1.574727775104306
1 2 2 2 0
1 2 2 3 0
1 2 2 4 0
1 2 2 5 0
1 2 2 6 0
1 2 2 7 0
1 2 2 8 0
1 2 2 9 0
1 2 2 10 0
1 2 2 11 0
1 2 2 12 0
1 2 2 13 0
1 2 2 14 0
1 2 2 15 -0.01144121415185251
1 2 3 0 0
1 2 3 1 0
1 2 3 2 0
1 2 3 3 0
1 2 3 4 0
1 2 3 5 0
1 2 3 6 0
1 2 3 7 0
1 2 3 8 0
1 2 3 9 0
1 2 3 10 0
1 2 3 11 0
1 2 3 12 0
1 2 3 13 0
1 2 3 14 0
1 2 3 15 0
1 2 4 0 0
1 2 4 1 0
1 2 4 2 0
1 2 4 3 0
1 2 4 4 0
1 2 4 5 0
1 2 4 6 0
1 2 4 7 0
1 2 4 8 0
1 2 4 9 0
1 2 4 10 0
1 2 4 11 0
1 2 4 12 0
1 2 4 13 0
1 2 4 14 0
1 2 4 15 0
1 2 5 0 0
1 2 5 1 0
1 2 5 2 0
1 2 5 3 0
1 2 5 4 0
1 2 5 5 0
1 2 5 6 0
1 2 5 7 0
1 2 5 8 0
1 2 5 9 0
1 2 5 10 0
1 2 5 11 0
1 2 5 12 0
1 2 5 13 0
1 2 5 14 0
1 2 5 15 0
1 2 6 0 0
1 2 6 1 0
1 2 6 2 0
1 2 6 3 0
1 2 6 4 0
1 2 6 5 0
1 2 6 6 0
1 2 6 7 0
1 2 6 8 0
1 2 6 9 0
1 2 6 10 0
1 2 6 11 0
1 2 6 12 0
1 2 6 13 0
1 2 6 14 0
1 2 6 15 0
1 2 7 0 0
1 2 7 1 0
1 2 7 2 0
1 2 7 3 0
1 2 7 4 0
1 2 7 5 0
1 2 7 6 0
1 2 7 7 0
1 2 7 8 0
1 2 7 9 0
1 2 7 10 0
1 2 7 11 0
1 2 7 12 0
1 2 7 13 0
1 2 7 14 0
1 2 7 15 0
1 2 8 0 0
1 2 8 1 0
1 2 8 2 0
1 2 8 3 0
1 2 8 4 0
1 2 8 5 0
1 2 8 6 0
1 2 8 7 0
1 2 8 8 0
1 2 8 9 0
1 2 8 10 0
1 2 8 11 0
1 2 8 12 0
1 2 8 13 0
1 2 8 14 0
1 2 8 15 0
1 2 9 0 0
1 2 9 1 0
1 2 9 2 0
1 2 9 3 0
1 2 9 4 0
1 2 9 5 0
1 2 9 6 0
1 2 9 7 0
1 2 9 8 0
1 2 9 9 0
1 2 9 10 0
1 2 9 11 0
1 2 9 12 0
1 2 9 13 0
1 2 9 14 0
1 2 9 15 0
1 2 10 0 0
1 2 10 1 0
1 2 10 2 0
1 2 10 3 0
1 2 10 4 0
1 2 10 5 0
1 2 10 6 0
1 2 10 7 0
1 2 10 8 0
1 2 10 9 0
1 2 10 10 0
1 2 10 11 0
1 2 10 12 0
1 2 10 13 0
1 2 10 14 0
1 2 10 15 0
1 2 11 0 0
1 2 11 1 0.02507076762911945
1 2 11 2 0
1 2 11 3 0
1 2 11 4 0
1 2 11 5 0
1 2 11 6 0
1 2 11 7 0
1 2 11 8 0
1 2 11 9 0
1 2 11 10 0
1 2 11 11 0
1 2 11 12 0
1 2 11 13 0
1 2 11 14 0
1 2 11 15 0
1 2 12 0 0
1 2 12 1 0
1 2 12 2 0
1 2 12 3 0
1 2 12 4 0
1 2 12 5 0
1 2 12 6 0
1 2 12 7 0
1 2 12 8 0
1 2 12 9 0
1 2 12 10 0
1 2 12 11 0
1 2 12 12 0
1 2 12 13 0
1 2 12 14 0
1 2 12 15 0
1 2 13 0 0
1 2 13 1 0
1 2 13 2 0
1 2 13 3 0
1 2 13 4 0
1 2 13 5 0
1 2 13 6 0
1 2 13 7 0
1 2 13 8 0
1 2 13 9 0
1 2 13 10 0
1 2 13 11 0
1 2 13 12 0
1 2 13 13 0
1 2 13 14 0
1 2 13 15 0
1 2 14 0 0
1 2 14 1 -0.03605404638513918
1 2 14 2 0
1 2 14 3 0
1 2 14 4 0
1 2 14 5 0
1 2 14 6 0
1 2 14 7 0
1 2 14 8 0
1 2 14 9 0
1 2 14 10 0
1 2 14 11 0
1 2 14 12 0
1 2 14 13 0
1 2 14 14 0
1 2 14 15 0
1 2 15 0 0
1 2 15 1 0
1 2 15 2 0.02288242830370503
1 2 15 3 0
1 2 15 4 0
1 2 15 5 0
1 2 15 6 0
1 2 15 7 0
1 2 15 8 0
1 2 15 9 0
1 2 15 10 0
1 2 15 11 0
1 2 15 12 0
1 2 15 13 0
1 2 15 14 0
1 2 15 15 0
1 3 0 0 0
1 3 0 1 0
1 3 0 2 0
1 3 0 3 0
1 3 0 4 0
1 3 0 5 0
1 3 0 6 0
1 3 0 7 0
1 3 0 8 0
1 3 0 9 0
1 3 0 10 0
1 3 0 11 0
1 3 0 12 0
1 3 0 13 0
1 3 0 14 0
1 3 0 15 0
1 3 1 0 0
1 3 1 1 0
1 3 1 2 0
1 3 1 3 2.036037184028292
1 3 1 4 0
1 3 1 5 0
1 3 1 6 0
1 3 1 7 0
1 3 1 8 0.0975393325961281
1 3 1 9 0
1 3 1 10 0
1 3 1 11 0
1 3 1 12 0
1 3 1 13 0
1 3 1 14 0
1 3 1 15 0
1 3 2 0 0
1 3 2 1 0
1 3 2 2 0
1 3 2 3 0
1 3 2 4 0
1 3 2 5 0
1 3 2 6 0
1 3 2 7 0
1 3 2 8 0
1 3 2 9 0
1 3 2 10 0
1 3 2 11 0
1 3 2 12 0
1 3 2 13 0
1 3 2 14 0
1 3 2 15 0
1 3 3 0 0
1 3 3 1 -1.018033972234139
1 3 3 2 0
1 3 3 3 0
1 3 3 4 0
1 3 3 5 0
1 3 3 6 0
1 3 3 7 0
1 3 3 8 0
1 3 3 9 0
1 3 3 10 0
1 3 3 11 0
1 3 3 12 0
1 3 3 13 0
1 3 3 14 0
1 3 3 15 -0.004660702704455697
1 3 4 0 0
1 3 4 1 0
1 3 4 2 0
1 3 4 3 0
1 3 4 4 0
1 3 4 5 0
1 3 4 6 0
1 3 4 7 0
1 3 4 8 0
1 3 4 9 0
1 3 4 10 0
1 3 4 11 0
1 3 4 12 0
1 3 4 13 0
1 3 4 14 0
1 3 4 15 0
1 3 5 0 0
1 3 5 1 0
1 3 5 2 0
1 3 5 3 0
1 3 5 4 0
1 3 5 5 0
1 3 5 6 0
1 3 5 7 0
1 3 5 8 0
1 3 5 9 0
1 3 5 10 0
1 3 5 11 0
1 3 5 12 0
1 3 5 13 0
1 3 5 14 0
1 3 5 15 0
1 3 6 0 0
1 3 6 1 0
1 3 6 2 0
1 3 6 3 0
1 3 6 4 0
1 3 6 5 0
1 3 6 6 0
1 3 6 7 0
1 3 6 8 0
1 3 6 9 0
1 3 6 10 0
1 3 6 11 0
1 3 6 12 0
1 3 6 13 0
1 3 6 14 0
1 3 6 15 0
1 3 7 0 0
1 3 7 1 0
1 3 7 2 0
1 3 7 3 0
1 3 7 4 0
1 3 7 5 0
1 3 7 6 0
1 3 7 7 0
1 3 7 8 0
1 3 7 9 0
1 3 7 10 0
1 3 7 11 0
1 3 7 12 0
1 3 7 13 0
1 3 7 14 0
1 3 7 15 0
1 3 8 0 0
1 3 8 1 -0.04876966629806405
1 3 8 2 0
1 3 8 3 0
1 3 8 4 0
1 3 8 5 0
1 3 8 6 0
1 3 8 7 0
1 3 8 8 0
1 3 8 9 0
1 3 8 10 0
1 3 8 11 0
1 3 8 12 0
1 3 8 13 0
1 3 8 14 0
1 3 8 15 0
1 3 9 0 0
1 3 9 1 0
1 3 9 2 0
1 3 9 3 0
1 3 9 4 0
1 3 9 5 0
1 3 9 6 0
1 3 9 7 0
1 3 9 8 0
1 3 9 9 0
1 3 9 10 0
1 3 9 11 0
1 3 9 12 0
1 3 9 13 0
1 3 9 14 0
1 3 9 15 0
1 3 10 0 0
1 3 10 1 0
1 3 10 2 0
1 3 10 3 0
1 3 10 4 0
1 3 10 5 0
1 3 10 6 0
1 3 10 7 0
1 3 10 8 0
1 3 10 9 0
1 3 10 10 0
1 3 10 11 0
1 3 10 12 0
1 3 10 13 0
1 3 10 14 0
1 3 10 15 0
1 3 11 0 0
1 3 11 1 0
1 3 11 2 0
1 3 11 3 0
1 3 11 4 0
1 3 11 5 0
1 3 11 6 0
1 3 11 7 0
1 3 11 8 0
1 3 11 9 0
1 3 11 10 0
1 3 11 11 0
1 3 11 12 0
1 3 11 13 0
1 3 11 14 0
1 3 11 15 0
1 3 12 0 0
1 3 12 1 0
1 3 12 2 0
1 3 12 3 0
1 3 12 4 0
1 3 12 5 0
1 3 12 6 0
1 3 12 7 0
1 3 12 8 0
1 3 12 9 0
1 3 12 10 0
1 3 12 11 0
1 3 12 12 0
1 3 12 13 0
1 3 12 14 0
1 3 12 15 0
1 3 13 0 0
1 3 13 1 0
1 3 13 2 0
1 3 13 3 0
1 3 13 4 0
1 3 13 5 0
1 3 13 6 0
1 3 13 7 0
1 3 13 8 0
1 3 13 9 0
1 3 13 10 0
1 3 13 11 0
1 3 13 12 0
1 3 13 13 0
1 3 13 14 0
1 3 13 15 0
1 3 14 0 0
1 3 14 1 0
1 3 14 2 0
1 3 14 3 0
1 3 14 4 0
1 3 14 5 0
1 3 14 6 0
1 3 14 7 0
1 3 14 8 0
1 3 14 9 0
1 3 14 10 0
1 3 14 11 0
1 3 14 12 0
1 3 14 13 0
1 3 14 14 0
1 3 14 15 0
1 3 15 0 0
1 3 15 1 0
1 3 15 2 0
1 3 15 3 0.01144121415185251
1 3 15 4 0
1 3 15 5 0
1 3 15 6 0
1 3 15 7 0
1 3 15 8 0
1 3 15 9 0
1 3 15 10 0
1 3 15 11 0
1 3 15 12 0
1 3 15 13 0
1 3 15 14 0
1 3 15 15 0
1 4 0 0 0
1 4 0 1 0
1 4 0 2 0
1 4 0 3 0
1 4 0 4 0
1 4 0 5 0
1 4 0 6 0
1 4 0 7 0
1 4 0 8 0
1 4 0 9 0
1 4 0 10 0
1 4 0 11 0
1 4 0 12 0
1 4 0 13 0
1 4 0 14 0
1 4 0 15 0
1 4 1 0 0
1 4 1 1 0
1 4 1 2 0
1 4 1 3 0
1 4 1 4 1.998665346571016
1 4 1 5 0
1 4 1 6 0
1 4 1 7 0
1 4 1 8 0
1 4 1 9 0.09558076065317657
1 4 1 10 0
1 4 1 11 0
1 4 1 12 0
1 4 1 13 0
1 4 1 14 0
1 4 1 15 0
1 4 2 0 0
1 4 2 1 0
1 4 2 2 0
1 4 2 3 0
1 4 2 4 0
1 4 2 5 0
1 4 2 6 0
1 4 2 7 0
1 4 2 8 0
1 4 2 9 0
1 4 2 10 0
1 4 2 11 0
1 4 2 12 0
1 4 2 13 0
1 4 2 14 0
1 4 2 15 0
1 4 3 0 0
1 4 3 1 0
1 4 3 2 0
1 4 3 3 0
1 4 3 4 0
1 4 3 5 0
1 4 3 6 0
1 4 3 7 0
1 4 3 8 0
1 4 3 9 0
1 4 3 10 0
1 4 3 11 0
1 4 3 12 0
1 4 3 13 0
1 4 3 14 0
1 4 3 15 0
1 4 4 0 0
1 4 4 1 -0.9993471432566914
1 4 4 2 0
1 4 4 3 0
1 4 4 4 0
1 4 4 5 0
1 4 4 6 0
1 4 4 7 0
1 4 4 8 0
1 4 4 9 0
1 4 4 10 0
1 4 4 11 0
1 4 4 12 0
1 4 4 13 0
1 4 4 14 0
1 4 4 15 -0.004722959686045628
1 4 5 0 0
1 4 5 1 0
1 4 5 2 0
1 4 5 3 0
1 4 5 4 0
1 4 5 5 0
1 4 5 6 0
1 4 5 7 0
1 4 5 8 0
1 4 5 9 0
1 4 5 10 0
1 4 5 11 0
1 4 5 12 0
1 4 5 13 0
1 4 5 14 0
1 4 5 15 0
1 4 6 0 0
1 4 6 1 0
1 4 6 2 0
1 4 6 3 0
1 4 6 4 0
1 4 6 5 0
1 4 6 6 0
1 4 6 7 0
1 4 6 8 0
1 4 6 9 0
1 4 6 10 0
1 4 6 11 0
1 4 6 12 0
1 4 6 13 0
1 4 6 14 0
1 4 6 15 0
1 4 7 0 0
1 4 7 1 0
1 4 7 2 0
1 4 7 3 0
1 4 7 4 0
1 4 7 5 0
1 4 7 6 0
1 4 7 7 0
1 4 7 8 0
1 4 7 9 0
1 4 7 10 0
1 4 7 11 0
1 4 7 12 0
1 4 7 13 0
1 4 7 14 0
1 4 7 15 0
1 4 8 0 0
1 4 8 1 0
1 4 8 2 0
1 4 8 3 0
1 4 8 4 0
1 4 8 5 0
1 4 8 6 0
1 4 8 7 0
1 4 8 8 0
1 4 8 9 0
1 4 8 10 0
1 4 8 11 0
1 4 8 12 0
1 4 8 13 0
1 4 8 14 0
1 4 8 15 0
1 4 9 0 0
1 4 9 1 -0.04779038032658828
1 4 9 2 0
1 4 9 3 0
1 4 9 4 0
1 4 9 5 0
1 4 9 6 0
1 4 9 7 0
1 4 9 8 0
1 4 9 9 0
1 4 9 10 0
1 4 9 11 0
1 4 9 12 0
1 4 9 13 0
1 4 9 14 0
1 4 9 15 0
1 4 10 0 0
1 4 10 1 0
1 4 10 2 0
1 4 10 3 0
1 4 10 4 0
1 4 10 5 0
1 4 10 6 0
1 4 10 7 0
1 4 10 8 0
1 4 10 9 0
1 4 10 10 0
1 4 10 11 0
1 4 10 12 0
1 4 10 13 0
1 4 10 14 0
1 4 10 15 0
1 4 11 0 0
1 4 11 1 0
1 4 11 2 0
1 4 11 3 0
1 4 11 4 0
1 4 11 5 0
1 4 11 6 0
1 4 11 7 0
1 4 11 8 0
1 4 11 9 0
1 4 11 10 0
1 4 11 11 0
1 4 11 12 0
1 4 11 13 0
1 4 11 14 0
1 4 11 15 0
1 4 12 0 0
1 4 12 1 0
1 4 12 2 0
1 4 12 3 0
1 4 12 4 0
1 4 12 5 0
1 4 12 6 0
1 4 12 7 0
1 4 12 8 0
1 4 12 9 0
1 4 12 10 0
1 4 12 11 0
1 4 12 12 0
1 4 12 13 0
1 4 12 14 0
1 4 12 15 0
1 4 13 0 0
1 4 13 1 0
1 4 13 2 0
1 4 13 3 0
1 4 13 4 0
1 4 13 5 0
1 4 13 6 0
1 4 13 7 0
1 4 13 8 0
1 4 13 9 0
1 4 13 10 0
1 4 13 11 0
1 4 13 12 0
1 4 13 13 0
1 4 13 14 0
1 4 13 15 0
1 4 14 0 0
1 4 14 1 0
1 4 14 2 0
1 4 14 3 0
1 4 14 4 0
1 4 14 5 0
1 4 14 6 0
1 4 14 7 0
1 4 14 8 0
1 4 14 9 0
1 4 14 10 0
1 4 14 11 0
1 4 14 12 0
1 4 14 13 0
1 4 14 14 0
1 4 14 15 0
1 4 15 0 0
1 4 15 1 0
1 4 15 2 0
1 4 15 3 0
1 4 15 4 0.01144121415185251
1 4 15 5 0
1 4 15 6 0
1 4 15 7 0
1 4 15 8 0
1 4 15 9 0
1 4 15 10 0
1 4 15 11 0
1 4 15 12 0
1 4 15 13 0
1 4 15 14 0
1 4 15 15 0
1 5 0 0 0
1 5 0 1 0
1 5 0 2 0
1 5 0 3 0
1 5 0 4 0
1 5 0 5 0
1 5 0 6 0
1 5 0 7 0
1 5 0 8 0
1 5 0 9 0
1 5 0 10 0
1 5 0 11 0
1 5 0 12 0
1 5 0 13 0
1 5 0 14 0
1 5 0 15 0
1 5 1 0 0
1 5 1 1 0
1 5 1 2 0
1 5 1 3 0
1 5 1 4 0
1 5 1 5 1.988741829279432
1 5 1 6 0
1 5 1 7 0
1 5 1 8 0
1 5 1 9 0
1 5 1 10 0
1 5 1 11 0
1 5 1 12 0.09122565652078567
1 5 1 13 0
1 5 1 14 0
1 5 1 15 0
1 5 2 0 0
1 5 2 1 0
1 5 2 2 0
1 5 2 3 0
1 5 2 4 0
1 5 2 5 0
1 5 2 6 0
1 5 2 7 0
1 5 2 8 0
1 5 2 9 0
1 5 2 10 0
1 5 2 11 0
1 5 2 12 0
1 5 2 13 0
1 5 2 14 0
1 5 2 15 0
1 5 3 0 0
1 5 3 1 0
1 5 3 2 0
1 5 3 3 0
1 5 3 4 0
1 5 3 5 0
1 5 3 6 0
1 5 3 7 0
1 5 3 8 0
1 5 3 9 0
1 5 3 10 0
1 5 3 11 0
1 5 3 12 0
1 5 3 13 0
1 5 3 14 0
1 5 3 15 0
1 5 4 0 0
1 5 4 1 0
1 5 4 2 0
1 5 4 3 0
1 5 4 4 0
1 5 4 5 0
1 5 4 6 0
1 5 4 7 0
1 5 4 8 0
1 5 4 9 0
1 5 4 10 0
1 5 4 11 0
1 5 4 12 0
1 5 4 13 0
1 5 4 14 0
1 5 4 15 0
1 5 5 0 0
1 5 5 1 -0.9943801572939106
1 5 5 2 0
1 5 5 3 0
1 5 5 4 0
1 5 5 5 0
1 5 5 6 0
1 5 5 7 0
1 5 5 8 0
1 5 5 9 0
1 5 5 10 0
1 5 5 11 0
1 5 5 12 0
1 5 5 13 0
1 5 5 14 0
1 5 5 15 -0.005099762742762671
1 5 6 0 0
1 5 6 1 0
1 5 6 2 0
1 5 6 3 0
1 5 6 4 0
1 5 6 5 0
1 5 6 6 0
1 5 6 7 0
1 5 6 8 0
1 5 6 9 0
1 5 6 10 0
1 5 6 11 0
1 5 6 12 0
1 5 6 13 0
1 5 6 14 0
1 5 6 15 0
1 5 7 0 0
1 5 7 1 0
1 5 7 2 0
1 5 7 3 0
1 5 7 4 0
1 5 7 5 0
1 5 7 6 0
1 5 7 7 0
1 5 7 8 0
1 5 7 9 0
1 5 7 10 0
1 5 7 11 0
1 5 7 12 0
1 5 7 13 0
1 5 7 14 0
1 5 7 15 0
1 5 8 0 0
1 5 8 1 0
1 5 8 2 0
1 5 8 3 0
1 5 8 4 0
1 5 8 5 0
1 5 8 6 0
1 5 8 7 0
1 5 8 8 0
1 5 8 9 0
1 5 8 10 0
1 5 8 11 0
1 5 8 12 0
1 5 8 13 0
1 5 8 14 0
1 5 8 15 0
1 5 9 0 0
1 5 9 1 0
1 5 9 2 0
1 5 9 3 0
1 5 9 4 0
1 5 9 5 0
1 5 9 6 0
1 5 9 7 0
1 5 9 8 0
1 5 9 9 0
1 5 9 10 0
1 5 9 11 0
1 5 9 12 0
1 5 9 13 0
1 5 9 14 0
1 5 9 15 0
1 5 10 0 0
1 5 10 1 0
1 5 10 2 0
1 5 10 3 0
1 5 10 4 0
1 5 10 5 0
1 5 10 6 0
1 5 10 7 0
1 5 10 8 0
1 5 10 9 0
1 5 10 10 0
1 5 10 11 0
1 5 10 12 0
1 5 10 13 0
1 5 10 14 0
1 5 10 15 0
1 5 11 0 0
1 5 11 1 0
1 5 11 2 0
1 5 11 3 0
1 5 11 4 0
1 5 11 5 0
1 5 11 6 0
1 5 11 7 0
1 5 11 8 0
1 5 11 9 0
1 5 11 10 0
1 5 11 11 0
1 5 11 12 0
1 5 11 13 0
1 5 11 14 0
1 5 11 15 0
1 5 12 0 0
1 5 12 1 -0.04561282826039283
1 5 12 2 0
1 5 12 3 0
1 5 12 4 0
1 5 12 5 0
1 5 12 6 0
1 5 12 7 0
1 5 12 8 0
1 5 12 9 0
1 5 12 10 0
1 5 12 11 0
1 5 12 12 0
1 5 12 13 0
1 5 12 14 0
1 5 12 15 0
1 5 13 0 0
1 5 13 1 0
1 5 13 2 0
1 5 13 3 0
1 5 13 4 0
1 5 13 5 0
1 5 13 6 0
1 5 13 7 0
1 5 13 8 0
1 5 13 9 0
1 5 13 10 0
1 5 13 11 0
1 5 13 12 0
1 5 13 13 0
1 5 13 14 0
1 5 13 15 0
1 5 14 0 0
1 5 14 1 0
1 5 14 2 0
1 5 14 3 0
1 5 14 4 0
1 5 14 5 0
1 5 14 6 0
1 5 14 7 0
1 5 14 8 0
1 5 14 9 0
1 5 14 10 0
1 5 14 11 0
1 5 14 12 0
1 5 14 13 0
1 5 14 14 0
1 5 14 15 0
1 5 15 0 0
1 5 15 1 0
1 5 15 2 0
1 5 15 3 0
1 5 15 4 0
1 5 15 5 0.01144121415185251
1 5 15 6 0
1 5 15 7 0
1 5 15 8 0
1 5 15 9 0
1 5 15 10 0
1 5 15 11 0
1 5 15 12 0
1 5 15 13 0
1 5 15 14 0
1 5 15 15 0
1 6 0 0 0
1 6 0 1 0
1 6 0 2 0
1 6 0 3 0
1 6 0 4 0
1 6 0 5 0
1 6 0 6 0
1 6 0 7 0
1 6 0 8 0
1 6 0 9 0
1 6 0 10 0
1 6 0 11 0
1 6 0 12 0
1 6 0 13 0
1 6 0 14 0
1 6 0 15 0
1 6 1 0 0
1 6 1 1 0
1 6 1 2 0
1 6 1 3 0
1 6 1 4 0
1 6 1 5 0
1 6 1 6 1.950972283179388
1 6 1 7 0
1 6 1 8 0
1 6 1 9 0
1 6 1 10 0
1 6 1 11 0
1 6 1 12 0
1 6 1 13 0.09271932556327038
1 6 1 14 0
1 6 1 15 0
1 6 2 0 0
1 6 2 1 0
1 6 2 2 0
1 6 2 3 0
1 6 2 4 0
1 6 2 5 0
1 6 2 6 0
1 6 2 7 0
1 6 2 8 0
1 6 2 9 0
1 6 2 10 0
1 6 2 11 0
1 6 2 12 0
1 6 2 13 0
1 6 2 14 0
1 6 2 15 0
1 6 3 0 0
1 6 3 1 0
1 6 3 2 0
1 6 3 3 0
1 6 3 4 0
1 6 3 5 0
1 6 3 6 0
1 6 3 7 0
1 6 3 8 0
1 6 3 9 0
1 6 3 10 0
1 6 3 11 0
1 6 3 12 0
1 6 3 13 0
1 6 3 14 0
1 6 3 15 0
1 6 4 0 0
1 6 4 1 0
1 6 4 2 0
1 6 4 3 0
1 6 4 4 0
1 6 4 5 0
1 6 4 6 0
1 6 4 7 0
1 6 4 8 0
1 6 4 9 0
1 6 4 10 0
1 6 4 11 0
1 6 4 12 0
1 6 4 13 0
1 6 4 14 0
1 6 4 15 0
1 6 5 0 0
1 6 5 1 0
1 6 5 2 0
1 6 5 3 0
1 6 5 4 0
1 6 5 5 0
1 6 5 6 0
1 6 5 7 0
1 6 5 8 0
1 6 5 9 0
1 6 5 10 0
1 6 5 11 0
1 6 5 12 0
1 6 5 13 0
1 6 5 14 0
1 6 5 15 0
1 6 6 0 0
1 6 6 1 -0.9754963043894722
1 6 6 2 0
1 6 6 3 0
1 6 6 4 0
1 6 6 5 0
1 6 6 6 0
1 6 6 7 0
1 6 6 8 0
1 6 6 9 0
1 6 6 10 0
1 6 6 11 0
1 6 6 12 0
1 6 6 13 0
1 6 6 14 0
1 6 6 15 -0.005041589636403085
1 6 7 0 0
1 6 7 1 0
1 6 7 2 0
1 6 7 3 0
1 6 7 4 0
1 6 7 5 0
1 6 7 6 0
1 6 7 7 0
1 6 7 8 0
1 6 7 9 0
1 6 7 10 0
1 6 7 11 0
1 6 7 12 0
1 6 7 13 0
1 6 7 14 0
1 6 7 15 0
1 6 8 0 0
1 6 8 1 0
1 6 8 2 0
1 6 8 3 0
1 6 8 4 0
1 6 8 5 0
1 6 8 6 0
1 6 8 7 0
1 6 8 8 0
1 6 8 9 0
1 6 8 10 0
1 6 8 11 0
1 6 8 12 0
1 6 8 13 0
1 6 8 14 0
1 6 8 15 0
1 6 9 0 0
1 6 9 1 0
1 6 9 2 0
1 6 9 3 0
1 6 9 4 0
1 6 9 5 0
1 6 9 6 0
1 6 9 7 0
1 6 9 8 0
1 6 9 9 0
1 6 9 10 0
1 6 9 11 0
1 6 9 12 0
1 6 9 13 0
1 6 9 14 0
1 6 9 15 0
1 6 10 0 0
1 6 10 1 0
1 6 10 2 0
1 6 10 3 0
1 6 10 4 0
1 6 10 5 0
1 6 10 6 0
1 6 10 7 0
1 6 10 8 0
1 6 10 9 0
1 6 10 10 0
1 6 10 11 0
1 6 10 12 0
1 6 10 13 0
1 6 10 14 0
1 6 10 15 0
1 6 11 0 0
1 6 11 1 0
1 6 11 2 0
1 6 11 3 0
1 6 11 4 0
1 6 11 5 0
1 6 11 6 0
1 6 11 7 0
1 6 11 8 0
1 6 11 9 0
1 6 11 10 0
1 6 11 11 0
1 6 11 12 0
1 6 11 13 0
1 6 11 14 0
1 6 11 15 0
1 6 12 0 0
1 6 12 1 0
1 6 12 2 0
1 6 12 3 0
1 6 12 4 0
1 6 12 5 0
1 6 12 6 0
1 6 12 7 0
1 6 12 8 0
1 6 12 9 0
1 6 12 10 0
1 6 12 11 0
1 6 12 12 0
1 6 12 13 0
1 6 12 14 0
1 6 12 15 0
1 6 13 0 0
1 6 13 1 -0.04635966278163519
1 6 13 2 0
1 6 13 3 0
1 6 13 4 0
1 6 13 5 0
1 6 13 6 0
1 6 13 7 0
1 6 13 8 0
1 6 13 9 0
1 6 13 10 0
1 6 13 11 0
1 6 13 12 0
1 6 13 13 0
1 6 13 14 0
1 6 13 15 0
1 6 14 0 0
1 6 14 1 0
1 6 14 2 0
1 6 14 3 0
1 6 14 4 0
1 6 14 5 0
1 6 14 6 0
1 6 14 7 0
1 6 14 8 0
1 6 14 9 0
1 6 14 10 0
1 6 14 11 0
1 6 14 12 0
1 6 14 13 0
1 6 14 14 0
1 6 14 15 0
1 6 15 0 0
1 6 15 1 0
1 6 15 2 0
1 6 15 3 0
1 6 15 4 0
1 6 15 5 0
1 6 15 6 0.01144121415185251
1 6 15 7 0
1 6 15 8 0
1 6 15 9 0
1 6 15 10 0
1 6 15 11 0
1 6 15 12 0
1 6 15 13 0
1 6 15 14 0
1 6 15 15 0
1 7 0 0 0
1 7 0 1 0
1 7 0 2 0
1 7 0 3 0
1 7 0 4 0
1 7 0 5 0
1 7 0 6 0
1 7 0 7 0
1 7 0 8 0
1 7 0 9 0
1 7 0 10 0
1 7 0 11 0
1 7 0 12 0
1 7 0 13 0
1 7 0 14 0
1 7 0 15 0
1 7 1 0 0
1 7 1 1 0
1 7 1 2 0
1 7 1 3 0
1 7 1 4 0
1 7 1 5 0
1 7 1 6 0
1 7 1 7 0.8475249805075062
1 7 1 8 0
1 7 1 9 0
1 7 1 10 0
1 7 1 11 0
1 7 1 12 0
1 7 1 13 0
1 7 1 14 0
1 7 1 15 0
1 7 2 0 0
1 7 2 1 0
1 7 2 2 0
1 7 2 3 0
1 7 2 4 0
1 7 2 5 0
1 7 2 6 0
1 7 2 7 0
1 7 2 8 0
1 7 2 9 0
1 7 2 10 0
1 7 2 11 0
1 7 2 12 0
1 7 2 13 0
1 7 2 14 0
1 7 2 15 0
1 7 3 0 0
1 7 3 1 0
1 7 3 2 0
1 7 3 3 0
1 7 3 4 0
1 7 3 5 0
1 7 3 6 0
1 7 3 7 0
1 7 3 8 0
1 7 3 9 0
1 7 3 10 0
1 7 3 11 0
1 7 3 12 0
1 7 3 13 0
1 7 3 14 0
1 7 3 15 0
1 7 4 0 0
1 7 4 1 0
1 7 4 2 0
1 7 4 3 0
1 7 4 4 0
1 7 4 5 0
1 7 4 6 0
1 7 4 7 0
1 7 4 8 0
1 7 4 9 0
1 7 4 10 0
1 7 4 11 0
1 7 4 12 0
1 7 4 13 0
1 7 4 14 0
1 7 4 15 0
1 7 5 0 0
1 7 5 1 0
1 7 5 2 0
1 7 5 3 0
1 7 5 4 0
1 7 5 5 0
1 7 5 6 0
1 7 5 7 0
1 7 5 8 0
1 7 5 9 0
1 7 5 10 0
1 7 5 11 0
1 7 5 12 0
1 7 5 13 0
1 7 5 14 0
1 7 5 15 0
1 7 6 0 0
1 7 6 1 0
1 7 6 2 0
1 7 6 3 0
1 7 6 4 0
1 7 6 5 0
1 7 6 6 0
1 7 6 7 0
1 7 6 8 0
1 7 6 9 0
1 7 6 10 0
1 7 6 11 0
1 7 6 12 0
1 7 6 13 0
1 7 6 14 0
1 7 6 15 0
1 7 7 0 0
1 7 7 1 -0.4237624902537531
1 7 7 2 0
1 7 7 3 0
1 7 7 4 0
1 7 7 5 0
1 7 7 6 0
1 7 7 7 0
1 7 7 8 0
1 7 7 9 0
1 7 7 10 0
1 7 7 11 0
1 7 7 12 0
1 7 7 13 0
1 7 7 14 0
1 7 7 15 0
1 7 8 0 0
1 7 8 1 0
1 7 8 2 0
1 7 8 3 0
1 7 8 4 0
1 7 8 5 0
1 7 8 6 0
1 7 8 7 0
1 7 8 8 0
1 7 8 9 0
1 7 8 10 0
1 7 8 11 0
1 7 8 12 0
1 7 8 13 0
1 7 8 14 0
1 7 8 15 0
1 7 9 0 0
1 7 9 1 0
1 7 9 2 0
1 7 9 3 0
1 7 9 4 0
1 7 9 5 0
1 7 9 6 0
1 7 9 7 0
1 7 9 8 0
1 7 9 9 0
1 7 9 10 0
1 7 9 11 0
1 7 9 12 0
1 7 9 13 0
1 7 9 14 0
1 7 9 15 0
1 7 10 0 0
1 7 10 1 0
1 7 10 2 0
1 7 10 3 0
1 7 10 4 0
1 7 10 5 0
1 7 10 6 0
1 7 10 7 0
1 7 10 8 0
1 7 10 9 0
1 7 10 10 0
1 7 10 11 0
1 7 10 12 0
1 7 10 13 0
1 7 10 14 0
1 7 10 15 0
1 7 11 0 0
1 7 11 1 0
1 7 11 2 0
1 7 11 3 0
1 7 11 4 0
1 7 11 5 0
1 7 11 6 0
1 7 11 7 0
1 7 11 8 0
1 7 11 9 0
1 7 11 10 0
1 7 11 11 0
1 7 11 12 0
1 7 11 13 0
1 7 11 14 0
1 7 11 15 0
1 7 12 0 0
1 7 12 1 0
1 7 12 2 0
1 7 12 3 0
1 7 12 4 0
1 7 12 5 0
1 7 12 6 0
1 7 12 7 0
1 7 12 8 0
1 7 12 9 0
1 7 12 10 0
1 7 12 11 0
1 7 12 12 0
1 7 12 13 0
1 7 12 14 0
1 7 12 15 0
1 7 13 0 0
1 7 13 1 0
1 7 13 2 0
1 7 13 3 0
1 7 13 4 0
1 7 13 5 0
1 7 13 6 0
1 7 13 7 0
1 7 13 8 0
1 7 13 9 0
1 7 13 10 0
1 7 13 11 0
1 7 13 12 0
1 7 13 13 0
1 7 13 14 0
1 7 13 15 0
1 7 14 0 0
1 7 14 1 0
1 7 14 2 0
1 7 14 3 0
1 7 14 4 0
1 7 14 5 0
1 7 14 6 0
1 7 14 7 0
1 7 14 8 0
1 7 14 9 0
1 7 14 10 0
1 7 14 11 0
1 7 14 12 0
1 7 14 13 0
1 7 14 14 0
1 7 14 15 0
1 7 15 0 0
1 7 15 1 0
1 7 15 2 0
1 7 15 3 0
1 7 15 4 0
1 7 15 5 0
1 7 15 6 0
1 7 15 7 0
1 7 15 8 0
1 7 15 9 0
1 7 15 10 0
1 7 15 11 0
1 7 15 12 0
1 7 15 13 0
1 7 15 14 0
1 7 15 15 0
1 8 0 0 0
1 8 0 1 0
1 8 0 2 0
1 8 0 3 0
1 8 0 4 0
1 8 0 5 0
1 8 0 6 0
1 8 0 7 0
1 8 0 8 0
1 8 0 9 0
1 8 0 10 0
1 8 0 11 0
1 8 0 12 0
1 8 0 13 0
1 8 0 14 0
1 8 0 15 0
1 8 1 0 0
1 8 1 1 0
1 8 1 2 0
1 8 1 3 0.0975393325961281
1 8 1 4 0
1 8 1 5 0
1 8 1 6 0
1 8 1 7 0
1 8 1 8 0.006771596185821046
1 8 1 9 0
1 8 1 10 0
1 8 1 11 0
1 8 1 12 0
1 8 1 13 0
1 8 1 14 0
1 8 1 15 0
1 8 2 0 0
1 8 2 1 0
1 8 2 2 0
1 8 2 3 0
1 8 2 4 0
1 8 2 5 0
1 8 2 6 0
1 8 2 7 0
1 8 2 8 0
1 8 2 9 0
1 8 2 10 0
1 8 2 11 0
1 8 2 12 0
1 8 2 13 0
1 8 2 14 0
1 8 2 15 0
1 8 3 0 0
1 8 3 1 -0.04876966629806405
1 8 3 2 0
1 8 3 3 0
1 8 3 4 0
1 8 3 5 0
1 8 3 6 0
1 8 3 7 0
1 8 3 8 0
1 8 3 9 0
1 8 3 10 0
1 8 3 11 0
1 8 3 12 0
1 8 3 13 0
1 8 3 14 0
1 8 3 15 -0.0003066821864013461
1 8 4 0 0
1 8 4 1 0
1 8 4 2 0
1 8 4 3 0
1 8 4 4 0
1 8 4 5 0
1 8 4 6 0
1 8 4 7 0
1 8 4 8 0
1 8 4 9 0
1 8 4 10 0
1 8 4 11 0
1 8 4 12 0
1 8 4 13 0
1 8 4 14 0
1 8 4 15 0
1 8 5 0 0
1 8 5 1 0
1 8 5 2 0
1 8 5 3 0
1 8 5 4 0
1 8 5 5 0
1 8 5 6 0
1 8 5 7 0
1 8 5 8 0
1 8 5 9 0
1 8 5 10 0
1 8 5 11 0
1 8 5 12 0
1 8 5 13 0
1 8 5 14 0
1 8 5 15 0
1 8 6 0 0
1 8 6 1 0
1 8 6 2 0
1 8 6 3 0
1 8 6 4 0
1 8 6 5 0
1 8 6 6 0
1 8 6 7 0
1 8 6 8 0
1 8 6 9 0
1 8 6 10 0
1 8 6 11 0
1 8 6 12 0
1 8 6 13 0
1 8 6 14 0
1 8 6 15 0
1 8 7 0 0
1 8 7 1 0
1 8 7 2 0
1 8 7 3 0
1 8 7 4 0
1 8 7 5 0
1 8 7 6 0
1 8 7 7 0
1 8 7 8 0
1 8 7 9 0
1 8 7 10 0
1 8 7 11 0
1 8 7 12 0
1 8 7 13 0
1 8 7 14 0
1 8 7 15 0
1 8 8 0 0
1 8 8 1 -0.003385798092910523
1 8 8 2 0
1 8 8 3 0
1 8 8 4 0
1 8 8 5 0
1 8 8 6 0
1 8 8 7 0
1 8 8 8 0
1 8 8 9 0
1 8 8 10 0
1 8 8 11 0
1 8 8 12 0
1 8 8 13 0
1 8 8 14 0
1 8 8 15 0
1 8 9 0 0
1 8 9 1 0
1 8 9 2 0
1 8 9 3 0
1 8 9 4 0
1 8 9 5 0
1 8 9 6 0
1 8 9 7 0
1 8 9 8 0
1 8 9 9 0
1 8 9 10 0
1 8 9 11 0
1 8 9 12 0
1 8 9 13 0
1 8 9 14 0
1 8 9 15 0
1 8 10 0 0
1 8 10 1 0
1 8 10 2 0
1 8 10 3 0
1 8 10 4 0
1 8 10 5 0
1 8 10 6 0
1 8 10 7 0
1 8 10 8 0
1 8 10 9 0
1 8 10 10 0
1 8 10 11 0
1 8 10 12 0
1 8 10 13 0
1 8 10 14 0
1 8 10 15 0
1 8 11 0 0
1 8 11 1 0
1 8 11 2 0
1 8 11 3 0
1 8 11 4 0
1 8 11 5 0
1 8 11 6 0
1 8 11 7 0
1 8 11 8 0
1 8 11 9 0
1 8 11 10 0
1 8 11 11 0
1 8 11 12 0
1 8 11 13 0
1 8 11 14 0
1 8 11 15 0
1 8 12 0 0
1 8 12 1 0
1 8 12 2 0
1 8 12 3 0
1 8 12 4 0
1 8 12 5 0
1 8 12 6 0
1 8 12 7 0
1 8 12 8 0
1 8 12 9 0
1 8 12 10 0
1 8 12 11 0
1 8 12 12 0
1 8 12 13 0
1 8 12 14 0
1 8 12 15 0
1 8 13 0 0
1 8 13 1 0
1 8 13 2 0
1 8 13 3 0
1 8 13 4 0
1 8 13 5 0
1 8 13 6 0
1 8 13 7 0
1 8 13 8 0
1 8 13 9 0
1 8 13 10 0
1 8 13 11 0
1 8 13 12 0
1 8 13 13 0
1 8 13 14 0
1 8 13 15 0
1 8 14 0 0
1 8 14 1 0
1 8 14 2 0
1 8 14 3 0
1 8 14 4 0
1 8 14 5 0
1 8 14 6 0
1 8 14 7 0
1 8 14 8 0
1 8 14 9 0
1 8 14 10 0
1 8 14 11 0
1 8 14 12 0
1 8 14 13 0
1 8 14 14 0
1 8 14 15 0
1 8 15 0 0
1 8 15 1 0
1 8 15 2 0
1 8 15 3 0.0007751238883217116
1 8 15 4 0
1 8 15 5 0
1 8 15 6 0
1 8 15 7 0
1 8 15 8 0
1 8 15 9 0
1 8 15 10 0
1 8 15 11 0
1 8 15 12 0
1 8 15 13 0
1 8 15 14 0
1 8 15 15 0
1 9 0 0 0
1 9 0 1 0
1 9 0 2 0
1 9 0 3 0
1 9 0 4 0
1 9 0 5 0
1 9 0 6 0
1 9 0 7 0
1 9 0 8 0
1 9 0 9 0
1 9 0 10 0
1 9 0 11 0
1 9 0 12 0
1 9 0 13 0
1 9 0 14 0
1 9 0 15 0
1 9 1 0 0
1 9 1 1 0
1 9 1 2 0
1 9 1 3 0
1 9 1 4 0.09558076065317658
1 9 1 5 0
1 9 1 6 0
1 9 1 7 0
1 9 1 8 0
1 9 1 9 0.006554475238909284
1 9 1 10 0
1 9 1 11 0
1 9 1 12 0
1 9 1 13 0
1 9 1 14 0
1 9 1 15 0
1 9 2 0 0
1 9 2 1 0
1 9 2 2 0
1 9 2 3 0
1 9 2 4 0
1 9 2 5 0
1 9 2 6 0
1 9 2 7 0
1 9 2 8 0
1 9 2 9 0
1 9 2 10 0
1 9 2 11 0
1 9 2 12 0
1 9 2 13 0
1 9 2 14 0
1 9 2 15 0
1 9 3 0 0
1 9 3 1 0
1 9 3 2 0
1 9 3 3 0
1 9 3 4 0
1 9 3 5 0
1 9 3 6 0
1 9 3 7 0
1 9 3 8 0
1 9 3 9 0
1 9 3 10 0
1 9 3 11 0
1 9 3 12 0
1 9 3 13 0
1 9 3 14 0
1 9 3 15 0
1 9 4 0 0
1 9 4 1 -0.04779038032658829
1 9 4 2 0
1 9 4 3 0
1 9 4 4 0
1 9 4 5 0
1 9 4 6 0
1 9 4 7 0
1 9 4 8 0
1 9 4 9 0
1 9 4 10 0
1 9 4 11 0
1 9 4 12 0
1 9 4 13 0
1 9 4 14 0
1 9 4 15 -0.0003040329125241911
1 9 5 0 0
1 9 5 1 0
1 9 5 2 0
1 9 5 3 0
1 9 5 4 0
1 9 5 5 0
1 9 5 6 0
1 9 5 7 0
1 9 5 8 0
1 9 5 9 0
1 9 5 10 0
1 9 5 11 0
1 9 5 12 0
1 9 5 13 0
1 9 5 14 0
1 9 5 15 0
1 9 6 0 0
1 9 6 1 0
1 9 6 2 0
1 9 6 3 0
1 9 6 4 0
1 9 6 5 0
1 9 6 6 0
1 9 6 7 0
1 9 6 8 0
1 9 6 9 0
1 9 6 10 0
1 9 6 11 0
1 9 6 12 0
1 9 6 13 0
1 9 6 14 0
1 9 6 15 0
1 9 7 0 0
1 9 7 1 0
1 9 7 2 0
1 9 7 3 0
1 9 7 4 0
1 9 7 5 0
1 9 7 6 0
1 9 7 7 0
1 9 7 8 0
1 9 7 9 0
1 9 7 10 0
1 9 7 11 0
1 9 7 12 0
1 9 7 13 0
1 9 7 14 0
1 9 7 15 0
1 9 8 0 0
1 9 8 1 0
1 9 8 2 0
1 9 8 3 0
1 9 8 4 0
1 9 8 5 0
1 9 8 6 0
1 9 8 7 0
1 9 8 8 0
1 9 8 9 0
1 9 8 10 0
1 9 8 11 0
1 9 8 12 0
1 9 8 13 0
1 9 8 14 0
1 9 8 15 0
1 9 9 0 0
1 9 9 1 -0.003277237619454642
1 9 9 2 0
1 9 9 3 0
1 9 9 4 0
1 9 9 5 0
1 9 9 6 0
1 9 9 7 0
1 9 9 8 0
1 9 9 9 0
1 9 9 10 0
1 9 9 11 0
1 9 9 12 0
1 9 9 13 0
1 9 9 14 0
1 9 9 15 0
1 9 10 0 0
1 9 10 1 0
1 9 10 2 0
1 9 10 3 0
1 9 10 4 0
1 9 10 5 0
1 9 10 6 0
1 9 10 7 0
1 9 10 8 0
1 9 10 9 0
1 9 10 10 0
1 9 10 11 0
1 9 10 12 0
1 9 10 13 0
1 9 10 14 0
1 9 10 15 0
1 9 11 0 0
1 9 11 1 0
1 9 11 2 0
1 9 11 3 0
1 9 11 4 0
1 9 11 5 0
1 9 11 6 0
1 9 11 7 0
1 9 11 8 0
1 9 11 9 0
1 9 11 10 0
1 9 11 11 0
1 9 11 12 0
1 9 11 13 0
1 9 11 14 0
1 9 11 15 0
1 9 12 0 0
1 9 12 1 0
1 9 12 2 0
1 9 12 3 0
1 9 12 4 0
1 9 12 5 0
1 9 12 6 0
1 9 12 7 0
1 9 12 8 0
1 9 12 9 0
1 9 12 10 0
1 9 12 11 0
1 9 12 12 0
1 9 12 13 0
1 9 12 14 0
1 9 12 15 0
1 9 13 0 0
1 9 13 1 0
1 9 13 2 0
1 9 13 3 0
1 9 13 4 0
1 9 13 5 0
1 9 13 6 0
1 9 13 7 0
1 9 13 8 0
1 9 13 9 0
1 9 13 10 0
1 9 13 11 0
1 9 13 12 0
1 9 13 13 0
1 9 13 14 0
1 9 13 15 0
1 9 14 0 0
1 9 14 1 0
1 9 14 2 0
1 9 14 3 0
1 9 14 4 0
1 9 14 5 0
1 9 14 6 0
1 9 14 7 0
1 9 14 8 0
1 9 14 9 0
1 9 14 10 0
1 9 14 11 0
1 9 14 12 0
1 9 14 13 0
1 9 14 14 0
1 9 14 15 0
1 9 15 0 0
1 9 15 1 0
1 9 15 2 0
1 9 15 3 0
1 9 15 4 0.0007595926357421025
1 9 15 5 0
1 9 15 6 0
1 9 15 7 0
1 9 15 8 0
1 9 15 9 0
1 9 15 10 0
1 9 15 11 0
1 9 15 12 0
1 9 15 13 0
1 9 15 14 0
1 9 15 15 0
1 10 0 0 0
1 10 0 1 0
1 10 0 2 0
1 10 0 3 0
1 10 0 4 0
1 10 0 5 0
1 10 0 6 0
1 10 0 7 0
1 10 0 8 0
1 10 0 9 0
1 10 0 10 0
1 10 0 11 0
1 10 0 12 0
1 10 0 13 0
1 10 0 14 0
1 10 0 15 0
1 10 1 0 0
1 10 1 1 0
1 10 1 2 0
1 10 1 3 0
1 10 1 4 0
1 10 1 5 0
1 10 1 6 0
1 10 1 7 0
1 10 1 8 0
1 10 1 9 0
1 10 1 10 0
1 10 1 11 0
1 10 1 12 0
1 10 1 13 0
1 10 1 14 0
1 10 1 15 0
1 10 2 0 0
1 10 2 1 0
1 10 2 2 0
1 10 2 3 0
1 10 2 4 0
1 10 2 5 0
1 10 2 6 0
1 10 2 7 0
1 10 2 8 0
1 10 2 9 0
1 10 2 10 0
1 10 2 11 0
1 10 2 12 0
1 10 2 13 0
1 10 2 14 0
1 10 2 15 0
1 10 3 0 0
1 10 3 1 0
1 10 3 2 0
1 10 3 3 0
1 10 3 4 0
1 10 3 5 0
1 10 3 6 0
1 10 3 7 0
1 10 3 8 0
1 10 3 9 0
1 10 3 10 0
1 10 3 11 0
1 10 3 12 0
1 10 3 13 0
1 10 3 14 0
1 10 3 15 0
1 10 4 0 0
1 10 4 1 0
1 10 4 2 0
1 10 4 3 0
1 10 4 4 0
1 10 4 5 0
1 10 4 6 0
1 10 4 7 0
1 10 4 8 0
1 10 4 9 0
1 10 4 10 0
1 10 4 11 0
1 10 4 12 0
1 10 4 13 0
1 10 4 14 0
1 10 4 15 0
1 10 5 0 0
1 10 5 1 0
1 10 5 2 0
1 10 5 3 0
1 10 5 4 0
1 10 5 5 0
1 10 5 6 0
1 10 5 7 0
1 10 5 8 0
1 10 5 9 0
1 10 5 10 0
1 10 5 11 0
1 10 5 12 0
1 10 5 13 0
1 10 5 14 0
1 10 5 15 0
1 10 6 0 0
1 10 6 1 0
1 10 6 2 0
1 10 6 3 0
1 10 6 4 0
1 10 6 5 0
1 10 6 6 0
1 10 6 7 0
1 10 6 8 0
1 10 6 9 0
1 10 6 10 0
1 10 6 11 0
1 10 6 12 0
1 10 6 13 0
1 10 6 14 0
1 10 6 15 0
1 10 7 0 0
1 10 7 1 0
1 10 7 2 0
1 10 7 3 0
1 10 7 4 0
1 10 7 5 0
1 10 7 6 0
1 10 7 7 0
1 10 7 8 0
1 10 7 9 0
1 10 7 10 0
1 10 7 11 0
1 10 7 12 0
1 10 7 13 0
1 10 7 14 0
1 10 7 15 0
1 10 8 0 0
1 10 8 1 0
1 10 8 2 0
1 10 8 3 0
1 10 8 4 0
1 10 8 5 0
1 10 8 6 0
1 10 8 7 0
1 10 8 8 0
1 10 8 9 0
1 10 8 10 0
1 10 8 11 0
1 10 8 12 0
1 10 8 13 0
1 10 8 14 0
1 10 8 15 0
1 10 9 0 0
1 10 9 1 0
1 10 9 2 0
1 10 9 3 0
1 10 9 4 0
1 10 9 5 0
1 10 9 6 0
1 10 9 7 0
1 10 9 8 0
1 10 9 9 0
1 10 9 10 0
1 10 9 11 0
1 10 9 12 0
1 10 9 13 0
1 10 9 14 0
1 10 9 15 0
1 10 10 0 0
1 10 10 1 0
1 10 10 2 0
1 10 10 3 0
1 10 10 4 0
1 10 10 5 0
1 10 10 6 0
1 10 10 7 0
1 10 10 8 0
1 10 10 9 0
1 10 10 10 0
1 10 10 11 0
1 10 10 12 0
1 10 10 13 0
1 10 10 14 0
1 10 10 15 0
1 10 11 0 0
1 10 11 1 0
1 10 11 2 0
1 10 11 3 0
1 10 11 4 0
1 10 11 5 0
1 10 11 6 0
1 10 11 7 0
1 10 11 8 0
1 10 11 9 0
1 10 11 10 0
1 10 11 11 0
1 10 11 12 0
1 10 11 13 0
1 10 11 14 0
1 10 11 15 0
1 10 12 0 0
1 10 12 1 0
1 10 12 2 0
1 10 12 3 0
1 10 12 4 0
1 10 12 5 0
1 10 12 6 0
1 10 12 7 0
1 10 12 8 0
1 10 12 9 0
1 10 12 10 0
1 10 12 11 0
1 10 12 12 0
1 10 12 13 0
1 10 12 14 0
1 10 12 15 0
1 10 13 0 0
1 10 13 1 0
1 10 13 2 0
1 10 13 3 0
1 10 13 4 0
1 10 13 5 0
1 10 13 6 0
1 10 13 7 0
1 10 13 8 0
1 10 13 9 0
1 10 13 10 0
1 10 13 11 0
1 10 13 12 0
1 10 13 13 0
1 10 13 14 0
1 10 13 15 0
1 10 14 0 0
1 10 14 1 0
1 10 14 2 0
1 10 14 3 0
1 10 14 4 0
1 10 14 5 0
1 10 14 6 0
1 10 14 7 0
1 10 14 8 0
1 10 14 9 0
1 10 14 10 0
1 10 14 11 0
1 10 14 12 0
1 10 14 13 0
1 10 14 14 0
1 10 14 15 0
1 10 15 0 0
1 10 15 1 0
1 10 15 2 0
1 10 15 3 0
1 10 15 4 0
1 10 15 5 0
1 10 15 6 0
1 10 15 7 0
1 10 15 8 0
1 10 15 9 0
1 10 15 10 0
1 10 15 11 0
1 10 15 12 0
1 10 15 13 0
1 10 15 14 0
1 10 15 15 0
1 11 0 0 0
1 11 0 1 0.01182810517969271
1 11 0 2 0
1 11 0 3 0
1 11 0 4 0
1 11 0 5 0
1 11 0 6 0
1 11 0 7 0
1 11 0 8 0
1 11 0 9 0
1 11 0 10 0
1 11 0 11 0
1 11 0 12 0
1 11 0 13 0
1 11 0 14 0
1 11 0 15 0.0001030437577348906
1 11 1 0 -0.02365621035938541
1 11 1 1 0
1 11 1 2 -0.0501415352582389
1 11 1 3 0
1 11 1 4 0
1 11 1 5 0
1 11 1 6 0
1 11 1 7 0
1 11 1 8 0
1 11 1 9 0
1 11 1 10 0
1 11 1 11 0.001512403242349615
1 11 1 12 0
1 11 1 13 0
1 11 1 14 -0.001218983783226884
1 11 1 15 0
1 11 2 0 0
1 11 2 1 0.02507076762911945
1 11 2 2 0
1 11 2 3 0
1 11 2 4 0
1 11 2 5 0
1 11 2 6 0
1 11 2 7 0
1 11 2 8 0
1 11 2 9 0
1 11 2 10 0
1 11 2 11 0
1 11 2 12 0
1 11 2 13 0
1 11 2 14 0
1 11 2 15 0.000207907441525702
1 11 3 0 0
1 11 3 1 0
1 11 3 2 0
1 11 3 3 0
1 11 3 4 0
1 11 3 5 0
1 11 3 6 0
1 11 3 7 0
1 11 3 8 0
1 11 3 9 0
1 11 3 10 0
1 11 3 11 0
1 11 3 12 0
1 11 3 13 0
1 11 3 14 0
1 11 3 15 0
1 11 4 0 0
1 11 4 1 0
1 11 4 2 0
1 11 4 3 0
1 11 4 4 0
1 11 4 5 0
1 11 4 6 0
1 11 4 7 0
1 11 4 8 0
1 11 4 9 0
1 11 4 10 0
1 11 4 11 0
1 11 4 12 0
1 11 4 13 0
1 11 4 14 0
1 11 4 15 0
1 11 5 0 0
1 11 5 1 0
1 11 5 2 0
1 11 5 3 0
1 11 5 4 0
1 11 5 5 0
1 11 5 6 0
1 11 5 7 0
1 11 5 8 0
1 11 5 9 0
1 11 5 10 0
1 11 5 11 0
1 11 5 12 0
1 11 5 13 0
1 11 5 14 0
1 11 5 15 0
1 11 6 0 0
1 11 6 1 0
1 11 6 2 0
1 11 6 3 0
1 11 6 4 0
1 11 6 5 0
1 11 6 6 0
1 11 6 7 0
1 11 6 8 0
1 11 6 9 0
1 11 6 10 0
1 11 6 11 0
1 11 6 12 0
1 11 6 13 0
1 11 6 14 0
1 11 6 15 0
1 11 7 0 0
1 11 7 1 0
1 11 7 2 0
1 11 7 3 0
1 11 7 4 0
1 11 7 5 0
1 11 7 6 0
1 11 7 7 0
1 11 7 8 0
1 11 7 9 0
1 11 7 10 0
1 11 7 11 0
1 11 7 12 0
1 11 7 13 0
1 11 7 14 0
1 11 7 15 0
1 11 8 0 0
1 11 8 1 0
1 11 8 2 0
1 11 8 3 0
1 11 8 4 0
1 11 8 5 0
1 11 8 6 0
1 11 8 7 0
1 11 8 8 0
1 11 8 9 0
1 11 8 10 0
1 11 8 11 0
1 11 8 12 0
1 11 8 13 0
1 11 8 14 0
1 11 8 15 0
1 11 9 0 0
1 11 9 1 0
1 11 9 2 0
1 11 9 3 0
1 11 9 4 0
1 11 9 5 0
1 11 9 6 0
1 11 9 7 0
1 11 9 8 0
1 11 9 9 0
1 11 9 10 0
1 11 9 11 0
1 11 9 12 0
1 11 9 13 0
1 11 9 14 0
1 11 9 15 0
1 11 10 0 0
1 11 10 1 0
1 11 10 2 0
1 11 10 3 0
1 11 10 4 0
1 11 10 5 0
1 11 10 6 0
1 11 10 7 0
1 11 10 8 0
1 11 10 9 0
1 11 10 10 0
1 11 10 11 0
1 11 10 12 0
1 11 10 13 0
1 11 10 14 0
1 11 10 15 0
1 11 11 0 0
1 11 11 1 -0.0007562016211748073
1 11 11 2 0
1 11 11 3 0
1 11 11 4 0
1 11 11 5 0
1 11 11 6 0
1 11 11 7 0
1 11 11 8 0
1 11 11 9 0
1 11 11 10 0
1 11 11 11 0
1 11 11 12 0
1 11 11 13 0
1 11 11 14 0
1 11 11 15 0
1 11 12 0 0
1 11 12 1 0
1 11 12 2 0
1 11 12 3 0
1 11 12 4 0
1 11 12 5 0
1 11 12 6 0
1 11 12 7 0
1 11 12 8 0
1 11 12 9 0
1 11 12 10 0
1 11 12 11 0
1 11 12 12 0
1 11 12 13 0
1 11 12 14 0
1 11 12 15 0
1 11 13 0 0
1 11 13 1 0
1 11 13 2 0
1 11 13 3 0
1 11 13 4 0
1 11 13 5 0
1 11 13 6 0
1 11 13 7 0
1 11 13 8 0
1 11 13 9 0
1 11 13 10 0
1 11 13 11 0
1 11 13 12 0
1 11 13 13 0
1 11 13 14 0
1 11 13 15 0
1 11 14 0 0
1 11 14 1 0.0006094918916134417
1 11 14 2 0
1 11 14 3 0
1 11 14 4 0
1 11 14 5 0
1 11 14 6 0
1 11 14 7 0
1 11 14 8 0
1 11 14 9 0
1 11 14 10 0
1 11 14 11 0
1 11 14 12 0
1 11 14 13 0
1 11 14 14 0
1 11 14 15 0
1 11 15 0 -0.0001554812858118622
1 11 15 1 0
1 11 15 2 -0.0003983260747557182
1 11 15 3 0
1 11 15 4 0
1 11 15 5 0
1 11 15 6 0
1 11 15 7 0
1 11 15 8 0
1 11 15 9 0
1 11 15 10 0
1 11 15 11 0
1 11 15 12 0
1 11 15 13 0
1 11 15 14 0
1 11 15 15 0
1 12 0 0 0
1 12 0 1 0
1 12 0 2 0
1 12 0 3 0
1 12 0 4 0
1 12 0 5 0
1 12 0 6 0
1 12 0 7 0
1 12 0 8 0
1 12 0 9 0
1 12 0 10 0
1 12 0 11 0
1 12 0 12 0
1 12 0 13 0
1 12 0 14 0
1 12 0 15 0
1 12 1 0 0
1 12 1 1 0
1 12 1 2 0
1 12 1 3 0
1 12 1 4 0
1 12 1 5 0.09122565652078567
1 12 1 6 0
1 12 1 7 0
1 12 1 8 0
1 12 1 9 0
1 12 1 10 0
1 12 1 11 0
1 12 1 12 0.005848273721228316
1 12 1 13 0
1 12 1 14 0
1 12 1 15 0
1 12 2 0 0
1 12 2 1 0
1 12 2 2 0
1 12 2 3 0
1 12 2 4 0
1 12 2 5 0
1 12 2 6 0
1 12 2 7 0
1 12 2 8 0
1 12 2 9 0
1 12 2 10 0
1 12 2 11 0
1 12 2 12 0
1 12 2 13 0
1 12 2 14 0
1 12 2 15 0
1 12 3 0 0
1 12 3 1 0
1 12 3 2 0
1 12 3 3 0
1 12 3 4 0
1 12 3 5 0
1 12 3 6 0
1 12 3 7 0
1 12 3 8 0
1 12 3 9 0
1 12 3 10 0
1 12 3 11 0
1 12 3 12 0
1 12 3 13 0
1 12 3 14 0
1 12 3 15 0
1 12 4 0 0
1 12 4 1 0
1 12 4 2 0
1 12 4 3 0
1 12 4 4 0
1 12 4 5 0
1 12 4 6 0
1 12 4 7 0
1 12 4 8 0
1 12 4 9 0
1 12 4 10 0
1 12 4 11 0
1 12 4 12 0
1 12 4 13 0
1 12 4 14 0
1 12 4 15 0
1 12 5 0 0
1 12 5 1 -0.04561282826039283
1 12 5 2 0
1 12 5 3 0
1 12 5 4 0
1 12 5 5 0
1 12 5 6 0
1 12 5 7 0
1 12 5 8 0
1 12 5 9 0
1 12 5 10 0
1 12 5 11 0
1 12 5 12 0
1 12 5 13 0
1 12 5 14 0
1 12 5 15 -0.0003162317208471711
1 12 6 0 0
1 12 6 1 0
1 12 6 2 0
1 12 6 3 0
1 12 6 4 0
1 12 6 5 0
1 12 6 6 0
1 12 6 7 0
1 12 6 8 0
1 12 6 9 0
1 12 6 10 0
1 12 6 11 0
1 12 6 12 0
1 12 6 13 0
1 12 6 14 0
1 12 6 15 0
1 12 7 0 0
1 12 7 1 0
1 12 7 2 0
1 12 7 3 0
1 12 7 4 0
1 12 7 5 0
1 12 7 6 0
1 12 7 7 0
1 12 7 8 0
1 12 7 9 0
1 12 7 10 0
1 12 7 11 0
1 12 7 12 0
1 12 7 13 0
1 12 7 14 0
1 12 7 15 0
1 12 8 0 0
1 12 8 1 0
1 12 8 2 0
1 12 8 3 0
1 12 8 4 0
1 12 8 5 0
1 12 8 6 0
1 12 8 7 0
1 12 8 8 0
1 12 8 9 0
1 12 8 10 0
1 12 8 11 0
1 12 8 12 0
1 12 8 13 0
1 12 8 14 0
1 12 8 15 0
1 12 9 0 0
1 12 9 1 0
1 12 9 2 0
1 12 9 3 0
1 12 9 4 0
1 12 9 5 0
1 12 9 6 0
1 12 9 7 0
1 12 9 8 0
1 12 9 9 0
1 12 9 10 0
1 12 9 11 0
1 12 9 12 0
1 12 9 13 0
1 12 9 14 0
1 12 9 15 0
1 12 10 0 0
1 12 10 1 0
1 12 10 2 0
1 12 10 3 0
1 12 10 4 0
1 12 10 5 0
1 12 10 6 0
1 12 10 7 0
1 12 10 8 0
1 12 10 9 0
1 12 10 10 0
1 12 10 11 0
1 12 10 12 0
1 12 10 13 0
1 12 10 14 0
1 12 10 15 0
1 12 11 0 0
1 12 11 1 0
1 12 11 2 0
1 12 11 3 0
1 12 11 4 0
1 12 11 5 0
1 12 11 6 0
1 12 11 7 0
1 12 11 8 0
1 12 11 9 0
1 12 11 10 0
1 12 11 11 0
1 12 11 12 0
1 12 11 13 0
1 12 11 14 0
1 12 11 15 0
1 12 12 0 0
1 12 12 1 -0.002924136860614158
1 12 12 2 0
1 12 12 3 0
1 12 12 4 0
1 12 12 5 0
1 12 12 6 0
1 12 12 7 0
1 12 12 8 0
1 12 12 9 0
1 12 12 10 0
1 12 12 11 0
1 12 12 12 0
1 12 12 13 0
1 12 12 14 0
1 12 12 15 0
1 12 13 0 0
1 12 13 1 0
1 12 13 2 0
1 12 13 3 0
1 12 13 4 0
1 12 13 5 0
1 12 13 6 0
1 12 13 7 0
1 12 13 8 0
1 12 13 9 0
1 12 13 10 0
1 12 13 11 0
1 12 13 12 0
1 12 13 13 0
1 12 13 14 0
1 12 13 15 0
1 12 14 0 0
1 12 14 1 0
1 12 14 2 0
1 12 14 3 0
1 12 14 4 0
1 12 14 5 0
1 12 14 6 0
1 12 14 7 0
1 12 14 8 0
1 12 14 9 0
1 12 14 10 0
1 12 14 11 0
1 12 14 12 0
1 12 14 13 0
1 12 14 14 0
1 12 14 15 0
1 12 15 0 0
1 12 15 1 0
1 12 15 2 0
1 12 15 3 0
1 12 15 4 0
1 12 15 5 0.0007244667909822286
1 12 15 6 0
1 12 15 7 0
1 12 15 8 0
1 12 15 9 0
1 12 15 10 0
1 12 15 11 0
1 12 15 12 0
1 12 15 13 0
1 12 15 14 0
1 12 15 15 0
1 13 0 0 0
1 13 0 1 0
1 13 0 2 0
1 13 0 3 0
1 13 0 4 0
1 13 0 5 0
1 13 0 6 0
1 13 0 7 0
1 13 0 8 0
1 13 0 9 0
1 13 0 10 0
1 13 0 11 0
1 13 0 12 0
1 13 0 13 0
1 13 0 14 0
1 13 0 15 0
1 13 1 0 0
1 13 1 1 0
1 13 1 2 0
1 13 1 3 0
1 13 1 4 0
1 13 1 5 0
1 13 1 6 0.09271932556327038
1 13 1 7 0
1 13 1 8 0
1 13 1 9 0
1 13 1 10 0
1 13 1 11 0
1 13 1 12 0
1 13 1 13 0.006028861417083059
1 13 1 14 0
1 13 1 15 0
1 13 2 0 0
1 13 2 1 0
1 13 2 2 0
1 13 2 3 0
1 13 2 4 0
1 13 2 5 0
1 13 2 6 0
1 13 2 7 0
1 13 2 8 0
1 13 2 9 0
1 13 2 10 0
1 13 2 11 0
1 13 2 12 0
1 13 2 13 0
1 13 2 14 0
1 13 2 15 0
1 13 3 0 0
1 13 3 1 0
1 13 3 2 0
1 13 3 3 0
1 13 3 4 0
1 13 3 5 0
1 13 3 6 0
1 13 3 7 0
1 13 3 8 0
1 13 3 9 0
1 13 3 10 0
1 13 3 11 0
1 13 3 12 0
1 13 3 13 0
1 13 3 14 0
1 13 3 15 0
1 13 4 0 0
1 13 4 1 0
1 13 4 2 0
1 13 4 3 0
1 13 4 4 0
1 13 4 5 0
1 13 4 6 0
1 13 4 7 0
1 13 4 8 0
1 13 4 9 0
1 13 4 10 0
1 13 4 11 0
1 13 4 12 0
1 13 4 13 0
1 13 4 14 0
1 13 4 15 0
1 13 5 0 0
1 13 5 1 0
1 13 5 2 0
1 13 5 3 0
1 13 5 4 0
1 13 5 5 0
1 13 5 6 0
1 13 5 7 0
1 13 5 8 0
1 13 5 9 0
1 13 5 10 0
1 13 5 11 0
1 13 5 12 0
1 13 5 13 0
1 13 5 14 0
1 13 5 15 0
1 13 6 0 0
1 13 6 1 -0.04635966278163519
1 13 6 2 0
1 13 6 3 0
1 13 6 4 0
1 13 6 5 0
1 13 6 6 0
1 13 6 7 0
1 13 6 8 0
1 13 6 9 0
1 13 6 10 0
1 13 6 11 0
1 13 6 12 0
1 13 6 13 0
1 13 6 14 0
1 13 6 15 -0.0003180074257123335
1 13 7 0 0
1 13 7 1 0
1 13 7 2 0
1 13 7 3 0
1 13 7 4 0
1 13 7 5 0
1 13 7 6 0
1 13 7 7 0
1 13 7 8 0
1 13 7 9 0
1 13 7 10 0
1 13 7 11 0
1 13 7 12 0
1 13 7 13 0
1 13 7 14 0
1 13 7 15 0
1 13 8 0 0
1 13 8 1 0
1 13 8 2 0
1 13 8 3 0
1 13 8 4 0
1 13 8 5 0
1 13 8 6 0
1 13 8 7 0
1 13 8 8 0
1 13 8 9 0
1 13 8 10 0
1 13 8 11 0
1 13 8 12 0
1 13 8 13 0
1 13 8 14 0
1 13 8 15 0
1 13 9 0 0
1 13 9 1 0
1 13 9 2 0
1 13 9 3 0
1 13 9 4 0
1 13 9 5 0
1 13 9 6 0
1 13 9 7 0
1 13 9 8 0
1 13 9 9 0
1 13 9 10 0
1 13 9 11 0
1 13 9 12 0
1 13 9 13 0
1 13 9 14 0
1 13 9 15 0
1 13 10 0 0
1 13 10 1 0
1 13 10 2 0
1 13 10 3 0
1 13 10 4 0
1 13 10 5 0
1 13 10 6 0
1 13 10 7 0
1 13 10 8 0
1 13 10 9 0
1 13 10 10 0
1 13 10 11 0
1 13 10 12 0
1 13 10 13 0
1 13 10 14 0
1 13 10 15 0
1 13 11 0 0
1 13 11 1 0
1 13 11 2 0
1 13 11 3 0
1 13 11 4 0
1 13 11 5 0
1 13 11 6 0
1 13 11 7 0
1 13 11 8 0
1 13 11 9 0
1 13 11 10 0
1 13 11 11 0
1 13 11 12 0
1 13 11 13 0
1 13 11 14 0
1 13 11 15 0
1 13 12 0 0
1 13 12 1 0
1 13 12 2 0
1 13 12 3 0
1 13 12 4 0
1 13 12 5 0
1 13 12 6 0
1 13 12 7 0
1 13 12 8 0
1 13 12 9 0
1 13 12 10 0
1 13 12 11 0
1 13 12 12 0
1 13 12 13 0
1 13 12 14 0
1 13 12 15 0
1 13 13 0 0
1 13 13 1 -0.00301443070854153
1 13 13 2 0
1 13 13 3 0
1 13 13 4 0
1 13 13 5 0
1 13 13 6 0
1 13 13 7 0
1 13 13 8 0
1 13 13 9 0
1 13 13 10 0
1 13 13 11 0
1 13 13 12 0
1 13 13 13 0
1 13 13 14 0
1 13 13 15 0
1 13 14 0 0
1 13 14 1 0
1 13 14 2 0
1 13 14 3 0
1 13 14 4 0
1 13 14 5 0
1 13 14 6 0
1 13 14 7 0
1 13 14 8 0
1 13 14 9 0
1 13 14 10 0
1 13 14 11 0
1 13 14 12 0
1 13 14 13 0
1 13 14 14 0
1 13 14 15 0
1 13 15 0 0
1 13 15 1 0
1 13 15 2 0
1 13 15 3 0
1 13 15 4 0
1 13 15 5 0
1 13 15 6 0.000736352079610302
1 13 15 7 0
1 13 15 8 0
1 13 15 9 0
1 13 15 10 0
1 13 15 11 0
1 13 15 12 0
1 13 15 13 0
1 13 15 14 0
1 13 15 15 0
1 14 0 0 0
1 14 0 1 0
1 14 0 2 0
1 14 0 3 0
1 14 0 4 0
1 14 0 5 0
1 14 0 6 0
1 14 0 7 0
1 14 0 8 0
1 14 0 9 0
1 14 0 10 0
1 14 0 11 0
1 14 0 12 0
1 14 0 13 0
1 14 0 14 0
1 14 0 15 0
1 14 1 0 0
1 14 1 1 0
1 14 1 2 0.07210809277027834
1 14 1 3 0
1 14 1 4 0
1 14 1 5 0
1 14 1 6 0
1 14 1 7 0
1 14 1 8 0
1 14 1 9 0
1 14 1 10 0
1 14 1 11 -0.001218983783226884
1 14 1 12 0
1 14 1 13 0
1 14 1 14 0.001910143587322865
1 14 1 15 0
1 14 2 0 0
1 14 2 1 -0.03605404638513918
1 14 2 2 0
1 14 2 3 0
1 14 2 4 0
1 14 2 5 0
1 14 2 6 0
1 14 2 7 0
1 14 2 8 0
1 14 2 9 0
1 14 2 10 0
1 14 2 11 0
1 14 2 12 0
1 14 2 13 0
1 14 2 14 0
1 14 2 15 -0.0002740439012149418
1 14 3 0 0
1 14 3 1 0
1 14 3 2 0
1 14 3 3 0
1 14 3 4 0
1 14 3 5 0
1 14 3 6 0
1 14 3 7 0
1 14 3 8 0
1 14 3 9 0
1 14 3 10 0
1 14 3 11 0
1 14 3 12 0
1 14 3 13 0
1 14 3 14 0
1 14 3 15 0
1 14 4 0 0
1 14 4 1 0
1 14 4 2 0
1 14 4 3 0
1 14 4 4 0
1 14 4 5 0
1 14 4 6 0
1 14 4 7 0
1 14 4 8 0
1 14 4 9 0
1 14 4 10 0
1 14 4 11 0
1 14 4 12 0
1 14 4 13 0
1 14 4 14 0
1 14 4 15 0
1 14 5 0 0
1 14 5 1 0
1 14 5 2 0
1 14 5 3 0
1 14 5 4 0
1 14 5 5 0
1 14 5 6 0
1 14 5 7 0
1 14 5 8 0
1 14 5 9 0
1 14 5 10 0
1 14 5 11 0
1 14 5 12 0
1 14 5 13 0
1 14 5 14 0
1 14 5 15 0
1 14 6 0 0
1 14 6 1 0
1 14 6 2 0
1 14 6 3 0
1 14 6 4 0
1 14 6 5 0
1 14 6 6 0
1 14 6 7 0
1 14 6 8 0
1 14 6 9 0
1 14 6 10 0
1 14 6 11 0
1 14 6 12 0
1 14 6 13 0
1 14 6 14 0
1 14 6 15 0
1 14 7 0 0
1 14 7 1 0
1 14 7 2 0
1 14 7 3 0
1 14 7 4 0
1 14 7 5 0
1 14 7 6 0
1 14 7 7 0
1 14 7 8 0
1 14 7 9 0
1 14 7 10 0
1 14 7 11 0
1 14 7 12 0
1 14 7 13 0
1 14 7 14 0
1 14 7 15 0
1 14 8 0 0
1 14 8 1 0
1 14 8 2 0
1 14 8 3 0
1 14 8 4 0
1 14 8 5 0
1 14 8 6 0
1 14 8 7 0
1 14 8 8 0
1 14 8 9 0
1 14 8 10 0
1 14 8 11 0
1 14 8 12 0
1 14 8 13 0
1 14 8 14 0
1 14 8 15 0
1 14 9 0 0
1 14 9 1 0
1 14 9 2 0
1 14 9 3 0
1 14 9 4 0
1 14 9 5 0
1 14 9 6 0
1 14 9 7 0
1 14 9 8 0
1 14 9 9 0
1 14 9 10 0
1 14 9 11 0
1 14 9 12 0
1 14 9 13 0
1 14 9 14 0
1 14 9 15 0
1 14 10 0 0
1 14 10 1 0
1 14 10 2 0
1 14 10 3 0
1 14 10 4 0
1 14 10 5 0
1 14 10 6 0
1 14 10 7 0
1 14 10 8 0
1 14 10 9 0
1 14 10 10 0
1 14 10 11 0
1 14 10 12 0
1 14 10 13 0
1 14 10 14 0
1 14 10 15 0
1 14 11 0 0
1 14 11 1 0.0006094918916134417
1 14 11 2 0
1 14 11 3 0
1 14 11 4 0
1 14 11 5 0
1 14 11 6 0
1 14 11 7 0
1 14 11 8 0
1 14 11 9 0
1 14 11 10 0
1 14 11 11 0
1 14 11 12 0
1 14 11 13 0
1 14 11 14 0
1 14 11 15 0
1 14 12 0 0
1 14 12 1 0
1 14 12 2 0
1 14 12 3 0
1 14 12 4 0
1 14 12 5 0
1 14 12 6 0
1 14 12 7 0
1 14 12 8 0
1 14 12 9 0
1 14 12 10 0
1 14 12 11 0
1 14 12 12 0
1 14 12 13 0
1 14 12 14 0
1 14 12 15 0
1 14 13 0 0
1 14 13 1 0
1 14 13 2 0
1 14 13 3 0
1 14 13 4 0
1 14 13 5 0
1 14 13 6 0
1 14 13 7 0
1 14 13 8 0
1 14 13 9 0
1 14 13 10 0
1 14 13 11 0
1 14 13 12 0
1 14 13 13 0
1 14 13 14 0
1 14 13 15 0
1 14 14 0 0
1 14 14 1 -0.0009550717936614326
1 14 14 2 0
1 14 14 3 0
1 14 14 4 0
1 14 14 5 0
1 14 14 6 0
1 14 14 7 0
1 14 14 8 0
1 14 14 9 0
1 14 14 10 0
1 14 14 11 0
1 14 14 12 0
1 14 14 13 0
1 14 14 14 0
1 14 14 15 0
1 14 15 0 0
1 14 15 1 0
1 14 15 2 0.000572816827250776
1 14 15 3 0
1 14 15 4 0
1 14 15 5 0
1 14 15 6 0
1 14 15 7 0
1 14 15 8 0
1 14 15 9 0
1 14 15 10 0
1 14 15 11 0
1 14 15 12 0
1 14 15 13 0
1 14 15 14 0
1 14 15 15 0
1 15 0 0 0
1 15 0 1 0
1 15 0 2 0
1 15 0 3 0
1 15 0 4 0
1 15 0 5 0
1 15 0 6 0
1 15 0 7 0
1 15 0 8 0
1 15 0 9 0
1 15 0 10 0
1 15 0 11 0
1 15 0 12 0
1 15 0 13 0
1 15 0 14 0
1 15 0 15 0
1 15 1 0 0
1 15 1 1 0.01144121415185251
1 15 1 2 0
1 15 1 3 0
1 15 1 4 0
1 15 1 5 0
1 15 1 6 0
1 15 1 7 0
1 15 1 8 0
1 15 1 9 0
1 15 1 10 0
1 15 1 11 0
1 15 1 12 0
1 15 1 13 0
1 15 1 14 0
1 15 1 15 9.503759470865474e-05
1 15 2 0 0
1 15 2 1 0
1 15 2 2 0
1 15 2 3 0
1 15 2 4 0
1 15 2 5 0
1 15 2 6 0
1 15 2 7 0
1 15 2 8 0
1 15 2 9 0
1 15 2 10 0
1 15 2 11 0
1 15 2 12 0
1 15 2 13 0
1 15 2 14 0
1 15 2 15 0
1 15 3 0 0
1 15 3 1 0
1 15 3 2 0
1 15 3 3 0
1 15 3 4 0
1 15 3 5 0
1 15 3 6 0
1 15 3 7 0
1 15 3 8 0
1 15 3 9 0
1 15 3 10 0
1 15 3 11 0
1 15 3 12 0
1 15 3 13 0
1 15 3 14 0
1 15 3 15 0
1 15 4 0 0
1 15 4 1 0
1 15 4 2 0
1 15 4 3 0
1 15 4 4 0
1 15 4 5 0
1 15 4 6 0
1 15 4 7 0
1 15 4 8 0
1 15 4 9 0
1 15 4 10 0
1 15 4 11 0
1 15 4 12 0
1 15 4 13 0
1 15 4 14 0
1 15 4 15 0
1 15 5 0 0
1 15 5 1 0
1 15 5 2 0
1 15 5 3 0
1 15 5 4 0
1 15 5 5 0
1 15 5 6 0
1 15 5 7 0
1 15 5 8 0
1 15 5 9 0
1 15 5 10 0
1 15 5 11 0
1 15 5 12 0
1 15 5 13 0
1 15 5 14 0
1 15 5 15 0
1 15 6 0 0
1 15 6 1 0
1 15 6 2 0
1 15 6 3 0
1 15 6 4 0
1 15 6 5 0
1 15 6 6 0
1 15 6 7 0
1 15 6 8 0
1 15 6 9 0
1 15 6 10 0
1 15 6 11 0
1 15 6 12 0
1 15 6 13 0
1 15 6 14 0
1 15 6 15 0
1 15 7 0 0
1 15 7 1 0
1 15 7 2 0
1 15 7 3 0
1 15 7 4 0
1 15 7 5 0
1 15 7 6 0
1 15 7 7 0
1 15 7 8 0
1 15 7 9 0
1 15 7 10 0
1 15 7 11 0
1 15 7 12 0
1 15 7 13 0
1 15 7 14 0
1 15 7 15 0
1 15 8 0 0
1 15 8 1 0
1 15 8 2 0
1 15 8 3 0
1 15 8 4 0
1 15 8 5 0
1 15 8 6 0
1 15 8 7 0
1 15 8 8 0
1 15 8 9 0
1 15 8 10 0
1 15 8 11 0
1 15 8 12 0
1 15 8 13 0
1 15 8 14 0
1 15 8 15 0
1 15 9 0 0
1 15 9 1 0
1 15 9 2 0
1 15 9 3 0
1 15 9 4 0
1 15 9 5 0
1 15 9 6 0
1 15 9 7 0
1 15 9 8 0
1 15 9 9 0
1 15 9 10 0
1 15 9 11 0
1 15 9 12 0
1 15 9 13 0
1 15 9 14 0
1 15 9 15 0
1 15 10 0 0
1 15 10 1 0
1 15 10 2 0
1 15 10 3 0
1 15 10 4 0
1 15 10 5 0
1 15 10 6 0
1 15 10 7 0
1 15 10 8 0
1 15 10 9 0
1 15 10 10 0
1 15 10 11 0
1 15 10 12 0
1 15 10 13 0
1 15 10 14 0
1 15 10 15 0
1 15 11 0 0
1 15 11 1 0
1 15 11 2 0
1 15 11 3 0
1 15 11 4 0
1 15 11 5 0
1 15 11 6 0
1 15 11 7 0
1 15 11 8 0
1 15 11 9 0
1 15 11 10 0
1 15 11 11 0
1 15 11 12 0
1 15 11 13 0
1 15 11 14 0
1 15 11 15 0
1 15 12 0 0
1 15 12 1 0
1 15 12 2 0
1 15 12 3 0
1 15 12 4 0
1 15 12 5 0
1 15 12 6 0
1 15 12 7 0
1 15 12 8 0
1 15 12 9 0
1 15 12 10 0
1 15 12 11 0
1 15 12 12 0
1 15 12 13 0
1 15 12 14 0
1 15 12 15 0
1 15 13 0 0
1 15 13 1 0
1 15 13 2 0
1 15 13 3 0
1 15 13 4 0
1 15 13 5 0
1 15 13 6 0
1 15 13 7 0
1 15 13 8 0
1 15 13 9 0
1 15 13 10 0
1 15 13 11 0
1 15 13 12 0
1 15 13 13 0
1 15 13 14 0
1 15 13 15 0
1 15 14 0 0
1 15 14 1 0
1 15 14 2 0
1 15 14 3 0
1 15 14 4 0
1 15 14 5 0
1 15 14 6 0
1 15 14 7 0
1 15 14 8 0
1 15 14 9 0
1 15 14 10 0
1 15 14 11 0
1 15 14 12 0
1 15 14 13 0
1 15 14 14 0
1 15 14 15 0
1 15 15 0 0
1 15 15 1 8.674741558775287e-05
1 15 15 2 0
1 15 15 3 0
1 15 15 4 0
1 15 15 5 0
1 15 15 6 0
1 15 15 7 0
1 15 15 8 0
1 15 15 9 0
1 15 15 10 0
1 15 15 11 0
1 15 15 12 0
1 15 15 13 0
1 15 15 14 0
1 15 15 15 0
2 0 0 0 -0.0002351219134159289
2 0 0 1 0
2 0 0 2 -1.574566813193365
2 0 0 3 0
2 0 0 4 0
2 0 0 5 0
2 0 0 6 0
2 0 0 7 0
2 0 0 8 0
2 0 0 9 0
2 0 0 10 0
2 0 0 11 0.02507076762911945
2 0 0 12 0
2 0 0 13 0
2 0 0 14 -0.03605404638513918
2 0 0 15 0
2 0 1 0 0
2 0 1 1 0
2 0 1 2 0
2 0 1 3 0
2 0 1 4 0
2 0 1 5 0
2 0 1 6 0
2 0 1 7 0
2 0 1 8 0
2 0 1 9 0
2 0 1 10 0
2 0 1 11 0
2 0 1 12 0
2 0 1 13 0
2 0 1 14 0
2 0 1 15 0
2 0 2 0 3.149133626386729
2 0 2 1 0
2 0 2 2 -0.0002351219134159289
2 0 2 3 0
2 0 2 4 0
2 0 2 5 0
2 0 2 6 0
2 0 2 7 0
2 0 2 8 0
2 0 2 9 0
2 0 2 10 0
2 0 2 11 -0.01957258084870474
2 0 2 12 0
2 0 2 13 0
2 0 2 14 0
2 0 2 15 0
2 0 3 0 0
2 0 3 1 0
2 0 3 2 0
2 0 3 3 0
2 0 3 4 0
2 0 3 5 0
2 0 3 6 0
2 0 3 7 0
2 0 3 8 0
2 0 3 9 0
2 0 3 10 0
2 0 3 11 0
2 0 3 12 0
2 0 3 13 0
2 0 3 14 0
2 0 3 15 0
2 0 4 0 0
2 0 4 1 0
2 0 4 2 0
2 0 4 3 0
2 0 4 4 0
2 0 4 5 0
2 0 4 6 0
2 0 4 7 0
2 0 4 8 0
2 0 4 9 0
2 0 4 10 0
2 0 4 11 0
2 0 4 12 0
2 0 4 13 0
2 0 4 14 0
2 0 4 15 0
2 0 5 0 0
2 0 5 1 0
2 0 5 2 0
2 0 5 3 0
2 0 5 4 0
2 0 5 5 0
2 0 5 6 0
2 0 5 7 0
2 0 5 8 0
2 0 5 9 0
2 0 5 10 0
2 0 5 11 0
2 0 5 12 0
2 0 5 13 0
2 0 5 14 0
2 0 5 15 0
2 0 6 0 0
2 0 6 1 0
2 0 6 2 0
2 0 6 3 0
2 0 6 4 0
2 0 6 5 0
2 0 6 6 0
2 0 6 7 0
2 0 6 8 0
2 0 6 9 0
2 0 6 10 0
2 0 6 11 0
2 0 6 12 0
2 0 6 13 0
2 0 6 14 0
2 0 6 15 0
2 0 7 0 0
2 0 7 1 0
2 0 7 2 0
2 0 7 3 0
2 0 7 4 0
2 0 7 5 0
2 0 7 6 0
2 0 7 7 0.0001003835447008542
2 0 7 8 0
2 0 7 9 0
2 0 7 10 0
2 0 7 11 0
2 0 7 12 0
2 0 7 13 0
2 0 7 14 0
2 0 7 15 0
2 0 8 0 0
2 0 8 1 0
2 0 8 2 0
2 0 8 3 0
2 0 8 4 0
2 0 8 5 0
2 0 8 6 0
2 0 8 7 0
2 0 8 8 0
2 0 8 9 0
2 0 8 10 0
2 0 8 11 0
2 0 8 12 0
2 0 8 13 0
2 0 8 14 0
2 0 8 15 0
2 0 9 0 0
2 0 9 1 0
2 0 9 2 0
2 0 9 3 0
2 0 9 4 0
2 0 9 5 0
2 0 9 6 0
2 0 9 7 0
2 0 9 8 0
2 0 9 9 0
2 0 9 10 0
2 0 9 11 0
2 0 9 12 0
2 0 9 13 0
2 0 9 14 0
2 0 9 15 0
2 0 10 0 0
2 0 10 1 0
2 0 10 2 0
2 0 10 3 0
2 0 10 4 0
2 0 10 5 0
2 0 10 6 0
2 0 10 7 0
2 0 10 8 0
2 0 10 9 0
2 0 10 10 0
2 0 10 11 0
2 0 10 12 0
2 0 10 13 0
2 0 10 14 0
2 0 10 15 0
2 0 11 0 -0.0501415352582389
2 0 11 1 0
2 0 11 2 0.009786290424352372
2 0 11 3 0
2 0 11 4 0
2 0 11 5 0
2 0 11 6 0
2 0 11 7 0
2 0 11 8 0
2 0 11 9 0
2 0 11 10 0
2 0 11 11 0
2 0 11 12 0
2 0 11 13 0
2 0 11 14 0
2 0 11 15 0
2 0 12 0 0
2 0 12 1 0
2 0 12 2 0
2 0 12 3 0
2 0 12 4 0
2 0 12 5 0
2 0 12 6 0
2 0 12 7 0
2 0 12 8 0
2 0 12 9 0
2 0 12 10 0
2 0 12 11 0
2 0 12 12 0
2 0 12 13 0
2 0 12 14 0
2 0 12 15 0
2 0 13 0 0
2 0 13 1 0
2 0 13 2 0
2 0 13 3 0
2 0 13 4 0
2 0 13 5 0
2 0 13 6 0
2 0 13 7 0
2 0 13 8 0
2 0 13 9 0
2 0 13 10 0
2 0 13 11 0
2 0 13 12 0
2 0 13 13 0
2 0 13 14 0
2 0 13 15 0
2 0 14 0 0.07210809277027835
2 0 14 1 0
2 0 14 2 0
2 0 14 3 0
2 0 14 4 0
2 0 14 5 0
2 0 14 6 0
2 0 14 7 0
2 0 14 8 0
2 0 14 9 0
2 0 14 10 0
2 0 14 11 0
2 0 14 12 0
2 0 14 13 0
2 0 14 14 0
2 0 14 15 0
2 0 15 0 0
2 0 15 1 0
2 0 15 2 0
2 0 15 3 0
2 0 15 4 0
2 0 15 5 0
2 0 15 6 0
2 0 15 7 0
2 0 15 8 0
2 0 15 9 0
2 0 15 10 0
2 0 15 11 0
2 0 15 12 0
2 0 15 13 0
2 0 15 14 0
2 0 15 15 0
2 1 0 0 0
2 1 0 1 -0.0004702438268318578
2 1 0 2 0
2 1 0 3 0
2 1 0 4 0
2 1 0 5 0
2 1 0 6 0
2 1 0 7 0
2 1 0 8 0
2 1 0 9 0
2 1 0 10 0
2 1 0 11 0
2 1 0 12 0
2 1 0 13 0
2 1 0 14 0
2 1 0 15 0
2 1 1 0 0.0002351219134159289
2 1 1 1 0
2 1 1 2 -1.574727775104306
2 1 1 3 0
2 1 1 4 0
2 1 1 5 0
2 1 1 6 0
2 1 1 7 0
2 1 1 8 0
2 1 1 9 0
2 1 1 10 0
2 1 1 11 0.02507076762911945
2 1 1 12 0
2 1 1 13 0
2 1 1 14 -0.03605404638513918
2 1 1 15 0
2 1 2 0 0
2 1 2 1 3.149455550208613
2 1 2 2 0
2 1 2 3 0
2 1 2 4 0
2 1 2 5 0
2 1 2 6 0
2 1 2 7 0
2 1 2 8 0
2 1 2 9 0
2 1 2 10 0
2 1 2 11 0
2 1 2 12 0
2 1 2 13 0
2 1 2 14 0
2 1 2 15 0.02288242830370503
2 1 3 0 0
2 1 3 1 0
2 1 3 2 0
2 1 3 3 0
2 1 3 4 0
2 1 3 5 0
2 1 3 6 0
2 1 3 7 0
2 1 3 8 0
2 1 3 9 0
2 1 3 10 0
2 1 3 11 0
2 1 3 12 0
2 1 3 13 0
2 1 3 14 0
2 1 3 15 0
2 1 4 0 0
2 1 4 1 0
2 1 4 2 0
2 1 4 3 0
2 1 4 4 0
2 1 4 5 0
2 1 4 6 0
2 1 4 7 0
2 1 4 8 0
2 1 4 9 0
2 1 4 10 0
2 1 4 11 0
2 1 4 12 0
2 1 4 13 0
2 1 4 14 0
2 1 4 15 0
2 1 5 0 0
2 1 5 1 0
2 1 5 2 0
2 1 5 3 0
2 1 5 4 0
2 1 5 5 0
2 1 5 6 0
2 1 5 7 0
2 1 5 8 0
2 1 5 9 0
2 1 5 10 0
2 1 5 11 0
2 1 5 12 0
2 1 5 13 0
2 1 5 14 0
2 1 5 15 0
2 1 6 0 0
2 1 6 1 0
2 1 6 2 0
2 1 6 3 0
2 1 6 4 0
2 1 6 5 0
2 1 6 6 0
2 1 6 7 0
2 1 6 8 0
2 1 6 9 0
2 1 6 10 0
2 1 6 11 0
2 1 6 12 0
2 1 6 13 0
2 1 6 14 0
2 1 6 15 0
2 1 7 0 0
2 1 7 1 0
2 1 7 2 0
2 1 7 3 0
2 1 7 4 0
2 1 7 5 0
2 1 7 6 0
2 1 7 7 0
2 1 7 8 0
2 1 7 9 0
2 1 7 10 0
2 1 7 11 0
2 1 7 12 0
2 1 7 13 0
2 1 7 14 0
2 1 7 15 0
2 1 8 0 0
2 1 8 1 0
2 1 8 2 0
2 1 8 3 0
2 1 8 4 0
2 1 8 5 0
2 1 8 6 0
2 1 8 7 0
2 1 8 8 0
2 1 8 9 0
2 1 8 10 0
2 1 8 11 0
2 1 8 12 0
2 1 8 13 0
2 1 8 14 0
2 1 8 15 0
2 1 9 0 0
2 1 9 1 0
2 1 9 2 0
2 1 9 3 0
2 1 9 4 0
2 1 9 5 0
2 1 9 6 0
2 1 9 7 0
2 1 9 8 0
2 1 9 9 0
2 1 9 10 0
2 1 9 11 0
2 1 9 12 0
2 1 9 13 0
2 1 9 14 0
2 1 9 15 0
2 1 10 0 0
2 1 10 1 0
2 1 10 2 0
2 1 10 3 0
2 1 10 4 0
2 1 10 5 0
2 1 10 6 0
2 1 10 7 0
2 1 10 8 0
2 1 10 9 0
2 1 10 10 0
2 1 10 11 0
2 1 10 12 0
2 1 10 13 0
2 1 10 14 0
2 1 10 15 0
2 1 11 0 0
2 1 11 1 -0.0501415352582389
2 1 11 2 0
2 1 11 3 0
2 1 11 4 0
2 1 11 5 0
2 1 11 6 0
2 1 11 7 0
2 1 11 8 0
2 1 11 9 0
2 1 11 10 0
2 1 11 11 0
2 1 11 12 0
2 1 11 13 0
2 1 11 14 0
2 1 11 15 0
2 1 12 0 0
2 1 12 1 0
2 1 12 2 0
2 1 12 3 0
2 1 12 4 0
2 1 12 5 0
2 1 12 6 0
2 1 12 7 0
2 1 12 8 0
2 1 12 9 0
2 1 12 10 0
2 1 12 11 0
2 1 12 12 0
2 1 12 13 0
2 1 12 14 0
2 1 12 15 0
2 1 13 0 0
2 1 13 1 0
2 1 13 2 0
2 1 13 3 0
2 1 13 4 0
2 1 13 5 0
2 1 13 6 0
2 1 13 7 0
2 1 13 8 0
2 1 13 9 0
2 1 13 10 0
2 1 13 11 0
2 1 13 12 0
2 1 13 13 0
2 1 13 14 0
2 1 13 15 0
2 1 14 0 0
2 1 14 1 0.07210809277027835
2 1 14 2 0
2 1 14 3 0
2 1 14 4 0
2 1 14 5 0
2 1 14 6 0
2 1 14 7 0
2 1 14 8 0
2 1 14 9 0
2 1 14 10 0
2 1 14 11 0
2 1 14 12 0
2 1 14 13 0
2 1 14 14 0
2 1 14 15 0
2 1 15 0 0
2 1 15 1 0
2 1 15 2 -0.01144121415185251
2 1 15 3 0
2 1 15 4 0
2 1 15 5 0
2 1 15 6 0
2 1 15 7 0
2 1 15 8 0
2 1 15 9 0
2 1 15 10 0
2 1 15 11 0
2 1 15 12 0
2 1 15 13 0
2 1 15 14 0
2 1 15 15 0
2 2 0 0 0
2 2 0 1 0
2 2 0 2 -0.0002351219134159289
2 2 0 3 0
2 2 0 4 0
2 2 0 5 0
2 2 0 6 0
2 2 0 7 0
2 2 0 8 0
2 2 0 9 0
2 2 0 10 0
2 2 0 11 0
2 2 0 12 0
2 2 0 13 0
2 2 0 14 0
2 2 0 15 0
2 2 1 0 0
2 2 1 1 0
2 2 1 2 0
2 2 1 3 0
2 2 1 4 0
2 2 1 5 0
2 2 1 6 0
2 2 1 7 0
2 2 1 8 0
2 2 1 9 0
2 2 1 10 0
2 2 1 11 0
2 2 1 12 0
2 2 1 13 0
2 2 1 14 0
2 2 1 15 0
2 2 2 0 -0.0002351219134159289
2 2 2 1 0
2 2 2 2 1.466112644306837
2 2 2 3 0
2 2 2 4 0
2 2 2 5 0
2 2 2 6 0
2 2 2 7 0
2 2 2 8 0
2 2 2 9 0
2 2 2 10 0
2 2 2 11 -0.02507076762911945
2 2 2 12 0
2 2 2 13 0
2 2 2 14 0.03605404638513918
2 2 2 15 0
2 2 3 0 0
2 2 3 1 0
2 2 3 2 0
2 2 3 3 0
2 2 3 4 0
2 2 3 5 0
2 2 3 6 0
2 2 3 7 0
2 2 3 8 0
2 2 3 9 0
2 2 3 10 0
2 2 3 11 0
2 2 3 12 0
2 2 3 13 0
2 2 3 14 0
2 2 3 15 0
2 2 4 0 0
2 2 4 1 0
2 2 4 2 0
2 2 4 3 0
2 2 4 4 0
2 2 4 5 0
2 2 4 6 0
2 2 4 7 0
2 2 4 8 0
2 2 4 9 0
2 2 4 10 0
2 2 4 11 0
2 2 4 12 0
2 2 4 13 0
2 2 4 14 0
2 2 4 15 0
2 2 5 0 0
2 2 5 1 0
2 2 5 2 0
2 2 5 3 0
2 2 5 4 0
2 2 5 5 0
2 2 5 6 0
2 2 5 7 0
2 2 5 8 0
2 2 5 9 0
2 2 5 10 0
2 2 5 11 0
2 2 5 12 0
2 2 5 13 0
2 2 5 14 0
2 2 5 15 0
2 2 6 0 0
2 2 6 1 0
2 2 6 2 0
2 2 6 3 0
2 2 6 4 0
2 2 6 5 0
2 2 6 6 0
2 2 6 7 0
2 2 6 8 0
2 2 6 9 0
2 2 6 10 0
2 2 6 11 0
2 2 6 12 0
2 2 6 13 0
2 2 6 14 0
2 2 6 15 0
2 2 7 0 0
2 2 7 1 0
2 2 7 2 0
2 2 7 3 0
2 2 7 4 0
2 2 7 5 0
2 2 7 6 0
2 2 7 7 -0.675207539924495
2 2 7 8 0
2 2 7 9 0
2 2 7 10 0
2 2 7 11 0
2 2 7 12 0
2 2 7 13 0
2 2 7 14 0
2 2 7 15 0
2 2 8 0 0
2 2 8 1 0
2 2 8 2 0
2 2 8 3 0
2 2 8 4 0
2 2 8 5 0
2 2 8 6 0
2 2 8 7 0
2 2 8 8 0
2 2 8 9 0
2 2 8 10 0
2 2 8 11 0
2 2 8 12 0
2 2 8 13 0
2 2 8 14 0
2 2 8 15 0
2 2 9 0 0
2 2 9 1 0
2 2 9 2 0
2 2 9 3 0
2 2 9 4 0
2 2 9 5 0
2 2 9 6 0
2 2 9 7 0
2 2 9 8 0
2 2 9 9 0
2 2 9 10 0
2 2 9 11 0
2 2 9 12 0
2 2 9 13 0
2 2 9 14 0
2 2 9 15 0
2 2 10 0 0
2 2 10 1 0
2 2 10 2 0
2 2 10 3 0
2 2 10 4 0
2 2 10 5 0
2 2 10 6 0
2 2 10 7 0
2 2 10 8 0
2 2 10 9 0
2 2 10 10 0
2 2 10 11 0
2 2 10 12 0
2 2 10 13 0
2 2 10 14 0
2 2 10 15 0
2 2 11 0 0
2 2 11 1 0
2 2 11 2 -0.02507076762911945
2 2 11 3 0
2 2 11 4 0
2 2 11 5 0
2 2 11 6 0
2 2 11 7 0
2 2 11 8 0
2 2 11 9 0
2 2 11 10 0
2 2 11 11 0
2 2 11 12 0
2 2 11 13 0
2 2 11 14 0
2 2 11 15 0
2 2 12 0 0
2 2 12 1 0
2 2 12 2 0
2 2 12 3 0
2 2 12 4 0
2 2 12 5 0
2 2 12 6 0
2 2 12 7 0
2 2 12 8 0
2 2 12 9 0
2 2 12 10 0
2 2 12 11 0
2 2 12 12 0
2 2 12 13 0
2 2 12 14 0
2 2 12 15 0
2 2 13 0 0
2 2 13 1 0
2 2 13 2 0
2 2 13 3 0
2 2 13 4 0
2 2 13 5 0
2 2 13 6 0
2 2 13 7 0
2 2 13 8 0
2 2 13 9 0
2 2 13 10 0
2 2 13 11 0
2 2 13 12 0
2 2 13 13 0
2 2 13 14 0
2 2 13 15 0
2 2 14 0 0
2 2 14 1 0
2 2 14 2 0.03605404638513918
2 2 14 3 0
2 2 14 4 0
2 2 14 5 0
2 2 14 6 0
2 2 14 7 0
2 2 14 8 0
2 2 14 9 0
2 2 14 10 0
2 2 14 11 0
2 2 14 12 0
2 2 14 13 0
2 2 14 14 0
2 2 14 15 0
2 2 15 0 0
2 2 15 1 0
2 2 15 2 0
2 2 15 3 0
2 2 15 4 0
2 2 15 5 0
2 2 15 6 0
2 2 15 7 0
2 2 15 8 0
2 2 15 9 0
2 2 15 10 0
2 2 15 11 0
2 2 15 12 0
2 2 15 13 0
2 2 15 14 0
2 2 15 15 0
2 3 0 0 0
2 3 0 1 0
2 3 0 2 0
2 3 0 3 -0.0002351219134159289
2 3 0 4 0
2 3 0 5 0
2 3 0 6 0
2 3 0 7 0
2 3 0 8 0
2 3 0 9 0
2 3 0 10 0
2 3 0 11 0
2 3 0 12 0
2 3 0 13 0
2 3 0 14 0
2 3 0 15 0
2 3 1 0 0
2 3 1 1 0
2 3 1 2 0
2 3 1 3 0
2 3 1 4 0
2 3 1 5 0
2 3 1 6 0
2 3 1 7 0
2 3 1 8 0
2 3 1 9 0
2 3 1 10 0
2 3 1 11 0
2 3 1 12 0
2 3 1 13 0
2 3 1 14 0
2 3 1 15 0
2 3 2 0 0
2 3 2 1 0
2 3 2 2 0
2 3 2 3 1.589554007633971
2 3 2 4 0
2 3 2 5 0
2 3 2 6 0
2 3 2 7 0
2 3 2 8 0.0975393325961281
2 3 2 9 0
2 3 2 10 0
2 3 2 11 0
2 3 2 12 0
2 3 2 13 0
2 3 2 14 0
2 3 2 15 0
2 3 3 0 3.545537704018525e-05
2 3 3 1 0
2 3 3 2 -0.7937684820094946
2 3 3 3 0
2 3 3 4 0
2 3 3 5 0
2 3 3 6 0
2 3 3 7 0
2 3 3 8 0
2 3 3 9 0
2 3 3 10 0
2 3 3 11 0.01027226987767102
2 3 3 12 0
2 3 3 13 0
2 3 3 14 -0.02059912552377324
2 3 3 15 0
2 3 4 0 0
2 3 4 1 0
2 3 4 2 0
2 3 4 3 0
2 3 4 4 0
2 3 4 5 0
2 3 4 6 0
2 3 4 7 0
2 3 4 8 0
2 3 4 9 0
2 3 4 10 0
2 3 4 11 0
2 3 4 12 0
2 3 4 13 0
2 3 4 14 0
2 3 4 15 0
2 3 5 0 0
2 3 5 1 0
2 3 5 2 0
2 3 5 3 0
2 3 5 4 0
2 3 5 5 0
2 3 5 6 0
2 3 5 7 0
2 3 5 8 0
2 3 5 9 0
2 3 5 10 0
2 3 5 11 0
2 3 5 12 0
2 3 5 13 0
2 3 5 14 0
2 3 5 15 0
2 3 6 0 0
2 3 6 1 0
2 3 6 2 0
2 3 6 3 0
2 3 6 4 0
2 3 6 5 0
2 3 6 6 0
2 3 6 7 0.2730334313577585
2 3 6 8 0
2 3 6 9 0
2 3 6 10 0
2 3 6 11 0
2 3 6 12 0
2 3 6 13 0
2 3 6 14 0
2 3 6 15 0
2 3 7 0 0
2 3 7 1 0
2 3 7 2 0
2 3 7 3 0
2 3 7 4 0
2 3 7 5 0
2 3 7 6 -9.631963676540352e-06
2 3 7 7 0
2 3 7 8 0
2 3 7 9 0
2 3 7 10 0
2 3 7 11 0
2 3 7 12 0
2 3 7 13 0
2 3 7 14 0
2 3 7 15 0
2 3 8 0 0
2 3 8 1 0
2 3 8 2 -0.04876966629806405
2 3 8 3 0
2 3 8 4 0
2 3 8 5 0
2 3 8 6 0
2 3 8 7 0
2 3 8 8 0
2 3 8 9 0
2 3 8 10 0
2 3 8 11 0
2 3 8 12 0
2 3 8 13 0
2 3 8 14 0
2 3 8 15 0
2 3 9 0 0
2 3 9 1 0
2 3 9 2 0
2 3 9 3 0
2 3 9 4 0
2 3 9 5 0
2 3 9 6 0
2 3 9 7 0
2 3 9 8 0
2 3 9 9 0
2 3 9 10 0
2 3 9 11 0
2 3 9 12 0
2 3 9 13 0
2 3 9 14 0
2 3 9 15 0
2 3 10 0 0
2 3 10 1 0
2 3 10 2 0
2 3 10 3 0
2 3 10 4 0
2 3 10 5 0
2 3 10 6 0
2 3 10 7 0
2 3 10 8 0
2 3 10 9 0
2 3 10 10 0
2 3 10 11 0
2 3 10 12 0
2 3 10 13 0
2 3 10 14 0
2 3 10 15 0
2 3 11 0 0
2 3 11 1 0
2 3 11 2 0
2 3 11 3 -0.02507076762911946
2 3 11 4 0
2 3 11 5 0
2 3 11 6 0
2 3 11 7 0
2 3 11 8 0
2 3 11 9 0
2 3 11 10 0
2 3 11 11 0
2 3 11 12 0
2 3 11 13 0
2 3 11 14 0
2 3 11 15 0
2 3 12 0 0
2 3 12 1 0
2 3 12 2 0
2 3 12 3 0
2 3 12 4 0
2 3 12 5 0
2 3 12 6 0
2 3 12 7 0
2 3 12 8 0
2 3 12 9 0
2 3 12 10 0
2 3 12 11 0
2 3 12 12 0
2 3 12 13 0
2 3 12 14 0
2 3 12 15 0
2 3 13 0 0
2 3 13 1 0
2 3 13 2 0
2 3 13 3 0
2 3 13 4 0
2 3 13 5 0
2 3 13 6 0
2 3 13 7 0
2 3 13 8 0
2 3 13 9 0
2 3 13 10 0
2 3 13 11 0
2 3 13 12 0
2 3 13 13 0
2 3 13 14 0
2 3 13 15 0
2 3 14 0 0
2 3 14 1 0
2 3 14 2 0
2 3 14 3 0.03605404638513918
2 3 14 4 0
2 3 14 5 0
2 3 14 6 0
2 3 14 7 0
2 3 14 8 0
2 3 14 9 0
2 3 14 10 0
2 3 14 11 0
2 3 14 12 0
2 3 14 13 0
2 3 14 14 0
2 3 14 15 0
2 3 15 0 0
2 3 15 1 0
2 3 15 2 0
2 3 15 3 0
2 3 15 4 0
2 3 15 5 0
2 3 15 6 0
2 3 15 7 0
2 3 15 8 0
2 3 15 9 0
2 3 15 10 0
2 3 15 11 0
2 3 15 12 0
2 3 15 13 0
2 3 15 14 0
2 3 15 15 0
2 4 0 0 0
2 4 0 1 0
2 4 0 2 0
2 4 0 3 0
2 4 0 4 -0.0002351219134159289
2 4 0 5 0
2 4 0 6 0
2 4 0 7 0
2 4 0 8 0
2 4 0 9 0
2 4 0 10 0
2 4 0 11 0
2 4 0 12 0
2 4 0 13 0
2 4 0 14 0
2 4 0 15 0
2 4 1 0 0
2 4 1 1 0
2 4 1 2 0
2 4 1 3 0
2 4 1 4 0
2 4 1 5 0
2 4 1 6 0
2 4 1 7 0
2 4 1 8 0
2 4 1 9 0
2 4 1 10 0
2 4 1 11 0
2 4 1 12 0
2 4 1 13 0
2 4 1 14 0
2 4 1 15 0
2 4 2 0 0
2 4 2 1 0
2 4 2 2 0
2 4 2 3 0
2 4 2 4 1.570986214215085
2 4 2 5 0
2 4 2 6 0
2 4 2 7 0
2 4 2 8 0
2 4 2 9 0.09558076065317657
2 4 2 10 0
2 4 2 11 0
2 4 2 12 0
2 4 2 13 0
2 4 2 14 0
2 4 2 15 0
2 4 3 0 0
2 4 3 1 0
2 4 3 2 0
2 4 3 3 0
2 4 3 4 0
2 4 3 5 0
2 4 3 6 0
2 4 3 7 0
2 4 3 8 0
2 4 3 9 0
2 4 3 10 0
2 4 3 11 0
2 4 3 12 0
2 4 3 13 0
2 4 3 14 0
2 4 3 15 0
2 4 4 0 4.456840007047859e-05
2 4 4 1 0
2 4 4 2 -0.7343839114325742
2 4 4 3 0
2 4 4 4 0
2 4 4 5 0
2 4 4 6 0
2 4 4 7 0
2 4 4 8 0
2 4 4 9 0
2 4 4 10 0
2 4 4 11 0.01171223999974392
2 4 4 12 0
2 4 4 13 0
2 4 4 14 -0.02354826530544127
2 4 4 15 0
2 4 5 0 0
2 4 5 1 0
2 4 5 2 0
2 4 5 3 0
2 4 5 4 0
2 4 5 5 0
2 4 5 6 0
2 4 5 7 0.02016769362305174
2 4 5 8 0
2 4 5 9 0
2 4 5 10 0
2 4 5 11 0
2 4 5 12 0
2 4 5 13 0
2 4 5 14 0
2 4 5 15 0
2 4 6 0 0
2 4 6 1 0
2 4 6 2 0
2 4 6 3 0
2 4 6 4 0
2 4 6 5 0
2 4 6 6 0
2 4 6 7 0
2 4 6 8 0
2 4 6 9 0
2 4 6 10 0
2 4 6 11 0
2 4 6 12 0
2 4 6 13 0
2 4 6 14 0
2 4 6 15 0
2 4 7 0 0
2 4 7 1 0
2 4 7 2 0
2 4 7 3 0
2 4 7 4 0
2 4 7 5 7.959076734416774e-07
2 4 7 6 0
2 4 7 7 0
2 4 7 8 0
2 4 7 9 0
2 4 7 10 0
2 4 7 11 0
2 4 7 12 0
2 4 7 13 0
2 4 7 14 0
2 4 7 15 0
2 4 8 0 0
2 4 8 1 0
2 4 8 2 0
2 4 8 3 0
2 4 8 4 0
2 4 8 5 0
2 4 8 6 0
2 4 8 7 0
2 4 8 8 0
2 4 8 9 0
2 4 8 10 0
2 4 8 11 0
2 4 8 12 0
2 4 8 13 0
2 4 8 14 0
2 4 8 15 0
2 4 9 0 0
2 4 9 1 0
2 4 9 2 -0.04779038032658828
2 4 9 3 0
2 4 9 4 0
2 4 9 5 0
2 4 9 6 0
2 4 9 7 0
2 4 9 8 0
2 4 9 9 0
2 4 9 10 0
2 4 9 11 0
2 4 9 12 0
2 4 9 13 0
2 4 9 14 0
2 4 9 15 0
2 4 10 0 0
2 4 10 1 0
2 4 10 2 0
2 4 10 3 0
2 4 10 4 0
2 4 10 5 0
2 4 10 6 0
2 4 10 7 0
2 4 10 8 0
2 4 10 9 0
2 4 10 10 0
2 4 10 11 0
2 4 10 12 0
2 4 10 13 0
2 4 10 14 0
2 4 10 15 0
2 4 11 0 0
2 4 11 1 0
2 4 11 2 0
2 4 11 3 0
2 4 11 4 -0.02507076762911945
2 4 11 5 0
2 4 11 6 0
2 4 11 7 0
2 4 11 8 0
2 4 11 9 0
2 4 11 10 0
2 4 11 11 0
2 4 11 12 0
2 4 11 13 0
2 4 11 14 0
2 4 11 15 0
2 4 12 0 0
2 4 12 1 0
2 4 12 2 0
2 4 12 3 0
2 4 12 4 0
2 4 12 5 0
2 4 12 6 0
2 4 12 7 0
2 4 12 8 0
2 4 12 9 0
2 4 12 10 0
2 4 12 11 0
2 4 12 12 0
2 4 12 13 0
2 4 12 14 0
2 4 12 15 0
2 4 13 0 0
2 4 13 1 0
2 4 13 2 0
2 4 13 3 0
2 4 13 4 0
2 4 13 5 0
2 4 13 6 0
2 4 13 7 0
2 4 13 8 0
2 4 13 9 0
2 4 13 10 0
2 4 13 11 0
2 4 13 12 0
2 4 13 13 0
2 4 13 14 0
2 4 13 15 0
2 4 14 0 0
2 4 14 1 0
2 4 14 2 0
2 4 14 3 0
2 4 14 4 0.03605404638513917
2 4 14 5 0
2 4 14 6 0
2 4 14 7 0
2 4 14 8 0
2 4 14 9 0
2 4 14 10 0
2 4 14 11 0
2 4 14 12 0
2 4 14 13 0
2 4 14 14 0
2 4 14 15 0
2 4 15 0 0
2 4 15 1 0
2 4 15 2 0
2 4 15 3 0
2 4 15 4 0
2 4 15 5 0
2 4 15 6 0
2 4 15 7 0
2 4 15 8 0
2 4 15 9 0
2 4 15 10 0
2 4 15 11 0
2 4 15 12 0
2 4 15 13 0
2 4 15 14 0
2 4 15 15 0
2 5 0 0 0
2 5 0 1 0
2 5 0 2 0
2 5 0 3 0
2 5 0 4 0
2 5 0 5 -0.0002351219134159289
2 5 0 6 0
2 5 0 7 0
2 5 0 8 0
2 5 0 9 0
2 5 0 10 0
2 5 0 11 0
2 5 0 12 0
2 5 0 13 0
2 5 0 14 0
2 5 0 15 0
2 5 1 0 0
2 5 1 1 0
2 5 1 2 0
2 5 1 3 0
2 5 1 4 0
2 5 1 5 0
2 5 1 6 0
2 5 1 7 0
2 5 1 8 0
2 5 1 9 0
2 5 1 10 0
2 5 1 11 0
2 5 1 12 0
2 5 1 13 0
2 5 1 14 0
2 5 1 15 0
2 5 2 0 0
2 5 2 1 0
2 5 2 2 0
2 5 2 3 0
2 5 2 4 0
2 5 2 5 1.566256662222807
2 5 2 6 0
2 5 2 7 0
2 5 2 8 0
2 5 2 9 0
2 5 2 10 0
2 5 2 11 0
2 5 2 12 0.09122565652078567
2 5 2 13 0
2 5 2 14 0
2 5 2 15 0
2 5 3 0 0
2 5 3 1 0
2 5 3 2 0
2 5 3 3 0
2 5 3 4 0
2 5 3 5 0
2 5 3 6 0
2 5 3 7 0
2 5 3 8 0
2 5 3 9 0
2 5 3 10 0
2 5 3 11 0
2 5 3 12 0
2 5 3 13 0
2 5 3 14 0
2 5 3 15 0
2 5 4 0 0
2 5 4 1 0
2 5 4 2 0
2 5 4 3 0
2 5 4 4 0
2 5 4 5 0
2 5 4 6 0
2 5 4 7 0.04300112425468635
2 5 4 8 0
2 5 4 9 0
2 5 4 10 0
2 5 4 11 0
2 5 4 12 0
2 5 4 13 0
2 5 4 14 0
2 5 4 15 0
2 5 5 0 3.037491641292474e-06
2 5 5 1 0
2 5 5 2 -0.7326986214935318
2 5 5 3 0
2 5 5 4 0
2 5 5 5 0
2 5 5 6 0
2 5 5 7 0
2 5 5 8 0
2 5 5 9 0
2 5 5 10 0
2 5 5 11 0.01094259597811974
2 5 5 12 0
2 5 5 13 0
2 5 5 14 -0.01983940773022649
2 5 5 15 0
2 5 6 0 0
2 5 6 1 0
2 5 6 2 0
2 5 6 3 0
2 5 6 4 0
2 5 6 5 0
2 5 6 6 0
2 5 6 7 0
2 5 6 8 0
2 5 6 9 0
2 5 6 10 0
2 5 6 11 0
2 5 6 12 0
2 5 6 13 0
2 5 6 14 0
2 5 6 15 0
2 5 7 0 0
2 5 7 1 0
2 5 7 2 0
2 5 7 3 0
2 5 7 4 5.65708532605509e-05
2 5 7 5 0
2 5 7 6 0
2 5 7 7 0
2 5 7 8 0
2 5 7 9 0
2 5 7 10 0
2 5 7 11 0
2 5 7 12 0
2 5 7 13 0
2 5 7 14 0
2 5 7 15 0
2 5 8 0 0
2 5 8 1 0
2 5 8 2 0
2 5 8 3 0
2 5 8 4 0
2 5 8 5 0
2 5 8 6 0
2 5 8 7 0
2 5 8 8 0
2 5 8 9 0
2 5 8 10 0
2 5 8 11 0
2 5 8 12 0
2 5 8 13 0
2 5 8 14 0
2 5 8 15 0
2 5 9 0 0
2 5 9 1 0
2 5 9 2 0
2 5 9 3 0
2 5 9 4 0
2 5 9 5 0
2 5 9 6 0
2 5 9 7 0
2 5 9 8 0
2 5 9 9 0
2 5 9 10 0
2 5 9 11 0
2 5 9 12 0
2 5 9 13 0
2 5 9 14 0
2 5 9 15 0
2 5 10 0 0
2 5 10 1 0
2 5 10 2 0
2 5 10 3 0
2 5 10 4 0
2 5 10 5 0
2 5 10 6 0
2 5 10 7 0
2 5 10 8 0
2 5 10 9 0
2 5 10 10 0
2 5 10 11 0
2 5 10 12 0
2 5 10 13 0
2 5 10 14 0
2 5 10 15 0
2 5 11 0 0
2 5 11 1 0
2 5 11 2 0
2 5 11 3 0
2 5 11 4 0
2 5 11 5 -0.02507076762911945
2 5 11 6 0
2 5 11 7 0
2 5 11 8 0
2 5 11 9 0
2 5 11 10 0
2 5 11 11 0
2 5 11 12 0
2 5 11 13 0
2 5 11 14 0
2 5 11 15 0
2 5 12 0 0
2 5 12 1 0
2 5 12 2 -0.04561282826039283
2 5 12 3 0
2 5 12 4 0
2 5 12 5 0
2 5 12 6 0
2 5 12 7 0
2 5 12 8 0
2 5 12 9 0
2 5 12 10 0
2 5 12 11 0
2 5 12 12 0
2 5 12 13 0
2 5 12 14 0
2 5 12 15 0
2 5 13 0 0
2 5 13 1 0
2 5 13 2 0
2 5 13 3 0
2 5 13 4 0
2 5 13 5 0
2 5 13 6 0
2 5 13 7 0
2 5 13 8 0
2 5 13 9 0
2 5 13 10 0
2 5 13 11 0
2 5 13 12 0
2 5 13 13 0
2 5 13 14 0
2 5 13 15 0
2 5 14 0 0
2 5 14 1 0
2 5 14 2 0
2 5 14 3 0
2 5 14 4 0
2 5 14 5 0.03605404638513918
2 5 14 6 0
2 5 14 7 0
2 5 14 8 0
2 5 14 9 0
2 5 14 10 0
2 5 14 11 0
2 5 14 12 0
2 5 14 13 0
2 5 14 14 0
2 5 14 15 0
2 5 15 0 0
2 5 15 1 0
2 5 15 2 0
2 5 15 3 0
2 5 15 4 0
2 5 15 5 0
2 5 15 6 0
2 5 15 7 0
2 5 15 8 0
2 5 15 9 0
2 5 15 10 0
2 5 15 11 0
2 5 15 12 0
2 5 15 13 0
2 5 15 14 0
2 5 15 15 0
2 6 0 0 0
2 6 0 1 0
2 6 0 2 0
2 6 0 3 0
2 6 0 4 0
2 6 0 5 0
2 6 0 6 -0.0002351219134159289
2 6 0 7 0
2 6 0 8 0
2 6 0 9 0
2 6 0 10 0
2 6 0 11 0
2 6 0 12 0
2 6 0 13 0
2 6 0 14 0
2 6 0 15 0
2 6 1 0 0
2 6 1 1 0
2 6 1 2 0
2 6 1 3 0
2 6 1 4 0
2 6 1 5 0
2 6 1 6 0
2 6 1 7 0
2 6 1 8 0
2 6 1 9 0
2 6 1 10 0
2 6 1 11 0
2 6 1 12 0
2 6 1 13 0
2 6 1 14 0
2 6 1 15 0
2 6 2 0 0
2 6 2 1 0
2 6 2 2 0
2 6 2 3 0
2 6 2 4 0
2 6 2 5 0
2 6 2 6 1.547291160161155
2 6 2 7 0
2 6 2 8 0
2 6 2 9 0
2 6 2 10 0
2 6 2 11 0
2 6 2 12 0
2 6 2 13 0.09271932556327038
2 6 2 14 0
2 6 2 15 0
2 6 3 0 0
2 6 3 1 0
2 6 3 2 0
2 6 3 3 0
2 6 3 4 0
2 6 3 5 0
2 6 3 6 0
2 6 3 7 0.2941925768110161
2 6 3 8 0
2 6 3 9 0
2 6 3 10 0
2 6 3 11 0
2 6 3 12 0
2 6 3 13 0
2 6 3 14 0
2 6 3 15 0
2 6 4 0 0
2 6 4 1 0
2 6 4 2 0
2 6 4 3 0
2 6 4 4 0
2 6 4 5 0
2 6 4 6 0
2 6 4 7 0
2 6 4 8 0
2 6 4 9 0
2 6 4 10 0
2 6 4 11 0
2 6 4 12 0
2 6 4 13 0
2 6 4 14 0
2 6 4 15 0
2 6 5 0 0
2 6 5 1 0
2 6 5 2 0
2 6 5 3 0
2 6 5 4 0
2 6 5 5 0
2 6 5 6 0
2 6 5 7 0
2 6 5 8 0
2 6 5 9 0
2 6 5 10 0
2 6 5 11 0
2 6 5 12 0
2 6 5 13 0
2 6 5 14 0
2 6 5 15 0
2 6 6 0 2.624881862862689e-07
2 6 6 1 0
2 6 6 2 -0.7728922918335637
2 6 6 3 0
2 6 6 4 0
2 6 6 5 0
2 6 6 6 0
2 6 6 7 0
2 6 6 8 0
2 6 6 9 0
2 6 6 10 0
2 6 6 11 0.00937686353698541
2 6 6 12 0
2 6 6 13 0
2 6 6 14 -0.01698924600753226
2 6 6 15 0
2 6 7 0 0
2 6 7 1 0
2 6 7 2 0
2 6 7 3 3.829486270049655e-05
2 6 7 4 0
2 6 7 5 0
2 6 7 6 0
2 6 7 7 0
2 6 7 8 0
2 6 7 9 0
2 6 7 10 0
2 6 7 11 0
2 6 7 12 0
2 6 7 13 0
2 6 7 14 0
2 6 7 15 0
2 6 8 0 0
2 6 8 1 0
2 6 8 2 0
2 6 8 3 0
2 6 8 4 0
2 6 8 5 0
2 6 8 6 0
2 6 8 7 0
2 6 8 8 0
2 6 8 9 0
2 6 8 10 0
2 6 8 11 0
2 6 8 12 0
2 6 8 13 0
2 6 8 14 0
2 6 8 15 0
2 6 9 0 0
2 6 9 1 0
2 6 9 2 0
2 6 9 3 0
2 6 9 4 0
2 6 9 5 0
2 6 9 6 0
2 6 9 7 0
2 6 9 8 0
2 6 9 9 0
2 6 9 10 0
2 6 9 11 0
2 6 9 12 0
2 6 9 13 0
2 6 9 14 0
2 6 9 15 0
2 6 10 0 0
2 6 10 1 0
2 6 10 2 0
2 6 10 3 0
2 6 10 4 0
2 6 10 5 0
2 6 10 6 0
2 6 10 7 0
2 6 10 8 0
2 6 10 9 0
2 6 10 10 0
2 6 10 11 0
2 6 10 12 0
2 6 10 13 0
2 6 10 14 0
2 6 10 15 0
2 6 11 0 0
2 6 11 1 0
2 6 11 2 0
2 6 11 3 0
2 6 11 4 0
2 6 11 5 0
2 6 11 6 -0.02507076762911946
2 6 11 7 0
2 6 11 8 0
2 6 11 9 0
2 6 11 10 0
2 6 11 11 0
2 6 11 12 0
2 6 11 13 0
2 6 11 14 0
2 6 11 15 0
2 6 12 0 0
2 6 12 1 0
2 6 12 2 0
2 6 12 3 0
2 6 12 4 0
2 6 12 5 0
2 6 12 6 0
2 6 12 7 0
2 6 12 8 0
2 6 12 9 0
2 6 12 10 0
2 6 12 11 0
2 6 12 12 0
2 6 12 13 0
2 6 12 14 0
2 6 12 15 0
2 6 13 0 0
2 6 13 1 0
2 6 13 2 -0.04635966278163519
2 6 13 3 0
2 6 13 4 0
2 6 13 5 0
2 6 13 6 0
2 6 13 7 0
2 6 13 8 0
2 6 13 9 0
2 6 13 10 0
2 6 13 11 0
2 6 13 12 0
2 6 13 13 0
2 6 13 14 0
2 6 13 15 0
2 6 14 0 0
2 6 14 1 0
2 6 14 2 0
2 6 14 3 0
2 6 14 4 0
2 6 14 5 0
2 6 14 6 0.03605404638513918
2 6 14 7 0
2 6 14 8 0
2 6 14 9 0
2 6 14 10 0
2 6 14 11 0
2 6 14 12 0
2 6 14 13 0
2 6 14 14 0
2 6 14 15 0
2 6 15 0 0
2 6 15 1 0
2 6 15 2 0
2 6 15 3 0
2 6 15 4 0
2 6 15 5 0
2 6 15 6 0
2 6 15 7 0
2 6 15 8 0
2 6 15 9 0
2 6 15 10 0
2 6 15 11 0
2 6 15 12 0
2 6 15 13 0
2 6 15 14 0
2 6 15 15 0
2 7 0 0 0
2 7 0 1 0
2 7 0 2 0
2 7 0 3 0
2 7 0 4 0
2 7 0 5 0
2 7 0 6 0
2 7 0 7 0
2 7 0 8 0
2 7 0 9 0
2 7 0 10 0
2 7 0 11 0
2 7 0 12 0
2 7 0 13 0
2 7 0 14 0
2 7 0 15 0
2 7 1 0 0
2 7 1 1 0
2 7 1 2 0
2 7 1 3 0
2 7 1 4 0
2 7 1 5 0
2 7 1 6 0
2 7 1 7 0
2 7 1 8 0
2 7 1 9 0
2 7 1 10 0
2 7 1 11 0
2 7 1 12 0
2 7 1 13 0
2 7 1 14 0
2 7 1 15 0
2 7 2 0 0
2 7 2 1 0
2 7 2 2 0
2 7 2 3 0
2 7 2 4 0
2 7 2 5 0
2 7 2 6 0
2 7 2 7 0.1072954713449453
2 7 2 8 0
2 7 2 9 0
2 7 2 10 0
2 7 2 11 0
2 7 2 12 0
2 7 2 13 0
2 7 2 14 0
2 7 2 15 0
2 7 3 0 0
2 7 3 1 0
2 7 3 2 0
2 7 3 3 0
2 7 3 4 0
2 7 3 5 0
2 7 3 6 0
2 7 3 7 0
2 7 3 8 0
2 7 3 9 0
2 7 3 10 0
2 7 3 11 0
2 7 3 12 0
2 7 3 13 0
2 7 3 14 0
2 7 3 15 0
2 7 4 0 0
2 7 4 1 0
2 7 4 2 0
2 7 4 3 0
2 7 4 4 0
2 7 4 5 0
2 7 4 6 0
2 7 4 7 0
2 7 4 8 0
2 7 4 9 0
2 7 4 10 0
2 7 4 11 0
2 7 4 12 0
2 7 4 13 0
2 7 4 14 0
2 7 4 15 0
2 7 5 0 0
2 7 5 1 0
2 7 5 2 0
2 7 5 3 0
2 7 5 4 0
2 7 5 5 0
2 7 5 6 0
2 7 5 7 0
2 7 5 8 0
2 7 5 9 0
2 7 5 10 0
2 7 5 11 0
2 7 5 12 0
2 7 5 13 0
2 7 5 14 0
2 7 5 15 0
2 7 6 0 0
2 7 6 1 0
2 7 6 2 0
2 7 6 3 0
2 7 6 4 0
2 7 6 5 0
2 7 6 6 0
2 7 6 7 0
2 7 6 8 0
2 7 6 9 0
2 7 6 10 0
2 7 6 11 0
2 7 6 12 0
2 7 6 13 0
2 7 6 14 0
2 7 6 15 0
2 7 7 0 0
2 7 7 1 0
2 7 7 2 -0.1072064729572812
2 7 7 3 0
2 7 7 4 0
2 7 7 5 0
2 7 7 6 0
2 7 7 7 0
2 7 7 8 0
2 7 7 9 0
2 7 7 10 0
2 7 7 11 0
2 7 7 12 0
2 7 7 13 0
2 7 7 14 0
2 7 7 15 0
2 7 8 0 0
2 7 8 1 0
2 7 8 2 0
2 7 8 3 0
2 7 8 4 0
2 7 8 5 0
2 7 8 6 0
2 7 8 7 0
2 7 8 8 0
2 7 8 9 0
2 7 8 10 0
2 7 8 11 0
2 7 8 12 0
2 7 8 13 0
2 7 8 14 0
2 7 8 15 0
2 7 9 0 0
2 7 9 1 0
2 7 9 2 0
2 7 9 3 0
2 7 9 4 0
2 7 9 5 0
2 7 9 6 0
2 7 9 7 0
2 7 9 8 0
2 7 9 9 0
2 7 9 10 0
2 7 9 11 0
2 7 9 12 0
2 7 9 13 0
2 7 9 14 0
2 7 9 15 0
2 7 10 0 0
2 7 10 1 0
2 7 10 2 0
2 7 10 3 0
2 7 10 4 0
2 7 10 5 0
2 7 10 6 0
2 7 10 7 0
2 7 10 8 0
2 7 10 9 0
2 7 10 10 0
2 7 10 11 0
2 7 10 12 0
2 7 10 13 0
2 7 10 14 0
2 7 10 15 0
2 7 11 0 0
2 7 11 1 0
2 7 11 2 0
2 7 11 3 0
2 7 11 4 0
2 7 11 5 0
2 7 11 6 0
2 7 11 7 0
2 7 11 8 0
2 7 11 9 0
2 7 11 10 0
2 7 11 11 0
2 7 11 12 0
2 7 11 13 0
2 7 11 14 0
2 7 11 15 0
2 7 12 0 0
2 7 12 1 0
2 7 12 2 0
2 7 12 3 0
2 7 12 4 0
2 7 12 5 0
2 7 12 6 0
2 7 12 7 0
2 7 12 8 0
2 7 12 9 0
2 7 12 10 0
2 7 12 11 0
2 7 12 12 0
2 7 12 13 0
2 7 12 14 0
2 7 12 15 0
2 7 13 0 0
2 7 13 1 0
2 7 13 2 0
2 7 13 3 0
2 7 13 4 0
2 7 13 5 0
2 7 13 6 0
2 7 13 7 0
2 7 13 8 0
2 7 13 9 0
2 7 13 10 0
2 7 13 11 0
2 7 13 12 0
2 7 13 13 0
2 7 13 14 0
2 7 13 15 0
2 7 14 0 0
2 7 14 1 0
2 7 14 2 0
2 7 14 3 0
2 7 14 4 0
2 7 14 5 0
2 7 14 6 0
2 7 14 7 0
2 7 14 8 0
2 7 14 9 0
2 7 14 10 0
2 7 14 11 0
2 7 14 12 0
2 7 14 13 0
2 7 14 14 0
2 7 14 15 0
2 7 15 0 0
2 7 15 1 0
2 7 15 2 0
2 7 15 3 0
2 7 15 4 0
2 7 15 5 0
2 7 15 6 0
2 7 15 7 0
2 7 15 8 0
2 7 15 9 0
2 7 15 10 0
2 7 15 11 0
2 7 15 12 0
2 7 15 13 0
2 7 15 14 0
2 7 15 15 0
2 8 0 0 0
2 8 0 1 0
2 8 0 2 0
2 8 0 3 0
2 8 0 4 0
2 8 0 5 0
2 8 0 6 0
2 8 0 7 0
2 8 0 8 0
2 8 0 9 0
2 8 0 10 0
2 8 0 11 0
2 8 0 12 0
2 8 0 13 0
2 8 0 14 0
2 8 0 15 0
2 8 1 0 0
2 8 1 1 0
2 8 1 2 0
2 8 1 3 0
2 8 1 4 0
2 8 1 5 0
2 8 1 6 0
2 8 1 7 0
2 8 1 8 0
2 8 1 9 0
2 8 1 10 0
2 8 1 11 0
2 8 1 12 0
2 8 1 13 0
2 8 1 14 0
2 8 1 15 0
2 8 2 0 0
2 8 2 1 0
2 8 2 2 0
2 8 2 3 0.0975393325961281
2 8 2 4 0
2 8 2 5 0
2 8 2 6 0
2 8 2 7 0
2 8 2 8 0.006771596185821046
2 8 2 9 0
2 8 2 10 0
2 8 2 11 0
2 8 2 12 0
2 8 2 13 0
2 8 2 14 0
2 8 2 15 0
2 8 3 0 0
2 8 3 1 0
2 8 3 2 -0.04876966629806405
2 8 3 3 0
2 8 3 4 0
2 8 3 5 0
2 8 3 6 0
2 8 3 7 0
2 8 3 8 0
2 8 3 9 0
2 8 3 10 0
2 8 3 11 0.0006761839479602171
2 8 3 12 0
2 8 3 13 0
2 8 3 14 -0.001427147780471013
2 8 3 15 0
2 8 4 0 0
2 8 4 1 0
2 8 4 2 0
2 8 4 3 0
2 8 4 4 0
2 8 4 5 0
2 8 4 6 0
2 8 4 7 0
2 8 4 8 0
2 8 4 9 0
2 8 4 10 0
2 8 4 11 0
2 8 4 12 0
2 8 4 13 0
2 8 4 14 0
2 8 4 15 0
2 8 5 0 0
2 8 5 1 0
2 8 5 2 0
2 8 5 3 0
2 8 5 4 0
2 8 5 5 0
2 8 5 6 0
2 8 5 7 0
2 8 5 8 0
2 8 5 9 0
2 8 5 10 0
2 8 5 11 0
2 8 5 12 0
2 8 5 13 0
2 8 5 14 0
2 8 5 15 0
2 8 6 0 0
2 8 6 1 0
2 8 6 2 0
2 8 6 3 0
2 8 6 4 0
2 8 6 5 0
2 8 6 6 0
2 8 6 7 0.01194952765957023
2 8 6 8 0
2 8 6 9 0
2 8 6 10 0
2 8 6 11 0
2 8 6 12 0
2 8 6 13 0
2 8 6 14 0
2 8 6 15 0
2 8 7 0 0
2 8 7 1 0
2 8 7 2 0
2 8 7 3 0
2 8 7 4 0
2 8 7 5 0
2 8 7 6 4.384980454179516e-05
2 8 7 7 0
2 8 7 8 0
2 8 7 9 0
2 8 7 10 0
2 8 7 11 0
2 8 7 12 0
2 8 7 13 0
2 8 7 14 0
2 8 7 15 0
2 8 8 0 0
2 8 8 1 0
2 8 8 2 -0.003385798092910523
2 8 8 3 0
2 8 8 4 0
2 8 8 5 0
2 8 8 6 0
2 8 8 7 0
2 8 8 8 0
2 8 8 9 0
2 8 8 10 0
2 8 8 11 0
2 8 8 12 0
2 8 8 13 0
2 8 8 14 0
2 8 8 15 0
2 8 9 0 0
2 8 9 1 0
2 8 9 2 0
2 8 9 3 0
2 8 9 4 0
2 8 9 5 0
2 8 9 6 0
2 8 9 7 0
2 8 9 8 0
2 8 9 9 0
2 8 9 10 0
2 8 9 11 0
2 8 9 12 0
2 8 9 13 0
2 8 9 14 0
2 8 9 15 0
2 8 10 0 0
2 8 10 1 0
2 8 10 2 0
2 8 10 3 0
2 8 10 4 0
2 8 10 5 0
2 8 10 6 0
2 8 10 7 0
2 8 10 8 0
2 8 10 9 0
2 8 10 10 0
2 8 10 11 0
2 8 10 12 0
2 8 10 13 0
2 8 10 14 0
2 8 10 15 0
2 8 11 0 0
2 8 11 1 0
2 8 11 2 0
2 8 11 3 -0.001697596980775354
2 8 11 4 0
2 8 11 5 0
2 8 11 6 0
2 8 11 7 0
2 8 11 8 0
2 8 11 9 0
2 8 11 10 0
2 8 11 11 0
2 8 11 12 0
2 8 11 13 0
2 8 11 14 0
2 8 11 15 0
2 8 12 0 0
2 8 12 1 0
2 8 12 2 0
2 8 12 3 0
2 8 12 4 0
2 8 12 5 0
2 8 12 6 0
2 8 12 7 0
2 8 12 8 0
2 8 12 9 0
2 8 12 10 0
2 8 12 11 0
2 8 12 12 0
2 8 12 13 0
2 8 12 14 0
2 8 12 15 0
2 8 13 0 0
2 8 13 1 0
2 8 13 2 0
2 8 13 3 0
2 8 13 4 0
2 8 13 5 0
2 8 13 6 0
2 8 13 7 0
2 8 13 8 0
2 8 13 9 0
2 8 13 10 0
2 8 13 11 0
2 8 13 12 0
2 8 13 13 0
2 8 13 14 0
2 8 13 15 0
2 8 14 0 0
2 8 14 1 0
2 8 14 2 0
2 8 14 3 0.002440585321579808
2 8 14 4 0
2 8 14 5 0
2 8 14 6 0
2 8 14 7 0
2 8 14 8 0
2 8 14 9 0
2 8 14 10 0
2 8 14 11 0
2 8 14 12 0
2 8 14 13 0
2 8 14 14 0
2 8 14 15 0
2 8 15 0 0
2 8 15 1 0
2 8 15 2 0
2 8 15 3 0
2 8 15 4 0
2 8 15 5 0
2 8 15 6 0
2 8 15 7 0
2 8 15 8 0
2 8 15 9 0
2 8 15 10 0
2 8 15 11 0
2 8 15 12 0
2 8 15 13 0
2 8 15 14 0
2 8 15 15 0
2 9 0 0 0
2 9 0 1 0
2 9 0 2 0
2 9 0 3 0
2 9 0 4 0
2 9 0 5 0
2 9 0 6 0
2 9 0 7 0
2 9 0 8 0
2 9 0 9 0
2 9 0 10 0
2 9 0 11 0
2 9 0 12 0
2 9 0 13 0
2 9 0 14 0
2 9 0 15 0
2 9 1 0 0
2 9 1 1 0
2 9 1 2 0
2 9 1 3 0
2 9 1 4 0
2 9 1 5 0
2 9 1 6 0
2 9 1 7 0
2 9 1 8 0
2 9 1 9 0
2 9 1 10 0
2 9 1 11 0
2 9 1 12 0
2 9 1 13 0
2 9 1 14 0
2 9 1 15 0
2 9 2 0 0
2 9 2 1 0
2 9 2 2 0
2 9 2 3 0
2 9 2 4 0.09558076065317658
2 9 2 5 0
2 9 2 6 0
2 9 2 7 0
2 9 2 8 0
2 9 2 9 0.006554475238909284
2 9 2 10 0
2 9 2 11 0
2 9 2 12 0
2 9 2 13 0
2 9 2 14 0
2 9 2 15 0
2 9 3 0 0
2 9 3 1 0
2 9 3 2 0
2 9 3 3 0
2 9 3 4 0
2 9 3 5 0
2 9 3 6 0
2 9 3 7 0
2 9 3 8 0
2 9 3 9 0
2 9 3 10 0
2 9 3 11 0
2 9 3 12 0
2 9 3 13 0
2 9 3 14 0
2 9 3 15 0
2 9 4 0 0
2 9 4 1 0
2 9 4 2 -0.04779038032658829
2 9 4 3 0
2 9 4 4 0
2 9 4 5 0
2 9 4 6 0
2 9 4 7 0
2 9 4 8 0
2 9 4 9 0
2 9 4 10 0
2 9 4 11 0.0007518715566724385
2 9 4 12 0
2 9 4 13 0
2 9 4 14 -0.001576698906633102
2 9 4 15 0
2 9 5 0 0
2 9 5 1 0
2 9 5 2 0
2 9 5 3 0
2 9 5 4 0
2 9 5 5 0
2 9 5 6 0
2 9 5 7 0.002468277808901617
2 9 5 8 0
2 9 5 9 0
2 9 5 10 0
2 9 5 11 0
2 9 5 12 0
2 9 5 13 0
2 9 5 14 0
2 9 5 15 0
2 9 6 0 0
2 9 6 1 0
2 9 6 2 0
2 9 6 3 0
2 9 6 4 0
2 9 6 5 0
2 9 6 6 0
2 9 6 7 0
2 9 6 8 0
2 9 6 9 0
2 9 6 10 0
2 9 6 11 0
2 9 6 12 0
2 9 6 13 0
2 9 6 14 0
2 9 6 15 0
2 9 7 0 0
2 9 7 1 0
2 9 7 2 0
2 9 7 3 0
2 9 7 4 0
2 9 7 5 4.044383609821236e-05
2 9 7 6 0
2 9 7 7 0
2 9 7 8 0
2 9 7 9 0
2 9 7 10 0
2 9 7 11 0
2 9 7 12 0
2 9 7 13 0
2 9 7 14 0
2 9 7 15 0
2 9 8 0 0
2 9 8 1 0
2 9 8 2 0
2 9 8 3 0
2 9 8 4 0
2 9 8 5 0
2 9 8 6 0
2 9 8 7 0
2 9 8 8 0
2 9 8 9 0
2 9 8 10 0
2 9 8 11 0
2 9 8 12 0
2 9 8 13 0
2 9 8 14 0
2 9 8 15 0
2 9 9 0 0
2 9 9 1 0
2 9 9 2 -0.003277237619454642
2 9 9 3 0
2 9 9 4 0
2 9 9 5 0
2 9 9 6 0
2 9 9 7 0
2 9 9 8 0
2 9 9 9 0
2 9 9 10 0
2 9 9 11 0
2 9 9 12 0
2 9 9 13 0
2 9 9 14 0
2 9 9 15 0
2 9 10 0 0
2 9 10 1 0
2 9 10 2 0
2 9 10 3 0
2 9 10 4 0
2 9 10 5 0
2 9 10 6 0
2 9 10 7 0
2 9 10 8 0
2 9 10 9 0
2 9 10 10 0
2 9 10 11 0
2 9 10 12 0
2 9 10 13 0
2 9 10 14 0
2 9 10 15 0
2 9 11 0 0
2 9 11 1 0
2 9 11 2 0
2 9 11 3 0
2 9 11 4 -0.001663389162438944
2 9 11 5 0
2 9 11 6 0
2 9 11 7 0
2 9 11 8 0
2 9 11 9 0
2 9 11 10 0
2 9 11 11 0
2 9 11 12 0
2 9 11 13 0
2 9 11 14 0
2 9 11 15 0
2 9 12 0 0
2 9 12 1 0
2 9 12 2 0
2 9 12 3 0
2 9 12 4 0
2 9 12 5 0
2 9 12 6 0
2 9 12 7 0
2 9 12 8 0
2 9 12 9 0
2 9 12 10 0
2 9 12 11 0
2 9 12 12 0
2 9 12 13 0
2 9 12 14 0
2 9 12 15 0
2 9 13 0 0
2 9 13 1 0
2 9 13 2 0
2 9 13 3 0
2 9 13 4 0
2 9 13 5 0
2 9 13 6 0
2 9 13 7 0
2 9 13 8 0
2 9 13 9 0
2 9 13 10 0
2 9 13 11 0
2 9 13 12 0
2 9 13 13 0
2 9 13 14 0
2 9 13 15 0
2 9 14 0 0
2 9 14 1 0
2 9 14 2 0
2 9 14 3 0
2 9 14 4 0.00239102206995706
2 9 14 5 0
2 9 14 6 0
2 9 14 7 0
2 9 14 8 0
2 9 14 9 0
2 9 14 10 0
2 9 14 11 0
2 9 14 12 0
2 9 14 13 0
2 9 14 14 0
2 9 14 15 0
2 9 15 0 0
2 9 15 1 0
2 9 15 2 0
2 9 15 3 0
2 9 15 4 0
2 9 15 5 0
2 9 15 6 0
2 9 15 7 0
2 9 15 8 0
2 9 15 9 0
2 9 15 10 0
2 9 15 11 0
2 9 15 12 0
2 9 15 13 0
2 9 15 14 0
2 9 15 15 0
2 10 0 0 0
2 10 0 1 0
2 10 0 2 0
2 10 0 3 0
2 10 0 4 0
2 10 0 5 0
2 10 0 6 0
2 10 0 7 0
2 10 0 8 0
2 10 0 9 0
2 10 0 10 0
2 10 0 11 0
2 10 0 12 0
2 10 0 13 0
2 10 0 14 0
2 10 0 15 0
2 10 1 0 0
2 10 1 1 0
2 10 1 2 0
2 10 1 3 0
2 10 1 4 0
2 10 1 5 0
2 10 1 6 0
2 10 1 7 0
2 10 1 8 0
2 10 1 9 0
2 10 1 10 0
2 10 1 11 0
2 10 1 12 0
2 10 1 13 0
2 10 1 14 0
2 10 1 15 0
2 10 2 0 0
2 10 2 1 0
2 10 2 2 0
2 10 2 3 0
2 10 2 4 0
2 10 2 5 0
2 10 2 6 0
2 10 2 7 0
2 10 2 8 0
2 10 2 9 0
2 10 2 10 0
2 10 2 11 0
2 10 2 12 0
2 10 2 13 0
2 10 2 14 0
2 10 2 15 0
2 10 3 0 0
2 10 3 1 0
2 10 3 2 0
2 10 3 3 0
2 10 3 4 0
2 10 3 5 0
2 10 3 6 0
2 10 3 7 0
2 10 3 8 0
2 10 3 9 0
2 10 3 10 0
2 10 3 11 0
2 10 3 12 0
2 10 3 13 0
2 10 3 14 0
2 10 3 15 0
2 10 4 0 0
2 10 4 1 0
2 10 4 2 0
2 10 4 3 0
2 10 4 4 0
2 10 4 5 0
2 10 4 6 0
2 10 4 7 0
2 10 4 8 0
2 10 4 9 0
2 10 4 10 0
2 10 4 11 0
2 10 4 12 0
2 10 4 13 0
2 10 4 14 0
2 10 4 15 0
2 10 5 0 0
2 10 5 1 0
2 10 5 2 0
2 10 5 3 0
2 10 5 4 0
2 10 5 5 0
2 10 5 6 0
2 10 5 7 0
2 10 5 8 0
2 10 5 9 0
2 10 5 10 0
2 10 5 11 0
2 10 5 12 0
2 10 5 13 0
2 10 5 14 0
2 10 5 15 0
2 10 6 0 0
2 10 6 1 0
2 10 6 2 0
2 10 6 3 0
2 10 6 4 0
2 10 6 5 0
2 10 6 6 0
2 10 6 7 0
2 10 6 8 0
2 10 6 9 0
2 10 6 10 0
2 10 6 11 0
2 10 6 12 0
2 10 6 13 0
2 10 6 14 0
2 10 6 15 0
2 10 7 0 0
2 10 7 1 0
2 10 7 2 0
2 10 7 3 0
2 10 7 4 0
2 10 7 5 0
2 10 7 6 0
2 10 7 7 0
2 10 7 8 0
2 10 7 9 0
2 10 7 10 0
2 10 7 11 0
2 10 7 12 0
2 10 7 13 0
2 10 7 14 0
2 10 7 15 0
2 10 8 0 0
2 10 8 1 0
2 10 8 2 0
2 10 8 3 0
2 10 8 4 0
2 10 8 5 0
2 10 8 6 0
2 10 8 7 0
2 10 8 8 0
2 10 8 9 0
2 10 8 10 0
2 10 8 11 0
2 10 8 12 0
2 10 8 13 0
2 10 8 14 0
2 10 8 15 0
2 10 9 0 0
2 10 9 1 0
2 10 9 2 0
2 10 9 3 0
2 10 9 4 0
2 10 9 5 0
2 10 9 6 0
2 10 9 7 0
2 10 9 8 0
2 10 9 9 0
2 10 9 10 0
2 10 9 11 0
2 10 9 12 0
2 10 9 13 0
2 10 9 14 0
2 10 9 15 0
2 10 10 0 0
2 10 10 1 0
2 10 10 2 0
2 10 10 3 0
2 10 10 4 0
2 10 10 5 0
2 10 10 6 0
2 10 10 7 0
2 10 10 8 0
2 10 10 9 0
2 10 10 10 0
2 10 10 11 0
2 10 10 12 0
2 10 10 13 0
2 10 10 14 0
2 10 10 15 0
2 10 11 0 0
2 10 11 1 0
2 10 11 2 0
2 10 11 3 0
2 10 11 4 0
2 10 11 5 0
2 10 11 6 0
2 10 11 7 0
2 10 11 8 0
2 10 11 9 0
2 10 11 10 0
2 10 11 11 0
2 10 11 12 0
2 10 11 13 0
2 10 11 14 0
2 10 11 15 0
2 10 12 0 0
2 10 12 1 0
2 10 12 2 0
2 10 12 3 0
2 10 12 4 0
2 10 12 5 0
2 10 12 6 0
2 10 12 7 0
2 10 12 8 0
2 10 12 9 0
2 10 12 10 0
2 10 12 11 0
2 10 12 12 0
2 10 12 13 0
2 10 12 14 0
2 10 12 15 0
2 10 13 0 0
2 10 13 1 0
2 10 13 2 0
2 10 13 3 0
2 10 13 4 0
2 10 13 5 0
2 10 13 6 0
2 10 13 7 0
2 10 13 8 0
2 10 13 9 0
2 10 13 10 0
2 10 13 11 0
2 10 13 12 0
2 10 13 13 0
2 10 13 14 0
2 10 13 15 0
2 10 14 0 0
2 10 14 1 0
2 10 14 2 0
2 10 14 3 0
2 10 14 4 0
2 10 14 5 0
2 10 14 6 0
2 10 14 7 0
2 10 14 8 0
2 10 14 9 0
2 10 14 10 0
2 10 14 11 0
2 10 14 12 0
2 10 14 13 0
2 10 14 14 0
2 10 14 15 0
2 10 15 0 0
2 10 15 1 0
2 10 15 2 0
2 10 15 3 0
2 10 15 4 0
2 10 15 5 0
2 10 15 6 0
2 10 15 7 0
2 10 15 8 0
2 10 15 9 0
2 10 15 10 0
2 10 15 11 0
2 10 15 12 0
2 10 15 13 0
2 10 15 14 0
2 10 15 15 0
2 11 0 0 0
2 11 0 1 0
2 11 0 2 0.009786290424352372
2 11 0 3 0
2 11 0 4 0
2 11 0 5 0
2 11 0 6 0
2 11 0 7 0
2 11 0 8 0
2 11 0 9 0
2 11 0 10 0
2 11 0 11 -0.0002351219134159289
2 11 0 12 0
2 11 0 13 0
2 11 0 14 0.000186979353449267
2 11 0 15 0
2 11 1 0 0
2 11 1 1 0
2 11 1 2 0
2 11 1 3 0
2 11 1 4 0
2 11 1 5 0
2 11 1 6 0
2 11 1 7 0
2 11 1 8 0
2 11 1 9 0
2 11 1 10 0
2 11 1 11 0
2 11 1 12 0
2 11 1 13 0
2 11 1 14 0
2 11 1 15 0
2 11 2 0 -0.01957258084870474
2 11 2 1 0
2 11 2 2 -0.02507076762911945
2 11 2 3 0
2 11 2 4 0
2 11 2 5 0
2 11 2 6 0
2 11 2 7 0
2 11 2 8 0
2 11 2 9 0
2 11 2 10 0
2 11 2 11 0.000971624264871393
2 11 2 12 0
2 11 2 13 0
2 11 2 14 -0.0006094918916134418
2 11 2 15 0
2 11 3 0 0
2 11 3 1 0
2 11 3 2 0
2 11 3 3 0
2 11 3 4 0
2 11 3 5 0
2 11 3 6 0
2 11 3 7 0
2 11 3 8 0
2 11 3 9 0
2 11 3 10 0
2 11 3 11 0
2 11 3 12 0
2 11 3 13 0
2 11 3 14 0
2 11 3 15 0
2 11 4 0 0
2 11 4 1 0
2 11 4 2 0
2 11 4 3 0
2 11 4 4 0
2 11 4 5 0
2 11 4 6 0
2 11 4 7 0
2 11 4 8 0
2 11 4 9 0
2 11 4 10 0
2 11 4 11 0
2 11 4 12 0
2 11 4 13 0
2 11 4 14 0
2 11 4 15 0
2 11 5 0 0
2 11 5 1 0
2 11 5 2 0
2 11 5 3 0
2 11 5 4 0
2 11 5 5 0
2 11 5 6 0
2 11 5 7 0
2 11 5 8 0
2 11 5 9 0
2 11 5 10 0
2 11 5 11 0
2 11 5 12 0
2 11 5 13 0
2 11 5 14 0
2 11 5 15 0
2 11 6 0 0
2 11 6 1 0
2 11 6 2 0
2 11 6 3 0
2 11 6 4 0
2 11 6 5 0
2 11 6 6 0
2 11 6 7 0
2 11 6 8 0
2 11 6 9 0
2 11 6 10 0
2 11 6 11 0
2 11 6 12 0
2 11 6 13 0
2 11 6 14 0
2 11 6 15 0
2 11 7 0 0
2 11 7 1 0
2 11 7 2 0
2 11 7 3 0
2 11 7 4 0
2 11 7 5 0
2 11 7 6 0
2 11 7 7 0.01175002084393034
2 11 7 8 0
2 11 7 9 0
2 11 7 10 0
2 11 7 11 0
2 11 7 12 0
2 11 7 13 0
2 11 7 14 0
2 11 7 15 0
2 11 8 0 0
2 11 8 1 0
2 11 8 2 0
2 11 8 3 0
2 11 8 4 0
2 11 8 5 0
2 11 8 6 0
2 11 8 7 0
2 11 8 8 0
2 11 8 9 0
2 11 8 10 0
2 11 8 11 0
2 11 8 12 0
2 11 8 13 0
2 11 8 14 0
2 11 8 15 0
2 11 9 0 0
2 11 9 1 0
2 11 9 2 0
2 11 9 3 0
2 11 9 4 0
2 11 9 5 0
2 11 9 6 0
2 11 9 7 0
2 11 9 8 0
2 11 9 9 0
2 11 9 10 0
2 11 9 11 0
2 11 9 12 0
2 11 9 13 0
2 11 9 14 0
2 11 9 15 0
2 11 10 0 0
2 11 10 1 0
2 11 10 2 0
2 11 10 3 0
2 11 10 4 0
2 11 10 5 0
2 11 10 6 0
2 11 10 7 0
2 11 10 8 0
2 11 10 9 0
2 11 10 10 0
2 11 10 11 0
2 11 10 12 0
2 11 10 13 0
2 11 10 14 0
2 11 10 15 0
2 11 11 0 0.0003407235438945717
2 11 11 1 0
2 11 11 2 0.0001572346258591049
2 11 11 3 0
2 11 11 4 0
2 11 11 5 0
2 11 11 6 0
2 11 11 7 0
2 11 11 8 0
2 11 11 9 0
2 11 11 10 0
2 11 11 11 0
2 11 11 12 0
2 11 11 13 0
2 11 11 14 0
2 11 11 15 0
2 11 12 0 0
2 11 12 1 0
2 11 12 2 0
2 11 12 3 0
2 11 12 4 0
2 11 12 5 0
2 11 12 6 0
2 11 12 7 0
2 11 12 8 0
2 11 12 9 0
2 11 12 10 0
2 11 12 11 0
2 11 12 12 0
2 11 12 13 0
2 11 12 14 0
2 11 12 15 0
2 11 13 0 0
2 11 13 1 0
2 11 13 2 0
2 11 13 3 0
2 11 13 4 0
2 11 13 5 0
2 11 13 6 0
2 11 13 7 0
2 11 13 8 0
2 11 13 9 0
2 11 13 10 0
2 11 13 11 0
2 11 13 12 0
2 11 13 13 0
2 11 13 14 0
2 11 13 15 0
2 11 14 0 -0.0004900116077791911
2 11 14 1 0
2 11 14 2 -0.0006457777808142742
2 11 14 3 0
2 11 14 4 0
2 11 14 5 0
2 11 14 6 0
2 11 14 7 0
2 11 14 8 0
2 11 14 9 0
2 11 14 10 0
2 11 14 11 0
2 11 14 12 0
2 11 14 13 0
2 11 14 14 0
2 11 14 15 0
2 11 15 0 0
2 11 15 1 0
2 11 15 2 0
2 11 15 3 0
2 11 15 4 0
2 11 15 5 0
2 11 15 6 0
2 11 15 7 0
2 11 15 8 0
2 11 15 9 0
2 11 15 10 0
2 11 15 11 0
2 11 15 12 0
2 11 15 13 0
2 11 15 14 0
2 11 15 15 0
2 12 0 0 0
2 12 0 1 0
2 12 0 2 0
2 12 0 3 0
2 12 0 4 0
2 12 0 5 0
2 12 0 6 0
2 12 0 7 0
2 12 0 8 0
2 12 0 9 0
2 12 0 10 0
2 12 0 11 0
2 12 0 12 0
2 12 0 13 0
2 12 0 14 0
2 12 0 15 0
2 12 1 0 0
2 12 1 1 0
2 12 1 2 0
2 12 1 3 0
2 12 1 4 0
2 12 1 5 0
2 12 1 6 0
2 12 1 7 0
2 12 1 8 0
2 12 1 9 0
2 12 1 10 0
2 12 1 11 0
2 12 1 12 0
2 12 1 13 0
2 12 1 14 0
2 12 1 15 0
2 12 2 0 0
2 12 2 1 0
2 12 2 2 0
2 12 2 3 0
2 12 2 4 0
2 12 2 5 0.09122565652078567
2 12 2 6 0
2 12 2 7 0
2 12 2 8 0
2 12 2 9 0
2 12 2 10 0
2 12 2 11 0
2 12 2 12 0.005848273721228316
2 12 2 13 0
2 12 2 14 0
2 12 2 15 0
2 12 3 0 0
2 12 3 1 0
2 12 3 2 0
2 12 3 3 0
2 12 3 4 0
2 12 3 5 0
2 12 3 6 0
2 12 3 7 0
2 12 3 8 0
2 12 3 9 0
2 12 3 10 0
2 12 3 11 0
2 12 3 12 0
2 12 3 13 0
2 12 3 14 0
2 12 3 15 0
2 12 4 0 0
2 12 4 1 0
2 12 4 2 0
2 12 4 3 0
2 12 4 4 0
2 12 4 5 0
2 12 4 6 0
2 12 4 7 0.003514863877386646
2 12 4 8 0
2 12 4 9 0
2 12 4 10 0
2 12 4 11 0
2 12 4 12 0
2 12 4 13 0
2 12 4 14 0
2 12 4 15 0
2 12 5 0 0
2 12 5 1 0
2 12 5 2 -0.04561282826039283
2 12 5 3 0
2 12 5 4 0
2 12 5 5 0
2 12 5 6 0
2 12 5 7 0
2 12 5 8 0
2 12 5 9 0
2 12 5 10 0
2 12 5 11 0.0006750848596685465
2 12 5 12 0
2 12 5 13 0
2 12 5 14 -0.001266206349013581
2 12 5 15 0
2 12 6 0 0
2 12 6 1 0
2 12 6 2 0
2 12 6 3 0
2 12 6 4 0
2 12 6 5 0
2 12 6 6 0
2 12 6 7 0
2 12 6 8 0
2 12 6 9 0
2 12 6 10 0
2 12 6 11 0
2 12 6 12 0
2 12 6 13 0
2 12 6 14 0
2 12 6 15 0
2 12 7 0 0
2 12 7 1 0
2 12 7 2 0
2 12 7 3 0
2 12 7 4 7.287935326917301e-05
2 12 7 5 0
2 12 7 6 0
2 12 7 7 0
2 12 7 8 0
2 12 7 9 0
2 12 7 10 0
2 12 7 11 0
2 12 7 12 0
2 12 7 13 0
2 12 7 14 0
2 12 7 15 0
2 12 8 0 0
2 12 8 1 0
2 12 8 2 0
2 12 8 3 0
2 12 8 4 0
2 12 8 5 0
2 12 8 6 0
2 12 8 7 0
2 12 8 8 0
2 12 8 9 0
2 12 8 10 0
2 12 8 11 0
2 12 8 12 0
2 12 8 13 0
2 12 8 14 0
2 12 8 15 0
2 12 9 0 0
2 12 9 1 0
2 12 9 2 0
2 12 9 3 0
2 12 9 4 0
2 12 9 5 0
2 12 9 6 0
2 12 9 7 0
2 12 9 8 0
2 12 9 9 0
2 12 9 10 0
2 12 9 11 0
2 12 9 12 0
2 12 9 13 0
2 12 9 14 0
2 12 9 15 0
2 12 10 0 0
2 12 10 1 0
2 12 10 2 0
2 12 10 3 0
2 12 10 4 0
2 12 10 5 0
2 12 10 6 0
2 12 10 7 0
2 12 10 8 0
2 12 10 9 0
2 12 10 10 0
2 12 10 11 0
2 12 10 12 0
2 12 10 13 0
2 12 10 14 0
2 12 10 15 0
2 12 11 0 0
2 12 11 1 0
2 12 11 2 0
2 12 11 3 0
2 12 11 4 0
2 12 11 5 -0.001588412539147654
2 12 11 6 0
2 12 11 7 0
2 12 11 8 0
2 12 11 9 0
2 12 11 10 0
2 12 11 11 0
2 12 11 12 0
2 12 11 13 0
2 12 11 14 0
2 12 11 15 0
2 12 12 0 0
2 12 12 1 0
2 12 12 2 -0.002924136860614158
2 12 12 3 0
2 12 12 4 0
2 12 12 5 0
2 12 12 6 0
2 12 12 7 0
2 12 12 8 0
2 12 12 9 0
2 12 12 10 0
2 12 12 11 0
2 12 12 12 0
2 12 12 13 0
2 12 12 14 0
2 12 12 15 0
2 12 13 0 0
2 12 13 1 0
2 12 13 2 0
2 12 13 3 0
2 12 13 4 0
2 12 13 5 0
2 12 13 6 0
2 12 13 7 0
2 12 13 8 0
2 12 13 9 0
2 12 13 10 0
2 12 13 11 0
2 12 13 12 0
2 12 13 13 0
2 12 13 14 0
2 12 13 15 0
2 12 14 0 0
2 12 14 1 0
2 12 14 2 0
2 12 14 3 0
2 12 14 4 0
2 12 14 5 0.002285167307035824
2 12 14 6 0
2 12 14 7 0
2 12 14 8 0
2 12 14 9 0
2 12 14 10 0
2 12 14 11 0
2 12 14 12 0
2 12 14 13 0
2 12 14 14 0
2 12 14 15 0
2 12 15 0 0
2 12 15 1 0
2 12 15 2 0
2 12 15 3 0
2 12 15 4 0
2 12 15 5 0
2 12 15 6 0
2 12 15 7 0
2 12 15 8 0
2 12 15 9 0
2 12 15 10 0
2 12 15 11 0
2 12 15 12 0
2 12 15 13 0
2 12 15 14 0
2 12 15 15 0
2 13 0 0 0
2 13 0 1 0
2 13 0 2 0
2 13 0 3 0
2 13 0 4 0
2 13 0 5 0
2 13 0 6 0
2 13 0 7 0
2 13 0 8 0
2 13 0 9 0
2 13 0 10 0
2 13 0 11 0
2 13 0 12 0
2 13 0 13 0
2 13 0 14 0
2 13 0 15 0
2 13 1 0 0
2 13 1 1 0
2 13 1 2 0
2 13 1 3 0
2 13 1 4 0
2 13 1 5 0
2 13 1 6 0
2 13 1 7 0
2 13 1 8 0
2 13 1 9 0
2 13 1 10 0
2 13 1 11 0
2 13 1 12 0
2 13 1 13 0
2 13 1 14 0
2 13 1 15 0
2 13 2 0 0
2 13 2 1 0
2 13 2 2 0
2 13 2 3 0
2 13 2 4 0
2 13 2 5 0
2 13 2 6 0.09271932556327038
2 13 2 7 0
2 13 2 8 0
2 13 2 9 0
2 13 2 10 0
2 13 2 11 0
2 13 2 12 0
2 13 2 13 0.006028861417083059
2 13 2 14 0
2 13 2 15 0
2 13 3 0 0
2 13 3 1 0
2 13 3 2 0
2 13 3 3 0
2 13 3 4 0
2 13 3 5 0
2 13 3 6 0
2 13 3 7 0.01380742796243869
2 13 3 8 0
2 13 3 9 0
2 13 3 10 0
2 13 3 11 0
2 13 3 12 0
2 13 3 13 0
2 13 3 14 0
2 13 3 15 0
2 13 4 0 0
2 13 4 1 0
2 13 4 2 0
2 13 4 3 0
2 13 4 4 0
2 13 4 5 0
2 13 4 6 0
2 13 4 7 0
2 13 4 8 0
2 13 4 9 0
2 13 4 10 0
2 13 4 11 0
2 13 4 12 0
2 13 4 13 0
2 13 4 14 0
2 13 4 15 0
2 13 5 0 0
2 13 5 1 0
2 13 5 2 0
2 13 5 3 0
2 13 5 4 0
2 13 5 5 0
2 13 5 6 0
2 13 5 7 0
2 13 5 8 0
2 13 5 9 0
2 13 5 10 0
2 13 5 11 0
2 13 5 12 0
2 13 5 13 0
2 13 5 14 0
2 13 5 15 0
2 13 6 0 0
2 13 6 1 0
2 13 6 2 -0.04635966278163519
2 13 6 3 0
2 13 6 4 0
2 13 6 5 0
2 13 6 6 0
2 13 6 7 0
2 13 6 8 0
2 13 6 9 0
2 13 6 10 0
2 13 6 11 0.0005898924495567072
2 13 6 12 0
2 13 6 13 0
2 13 6 14 -0.001116633192428919
2 13 6 15 0
2 13 7 0 0
2 13 7 1 0
2 13 7 2 0
2 13 7 3 6.143093729778492e-05
2 13 7 4 0
2 13 7 5 0
2 13 7 6 0
2 13 7 7 0
2 13 7 8 0
2 13 7 9 0
2 13 7 10 0
2 13 7 11 0
2 13 7 12 0
2 13 7 13 0
2 13 7 14 0
2 13 7 15 0
2 13 8 0 0
2 13 8 1 0
2 13 8 2 0
2 13 8 3 0
2 13 8 4 0
2 13 8 5 0
2 13 8 6 0
2 13 8 7 0
2 13 8 8 0
2 13 8 9 0
2 13 8 10 0
2 13 8 11 0
2 13 8 12 0
2 13 8 13 0
2 13 8 14 0
2 13 8 15 0
2 13 9 0 0
2 13 9 1 0
2 13 9 2 0
2 13 9 3 0
2 13 9 4 0
2 13 9 5 0
2 13 9 6 0
2 13 9 7 0
2 13 9 8 0
2 13 9 9 0
2 13 9 10 0
2 13 9 11 0
2 13 9 12 0
2 13 9 13 0
2 13 9 14 0
2 13 9 15 0
2 13 10 0 0
2 13 10 1 0
2 13 10 2 0
2 13 10 3 0
2 13 10 4 0
2 13 10 5 0
2 13 10 6 0
2 13 10 7 0
2 13 10 8 0
2 13 10 9 0
2 13 10 10 0
2 13 10 11 0
2 13 10 12 0
2 13 10 13 0
2 13 10 14 0
2 13 10 15 0
2 13 11 0 0
2 13 11 1 0
2 13 11 2 0
2 13 11 3 0
2 13 11 4 0
2 13 11 5 0
2 13 11 6 -0.001614342266384972
2 13 11 7 0
2 13 11 8 0
2 13 11 9 0
2 13 11 10 0
2 13 11 11 0
2 13 11 12 0
2 13 11 13 0
2 13 11 14 0
2 13 11 15 0
2 13 12 0 0
2 13 12 1 0
2 13 12 2 0
2 13 12 3 0
2 13 12 4 0
2 13 12 5 0
2 13 12 6 0
2 13 12 7 0
2 13 12 8 0
2 13 12 9 0
2 13 12 10 0
2 13 12 11 0
2 13 12 12 0
2 13 12 13 0
2 13 12 14 0
2 13 12 15 0
2 13 13 0 0
2 13 13 1 0
2 13 13 2 -0.00301443070854153
2 13 13 3 0
2 13 13 4 0
2 13 13 5 0
2 13 13 6 0
2 13 13 7 0
2 13 13 8 0
2 13 13 9 0
2 13 13 10 0
2 13 13 11 0
2 13 13 12 0
2 13 13 13 0
2 13 13 14 0
2 13 13 15 0
2 13 14 0 0
2 13 14 1 0
2 13 14 2 0
2 13 14 3 0
2 13 14 4 0
2 13 14 5 0
2 13 14 6 0.0023222273729248
2 13 14 7 0
2 13 14 8 0
2 13 14 9 0
2 13 14 10 0
2 13 14 11 0
2 13 14 12 0
2 13 14 13 0
2 13 14 14 0
2 13 14 15 0
2 13 15 0 0
2 13 15 1 0
2 13 15 2 0
2 13 15 3 0
2 13 15 4 0
2 13 15 5 0
2 13 15 6 0
2 13 15 7 0
2 13 15 8 0
2 13 15 9 0
2 13 15 10 0
2 13 15 11 0
2 13 15 12 0
2 13 15 13 0
2 13 15 14 0
2 13 15 15 0
2 14 0 0 0
2 14 0 1 0
2 14 0 2 0
2 14 0 3 0
2 14 0 4 0
2 14 0 5 0
2 14 0 6 0
2 14 0 7 0
2 14 0 8 0
2 14 0 9 0
2 14 0 10 0
2 14 0 11 0
2 14 0 12 0
2 14 0 13 0
2 14 0 14 0
2 14 0 15 0
2 14 1 0 0
2 14 1 1 0
2 14 1 2 0
2 14 1 3 0
2 14 1 4 0
2 14 1 5 0
2 14 1 6 0
2 14 1 7 0
2 14 1 8 0
2 14 1 9 0
2 14 1 10 0
2 14 1 11 0
2 14 1 12 0
2 14 1 13 0
2 14 1 14 0
2 14 1 15 0
2 14 2 0 0
2 14 2 1 0
2 14 2 2 0.03605404638513918
2 14 2 3 0
2 14 2 4 0
2 14 2 5 0
2 14 2 6 0
2 14 2 7 0
2 14 2 8 0
2 14 2 9 0
2 14 2 10 0
2 14 2 11 -0.0006094918916134418
2 14 2 12 0
2 14 2 13 0
2 14 2 14 0.0009550717936614327
2 14 2 15 0
2 14 3 0 0
2 14 3 1 0
2 14 3 2 0
2 14 3 3 0
2 14 3 4 0
2 14 3 5 0
2 14 3 6 0
2 14 3 7 0
2 14 3 8 0
2 14 3 9 0
2 14 3 10 0
2 14 3 11 0
2 14 3 12 0
2 14 3 13 0
2 14 3 14 0
2 14 3 15 0
2 14 4 0 0
2 14 4 1 0
2 14 4 2 0
2 14 4 3 0
2 14 4 4 0
2 14 4 5 0
2 14 4 6 0
2 14 4 7 0
2 14 4 8 0
2 14 4 9 0
2 14 4 10 0
2 14 4 11 0
2 14 4 12 0
2 14 4 13 0
2 14 4 14 0
2 14 4 15 0
2 14 5 0 0
2 14 5 1 0
2 14 5 2 0
2 14 5 3 0
2 14 5 4 0
2 14 5 5 0
2 14 5 6 0
2 14 5 7 0
2 14 5 8 0
2 14 5 9 0
2 14 5 10 0
2 14 5 11 0
2 14 5 12 0
2 14 5 13 0
2 14 5 14 0
2 14 5 15 0
2 14 6 0 0
2 14 6 1 0
2 14 6 2 0
2 14 6 3 0
2 14 6 4 0
2 14 6 5 0
2 14 6 6 0
2 14 6 7 0
2 14 6 8 0
2 14 6 9 0
2 14 6 10 0
2 14 6 11 0
2 14 6 12 0
2 14 6 13 0
2 14 6 14 0
2 14 6 15 0
2 14 7 0 0
2 14 7 1 0
2 14 7 2 0
2 14 7 3 0
2 14 7 4 0
2 14 7 5 0
2 14 7 6 0
2 14 7 7 -0.01689694099941924
2 14 7 8 0
2 14 7 9 0
2 14 7 10 0
2 14 7 11 0
2 14 7 12 0
2 14 7 13 0
2 14 7 14 0
2 14 7 15 0
2 14 8 0 0
2 14 8 1 0
2 14 8 2 0
2 14 8 3 0
2 14 8 4 0
2 14 8 5 0
2 14 8 6 0
2 14 8 7 0
2 14 8 8 0
2 14 8 9 0
2 14 8 10 0
2 14 8 11 0
2 14 8 12 0
2 14 8 13 0
2 14 8 14 0
2 14 8 15 0
2 14 9 0 0
2 14 9 1 0
2 14 9 2 0
2 14 9 3 0
2 14 9 4 0
2 14 9 5 0
2 14 9 6 0
2 14 9 7 0
2 14 9 8 0
2 14 9 9 0
2 14 9 10 0
2 14 9 11 0
2 14 9 12 0
2 14 9 13 0
2 14 9 14 0
2 14 9 15 0
2 14 10 0 0
2 14 10 1 0
2 14 10 2 0
2 14 10 3 0
2 14 10 4 0
2 14 10 5 0
2 14 10 6 0
2 14 10 7 0
2 14 10 8 0
2 14 10 9 0
2 14 10 10 0
2 14 10 11 0
2 14 10 12 0
2 14 10 13 0
2 14 10 14 0
2 14 10 15 0
2 14 11 0 0
2 14 11 1 0
2 14 11 2 -0.0006457777808142742
2 14 11 3 0
2 14 11 4 0
2 14 11 5 0
2 14 11 6 0
2 14 11 7 0
2 14 11 8 0
2 14 11 9 0
2 14 11 10 0
2 14 11 11 0
2 14 11 12 0
2 14 11 13 0
2 14 11 14 0
2 14 11 15 0
2 14 12 0 0
2 14 12 1 0
2 14 12 2 0
2 14 12 3 0
2 14 12 4 0
2 14 12 5 0
2 14 12 6 0
2 14 12 7 0
2 14 12 8 0
2 14 12 9 0
2 14 12 10 0
2 14 12 11 0
2 14 12 12 0
2 14 12 13 0
2 14 12 14 0
2 14 12 15 0
2 14 13 0 0
2 14 13 1 0
2 14 13 2 0
2 14 13 3 0
2 14 13 4 0
2 14 13 5 0
2 14 13 6 0
2 14 13 7 0
2 14 13 8 0
2 14 13 9 0
2 14 13 10 0
2 14 13 11 0
2 14 13 12 0
2 14 13 13 0
2 14 13 14 0
2 14 13 15 0
2 14 14 0 0
2 14 14 1 0
2 14 14 2 0.0008501884691303798
2 14 14 3 0
2 14 14 4 0
2 14 14 5 0
2 14 14 6 0
2 14 14 7 0
2 14 14 8 0
2 14 14 9 0
2 14 14 10 0
2 14 14 11 0
2 14 14 12 0
2 14 14 13 0
2 14 14 14 0
2 14 14 15 0
2 14 15 0 0
2 14 15 1 0
2 14 15 2 0
2 14 15 3 0
2 14 15 4 0
2 14 15 5 0
2 14 15 6 0
2 14 15 7 0
2 14 15 8 0
2 14 15 9 0
2 14 15 10 0
2 14 15 11 0
2 14 15 12 0
2 14 15 13 0
2 14 15 14 0
2 14 15 15 0
2 15 0 0 0
2 15 0 1 0
2 15 0 2 0
2 15 0 3 0
2 15 0 4 0
2 15 0 5 0
2 15 0 6 0
2 15 0 7 0
2 15 0 8 0
2 15 0 9 0
2 15 0 10 0
2 15 0 11 0
2 15 0 12 0
2 15 0 13 0
2 15 0 14 0
2 15 0 15 0
2 15 1 0 0
2 15 1 1 0
2 15 1 2 -0.01144121415185251
2 15 1 3 0
2 15 1 4 0
2 15 1 5 0
2 15 1 6 0
2 15 1 7 0
2 15 1 8 0
2 15 1 9 0
2 15 1 10 0
2 15 1 11 0.000207907441525702
2 15 1 12 0
2 15 1 13 0
2 15 1 14 -0.0002740439012149418
2 15 1 15 0
2 15 2 0 0
2 15 2 1 0.02288242830370503
2 15 2 2 0
2 15 2 3 0
2 15 2 4 0
2 15 2 5 0
2 15 2 6 0
2 15 2 7 0
2 15 2 8 0
2 15 2 9 0
2 15 2 10 0
2 15 2 11 0
2 15 2 12 0
2 15 2 13 0
2 15 2 14 0
2 15 2 15 0.0001900751894173095
2 15 3 0 0
2 15 3 1 0
2 15 3 2 0
2 15 3 3 0
2 15 3 4 0
2 15 3 5 0
2 15 3 6 0
2 15 3 7 0
2 15 3 8 0
2 15 3 9 0
2 15 3 10 0
2 15 3 11 0
2 15 3 12 0
2 15 3 13 0
2 15 3 14 0
2 15 3 15 0
2 15 4 0 0
2 15 4 1 0
2 15 4 2 0
2 15 4 3 0
2 15 4 4 0
2 15 4 5 0
2 15 4 6 0
2 15 4 7 0
2 15 4 8 0
2 15 4 9 0
2 15 4 10 0
2 15 4 11 0
2 15 4 12 0
2 15 4 13 0
2 15 4 14 0
2 15 4 15 0
2 15 5 0 0
2 15 5 1 0
2 15 5 2 0
2 15 5 3 0
2 15 5 4 0
2 15 5 5 0
2 15 5 6 0
2 15 5 7 0
2 15 5 8 0
2 15 5 9 0
2 15 5 10 0
2 15 5 11 0
2 15 5 12 0
2 15 5 13 0
2 15 5 14 0
2 15 5 15 0
2 15 6 0 0
2 15 6 1 0
2 15 6 2 0
2 15 6 3 0
2 15 6 4 0
2 15 6 5 0
2 15 6 6 0
2 15 6 7 0
2 15 6 8 0
2 15 6 9 0
2 15 6 10 0
2 15 6 11 0
2 15 6 12 0
2 15 6 13 0
2 15 6 14 0
2 15 6 15 0
2 15 7 0 0
2 15 7 1 0
2 15 7 2 0
2 15 7 3 0
2 15 7 4 0
2 15 7 5 0
2 15 7 6 0
2 15 7 7 0
2 15 7 8 0
2 15 7 9 0
2 15 7 10 0
2 15 7 11 0
2 15 7 12 0
2 15 7 13 0
2 15 7 14 0
2 15 7 15 0
2 15 8 0 0
2 15 8 1 0
2 15 8 2 0
2 15 8 3 0
2 15 8 4 0
2 15 8 5 0
2 15 8 6 0
2 15 8 7 0
2 15 8 8 0
2 15 8 9 0
2 15 8 10 0
2 15 8 11 0
2 15 8 12 0
2 15 8 13 0
2 15 8 14 0
2 15 8 15 0
2 15 9 0 0
2 15 9 1 0
2 15 9 2 0
2 15 9 3 0
2 15 9 4 0
2 15 9 5 0
2 15 9 6 0
2 15 9 7 0
2 15 9 8 0
2 15 9 9 0
2 15 9 10 0
2 15 9 11 0
2 15 9 12 0
2 15 9 13 0
2 15 9 14 0
2 15 9 15 0
2 15 10 0 0
2 15 10 1 0
2 15 10 2 0
2 15 10 3 0
2 15 10 4 0
2 15 10 5 0
2 15 10 6 0
2 15 10 7 0
2 15 10 8 0
2 15 10 9 0
2 15 10 10 0
2 15 10 11 0
2 15 10 12 0
2 15 10 13 0
2 15 10 14 0
2 15 10 15 0
2 15 11 0 0
2 15 11 1 -0.0003983260747557181
2 15 11 2 0
2 15 11 3 0
2 15 11 4 0
2 15 11 5 0
2 15 11 6 0
2 15 11 7 0
2 15 11 8 0
2 15 11 9 0
2 15 11 10 0
2 15 11 11 0
2 15 11 12 0
2 15 11 13 0
2 15 11 14 0
2 15 11 15 0
2 15 12 0 0
2 15 12 1 0
2 15 12 2 0
2 15 12 3 0
2 15 12 4 0
2 15 12 5 0
2 15 12 6 0
2 15 12 7 0
2 15 12 8 0
2 15 12 9 0
2 15 12 10 0
2 15 12 11 0
2 15 12 12 0
2 15 12 13 0
2 15 12 14 0
2 15 12 15 0
2 15 13 0 0
2 15 13 1 0
2 15 13 2 0
2 15 13 3 0
2 15 13 4 0
2 15 13 5 0
2 15 13 6 0
2 15 13 7 0
2 15 13 8 0
2 15 13 9 0
2 15 13 10 0
2 15 13 11 0
2 15 13 12 0
2 15 13 13 0
2 15 13 14 0
2 15 13 15 0
2 15 14 0 0
2 15 14 1 0.000572816827250776
2 15 14 2 0
2 15 14 3 0
2 15 14 4 0
2 15 14 5 0
2 15 14 6 0
2 15 14 7 0
2 15 14 8 0
2 15 14 9 0
2 15 14 10 0
2 15 14 11 0
2 15 14 12 0
2 15 14 13 0
2 15 14 14 0
2 15 14 15 0
2 15 15 0 0
2 15 15 1 0
2 15 15 2 -9.503759470865474e-05
2 15 15 3 0
2 15 15 4 0
2 15 15 5 0
2 15 15 6 0
2 15 15 7 0
2 15 15 8 0
2 15 15 9 0
2 15 15 10 0
2 15 15 11 0
2 15 15 12 0
2 15 15 13 0
2 15 15 14 0
2 15 15 15 0
3 0 0 0 0
3 0 0 1 0
3 0 0 2 0
3 0 0 3 -1.017955686507749
3 0 0 4 0
3 0 0 5 0
3 0 0 6 0
3 0 0 7 0
3 0 0 8 -0.04876966629806405
3 0 0 9 0
3 0 0 10 0
3 0 0 11 0
3 0 0 12 0
3 0 0 13 0
3 0 0 14 0
3 0 0 15 0
3 0 1 0 0
3 0 1 1 0
3 0 1 2 0
3 0 1 3 0
3 0 1 4 0
3 0 1 5 0
3 0 1 6 0
3 0 1 7 0
3 0 1 8 0
3 0 1 9 0
3 0 1 10 0
3 0 1 11 0
3 0 1 12 0
3 0 1 13 0
3 0 1 14 0
3 0 1 15 0
3 0 2 0 0
3 0 2 1 0
3 0 2 2 0
3 0 2 3 3.545537704018525e-05
3 0 2 4 0
3 0 2 5 0
3 0 2 6 0
3 0 2 7 0
3 0 2 8 0
3 0 2 9 0
3 0 2 10 0
3 0 2 11 0
3 0 2 12 0
3 0 2 13 0
3 0 2 14 0
3 0 2 15 0
3 0 3 0 2.035835645255398
3 0 3 1 0
3 0 3 2 -0.0002351219134159289
3 0 3 3 0
3 0 3 4 0
3 0 3 5 0
3 0 3 6 0
3 0 3 7 0
3 0 3 8 0
3 0 3 9 0
3 0 3 10 0
3 0 3 11 -0.01182810517969271
3 0 3 12 0
3 0 3 13 0
3 0 3 14 0
3 0 3 15 0
3 0 4 0 0
3 0 4 1 0
3 0 4 2 0
3 0 4 3 0
3 0 4 4 0
3 0 4 5 0
3 0 4 6 0
3 0 4 7 0
3 0 4 8 0
3 0 4 9 0
3 0 4 10 0
3 0 4 11 0
3 0 4 12 0
3 0 4 13 0
3 0 4 14 0
3 0 4 15 0
3 0 5 0 0
3 0 5 1 0
3 0 5 2 0
3 0 5 3 0
3 0 5 4 0
3 0 5 5 0
3 0 5 6 0
3 0 5 7 0
3 0 5 8 0
3 0 5 9 0
3 0 5 10 0
3 0 5 11 0
3 0 5 12 0
3 0 5 13 0
3 0 5 14 0
3 0 5 15 0
3 0 6 0 0
3 0 6 1 0
3 0 6 2 0
3 0 6 3 0
3 0 6 4 0
3 0 6 5 0
3 0 6 6 0
3 0 6 7 0
3 0 6 8 0
3 0 6 9 0
3 0 6 10 0
3 0 6 11 0
3 0 6 12 0
3 0 6 13 0
3 0 6 14 0
3 0 6 15 0
3 0 7 0 0
3 0 7 1 0
3 0 7 2 0
3 0 7 3 0
3 0 7 4 0
3 0 7 5 0
3 0 7 6 0
3 0 7 7 0
3 0 7 8 0
3 0 7 9 0
3 0 7 10 0
3 0 7 11 0
3 0 7 12 0
3 0 7 13 0
3 0 7 14 0
3 0 7 15 0
3 0 8 0 0.0975393325961281
3 0 8 1 0
3 0 8 2 0
3 0 8 3 0
3 0 8 4 0
3 0 8 5 0
3 0 8 6 0
3 0 8 7 0
3 0 8 8 0
3 0 8 9 0
3 0 8 10 0
3 0 8 11 0
3 0 8 12 0
3 0 8 13 0
3 0 8 14 0
3 0 8 15 0
3 0 9 0 0
3 0 9 1 0
3 0 9 2 0
3 0 9 3 0
3 0 9 4 0
3 0 9 5 0
3 0 9 6 0
3 0 9 7 0
3 0 9 8 0
3 0 9 9 0
3 0 9 10 0
3 0 9 11 0
3 0 9 12 0
3 0 9 13 0
3 0 9 14 0
3 0 9 15 0
3 0 10 0 0
3 0 10 1 0
3 0 10 2 0
3 0 10 3 0
3 0 10 4 0
3 0 10 5 0
3 0 10 6 0
3 0 10 7 0
3 0 10 8 0
3 0 10 9 0
3 0 10 10 0
3 0 10 11 0
3 0 10 12 0
3 0 10 13 0
3 0 10 14 0
3 0 10 15 0
3 0 11 0 0
3 0 11 1 0
3 0 11 2 0
3 0 11 3 0.0007816215488308798
3 0 11 4 0
3 0 11 5 0
3 0 11 6 0
3 0 11 7 0
3 0 11 8 0
3 0 11 9 0
3 0 11 10 0
3 0 11 11 0
3 0 11 12 0
3 0 11 13 0
3 0 11 14 0
3 0 11 15 0
3 0 12 0 0
3 0 12 1 0
3 0 12 2 0
3 0 12 3 0
3 0 12 4 0
3 0 12 5 0
3 0 12 6 0
3 0 12 7 0
3 0 12 8 0
3 0 12 9 0
3 0 12 10 0
3 0 12 11 0
3 0 12 12 0
3 0 12 13 0
3 0 12 14 0
3 0 12 15 0
3 0 13 0 0
3 0 13 1 0
3 0 13 2 0
3 0 13 3 0
3 0 13 4 0
3 0 13 5 0
3 0 13 6 0
3 0 13 7 0
3 0 13 8 0
3 0 13 9 0
3 0 13 10 0
3 0 13 11 0
3 0 13 12 0
3 0 13 13 0
3 0 13 14 0
3 0 13 15 0
3 0 14 0 0
3 0 14 1 0
3 0 14 2 0
3 0 14 3 0
3 0 14 4 0
3 0 14 5 0
3 0 14 6 0
3 0 14 7 0
3 0 14 8 0
3 0 14 9 0
3 0 14 10 0
3 0 14 11 0
3 0 14 12 0
3 0 14 13 0
3 0 14 14 0
3 0 14 15 0
3 0 15 0 0
3 0 15 1 0
3 0 15 2 0
3 0 15 3 0
3 0 15 4 0
3 0 15 5 0
3 0 15 6 0
3 0 15 7 0
3 0 15 8 0
3 0 15 9 0
3 0 15 10 0
3 0 15 11 0
3 0 15 12 0
3 0 15 13 0
3 0 15 14 0
3 0 15 15 0
3 1 0 0 0
3 1 0 1 0
3 1 0 2 0
3 1 0 3 0
3 1 0 4 0
3 1 0 5 0
3 1 0 6 0
3 1 0 7 0
3 1 0 8 0
3 1 0 9 0
3 1 0 10 0
3 1 0 11 0
3 1 0 12 0
3 1 0 13 0
3 1 0 14 0
3 1 0 15 0
3 1 1 0 0
3 1 1 1 0
3 1 1 2 0
3 1 1 3 -1.018033972234139
3 1 1 4 0
3 1 1 5 0
3 1 1 6 0
3 1 1 7 0
3 1 1 8 -0.04876966629806405
3 1 1 9 0
3 1 1 10 0
3 1 1 11 0
3 1 1 12 0
3 1 1 13 0
3 1 1 14 0
3 1 1 15 0
3 1 2 0 0
3 1 2 1 0
3 1 2 2 0
3 1 2 3 0
3 1 2 4 0
3 1 2 5 0
3 1 2 6 0
3 1 2 7 0
3 1 2 8 0
3 1 2 9 0
3 1 2 10 0
3 1 2 11 0
3 1 2 12 0
3 1 2 13 0
3 1 2 14 0
3 1 2 15 0
3 1 3 0 0
3 1 3 1 2.036037184028293
3 1 3 2 0
3 1 3 3 0
3 1 3 4 0
3 1 3 5 0
3 1 3 6 0
3 1 3 7 0
3 1 3 8 0
3 1 3 9 0
3 1 3 10 0
3 1 3 11 0
3 1 3 12 0
3 1 3 13 0
3 1 3 14 0
3 1 3 15 0.01144121415185251
3 1 4 0 0
3 1 4 1 0
3 1 4 2 0
3 1 4 3 0
3 1 4 4 0
3 1 4 5 0
3 1 4 6 0
3 1 4 7 0
3 1 4 8 0
3 1 4 9 0
3 1 4 10 0
3 1 4 11 0
3 1 4 12 0
3 1 4 13 0
3 1 4 14 0
3 1 4 15 0
3 1 5 0 0
3 1 5 1 0
3 1 5 2 0
3 1 5 3 0
3 1 5 4 0
3 1 5 5 0
3 1 5 6 0
3 1 5 7 0
3 1 5 8 0
3 1 5 9 0
3 1 5 10 0
3 1 5 11 0
3 1 5 12 0
3 1 5 13 0
3 1 5 14 0
3 1 5 15 0
3 1 6 0 0
3 1 6 1 0
3 1 6 2 0
3 1 6 3 0
3 1 6 4 0
3 1 6 5 0
3 1 6 6 0
3 1 6 7 0
3 1 6 8 0
3 1 6 9 0
3 1 6 10 0
3 1 6 11 0
3 1 6 12 0
3 1 6 13 0
3 1 6 14 0
3 1 6 15 0
3 1 7 0 0
3 1 7 1 0
3 1 7 2 0
3 1 7 3 0
3 1 7 4 0
3 1 7 5 0
3 1 7 6 0
3 1 7 7 0
3 1 7 8 0
3 1 7 9 0
3 1 7 10 0
3 1 7 11 0
3 1 7 12 0
3 1 7 13 0
3 1 7 14 0
3 1 7 15 0
3 1 8 0 0
3 1 8 1 0.0975393325961281
3 1 8 2 0
3 1 8 3 0
3 1 8 4 0
3 1 8 5 0
3 1 8 6 0
3 1 8 7 0
3 1 8 8 0
3 1 8 9 0
3 1 8 10 0
3 1 8 11 0
3 1 8 12 0
3 1 8 13 0
3 1 8 14 0
3 1 8 15 0
3 1 9 0 0
3 1 9 1 0
3 1 9 2 0
3 1 9 3 0
3 1 9 4 0
3 1 9 5 0
3 1 9 6 0
3 1 9 7 0
3 1 9 8 0
3 1 9 9 0
3 1 9 10 0
3 1 9 11 0
3 1 9 12 0
3 1 9 13 0
3 1 9 14 0
3 1 9 15 0
3 1 10 0 0
3 1 10 1 0
3 1 10 2 0
3 1 10 3 0
3 1 10 4 0
3 1 10 5 0
3 1 10 6 0
3 1 10 7 0
3 1 10 8 0
3 1 10 9 0
3 1 10 10 0
3 1 10 11 0
3 1 10 12 0
3 1 10 13 0
3 1 10 14 0
3 1 10 15 0
3 1 11 0 0
3 1 11 1 0
3 1 11 2 0
3 1 11 3 0
3 1 11 4 0
3 1 11 5 0
3 1 11 6 0
3 1 11 7 0
3 1 11 8 0
3 1 11 9 0
3 1 11 10 0
3 1 11 11 0
3 1 11 12 0
3 1 11 13 0
3 1 11 14 0
3 1 11 15 0
3 1 12 0 0
3 1 12 1 0
3 1 12 2 0
3 1 12 3 0
3 1 12 4 0
3 1 12 5 0
3 1 12 6 0
3 1 12 7 0
3 1 12 8 0
3 1 12 9 0
3 1 12 10 0
3 1 12 11 0
3 1 12 12 0
3 1 12 13 0
3 1 12 14 0
3 1 12 15 0
3 1 13 0 0
3 1 13 1 0
3 1 13 2 0
3 1 13 3 0
3 1 13 4 0
3 1 13 5 0
3 1 13 6 0
3 1 13 7 0
3 1 13 8 0
3 1 13 9 0
3 1 13 10 0
3 1 13 11 0
3 1 13 12 0
3 1 13 13 0
3 1 13 14 0
3 1 13 15 0
3 1 14 0 0
3 1 14 1 0
3 1 14 2 0
3 1 14 3 0
3 1 14 4 0
3 1 14 5 0
3 1 14 6 0
3 1 14 7 0
3 1 14 8 0
3 1 14 9 0
3 1 14 10 0
3 1 14 11 0
3 1 14 12 0
3 1 14 13 0
3 1 14 14 0
3 1 14 15 0
3 1 15 0 0
3 1 15 1 0
3 1 15 2 0
3 1 15 3 -0.004660702704455697
3 1 15 4 0
3 1 15 5 0
3 1 15 6 0
3 1 15 7 0
3 1 15 8 0
3 1 15 9 0
3 1 15 10 0
3 1 15 11 0
3 1 15 12 0
3 1 15 13 0
3 1 15 14 0
3 1 15 15 0
3 2 0 0 0
3 2 0 1 0
3 2 0 2 0
3 2 0 3 3.545537704018525e-05
3 2 0 4 0
3 2 0 5 0
3 2 0 6 0
3 2 0 7 0
3 2 0 8 0
3 2 0 9 0
3 2 0 10 0
3 2 0 11 0
3 2 0 12 0
3 2 0 13 0
3 2 0 14 0
3 2 0 15 0
3 2 1 0 0
3 2 1 1 0
3 2 1 2 0
3 2 1 3 0
3 2 1 4 0
3 2 1 5 0
3 2 1 6 0
3 2 1 7 0
3 2 1 8 0
3 2 1 9 0
3 2 1 10 0
3 2 1 11 0
3 2 1 12 0
3 2 1 13 0
3 2 1 14 0
3 2 1 15 0
3 2 2 0 0
3 2 2 1 0
3 2 2 2 0
3 2 2 3 -0.7937684820094946
3 2 2 4 0
3 2 2 5 0
3 2 2 6 0
3 2 2 7 0
3 2 2 8 -0.04876966629806405
3 2 2 9 0
3 2 2 10 0
3 2 2 11 0
3 2 2 12 0
3 2 2 13 0
3 2 2 14 0
3 2 2 15 0
3 2 3 0 -0.0002351219134159289
3 2 3 1 0
3 2 3 2 1.589554007633971
3 2 3 3 0
3 2 3 4 0
3 2 3 5 0
3 2 3 6 0
3 2 3 7 0
3 2 3 8 0
3 2 3 9 0
3 2 3 10 0
3 2 3 11 -0.02507076762911946
3 2 3 12 0
3 2 3 13 0
3 2 3 14 0.03605404638513918
3 2 3 15 0
3 2 4 0 0
3 2 4 1 0
3 2 4 2 0
3 2 4 3 0
3 2 4 4 0
3 2 4 5 0
3 2 4 6 0
3 2 4 7 0
3 2 4 8 0
3 2 4 9 0
3 2 4 10 0
3 2 4 11 0
3 2 4 12 0
3 2 4 13 0
3 2 4 14 0
3 2 4 15 0
3 2 5 0 0
3 2 5 1 0
3 2 5 2 0
3 2 5 3 0
3 2 5 4 0
3 2 5 5 0
3 2 5 6 0
3 2 5 7 0
3 2 5 8 0
3 2 5 9 0
3 2 5 10 0
3 2 5 11 0
3 2 5 12 0
3 2 5 13 0
3 2 5 14 0
3 2 5 15 0
3 2 6 0 0
3 2 6 1 0
3 2 6 2 0
3 2 6 3 0
3 2 6 4 0
3 2 6 5 0
3 2 6 6 0
3 2 6 7 -9.631963676540354e-06
3 2 6 8 0
3 2 6 9 0
3 2 6 10 0
3 2 6 11 0
3 2 6 12 0
3 2 6 13 0
3 2 6 14 0
3 2 6 15 0
3 2 7 0 0
3 2 7 1 0
3 2 7 2 0
3 2 7 3 0
3 2 7 4 0
3 2 7 5 0
3 2 7 6 0.2730334313577585
3 2 7 7 0
3 2 7 8 0
3 2 7 9 0
3 2 7 10 0
3 2 7 11 0
3 2 7 12 0
3 2 7 13 0
3 2 7 14 0
3 2 7 15 0
3 2 8 0 0
3 2 8 1 0
3 2 8 2 0.0975393325961281
3 2 8 3 0
3 2 8 4 0
3 2 8 5 0
3 2 8 6 0
3 2 8 7 0
3 2 8 8 0
3 2 8 9 0
3 2 8 10 0
3 2 8 11 0
3 2 8 12 0
3 2 8 13 0
3 2 8 14 0
3 2 8 15 0
3 2 9 0 0
3 2 9 1 0
3 2 9 2 0
3 2 9 3 0
3 2 9 4 0
3 2 9 5 0
3 2 9 6 0
3 2 9 7 0
3 2 9 8 0
3 2 9 9 0
3 2 9 10 0
3 2 9 11 0
3 2 9 12 0
3 2 9 13 0
3 2 9 14 0
3 2 9 15 0
3 2 10 0 0
3 2 10 1 0
3 2 10 2 0
3 2 10 3 0
3 2 10 4 0
3 2 10 5 0
3 2 10 6 0
3 2 10 7 0
3 2 10 8 0
3 2 10 9 0
3 2 10 10 0
3 2 10 11 0
3 2 10 12 0
3 2 10 13 0
3 2 10 14 0
3 2 10 15 0
3 2 11 0 0
3 2 11 1 0
3 2 11 2 0
3 2 11 3 0.01027226987767102
3 2 11 4 0
3 2 11 5 0
3 2 11 6 0
3 2 11 7 0
3 2 11 8 0
3 2 11 9 0
3 2 11 10 0
3 2 11 11 0
3 2 11 12 0
3 2 11 13 0
3 2 11 14 0
3 2 11 15 0
3 2 12 0 0
3 2 12 1 0
3 2 12 2 0
3 2 12 3 0
3 2 12 4 0
3 2 12 5 0
3 2 12 6 0
3 2 12 7 0
3 2 12 8 0
3 2 12 9 0
3 2 12 10 0
3 2 12 11 0
3 2 12 12 0
3 2 12 13 0
3 2 12 14 0
3 2 12 15 0
3 2 13 0 0
3 2 13 1 0
3 2 13 2 0
3 2 13 3 0
3 2 13 4 0
3 2 13 5 0
3 2 13 6 0
3 2 13 7 0
3 2 13 8 0
3 2 13 9 0
3 2 13 10 0
3 2 13 11 0
3 2 13 12 0
3 2 13 13 0
3 2 13 14 0
3 2 13 15 0
3 2 14 0 0
3 2 14 1 0
3 2 14 2 0
3 2 14 3 -0.02059912552377324
3 2 14 4 0
3 2 14 5 0
3 2 14 6 0
3 2 14 7 0
3 2 14 8 0
3 2 14 9 0
3 2 14 10 0
3 2 14 11 0
3 2 14 12 0
3 2 14 13 0
3 2 14 14 0
3 2 14 15 0
3 2 15 0 0
3 2 15 1 0
3 2 15 2 0
3 2 15 3 0
3 2 15 4 0
3 2 15 5 0
3 2 15 6 0
3 2 15 7 0
3 2 15 8 0
3 2 15 9 0
3 2 15 10 0
3 2 15 11 0
3 2 15 12 0
3 2 15 13 0
3 2 15 14 0
3 2 15 15 0
3 3 0 0 0
3 3 0 1 0
3 3 0 2 0
3 3 0 3 0
3 3 0 4 0
3 3 0 5 0
3 3 0 6 0
3 3 0 7 0
3 3 0 8 0
3 3 0 9 0
3 3 0 10 0
3 3 0 11 0
3 3 0 12 0
3 3 0 13 0
3 3 0 14 0
3 3 0 15 0
3 3 1 0 0
3 3 1 1 0
3 3 1 2 0
3 3 1 3 0
3 3 1 4 0
3 3 1 5 0
3 3 1 6 0
3 3 1 7 0
3 3 1 8 0
3 3 1 9 0
3 3 1 10 0
3 3 1 11 0
3 3 1 12 0
3 3 1 13 0
3 3 1 14 0
3 3 1 15 0
3 3 2 0 0
3 3 2 1 0
3 3 2 2 0
3 3 2 3 0
3 3 2 4 0
3 3 2 5 0
3 3 2 6 0
3 3 2 7 0
3 3 2 8 0
3 3 2 9 0
3 3 2 10 0
3 3 2 11 0
3 3 2 12 0
3 3 2 13 0
3 3 2 14 0
3 3 2 15 0
3 3 3 0 0
3 3 3 1 0
3 3 3 2 0
3 3 3 3 0.1261901024735801
3 3 3 4 0
3 3 3 5 0
3 3 3 6 0
3 3 3 7 0
3 3 3 8 -6.041275637483391e-19
3 3 3 9 0
3 3 3 10 0
3 3 3 11 0
3 3 3 12 0
3 3 3 13 0
3 3 3 14 0
3 3 3 15 0
3 3 4 0 0
3 3 4 1 0
3 3 4 2 0
3 3 4 3 0
3 3 4 4 0
3 3 4 5 0
3 3 4 6 0
3 3 4 7 0
3 3 4 8 0
3 3 4 9 0
3 3 4 10 0
3 3 4 11 0
3 3 4 12 0
3 3 4 13 0
3 3 4 14 0
3 3 4 15 0
3 3 5 0 0
3 3 5 1 0
3 3 5 2 0
3 3 5 3 0
3 3 5 4 0
3 3 5 5 0
3 3 5 6 0
3 3 5 7 0
3 3 5 8 0
3 3 5 9 0
3 3 5 10 0
3 3 5 11 0
3 3 5 12 0
3 3 5 13 0
3 3 5 14 0
3 3 5 15 0
3 3 6 0 0
3 3 6 1 0
3 3 6 2 0
3 3 6 3 0
3 3 6 4 0
3 3 6 5 0
3 3 6 6 -0.1025376984977824
3 3 6 7 0
3 3 6 8 0
3 3 6 9 0
3 3 6 10 0
3 3 6 11 0
3 3 6 12 0
3 3 6 13 -1.010688904049299e-18
3 3 6 14 0
3 3 6 15 0
3 3 7 0 0
3 3 7 1 0
3 3 7 2 0
3 3 7 3 0
3 3 7 4 0
3 3 7 5 0
3 3 7 6 0
3 3 7 7 0
3 3 7 8 0
3 3 7 9 0
3 3 7 10 0
3 3 7 11 0
3 3 7 12 0
3 3 7 13 0
3 3 7 14 0
3 3 7 15 0
3 3 8 0 0
3 3 8 1 0
3 3 8 2 0
3 3 8 3 -6.041275637483391e-19
3 3 8 4 0
3 3 8 5 0
3 3 8 6 0
3 3 8 7 0
3 3 8 8 0
3 3 8 9 0
3 3 8 10 0
3 3 8 11 0
3 3 8 12 0
3 3 8 13 0
3 3 8 14 0
3 3 8 15 0
3 3 9 0 0
3 3 9 1 0
3 3 9 2 0
3 3 9 3 0
3 3 9 4 0
3 3 9 5 0
3 3 9 6 0
3 3 9 7 0
3 3 9 8 0
3 3 9 9 0
3 3 9 10 0
3 3 9 11 0
3 3 9 12 0
3 3 9 13 0
3 3 9 14 0
3 3 9 15 0
3 3 10 0 0
3 3 10 1 0
3 3 10 2 0
3 3 10 3 0
3 3 10 4 0
3 3 10 5 0
3 3 10 6 0
3 3 10 7 0
3 3 10 8 0
3 3 10 9 0
3 3 10 10 0
3 3 10 11 0
3 3 10 12 0
3 3 10 13 0
3 3 10 14 0
3 3 10 15 0
3 3 11 0 0
3 3 11 1 0
3 3 11 2 0
3 3 11 3 0
3 3 11 4 0
3 3 11 5 0
3 3 11 6 0
3 3 11 7 0
3 3 11 8 0
3 3 11 9 0
3 3 11 10 0
3 3 11 11 0
3 3 11 12 0
3 3 11 13 0
3 3 11 14 0
3 3 11 15 0
3 3 12 0 0
3 3 12 1 0
3 3 12 2 0
3 3 12 3 0
3 3 12 4 0
3 3 12 5 0
3 3 12 6 0
3 3 12 7 0
3 3 12 8 0
3 3 12 9 0
3 3 12 10 0
3 3 12 11 0
3 3 12 12 0
3 3 12 13 0
3 3 12 14 0
3 3 12 15 0
3 3 13 0 0
3 3 13 1 0
3 3 13 2 0
3 3 13 3 0
3 3 13 4 0
3 3 13 5 0
3 3 13 6 -1.010688904049299e-18
3 3 13 7 0
3 3 13 8 0
3 3 13 9 0
3 3 13 10 0
3 3 13 11 0
3 3 13 12 0
3 3 13 13 0
3 3 13 14 0
3 3 13 15 0
3 3 14 0 0
3 3 14 1 0
3 3 14 2 0
3 3 14 3 0
3 3 14 4 0
3 3 14 5 0
3 3 14 6 0
3 3 14 7 0
3 3 14 8 0
3 3 14 9 0
3 3 14 10 0
3 3 14 11 0
3 3 14 12 0
3 3 14 13 0
3 3 14 14 0
3 3 14 15 0
3 3 15 0 0
3 3 15 1 0
3 3 15 2 0
3 3 15 3 0
3 3 15 4 0
3 3 15 5 0
3 3 15 6 0
3 3 15 7 0
3 3 15 8 0
3 3 15 9 0
3 3 15 10 0
3 3 15 11 0
3 3 15 12 0
3 3 15 13 0
3 3 15 14 0
3 3 15 15 0
3 4 0 0 0
3 4 0 1 0
3 4 0 2 0
3 4 0 3 0
3 4 0 4 0
3 4 0 5 0
3 4 0 6 0
3 4 0 7 0
3 4 0 8 0
3 4 0 9 0
3 4 0 10 0
3 4 0 11 0
3 4 0 12 0
3 4 0 13 0
3 4 0 14 0
3 4 0 15 0
3 4 1 0 0
3 4 1 1 0
3 4 1 2 0
3 4 1 3 0
3 4 1 4 0
3 4 1 5 0
3 4 1 6 0
3 4 1 7 0
3 4 1 8 0
3 4 1 9 0
3 4 1 10 0
3 4 1 11 0
3 4 1 12 0
3 4 1 13 0
3 4 1 14 0
3 4 1 15 0
3 4 2 0 0
3 4 2 1 0
3 4 2 2 0
3 4 2 3 0
3 4 2 4 0
3 4 2 5 0
3 4 2 6 0
3 4 2 7 0
3 4 2 8 0
3 4 2 9 0
3 4 2 10 0
3 4 2 11 0
3 4 2 12 0
3 4 2 13 0
3 4 2 14 0
3 4 2 15 0
3 4 3 0 0
3 4 3 1 0
3 4 3 2 0
3 4 3 3 0
3 4 3 4 1.017427213212909
3 4 3 5 0
3 4 3 6 0
3 4 3 7 0
3 4 3 8 0
3 4 3 9 0.04779038032658828
3 4 3 10 0
3 4 3 11 0
3 4 3 12 0
3 4 3 13 0
3 4 3 14 0
3 4 3 15 0
3 4 4 0 0
3 4 4 1 0
3 4 4 2 0
3 4 4 3 -0.05255006307566146
3 4 4 4 0
3 4 4 5 0
3 4 4 6 0
3 4 4 7 0
3 4 4 8 -0.002913602970917857
3 4 4 9 0
3 4 4 10 0
3 4 4 11 0
3 4 4 12 0
3 4 4 13 0
3 4 4 14 0
3 4 4 15 0
3 4 5 0 0
3 4 5 1 0
3 4 5 2 0
3 4 5 3 0
3 4 5 4 0
3 4 5 5 0
3 4 5 6 0.01100183218142669
3 4 5 7 0
3 4 5 8 0
3 4 5 9 0
3 4 5 10 0
3 4 5 11 0
3 4 5 12 0
3 4 5 13 2.800715543542357e-19
3 4 5 14 0
3 4 5 15 0
3 4 6 0 0
3 4 6 1 0
3 4 6 2 0
3 4 6 3 0
3 4 6 4 0
3 4 6 5 -1.10379786877886e-05
3 4 6 6 0
3 4 6 7 0
3 4 6 8 0
3 4 6 9 0
3 4 6 10 0
3 4 6 11 0
3 4 6 12 -8.140803706306792e-19
3 4 6 13 0
3 4 6 14 0
3 4 6 15 0
3 4 7 0 0
3 4 7 1 0
3 4 7 2 0
3 4 7 3 0
3 4 7 4 0
3 4 7 5 0
3 4 7 6 0
3 4 7 7 0
3 4 7 8 0
3 4 7 9 0
3 4 7 10 0
3 4 7 11 0
3 4 7 12 0
3 4 7 13 0
3 4 7 14 0
3 4 7 15 0
3 4 8 0 0
3 4 8 1 0
3 4 8 2 0
3 4 8 3 0
3 4 8 4 0.04876966629806405
3 4 8 5 0
3 4 8 6 0
3 4 8 7 0
3 4 8 8 0
3 4 8 9 0
3 4 8 10 0
3 4 8 11 0
3 4 8 12 0
3 4 8 13 0
3 4 8 14 0
3 4 8 15 0
3 4 9 0 0
3 4 9 1 0
3 4 9 2 0
3 4 9 3 -0.003033484146657127
3 4 9 4 0
3 4 9 5 0
3 4 9 6 0
3 4 9 7 0
3 4 9 8 0
3 4 9 9 0
3 4 9 10 0
3 4 9 11 0
3 4 9 12 0
3 4 9 13 0
3 4 9 14 0
3 4 9 15 0
3 4 10 0 0
3 4 10 1 0
3 4 10 2 0
3 4 10 3 0
3 4 10 4 0
3 4 10 5 0
3 4 10 6 0
3 4 10 7 0
3 4 10 8 0
3 4 10 9 0
3 4 10 10 0
3 4 10 11 0
3 4 10 12 0
3 4 10 13 0
3 4 10 14 0
3 4 10 15 0
3 4 11 0 0
3 4 11 1 0
3 4 11 2 0
3 4 11 3 0
3 4 11 4 0
3 4 11 5 0
3 4 11 6 0
3 4 11 7 0
3 4 11 8 0
3 4 11 9 0
3 4 11 10 0
3 4 11 11 0
3 4 11 12 0
3 4 11 13 0
3 4 11 14 0
3 4 11 15 0
3 4 12 0 0
3 4 12 1 0
3 4 12 2 0
3 4 12 3 0
3 4 12 4 0
3 4 12 5 0
3 4 12 6 3.603648640830164e-19
3 4 12 7 0
3 4 12 8 0
3 4 12 9 0
3 4 12 10 0
3 4 12 11 0
3 4 12 12 0
3 4 12 13 0
3 4 12 14 0
3 4 12 15 0
3 4 13 0 0
3 4 13 1 0
3 4 13 2 0
3 4 13 3 0
3 4 13 4 0
3 4 13 5 7.726322597596393e-20
3 4 13 6 0
3 4 13 7 0
3 4 13 8 0
3 4 13 9 0
3 4 13 10 0
3 4 13 11 0
3 4 13 12 0
3 4 13 13 0
3 4 13 14 0
3 4 13 15 0
3 4 14 0 0
3 4 14 1 0
3 4 14 2 0
3 4 14 3 0
3 4 14 4 0
3 4 14 5 0
3 4 14 6 0
3 4 14 7 0
3 4 14 8 0
3 4 14 9 0
3 4 14 10 0
3 4 14 11 0
3 4 14 12 0
3 4 14 13 0
3 4 14 14 0
3 4 14 15 0
3 4 15 0 0
3 4 15 1 0
3 4 15 2 0
3 4 15 3 0
3 4 15 4 0
3 4 15 5 0
3 4 15 6 0
3 4 15 7 0
3 4 15 8 0
3 4 15 9 0
3 4 15 10 0
3 4 15 11 0
3 4 15 12 0
3 4 15 13 0
3 4 15 14 0
3 4 15 15 0
3 5 0 0 0
3 5 0 1 0
3 5 0 2 0
3 5 0 3 0
3 5 0 4 0
3 5 0 5 0
3 5 0 6 0
3 5 0 7 0
3 5 0 8 0
3 5 0 9 0
3 5 0 10 0
3 5 0 11 0
3 5 0 12 0
3 5 0 13 0
3 5 0 14 0
3 5 0 15 0
3 5 1 0 0
3 5 1 1 0
3 5 1 2 0
3 5 1 3 0
3 5 1 4 0
3 5 1 5 0
3 5 1 6 0
3 5 1 7 0
3 5 1 8 0
3 5 1 9 0
3 5 1 10 0
3 5 1 11 0
3 5 1 12 0
3 5 1 13 0
3 5 1 14 0
3 5 1 15 0
3 5 2 0 0
3 5 2 1 0
3 5 2 2 0
3 5 2 3 0
3 5 2 4 0
3 5 2 5 0
3 5 2 6 0
3 5 2 7 0
3 5 2 8 0
3 5 2 9 0
3 5 2 10 0
3 5 2 11 0
3 5 2 12 0
3 5 2 13 0
3 5 2 14 0
3 5 2 15 0
3 5 3 0 0
3 5 3 1 0
3 5 3 2 0
3 5 3 3 0
3 5 3 4 0
3 5 3 5 1.012484724540421
3 5 3 6 0
3 5 3 7 0
3 5 3 8 0
3 5 3 9 0
3 5 3 10 0
3 5 3 11 0
3 5 3 12 0.04561282826039283
3 5 3 13 0
3 5 3 14 0
3 5 3 15 0
3 5 4 0 0
3 5 4 1 0
3 5 4 2 0
3 5 4 3 0
3 5 4 4 0
3 5 4 5 0
3 5 4 6 0.01364451787532967
3 5 4 7 0
3 5 4 8 0
3 5 4 9 0
3 5 4 10 0
3 5 4 11 0
3 5 4 12 0
3 5 4 13 -0.002177113804776934
3 5 4 14 0
3 5 4 15 0
3 5 5 0 0
3 5 5 1 0
3 5 5 2 0
3 5 5 3 -0.06339510362856202
3 5 5 4 0
3 5 5 5 0
3 5 5 6 0
3 5 5 7 0
3 5 5 8 -0.004313052470893791
3 5 5 9 0
3 5 5 10 0
3 5 5 11 0
3 5 5 12 0
3 5 5 13 0
3 5 5 14 0
3 5 5 15 0
3 5 6 0 0
3 5 6 1 0
3 5 6 2 0
3 5 6 3 0
3 5 6 4 6.186311376645508e-07
3 5 6 5 0
3 5 6 6 0
3 5 6 7 0
3 5 6 8 0
3 5 6 9 -3.199772512783247e-05
3 5 6 10 0
3 5 6 11 0
3 5 6 12 0
3 5 6 13 0
3 5 6 14 0
3 5 6 15 0
3 5 7 0 0
3 5 7 1 0
3 5 7 2 0
3 5 7 3 0
3 5 7 4 0
3 5 7 5 0
3 5 7 6 0
3 5 7 7 0
3 5 7 8 0
3 5 7 9 0
3 5 7 10 0
3 5 7 11 0
3 5 7 12 0
3 5 7 13 0
3 5 7 14 0
3 5 7 15 0
3 5 8 0 0
3 5 8 1 0
3 5 8 2 0
3 5 8 3 0
3 5 8 4 0
3 5 8 5 0.04876966629806406
3 5 8 6 0
3 5 8 7 0
3 5 8 8 0
3 5 8 9 0
3 5 8 10 0
3 5 8 11 0
3 5 8 12 0
3 5 8 13 0
3 5 8 14 0
3 5 8 15 0
3 5 9 0 0
3 5 9 1 0
3 5 9 2 0
3 5 9 3 0
3 5 9 4 0
3 5 9 5 0
3 5 9 6 -0.004260341273203238
3 5 9 7 0
3 5 9 8 0
3 5 9 9 0
3 5 9 10 0
3 5 9 11 0
3 5 9 12 0
3 5 9 13 0
3 5 9 14 0
3 5 9 15 0
3 5 10 0 0
3 5 10 1 0
3 5 10 2 0
3 5 10 3 0
3 5 10 4 0
3 5 10 5 0
3 5 10 6 0
3 5 10 7 0
3 5 10 8 0
3 5 10 9 0
3 5 10 10 0
3 5 10 11 0
3 5 10 12 0
3 5 10 13 0
3 5 10 14 0
3 5 10 15 0
3 5 11 0 0
3 5 11 1 0
3 5 11 2 0
3 5 11 3 0
3 5 11 4 0
3 5 11 5 0
3 5 11 6 0
3 5 11 7 0
3 5 11 8 0
3 5 11 9 0
3 5 11 10 0
3 5 11 11 0
3 5 11 12 0
3 5 11 13 0
3 5 11 14 0
3 5 11 15 0
3 5 12 0 0
3 5 12 1 0
3 5 12 2 0
3 5 12 3 -0.002652703454980944
3 5 12 4 0
3 5 12 5 0
3 5 12 6 0
3 5 12 7 0
3 5 12 8 0
3 5 12 9 0
3 5 12 10 0
3 5 12 11 0
3 5 12 12 0
3 5 12 13 0
3 5 12 14 0
3 5 12 15 0
3 5 13 0 0
3 5 13 1 0
3 5 13 2 0
3 5 13 3 0
3 5 13 4 1.99759617002404e-05
3 5 13 5 0
3 5 13 6 0
3 5 13 7 0
3 5 13 8 0
3 5 13 9 0
3 5 13 10 0
3 5 13 11 0
3 5 13 12 0
3 5 13 13 0
3 5 13 14 0
3 5 13 15 0
3 5 14 0 0
3 5 14 1 0
3 5 14 2 0
3 5 14 3 0
3 5 14 4 0
3 5 14 5 0
3 5 14 6 0
3 5 14 7 0
3 5 14 8 0
3 5 14 9 0
3 5 14 10 0
3 5 14 11 0
3 5 14 12 0
3 5 14 13 0
3 5 14 14 0
3 5 14 15 0
3 5 15 0 0
3 5 15 1 0
3 5 15 2 0
3 5 15 3 0
3 5 15 4 0
3 5 15 5 0
3 5 15 6 0
3 5 15 7 0
3 5 15 8 0
3 5 15 9 0
3 5 15 10 0
3 5 15 11 0
3 5 15 12 0
3 5 15 13 0
3 5 15 14 0
3 5 15 15 0
3 6 0 0 0
3 6 0 1 0
3 6 0 2 0
3 6 0 3 0
3 6 0 4 0
3 6 0 5 0
3 6 0 6 0
3 6 0 7 0
3 6 0 8 0
3 6 0 9 0
3 6 0 10 0
3 6 0 11 0
3 6 0 12 0
3 6 0 13 0
3 6 0 14 0
3 6 0 15 0
3 6 1 0 0
3 6 1 1 0
3 6 1 2 0
3 6 1 3 0
3 6 1 4 0
3 6 1 5 0
3 6 1 6 0
3 6 1 7 0
3 6 1 8 0
3 6 1 9 0
3 6 1 10 0
3 6 1 11 0
3 6 1 12 0
3 6 1 13 0
3 6 1 14 0
3 6 1 15 0
3 6 2 0 0
3 6 2 1 0
3 6 2 2 0
3 6 2 3 0
3 6 2 4 0
3 6 2 5 0
3 6 2 6 0
3 6 2 7 0
3 6 2 8 0
3 6 2 9 0
3 6 2 10 0
3 6 2 11 0
3 6 2 12 0
3 6 2 13 0
3 6 2 14 0
3 6 2 15 0
3 6 3 0 0
3 6 3 1 0
3 6 3 2 0
3 6 3 3 0
3 6 3 4 0
3 6 3 5 0
3 6 3 6 0.8888296048026155
3 6 3 7 0
3 6 3 8 0
3 6 3 9 0
3 6 3 10 0
3 6 3 11 0
3 6 3 12 0
3 6 3 13 0.04635966278163519
3 6 3 14 0
3 6 3 15 0
3 6 4 0 0
3 6 4 1 0
3 6 4 2 0
3 6 4 3 0
3 6 4 4 0
3 6 4 5 0
3 6 4 6 0
3 6 4 7 0
3 6 4 8 0
3 6 4 9 0
3 6 4 10 0
3 6 4 11 0
3 6 4 12 0
3 6 4 13 0
3 6 4 14 0
3 6 4 15 0
3 6 5 0 0
3 6 5 1 0
3 6 5 2 0
3 6 5 3 0
3 6 5 4 0
3 6 5 5 0
3 6 5 6 0
3 6 5 7 0
3 6 5 8 0
3 6 5 9 0
3 6 5 10 0
3 6 5 11 0
3 6 5 12 0
3 6 5 13 0
3 6 5 14 0
3 6 5 15 0
3 6 6 0 0
3 6 6 1 0
3 6 6 2 0
3 6 6 3 -0.8887556395779921
3 6 6 4 0
3 6 6 5 0
3 6 6 6 0
3 6 6 7 0
3 6 6 8 -0.04882637366908132
3 6 6 9 0
3 6 6 10 0
3 6 6 11 0
3 6 6 12 0
3 6 6 13 0
3 6 6 14 0
3 6 6 15 0
3 6 7 0 0
3 6 7 1 0
3 6 7 2 0
3 6 7 3 0
3 6 7 4 0
3 6 7 5 0
3 6 7 6 0
3 6 7 7 0
3 6 7 8 0
3 6 7 9 0
3 6 7 10 0
3 6 7 11 0
3 6 7 12 0
3 6 7 13 0
3 6 7 14 0
3 6 7 15 0
3 6 8 0 0
3 6 8 1 0
3 6 8 2 0
3 6 8 3 0
3 6 8 4 0
3 6 8 5 0
3 6 8 6 0.04876966629806405
3 6 8 7 0
3 6 8 8 0
3 6 8 9 0
3 6 8 10 0
3 6 8 11 0
3 6 8 12 0
3 6 8 13 0
3 6 8 14 0
3 6 8 15 0
3 6 9 0 0
3 6 9 1 0
3 6 9 2 0
3 6 9 3 0
3 6 9 4 0
3 6 9 5 0
3 6 9 6 0
3 6 9 7 0
3 6 9 8 0
3 6 9 9 0
3 6 9 10 0
3 6 9 11 0
3 6 9 12 0
3 6 9 13 0
3 6 9 14 0
3 6 9 15 0
3 6 10 0 0
3 6 10 1 0
3 6 10 2 0
3 6 10 3 0
3 6 10 4 0
3 6 10 5 0
3 6 10 6 0
3 6 10 7 0
3 6 10 8 0
3 6 10 9 0
3 6 10 10 0
3 6 10 11 0
3 6 10 12 0
3 6 10 13 0
3 6 10 14 0
3 6 10 15 0
3 6 11 0 0
3 6 11 1 0
3 6 11 2 0
3 6 11 3 0
3 6 11 4 0
3 6 11 5 0
3 6 11 6 0
3 6 11 7 0
3 6 11 8 0
3 6 11 9 0
3 6 11 10 0
3 6 11 11 0
3 6 11 12 0
3 6 11 13 0
3 6 11 14 0
3 6 11 15 0
3 6 12 0 0
3 6 12 1 0
3 6 12 2 0
3 6 12 3 0
3 6 12 4 0
3 6 12 5 0
3 6 12 6 0
3 6 12 7 0
3 6 12 8 0
3 6 12 9 0
3 6 12 10 0
3 6 12 11 0
3 6 12 12 0
3 6 12 13 0
3 6 12 14 0
3 6 12 15 0
3 6 13 0 0
3 6 13 1 0
3 6 13 2 0
3 6 13 3 -0.04631414856521469
3 6 13 4 0
3 6 13 5 0
3 6 13 6 0
3 6 13 7 0
3 6 13 8 0
3 6 13 9 0
3 6 13 10 0
3 6 13 11 0
3 6 13 12 0
3 6 13 13 0
3 6 13 14 0
3 6 13 15 0
3 6 14 0 0
3 6 14 1 0
3 6 14 2 0
3 6 14 3 0
3 6 14 4 0
3 6 14 5 0
3 6 14 6 0
3 6 14 7 0
3 6 14 8 0
3 6 14 9 0
3 6 14 10 0
3 6 14 11 0
3 6 14 12 0
3 6 14 13 0
3 6 14 14 0
3 6 14 15 0
3 6 15 0 0
3 6 15 1 0
3 6 15 2 0
3 6 15 3 0
3 6 15 4 0
3 6 15 5 0
3 6 15 6 0
3 6 15 7 0
3 6 15 8 0
3 6 15 9 0
3 6 15 10 0
3 6 15 11 0
3 6 15 12 0
3 6 15 13 0
3 6 15 14 0
3 6 15 15 0
3 7 0 0 0
3 7 0 1 0
3 7 0 2 0
3 7 0 3 0
3 7 0 4 0
3 7 0 5 0
3 7 0 6 0
3 7 0 7 0
3 7 0 8 0
3 7 0 9 0
3 7 0 10 0
3 7 0 11 0
3 7 0 12 0
3 7 0 13 0
3 7 0 14 0
3 7 0 15 0
3 7 1 0 0
3 7 1 1 0
3 7 1 2 0
3 7 1 3 0
3 7 1 4 0
3 7 1 5 0
3 7 1 6 0
3 7 1 7 0
3 7 1 8 0
3 7 1 9 0
3 7 1 10 0
3 7 1 11 0
3 7 1 12 0
3 7 1 13 0
3 7 1 14 0
3 7 1 15 0
3 7 2 0 0
3 7 2 1 0
3 7 2 2 0
3 7 2 3 0
3 7 2 4 0
3 7 2 5 0
3 7 2 6 0.2941925768110162
3 7 2 7 0
3 7 2 8 0
3 7 2 9 0
3 7 2 10 0
3 7 2 11 0
3 7 2 12 0
3 7 2 13 0.01380742796243869
3 7 2 14 0
3 7 2 15 0
3 7 3 0 0
3 7 3 1 0
3 7 3 2 0
3 7 3 3 0
3 7 3 4 0
3 7 3 5 0
3 7 3 6 0
3 7 3 7 0.4451632281616648
3 7 3 8 0
3 7 3 9 0
3 7 3 10 0
3 7 3 11 0
3 7 3 12 0
3 7 3 13 0
3 7 3 14 0
3 7 3 15 0
3 7 4 0 0
3 7 4 1 0
3 7 4 2 0
3 7 4 3 0
3 7 4 4 0
3 7 4 5 0
3 7 4 6 0
3 7 4 7 0
3 7 4 8 0
3 7 4 9 0
3 7 4 10 0
3 7 4 11 0
3 7 4 12 0
3 7 4 13 0
3 7 4 14 0
3 7 4 15 0
3 7 5 0 0
3 7 5 1 0
3 7 5 2 0
3 7 5 3 0
3 7 5 4 0
3 7 5 5 0
3 7 5 6 0
3 7 5 7 0
3 7 5 8 0
3 7 5 9 0
3 7 5 10 0
3 7 5 11 0
3 7 5 12 0
3 7 5 13 0
3 7 5 14 0
3 7 5 15 0
3 7 6 0 0
3 7 6 1 0
3 7 6 2 3.829486270049655e-05
3 7 6 3 0
3 7 6 4 0
3 7 6 5 0
3 7 6 6 0
3 7 6 7 0
3 7 6 8 0
3 7 6 9 0
3 7 6 10 0
3 7 6 11 -0.0002582692220083964
3 7 6 12 0
3 7 6 13 0
3 7 6 14 0.001081857339158734
3 7 6 15 0
3 7 7 0 0
3 7 7 1 0
3 7 7 2 0
3 7 7 3 -0.2209072156916217
3 7 7 4 0
3 7 7 5 0
3 7 7 6 0
3 7 7 7 0
3 7 7 8 0
3 7 7 9 0
3 7 7 10 0
3 7 7 11 0
3 7 7 12 0
3 7 7 13 0
3 7 7 14 0
3 7 7 15 0
3 7 8 0 0
3 7 8 1 0
3 7 8 2 0
3 7 8 3 0
3 7 8 4 0
3 7 8 5 0
3 7 8 6 0
3 7 8 7 0
3 7 8 8 0
3 7 8 9 0
3 7 8 10 0
3 7 8 11 0
3 7 8 12 0
3 7 8 13 0
3 7 8 14 0
3 7 8 15 0
3 7 9 0 0
3 7 9 1 0
3 7 9 2 0
3 7 9 3 0
3 7 9 4 0
3 7 9 5 0
3 7 9 6 0
3 7 9 7 0
3 7 9 8 0
3 7 9 9 0
3 7 9 10 0
3 7 9 11 0
3 7 9 12 0
3 7 9 13 0
3 7 9 14 0
3 7 9 15 0
3 7 10 0 0
3 7 10 1 0
3 7 10 2 0
3 7 10 3 0
3 7 10 4 0
3 7 10 5 0
3 7 10 6 0
3 7 10 7 0
3 7 10 8 0
3 7 10 9 0
3 7 10 10 0
3 7 10 11 0
3 7 10 12 0
3 7 10 13 0
3 7 10 14 0
3 7 10 15 0
3 7 11 0 0
3 7 11 1 0
3 7 11 2 0
3 7 11 3 0
3 7 11 4 0
3 7 11 5 0
3 7 11 6 -0.004392846189026983
3 7 11 7 0
3 7 11 8 0
3 7 11 9 0
3 7 11 10 0
3 7 11 11 0
3 7 11 12 0
3 7 11 13 0
3 7 11 14 0
3 7 11 15 0
3 7 12 0 0
3 7 12 1 0
3 7 12 2 0
3 7 12 3 0
3 7 12 4 0
3 7 12 5 0
3 7 12 6 0
3 7 12 7 0
3 7 12 8 0
3 7 12 9 0
3 7 12 10 0
3 7 12 11 0
3 7 12 12 0
3 7 12 13 0
3 7 12 14 0
3 7 12 15 0
3 7 13 0 0
3 7 13 1 0
3 7 13 2 6.143093729778492e-05
3 7 13 3 0
3 7 13 4 0
3 7 13 5 0
3 7 13 6 0
3 7 13 7 0
3 7 13 8 0
3 7 13 9 0
3 7 13 10 0
3 7 13 11 0
3 7 13 12 0
3 7 13 13 0
3 7 13 14 0
3 7 13 15 0
3 7 14 0 0
3 7 14 1 0
3 7 14 2 0
3 7 14 3 0
3 7 14 4 0
3 7 14 5 0
3 7 14 6 0.004495624540662749
3 7 14 7 0
3 7 14 8 0
3 7 14 9 0
3 7 14 10 0
3 7 14 11 0
3 7 14 12 0
3 7 14 13 0
3 7 14 14 0
3 7 14 15 0
3 7 15 0 0
3 7 15 1 0
3 7 15 2 0
3 7 15 3 0
3 7 15 4 0
3 7 15 5 0
3 7 15 6 0
3 7 15 7 0
3 7 15 8 0
3 7 15 9 0
3 7 15 10 0
3 7 15 11 0
3 7 15 12 0
3 7 15 13 0
3 7 15 14 0
3 7 15 15 0
3 8 0 0 0
3 8 0 1 0
3 8 0 2 0
3 8 0 3 0
3 8 0 4 0
3 8 0 5 0
3 8 0 6 0
3 8 0 7 0
3 8 0 8 0
3 8 0 9 0
3 8 0 10 0
3 8 0 11 0
3 8 0 12 0
3 8 0 13 0
3 8 0 14 0
3 8 0 15 0
3 8 1 0 0
3 8 1 1 0
3 8 1 2 0
3 8 1 3 0
3 8 1 4 0
3 8 1 5 0
3 8 1 6 0
3 8 1 7 0
3 8 1 8 0
3 8 1 9 0
3 8 1 10 0
3 8 1 11 0
3 8 1 12 0
3 8 1 13 0
3 8 1 14 0
3 8 1 15 0
3 8 2 0 0
3 8 2 1 0
3 8 2 2 0
3 8 2 3 0
3 8 2 4 0
3 8 2 5 0
3 8 2 6 0
3 8 2 7 0
3 8 2 8 0
3 8 2 9 0
3 8 2 10 0
3 8 2 11 0
3 8 2 12 0
3 8 2 13 0
3 8 2 14 0
3 8 2 15 0
3 8 3 0 0
3 8 3 1 0
3 8 3 2 0
3 8 3 3 -6.041275637483391e-19
3 8 3 4 0
3 8 3 5 0
3 8 3 6 0
3 8 3 7 0
3 8 3 8 3.844686539360632e-05
3 8 3 9 0
3 8 3 10 0
3 8 3 11 0
3 8 3 12 0
3 8 3 13 0
3 8 3 14 0
3 8 3 15 0
3 8 4 0 0
3 8 4 1 0
3 8 4 2 0
3 8 4 3 0
3 8 4 4 0
3 8 4 5 0
3 8 4 6 0
3 8 4 7 0
3 8 4 8 0
3 8 4 9 0
3 8 4 10 0
3 8 4 11 0
3 8 4 12 0
3 8 4 13 0
3 8 4 14 0
3 8 4 15 0
3 8 5 0 0
3 8 5 1 0
3 8 5 2 0
3 8 5 3 0
3 8 5 4 0
3 8 5 5 0
3 8 5 6 0
3 8 5 7 0
3 8 5 8 0
3 8 5 9 0
3 8 5 10 0
3 8 5 11 0
3 8 5 12 0
3 8 5 13 0
3 8 5 14 0
3 8 5 15 0
3 8 6 0 0
3 8 6 1 0
3 8 6 2 0
3 8 6 3 0
3 8 6 4 0
3 8 6 5 0
3 8 6 6 -3.183230376332693e-20
3 8 6 7 0
3 8 6 8 0
3 8 6 9 0
3 8 6 10 0
3 8 6 11 0
3 8 6 12 0
3 8 6 13 -1.192004601054962e-05
3 8 6 14 0
3 8 6 15 0
3 8 7 0 0
3 8 7 1 0
3 8 7 2 0
3 8 7 3 0
3 8 7 4 0
3 8 7 5 0
3 8 7 6 0
3 8 7 7 0
3 8 7 8 0
3 8 7 9 0
3 8 7 10 0
3 8 7 11 0
3 8 7 12 0
3 8 7 13 0
3 8 7 14 0
3 8 7 15 0
3 8 8 0 0
3 8 8 1 0
3 8 8 2 0
3 8 8 3 -3.844686539360617e-05
3 8 8 4 0
3 8 8 5 0
3 8 8 6 0
3 8 8 7 0
3 8 8 8 0
3 8 8 9 0
3 8 8 10 0
3 8 8 11 0
3 8 8 12 0
3 8 8 13 0
3 8 8 14 0
3 8 8 15 0
3 8 9 0 0
3 8 9 1 0
3 8 9 2 0
3 8 9 3 0
3 8 9 4 0
3 8 9 5 0
3 8 9 6 0
3 8 9 7 0
3 8 9 8 0
3 8 9 9 0
3 8 9 10 0
3 8 9 11 0
3 8 9 12 0
3 8 9 13 0
3 8 9 14 0
3 8 9 15 0
3 8 10 0 0
3 8 10 1 0
3 8 10 2 0
3 8 10 3 0
3 8 10 4 0
3 8 10 5 0
3 8 10 6 0
3 8 10 7 0
3 8 10 8 0
3 8 10 9 0
3 8 10 10 0
3 8 10 11 0
3 8 10 12 0
3 8 10 13 0
3 8 10 14 0
3 8 10 15 0
3 8 11 0 0
3 8 11 1 0
3 8 11 2 0
3 8 11 3 0
3 8 11 4 0
3 8 11 5 0
3 8 11 6 0
3 8 11 7 0
3 8 11 8 0
3 8 11 9 0
3 8 11 10 0
3 8 11 11 0
3 8 11 12 0
3 8 11 13 0
3 8 11 14 0
3 8 11 15 0
3 8 12 0 0
3 8 12 1 0
3 8 12 2 0
3 8 12 3 0
3 8 12 4 0
3 8 12 5 0
3 8 12 6 0
3 8 12 7 0
3 8 12 8 0
3 8 12 9 0
3 8 12 10 0
3 8 12 11 0
3 8 12 12 0
3 8 12 13 0
3 8 12 14 0
3 8 12 15 0
3 8 13 0 0
3 8 13 1 0
3 8 13 2 0
3 8 13 3 0
3 8 13 4 0
3 8 13 5 0
3 8 13 6 1.192004601054981e-05
3 8 13 7 0
3 8 13 8 0
3 8 13 9 0
3 8 13 10 0
3 8 13 11 0
3 8 13 12 0
3 8 13 13 0
3 8 13 14 0
3 8 13 15 0
3 8 14 0 0
3 8 14 1 0
3 8 14 2 0
3 8 14 3 0
3 8 14 4 0
3 8 14 5 0
3 8 14 6 0
3 8 14 7 0
3 8 14 8 0
3 8 14 9 0
3 8 14 10 0
3 8 14 11 0
3 8 14 12 0
3 8 14 13 0
3 8 14 14 0
3 8 14 15 0
3 8 15 0 0
3 8 15 1 0
3 8 15 2 0
3 8 15 3 0
3 8 15 4 0
3 8 15 5 0
3 8 15 6 0
3 8 15 7 0
3 8 15 8 0
3 8 15 9 0
3 8 15 10 0
3 8 15 11 0
3 8 15 12 0
3 8 15 13 0
3 8 15 14 0
3 8 15 15 0
3 9 0 0 0
3 9 0 1 0
3 9 0 2 0
3 9 0 3 0
3 9 0 4 0
3 9 0 5 0
3 9 0 6 0
3 9 0 7 0
3 9 0 8 0
3 9 0 9 0
3 9 0 10 0
3 9 0 11 0
3 9 0 12 0
3 9 0 13 0
3 9 0 14 0
3 9 0 15 0
3 9 1 0 0
3 9 1 1 0
3 9 1 2 0
3 9 1 3 0
3 9 1 4 0
3 9 1 5 0
3 9 1 6 0
3 9 1 7 0
3 9 1 8 0
3 9 1 9 0
3 9 1 10 0
3 9 1 11 0
3 9 1 12 0
3 9 1 13 0
3 9 1 14 0
3 9 1 15 0
3 9 2 0 0
3 9 2 1 0
3 9 2 2 0
3 9 2 3 0
3 9 2 4 0
3 9 2 5 0
3 9 2 6 0
3 9 2 7 0
3 9 2 8 0
3 9 2 9 0
3 9 2 10 0
3 9 2 11 0
3 9 2 12 0
3 9 2 13 0
3 9 2 14 0
3 9 2 15 0
3 9 3 0 0
3 9 3 1 0
3 9 3 2 0
3 9 3 3 0
3 9 3 4 0.04779038032658828
3 9 3 5 0
3 9 3 6 0
3 9 3 7 0
3 9 3 8 0
3 9 3 9 0.003285321503402026
3 9 3 10 0
3 9 3 11 0
3 9 3 12 0
3 9 3 13 0
3 9 3 14 0
3 9 3 15 0
3 9 4 0 0
3 9 4 1 0
3 9 4 2 0
3 9 4 3 -0.003033484146657127
3 9 4 4 0
3 9 4 5 0
3 9 4 6 0
3 9 4 7 0
3 9 4 8 -0.0004005276174159994
3 9 4 9 0
3 9 4 10 0
3 9 4 11 0
3 9 4 12 0
3 9 4 13 0
3 9 4 14 0
3 9 4 15 0
3 9 5 0 0
3 9 5 1 0
3 9 5 2 0
3 9 5 3 0
3 9 5 4 0
3 9 5 5 0
3 9 5 6 -0.004922854978219807
3 9 5 7 0
3 9 5 8 0
3 9 5 9 0
3 9 5 10 0
3 9 5 11 0
3 9 5 12 0
3 9 5 13 -0.0003343338517844047
3 9 5 14 0
3 9 5 15 0
3 9 6 0 0
3 9 6 1 0
3 9 6 2 0
3 9 6 3 0
3 9 6 4 0
3 9 6 5 3.669797760580082e-05
3 9 6 6 0
3 9 6 7 0
3 9 6 8 0
3 9 6 9 0
3 9 6 10 0
3 9 6 11 0
3 9 6 12 7.541792486440079e-06
3 9 6 13 0
3 9 6 14 0
3 9 6 15 0
3 9 7 0 0
3 9 7 1 0
3 9 7 2 0
3 9 7 3 0
3 9 7 4 0
3 9 7 5 0
3 9 7 6 0
3 9 7 7 0
3 9 7 8 0
3 9 7 9 0
3 9 7 10 0
3 9 7 11 0
3 9 7 12 0
3 9 7 13 0
3 9 7 14 0
3 9 7 15 0
3 9 8 0 0
3 9 8 1 0
3 9 8 2 0
3 9 8 3 0
3 9 8 4 0.003231031770486634
3 9 8 5 0
3 9 8 6 0
3 9 8 7 0
3 9 8 8 0
3 9 8 9 0
3 9 8 10 0
3 9 8 11 0
3 9 8 12 0
3 9 8 13 0
3 9 8 14 0
3 9 8 15 0
3 9 9 0 0
3 9 9 1 0
3 9 9 2 0
3 9 9 3 -0.000515497970315909
3 9 9 4 0
3 9 9 5 0
3 9 9 6 0
3 9 9 7 0
3 9 9 8 0
3 9 9 9 0
3 9 9 10 0
3 9 9 11 0
3 9 9 12 0
3 9 9 13 0
3 9 9 14 0
3 9 9 15 0
3 9 10 0 0
3 9 10 1 0
3 9 10 2 0
3 9 10 3 0
3 9 10 4 0
3 9 10 5 0
3 9 10 6 0
3 9 10 7 0
3 9 10 8 0
3 9 10 9 0
3 9 10 10 0
3 9 10 11 0
3 9 10 12 0
3 9 10 13 0
3 9 10 14 0
3 9 10 15 0
3 9 11 0 0
3 9 11 1 0
3 9 11 2 0
3 9 11 3 0
3 9 11 4 0
3 9 11 5 0
3 9 11 6 0
3 9 11 7 0
3 9 11 8 0
3 9 11 9 0
3 9 11 10 0
3 9 11 11 0
3 9 11 12 0
3 9 11 13 0
3 9 11 14 0
3 9 11 15 0
3 9 12 0 0
3 9 12 1 0
3 9 12 2 0
3 9 12 3 0
3 9 12 4 0
3 9 12 5 0
3 9 12 6 -0.0002942402408496792
3 9 12 7 0
3 9 12 8 0
3 9 12 9 0
3 9 12 10 0
3 9 12 11 0
3 9 12 12 0
3 9 12 13 0
3 9 12 14 0
3 9 12 15 0
3 9 13 0 0
3 9 13 1 0
3 9 13 2 0
3 9 13 3 0
3 9 13 4 0
3 9 13 5 4.181754318521877e-05
3 9 13 6 0
3 9 13 7 0
3 9 13 8 0
3 9 13 9 0
3 9 13 10 0
3 9 13 11 0
3 9 13 12 0
3 9 13 13 0
3 9 13 14 0
3 9 13 15 0
3 9 14 0 0
3 9 14 1 0
3 9 14 2 0
3 9 14 3 0
3 9 14 4 0
3 9 14 5 0
3 9 14 6 0
3 9 14 7 0
3 9 14 8 0
3 9 14 9 0
3 9 14 10 0
3 9 14 11 0
3 9 14 12 0
3 9 14 13 0
3 9 14 14 0
3 9 14 15 0
3 9 15 0 0
3 9 15 1 0
3 9 15 2 0
3 9 15 3 0
3 9 15 4 0
3 9 15 5 0
3 9 15 6 0
3 9 15 7 0
3 9 15 8 0
3 9 15 9 0
3 9 15 10 0
3 9 15 11 0
3 9 15 12 0
3 9 15 13 0
3 9 15 14 0
3 9 15 15 0
3 10 0 0 0
3 10 0 1 0
3 10 0 2 0
3 10 0 3 0
3 10 0 4 0
3 10 0 5 0
3 10 0 6 0
3 10 0 7 0
3 10 0 8 0
3 10 0 9 0
3 10 0 10 0
3 10 0 11 0
3 10 0 12 0
3 10 0 13 0
3 10 0 14 0
3 10 0 15 0
3 10 1 0 0
3 10 1 1 0
3 10 1 2 0
3 10 1 3 0
3 10 1 4 0
3 10 1 5 0
3 10 1 6 0
3 10 1 7 0
3 10 1 8 0
3 10 1 9 0
3 10 1 10 0
3 10 1 11 0
3 10 1 12 0
3 10 1 13 0
3 10 1 14 0
3 10 1 15 0
3 10 2 0 0
3 10 2 1 0
3 10 2 2 0
3 10 2 3 0
3 10 2 4 0
3 10 2 5 0
3 10 2 6 0
3 10 2 7 0
3 10 2 8 0
3 10 2 9 0
3 10 2 10 0
3 10 2 11 0
3 10 2 12 0
3 10 2 13 0
3 10 2 14 0
3 10 2 15 0
3 10 3 0 0
3 10 3 1 0
3 10 3 2 0
3 10 3 3 0
3 10 3 4 0
3 10 3 5 0
3 10 3 6 0
3 10 3 7 0
3 10 3 8 0
3 10 3 9 0
3 10 3 10 0
3 10 3 11 0
3 10 3 12 0
3 10 3 13 0
3 10 3 14 0
3 10 3 15 0
3 10 4 0 0
3 10 4 1 0
3 10 4 2 0
3 10 4 3 0
3 10 4 4 0
3 10 4 5 0
3 10 4 6 0
3 10 4 7 0
3 10 4 8 0
3 10 4 9 0
3 10 4 10 0
3 10 4 11 0
3 10 4 12 0
3 10 4 13 0
3 10 4 14 0
3 10 4 15 0
3 10 5 0 0
3 10 5 1 0
3 10 5 2 0
3 10 5 3 0
3 10 5 4 0
3 10 5 5 0
3 10 5 6 0
3 10 5 7 0
3 10 5 8 0
3 10 5 9 0
3 10 5 10 0
3 10 5 11 0
3 10 5 12 0
3 10 5 13 0
3 10 5 14 0
3 10 5 15 0
3 10 6 0 0
3 10 6 1 0
3 10 6 2 0
3 10 6 3 0
3 10 6 4 0
3 10 6 5 0
3 10 6 6 0
3 10 6 7 0
3 10 6 8 0
3 10 6 9 0
3 10 6 10 0
3 10 6 11 0
3 10 6 12 0
3 10 6 13 0
3 10 6 14 0
3 10 6 15 0
3 10 7 0 0
3 10 7 1 0
3 10 7 2 0
3 10 7 3 0
3 10 7 4 0
3 10 7 5 0
3 10 7 6 0
3 10 7 7 0
3 10 7 8 0
3 10 7 9 0
3 10 7 10 0
3 10 7 11 0
3 10 7 12 0
3 10 7 13 0
3 10 7 14 0
3 10 7 15 0
3 10 8 0 0
3 10 8 1 0
3 10 8 2 0
3 10 8 3 0
3 10 8 4 0
3 10 8 5 0
3 10 8 6 0
3 10 8 7 0
3 10 8 8 0
3 10 8 9 0
3 10 8 10 0
3 10 8 11 0
3 10 8 12 0
3 10 8 13 0
3 10 8 14 0
3 10 8 15 0
3 10 9 0 0
3 10 9 1 0
3 10 9 2 0
3 10 9 3 0
3 10 9 4 0
3 10 9 5 0
3 10 9 6 0
3 10 9 7 0
3 10 9 8 0
3 10 9 9 0
3 10 9 10 0
3 10 9 11 0
3 10 9 12 0
3 10 9 13 0
3 10 9 14 0
3 10 9 15 0
3 10 10 0 0
3 10 10 1 0
3 10 10 2 0
3 10 10 3 0
3 10 10 4 0
3 10 10 5 0
3 10 10 6 0
3 10 10 7 0
3 10 10 8 0
3 10 10 9 0
3 10 10 10 0
3 10 10 11 0
3 10 10 12 0
3 10 10 13 0
3 10 10 14 0
3 10 10 15 0
3 10 11 0 0
3 10 11 1 0
3 10 11 2 0
3 10 11 3 0
3 10 11 4 0
3 10 11 5 0
3 10 11 6 0
3 10 11 7 0
3 10 11 8 0
3 10 11 9 0
3 10 11 10 0
3 10 11 11 0
3 10 11 12 0
3 10 11 13 0
3 10 11 14 0
3 10 11 15 0
3 10 12 0 0
3 10 12 1 0
3 10 12 2 0
3 10 12 3 0
3 10 12 4 0
3 10 12 5 0
3 10 12 6 0
3 10 12 7 0
3 10 12 8 0
3 10 12 9 0
3 10 12 10 0
3 10 12 11 0
3 10 12 12 0
3 10 12 13 0
3 10 12 14 0
3 10 12 15 0
3 10 13 0 0
3 10 13 1 0
3 10 13 2 0
3 10 13 3 0
3 10 13 4 0
3 10 13 5 0
3 10 13 6 0
3 10 13 7 0
3 10 13 8 0
3 10 13 9 0
3 10 13 10 0
3 10 13 11 0
3 10 13 12 0
3 10 13 13 0
3 10 13 14 0
3 10 13 15 0
3 10 14 0 0
3 10 14 1 0
3 10 14 2 0
3 10 14 3 0
3 10 14 4 0
3 10 14 5 0
3 10 14 6 0
3 10 14 7 0
3 10 14 8 0
3 10 14 9 0
3 10 14 10 0
3 10 14 11 0
3 10 14 12 0
3 10 14 13 0
3 10 14 14 0
3 10 14 15 0
3 10 15 0 0
3 10 15 1 0
3 10 15 2 0
3 10 15 3 0
3 10 15 4 0
3 10 15 5 0
3 10 15 6 0
3 10 15 7 0
3 10 15 8 0
3 10 15 9 0
3 10 15 10 0
3 10 15 11 0
3 10 15 12 0
3 10 15 13 0
3 10 15 14 0
3 10 15 15 0
3 11 0 0 0
3 11 0 1 0
3 11 0 2 0
3 11 0 3 0.0007816215488308802
3 11 0 4 0
3 11 0 5 0
3 11 0 6 0
3 11 0 7 0
3 11 0 8 -3.326374928355692e-05
3 11 0 9 0
3 11 0 10 0
3 11 0 11 0
3 11 0 12 0
3 11 0 13 0
3 11 0 14 0
3 11 0 15 0
3 11 1 0 0
3 11 1 1 0
3 11 1 2 0
3 11 1 3 0
3 11 1 4 0
3 11 1 5 0
3 11 1 6 0
3 11 1 7 0
3 11 1 8 0
3 11 1 9 0
3 11 1 10 0
3 11 1 11 0
3 11 1 12 0
3 11 1 13 0
3 11 1 14 0
3 11 1 15 0
3 11 2 0 0
3 11 2 1 0
3 11 2 2 0
3 11 2 3 0.01027226987767101
3 11 2 4 0
3 11 2 5 0
3 11 2 6 0
3 11 2 7 0
3 11 2 8 0.0006761839479602171
3 11 2 9 0
3 11 2 10 0
3 11 2 11 0
3 11 2 12 0
3 11 2 13 0
3 11 2 14 0
3 11 2 15 0
3 11 3 0 -0.01182810517969271
3 11 3 1 0
3 11 3 2 -0.02507076762911946
3 11 3 3 0
3 11 3 4 0
3 11 3 5 0
3 11 3 6 0
3 11 3 7 0
3 11 3 8 0
3 11 3 9 0
3 11 3 10 0
3 11 3 11 0.0007562016211748072
3 11 3 12 0
3 11 3 13 0
3 11 3 14 -0.0006094918916134418
3 11 3 15 0
3 11 4 0 0
3 11 4 1 0
3 11 4 2 0
3 11 4 3 0
3 11 4 4 0
3 11 4 5 0
3 11 4 6 0
3 11 4 7 0
3 11 4 8 0
3 11 4 9 0
3 11 4 10 0
3 11 4 11 0
3 11 4 12 0
3 11 4 13 0
3 11 4 14 0
3 11 4 15 0
3 11 5 0 0
3 11 5 1 0
3 11 5 2 0
3 11 5 3 0
3 11 5 4 0
3 11 5 5 0
3 11 5 6 0
3 11 5 7 0
3 11 5 8 0
3 11 5 9 0
3 11 5 10 0
3 11 5 11 0
3 11 5 12 0
3 11 5 13 0
3 11 5 14 0
3 11 5 15 0
3 11 6 0 0
3 11 6 1 0
3 11 6 2 0
3 11 6 3 0
3 11 6 4 0
3 11 6 5 0
3 11 6 6 0
3 11 6 7 0.0002093801871175163
3 11 6 8 0
3 11 6 9 0
3 11 6 10 0
3 11 6 11 0
3 11 6 12 0
3 11 6 13 0
3 11 6 14 0
3 11 6 15 0
3 11 7 0 0
3 11 7 1 0
3 11 7 2 0
3 11 7 3 0
3 11 7 4 0
3 11 7 5 0
3 11 7 6 -0.003772636775135143
3 11 7 7 0
3 11 7 8 0
3 11 7 9 0
3 11 7 10 0
3 11 7 11 0
3 11 7 12 0
3 11 7 13 0
3 11 7 14 0
3 11 7 15 0
3 11 8 0 -0.0006623327401179169
3 11 8 1 0
3 11 8 2 -0.001697596980775354
3 11 8 3 0
3 11 8 4 0
3 11 8 5 0
3 11 8 6 0
3 11 8 7 0
3 11 8 8 0
3 11 8 9 0
3 11 8 10 0
3 11 8 11 0
3 11 8 12 0
3 11 8 13 0
3 11 8 14 0
3 11 8 15 0
3 11 9 0 0
3 11 9 1 0
3 11 9 2 0
3 11 9 3 0
3 11 9 4 0
3 11 9 5 0
3 11 9 6 0
3 11 9 7 0
3 11 9 8 0
3 11 9 9 0
3 11 9 10 0
3 11 9 11 0
3 11 9 12 0
3 11 9 13 0
3 11 9 14 0
3 11 9 15 0
3 11 10 0 0
3 11 10 1 0
3 11 10 2 0
3 11 10 3 0
3 11 10 4 0
3 11 10 5 0
3 11 10 6 0
3 11 10 7 0
3 11 10 8 0
3 11 10 9 0
3 11 10 10 0
3 11 10 11 0
3 11 10 12 0
3 11 10 13 0
3 11 10 14 0
3 11 10 15 0
3 11 11 0 0
3 11 11 1 0
3 11 11 2 0
3 11 11 3 -0.0001959601001002525
3 11 11 4 0
3 11 11 5 0
3 11 11 6 0
3 11 11 7 0
3 11 11 8 0
3 11 11 9 0
3 11 11 10 0
3 11 11 11 0
3 11 11 12 0
3 11 11 13 0
3 11 11 14 0
3 11 11 15 0
3 11 12 0 0
3 11 12 1 0
3 11 12 2 0
3 11 12 3 0
3 11 12 4 0
3 11 12 5 0
3 11 12 6 0
3 11 12 7 0
3 11 12 8 0
3 11 12 9 0
3 11 12 10 0
3 11 12 11 0
3 11 12 12 0
3 11 12 13 0
3 11 12 14 0
3 11 12 15 0
3 11 13 0 0
3 11 13 1 0
3 11 13 2 0
3 11 13 3 0
3 11 13 4 0
3 11 13 5 0
3 11 13 6 0
3 11 13 7 0
3 11 13 8 0
3 11 13 9 0
3 11 13 10 0
3 11 13 11 0
3 11 13 12 0
3 11 13 13 0
3 11 13 14 0
3 11 13 15 0
3 11 14 0 0
3 11 14 1 0
3 11 14 2 0
3 11 14 3 0.0003027973838180215
3 11 14 4 0
3 11 14 5 0
3 11 14 6 0
3 11 14 7 0
3 11 14 8 0
3 11 14 9 0
3 11 14 10 0
3 11 14 11 0
3 11 14 12 0
3 11 14 13 0
3 11 14 14 0
3 11 14 15 0
3 11 15 0 0
3 11 15 1 0
3 11 15 2 0
3 11 15 3 0
3 11 15 4 0
3 11 15 5 0
3 11 15 6 0
3 11 15 7 0
3 11 15 8 0
3 11 15 9 0
3 11 15 10 0
3 11 15 11 0
3 11 15 12 0
3 11 15 13 0
3 11 15 14 0
3 11 15 15 0
3 12 0 0 0
3 12 0 1 0
3 12 0 2 0
3 12 0 3 0
3 12 0 4 0
3 12 0 5 0
3 12 0 6 0
3 12 0 7 0
3 12 0 8 0
3 12 0 9 0
3 12 0 10 0
3 12 0 11 0
3 12 0 12 0
3 12 0 13 0
3 12 0 14 0
3 12 0 15 0
3 12 1 0 0
3 12 1 1 0
3 12 1 2 0
3 12 1 3 0
3 12 1 4 0
3 12 1 5 0
3 12 1 6 0
3 12 1 7 0
3 12 1 8 0
3 12 1 9 0
3 12 1 10 0
3 12 1 11 0
3 12 1 12 0
3 12 1 13 0
3 12 1 14 0
3 12 1 15 0
3 12 2 0 0
3 12 2 1 0
3 12 2 2 0
3 12 2 3 0
3 12 2 4 0
3 12 2 5 0
3 12 2 6 0
3 12 2 7 0
3 12 2 8 0
3 12 2 9 0
3 12 2 10 0
3 12 2 11 0
3 12 2 12 0
3 12 2 13 0
3 12 2 14 0
3 12 2 15 0
3 12 3 0 0
3 12 3 1 0
3 12 3 2 0
3 12 3 3 0
3 12 3 4 0
3 12 3 5 0.04561282826039283
3 12 3 6 0
3 12 3 7 0
3 12 3 8 0
3 12 3 9 0
3 12 3 10 0
3 12 3 11 0
3 12 3 12 0.002934962366269766
3 12 3 13 0
3 12 3 14 0
3 12 3 15 0
3 12 4 0 0
3 12 4 1 0
3 12 4 2 0
3 12 4 3 0
3 12 4 4 0
3 12 4 5 0
3 12 4 6 -0.002815253998645312
3 12 4 7 0
3 12 4 8 0
3 12 4 9 0
3 12 4 10 0
3 12 4 11 0
3 12 4 12 0
3 12 4 13 -0.0003412635503926719
3 12 4 14 0
3 12 4 15 0
3 12 5 0 0
3 12 5 1 0
3 12 5 2 0
3 12 5 3 -0.002652703454980944
3 12 5 4 0
3 12 5 5 0
3 12 5 6 0
3 12 5 7 0
3 12 5 8 -0.0004165412827692168
3 12 5 9 0
3 12 5 10 0
3 12 5 11 0
3 12 5 12 0
3 12 5 13 0
3 12 5 14 0
3 12 5 15 0
3 12 6 0 0
3 12 6 1 0
3 12 6 2 0
3 12 6 3 0
3 12 6 4 2.079406701917196e-05
3 12 6 5 0
3 12 6 6 0
3 12 6 7 0
3 12 6 8 0
3 12 6 9 -3.35687184204563e-06
3 12 6 10 0
3 12 6 11 0
3 12 6 12 0
3 12 6 13 0
3 12 6 14 0
3 12 6 15 0
3 12 7 0 0
3 12 7 1 0
3 12 7 2 0
3 12 7 3 0
3 12 7 4 0
3 12 7 5 0
3 12 7 6 0
3 12 7 7 0
3 12 7 8 0
3 12 7 9 0
3 12 7 10 0
3 12 7 11 0
3 12 7 12 0
3 12 7 13 0
3 12 7 14 0
3 12 7 15 0
3 12 8 0 0
3 12 8 1 0
3 12 8 2 0
3 12 8 3 0
3 12 8 4 0
3 12 8 5 0.003087088662772281
3 12 8 6 0
3 12 8 7 0
3 12 8 8 0
3 12 8 9 0
3 12 8 10 0
3 12 8 11 0
3 12 8 12 0
3 12 8 13 0
3 12 8 14 0
3 12 8 15 0
3 12 9 0 0
3 12 9 1 0
3 12 9 2 0
3 12 9 3 0
3 12 9 4 0
3 12 9 5 0
3 12 9 6 -0.0004220821456416902
3 12 9 7 0
3 12 9 8 0
3 12 9 9 0
3 12 9 10 0
3 12 9 11 0
3 12 9 12 0
3 12 9 13 0
3 12 9 14 0
3 12 9 15 0
3 12 10 0 0
3 12 10 1 0
3 12 10 2 0
3 12 10 3 0
3 12 10 4 0
3 12 10 5 0
3 12 10 6 0
3 12 10 7 0
3 12 10 8 0
3 12 10 9 0
3 12 10 10 0
3 12 10 11 0
3 12 10 12 0
3 12 10 13 0
3 12 10 14 0
3 12 10 15 0
3 12 11 0 0
3 12 11 1 0
3 12 11 2 0
3 12 11 3 0
3 12 11 4 0
3 12 11 5 0
3 12 11 6 0
3 12 11 7 0
3 12 11 8 0
3 12 11 9 0
3 12 11 10 0
3 12 11 11 0
3 12 11 12 0
3 12 11 13 0
3 12 11 14 0
3 12 11 15 0
3 12 12 0 0
3 12 12 1 0
3 12 12 2 0
3 12 12 3 -0.0003563997394512391
3 12 12 4 0
3 12 12 5 0
3 12 12 6 0
3 12 12 7 0
3 12 12 8 0
3 12 12 9 0
3 12 12 10 0
3 12 12 11 0
3 12 12 12 0
3 12 12 13 0
3 12 12 14 0
3 12 12 15 0
3 12 13 0 0
3 12 13 1 0
3 12 13 2 0
3 12 13 3 0
3 12 13 4 4.24769901684385e-05
3 12 13 5 0
3 12 13 6 0
3 12 13 7 0
3 12 13 8 0
3 12 13 9 0
3 12 13 10 0
3 12 13 11 0
3 12 13 12 0
3 12 13 13 0
3 12 13 14 0
3 12 13 15 0
3 12 14 0 0
3 12 14 1 0
3 12 14 2 0
3 12 14 3 0
3 12 14 4 0
3 12 14 5 0
3 12 14 6 0
3 12 14 7 0
3 12 14 8 0
3 12 14 9 0
3 12 14 10 0
3 12 14 11 0
3 12 14 12 0
3 12 14 13 0
3 12 14 14 0
3 12 14 15 0
3 12 15 0 0
3 12 15 1 0
3 12 15 2 0
3 12 15 3 0
3 12 15 4 0
3 12 15 5 0
3 12 15 6 0
3 12 15 7 0
3 12 15 8 0
3 12 15 9 0
3 12 15 10 0
3 12 15 11 0
3 12 15 12 0
3 12 15 13 0
3 12 15 14 0
3 12 15 15 0
3 13 0 0 0
3 13 0 1 0
3 13 0 2 0
3 13 0 3 0
3 13 0 4 0
3 13 0 5 0
3 13 0 6 0
3 13 0 7 0
3 13 0 8 0
3 13 0 9 0
3 13 0 10 0
3 13 0 11 0
3 13 0 12 0
3 13 0 13 0
3 13 0 14 0
3 13 0 15 0
3 13 1 0 0
3 13 1 1 0
3 13 1 2 0
3 13 1 3 0
3 13 1 4 0
3 13 1 5 0
3 13 1 6 0
3 13 1 7 0
3 13 1 8 0
3 13 1 9 0
3 13 1 10 0
3 13 1 11 0
3 13 1 12 0
3 13 1 13 0
3 13 1 14 0
3 13 1 15 0
3 13 2 0 0
3 13 2 1 0
3 13 2 2 0
3 13 2 3 0
3 13 2 4 0
3 13 2 5 0
3 13 2 6 0
3 13 2 7 0
3 13 2 8 0
3 13 2 9 0
3 13 2 10 0
3 13 2 11 0
3 13 2 12 0
3 13 2 13 0
3 13 2 14 0
3 13 2 15 0
3 13 3 0 0
3 13 3 1 0
3 13 3 2 0
3 13 3 3 0
3 13 3 4 0
3 13 3 5 0
3 13 3 6 0.04635966278163519
3 13 3 7 0
3 13 3 8 0
3 13 3 9 0
3 13 3 10 0
3 13 3 11 0
3 13 3 12 0
3 13 3 13 0.003007956669911447
3 13 3 14 0
3 13 3 15 0
3 13 4 0 0
3 13 4 1 0
3 13 4 2 0
3 13 4 3 0
3 13 4 4 0
3 13 4 5 0
3 13 4 6 0
3 13 4 7 0
3 13 4 8 0
3 13 4 9 0
3 13 4 10 0
3 13 4 11 0
3 13 4 12 0
3 13 4 13 0
3 13 4 14 0
3 13 4 15 0
3 13 5 0 0
3 13 5 1 0
3 13 5 2 0
3 13 5 3 0
3 13 5 4 0
3 13 5 5 0
3 13 5 6 0
3 13 5 7 0
3 13 5 8 0
3 13 5 9 0
3 13 5 10 0
3 13 5 11 0
3 13 5 12 0
3 13 5 13 0
3 13 5 14 0
3 13 5 15 0
3 13 6 0 0
3 13 6 1 0
3 13 6 2 0
3 13 6 3 -0.04631414856521469
3 13 6 4 0
3 13 6 5 0
3 13 6 6 0
3 13 6 7 0
3 13 6 8 -0.003172660325346317
3 13 6 9 0
3 13 6 10 0
3 13 6 11 0
3 13 6 12 0
3 13 6 13 0
3 13 6 14 0
3 13 6 15 0
3 13 7 0 0
3 13 7 1 0
3 13 7 2 0
3 13 7 3 0
3 13 7 4 0
3 13 7 5 0
3 13 7 6 0
3 13 7 7 0
3 13 7 8 0
3 13 7 9 0
3 13 7 10 0
3 13 7 11 0
3 13 7 12 0
3 13 7 13 0
3 13 7 14 0
3 13 7 15 0
3 13 8 0 0
3 13 8 1 0
3 13 8 2 0
3 13 8 3 0
3 13 8 4 0
3 13 8 5 0
3 13 8 6 0.003108041970571908
3 13 8 7 0
3 13 8 8 0
3 13 8 9 0
3 13 8 10 0
3 13 8 11 0
3 13 8 12 0
3 13 8 13 0
3 13 8 14 0
3 13 8 15 0
3 13 9 0 0
3 13 9 1 0
3 13 9 2 0
3 13 9 3 0
3 13 9 4 0
3 13 9 5 0
3 13 9 6 0
3 13 9 7 0
3 13 9 8 0
3 13 9 9 0
3 13 9 10 0
3 13 9 11 0
3 13 9 12 0
3 13 9 13 0
3 13 9 14 0
3 13 9 15 0
3 13 10 0 0
3 13 10 1 0
3 13 10 2 0
3 13 10 3 0
3 13 10 4 0
3 13 10 5 0
3 13 10 6 0
3 13 10 7 0
3 13 10 8 0
3 13 10 9 0
3 13 10 10 0
3 13 10 11 0
3 13 10 12 0
3 13 10 13 0
3 13 10 14 0
3 13 10 15 0
3 13 11 0 0
3 13 11 1 0
3 13 11 2 0
3 13 11 3 0
3 13 11 4 0
3 13 11 5 0
3 13 11 6 0
3 13 11 7 0
3 13 11 8 0
3 13 11 9 0
3 13 11 10 0
3 13 11 11 0
3 13 11 12 0
3 13 11 13 0
3 13 11 14 0
3 13 11 15 0
3 13 12 0 0
3 13 12 1 0
3 13 12 2 0
3 13 12 3 0
3 13 12 4 0
3 13 12 5 0
3 13 12 6 0
3 13 12 7 0
3 13 12 8 0
3 13 12 9 0
3 13 12 10 0
3 13 12 11 0
3 13 12 12 0
3 13 12 13 0
3 13 12 14 0
3 13 12 15 0
3 13 13 0 0
3 13 13 1 0
3 13 13 2 0
3 13 13 3 -0.002956092975101071
3 13 13 4 0
3 13 13 5 0
3 13 13 6 0
3 13 13 7 0
3 13 13 8 0
3 13 13 9 0
3 13 13 10 0
3 13 13 11 0
3 13 13 12 0
3 13 13 13 0
3 13 13 14 0
3 13 13 15 0
3 13 14 0 0
3 13 14 1 0
3 13 14 2 0
3 13 14 3 0
3 13 14 4 0
3 13 14 5 0
3 13 14 6 0
3 13 14 7 0
3 13 14 8 0
3 13 14 9 0
3 13 14 10 0
3 13 14 11 0
3 13 14 12 0
3 13 14 13 0
3 13 14 14 0
3 13 14 15 0
3 13 15 0 0
3 13 15 1 0
3 13 15 2 0
3 13 15 3 0
3 13 15 4 0
3 13 15 5 0
3 13 15 6 0
3 13 15 7 0
3 13 15 8 0
3 13 15 9 0
3 13 15 10 0
3 13 15 11 0
3 13 15 12 0
3 13 15 13 0
3 13 15 14 0
3 13 15 15 0
3 14 0 0 0
3 14 0 1 0
3 14 0 2 0
3 14 0 3 0
3 14 0 4 0
3 14 0 5 0
3 14 0 6 0
3 14 0 7 0
3 14 0 8 0
3 14 0 9 0
3 14 0 10 0
3 14 0 11 0
3 14 0 12 0
3 14 0 13 0
3 14 0 14 0
3 14 0 15 0
3 14 1 0 0
3 14 1 1 0
3 14 1 2 0
3 14 1 3 0
3 14 1 4 0
3 14 1 5 0
3 14 1 6 0
3 14 1 7 0
3 14 1 8 0
3 14 1 9 0
3 14 1 10 0
3 14 1 11 0
3 14 1 12 0
3 14 1 13 0
3 14 1 14 0
3 14 1 15 0
3 14 2 0 0
3 14 2 1 0
3 14 2 2 0
3 14 2 3 -0.02059912552377324
3 14 2 4 0
3 14 2 5 0
3 14 2 6 0
3 14 2 7 0
3 14 2 8 -0.001427147780471013
3 14 2 9 0
3 14 2 10 0
3 14 2 11 0
3 14 2 12 0
3 14 2 13 0
3 14 2 14 0
3 14 2 15 0
3 14 3 0 0
3 14 3 1 0
3 14 3 2 0.03605404638513918
3 14 3 3 0
3 14 3 4 0
3 14 3 5 0
3 14 3 6 0
3 14 3 7 0
3 14 3 8 0
3 14 3 9 0
3 14 3 10 0
3 14 3 11 -0.0006094918916134418
3 14 3 12 0
3 14 3 13 0
3 14 3 14 0.000955360573793738
3 14 3 15 0
3 14 4 0 0
3 14 4 1 0
3 14 4 2 0
3 14 4 3 0
3 14 4 4 0
3 14 4 5 0
3 14 4 6 0
3 14 4 7 0
3 14 4 8 0
3 14 4 9 0
3 14 4 10 0
3 14 4 11 0
3 14 4 12 0
3 14 4 13 0
3 14 4 14 0
3 14 4 15 0
3 14 5 0 0
3 14 5 1 0
3 14 5 2 0
3 14 5 3 0
3 14 5 4 0
3 14 5 5 0
3 14 5 6 0
3 14 5 7 0
3 14 5 8 0
3 14 5 9 0
3 14 5 10 0
3 14 5 11 0
3 14 5 12 0
3 14 5 13 0
3 14 5 14 0
3 14 5 15 0
3 14 6 0 0
3 14 6 1 0
3 14 6 2 0
3 14 6 3 0
3 14 6 4 0
3 14 6 5 0
3 14 6 6 0
3 14 6 7 -0.000878760268540839
3 14 6 8 0
3 14 6 9 0
3 14 6 10 0
3 14 6 11 0
3 14 6 12 0
3 14 6 13 0
3 14 6 14 0
3 14 6 15 0
3 14 7 0 0
3 14 7 1 0
3 14 7 2 0
3 14 7 3 0
3 14 7 4 0
3 14 7 5 0
3 14 7 6 0.004582334637691561
3 14 7 7 0
3 14 7 8 0
3 14 7 9 0
3 14 7 10 0
3 14 7 11 0
3 14 7 12 0
3 14 7 13 0
3 14 7 14 0
3 14 7 15 0
3 14 8 0 0
3 14 8 1 0
3 14 8 2 0.002440585321579808
3 14 8 3 0
3 14 8 4 0
3 14 8 5 0
3 14 8 6 0
3 14 8 7 0
3 14 8 8 0
3 14 8 9 0
3 14 8 10 0
3 14 8 11 0
3 14 8 12 0
3 14 8 13 0
3 14 8 14 0
3 14 8 15 0
3 14 9 0 0
3 14 9 1 0
3 14 9 2 0
3 14 9 3 0
3 14 9 4 0
3 14 9 5 0
3 14 9 6 0
3 14 9 7 0
3 14 9 8 0
3 14 9 9 0
3 14 9 10 0
3 14 9 11 0
3 14 9 12 0
3 14 9 13 0
3 14 9 14 0
3 14 9 15 0
3 14 10 0 0
3 14 10 1 0
3 14 10 2 0
3 14 10 3 0
3 14 10 4 0
3 14 10 5 0
3 14 10 6 0
3 14 10 7 0
3 14 10 8 0
3 14 10 9 0
3 14 10 10 0
3 14 10 11 0
3 14 10 12 0
3 14 10 13 0
3 14 10 14 0
3 14 10 15 0
3 14 11 0 0
3 14 11 1 0
3 14 11 2 0
3 14 11 3 0.0003027973838180214
3 14 11 4 0
3 14 11 5 0
3 14 11 6 0
3 14 11 7 0
3 14 11 8 0
3 14 11 9 0
3 14 11 10 0
3 14 11 11 0
3 14 11 12 0
3 14 11 13 0
3 14 11 14 0
3 14 11 15 0
3 14 12 0 0
3 14 12 1 0
3 14 12 2 0
3 14 12 3 0
3 14 12 4 0
3 14 12 5 0
3 14 12 6 0
3 14 12 7 0
3 14 12 8 0
3 14 12 9 0
3 14 12 10 0
3 14 12 11 0
3 14 12 12 0
3 14 12 13 0
3 14 12 14 0
3 14 12 15 0
3 14 13 0 0
3 14 13 1 0
3 14 13 2 0
3 14 13 3 0
3 14 13 4 0
3 14 13 5 0
3 14 13 6 0
3 14 13 7 0
3 14 13 8 0
3 14 13 9 0
3 14 13 10 0
3 14 13 11 0
3 14 13 12 0
3 14 13 13 0
3 14 13 14 0
3 14 13 15 0
3 14 14 0 0
3 14 14 1 0
3 14 14 2 0
3 14 14 3 -0.000589085069866331
3 14 14 4 0
3 14 14 5 0
3 14 14 6 0
3 14 14 7 0
3 14 14 8 0
3 14 14 9 0
3 14 14 10 0
3 14 14 11 0
3 14 14 12 0
3 14 14 13 0
3 14 14 14 0
3 14 14 15 0
3 14 15 0 0
3 14 15 1 0
3 14 15 2 0
3 14 15 3 0
3 14 15 4 0
3 14 15 5 0
3 14 15 6 0
3 14 15 7 0
3 14 15 8 0
3 14 15 9 0
3 14 15 10 0
3 14 15 11 0
3 14 15 12 0
3 14 15 13 0
3 14 15 14 0
3 14 15 15 0
3 15 0 0 0
3 15 0 1 0
3 15 0 2 0
3 15 0 3 0
3 15 0 4 0
3 15 0 5 0
3 15 0 6 0
3 15 0 7 0
3 15 0 8 0
3 15 0 9 0
3 15 0 10 0
3 15 0 11 0
3 15 0 12 0
3 15 0 13 0
3 15 0 14 0
3 15 0 15 0
3 15 1 0 0
3 15 1 1 0
3 15 1 2 0
3 15 1 3 -0.004660702704455697
3 15 1 4 0
3 15 1 5 0
3 15 1 6 0
3 15 1 7 0
3 15 1 8 -0.0003066821864013461
3 15 1 9 0
3 15 1 10 0
3 15 1 11 0
3 15 1 12 0
3 15 1 13 0
3 15 1 14 0
3 15 1 15 0
3 15 2 0 0
3 15 2 1 0
3 15 2 2 0
3 15 2 3 0
3 15 2 4 0
3 15 2 5 0
3 15 2 6 0
3 15 2 7 0
3 15 2 8 0
3 15 2 9 0
3 15 2 10 0
3 15 2 11 0
3 15 2 12 0
3 15 2 13 0
3 15 2 14 0
3 15 2 15 0
3 15 3 0 0
3 15 3 1 0.01144121415185251
3 15 3 2 0
3 15 3 3 0
3 15 3 4 0
3 15 3 5 0
3 15 3 6 0
3 15 3 7 0
3 15 3 8 0
3 15 3 9 0
3 15 3 10 0
3 15 3 11 0
3 15 3 12 0
3 15 3 13 0
3 15 3 14 0
3 15 3 15 9.503759470865474e-05
3 15 4 0 0
3 15 4 1 0
3 15 4 2 0
3 15 4 3 0
3 15 4 4 0
3 15 4 5 0
3 15 4 6 0
3 15 4 7 0
3 15 4 8 0
3 15 4 9 0
3 15 4 10 0
3 15 4 11 0
3 15 4 12 0
3 15 4 13 0
3 15 4 14 0
3 15 4 15 0
3 15 5 0 0
3 15 5 1 0
3 15 5 2 0
3 15 5 3 0
3 15 5 4 0
3 15 5 5 0
3 15 5 6 0
3 15 5 7 0
3 15 5 8 0
3 15 5 9 0
3 15 5 10 0
3 15 5 11 0
3 15 5 12 0
3 15 5 13 0
3 15 5 14 0
3 15 5 15 0
3 15 6 0 0
3 15 6 1 0
3 15 6 2 0
3 15 6 3 0
3 15 6 4 0
3 15 6 5 0
3 15 6 6 0
3 15 6 7 0
3 15 6 8 0
3 15 6 9 0
3 15 6 10 0
3 15 6 11 0
3 15 6 12 0
3 15 6 13 0
3 15 6 14 0
3 15 6 15 0
3 15 7 0 0
3 15 7 1 0
3 15 7 2 0
3 15 7 3 0
3 15 7 4 0
3 15 7 5 0
3 15 7 6 0
3 15 7 7 0
3 15 7 8 0
3 15 7 9 0
3 15 7 10 0
3 15 7 11 0
3 15 7 12 0
3 15 7 13 0
3 15 7 14 0
3 15 7 15 0
3 15 8 0 0
3 15 8 1 0.0007751238883217116
3 15 8 2 0
3 15 8 3 0
3 15 8 4 0
3 15 8 5 0
3 15 8 6 0
3 15 8 7 0
3 15 8 8 0
3 15 8 9 0
3 15 8 10 0
3 15 8 11 0
3 15 8 12 0
3 15 8 13 0
3 15 8 14 0
3 15 8 15 0
3 15 9 0 0
3 15 9 1 0
3 15 9 2 0
3 15 9 3 0
3 15 9 4 0
3 15 9 5 0
3 15 9 6 0
3 15 9 7 0
3 15 9 8 0
3 15 9 9 0
3 15 9 10 0
3 15 9 11 0
3 15 9 12 0
3 15 9 13 0
3 15 9 14 0
3 15 9 15 0
3 15 10 0 0
3 15 10 1 0
3 15 10 2 0
3 15 10 3 0
3 15 10 4 0
3 15 10 5 0
3 15 10 6 0
3 15 10 7 0
3 15 10 8 0
3 15 10 9 0
3 15 10 10 0
3 15 10 11 0
3 15 10 12 0
3 15 10 13 0
3 15 10 14 0
3 15 10 15 0
3 15 11 0 0
3 15 11 1 0
3 15 11 2 0
3 15 11 3 0
3 15 11 4 0
3 15 11 5 0
3 15 11 6 0
3 15 11 7 0
3 15 11 8 0
3 15 11 9 0
3 15 11 10 0
3 15 11 11 0
3 15 11 12 0
3 15 11 13 0
3 15 11 14 0
3 15 11 15 0
3 15 12 0 0
3 15 12 1 0
3 15 12 2 0
3 15 12 3 0
3 15 12 4 0
3 15 12 5 0
3 15 12 6 0
3 15 12 7 0
3 15 12 8 0
3 15 12 9 0
3 15 12 10 0
3 15 12 11 0
3 15 12 12 0
3 15 12 13 0
3 15 12 14 0
3 15 12 15 0
3 15 13 0 0
3 15 13 1 0
3 15 13 2 0
3 15 13 3 0
3 15 13 4 0
3 15 13 5 0
3 15 13 6 0
3 15 13 7 0
3 15 13 8 0
3 15 13 9 0
3 15 13 10 0
3 15 13 11 0
3 15 13 12 0
3 15 13 13 0
3 15 13 14 0
3 15 13 15 0
3 15 14 0 0
3 15 14 1 0
3 15 14 2 0
3 15 14 3 0
3 15 14 4 0
3 15 14 5 0
3 15 14 6 0
3 15 14 7 0
3 15 14 8 0
3 15 14 9 0
3 15 14 10 0
3 15 14 11 0
3 15 14 12 0
3 15 14 13 0
3 15 14 14 0
3 15 14 15 0
3 15 15 0 0
3 15 15 1 0
3 15 15 2 0
3 15 15 3 -2.907331432213012e-05
3 15 15 4 0
3 15 15 5 0
3 15 15 6 0
3 15 15 7 0
3 15 15 8 0
3 15 15 9 0
3 15 15 10 0
3 15 15 11 0
3 15 15 12 0
3 15 15 13 0
3 15 15 14 0
3 15 15 15 0
4 0 0 0 0
4 0 0 1 0
4 0 0 2 0
4 0 0 3 0
4 0 0 4 -0.9992695720960634
4 0 0 5 0
4 0 0 6 0
4 0 0 7 0
4 0 0 8 0
4 0 0 9 -0.04779038032658828
4 0 0 10 0
4 0 0 11 0
4 0 0 12 0
4 0 0 13 0
4 0 0 14 0
4 0 0 15 0
4 0 1 0 0
4 0 1 1 0
4 0 1 2 0
4 0 1 3 0
4 0 1 4 0
4 0 1 5 0
4 0 1 6 0
4 0 1 7 0
4 0 1 8 0
4 0 1 9 0
4 0 1 10 0
4 0 1 11 0
4 0 1 12 0
4 0 1 13 0
4 0 1 14 0
4 0 1 15 0
4 0 2 0 0
4 0 2 1 0
4 0 2 2 0
4 0 2 3 0
4 0 2 4 4.456840007047859e-05
4 0 2 5 0
4 0 2 6 0
4 0 2 7 0
4 0 2 8 0
4 0 2 9 0
4 0 2 10 0
4 0 2 11 0
4 0 2 12 0
4 0 2 13 0
4 0 2 14 0
4 0 2 15 0
4 0 3 0 0
4 0 3 1 0
4 0 3 2 0
4 0 3 3 0
4 0 3 4 0
4 0 3 5 0
4 0 3 6 0
4 0 3 7 0
4 0 3 8 0
4 0 3 9 0
4 0 3 10 0
4 0 3 11 0
4 0 3 12 0
4 0 3 13 0
4 0 3 14 0
4 0 3 15 0
4 0 4 0 1.99846380779812
4 0 4 1 0
4 0 4 2 -0.0002351219134159289
4 0 4 3 0
4 0 4 4 0
4 0 4 5 0
4 0 4 6 0
4 0 4 7 0
4 0 4 8 0
4 0 4 9 0
4 0 4 10 0
4 0 4 11 -0.01182810517969271
4 0 4 12 0
4 0 4 13 0
4 0 4 14 0
4 0 4 15 0
4 0 5 0 0
4 0 5 1 0
4 0 5 2 0
4 0 5 3 0
4 0 5 4 0
4 0 5 5 0
4 0 5 6 0
4 0 5 7 0
4 0 5 8 0
4 0 5 9 0
4 0 5 10 0
4 0 5 11 0
4 0 5 12 0
4 0 5 13 0
4 0 5 14 0
4 0 5 15 0
4 0 6 0 0
4 0 6 1 0
4 0 6 2 0
4 0 6 3 0
4 0 6 4 0
4 0 6 5 0
4 0 6 6 0
4 0 6 7 0
4 0 6 8 0
4 0 6 9 0
4 0 6 10 0
4 0 6 11 0
4 0 6 12 0
4 0 6 13 0
4 0 6 14 0
4 0 6 15 0
4 0 7 0 0
4 0 7 1 0
4 0 7 2 0
4 0 7 3 0
4 0 7 4 0
4 0 7 5 0
4 0 7 6 0
4 0 7 7 0
4 0 7 8 0
4 0 7 9 0
4 0 7 10 0
4 0 7 11 0
4 0 7 12 0
4 0 7 13 0
4 0 7 14 0
4 0 7 15 0
4 0 8 0 0
4 0 8 1 0
4 0 8 2 0
4 0 8 3 0
4 0 8 4 0
4 0 8 5 0
4 0 8 6 0
4 0 8 7 0
4 0 8 8 0
4 0 8 9 0
4 0 8 10 0
4 0 8 11 0
4 0 8 12 0
4 0 8 13 0
4 0 8 14 0
4 0 8 15 0
4 0 9 0 0.09558076065317657
4 0 9 1 0
4 0 9 2 0
4 0 9 3 0
4 0 9 4 0
4 0 9 5 0
4 0 9 6 0
4 0 9 7 0
4 0 9 8 0
4 0 9 9 0
4 0 9 10 0
4 0 9 11 0
4 0 9 12 0
4 0 9 13 0
4 0 9 14 0
4 0 9 15 0
4 0 10 0 0
4 0 10 1 0
4 0 10 2 0
4 0 10 3 0
4 0 10 4 0
4 0 10 5 0
4 0 10 6 0
4 0 10 7 0
4 0 10 8 0
4 0 10 9 0
4 0 10 10 0
4 0 10 11 0
4 0 10 12 0
4 0 10 13 0
4 0 10 14 0
4 0 10 15 0
4 0 11 0 0
4 0 11 1 0
4 0 11 2 0
4 0 11 3 0
4 0 11 4 0.000797693485345718
4 0 11 5 0
4 0 11 6 0
4 0 11 7 0
4 0 11 8 0
4 0 11 9 0
4 0 11 10 0
4 0 11 11 0
4 0 11 12 0
4 0 11 13 0
4 0 11 14 0
4 0 11 15 0
4 0 12 0 0
4 0 12 1 0
4 0 12 2 0
4 0 12 3 0
4 0 12 4 0
4 0 12 5 0
4 0 12 6 0
4 0 12 7 0
4 0 12 8 0
4 0 12 9 0
4 0 12 10 0
4 0 12 11 0
4 0 12 12 0
4 0 12 13 0
4 0 12 14 0
4 0 12 15 0
4 0 13 0 0
4 0 13 1 0
4 0 13 2 0
4 0 13 3 0
4 0 13 4 0
4 0 13 5 0
4 0 13 6 0
4 0 13 7 0
4 0 13 8 0
4 0 13 9 0
4 0 13 10 0
4 0 13 11 0
4 0 13 12 0
4 0 13 13 0
4 0 13 14 0
4 0 13 15 0
4 0 14 0 0
4 0 14 1 0
4 0 14 2 0
4 0 14 3 0
4 0 14 4 0
4 0 14 5 0
4 0 14 6 0
4 0 14 7 0
4 0 14 8 0
4 0 14 9 0
4 0 14 10 0
4 0 14 11 0
4 0 14 12 0
4 0 14 13 0
4 0 14 14 0
4 0 14 15 0
4 0 15 0 0
4 0 15 1 0
4 0 15 2 0
4 0 15 3 0
4 0 15 4 0
4 0 15 5 0
4 0 15 6 0
4 0 15 7 0
4 0 15 8 0
4 0 15 9 0
4 0 15 10 0
4 0 15 11 0
4 0 15 12 0
4 0 15 13 0
4 0 15 14 0
4 0 15 15 0
4 1 0 0 0
4 1 0 1 0
4 1 0 2 0
4 1 0 3 0
4 1 0 4 0
4 1 0 5 0
4 1 0 6 0
4 1 0 7 0
4 1 0 8 0
4 1 0 9 0
4 1 0 10 0
4 1 0 11 0
4 1 0 12 0
4 1 0 13 0
4 1 0 14 0
4 1 0 15 0
4 1 1 0 0
4 1 1 1 0
4 1 1 2 0
4 1 1 3 0
4 1 1 4 -0.9993471432566914
4 1 1 5 0
4 1 1 6 0
4 1 1 7 0
4 1 1 8 0
4 1 1 9 -0.04779038032658828
4 1 1 10 0
4 1 1 11 0
4 1 1 12 0
4 1 1 13 0
4 1 1 14 0
4 1 1 15 0
4 1 2 0 0
4 1 2 1 0
4 1 2 2 0
4 1 2 3 0
4 1 2 4 0
4 1 2 5 0
4 1 2 6 0
4 1 2 7 0
4 1 2 8 0
4 1 2 9 0
4 1 2 10 0
4 1 2 11 0
4 1 2 12 0
4 1 2 13 0
4 1 2 14 0
4 1 2 15 0
4 1 3 0 0
4 1 3 1 0
4 1 3 2 0
4 1 3 3 0
4 1 3 4 0
4 1 3 5 0
4 1 3 6 0
4 1 3 7 0
4 1 3 8 0
4 1 3 9 0
4 1 3 10 0
4 1 3 11 0
4 1 3 12 0
4 1 3 13 0
4 1 3 14 0
4 1 3 15 0
4 1 4 0 0
4 1 4 1 1.998665346571016
4 1 4 2 0
4 1 4 3 0
4 1 4 4 0
4 1 4 5 0
4 1 4 6 0
4 1 4 7 0
4 1 4 8 0
4 1 4 9 0
4 1 4 10 0
4 1 4 11 0
4 1 4 12 0
4 1 4 13 0
4 1 4 14 0
4 1 4 15 0.01144121415185251
4 1 5 0 0
4 1 5 1 0
4 1 5 2 0
4 1 5 3 0
4 1 5 4 0
4 1 5 5 0
4 1 5 6 0
4 1 5 7 0
4 1 5 8 0
4 1 5 9 0
4 1 5 10 0
4 1 5 11 0
4 1 5 12 0
4 1 5 13 0
4 1 5 14 0
4 1 5 15 0
4 1 6 0 0
4 1 6 1 0
4 1 6 2 0
4 1 6 3 0
4 1 6 4 0
4 1 6 5 0
4 1 6 6 0
4 1 6 7 0
4 1 6 8 0
4 1 6 9 0
4 1 6 10 0
4 1 6 11 0
4 1 6 12 0
4 1 6 13 0
4 1 6 14 0
4 1 6 15 0
4 1 7 0 0
4 1 7 1 0
4 1 7 2 0
4 1 7 3 0
4 1 7 4 0
4 1 7 5 0
4 1 7 6 0
4 1 7 7 0
4 1 7 8 0
4 1 7 9 0
4 1 7 10 0
4 1 7 11 0
4 1 7 12 0
4 1 7 13 0
4 1 7 14 0
4 1 7 15 0
4 1 8 0 0
4 1 8 1 0
4 1 8 2 0
4 1 8 3 0
4 1 8 4 0
4 1 8 5 0
4 1 8 6 0
4 1 8 7 0
4 1 8 8 0
4 1 8 9 0
4 1 8 10 0
4 1 8 11 0
4 1 8 12 0
4 1 8 13 0
4 1 8 14 0
4 1 8 15 0
4 1 9 0 0
4 1 9 1 0.09558076065317657
4 1 9 2 0
4 1 9 3 0
4 1 9 4 0
4 1 9 5 0
4 1 9 6 0
4 1 9 7 0
4 1 9 8 0
4 1 9 9 0
4 1 9 10 0
4 1 9 11 0
4 1 9 12 0
4 1 9 13 0
4 1 9 14 0
4 1 9 15 0
4 1 10 0 0
4 1 10 1 0
4 1 10 2 0
4 1 10 3 0
4 1 10 4 0
4 1 10 5 0
4 1 10 6 0
4 1 10 7 0
4 1 10 8 0
4 1 10 9 0
4 1 10 10 0
4 1 10 11 0
4 1 10 12 0
4 1 10 13 0
4 1 10 14 0
4 1 10 15 0
4 1 11 0 0
4 1 11 1 0
4 1 11 2 0
4 1 11 3 0
4 1 11 4 0
4 1 11 5 0
4 1 11 6 0
4 1 11 7 0
4 1 11 8 0
4 1 11 9 0
4 1 11 10 0
4 1 11 11 0
4 1 11 12 0
4 1 11 13 0
4 1 11 14 0
4 1 11 15 0
4 1 12 0 0
4 1 12 1 0
4 1 12 2 0
4 1 12 3 0
4 1 12 4 0
4 1 12 5 0
4 1 12 6 0
4 1 12 7 0
4 1 12 8 0
4 1 12 9 0
4 1 12 10 0
4 1 12 11 0
4 1 12 12 0
4 1 12 13 0
4 1 12 14 0
4 1 12 15 0
4 1 13 0 0
4 1 13 1 0
4 1 13 2 0
4 1 13 3 0
4 1 13 4 0
4 1 13 5 0
4 1 13 6 0
4 1 13 7 0
4 1 13 8 0
4 1 13 9 0
4 1 13 10 0
4 1 13 11 0
4 1 13 12 0
4 1 13 13 0
4 1 13 14 0
4 1 13 15 0
4 1 14 0 0
4 1 14 1 0
4 1 14 2 0
4 1 14 3 0
4 1 14 4 0
4 1 14 5 0
4 1 14 6 0
4 1 14 7 0
4 1 14 8 0
4 1 14 9 0
4 1 14 10 0
4 1 14 11 0
4 1 14 12 0
4 1 14 13 0
4 1 14 14 0
4 1 14 15 0
4 1 15 0 0
4 1 15 1 0
4 1 15 2 0
4 1 15 3 0
4 1 15 4 -0.004722959686045629
4 1 15 5 0
4 1 15 6 0
4 1 15 7 0
4 1 15 8 0
4 1 15 9 0
4 1 15 10 0
4 1 15 11 0
4 1 15 12 0
4 1 15 13 0
4 1 15 14 0
4 1 15 15 0
4 2 0 0 0
4 2 0 1 0
4 2 0 2 0
4 2 0 3 0
4 2 0 4 4.456840007047859e-05
4 2 0 5 0
4 2 0 6 0
4 2 0 7 0
4 2 0 8 0
4 2 0 9 0
4 2 0 10 0
4 2 0 11 0
4 2 0 12 0
4 2 0 13 0
4 2 0 14 0
4 2 0 15 0
4 2 1 0 0
4 2 1 1 0
4 2 1 2 0
4 2 1 3 0
4 2 1 4 0
4 2 1 5 0
4 2 1 6 0
4 2 1 7 0
4 2 1 8 0
4 2 1 9 0
4 2 1 10 0
4 2 1 11 0
4 2 1 12 0
4 2 1 13 0
4 2 1 14 0
4 2 1 15 0
4 2 2 0 0
4 2 2 1 0
4 2 2 2 0
4 2 2 3 0
4 2 2 4 -0.7343839114325742
4 2 2 5 0
4 2 2 6 0
4 2 2 7 0
4 2 2 8 0
4 2 2 9 -0.04779038032658828
4 2 2 10 0
4 2 2 11 0
4 2 2 12 0
4 2 2 13 0
4 2 2 14 0
4 2 2 15 0
4 2 3 0 0
4 2 3 1 0
4 2 3 2 0
4 2 3 3 0
4 2 3 4 0
4 2 3 5 0
4 2 3 6 0
4 2 3 7 0
4 2 3 8 0
4 2 3 9 0
4 2 3 10 0
4 2 3 11 0
4 2 3 12 0
4 2 3 13 0
4 2 3 14 0
4 2 3 15 0
4 2 4 0 -0.0002351219134159289
4 2 4 1 0
4 2 4 2 1.570986214215085
4 2 4 3 0
4 2 4 4 0
4 2 4 5 0
4 2 4 6 0
4 2 4 7 0
4 2 4 8 0
4 2 4 9 0
4 2 4 10 0
4 2 4 11 -0.02507076762911945
4 2 4 12 0
4 2 4 13 0
4 2 4 14 0.03605404638513918
4 2 4 15 0
4 2 5 0 0
4 2 5 1 0
4 2 5 2 0
4 2 5 3 0
4 2 5 4 0
4 2 5 5 0
4 2 5 6 0
4 2 5 7 7.959076734416774e-07
4 2 5 8 0
4 2 5 9 0
4 2 5 10 0
4 2 5 11 0
4 2 5 12 0
4 2 5 13 0
4 2 5 14 0
4 2 5 15 0
4 2 6 0 0
4 2 6 1 0
4 2 6 2 0
4 2 6 3 0
4 2 6 4 0
4 2 6 5 0
4 2 6 6 0
4 2 6 7 0
4 2 6 8 0
4 2 6 9 0
4 2 6 10 0
4 2 6 11 0
4 2 6 12 0
4 2 6 13 0
4 2 6 14 0
4 2 6 15 0
4 2 7 0 0
4 2 7 1 0
4 2 7 2 0
4 2 7 3 0
4 2 7 4 0
4 2 7 5 0.02016769362305174
4 2 7 6 0
4 2 7 7 0
4 2 7 8 0
4 2 7 9 0
4 2 7 10 0
4 2 7 11 0
4 2 7 12 0
4 2 7 13 0
4 2 7 14 0
4 2 7 15 0
4 2 8 0 0
4 2 8 1 0
4 2 8 2 0
4 2 8 3 0
4 2 8 4 0
4 2 8 5 0
4 2 8 6 0
4 2 8 7 0
4 2 8 8 0
4 2 8 9 0
4 2 8 10 0
4 2 8 11 0
4 2 8 12 0
4 2 8 13 0
4 2 8 14 0
4 2 8 15 0
4 2 9 0 0
4 2 9 1 0
4 2 9 2 0.09558076065317657
4 2 9 3 0
4 2 9 4 0
4 2 9 5 0
4 2 9 6 0
4 2 9 7 0
4 2 9 8 0
4 2 9 9 0
4 2 9 10 0
4 2 9 11 0
4 2 9 12 0
4 2 9 13 0
4 2 9 14 0
4 2 9 15 0
4 2 10 0 0
4 2 10 1 0
4 2 10 2 0
4 2 10 3 0
4 2 10 4 0
4 2 10 5 0
4 2 10 6 0
4 2 10 7 0
4 2 10 8 0
4 2 10 9 0
4 2 10 10 0
4 2 10 11 0
4 2 10 12 0
4 2 10 13 0
4 2 10 14 0
4 2 10 15 0
4 2 11 0 0
4 2 11 1 0
4 2 11 2 0
4 2 11 3 0
4 2 11 4 0.01171223999974392
4 2 11 5 0
4 2 11 6 0
4 2 11 7 0
4 2 11 8 0
4 2 11 9 0
4 2 11 10 0
4 2 11 11 0
4 2 11 12 0
4 2 11 13 0
4 2 11 14 0
4 2 11 15 0
4 2 12 0 0
4 2 12 1 0
4 2 12 2 0
4 2 12 3 0
4 2 12 4 0
4 2 12 5 0
4 2 12 6 0
4 2 12 7 0
4 2 12 8 0
4 2 12 9 0
4 2 12 10 0
4 2 12 11 0
4 2 12 12 0
4 2 12 13 0
4 2 12 14 0
4 2 12 15 0
4 2 13 0 0
4 2 13 1 0
4 2 13 2 0
4 2 13 3 0
4 2 13 4 0
4 2 13 5 0
4 2 13 6 0
4 2 13 7 0
4 2 13 8 0
4 2 13 9 0
4 2 13 10 0
4 2 13 11 0
4 2 13 12 0
4 2 13 13 0
4 2 13 14 0
4 2 13 15 0
4 2 14 0 0
4 2 14 1 0
4 2 14 2 0
4 2 14 3 0
4 2 14 4 -0.02354826530544127
4 2 14 5 0
4 2 14 6 0
4 2 14 7 0
4 2 14 8 0
4 2 14 9 0
4 2 14 10 0
4 2 14 11 0
4 2 14 12 0
4 2 14 13 0
4 2 14 14 0
4 2 14 15 0
4 2 15 0 0
4 2 15 1 0
4 2 15 2 0
4 2 15 3 0
4 2 15 4 0
4 2 15 5 0
4 2 15 6 0
4 2 15 7 0
4 2 15 8 0
4 2 15 9 0
4 2 15 10 0
4 2 15 11 0
4 2 15 12 0
4 2 15 13 0
4 2 15 14 0
4 2 15 15 0
4 3 0 0 0
4 3 0 1 0
4 3 0 2 0
4 3 0 3 0
4 3 0 4 0
4 3 0 5 0
4 3 0 6 0
4 3 0 7 0
4 3 0 8 0
4 3 0 9 0
4 3 0 10 0
4 3 0 11 0
4 3 0 12 0
4 3 0 13 0
4 3 0 14 0
4 3 0 15 0
4 3 1 0 0
4 3 1 1 0
4 3 1 2 0
4 3 1 3 0
4 3 1 4 0
4 3 1 5 0
4 3 1 6 0
4 3 1 7 0
4 3 1 8 0
4 3 1 9 0
4 3 1 10 0
4 3 1 11 0
4 3 1 12 0
4 3 1 13 0
4 3 1 14 0
4 3 1 15 0
4 3 2 0 0
4 3 2 1 0
4 3 2 2 0
4 3 2 3 0
4 3 2 4 0
4 3 2 5 0
4 3 2 6 0
4 3 2 7 0
4 3 2 8 0
4 3 2 9 0
4 3 2 10 0
4 3 2 11 0
4 3 2 12 0
4 3 2 13 0
4 3 2 14 0
4 3 2 15 0
4 3 3 0 0
4 3 3 1 0
4 3 3 2 0
4 3 3 3 0
4 3 3 4 -0.05255006307566146
4 3 3 5 0
4 3 3 6 0
4 3 3 7 0
4 3 3 8 0
4 3 3 9 -0.003033484146657127
4 3 3 10 0
4 3 3 11 0
4 3 3 12 0
4 3 3 13 0
4 3 3 14 0
4 3 3 15 0
4 3 4 0 0
4 3 4 1 0
4 3 4 2 0
4 3 4 3 1.017427213212909
4 3 4 4 0
4 3 4 5 0
4 3 4 6 0
4 3 4 7 0
4 3 4 8 0.04876966629806405
4 3 4 9 0
4 3 4 10 0
4 3 4 11 0
4 3 4 12 0
4 3 4 13 0
4 3 4 14 0
4 3 4 15 0
4 3 5 0 0
4 3 5 1 0
4 3 5 2 0
4 3 5 3 0
4 3 5 4 0
4 3 5 5 0
4 3 5 6 -1.10379786877886e-05
4 3 5 7 0
4 3 5 8 0
4 3 5 9 0
4 3 5 10 0
4 3 5 11 0
4 3 5 12 0
4 3 5 13 7.726322597596393e-20
4 3 5 14 0
4 3 5 15 0
4 3 6 0 0
4 3 6 1 0
4 3 6 2 0
4 3 6 3 0
4 3 6 4 0
4 3 6 5 0.01100183218142669
4 3 6 6 0
4 3 6 7 0
4 3 6 8 0
4 3 6 9 0
4 3 6 10 0
4 3 6 11 0
4 3 6 12 3.603648640830164e-19
4 3 6 13 0
4 3 6 14 0
4 3 6 15 0
4 3 7 0 0
4 3 7 1 0
4 3 7 2 0
4 3 7 3 0
4 3 7 4 0
4 3 7 5 0
4 3 7 6 0
4 3 7 7 0
4 3 7 8 0
4 3 7 9 0
4 3 7 10 0
4 3 7 11 0
4 3 7 12 0
4 3 7 13 0
4 3 7 14 0
4 3 7 15 0
4 3 8 0 0
4 3 8 1 0
4 3 8 2 0
4 3 8 3 0
4 3 8 4 -0.002913602970917857
4 3 8 5 0
4 3 8 6 0
4 3 8 7 0
4 3 8 8 0
4 3 8 9 0
4 3 8 10 0
4 3 8 11 0
4 3 8 12 0
4 3 8 13 0
4 3 8 14 0
4 3 8 15 0
4 3 9 0 0
4 3 9 1 0
4 3 9 2 0
4 3 9 3 0.04779038032658828
4 3 9 4 0
4 3 9 5 0
4 3 9 6 0
4 3 9 7 0
4 3 9 8 0
4 3 9 9 0
4 3 9 10 0
4 3 9 11 0
4 3 9 12 0
4 3 9 13 0
4 3 9 14 0
4 3 9 15 0
4 3 10 0 0
4 3 10 1 0
4 3 10 2 0
4 3 10 3 0
4 3 10 4 0
4 3 10 5 0
4 3 10 6 0
4 3 10 7 0
4 3 10 8 0
4 3 10 9 0
4 3 10 10 0
4 3 10 11 0
4 3 10 12 0
4 3 10 13 0
4 3 10 14 0
4 3 10 15 0
4 3 11 0 0
4 3 11 1 0
4 3 11 2 0
4 3 11 3 0
4 3 11 4 0
4 3 11 5 0
4 3 11 6 0
4 3 11 7 0
4 3 11 8 0
4 3 11 9 0
4 3 11 10 0
4 3 11 11 0
4 3 11 12 0
4 3 11 13 0
4 3 11 14 0
4 3 11 15 0
4 3 12 0 0
4 3 12 1 0
4 3 12 2 0
4 3 12 3 0
4 3 12 4 0
4 3 12 5 0
4 3 12 6 -8.140803714384728e-19
4 3 12 7 0
4 3 12 8 0
4 3 12 9 0
4 3 12 10 0
4 3 12 11 0
4 3 12 12 0
4 3 12 13 0
4 3 12 14 0
4 3 12 15 0
4 3 13 0 0
4 3 13 1 0
4 3 13 2 0
4 3 13 3 0
4 3 13 4 0
4 3 13 5 2.800715543542357e-19
4 3 13 6 0
4 3 13 7 0
4 3 13 8 0
4 3 13 9 0
4 3 13 10 0
4 3 13 11 0
4 3 13 12 0
4 3 13 13 0
4 3 13 14 0
4 3 13 15 0
4 3 14 0 0
4 3 14 1 0
4 3 14 2 0
4 3 14 3 0
4 3 14 4 0
4 3 14 5 0
4 3 14 6 0
4 3 14 7 0
4 3 14 8 0
4 3 14 9 0
4 3 14 10 0
4 3 14 11 0
4 3 14 12 0
4 3 14 13 0
4 3 14 14 0
4 3 14 15 0
4 3 15 0 0
4 3 15 1 0
4 3 15 2 0
4 3 15 3 0
4 3 15 4 0
4 3 15 5 0
4 3 15 6 0
4 3 15 7 0
4 3 15 8 0
4 3 15 9 0
4 3 15 10 0
4 3 15 11 0
4 3 15 12 0
4 3 15 13 0
4 3 15 14 0
4 3 15 15 0
4 4 0 0 0
4 4 0 1 0
4 4 0 2 0
4 4 0 3 0
4 4 0 4 0
4 4 0 5 0
4 4 0 6 0
4 4 0 7 0
4 4 0 8 0
4 4 0 9 0
4 4 0 10 0
4 4 0 11 0
4 4 0 12 0
4 4 0 13 0
4 4 0 14 0
4 4 0 15 0
4 4 1 0 0
4 4 1 1 0
4 4 1 2 0
4 4 1 3 0
4 4 1 4 0
4 4 1 5 0
4 4 1 6 0
4 4 1 7 0
4 4 1 8 0
4 4 1 9 0
4 4 1 10 0
4 4 1 11 0
4 4 1 12 0
4 4 1 13 0
4 4 1 14 0
4 4 1 15 0
4 4 2 0 0
4 4 2 1 0
4 4 2 2 0
4 4 2 3 0
4 4 2 4 0
4 4 2 5 0
4 4 2 6 0
4 4 2 7 0
4 4 2 8 0
4 4 2 9 0
4 4 2 10 0
4 4 2 11 0
4 4 2 12 0
4 4 2 13 0
4 4 2 14 0
4 4 2 15 0
4 4 3 0 0
4 4 3 1 0
4 4 3 2 0
4 4 3 3 0
4 4 3 4 0
4 4 3 5 0
4 4 3 6 0
4 4 3 7 0
4 4 3 8 0
4 4 3 9 0
4 4 3 10 0
4 4 3 11 0
4 4 3 12 0
4 4 3 13 0
4 4 3 14 0
4 4 3 15 0
4 4 4 0 0
4 4 4 1 0
4 4 4 2 0
4 4 4 3 0
4 4 4 4 0.005252886840998675
4 4 4 5 0
4 4 4 6 0
4 4 4 7 0
4 4 4 8 0
4 4 4 9 1.731532778629074e-18
4 4 4 10 0
4 4 4 11 0
4 4 4 12 0
4 4 4 13 0
4 4 4 14 0
4 4 4 15 0
4 4 5 0 0
4 4 5 1 0
4 4 5 2 0
4 4 5 3 0
4 4 5 4 0
4 4 5 5 -3.805895718833378e-05
4 4 5 6 0
4 4 5 7 0
4 4 5 8 0
4 4 5 9 0
4 4 5 10 0
4 4 5 11 0
4 4 5 12 -1.045519180896166e-18
4 4 5 13 0
4 4 5 14 0
4 4 5 15 0
4 4 6 0 0
4 4 6 1 0
4 4 6 2 0
4 4 6 3 0
4 4 6 4 0
4 4 6 5 0
4 4 6 6 0
4 4 6 7 0
4 4 6 8 0
4 4 6 9 0
4 4 6 10 0
4 4 6 11 0
4 4 6 12 0
4 4 6 13 0
4 4 6 14 0
4 4 6 15 0
4 4 7 0 0
4 4 7 1 0
4 4 7 2 0
4 4 7 3 0
4 4 7 4 0
4 4 7 5 0
4 4 7 6 0
4 4 7 7 0
4 4 7 8 0
4 4 7 9 0
4 4 7 10 0
4 4 7 11 0
4 4 7 12 0
4 4 7 13 0
4 4 7 14 0
4 4 7 15 0
4 4 8 0 0
4 4 8 1 0
4 4 8 2 0
4 4 8 3 0
4 4 8 4 0
4 4 8 5 0
4 4 8 6 0
4 4 8 7 0
4 4 8 8 0
4 4 8 9 0
4 4 8 10 0
4 4 8 11 0
4 4 8 12 0
4 4 8 13 0
4 4 8 14 0
4 4 8 15 0
4 4 9 0 0
4 4 9 1 0
4 4 9 2 0
4 4 9 3 0
4 4 9 4 1.731532778629074e-18
4 4 9 5 0
4 4 9 6 0
4 4 9 7 0
4 4 9 8 0
4 4 9 9 0
4 4 9 10 0
4 4 9 11 0
4 4 9 12 0
4 4 9 13 0
4 4 9 14 0
4 4 9 15 0
4 4 10 0 0
4 4 10 1 0
4 4 10 2 0
4 4 10 3 0
4 4 10 4 0
4 4 10 5 0
4 4 10 6 0
4 4 10 7 0
4 4 10 8 0
4 4 10 9 0
4 4 10 10 0
4 4 10 11 0
4 4 10 12 0
4 4 10 13 0
4 4 10 14 0
4 4 10 15 0
4 4 11 0 0
4 4 11 1 0
4 4 11 2 0
4 4 11 3 0
4 4 11 4 0
4 4 11 5 0
4 4 11 6 0
4 4 11 7 0
4 4 11 8 0
4 4 11 9 0
4 4 11 10 0
4 4 11 11 0
4 4 11 12 0
4 4 11 13 0
4 4 11 14 0
4 4 11 15 0
4 4 12 0 0
4 4 12 1 0
4 4 12 2 0
4 4 12 3 0
4 4 12 4 0
4 4 12 5 -1.045519180896166e-18
4 4 12 6 0
4 4 12 7 0
4 4 12 8 0
4 4 12 9 0
4 4 12 10 0
4 4 12 11 0
4 4 12 12 0
4 4 12 13 0
4 4 12 14 0
4 4 12 15 0
4 4 13 0 0
4 4 13 1 0
4 4 13 2 0
4 4 13 3 0
4 4 13 4 0
4 4 13 5 0
4 4 13 6 0
4 4 13 7 0
4 4 13 8 0
4 4 13 9 0
4 4 13 10 0
4 4 13 11 0
4 4 13 12 0
4 4 13 13 0
4 4 13 14 0
4 4 13 15 0
4 4 14 0 0
4 4 14 1 0
4 4 14 2 0
4 4 14 3 0
4 4 14 4 0
4 4 14 5 0
4 4 14 6 0
4 4 14 7 0
4 4 14 8 0
4 4 14 9 0
4 4 14 10 0
4 4 14 11 0
4 4 14 12 0
4 4 14 13 0
4 4 14 14 0
4 4 14 15 0
4 4 15 0 0
4 4 15 1 0
4 4 15 2 0
4 4 15 3 0
4 4 15 4 0
4 4 15 5 0
4 4 15 6 0
4 4 15 7 0
4 4 15 8 0
4 4 15 9 0
4 4 15 10 0
4 4 15 11 0
4 4 15 12 0
4 4 15 13 0
4 4 15 14 0
4 4 15 15 0
4 5 0 0 0
4 5 0 1 0
4 5 0 2 0
4 5 0 3 0
4 5 0 4 0
4 5 0 5 0
4 5 0 6 0
4 5 0 7 0
4 5 0 8 0
4 5 0 9 0
4 5 0 10 0
4 5 0 11 0
4 5 0 12 0
4 5 0 13 0
4 5 0 14 0
4 5 0 15 0
4 5 1 0 0
4 5 1 1 0
4 5 1 2 0
4 5 1 3 0
4 5 1 4 0
4 5 1 5 0
4 5 1 6 0
4 5 1 7 0
4 5 1 8 0
4 5 1 9 0
4 5 1 10 0
4 5 1 11 0
4 5 1 12 0
4 5 1 13 0
4 5 1 14 0
4 5 1 15 0
4 5 2 0 0
4 5 2 1 0
4 5 2 2 0
4 5 2 3 0
4 5 2 4 0
4 5 2 5 0
4 5 2 6 0
4 5 2 7 0
4 5 2 8 0
4 5 2 9 0
4 5 2 10 0
4 5 2 11 0
4 5 2 12 0
4 5 2 13 0
4 5 2 14 0
4 5 2 15 0
4 5 3 0 0
4 5 3 1 0
4 5 3 2 0
4 5 3 3 0
4 5 3 4 0
4 5 3 5 0
4 5 3 6 0
4 5 3 7 0
4 5 3 8 0
4 5 3 9 0
4 5 3 10 0
4 5 3 11 0
4 5 3 12 0
4 5 3 13 0
4 5 3 14 0
4 5 3 15 0
4 5 4 0 0
4 5 4 1 0
4 5 4 2 0
4 5 4 3 0
4 5 4 4 0
4 5 4 5 0.9911546430489553
4 5 4 6 0
4 5 4 7 0
4 5 4 8 0
4 5 4 9 0
4 5 4 10 0
4 5 4 11 0
4 5 4 12 0.04561282826039283
4 5 4 13 0
4 5 4 14 0
4 5 4 15 0
4 5 5 0 0
4 5 5 1 0
4 5 5 2 0
4 5 5 3 0
4 5 5 4 -0.9910575775345609
4 5 5 5 0
4 5 5 6 0
4 5 5 7 0
4 5 5 8 0
4 5 5 9 -0.04786165340198206
4 5 5 10 0
4 5 5 11 0
4 5 5 12 0
4 5 5 13 0
4 5 5 14 0
4 5 5 15 0
4 5 6 0 0
4 5 6 1 0
4 5 6 2 0
4 5 6 3 0
4 5 6 4 0
4 5 6 5 0
4 5 6 6 0
4 5 6 7 0
4 5 6 8 0
4 5 6 9 0
4 5 6 10 0
4 5 6 11 0
4 5 6 12 0
4 5 6 13 0
4 5 6 14 0
4 5 6 15 0
4 5 7 0 0
4 5 7 1 0
4 5 7 2 0
4 5 7 3 0
4 5 7 4 0
4 5 7 5 0
4 5 7 6 0
4 5 7 7 0
4 5 7 8 0
4 5 7 9 0
4 5 7 10 0
4 5 7 11 0
4 5 7 12 0
4 5 7 13 0
4 5 7 14 0
4 5 7 15 0
4 5 8 0 0
4 5 8 1 0
4 5 8 2 0
4 5 8 3 0
4 5 8 4 0
4 5 8 5 0
4 5 8 6 0
4 5 8 7 0
4 5 8 8 0
4 5 8 9 0
4 5 8 10 0
4 5 8 11 0
4 5 8 12 0
4 5 8 13 0
4 5 8 14 0
4 5 8 15 0
4 5 9 0 0
4 5 9 1 0
4 5 9 2 0
4 5 9 3 0
4 5 9 4 0
4 5 9 5 0.04779038032658828
4 5 9 6 0
4 5 9 7 0
4 5 9 8 0
4 5 9 9 0
4 5 9 10 0
4 5 9 11 0
4 5 9 12 0
4 5 9 13 0
4 5 9 14 0
4 5 9 15 0
4 5 10 0 0
4 5 10 1 0
4 5 10 2 0
4 5 10 3 0
4 5 10 4 0
4 5 10 5 0
4 5 10 6 0
4 5 10 7 0
4 5 10 8 0
4 5 10 9 0
4 5 10 10 0
4 5 10 11 0
4 5 10 12 0
4 5 10 13 0
4 5 10 14 0
4 5 10 15 0
4 5 11 0 0
4 5 11 1 0
4 5 11 2 0
4 5 11 3 0
4 5 11 4 0
4 5 11 5 0
4 5 11 6 0
4 5 11 7 0
4 5 11 8 0
4 5 11 9 0
4 5 11 10 0
4 5 11 11 0
4 5 11 12 0
4 5 11 13 0
4 5 11 14 0
4 5 11 15 0
4 5 12 0 0
4 5 12 1 0
4 5 12 2 0
4 5 12 3 0
4 5 12 4 -0.04555487536442179
4 5 12 5 0
4 5 12 6 0
4 5 12 7 0
4 5 12 8 0
4 5 12 9 0
4 5 12 10 0
4 5 12 11 0
4 5 12 12 0
4 5 12 13 0
4 5 12 14 0
4 5 12 15 0
4 5 13 0 0
4 5 13 1 0
4 5 13 2 0
4 5 13 3 0
4 5 13 4 0
4 5 13 5 0
4 5 13 6 0
4 5 13 7 0
4 5 13 8 0
4 5 13 9 0
4 5 13 10 0
4 5 13 11 0
4 5 13 12 0
4 5 13 13 0
4 5 13 14 0
4 5 13 15 0
4 5 14 0 0
4 5 14 1 0
4 5 14 2 0
4 5 14 3 0
4 5 14 4 0
4 5 14 5 0
4 5 14 6 0
4 5 14 7 0
4 5 14 8 0
4 5 14 9 0
4 5 14 10 0
4 5 14 11 0
4 5 14 12 0
4 5 14 13 0
4 5 14 14 0
4 5 14 15 0
4 5 15 0 0
4 5 15 1 0
4 5 15 2 0
4 5 15 3 0
4 5 15 4 0
4 5 15 5 0
4 5 15 6 0
4 5 15 7 0
4 5 15 8 0
4 5 15 9 0
4 5 15 10 0
4 5 15 11 0
4 5 15 12 0
4 5 15 13 0
4 5 15 14 0
4 5 15 15 0
4 6 0 0 0
4 6 0 1 0
4 6 0 2 0
4 6 0 3 0
4 6 0 4 0
4 6 0 5 0
4 6 0 6 0
4 6 0 7 0
4 6 0 8 0
4 6 0 9 0
4 6 0 10 0
4 6 0 11 0
4 6 0 12 0
4 6 0 13 0
4 6 0 14 0
4 6 0 15 0
4 6 1 0 0
4 6 1 1 0
4 6 1 2 0
4 6 1 3 0
4 6 1 4 0
4 6 1 5 0
4 6 1 6 0
4 6 1 7 0
4 6 1 8 0
4 6 1 9 0
4 6 1 10 0
4 6 1 11 0
4 6 1 12 0
4 6 1 13 0
4 6 1 14 0
4 6 1 15 0
4 6 2 0 0
4 6 2 1 0
4 6 2 2 0
4 6 2 3 0
4 6 2 4 0
4 6 2 5 0
4 6 2 6 0
4 6 2 7 0
4 6 2 8 0
4 6 2 9 0
4 6 2 10 0
4 6 2 11 0
4 6 2 12 0
4 6 2 13 0
4 6 2 14 0
4 6 2 15 0
4 6 3 0 0
4 6 3 1 0
4 6 3 2 0
4 6 3 3 0
4 6 3 4 0
4 6 3 5 0.01364451787532967
4 6 3 6 0
4 6 3 7 0
4 6 3 8 0
4 6 3 9 0
4 6 3 10 0
4 6 3 11 0
4 6 3 12 -0.002815253998645312
4 6 3 13 0
4 6 3 14 0
4 6 3 15 0
4 6 4 0 0
4 6 4 1 0
4 6 4 2 0
4 6 4 3 0
4 6 4 4 0
4 6 4 5 0
4 6 4 6 0.9749210204309942
4 6 4 7 0
4 6 4 8 0
4 6 4 9 0
4 6 4 10 0
4 6 4 11 0
4 6 4 12 0
4 6 4 13 0.04635966278163518
4 6 4 14 0
4 6 4 15 0
4 6 5 0 0
4 6 5 1 0
4 6 5 2 0
4 6 5 3 6.186311376645576e-07
4 6 5 4 0
4 6 5 5 0
4 6 5 6 0
4 6 5 7 0
4 6 5 8 -3.18901567356515e-05
4 6 5 9 0
4 6 5 10 0
4 6 5 11 0
4 6 5 12 0
4 6 5 13 0
4 6 5 14 0
4 6 5 15 0
4 6 6 0 0
4 6 6 1 0
4 6 6 2 0
4 6 6 3 0
4 6 6 4 -0.04239539609896004
4 6 6 5 0
4 6 6 6 0
4 6 6 7 0
4 6 6 8 0
4 6 6 9 -0.004195003065927124
4 6 6 10 0
4 6 6 11 0
4 6 6 12 0
4 6 6 13 0
4 6 6 14 0
4 6 6 15 0
4 6 7 0 0
4 6 7 1 0
4 6 7 2 0
4 6 7 3 0
4 6 7 4 0
4 6 7 5 0
4 6 7 6 0
4 6 7 7 0
4 6 7 8 0
4 6 7 9 0
4 6 7 10 0
4 6 7 11 0
4 6 7 12 0
4 6 7 13 0
4 6 7 14 0
4 6 7 15 0
4 6 8 0 0
4 6 8 1 0
4 6 8 2 0
4 6 8 3 0
4 6 8 4 0
4 6 8 5 -0.003418040703874578
4 6 8 6 0
4 6 8 7 0
4 6 8 8 0
4 6 8 9 0
4 6 8 10 0
4 6 8 11 0
4 6 8 12 0
4 6 8 13 0
4 6 8 14 0
4 6 8 15 0
4 6 9 0 0
4 6 9 1 0
4 6 9 2 0
4 6 9 3 0
4 6 9 4 0
4 6 9 5 0
4 6 9 6 0.04779038032658828
4 6 9 7 0
4 6 9 8 0
4 6 9 9 0
4 6 9 10 0
4 6 9 11 0
4 6 9 12 0
4 6 9 13 0
4 6 9 14 0
4 6 9 15 0
4 6 10 0 0
4 6 10 1 0
4 6 10 2 0
4 6 10 3 0
4 6 10 4 0
4 6 10 5 0
4 6 10 6 0
4 6 10 7 0
4 6 10 8 0
4 6 10 9 0
4 6 10 10 0
4 6 10 11 0
4 6 10 12 0
4 6 10 13 0
4 6 10 14 0
4 6 10 15 0
4 6 11 0 0
4 6 11 1 0
4 6 11 2 0
4 6 11 3 0
4 6 11 4 0
4 6 11 5 0
4 6 11 6 0
4 6 11 7 0
4 6 11 8 0
4 6 11 9 0
4 6 11 10 0
4 6 11 11 0
4 6 11 12 0
4 6 11 13 0
4 6 11 14 0
4 6 11 15 0
4 6 12 0 0
4 6 12 1 0
4 6 12 2 0
4 6 12 3 2.079406701917196e-05
4 6 12 4 0
4 6 12 5 0
4 6 12 6 0
4 6 12 7 0
4 6 12 8 0
4 6 12 9 0
4 6 12 10 0
4 6 12 11 0
4 6 12 12 0
4 6 12 13 0
4 6 12 14 0
4 6 12 15 0
4 6 13 0 0
4 6 13 1 0
4 6 13 2 0
4 6 13 3 0
4 6 13 4 -0.002514141864046212
4 6 13 5 0
4 6 13 6 0
4 6 13 7 0
4 6 13 8 0
4 6 13 9 0
4 6 13 10 0
4 6 13 11 0
4 6 13 12 0
4 6 13 13 0
4 6 13 14 0
4 6 13 15 0
4 6 14 0 0
4 6 14 1 0
4 6 14 2 0
4 6 14 3 0
4 6 14 4 0
4 6 14 5 0
4 6 14 6 0
4 6 14 7 0
4 6 14 8 0
4 6 14 9 0
4 6 14 10 0
4 6 14 11 0
4 6 14 12 0
4 6 14 13 0
4 6 14 14 0
4 6 14 15 0
4 6 15 0 0
4 6 15 1 0
4 6 15 2 0
4 6 15 3 0
4 6 15 4 0
4 6 15 5 0
4 6 15 6 0
4 6 15 7 0
4 6 15 8 0
4 6 15 9 0
4 6 15 10 0
4 6 15 11 0
4 6 15 12 0
4 6 15 13 0
4 6 15 14 0
4 6 15 15 0
4 7 0 0 0
4 7 0 1 0
4 7 0 2 0
4 7 0 3 0
4 7 0 4 0
4 7 0 5 0
4 7 0 6 0
4 7 0 7 0
4 7 0 8 0
4 7 0 9 0
4 7 0 10 0
4 7 0 11 0
4 7 0 12 0
4 7 0 13 0
4 7 0 14 0
4 7 0 15 0
4 7 1 0 0
4 7 1 1 0
4 7 1 2 0
4 7 1 3 0
4 7 1 4 0
4 7 1 5 0
4 7 1 6 0
4 7 1 7 0
4 7 1 8 0
4 7 1 9 0
4 7 1 10 0
4 7 1 11 0
4 7 1 12 0
4 7 1 13 0
4 7 1 14 0
4 7 1 15 0
4 7 2 0 0
4 7 2 1 0
4 7 2 2 0
4 7 2 3 0
4 7 2 4 0
4 7 2 5 0.04300112425468635
4 7 2 6 0
4 7 2 7 0
4 7 2 8 0
4 7 2 9 0
4 7 2 10 0
4 7 2 11 0
4 7 2 12 0.003514863877386646
4 7 2 13 0
4 7 2 14 0
4 7 2 15 0
4 7 3 0 0
4 7 3 1 0
4 7 3 2 0
4 7 3 3 0
4 7 3 4 0
4 7 3 5 0
4 7 3 6 0
4 7 3 7 0
4 7 3 8 0
4 7 3 9 0
4 7 3 10 0
4 7 3 11 0
4 7 3 12 0
4 7 3 13 0
4 7 3 14 0
4 7 3 15 0
4 7 4 0 0
4 7 4 1 0
4 7 4 2 0
4 7 4 3 0
4 7 4 4 0
4 7 4 5 0
4 7 4 6 0
4 7 4 7 0.4263597616835383
4 7 4 8 0
4 7 4 9 0
4 7 4 10 0
4 7 4 11 0
4 7 4 12 0
4 7 4 13 0
4 7 4 14 0
4 7 4 15 0
4 7 5 0 0
4 7 5 1 0
4 7 5 2 5.65708532605509e-05
4 7 5 3 0
4 7 5 4 0
4 7 5 5 0
4 7 5 6 0
4 7 5 7 0
4 7 5 8 0
4 7 5 9 0
4 7 5 10 0
4 7 5 11 -4.490528395508161e-05
4 7 5 12 0
4 7 5 13 0
4 7 5 14 0.0002271764310989793
4 7 5 15 0
4 7 6 0 0
4 7 6 1 0
4 7 6 2 0
4 7 6 3 0
4 7 6 4 0
4 7 6 5 0
4 7 6 6 0
4 7 6 7 0
4 7 6 8 0
4 7 6 9 0
4 7 6 10 0
4 7 6 11 0
4 7 6 12 0
4 7 6 13 0
4 7 6 14 0
4 7 6 15 0
4 7 7 0 0
4 7 7 1 0
4 7 7 2 0
4 7 7 3 0
4 7 7 4 -0.1588859194042372
4 7 7 5 0
4 7 7 6 0
4 7 7 7 0
4 7 7 8 0
4 7 7 9 0
4 7 7 10 0
4 7 7 11 0
4 7 7 12 0
4 7 7 13 0
4 7 7 14 0
4 7 7 15 0
4 7 8 0 0
4 7 8 1 0
4 7 8 2 0
4 7 8 3 0
4 7 8 4 0
4 7 8 5 0
4 7 8 6 0
4 7 8 7 0
4 7 8 8 0
4 7 8 9 0
4 7 8 10 0
4 7 8 11 0
4 7 8 12 0
4 7 8 13 0
4 7 8 14 0
4 7 8 15 0
4 7 9 0 0
4 7 9 1 0
4 7 9 2 0
4 7 9 3 0
4 7 9 4 0
4 7 9 5 0
4 7 9 6 0
4 7 9 7 0
4 7 9 8 0
4 7 9 9 0
4 7 9 10 0
4 7 9 11 0
4 7 9 12 0
4 7 9 13 0
4 7 9 14 0
4 7 9 15 0
4 7 10 0 0
4 7 10 1 0
4 7 10 2 0
4 7 10 3 0
4 7 10 4 0
4 7 10 5 0
4 7 10 6 0
4 7 10 7 0
4 7 10 8 0
4 7 10 9 0
4 7 10 10 0
4 7 10 11 0
4 7 10 12 0
4 7 10 13 0
4 7 10 14 0
4 7 10 15 0
4 7 11 0 0
4 7 11 1 0
4 7 11 2 0
4 7 11 3 0
4 7 11 4 0
4 7 11 5 -0.0008174594652106273
4 7 11 6 0
4 7 11 7 0
4 7 11 8 0
4 7 11 9 0
4 7 11 10 0
4 7 11 11 0
4 7 11 12 0
4 7 11 13 0
4 7 11 14 0
4 7 11 15 0
4 7 12 0 0
4 7 12 1 0
4 7 12 2 7.287935326917301e-05
4 7 12 3 0
4 7 12 4 0
4 7 12 5 0
4 7 12 6 0
4 7 12 7 0
4 7 12 8 0
4 7 12 9 0
4 7 12 10 0
4 7 12 11 0
4 7 12 12 0
4 7 12 13 0
4 7 12 14 0
4 7 12 15 0
4 7 13 0 0
4 7 13 1 0
4 7 13 2 0
4 7 13 3 0
4 7 13 4 0
4 7 13 5 0
4 7 13 6 0
4 7 13 7 0
4 7 13 8 0
4 7 13 9 0
4 7 13 10 0
4 7 13 11 0
4 7 13 12 0
4 7 13 13 0
4 7 13 14 0
4 7 13 15 0
4 7 14 0 0
4 7 14 1 0
4 7 14 2 0
4 7 14 3 0
4 7 14 4 0
4 7 14 5 0.0009885779992195882
4 7 14 6 0
4 7 14 7 0
4 7 14 8 0
4 7 14 9 0
4 7 14 10 0
4 7 14 11 0
4 7 14 12 0
4 7 14 13 0
4 7 14 14 0
4 7 14 15 0
4 7 15 0 0
4 7 15 1 0
4 7 15 2 0
4 7 15 3 0
4 7 15 4 0
4 7 15 5 0
4 7 15 6 0
4 7 15 7 0
4 7 15 8 0
4 7 15 9 0
4 7 15 10 0
4 7 15 11 0
4 7 15 12 0
4 7 15 13 0
4 7 15 14 0
4 7 15 15 0
4 8 0 0 0
4 8 0 1 0
4 8 0 2 0
4 8 0 3 0
4 8 0 4 0
4 8 0 5 0
4 8 0 6 0
4 8 0 7 0
4 8 0 8 0
4 8 0 9 0
4 8 0 10 0
4 8 0 11 0
4 8 0 12 0
4 8 0 13 0
4 8 0 14 0
4 8 0 15 0
4 8 1 0 0
4 8 1 1 0
4 8 1 2 0
4 8 1 3 0
4 8 1 4 0
4 8 1 5 0
4 8 1 6 0
4 8 1 7 0
4 8 1 8 0
4 8 1 9 0
4 8 1 10 0
4 8 1 11 0
4 8 1 12 0
4 8 1 13 0
4 8 1 14 0
4 8 1 15 0
4 8 2 0 0
4 8 2 1 0
4 8 2 2 0
4 8 2 3 0
4 8 2 4 0
4 8 2 5 0
4 8 2 6 0
4 8 2 7 0
4 8 2 8 0
4 8 2 9 0
4 8 2 10 0
4 8 2 11 0
4 8 2 12 0
4 8 2 13 0
4 8 2 14 0
4 8 2 15 0
4 8 3 0 0
4 8 3 1 0
4 8 3 2 0
4 8 3 3 0
4 8 3 4 -0.002913602970917857
4 8 3 5 0
4 8 3 6 0
4 8 3 7 0
4 8 3 8 0
4 8 3 9 -0.0004005276174159994
4 8 3 10 0
4 8 3 11 0
4 8 3 12 0
4 8 3 13 0
4 8 3 14 0
4 8 3 15 0
4 8 4 0 0
4 8 4 1 0
4 8 4 2 0
4 8 4 3 0.04876966629806405
4 8 4 4 0
4 8 4 5 0
4 8 4 6 0
4 8 4 7 0
4 8 4 8 0.003391245774649644
4 8 4 9 0
4 8 4 10 0
4 8 4 11 0
4 8 4 12 0
4 8 4 13 0
4 8 4 14 0
4 8 4 15 0
4 8 5 0 0
4 8 5 1 0
4 8 5 2 0
4 8 5 3 0
4 8 5 4 0
4 8 5 5 0
4 8 5 6 3.677988287950961e-05
4 8 5 7 0
4 8 5 8 0
4 8 5 9 0
4 8 5 10 0
4 8 5 11 0
4 8 5 12 0
4 8 5 13 5.84671208387728e-06
4 8 5 14 0
4 8 5 15 0
4 8 6 0 0
4 8 6 1 0
4 8 6 2 0
4 8 6 3 0
4 8 6 4 0
4 8 6 5 -0.00397890966944655
4 8 6 6 0
4 8 6 7 0
4 8 6 8 0
4 8 6 9 0
4 8 6 10 0
4 8 6 11 0
4 8 6 12 -0.0002658886594542
4 8 6 13 0
4 8 6 14 0
4 8 6 15 0
4 8 7 0 0
4 8 7 1 0
4 8 7 2 0
4 8 7 3 0
4 8 7 4 0
4 8 7 5 0
4 8 7 6 0
4 8 7 7 0
4 8 7 8 0
4 8 7 9 0
4 8 7 10 0
4 8 7 11 0
4 8 7 12 0
4 8 7 13 0
4 8 7 14 0
4 8 7 15 0
4 8 8 0 0
4 8 8 1 0
4 8 8 2 0
4 8 8 3 0
4 8 8 4 -0.0004971521865835352
4 8 8 5 0
4 8 8 6 0
4 8 8 7 0
4 8 8 8 0
4 8 8 9 0
4 8 8 10 0
4 8 8 11 0
4 8 8 12 0
4 8 8 13 0
4 8 8 14 0
4 8 8 15 0
4 8 9 0 0
4 8 9 1 0
4 8 9 2 0
4 8 9 3 0.003231031770486634
4 8 9 4 0
4 8 9 5 0
4 8 9 6 0
4 8 9 7 0
4 8 9 8 0
4 8 9 9 0
4 8 9 10 0
4 8 9 11 0
4 8 9 12 0
4 8 9 13 0
4 8 9 14 0
4 8 9 15 0
4 8 10 0 0
4 8 10 1 0
4 8 10 2 0
4 8 10 3 0
4 8 10 4 0
4 8 10 5 0
4 8 10 6 0
4 8 10 7 0
4 8 10 8 0
4 8 10 9 0
4 8 10 10 0
4 8 10 11 0
4 8 10 12 0
4 8 10 13 0
4 8 10 14 0
4 8 10 15 0
4 8 11 0 0
4 8 11 1 0
4 8 11 2 0
4 8 11 3 0
4 8 11 4 0
4 8 11 5 0
4 8 11 6 0
4 8 11 7 0
4 8 11 8 0
4 8 11 9 0
4 8 11 10 0
4 8 11 11 0
4 8 11 12 0
4 8 11 13 0
4 8 11 14 0
4 8 11 15 0
4 8 12 0 0
4 8 12 1 0
4 8 12 2 0
4 8 12 3 0
4 8 12 4 0
4 8 12 5 0
4 8 12 6 3.458162349255323e-05
4 8 12 7 0
4 8 12 8 0
4 8 12 9 0
4 8 12 10 0
4 8 12 11 0
4 8 12 12 0
4 8 12 13 0
4 8 12 14 0
4 8 12 15 0
4 8 13 0 0
4 8 13 1 0
4 8 13 2 0
4 8 13 3 0
4 8 13 4 0
4 8 13 5 -0.0002418475718680761
4 8 13 6 0
4 8 13 7 0
4 8 13 8 0
4 8 13 9 0
4 8 13 10 0
4 8 13 11 0
4 8 13 12 0
4 8 13 13 0
4 8 13 14 0
4 8 13 15 0
4 8 14 0 0
4 8 14 1 0
4 8 14 2 0
4 8 14 3 0
4 8 14 4 0
4 8 14 5 0
4 8 14 6 0
4 8 14 7 0
4 8 14 8 0
4 8 14 9 0
4 8 14 10 0
4 8 14 11 0
4 8 14 12 0
4 8 14 13 0
4 8 14 14 0
4 8 14 15 0
4 8 15 0 0
4 8 15 1 0
4 8 15 2 0
4 8 15 3 0
4 8 15 4 0
4 8 15 5 0
4 8 15 6 0
4 8 15 7 0
4 8 15 8 0
4 8 15 9 0
4 8 15 10 0
4 8 15 11 0
4 8 15 12 0
4 8 15 13 0
4 8 15 14 0
4 8 15 15 0
4 9 0 0 0
4 9 0 1 0
4 9 0 2 0
4 9 0 3 0
4 9 0 4 0
4 9 0 5 0
4 9 0 6 0
4 9 0 7 0
4 9 0 8 0
4 9 0 9 0
4 9 0 10 0
4 9 0 11 0
4 9 0 12 0
4 9 0 13 0
4 9 0 14 0
4 9 0 15 0
4 9 1 0 0
4 9 1 1 0
4 9 1 2 0
4 9 1 3 0
4 9 1 4 0
4 9 1 5 0
4 9 1 6 0
4 9 1 7 0
4 9 1 8 0
4 9 1 9 0
4 9 1 10 0
4 9 1 11 0
4 9 1 12 0
4 9 1 13 0
4 9 1 14 0
4 9 1 15 0
4 9 2 0 0
4 9 2 1 0
4 9 2 2 0
4 9 2 3 0
4 9 2 4 0
4 9 2 5 0
4 9 2 6 0
4 9 2 7 0
4 9 2 8 0
4 9 2 9 0
4 9 2 10 0
4 9 2 11 0
4 9 2 12 0
4 9 2 13 0
4 9 2 14 0
4 9 2 15 0
4 9 3 0 0
4 9 3 1 0
4 9 3 2 0
4 9 3 3 0
4 9 3 4 0
4 9 3 5 0
4 9 3 6 0
4 9 3 7 0
4 9 3 8 0
4 9 3 9 0
4 9 3 10 0
4 9 3 11 0
4 9 3 12 0
4 9 3 13 0
4 9 3 14 0
4 9 3 15 0
4 9 4 0 0
4 9 4 1 0
4 9 4 2 0
4 9 4 3 0
4 9 4 4 1.731532778629074e-18
4 9 4 5 0
4 9 4 6 0
4 9 4 7 0
4 9 4 8 0
4 9 4 9 5.935083794974498e-05
4 9 4 10 0
4 9 4 11 0
4 9 4 12 0
4 9 4 13 0
4 9 4 14 0
4 9 4 15 0
4 9 5 0 0
4 9 5 1 0
4 9 5 2 0
4 9 5 3 0
4 9 5 4 0
4 9 5 5 -3.40296484449035e-19
4 9 5 6 0
4 9 5 7 0
4 9 5 8 0
4 9 5 9 0
4 9 5 10 0
4 9 5 11 0
4 9 5 12 -1.910516897702935e-05
4 9 5 13 0
4 9 5 14 0
4 9 5 15 0
4 9 6 0 0
4 9 6 1 0
4 9 6 2 0
4 9 6 3 0
4 9 6 4 0
4 9 6 5 0
4 9 6 6 0
4 9 6 7 0
4 9 6 8 0
4 9 6 9 0
4 9 6 10 0
4 9 6 11 0
4 9 6 12 0
4 9 6 13 0
4 9 6 14 0
4 9 6 15 0
4 9 7 0 0
4 9 7 1 0
4 9 7 2 0
4 9 7 3 0
4 9 7 4 0
4 9 7 5 0
4 9 7 6 0
4 9 7 7 0
4 9 7 8 0
4 9 7 9 0
4 9 7 10 0
4 9 7 11 0
4 9 7 12 0
4 9 7 13 0
4 9 7 14 0
4 9 7 15 0
4 9 8 0 0
4 9 8 1 0
4 9 8 2 0
4 9 8 3 0
4 9 8 4 0
4 9 8 5 0
4 9 8 6 0
4 9 8 7 0
4 9 8 8 0
4 9 8 9 0
4 9 8 10 0
4 9 8 11 0
4 9 8 12 0
4 9 8 13 0
4 9 8 14 0
4 9 8 15 0
4 9 9 0 0
4 9 9 1 0
4 9 9 2 0
4 9 9 3 0
4 9 9 4 -5.935083794974398e-05
4 9 9 5 0
4 9 9 6 0
4 9 9 7 0
4 9 9 8 0
4 9 9 9 0
4 9 9 10 0
4 9 9 11 0
4 9 9 12 0
4 9 9 13 0
4 9 9 14 0
4 9 9 15 0
4 9 10 0 0
4 9 10 1 0
4 9 10 2 0
4 9 10 3 0
4 9 10 4 0
4 9 10 5 0
4 9 10 6 0
4 9 10 7 0
4 9 10 8 0
4 9 10 9 0
4 9 10 10 0
4 9 10 11 0
4 9 10 12 0
4 9 10 13 0
4 9 10 14 0
4 9 10 15 0
4 9 11 0 0
4 9 11 1 0
4 9 11 2 0
4 9 11 3 0
4 9 11 4 0
4 9 11 5 0
4 9 11 6 0
4 9 11 7 0
4 9 11 8 0
4 9 11 9 0
4 9 11 10 0
4 9 11 11 0
4 9 11 12 0
4 9 11 13 0
4 9 11 14 0
4 9 11 15 0
4 9 12 0 0
4 9 12 1 0
4 9 12 2 0
4 9 12 3 0
4 9 12 4 0
4 9 12 5 1.910516897702886e-05
4 9 12 6 0
4 9 12 7 0
4 9 12 8 0
4 9 12 9 0
4 9 12 10 0
4 9 12 11 0
4 9 12 12 0
4 9 12 13 0
4 9 12 14 0
4 9 12 15 0
4 9 13 0 0
4 9 13 1 0
4 9 13 2 0
4 9 13 3 0
4 9 13 4 0
4 9 13 5 0
4 9 13 6 0
4 9 13 7 0
4 9 13 8 0
4 9 13 9 0
4 9 13 10 0
4 9 13 11 0
4 9 13 12 0
4 9 13 13 0
4 9 13 14 0
4 9 13 15 0
4 9 14 0 0
4 9 14 1 0
4 9 14 2 0
4 9 14 3 0
4 9 14 4 0
4 9 14 5 0
4 9 14 6 0
4 9 14 7 0
4 9 14 8 0
4 9 14 9 0
4 9 14 10 0
4 9 14 11 0
4 9 14 12 0
4 9 14 13 0
4 9 14 14 0
4 9 14 15 0
4 9 15 0 0
4 9 15 1 0
4 9 15 2 0
4 9 15 3 0
4 9 15 4 0
4 9 15 5 0
4 9 15 6 0
4 9 15 7 0
4 9 15 8 0
4 9 15 9 0
4 9 15 10 0
4 9 15 11 0
4 9 15 12 0
4 9 15 13 0
4 9 15 14 0
4 9 15 15 0
4 10 0 0 0
4 10 0 1 0
4 10 0 2 0
4 10 0 3 0
4 10 0 4 0
4 10 0 5 0
4 10 0 6 0
4 10 0 7 0
4 10 0 8 0
4 10 0 9 0
4 10 0 10 0
4 10 0 11 0
4 10 0 12 0
4 10 0 13 0
4 10 0 14 0
4 10 0 15 0
4 10 1 0 0
4 10 1 1 0
4 10 1 2 0
4 10 1 3 0
4 10 1 4 0
4 10 1 5 0
4 10 1 6 0
4 10 1 7 0
4 10 1 8 0
4 10 1 9 0
4 10 1 10 0
4 10 1 11 0
4 10 1 12 0
4 10 1 13 0
4 10 1 14 0
4 10 1 15 0
4 10 2 0 0
4 10 2 1 0
4 10 2 2 0
4 10 2 3 0
4 10 2 4 0
4 10 2 5 0
4 10 2 6 0
4 10 2 7 0
4 10 2 8 0
4 10 2 9 0
4 10 2 10 0
4 10 2 11 0
4 10 2 12 0
4 10 2 13 0
4 10 2 14 0
4 10 2 15 0
4 10 3 0 0
4 10 3 1 0
4 10 3 2 0
4 10 3 3 0
4 10 3 4 0
4 10 3 5 0
4 10 3 6 0
4 10 3 7 0
4 10 3 8 0
4 10 3 9 0
4 10 3 10 0
4 10 3 11 0
4 10 3 12 0
4 10 3 13 0
4 10 3 14 0
4 10 3 15 0
4 10 4 0 0
4 10 4 1 0
4 10 4 2 0
4 10 4 3 0
4 10 4 4 0
4 10 4 5 0
4 10 4 6 0
4 10 4 7 0
4 10 4 8 0
4 10 4 9 0
4 10 4 10 0
4 10 4 11 0
4 10 4 12 0
4 10 4 13 0
4 10 4 14 0
4 10 4 15 0
4 10 5 0 0
4 10 5 1 0
4 10 5 2 0
4 10 5 3 0
4 10 5 4 0
4 10 5 5 0
4 10 5 6 0
4 10 5 7 0
4 10 5 8 0
4 10 5 9 0
4 10 5 10 0
4 10 5 11 0
4 10 5 12 0
4 10 5 13 0
4 10 5 14 0
4 10 5 15 0
4 10 6 0 0
4 10 6 1 0
4 10 6 2 0
4 10 6 3 0
4 10 6 4 0
4 10 6 5 0
4 10 6 6 0
4 10 6 7 0
4 10 6 8 0
4 10 6 9 0
4 10 6 10 0
4 10 6 11 0
4 10 6 12 0
4 10 6 13 0
4 10 6 14 0
4 10 6 15 0
4 10 7 0 0
4 10 7 1 0
4 10 7 2 0
4 10 7 3 0
4 10 7 4 0
4 10 7 5 0
4 10 7 6 0
4 10 7 7 0
4 10 7 8 0
4 10 7 9 0
4 10 7 10 0
4 10 7 11 0
4 10 7 12 0
4 10 7 13 0
4 10 7 14 0
4 10 7 15 0
4 10 8 0 0
4 10 8 1 0
4 10 8 2 0
4 10 8 3 0
4 10 8 4 0
4 10 8 5 0
4 10 8 6 0
4 10 8 7 0
4 10 8 8 0
4 10 8 9 0
4 10 8 10 0
4 10 8 11 0
4 10 8 12 0
4 10 8 13 0
4 10 8 14 0
4 10 8 15 0
4 10 9 0 0
4 10 9 1 0
4 10 9 2 0
4 10 9 3 0
4 10 9 4 0
4 10 9 5 0
4 10 9 6 0
4 10 9 7 0
4 10 9 8 0
4 10 9 9 0
4 10 9 10 0
4 10 9 11 0
4 10 9 12 0
4 10 9 13 0
4 10 9 14 0
4 10 9 15 0
4 10 10 0 0
4 10 10 1 0
4 10 10 2 0
4 10 10 3 0
4 10 10 4 0
4 10 10 5 0
4 10 10 6 0
4 10 10 7 0
4 10 10 8 0
4 10 10 9 0
4 10 10 10 0
4 10 10 11 0
4 10 10 12 0
4 10 10 13 0
4 10 10 14 0
4 10 10 15 0
4 10 11 0 0
4 10 11 1 0
4 10 11 2 0
4 10 11 3 0
4 10 11 4 0
4 10 11 5 0
4 10 11 6 0
4 10 11 7 0
4 10 11 8 0
4 10 11 9 0
4 10 11 10 0
4 10 11 11 0
4 10 11 12 0
4 10 11 13 0
4 10 11 14 0
4 10 11 15 0
4 10 12 0 0
4 10 12 1 0
4 10 12 2 0
4 10 12 3 0
4 10 12 4 0
4 10 12 5 0
4 10 12 6 0
4 10 12 7 0
4 10 12 8 0
4 10 12 9 0
4 10 12 10 0
4 10 12 11 0
4 10 12 12 0
4 10 12 13 0
4 10 12 14 0
4 10 12 15 0
4 10 13 0 0
4 10 13 1 0
4 10 13 2 0
4 10 13 3 0
4 10 13 4 0
4 10 13 5 0
4 10 13 6 0
4 10 13 7 0
4 10 13 8 0
4 10 13 9 0
4 10 13 10 0
4 10 13 11 0
4 10 13 12 0
4 10 13 13 0
4 10 13 14 0
4 10 13 15 0
4 10 14 0 0
4 10 14 1 0
4 10 14 2 0
4 10 14 3 0
4 10 14 4 0
4 10 14 5 0
4 10 14 6 0
4 10 14 7 0
4 10 14 8 0
4 10 14 9 0
4 10 14 10 0
4 10 14 11 0
4 10 14 12 0
4 10 14 13 0
4 10 14 14 0
4 10 14 15 0
4 10 15 0 0
4 10 15 1 0
4 10 15 2 0
4 10 15 3 0
4 10 15 4 0
4 10 15 5 0
4 10 15 6 0
4 10 15 7 0
4 10 15 8 0
4 10 15 9 0
4 10 15 10 0
4 10 15 11 0
4 10 15 12 0
4 10 15 13 0
4 10 15 14 0
4 10 15 15 0
4 11 0 0 0
4 11 0 1 0
4 11 0 2 0
4 11 0 3 0
4 11 0 4 0.0007976934853457175
4 11 0 5 0
4 11 0 6 0
4 11 0 7 0
4 11 0 8 0
4 11 0 9 -3.444422734696397e-05
4 11 0 10 0
4 11 0 11 0
4 11 0 12 0
4 11 0 13 0
4 11 0 14 0
4 11 0 15 0
4 11 1 0 0
4 11 1 1 0
4 11 1 2 0
4 11 1 3 0
4 11 1 4 0
4 11 1 5 0
4 11 1 6 0
4 11 1 7 0
4 11 1 8 0
4 11 1 9 0
4 11 1 10 0
4 11 1 11 0
4 11 1 12 0
4 11 1 13 0
4 11 1 14 0
4 11 1 15 0
4 11 2 0 0
4 11 2 1 0
4 11 2 2 0
4 11 2 3 0
4 11 2 4 0.01171223999974392
4 11 2 5 0
4 11 2 6 0
4 11 2 7 0
4 11 2 8 0
4 11 2 9 0.0007518715566724385
4 11 2 10 0
4 11 2 11 0
4 11 2 12 0
4 11 2 13 0
4 11 2 14 0
4 11 2 15 0
4 11 3 0 0
4 11 3 1 0
4 11 3 2 0
4 11 3 3 0
4 11 3 4 0
4 11 3 5 0
4 11 3 6 0
4 11 3 7 0
4 11 3 8 0
4 11 3 9 0
4 11 3 10 0
4 11 3 11 0
4 11 3 12 0
4 11 3 13 0
4 11 3 14 0
4 11 3 15 0
4 11 4 0 -0.01182810517969271
4 11 4 1 0
4 11 4 2 -0.02507076762911945
4 11 4 3 0
4 11 4 4 0
4 11 4 5 0
4 11 4 6 0
4 11 4 7 0
4 11 4 8 0
4 11 4 9 0
4 11 4 10 0
4 11 4 11 0.0007562016211748073
4 11 4 12 0
4 11 4 13 0
4 11 4 14 -0.0006094918916134419
4 11 4 15 0
4 11 5 0 0
4 11 5 1 0
4 11 5 2 0
4 11 5 3 0
4 11 5 4 0
4 11 5 5 0
4 11 5 6 0
4 11 5 7 0
4 11 5 8 0
4 11 5 9 0
4 11 5 10 0
4 11 5 11 0
4 11 5 12 0
4 11 5 13 0
4 11 5 14 0
4 11 5 15 0
4 11 6 0 0
4 11 6 1 0
4 11 6 2 0
4 11 6 3 0
4 11 6 4 0
4 11 6 5 0
4 11 6 6 0
4 11 6 7 0
4 11 6 8 0
4 11 6 9 0
4 11 6 10 0
4 11 6 11 0
4 11 6 12 0
4 11 6 13 0
4 11 6 14 0
4 11 6 15 0
4 11 7 0 0
4 11 7 1 0
4 11 7 2 0
4 11 7 3 0
4 11 7 4 0
4 11 7 5 0
4 11 7 6 0
4 11 7 7 0
4 11 7 8 0
4 11 7 9 0
4 11 7 10 0
4 11 7 11 0
4 11 7 12 0
4 11 7 13 0
4 11 7 14 0
4 11 7 15 0
4 11 8 0 0
4 11 8 1 0
4 11 8 2 0
4 11 8 3 0
4 11 8 4 0
4 11 8 5 0
4 11 8 6 0
4 11 8 7 0
4 11 8 8 0
4 11 8 9 0
4 11 8 10 0
4 11 8 11 0
4 11 8 12 0
4 11 8 13 0
4 11 8 14 0
4 11 8 15 0
4 11 9 0 -0.0006490352050979361
4 11 9 1 0
4 11 9 2 -0.001663389162438944
4 11 9 3 0
4 11 9 4 0
4 11 9 5 0
4 11 9 6 0
4 11 9 7 0
4 11 9 8 0
4 11 9 9 0
4 11 9 10 0
4 11 9 11 0
4 11 9 12 0
4 11 9 13 0
4 11 9 14 0
4 11 9 15 0
4 11 10 0 0
4 11 10 1 0
4 11 10 2 0
4 11 10 3 0
4 11 10 4 0
4 11 10 5 0
4 11 10 6 0
4 11 10 7 0
4 11 10 8 0
4 11 10 9 0
4 11 10 10 0
4 11 10 11 0
4 11 10 12 0
4 11 10 13 0
4 11 10 14 0
4 11 10 15 0
4 11 11 0 0
4 11 11 1 0
4 11 11 2 0
4 11 11 3 0
4 11 11 4 -0.000247162211108904
4 11 11 5 0
4 11 11 6 0
4 11 11 7 0
4 11 11 8 0
4 11 11 9 0
4 11 11 10 0
4 11 11 11 0
4 11 11 12 0
4 11 11 13 0
4 11 11 14 0
4 11 11 15 0
4 11 12 0 0
4 11 12 1 0
4 11 12 2 0
4 11 12 3 0
4 11 12 4 0
4 11 12 5 0
4 11 12 6 0
4 11 12 7 0
4 11 12 8 0
4 11 12 9 0
4 11 12 10 0
4 11 12 11 0
4 11 12 12 0
4 11 12 13 0
4 11 12 14 0
4 11 12 15 0
4 11 13 0 0
4 11 13 1 0
4 11 13 2 0
4 11 13 3 0
4 11 13 4 0
4 11 13 5 0
4 11 13 6 0
4 11 13 7 0
4 11 13 8 0
4 11 13 9 0
4 11 13 10 0
4 11 13 11 0
4 11 13 12 0
4 11 13 13 0
4 11 13 14 0
4 11 13 15 0
4 11 14 0 0
4 11 14 1 0
4 11 14 2 0
4 11 14 3 0
4 11 14 4 0.0003866479277350267
4 11 14 5 0
4 11 14 6 0
4 11 14 7 0
4 11 14 8 0
4 11 14 9 0
4 11 14 10 0
4 11 14 11 0
4 11 14 12 0
4 11 14 13 0
4 11 14 14 0
4 11 14 15 0
4 11 15 0 0
4 11 15 1 0
4 11 15 2 0
4 11 15 3 0
4 11 15 4 0
4 11 15 5 0
4 11 15 6 0
4 11 15 7 0
4 11 15 8 0
4 11 15 9 0
4 11 15 10 0
4 11 15 11 0
4 11 15 12 0
4 11 15 13 0
4 11 15 14 0
4 11 15 15 0
4 12 0 0 0
4 12 0 1 0
4 12 0 2 0
4 12 0 3 0
4 12 0 4 0
4 12 0 5 0
4 12 0 6 0
4 12 0 7 0
4 12 0 8 0
4 12 0 9 0
4 12 0 10 0
4 12 0 11 0
4 12 0 12 0
4 12 0 13 0
4 12 0 14 0
4 12 0 15 0
4 12 1 0 0
4 12 1 1 0
4 12 1 2 0
4 12 1 3 0
4 12 1 4 0
4 12 1 5 0
4 12 1 6 0
4 12 1 7 0
4 12 1 8 0
4 12 1 9 0
4 12 1 10 0
4 12 1 11 0
4 12 1 12 0
4 12 1 13 0
4 12 1 14 0
4 12 1 15 0
4 12 2 0 0
4 12 2 1 0
4 12 2 2 0
4 12 2 3 0
4 12 2 4 0
4 12 2 5 0
4 12 2 6 0
4 12 2 7 0
4 12 2 8 0
4 12 2 9 0
4 12 2 10 0
4 12 2 11 0
4 12 2 12 0
4 12 2 13 0
4 12 2 14 0
4 12 2 15 0
4 12 3 0 0
4 12 3 1 0
4 12 3 2 0
4 12 3 3 0
4 12 3 4 0
4 12 3 5 0
4 12 3 6 0
4 12 3 7 0
4 12 3 8 0
4 12 3 9 0
4 12 3 10 0
4 12 3 11 0
4 12 3 12 0
4 12 3 13 0
4 12 3 14 0
4 12 3 15 0
4 12 4 0 0
4 12 4 1 0
4 12 4 2 0
4 12 4 3 0
4 12 4 4 0
4 12 4 5 0.04561282826039283
4 12 4 6 0
4 12 4 7 0
4 12 4 8 0
4 12 4 9 0
4 12 4 10 0
4 12 4 11 0
4 12 4 12 0.00291331135495855
4 12 4 13 0
4 12 4 14 0
4 12 4 15 0
4 12 5 0 0
4 12 5 1 0
4 12 5 2 0
4 12 5 3 0
4 12 5 4 -0.04555487536442179
4 12 5 5 0
4 12 5 6 0
4 12 5 7 0
4 12 5 8 0
4 12 5 9 -0.003061359664243613
4 12 5 10 0
4 12 5 11 0
4 12 5 12 0
4 12 5 13 0
4 12 5 14 0
4 12 5 15 0
4 12 6 0 0
4 12 6 1 0
4 12 6 2 0
4 12 6 3 0
4 12 6 4 0
4 12 6 5 0
4 12 6 6 0
4 12 6 7 0
4 12 6 8 0
4 12 6 9 0
4 12 6 10 0
4 12 6 11 0
4 12 6 12 0
4 12 6 13 0
4 12 6 14 0
4 12 6 15 0
4 12 7 0 0
4 12 7 1 0
4 12 7 2 0
4 12 7 3 0
4 12 7 4 0
4 12 7 5 0
4 12 7 6 0
4 12 7 7 0
4 12 7 8 0
4 12 7 9 0
4 12 7 10 0
4 12 7 11 0
4 12 7 12 0
4 12 7 13 0
4 12 7 14 0
4 12 7 15 0
4 12 8 0 0
4 12 8 1 0
4 12 8 2 0
4 12 8 3 0
4 12 8 4 0
4 12 8 5 0
4 12 8 6 0
4 12 8 7 0
4 12 8 8 0
4 12 8 9 0
4 12 8 10 0
4 12 8 11 0
4 12 8 12 0
4 12 8 13 0
4 12 8 14 0
4 12 8 15 0
4 12 9 0 0
4 12 9 1 0
4 12 9 2 0
4 12 9 3 0
4 12 9 4 0
4 12 9 5 0.002994346436754589
4 12 9 6 0
4 12 9 7 0
4 12 9 8 0
4 12 9 9 0
4 12 9 10 0
4 12 9 11 0
4 12 9 12 0
4 12 9 13 0
4 12 9 14 0
4 12 9 15 0
4 12 10 0 0
4 12 10 1 0
4 12 10 2 0
4 12 10 3 0
4 12 10 4 0
4 12 10 5 0
4 12 10 6 0
4 12 10 7 0
4 12 10 8 0
4 12 10 9 0
4 12 10 10 0
4 12 10 11 0
4 12 10 12 0
4 12 10 13 0
4 12 10 14 0
4 12 10 15 0
4 12 11 0 0
4 12 11 1 0
4 12 11 2 0
4 12 11 3 0
4 12 11 4 0
4 12 11 5 0
4 12 11 6 0
4 12 11 7 0
4 12 11 8 0
4 12 11 9 0
4 12 11 10 0
4 12 11 11 0
4 12 11 12 0
4 12 11 13 0
4 12 11 14 0
4 12 11 15 0
4 12 12 0 0
4 12 12 1 0
4 12 12 2 0
4 12 12 3 0
4 12 12 4 -0.00285882218664502
4 12 12 5 0
4 12 12 6 0
4 12 12 7 0
4 12 12 8 0
4 12 12 9 0
4 12 12 10 0
4 12 12 11 0
4 12 12 12 0
4 12 12 13 0
4 12 12 14 0
4 12 12 15 0
4 12 13 0 0
4 12 13 1 0
4 12 13 2 0
4 12 13 3 0
4 12 13 4 0
4 12 13 5 0
4 12 13 6 0
4 12 13 7 0
4 12 13 8 0
4 12 13 9 0
4 12 13 10 0
4 12 13 11 0
4 12 13 12 0
4 12 13 13 0
4 12 13 14 0
4 12 13 15 0
4 12 14 0 0
4 12 14 1 0
4 12 14 2 0
4 12 14 3 0
4 12 14 4 0
4 12 14 5 0
4 12 14 6 0
4 12 14 7 0
4 12 14 8 0
4 12 14 9 0
4 12 14 10 0
4 12 14 11 0
4 12 14 12 0
4 12 14 13 0
4 12 14 14 0
4 12 14 15 0
4 12 15 0 0
4 12 15 1 0
4 12 15 2 0
4 12 15 3 0
4 12 15 4 0
4 12 15 5 0
4 12 15 6 0
4 12 15 7 0
4 12 15 8 0
4 12 15 9 0
4 12 15 10 0
4 12 15 11 0
4 12 15 12 0
4 12 15 13 0
4 12 15 14 0
4 12 15 15 0
4 13 0 0 0
4 13 0 1 0
4 13 0 2 0
4 13 0 3 0
4 13 0 4 0
4 13 0 5 0
4 13 0 6 0
4 13 0 7 0
4 13 0 8 0
4 13 0 9 0
4 13 0 10 0
4 13 0 11 0
4 13 0 12 0
4 13 0 13 0
4 13 0 14 0
4 13 0 15 0
4 13 1 0 0
4 13 1 1 0
4 13 1 2 0
4 13 1 3 0
4 13 1 4 0
4 13 1 5 0
4 13 1 6 0
4 13 1 7 0
4 13 1 8 0
4 13 1 9 0
4 13 1 10 0
4 13 1 11 0
4 13 1 12 0
4 13 1 13 0
4 13 1 14 0
4 13 1 15 0
4 13 2 0 0
4 13 2 1 0
4 13 2 2 0
4 13 2 3 0
4 13 2 4 0
4 13 2 5 0
4 13 2 6 0
4 13 2 7 0
4 13 2 8 0
4 13 2 9 0
4 13 2 10 0
4 13 2 11 0
4 13 2 12 0
4 13 2 13 0
4 13 2 14 0
4 13 2 15 0
4 13 3 0 0
4 13 3 1 0
4 13 3 2 0
4 13 3 3 0
4 13 3 4 0
4 13 3 5 -0.002177113804776935
4 13 3 6 0
4 13 3 7 0
4 13 3 8 0
4 13 3 9 0
4 13 3 10 0
4 13 3 11 0
4 13 3 12 -0.0003412635503926719
4 13 3 13 0
4 13 3 14 0
4 13 3 15 0
4 13 4 0 0
4 13 4 1 0
4 13 4 2 0
4 13 4 3 0
4 13 4 4 0
4 13 4 5 0
4 13 4 6 0.04635966278163518
4 13 4 7 0
4 13 4 8 0
4 13 4 9 0
4 13 4 10 0
4 13 4 11 0
4 13 4 12 0
4 13 4 13 0.003020904747171612
4 13 4 14 0
4 13 4 15 0
4 13 5 0 0
4 13 5 1 0
4 13 5 2 0
4 13 5 3 1.99759617002404e-05
4 13 5 4 0
4 13 5 5 0
4 13 5 6 0
4 13 5 7 0
4 13 5 8 -2.132125217259892e-06
4 13 5 9 0
4 13 5 10 0
4 13 5 11 0
4 13 5 12 0
4 13 5 13 0
4 13 5 14 0
4 13 5 15 0
4 13 6 0 0
4 13 6 1 0
4 13 6 2 0
4 13 6 3 0
4 13 6 4 -0.002514141864046212
4 13 6 5 0
4 13 6 6 0
4 13 6 7 0
4 13 6 8 0
4 13 6 9 -0.0004123248004500344
4 13 6 10 0
4 13 6 11 0
4 13 6 12 0
4 13 6 13 0
4 13 6 14 0
4 13 6 15 0
4 13 7 0 0
4 13 7 1 0
4 13 7 2 0
4 13 7 3 0
4 13 7 4 0
4 13 7 5 0
4 13 7 6 0
4 13 7 7 0
4 13 7 8 0
4 13 7 9 0
4 13 7 10 0
4 13 7 11 0
4 13 7 12 0
4 13 7 13 0
4 13 7 14 0
4 13 7 15 0
4 13 8 0 0
4 13 8 1 0
4 13 8 2 0
4 13 8 3 0
4 13 8 4 0
4 13 8 5 -0.0003409868017352875
4 13 8 6 0
4 13 8 7 0
4 13 8 8 0
4 13 8 9 0
4 13 8 10 0
4 13 8 11 0
4 13 8 12 0
4 13 8 13 0
4 13 8 14 0
4 13 8 15 0
4 13 9 0 0
4 13 9 1 0
4 13 9 2 0
4 13 9 3 0
4 13 9 4 0
4 13 9 5 0
4 13 9 6 0.003075037524946592
4 13 9 7 0
4 13 9 8 0
4 13 9 9 0
4 13 9 10 0
4 13 9 11 0
4 13 9 12 0
4 13 9 13 0
4 13 9 14 0
4 13 9 15 0
4 13 10 0 0
4 13 10 1 0
4 13 10 2 0
4 13 10 3 0
4 13 10 4 0
4 13 10 5 0
4 13 10 6 0
4 13 10 7 0
4 13 10 8 0
4 13 10 9 0
4 13 10 10 0
4 13 10 11 0
4 13 10 12 0
4 13 10 13 0
4 13 10 14 0
4 13 10 15 0
4 13 11 0 0
4 13 11 1 0
4 13 11 2 0
4 13 11 3 0
4 13 11 4 0
4 13 11 5 0
4 13 11 6 0
4 13 11 7 0
4 13 11 8 0
4 13 11 9 0
4 13 11 10 0
4 13 11 11 0
4 13 11 12 0
4 13 11 13 0
4 13 11 14 0
4 13 11 15 0
4 13 12 0 0
4 13 12 1 0
4 13 12 2 0
4 13 12 3 4.24769901684385e-05
4 13 12 4 0
4 13 12 5 0
4 13 12 6 0
4 13 12 7 0
4 13 12 8 0
4 13 12 9 0
4 13 12 10 0
4 13 12 11 0
4 13 12 12 0
4 13 12 13 0
4 13 12 14 0
4 13 12 15 0
4 13 13 0 0
4 13 13 1 0
4 13 13 2 0
4 13 13 3 0
4 13 13 4 -0.0003493958994741514
4 13 13 5 0
4 13 13 6 0
4 13 13 7 0
4 13 13 8 0
4 13 13 9 0
4 13 13 10 0
4 13 13 11 0
4 13 13 12 0
4 13 13 13 0
4 13 13 14 0
4 13 13 15 0
4 13 14 0 0
4 13 14 1 0
4 13 14 2 0
4 13 14 3 0
4 13 14 4 0
4 13 14 5 0
4 13 14 6 0
4 13 14 7 0
4 13 14 8 0
4 13 14 9 0
4 13 14 10 0
4 13 14 11 0
4 13 14 12 0
4 13 14 13 0
4 13 14 14 0
4 13 14 15 0
4 13 15 0 0
4 13 15 1 0
4 13 15 2 0
4 13 15 3 0
4 13 15 4 0
4 13 15 5 0
4 13 15 6 0
4 13 15 7 0
4 13 15 8 0
4 13 15 9 0
4 13 15 10 0
4 13 15 11 0
4 13 15 12 0
4 13 15 13 0
4 13 15 14 0
4 13 15 15 0
4 14 0 0 0
4 14 0 1 0
4 14 0 2 0
4 14 0 3 0
4 14 0 4 0
4 14 0 5 0
4 14 0 6 0
4 14 0 7 0
4 14 0 8 0
4 14 0 9 0
4 14 0 10 0
4 14 0 11 0
4 14 0 12 0
4 14 0 13 0
4 14 0 14 0
4 14 0 15 0
4 14 1 0 0
4 14 1 1 0
4 14 1 2 0
4 14 1 3 0
4 14 1 4 0
4 14 1 5 0
4 14 1 6 0
4 14 1 7 0
4 14 1 8 0
4 14 1 9 0
4 14 1 10 0
4 14 1 11 0
4 14 1 12 0
4 14 1 13 0
4 14 1 14 0
4 14 1 15 0
4 14 2 0 0
4 14 2 1 0
4 14 2 2 0
4 14 2 3 0
4 14 2 4 -0.02354826530544127
4 14 2 5 0
4 14 2 6 0
4 14 2 7 0
4 14 2 8 0
4 14 2 9 -0.001576698906633102
4 14 2 10 0
4 14 2 11 0
4 14 2 12 0
4 14 2 13 0
4 14 2 14 0
4 14 2 15 0
4 14 3 0 0
4 14 3 1 0
4 14 3 2 0
4 14 3 3 0
4 14 3 4 0
4 14 3 5 0
4 14 3 6 0
4 14 3 7 0
4 14 3 8 0
4 14 3 9 0
4 14 3 10 0
4 14 3 11 0
4 14 3 12 0
4 14 3 13 0
4 14 3 14 0
4 14 3 15 0
4 14 4 0 0
4 14 4 1 0
4 14 4 2 0.03605404638513918
4 14 4 3 0
4 14 4 4 0
4 14 4 5 0
4 14 4 6 0
4 14 4 7 0
4 14 4 8 0
4 14 4 9 0
4 14 4 10 0
4 14 4 11 -0.0006094918916134418
4 14 4 12 0
4 14 4 13 0
4 14 4 14 0.0009547830135291271
4 14 4 15 0
4 14 5 0 0
4 14 5 1 0
4 14 5 2 0
4 14 5 3 0
4 14 5 4 0
4 14 5 5 0
4 14 5 6 0
4 14 5 7 -1.027488667398379e-07
4 14 5 8 0
4 14 5 9 0
4 14 5 10 0
4 14 5 11 0
4 14 5 12 0
4 14 5 13 0
4 14 5 14 0
4 14 5 15 0
4 14 6 0 0
4 14 6 1 0
4 14 6 2 0
4 14 6 3 0
4 14 6 4 0
4 14 6 5 0
4 14 6 6 0
4 14 6 7 0
4 14 6 8 0
4 14 6 9 0
4 14 6 10 0
4 14 6 11 0
4 14 6 12 0
4 14 6 13 0
4 14 6 14 0
4 14 6 15 0
4 14 7 0 0
4 14 7 1 0
4 14 7 2 0
4 14 7 3 0
4 14 7 4 0
4 14 7 5 0.0001773558794428723
4 14 7 6 0
4 14 7 7 0
4 14 7 8 0
4 14 7 9 0
4 14 7 10 0
4 14 7 11 0
4 14 7 12 0
4 14 7 13 0
4 14 7 14 0
4 14 7 15 0
4 14 8 0 0
4 14 8 1 0
4 14 8 2 0
4 14 8 3 0
4 14 8 4 0
4 14 8 5 0
4 14 8 6 0
4 14 8 7 0
4 14 8 8 0
4 14 8 9 0
4 14 8 10 0
4 14 8 11 0
4 14 8 12 0
4 14 8 13 0
4 14 8 14 0
4 14 8 15 0
4 14 9 0 0
4 14 9 1 0
4 14 9 2 0.00239102206995706
4 14 9 3 0
4 14 9 4 0
4 14 9 5 0
4 14 9 6 0
4 14 9 7 0
4 14 9 8 0
4 14 9 9 0
4 14 9 10 0
4 14 9 11 0
4 14 9 12 0
4 14 9 13 0
4 14 9 14 0
4 14 9 15 0
4 14 10 0 0
4 14 10 1 0
4 14 10 2 0
4 14 10 3 0
4 14 10 4 0
4 14 10 5 0
4 14 10 6 0
4 14 10 7 0
4 14 10 8 0
4 14 10 9 0
4 14 10 10 0
4 14 10 11 0
4 14 10 12 0
4 14 10 13 0
4 14 10 14 0
4 14 10 15 0
4 14 11 0 0
4 14 11 1 0
4 14 11 2 0
4 14 11 3 0
4 14 11 4 0.0003866479277350267
4 14 11 5 0
4 14 11 6 0
4 14 11 7 0
4 14 11 8 0
4 14 11 9 0
4 14 11 10 0
4 14 11 11 0
4 14 11 12 0
4 14 11 13 0
4 14 11 14 0
4 14 11 15 0
4 14 12 0 0
4 14 12 1 0
4 14 12 2 0
4 14 12 3 0
4 14 12 4 0
4 14 12 5 0
4 14 12 6 0
4 14 12 7 0
4 14 12 8 0
4 14 12 9 0
4 14 12 10 0
4 14 12 11 0
4 14 12 12 0
4 14 12 13 0
4 14 12 14 0
4 14 12 15 0
4 14 13 0 0
4 14 13 1 0
4 14 13 2 0
4 14 13 3 0
4 14 13 4 0
4 14 13 5 0
4 14 13 6 0
4 14 13 7 0
4 14 13 8 0
4 14 13 9 0
4 14 13 10 0
4 14 13 11 0
4 14 13 12 0
4 14 13 13 0
4 14 13 14 0
4 14 13 15 0
4 14 14 0 0
4 14 14 1 0
4 14 14 2 0
4 14 14 3 0
4 14 14 4 -0.0007184317007047298
4 14 14 5 0
4 14 14 6 0
4 14 14 7 0
4 14 14 8 0
4 14 14 9 0
4 14 14 10 0
4 14 14 11 0
4 14 14 12 0
4 14 14 13 0
4 14 14 14 0
4 14 14 15 0
4 14 15 0 0
4 14 15 1 0
4 14 15 2 0
4 14 15 3 0
4 14 15 4 0
4 14 15 5 0
4 14 15 6 0
4 14 15 7 0
4 14 15 8 0
4 14 15 9 0
4 14 15 10 0
4 14 15 11 0
4 14 15 12 0
4 14 15 13 0
4 14 15 14 0
4 14 15 15 0
4 15 0 0 0
4 15 0 1 0
4 15 0 2 0
4 15 0 3 0
4 15 0 4 0
4 15 0 5 0
4 15 0 6 0
4 15 0 7 0
4 15 0 8 0
4 15 0 9 0
4 15 0 10 0
4 15 0 11 0
4 15 0 12 0
4 15 0 13 0
4 15 0 14 0
4 15 0 15 0
4 15 1 0 0
4 15 1 1 0
4 15 1 2 0
4 15 1 3 0
4 15 1 4 -0.004722959686045629
4 15 1 5 0
4 15 1 6 0
4 15 1 7 0
4 15 1 8 0
4 15 1 9 -0.0003040329125241911
4 15 1 10 0
4 15 1 11 0
4 15 1 12 0
4 15 1 13 0
4 15 1 14 0
4 15 1 15 0
4 15 2 0 0
4 15 2 1 0
4 15 2 2 0
4 15 2 3 0
4 15 2 4 0
4 15 2 5 0
4 15 2 6 0
4 15 2 7 0
4 15 2 8 0
4 15 2 9 0
4 15 2 10 0
4 15 2 11 0
4 15 2 12 0
4 15 2 13 0
4 15 2 14 0
4 15 2 15 0
4 15 3 0 0
4 15 3 1 0
4 15 3 2 0
4 15 3 3 0
4 15 3 4 0
4 15 3 5 0
4 15 3 6 0
4 15 3 7 0
4 15 3 8 0
4 15 3 9 0
4 15 3 10 0
4 15 3 11 0
4 15 3 12 0
4 15 3 13 0
4 15 3 14 0
4 15 3 15 0
4 15 4 0 0
4 15 4 1 0.01144121415185251
4 15 4 2 0
4 15 4 3 0
4 15 4 4 0
4 15 4 5 0
4 15 4 6 0
4 15 4 7 0
4 15 4 8 0
4 15 4 9 0
4 15 4 10 0
4 15 4 11 0
4 15 4 12 0
4 15 4 13 0
4 15 4 14 0
4 15 4 15 9.503759470865472e-05
4 15 5 0 0
4 15 5 1 0
4 15 5 2 0
4 15 5 3 0
4 15 5 4 0
4 15 5 5 0
4 15 5 6 0
4 15 5 7 0
4 15 5 8 0
4 15 5 9 0
4 15 5 10 0
4 15 5 11 0
4 15 5 12 0
4 15 5 13 0
4 15 5 14 0
4 15 5 15 0
4 15 6 0 0
4 15 6 1 0
4 15 6 2 0
4 15 6 3 0
4 15 6 4 0
4 15 6 5 0
4 15 6 6 0
4 15 6 7 0
4 15 6 8 0
4 15 6 9 0
4 15 6 10 0
4 15 6 11 0
4 15 6 12 0
4 15 6 13 0
4 15 6 14 0
4 15 6 15 0
4 15 7 0 0
4 15 7 1 0
4 15 7 2 0
4 15 7 3 0
4 15 7 4 0
4 15 7 5 0
4 15 7 6 0
4 15 7 7 0
4 15 7 8 0
4 15 7 9 0
4 15 7 10 0
4 15 7 11 0
4 15 7 12 0
4 15 7 13 0
4 15 7 14 0
4 15 7 15 0
4 15 8 0 0
4 15 8 1 0
4 15 8 2 0
4 15 8 3 0
4 15 8 4 0
4 15 8 5 0
4 15 8 6 0
4 15 8 7 0
4 15 8 8 0
4 15 8 9 0
4 15 8 10 0
4 15 8 11 0
4 15 8 12 0
4 15 8 13 0
4 15 8 14 0
4 15 8 15 0
4 15 9 0 0
4 15 9 1 0.0007595926357421025
4 15 9 2 0
4 15 9 3 0
4 15 9 4 0
4 15 9 5 0
4 15 9 6 0
4 15 9 7 0
4 15 9 8 0
4 15 9 9 0
4 15 9 10 0
4 15 9 11 0
4 15 9 12 0
4 15 9 13 0
4 15 9 14 0
4 15 9 15 0
4 15 10 0 0
4 15 10 1 0
4 15 10 2 0
4 15 10 3 0
4 15 10 4 0
4 15 10 5 0
4 15 10 6 0
4 15 10 7 0
4 15 10 8 0
4 15 10 9 0
4 15 10 10 0
4 15 10 11 0
4 15 10 12 0
4 15 10 13 0
4 15 10 14 0
4 15 10 15 0
4 15 11 0 0
4 15 11 1 0
4 15 11 2 0
4 15 11 3 0
4 15 11 4 0
4 15 11 5 0
4 15 11 6 0
4 15 11 7 0
4 15 11 8 0
4 15 11 9 0
4 15 11 10 0
4 15 11 11 0
4 15 11 12 0
4 15 11 13 0
4 15 11 14 0
4 15 11 15 0
4 15 12 0 0
4 15 12 1 0
4 15 12 2 0
4 15 12 3 0
4 15 12 4 0
4 15 12 5 0
4 15 12 6 0
4 15 12 7 0
4 15 12 8 0
4 15 12 9 0
4 15 12 10 0
4 15 12 11 0
4 15 12 12 0
4 15 12 13 0
4 15 12 14 0
4 15 12 15 0
4 15 13 0 0
4 15 13 1 0
4 15 13 2 0
4 15 13 3 0
4 15 13 4 0
4 15 13 5 0
4 15 13 6 0
4 15 13 7 0
4 15 13 8 0
4 15 13 9 0
4 15 13 10 0
4 15 13 11 0
4 15 13 12 0
4 15 13 13 0
4 15 13 14 0
4 15 13 15 0
4 15 14 0 0
4 15 14 1 0
4 15 14 2 0
4 15 14 3 0
4 15 14 4 0
4 15 14 5 0
4 15 14 6 0
4 15 14 7 0
4 15 14 8 0
4 15 14 9 0
4 15 14 10 0
4 15 14 11 0
4 15 14 12 0
4 15 14 13 0
4 15 14 14 0
4 15 14 15 0
4 15 15 0 0
4 15 15 1 0
4 15 15 2 0
4 15 15 3 0
4 15 15 4 -3.013210384783485e-05
4 15 15 5 0
4 15 15 6 0
4 15 15 7 0
4 15 15 8 0
4 15 15 9 0
4 15 15 10 0
4 15 15 11 0
4 15 15 12 0
4 15 15 13 0
4 15 15 14 0
4 15 15 15 0
5 0 0 0 0
5 0 0 1 0
5 0 0 2 0
5 0 0 3 0
5 0 0 4 0
5 0 0 5 -0.9943054454679796
5 0 0 6 0
5 0 0 7 0
5 0 0 8 0
5 0 0 9 0
5 0 0 10 0
5 0 0 11 0
5 0 0 12 -0.04561282826039283
5 0 0 13 0
5 0 0 14 0
5 0 0 15 0
5 0 1 0 0
5 0 1 1 0
5 0 1 2 0
5 0 1 3 0
5 0 1 4 0
5 0 1 5 0
5 0 1 6 0
5 0 1 7 0
5 0 1 8 0
5 0 1 9 0
5 0 1 10 0
5 0 1 11 0
5 0 1 12 0
5 0 1 13 0
5 0 1 14 0
5 0 1 15 0
5 0 2 0 0
5 0 2 1 0
5 0 2 2 0
5 0 2 3 0
5 0 2 4 0
5 0 2 5 3.037491641292474e-06
5 0 2 6 0
5 0 2 7 0
5 0 2 8 0
5 0 2 9 0
5 0 2 10 0
5 0 2 11 0
5 0 2 12 0
5 0 2 13 0
5 0 2 14 0
5 0 2 15 0
5 0 3 0 0
5 0 3 1 0
5 0 3 2 0
5 0 3 3 0
5 0 3 4 0
5 0 3 5 0
5 0 3 6 0
5 0 3 7 0
5 0 3 8 0
5 0 3 9 0
5 0 3 10 0
5 0 3 11 0
5 0 3 12 0
5 0 3 13 0
5 0 3 14 0
5 0 3 15 0
5 0 4 0 0
5 0 4 1 0
5 0 4 2 0
5 0 4 3 0
5 0 4 4 0
5 0 4 5 0
5 0 4 6 0
5 0 4 7 0
5 0 4 8 0
5 0 4 9 0
5 0 4 10 0
5 0 4 11 0
5 0 4 12 0
5 0 4 13 0
5 0 4 14 0
5 0 4 15 0
5 0 5 0 1.988540290506537
5 0 5 1 0
5 0 5 2 -0.0002351219134159289
5 0 5 3 0
5 0 5 4 0
5 0 5 5 0
5 0 5 6 0
5 0 5 7 0
5 0 5 8 0
5 0 5 9 0
5 0 5 10 0
5 0 5 11 -0.01182810517969271
5 0 5 12 0
5 0 5 13 0
5 0 5 14 0
5 0 5 15 0
5 0 6 0 0
5 0 6 1 0
5 0 6 2 0
5 0 6 3 0
5 0 6 4 0
5 0 6 5 0
5 0 6 6 0
5 0 6 7 0
5 0 6 8 0
5 0 6 9 0
5 0 6 10 0
5 0 6 11 0
5 0 6 12 0
5 0 6 13 0
5 0 6 14 0
5 0 6 15 0
5 0 7 0 0
5 0 7 1 0
5 0 7 2 0
5 0 7 3 0
5 0 7 4 0
5 0 7 5 0
5 0 7 6 0
5 0 7 7 0
5 0 7 8 0
5 0 7 9 0
5 0 7 10 0
5 0 7 11 0
5 0 7 12 0
5 0 7 13 0
5 0 7 14 0
5 0 7 15 0
5 0 8 0 0
5 0 8 1 0
5 0 8 2 0
5 0 8 3 0
5 0 8 4 0
5 0 8 5 0
5 0 8 6 0
5 0 8 7 0
5 0 8 8 0
5 0 8 9 0
5 0 8 10 0
5 0 8 11 0
5 0 8 12 0
5 0 8 13 0
5 0 8 14 0
5 0 8 15 0
5 0 9 0 0
5 0 9 1 0
5 0 9 2 0
5 0 9 3 0
5 0 9 4 0
5 0 9 5 0
5 0 9 6 0
5 0 9 7 0
5 0 9 8 0
5 0 9 9 0
5 0 9 10 0
5 0 9 11 0
5 0 9 12 0
5 0 9 13 0
5 0 9 14 0
5 0 9 15 0
5 0 10 0 0
5 0 10 1 0
5 0 10 2 0
5 0 10 3 0
5 0 10 4 0
5 0 10 5 0
5 0 10 6 0
5 0 10 7 0
5 0 10 8 0
5 0 10 9 0
5 0 10 10 0
5 0 10 11 0
5 0 10 12 0
5 0 10 13 0
5 0 10 14 0
5 0 10 15 0
5 0 11 0 0
5 0 11 1 0
5 0 11 2 0
5 0 11 3 0
5 0 11 4 0
5 0 11 5 -0.002403047891749956
5 0 11 6 0
5 0 11 7 0
5 0 11 8 0
5 0 11 9 0
5 0 11 10 0
5 0 11 11 0
5 0 11 12 0
5 0 11 13 0
5 0 11 14 0
5 0 11 15 0
5 0 12 0 0.09122565652078567
5 0 12 1 0
5 0 12 2 0
5 0 12 3 0
5 0 12 4 0
5 0 12 5 0
5 0 12 6 0
5 0 12 7 0
5 0 12 8 0
5 0 12 9 0
5 0 12 10 0
5 0 12 11 0
5 0 12 12 0
5 0 12 13 0
5 0 12 14 0
5 0 12 15 0
5 0 13 0 0
5 0 13 1 0
5 0 13 2 0
5 0 13 3 0
5 0 13 4 0
5 0 13 5 0
5 0 13 6 0
5 0 13 7 0
5 0 13 8 0
5 0 13 9 0
5 0 13 10 0
5 0 13 11 0
5 0 13 12 0
5 0 13 13 0
5 0 13 14 0
5 0 13 15 0
5 0 14 0 0
5 0 14 1 0
5 0 14 2 0
5 0 14 3 0
5 0 14 4 0
5 0 14 5 0
5 0 14 6 0
5 0 14 7 0
5 0 14 8 0
5 0 14 9 0
5 0 14 10 0
5 0 14 11 0
5 0 14 12 0
5 0 14 13 0
5 0 14 14 0
5 0 14 15 0
5 0 15 0 0
5 0 15 1 0
5 0 15 2 0
5 0 15 3 0
5 0 15 4 0
5 0 15 5 0
5 0 15 6 0
5 0 15 7 0
5 0 15 8 0
5 0 15 9 0
5 0 15 10 0
5 0 15 11 0
5 0 15 12 0
5 0 15 13 0
5 0 15 14 0
5 0 15 15 0
5 1 0 0 0
5 1 0 1 0
5 1 0 2 0
5 1 0 3 0
5 1 0 4 0
5 1 0 5 0
5 1 0 6 0
5 1 0 7 0
5 1 0 8 0
5 1 0 9 0
5 1 0 10 0
5 1 0 11 0
5 1 0 12 0
5 1 0 13 0
5 1 0 14 0
5 1 0 15 0
5 1 1 0 0
5 1 1 1 0
5 1 1 2 0
5 1 1 3 0
5 1 1 4 0
5 1 1 5 -0.9943801572939106
5 1 1 6 0
5 1 1 7 0
5 1 1 8 0
5 1 1 9 0
5 1 1 10 0
5 1 1 11 0
5 1 1 12 -0.04561282826039283
5 1 1 13 0
5 1 1 14 0
5 1 1 15 0
5 1 2 0 0
5 1 2 1 0
5 1 2 2 0
5 1 2 3 0
5 1 2 4 0
5 1 2 5 0
5 1 2 6 0
5 1 2 7 0
5 1 2 8 0
5 1 2 9 0
5 1 2 10 0
5 1 2 11 0
5 1 2 12 0
5 1 2 13 0
5 1 2 14 0
5 1 2 15 0
5 1 3 0 0
5 1 3 1 0
5 1 3 2 0
5 1 3 3 0
5 1 3 4 0
5 1 3 5 0
5 1 3 6 0
5 1 3 7 0
5 1 3 8 0
5 1 3 9 0
5 1 3 10 0
5 1 3 11 0
5 1 3 12 0
5 1 3 13 0
5 1 3 14 0
5 1 3 15 0
5 1 4 0 0
5 1 4 1 0
5 1 4 2 0
5 1 4 3 0
5 1 4 4 0
5 1 4 5 0
5 1 4 6 0
5 1 4 7 0
5 1 4 8 0
5 1 4 9 0
5 1 4 10 0
5 1 4 11 0
5 1 4 12 0
5 1 4 13 0
5 1 4 14 0
5 1 4 15 0
5 1 5 0 0
5 1 5 1 1.988741829279432
5 1 5 2 0
5 1 5 3 0
5 1 5 4 0
5 1 5 5 0
5 1 5 6 0
5 1 5 7 0
5 1 5 8 0
5 1 5 9 0
5 1 5 10 0
5 1 5 11 0
5 1 5 12 0
5 1 5 13 0
5 1 5 14 0
5 1 5 15 0.01144121415185251
5 1 6 0 0
5 1 6 1 0
5 1 6 2 0
5 1 6 3 0
5 1 6 4 0
5 1 6 5 0
5 1 6 6 0
5 1 6 7 0
5 1 6 8 0
5 1 6 9 0
5 1 6 10 0
5 1 6 11 0
5 1 6 12 0
5 1 6 13 0
5 1 6 14 0
5 1 6 15 0
5 1 7 0 0
5 1 7 1 0
5 1 7 2 0
5 1 7 3 0
5 1 7 4 0
5 1 7 5 0
5 1 7 6 0
5 1 7 7 0
5 1 7 8 0
5 1 7 9 0
5 1 7 10 0
5 1 7 11 0
5 1 7 12 0
5 1 7 13 0
5 1 7 14 0
5 1 7 15 0
5 1 8 0 0
5 1 8 1 0
5 1 8 2 0
5 1 8 3 0
5 1 8 4 0
5 1 8 5 0
5 1 8 6 0
5 1 8 7 0
5 1 8 8 0
5 1 8 9 0
5 1 8 10 0
5 1 8 11 0
5 1 8 12 0
5 1 8 13 0
5 1 8 14 0
5 1 8 15 0
5 1 9 0 0
5 1 9 1 0
5 1 9 2 0
5 1 9 3 0
5 1 9 4 0
5 1 9 5 0
5 1 9 6 0
5 1 9 7 0
5 1 9 8 0
5 1 9 9 0
5 1 9 10 0
5 1 9 11 0
5 1 9 12 0
5 1 9 13 0
5 1 9 14 0
5 1 9 15 0
5 1 10 0 0
5 1 10 1 0
5 1 10 2 0
5 1 10 3 0
5 1 10 4 0
5 1 10 5 0
5 1 10 6 0
5 1 10 7 0
5 1 10 8 0
5 1 10 9 0
5 1 10 10 0
5 1 10 11 0
5 1 10 12 0
5 1 10 13 0
5 1 10 14 0
5 1 10 15 0
5 1 11 0 0
5 1 11 1 0
5 1 11 2 0
5 1 11 3 0
5 1 11 4 0
5 1 11 5 0
5 1 11 6 0
5 1 11 7 0
5 1 11 8 0
5 1 11 9 0
5 1 11 10 0
5 1 11 11 0
5 1 11 12 0
5 1 11 13 0
5 1 11 14 0
5 1 11 15 0
5 1 12 0 0
5 1 12 1 0.09122565652078567
5 1 12 2 0
5 1 12 3 0
5 1 12 4 0
5 1 12 5 0
5 1 12 6 0
5 1 12 7 0
5 1 12 8 0
5 1 12 9 0
5 1 12 10 0
5 1 12 11 0
5 1 12 12 0
5 1 12 13 0
5 1 12 14 0
5 1 12 15 0
5 1 13 0 0
5 1 13 1 0
5 1 13 2 0
5 1 13 3 0
5 1 13 4 0
5 1 13 5 0
5 1 13 6 0
5 1 13 7 0
5 1 13 8 0
5 1 13 9 0
5 1 13 10 0
5 1 13 11 0
5 1 13 12 0
5 1 13 13 0
5 1 13 14 0
5 1 13 15 0
5 1 14 0 0
5 1 14 1 0
5 1 14 2 0
5 1 14 3 0
5 1 14 4 0
5 1 14 5 0
5 1 14 6 0
5 1 14 7 0
5 1 14 8 0
5 1 14 9 0
5 1 14 10 0
5 1 14 11 0
5 1 14 12 0
5 1 14 13 0
5 1 14 14 0
5 1 14 15 0
5 1 15 0 0
5 1 15 1 0
5 1 15 2 0
5 1 15 3 0
5 1 15 4 0
5 1 15 5 -0.005099762742762671
5 1 15 6 0
5 1 15 7 0
5 1 15 8 0
5 1 15 9 0
5 1 15 10 0
5 1 15 11 0
5 1 15 12 0
5 1 15 13 0
5 1 15 14 0
5 1 15 15 0
5 2 0 0 0
5 2 0 1 0
5 2 0 2 0
5 2 0 3 0
5 2 0 4 0
5 2 0 5 3.037491641292474e-06
5 2 0 6 0
5 2 0 7 0
5 2 0 8 0
5 2 0 9 0
5 2 0 10 0
5 2 0 11 0
5 2 0 12 0
5 2 0 13 0
5 2 0 14 0
5 2 0 15 0
5 2 1 0 0
5 2 1 1 0
5 2 1 2 0
5 2 1 3 0
5 2 1 4 0
5 2 1 5 0
5 2 1 6 0
5 2 1 7 0
5 2 1 8 0
5 2 1 9 0
5 2 1 10 0
5 2 1 11 0
5 2 1 12 0
5 2 1 13 0
5 2 1 14 0
5 2 1 15 0
5 2 2 0 0
5 2 2 1 0
5 2 2 2 0
5 2 2 3 0
5 2 2 4 0
5 2 2 5 -0.7326986214935318
5 2 2 6 0
5 2 2 7 0
5 2 2 8 0
5 2 2 9 0
5 2 2 10 0
5 2 2 11 0
5 2 2 12 -0.04561282826039283
5 2 2 13 0
5 2 2 14 0
5 2 2 15 0
5 2 3 0 0
5 2 3 1 0
5 2 3 2 0
5 2 3 3 0
5 2 3 4 0
5 2 3 5 0
5 2 3 6 0
5 2 3 7 0
5 2 3 8 0
5 2 3 9 0
5 2 3 10 0
5 2 3 11 0
5 2 3 12 0
5 2 3 13 0
5 2 3 14 0
5 2 3 15 0
5 2 4 0 0
5 2 4 1 0
5 2 4 2 0
5 2 4 3 0
5 2 4 4 0
5 2 4 5 0
5 2 4 6 0
5 2 4 7 5.65708532605509e-05
5 2 4 8 0
5 2 4 9 0
5 2 4 10 0
5 2 4 11 0
5 2 4 12 0
5 2 4 13 0
5 2 4 14 0
5 2 4 15 0
5 2 5 0 -0.0002351219134159289
5 2 5 1 0
5 2 5 2 1.566256662222807
5 2 5 3 0
5 2 5 4 0
5 2 5 5 0
5 2 5 6 0
5 2 5 7 0
5 2 5 8 0
5 2 5 9 0
5 2 5 10 0
5 2 5 11 -0.02507076762911945
5 2 5 12 0
5 2 5 13 0
5 2 5 14 0.03605404638513918
5 2 5 15 0
5 2 6 0 0
5 2 6 1 0
5 2 6 2 0
5 2 6 3 0
5 2 6 4 0
5 2 6 5 0
5 2 6 6 0
5 2 6 7 0
5 2 6 8 0
5 2 6 9 0
5 2 6 10 0
5 2 6 11 0
5 2 6 12 0
5 2 6 13 0
5 2 6 14 0
5 2 6 15 0
5 2 7 0 0
5 2 7 1 0
5 2 7 2 0
5 2 7 3 0
5 2 7 4 0.04300112425468635
5 2 7 5 0
5 2 7 6 0
5 2 7 7 0
5 2 7 8 0
5 2 7 9 0
5 2 7 10 0
5 2 7 11 0
5 2 7 12 0
5 2 7 13 0
5 2 7 14 0
5 2 7 15 0
5 2 8 0 0
5 2 8 1 0
5 2 8 2 0
5 2 8 3 0
5 2 8 4 0
5 2 8 5 0
5 2 8 6 0
5 2 8 7 0
5 2 8 8 0
5 2 8 9 0
5 2 8 10 0
5 2 8 11 0
5 2 8 12 0
5 2 8 13 0
5 2 8 14 0
5 2 8 15 0
5 2 9 0 0
5 2 9 1 0
5 2 9 2 0
5 2 9 3 0
5 2 9 4 0
5 2 9 5 0
5 2 9 6 0
5 2 9 7 0
5 2 9 8 0
5 2 9 9 0
5 2 9 10 0
5 2 9 11 0
5 2 9 12 0
5 2 9 13 0
5 2 9 14 0
5 2 9 15 0
5 2 10 0 0
5 2 10 1 0
5 2 10 2 0
5 2 10 3 0
5 2 10 4 0
5 2 10 5 0
5 2 10 6 0
5 2 10 7 0
5 2 10 8 0
5 2 10 9 0
5 2 10 10 0
5 2 10 11 0
5 2 10 12 0
5 2 10 13 0
5 2 10 14 0
5 2 10 15 0
5 2 11 0 0
5 2 11 1 0
5 2 11 2 0
5 2 11 3 0
5 2 11 4 0
5 2 11 5 0.01094259597811974
5 2 11 6 0
5 2 11 7 0
5 2 11 8 0
5 2 11 9 0
5 2 11 10 0
5 2 11 11 0
5 2 11 12 0
5 2 11 13 0
5 2 11 14 0
5 2 11 15 0
5 2 12 0 0
5 2 12 1 0
5 2 12 2 0.09122565652078567
5 2 12 3 0
5 2 12 4 0
5 2 12 5 0
5 2 12 6 0
5 2 12 7 0
5 2 12 8 0
5 2 12 9 0
5 2 12 10 0
5 2 12 11 0
5 2 12 12 0
5 2 12 13 0
5 2 12 14 0
5 2 12 15 0
5 2 13 0 0
5 2 13 1 0
5 2 13 2 0
5 2 13 3 0
5 2 13 4 0
5 2 13 5 0
5 2 13 6 0
5 2 13 7 0
5 2 13 8 0
5 2 13 9 0
5 2 13 10 0
5 2 13 11 0
5 2 13 12 0
5 2 13 13 0
5 2 13 14 0
5 2 13 15 0
5 2 14 0 0
5 2 14 1 0
5 2 14 2 0
5 2 14 3 0
5 2 14 4 0
5 2 14 5 -0.01983940773022649
5 2 14 6 0
5 2 14 7 0
5 2 14 8 0
5 2 14 9 0
5 2 14 10 0
5 2 14 11 0
5 2 14 12 0
5 2 14 13 0
5 2 14 14 0
5 2 14 15 0
5 2 15 0 0
5 2 15 1 0
5 2 15 2 0
5 2 15 3 0
5 2 15 4 0
5 2 15 5 0
5 2 15 6 0
5 2 15 7 0
5 2 15 8 0
5 2 15 9 0
5 2 15 10 0
5 2 15 11 0
5 2 15 12 0
5 2 15 13 0
5 2 15 14 0
5 2 15 15 0
5 3 0 0 0
5 3 0 1 0
5 3 0 2 0
5 3 0 3 0
5 3 0 4 0
5 3 0 5 0
5 3 0 6 0
5 3 0 7 0
5 3 0 8 0
5 3 0 9 0
5 3 0 10 0
5 3 0 11 0
5 3 0 12 0
5 3 0 13 0
5 3 0 14 0
5 3 0 15 0
5 3 1 0 0
5 3 1 1 0
5 3 1 2 0
5 3 1 3 0
5 3 1 4 0
5 3 1 5 0
5 3 1 6 0
5 3 1 7 0
5 3 1 8 0
5 3 1 9 0
5 3 1 10 0
5 3 1 11 0
5 3 1 12 0
5 3 1 13 0
5 3 1 14 0
5 3 1 15 0
5 3 2 0 0
5 3 2 1 0
5 3 2 2 0
5 3 2 3 0
5 3 2 4 0
5 3 2 5 0
5 3 2 6 0
5 3 2 7 0
5 3 2 8 0
5 3 2 9 0
5 3 2 10 0
5 3 2 11 0
5 3 2 12 0
5 3 2 13 0
5 3 2 14 0
5 3 2 15 0
5 3 3 0 0
5 3 3 1 0
5 3 3 2 0
5 3 3 3 0
5 3 3 4 0
5 3 3 5 -0.06339510362856202
5 3 3 6 0
5 3 3 7 0
5 3 3 8 0
5 3 3 9 0
5 3 3 10 0
5 3 3 11 0
5 3 3 12 -0.002652703454980944
5 3 3 13 0
5 3 3 14 0
5 3 3 15 0
5 3 4 0 0
5 3 4 1 0
5 3 4 2 0
5 3 4 3 0
5 3 4 4 0
5 3 4 5 0
5 3 4 6 6.186311376645508e-07
5 3 4 7 0
5 3 4 8 0
5 3 4 9 0
5 3 4 10 0
5 3 4 11 0
5 3 4 12 0
5 3 4 13 1.99759617002404e-05
5 3 4 14 0
5 3 4 15 0
5 3 5 0 0
5 3 5 1 0
5 3 5 2 0
5 3 5 3 1.012484724540421
5 3 5 4 0
5 3 5 5 0
5 3 5 6 0
5 3 5 7 0
5 3 5 8 0.04876966629806406
5 3 5 9 0
5 3 5 10 0
5 3 5 11 0
5 3 5 12 0
5 3 5 13 0
5 3 5 14 0
5 3 5 15 0
5 3 6 0 0
5 3 6 1 0
5 3 6 2 0
5 3 6 3 0
5 3 6 4 0.01364451787532967
5 3 6 5 0
5 3 6 6 0
5 3 6 7 0
5 3 6 8 0
5 3 6 9 -0.004260341273203238
5 3 6 10 0
5 3 6 11 0
5 3 6 12 0
5 3 6 13 0
5 3 6 14 0
5 3 6 15 0
5 3 7 0 0
5 3 7 1 0
5 3 7 2 0
5 3 7 3 0
5 3 7 4 0
5 3 7 5 0
5 3 7 6 0
5 3 7 7 0
5 3 7 8 0
5 3 7 9 0
5 3 7 10 0
5 3 7 11 0
5 3 7 12 0
5 3 7 13 0
5 3 7 14 0
5 3 7 15 0
5 3 8 0 0
5 3 8 1 0
5 3 8 2 0
5 3 8 3 0
5 3 8 4 0
5 3 8 5 -0.004313052470893791
5 3 8 6 0
5 3 8 7 0
5 3 8 8 0
5 3 8 9 0
5 3 8 10 0
5 3 8 11 0
5 3 8 12 0
5 3 8 13 0
5 3 8 14 0
5 3 8 15 0
5 3 9 0 0
5 3 9 1 0
5 3 9 2 0
5 3 9 3 0
5 3 9 4 0
5 3 9 5 0
5 3 9 6 -3.199772512783247e-05
5 3 9 7 0
5 3 9 8 0
5 3 9 9 0
5 3 9 10 0
5 3 9 11 0
5 3 9 12 0
5 3 9 13 0
5 3 9 14 0
5 3 9 15 0
5 3 10 0 0
5 3 10 1 0
5 3 10 2 0
5 3 10 3 0
5 3 10 4 0
5 3 10 5 0
5 3 10 6 0
5 3 10 7 0
5 3 10 8 0
5 3 10 9 0
5 3 10 10 0
5 3 10 11 0
5 3 10 12 0
5 3 10 13 0
5 3 10 14 0
5 3 10 15 0
5 3 11 0 0
5 3 11 1 0
5 3 11 2 0
5 3 11 3 0
5 3 11 4 0
5 3 11 5 0
5 3 11 6 0
5 3 11 7 0
5 3 11 8 0
5 3 11 9 0
5 3 11 10 0
5 3 11 11 0
5 3 11 12 0
5 3 11 13 0
5 3 11 14 0
5 3 11 15 0
5 3 12 0 0
5 3 12 1 0
5 3 12 2 0
5 3 12 3 0.04561282826039283
5 3 12 4 0
5 3 12 5 0
5 3 12 6 0
5 3 12 7 0
5 3 12 8 0
5 3 12 9 0
5 3 12 10 0
5 3 12 11 0
5 3 12 12 0
5 3 12 13 0
5 3 12 14 0
5 3 12 15 0
5 3 13 0 0
5 3 13 1 0
5 3 13 2 0
5 3 13 3 0
5 3 13 4 -0.002177113804776934
5 3 13 5 0
5 3 13 6 0
5 3 13 7 0
5 3 13 8 0
5 3 13 9 0
5 3 13 10 0
5 3 13 11 0
5 3 13 12 0
5 3 13 13 0
5 3 13 14 0
5 3 13 15 0
5 3 14 0 0
5 3 14 1 0
5 3 14 2 0
5 3 14 3 0
5 3 14 4 0
5 3 14 5 0
5 3 14 6 0
5 3 14 7 0
5 3 14 8 0
5 3 14 9 0
5 3 14 10 0
5 3 14 11 0
5 3 14 12 0
5 3 14 13 0
5 3 14 14 0
5 3 14 15 0
5 3 15 0 0
5 3 15 1 0
5 3 15 2 0
5 3 15 3 0
5 3 15 4 0
5 3 15 5 0
5 3 15 6 0
5 3 15 7 0
5 3 15 8 0
5 3 15 9 0
5 3 15 10 0
5 3 15 11 0
5 3 15 12 0
5 3 15 13 0
5 3 15 14 0
5 3 15 15 0
5 4 0 0 0
5 4 0 1 0
5 4 0 2 0
5 4 0 3 0
5 4 0 4 0
5 4 0 5 0
5 4 0 6 0
5 4 0 7 0
5 4 0 8 0
5 4 0 9 0
5 4 0 10 0
5 4 0 11 0
5 4 0 12 0
5 4 0 13 0
5 4 0 14 0
5 4 0 15 0
5 4 1 0 0
5 4 1 1 0
5 4 1 2 0
5 4 1 3 0
5 4 1 4 0
5 4 1 5 0
5 4 1 6 0
5 4 1 7 0
5 4 1 8 0
5 4 1 9 0
5 4 1 10 0
5 4 1 11 0
5 4 1 12 0
5 4 1 13 0
5 4 1 14 0
5 4 1 15 0
5 4 2 0 0
5 4 2 1 0
5 4 2 2 0
5 4 2 3 0
5 4 2 4 0
5 4 2 5 0
5 4 2 6 0
5 4 2 7 0
5 4 2 8 0
5 4 2 9 0
5 4 2 10 0
5 4 2 11 0
5 4 2 12 0
5 4 2 13 0
5 4 2 14 0
5 4 2 15 0
5 4 3 0 0
5 4 3 1 0
5 4 3 2 0
5 4 3 3 0
5 4 3 4 0
5 4 3 5 0
5 4 3 6 0
5 4 3 7 0
5 4 3 8 0
5 4 3 9 0
5 4 3 10 0
5 4 3 11 0
5 4 3 12 0
5 4 3 13 0
5 4 3 14 0
5 4 3 15 0
5 4 4 0 0
5 4 4 1 0
5 4 4 2 0
5 4 4 3 0
5 4 4 4 0
5 4 4 5 -0.9910575775345609
5 4 4 6 0
5 4 4 7 0
5 4 4 8 0
5 4 4 9 0
5 4 4 10 0
5 4 4 11 0
5 4 4 12 -0.04555487536442179
5 4 4 13 0
5 4 4 14 0
5 4 4 15 0
5 4 5 0 0
5 4 5 1 0
5 4 5 2 0
5 4 5 3 0
5 4 5 4 0.9911546430489553
5 4 5 5 0
5 4 5 6 0
5 4 5 7 0
5 4 5 8 0
5 4 5 9 0.04779038032658828
5 4 5 10 0
5 4 5 11 0
5 4 5 12 0
5 4 5 13 0
5 4 5 14 0
5 4 5 15 0
5 4 6 0 0
5 4 6 1 0
5 4 6 2 0
5 4 6 3 0
5 4 6 4 0
5 4 6 5 0
5 4 6 6 0
5 4 6 7 0
5 4 6 8 0
5 4 6 9 0
5 4 6 10 0
5 4 6 11 0
5 4 6 12 0
5 4 6 13 0
5 4 6 14 0
5 4 6 15 0
5 4 7 0 0
5 4 7 1 0
5 4 7 2 0
5 4 7 3 0
5 4 7 4 0
5 4 7 5 0
5 4 7 6 0
5 4 7 7 0
5 4 7 8 0
5 4 7 9 0
5 4 7 10 0
5 4 7 11 0
5 4 7 12 0
5 4 7 13 0
5 4 7 14 0
5 4 7 15 0
5 4 8 0 0
5 4 8 1 0
5 4 8 2 0
5 4 8 3 0
5 4 8 4 0
5 4 8 5 0
5 4 8 6 0
5 4 8 7 0
5 4 8 8 0
5 4 8 9 0
5 4 8 10 0
5 4 8 11 0
5 4 8 12 0
5 4 8 13 0
5 4 8 14 0
5 4 8 15 0
5 4 9 0 0
5 4 9 1 0
5 4 9 2 0
5 4 9 3 0
5 4 9 4 0
5 4 9 5 -0.04786165340198206
5 4 9 6 0
5 4 9 7 0
5 4 9 8 0
5 4 9 9 0
5 4 9 10 0
5 4 9 11 0
5 4 9 12 0
5 4 9 13 0
5 4 9 14 0
5 4 9 15 0
5 4 10 0 0
5 4 10 1 0
5 4 10 2 0
5 4 10 3 0
5 4 10 4 0
5 4 10 5 0
5 4 10 6 0
5 4 10 7 0
5 4 10 8 0
5 4 10 9 0
5 4 10 10 0
5 4 10 11 0
5 4 10 12 0
5 4 10 13 0
5 4 10 14 0
5 4 10 15 0
5 4 11 0 0
5 4 11 1 0
5 4 11 2 0
5 4 11 3 0
5 4 11 4 0
5 4 11 5 0
5 4 11 6 0
5 4 11 7 0
5 4 11 8 0
5 4 11 9 0
5 4 11 10 0
5 4 11 11 0
5 4 11 12 0
5 4 11 13 0
5 4 11 14 0
5 4 11 15 0
5 4 12 0 0
5 4 12 1 0
5 4 12 2 0
5 4 12 3 0
5 4 12 4 0.04561282826039283
5 4 12 5 0
5 4 12 6 0
5 4 12 7 0
5 4 12 8 0
5 4 12 9 0
5 4 12 10 0
5 4 12 11 0
5 4 12 12 0
5 4 12 13 0
5 4 12 14 0
5 4 12 15 0
5 4 13 0 0
5 4 13 1 0
5 4 13 2 0
5 4 13 3 0
5 4 13 4 0
5 4 13 5 0
5 4 13 6 0
5 4 13 7 0
5 4 13 8 0
5 4 13 9 0
5 4 13 10 0
5 4 13 11 0
5 4 13 12 0
5 4 13 13 0
5 4 13 14 0
5 4 13 15 0
5 4 14 0 0
5 4 14 1 0
5 4 14 2 0
5 4 14 3 0
5 4 14 4 0
5 4 14 5 0
5 4 14 6 0
5 4 14 7 0
5 4 14 8 0
5 4 14 9 0
5 4 14 10 0
5 4 14 11 0
5 4 14 12 0
5 4 14 13 0
5 4 14 14 0
5 4 14 15 0
5 4 15 0 0
5 4 15 1 0
5 4 15 2 0
5 4 15 3 0
5 4 15 4 0
5 4 15 5 0
5 4 15 6 0
5 4 15 7 0
5 4 15 8 0
5 4 15 9 0
5 4 15 10 0
5 4 15 11 0
5 4 15 12 0
5 4 15 13 0
5 4 15 14 0
5 4 15 15 0
5 5 0 0 0
5 5 0 1 0
5 5 0 2 0
5 5 0 3 0
5 5 0 4 0
5 5 0 5 0
5 5 0 6 0
5 5 0 7 0
5 5 0 8 0
5 5 0 9 0
5 5 0 10 0
5 5 0 11 0
5 5 0 12 0
5 5 0 13 0
5 5 0 14 0
5 5 0 15 0
5 5 1 0 0
5 5 1 1 0
5 5 1 2 0
5 5 1 3 0
5 5 1 4 0
5 5 1 5 0
5 5 1 6 0
5 5 1 7 0
5 5 1 8 0
5 5 1 9 0
5 5 1 10 0
5 5 1 11 0
5 5 1 12 0
5 5 1 13 0
5 5 1 14 0
5 5 1 15 0
5 5 2 0 0
5 5 2 1 0
5 5 2 2 0
5 5 2 3 0
5 5 2 4 0
5 5 2 5 0
5 5 2 6 0
5 5 2 7 0
5 5 2 8 0
5 5 2 9 0
5 5 2 10 0
5 5 2 11 0
5 5 2 12 0
5 5 2 13 0
5 5 2 14 0
5 5 2 15 0
5 5 3 0 0
5 5 3 1 0
5 5 3 2 0
5 5 3 3 0
5 5 3 4 0
5 5 3 5 0
5 5 3 6 0
5 5 3 7 0
5 5 3 8 0
5 5 3 9 0
5 5 3 10 0
5 5 3 11 0
5 5 3 12 0
5 5 3 13 0
5 5 3 14 0
5 5 3 15 0
5 5 4 0 0
5 5 4 1 0
5 5 4 2 0
5 5 4 3 0
5 5 4 4 -3.805895718833378e-05
5 5 4 5 0
5 5 4 6 0
5 5 4 7 0
5 5 4 8 0
5 5 4 9 -3.402964843864187e-19
5 5 4 10 0
5 5 4 11 0
5 5 4 12 0
5 5 4 13 0
5 5 4 14 0
5 5 4 15 0
5 5 5 0 0
5 5 5 1 0
5 5 5 2 0
5 5 5 3 0
5 5 5 4 0
5 5 5 5 3.507810095444893e-05
5 5 5 6 0
5 5 5 7 0
5 5 5 8 0
5 5 5 9 0
5 5 5 10 0
5 5 5 11 0
5 5 5 12 2.012508298817266e-19
5 5 5 13 0
5 5 5 14 0
5 5 5 15 0
5 5 6 0 0
5 5 6 1 0
5 5 6 2 0
5 5 6 3 0
5 5 6 4 0
5 5 6 5 0
5 5 6 6 0
5 5 6 7 0
5 5 6 8 0
5 5 6 9 0
5 5 6 10 0
5 5 6 11 0
5 5 6 12 0
5 5 6 13 0
5 5 6 14 0
5 5 6 15 0
5 5 7 0 0
5 5 7 1 0
5 5 7 2 0
5 5 7 3 0
5 5 7 4 0
5 5 7 5 0
5 5 7 6 0
5 5 7 7 0
5 5 7 8 0
5 5 7 9 0
5 5 7 10 0
5 5 7 11 0
5 5 7 12 0
5 5 7 13 0
5 5 7 14 0
5 5 7 15 0
5 5 8 0 0
5 5 8 1 0
5 5 8 2 0
5 5 8 3 0
5 5 8 4 0
5 5 8 5 0
5 5 8 6 0
5 5 8 7 0
5 5 8 8 0
5 5 8 9 0
5 5 8 10 0
5 5 8 11 0
5 5 8 12 0
5 5 8 13 0
5 5 8 14 0
5 5 8 15 0
5 5 9 0 0
5 5 9 1 0
5 5 9 2 0
5 5 9 3 0
5 5 9 4 -3.402964843864187e-19
5 5 9 5 0
5 5 9 6 0
5 5 9 7 0
5 5 9 8 0
5 5 9 9 0
5 5 9 10 0
5 5 9 11 0
5 5 9 12 0
5 5 9 13 0
5 5 9 14 0
5 5 9 15 0
5 5 10 0 0
5 5 10 1 0
5 5 10 2 0
5 5 10 3 0
5 5 10 4 0
5 5 10 5 0
5 5 10 6 0
5 5 10 7 0
5 5 10 8 0
5 5 10 9 0
5 5 10 10 0
5 5 10 11 0
5 5 10 12 0
5 5 10 13 0
5 5 10 14 0
5 5 10 15 0
5 5 11 0 0
5 5 11 1 0
5 5 11 2 0
5 5 11 3 0
5 5 11 4 0
5 5 11 5 0
5 5 11 6 0
5 5 11 7 0
5 5 11 8 0
5 5 11 9 0
5 5 11 10 0
5 5 11 11 0
5 5 11 12 0
5 5 11 13 0
5 5 11 14 0
5 5 11 15 0
5 5 12 0 0
5 5 12 1 0
5 5 12 2 0
5 5 12 3 0
5 5 12 4 0
5 5 12 5 2.012508298817266e-19
5 5 12 6 0
5 5 12 7 0
5 5 12 8 0
5 5 12 9 0
5 5 12 10 0
5 5 12 11 0
5 5 12 12 0
5 5 12 13 0
5 5 12 14 0
5 5 12 15 0
5 5 13 0 0
5 5 13 1 0
5 5 13 2 0
5 5 13 3 0
5 5 13 4 0
5 5 13 5 0
5 5 13 6 0
5 5 13 7 0
5 5 13 8 0
5 5 13 9 0
5 5 13 10 0
5 5 13 11 0
5 5 13 12 0
5 5 13 13 0
5 5 13 14 0
5 5 13 15 0
5 5 14 0 0
5 5 14 1 0
5 5 14 2 0
5 5 14 3 0
5 5 14 4 0
5 5 14 5 0
5 5 14 6 0
5 5 14 7 0
5 5 14 8 0
5 5 14 9 0
5 5 14 10 0
5 5 14 11 0
5 5 14 12 0
5 5 14 13 0
5 5 14 14 0
5 5 14 15 0
5 5 15 0 0
5 5 15 1 0
5 5 15 2 0
5 5 15 3 0
5 5 15 4 0
5 5 15 5 0
5 5 15 6 0
5 5 15 7 0
5 5 15 8 0
5 5 15 9 0
5 5 15 10 0
5 5 15 11 0
5 5 15 12 0
5 5 15 13 0
5 5 15 14 0
5 5 15 15 0
5 6 0 0 0
5 6 0 1 0
5 6 0 2 0
5 6 0 3 0
5 6 0 4 0
5 6 0 5 0
5 6 0 6 0
5 6 0 7 0
5 6 0 8 0
5 6 0 9 0
5 6 0 10 0
5 6 0 11 0
5 6 0 12 0
5 6 0 13 0
5 6 0 14 0
5 6 0 15 0
5 6 1 0 0
5 6 1 1 0
5 6 1 2 0
5 6 1 3 0
5 6 1 4 0
5 6 1 5 0
5 6 1 6 0
5 6 1 7 0
5 6 1 8 0
5 6 1 9 0
5 6 1 10 0
5 6 1 11 0
5 6 1 12 0
5 6 1 13 0
5 6 1 14 0
5 6 1 15 0
5 6 2 0 0
5 6 2 1 0
5 6 2 2 0
5 6 2 3 0
5 6 2 4 0
5 6 2 5 0
5 6 2 6 0
5 6 2 7 0
5 6 2 8 0
5 6 2 9 0
5 6 2 10 0
5 6 2 11 0
5 6 2 12 0
5 6 2 13 0
5 6 2 14 0
5 6 2 15 0
5 6 3 0 0
5 6 3 1 0
5 6 3 2 0
5 6 3 3 0
5 6 3 4 0.01100183218142669
5 6 3 5 0
5 6 3 6 0
5 6 3 7 0
5 6 3 8 0
5 6 3 9 -0.004922854978219807
5 6 3 10 0
5 6 3 11 0
5 6 3 12 0
5 6 3 13 0
5 6 3 14 0
5 6 3 15 0
5 6 4 0 0
5 6 4 1 0
5 6 4 2 0
5 6 4 3 -1.103797868778859e-05
5 6 4 4 0
5 6 4 5 0
5 6 4 6 0
5 6 4 7 0
5 6 4 8 3.677988287950961e-05
5 6 4 9 0
5 6 4 10 0
5 6 4 11 0
5 6 4 12 0
5 6 4 13 0
5 6 4 14 0
5 6 4 15 0
5 6 5 0 0
5 6 5 1 0
5 6 5 2 0
5 6 5 3 0
5 6 5 4 0
5 6 5 5 0
5 6 5 6 0.9699638352526371
5 6 5 7 0
5 6 5 8 0
5 6 5 9 0
5 6 5 10 0
5 6 5 11 0
5 6 5 12 0
5 6 5 13 0.04635966278163518
5 6 5 14 0
5 6 5 15 0
5 6 6 0 0
5 6 6 1 0
5 6 6 2 0
5 6 6 3 0
5 6 6 4 0
5 6 6 5 -0.05304246056980035
5 6 6 6 0
5 6 6 7 0
5 6 6 8 0
5 6 6 9 0
5 6 6 10 0
5 6 6 11 0
5 6 6 12 -0.004065874669564223
5 6 6 13 0
5 6 6 14 0
5 6 6 15 0
5 6 7 0 0
5 6 7 1 0
5 6 7 2 0
5 6 7 3 0
5 6 7 4 0
5 6 7 5 0
5 6 7 6 0
5 6 7 7 0
5 6 7 8 0
5 6 7 9 0
5 6 7 10 0
5 6 7 11 0
5 6 7 12 0
5 6 7 13 0
5 6 7 14 0
5 6 7 15 0
5 6 8 0 0
5 6 8 1 0
5 6 8 2 0
5 6 8 3 0
5 6 8 4 -0.00397890966944655
5 6 8 5 0
5 6 8 6 0
5 6 8 7 0
5 6 8 8 0
5 6 8 9 0
5 6 8 10 0
5 6 8 11 0
5 6 8 12 0
5 6 8 13 0
5 6 8 14 0
5 6 8 15 0
5 6 9 0 0
5 6 9 1 0
5 6 9 2 0
5 6 9 3 3.669797760580082e-05
5 6 9 4 0
5 6 9 5 0
5 6 9 6 0
5 6 9 7 0
5 6 9 8 0
5 6 9 9 0
5 6 9 10 0
5 6 9 11 0
5 6 9 12 0
5 6 9 13 0
5 6 9 14 0
5 6 9 15 0
5 6 10 0 0
5 6 10 1 0
5 6 10 2 0
5 6 10 3 0
5 6 10 4 0
5 6 10 5 0
5 6 10 6 0
5 6 10 7 0
5 6 10 8 0
5 6 10 9 0
5 6 10 10 0
5 6 10 11 0
5 6 10 12 0
5 6 10 13 0
5 6 10 14 0
5 6 10 15 0
5 6 11 0 0
5 6 11 1 0
5 6 11 2 0
5 6 11 3 0
5 6 11 4 0
5 6 11 5 0
5 6 11 6 0
5 6 11 7 0
5 6 11 8 0
5 6 11 9 0
5 6 11 10 0
5 6 11 11 0
5 6 11 12 0
5 6 11 13 0
5 6 11 14 0
5 6 11 15 0
5 6 12 0 0
5 6 12 1 0
5 6 12 2 0
5 6 12 3 0
5 6 12 4 0
5 6 12 5 0
5 6 12 6 0.04561282826039284
5 6 12 7 0
5 6 12 8 0
5 6 12 9 0
5 6 12 10 0
5 6 12 11 0
5 6 12 12 0
5 6 12 13 0
5 6 12 14 0
5 6 12 15 0
5 6 13 0 0
5 6 13 1 0
5 6 13 2 0
5 6 13 3 0
5 6 13 4 0
5 6 13 5 -0.003969613001759283
5 6 13 6 0
5 6 13 7 0
5 6 13 8 0
5 6 13 9 0
5 6 13 10 0
5 6 13 11 0
5 6 13 12 0
5 6 13 13 0
5 6 13 14 0
5 6 13 15 0
5 6 14 0 0
5 6 14 1 0
5 6 14 2 0
5 6 14 3 0
5 6 14 4 0
5 6 14 5 0
5 6 14 6 0
5 6 14 7 0
5 6 14 8 0
5 6 14 9 0
5 6 14 10 0
5 6 14 11 0
5 6 14 12 0
5 6 14 13 0
5 6 14 14 0
5 6 14 15 0
5 6 15 0 0
5 6 15 1 0
5 6 15 2 0
5 6 15 3 0
5 6 15 4 0
5 6 15 5 0
5 6 15 6 0
5 6 15 7 0
5 6 15 8 0
5 6 15 9 0
5 6 15 10 0
5 6 15 11 0
5 6 15 12 0
5 6 15 13 0
5 6 15 14 0
5 6 15 15 0
5 7 0 0 0
5 7 0 1 0
5 7 0 2 0
5 7 0 3 0
5 7 0 4 0
5 7 0 5 0
5 7 0 6 0
5 7 0 7 0
5 7 0 8 0
5 7 0 9 0
5 7 0 10 0
5 7 0 11 0
5 7 0 12 0
5 7 0 13 0
5 7 0 14 0
5 7 0 15 0
5 7 1 0 0
5 7 1 1 0
5 7 1 2 0
5 7 1 3 0
5 7 1 4 0
5 7 1 5 0
5 7 1 6 0
5 7 1 7 0
5 7 1 8 0
5 7 1 9 0
5 7 1 10 0
5 7 1 11 0
5 7 1 12 0
5 7 1 13 0
5 7 1 14 0
5 7 1 15 0
5 7 2 0 0
5 7 2 1 0
5 7 2 2 0
5 7 2 3 0
5 7 2 4 0.02016769362305174
5 7 2 5 0
5 7 2 6 0
5 7 2 7 0
5 7 2 8 0
5 7 2 9 0.002468277808901617
5 7 2 10 0
5 7 2 11 0
5 7 2 12 0
5 7 2 13 0
5 7 2 14 0
5 7 2 15 0
5 7 3 0 0
5 7 3 1 0
5 7 3 2 0
5 7 3 3 0
5 7 3 4 0
5 7 3 5 0
5 7 3 6 0
5 7 3 7 0
5 7 3 8 0
5 7 3 9 0
5 7 3 10 0
5 7 3 11 0
5 7 3 12 0
5 7 3 13 0
5 7 3 14 0
5 7 3 15 0
5 7 4 0 0
5 7 4 1 0
5 7 4 2 7.959076734416774e-07
5 7 4 3 0
5 7 4 4 0
5 7 4 5 0
5 7 4 6 0
5 7 4 7 0
5 7 4 8 0
5 7 4 9 0
5 7 4 10 0
5 7 4 11 0
5 7 4 12 0
5 7 4 13 0
5 7 4 14 -1.027488667398379e-07
5 7 4 15 0
5 7 5 0 0
5 7 5 1 0
5 7 5 2 0
5 7 5 3 0
5 7 5 4 0
5 7 5 5 0
5 7 5 6 0
5 7 5 7 0.4211652188239679
5 7 5 8 0
5 7 5 9 0
5 7 5 10 0
5 7 5 11 0
5 7 5 12 0
5 7 5 13 0
5 7 5 14 0
5 7 5 15 0
5 7 6 0 0
5 7 6 1 0
5 7 6 2 0
5 7 6 3 0
5 7 6 4 0
5 7 6 5 0
5 7 6 6 0
5 7 6 7 0
5 7 6 8 0
5 7 6 9 0
5 7 6 10 0
5 7 6 11 0
5 7 6 12 0
5 7 6 13 0
5 7 6 14 0
5 7 6 15 0
5 7 7 0 0
5 7 7 1 0
5 7 7 2 0
5 7 7 3 0
5 7 7 4 0
5 7 7 5 -0.1567332688378796
5 7 7 6 0
5 7 7 7 0
5 7 7 8 0
5 7 7 9 0
5 7 7 10 0
5 7 7 11 0
5 7 7 12 0
5 7 7 13 0
5 7 7 14 0
5 7 7 15 0
5 7 8 0 0
5 7 8 1 0
5 7 8 2 0
5 7 8 3 0
5 7 8 4 0
5 7 8 5 0
5 7 8 6 0
5 7 8 7 0
5 7 8 8 0
5 7 8 9 0
5 7 8 10 0
5 7 8 11 0
5 7 8 12 0
5 7 8 13 0
5 7 8 14 0
5 7 8 15 0
5 7 9 0 0
5 7 9 1 0
5 7 9 2 4.044383609821235e-05
5 7 9 3 0
5 7 9 4 0
5 7 9 5 0
5 7 9 6 0
5 7 9 7 0
5 7 9 8 0
5 7 9 9 0
5 7 9 10 0
5 7 9 11 0
5 7 9 12 0
5 7 9 13 0
5 7 9 14 0
5 7 9 15 0
5 7 10 0 0
5 7 10 1 0
5 7 10 2 0
5 7 10 3 0
5 7 10 4 0
5 7 10 5 0
5 7 10 6 0
5 7 10 7 0
5 7 10 8 0
5 7 10 9 0
5 7 10 10 0
5 7 10 11 0
5 7 10 12 0
5 7 10 13 0
5 7 10 14 0
5 7 10 15 0
5 7 11 0 0
5 7 11 1 0
5 7 11 2 0
5 7 11 3 0
5 7 11 4 0
5 7 11 5 0
5 7 11 6 0
5 7 11 7 0
5 7 11 8 0
5 7 11 9 0
5 7 11 10 0
5 7 11 11 0
5 7 11 12 0
5 7 11 13 0
5 7 11 14 0
5 7 11 15 0
5 7 12 0 0
5 7 12 1 0
5 7 12 2 0
5 7 12 3 0
5 7 12 4 0
5 7 12 5 0
5 7 12 6 0
5 7 12 7 0
5 7 12 8 0
5 7 12 9 0
5 7 12 10 0
5 7 12 11 0
5 7 12 12 0
5 7 12 13 0
5 7 12 14 0
5 7 12 15 0
5 7 13 0 0
5 7 13 1 0
5 7 13 2 0
5 7 13 3 0
5 7 13 4 0
5 7 13 5 0
5 7 13 6 0
5 7 13 7 0
5 7 13 8 0
5 7 13 9 0
5 7 13 10 0
5 7 13 11 0
5 7 13 12 0
5 7 13 13 0
5 7 13 14 0
5 7 13 15 0
5 7 14 0 0
5 7 14 1 0
5 7 14 2 0
5 7 14 3 0
5 7 14 4 0.0001773558794428723
5 7 14 5 0
5 7 14 6 0
5 7 14 7 0
5 7 14 8 0
5 7 14 9 0
5 7 14 10 0
5 7 14 11 0
5 7 14 12 0
5 7 14 13 0
5 7 14 14 0
5 7 14 15 0
5 7 15 0 0
5 7 15 1 0
5 7 15 2 0
5 7 15 3 0
5 7 15 4 0
5 7 15 5 0
5 7 15 6 0
5 7 15 7 0
5 7 15 8 0
5 7 15 9 0
5 7 15 10 0
5 7 15 11 0
5 7 15 12 0
5 7 15 13 0
5 7 15 14 0
5 7 15 15 0
5 8 0 0 0
5 8 0 1 0
5 8 0 2 0
5 8 0 3 0
5 8 0 4 0
5 8 0 5 0
5 8 0 6 0
5 8 0 7 0
5 8 0 8 0
5 8 0 9 0
5 8 0 10 0
5 8 0 11 0
5 8 0 12 0
5 8 0 13 0
5 8 0 14 0
5 8 0 15 0
5 8 1 0 0
5 8 1 1 0
5 8 1 2 0
5 8 1 3 0
5 8 1 4 0
5 8 1 5 0
5 8 1 6 0
5 8 1 7 0
5 8 1 8 0
5 8 1 9 0
5 8 1 10 0
5 8 1 11 0
5 8 1 12 0
5 8 1 13 0
5 8 1 14 0
5 8 1 15 0
5 8 2 0 0
5 8 2 1 0
5 8 2 2 0
5 8 2 3 0
5 8 2 4 0
5 8 2 5 0
5 8 2 6 0
5 8 2 7 0
5 8 2 8 0
5 8 2 9 0
5 8 2 10 0
5 8 2 11 0
5 8 2 12 0
5 8 2 13 0
5 8 2 14 0
5 8 2 15 0
5 8 3 0 0
5 8 3 1 0
5 8 3 2 0
5 8 3 3 0
5 8 3 4 0
5 8 3 5 -0.00431305247089379
5 8 3 6 0
5 8 3 7 0
5 8 3 8 0
5 8 3 9 0
5 8 3 10 0
5 8 3 11 0
5 8 3 12 -0.0004165412827692168
5 8 3 13 0
5 8 3 14 0
5 8 3 15 0
5 8 4 0 0
5 8 4 1 0
5 8 4 2 0
5 8 4 3 0
5 8 4 4 0
5 8 4 5 0
5 8 4 6 -3.18901567356515e-05
5 8 4 7 0
5 8 4 8 0
5 8 4 9 0
5 8 4 10 0
5 8 4 11 0
5 8 4 12 0
5 8 4 13 -2.132125217259892e-06
5 8 4 14 0
5 8 4 15 0
5 8 5 0 0
5 8 5 1 0
5 8 5 2 0
5 8 5 3 0.04876966629806406
5 8 5 4 0
5 8 5 5 0
5 8 5 6 0
5 8 5 7 0
5 8 5 8 0.003380350411171401
5 8 5 9 0
5 8 5 10 0
5 8 5 11 0
5 8 5 12 0
5 8 5 13 0
5 8 5 14 0
5 8 5 15 0
5 8 6 0 0
5 8 6 1 0
5 8 6 2 0
5 8 6 3 0
5 8 6 4 -0.003418040703874578
5 8 6 5 0
5 8 6 6 0
5 8 6 7 0
5 8 6 8 0
5 8 6 9 -0.0005562940026584097
5 8 6 10 0
5 8 6 11 0
5 8 6 12 0
5 8 6 13 0
5 8 6 14 0
5 8 6 15 0
5 8 7 0 0
5 8 7 1 0
5 8 7 2 0
5 8 7 3 0
5 8 7 4 0
5 8 7 5 0
5 8 7 6 0
5 8 7 7 0
5 8 7 8 0
5 8 7 9 0
5 8 7 10 0
5 8 7 11 0
5 8 7 12 0
5 8 7 13 0
5 8 7 14 0
5 8 7 15 0
5 8 8 0 0
5 8 8 1 0
5 8 8 2 0
5 8 8 3 0
5 8 8 4 0
5 8 8 5 -0.0006141068932846824
5 8 8 6 0
5 8 8 7 0
5 8 8 8 0
5 8 8 9 0
5 8 8 10 0
5 8 8 11 0
5 8 8 12 0
5 8 8 13 0
5 8 8 14 0
5 8 8 15 0
5 8 9 0 0
5 8 9 1 0
5 8 9 2 0
5 8 9 3 0
5 8 9 4 0
5 8 9 5 0
5 8 9 6 8.230430158600247e-05
5 8 9 7 0
5 8 9 8 0
5 8 9 9 0
5 8 9 10 0
5 8 9 11 0
5 8 9 12 0
5 8 9 13 0
5 8 9 14 0
5 8 9 15 0
5 8 10 0 0
5 8 10 1 0
5 8 10 2 0
5 8 10 3 0
5 8 10 4 0
5 8 10 5 0
5 8 10 6 0
5 8 10 7 0
5 8 10 8 0
5 8 10 9 0
5 8 10 10 0
5 8 10 11 0
5 8 10 12 0
5 8 10 13 0
5 8 10 14 0
5 8 10 15 0
5 8 11 0 0
5 8 11 1 0
5 8 11 2 0
5 8 11 3 0
5 8 11 4 0
5 8 11 5 0
5 8 11 6 0
5 8 11 7 0
5 8 11 8 0
5 8 11 9 0
5 8 11 10 0
5 8 11 11 0
5 8 11 12 0
5 8 11 13 0
5 8 11 14 0
5 8 11 15 0
5 8 12 0 0
5 8 12 1 0
5 8 12 2 0
5 8 12 3 0.003087088662772281
5 8 12 4 0
5 8 12 5 0
5 8 12 6 0
5 8 12 7 0
5 8 12 8 0
5 8 12 9 0
5 8 12 10 0
5 8 12 11 0
5 8 12 12 0
5 8 12 13 0
5 8 12 14 0
5 8 12 15 0
5 8 13 0 0
5 8 13 1 0
5 8 13 2 0
5 8 13 3 0
5 8 13 4 -0.0003409868017352875
5 8 13 5 0
5 8 13 6 0
5 8 13 7 0
5 8 13 8 0
5 8 13 9 0
5 8 13 10 0
5 8 13 11 0
5 8 13 12 0
5 8 13 13 0
5 8 13 14 0
5 8 13 15 0
5 8 14 0 0
5 8 14 1 0
5 8 14 2 0
5 8 14 3 0
5 8 14 4 0
5 8 14 5 0
5 8 14 6 0
5 8 14 7 0
5 8 14 8 0
5 8 14 9 0
5 8 14 10 0
5 8 14 11 0
5 8 14 12 0
5 8 14 13 0
5 8 14 14 0
5 8 14 15 0
5 8 15 0 0
5 8 15 1 0
5 8 15 2 0
5 8 15 3 0
5 8 15 4 0
5 8 15 5 0
5 8 15 6 0
5 8 15 7 0
5 8 15 8 0
5 8 15 9 0
5 8 15 10 0
5 8 15 11 0
5 8 15 12 0
5 8 15 13 0
5 8 15 14 0
5 8 15 15 0
5 9 0 0 0
5 9 0 1 0
5 9 0 2 0
5 9 0 3 0
5 9 0 4 0
5 9 0 5 0
5 9 0 6 0
5 9 0 7 0
5 9 0 8 0
5 9 0 9 0
5 9 0 10 0
5 9 0 11 0
5 9 0 12 0
5 9 0 13 0
5 9 0 14 0
5 9 0 15 0
5 9 1 0 0
5 9 1 1 0
5 9 1 2 0
5 9 1 3 0
5 9 1 4 0
5 9 1 5 0
5 9 1 6 0
5 9 1 7 0
5 9 1 8 0
5 9 1 9 0
5 9 1 10 0
5 9 1 11 0
5 9 1 12 0
5 9 1 13 0
5 9 1 14 0
5 9 1 15 0
5 9 2 0 0
5 9 2 1 0
5 9 2 2 0
5 9 2 3 0
5 9 2 4 0
5 9 2 5 0
5 9 2 6 0
5 9 2 7 0
5 9 2 8 0
5 9 2 9 0
5 9 2 10 0
5 9 2 11 0
5 9 2 12 0
5 9 2 13 0
5 9 2 14 0
5 9 2 15 0
5 9 3 0 0
5 9 3 1 0
5 9 3 2 0
5 9 3 3 0
5 9 3 4 0
5 9 3 5 0
5 9 3 6 0
5 9 3 7 0
5 9 3 8 0
5 9 3 9 0
5 9 3 10 0
5 9 3 11 0
5 9 3 12 0
5 9 3 13 0
5 9 3 14 0
5 9 3 15 0
5 9 4 0 0
5 9 4 1 0
5 9 4 2 0
5 9 4 3 0
5 9 4 4 0
5 9 4 5 -0.04786165340198206
5 9 4 6 0
5 9 4 7 0
5 9 4 8 0
5 9 4 9 0
5 9 4 10 0
5 9 4 11 0
5 9 4 12 -0.003061359664243613
5 9 4 13 0
5 9 4 14 0
5 9 4 15 0
5 9 5 0 0
5 9 5 1 0
5 9 5 2 0
5 9 5 3 0
5 9 5 4 0.04779038032658828
5 9 5 5 0
5 9 5 6 0
5 9 5 7 0
5 9 5 8 0
5 9 5 9 0.003217886781504897
5 9 5 10 0
5 9 5 11 0
5 9 5 12 0
5 9 5 13 0
5 9 5 14 0
5 9 5 15 0
5 9 6 0 0
5 9 6 1 0
5 9 6 2 0
5 9 6 3 0
5 9 6 4 0
5 9 6 5 0
5 9 6 6 0
5 9 6 7 0
5 9 6 8 0
5 9 6 9 0
5 9 6 10 0
5 9 6 11 0
5 9 6 12 0
5 9 6 13 0
5 9 6 14 0
5 9 6 15 0
5 9 7 0 0
5 9 7 1 0
5 9 7 2 0
5 9 7 3 0
5 9 7 4 0
5 9 7 5 0
5 9 7 6 0
5 9 7 7 0
5 9 7 8 0
5 9 7 9 0
5 9 7 10 0
5 9 7 11 0
5 9 7 12 0
5 9 7 13 0
5 9 7 14 0
5 9 7 15 0
5 9 8 0 0
5 9 8 1 0
5 9 8 2 0
5 9 8 3 0
5 9 8 4 0
5 9 8 5 0
5 9 8 6 0
5 9 8 7 0
5 9 8 8 0
5 9 8 9 0
5 9 8 10 0
5 9 8 11 0
5 9 8 12 0
5 9 8 13 0
5 9 8 14 0
5 9 8 15 0
5 9 9 0 0
5 9 9 1 0
5 9 9 2 0
5 9 9 3 0
5 9 9 4 0
5 9 9 5 -0.003135470903313183
5 9 9 6 0
5 9 9 7 0
5 9 9 8 0
5 9 9 9 0
5 9 9 10 0
5 9 9 11 0
5 9 9 12 0
5 9 9 13 0
5 9 9 14 0
5 9 9 15 0
5 9 10 0 0
5 9 10 1 0
5 9 10 2 0
5 9 10 3 0
5 9 10 4 0
5 9 10 5 0
5 9 10 6 0
5 9 10 7 0
5 9 10 8 0
5 9 10 9 0
5 9 10 10 0
5 9 10 11 0
5 9 10 12 0
5 9 10 13 0
5 9 10 14 0
5 9 10 15 0
5 9 11 0 0
5 9 11 1 0
5 9 11 2 0
5 9 11 3 0
5 9 11 4 0
5 9 11 5 0
5 9 11 6 0
5 9 11 7 0
5 9 11 8 0
5 9 11 9 0
5 9 11 10 0
5 9 11 11 0
5 9 11 12 0
5 9 11 13 0
5 9 11 14 0
5 9 11 15 0
5 9 12 0 0
5 9 12 1 0
5 9 12 2 0
5 9 12 3 0
5 9 12 4 0.002994346436754589
5 9 12 5 0
5 9 12 6 0
5 9 12 7 0
5 9 12 8 0
5 9 12 9 0
5 9 12 10 0
5 9 12 11 0
5 9 12 12 0
5 9 12 13 0
5 9 12 14 0
5 9 12 15 0
5 9 13 0 0
5 9 13 1 0
5 9 13 2 0
5 9 13 3 0
5 9 13 4 0
5 9 13 5 0
5 9 13 6 0
5 9 13 7 0
5 9 13 8 0
5 9 13 9 0
5 9 13 10 0
5 9 13 11 0
5 9 13 12 0
5 9 13 13 0
5 9 13 14 0
5 9 13 15 0
5 9 14 0 0
5 9 14 1 0
5 9 14 2 0
5 9 14 3 0
5 9 14 4 0
5 9 14 5 0
5 9 14 6 0
5 9 14 7 0
5 9 14 8 0
5 9 14 9 0
5 9 14 10 0
5 9 14 11 0
5 9 14 12 0
5 9 14 13 0
5 9 14 14 0
5 9 14 15 0
5 9 15 0 0
5 9 15 1 0
5 9 15 2 0
5 9 15 3 0
5 9 15 4 0
5 9 15 5 0
5 9 15 6 0
5 9 15 7 0
5 9 15 8 0
5 9 15 9 0
5 9 15 10 0
5 9 15 11 0
5 9 15 12 0
5 9 15 13 0
5 9 15 14 0
5 9 15 15 0
5 10 0 0 0
5 10 0 1 0
5 10 0 2 0
5 10 0 3 0
5 10 0 4 0
5 10 0 5 0
5 10 0 6 0
5 10 0 7 0
5 10 0 8 0
5 10 0 9 0
5 10 0 10 0
5 10 0 11 0
5 10 0 12 0
5 10 0 13 0
5 10 0 14 0
5 10 0 15 0
5 10 1 0 0
5 10 1 1 0
5 10 1 2 0
5 10 1 3 0
5 10 1 4 0
5 10 1 5 0
5 10 1 6 0
5 10 1 7 0
5 10 1 8 0
5 10 1 9 0
5 10 1 10 0
5 10 1 11 0
5 10 1 12 0
5 10 1 13 0
5 10 1 14 0
5 10 1 15 0
5 10 2 0 0
5 10 2 1 0
5 10 2 2 0
5 10 2 3 0
5 10 2 4 0
5 10 2 5 0
5 10 2 6 0
5 10 2 7 0
5 10 2 8 0
5 10 2 9 0
5 10 2 10 0
5 10 2 11 0
5 10 2 12 0
5 10 2 13 0
5 10 2 14 0
5 10 2 15 0
5 10 3 0 0
5 10 3 1 0
5 10 3 2 0
5 10 3 3 0
5 10 3 4 0
5 10 3 5 0
5 10 3 6 0
5 10 3 7 0
5 10 3 8 0
5 10 3 9 0
5 10 3 10 0
5 10 3 11 0
5 10 3 12 0
5 10 3 13 0
5 10 3 14 0
5 10 3 15 0
5 10 4 0 0
5 10 4 1 0
5 10 4 2 0
5 10 4 3 0
5 10 4 4 0
5 10 4 5 0
5 10 4 6 0
5 10 4 7 0
5 10 4 8 0
5 10 4 9 0
5 10 4 10 0
5 10 4 11 0
5 10 4 12 0
5 10 4 13 0
5 10 4 14 0
5 10 4 15 0
5 10 5 0 0
5 10 5 1 0
5 10 5 2 0
5 10 5 3 0
5 10 5 4 0
5 10 5 5 0
5 10 5 6 0
5 10 5 7 0
5 10 5 8 0
5 10 5 9 0
5 10 5 10 0
5 10 5 11 0
5 10 5 12 0
5 10 5 13 0
5 10 5 14 0
5 10 5 15 0
5 10 6 0 0
5 10 6 1 0
5 10 6 2 0
5 10 6 3 0
5 10 6 4 0
5 10 6 5 0
5 10 6 6 0
5 10 6 7 0
5 10 6 8 0
5 10 6 9 0
5 10 6 10 0
5 10 6 11 0
5 10 6 12 0
5 10 6 13 0
5 10 6 14 0
5 10 6 15 0
5 10 7 0 0
5 10 7 1 0
5 10 7 2 0
5 10 7 3 0
5 10 7 4 0
5 10 7 5 0
5 10 7 6 0
5 10 7 7 0
5 10 7 8 0
5 10 7 9 0
5 10 7 10 0
5 10 7 11 0
5 10 7 12 0
5 10 7 13 0
5 10 7 14 0
5 10 7 15 0
5 10 8 0 0
5 10 8 1 0
5 10 8 2 0
5 10 8 3 0
5 10 8 4 0
5 10 8 5 0
5 10 8 6 0
5 10 8 7 0
5 10 8 8 0
5 10 8 9 0
5 10 8 10 0
5 10 8 11 0
5 10 8 12 0
5 10 8 13 0
5 10 8 14 0
5 10 8 15 0
5 10 9 0 0
5 10 9 1 0
5 10 9 2 0
5 10 9 3 0
5 10 9 4 0
5 10 9 5 0
5 10 9 6 0
5 10 9 7 0
5 10 9 8 0
5 10 9 9 0
5 10 9 10 0
5 10 9 11 0
5 10 9 12 0
5 10 9 13 0
5 10 9 14 0
5 10 9 15 0
5 10 10 0 0
5 10 10 1 0
5 10 10 2 0
5 10 10 3 0
5 10 10 4 0
5 10 10 5 0
5 10 10 6 0
5 10 10 7 0
5 10 10 8 0
5 10 10 9 0
5 10 10 10 0
5 10 10 11 0
5 10 10 12 0
5 10 10 13 0
5 10 10 14 0
5 10 10 15 0
5 10 11 0 0
5 10 11 1 0
5 10 11 2 0
5 10 11 3 0
5 10 11 4 0
5 10 11 5 0
5 10 11 6 0
5 10 11 7 0
5 10 11 8 0
5 10 11 9 0
5 10 11 10 0
5 10 11 11 0
5 10 11 12 0
5 10 11 13 0
5 10 11 14 0
5 10 11 15 0
5 10 12 0 0
5 10 12 1 0
5 10 12 2 0
5 10 12 3 0
5 10 12 4 0
5 10 12 5 0
5 10 12 6 0
5 10 12 7 0
5 10 12 8 0
5 10 12 9 0
5 10 12 10 0
5 10 12 11 0
5 10 12 12 0
5 10 12 13 0
5 10 12 14 0
5 10 12 15 0
5 10 13 0 0
5 10 13 1 0
5 10 13 2 0
5 10 13 3 0
5 10 13 4 0
5 10 13 5 0
5 10 13 6 0
5 10 13 7 0
5 10 13 8 0
5 10 13 9 0
5 10 13 10 0
5 10 13 11 0
5 10 13 12 0
5 10 13 13 0
5 10 13 14 0
5 10 13 15 0
5 10 14 0 0
5 10 14 1 0
5 10 14 2 0
5 10 14 3 0
5 10 14 4 0
5 10 14 5 0
5 10 14 6 0
5 10 14 7 0
5 10 14 8 0
5 10 14 9 0
5 10 14 10 0
5 10 14 11 0
5 10 14 12 0
5 10 14 13 0
5 10 14 14 0
5 10 14 15 0
5 10 15 0 0
5 10 15 1 0
5 10 15 2 0
5 10 15 3 0
5 10 15 4 0
5 10 15 5 0
5 10 15 6 0
5 10 15 7 0
5 10 15 8 0
5 10 15 9 0
5 10 15 10 0
5 10 15 11 0
5 10 15 12 0
5 10 15 13 0
5 10 15 14 0
5 10 15 15 0
5 11 0 0 0
5 11 0 1 0
5 11 0 2 0
5 11 0 3 0
5 11 0 4 0
5 11 0 5 -0.002403047891749954
5 11 0 6 0
5 11 0 7 0
5 11 0 8 0
5 11 0 9 0
5 11 0 10 0
5 11 0 11 0
5 11 0 12 -0.0001821848300271926
5 11 0 13 0
5 11 0 14 0
5 11 0 15 0
5 11 1 0 0
5 11 1 1 0
5 11 1 2 0
5 11 1 3 0
5 11 1 4 0
5 11 1 5 0
5 11 1 6 0
5 11 1 7 0
5 11 1 8 0
5 11 1 9 0
5 11 1 10 0
5 11 1 11 0
5 11 1 12 0
5 11 1 13 0
5 11 1 14 0
5 11 1 15 0
5 11 2 0 0
5 11 2 1 0
5 11 2 2 0
5 11 2 3 0
5 11 2 4 0
5 11 2 5 0.01094259597811974
5 11 2 6 0
5 11 2 7 0
5 11 2 8 0
5 11 2 9 0
5 11 2 10 0
5 11 2 11 0
5 11 2 12 0.0006750848596685465
5 11 2 13 0
5 11 2 14 0
5 11 2 15 0
5 11 3 0 0
5 11 3 1 0
5 11 3 2 0
5 11 3 3 0
5 11 3 4 0
5 11 3 5 0
5 11 3 6 0
5 11 3 7 0
5 11 3 8 0
5 11 3 9 0
5 11 3 10 0
5 11 3 11 0
5 11 3 12 0
5 11 3 13 0
5 11 3 14 0
5 11 3 15 0
5 11 4 0 0
5 11 4 1 0
5 11 4 2 0
5 11 4 3 0
5 11 4 4 0
5 11 4 5 0
5 11 4 6 0
5 11 4 7 -4.490528395508161e-05
5 11 4 8 0
5 11 4 9 0
5 11 4 10 0
5 11 4 11 0
5 11 4 12 0
5 11 4 13 0
5 11 4 14 0
5 11 4 15 0
5 11 5 0 -0.01182810517969271
5 11 5 1 0
5 11 5 2 -0.02507076762911945
5 11 5 3 0
5 11 5 4 0
5 11 5 5 0
5 11 5 6 0
5 11 5 7 0
5 11 5 8 0
5 11 5 9 0
5 11 5 10 0
5 11 5 11 0.0007562016211748072
5 11 5 12 0
5 11 5 13 0
5 11 5 14 -0.0006094918916134419
5 11 5 15 0
5 11 6 0 0
5 11 6 1 0
5 11 6 2 0
5 11 6 3 0
5 11 6 4 0
5 11 6 5 0
5 11 6 6 0
5 11 6 7 0
5 11 6 8 0
5 11 6 9 0
5 11 6 10 0
5 11 6 11 0
5 11 6 12 0
5 11 6 13 0
5 11 6 14 0
5 11 6 15 0
5 11 7 0 0
5 11 7 1 0
5 11 7 2 0
5 11 7 3 0
5 11 7 4 -0.0008174594652106273
5 11 7 5 0
5 11 7 6 0
5 11 7 7 0
5 11 7 8 0
5 11 7 9 0
5 11 7 10 0
5 11 7 11 0
5 11 7 12 0
5 11 7 13 0
5 11 7 14 0
5 11 7 15 0
5 11 8 0 0
5 11 8 1 0
5 11 8 2 0
5 11 8 3 0
5 11 8 4 0
5 11 8 5 0
5 11 8 6 0
5 11 8 7 0
5 11 8 8 0
5 11 8 9 0
5 11 8 10 0
5 11 8 11 0
5 11 8 12 0
5 11 8 13 0
5 11 8 14 0
5 11 8 15 0
5 11 9 0 0
5 11 9 1 0
5 11 9 2 0
5 11 9 3 0
5 11 9 4 0
5 11 9 5 0
5 11 9 6 0
5 11 9 7 0
5 11 9 8 0
5 11 9 9 0
5 11 9 10 0
5 11 9 11 0
5 11 9 12 0
5 11 9 13 0
5 11 9 14 0
5 11 9 15 0
5 11 10 0 0
5 11 10 1 0
5 11 10 2 0
5 11 10 3 0
5 11 10 4 0
5 11 10 5 0
5 11 10 6 0
5 11 10 7 0
5 11 10 8 0
5 11 10 9 0
5 11 10 10 0
5 11 10 11 0
5 11 10 12 0
5 11 10 13 0
5 11 10 14 0
5 11 10 15 0
5 11 11 0 0
5 11 11 1 0
5 11 11 2 0
5 11 11 3 0
5 11 11 4 0
5 11 11 5 -0.0001255439086470062
5 11 11 6 0
5 11 11 7 0
5 11 11 8 0
5 11 11 9 0
5 11 11 10 0
5 11 11 11 0
5 11 11 12 0
5 11 11 13 0
5 11 11 14 0
5 11 11 15 0
5 11 12 0 -0.0006202668612554113
5 11 12 1 0
5 11 12 2 -0.001588412539147654
5 11 12 3 0
5 11 12 4 0
5 11 12 5 0
5 11 12 6 0
5 11 12 7 0
5 11 12 8 0
5 11 12 9 0
5 11 12 10 0
5 11 12 11 0
5 11 12 12 0
5 11 12 13 0
5 11 12 14 0
5 11 12 15 0
5 11 13 0 0
5 11 13 1 0
5 11 13 2 0
5 11 13 3 0
5 11 13 4 0
5 11 13 5 0
5 11 13 6 0
5 11 13 7 0
5 11 13 8 0
5 11 13 9 0
5 11 13 10 0
5 11 13 11 0
5 11 13 12 0
5 11 13 13 0
5 11 13 14 0
5 11 13 15 0
5 11 14 0 0
5 11 14 1 0
5 11 14 2 0
5 11 14 3 0
5 11 14 4 0
5 11 14 5 0.0002991500269555046
5 11 14 6 0
5 11 14 7 0
5 11 14 8 0
5 11 14 9 0
5 11 14 10 0
5 11 14 11 0
5 11 14 12 0
5 11 14 13 0
5 11 14 14 0
5 11 14 15 0
5 11 15 0 0
5 11 15 1 0
5 11 15 2 0
5 11 15 3 0
5 11 15 4 0
5 11 15 5 0
5 11 15 6 0
5 11 15 7 0
5 11 15 8 0
5 11 15 9 0
5 11 15 10 0
5 11 15 11 0
5 11 15 12 0
5 11 15 13 0
5 11 15 14 0
5 11 15 15 0
5 12 0 0 0
5 12 0 1 0
5 12 0 2 0
5 12 0 3 0
5 12 0 4 0
5 12 0 5 0
5 12 0 6 0
5 12 0 7 0
5 12 0 8 0
5 12 0 9 0
5 12 0 10 0
5 12 0 11 0
5 12 0 12 0
5 12 0 13 0
5 12 0 14 0
5 12 0 15 0
5 12 1 0 0
5 12 1 1 0
5 12 1 2 0
5 12 1 3 0
5 12 1 4 0
5 12 1 5 0
5 12 1 6 0
5 12 1 7 0
5 12 1 8 0
5 12 1 9 0
5 12 1 10 0
5 12 1 11 0
5 12 1 12 0
5 12 1 13 0
5 12 1 14 0
5 12 1 15 0
5 12 2 0 0
5 12 2 1 0
5 12 2 2 0
5 12 2 3 0
5 12 2 4 0
5 12 2 5 0
5 12 2 6 0
5 12 2 7 0
5 12 2 8 0
5 12 2 9 0
5 12 2 10 0
5 12 2 11 0
5 12 2 12 0
5 12 2 13 0
5 12 2 14 0
5 12 2 15 0
5 12 3 0 0
5 12 3 1 0
5 12 3 2 0
5 12 3 3 0
5 12 3 4 0
5 12 3 5 0
5 12 3 6 0
5 12 3 7 0
5 12 3 8 0
5 12 3 9 0
5 12 3 10 0
5 12 3 11 0
5 12 3 12 0
5 12 3 13 0
5 12 3 14 0
5 12 3 15 0
5 12 4 0 0
5 12 4 1 0
5 12 4 2 0
5 12 4 3 0
5 12 4 4 -1.045519180896166e-18
5 12 4 5 0
5 12 4 6 0
5 12 4 7 0
5 12 4 8 0
5 12 4 9 -1.910516897702935e-05
5 12 4 10 0
5 12 4 11 0
5 12 4 12 0
5 12 4 13 0
5 12 4 14 0
5 12 4 15 0
5 12 5 0 0
5 12 5 1 0
5 12 5 2 0
5 12 5 3 0
5 12 5 4 0
5 12 5 5 2.012508298817266e-19
5 12 5 6 0
5 12 5 7 0
5 12 5 8 0
5 12 5 9 0
5 12 5 10 0
5 12 5 11 0
5 12 5 12 1.082550565560747e-05
5 12 5 13 0
5 12 5 14 0
5 12 5 15 0
5 12 6 0 0
5 12 6 1 0
5 12 6 2 0
5 12 6 3 0
5 12 6 4 0
5 12 6 5 0
5 12 6 6 0
5 12 6 7 0
5 12 6 8 0
5 12 6 9 0
5 12 6 10 0
5 12 6 11 0
5 12 6 12 0
5 12 6 13 0
5 12 6 14 0
5 12 6 15 0
5 12 7 0 0
5 12 7 1 0
5 12 7 2 0
5 12 7 3 0
5 12 7 4 0
5 12 7 5 0
5 12 7 6 0
5 12 7 7 0
5 12 7 8 0
5 12 7 9 0
5 12 7 10 0
5 12 7 11 0
5 12 7 12 0
5 12 7 13 0
5 12 7 14 0
5 12 7 15 0
5 12 8 0 0
5 12 8 1 0
5 12 8 2 0
5 12 8 3 0
5 12 8 4 0
5 12 8 5 0
5 12 8 6 0
5 12 8 7 0
5 12 8 8 0
5 12 8 9 0
5 12 8 10 0
5 12 8 11 0
5 12 8 12 0
5 12 8 13 0
5 12 8 14 0
5 12 8 15 0
5 12 9 0 0
5 12 9 1 0
5 12 9 2 0
5 12 9 3 0
5 12 9 4 1.910516897702886e-05
5 12 9 5 0
5 12 9 6 0
5 12 9 7 0
5 12 9 8 0
5 12 9 9 0
5 12 9 10 0
5 12 9 11 0
5 12 9 12 0
5 12 9 13 0
5 12 9 14 0
5 12 9 15 0
5 12 10 0 0
5 12 10 1 0
5 12 10 2 0
5 12 10 3 0
5 12 10 4 0
5 12 10 5 0
5 12 10 6 0
5 12 10 7 0
5 12 10 8 0
5 12 10 9 0
5 12 10 10 0
5 12 10 11 0
5 12 10 12 0
5 12 10 13 0
5 12 10 14 0
5 12 10 15 0
5 12 11 0 0
5 12 11 1 0
5 12 11 2 0
5 12 11 3 0
5 12 11 4 0
5 12 11 5 0
5 12 11 6 0
5 12 11 7 0
5 12 11 8 0
5 12 11 9 0
5 12 11 10 0
5 12 11 11 0
5 12 11 12 0
5 12 11 13 0
5 12 11 14 0
5 12 11 15 0
5 12 12 0 0
5 12 12 1 0
5 12 12 2 0
5 12 12 3 0
5 12 12 4 0
5 12 12 5 -1.082550565560718e-05
5 12 12 6 0
5 12 12 7 0
5 12 12 8 0
5 12 12 9 0
5 12 12 10 0
5 12 12 11 0
5 12 12 12 0
5 12 12 13 0
5 12 12 14 0
5 12 12 15 0
5 12 13 0 0
5 12 13 1 0
5 12 13 2 0
5 12 13 3 0
5 12 13 4 0
5 12 13 5 0
5 12 13 6 0
5 12 13 7 0
5 12 13 8 0
5 12 13 9 0
5 12 13 10 0
5 12 13 11 0
5 12 13 12 0
5 12 13 13 0
5 12 13 14 0
5 12 13 15 0
5 12 14 0 0
5 12 14 1 0
5 12 14 2 0
5 12 14 3 0
5 12 14 4 0
5 12 14 5 0
5 12 14 6 0
5 12 14 7 0
5 12 14 8 0
5 12 14 9 0
5 12 14 10 0
5 12 14 11 0
5 12 14 12 0
5 12 14 13 0
5 12 14 14 0
5 12 14 15 0
5 12 15 0 0
5 12 15 1 0
5 12 15 2 0
5 12 15 3 0
5 12 15 4 0
5 12 15 5 0
5 12 15 6 0
5 12 15 7 0
5 12 15 8 0
5 12 15 9 0
5 12 15 10 0
5 12 15 11 0
5 12 15 12 0
5 12 15 13 0
5 12 15 14 0
5 12 15 15 0
5 13 0 0 0
5 13 0 1 0
5 13 0 2 0
5 13 0 3 0
5 13 0 4 0
5 13 0 5 0
5 13 0 6 0
5 13 0 7 0
5 13 0 8 0
5 13 0 9 0
5 13 0 10 0
5 13 0 11 0
5 13 0 12 0
5 13 0 13 0
5 13 0 14 0
5 13 0 15 0
5 13 1 0 0
5 13 1 1 0
5 13 1 2 0
5 13 1 3 0
5 13 1 4 0
5 13 1 5 0
5 13 1 6 0
5 13 1 7 0
5 13 1 8 0
5 13 1 9 0
5 13 1 10 0
5 13 1 11 0
5 13 1 12 0
5 13 1 13 0
5 13 1 14 0
5 13 1 15 0
5 13 2 0 0
5 13 2 1 0
5 13 2 2 0
5 13 2 3 0
5 13 2 4 0
5 13 2 5 0
5 13 2 6 0
5 13 2 7 0
5 13 2 8 0
5 13 2 9 0
5 13 2 10 0
5 13 2 11 0
5 13 2 12 0
5 13 2 13 0
5 13 2 14 0
5 13 2 15 0
5 13 3 0 0
5 13 3 1 0
5 13 3 2 0
5 13 3 3 0
5 13 3 4 2.800715543542357e-19
5 13 3 5 0
5 13 3 6 0
5 13 3 7 0
5 13 3 8 0
5 13 3 9 -0.0003343338517844047
5 13 3 10 0
5 13 3 11 0
5 13 3 12 0
5 13 3 13 0
5 13 3 14 0
5 13 3 15 0
5 13 4 0 0
5 13 4 1 0
5 13 4 2 0
5 13 4 3 7.726322597596393e-20
5 13 4 4 0
5 13 4 5 0
5 13 4 6 0
5 13 4 7 0
5 13 4 8 5.84671208387728e-06
5 13 4 9 0
5 13 4 10 0
5 13 4 11 0
5 13 4 12 0
5 13 4 13 0
5 13 4 14 0
5 13 4 15 0
5 13 5 0 0
5 13 5 1 0
5 13 5 2 0
5 13 5 3 0
5 13 5 4 0
5 13 5 5 0
5 13 5 6 0.04635966278163518
5 13 5 7 0
5 13 5 8 0
5 13 5 9 0
5 13 5 10 0
5 13 5 11 0
5 13 5 12 0
5 13 5 13 0.003007956669911447
5 13 5 14 0
5 13 5 15 0
5 13 6 0 0
5 13 6 1 0
5 13 6 2 0
5 13 6 3 0
5 13 6 4 0
5 13 6 5 -0.003969613001759283
5 13 6 6 0
5 13 6 7 0
5 13 6 8 0
5 13 6 9 0
5 13 6 10 0
5 13 6 11 0
5 13 6 12 -0.000454860957587293
5 13 6 13 0
5 13 6 14 0
5 13 6 15 0
5 13 7 0 0
5 13 7 1 0
5 13 7 2 0
5 13 7 3 0
5 13 7 4 0
5 13 7 5 0
5 13 7 6 0
5 13 7 7 0
5 13 7 8 0
5 13 7 9 0
5 13 7 10 0
5 13 7 11 0
5 13 7 12 0
5 13 7 13 0
5 13 7 14 0
5 13 7 15 0
5 13 8 0 0
5 13 8 1 0
5 13 8 2 0
5 13 8 3 0
5 13 8 4 -0.0002418475718680761
5 13 8 5 0
5 13 8 6 0
5 13 8 7 0
5 13 8 8 0
5 13 8 9 0
5 13 8 10 0
5 13 8 11 0
5 13 8 12 0
5 13 8 13 0
5 13 8 14 0
5 13 8 15 0
5 13 9 0 0
5 13 9 1 0
5 13 9 2 0
5 13 9 3 4.181754318521877e-05
5 13 9 4 0
5 13 9 5 0
5 13 9 6 0
5 13 9 7 0
5 13 9 8 0
5 13 9 9 0
5 13 9 10 0
5 13 9 11 0
5 13 9 12 0
5 13 9 13 0
5 13 9 14 0
5 13 9 15 0
5 13 10 0 0
5 13 10 1 0
5 13 10 2 0
5 13 10 3 0
5 13 10 4 0
5 13 10 5 0
5 13 10 6 0
5 13 10 7 0
5 13 10 8 0
5 13 10 9 0
5 13 10 10 0
5 13 10 11 0
5 13 10 12 0
5 13 10 13 0
5 13 10 14 0
5 13 10 15 0
5 13 11 0 0
5 13 11 1 0
5 13 11 2 0
5 13 11 3 0
5 13 11 4 0
5 13 11 5 0
5 13 11 6 0
5 13 11 7 0
5 13 11 8 0
5 13 11 9 0
5 13 11 10 0
5 13 11 11 0
5 13 11 12 0
5 13 11 13 0
5 13 11 14 0
5 13 11 15 0
5 13 12 0 0
5 13 12 1 0
5 13 12 2 0
5 13 12 3 0
5 13 12 4 0
5 13 12 5 0
5 13 12 6 0.002942124771747109
5 13 12 7 0
5 13 12 8 0
5 13 12 9 0
5 13 12 10 0
5 13 12 11 0
5 13 12 12 0
5 13 12 13 0
5 13 12 14 0
5 13 12 15 0
5 13 13 0 0
5 13 13 1 0
5 13 13 2 0
5 13 13 3 0
5 13 13 4 0
5 13 13 5 -0.0004702197774237834
5 13 13 6 0
5 13 13 7 0
5 13 13 8 0
5 13 13 9 0
5 13 13 10 0
5 13 13 11 0
5 13 13 12 0
5 13 13 13 0
5 13 13 14 0
5 13 13 15 0
5 13 14 0 0
5 13 14 1 0
5 13 14 2 0
5 13 14 3 0
5 13 14 4 0
5 13 14 5 0
5 13 14 6 0
5 13 14 7 0
5 13 14 8 0
5 13 14 9 0
5 13 14 10 0
5 13 14 11 0
5 13 14 12 0
5 13 14 13 0
5 13 14 14 0
5 13 14 15 0
5 13 15 0 0
5 13 15 1 0
5 13 15 2 0
5 13 15 3 0
5 13 15 4 0
5 13 15 5 0
5 13 15 6 0
5 13 15 7 0
5 13 15 8 0
5 13 15 9 0
5 13 15 10 0
5 13 15 11 0
5 13 15 12 0
5 13 15 13 0
5 13 15 14 0
5 13 15 15 0
5 14 0 0 0
5 14 0 1 0
5 14 0 2 0
5 14 0 3 0
5 14 0 4 0
5 14 0 5 0
5 14 0 6 0
5 14 0 7 0
5 14 0 8 0
5 14 0 9 0
5 14 0 10 0
5 14 0 11 0
5 14 0 12 0
5 14 0 13 0
5 14 0 14 0
5 14 0 15 0
5 14 1 0 0
5 14 1 1 0
5 14 1 2 0
5 14 1 3 0
5 14 1 4 0
5 14 1 5 0
5 14 1 6 0
5 14 1 7 0
5 14 1 8 0
5 14 1 9 0
5 14 1 10 0
5 14 1 11 0
5 14 1 12 0
5 14 1 13 0
5 14 1 14 0
5 14 1 15 0
5 14 2 0 0
5 14 2 1 0
5 14 2 2 0
5 14 2 3 0
5 14 2 4 0
5 14 2 5 -0.01983940773022649
5 14 2 6 0
5 14 2 7 0
5 14 2 8 0
5 14 2 9 0
5 14 2 10 0
5 14 2 11 0
5 14 2 12 -0.001266206349013581
5 14 2 13 0
5 14 2 14 0
5 14 2 15 0
5 14 3 0 0
5 14 3 1 0
5 14 3 2 0
5 14 3 3 0
5 14 3 4 0
5 14 3 5 0
5 14 3 6 0
5 14 3 7 0
5 14 3 8 0
5 14 3 9 0
5 14 3 10 0
5 14 3 11 0
5 14 3 12 0
5 14 3 13 0
5 14 3 14 0
5 14 3 15 0
5 14 4 0 0
5 14 4 1 0
5 14 4 2 0
5 14 4 3 0
5 14 4 4 0
5 14 4 5 0
5 14 4 6 0
5 14 4 7 0.0002271764310989793
5 14 4 8 0
5 14 4 9 0
5 14 4 10 0
5 14 4 11 0
5 14 4 12 0
5 14 4 13 0
5 14 4 14 0
5 14 4 15 0
5 14 5 0 0
5 14 5 1 0
5 14 5 2 0.03605404638513918
5 14 5 3 0
5 14 5 4 0
5 14 5 5 0
5 14 5 6 0
5 14 5 7 0
5 14 5 8 0
5 14 5 9 0
5 14 5 10 0
5 14 5 11 -0.0006094918916134417
5 14 5 12 0
5 14 5 13 0
5 14 5 14 0.0009553605737937382
5 14 5 15 0
5 14 6 0 0
5 14 6 1 0
5 14 6 2 0
5 14 6 3 0
5 14 6 4 0
5 14 6 5 0
5 14 6 6 0
5 14 6 7 0
5 14 6 8 0
5 14 6 9 0
5 14 6 10 0
5 14 6 11 0
5 14 6 12 0
5 14 6 13 0
5 14 6 14 0
5 14 6 15 0
5 14 7 0 0
5 14 7 1 0
5 14 7 2 0
5 14 7 3 0
5 14 7 4 0.0009885779992195882
5 14 7 5 0
5 14 7 6 0
5 14 7 7 0
5 14 7 8 0
5 14 7 9 0
5 14 7 10 0
5 14 7 11 0
5 14 7 12 0
5 14 7 13 0
5 14 7 14 0
5 14 7 15 0
5 14 8 0 0
5 14 8 1 0
5 14 8 2 0
5 14 8 3 0
5 14 8 4 0
5 14 8 5 0
5 14 8 6 0
5 14 8 7 0
5 14 8 8 0
5 14 8 9 0
5 14 8 10 0
5 14 8 11 0
5 14 8 12 0
5 14 8 13 0
5 14 8 14 0
5 14 8 15 0
5 14 9 0 0
5 14 9 1 0
5 14 9 2 0
5 14 9 3 0
5 14 9 4 0
5 14 9 5 0
5 14 9 6 0
5 14 9 7 0
5 14 9 8 0
5 14 9 9 0
5 14 9 10 0
5 14 9 11 0
5 14 9 12 0
5 14 9 13 0
5 14 9 14 0
5 14 9 15 0
5 14 10 0 0
5 14 10 1 0
5 14 10 2 0
5 14 10 3 0
5 14 10 4 0
5 14 10 5 0
5 14 10 6 0
5 14 10 7 0
5 14 10 8 0
5 14 10 9 0
5 14 10 10 0
5 14 10 11 0
5 14 10 12 0
5 14 10 13 0
5 14 10 14 0
5 14 10 15 0
5 14 11 0 0
5 14 11 1 0
5 14 11 2 0
5 14 11 3 0
5 14 11 4 0
5 14 11 5 0.0002991500269555046
5 14 11 6 0
5 14 11 7 0
5 14 11 8 0
5 14 11 9 0
5 14 11 10 0
5 14 11 11 0
5 14 11 12 0
5 14 11 13 0
5 14 11 14 0
5 14 11 15 0
5 14 12 0 0
5 14 12 1 0
5 14 12 2 0.002285167307035823
5 14 12 3 0
5 14 12 4 0
5 14 12 5 0
5 14 12 6 0
5 14 12 7 0
5 14 12 8 0
5 14 12 9 0
5 14 12 10 0
5 14 12 11 0
5 14 12 12 0
5 14 12 13 0
5 14 12 14 0
5 14 12 15 0
5 14 13 0 0
5 14 13 1 0
5 14 13 2 0
5 14 13 3 0
5 14 13 4 0
5 14 13 5 0
5 14 13 6 0
5 14 13 7 0
5 14 13 8 0
5 14 13 9 0
5 14 13 10 0
5 14 13 11 0
5 14 13 12 0
5 14 13 13 0
5 14 13 14 0
5 14 13 15 0
5 14 14 0 0
5 14 14 1 0
5 14 14 2 0
5 14 14 3 0
5 14 14 4 0
5 14 14 5 -0.000569922687381305
5 14 14 6 0
5 14 14 7 0
5 14 14 8 0
5 14 14 9 0
5 14 14 10 0
5 14 14 11 0
5 14 14 12 0
5 14 14 13 0
5 14 14 14 0
5 14 14 15 0
5 14 15 0 0
5 14 15 1 0
5 14 15 2 0
5 14 15 3 0
5 14 15 4 0
5 14 15 5 0
5 14 15 6 0
5 14 15 7 0
5 14 15 8 0
5 14 15 9 0
5 14 15 10 0
5 14 15 11 0
5 14 15 12 0
5 14 15 13 0
5 14 15 14 0
5 14 15 15 0
5 15 0 0 0
5 15 0 1 0
5 15 0 2 0
5 15 0 3 0
5 15 0 4 0
5 15 0 5 0
5 15 0 6 0
5 15 0 7 0
5 15 0 8 0
5 15 0 9 0
5 15 0 10 0
5 15 0 11 0
5 15 0 12 0
5 15 0 13 0
5 15 0 14 0
5 15 0 15 0
5 15 1 0 0
5 15 1 1 0
5 15 1 2 0
5 15 1 3 0
5 15 1 4 0
5 15 1 5 -0.005099762742762671
5 15 1 6 0
5 15 1 7 0
5 15 1 8 0
5 15 1 9 0
5 15 1 10 0
5 15 1 11 0
5 15 1 12 -0.0003162317208471711
5 15 1 13 0
5 15 1 14 0
5 15 1 15 0
5 15 2 0 0
5 15 2 1 0
5 15 2 2 0
5 15 2 3 0
5 15 2 4 0
5 15 2 5 0
5 15 2 6 0
5 15 2 7 0
5 15 2 8 0
5 15 2 9 0
5 15 2 10 0
5 15 2 11 0
5 15 2 12 0
5 15 2 13 0
5 15 2 14 0
5 15 2 15 0
5 15 3 0 0
5 15 3 1 0
5 15 3 2 0
5 15 3 3 0
5 15 3 4 0
5 15 3 5 0
5 15 3 6 0
5 15 3 7 0
5 15 3 8 0
5 15 3 9 0
5 15 3 10 0
5 15 3 11 0
5 15 3 12 0
5 15 3 13 0
5 15 3 14 0
5 15 3 15 0
5 15 4 0 0
5 15 4 1 0
5 15 4 2 0
5 15 4 3 0
5 15 4 4 0
5 15 4 5 0
5 15 4 6 0
5 15 4 7 0
5 15 4 8 0
5 15 4 9 0
5 15 4 10 0
5 15 4 11 0
5 15 4 12 0
5 15 4 13 0
5 15 4 14 0
5 15 4 15 0
5 15 5 0 0
5 15 5 1 0.01144121415185251
5 15 5 2 0
5 15 5 3 0
5 15 5 4 0
5 15 5 5 0
5 15 5 6 0
5 15 5 7 0
5 15 5 8 0
5 15 5 9 0
5 15 5 10 0
5 15 5 11 0
5 15 5 12 0
5 15 5 13 0
5 15 5 14 0
5 15 5 15 9.503759470865474e-05
5 15 6 0 0
5 15 6 1 0
5 15 6 2 0
5 15 6 3 0
5 15 6 4 0
5 15 6 5 0
5 15 6 6 0
5 15 6 7 0
5 15 6 8 0
5 15 6 9 0
5 15 6 10 0
5 15 6 11 0
5 15 6 12 0
5 15 6 13 0
5 15 6 14 0
5 15 6 15 0
5 15 7 0 0
5 15 7 1 0
5 15 7 2 0
5 15 7 3 0
5 15 7 4 0
5 15 7 5 0
5 15 7 6 0
5 15 7 7 0
5 15 7 8 0
5 15 7 9 0
5 15 7 10 0
5 15 7 11 0
5 15 7 12 0
5 15 7 13 0
5 15 7 14 0
5 15 7 15 0
5 15 8 0 0
5 15 8 1 0
5 15 8 2 0
5 15 8 3 0
5 15 8 4 0
5 15 8 5 0
5 15 8 6 0
5 15 8 7 0
5 15 8 8 0
5 15 8 9 0
5 15 8 10 0
5 15 8 11 0
5 15 8 12 0
5 15 8 13 0
5 15 8 14 0
5 15 8 15 0
5 15 9 0 0
5 15 9 1 0
5 15 9 2 0
5 15 9 3 0
5 15 9 4 0
5 15 9 5 0
5 15 9 6 0
5 15 9 7 0
5 15 9 8 0
5 15 9 9 0
5 15 9 10 0
5 15 9 11 0
5 15 9 12 0
5 15 9 13 0
5 15 9 14 0
5 15 9 15 0
5 15 10 0 0
5 15 10 1 0
5 15 10 2 0
5 15 10 3 0
5 15 10 4 0
5 15 10 5 0
5 15 10 6 0
5 15 10 7 0
5 15 10 8 0
5 15 10 9 0
5 15 10 10 0
5 15 10 11 0
5 15 10 12 0
5 15 10 13 0
5 15 10 14 0
5 15 10 15 0
5 15 11 0 0
5 15 11 1 0
5 15 11 2 0
5 15 11 3 0
5 15 11 4 0
5 15 11 5 0
5 15 11 6 0
5 15 11 7 0
5 15 11 8 0
5 15 11 9 0
5 15 11 10 0
5 15 11 11 0
5 15 11 12 0
5 15 11 13 0
5 15 11 14 0
5 15 11 15 0
5 15 12 0 0
5 15 12 1 0.0007244667909822287
5 15 12 2 0
5 15 12 3 0
5 15 12 4 0
5 15 12 5 0
5 15 12 6 0
5 15 12 7 0
5 15 12 8 0
5 15 12 9 0
5 15 12 10 0
5 15 12 11 0
5 15 12 12 0
5 15 12 13 0
5 15 12 14 0
5 15 12 15 0
5 15 13 0 0
5 15 13 1 0
5 15 13 2 0
5 15 13 3 0
5 15 13 4 0
5 15 13 5 0
5 15 13 6 0
5 15 13 7 0
5 15 13 8 0
5 15 13 9 0
5 15 13 10 0
5 15 13 11 0
5 15 13 12 0
5 15 13 13 0
5 15 13 14 0
5 15 13 15 0
5 15 14 0 0
5 15 14 1 0
5 15 14 2 0
5 15 14 3 0
5 15 14 4 0
5 15 14 5 0
5 15 14 6 0
5 15 14 7 0
5 15 14 8 0
5 15 14 9 0
5 15 14 10 0
5 15 14 11 0
5 15 14 12 0
5 15 14 13 0
5 15 14 14 0
5 15 14 15 0
5 15 15 0 0
5 15 15 1 0
5 15 15 2 0
5 15 15 3 0
5 15 15 4 0
5 15 15 5 -3.713142681207426e-05
5 15 15 6 0
5 15 15 7 0
5 15 15 8 0
5 15 15 9 0
5 15 15 10 0
5 15 15 11 0
5 15 15 12 0
5 15 15 13 0
5 15 15 14 0
5 15 15 15 0
6 0 0 0 0
6 0 0 1 0
6 0 0 2 0
6 0 0 3 0
6 0 0 4 0
6 0 0 5 0
6 0 0 6 -0.9754206778963609
6 0 0 7 0
6 0 0 8 0
6 0 0 9 0
6 0 0 10 0
6 0 0 11 0
6 0 0 12 0
6 0 0 13 -0.04635966278163519
6 0 0 14 0
6 0 0 15 0
6 0 1 0 0
6 0 1 1 0
6 0 1 2 0
6 0 1 3 0
6 0 1 4 0
6 0 1 5 0
6 0 1 6 0
6 0 1 7 0
6 0 1 8 0
6 0 1 9 0
6 0 1 10 0
6 0 1 11 0
6 0 1 12 0
6 0 1 13 0
6 0 1 14 0
6 0 1 15 0
6 0 2 0 0
6 0 2 1 0
6 0 2 2 0
6 0 2 3 0
6 0 2 4 0
6 0 2 5 0
6 0 2 6 2.624881862862689e-07
6 0 2 7 0
6 0 2 8 0
6 0 2 9 0
6 0 2 10 0
6 0 2 11 0
6 0 2 12 0
6 0 2 13 0
6 0 2 14 0
6 0 2 15 0
6 0 3 0 0
6 0 3 1 0
6 0 3 2 0
6 0 3 3 0
6 0 3 4 0
6 0 3 5 0
6 0 3 6 0
6 0 3 7 0
6 0 3 8 0
6 0 3 9 0
6 0 3 10 0
6 0 3 11 0
6 0 3 12 0
6 0 3 13 0
6 0 3 14 0
6 0 3 15 0
6 0 4 0 0
6 0 4 1 0
6 0 4 2 0
6 0 4 3 0
6 0 4 4 0
6 0 4 5 0
6 0 4 6 0
6 0 4 7 0
6 0 4 8 0
6 0 4 9 0
6 0 4 10 0
6 0 4 11 0
6 0 4 12 0
6 0 4 13 0
6 0 4 14 0
6 0 4 15 0
6 0 5 0 0
6 0 5 1 0
6 0 5 2 0
6 0 5 3 0
6 0 5 4 0
6 0 5 5 0
6 0 5 6 0
6 0 5 7 0
6 0 5 8 0
6 0 5 9 0
6 0 5 10 0
6 0 5 11 0
6 0 5 12 0
6 0 5 13 0
6 0 5 14 0
6 0 5 15 0
6 0 6 0 1.950770744406493
6 0 6 1 0
6 0 6 2 -0.0002351219134159289
6 0 6 3 0
6 0 6 4 0
6 0 6 5 0
6 0 6 6 0
6 0 6 7 0
6 0 6 8 0
6 0 6 9 0
6 0 6 10 0
6 0 6 11 -0.01182810517969271
6 0 6 12 0
6 0 6 13 0
6 0 6 14 0
6 0 6 15 0
6 0 7 0 0
6 0 7 1 0
6 0 7 2 0
6 0 7 3 0
6 0 7 4 0
6 0 7 5 0
6 0 7 6 0
6 0 7 7 0
6 0 7 8 0
6 0 7 9 0
6 0 7 10 0
6 0 7 11 0
6 0 7 12 0
6 0 7 13 0
6 0 7 14 0
6 0 7 15 0
6 0 8 0 0
6 0 8 1 0
6 0 8 2 0
6 0 8 3 0
6 0 8 4 0
6 0 8 5 0
6 0 8 6 0
6 0 8 7 0
6 0 8 8 0
6 0 8 9 0
6 0 8 10 0
6 0 8 11 0
6 0 8 12 0
6 0 8 13 0
6 0 8 14 0
6 0 8 15 0
6 0 9 0 0
6 0 9 1 0
6 0 9 2 0
6 0 9 3 0
6 0 9 4 0
6 0 9 5 0
6 0 9 6 0
6 0 9 7 0
6 0 9 8 0
6 0 9 9 0
6 0 9 10 0
6 0 9 11 0
6 0 9 12 0
6 0 9 13 0
6 0 9 14 0
6 0 9 15 0
6 0 10 0 0
6 0 10 1 0
6 0 10 2 0
6 0 10 3 0
6 0 10 4 0
6 0 10 5 0
6 0 10 6 0
6 0 10 7 0
6 0 10 8 0
6 0 10 9 0
6 0 10 10 0
6 0 10 11 0
6 0 10 12 0
6 0 10 13 0
6 0 10 14 0
6 0 10 15 0
6 0 11 0 0
6 0 11 1 0
6 0 11 2 0
6 0 11 3 0
6 0 11 4 0
6 0 11 5 0
6 0 11 6 -0.002377447393102956
6 0 11 7 0
6 0 11 8 0
6 0 11 9 0
6 0 11 10 0
6 0 11 11 0
6 0 11 12 0
6 0 11 13 0
6 0 11 14 0
6 0 11 15 0
6 0 12 0 0
6 0 12 1 0
6 0 12 2 0
6 0 12 3 0
6 0 12 4 0
6 0 12 5 0
6 0 12 6 0
6 0 12 7 0
6 0 12 8 0
6 0 12 9 0
6 0 12 10 0
6 0 12 11 0
6 0 12 12 0
6 0 12 13 0
6 0 12 14 0
6 0 12 15 0
6 0 13 0 0.09271932556327038
6 0 13 1 0
6 0 13 2 0
6 0 13 3 0
6 0 13 4 0
6 0 13 5 0
6 0 13 6 0
6 0 13 7 0
6 0 13 8 0
6 0 13 9 0
6 0 13 10 0
6 0 13 11 0
6 0 13 12 0
6 0 13 13 0
6 0 13 14 0
6 0 13 15 0
6 0 14 0 0
6 0 14 1 0
6 0 14 2 0
6 0 14 3 0
6 0 14 4 0
6 0 14 5 0
6 0 14 6 0
6 0 14 7 0
6 0 14 8 0
6 0 14 9 0
6 0 14 10 0
6 0 14 11 0
6 0 14 12 0
6 0 14 13 0
6 0 14 14 0
6 0 14 15 0
6 0 15 0 0
6 0 15 1 0
6 0 15 2 0
6 0 15 3 0
6 0 15 4 0
6 0 15 5 0
6 0 15 6 0
6 0 15 7 0
6 0 15 8 0
6 0 15 9 0
6 0 15 10 0
6 0 15 11 0
6 0 15 12 0
6 0 15 13 0
6 0 15 14 0
6 0 15 15 0
6 1 0 0 0
6 1 0 1 0
6 1 0 2 0
6 1 0 3 0
6 1 0 4 0
6 1 0 5 0
6 1 0 6 0
6 1 0 7 0
6 1 0 8 0
6 1 0 9 0
6 1 0 10 0
6 1 0 11 0
6 1 0 12 0
6 1 0 13 0
6 1 0 14 0
6 1 0 15 0
6 1 1 0 0
6 1 1 1 0
6 1 1 2 0
6 1 1 3 0
6 1 1 4 0
6 1 1 5 0
6 1 1 6 -0.9754963043894722
6 1 1 7 0
6 1 1 8 0
6 1 1 9 0
6 1 1 10 0
6 1 1 11 0
6 1 1 12 0
6 1 1 13 -0.04635966278163519
6 1 1 14 0
6 1 1 15 0
6 1 2 0 0
6 1 2 1 0
6 1 2 2 0
6 1 2 3 0
6 1 2 4 0
6 1 2 5 0
6 1 2 6 0
6 1 2 7 0
6 1 2 8 0
6 1 2 9 0
6 1 2 10 0
6 1 2 11 0
6 1 2 12 0
6 1 2 13 0
6 1 2 14 0
6 1 2 15 0
6 1 3 0 0
6 1 3 1 0
6 1 3 2 0
6 1 3 3 0
6 1 3 4 0
6 1 3 5 0
6 1 3 6 0
6 1 3 7 0
6 1 3 8 0
6 1 3 9 0
6 1 3 10 0
6 1 3 11 0
6 1 3 12 0
6 1 3 13 0
6 1 3 14 0
6 1 3 15 0
6 1 4 0 0
6 1 4 1 0
6 1 4 2 0
6 1 4 3 0
6 1 4 4 0
6 1 4 5 0
6 1 4 6 0
6 1 4 7 0
6 1 4 8 0
6 1 4 9 0
6 1 4 10 0
6 1 4 11 0
6 1 4 12 0
6 1 4 13 0
6 1 4 14 0
6 1 4 15 0
6 1 5 0 0
6 1 5 1 0
6 1 5 2 0
6 1 5 3 0
6 1 5 4 0
6 1 5 5 0
6 1 5 6 0
6 1 5 7 0
6 1 5 8 0
6 1 5 9 0
6 1 5 10 0
6 1 5 11 0
6 1 5 12 0
6 1 5 13 0
6 1 5 14 0
6 1 5 15 0
6 1 6 0 0
6 1 6 1 1.950972283179388
6 1 6 2 0
6 1 6 3 0
6 1 6 4 0
6 1 6 5 0
6 1 6 6 0
6 1 6 7 0
6 1 6 8 0
6 1 6 9 0
6 1 6 10 0
6 1 6 11 0
6 1 6 12 0
6 1 6 13 0
6 1 6 14 0
6 1 6 15 0.01144121415185251
6 1 7 0 0
6 1 7 1 0
6 1 7 2 0
6 1 7 3 0
6 1 7 4 0
6 1 7 5 0
6 1 7 6 0
6 1 7 7 0
6 1 7 8 0
6 1 7 9 0
6 1 7 10 0
6 1 7 11 0
6 1 7 12 0
6 1 7 13 0
6 1 7 14 0
6 1 7 15 0
6 1 8 0 0
6 1 8 1 0
6 1 8 2 0
6 1 8 3 0
6 1 8 4 0
6 1 8 5 0
6 1 8 6 0
6 1 8 7 0
6 1 8 8 0
6 1 8 9 0
6 1 8 10 0
6 1 8 11 0
6 1 8 12 0
6 1 8 13 0
6 1 8 14 0
6 1 8 15 0
6 1 9 0 0
6 1 9 1 0
6 1 9 2 0
6 1 9 3 0
6 1 9 4 0
6 1 9 5 0
6 1 9 6 0
6 1 9 7 0
6 1 9 8 0
6 1 9 9 0
6 1 9 10 0
6 1 9 11 0
6 1 9 12 0
6 1 9 13 0
6 1 9 14 0
6 1 9 15 0
6 1 10 0 0
6 1 10 1 0
6 1 10 2 0
6 1 10 3 0
6 1 10 4 0
6 1 10 5 0
6 1 10 6 0
6 1 10 7 0
6 1 10 8 0
6 1 10 9 0
6 1 10 10 0
6 1 10 11 0
6 1 10 12 0
6 1 10 13 0
6 1 10 14 0
6 1 10 15 0
6 1 11 0 0
6 1 11 1 0
6 1 11 2 0
6 1 11 3 0
6 1 11 4 0
6 1 11 5 0
6 1 11 6 0
6 1 11 7 0
6 1 11 8 0
6 1 11 9 0
6 1 11 10 0
6 1 11 11 0
6 1 11 12 0
6 1 11 13 0
6 1 11 14 0
6 1 11 15 0
6 1 12 0 0
6 1 12 1 0
6 1 12 2 0
6 1 12 3 0
6 1 12 4 0
6 1 12 5 0
6 1 12 6 0
6 1 12 7 0
6 1 12 8 0
6 1 12 9 0
6 1 12 10 0
6 1 12 11 0
6 1 12 12 0
6 1 12 13 0
6 1 12 14 0
6 1 12 15 0
6 1 13 0 0
6 1 13 1 0.09271932556327038
6 1 13 2 0
6 1 13 3 0
6 1 13 4 0
6 1 13 5 0
6 1 13 6 0
6 1 13 7 0
6 1 13 8 0
6 1 13 9 0
6 1 13 10 0
6 1 13 11 0
6 1 13 12 0
6 1 13 13 0
6 1 13 14 0
6 1 13 15 0
6 1 14 0 0
6 1 14 1 0
6 1 14 2 0
6 1 14 3 0
6 1 14 4 0
6 1 14 5 0
6 1 14 6 0
6 1 14 7 0
6 1 14 8 0
6 1 14 9 0
6 1 14 10 0
6 1 14 11 0
6 1 14 12 0
6 1 14 13 0
6 1 14 14 0
6 1 14 15 0
6 1 15 0 0
6 1 15 1 0
6 1 15 2 0
6 1 15 3 0
6 1 15 4 0
6 1 15 5 0
6 1 15 6 -0.005041589636403085
6 1 15 7 0
6 1 15 8 0
6 1 15 9 0
6 1 15 10 0
6 1 15 11 0
6 1 15 12 0
6 1 15 13 0
6 1 15 14 0
6 1 15 15 0
6 2 0 0 0
6 2 0 1 0
6 2 0 2 0
6 2 0 3 0
6 2 0 4 0
6 2 0 5 0
6 2 0 6 2.624881862862689e-07
6 2 0 7 0
6 2 0 8 0
6 2 0 9 0
6 2 0 10 0
6 2 0 11 0
6 2 0 12 0
6 2 0 13 0
6 2 0 14 0
6 2 0 15 0
6 2 1 0 0
6 2 1 1 0
6 2 1 2 0
6 2 1 3 0
6 2 1 4 0
6 2 1 5 0
6 2 1 6 0
6 2 1 7 0
6 2 1 8 0
6 2 1 9 0
6 2 1 10 0
6 2 1 11 0
6 2 1 12 0
6 2 1 13 0
6 2 1 14 0
6 2 1 15 0
6 2 2 0 0
6 2 2 1 0
6 2 2 2 0
6 2 2 3 0
6 2 2 4 0
6 2 2 5 0
6 2 2 6 -0.7728922918335637
6 2 2 7 0
6 2 2 8 0
6 2 2 9 0
6 2 2 10 0
6 2 2 11 0
6 2 2 12 0
6 2 2 13 -0.04635966278163519
6 2 2 14 0
6 2 2 15 0
6 2 3 0 0
6 2 3 1 0
6 2 3 2 0
6 2 3 3 0
6 2 3 4 0
6 2 3 5 0
6 2 3 6 0
6 2 3 7 3.829486270049655e-05
6 2 3 8 0
6 2 3 9 0
6 2 3 10 0
6 2 3 11 0
6 2 3 12 0
6 2 3 13 0
6 2 3 14 0
6 2 3 15 0
6 2 4 0 0
6 2 4 1 0
6 2 4 2 0
6 2 4 3 0
6 2 4 4 0
6 2 4 5 0
6 2 4 6 0
6 2 4 7 0
6 2 4 8 0
6 2 4 9 0
6 2 4 10 0
6 2 4 11 0
6 2 4 12 0
6 2 4 13 0
6 2 4 14 0
6 2 4 15 0
6 2 5 0 0
6 2 5 1 0
6 2 5 2 0
6 2 5 3 0
6 2 5 4 0
6 2 5 5 0
6 2 5 6 0
6 2 5 7 0
6 2 5 8 0
6 2 5 9 0
6 2 5 10 0
6 2 5 11 0
6 2 5 12 0
6 2 5 13 0
6 2 5 14 0
6 2 5 15 0
6 2 6 0 -0.0002351219134159289
6 2 6 1 0
6 2 6 2 1.547291160161155
6 2 6 3 0
6 2 6 4 0
6 2 6 5 0
6 2 6 6 0
6 2 6 7 0
6 2 6 8 0
6 2 6 9 0
6 2 6 10 0
6 2 6 11 -0.02507076762911946
6 2 6 12 0
6 2 6 13 0
6 2 6 14 0.03605404638513918
6 2 6 15 0
6 2 7 0 0
6 2 7 1 0
6 2 7 2 0
6 2 7 3 0.2941925768110161
6 2 7 4 0
6 2 7 5 0
6 2 7 6 0
6 2 7 7 0
6 2 7 8 0
6 2 7 9 0
6 2 7 10 0
6 2 7 11 0
6 2 7 12 0
6 2 7 13 0
6 2 7 14 0
6 2 7 15 0
6 2 8 0 0
6 2 8 1 0
6 2 8 2 0
6 2 8 3 0
6 2 8 4 0
6 2 8 5 0
6 2 8 6 0
6 2 8 7 0
6 2 8 8 0
6 2 8 9 0
6 2 8 10 0
6 2 8 11 0
6 2 8 12 0
6 2 8 13 0
6 2 8 14 0
6 2 8 15 0
6 2 9 0 0
6 2 9 1 0
6 2 9 2 0
6 2 9 3 0
6 2 9 4 0
6 2 9 5 0
6 2 9 6 0
6 2 9 7 0
6 2 9 8 0
6 2 9 9 0
6 2 9 10 0
6 2 9 11 0
6 2 9 12 0
6 2 9 13 0
6 2 9 14 0
6 2 9 15 0
6 2 10 0 0
6 2 10 1 0
6 2 10 2 0
6 2 10 3 0
6 2 10 4 0
6 2 10 5 0
6 2 10 6 0
6 2 10 7 0
6 2 10 8 0
6 2 10 9 0
6 2 10 10 0
6 2 10 11 0
6 2 10 12 0
6 2 10 13 0
6 2 10 14 0
6 2 10 15 0
6 2 11 0 0
6 2 11 1 0
6 2 11 2 0
6 2 11 3 0
6 2 11 4 0
6 2 11 5 0
6 2 11 6 0.00937686353698541
6 2 11 7 0
6 2 11 8 0
6 2 11 9 0
6 2 11 10 0
6 2 11 11 0
6 2 11 12 0
6 2 11 13 0
6 2 11 14 0
6 2 11 15 0
6 2 12 0 0
6 2 12 1 0
6 2 12 2 0
6 2 12 3 0
6 2 12 4 0
6 2 12 5 0
6 2 12 6 0
6 2 12 7 0
6 2 12 8 0
6 2 12 9 0
6 2 12 10 0
6 2 12 11 0
6 2 12 12 0
6 2 12 13 0
6 2 12 14 0
6 2 12 15 0
6 2 13 0 0
6 2 13 1 0
6 2 13 2 0.09271932556327038
6 2 13 3 0
6 2 13 4 0
6 2 13 5 0
6 2 13 6 0
6 2 13 7 0
6 2 13 8 0
6 2 13 9 0
6 2 13 10 0
6 2 13 11 0
6 2 13 12 0
6 2 13 13 0
6 2 13 14 0
6 2 13 15 0
6 2 14 0 0
6 2 14 1 0
6 2 14 2 0
6 2 14 3 0
6 2 14 4 0
6 2 14 5 0
6 2 14 6 -0.01698924600753226
6 2 14 7 0
6 2 14 8 0
6 2 14 9 0
6 2 14 10 0
6 2 14 11 0
6 2 14 12 0
6 2 14 13 0
6 2 14 14 0
6 2 14 15 0
6 2 15 0 0
6 2 15 1 0
6 2 15 2 0
6 2 15 3 0
6 2 15 4 0
6 2 15 5 0
6 2 15 6 0
6 2 15 7 0
6 2 15 8 0
6 2 15 9 0
6 2 15 10 0
6 2 15 11 0
6 2 15 12 0
6 2 15 13 0
6 2 15 14 0
6 2 15 15 0
6 3 0 0 0
6 3 0 1 0
6 3 0 2 0
6 3 0 3 0
6 3 0 4 0
6 3 0 5 0
6 3 0 6 0
6 3 0 7 0
6 3 0 8 0
6 3 0 9 0
6 3 0 10 0
6 3 0 11 0
6 3 0 12 0
6 3 0 13 0
6 3 0 14 0
6 3 0 15 0
6 3 1 0 0
6 3 1 1 0
6 3 1 2 0
6 3 1 3 0
6 3 1 4 0
6 3 1 5 0
6 3 1 6 0
6 3 1 7 0
6 3 1 8 0
6 3 1 9 0
6 3 1 10 0
6 3 1 11 0
6 3 1 12 0
6 3 1 13 0
6 3 1 14 0
6 3 1 15 0
6 3 2 0 0
6 3 2 1 0
6 3 2 2 0
6 3 2 3 0
6 3 2 4 0
6 3 2 5 0
6 3 2 6 0
6 3 2 7 0
6 3 2 8 0
6 3 2 9 0
6 3 2 10 0
6 3 2 11 0
6 3 2 12 0
6 3 2 13 0
6 3 2 14 0
6 3 2 15 0
6 3 3 0 0
6 3 3 1 0
6 3 3 2 0
6 3 3 3 0
6 3 3 4 0
6 3 3 5 0
6 3 3 6 -0.8887556395779921
6 3 3 7 0
6 3 3 8 0
6 3 3 9 0
6 3 3 10 0
6 3 3 11 0
6 3 3 12 0
6 3 3 13 -0.04631414856521469
6 3 3 14 0
6 3 3 15 0
6 3 4 0 0
6 3 4 1 0
6 3 4 2 0
6 3 4 3 0
6 3 4 4 0
6 3 4 5 0
6 3 4 6 0
6 3 4 7 0
6 3 4 8 0
6 3 4 9 0
6 3 4 10 0
6 3 4 11 0
6 3 4 12 0
6 3 4 13 0
6 3 4 14 0
6 3 4 15 0
6 3 5 0 0
6 3 5 1 0
6 3 5 2 0
6 3 5 3 0
6 3 5 4 0
6 3 5 5 0
6 3 5 6 0
6 3 5 7 0
6 3 5 8 0
6 3 5 9 0
6 3 5 10 0
6 3 5 11 0
6 3 5 12 0
6 3 5 13 0
6 3 5 14 0
6 3 5 15 0
6 3 6 0 0
6 3 6 1 0
6 3 6 2 0
6 3 6 3 0.8888296048026155
6 3 6 4 0
6 3 6 5 0
6 3 6 6 0
6 3 6 7 0
6 3 6 8 0.04876966629806405
6 3 6 9 0
6 3 6 10 0
6 3 6 11 0
6 3 6 12 0
6 3 6 13 0
6 3 6 14 0
6 3 6 15 0
6 3 7 0 0
6 3 7 1 0
6 3 7 2 0
6 3 7 3 0
6 3 7 4 0
6 3 7 5 0
6 3 7 6 0
6 3 7 7 0
6 3 7 8 0
6 3 7 9 0
6 3 7 10 0
6 3 7 11 0
6 3 7 12 0
6 3 7 13 0
6 3 7 14 0
6 3 7 15 0
6 3 8 0 0
6 3 8 1 0
6 3 8 2 0
6 3 8 3 0
6 3 8 4 0
6 3 8 5 0
6 3 8 6 -0.04882637366908132
6 3 8 7 0
6 3 8 8 0
6 3 8 9 0
6 3 8 10 0
6 3 8 11 0
6 3 8 12 0
6 3 8 13 0
6 3 8 14 0
6 3 8 15 0
6 3 9 0 0
6 3 9 1 0
6 3 9 2 0
6 3 9 3 0
6 3 9 4 0
6 3 9 5 0
6 3 9 6 0
6 3 9 7 0
6 3 9 8 0
6 3 9 9 0
6 3 9 10 0
6 3 9 11 0
6 3 9 12 0
6 3 9 13 0
6 3 9 14 0
6 3 9 15 0
6 3 10 0 0
6 3 10 1 0
6 3 10 2 0
6 3 10 3 0
6 3 10 4 0
6 3 10 5 0
6 3 10 6 0
6 3 10 7 0
6 3 10 8 0
6 3 10 9 0
6 3 10 10 0
6 3 10 11 0
6 3 10 12 0
6 3 10 13 0
6 3 10 14 0
6 3 10 15 0
6 3 11 0 0
6 3 11 1 0
6 3 11 2 0
6 3 11 3 0
6 3 11 4 0
6 3 11 5 0
6 3 11 6 0
6 3 11 7 0
6 3 11 8 0
6 3 11 9 0
6 3 11 10 0
6 3 11 11 0
6 3 11 12 0
6 3 11 13 0
6 3 11 14 0
6 3 11 15 0
6 3 12 0 0
6 3 12 1 0
6 3 12 2 0
6 3 12 3 0
6 3 12 4 0
6 3 12 5 0
6 3 12 6 0
6 3 12 7 0
6 3 12 8 0
6 3 12 9 0
6 3 12 10 0
6 3 12 11 0
6 3 12 12 0
6 3 12 13 0
6 3 12 14 0
6 3 12 15 0
6 3 13 0 0
6 3 13 1 0
6 3 13 2 0
6 3 13 3 0.04635966278163519
6 3 13 4 0
6 3 13 5 0
6 3 13 6 0
6 3 13 7 0
6 3 13 8 0
6 3 13 9 0
6 3 13 10 0
6 3 13 11 0
6 3 13 12 0
6 3 13 13 0
6 3 13 14 0
6 3 13 15 0
6 3 14 0 0
6 3 14 1 0
6 3 14 2 0
6 3 14 3 0
6 3 14 4 0
6 3 14 5 0
6 3 14 6 0
6 3 14 7 0
6 3 14 8 0
6 3 14 9 0
6 3 14 10 0
6 3 14 11 0
6 3 14 12 0
6 3 14 13 0
6 3 14 14 0
6 3 14 15 0
6 3 15 0 0
6 3 15 1 0
6 3 15 2 0
6 3 15 3 0
6 3 15 4 0
6 3 15 5 0
6 3 15 6 0
6 3 15 7 0
6 3 15 8 0
6 3 15 9 0
6 3 15 10 0
6 3 15 11 0
6 3 15 12 0
6 3 15 13 0
6 3 15 14 0
6 3 15 15 0
6 4 0 0 0
6 4 0 1 0
6 4 0 2 0
6 4 0 3 0
6 4 0 4 0
6 4 0 5 0
6 4 0 6 0
6 4 0 7 0
6 4 0 8 0
6 4 0 9 0
6 4 0 10 0
6 4 0 11 0
6 4 0 12 0
6 4 0 13 0
6 4 0 14 0
6 4 0 15 0
6 4 1 0 0
6 4 1 1 0
6 4 1 2 0
6 4 1 3 0
6 4 1 4 0
6 4 1 5 0
6 4 1 6 0
6 4 1 7 0
6 4 1 8 0
6 4 1 9 0
6 4 1 10 0
6 4 1 11 0
6 4 1 12 0
6 4 1 13 0
6 4 1 14 0
6 4 1 15 0
6 4 2 0 0
6 4 2 1 0
6 4 2 2 0
6 4 2 3 0
6 4 2 4 0
6 4 2 5 0
6 4 2 6 0
6 4 2 7 0
6 4 2 8 0
6 4 2 9 0
6 4 2 10 0
6 4 2 11 0
6 4 2 12 0
6 4 2 13 0
6 4 2 14 0
6 4 2 15 0
6 4 3 0 0
6 4 3 1 0
6 4 3 2 0
6 4 3 3 0
6 4 3 4 0
6 4 3 5 6.186311376645576e-07
6 4 3 6 0
6 4 3 7 0
6 4 3 8 0
6 4 3 9 0
6 4 3 10 0
6 4 3 11 0
6 4 3 12 2.079406701917196e-05
6 4 3 13 0
6 4 3 14 0
6 4 3 15 0
6 4 4 0 0
6 4 4 1 0
6 4 4 2 0
6 4 4 3 0
6 4 4 4 0
6 4 4 5 0
6 4 4 6 -0.04239539609896004
6 4 4 7 0
6 4 4 8 0
6 4 4 9 0
6 4 4 10 0
6 4 4 11 0
6 4 4 12 0
6 4 4 13 -0.002514141864046212
6 4 4 14 0
6 4 4 15 0
6 4 5 0 0
6 4 5 1 0
6 4 5 2 0
6 4 5 3 0.01364451787532967
6 4 5 4 0
6 4 5 5 0
6 4 5 6 0
6 4 5 7 0
6 4 5 8 -0.003418040703874578
6 4 5 9 0
6 4 5 10 0
6 4 5 11 0
6 4 5 12 0
6 4 5 13 0
6 4 5 14 0
6 4 5 15 0
6 4 6 0 0
6 4 6 1 0
6 4 6 2 0
6 4 6 3 0
6 4 6 4 0.9749210204309942
6 4 6 5 0
6 4 6 6 0
6 4 6 7 0
6 4 6 8 0
6 4 6 9 0.04779038032658828
6 4 6 10 0
6 4 6 11 0
6 4 6 12 0
6 4 6 13 0
6 4 6 14 0
6 4 6 15 0
6 4 7 0 0
6 4 7 1 0
6 4 7 2 0
6 4 7 3 0
6 4 7 4 0
6 4 7 5 0
6 4 7 6 0
6 4 7 7 0
6 4 7 8 0
6 4 7 9 0
6 4 7 10 0
6 4 7 11 0
6 4 7 12 0
6 4 7 13 0
6 4 7 14 0
6 4 7 15 0
6 4 8 0 0
6 4 8 1 0
6 4 8 2 0
6 4 8 3 0
6 4 8 4 0
6 4 8 5 -3.18901567356515e-05
6 4 8 6 0
6 4 8 7 0
6 4 8 8 0
6 4 8 9 0
6 4 8 10 0
6 4 8 11 0
6 4 8 12 0
6 4 8 13 0
6 4 8 14 0
6 4 8 15 0
6 4 9 0 0
6 4 9 1 0
6 4 9 2 0
6 4 9 3 0
6 4 9 4 0
6 4 9 5 0
6 4 9 6 -0.004195003065927124
6 4 9 7 0
6 4 9 8 0
6 4 9 9 0
6 4 9 10 0
6 4 9 11 0
6 4 9 12 0
6 4 9 13 0
6 4 9 14 0
6 4 9 15 0
6 4 10 0 0
6 4 10 1 0
6 4 10 2 0
6 4 10 3 0
6 4 10 4 0
6 4 10 5 0
6 4 10 6 0
6 4 10 7 0
6 4 10 8 0
6 4 10 9 0
6 4 10 10 0
6 4 10 11 0
6 4 10 12 0
6 4 10 13 0
6 4 10 14 0
6 4 10 15 0
6 4 11 0 0
6 4 11 1 0
6 4 11 2 0
6 4 11 3 0
6 4 11 4 0
6 4 11 5 0
6 4 11 6 0
6 4 11 7 0
6 4 11 8 0
6 4 11 9 0
6 4 11 10 0
6 4 11 11 0
6 4 11 12 0
6 4 11 13 0
6 4 11 14 0
6 4 11 15 0
6 4 12 0 0
6 4 12 1 0
6 4 12 2 0
6 4 12 3 -0.002815253998645312
6 4 12 4 0
6 4 12 5 0
6 4 12 6 0
6 4 12 7 0
6 4 12 8 0
6 4 12 9 0
6 4 12 10 0
6 4 12 11 0
6 4 12 12 0
6 4 12 13 0
6 4 12 14 0
6 4 12 15 0
6 4 13 0 0
6 4 13 1 0
6 4 13 2 0
6 4 13 3 0
6 4 13 4 0.04635966278163518
6 4 13 5 0
6 4 13 6 0
6 4 13 7 0
6 4 13 8 0
6 4 13 9 0
6 4 13 10 0
6 4 13 11 0
6 4 13 12 0
6 4 13 13 0
6 4 13 14 0
6 4 13 15 0
6 4 14 0 0
6 4 14 1 0
6 4 14 2 0
6 4 14 3 0
6 4 14 4 0
6 4 14 5 0
6 4 14 6 0
6 4 14 7 0
6 4 14 8 0
6 4 14 9 0
6 4 14 10 0
6 4 14 11 0
6 4 14 12 0
6 4 14 13 0
6 4 14 14 0
6 4 14 15 0
6 4 15 0 0
6 4 15 1 0
6 4 15 2 0
6 4 15 3 0
6 4 15 4 0
6 4 15 5 0
6 4 15 6 0
6 4 15 7 0
6 4 15 8 0
6 4 15 9 0
6 4 15 10 0
6 4 15 11 0
6 4 15 12 0
6 4 15 13 0
6 4 15 14 0
6 4 15 15 0
6 5 0 0 0
6 5 0 1 0
6 5 0 2 0
6 5 0 3 0
6 5 0 4 0
6 5 0 5 0
6 5 0 6 0
6 5 0 7 0
6 5 0 8 0
6 5 0 9 0
6 5 0 10 0
6 5 0 11 0
6 5 0 12 0
6 5 0 13 0
6 5 0 14 0
6 5 0 15 0
6 5 1 0 0
6 5 1 1 0
6 5 1 2 0
6 5 1 3 0
6 5 1 4 0
6 5 1 5 0
6 5 1 6 0
6 5 1 7 0
6 5 1 8 0
6 5 1 9 0
6 5 1 10 0
6 5 1 11 0
6 5 1 12 0
6 5 1 13 0
6 5 1 14 0
6 5 1 15 0
6 5 2 0 0
6 5 2 1 0
6 5 2 2 0
6 5 2 3 0
6 5 2 4 0
6 5 2 5 0
6 5 2 6 0
6 5 2 7 0
6 5 2 8 0
6 5 2 9 0
6 5 2 10 0
6 5 2 11 0
6 5 2 12 0
6 5 2 13 0
6 5 2 14 0
6 5 2 15 0
6 5 3 0 0
6 5 3 1 0
6 5 3 2 0
6 5 3 3 0
6 5 3 4 -1.103797868778859e-05
6 5 3 5 0
6 5 3 6 0
6 5 3 7 0
6 5 3 8 0
6 5 3 9 3.669797760580082e-05
6 5 3 10 0
6 5 3 11 0
6 5 3 12 0
6 5 3 13 0
6 5 3 14 0
6 5 3 15 0
6 5 4 0 0
6 5 4 1 0
6 5 4 2 0
6 5 4 3 0.01100183218142669
6 5 4 4 0
6 5 4 5 0
6 5 4 6 0
6 5 4 7 0
6 5 4 8 -0.00397890966944655
6 5 4 9 0
6 5 4 10 0
6 5 4 11 0
6 5 4 12 0
6 5 4 13 0
6 5 4 14 0
6 5 4 15 0
6 5 5 0 0
6 5 5 1 0
6 5 5 2 0
6 5 5 3 0
6 5 5 4 0
6 5 5 5 0
6 5 5 6 -0.05304246056980035
6 5 5 7 0
6 5 5 8 0
6 5 5 9 0
6 5 5 10 0
6 5 5 11 0
6 5 5 12 0
6 5 5 13 -0.003969613001759283
6 5 5 14 0
6 5 5 15 0
6 5 6 0 0
6 5 6 1 0
6 5 6 2 0
6 5 6 3 0
6 5 6 4 0
6 5 6 5 0.9699638352526371
6 5 6 6 0
6 5 6 7 0
6 5 6 8 0
6 5 6 9 0
6 5 6 10 0
6 5 6 11 0
6 5 6 12 0.04561282826039284
6 5 6 13 0
6 5 6 14 0
6 5 6 15 0
6 5 7 0 0
6 5 7 1 0
6 5 7 2 0
6 5 7 3 0
6 5 7 4 0
6 5 7 5 0
6 5 7 6 0
6 5 7 7 0
6 5 7 8 0
6 5 7 9 0
6 5 7 10 0
6 5 7 11 0
6 5 7 12 0
6 5 7 13 0
6 5 7 14 0
6 5 7 15 0
6 5 8 0 0
6 5 8 1 0
6 5 8 2 0
6 5 8 3 0
6 5 8 4 3.677988287950961e-05
6 5 8 5 0
6 5 8 6 0
6 5 8 7 0
6 5 8 8 0
6 5 8 9 0
6 5 8 10 0
6 5 8 11 0
6 5 8 12 0
6 5 8 13 0
6 5 8 14 0
6 5 8 15 0
6 5 9 0 0
6 5 9 1 0
6 5 9 2 0
6 5 9 3 -0.004922854978219807
6 5 9 4 0
6 5 9 5 0
6 5 9 6 0
6 5 9 7 0
6 5 9 8 0
6 5 9 9 0
6 5 9 10 0
6 5 9 11 0
6 5 9 12 0
6 5 9 13 0
6 5 9 14 0
6 5 9 15 0
6 5 10 0 0
6 5 10 1 0
6 5 10 2 0
6 5 10 3 0
6 5 10 4 0
6 5 10 5 0
6 5 10 6 0
6 5 10 7 0
6 5 10 8 0
6 5 10 9 0
6 5 10 10 0
6 5 10 11 0
6 5 10 12 0
6 5 10 13 0
6 5 10 14 0
6 5 10 15 0
6 5 11 0 0
6 5 11 1 0
6 5 11 2 0
6 5 11 3 0
6 5 11 4 0
6 5 11 5 0
6 5 11 6 0
6 5 11 7 0
6 5 11 8 0
6 5 11 9 0
6 5 11 10 0
6 5 11 11 0
6 5 11 12 0
6 5 11 13 0
6 5 11 14 0
6 5 11 15 0
6 5 12 0 0
6 5 12 1 0
6 5 12 2 0
6 5 12 3 0
6 5 12 4 0
6 5 12 5 0
6 5 12 6 -0.004065874669564223
6 5 12 7 0
6 5 12 8 0
6 5 12 9 0
6 5 12 10 0
6 5 12 11 0
6 5 12 12 0
6 5 12 13 0
6 5 12 14 0
6 5 12 15 0
6 5 13 0 0
6 5 13 1 0
6 5 13 2 0
6 5 13 3 0
6 5 13 4 0
6 5 13 5 0.04635966278163518
6 5 13 6 0
6 5 13 7 0
6 5 13 8 0
6 5 13 9 0
6 5 13 10 0
6 5 13 11 0
6 5 13 12 0
6 5 13 13 0
6 5 13 14 0
6 5 13 15 0
6 5 14 0 0
6 5 14 1 0
6 5 14 2 0
6 5 14 3 0
6 5 14 4 0
6 5 14 5 0
6 5 14 6 0
6 5 14 7 0
6 5 14 8 0
6 5 14 9 0
6 5 14 10 0
6 5 14 11 0
6 5 14 12 0
6 5 14 13 0
6 5 14 14 0
6 5 14 15 0
6 5 15 0 0
6 5 15 1 0
6 5 15 2 0
6 5 15 3 0
6 5 15 4 0
6 5 15 5 0
6 5 15 6 0
6 5 15 7 0
6 5 15 8 0
6 5 15 9 0
6 5 15 10 0
6 5 15 11 0
6 5 15 12 0
6 5 15 13 0
6 5 15 14 0
6 5 15 15 0
6 6 0 0 0
6 6 0 1 0
6 6 0 2 0
6 6 0 3 0
6 6 0 4 0
6 6 0 5 0
6 6 0 6 0
6 6 0 7 0
6 6 0 8 0
6 6 0 9 0
6 6 0 10 0
6 6 0 11 0
6 6 0 12 0
6 6 0 13 0
6 6 0 14 0
6 6 0 15 0
6 6 1 0 0
6 6 1 1 0
6 6 1 2 0
6 6 1 3 0
6 6 1 4 0
6 6 1 5 0
6 6 1 6 0
6 6 1 7 0
6 6 1 8 0
6 6 1 9 0
6 6 1 10 0
6 6 1 11 0
6 6 1 12 0
6 6 1 13 0
6 6 1 14 0
6 6 1 15 0
6 6 2 0 0
6 6 2 1 0
6 6 2 2 0
6 6 2 3 0
6 6 2 4 0
6 6 2 5 0
6 6 2 6 0
6 6 2 7 0
6 6 2 8 0
6 6 2 9 0
6 6 2 10 0
6 6 2 11 0
6 6 2 12 0
6 6 2 13 0
6 6 2 14 0
6 6 2 15 0
6 6 3 0 0
6 6 3 1 0
6 6 3 2 0
6 6 3 3 -0.1025376984977824
6 6 3 4 0
6 6 3 5 0
6 6 3 6 0
6 6 3 7 0
6 6 3 8 -3.183230376630195e-20
6 6 3 9 0
6 6 3 10 0
6 6 3 11 0
6 6 3 12 0
6 6 3 13 0
6 6 3 14 0
6 6 3 15 0
6 6 4 0 0
6 6 4 1 0
6 6 4 2 0
6 6 4 3 0
6 6 4 4 0
6 6 4 5 0
6 6 4 6 0
6 6 4 7 0
6 6 4 8 0
6 6 4 9 0
6 6 4 10 0
6 6 4 11 0
6 6 4 12 0
6 6 4 13 0
6 6 4 14 0
6 6 4 15 0
6 6 5 0 0
6 6 5 1 0
6 6 5 2 0
6 6 5 3 0
6 6 5 4 0
6 6 5 5 0
6 6 5 6 0
6 6 5 7 0
6 6 5 8 0
6 6 5 9 0
6 6 5 10 0
6 6 5 11 0
6 6 5 12 0
6 6 5 13 0
6 6 5 14 0
6 6 5 15 0
6 6 6 0 0
6 6 6 1 0
6 6 6 2 0
6 6 6 3 0
6 6 6 4 0
6 6 6 5 0
6 6 6 6 0.08335023031828599
6 6 6 7 0
6 6 6 8 0
6 6 6 9 0
6 6 6 10 0
6 6 6 11 0
6 6 6 12 0
6 6 6 13 -4.765576850681375e-20
6 6 6 14 0
6 6 6 15 0
6 6 7 0 0
6 6 7 1 0
6 6 7 2 0
6 6 7 3 0
6 6 7 4 0
6 6 7 5 0
6 6 7 6 0
6 6 7 7 0
6 6 7 8 0
6 6 7 9 0
6 6 7 10 0
6 6 7 11 0
6 6 7 12 0
6 6 7 13 0
6 6 7 14 0
6 6 7 15 0
6 6 8 0 0
6 6 8 1 0
6 6 8 2 0
6 6 8 3 -3.183230376630195e-20
6 6 8 4 0
6 6 8 5 0
6 6 8 6 0
6 6 8 7 0
6 6 8 8 0
6 6 8 9 0
6 6 8 10 0
6 6 8 11 0
6 6 8 12 0
6 6 8 13 0
6 6 8 14 0
6 6 8 15 0
6 6 9 0 0
6 6 9 1 0
6 6 9 2 0
6 6 9 3 0
6 6 9 4 0
6 6 9 5 0
6 6 9 6 0
6 6 9 7 0
6 6 9 8 0
6 6 9 9 0
6 6 9 10 0
6 6 9 11 0
6 6 9 12 0
6 6 9 13 0
6 6 9 14 0
6 6 9 15 0
6 6 10 0 0
6 6 10 1 0
6 6 10 2 0
6 6 10 3 0
6 6 10 4 0
6 6 10 5 0
6 6 10 6 0
6 6 10 7 0
6 6 10 8 0
6 6 10 9 0
6 6 10 10 0
6 6 10 11 0
6 6 10 12 0
6 6 10 13 0
6 6 10 14 0
6 6 10 15 0
6 6 11 0 0
6 6 11 1 0
6 6 11 2 0
6 6 11 3 0
6 6 11 4 0
6 6 11 5 0
6 6 11 6 0
6 6 11 7 0
6 6 11 8 0
6 6 11 9 0
6 6 11 10 0
6 6 11 11 0
6 6 11 12 0
6 6 11 13 0
6 6 11 14 0
6 6 11 15 0
6 6 12 0 0
6 6 12 1 0
6 6 12 2 0
6 6 12 3 0
6 6 12 4 0
6 6 12 5 0
6 6 12 6 0
6 6 12 7 0
6 6 12 8 0
6 6 12 9 0
6 6 12 10 0
6 6 12 11 0
6 6 12 12 0
6 6 12 13 0
6 6 12 14 0
6 6 12 15 0
6 6 13 0 0
6 6 13 1 0
6 6 13 2 0
6 6 13 3 0
6 6 13 4 0
6 6 13 5 0
6 6 13 6 -4.765576850681375e-20
6 6 13 7 0
6 6 13 8 0
6 6 13 9 0
6 6 13 10 0
6 6 13 11 0
6 6 13 12 0
6 6 13 13 0
6 6 13 14 0
6 6 13 15 0
6 6 14 0 0
6 6 14 1 0
6 6 14 2 0
6 6 14 3 0
6 6 14 4 0
6 6 14 5 0
6 6 14 6 0
6 6 14 7 0
6 6 14 8 0
6 6 14 9 0
6 6 14 10 0
6 6 14 11 0
6 6 14 12 0
6 6 14 13 0
6 6 14 14 0
6 6 14 15 0
6 6 15 0 0
6 6 15 1 0
6 6 15 2 0
6 6 15 3 0
6 6 15 4 0
6 6 15 5 0
6 6 15 6 0
6 6 15 7 0
6 6 15 8 0
6 6 15 9 0
6 6 15 10 0
6 6 15 11 0
6 6 15 12 0
6 6 15 13 0
6 6 15 14 0
6 6 15 15 0
6 7 0 0 0
6 7 0 1 0
6 7 0 2 0
6 7 0 3 0
6 7 0 4 0
6 7 0 5 0
6 7 0 6 0
6 7 0 7 0
6 7 0 8 0
6 7 0 9 0
6 7 0 10 0
6 7 0 11 0
6 7 0 12 0
6 7 0 13 0
6 7 0 14 0
6 7 0 15 0
6 7 1 0 0
6 7 1 1 0
6 7 1 2 0
6 7 1 3 0
6 7 1 4 0
6 7 1 5 0
6 7 1 6 0
6 7 1 7 0
6 7 1 8 0
6 7 1 9 0
6 7 1 10 0
6 7 1 11 0
6 7 1 12 0
6 7 1 13 0
6 7 1 14 0
6 7 1 15 0
6 7 2 0 0
6 7 2 1 0
6 7 2 2 0
6 7 2 3 0.2730334313577584
6 7 2 4 0
6 7 2 5 0
6 7 2 6 0
6 7 2 7 0
6 7 2 8 0.01194952765957023
6 7 2 9 0
6 7 2 10 0
6 7 2 11 0
6 7 2 12 0
6 7 2 13 0
6 7 2 14 0
6 7 2 15 0
6 7 3 0 0
6 7 3 1 0
6 7 3 2 -9.631963676540354e-06
6 7 3 3 0
6 7 3 4 0
6 7 3 5 0
6 7 3 6 0
6 7 3 7 0
6 7 3 8 0
6 7 3 9 0
6 7 3 10 0
6 7 3 11 0.0002093801871175163
6 7 3 12 0
6 7 3 13 0
6 7 3 14 -0.000878760268540839
6 7 3 15 0
6 7 4 0 0
6 7 4 1 0
6 7 4 2 0
6 7 4 3 0
6 7 4 4 0
6 7 4 5 0
6 7 4 6 0
6 7 4 7 0
6 7 4 8 0
6 7 4 9 0
6 7 4 10 0
6 7 4 11 0
6 7 4 12 0
6 7 4 13 0
6 7 4 14 0
6 7 4 15 0
6 7 5 0 0
6 7 5 1 0
6 7 5 2 0
6 7 5 3 0
6 7 5 4 0
6 7 5 5 0
6 7 5 6 0
6 7 5 7 0
6 7 5 8 0
6 7 5 9 0
6 7 5 10 0
6 7 5 11 0
6 7 5 12 0
6 7 5 13 0
6 7 5 14 0
6 7 5 15 0
6 7 6 0 0
6 7 6 1 0
6 7 6 2 0
6 7 6 3 0
6 7 6 4 0
6 7 6 5 0
6 7 6 6 0
6 7 6 7 0.4023617523458414
6 7 6 8 0
6 7 6 9 0
6 7 6 10 0
6 7 6 11 0
6 7 6 12 0
6 7 6 13 0
6 7 6 14 0
6 7 6 15 0
6 7 7 0 0
6 7 7 1 0
6 7 7 2 0
6 7 7 3 0
6 7 7 4 0
6 7 7 5 0
6 7 7 6 -0.199553301151852
6 7 7 7 0
6 7 7 8 0
6 7 7 9 0
6 7 7 10 0
6 7 7 11 0
6 7 7 12 0
6 7 7 13 0
6 7 7 14 0
6 7 7 15 0
6 7 8 0 0
6 7 8 1 0
6 7 8 2 4.384980454179516e-05
6 7 8 3 0
6 7 8 4 0
6 7 8 5 0
6 7 8 6 0
6 7 8 7 0
6 7 8 8 0
6 7 8 9 0
6 7 8 10 0
6 7 8 11 0
6 7 8 12 0
6 7 8 13 0
6 7 8 14 0
6 7 8 15 0
6 7 9 0 0
6 7 9 1 0
6 7 9 2 0
6 7 9 3 0
6 7 9 4 0
6 7 9 5 0
6 7 9 6 0
6 7 9 7 0
6 7 9 8 0
6 7 9 9 0
6 7 9 10 0
6 7 9 11 0
6 7 9 12 0
6 7 9 13 0
6 7 9 14 0
6 7 9 15 0
6 7 10 0 0
6 7 10 1 0
6 7 10 2 0
6 7 10 3 0
6 7 10 4 0
6 7 10 5 0
6 7 10 6 0
6 7 10 7 0
6 7 10 8 0
6 7 10 9 0
6 7 10 10 0
6 7 10 11 0
6 7 10 12 0
6 7 10 13 0
6 7 10 14 0
6 7 10 15 0
6 7 11 0 0
6 7 11 1 0
6 7 11 2 0
6 7 11 3 -0.003772636775135143
6 7 11 4 0
6 7 11 5 0
6 7 11 6 0
6 7 11 7 0
6 7 11 8 0
6 7 11 9 0
6 7 11 10 0
6 7 11 11 0
6 7 11 12 0
6 7 11 13 0
6 7 11 14 0
6 7 11 15 0
6 7 12 0 0
6 7 12 1 0
6 7 12 2 0
6 7 12 3 0
6 7 12 4 0
6 7 12 5 0
6 7 12 6 0
6 7 12 7 0
6 7 12 8 0
6 7 12 9 0
6 7 12 10 0
6 7 12 11 0
6 7 12 12 0
6 7 12 13 0
6 7 12 14 0
6 7 12 15 0
6 7 13 0 0
6 7 13 1 0
6 7 13 2 0
6 7 13 3 0
6 7 13 4 0
6 7 13 5 0
6 7 13 6 0
6 7 13 7 0
6 7 13 8 0
6 7 13 9 0
6 7 13 10 0
6 7 13 11 0
6 7 13 12 0
6 7 13 13 0
6 7 13 14 0
6 7 13 15 0
6 7 14 0 0
6 7 14 1 0
6 7 14 2 0
6 7 14 3 0.004582334637691561
6 7 14 4 0
6 7 14 5 0
6 7 14 6 0
6 7 14 7 0
6 7 14 8 0
6 7 14 9 0
6 7 14 10 0
6 7 14 11 0
6 7 14 12 0
6 7 14 13 0
6 7 14 14 0
6 7 14 15 0
6 7 15 0 0
6 7 15 1 0
6 7 15 2 0
6 7 15 3 0
6 7 15 4 0
6 7 15 5 0
6 7 15 6 0
6 7 15 7 0
6 7 15 8 0
6 7 15 9 0
6 7 15 10 0
6 7 15 11 0
6 7 15 12 0
6 7 15 13 0
6 7 15 14 0
6 7 15 15 0
6 8 0 0 0
6 8 0 1 0
6 8 0 2 0
6 8 0 3 0
6 8 0 4 0
6 8 0 5 0
6 8 0 6 0
6 8 0 7 0
6 8 0 8 0
6 8 0 9 0
6 8 0 10 0
6 8 0 11 0
6 8 0 12 0
6 8 0 13 0
6 8 0 14 0
6 8 0 15 0
6 8 1 0 0
6 8 1 1 0
6 8 1 2 0
6 8 1 3 0
6 8 1 4 0
6 8 1 5 0
6 8 1 6 0
6 8 1 7 0
6 8 1 8 0
6 8 1 9 0
6 8 1 10 0
6 8 1 11 0
6 8 1 12 0
6 8 1 13 0
6 8 1 14 0
6 8 1 15 0
6 8 2 0 0
6 8 2 1 0
6 8 2 2 0
6 8 2 3 0
6 8 2 4 0
6 8 2 5 0
6 8 2 6 0
6 8 2 7 0
6 8 2 8 0
6 8 2 9 0
6 8 2 10 0
6 8 2 11 0
6 8 2 12 0
6 8 2 13 0
6 8 2 14 0
6 8 2 15 0
6 8 3 0 0
6 8 3 1 0
6 8 3 2 0
6 8 3 3 0
6 8 3 4 0
6 8 3 5 0
6 8 3 6 -0.04882637366908132
6 8 3 7 0
6 8 3 8 0
6 8 3 9 0
6 8 3 10 0
6 8 3 11 0
6 8 3 12 0
6 8 3 13 -0.003172660325346317
6 8 3 14 0
6 8 3 15 0
6 8 4 0 0
6 8 4 1 0
6 8 4 2 0
6 8 4 3 0
6 8 4 4 0
6 8 4 5 0
6 8 4 6 0
6 8 4 7 0
6 8 4 8 0
6 8 4 9 0
6 8 4 10 0
6 8 4 11 0
6 8 4 12 0
6 8 4 13 0
6 8 4 14 0
6 8 4 15 0
6 8 5 0 0
6 8 5 1 0
6 8 5 2 0
6 8 5 3 0
6 8 5 4 0
6 8 5 5 0
6 8 5 6 0
6 8 5 7 0
6 8 5 8 0
6 8 5 9 0
6 8 5 10 0
6 8 5 11 0
6 8 5 12 0
6 8 5 13 0
6 8 5 14 0
6 8 5 15 0
6 8 6 0 0
6 8 6 1 0
6 8 6 2 0
6 8 6 3 0.04876966629806405
6 8 6 4 0
6 8 6 5 0
6 8 6 6 0
6 8 6 7 0
6 8 6 8 0.003347351227516916
6 8 6 9 0
6 8 6 10 0
6 8 6 11 0
6 8 6 12 0
6 8 6 13 0
6 8 6 14 0
6 8 6 15 0
6 8 7 0 0
6 8 7 1 0
6 8 7 2 0
6 8 7 3 0
6 8 7 4 0
6 8 7 5 0
6 8 7 6 0
6 8 7 7 0
6 8 7 8 0
6 8 7 9 0
6 8 7 10 0
6 8 7 11 0
6 8 7 12 0
6 8 7 13 0
6 8 7 14 0
6 8 7 15 0
6 8 8 0 0
6 8 8 1 0
6 8 8 2 0
6 8 8 3 0
6 8 8 4 0
6 8 8 5 0
6 8 8 6 -0.00326684150315158
6 8 8 7 0
6 8 8 8 0
6 8 8 9 0
6 8 8 10 0
6 8 8 11 0
6 8 8 12 0
6 8 8 13 0
6 8 8 14 0
6 8 8 15 0
6 8 9 0 0
6 8 9 1 0
6 8 9 2 0
6 8 9 3 0
6 8 9 4 0
6 8 9 5 0
6 8 9 6 0
6 8 9 7 0
6 8 9 8 0
6 8 9 9 0
6 8 9 10 0
6 8 9 11 0
6 8 9 12 0
6 8 9 13 0
6 8 9 14 0
6 8 9 15 0
6 8 10 0 0
6 8 10 1 0
6 8 10 2 0
6 8 10 3 0
6 8 10 4 0
6 8 10 5 0
6 8 10 6 0
6 8 10 7 0
6 8 10 8 0
6 8 10 9 0
6 8 10 10 0
6 8 10 11 0
6 8 10 12 0
6 8 10 13 0
6 8 10 14 0
6 8 10 15 0
6 8 11 0 0
6 8 11 1 0
6 8 11 2 0
6 8 11 3 0
6 8 11 4 0
6 8 11 5 0
6 8 11 6 0
6 8 11 7 0
6 8 11 8 0
6 8 11 9 0
6 8 11 10 0
6 8 11 11 0
6 8 11 12 0
6 8 11 13 0
6 8 11 14 0
6 8 11 15 0
6 8 12 0 0
6 8 12 1 0
6 8 12 2 0
6 8 12 3 0
6 8 12 4 0
6 8 12 5 0
6 8 12 6 0
6 8 12 7 0
6 8 12 8 0
6 8 12 9 0
6 8 12 10 0
6 8 12 11 0
6 8 12 12 0
6 8 12 13 0
6 8 12 14 0
6 8 12 15 0
6 8 13 0 0
6 8 13 1 0
6 8 13 2 0
6 8 13 3 0.003108041970571908
6 8 13 4 0
6 8 13 5 0
6 8 13 6 0
6 8 13 7 0
6 8 13 8 0
6 8 13 9 0
6 8 13 10 0
6 8 13 11 0
6 8 13 12 0
6 8 13 13 0
6 8 13 14 0
6 8 13 15 0
6 8 14 0 0
6 8 14 1 0
6 8 14 2 0
6 8 14 3 0
6 8 14 4 0
6 8 14 5 0
6 8 14 6 0
6 8 14 7 0
6 8 14 8 0
6 8 14 9 0
6 8 14 10 0
6 8 14 11 0
6 8 14 12 0
6 8 14 13 0
6 8 14 14 0
6 8 14 15 0
6 8 15 0 0
6 8 15 1 0
6 8 15 2 0
6 8 15 3 0
6 8 15 4 0
6 8 15 5 0
6 8 15 6 0
6 8 15 7 0
6 8 15 8 0
6 8 15 9 0
6 8 15 10 0
6 8 15 11 0
6 8 15 12 0
6 8 15 13 0
6 8 15 14 0
6 8 15 15 0
6 9 0 0 0
6 9 0 1 0
6 9 0 2 0
6 9 0 3 0
6 9 0 4 0
6 9 0 5 0
6 9 0 6 0
6 9 0 7 0
6 9 0 8 0
6 9 0 9 0
6 9 0 10 0
6 9 0 11 0
6 9 0 12 0
6 9 0 13 0
6 9 0 14 0
6 9 0 15 0
6 9 1 0 0
6 9 1 1 0
6 9 1 2 0
6 9 1 3 0
6 9 1 4 0
6 9 1 5 0
6 9 1 6 0
6 9 1 7 0
6 9 1 8 0
6 9 1 9 0
6 9 1 10 0
6 9 1 11 0
6 9 1 12 0
6 9 1 13 0
6 9 1 14 0
6 9 1 15 0
6 9 2 0 0
6 9 2 1 0
6 9 2 2 0
6 9 2 3 0
6 9 2 4 0
6 9 2 5 0
6 9 2 6 0
6 9 2 7 0
6 9 2 8 0
6 9 2 9 0
6 9 2 10 0
6 9 2 11 0
6 9 2 12 0
6 9 2 13 0
6 9 2 14 0
6 9 2 15 0
6 9 3 0 0
6 9 3 1 0
6 9 3 2 0
6 9 3 3 0
6 9 3 4 0
6 9 3 5 -3.199772512783247e-05
6 9 3 6 0
6 9 3 7 0
6 9 3 8 0
6 9 3 9 0
6 9 3 10 0
6 9 3 11 0
6 9 3 12 -3.35687184204563e-06
6 9 3 13 0
6 9 3 14 0
6 9 3 15 0
6 9 4 0 0
6 9 4 1 0
6 9 4 2 0
6 9 4 3 0
6 9 4 4 0
6 9 4 5 0
6 9 4 6 -0.004195003065927124
6 9 4 7 0
6 9 4 8 0
6 9 4 9 0
6 9 4 10 0
6 9 4 11 0
6 9 4 12 0
6 9 4 13 -0.0004123248004500344
6 9 4 14 0
6 9 4 15 0
6 9 5 0 0
6 9 5 1 0
6 9 5 2 0
6 9 5 3 -0.004260341273203238
6 9 5 4 0
6 9 5 5 0
6 9 5 6 0
6 9 5 7 0
6 9 5 8 -0.0005562940026584097
6 9 5 9 0
6 9 5 10 0
6 9 5 11 0
6 9 5 12 0
6 9 5 13 0
6 9 5 14 0
6 9 5 15 0
6 9 6 0 0
6 9 6 1 0
6 9 6 2 0
6 9 6 3 0
6 9 6 4 0.04779038032658828
6 9 6 5 0
6 9 6 6 0
6 9 6 7 0
6 9 6 8 0
6 9 6 9 0.003269153735507257
6 9 6 10 0
6 9 6 11 0
6 9 6 12 0
6 9 6 13 0
6 9 6 14 0
6 9 6 15 0
6 9 7 0 0
6 9 7 1 0
6 9 7 2 0
6 9 7 3 0
6 9 7 4 0
6 9 7 5 0
6 9 7 6 0
6 9 7 7 0
6 9 7 8 0
6 9 7 9 0
6 9 7 10 0
6 9 7 11 0
6 9 7 12 0
6 9 7 13 0
6 9 7 14 0
6 9 7 15 0
6 9 8 0 0
6 9 8 1 0
6 9 8 2 0
6 9 8 3 0
6 9 8 4 0
6 9 8 5 8.230430158600249e-05
6 9 8 6 0
6 9 8 7 0
6 9 8 8 0
6 9 8 9 0
6 9 8 10 0
6 9 8 11 0
6 9 8 12 0
6 9 8 13 0
6 9 8 14 0
6 9 8 15 0
6 9 9 0 0
6 9 9 1 0
6 9 9 2 0
6 9 9 3 0
6 9 9 4 0
6 9 9 5 0
6 9 9 6 -0.0006088073571880523
6 9 9 7 0
6 9 9 8 0
6 9 9 9 0
6 9 9 10 0
6 9 9 11 0
6 9 9 12 0
6 9 9 13 0
6 9 9 14 0
6 9 9 15 0
6 9 10 0 0
6 9 10 1 0
6 9 10 2 0
6 9 10 3 0
6 9 10 4 0
6 9 10 5 0
6 9 10 6 0
6 9 10 7 0
6 9 10 8 0
6 9 10 9 0
6 9 10 10 0
6 9 10 11 0
6 9 10 12 0
6 9 10 13 0
6 9 10 14 0
6 9 10 15 0
6 9 11 0 0
6 9 11 1 0
6 9 11 2 0
6 9 11 3 0
6 9 11 4 0
6 9 11 5 0
6 9 11 6 0
6 9 11 7 0
6 9 11 8 0
6 9 11 9 0
6 9 11 10 0
6 9 11 11 0
6 9 11 12 0
6 9 11 13 0
6 9 11 14 0
6 9 11 15 0
6 9 12 0 0
6 9 12 1 0
6 9 12 2 0
6 9 12 3 -0.0004220821456416902
6 9 12 4 0
6 9 12 5 0
6 9 12 6 0
6 9 12 7 0
6 9 12 8 0
6 9 12 9 0
6 9 12 10 0
6 9 12 11 0
6 9 12 12 0
6 9 12 13 0
6 9 12 14 0
6 9 12 15 0
6 9 13 0 0
6 9 13 1 0
6 9 13 2 0
6 9 13 3 0
6 9 13 4 0.003075037524946592
6 9 13 5 0
6 9 13 6 0
6 9 13 7 0
6 9 13 8 0
6 9 13 9 0
6 9 13 10 0
6 9 13 11 0
6 9 13 12 0
6 9 13 13 0
6 9 13 14 0
6 9 13 15 0
6 9 14 0 0
6 9 14 1 0
6 9 14 2 0
6 9 14 3 0
6 9 14 4 0
6 9 14 5 0
6 9 14 6 0
6 9 14 7 0
6 9 14 8 0
6 9 14 9 0
6 9 14 10 0
6 9 14 11 0
6 9 14 12 0
6 9 14 13 0
6 9 14 14 0
6 9 14 15 0
6 9 15 0 0
6 9 15 1 0
6 9 15 2 0
6 9 15 3 0
6 9 15 4 0
6 9 15 5 0
6 9 15 6 0
6 9 15 7 0
6 9 15 8 0
6 9 15 9 0
6 9 15 10 0
6 9 15 11 0
6 9 15 12 0
6 9 15 13 0
6 9 15 14 0
6 9 15 15 0
6 10 0 0 0
6 10 0 1 0
6 10 0 2 0
6 10 0 3 0
6 10 0 4 0
6 10 0 5 0
6 10 0 6 0
6 10 0 7 0
6 10 0 8 0
6 10 0 9 0
6 10 0 10 0
6 10 0 11 0
6 10 0 12 0
6 10 0 13 0
6 10 0 14 0
6 10 0 15 0
6 10 1 0 0
6 10 1 1 0
6 10 1 2 0
6 10 1 3 0
6 10 1 4 0
6 10 1 5 0
6 10 1 6 0
6 10 1 7 0
6 10 1 8 0
6 10 1 9 0
6 10 1 10 0
6 10 1 11 0
6 10 1 12 0
6 10 1 13 0
6 10 1 14 0
6 10 1 15 0
6 10 2 0 0
6 10 2 1 0
6 10 2 2 0
6 10 2 3 0
6 10 2 4 0
6 10 2 5 0
6 10 2 6 0
6 10 2 7 0
6 10 2 8 0
6 10 2 9 0
6 10 2 10 0
6 10 2 11 0
6 10 2 12 0
6 10 2 13 0
6 10 2 14 0
6 10 2 15 0
6 10 3 0 0
6 10 3 1 0
6 10 3 2 0
6 10 3 3 0
6 10 3 4 0
6 10 3 5 0
6 10 3 6 0
6 10 3 7 0
6 10 3 8 0
6 10 3 9 0
6 10 3 10 0
6 10 3 11 0
6 10 3 12 0
6 10 3 13 0
6 10 3 14 0
6 10 3 15 0
6 10 4 0 0
6 10 4 1 0
6 10 4 2 0
6 10 4 3 0
6 10 4 4 0
6 10 4 5 0
6 10 4 6 0
6 10 4 7 0
6 10 4 8 0
6 10 4 9 0
6 10 4 10 0
6 10 4 11 0
6 10 4 12 0
6 10 4 13 0
6 10 4 14 0
6 10 4 15 0
6 10 5 0 0
6 10 5 1 0
6 10 5 2 0
6 10 5 3 0
6 10 5 4 0
6 10 5 5 0
6 10 5 6 0
6 10 5 7 0
6 10 5 8 0
6 10 5 9 0
6 10 5 10 0
6 10 5 11 0
6 10 5 12 0
6 10 5 13 0
6 10 5 14 0
6 10 5 15 0
6 10 6 0 0
6 10 6 1 0
6 10 6 2 0
6 10 6 3 0
6 10 6 4 0
6 10 6 5 0
6 10 6 6 0
6 10 6 7 0
6 10 6 8 0
6 10 6 9 0
6 10 6 10 0
6 10 6 11 0
6 10 6 12 0
6 10 6 13 0
6 10 6 14 0
6 10 6 15 0
6 10 7 0 0
6 10 7 1 0
6 10 7 2 0
6 10 7 3 0
6 10 7 4 0
6 10 7 5 0
6 10 7 6 0
6 10 7 7 0
6 10 7 8 0
6 10 7 9 0
6 10 7 10 0
6 10 7 11 0
6 10 7 12 0
6 10 7 13 0
6 10 7 14 0
6 10 7 15 0
6 10 8 0 0
6 10 8 1 0
6 10 8 2 0
6 10 8 3 0
6 10 8 4 0
6 10 8 5 0
6 10 8 6 0
6 10 8 7 0
6 10 8 8 0
6 10 8 9 0
6 10 8 10 0
6 10 8 11 0
6 10 8 12 0
6 10 8 13 0
6 10 8 14 0
6 10 8 15 0
6 10 9 0 0
6 10 9 1 0
6 10 9 2 0
6 10 9 3 0
6 10 9 4 0
6 10 9 5 0
6 10 9 6 0
6 10 9 7 0
6 10 9 8 0
6 10 9 9 0
6 10 9 10 0
6 10 9 11 0
6 10 9 12 0
6 10 9 13 0
6 10 9 14 0
6 10 9 15 0
6 10 10 0 0
6 10 10 1 0
6 10 10 2 0
6 10 10 3 0
6 10 10 4 0
6 10 10 5 0
6 10 10 6 0
6 10 10 7 0
6 10 10 8 0
6 10 10 9 0
6 10 10 10 0
6 10 10 11 0
6 10 10 12 0
6 10 10 13 0
6 10 10 14 0
6 10 10 15 0
6 10 11 0 0
6 10 11 1 0
6 10 11 2 0
6 10 11 3 0
6 10 11 4 0
6 10 11 5 0
6 10 11 6 0
6 10 11 7 0
6 10 11 8 0
6 10 11 9 0
6 10 11 10 0
6 10 11 11 0
6 10 11 12 0
6 10 11 13 0
6 10 11 14 0
6 10 11 15 0
6 10 12 0 0
6 10 12 1 0
6 10 12 2 0
6 10 12 3 0
6 10 12 4 0
6 10 12 5 0
6 10 12 6 0
6 10 12 7 0
6 10 12 8 0
6 10 12 9 0
6 10 12 10 0
6 10 12 11 0
6 10 12 12 0
6 10 12 13 0
6 10 12 14 0
6 10 12 15 0
6 10 13 0 0
6 10 13 1 0
6 10 13 2 0
6 10 13 3 0
6 10 13 4 0
6 10 13 5 0
6 10 13 6 0
6 10 13 7 0
6 10 13 8 0
6 10 13 9 0
6 10 13 10 0
6 10 13 11 0
6 10 13 12 0
6 10 13 13 0
6 10 13 14 0
6 10 13 15 0
6 10 14 0 0
6 10 14 1 0
6 10 14 2 0
6 10 14 3 0
6 10 14 4 0
6 10 14 5 0
6 10 14 6 0
6 10 14 7 0
6 10 14 8 0
6 10 14 9 0
6 10 14 10 0
6 10 14 11 0
6 10 14 12 0
6 10 14 13 0
6 10 14 14 0
6 10 14 15 0
6 10 15 0 0
6 10 15 1 0
6 10 15 2 0
6 10 15 3 0
6 10 15 4 0
6 10 15 5 0
6 10 15 6 0
6 10 15 7 0
6 10 15 8 0
6 10 15 9 0
6 10 15 10 0
6 10 15 11 0
6 10 15 12 0
6 10 15 13 0
6 10 15 14 0
6 10 15 15 0
6 11 0 0 0
6 11 0 1 0
6 11 0 2 0
6 11 0 3 0
6 11 0 4 0
6 11 0 5 0
6 11 0 6 -0.002377447393102957
6 11 0 7 0
6 11 0 8 0
6 11 0 9 0
6 11 0 10 0
6 11 0 11 0
6 11 0 12 0
6 11 0 13 -0.000181408984480277
6 11 0 14 0
6 11 0 15 0
6 11 1 0 0
6 11 1 1 0
6 11 1 2 0
6 11 1 3 0
6 11 1 4 0
6 11 1 5 0
6 11 1 6 0
6 11 1 7 0
6 11 1 8 0
6 11 1 9 0
6 11 1 10 0
6 11 1 11 0
6 11 1 12 0
6 11 1 13 0
6 11 1 14 0
6 11 1 15 0
6 11 2 0 0
6 11 2 1 0
6 11 2 2 0
6 11 2 3 0
6 11 2 4 0
6 11 2 5 0
6 11 2 6 0.00937686353698541
6 11 2 7 0
6 11 2 8 0
6 11 2 9 0
6 11 2 10 0
6 11 2 11 0
6 11 2 12 0
6 11 2 13 0.0005898924495567072
6 11 2 14 0
6 11 2 15 0
6 11 3 0 0
6 11 3 1 0
6 11 3 2 0
6 11 3 3 0
6 11 3 4 0
6 11 3 5 0
6 11 3 6 0
6 11 3 7 -0.0002582692220083964
6 11 3 8 0
6 11 3 9 0
6 11 3 10 0
6 11 3 11 0
6 11 3 12 0
6 11 3 13 0
6 11 3 14 0
6 11 3 15 0
6 11 4 0 0
6 11 4 1 0
6 11 4 2 0
6 11 4 3 0
6 11 4 4 0
6 11 4 5 0
6 11 4 6 0
6 11 4 7 0
6 11 4 8 0
6 11 4 9 0
6 11 4 10 0
6 11 4 11 0
6 11 4 12 0
6 11 4 13 0
6 11 4 14 0
6 11 4 15 0
6 11 5 0 0
6 11 5 1 0
6 11 5 2 0
6 11 5 3 0
6 11 5 4 0
6 11 5 5 0
6 11 5 6 0
6 11 5 7 0
6 11 5 8 0
6 11 5 9 0
6 11 5 10 0
6 11 5 11 0
6 11 5 12 0
6 11 5 13 0
6 11 5 14 0
6 11 5 15 0
6 11 6 0 -0.01182810517969271
6 11 6 1 0
6 11 6 2 -0.02507076762911945
6 11 6 3 0
6 11 6 4 0
6 11 6 5 0
6 11 6 6 0
6 11 6 7 0
6 11 6 8 0
6 11 6 9 0
6 11 6 10 0
6 11 6 11 0.0007562016211748073
6 11 6 12 0
6 11 6 13 0
6 11 6 14 -0.0006094918916134418
6 11 6 15 0
6 11 7 0 0
6 11 7 1 0
6 11 7 2 0
6 11 7 3 -0.004392846189026983
6 11 7 4 0
6 11 7 5 0
6 11 7 6 0
6 11 7 7 0
6 11 7 8 0
6 11 7 9 0
6 11 7 10 0
6 11 7 11 0
6 11 7 12 0
6 11 7 13 0
6 11 7 14 0
6 11 7 15 0
6 11 8 0 0
6 11 8 1 0
6 11 8 2 0
6 11 8 3 0
6 11 8 4 0
6 11 8 5 0
6 11 8 6 0
6 11 8 7 0
6 11 8 8 0
6 11 8 9 0
6 11 8 10 0
6 11 8 11 0
6 11 8 12 0
6 11 8 13 0
6 11 8 14 0
6 11 8 15 0
6 11 9 0 0
6 11 9 1 0
6 11 9 2 0
6 11 9 3 0
6 11 9 4 0
6 11 9 5 0
6 11 9 6 0
6 11 9 7 0
6 11 9 8 0
6 11 9 9 0
6 11 9 10 0
6 11 9 11 0
6 11 9 12 0
6 11 9 13 0
6 11 9 14 0
6 11 9 15 0
6 11 10 0 0
6 11 10 1 0
6 11 10 2 0
6 11 10 3 0
6 11 10 4 0
6 11 10 5 0
6 11 10 6 0
6 11 10 7 0
6 11 10 8 0
6 11 10 9 0
6 11 10 10 0
6 11 10 11 0
6 11 10 12 0
6 11 10 13 0
6 11 10 14 0
6 11 10 15 0
6 11 11 0 0
6 11 11 1 0
6 11 11 2 0
6 11 11 3 0
6 11 11 4 0
6 11 11 5 0
6 11 11 6 -6.693650702484206e-05
6 11 11 7 0
6 11 11 8 0
6 11 11 9 0
6 11 11 10 0
6 11 11 11 0
6 11 11 12 0
6 11 11 13 0
6 11 11 14 0
6 11 11 15 0
6 11 12 0 0
6 11 12 1 0
6 11 12 2 0
6 11 12 3 0
6 11 12 4 0
6 11 12 5 0
6 11 12 6 0
6 11 12 7 0
6 11 12 8 0
6 11 12 9 0
6 11 12 10 0
6 11 12 11 0
6 11 12 12 0
6 11 12 13 0
6 11 12 14 0
6 11 12 15 0
6 11 13 0 -0.0006304185640848309
6 11 13 1 0
6 11 13 2 -0.001614342266384972
6 11 13 3 0
6 11 13 4 0
6 11 13 5 0
6 11 13 6 0
6 11 13 7 0
6 11 13 8 0
6 11 13 9 0
6 11 13 10 0
6 11 13 11 0
6 11 13 12 0
6 11 13 13 0
6 11 13 14 0
6 11 13 15 0
6 11 14 0 0
6 11 14 1 0
6 11 14 2 0
6 11 14 3 0
6 11 14 4 0
6 11 14 5 0
6 11 14 6 0.0002047579316338493
6 11 14 7 0
6 11 14 8 0
6 11 14 9 0
6 11 14 10 0
6 11 14 11 0
6 11 14 12 0
6 11 14 13 0
6 11 14 14 0
6 11 14 15 0
6 11 15 0 0
6 11 15 1 0
6 11 15 2 0
6 11 15 3 0
6 11 15 4 0
6 11 15 5 0
6 11 15 6 0
6 11 15 7 0
6 11 15 8 0
6 11 15 9 0
6 11 15 10 0
6 11 15 11 0
6 11 15 12 0
6 11 15 13 0
6 11 15 14 0
6 11 15 15 0
6 12 0 0 0
6 12 0 1 0
6 12 0 2 0
6 12 0 3 0
6 12 0 4 0
6 12 0 5 0
6 12 0 6 0
6 12 0 7 0
6 12 0 8 0
6 12 0 9 0
6 12 0 10 0
6 12 0 11 0
6 12 0 12 0
6 12 0 13 0
6 12 0 14 0
6 12 0 15 0
6 12 1 0 0
6 12 1 1 0
6 12 1 2 0
6 12 1 3 0
6 12 1 4 0
6 12 1 5 0
6 12 1 6 0
6 12 1 7 0
6 12 1 8 0
6 12 1 9 0
6 12 1 10 0
6 12 1 11 0
6 12 1 12 0
6 12 1 13 0
6 12 1 14 0
6 12 1 15 0
6 12 2 0 0
6 12 2 1 0
6 12 2 2 0
6 12 2 3 0
6 12 2 4 0
6 12 2 5 0
6 12 2 6 0
6 12 2 7 0
6 12 2 8 0
6 12 2 9 0
6 12 2 10 0
6 12 2 11 0
6 12 2 12 0
6 12 2 13 0
6 12 2 14 0
6 12 2 15 0
6 12 3 0 0
6 12 3 1 0
6 12 3 2 0
6 12 3 3 0
6 12 3 4 -8.140803706306792e-19
6 12 3 5 0
6 12 3 6 0
6 12 3 7 0
6 12 3 8 0
6 12 3 9 7.541792486440079e-06
6 12 3 10 0
6 12 3 11 0
6 12 3 12 0
6 12 3 13 0
6 12 3 14 0
6 12 3 15 0
6 12 4 0 0
6 12 4 1 0
6 12 4 2 0
6 12 4 3 3.603648640830164e-19
6 12 4 4 0
6 12 4 5 0
6 12 4 6 0
6 12 4 7 0
6 12 4 8 -0.0002658886594542
6 12 4 9 0
6 12 4 10 0
6 12 4 11 0
6 12 4 12 0
6 12 4 13 0
6 12 4 14 0
6 12 4 15 0
6 12 5 0 0
6 12 5 1 0
6 12 5 2 0
6 12 5 3 0
6 12 5 4 0
6 12 5 5 0
6 12 5 6 -0.004065874669564223
6 12 5 7 0
6 12 5 8 0
6 12 5 9 0
6 12 5 10 0
6 12 5 11 0
6 12 5 12 0
6 12 5 13 -0.000454860957587293
6 12 5 14 0
6 12 5 15 0
6 12 6 0 0
6 12 6 1 0
6 12 6 2 0
6 12 6 3 0
6 12 6 4 0
6 12 6 5 0.04561282826039284
6 12 6 6 0
6 12 6 7 0
6 12 6 8 0
6 12 6 9 0
6 12 6 10 0
6 12 6 11 0
6 12 6 12 0.00291331135495855
6 12 6 13 0
6 12 6 14 0
6 12 6 15 0
6 12 7 0 0
6 12 7 1 0
6 12 7 2 0
6 12 7 3 0
6 12 7 4 0
6 12 7 5 0
6 12 7 6 0
6 12 7 7 0
6 12 7 8 0
6 12 7 9 0
6 12 7 10 0
6 12 7 11 0
6 12 7 12 0
6 12 7 13 0
6 12 7 14 0
6 12 7 15 0
6 12 8 0 0
6 12 8 1 0
6 12 8 2 0
6 12 8 3 0
6 12 8 4 3.458162349255323e-05
6 12 8 5 0
6 12 8 6 0
6 12 8 7 0
6 12 8 8 0
6 12 8 9 0
6 12 8 10 0
6 12 8 11 0
6 12 8 12 0
6 12 8 13 0
6 12 8 14 0
6 12 8 15 0
6 12 9 0 0
6 12 9 1 0
6 12 9 2 0
6 12 9 3 -0.0002942402408496792
6 12 9 4 0
6 12 9 5 0
6 12 9 6 0
6 12 9 7 0
6 12 9 8 0
6 12 9 9 0
6 12 9 10 0
6 12 9 11 0
6 12 9 12 0
6 12 9 13 0
6 12 9 14 0
6 12 9 15 0
6 12 10 0 0
6 12 10 1 0
6 12 10 2 0
6 12 10 3 0
6 12 10 4 0
6 12 10 5 0
6 12 10 6 0
6 12 10 7 0
6 12 10 8 0
6 12 10 9 0
6 12 10 10 0
6 12 10 11 0
6 12 10 12 0
6 12 10 13 0
6 12 10 14 0
6 12 10 15 0
6 12 11 0 0
6 12 11 1 0
6 12 11 2 0
6 12 11 3 0
6 12 11 4 0
6 12 11 5 0
6 12 11 6 0
6 12 11 7 0
6 12 11 8 0
6 12 11 9 0
6 12 11 10 0
6 12 11 11 0
6 12 11 12 0
6 12 11 13 0
6 12 11 14 0
6 12 11 15 0
6 12 12 0 0
6 12 12 1 0
6 12 12 2 0
6 12 12 3 0
6 12 12 4 0
6 12 12 5 0
6 12 12 6 -0.0004755167594895063
6 12 12 7 0
6 12 12 8 0
6 12 12 9 0
6 12 12 10 0
6 12 12 11 0
6 12 12 12 0
6 12 12 13 0
6 12 12 14 0
6 12 12 15 0
6 12 13 0 0
6 12 13 1 0
6 12 13 2 0
6 12 13 3 0
6 12 13 4 0
6 12 13 5 0.002942124771747109
6 12 13 6 0
6 12 13 7 0
6 12 13 8 0
6 12 13 9 0
6 12 13 10 0
6 12 13 11 0
6 12 13 12 0
6 12 13 13 0
6 12 13 14 0
6 12 13 15 0
6 12 14 0 0
6 12 14 1 0
6 12 14 2 0
6 12 14 3 0
6 12 14 4 0
6 12 14 5 0
6 12 14 6 0
6 12 14 7 0
6 12 14 8 0
6 12 14 9 0
6 12 14 10 0
6 12 14 11 0
6 12 14 12 0
6 12 14 13 0
6 12 14 14 0
6 12 14 15 0
6 12 15 0 0
6 12 15 1 0
6 12 15 2 0
6 12 15 3 0
6 12 15 4 0
6 12 15 5 0
6 12 15 6 0
6 12 15 7 0
6 12 15 8 0
6 12 15 9 0
6 12 15 10 0
6 12 15 11 0
6 12 15 12 0
6 12 15 13 0
6 12 15 14 0
6 12 15 15 0
6 13 0 0 0
6 13 0 1 0
6 13 0 2 0
6 13 0 3 0
6 13 0 4 0
6 13 0 5 0
6 13 0 6 0
6 13 0 7 0
6 13 0 8 0
6 13 0 9 0
6 13 0 10 0
6 13 0 11 0
6 13 0 12 0
6 13 0 13 0
6 13 0 14 0
6 13 0 15 0
6 13 1 0 0
6 13 1 1 0
6 13 1 2 0
6 13 1 3 0
6 13 1 4 0
6 13 1 5 0
6 13 1 6 0
6 13 1 7 0
6 13 1 8 0
6 13 1 9 0
6 13 1 10 0
6 13 1 11 0
6 13 1 12 0
6 13 1 13 0
6 13 1 14 0
6 13 1 15 0
6 13 2 0 0
6 13 2 1 0
6 13 2 2 0
6 13 2 3 0
6 13 2 4 0
6 13 2 5 0
6 13 2 6 0
6 13 2 7 0
6 13 2 8 0
6 13 2 9 0
6 13 2 10 0
6 13 2 11 0
6 13 2 12 0
6 13 2 13 0
6 13 2 14 0
6 13 2 15 0
6 13 3 0 0
6 13 3 1 0
6 13 3 2 0
6 13 3 3 -1.010688904049299e-18
6 13 3 4 0
6 13 3 5 0
6 13 3 6 0
6 13 3 7 0
6 13 3 8 -1.192004601054962e-05
6 13 3 9 0
6 13 3 10 0
6 13 3 11 0
6 13 3 12 0
6 13 3 13 0
6 13 3 14 0
6 13 3 15 0
6 13 4 0 0
6 13 4 1 0
6 13 4 2 0
6 13 4 3 0
6 13 4 4 0
6 13 4 5 0
6 13 4 6 0
6 13 4 7 0
6 13 4 8 0
6 13 4 9 0
6 13 4 10 0
6 13 4 11 0
6 13 4 12 0
6 13 4 13 0
6 13 4 14 0
6 13 4 15 0
6 13 5 0 0
6 13 5 1 0
6 13 5 2 0
6 13 5 3 0
6 13 5 4 0
6 13 5 5 0
6 13 5 6 0
6 13 5 7 0
6 13 5 8 0
6 13 5 9 0
6 13 5 10 0
6 13 5 11 0
6 13 5 12 0
6 13 5 13 0
6 13 5 14 0
6 13 5 15 0
6 13 6 0 0
6 13 6 1 0
6 13 6 2 0
6 13 6 3 0
6 13 6 4 0
6 13 6 5 0
6 13 6 6 -4.765576850681375e-20
6 13 6 7 0
6 13 6 8 0
6 13 6 9 0
6 13 6 10 0
6 13 6 11 0
6 13 6 12 0
6 13 6 13 6.474038630082344e-06
6 13 6 14 0
6 13 6 15 0
6 13 7 0 0
6 13 7 1 0
6 13 7 2 0
6 13 7 3 0
6 13 7 4 0
6 13 7 5 0
6 13 7 6 0
6 13 7 7 0
6 13 7 8 0
6 13 7 9 0
6 13 7 10 0
6 13 7 11 0
6 13 7 12 0
6 13 7 13 0
6 13 7 14 0
6 13 7 15 0
6 13 8 0 0
6 13 8 1 0
6 13 8 2 0
6 13 8 3 1.192004601054981e-05
6 13 8 4 0
6 13 8 5 0
6 13 8 6 0
6 13 8 7 0
6 13 8 8 0
6 13 8 9 0
6 13 8 10 0
6 13 8 11 0
6 13 8 12 0
6 13 8 13 0
6 13 8 14 0
6 13 8 15 0
6 13 9 0 0
6 13 9 1 0
6 13 9 2 0
6 13 9 3 0
6 13 9 4 0
6 13 9 5 0
6 13 9 6 0
6 13 9 7 0
6 13 9 8 0
6 13 9 9 0
6 13 9 10 0
6 13 9 11 0
6 13 9 12 0
6 13 9 13 0
6 13 9 14 0
6 13 9 15 0
6 13 10 0 0
6 13 10 1 0
6 13 10 2 0
6 13 10 3 0
6 13 10 4 0
6 13 10 5 0
6 13 10 6 0
6 13 10 7 0
6 13 10 8 0
6 13 10 9 0
6 13 10 10 0
6 13 10 11 0
6 13 10 12 0
6 13 10 13 0
6 13 10 14 0
6 13 10 15 0
6 13 11 0 0
6 13 11 1 0
6 13 11 2 0
6 13 11 3 0
6 13 11 4 0
6 13 11 5 0
6 13 11 6 0
6 13 11 7 0
6 13 11 8 0
6 13 11 9 0
6 13 11 10 0
6 13 11 11 0
6 13 11 12 0
6 13 11 13 0
6 13 11 14 0
6 13 11 15 0
6 13 12 0 0
6 13 12 1 0
6 13 12 2 0
6 13 12 3 0
6 13 12 4 0
6 13 12 5 0
6 13 12 6 0
6 13 12 7 0
6 13 12 8 0
6 13 12 9 0
6 13 12 10 0
6 13 12 11 0
6 13 12 12 0
6 13 12 13 0
6 13 12 14 0
6 13 12 15 0
6 13 13 0 0
6 13 13 1 0
6 13 13 2 0
6 13 13 3 0
6 13 13 4 0
6 13 13 5 0
6 13 13 6 -6.474038630082071e-06
6 13 13 7 0
6 13 13 8 0
6 13 13 9 0
6 13 13 10 0
6 13 13 11 0
6 13 13 12 0
6 13 13 13 0
6 13 13 14 0
6 13 13 15 0
6 13 14 0 0
6 13 14 1 0
6 13 14 2 0
6 13 14 3 0
6 13 14 4 0
6 13 14 5 0
6 13 14 6 0
6 13 14 7 0
6 13 14 8 0
6 13 14 9 0
6 13 14 10 0
6 13 14 11 0
6 13 14 12 0
6 13 14 13 0
6 13 14 14 0
6 13 14 15 0
6 13 15 0 0
6 13 15 1 0
6 13 15 2 0
6 13 15 3 0
6 13 15 4 0
6 13 15 5 0
6 13 15 6 0
6 13 15 7 0
6 13 15 8 0
6 13 15 9 0
6 13 15 10 0
6 13 15 11 0
6 13 15 12 0
6 13 15 13 0
6 13 15 14 0
6 13 15 15 0
6 14 0 0 0
6 14 0 1 0
6 14 0 2 0
6 14 0 3 0
6 14 0 4 0
6 14 0 5 0
6 14 0 6 0
6 14 0 7 0
6 14 0 8 0
6 14 0 9 0
6 14 0 10 0
6 14 0 11 0
6 14 0 12 0
6 14 0 13 0
6 14 0 14 0
6 14 0 15 0
6 14 1 0 0
6 14 1 1 0
6 14 1 2 0
6 14 1 3 0
6 14 1 4 0
6 14 1 5 0
6 14 1 6 0
6 14 1 7 0
6 14 1 8 0
6 14 1 9 0
6 14 1 10 0
6 14 1 11 0
6 14 1 12 0
6 14 1 13 0
6 14 1 14 0
6 14 1 15 0
6 14 2 0 0
6 14 2 1 0
6 14 2 2 0
6 14 2 3 0
6 14 2 4 0
6 14 2 5 0
6 14 2 6 -0.01698924600753226
6 14 2 7 0
6 14 2 8 0
6 14 2 9 0
6 14 2 10 0
6 14 2 11 0
6 14 2 12 0
6 14 2 13 -0.001116633192428918
6 14 2 14 0
6 14 2 15 0
6 14 3 0 0
6 14 3 1 0
6 14 3 2 0
6 14 3 3 0
6 14 3 4 0
6 14 3 5 0
6 14 3 6 0
6 14 3 7 0.001081857339158734
6 14 3 8 0
6 14 3 9 0
6 14 3 10 0
6 14 3 11 0
6 14 3 12 0
6 14 3 13 0
6 14 3 14 0
6 14 3 15 0
6 14 4 0 0
6 14 4 1 0
6 14 4 2 0
6 14 4 3 0
6 14 4 4 0
6 14 4 5 0
6 14 4 6 0
6 14 4 7 0
6 14 4 8 0
6 14 4 9 0
6 14 4 10 0
6 14 4 11 0
6 14 4 12 0
6 14 4 13 0
6 14 4 14 0
6 14 4 15 0
6 14 5 0 0
6 14 5 1 0
6 14 5 2 0
6 14 5 3 0
6 14 5 4 0
6 14 5 5 0
6 14 5 6 0
6 14 5 7 0
6 14 5 8 0
6 14 5 9 0
6 14 5 10 0
6 14 5 11 0
6 14 5 12 0
6 14 5 13 0
6 14 5 14 0
6 14 5 15 0
6 14 6 0 0
6 14 6 1 0
6 14 6 2 0.03605404638513917
6 14 6 3 0
6 14 6 4 0
6 14 6 5 0
6 14 6 6 0
6 14 6 7 0
6 14 6 8 0
6 14 6 9 0
6 14 6 10 0
6 14 6 11 -0.0006094918916134418
6 14 6 12 0
6 14 6 13 0
6 14 6 14 0.0009547830135291273
6 14 6 15 0
6 14 7 0 0
6 14 7 1 0
6 14 7 2 0
6 14 7 3 0.004495624540662748
6 14 7 4 0
6 14 7 5 0
6 14 7 6 0
6 14 7 7 0
6 14 7 8 0
6 14 7 9 0
6 14 7 10 0
6 14 7 11 0
6 14 7 12 0
6 14 7 13 0
6 14 7 14 0
6 14 7 15 0
6 14 8 0 0
6 14 8 1 0
6 14 8 2 0
6 14 8 3 0
6 14 8 4 0
6 14 8 5 0
6 14 8 6 0
6 14 8 7 0
6 14 8 8 0
6 14 8 9 0
6 14 8 10 0
6 14 8 11 0
6 14 8 12 0
6 14 8 13 0
6 14 8 14 0
6 14 8 15 0
6 14 9 0 0
6 14 9 1 0
6 14 9 2 0
6 14 9 3 0
6 14 9 4 0
6 14 9 5 0
6 14 9 6 0
6 14 9 7 0
6 14 9 8 0
6 14 9 9 0
6 14 9 10 0
6 14 9 11 0
6 14 9 12 0
6 14 9 13 0
6 14 9 14 0
6 14 9 15 0
6 14 10 0 0
6 14 10 1 0
6 14 10 2 0
6 14 10 3 0
6 14 10 4 0
6 14 10 5 0
6 14 10 6 0
6 14 10 7 0
6 14 10 8 0
6 14 10 9 0
6 14 10 10 0
6 14 10 11 0
6 14 10 12 0
6 14 10 13 0
6 14 10 14 0
6 14 10 15 0
6 14 11 0 0
6 14 11 1 0
6 14 11 2 0
6 14 11 3 0
6 14 11 4 0
6 14 11 5 0
6 14 11 6 0.0002047579316338492
6 14 11 7 0
6 14 11 8 0
6 14 11 9 0
6 14 11 10 0
6 14 11 11 0
6 14 11 12 0
6 14 11 13 0
6 14 11 14 0
6 14 11 15 0
6 14 12 0 0
6 14 12 1 0
6 14 12 2 0
6 14 12 3 0
6 14 12 4 0
6 14 12 5 0
6 14 12 6 0
6 14 12 7 0
6 14 12 8 0
6 14 12 9 0
6 14 12 10 0
6 14 12 11 0
6 14 12 12 0
6 14 12 13 0
6 14 12 14 0
6 14 12 15 0
6 14 13 0 0
6 14 13 1 0
6 14 13 2 0.0023222273729248
6 14 13 3 0
6 14 13 4 0
6 14 13 5 0
6 14 13 6 0
6 14 13 7 0
6 14 13 8 0
6 14 13 9 0
6 14 13 10 0
6 14 13 11 0
6 14 13 12 0
6 14 13 13 0
6 14 13 14 0
6 14 13 15 0
6 14 14 0 0
6 14 14 1 0
6 14 14 2 0
6 14 14 3 0
6 14 14 4 0
6 14 14 5 0
6 14 14 6 -0.0004208404829358334
6 14 14 7 0
6 14 14 8 0
6 14 14 9 0
6 14 14 10 0
6 14 14 11 0
6 14 14 12 0
6 14 14 13 0
6 14 14 14 0
6 14 14 15 0
6 14 15 0 0
6 14 15 1 0
6 14 15 2 0
6 14 15 3 0
6 14 15 4 0
6 14 15 5 0
6 14 15 6 0
6 14 15 7 0
6 14 15 8 0
6 14 15 9 0
6 14 15 10 0
6 14 15 11 0
6 14 15 12 0
6 14 15 13 0
6 14 15 14 0
6 14 15 15 0
6 15 0 0 0
6 15 0 1 0
6 15 0 2 0
6 15 0 3 0
6 15 0 4 0
6 15 0 5 0
6 15 0 6 0
6 15 0 7 0
6 15 0 8 0
6 15 0 9 0
6 15 0 10 0
6 15 0 11 0
6 15 0 12 0
6 15 0 13 0
6 15 0 14 0
6 15 0 15 0
6 15 1 0 0
6 15 1 1 0
6 15 1 2 0
6 15 1 3 0
6 15 1 4 0
6 15 1 5 0
6 15 1 6 -0.005041589636403085
6 15 1 7 0
6 15 1 8 0
6 15 1 9 0
6 15 1 10 0
6 15 1 11 0
6 15 1 12 0
6 15 1 13 -0.0003180074257123335
6 15 1 14 0
6 15 1 15 0
6 15 2 0 0
6 15 2 1 0
6 15 2 2 0
6 15 2 3 0
6 15 2 4 0
6 15 2 5 0
6 15 2 6 0
6 15 2 7 0
6 15 2 8 0
6 15 2 9 0
6 15 2 10 0
6 15 2 11 0
6 15 2 12 0
6 15 2 13 0
6 15 2 14 0
6 15 2 15 0
6 15 3 0 0
6 15 3 1 0
6 15 3 2 0
6 15 3 3 0
6 15 3 4 0
6 15 3 5 0
6 15 3 6 0
6 15 3 7 0
6 15 3 8 0
6 15 3 9 0
6 15 3 10 0
6 15 3 11 0
6 15 3 12 0
6 15 3 13 0
6 15 3 14 0
6 15 3 15 0
6 15 4 0 0
6 15 4 1 0
6 15 4 2 0
6 15 4 3 0
6 15 4 4 0
6 15 4 5 0
6 15 4 6 0
6 15 4 7 0
6 15 4 8 0
6 15 4 9 0
6 15 4 10 0
6 15 4 11 0
6 15 4 12 0
6 15 4 13 0
6 15 4 14 0
6 15 4 15 0
6 15 5 0 0
6 15 5 1 0
6 15 5 2 0
6 15 5 3 0
6 15 5 4 0
6 15 5 5 0
6 15 5 6 0
6 15 5 7 0
6 15 5 8 0
6 15 5 9 0
6 15 5 10 0
6 15 5 11 0
6 15 5 12 0
6 15 5 13 0
6 15 5 14 0
6 15 5 15 0
6 15 6 0 0
6 15 6 1 0.01144121415185251
6 15 6 2 0
6 15 6 3 0
6 15 6 4 0
6 15 6 5 0
6 15 6 6 0
6 15 6 7 0
6 15 6 8 0
6 15 6 9 0
6 15 6 10 0
6 15 6 11 0
6 15 6 12 0
6 15 6 13 0
6 15 6 14 0
6 15 6 15 9.503759470865474e-05
6 15 7 0 0
6 15 7 1 0
6 15 7 2 0
6 15 7 3 0
6 15 7 4 0
6 15 7 5 0
6 15 7 6 0
6 15 7 7 0
6 15 7 8 0
6 15 7 9 0
6 15 7 10 0
6 15 7 11 0
6 15 7 12 0
6 15 7 13 0
6 15 7 14 0
6 15 7 15 0
6 15 8 0 0
6 15 8 1 0
6 15 8 2 0
6 15 8 3 0
6 15 8 4 0
6 15 8 5 0
6 15 8 6 0
6 15 8 7 0
6 15 8 8 0
6 15 8 9 0
6 15 8 10 0
6 15 8 11 0
6 15 8 12 0
6 15 8 13 0
6 15 8 14 0
6 15 8 15 0
6 15 9 0 0
6 15 9 1 0
6 15 9 2 0
6 15 9 3 0
6 15 9 4 0
6 15 9 5 0
6 15 9 6 0
6 15 9 7 0
6 15 9 8 0
6 15 9 9 0
6 15 9 10 0
6 15 9 11 0
6 15 9 12 0
6 15 9 13 0
6 15 9 14 0
6 15 9 15 0
6 15 10 0 0
6 15 10 1 0
6 15 10 2 0
6 15 10 3 0
6 15 10 4 0
6 15 10 5 0
6 15 10 6 0
6 15 10 7 0
6 15 10 8 0
6 15 10 9 0
6 15 10 10 0
6 15 10 11 0
6 15 10 12 0
6 15 10 13 0
6 15 10 14 0
6 15 10 15 0
6 15 11 0 0
6 15 11 1 0
6 15 11 2 0
6 15 11 3 0
6 15 11 4 0
6 15 11 5 0
6 15 11 6 0
6 15 11 7 0
6 15 11 8 0
6 15 11 9 0
6 15 11 10 0
6 15 11 11 0
6 15 11 12 0
6 15 11 13 0
6 15 11 14 0
6 15 11 15 0
6 15 12 0 0
6 15 12 1 0
6 15 12 2 0
6 15 12 3 0
6 15 12 4 0
6 15 12 5 0
6 15 12 6 0
6 15 12 7 0
6 15 12 8 0
6 15 12 9 0
6 15 12 10 0
6 15 12 11 0
6 15 12 12 0
6 15 12 13 0
6 15 12 14 0
6 15 12 15 0
6 15 13 0 0
6 15 13 1 0.000736352079610302
6 15 13 2 0
6 15 13 3 0
6 15 13 4 0
6 15 13 5 0
6 15 13 6 0
6 15 13 7 0
6 15 13 8 0
6 15 13 9 0
6 15 13 10 0
6 15 13 11 0
6 15 13 12 0
6 15 13 13 0
6 15 13 14 0
6 15 13 15 0
6 15 14 0 0
6 15 14 1 0
6 15 14 2 0
6 15 14 3 0
6 15 14 4 0
6 15 14 5 0
6 15 14 6 0
6 15 14 7 0
6 15 14 8 0
6 15 14 9 0
6 15 14 10 0
6 15 14 11 0
6 15 14 12 0
6 15 14 13 0
6 15 14 14 0
6 15 14 15 0
6 15 15 0 0
6 15 15 1 0
6 15 15 2 0
6 15 15 3 0
6 15 15 4 0
6 15 15 5 0
6 15 15 6 -3.61900470274312e-05
6 15 15 7 0
6 15 15 8 0
6 15 15 9 0
6 15 15 10 0
6 15 15 11 0
6 15 15 12 0
6 15 15 13 0
6 15 15 14 0
6 15 15 15 0
7 0 0 0 0
7 0 0 1 0
7 0 0 2 0
7 0 0 3 0
7 0 0 4 0
7 0 0 5 0
7 0 0 6 0
7 0 0 7 -0.4237219133917996
7 0 0 8 0
7 0 0 9 0
7 0 0 10 0
7 0 0 11 0
7 0 0 12 0
7 0 0 13 0
7 0 0 14 0
7 0 0 15 0
7 0 1 0 0
7 0 1 1 0
7 0 1 2 0
7 0 1 3 0
7 0 1 4 0
7 0 1 5 0
7 0 1 6 0
7 0 1 7 0
7 0 1 8 0
7 0 1 9 0
7 0 1 10 0
7 0 1 11 0
7 0 1 12 0
7 0 1 13 0
7 0 1 14 0
7 0 1 15 0
7 0 2 0 0
7 0 2 1 0
7 0 2 2 0
7 0 2 3 0
7 0 2 4 0
7 0 2 5 0
7 0 2 6 0
7 0 2 7 0
7 0 2 8 0
7 0 2 9 0
7 0 2 10 0
7 0 2 11 0
7 0 2 12 0
7 0 2 13 0
7 0 2 14 0
7 0 2 15 0
7 0 3 0 0
7 0 3 1 0
7 0 3 2 0
7 0 3 3 0
7 0 3 4 0
7 0 3 5 0
7 0 3 6 0
7 0 3 7 0
7 0 3 8 0
7 0 3 9 0
7 0 3 10 0
7 0 3 11 0
7 0 3 12 0
7 0 3 13 0
7 0 3 14 0
7 0 3 15 0
7 0 4 0 0
7 0 4 1 0
7 0 4 2 0
7 0 4 3 0
7 0 4 4 0
7 0 4 5 0
7 0 4 6 0
7 0 4 7 0
7 0 4 8 0
7 0 4 9 0
7 0 4 10 0
7 0 4 11 0
7 0 4 12 0
7 0 4 13 0
7 0 4 14 0
7 0 4 15 0
7 0 5 0 0
7 0 5 1 0
7 0 5 2 0
7 0 5 3 0
7 0 5 4 0
7 0 5 5 0
7 0 5 6 0
7 0 5 7 0
7 0 5 8 0
7 0 5 9 0
7 0 5 10 0
7 0 5 11 0
7 0 5 12 0
7 0 5 13 0
7 0 5 14 0
7 0 5 15 0
7 0 6 0 0
7 0 6 1 0
7 0 6 2 0
7 0 6 3 0
7 0 6 4 0
7 0 6 5 0
7 0 6 6 0
7 0 6 7 0
7 0 6 8 0
7 0 6 9 0
7 0 6 10 0
7 0 6 11 0
7 0 6 12 0
7 0 6 13 0
7 0 6 14 0
7 0 6 15 0
7 0 7 0 0.8474438267835993
7 0 7 1 0
7 0 7 2 0
7 0 7 3 0
7 0 7 4 0
7 0 7 5 0
7 0 7 6 0
7 0 7 7 0
7 0 7 8 0
7 0 7 9 0
7 0 7 10 0
7 0 7 11 -0.00408362951068067
7 0 7 12 0
7 0 7 13 0
7 0 7 14 0
7 0 7 15 0
7 0 8 0 0
7 0 8 1 0
7 0 8 2 0
7 0 8 3 0
7 0 8 4 0
7 0 8 5 0
7 0 8 6 0
7 0 8 7 0
7 0 8 8 0
7 0 8 9 0
7 0 8 10 0
7 0 8 11 0
7 0 8 12 0
7 0 8 13 0
7 0 8 14 0
7 0 8 15 0
7 0 9 0 0
7 0 9 1 0
7 0 9 2 0
7 0 9 3 0
7 0 9 4 0
7 0 9 5 0
7 0 9 6 0
7 0 9 7 0
7 0 9 8 0
7 0 9 9 0
7 0 9 10 0
7 0 9 11 0
7 0 9 12 0
7 0 9 13 0
7 0 9 14 0
7 0 9 15 0
7 0 10 0 0
7 0 10 1 0
7 0 10 2 0
7 0 10 3 0
7 0 10 4 0
7 0 10 5 0
7 0 10 6 0
7 0 10 7 0
7 0 10 8 0
7 0 10 9 0
7 0 10 10 0
7 0 10 11 0
7 0 10 12 0
7 0 10 13 0
7 0 10 14 0
7 0 10 15 0
7 0 11 0 0
7 0 11 1 0
7 0 11 2 0
7 0 11 3 0
7 0 11 4 0
7 0 11 5 0
7 0 11 6 0
7 0 11 7 0.002041814755340335
7 0 11 8 0
7 0 11 9 0
7 0 11 10 0
7 0 11 11 0
7 0 11 12 0
7 0 11 13 0
7 0 11 14 0
7 0 11 15 0
7 0 12 0 0
7 0 12 1 0
7 0 12 2 0
7 0 12 3 0
7 0 12 4 0
7 0 12 5 0
7 0 12 6 0
7 0 12 7 0
7 0 12 8 0
7 0 12 9 0
7 0 12 10 0
7 0 12 11 0
7 0 12 12 0
7 0 12 13 0
7 0 12 14 0
7 0 12 15 0
7 0 13 0 0
7 0 13 1 0
7 0 13 2 0
7 0 13 3 0
7 0 13 4 0
7 0 13 5 0
7 0 13 6 0
7 0 13 7 0
7 0 13 8 0
7 0 13 9 0
7 0 13 10 0
7 0 13 11 0
7 0 13 12 0
7 0 13 13 0
7 0 13 14 0
7 0 13 15 0
7 0 14 0 0
7 0 14 1 0
7 0 14 2 0
7 0 14 3 0
7 0 14 4 0
7 0 14 5 0
7 0 14 6 0
7 0 14 7 0
7 0 14 8 0
7 0 14 9 0
7 0 14 10 0
7 0 14 11 0
7 0 14 12 0
7 0 14 13 0
7 0 14 14 0
7 0 14 15 0
7 0 15 0 0
7 0 15 1 0
7 0 15 2 0
7 0 15 3 0
7 0 15 4 0
7 0 15 5 0
7 0 15 6 0
7 0 15 7 0
7 0 15 8 0
7 0 15 9 0
7 0 15 10 0
7 0 15 11 0
7 0 15 12 0
7 0 15 13 0
7 0 15 14 0
7 0 15 15 0
7 1 0 0 0
7 1 0 1 0
7 1 0 2 0
7 1 0 3 0
7 1 0 4 0
7 1 0 5 0
7 1 0 6 0
7 1 0 7 0
7 1 0 8 0
7 1 0 9 0
7 1 0 10 0
7 1 0 11 0
7 1 0 12 0
7 1 0 13 0
7 1 0 14 0
7 1 0 15 0
7 1 1 0 0
7 1 1 1 0
7 1 1 2 0
7 1 1 3 0
7 1 1 4 0
7 1 1 5 0
7 1 1 6 0
7 1 1 7 -0.4237624902537531
7 1 1 8 0
7 1 1 9 0
7 1 1 10 0
7 1 1 11 0
7 1 1 12 0
7 1 1 13 0
7 1 1 14 0
7 1 1 15 0
7 1 2 0 0
7 1 2 1 0
7 1 2 2 0
7 1 2 3 0
7 1 2 4 0
7 1 2 5 0
7 1 2 6 0
7 1 2 7 0
7 1 2 8 0
7 1 2 9 0
7 1 2 10 0
7 1 2 11 0
7 1 2 12 0
7 1 2 13 0
7 1 2 14 0
7 1 2 15 0
7 1 3 0 0
7 1 3 1 0
7 1 3 2 0
7 1 3 3 0
7 1 3 4 0
7 1 3 5 0
7 1 3 6 0
7 1 3 7 0
7 1 3 8 0
7 1 3 9 0
7 1 3 10 0
7 1 3 11 0
7 1 3 12 0
7 1 3 13 0
7 1 3 14 0
7 1 3 15 0
7 1 4 0 0
7 1 4 1 0
7 1 4 2 0
7 1 4 3 0
7 1 4 4 0
7 1 4 5 0
7 1 4 6 0
7 1 4 7 0
7 1 4 8 0
7 1 4 9 0
7 1 4 10 0
7 1 4 11 0
7 1 4 12 0
7 1 4 13 0
7 1 4 14 0
7 1 4 15 0
7 1 5 0 0
7 1 5 1 0
7 1 5 2 0
7 1 5 3 0
7 1 5 4 0
7 1 5 5 0
7 1 5 6 0
7 1 5 7 0
7 1 5 8 0
7 1 5 9 0
7 1 5 10 0
7 1 5 11 0
7 1 5 12 0
7 1 5 13 0
7 1 5 14 0
7 1 5 15 0
7 1 6 0 0
7 1 6 1 0
7 1 6 2 0
7 1 6 3 0
7 1 6 4 0
7 1 6 5 0
7 1 6 6 0
7 1 6 7 0
7 1 6 8 0
7 1 6 9 0
7 1 6 10 0
7 1 6 11 0
7 1 6 12 0
7 1 6 13 0
7 1 6 14 0
7 1 6 15 0
7 1 7 0 0
7 1 7 1 0.8475249805075062
7 1 7 2 0
7 1 7 3 0
7 1 7 4 0
7 1 7 5 0
7 1 7 6 0
7 1 7 7 0
7 1 7 8 0
7 1 7 9 0
7 1 7 10 0
7 1 7 11 0
7 1 7 12 0
7 1 7 13 0
7 1 7 14 0
7 1 7 15 0
7 1 8 0 0
7 1 8 1 0
7 1 8 2 0
7 1 8 3 0
7 1 8 4 0
7 1 8 5 0
7 1 8 6 0
7 1 8 7 0
7 1 8 8 0
7 1 8 9 0
7 1 8 10 0
7 1 8 11 0
7 1 8 12 0
7 1 8 13 0
7 1 8 14 0
7 1 8 15 0
7 1 9 0 0
7 1 9 1 0
7 1 9 2 0
7 1 9 3 0
7 1 9 4 0
7 1 9 5 0
7 1 9 6 0
7 1 9 7 0
7 1 9 8 0
7 1 9 9 0
7 1 9 10 0
7 1 9 11 0
7 1 9 12 0
7 1 9 13 0
7 1 9 14 0
7 1 9 15 0
7 1 10 0 0
7 1 10 1 0
7 1 10 2 0
7 1 10 3 0
7 1 10 4 0
7 1 10 5 0
7 1 10 6 0
7 1 10 7 0
7 1 10 8 0
7 1 10 9 0
7 1 10 10 0
7 1 10 11 0
7 1 10 12 0
7 1 10 13 0
7 1 10 14 0
7 1 10 15 0
7 1 11 0 0
7 1 11 1 0
7 1 11 2 0
7 1 11 3 0
7 1 11 4 0
7 1 11 5 0
7 1 11 6 0
7 1 11 7 0
7 1 11 8 0
7 1 11 9 0
7 1 11 10 0
7 1 11 11 0
7 1 11 12 0
7 1 11 13 0
7 1 11 14 0
7 1 11 15 0
7 1 12 0 0
7 1 12 1 0
7 1 12 2 0
7 1 12 3 0
7 1 12 4 0
7 1 12 5 0
7 1 12 6 0
7 1 12 7 0
7 1 12 8 0
7 1 12 9 0
7 1 12 10 0
7 1 12 11 0
7 1 12 12 0
7 1 12 13 0
7 1 12 14 0
7 1 12 15 0
7 1 13 0 0
7 1 13 1 0
7 1 13 2 0
7 1 13 3 0
7 1 13 4 0
7 1 13 5 0
7 1 13 6 0
7 1 13 7 0
7 1 13 8 0
7 1 13 9 0
7 1 13 10 0
7 1 13 11 0
7 1 13 12 0
7 1 13 13 0
7 1 13 14 0
7 1 13 15 0
7 1 14 0 0
7 1 14 1 0
7 1 14 2 0
7 1 14 3 0
7 1 14 4 0
7 1 14 5 0
7 1 14 6 0
7 1 14 7 0
7 1 14 8 0
7 1 14 9 0
7 1 14 10 0
7 1 14 11 0
7 1 14 12 0
7 1 14 13 0
7 1 14 14 0
7 1 14 15 0
7 1 15 0 0
7 1 15 1 0
7 1 15 2 0
7 1 15 3 0
7 1 15 4 0
7 1 15 5 0
7 1 15 6 0
7 1 15 7 0
7 1 15 8 0
7 1 15 9 0
7 1 15 10 0
7 1 15 11 0
7 1 15 12 0
7 1 15 13 0
7 1 15 14 0
7 1 15 15 0
7 2 0 0 0
7 2 0 1 0
7 2 0 2 0
7 2 0 3 0
7 2 0 4 0
7 2 0 5 0
7 2 0 6 0
7 2 0 7 0
7 2 0 8 0
7 2 0 9 0
7 2 0 10 0
7 2 0 11 0
7 2 0 12 0
7 2 0 13 0
7 2 0 14 0
7 2 0 15 0
7 2 1 0 0
7 2 1 1 0
7 2 1 2 0
7 2 1 3 0
7 2 1 4 0
7 2 1 5 0
7 2 1 6 0
7 2 1 7 0
7 2 1 8 0
7 2 1 9 0
7 2 1 10 0
7 2 1 11 0
7 2 1 12 0
7 2 1 13 0
7 2 1 14 0
7 2 1 15 0
7 2 2 0 0
7 2 2 1 0
7 2 2 2 0
7 2 2 3 0
7 2 2 4 0
7 2 2 5 0
7 2 2 6 0
7 2 2 7 -0.1072064729572812
7 2 2 8 0
7 2 2 9 0
7 2 2 10 0
7 2 2 11 0
7 2 2 12 0
7 2 2 13 0
7 2 2 14 0
7 2 2 15 0
7 2 3 0 0
7 2 3 1 0
7 2 3 2 0
7 2 3 3 0
7 2 3 4 0
7 2 3 5 0
7 2 3 6 0
7 2 3 7 0
7 2 3 8 0
7 2 3 9 0
7 2 3 10 0
7 2 3 11 0
7 2 3 12 0
7 2 3 13 0
7 2 3 14 0
7 2 3 15 0
7 2 4 0 0
7 2 4 1 0
7 2 4 2 0
7 2 4 3 0
7 2 4 4 0
7 2 4 5 0
7 2 4 6 0
7 2 4 7 0
7 2 4 8 0
7 2 4 9 0
7 2 4 10 0
7 2 4 11 0
7 2 4 12 0
7 2 4 13 0
7 2 4 14 0
7 2 4 15 0
7 2 5 0 0
7 2 5 1 0
7 2 5 2 0
7 2 5 3 0
7 2 5 4 0
7 2 5 5 0
7 2 5 6 0
7 2 5 7 0
7 2 5 8 0
7 2 5 9 0
7 2 5 10 0
7 2 5 11 0
7 2 5 12 0
7 2 5 13 0
7 2 5 14 0
7 2 5 15 0
7 2 6 0 0
7 2 6 1 0
7 2 6 2 0
7 2 6 3 0
7 2 6 4 0
7 2 6 5 0
7 2 6 6 0
7 2 6 7 0
7 2 6 8 0
7 2 6 9 0
7 2 6 10 0
7 2 6 11 0
7 2 6 12 0
7 2 6 13 0
7 2 6 14 0
7 2 6 15 0
7 2 7 0 0
7 2 7 1 0
7 2 7 2 0.1072954713449453
7 2 7 3 0
7 2 7 4 0
7 2 7 5 0
7 2 7 6 0
7 2 7 7 0
7 2 7 8 0
7 2 7 9 0
7 2 7 10 0
7 2 7 11 0
7 2 7 12 0
7 2 7 13 0
7 2 7 14 0
7 2 7 15 0
7 2 8 0 0
7 2 8 1 0
7 2 8 2 0
7 2 8 3 0
7 2 8 4 0
7 2 8 5 0
7 2 8 6 0
7 2 8 7 0
7 2 8 8 0
7 2 8 9 0
7 2 8 10 0
7 2 8 11 0
7 2 8 12 0
7 2 8 13 0
7 2 8 14 0
7 2 8 15 0
7 2 9 0 0
7 2 9 1 0
7 2 9 2 0
7 2 9 3 0
7 2 9 4 0
7 2 9 5 0
7 2 9 6 0
7 2 9 7 0
7 2 9 8 0
7 2 9 9 0
7 2 9 10 0
7 2 9 11 0
7 2 9 12 0
7 2 9 13 0
7 2 9 14 0
7 2 9 15 0
7 2 10 0 0
7 2 10 1 0
7 2 10 2 0
7 2 10 3 0
7 2 10 4 0
7 2 10 5 0
7 2 10 6 0
7 2 10 7 0
7 2 10 8 0
7 2 10 9 0
7 2 10 10 0
7 2 10 11 0
7 2 10 12 0
7 2 10 13 0
7 2 10 14 0
7 2 10 15 0
7 2 11 0 0
7 2 11 1 0
7 2 11 2 0
7 2 11 3 0
7 2 11 4 0
7 2 11 5 0
7 2 11 6 0
7 2 11 7 0
7 2 11 8 0
7 2 11 9 0
7 2 11 10 0
7 2 11 11 0
7 2 11 12 0
7 2 11 13 0
7 2 11 14 0
7 2 11 15 0
7 2 12 0 0
7 2 12 1 0
7 2 12 2 0
7 2 12 3 0
7 2 12 4 0
7 2 12 5 0
7 2 12 6 0
7 2 12 7 0
7 2 12 8 0
7 2 12 9 0
7 2 12 10 0
7 2 12 11 0
7 2 12 12 0
7 2 12 13 0
7 2 12 14 0
7 2 12 15 0
7 2 13 0 0
7 2 13 1 0
7 2 13 2 0
7 2 13 3 0
7 2 13 4 0
7 2 13 5 0
7 2 13 6 0
7 2 13 7 0
7 2 13 8 0
7 2 13 9 0
7 2 13 10 0
7 2 13 11 0
7 2 13 12 0
7 2 13 13 0
7 2 13 14 0
7 2 13 15 0
7 2 14 0 0
7 2 14 1 0
7 2 14 2 0
7 2 14 3 0
7 2 14 4 0
7 2 14 5 0
7 2 14 6 0
7 2 14 7 0
7 2 14 8 0
7 2 14 9 0
7 2 14 10 0
7 2 14 11 0
7 2 14 12 0
7 2 14 13 0
7 2 14 14 0
7 2 14 15 0
7 2 15 0 0
7 2 15 1 0
7 2 15 2 0
7 2 15 3 0
7 2 15 4 0
7 2 15 5 0
7 2 15 6 0
7 2 15 7 0
7 2 15 8 0
7 2 15 9 0
7 2 15 10 0
7 2 15 11 0
7 2 15 12 0
7 2 15 13 0
7 2 15 14 0
7 2 15 15 0
7 3 0 0 0
7 3 0 1 0
7 3 0 2 0
7 3 0 3 0
7 3 0 4 0
7 3 0 5 0
7 3 0 6 0
7 3 0 7 0
7 3 0 8 0
7 3 0 9 0
7 3 0 10 0
7 3 0 11 0
7 3 0 12 0
7 3 0 13 0
7 3 0 14 0
7 3 0 15 0
7 3 1 0 0
7 3 1 1 0
7 3 1 2 0
7 3 1 3 0
7 3 1 4 0
7 3 1 5 0
7 3 1 6 0
7 3 1 7 0
7 3 1 8 0
7 3 1 9 0
7 3 1 10 0
7 3 1 11 0
7 3 1 12 0
7 3 1 13 0
7 3 1 14 0
7 3 1 15 0
7 3 2 0 0
7 3 2 1 0
7 3 2 2 0
7 3 2 3 0
7 3 2 4 0
7 3 2 5 0
7 3 2 6 3.829486270049655e-05
7 3 2 7 0
7 3 2 8 0
7 3 2 9 0
7 3 2 10 0
7 3 2 11 0
7 3 2 12 0
7 3 2 13 6.143093729778492e-05
7 3 2 14 0
7 3 2 15 0
7 3 3 0 0
7 3 3 1 0
7 3 3 2 0
7 3 3 3 0
7 3 3 4 0
7 3 3 5 0
7 3 3 6 0
7 3 3 7 -0.2209072156916217
7 3 3 8 0
7 3 3 9 0
7 3 3 10 0
7 3 3 11 0
7 3 3 12 0
7 3 3 13 0
7 3 3 14 0
7 3 3 15 0
7 3 4 0 0
7 3 4 1 0
7 3 4 2 0
7 3 4 3 0
7 3 4 4 0
7 3 4 5 0
7 3 4 6 0
7 3 4 7 0
7 3 4 8 0
7 3 4 9 0
7 3 4 10 0
7 3 4 11 0
7 3 4 12 0
7 3 4 13 0
7 3 4 14 0
7 3 4 15 0
7 3 5 0 0
7 3 5 1 0
7 3 5 2 0
7 3 5 3 0
7 3 5 4 0
7 3 5 5 0
7 3 5 6 0
7 3 5 7 0
7 3 5 8 0
7 3 5 9 0
7 3 5 10 0
7 3 5 11 0
7 3 5 12 0
7 3 5 13 0
7 3 5 14 0
7 3 5 15 0
7 3 6 0 0
7 3 6 1 0
7 3 6 2 0.2941925768110162
7 3 6 3 0
7 3 6 4 0
7 3 6 5 0
7 3 6 6 0
7 3 6 7 0
7 3 6 8 0
7 3 6 9 0
7 3 6 10 0
7 3 6 11 -0.004392846189026983
7 3 6 12 0
7 3 6 13 0
7 3 6 14 0.004495624540662748
7 3 6 15 0
7 3 7 0 0
7 3 7 1 0
7 3 7 2 0
7 3 7 3 0.4451632281616649
7 3 7 4 0
7 3 7 5 0
7 3 7 6 0
7 3 7 7 0
7 3 7 8 0
7 3 7 9 0
7 3 7 10 0
7 3 7 11 0
7 3 7 12 0
7 3 7 13 0
7 3 7 14 0
7 3 7 15 0
7 3 8 0 0
7 3 8 1 0
7 3 8 2 0
7 3 8 3 0
7 3 8 4 0
7 3 8 5 0
7 3 8 6 0
7 3 8 7 0
7 3 8 8 0
7 3 8 9 0
7 3 8 10 0
7 3 8 11 0
7 3 8 12 0
7 3 8 13 0
7 3 8 14 0
7 3 8 15 0
7 3 9 0 0
7 3 9 1 0
7 3 9 2 0
7 3 9 3 0
7 3 9 4 0
7 3 9 5 0
7 3 9 6 0
7 3 9 7 0
7 3 9 8 0
7 3 9 9 0
7 3 9 10 0
7 3 9 11 0
7 3 9 12 0
7 3 9 13 0
7 3 9 14 0
7 3 9 15 0
7 3 10 0 0
7 3 10 1 0
7 3 10 2 0
7 3 10 3 0
7 3 10 4 0
7 3 10 5 0
7 3 10 6 0
7 3 10 7 0
7 3 10 8 0
7 3 10 9 0
7 3 10 10 0
7 3 10 11 0
7 3 10 12 0
7 3 10 13 0
7 3 10 14 0
7 3 10 15 0
7 3 11 0 0
7 3 11 1 0
7 3 11 2 0
7 3 11 3 0
7 3 11 4 0
7 3 11 5 0
7 3 11 6 -0.0002582692220083964
7 3 11 7 0
7 3 11 8 0
7 3 11 9 0
7 3 11 10 0
7 3 11 11 0
7 3 11 12 0
7 3 11 13 0
7 3 11 14 0
7 3 11 15 0
7 3 12 0 0
7 3 12 1 0
7 3 12 2 0
7 3 12 3 0
7 3 12 4 0
7 3 12 5 0
7 3 12 6 0
7 3 12 7 0
7 3 12 8 0
7 3 12 9 0
7 3 12 10 0
7 3 12 11 0
7 3 12 12 0
7 3 12 13 0
7 3 12 14 0
7 3 12 15 0
7 3 13 0 0
7 3 13 1 0
7 3 13 2 0.01380742796243869
7 3 13 3 0
7 3 13 4 0
7 3 13 5 0
7 3 13 6 0
7 3 13 7 0
7 3 13 8 0
7 3 13 9 0
7 3 13 10 0
7 3 13 11 0
7 3 13 12 0
7 3 13 13 0
7 3 13 14 0
7 3 13 15 0
7 3 14 0 0
7 3 14 1 0
7 3 14 2 0
7 3 14 3 0
7 3 14 4 0
7 3 14 5 0
7 3 14 6 0.001081857339158734
7 3 14 7 0
7 3 14 8 0
7 3 14 9 0
7 3 14 10 0
7 3 14 11 0
7 3 14 12 0
7 3 14 13 0
7 3 14 14 0
7 3 14 15 0
7 3 15 0 0
7 3 15 1 0
7 3 15 2 0
7 3 15 3 0
7 3 15 4 0
7 3 15 5 0
7 3 15 6 0
7 3 15 7 0
7 3 15 8 0
7 3 15 9 0
7 3 15 10 0
7 3 15 11 0
7 3 15 12 0
7 3 15 13 0
7 3 15 14 0
7 3 15 15 0
7 4 0 0 0
7 4 0 1 0
7 4 0 2 0
7 4 0 3 0
7 4 0 4 0
7 4 0 5 0
7 4 0 6 0
7 4 0 7 0
7 4 0 8 0
7 4 0 9 0
7 4 0 10 0
7 4 0 11 0
7 4 0 12 0
7 4 0 13 0
7 4 0 14 0
7 4 0 15 0
7 4 1 0 0
7 4 1 1 0
7 4 1 2 0
7 4 1 3 0
7 4 1 4 0
7 4 1 5 0
7 4 1 6 0
7 4 1 7 0
7 4 1 8 0
7 4 1 9 0
7 4 1 10 0
7 4 1 11 0
7 4 1 12 0
7 4 1 13 0
7 4 1 14 0
7 4 1 15 0
7 4 2 0 0
7 4 2 1 0
7 4 2 2 0
7 4 2 3 0
7 4 2 4 0
7 4 2 5 5.65708532605509e-05
7 4 2 6 0
7 4 2 7 0
7 4 2 8 0
7 4 2 9 0
7 4 2 10 0
7 4 2 11 0
7 4 2 12 7.287935326917301e-05
7 4 2 13 0
7 4 2 14 0
7 4 2 15 0
7 4 3 0 0
7 4 3 1 0
7 4 3 2 0
7 4 3 3 0
7 4 3 4 0
7 4 3 5 0
7 4 3 6 0
7 4 3 7 0
7 4 3 8 0
7 4 3 9 0
7 4 3 10 0
7 4 3 11 0
7 4 3 12 0
7 4 3 13 0
7 4 3 14 0
7 4 3 15 0
7 4 4 0 0
7 4 4 1 0
7 4 4 2 0
7 4 4 3 0
7 4 4 4 0
7 4 4 5 0
7 4 4 6 0
7 4 4 7 -0.1588859194042372
7 4 4 8 0
7 4 4 9 0
7 4 4 10 0
7 4 4 11 0
7 4 4 12 0
7 4 4 13 0
7 4 4 14 0
7 4 4 15 0
7 4 5 0 0
7 4 5 1 0
7 4 5 2 0.04300112425468635
7 4 5 3 0
7 4 5 4 0
7 4 5 5 0
7 4 5 6 0
7 4 5 7 0
7 4 5 8 0
7 4 5 9 0
7 4 5 10 0
7 4 5 11 -0.0008174594652106273
7 4 5 12 0
7 4 5 13 0
7 4 5 14 0.0009885779992195882
7 4 5 15 0
7 4 6 0 0
7 4 6 1 0
7 4 6 2 0
7 4 6 3 0
7 4 6 4 0
7 4 6 5 0
7 4 6 6 0
7 4 6 7 0
7 4 6 8 0
7 4 6 9 0
7 4 6 10 0
7 4 6 11 0
7 4 6 12 0
7 4 6 13 0
7 4 6 14 0
7 4 6 15 0
7 4 7 0 0
7 4 7 1 0
7 4 7 2 0
7 4 7 3 0
7 4 7 4 0.4263597616835383
7 4 7 5 0
7 4 7 6 0
7 4 7 7 0
7 4 7 8 0
7 4 7 9 0
7 4 7 10 0
7 4 7 11 0
7 4 7 12 0
7 4 7 13 0
7 4 7 14 0
7 4 7 15 0
7 4 8 0 0
7 4 8 1 0
7 4 8 2 0
7 4 8 3 0
7 4 8 4 0
7 4 8 5 0
7 4 8 6 0
7 4 8 7 0
7 4 8 8 0
7 4 8 9 0
7 4 8 10 0
7 4 8 11 0
7 4 8 12 0
7 4 8 13 0
7 4 8 14 0
7 4 8 15 0
7 4 9 0 0
7 4 9 1 0
7 4 9 2 0
7 4 9 3 0
7 4 9 4 0
7 4 9 5 0
7 4 9 6 0
7 4 9 7 0
7 4 9 8 0
7 4 9 9 0
7 4 9 10 0
7 4 9 11 0
7 4 9 12 0
7 4 9 13 0
7 4 9 14 0
7 4 9 15 0
7 4 10 0 0
7 4 10 1 0
7 4 10 2 0
7 4 10 3 0
7 4 10 4 0
7 4 10 5 0
7 4 10 6 0
7 4 10 7 0
7 4 10 8 0
7 4 10 9 0
7 4 10 10 0
7 4 10 11 0
7 4 10 12 0
7 4 10 13 0
7 4 10 14 0
7 4 10 15 0
7 4 11 0 0
7 4 11 1 0
7 4 11 2 0
7 4 11 3 0
7 4 11 4 0
7 4 11 5 -4.490528395508161e-05
7 4 11 6 0
7 4 11 7 0
7 4 11 8 0
7 4 11 9 0
7 4 11 10 0
7 4 11 11 0
7 4 11 12 0
7 4 11 13 0
7 4 11 14 0
7 4 11 15 0
7 4 12 0 0
7 4 12 1 0
7 4 12 2 0.003514863877386646
7 4 12 3 0
7 4 12 4 0
7 4 12 5 0
7 4 12 6 0
7 4 12 7 0
7 4 12 8 0
7 4 12 9 0
7 4 12 10 0
7 4 12 11 0
7 4 12 12 0
7 4 12 13 0
7 4 12 14 0
7 4 12 15 0
7 4 13 0 0
7 4 13 1 0
7 4 13 2 0
7 4 13 3 0
7 4 13 4 0
7 4 13 5 0
7 4 13 6 0
7 4 13 7 0
7 4 13 8 0
7 4 13 9 0
7 4 13 10 0
7 4 13 11 0
7 4 13 12 0
7 4 13 13 0
7 4 13 14 0
7 4 13 15 0
7 4 14 0 0
7 4 14 1 0
7 4 14 2 0
7 4 14 3 0
7 4 14 4 0
7 4 14 5 0.0002271764310989793
7 4 14 6 0
7 4 14 7 0
7 4 14 8 0
7 4 14 9 0
7 4 14 10 0
7 4 14 11 0
7 4 14 12 0
7 4 14 13 0
7 4 14 14 0
7 4 14 15 0
7 4 15 0 0
7 4 15 1 0
7 4 15 2 0
7 4 15 3 0
7 4 15 4 0
7 4 15 5 0
7 4 15 6 0
7 4 15 7 0
7 4 15 8 0
7 4 15 9 0
7 4 15 10 0
7 4 15 11 0
7 4 15 12 0
7 4 15 13 0
7 4 15 14 0
7 4 15 15 0
7 5 0 0 0
7 5 0 1 0
7 5 0 2 0
7 5 0 3 0
7 5 0 4 0
7 5 0 5 0
7 5 0 6 0
7 5 0 7 0
7 5 0 8 0
7 5 0 9 0
7 5 0 10 0
7 5 0 11 0
7 5 0 12 0
7 5 0 13 0
7 5 0 14 0
7 5 0 15 0
7 5 1 0 0
7 5 1 1 0
7 5 1 2 0
7 5 1 3 0
7 5 1 4 0
7 5 1 5 0
7 5 1 6 0
7 5 1 7 0
7 5 1 8 0
7 5 1 9 0
7 5 1 10 0
7 5 1 11 0
7 5 1 12 0
7 5 1 13 0
7 5 1 14 0
7 5 1 15 0
7 5 2 0 0
7 5 2 1 0
7 5 2 2 0
7 5 2 3 0
7 5 2 4 7.959076734416774e-07
7 5 2 5 0
7 5 2 6 0
7 5 2 7 0
7 5 2 8 0
7 5 2 9 4.044383609821236e-05
7 5 2 10 0
7 5 2 11 0
7 5 2 12 0
7 5 2 13 0
7 5 2 14 0
7 5 2 15 0
7 5 3 0 0
7 5 3 1 0
7 5 3 2 0
7 5 3 3 0
7 5 3 4 0
7 5 3 5 0
7 5 3 6 0
7 5 3 7 0
7 5 3 8 0
7 5 3 9 0
7 5 3 10 0
7 5 3 11 0
7 5 3 12 0
7 5 3 13 0
7 5 3 14 0
7 5 3 15 0
7 5 4 0 0
7 5 4 1 0
7 5 4 2 0.02016769362305174
7 5 4 3 0
7 5 4 4 0
7 5 4 5 0
7 5 4 6 0
7 5 4 7 0
7 5 4 8 0
7 5 4 9 0
7 5 4 10 0
7 5 4 11 0
7 5 4 12 0
7 5 4 13 0
7 5 4 14 0.0001773558794428723
7 5 4 15 0
7 5 5 0 0
7 5 5 1 0
7 5 5 2 0
7 5 5 3 0
7 5 5 4 0
7 5 5 5 0
7 5 5 6 0
7 5 5 7 -0.1567332688378796
7 5 5 8 0
7 5 5 9 0
7 5 5 10 0
7 5 5 11 0
7 5 5 12 0
7 5 5 13 0
7 5 5 14 0
7 5 5 15 0
7 5 6 0 0
7 5 6 1 0
7 5 6 2 0
7 5 6 3 0
7 5 6 4 0
7 5 6 5 0
7 5 6 6 0
7 5 6 7 0
7 5 6 8 0
7 5 6 9 0
7 5 6 10 0
7 5 6 11 0
7 5 6 12 0
7 5 6 13 0
7 5 6 14 0
7 5 6 15 0
7 5 7 0 0
7 5 7 1 0
7 5 7 2 0
7 5 7 3 0
7 5 7 4 0
7 5 7 5 0.4211652188239679
7 5 7 6 0
7 5 7 7 0
7 5 7 8 0
7 5 7 9 0
7 5 7 10 0
7 5 7 11 0
7 5 7 12 0
7 5 7 13 0
7 5 7 14 0
7 5 7 15 0
7 5 8 0 0
7 5 8 1 0
7 5 8 2 0
7 5 8 3 0
7 5 8 4 0
7 5 8 5 0
7 5 8 6 0
7 5 8 7 0
7 5 8 8 0
7 5 8 9 0
7 5 8 10 0
7 5 8 11 0
7 5 8 12 0
7 5 8 13 0
7 5 8 14 0
7 5 8 15 0
7 5 9 0 0
7 5 9 1 0
7 5 9 2 0.002468277808901617
7 5 9 3 0
7 5 9 4 0
7 5 9 5 0
7 5 9 6 0
7 5 9 7 0
7 5 9 8 0
7 5 9 9 0
7 5 9 10 0
7 5 9 11 0
7 5 9 12 0
7 5 9 13 0
7 5 9 14 0
7 5 9 15 0
7 5 10 0 0
7 5 10 1 0
7 5 10 2 0
7 5 10 3 0
7 5 10 4 0
7 5 10 5 0
7 5 10 6 0
7 5 10 7 0
7 5 10 8 0
7 5 10 9 0
7 5 10 10 0
7 5 10 11 0
7 5 10 12 0
7 5 10 13 0
7 5 10 14 0
7 5 10 15 0
7 5 11 0 0
7 5 11 1 0
7 5 11 2 0
7 5 11 3 0
7 5 11 4 0
7 5 11 5 0
7 5 11 6 0
7 5 11 7 0
7 5 11 8 0
7 5 11 9 0
7 5 11 10 0
7 5 11 11 0
7 5 11 12 0
7 5 11 13 0
7 5 11 14 0
7 5 11 15 0
7 5 12 0 0
7 5 12 1 0
7 5 12 2 0
7 5 12 3 0
7 5 12 4 0
7 5 12 5 0
7 5 12 6 0
7 5 12 7 0
7 5 12 8 0
7 5 12 9 0
7 5 12 10 0
7 5 12 11 0
7 5 12 12 0
7 5 12 13 0
7 5 12 14 0
7 5 12 15 0
7 5 13 0 0
7 5 13 1 0
7 5 13 2 0
7 5 13 3 0
7 5 13 4 0
7 5 13 5 0
7 5 13 6 0
7 5 13 7 0
7 5 13 8 0
7 5 13 9 0
7 5 13 10 0
7 5 13 11 0
7 5 13 12 0
7 5 13 13 0
7 5 13 14 0
7 5 13 15 0
7 5 14 0 0
7 5 14 1 0
7 5 14 2 0
7 5 14 3 0
7 5 14 4 -1.027488667398379e-07
7 5 14 5 0
7 5 14 6 0
7 5 14 7 0
7 5 14 8 0
7 5 14 9 0
7 5 14 10 0
7 5 14 11 0
7 5 14 12 0
7 5 14 13 0
7 5 14 14 0
7 5 14 15 0
7 5 15 0 0
7 5 15 1 0
7 5 15 2 0
7 5 15 3 0
7 5 15 4 0
7 5 15 5 0
7 5 15 6 0
7 5 15 7 0
7 5 15 8 0
7 5 15 9 0
7 5 15 10 0
7 5 15 11 0
7 5 15 12 0
7 5 15 13 0
7 5 15 14 0
7 5 15 15 0
7 6 0 0 0
7 6 0 1 0
7 6 0 2 0
7 6 0 3 0
7 6 0 4 0
7 6 0 5 0
7 6 0 6 0
7 6 0 7 0
7 6 0 8 0
7 6 0 9 0
7 6 0 10 0
7 6 0 11 0
7 6 0 12 0
7 6 0 13 0
7 6 0 14 0
7 6 0 15 0
7 6 1 0 0
7 6 1 1 0
7 6 1 2 0
7 6 1 3 0
7 6 1 4 0
7 6 1 5 0
7 6 1 6 0
7 6 1 7 0
7 6 1 8 0
7 6 1 9 0
7 6 1 10 0
7 6 1 11 0
7 6 1 12 0
7 6 1 13 0
7 6 1 14 0
7 6 1 15 0
7 6 2 0 0
7 6 2 1 0
7 6 2 2 0
7 6 2 3 -9.631963676540352e-06
7 6 2 4 0
7 6 2 5 0
7 6 2 6 0
7 6 2 7 0
7 6 2 8 4.384980454179516e-05
7 6 2 9 0
7 6 2 10 0
7 6 2 11 0
7 6 2 12 0
7 6 2 13 0
7 6 2 14 0
7 6 2 15 0
7 6 3 0 0
7 6 3 1 0
7 6 3 2 0.2730334313577584
7 6 3 3 0
7 6 3 4 0
7 6 3 5 0
7 6 3 6 0
7 6 3 7 0
7 6 3 8 0
7 6 3 9 0
7 6 3 10 0
7 6 3 11 -0.003772636775135143
7 6 3 12 0
7 6 3 13 0
7 6 3 14 0.004582334637691561
7 6 3 15 0
7 6 4 0 0
7 6 4 1 0
7 6 4 2 0
7 6 4 3 0
7 6 4 4 0
7 6 4 5 0
7 6 4 6 0
7 6 4 7 0
7 6 4 8 0
7 6 4 9 0
7 6 4 10 0
7 6 4 11 0
7 6 4 12 0
7 6 4 13 0
7 6 4 14 0
7 6 4 15 0
7 6 5 0 0
7 6 5 1 0
7 6 5 2 0
7 6 5 3 0
7 6 5 4 0
7 6 5 5 0
7 6 5 6 0
7 6 5 7 0
7 6 5 8 0
7 6 5 9 0
7 6 5 10 0
7 6 5 11 0
7 6 5 12 0
7 6 5 13 0
7 6 5 14 0
7 6 5 15 0
7 6 6 0 0
7 6 6 1 0
7 6 6 2 0
7 6 6 3 0
7 6 6 4 0
7 6 6 5 0
7 6 6 6 0
7 6 6 7 -0.199553301151852
7 6 6 8 0
7 6 6 9 0
7 6 6 10 0
7 6 6 11 0
7 6 6 12 0
7 6 6 13 0
7 6 6 14 0
7 6 6 15 0
7 6 7 0 0
7 6 7 1 0
7 6 7 2 0
7 6 7 3 0
7 6 7 4 0
7 6 7 5 0
7 6 7 6 0.4023617523458414
7 6 7 7 0
7 6 7 8 0
7 6 7 9 0
7 6 7 10 0
7 6 7 11 0
7 6 7 12 0
7 6 7 13 0
7 6 7 14 0
7 6 7 15 0
7 6 8 0 0
7 6 8 1 0
7 6 8 2 0.01194952765957023
7 6 8 3 0
7 6 8 4 0
7 6 8 5 0
7 6 8 6 0
7 6 8 7 0
7 6 8 8 0
7 6 8 9 0
7 6 8 10 0
7 6 8 11 0
7 6 8 12 0
7 6 8 13 0
7 6 8 14 0
7 6 8 15 0
7 6 9 0 0
7 6 9 1 0
7 6 9 2 0
7 6 9 3 0
7 6 9 4 0
7 6 9 5 0
7 6 9 6 0
7 6 9 7 0
7 6 9 8 0
7 6 9 9 0
7 6 9 10 0
7 6 9 11 0
7 6 9 12 0
7 6 9 13 0
7 6 9 14 0
7 6 9 15 0
7 6 10 0 0
7 6 10 1 0
7 6 10 2 0
7 6 10 3 0
7 6 10 4 0
7 6 10 5 0
7 6 10 6 0
7 6 10 7 0
7 6 10 8 0
7 6 10 9 0
7 6 10 10 0
7 6 10 11 0
7 6 10 12 0
7 6 10 13 0
7 6 10 14 0
7 6 10 15 0
7 6 11 0 0
7 6 11 1 0
7 6 11 2 0
7 6 11 3 0.0002093801871175163
7 6 11 4 0
7 6 11 5 0
7 6 11 6 0
7 6 11 7 0
7 6 11 8 0
7 6 11 9 0
7 6 11 10 0
7 6 11 11 0
7 6 11 12 0
7 6 11 13 0
7 6 11 14 0
7 6 11 15 0
7 6 12 0 0
7 6 12 1 0
7 6 12 2 0
7 6 12 3 0
7 6 12 4 0
7 6 12 5 0
7 6 12 6 0
7 6 12 7 0
7 6 12 8 0
7 6 12 9 0
7 6 12 10 0
7 6 12 11 0
7 6 12 12 0
7 6 12 13 0
7 6 12 14 0
7 6 12 15 0
7 6 13 0 0
7 6 13 1 0
7 6 13 2 0
7 6 13 3 0
7 6 13 4 0
7 6 13 5 0
7 6 13 6 0
7 6 13 7 0
7 6 13 8 0
7 6 13 9 0
7 6 13 10 0
7 6 13 11 0
7 6 13 12 0
7 6 13 13 0
7 6 13 14 0
7 6 13 15 0
7 6 14 0 0
7 6 14 1 0
7 6 14 2 0
7 6 14 3 -0.000878760268540839
7 6 14 4 0
7 6 14 5 0
7 6 14 6 0
7 6 14 7 0
7 6 14 8 0
7 6 14 9 0
7 6 14 10 0
7 6 14 11 0
7 6 14 12 0
7 6 14 13 0
7 6 14 14 0
7 6 14 15 0
7 6 15 0 0
7 6 15 1 0
7 6 15 2 0
7 6 15 3 0
7 6 15 4 0
7 6 15 5 0
7 6 15 6 0
7 6 15 7 0
7 6 15 8 0
7 6 15 9 0
7 6 15 10 0
7 6 15 11 0
7 6 15 12 0
7 6 15 13 0
7 6 15 14 0
7 6 15 15 0
7 7 0 0 0
7 7 0 1 0
7 7 0 2 0.0001003835447008542
7 7 0 3 0
7 7 0 4 0
7 7 0 5 0
7 7 0 6 0
7 7 0 7 0
7 7 0 8 0
7 7 0 9 0
7 7 0 10 0
7 7 0 11 0
7 7 0 12 0
7 7 0 13 0
7 7 0 14 0
7 7 0 15 0
7 7 1 0 0
7 7 1 1 0
7 7 1 2 0
7 7 1 3 0
7 7 1 4 0
7 7 1 5 0
7 7 1 6 0
7 7 1 7 0
7 7 1 8 0
7 7 1 9 0
7 7 1 10 0
7 7 1 11 0
7 7 1 12 0
7 7 1 13 0
7 7 1 14 0
7 7 1 15 0
7 7 2 0 0.0001003835447008542
7 7 2 1 0
7 7 2 2 -0.675207539924495
7 7 2 3 0
7 7 2 4 0
7 7 2 5 0
7 7 2 6 0
7 7 2 7 0
7 7 2 8 0
7 7 2 9 0
7 7 2 10 0
7 7 2 11 0.01175002084393034
7 7 2 12 0
7 7 2 13 0
7 7 2 14 -0.01689694099941924
7 7 2 15 0
7 7 3 0 0
7 7 3 1 0
7 7 3 2 0
7 7 3 3 0
7 7 3 4 0
7 7 3 5 0
7 7 3 6 0
7 7 3 7 0
7 7 3 8 0
7 7 3 9 0
7 7 3 10 0
7 7 3 11 0
7 7 3 12 0
7 7 3 13 0
7 7 3 14 0
7 7 3 15 0
7 7 4 0 0
7 7 4 1 0
7 7 4 2 0
7 7 4 3 0
7 7 4 4 0
7 7 4 5 0
7 7 4 6 0
7 7 4 7 0
7 7 4 8 0
7 7 4 9 0
7 7 4 10 0
7 7 4 11 0
7 7 4 12 0
7 7 4 13 0
7 7 4 14 0
7 7 4 15 0
7 7 5 0 0
7 7 5 1 0
7 7 5 2 0
7 7 5 3 0
7 7 5 4 0
7 7 5 5 0
7 7 5 6 0
7 7 5 7 0
7 7 5 8 0
7 7 5 9 0
7 7 5 10 0
7 7 5 11 0
7 7 5 12 0
7 7 5 13 0
7 7 5 14 0
7 7 5 15 0
7 7 6 0 0
7 7 6 1 0
7 7 6 2 0
7 7 6 3 0
7 7 6 4 0
7 7 6 5 0
7 7 6 6 0
7 7 6 7 0
7 7 6 8 0
7 7 6 9 0
7 7 6 10 0
7 7 6 11 0
7 7 6 12 0
7 7 6 13 0
7 7 6 14 0
7 7 6 15 0
7 7 7 0 0
7 7 7 1 0
7 7 7 2 0
7 7 7 3 0
7 7 7 4 0
7 7 7 5 0
7 7 7 6 0
7 7 7 7 0.3164670189088078
7 7 7 8 0
7 7 7 9 0
7 7 7 10 0
7 7 7 11 0
7 7 7 12 0
7 7 7 13 0
7 7 7 14 0
7 7 7 15 0
7 7 8 0 0
7 7 8 1 0
7 7 8 2 0
7 7 8 3 0
7 7 8 4 0
7 7 8 5 0
7 7 8 6 0
7 7 8 7 0
7 7 8 8 0
7 7 8 9 0
7 7 8 10 0
7 7 8 11 0
7 7 8 12 0
7 7 8 13 0
7 7 8 14 0
7 7 8 15 0
7 7 9 0 0
7 7 9 1 0
7 7 9 2 0
7 7 9 3 0
7 7 9 4 0
7 7 9 5 0
7 7 9 6 0
7 7 9 7 0
7 7 9 8 0
7 7 9 9 0
7 7 9 10 0
7 7 9 11 0
7 7 9 12 0
7 7 9 13 0
7 7 9 14 0
7 7 9 15 0
7 7 10 0 0
7 7 10 1 0
7 7 10 2 0
7 7 10 3 0
7 7 10 4 0
7 7 10 5 0
7 7 10 6 0
7 7 10 7 0
7 7 10 8 0
7 7 10 9 0
7 7 10 10 0
7 7 10 11 0
7 7 10 12 0
7 7 10 13 0
7 7 10 14 0
7 7 10 15 0
7 7 11 0 0
7 7 11 1 0
7 7 11 2 0.01175002084393034
7 7 11 3 0
7 7 11 4 0
7 7 11 5 0
7 7 11 6 0
7 7 11 7 0
7 7 11 8 0
7 7 11 9 0
7 7 11 10 0
7 7 11 11 0
7 7 11 12 0
7 7 11 13 0
7 7 11 14 0
7 7 11 15 0
7 7 12 0 0
7 7 12 1 0
7 7 12 2 0
7 7 12 3 0
7 7 12 4 0
7 7 12 5 0
7 7 12 6 0
7 7 12 7 0
7 7 12 8 0
7 7 12 9 0
7 7 12 10 0
7 7 12 11 0
7 7 12 12 0
7 7 12 13 0
7 7 12 14 0
7 7 12 15 0
7 7 13 0 0
7 7 13 1 0
7 7 13 2 0
7 7 13 3 0
7 7 13 4 0
7 7 13 5 0
7 7 13 6 0
7 7 13 7 0
7 7 13 8 0
7 7 13 9 0
7 7 13 10 0
7 7 13 11 0
7 7 13 12 0
7 7 13 13 0
7 7 13 14 0
7 7 13 15 0
7 7 14 0 0
7 7 14 1 0
7 7 14 2 -0.01689694099941924
7 7 14 3 0
7 7 14 4 0
7 7 14 5 0
7 7 14 6 0
7 7 14 7 0
7 7 14 8 0
7 7 14 9 0
7 7 14 10 0
7 7 14 11 0
7 7 14 12 0
7 7 14 13 0
7 7 14 14 0
7 7 14 15 0
7 7 15 0 0
7 7 15 1 0
7 7 15 2 0
7 7 15 3 0
7 7 15 4 0
7 7 15 5 0
7 7 15 6 0
7 7 15 7 0
7 7 15 8 0
7 7 15 9 0
7 7 15 10 0
7 7 15 11 0
7 7 15 12 0
7 7 15 13 0
7 7 15 14 0
7 7 15 15 0
7 8 0 0 0
7 8 0 1 0
7 8 0 2 0
7 8 0 3 0
7 8 0 4 0
7 8 0 5 0
7 8 0 6 0
7 8 0 7 0
7 8 0 8 0
7 8 0 9 0
7 8 0 10 0
7 8 0 11 0
7 8 0 12 0
7 8 0 13 0
7 8 0 14 0
7 8 0 15 0
7 8 1 0 0
7 8 1 1 0
7 8 1 2 0
7 8 1 3 0
7 8 1 4 0
7 8 1 5 0
7 8 1 6 0
7 8 1 7 0
7 8 1 8 0
7 8 1 9 0
7 8 1 10 0
7 8 1 11 0
7 8 1 12 0
7 8 1 13 0
7 8 1 14 0
7 8 1 15 0
7 8 2 0 0
7 8 2 1 0
7 8 2 2 0
7 8 2 3 0
7 8 2 4 0
7 8 2 5 0
7 8 2 6 0
7 8 2 7 0
7 8 2 8 0
7 8 2 9 0
7 8 2 10 0
7 8 2 11 0
7 8 2 12 0
7 8 2 13 0
7 8 2 14 0
7 8 2 15 0
7 8 3 0 0
7 8 3 1 0
7 8 3 2 0
7 8 3 3 0
7 8 3 4 0
7 8 3 5 0
7 8 3 6 0
7 8 3 7 0
7 8 3 8 0
7 8 3 9 0
7 8 3 10 0
7 8 3 11 0
7 8 3 12 0
7 8 3 13 0
7 8 3 14 0
7 8 3 15 0
7 8 4 0 0
7 8 4 1 0
7 8 4 2 0
7 8 4 3 0
7 8 4 4 0
7 8 4 5 0
7 8 4 6 0
7 8 4 7 0
7 8 4 8 0
7 8 4 9 0
7 8 4 10 0
7 8 4 11 0
7 8 4 12 0
7 8 4 13 0
7 8 4 14 0
7 8 4 15 0
7 8 5 0 0
7 8 5 1 0
7 8 5 2 0
7 8 5 3 0
7 8 5 4 0
7 8 5 5 0
7 8 5 6 0
7 8 5 7 0
7 8 5 8 0
7 8 5 9 0
7 8 5 10 0
7 8 5 11 0
7 8 5 12 0
7 8 5 13 0
7 8 5 14 0
7 8 5 15 0
7 8 6 0 0
7 8 6 1 0
7 8 6 2 0
7 8 6 3 0
7 8 6 4 0
7 8 6 5 0
7 8 6 6 0
7 8 6 7 0
7 8 6 8 0
7 8 6 9 0
7 8 6 10 0
7 8 6 11 0
7 8 6 12 0
7 8 6 13 0
7 8 6 14 0
7 8 6 15 0
7 8 7 0 0
7 8 7 1 0
7 8 7 2 0
7 8 7 3 0
7 8 7 4 0
7 8 7 5 0
7 8 7 6 0
7 8 7 7 0
7 8 7 8 0
7 8 7 9 0
7 8 7 10 0
7 8 7 11 0
7 8 7 12 0
7 8 7 13 0
7 8 7 14 0
7 8 7 15 0
7 8 8 0 0
7 8 8 1 0
7 8 8 2 0
7 8 8 3 0
7 8 8 4 0
7 8 8 5 0
7 8 8 6 0
7 8 8 7 0
7 8 8 8 0
7 8 8 9 0
7 8 8 10 0
7 8 8 11 0
7 8 8 12 0
7 8 8 13 0
7 8 8 14 0
7 8 8 15 0
7 8 9 0 0
7 8 9 1 0
7 8 9 2 0
7 8 9 3 0
7 8 9 4 0
7 8 9 5 0
7 8 9 6 0
7 8 9 7 0
7 8 9 8 0
7 8 9 9 0
7 8 9 10 0
7 8 9 11 0
7 8 9 12 0
7 8 9 13 0
7 8 9 14 0
7 8 9 15 0
7 8 10 0 0
7 8 10 1 0
7 8 10 2 0
7 8 10 3 0
7 8 10 4 0
7 8 10 5 0
7 8 10 6 0
7 8 10 7 0
7 8 10 8 0
7 8 10 9 0
7 8 10 10 0
7 8 10 11 0
7 8 10 12 0
7 8 10 13 0
7 8 10 14 0
7 8 10 15 0
7 8 11 0 0
7 8 11 1 0
7 8 11 2 0
7 8 11 3 0
7 8 11 4 0
7 8 11 5 0
7 8 11 6 0
7 8 11 7 0
7 8 11 8 0
7 8 11 9 0
7 8 11 10 0
7 8 11 11 0
7 8 11 12 0
7 8 11 13 0
7 8 11 14 0
7 8 11 15 0
7 8 12 0 0
7 8 12 1 0
7 8 12 2 0
7 8 12 3 0
7 8 12 4 0
7 8 12 5 0
7 8 12 6 0
7 8 12 7 0
7 8 12 8 0
7 8 12 9 0
7 8 12 10 0
7 8 12 11 0
7 8 12 12 0
7 8 12 13 0
7 8 12 14 0
7 8 12 15 0
7 8 13 0 0
7 8 13 1 0
7 8 13 2 0
7 8 13 3 0
7 8 13 4 0
7 8 13 5 0
7 8 13 6 0
7 8 13 7 0
7 8 13 8 0
7 8 13 9 0
7 8 13 10 0
7 8 13 11 0
7 8 13 12 0
7 8 13 13 0
7 8 13 14 0
7 8 13 15 0
7 8 14 0 0
7 8 14 1 0
7 8 14 2 0
7 8 14 3 0
7 8 14 4 0
7 8 14 5 0
7 8 14 6 0
7 8 14 7 0
7 8 14 8 0
7 8 14 9 0
7 8 14 10 0
7 8 14 11 0
7 8 14 12 0
7 8 14 13 0
7 8 14 14 0
7 8 14 15 0
7 8 15 0 0
7 8 15 1 0
7 8 15 2 0
7 8 15 3 0
7 8 15 4 0
7 8 15 5 0
7 8 15 6 0
7 8 15 7 0
7 8 15 8 0
7 8 15 9 0
7 8 15 10 0
7 8 15 11 0
7 8 15 12 0
7 8 15 13 0
7 8 15 14 0
7 8 15 15 0
7 9 0 0 0
7 9 0 1 0
7 9 0 2 0
7 9 0 3 0
7 9 0 4 0
7 9 0 5 0
7 9 0 6 0
7 9 0 7 0
7 9 0 8 0
7 9 0 9 0
7 9 0 10 0
7 9 0 11 0
7 9 0 12 0
7 9 0 13 0
7 9 0 14 0
7 9 0 15 0
7 9 1 0 0
7 9 1 1 0
7 9 1 2 0
7 9 1 3 0
7 9 1 4 0
7 9 1 5 0
7 9 1 6 0
7 9 1 7 0
7 9 1 8 0
7 9 1 9 0
7 9 1 10 0
7 9 1 11 0
7 9 1 12 0
7 9 1 13 0
7 9 1 14 0
7 9 1 15 0
7 9 2 0 0
7 9 2 1 0
7 9 2 2 0
7 9 2 3 0
7 9 2 4 0
7 9 2 5 0
7 9 2 6 0
7 9 2 7 0
7 9 2 8 0
7 9 2 9 0
7 9 2 10 0
7 9 2 11 0
7 9 2 12 0
7 9 2 13 0
7 9 2 14 0
7 9 2 15 0
7 9 3 0 0
7 9 3 1 0
7 9 3 2 0
7 9 3 3 0
7 9 3 4 0
7 9 3 5 0
7 9 3 6 0
7 9 3 7 0
7 9 3 8 0
7 9 3 9 0
7 9 3 10 0
7 9 3 11 0
7 9 3 12 0
7 9 3 13 0
7 9 3 14 0
7 9 3 15 0
7 9 4 0 0
7 9 4 1 0
7 9 4 2 0
7 9 4 3 0
7 9 4 4 0
7 9 4 5 0
7 9 4 6 0
7 9 4 7 0
7 9 4 8 0
7 9 4 9 0
7 9 4 10 0
7 9 4 11 0
7 9 4 12 0
7 9 4 13 0
7 9 4 14 0
7 9 4 15 0
7 9 5 0 0
7 9 5 1 0
7 9 5 2 0
7 9 5 3 0
7 9 5 4 0
7 9 5 5 0
7 9 5 6 0
7 9 5 7 0
7 9 5 8 0
7 9 5 9 0
7 9 5 10 0
7 9 5 11 0
7 9 5 12 0
7 9 5 13 0
7 9 5 14 0
7 9 5 15 0
7 9 6 0 0
7 9 6 1 0
7 9 6 2 0
7 9 6 3 0
7 9 6 4 0
7 9 6 5 0
7 9 6 6 0
7 9 6 7 0
7 9 6 8 0
7 9 6 9 0
7 9 6 10 0
7 9 6 11 0
7 9 6 12 0
7 9 6 13 0
7 9 6 14 0
7 9 6 15 0
7 9 7 0 0
7 9 7 1 0
7 9 7 2 0
7 9 7 3 0
7 9 7 4 0
7 9 7 5 0
7 9 7 6 0
7 9 7 7 0
7 9 7 8 0
7 9 7 9 0
7 9 7 10 0
7 9 7 11 0
7 9 7 12 0
7 9 7 13 0
7 9 7 14 0
7 9 7 15 0
7 9 8 0 0
7 9 8 1 0
7 9 8 2 0
7 9 8 3 0
7 9 8 4 0
7 9 8 5 0
7 9 8 6 0
7 9 8 7 0
7 9 8 8 0
7 9 8 9 0
7 9 8 10 0
7 9 8 11 0
7 9 8 12 0
7 9 8 13 0
7 9 8 14 0
7 9 8 15 0
7 9 9 0 0
7 9 9 1 0
7 9 9 2 0
7 9 9 3 0
7 9 9 4 0
7 9 9 5 0
7 9 9 6 0
7 9 9 7 0
7 9 9 8 0
7 9 9 9 0
7 9 9 10 0
7 9 9 11 0
7 9 9 12 0
7 9 9 13 0
7 9 9 14 0
7 9 9 15 0
7 9 10 0 0
7 9 10 1 0
7 9 10 2 0
7 9 10 3 0
7 9 10 4 0
7 9 10 5 0
7 9 10 6 0
7 9 10 7 0
7 9 10 8 0
7 9 10 9 0
7 9 10 10 0
7 9 10 11 0
7 9 10 12 0
7 9 10 13 0
7 9 10 14 0
7 9 10 15 0
7 9 11 0 0
7 9 11 1 0
7 9 11 2 0
7 9 11 3 0
7 9 11 4 0
7 9 11 5 0
7 9 11 6 0
7 9 11 7 0
7 9 11 8 0
7 9 11 9 0
7 9 11 10 0
7 9 11 11 0
7 9 11 12 0
7 9 11 13 0
7 9 11 14 0
7 9 11 15 0
7 9 12 0 0
7 9 12 1 0
7 9 12 2 0
7 9 12 3 0
7 9 12 4 0
7 9 12 5 0
7 9 12 6 0
7 9 12 7 0
7 9 12 8 0
7 9 12 9 0
7 9 12 10 0
7 9 12 11 0
7 9 12 12 0
7 9 12 13 0
7 9 12 14 0
7 9 12 15 0
7 9 13 0 0
7 9 13 1 0
7 9 13 2 0
7 9 13 3 0
7 9 13 4 0
7 9 13 5 0
7 9 13 6 0
7 9 13 7 0
7 9 13 8 0
7 9 13 9 0
7 9 13 10 0
7 9 13 11 0
7 9 13 12 0
7 9 13 13 0
7 9 13 14 0
7 9 13 15 0
7 9 14 0 0
7 9 14 1 0
7 9 14 2 0
7 9 14 3 0
7 9 14 4 0
7 9 14 5 0
7 9 14 6 0
7 9 14 7 0
7 9 14 8 0
7 9 14 9 0
7 9 14 10 0
7 9 14 11 0
7 9 14 12 0
7 9 14 13 0
7 9 14 14 0
7 9 14 15 0
7 9 15 0 0
7 9 15 1 0
7 9 15 2 0
7 9 15 3 0
7 9 15 4 0
7 9 15 5 0
7 9 15 6 0
7 9 15 7 0
7 9 15 8 0
7 9 15 9 0
7 9 15 10 0
7 9 15 11 0
7 9 15 12 0
7 9 15 13 0
7 9 15 14 0
7 9 15 15 0
7 10 0 0 0
7 10 0 1 0
7 10 0 2 0
7 10 0 3 0
7 10 0 4 0
7 10 0 5 0
7 10 0 6 0
7 10 0 7 0
7 10 0 8 0
7 10 0 9 0
7 10 0 10 0
7 10 0 11 0
7 10 0 12 0
7 10 0 13 0
7 10 0 14 0
7 10 0 15 0
7 10 1 0 0
7 10 1 1 0
7 10 1 2 0
7 10 1 3 0
7 10 1 4 0
7 10 1 5 0
7 10 1 6 0
7 10 1 7 0
7 10 1 8 0
7 10 1 9 0
7 10 1 10 0
7 10 1 11 0
7 10 1 12 0
7 10 1 13 0
7 10 1 14 0
7 10 1 15 0
7 10 2 0 0
7 10 2 1 0
7 10 2 2 0
7 10 2 3 0
7 10 2 4 0
7 10 2 5 0
7 10 2 6 0
7 10 2 7 0
7 10 2 8 0
7 10 2 9 0
7 10 2 10 0
7 10 2 11 0
7 10 2 12 0
7 10 2 13 0
7 10 2 14 0
7 10 2 15 0
7 10 3 0 0
7 10 3 1 0
7 10 3 2 0
7 10 3 3 0
7 10 3 4 0
7 10 3 5 0
7 10 3 6 0
7 10 3 7 0
7 10 3 8 0
7 10 3 9 0
7 10 3 10 0
7 10 3 11 0
7 10 3 12 0
7 10 3 13 0
7 10 3 14 0
7 10 3 15 0
7 10 4 0 0
7 10 4 1 0
7 10 4 2 0
7 10 4 3 0
7 10 4 4 0
7 10 4 5 0
7 10 4 6 0
7 10 4 7 0
7 10 4 8 0
7 10 4 9 0
7 10 4 10 0
7 10 4 11 0
7 10 4 12 0
7 10 4 13 0
7 10 4 14 0
7 10 4 15 0
7 10 5 0 0
7 10 5 1 0
7 10 5 2 0
7 10 5 3 0
7 10 5 4 0
7 10 5 5 0
7 10 5 6 0
7 10 5 7 0
7 10 5 8 0
7 10 5 9 0
7 10 5 10 0
7 10 5 11 0
7 10 5 12 0
7 10 5 13 0
7 10 5 14 0
7 10 5 15 0
7 10 6 0 0
7 10 6 1 0
7 10 6 2 0
7 10 6 3 0
7 10 6 4 0
7 10 6 5 0
7 10 6 6 0
7 10 6 7 0
7 10 6 8 0
7 10 6 9 0
7 10 6 10 0
7 10 6 11 0
7 10 6 12 0
7 10 6 13 0
7 10 6 14 0
7 10 6 15 0
7 10 7 0 0
7 10 7 1 0
7 10 7 2 0
7 10 7 3 0
7 10 7 4 0
7 10 7 5 0
7 10 7 6 0
7 10 7 7 0
7 10 7 8 0
7 10 7 9 0
7 10 7 10 0
7 10 7 11 0
7 10 7 12 0
7 10 7 13 0
7 10 7 14 0
7 10 7 15 0
7 10 8 0 0
7 10 8 1 0
7 10 8 2 0
7 10 8 3 0
7 10 8 4 0
7 10 8 5 0
7 10 8 6 0
7 10 8 7 0
7 10 8 8 0
7 10 8 9 0
7 10 8 10 0
7 10 8 11 0
7 10 8 12 0
7 10 8 13 0
7 10 8 14 0
7 10 8 15 0
7 10 9 0 0
7 10 9 1 0
7 10 9 2 0
7 10 9 3 0
7 10 9 4 0
7 10 9 5 0
7 10 9 6 0
7 10 9 7 0
7 10 9 8 0
7 10 9 9 0
7 10 9 10 0
7 10 9 11 0
7 10 9 12 0
7 10 9 13 0
7 10 9 14 0
7 10 9 15 0
7 10 10 0 0
7 10 10 1 0
7 10 10 2 0
7 10 10 3 0
7 10 10 4 0
7 10 10 5 0
7 10 10 6 0
7 10 10 7 0
7 10 10 8 0
7 10 10 9 0
7 10 10 10 0
7 10 10 11 0
7 10 10 12 0
7 10 10 13 0
7 10 10 14 0
7 10 10 15 0
7 10 11 0 0
7 10 11 1 0
7 10 11 2 0
7 10 11 3 0
7 10 11 4 0
7 10 11 5 0
7 10 11 6 0
7 10 11 7 0
7 10 11 8 0
7 10 11 9 0
7 10 11 10 0
7 10 11 11 0
7 10 11 12 0
7 10 11 13 0
7 10 11 14 0
7 10 11 15 0
7 10 12 0 0
7 10 12 1 0
7 10 12 2 0
7 10 12 3 0
7 10 12 4 0
7 10 12 5 0
7 10 12 6 0
7 10 12 7 0
7 10 12 8 0
7 10 12 9 0
7 10 12 10 0
7 10 12 11 0
7 10 12 12 0
7 10 12 13 0
7 10 12 14 0
7 10 12 15 0
7 10 13 0 0
7 10 13 1 0
7 10 13 2 0
7 10 13 3 0
7 10 13 4 0
7 10 13 5 0
7 10 13 6 0
7 10 13 7 0
7 10 13 8 0
7 10 13 9 0
7 10 13 10 0
7 10 13 11 0
7 10 13 12 0
7 10 13 13 0
7 10 13 14 0
7 10 13 15 0
7 10 14 0 0
7 10 14 1 0
7 10 14 2 0
7 10 14 3 0
7 10 14 4 0
7 10 14 5 0
7 10 14 6 0
7 10 14 7 0
7 10 14 8 0
7 10 14 9 0
7 10 14 10 0
7 10 14 11 0
7 10 14 12 0
7 10 14 13 0
7 10 14 14 0
7 10 14 15 0
7 10 15 0 0
7 10 15 1 0
7 10 15 2 0
7 10 15 3 0
7 10 15 4 0
7 10 15 5 0
7 10 15 6 0
7 10 15 7 0
7 10 15 8 0
7 10 15 9 0
7 10 15 10 0
7 10 15 11 0
7 10 15 12 0
7 10 15 13 0
7 10 15 14 0
7 10 15 15 0
7 11 0 0 0
7 11 0 1 0
7 11 0 2 0
7 11 0 3 0
7 11 0 4 0
7 11 0 5 0
7 11 0 6 0
7 11 0 7 0.002041814755340336
7 11 0 8 0
7 11 0 9 0
7 11 0 10 0
7 11 0 11 0
7 11 0 12 0
7 11 0 13 0
7 11 0 14 0
7 11 0 15 0
7 11 1 0 0
7 11 1 1 0
7 11 1 2 0
7 11 1 3 0
7 11 1 4 0
7 11 1 5 0
7 11 1 6 0
7 11 1 7 0
7 11 1 8 0
7 11 1 9 0
7 11 1 10 0
7 11 1 11 0
7 11 1 12 0
7 11 1 13 0
7 11 1 14 0
7 11 1 15 0
7 11 2 0 0
7 11 2 1 0
7 11 2 2 0
7 11 2 3 0
7 11 2 4 0
7 11 2 5 0
7 11 2 6 0
7 11 2 7 0
7 11 2 8 0
7 11 2 9 0
7 11 2 10 0
7 11 2 11 0
7 11 2 12 0
7 11 2 13 0
7 11 2 14 0
7 11 2 15 0
7 11 3 0 0
7 11 3 1 0
7 11 3 2 0
7 11 3 3 0
7 11 3 4 0
7 11 3 5 0
7 11 3 6 0
7 11 3 7 0
7 11 3 8 0
7 11 3 9 0
7 11 3 10 0
7 11 3 11 0
7 11 3 12 0
7 11 3 13 0
7 11 3 14 0
7 11 3 15 0
7 11 4 0 0
7 11 4 1 0
7 11 4 2 0
7 11 4 3 0
7 11 4 4 0
7 11 4 5 0
7 11 4 6 0
7 11 4 7 0
7 11 4 8 0
7 11 4 9 0
7 11 4 10 0
7 11 4 11 0
7 11 4 12 0
7 11 4 13 0
7 11 4 14 0
7 11 4 15 0
7 11 5 0 0
7 11 5 1 0
7 11 5 2 0
7 11 5 3 0
7 11 5 4 0
7 11 5 5 0
7 11 5 6 0
7 11 5 7 0
7 11 5 8 0
7 11 5 9 0
7 11 5 10 0
7 11 5 11 0
7 11 5 12 0
7 11 5 13 0
7 11 5 14 0
7 11 5 15 0
7 11 6 0 0
7 11 6 1 0
7 11 6 2 0
7 11 6 3 0
7 11 6 4 0
7 11 6 5 0
7 11 6 6 0
7 11 6 7 0
7 11 6 8 0
7 11 6 9 0
7 11 6 10 0
7 11 6 11 0
7 11 6 12 0
7 11 6 13 0
7 11 6 14 0
7 11 6 15 0
7 11 7 0 -0.004083629510680671
7 11 7 1 0
7 11 7 2 0
7 11 7 3 0
7 11 7 4 0
7 11 7 5 0
7 11 7 6 0
7 11 7 7 0
7 11 7 8 0
7 11 7 9 0
7 11 7 10 0
7 11 7 11 8.115372390699797e-05
7 11 7 12 0
7 11 7 13 0
7 11 7 14 0
7 11 7 15 0
7 11 8 0 0
7 11 8 1 0
7 11 8 2 0
7 11 8 3 0
7 11 8 4 0
7 11 8 5 0
7 11 8 6 0
7 11 8 7 0
7 11 8 8 0
7 11 8 9 0
7 11 8 10 0
7 11 8 11 0
7 11 8 12 0
7 11 8 13 0
7 11 8 14 0
7 11 8 15 0
7 11 9 0 0
7 11 9 1 0
7 11 9 2 0
7 11 9 3 0
7 11 9 4 0
7 11 9 5 0
7 11 9 6 0
7 11 9 7 0
7 11 9 8 0
7 11 9 9 0
7 11 9 10 0
7 11 9 11 0
7 11 9 12 0
7 11 9 13 0
7 11 9 14 0
7 11 9 15 0
7 11 10 0 0
7 11 10 1 0
7 11 10 2 0
7 11 10 3 0
7 11 10 4 0
7 11 10 5 0
7 11 10 6 0
7 11 10 7 0
7 11 10 8 0
7 11 10 9 0
7 11 10 10 0
7 11 10 11 0
7 11 10 12 0
7 11 10 13 0
7 11 10 14 0
7 11 10 15 0
7 11 11 0 0
7 11 11 1 0
7 11 11 2 0
7 11 11 3 0
7 11 11 4 0
7 11 11 5 0
7 11 11 6 0
7 11 11 7 -4.057686195349899e-05
7 11 11 8 0
7 11 11 9 0
7 11 11 10 0
7 11 11 11 0
7 11 11 12 0
7 11 11 13 0
7 11 11 14 0
7 11 11 15 0
7 11 12 0 0
7 11 12 1 0
7 11 12 2 0
7 11 12 3 0
7 11 12 4 0
7 11 12 5 0
7 11 12 6 0
7 11 12 7 0
7 11 12 8 0
7 11 12 9 0
7 11 12 10 0
7 11 12 11 0
7 11 12 12 0
7 11 12 13 0
7 11 12 14 0
7 11 12 15 0
7 11 13 0 0
7 11 13 1 0
7 11 13 2 0
7 11 13 3 0
7 11 13 4 0
7 11 13 5 0
7 11 13 6 0
7 11 13 7 0
7 11 13 8 0
7 11 13 9 0
7 11 13 10 0
7 11 13 11 0
7 11 13 12 0
7 11 13 13 0
7 11 13 14 0
7 11 13 15 0
7 11 14 0 0
7 11 14 1 0
7 11 14 2 0
7 11 14 3 0
7 11 14 4 0
7 11 14 5 0
7 11 14 6 0
7 11 14 7 0
7 11 14 8 0
7 11 14 9 0
7 11 14 10 0
7 11 14 11 0
7 11 14 12 0
7 11 14 13 0
7 11 14 14 0
7 11 14 15 0
7 11 15 0 0
7 11 15 1 0
7 11 15 2 0
7 11 15 3 0
7 11 15 4 0
7 11 15 5 0
7 11 15 6 0
7 11 15 7 0
7 11 15 8 0
7 11 15 9 0
7 11 15 10 0
7 11 15 11 0
7 11 15 12 0
7 11 15 13 0
7 11 15 14 0
7 11 15 15 0
7 12 0 0 0
7 12 0 1 0
7 12 0 2 0
7 12 0 3 0
7 12 0 4 0
7 12 0 5 0
7 12 0 6 0
7 12 0 7 0
7 12 0 8 0
7 12 0 9 0
7 12 0 10 0
7 12 0 11 0
7 12 0 12 0
7 12 0 13 0
7 12 0 14 0
7 12 0 15 0
7 12 1 0 0
7 12 1 1 0
7 12 1 2 0
7 12 1 3 0
7 12 1 4 0
7 12 1 5 0
7 12 1 6 0
7 12 1 7 0
7 12 1 8 0
7 12 1 9 0
7 12 1 10 0
7 12 1 11 0
7 12 1 12 0
7 12 1 13 0
7 12 1 14 0
7 12 1 15 0
7 12 2 0 0
7 12 2 1 0
7 12 2 2 0
7 12 2 3 0
7 12 2 4 0
7 12 2 5 0
7 12 2 6 0
7 12 2 7 0
7 12 2 8 0
7 12 2 9 0
7 12 2 10 0
7 12 2 11 0
7 12 2 12 0
7 12 2 13 0
7 12 2 14 0
7 12 2 15 0
7 12 3 0 0
7 12 3 1 0
7 12 3 2 0
7 12 3 3 0
7 12 3 4 0
7 12 3 5 0
7 12 3 6 0
7 12 3 7 0
7 12 3 8 0
7 12 3 9 0
7 12 3 10 0
7 12 3 11 0
7 12 3 12 0
7 12 3 13 0
7 12 3 14 0
7 12 3 15 0
7 12 4 0 0
7 12 4 1 0
7 12 4 2 0
7 12 4 3 0
7 12 4 4 0
7 12 4 5 0
7 12 4 6 0
7 12 4 7 0
7 12 4 8 0
7 12 4 9 0
7 12 4 10 0
7 12 4 11 0
7 12 4 12 0
7 12 4 13 0
7 12 4 14 0
7 12 4 15 0
7 12 5 0 0
7 12 5 1 0
7 12 5 2 0
7 12 5 3 0
7 12 5 4 0
7 12 5 5 0
7 12 5 6 0
7 12 5 7 0
7 12 5 8 0
7 12 5 9 0
7 12 5 10 0
7 12 5 11 0
7 12 5 12 0
7 12 5 13 0
7 12 5 14 0
7 12 5 15 0
7 12 6 0 0
7 12 6 1 0
7 12 6 2 0
7 12 6 3 0
7 12 6 4 0
7 12 6 5 0
7 12 6 6 0
7 12 6 7 0
7 12 6 8 0
7 12 6 9 0
7 12 6 10 0
7 12 6 11 0
7 12 6 12 0
7 12 6 13 0
7 12 6 14 0
7 12 6 15 0
7 12 7 0 0
7 12 7 1 0
7 12 7 2 0
7 12 7 3 0
7 12 7 4 0
7 12 7 5 0
7 12 7 6 0
7 12 7 7 0
7 12 7 8 0
7 12 7 9 0
7 12 7 10 0
7 12 7 11 0
7 12 7 12 0
7 12 7 13 0
7 12 7 14 0
7 12 7 15 0
7 12 8 0 0
7 12 8 1 0
7 12 8 2 0
7 12 8 3 0
7 12 8 4 0
7 12 8 5 0
7 12 8 6 0
7 12 8 7 0
7 12 8 8 0
7 12 8 9 0
7 12 8 10 0
7 12 8 11 0
7 12 8 12 0
7 12 8 13 0
7 12 8 14 0
7 12 8 15 0
7 12 9 0 0
7 12 9 1 0
7 12 9 2 0
7 12 9 3 0
7 12 9 4 0
7 12 9 5 0
7 12 9 6 0
7 12 9 7 0
7 12 9 8 0
7 12 9 9 0
7 12 9 10 0
7 12 9 11 0
7 12 9 12 0
7 12 9 13 0
7 12 9 14 0
7 12 9 15 0
7 12 10 0 0
7 12 10 1 0
7 12 10 2 0
7 12 10 3 0
7 12 10 4 0
7 12 10 5 0
7 12 10 6 0
7 12 10 7 0
7 12 10 8 0
7 12 10 9 0
7 12 10 10 0
7 12 10 11 0
7 12 10 12 0
7 12 10 13 0
7 12 10 14 0
7 12 10 15 0
7 12 11 0 0
7 12 11 1 0
7 12 11 2 0
7 12 11 3 0
7 12 11 4 0
7 12 11 5 0
7 12 11 6 0
7 12 11 7 0
7 12 11 8 0
7 12 11 9 0
7 12 11 10 0
7 12 11 11 0
7 12 11 12 0
7 12 11 13 0
7 12 11 14 0
7 12 11 15 0
7 12 12 0 0
7 12 12 1 0
7 12 12 2 0
7 12 12 3 0
7 12 12 4 0
7 12 12 5 0
7 12 12 6 0
7 12 12 7 0
7 12 12 8 0
7 12 12 9 0
7 12 12 10 0
7 12 12 11 0
7 12 12 12 0
7 12 12 13 0
7 12 12 14 0
7 12 12 15 0
7 12 13 0 0
7 12 13 1 0
7 12 13 2 0
7 12 13 3 0
7 12 13 4 0
7 12 13 5 0
7 12 13 6 0
7 12 13 7 0
7 12 13 8 0
7 12 13 9 0
7 12 13 10 0
7 12 13 11 0
7 12 13 12 0
7 12 13 13 0
7 12 13 14 0
7 12 13 15 0
7 12 14 0 0
7 12 14 1 0
7 12 14 2 0
7 12 14 3 0
7 12 14 4 0
7 12 14 5 0
7 12 14 6 0
7 12 14 7 0
7 12 14 8 0
7 12 14 9 0
7 12 14 10 0
7 12 14 11 0
7 12 14 12 0
7 12 14 13 0
7 12 14 14 0
7 12 14 15 0
7 12 15 0 0
7 12 15 1 0
7 12 15 2 0
7 12 15 3 0
7 12 15 4 0
7 12 15 5 0
7 12 15 6 0
7 12 15 7 0
7 12 15 8 0
7 12 15 9 0
7 12 15 10 0
7 12 15 11 0
7 12 15 12 0
7 12 15 13 0
7 12 15 14 0
7 12 15 15 0
7 13 0 0 0
7 13 0 1 0
7 13 0 2 0
7 13 0 3 0
7 13 0 4 0
7 13 0 5 0
7 13 0 6 0
7 13 0 7 0
7 13 0 8 0
7 13 0 9 0
7 13 0 10 0
7 13 0 11 0
7 13 0 12 0
7 13 0 13 0
7 13 0 14 0
7 13 0 15 0
7 13 1 0 0
7 13 1 1 0
7 13 1 2 0
7 13 1 3 0
7 13 1 4 0
7 13 1 5 0
7 13 1 6 0
7 13 1 7 0
7 13 1 8 0
7 13 1 9 0
7 13 1 10 0
7 13 1 11 0
7 13 1 12 0
7 13 1 13 0
7 13 1 14 0
7 13 1 15 0
7 13 2 0 0
7 13 2 1 0
7 13 2 2 0
7 13 2 3 0
7 13 2 4 0
7 13 2 5 0
7 13 2 6 0
7 13 2 7 0
7 13 2 8 0
7 13 2 9 0
7 13 2 10 0
7 13 2 11 0
7 13 2 12 0
7 13 2 13 0
7 13 2 14 0
7 13 2 15 0
7 13 3 0 0
7 13 3 1 0
7 13 3 2 0
7 13 3 3 0
7 13 3 4 0
7 13 3 5 0
7 13 3 6 0
7 13 3 7 0
7 13 3 8 0
7 13 3 9 0
7 13 3 10 0
7 13 3 11 0
7 13 3 12 0
7 13 3 13 0
7 13 3 14 0
7 13 3 15 0
7 13 4 0 0
7 13 4 1 0
7 13 4 2 0
7 13 4 3 0
7 13 4 4 0
7 13 4 5 0
7 13 4 6 0
7 13 4 7 0
7 13 4 8 0
7 13 4 9 0
7 13 4 10 0
7 13 4 11 0
7 13 4 12 0
7 13 4 13 0
7 13 4 14 0
7 13 4 15 0
7 13 5 0 0
7 13 5 1 0
7 13 5 2 0
7 13 5 3 0
7 13 5 4 0
7 13 5 5 0
7 13 5 6 0
7 13 5 7 0
7 13 5 8 0
7 13 5 9 0
7 13 5 10 0
7 13 5 11 0
7 13 5 12 0
7 13 5 13 0
7 13 5 14 0
7 13 5 15 0
7 13 6 0 0
7 13 6 1 0
7 13 6 2 0
7 13 6 3 0
7 13 6 4 0
7 13 6 5 0
7 13 6 6 0
7 13 6 7 0
7 13 6 8 0
7 13 6 9 0
7 13 6 10 0
7 13 6 11 0
7 13 6 12 0
7 13 6 13 0
7 13 6 14 0
7 13 6 15 0
7 13 7 0 0
7 13 7 1 0
7 13 7 2 0
7 13 7 3 0
7 13 7 4 0
7 13 7 5 0
7 13 7 6 0
7 13 7 7 0
7 13 7 8 0
7 13 7 9 0
7 13 7 10 0
7 13 7 11 0
7 13 7 12 0
7 13 7 13 0
7 13 7 14 0
7 13 7 15 0
7 13 8 0 0
7 13 8 1 0
7 13 8 2 0
7 13 8 3 0
7 13 8 4 0
7 13 8 5 0
7 13 8 6 0
7 13 8 7 0
7 13 8 8 0
7 13 8 9 0
7 13 8 10 0
7 13 8 11 0
7 13 8 12 0
7 13 8 13 0
7 13 8 14 0
7 13 8 15 0
7 13 9 0 0
7 13 9 1 0
7 13 9 2 0
7 13 9 3 0
7 13 9 4 0
7 13 9 5 0
7 13 9 6 0
7 13 9 7 0
7 13 9 8 0
7 13 9 9 0
7 13 9 10 0
7 13 9 11 0
7 13 9 12 0
7 13 9 13 0
7 13 9 14 0
7 13 9 15 0
7 13 10 0 0
7 13 10 1 0
7 13 10 2 0
7 13 10 3 0
7 13 10 4 0
7 13 10 5 0
7 13 10 6 0
7 13 10 7 0
7 13 10 8 0
7 13 10 9 0
7 13 10 10 0
7 13 10 11 0
7 13 10 12 0
7 13 10 13 0
7 13 10 14 0
7 13 10 15 0
7 13 11 0 0
7 13 11 1 0
7 13 11 2 0
7 13 11 3 0
7 13 11 4 0
7 13 11 5 0
7 13 11 6 0
7 13 11 7 0
7 13 11 8 0
7 13 11 9 0
7 13 11 10 0
7 13 11 11 0
7 13 11 12 0
7 13 11 13 0
7 13 11 14 0
7 13 11 15 0
7 13 12 0 0
7 13 12 1 0
7 13 12 2 0
7 13 12 3 0
7 13 12 4 0
7 13 12 5 0
7 13 12 6 0
7 13 12 7 0
7 13 12 8 0
7 13 12 9 0
7 13 12 10 0
7 13 12 11 0
7 13 12 12 0
7 13 12 13 0
7 13 12 14 0
7 13 12 15 0
7 13 13 0 0
7 13 13 1 0
7 13 13 2 0
7 13 13 3 0
7 13 13 4 0
7 13 13 5 0
7 13 13 6 0
7 13 13 7 0
7 13 13 8 0
7 13 13 9 0
7 13 13 10 0
7 13 13 11 0
7 13 13 12 0
7 13 13 13 0
7 13 13 14 0
7 13 13 15 0
7 13 14 0 0
7 13 14 1 0
7 13 14 2 0
7 13 14 3 0
7 13 14 4 0
7 13 14 5 0
7 13 14 6 0
7 13 14 7 0
7 13 14 8 0
7 13 14 9 0
7 13 14 10 0
7 13 14 11 0
7 13 14 12 0
7 13 14 13 0
7 13 14 14 0
7 13 14 15 0
7 13 15 0 0
7 13 15 1 0
7 13 15 2 0
7 13 15 3 0
7 13 15 4 0
7 13 15 5 0
7 13 15 6 0
7 13 15 7 0
7 13 15 8 0
7 13 15 9 0
7 13 15 10 0
7 13 15 11 0
7 13 15 12 0
7 13 15 13 0
7 13 15 14 0
7 13 15 15 0
7 14 0 0 0
7 14 0 1 0
7 14 0 2 0
7 14 0 3 0
7 14 0 4 0
7 14 0 5 0
7 14 0 6 0
7 14 0 7 0
7 14 0 8 0
7 14 0 9 0
7 14 0 10 0
7 14 0 11 0
7 14 0 12 0
7 14 0 13 0
7 14 0 14 0
7 14 0 15 0
7 14 1 0 0
7 14 1 1 0
7 14 1 2 0
7 14 1 3 0
7 14 1 4 0
7 14 1 5 0
7 14 1 6 0
7 14 1 7 0
7 14 1 8 0
7 14 1 9 0
7 14 1 10 0
7 14 1 11 0
7 14 1 12 0
7 14 1 13 0
7 14 1 14 0
7 14 1 15 0
7 14 2 0 0
7 14 2 1 0
7 14 2 2 0
7 14 2 3 0
7 14 2 4 0
7 14 2 5 0
7 14 2 6 0
7 14 2 7 0
7 14 2 8 0
7 14 2 9 0
7 14 2 10 0
7 14 2 11 0
7 14 2 12 0
7 14 2 13 0
7 14 2 14 0
7 14 2 15 0
7 14 3 0 0
7 14 3 1 0
7 14 3 2 0
7 14 3 3 0
7 14 3 4 0
7 14 3 5 0
7 14 3 6 0
7 14 3 7 0
7 14 3 8 0
7 14 3 9 0
7 14 3 10 0
7 14 3 11 0
7 14 3 12 0
7 14 3 13 0
7 14 3 14 0
7 14 3 15 0
7 14 4 0 0
7 14 4 1 0
7 14 4 2 0
7 14 4 3 0
7 14 4 4 0
7 14 4 5 0
7 14 4 6 0
7 14 4 7 0
7 14 4 8 0
7 14 4 9 0
7 14 4 10 0
7 14 4 11 0
7 14 4 12 0
7 14 4 13 0
7 14 4 14 0
7 14 4 15 0
7 14 5 0 0
7 14 5 1 0
7 14 5 2 0
7 14 5 3 0
7 14 5 4 0
7 14 5 5 0
7 14 5 6 0
7 14 5 7 0
7 14 5 8 0
7 14 5 9 0
7 14 5 10 0
7 14 5 11 0
7 14 5 12 0
7 14 5 13 0
7 14 5 14 0
7 14 5 15 0
7 14 6 0 0
7 14 6 1 0
7 14 6 2 0
7 14 6 3 0
7 14 6 4 0
7 14 6 5 0
7 14 6 6 0
7 14 6 7 0
7 14 6 8 0
7 14 6 9 0
7 14 6 10 0
7 14 6 11 0
7 14 6 12 0
7 14 6 13 0
7 14 6 14 0
7 14 6 15 0
7 14 7 0 0
7 14 7 1 0
7 14 7 2 0
7 14 7 3 0
7 14 7 4 0
7 14 7 5 0
7 14 7 6 0
7 14 7 7 0
7 14 7 8 0
7 14 7 9 0
7 14 7 10 0
7 14 7 11 0
7 14 7 12 0
7 14 7 13 0
7 14 7 14 0
7 14 7 15 0
7 14 8 0 0
7 14 8 1 0
7 14 8 2 0
7 14 8 3 0
7 14 8 4 0
7 14 8 5 0
7 14 8 6 0
7 14 8 7 0
7 14 8 8 0
7 14 8 9 0
7 14 8 10 0
7 14 8 11 0
7 14 8 12 0
7 14 8 13 0
7 14 8 14 0
7 14 8 15 0
7 14 9 0 0
7 14 9 1 0
7 14 9 2 0
7 14 9 3 0
7 14 9 4 0
7 14 9 5 0
7 14 9 6 0
7 14 9 7 0
7 14 9 8 0
7 14 9 9 0
7 14 9 10 0
7 14 9 11 0
7 14 9 12 0
7 14 9 13 0
7 14 9 14 0
7 14 9 15 0
7 14 10 0 0
7 14 10 1 0
7 14 10 2 0
7 14 10 3 0
7 14 10 4 0
7 14 10 5 0
7 14 10 6 0
7 14 10 7 0
7 14 10 8 0
7 14 10 9 0
7 14 10 10 0
7 14 10 11 0
7 14 10 12 0
7 14 10 13 0
7 14 10 14 0
7 14 10 15 0
7 14 11 0 0
7 14 11 1 0
7 14 11 2 0
7 14 11 3 0
7 14 11 4 0
7 14 11 5 0
7 14 11 6 0
7 14 11 7 0
7 14 11 8 0
7 14 11 9 0
7 14 11 10 0
7 14 11 11 0
7 14 11 12 0
7 14 11 13 0
7 14 11 14 0
7 14 11 15 0
7 14 12 0 0
7 14 12 1 0
7 14 12 2 0
7 14 12 3 0
7 14 12 4 0
7 14 12 5 0
7 14 12 6 0
7 14 12 7 0
7 14 12 8 0
7 14 12 9 0
7 14 12 10 0
7 14 12 11 0
7 14 12 12 0
7 14 12 13 0
7 14 12 14 0
7 14 12 15 0
7 14 13 0 0
7 14 13 1 0
7 14 13 2 0
7 14 13 3 0
7 14 13 4 0
7 14 13 5 0
7 14 13 6 0
7 14 13 7 0
7 14 13 8 0
7 14 13 9 0
7 14 13 10 0
7 14 13 11 0
7 14 13 12 0
7 14 13 13 0
7 14 13 14 0
7 14 13 15 0
7 14 14 0 0
7 14 14 1 0
7 14 14 2 0
7 14 14 3 0
7 14 14 4 0
7 14 14 5 0
7 14 14 6 0
7 14 14 7 0
7 14 14 8 0
7 14 14 9 0
7 14 14 10 0
7 14 14 11 0
7 14 14 12 0
7 14 14 13 0
7 14 14 14 0
7 14 14 15 0
7 14 15 0 0
7 14 15 1 0
7 14 15 2 0
7 14 15 3 0
7 14 15 4 0
7 14 15 5 0
7 14 15 6 0
7 14 15 7 0
7 14 15 8 0
7 14 15 9 0
7 14 15 10 0
7 14 15 11 0
7 14 15 12 0
7 14 15 13 0
7 14 15 14 0
7 14 15 15 0
7 15 0 0 0
7 15 0 1 0
7 15 0 2 0
7 15 0 3 0
7 15 0 4 0
7 15 0 5 0
7 15 0 6 0
7 15 0 7 0
7 15 0 8 0
7 15 0 9 0
7 15 0 10 0
7 15 0 11 0
7 15 0 12 0
7 15 0 13 0
7 15 0 14 0
7 15 0 15 0
7 15 1 0 0
7 15 1 1 0
7 15 1 2 0
7 15 1 3 0
7 15 1 4 0
7 15 1 5 0
7 15 1 6 0
7 15 1 7 0
7 15 1 8 0
7 15 1 9 0
7 15 1 10 0
7 15 1 11 0
7 15 1 12 0
7 15 1 13 0
7 15 1 14 0
7 15 1 15 0
7 15 2 0 0
7 15 2 1 0
7 15 2 2 0
7 15 2 3 0
7 15 2 4 0
7 15 2 5 0
7 15 2 6 0
7 15 2 7 0
7 15 2 8 0
7 15 2 9 0
7 15 2 10 0
7 15 2 11 0
7 15 2 12 0
7 15 2 13 0
7 15 2 14 0
7 15 2 15 0
7 15 3 0 0
7 15 3 1 0
7 15 3 2 0
7 15 3 3 0
7 15 3 4 0
7 15 3 5 0
7 15 3 6 0
7 15 3 7 0
7 15 3 8 0
7 15 3 9 0
7 15 3 10 0
7 15 3 11 0
7 15 3 12 0
7 15 3 13 0
7 15 3 14 0
7 15 3 15 0
7 15 4 0 0
7 15 4 1 0
7 15 4 2 0
7 15 4 3 0
7 15 4 4 0
7 15 4 5 0
7 15 4 6 0
7 15 4 7 0
7 15 4 8 0
7 15 4 9 0
7 15 4 10 0
7 15 4 11 0
7 15 4 12 0
7 15 4 13 0
7 15 4 14 0
7 15 4 15 0
7 15 5 0 0
7 15 5 1 0
7 15 5 2 0
7 15 5 3 0
7 15 5 4 0
7 15 5 5 0
7 15 5 6 0
7 15 5 7 0
7 15 5 8 0
7 15 5 9 0
7 15 5 10 0
7 15 5 11 0
7 15 5 12 0
7 15 5 13 0
7 15 5 14 0
7 15 5 15 0
7 15 6 0 0
7 15 6 1 0
7 15 6 2 0
7 15 6 3 0
7 15 6 4 0
7 15 6 5 0
7 15 6 6 0
7 15 6 7 0
7 15 6 8 0
7 15 6 9 0
7 15 6 10 0
7 15 6 11 0
7 15 6 12 0
7 15 6 13 0
7 15 6 14 0
7 15 6 15 0
7 15 7 0 0
7 15 7 1 0
7 15 7 2 0
7 15 7 3 0
7 15 7 4 0
7 15 7 5 0
7 15 7 6 0
7 15 7 7 0
7 15 7 8 0
7 15 7 9 0
7 15 7 10 0
7 15 7 11 0
7 15 7 12 0
7 15 7 13 0
7 15 7 14 0
7 15 7 15 0
7 15 8 0 0
7 15 8 1 0
7 15 8 2 0
7 15 8 3 0
7 15 8 4 0
7 15 8 5 0
7 15 8 6 0
7 15 8 7 0
7 15 8 8 0
7 15 8 9 0
7 15 8 10 0
7 15 8 11 0
7 15 8 12 0
7 15 8 13 0
7 15 8 14 0
7 15 8 15 0
7 15 9 0 0
7 15 9 1 0
7 15 9 2 0
7 15 9 3 0
7 15 9 4 0
7 15 9 5 0
7 15 9 6 0
7 15 9 7 0
7 15 9 8 0
7 15 9 9 0
7 15 9 10 0
7 15 9 11 0
7 15 9 12 0
7 15 9 13 0
7 15 9 14 0
7 15 9 15 0
7 15 10 0 0
7 15 10 1 0
7 15 10 2 0
7 15 10 3 0
7 15 10 4 0
7 15 10 5 0
7 15 10 6 0
7 15 10 7 0
7 15 10 8 0
7 15 10 9 0
7 15 10 10 0
7 15 10 11 0
7 15 10 12 0
7 15 10 13 0
7 15 10 14 0
7 15 10 15 0
7 15 11 0 0
7 15 11 1 0
7 15 11 2 0
7 15 11 3 0
7 15 11 4 0
7 15 11 5 0
7 15 11 6 0
7 15 11 7 0
7 15 11 8 0
7 15 11 9 0
7 15 11 10 0
7 15 11 11 0
7 15 11 12 0
7 15 11 13 0
7 15 11 14 0
7 15 11 15 0
7 15 12 0 0
7 15 12 1 0
7 15 12 2 0
7 15 12 3 0
7 15 12 4 0
7 15 12 5 0
7 15 12 6 0
7 15 12 7 0
7 15 12 8 0
7 15 12 9 0
7 15 12 10 0
7 15 12 11 0
7 15 12 12 0
7 15 12 13 0
7 15 12 14 0
7 15 12 15 0
7 15 13 0 0
7 15 13 1 0
7 15 13 2 0
7 15 13 3 0
7 15 13 4 0
7 15 13 5 0
7 15 13 6 0
7 15 13 7 0
7 15 13 8 0
7 15 13 9 0
7 15 13 10 0
7 15 13 11 0
7 15 13 12 0
7 15 13 13 0
7 15 13 14 0
7 15 13 15 0
7 15 14 0 0
7 15 14 1 0
7 15 14 2 0
7 15 14 3 0
7 15 14 4 0
7 15 14 5 0
7 15 14 6 0
7 15 14 7 0
7 15 14 8 0
7 15 14 9 0
7 15 14 10 0
7 15 14 11 0
7 15 14 12 0
7 15 14 13 0
7 15 14 14 0
7 15 14 15 0
7 15 15 0 0
7 15 15 1 0
7 15 15 2 0
7 15 15 3 0
7 15 15 4 0
7 15 15 5 0
7 15 15 6 0
7 15 15 7 0
7 15 15 8 0
7 15 15 9 0
7 15 15 10 0
7 15 15 11 0
7 15 15 12 0
7 15 15 13 0
7 15 15 14 0
7 15 15 15 0
8 0 0 0 0
8 0 0 1 0
8 0 0 2 0
8 0 0 3 -0.04876966629806405
8 0 0 4 0
8 0 0 5 0
8 0 0 6 0
8 0 0 7 0
8 0 0 8 -0.003385798092910523
8 0 0 9 0
8 0 0 10 0
8 0 0 11 0
8 0 0 12 0
8 0 0 13 0
8 0 0 14 0
8 0 0 15 0
8 0 1 0 0
8 0 1 1 0
8 0 1 2 0
8 0 1 3 0
8 0 1 4 0
8 0 1 5 0
8 0 1 6 0
8 0 1 7 0
8 0 1 8 0
8 0 1 9 0
8 0 1 10 0
8 0 1 11 0
8 0 1 12 0
8 0 1 13 0
8 0 1 14 0
8 0 1 15 0
8 0 2 0 0
8 0 2 1 0
8 0 2 2 0
8 0 2 3 0
8 0 2 4 0
8 0 2 5 0
8 0 2 6 0
8 0 2 7 0
8 0 2 8 0
8 0 2 9 0
8 0 2 10 0
8 0 2 11 0
8 0 2 12 0
8 0 2 13 0
8 0 2 14 0
8 0 2 15 0
8 0 3 0 0.0975393325961281
8 0 3 1 0
8 0 3 2 0
8 0 3 3 0
8 0 3 4 0
8 0 3 5 0
8 0 3 6 0
8 0 3 7 0
8 0 3 8 0
8 0 3 9 0
8 0 3 10 0
8 0 3 11 -0.0006623327401179169
8 0 3 12 0
8 0 3 13 0
8 0 3 14 0
8 0 3 15 0
8 0 4 0 0
8 0 4 1 0
8 0 4 2 0
8 0 4 3 0
8 0 4 4 0
8 0 4 5 0
8 0 4 6 0
8 0 4 7 0
8 0 4 8 0
8 0 4 9 0
8 0 4 10 0
8 0 4 11 0
8 0 4 12 0
8 0 4 13 0
8 0 4 14 0
8 0 4 15 0
8 0 5 0 0
8 0 5 1 0
8 0 5 2 0
8 0 5 3 0
8 0 5 4 0
8 0 5 5 0
8 0 5 6 0
8 0 5 7 0
8 0 5 8 0
8 0 5 9 0
8 0 5 10 0
8 0 5 11 0
8 0 5 12 0
8 0 5 13 0
8 0 5 14 0
8 0 5 15 0
8 0 6 0 0
8 0 6 1 0
8 0 6 2 0
8 0 6 3 0
8 0 6 4 0
8 0 6 5 0
8 0 6 6 0
8 0 6 7 0
8 0 6 8 0
8 0 6 9 0
8 0 6 10 0
8 0 6 11 0
8 0 6 12 0
8 0 6 13 0
8 0 6 14 0
8 0 6 15 0
8 0 7 0 0
8 0 7 1 0
8 0 7 2 0
8 0 7 3 0
8 0 7 4 0
8 0 7 5 0
8 0 7 6 0
8 0 7 7 0
8 0 7 8 0
8 0 7 9 0
8 0 7 10 0
8 0 7 11 0
8 0 7 12 0
8 0 7 13 0
8 0 7 14 0
8 0 7 15 0
8 0 8 0 0.006771596185821046
8 0 8 1 0
8 0 8 2 0
8 0 8 3 0
8 0 8 4 0
8 0 8 5 0
8 0 8 6 0
8 0 8 7 0
8 0 8 8 0
8 0 8 9 0
8 0 8 10 0
8 0 8 11 0
8 0 8 12 0
8 0 8 13 0
8 0 8 14 0
8 0 8 15 0
8 0 9 0 0
8 0 9 1 0
8 0 9 2 0
8 0 9 3 0
8 0 9 4 0
8 0 9 5 0
8 0 9 6 0
8 0 9 7 0
8 0 9 8 0
8 0 9 9 0
8 0 9 10 0
8 0 9 11 0
8 0 9 12 0
8 0 9 13 0
8 0 9 14 0
8 0 9 15 0
8 0 10 0 0
8 0 10 1 0
8 0 10 2 0
8 0 10 3 0
8 0 10 4 0
8 0 10 5 0
8 0 10 6 0
8 0 10 7 0
8 0 10 8 0
8 0 10 9 0
8 0 10 10 0
8 0 10 11 0
8 0 10 12 0
8 0 10 13 0
8 0 10 14 0
8 0 10 15 0
8 0 11 0 0
8 0 11 1 0
8 0 11 2 0
8 0 11 3 -3.326374928355692e-05
8 0 11 4 0
8 0 11 5 0
8 0 11 6 0
8 0 11 7 0
8 0 11 8 0
8 0 11 9 0
8 0 11 10 0
8 0 11 11 0
8 0 11 12 0
8 0 11 13 0
8 0 11 14 0
8 0 11 15 0
8 0 12 0 0
8 0 12 1 0
8 0 12 2 0
8 0 12 3 0
8 0 12 4 0
8 0 12 5 0
8 0 12 6 0
8 0 12 7 0
8 0 12 8 0
8 0 12 9 0
8 0 12 10 0
8 0 12 11 0
8 0 12 12 0
8 0 12 13 0
8 0 12 14 0
8 0 12 15 0
8 0 13 0 0
8 0 13 1 0
8 0 13 2 0
8 0 13 3 0
8 0 13 4 0
8 0 13 5 0
8 0 13 6 0
8 0 13 7 0
8 0 13 8 0
8 0 13 9 0
8 0 13 10 0
8 0 13 11 0
8 0 13 12 0
8 0 13 13 0
8 0 13 14 0
8 0 13 15 0
8 0 14 0 0
8 0 14 1 0
8 0 14 2 0
8 0 14 3 0
8 0 14 4 0
8 0 14 5 0
8 0 14 6 0
8 0 14 7 0
8 0 14 8 0
8 0 14 9 0
8 0 14 10 0
8 0 14 11 0
8 0 14 12 0
8 0 14 13 0
8 0 14 14 0
8 0 14 15 0
8 0 15 0 0
8 0 15 1 0
8 0 15 2 0
8 0 15 3 0
8 0 15 4 0
8 0 15 5 0
8 0 15 6 0
8 0 15 7 0
8 0 15 8 0
8 0 15 9 0
8 0 15 10 0
8 0 15 11 0
8 0 15 12 0
8 0 15 13 0
8 0 15 14 0
8 0 15 15 0
8 1 0 0 0
8 1 0 1 0
8 1 0 2 0
8 1 0 3 0
8 1 0 4 0
8 1 0 5 0
8 1 0 6 0
8 1 0 7 0
8 1 0 8 0
8 1 0 9 0
8 1 0 10 0
8 1 0 11 0
8 1 0 12 0
8 1 0 13 0
8 1 0 14 0
8 1 0 15 0
8 1 1 0 0
8 1 1 1 0
8 1 1 2 0
8 1 1 3 -0.04876966629806405
8 1 1 4 0
8 1 1 5 0
8 1 1 6 0
8 1 1 7 0
8 1 1 8 -0.003385798092910523
8 1 1 9 0
8 1 1 10 0
8 1 1 11 0
8 1 1 12 0
8 1 1 13 0
8 1 1 14 0
8 1 1 15 0
8 1 2 0 0
8 1 2 1 0
8 1 2 2 0
8 1 2 3 0
8 1 2 4 0
8 1 2 5 0
8 1 2 6 0
8 1 2 7 0
8 1 2 8 0
8 1 2 9 0
8 1 2 10 0
8 1 2 11 0
8 1 2 12 0
8 1 2 13 0
8 1 2 14 0
8 1 2 15 0
8 1 3 0 0
8 1 3 1 0.0975393325961281
8 1 3 2 0
8 1 3 3 0
8 1 3 4 0
8 1 3 5 0
8 1 3 6 0
8 1 3 7 0
8 1 3 8 0
8 1 3 9 0
8 1 3 10 0
8 1 3 11 0
8 1 3 12 0
8 1 3 13 0
8 1 3 14 0
8 1 3 15 0.0007751238883217116
8 1 4 0 0
8 1 4 1 0
8 1 4 2 0
8 1 4 3 0
8 1 4 4 0
8 1 4 5 0
8 1 4 6 0
8 1 4 7 0
8 1 4 8 0
8 1 4 9 0
8 1 4 10 0
8 1 4 11 0
8 1 4 12 0
8 1 4 13 0
8 1 4 14 0
8 1 4 15 0
8 1 5 0 0
8 1 5 1 0
8 1 5 2 0
8 1 5 3 0
8 1 5 4 0
8 1 5 5 0
8 1 5 6 0
8 1 5 7 0
8 1 5 8 0
8 1 5 9 0
8 1 5 10 0
8 1 5 11 0
8 1 5 12 0
8 1 5 13 0
8 1 5 14 0
8 1 5 15 0
8 1 6 0 0
8 1 6 1 0
8 1 6 2 0
8 1 6 3 0
8 1 6 4 0
8 1 6 5 0
8 1 6 6 0
8 1 6 7 0
8 1 6 8 0
8 1 6 9 0
8 1 6 10 0
8 1 6 11 0
8 1 6 12 0
8 1 6 13 0
8 1 6 14 0
8 1 6 15 0
8 1 7 0 0
8 1 7 1 0
8 1 7 2 0
8 1 7 3 0
8 1 7 4 0
8 1 7 5 0
8 1 7 6 0
8 1 7 7 0
8 1 7 8 0
8 1 7 9 0
8 1 7 10 0
8 1 7 11 0
8 1 7 12 0
8 1 7 13 0
8 1 7 14 0
8 1 7 15 0
8 1 8 0 0
8 1 8 1 0.006771596185821046
8 1 8 2 0
8 1 8 3 0
8 1 8 4 0
8 1 8 5 0
8 1 8 6 0
8 1 8 7 0
8 1 8 8 0
8 1 8 9 0
8 1 8 10 0
8 1 8 11 0
8 1 8 12 0
8 1 8 13 0
8 1 8 14 0
8 1 8 15 0
8 1 9 0 0
8 1 9 1 0
8 1 9 2 0
8 1 9 3 0
8 1 9 4 0
8 1 9 5 0
8 1 9 6 0
8 1 9 7 0
8 1 9 8 0
8 1 9 9 0
8 1 9 10 0
8 1 9 11 0
8 1 9 12 0
8 1 9 13 0
8 1 9 14 0
8 1 9 15 0
8 1 10 0 0
8 1 10 1 0
8 1 10 2 0
8 1 10 3 0
8 1 10 4 0
8 1 10 5 0
8 1 10 6 0
8 1 10 7 0
8 1 10 8 0
8 1 10 9 0
8 1 10 10 0
8 1 10 11 0
8 1 10 12 0
8 1 10 13 0
8 1 10 14 0
8 1 10 15 0
8 1 11 0 0
8 1 11 1 0
8 1 11 2 0
8 1 11 3 0
8 1 11 4 0
8 1 11 5 0
8 1 11 6 0
8 1 11 7 0
8 1 11 8 0
8 1 11 9 0
8 1 11 10 0
8 1 11 11 0
8 1 11 12 0
8 1 11 13 0
8 1 11 14 0
8 1 11 15 0
8 1 12 0 0
8 1 12 1 0
8 1 12 2 0
8 1 12 3 0
8 1 12 4 0
8 1 12 5 0
8 1 12 6 0
8 1 12 7 0
8 1 12 8 0
8 1 12 9 0
8 1 12 10 0
8 1 12 11 0
8 1 12 12 0
8 1 12 13 0
8 1 12 14 0
8 1 12 15 0
8 1 13 0 0
8 1 13 1 0
8 1 13 2 0
8 1 13 3 0
8 1 13 4 0
8 1 13 5 0
8 1 13 6 0
8 1 13 7 0
8 1 13 8 0
8 1 13 9 0
8 1 13 10 0
8 1 13 11 0
8 1 13 12 0
8 1 13 13 0
8 1 13 14 0
8 1 13 15 0
8 1 14 0 0
8 1 14 1 0
8 1 14 2 0
8 1 14 3 0
8 1 14 4 0
8 1 14 5 0
8 1 14 6 0
8 1 14 7 0
8 1 14 8 0
8 1 14 9 0
8 1 14 10 0
8 1 14 11 0
8 1 14 12 0
8 1 14 13 0
8 1 14 14 0
8 1 14 15 0
8 1 15 0 0
8 1 15 1 0
8 1 15 2 0
8 1 15 3 -0.0003066821864013461
8 1 15 4 0
8 1 15 5 0
8 1 15 6 0
8 1 15 7 0
8 1 15 8 0
8 1 15 9 0
8 1 15 10 0
8 1 15 11 0
8 1 15 12 0
8 1 15 13 0
8 1 15 14 0
8 1 15 15 0
8 2 0 0 0
8 2 0 1 0
8 2 0 2 0
8 2 0 3 0
8 2 0 4 0
8 2 0 5 0
8 2 0 6 0
8 2 0 7 0
8 2 0 8 0
8 2 0 9 0
8 2 0 10 0
8 2 0 11 0
8 2 0 12 0
8 2 0 13 0
8 2 0 14 0
8 2 0 15 0
8 2 1 0 0
8 2 1 1 0
8 2 1 2 0
8 2 1 3 0
8 2 1 4 0
8 2 1 5 0
8 2 1 6 0
8 2 1 7 0
8 2 1 8 0
8 2 1 9 0
8 2 1 10 0
8 2 1 11 0
8 2 1 12 0
8 2 1 13 0
8 2 1 14 0
8 2 1 15 0
8 2 2 0 0
8 2 2 1 0
8 2 2 2 0
8 2 2 3 -0.04876966629806405
8 2 2 4 0
8 2 2 5 0
8 2 2 6 0
8 2 2 7 0
8 2 2 8 -0.003385798092910523
8 2 2 9 0
8 2 2 10 0
8 2 2 11 0
8 2 2 12 0
8 2 2 13 0
8 2 2 14 0
8 2 2 15 0
8 2 3 0 0
8 2 3 1 0
8 2 3 2 0.0975393325961281
8 2 3 3 0
8 2 3 4 0
8 2 3 5 0
8 2 3 6 0
8 2 3 7 0
8 2 3 8 0
8 2 3 9 0
8 2 3 10 0
8 2 3 11 -0.001697596980775354
8 2 3 12 0
8 2 3 13 0
8 2 3 14 0.002440585321579808
8 2 3 15 0
8 2 4 0 0
8 2 4 1 0
8 2 4 2 0
8 2 4 3 0
8 2 4 4 0
8 2 4 5 0
8 2 4 6 0
8 2 4 7 0
8 2 4 8 0
8 2 4 9 0
8 2 4 10 0
8 2 4 11 0
8 2 4 12 0
8 2 4 13 0
8 2 4 14 0
8 2 4 15 0
8 2 5 0 0
8 2 5 1 0
8 2 5 2 0
8 2 5 3 0
8 2 5 4 0
8 2 5 5 0
8 2 5 6 0
8 2 5 7 0
8 2 5 8 0
8 2 5 9 0
8 2 5 10 0
8 2 5 11 0
8 2 5 12 0
8 2 5 13 0
8 2 5 14 0
8 2 5 15 0
8 2 6 0 0
8 2 6 1 0
8 2 6 2 0
8 2 6 3 0
8 2 6 4 0
8 2 6 5 0
8 2 6 6 0
8 2 6 7 4.384980454179516e-05
8 2 6 8 0
8 2 6 9 0
8 2 6 10 0
8 2 6 11 0
8 2 6 12 0
8 2 6 13 0
8 2 6 14 0
8 2 6 15 0
8 2 7 0 0
8 2 7 1 0
8 2 7 2 0
8 2 7 3 0
8 2 7 4 0
8 2 7 5 0
8 2 7 6 0.01194952765957023
8 2 7 7 0
8 2 7 8 0
8 2 7 9 0
8 2 7 10 0
8 2 7 11 0
8 2 7 12 0
8 2 7 13 0
8 2 7 14 0
8 2 7 15 0
8 2 8 0 0
8 2 8 1 0
8 2 8 2 0.006771596185821046
8 2 8 3 0
8 2 8 4 0
8 2 8 5 0
8 2 8 6 0
8 2 8 7 0
8 2 8 8 0
8 2 8 9 0
8 2 8 10 0
8 2 8 11 0
8 2 8 12 0
8 2 8 13 0
8 2 8 14 0
8 2 8 15 0
8 2 9 0 0
8 2 9 1 0
8 2 9 2 0
8 2 9 3 0
8 2 9 4 0
8 2 9 5 0
8 2 9 6 0
8 2 9 7 0
8 2 9 8 0
8 2 9 9 0
8 2 9 10 0
8 2 9 11 0
8 2 9 12 0
8 2 9 13 0
8 2 9 14 0
8 2 9 15 0
8 2 10 0 0
8 2 10 1 0
8 2 10 2 0
8 2 10 3 0
8 2 10 4 0
8 2 10 5 0
8 2 10 6 0
8 2 10 7 0
8 2 10 8 0
8 2 10 9 0
8 2 10 10 0
8 2 10 11 0
8 2 10 12 0
8 2 10 13 0
8 2 10 14 0
8 2 10 15 0
8 2 11 0 0
8 2 11 1 0
8 2 11 2 0
8 2 11 3 0.0006761839479602171
8 2 11 4 0
8 2 11 5 0
8 2 11 6 0
8 2 11 7 0
8 2 11 8 0
8 2 11 9 0
8 2 11 10 0
8 2 11 11 0
8 2 11 12 0
8 2 11 13 0
8 2 11 14 0
8 2 11 15 0
8 2 12 0 0
8 2 12 1 0
8 2 12 2 0
8 2 12 3 0
8 2 12 4 0
8 2 12 5 0
8 2 12 6 0
8 2 12 7 0
8 2 12 8 0
8 2 12 9 0
8 2 12 10 0
8 2 12 11 0
8 2 12 12 0
8 2 12 13 0
8 2 12 14 0
8 2 12 15 0
8 2 13 0 0
8 2 13 1 0
8 2 13 2 0
8 2 13 3 0
8 2 13 4 0
8 2 13 5 0
8 2 13 6 0
8 2 13 7 0
8 2 13 8 0
8 2 13 9 0
8 2 13 10 0
8 2 13 11 0
8 2 13 12 0
8 2 13 13 0
8 2 13 14 0
8 2 13 15 0
8 2 14 0 0
8 2 14 1 0
8 2 14 2 0
8 2 14 3 -0.001427147780471013
8 2 14 4 0
8 2 14 5 0
8 2 14 6 0
8 2 14 7 0
8 2 14 8 0
8 2 14 9 0
8 2 14 10 0
8 2 14 11 0
8 2 14 12 0
8 2 14 13 0
8 2 14 14 0
8 2 14 15 0
8 2 15 0 0
8 2 15 1 0
8 2 15 2 0
8 2 15 3 0
8 2 15 4 0
8 2 15 5 0
8 2 15 6 0
8 2 15 7 0
8 2 15 8 0
8 2 15 9 0
8 2 15 10 0
8 2 15 11 0
8 2 15 12 0
8 2 15 13 0
8 2 15 14 0
8 2 15 15 0
8 3 0 0 0
8 3 0 1 0
8 3 0 2 0
8 3 0 3 0
8 3 0 4 0
8 3 0 5 0
8 3 0 6 0
8 3 0 7 0
8 3 0 8 0
8 3 0 9 0
8 3 0 10 0
8 3 0 11 0
8 3 0 12 0
8 3 0 13 0
8 3 0 14 0
8 3 0 15 0
8 3 1 0 0
8 3 1 1 0
8 3 1 2 0
8 3 1 3 0
8 3 1 4 0
8 3 1 5 0
8 3 1 6 0
8 3 1 7 0
8 3 1 8 0
8 3 1 9 0
8 3 1 10 0
8 3 1 11 0
8 3 1 12 0
8 3 1 13 0
8 3 1 14 0
8 3 1 15 0
8 3 2 0 0
8 3 2 1 0
8 3 2 2 0
8 3 2 3 0
8 3 2 4 0
8 3 2 5 0
8 3 2 6 0
8 3 2 7 0
8 3 2 8 0
8 3 2 9 0
8 3 2 10 0
8 3 2 11 0
8 3 2 12 0
8 3 2 13 0
8 3 2 14 0
8 3 2 15 0
8 3 3 0 0
8 3 3 1 0
8 3 3 2 0
8 3 3 3 -6.041275637483391e-19
8 3 3 4 0
8 3 3 5 0
8 3 3 6 0
8 3 3 7 0
8 3 3 8 -3.844686539360617e-05
8 3 3 9 0
8 3 3 10 0
8 3 3 11 0
8 3 3 12 0
8 3 3 13 0
8 3 3 14 0
8 3 3 15 0
8 3 4 0 0
8 3 4 1 0
8 3 4 2 0
8 3 4 3 0
8 3 4 4 0
8 3 4 5 0
8 3 4 6 0
8 3 4 7 0
8 3 4 8 0
8 3 4 9 0
8 3 4 10 0
8 3 4 11 0
8 3 4 12 0
8 3 4 13 0
8 3 4 14 0
8 3 4 15 0
8 3 5 0 0
8 3 5 1 0
8 3 5 2 0
8 3 5 3 0
8 3 5 4 0
8 3 5 5 0
8 3 5 6 0
8 3 5 7 0
8 3 5 8 0
8 3 5 9 0
8 3 5 10 0
8 3 5 11 0
8 3 5 12 0
8 3 5 13 0
8 3 5 14 0
8 3 5 15 0
8 3 6 0 0
8 3 6 1 0
8 3 6 2 0
8 3 6 3 0
8 3 6 4 0
8 3 6 5 0
8 3 6 6 -3.183230376332693e-20
8 3 6 7 0
8 3 6 8 0
8 3 6 9 0
8 3 6 10 0
8 3 6 11 0
8 3 6 12 0
8 3 6 13 1.192004601054981e-05
8 3 6 14 0
8 3 6 15 0
8 3 7 0 0
8 3 7 1 0
8 3 7 2 0
8 3 7 3 0
8 3 7 4 0
8 3 7 5 0
8 3 7 6 0
8 3 7 7 0
8 3 7 8 0
8 3 7 9 0
8 3 7 10 0
8 3 7 11 0
8 3 7 12 0
8 3 7 13 0
8 3 7 14 0
8 3 7 15 0
8 3 8 0 0
8 3 8 1 0
8 3 8 2 0
8 3 8 3 3.844686539360632e-05
8 3 8 4 0
8 3 8 5 0
8 3 8 6 0
8 3 8 7 0
8 3 8 8 0
8 3 8 9 0
8 3 8 10 0
8 3 8 11 0
8 3 8 12 0
8 3 8 13 0
8 3 8 14 0
8 3 8 15 0
8 3 9 0 0
8 3 9 1 0
8 3 9 2 0
8 3 9 3 0
8 3 9 4 0
8 3 9 5 0
8 3 9 6 0
8 3 9 7 0
8 3 9 8 0
8 3 9 9 0
8 3 9 10 0
8 3 9 11 0
8 3 9 12 0
8 3 9 13 0
8 3 9 14 0
8 3 9 15 0
8 3 10 0 0
8 3 10 1 0
8 3 10 2 0
8 3 10 3 0
8 3 10 4 0
8 3 10 5 0
8 3 10 6 0
8 3 10 7 0
8 3 10 8 0
8 3 10 9 0
8 3 10 10 0
8 3 10 11 0
8 3 10 12 0
8 3 10 13 0
8 3 10 14 0
8 3 10 15 0
8 3 11 0 0
8 3 11 1 0
8 3 11 2 0
8 3 11 3 0
8 3 11 4 0
8 3 11 5 0
8 3 11 6 0
8 3 11 7 0
8 3 11 8 0
8 3 11 9 0
8 3 11 10 0
8 3 11 11 0
8 3 11 12 0
8 3 11 13 0
8 3 11 14 0
8 3 11 15 0
8 3 12 0 0
8 3 12 1 0
8 3 12 2 0
8 3 12 3 0
8 3 12 4 0
8 3 12 5 0
8 3 12 6 0
8 3 12 7 0
8 3 12 8 0
8 3 12 9 0
8 3 12 10 0
8 3 12 11 0
8 3 12 12 0
8 3 12 13 0
8 3 12 14 0
8 3 12 15 0
8 3 13 0 0
8 3 13 1 0
8 3 13 2 0
8 3 13 3 0
8 3 13 4 0
8 3 13 5 0
8 3 13 6 -1.192004601054962e-05
8 3 13 7 0
8 3 13 8 0
8 3 13 9 0
8 3 13 10 0
8 3 13 11 0
8 3 13 12 0
8 3 13 13 0
8 3 13 14 0
8 3 13 15 0
8 3 14 0 0
8 3 14 1 0
8 3 14 2 0
8 3 14 3 0
8 3 14 4 0
8 3 14 5 0
8 3 14 6 0
8 3 14 7 0
8 3 14 8 0
8 3 14 9 0
8 3 14 10 0
8 3 14 11 0
8 3 14 12 0
8 3 14 13 0
8 3 14 14 0
8 3 14 15 0
8 3 15 0 0
8 3 15 1 0
8 3 15 2 0
8 3 15 3 0
8 3 15 4 0
8 3 15 5 0
8 3 15 6 0
8 3 15 7 0
8 3 15 8 0
8 3 15 9 0
8 3 15 10 0
8 3 15 11 0
8 3 15 12 0
8 3 15 13 0
8 3 15 14 0
8 3 15 15 0
8 4 0 0 0
8 4 0 1 0
8 4 0 2 0
8 4 0 3 0
8 4 0 4 0
8 4 0 5 0
8 4 0 6 0
8 4 0 7 0
8 4 0 8 0
8 4 0 9 0
8 4 0 10 0
8 4 0 11 0
8 4 0 12 0
8 4 0 13 0
8 4 0 14 0
8 4 0 15 0
8 4 1 0 0
8 4 1 1 0
8 4 1 2 0
8 4 1 3 0
8 4 1 4 0
8 4 1 5 0
8 4 1 6 0
8 4 1 7 0
8 4 1 8 0
8 4 1 9 0
8 4 1 10 0
8 4 1 11 0
8 4 1 12 0
8 4 1 13 0
8 4 1 14 0
8 4 1 15 0
8 4 2 0 0
8 4 2 1 0
8 4 2 2 0
8 4 2 3 0
8 4 2 4 0
8 4 2 5 0
8 4 2 6 0
8 4 2 7 0
8 4 2 8 0
8 4 2 9 0
8 4 2 10 0
8 4 2 11 0
8 4 2 12 0
8 4 2 13 0
8 4 2 14 0
8 4 2 15 0
8 4 3 0 0
8 4 3 1 0
8 4 3 2 0
8 4 3 3 0
8 4 3 4 0.04876966629806405
8 4 3 5 0
8 4 3 6 0
8 4 3 7 0
8 4 3 8 0
8 4 3 9 0.003231031770486634
8 4 3 10 0
8 4 3 11 0
8 4 3 12 0
8 4 3 13 0
8 4 3 14 0
8 4 3 15 0
8 4 4 0 0
8 4 4 1 0
8 4 4 2 0
8 4 4 3 -0.002913602970917857
8 4 4 4 0
8 4 4 5 0
8 4 4 6 0
8 4 4 7 0
8 4 4 8 -0.0004971521865835352
8 4 4 9 0
8 4 4 10 0
8 4 4 11 0
8 4 4 12 0
8 4 4 13 0
8 4 4 14 0
8 4 4 15 0
8 4 5 0 0
8 4 5 1 0
8 4 5 2 0
8 4 5 3 0
8 4 5 4 0
8 4 5 5 0
8 4 5 6 -0.00397890966944655
8 4 5 7 0
8 4 5 8 0
8 4 5 9 0
8 4 5 10 0
8 4 5 11 0
8 4 5 12 0
8 4 5 13 -0.0002418475718680761
8 4 5 14 0
8 4 5 15 0
8 4 6 0 0
8 4 6 1 0
8 4 6 2 0
8 4 6 3 0
8 4 6 4 0
8 4 6 5 3.677988287950961e-05
8 4 6 6 0
8 4 6 7 0
8 4 6 8 0
8 4 6 9 0
8 4 6 10 0
8 4 6 11 0
8 4 6 12 3.458162349255323e-05
8 4 6 13 0
8 4 6 14 0
8 4 6 15 0
8 4 7 0 0
8 4 7 1 0
8 4 7 2 0
8 4 7 3 0
8 4 7 4 0
8 4 7 5 0
8 4 7 6 0
8 4 7 7 0
8 4 7 8 0
8 4 7 9 0
8 4 7 10 0
8 4 7 11 0
8 4 7 12 0
8 4 7 13 0
8 4 7 14 0
8 4 7 15 0
8 4 8 0 0
8 4 8 1 0
8 4 8 2 0
8 4 8 3 0
8 4 8 4 0.003391245774649644
8 4 8 5 0
8 4 8 6 0
8 4 8 7 0
8 4 8 8 0
8 4 8 9 0
8 4 8 10 0
8 4 8 11 0
8 4 8 12 0
8 4 8 13 0
8 4 8 14 0
8 4 8 15 0
8 4 9 0 0
8 4 9 1 0
8 4 9 2 0
8 4 9 3 -0.0004005276174159994
8 4 9 4 0
8 4 9 5 0
8 4 9 6 0
8 4 9 7 0
8 4 9 8 0
8 4 9 9 0
8 4 9 10 0
8 4 9 11 0
8 4 9 12 0
8 4 9 13 0
8 4 9 14 0
8 4 9 15 0
8 4 10 0 0
8 4 10 1 0
8 4 10 2 0
8 4 10 3 0
8 4 10 4 0
8 4 10 5 0
8 4 10 6 0
8 4 10 7 0
8 4 10 8 0
8 4 10 9 0
8 4 10 10 0
8 4 10 11 0
8 4 10 12 0
8 4 10 13 0
8 4 10 14 0
8 4 10 15 0
8 4 11 0 0
8 4 11 1 0
8 4 11 2 0
8 4 11 3 0
8 4 11 4 0
8 4 11 5 0
8 4 11 6 0
8 4 11 7 0
8 4 11 8 0
8 4 11 9 0
8 4 11 10 0
8 4 11 11 0
8 4 11 12 0
8 4 11 13 0
8 4 11 14 0
8 4 11 15 0
8 4 12 0 0
8 4 12 1 0
8 4 12 2 0
8 4 12 3 0
8 4 12 4 0
8 4 12 5 0
8 4 12 6 -0.0002658886594542
8 4 12 7 0
8 4 12 8 0
8 4 12 9 0
8 4 12 10 0
8 4 12 11 0
8 4 12 12 0
8 4 12 13 0
8 4 12 14 0
8 4 12 15 0
8 4 13 0 0
8 4 13 1 0
8 4 13 2 0
8 4 13 3 0
8 4 13 4 0
8 4 13 5 5.84671208387728e-06
8 4 13 6 0
8 4 13 7 0
8 4 13 8 0
8 4 13 9 0
8 4 13 10 0
8 4 13 11 0
8 4 13 12 0
8 4 13 13 0
8 4 13 14 0
8 4 13 15 0
8 4 14 0 0
8 4 14 1 0
8 4 14 2 0
8 4 14 3 0
8 4 14 4 0
8 4 14 5 0
8 4 14 6 0
8 4 14 7 0
8 4 14 8 0
8 4 14 9 0
8 4 14 10 0
8 4 14 11 0
8 4 14 12 0
8 4 14 13 0
8 4 14 14 0
8 4 14 15 0
8 4 15 0 0
8 4 15 1 0
8 4 15 2 0
8 4 15 3 0
8 4 15 4 0
8 4 15 5 0
8 4 15 6 0
8 4 15 7 0
8 4 15 8 0
8 4 15 9 0
8 4 15 10 0
8 4 15 11 0
8 4 15 12 0
8 4 15 13 0
8 4 15 14 0
8 4 15 15 0
8 5 0 0 0
8 5 0 1 0
8 5 0 2 0
8 5 0 3 0
8 5 0 4 0
8 5 0 5 0
8 5 0 6 0
8 5 0 7 0
8 5 0 8 0
8 5 0 9 0
8 5 0 10 0
8 5 0 11 0
8 5 0 12 0
8 5 0 13 0
8 5 0 14 0
8 5 0 15 0
8 5 1 0 0
8 5 1 1 0
8 5 1 2 0
8 5 1 3 0
8 5 1 4 0
8 5 1 5 0
8 5 1 6 0
8 5 1 7 0
8 5 1 8 0
8 5 1 9 0
8 5 1 10 0
8 5 1 11 0
8 5 1 12 0
8 5 1 13 0
8 5 1 14 0
8 5 1 15 0
8 5 2 0 0
8 5 2 1 0
8 5 2 2 0
8 5 2 3 0
8 5 2 4 0
8 5 2 5 0
8 5 2 6 0
8 5 2 7 0
8 5 2 8 0
8 5 2 9 0
8 5 2 10 0
8 5 2 11 0
8 5 2 12 0
8 5 2 13 0
8 5 2 14 0
8 5 2 15 0
8 5 3 0 0
8 5 3 1 0
8 5 3 2 0
8 5 3 3 0
8 5 3 4 0
8 5 3 5 0.04876966629806406
8 5 3 6 0
8 5 3 7 0
8 5 3 8 0
8 5 3 9 0
8 5 3 10 0
8 5 3 11 0
8 5 3 12 0.003087088662772281
8 5 3 13 0
8 5 3 14 0
8 5 3 15 0
8 5 4 0 0
8 5 4 1 0
8 5 4 2 0
8 5 4 3 0
8 5 4 4 0
8 5 4 5 0
8 5 4 6 -0.003418040703874578
8 5 4 7 0
8 5 4 8 0
8 5 4 9 0
8 5 4 10 0
8 5 4 11 0
8 5 4 12 0
8 5 4 13 -0.0003409868017352875
8 5 4 14 0
8 5 4 15 0
8 5 5 0 0
8 5 5 1 0
8 5 5 2 0
8 5 5 3 -0.00431305247089379
8 5 5 4 0
8 5 5 5 0
8 5 5 6 0
8 5 5 7 0
8 5 5 8 -0.0006141068932846824
8 5 5 9 0
8 5 5 10 0
8 5 5 11 0
8 5 5 12 0
8 5 5 13 0
8 5 5 14 0
8 5 5 15 0
8 5 6 0 0
8 5 6 1 0
8 5 6 2 0
8 5 6 3 0
8 5 6 4 -3.18901567356515e-05
8 5 6 5 0
8 5 6 6 0
8 5 6 7 0
8 5 6 8 0
8 5 6 9 8.230430158600249e-05
8 5 6 10 0
8 5 6 11 0
8 5 6 12 0
8 5 6 13 0
8 5 6 14 0
8 5 6 15 0
8 5 7 0 0
8 5 7 1 0
8 5 7 2 0
8 5 7 3 0
8 5 7 4 0
8 5 7 5 0
8 5 7 6 0
8 5 7 7 0
8 5 7 8 0
8 5 7 9 0
8 5 7 10 0
8 5 7 11 0
8 5 7 12 0
8 5 7 13 0
8 5 7 14 0
8 5 7 15 0
8 5 8 0 0
8 5 8 1 0
8 5 8 2 0
8 5 8 3 0
8 5 8 4 0
8 5 8 5 0.003380350411171401
8 5 8 6 0
8 5 8 7 0
8 5 8 8 0
8 5 8 9 0
8 5 8 10 0
8 5 8 11 0
8 5 8 12 0
8 5 8 13 0
8 5 8 14 0
8 5 8 15 0
8 5 9 0 0
8 5 9 1 0
8 5 9 2 0
8 5 9 3 0
8 5 9 4 0
8 5 9 5 0
8 5 9 6 -0.0005562940026584097
8 5 9 7 0
8 5 9 8 0
8 5 9 9 0
8 5 9 10 0
8 5 9 11 0
8 5 9 12 0
8 5 9 13 0
8 5 9 14 0
8 5 9 15 0
8 5 10 0 0
8 5 10 1 0
8 5 10 2 0
8 5 10 3 0
8 5 10 4 0
8 5 10 5 0
8 5 10 6 0
8 5 10 7 0
8 5 10 8 0
8 5 10 9 0
8 5 10 10 0
8 5 10 11 0
8 5 10 12 0
8 5 10 13 0
8 5 10 14 0
8 5 10 15 0
8 5 11 0 0
8 5 11 1 0
8 5 11 2 0
8 5 11 3 0
8 5 11 4 0
8 5 11 5 0
8 5 11 6 0
8 5 11 7 0
8 5 11 8 0
8 5 11 9 0
8 5 11 10 0
8 5 11 11 0
8 5 11 12 0
8 5 11 13 0
8 5 11 14 0
8 5 11 15 0
8 5 12 0 0
8 5 12 1 0
8 5 12 2 0
8 5 12 3 -0.0004165412827692168
8 5 12 4 0
8 5 12 5 0
8 5 12 6 0
8 5 12 7 0
8 5 12 8 0
8 5 12 9 0
8 5 12 10 0
8 5 12 11 0
8 5 12 12 0
8 5 12 13 0
8 5 12 14 0
8 5 12 15 0
8 5 13 0 0
8 5 13 1 0
8 5 13 2 0
8 5 13 3 0
8 5 13 4 -2.132125217259892e-06
8 5 13 5 0
8 5 13 6 0
8 5 13 7 0
8 5 13 8 0
8 5 13 9 0
8 5 13 10 0
8 5 13 11 0
8 5 13 12 0
8 5 13 13 0
8 5 13 14 0
8 5 13 15 0
8 5 14 0 0
8 5 14 1 0
8 5 14 2 0
8 5 14 3 0
8 5 14 4 0
8 5 14 5 0
8 5 14 6 0
8 5 14 7 0
8 5 14 8 0
8 5 14 9 0
8 5 14 10 0
8 5 14 11 0
8 5 14 12 0
8 5 14 13 0
8 5 14 14 0
8 5 14 15 0
8 5 15 0 0
8 5 15 1 0
8 5 15 2 0
8 5 15 3 0
8 5 15 4 0
8 5 15 5 0
8 5 15 6 0
8 5 15 7 0
8 5 15 8 0
8 5 15 9 0
8 5 15 10 0
8 5 15 11 0
8 5 15 12 0
8 5 15 13 0
8 5 15 14 0
8 5 15 15 0
8 6 0 0 0
8 6 0 1 0
8 6 0 2 0
8 6 0 3 0
8 6 0 4 0
8 6 0 5 0
8 6 0 6 0
8 6 0 7 0
8 6 0 8 0
8 6 0 9 0
8 6 0 10 0
8 6 0 11 0
8 6 0 12 0
8 6 0 13 0
8 6 0 14 0
8 6 0 15 0
8 6 1 0 0
8 6 1 1 0
8 6 1 2 0
8 6 1 3 0
8 6 1 4 0
8 6 1 5 0
8 6 1 6 0
8 6 1 7 0
8 6 1 8 0
8 6 1 9 0
8 6 1 10 0
8 6 1 11 0
8 6 1 12 0
8 6 1 13 0
8 6 1 14 0
8 6 1 15 0
8 6 2 0 0
8 6 2 1 0
8 6 2 2 0
8 6 2 3 0
8 6 2 4 0
8 6 2 5 0
8 6 2 6 0
8 6 2 7 0
8 6 2 8 0
8 6 2 9 0
8 6 2 10 0
8 6 2 11 0
8 6 2 12 0
8 6 2 13 0
8 6 2 14 0
8 6 2 15 0
8 6 3 0 0
8 6 3 1 0
8 6 3 2 0
8 6 3 3 0
8 6 3 4 0
8 6 3 5 0
8 6 3 6 0.04876966629806405
8 6 3 7 0
8 6 3 8 0
8 6 3 9 0
8 6 3 10 0
8 6 3 11 0
8 6 3 12 0
8 6 3 13 0.003108041970571908
8 6 3 14 0
8 6 3 15 0
8 6 4 0 0
8 6 4 1 0
8 6 4 2 0
8 6 4 3 0
8 6 4 4 0
8 6 4 5 0
8 6 4 6 0
8 6 4 7 0
8 6 4 8 0
8 6 4 9 0
8 6 4 10 0
8 6 4 11 0
8 6 4 12 0
8 6 4 13 0
8 6 4 14 0
8 6 4 15 0
8 6 5 0 0
8 6 5 1 0
8 6 5 2 0
8 6 5 3 0
8 6 5 4 0
8 6 5 5 0
8 6 5 6 0
8 6 5 7 0
8 6 5 8 0
8 6 5 9 0
8 6 5 10 0
8 6 5 11 0
8 6 5 12 0
8 6 5 13 0
8 6 5 14 0
8 6 5 15 0
8 6 6 0 0
8 6 6 1 0
8 6 6 2 0
8 6 6 3 -0.04882637366908132
8 6 6 4 0
8 6 6 5 0
8 6 6 6 0
8 6 6 7 0
8 6 6 8 -0.00326684150315158
8 6 6 9 0
8 6 6 10 0
8 6 6 11 0
8 6 6 12 0
8 6 6 13 0
8 6 6 14 0
8 6 6 15 0
8 6 7 0 0
8 6 7 1 0
8 6 7 2 0
8 6 7 3 0
8 6 7 4 0
8 6 7 5 0
8 6 7 6 0
8 6 7 7 0
8 6 7 8 0
8 6 7 9 0
8 6 7 10 0
8 6 7 11 0
8 6 7 12 0
8 6 7 13 0
8 6 7 14 0
8 6 7 15 0
8 6 8 0 0
8 6 8 1 0
8 6 8 2 0
8 6 8 3 0
8 6 8 4 0
8 6 8 5 0
8 6 8 6 0.003347351227516916
8 6 8 7 0
8 6 8 8 0
8 6 8 9 0
8 6 8 10 0
8 6 8 11 0
8 6 8 12 0
8 6 8 13 0
8 6 8 14 0
8 6 8 15 0
8 6 9 0 0
8 6 9 1 0
8 6 9 2 0
8 6 9 3 0
8 6 9 4 0
8 6 9 5 0
8 6 9 6 0
8 6 9 7 0
8 6 9 8 0
8 6 9 9 0
8 6 9 10 0
8 6 9 11 0
8 6 9 12 0
8 6 9 13 0
8 6 9 14 0
8 6 9 15 0
8 6 10 0 0
8 6 10 1 0
8 6 10 2 0
8 6 10 3 0
8 6 10 4 0
8 6 10 5 0
8 6 10 6 0
8 6 10 7 0
8 6 10 8 0
8 6 10 9 0
8 6 10 10 0
8 6 10 11 0
8 6 10 12 0
8 6 10 13 0
8 6 10 14 0
8 6 10 15 0
8 6 11 0 0
8 6 11 1 0
8 6 11 2 0
8 6 11 3 0
8 6 11 4 0
8 6 11 5 0
8 6 11 6 0
8 6 11 7 0
8 6 11 8 0
8 6 11 9 0
8 6 11 10 0
8 6 11 11 0
8 6 11 12 0
8 6 11 13 0
8 6 11 14 0
8 6 11 15 0
8 6 12 0 0
8 6 12 1 0
8 6 12 2 0
8 6 12 3 0
8 6 12 4 0
8 6 12 5 0
8 6 12 6 0
8 6 12 7 0
8 6 12 8 0
8 6 12 9 0
8 6 12 10 0
8 6 12 11 0
8 6 12 12 0
8 6 12 13 0
8 6 12 14 0
8 6 12 15 0
8 6 13 0 0
8 6 13 1 0
8 6 13 2 0
8 6 13 3 -0.003172660325346317
8 6 13 4 0
8 6 13 5 0
8 6 13 6 0
8 6 13 7 0
8 6 13 8 0
8 6 13 9 0
8 6 13 10 0
8 6 13 11 0
8 6 13 12 0
8 6 13 13 0
8 6 13 14 0
8 6 13 15 0
8 6 14 0 0
8 6 14 1 0
8 6 14 2 0
8 6 14 3 0
8 6 14 4 0
8 6 14 5 0
8 6 14 6 0
8 6 14 7 0
8 6 14 8 0
8 6 14 9 0
8 6 14 10 0
8 6 14 11 0
8 6 14 12 0
8 6 14 13 0
8 6 14 14 0
8 6 14 15 0
8 6 15 0 0
8 6 15 1 0
8 6 15 2 0
8 6 15 3 0
8 6 15 4 0
8 6 15 5 0
8 6 15 6 0
8 6 15 7 0
8 6 15 8 0
8 6 15 9 0
8 6 15 10 0
8 6 15 11 0
8 6 15 12 0
8 6 15 13 0
8 6 15 14 0
8 6 15 15 0
8 7 0 0 0
8 7 0 1 0
8 7 0 2 0
8 7 0 3 0
8 7 0 4 0
8 7 0 5 0
8 7 0 6 0
8 7 0 7 0
8 7 0 8 0
8 7 0 9 0
8 7 0 10 0
8 7 0 11 0
8 7 0 12 0
8 7 0 13 0
8 7 0 14 0
8 7 0 15 0
8 7 1 0 0
8 7 1 1 0
8 7 1 2 0
8 7 1 3 0
8 7 1 4 0
8 7 1 5 0
8 7 1 6 0
8 7 1 7 0
8 7 1 8 0
8 7 1 9 0
8 7 1 10 0
8 7 1 11 0
8 7 1 12 0
8 7 1 13 0
8 7 1 14 0
8 7 1 15 0
8 7 2 0 0
8 7 2 1 0
8 7 2 2 0
8 7 2 3 0
8 7 2 4 0
8 7 2 5 0
8 7 2 6 0
8 7 2 7 0
8 7 2 8 0
8 7 2 9 0
8 7 2 10 0
8 7 2 11 0
8 7 2 12 0
8 7 2 13 0
8 7 2 14 0
8 7 2 15 0
8 7 3 0 0
8 7 3 1 0
8 7 3 2 0
8 7 3 3 0
8 7 3 4 0
8 7 3 5 0
8 7 3 6 0
8 7 3 7 0
8 7 3 8 0
8 7 3 9 0
8 7 3 10 0
8 7 3 11 0
8 7 3 12 0
8 7 3 13 0
8 7 3 14 0
8 7 3 15 0
8 7 4 0 0
8 7 4 1 0
8 7 4 2 0
8 7 4 3 0
8 7 4 4 0
8 7 4 5 0
8 7 4 6 0
8 7 4 7 0
8 7 4 8 0
8 7 4 9 0
8 7 4 10 0
8 7 4 11 0
8 7 4 12 0
8 7 4 13 0
8 7 4 14 0
8 7 4 15 0
8 7 5 0 0
8 7 5 1 0
8 7 5 2 0
8 7 5 3 0
8 7 5 4 0
8 7 5 5 0
8 7 5 6 0
8 7 5 7 0
8 7 5 8 0
8 7 5 9 0
8 7 5 10 0
8 7 5 11 0
8 7 5 12 0
8 7 5 13 0
8 7 5 14 0
8 7 5 15 0
8 7 6 0 0
8 7 6 1 0
8 7 6 2 0
8 7 6 3 0
8 7 6 4 0
8 7 6 5 0
8 7 6 6 0
8 7 6 7 0
8 7 6 8 0
8 7 6 9 0
8 7 6 10 0
8 7 6 11 0
8 7 6 12 0
8 7 6 13 0
8 7 6 14 0
8 7 6 15 0
8 7 7 0 0
8 7 7 1 0
8 7 7 2 0
8 7 7 3 0
8 7 7 4 0
8 7 7 5 0
8 7 7 6 0
8 7 7 7 0
8 7 7 8 0
8 7 7 9 0
8 7 7 10 0
8 7 7 11 0
8 7 7 12 0
8 7 7 13 0
8 7 7 14 0
8 7 7 15 0
8 7 8 0 0
8 7 8 1 0
8 7 8 2 0
8 7 8 3 0
8 7 8 4 0
8 7 8 5 0
8 7 8 6 0
8 7 8 7 0
8 7 8 8 0
8 7 8 9 0
8 7 8 10 0
8 7 8 11 0
8 7 8 12 0
8 7 8 13 0
8 7 8 14 0
8 7 8 15 0
8 7 9 0 0
8 7 9 1 0
8 7 9 2 0
8 7 9 3 0
8 7 9 4 0
8 7 9 5 0
8 7 9 6 0
8 7 9 7 0
8 7 9 8 0
8 7 9 9 0
8 7 9 10 0
8 7 9 11 0
8 7 9 12 0
8 7 9 13 0
8 7 9 14 0
8 7 9 15 0
8 7 10 0 0
8 7 10 1 0
8 7 10 2 0
8 7 10 3 0
8 7 10 4 0
8 7 10 5 0
8 7 10 6 0
8 7 10 7 0
8 7 10 8 0
8 7 10 9 0
8 7 10 10 0
8 7 10 11 0
8 7 10 12 0
8 7 10 13 0
8 7 10 14 0
8 7 10 15 0
8 7 11 0 0
8 7 11 1 0
8 7 11 2 0
8 7 11 3 0
8 7 11 4 0
8 7 11 5 0
8 7 11 6 0
8 7 11 7 0
8 7 11 8 0
8 7 11 9 0
8 7 11 10 0
8 7 11 11 0
8 7 11 12 0
8 7 11 13 0
8 7 11 14 0
8 7 11 15 0
8 7 12 0 0
8 7 12 1 0
8 7 12 2 0
8 7 12 3 0
8 7 12 4 0
8 7 12 5 0
8 7 12 6 0
8 7 12 7 0
8 7 12 8 0
8 7 12 9 0
8 7 12 10 0
8 7 12 11 0
8 7 12 12 0
8 7 12 13 0
8 7 12 14 0
8 7 12 15 0
8 7 13 0 0
8 7 13 1 0
8 7 13 2 0
8 7 13 3 0
8 7 13 4 0
8 7 13 5 0
8 7 13 6 0
8 7 13 7 0
8 7 13 8 0
8 7 13 9 0
8 7 13 10 0
8 7 13 11 0
8 7 13 12 0
8 7 13 13 0
8 7 13 14 0
8 7 13 15 0
8 7 14 0 0
8 7 14 1 0
8 7 14 2 0
8 7 14 3 0
8 7 14 4 0
8 7 14 5 0
8 7 14 6 0
8 7 14 7 0
8 7 14 8 0
8 7 14 9 0
8 7 14 10 0
8 7 14 11 0
8 7 14 12 0
8 7 14 13 0
8 7 14 14 0
8 7 14 15 0
8 7 15 0 0
8 7 15 1 0
8 7 15 2 0
8 7 15 3 0
8 7 15 4 0
8 7 15 5 0
8 7 15 6 0
8 7 15 7 0
8 7 15 8 0
8 7 15 9 0
8 7 15 10 0
8 7 15 11 0
8 7 15 12 0
8 7 15 13 0
8 7 15 14 0
8 7 15 15 0
8 8 0 0 0
8 8 0 1 0
8 8 0 2 0
8 8 0 3 0
8 8 0 4 0
8 8 0 5 0
8 8 0 6 0
8 8 0 7 0
8 8 0 8 0
8 8 0 9 0
8 8 0 10 0
8 8 0 11 0
8 8 0 12 0
8 8 0 13 0
8 8 0 14 0
8 8 0 15 0
8 8 1 0 0
8 8 1 1 0
8 8 1 2 0
8 8 1 3 0
8 8 1 4 0
8 8 1 5 0
8 8 1 6 0
8 8 1 7 0
8 8 1 8 0
8 8 1 9 0
8 8 1 10 0
8 8 1 11 0
8 8 1 12 0
8 8 1 13 0
8 8 1 14 0
8 8 1 15 0
8 8 2 0 0
8 8 2 1 0
8 8 2 2 0
8 8 2 3 0
8 8 2 4 0
8 8 2 5 0
8 8 2 6 0
8 8 2 7 0
8 8 2 8 0
8 8 2 9 0
8 8 2 10 0
8 8 2 11 0
8 8 2 12 0
8 8 2 13 0
8 8 2 14 0
8 8 2 15 0
8 8 3 0 0
8 8 3 1 0
8 8 3 2 0
8 8 3 3 0
8 8 3 4 0
8 8 3 5 0
8 8 3 6 0
8 8 3 7 0
8 8 3 8 0
8 8 3 9 0
8 8 3 10 0
8 8 3 11 0
8 8 3 12 0
8 8 3 13 0
8 8 3 14 0
8 8 3 15 0
8 8 4 0 0
8 8 4 1 0
8 8 4 2 0
8 8 4 3 0
8 8 4 4 0
8 8 4 5 0
8 8 4 6 0
8 8 4 7 0
8 8 4 8 0
8 8 4 9 0
8 8 4 10 0
8 8 4 11 0
8 8 4 12 0
8 8 4 13 0
8 8 4 14 0
8 8 4 15 0
8 8 5 0 0
8 8 5 1 0
8 8 5 2 0
8 8 5 3 0
8 8 5 4 0
8 8 5 5 0
8 8 5 6 0
8 8 5 7 0
8 8 5 8 0
8 8 5 9 0
8 8 5 10 0
8 8 5 11 0
8 8 5 12 0
8 8 5 13 0
8 8 5 14 0
8 8 5 15 0
8 8 6 0 0
8 8 6 1 0
8 8 6 2 0
8 8 6 3 0
8 8 6 4 0
8 8 6 5 0
8 8 6 6 0
8 8 6 7 0
8 8 6 8 0
8 8 6 9 0
8 8 6 10 0
8 8 6 11 0
8 8 6 12 0
8 8 6 13 0
8 8 6 14 0
8 8 6 15 0
8 8 7 0 0
8 8 7 1 0
8 8 7 2 0
8 8 7 3 0
8 8 7 4 0
8 8 7 5 0
8 8 7 6 0
8 8 7 7 0
8 8 7 8 0
8 8 7 9 0
8 8 7 10 0
8 8 7 11 0
8 8 7 12 0
8 8 7 13 0
8 8 7 14 0
8 8 7 15 0
8 8 8 0 0
8 8 8 1 0
8 8 8 2 0
8 8 8 3 0
8 8 8 4 0
8 8 8 5 0
8 8 8 6 0
8 8 8 7 0
8 8 8 8 0
8 8 8 9 0
8 8 8 10 0
8 8 8 11 0
8 8 8 12 0
8 8 8 13 0
8 8 8 14 0
8 8 8 15 0
8 8 9 0 0
8 8 9 1 0
8 8 9 2 0
8 8 9 3 0
8 8 9 4 0
8 8 9 5 0
8 8 9 6 0
8 8 9 7 0
8 8 9 8 0
8 8 9 9 0
8 8 9 10 0
8 8 9 11 0
8 8 9 12 0
8 8 9 13 0
8 8 9 14 0
8 8 9 15 0
8 8 10 0 0
8 8 10 1 0
8 8 10 2 0
8 8 10 3 0
8 8 10 4 0
8 8 10 5 0
8 8 10 6 0
8 8 10 7 0
8 8 10 8 0
8 8 10 9 0
8 8 10 10 0
8 8 10 11 0
8 8 10 12 0
8 8 10 13 0
8 8 10 14 0
8 8 10 15 0
8 8 11 0 0
8 8 11 1 0
8 8 11 2 0
8 8 11 3 0
8 8 11 4 0
8 8 11 5 0
8 8 11 6 0
8 8 11 7 0
8 8 11 8 0
8 8 11 9 0
8 8 11 10 0
8 8 11 11 0
8 8 11 12 0
8 8 11 13 0
8 8 11 14 0
8 8 11 15 0
8 8 12 0 0
8 8 12 1 0
8 8 12 2 0
8 8 12 3 0
8 8 12 4 0
8 8 12 5 0
8 8 12 6 0
8 8 12 7 0
8 8 12 8 0
8 8 12 9 0
8 8 12 10 0
8 8 12 11 0
8 8 12 12 0
8 8 12 13 0
8 8 12 14 0
8 8 12 15 0
8 8 13 0 0
8 8 13 1 0
8 8 13 2 0
8 8 13 3 0
8 8 13 4 0
8 8 13 5 0
8 8 13 6 0
8 8 13 7 0
8 8 13 8 0
8 8 13 9 0
8 8 13 10 0
8 8 13 11 0
8 8 13 12 0
8 8 13 13 0
8 8 13 14 0
8 8 13 15 0
8 8 14 0 0
8 8 14 1 0
8 8 14 2 0
8 8 14 3 0
8 8 14 4 0
8 8 14 5 0
8 8 14 6 0
8 8 14 7 0
8 8 14 8 0
8 8 14 9 0
8 8 14 10 0
8 8 14 11 0
8 8 14 12 0
8 8 14 13 0
8 8 14 14 0
8 8 14 15 0
8 8 15 0 0
8 8 15 1 0
8 8 15 2 0
8 8 15 3 0
8 8 15 4 0
8 8 15 5 0
8 8 15 6 0
8 8 15 7 0
8 8 15 8 0
8 8 15 9 0
8 8 15 10 0
8 8 15 11 0
8 8 15 12 0
8 8 15 13 0
8 8 15 14 0
8 8 15 15 0
8 9 0 0 0
8 9 0 1 0
8 9 0 2 0
8 9 0 3 0
8 9 0 4 0
8 9 0 5 0
8 9 0 6 0
8 9 0 7 0
8 9 0 8 0
8 9 0 9 0
8 9 0 10 0
8 9 0 11 0
8 9 0 12 0
8 9 0 13 0
8 9 0 14 0
8 9 0 15 0
8 9 1 0 0
8 9 1 1 0
8 9 1 2 0
8 9 1 3 0
8 9 1 4 0
8 9 1 5 0
8 9 1 6 0
8 9 1 7 0
8 9 1 8 0
8 9 1 9 0
8 9 1 10 0
8 9 1 11 0
8 9 1 12 0
8 9 1 13 0
8 9 1 14 0
8 9 1 15 0
8 9 2 0 0
8 9 2 1 0
8 9 2 2 0
8 9 2 3 0
8 9 2 4 0
8 9 2 5 0
8 9 2 6 0
8 9 2 7 0
8 9 2 8 0
8 9 2 9 0
8 9 2 10 0
8 9 2 11 0
8 9 2 12 0
8 9 2 13 0
8 9 2 14 0
8 9 2 15 0
8 9 3 0 0
8 9 3 1 0
8 9 3 2 0
8 9 3 3 0
8 9 3 4 0
8 9 3 5 0
8 9 3 6 0
8 9 3 7 0
8 9 3 8 0
8 9 3 9 0
8 9 3 10 0
8 9 3 11 0
8 9 3 12 0
8 9 3 13 0
8 9 3 14 0
8 9 3 15 0
8 9 4 0 0
8 9 4 1 0
8 9 4 2 0
8 9 4 3 0
8 9 4 4 0
8 9 4 5 0
8 9 4 6 0
8 9 4 7 0
8 9 4 8 0
8 9 4 9 0
8 9 4 10 0
8 9 4 11 0
8 9 4 12 0
8 9 4 13 0
8 9 4 14 0
8 9 4 15 0
8 9 5 0 0
8 9 5 1 0
8 9 5 2 0
8 9 5 3 0
8 9 5 4 0
8 9 5 5 0
8 9 5 6 0
8 9 5 7 0
8 9 5 8 0
8 9 5 9 0
8 9 5 10 0
8 9 5 11 0
8 9 5 12 0
8 9 5 13 0
8 9 5 14 0
8 9 5 15 0
8 9 6 0 0
8 9 6 1 0
8 9 6 2 0
8 9 6 3 0
8 9 6 4 0
8 9 6 5 0
8 9 6 6 0
8 9 6 7 0
8 9 6 8 0
8 9 6 9 0
8 9 6 10 0
8 9 6 11 0
8 9 6 12 0
8 9 6 13 0
8 9 6 14 0
8 9 6 15 0
8 9 7 0 0
8 9 7 1 0
8 9 7 2 0
8 9 7 3 0
8 9 7 4 0
8 9 7 5 0
8 9 7 6 0
8 9 7 7 0
8 9 7 8 0
8 9 7 9 0
8 9 7 10 0
8 9 7 11 0
8 9 7 12 0
8 9 7 13 0
8 9 7 14 0
8 9 7 15 0
8 9 8 0 0
8 9 8 1 0
8 9 8 2 0
8 9 8 3 0
8 9 8 4 0
8 9 8 5 0
8 9 8 6 0
8 9 8 7 0
8 9 8 8 0
8 9 8 9 0
8 9 8 10 0
8 9 8 11 0
8 9 8 12 0
8 9 8 13 0
8 9 8 14 0
8 9 8 15 0
8 9 9 0 0
8 9 9 1 0
8 9 9 2 0
8 9 9 3 0
8 9 9 4 0
8 9 9 5 0
8 9 9 6 0
8 9 9 7 0
8 9 9 8 0
8 9 9 9 0
8 9 9 10 0
8 9 9 11 0
8 9 9 12 0
8 9 9 13 0
8 9 9 14 0
8 9 9 15 0
8 9 10 0 0
8 9 10 1 0
8 9 10 2 0
8 9 10 3 0
8 9 10 4 0
8 9 10 5 0
8 9 10 6 0
8 9 10 7 0
8 9 10 8 0
8 9 10 9 0
8 9 10 10 0
8 9 10 11 0
8 9 10 12 0
8 9 10 13 0
8 9 10 14 0
8 9 10 15 0
8 9 11 0 0
8 9 11 1 0
8 9 11 2 0
8 9 11 3 0
8 9 11 4 0
8 9 11 5 0
8 9 11 6 0
8 9 11 7 0
8 9 11 8 0
8 9 11 9 0
8 9 11 10 0
8 9 11 11 0
8 9 11 12 0
8 9 11 13 0
8 9 11 14 0
8 9 11 15 0
8 9 12 0 0
8 9 12 1 0
8 9 12 2 0
8 9 12 3 0
8 9 12 4 0
8 9 12 5 0
8 9 12 6 0
8 9 12 7 0
8 9 12 8 0
8 9 12 9 0
8 9 12 10 0
8 9 12 11 0
8 9 12 12 0
8 9 12 13 0
8 9 12 14 0
8 9 12 15 0
8 9 13 0 0
8 9 13 1 0
8 9 13 2 0
8 9 13 3 0
8 9 13 4 0
8 9 13 5 0
8 9 13 6 0
8 9 13 7 0
8 9 13 8 0
8 9 13 9 0
8 9 13 10 0
8 9 13 11 0
8 9 13 12 0
8 9 13 13 0
8 9 13 14 0
8 9 13 15 0
8 9 14 0 0
8 9 14 1 0
8 9 14 2 0
8 9 14 3 0
8 9 14 4 0
8 9 14 5 0
8 9 14 6 0
8 9 14 7 0
8 9 14 8 0
8 9 14 9 0
8 9 14 10 0
8 9 14 11 0
8 9 14 12 0
8 9 14 13 0
8 9 14 14 0
8 9 14 15 0
8 9 15 0 0
8 9 15 1 0
8 9 15 2 0
8 9 15 3 0
8 9 15 4 0
8 9 15 5 0
8 9 15 6 0
8 9 15 7 0
8 9 15 8 0
8 9 15 9 0
8 9 15 10 0
8 9 15 11 0
8 9 15 12 0
8 9 15 13 0
8 9 15 14 0
8 9 15 15 0
8 10 0 0 0
8 10 0 1 0
8 10 0 2 0
8 10 0 3 0
8 10 0 4 0
8 10 0 5 0
8 10 0 6 0
8 10 0 7 0
8 10 0 8 0
8 10 0 9 0
8 10 0 10 0
8 10 0 11 0
8 10 0 12 0
8 10 0 13 0
8 10 0 14 0
8 10 0 15 0
8 10 1 0 0
8 10 1 1 0
8 10 1 2 0
8 10 1 3 0
8 10 1 4 0
8 10 1 5 0
8 10 1 6 0
8 10 1 7 0
8 10 1 8 0
8 10 1 9 0
8 10 1 10 0
8 10 1 11 0
8 10 1 12 0
8 10 1 13 0
8 10 1 14 0
8 10 1 15 0
8 10 2 0 0
8 10 2 1 0
8 10 2 2 0
8 10 2 3 0
8 10 2 4 0
8 10 2 5 0
8 10 2 6 0
8 10 2 7 0
8 10 2 8 0
8 10 2 9 0
8 10 2 10 0
8 10 2 11 0
8 10 2 12 0
8 10 2 13 0
8 10 2 14 0
8 10 2 15 0
8 10 3 0 0
8 10 3 1 0
8 10 3 2 0
8 10 3 3 0
8 10 3 4 0
8 10 3 5 0
8 10 3 6 0
8 10 3 7 0
8 10 3 8 0
8 10 3 9 0
8 10 3 10 0
8 10 3 11 0
8 10 3 12 0
8 10 3 13 0
8 10 3 14 0
8 10 3 15 0
8 10 4 0 0
8 10 4 1 0
8 10 4 2 0
8 10 4 3 0
8 10 4 4 0
8 10 4 5 0
8 10 4 6 0
8 10 4 7 0
8 10 4 8 0
8 10 4 9 0
8 10 4 10 0
8 10 4 11 0
8 10 4 12 0
8 10 4 13 0
8 10 4 14 0
8 10 4 15 0
8 10 5 0 0
8 10 5 1 0
8 10 5 2 0
8 10 5 3 0
8 10 5 4 0
8 10 5 5 0
8 10 5 6 0
8 10 5 7 0
8 10 5 8 0
8 10 5 9 0
8 10 5 10 0
8 10 5 11 0
8 10 5 12 0
8 10 5 13 0
8 10 5 14 0
8 10 5 15 0
8 10 6 0 0
8 10 6 1 0
8 10 6 2 0
8 10 6 3 0
8 10 6 4 0
8 10 6 5 0
8 10 6 6 0
8 10 6 7 0
8 10 6 8 0
8 10 6 9 0
8 10 6 10 0
8 10 6 11 0
8 10 6 12 0
8 10 6 13 0
8 10 6 14 0
8 10 6 15 0
8 10 7 0 0
8 10 7 1 0
8 10 7 2 0
8 10 7 3 0
8 10 7 4 0
8 10 7 5 0
8 10 7 6 0
8 10 7 7 0
8 10 7 8 0
8 10 7 9 0
8 10 7 10 0
8 10 7 11 0
8 10 7 12 0
8 10 7 13 0
8 10 7 14 0
8 10 7 15 0
8 10 8 0 0
8 10 8 1 0
8 10 8 2 0
8 10 8 3 0
8 10 8 4 0
8 10 8 5 0
8 10 8 6 0
8 10 8 7 0
8 10 8 8 0
8 10 8 9 0
8 10 8 10 0
8 10 8 11 0
8 10 8 12 0
8 10 8 13 0
8 10 8 14 0
8 10 8 15 0
8 10 9 0 0
8 10 9 1 0
8 10 9 2 0
8 10 9 3 0
8 10 9 4 0
8 10 9 5 0
8 10 9 6 0
8 10 9 7 0
8 10 9 8 0
8 10 9 9 0
8 10 9 10 0
8 10 9 11 0
8 10 9 12 0
8 10 9 13 0
8 10 9 14 0
8 10 9 15 0
8 10 10 0 0
8 10 10 1 0
8 10 10 2 0
8 10 10 3 0
8 10 10 4 0
8 10 10 5 0
8 10 10 6 0
8 10 10 7 0
8 10 10 8 0
8 10 10 9 0
8 10 10 10 0
8 10 10 11 0
8 10 10 12 0
8 10 10 13 0
8 10 10 14 0
8 10 10 15 0
8 10 11 0 0
8 10 11 1 0
8 10 11 2 0
8 10 11 3 0
8 10 11 4 0
8 10 11 5 0
8 10 11 6 0
8 10 11 7 0
8 10 11 8 0
8 10 11 9 0
8 10 11 10 0
8 10 11 11 0
8 10 11 12 0
8 10 11 13 0
8 10 11 14 0
8 10 11 15 0
8 10 12 0 0
8 10 12 1 0
8 10 12 2 0
8 10 12 3 0
8 10 12 4 0
8 10 12 5 0
8 10 12 6 0
8 10 12 7 0
8 10 12 8 0
8 10 12 9 0
8 10 12 10 0
8 10 12 11 0
8 10 12 12 0
8 10 12 13 0
8 10 12 14 0
8 10 12 15 0
8 10 13 0 0
8 10 13 1 0
8 10 13 2 0
8 10 13 3 0
8 10 13 4 0
8 10 13 5 0
8 10 13 6 0
8 10 13 7 0
8 10 13 8 0
8 10 13 9 0
8 10 13 10 0
8 10 13 11 0
8 10 13 12 0
8 10 13 13 0
8 10 13 14 0
8 10 13 15 0
8 10 14 0 0
8 10 14 1 0
8 10 14 2 0
8 10 14 3 0
8 10 14 4 0
8 10 14 5 0
8 10 14 6 0
8 10 14 7 0
8 10 14 8 0
8 10 14 9 0
8 10 14 10 0
8 10 14 11 0
8 10 14 12 0
8 10 14 13 0
8 10 14 14 0
8 10 14 15 0
8 10 15 0 0
8 10 15 1 0
8 10 15 2 0
8 10 15 3 0
8 10 15 4 0
8 10 15 5 0
8 10 15 6 0
8 10 15 7 0
8 10 15 8 0
8 10 15 9 0
8 10 15 10 0
8 10 15 11 0
8 10 15 12 0
8 10 15 13 0
8 10 15 14 0
8 10 15 15 0
8 11 0 0 0
8 11 0 1 0
8 11 0 2 0
8 11 0 3 0
8 11 0 4 0
8 11 0 5 0
8 11 0 6 0
8 11 0 7 0
8 11 0 8 0
8 11 0 9 0
8 11 0 10 0
8 11 0 11 0
8 11 0 12 0
8 11 0 13 0
8 11 0 14 0
8 11 0 15 0
8 11 1 0 0
8 11 1 1 0
8 11 1 2 0
8 11 1 3 0
8 11 1 4 0
8 11 1 5 0
8 11 1 6 0
8 11 1 7 0
8 11 1 8 0
8 11 1 9 0
8 11 1 10 0
8 11 1 11 0
8 11 1 12 0
8 11 1 13 0
8 11 1 14 0
8 11 1 15 0
8 11 2 0 0
8 11 2 1 0
8 11 2 2 0
8 11 2 3 0
8 11 2 4 0
8 11 2 5 0
8 11 2 6 0
8 11 2 7 0
8 11 2 8 0
8 11 2 9 0
8 11 2 10 0
8 11 2 11 0
8 11 2 12 0
8 11 2 13 0
8 11 2 14 0
8 11 2 15 0
8 11 3 0 0
8 11 3 1 0
8 11 3 2 0
8 11 3 3 0
8 11 3 4 0
8 11 3 5 0
8 11 3 6 0
8 11 3 7 0
8 11 3 8 0
8 11 3 9 0
8 11 3 10 0
8 11 3 11 0
8 11 3 12 0
8 11 3 13 0
8 11 3 14 0
8 11 3 15 0
8 11 4 0 0
8 11 4 1 0
8 11 4 2 0
8 11 4 3 0
8 11 4 4 0
8 11 4 5 0
8 11 4 6 0
8 11 4 7 0
8 11 4 8 0
8 11 4 9 0
8 11 4 10 0
8 11 4 11 0
8 11 4 12 0
8 11 4 13 0
8 11 4 14 0
8 11 4 15 0
8 11 5 0 0
8 11 5 1 0
8 11 5 2 0
8 11 5 3 0
8 11 5 4 0
8 11 5 5 0
8 11 5 6 0
8 11 5 7 0
8 11 5 8 0
8 11 5 9 0
8 11 5 10 0
8 11 5 11 0
8 11 5 12 0
8 11 5 13 0
8 11 5 14 0
8 11 5 15 0
8 11 6 0 0
8 11 6 1 0
8 11 6 2 0
8 11 6 3 0
8 11 6 4 0
8 11 6 5 0
8 11 6 6 0
8 11 6 7 0
8 11 6 8 0
8 11 6 9 0
8 11 6 10 0
8 11 6 11 0
8 11 6 12 0
8 11 6 13 0
8 11 6 14 0
8 11 6 15 0
8 11 7 0 0
8 11 7 1 0
8 11 7 2 0
8 11 7 3 0
8 11 7 4 0
8 11 7 5 0
8 11 7 6 0
8 11 7 7 0
8 11 7 8 0
8 11 7 9 0
8 11 7 10 0
8 11 7 11 0
8 11 7 12 0
8 11 7 13 0
8 11 7 14 0
8 11 7 15 0
8 11 8 0 0
8 11 8 1 0
8 11 8 2 0
8 11 8 3 0
8 11 8 4 0
8 11 8 5 0
8 11 8 6 0
8 11 8 7 0
8 11 8 8 0
8 11 8 9 0
8 11 8 10 0
8 11 8 11 0
8 11 8 12 0
8 11 8 13 0
8 11 8 14 0
8 11 8 15 0
8 11 9 0 0
8 11 9 1 0
8 11 9 2 0
8 11 9 3 0
8 11 9 4 0
8 11 9 5 0
8 11 9 6 0
8 11 9 7 0
8 11 9 8 0
8 11 9 9 0
8 11 9 10 0
8 11 9 11 0
8 11 9 12 0
8 11 9 13 0
8 11 9 14 0
8 11 9 15 0
8 11 10 0 0
8 11 10 1 0
8 11 10 2 0
8 11 10 3 0
8 11 10 4 0
8 11 10 5 0
8 11 10 6 0
8 11 10 7 0
8 11 10 8 0
8 11 10 9 0
8 11 10 10 0
8 11 10 11 0
8 11 10 12 0
8 11 10 13 0
8 11 10 14 0
8 11 10 15 0
8 11 11 0 0
8 11 11 1 0
8 11 11 2 0
8 11 11 3 0
8 11 11 4 0
8 11 11 5 0
8 11 11 6 0
8 11 11 7 0
8 11 11 8 0
8 11 11 9 0
8 11 11 10 0
8 11 11 11 0
8 11 11 12 0
8 11 11 13 0
8 11 11 14 0
8 11 11 15 0
8 11 12 0 0
8 11 12 1 0
8 11 12 2 0
8 11 12 3 0
8 11 12 4 0
8 11 12 5 0
8 11 12 6 0
8 11 12 7 0
8 11 12 8 0
8 11 12 9 0
8 11 12 10 0
8 11 12 11 0
8 11 12 12 0
8 11 12 13 0
8 11 12 14 0
8 11 12 15 0
8 11 13 0 0
8 11 13 1 0
8 11 13 2 0
8 11 13 3 0
8 11 13 4 0
8 11 13 5 0
8 11 13 6 0
8 11 13 7 0
8 11 13 8 0
8 11 13 9 0
8 11 13 10 0
8 11 13 11 0
8 11 13 12 0
8 11 13 13 0
8 11 13 14 0
8 11 13 15 0
8 11 14 0 0
8 11 14 1 0
8 11 14 2 0
8 11 14 3 0
8 11 14 4 0
8 11 14 5 0
8 11 14 6 0
8 11 14 7 0
8 11 14 8 0
8 11 14 9 0
8 11 14 10 0
8 11 14 11 0
8 11 14 12 0
8 11 14 13 0
8 11 14 14 0
8 11 14 15 0
8 11 15 0 0
8 11 15 1 0
8 11 15 2 0
8 11 15 3 0
8 11 15 4 0
8 11 15 5 0
8 11 15 6 0
8 11 15 7 0
8 11 15 8 0
8 11 15 9 0
8 11 15 10 0
8 11 15 11 0
8 11 15 12 0
8 11 15 13 0
8 11 15 14 0
8 11 15 15 0
8 12 0 0 0
8 12 0 1 0
8 12 0 2 0
8 12 0 3 0
8 12 0 4 0
8 12 0 5 0
8 12 0 6 0
8 12 0 7 0
8 12 0 8 0
8 12 0 9 0
8 12 0 10 0
8 12 0 11 0
8 12 0 12 0
8 12 0 13 0
8 12 0 14 0
8 12 0 15 0
8 12 1 0 0
8 12 1 1 0
8 12 1 2 0
8 12 1 3 0
8 12 1 4 0
8 12 1 5 0
8 12 1 6 0
8 12 1 7 0
8 12 1 8 0
8 12 1 9 0
8 12 1 10 0
8 12 1 11 0
8 12 1 12 0
8 12 1 13 0
8 12 1 14 0
8 12 1 15 0
8 12 2 0 0
8 12 2 1 0
8 12 2 2 0
8 12 2 3 0
8 12 2 4 0
8 12 2 5 0
8 12 2 6 0
8 12 2 7 0
8 12 2 8 0
8 12 2 9 0
8 12 2 10 0
8 12 2 11 0
8 12 2 12 0
8 12 2 13 0
8 12 2 14 0
8 12 2 15 0
8 12 3 0 0
8 12 3 1 0
8 12 3 2 0
8 12 3 3 0
8 12 3 4 0
8 12 3 5 0
8 12 3 6 0
8 12 3 7 0
8 12 3 8 0
8 12 3 9 0
8 12 3 10 0
8 12 3 11 0
8 12 3 12 0
8 12 3 13 0
8 12 3 14 0
8 12 3 15 0
8 12 4 0 0
8 12 4 1 0
8 12 4 2 0
8 12 4 3 0
8 12 4 4 0
8 12 4 5 0
8 12 4 6 0
8 12 4 7 0
8 12 4 8 0
8 12 4 9 0
8 12 4 10 0
8 12 4 11 0
8 12 4 12 0
8 12 4 13 0
8 12 4 14 0
8 12 4 15 0
8 12 5 0 0
8 12 5 1 0
8 12 5 2 0
8 12 5 3 0
8 12 5 4 0
8 12 5 5 0
8 12 5 6 0
8 12 5 7 0
8 12 5 8 0
8 12 5 9 0
8 12 5 10 0
8 12 5 11 0
8 12 5 12 0
8 12 5 13 0
8 12 5 14 0
8 12 5 15 0
8 12 6 0 0
8 12 6 1 0
8 12 6 2 0
8 12 6 3 0
8 12 6 4 0
8 12 6 5 0
8 12 6 6 0
8 12 6 7 0
8 12 6 8 0
8 12 6 9 0
8 12 6 10 0
8 12 6 11 0
8 12 6 12 0
8 12 6 13 0
8 12 6 14 0
8 12 6 15 0
8 12 7 0 0
8 12 7 1 0
8 12 7 2 0
8 12 7 3 0
8 12 7 4 0
8 12 7 5 0
8 12 7 6 0
8 12 7 7 0
8 12 7 8 0
8 12 7 9 0
8 12 7 10 0
8 12 7 11 0
8 12 7 12 0
8 12 7 13 0
8 12 7 14 0
8 12 7 15 0
8 12 8 0 0
8 12 8 1 0
8 12 8 2 0
8 12 8 3 0
8 12 8 4 0
8 12 8 5 0
8 12 8 6 0
8 12 8 7 0
8 12 8 8 0
8 12 8 9 0
8 12 8 10 0
8 12 8 11 0
8 12 8 12 0
8 12 8 13 0
8 12 8 14 0
8 12 8 15 0
8 12 9 0 0
8 12 9 1 0
8 12 9 2 0
8 12 9 3 0
8 12 9 4 0
8 12 9 5 0
8 12 9 6 0
8 12 9 7 0
8 12 9 8 0
8 12 9 9 0
8 12 9 10 0
8 12 9 11 0
8 12 9 12 0
8 12 9 13 0
8 12 9 14 0
8 12 9 15 0
8 12 10 0 0
8 12 10 1 0
8 12 10 2 0
8 12 10 3 0
8 12 10 4 0
8 12 10 5 0
8 12 10 6 0
8 12 10 7 0
8 12 10 8 0
8 12 10 9 0
8 12 10 10 0
8 12 10 11 0
8 12 10 12 0
8 12 10 13 0
8 12 10 14 0
8 12 10 15 0
8 12 11 0 0
8 12 11 1 0
8 12 11 2 0
8 12 11 3 0
8 12 11 4 0
8 12 11 5 0
8 12 11 6 0
8 12 11 7 0
8 12 11 8 0
8 12 11 9 0
8 12 11 10 0
8 12 11 11 0
8 12 11 12 0
8 12 11 13 0
8 12 11 14 0
8 12 11 15 0
8 12 12 0 0
8 12 12 1 0
8 12 12 2 0
8 12 12 3 0
8 12 12 4 0
8 12 12 5 0
8 12 12 6 0
8 12 12 7 0
8 12 12 8 0
8 12 12 9 0
8 12 12 10 0
8 12 12 11 0
8 12 12 12 0
8 12 12 13 0
8 12 12 14 0
8 12 12 15 0
8 12 13 0 0
8 12 13 1 0
8 12 13 2 0
8 12 13 3 0
8 12 13 4 0
8 12 13 5 0
8 12 13 6 0
8 12 13 7 0
8 12 13 8 0
8 12 13 9 0
8 12 13 10 0
8 12 13 11 0
8 12 13 12 0
8 12 13 13 0
8 12 13 14 0
8 12 13 15 0
8 12 14 0 0
8 12 14 1 0
8 12 14 2 0
8 12 14 3 0
8 12 14 4 0
8 12 14 5 0
8 12 14 6 0
8 12 14 7 0
8 12 14 8 0
8 12 14 9 0
8 12 14 10 0
8 12 14 11 0
8 12 14 12 0
8 12 14 13 0
8 12 14 14 0
8 12 14 15 0
8 12 15 0 0
8 12 15 1 0
8 12 15 2 0
8 12 15 3 0
8 12 15 4 0
8 12 15 5 0
8 12 15 6 0
8 12 15 7 0
8 12 15 8 0
8 12 15 9 0
8 12 15 10 0
8 12 15 11 0
8 12 15 12 0
8 12 15 13 0
8 12 15 14 0
8 12 15 15 0
8 13 0 0 0
8 13 0 1 0
8 13 0 2 0
8 13 0 3 0
8 13 0 4 0
8 13 0 5 0
8 13 0 6 0
8 13 0 7 0
8 13 0 8 0
8 13 0 9 0
8 13 0 10 0
8 13 0 11 0
8 13 0 12 0
8 13 0 13 0
8 13 0 14 0
8 13 0 15 0
8 13 1 0 0
8 13 1 1 0
8 13 1 2 0
8 13 1 3 0
8 13 1 4 0
8 13 1 5 0
8 13 1 6 0
8 13 1 7 0
8 13 1 8 0
8 13 1 9 0
8 13 1 10 0
8 13 1 11 0
8 13 1 12 0
8 13 1 13 0
8 13 1 14 0
8 13 1 15 0
8 13 2 0 0
8 13 2 1 0
8 13 2 2 0
8 13 2 3 0
8 13 2 4 0
8 13 2 5 0
8 13 2 6 0
8 13 2 7 0
8 13 2 8 0
8 13 2 9 0
8 13 2 10 0
8 13 2 11 0
8 13 2 12 0
8 13 2 13 0
8 13 2 14 0
8 13 2 15 0
8 13 3 0 0
8 13 3 1 0
8 13 3 2 0
8 13 3 3 0
8 13 3 4 0
8 13 3 5 0
8 13 3 6 0
8 13 3 7 0
8 13 3 8 0
8 13 3 9 0
8 13 3 10 0
8 13 3 11 0
8 13 3 12 0
8 13 3 13 0
8 13 3 14 0
8 13 3 15 0
8 13 4 0 0
8 13 4 1 0
8 13 4 2 0
8 13 4 3 0
8 13 4 4 0
8 13 4 5 0
8 13 4 6 0
8 13 4 7 0
8 13 4 8 0
8 13 4 9 0
8 13 4 10 0
8 13 4 11 0
8 13 4 12 0
8 13 4 13 0
8 13 4 14 0
8 13 4 15 0
8 13 5 0 0
8 13 5 1 0
8 13 5 2 0
8 13 5 3 0
8 13 5 4 0
8 13 5 5 0
8 13 5 6 0
8 13 5 7 0
8 13 5 8 0
8 13 5 9 0
8 13 5 10 0
8 13 5 11 0
8 13 5 12 0
8 13 5 13 0
8 13 5 14 0
8 13 5 15 0
8 13 6 0 0
8 13 6 1 0
8 13 6 2 0
8 13 6 3 0
8 13 6 4 0
8 13 6 5 0
8 13 6 6 0
8 13 6 7 0
8 13 6 8 0
8 13 6 9 0
8 13 6 10 0
8 13 6 11 0
8 13 6 12 0
8 13 6 13 0
8 13 6 14 0
8 13 6 15 0
8 13 7 0 0
8 13 7 1 0
8 13 7 2 0
8 13 7 3 0
8 13 7 4 0
8 13 7 5 0
8 13 7 6 0
8 13 7 7 0
8 13 7 8 0
8 13 7 9 0
8 13 7 10 0
8 13 7 11 0
8 13 7 12 0
8 13 7 13 0
8 13 7 14 0
8 13 7 15 0
8 13 8 0 0
8 13 8 1 0
8 13 8 2 0
8 13 8 3 0
8 13 8 4 0
8 13 8 5 0
8 13 8 6 0
8 13 8 7 0
8 13 8 8 0
8 13 8 9 0
8 13 8 10 0
8 13 8 11 0
8 13 8 12 0
8 13 8 13 0
8 13 8 14 0
8 13 8 15 0
8 13 9 0 0
8 13 9 1 0
8 13 9 2 0
8 13 9 3 0
8 13 9 4 0
8 13 9 5 0
8 13 9 6 0
8 13 9 7 0
8 13 9 8 0
8 13 9 9 0
8 13 9 10 0
8 13 9 11 0
8 13 9 12 0
8 13 9 13 0
8 13 9 14 0
8 13 9 15 0
8 13 10 0 0
8 13 10 1 0
8 13 10 2 0
8 13 10 3 0
8 13 10 4 0
8 13 10 5 0
8 13 10 6 0
8 13 10 7 0
8 13 10 8 0
8 13 10 9 0
8 13 10 10 0
8 13 10 11 0
8 13 10 12 0
8 13 10 13 0
8 13 10 14 0
8 13 10 15 0
8 13 11 0 0
8 13 11 1 0
8 13 11 2 0
8 13 11 3 0
8 13 11 4 0
8 13 11 5 0
8 13 11 6 0
8 13 11 7 0
8 13 11 8 0
8 13 11 9 0
8 13 11 10 0
8 13 11 11 0
8 13 11 12 0
8 13 11 13 0
8 13 11 14 0
8 13 11 15 0
8 13 12 0 0
8 13 12 1 0
8 13 12 2 0
8 13 12 3 0
8 13 12 4 0
8 13 12 5 0
8 13 12 6 0
8 13 12 7 0
8 13 12 8 0
8 13 12 9 0
8 13 12 10 0
8 13 12 11 0
8 13 12 12 0
8 13 12 13 0
8 13 12 14 0
8 13 12 15 0
8 13 13 0 0
8 13 13 1 0
8 13 13 2 0
8 13 13 3 0
8 13 13 4 0
8 13 13 5 0
8 13 13 6 0
8 13 13 7 0
8 13 13 8 0
8 13 13 9 0
8 13 13 10 0
8 13 13 11 0
8 13 13 12 0
8 13 13 13 0
8 13 13 14 0
8 13 13 15 0
8 13 14 0 0
8 13 14 1 0
8 13 14 2 0
8 13 14 3 0
8 13 14 4 0
8 13 14 5 0
8 13 14 6 0
8 13 14 7 0
8 13 14 8 0
8 13 14 9 0
8 13 14 10 0
8 13 14 11 0
8 13 14 12 0
8 13 14 13 0
8 13 14 14 0
8 13 14 15 0
8 13 15 0 0
8 13 15 1 0
8 13 15 2 0
8 13 15 3 0
8 13 15 4 0
8 13 15 5 0
8 13 15 6 0
8 13 15 7 0
8 13 15 8 0
8 13 15 9 0
8 13 15 10 0
8 13 15 11 0
8 13 15 12 0
8 13 15 13 0
8 13 15 14 0
8 13 15 15 0
8 14 0 0 0
8 14 0 1 0
8 14 0 2 0
8 14 0 3 0
8 14 0 4 0
8 14 0 5 0
8 14 0 6 0
8 14 0 7 0
8 14 0 8 0
8 14 0 9 0
8 14 0 10 0
8 14 0 11 0
8 14 0 12 0
8 14 0 13 0
8 14 0 14 0
8 14 0 15 0
8 14 1 0 0
8 14 1 1 0
8 14 1 2 0
8 14 1 3 0
8 14 1 4 0
8 14 1 5 0
8 14 1 6 0
8 14 1 7 0
8 14 1 8 0
8 14 1 9 0
8 14 1 10 0
8 14 1 11 0
8 14 1 12 0
8 14 1 13 0
8 14 1 14 0
8 14 1 15 0
8 14 2 0 0
8 14 2 1 0
8 14 2 2 0
8 14 2 3 0
8 14 2 4 0
8 14 2 5 0
8 14 2 6 0
8 14 2 7 0
8 14 2 8 0
8 14 2 9 0
8 14 2 10 0
8 14 2 11 0
8 14 2 12 0
8 14 2 13 0
8 14 2 14 0
8 14 2 15 0
8 14 3 0 0
8 14 3 1 0
8 14 3 2 0
8 14 3 3 0
8 14 3 4 0
8 14 3 5 0
8 14 3 6 0
8 14 3 7 0
8 14 3 8 0
8 14 3 9 0
8 14 3 10 0
8 14 3 11 0
8 14 3 12 0
8 14 3 13 0
8 14 3 14 0
8 14 3 15 0
8 14 4 0 0
8 14 4 1 0
8 14 4 2 0
8 14 4 3 0
8 14 4 4 0
8 14 4 5 0
8 14 4 6 0
8 14 4 7 0
8 14 4 8 0
8 14 4 9 0
8 14 4 10 0
8 14 4 11 0
8 14 4 12 0
8 14 4 13 0
8 14 4 14 0
8 14 4 15 0
8 14 5 0 0
8 14 5 1 0
8 14 5 2 0
8 14 5 3 0
8 14 5 4 0
8 14 5 5 0
8 14 5 6 0
8 14 5 7 0
8 14 5 8 0
8 14 5 9 0
8 14 5 10 0
8 14 5 11 0
8 14 5 12 0
8 14 5 13 0
8 14 5 14 0
8 14 5 15 0
8 14 6 0 0
8 14 6 1 0
8 14 6 2 0
8 14 6 3 0
8 14 6 4 0
8 14 6 5 0
8 14 6 6 0
8 14 6 7 0
8 14 6 8 0
8 14 6 9 0
8 14 6 10 0
8 14 6 11 0
8 14 6 12 0
8 14 6 13 0
8 14 6 14 0
8 14 6 15 0
8 14 7 0 0
8 14 7 1 0
8 14 7 2 0
8 14 7 3 0
8 14 7 4 0
8 14 7 5 0
8 14 7 6 0
8 14 7 7 0
8 14 7 8 0
8 14 7 9 0
8 14 7 10 0
8 14 7 11 0
8 14 7 12 0
8 14 7 13 0
8 14 7 14 0
8 14 7 15 0
8 14 8 0 0
8 14 8 1 0
8 14 8 2 0
8 14 8 3 0
8 14 8 4 0
8 14 8 5 0
8 14 8 6 0
8 14 8 7 0
8 14 8 8 0
8 14 8 9 0
8 14 8 10 0
8 14 8 11 0
8 14 8 12 0
8 14 8 13 0
8 14 8 14 0
8 14 8 15 0
8 14 9 0 0
8 14 9 1 0
8 14 9 2 0
8 14 9 3 0
8 14 9 4 0
8 14 9 5 0
8 14 9 6 0
8 14 9 7 0
8 14 9 8 0
8 14 9 9 0
8 14 9 10 0
8 14 9 11 0
8 14 9 12 0
8 14 9 13 0
8 14 9 14 0
8 14 9 15 0
8 14 10 0 0
8 14 10 1 0
8 14 10 2 0
8 14 10 3 0
8 14 10 4 0
8 14 10 5 0
8 14 10 6 0
8 14 10 7 0
8 14 10 8 0
8 14 10 9 0
8 14 10 10 0
8 14 10 11 0
8 14 10 12 0
8 14 10 13 0
8 14 10 14 0
8 14 10 15 0
8 14 11 0 0
8 14 11 1 0
8 14 11 2 0
8 14 11 3 0
8 14 11 4 0
8 14 11 5 0
8 14 11 6 0
8 14 11 7 0
8 14 11 8 0
8 14 11 9 0
8 14 11 10 0
8 14 11 11 0
8 14 11 12 0
8 14 11 13 0
8 14 11 14 0
8 14 11 15 0
8 14 12 0 0
8 14 12 1 0
8 14 12 2 0
8 14 12 3 0
8 14 12 4 0
8 14 12 5 0
8 14 12 6 0
8 14 12 7 0
8 14 12 8 0
8 14 12 9 0
8 14 12 10 0
8 14 12 11 0
8 14 12 12 0
8 14 12 13 0
8 14 12 14 0
8 14 12 15 0
8 14 13 0 0
8 14 13 1 0
8 14 13 2 0
8 14 13 3 0
8 14 13 4 0
8 14 13 5 0
8 14 13 6 0
8 14 13 7 0
8 14 13 8 0
8 14 13 9 0
8 14 13 10 0
8 14 13 11 0
8 14 13 12 0
8 14 13 13 0
8 14 13 14 0
8 14 13 15 0
8 14 14 0 0
8 14 14 1 0
8 14 14 2 0
8 14 14 3 0
8 14 14 4 0
8 14 14 5 0
8 14 14 6 0
8 14 14 7 0
8 14 14 8 0
8 14 14 9 0
8 14 14 10 0
8 14 14 11 0
8 14 14 12 0
8 14 14 13 0
8 14 14 14 0
8 14 14 15 0
8 14 15 0 0
8 14 15 1 0
8 14 15 2 0
8 14 15 3 0
8 14 15 4 0
8 14 15 5 0
8 14 15 6 0
8 14 15 7 0
8 14 15 8 0
8 14 15 9 0
8 14 15 10 0
8 14 15 11 0
8 14 15 12 0
8 14 15 13 0
8 14 15 14 0
8 14 15 15 0
8 15 0 0 0
8 15 0 1 0
8 15 0 2 0
8 15 0 3 0
8 15 0 4 0
8 15 0 5 0
8 15 0 6 0
8 15 0 7 0
8 15 0 8 0
8 15 0 9 0
8 15 0 10 0
8 15 0 11 0
8 15 0 12 0
8 15 0 13 0
8 15 0 14 0
8 15 0 15 0
8 15 1 0 0
8 15 1 1 0
8 15 1 2 0
8 15 1 3 0
8 15 1 4 0
8 15 1 5 0
8 15 1 6 0
8 15 1 7 0
8 15 1 8 0
8 15 1 9 0
8 15 1 10 0
8 15 1 11 0
8 15 1 12 0
8 15 1 13 0
8 15 1 14 0
8 15 1 15 0
8 15 2 0 0
8 15 2 1 0
8 15 2 2 0
8 15 2 3 0
8 15 2 4 0
8 15 2 5 0
8 15 2 6 0
8 15 2 7 0
8 15 2 8 0
8 15 2 9 0
8 15 2 10 0
8 15 2 11 0
8 15 2 12 0
8 15 2 13 0
8 15 2 14 0
8 15 2 15 0
8 15 3 0 0
8 15 3 1 0
8 15 3 2 0
8 15 3 3 0
8 15 3 4 0
8 15 3 5 0
8 15 3 6 0
8 15 3 7 0
8 15 3 8 0
8 15 3 9 0
8 15 3 10 0
8 15 3 11 0
8 15 3 12 0
8 15 3 13 0
8 15 3 14 0
8 15 3 15 0
8 15 4 0 0
8 15 4 1 0
8 15 4 2 0
8 15 4 3 0
8 15 4 4 0
8 15 4 5 0
8 15 4 6 0
8 15 4 7 0
8 15 4 8 0
8 15 4 9 0
8 15 4 10 0
8 15 4 11 0
8 15 4 12 0
8 15 4 13 0
8 15 4 14 0
8 15 4 15 0
8 15 5 0 0
8 15 5 1 0
8 15 5 2 0
8 15 5 3 0
8 15 5 4 0
8 15 5 5 0
8 15 5 6 0
8 15 5 7 0
8 15 5 8 0
8 15 5 9 0
8 15 5 10 0
8 15 5 11 0
8 15 5 12 0
8 15 5 13 0
8 15 5 14 0
8 15 5 15 0
8 15 6 0 0
8 15 6 1 0
8 15 6 2 0
8 15 6 3 0
8 15 6 4 0
8 15 6 5 0
8 15 6 6 0
8 15 6 7 0
8 15 6 8 0
8 15 6 9 0
8 15 6 10 0
8 15 6 11 0
8 15 6 12 0
8 15 6 13 0
8 15 6 14 0
8 15 6 15 0
8 15 7 0 0
8 15 7 1 0
8 15 7 2 0
8 15 7 3 0
8 15 7 4 0
8 15 7 5 0
8 15 7 6 0
8 15 7 7 0
8 15 7 8 0
8 15 7 9 0
8 15 7 10 0
8 15 7 11 0
8 15 7 12 0
8 15 7 13 0
8 15 7 14 0
8 15 7 15 0
8 15 8 0 0
8 15 8 1 0
8 15 8 2 0
8 15 8 3 0
8 15 8 4 0
8 15 8 5 0
8 15 8 6 0
8 15 8 7 0
8 15 8 8 0
8 15 8 9 0
8 15 8 10 0
8 15 8 11 0
8 15 8 12 0
8 15 8 13 0
8 15 8 14 0
8 15 8 15 0
8 15 9 0 0
8 15 9 1 0
8 15 9 2 0
8 15 9 3 0
8 15 9 4 0
8 15 9 5 0
8 15 9 6 0
8 15 9 7 0
8 15 9 8 0
8 15 9 9 0
8 15 9 10 0
8 15 9 11 0
8 15 9 12 0
8 15 9 13 0
8 15 9 14 0
8 15 9 15 0
8 15 10 0 0
8 15 10 1 0
8 15 10 2 0
8 15 10 3 0
8 15 10 4 0
8 15 10 5 0
8 15 10 6 0
8 15 10 7 0
8 15 10 8 0
8 15 10 9 0
8 15 10 10 0
8 15 10 11 0
8 15 10 12 0
8 15 10 13 0
8 15 10 14 0
8 15 10 15 0
8 15 11 0 0
8 15 11 1 0
8 15 11 2 0
8 15 11 3 0
8 15 11 4 0
8 15 11 5 0
8 15 11 6 0
8 15 11 7 0
8 15 11 8 0
8 15 11 9 0
8 15 11 10 0
8 15 11 11 0
8 15 11 12 0
8 15 11 13 0
8 15 11 14 0
8 15 11 15 0
8 15 12 0 0
8 15 12 1 0
8 15 12 2 0
8 15 12 3 0
8 15 12 4 0
8 15 12 5 0
8 15 12 6 0
8 15 12 7 0
8 15 12 8 0
8 15 12 9 0
8 15 12 10 0
8 15 12 11 0
8 15 12 12 0
8 15 12 13 0
8 15 12 14 0
8 15 12 15 0
8 15 13 0 0
8 15 13 1 0
8 15 13 2 0
8 15 13 3 0
8 15 13 4 0
8 15 13 5 0
8 15 13 6 0
8 15 13 7 0
8 15 13 8 0
8 15 13 9 0
8 15 13 10 0
8 15 13 11 0
8 15 13 12 0
8 15 13 13 0
8 15 13 14 0
8 15 13 15 0
8 15 14 0 0
8 15 14 1 0
8 15 14 2 0
8 15 14 3 0
8 15 14 4 0
8 15 14 5 0
8 15 14 6 0
8 15 14 7 0
8 15 14 8 0
8 15 14 9 0
8 15 14 10 0
8 15 14 11 0
8 15 14 12 0
8 15 14 13 0
8 15 14 14 0
8 15 14 15 0
8 15 15 0 0
8 15 15 1 0
8 15 15 2 0
8 15 15 3 0
8 15 15 4 0
8 15 15 5 0
8 15 15 6 0
8 15 15 7 0
8 15 15 8 0
8 15 15 9 0
8 15 15 10 0
8 15 15 11 0
8 15 15 12 0
8 15 15 13 0
8 15 15 14 0
8 15 15 15 0
9 0 0 0 0
9 0 0 1 0
9 0 0 2 0
9 0 0 3 0
9 0 0 4 -0.04779038032658829
9 0 0 5 0
9 0 0 6 0
9 0 0 7 0
9 0 0 8 0
9 0 0 9 -0.003277237619454642
9 0 0 10 0
9 0 0 11 0
9 0 0 12 0
9 0 0 13 0
9 0 0 14 0
9 0 0 15 0
9 0 1 0 0
9 0 1 1 0
9 0 1 2 0
9 0 1 3 0
9 0 1 4 0
9 0 1 5 0
9 0 1 6 0
9 0 1 7 0
9 0 1 8 0
9 0 1 9 0
9 0 1 10 0
9 0 1 11 0
9 0 1 12 0
9 0 1 13 0
9 0 1 14 0
9 0 1 15 0
9 0 2 0 0
9 0 2 1 0
9 0 2 2 0
9 0 2 3 0
9 0 2 4 0
9 0 2 5 0
9 0 2 6 0
9 0 2 7 0
9 0 2 8 0
9 0 2 9 0
9 0 2 10 0
9 0 2 11 0
9 0 2 12 0
9 0 2 13 0
9 0 2 14 0
9 0 2 15 0
9 0 3 0 0
9 0 3 1 0
9 0 3 2 0
9 0 3 3 0
9 0 3 4 0
9 0 3 5 0
9 0 3 6 0
9 0 3 7 0
9 0 3 8 0
9 0 3 9 0
9 0 3 10 0
9 0 3 11 0
9 0 3 12 0
9 0 3 13 0
9 0 3 14 0
9 0 3 15 0
9 0 4 0 0.09558076065317658
9 0 4 1 0
9 0 4 2 0
9 0 4 3 0
9 0 4 4 0
9 0 4 5 0
9 0 4 6 0
9 0 4 7 0
9 0 4 8 0
9 0 4 9 0
9 0 4 10 0
9 0 4 11 -0.0006490352050979361
9 0 4 12 0
9 0 4 13 0
9 0 4 14 0
9 0 4 15 0
9 0 5 0 0
9 0 5 1 0
9 0 5 2 0
9 0 5 3 0
9 0 5 4 0
9 0 5 5 0
9 0 5 6 0
9 0 5 7 0
9 0 5 8 0
9 0 5 9 0
9 0 5 10 0
9 0 5 11 0
9 0 5 12 0
9 0 5 13 0
9 0 5 14 0
9 0 5 15 0
9 0 6 0 0
9 0 6 1 0
9 0 6 2 0
9 0 6 3 0
9 0 6 4 0
9 0 6 5 0
9 0 6 6 0
9 0 6 7 0
9 0 6 8 0
9 0 6 9 0
9 0 6 10 0
9 0 6 11 0
9 0 6 12 0
9 0 6 13 0
9 0 6 14 0
9 0 6 15 0
9 0 7 0 0
9 0 7 1 0
9 0 7 2 0
9 0 7 3 0
9 0 7 4 0
9 0 7 5 0
9 0 7 6 0
9 0 7 7 0
9 0 7 8 0
9 0 7 9 0
9 0 7 10 0
9 0 7 11 0
9 0 7 12 0
9 0 7 13 0
9 0 7 14 0
9 0 7 15 0
9 0 8 0 0
9 0 8 1 0
9 0 8 2 0
9 0 8 3 0
9 0 8 4 0
9 0 8 5 0
9 0 8 6 0
9 0 8 7 0
9 0 8 8 0
9 0 8 9 0
9 0 8 10 0
9 0 8 11 0
9 0 8 12 0
9 0 8 13 0
9 0 8 14 0
9 0 8 15 0
9 0 9 0 0.006554475238909284
9 0 9 1 0
9 0 9 2 0
9 0 9 3 0
9 0 9 4 0
9 0 9 5 0
9 0 9 6 0
9 0 9 7 0
9 0 9 8 0
9 0 9 9 0
9 0 9 10 0
9 0 9 11 0
9 0 9 12 0
9 0 9 13 0
9 0 9 14 0
9 0 9 15 0
9 0 10 0 0
9 0 10 1 0
9 0 10 2 0
9 0 10 3 0
9 0 10 4 0
9 0 10 5 0
9 0 10 6 0
9 0 10 7 0
9 0 10 8 0
9 0 10 9 0
9 0 10 10 0
9 0 10 11 0
9 0 10 12 0
9 0 10 13 0
9 0 10 14 0
9 0 10 15 0
9 0 11 0 0
9 0 11 1 0
9 0 11 2 0
9 0 11 3 0
9 0 11 4 -3.444422734696391e-05
9 0 11 5 0
9 0 11 6 0
9 0 11 7 0
9 0 11 8 0
9 0 11 9 0
9 0 11 10 0
9 0 11 11 0
9 0 11 12 0
9 0 11 13 0
9 0 11 14 0
9 0 11 15 0
9 0 12 0 0
9 0 12 1 0
9 0 12 2 0
9 0 12 3 0
9 0 12 4 0
9 0 12 5 0
9 0 12 6 0
9 0 12 7 0
9 0 12 8 0
9 0 12 9 0
9 0 12 10 0
9 0 12 11 0
9 0 12 12 0
9 0 12 13 0
9 0 12 14 0
9 0 12 15 0
9 0 13 0 0
9 0 13 1 0
9 0 13 2 0
9 0 13 3 0
9 0 13 4 0
9 0 13 5 0
9 0 13 6 0
9 0 13 7 0
9 0 13 8 0
9 0 13 9 0
9 0 13 10 0
9 0 13 11 0
9 0 13 12 0
9 0 13 13 0
9 0 13 14 0
9 0 13 15 0
9 0 14 0 0
9 0 14 1 0
9 0 14 2 0
9 0 14 3 0
9 0 14 4 0
9 0 14 5 0
9 0 14 6 0
9 0 14 7 0
9 0 14 8 0
9 0 14 9 0
9 0 14 10 0
9 0 14 11 0
9 0 14 12 0
9 0 14 13 0
9 0 14 14 0
9 0 14 15 0
9 0 15 0 0
9 0 15 1 0
9 0 15 2 0
9 0 15 3 0
9 0 15 4 0
9 0 15 5 0
9 0 15 6 0
9 0 15 7 0
9 0 15 8 0
9 0 15 9 0
9 0 15 10 0
9 0 15 11 0
9 0 15 12 0
9 0 15 13 0
9 0 15 14 0
9 0 15 15 0
9 1 0 0 0
9 1 0 1 0
9 1 0 2 0
9 1 0 3 0
9 1 0 4 0
9 1 0 5 0
9 1 0 6 0
9 1 0 7 0
9 1 0 8 0
9 1 0 9 0
9 1 0 10 0
9 1 0 11 0
9 1 0 12 0
9 1 0 13 0
9 1 0 14 0
9 1 0 15 0
9 1 1 0 0
9 1 1 1 0
9 1 1 2 0
9 1 1 3 0
9 1 1 4 -0.04779038032658829
9 1 1 5 0
9 1 1 6 0
9 1 1 7 0
9 1 1 8 0
9 1 1 9 -0.003277237619454642
9 1 1 10 0
9 1 1 11 0
9 1 1 12 0
9 1 1 13 0
9 1 1 14 0
9 1 1 15 0
9 1 2 0 0
9 1 2 1 0
9 1 2 2 0
9 1 2 3 0
9 1 2 4 0
9 1 2 5 0
9 1 2 6 0
9 1 2 7 0
9 1 2 8 0
9 1 2 9 0
9 1 2 10 0
9 1 2 11 0
9 1 2 12 0
9 1 2 13 0
9 1 2 14 0
9 1 2 15 0
9 1 3 0 0
9 1 3 1 0
9 1 3 2 0
9 1 3 3 0
9 1 3 4 0
9 1 3 5 0
9 1 3 6 0
9 1 3 7 0
9 1 3 8 0
9 1 3 9 0
9 1 3 10 0
9 1 3 11 0
9 1 3 12 0
9 1 3 13 0
9 1 3 14 0
9 1 3 15 0
9 1 4 0 0
9 1 4 1 0.09558076065317658
9 1 4 2 0
9 1 4 3 0
9 1 4 4 0
9 1 4 5 0
9 1 4 6 0
9 1 4 7 0
9 1 4 8 0
9 1 4 9 0
9 1 4 10 0
9 1 4 11 0
9 1 4 12 0
9 1 4 13 0
9 1 4 14 0
9 1 4 15 0.0007595926357421025
9 1 5 0 0
9 1 5 1 0
9 1 5 2 0
9 1 5 3 0
9 1 5 4 0
9 1 5 5 0
9 1 5 6 0
9 1 5 7 0
9 1 5 8 0
9 1 5 9 0
9 1 5 10 0
9 1 5 11 0
9 1 5 12 0
9 1 5 13 0
9 1 5 14 0
9 1 5 15 0
9 1 6 0 0
9 1 6 1 0
9 1 6 2 0
9 1 6 3 0
9 1 6 4 0
9 1 6 5 0
9 1 6 6 0
9 1 6 7 0
9 1 6 8 0
9 1 6 9 0
9 1 6 10 0
9 1 6 11 0
9 1 6 12 0
9 1 6 13 0
9 1 6 14 0
9 1 6 15 0
9 1 7 0 0
9 1 7 1 0
9 1 7 2 0
9 1 7 3 0
9 1 7 4 0
9 1 7 5 0
9 1 7 6 0
9 1 7 7 0
9 1 7 8 0
9 1 7 9 0
9 1 7 10 0
9 1 7 11 0
9 1 7 12 0
9 1 7 13 0
9 1 7 14 0
9 1 7 15 0
9 1 8 0 0
9 1 8 1 0
9 1 8 2 0
9 1 8 3 0
9 1 8 4 0
9 1 8 5 0
9 1 8 6 0
9 1 8 7 0
9 1 8 8 0
9 1 8 9 0
9 1 8 10 0
9 1 8 11 0
9 1 8 12 0
9 1 8 13 0
9 1 8 14 0
9 1 8 15 0
9 1 9 0 0
9 1 9 1 0.006554475238909284
9 1 9 2 0
9 1 9 3 0
9 1 9 4 0
9 1 9 5 0
9 1 9 6 0
9 1 9 7 0
9 1 9 8 0
9 1 9 9 0
9 1 9 10 0
9 1 9 11 0
9 1 9 12 0
9 1 9 13 0
9 1 9 14 0
9 1 9 15 0
9 1 10 0 0
9 1 10 1 0
9 1 10 2 0
9 1 10 3 0
9 1 10 4 0
9 1 10 5 0
9 1 10 6 0
9 1 10 7 0
9 1 10 8 0
9 1 10 9 0
9 1 10 10 0
9 1 10 11 0
9 1 10 12 0
9 1 10 13 0
9 1 10 14 0
9 1 10 15 0
9 1 11 0 0
9 1 11 1 0
9 1 11 2 0
9 1 11 3 0
9 1 11 4 0
9 1 11 5 0
9 1 11 6 0
9 1 11 7 0
9 1 11 8 0
9 1 11 9 0
9 1 11 10 0
9 1 11 11 0
9 1 11 12 0
9 1 11 13 0
9 1 11 14 0
9 1 11 15 0
9 1 12 0 0
9 1 12 1 0
9 1 12 2 0
9 1 12 3 0
9 1 12 4 0
9 1 12 5 0
9 1 12 6 0
9 1 12 7 0
9 1 12 8 0
9 1 12 9 0
9 1 12 10 0
9 1 12 11 0
9 1 12 12 0
9 1 12 13 0
9 1 12 14 0
9 1 12 15 0
9 1 13 0 0
9 1 13 1 0
9 1 13 2 0
9 1 13 3 0
9 1 13 4 0
9 1 13 5 0
9 1 13 6 0
9 1 13 7 0
9 1 13 8 0
9 1 13 9 0
9 1 13 10 0
9 1 13 11 0
9 1 13 12 0
9 1 13 13 0
9 1 13 14 0
9 1 13 15 0
9 1 14 0 0
9 1 14 1 0
9 1 14 2 0
9 1 14 3 0
9 1 14 4 0
9 1 14 5 0
9 1 14 6 0
9 1 14 7 0
9 1 14 8 0
9 1 14 9 0
9 1 14 10 0
9 1 14 11 0
9 1 14 12 0
9 1 14 13 0
9 1 14 14 0
9 1 14 15 0
9 1 15 0 0
9 1 15 1 0
9 1 15 2 0
9 1 15 3 0
9 1 15 4 -0.0003040329125241911
9 1 15 5 0
9 1 15 6 0
9 1 15 7 0
9 1 15 8 0
9 1 15 9 0
9 1 15 10 0
9 1 15 11 0
9 1 15 12 0
9 1 15 13 0
9 1 15 14 0
9 1 15 15 0
9 2 0 0 0
9 2 0 1 0
9 2 0 2 0
9 2 0 3 0
9 2 0 4 0
9 2 0 5 0
9 2 0 6 0
9 2 0 7 0
9 2 0 8 0
9 2 0 9 0
9 2 0 10 0
9 2 0 11 0
9 2 0 12 0
9 2 0 13 0
9 2 0 14 0
9 2 0 15 0
9 2 1 0 0
9 2 1 1 0
9 2 1 2 0
9 2 1 3 0
9 2 1 4 0
9 2 1 5 0
9 2 1 6 0
9 2 1 7 0
9 2 1 8 0
9 2 1 9 0
9 2 1 10 0
9 2 1 11 0
9 2 1 12 0
9 2 1 13 0
9 2 1 14 0
9 2 1 15 0
9 2 2 0 0
9 2 2 1 0
9 2 2 2 0
9 2 2 3 0
9 2 2 4 -0.04779038032658829
9 2 2 5 0
9 2 2 6 0
9 2 2 7 0
9 2 2 8 0
9 2 2 9 -0.003277237619454642
9 2 2 10 0
9 2 2 11 0
9 2 2 12 0
9 2 2 13 0
9 2 2 14 0
9 2 2 15 0
9 2 3 0 0
9 2 3 1 0
9 2 3 2 0
9 2 3 3 0
9 2 3 4 0
9 2 3 5 0
9 2 3 6 0
9 2 3 7 0
9 2 3 8 0
9 2 3 9 0
9 2 3 10 0
9 2 3 11 0
9 2 3 12 0
9 2 3 13 0
9 2 3 14 0
9 2 3 15 0
9 2 4 0 0
9 2 4 1 0
9 2 4 2 0.09558076065317658
9 2 4 3 0
9 2 4 4 0
9 2 4 5 0
9 2 4 6 0
9 2 4 7 0
9 2 4 8 0
9 2 4 9 0
9 2 4 10 0
9 2 4 11 -0.001663389162438944
9 2 4 12 0
9 2 4 13 0
9 2 4 14 0.00239102206995706
9 2 4 15 0
9 2 5 0 0
9 2 5 1 0
9 2 5 2 0
9 2 5 3 0
9 2 5 4 0
9 2 5 5 0
9 2 5 6 0
9 2 5 7 4.044383609821235e-05
9 2 5 8 0
9 2 5 9 0
9 2 5 10 0
9 2 5 11 0
9 2 5 12 0
9 2 5 13 0
9 2 5 14 0
9 2 5 15 0
9 2 6 0 0
9 2 6 1 0
9 2 6 2 0
9 2 6 3 0
9 2 6 4 0
9 2 6 5 0
9 2 6 6 0
9 2 6 7 0
9 2 6 8 0
9 2 6 9 0
9 2 6 10 0
9 2 6 11 0
9 2 6 12 0
9 2 6 13 0
9 2 6 14 0
9 2 6 15 0
9 2 7 0 0
9 2 7 1 0
9 2 7 2 0
9 2 7 3 0
9 2 7 4 0
9 2 7 5 0.002468277808901617
9 2 7 6 0
9 2 7 7 0
9 2 7 8 0
9 2 7 9 0
9 2 7 10 0
9 2 7 11 0
9 2 7 12 0
9 2 7 13 0
9 2 7 14 0
9 2 7 15 0
9 2 8 0 0
9 2 8 1 0
9 2 8 2 0
9 2 8 3 0
9 2 8 4 0
9 2 8 5 0
9 2 8 6 0
9 2 8 7 0
9 2 8 8 0
9 2 8 9 0
9 2 8 10 0
9 2 8 11 0
9 2 8 12 0
9 2 8 13 0
9 2 8 14 0
9 2 8 15 0
9 2 9 0 0
9 2 9 1 0
9 2 9 2 0.006554475238909284
9 2 9 3 0
9 2 9 4 0
9 2 9 5 0
9 2 9 6 0
9 2 9 7 0
9 2 9 8 0
9 2 9 9 0
9 2 9 10 0
9 2 9 11 0
9 2 9 12 0
9 2 9 13 0
9 2 9 14 0
9 2 9 15 0
9 2 10 0 0
9 2 10 1 0
9 2 10 2 0
9 2 10 3 0
9 2 10 4 0
9 2 10 5 0
9 2 10 6 0
9 2 10 7 0
9 2 10 8 0
9 2 10 9 0
9 2 10 10 0
9 2 10 11 0
9 2 10 12 0
9 2 10 13 0
9 2 10 14 0
9 2 10 15 0
9 2 11 0 0
9 2 11 1 0
9 2 11 2 0
9 2 11 3 0
9 2 11 4 0.0007518715566724385
9 2 11 5 0
9 2 11 6 0
9 2 11 7 0
9 2 11 8 0
9 2 11 9 0
9 2 11 10 0
9 2 11 11 0
9 2 11 12 0
9 2 11 13 0
9 2 11 14 0
9 2 11 15 0
9 2 12 0 0
9 2 12 1 0
9 2 12 2 0
9 2 12 3 0
9 2 12 4 0
9 2 12 5 0
9 2 12 6 0
9 2 12 7 0
9 2 12 8 0
9 2 12 9 0
9 2 12 10 0
9 2 12 11 0
9 2 12 12 0
9 2 12 13 0
9 2 12 14 0
9 2 12 15 0
9 2 13 0 0
9 2 13 1 0
9 2 13 2 0
9 2 13 3 0
9 2 13 4 0
9 2 13 5 0
9 2 13 6 0
9 2 13 7 0
9 2 13 8 0
9 2 13 9 0
9 2 13 10 0
9 2 13 11 0
9 2 13 12 0
9 2 13 13 0
9 2 13 14 0
9 2 13 15 0
9 2 14 0 0
9 2 14 1 0
9 2 14 2 0
9 2 14 3 0
9 2 14 4 -0.001576698906633102
9 2 14 5 0
9 2 14 6 0
9 2 14 7 0
9 2 14 8 0
9 2 14 9 0
9 2 14 10 0
9 2 14 11 0
9 2 14 12 0
9 2 14 13 0
9 2 14 14 0
9 2 14 15 0
9 2 15 0 0
9 2 15 1 0
9 2 15 2 0
9 2 15 3 0
9 2 15 4 0
9 2 15 5 0
9 2 15 6 0
9 2 15 7 0
9 2 15 8 0
9 2 15 9 0
9 2 15 10 0
9 2 15 11 0
9 2 15 12 0
9 2 15 13 0
9 2 15 14 0
9 2 15 15 0
9 3 0 0 0
9 3 0 1 0
9 3 0 2 0
9 3 0 3 0
9 3 0 4 0
9 3 0 5 0
9 3 0 6 0
9 3 0 7 0
9 3 0 8 0
9 3 0 9 0
9 3 0 10 0
9 3 0 11 0
9 3 0 12 0
9 3 0 13 0
9 3 0 14 0
9 3 0 15 0
9 3 1 0 0
9 3 1 1 0
9 3 1 2 0
9 3 1 3 0
9 3 1 4 0
9 3 1 5 0
9 3 1 6 0
9 3 1 7 0
9 3 1 8 0
9 3 1 9 0
9 3 1 10 0
9 3 1 11 0
9 3 1 12 0
9 3 1 13 0
9 3 1 14 0
9 3 1 15 0
9 3 2 0 0
9 3 2 1 0
9 3 2 2 0
9 3 2 3 0
9 3 2 4 0
9 3 2 5 0
9 3 2 6 0
9 3 2 7 0
9 3 2 8 0
9 3 2 9 0
9 3 2 10 0
9 3 2 11 0
9 3 2 12 0
9 3 2 13 0
9 3 2 14 0
9 3 2 15 0
9 3 3 0 0
9 3 3 1 0
9 3 3 2 0
9 3 3 3 0
9 3 3 4 -0.003033484146657127
9 3 3 5 0
9 3 3 6 0
9 3 3 7 0
9 3 3 8 0
9 3 3 9 -0.000515497970315909
9 3 3 10 0
9 3 3 11 0
9 3 3 12 0
9 3 3 13 0
9 3 3 14 0
9 3 3 15 0
9 3 4 0 0
9 3 4 1 0
9 3 4 2 0
9 3 4 3 0.04779038032658828
9 3 4 4 0
9 3 4 5 0
9 3 4 6 0
9 3 4 7 0
9 3 4 8 0.003231031770486634
9 3 4 9 0
9 3 4 10 0
9 3 4 11 0
9 3 4 12 0
9 3 4 13 0
9 3 4 14 0
9 3 4 15 0
9 3 5 0 0
9 3 5 1 0
9 3 5 2 0
9 3 5 3 0
9 3 5 4 0
9 3 5 5 0
9 3 5 6 3.669797760580082e-05
9 3 5 7 0
9 3 5 8 0
9 3 5 9 0
9 3 5 10 0
9 3 5 11 0
9 3 5 12 0
9 3 5 13 4.181754318521877e-05
9 3 5 14 0
9 3 5 15 0
9 3 6 0 0
9 3 6 1 0
9 3 6 2 0
9 3 6 3 0
9 3 6 4 0
9 3 6 5 -0.004922854978219807
9 3 6 6 0
9 3 6 7 0
9 3 6 8 0
9 3 6 9 0
9 3 6 10 0
9 3 6 11 0
9 3 6 12 -0.0002942402408496792
9 3 6 13 0
9 3 6 14 0
9 3 6 15 0
9 3 7 0 0
9 3 7 1 0
9 3 7 2 0
9 3 7 3 0
9 3 7 4 0
9 3 7 5 0
9 3 7 6 0
9 3 7 7 0
9 3 7 8 0
9 3 7 9 0
9 3 7 10 0
9 3 7 11 0
9 3 7 12 0
9 3 7 13 0
9 3 7 14 0
9 3 7 15 0
9 3 8 0 0
9 3 8 1 0
9 3 8 2 0
9 3 8 3 0
9 3 8 4 -0.0004005276174159994
9 3 8 5 0
9 3 8 6 0
9 3 8 7 0
9 3 8 8 0
9 3 8 9 0
9 3 8 10 0
9 3 8 11 0
9 3 8 12 0
9 3 8 13 0
9 3 8 14 0
9 3 8 15 0
9 3 9 0 0
9 3 9 1 0
9 3 9 2 0
9 3 9 3 0.003285321503402026
9 3 9 4 0
9 3 9 5 0
9 3 9 6 0
9 3 9 7 0
9 3 9 8 0
9 3 9 9 0
9 3 9 10 0
9 3 9 11 0
9 3 9 12 0
9 3 9 13 0
9 3 9 14 0
9 3 9 15 0
9 3 10 0 0
9 3 10 1 0
9 3 10 2 0
9 3 10 3 0
9 3 10 4 0
9 3 10 5 0
9 3 10 6 0
9 3 10 7 0
9 3 10 8 0
9 3 10 9 0
9 3 10 10 0
9 3 10 11 0
9 3 10 12 0
9 3 10 13 0
9 3 10 14 0
9 3 10 15 0
9 3 11 0 0
9 3 11 1 0
9 3 11 2 0
9 3 11 3 0
9 3 11 4 0
9 3 11 5 0
9 3 11 6 0
9 3 11 7 0
9 3 11 8 0
9 3 11 9 0
9 3 11 10 0
9 3 11 11 0
9 3 11 12 0
9 3 11 13 0
9 3 11 14 0
9 3 11 15 0
9 3 12 0 0
9 3 12 1 0
9 3 12 2 0
9 3 12 3 0
9 3 12 4 0
9 3 12 5 0
9 3 12 6 7.541792486440079e-06
9 3 12 7 0
9 3 12 8 0
9 3 12 9 0
9 3 12 10 0
9 3 12 11 0
9 3 12 12 0
9 3 12 13 0
9 3 12 14 0
9 3 12 15 0
9 3 13 0 0
9 3 13 1 0
9 3 13 2 0
9 3 13 3 0
9 3 13 4 0
9 3 13 5 -0.0003343338517844047
9 3 13 6 0
9 3 13 7 0
9 3 13 8 0
9 3 13 9 0
9 3 13 10 0
9 3 13 11 0
9 3 13 12 0
9 3 13 13 0
9 3 13 14 0
9 3 13 15 0
9 3 14 0 0
9 3 14 1 0
9 3 14 2 0
9 3 14 3 0
9 3 14 4 0
9 3 14 5 0
9 3 14 6 0
9 3 14 7 0
9 3 14 8 0
9 3 14 9 0
9 3 14 10 0
9 3 14 11 0
9 3 14 12 0
9 3 14 13 0
9 3 14 14 0
9 3 14 15 0
9 3 15 0 0
9 3 15 1 0
9 3 15 2 0
9 3 15 3 0
9 3 15 4 0
9 3 15 5 0
9 3 15 6 0
9 3 15 7 0
9 3 15 8 0
9 3 15 9 0
9 3 15 10 0
9 3 15 11 0
9 3 15 12 0
9 3 15 13 0
9 3 15 14 0
9 3 15 15 0
9 4 0 0 0
9 4 0 1 0
9 4 0 2 0
9 4 0 3 0
9 4 0 4 0
9 4 0 5 0
9 4 0 6 0
9 4 0 7 0
9 4 0 8 0
9 4 0 9 0
9 4 0 10 0
9 4 0 11 0
9 4 0 12 0
9 4 0 13 0
9 4 0 14 0
9 4 0 15 0
9 4 1 0 0
9 4 1 1 0
9 4 1 2 0
9 4 1 3 0
9 4 1 4 0
9 4 1 5 0
9 4 1 6 0
9 4 1 7 0
9 4 1 8 0
9 4 1 9 0
9 4 1 10 0
9 4 1 11 0
9 4 1 12 0
9 4 1 13 0
9 4 1 14 0
9 4 1 15 0
9 4 2 0 0
9 4 2 1 0
9 4 2 2 0
9 4 2 3 0
9 4 2 4 0
9 4 2 5 0
9 4 2 6 0
9 4 2 7 0
9 4 2 8 0
9 4 2 9 0
9 4 2 10 0
9 4 2 11 0
9 4 2 12 0
9 4 2 13 0
9 4 2 14 0
9 4 2 15 0
9 4 3 0 0
9 4 3 1 0
9 4 3 2 0
9 4 3 3 0
9 4 3 4 0
9 4 3 5 0
9 4 3 6 0
9 4 3 7 0
9 4 3 8 0
9 4 3 9 0
9 4 3 10 0
9 4 3 11 0
9 4 3 12 0
9 4 3 13 0
9 4 3 14 0
9 4 3 15 0
9 4 4 0 0
9 4 4 1 0
9 4 4 2 0
9 4 4 3 0
9 4 4 4 1.731532778629074e-18
9 4 4 5 0
9 4 4 6 0
9 4 4 7 0
9 4 4 8 0
9 4 4 9 -5.935083794974398e-05
9 4 4 10 0
9 4 4 11 0
9 4 4 12 0
9 4 4 13 0
9 4 4 14 0
9 4 4 15 0
9 4 5 0 0
9 4 5 1 0
9 4 5 2 0
9 4 5 3 0
9 4 5 4 0
9 4 5 5 -3.40296484449035e-19
9 4 5 6 0
9 4 5 7 0
9 4 5 8 0
9 4 5 9 0
9 4 5 10 0
9 4 5 11 0
9 4 5 12 1.910516897702886e-05
9 4 5 13 0
9 4 5 14 0
9 4 5 15 0
9 4 6 0 0
9 4 6 1 0
9 4 6 2 0
9 4 6 3 0
9 4 6 4 0
9 4 6 5 0
9 4 6 6 0
9 4 6 7 0
9 4 6 8 0
9 4 6 9 0
9 4 6 10 0
9 4 6 11 0
9 4 6 12 0
9 4 6 13 0
9 4 6 14 0
9 4 6 15 0
9 4 7 0 0
9 4 7 1 0
9 4 7 2 0
9 4 7 3 0
9 4 7 4 0
9 4 7 5 0
9 4 7 6 0
9 4 7 7 0
9 4 7 8 0
9 4 7 9 0
9 4 7 10 0
9 4 7 11 0
9 4 7 12 0
9 4 7 13 0
9 4 7 14 0
9 4 7 15 0
9 4 8 0 0
9 4 8 1 0
9 4 8 2 0
9 4 8 3 0
9 4 8 4 0
9 4 8 5 0
9 4 8 6 0
9 4 8 7 0
9 4 8 8 0
9 4 8 9 0
9 4 8 10 0
9 4 8 11 0
9 4 8 12 0
9 4 8 13 0
9 4 8 14 0
9 4 8 15 0
9 4 9 0 0
9 4 9 1 0
9 4 9 2 0
9 4 9 3 0
9 4 9 4 5.935083794974498e-05
9 4 9 5 0
9 4 9 6 0
9 4 9 7 0
9 4 9 8 0
9 4 9 9 0
9 4 9 10 0
9 4 9 11 0
9 4 9 12 0
9 4 9 13 0
9 4 9 14 0
9 4 9 15 0
9 4 10 0 0
9 4 10 1 0
9 4 10 2 0
9 4 10 3 0
9 4 10 4 0
9 4 10 5 0
9 4 10 6 0
9 4 10 7 0
9 4 10 8 0
9 4 10 9 0
9 4 10 10 0
9 4 10 11 0
9 4 10 12 0
9 4 10 13 0
9 4 10 14 0
9 4 10 15 0
9 4 11 0 0
9 4 11 1 0
9 4 11 2 0
9 4 11 3 0
9 4 11 4 0
9 4 11 5 0
9 4 11 6 0
9 4 11 7 0
9 4 11 8 0
9 4 11 9 0
9 4 11 10 0
9 4 11 11 0
9 4 11 12 0
9 4 11 13 0
9 4 11 14 0
9 4 11 15 0
9 4 12 0 0
9 4 12 1 0
9 4 12 2 0
9 4 12 3 0
9 4 12 4 0
9 4 12 5 -1.910516897702935e-05
9 4 12 6 0
9 4 12 7 0
9 4 12 8 0
9 4 12 9 0
9 4 12 10 0
9 4 12 11 0
9 4 12 12 0
9 4 12 13 0
9 4 12 14 0
9 4 12 15 0
9 4 13 0 0
9 4 13 1 0
9 4 13 2 0
9 4 13 3 0
9 4 13 4 0
9 4 13 5 0
9 4 13 6 0
9 4 13 7 0
9 4 13 8 0
9 4 13 9 0
9 4 13 10 0
9 4 13 11 0
9 4 13 12 0
9 4 13 13 0
9 4 13 14 0
9 4 13 15 0
9 4 14 0 0
9 4 14 1 0
9 4 14 2 0
9 4 14 3 0
9 4 14 4 0
9 4 14 5 0
9 4 14 6 0
9 4 14 7 0
9 4 14 8 0
9 4 14 9 0
9 4 14 10 0
9 4 14 11 0
9 4 14 12 0
9 4 14 13 0
9 4 14 14 0
9 4 14 15 0
9 4 15 0 0
9 4 15 1 0
9 4 15 2 0
9 4 15 3 0
9 4 15 4 0
9 4 15 5 0
9 4 15 6 0
9 4 15 7 0
9 4 15 8 0
9 4 15 9 0
9 4 15 10 0
9 4 15 11 0
9 4 15 12 0
9 4 15 13 0
9 4 15 14 0
9 4 15 15 0
9 5 0 0 0
9 5 0 1 0
9 5 0 2 0
9 5 0 3 0
9 5 0 4 0
9 5 0 5 0
9 5 0 6 0
9 5 0 7 0
9 5 0 8 0
9 5 0 9 0
9 5 0 10 0
9 5 0 11 0
9 5 0 12 0
9 5 0 13 0
9 5 0 14 0
9 5 0 15 0
9 5 1 0 0
9 5 1 1 0
9 5 1 2 0
9 5 1 3 0
9 5 1 4 0
9 5 1 5 0
9 5 1 6 0
9 5 1 7 0
9 5 1 8 0
9 5 1 9 0
9 5 1 10 0
9 5 1 11 0
9 5 1 12 0
9 5 1 13 0
9 5 1 14 0
9 5 1 15 0
9 5 2 0 0
9 5 2 1 0
9 5 2 2 0
9 5 2 3 0
9 5 2 4 0
9 5 2 5 0
9 5 2 6 0
9 5 2 7 0
9 5 2 8 0
9 5 2 9 0
9 5 2 10 0
9 5 2 11 0
9 5 2 12 0
9 5 2 13 0
9 5 2 14 0
9 5 2 15 0
9 5 3 0 0
9 5 3 1 0
9 5 3 2 0
9 5 3 3 0
9 5 3 4 0
9 5 3 5 0
9 5 3 6 0
9 5 3 7 0
9 5 3 8 0
9 5 3 9 0
9 5 3 10 0
9 5 3 11 0
9 5 3 12 0
9 5 3 13 0
9 5 3 14 0
9 5 3 15 0
9 5 4 0 0
9 5 4 1 0
9 5 4 2 0
9 5 4 3 0
9 5 4 4 0
9 5 4 5 0.04779038032658828
9 5 4 6 0
9 5 4 7 0
9 5 4 8 0
9 5 4 9 0
9 5 4 10 0
9 5 4 11 0
9 5 4 12 0.002994346436754589
9 5 4 13 0
9 5 4 14 0
9 5 4 15 0
9 5 5 0 0
9 5 5 1 0
9 5 5 2 0
9 5 5 3 0
9 5 5 4 -0.04786165340198206
9 5 5 5 0
9 5 5 6 0
9 5 5 7 0
9 5 5 8 0
9 5 5 9 -0.003135470903313183
9 5 5 10 0
9 5 5 11 0
9 5 5 12 0
9 5 5 13 0
9 5 5 14 0
9 5 5 15 0
9 5 6 0 0
9 5 6 1 0
9 5 6 2 0
9 5 6 3 0
9 5 6 4 0
9 5 6 5 0
9 5 6 6 0
9 5 6 7 0
9 5 6 8 0
9 5 6 9 0
9 5 6 10 0
9 5 6 11 0
9 5 6 12 0
9 5 6 13 0
9 5 6 14 0
9 5 6 15 0
9 5 7 0 0
9 5 7 1 0
9 5 7 2 0
9 5 7 3 0
9 5 7 4 0
9 5 7 5 0
9 5 7 6 0
9 5 7 7 0
9 5 7 8 0
9 5 7 9 0
9 5 7 10 0
9 5 7 11 0
9 5 7 12 0
9 5 7 13 0
9 5 7 14 0
9 5 7 15 0
9 5 8 0 0
9 5 8 1 0
9 5 8 2 0
9 5 8 3 0
9 5 8 4 0
9 5 8 5 0
9 5 8 6 0
9 5 8 7 0
9 5 8 8 0
9 5 8 9 0
9 5 8 10 0
9 5 8 11 0
9 5 8 12 0
9 5 8 13 0
9 5 8 14 0
9 5 8 15 0
9 5 9 0 0
9 5 9 1 0
9 5 9 2 0
9 5 9 3 0
9 5 9 4 0
9 5 9 5 0.003217886781504897
9 5 9 6 0
9 5 9 7 0
9 5 9 8 0
9 5 9 9 0
9 5 9 10 0
9 5 9 11 0
9 5 9 12 0
9 5 9 13 0
9 5 9 14 0
9 5 9 15 0
9 5 10 0 0
9 5 10 1 0
9 5 10 2 0
9 5 10 3 0
9 5 10 4 0
9 5 10 5 0
9 5 10 6 0
9 5 10 7 0
9 5 10 8 0
9 5 10 9 0
9 5 10 10 0
9 5 10 11 0
9 5 10 12 0
9 5 10 13 0
9 5 10 14 0
9 5 10 15 0
9 5 11 0 0
9 5 11 1 0
9 5 11 2 0
9 5 11 3 0
9 5 11 4 0
9 5 11 5 0
9 5 11 6 0
9 5 11 7 0
9 5 11 8 0
9 5 11 9 0
9 5 11 10 0
9 5 11 11 0
9 5 11 12 0
9 5 11 13 0
9 5 11 14 0
9 5 11 15 0
9 5 12 0 0
9 5 12 1 0
9 5 12 2 0
9 5 12 3 0
9 5 12 4 -0.003061359664243613
9 5 12 5 0
9 5 12 6 0
9 5 12 7 0
9 5 12 8 0
9 5 12 9 0
9 5 12 10 0
9 5 12 11 0
9 5 12 12 0
9 5 12 13 0
9 5 12 14 0
9 5 12 15 0
9 5 13 0 0
9 5 13 1 0
9 5 13 2 0
9 5 13 3 0
9 5 13 4 0
9 5 13 5 0
9 5 13 6 0
9 5 13 7 0
9 5 13 8 0
9 5 13 9 0
9 5 13 10 0
9 5 13 11 0
9 5 13 12 0
9 5 13 13 0
9 5 13 14 0
9 5 13 15 0
9 5 14 0 0
9 5 14 1 0
9 5 14 2 0
9 5 14 3 0
9 5 14 4 0
9 5 14 5 0
9 5 14 6 0
9 5 14 7 0
9 5 14 8 0
9 5 14 9 0
9 5 14 10 0
9 5 14 11 0
9 5 14 12 0
9 5 14 13 0
9 5 14 14 0
9 5 14 15 0
9 5 15 0 0
9 5 15 1 0
9 5 15 2 0
9 5 15 3 0
9 5 15 4 0
9 5 15 5 0
9 5 15 6 0
9 5 15 7 0
9 5 15 8 0
9 5 15 9 0
9 5 15 10 0
9 5 15 11 0
9 5 15 12 0
9 5 15 13 0
9 5 15 14 0
9 5 15 15 0
9 6 0 0 0
9 6 0 1 0
9 6 0 2 0
9 6 0 3 0
9 6 0 4 0
9 6 0 5 0
9 6 0 6 0
9 6 0 7 0
9 6 0 8 0
9 6 0 9 0
9 6 0 10 0
9 6 0 11 0
9 6 0 12 0
9 6 0 13 0
9 6 0 14 0
9 6 0 15 0
9 6 1 0 0
9 6 1 1 0
9 6 1 2 0
9 6 1 3 0
9 6 1 4 0
9 6 1 5 0
9 6 1 6 0
9 6 1 7 0
9 6 1 8 0
9 6 1 9 0
9 6 1 10 0
9 6 1 11 0
9 6 1 12 0
9 6 1 13 0
9 6 1 14 0
9 6 1 15 0
9 6 2 0 0
9 6 2 1 0
9 6 2 2 0
9 6 2 3 0
9 6 2 4 0
9 6 2 5 0
9 6 2 6 0
9 6 2 7 0
9 6 2 8 0
9 6 2 9 0
9 6 2 10 0
9 6 2 11 0
9 6 2 12 0
9 6 2 13 0
9 6 2 14 0
9 6 2 15 0
9 6 3 0 0
9 6 3 1 0
9 6 3 2 0
9 6 3 3 0
9 6 3 4 0
9 6 3 5 -0.004260341273203238
9 6 3 6 0
9 6 3 7 0
9 6 3 8 0
9 6 3 9 0
9 6 3 10 0
9 6 3 11 0
9 6 3 12 -0.0004220821456416902
9 6 3 13 0
9 6 3 14 0
9 6 3 15 0
9 6 4 0 0
9 6 4 1 0
9 6 4 2 0
9 6 4 3 0
9 6 4 4 0
9 6 4 5 0
9 6 4 6 0.04779038032658828
9 6 4 7 0
9 6 4 8 0
9 6 4 9 0
9 6 4 10 0
9 6 4 11 0
9 6 4 12 0
9 6 4 13 0.003075037524946592
9 6 4 14 0
9 6 4 15 0
9 6 5 0 0
9 6 5 1 0
9 6 5 2 0
9 6 5 3 -3.199772512783247e-05
9 6 5 4 0
9 6 5 5 0
9 6 5 6 0
9 6 5 7 0
9 6 5 8 8.230430158600247e-05
9 6 5 9 0
9 6 5 10 0
9 6 5 11 0
9 6 5 12 0
9 6 5 13 0
9 6 5 14 0
9 6 5 15 0
9 6 6 0 0
9 6 6 1 0
9 6 6 2 0
9 6 6 3 0
9 6 6 4 -0.004195003065927124
9 6 6 5 0
9 6 6 6 0
9 6 6 7 0
9 6 6 8 0
9 6 6 9 -0.0006088073571880523
9 6 6 10 0
9 6 6 11 0
9 6 6 12 0
9 6 6 13 0
9 6 6 14 0
9 6 6 15 0
9 6 7 0 0
9 6 7 1 0
9 6 7 2 0
9 6 7 3 0
9 6 7 4 0
9 6 7 5 0
9 6 7 6 0
9 6 7 7 0
9 6 7 8 0
9 6 7 9 0
9 6 7 10 0
9 6 7 11 0
9 6 7 12 0
9 6 7 13 0
9 6 7 14 0
9 6 7 15 0
9 6 8 0 0
9 6 8 1 0
9 6 8 2 0
9 6 8 3 0
9 6 8 4 0
9 6 8 5 -0.0005562940026584097
9 6 8 6 0
9 6 8 7 0
9 6 8 8 0
9 6 8 9 0
9 6 8 10 0
9 6 8 11 0
9 6 8 12 0
9 6 8 13 0
9 6 8 14 0
9 6 8 15 0
9 6 9 0 0
9 6 9 1 0
9 6 9 2 0
9 6 9 3 0
9 6 9 4 0
9 6 9 5 0
9 6 9 6 0.003269153735507257
9 6 9 7 0
9 6 9 8 0
9 6 9 9 0
9 6 9 10 0
9 6 9 11 0
9 6 9 12 0
9 6 9 13 0
9 6 9 14 0
9 6 9 15 0
9 6 10 0 0
9 6 10 1 0
9 6 10 2 0
9 6 10 3 0
9 6 10 4 0
9 6 10 5 0
9 6 10 6 0
9 6 10 7 0
9 6 10 8 0
9 6 10 9 0
9 6 10 10 0
9 6 10 11 0
9 6 10 12 0
9 6 10 13 0
9 6 10 14 0
9 6 10 15 0
9 6 11 0 0
9 6 11 1 0
9 6 11 2 0
9 6 11 3 0
9 6 11 4 0
9 6 11 5 0
9 6 11 6 0
9 6 11 7 0
9 6 11 8 0
9 6 11 9 0
9 6 11 10 0
9 6 11 11 0
9 6 11 12 0
9 6 11 13 0
9 6 11 14 0
9 6 11 15 0
9 6 12 0 0
9 6 12 1 0
9 6 12 2 0
9 6 12 3 -3.35687184204563e-06
9 6 12 4 0
9 6 12 5 0
9 6 12 6 0
9 6 12 7 0
9 6 12 8 0
9 6 12 9 0
9 6 12 10 0
9 6 12 11 0
9 6 12 12 0
9 6 12 13 0
9 6 12 14 0
9 6 12 15 0
9 6 13 0 0
9 6 13 1 0
9 6 13 2 0
9 6 13 3 0
9 6 13 4 -0.0004123248004500344
9 6 13 5 0
9 6 13 6 0
9 6 13 7 0
9 6 13 8 0
9 6 13 9 0
9 6 13 10 0
9 6 13 11 0
9 6 13 12 0
9 6 13 13 0
9 6 13 14 0
9 6 13 15 0
9 6 14 0 0
9 6 14 1 0
9 6 14 2 0
9 6 14 3 0
9 6 14 4 0
9 6 14 5 0
9 6 14 6 0
9 6 14 7 0
9 6 14 8 0
9 6 14 9 0
9 6 14 10 0
9 6 14 11 0
9 6 14 12 0
9 6 14 13 0
9 6 14 14 0
9 6 14 15 0
9 6 15 0 0
9 6 15 1 0
9 6 15 2 0
9 6 15 3 0
9 6 15 4 0
9 6 15 5 0
9 6 15 6 0
9 6 15 7 0
9 6 15 8 0
9 6 15 9 0
9 6 15 10 0
9 6 15 11 0
9 6 15 12 0
9 6 15 13 0
9 6 15 14 0
9 6 15 15 0
9 7 0 0 0
9 7 0 1 0
9 7 0 2 0
9 7 0 3 0
9 7 0 4 0
9 7 0 5 0
9 7 0 6 0
9 7 0 7 0
9 7 0 8 0
9 7 0 9 0
9 7 0 10 0
9 7 0 11 0
9 7 0 12 0
9 7 0 13 0
9 7 0 14 0
9 7 0 15 0
9 7 1 0 0
9 7 1 1 0
9 7 1 2 0
9 7 1 3 0
9 7 1 4 0
9 7 1 5 0
9 7 1 6 0
9 7 1 7 0
9 7 1 8 0
9 7 1 9 0
9 7 1 10 0
9 7 1 11 0
9 7 1 12 0
9 7 1 13 0
9 7 1 14 0
9 7 1 15 0
9 7 2 0 0
9 7 2 1 0
9 7 2 2 0
9 7 2 3 0
9 7 2 4 0
9 7 2 5 0
9 7 2 6 0
9 7 2 7 0
9 7 2 8 0
9 7 2 9 0
9 7 2 10 0
9 7 2 11 0
9 7 2 12 0
9 7 2 13 0
9 7 2 14 0
9 7 2 15 0
9 7 3 0 0
9 7 3 1 0
9 7 3 2 0
9 7 3 3 0
9 7 3 4 0
9 7 3 5 0
9 7 3 6 0
9 7 3 7 0
9 7 3 8 0
9 7 3 9 0
9 7 3 10 0
9 7 3 11 0
9 7 3 12 0
9 7 3 13 0
9 7 3 14 0
9 7 3 15 0
9 7 4 0 0
9 7 4 1 0
9 7 4 2 0
9 7 4 3 0
9 7 4 4 0
9 7 4 5 0
9 7 4 6 0
9 7 4 7 0
9 7 4 8 0
9 7 4 9 0
9 7 4 10 0
9 7 4 11 0
9 7 4 12 0
9 7 4 13 0
9 7 4 14 0
9 7 4 15 0
9 7 5 0 0
9 7 5 1 0
9 7 5 2 0
9 7 5 3 0
9 7 5 4 0
9 7 5 5 0
9 7 5 6 0
9 7 5 7 0
9 7 5 8 0
9 7 5 9 0
9 7 5 10 0
9 7 5 11 0
9 7 5 12 0
9 7 5 13 0
9 7 5 14 0
9 7 5 15 0
9 7 6 0 0
9 7 6 1 0
9 7 6 2 0
9 7 6 3 0
9 7 6 4 0
9 7 6 5 0
9 7 6 6 0
9 7 6 7 0
9 7 6 8 0
9 7 6 9 0
9 7 6 10 0
9 7 6 11 0
9 7 6 12 0
9 7 6 13 0
9 7 6 14 0
9 7 6 15 0
9 7 7 0 0
9 7 7 1 0
9 7 7 2 0
9 7 7 3 0
9 7 7 4 0
9 7 7 5 0
9 7 7 6 0
9 7 7 7 0
9 7 7 8 0
9 7 7 9 0
9 7 7 10 0
9 7 7 11 0
9 7 7 12 0
9 7 7 13 0
9 7 7 14 0
9 7 7 15 0
9 7 8 0 0
9 7 8 1 0
9 7 8 2 0
9 7 8 3 0
9 7 8 4 0
9 7 8 5 0
9 7 8 6 0
9 7 8 7 0
9 7 8 8 0
9 7 8 9 0
9 7 8 10 0
9 7 8 11 0
9 7 8 12 0
9 7 8 13 0
9 7 8 14 0
9 7 8 15 0
9 7 9 0 0
9 7 9 1 0
9 7 9 2 0
9 7 9 3 0
9 7 9 4 0
9 7 9 5 0
9 7 9 6 0
9 7 9 7 0
9 7 9 8 0
9 7 9 9 0
9 7 9 10 0
9 7 9 11 0
9 7 9 12 0
9 7 9 13 0
9 7 9 14 0
9 7 9 15 0
9 7 10 0 0
9 7 10 1 0
9 7 10 2 0
9 7 10 3 0
9 7 10 4 0
9 7 10 5 0
9 7 10 6 0
9 7 10 7 0
9 7 10 8 0
9 7 10 9 0
9 7 10 10 0
9 7 10 11 0
9 7 10 12 0
9 7 10 13 0
9 7 10 14 0
9 7 10 15 0
9 7 11 0 0
9 7 11 1 0
9 7 11 2 0
9 7 11 3 0
9 7 11 4 0
9 7 11 5 0
9 7 11 6 0
9 7 11 7 0
9 7 11 8 0
9 7 11 9 0
9 7 11 10 0
9 7 11 11 0
9 7 11 12 0
9 7 11 13 0
9 7 11 14 0
9 7 11 15 0
9 7 12 0 0
9 7 12 1 0
9 7 12 2 0
9 7 12 3 0
9 7 12 4 0
9 7 12 5 0
9 7 12 6 0
9 7 12 7 0
9 7 12 8 0
9 7 12 9 0
9 7 12 10 0
9 7 12 11 0
9 7 12 12 0
9 7 12 13 0
9 7 12 14 0
9 7 12 15 0
9 7 13 0 0
9 7 13 1 0
9 7 13 2 0
9 7 13 3 0
9 7 13 4 0
9 7 13 5 0
9 7 13 6 0
9 7 13 7 0
9 7 13 8 0
9 7 13 9 0
9 7 13 10 0
9 7 13 11 0
9 7 13 12 0
9 7 13 13 0
9 7 13 14 0
9 7 13 15 0
9 7 14 0 0
9 7 14 1 0
9 7 14 2 0
9 7 14 3 0
9 7 14 4 0
9 7 14 5 0
9 7 14 6 0
9 7 14 7 0
9 7 14 8 0
9 7 14 9 0
9 7 14 10 0
9 7 14 11 0
9 7 14 12 0
9 7 14 13 0
9 7 14 14 0
9 7 14 15 0
9 7 15 0 0
9 7 15 1 0
9 7 15 2 0
9 7 15 3 0
9 7 15 4 0
9 7 15 5 0
9 7 15 6 0
9 7 15 7 0
9 7 15 8 0
9 7 15 9 0
9 7 15 10 0
9 7 15 11 0
9 7 15 12 0
9 7 15 13 0
9 7 15 14 0
9 7 15 15 0
9 8 0 0 0
9 8 0 1 0
9 8 0 2 0
9 8 0 3 0
9 8 0 4 0
9 8 0 5 0
9 8 0 6 0
9 8 0 7 0
9 8 0 8 0
9 8 0 9 0
9 8 0 10 0
9 8 0 11 0
9 8 0 12 0
9 8 0 13 0
9 8 0 14 0
9 8 0 15 0
9 8 1 0 0
9 8 1 1 0
9 8 1 2 0
9 8 1 3 0
9 8 1 4 0
9 8 1 5 0
9 8 1 6 0
9 8 1 7 0
9 8 1 8 0
9 8 1 9 0
9 8 1 10 0
9 8 1 11 0
9 8 1 12 0
9 8 1 13 0
9 8 1 14 0
9 8 1 15 0
9 8 2 0 0
9 8 2 1 0
9 8 2 2 0
9 8 2 3 0
9 8 2 4 0
9 8 2 5 0
9 8 2 6 0
9 8 2 7 0
9 8 2 8 0
9 8 2 9 0
9 8 2 10 0
9 8 2 11 0
9 8 2 12 0
9 8 2 13 0
9 8 2 14 0
9 8 2 15 0
9 8 3 0 0
9 8 3 1 0
9 8 3 2 0
9 8 3 3 0
9 8 3 4 0
9 8 3 5 0
9 8 3 6 0
9 8 3 7 0
9 8 3 8 0
9 8 3 9 0
9 8 3 10 0
9 8 3 11 0
9 8 3 12 0
9 8 3 13 0
9 8 3 14 0
9 8 3 15 0
9 8 4 0 0
9 8 4 1 0
9 8 4 2 0
9 8 4 3 0
9 8 4 4 0
9 8 4 5 0
9 8 4 6 0
9 8 4 7 0
9 8 4 8 0
9 8 4 9 0
9 8 4 10 0
9 8 4 11 0
9 8 4 12 0
9 8 4 13 0
9 8 4 14 0
9 8 4 15 0
9 8 5 0 0
9 8 5 1 0
9 8 5 2 0
9 8 5 3 0
9 8 5 4 0
9 8 5 5 0
9 8 5 6 0
9 8 5 7 0
9 8 5 8 0
9 8 5 9 0
9 8 5 10 0
9 8 5 11 0
9 8 5 12 0
9 8 5 13 0
9 8 5 14 0
9 8 5 15 0
9 8 6 0 0
9 8 6 1 0
9 8 6 2 0
9 8 6 3 0
9 8 6 4 0
9 8 6 5 0
9 8 6 6 0
9 8 6 7 0
9 8 6 8 0
9 8 6 9 0
9 8 6 10 0
9 8 6 11 0
9 8 6 12 0
9 8 6 13 0
9 8 6 14 0
9 8 6 15 0
9 8 7 0 0
9 8 7 1 0
9 8 7 2 0
9 8 7 3 0
9 8 7 4 0
9 8 7 5 0
9 8 7 6 0
9 8 7 7 0
9 8 7 8 0
9 8 7 9 0
9 8 7 10 0
9 8 7 11 0
9 8 7 12 0
9 8 7 13 0
9 8 7 14 0
9 8 7 15 0
9 8 8 0 0
9 8 8 1 0
9 8 8 2 0
9 8 8 3 0
9 8 8 4 0
9 8 8 5 0
9 8 8 6 0
9 8 8 7 0
9 8 8 8 0
9 8 8 9 0
9 8 8 10 0
9 8 8 11 0
9 8 8 12 0
9 8 8 13 0
9 8 8 14 0
9 8 8 15 0
9 8 9 0 0
9 8 9 1 0
9 8 9 2 0
9 8 9 3 0
9 8 9 4 0
9 8 9 5 0
9 8 9 6 0
9 8 9 7 0
9 8 9 8 0
9 8 9 9 0
9 8 9 10 0
9 8 9 11 0
9 8 9 12 0
9 8 9 13 0
9 8 9 14 0
9 8 9 15 0
9 8 10 0 0
9 8 10 1 0
9 8 10 2 0
9 8 10 3 0
9 8 10 4 0
9 8 10 5 0
9 8 10 6 0
9 8 10 7 0
9 8 10 8 0
9 8 10 9 0
9 8 10 10 0
9 8 10 11 0
9 8 10 12 0
9 8 10 13 0
9 8 10 14 0
9 8 10 15 0
9 8 11 0 0
9 8 11 1 0
9 8 11 2 0
9 8 11 3 0
9 8 11 4 0
9 8 11 5 0
9 8 11 6 0
9 8 11 7 0
9 8 11 8 0
9 8 11 9 0
9 8 11 10 0
9 8 11 11 0
9 8 11 12 0
9 8 11 13 0
9 8 11 14 0
9 8 11 15 0
9 8 12 0 0
9 8 12 1 0
9 8 12 2 0
9 8 12 3 0
9 8 12 4 0
9 8 12 5 0
9 8 12 6 0
9 8 12 7 0
9 8 12 8 0
9 8 12 9 0
9 8 12 10 0
9 8 12 11 0
9 8 12 12 0
9 8 12 13 0
9 8 12 14 0
9 8 12 15 0
9 8 13 0 0
9 8 13 1 0
9 8 13 2 0
9 8 13 3 0
9 8 13 4 0
9 8 13 5 0
9 8 13 6 0
9 8 13 7 0
9 8 13 8 0
9 8 13 9 0
9 8 13 10 0
9 8 13 11 0
9 8 13 12 0
9 8 13 13 0
9 8 13 14 0
9 8 13 15 0
9 8 14 0 0
9 8 14 1 0
9 8 14 2 0
9 8 14 3 0
9 8 14 4 0
9 8 14 5 0
9 8 14 6 0
9 8 14 7 0
9 8 14 8 0
9 8 14 9 0
9 8 14 10 0
9 8 14 11 0
9 8 14 12 0
9 8 14 13 0
9 8 14 14 0
9 8 14 15 0
9 8 15 0 0
9 8 15 1 0
9 8 15 2 0
9 8 15 3 0
9 8 15 4 0
9 8 15 5 0
9 8 15 6 0
9 8 15 7 0
9 8 15 8 0
9 8 15 9 0
9 8 15 10 0
9 8 15 11 0
9 8 15 12 0
9 8 15 13 0
9 8 15 14 0
9 8 15 15 0
9 9 0 0 0
9 9 0 1 0
9 9 0 2 0
9 9 0 3 0
9 9 0 4 0
9 9 0 5 0
9 9 0 6 0
9 9 0 7 0
9 9 0 8 0
9 9 0 9 0
9 9 0 10 0
9 9 0 11 0
9 9 0 12 0
9 9 0 13 0
9 9 0 14 0
9 9 0 15 0
9 9 1 0 0
9 9 1 1 0
9 9 1 2 0
9 9 1 3 0
9 9 1 4 0
9 9 1 5 0
9 9 1 6 0
9 9 1 7 0
9 9 1 8 0
9 9 1 9 0
9 9 1 10 0
9 9 1 11 0
9 9 1 12 0
9 9 1 13 0
9 9 1 14 0
9 9 1 15 0
9 9 2 0 0
9 9 2 1 0
9 9 2 2 0
9 9 2 3 0
9 9 2 4 0
9 9 2 5 0
9 9 2 6 0
9 9 2 7 0
9 9 2 8 0
9 9 2 9 0
9 9 2 10 0
9 9 2 11 0
9 9 2 12 0
9 9 2 13 0
9 9 2 14 0
9 9 2 15 0
9 9 3 0 0
9 9 3 1 0
9 9 3 2 0
9 9 3 3 0
9 9 3 4 0
9 9 3 5 0
9 9 3 6 0
9 9 3 7 0
9 9 3 8 0
9 9 3 9 0
9 9 3 10 0
9 9 3 11 0
9 9 3 12 0
9 9 3 13 0
9 9 3 14 0
9 9 3 15 0
9 9 4 0 0
9 9 4 1 0
9 9 4 2 0
9 9 4 3 0
9 9 4 4 0
9 9 4 5 0
9 9 4 6 0
9 9 4 7 0
9 9 4 8 0
9 9 4 9 0
9 9 4 10 0
9 9 4 11 0
9 9 4 12 0
9 9 4 13 0
9 9 4 14 0
9 9 4 15 0
9 9 5 0 0
9 9 5 1 0
9 9 5 2 0
9 9 5 3 0
9 9 5 4 0
9 9 5 5 0
9 9 5 6 0
9 9 5 7 0
9 9 5 8 0
9 9 5 9 0
9 9 5 10 0
9 9 5 11 0
9 9 5 12 0
9 9 5 13 0
9 9 5 14 0
9 9 5 15 0
9 9 6 0 0
9 9 6 1 0
9 9 6 2 0
9 9 6 3 0
9 9 6 4 0
9 9 6 5 0
9 9 6 6 0
9 9 6 7 0
9 9 6 8 0
9 9 6 9 0
9 9 6 10 0
9 9 6 11 0
9 9 6 12 0
9 9 6 13 0
9 9 6 14 0
9 9 6 15 0
9 9 7 0 0
9 9 7 1 0
9 9 7 2 0
9 9 7 3 0
9 9 7 4 0
9 9 7 5 0
9 9 7 6 0
9 9 7 7 0
9 9 7 8 0
9 9 7 9 0
9 9 7 10 0
9 9 7 11 0
9 9 7 12 0
9 9 7 13 0
9 9 7 14 0
9 9 7 15 0
9 9 8 0 0
9 9 8 1 0
9 9 8 2 0
9 9 8 3 0
9 9 8 4 0
9 9 8 5 0
9 9 8 6 0
9 9 8 7 0
9 9 8 8 0
9 9 8 9 0
9 9 8 10 0
9 9 8 11 0
9 9 8 12 0
9 9 8 13 0
9 9 8 14 0
9 9 8 15 0
9 9 9 0 0
9 9 9 1 0
9 9 9 2 0
9 9 9 3 0
9 9 9 4 0
9 9 9 5 0
9 9 9 6 0
9 9 9 7 0
9 9 9 8 0
9 9 9 9 0
9 9 9 10 0
9 9 9 11 0
9 9 9 12 0
9 9 9 13 0
9 9 9 14 0
9 9 9 15 0
9 9 10 0 0
9 9 10 1 0
9 9 10 2 0
9 9 10 3 0
9 9 10 4 0
9 9 10 5 0
9 9 10 6 0
9 9 10 7 0
9 9 10 8 0
9 9 10 9 0
9 9 10 10 0
9 9 10 11 0
9 9 10 12 0
9 9 10 13 0
9 9 10 14 0
9 9 10 15 0
9 9 11 0 0
9 9 11 1 0
9 9 11 2 0
9 9 11 3 0
9 9 11 4 0
9 9 11 5 0
9 9 11 6 0
9 9 11 7 0
9 9 11 8 0
9 9 11 9 0
9 9 11 10 0
9 9 11 11 0
9 9 11 12 0
9 9 11 13 0
9 9 11 14 0
9 9 11 15 0
9 9 12 0 0
9 9 12 1 0
9 9 12 2 0
9 9 12 3 0
9 9 12 4 0
9 9 12 5 0
9 9 12 6 0
9 9 12 7 0
9 9 12 8 0
9 9 12 9 0
9 9 12 10 0
9 9 12 11 0
9 9 12 12 0
9 9 12 13 0
9 9 12 14 0
9 9 12 15 0
9 9 13 0 0
9 9 13 1 0
9 9 13 2 0
9 9 13 3 0
9 9 13 4 0
9 9 13 5 0
9 9 13 6 0
9 9 13 7 0
9 9 13 8 0
9 9 13 9 0
9 9 13 10 0
9 9 13 11 0
9 9 13 12 0
9 9 13 13 0
9 9 13 14 0
9 9 13 15 0
9 9 14 0 0
9 9 14 1 0
9 9 14 2 0
9 9 14 3 0
9 9 14 4 0
9 9 14 5 0
9 9 14 6 0
9 9 14 7 0
9 9 14 8 0
9 9 14 9 0
9 9 14 10 0
9 9 14 11 0
9 9 14 12 0
9 9 14 13 0
9 9 14 14 0
9 9 14 15 0
9 9 15 0 0
9 9 15 1 0
9 9 15 2 0
9 9 15 3 0
9 9 15 4 0
9 9 15 5 0
9 9 15 6 0
9 9 15 7 0
9 9 15 8 0
9 9 15 9 0
9 9 15 10 0
9 9 15 11 0
9 9 15 12 0
9 9 15 13 0
9 9 15 14 0
9 9 15 15 0
9 10 0 0 0
9 10 0 1 0
9 10 0 2 0
9 10 0 3 0
9 10 0 4 0
9 10 0 5 0
9 10 0 6 0
9 10 0 7 0
9 10 0 8 0
9 10 0 9 0
9 10 0 10 0
9 10 0 11 0
9 10 0 12 0
9 10 0 13 0
9 10 0 14 0
9 10 0 15 0
9 10 1 0 0
9 10 1 1 0
9 10 1 2 0
9 10 1 3 0
9 10 1 4 0
9 10 1 5 0
9 10 1 6 0
9 10 1 7 0
9 10 1 8 0
9 10 1 9 0
9 10 1 10 0
9 10 1 11 0
9 10 1 12 0
9 10 1 13 0
9 10 1 14 0
9 10 1 15 0
9 10 2 0 0
9 10 2 1 0
9 10 2 2 0
9 10 2 3 0
9 10 2 4 0
9 10 2 5 0
9 10 2 6 0
9 10 2 7 0
9 10 2 8 0
9 10 2 9 0
9 10 2 10 0
9 10 2 11 0
9 10 2 12 0
9 10 2 13 0
9 10 2 14 0
9 10 2 15 0
9 10 3 0 0
9 10 3 1 0
9 10 3 2 0
9 10 3 3 0
9 10 3 4 0
9 10 3 5 0
9 10 3 6 0
9 10 3 7 0
9 10 3 8 0
9 10 3 9 0
9 10 3 10 0
9 10 3 11 0
9 10 3 12 0
9 10 3 13 0
9 10 3 14 0
9 10 3 15 0
9 10 4 0 0
9 10 4 1 0
9 10 4 2 0
9 10 4 3 0
9 10 4 4 0
9 10 4 5 0
9 10 4 6 0
9 10 4 7 0
9 10 4 8 0
9 10 4 9 0
9 10 4 10 0
9 10 4 11 0
9 10 4 12 0
9 10 4 13 0
9 10 4 14 0
9 10 4 15 0
9 10 5 0 0
9 10 5 1 0
9 10 5 2 0
9 10 5 3 0
9 10 5 4 0
9 10 5 5 0
9 10 5 6 0
9 10 5 7 0
9 10 5 8 0
9 10 5 9 0
9 10 5 10 0
9 10 5 11 0
9 10 5 12 0
9 10 5 13 0
9 10 5 14 0
9 10 5 15 0
9 10 6 0 0
9 10 6 1 0
9 10 6 2 0
9 10 6 3 0
9 10 6 4 0
9 10 6 5 0
9 10 6 6 0
9 10 6 7 0
9 10 6 8 0
9 10 6 9 0
9 10 6 10 0
9 10 6 11 0
9 10 6 12 0
9 10 6 13 0
9 10 6 14 0
9 10 6 15 0
9 10 7 0 0
9 10 7 1 0
9 10 7 2 0
9 10 7 3 0
9 10 7 4 0
9 10 7 5 0
9 10 7 6 0
9 10 7 7 0
9 10 7 8 0
9 10 7 9 0
9 10 7 10 0
9 10 7 11 0
9 10 7 12 0
9 10 7 13 0
9 10 7 14 0
9 10 7 15 0
9 10 8 0 0
9 10 8 1 0
9 10 8 2 0
9 10 8 3 0
9 10 8 4 0
9 10 8 5 0
9 10 8 6 0
9 10 8 7 0
9 10 8 8 0
9 10 8 9 0
9 10 8 10 0
9 10 8 11 0
9 10 8 12 0
9 10 8 13 0
9 10 8 14 0
9 10 8 15 0
9 10 9 0 0
9 10 9 1 0
9 10 9 2 0
9 10 9 3 0
9 10 9 4 0
9 10 9 5 0
9 10 9 6 0
9 10 9 7 0
9 10 9 8 0
9 10 9 9 0
9 10 9 10 0
9 10 9 11 0
9 10 9 12 0
9 10 9 13 0
9 10 9 14 0
9 10 9 15 0
9 10 10 0 0
9 10 10 1 0
9 10 10 2 0
9 10 10 3 0
9 10 10 4 0
9 10 10 5 0
9 10 10 6 0
9 10 10 7 0
9 10 10 8 0
9 10 10 9 0
9 10 10 10 0
9 10 10 11 0
9 10 10 12 0
9 10 10 13 0
9 10 10 14 0
9 10 10 15 0
9 10 11 0 0
9 10 11 1 0
9 10 11 2 0
9 10 11 3 0
9 10 11 4 0
9 10 11 5 0
9 10 11 6 0
9 10 11 7 0
9 10 11 8 0
9 10 11 9 0
9 10 11 10 0
9 10 11 11 0
9 10 11 12 0
9 10 11 13 0
9 10 11 14 0
9 10 11 15 0
9 10 12 0 0
9 10 12 1 0
9 10 12 2 0
9 10 12 3 0
9 10 12 4 0
9 10 12 5 0
9 10 12 6 0
9 10 12 7 0
9 10 12 8 0
9 10 12 9 0
9 10 12 10 0
9 10 12 11 0
9 10 12 12 0
9 10 12 13 0
9 10 12 14 0
9 10 12 15 0
9 10 13 0 0
9 10 13 1 0
9 10 13 2 0
9 10 13 3 0
9 10 13 4 0
9 10 13 5 0
9 10 13 6 0
9 10 13 7 0
9 10 13 8 0
9 10 13 9 0
9 10 13 10 0
9 10 13 11 0
9 10 13 12 0
9 10 13 13 0
9 10 13 14 0
9 10 13 15 0
9 10 14 0 0
9 10 14 1 0
9 10 14 2 0
9 10 14 3 0
9 10 14 4 0
9 10 14 5 0
9 10 14 6 0
9 10 14 7 0
9 10 14 8 0
9 10 14 9 0
9 10 14 10 0
9 10 14 11 0
9 10 14 12 0
9 10 14 13 0
9 10 14 14 0
9 10 14 15 0
9 10 15 0 0
9 10 15 1 0
9 10 15 2 0
9 10 15 3 0
9 10 15 4 0
9 10 15 5 0
9 10 15 6 0
9 10 15 7 0
9 10 15 8 0
9 10 15 9 0
9 10 15 10 0
9 10 15 11 0
9 10 15 12 0
9 10 15 13 0
9 10 15 14 0
9 10 15 15 0
9 11 0 0 0
9 11 0 1 0
9 11 0 2 0
9 11 0 3 0
9 11 0 4 0
9 11 0 5 0
9 11 0 6 0
9 11 0 7 0
9 11 0 8 0
9 11 0 9 0
9 11 0 10 0
9 11 0 11 0
9 11 0 12 0
9 11 0 13 0
9 11 0 14 0
9 11 0 15 0
9 11 1 0 0
9 11 1 1 0
9 11 1 2 0
9 11 1 3 0
9 11 1 4 0
9 11 1 5 0
9 11 1 6 0
9 11 1 7 0
9 11 1 8 0
9 11 1 9 0
9 11 1 10 0
9 11 1 11 0
9 11 1 12 0
9 11 1 13 0
9 11 1 14 0
9 11 1 15 0
9 11 2 0 0
9 11 2 1 0
9 11 2 2 0
9 11 2 3 0
9 11 2 4 0
9 11 2 5 0
9 11 2 6 0
9 11 2 7 0
9 11 2 8 0
9 11 2 9 0
9 11 2 10 0
9 11 2 11 0
9 11 2 12 0
9 11 2 13 0
9 11 2 14 0
9 11 2 15 0
9 11 3 0 0
9 11 3 1 0
9 11 3 2 0
9 11 3 3 0
9 11 3 4 0
9 11 3 5 0
9 11 3 6 0
9 11 3 7 0
9 11 3 8 0
9 11 3 9 0
9 11 3 10 0
9 11 3 11 0
9 11 3 12 0
9 11 3 13 0
9 11 3 14 0
9 11 3 15 0
9 11 4 0 0
9 11 4 1 0
9 11 4 2 0
9 11 4 3 0
9 11 4 4 0
9 11 4 5 0
9 11 4 6 0
9 11 4 7 0
9 11 4 8 0
9 11 4 9 0
9 11 4 10 0
9 11 4 11 0
9 11 4 12 0
9 11 4 13 0
9 11 4 14 0
9 11 4 15 0
9 11 5 0 0
9 11 5 1 0
9 11 5 2 0
9 11 5 3 0
9 11 5 4 0
9 11 5 5 0
9 11 5 6 0
9 11 5 7 0
9 11 5 8 0
9 11 5 9 0
9 11 5 10 0
9 11 5 11 0
9 11 5 12 0
9 11 5 13 0
9 11 5 14 0
9 11 5 15 0
9 11 6 0 0
9 11 6 1 0
9 11 6 2 0
9 11 6 3 0
9 11 6 4 0
9 11 6 5 0
9 11 6 6 0
9 11 6 7 0
9 11 6 8 0
9 11 6 9 0
9 11 6 10 0
9 11 6 11 0
9 11 6 12 0
9 11 6 13 0
9 11 6 14 0
9 11 6 15 0
9 11 7 0 0
9 11 7 1 0
9 11 7 2 0
9 11 7 3 0
9 11 7 4 0
9 11 7 5 0
9 11 7 6 0
9 11 7 7 0
9 11 7 8 0
9 11 7 9 0
9 11 7 10 0
9 11 7 11 0
9 11 7 12 0
9 11 7 13 0
9 11 7 14 0
9 11 7 15 0
9 11 8 0 0
9 11 8 1 0
9 11 8 2 0
9 11 8 3 0
9 11 8 4 0
9 11 8 5 0
9 11 8 6 0
9 11 8 7 0
9 11 8 8 0
9 11 8 9 0
9 11 8 10 0
9 11 8 11 0
9 11 8 12 0
9 11 8 13 0
9 11 8 14 0
9 11 8 15 0
9 11 9 0 0
9 11 9 1 0
9 11 9 2 0
9 11 9 3 0
9 11 9 4 0
9 11 9 5 0
9 11 9 6 0
9 11 9 7 0
9 11 9 8 0
9 11 9 9 0
9 11 9 10 0
9 11 9 11 0
9 11 9 12 0
9 11 9 13 0
9 11 9 14 0
9 11 9 15 0
9 11 10 0 0
9 11 10 1 0
9 11 10 2 0
9 11 10 3 0
9 11 10 4 0
9 11 10 5 0
9 11 10 6 0
9 11 10 7 0
9 11 10 8 0
9 11 10 9 0
9 11 10 10 0
9 11 10 11 0
9 11 10 12 0
9 11 10 13 0
9 11 10 14 0
9 11 10 15 0
9 11 11 0 0
9 11 11 1 0
9 11 11 2 0
9 11 11 3 0
9 11 11 4 0
9 11 11 5 0
9 11 11 6 0
9 11 11 7 0
9 11 11 8 0
9 11 11 9 0
9 11 11 10 0
9 11 11 11 0
9 11 11 12 0
9 11 11 13 0
9 11 11 14 0
9 11 11 15 0
9 11 12 0 0
9 11 12 1 0
9 11 12 2 0
9 11 12 3 0
9 11 12 4 0
9 11 12 5 0
9 11 12 6 0
9 11 12 7 0
9 11 12 8 0
9 11 12 9 0
9 11 12 10 0
9 11 12 11 0
9 11 12 12 0
9 11 12 13 0
9 11 12 14 0
9 11 12 15 0
9 11 13 0 0
9 11 13 1 0
9 11 13 2 0
9 11 13 3 0
9 11 13 4 0
9 11 13 5 0
9 11 13 6 0
9 11 13 7 0
9 11 13 8 0
9 11 13 9 0
9 11 13 10 0
9 11 13 11 0
9 11 13 12 0
9 11 13 13 0
9 11 13 14 0
9 11 13 15 0
9 11 14 0 0
9 11 14 1 0
9 11 14 2 0
9 11 14 3 0
9 11 14 4 0
9 11 14 5 0
9 11 14 6 0
9 11 14 7 0
9 11 14 8 0
9 11 14 9 0
9 11 14 10 0
9 11 14 11 0
9 11 14 12 0
9 11 14 13 0
9 11 14 14 0
9 11 14 15 0
9 11 15 0 0
9 11 15 1 0
9 11 15 2 0
9 11 15 3 0
9 11 15 4 0
9 11 15 5 0
9 11 15 6 0
9 11 15 7 0
9 11 15 8 0
9 11 15 9 0
9 11 15 10 0
9 11 15 11 0
9 11 15 12 0
9 11 15 13 0
9 11 15 14 0
9 11 15 15 0
9 12 0 0 0
9 12 0 1 0
9 12 0 2 0
9 12 0 3 0
9 12 0 4 0
9 12 0 5 0
9 12 0 6 0
9 12 0 7 0
9 12 0 8 0
9 12 0 9 0
9 12 0 10 0
9 12 0 11 0
9 12 0 12 0
9 12 0 13 0
9 12 0 14 0
9 12 0 15 0
9 12 1 0 0
9 12 1 1 0
9 12 1 2 0
9 12 1 3 0
9 12 1 4 0
9 12 1 5 0
9 12 1 6 0
9 12 1 7 0
9 12 1 8 0
9 12 1 9 0
9 12 1 10 0
9 12 1 11 0
9 12 1 12 0
9 12 1 13 0
9 12 1 14 0
9 12 1 15 0
9 12 2 0 0
9 12 2 1 0
9 12 2 2 0
9 12 2 3 0
9 12 2 4 0
9 12 2 5 0
9 12 2 6 0
9 12 2 7 0
9 12 2 8 0
9 12 2 9 0
9 12 2 10 0
9 12 2 11 0
9 12 2 12 0
9 12 2 13 0
9 12 2 14 0
9 12 2 15 0
9 12 3 0 0
9 12 3 1 0
9 12 3 2 0
9 12 3 3 0
9 12 3 4 0
9 12 3 5 0
9 12 3 6 0
9 12 3 7 0
9 12 3 8 0
9 12 3 9 0
9 12 3 10 0
9 12 3 11 0
9 12 3 12 0
9 12 3 13 0
9 12 3 14 0
9 12 3 15 0
9 12 4 0 0
9 12 4 1 0
9 12 4 2 0
9 12 4 3 0
9 12 4 4 0
9 12 4 5 0
9 12 4 6 0
9 12 4 7 0
9 12 4 8 0
9 12 4 9 0
9 12 4 10 0
9 12 4 11 0
9 12 4 12 0
9 12 4 13 0
9 12 4 14 0
9 12 4 15 0
9 12 5 0 0
9 12 5 1 0
9 12 5 2 0
9 12 5 3 0
9 12 5 4 0
9 12 5 5 0
9 12 5 6 0
9 12 5 7 0
9 12 5 8 0
9 12 5 9 0
9 12 5 10 0
9 12 5 11 0
9 12 5 12 0
9 12 5 13 0
9 12 5 14 0
9 12 5 15 0
9 12 6 0 0
9 12 6 1 0
9 12 6 2 0
9 12 6 3 0
9 12 6 4 0
9 12 6 5 0
9 12 6 6 0
9 12 6 7 0
9 12 6 8 0
9 12 6 9 0
9 12 6 10 0
9 12 6 11 0
9 12 6 12 0
9 12 6 13 0
9 12 6 14 0
9 12 6 15 0
9 12 7 0 0
9 12 7 1 0
9 12 7 2 0
9 12 7 3 0
9 12 7 4 0
9 12 7 5 0
9 12 7 6 0
9 12 7 7 0
9 12 7 8 0
9 12 7 9 0
9 12 7 10 0
9 12 7 11 0
9 12 7 12 0
9 12 7 13 0
9 12 7 14 0
9 12 7 15 0
9 12 8 0 0
9 12 8 1 0
9 12 8 2 0
9 12 8 3 0
9 12 8 4 0
9 12 8 5 0
9 12 8 6 0
9 12 8 7 0
9 12 8 8 0
9 12 8 9 0
9 12 8 10 0
9 12 8 11 0
9 12 8 12 0
9 12 8 13 0
9 12 8 14 0
9 12 8 15 0
9 12 9 0 0
9 12 9 1 0
9 12 9 2 0
9 12 9 3 0
9 12 9 4 0
9 12 9 5 0
9 12 9 6 0
9 12 9 7 0
9 12 9 8 0
9 12 9 9 0
9 12 9 10 0
9 12 9 11 0
9 12 9 12 0
9 12 9 13 0
9 12 9 14 0
9 12 9 15 0
9 12 10 0 0
9 12 10 1 0
9 12 10 2 0
9 12 10 3 0
9 12 10 4 0
9 12 10 5 0
9 12 10 6 0
9 12 10 7 0
9 12 10 8 0
9 12 10 9 0
9 12 10 10 0
9 12 10 11 0
9 12 10 12 0
9 12 10 13 0
9 12 10 14 0
9 12 10 15 0
9 12 11 0 0
9 12 11 1 0
9 12 11 2 0
9 12 11 3 0
9 12 11 4 0
9 12 11 5 0
9 12 11 6 0
9 12 11 7 0
9 12 11 8 0
9 12 11 9 0
9 12 11 10 0
9 12 11 11 0
9 12 11 12 0
9 12 11 13 0
9 12 11 14 0
9 12 11 15 0
9 12 12 0 0
9 12 12 1 0
9 12 12 2 0
9 12 12 3 0
9 12 12 4 0
9 12 12 5 0
9 12 12 6 0
9 12 12 7 0
9 12 12 8 0
9 12 12 9 0
9 12 12 10 0
9 12 12 11 0
9 12 12 12 0
9 12 12 13 0
9 12 12 14 0
9 12 12 15 0
9 12 13 0 0
9 12 13 1 0
9 12 13 2 0
9 12 13 3 0
9 12 13 4 0
9 12 13 5 0
9 12 13 6 0
9 12 13 7 0
9 12 13 8 0
9 12 13 9 0
9 12 13 10 0
9 12 13 11 0
9 12 13 12 0
9 12 13 13 0
9 12 13 14 0
9 12 13 15 0
9 12 14 0 0
9 12 14 1 0
9 12 14 2 0
9 12 14 3 0
9 12 14 4 0
9 12 14 5 0
9 12 14 6 0
9 12 14 7 0
9 12 14 8 0
9 12 14 9 0
9 12 14 10 0
9 12 14 11 0
9 12 14 12 0
9 12 14 13 0
9 12 14 14 0
9 12 14 15 0
9 12 15 0 0
9 12 15 1 0
9 12 15 2 0
9 12 15 3 0
9 12 15 4 0
9 12 15 5 0
9 12 15 6 0
9 12 15 7 0
9 12 15 8 0
9 12 15 9 0
9 12 15 10 0
9 12 15 11 0
9 12 15 12 0
9 12 15 13 0
9 12 15 14 0
9 12 15 15 0
9 13 0 0 0
9 13 0 1 0
9 13 0 2 0
9 13 0 3 0
9 13 0 4 0
9 13 0 5 0
9 13 0 6 0
9 13 0 7 0
9 13 0 8 0
9 13 0 9 0
9 13 0 10 0
9 13 0 11 0
9 13 0 12 0
9 13 0 13 0
9 13 0 14 0
9 13 0 15 0
9 13 1 0 0
9 13 1 1 0
9 13 1 2 0
9 13 1 3 0
9 13 1 4 0
9 13 1 5 0
9 13 1 6 0
9 13 1 7 0
9 13 1 8 0
9 13 1 9 0
9 13 1 10 0
9 13 1 11 0
9 13 1 12 0
9 13 1 13 0
9 13 1 14 0
9 13 1 15 0
9 13 2 0 0
9 13 2 1 0
9 13 2 2 0
9 13 2 3 0
9 13 2 4 0
9 13 2 5 0
9 13 2 6 0
9 13 2 7 0
9 13 2 8 0
9 13 2 9 0
9 13 2 10 0
9 13 2 11 0
9 13 2 12 0
9 13 2 13 0
9 13 2 14 0
9 13 2 15 0
9 13 3 0 0
9 13 3 1 0
9 13 3 2 0
9 13 3 3 0
9 13 3 4 0
9 13 3 5 0
9 13 3 6 0
9 13 3 7 0
9 13 3 8 0
9 13 3 9 0
9 13 3 10 0
9 13 3 11 0
9 13 3 12 0
9 13 3 13 0
9 13 3 14 0
9 13 3 15 0
9 13 4 0 0
9 13 4 1 0
9 13 4 2 0
9 13 4 3 0
9 13 4 4 0
9 13 4 5 0
9 13 4 6 0
9 13 4 7 0
9 13 4 8 0
9 13 4 9 0
9 13 4 10 0
9 13 4 11 0
9 13 4 12 0
9 13 4 13 0
9 13 4 14 0
9 13 4 15 0
9 13 5 0 0
9 13 5 1 0
9 13 5 2 0
9 13 5 3 0
9 13 5 4 0
9 13 5 5 0
9 13 5 6 0
9 13 5 7 0
9 13 5 8 0
9 13 5 9 0
9 13 5 10 0
9 13 5 11 0
9 13 5 12 0
9 13 5 13 0
9 13 5 14 0
9 13 5 15 0
9 13 6 0 0
9 13 6 1 0
9 13 6 2 0
9 13 6 3 0
9 13 6 4 0
9 13 6 5 0
9 13 6 6 0
9 13 6 7 0
9 13 6 8 0
9 13 6 9 0
9 13 6 10 0
9 13 6 11 0
9 13 6 12 0
9 13 6 13 0
9 13 6 14 0
9 13 6 15 0
9 13 7 0 0
9 13 7 1 0
9 13 7 2 0
9 13 7 3 0
9 13 7 4 0
9 13 7 5 0
9 13 7 6 0
9 13 7 7 0
9 13 7 8 0
9 13 7 9 0
9 13 7 10 0
9 13 7 11 0
9 13 7 12 0
9 13 7 13 0
9 13 7 14 0
9 13 7 15 0
9 13 8 0 0
9 13 8 1 0
9 13 8 2 0
9 13 8 3 0
9 13 8 4 0
9 13 8 5 0
9 13 8 6 0
9 13 8 7 0
9 13 8 8 0
9 13 8 9 0
9 13 8 10 0
9 13 8 11 0
9 13 8 12 0
9 13 8 13 0
9 13 8 14 0
9 13 8 15 0
9 13 9 0 0
9 13 9 1 0
9 13 9 2 0
9 13 9 3 0
9 13 9 4 0
9 13 9 5 0
9 13 9 6 0
9 13 9 7 0
9 13 9 8 0
9 13 9 9 0
9 13 9 10 0
9 13 9 11 0
9 13 9 12 0
9 13 9 13 0
9 13 9 14 0
9 13 9 15 0
9 13 10 0 0
9 13 10 1 0
9 13 10 2 0
9 13 10 3 0
9 13 10 4 0
9 13 10 5 0
9 13 10 6 0
9 13 10 7 0
9 13 10 8 0
9 13 10 9 0
9 13 10 10 0
9 13 10 11 0
9 13 10 12 0
9 13 10 13 0
9 13 10 14 0
9 13 10 15 0
9 13 11 0 0
9 13 11 1 0
9 13 11 2 0
9 13 11 3 0
9 13 11 4 0
9 13 11 5 0
9 13 11 6 0
9 13 11 7 0
9 13 11 8 0
9 13 11 9 0
9 13 11 10 0
9 13 11 11 0
9 13 11 12 0
9 13 11 13 0
9 13 11 14 0
9 13 11 15 0
9 13 12 0 0
9 13 12 1 0
9 13 12 2 0
9 13 12 3 0
9 13 12 4 0
9 13 12 5 0
9 13 12 6 0
9 13 12 7 0
9 13 12 8 0
9 13 12 9 0
9 13 12 10 0
9 13 12 11 0
9 13 12 12 0
9 13 12 13 0
9 13 12 14 0
9 13 12 15 0
9 13 13 0 0
9 13 13 1 0
9 13 13 2 0
9 13 13 3 0
9 13 13 4 0
9 13 13 5 0
9 13 13 6 0
9 13 13 7 0
9 13 13 8 0
9 13 13 9 0
9 13 13 10 0
9 13 13 11 0
9 13 13 12 0
9 13 13 13 0
9 13 13 14 0
9 13 13 15 0
9 13 14 0 0
9 13 14 1 0
9 13 14 2 0
9 13 14 3 0
9 13 14 4 0
9 13 14 5 0
9 13 14 6 0
9 13 14 7 0
9 13 14 8 0
9 13 14 9 0
9 13 14 10 0
9 13 14 11 0
9 13 14 12 0
9 13 14 13 0
9 13 14 14 0
9 13 14 15 0
9 13 15 0 0
9 13 15 1 0
9 13 15 2 0
9 13 15 3 0
9 13 15 4 0
9 13 15 5 0
9 13 15 6 0
9 13 15 7 0
9 13 15 8 0
9 13 15 9 0
9 13 15 10 0
9 13 15 11 0
9 13 15 12 0
9 13 15 13 0
9 13 15 14 0
9 13 15 15 0
9 14 0 0 0
9 14 0 1 0
9 14 0 2 0
9 14 0 3 0
9 14 0 4 0
9 14 0 5 0
9 14 0 6 0
9 14 0 7 0
9 14 0 8 0
9 14 0 9 0
9 14 0 10 0
9 14 0 11 0
9 14 0 12 0
9 14 0 13 0
9 14 0 14 0
9 14 0 15 0
9 14 1 0 0
9 14 1 1 0
9 14 1 2 0
9 14 1 3 0
9 14 1 4 0
9 14 1 5 0
9 14 1 6 0
9 14 1 7 0
9 14 1 8 0
9 14 1 9 0
9 14 1 10 0
9 14 1 11 0
9 14 1 12 0
9 14 1 13 0
9 14 1 14 0
9 14 1 15 0
9 14 2 0 0
9 14 2 1 0
9 14 2 2 0
9 14 2 3 0
9 14 2 4 0
9 14 2 5 0
9 14 2 6 0
9 14 2 7 0
9 14 2 8 0
9 14 2 9 0
9 14 2 10 0
9 14 2 11 0
9 14 2 12 0
9 14 2 13 0
9 14 2 14 0
9 14 2 15 0
9 14 3 0 0
9 14 3 1 0
9 14 3 2 0
9 14 3 3 0
9 14 3 4 0
9 14 3 5 0
9 14 3 6 0
9 14 3 7 0
9 14 3 8 0
9 14 3 9 0
9 14 3 10 0
9 14 3 11 0
9 14 3 12 0
9 14 3 13 0
9 14 3 14 0
9 14 3 15 0
9 14 4 0 0
9 14 4 1 0
9 14 4 2 0
9 14 4 3 0
9 14 4 4 0
9 14 4 5 0
9 14 4 6 0
9 14 4 7 0
9 14 4 8 0
9 14 4 9 0
9 14 4 10 0
9 14 4 11 0
9 14 4 12 0
9 14 4 13 0
9 14 4 14 0
9 14 4 15 0
9 14 5 0 0
9 14 5 1 0
9 14 5 2 0
9 14 5 3 0
9 14 5 4 0
9 14 5 5 0
9 14 5 6 0
9 14 5 7 0
9 14 5 8 0
9 14 5 9 0
9 14 5 10 0
9 14 5 11 0
9 14 5 12 0
9 14 5 13 0
9 14 5 14 0
9 14 5 15 0
9 14 6 0 0
9 14 6 1 0
9 14 6 2 0
9 14 6 3 0
9 14 6 4 0
9 14 6 5 0
9 14 6 6 0
9 14 6 7 0
9 14 6 8 0
9 14 6 9 0
9 14 6 10 0
9 14 6 11 0
9 14 6 12 0
9 14 6 13 0
9 14 6 14 0
9 14 6 15 0
9 14 7 0 0
9 14 7 1 0
9 14 7 2 0
9 14 7 3 0
9 14 7 4 0
9 14 7 5 0
9 14 7 6 0
9 14 7 7 0
9 14 7 8 0
9 14 7 9 0
9 14 7 10 0
9 14 7 11 0
9 14 7 12 0
9 14 7 13 0
9 14 7 14 0
9 14 7 15 0
9 14 8 0 0
9 14 8 1 0
9 14 8 2 0
9 14 8 3 0
9 14 8 4 0
9 14 8 5 0
9 14 8 6 0
9 14 8 7 0
9 14 8 8 0
9 14 8 9 0
9 14 8 10 0
9 14 8 11 0
9 14 8 12 0
9 14 8 13 0
9 14 8 14 0
9 14 8 15 0
9 14 9 0 0
9 14 9 1 0
9 14 9 2 0
9 14 9 3 0
9 14 9 4 0
9 14 9 5 0
9 14 9 6 0
9 14 9 7 0
9 14 9 8 0
9 14 9 9 0
9 14 9 10 0
9 14 9 11 0
9 14 9 12 0
9 14 9 13 0
9 14 9 14 0
9 14 9 15 0
9 14 10 0 0
9 14 10 1 0
9 14 10 2 0
9 14 10 3 0
9 14 10 4 0
9 14 10 5 0
9 14 10 6 0
9 14 10 7 0
9 14 10 8 0
9 14 10 9 0
9 14 10 10 0
9 14 10 11 0
9 14 10 12 0
9 14 10 13 0
9 14 10 14 0
9 14 10 15 0
9 14 11 0 0
9 14 11 1 0
9 14 11 2 0
9 14 11 3 0
9 14 11 4 0
9 14 11 5 0
9 14 11 6 0
9 14 11 7 0
9 14 11 8 0
9 14 11 9 0
9 14 11 10 0
9 14 11 11 0
9 14 11 12 0
9 14 11 13 0
9 14 11 14 0
9 14 11 15 0
9 14 12 0 0
9 14 12 1 0
9 14 12 2 0
9 14 12 3 0
9 14 12 4 0
9 14 12 5 0
9 14 12 6 0
9 14 12 7 0
9 14 12 8 0
9 14 12 9 0
9 14 12 10 0
9 14 12 11 0
9 14 12 12 0
9 14 12 13 0
9 14 12 14 0
9 14 12 15 0
9 14 13 0 0
9 14 13 1 0
9 14 13 2 0
9 14 13 3 0
9 14 13 4 0
9 14 13 5 0
9 14 13 6 0
9 14 13 7 0
9 14 13 8 0
9 14 13 9 0
9 14 13 10 0
9 14 13 11 0
9 14 13 12 0
9 14 13 13 0
9 14 13 14 0
9 14 13 15 0
9 14 14 0 0
9 14 14 1 0
9 14 14 2 0
9 14 14 3 0
9 14 14 4 0
9 14 14 5 0
9 14 14 6 0
9 14 14 7 0
9 14 14 8 0
9 14 14 9 0
9 14 14 10 0
9 14 14 11 0
9 14 14 12 0
9 14 14 13 0
9 14 14 14 0
9 14 14 15 0
9 14 15 0 0
9 14 15 1 0
9 14 15 2 0
9 14 15 3 0
9 14 15 4 0
9 14 15 5 0
9 14 15 6 0
9 14 15 7 0
9 14 15 8 0
9 14 15 9 0
9 14 15 10 0
9 14 15 11 0
9 14 15 12 0
9 14 15 13 0
9 14 15 14 0
9 14 15 15 0
9 15 0 0 0
9 15 0 1 0
9 15 0 2 0
9 15 0 3 0
9 15 0 4 0
9 15 0 5 0
9 15 0 6 0
9 15 0 7 0
9 15 0 8 0
9 15 0 9 0
9 15 0 10 0
9 15 0 11 0
9 15 0 12 0
9 15 0 13 0
9 15 0 14 0
9 15 0 15 0
9 15 1 0 0
9 15 1 1 0
9 15 1 2 0
9 15 1 3 0
9 15 1 4 0
9 15 1 5 0
9 15 1 6 0
9 15 1 7 0
9 15 1 8 0
9 15 1 9 0
9 15 1 10 0
9 15 1 11 0
9 15 1 12 0
9 15 1 13 0
9 15 1 14 0
9 15 1 15 0
9 15 2 0 0
9 15 2 1 0
9 15 2 2 0
9 15 2 3 0
9 15 2 4 0
9 15 2 5 0
9 15 2 6 0
9 15 2 7 0
9 15 2 8 0
9 15 2 9 0
9 15 2 10 0
9 15 2 11 0
9 15 2 12 0
9 15 2 13 0
9 15 2 14 0
9 15 2 15 0
9 15 3 0 0
9 15 3 1 0
9 15 3 2 0
9 15 3 3 0
9 15 3 4 0
9 15 3 5 0
9 15 3 6 0
9 15 3 7 0
9 15 3 8 0
9 15 3 9 0
9 15 3 10 0
9 15 3 11 0
9 15 3 12 0
9 15 3 13 0
9 15 3 14 0
9 15 3 15 0
9 15 4 0 0
9 15 4 1 0
9 15 4 2 0
9 15 4 3 0
9 15 4 4 0
9 15 4 5 0
9 15 4 6 0
9 15 4 7 0
9 15 4 8 0
9 15 4 9 0
9 15 4 10 0
9 15 4 11 0
9 15 4 12 0
9 15 4 13 0
9 15 4 14 0
9 15 4 15 0
9 15 5 0 0
9 15 5 1 0
9 15 5 2 0
9 15 5 3 0
9 15 5 4 0
9 15 5 5 0
9 15 5 6 0
9 15 5 7 0
9 15 5 8 0
9 15 5 9 0
9 15 5 10 0
9 15 5 11 0
9 15 5 12 0
9 15 5 13 0
9 15 5 14 0
9 15 5 15 0
9 15 6 0 0
9 15 6 1 0
9 15 6 2 0
9 15 6 3 0
9 15 6 4 0
9 15 6 5 0
9 15 6 6 0
9 15 6 7 0
9 15 6 8 0
9 15 6 9 0
9 15 6 10 0
9 15 6 11 0
9 15 6 12 0
9 15 6 13 0
9 15 6 14 0
9 15 6 15 0
9 15 7 0 0
9 15 7 1 0
9 15 7 2 0
9 15 7 3 0
9 15 7 4 0
9 15 7 5 0
9 15 7 6 0
9 15 7 7 0
9 15 7 8 0
9 15 7 9 0
9 15 7 10 0
9 15 7 11 0
9 15 7 12 0
9 15 7 13 0
9 15 7 14 0
9 15 7 15 0
9 15 8 0 0
9 15 8 1 0
9 15 8 2 0
9 15 8 3 0
9 15 8 4 0
9 15 8 5 0
9 15 8 6 0
9 15 8 7 0
9 15 8 8 0
9 15 8 9 0
9 15 8 10 0
9 15 8 11 0
9 15 8 12 0
9 15 8 13 0
9 15 8 14 0
9 15 8 15 0
9 15 9 0 0
9 15 9 1 0
9 15 9 2 0
9 15 9 3 0
9 15 9 4 0
9 15 9 5 0
9 15 9 6 0
9 15 9 7 0
9 15 9 8 0
9 15 9 9 0
9 15 9 10 0
9 15 9 11 0
9 15 9 12 0
9 15 9 13 0
9 15 9 14 0
9 15 9 15 0
9 15 10 0 0
9 15 10 1 0
9 15 10 2 0
9 15 10 3 0
9 15 10 4 0
9 15 10 5 0
9 15 10 6 0
9 15 10 7 0
9 15 10 8 0
9 15 10 9 0
9 15 10 10 0
9 15 10 11 0
9 15 10 12 0
9 15 10 13 0
9 15 10 14 0
9 15 10 15 0
9 15 11 0 0
9 15 11 1 0
9 15 11 2 0
9 15 11 3 0
9 15 11 4 0
9 15 11 5 0
9 15 11 6 0
9 15 11 7 0
9 15 11 8 0
9 15 11 9 0
9 15 11 10 0
9 15 11 11 0
9 15 11 12 0
9 15 11 13 0
9 15 11 14 0
9 15 11 15 0
9 15 12 0 0
9 15 12 1 0
9 15 12 2 0
9 15 12 3 0
9 15 12 4 0
9 15 12 5 0
9 15 12 6 0
9 15 12 7 0
9 15 12 8 0
9 15 12 9 0
9 15 12 10 0
9 15 12 11 0
9 15 12 12 0
9 15 12 13 0
9 15 12 14 0
9 15 12 15 0
9 15 13 0 0
9 15 13 1 0
9 15 13 2 0
9 15 13 3 0
9 15 13 4 0
9 15 13 5 0
9 15 13 6 0
9 15 13 7 0
9 15 13 8 0
9 15 13 9 0
9 15 13 10 0
9 15 13 11 0
9 15 13 12 0
9 15 13 13 0
9 15 13 14 0
9 15 13 15 0
9 15 14 0 0
9 15 14 1 0
9 15 14 2 0
9 15 14 3 0
9 15 14 4 0
9 15 14 5 0
9 15 14 6 0
9 15 14 7 0
9 15 14 8 0
9 15 14 9 0
9 15 14 10 0
9 15 14 11 0
9 15 14 12 0
9 15 14 13 0
9 15 14 14 0
9 15 14 15 0
9 15 15 0 0
9 15 15 1 0
9 15 15 2 0
9 15 15 3 0
9 15 15 4 0
9 15 15 5 0
9 15 15 6 0
9 15 15 7 0
9 15 15 8 0
9 15 15 9 0
9 15 15 10 0
9 15 15 11 0
9 15 15 12 0
9 15 15 13 0
9 15 15 14 0
9 15 15 15 0
10 0 0 0 0
10 0 0 1 0
10 0 0 2 0
10 0 0 3 0
10 0 0 4 0
10 0 0 5 0
10 0 0 6 0
10 0 0 7 0
10 0 0 8 0
10 0 0 9 0
10 0 0 10 0
10 0 0 11 0
10 0 0 12 0
10 0 0 13 0
10 0 0 14 0
10 0 0 15 0
10 0 1 0 0
10 0 1 1 0
10 0 1 2 0
10 0 1 3 0
10 0 1 4 0
10 0 1 5 0
10 0 1 6 0
10 0 1 7 0
10 0 1 8 0
10 0 1 9 0
10 0 1 10 0
10 0 1 11 0
10 0 1 12 0
10 0 1 13 0
10 0 1 14 0
10 0 1 15 0
10 0 2 0 0
10 0 2 1 0
10 0 2 2 0
10 0 2 3 0
10 0 2 4 0
10 0 2 5 0
10 0 2 6 0
10 0 2 7 0
10 0 2 8 0
10 0 2 9 0
10 0 2 10 0
10 0 2 11 0
10 0 2 12 0
10 0 2 13 0
10 0 2 14 0
10 0 2 15 0
10 0 3 0 0
10 0 3 1 0
10 0 3 2 0
10 0 3 3 0
10 0 3 4 0
10 0 3 5 0
10 0 3 6 0
10 0 3 7 0
10 0 3 8 0
10 0 3 9 0
10 0 3 10 0
10 0 3 11 0
10 0 3 12 0
10 0 3 13 0
10 0 3 14 0
10 0 3 15 0
10 0 4 0 0
10 0 4 1 0
10 0 4 2 0
10 0 4 3 0
10 0 4 4 0
10 0 4 5 0
10 0 4 6 0
10 0 4 7 0
10 0 4 8 0
10 0 4 9 0
10 0 4 10 0
10 0 4 11 0
10 0 4 12 0
10 0 4 13 0
10 0 4 14 0
10 0 4 15 0
10 0 5 0 0
10 0 5 1 0
10 0 5 2 0
10 0 5 3 0
10 0 5 4 0
10 0 5 5 0
10 0 5 6 0
10 0 5 7 0
10 0 5 8 0
10 0 5 9 0
10 0 5 10 0
10 0 5 11 0
10 0 5 12 0
10 0 5 13 0
10 0 5 14 0
10 0 5 15 0
10 0 6 0 0
10 0 6 1 0
10 0 6 2 0
10 0 6 3 0
10 0 6 4 0
10 0 6 5 0
10 0 6 6 0
10 0 6 7 0
10 0 6 8 0
10 0 6 9 0
10 0 6 10 0
10 0 6 11 0
10 0 6 12 0
10 0 6 13 0
10 0 6 14 0
10 0 6 15 0
10 0 7 0 0
10 0 7 1 0
10 0 7 2 0
10 0 7 3 0
10 0 7 4 0
10 0 7 5 0
10 0 7 6 0
10 0 7 7 0
10 0 7 8 0
10 0 7 9 0
10 0 7 10 0
10 0 7 11 0
10 0 7 12 0
10 0 7 13 0
10 0 7 14 0
10 0 7 15 0
10 0 8 0 0
10 0 8 1 0
10 0 8 2 0
10 0 8 3 0
10 0 8 4 0
10 0 8 5 0
10 0 8 6 0
10 0 8 7 0
10 0 8 8 0
10 0 8 9 0
10 0 8 10 0
10 0 8 11 0
10 0 8 12 0
10 0 8 13 0
10 0 8 14 0
10 0 8 15 0
10 0 9 0 0
10 0 9 1 0
10 0 9 2 0
10 0 9 3 0
10 0 9 4 0
10 0 9 5 0
10 0 9 6 0
10 0 9 7 0
10 0 9 8 0
10 0 9 9 0
10 0 9 10 0
10 0 9 11 0
10 0 9 12 0
10 0 9 13 0
10 0 9 14 0
10 0 9 15 0
10 0 10 0 0
10 0 10 1 0
10 0 10 2 0
10 0 10 3 0
10 0 10 4 0
10 0 10 5 0
10 0 10 6 0
10 0 10 7 0
10 0 10 8 0
10 0 10 9 0
10 0 10 10 0
10 0 10 11 0
10 0 10 12 0
10 0 10 13 0
10 0 10 14 0
10 0 10 15 0
10 0 11 0 0
10 0 11 1 0
10 0 11 2 0
10 0 11 3 0
10 0 11 4 0
10 0 11 5 0
10 0 11 6 0
10 0 11 7 0
10 0 11 8 0
10 0 11 9 0
10 0 11 10 0
10 0 11 11 0
10 0 11 12 0
10 0 11 13 0
10 0 11 14 0
10 0 11 15 0
10 0 12 0 0
10 0 12 1 0
10 0 12 2 0
10 0 12 3 0
10 0 12 4 0
10 0 12 5 0
10 0 12 6 0
10 0 12 7 0
10 0 12 8 0
10 0 12 9 0
10 0 12 10 0
10 0 12 11 0
10 0 12 12 0
10 0 12 13 0
10 0 12 14 0
10 0 12 15 0
10 0 13 0 0
10 0 13 1 0
10 0 13 2 0
10 0 13 3 0
10 0 13 4 0
10 0 13 5 0
10 0 13 6 0
10 0 13 7 0
10 0 13 8 0
10 0 13 9 0
10 0 13 10 0
10 0 13 11 0
10 0 13 12 0
10 0 13 13 0
10 0 13 14 0
10 0 13 15 0
10 0 14 0 0
10 0 14 1 0
10 0 14 2 0
10 0 14 3 0
10 0 14 4 0
10 0 14 5 0
10 0 14 6 0
10 0 14 7 0
10 0 14 8 0
10 0 14 9 0
10 0 14 10 0
10 0 14 11 0
10 0 14 12 0
10 0 14 13 0
10 0 14 14 0
10 0 14 15 0
10 0 15 0 0
10 0 15 1 0
10 0 15 2 0
10 0 15 3 0
10 0 15 4 0
10 0 15 5 0
10 0 15 6 0
10 0 15 7 0
10 0 15 8 0
10 0 15 9 0
10 0 15 10 0
10 0 15 11 0
10 0 15 12 0
10 0 15 13 0
10 0 15 14 0
10 0 15 15 0
10 1 0 0 0
10 1 0 1 0
10 1 0 2 0
10 1 0 3 0
10 1 0 4 0
10 1 0 5 0
10 1 0 6 0
10 1 0 7 0
10 1 0 8 0
10 1 0 9 0
10 1 0 10 0
10 1 0 11 0
10 1 0 12 0
10 1 0 13 0
10 1 0 14 0
10 1 0 15 0
10 1 1 0 0
10 1 1 1 0
10 1 1 2 0
10 1 1 3 0
10 1 1 4 0
10 1 1 5 0
10 1 1 6 0
10 1 1 7 0
10 1 1 8 0
10 1 1 9 0
10 1 1 10 0
10 1 1 11 0
10 1 1 12 0
10 1 1 13 0
10 1 1 14 0
10 1 1 15 0
10 1 2 0 0
10 1 2 1 0
10 1 2 2 0
10 1 2 3 0
10 1 2 4 0
10 1 2 5 0
10 1 2 6 0
10 1 2 7 0
10 1 2 8 0
10 1 2 9 0
10 1 2 10 0
10 1 2 11 0
10 1 2 12 0
10 1 2 13 0
10 1 2 14 0
10 1 2 15 0
10 1 3 0 0
10 1 3 1 0
10 1 3 2 0
10 1 3 3 0
10 1 3 4 0
10 1 3 5 0
10 1 3 6 0
10 1 3 7 0
10 1 3 8 0
10 1 3 9 0
10 1 3 10 0
10 1 3 11 0
10 1 3 12 0
10 1 3 13 0
10 1 3 14 0
10 1 3 15 0
10 1 4 0 0
10 1 4 1 0
10 1 4 2 0
10 1 4 3 0
10 1 4 4 0
10 1 4 5 0
10 1 4 6 0
10 1 4 7 0
10 1 4 8 0
10 1 4 9 0
10 1 4 10 0
10 1 4 11 0
10 1 4 12 0
10 1 4 13 0
10 1 4 14 0
10 1 4 15 0
10 1 5 0 0
10 1 5 1 0
10 1 5 2 0
10 1 5 3 0
10 1 5 4 0
10 1 5 5 0
10 1 5 6 0
10 1 5 7 0
10 1 5 8 0
10 1 5 9 0
10 1 5 10 0
10 1 5 11 0
10 1 5 12 0
10 1 5 13 0
10 1 5 14 0
10 1 5 15 0
10 1 6 0 0
10 1 6 1 0
10 1 6 2 0
10 1 6 3 0
10 1 6 4 0
10 1 6 5 0
10 1 6 6 0
10 1 6 7 0
10 1 6 8 0
10 1 6 9 0
10 1 6 10 0
10 1 6 11 0
10 1 6 12 0
10 1 6 13 0
10 1 6 14 0
10 1 6 15 0
10 1 7 0 0
10 1 7 1 0
10 1 7 2 0
10 1 7 3 0
10 1 7 4 0
10 1 7 5 0
10 1 7 6 0
10 1 7 7 0
10 1 7 8 0
10 1 7 9 0
10 1 7 10 0
10 1 7 11 0
10 1 7 12 0
10 1 7 13 0
10 1 7 14 0
10 1 7 15 0
10 1 8 0 0
10 1 8 1 0
10 1 8 2 0
10 1 8 3 0
10 1 8 4 0
10 1 8 5 0
10 1 8 6 0
10 1 8 7 0
10 1 8 8 0
10 1 8 9 0
10 1 8 10 0
10 1 8 11 0
10 1 8 12 0
10 1 8 13 0
10 1 8 14 0
10 1 8 15 0
10 1 9 0 0
10 1 9 1 0
10 1 9 2 0
10 1 9 3 0
10 1 9 4 0
10 1 9 5 0
10 1 9 6 0
10 1 9 7 0
10 1 9 8 0
10 1 9 9 0
10 1 9 10 0
10 1 9 11 0
10 1 9 12 0
10 1 9 13 0
10 1 9 14 0
10 1 9 15 0
10 1 10 0 0
10 1 10 1 0
10 1 10 2 0
10 1 10 3 0
10 1 10 4 0
10 1 10 5 0
10 1 10 6 0
10 1 10 7 0
10 1 10 8 0
10 1 10 9 0
10 1 10 10 0
10 1 10 11 0
10 1 10 12 0
10 1 10 13 0
10 1 10 14 0
10 1 10 15 0
10 1 11 0 0
10 1 11 1 0
10 1 11 2 0
10 1 11 3 0
10 1 11 4 0
10 1 11 5 0
10 1 11 6 0
10 1 11 7 0
10 1 11 8 0
10 1 11 9 0
10 1 11 10 0
10 1 11 11 0
10 1 11 12 0
10 1 11 13 0
10 1 11 14 0
10 1 11 15 0
10 1 12 0 0
10 1 12 1 0
10 1 12 2 0
10 1 12 3 0
10 1 12 4 0
10 1 12 5 0
10 1 12 6 0
10 1 12 7 0
10 1 12 8 0
10 1 12 9 0
10 1 12 10 0
10 1 12 11 0
10 1 12 12 0
10 1 12 13 0
10 1 12 14 0
10 1 12 15 0
10 1 13 0 0
10 1 13 1 0
10 1 13 2 0
10 1 13 3 0
10 1 13 4 0
10 1 13 5 0
10 1 13 6 0
10 1 13 7 0
10 1 13 8 0
10 1 13 9 0
10 1 13 10 0
10 1 13 11 0
10 1 13 12 0
10 1 13 13 0
10 1 13 14 0
10 1 13 15 0
10 1 14 0 0
10 1 14 1 0
10 1 14 2 0
10 1 14 3 0
10 1 14 4 0
10 1 14 5 0
10 1 14 6 0
10 1 14 7 0
10 1 14 8 0
10 1 14 9 0
10 1 14 10 0
10 1 14 11 0
10 1 14 12 0
10 1 14 13 0
10 1 14 14 0
10 1 14 15 0
10 1 15 0 0
10 1 15 1 0
10 1 15 2 0
10 1 15 3 0
10 1 15 4 0
10 1 15 5 0
10 1 15 6 0
10 1 15 7 0
10 1 15 8 0
10 1 15 9 0
10 1 15 10 0
10 1 15 11 0
10 1 15 12 0
10 1 15 13 0
10 1 15 14 0
10 1 15 15 0
10 2 0 0 0
10 2 0 1 0
10 2 0 2 0
10 2 0 3 0
10 2 0 4 0
10 2 0 5 0
10 2 0 6 0
10 2 0 7 0
10 2 0 8 0
10 2 0 9 0
10 2 0 10 0
10 2 0 11 0
10 2 0 12 0
10 2 0 13 0
10 2 0 14 0
10 2 0 15 0
10 2 1 0 0
10 2 1 1 0
10 2 1 2 0
10 2 1 3 0
10 2 1 4 0
10 2 1 5 0
10 2 1 6 0
10 2 1 7 0
10 2 1 8 0
10 2 1 9 0
10 2 1 10 0
10 2 1 11 0
10 2 1 12 0
10 2 1 13 0
10 2 1 14 0
10 2 1 15 0
10 2 2 0 0
10 2 2 1 0
10 2 2 2 0
10 2 2 3 0
10 2 2 4 0
10 2 2 5 0
10 2 2 6 0
10 2 2 7 0
10 2 2 8 0
10 2 2 9 0
10 2 2 10 0
10 2 2 11 0
10 2 2 12 0
10 2 2 13 0
10 2 2 14 0
10 2 2 15 0
10 2 3 0 0
10 2 3 1 0
10 2 3 2 0
10 2 3 3 0
10 2 3 4 0
10 2 3 5 0
10 2 3 6 0
10 2 3 7 0
10 2 3 8 0
10 2 3 9 0
10 2 3 10 0
10 2 3 11 0
10 2 3 12 0
10 2 3 13 0
10 2 3 14 0
10 2 3 15 0
10 2 4 0 0
10 2 4 1 0
10 2 4 2 0
10 2 4 3 0
10 2 4 4 0
10 2 4 5 0
10 2 4 6 0
10 2 4 7 0
10 2 4 8 0
10 2 4 9 0
10 2 4 10 0
10 2 4 11 0
10 2 4 12 0
10 2 4 13 0
10 2 4 14 0
10 2 4 15 0
10 2 5 0 0
10 2 5 1 0
10 2 5 2 0
10 2 5 3 0
10 2 5 4 0
10 2 5 5 0
10 2 5 6 0
10 2 5 7 0
10 2 5 8 0
10 2 5 9 0
10 2 5 10 0
10 2 5 11 0
10 2 5 12 0
10 2 5 13 0
10 2 5 14 0
10 2 5 15 0
10 2 6 0 0
10 2 6 1 0
10 2 6 2 0
10 2 6 3 0
10 2 6 4 0
10 2 6 5 0
10 2 6 6 0
10 2 6 7 0
10 2 6 8 0
10 2 6 9 0
10 2 6 10 0
10 2 6 11 0
10 2 6 12 0
10 2 6 13 0
10 2 6 14 0
10 2 6 15 0
10 2 7 0 0
10 2 7 1 0
10 2 7 2 0
10 2 7 3 0
10 2 7 4 0
10 2 7 5 0
10 2 7 6 0
10 2 7 7 0
10 2 7 8 0
10 2 7 9 0
10 2 7 10 0
10 2 7 11 0
10 2 7 12 0
10 2 7 13 0
10 2 7 14 0
10 2 7 15 0
10 2 8 0 0
10 2 8 1 0
10 2 8 2 0
10 2 8 3 0
10 2 8 4 0
10 2 8 5 0
10 2 8 6 0
10 2 8 7 0
10 2 8 8 0
10 2 8 9 0
10 2 8 10 0
10 2 8 11 0
10 2 8 12 0
10 2 8 13 0
10 2 8 14 0
10 2 8 15 0
10 2 9 0 0
10 2 9 1 0
10 2 9 2 0
10 2 9 3 0
10 2 9 4 0
10 2 9 5 0
10 2 9 6 0
10 2 9 7 0
10 2 9 8 0
10 2 9 9 0
10 2 9 10 0
10 2 9 11 0
10 2 9 12 0
10 2 9 13 0
10 2 9 14 0
10 2 9 15 0
10 2 10 0 0
10 2 10 1 0
10 2 10 2 0
10 2 10 3 0
10 2 10 4 0
10 2 10 5 0
10 2 10 6 0
10 2 10 7 0
10 2 10 8 0
10 2 10 9 0
10 2 10 10 0
10 2 10 11 0
10 2 10 12 0
10 2 10 13 0
10 2 10 14 0
10 2 10 15 0
10 2 11 0 0
10 2 11 1 0
10 2 11 2 0
10 2 11 3 0
10 2 11 4 0
10 2 11 5 0
10 2 11 6 0
10 2 11 7 0
10 2 11 8 0
10 2 11 9 0
10 2 11 10 0
10 2 11 11 0
10 2 11 12 0
10 2 11 13 0
10 2 11 14 0
10 2 11 15 0
10 2 12 0 0
10 2 12 1 0
10 2 12 2 0
10 2 12 3 0
10 2 12 4 0
10 2 12 5 0
10 2 12 6 0
10 2 12 7 0
10 2 12 8 0
10 2 12 9 0
10 2 12 10 0
10 2 12 11 0
10 2 12 12 0
10 2 12 13 0
10 2 12 14 0
10 2 12 15 0
10 2 13 0 0
10 2 13 1 0
10 2 13 2 0
10 2 13 3 0
10 2 13 4 0
10 2 13 5 0
10 2 13 6 0
10 2 13 7 0
10 2 13 8 0
10 2 13 9 0
10 2 13 10 0
10 2 13 11 0
10 2 13 12 0
10 2 13 13 0
10 2 13 14 0
10 2 13 15 0
10 2 14 0 0
10 2 14 1 0
10 2 14 2 0
10 2 14 3 0
10 2 14 4 0
10 2 14 5 0
10 2 14 6 0
10 2 14 7 0
10 2 14 8 0
10 2 14 9 0
10 2 14 10 0
10 2 14 11 0
10 2 14 12 0
10 2 14 13 0
10 2 14 14 0
10 2 14 15 0
10 2 15 0 0
10 2 15 1 0
10 2 15 2 0
10 2 15 3 0
10 2 15 4 0
10 2 15 5 0
10 2 15 6 0
10 2 15 7 0
10 2 15 8 0
10 2 15 9 0
10 2 15 10 0
10 2 15 11 0
10 2 15 12 0
10 2 15 13 0
10 2 15 14 0
10 2 15 15 0
10 3 0 0 0
10 3 0 1 0
10 3 0 2 0
10 3 0 3 0
10 3 0 4 0
10 3 0 5 0
10 3 0 6 0
10 3 0 7 0
10 3 0 8 0
10 3 0 9 0
10 3 0 10 0
10 3 0 11 0
10 3 0 12 0
10 3 0 13 0
10 3 0 14 0
10 3 0 15 0
10 3 1 0 0
10 3 1 1 0
10 3 1 2 0
10 3 1 3 0
10 3 1 4 0
10 3 1 5 0
10 3 1 6 0
10 3 1 7 0
10 3 1 8 0
10 3 1 9 0
10 3 1 10 0
10 3 1 11 0
10 3 1 12 0
10 3 1 13 0
10 3 1 14 0
10 3 1 15 0
10 3 2 0 0
10 3 2 1 0
10 3 2 2 0
10 3 2 3 0
10 3 2 4 0
10 3 2 5 0
10 3 2 6 0
10 3 2 7 0
10 3 2 8 0
10 3 2 9 0
10 3 2 10 0
10 3 2 11 0
10 3 2 12 0
10 3 2 13 0
10 3 2 14 0
10 3 2 15 0
10 3 3 0 0
10 3 3 1 0
10 3 3 2 0
10 3 3 3 0
10 3 3 4 0
10 3 3 5 0
10 3 3 6 0
10 3 3 7 0
10 3 3 8 0
10 3 3 9 0
10 3 3 10 0
10 3 3 11 0
10 3 3 12 0
10 3 3 13 0
10 3 3 14 0
10 3 3 15 0
10 3 4 0 0
10 3 4 1 0
10 3 4 2 0
10 3 4 3 0
10 3 4 4 0
10 3 4 5 0
10 3 4 6 0
10 3 4 7 0
10 3 4 8 0
10 3 4 9 0
10 3 4 10 0
10 3 4 11 0
10 3 4 12 0
10 3 4 13 0
10 3 4 14 0
10 3 4 15 0
10 3 5 0 0
10 3 5 1 0
10 3 5 2 0
10 3 5 3 0
10 3 5 4 0
10 3 5 5 0
10 3 5 6 0
10 3 5 7 0
10 3 5 8 0
10 3 5 9 0
10 3 5 10 0
10 3 5 11 0
10 3 5 12 0
10 3 5 13 0
10 3 5 14 0
10 3 5 15 0
10 3 6 0 0
10 3 6 1 0
10 3 6 2 0
10 3 6 3 0
10 3 6 4 0
10 3 6 5 0
10 3 6 6 0
10 3 6 7 0
10 3 6 8 0
10 3 6 9 0
10 3 6 10 0
10 3 6 11 0
10 3 6 12 0
10 3 6 13 0
10 3 6 14 0
10 3 6 15 0
10 3 7 0 0
10 3 7 1 0
10 3 7 2 0
10 3 7 3 0
10 3 7 4 0
10 3 7 5 0
10 3 7 6 0
10 3 7 7 0
10 3 7 8 0
10 3 7 9 0
10 3 7 10 0
10 3 7 11 0
10 3 7 12 0
10 3 7 13 0
10 3 7 14 0
10 3 7 15 0
10 3 8 0 0
10 3 8 1 0
10 3 8 2 0
10 3 8 3 0
10 3 8 4 0
10 3 8 5 0
10 3 8 6 0
10 3 8 7 0
10 3 8 8 0
10 3 8 9 0
10 3 8 10 0
10 3 8 11 0
10 3 8 12 0
10 3 8 13 0
10 3 8 14 0
10 3 8 15 0
10 3 9 0 0
10 3 9 1 0
10 3 9 2 0
10 3 9 3 0
10 3 9 4 0
10 3 9 5 0
10 3 9 6 0
10 3 9 7 0
10 3 9 8 0
10 3 9 9 0
10 3 9 10 0
10 3 9 11 0
10 3 9 12 0
10 3 9 13 0
10 3 9 14 0
10 3 9 15 0
10 3 10 0 0
10 3 10 1 0
10 3 10 2 0
10 3 10 3 0
10 3 10 4 0
10 3 10 5 0
10 3 10 6 0
10 3 10 7 0
10 3 10 8 0
10 3 10 9 0
10 3 10 10 0
10 3 10 11 0
10 3 10 12 0
10 3 10 13 0
10 3 10 14 0
10 3 10 15 0
10 3 11 0 0
10 3 11 1 0
10 3 11 2 0
10 3 11 3 0
10 3 11 4 0
10 3 11 5 0
10 3 11 6 0
10 3 11 7 0
10 3 11 8 0
10 3 11 9 0
10 3 11 10 0
10 3 11 11 0
10 3 11 12 0
10 3 11 13 0
10 3 11 14 0
10 3 11 15 0
10 3 12 0 0
10 3 12 1 0
10 3 12 2 0
10 3 12 3 0
10 3 12 4 0
10 3 12 5 0
10 3 12 6 0
10 3 12 7 0
10 3 12 8 0
10 3 12 9 0
10 3 12 10 0
10 3 12 11 0
10 3 12 12 0
10 3 12 13 0
10 3 12 14 0
10 3 12 15 0
10 3 13 0 0
10 3 13 1 0
10 3 13 2 0
10 3 13 3 0
10 3 13 4 0
10 3 13 5 0
10 3 13 6 0
10 3 13 7 0
10 3 13 8 0
10 3 13 9 0
10 3 13 10 0
10 3 13 11 0
10 3 13 12 0
10 3 13 13 0
10 3 13 14 0
10 3 13 15 0
10 3 14 0 0
10 3 14 1 0
10 3 14 2 0
10 3 14 3 0
10 3 14 4 0
10 3 14 5 0
10 3 14 6 0
10 3 14 7 0
10 3 14 8 0
10 3 14 9 0
10 3 14 10 0
10 3 14 11 0
10 3 14 12 0
10 3 14 13 0
10 3 14 14 0
10 3 14 15 0
10 3 15 0 0
10 3 15 1 0
10 3 15 2 0
10 3 15 3 0
10 3 15 4 0
10 3 15 5 0
10 3 15 6 0
10 3 15 7 0
10 3 15 8 0
10 3 15 9 0
10 3 15 10 0
10 3 15 11 0
10 3 15 12 0
10 3 15 13 0
10 3 15 14 0
10 3 15 15 0
10 4 0 0 0
10 4 0 1 0
10 4 0 2 0
10 4 0 3 0
10 4 0 4 0
10 4 0 5 0
10 4 0 6 0
10 4 0 7 0
10 4 0 8 0
10 4 0 9 0
10 4 0 10 0
10 4 0 11 0
10 4 0 12 0
10 4 0 13 0
10 4 0 14 0
10 4 0 15 0
10 4 1 0 0
10 4 1 1 0
10 4 1 2 0
10 4 1 3 0
10 4 1 4 0
10 4 1 5 0
10 4 1 6 0
10 4 1 7 0
10 4 1 8 0
10 4 1 9 0
10 4 1 10 0
10 4 1 11 0
10 4 1 12 0
10 4 1 13 0
10 4 1 14 0
10 4 1 15 0
10 4 2 0 0
10 4 2 1 0
10 4 2 2 0
10 4 2 3 0
10 4 2 4 0
10 4 2 5 0
10 4 2 6 0
10 4 2 7 0
10 4 2 8 0
10 4 2 9 0
10 4 2 10 0
10 4 2 11 0
10 4 2 12 0
10 4 2 13 0
10 4 2 14 0
10 4 2 15 0
10 4 3 0 0
10 4 3 1 0
10 4 3 2 0
10 4 3 3 0
10 4 3 4 0
10 4 3 5 0
10 4 3 6 0
10 4 3 7 0
10 4 3 8 0
10 4 3 9 0
10 4 3 10 0
10 4 3 11 0
10 4 3 12 0
10 4 3 13 0
10 4 3 14 0
10 4 3 15 0
10 4 4 0 0
10 4 4 1 0
10 4 4 2 0
10 4 4 3 0
10 4 4 4 0
10 4 4 5 0
10 4 4 6 0
10 4 4 7 0
10 4 4 8 0
10 4 4 9 0
10 4 4 10 0
10 4 4 11 0
10 4 4 12 0
10 4 4 13 0
10 4 4 14 0
10 4 4 15 0
10 4 5 0 0
10 4 5 1 0
10 4 5 2 0
10 4 5 3 0
10 4 5 4 0
10 4 5 5 0
10 4 5 6 0
10 4 5 7 0
10 4 5 8 0
10 4 5 9 0
10 4 5 10 0
10 4 5 11 0
10 4 5 12 0
10 4 5 13 0
10 4 5 14 0
10 4 5 15 0
10 4 6 0 0
10 4 6 1 0
10 4 6 2 0
10 4 6 3 0
10 4 6 4 0
10 4 6 5 0
10 4 6 6 0
10 4 6 7 0
10 4 6 8 0
10 4 6 9 0
10 4 6 10 0
10 4 6 11 0
10 4 6 12 0
10 4 6 13 0
10 4 6 14 0
10 4 6 15 0
10 4 7 0 0
10 4 7 1 0
10 4 7 2 0
10 4 7 3 0
10 4 7 4 0
10 4 7 5 0
10 4 7 6 0
10 4 7 7 0
10 4 7 8 0
10 4 7 9 0
10 4 7 10 0
10 4 7 11 0
10 4 7 12 0
10 4 7 13 0
10 4 7 14 0
10 4 7 15 0
10 4 8 0 0
10 4 8 1 0
10 4 8 2 0
10 4 8 3 0
10 4 8 4 0
10 4 8 5 0
10 4 8 6 0
10 4 8 7 0
10 4 8 8 0
10 4 8 9 0
10 4 8 10 0
10 4 8 11 0
10 4 8 12 0
10 4 8 13 0
10 4 8 14 0
10 4 8 15 0
10 4 9 0 0
10 4 9 1 0
10 4 9 2 0
10 4 9 3 0
10 4 9 4 0
10 4 9 5 0
10 4 9 6 0
10 4 9 7 0
10 4 9 8 0
10 4 9 9 0
10 4 9 10 0
10 4 9 11 0
10 4 9 12 0
10 4 9 13 0
10 4 9 14 0
10 4 9 15 0
10 4 10 0 0
10 4 10 1 0
10 4 10 2 0
10 4 10 3 0
10 4 10 4 0
10 4 10 5 0
10 4 10 6 0
10 4 10 7 0
10 4 10 8 0
10 4 10 9 0
10 4 10 10 0
10 4 10 11 0
10 4 10 12 0
10 4 10 13 0
10 4 10 14 0
10 4 10 15 0
10 4 11 0 0
10 4 11 1 0
10 4 11 2 0
10 4 11 3 0
10 4 11 4 0
10 4 11 5 0
10 4 11 6 0
10 4 11 7 0
10 4 11 8 0
10 4 11 9 0
10 4 11 10 0
10 4 11 11 0
10 4 11 12 0
10 4 11 13 0
10 4 11 14 0
10 4 11 15 0
10 4 12 0 0
10 4 12 1 0
10 4 12 2 0
10 4 12 3 0
10 4 12 4 0
10 4 12 5 0
10 4 12 6 0
10 4 12 7 0
10 4 12 8 0
10 4 12 9 0
10 4 12 10 0
10 4 12 11 0
10 4 12 12 0
10 4 12 13 0
10 4 12 14 0
10 4 12 15 0
10 4 13 0 0
10 4 13 1 0
10 4 13 2 0
10 4 13 3 0
10 4 13 4 0
10 4 13 5 0
10 4 13 6 0
10 4 13 7 0
10 4 13 8 0
10 4 13 9 0
10 4 13 10 0
10 4 13 11 0
10 4 13 12 0
10 4 13 13 0
10 4 13 14 0
10 4 13 15 0
10 4 14 0 0
10 4 14 1 0
10 4 14 2 0
10 4 14 3 0
10 4 14 4 0
10 4 14 5 0
10 4 14 6 0
10 4 14 7 0
10 4 14 8 0
10 4 14 9 0
10 4 14 10 0
10 4 14 11 0
10 4 14 12 0
10 4 14 13 0
10 4 14 14 0
10 4 14 15 0
10 4 15 0 0
10 4 15 1 0
10 4 15 2 0
10 4 15 3 0
10 4 15 4 0
10 4 15 5 0
10 4 15 6 0
10 4 15 7 0
10 4 15 8 0
10 4 15 9 0
10 4 15 10 0
10 4 15 11 0
10 4 15 12 0
10 4 15 13 0
10 4 15 14 0
10 4 15 15 0
10 5 0 0 0
10 5 0 1 0
10 5 0 2 0
10 5 0 3 0
10 5 0 4 0
10 5 0 5 0
10 5 0 6 0
10 5 0 7 0
10 5 0 8 0
10 5 0 9 0
10 5 0 10 0
10 5 0 11 0
10 5 0 12 0
10 5 0 13 0
10 5 0 14 0
10 5 0 15 0
10 5 1 0 0
10 5 1 1 0
10 5 1 2 0
10 5 1 3 0
10 5 1 4 0
10 5 1 5 0
10 5 1 6 0
10 5 1 7 0
10 5 1 8 0
10 5 1 9 0
10 5 1 10 0
10 5 1 11 0
10 5 1 12 0
10 5 1 13 0
10 5 1 14 0
10 5 1 15 0
10 5 2 0 0
10 5 2 1 0
10 5 2 2 0
10 5 2 3 0
10 5 2 4 0
10 5 2 5 0
10 5 2 6 0
10 5 2 7 0
10 5 2 8 0
10 5 2 9 0
10 5 2 10 0
10 5 2 11 0
10 5 2 12 0
10 5 2 13 0
10 5 2 14 0
10 5 2 15 0
10 5 3 0 0
10 5 3 1 0
10 5 3 2 0
10 5 3 3 0
10 5 3 4 0
10 5 3 5 0
10 5 3 6 0
10 5 3 7 0
10 5 3 8 0
10 5 3 9 0
10 5 3 10 0
10 5 3 11 0
10 5 3 12 0
10 5 3 13 0
10 5 3 14 0
10 5 3 15 0
10 5 4 0 0
10 5 4 1 0
10 5 4 2 0
10 5 4 3 0
10 5 4 4 0
10 5 4 5 0
10 5 4 6 0
10 5 4 7 0
10 5 4 8 0
10 5 4 9 0
10 5 4 10 0
10 5 4 11 0
10 5 4 12 0
10 5 4 13 0
10 5 4 14 0
10 5 4 15 0
10 5 5 0 0
10 5 5 1 0
10 5 5 2 0
10 5 5 3 0
10 5 5 4 0
10 5 5 5 0
10 5 5 6 0
10 5 5 7 0
10 5 5 8 0
10 5 5 9 0
10 5 5 10 0
10 5 5 11 0
10 5 5 12 0
10 5 5 13 0
10 5 5 14 0
10 5 5 15 0
10 5 6 0 0
10 5 6 1 0
10 5 6 2 0
10 5 6 3 0
10 5 6 4 0
10 5 6 5 0
10 5 6 6 0
10 5 6 7 0
10 5 6 8 0
10 5 6 9 0
10 5 6 10 0
10 5 6 11 0
10 5 6 12 0
10 5 6 13 0
10 5 6 14 0
10 5 6 15 0
10 5 7 0 0
10 5 7 1 0
10 5 7 2 0
10 5 7 3 0
10 5 7 4 0
10 5 7 5 0
10 5 7 6 0
10 5 7 7 0
10 5 7 8 0
10 5 7 9 0
10 5 7 10 0
10 5 7 11 0
10 5 7 12 0
10 5 7 13 0
10 5 7 14 0
10 5 7 15 0
10 5 8 0 0
10 5 8 1 0
10 5 8 2 0
10 5 8 3 0
10 5 8 4 0
10 5 8 5 0
10 5 8 6 0
10 5 8 7 0
10 5 8 8 0
10 5 8 9 0
10 5 8 10 0
10 5 8 11 0
10 5 8 12 0
10 5 8 13 0
10 5 8 14 0
10 5 8 15 0
10 5 9 0 0
10 5 9 1 0
10 5 9 2 0
10 5 9 3 0
10 5 9 4 0
10 5 9 5 0
10 5 9 6 0
10 5 9 7 0
10 5 9 8 0
10 5 9 9 0
10 5 9 10 0
10 5 9 11 0
10 5 9 12 0
10 5 9 13 0
10 5 9 14 0
10 5 9 15 0
10 5 10 0 0
10 5 10 1 0
10 5 10 2 0
10 5 10 3 0
10 5 10 4 0
10 5 10 5 0
10 5 10 6 0
10 5 10 7 0
10 5 10 8 0
10 5 10 9 0
10 5 10 10 0
10 5 10 11 0
10 5 10 12 0
10 5 10 13 0
10 5 10 14 0
10 5 10 15 0
10 5 11 0 0
10 5 11 1 0
10 5 11 2 0
10 5 11 3 0
10 5 11 4 0
10 5 11 5 0
10 5 11 6 0
10 5 11 7 0
10 5 11 8 0
10 5 11 9 0
10 5 11 10 0
10 5 11 11 0
10 5 11 12 0
10 5 11 13 0
10 5 11 14 0
10 5 11 15 0
10 5 12 0 0
10 5 12 1 0
10 5 12 2 0
10 5 12 3 0
10 5 12 4 0
10 5 12 5 0
10 5 12 6 0
10 5 12 7 0
10 5 12 8 0
10 5 12 9 0
10 5 12 10 0
10 5 12 11 0
10 5 12 12 0
10 5 12 13 0
10 5 12 14 0
10 5 12 15 0
10 5 13 0 0
10 5 13 1 0
10 5 13 2 0
10 5 13 3 0
10 5 13 4 0
10 5 13 5 0
10 5 13 6 0
10 5 13 7 0
10 5 13 8 0
10 5 13 9 0
10 5 13 10 0
10 5 13 11 0
10 5 13 12 0
10 5 13 13 0
10 5 13 14 0
10 5 13 15 0
10 5 14 0 0
10 5 14 1 0
10 5 14 2 0
10 5 14 3 0
10 5 14 4 0
10 5 14 5 0
10 5 14 6 0
10 5 14 7 0
10 5 14 8 0
10 5 14 9 0
10 5 14 10 0
10 5 14 11 0
10 5 14 12 0
10 5 14 13 0
10 5 14 14 0
10 5 14 15 0
10 5 15 0 0
10 5 15 1 0
10 5 15 2 0
10 5 15 3 0
10 5 15 4 0
10 5 15 5 0
10 5 15 6 0
10 5 15 7 0
10 5 15 8 0
10 5 15 9 0
10 5 15 10 0
10 5 15 11 0
10 5 15 12 0
10 5 15 13 0
10 5 15 14 0
10 5 15 15 0
10 6 0 0 0
10 6 0 1 0
10 6 0 2 0
10 6 0 3 0
10 6 0 4 0
10 6 0 5 0
10 6 0 6 0
10 6 0 7 0
10 6 0 8 0
10 6 0 9 0
10 6 0 10 0
10 6 0 11 0
10 6 0 12 0
10 6 0 13 0
10 6 0 14 0
10 6 0 15 0
10 6 1 0 0
10 6 1 1 0
10 6 1 2 0
10 6 1 3 0
10 6 1 4 0
10 6 1 5 0
10 6 1 6 0
10 6 1 7 0
10 6 1 8 0
10 6 1 9 0
10 6 1 10 0
10 6 1 11 0
10 6 1 12 0
10 6 1 13 0
10 6 1 14 0
10 6 1 15 0
10 6 2 0 0
10 6 2 1 0
10 6 2 2 0
10 6 2 3 0
10 6 2 4 0
10 6 2 5 0
10 6 2 6 0
10 6 2 7 0
10 6 2 8 0
10 6 2 9 0
10 6 2 10 0
10 6 2 11 0
10 6 2 12 0
10 6 2 13 0
10 6 2 14 0
10 6 2 15 0
10 6 3 0 0
10 6 3 1 0
10 6 3 2 0
10 6 3 3 0
10 6 3 4 0
10 6 3 5 0
10 6 3 6 0
10 6 3 7 0
10 6 3 8 0
10 6 3 9 0
10 6 3 10 0
10 6 3 11 0
10 6 3 12 0
10 6 3 13 0
10 6 3 14 0
10 6 3 15 0
10 6 4 0 0
10 6 4 1 0
10 6 4 2 0
10 6 4 3 0
10 6 4 4 0
10 6 4 5 0
10 6 4 6 0
10 6 4 7 0
10 6 4 8 0
10 6 4 9 0
10 6 4 10 0
10 6 4 11 0
10 6 4 12 0
10 6 4 13 0
10 6 4 14 0
10 6 4 15 0
10 6 5 0 0
10 6 5 1 0
10 6 5 2 0
10 6 5 3 0
10 6 5 4 0
10 6 5 5 0
10 6 5 6 0
10 6 5 7 0
10 6 5 8 0
10 6 5 9 0
10 6 5 10 0
10 6 5 11 0
10 6 5 12 0
10 6 5 13 0
10 6 5 14 0
10 6 5 15 0
10 6 6 0 0
10 6 6 1 0
10 6 6 2 0
10 6 6 3 0
10 6 6 4 0
10 6 6 5 0
10 6 6 6 0
10 6 6 7 0
10 6 6 8 0
10 6 6 9 0
10 6 6 10 0
10 6 6 11 0
10 6 6 12 0
10 6 6 13 0
10 6 6 14 0
10 6 6 15 0
10 6 7 0 0
10 6 7 1 0
10 6 7 2 0
10 6 7 3 0
10 6 7 4 0
10 6 7 5 0
10 6 7 6 0
10 6 7 7 0
10 6 7 8 0
10 6 7 9 0
10 6 7 10 0
10 6 7 11 0
10 6 7 12 0
10 6 7 13 0
10 6 7 14 0
10 6 7 15 0
10 6 8 0 0
10 6 8 1 0
10 6 8 2 0
10 6 8 3 0
10 6 8 4 0
10 6 8 5 0
10 6 8 6 0
10 6 8 7 0
10 6 8 8 0
10 6 8 9 0
10 6 8 10 0
10 6 8 11 0
10 6 8 12 0
10 6 8 13 0
10 6 8 14 0
10 6 8 15 0
10 6 9 0 0
10 6 9 1 0
10 6 9 2 0
10 6 9 3 0
10 6 9 4 0
10 6 9 5 0
10 6 9 6 0
10 6 9 7 0
10 6 9 8 0
10 6 9 9 0
10 6 9 10 0
10 6 9 11 0
10 6 9 12 0
10 6 9 13 0
10 6 9 14 0
10 6 9 15 0
10 6 10 0 0
10 6 10 1 0
10 6 10 2 0
10 6 10 3 0
10 6 10 4 0
10 6 10 5 0
10 6 10 6 0
10 6 10 7 0
10 6 10 8 0
10 6 10 9 0
10 6 10 10 0
10 6 10 11 0
10 6 10 12 0
10 6 10 13 0
10 6 10 14 0
10 6 10 15 0
10 6 11 0 0
10 6 11 1 0
10 6 11 2 0
10 6 11 3 0
10 6 11 4 0
10 6 11 5 0
10 6 11 6 0
10 6 11 7 0
10 6 11 8 0
10 6 11 9 0
10 6 11 10 0
10 6 11 11 0
10 6 11 12 0
10 6 11 13 0
10 6 11 14 0
10 6 11 15 0
10 6 12 0 0
10 6 12 1 0
10 6 12 2 0
10 6 12 3 0
10 6 12 4 0
10 6 12 5 0
10 6 12 6 0
10 6 12 7 0
10 6 12 8 0
10 6 12 9 0
10 6 12 10 0
10 6 12 11 0
10 6 12 12 0
10 6 12 13 0
10 6 12 14 0
10 6 12 15 0
10 6 13 0 0
10 6 13 1 0
10 6 13 2 0
10 6 13 3 0
10 6 13 4 0
10 6 13 5 0
10 6 13 6 0
10 6 13 7 0
10 6 13 8 0
10 6 13 9 0
10 6 13 10 0
10 6 13 11 0
10 6 13 12 0
10 6 13 13 0
10 6 13 14 0
10 6 13 15 0
10 6 14 0 0
10 6 14 1 0
10 6 14 2 0
10 6 14 3 0
10 6 14 4 0
10 6 14 5 0
10 6 14 6 0
10 6 14 7 0
10 6 14 8 0
10 6 14 9 0
10 6 14 10 0
10 6 14 11 0
10 6 14 12 0
10 6 14 13 0
10 6 14 14 0
10 6 14 15 0
10 6 15 0 0
10 6 15 1 0
10 6 15 2 0
10 6 15 3 0
10 6 15 4 0
10 6 15 5 0
10 6 15 6 0
10 6 15 7 0
10 6 15 8 0
10 6 15 9 0
10 6 15 10 0
10 6 15 11 0
10 6 15 12 0
10 6 15 13 0
10 6 15 14 0
10 6 15 15 0
10 7 0 0 0
10 7 0 1 0
10 7 0 2 0
10 7 0 3 0
10 7 0 4 0
10 7 0 5 0
10 7 0 6 0
10 7 0 7 0
10 7 0 8 0
10 7 0 9 0
10 7 0 10 0
10 7 0 11 0
10 7 0 12 0
10 7 0 13 0
10 7 0 14 0
10 7 0 15 0
10 7 1 0 0
10 7 1 1 0
10 7 1 2 0
10 7 1 3 0
10 7 1 4 0
10 7 1 5 0
10 7 1 6 0
10 7 1 7 0
10 7 1 8 0
10 7 1 9 0
10 7 1 10 0
10 7 1 11 0
10 7 1 12 0
10 7 1 13 0
10 7 1 14 0
10 7 1 15 0
10 7 2 0 0
10 7 2 1 0
10 7 2 2 0
10 7 2 3 0
10 7 2 4 0
10 7 2 5 0
10 7 2 6 0
10 7 2 7 0
10 7 2 8 0
10 7 2 9 0
10 7 2 10 0
10 7 2 11 0
10 7 2 12 0
10 7 2 13 0
10 7 2 14 0
10 7 2 15 0
10 7 3 0 0
10 7 3 1 0
10 7 3 2 0
10 7 3 3 0
10 7 3 4 0
10 7 3 5 0
10 7 3 6 0
10 7 3 7 0
10 7 3 8 0
10 7 3 9 0
10 7 3 10 0
10 7 3 11 0
10 7 3 12 0
10 7 3 13 0
10 7 3 14 0
10 7 3 15 0
10 7 4 0 0
10 7 4 1 0
10 7 4 2 0
10 7 4 3 0
10 7 4 4 0
10 7 4 5 0
10 7 4 6 0
10 7 4 7 0
10 7 4 8 0
10 7 4 9 0
10 7 4 10 0
10 7 4 11 0
10 7 4 12 0
10 7 4 13 0
10 7 4 14 0
10 7 4 15 0
10 7 5 0 0
10 7 5 1 0
10 7 5 2 0
10 7 5 3 0
10 7 5 4 0
10 7 5 5 0
10 7 5 6 0
10 7 5 7 0
10 7 5 8 0
10 7 5 9 0
10 7 5 10 0
10 7 5 11 0
10 7 5 12 0
10 7 5 13 0
10 7 5 14 0
10 7 5 15 0
10 7 6 0 0
10 7 6 1 0
10 7 6 2 0
10 7 6 3 0
10 7 6 4 0
10 7 6 5 0
10 7 6 6 0
10 7 6 7 0
10 7 6 8 0
10 7 6 9 0
10 7 6 10 0
10 7 6 11 0
10 7 6 12 0
10 7 6 13 0
10 7 6 14 0
10 7 6 15 0
10 7 7 0 0
10 7 7 1 0
10 7 7 2 0
10 7 7 3 0
10 7 7 4 0
10 7 7 5 0
10 7 7 6 0
10 7 7 7 0
10 7 7 8 0
10 7 7 9 0
10 7 7 10 0
10 7 7 11 0
10 7 7 12 0
10 7 7 13 0
10 7 7 14 0
10 7 7 15 0
10 7 8 0 0
10 7 8 1 0
10 7 8 2 0
10 7 8 3 0
10 7 8 4 0
10 7 8 5 0
10 7 8 6 0
10 7 8 7 0
10 7 8 8 0
10 7 8 9 0
10 7 8 10 0
10 7 8 11 0
10 7 8 12 0
10 7 8 13 0
10 7 8 14 0
10 7 8 15 0
10 7 9 0 0
10 7 9 1 0
10 7 9 2 0
10 7 9 3 0
10 7 9 4 0
10 7 9 5 0
10 7 9 6 0
10 7 9 7 0
10 7 9 8 0
10 7 9 9 0
10 7 9 10 0
10 7 9 11 0
10 7 9 12 0
10 7 9 13 0
10 7 9 14 0
10 7 9 15 0
10 7 10 0 0
10 7 10 1 0
10 7 10 2 0
10 7 10 3 0
10 7 10 4 0
10 7 10 5 0
10 7 10 6 0
10 7 10 7 0
10 7 10 8 0
10 7 10 9 0
10 7 10 10 0
10 7 10 11 0
10 7 10 12 0
10 7 10 13 0
10 7 10 14 0
10 7 10 15 0
10 7 11 0 0
10 7 11 1 0
10 7 11 2 0
10 7 11 3 0
10 7 11 4 0
10 7 11 5 0
10 7 11 6 0
10 7 11 7 0
10 7 11 8 0
10 7 11 9 0
10 7 11 10 0
10 7 11 11 0
10 7 11 12 0
10 7 11 13 0
10 7 11 14 0
10 7 11 15 0
10 7 12 0 0
10 7 12 1 0
10 7 12 2 0
10 7 12 3 0
10 7 12 4 0
10 7 12 5 0
10 7 12 6 0
10 7 12 7 0
10 7 12 8 0
10 7 12 9 0
10 7 12 10 0
10 7 12 11 0
10 7 12 12 0
10 7 12 13 0
10 7 12 14 0
10 7 12 15 0
10 7 13 0 0
10 7 13 1 0
10 7 13 2 0
10 7 13 3 0
10 7 13 4 0
10 7 13 5 0
10 7 13 6 0
10 7 13 7 0
10 7 13 8 0
10 7 13 9 0
10 7 13 10 0
10 7 13 11 0
10 7 13 12 0
10 7 13 13 0
10 7 13 14 0
10 7 13 15 0
10 7 14 0 0
10 7 14 1 0
10 7 14 2 0
10 7 14 3 0
10 7 14 4 0
10 7 14 5 0
10 7 14 6 0
10 7 14 7 0
10 7 14 8 0
10 7 14 9 0
10 7 14 10 0
10 7 14 11 0
10 7 14 12 0
10 7 14 13 0
10 7 14 14 0
10 7 14 15 0
10 7 15 0 0
10 7 15 1 0
10 7 15 2 0
10 7 15 3 0
10 7 15 4 0
10 7 15 5 0
10 7 15 6 0
10 7 15 7 0
10 7 15 8 0
10 7 15 9 0
10 7 15 10 0
10 7 15 11 0
10 7 15 12 0
10 7 15 13 0
10 7 15 14 0
10 7 15 15 0
10 8 0 0 0
10 8 0 1 0
10 8 0 2 0
10 8 0 3 0
10 8 0 4 0
10 8 0 5 0
10 8 0 6 0
10 8 0 7 0
10 8 0 8 0
10 8 0 9 0
10 8 0 10 0
10 8 0 11 0
10 8 0 12 0
10 8 0 13 0
10 8 0 14 0
10 8 0 15 0
10 8 1 0 0
10 8 1 1 0
10 8 1 2 0
10 8 1 3 0
10 8 1 4 0
10 8 1 5 0
10 8 1 6 0
10 8 1 7 0
10 8 1 8 0
10 8 1 9 0
10 8 1 10 0
10 8 1 11 0
10 8 1 12 0
10 8 1 13 0
10 8 1 14 0
10 8 1 15 0
10 8 2 0 0
10 8 2 1 0
10 8 2 2 0
10 8 2 3 0
10 8 2 4 0
10 8 2 5 0
10 8 2 6 0
10 8 2 7 0
10 8 2 8 0
10 8 2 9 0
10 8 2 10 0
10 8 2 11 0
10 8 2 12 0
10 8 2 13 0
10 8 2 14 0
10 8 2 15 0
10 8 3 0 0
10 8 3 1 0
10 8 3 2 0
10 8 3 3 0
10 8 3 4 0
10 8 3 5 0
10 8 3 6 0
10 8 3 7 0
10 8 3 8 0
10 8 3 9 0
10 8 3 10 0
10 8 3 11 0
10 8 3 12 0
10 8 3 13 0
10 8 3 14 0
10 8 3 15 0
10 8 4 0 0
10 8 4 1 0
10 8 4 2 0
10 8 4 3 0
10 8 4 4 0
10 8 4 5 0
10 8 4 6 0
10 8 4 7 0
10 8 4 8 0
10 8 4 9 0
10 8 4 10 0
10 8 4 11 0
10 8 4 12 0
10 8 4 13 0
10 8 4 14 0
10 8 4 15 0
10 8 5 0 0
10 8 5 1 0
10 8 5 2 0
10 8 5 3 0
10 8 5 4 0
10 8 5 5 0
10 8 5 6 0
10 8 5 7 0
10 8 5 8 0
10 8 5 9 0
10 8 5 10 0
10 8 5 11 0
10 8 5 12 0
10 8 5 13 0
10 8 5 14 0
10 8 5 15 0
10 8 6 0 0
10 8 6 1 0
10 8 6 2 0
10 8 6 3 0
10 8 6 4 0
10 8 6 5 0
10 8 6 6 0
10 8 6 7 0
10 8 6 8 0
10 8 6 9 0
10 8 6 10 0
10 8 6 11 0
10 8 6 12 0
10 8 6 13 0
10 8 6 14 0
10 8 6 15 0
10 8 7 0 0
10 8 7 1 0
10 8 7 2 0
10 8 7 3 0
10 8 7 4 0
10 8 7 5 0
10 8 7 6 0
10 8 7 7 0
10 8 7 8 0
10 8 7 9 0
10 8 7 10 0
10 8 7 11 0
10 8 7 12 0
10 8 7 13 0
10 8 7 14 0
10 8 7 15 0
10 8 8 0 0
10 8 8 1 0
10 8 8 2 0
10 8 8 3 0
10 8 8 4 0
10 8 8 5 0
10 8 8 6 0
10 8 8 7 0
10 8 8 8 0
10 8 8 9 0
10 8 8 10 0
10 8 8 11 0
10 8 8 12 0
10 8 8 13 0
10 8 8 14 0
10 8 8 15 0
10 8 9 0 0
10 8 9 1 0
10 8 9 2 0
10 8 9 3 0
10 8 9 4 0
10 8 9 5 0
10 8 9 6 0
10 8 9 7 0
10 8 9 8 0
10 8 9 9 0
10 8 9 10 0
10 8 9 11 0
10 8 9 12 0
10 8 9 13 0
10 8 9 14 0
10 8 9 15 0
10 8 10 0 0
10 8 10 1 0
10 8 10 2 0
10 8 10 3 0
10 8 10 4 0
10 8 10 5 0
10 8 10 6 0
10 8 10 7 0
10 8 10 8 0
10 8 10 9 0
10 8 10 10 0
10 8 10 11 0
10 8 10 12 0
10 8 10 13 0
10 8 10 14 0
10 8 10 15 0
10 8 11 0 0
10 8 11 1 0
10 8 11 2 0
10 8 11 3 0
10 8 11 4 0
10 8 11 5 0
10 8 11 6 0
10 8 11 7 0
10 8 11 8 0
10 8 11 9 0
10 8 11 10 0
10 8 11 11 0
10 8 11 12 0
10 8 11 13 0
10 8 11 14 0
10 8 11 15 0
10 8 12 0 0
10 8 12 1 0
10 8 12 2 0
10 8 12 3 0
10 8 12 4 0
10 8 12 5 0
10 8 12 6 0
10 8 12 7 0
10 8 12 8 0
10 8 12 9 0
10 8 12 10 0
10 8 12 11 0
10 8 12 12 0
10 8 12 13 0
10 8 12 14 0
10 8 12 15 0
10 8 13 0 0
10 8 13 1 0
10 8 13 2 0
10 8 13 3 0
10 8 13 4 0
10 8 13 5 0
10 8 13 6 0
10 8 13 7 0
10 8 13 8 0
10 8 13 9 0
10 8 13 10 0
10 8 13 11 0
10 8 13 12 0
10 8 13 13 0
10 8 13 14 0
10 8 13 15 0
10 8 14 0 0
10 8 14 1 0
10 8 14 2 0
10 8 14 3 0
10 8 14 4 0
10 8 14 5 0
10 8 14 6 0
10 8 14 7 0
10 8 14 8 0
10 8 14 9 0
10 8 14 10 0
10 8 14 11 0
10 8 14 12 0
10 8 14 13 0
10 8 14 14 0
10 8 14 15 0
10 8 15 0 0
10 8 15 1 0
10 8 15 2 0
10 8 15 3 0
10 8 15 4 0
10 8 15 5 0
10 8 15 6 0
10 8 15 7 0
10 8 15 8 0
10 8 15 9 0
10 8 15 10 0
10 8 15 11 0
10 8 15 12 0
10 8 15 13 0
10 8 15 14 0
10 8 15 15 0
10 9 0 0 0
10 9 0 1 0
10 9 0 2 0
10 9 0 3 0
10 9 0 4 0
10 9 0 5 0
10 9 0 6 0
10 9 0 7 0
10 9 0 8 0
10 9 0 9 0
10 9 0 10 0
10 9 0 11 0
10 9 0 12 0
10 9 0 13 0
10 9 0 14 0
10 9 0 15 0
10 9 1 0 0
10 9 1 1 0
10 9 1 2 0
10 9 1 3 0
10 9 1 4 0
10 9 1 5 0
10 9 1 6 0
10 9 1 7 0
10 9 1 8 0
10 9 1 9 0
10 9 1 10 0
10 9 1 11 0
10 9 1 12 0
10 9 1 13 0
10 9 1 14 0
10 9 1 15 0
10 9 2 0 0
10 9 2 1 0
10 9 2 2 0
10 9 2 3 0
10 9 2 4 0
10 9 2 5 0
10 9 2 6 0
10 9 2 7 0
10 9 2 8 0
10 9 2 9 0
10 9 2 10 0
10 9 2 11 0
10 9 2 12 0
10 9 2 13 0
10 9 2 14 0
10 9 2 15 0
10 9 3 0 0
10 9 3 1 0
10 9 3 2 0
10 9 3 3 0
10 9 3 4 0
10 9 3 5 0
10 9 3 6 0
10 9 3 7 0
10 9 3 8 0
10 9 3 9 0
10 9 3 10 0
10 9 3 11 0
10 9 3 12 0
10 9 3 13 0
10 9 3 14 0
10 9 3 15 0
10 9 4 0 0
10 9 4 1 0
10 9 4 2 0
10 9 4 3 0
10 9 4 4 0
10 9 4 5 0
10 9 4 6 0
10 9 4 7 0
10 9 4 8 0
10 9 4 9 0
10 9 4 10 0
10 9 4 11 0
10 9 4 12 0
10 9 4 13 0
10 9 4 14 0
10 9 4 15 0
10 9 5 0 0
10 9 5 1 0
10 9 5 2 0
10 9 5 3 0
10 9 5 4 0
10 9 5 5 0
10 9 5 6 0
10 9 5 7 0
10 9 5 8 0
10 9 5 9 0
10 9 5 10 0
10 9 5 11 0
10 9 5 12 0
10 9 5 13 0
10 9 5 14 0
10 9 5 15 0
10 9 6 0 0
10 9 6 1 0
10 9 6 2 0
10 9 6 3 0
10 9 6 4 0
10 9 6 5 0
10 9 6 6 0
10 9 6 7 0
10 9 6 8 0
10 9 6 9 0
10 9 6 10 0
10 9 6 11 0
10 9 6 12 0
10 9 6 13 0
10 9 6 14 0
10 9 6 15 0
10 9 7 0 0
10 9 7 1 0
10 9 7 2 0
10 9 7 3 0
10 9 7 4 0
10 9 7 5 0
10 9 7 6 0
10 9 7 7 0
10 9 7 8 0
10 9 7 9 0
10 9 7 10 0
10 9 7 11 0
10 9 7 12 0
10 9 7 13 0
10 9 7 14 0
10 9 7 15 0
10 9 8 0 0
10 9 8 1 0
10 9 8 2 0
10 9 8 3 0
10 9 8 4 0
10 9 8 5 0
10 9 8 6 0
10 9 8 7 0
10 9 8 8 0
10 9 8 9 0
10 9 8 10 0
10 9 8 11 0
10 9 8 12 0
10 9 8 13 0
10 9 8 14 0
10 9 8 15 0
10 9 9 0 0
10 9 9 1 0
10 9 9 2 0
10 9 9 3 0
10 9 9 4 0
10 9 9 5 0
10 9 9 6 0
10 9 9 7 0
10 9 9 8 0
10 9 9 9 0
10 9 9 10 0
10 9 9 11 0
10 9 9 12 0
10 9 9 13 0
10 9 9 14 0
10 9 9 15 0
10 9 10 0 0
10 9 10 1 0
10 9 10 2 0
10 9 10 3 0
10 9 10 4 0
10 9 10 5 0
10 9 10 6 0
10 9 10 7 0
10 9 10 8 0
10 9 10 9 0
10 9 10 10 0
10 9 10 11 0
10 9 10 12 0
10 9 10 13 0
10 9 10 14 0
10 9 10 15 0
10 9 11 0 0
10 9 11 1 0
10 9 11 2 0
10 9 11 3 0
10 9 11 4 0
10 9 11 5 0
10 9 11 6 0
10 9 11 7 0
10 9 11 8 0
10 9 11 9 0
10 9 11 10 0
10 9 11 11 0
10 9 11 12 0
10 9 11 13 0
10 9 11 14 0
10 9 11 15 0
10 9 12 0 0
10 9 12 1 0
10 9 12 2 0
10 9 12 3 0
10 9 12 4 0
10 9 12 5 0
10 9 12 6 0
10 9 12 7 0
10 9 12 8 0
10 9 12 9 0
10 9 12 10 0
10 9 12 11 0
10 9 12 12 0
10 9 12 13 0
10 9 12 14 0
10 9 12 15 0
10 9 13 0 0
10 9 13 1 0
10 9 13 2 0
10 9 13 3 0
10 9 13 4 0
10 9 13 5 0
10 9 13 6 0
10 9 13 7 0
10 9 13 8 0
10 9 13 9 0
10 9 13 10 0
10 9 13 11 0
10 9 13 12 0
10 9 13 13 0
10 9 13 14 0
10 9 13 15 0
10 9 14 0 0
10 9 14 1 0
10 9 14 2 0
10 9 14 3 0
10 9 14 4 0
10 9 14 5 0
10 9 14 6 0
10 9 14 7 0
10 9 14 8 0
10 9 14 9 0
10 9 14 10 0
10 9 14 11 0
10 9 14 12 0
10 9 14 13 0
10 9 14 14 0
10 9 14 15 0
10 9 15 0 0
10 9 15 1 0
10 9 15 2 0
10 9 15 3 0
10 9 15 4 0
10 9 15 5 0
10 9 15 6 0
10 9 15 7 0
10 9 15 8 0
10 9 15 9 0
10 9 15 10 0
10 9 15 11 0
10 9 15 12 0
10 9 15 13 0
10 9 15 14 0
10 9 15 15 0
10 10 0 0 0
10 10 0 1 0
10 10 0 2 0
10 10 0 3 0
10 10 0 4 0
10 10 0 5 0
10 10 0 6 0
10 10 0 7 0
10 10 0 8 0
10 10 0 9 0
10 10 0 10 0
10 10 0 11 0
10 10 0 12 0
10 10 0 13 0
10 10 0 14 0
10 10 0 15 0
10 10 1 0 0
10 10 1 1 0
10 10 1 2 0
10 10 1 3 0
10 10 1 4 0
10 10 1 5 0
10 10 1 6 0
10 10 1 7 0
10 10 1 8 0
10 10 1 9 0
10 10 1 10 0
10 10 1 11 0
10 10 1 12 0
10 10 1 13 0
10 10 1 14 0
10 10 1 15 0
10 10 2 0 0
10 10 2 1 0
10 10 2 2 0
10 10 2 3 0
10 10 2 4 0
10 10 2 5 0
10 10 2 6 0
10 10 2 7 0
10 10 2 8 0
10 10 2 9 0
10 10 2 10 0
10 10 2 11 0
10 10 2 12 0
10 10 2 13 0
10 10 2 14 0
10 10 2 15 0
10 10 3 0 0
10 10 3 1 0
10 10 3 2 0
10 10 3 3 0
10 10 3 4 0
10 10 3 5 0
10 10 3 6 0
10 10 3 7 0
10 10 3 8 0
10 10 3 9 0
10 10 3 10 0
10 10 3 11 0
10 10 3 12 0
10 10 3 13 0
10 10 3 14 0
10 10 3 15 0
10 10 4 0 0
10 10 4 1 0
10 10 4 2 0
10 10 4 3 0
10 10 4 4 0
10 10 4 5 0
10 10 4 6 0
10 10 4 7 0
10 10 4 8 0
10 10 4 9 0
10 10 4 10 0
10 10 4 11 0
10 10 4 12 0
10 10 4 13 0
10 10 4 14 0
10 10 4 15 0
10 10 5 0 0
10 10 5 1 0
10 10 5 2 0
10 10 5 3 0
10 10 5 4 0
10 10 5 5 0
10 10 5 6 0
10 10 5 7 0
10 10 5 8 0
10 10 5 9 0
10 10 5 10 0
10 10 5 11 0
10 10 5 12 0
10 10 5 13 0
10 10 5 14 0
10 10 5 15 0
10 10 6 0 0
10 10 6 1 0
10 10 6 2 0
10 10 6 3 0
10 10 6 4 0
10 10 6 5 0
10 10 6 6 0
10 10 6 7 0
10 10 6 8 0
10 10 6 9 0
10 10 6 10 0
10 10 6 11 0
10 10 6 12 0
10 10 6 13 0
10 10 6 14 0
10 10 6 15 0
10 10 7 0 0
10 10 7 1 0
10 10 7 2 0
10 10 7 3 0
10 10 7 4 0
10 10 7 5 0
10 10 7 6 0
10 10 7 7 0
10 10 7 8 0
10 10 7 9 0
10 10 7 10 0
10 10 7 11 0
10 10 7 12 0
10 10 7 13 0
10 10 7 14 0
10 10 7 15 0
10 10 8 0 0
10 10 8 1 0
10 10 8 2 0
10 10 8 3 0
10 10 8 4 0
10 10 8 5 0
10 10 8 6 0
10 10 8 7 0
10 10 8 8 0
10 10 8 9 0
10 10 8 10 0
10 10 8 11 0
10 10 8 12 0
10 10 8 13 0
10 10 8 14 0
10 10 8 15 0
10 10 9 0 0
10 10 9 1 0
10 10 9 2 0
10 10 9 3 0
10 10 9 4 0
10 10 9 5 0
10 10 9 6 0
10 10 9 7 0
10 10 9 8 0
10 10 9 9 0
10 10 9 10 0
10 10 9 11 0
10 10 9 12 0
10 10 9 13 0
10 10 9 14 0
10 10 9 15 0
10 10 10 0 0
10 10 10 1 0
10 10 10 2 0
10 10 10 3 0
10 10 10 4 0
10 10 10 5 0
10 10 10 6 0
10 10 10 7 0
10 10 10 8 0
10 10 10 9 0
10 10 10 10 0
10 10 10 11 0
10 10 10 12 0
10 10 10 13 0
10 10 10 14 0
10 10 10 15 0
10 10 11 0 0
10 10 11 1 0
10 10 11 2 0
10 10 11 3 0
10 10 11 4 0
10 10 11 5 0
10 10 11 6 0
10 10 11 7 0
10 10 11 8 0
10 10 11 9 0
10 10 11 10 0
10 10 11 11 0
10 10 11 12 0
10 10 11 13 0
10 10 11 14 0
10 10 11 15 0
10 10 12 0 0
10 10 12 1 0
10 10 12 2 0
10 10 12 3 0
10 10 12 4 0
10 10 12 5 0
10 10 12 6 0
10 10 12 7 0
10 10 12 8 0
10 10 12 9 0
10 10 12 10 0
10 10 12 11 0
10 10 12 12 0
10 10 12 13 0
10 10 12 14 0
10 10 12 15 0
10 10 13 0 0
10 10 13 1 0
10 10 13 2 0
10 10 13 3 0
10 10 13 4 0
10 10 13 5 0
10 10 13 6 0
10 10 13 7 0
10 10 13 8 0
10 10 13 9 0
10 10 13 10 0
10 10 13 11 0
10 10 13 12 0
10 10 13 13 0
10 10 13 14 0
10 10 13 15 0
10 10 14 0 0
10 10 14 1 0
10 10 14 2 0
10 10 14 3 0
10 10 14 4 0
10 10 14 5 0
10 10 14 6 0
10 10 14 7 0
10 10 14 8 0
10 10 14 9 0
10 10 14 10 0
10 10 14 11 0
10 10 14 12 0
10 10 14 13 0
10 10 14 14 0
10 10 14 15 0
10 10 15 0 0
10 10 15 1 0
10 10 15 2 0
10 10 15 3 0
10 10 15 4 0
10 10 15 5 0
10 10 15 6 0
10 10 15 7 0
10 10 15 8 0
10 10 15 9 0
10 10 15 10 0
10 10 15 11 0
10 10 15 12 0
10 10 15 13 0
10 10 15 14 0
10 10 15 15 0
10 11 0 0 0
10 11 0 1 0
10 11 0 2 0
10 11 0 3 0
10 11 0 4 0
10 11 0 5 0
10 11 0 6 0
10 11 0 7 0
10 11 0 8 0
10 11 0 9 0
10 11 0 10 0
10 11 0 11 0
10 11 0 12 0
10 11 0 13 0
10 11 0 14 0
10 11 0 15 0
10 11 1 0 0
10 11 1 1 0
10 11 1 2 0
10 11 1 3 0
10 11 1 4 0
10 11 1 5 0
10 11 1 6 0
10 11 1 7 0
10 11 1 8 0
10 11 1 9 0
10 11 1 10 0
10 11 1 11 0
10 11 1 12 0
10 11 1 13 0
10 11 1 14 0
10 11 1 15 0
10 11 2 0 0
10 11 2 1 0
10 11 2 2 0
10 11 2 3 0
10 11 2 4 0
10 11 2 5 0
10 11 2 6 0
10 11 2 7 0
10 11 2 8 0
10 11 2 9 0
10 11 2 10 0
10 11 2 11 0
10 11 2 12 0
10 11 2 13 0
10 11 2 14 0
10 11 2 15 0
10 11 3 0 0
10 11 3 1 0
10 11 3 2 0
10 11 3 3 0
10 11 3 4 0
10 11 3 5 0
10 11 3 6 0
10 11 3 7 0
10 11 3 8 0
10 11 3 9 0
10 11 3 10 0
10 11 3 11 0
10 11 3 12 0
10 11 3 13 0
10 11 3 14 0
10 11 3 15 0
10 11 4 0 0
10 11 4 1 0
10 11 4 2 0
10 11 4 3 0
10 11 4 4 0
10 11 4 5 0
10 11 4 6 0
10 11 4 7 0
10 11 4 8 0
10 11 4 9 0
10 11 4 10 0
10 11 4 11 0
10 11 4 12 0
10 11 4 13 0
10 11 4 14 0
10 11 4 15 0
10 11 5 0 0
10 11 5 1 0
10 11 5 2 0
10 11 5 3 0
10 11 5 4 0
10 11 5 5 0
10 11 5 6 0
10 11 5 7 0
10 11 5 8 0
10 11 5 9 0
10 11 5 10 0
10 11 5 11 0
10 11 5 12 0
10 11 5 13 0
10 11 5 14 0
10 11 5 15 0
10 11 6 0 0
10 11 6 1 0
10 11 6 2 0
10 11 6 3 0
10 11 6 4 0
10 11 6 5 0
10 11 6 6 0
10 11 6 7 0
10 11 6 8 0
10 11 6 9 0
10 11 6 10 0
10 11 6 11 0
10 11 6 12 0
10 11 6 13 0
10 11 6 14 0
10 11 6 15 0
10 11 7 0 0
10 11 7 1 0
10 11 7 2 0
10 11 7 3 0
10 11 7 4 0
10 11 7 5 0
10 11 7 6 0
10 11 7 7 0
10 11 7 8 0
10 11 7 9 0
10 11 7 10 0
10 11 7 11 0
10 11 7 12 0
10 11 7 13 0
10 11 7 14 0
10 11 7 15 0
10 11 8 0 0
10 11 8 1 0
10 11 8 2 0
10 11 8 3 0
10 11 8 4 0
10 11 8 5 0
10 11 8 6 0
10 11 8 7 0
10 11 8 8 0
10 11 8 9 0
10 11 8 10 0
10 11 8 11 0
10 11 8 12 0
10 11 8 13 0
10 11 8 14 0
10 11 8 15 0
10 11 9 0 0
10 11 9 1 0
10 11 9 2 0
10 11 9 3 0
10 11 9 4 0
10 11 9 5 0
10 11 9 6 0
10 11 9 7 0
10 11 9 8 0
10 11 9 9 0
10 11 9 10 0
10 11 9 11 0
10 11 9 12 0
10 11 9 13 0
10 11 9 14 0
10 11 9 15 0
10 11 10 0 0
10 11 10 1 0
10 11 10 2 0
10 11 10 3 0
10 11 10 4 0
10 11 10 5 0
10 11 10 6 0
10 11 10 7 0
10 11 10 8 0
10 11 10 9 0
10 11 10 10 0
10 11 10 11 0
10 11 10 12 0
10 11 10 13 0
10 11 10 14 0
10 11 10 15 0
10 11 11 0 0
10 11 11 1 0
10 11 11 2 0
10 11 11 3 0
10 11 11 4 0
10 11 11 5 0
10 11 11 6 0
10 11 11 7 0
10 11 11 8 0
10 11 11 9 0
10 11 11 10 0
10 11 11 11 0
10 11 11 12 0
10 11 11 13 0
10 11 11 14 0
10 11 11 15 0
10 11 12 0 0
10 11 12 1 0
10 11 12 2 0
10 11 12 3 0
10 11 12 4 0
10 11 12 5 0
10 11 12 6 0
10 11 12 7 0
10 11 12 8 0
10 11 12 9 0
10 11 12 10 0
10 11 12 11 0
10 11 12 12 0
10 11 12 13 0
10 11 12 14 0
10 11 12 15 0
10 11 13 0 0
10 11 13 1 0
10 11 13 2 0
10 11 13 3 0
10 11 13 4 0
10 11 13 5 0
10 11 13 6 0
10 11 13 7 0
10 11 13 8 0
10 11 13 9 0
10 11 13 10 0
10 11 13 11 0
10 11 13 12 0
10 11 13 13 0
10 11 13 14 0
10 11 13 15 0
10 11 14 0 0
10 11 14 1 0
10 11 14 2 0
10 11 14 3 0
10 11 14 4 0
10 11 14 5 0
10 11 14 6 0
10 11 14 7 0
10 11 14 8 0
10 11 14 9 0
10 11 14 10 0
10 11 14 11 0
10 11 14 12 0
10 11 14 13 0
10 11 14 14 0
10 11 14 15 0
10 11 15 0 0
10 11 15 1 0
10 11 15 2 0
10 11 15 3 0
10 11 15 4 0
10 11 15 5 0
10 11 15 6 0
10 11 15 7 0
10 11 15 8 0
10 11 15 9 0
10 11 15 10 0
10 11 15 11 0
10 11 15 12 0
10 11 15 13 0
10 11 15 14 0
10 11 15 15 0
10 12 0 0 0
10 12 0 1 0
10 12 0 2 0
10 12 0 3 0
10 12 0 4 0
10 12 0 5 0
10 12 0 6 0
10 12 0 7 0
10 12 0 8 0
10 12 0 9 0
10 12 0 10 0
10 12 0 11 0
10 12 0 12 0
10 12 0 13 0
10 12 0 14 0
10 12 0 15 0
10 12 1 0 0
10 12 1 1 0
10 12 1 2 0
10 12 1 3 0
10 12 1 4 0
10 12 1 5 0
10 12 1 6 0
10 12 1 7 0
10 12 1 8 0
10 12 1 9 0
10 12 1 10 0
10 12 1 11 0
10 12 1 12 0
10 12 1 13 0
10 12 1 14 0
10 12 1 15 0
10 12 2 0 0
10 12 2 1 0
10 12 2 2 0
10 12 2 3 0
10 12 2 4 0
10 12 2 5 0
10 12 2 6 0
10 12 2 7 0
10 12 2 8 0
10 12 2 9 0
10 12 2 10 0
10 12 2 11 0
10 12 2 12 0
10 12 2 13 0
10 12 2 14 0
10 12 2 15 0
10 12 3 0 0
10 12 3 1 0
10 12 3 2 0
10 12 3 3 0
10 12 3 4 0
10 12 3 5 0
10 12 3 6 0
10 12 3 7 0
10 12 3 8 0
10 12 3 9 0
10 12 3 10 0
10 12 3 11 0
10 12 3 12 0
10 12 3 13 0
10 12 3 14 0
10 12 3 15 0
10 12 4 0 0
10 12 4 1 0
10 12 4 2 0
10 12 4 3 0
10 12 4 4 0
10 12 4 5 0
10 12 4 6 0
10 12 4 7 0
10 12 4 8 0
10 12 4 9 0
10 12 4 10 0
10 12 4 11 0
10 12 4 12 0
10 12 4 13 0
10 12 4 14 0
10 12 4 15 0
10 12 5 0 0
10 12 5 1 0
10 12 5 2 0
10 12 5 3 0
10 12 5 4 0
10 12 5 5 0
10 12 5 6 0
10 12 5 7 0
10 12 5 8 0
10 12 5 9 0
10 12 5 10 0
10 12 5 11 0
10 12 5 12 0
10 12 5 13 0
10 12 5 14 0
10 12 5 15 0
10 12 6 0 0
10 12 6 1 0
10 12 6 2 0
10 12 6 3 0
10 12 6 4 0
10 12 6 5 0
10 12 6 6 0
10 12 6 7 0
10 12 6 8 0
10 12 6 9 0
10 12 6 10 0
10 12 6 11 0
10 12 6 12 0
10 12 6 13 0
10 12 6 14 0
10 12 6 15 0
10 12 7 0 0
10 12 7 1 0
10 12 7 2 0
10 12 7 3 0
10 12 7 4 0
10 12 7 5 0
10 12 7 6 0
10 12 7 7 0
10 12 7 8 0
10 12 7 9 0
10 12 7 10 0
10 12 7 11 0
10 12 7 12 0
10 12 7 13 0
10 12 7 14 0
10 12 7 15 0
10 12 8 0 0
10 12 8 1 0
10 12 8 2 0
10 12 8 3 0
10 12 8 4 0
10 12 8 5 0
10 12 8 6 0
10 12 8 7 0
10 12 8 8 0
10 12 8 9 0
10 12 8 10 0
10 12 8 11 0
10 12 8 12 0
10 12 8 13 0
10 12 8 14 0
10 12 8 15 0
10 12 9 0 0
10 12 9 1 0
10 12 9 2 0
10 12 9 3 0
10 12 9 4 0
10 12 9 5 0
10 12 9 6 0
10 12 9 7 0
10 12 9 8 0
10 12 9 9 0
10 12 9 10 0
10 12 9 11 0
10 12 9 12 0
10 12 9 13 0
10 12 9 14 0
10 12 9 15 0
10 12 10 0 0
10 12 10 1 0
10 12 10 2 0
10 12 10 3 0
10 12 10 4 0
10 12 10 5 0
10 12 10 6 0
10 12 10 7 0
10 12 10 8 0
10 12 10 9 0
10 12 10 10 0
10 12 10 11 0
10 12 10 12 0
10 12 10 13 0
10 12 10 14 0
10 12 10 15 0
10 12 11 0 0
10 12 11 1 0
10 12 11 2 0
10 12 11 3 0
10 12 11 4 0
10 12 11 5 0
10 12 11 6 0
10 12 11 7 0
10 12 11 8 0
10 12 11 9 0
10 12 11 10 0
10 12 11 11 0
10 12 11 12 0
10 12 11 13 0
10 12 11 14 0
10 12 11 15 0
10 12 12 0 0
10 12 12 1 0
10 12 12 2 0
10 12 12 3 0
10 12 12 4 0
10 12 12 5 0
10 12 12 6 0
10 12 12 7 0
10 12 12 8 0
10 12 12 9 0
10 12 12 10 0
10 12 12 11 0
10 12 12 12 0
10 12 12 13 0
10 12 12 14 0
10 12 12 15 0
10 12 13 0 0
10 12 13 1 0
10 12 13 2 0
10 12 13 3 0
10 12 13 4 0
10 12 13 5 0
10 12 13 6 0
10 12 13 7 0
10 12 13 8 0
10 12 13 9 0
10 12 13 10 0
10 12 13 11 0
10 12 13 12 0
10 12 13 13 0
10 12 13 14 0
10 12 13 15 0
10 12 14 0 0
10 12 14 1 0
10 12 14 2 0
10 12 14 3 0
10 12 14 4 0
10 12 14 5 0
10 12 14 6 0
10 12 14 7 0
10 12 14 8 0
10 12 14 9 0
10 12 14 10 0
10 12 14 11 0
10 12 14 12 0
10 12 14 13 0
10 12 14 14 0
10 12 14 15 0
10 12 15 0 0
10 12 15 1 0
10 12 15 2 0
10 12 15 3 0
10 12 15 4 0
10 12 15 5 0
10 12 15 6 0
10 12 15 7 0
10 12 15 8 0
10 12 15 9 0
10 12 15 10 0
10 12 15 11 0
10 12 15 12 0
10 12 15 13 0
10 12 15 14 0
10 12 15 15 0
10 13 0 0 0
10 13 0 1 0
10 13 0 2 0
10 13 0 3 0
10 13 0 4 0
10 13 0 5 0
10 13 0 6 0
10 13 0 7 0
10 13 0 8 0
10 13 0 9 0
10 13 0 10 0
10 13 0 11 0
10 13 0 12 0
10 13 0 13 0
10 13 0 14 0
10 13 0 15 0
10 13 1 0 0
10 13 1 1 0
10 13 1 2 0
10 13 1 3 0
10 13 1 4 0
10 13 1 5 0
10 13 1 6 0
10 13 1 7 0
10 13 1 8 0
10 13 1 9 0
10 13 1 10 0
10 13 1 11 0
10 13 1 12 0
10 13 1 13 0
10 13 1 14 0
10 13 1 15 0
10 13 2 0 0
10 13 2 1 0
10 13 2 2 0
10 13 2 3 0
10 13 2 4 0
10 13 2 5 0
10 13 2 6 0
10 13 2 7 0
10 13 2 8 0
10 13 2 9 0
10 13 2 10 0
10 13 2 11 0
10 13 2 12 0
10 13 2 13 0
10 13 2 14 0
10 13 2 15 0
10 13 3 0 0
10 13 3 1 0
10 13 3 2 0
10 13 3 3 0
10 13 3 4 0
10 13 3 5 0
10 13 3 6 0
10 13 3 7 0
10 13 3 8 0
10 13 3 9 0
10 13 3 10 0
10 13 3 11 0
10 13 3 12 0
10 13 3 13 0
10 13 3 14 0
10 13 3 15 0
10 13 4 0 0
10 13 4 1 0
10 13 4 2 0
10 13 4 3 0
10 13 4 4 0
10 13 4 5 0
10 13 4 6 0
10 13 4 7 0
10 13 4 8 0
10 13 4 9 0
10 13 4 10 0
10 13 4 11 0
10 13 4 12 0
10 13 4 13 0
10 13 4 14 0
10 13 4 15 0
10 13 5 0 0
10 13 5 1 0
10 13 5 2 0
10 13 5 3 0
10 13 5 4 0
10 13 5 5 0
10 13 5 6 0
10 13 5 7 0
10 13 5 8 0
10 13 5 9 0
10 13 5 10 0
10 13 5 11 0
10 13 5 12 0
10 13 5 13 0
10 13 5 14 0
10 13 5 15 0
10 13 6 0 0
10 13 6 1 0
10 13 6 2 0
10 13 6 3 0
10 13 6 4 0
10 13 6 5 0
10 13 6 6 0
10 13 6 7 0
10 13 6 8 0
10 13 6 9 0
10 13 6 10 0
10 13 6 11 0
10 13 6 12 0
10 13 6 13 0
10 13 6 14 0
10 13 6 15 0
10 13 7 0 0
10 13 7 1 0
10 13 7 2 0
10 13 7 3 0
10 13 7 4 0
10 13 7 5 0
10 13 7 6 0
10 13 7 7 0
10 13 7 8 0
10 13 7 9 0
10 13 7 10 0
10 13 7 11 0
10 13 7 12 0
10 13 7 13 0
10 13 7 14 0
10 13 7 15 0
10 13 8 0 0
10 13 8 1 0
10 13 8 2 0
10 13 8 3 0
10 13 8 4 0
10 13 8 5 0
10 13 8 6 0
10 13 8 7 0
10 13 8 8 0
10 13 8 9 0
10 13 8 10 0
10 13 8 11 0
10 13 8 12 0
10 13 8 13 0
10 13 8 14 0
10 13 8 15 0
10 13 9 0 0
10 13 9 1 0
10 13 9 2 0
10 13 9 3 0
10 13 9 4 0
10 13 9 5 0
10 13 9 6 0
10 13 9 7 0
10 13 9 8 0
10 13 9 9 0
10 13 9 10 0
10 13 9 11 0
10 13 9 12 0
10 13 9 13 0
10 13 9 14 0
10 13 9 15 0
10 13 10 0 0
10 13 10 1 0
10 13 10 2 0
10 13 10 3 0
10 13 10 4 0
10 13 10 5 0
10 13 10 6 0
10 13 10 7 0
10 13 10 8 0
10 13 10 9 0
10 13 10 10 0
10 13 10 11 0
10 13 10 12 0
10 13 10 13 0
10 13 10 14 0
10 13 10 15 0
10 13 11 0 0
10 13 11 1 0
10 13 11 2 0
10 13 11 3 0
10 13 11 4 0
10 13 11 5 0
10 13 11 6 0
10 13 11 7 0
10 13 11 8 0
10 13 11 9 0
10 13 11 10 0
10 13 11 11 0
10 13 11 12 0
10 13 11 13 0
10 13 11 14 0
10 13 11 15 0
10 13 12 0 0
10 13 12 1 0
10 13 12 2 0
10 13 12 3 0
10 13 12 4 0
10 13 12 5 0
10 13 12 6 0
10 13 12 7 0
10 13 12 8 0
10 13 12 9 0
10 13 12 10 0
10 13 12 11 0
10 13 12 12 0
10 13 12 13 0
10 13 12 14 0
10 13 12 15 0
10 13 13 0 0
10 13 13 1 0
10 13 13 2 0
10 13 13 3 0
10 13 13 4 0
10 13 13 5 0
10 13 13 6 0
10 13 13 7 0
10 13 13 8 0
10 13 13 9 0
10 13 13 10 0
10 13 13 11 0
10 13 13 12 0
10 13 13 13 0
10 13 13 14 0
10 13 13 15 0
10 13 14 0 0
10 13 14 1 0
10 13 14 2 0
10 13 14 3 0
10 13 14 4 0
10 13 14 5 0
10 13 14 6 0
10 13 14 7 0
10 13 14 8 0
10 13 14 9 0
10 13 14 10 0
10 13 14 11 0
10 13 14 12 0
10 13 14 13 0
10 13 14 14 0
10 13 14 15 0
10 13 15 0 0
10 13 15 1 0
10 13 15 2 0
10 13 15 3 0
10 13 15 4 0
10 13 15 5 0
10 13 15 6 0
10 13 15 7 0
10 13 15 8 0
10 13 15 9 0
10 13 15 10 0
10 13 15 11 0
10 13 15 12 0
10 13 15 13 0
10 13 15 14 0
10 13 15 15 0
10 14 0 0 0
10 14 0 1 0
10 14 0 2 0
10 14 0 3 0
10 14 0 4 0
10 14 0 5 0
10 14 0 6 0
10 14 0 7 0
10 14 0 8 0
10 14 0 9 0
10 14 0 10 0
10 14 0 11 0
10 14 0 12 0
10 14 0 13 0
10 14 0 14 0
10 14 0 15 0
10 14 1 0 0
10 14 1 1 0
10 14 1 2 0
10 14 1 3 0
10 14 1 4 0
10 14 1 5 0
10 14 1 6 0
10 14 1 7 0
10 14 1 8 0
10 14 1 9 0
10 14 1 10 0
10 14 1 11 0
10 14 1 12 0
10 14 1 13 0
10 14 1 14 0
10 14 1 15 0
10 14 2 0 0
10 14 2 1 0
10 14 2 2 0
10 14 2 3 0
10 14 2 4 0
10 14 2 5 0
10 14 2 6 0
10 14 2 7 0
10 14 2 8 0
10 14 2 9 0
10 14 2 10 0
10 14 2 11 0
10 14 2 12 0
10 14 2 13 0
10 14 2 14 0
10 14 2 15 0
10 14 3 0 0
10 14 3 1 0
10 14 3 2 0
10 14 3 3 0
10 14 3 4 0
10 14 3 5 0
10 14 3 6 0
10 14 3 7 0
10 14 3 8 0
10 14 3 9 0
10 14 3 10 0
10 14 3 11 0
10 14 3 12 0
10 14 3 13 0
10 14 3 14 0
10 14 3 15 0
10 14 4 0 0
10 14 4 1 0
10 14 4 2 0
10 14 4 3 0
10 14 4 4 0
10 14 4 5 0
10 14 4 6 0
10 14 4 7 0
10 14 4 8 0
10 14 4 9 0
10 14 4 10 0
10 14 4 11 0
10 14 4 12 0
10 14 4 13 0
10 14 4 14 0
10 14 4 15 0
10 14 5 0 0
10 14 5 1 0
10 14 5 2 0
10 14 5 3 0
10 14 5 4 0
10 14 5 5 0
10 14 5 6 0
10 14 5 7 0
10 14 5 8 0
10 14 5 9 0
10 14 5 10 0
10 14 5 11 0
10 14 5 12 0
10 14 5 13 0
10 14 5 14 0
10 14 5 15 0
10 14 6 0 0
10 14 6 1 0
10 14 6 2 0
10 14 6 3 0
10 14 6 4 0
10 14 6 5 0
10 14 6 6 0
10 14 6 7 0
10 14 6 8 0
10 14 6 9 0
10 14 6 10 0
10 14 6 11 0
10 14 6 12 0
10 14 6 13 0
10 14 6 14 0
10 14 6 15 0
10 14 7 0 0
10 14 7 1 0
10 14 7 2 0
10 14 7 3 0
10 14 7 4 0
10 14 7 5 0
10 14 7 6 0
10 14 7 7 0
10 14 7 8 0
10 14 7 9 0
10 14 7 10 0
10 14 7 11 0
10 14 7 12 0
10 14 7 13 0
10 14 7 14 0
10 14 7 15 0
10 14 8 0 0
10 14 8 1 0
10 14 8 2 0
10 14 8 3 0
10 14 8 4 0
10 14 8 5 0
10 14 8 6 0
10 14 8 7 0
10 14 8 8 0
10 14 8 9 0
10 14 8 10 0
10 14 8 11 0
10 14 8 12 0
10 14 8 13 0
10 14 8 14 0
10 14 8 15 0
10 14 9 0 0
10 14 9 1 0
10 14 9 2 0
10 14 9 3 0
10 14 9 4 0
10 14 9 5 0
10 14 9 6 0
10 14 9 7 0
10 14 9 8 0
10 14 9 9 0
10 14 9 10 0
10 14 9 11 0
10 14 9 12 0
10 14 9 13 0
10 14 9 14 0
10 14 9 15 0
10 14 10 0 0
10 14 10 1 0
10 14 10 2 0
10 14 10 3 0
10 14 10 4 0
10 14 10 5 0
10 14 10 6 0
10 14 10 7 0
10 14 10 8 0
10 14 10 9 0
10 14 10 10 0
10 14 10 11 0
10 14 10 12 0
10 14 10 13 0
10 14 10 14 0
10 14 10 15 0
10 14 11 0 0
10 14 11 1 0
10 14 11 2 0
10 14 11 3 0
10 14 11 4 0
10 14 11 5 0
10 14 11 6 0
10 14 11 7 0
10 14 11 8 0
10 14 11 9 0
10 14 11 10 0
10 14 11 11 0
10 14 11 12 0
10 14 11 13 0
10 14 11 14 0
10 14 11 15 0
10 14 12 0 0
10 14 12 1 0
10 14 12 2 0
10 14 12 3 0
10 14 12 4 0
10 14 12 5 0
10 14 12 6 0
10 14 12 7 0
10 14 12 8 0
10 14 12 9 0
10 14 12 10 0
10 14 12 11 0
10 14 12 12 0
10 14 12 13 0
10 14 12 14 0
10 14 12 15 0
10 14 13 0 0
10 14 13 1 0
10 14 13 2 0
10 14 13 3 0
10 14 13 4 0
10 14 13 5 0
10 14 13 6 0
10 14 13 7 0
10 14 13 8 0
10 14 13 9 0
10 14 13 10 0
10 14 13 11 0
10 14 13 12 0
10 14 13 13 0
10 14 13 14 0
10 14 13 15 0
10 14 14 0 0
10 14 14 1 0
10 14 14 2 0
10 14 14 3 0
10 14 14 4 0
10 14 14 5 0
10 14 14 6 0
10 14 14 7 0
10 14 14 8 0
10 14 14 9 0
10 14 14 10 0
10 14 14 11 0
10 14 14 12 0
10 14 14 13 0
10 14 14 14 0
10 14 14 15 0
10 14 15 0 0
10 14 15 1 0
10 14 15 2 0
10 14 15 3 0
10 14 15 4 0
10 14 15 5 0
10 14 15 6 0
10 14 15 7 0
10 14 15 8 0
10 14 15 9 0
10 14 15 10 0
10 14 15 11 0
10 14 15 12 0
10 14 15 13 0
10 14 15 14 0
10 14 15 15 0
10 15 0 0 0
10 15 0 1 0
10 15 0 2 0
10 15 0 3 0
10 15 0 4 0
10 15 0 5 0
10 15 0 6 0
10 15 0 7 0
10 15 0 8 0
10 15 0 9 0
10 15 0 10 0
10 15 0 11 0
10 15 0 12 0
10 15 0 13 0
10 15 0 14 0
10 15 0 15 0
10 15 1 0 0
10 15 1 1 0
10 15 1 2 0
10 15 1 3 0
10 15 1 4 0
10 15 1 5 0
10 15 1 6 0
10 15 1 7 0
10 15 1 8 0
10 15 1 9 0
10 15 1 10 0
10 15 1 11 0
10 15 1 12 0
10 15 1 13 0
10 15 1 14 0
10 15 1 15 0
10 15 2 0 0
10 15 2 1 0
10 15 2 2 0
10 15 2 3 0
10 15 2 4 0
10 15 2 5 0
10 15 2 6 0
10 15 2 7 0
10 15 2 8 0
10 15 2 9 0
10 15 2 10 0
10 15 2 11 0
10 15 2 12 0
10 15 2 13 0
10 15 2 14 0
10 15 2 15 0
10 15 3 0 0
10 15 3 1 0
10 15 3 2 0
10 15 3 3 0
10 15 3 4 0
10 15 3 5 0
10 15 3 6 0
10 15 3 7 0
10 15 3 8 0
10 15 3 9 0
10 15 3 10 0
10 15 3 11 0
10 15 3 12 0
10 15 3 13 0
10 15 3 14 0
10 15 3 15 0
10 15 4 0 0
10 15 4 1 0
10 15 4 2 0
10 15 4 3 0
10 15 4 4 0
10 15 4 5 0
10 15 4 6 0
10 15 4 7 0
10 15 4 8 0
10 15 4 9 0
10 15 4 10 0
10 15 4 11 0
10 15 4 12 0
10 15 4 13 0
10 15 4 14 0
10 15 4 15 0
10 15 5 0 0
10 15 5 1 0
10 15 5 2 0
10 15 5 3 0
10 15 5 4 0
10 15 5 5 0
10 15 5 6 0
10 15 5 7 0
10 15 5 8 0
10 15 5 9 0
10 15 5 10 0
10 15 5 11 0
10 15 5 12 0
10 15 5 13 0
10 15 5 14 0
10 15 5 15 0
10 15 6 0 0
10 15 6 1 0
10 15 6 2 0
10 15 6 3 0
10 15 6 4 0
10 15 6 5 0
10 15 6 6 0
10 15 6 7 0
10 15 6 8 0
10 15 6 9 0
10 15 6 10 0
10 15 6 11 0
10 15 6 12 0
10 15 6 13 0
10 15 6 14 0
10 15 6 15 0
10 15 7 0 0
10 15 7 1 0
10 15 7 2 0
10 15 7 3 0
10 15 7 4 0
10 15 7 5 0
10 15 7 6 0
10 15 7 7 0
10 15 7 8 0
10 15 7 9 0
10 15 7 10 0
10 15 7 11 0
10 15 7 12 0
10 15 7 13 0
10 15 7 14 0
10 15 7 15 0
10 15 8 0 0
10 15 8 1 0
10 15 8 2 0
10 15 8 3 0
10 15 8 4 0
10 15 8 5 0
10 15 8 6 0
10 15 8 7 0
10 15 8 8 0
10 15 8 9 0
10 15 8 10 0
10 15 8 11 0
10 15 8 12 0
10 15 8 13 0
10 15 8 14 0
10 15 8 15 0
10 15 9 0 0
10 15 9 1 0
10 15 9 2 0
10 15 9 3 0
10 15 9 4 0
10 15 9 5 0
10 15 9 6 0
10 15 9 7 0
10 15 9 8 0
10 15 9 9 0
10 15 9 10 0
10 15 9 11 0
10 15 9 12 0
10 15 9 13 0
10 15 9 14 0
10 15 9 15 0
10 15 10 0 0
10 15 10 1 0
10 15 10 2 0
10 15 10 3 0
10 15 10 4 0
10 15 10 5 0
10 15 10 6 0
10 15 10 7 0
10 15 10 8 0
10 15 10 9 0
10 15 10 10 0
10 15 10 11 0
10 15 10 12 0
10 15 10 13 0
10 15 10 14 0
10 15 10 15 0
10 15 11 0 0
10 15 11 1 0
10 15 11 2 0
10 15 11 3 0
10 15 11 4 0
10 15 11 5 0
10 15 11 6 0
10 15 11 7 0
10 15 11 8 0
10 15 11 9 0
10 15 11 10 0
10 15 11 11 0
10 15 11 12 0
10 15 11 13 0
10 15 11 14 0
10 15 11 15 0
10 15 12 0 0
10 15 12 1 0
10 15 12 2 0
10 15 12 3 0
10 15 12 4 0
10 15 12 5 0
10 15 12 6 0
10 15 12 7 0
10 15 12 8 0
10 15 12 9 0
10 15 12 10 0
10 15 12 11 0
10 15 12 12 0
10 15 12 13 0
10 15 12 14 0
10 15 12 15 0
10 15 13 0 0
10 15 13 1 0
10 15 13 2 0
10 15 13 3 0
10 15 13 4 0
10 15 13 5 0
10 15 13 6 0
10 15 13 7 0
10 15 13 8 0
10 15 13 9 0
10 15 13 10 0
10 15 13 11 0
10 15 13 12 0
10 15 13 13 0
10 15 13 14 0
10 15 13 15 0
10 15 14 0 0
10 15 14 1 0
10 15 14 2 0
10 15 14 3 0
10 15 14 4 0
10 15 14 5 0
10 15 14 6 0
10 15 14 7 0
10 15 14 8 0
10 15 14 9 0
10 15 14 10 0
10 15 14 11 0
10 15 14 12 0
10 15 14 13 0
10 15 14 14 0
10 15 14 15 0
10 15 15 0 0
10 15 15 1 0
10 15 15 2 0
10 15 15 3 0
10 15 15 4 0
10 15 15 5 0
10 15 15 6 0
10 15 15 7 0
10 15 15 8 0
10 15 15 9 0
10 15 15 10 0
10 15 15 11 0
10 15 15 12 0
10 15 15 13 0
10 15 15 14 0
10 15 15 15 0
11 0 0 0 -0.01182810517969271
11 0 0 1 0
11 0 0 2 0.02507076762911945
11 0 0 3 0
11 0 0 4 0
11 0 0 5 0
11 0 0 6 0
11 0 0 7 0
11 0 0 8 0
11 0 0 9 0
11 0 0 10 0
11 0 0 11 -0.0005968365388956431
11 0 0 12 0
11 0 0 13 0
11 0 0 14 0.0006094918916134417
11 0 0 15 0
11 0 1 0 0
11 0 1 1 0
11 0 1 2 0
11 0 1 3 0
11 0 1 4 0
11 0 1 5 0
11 0 1 6 0
11 0 1 7 0
11 0 1 8 0
11 0 1 9 0
11 0 1 10 0
11 0 1 11 0
11 0 1 12 0
11 0 1 13 0
11 0 1 14 0
11 0 1 15 0
11 0 2 0 -0.0501415352582389
11 0 2 1 0
11 0 2 2 0
11 0 2 3 0
11 0 2 4 0
11 0 2 5 0
11 0 2 6 0
11 0 2 7 0
11 0 2 8 0
11 0 2 9 0
11 0 2 10 0
11 0 2 11 0.0003407235438945717
11 0 2 12 0
11 0 2 13 0
11 0 2 14 0
11 0 2 15 0
11 0 3 0 0
11 0 3 1 0
11 0 3 2 0
11 0 3 3 0
11 0 3 4 0
11 0 3 5 0
11 0 3 6 0
11 0 3 7 0
11 0 3 8 0
11 0 3 9 0
11 0 3 10 0
11 0 3 11 0
11 0 3 12 0
11 0 3 13 0
11 0 3 14 0
11 0 3 15 0
11 0 4 0 0
11 0 4 1 0
11 0 4 2 0
11 0 4 3 0
11 0 4 4 0
11 0 4 5 0
11 0 4 6 0
11 0 4 7 0
11 0 4 8 0
11 0 4 9 0
11 0 4 10 0
11 0 4 11 0
11 0 4 12 0
11 0 4 13 0
11 0 4 14 0
11 0 4 15 0
11 0 5 0 0
11 0 5 1 0
11 0 5 2 0
11 0 5 3 0
11 0 5 4 0
11 0 5 5 0
11 0 5 6 0
11 0 5 7 0
11 0 5 8 0
11 0 5 9 0
11 0 5 10 0
11 0 5 11 0
11 0 5 12 0
11 0 5 13 0
11 0 5 14 0
11 0 5 15 0
11 0 6 0 0
11 0 6 1 0
11 0 6 2 0
11 0 6 3 0
11 0 6 4 0
11 0 6 5 0
11 0 6 6 0
11 0 6 7 0
11 0 6 8 0
11 0 6 9 0
11 0 6 10 0
11 0 6 11 0
11 0 6 12 0
11 0 6 13 0
11 0 6 14 0
11 0 6 15 0
11 0 7 0 0
11 0 7 1 0
11 0 7 2 0
11 0 7 3 0
11 0 7 4 0
11 0 7 5 0
11 0 7 6 0
11 0 7 7 0
11 0 7 8 0
11 0 7 9 0
11 0 7 10 0
11 0 7 11 0
11 0 7 12 0
11 0 7 13 0
11 0 7 14 0
11 0 7 15 0
11 0 8 0 0
11 0 8 1 0
11 0 8 2 0
11 0 8 3 0
11 0 8 4 0
11 0 8 5 0
11 0 8 6 0
11 0 8 7 0
11 0 8 8 0
11 0 8 9 0
11 0 8 10 0
11 0 8 11 0
11 0 8 12 0
11 0 8 13 0
11 0 8 14 0
11 0 8 15 0
11 0 9 0 0
11 0 9 1 0
11 0 9 2 0
11 0 9 3 0
11 0 9 4 0
11 0 9 5 0
11 0 9 6 0
11 0 9 7 0
11 0 9 8 0
11 0 9 9 0
11 0 9 10 0
11 0 9 11 0
11 0 9 12 0
11 0 9 13 0
11 0 9 14 0
11 0 9 15 0
11 0 10 0 0
11 0 10 1 0
11 0 10 2 0
11 0 10 3 0
11 0 10 4 0
11 0 10 5 0
11 0 10 6 0
11 0 10 7 0
11 0 10 8 0
11 0 10 9 0
11 0 10 10 0
11 0 10 11 0
11 0 10 12 0
11 0 10 13 0
11 0 10 14 0
11 0 10 15 0
11 0 11 0 0.001215826874746031
11 0 11 1 0
11 0 11 2 -0.0002351219134159289
11 0 11 3 0
11 0 11 4 0
11 0 11 5 0
11 0 11 6 0
11 0 11 7 0
11 0 11 8 0
11 0 11 9 0
11 0 11 10 0
11 0 11 11 0
11 0 11 12 0
11 0 11 13 0
11 0 11 14 0
11 0 11 15 0
11 0 12 0 0
11 0 12 1 0
11 0 12 2 0
11 0 12 3 0
11 0 12 4 0
11 0 12 5 0
11 0 12 6 0
11 0 12 7 0
11 0 12 8 0
11 0 12 9 0
11 0 12 10 0
11 0 12 11 0
11 0 12 12 0
11 0 12 13 0
11 0 12 14 0
11 0 12 15 0
11 0 13 0 0
11 0 13 1 0
11 0 13 2 0
11 0 13 3 0
11 0 13 4 0
11 0 13 5 0
11 0 13 6 0
11 0 13 7 0
11 0 13 8 0
11 0 13 9 0
11 0 13 10 0
11 0 13 11 0
11 0 13 12 0
11 0 13 13 0
11 0 13 14 0
11 0 13 15 0
11 0 14 0 -0.001218983783226883
11 0 14 1 0
11 0 14 2 0
11 0 14 3 0
11 0 14 4 0
11 0 14 5 0
11 0 14 6 0
11 0 14 7 0
11 0 14 8 0
11 0 14 9 0
11 0 14 10 0
11 0 14 11 0
11 0 14 12 0
11 0 14 13 0
11 0 14 14 0
11 0 14 15 0
11 0 15 0 0
11 0 15 1 0
11 0 15 2 0
11 0 15 3 0
11 0 15 4 0
11 0 15 5 0
11 0 15 6 0
11 0 15 7 0
11 0 15 8 0
11 0 15 9 0
11 0 15 10 0
11 0 15 11 0
11 0 15 12 0
11 0 15 13 0
11 0 15 14 0
11 0 15 15 0
11 1 0 0 0
11 1 0 1 -0.02365621035938541
11 1 0 2 0
11 1 0 3 0
11 1 0 4 0
11 1 0 5 0
11 1 0 6 0
11 1 0 7 0
11 1 0 8 0
11 1 0 9 0
11 1 0 10 0
11 1 0 11 0
11 1 0 12 0
11 1 0 13 0
11 1 0 14 0
11 1 0 15 -0.0001554812858118622
11 1 1 0 0.01182810517969271
11 1 1 1 0
11 1 1 2 0.02507076762911945
11 1 1 3 0
11 1 1 4 0
11 1 1 5 0
11 1 1 6 0
11 1 1 7 0
11 1 1 8 0
11 1 1 9 0
11 1 1 10 0
11 1 1 11 -0.0007562016211748073
11 1 1 12 0
11 1 1 13 0
11 1 1 14 0.0006094918916134417
11 1 1 15 0
11 1 2 0 0
11 1 2 1 -0.0501415352582389
11 1 2 2 0
11 1 2 3 0
11 1 2 4 0
11 1 2 5 0
11 1 2 6 0
11 1 2 7 0
11 1 2 8 0
11 1 2 9 0
11 1 2 10 0
11 1 2 11 0
11 1 2 12 0
11 1 2 13 0
11 1 2 14 0
11 1 2 15 -0.0003983260747557182
11 1 3 0 0
11 1 3 1 0
11 1 3 2 0
11 1 3 3 0
11 1 3 4 0
11 1 3 5 0
11 1 3 6 0
11 1 3 7 0
11 1 3 8 0
11 1 3 9 0
11 1 3 10 0
11 1 3 11 0
11 1 3 12 0
11 1 3 13 0
11 1 3 14 0
11 1 3 15 0
11 1 4 0 0
11 1 4 1 0
11 1 4 2 0
11 1 4 3 0
11 1 4 4 0
11 1 4 5 0
11 1 4 6 0
11 1 4 7 0
11 1 4 8 0
11 1 4 9 0
11 1 4 10 0
11 1 4 11 0
11 1 4 12 0
11 1 4 13 0
11 1 4 14 0
11 1 4 15 0
11 1 5 0 0
11 1 5 1 0
11 1 5 2 0
11 1 5 3 0
11 1 5 4 0
11 1 5 5 0
11 1 5 6 0
11 1 5 7 0
11 1 5 8 0
11 1 5 9 0
11 1 5 10 0
11 1 5 11 0
11 1 5 12 0
11 1 5 13 0
11 1 5 14 0
11 1 5 15 0
11 1 6 0 0
11 1 6 1 0
11 1 6 2 0
11 1 6 3 0
11 1 6 4 0
11 1 6 5 0
11 1 6 6 0
11 1 6 7 0
11 1 6 8 0
11 1 6 9 0
11 1 6 10 0
11 1 6 11 0
11 1 6 12 0
11 1 6 13 0
11 1 6 14 0
11 1 6 15 0
11 1 7 0 0
11 1 7 1 0
11 1 7 2 0
11 1 7 3 0
11 1 7 4 0
11 1 7 5 0
11 1 7 6 0
11 1 7 7 0
11 1 7 8 0
11 1 7 9 0
11 1 7 10 0
11 1 7 11 0
11 1 7 12 0
11 1 7 13 0
11 1 7 14 0
11 1 7 15 0
11 1 8 0 0
11 1 8 1 0
11 1 8 2 0
11 1 8 3 0
11 1 8 4 0
11 1 8 5 0
11 1 8 6 0
11 1 8 7 0
11 1 8 8 0
11 1 8 9 0
11 1 8 10 0
11 1 8 11 0
11 1 8 12 0
11 1 8 13 0
11 1 8 14 0
11 1 8 15 0
11 1 9 0 0
11 1 9 1 0
11 1 9 2 0
11 1 9 3 0
11 1 9 4 0
11 1 9 5 0
11 1 9 6 0
11 1 9 7 0
11 1 9 8 0
11 1 9 9 0
11 1 9 10 0
11 1 9 11 0
11 1 9 12 0
11 1 9 13 0
11 1 9 14 0
11 1 9 15 0
11 1 10 0 0
11 1 10 1 0
11 1 10 2 0
11 1 10 3 0
11 1 10 4 0
11 1 10 5 0
11 1 10 6 0
11 1 10 7 0
11 1 10 8 0
11 1 10 9 0
11 1 10 10 0
11 1 10 11 0
11 1 10 12 0
11 1 10 13 0
11 1 10 14 0
11 1 10 15 0
11 1 11 0 0
11 1 11 1 0.001512403242349615
11 1 11 2 0
11 1 11 3 0
11 1 11 4 0
11 1 11 5 0
11 1 11 6 0
11 1 11 7 0
11 1 11 8 0
11 1 11 9 0
11 1 11 10 0
11 1 11 11 0
11 1 11 12 0
11 1 11 13 0
11 1 11 14 0
11 1 11 15 0
11 1 12 0 0
11 1 12 1 0
11 1 12 2 0
11 1 12 3 0
11 1 12 4 0
11 1 12 5 0
11 1 12 6 0
11 1 12 7 0
11 1 12 8 0
11 1 12 9 0
11 1 12 10 0
11 1 12 11 0
11 1 12 12 0
11 1 12 13 0
11 1 12 14 0
11 1 12 15 0
11 1 13 0 0
11 1 13 1 0
11 1 13 2 0
11 1 13 3 0
11 1 13 4 0
11 1 13 5 0
11 1 13 6 0
11 1 13 7 0
11 1 13 8 0
11 1 13 9 0
11 1 13 10 0
11 1 13 11 0
11 1 13 12 0
11 1 13 13 0
11 1 13 14 0
11 1 13 15 0
11 1 14 0 0
11 1 14 1 -0.001218983783226883
11 1 14 2 0
11 1 14 3 0
11 1 14 4 0
11 1 14 5 0
11 1 14 6 0
11 1 14 7 0
11 1 14 8 0
11 1 14 9 0
11 1 14 10 0
11 1 14 11 0
11 1 14 12 0
11 1 14 13 0
11 1 14 14 0
11 1 14 15 0
11 1 15 0 0.0001030437577348906
11 1 15 1 0
11 1 15 2 0.000207907441525702
11 1 15 3 0
11 1 15 4 0
11 1 15 5 0
11 1 15 6 0
11 1 15 7 0
11 1 15 8 0
11 1 15 9 0
11 1 15 10 0
11 1 15 11 0
11 1 15 12 0
11 1 15 13 0
11 1 15 14 0
11 1 15 15 0
11 2 0 0 0
11 2 0 1 0
11 2 0 2 -0.01957258084870474
11 2 0 3 0
11 2 0 4 0
11 2 0 5 0
11 2 0 6 0
11 2 0 7 0
11 2 0 8 0
11 2 0 9 0
11 2 0 10 0
11 2 0 11 0.0003407235438945718
11 2 0 12 0
11 2 0 13 0
11 2 0 14 -0.0004900116077791911
11 2 0 15 0
11 2 1 0 0
11 2 1 1 0
11 2 1 2 0
11 2 1 3 0
11 2 1 4 0
11 2 1 5 0
11 2 1 6 0
11 2 1 7 0
11 2 1 8 0
11 2 1 9 0
11 2 1 10 0
11 2 1 11 0
11 2 1 12 0
11 2 1 13 0
11 2 1 14 0
11 2 1 15 0
11 2 2 0 0.009786290424352372
11 2 2 1 0
11 2 2 2 -0.02507076762911945
11 2 2 3 0
11 2 2 4 0
11 2 2 5 0
11 2 2 6 0
11 2 2 7 0
11 2 2 8 0
11 2 2 9 0
11 2 2 10 0
11 2 2 11 0.0001572346258591049
11 2 2 12 0
11 2 2 13 0
11 2 2 14 -0.0006457777808142742
11 2 2 15 0
11 2 3 0 0
11 2 3 1 0
11 2 3 2 0
11 2 3 3 0
11 2 3 4 0
11 2 3 5 0
11 2 3 6 0
11 2 3 7 0
11 2 3 8 0
11 2 3 9 0
11 2 3 10 0
11 2 3 11 0
11 2 3 12 0
11 2 3 13 0
11 2 3 14 0
11 2 3 15 0
11 2 4 0 0
11 2 4 1 0
11 2 4 2 0
11 2 4 3 0
11 2 4 4 0
11 2 4 5 0
11 2 4 6 0
11 2 4 7 0
11 2 4 8 0
11 2 4 9 0
11 2 4 10 0
11 2 4 11 0
11 2 4 12 0
11 2 4 13 0
11 2 4 14 0
11 2 4 15 0
11 2 5 0 0
11 2 5 1 0
11 2 5 2 0
11 2 5 3 0
11 2 5 4 0
11 2 5 5 0
11 2 5 6 0
11 2 5 7 0
11 2 5 8 0
11 2 5 9 0
11 2 5 10 0
11 2 5 11 0
11 2 5 12 0
11 2 5 13 0
11 2 5 14 0
11 2 5 15 0
11 2 6 0 0
11 2 6 1 0
11 2 6 2 0
11 2 6 3 0
11 2 6 4 0
11 2 6 5 0
11 2 6 6 0
11 2 6 7 0
11 2 6 8 0
11 2 6 9 0
11 2 6 10 0
11 2 6 11 0
11 2 6 12 0
11 2 6 13 0
11 2 6 14 0
11 2 6 15 0
11 2 7 0 0
11 2 7 1 0
11 2 7 2 0
11 2 7 3 0
11 2 7 4 0
11 2 7 5 0
11 2 7 6 0
11 2 7 7 0.01175002084393034
11 2 7 8 0
11 2 7 9 0
11 2 7 10 0
11 2 7 11 0
11 2 7 12 0
11 2 7 13 0
11 2 7 14 0
11 2 7 15 0
11 2 8 0 0
11 2 8 1 0
11 2 8 2 0
11 2 8 3 0
11 2 8 4 0
11 2 8 5 0
11 2 8 6 0
11 2 8 7 0
11 2 8 8 0
11 2 8 9 0
11 2 8 10 0
11 2 8 11 0
11 2 8 12 0
11 2 8 13 0
11 2 8 14 0
11 2 8 15 0
11 2 9 0 0
11 2 9 1 0
11 2 9 2 0
11 2 9 3 0
11 2 9 4 0
11 2 9 5 0
11 2 9 6 0
11 2 9 7 0
11 2 9 8 0
11 2 9 9 0
11 2 9 10 0
11 2 9 11 0
11 2 9 12 0
11 2 9 13 0
11 2 9 14 0
11 2 9 15 0
11 2 10 0 0
11 2 10 1 0
11 2 10 2 0
11 2 10 3 0
11 2 10 4 0
11 2 10 5 0
11 2 10 6 0
11 2 10 7 0
11 2 10 8 0
11 2 10 9 0
11 2 10 10 0
11 2 10 11 0
11 2 10 12 0
11 2 10 13 0
11 2 10 14 0
11 2 10 15 0
11 2 11 0 -0.0002351219134159289
11 2 11 1 0
11 2 11 2 0.000971624264871393
11 2 11 3 0
11 2 11 4 0
11 2 11 5 0
11 2 11 6 0
11 2 11 7 0
11 2 11 8 0
11 2 11 9 0
11 2 11 10 0
11 2 11 11 0
11 2 11 12 0
11 2 11 13 0
11 2 11 14 0
11 2 11 15 0
11 2 12 0 0
11 2 12 1 0
11 2 12 2 0
11 2 12 3 0
11 2 12 4 0
11 2 12 5 0
11 2 12 6 0
11 2 12 7 0
11 2 12 8 0
11 2 12 9 0
11 2 12 10 0
11 2 12 11 0
11 2 12 12 0
11 2 12 13 0
11 2 12 14 0
11 2 12 15 0
11 2 13 0 0
11 2 13 1 0
11 2 13 2 0
11 2 13 3 0
11 2 13 4 0
11 2 13 5 0
11 2 13 6 0
11 2 13 7 0
11 2 13 8 0
11 2 13 9 0
11 2 13 10 0
11 2 13 11 0
11 2 13 12 0
11 2 13 13 0
11 2 13 14 0
11 2 13 15 0
11 2 14 0 0.000186979353449267
11 2 14 1 0
11 2 14 2 -0.0006094918916134418
11 2 14 3 0
11 2 14 4 0
11 2 14 5 0
11 2 14 6 0
11 2 14 7 0
11 2 14 8 0
11 2 14 9 0
11 2 14 10 0
11 2 14 11 0
11 2 14 12 0
11 2 14 13 0
11 2 14 14 0
11 2 14 15 0
11 2 15 0 0
11 2 15 1 0
11 2 15 2 0
11 2 15 3 0
11 2 15 4 0
11 2 15 5 0
11 2 15 6 0
11 2 15 7 0
11 2 15 8 0
11 2 15 9 0
11 2 15 10 0
11 2 15 11 0
11 2 15 12 0
11 2 15 13 0
11 2 15 14 0
11 2 15 15 0
11 3 0 0 0
11 3 0 1 0
11 3 0 2 0
11 3 0 3 -0.01182810517969271
11 3 0 4 0
11 3 0 5 0
11 3 0 6 0
11 3 0 7 0
11 3 0 8 -0.0006623327401179169
11 3 0 9 0
11 3 0 10 0
11 3 0 11 0
11 3 0 12 0
11 3 0 13 0
11 3 0 14 0
11 3 0 15 0
11 3 1 0 0
11 3 1 1 0
11 3 1 2 0
11 3 1 3 0
11 3 1 4 0
11 3 1 5 0
11 3 1 6 0
11 3 1 7 0
11 3 1 8 0
11 3 1 9 0
11 3 1 10 0
11 3 1 11 0
11 3 1 12 0
11 3 1 13 0
11 3 1 14 0
11 3 1 15 0
11 3 2 0 0
11 3 2 1 0
11 3 2 2 0
11 3 2 3 -0.02507076762911946
11 3 2 4 0
11 3 2 5 0
11 3 2 6 0
11 3 2 7 0
11 3 2 8 -0.001697596980775354
11 3 2 9 0
11 3 2 10 0
11 3 2 11 0
11 3 2 12 0
11 3 2 13 0
11 3 2 14 0
11 3 2 15 0
11 3 3 0 0.0007816215488308802
11 3 3 1 0
11 3 3 2 0.01027226987767101
11 3 3 3 0
11 3 3 4 0
11 3 3 5 0
11 3 3 6 0
11 3 3 7 0
11 3 3 8 0
11 3 3 9 0
11 3 3 10 0
11 3 3 11 -0.0001959601001002525
11 3 3 12 0
11 3 3 13 0
11 3 3 14 0.0003027973838180214
11 3 3 15 0
11 3 4 0 0
11 3 4 1 0
11 3 4 2 0
11 3 4 3 0
11 3 4 4 0
11 3 4 5 0
11 3 4 6 0
11 3 4 7 0
11 3 4 8 0
11 3 4 9 0
11 3 4 10 0
11 3 4 11 0
11 3 4 12 0
11 3 4 13 0
11 3 4 14 0
11 3 4 15 0
11 3 5 0 0
11 3 5 1 0
11 3 5 2 0
11 3 5 3 0
11 3 5 4 0
11 3 5 5 0
11 3 5 6 0
11 3 5 7 0
11 3 5 8 0
11 3 5 9 0
11 3 5 10 0
11 3 5 11 0
11 3 5 12 0
11 3 5 13 0
11 3 5 14 0
11 3 5 15 0
11 3 6 0 0
11 3 6 1 0
11 3 6 2 0
11 3 6 3 0
11 3 6 4 0
11 3 6 5 0
11 3 6 6 0
11 3 6 7 -0.003772636775135143
11 3 6 8 0
11 3 6 9 0
11 3 6 10 0
11 3 6 11 0
11 3 6 12 0
11 3 6 13 0
11 3 6 14 0
11 3 6 15 0
11 3 7 0 0
11 3 7 1 0
11 3 7 2 0
11 3 7 3 0
11 3 7 4 0
11 3 7 5 0
11 3 7 6 0.0002093801871175163
11 3 7 7 0
11 3 7 8 0
11 3 7 9 0
11 3 7 10 0
11 3 7 11 0
11 3 7 12 0
11 3 7 13 0
11 3 7 14 0
11 3 7 15 0
11 3 8 0 -3.326374928355692e-05
11 3 8 1 0
11 3 8 2 0.0006761839479602172
11 3 8 3 0
11 3 8 4 0
11 3 8 5 0
11 3 8 6 0
11 3 8 7 0
11 3 8 8 0
11 3 8 9 0
11 3 8 10 0
11 3 8 11 0
11 3 8 12 0
11 3 8 13 0
11 3 8 14 0
11 3 8 15 0
11 3 9 0 0
11 3 9 1 0
11 3 9 2 0
11 3 9 3 0
11 3 9 4 0
11 3 9 5 0
11 3 9 6 0
11 3 9 7 0
11 3 9 8 0
11 3 9 9 0
11 3 9 10 0
11 3 9 11 0
11 3 9 12 0
11 3 9 13 0
11 3 9 14 0
11 3 9 15 0
11 3 10 0 0
11 3 10 1 0
11 3 10 2 0
11 3 10 3 0
11 3 10 4 0
11 3 10 5 0
11 3 10 6 0
11 3 10 7 0
11 3 10 8 0
11 3 10 9 0
11 3 10 10 0
11 3 10 11 0
11 3 10 12 0
11 3 10 13 0
11 3 10 14 0
11 3 10 15 0
11 3 11 0 0
11 3 11 1 0
11 3 11 2 0
11 3 11 3 0.0007562016211748072
11 3 11 4 0
11 3 11 5 0
11 3 11 6 0
11 3 11 7 0
11 3 11 8 0
11 3 11 9 0
11 3 11 10 0
11 3 11 11 0
11 3 11 12 0
11 3 11 13 0
11 3 11 14 0
11 3 11 15 0
11 3 12 0 0
11 3 12 1 0
11 3 12 2 0
11 3 12 3 0
11 3 12 4 0
11 3 12 5 0
11 3 12 6 0
11 3 12 7 0
11 3 12 8 0
11 3 12 9 0
11 3 12 10 0
11 3 12 11 0
11 3 12 12 0
11 3 12 13 0
11 3 12 14 0
11 3 12 15 0
11 3 13 0 0
11 3 13 1 0
11 3 13 2 0
11 3 13 3 0
11 3 13 4 0
11 3 13 5 0
11 3 13 6 0
11 3 13 7 0
11 3 13 8 0
11 3 13 9 0
11 3 13 10 0
11 3 13 11 0
11 3 13 12 0
11 3 13 13 0
11 3 13 14 0
11 3 13 15 0
11 3 14 0 0
11 3 14 1 0
11 3 14 2 0
11 3 14 3 -0.0006094918916134418
11 3 14 4 0
11 3 14 5 0
11 3 14 6 0
11 3 14 7 0
11 3 14 8 0
11 3 14 9 0
11 3 14 10 0
11 3 14 11 0
11 3 14 12 0
11 3 14 13 0
11 3 14 14 0
11 3 14 15 0
11 3 15 0 0
11 3 15 1 0
11 3 15 2 0
11 3 15 3 0
11 3 15 4 0
11 3 15 5 0
11 3 15 6 0
11 3 15 7 0
11 3 15 8 0
11 3 15 9 0
11 3 15 10 0
11 3 15 11 0
11 3 15 12 0
11 3 15 13 0
11 3 15 14 0
11 3 15 15 0
11 4 0 0 0
11 4 0 1 0
11 4 0 2 0
11 4 0 3 0
11 4 0 4 -0.01182810517969271
11 4 0 5 0
11 4 0 6 0
11 4 0 7 0
11 4 0 8 0
11 4 0 9 -0.0006490352050979361
11 4 0 10 0
11 4 0 11 0
11 4 0 12 0
11 4 0 13 0
11 4 0 14 0
11 4 0 15 0
11 4 1 0 0
11 4 1 1 0
11 4 1 2 0
11 4 1 3 0
11 4 1 4 0
11 4 1 5 0
11 4 1 6 0
11 4 1 7 0
11 4 1 8 0
11 4 1 9 0
11 4 1 10 0
11 4 1 11 0
11 4 1 12 0
11 4 1 13 0
11 4 1 14 0
11 4 1 15 0
11 4 2 0 0
11 4 2 1 0
11 4 2 2 0
11 4 2 3 0
11 4 2 4 -0.02507076762911945
11 4 2 5 0
11 4 2 6 0
11 4 2 7 0
11 4 2 8 0
11 4 2 9 -0.001663389162438944
11 4 2 10 0
11 4 2 11 0
11 4 2 12 0
11 4 2 13 0
11 4 2 14 0
11 4 2 15 0
11 4 3 0 0
11 4 3 1 0
11 4 3 2 0
11 4 3 3 0
11 4 3 4 0
11 4 3 5 0
11 4 3 6 0
11 4 3 7 0
11 4 3 8 0
11 4 3 9 0
11 4 3 10 0
11 4 3 11 0
11 4 3 12 0
11 4 3 13 0
11 4 3 14 0
11 4 3 15 0
11 4 4 0 0.0007976934853457175
11 4 4 1 0
11 4 4 2 0.01171223999974392
11 4 4 3 0
11 4 4 4 0
11 4 4 5 0
11 4 4 6 0
11 4 4 7 0
11 4 4 8 0
11 4 4 9 0
11 4 4 10 0
11 4 4 11 -0.000247162211108904
11 4 4 12 0
11 4 4 13 0
11 4 4 14 0.0003866479277350267
11 4 4 15 0
11 4 5 0 0
11 4 5 1 0
11 4 5 2 0
11 4 5 3 0
11 4 5 4 0
11 4 5 5 0
11 4 5 6 0
11 4 5 7 0
11 4 5 8 0
11 4 5 9 0
11 4 5 10 0
11 4 5 11 0
11 4 5 12 0
11 4 5 13 0
11 4 5 14 0
11 4 5 15 0
11 4 6 0 0
11 4 6 1 0
11 4 6 2 0
11 4 6 3 0
11 4 6 4 0
11 4 6 5 0
11 4 6 6 0
11 4 6 7 0
11 4 6 8 0
11 4 6 9 0
11 4 6 10 0
11 4 6 11 0
11 4 6 12 0
11 4 6 13 0
11 4 6 14 0
11 4 6 15 0
11 4 7 0 0
11 4 7 1 0
11 4 7 2 0
11 4 7 3 0
11 4 7 4 0
11 4 7 5 0
11 4 7 6 0
11 4 7 7 0
11 4 7 8 0
11 4 7 9 0
11 4 7 10 0
11 4 7 11 0
11 4 7 12 0
11 4 7 13 0
11 4 7 14 0
11 4 7 15 0
11 4 8 0 0
11 4 8 1 0
11 4 8 2 0
11 4 8 3 0
11 4 8 4 0
11 4 8 5 0
11 4 8 6 0
11 4 8 7 0
11 4 8 8 0
11 4 8 9 0
11 4 8 10 0
11 4 8 11 0
11 4 8 12 0
11 4 8 13 0
11 4 8 14 0
11 4 8 15 0
11 4 9 0 -3.444422734696397e-05
11 4 9 1 0
11 4 9 2 0.0007518715566724385
11 4 9 3 0
11 4 9 4 0
11 4 9 5 0
11 4 9 6 0
11 4 9 7 0
11 4 9 8 0
11 4 9 9 0
11 4 9 10 0
11 4 9 11 0
11 4 9 12 0
11 4 9 13 0
11 4 9 14 0
11 4 9 15 0
11 4 10 0 0
11 4 10 1 0
11 4 10 2 0
11 4 10 3 0
11 4 10 4 0
11 4 10 5 0
11 4 10 6 0
11 4 10 7 0
11 4 10 8 0
11 4 10 9 0
11 4 10 10 0
11 4 10 11 0
11 4 10 12 0
11 4 10 13 0
11 4 10 14 0
11 4 10 15 0
11 4 11 0 0
11 4 11 1 0
11 4 11 2 0
11 4 11 3 0
11 4 11 4 0.0007562016211748073
11 4 11 5 0
11 4 11 6 0
11 4 11 7 0
11 4 11 8 0
11 4 11 9 0
11 4 11 10 0
11 4 11 11 0
11 4 11 12 0
11 4 11 13 0
11 4 11 14 0
11 4 11 15 0
11 4 12 0 0
11 4 12 1 0
11 4 12 2 0
11 4 12 3 0
11 4 12 4 0
11 4 12 5 0
11 4 12 6 0
11 4 12 7 0
11 4 12 8 0
11 4 12 9 0
11 4 12 10 0
11 4 12 11 0
11 4 12 12 0
11 4 12 13 0
11 4 12 14 0
11 4 12 15 0
11 4 13 0 0
11 4 13 1 0
11 4 13 2 0
11 4 13 3 0
11 4 13 4 0
11 4 13 5 0
11 4 13 6 0
11 4 13 7 0
11 4 13 8 0
11 4 13 9 0
11 4 13 10 0
11 4 13 11 0
11 4 13 12 0
11 4 13 13 0
11 4 13 14 0
11 4 13 15 0
11 4 14 0 0
11 4 14 1 0
11 4 14 2 0
11 4 14 3 0
11 4 14 4 -0.0006094918916134419
11 4 14 5 0
11 4 14 6 0
11 4 14 7 0
11 4 14 8 0
11 4 14 9 0
11 4 14 10 0
11 4 14 11 0
11 4 14 12 0
11 4 14 13 0
11 4 14 14 0
11 4 14 15 0
11 4 15 0 0
11 4 15 1 0
11 4 15 2 0
11 4 15 3 0
11 4 15 4 0
11 4 15 5 0
11 4 15 6 0
11 4 15 7 0
11 4 15 8 0
11 4 15 9 0
11 4 15 10 0
11 4 15 11 0
11 4 15 12 0
11 4 15 13 0
11 4 15 14 0
11 4 15 15 0
11 5 0 0 0
11 5 0 1 0
11 5 0 2 0
11 5 0 3 0
11 5 0 4 0
11 5 0 5 -0.01182810517969271
11 5 0 6 0
11 5 0 7 0
11 5 0 8 0
11 5 0 9 0
11 5 0 10 0
11 5 0 11 0
11 5 0 12 -0.0006202668612554113
11 5 0 13 0
11 5 0 14 0
11 5 0 15 0
11 5 1 0 0
11 5 1 1 0
11 5 1 2 0
11 5 1 3 0
11 5 1 4 0
11 5 1 5 0
11 5 1 6 0
11 5 1 7 0
11 5 1 8 0
11 5 1 9 0
11 5 1 10 0
11 5 1 11 0
11 5 1 12 0
11 5 1 13 0
11 5 1 14 0
11 5 1 15 0
11 5 2 0 0
11 5 2 1 0
11 5 2 2 0
11 5 2 3 0
11 5 2 4 0
11 5 2 5 -0.02507076762911945
11 5 2 6 0
11 5 2 7 0
11 5 2 8 0
11 5 2 9 0
11 5 2 10 0
11 5 2 11 0
11 5 2 12 -0.001588412539147654
11 5 2 13 0
11 5 2 14 0
11 5 2 15 0
11 5 3 0 0
11 5 3 1 0
11 5 3 2 0
11 5 3 3 0
11 5 3 4 0
11 5 3 5 0
11 5 3 6 0
11 5 3 7 0
11 5 3 8 0
11 5 3 9 0
11 5 3 10 0
11 5 3 11 0
11 5 3 12 0
11 5 3 13 0
11 5 3 14 0
11 5 3 15 0
11 5 4 0 0
11 5 4 1 0
11 5 4 2 0
11 5 4 3 0
11 5 4 4 0
11 5 4 5 0
11 5 4 6 0
11 5 4 7 -0.0008174594652106273
11 5 4 8 0
11 5 4 9 0
11 5 4 10 0
11 5 4 11 0
11 5 4 12 0
11 5 4 13 0
11 5 4 14 0
11 5 4 15 0
11 5 5 0 -0.002403047891749954
11 5 5 1 0
11 5 5 2 0.01094259597811974
11 5 5 3 0
11 5 5 4 0
11 5 5 5 0
11 5 5 6 0
11 5 5 7 0
11 5 5 8 0
11 5 5 9 0
11 5 5 10 0
11 5 5 11 -0.0001255439086470062
11 5 5 12 0
11 5 5 13 0
11 5 5 14 0.0002991500269555046
11 5 5 15 0
11 5 6 0 0
11 5 6 1 0
11 5 6 2 0
11 5 6 3 0
11 5 6 4 0
11 5 6 5 0
11 5 6 6 0
11 5 6 7 0
11 5 6 8 0
11 5 6 9 0
11 5 6 10 0
11 5 6 11 0
11 5 6 12 0
11 5 6 13 0
11 5 6 14 0
11 5 6 15 0
11 5 7 0 0
11 5 7 1 0
11 5 7 2 0
11 5 7 3 0
11 5 7 4 -4.490528395508161e-05
11 5 7 5 0
11 5 7 6 0
11 5 7 7 0
11 5 7 8 0
11 5 7 9 0
11 5 7 10 0
11 5 7 11 0
11 5 7 12 0
11 5 7 13 0
11 5 7 14 0
11 5 7 15 0
11 5 8 0 0
11 5 8 1 0
11 5 8 2 0
11 5 8 3 0
11 5 8 4 0
11 5 8 5 0
11 5 8 6 0
11 5 8 7 0
11 5 8 8 0
11 5 8 9 0
11 5 8 10 0
11 5 8 11 0
11 5 8 12 0
11 5 8 13 0
11 5 8 14 0
11 5 8 15 0
11 5 9 0 0
11 5 9 1 0
11 5 9 2 0
11 5 9 3 0
11 5 9 4 0
11 5 9 5 0
11 5 9 6 0
11 5 9 7 0
11 5 9 8 0
11 5 9 9 0
11 5 9 10 0
11 5 9 11 0
11 5 9 12 0
11 5 9 13 0
11 5 9 14 0
11 5 9 15 0
11 5 10 0 0
11 5 10 1 0
11 5 10 2 0
11 5 10 3 0
11 5 10 4 0
11 5 10 5 0
11 5 10 6 0
11 5 10 7 0
11 5 10 8 0
11 5 10 9 0
11 5 10 10 0
11 5 10 11 0
11 5 10 12 0
11 5 10 13 0
11 5 10 14 0
11 5 10 15 0
11 5 11 0 0
11 5 11 1 0
11 5 11 2 0
11 5 11 3 0
11 5 11 4 0
11 5 11 5 0.0007562016211748073
11 5 11 6 0
11 5 11 7 0
11 5 11 8 0
11 5 11 9 0
11 5 11 10 0
11 5 11 11 0
11 5 11 12 0
11 5 11 13 0
11 5 11 14 0
11 5 11 15 0
11 5 12 0 -0.0001821848300271926
11 5 12 1 0
11 5 12 2 0.0006750848596685465
11 5 12 3 0
11 5 12 4 0
11 5 12 5 0
11 5 12 6 0
11 5 12 7 0
11 5 12 8 0
11 5 12 9 0
11 5 12 10 0
11 5 12 11 0
11 5 12 12 0
11 5 12 13 0
11 5 12 14 0
11 5 12 15 0
11 5 13 0 0
11 5 13 1 0
11 5 13 2 0
11 5 13 3 0
11 5 13 4 0
11 5 13 5 0
11 5 13 6 0
11 5 13 7 0
11 5 13 8 0
11 5 13 9 0
11 5 13 10 0
11 5 13 11 0
11 5 13 12 0
11 5 13 13 0
11 5 13 14 0
11 5 13 15 0
11 5 14 0 0
11 5 14 1 0
11 5 14 2 0
11 5 14 3 0
11 5 14 4 0
11 5 14 5 -0.0006094918916134419
11 5 14 6 0
11 5 14 7 0
11 5 14 8 0
11 5 14 9 0
11 5 14 10 0
11 5 14 11 0
11 5 14 12 0
11 5 14 13 0
11 5 14 14 0
11 5 14 15 0
11 5 15 0 0
11 5 15 1 0
11 5 15 2 0
11 5 15 3 0
11 5 15 4 0
11 5 15 5 0
11 5 15 6 0
11 5 15 7 0
11 5 15 8 0
11 5 15 9 0
11 5 15 10 0
11 5 15 11 0
11 5 15 12 0
11 5 15 13 0
11 5 15 14 0
11 5 15 15 0
11 6 0 0 0
11 6 0 1 0
11 6 0 2 0
11 6 0 3 0
11 6 0 4 0
11 6 0 5 0
11 6 0 6 -0.01182810517969271
11 6 0 7 0
11 6 0 8 0
11 6 0 9 0
11 6 0 10 0
11 6 0 11 0
11 6 0 12 0
11 6 0 13 -0.000630418564084831
11 6 0 14 0
11 6 0 15 0
11 6 1 0 0
11 6 1 1 0
11 6 1 2 0
11 6 1 3 0
11 6 1 4 0
11 6 1 5 0
11 6 1 6 0
11 6 1 7 0
11 6 1 8 0
11 6 1 9 0
11 6 1 10 0
11 6 1 11 0
11 6 1 12 0
11 6 1 13 0
11 6 1 14 0
11 6 1 15 0
11 6 2 0 0
11 6 2 1 0
11 6 2 2 0
11 6 2 3 0
11 6 2 4 0
11 6 2 5 0
11 6 2 6 -0.02507076762911945
11 6 2 7 0
11 6 2 8 0
11 6 2 9 0
11 6 2 10 0
11 6 2 11 0
11 6 2 12 0
11 6 2 13 -0.001614342266384972
11 6 2 14 0
11 6 2 15 0
11 6 3 0 0
11 6 3 1 0
11 6 3 2 0
11 6 3 3 0
11 6 3 4 0
11 6 3 5 0
11 6 3 6 0
11 6 3 7 -0.004392846189026983
11 6 3 8 0
11 6 3 9 0
11 6 3 10 0
11 6 3 11 0
11 6 3 12 0
11 6 3 13 0
11 6 3 14 0
11 6 3 15 0
11 6 4 0 0
11 6 4 1 0
11 6 4 2 0
11 6 4 3 0
11 6 4 4 0
11 6 4 5 0
11 6 4 6 0
11 6 4 7 0
11 6 4 8 0
11 6 4 9 0
11 6 4 10 0
11 6 4 11 0
11 6 4 12 0
11 6 4 13 0
11 6 4 14 0
11 6 4 15 0
11 6 5 0 0
11 6 5 1 0
11 6 5 2 0
11 6 5 3 0
11 6 5 4 0
11 6 5 5 0
11 6 5 6 0
11 6 5 7 0
11 6 5 8 0
11 6 5 9 0
11 6 5 10 0
11 6 5 11 0
11 6 5 12 0
11 6 5 13 0
11 6 5 14 0
11 6 5 15 0
11 6 6 0 -0.002377447393102957
11 6 6 1 0
11 6 6 2 0.00937686353698541
11 6 6 3 0
11 6 6 4 0
11 6 6 5 0
11 6 6 6 0
11 6 6 7 0
11 6 6 8 0
11 6 6 9 0
11 6 6 10 0
11 6 6 11 -6.693650702484206e-05
11 6 6 12 0
11 6 6 13 0
11 6 6 14 0.0002047579316338493
11 6 6 15 0
11 6 7 0 0
11 6 7 1 0
11 6 7 2 0
11 6 7 3 -0.0002582692220083964
11 6 7 4 0
11 6 7 5 0
11 6 7 6 0
11 6 7 7 0
11 6 7 8 0
11 6 7 9 0
11 6 7 10 0
11 6 7 11 0
11 6 7 12 0
11 6 7 13 0
11 6 7 14 0
11 6 7 15 0
11 6 8 0 0
11 6 8 1 0
11 6 8 2 0
11 6 8 3 0
11 6 8 4 0
11 6 8 5 0
11 6 8 6 0
11 6 8 7 0
11 6 8 8 0
11 6 8 9 0
11 6 8 10 0
11 6 8 11 0
11 6 8 12 0
11 6 8 13 0
11 6 8 14 0
11 6 8 15 0
11 6 9 0 0
11 6 9 1 0
11 6 9 2 0
11 6 9 3 0
11 6 9 4 0
11 6 9 5 0
11 6 9 6 0
11 6 9 7 0
11 6 9 8 0
11 6 9 9 0
11 6 9 10 0
11 6 9 11 0
11 6 9 12 0
11 6 9 13 0
11 6 9 14 0
11 6 9 15 0
11 6 10 0 0
11 6 10 1 0
11 6 10 2 0
11 6 10 3 0
11 6 10 4 0
11 6 10 5 0
11 6 10 6 0
11 6 10 7 0
11 6 10 8 0
11 6 10 9 0
11 6 10 10 0
11 6 10 11 0
11 6 10 12 0
11 6 10 13 0
11 6 10 14 0
11 6 10 15 0
11 6 11 0 0
11 6 11 1 0
11 6 11 2 0
11 6 11 3 0
11 6 11 4 0
11 6 11 5 0
11 6 11 6 0.0007562016211748073
11 6 11 7 0
11 6 11 8 0
11 6 11 9 0
11 6 11 10 0
11 6 11 11 0
11 6 11 12 0
11 6 11 13 0
11 6 11 14 0
11 6 11 15 0
11 6 12 0 0
11 6 12 1 0
11 6 12 2 0
11 6 12 3 0
11 6 12 4 0
11 6 12 5 0
11 6 12 6 0
11 6 12 7 0
11 6 12 8 0
11 6 12 9 0
11 6 12 10 0
11 6 12 11 0
11 6 12 12 0
11 6 12 13 0
11 6 12 14 0
11 6 12 15 0
11 6 13 0 -0.000181408984480277
11 6 13 1 0
11 6 13 2 0.0005898924495567072
11 6 13 3 0
11 6 13 4 0
11 6 13 5 0
11 6 13 6 0
11 6 13 7 0
11 6 13 8 0
11 6 13 9 0
11 6 13 10 0
11 6 13 11 0
11 6 13 12 0
11 6 13 13 0
11 6 13 14 0
11 6 13 15 0
11 6 14 0 0
11 6 14 1 0
11 6 14 2 0
11 6 14 3 0
11 6 14 4 0
11 6 14 5 0
11 6 14 6 -0.0006094918916134418
11 6 14 7 0
11 6 14 8 0
11 6 14 9 0
11 6 14 10 0
11 6 14 11 0
11 6 14 12 0
11 6 14 13 0
11 6 14 14 0
11 6 14 15 0
11 6 15 0 0
11 6 15 1 0
11 6 15 2 0
11 6 15 3 0
11 6 15 4 0
11 6 15 5 0
11 6 15 6 0
11 6 15 7 0
11 6 15 8 0
11 6 15 9 0
11 6 15 10 0
11 6 15 11 0
11 6 15 12 0
11 6 15 13 0
11 6 15 14 0
11 6 15 15 0
11 7 0 0 0
11 7 0 1 0
11 7 0 2 0
11 7 0 3 0
11 7 0 4 0
11 7 0 5 0
11 7 0 6 0
11 7 0 7 -0.004083629510680671
11 7 0 8 0
11 7 0 9 0
11 7 0 10 0
11 7 0 11 0
11 7 0 12 0
11 7 0 13 0
11 7 0 14 0
11 7 0 15 0
11 7 1 0 0
11 7 1 1 0
11 7 1 2 0
11 7 1 3 0
11 7 1 4 0
11 7 1 5 0
11 7 1 6 0
11 7 1 7 0
11 7 1 8 0
11 7 1 9 0
11 7 1 10 0
11 7 1 11 0
11 7 1 12 0
11 7 1 13 0
11 7 1 14 0
11 7 1 15 0
11 7 2 0 0
11 7 2 1 0
11 7 2 2 0
11 7 2 3 0
11 7 2 4 0
11 7 2 5 0
11 7 2 6 0
11 7 2 7 0
11 7 2 8 0
11 7 2 9 0
11 7 2 10 0
11 7 2 11 0
11 7 2 12 0
11 7 2 13 0
11 7 2 14 0
11 7 2 15 0
11 7 3 0 0
11 7 3 1 0
11 7 3 2 0
11 7 3 3 0
11 7 3 4 0
11 7 3 5 0
11 7 3 6 0
11 7 3 7 0
11 7 3 8 0
11 7 3 9 0
11 7 3 10 0
11 7 3 11 0
11 7 3 12 0
11 7 3 13 0
11 7 3 14 0
11 7 3 15 0
11 7 4 0 0
11 7 4 1 0
11 7 4 2 0
11 7 4 3 0
11 7 4 4 0
11 7 4 5 0
11 7 4 6 0
11 7 4 7 0
11 7 4 8 0
11 7 4 9 0
11 7 4 10 0
11 7 4 11 0
11 7 4 12 0
11 7 4 13 0
11 7 4 14 0
11 7 4 15 0
11 7 5 0 0
11 7 5 1 0
11 7 5 2 0
11 7 5 3 0
11 7 5 4 0
11 7 5 5 0
11 7 5 6 0
11 7 5 7 0
11 7 5 8 0
11 7 5 9 0
11 7 5 10 0
11 7 5 11 0
11 7 5 12 0
11 7 5 13 0
11 7 5 14 0
11 7 5 15 0
11 7 6 0 0
11 7 6 1 0
11 7 6 2 0
11 7 6 3 0
11 7 6 4 0
11 7 6 5 0
11 7 6 6 0
11 7 6 7 0
11 7 6 8 0
11 7 6 9 0
11 7 6 10 0
11 7 6 11 0
11 7 6 12 0
11 7 6 13 0
11 7 6 14 0
11 7 6 15 0
11 7 7 0 0.002041814755340336
11 7 7 1 0
11 7 7 2 0
11 7 7 3 0
11 7 7 4 0
11 7 7 5 0
11 7 7 6 0
11 7 7 7 0
11 7 7 8 0
11 7 7 9 0
11 7 7 10 0
11 7 7 11 -4.057686195349899e-05
11 7 7 12 0
11 7 7 13 0
11 7 7 14 0
11 7 7 15 0
11 7 8 0 0
11 7 8 1 0
11 7 8 2 0
11 7 8 3 0
11 7 8 4 0
11 7 8 5 0
11 7 8 6 0
11 7 8 7 0
11 7 8 8 0
11 7 8 9 0
11 7 8 10 0
11 7 8 11 0
11 7 8 12 0
11 7 8 13 0
11 7 8 14 0
11 7 8 15 0
11 7 9 0 0
11 7 9 1 0
11 7 9 2 0
11 7 9 3 0
11 7 9 4 0
11 7 9 5 0
11 7 9 6 0
11 7 9 7 0
11 7 9 8 0
11 7 9 9 0
11 7 9 10 0
11 7 9 11 0
11 7 9 12 0
11 7 9 13 0
11 7 9 14 0
11 7 9 15 0
11 7 10 0 0
11 7 10 1 0
11 7 10 2 0
11 7 10 3 0
11 7 10 4 0
11 7 10 5 0
11 7 10 6 0
11 7 10 7 0
11 7 10 8 0
11 7 10 9 0
11 7 10 10 0
11 7 10 11 0
11 7 10 12 0
11 7 10 13 0
11 7 10 14 0
11 7 10 15 0
11 7 11 0 0
11 7 11 1 0
11 7 11 2 0
11 7 11 3 0
11 7 11 4 0
11 7 11 5 0
11 7 11 6 0
11 7 11 7 8.115372390699797e-05
11 7 11 8 0
11 7 11 9 0
11 7 11 10 0
11 7 11 11 0
11 7 11 12 0
11 7 11 13 0
11 7 11 14 0
11 7 11 15 0
11 7 12 0 0
11 7 12 1 0
11 7 12 2 0
11 7 12 3 0
11 7 12 4 0
11 7 12 5 0
11 7 12 6 0
11 7 12 7 0
11 7 12 8 0
11 7 12 9 0
11 7 12 10 0
11 7 12 11 0
11 7 12 12 0
11 7 12 13 0
11 7 12 14 0
11 7 12 15 0
11 7 13 0 0
11 7 13 1 0
11 7 13 2 0
11 7 13 3 0
11 7 13 4 0
11 7 13 5 0
11 7 13 6 0
11 7 13 7 0
11 7 13 8 0
11 7 13 9 0
11 7 13 10 0
11 7 13 11 0
11 7 13 12 0
11 7 13 13 0
11 7 13 14 0
11 7 13 15 0
11 7 14 0 0
11 7 14 1 0
11 7 14 2 0
11 7 14 3 0
11 7 14 4 0
11 7 14 5 0
11 7 14 6 0
11 7 14 7 0
11 7 14 8 0
11 7 14 9 0
11 7 14 10 0
11 7 14 11 0
11 7 14 12 0
11 7 14 13 0
11 7 14 14 0
11 7 14 15 0
11 7 15 0 0
11 7 15 1 0
11 7 15 2 0
11 7 15 3 0
11 7 15 4 0
11 7 15 5 0
11 7 15 6 0
11 7 15 7 0
11 7 15 8 0
11 7 15 9 0
11 7 15 10 0
11 7 15 11 0
11 7 15 12 0
11 7 15 13 0
11 7 15 14 0
11 7 15 15 0
11 8 0 0 0
11 8 0 1 0
11 8 0 2 0
11 8 0 3 0
11 8 0 4 0
11 8 0 5 0
11 8 0 6 0
11 8 0 7 0
11 8 0 8 0
11 8 0 9 0
11 8 0 10 0
11 8 0 11 0
11 8 0 12 0
11 8 0 13 0
11 8 0 14 0
11 8 0 15 0
11 8 1 0 0
11 8 1 1 0
11 8 1 2 0
11 8 1 3 0
11 8 1 4 0
11 8 1 5 0
11 8 1 6 0
11 8 1 7 0
11 8 1 8 0
11 8 1 9 0
11 8 1 10 0
11 8 1 11 0
11 8 1 12 0
11 8 1 13 0
11 8 1 14 0
11 8 1 15 0
11 8 2 0 0
11 8 2 1 0
11 8 2 2 0
11 8 2 3 0
11 8 2 4 0
11 8 2 5 0
11 8 2 6 0
11 8 2 7 0
11 8 2 8 0
11 8 2 9 0
11 8 2 10 0
11 8 2 11 0
11 8 2 12 0
11 8 2 13 0
11 8 2 14 0
11 8 2 15 0
11 8 3 0 0
11 8 3 1 0
11 8 3 2 0
11 8 3 3 0
11 8 3 4 0
11 8 3 5 0
11 8 3 6 0
11 8 3 7 0
11 8 3 8 0
11 8 3 9 0
11 8 3 10 0
11 8 3 11 0
11 8 3 12 0
11 8 3 13 0
11 8 3 14 0
11 8 3 15 0
11 8 4 0 0
11 8 4 1 0
11 8 4 2 0
11 8 4 3 0
11 8 4 4 0
11 8 4 5 0
11 8 4 6 0
11 8 4 7 0
11 8 4 8 0
11 8 4 9 0
11 8 4 10 0
11 8 4 11 0
11 8 4 12 0
11 8 4 13 0
11 8 4 14 0
11 8 4 15 0
11 8 5 0 0
11 8 5 1 0
11 8 5 2 0
11 8 5 3 0
11 8 5 4 0
11 8 5 5 0
11 8 5 6 0
11 8 5 7 0
11 8 5 8 0
11 8 5 9 0
11 8 5 10 0
11 8 5 11 0
11 8 5 12 0
11 8 5 13 0
11 8 5 14 0
11 8 5 15 0
11 8 6 0 0
11 8 6 1 0
11 8 6 2 0
11 8 6 3 0
11 8 6 4 0
11 8 6 5 0
11 8 6 6 0
11 8 6 7 0
11 8 6 8 0
11 8 6 9 0
11 8 6 10 0
11 8 6 11 0
11 8 6 12 0
11 8 6 13 0
11 8 6 14 0
11 8 6 15 0
11 8 7 0 0
11 8 7 1 0
11 8 7 2 0
11 8 7 3 0
11 8 7 4 0
11 8 7 5 0
11 8 7 6 0
11 8 7 7 0
11 8 7 8 0
11 8 7 9 0
11 8 7 10 0
11 8 7 11 0
11 8 7 12 0
11 8 7 13 0
11 8 7 14 0
11 8 7 15 0
11 8 8 0 0
11 8 8 1 0
11 8 8 2 0
11 8 8 3 0
11 8 8 4 0
11 8 8 5 0
11 8 8 6 0
11 8 8 7 0
11 8 8 8 0
11 8 8 9 0
11 8 8 10 0
11 8 8 11 0
11 8 8 12 0
11 8 8 13 0
11 8 8 14 0
11 8 8 15 0
11 8 9 0 0
11 8 9 1 0
11 8 9 2 0
11 8 9 3 0
11 8 9 4 0
11 8 9 5 0
11 8 9 6 0
11 8 9 7 0
11 8 9 8 0
11 8 9 9 0
11 8 9 10 0
11 8 9 11 0
11 8 9 12 0
11 8 9 13 0
11 8 9 14 0
11 8 9 15 0
11 8 10 0 0
11 8 10 1 0
11 8 10 2 0
11 8 10 3 0
11 8 10 4 0
11 8 10 5 0
11 8 10 6 0
11 8 10 7 0
11 8 10 8 0
11 8 10 9 0
11 8 10 10 0
11 8 10 11 0
11 8 10 12 0
11 8 10 13 0
11 8 10 14 0
11 8 10 15 0
11 8 11 0 0
11 8 11 1 0
11 8 11 2 0
11 8 11 3 0
11 8 11 4 0
11 8 11 5 0
11 8 11 6 0
11 8 11 7 0
11 8 11 8 0
11 8 11 9 0
11 8 11 10 0
11 8 11 11 0
11 8 11 12 0
11 8 11 13 0
11 8 11 14 0
11 8 11 15 0
11 8 12 0 0
11 8 12 1 0
11 8 12 2 0
11 8 12 3 0
11 8 12 4 0
11 8 12 5 0
11 8 12 6 0
11 8 12 7 0
11 8 12 8 0
11 8 12 9 0
11 8 12 10 0
11 8 12 11 0
11 8 12 12 0
11 8 12 13 0
11 8 12 14 0
11 8 12 15 0
11 8 13 0 0
11 8 13 1 0
11 8 13 2 0
11 8 13 3 0
11 8 13 4 0
11 8 13 5 0
11 8 13 6 0
11 8 13 7 0
11 8 13 8 0
11 8 13 9 0
11 8 13 10 0
11 8 13 11 0
11 8 13 12 0
11 8 13 13 0
11 8 13 14 0
11 8 13 15 0
11 8 14 0 0
11 8 14 1 0
11 8 14 2 0
11 8 14 3 0
11 8 14 4 0
11 8 14 5 0
11 8 14 6 0
11 8 14 7 0
11 8 14 8 0
11 8 14 9 0
11 8 14 10 0
11 8 14 11 0
11 8 14 12 0
11 8 14 13 0
11 8 14 14 0
11 8 14 15 0
11 8 15 0 0
11 8 15 1 0
11 8 15 2 0
11 8 15 3 0
11 8 15 4 0
11 8 15 5 0
11 8 15 6 0
11 8 15 7 0
11 8 15 8 0
11 8 15 9 0
11 8 15 10 0
11 8 15 11 0
11 8 15 12 0
11 8 15 13 0
11 8 15 14 0
11 8 15 15 0
11 9 0 0 0
11 9 0 1 0
11 9 0 2 0
11 9 0 3 0
11 9 0 4 0
11 9 0 5 0
11 9 0 6 0
11 9 0 7 0
11 9 0 8 0
11 9 0 9 0
11 9 0 10 0
11 9 0 11 0
11 9 0 12 0
11 9 0 13 0
11 9 0 14 0
11 9 0 15 0
11 9 1 0 0
11 9 1 1 0
11 9 1 2 0
11 9 1 3 0
11 9 1 4 0
11 9 1 5 0
11 9 1 6 0
11 9 1 7 0
11 9 1 8 0
11 9 1 9 0
11 9 1 10 0
11 9 1 11 0
11 9 1 12 0
11 9 1 13 0
11 9 1 14 0
11 9 1 15 0
11 9 2 0 0
11 9 2 1 0
11 9 2 2 0
11 9 2 3 0
11 9 2 4 0
11 9 2 5 0
11 9 2 6 0
11 9 2 7 0
11 9 2 8 0
11 9 2 9 0
11 9 2 10 0
11 9 2 11 0
11 9 2 12 0
11 9 2 13 0
11 9 2 14 0
11 9 2 15 0
11 9 3 0 0
11 9 3 1 0
11 9 3 2 0
11 9 3 3 0
11 9 3 4 0
11 9 3 5 0
11 9 3 6 0
11 9 3 7 0
11 9 3 8 0
11 9 3 9 0
11 9 3 10 0
11 9 3 11 0
11 9 3 12 0
11 9 3 13 0
11 9 3 14 0
11 9 3 15 0
11 9 4 0 0
11 9 4 1 0
11 9 4 2 0
11 9 4 3 0
11 9 4 4 0
11 9 4 5 0
11 9 4 6 0
11 9 4 7 0
11 9 4 8 0
11 9 4 9 0
11 9 4 10 0
11 9 4 11 0
11 9 4 12 0
11 9 4 13 0
11 9 4 14 0
11 9 4 15 0
11 9 5 0 0
11 9 5 1 0
11 9 5 2 0
11 9 5 3 0
11 9 5 4 0
11 9 5 5 0
11 9 5 6 0
11 9 5 7 0
11 9 5 8 0
11 9 5 9 0
11 9 5 10 0
11 9 5 11 0
11 9 5 12 0
11 9 5 13 0
11 9 5 14 0
11 9 5 15 0
11 9 6 0 0
11 9 6 1 0
11 9 6 2 0
11 9 6 3 0
11 9 6 4 0
11 9 6 5 0
11 9 6 6 0
11 9 6 7 0
11 9 6 8 0
11 9 6 9 0
11 9 6 10 0
11 9 6 11 0
11 9 6 12 0
11 9 6 13 0
11 9 6 14 0
11 9 6 15 0
11 9 7 0 0
11 9 7 1 0
11 9 7 2 0
11 9 7 3 0
11 9 7 4 0
11 9 7 5 0
11 9 7 6 0
11 9 7 7 0
11 9 7 8 0
11 9 7 9 0
11 9 7 10 0
11 9 7 11 0
11 9 7 12 0
11 9 7 13 0
11 9 7 14 0
11 9 7 15 0
11 9 8 0 0
11 9 8 1 0
11 9 8 2 0
11 9 8 3 0
11 9 8 4 0
11 9 8 5 0
11 9 8 6 0
11 9 8 7 0
11 9 8 8 0
11 9 8 9 0
11 9 8 10 0
11 9 8 11 0
11 9 8 12 0
11 9 8 13 0
11 9 8 14 0
11 9 8 15 0
11 9 9 0 0
11 9 9 1 0
11 9 9 2 0
11 9 9 3 0
11 9 9 4 0
11 9 9 5 0
11 9 9 6 0
11 9 9 7 0
11 9 9 8 0
11 9 9 9 0
11 9 9 10 0
11 9 9 11 0
11 9 9 12 0
11 9 9 13 0
11 9 9 14 0
11 9 9 15 0
11 9 10 0 0
11 9 10 1 0
11 9 10 2 0
11 9 10 3 0
11 9 10 4 0
11 9 10 5 0
11 9 10 6 0
11 9 10 7 0
11 9 10 8 0
11 9 10 9 0
11 9 10 10 0
11 9 10 11 0
11 9 10 12 0
11 9 10 13 0
11 9 10 14 0
11 9 10 15 0
11 9 11 0 0
11 9 11 1 0
11 9 11 2 0
11 9 11 3 0
11 9 11 4 0
11 9 11 5 0
11 9 11 6 0
11 9 11 7 0
11 9 11 8 0
11 9 11 9 0
11 9 11 10 0
11 9 11 11 0
11 9 11 12 0
11 9 11 13 0
11 9 11 14 0
11 9 11 15 0
11 9 12 0 0
11 9 12 1 0
11 9 12 2 0
11 9 12 3 0
11 9 12 4 0
11 9 12 5 0
11 9 12 6 0
11 9 12 7 0
11 9 12 8 0
11 9 12 9 0
11 9 12 10 0
11 9 12 11 0
11 9 12 12 0
11 9 12 13 0
11 9 12 14 0
11 9 12 15 0
11 9 13 0 0
11 9 13 1 0
11 9 13 2 0
11 9 13 3 0
11 9 13 4 0
11 9 13 5 0
11 9 13 6 0
11 9 13 7 0
11 9 13 8 0
11 9 13 9 0
11 9 13 10 0
11 9 13 11 0
11 9 13 12 0
11 9 13 13 0
11 9 13 14 0
11 9 13 15 0
11 9 14 0 0
11 9 14 1 0
11 9 14 2 0
11 9 14 3 0
11 9 14 4 0
11 9 14 5 0
11 9 14 6 0
11 9 14 7 0
11 9 14 8 0
11 9 14 9 0
11 9 14 10 0
11 9 14 11 0
11 9 14 12 0
11 9 14 13 0
11 9 14 14 0
11 9 14 15 0
11 9 15 0 0
11 9 15 1 0
11 9 15 2 0
11 9 15 3 0
11 9 15 4 0
11 9 15 5 0
11 9 15 6 0
11 9 15 7 0
11 9 15 8 0
11 9 15 9 0
11 9 15 10 0
11 9 15 11 0
11 9 15 12 0
11 9 15 13 0
11 9 15 14 0
11 9 15 15 0
11 10 0 0 0
11 10 0 1 0
11 10 0 2 0
11 10 0 3 0
11 10 0 4 0
11 10 0 5 0
11 10 0 6 0
11 10 0 7 0
11 10 0 8 0
11 10 0 9 0
11 10 0 10 0
11 10 0 11 0
11 10 0 12 0
11 10 0 13 0
11 10 0 14 0
11 10 0 15 0
11 10 1 0 0
11 10 1 1 0
11 10 1 2 0
11 10 1 3 0
11 10 1 4 0
11 10 1 5 0
11 10 1 6 0
11 10 1 7 0
11 10 1 8 0
11 10 1 9 0
11 10 1 10 0
11 10 1 11 0
11 10 1 12 0
11 10 1 13 0
11 10 1 14 0
11 10 1 15 0
11 10 2 0 0
11 10 2 1 0
11 10 2 2 0
11 10 2 3 0
11 10 2 4 0
11 10 2 5 0
11 10 2 6 0
11 10 2 7 0
11 10 2 8 0
11 10 2 9 0
11 10 2 10 0
11 10 2 11 0
11 10 2 12 0
11 10 2 13 0
11 10 2 14 0
11 10 2 15 0
11 10 3 0 0
11 10 3 1 0
11 10 3 2 0
11 10 3 3 0
11 10 3 4 0
11 10 3 5 0
11 10 3 6 0
11 10 3 7 0
11 10 3 8 0
11 10 3 9 0
11 10 3 10 0
11 10 3 11 0
11 10 3 12 0
11 10 3 13 0
11 10 3 14 0
11 10 3 15 0
11 10 4 0 0
11 10 4 1 0
11 10 4 2 0
11 10 4 3 0
11 10 4 4 0
11 10 4 5 0
11 10 4 6 0
11 10 4 7 0
11 10 4 8 0
11 10 4 9 0
11 10 4 10 0
11 10 4 11 0
11 10 4 12 0
11 10 4 13 0
11 10 4 14 0
11 10 4 15 0
11 10 5 0 0
11 10 5 1 0
11 10 5 2 0
11 10 5 3 0
11 10 5 4 0
11 10 5 5 0
11 10 5 6 0
11 10 5 7 0
11 10 5 8 0
11 10 5 9 0
11 10 5 10 0
11 10 5 11 0
11 10 5 12 0
11 10 5 13 0
11 10 5 14 0
11 10 5 15 0
11 10 6 0 0
11 10 6 1 0
11 10 6 2 0
11 10 6 3 0
11 10 6 4 0
11 10 6 5 0
11 10 6 6 0
11 10 6 7 0
11 10 6 8 0
11 10 6 9 0
11 10 6 10 0
11 10 6 11 0
11 10 6 12 0
11 10 6 13 0
11 10 6 14 0
11 10 6 15 0
11 10 7 0 0
11 10 7 1 0
11 10 7 2 0
11 10 7 3 0
11 10 7 4 0
11 10 7 5 0
11 10 7 6 0
11 10 7 7 0
11 10 7 8 0
11 10 7 9 0
11 10 7 10 0
11 10 7 11 0
11 10 7 12 0
11 10 7 13 0
11 10 7 14 0
11 10 7 15 0
11 10 8 0 0
11 10 8 1 0
11 10 8 2 0
11 10 8 3 0
11 10 8 4 0
11 10 8 5 0
11 10 8 6 0
11 10 8 7 0
11 10 8 8 0
11 10 8 9 0
11 10 8 10 0
11 10 8 11 0
11 10 8 12 0
11 10 8 13 0
11 10 8 14 0
11 10 8 15 0
11 10 9 0 0
11 10 9 1 0
11 10 9 2 0
11 10 9 3 0
11 10 9 4 0
11 10 9 5 0
11 10 9 6 0
11 10 9 7 0
11 10 9 8 0
11 10 9 9 0
11 10 9 10 0
11 10 9 11 0
11 10 9 12 0
11 10 9 13 0
11 10 9 14 0
11 10 9 15 0
11 10 10 0 0
11 10 10 1 0
11 10 10 2 0
11 10 10 3 0
11 10 10 4 0
11 10 10 5 0
11 10 10 6 0
11 10 10 7 0
11 10 10 8 0
11 10 10 9 0
11 10 10 10 0
11 10 10 11 0
11 10 10 12 0
11 10 10 13 0
11 10 10 14 0
11 10 10 15 0
11 10 11 0 0
11 10 11 1 0
11 10 11 2 0
11 10 11 3 0
11 10 11 4 0
11 10 11 5 0
11 10 11 6 0
11 10 11 7 0
11 10 11 8 0
11 10 11 9 0
11 10 11 10 0
11 10 11 11 0
11 10 11 12 0
11 10 11 13 0
11 10 11 14 0
11 10 11 15 0
11 10 12 0 0
11 10 12 1 0
11 10 12 2 0
11 10 12 3 0
11 10 12 4 0
11 10 12 5 0
11 10 12 6 0
11 10 12 7 0
11 10 12 8 0
11 10 12 9 0
11 10 12 10 0
11 10 12 11 0
11 10 12 12 0
11 10 12 13 0
11 10 12 14 0
11 10 12 15 0
11 10 13 0 0
11 10 13 1 0
11 10 13 2 0
11 10 13 3 0
11 10 13 4 0
11 10 13 5 0
11 10 13 6 0
11 10 13 7 0
11 10 13 8 0
11 10 13 9 0
11 10 13 10 0
11 10 13 11 0
11 10 13 12 0
11 10 13 13 0
11 10 13 14 0
11 10 13 15 0
11 10 14 0 0
11 10 14 1 0
11 10 14 2 0
11 10 14 3 0
11 10 14 4 0
11 10 14 5 0
11 10 14 6 0
11 10 14 7 0
11 10 14 8 0
11 10 14 9 0
11 10 14 10 0
11 10 14 11 0
11 10 14 12 0
11 10 14 13 0
11 10 14 14 0
11 10 14 15 0
11 10 15 0 0
11 10 15 1 0
11 10 15 2 0
11 10 15 3 0
11 10 15 4 0
11 10 15 5 0
11 10 15 6 0
11 10 15 7 0
11 10 15 8 0
11 10 15 9 0
11 10 15 10 0
11 10 15 11 0
11 10 15 12 0
11 10 15 13 0
11 10 15 14 0
11 10 15 15 0
11 11 0 0 0
11 11 0 1 0
11 11 0 2 0
11 11 0 3 0
11 11 0 4 0
11 11 0 5 0
11 11 0 6 0
11 11 0 7 0
11 11 0 8 0
11 11 0 9 0
11 11 0 10 0
11 11 0 11 0
11 11 0 12 0
11 11 0 13 0
11 11 0 14 0
11 11 0 15 0
11 11 1 0 0
11 11 1 1 0
11 11 1 2 0
11 11 1 3 0
11 11 1 4 0
11 11 1 5 0
11 11 1 6 0
11 11 1 7 0
11 11 1 8 0
11 11 1 9 0
11 11 1 10 0
11 11 1 11 0
11 11 1 12 0
11 11 1 13 0
11 11 1 14 0
11 11 1 15 0
11 11 2 0 0
11 11 2 1 0
11 11 2 2 0
11 11 2 3 0
11 11 2 4 0
11 11 2 5 0
11 11 2 6 0
11 11 2 7 0
11 11 2 8 0
11 11 2 9 0
11 11 2 10 0
11 11 2 11 0
11 11 2 12 0
11 11 2 13 0
11 11 2 14 0
11 11 2 15 0
11 11 3 0 0
11 11 3 1 0
11 11 3 2 0
11 11 3 3 0
11 11 3 4 0
11 11 3 5 0
11 11 3 6 0
11 11 3 7 0
11 11 3 8 0
11 11 3 9 0
11 11 3 10 0
11 11 3 11 0
11 11 3 12 0
11 11 3 13 0
11 11 3 14 0
11 11 3 15 0
11 11 4 0 0
11 11 4 1 0
11 11 4 2 0
11 11 4 3 0
11 11 4 4 0
11 11 4 5 0
11 11 4 6 0
11 11 4 7 0
11 11 4 8 0
11 11 4 9 0
11 11 4 10 0
11 11 4 11 0
11 11 4 12 0
11 11 4 13 0
11 11 4 14 0
11 11 4 15 0
11 11 5 0 0
11 11 5 1 0
11 11 5 2 0
11 11 5 3 0
11 11 5 4 0
11 11 5 5 0
11 11 5 6 0
11 11 5 7 0
11 11 5 8 0
11 11 5 9 0
11 11 5 10 0
11 11 5 11 0
11 11 5 12 0
11 11 5 13 0
11 11 5 14 0
11 11 5 15 0
11 11 6 0 0
11 11 6 1 0
11 11 6 2 0
11 11 6 3 0
11 11 6 4 0
11 11 6 5 0
11 11 6 6 0
11 11 6 7 0
11 11 6 8 0
11 11 6 9 0
11 11 6 10 0
11 11 6 11 0
11 11 6 12 0
11 11 6 13 0
11 11 6 14 0
11 11 6 15 0
11 11 7 0 0
11 11 7 1 0
11 11 7 2 0
11 11 7 3 0
11 11 7 4 0
11 11 7 5 0
11 11 7 6 0
11 11 7 7 0
11 11 7 8 0
11 11 7 9 0
11 11 7 10 0
11 11 7 11 0
11 11 7 12 0
11 11 7 13 0
11 11 7 14 0
11 11 7 15 0
11 11 8 0 0
11 11 8 1 0
11 11 8 2 0
11 11 8 3 0
11 11 8 4 0
11 11 8 5 0
11 11 8 6 0
11 11 8 7 0
11 11 8 8 0
11 11 8 9 0
11 11 8 10 0
11 11 8 11 0
11 11 8 12 0
11 11 8 13 0
11 11 8 14 0
11 11 8 15 0
11 11 9 0 0
11 11 9 1 0
11 11 9 2 0
11 11 9 3 0
11 11 9 4 0
11 11 9 5 0
11 11 9 6 0
11 11 9 7 0
11 11 9 8 0
11 11 9 9 0
11 11 9 10 0
11 11 9 11 0
11 11 9 12 0
11 11 9 13 0
11 11 9 14 0
11 11 9 15 0
11 11 10 0 0
11 11 10 1 0
11 11 10 2 0
11 11 10 3 0
11 11 10 4 0
11 11 10 5 0
11 11 10 6 0
11 11 10 7 0
11 11 10 8 0
11 11 10 9 0
11 11 10 10 0
11 11 10 11 0
11 11 10 12 0
11 11 10 13 0
11 11 10 14 0
11 11 10 15 0
11 11 11 0 0
11 11 11 1 0
11 11 11 2 0
11 11 11 3 0
11 11 11 4 0
11 11 11 5 0
11 11 11 6 0
11 11 11 7 0
11 11 11 8 0
11 11 11 9 0
11 11 11 10 0
11 11 11 11 0
11 11 11 12 0
11 11 11 13 0
11 11 11 14 0
11 11 11 15 0
11 11 12 0 0
11 11 12 1 0
11 11 12 2 0
11 11 12 3 0
11 11 12 4 0
11 11 12 5 0
11 11 12 6 0
11 11 12 7 0
11 11 12 8 0
11 11 12 9 0
11 11 12 10 0
11 11 12 11 0
11 11 12 12 0
11 11 12 13 0
11 11 12 14 0
11 11 12 15 0
11 11 13 0 0
11 11 13 1 0
11 11 13 2 0
11 11 13 3 0
11 11 13 4 0
11 11 13 5 0
11 11 13 6 0
11 11 13 7 0
11 11 13 8 0
11 11 13 9 0
11 11 13 10 0
11 11 13 11 0
11 11 13 12 0
11 11 13 13 0
11 11 13 14 0
11 11 13 15 0
11 11 14 0 0
11 11 14 1 0
11 11 14 2 0
11 11 14 3 0
11 11 14 4 0
11 11 14 5 0
11 11 14 6 0
11 11 14 7 0
11 11 14 8 0
11 11 14 9 0
11 11 14 10 0
11 11 14 11 0
11 11 14 12 0
11 11 14 13 0
11 11 14 14 0
11 11 14 15 0
11 11 15 0 0
11 11 15 1 0
11 11 15 2 0
11 11 15 3 0
11 11 15 4 0
11 11 15 5 0
11 11 15 6 0
11 11 15 7 0
11 11 15 8 0
11 11 15 9 0
11 11 15 10 0
11 11 15 11 0
11 11 15 12 0
11 11 15 13 0
11 11 15 14 0
11 11 15 15 0
11 12 0 0 0
11 12 0 1 0
11 12 0 2 0
11 12 0 3 0
11 12 0 4 0
11 12 0 5 0
11 12 0 6 0
11 12 0 7 0
11 12 0 8 0
11 12 0 9 0
11 12 0 10 0
11 12 0 11 0
11 12 0 12 0
11 12 0 13 0
11 12 0 14 0
11 12 0 15 0
11 12 1 0 0
11 12 1 1 0
11 12 1 2 0
11 12 1 3 0
11 12 1 4 0
11 12 1 5 0
11 12 1 6 0
11 12 1 7 0
11 12 1 8 0
11 12 1 9 0
11 12 1 10 0
11 12 1 11 0
11 12 1 12 0
11 12 1 13 0
11 12 1 14 0
11 12 1 15 0
11 12 2 0 0
11 12 2 1 0
11 12 2 2 0
11 12 2 3 0
11 12 2 4 0
11 12 2 5 0
11 12 2 6 0
11 12 2 7 0
11 12 2 8 0
11 12 2 9 0
11 12 2 10 0
11 12 2 11 0
11 12 2 12 0
11 12 2 13 0
11 12 2 14 0
11 12 2 15 0
11 12 3 0 0
11 12 3 1 0
11 12 3 2 0
11 12 3 3 0
11 12 3 4 0
11 12 3 5 0
11 12 3 6 0
11 12 3 7 0
11 12 3 8 0
11 12 3 9 0
11 12 3 10 0
11 12 3 11 0
11 12 3 12 0
11 12 3 13 0
11 12 3 14 0
11 12 3 15 0
11 12 4 0 0
11 12 4 1 0
11 12 4 2 0
11 12 4 3 0
11 12 4 4 0
11 12 4 5 0
11 12 4 6 0
11 12 4 7 0
11 12 4 8 0
11 12 4 9 0
11 12 4 10 0
11 12 4 11 0
11 12 4 12 0
11 12 4 13 0
11 12 4 14 0
11 12 4 15 0
11 12 5 0 0
11 12 5 1 0
11 12 5 2 0
11 12 5 3 0
11 12 5 4 0
11 12 5 5 0
11 12 5 6 0
11 12 5 7 0
11 12 5 8 0
11 12 5 9 0
11 12 5 10 0
11 12 5 11 0
11 12 5 12 0
11 12 5 13 0
11 12 5 14 0
11 12 5 15 0
11 12 6 0 0
11 12 6 1 0
11 12 6 2 0
11 12 6 3 0
11 12 6 4 0
11 12 6 5 0
11 12 6 6 0
11 12 6 7 0
11 12 6 8 0
11 12 6 9 0
11 12 6 10 0
11 12 6 11 0
11 12 6 12 0
11 12 6 13 0
11 12 6 14 0
11 12 6 15 0
11 12 7 0 0
11 12 7 1 0
11 12 7 2 0
11 12 7 3 0
11 12 7 4 0
11 12 7 5 0
11 12 7 6 0
11 12 7 7 0
11 12 7 8 0
11 12 7 9 0
11 12 7 10 0
11 12 7 11 0
11 12 7 12 0
11 12 7 13 0
11 12 7 14 0
11 12 7 15 0
11 12 8 0 0
11 12 8 1 0
11 12 8 2 0
11 12 8 3 0
11 12 8 4 0
11 12 8 5 0
11 12 8 6 0
11 12 8 7 0
11 12 8 8 0
11 12 8 9 0
11 12 8 10 0
11 12 8 11 0
11 12 8 12 0
11 12 8 13 0
11 12 8 14 0
11 12 8 15 0
11 12 9 0 0
11 12 9 1 0
11 12 9 2 0
11 12 9 3 0
11 12 9 4 0
11 12 9 5 0
11 12 9 6 0
11 12 9 7 0
11 12 9 8 0
11 12 9 9 0
11 12 9 10 0
11 12 9 11 0
11 12 9 12 0
11 12 9 13 0
11 12 9 14 0
11 12 9 15 0
11 12 10 0 0
11 12 10 1 0
11 12 10 2 0
11 12 10 3 0
11 12 10 4 0
11 12 10 5 0
11 12 10 6 0
11 12 10 7 0
11 12 10 8 0
11 12 10 9 0
11 12 10 10 0
11 12 10 11 0
11 12 10 12 0
11 12 10 13 0
11 12 10 14 0
11 12 10 15 0
11 12 11 0 0
11 12 11 1 0
11 12 11 2 0
11 12 11 3 0
11 12 11 4 0
11 12 11 5 0
11 12 11 6 0
11 12 11 7 0
11 12 11 8 0
11 12 11 9 0
11 12 11 10 0
11 12 11 11 0
11 12 11 12 0
11 12 11 13 0
11 12 11 14 0
11 12 11 15 0
11 12 12 0 0
11 12 12 1 0
11 12 12 2 0
11 12 12 3 0
11 12 12 4 0
11 12 12 5 0
11 12 12 6 0
11 12 12 7 0
11 12 12 8 0
11 12 12 9 0
11 12 12 10 0
11 12 12 11 0
11 12 12 12 0
11 12 12 13 0
11 12 12 14 0
11 12 12 15 0
11 12 13 0 0
11 12 13 1 0
11 12 13 2 0
11 12 13 3 0
11 12 13 4 0
11 12 13 5 0
11 12 13 6 0
11 12 13 7 0
11 12 13 8 0
11 12 13 9 0
11 12 13 10 0
11 12 13 11 0
11 12 13 12 0
11 12 13 13 0
11 12 13 14 0
11 12 13 15 0
11 12 14 0 0
11 12 14 1 0
11 12 14 2 0
11 12 14 3 0
11 12 14 4 0
11 12 14 5 0
11 12 14 6 0
11 12 14 7 0
11 12 14 8 0
11 12 14 9 0
11 12 14 10 0
11 12 14 11 0
11 12 14 12 0
11 12 14 13 0
11 12 14 14 0
11 12 14 15 0
11 12 15 0 0
11 12 15 1 0
11 12 15 2 0
11 12 15 3 0
11 12 15 4 0
11 12 15 5 0
11 12 15 6 0
11 12 15 7 0
11 12 15 8 0
11 12 15 9 0
11 12 15 10 0
11 12 15 11 0
11 12 15 12 0
11 12 15 13 0
11 12 15 14 0
11 12 15 15 0
11 13 0 0 0
11 13 0 1 0
11 13 0 2 0
11 13 0 3 0
11 13 0 4 0
11 13 0 5 0
11 13 0 6 0
11 13 0 7 0
11 13 0 8 0
11 13 0 9 0
11 13 0 10 0
11 13 0 11 0
11 13 0 12 0
11 13 0 13 0
11 13 0 14 0
11 13 0 15 0
11 13 1 0 0
11 13 1 1 0
11 13 1 2 0
11 13 1 3 0
11 13 1 4 0
11 13 1 5 0
11 13 1 6 0
11 13 1 7 0
11 13 1 8 0
11 13 1 9 0
11 13 1 10 0
11 13 1 11 0
11 13 1 12 0
11 13 1 13 0
11 13 1 14 0
11 13 1 15 0
11 13 2 0 0
11 13 2 1 0
11 13 2 2 0
11 13 2 3 0
11 13 2 4 0
11 13 2 5 0
11 13 2 6 0
11 13 2 7 0
11 13 2 8 0
11 13 2 9 0
11 13 2 10 0
11 13 2 11 0
11 13 2 12 0
11 13 2 13 0
11 13 2 14 0
11 13 2 15 0
11 13 3 0 0
11 13 3 1 0
11 13 3 2 0
11 13 3 3 0
11 13 3 4 0
11 13 3 5 0
11 13 3 6 0
11 13 3 7 0
11 13 3 8 0
11 13 3 9 0
11 13 3 10 0
11 13 3 11 0
11 13 3 12 0
11 13 3 13 0
11 13 3 14 0
11 13 3 15 0
11 13 4 0 0
11 13 4 1 0
11 13 4 2 0
11 13 4 3 0
11 13 4 4 0
11 13 4 5 0
11 13 4 6 0
11 13 4 7 0
11 13 4 8 0
11 13 4 9 0
11 13 4 10 0
11 13 4 11 0
11 13 4 12 0
11 13 4 13 0
11 13 4 14 0
11 13 4 15 0
11 13 5 0 0
11 13 5 1 0
11 13 5 2 0
11 13 5 3 0
11 13 5 4 0
11 13 5 5 0
11 13 5 6 0
11 13 5 7 0
11 13 5 8 0
11 13 5 9 0
11 13 5 10 0
11 13 5 11 0
11 13 5 12 0
11 13 5 13 0
11 13 5 14 0
11 13 5 15 0
11 13 6 0 0
11 13 6 1 0
11 13 6 2 0
11 13 6 3 0
11 13 6 4 0
11 13 6 5 0
11 13 6 6 0
11 13 6 7 0
11 13 6 8 0
11 13 6 9 0
11 13 6 10 0
11 13 6 11 0
11 13 6 12 0
11 13 6 13 0
11 13 6 14 0
11 13 6 15 0
11 13 7 0 0
11 13 7 1 0
11 13 7 2 0
11 13 7 3 0
11 13 7 4 0
11 13 7 5 0
11 13 7 6 0
11 13 7 7 0
11 13 7 8 0
11 13 7 9 0
11 13 7 10 0
11 13 7 11 0
11 13 7 12 0
11 13 7 13 0
11 13 7 14 0
11 13 7 15 0
11 13 8 0 0
11 13 8 1 0
11 13 8 2 0
11 13 8 3 0
11 13 8 4 0
11 13 8 5 0
11 13 8 6 0
11 13 8 7 0
11 13 8 8 0
11 13 8 9 0
11 13 8 10 0
11 13 8 11 0
11 13 8 12 0
11 13 8 13 0
11 13 8 14 0
11 13 8 15 0
11 13 9 0 0
11 13 9 1 0
11 13 9 2 0
11 13 9 3 0
11 13 9 4 0
11 13 9 5 0
11 13 9 6 0
11 13 9 7 0
11 13 9 8 0
11 13 9 9 0
11 13 9 10 0
11 13 9 11 0
11 13 9 12 0
11 13 9 13 0
11 13 9 14 0
11 13 9 15 0
11 13 10 0 0
11 13 10 1 0
11 13 10 2 0
11 13 10 3 0
11 13 10 4 0
11 13 10 5 0
11 13 10 6 0
11 13 10 7 0
11 13 10 8 0
11 13 10 9 0
11 13 10 10 0
11 13 10 11 0
11 13 10 12 0
11 13 10 13 0
11 13 10 14 0
11 13 10 15 0
11 13 11 0 0
11 13 11 1 0
11 13 11 2 0
11 13 11 3 0
11 13 11 4 0
11 13 11 5 0
11 13 11 6 0
11 13 11 7 0
11 13 11 8 0
11 13 11 9 0
11 13 11 10 0
11 13 11 11 0
11 13 11 12 0
11 13 11 13 0
11 13 11 14 0
11 13 11 15 0
11 13 12 0 0
11 13 12 1 0
11 13 12 2 0
11 13 12 3 0
11 13 12 4 0
11 13 12 5 0
11 13 12 6 0
11 13 12 7 0
11 13 12 8 0
11 13 12 9 0
11 13 12 10 0
11 13 12 11 0
11 13 12 12 0
11 13 12 13 0
11 13 12 14 0
11 13 12 15 0
11 13 13 0 0
11 13 13 1 0
11 13 13 2 0
11 13 13 3 0
11 13 13 4 0
11 13 13 5 0
11 13 13 6 0
11 13 13 7 0
11 13 13 8 0
11 13 13 9 0
11 13 13 10 0
11 13 13 11 0
11 13 13 12 0
11 13 13 13 0
11 13 13 14 0
11 13 13 15 0
11 13 14 0 0
11 13 14 1 0
11 13 14 2 0
11 13 14 3 0
11 13 14 4 0
11 13 14 5 0
11 13 14 6 0
11 13 14 7 0
11 13 14 8 0
11 13 14 9 0
11 13 14 10 0
11 13 14 11 0
11 13 14 12 0
11 13 14 13 0
11 13 14 14 0
11 13 14 15 0
11 13 15 0 0
11 13 15 1 0
11 13 15 2 0
11 13 15 3 0
11 13 15 4 0
11 13 15 5 0
11 13 15 6 0
11 13 15 7 0
11 13 15 8 0
11 13 15 9 0
11 13 15 10 0
11 13 15 11 0
11 13 15 12 0
11 13 15 13 0
11 13 15 14 0
11 13 15 15 0
11 14 0 0 0
11 14 0 1 0
11 14 0 2 0
11 14 0 3 0
11 14 0 4 0
11 14 0 5 0
11 14 0 6 0
11 14 0 7 0
11 14 0 8 0
11 14 0 9 0
11 14 0 10 0
11 14 0 11 0
11 14 0 12 0
11 14 0 13 0
11 14 0 14 0
11 14 0 15 0
11 14 1 0 0
11 14 1 1 0
11 14 1 2 0
11 14 1 3 0
11 14 1 4 0
11 14 1 5 0
11 14 1 6 0
11 14 1 7 0
11 14 1 8 0
11 14 1 9 0
11 14 1 10 0
11 14 1 11 0
11 14 1 12 0
11 14 1 13 0
11 14 1 14 0
11 14 1 15 0
11 14 2 0 0
11 14 2 1 0
11 14 2 2 0
11 14 2 3 0
11 14 2 4 0
11 14 2 5 0
11 14 2 6 0
11 14 2 7 0
11 14 2 8 0
11 14 2 9 0
11 14 2 10 0
11 14 2 11 0
11 14 2 12 0
11 14 2 13 0
11 14 2 14 0
11 14 2 15 0
11 14 3 0 0
11 14 3 1 0
11 14 3 2 0
11 14 3 3 0
11 14 3 4 0
11 14 3 5 0
11 14 3 6 0
11 14 3 7 0
11 14 3 8 0
11 14 3 9 0
11 14 3 10 0
11 14 3 11 0
11 14 3 12 0
11 14 3 13 0
11 14 3 14 0
11 14 3 15 0
11 14 4 0 0
11 14 4 1 0
11 14 4 2 0
11 14 4 3 0
11 14 4 4 0
11 14 4 5 0
11 14 4 6 0
11 14 4 7 0
11 14 4 8 0
11 14 4 9 0
11 14 4 10 0
11 14 4 11 0
11 14 4 12 0
11 14 4 13 0
11 14 4 14 0
11 14 4 15 0
11 14 5 0 0
11 14 5 1 0
11 14 5 2 0
11 14 5 3 0
11 14 5 4 0
11 14 5 5 0
11 14 5 6 0
11 14 5 7 0
11 14 5 8 0
11 14 5 9 0
11 14 5 10 0
11 14 5 11 0
11 14 5 12 0
11 14 5 13 0
11 14 5 14 0
11 14 5 15 0
11 14 6 0 0
11 14 6 1 0
11 14 6 2 0
11 14 6 3 0
11 14 6 4 0
11 14 6 5 0
11 14 6 6 0
11 14 6 7 0
11 14 6 8 0
11 14 6 9 0
11 14 6 10 0
11 14 6 11 0
11 14 6 12 0
11 14 6 13 0
11 14 6 14 0
11 14 6 15 0
11 14 7 0 0
11 14 7 1 0
11 14 7 2 0
11 14 7 3 0
11 14 7 4 0
11 14 7 5 0
11 14 7 6 0
11 14 7 7 0
11 14 7 8 0
11 14 7 9 0
11 14 7 10 0
11 14 7 11 0
11 14 7 12 0
11 14 7 13 0
11 14 7 14 0
11 14 7 15 0
11 14 8 0 0
11 14 8 1 0
11 14 8 2 0
11 14 8 3 0
11 14 8 4 0
11 14 8 5 0
11 14 8 6 0
11 14 8 7 0
11 14 8 8 0
11 14 8 9 0
11 14 8 10 0
11 14 8 11 0
11 14 8 12 0
11 14 8 13 0
11 14 8 14 0
11 14 8 15 0
11 14 9 0 0
11 14 9 1 0
11 14 9 2 0
11 14 9 3 0
11 14 9 4 0
11 14 9 5 0
11 14 9 6 0
11 14 9 7 0
11 14 9 8 0
11 14 9 9 0
11 14 9 10 0
11 14 9 11 0
11 14 9 12 0
11 14 9 13 0
11 14 9 14 0
11 14 9 15 0
11 14 10 0 0
11 14 10 1 0
11 14 10 2 0
11 14 10 3 0
11 14 10 4 0
11 14 10 5 0
11 14 10 6 0
11 14 10 7 0
11 14 10 8 0
11 14 10 9 0
11 14 10 10 0
11 14 10 11 0
11 14 10 12 0
11 14 10 13 0
11 14 10 14 0
11 14 10 15 0
11 14 11 0 0
11 14 11 1 0
11 14 11 2 0
11 14 11 3 0
11 14 11 4 0
11 14 11 5 0
11 14 11 6 0
11 14 11 7 0
11 14 11 8 0
11 14 11 9 0
11 14 11 10 0
11 14 11 11 0
11 14 11 12 0
11 14 11 13 0
11 14 11 14 0
11 14 11 15 0
11 14 12 0 0
11 14 12 1 0
11 14 12 2 0
11 14 12 3 0
11 14 12 4 0
11 14 12 5 0
11 14 12 6 0
11 14 12 7 0
11 14 12 8 0
11 14 12 9 0
11 14 12 10 0
11 14 12 11 0
11 14 12 12 0
11 14 12 13 0
11 14 12 14 0
11 14 12 15 0
11 14 13 0 0
11 14 13 1 0
11 14 13 2 0
11 14 13 3 0
11 14 13 4 0
11 14 13 5 0
11 14 13 6 0
11 14 13 7 0
11 14 13 8 0
11 14 13 9 0
11 14 13 10 0
11 14 13 11 0
11 14 13 12 0
11 14 13 13 0
11 14 13 14 0
11 14 13 15 0
11 14 14 0 0
11 14 14 1 0
11 14 14 2 0
11 14 14 3 0
11 14 14 4 0
11 14 14 5 0
11 14 14 6 0
11 14 14 7 0
11 14 14 8 0
11 14 14 9 0
11 14 14 10 0
11 14 14 11 0
11 14 14 12 0
11 14 14 13 0
11 14 14 14 0
11 14 14 15 0
11 14 15 0 0
11 14 15 1 0
11 14 15 2 0
11 14 15 3 0
11 14 15 4 0
11 14 15 5 0
11 14 15 6 0
11 14 15 7 0
11 14 15 8 0
11 14 15 9 0
11 14 15 10 0
11 14 15 11 0
11 14 15 12 0
11 14 15 13 0
11 14 15 14 0
11 14 15 15 0
11 15 0 0 0
11 15 0 1 0
11 15 0 2 0
11 15 0 3 0
11 15 0 4 0
11 15 0 5 0
11 15 0 6 0
11 15 0 7 0
11 15 0 8 0
11 15 0 9 0
11 15 0 10 0
11 15 0 11 0
11 15 0 12 0
11 15 0 13 0
11 15 0 14 0
11 15 0 15 0
11 15 1 0 0
11 15 1 1 0
11 15 1 2 0
11 15 1 3 0
11 15 1 4 0
11 15 1 5 0
11 15 1 6 0
11 15 1 7 0
11 15 1 8 0
11 15 1 9 0
11 15 1 10 0
11 15 1 11 0
11 15 1 12 0
11 15 1 13 0
11 15 1 14 0
11 15 1 15 0
11 15 2 0 0
11 15 2 1 0
11 15 2 2 0
11 15 2 3 0
11 15 2 4 0
11 15 2 5 0
11 15 2 6 0
11 15 2 7 0
11 15 2 8 0
11 15 2 9 0
11 15 2 10 0
11 15 2 11 0
11 15 2 12 0
11 15 2 13 0
11 15 2 14 0
11 15 2 15 0
11 15 3 0 0
11 15 3 1 0
11 15 3 2 0
11 15 3 3 0
11 15 3 4 0
11 15 3 5 0
11 15 3 6 0
11 15 3 7 0
11 15 3 8 0
11 15 3 9 0
11 15 3 10 0
11 15 3 11 0
11 15 3 12 0
11 15 3 13 0
11 15 3 14 0
11 15 3 15 0
11 15 4 0 0
11 15 4 1 0
11 15 4 2 0
11 15 4 3 0
11 15 4 4 0
11 15 4 5 0
11 15 4 6 0
11 15 4 7 0
11 15 4 8 0
11 15 4 9 0
11 15 4 10 0
11 15 4 11 0
11 15 4 12 0
11 15 4 13 0
11 15 4 14 0
11 15 4 15 0
11 15 5 0 0
11 15 5 1 0
11 15 5 2 0
11 15 5 3 0
11 15 5 4 0
11 15 5 5 0
11 15 5 6 0
11 15 5 7 0
11 15 5 8 0
11 15 5 9 0
11 15 5 10 0
11 15 5 11 0
11 15 5 12 0
11 15 5 13 0
11 15 5 14 0
11 15 5 15 0
11 15 6 0 0
11 15 6 1 0
11 15 6 2 0
11 15 6 3 0
11 15 6 4 0
11 15 6 5 0
11 15 6 6 0
11 15 6 7 0
11 15 6 8 0
11 15 6 9 0
11 15 6 10 0
11 15 6 11 0
11 15 6 12 0
11 15 6 13 0
11 15 6 14 0
11 15 6 15 0
11 15 7 0 0
11 15 7 1 0
11 15 7 2 0
11 15 7 3 0
11 15 7 4 0
11 15 7 5 0
11 15 7 6 0
11 15 7 7 0
11 15 7 8 0
11 15 7 9 0
11 15 7 10 0
11 15 7 11 0
11 15 7 12 0
11 15 7 13 0
11 15 7 14 0
11 15 7 15 0
11 15 8 0 0
11 15 8 1 0
11 15 8 2 0
11 15 8 3 0
11 15 8 4 0
11 15 8 5 0
11 15 8 6 0
11 15 8 7 0
11 15 8 8 0
11 15 8 9 0
11 15 8 10 0
11 15 8 11 0
11 15 8 12 0
11 15 8 13 0
11 15 8 14 0
11 15 8 15 0
11 15 9 0 0
11 15 9 1 0
11 15 9 2 0
11 15 9 3 0
11 15 9 4 0
11 15 9 5 0
11 15 9 6 0
11 15 9 7 0
11 15 9 8 0
11 15 9 9 0
11 15 9 10 0
11 15 9 11 0
11 15 9 12 0
11 15 9 13 0
11 15 9 14 0
11 15 9 15 0
11 15 10 0 0
11 15 10 1 0
11 15 10 2 0
11 15 10 3 0
11 15 10 4 0
11 15 10 5 0
11 15 10 6 0
11 15 10 7 0
11 15 10 8 0
11 15 10 9 0
11 15 10 10 0
11 15 10 11 0
11 15 10 12 0
11 15 10 13 0
11 15 10 14 0
11 15 10 15 0
11 15 11 0 0
11 15 11 1 0
11 15 11 2 0
11 15 11 3 0
11 15 11 4 0
11 15 11 5 0
11 15 11 6 0
11 15 11 7 0
11 15 11 8 0
11 15 11 9 0
11 15 11 10 0
11 15 11 11 0
11 15 11 12 0
11 15 11 13 0
11 15 11 14 0
11 15 11 15 0
11 15 12 0 0
11 15 12 1 0
11 15 12 2 0
11 15 12 3 0
11 15 12 4 0
11 15 12 5 0
11 15 12 6 0
11 15 12 7 0
11 15 12 8 0
11 15 12 9 0
11 15 12 10 0
11 15 12 11 0
11 15 12 12 0
11 15 12 13 0
11 15 12 14 0
11 15 12 15 0
11 15 13 0 0
11 15 13 1 0
11 15 13 2 0
11 15 13 3 0
11 15 13 4 0
11 15 13 5 0
11 15 13 6 0
11 15 13 7 0
11 15 13 8 0
11 15 13 9 0
11 15 13 10 0
11 15 13 11 0
11 15 13 12 0
11 15 13 13 0
11 15 13 14 0
11 15 13 15 0
11 15 14 0 0
11 15 14 1 0
11 15 14 2 0
11 15 14 3 0
11 15 14 4 0
11 15 14 5 0
11 15 14 6 0
11 15 14 7 0
11 15 14 8 0
11 15 14 9 0
11 15 14 10 0
11 15 14 11 0
11 15 14 12 0
11 15 14 13 0
11 15 14 14 0
11 15 14 15 0
11 15 15 0 0
11 15 15 1 0
11 15 15 2 0
11 15 15 3 0
11 15 15 4 0
11 15 15 5 0
11 15 15 6 0
11 15 15 7 0
11 15 15 8 0
11 15 15 9 0
11 15 15 10 0
11 15 15 11 0
11 15 15 12 0
11 15 15 13 0
11 15 15 14 0
11 15 15 15 0
12 0 0 0 0
12 0 0 1 0
12 0 0 2 0
12 0 0 3 0
12 0 0 4 0
12 0 0 5 -0.04561282826039283
12 0 0 6 0
12 0 0 7 0
12 0 0 8 0
12 0 0 9 0
12 0 0 10 0
12 0 0 11 0
12 0 0 12 -0.002924136860614158
12 0 0 13 0
12 0 0 14 0
12 0 0 15 0
12 0 1 0 0
12 0 1 1 0
12 0 1 2 0
12 0 1 3 0
12 0 1 4 0
12 0 1 5 0
12 0 1 6 0
12 0 1 7 0
12 0 1 8 0
12 0 1 9 0
12 0 1 10 0
12 0 1 11 0
12 0 1 12 0
12 0 1 13 0
12 0 1 14 0
12 0 1 15 0
12 0 2 0 0
12 0 2 1 0
12 0 2 2 0
12 0 2 3 0
12 0 2 4 0
12 0 2 5 0
12 0 2 6 0
12 0 2 7 0
12 0 2 8 0
12 0 2 9 0
12 0 2 10 0
12 0 2 11 0
12 0 2 12 0
12 0 2 13 0
12 0 2 14 0
12 0 2 15 0
12 0 3 0 0
12 0 3 1 0
12 0 3 2 0
12 0 3 3 0
12 0 3 4 0
12 0 3 5 0
12 0 3 6 0
12 0 3 7 0
12 0 3 8 0
12 0 3 9 0
12 0 3 10 0
12 0 3 11 0
12 0 3 12 0
12 0 3 13 0
12 0 3 14 0
12 0 3 15 0
12 0 4 0 0
12 0 4 1 0
12 0 4 2 0
12 0 4 3 0
12 0 4 4 0
12 0 4 5 0
12 0 4 6 0
12 0 4 7 0
12 0 4 8 0
12 0 4 9 0
12 0 4 10 0
12 0 4 11 0
12 0 4 12 0
12 0 4 13 0
12 0 4 14 0
12 0 4 15 0
12 0 5 0 0.09122565652078567
12 0 5 1 0
12 0 5 2 0
12 0 5 3 0
12 0 5 4 0
12 0 5 5 0
12 0 5 6 0
12 0 5 7 0
12 0 5 8 0
12 0 5 9 0
12 0 5 10 0
12 0 5 11 -0.0006202668612554115
12 0 5 12 0
12 0 5 13 0
12 0 5 14 0
12 0 5 15 0
12 0 6 0 0
12 0 6 1 0
12 0 6 2 0
12 0 6 3 0
12 0 6 4 0
12 0 6 5 0
12 0 6 6 0
12 0 6 7 0
12 0 6 8 0
12 0 6 9 0
12 0 6 10 0
12 0 6 11 0
12 0 6 12 0
12 0 6 13 0
12 0 6 14 0
12 0 6 15 0
12 0 7 0 0
12 0 7 1 0
12 0 7 2 0
12 0 7 3 0
12 0 7 4 0
12 0 7 5 0
12 0 7 6 0
12 0 7 7 0
12 0 7 8 0
12 0 7 9 0
12 0 7 10 0
12 0 7 11 0
12 0 7 12 0
12 0 7 13 0
12 0 7 14 0
12 0 7 15 0
12 0 8 0 0
12 0 8 1 0
12 0 8 2 0
12 0 8 3 0
12 0 8 4 0
12 0 8 5 0
12 0 8 6 0
12 0 8 7 0
12 0 8 8 0
12 0 8 9 0
12 0 8 10 0
12 0 8 11 0
12 0 8 12 0
12 0 8 13 0
12 0 8 14 0
12 0 8 15 0
12 0 9 0 0
12 0 9 1 0
12 0 9 2 0
12 0 9 3 0
12 0 9 4 0
12 0 9 5 0
12 0 9 6 0
12 0 9 7 0
12 0 9 8 0
12 0 9 9 0
12 0 9 10 0
12 0 9 11 0
12 0 9 12 0
12 0 9 13 0
12 0 9 14 0
12 0 9 15 0
12 0 10 0 0
12 0 10 1 0
12 0 10 2 0
12 0 10 3 0
12 0 10 4 0
12 0 10 5 0
12 0 10 6 0
12 0 10 7 0
12 0 10 8 0
12 0 10 9 0
12 0 10 10 0
12 0 10 11 0
12 0 10 12 0
12 0 10 13 0
12 0 10 14 0
12 0 10 15 0
12 0 11 0 0
12 0 11 1 0
12 0 11 2 0
12 0 11 3 0
12 0 11 4 0
12 0 11 5 -0.0001821848300271926
12 0 11 6 0
12 0 11 7 0
12 0 11 8 0
12 0 11 9 0
12 0 11 10 0
12 0 11 11 0
12 0 11 12 0
12 0 11 13 0
12 0 11 14 0
12 0 11 15 0
12 0 12 0 0.005848273721228316
12 0 12 1 0
12 0 12 2 0
12 0 12 3 0
12 0 12 4 0
12 0 12 5 0
12 0 12 6 0
12 0 12 7 0
12 0 12 8 0
12 0 12 9 0
12 0 12 10 0
12 0 12 11 0
12 0 12 12 0
12 0 12 13 0
12 0 12 14 0
12 0 12 15 0
12 0 13 0 0
12 0 13 1 0
12 0 13 2 0
12 0 13 3 0
12 0 13 4 0
12 0 13 5 0
12 0 13 6 0
12 0 13 7 0
12 0 13 8 0
12 0 13 9 0
12 0 13 10 0
12 0 13 11 0
12 0 13 12 0
12 0 13 13 0
12 0 13 14 0
12 0 13 15 0
12 0 14 0 0
12 0 14 1 0
12 0 14 2 0
12 0 14 3 0
12 0 14 4 0
12 0 14 5 0
12 0 14 6 0
12 0 14 7 0
12 0 14 8 0
12 0 14 9 0
12 0 14 10 0
12 0 14 11 0
12 0 14 12 0
12 0 14 13 0
12 0 14 14 0
12 0 14 15 0
12 0 15 0 0
12 0 15 1 0
12 0 15 2 0
12 0 15 3 0
12 0 15 4 0
12 0 15 5 0
12 0 15 6 0
12 0 15 7 0
12 0 15 8 0
12 0 15 9 0
12 0 15 10 0
12 0 15 11 0
12 0 15 12 0
12 0 15 13 0
12 0 15 14 0
12 0 15 15 0
12 1 0 0 0
12 1 0 1 0
12 1 0 2 0
12 1 0 3 0
12 1 0 4 0
12 1 0 5 0
12 1 0 6 0
12 1 0 7 0
12 1 0 8 0
12 1 0 9 0
12 1 0 10 0
12 1 0 11 0
12 1 0 12 0
12 1 0 13 0
12 1 0 14 0
12 1 0 15 0
12 1 1 0 0
12 1 1 1 0
12 1 1 2 0
12 1 1 3 0
12 1 1 4 0
12 1 1 5 -0.04561282826039283
12 1 1 6 0
12 1 1 7 0
12 1 1 8 0
12 1 1 9 0
12 1 1 10 0
12 1 1 11 0
12 1 1 12 -0.002924136860614158
12 1 1 13 0
12 1 1 14 0
12 1 1 15 0
12 1 2 0 0
12 1 2 1 0
12 1 2 2 0
12 1 2 3 0
12 1 2 4 0
12 1 2 5 0
12 1 2 6 0
12 1 2 7 0
12 1 2 8 0
12 1 2 9 0
12 1 2 10 0
12 1 2 11 0
12 1 2 12 0
12 1 2 13 0
12 1 2 14 0
12 1 2 15 0
12 1 3 0 0
12 1 3 1 0
12 1 3 2 0
12 1 3 3 0
12 1 3 4 0
12 1 3 5 0
12 1 3 6 0
12 1 3 7 0
12 1 3 8 0
12 1 3 9 0
12 1 3 10 0
12 1 3 11 0
12 1 3 12 0
12 1 3 13 0
12 1 3 14 0
12 1 3 15 0
12 1 4 0 0
12 1 4 1 0
12 1 4 2 0
12 1 4 3 0
12 1 4 4 0
12 1 4 5 0
12 1 4 6 0
12 1 4 7 0
12 1 4 8 0
12 1 4 9 0
12 1 4 10 0
12 1 4 11 0
12 1 4 12 0
12 1 4 13 0
12 1 4 14 0
12 1 4 15 0
12 1 5 0 0
12 1 5 1 0.09122565652078567
12 1 5 2 0
12 1 5 3 0
12 1 5 4 0
12 1 5 5 0
12 1 5 6 0
12 1 5 7 0
12 1 5 8 0
12 1 5 9 0
12 1 5 10 0
12 1 5 11 0
12 1 5 12 0
12 1 5 13 0
12 1 5 14 0
12 1 5 15 0.0007244667909822287
12 1 6 0 0
12 1 6 1 0
12 1 6 2 0
12 1 6 3 0
12 1 6 4 0
12 1 6 5 0
12 1 6 6 0
12 1 6 7 0
12 1 6 8 0
12 1 6 9 0
12 1 6 10 0
12 1 6 11 0
12 1 6 12 0
12 1 6 13 0
12 1 6 14 0
12 1 6 15 0
12 1 7 0 0
12 1 7 1 0
12 1 7 2 0
12 1 7 3 0
12 1 7 4 0
12 1 7 5 0
12 1 7 6 0
12 1 7 7 0
12 1 7 8 0
12 1 7 9 0
12 1 7 10 0
12 1 7 11 0
12 1 7 12 0
12 1 7 13 0
12 1 7 14 0
12 1 7 15 0
12 1 8 0 0
12 1 8 1 0
12 1 8 2 0
12 1 8 3 0
12 1 8 4 0
12 1 8 5 0
12 1 8 6 0
12 1 8 7 0
12 1 8 8 0
12 1 8 9 0
12 1 8 10 0
12 1 8 11 0
12 1 8 12 0
12 1 8 13 0
12 1 8 14 0
12 1 8 15 0
12 1 9 0 0
12 1 9 1 0
12 1 9 2 0
12 1 9 3 0
12 1 9 4 0
12 1 9 5 0
12 1 9 6 0
12 1 9 7 0
12 1 9 8 0
12 1 9 9 0
12 1 9 10 0
12 1 9 11 0
12 1 9 12 0
12 1 9 13 0
12 1 9 14 0
12 1 9 15 0
12 1 10 0 0
12 1 10 1 0
12 1 10 2 0
12 1 10 3 0
12 1 10 4 0
12 1 10 5 0
12 1 10 6 0
12 1 10 7 0
12 1 10 8 0
12 1 10 9 0
12 1 10 10 0
12 1 10 11 0
12 1 10 12 0
12 1 10 13 0
12 1 10 14 0
12 1 10 15 0
12 1 11 0 0
12 1 11 1 0
12 1 11 2 0
12 1 11 3 0
12 1 11 4 0
12 1 11 5 0
12 1 11 6 0
12 1 11 7 0
12 1 11 8 0
12 1 11 9 0
12 1 11 10 0
12 1 11 11 0
12 1 11 12 0
12 1 11 13 0
12 1 11 14 0
12 1 11 15 0
12 1 12 0 0
12 1 12 1 0.005848273721228316
12 1 12 2 0
12 1 12 3 0
12 1 12 4 0
12 1 12 5 0
12 1 12 6 0
12 1 12 7 0
12 1 12 8 0
12 1 12 9 0
12 1 12 10 0
12 1 12 11 0
12 1 12 12 0
12 1 12 13 0
12 1 12 14 0
12 1 12 15 0
12 1 13 0 0
12 1 13 1 0
12 1 13 2 0
12 1 13 3 0
12 1 13 4 0
12 1 13 5 0
12 1 13 6 0
12 1 13 7 0
12 1 13 8 0
12 1 13 9 0
12 1 13 10 0
12 1 13 11 0
12 1 13 12 0
12 1 13 13 0
12 1 13 14 0
12 1 13 15 0
12 1 14 0 0
12 1 14 1 0
12 1 14 2 0
12 1 14 3 0
12 1 14 4 0
12 1 14 5 0
12 1 14 6 0
12 1 14 7 0
12 1 14 8 0
12 1 14 9 0
12 1 14 10 0
12 1 14 11 0
12 1 14 12 0
12 1 14 13 0
12 1 14 14 0
12 1 14 15 0
12 1 15 0 0
12 1 15 1 0
12 1 15 2 0
12 1 15 3 0
12 1 15 4 0
12 1 15 5 -0.0003162317208471711
12 1 15 6 0
12 1 15 7 0
12 1 15 8 0
12 1 15 9 0
12 1 15 10 0
12 1 15 11 0
12 1 15 12 0
12 1 15 13 0
12 1 15 14 0
12 1 15 15 0
12 2 0 0 0
12 2 0 1 0
12 2 0 2 0
12 2 0 3 0
12 2 0 4 0
12 2 0 5 0
12 2 0 6 0
12 2 0 7 0
12 2 0 8 0
12 2 0 9 0
12 2 0 10 0
12 2 0 11 0
12 2 0 12 0
12 2 0 13 0
12 2 0 14 0
12 2 0 15 0
12 2 1 0 0
12 2 1 1 0
12 2 1 2 0
12 2 1 3 0
12 2 1 4 0
12 2 1 5 0
12 2 1 6 0
12 2 1 7 0
12 2 1 8 0
12 2 1 9 0
12 2 1 10 0
12 2 1 11 0
12 2 1 12 0
12 2 1 13 0
12 2 1 14 0
12 2 1 15 0
12 2 2 0 0
12 2 2 1 0
12 2 2 2 0
12 2 2 3 0
12 2 2 4 0
12 2 2 5 -0.04561282826039283
12 2 2 6 0
12 2 2 7 0
12 2 2 8 0
12 2 2 9 0
12 2 2 10 0
12 2 2 11 0
12 2 2 12 -0.002924136860614158
12 2 2 13 0
12 2 2 14 0
12 2 2 15 0
12 2 3 0 0
12 2 3 1 0
12 2 3 2 0
12 2 3 3 0
12 2 3 4 0
12 2 3 5 0
12 2 3 6 0
12 2 3 7 0
12 2 3 8 0
12 2 3 9 0
12 2 3 10 0
12 2 3 11 0
12 2 3 12 0
12 2 3 13 0
12 2 3 14 0
12 2 3 15 0
12 2 4 0 0
12 2 4 1 0
12 2 4 2 0
12 2 4 3 0
12 2 4 4 0
12 2 4 5 0
12 2 4 6 0
12 2 4 7 7.287935326917301e-05
12 2 4 8 0
12 2 4 9 0
12 2 4 10 0
12 2 4 11 0
12 2 4 12 0
12 2 4 13 0
12 2 4 14 0
12 2 4 15 0
12 2 5 0 0
12 2 5 1 0
12 2 5 2 0.09122565652078567
12 2 5 3 0
12 2 5 4 0
12 2 5 5 0
12 2 5 6 0
12 2 5 7 0
12 2 5 8 0
12 2 5 9 0
12 2 5 10 0
12 2 5 11 -0.001588412539147654
12 2 5 12 0
12 2 5 13 0
12 2 5 14 0.002285167307035823
12 2 5 15 0
12 2 6 0 0
12 2 6 1 0
12 2 6 2 0
12 2 6 3 0
12 2 6 4 0
12 2 6 5 0
12 2 6 6 0
12 2 6 7 0
12 2 6 8 0
12 2 6 9 0
12 2 6 10 0
12 2 6 11 0
12 2 6 12 0
12 2 6 13 0
12 2 6 14 0
12 2 6 15 0
12 2 7 0 0
12 2 7 1 0
12 2 7 2 0
12 2 7 3 0
12 2 7 4 0.003514863877386646
12 2 7 5 0
12 2 7 6 0
12 2 7 7 0
12 2 7 8 0
12 2 7 9 0
12 2 7 10 0
12 2 7 11 0
12 2 7 12 0
12 2 7 13 0
12 2 7 14 0
12 2 7 15 0
12 2 8 0 0
12 2 8 1 0
12 2 8 2 0
12 2 8 3 0
12 2 8 4 0
12 2 8 5 0
12 2 8 6 0
12 2 8 7 0
12 2 8 8 0
12 2 8 9 0
12 2 8 10 0
12 2 8 11 0
12 2 8 12 0
12 2 8 13 0
12 2 8 14 0
12 2 8 15 0
12 2 9 0 0
12 2 9 1 0
12 2 9 2 0
12 2 9 3 0
12 2 9 4 0
12 2 9 5 0
12 2 9 6 0
12 2 9 7 0
12 2 9 8 0
12 2 9 9 0
12 2 9 10 0
12 2 9 11 0
12 2 9 12 0
12 2 9 13 0
12 2 9 14 0
12 2 9 15 0
12 2 10 0 0
12 2 10 1 0
12 2 10 2 0
12 2 10 3 0
12 2 10 4 0
12 2 10 5 0
12 2 10 6 0
12 2 10 7 0
12 2 10 8 0
12 2 10 9 0
12 2 10 10 0
12 2 10 11 0
12 2 10 12 0
12 2 10 13 0
12 2 10 14 0
12 2 10 15 0
12 2 11 0 0
12 2 11 1 0
12 2 11 2 0
12 2 11 3 0
12 2 11 4 0
12 2 11 5 0.0006750848596685465
12 2 11 6 0
12 2 11 7 0
12 2 11 8 0
12 2 11 9 0
12 2 11 10 0
12 2 11 11 0
12 2 11 12 0
12 2 11 13 0
12 2 11 14 0
12 2 11 15 0
12 2 12 0 0
12 2 12 1 0
12 2 12 2 0.005848273721228316
12 2 12 3 0
12 2 12 4 0
12 2 12 5 0
12 2 12 6 0
12 2 12 7 0
12 2 12 8 0
12 2 12 9 0
12 2 12 10 0
12 2 12 11 0
12 2 12 12 0
12 2 12 13 0
12 2 12 14 0
12 2 12 15 0
12 2 13 0 0
12 2 13 1 0
12 2 13 2 0
12 2 13 3 0
12 2 13 4 0
12 2 13 5 0
12 2 13 6 0
12 2 13 7 0
12 2 13 8 0
12 2 13 9 0
12 2 13 10 0
12 2 13 11 0
12 2 13 12 0
12 2 13 13 0
12 2 13 14 0
12 2 13 15 0
12 2 14 0 0
12 2 14 1 0
12 2 14 2 0
12 2 14 3 0
12 2 14 4 0
12 2 14 5 -0.001266206349013581
12 2 14 6 0
12 2 14 7 0
12 2 14 8 0
12 2 14 9 0
12 2 14 10 0
12 2 14 11 0
12 2 14 12 0
12 2 14 13 0
12 2 14 14 0
12 2 14 15 0
12 2 15 0 0
12 2 15 1 0
12 2 15 2 0
12 2 15 3 0
12 2 15 4 0
12 2 15 5 0
12 2 15 6 0
12 2 15 7 0
12 2 15 8 0
12 2 15 9 0
12 2 15 10 0
12 2 15 11 0
12 2 15 12 0
12 2 15 13 0
12 2 15 14 0
12 2 15 15 0
12 3 0 0 0
12 3 0 1 0
12 3 0 2 0
12 3 0 3 0
12 3 0 4 0
12 3 0 5 0
12 3 0 6 0
12 3 0 7 0
12 3 0 8 0
12 3 0 9 0
12 3 0 10 0
12 3 0 11 0
12 3 0 12 0
12 3 0 13 0
12 3 0 14 0
12 3 0 15 0
12 3 1 0 0
12 3 1 1 0
12 3 1 2 0
12 3 1 3 0
12 3 1 4 0
12 3 1 5 0
12 3 1 6 0
12 3 1 7 0
12 3 1 8 0
12 3 1 9 0
12 3 1 10 0
12 3 1 11 0
12 3 1 12 0
12 3 1 13 0
12 3 1 14 0
12 3 1 15 0
12 3 2 0 0
12 3 2 1 0
12 3 2 2 0
12 3 2 3 0
12 3 2 4 0
12 3 2 5 0
12 3 2 6 0
12 3 2 7 0
12 3 2 8 0
12 3 2 9 0
12 3 2 10 0
12 3 2 11 0
12 3 2 12 0
12 3 2 13 0
12 3 2 14 0
12 3 2 15 0
12 3 3 0 0
12 3 3 1 0
12 3 3 2 0
12 3 3 3 0
12 3 3 4 0
12 3 3 5 -0.002652703454980944
12 3 3 6 0
12 3 3 7 0
12 3 3 8 0
12 3 3 9 0
12 3 3 10 0
12 3 3 11 0
12 3 3 12 -0.0003563997394512391
12 3 3 13 0
12 3 3 14 0
12 3 3 15 0
12 3 4 0 0
12 3 4 1 0
12 3 4 2 0
12 3 4 3 0
12 3 4 4 0
12 3 4 5 0
12 3 4 6 2.079406701917196e-05
12 3 4 7 0
12 3 4 8 0
12 3 4 9 0
12 3 4 10 0
12 3 4 11 0
12 3 4 12 0
12 3 4 13 4.24769901684385e-05
12 3 4 14 0
12 3 4 15 0
12 3 5 0 0
12 3 5 1 0
12 3 5 2 0
12 3 5 3 0.04561282826039283
12 3 5 4 0
12 3 5 5 0
12 3 5 6 0
12 3 5 7 0
12 3 5 8 0.003087088662772281
12 3 5 9 0
12 3 5 10 0
12 3 5 11 0
12 3 5 12 0
12 3 5 13 0
12 3 5 14 0
12 3 5 15 0
12 3 6 0 0
12 3 6 1 0
12 3 6 2 0
12 3 6 3 0
12 3 6 4 -0.002815253998645312
12 3 6 5 0
12 3 6 6 0
12 3 6 7 0
12 3 6 8 0
12 3 6 9 -0.0004220821456416902
12 3 6 10 0
12 3 6 11 0
12 3 6 12 0
12 3 6 13 0
12 3 6 14 0
12 3 6 15 0
12 3 7 0 0
12 3 7 1 0
12 3 7 2 0
12 3 7 3 0
12 3 7 4 0
12 3 7 5 0
12 3 7 6 0
12 3 7 7 0
12 3 7 8 0
12 3 7 9 0
12 3 7 10 0
12 3 7 11 0
12 3 7 12 0
12 3 7 13 0
12 3 7 14 0
12 3 7 15 0
12 3 8 0 0
12 3 8 1 0
12 3 8 2 0
12 3 8 3 0
12 3 8 4 0
12 3 8 5 -0.0004165412827692168
12 3 8 6 0
12 3 8 7 0
12 3 8 8 0
12 3 8 9 0
12 3 8 10 0
12 3 8 11 0
12 3 8 12 0
12 3 8 13 0
12 3 8 14 0
12 3 8 15 0
12 3 9 0 0
12 3 9 1 0
12 3 9 2 0
12 3 9 3 0
12 3 9 4 0
12 3 9 5 0
12 3 9 6 -3.35687184204563e-06
12 3 9 7 0
12 3 9 8 0
12 3 9 9 0
12 3 9 10 0
12 3 9 11 0
12 3 9 12 0
12 3 9 13 0
12 3 9 14 0
12 3 9 15 0
12 3 10 0 0
12 3 10 1 0
12 3 10 2 0
12 3 10 3 0
12 3 10 4 0
12 3 10 5 0
12 3 10 6 0
12 3 10 7 0
12 3 10 8 0
12 3 10 9 0
12 3 10 10 0
12 3 10 11 0
12 3 10 12 0
12 3 10 13 0
12 3 10 14 0
12 3 10 15 0
12 3 11 0 0
12 3 11 1 0
12 3 11 2 0
12 3 11 3 0
12 3 11 4 0
12 3 11 5 0
12 3 11 6 0
12 3 11 7 0
12 3 11 8 0
12 3 11 9 0
12 3 11 10 0
12 3 11 11 0
12 3 11 12 0
12 3 11 13 0
12 3 11 14 0
12 3 11 15 0
12 3 12 0 0
12 3 12 1 0
12 3 12 2 0
12 3 12 3 0.002934962366269766
12 3 12 4 0
12 3 12 5 0
12 3 12 6 0
12 3 12 7 0
12 3 12 8 0
12 3 12 9 0
12 3 12 10 0
12 3 12 11 0
12 3 12 12 0
12 3 12 13 0
12 3 12 14 0
12 3 12 15 0
12 3 13 0 0
12 3 13 1 0
12 3 13 2 0
12 3 13 3 0
12 3 13 4 -0.0003412635503926719
12 3 13 5 0
12 3 13 6 0
12 3 13 7 0
12 3 13 8 0
12 3 13 9 0
12 3 13 10 0
12 3 13 11 0
12 3 13 12 0
12 3 13 13 0
12 3 13 14 0
12 3 13 15 0
12 3 14 0 0
12 3 14 1 0
12 3 14 2 0
12 3 14 3 0
12 3 14 4 0
12 3 14 5 0
12 3 14 6 0
12 3 14 7 0
12 3 14 8 0
12 3 14 9 0
12 3 14 10 0
12 3 14 11 0
12 3 14 12 0
12 3 14 13 0
12 3 14 14 0
12 3 14 15 0
12 3 15 0 0
12 3 15 1 0
12 3 15 2 0
12 3 15 3 0
12 3 15 4 0
12 3 15 5 0
12 3 15 6 0
12 3 15 7 0
12 3 15 8 0
12 3 15 9 0
12 3 15 10 0
12 3 15 11 0
12 3 15 12 0
12 3 15 13 0
12 3 15 14 0
12 3 15 15 0
12 4 0 0 0
12 4 0 1 0
12 4 0 2 0
12 4 0 3 0
12 4 0 4 0
12 4 0 5 0
12 4 0 6 0
12 4 0 7 0
12 4 0 8 0
12 4 0 9 0
12 4 0 10 0
12 4 0 11 0
12 4 0 12 0
12 4 0 13 0
12 4 0 14 0
12 4 0 15 0
12 4 1 0 0
12 4 1 1 0
12 4 1 2 0
12 4 1 3 0
12 4 1 4 0
12 4 1 5 0
12 4 1 6 0
12 4 1 7 0
12 4 1 8 0
12 4 1 9 0
12 4 1 10 0
12 4 1 11 0
12 4 1 12 0
12 4 1 13 0
12 4 1 14 0
12 4 1 15 0
12 4 2 0 0
12 4 2 1 0
12 4 2 2 0
12 4 2 3 0
12 4 2 4 0
12 4 2 5 0
12 4 2 6 0
12 4 2 7 0
12 4 2 8 0
12 4 2 9 0
12 4 2 10 0
12 4 2 11 0
12 4 2 12 0
12 4 2 13 0
12 4 2 14 0
12 4 2 15 0
12 4 3 0 0
12 4 3 1 0
12 4 3 2 0
12 4 3 3 0
12 4 3 4 0
12 4 3 5 0
12 4 3 6 0
12 4 3 7 0
12 4 3 8 0
12 4 3 9 0
12 4 3 10 0
12 4 3 11 0
12 4 3 12 0
12 4 3 13 0
12 4 3 14 0
12 4 3 15 0
12 4 4 0 0
12 4 4 1 0
12 4 4 2 0
12 4 4 3 0
12 4 4 4 0
12 4 4 5 -0.04555487536442179
12 4 4 6 0
12 4 4 7 0
12 4 4 8 0
12 4 4 9 0
12 4 4 10 0
12 4 4 11 0
12 4 4 12 -0.00285882218664502
12 4 4 13 0
12 4 4 14 0
12 4 4 15 0
12 4 5 0 0
12 4 5 1 0
12 4 5 2 0
12 4 5 3 0
12 4 5 4 0.04561282826039283
12 4 5 5 0
12 4 5 6 0
12 4 5 7 0
12 4 5 8 0
12 4 5 9 0.002994346436754589
12 4 5 10 0
12 4 5 11 0
12 4 5 12 0
12 4 5 13 0
12 4 5 14 0
12 4 5 15 0
12 4 6 0 0
12 4 6 1 0
12 4 6 2 0
12 4 6 3 0
12 4 6 4 0
12 4 6 5 0
12 4 6 6 0
12 4 6 7 0
12 4 6 8 0
12 4 6 9 0
12 4 6 10 0
12 4 6 11 0
12 4 6 12 0
12 4 6 13 0
12 4 6 14 0
12 4 6 15 0
12 4 7 0 0
12 4 7 1 0
12 4 7 2 0
12 4 7 3 0
12 4 7 4 0
12 4 7 5 0
12 4 7 6 0
12 4 7 7 0
12 4 7 8 0
12 4 7 9 0
12 4 7 10 0
12 4 7 11 0
12 4 7 12 0
12 4 7 13 0
12 4 7 14 0
12 4 7 15 0
12 4 8 0 0
12 4 8 1 0
12 4 8 2 0
12 4 8 3 0
12 4 8 4 0
12 4 8 5 0
12 4 8 6 0
12 4 8 7 0
12 4 8 8 0
12 4 8 9 0
12 4 8 10 0
12 4 8 11 0
12 4 8 12 0
12 4 8 13 0
12 4 8 14 0
12 4 8 15 0
12 4 9 0 0
12 4 9 1 0
12 4 9 2 0
12 4 9 3 0
12 4 9 4 0
12 4 9 5 -0.003061359664243613
12 4 9 6 0
12 4 9 7 0
12 4 9 8 0
12 4 9 9 0
12 4 9 10 0
12 4 9 11 0
12 4 9 12 0
12 4 9 13 0
12 4 9 14 0
12 4 9 15 0
12 4 10 0 0
12 4 10 1 0
12 4 10 2 0
12 4 10 3 0
12 4 10 4 0
12 4 10 5 0
12 4 10 6 0
12 4 10 7 0
12 4 10 8 0
12 4 10 9 0
12 4 10 10 0
12 4 10 11 0
12 4 10 12 0
12 4 10 13 0
12 4 10 14 0
12 4 10 15 0
12 4 11 0 0
12 4 11 1 0
12 4 11 2 0
12 4 11 3 0
12 4 11 4 0
12 4 11 5 0
12 4 11 6 0
12 4 11 7 0
12 4 11 8 0
12 4 11 9 0
12 4 11 10 0
12 4 11 11 0
12 4 11 12 0
12 4 11 13 0
12 4 11 14 0
12 4 11 15 0
12 4 12 0 0
12 4 12 1 0
12 4 12 2 0
12 4 12 3 0
12 4 12 4 0.00291331135495855
12 4 12 5 0
12 4 12 6 0
12 4 12 7 0
12 4 12 8 0
12 4 12 9 0
12 4 12 10 0
12 4 12 11 0
12 4 12 12 0
12 4 12 13 0
12 4 12 14 0
12 4 12 15 0
12 4 13 0 0
12 4 13 1 0
12 4 13 2 0
12 4 13 3 0
12 4 13 4 0
12 4 13 5 0
12 4 13 6 0
12 4 13 7 0
12 4 13 8 0
12 4 13 9 0
12 4 13 10 0
12 4 13 11 0
12 4 13 12 0
12 4 13 13 0
12 4 13 14 0
12 4 13 15 0
12 4 14 0 0
12 4 14 1 0
12 4 14 2 0
12 4 14 3 0
12 4 14 4 0
12 4 14 5 0
12 4 14 6 0
12 4 14 7 0
12 4 14 8 0
12 4 14 9 0
12 4 14 10 0
12 4 14 11 0
12 4 14 12 0
12 4 14 13 0
12 4 14 14 0
12 4 14 15 0
12 4 15 0 0
12 4 15 1 0
12 4 15 2 0
12 4 15 3 0
12 4 15 4 0
12 4 15 5 0
12 4 15 6 0
12 4 15 7 0
12 4 15 8 0
12 4 15 9 0
12 4 15 10 0
12 4 15 11 0
12 4 15 12 0
12 4 15 13 0
12 4 15 14 0
12 4 15 15 0
12 5 0 0 0
12 5 0 1 0
12 5 0 2 0
12 5 0 3 0
12 5 0 4 0
12 5 0 5 0
12 5 0 6 0
12 5 0 7 0
12 5 0 8 0
12 5 0 9 0
12 5 0 10 0
12 5 0 11 0
12 5 0 12 0
12 5 0 13 0
12 5 0 14 0
12 5 0 15 0
12 5 1 0 0
12 5 1 1 0
12 5 1 2 0
12 5 1 3 0
12 5 1 4 0
12 5 1 5 0
12 5 1 6 0
12 5 1 7 0
12 5 1 8 0
12 5 1 9 0
12 5 1 10 0
12 5 1 11 0
12 5 1 12 0
12 5 1 13 0
12 5 1 14 0
12 5 1 15 0
12 5 2 0 0
12 5 2 1 0
12 5 2 2 0
12 5 2 3 0
12 5 2 4 0
12 5 2 5 0
12 5 2 6 0
12 5 2 7 0
12 5 2 8 0
12 5 2 9 0
12 5 2 10 0
12 5 2 11 0
12 5 2 12 0
12 5 2 13 0
12 5 2 14 0
12 5 2 15 0
12 5 3 0 0
12 5 3 1 0
12 5 3 2 0
12 5 3 3 0
12 5 3 4 0
12 5 3 5 0
12 5 3 6 0
12 5 3 7 0
12 5 3 8 0
12 5 3 9 0
12 5 3 10 0
12 5 3 11 0
12 5 3 12 0
12 5 3 13 0
12 5 3 14 0
12 5 3 15 0
12 5 4 0 0
12 5 4 1 0
12 5 4 2 0
12 5 4 3 0
12 5 4 4 -1.045519180896166e-18
12 5 4 5 0
12 5 4 6 0
12 5 4 7 0
12 5 4 8 0
12 5 4 9 1.910516897702886e-05
12 5 4 10 0
12 5 4 11 0
12 5 4 12 0
12 5 4 13 0
12 5 4 14 0
12 5 4 15 0
12 5 5 0 0
12 5 5 1 0
12 5 5 2 0
12 5 5 3 0
12 5 5 4 0
12 5 5 5 2.012508298817266e-19
12 5 5 6 0
12 5 5 7 0
12 5 5 8 0
12 5 5 9 0
12 5 5 10 0
12 5 5 11 0
12 5 5 12 -1.082550565560718e-05
12 5 5 13 0
12 5 5 14 0
12 5 5 15 0
12 5 6 0 0
12 5 6 1 0
12 5 6 2 0
12 5 6 3 0
12 5 6 4 0
12 5 6 5 0
12 5 6 6 0
12 5 6 7 0
12 5 6 8 0
12 5 6 9 0
12 5 6 10 0
12 5 6 11 0
12 5 6 12 0
12 5 6 13 0
12 5 6 14 0
12 5 6 15 0
12 5 7 0 0
12 5 7 1 0
12 5 7 2 0
12 5 7 3 0
12 5 7 4 0
12 5 7 5 0
12 5 7 6 0
12 5 7 7 0
12 5 7 8 0
12 5 7 9 0
12 5 7 10 0
12 5 7 11 0
12 5 7 12 0
12 5 7 13 0
12 5 7 14 0
12 5 7 15 0
12 5 8 0 0
12 5 8 1 0
12 5 8 2 0
12 5 8 3 0
12 5 8 4 0
12 5 8 5 0
12 5 8 6 0
12 5 8 7 0
12 5 8 8 0
12 5 8 9 0
12 5 8 10 0
12 5 8 11 0
12 5 8 12 0
12 5 8 13 0
12 5 8 14 0
12 5 8 15 0
12 5 9 0 0
12 5 9 1 0
12 5 9 2 0
12 5 9 3 0
12 5 9 4 -1.910516897702935e-05
12 5 9 5 0
12 5 9 6 0
12 5 9 7 0
12 5 9 8 0
12 5 9 9 0
12 5 9 10 0
12 5 9 11 0
12 5 9 12 0
12 5 9 13 0
12 5 9 14 0
12 5 9 15 0
12 5 10 0 0
12 5 10 1 0
12 5 10 2 0
12 5 10 3 0
12 5 10 4 0
12 5 10 5 0
12 5 10 6 0
12 5 10 7 0
12 5 10 8 0
12 5 10 9 0
12 5 10 10 0
12 5 10 11 0
12 5 10 12 0
12 5 10 13 0
12 5 10 14 0
12 5 10 15 0
12 5 11 0 0
12 5 11 1 0
12 5 11 2 0
12 5 11 3 0
12 5 11 4 0
12 5 11 5 0
12 5 11 6 0
12 5 11 7 0
12 5 11 8 0
12 5 11 9 0
12 5 11 10 0
12 5 11 11 0
12 5 11 12 0
12 5 11 13 0
12 5 11 14 0
12 5 11 15 0
12 5 12 0 0
12 5 12 1 0
12 5 12 2 0
12 5 12 3 0
12 5 12 4 0
12 5 12 5 1.082550565560747e-05
12 5 12 6 0
12 5 12 7 0
12 5 12 8 0
12 5 12 9 0
12 5 12 10 0
12 5 12 11 0
12 5 12 12 0
12 5 12 13 0
12 5 12 14 0
12 5 12 15 0
12 5 13 0 0
12 5 13 1 0
12 5 13 2 0
12 5 13 3 0
12 5 13 4 0
12 5 13 5 0
12 5 13 6 0
12 5 13 7 0
12 5 13 8 0
12 5 13 9 0
12 5 13 10 0
12 5 13 11 0
12 5 13 12 0
12 5 13 13 0
12 5 13 14 0
12 5 13 15 0
12 5 14 0 0
12 5 14 1 0
12 5 14 2 0
12 5 14 3 0
12 5 14 4 0
12 5 14 5 0
12 5 14 6 0
12 5 14 7 0
12 5 14 8 0
12 5 14 9 0
12 5 14 10 0
12 5 14 11 0
12 5 14 12 0
12 5 14 13 0
12 5 14 14 0
12 5 14 15 0
12 5 15 0 0
12 5 15 1 0
12 5 15 2 0
12 5 15 3 0
12 5 15 4 0
12 5 15 5 0
12 5 15 6 0
12 5 15 7 0
12 5 15 8 0
12 5 15 9 0
12 5 15 10 0
12 5 15 11 0
12 5 15 12 0
12 5 15 13 0
12 5 15 14 0
12 5 15 15 0
12 6 0 0 0
12 6 0 1 0
12 6 0 2 0
12 6 0 3 0
12 6 0 4 0
12 6 0 5 0
12 6 0 6 0
12 6 0 7 0
12 6 0 8 0
12 6 0 9 0
12 6 0 10 0
12 6 0 11 0
12 6 0 12 0
12 6 0 13 0
12 6 0 14 0
12 6 0 15 0
12 6 1 0 0
12 6 1 1 0
12 6 1 2 0
12 6 1 3 0
12 6 1 4 0
12 6 1 5 0
12 6 1 6 0
12 6 1 7 0
12 6 1 8 0
12 6 1 9 0
12 6 1 10 0
12 6 1 11 0
12 6 1 12 0
12 6 1 13 0
12 6 1 14 0
12 6 1 15 0
12 6 2 0 0
12 6 2 1 0
12 6 2 2 0
12 6 2 3 0
12 6 2 4 0
12 6 2 5 0
12 6 2 6 0
12 6 2 7 0
12 6 2 8 0
12 6 2 9 0
12 6 2 10 0
12 6 2 11 0
12 6 2 12 0
12 6 2 13 0
12 6 2 14 0
12 6 2 15 0
12 6 3 0 0
12 6 3 1 0
12 6 3 2 0
12 6 3 3 0
12 6 3 4 3.603648640830164e-19
12 6 3 5 0
12 6 3 6 0
12 6 3 7 0
12 6 3 8 0
12 6 3 9 -0.0002942402408496792
12 6 3 10 0
12 6 3 11 0
12 6 3 12 0
12 6 3 13 0
12 6 3 14 0
12 6 3 15 0
12 6 4 0 0
12 6 4 1 0
12 6 4 2 0
12 6 4 3 -8.140803714384728e-19
12 6 4 4 0
12 6 4 5 0
12 6 4 6 0
12 6 4 7 0
12 6 4 8 3.458162349255323e-05
12 6 4 9 0
12 6 4 10 0
12 6 4 11 0
12 6 4 12 0
12 6 4 13 0
12 6 4 14 0
12 6 4 15 0
12 6 5 0 0
12 6 5 1 0
12 6 5 2 0
12 6 5 3 0
12 6 5 4 0
12 6 5 5 0
12 6 5 6 0.04561282826039284
12 6 5 7 0
12 6 5 8 0
12 6 5 9 0
12 6 5 10 0
12 6 5 11 0
12 6 5 12 0
12 6 5 13 0.002942124771747109
12 6 5 14 0
12 6 5 15 0
12 6 6 0 0
12 6 6 1 0
12 6 6 2 0
12 6 6 3 0
12 6 6 4 0
12 6 6 5 -0.004065874669564223
12 6 6 6 0
12 6 6 7 0
12 6 6 8 0
12 6 6 9 0
12 6 6 10 0
12 6 6 11 0
12 6 6 12 -0.0004755167594895063
12 6 6 13 0
12 6 6 14 0
12 6 6 15 0
12 6 7 0 0
12 6 7 1 0
12 6 7 2 0
12 6 7 3 0
12 6 7 4 0
12 6 7 5 0
12 6 7 6 0
12 6 7 7 0
12 6 7 8 0
12 6 7 9 0
12 6 7 10 0
12 6 7 11 0
12 6 7 12 0
12 6 7 13 0
12 6 7 14 0
12 6 7 15 0
12 6 8 0 0
12 6 8 1 0
12 6 8 2 0
12 6 8 3 0
12 6 8 4 -0.0002658886594542
12 6 8 5 0
12 6 8 6 0
12 6 8 7 0
12 6 8 8 0
12 6 8 9 0
12 6 8 10 0
12 6 8 11 0
12 6 8 12 0
12 6 8 13 0
12 6 8 14 0
12 6 8 15 0
12 6 9 0 0
12 6 9 1 0
12 6 9 2 0
12 6 9 3 7.541792486440079e-06
12 6 9 4 0
12 6 9 5 0
12 6 9 6 0
12 6 9 7 0
12 6 9 8 0
12 6 9 9 0
12 6 9 10 0
12 6 9 11 0
12 6 9 12 0
12 6 9 13 0
12 6 9 14 0
12 6 9 15 0
12 6 10 0 0
12 6 10 1 0
12 6 10 2 0
12 6 10 3 0
12 6 10 4 0
12 6 10 5 0
12 6 10 6 0
12 6 10 7 0
12 6 10 8 0
12 6 10 9 0
12 6 10 10 0
12 6 10 11 0
12 6 10 12 0
12 6 10 13 0
12 6 10 14 0
12 6 10 15 0
12 6 11 0 0
12 6 11 1 0
12 6 11 2 0
12 6 11 3 0
12 6 11 4 0
12 6 11 5 0
12 6 11 6 0
12 6 11 7 0
12 6 11 8 0
12 6 11 9 0
12 6 11 10 0
12 6 11 11 0
12 6 11 12 0
12 6 11 13 0
12 6 11 14 0
12 6 11 15 0
12 6 12 0 0
12 6 12 1 0
12 6 12 2 0
12 6 12 3 0
12 6 12 4 0
12 6 12 5 0
12 6 12 6 0.00291331135495855
12 6 12 7 0
12 6 12 8 0
12 6 12 9 0
12 6 12 10 0
12 6 12 11 0
12 6 12 12 0
12 6 12 13 0
12 6 12 14 0
12 6 12 15 0
12 6 13 0 0
12 6 13 1 0
12 6 13 2 0
12 6 13 3 0
12 6 13 4 0
12 6 13 5 -0.000454860957587293
12 6 13 6 0
12 6 13 7 0
12 6 13 8 0
12 6 13 9 0
12 6 13 10 0
12 6 13 11 0
12 6 13 12 0
12 6 13 13 0
12 6 13 14 0
12 6 13 15 0
12 6 14 0 0
12 6 14 1 0
12 6 14 2 0
12 6 14 3 0
12 6 14 4 0
12 6 14 5 0
12 6 14 6 0
12 6 14 7 0
12 6 14 8 0
12 6 14 9 0
12 6 14 10 0
12 6 14 11 0
12 6 14 12 0
12 6 14 13 0
12 6 14 14 0
12 6 14 15 0
12 6 15 0 0
12 6 15 1 0
12 6 15 2 0
12 6 15 3 0
12 6 15 4 0
12 6 15 5 0
12 6 15 6 0
12 6 15 7 0
12 6 15 8 0
12 6 15 9 0
12 6 15 10 0
12 6 15 11 0
12 6 15 12 0
12 6 15 13 0
12 6 15 14 0
12 6 15 15 0
12 7 0 0 0
12 7 0 1 0
12 7 0 2 0
12 7 0 3 0
12 7 0 4 0
12 7 0 5 0
12 7 0 6 0
12 7 0 7 0
12 7 0 8 0
12 7 0 9 0
12 7 0 10 0
12 7 0 11 0
12 7 0 12 0
12 7 0 13 0
12 7 0 14 0
12 7 0 15 0
12 7 1 0 0
12 7 1 1 0
12 7 1 2 0
12 7 1 3 0
12 7 1 4 0
12 7 1 5 0
12 7 1 6 0
12 7 1 7 0
12 7 1 8 0
12 7 1 9 0
12 7 1 10 0
12 7 1 11 0
12 7 1 12 0
12 7 1 13 0
12 7 1 14 0
12 7 1 15 0
12 7 2 0 0
12 7 2 1 0
12 7 2 2 0
12 7 2 3 0
12 7 2 4 0
12 7 2 5 0
12 7 2 6 0
12 7 2 7 0
12 7 2 8 0
12 7 2 9 0
12 7 2 10 0
12 7 2 11 0
12 7 2 12 0
12 7 2 13 0
12 7 2 14 0
12 7 2 15 0
12 7 3 0 0
12 7 3 1 0
12 7 3 2 0
12 7 3 3 0
12 7 3 4 0
12 7 3 5 0
12 7 3 6 0
12 7 3 7 0
12 7 3 8 0
12 7 3 9 0
12 7 3 10 0
12 7 3 11 0
12 7 3 12 0
12 7 3 13 0
12 7 3 14 0
12 7 3 15 0
12 7 4 0 0
12 7 4 1 0
12 7 4 2 0
12 7 4 3 0
12 7 4 4 0
12 7 4 5 0
12 7 4 6 0
12 7 4 7 0
12 7 4 8 0
12 7 4 9 0
12 7 4 10 0
12 7 4 11 0
12 7 4 12 0
12 7 4 13 0
12 7 4 14 0
12 7 4 15 0
12 7 5 0 0
12 7 5 1 0
12 7 5 2 0
12 7 5 3 0
12 7 5 4 0
12 7 5 5 0
12 7 5 6 0
12 7 5 7 0
12 7 5 8 0
12 7 5 9 0
12 7 5 10 0
12 7 5 11 0
12 7 5 12 0
12 7 5 13 0
12 7 5 14 0
12 7 5 15 0
12 7 6 0 0
12 7 6 1 0
12 7 6 2 0
12 7 6 3 0
12 7 6 4 0
12 7 6 5 0
12 7 6 6 0
12 7 6 7 0
12 7 6 8 0
12 7 6 9 0
12 7 6 10 0
12 7 6 11 0
12 7 6 12 0
12 7 6 13 0
12 7 6 14 0
12 7 6 15 0
12 7 7 0 0
12 7 7 1 0
12 7 7 2 0
12 7 7 3 0
12 7 7 4 0
12 7 7 5 0
12 7 7 6 0
12 7 7 7 0
12 7 7 8 0
12 7 7 9 0
12 7 7 10 0
12 7 7 11 0
12 7 7 12 0
12 7 7 13 0
12 7 7 14 0
12 7 7 15 0
12 7 8 0 0
12 7 8 1 0
12 7 8 2 0
12 7 8 3 0
12 7 8 4 0
12 7 8 5 0
12 7 8 6 0
12 7 8 7 0
12 7 8 8 0
12 7 8 9 0
12 7 8 10 0
12 7 8 11 0
12 7 8 12 0
12 7 8 13 0
12 7 8 14 0
12 7 8 15 0
12 7 9 0 0
12 7 9 1 0
12 7 9 2 0
12 7 9 3 0
12 7 9 4 0
12 7 9 5 0
12 7 9 6 0
12 7 9 7 0
12 7 9 8 0
12 7 9 9 0
12 7 9 10 0
12 7 9 11 0
12 7 9 12 0
12 7 9 13 0
12 7 9 14 0
12 7 9 15 0
12 7 10 0 0
12 7 10 1 0
12 7 10 2 0
12 7 10 3 0
12 7 10 4 0
12 7 10 5 0
12 7 10 6 0
12 7 10 7 0
12 7 10 8 0
12 7 10 9 0
12 7 10 10 0
12 7 10 11 0
12 7 10 12 0
12 7 10 13 0
12 7 10 14 0
12 7 10 15 0
12 7 11 0 0
12 7 11 1 0
12 7 11 2 0
12 7 11 3 0
12 7 11 4 0
12 7 11 5 0
12 7 11 6 0
12 7 11 7 0
12 7 11 8 0
12 7 11 9 0
12 7 11 10 0
12 7 11 11 0
12 7 11 12 0
12 7 11 13 0
12 7 11 14 0
12 7 11 15 0
12 7 12 0 0
12 7 12 1 0
12 7 12 2 0
12 7 12 3 0
12 7 12 4 0
12 7 12 5 0
12 7 12 6 0
12 7 12 7 0
12 7 12 8 0
12 7 12 9 0
12 7 12 10 0
12 7 12 11 0
12 7 12 12 0
12 7 12 13 0
12 7 12 14 0
12 7 12 15 0
12 7 13 0 0
12 7 13 1 0
12 7 13 2 0
12 7 13 3 0
12 7 13 4 0
12 7 13 5 0
12 7 13 6 0
12 7 13 7 0
12 7 13 8 0
12 7 13 9 0
12 7 13 10 0
12 7 13 11 0
12 7 13 12 0
12 7 13 13 0
12 7 13 14 0
12 7 13 15 0
12 7 14 0 0
12 7 14 1 0
12 7 14 2 0
12 7 14 3 0
12 7 14 4 0
12 7 14 5 0
12 7 14 6 0
12 7 14 7 0
12 7 14 8 0
12 7 14 9 0
12 7 14 10 0
12 7 14 11 0
12 7 14 12 0
12 7 14 13 0
12 7 14 14 0
12 7 14 15 0
12 7 15 0 0
12 7 15 1 0
12 7 15 2 0
12 7 15 3 0
12 7 15 4 0
12 7 15 5 0
12 7 15 6 0
12 7 15 7 0
12 7 15 8 0
12 7 15 9 0
12 7 15 10 0
12 7 15 11 0
12 7 15 12 0
12 7 15 13 0
12 7 15 14 0
12 7 15 15 0
12 8 0 0 0
12 8 0 1 0
12 8 0 2 0
12 8 0 3 0
12 8 0 4 0
12 8 0 5 0
12 8 0 6 0
12 8 0 7 0
12 8 0 8 0
12 8 0 9 0
12 8 0 10 0
12 8 0 11 0
12 8 0 12 0
12 8 0 13 0
12 8 0 14 0
12 8 0 15 0
12 8 1 0 0
12 8 1 1 0
12 8 1 2 0
12 8 1 3 0
12 8 1 4 0
12 8 1 5 0
12 8 1 6 0
12 8 1 7 0
12 8 1 8 0
12 8 1 9 0
12 8 1 10 0
12 8 1 11 0
12 8 1 12 0
12 8 1 13 0
12 8 1 14 0
12 8 1 15 0
12 8 2 0 0
12 8 2 1 0
12 8 2 2 0
12 8 2 3 0
12 8 2 4 0
12 8 2 5 0
12 8 2 6 0
12 8 2 7 0
12 8 2 8 0
12 8 2 9 0
12 8 2 10 0
12 8 2 11 0
12 8 2 12 0
12 8 2 13 0
12 8 2 14 0
12 8 2 15 0
12 8 3 0 0
12 8 3 1 0
12 8 3 2 0
12 8 3 3 0
12 8 3 4 0
12 8 3 5 0
12 8 3 6 0
12 8 3 7 0
12 8 3 8 0
12 8 3 9 0
12 8 3 10 0
12 8 3 11 0
12 8 3 12 0
12 8 3 13 0
12 8 3 14 0
12 8 3 15 0
12 8 4 0 0
12 8 4 1 0
12 8 4 2 0
12 8 4 3 0
12 8 4 4 0
12 8 4 5 0
12 8 4 6 0
12 8 4 7 0
12 8 4 8 0
12 8 4 9 0
12 8 4 10 0
12 8 4 11 0
12 8 4 12 0
12 8 4 13 0
12 8 4 14 0
12 8 4 15 0
12 8 5 0 0
12 8 5 1 0
12 8 5 2 0
12 8 5 3 0
12 8 5 4 0
12 8 5 5 0
12 8 5 6 0
12 8 5 7 0
12 8 5 8 0
12 8 5 9 0
12 8 5 10 0
12 8 5 11 0
12 8 5 12 0
12 8 5 13 0
12 8 5 14 0
12 8 5 15 0
12 8 6 0 0
12 8 6 1 0
12 8 6 2 0
12 8 6 3 0
12 8 6 4 0
12 8 6 5 0
12 8 6 6 0
12 8 6 7 0
12 8 6 8 0
12 8 6 9 0
12 8 6 10 0
12 8 6 11 0
12 8 6 12 0
12 8 6 13 0
12 8 6 14 0
12 8 6 15 0
12 8 7 0 0
12 8 7 1 0
12 8 7 2 0
12 8 7 3 0
12 8 7 4 0
12 8 7 5 0
12 8 7 6 0
12 8 7 7 0
12 8 7 8 0
12 8 7 9 0
12 8 7 10 0
12 8 7 11 0
12 8 7 12 0
12 8 7 13 0
12 8 7 14 0
12 8 7 15 0
12 8 8 0 0
12 8 8 1 0
12 8 8 2 0
12 8 8 3 0
12 8 8 4 0
12 8 8 5 0
12 8 8 6 0
12 8 8 7 0
12 8 8 8 0
12 8 8 9 0
12 8 8 10 0
12 8 8 11 0
12 8 8 12 0
12 8 8 13 0
12 8 8 14 0
12 8 8 15 0
12 8 9 0 0
12 8 9 1 0
12 8 9 2 0
12 8 9 3 0
12 8 9 4 0
12 8 9 5 0
12 8 9 6 0
12 8 9 7 0
12 8 9 8 0
12 8 9 9 0
12 8 9 10 0
12 8 9 11 0
12 8 9 12 0
12 8 9 13 0
12 8 9 14 0
12 8 9 15 0
12 8 10 0 0
12 8 10 1 0
12 8 10 2 0
12 8 10 3 0
12 8 10 4 0
12 8 10 5 0
12 8 10 6 0
12 8 10 7 0
12 8 10 8 0
12 8 10 9 0
12 8 10 10 0
12 8 10 11 0
12 8 10 12 0
12 8 10 13 0
12 8 10 14 0
12 8 10 15 0
12 8 11 0 0
12 8 11 1 0
12 8 11 2 0
12 8 11 3 0
12 8 11 4 0
12 8 11 5 0
12 8 11 6 0
12 8 11 7 0
12 8 11 8 0
12 8 11 9 0
12 8 11 10 0
12 8 11 11 0
12 8 11 12 0
12 8 11 13 0
12 8 11 14 0
12 8 11 15 0
12 8 12 0 0
12 8 12 1 0
12 8 12 2 0
12 8 12 3 0
12 8 12 4 0
12 8 12 5 0
12 8 12 6 0
12 8 12 7 0
12 8 12 8 0
12 8 12 9 0
12 8 12 10 0
12 8 12 11 0
12 8 12 12 0
12 8 12 13 0
12 8 12 14 0
12 8 12 15 0
12 8 13 0 0
12 8 13 1 0
12 8 13 2 0
12 8 13 3 0
12 8 13 4 0
12 8 13 5 0
12 8 13 6 0
12 8 13 7 0
12 8 13 8 0
12 8 13 9 0
12 8 13 10 0
12 8 13 11 0
12 8 13 12 0
12 8 13 13 0
12 8 13 14 0
12 8 13 15 0
12 8 14 0 0
12 8 14 1 0
12 8 14 2 0
12 8 14 3 0
12 8 14 4 0
12 8 14 5 0
12 8 14 6 0
12 8 14 7 0
12 8 14 8 0
12 8 14 9 0
12 8 14 10 0
12 8 14 11 0
12 8 14 12 0
12 8 14 13 0
12 8 14 14 0
12 8 14 15 0
12 8 15 0 0
12 8 15 1 0
12 8 15 2 0
12 8 15 3 0
12 8 15 4 0
12 8 15 5 0
12 8 15 6 0
12 8 15 7 0
12 8 15 8 0
12 8 15 9 0
12 8 15 10 0
12 8 15 11 0
12 8 15 12 0
12 8 15 13 0
12 8 15 14 0
12 8 15 15 0
12 9 0 0 0
12 9 0 1 0
12 9 0 2 0
12 9 0 3 0
12 9 0 4 0
12 9 0 5 0
12 9 0 6 0
12 9 0 7 0
12 9 0 8 0
12 9 0 9 0
12 9 0 10 0
12 9 0 11 0
12 9 0 12 0
12 9 0 13 0
12 9 0 14 0
12 9 0 15 0
12 9 1 0 0
12 9 1 1 0
12 9 1 2 0
12 9 1 3 0
12 9 1 4 0
12 9 1 5 0
12 9 1 6 0
12 9 1 7 0
12 9 1 8 0
12 9 1 9 0
12 9 1 10 0
12 9 1 11 0
12 9 1 12 0
12 9 1 13 0
12 9 1 14 0
12 9 1 15 0
12 9 2 0 0
12 9 2 1 0
12 9 2 2 0
12 9 2 3 0
12 9 2 4 0
12 9 2 5 0
12 9 2 6 0
12 9 2 7 0
12 9 2 8 0
12 9 2 9 0
12 9 2 10 0
12 9 2 11 0
12 9 2 12 0
12 9 2 13 0
12 9 2 14 0
12 9 2 15 0
12 9 3 0 0
12 9 3 1 0
12 9 3 2 0
12 9 3 3 0
12 9 3 4 0
12 9 3 5 0
12 9 3 6 0
12 9 3 7 0
12 9 3 8 0
12 9 3 9 0
12 9 3 10 0
12 9 3 11 0
12 9 3 12 0
12 9 3 13 0
12 9 3 14 0
12 9 3 15 0
12 9 4 0 0
12 9 4 1 0
12 9 4 2 0
12 9 4 3 0
12 9 4 4 0
12 9 4 5 0
12 9 4 6 0
12 9 4 7 0
12 9 4 8 0
12 9 4 9 0
12 9 4 10 0
12 9 4 11 0
12 9 4 12 0
12 9 4 13 0
12 9 4 14 0
12 9 4 15 0
12 9 5 0 0
12 9 5 1 0
12 9 5 2 0
12 9 5 3 0
12 9 5 4 0
12 9 5 5 0
12 9 5 6 0
12 9 5 7 0
12 9 5 8 0
12 9 5 9 0
12 9 5 10 0
12 9 5 11 0
12 9 5 12 0
12 9 5 13 0
12 9 5 14 0
12 9 5 15 0
12 9 6 0 0
12 9 6 1 0
12 9 6 2 0
12 9 6 3 0
12 9 6 4 0
12 9 6 5 0
12 9 6 6 0
12 9 6 7 0
12 9 6 8 0
12 9 6 9 0
12 9 6 10 0
12 9 6 11 0
12 9 6 12 0
12 9 6 13 0
12 9 6 14 0
12 9 6 15 0
12 9 7 0 0
12 9 7 1 0
12 9 7 2 0
12 9 7 3 0
12 9 7 4 0
12 9 7 5 0
12 9 7 6 0
12 9 7 7 0
12 9 7 8 0
12 9 7 9 0
12 9 7 10 0
12 9 7 11 0
12 9 7 12 0
12 9 7 13 0
12 9 7 14 0
12 9 7 15 0
12 9 8 0 0
12 9 8 1 0
12 9 8 2 0
12 9 8 3 0
12 9 8 4 0
12 9 8 5 0
12 9 8 6 0
12 9 8 7 0
12 9 8 8 0
12 9 8 9 0
12 9 8 10 0
12 9 8 11 0
12 9 8 12 0
12 9 8 13 0
12 9 8 14 0
12 9 8 15 0
12 9 9 0 0
12 9 9 1 0
12 9 9 2 0
12 9 9 3 0
12 9 9 4 0
12 9 9 5 0
12 9 9 6 0
12 9 9 7 0
12 9 9 8 0
12 9 9 9 0
12 9 9 10 0
12 9 9 11 0
12 9 9 12 0
12 9 9 13 0
12 9 9 14 0
12 9 9 15 0
12 9 10 0 0
12 9 10 1 0
12 9 10 2 0
12 9 10 3 0
12 9 10 4 0
12 9 10 5 0
12 9 10 6 0
12 9 10 7 0
12 9 10 8 0
12 9 10 9 0
12 9 10 10 0
12 9 10 11 0
12 9 10 12 0
12 9 10 13 0
12 9 10 14 0
12 9 10 15 0
12 9 11 0 0
12 9 11 1 0
12 9 11 2 0
12 9 11 3 0
12 9 11 4 0
12 9 11 5 0
12 9 11 6 0
12 9 11 7 0
12 9 11 8 0
12 9 11 9 0
12 9 11 10 0
12 9 11 11 0
12 9 11 12 0
12 9 11 13 0
12 9 11 14 0
12 9 11 15 0
12 9 12 0 0
12 9 12 1 0
12 9 12 2 0
12 9 12 3 0
12 9 12 4 0
12 9 12 5 0
12 9 12 6 0
12 9 12 7 0
12 9 12 8 0
12 9 12 9 0
12 9 12 10 0
12 9 12 11 0
12 9 12 12 0
12 9 12 13 0
12 9 12 14 0
12 9 12 15 0
12 9 13 0 0
12 9 13 1 0
12 9 13 2 0
12 9 13 3 0
12 9 13 4 0
12 9 13 5 0
12 9 13 6 0
12 9 13 7 0
12 9 13 8 0
12 9 13 9 0
12 9 13 10 0
12 9 13 11 0
12 9 13 12 0
12 9 13 13 0
12 9 13 14 0
12 9 13 15 0
12 9 14 0 0
12 9 14 1 0
12 9 14 2 0
12 9 14 3 0
12 9 14 4 0
12 9 14 5 0
12 9 14 6 0
12 9 14 7 0
12 9 14 8 0
12 9 14 9 0
12 9 14 10 0
12 9 14 11 0
12 9 14 12 0
12 9 14 13 0
12 9 14 14 0
12 9 14 15 0
12 9 15 0 0
12 9 15 1 0
12 9 15 2 0
12 9 15 3 0
12 9 15 4 0
12 9 15 5 0
12 9 15 6 0
12 9 15 7 0
12 9 15 8 0
12 9 15 9 0
12 9 15 10 0
12 9 15 11 0
12 9 15 12 0
12 9 15 13 0
12 9 15 14 0
12 9 15 15 0
12 10 0 0 0
12 10 0 1 0
12 10 0 2 0
12 10 0 3 0
12 10 0 4 0
12 10 0 5 0
12 10 0 6 0
12 10 0 7 0
12 10 0 8 0
12 10 0 9 0
12 10 0 10 0
12 10 0 11 0
12 10 0 12 0
12 10 0 13 0
12 10 0 14 0
12 10 0 15 0
12 10 1 0 0
12 10 1 1 0
12 10 1 2 0
12 10 1 3 0
12 10 1 4 0
12 10 1 5 0
12 10 1 6 0
12 10 1 7 0
12 10 1 8 0
12 10 1 9 0
12 10 1 10 0
12 10 1 11 0
12 10 1 12 0
12 10 1 13 0
12 10 1 14 0
12 10 1 15 0
12 10 2 0 0
12 10 2 1 0
12 10 2 2 0
12 10 2 3 0
12 10 2 4 0
12 10 2 5 0
12 10 2 6 0
12 10 2 7 0
12 10 2 8 0
12 10 2 9 0
12 10 2 10 0
12 10 2 11 0
12 10 2 12 0
12 10 2 13 0
12 10 2 14 0
12 10 2 15 0
12 10 3 0 0
12 10 3 1 0
12 10 3 2 0
12 10 3 3 0
12 10 3 4 0
12 10 3 5 0
12 10 3 6 0
12 10 3 7 0
12 10 3 8 0
12 10 3 9 0
12 10 3 10 0
12 10 3 11 0
12 10 3 12 0
12 10 3 13 0
12 10 3 14 0
12 10 3 15 0
12 10 4 0 0
12 10 4 1 0
12 10 4 2 0
12 10 4 3 0
12 10 4 4 0
12 10 4 5 0
12 10 4 6 0
12 10 4 7 0
12 10 4 8 0
12 10 4 9 0
12 10 4 10 0
12 10 4 11 0
12 10 4 12 0
12 10 4 13 0
12 10 4 14 0
12 10 4 15 0
12 10 5 0 0
12 10 5 1 0
12 10 5 2 0
12 10 5 3 0
12 10 5 4 0
12 10 5 5 0
12 10 5 6 0
12 10 5 7 0
12 10 5 8 0
12 10 5 9 0
12 10 5 10 0
12 10 5 11 0
12 10 5 12 0
12 10 5 13 0
12 10 5 14 0
12 10 5 15 0
12 10 6 0 0
12 10 6 1 0
12 10 6 2 0
12 10 6 3 0
12 10 6 4 0
12 10 6 5 0
12 10 6 6 0
12 10 6 7 0
12 10 6 8 0
12 10 6 9 0
12 10 6 10 0
12 10 6 11 0
12 10 6 12 0
12 10 6 13 0
12 10 6 14 0
12 10 6 15 0
12 10 7 0 0
12 10 7 1 0
12 10 7 2 0
12 10 7 3 0
12 10 7 4 0
12 10 7 5 0
12 10 7 6 0
12 10 7 7 0
12 10 7 8 0
12 10 7 9 0
12 10 7 10 0
12 10 7 11 0
12 10 7 12 0
12 10 7 13 0
12 10 7 14 0
12 10 7 15 0
12 10 8 0 0
12 10 8 1 0
12 10 8 2 0
12 10 8 3 0
12 10 8 4 0
12 10 8 5 0
12 10 8 6 0
12 10 8 7 0
12 10 8 8 0
12 10 8 9 0
12 10 8 10 0
12 10 8 11 0
12 10 8 12 0
12 10 8 13 0
12 10 8 14 0
12 10 8 15 0
12 10 9 0 0
12 10 9 1 0
12 10 9 2 0
12 10 9 3 0
12 10 9 4 0
12 10 9 5 0
12 10 9 6 0
12 10 9 7 0
12 10 9 8 0
12 10 9 9 0
12 10 9 10 0
12 10 9 11 0
12 10 9 12 0
12 10 9 13 0
12 10 9 14 0
12 10 9 15 0
12 10 10 0 0
12 10 10 1 0
12 10 10 2 0
12 10 10 3 0
12 10 10 4 0
12 10 10 5 0
12 10 10 6 0
12 10 10 7 0
12 10 10 8 0
12 10 10 9 0
12 10 10 10 0
12 10 10 11 0
12 10 10 12 0
12 10 10 13 0
12 10 10 14 0
12 10 10 15 0
12 10 11 0 0
12 10 11 1 0
12 10 11 2 0
12 10 11 3 0
12 10 11 4 0
12 10 11 5 0
12 10 11 6 0
12 10 11 7 0
12 10 11 8 0
12 10 11 9 0
12 10 11 10 0
12 10 11 11 0
12 10 11 12 0
12 10 11 13 0
12 10 11 14 0
12 10 11 15 0
12 10 12 0 0
12 10 12 1 0
12 10 12 2 0
12 10 12 3 0
12 10 12 4 0
12 10 12 5 0
12 10 12 6 0
12 10 12 7 0
12 10 12 8 0
12 10 12 9 0
12 10 12 10 0
12 10 12 11 0
12 10 12 12 0
12 10 12 13 0
12 10 12 14 0
12 10 12 15 0
12 10 13 0 0
12 10 13 1 0
12 10 13 2 0
12 10 13 3 0
12 10 13 4 0
12 10 13 5 0
12 10 13 6 0
12 10 13 7 0
12 10 13 8 0
12 10 13 9 0
12 10 13 10 0
12 10 13 11 0
12 10 13 12 0
12 10 13 13 0
12 10 13 14 0
12 10 13 15 0
12 10 14 0 0
12 10 14 1 0
12 10 14 2 0
12 10 14 3 0
12 10 14 4 0
12 10 14 5 0
12 10 14 6 0
12 10 14 7 0
12 10 14 8 0
12 10 14 9 0
12 10 14 10 0
12 10 14 11 0
12 10 14 12 0
12 10 14 13 0
12 10 14 14 0
12 10 14 15 0
12 10 15 0 0
12 10 15 1 0
12 10 15 2 0
12 10 15 3 0
12 10 15 4 0
12 10 15 5 0
12 10 15 6 0
12 10 15 7 0
12 10 15 8 0
12 10 15 9 0
12 10 15 10 0
12 10 15 11 0
12 10 15 12 0
12 10 15 13 0
12 10 15 14 0
12 10 15 15 0
12 11 0 0 0
12 11 0 1 0
12 11 0 2 0
12 11 0 3 0
12 11 0 4 0
12 11 0 5 0
12 11 0 6 0
12 11 0 7 0
12 11 0 8 0
12 11 0 9 0
12 11 0 10 0
12 11 0 11 0
12 11 0 12 0
12 11 0 13 0
12 11 0 14 0
12 11 0 15 0
12 11 1 0 0
12 11 1 1 0
12 11 1 2 0
12 11 1 3 0
12 11 1 4 0
12 11 1 5 0
12 11 1 6 0
12 11 1 7 0
12 11 1 8 0
12 11 1 9 0
12 11 1 10 0
12 11 1 11 0
12 11 1 12 0
12 11 1 13 0
12 11 1 14 0
12 11 1 15 0
12 11 2 0 0
12 11 2 1 0
12 11 2 2 0
12 11 2 3 0
12 11 2 4 0
12 11 2 5 0
12 11 2 6 0
12 11 2 7 0
12 11 2 8 0
12 11 2 9 0
12 11 2 10 0
12 11 2 11 0
12 11 2 12 0
12 11 2 13 0
12 11 2 14 0
12 11 2 15 0
12 11 3 0 0
12 11 3 1 0
12 11 3 2 0
12 11 3 3 0
12 11 3 4 0
12 11 3 5 0
12 11 3 6 0
12 11 3 7 0
12 11 3 8 0
12 11 3 9 0
12 11 3 10 0
12 11 3 11 0
12 11 3 12 0
12 11 3 13 0
12 11 3 14 0
12 11 3 15 0
12 11 4 0 0
12 11 4 1 0
12 11 4 2 0
12 11 4 3 0
12 11 4 4 0
12 11 4 5 0
12 11 4 6 0
12 11 4 7 0
12 11 4 8 0
12 11 4 9 0
12 11 4 10 0
12 11 4 11 0
12 11 4 12 0
12 11 4 13 0
12 11 4 14 0
12 11 4 15 0
12 11 5 0 0
12 11 5 1 0
12 11 5 2 0
12 11 5 3 0
12 11 5 4 0
12 11 5 5 0
12 11 5 6 0
12 11 5 7 0
12 11 5 8 0
12 11 5 9 0
12 11 5 10 0
12 11 5 11 0
12 11 5 12 0
12 11 5 13 0
12 11 5 14 0
12 11 5 15 0
12 11 6 0 0
12 11 6 1 0
12 11 6 2 0
12 11 6 3 0
12 11 6 4 0
12 11 6 5 0
12 11 6 6 0
12 11 6 7 0
12 11 6 8 0
12 11 6 9 0
12 11 6 10 0
12 11 6 11 0
12 11 6 12 0
12 11 6 13 0
12 11 6 14 0
12 11 6 15 0
12 11 7 0 0
12 11 7 1 0
12 11 7 2 0
12 11 7 3 0
12 11 7 4 0
12 11 7 5 0
12 11 7 6 0
12 11 7 7 0
12 11 7 8 0
12 11 7 9 0
12 11 7 10 0
12 11 7 11 0
12 11 7 12 0
12 11 7 13 0
12 11 7 14 0
12 11 7 15 0
12 11 8 0 0
12 11 8 1 0
12 11 8 2 0
12 11 8 3 0
12 11 8 4 0
12 11 8 5 0
12 11 8 6 0
12 11 8 7 0
12 11 8 8 0
12 11 8 9 0
12 11 8 10 0
12 11 8 11 0
12 11 8 12 0
12 11 8 13 0
12 11 8 14 0
12 11 8 15 0
12 11 9 0 0
12 11 9 1 0
12 11 9 2 0
12 11 9 3 0
12 11 9 4 0
12 11 9 5 0
12 11 9 6 0
12 11 9 7 0
12 11 9 8 0
12 11 9 9 0
12 11 9 10 0
12 11 9 11 0
12 11 9 12 0
12 11 9 13 0
12 11 9 14 0
12 11 9 15 0
12 11 10 0 0
12 11 10 1 0
12 11 10 2 0
12 11 10 3 0
12 11 10 4 0
12 11 10 5 0
12 11 10 6 0
12 11 10 7 0
12 11 10 8 0
12 11 10 9 0
12 11 10 10 0
12 11 10 11 0
12 11 10 12 0
12 11 10 13 0
12 11 10 14 0
12 11 10 15 0
12 11 11 0 0
12 11 11 1 0
12 11 11 2 0
12 11 11 3 0
12 11 11 4 0
12 11 11 5 0
12 11 11 6 0
12 11 11 7 0
12 11 11 8 0
12 11 11 9 0
12 11 11 10 0
12 11 11 11 0
12 11 11 12 0
12 11 11 13 0
12 11 11 14 0
12 11 11 15 0
12 11 12 0 0
12 11 12 1 0
12 11 12 2 0
12 11 12 3 0
12 11 12 4 0
12 11 12 5 0
12 11 12 6 0
12 11 12 7 0
12 11 12 8 0
12 11 12 9 0
12 11 12 10 0
12 11 12 11 0
12 11 12 12 0
12 11 12 13 0
12 11 12 14 0
12 11 12 15 0
12 11 13 0 0
12 11 13 1 0
12 11 13 2 0
12 11 13 3 0
12 11 13 4 0
12 11 13 5 0
12 11 13 6 0
12 11 13 7 0
12 11 13 8 0
12 11 13 9 0
12 11 13 10 0
12 11 13 11 0
12 11 13 12 0
12 11 13 13 0
12 11 13 14 0
12 11 13 15 0
12 11 14 0 0
12 11 14 1 0
12 11 14 2 0
12 11 14 3 0
12 11 14 4 0
12 11 14 5 0
12 11 14 6 0
12 11 14 7 0
12 11 14 8 0
12 11 14 9 0
12 11 14 10 0
12 11 14 11 0
12 11 14 12 0
12 11 14 13 0
12 11 14 14 0
12 11 14 15 0
12 11 15 0 0
12 11 15 1 0
12 11 15 2 0
12 11 15 3 0
12 11 15 4 0
12 11 15 5 0
12 11 15 6 0
12 11 15 7 0
12 11 15 8 0
12 11 15 9 0
12 11 15 10 0
12 11 15 11 0
12 11 15 12 0
12 11 15 13 0
12 11 15 14 0
12 11 15 15 0
12 12 0 0 0
12 12 0 1 0
12 12 0 2 0
12 12 0 3 0
12 12 0 4 0
12 12 0 5 0
12 12 0 6 0
12 12 0 7 0
12 12 0 8 0
12 12 0 9 0
12 12 0 10 0
12 12 0 11 0
12 12 0 12 0
12 12 0 13 0
12 12 0 14 0
12 12 0 15 0
12 12 1 0 0
12 12 1 1 0
12 12 1 2 0
12 12 1 3 0
12 12 1 4 0
12 12 1 5 0
12 12 1 6 0
12 12 1 7 0
12 12 1 8 0
12 12 1 9 0
12 12 1 10 0
12 12 1 11 0
12 12 1 12 0
12 12 1 13 0
12 12 1 14 0
12 12 1 15 0
12 12 2 0 0
12 12 2 1 0
12 12 2 2 0
12 12 2 3 0
12 12 2 4 0
12 12 2 5 0
12 12 2 6 0
12 12 2 7 0
12 12 2 8 0
12 12 2 9 0
12 12 2 10 0
12 12 2 11 0
12 12 2 12 0
12 12 2 13 0
12 12 2 14 0
12 12 2 15 0
12 12 3 0 0
12 12 3 1 0
12 12 3 2 0
12 12 3 3 0
12 12 3 4 0
12 12 3 5 0
12 12 3 6 0
12 12 3 7 0
12 12 3 8 0
12 12 3 9 0
12 12 3 10 0
12 12 3 11 0
12 12 3 12 0
12 12 3 13 0
12 12 3 14 0
12 12 3 15 0
12 12 4 0 0
12 12 4 1 0
12 12 4 2 0
12 12 4 3 0
12 12 4 4 0
12 12 4 5 0
12 12 4 6 0
12 12 4 7 0
12 12 4 8 0
12 12 4 9 0
12 12 4 10 0
12 12 4 11 0
12 12 4 12 0
12 12 4 13 0
12 12 4 14 0
12 12 4 15 0
12 12 5 0 0
12 12 5 1 0
12 12 5 2 0
12 12 5 3 0
12 12 5 4 0
12 12 5 5 0
12 12 5 6 0
12 12 5 7 0
12 12 5 8 0
12 12 5 9 0
12 12 5 10 0
12 12 5 11 0
12 12 5 12 0
12 12 5 13 0
12 12 5 14 0
12 12 5 15 0
12 12 6 0 0
12 12 6 1 0
12 12 6 2 0
12 12 6 3 0
12 12 6 4 0
12 12 6 5 0
12 12 6 6 0
12 12 6 7 0
12 12 6 8 0
12 12 6 9 0
12 12 6 10 0
12 12 6 11 0
12 12 6 12 0
12 12 6 13 0
12 12 6 14 0
12 12 6 15 0
12 12 7 0 0
12 12 7 1 0
12 12 7 2 0
12 12 7 3 0
12 12 7 4 0
12 12 7 5 0
12 12 7 6 0
12 12 7 7 0
12 12 7 8 0
12 12 7 9 0
12 12 7 10 0
12 12 7 11 0
12 12 7 12 0
12 12 7 13 0
12 12 7 14 0
12 12 7 15 0
12 12 8 0 0
12 12 8 1 0
12 12 8 2 0
12 12 8 3 0
12 12 8 4 0
12 12 8 5 0
12 12 8 6 0
12 12 8 7 0
12 12 8 8 0
12 12 8 9 0
12 12 8 10 0
12 12 8 11 0
12 12 8 12 0
12 12 8 13 0
12 12 8 14 0
12 12 8 15 0
12 12 9 0 0
12 12 9 1 0
12 12 9 2 0
12 12 9 3 0
12 12 9 4 0
12 12 9 5 0
12 12 9 6 0
12 12 9 7 0
12 12 9 8 0
12 12 9 9 0
12 12 9 10 0
12 12 9 11 0
12 12 9 12 0
12 12 9 13 0
12 12 9 14 0
12 12 9 15 0
12 12 10 0 0
12 12 10 1 0
12 12 10 2 0
12 12 10 3 0
12 12 10 4 0
12 12 10 5 0
12 12 10 6 0
12 12 10 7 0
12 12 10 8 0
12 12 10 9 0
12 12 10 10 0
12 12 10 11 0
12 12 10 12 0
12 12 10 13 0
12 12 10 14 0
12 12 10 15 0
12 12 11 0 0
12 12 11 1 0
12 12 11 2 0
12 12 11 3 0
12 12 11 4 0
12 12 11 5 0
12 12 11 6 0
12 12 11 7 0
12 12 11 8 0
12 12 11 9 0
12 12 11 10 0
12 12 11 11 0
12 12 11 12 0
12 12 11 13 0
12 12 11 14 0
12 12 11 15 0
12 12 12 0 0
12 12 12 1 0
12 12 12 2 0
12 12 12 3 0
12 12 12 4 0
12 12 12 5 0
12 12 12 6 0
12 12 12 7 0
12 12 12 8 0
12 12 12 9 0
12 12 12 10 0
12 12 12 11 0
12 12 12 12 0
12 12 12 13 0
12 12 12 14 0
12 12 12 15 0
12 12 13 0 0
12 12 13 1 0
12 12 13 2 0
12 12 13 3 0
12 12 13 4 0
12 12 13 5 0
12 12 13 6 0
12 12 13 7 0
12 12 13 8 0
12 12 13 9 0
12 12 13 10 0
12 12 13 11 0
12 12 13 12 0
12 12 13 13 0
12 12 13 14 0
12 12 13 15 0
12 12 14 0 0
12 12 14 1 0
12 12 14 2 0
12 12 14 3 0
12 12 14 4 0
12 12 14 5 0
12 12 14 6 0
12 12 14 7 0
12 12 14 8 0
12 12 14 9 0
12 12 14 10 0
12 12 14 11 0
12 12 14 12 0
12 12 14 13 0
12 12 14 14 0
12 12 14 15 0
12 12 15 0 0
12 12 15 1 0
12 12 15 2 0
12 12 15 3 0
12 12 15 4 0
12 12 15 5 0
12 12 15 6 0
12 12 15 7 0
12 12 15 8 0
12 12 15 9 0
12 12 15 10 0
12 12 15 11 0
12 12 15 12 0
12 12 15 13 0
12 12 15 14 0
12 12 15 15 0
12 13 0 0 0
12 13 0 1 0
12 13 0 2 0
12 13 0 3 0
12 13 0 4 0
12 13 0 5 0
12 13 0 6 0
12 13 0 7 0
12 13 0 8 0
12 13 0 9 0
12 13 0 10 0
12 13 0 11 0
12 13 0 12 0
12 13 0 13 0
12 13 0 14 0
12 13 0 15 0
12 13 1 0 0
12 13 1 1 0
12 13 1 2 0
12 13 1 3 0
12 13 1 4 0
12 13 1 5 0
12 13 1 6 0
12 13 1 7 0
12 13 1 8 0
12 13 1 9 0
12 13 1 10 0
12 13 1 11 0
12 13 1 12 0
12 13 1 13 0
12 13 1 14 0
12 13 1 15 0
12 13 2 0 0
12 13 2 1 0
12 13 2 2 0
12 13 2 3 0
12 13 2 4 0
12 13 2 5 0
12 13 2 6 0
12 13 2 7 0
12 13 2 8 0
12 13 2 9 0
12 13 2 10 0
12 13 2 11 0
12 13 2 12 0
12 13 2 13 0
12 13 2 14 0
12 13 2 15 0
12 13 3 0 0
12 13 3 1 0
12 13 3 2 0
12 13 3 3 0
12 13 3 4 0
12 13 3 5 0
12 13 3 6 0
12 13 3 7 0
12 13 3 8 0
12 13 3 9 0
12 13 3 10 0
12 13 3 11 0
12 13 3 12 0
12 13 3 13 0
12 13 3 14 0
12 13 3 15 0
12 13 4 0 0
12 13 4 1 0
12 13 4 2 0
12 13 4 3 0
12 13 4 4 0
12 13 4 5 0
12 13 4 6 0
12 13 4 7 0
12 13 4 8 0
12 13 4 9 0
12 13 4 10 0
12 13 4 11 0
12 13 4 12 0
12 13 4 13 0
12 13 4 14 0
12 13 4 15 0
12 13 5 0 0
12 13 5 1 0
12 13 5 2 0
12 13 5 3 0
12 13 5 4 0
12 13 5 5 0
12 13 5 6 0
12 13 5 7 0
12 13 5 8 0
12 13 5 9 0
12 13 5 10 0
12 13 5 11 0
12 13 5 12 0
12 13 5 13 0
12 13 5 14 0
12 13 5 15 0
12 13 6 0 0
12 13 6 1 0
12 13 6 2 0
12 13 6 3 0
12 13 6 4 0
12 13 6 5 0
12 13 6 6 0
12 13 6 7 0
12 13 6 8 0
12 13 6 9 0
12 13 6 10 0
12 13 6 11 0
12 13 6 12 0
12 13 6 13 0
12 13 6 14 0
12 13 6 15 0
12 13 7 0 0
12 13 7 1 0
12 13 7 2 0
12 13 7 3 0
12 13 7 4 0
12 13 7 5 0
12 13 7 6 0
12 13 7 7 0
12 13 7 8 0
12 13 7 9 0
12 13 7 10 0
12 13 7 11 0
12 13 7 12 0
12 13 7 13 0
12 13 7 14 0
12 13 7 15 0
12 13 8 0 0
12 13 8 1 0
12 13 8 2 0
12 13 8 3 0
12 13 8 4 0
12 13 8 5 0
12 13 8 6 0
12 13 8 7 0
12 13 8 8 0
12 13 8 9 0
12 13 8 10 0
12 13 8 11 0
12 13 8 12 0
12 13 8 13 0
12 13 8 14 0
12 13 8 15 0
12 13 9 0 0
12 13 9 1 0
12 13 9 2 0
12 13 9 3 0
12 13 9 4 0
12 13 9 5 0
12 13 9 6 0
12 13 9 7 0
12 13 9 8 0
12 13 9 9 0
12 13 9 10 0
12 13 9 11 0
12 13 9 12 0
12 13 9 13 0
12 13 9 14 0
12 13 9 15 0
12 13 10 0 0
12 13 10 1 0
12 13 10 2 0
12 13 10 3 0
12 13 10 4 0
12 13 10 5 0
12 13 10 6 0
12 13 10 7 0
12 13 10 8 0
12 13 10 9 0
12 13 10 10 0
12 13 10 11 0
12 13 10 12 0
12 13 10 13 0
12 13 10 14 0
12 13 10 15 0
12 13 11 0 0
12 13 11 1 0
12 13 11 2 0
12 13 11 3 0
12 13 11 4 0
12 13 11 5 0
12 13 11 6 0
12 13 11 7 0
12 13 11 8 0
12 13 11 9 0
12 13 11 10 0
12 13 11 11 0
12 13 11 12 0
12 13 11 13 0
12 13 11 14 0
12 13 11 15 0
12 13 12 0 0
12 13 12 1 0
12 13 12 2 0
12 13 12 3 0
12 13 12 4 0
12 13 12 5 0
12 13 12 6 0
12 13 12 7 0
12 13 12 8 0
12 13 12 9 0
12 13 12 10 0
12 13 12 11 0
12 13 12 12 0
12 13 12 13 0
12 13 12 14 0
12 13 12 15 0
12 13 13 0 0
12 13 13 1 0
12 13 13 2 0
12 13 13 3 0
12 13 13 4 0
12 13 13 5 0
12 13 13 6 0
12 13 13 7 0
12 13 13 8 0
12 13 13 9 0
12 13 13 10 0
12 13 13 11 0
12 13 13 12 0
12 13 13 13 0
12 13 13 14 0
12 13 13 15 0
12 13 14 0 0
12 13 14 1 0
12 13 14 2 0
12 13 14 3 0
12 13 14 4 0
12 13 14 5 0
12 13 14 6 0
12 13 14 7 0
12 13 14 8 0
12 13 14 9 0
12 13 14 10 0
12 13 14 11 0
12 13 14 12 0
12 13 14 13 0
12 13 14 14 0
12 13 14 15 0
12 13 15 0 0
12 13 15 1 0
12 13 15 2 0
12 13 15 3 0
12 13 15 4 0
12 13 15 5 0
12 13 15 6 0
12 13 15 7 0
12 13 15 8 0
12 13 15 9 0
12 13 15 10 0
12 13 15 11 0
12 13 15 12 0
12 13 15 13 0
12 13 15 14 0
12 13 15 15 0
12 14 0 0 0
12 14 0 1 0
12 14 0 2 0
12 14 0 3 0
12 14 0 4 0
12 14 0 5 0
12 14 0 6 0
12 14 0 7 0
12 14 0 8 0
12 14 0 9 0
12 14 0 10 0
12 14 0 11 0
12 14 0 12 0
12 14 0 13 0
12 14 0 14 0
12 14 0 15 0
12 14 1 0 0
12 14 1 1 0
12 14 1 2 0
12 14 1 3 0
12 14 1 4 0
12 14 1 5 0
12 14 1 6 0
12 14 1 7 0
12 14 1 8 0
12 14 1 9 0
12 14 1 10 0
12 14 1 11 0
12 14 1 12 0
12 14 1 13 0
12 14 1 14 0
12 14 1 15 0
12 14 2 0 0
12 14 2 1 0
12 14 2 2 0
12 14 2 3 0
12 14 2 4 0
12 14 2 5 0
12 14 2 6 0
12 14 2 7 0
12 14 2 8 0
12 14 2 9 0
12 14 2 10 0
12 14 2 11 0
12 14 2 12 0
12 14 2 13 0
12 14 2 14 0
12 14 2 15 0
12 14 3 0 0
12 14 3 1 0
12 14 3 2 0
12 14 3 3 0
12 14 3 4 0
12 14 3 5 0
12 14 3 6 0
12 14 3 7 0
12 14 3 8 0
12 14 3 9 0
12 14 3 10 0
12 14 3 11 0
12 14 3 12 0
12 14 3 13 0
12 14 3 14 0
12 14 3 15 0
12 14 4 0 0
12 14 4 1 0
12 14 4 2 0
12 14 4 3 0
12 14 4 4 0
12 14 4 5 0
12 14 4 6 0
12 14 4 7 0
12 14 4 8 0
12 14 4 9 0
12 14 4 10 0
12 14 4 11 0
12 14 4 12 0
12 14 4 13 0
12 14 4 14 0
12 14 4 15 0
12 14 5 0 0
12 14 5 1 0
12 14 5 2 0
12 14 5 3 0
12 14 5 4 0
12 14 5 5 0
12 14 5 6 0
12 14 5 7 0
12 14 5 8 0
12 14 5 9 0
12 14 5 10 0
12 14 5 11 0
12 14 5 12 0
12 14 5 13 0
12 14 5 14 0
12 14 5 15 0
12 14 6 0 0
12 14 6 1 0
12 14 6 2 0
12 14 6 3 0
12 14 6 4 0
12 14 6 5 0
12 14 6 6 0
12 14 6 7 0
12 14 6 8 0
12 14 6 9 0
12 14 6 10 0
12 14 6 11 0
12 14 6 12 0
12 14 6 13 0
12 14 6 14 0
12 14 6 15 0
12 14 7 0 0
12 14 7 1 0
12 14 7 2 0
12 14 7 3 0
12 14 7 4 0
12 14 7 5 0
12 14 7 6 0
12 14 7 7 0
12 14 7 8 0
12 14 7 9 0
12 14 7 10 0
12 14 7 11 0
12 14 7 12 0
12 14 7 13 0
12 14 7 14 0
12 14 7 15 0
12 14 8 0 0
12 14 8 1 0
12 14 8 2 0
12 14 8 3 0
12 14 8 4 0
12 14 8 5 0
12 14 8 6 0
12 14 8 7 0
12 14 8 8 0
12 14 8 9 0
12 14 8 10 0
12 14 8 11 0
12 14 8 12 0
12 14 8 13 0
12 14 8 14 0
12 14 8 15 0
12 14 9 0 0
12 14 9 1 0
12 14 9 2 0
12 14 9 3 0
12 14 9 4 0
12 14 9 5 0
12 14 9 6 0
12 14 9 7 0
12 14 9 8 0
12 14 9 9 0
12 14 9 10 0
12 14 9 11 0
12 14 9 12 0
12 14 9 13 0
12 14 9 14 0
12 14 9 15 0
12 14 10 0 0
12 14 10 1 0
12 14 10 2 0
12 14 10 3 0
12 14 10 4 0
12 14 10 5 0
12 14 10 6 0
12 14 10 7 0
12 14 10 8 0
12 14 10 9 0
12 14 10 10 0
12 14 10 11 0
12 14 10 12 0
12 14 10 13 0
12 14 10 14 0
12 14 10 15 0
12 14 11 0 0
12 14 11 1 0
12 14 11 2 0
12 14 11 3 0
12 14 11 4 0
12 14 11 5 0
12 14 11 6 0
12 14 11 7 0
12 14 11 8 0
12 14 11 9 0
12 14 11 10 0
12 14 11 11 0
12 14 11 12 0
12 14 11 13 0
12 14 11 14 0
12 14 11 15 0
12 14 12 0 0
12 14 12 1 0
12 14 12 2 0
12 14 12 3 0
12 14 12 4 0
12 14 12 5 0
12 14 12 6 0
12 14 12 7 0
12 14 12 8 0
12 14 12 9 0
12 14 12 10 0
12 14 12 11 0
12 14 12 12 0
12 14 12 13 0
12 14 12 14 0
12 14 12 15 0
12 14 13 0 0
12 14 13 1 0
12 14 13 2 0
12 14 13 3 0
12 14 13 4 0
12 14 13 5 0
12 14 13 6 0
12 14 13 7 0
12 14 13 8 0
12 14 13 9 0
12 14 13 10 0
12 14 13 11 0
12 14 13 12 0
12 14 13 13 0
12 14 13 14 0
12 14 13 15 0
12 14 14 0 0
12 14 14 1 0
12 14 14 2 0
12 14 14 3 0
12 14 14 4 0
12 14 14 5 0
12 14 14 6 0
12 14 14 7 0
12 14 14 8 0
12 14 14 9 0
12 14 14 10 0
12 14 14 11 0
12 14 14 12 0
12 14 14 13 0
12 14 14 14 0
12 14 14 15 0
12 14 15 0 0
12 14 15 1 0
12 14 15 2 0
12 14 15 3 0
12 14 15 4 0
12 14 15 5 0
12 14 15 6 0
12 14 15 7 0
12 14 15 8 0
12 14 15 9 0
12 14 15 10 0
12 14 15 11 0
12 14 15 12 0
12 14 15 13 0
12 14 15 14 0
12 14 15 15 0
12 15 0 0 0
12 15 0 1 0
12 15 0 2 0
12 15 0 3 0
12 15 0 4 0
12 15 0 5 0
12 15 0 6 0
12 15 0 7 0
12 15 0 8 0
12 15 0 9 0
12 15 0 10 0
12 15 0 11 0
12 15 0 12 0
12 15 0 13 0
12 15 0 14 0
12 15 0 15 0
12 15 1 0 0
12 15 1 1 0
12 15 1 2 0
12 15 1 3 0
12 15 1 4 0
12 15 1 5 0
12 15 1 6 0
12 15 1 7 0
12 15 1 8 0
12 15 1 9 0
12 15 1 10 0
12 15 1 11 0
12 15 1 12 0
12 15 1 13 0
12 15 1 14 0
12 15 1 15 0
12 15 2 0 0
12 15 2 1 0
12 15 2 2 0
12 15 2 3 0
12 15 2 4 0
12 15 2 5 0
12 15 2 6 0
12 15 2 7 0
12 15 2 8 0
12 15 2 9 0
12 15 2 10 0
12 15 2 11 0
12 15 2 12 0
12 15 2 13 0
12 15 2 14 0
12 15 2 15 0
12 15 3 0 0
12 15 3 1 0
12 15 3 2 0
12 15 3 3 0
12 15 3 4 0
12 15 3 5 0
12 15 3 6 0
12 15 3 7 0
12 15 3 8 0
12 15 3 9 0
12 15 3 10 0
12 15 3 11 0
12 15 3 12 0
12 15 3 13 0
12 15 3 14 0
12 15 3 15 0
12 15 4 0 0
12 15 4 1 0
12 15 4 2 0
12 15 4 3 0
12 15 4 4 0
12 15 4 5 0
12 15 4 6 0
12 15 4 7 0
12 15 4 8 0
12 15 4 9 0
12 15 4 10 0
12 15 4 11 0
12 15 4 12 0
12 15 4 13 0
12 15 4 14 0
12 15 4 15 0
12 15 5 0 0
12 15 5 1 0
12 15 5 2 0
12 15 5 3 0
12 15 5 4 0
12 15 5 5 0
12 15 5 6 0
12 15 5 7 0
12 15 5 8 0
12 15 5 9 0
12 15 5 10 0
12 15 5 11 0
12 15 5 12 0
12 15 5 13 0
12 15 5 14 0
12 15 5 15 0
12 15 6 0 0
12 15 6 1 0
12 15 6 2 0
12 15 6 3 0
12 15 6 4 0
12 15 6 5 0
12 15 6 6 0
12 15 6 7 0
12 15 6 8 0
12 15 6 9 0
12 15 6 10 0
12 15 6 11 0
12 15 6 12 0
12 15 6 13 0
12 15 6 14 0
12 15 6 15 0
12 15 7 0 0
12 15 7 1 0
12 15 7 2 0
12 15 7 3 0
12 15 7 4 0
12 15 7 5 0
12 15 7 6 0
12 15 7 7 0
12 15 7 8 0
12 15 7 9 0
12 15 7 10 0
12 15 7 11 0
12 15 7 12 0
12 15 7 13 0
12 15 7 14 0
12 15 7 15 0
12 15 8 0 0
12 15 8 1 0
12 15 8 2 0
12 15 8 3 0
12 15 8 4 0
12 15 8 5 0
12 15 8 6 0
12 15 8 7 0
12 15 8 8 0
12 15 8 9 0
12 15 8 10 0
12 15 8 11 0
12 15 8 12 0
12 15 8 13 0
12 15 8 14 0
12 15 8 15 0
12 15 9 0 0
12 15 9 1 0
12 15 9 2 0
12 15 9 3 0
12 15 9 4 0
12 15 9 5 0
12 15 9 6 0
12 15 9 7 0
12 15 9 8 0
12 15 9 9 0
12 15 9 10 0
12 15 9 11 0
12 15 9 12 0
12 15 9 13 0
12 15 9 14 0
12 15 9 15 0
12 15 10 0 0
12 15 10 1 0
12 15 10 2 0
12 15 10 3 0
12 15 10 4 0
12 15 10 5 0
12 15 10 6 0
12 15 10 7 0
12 15 10 8 0
12 15 10 9 0
12 15 10 10 0
12 15 10 11 0
12 15 10 12 0
12 15 10 13 0
12 15 10 14 0
12 15 10 15 0
12 15 11 0 0
12 15 11 1 0
12 15 11 2 0
12 15 11 3 0
12 15 11 4 0
12 15 11 5 0
12 15 11 6 0
12 15 11 7 0
12 15 11 8 0
12 15 11 9 0
12 15 11 10 0
12 15 11 11 0
12 15 11 12 0
12 15 11 13 0
12 15 11 14 0
12 15 11 15 0
12 15 12 0 0
12 15 12 1 0
12 15 12 2 0
12 15 12 3 0
12 15 12 4 0
12 15 12 5 0
12 15 12 6 0
12 15 12 7 0
12 15 12 8 0
12 15 12 9 0
12 15 12 10 0
12 15 12 11 0
12 15 12 12 0
12 15 12 13 0
12 15 12 14 0
12 15 12 15 0
12 15 13 0 0
12 15 13 1 0
12 15 13 2 0
12 15 13 3 0
12 15 13 4 0
12 15 13 5 0
12 15 13 6 0
12 15 13 7 0
12 15 13 8 0
12 15 13 9 0
12 15 13 10 0
12 15 13 11 0
12 15 13 12 0
12 15 13 13 0
12 15 13 14 0
12 15 13 15 0
12 15 14 0 0
12 15 14 1 0
12 15 14 2 0
12 15 14 3 0
12 15 14 4 0
12 15 14 5 0
12 15 14 6 0
12 15 14 7 0
12 15 14 8 0
12 15 14 9 0
12 15 14 10 0
12 15 14 11 0
12 15 14 12 0
12 15 14 13 0
12 15 14 14 0
12 15 14 15 0
12 15 15 0 0
12 15 15 1 0
12 15 15 2 0
12 15 15 3 0
12 15 15 4 0
12 15 15 5 0
12 15 15 6 0
12 15 15 7 0
12 15 15 8 0
12 15 15 9 0
12 15 15 10 0
12 15 15 11 0
12 15 15 12 0
12 15 15 13 0
12 15 15 14 0
12 15 15 15 0
13 0 0 0 0
13 0 0 1 0
13 0 0 2 0
13 0 0 3 0
13 0 0 4 0
13 0 0 5 0
13 0 0 6 -0.04635966278163519
13 0 0 7 0
13 0 0 8 0
13 0 0 9 0
13 0 0 10 0
13 0 0 11 0
13 0 0 12 0
13 0 0 13 -0.00301443070854153
13 0 0 14 0
13 0 0 15 0
13 0 1 0 0
13 0 1 1 0
13 0 1 2 0
13 0 1 3 0
13 0 1 4 0
13 0 1 5 0
13 0 1 6 0
13 0 1 7 0
13 0 1 8 0
13 0 1 9 0
13 0 1 10 0
13 0 1 11 0
13 0 1 12 0
13 0 1 13 0
13 0 1 14 0
13 0 1 15 0
13 0 2 0 0
13 0 2 1 0
13 0 2 2 0
13 0 2 3 0
13 0 2 4 0
13 0 2 5 0
13 0 2 6 0
13 0 2 7 0
13 0 2 8 0
13 0 2 9 0
13 0 2 10 0
13 0 2 11 0
13 0 2 12 0
13 0 2 13 0
13 0 2 14 0
13 0 2 15 0
13 0 3 0 0
13 0 3 1 0
13 0 3 2 0
13 0 3 3 0
13 0 3 4 0
13 0 3 5 0
13 0 3 6 0
13 0 3 7 0
13 0 3 8 0
13 0 3 9 0
13 0 3 10 0
13 0 3 11 0
13 0 3 12 0
13 0 3 13 0
13 0 3 14 0
13 0 3 15 0
13 0 4 0 0
13 0 4 1 0
13 0 4 2 0
13 0 4 3 0
13 0 4 4 0
13 0 4 5 0
13 0 4 6 0
13 0 4 7 0
13 0 4 8 0
13 0 4 9 0
13 0 4 10 0
13 0 4 11 0
13 0 4 12 0
13 0 4 13 0
13 0 4 14 0
13 0 4 15 0
13 0 5 0 0
13 0 5 1 0
13 0 5 2 0
13 0 5 3 0
13 0 5 4 0
13 0 5 5 0
13 0 5 6 0
13 0 5 7 0
13 0 5 8 0
13 0 5 9 0
13 0 5 10 0
13 0 5 11 0
13 0 5 12 0
13 0 5 13 0
13 0 5 14 0
13 0 5 15 0
13 0 6 0 0.09271932556327038
13 0 6 1 0
13 0 6 2 0
13 0 6 3 0
13 0 6 4 0
13 0 6 5 0
13 0 6 6 0
13 0 6 7 0
13 0 6 8 0
13 0 6 9 0
13 0 6 10 0
13 0 6 11 -0.0006304185640848309
13 0 6 12 0
13 0 6 13 0
13 0 6 14 0
13 0 6 15 0
13 0 7 0 0
13 0 7 1 0
13 0 7 2 0
13 0 7 3 0
13 0 7 4 0
13 0 7 5 0
13 0 7 6 0
13 0 7 7 0
13 0 7 8 0
13 0 7 9 0
13 0 7 10 0
13 0 7 11 0
13 0 7 12 0
13 0 7 13 0
13 0 7 14 0
13 0 7 15 0
13 0 8 0 0
13 0 8 1 0
13 0 8 2 0
13 0 8 3 0
13 0 8 4 0
13 0 8 5 0
13 0 8 6 0
13 0 8 7 0
13 0 8 8 0
13 0 8 9 0
13 0 8 10 0
13 0 8 11 0
13 0 8 12 0
13 0 8 13 0
13 0 8 14 0
13 0 8 15 0
13 0 9 0 0
13 0 9 1 0
13 0 9 2 0
13 0 9 3 0
13 0 9 4 0
13 0 9 5 0
13 0 9 6 0
13 0 9 7 0
13 0 9 8 0
13 0 9 9 0
13 0 9 10 0
13 0 9 11 0
13 0 9 12 0
13 0 9 13 0
13 0 9 14 0
13 0 9 15 0
13 0 10 0 0
13 0 10 1 0
13 0 10 2 0
13 0 10 3 0
13 0 10 4 0
13 0 10 5 0
13 0 10 6 0
13 0 10 7 0
13 0 10 8 0
13 0 10 9 0
13 0 10 10 0
13 0 10 11 0
13 0 10 12 0
13 0 10 13 0
13 0 10 14 0
13 0 10 15 0
13 0 11 0 0
13 0 11 1 0
13 0 11 2 0
13 0 11 3 0
13 0 11 4 0
13 0 11 5 0
13 0 11 6 -0.000181408984480277
13 0 11 7 0
13 0 11 8 0
13 0 11 9 0
13 0 11 10 0
13 0 11 11 0
13 0 11 12 0
13 0 11 13 0
13 0 11 14 0
13 0 11 15 0
13 0 12 0 0
13 0 12 1 0
13 0 12 2 0
13 0 12 3 0
13 0 12 4 0
13 0 12 5 0
13 0 12 6 0
13 0 12 7 0
13 0 12 8 0
13 0 12 9 0
13 0 12 10 0
13 0 12 11 0
13 0 12 12 0
13 0 12 13 0
13 0 12 14 0
13 0 12 15 0
13 0 13 0 0.006028861417083059
13 0 13 1 0
13 0 13 2 0
13 0 13 3 0
13 0 13 4 0
13 0 13 5 0
13 0 13 6 0
13 0 13 7 0
13 0 13 8 0
13 0 13 9 0
13 0 13 10 0
13 0 13 11 0
13 0 13 12 0
13 0 13 13 0
13 0 13 14 0
13 0 13 15 0
13 0 14 0 0
13 0 14 1 0
13 0 14 2 0
13 0 14 3 0
13 0 14 4 0
13 0 14 5 0
13 0 14 6 0
13 0 14 7 0
13 0 14 8 0
13 0 14 9 0
13 0 14 10 0
13 0 14 11 0
13 0 14 12 0
13 0 14 13 0
13 0 14 14 0
13 0 14 15 0
13 0 15 0 0
13 0 15 1 0
13 0 15 2 0
13 0 15 3 0
13 0 15 4 0
13 0 15 5 0
13 0 15 6 0
13 0 15 7 0
13 0 15 8 0
13 0 15 9 0
13 0 15 10 0
13 0 15 11 0
13 0 15 12 0
13 0 15 13 0
13 0 15 14 0
13 0 15 15 0
13 1 0 0 0
13 1 0 1 0
13 1 0 2 0
13 1 0 3 0
13 1 0 4 0
13 1 0 5 0
13 1 0 6 0
13 1 0 7 0
13 1 0 8 0
13 1 0 9 0
13 1 0 10 0
13 1 0 11 0
13 1 0 12 0
13 1 0 13 0
13 1 0 14 0
13 1 0 15 0
13 1 1 0 0
13 1 1 1 0
13 1 1 2 0
13 1 1 3 0
13 1 1 4 0
13 1 1 5 0
13 1 1 6 -0.04635966278163519
13 1 1 7 0
13 1 1 8 0
13 1 1 9 0
13 1 1 10 0
13 1 1 11 0
13 1 1 12 0
13 1 1 13 -0.00301443070854153
13 1 1 14 0
13 1 1 15 0
13 1 2 0 0
13 1 2 1 0
13 1 2 2 0
13 1 2 3 0
13 1 2 4 0
13 1 2 5 0
13 1 2 6 0
13 1 2 7 0
13 1 2 8 0
13 1 2 9 0
13 1 2 10 0
13 1 2 11 0
13 1 2 12 0
13 1 2 13 0
13 1 2 14 0
13 1 2 15 0
13 1 3 0 0
13 1 3 1 0
13 1 3 2 0
13 1 3 3 0
13 1 3 4 0
13 1 3 5 0
13 1 3 6 0
13 1 3 7 0
13 1 3 8 0
13 1 3 9 0
13 1 3 10 0
13 1 3 11 0
13 1 3 12 0
13 1 3 13 0
13 1 3 14 0
13 1 3 15 0
13 1 4 0 0
13 1 4 1 0
13 1 4 2 0
13 1 4 3 0
13 1 4 4 0
13 1 4 5 0
13 1 4 6 0
13 1 4 7 0
13 1 4 8 0
13 1 4 9 0
13 1 4 10 0
13 1 4 11 0
13 1 4 12 0
13 1 4 13 0
13 1 4 14 0
13 1 4 15 0
13 1 5 0 0
13 1 5 1 0
13 1 5 2 0
13 1 5 3 0
13 1 5 4 0
13 1 5 5 0
13 1 5 6 0
13 1 5 7 0
13 1 5 8 0
13 1 5 9 0
13 1 5 10 0
13 1 5 11 0
13 1 5 12 0
13 1 5 13 0
13 1 5 14 0
13 1 5 15 0
13 1 6 0 0
13 1 6 1 0.09271932556327038
13 1 6 2 0
13 1 6 3 0
13 1 6 4 0
13 1 6 5 0
13 1 6 6 0
13 1 6 7 0
13 1 6 8 0
13 1 6 9 0
13 1 6 10 0
13 1 6 11 0
13 1 6 12 0
13 1 6 13 0
13 1 6 14 0
13 1 6 15 0.000736352079610302
13 1 7 0 0
13 1 7 1 0
13 1 7 2 0
13 1 7 3 0
13 1 7 4 0
13 1 7 5 0
13 1 7 6 0
13 1 7 7 0
13 1 7 8 0
13 1 7 9 0
13 1 7 10 0
13 1 7 11 0
13 1 7 12 0
13 1 7 13 0
13 1 7 14 0
13 1 7 15 0
13 1 8 0 0
13 1 8 1 0
13 1 8 2 0
13 1 8 3 0
13 1 8 4 0
13 1 8 5 0
13 1 8 6 0
13 1 8 7 0
13 1 8 8 0
13 1 8 9 0
13 1 8 10 0
13 1 8 11 0
13 1 8 12 0
13 1 8 13 0
13 1 8 14 0
13 1 8 15 0
13 1 9 0 0
13 1 9 1 0
13 1 9 2 0
13 1 9 3 0
13 1 9 4 0
13 1 9 5 0
13 1 9 6 0
13 1 9 7 0
13 1 9 8 0
13 1 9 9 0
13 1 9 10 0
13 1 9 11 0
13 1 9 12 0
13 1 9 13 0
13 1 9 14 0
13 1 9 15 0
13 1 10 0 0
13 1 10 1 0
13 1 10 2 0
13 1 10 3 0
13 1 10 4 0
13 1 10 5 0
13 1 10 6 0
13 1 10 7 0
13 1 10 8 0
13 1 10 9 0
13 1 10 10 0
13 1 10 11 0
13 1 10 12 0
13 1 10 13 0
13 1 10 14 0
13 1 10 15 0
13 1 11 0 0
13 1 11 1 0
13 1 11 2 0
13 1 11 3 0
13 1 11 4 0
13 1 11 5 0
13 1 11 6 0
13 1 11 7 0
13 1 11 8 0
13 1 11 9 0
13 1 11 10 0
13 1 11 11 0
13 1 11 12 0
13 1 11 13 0
13 1 11 14 0
13 1 11 15 0
13 1 12 0 0
13 1 12 1 0
13 1 12 2 0
13 1 12 3 0
13 1 12 4 0
13 1 12 5 0
13 1 12 6 0
13 1 12 7 0
13 1 12 8 0
13 1 12 9 0
13 1 12 10 0
13 1 12 11 0
13 1 12 12 0
13 1 12 13 0
13 1 12 14 0
13 1 12 15 0
13 1 13 0 0
13 1 13 1 0.006028861417083059
13 1 13 2 0
13 1 13 3 0
13 1 13 4 0
13 1 13 5 0
13 1 13 6 0
13 1 13 7 0
13 1 13 8 0
13 1 13 9 0
13 1 13 10 0
13 1 13 11 0
13 1 13 12 0
13 1 13 13 0
13 1 13 14 0
13 1 13 15 0
13 1 14 0 0
13 1 14 1 0
13 1 14 2 0
13 1 14 3 0
13 1 14 4 0
13 1 14 5 0
13 1 14 6 0
13 1 14 7 0
13 1 14 8 0
13 1 14 9 0
13 1 14 10 0
13 1 14 11 0
13 1 14 12 0
13 1 14 13 0
13 1 14 14 0
13 1 14 15 0
13 1 15 0 0
13 1 15 1 0
13 1 15 2 0
13 1 15 3 0
13 1 15 4 0
13 1 15 5 0
13 1 15 6 -0.0003180074257123335
13 1 15 7 0
13 1 15 8 0
13 1 15 9 0
13 1 15 10 0
13 1 15 11 0
13 1 15 12 0
13 1 15 13 0
13 1 15 14 0
13 1 15 15 0
13 2 0 0 0
13 2 0 1 0
13 2 0 2 0
13 2 0 3 0
13 2 0 4 0
13 2 0 5 0
13 2 0 6 0
13 2 0 7 0
13 2 0 8 0
13 2 0 9 0
13 2 0 10 0
13 2 0 11 0
13 2 0 12 0
13 2 0 13 0
13 2 0 14 0
13 2 0 15 0
13 2 1 0 0
13 2 1 1 0
13 2 1 2 0
13 2 1 3 0
13 2 1 4 0
13 2 1 5 0
13 2 1 6 0
13 2 1 7 0
13 2 1 8 0
13 2 1 9 0
13 2 1 10 0
13 2 1 11 0
13 2 1 12 0
13 2 1 13 0
13 2 1 14 0
13 2 1 15 0
13 2 2 0 0
13 2 2 1 0
13 2 2 2 0
13 2 2 3 0
13 2 2 4 0
13 2 2 5 0
13 2 2 6 -0.04635966278163519
13 2 2 7 0
13 2 2 8 0
13 2 2 9 0
13 2 2 10 0
13 2 2 11 0
13 2 2 12 0
13 2 2 13 -0.00301443070854153
13 2 2 14 0
13 2 2 15 0
13 2 3 0 0
13 2 3 1 0
13 2 3 2 0
13 2 3 3 0
13 2 3 4 0
13 2 3 5 0
13 2 3 6 0
13 2 3 7 6.143093729778492e-05
13 2 3 8 0
13 2 3 9 0
13 2 3 10 0
13 2 3 11 0
13 2 3 12 0
13 2 3 13 0
13 2 3 14 0
13 2 3 15 0
13 2 4 0 0
13 2 4 1 0
13 2 4 2 0
13 2 4 3 0
13 2 4 4 0
13 2 4 5 0
13 2 4 6 0
13 2 4 7 0
13 2 4 8 0
13 2 4 9 0
13 2 4 10 0
13 2 4 11 0
13 2 4 12 0
13 2 4 13 0
13 2 4 14 0
13 2 4 15 0
13 2 5 0 0
13 2 5 1 0
13 2 5 2 0
13 2 5 3 0
13 2 5 4 0
13 2 5 5 0
13 2 5 6 0
13 2 5 7 0
13 2 5 8 0
13 2 5 9 0
13 2 5 10 0
13 2 5 11 0
13 2 5 12 0
13 2 5 13 0
13 2 5 14 0
13 2 5 15 0
13 2 6 0 0
13 2 6 1 0
13 2 6 2 0.09271932556327038
13 2 6 3 0
13 2 6 4 0
13 2 6 5 0
13 2 6 6 0
13 2 6 7 0
13 2 6 8 0
13 2 6 9 0
13 2 6 10 0
13 2 6 11 -0.001614342266384972
13 2 6 12 0
13 2 6 13 0
13 2 6 14 0.0023222273729248
13 2 6 15 0
13 2 7 0 0
13 2 7 1 0
13 2 7 2 0
13 2 7 3 0.01380742796243869
13 2 7 4 0
13 2 7 5 0
13 2 7 6 0
13 2 7 7 0
13 2 7 8 0
13 2 7 9 0
13 2 7 10 0
13 2 7 11 0
13 2 7 12 0
13 2 7 13 0
13 2 7 14 0
13 2 7 15 0
13 2 8 0 0
13 2 8 1 0
13 2 8 2 0
13 2 8 3 0
13 2 8 4 0
13 2 8 5 0
13 2 8 6 0
13 2 8 7 0
13 2 8 8 0
13 2 8 9 0
13 2 8 10 0
13 2 8 11 0
13 2 8 12 0
13 2 8 13 0
13 2 8 14 0
13 2 8 15 0
13 2 9 0 0
13 2 9 1 0
13 2 9 2 0
13 2 9 3 0
13 2 9 4 0
13 2 9 5 0
13 2 9 6 0
13 2 9 7 0
13 2 9 8 0
13 2 9 9 0
13 2 9 10 0
13 2 9 11 0
13 2 9 12 0
13 2 9 13 0
13 2 9 14 0
13 2 9 15 0
13 2 10 0 0
13 2 10 1 0
13 2 10 2 0
13 2 10 3 0
13 2 10 4 0
13 2 10 5 0
13 2 10 6 0
13 2 10 7 0
13 2 10 8 0
13 2 10 9 0
13 2 10 10 0
13 2 10 11 0
13 2 10 12 0
13 2 10 13 0
13 2 10 14 0
13 2 10 15 0
13 2 11 0 0
13 2 11 1 0
13 2 11 2 0
13 2 11 3 0
13 2 11 4 0
13 2 11 5 0
13 2 11 6 0.0005898924495567072
13 2 11 7 0
13 2 11 8 0
13 2 11 9 0
13 2 11 10 0
13 2 11 11 0
13 2 11 12 0
13 2 11 13 0
13 2 11 14 0
13 2 11 15 0
13 2 12 0 0
13 2 12 1 0
13 2 12 2 0
13 2 12 3 0
13 2 12 4 0
13 2 12 5 0
13 2 12 6 0
13 2 12 7 0
13 2 12 8 0
13 2 12 9 0
13 2 12 10 0
13 2 12 11 0
13 2 12 12 0
13 2 12 13 0
13 2 12 14 0
13 2 12 15 0
13 2 13 0 0
13 2 13 1 0
13 2 13 2 0.006028861417083059
13 2 13 3 0
13 2 13 4 0
13 2 13 5 0
13 2 13 6 0
13 2 13 7 0
13 2 13 8 0
13 2 13 9 0
13 2 13 10 0
13 2 13 11 0
13 2 13 12 0
13 2 13 13 0
13 2 13 14 0
13 2 13 15 0
13 2 14 0 0
13 2 14 1 0
13 2 14 2 0
13 2 14 3 0
13 2 14 4 0
13 2 14 5 0
13 2 14 6 -0.001116633192428919
13 2 14 7 0
13 2 14 8 0
13 2 14 9 0
13 2 14 10 0
13 2 14 11 0
13 2 14 12 0
13 2 14 13 0
13 2 14 14 0
13 2 14 15 0
13 2 15 0 0
13 2 15 1 0
13 2 15 2 0
13 2 15 3 0
13 2 15 4 0
13 2 15 5 0
13 2 15 6 0
13 2 15 7 0
13 2 15 8 0
13 2 15 9 0
13 2 15 10 0
13 2 15 11 0
13 2 15 12 0
13 2 15 13 0
13 2 15 14 0
13 2 15 15 0
13 3 0 0 0
13 3 0 1 0
13 3 0 2 0
13 3 0 3 0
13 3 0 4 0
13 3 0 5 0
13 3 0 6 0
13 3 0 7 0
13 3 0 8 0
13 3 0 9 0
13 3 0 10 0
13 3 0 11 0
13 3 0 12 0
13 3 0 13 0
13 3 0 14 0
13 3 0 15 0
13 3 1 0 0
13 3 1 1 0
13 3 1 2 0
13 3 1 3 0
13 3 1 4 0
13 3 1 5 0
13 3 1 6 0
13 3 1 7 0
13 3 1 8 0
13 3 1 9 0
13 3 1 10 0
13 3 1 11 0
13 3 1 12 0
13 3 1 13 0
13 3 1 14 0
13 3 1 15 0
13 3 2 0 0
13 3 2 1 0
13 3 2 2 0
13 3 2 3 0
13 3 2 4 0
13 3 2 5 0
13 3 2 6 0
13 3 2 7 0
13 3 2 8 0
13 3 2 9 0
13 3 2 10 0
13 3 2 11 0
13 3 2 12 0
13 3 2 13 0
13 3 2 14 0
13 3 2 15 0
13 3 3 0 0
13 3 3 1 0
13 3 3 2 0
13 3 3 3 0
13 3 3 4 0
13 3 3 5 0
13 3 3 6 -0.04631414856521469
13 3 3 7 0
13 3 3 8 0
13 3 3 9 0
13 3 3 10 0
13 3 3 11 0
13 3 3 12 0
13 3 3 13 -0.002956092975101071
13 3 3 14 0
13 3 3 15 0
13 3 4 0 0
13 3 4 1 0
13 3 4 2 0
13 3 4 3 0
13 3 4 4 0
13 3 4 5 0
13 3 4 6 0
13 3 4 7 0
13 3 4 8 0
13 3 4 9 0
13 3 4 10 0
13 3 4 11 0
13 3 4 12 0
13 3 4 13 0
13 3 4 14 0
13 3 4 15 0
13 3 5 0 0
13 3 5 1 0
13 3 5 2 0
13 3 5 3 0
13 3 5 4 0
13 3 5 5 0
13 3 5 6 0
13 3 5 7 0
13 3 5 8 0
13 3 5 9 0
13 3 5 10 0
13 3 5 11 0
13 3 5 12 0
13 3 5 13 0
13 3 5 14 0
13 3 5 15 0
13 3 6 0 0
13 3 6 1 0
13 3 6 2 0
13 3 6 3 0.04635966278163519
13 3 6 4 0
13 3 6 5 0
13 3 6 6 0
13 3 6 7 0
13 3 6 8 0.003108041970571908
13 3 6 9 0
13 3 6 10 0
13 3 6 11 0
13 3 6 12 0
13 3 6 13 0
13 3 6 14 0
13 3 6 15 0
13 3 7 0 0
13 3 7 1 0
13 3 7 2 0
13 3 7 3 0
13 3 7 4 0
13 3 7 5 0
13 3 7 6 0
13 3 7 7 0
13 3 7 8 0
13 3 7 9 0
13 3 7 10 0
13 3 7 11 0
13 3 7 12 0
13 3 7 13 0
13 3 7 14 0
13 3 7 15 0
13 3 8 0 0
13 3 8 1 0
13 3 8 2 0
13 3 8 3 0
13 3 8 4 0
13 3 8 5 0
13 3 8 6 -0.003172660325346317
13 3 8 7 0
13 3 8 8 0
13 3 8 9 0
13 3 8 10 0
13 3 8 11 0
13 3 8 12 0
13 3 8 13 0
13 3 8 14 0
13 3 8 15 0
13 3 9 0 0
13 3 9 1 0
13 3 9 2 0
13 3 9 3 0
13 3 9 4 0
13 3 9 5 0
13 3 9 6 0
13 3 9 7 0
13 3 9 8 0
13 3 9 9 0
13 3 9 10 0
13 3 9 11 0
13 3 9 12 0
13 3 9 13 0
13 3 9 14 0
13 3 9 15 0
13 3 10 0 0
13 3 10 1 0
13 3 10 2 0
13 3 10 3 0
13 3 10 4 0
13 3 10 5 0
13 3 10 6 0
13 3 10 7 0
13 3 10 8 0
13 3 10 9 0
13 3 10 10 0
13 3 10 11 0
13 3 10 12 0
13 3 10 13 0
13 3 10 14 0
13 3 10 15 0
13 3 11 0 0
13 3 11 1 0
13 3 11 2 0
13 3 11 3 0
13 3 11 4 0
13 3 11 5 0
13 3 11 6 0
13 3 11 7 0
13 3 11 8 0
13 3 11 9 0
13 3 11 10 0
13 3 11 11 0
13 3 11 12 0
13 3 11 13 0
13 3 11 14 0
13 3 11 15 0
13 3 12 0 0
13 3 12 1 0
13 3 12 2 0
13 3 12 3 0
13 3 12 4 0
13 3 12 5 0
13 3 12 6 0
13 3 12 7 0
13 3 12 8 0
13 3 12 9 0
13 3 12 10 0
13 3 12 11 0
13 3 12 12 0
13 3 12 13 0
13 3 12 14 0
13 3 12 15 0
13 3 13 0 0
13 3 13 1 0
13 3 13 2 0
13 3 13 3 0.003007956669911447
13 3 13 4 0
13 3 13 5 0
13 3 13 6 0
13 3 13 7 0
13 3 13 8 0
13 3 13 9 0
13 3 13 10 0
13 3 13 11 0
13 3 13 12 0
13 3 13 13 0
13 3 13 14 0
13 3 13 15 0
13 3 14 0 0
13 3 14 1 0
13 3 14 2 0
13 3 14 3 0
13 3 14 4 0
13 3 14 5 0
13 3 14 6 0
13 3 14 7 0
13 3 14 8 0
13 3 14 9 0
13 3 14 10 0
13 3 14 11 0
13 3 14 12 0
13 3 14 13 0
13 3 14 14 0
13 3 14 15 0
13 3 15 0 0
13 3 15 1 0
13 3 15 2 0
13 3 15 3 0
13 3 15 4 0
13 3 15 5 0
13 3 15 6 0
13 3 15 7 0
13 3 15 8 0
13 3 15 9 0
13 3 15 10 0
13 3 15 11 0
13 3 15 12 0
13 3 15 13 0
13 3 15 14 0
13 3 15 15 0
13 4 0 0 0
13 4 0 1 0
13 4 0 2 0
13 4 0 3 0
13 4 0 4 0
13 4 0 5 0
13 4 0 6 0
13 4 0 7 0
13 4 0 8 0
13 4 0 9 0
13 4 0 10 0
13 4 0 11 0
13 4 0 12 0
13 4 0 13 0
13 4 0 14 0
13 4 0 15 0
13 4 1 0 0
13 4 1 1 0
13 4 1 2 0
13 4 1 3 0
13 4 1 4 0
13 4 1 5 0
13 4 1 6 0
13 4 1 7 0
13 4 1 8 0
13 4 1 9 0
13 4 1 10 0
13 4 1 11 0
13 4 1 12 0
13 4 1 13 0
13 4 1 14 0
13 4 1 15 0
13 4 2 0 0
13 4 2 1 0
13 4 2 2 0
13 4 2 3 0
13 4 2 4 0
13 4 2 5 0
13 4 2 6 0
13 4 2 7 0
13 4 2 8 0
13 4 2 9 0
13 4 2 10 0
13 4 2 11 0
13 4 2 12 0
13 4 2 13 0
13 4 2 14 0
13 4 2 15 0
13 4 3 0 0
13 4 3 1 0
13 4 3 2 0
13 4 3 3 0
13 4 3 4 0
13 4 3 5 1.99759617002404e-05
13 4 3 6 0
13 4 3 7 0
13 4 3 8 0
13 4 3 9 0
13 4 3 10 0
13 4 3 11 0
13 4 3 12 4.24769901684385e-05
13 4 3 13 0
13 4 3 14 0
13 4 3 15 0
13 4 4 0 0
13 4 4 1 0
13 4 4 2 0
13 4 4 3 0
13 4 4 4 0
13 4 4 5 0
13 4 4 6 -0.002514141864046212
13 4 4 7 0
13 4 4 8 0
13 4 4 9 0
13 4 4 10 0
13 4 4 11 0
13 4 4 12 0
13 4 4 13 -0.0003493958994741514
13 4 4 14 0
13 4 4 15 0
13 4 5 0 0
13 4 5 1 0
13 4 5 2 0
13 4 5 3 -0.002177113804776935
13 4 5 4 0
13 4 5 5 0
13 4 5 6 0
13 4 5 7 0
13 4 5 8 -0.0003409868017352875
13 4 5 9 0
13 4 5 10 0
13 4 5 11 0
13 4 5 12 0
13 4 5 13 0
13 4 5 14 0
13 4 5 15 0
13 4 6 0 0
13 4 6 1 0
13 4 6 2 0
13 4 6 3 0
13 4 6 4 0.04635966278163518
13 4 6 5 0
13 4 6 6 0
13 4 6 7 0
13 4 6 8 0
13 4 6 9 0.003075037524946592
13 4 6 10 0
13 4 6 11 0
13 4 6 12 0
13 4 6 13 0
13 4 6 14 0
13 4 6 15 0
13 4 7 0 0
13 4 7 1 0
13 4 7 2 0
13 4 7 3 0
13 4 7 4 0
13 4 7 5 0
13 4 7 6 0
13 4 7 7 0
13 4 7 8 0
13 4 7 9 0
13 4 7 10 0
13 4 7 11 0
13 4 7 12 0
13 4 7 13 0
13 4 7 14 0
13 4 7 15 0
13 4 8 0 0
13 4 8 1 0
13 4 8 2 0
13 4 8 3 0
13 4 8 4 0
13 4 8 5 -2.132125217259892e-06
13 4 8 6 0
13 4 8 7 0
13 4 8 8 0
13 4 8 9 0
13 4 8 10 0
13 4 8 11 0
13 4 8 12 0
13 4 8 13 0
13 4 8 14 0
13 4 8 15 0
13 4 9 0 0
13 4 9 1 0
13 4 9 2 0
13 4 9 3 0
13 4 9 4 0
13 4 9 5 0
13 4 9 6 -0.0004123248004500344
13 4 9 7 0
13 4 9 8 0
13 4 9 9 0
13 4 9 10 0
13 4 9 11 0
13 4 9 12 0
13 4 9 13 0
13 4 9 14 0
13 4 9 15 0
13 4 10 0 0
13 4 10 1 0
13 4 10 2 0
13 4 10 3 0
13 4 10 4 0
13 4 10 5 0
13 4 10 6 0
13 4 10 7 0
13 4 10 8 0
13 4 10 9 0
13 4 10 10 0
13 4 10 11 0
13 4 10 12 0
13 4 10 13 0
13 4 10 14 0
13 4 10 15 0
13 4 11 0 0
13 4 11 1 0
13 4 11 2 0
13 4 11 3 0
13 4 11 4 0
13 4 11 5 0
13 4 11 6 0
13 4 11 7 0
13 4 11 8 0
13 4 11 9 0
13 4 11 10 0
13 4 11 11 0
13 4 11 12 0
13 4 11 13 0
13 4 11 14 0
13 4 11 15 0
13 4 12 0 0
13 4 12 1 0
13 4 12 2 0
13 4 12 3 -0.0003412635503926719
13 4 12 4 0
13 4 12 5 0
13 4 12 6 0
13 4 12 7 0
13 4 12 8 0
13 4 12 9 0
13 4 12 10 0
13 4 12 11 0
13 4 12 12 0
13 4 12 13 0
13 4 12 14 0
13 4 12 15 0
13 4 13 0 0
13 4 13 1 0
13 4 13 2 0
13 4 13 3 0
13 4 13 4 0.003020904747171612
13 4 13 5 0
13 4 13 6 0
13 4 13 7 0
13 4 13 8 0
13 4 13 9 0
13 4 13 10 0
13 4 13 11 0
13 4 13 12 0
13 4 13 13 0
13 4 13 14 0
13 4 13 15 0
13 4 14 0 0
13 4 14 1 0
13 4 14 2 0
13 4 14 3 0
13 4 14 4 0
13 4 14 5 0
13 4 14 6 0
13 4 14 7 0
13 4 14 8 0
13 4 14 9 0
13 4 14 10 0
13 4 14 11 0
13 4 14 12 0
13 4 14 13 0
13 4 14 14 0
13 4 14 15 0
13 4 15 0 0
13 4 15 1 0
13 4 15 2 0
13 4 15 3 0
13 4 15 4 0
13 4 15 5 0
13 4 15 6 0
13 4 15 7 0
13 4 15 8 0
13 4 15 9 0
13 4 15 10 0
13 4 15 11 0
13 4 15 12 0
13 4 15 13 0
13 4 15 14 0
13 4 15 15 0
13 5 0 0 0
13 5 0 1 0
13 5 0 2 0
13 5 0 3 0
13 5 0 4 0
13 5 0 5 0
13 5 0 6 0
13 5 0 7 0
13 5 0 8 0
13 5 0 9 0
13 5 0 10 0
13 5 0 11 0
13 5 0 12 0
13 5 0 13 0
13 5 0 14 0
13 5 0 15 0
13 5 1 0 0
13 5 1 1 0
13 5 1 2 0
13 5 1 3 0
13 5 1 4 0
13 5 1 5 0
13 5 1 6 0
13 5 1 7 0
13 5 1 8 0
13 5 1 9 0
13 5 1 10 0
13 5 1 11 0
13 5 1 12 0
13 5 1 13 0
13 5 1 14 0
13 5 1 15 0
13 5 2 0 0
13 5 2 1 0
13 5 2 2 0
13 5 2 3 0
13 5 2 4 0
13 5 2 5 0
13 5 2 6 0
13 5 2 7 0
13 5 2 8 0
13 5 2 9 0
13 5 2 10 0
13 5 2 11 0
13 5 2 12 0
13 5 2 13 0
13 5 2 14 0
13 5 2 15 0
13 5 3 0 0
13 5 3 1 0
13 5 3 2 0
13 5 3 3 0
13 5 3 4 7.726322597596393e-20
13 5 3 5 0
13 5 3 6 0
13 5 3 7 0
13 5 3 8 0
13 5 3 9 4.181754318521877e-05
13 5 3 10 0
13 5 3 11 0
13 5 3 12 0
13 5 3 13 0
13 5 3 14 0
13 5 3 15 0
13 5 4 0 0
13 5 4 1 0
13 5 4 2 0
13 5 4 3 2.800715543542357e-19
13 5 4 4 0
13 5 4 5 0
13 5 4 6 0
13 5 4 7 0
13 5 4 8 -0.0002418475718680761
13 5 4 9 0
13 5 4 10 0
13 5 4 11 0
13 5 4 12 0
13 5 4 13 0
13 5 4 14 0
13 5 4 15 0
13 5 5 0 0
13 5 5 1 0
13 5 5 2 0
13 5 5 3 0
13 5 5 4 0
13 5 5 5 0
13 5 5 6 -0.003969613001759283
13 5 5 7 0
13 5 5 8 0
13 5 5 9 0
13 5 5 10 0
13 5 5 11 0
13 5 5 12 0
13 5 5 13 -0.0004702197774237834
13 5 5 14 0
13 5 5 15 0
13 5 6 0 0
13 5 6 1 0
13 5 6 2 0
13 5 6 3 0
13 5 6 4 0
13 5 6 5 0.04635966278163518
13 5 6 6 0
13 5 6 7 0
13 5 6 8 0
13 5 6 9 0
13 5 6 10 0
13 5 6 11 0
13 5 6 12 0.002942124771747109
13 5 6 13 0
13 5 6 14 0
13 5 6 15 0
13 5 7 0 0
13 5 7 1 0
13 5 7 2 0
13 5 7 3 0
13 5 7 4 0
13 5 7 5 0
13 5 7 6 0
13 5 7 7 0
13 5 7 8 0
13 5 7 9 0
13 5 7 10 0
13 5 7 11 0
13 5 7 12 0
13 5 7 13 0
13 5 7 14 0
13 5 7 15 0
13 5 8 0 0
13 5 8 1 0
13 5 8 2 0
13 5 8 3 0
13 5 8 4 5.84671208387728e-06
13 5 8 5 0
13 5 8 6 0
13 5 8 7 0
13 5 8 8 0
13 5 8 9 0
13 5 8 10 0
13 5 8 11 0
13 5 8 12 0
13 5 8 13 0
13 5 8 14 0
13 5 8 15 0
13 5 9 0 0
13 5 9 1 0
13 5 9 2 0
13 5 9 3 -0.0003343338517844047
13 5 9 4 0
13 5 9 5 0
13 5 9 6 0
13 5 9 7 0
13 5 9 8 0
13 5 9 9 0
13 5 9 10 0
13 5 9 11 0
13 5 9 12 0
13 5 9 13 0
13 5 9 14 0
13 5 9 15 0
13 5 10 0 0
13 5 10 1 0
13 5 10 2 0
13 5 10 3 0
13 5 10 4 0
13 5 10 5 0
13 5 10 6 0
13 5 10 7 0
13 5 10 8 0
13 5 10 9 0
13 5 10 10 0
13 5 10 11 0
13 5 10 12 0
13 5 10 13 0
13 5 10 14 0
13 5 10 15 0
13 5 11 0 0
13 5 11 1 0
13 5 11 2 0
13 5 11 3 0
13 5 11 4 0
13 5 11 5 0
13 5 11 6 0
13 5 11 7 0
13 5 11 8 0
13 5 11 9 0
13 5 11 10 0
13 5 11 11 0
13 5 11 12 0
13 5 11 13 0
13 5 11 14 0
13 5 11 15 0
13 5 12 0 0
13 5 12 1 0
13 5 12 2 0
13 5 12 3 0
13 5 12 4 0
13 5 12 5 0
13 5 12 6 -0.000454860957587293
13 5 12 7 0
13 5 12 8 0
13 5 12 9 0
13 5 12 10 0
13 5 12 11 0
13 5 12 12 0
13 5 12 13 0
13 5 12 14 0
13 5 12 15 0
13 5 13 0 0
13 5 13 1 0
13 5 13 2 0
13 5 13 3 0
13 5 13 4 0
13 5 13 5 0.003007956669911447
13 5 13 6 0
13 5 13 7 0
13 5 13 8 0
13 5 13 9 0
13 5 13 10 0
13 5 13 11 0
13 5 13 12 0
13 5 13 13 0
13 5 13 14 0
13 5 13 15 0
13 5 14 0 0
13 5 14 1 0
13 5 14 2 0
13 5 14 3 0
13 5 14 4 0
13 5 14 5 0
13 5 14 6 0
13 5 14 7 0
13 5 14 8 0
13 5 14 9 0
13 5 14 10 0
13 5 14 11 0
13 5 14 12 0
13 5 14 13 0
13 5 14 14 0
13 5 14 15 0
13 5 15 0 0
13 5 15 1 0
13 5 15 2 0
13 5 15 3 0
13 5 15 4 0
13 5 15 5 0
13 5 15 6 0
13 5 15 7 0
13 5 15 8 0
13 5 15 9 0
13 5 15 10 0
13 5 15 11 0
13 5 15 12 0
13 5 15 13 0
13 5 15 14 0
13 5 15 15 0
13 6 0 0 0
13 6 0 1 0
13 6 0 2 0
13 6 0 3 0
13 6 0 4 0
13 6 0 5 0
13 6 0 6 0
13 6 0 7 0
13 6 0 8 0
13 6 0 9 0
13 6 0 10 0
13 6 0 11 0
13 6 0 12 0
13 6 0 13 0
13 6 0 14 0
13 6 0 15 0
13 6 1 0 0
13 6 1 1 0
13 6 1 2 0
13 6 1 3 0
13 6 1 4 0
13 6 1 5 0
13 6 1 6 0
13 6 1 7 0
13 6 1 8 0
13 6 1 9 0
13 6 1 10 0
13 6 1 11 0
13 6 1 12 0
13 6 1 13 0
13 6 1 14 0
13 6 1 15 0
13 6 2 0 0
13 6 2 1 0
13 6 2 2 0
13 6 2 3 0
13 6 2 4 0
13 6 2 5 0
13 6 2 6 0
13 6 2 7 0
13 6 2 8 0
13 6 2 9 0
13 6 2 10 0
13 6 2 11 0
13 6 2 12 0
13 6 2 13 0
13 6 2 14 0
13 6 2 15 0
13 6 3 0 0
13 6 3 1 0
13 6 3 2 0
13 6 3 3 -1.010688904049299e-18
13 6 3 4 0
13 6 3 5 0
13 6 3 6 0
13 6 3 7 0
13 6 3 8 1.192004601054981e-05
13 6 3 9 0
13 6 3 10 0
13 6 3 11 0
13 6 3 12 0
13 6 3 13 0
13 6 3 14 0
13 6 3 15 0
13 6 4 0 0
13 6 4 1 0
13 6 4 2 0
13 6 4 3 0
13 6 4 4 0
13 6 4 5 0
13 6 4 6 0
13 6 4 7 0
13 6 4 8 0
13 6 4 9 0
13 6 4 10 0
13 6 4 11 0
13 6 4 12 0
13 6 4 13 0
13 6 4 14 0
13 6 4 15 0
13 6 5 0 0
13 6 5 1 0
13 6 5 2 0
13 6 5 3 0
13 6 5 4 0
13 6 5 5 0
13 6 5 6 0
13 6 5 7 0
13 6 5 8 0
13 6 5 9 0
13 6 5 10 0
13 6 5 11 0
13 6 5 12 0
13 6 5 13 0
13 6 5 14 0
13 6 5 15 0
13 6 6 0 0
13 6 6 1 0
13 6 6 2 0
13 6 6 3 0
13 6 6 4 0
13 6 6 5 0
13 6 6 6 -4.765576850681375e-20
13 6 6 7 0
13 6 6 8 0
13 6 6 9 0
13 6 6 10 0
13 6 6 11 0
13 6 6 12 0
13 6 6 13 -6.474038630082071e-06
13 6 6 14 0
13 6 6 15 0
13 6 7 0 0
13 6 7 1 0
13 6 7 2 0
13 6 7 3 0
13 6 7 4 0
13 6 7 5 0
13 6 7 6 0
13 6 7 7 0
13 6 7 8 0
13 6 7 9 0
13 6 7 10 0
13 6 7 11 0
13 6 7 12 0
13 6 7 13 0
13 6 7 14 0
13 6 7 15 0
13 6 8 0 0
13 6 8 1 0
13 6 8 2 0
13 6 8 3 -1.192004601054962e-05
13 6 8 4 0
13 6 8 5 0
13 6 8 6 0
13 6 8 7 0
13 6 8 8 0
13 6 8 9 0
13 6 8 10 0
13 6 8 11 0
13 6 8 12 0
13 6 8 13 0
13 6 8 14 0
13 6 8 15 0
13 6 9 0 0
13 6 9 1 0
13 6 9 2 0
13 6 9 3 0
13 6 9 4 0
13 6 9 5 0
13 6 9 6 0
13 6 9 7 0
13 6 9 8 0
13 6 9 9 0
13 6 9 10 0
13 6 9 11 0
13 6 9 12 0
13 6 9 13 0
13 6 9 14 0
13 6 9 15 0
13 6 10 0 0
13 6 10 1 0
13 6 10 2 0
13 6 10 3 0
13 6 10 4 0
13 6 10 5 0
13 6 10 6 0
13 6 10 7 0
13 6 10 8 0
13 6 10 9 0
13 6 10 10 0
13 6 10 11 0
13 6 10 12 0
13 6 10 13 0
13 6 10 14 0
13 6 10 15 0
13 6 11 0 0
13 6 11 1 0
13 6 11 2 0
13 6 11 3 0
13 6 11 4 0
13 6 11 5 0
13 6 11 6 0
13 6 11 7 0
13 6 11 8 0
13 6 11 9 0
13 6 11 10 0
13 6 11 11 0
13 6 11 12 0
13 6 11 13 0
13 6 11 14 0
13 6 11 15 0
13 6 12 0 0
13 6 12 1 0
13 6 12 2 0
13 6 12 3 0
13 6 12 4 0
13 6 12 5 0
13 6 12 6 0
13 6 12 7 0
13 6 12 8 0
13 6 12 9 0
13 6 12 10 0
13 6 12 11 0
13 6 12 12 0
13 6 12 13 0
13 6 12 14 0
13 6 12 15 0
13 6 13 0 0
13 6 13 1 0
13 6 13 2 0
13 6 13 3 0
13 6 13 4 0
13 6 13 5 0
13 6 13 6 6.474038630082344e-06
13 6 13 7 0
13 6 13 8 0
13 6 13 9 0
13 6 13 10 0
13 6 13 11 0
13 6 13 12 0
13 6 13 13 0
13 6 13 14 0
13 6 13 15 0
13 6 14 0 0
13 6 14 1 0
13 6 14 2 0
13 6 14 3 0
13 6 14 4 0
13 6 14 5 0
13 6 14 6 0
13 6 14 7 0
13 6 14 8 0
13 6 14 9 0
13 6 14 10 0
13 6 14 11 0
13 6 14 12 0
13 6 14 13 0
13 6 14 14 0
13 6 14 15 0
13 6 15 0 0
13 6 15 1 0
13 6 15 2 0
13 6 15 3 0
13 6 15 4 0
13 6 15 5 0
13 6 15 6 0
13 6 15 7 0
13 6 15 8 0
13 6 15 9 0
13 6 15 10 0
13 6 15 11 0
13 6 15 12 0
13 6 15 13 0
13 6 15 14 0
13 6 15 15 0
13 7 0 0 0
13 7 0 1 0
13 7 0 2 0
13 7 0 3 0
13 7 0 4 0
13 7 0 5 0
13 7 0 6 0
13 7 0 7 0
13 7 0 8 0
13 7 0 9 0
13 7 0 10 0
13 7 0 11 0
13 7 0 12 0
13 7 0 13 0
13 7 0 14 0
13 7 0 15 0
13 7 1 0 0
13 7 1 1 0
13 7 1 2 0
13 7 1 3 0
13 7 1 4 0
13 7 1 5 0
13 7 1 6 0
13 7 1 7 0
13 7 1 8 0
13 7 1 9 0
13 7 1 10 0
13 7 1 11 0
13 7 1 12 0
13 7 1 13 0
13 7 1 14 0
13 7 1 15 0
13 7 2 0 0
13 7 2 1 0
13 7 2 2 0
13 7 2 3 0
13 7 2 4 0
13 7 2 5 0
13 7 2 6 0
13 7 2 7 0
13 7 2 8 0
13 7 2 9 0
13 7 2 10 0
13 7 2 11 0
13 7 2 12 0
13 7 2 13 0
13 7 2 14 0
13 7 2 15 0
13 7 3 0 0
13 7 3 1 0
13 7 3 2 0
13 7 3 3 0
13 7 3 4 0
13 7 3 5 0
13 7 3 6 0
13 7 3 7 0
13 7 3 8 0
13 7 3 9 0
13 7 3 10 0
13 7 3 11 0
13 7 3 12 0
13 7 3 13 0
13 7 3 14 0
13 7 3 15 0
13 7 4 0 0
13 7 4 1 0
13 7 4 2 0
13 7 4 3 0
13 7 4 4 0
13 7 4 5 0
13 7 4 6 0
13 7 4 7 0
13 7 4 8 0
13 7 4 9 0
13 7 4 10 0
13 7 4 11 0
13 7 4 12 0
13 7 4 13 0
13 7 4 14 0
13 7 4 15 0
13 7 5 0 0
13 7 5 1 0
13 7 5 2 0
13 7 5 3 0
13 7 5 4 0
13 7 5 5 0
13 7 5 6 0
13 7 5 7 0
13 7 5 8 0
13 7 5 9 0
13 7 5 10 0
13 7 5 11 0
13 7 5 12 0
13 7 5 13 0
13 7 5 14 0
13 7 5 15 0
13 7 6 0 0
13 7 6 1 0
13 7 6 2 0
13 7 6 3 0
13 7 6 4 0
13 7 6 5 0
13 7 6 6 0
13 7 6 7 0
13 7 6 8 0
13 7 6 9 0
13 7 6 10 0
13 7 6 11 0
13 7 6 12 0
13 7 6 13 0
13 7 6 14 0
13 7 6 15 0
13 7 7 0 0
13 7 7 1 0
13 7 7 2 0
13 7 7 3 0
13 7 7 4 0
13 7 7 5 0
13 7 7 6 0
13 7 7 7 0
13 7 7 8 0
13 7 7 9 0
13 7 7 10 0
13 7 7 11 0
13 7 7 12 0
13 7 7 13 0
13 7 7 14 0
13 7 7 15 0
13 7 8 0 0
13 7 8 1 0
13 7 8 2 0
13 7 8 3 0
13 7 8 4 0
13 7 8 5 0
13 7 8 6 0
13 7 8 7 0
13 7 8 8 0
13 7 8 9 0
13 7 8 10 0
13 7 8 11 0
13 7 8 12 0
13 7 8 13 0
13 7 8 14 0
13 7 8 15 0
13 7 9 0 0
13 7 9 1 0
13 7 9 2 0
13 7 9 3 0
13 7 9 4 0
13 7 9 5 0
13 7 9 6 0
13 7 9 7 0
13 7 9 8 0
13 7 9 9 0
13 7 9 10 0
13 7 9 11 0
13 7 9 12 0
13 7 9 13 0
13 7 9 14 0
13 7 9 15 0
13 7 10 0 0
13 7 10 1 0
13 7 10 2 0
13 7 10 3 0
13 7 10 4 0
13 7 10 5 0
13 7 10 6 0
13 7 10 7 0
13 7 10 8 0
13 7 10 9 0
13 7 10 10 0
13 7 10 11 0
13 7 10 12 0
13 7 10 13 0
13 7 10 14 0
13 7 10 15 0
13 7 11 0 0
13 7 11 1 0
13 7 11 2 0
13 7 11 3 0
13 7 11 4 0
13 7 11 5 0
13 7 11 6 0
13 7 11 7 0
13 7 11 8 0
13 7 11 9 0
13 7 11 10 0
13 7 11 11 0
13 7 11 12 0
13 7 11 13 0
13 7 11 14 0
13 7 11 15 0
13 7 12 0 0
13 7 12 1 0
13 7 12 2 0
13 7 12 3 0
13 7 12 4 0
13 7 12 5 0
13 7 12 6 0
13 7 12 7 0
13 7 12 8 0
13 7 12 9 0
13 7 12 10 0
13 7 12 11 0
13 7 12 12 0
13 7 12 13 0
13 7 12 14 0
13 7 12 15 0
13 7 13 0 0
13 7 13 1 0
13 7 13 2 0
13 7 13 3 0
13 7 13 4 0
13 7 13 5 0
13 7 13 6 0
13 7 13 7 0
13 7 13 8 0
13 7 13 9 0
13 7 13 10 0
13 7 13 11 0
13 7 13 12 0
13 7 13 13 0
13 7 13 14 0
13 7 13 15 0
13 7 14 0 0
13 7 14 1 0
13 7 14 2 0
13 7 14 3 0
13 7 14 4 0
13 7 14 5 0
13 7 14 6 0
13 7 14 7 0
13 7 14 8 0
13 7 14 9 0
13 7 14 10 0
13 7 14 11 0
13 7 14 12 0
13 7 14 13 0
13 7 14 14 0
13 7 14 15 0
13 7 15 0 0
13 7 15 1 0
13 7 15 2 0
13 7 15 3 0
13 7 15 4 0
13 7 15 5 0
13 7 15 6 0
13 7 15 7 0
13 7 15 8 0
13 7 15 9 0
13 7 15 10 0
13 7 15 11 0
13 7 15 12 0
13 7 15 13 0
13 7 15 14 0
13 7 15 15 0
13 8 0 0 0
13 8 0 1 0
13 8 0 2 0
13 8 0 3 0
13 8 0 4 0
13 8 0 5 0
13 8 0 6 0
13 8 0 7 0
13 8 0 8 0
13 8 0 9 0
13 8 0 10 0
13 8 0 11 0
13 8 0 12 0
13 8 0 13 0
13 8 0 14 0
13 8 0 15 0
13 8 1 0 0
13 8 1 1 0
13 8 1 2 0
13 8 1 3 0
13 8 1 4 0
13 8 1 5 0
13 8 1 6 0
13 8 1 7 0
13 8 1 8 0
13 8 1 9 0
13 8 1 10 0
13 8 1 11 0
13 8 1 12 0
13 8 1 13 0
13 8 1 14 0
13 8 1 15 0
13 8 2 0 0
13 8 2 1 0
13 8 2 2 0
13 8 2 3 0
13 8 2 4 0
13 8 2 5 0
13 8 2 6 0
13 8 2 7 0
13 8 2 8 0
13 8 2 9 0
13 8 2 10 0
13 8 2 11 0
13 8 2 12 0
13 8 2 13 0
13 8 2 14 0
13 8 2 15 0
13 8 3 0 0
13 8 3 1 0
13 8 3 2 0
13 8 3 3 0
13 8 3 4 0
13 8 3 5 0
13 8 3 6 0
13 8 3 7 0
13 8 3 8 0
13 8 3 9 0
13 8 3 10 0
13 8 3 11 0
13 8 3 12 0
13 8 3 13 0
13 8 3 14 0
13 8 3 15 0
13 8 4 0 0
13 8 4 1 0
13 8 4 2 0
13 8 4 3 0
13 8 4 4 0
13 8 4 5 0
13 8 4 6 0
13 8 4 7 0
13 8 4 8 0
13 8 4 9 0
13 8 4 10 0
13 8 4 11 0
13 8 4 12 0
13 8 4 13 0
13 8 4 14 0
13 8 4 15 0
13 8 5 0 0
13 8 5 1 0
13 8 5 2 0
13 8 5 3 0
13 8 5 4 0
13 8 5 5 0
13 8 5 6 0
13 8 5 7 0
13 8 5 8 0
13 8 5 9 0
13 8 5 10 0
13 8 5 11 0
13 8 5 12 0
13 8 5 13 0
13 8 5 14 0
13 8 5 15 0
13 8 6 0 0
13 8 6 1 0
13 8 6 2 0
13 8 6 3 0
13 8 6 4 0
13 8 6 5 0
13 8 6 6 0
13 8 6 7 0
13 8 6 8 0
13 8 6 9 0
13 8 6 10 0
13 8 6 11 0
13 8 6 12 0
13 8 6 13 0
13 8 6 14 0
13 8 6 15 0
13 8 7 0 0
13 8 7 1 0
13 8 7 2 0
13 8 7 3 0
13 8 7 4 0
13 8 7 5 0
13 8 7 6 0
13 8 7 7 0
13 8 7 8 0
13 8 7 9 0
13 8 7 10 0
13 8 7 11 0
13 8 7 12 0
13 8 7 13 0
13 8 7 14 0
13 8 7 15 0
13 8 8 0 0
13 8 8 1 0
13 8 8 2 0
13 8 8 3 0
13 8 8 4 0
13 8 8 5 0
13 8 8 6 0
13 8 8 7 0
13 8 8 8 0
13 8 8 9 0
13 8 8 10 0
13 8 8 11 0
13 8 8 12 0
13 8 8 13 0
13 8 8 14 0
13 8 8 15 0
13 8 9 0 0
13 8 9 1 0
13 8 9 2 0
13 8 9 3 0
13 8 9 4 0
13 8 9 5 0
13 8 9 6 0
13 8 9 7 0
13 8 9 8 0
13 8 9 9 0
13 8 9 10 0
13 8 9 11 0
13 8 9 12 0
13 8 9 13 0
13 8 9 14 0
13 8 9 15 0
13 8 10 0 0
13 8 10 1 0
13 8 10 2 0
13 8 10 3 0
13 8 10 4 0
13 8 10 5 0
13 8 10 6 0
13 8 10 7 0
13 8 10 8 0
13 8 10 9 0
13 8 10 10 0
13 8 10 11 0
13 8 10 12 0
13 8 10 13 0
13 8 10 14 0
13 8 10 15 0
13 8 11 0 0
13 8 11 1 0
13 8 11 2 0
13 8 11 3 0
13 8 11 4 0
13 8 11 5 0
13 8 11 6 0
13 8 11 7 0
13 8 11 8 0
13 8 11 9 0
13 8 11 10 0
13 8 11 11 0
13 8 11 12 0
13 8 11 13 0
13 8 11 14 0
13 8 11 15 0
13 8 12 0 0
13 8 12 1 0
13 8 12 2 0
13 8 12 3 0
13 8 12 4 0
13 8 12 5 0
13 8 12 6 0
13 8 12 7 0
13 8 12 8 0
13 8 12 9 0
13 8 12 10 0
13 8 12 11 0
13 8 12 12 0
13 8 12 13 0
13 8 12 14 0
13 8 12 15 0
13 8 13 0 0
13 8 13 1 0
13 8 13 2 0
13 8 13 3 0
13 8 13 4 0
13 8 13 5 0
13 8 13 6 0
13 8 13 7 0
13 8 13 8 0
13 8 13 9 0
13 8 13 10 0
13 8 13 11 0
13 8 13 12 0
13 8 13 13 0
13 8 13 14 0
13 8 13 15 0
13 8 14 0 0
13 8 14 1 0
13 8 14 2 0
13 8 14 3 0
13 8 14 4 0
13 8 14 5 0
13 8 14 6 0
13 8 14 7 0
13 8 14 8 0
13 8 14 9 0
13 8 14 10 0
13 8 14 11 0
13 8 14 12 0
13 8 14 13 0
13 8 14 14 0
13 8 14 15 0
13 8 15 0 0
13 8 15 1 0
13 8 15 2 0
13 8 15 3 0
13 8 15 4 0
13 8 15 5 0
13 8 15 6 0
13 8 15 7 0
13 8 15 8 0
13 8 15 9 0
13 8 15 10 0
13 8 15 11 0
13 8 15 12 0
13 8 15 13 0
13 8 15 14 0
13 8 15 15 0
13 9 0 0 0
13 9 0 1 0
13 9 0 2 0
13 9 0 3 0
13 9 0 4 0
13 9 0 5 0
13 9 0 6 0
13 9 0 7 0
13 9 0 8 0
13 9 0 9 0
13 9 0 10 0
13 9 0 11 0
13 9 0 12 0
13 9 0 13 0
13 9 0 14 0
13 9 0 15 0
13 9 1 0 0
13 9 1 1 0
13 9 1 2 0
13 9 1 3 0
13 9 1 4 0
13 9 1 5 0
13 9 1 6 0
13 9 1 7 0
13 9 1 8 0
13 9 1 9 0
13 9 1 10 0
13 9 1 11 0
13 9 1 12 0
13 9 1 13 0
13 9 1 14 0
13 9 1 15 0
13 9 2 0 0
13 9 2 1 0
13 9 2 2 0
13 9 2 3 0
13 9 2 4 0
13 9 2 5 0
13 9 2 6 0
13 9 2 7 0
13 9 2 8 0
13 9 2 9 0
13 9 2 10 0
13 9 2 11 0
13 9 2 12 0
13 9 2 13 0
13 9 2 14 0
13 9 2 15 0
13 9 3 0 0
13 9 3 1 0
13 9 3 2 0
13 9 3 3 0
13 9 3 4 0
13 9 3 5 0
13 9 3 6 0
13 9 3 7 0
13 9 3 8 0
13 9 3 9 0
13 9 3 10 0
13 9 3 11 0
13 9 3 12 0
13 9 3 13 0
13 9 3 14 0
13 9 3 15 0
13 9 4 0 0
13 9 4 1 0
13 9 4 2 0
13 9 4 3 0
13 9 4 4 0
13 9 4 5 0
13 9 4 6 0
13 9 4 7 0
13 9 4 8 0
13 9 4 9 0
13 9 4 10 0
13 9 4 11 0
13 9 4 12 0
13 9 4 13 0
13 9 4 14 0
13 9 4 15 0
13 9 5 0 0
13 9 5 1 0
13 9 5 2 0
13 9 5 3 0
13 9 5 4 0
13 9 5 5 0
13 9 5 6 0
13 9 5 7 0
13 9 5 8 0
13 9 5 9 0
13 9 5 10 0
13 9 5 11 0
13 9 5 12 0
13 9 5 13 0
13 9 5 14 0
13 9 5 15 0
13 9 6 0 0
13 9 6 1 0
13 9 6 2 0
13 9 6 3 0
13 9 6 4 0
13 9 6 5 0
13 9 6 6 0
13 9 6 7 0
13 9 6 8 0
13 9 6 9 0
13 9 6 10 0
13 9 6 11 0
13 9 6 12 0
13 9 6 13 0
13 9 6 14 0
13 9 6 15 0
13 9 7 0 0
13 9 7 1 0
13 9 7 2 0
13 9 7 3 0
13 9 7 4 0
13 9 7 5 0
13 9 7 6 0
13 9 7 7 0
13 9 7 8 0
13 9 7 9 0
13 9 7 10 0
13 9 7 11 0
13 9 7 12 0
13 9 7 13 0
13 9 7 14 0
13 9 7 15 0
13 9 8 0 0
13 9 8 1 0
13 9 8 2 0
13 9 8 3 0
13 9 8 4 0
13 9 8 5 0
13 9 8 6 0
13 9 8 7 0
13 9 8 8 0
13 9 8 9 0
13 9 8 10 0
13 9 8 11 0
13 9 8 12 0
13 9 8 13 0
13 9 8 14 0
13 9 8 15 0
13 9 9 0 0
13 9 9 1 0
13 9 9 2 0
13 9 9 3 0
13 9 9 4 0
13 9 9 5 0
13 9 9 6 0
13 9 9 7 0
13 9 9 8 0
13 9 9 9 0
13 9 9 10 0
13 9 9 11 0
13 9 9 12 0
13 9 9 13 0
13 9 9 14 0
13 9 9 15 0
13 9 10 0 0
13 9 10 1 0
13 9 10 2 0
13 9 10 3 0
13 9 10 4 0
13 9 10 5 0
13 9 10 6 0
13 9 10 7 0
13 9 10 8 0
13 9 10 9 0
13 9 10 10 0
13 9 10 11 0
13 9 10 12 0
13 9 10 13 0
13 9 10 14 0
13 9 10 15 0
13 9 11 0 0
13 9 11 1 0
13 9 11 2 0
13 9 11 3 0
13 9 11 4 0
13 9 11 5 0
13 9 11 6 0
13 9 11 7 0
13 9 11 8 0
13 9 11 9 0
13 9 11 10 0
13 9 11 11 0
13 9 11 12 0
13 9 11 13 0
13 9 11 14 0
13 9 11 15 0
13 9 12 0 0
13 9 12 1 0
13 9 12 2 0
13 9 12 3 0
13 9 12 4 0
13 9 12 5 0
13 9 12 6 0
13 9 12 7 0
13 9 12 8 0
13 9 12 9 0
13 9 12 10 0
13 9 12 11 0
13 9 12 12 0
13 9 12 13 0
13 9 12 14 0
13 9 12 15 0
13 9 13 0 0
13 9 13 1 0
13 9 13 2 0
13 9 13 3 0
13 9 13 4 0
13 9 13 5 0
13 9 13 6 0
13 9 13 7 0
13 9 13 8 0
13 9 13 9 0
13 9 13 10 0
13 9 13 11 0
13 9 13 12 0
13 9 13 13 0
13 9 13 14 0
13 9 13 15 0
13 9 14 0 0
13 9 14 1 0
13 9 14 2 0
13 9 14 3 0
13 9 14 4 0
13 9 14 5 0
13 9 14 6 0
13 9 14 7 0
13 9 14 8 0
13 9 14 9 0
13 9 14 10 0
13 9 14 11 0
13 9 14 12 0
13 9 14 13 0
13 9 14 14 0
13 9 14 15 0
13 9 15 0 0
13 9 15 1 0
13 9 15 2 0
13 9 15 3 0
13 9 15 4 0
13 9 15 5 0
13 9 15 6 0
13 9 15 7 0
13 9 15 8 0
13 9 15 9 0
13 9 15 10 0
13 9 15 11 0
13 9 15 12 0
13 9 15 13 0
13 9 15 14 0
13 9 15 15 0
13 10 0 0 0
13 10 0 1 0
13 10 0 2 0
13 10 0 3 0
13 10 0 4 0
13 10 0 5 0
13 10 0 6 0
13 10 0 7 0
13 10 0 8 0
13 10 0 9 0
13 10 0 10 0
13 10 0 11 0
13 10 0 12 0
13 10 0 13 0
13 10 0 14 0
13 10 0 15 0
13 10 1 0 0
13 10 1 1 0
13 10 1 2 0
13 10 1 3 0
13 10 1 4 0
13 10 1 5 0
13 10 1 6 0
13 10 1 7 0
13 10 1 8 0
13 10 1 9 0
13 10 1 10 0
13 10 1 11 0
13 10 1 12 0
13 10 1 13 0
13 10 1 14 0
13 10 1 15 0
13 10 2 0 0
13 10 2 1 0
13 10 2 2 0
13 10 2 3 0
13 10 2 4 0
13 10 2 5 0
13 10 2 6 0
13 10 2 7 0
13 10 2 8 0
13 10 2 9 0
13 10 2 10 0
13 10 2 11 0
13 10 2 12 0
13 10 2 13 0
13 10 2 14 0
13 10 2 15 0
13 10 3 0 0
13 10 3 1 0
13 10 3 2 0
13 10 3 3 0
13 10 3 4 0
13 10 3 5 0
13 10 3 6 0
13 10 3 7 0
13 10 3 8 0
13 10 3 9 0
13 10 3 10 0
13 10 3 11 0
13 10 3 12 0
13 10 3 13 0
13 10 3 14 0
13 10 3 15 0
13 10 4 0 0
13 10 4 1 0
13 10 4 2 0
13 10 4 3 0
13 10 4 4 0
13 10 4 5 0
13 10 4 6 0
13 10 4 7 0
13 10 4 8 0
13 10 4 9 0
13 10 4 10 0
13 10 4 11 0
13 10 4 12 0
13 10 4 13 0
13 10 4 14 0
13 10 4 15 0
13 10 5 0 0
13 10 5 1 0
13 10 5 2 0
13 10 5 3 0
13 10 5 4 0
13 10 5 5 0
13 10 5 6 0
13 10 5 7 0
13 10 5 8 0
13 10 5 9 0
13 10 5 10 0
13 10 5 11 0
13 10 5 12 0
13 10 5 13 0
13 10 5 14 0
13 10 5 15 0
13 10 6 0 0
13 10 6 1 0
13 10 6 2 0
13 10 6 3 0
13 10 6 4 0
13 10 6 5 0
13 10 6 6 0
13 10 6 7 0
13 10 6 8 0
13 10 6 9 0
13 10 6 10 0
13 10 6 11 0
13 10 6 12 0
13 10 6 13 0
13 10 6 14 0
13 10 6 15 0
13 10 7 0 0
13 10 7 1 0
13 10 7 2 0
13 10 7 3 0
13 10 7 4 0
13 10 7 5 0
13 10 7 6 0
13 10 7 7 0
13 10 7 8 0
13 10 7 9 0
13 10 7 10 0
13 10 7 11 0
13 10 7 12 0
13 10 7 13 0
13 10 7 14 0
13 10 7 15 0
13 10 8 0 0
13 10 8 1 0
13 10 8 2 0
13 10 8 3 0
13 10 8 4 0
13 10 8 5 0
13 10 8 6 0
13 10 8 7 0
13 10 8 8 0
13 10 8 9 0
13 10 8 10 0
13 10 8 11 0
13 10 8 12 0
13 10 8 13 0
13 10 8 14 0
13 10 8 15 0
13 10 9 0 0
13 10 9 1 0
13 10 9 2 0
13 10 9 3 0
13 10 9 4 0
13 10 9 5 0
13 10 9 6 0
13 10 9 7 0
13 10 9 8 0
13 10 9 9 0
13 10 9 10 0
13 10 9 11 0
13 10 9 12 0
13 10 9 13 0
13 10 9 14 0
13 10 9 15 0
13 10 10 0 0
13 10 10 1 0
13 10 10 2 0
13 10 10 3 0
13 10 10 4 0
13 10 10 5 0
13 10 10 6 0
13 10 10 7 0
13 10 10 8 0
13 10 10 9 0
13 10 10 10 0
13 10 10 11 0
13 10 10 12 0
13 10 10 13 0
13 10 10 14 0
13 10 10 15 0
13 10 11 0 0
13 10 11 1 0
13 10 11 2 0
13 10 11 3 0
13 10 11 4 0
13 10 11 5 0
13 10 11 6 0
13 10 11 7 0
13 10 11 8 0
13 10 11 9 0
13 10 11 10 0
13 10 11 11 0
13 10 11 12 0
13 10 11 13 0
13 10 11 14 0
13 10 11 15 0
13 10 12 0 0
13 10 12 1 0
13 10 12 2 0
13 10 12 3 0
13 10 12 4 0
13 10 12 5 0
13 10 12 6 0
13 10 12 7 0
13 10 12 8 0
13 10 12 9 0
13 10 12 10 0
13 10 12 11 0
13 10 12 12 0
13 10 12 13 0
13 10 12 14 0
13 10 12 15 0
13 10 13 0 0
13 10 13 1 0
13 10 13 2 0
13 10 13 3 0
13 10 13 4 0
13 10 13 5 0
13 10 13 6 0
13 10 13 7 0
13 10 13 8 0
13 10 13 9 0
13 10 13 10 0
13 10 13 11 0
13 10 13 12 0
13 10 13 13 0
13 10 13 14 0
13 10 13 15 0
13 10 14 0 0
13 10 14 1 0
13 10 14 2 0
13 10 14 3 0
13 10 14 4 0
13 10 14 5 0
13 10 14 6 0
13 10 14 7 0
13 10 14 8 0
13 10 14 9 0
13 10 14 10 0
13 10 14 11 0
13 10 14 12 0
13 10 14 13 0
13 10 14 14 0
13 10 14 15 0
13 10 15 0 0
13 10 15 1 0
13 10 15 2 0
13 10 15 3 0
13 10 15 4 0
13 10 15 5 0
13 10 15 6 0
13 10 15 7 0
13 10 15 8 0
13 10 15 9 0
13 10 15 10 0
13 10 15 11 0
13 10 15 12 0
13 10 15 13 0
13 10 15 14 0
13 10 15 15 0
13 11 0 0 0
13 11 0 1 0
13 11 0 2 0
13 11 0 3 0
13 11 0 4 0
13 11 0 5 0
13 11 0 6 0
13 11 0 7 0
13 11 0 8 0
13 11 0 9 0
13 11 0 10 0
13 11 0 11 0
13 11 0 12 0
13 11 0 13 0
13 11 0 14 0
13 11 0 15 0
13 11 1 0 0
13 11 1 1 0
13 11 1 2 0
13 11 1 3 0
13 11 1 4 0
13 11 1 5 0
13 11 1 6 0
13 11 1 7 0
13 11 1 8 0
13 11 1 9 0
13 11 1 10 0
13 11 1 11 0
13 11 1 12 0
13 11 1 13 0
13 11 1 14 0
13 11 1 15 0
13 11 2 0 0
13 11 2 1 0
13 11 2 2 0
13 11 2 3 0
13 11 2 4 0
13 11 2 5 0
13 11 2 6 0
13 11 2 7 0
13 11 2 8 0
13 11 2 9 0
13 11 2 10 0
13 11 2 11 0
13 11 2 12 0
13 11 2 13 0
13 11 2 14 0
13 11 2 15 0
13 11 3 0 0
13 11 3 1 0
13 11 3 2 0
13 11 3 3 0
13 11 3 4 0
13 11 3 5 0
13 11 3 6 0
13 11 3 7 0
13 11 3 8 0
13 11 3 9 0
13 11 3 10 0
13 11 3 11 0
13 11 3 12 0
13 11 3 13 0
13 11 3 14 0
13 11 3 15 0
13 11 4 0 0
13 11 4 1 0
13 11 4 2 0
13 11 4 3 0
13 11 4 4 0
13 11 4 5 0
13 11 4 6 0
13 11 4 7 0
13 11 4 8 0
13 11 4 9 0
13 11 4 10 0
13 11 4 11 0
13 11 4 12 0
13 11 4 13 0
13 11 4 14 0
13 11 4 15 0
13 11 5 0 0
13 11 5 1 0
13 11 5 2 0
13 11 5 3 0
13 11 5 4 0
13 11 5 5 0
13 11 5 6 0
13 11 5 7 0
13 11 5 8 0
13 11 5 9 0
13 11 5 10 0
13 11 5 11 0
13 11 5 12 0
13 11 5 13 0
13 11 5 14 0
13 11 5 15 0
13 11 6 0 0
13 11 6 1 0
13 11 6 2 0
13 11 6 3 0
13 11 6 4 0
13 11 6 5 0
13 11 6 6 0
13 11 6 7 0
13 11 6 8 0
13 11 6 9 0
13 11 6 10 0
13 11 6 11 0
13 11 6 12 0
13 11 6 13 0
13 11 6 14 0
13 11 6 15 0
13 11 7 0 0
13 11 7 1 0
13 11 7 2 0
13 11 7 3 0
13 11 7 4 0
13 11 7 5 0
13 11 7 6 0
13 11 7 7 0
13 11 7 8 0
13 11 7 9 0
13 11 7 10 0
13 11 7 11 0
13 11 7 12 0
13 11 7 13 0
13 11 7 14 0
13 11 7 15 0
13 11 8 0 0
13 11 8 1 0
13 11 8 2 0
13 11 8 3 0
13 11 8 4 0
13 11 8 5 0
13 11 8 6 0
13 11 8 7 0
13 11 8 8 0
13 11 8 9 0
13 11 8 10 0
13 11 8 11 0
13 11 8 12 0
13 11 8 13 0
13 11 8 14 0
13 11 8 15 0
13 11 9 0 0
13 11 9 1 0
13 11 9 2 0
13 11 9 3 0
13 11 9 4 0
13 11 9 5 0
13 11 9 6 0
13 11 9 7 0
13 11 9 8 0
13 11 9 9 0
13 11 9 10 0
13 11 9 11 0
13 11 9 12 0
13 11 9 13 0
13 11 9 14 0
13 11 9 15 0
13 11 10 0 0
13 11 10 1 0
13 11 10 2 0
13 11 10 3 0
13 11 10 4 0
13 11 10 5 0
13 11 10 6 0
13 11 10 7 0
13 11 10 8 0
13 11 10 9 0
13 11 10 10 0
13 11 10 11 0
13 11 10 12 0
13 11 10 13 0
13 11 10 14 0
13 11 10 15 0
13 11 11 0 0
13 11 11 1 0
13 11 11 2 0
13 11 11 3 0
13 11 11 4 0
13 11 11 5 0
13 11 11 6 0
13 11 11 7 0
13 11 11 8 0
13 11 11 9 0
13 11 11 10 0
13 11 11 11 0
13 11 11 12 0
13 11 11 13 0
13 11 11 14 0
13 11 11 15 0
13 11 12 0 0
13 11 12 1 0
13 11 12 2 0
13 11 12 3 0
13 11 12 4 0
13 11 12 5 0
13 11 12 6 0
13 11 12 7 0
13 11 12 8 0
13 11 12 9 0
13 11 12 10 0
13 11 12 11 0
13 11 12 12 0
13 11 12 13 0
13 11 12 14 0
13 11 12 15 0
13 11 13 0 0
13 11 13 1 0
13 11 13 2 0
13 11 13 3 0
13 11 13 4 0
13 11 13 5 0
13 11 13 6 0
13 11 13 7 0
13 11 13 8 0
13 11 13 9 0
13 11 13 10 0
13 11 13 11 0
13 11 13 12 0
13 11 13 13 0
13 11 13 14 0
13 11 13 15 0
13 11 14 0 0
13 11 14 1 0
13 11 14 2 0
13 11 14 3 0
13 11 14 4 0
13 11 14 5 0
13 11 14 6 0
13 11 14 7 0
13 11 14 8 0
13 11 14 9 0
13 11 14 10 0
13 11 14 11 0
13 11 14 12 0
13 11 14 13 0
13 11 14 14 0
13 11 14 15 0
13 11 15 0 0
13 11 15 1 0
13 11 15 2 0
13 11 15 3 0
13 11 15 4 0
13 11 15 5 0
13 11 15 6 0
13 11 15 7 0
13 11 15 8 0
13 11 15 9 0
13 11 15 10 0
13 11 15 11 0
13 11 15 12 0
13 11 15 13 0
13 11 15 14 0
13 11 15 15 0
13 12 0 0 0
13 12 0 1 0
13 12 0 2 0
13 12 0 3 0
13 12 0 4 0
13 12 0 5 0
13 12 0 6 0
13 12 0 7 0
13 12 0 8 0
13 12 0 9 0
13 12 0 10 0
13 12 0 11 0
13 12 0 12 0
13 12 0 13 0
13 12 0 14 0
13 12 0 15 0
13 12 1 0 0
13 12 1 1 0
13 12 1 2 0
13 12 1 3 0
13 12 1 4 0
13 12 1 5 0
13 12 1 6 0
13 12 1 7 0
13 12 1 8 0
13 12 1 9 0
13 12 1 10 0
13 12 1 11 0
13 12 1 12 0
13 12 1 13 0
13 12 1 14 0
13 12 1 15 0
13 12 2 0 0
13 12 2 1 0
13 12 2 2 0
13 12 2 3 0
13 12 2 4 0
13 12 2 5 0
13 12 2 6 0
13 12 2 7 0
13 12 2 8 0
13 12 2 9 0
13 12 2 10 0
13 12 2 11 0
13 12 2 12 0
13 12 2 13 0
13 12 2 14 0
13 12 2 15 0
13 12 3 0 0
13 12 3 1 0
13 12 3 2 0
13 12 3 3 0
13 12 3 4 0
13 12 3 5 0
13 12 3 6 0
13 12 3 7 0
13 12 3 8 0
13 12 3 9 0
13 12 3 10 0
13 12 3 11 0
13 12 3 12 0
13 12 3 13 0
13 12 3 14 0
13 12 3 15 0
13 12 4 0 0
13 12 4 1 0
13 12 4 2 0
13 12 4 3 0
13 12 4 4 0
13 12 4 5 0
13 12 4 6 0
13 12 4 7 0
13 12 4 8 0
13 12 4 9 0
13 12 4 10 0
13 12 4 11 0
13 12 4 12 0
13 12 4 13 0
13 12 4 14 0
13 12 4 15 0
13 12 5 0 0
13 12 5 1 0
13 12 5 2 0
13 12 5 3 0
13 12 5 4 0
13 12 5 5 0
13 12 5 6 0
13 12 5 7 0
13 12 5 8 0
13 12 5 9 0
13 12 5 10 0
13 12 5 11 0
13 12 5 12 0
13 12 5 13 0
13 12 5 14 0
13 12 5 15 0
13 12 6 0 0
13 12 6 1 0
13 12 6 2 0
13 12 6 3 0
13 12 6 4 0
13 12 6 5 0
13 12 6 6 0
13 12 6 7 0
13 12 6 8 0
13 12 6 9 0
13 12 6 10 0
13 12 6 11 0
13 12 6 12 0
13 12 6 13 0
13 12 6 14 0
13 12 6 15 0
13 12 7 0 0
13 12 7 1 0
13 12 7 2 0
13 12 7 3 0
13 12 7 4 0
13 12 7 5 0
13 12 7 6 0
13 12 7 7 0
13 12 7 8 0
13 12 7 9 0
13 12 7 10 0
13 12 7 11 0
13 12 7 12 0
13 12 7 13 0
13 12 7 14 0
13 12 7 15 0
13 12 8 0 0
13 12 8 1 0
13 12 8 2 0
13 12 8 3 0
13 12 8 4 0
13 12 8 5 0
13 12 8 6 0
13 12 8 7 0
13 12 8 8 0
13 12 8 9 0
13 12 8 10 0
13 12 8 11 0
13 12 8 12 0
13 12 8 13 0
13 12 8 14 0
13 12 8 15 0
13 12 9 0 0
13 12 9 1 0
13 12 9 2 0
13 12 9 3 0
13 12 9 4 0
13 12 9 5 0
13 12 9 6 0
13 12 9 7 0
13 12 9 8 0
13 12 9 9 0
13 12 9 10 0
13 12 9 11 0
13 12 9 12 0
13 12 9 13 0
13 12 9 14 0
13 12 9 15 0
13 12 10 0 0
13 12 10 1 0
13 12 10 2 0
13 12 10 3 0
13 12 10 4 0
13 12 10 5 0
13 12 10 6 0
13 12 10 7 0
13 12 10 8 0
13 12 10 9 0
13 12 10 10 0
13 12 10 11 0
13 12 10 12 0
13 12 10 13 0
13 12 10 14 0
13 12 10 15 0
13 12 11 0 0
13 12 11 1 0
13 12 11 2 0
13 12 11 3 0
13 12 11 4 0
13 12 11 5 0
13 12 11 6 0
13 12 11 7 0
13 12 11 8 0
13 12 11 9 0
13 12 11 10 0
13 12 11 11 0
13 12 11 12 0
13 12 11 13 0
13 12 11 14 0
13 12 11 15 0
13 12 12 0 0
13 12 12 1 0
13 12 12 2 0
13 12 12 3 0
13 12 12 4 0
13 12 12 5 0
13 12 12 6 0
13 12 12 7 0
13 12 12 8 0
13 12 12 9 0
13 12 12 10 0
13 12 12 11 0
13 12 12 12 0
13 12 12 13 0
13 12 12 14 0
13 12 12 15 0
13 12 13 0 0
13 12 13 1 0
13 12 13 2 0
13 12 13 3 0
13 12 13 4 0
13 12 13 5 0
13 12 13 6 0
13 12 13 7 0
13 12 13 8 0
13 12 13 9 0
13 12 13 10 0
13 12 13 11 0
13 12 13 12 0
13 12 13 13 0
13 12 13 14 0
13 12 13 15 0
13 12 14 0 0
13 12 14 1 0
13 12 14 2 0
13 12 14 3 0
13 12 14 4 0
13 12 14 5 0
13 12 14 6 0
13 12 14 7 0
13 12 14 8 0
13 12 14 9 0
13 12 14 10 0
13 12 14 11 0
13 12 14 12 0
13 12 14 13 0
13 12 14 14 0
13 12 14 15 0
13 12 15 0 0
13 12 15 1 0
13 12 15 2 0
13 12 15 3 0
13 12 15 4 0
13 12 15 5 0
13 12 15 6 0
13 12 15 7 0
13 12 15 8 0
13 12 15 9 0
13 12 15 10 0
13 12 15 11 0
13 12 15 12 0
13 12 15 13 0
13 12 15 14 0
13 12 15 15 0
13 13 0 0 0
13 13 0 1 0
13 13 0 2 0
13 13 0 3 0
13 13 0 4 0
13 13 0 5 0
13 13 0 6 0
13 13 0 7 0
13 13 0 8 0
13 13 0 9 0
13 13 0 10 0
13 13 0 11 0
13 13 0 12 0
13 13 0 13 0
13 13 0 14 0
13 13 0 15 0
13 13 1 0 0
13 13 1 1 0
13 13 1 2 0
13 13 1 3 0
13 13 1 4 0
13 13 1 5 0
13 13 1 6 0
13 13 1 7 0
13 13 1 8 0
13 13 1 9 0
13 13 1 10 0
13 13 1 11 0
13 13 1 12 0
13 13 1 13 0
13 13 1 14 0
13 13 1 15 0
13 13 2 0 0
13 13 2 1 0
13 13 2 2 0
13 13 2 3 0
13 13 2 4 0
13 13 2 5 0
13 13 2 6 0
13 13 2 7 0
13 13 2 8 0
13 13 2 9 0
13 13 2 10 0
13 13 2 11 0
13 13 2 12 0
13 13 2 13 0
13 13 2 14 0
13 13 2 15 0
13 13 3 0 0
13 13 3 1 0
13 13 3 2 0
13 13 3 3 0
13 13 3 4 0
13 13 3 5 0
13 13 3 6 0
13 13 3 7 0
13 13 3 8 0
13 13 3 9 0
13 13 3 10 0
13 13 3 11 0
13 13 3 12 0
13 13 3 13 0
13 13 3 14 0
13 13 3 15 0
13 13 4 0 0
13 13 4 1 0
13 13 4 2 0
13 13 4 3 0
13 13 4 4 0
13 13 4 5 0
13 13 4 6 0
13 13 4 7 0
13 13 4 8 0
13 13 4 9 0
13 13 4 10 0
13 13 4 11 0
13 13 4 12 0
13 13 4 13 0
13 13 4 14 0
13 13 4 15 0
13 13 5 0 0
13 13 5 1 0
13 13 5 2 0
13 13 5 3 0
13 13 5 4 0
13 13 5 5 0
13 13 5 6 0
13 13 5 7 0
13 13 5 8 0
13 13 5 9 0
13 13 5 10 0
13 13 5 11 0
13 13 5 12 0
13 13 5 13 0
13 13 5 14 0
13 13 5 15 0
13 13 6 0 0
13 13 6 1 0
13 13 6 2 0
13 13 6 3 0
13 13 6 4 0
13 13 6 5 0
13 13 6 6 0
13 13 6 7 0
13 13 6 8 0
13 13 6 9 0
13 13 6 10 0
13 13 6 11 0
13 13 6 12 0
13 13 6 13 0
13 13 6 14 0
13 13 6 15 0
13 13 7 0 0
13 13 7 1 0
13 13 7 2 0
13 13 7 3 0
13 13 7 4 0
13 13 7 5 0
13 13 7 6 0
13 13 7 7 0
13 13 7 8 0
13 13 7 9 0
13 13 7 10 0
13 13 7 11 0
13 13 7 12 0
13 13 7 13 0
13 13 7 14 0
13 13 7 15 0
13 13 8 0 0
13 13 8 1 0
13 13 8 2 0
13 13 8 3 0
13 13 8 4 0
13 13 8 5 0
13 13 8 6 0
13 13 8 7 0
13 13 8 8 0
13 13 8 9 0
13 13 8 10 0
13 13 8 11 0
13 13 8 12 0
13 13 8 13 0
13 13 8 14 0
13 13 8 15 0
13 13 9 0 0
13 13 9 1 0
13 13 9 2 0
13 13 9 3 0
13 13 9 4 0
13 13 9 5 0
13 13 9 6 0
13 13 9 7 0
13 13 9 8 0
13 13 9 9 0
13 13 9 10 0
13 13 9 11 0
13 13 9 12 0
13 13 9 13 0
13 13 9 14 0
13 13 9 15 0
13 13 10 0 0
13 13 10 1 0
13 13 10 2 0
13 13 10 3 0
13 13 10 4 0
13 13 10 5 0
13 13 10 6 0
13 13 10 7 0
13 13 10 8 0
13 13 10 9 0
13 13 10 10 0
13 13 10 11 0
13 13 10 12 0
13 13 10 13 0
13 13 10 14 0
13 13 10 15 0
13 13 11 0 0
13 13 11 1 0
13 13 11 2 0
13 13 11 3 0
13 13 11 4 0
13 13 11 5 0
13 13 11 6 0
13 13 11 7 0
13 13 11 8 0
13 13 11 9 0
13 13 11 10 0
13 13 11 11 0
13 13 11 12 0
13 13 11 13 0
13 13 11 14 0
13 13 11 15 0
13 13 12 0 0
13 13 12 1 0
13 13 12 2 0
13 13 12 3 0
13 13 12 4 0
13 13 12 5 0
13 13 12 6 0
13 13 12 7 0
13 13 12 8 0
13 13 12 9 0
13 13 12 10 0
13 13 12 11 0
13 13 12 12 0
13 13 12 13 0
13 13 12 14 0
13 13 12 15 0
13 13 13 0 0
13 13 13 1 0
13 13 13 2 0
13 13 13 3 0
13 13 13 4 0
13 13 13 5 0
13 13 13 6 0
13 13 13 7 0
13 13 13 8 0
13 13 13 9 0
13 13 13 10 0
13 13 13 11 0
13 13 13 12 0
13 13 13 13 0
13 13 13 14 0
13 13 13 15 0
13 13 14 0 0
13 13 14 1 0
13 13 14 2 0
13 13 14 3 0
13 13 14 4 0
13 13 14 5 0
13 13 14 6 0
13 13 14 7 0
13 13 14 8 0
13 13 14 9 0
13 13 14 10 0
13 13 14 11 0
13 13 14 12 0
13 13 14 13 0
13 13 14 14 0
13 13 14 15 0
13 13 15 0 0
13 13 15 1 0
13 13 15 2 0
13 13 15 3 0
13 13 15 4 0
13 13 15 5 0
13 13 15 6 0
13 13 15 7 0
13 13 15 8 0
13 13 15 9 0
13 13 15 10 0
13 13 15 11 0
13 13 15 12 0
13 13 15 13 0
13 13 15 14 0
13 13 15 15 0
13 14 0 0 0
13 14 0 1 0
13 14 0 2 0
13 14 0 3 0
13 14 0 4 0
13 14 0 5 0
13 14 0 6 0
13 14 0 7 0
13 14 0 8 0
13 14 0 9 0
13 14 0 10 0
13 14 0 11 0
13 14 0 12 0
13 14 0 13 0
13 14 0 14 0
13 14 0 15 0
13 14 1 0 0
13 14 1 1 0
13 14 1 2 0
13 14 1 3 0
13 14 1 4 0
13 14 1 5 0
13 14 1 6 0
13 14 1 7 0
13 14 1 8 0
13 14 1 9 0
13 14 1 10 0
13 14 1 11 0
13 14 1 12 0
13 14 1 13 0
13 14 1 14 0
13 14 1 15 0
13 14 2 0 0
13 14 2 1 0
13 14 2 2 0
13 14 2 3 0
13 14 2 4 0
13 14 2 5 0
13 14 2 6 0
13 14 2 7 0
13 14 2 8 0
13 14 2 9 0
13 14 2 10 0
13 14 2 11 0
13 14 2 12 0
13 14 2 13 0
13 14 2 14 0
13 14 2 15 0
13 14 3 0 0
13 14 3 1 0
13 14 3 2 0
13 14 3 3 0
13 14 3 4 0
13 14 3 5 0
13 14 3 6 0
13 14 3 7 0
13 14 3 8 0
13 14 3 9 0
13 14 3 10 0
13 14 3 11 0
13 14 3 12 0
13 14 3 13 0
13 14 3 14 0
13 14 3 15 0
13 14 4 0 0
13 14 4 1 0
13 14 4 2 0
13 14 4 3 0
13 14 4 4 0
13 14 4 5 0
13 14 4 6 0
13 14 4 7 0
13 14 4 8 0
13 14 4 9 0
13 14 4 10 0
13 14 4 11 0
13 14 4 12 0
13 14 4 13 0
13 14 4 14 0
13 14 4 15 0
13 14 5 0 0
13 14 5 1 0
13 14 5 2 0
13 14 5 3 0
13 14 5 4 0
13 14 5 5 0
13 14 5 6 0
13 14 5 7 0
13 14 5 8 0
13 14 5 9 0
13 14 5 10 0
13 14 5 11 0
13 14 5 12 0
13 14 5 13 0
13 14 5 14 0
13 14 5 15 0
13 14 6 0 0
13 14 6 1 0
13 14 6 2 0
13 14 6 3 0
13 14 6 4 0
13 14 6 5 0
13 14 6 6 0
13 14 6 7 0
13 14 6 8 0
13 14 6 9 0
13 14 6 10 0
13 14 6 11 0
13 14 6 12 0
13 14 6 13 0
13 14 6 14 0
13 14 6 15 0
13 14 7 0 0
13 14 7 1 0
13 14 7 2 0
13 14 7 3 0
13 14 7 4 0
13 14 7 5 0
13 14 7 6 0
13 14 7 7 0
13 14 7 8 0
13 14 7 9 0
13 14 7 10 0
13 14 7 11 0
13 14 7 12 0
13 14 7 13 0
13 14 7 14 0
13 14 7 15 0
13 14 8 0 0
13 14 8 1 0
13 14 8 2 0
13 14 8 3 0
13 14 8 4 0
13 14 8 5 0
13 14 8 6 0
13 14 8 7 0
13 14 8 8 0
13 14 8 9 0
13 14 8 10 0
13 14 8 11 0
13 14 8 12 0
13 14 8 13 0
13 14 8 14 0
13 14 8 15 0
13 14 9 0 0
13 14 9 1 0
13 14 9 2 0
13 14 9 3 0
13 14 9 4 0
13 14 9 5 0
13 14 9 6 0
13 14 9 7 0
13 14 9 8 0
13 14 9 9 0
13 14 9 10 0
13 14 9 11 0
13 14 9 12 0
13 14 9 13 0
13 14 9 14 0
13 14 9 15 0
13 14 10 0 0
13 14 10 1 0
13 14 10 2 0
13 14 10 3 0
13 14 10 4 0
13 14 10 5 0
13 14 10 6 0
13 14 10 7 0
13 14 10 8 0
13 14 10 9 0
13 14 10 10 0
13 14 10 11 0
13 14 10 12 0
13 14 10 13 0
13 14 10 14 0
13 14 10 15 0
13 14 11 0 0
13 14 11 1 0
13 14 11 2 0
13 14 11 3 0
13 14 11 4 0
13 14 11 5 0
13 14 11 6 0
13 14 11 7 0
13 14 11 8 0
13 14 11 9 0
13 14 11 10 0
13 14 11 11 0
13 14 11 12 0
13 14 11 13 0
13 14 11 14 0
13 14 11 15 0
13 14 12 0 0
13 14 12 1 0
13 14 12 2 0
13 14 12 3 0
13 14 12 4 0
13 14 12 5 0
13 14 12 6 0
13 14 12 7 0
13 14 12 8 0
13 14 12 9 0
13 14 12 10 0
13 14 12 11 0
13 14 12 12 0
13 14 12 13 0
13 14 12 14 0
13 14 12 15 0
13 14 13 0 0
13 14 13 1 0
13 14 13 2 0
13 14 13 3 0
13 14 13 4 0
13 14 13 5 0
13 14 13 6 0
13 14 13 7 0
13 14 13 8 0
13 14 13 9 0
13 14 13 10 0
13 14 13 11 0
13 14 13 12 0
13 14 13 13 0
13 14 13 14 0
13 14 13 15 0
13 14 14 0 0
13 14 14 1 0
13 14 14 2 0
13 14 14 3 0
13 14 14 4 0
13 14 14 5 0
13 14 14 6 0
13 14 14 7 0
13 14 14 8 0
13 14 14 9 0
13 14 14 10 0
13 14 14 11 0
13 14 14 12 0
13 14 14 13 0
13 14 14 14 0
13 14 14 15 0
13 14 15 0 0
13 14 15 1 0
13 14 15 2 0
13 14 15 3 0
13 14 15 4 0
13 14 15 5 0
13 14 15 6 0
13 14 15 7 0
13 14 15 8 0
13 14 15 9 0
13 14 15 10 0
13 14 15 11 0
13 14 15 12 0
13 14 15 13 0
13 14 15 14 0
13 14 15 15 0
13 15 0 0 0
13 15 0 1 0
13 15 0 2 0
13 15 0 3 0
13 15 0 4 0
13 15 0 5 0
13 15 0 6 0
13 15 0 7 0
13 15 0 8 0
13 15 0 9 0
13 15 0 10 0
13 15 0 11 0
13 15 0 12 0
13 15 0 13 0
13 15 0 14 0
13 15 0 15 0
13 15 1 0 0
13 15 1 1 0
13 15 1 2 0
13 15 1 3 0
13 15 1 4 0
13 15 1 5 0
13 15 1 6 0
13 15 1 7 0
13 15 1 8 0
13 15 1 9 0
13 15 1 10 0
13 15 1 11 0
13 15 1 12 0
13 15 1 13 0
13 15 1 14 0
13 15 1 15 0
13 15 2 0 0
13 15 2 1 0
13 15 2 2 0
13 15 2 3 0
13 15 2 4 0
13 15 2 5 0
13 15 2 6 0
13 15 2 7 0
13 15 2 8 0
13 15 2 9 0
13 15 2 10 0
13 15 2 11 0
13 15 2 12 0
13 15 2 13 0
13 15 2 14 0
13 15 2 15 0
13 15 3 0 0
13 15 3 1 0
13 15 3 2 0
13 15 3 3 0
13 15 3 4 0
13 15 3 5 0
13 15 3 6 0
13 15 3 7 0
13 15 3 8 0
13 15 3 9 0
13 15 3 10 0
13 15 3 11 0
13 15 3 12 0
13 15 3 13 0
13 15 3 14 0
13 15 3 15 0
13 15 4 0 0
13 15 4 1 0
13 15 4 2 0
13 15 4 3 0
13 15 4 4 0
13 15 4 5 0
13 15 4 6 0
13 15 4 7 0
13 15 4 8 0
13 15 4 9 0
13 15 4 10 0
13 15 4 11 0
13 15 4 12 0
13 15 4 13 0
13 15 4 14 0
13 15 4 15 0
13 15 5 0 0
13 15 5 1 0
13 15 5 2 0
13 15 5 3 0
13 15 5 4 0
13 15 5 5 0
13 15 5 6 0
13 15 5 7 0
13 15 5 8 0
13 15 5 9 0
13 15 5 10 0
13 15 5 11 0
13 15 5 12 0
13 15 5 13 0
13 15 5 14 0
13 15 5 15 0
13 15 6 0 0
13 15 6 1 0
13 15 6 2 0
13 15 6 3 0
13 15 6 4 0
13 15 6 5 0
13 15 6 6 0
13 15 6 7 0
13 15 6 8 0
13 15 6 9 0
13 15 6 10 0
13 15 6 11 0
13 15 6 12 0
13 15 6 13 0
13 15 6 14 0
13 15 6 15 0
13 15 7 0 0
13 15 7 1 0
13 15 7 2 0
13 15 7 3 0
13 15 7 4 0
13 15 7 5 0
13 15 7 6 0
13 15 7 7 0
13 15 7 8 0
13 15 7 9 0
13 15 7 10 0
13 15 7 11 0
13 15 7 12 0
13 15 7 13 0
13 15 7 14 0
13 15 7 15 0
13 15 8 0 0
13 15 8 1 0
13 15 8 2 0
13 15 8 3 0
13 15 8 4 0
13 15 8 5 0
13 15 8 6 0
13 15 8 7 0
13 15 8 8 0
13 15 8 9 0
13 15 8 10 0
13 15 8 11 0
13 15 8 12 0
13 15 8 13 0
13 15 8 14 0
13 15 8 15 0
13 15 9 0 0
13 15 9 1 0
13 15 9 2 0
13 15 9 3 0
13 15 9 4 0
13 15 9 5 0
13 15 9 6 0
13 15 9 7 0
13 15 9 8 0
13 15 9 9 0
13 15 9 10 0
13 15 9 11 0
13 15 9 12 0
13 15 9 13 0
13 15 9 14 0
13 15 9 15 0
13 15 10 0 0
13 15 10 1 0
13 15 10 2 0
13 15 10 3 0
13 15 10 4 0
13 15 10 5 0
13 15 10 6 0
13 15 10 7 0
13 15 10 8 0
13 15 10 9 0
13 15 10 10 0
13 15 10 11 0
13 15 10 12 0
13 15 10 13 0
13 15 10 14 0
13 15 10 15 0
13 15 11 0 0
13 15 11 1 0
13 15 11 2 0
13 15 11 3 0
13 15 11 4 0
13 15 11 5 0
13 15 11 6 0
13 15 11 7 0
13 15 11 8 0
13 15 11 9 0
13 15 11 10 0
13 15 11 11 0
13 15 11 12 0
13 15 11 13 0
13 15 11 14 0
13 15 11 15 0
13 15 12 0 0
13 15 12 1 0
13 15 12 2 0
13 15 12 3 0
13 15 12 4 0
13 15 12 5 0
13 15 12 6 0
13 15 12 7 0
13 15 12 8 0
13 15 12 9 0
13 15 12 10 0
13 15 12 11 0
13 15 12 12 0
13 15 12 13 0
13 15 12 14 0
13 15 12 15 0
13 15 13 0 0
13 15 13 1 0
13 15 13 2 0
13 15 13 3 0
13 15 13 4 0
13 15 13 5 0
13 15 13 6 0
13 15 13 7 0
13 15 13 8 0
13 15 13 9 0
13 15 13 10 0
13 15 13 11 0
13 15 13 12 0
13 15 13 13 0
13 15 13 14 0
13 15 13 15 0
13 15 14 0 0
13 15 14 1 0
13 15 14 2 0
13 15 14 3 0
13 15 14 4 0
13 15 14 5 0
13 15 14 6 0
13 15 14 7 0
13 15 14 8 0
13 15 14 9 0
13 15 14 10 0
13 15 14 11 0
13 15 14 12 0
13 15 14 13 0
13 15 14 14 0
13 15 14 15 0
13 15 15 0 0
13 15 15 1 0
13 15 15 2 0
13 15 15 3 0
13 15 15 4 0
13 15 15 5 0
13 15 15 6 0
13 15 15 7 0
13 15 15 8 0
13 15 15 9 0
13 15 15 10 0
13 15 15 11 0
13 15 15 12 0
13 15 15 13 0
13 15 15 14 0
13 15 15 15 0
14 0 0 0 0
14 0 0 1 0
14 0 0 2 -0.03605404638513918
14 0 0 3 0
14 0 0 4 0
14 0 0 5 0
14 0 0 6 0
14 0 0 7 0
14 0 0 8 0
14 0 0 9 0
14 0 0 10 0
14 0 0 11 0.0006094918916134417
14 0 0 12 0
14 0 0 13 0
14 0 0 14 -0.0009550717936614326
14 0 0 15 0
14 0 1 0 0
14 0 1 1 0
14 0 1 2 0
14 0 1 3 0
14 0 1 4 0
14 0 1 5 0
14 0 1 6 0
14 0 1 7 0
14 0 1 8 0
14 0 1 9 0
14 0 1 10 0
14 0 1 11 0
14 0 1 12 0
14 0 1 13 0
14 0 1 14 0
14 0 1 15 0
14 0 2 0 0.07210809277027835
14 0 2 1 0
14 0 2 2 0
14 0 2 3 0
14 0 2 4 0
14 0 2 5 0
14 0 2 6 0
14 0 2 7 0
14 0 2 8 0
14 0 2 9 0
14 0 2 10 0
14 0 2 11 -0.0004900116077791911
14 0 2 12 0
14 0 2 13 0
14 0 2 14 0
14 0 2 15 0
14 0 3 0 0
14 0 3 1 0
14 0 3 2 0
14 0 3 3 0
14 0 3 4 0
14 0 3 5 0
14 0 3 6 0
14 0 3 7 0
14 0 3 8 0
14 0 3 9 0
14 0 3 10 0
14 0 3 11 0
14 0 3 12 0
14 0 3 13 0
14 0 3 14 0
14 0 3 15 0
14 0 4 0 0
14 0 4 1 0
14 0 4 2 0
14 0 4 3 0
14 0 4 4 0
14 0 4 5 0
14 0 4 6 0
14 0 4 7 0
14 0 4 8 0
14 0 4 9 0
14 0 4 10 0
14 0 4 11 0
14 0 4 12 0
14 0 4 13 0
14 0 4 14 0
14 0 4 15 0
14 0 5 0 0
14 0 5 1 0
14 0 5 2 0
14 0 5 3 0
14 0 5 4 0
14 0 5 5 0
14 0 5 6 0
14 0 5 7 0
14 0 5 8 0
14 0 5 9 0
14 0 5 10 0
14 0 5 11 0
14 0 5 12 0
14 0 5 13 0
14 0 5 14 0
14 0 5 15 0
14 0 6 0 0
14 0 6 1 0
14 0 6 2 0
14 0 6 3 0
14 0 6 4 0
14 0 6 5 0
14 0 6 6 0
14 0 6 7 0
14 0 6 8 0
14 0 6 9 0
14 0 6 10 0
14 0 6 11 0
14 0 6 12 0
14 0 6 13 0
14 0 6 14 0
14 0 6 15 0
14 0 7 0 0
14 0 7 1 0
14 0 7 2 0
14 0 7 3 0
14 0 7 4 0
14 0 7 5 0
14 0 7 6 0
14 0 7 7 0
14 0 7 8 0
14 0 7 9 0
14 0 7 10 0
14 0 7 11 0
14 0 7 12 0
14 0 7 13 0
14 0 7 14 0
14 0 7 15 0
14 0 8 0 0
14 0 8 1 0
14 0 8 2 0
14 0 8 3 0
14 0 8 4 0
14 0 8 5 0
14 0 8 6 0
14 0 8 7 0
14 0 8 8 0
14 0 8 9 0
14 0 8 10 0
14 0 8 11 0
14 0 8 12 0
14 0 8 13 0
14 0 8 14 0
14 0 8 15 0
14 0 9 0 0
14 0 9 1 0
14 0 9 2 0
14 0 9 3 0
14 0 9 4 0
14 0 9 5 0
14 0 9 6 0
14 0 9 7 0
14 0 9 8 0
14 0 9 9 0
14 0 9 10 0
14 0 9 11 0
14 0 9 12 0
14 0 9 13 0
14 0 9 14 0
14 0 9 15 0
14 0 10 0 0
14 0 10 1 0
14 0 10 2 0
14 0 10 3 0
14 0 10 4 0
14 0 10 5 0
14 0 10 6 0
14 0 10 7 0
14 0 10 8 0
14 0 10 9 0
14 0 10 10 0
14 0 10 11 0
14 0 10 12 0
14 0 10 13 0
14 0 10 14 0
14 0 10 15 0
14 0 11 0 -0.001218983783226883
14 0 11 1 0
14 0 11 2 0.000186979353449267
14 0 11 3 0
14 0 11 4 0
14 0 11 5 0
14 0 11 6 0
14 0 11 7 0
14 0 11 8 0
14 0 11 9 0
14 0 11 10 0
14 0 11 11 0
14 0 11 12 0
14 0 11 13 0
14 0 11 14 0
14 0 11 15 0
14 0 12 0 0
14 0 12 1 0
14 0 12 2 0
14 0 12 3 0
14 0 12 4 0
14 0 12 5 0
14 0 12 6 0
14 0 12 7 0
14 0 12 8 0
14 0 12 9 0
14 0 12 10 0
14 0 12 11 0
14 0 12 12 0
14 0 12 13 0
14 0 12 14 0
14 0 12 15 0
14 0 13 0 0
14 0 13 1 0
14 0 13 2 0
14 0 13 3 0
14 0 13 4 0
14 0 13 5 0
14 0 13 6 0
14 0 13 7 0
14 0 13 8 0
14 0 13 9 0
14 0 13 10 0
14 0 13 11 0
14 0 13 12 0
14 0 13 13 0
14 0 13 14 0
14 0 13 15 0
14 0 14 0 0.001910143587322865
14 0 14 1 0
14 0 14 2 0
14 0 14 3 0
14 0 14 4 0
14 0 14 5 0
14 0 14 6 0
14 0 14 7 0
14 0 14 8 0
14 0 14 9 0
14 0 14 10 0
14 0 14 11 0
14 0 14 12 0
14 0 14 13 0
14 0 14 14 0
14 0 14 15 0
14 0 15 0 0
14 0 15 1 0
14 0 15 2 0
14 0 15 3 0
14 0 15 4 0
14 0 15 5 0
14 0 15 6 0
14 0 15 7 0
14 0 15 8 0
14 0 15 9 0
14 0 15 10 0
14 0 15 11 0
14 0 15 12 0
14 0 15 13 0
14 0 15 14 0
14 0 15 15 0
14 1 0 0 0
14 1 0 1 0
14 1 0 2 0
14 1 0 3 0
14 1 0 4 0
14 1 0 5 0
14 1 0 6 0
14 1 0 7 0
14 1 0 8 0
14 1 0 9 0
14 1 0 10 0
14 1 0 11 0
14 1 0 12 0
14 1 0 13 0
14 1 0 14 0
14 1 0 15 0
14 1 1 0 0
14 1 1 1 0
14 1 1 2 -0.03605404638513918
14 1 1 3 0
14 1 1 4 0
14 1 1 5 0
14 1 1 6 0
14 1 1 7 0
14 1 1 8 0
14 1 1 9 0
14 1 1 10 0
14 1 1 11 0.0006094918916134417
14 1 1 12 0
14 1 1 13 0
14 1 1 14 -0.0009550717936614326
14 1 1 15 0
14 1 2 0 0
14 1 2 1 0.07210809277027835
14 1 2 2 0
14 1 2 3 0
14 1 2 4 0
14 1 2 5 0
14 1 2 6 0
14 1 2 7 0
14 1 2 8 0
14 1 2 9 0
14 1 2 10 0
14 1 2 11 0
14 1 2 12 0
14 1 2 13 0
14 1 2 14 0
14 1 2 15 0.000572816827250776
14 1 3 0 0
14 1 3 1 0
14 1 3 2 0
14 1 3 3 0
14 1 3 4 0
14 1 3 5 0
14 1 3 6 0
14 1 3 7 0
14 1 3 8 0
14 1 3 9 0
14 1 3 10 0
14 1 3 11 0
14 1 3 12 0
14 1 3 13 0
14 1 3 14 0
14 1 3 15 0
14 1 4 0 0
14 1 4 1 0
14 1 4 2 0
14 1 4 3 0
14 1 4 4 0
14 1 4 5 0
14 1 4 6 0
14 1 4 7 0
14 1 4 8 0
14 1 4 9 0
14 1 4 10 0
14 1 4 11 0
14 1 4 12 0
14 1 4 13 0
14 1 4 14 0
14 1 4 15 0
14 1 5 0 0
14 1 5 1 0
14 1 5 2 0
14 1 5 3 0
14 1 5 4 0
14 1 5 5 0
14 1 5 6 0
14 1 5 7 0
14 1 5 8 0
14 1 5 9 0
14 1 5 10 0
14 1 5 11 0
14 1 5 12 0
14 1 5 13 0
14 1 5 14 0
14 1 5 15 0
14 1 6 0 0
14 1 6 1 0
14 1 6 2 0
14 1 6 3 0
14 1 6 4 0
14 1 6 5 0
14 1 6 6 0
14 1 6 7 0
14 1 6 8 0
14 1 6 9 0
14 1 6 10 0
14 1 6 11 0
14 1 6 12 0
14 1 6 13 0
14 1 6 14 0
14 1 6 15 0
14 1 7 0 0
14 1 7 1 0
14 1 7 2 0
14 1 7 3 0
14 1 7 4 0
14 1 7 5 0
14 1 7 6 0
14 1 7 7 0
14 1 7 8 0
14 1 7 9 0
14 1 7 10 0
14 1 7 11 0
14 1 7 12 0
14 1 7 13 0
14 1 7 14 0
14 1 7 15 0
14 1 8 0 0
14 1 8 1 0
14 1 8 2 0
14 1 8 3 0
14 1 8 4 0
14 1 8 5 0
14 1 8 6 0
14 1 8 7 0
14 1 8 8 0
14 1 8 9 0
14 1 8 10 0
14 1 8 11 0
14 1 8 12 0
14 1 8 13 0
14 1 8 14 0
14 1 8 15 0
14 1 9 0 0
14 1 9 1 0
14 1 9 2 0
14 1 9 3 0
14 1 9 4 0
14 1 9 5 0
14 1 9 6 0
14 1 9 7 0
14 1 9 8 0
14 1 9 9 0
14 1 9 10 0
14 1 9 11 0
14 1 9 12 0
14 1 9 13 0
14 1 9 14 0
14 1 9 15 0
14 1 10 0 0
14 1 10 1 0
14 1 10 2 0
14 1 10 3 0
14 1 10 4 0
14 1 10 5 0
14 1 10 6 0
14 1 10 7 0
14 1 10 8 0
14 1 10 9 0
14 1 10 10 0
14 1 10 11 0
14 1 10 12 0
14 1 10 13 0
14 1 10 14 0
14 1 10 15 0
14 1 11 0 0
14 1 11 1 -0.001218983783226883
14 1 11 2 0
14 1 11 3 0
14 1 11 4 0
14 1 11 5 0
14 1 11 6 0
14 1 11 7 0
14 1 11 8 0
14 1 11 9 0
14 1 11 10 0
14 1 11 11 0
14 1 11 12 0
14 1 11 13 0
14 1 11 14 0
14 1 11 15 0
14 1 12 0 0
14 1 12 1 0
14 1 12 2 0
14 1 12 3 0
14 1 12 4 0
14 1 12 5 0
14 1 12 6 0
14 1 12 7 0
14 1 12 8 0
14 1 12 9 0
14 1 12 10 0
14 1 12 11 0
14 1 12 12 0
14 1 12 13 0
14 1 12 14 0
14 1 12 15 0
14 1 13 0 0
14 1 13 1 0
14 1 13 2 0
14 1 13 3 0
14 1 13 4 0
14 1 13 5 0
14 1 13 6 0
14 1 13 7 0
14 1 13 8 0
14 1 13 9 0
14 1 13 10 0
14 1 13 11 0
14 1 13 12 0
14 1 13 13 0
14 1 13 14 0
14 1 13 15 0
14 1 14 0 0
14 1 14 1 0.001910143587322865
14 1 14 2 0
14 1 14 3 0
14 1 14 4 0
14 1 14 5 0
14 1 14 6 0
14 1 14 7 0
14 1 14 8 0
14 1 14 9 0
14 1 14 10 0
14 1 14 11 0
14 1 14 12 0
14 1 14 13 0
14 1 14 14 0
14 1 14 15 0
14 1 15 0 0
14 1 15 1 0
14 1 15 2 -0.0002740439012149418
14 1 15 3 0
14 1 15 4 0
14 1 15 5 0
14 1 15 6 0
14 1 15 7 0
14 1 15 8 0
14 1 15 9 0
14 1 15 10 0
14 1 15 11 0
14 1 15 12 0
14 1 15 13 0
14 1 15 14 0
14 1 15 15 0
14 2 0 0 0
14 2 0 1 0
14 2 0 2 0
14 2 0 3 0
14 2 0 4 0
14 2 0 5 0
14 2 0 6 0
14 2 0 7 0
14 2 0 8 0
14 2 0 9 0
14 2 0 10 0
14 2 0 11 0
14 2 0 12 0
14 2 0 13 0
14 2 0 14 0
14 2 0 15 0
14 2 1 0 0
14 2 1 1 0
14 2 1 2 0
14 2 1 3 0
14 2 1 4 0
14 2 1 5 0
14 2 1 6 0
14 2 1 7 0
14 2 1 8 0
14 2 1 9 0
14 2 1 10 0
14 2 1 11 0
14 2 1 12 0
14 2 1 13 0
14 2 1 14 0
14 2 1 15 0
14 2 2 0 0
14 2 2 1 0
14 2 2 2 0.03605404638513918
14 2 2 3 0
14 2 2 4 0
14 2 2 5 0
14 2 2 6 0
14 2 2 7 0
14 2 2 8 0
14 2 2 9 0
14 2 2 10 0
14 2 2 11 -0.0006457777808142742
14 2 2 12 0
14 2 2 13 0
14 2 2 14 0.0008501884691303798
14 2 2 15 0
14 2 3 0 0
14 2 3 1 0
14 2 3 2 0
14 2 3 3 0
14 2 3 4 0
14 2 3 5 0
14 2 3 6 0
14 2 3 7 0
14 2 3 8 0
14 2 3 9 0
14 2 3 10 0
14 2 3 11 0
14 2 3 12 0
14 2 3 13 0
14 2 3 14 0
14 2 3 15 0
14 2 4 0 0
14 2 4 1 0
14 2 4 2 0
14 2 4 3 0
14 2 4 4 0
14 2 4 5 0
14 2 4 6 0
14 2 4 7 0
14 2 4 8 0
14 2 4 9 0
14 2 4 10 0
14 2 4 11 0
14 2 4 12 0
14 2 4 13 0
14 2 4 14 0
14 2 4 15 0
14 2 5 0 0
14 2 5 1 0
14 2 5 2 0
14 2 5 3 0
14 2 5 4 0
14 2 5 5 0
14 2 5 6 0
14 2 5 7 0
14 2 5 8 0
14 2 5 9 0
14 2 5 10 0
14 2 5 11 0
14 2 5 12 0
14 2 5 13 0
14 2 5 14 0
14 2 5 15 0
14 2 6 0 0
14 2 6 1 0
14 2 6 2 0
14 2 6 3 0
14 2 6 4 0
14 2 6 5 0
14 2 6 6 0
14 2 6 7 0
14 2 6 8 0
14 2 6 9 0
14 2 6 10 0
14 2 6 11 0
14 2 6 12 0
14 2 6 13 0
14 2 6 14 0
14 2 6 15 0
14 2 7 0 0
14 2 7 1 0
14 2 7 2 0
14 2 7 3 0
14 2 7 4 0
14 2 7 5 0
14 2 7 6 0
14 2 7 7 -0.01689694099941924
14 2 7 8 0
14 2 7 9 0
14 2 7 10 0
14 2 7 11 0
14 2 7 12 0
14 2 7 13 0
14 2 7 14 0
14 2 7 15 0
14 2 8 0 0
14 2 8 1 0
14 2 8 2 0
14 2 8 3 0
14 2 8 4 0
14 2 8 5 0
14 2 8 6 0
14 2 8 7 0
14 2 8 8 0
14 2 8 9 0
14 2 8 10 0
14 2 8 11 0
14 2 8 12 0
14 2 8 13 0
14 2 8 14 0
14 2 8 15 0
14 2 9 0 0
14 2 9 1 0
14 2 9 2 0
14 2 9 3 0
14 2 9 4 0
14 2 9 5 0
14 2 9 6 0
14 2 9 7 0
14 2 9 8 0
14 2 9 9 0
14 2 9 10 0
14 2 9 11 0
14 2 9 12 0
14 2 9 13 0
14 2 9 14 0
14 2 9 15 0
14 2 10 0 0
14 2 10 1 0
14 2 10 2 0
14 2 10 3 0
14 2 10 4 0
14 2 10 5 0
14 2 10 6 0
14 2 10 7 0
14 2 10 8 0
14 2 10 9 0
14 2 10 10 0
14 2 10 11 0
14 2 10 12 0
14 2 10 13 0
14 2 10 14 0
14 2 10 15 0
14 2 11 0 0
14 2 11 1 0
14 2 11 2 -0.0006094918916134418
14 2 11 3 0
14 2 11 4 0
14 2 11 5 0
14 2 11 6 0
14 2 11 7 0
14 2 11 8 0
14 2 11 9 0
14 2 11 10 0
14 2 11 11 0
14 2 11 12 0
14 2 11 13 0
14 2 11 14 0
14 2 11 15 0
14 2 12 0 0
14 2 12 1 0
14 2 12 2 0
14 2 12 3 0
14 2 12 4 0
14 2 12 5 0
14 2 12 6 0
14 2 12 7 0
14 2 12 8 0
14 2 12 9 0
14 2 12 10 0
14 2 12 11 0
14 2 12 12 0
14 2 12 13 0
14 2 12 14 0
14 2 12 15 0
14 2 13 0 0
14 2 13 1 0
14 2 13 2 0
14 2 13 3 0
14 2 13 4 0
14 2 13 5 0
14 2 13 6 0
14 2 13 7 0
14 2 13 8 0
14 2 13 9 0
14 2 13 10 0
14 2 13 11 0
14 2 13 12 0
14 2 13 13 0
14 2 13 14 0
14 2 13 15 0
14 2 14 0 0
14 2 14 1 0
14 2 14 2 0.0009550717936614327
14 2 14 3 0
14 2 14 4 0
14 2 14 5 0
14 2 14 6 0
14 2 14 7 0
14 2 14 8 0
14 2 14 9 0
14 2 14 10 0
14 2 14 11 0
14 2 14 12 0
14 2 14 13 0
14 2 14 14 0
14 2 14 15 0
14 2 15 0 0
14 2 15 1 0
14 2 15 2 0
14 2 15 3 0
14 2 15 4 0
14 2 15 5 0
14 2 15 6 0
14 2 15 7 0
14 2 15 8 0
14 2 15 9 0
14 2 15 10 0
14 2 15 11 0
14 2 15 12 0
14 2 15 13 0
14 2 15 14 0
14 2 15 15 0
14 3 0 0 0
14 3 0 1 0
14 3 0 2 0
14 3 0 3 0
14 3 0 4 0
14 3 0 5 0
14 3 0 6 0
14 3 0 7 0
14 3 0 8 0
14 3 0 9 0
14 3 0 10 0
14 3 0 11 0
14 3 0 12 0
14 3 0 13 0
14 3 0 14 0
14 3 0 15 0
14 3 1 0 0
14 3 1 1 0
14 3 1 2 0
14 3 1 3 0
14 3 1 4 0
14 3 1 5 0
14 3 1 6 0
14 3 1 7 0
14 3 1 8 0
14 3 1 9 0
14 3 1 10 0
14 3 1 11 0
14 3 1 12 0
14 3 1 13 0
14 3 1 14 0
14 3 1 15 0
14 3 2 0 0
14 3 2 1 0
14 3 2 2 0
14 3 2 3 0.03605404638513918
14 3 2 4 0
14 3 2 5 0
14 3 2 6 0
14 3 2 7 0
14 3 2 8 0.002440585321579808
14 3 2 9 0
14 3 2 10 0
14 3 2 11 0
14 3 2 12 0
14 3 2 13 0
14 3 2 14 0
14 3 2 15 0
14 3 3 0 0
14 3 3 1 0
14 3 3 2 -0.02059912552377324
14 3 3 3 0
14 3 3 4 0
14 3 3 5 0
14 3 3 6 0
14 3 3 7 0
14 3 3 8 0
14 3 3 9 0
14 3 3 10 0
14 3 3 11 0.0003027973838180215
14 3 3 12 0
14 3 3 13 0
14 3 3 14 -0.000589085069866331
14 3 3 15 0
14 3 4 0 0
14 3 4 1 0
14 3 4 2 0
14 3 4 3 0
14 3 4 4 0
14 3 4 5 0
14 3 4 6 0
14 3 4 7 0
14 3 4 8 0
14 3 4 9 0
14 3 4 10 0
14 3 4 11 0
14 3 4 12 0
14 3 4 13 0
14 3 4 14 0
14 3 4 15 0
14 3 5 0 0
14 3 5 1 0
14 3 5 2 0
14 3 5 3 0
14 3 5 4 0
14 3 5 5 0
14 3 5 6 0
14 3 5 7 0
14 3 5 8 0
14 3 5 9 0
14 3 5 10 0
14 3 5 11 0
14 3 5 12 0
14 3 5 13 0
14 3 5 14 0
14 3 5 15 0
14 3 6 0 0
14 3 6 1 0
14 3 6 2 0
14 3 6 3 0
14 3 6 4 0
14 3 6 5 0
14 3 6 6 0
14 3 6 7 0.004582334637691561
14 3 6 8 0
14 3 6 9 0
14 3 6 10 0
14 3 6 11 0
14 3 6 12 0
14 3 6 13 0
14 3 6 14 0
14 3 6 15 0
14 3 7 0 0
14 3 7 1 0
14 3 7 2 0
14 3 7 3 0
14 3 7 4 0
14 3 7 5 0
14 3 7 6 -0.000878760268540839
14 3 7 7 0
14 3 7 8 0
14 3 7 9 0
14 3 7 10 0
14 3 7 11 0
14 3 7 12 0
14 3 7 13 0
14 3 7 14 0
14 3 7 15 0
14 3 8 0 0
14 3 8 1 0
14 3 8 2 -0.001427147780471013
14 3 8 3 0
14 3 8 4 0
14 3 8 5 0
14 3 8 6 0
14 3 8 7 0
14 3 8 8 0
14 3 8 9 0
14 3 8 10 0
14 3 8 11 0
14 3 8 12 0
14 3 8 13 0
14 3 8 14 0
14 3 8 15 0
14 3 9 0 0
14 3 9 1 0
14 3 9 2 0
14 3 9 3 0
14 3 9 4 0
14 3 9 5 0
14 3 9 6 0
14 3 9 7 0
14 3 9 8 0
14 3 9 9 0
14 3 9 10 0
14 3 9 11 0
14 3 9 12 0
14 3 9 13 0
14 3 9 14 0
14 3 9 15 0
14 3 10 0 0
14 3 10 1 0
14 3 10 2 0
14 3 10 3 0
14 3 10 4 0
14 3 10 5 0
14 3 10 6 0
14 3 10 7 0
14 3 10 8 0
14 3 10 9 0
14 3 10 10 0
14 3 10 11 0
14 3 10 12 0
14 3 10 13 0
14 3 10 14 0
14 3 10 15 0
14 3 11 0 0
14 3 11 1 0
14 3 11 2 0
14 3 11 3 -0.0006094918916134418
14 3 11 4 0
14 3 11 5 0
14 3 11 6 0
14 3 11 7 0
14 3 11 8 0
14 3 11 9 0
14 3 11 10 0
14 3 11 11 0
14 3 11 12 0
14 3 11 13 0
14 3 11 14 0
14 3 11 15 0
14 3 12 0 0
14 3 12 1 0
14 3 12 2 0
14 3 12 3 0
14 3 12 4 0
14 3 12 5 0
14 3 12 6 0
14 3 12 7 0
14 3 12 8 0
14 3 12 9 0
14 3 12 10 0
14 3 12 11 0
14 3 12 12 0
14 3 12 13 0
14 3 12 14 0
14 3 12 15 0
14 3 13 0 0
14 3 13 1 0
14 3 13 2 0
14 3 13 3 0
14 3 13 4 0
14 3 13 5 0
14 3 13 6 0
14 3 13 7 0
14 3 13 8 0
14 3 13 9 0
14 3 13 10 0
14 3 13 11 0
14 3 13 12 0
14 3 13 13 0
14 3 13 14 0
14 3 13 15 0
14 3 14 0 0
14 3 14 1 0
14 3 14 2 0
14 3 14 3 0.000955360573793738
14 3 14 4 0
14 3 14 5 0
14 3 14 6 0
14 3 14 7 0
14 3 14 8 0
14 3 14 9 0
14 3 14 10 0
14 3 14 11 0
14 3 14 12 0
14 3 14 13 0
14 3 14 14 0
14 3 14 15 0
14 3 15 0 0
14 3 15 1 0
14 3 15 2 0
14 3 15 3 0
14 3 15 4 0
14 3 15 5 0
14 3 15 6 0
14 3 15 7 0
14 3 15 8 0
14 3 15 9 0
14 3 15 10 0
14 3 15 11 0
14 3 15 12 0
14 3 15 13 0
14 3 15 14 0
14 3 15 15 0
14 4 0 0 0
14 4 0 1 0
14 4 0 2 0
14 4 0 3 0
14 4 0 4 0
14 4 0 5 0
14 4 0 6 0
14 4 0 7 0
14 4 0 8 0
14 4 0 9 0
14 4 0 10 0
14 4 0 11 0
14 4 0 12 0
14 4 0 13 0
14 4 0 14 0
14 4 0 15 0
14 4 1 0 0
14 4 1 1 0
14 4 1 2 0
14 4 1 3 0
14 4 1 4 0
14 4 1 5 0
14 4 1 6 0
14 4 1 7 0
14 4 1 8 0
14 4 1 9 0
14 4 1 10 0
14 4 1 11 0
14 4 1 12 0
14 4 1 13 0
14 4 1 14 0
14 4 1 15 0
14 4 2 0 0
14 4 2 1 0
14 4 2 2 0
14 4 2 3 0
14 4 2 4 0.03605404638513917
14 4 2 5 0
14 4 2 6 0
14 4 2 7 0
14 4 2 8 0
14 4 2 9 0.00239102206995706
14 4 2 10 0
14 4 2 11 0
14 4 2 12 0
14 4 2 13 0
14 4 2 14 0
14 4 2 15 0
14 4 3 0 0
14 4 3 1 0
14 4 3 2 0
14 4 3 3 0
14 4 3 4 0
14 4 3 5 0
14 4 3 6 0
14 4 3 7 0
14 4 3 8 0
14 4 3 9 0
14 4 3 10 0
14 4 3 11 0
14 4 3 12 0
14 4 3 13 0
14 4 3 14 0
14 4 3 15 0
14 4 4 0 0
14 4 4 1 0
14 4 4 2 -0.02354826530544127
14 4 4 3 0
14 4 4 4 0
14 4 4 5 0
14 4 4 6 0
14 4 4 7 0
14 4 4 8 0
14 4 4 9 0
14 4 4 10 0
14 4 4 11 0.0003866479277350267
14 4 4 12 0
14 4 4 13 0
14 4 4 14 -0.0007184317007047298
14 4 4 15 0
14 4 5 0 0
14 4 5 1 0
14 4 5 2 0
14 4 5 3 0
14 4 5 4 0
14 4 5 5 0
14 4 5 6 0
14 4 5 7 0.0001773558794428723
14 4 5 8 0
14 4 5 9 0
14 4 5 10 0
14 4 5 11 0
14 4 5 12 0
14 4 5 13 0
14 4 5 14 0
14 4 5 15 0
14 4 6 0 0
14 4 6 1 0
14 4 6 2 0
14 4 6 3 0
14 4 6 4 0
14 4 6 5 0
14 4 6 6 0
14 4 6 7 0
14 4 6 8 0
14 4 6 9 0
14 4 6 10 0
14 4 6 11 0
14 4 6 12 0
14 4 6 13 0
14 4 6 14 0
14 4 6 15 0
14 4 7 0 0
14 4 7 1 0
14 4 7 2 0
14 4 7 3 0
14 4 7 4 0
14 4 7 5 -1.027488667398379e-07
14 4 7 6 0
14 4 7 7 0
14 4 7 8 0
14 4 7 9 0
14 4 7 10 0
14 4 7 11 0
14 4 7 12 0
14 4 7 13 0
14 4 7 14 0
14 4 7 15 0
14 4 8 0 0
14 4 8 1 0
14 4 8 2 0
14 4 8 3 0
14 4 8 4 0
14 4 8 5 0
14 4 8 6 0
14 4 8 7 0
14 4 8 8 0
14 4 8 9 0
14 4 8 10 0
14 4 8 11 0
14 4 8 12 0
14 4 8 13 0
14 4 8 14 0
14 4 8 15 0
14 4 9 0 0
14 4 9 1 0
14 4 9 2 -0.001576698906633102
14 4 9 3 0
14 4 9 4 0
14 4 9 5 0
14 4 9 6 0
14 4 9 7 0
14 4 9 8 0
14 4 9 9 0
14 4 9 10 0
14 4 9 11 0
14 4 9 12 0
14 4 9 13 0
14 4 9 14 0
14 4 9 15 0
14 4 10 0 0
14 4 10 1 0
14 4 10 2 0
14 4 10 3 0
14 4 10 4 0
14 4 10 5 0
14 4 10 6 0
14 4 10 7 0
14 4 10 8 0
14 4 10 9 0
14 4 10 10 0
14 4 10 11 0
14 4 10 12 0
14 4 10 13 0
14 4 10 14 0
14 4 10 15 0
14 4 11 0 0
14 4 11 1 0
14 4 11 2 0
14 4 11 3 0
14 4 11 4 -0.0006094918916134418
14 4 11 5 0
14 4 11 6 0
14 4 11 7 0
14 4 11 8 0
14 4 11 9 0
14 4 11 10 0
14 4 11 11 0
14 4 11 12 0
14 4 11 13 0
14 4 11 14 0
14 4 11 15 0
14 4 12 0 0
14 4 12 1 0
14 4 12 2 0
14 4 12 3 0
14 4 12 4 0
14 4 12 5 0
14 4 12 6 0
14 4 12 7 0
14 4 12 8 0
14 4 12 9 0
14 4 12 10 0
14 4 12 11 0
14 4 12 12 0
14 4 12 13 0
14 4 12 14 0
14 4 12 15 0
14 4 13 0 0
14 4 13 1 0
14 4 13 2 0
14 4 13 3 0
14 4 13 4 0
14 4 13 5 0
14 4 13 6 0
14 4 13 7 0
14 4 13 8 0
14 4 13 9 0
14 4 13 10 0
14 4 13 11 0
14 4 13 12 0
14 4 13 13 0
14 4 13 14 0
14 4 13 15 0
14 4 14 0 0
14 4 14 1 0
14 4 14 2 0
14 4 14 3 0
14 4 14 4 0.0009547830135291271
14 4 14 5 0
14 4 14 6 0
14 4 14 7 0
14 4 14 8 0
14 4 14 9 0
14 4 14 10 0
14 4 14 11 0
14 4 14 12 0
14 4 14 13 0
14 4 14 14 0
14 4 14 15 0
14 4 15 0 0
14 4 15 1 0
14 4 15 2 0
14 4 15 3 0
14 4 15 4 0
14 4 15 5 0
14 4 15 6 0
14 4 15 7 0
14 4 15 8 0
14 4 15 9 0
14 4 15 10 0
14 4 15 11 0
14 4 15 12 0
14 4 15 13 0
14 4 15 14 0
14 4 15 15 0
14 5 0 0 0
14 5 0 1 0
14 5 0 2 0
14 5 0 3 0
14 5 0 4 0
14 5 0 5 0
14 5 0 6 0
14 5 0 7 0
14 5 0 8 0
14 5 0 9 0
14 5 0 10 0
14 5 0 11 0
14 5 0 12 0
14 5 0 13 0
14 5 0 14 0
14 5 0 15 0
14 5 1 0 0
14 5 1 1 0
14 5 1 2 0
14 5 1 3 0
14 5 1 4 0
14 5 1 5 0
14 5 1 6 0
14 5 1 7 0
14 5 1 8 0
14 5 1 9 0
14 5 1 10 0
14 5 1 11 0
14 5 1 12 0
14 5 1 13 0
14 5 1 14 0
14 5 1 15 0
14 5 2 0 0
14 5 2 1 0
14 5 2 2 0
14 5 2 3 0
14 5 2 4 0
14 5 2 5 0.03605404638513918
14 5 2 6 0
14 5 2 7 0
14 5 2 8 0
14 5 2 9 0
14 5 2 10 0
14 5 2 11 0
14 5 2 12 0.002285167307035823
14 5 2 13 0
14 5 2 14 0
14 5 2 15 0
14 5 3 0 0
14 5 3 1 0
14 5 3 2 0
14 5 3 3 0
14 5 3 4 0
14 5 3 5 0
14 5 3 6 0
14 5 3 7 0
14 5 3 8 0
14 5 3 9 0
14 5 3 10 0
14 5 3 11 0
14 5 3 12 0
14 5 3 13 0
14 5 3 14 0
14 5 3 15 0
14 5 4 0 0
14 5 4 1 0
14 5 4 2 0
14 5 4 3 0
14 5 4 4 0
14 5 4 5 0
14 5 4 6 0
14 5 4 7 0.0009885779992195882
14 5 4 8 0
14 5 4 9 0
14 5 4 10 0
14 5 4 11 0
14 5 4 12 0
14 5 4 13 0
14 5 4 14 0
14 5 4 15 0
14 5 5 0 0
14 5 5 1 0
14 5 5 2 -0.01983940773022649
14 5 5 3 0
14 5 5 4 0
14 5 5 5 0
14 5 5 6 0
14 5 5 7 0
14 5 5 8 0
14 5 5 9 0
14 5 5 10 0
14 5 5 11 0.0002991500269555046
14 5 5 12 0
14 5 5 13 0
14 5 5 14 -0.000569922687381305
14 5 5 15 0
14 5 6 0 0
14 5 6 1 0
14 5 6 2 0
14 5 6 3 0
14 5 6 4 0
14 5 6 5 0
14 5 6 6 0
14 5 6 7 0
14 5 6 8 0
14 5 6 9 0
14 5 6 10 0
14 5 6 11 0
14 5 6 12 0
14 5 6 13 0
14 5 6 14 0
14 5 6 15 0
14 5 7 0 0
14 5 7 1 0
14 5 7 2 0
14 5 7 3 0
14 5 7 4 0.0002271764310989793
14 5 7 5 0
14 5 7 6 0
14 5 7 7 0
14 5 7 8 0
14 5 7 9 0
14 5 7 10 0
14 5 7 11 0
14 5 7 12 0
14 5 7 13 0
14 5 7 14 0
14 5 7 15 0
14 5 8 0 0
14 5 8 1 0
14 5 8 2 0
14 5 8 3 0
14 5 8 4 0
14 5 8 5 0
14 5 8 6 0
14 5 8 7 0
14 5 8 8 0
14 5 8 9 0
14 5 8 10 0
14 5 8 11 0
14 5 8 12 0
14 5 8 13 0
14 5 8 14 0
14 5 8 15 0
14 5 9 0 0
14 5 9 1 0
14 5 9 2 0
14 5 9 3 0
14 5 9 4 0
14 5 9 5 0
14 5 9 6 0
14 5 9 7 0
14 5 9 8 0
14 5 9 9 0
14 5 9 10 0
14 5 9 11 0
14 5 9 12 0
14 5 9 13 0
14 5 9 14 0
14 5 9 15 0
14 5 10 0 0
14 5 10 1 0
14 5 10 2 0
14 5 10 3 0
14 5 10 4 0
14 5 10 5 0
14 5 10 6 0
14 5 10 7 0
14 5 10 8 0
14 5 10 9 0
14 5 10 10 0
14 5 10 11 0
14 5 10 12 0
14 5 10 13 0
14 5 10 14 0
14 5 10 15 0
14 5 11 0 0
14 5 11 1 0
14 5 11 2 0
14 5 11 3 0
14 5 11 4 0
14 5 11 5 -0.0006094918916134419
14 5 11 6 0
14 5 11 7 0
14 5 11 8 0
14 5 11 9 0
14 5 11 10 0
14 5 11 11 0
14 5 11 12 0
14 5 11 13 0
14 5 11 14 0
14 5 11 15 0
14 5 12 0 0
14 5 12 1 0
14 5 12 2 -0.001266206349013581
14 5 12 3 0
14 5 12 4 0
14 5 12 5 0
14 5 12 6 0
14 5 12 7 0
14 5 12 8 0
14 5 12 9 0
14 5 12 10 0
14 5 12 11 0
14 5 12 12 0
14 5 12 13 0
14 5 12 14 0
14 5 12 15 0
14 5 13 0 0
14 5 13 1 0
14 5 13 2 0
14 5 13 3 0
14 5 13 4 0
14 5 13 5 0
14 5 13 6 0
14 5 13 7 0
14 5 13 8 0
14 5 13 9 0
14 5 13 10 0
14 5 13 11 0
14 5 13 12 0
14 5 13 13 0
14 5 13 14 0
14 5 13 15 0
14 5 14 0 0
14 5 14 1 0
14 5 14 2 0
14 5 14 3 0
14 5 14 4 0
14 5 14 5 0.0009553605737937382
14 5 14 6 0
14 5 14 7 0
14 5 14 8 0
14 5 14 9 0
14 5 14 10 0
14 5 14 11 0
14 5 14 12 0
14 5 14 13 0
14 5 14 14 0
14 5 14 15 0
14 5 15 0 0
14 5 15 1 0
14 5 15 2 0
14 5 15 3 0
14 5 15 4 0
14 5 15 5 0
14 5 15 6 0
14 5 15 7 0
14 5 15 8 0
14 5 15 9 0
14 5 15 10 0
14 5 15 11 0
14 5 15 12 0
14 5 15 13 0
14 5 15 14 0
14 5 15 15 0
14 6 0 0 0
14 6 0 1 0
14 6 0 2 0
14 6 0 3 0
14 6 0 4 0
14 6 0 5 0
14 6 0 6 0
14 6 0 7 0
14 6 0 8 0
14 6 0 9 0
14 6 0 10 0
14 6 0 11 0
14 6 0 12 0
14 6 0 13 0
14 6 0 14 0
14 6 0 15 0
14 6 1 0 0
14 6 1 1 0
14 6 1 2 0
14 6 1 3 0
14 6 1 4 0
14 6 1 5 0
14 6 1 6 0
14 6 1 7 0
14 6 1 8 0
14 6 1 9 0
14 6 1 10 0
14 6 1 11 0
14 6 1 12 0
14 6 1 13 0
14 6 1 14 0
14 6 1 15 0
14 6 2 0 0
14 6 2 1 0
14 6 2 2 0
14 6 2 3 0
14 6 2 4 0
14 6 2 5 0
14 6 2 6 0.03605404638513917
14 6 2 7 0
14 6 2 8 0
14 6 2 9 0
14 6 2 10 0
14 6 2 11 0
14 6 2 12 0
14 6 2 13 0.0023222273729248
14 6 2 14 0
14 6 2 15 0
14 6 3 0 0
14 6 3 1 0
14 6 3 2 0
14 6 3 3 0
14 6 3 4 0
14 6 3 5 0
14 6 3 6 0
14 6 3 7 0.004495624540662749
14 6 3 8 0
14 6 3 9 0
14 6 3 10 0
14 6 3 11 0
14 6 3 12 0
14 6 3 13 0
14 6 3 14 0
14 6 3 15 0
14 6 4 0 0
14 6 4 1 0
14 6 4 2 0
14 6 4 3 0
14 6 4 4 0
14 6 4 5 0
14 6 4 6 0
14 6 4 7 0
14 6 4 8 0
14 6 4 9 0
14 6 4 10 0
14 6 4 11 0
14 6 4 12 0
14 6 4 13 0
14 6 4 14 0
14 6 4 15 0
14 6 5 0 0
14 6 5 1 0
14 6 5 2 0
14 6 5 3 0
14 6 5 4 0
14 6 5 5 0
14 6 5 6 0
14 6 5 7 0
14 6 5 8 0
14 6 5 9 0
14 6 5 10 0
14 6 5 11 0
14 6 5 12 0
14 6 5 13 0
14 6 5 14 0
14 6 5 15 0
14 6 6 0 0
14 6 6 1 0
14 6 6 2 -0.01698924600753226
14 6 6 3 0
14 6 6 4 0
14 6 6 5 0
14 6 6 6 0
14 6 6 7 0
14 6 6 8 0
14 6 6 9 0
14 6 6 10 0
14 6 6 11 0.0002047579316338492
14 6 6 12 0
14 6 6 13 0
14 6 6 14 -0.0004208404829358334
14 6 6 15 0
14 6 7 0 0
14 6 7 1 0
14 6 7 2 0
14 6 7 3 0.001081857339158734
14 6 7 4 0
14 6 7 5 0
14 6 7 6 0
14 6 7 7 0
14 6 7 8 0
14 6 7 9 0
14 6 7 10 0
14 6 7 11 0
14 6 7 12 0
14 6 7 13 0
14 6 7 14 0
14 6 7 15 0
14 6 8 0 0
14 6 8 1 0
14 6 8 2 0
14 6 8 3 0
14 6 8 4 0
14 6 8 5 0
14 6 8 6 0
14 6 8 7 0
14 6 8 8 0
14 6 8 9 0
14 6 8 10 0
14 6 8 11 0
14 6 8 12 0
14 6 8 13 0
14 6 8 14 0
14 6 8 15 0
14 6 9 0 0
14 6 9 1 0
14 6 9 2 0
14 6 9 3 0
14 6 9 4 0
14 6 9 5 0
14 6 9 6 0
14 6 9 7 0
14 6 9 8 0
14 6 9 9 0
14 6 9 10 0
14 6 9 11 0
14 6 9 12 0
14 6 9 13 0
14 6 9 14 0
14 6 9 15 0
14 6 10 0 0
14 6 10 1 0
14 6 10 2 0
14 6 10 3 0
14 6 10 4 0
14 6 10 5 0
14 6 10 6 0
14 6 10 7 0
14 6 10 8 0
14 6 10 9 0
14 6 10 10 0
14 6 10 11 0
14 6 10 12 0
14 6 10 13 0
14 6 10 14 0
14 6 10 15 0
14 6 11 0 0
14 6 11 1 0
14 6 11 2 0
14 6 11 3 0
14 6 11 4 0
14 6 11 5 0
14 6 11 6 -0.0006094918916134418
14 6 11 7 0
14 6 11 8 0
14 6 11 9 0
14 6 11 10 0
14 6 11 11 0
14 6 11 12 0
14 6 11 13 0
14 6 11 14 0
14 6 11 15 0
14 6 12 0 0
14 6 12 1 0
14 6 12 2 0
14 6 12 3 0
14 6 12 4 0
14 6 12 5 0
14 6 12 6 0
14 6 12 7 0
14 6 12 8 0
14 6 12 9 0
14 6 12 10 0
14 6 12 11 0
14 6 12 12 0
14 6 12 13 0
14 6 12 14 0
14 6 12 15 0
14 6 13 0 0
14 6 13 1 0
14 6 13 2 -0.001116633192428918
14 6 13 3 0
14 6 13 4 0
14 6 13 5 0
14 6 13 6 0
14 6 13 7 0
14 6 13 8 0
14 6 13 9 0
14 6 13 10 0
14 6 13 11 0
14 6 13 12 0
14 6 13 13 0
14 6 13 14 0
14 6 13 15 0
14 6 14 0 0
14 6 14 1 0
14 6 14 2 0
14 6 14 3 0
14 6 14 4 0
14 6 14 5 0
14 6 14 6 0.0009547830135291273
14 6 14 7 0
14 6 14 8 0
14 6 14 9 0
14 6 14 10 0
14 6 14 11 0
14 6 14 12 0
14 6 14 13 0
14 6 14 14 0
14 6 14 15 0
14 6 15 0 0
14 6 15 1 0
14 6 15 2 0
14 6 15 3 0
14 6 15 4 0
14 6 15 5 0
14 6 15 6 0
14 6 15 7 0
14 6 15 8 0
14 6 15 9 0
14 6 15 10 0
14 6 15 11 0
14 6 15 12 0
14 6 15 13 0
14 6 15 14 0
14 6 15 15 0
14 7 0 0 0
14 7 0 1 0
14 7 0 2 0
14 7 0 3 0
14 7 0 4 0
14 7 0 5 0
14 7 0 6 0
14 7 0 7 0
14 7 0 8 0
14 7 0 9 0
14 7 0 10 0
14 7 0 11 0
14 7 0 12 0
14 7 0 13 0
14 7 0 14 0
14 7 0 15 0
14 7 1 0 0
14 7 1 1 0
14 7 1 2 0
14 7 1 3 0
14 7 1 4 0
14 7 1 5 0
14 7 1 6 0
14 7 1 7 0
14 7 1 8 0
14 7 1 9 0
14 7 1 10 0
14 7 1 11 0
14 7 1 12 0
14 7 1 13 0
14 7 1 14 0
14 7 1 15 0
14 7 2 0 0
14 7 2 1 0
14 7 2 2 0
14 7 2 3 0
14 7 2 4 0
14 7 2 5 0
14 7 2 6 0
14 7 2 7 0
14 7 2 8 0
14 7 2 9 0
14 7 2 10 0
14 7 2 11 0
14 7 2 12 0
14 7 2 13 0
14 7 2 14 0
14 7 2 15 0
14 7 3 0 0
14 7 3 1 0
14 7 3 2 0
14 7 3 3 0
14 7 3 4 0
14 7 3 5 0
14 7 3 6 0
14 7 3 7 0
14 7 3 8 0
14 7 3 9 0
14 7 3 10 0
14 7 3 11 0
14 7 3 12 0
14 7 3 13 0
14 7 3 14 0
14 7 3 15 0
14 7 4 0 0
14 7 4 1 0
14 7 4 2 0
14 7 4 3 0
14 7 4 4 0
14 7 4 5 0
14 7 4 6 0
14 7 4 7 0
14 7 4 8 0
14 7 4 9 0
14 7 4 10 0
14 7 4 11 0
14 7 4 12 0
14 7 4 13 0
14 7 4 14 0
14 7 4 15 0
14 7 5 0 0
14 7 5 1 0
14 7 5 2 0
14 7 5 3 0
14 7 5 4 0
14 7 5 5 0
14 7 5 6 0
14 7 5 7 0
14 7 5 8 0
14 7 5 9 0
14 7 5 10 0
14 7 5 11 0
14 7 5 12 0
14 7 5 13 0
14 7 5 14 0
14 7 5 15 0
14 7 6 0 0
14 7 6 1 0
14 7 6 2 0
14 7 6 3 0
14 7 6 4 0
14 7 6 5 0
14 7 6 6 0
14 7 6 7 0
14 7 6 8 0
14 7 6 9 0
14 7 6 10 0
14 7 6 11 0
14 7 6 12 0
14 7 6 13 0
14 7 6 14 0
14 7 6 15 0
14 7 7 0 0
14 7 7 1 0
14 7 7 2 0
14 7 7 3 0
14 7 7 4 0
14 7 7 5 0
14 7 7 6 0
14 7 7 7 0
14 7 7 8 0
14 7 7 9 0
14 7 7 10 0
14 7 7 11 0
14 7 7 12 0
14 7 7 13 0
14 7 7 14 0
14 7 7 15 0
14 7 8 0 0
14 7 8 1 0
14 7 8 2 0
14 7 8 3 0
14 7 8 4 0
14 7 8 5 0
14 7 8 6 0
14 7 8 7 0
14 7 8 8 0
14 7 8 9 0
14 7 8 10 0
14 7 8 11 0
14 7 8 12 0
14 7 8 13 0
14 7 8 14 0
14 7 8 15 0
14 7 9 0 0
14 7 9 1 0
14 7 9 2 0
14 7 9 3 0
14 7 9 4 0
14 7 9 5 0
14 7 9 6 0
14 7 9 7 0
14 7 9 8 0
14 7 9 9 0
14 7 9 10 0
14 7 9 11 0
14 7 9 12 0
14 7 9 13 0
14 7 9 14 0
14 7 9 15 0
14 7 10 0 0
14 7 10 1 0
14 7 10 2 0
14 7 10 3 0
14 7 10 4 0
14 7 10 5 0
14 7 10 6 0
14 7 10 7 0
14 7 10 8 0
14 7 10 9 0
14 7 10 10 0
14 7 10 11 0
14 7 10 12 0
14 7 10 13 0
14 7 10 14 0
14 7 10 15 0
14 7 11 0 0
14 7 11 1 0
14 7 11 2 0
14 7 11 3 0
14 7 11 4 0
14 7 11 5 0
14 7 11 6 0
14 7 11 7 0
14 7 11 8 0
14 7 11 9 0
14 7 11 10 0
14 7 11 11 0
14 7 11 12 0
14 7 11 13 0
14 7 11 14 0
14 7 11 15 0
14 7 12 0 0
14 7 12 1 0
14 7 12 2 0
14 7 12 3 0
14 7 12 4 0
14 7 12 5 0
14 7 12 6 0
14 7 12 7 0
14 7 12 8 0
14 7 12 9 0
14 7 12 10 0
14 7 12 11 0
14 7 12 12 0
14 7 12 13 0
14 7 12 14 0
14 7 12 15 0
14 7 13 0 0
14 7 13 1 0
14 7 13 2 0
14 7 13 3 0
14 7 13 4 0
14 7 13 5 0
14 7 13 6 0
14 7 13 7 0
14 7 13 8 0
14 7 13 9 0
14 7 13 10 0
14 7 13 11 0
14 7 13 12 0
14 7 13 13 0
14 7 13 14 0
14 7 13 15 0
14 7 14 0 0
14 7 14 1 0
14 7 14 2 0
14 7 14 3 0
14 7 14 4 0
14 7 14 5 0
14 7 14 6 0
14 7 14 7 0
14 7 14 8 0
14 7 14 9 0
14 7 14 10 0
14 7 14 11 0
14 7 14 12 0
14 7 14 13 0
14 7 14 14 0
14 7 14 15 0
14 7 15 0 0
14 7 15 1 0
14 7 15 2 0
14 7 15 3 0
14 7 15 4 0
14 7 15 5 0
14 7 15 6 0
14 7 15 7 0
14 7 15 8 0
14 7 15 9 0
14 7 15 10 0
14 7 15 11 0
14 7 15 12 0
14 7 15 13 0
14 7 15 14 0
14 7 15 15 0
14 8 0 0 0
14 8 0 1 0
14 8 0 2 0
14 8 0 3 0
14 8 0 4 0
14 8 0 5 0
14 8 0 6 0
14 8 0 7 0
14 8 0 8 0
14 8 0 9 0
14 8 0 10 0
14 8 0 11 0
14 8 0 12 0
14 8 0 13 0
14 8 0 14 0
14 8 0 15 0
14 8 1 0 0
14 8 1 1 0
14 8 1 2 0
14 8 1 3 0
14 8 1 4 0
14 8 1 5 0
14 8 1 6 0
14 8 1 7 0
14 8 1 8 0
14 8 1 9 0
14 8 1 10 0
14 8 1 11 0
14 8 1 12 0
14 8 1 13 0
14 8 1 14 0
14 8 1 15 0
14 8 2 0 0
14 8 2 1 0
14 8 2 2 0
14 8 2 3 0
14 8 2 4 0
14 8 2 5 0
14 8 2 6 0
14 8 2 7 0
14 8 2 8 0
14 8 2 9 0
14 8 2 10 0
14 8 2 11 0
14 8 2 12 0
14 8 2 13 0
14 8 2 14 0
14 8 2 15 0
14 8 3 0 0
14 8 3 1 0
14 8 3 2 0
14 8 3 3 0
14 8 3 4 0
14 8 3 5 0
14 8 3 6 0
14 8 3 7 0
14 8 3 8 0
14 8 3 9 0
14 8 3 10 0
14 8 3 11 0
14 8 3 12 0
14 8 3 13 0
14 8 3 14 0
14 8 3 15 0
14 8 4 0 0
14 8 4 1 0
14 8 4 2 0
14 8 4 3 0
14 8 4 4 0
14 8 4 5 0
14 8 4 6 0
14 8 4 7 0
14 8 4 8 0
14 8 4 9 0
14 8 4 10 0
14 8 4 11 0
14 8 4 12 0
14 8 4 13 0
14 8 4 14 0
14 8 4 15 0
14 8 5 0 0
14 8 5 1 0
14 8 5 2 0
14 8 5 3 0
14 8 5 4 0
14 8 5 5 0
14 8 5 6 0
14 8 5 7 0
14 8 5 8 0
14 8 5 9 0
14 8 5 10 0
14 8 5 11 0
14 8 5 12 0
14 8 5 13 0
14 8 5 14 0
14 8 5 15 0
14 8 6 0 0
14 8 6 1 0
14 8 6 2 0
14 8 6 3 0
14 8 6 4 0
14 8 6 5 0
14 8 6 6 0
14 8 6 7 0
14 8 6 8 0
14 8 6 9 0
14 8 6 10 0
14 8 6 11 0
14 8 6 12 0
14 8 6 13 0
14 8 6 14 0
14 8 6 15 0
14 8 7 0 0
14 8 7 1 0
14 8 7 2 0
14 8 7 3 0
14 8 7 4 0
14 8 7 5 0
14 8 7 6 0
14 8 7 7 0
14 8 7 8 0
14 8 7 9 0
14 8 7 10 0
14 8 7 11 0
14 8 7 12 0
14 8 7 13 0
14 8 7 14 0
14 8 7 15 0
14 8 8 0 0
14 8 8 1 0
14 8 8 2 0
14 8 8 3 0
14 8 8 4 0
14 8 8 5 0
14 8 8 6 0
14 8 8 7 0
14 8 8 8 0
14 8 8 9 0
14 8 8 10 0
14 8 8 11 0
14 8 8 12 0
14 8 8 13 0
14 8 8 14 0
14 8 8 15 0
14 8 9 0 0
14 8 9 1 0
14 8 9 2 0
14 8 9 3 0
14 8 9 4 0
14 8 9 5 0
14 8 9 6 0
14 8 9 7 0
14 8 9 8 0
14 8 9 9 0
14 8 9 10 0
14 8 9 11 0
14 8 9 12 0
14 8 9 13 0
14 8 9 14 0
14 8 9 15 0
14 8 10 0 0
14 8 10 1 0
14 8 10 2 0
14 8 10 3 0
14 8 10 4 0
14 8 10 5 0
14 8 10 6 0
14 8 10 7 0
14 8 10 8 0
14 8 10 9 0
14 8 10 10 0
14 8 10 11 0
14 8 10 12 0
14 8 10 13 0
14 8 10 14 0
14 8 10 15 0
14 8 11 0 0
14 8 11 1 0
14 8 11 2 0
14 8 11 3 0
14 8 11 4 0
14 8 11 5 0
14 8 11 6 0
14 8 11 7 0
14 8 11 8 0
14 8 11 9 0
14 8 11 10 0
14 8 11 11 0
14 8 11 12 0
14 8 11 13 0
14 8 11 14 0
14 8 11 15 0
14 8 12 0 0
14 8 12 1 0
14 8 12 2 0
14 8 12 3 0
14 8 12 4 0
14 8 12 5 0
14 8 12 6 0
14 8 12 7 0
14 8 12 8 0
14 8 12 9 0
14 8 12 10 0
14 8 12 11 0
14 8 12 12 0
14 8 12 13 0
14 8 12 14 0
14 8 12 15 0
14 8 13 0 0
14 8 13 1 0
14 8 13 2 0
14 8 13 3 0
14 8 13 4 0
14 8 13 5 0
14 8 13 6 0
14 8 13 7 0
14 8 13 8 0
14 8 13 9 0
14 8 13 10 0
14 8 13 11 0
14 8 13 12 0
14 8 13 13 0
14 8 13 14 0
14 8 13 15 0
14 8 14 0 0
14 8 14 1 0
14 8 14 2 0
14 8 14 3 0
14 8 14 4 0
14 8 14 5 0
14 8 14 6 0
14 8 14 7 0
14 8 14 8 0
14 8 14 9 0
14 8 14 10 0
14 8 14 11 0
14 8 14 12 0
14 8 14 13 0
14 8 14 14 0
14 8 14 15 0
14 8 15 0 0
14 8 15 1 0
14 8 15 2 0
14 8 15 3 0
14 8 15 4 0
14 8 15 5 0
14 8 15 6 0
14 8 15 7 0
14 8 15 8 0
14 8 15 9 0
14 8 15 10 0
14 8 15 11 0
14 8 15 12 0
14 8 15 13 0
14 8 15 14 0
14 8 15 15 0
14 9 0 0 0
14 9 0 1 0
14 9 0 2 0
14 9 0 3 0
14 9 0 4 0
14 9 0 5 0
14 9 0 6 0
14 9 0 7 0
14 9 0 8 0
14 9 0 9 0
14 9 0 10 0
14 9 0 11 0
14 9 0 12 0
14 9 0 13 0
14 9 0 14 0
14 9 0 15 0
14 9 1 0 0
14 9 1 1 0
14 9 1 2 0
14 9 1 3 0
14 9 1 4 0
14 9 1 5 0
14 9 1 6 0
14 9 1 7 0
14 9 1 8 0
14 9 1 9 0
14 9 1 10 0
14 9 1 11 0
14 9 1 12 0
14 9 1 13 0
14 9 1 14 0
14 9 1 15 0
14 9 2 0 0
14 9 2 1 0
14 9 2 2 0
14 9 2 3 0
14 9 2 4 0
14 9 2 5 0
14 9 2 6 0
14 9 2 7 0
14 9 2 8 0
14 9 2 9 0
14 9 2 10 0
14 9 2 11 0
14 9 2 12 0
14 9 2 13 0
14 9 2 14 0
14 9 2 15 0
14 9 3 0 0
14 9 3 1 0
14 9 3 2 0
14 9 3 3 0
14 9 3 4 0
14 9 3 5 0
14 9 3 6 0
14 9 3 7 0
14 9 3 8 0
14 9 3 9 0
14 9 3 10 0
14 9 3 11 0
14 9 3 12 0
14 9 3 13 0
14 9 3 14 0
14 9 3 15 0
14 9 4 0 0
14 9 4 1 0
14 9 4 2 0
14 9 4 3 0
14 9 4 4 0
14 9 4 5 0
14 9 4 6 0
14 9 4 7 0
14 9 4 8 0
14 9 4 9 0
14 9 4 10 0
14 9 4 11 0
14 9 4 12 0
14 9 4 13 0
14 9 4 14 0
14 9 4 15 0
14 9 5 0 0
14 9 5 1 0
14 9 5 2 0
14 9 5 3 0
14 9 5 4 0
14 9 5 5 0
14 9 5 6 0
14 9 5 7 0
14 9 5 8 0
14 9 5 9 0
14 9 5 10 0
14 9 5 11 0
14 9 5 12 0
14 9 5 13 0
14 9 5 14 0
14 9 5 15 0
14 9 6 0 0
14 9 6 1 0
14 9 6 2 0
14 9 6 3 0
14 9 6 4 0
14 9 6 5 0
14 9 6 6 0
14 9 6 7 0
14 9 6 8 0
14 9 6 9 0
14 9 6 10 0
14 9 6 11 0
14 9 6 12 0
14 9 6 13 0
14 9 6 14 0
14 9 6 15 0
14 9 7 0 0
14 9 7 1 0
14 9 7 2 0
14 9 7 3 0
14 9 7 4 0
14 9 7 5 0
14 9 7 6 0
14 9 7 7 0
14 9 7 8 0
14 9 7 9 0
14 9 7 10 0
14 9 7 11 0
14 9 7 12 0
14 9 7 13 0
14 9 7 14 0
14 9 7 15 0
14 9 8 0 0
14 9 8 1 0
14 9 8 2 0
14 9 8 3 0
14 9 8 4 0
14 9 8 5 0
14 9 8 6 0
14 9 8 7 0
14 9 8 8 0
14 9 8 9 0
14 9 8 10 0
14 9 8 11 0
14 9 8 12 0
14 9 8 13 0
14 9 8 14 0
14 9 8 15 0
14 9 9 0 0
14 9 9 1 0
14 9 9 2 0
14 9 9 3 0
14 9 9 4 0
14 9 9 5 0
14 9 9 6 0
14 9 9 7 0
14 9 9 8 0
14 9 9 9 0
14 9 9 10 0
14 9 9 11 0
14 9 9 12 0
14 9 9 13 0
14 9 9 14 0
14 9 9 15 0
14 9 10 0 0
14 9 10 1 0
14 9 10 2 0
14 9 10 3 0
14 9 10 4 0
14 9 10 5 0
14 9 10 6 0
14 9 10 7 0
14 9 10 8 0
14 9 10 9 0
14 9 10 10 0
14 9 10 11 0
14 9 10 12 0
14 9 10 13 0
14 9 10 14 0
14 9 10 15 0
14 9 11 0 0
14 9 11 1 0
14 9 11 2 0
14 9 11 3 0
14 9 11 4 0
14 9 11 5 0
14 9 11 6 0
14 9 11 7 0
14 9 11 8 0
14 9 11 9 0
14 9 11 10 0
14 9 11 11 0
14 9 11 12 0
14 9 11 13 0
14 9 11 14 0
14 9 11 15 0
14 9 12 0 0
14 9 12 1 0
14 9 12 2 0
14 9 12 3 0
14 9 12 4 0
14 9 12 5 0
14 9 12 6 0
14 9 12 7 0
14 9 12 8 0
14 9 12 9 0
14 9 12 10 0
14 9 12 11 0
14 9 12 12 0
14 9 12 13 0
14 9 12 14 0
14 9 12 15 0
14 9 13 0 0
14 9 13 1 0
14 9 13 2 0
14 9 13 3 0
14 9 13 4 0
14 9 13 5 0
14 9 13 6 0
14 9 13 7 0
14 9 13 8 0
14 9 13 9 0
14 9 13 10 0
14 9 13 11 0
14 9 13 12 0
14 9 13 13 0
14 9 13 14 0
14 9 13 15 0
14 9 14 0 0
14 9 14 1 0
14 9 14 2 0
14 9 14 3 0
14 9 14 4 0
14 9 14 5 0
14 9 14 6 0
14 9 14 7 0
14 9 14 8 0
14 9 14 9 0
14 9 14 10 0
14 9 14 11 0
14 9 14 12 0
14 9 14 13 0
14 9 14 14 0
14 9 14 15 0
14 9 15 0 0
14 9 15 1 0
14 9 15 2 0
14 9 15 3 0
14 9 15 4 0
14 9 15 5 0
14 9 15 6 0
14 9 15 7 0
14 9 15 8 0
14 9 15 9 0
14 9 15 10 0
14 9 15 11 0
14 9 15 12 0
14 9 15 13 0
14 9 15 14 0
14 9 15 15 0
14 10 0 0 0
14 10 0 1 0
14 10 0 2 0
14 10 0 3 0
14 10 0 4 0
14 10 0 5 0
14 10 0 6 0
14 10 0 7 0
14 10 0 8 0
14 10 0 9 0
14 10 0 10 0
14 10 0 11 0
14 10 0 12 0
14 10 0 13 0
14 10 0 14 0
14 10 0 15 0
14 10 1 0 0
14 10 1 1 0
14 10 1 2 0
14 10 1 3 0
14 10 1 4 0
14 10 1 5 0
14 10 1 6 0
14 10 1 7 0
14 10 1 8 0
14 10 1 9 0
14 10 1 10 0
14 10 1 11 0
14 10 1 12 0
14 10 1 13 0
14 10 1 14 0
14 10 1 15 0
14 10 2 0 0
14 10 2 1 0
14 10 2 2 0
14 10 2 3 0
14 10 2 4 0
14 10 2 5 0
14 10 2 6 0
14 10 2 7 0
14 10 2 8 0
14 10 2 9 0
14 10 2 10 0
14 10 2 11 0
14 10 2 12 0
14 10 2 13 0
14 10 2 14 0
14 10 2 15 0
14 10 3 0 0
14 10 3 1 0
14 10 3 2 0
14 10 3 3 0
14 10 3 4 0
14 10 3 5 0
14 10 3 6 0
14 10 3 7 0
14 10 3 8 0
14 10 3 9 0
14 10 3 10 0
14 10 3 11 0
14 10 3 12 0
14 10 3 13 0
14 10 3 14 0
14 10 3 15 0
14 10 4 0 0
14 10 4 1 0
14 10 4 2 0
14 10 4 3 0
14 10 4 4 0
14 10 4 5 0
14 10 4 6 0
14 10 4 7 0
14 10 4 8 0
14 10 4 9 0
14 10 4 10 0
14 10 4 11 0
14 10 4 12 0
14 10 4 13 0
14 10 4 14 0
14 10 4 15 0
14 10 5 0 0
14 10 5 1 0
14 10 5 2 0
14 10 5 3 0
14 10 5 4 0
14 10 5 5 0
14 10 5 6 0
14 10 5 7 0
14 10 5 8 0
14 10 5 9 0
14 10 5 10 0
14 10 5 11 0
14 10 5 12 0
14 10 5 13 0
14 10 5 14 0
14 10 5 15 0
14 10 6 0 0
14 10 6 1 0
14 10 6 2 0
14 10 6 3 0
14 10 6 4 0
14 10 6 5 0
14 10 6 6 0
14 10 6 7 0
14 10 6 8 0
14 10 6 9 0
14 10 6 10 0
14 10 6 11 0
14 10 6 12 0
14 10 6 13 0
14 10 6 14 0
14 10 6 15 0
14 10 7 0 0
14 10 7 1 0
14 10 7 2 0
14 10 7 3 0
14 10 7 4 0
14 10 7 5 0
14 10 7 6 0
14 10 7 7 0
14 10 7 8 0
14 10 7 9 0
14 10 7 10 0
14 10 7 11 0
14 10 7 12 0
14 10 7 13 0
14 10 7 14 0
14 10 7 15 0
14 10 8 0 0
14 10 8 1 0
14 10 8 2 0
14 10 8 3 0
14 10 8 4 0
14 10 8 5 0
14 10 8 6 0
14 10 8 7 0
14 10 8 8 0
14 10 8 9 0
14 10 8 10 0
14 10 8 11 0
14 10 8 12 0
14 10 8 13 0
14 10 8 14 0
14 10 8 15 0
14 10 9 0 0
14 10 9 1 0
14 10 9 2 0
14 10 9 3 0
14 10 9 4 0
14 10 9 5 0
14 10 9 6 0
14 10 9 7 0
14 10 9 8 0
14 10 9 9 0
14 10 9 10 0
14 10 9 11 0
14 10 9 12 0
14 10 9 13 0
14 10 9 14 0
14 10 9 15 0
14 10 10 0 0
14 10 10 1 0
14 10 10 2 0
14 10 10 3 0
14 10 10 4 0
14 10 10 5 0
14 10 10 6 0
14 10 10 7 0
14 10 10 8 0
14 10 10 9 0
14 10 10 10 0
14 10 10 11 0
14 10 10 12 0
14 10 10 13 0
14 10 10 14 0
14 10 10 15 0
14 10 11 0 0
14 10 11 1 0
14 10 11 2 0
14 10 11 3 0
14 10 11 4 0
14 10 11 5 0
14 10 11 6 0
14 10 11 7 0
14 10 11 8 0
14 10 11 9 0
14 10 11 10 0
14 10 11 11 0
14 10 11 12 0
14 10 11 13 0
14 10 11 14 0
14 10 11 15 0
14 10 12 0 0
14 10 12 1 0
14 10 12 2 0
14 10 12 3 0
14 10 12 4 0
14 10 12 5 0
14 10 12 6 0
14 10 12 7 0
14 10 12 8 0
14 10 12 9 0
14 10 12 10 0
14 10 12 11 0
14 10 12 12 0
14 10 12 13 0
14 10 12 14 0
14 10 12 15 0
14 10 13 0 0
14 10 13 1 0
14 10 13 2 0
14 10 13 3 0
14 10 13 4 0
14 10 13 5 0
14 10 13 6 0
14 10 13 7 0
14 10 13 8 0
14 10 13 9 0
14 10 13 10 0
14 10 13 11 0
14 10 13 12 0
14 10 13 13 0
14 10 13 14 0
14 10 13 15 0
14 10 14 0 0
14 10 14 1 0
14 10 14 2 0
14 10 14 3 0
14 10 14 4 0
14 10 14 5 0
14 10 14 6 0
14 10 14 7 0
14 10 14 8 0
14 10 14 9 0
14 10 14 10 0
14 10 14 11 0
14 10 14 12 0
14 10 14 13 0
14 10 14 14 0
14 10 14 15 0
14 10 15 0 0
14 10 15 1 0
14 10 15 2 0
14 10 15 3 0
14 10 15 4 0
14 10 15 5 0
14 10 15 6 0
14 10 15 7 0
14 10 15 8 0
14 10 15 9 0
14 10 15 10 0
14 10 15 11 0
14 10 15 12 0
14 10 15 13 0
14 10 15 14 0
14 10 15 15 0
14 11 0 0 0
14 11 0 1 0
14 11 0 2 0
14 11 0 3 0
14 11 0 4 0
14 11 0 5 0
14 11 0 6 0
14 11 0 7 0
14 11 0 8 0
14 11 0 9 0
14 11 0 10 0
14 11 0 11 0
14 11 0 12 0
14 11 0 13 0
14 11 0 14 0
14 11 0 15 0
14 11 1 0 0
14 11 1 1 0
14 11 1 2 0
14 11 1 3 0
14 11 1 4 0
14 11 1 5 0
14 11 1 6 0
14 11 1 7 0
14 11 1 8 0
14 11 1 9 0
14 11 1 10 0
14 11 1 11 0
14 11 1 12 0
14 11 1 13 0
14 11 1 14 0
14 11 1 15 0
14 11 2 0 0
14 11 2 1 0
14 11 2 2 0
14 11 2 3 0
14 11 2 4 0
14 11 2 5 0
14 11 2 6 0
14 11 2 7 0
14 11 2 8 0
14 11 2 9 0
14 11 2 10 0
14 11 2 11 0
14 11 2 12 0
14 11 2 13 0
14 11 2 14 0
14 11 2 15 0
14 11 3 0 0
14 11 3 1 0
14 11 3 2 0
14 11 3 3 0
14 11 3 4 0
14 11 3 5 0
14 11 3 6 0
14 11 3 7 0
14 11 3 8 0
14 11 3 9 0
14 11 3 10 0
14 11 3 11 0
14 11 3 12 0
14 11 3 13 0
14 11 3 14 0
14 11 3 15 0
14 11 4 0 0
14 11 4 1 0
14 11 4 2 0
14 11 4 3 0
14 11 4 4 0
14 11 4 5 0
14 11 4 6 0
14 11 4 7 0
14 11 4 8 0
14 11 4 9 0
14 11 4 10 0
14 11 4 11 0
14 11 4 12 0
14 11 4 13 0
14 11 4 14 0
14 11 4 15 0
14 11 5 0 0
14 11 5 1 0
14 11 5 2 0
14 11 5 3 0
14 11 5 4 0
14 11 5 5 0
14 11 5 6 0
14 11 5 7 0
14 11 5 8 0
14 11 5 9 0
14 11 5 10 0
14 11 5 11 0
14 11 5 12 0
14 11 5 13 0
14 11 5 14 0
14 11 5 15 0
14 11 6 0 0
14 11 6 1 0
14 11 6 2 0
14 11 6 3 0
14 11 6 4 0
14 11 6 5 0
14 11 6 6 0
14 11 6 7 0
14 11 6 8 0
14 11 6 9 0
14 11 6 10 0
14 11 6 11 0
14 11 6 12 0
14 11 6 13 0
14 11 6 14 0
14 11 6 15 0
14 11 7 0 0
14 11 7 1 0
14 11 7 2 0
14 11 7 3 0
14 11 7 4 0
14 11 7 5 0
14 11 7 6 0
14 11 7 7 0
14 11 7 8 0
14 11 7 9 0
14 11 7 10 0
14 11 7 11 0
14 11 7 12 0
14 11 7 13 0
14 11 7 14 0
14 11 7 15 0
14 11 8 0 0
14 11 8 1 0
14 11 8 2 0
14 11 8 3 0
14 11 8 4 0
14 11 8 5 0
14 11 8 6 0
14 11 8 7 0
14 11 8 8 0
14 11 8 9 0
14 11 8 10 0
14 11 8 11 0
14 11 8 12 0
14 11 8 13 0
14 11 8 14 0
14 11 8 15 0
14 11 9 0 0
14 11 9 1 0
14 11 9 2 0
14 11 9 3 0
14 11 9 4 0
14 11 9 5 0
14 11 9 6 0
14 11 9 7 0
14 11 9 8 0
14 11 9 9 0
14 11 9 10 0
14 11 9 11 0
14 11 9 12 0
14 11 9 13 0
14 11 9 14 0
14 11 9 15 0
14 11 10 0 0
14 11 10 1 0
14 11 10 2 0
14 11 10 3 0
14 11 10 4 0
14 11 10 5 0
14 11 10 6 0
14 11 10 7 0
14 11 10 8 0
14 11 10 9 0
14 11 10 10 0
14 11 10 11 0
14 11 10 12 0
14 11 10 13 0
14 11 10 14 0
14 11 10 15 0
14 11 11 0 0
14 11 11 1 0
14 11 11 2 0
14 11 11 3 0
14 11 11 4 0
14 11 11 5 0
14 11 11 6 0
14 11 11 7 0
14 11 11 8 0
14 11 11 9 0
14 11 11 10 0
14 11 11 11 0
14 11 11 12 0
14 11 11 13 0
14 11 11 14 0
14 11 11 15 0
14 11 12 0 0
14 11 12 1 0
14 11 12 2 0
14 11 12 3 0
14 11 12 4 0
14 11 12 5 0
14 11 12 6 0
14 11 12 7 0
14 11 12 8 0
14 11 12 9 0
14 11 12 10 0
14 11 12 11 0
14 11 12 12 0
14 11 12 13 0
14 11 12 14 0
14 11 12 15 0
14 11 13 0 0
14 11 13 1 0
14 11 13 2 0
14 11 13 3 0
14 11 13 4 0
14 11 13 5 0
14 11 13 6 0
14 11 13 7 0
14 11 13 8 0
14 11 13 9 0
14 11 13 10 0
14 11 13 11 0
14 11 13 12 0
14 11 13 13 0
14 11 13 14 0
14 11 13 15 0
14 11 14 0 0
14 11 14 1 0
14 11 14 2 0
14 11 14 3 0
14 11 14 4 0
14 11 14 5 0
14 11 14 6 0
14 11 14 7 0
14 11 14 8 0
14 11 14 9 0
14 11 14 10 0
14 11 14 11 0
14 11 14 12 0
14 11 14 13 0
14 11 14 14 0
14 11 14 15 0
14 11 15 0 0
14 11 15 1 0
14 11 15 2 0
14 11 15 3 0
14 11 15 4 0
14 11 15 5 0
14 11 15 6 0
14 11 15 7 0
14 11 15 8 0
14 11 15 9 0
14 11 15 10 0
14 11 15 11 0
14 11 15 12 0
14 11 15 13 0
14 11 15 14 0
14 11 15 15 0
14 12 0 0 0
14 12 0 1 0
14 12 0 2 0
14 12 0 3 0
14 12 0 4 0
14 12 0 5 0
14 12 0 6 0
14 12 0 7 0
14 12 0 8 0
14 12 0 9 0
14 12 0 10 0
14 12 0 11 0
14 12 0 12 0
14 12 0 13 0
14 12 0 14 0
14 12 0 15 0
14 12 1 0 0
14 12 1 1 0
14 12 1 2 0
14 12 1 3 0
14 12 1 4 0
14 12 1 5 0
14 12 1 6 0
14 12 1 7 0
14 12 1 8 0
14 12 1 9 0
14 12 1 10 0
14 12 1 11 0
14 12 1 12 0
14 12 1 13 0
14 12 1 14 0
14 12 1 15 0
14 12 2 0 0
14 12 2 1 0
14 12 2 2 0
14 12 2 3 0
14 12 2 4 0
14 12 2 5 0
14 12 2 6 0
14 12 2 7 0
14 12 2 8 0
14 12 2 9 0
14 12 2 10 0
14 12 2 11 0
14 12 2 12 0
14 12 2 13 0
14 12 2 14 0
14 12 2 15 0
14 12 3 0 0
14 12 3 1 0
14 12 3 2 0
14 12 3 3 0
14 12 3 4 0
14 12 3 5 0
14 12 3 6 0
14 12 3 7 0
14 12 3 8 0
14 12 3 9 0
14 12 3 10 0
14 12 3 11 0
14 12 3 12 0
14 12 3 13 0
14 12 3 14 0
14 12 3 15 0
14 12 4 0 0
14 12 4 1 0
14 12 4 2 0
14 12 4 3 0
14 12 4 4 0
14 12 4 5 0
14 12 4 6 0
14 12 4 7 0
14 12 4 8 0
14 12 4 9 0
14 12 4 10 0
14 12 4 11 0
14 12 4 12 0
14 12 4 13 0
14 12 4 14 0
14 12 4 15 0
14 12 5 0 0
14 12 5 1 0
14 12 5 2 0
14 12 5 3 0
14 12 5 4 0
14 12 5 5 0
14 12 5 6 0
14 12 5 7 0
14 12 5 8 0
14 12 5 9 0
14 12 5 10 0
14 12 5 11 0
14 12 5 12 0
14 12 5 13 0
14 12 5 14 0
14 12 5 15 0
14 12 6 0 0
14 12 6 1 0
14 12 6 2 0
14 12 6 3 0
14 12 6 4 0
14 12 6 5 0
14 12 6 6 0
14 12 6 7 0
14 12 6 8 0
14 12 6 9 0
14 12 6 10 0
14 12 6 11 0
14 12 6 12 0
14 12 6 13 0
14 12 6 14 0
14 12 6 15 0
14 12 7 0 0
14 12 7 1 0
14 12 7 2 0
14 12 7 3 0
14 12 7 4 0
14 12 7 5 0
14 12 7 6 0
14 12 7 7 0
14 12 7 8 0
14 12 7 9 0
14 12 7 10 0
14 12 7 11 0
14 12 7 12 0
14 12 7 13 0
14 12 7 14 0
14 12 7 15 0
14 12 8 0 0
14 12 8 1 0
14 12 8 2 0
14 12 8 3 0
14 12 8 4 0
14 12 8 5 0
14 12 8 6 0
14 12 8 7 0
14 12 8 8 0
14 12 8 9 0
14 12 8 10 0
14 12 8 11 0
14 12 8 12 0
14 12 8 13 0
14 12 8 14 0
14 12 8 15 0
14 12 9 0 0
14 12 9 1 0
14 12 9 2 0
14 12 9 3 0
14 12 9 4 0
14 12 9 5 0
14 12 9 6 0
14 12 9 7 0
14 12 9 8 0
14 12 9 9 0
14 12 9 10 0
14 12 9 11 0
14 12 9 12 0
14 12 9 13 0
14 12 9 14 0
14 12 9 15 0
14 12 10 0 0
14 12 10 1 0
14 12 10 2 0
14 12 10 3 0
14 12 10 4 0
14 12 10 5 0
14 12 10 6 0
14 12 10 7 0
14 12 10 8 0
14 12 10 9 0
14 12 10 10 0
14 12 10 11 0
14 12 10 12 0
14 12 10 13 0
14 12 10 14 0
14 12 10 15 0
14 12 11 0 0
14 12 11 1 0
14 12 11 2 0
14 12 11 3 0
14 12 11 4 0
14 12 11 5 0
14 12 11 6 0
14 12 11 7 0
14 12 11 8 0
14 12 11 9 0
14 12 11 10 0
14 12 11 11 0
14 12 11 12 0
14 12 11 13 0
14 12 11 14 0
14 12 11 15 0
14 12 12 0 0
14 12 12 1 0
14 12 12 2 0
14 12 12 3 0
14 12 12 4 0
14 12 12 5 0
14 12 12 6 0
14 12 12 7 0
14 12 12 8 0
14 12 12 9 0
14 12 12 10 0
14 12 12 11 0
14 12 12 12 0
14 12 12 13 0
14 12 12 14 0
14 12 12 15 0
14 12 13 0 0
14 12 13 1 0
14 12 13 2 0
14 12 13 3 0
14 12 13 4 0
14 12 13 5 0
14 12 13 6 0
14 12 13 7 0
14 12 13 8 0
14 12 13 9 0
14 12 13 10 0
14 12 13 11 0
14 12 13 12 0
14 12 13 13 0
14 12 13 14 0
14 12 13 15 0
14 12 14 0 0
14 12 14 1 0
14 12 14 2 0
14 12 14 3 0
14 12 14 4 0
14 12 14 5 0
14 12 14 6 0
14 12 14 7 0
14 12 14 8 0
14 12 14 9 0
14 12 14 10 0
14 12 14 11 0
14 12 14 12 0
14 12 14 13 0
14 12 14 14 0
14 12 14 15 0
14 12 15 0 0
14 12 15 1 0
14 12 15 2 0
14 12 15 3 0
14 12 15 4 0
14 12 15 5 0
14 12 15 6 0
14 12 15 7 0
14 12 15 8 0
14 12 15 9 0
14 12 15 10 0
14 12 15 11 0
14 12 15 12 0
14 12 15 13 0
14 12 15 14 0
14 12 15 15 0
14 13 0 0 0
14 13 0 1 0
14 13 0 2 0
14 13 0 3 0
14 13 0 4 0
14 13 0 5 0
14 13 0 6 0
14 13 0 7 0
14 13 0 8 0
14 13 0 9 0
14 13 0 10 0
14 13 0 11 0
14 13 0 12 0
14 13 0 13 0
14 13 0 14 0
14 13 0 15 0
14 13 1 0 0
14 13 1 1 0
14 13 1 2 0
14 13 1 3 0
14 13 1 4 0
14 13 1 5 0
14 13 1 6 0
14 13 1 7 0
14 13 1 8 0
14 13 1 9 0
14 13 1 10 0
14 13 1 11 0
14 13 1 12 0
14 13 1 13 0
14 13 1 14 0
14 13 1 15 0
14 13 2 0 0
14 13 2 1 0
14 13 2 2 0
14 13 2 3 0
14 13 2 4 0
14 13 2 5 0
14 13 2 6 0
14 13 2 7 0
14 13 2 8 0
14 13 2 9 0
14 13 2 10 0
14 13 2 11 0
14 13 2 12 0
14 13 2 13 0
14 13 2 14 0
14 13 2 15 0
14 13 3 0 0
14 13 3 1 0
14 13 3 2 0
14 13 3 3 0
14 13 3 4 0
14 13 3 5 0
14 13 3 6 0
14 13 3 7 0
14 13 3 8 0
14 13 3 9 0
14 13 3 10 0
14 13 3 11 0
14 13 3 12 0
14 13 3 13 0
14 13 3 14 0
14 13 3 15 0
14 13 4 0 0
14 13 4 1 0
14 13 4 2 0
14 13 4 3 0
14 13 4 4 0
14 13 4 5 0
14 13 4 6 0
14 13 4 7 0
14 13 4 8 0
14 13 4 9 0
14 13 4 10 0
14 13 4 11 0
14 13 4 12 0
14 13 4 13 0
14 13 4 14 0
14 13 4 15 0
14 13 5 0 0
14 13 5 1 0
14 13 5 2 0
14 13 5 3 0
14 13 5 4 0
14 13 5 5 0
14 13 5 6 0
14 13 5 7 0
14 13 5 8 0
14 13 5 9 0
14 13 5 10 0
14 13 5 11 0
14 13 5 12 0
14 13 5 13 0
14 13 5 14 0
14 13 5 15 0
14 13 6 0 0
14 13 6 1 0
14 13 6 2 0
14 13 6 3 0
14 13 6 4 0
14 13 6 5 0
14 13 6 6 0
14 13 6 7 0
14 13 6 8 0
14 13 6 9 0
14 13 6 10 0
14 13 6 11 0
14 13 6 12 0
14 13 6 13 0
14 13 6 14 0
14 13 6 15 0
14 13 7 0 0
14 13 7 1 0
14 13 7 2 0
14 13 7 3 0
14 13 7 4 0
14 13 7 5 0
14 13 7 6 0
14 13 7 7 0
14 13 7 8 0
14 13 7 9 0
14 13 7 10 0
14 13 7 11 0
14 13 7 12 0
14 13 7 13 0
14 13 7 14 0
14 13 7 15 0
14 13 8 0 0
14 13 8 1 0
14 13 8 2 0
14 13 8 3 0
14 13 8 4 0
14 13 8 5 0
14 13 8 6 0
14 13 8 7 0
14 13 8 8 0
14 13 8 9 0
14 13 8 10 0
14 13 8 11 0
14 13 8 12 0
14 13 8 13 0
14 13 8 14 0
14 13 8 15 0
14 13 9 0 0
14 13 9 1 0
14 13 9 2 0
14 13 9 3 0
14 13 9 4 0
14 13 9 5 0
14 13 9 6 0
14 13 9 7 0
14 13 9 8 0
14 13 9 9 0
14 13 9 10 0
14 13 9 11 0
14 13 9 12 0
14 13 9 13 0
14 13 9 14 0
14 13 9 15 0
14 13 10 0 0
14 13 10 1 0
14 13 10 2 0
14 13 10 3 0
14 13 10 4 0
14 13 10 5 0
14 13 10 6 0
14 13 10 7 0
14 13 10 8 0
14 13 10 9 0
14 13 10 10 0
14 13 10 11 0
14 13 10 12 0
14 13 10 13 0
14 13 10 14 0
14 13 10 15 0
14 13 11 0 0
14 13 11 1 0
14 13 11 2 0
14 13 11 3 0
14 13 11 4 0
14 13 11 5 0
14 13 11 6 0
14 13 11 7 0
14 13 11 8 0
14 13 11 9 0
14 13 11 10 0
14 13 11 11 0
14 13 11 12 0
14 13 11 13 0
14 13 11 14 0
14 13 11 15 0
14 13 12 0 0
14 13 12 1 0
14 13 12 2 0
14 13 12 3 0
14 13 12 4 0
14 13 12 5 0
14 13 12 6 0
14 13 12 7 0
14 13 12 8 0
14 13 12 9 0
14 13 12 10 0
14 13 12 11 0
14 13 12 12 0
14 13 12 13 0
14 13 12 14 0
14 13 12 15 0
14 13 13 0 0
14 13 13 1 0
14 13 13 2 0
14 13 13 3 0
14 13 13 4 0
14 13 13 5 0
14 13 13 6 0
14 13 13 7 0
14 13 13 8 0
14 13 13 9 0
14 13 13 10 0
14 13 13 11 0
14 13 13 12 0
14 13 13 13 0
14 13 13 14 0
14 13 13 15 0
14 13 14 0 0
14 13 14 1 0
14 13 14 2 0
14 13 14 3 0
14 13 14 4 0
14 13 14 5 0
14 13 14 6 0
14 13 14 7 0
14 13 14 8 0
14 13 14 9 0
14 13 14 10 0
14 13 14 11 0
14 13 14 12 0
14 13 14 13 0
14 13 14 14 0
14 13 14 15 0
14 13 15 0 0
14 13 15 1 0
14 13 15 2 0
14 13 15 3 0
14 13 15 4 0
14 13 15 5 0
14 13 15 6 0
14 13 15 7 0
14 13 15 8 0
14 13 15 9 0
14 13 15 10 0
14 13 15 11 0
14 13 15 12 0
14 13 15 13 0
14 13 15 14 0
14 13 15 15 0
14 14 0 0 0
14 14 0 1 0
14 14 0 2 0
14 14 0 3 0
14 14 0 4 0
14 14 0 5 0
14 14 0 6 0
14 14 0 7 0
14 14 0 8 0
14 14 0 9 0
14 14 0 10 0
14 14 0 11 0
14 14 0 12 0
14 14 0 13 0
14 14 0 14 0
14 14 0 15 0
14 14 1 0 0
14 14 1 1 0
14 14 1 2 0
14 14 1 3 0
14 14 1 4 0
14 14 1 5 0
14 14 1 6 0
14 14 1 7 0
14 14 1 8 0
14 14 1 9 0
14 14 1 10 0
14 14 1 11 0
14 14 1 12 0
14 14 1 13 0
14 14 1 14 0
14 14 1 15 0
14 14 2 0 0
14 14 2 1 0
14 14 2 2 0
14 14 2 3 0
14 14 2 4 0
14 14 2 5 0
14 14 2 6 0
14 14 2 7 0
14 14 2 8 0
14 14 2 9 0
14 14 2 10 0
14 14 2 11 0
14 14 2 12 0
14 14 2 13 0
14 14 2 14 0
14 14 2 15 0
14 14 3 0 0
14 14 3 1 0
14 14 3 2 0
14 14 3 3 0
14 14 3 4 0
14 14 3 5 0
14 14 3 6 0
14 14 3 7 0
14 14 3 8 0
14 14 3 9 0
14 14 3 10 0
14 14 3 11 0
14 14 3 12 0
14 14 3 13 0
14 14 3 14 0
14 14 3 15 0
14 14 4 0 0
14 14 4 1 0
14 14 4 2 0
14 14 4 3 0
14 14 4 4 0
14 14 4 5 0
14 14 4 6 0
14 14 4 7 0
14 14 4 8 0
14 14 4 9 0
14 14 4 10 0
14 14 4 11 0
14 14 4 12 0
14 14 4 13 0
14 14 4 14 0
14 14 4 15 0
14 14 5 0 0
14 14 5 1 0
14 14 5 2 0
14 14 5 3 0
14 14 5 4 0
14 14 5 5 0
14 14 5 6 0
14 14 5 7 0
14 14 5 8 0
14 14 5 9 0
14 14 5 10 0
14 14 5 11 0
14 14 5 12 0
14 14 5 13 0
14 14 5 14 0
14 14 5 15 0
14 14 6 0 0
14 14 6 1 0
14 14 6 2 0
14 14 6 3 0
14 14 6 4 0
14 14 6 5 0
14 14 6 6 0
14 14 6 7 0
14 14 6 8 0
14 14 6 9 0
14 14 6 10 0
14 14 6 11 0
14 14 6 12 0
14 14 6 13 0
14 14 6 14 0
14 14 6 15 0
14 14 7 0 0
14 14 7 1 0
14 14 7 2 0
14 14 7 3 0
14 14 7 4 0
14 14 7 5 0
14 14 7 6 0
14 14 7 7 0
14 14 7 8 0
14 14 7 9 0
14 14 7 10 0
14 14 7 11 0
14 14 7 12 0
14 14 7 13 0
14 14 7 14 0
14 14 7 15 0
14 14 8 0 0
14 14 8 1 0
14 14 8 2 0
14 14 8 3 0
14 14 8 4 0
14 14 8 5 0
14 14 8 6 0
14 14 8 7 0
14 14 8 8 0
14 14 8 9 0
14 14 8 10 0
14 14 8 11 0
14 14 8 12 0
14 14 8 13 0
14 14 8 14 0
14 14 8 15 0
14 14 9 0 0
14 14 9 1 0
14 14 9 2 0
14 14 9 3 0
14 14 9 4 0
14 14 9 5 0
14 14 9 6 0
14 14 9 7 0
14 14 9 8 0
14 14 9 9 0
14 14 9 10 0
14 14 9 11 0
14 14 9 12 0
14 14 9 13 0
14 14 9 14 0
14 14 9 15 0
14 14 10 0 0
14 14 10 1 0
14 14 10 2 0
14 14 10 3 0
14 14 10 4 0
14 14 10 5 0
14 14 10 6 0
14 14 10 7 0
14 14 10 8 0
14 14 10 9 0
14 14 10 10 0
14 14 10 11 0
14 14 10 12 0
14 14 10 13 0
14 14 10 14 0
14 14 10 15 0
14 14 11 0 0
14 14 11 1 0
14 14 11 2 0
14 14 11 3 0
14 14 11 4 0
14 14 11 5 0
14 14 11 6 0
14 14 11 7 0
14 14 11 8 0
14 14 11 9 0
14 14 11 10 0
14 14 11 11 0
14 14 11 12 0
14 14 11 13 0
14 14 11 14 0
14 14 11 15 0
14 14 12 0 0
14 14 12 1 0
14 14 12 2 0
14 14 12 3 0
14 14 12 4 0
14 14 12 5 0
14 14 12 6 0
14 14 12 7 0
14 14 12 8 0
14 14 12 9 0
14 14 12 10 0
14 14 12 11 0
14 14 12 12 0
14 14 12 13 0
14 14 12 14 0
14 14 12 15 0
14 14 13 0 0
14 14 13 1 0
14 14 13 2 0
14 14 13 3 0
14 14 13 4 0
14 14 13 5 0
14 14 13 6 0
14 14 13 7 0
14 14 13 8 0
14 14 13 9 0
14 14 13 10 0
14 14 13 11 0
14 14 13 12 0
14 14 13 13 0
14 14 13 14 0
14 14 13 15 0
14 14 14 0 0
14 14 14 1 0
14 14 14 2 0
14 14 14 3 0
14 14 14 4 0
14 14 14 5 0
14 14 14 6 0
14 14 14 7 0
14 14 14 8 0
14 14 14 9 0
14 14 14 10 0
14 14 14 11 0
14 14 14 12 0
14 14 14 13 0
14 14 14 14 0
14 14 14 15 0
14 14 15 0 0
14 14 15 1 0
14 14 15 2 0
14 14 15 3 0
14 14 15 4 0
14 14 15 5 0
14 14 15 6 0
14 14 15 7 0
14 14 15 8 0
14 14 15 9 0
14 14 15 10 0
14 14 15 11 0
14 14 15 12 0
14 14 15 13 0
14 14 15 14 0
14 14 15 15 0
14 15 0 0 0
14 15 0 1 0
14 15 0 2 0
14 15 0 3 0
14 15 0 4 0
14 15 0 5 0
14 15 0 6 0
14 15 0 7 0
14 15 0 8 0
14 15 0 9 0
14 15 0 10 0
14 15 0 11 0
14 15 0 12 0
14 15 0 13 0
14 15 0 14 0
14 15 0 15 0
14 15 1 0 0
14 15 1 1 0
14 15 1 2 0
14 15 1 3 0
14 15 1 4 0
14 15 1 5 0
14 15 1 6 0
14 15 1 7 0
14 15 1 8 0
14 15 1 9 0
14 15 1 10 0
14 15 1 11 0
14 15 1 12 0
14 15 1 13 0
14 15 1 14 0
14 15 1 15 0
14 15 2 0 0
14 15 2 1 0
14 15 2 2 0
14 15 2 3 0
14 15 2 4 0
14 15 2 5 0
14 15 2 6 0
14 15 2 7 0
14 15 2 8 0
14 15 2 9 0
14 15 2 10 0
14 15 2 11 0
14 15 2 12 0
14 15 2 13 0
14 15 2 14 0
14 15 2 15 0
14 15 3 0 0
14 15 3 1 0
14 15 3 2 0
14 15 3 3 0
14 15 3 4 0
14 15 3 5 0
14 15 3 6 0
14 15 3 7 0
14 15 3 8 0
14 15 3 9 0
14 15 3 10 0
14 15 3 11 0
14 15 3 12 0
14 15 3 13 0
14 15 3 14 0
14 15 3 15 0
14 15 4 0 0
14 15 4 1 0
14 15 4 2 0
14 15 4 3 0
14 15 4 4 0
14 15 4 5 0
14 15 4 6 0
14 15 4 7 0
14 15 4 8 0
14 15 4 9 0
14 15 4 10 0
14 15 4 11 0
14 15 4 12 0
14 15 4 13 0
14 15 4 14 0
14 15 4 15 0
14 15 5 0 0
14 15 5 1 0
14 15 5 2 0
14 15 5 3 0
14 15 5 4 0
14 15 5 5 0
14 15 5 6 0
14 15 5 7 0
14 15 5 8 0
14 15 5 9 0
14 15 5 10 0
14 15 5 11 0
14 15 5 12 0
14 15 5 13 0
14 15 5 14 0
14 15 5 15 0
14 15 6 0 0
14 15 6 1 0
14 15 6 2 0
14 15 6 3 0
14 15 6 4 0
14 15 6 5 0
14 15 6 6 0
14 15 6 7 0
14 15 6 8 0
14 15 6 9 0
14 15 6 10 0
14 15 6 11 0
14 15 6 12 0
14 15 6 13 0
14 15 6 14 0
14 15 6 15 0
14 15 7 0 0
14 15 7 1 0
14 15 7 2 0
14 15 7 3 0
14 15 7 4 0
14 15 7 5 0
14 15 7 6 0
14 15 7 7 0
14 15 7 8 0
14 15 7 9 0
14 15 7 10 0
14 15 7 11 0
14 15 7 12 0
14 15 7 13 0
14 15 7 14 0
14 15 7 15 0
14 15 8 0 0
14 15 8 1 0
14 15 8 2 0
14 15 8 3 0
14 15 8 4 0
14 15 8 5 0
14 15 8 6 0
14 15 8 7 0
14 15 8 8 0
14 15 8 9 0
14 15 8 10 0
14 15 8 11 0
14 15 8 12 0
14 15 8 13 0
14 15 8 14 0
14 15 8 15 0
14 15 9 0 0
14 15 9 1 0
14 15 9 2 0
14 15 9 3 0
14 15 9 4 0
14 15 9 5 0
14 15 9 6 0
14 15 9 7 0
14 15 9 8 0
14 15 9 9 0
14 15 9 10 0
14 15 9 11 0
14 15 9 12 0
14 15 9 13 0
14 15 9 14 0
14 15 9 15 0
14 15 10 0 0
14 15 10 1 0
14 15 10 2 0
14 15 10 3 0
14 15 10 4 0
14 15 10 5 0
14 15 10 6 0
14 15 10 7 0
14 15 10 8 0
14 15 10 9 0
14 15 10 10 0
14 15 10 11 0
14 15 10 12 0
14 15 10 13 0
14 15 10 14 0
14 15 10 15 0
14 15 11 0 0
14 15 11 1 0
14 15 11 2 0
14 15 11 3 0
14 15 11 4 0
14 15 11 5 0
14 15 11 6 0
14 15 11 7 0
14 15 11 8 0
14 15 11 9 0
14 15 11 10 0
14 15 11 11 0
14 15 11 12 0
14 15 11 13 0
14 15 11 14 0
14 15 11 15 0
14 15 12 0 0
14 15 12 1 0
14 15 12 2 0
14 15 12 3 0
14 15 12 4 0
14 15 12 5 0
14 15 12 6 0
14 15 12 7 0
14 15 12 8 0
14 15 12 9 0
14 15 12 10 0
14 15 12 11 0
14 15 12 12 0
14 15 12 13 0
14 15 12 14 0
14 15 12 15 0
14 15 13 0 0
14 15 13 1 0
14 15 13 2 0
14 15 13 3 0
14 15 13 4 0
14 15 13 5 0
14 15 13 6 0
14 15 13 7 0
14 15 13 8 0
14 15 13 9 0
14 15 13 10 0
14 15 13 11 0
14 15 13 12 0
14 15 13 13 0
14 15 13 14 0
14 15 13 15 0
14 15 14 0 0
14 15 14 1 0
14 15 14 2 0
14 15 14 3 0
14 15 14 4 0
14 15 14 5 0
14 15 14 6 0
14 15 14 7 0
14 15 14 8 0
14 15 14 9 0
14 15 14 10 0
14 15 14 11 0
14 15 14 12 0
14 15 14 13 0
14 15 14 14 0
14 15 14 15 0
14 15 15 0 0
14 15 15 1 0
14 15 15 2 0
14 15 15 3 0
14 15 15 4 0
14 15 15 5 0
14 15 15 6 0
14 15 15 7 0
14 15 15 8 0
14 15 15 9 0
14 15 15 10 0
14 15 15 11 0
14 15 15 12 0
14 15 15 13 0
14 15 15 14 0
14 15 15 15 0
15 0 0 0 0
15 0 0 1 -0.01144121415185251
15 0 0 2 0
15 0 0 3 0
15 0 0 4 0
15 0 0 5 0
15 0 0 6 0
15 0 0 7 0
15 0 0 8 0
15 0 0 9 0
15 0 0 10 0
15 0 0 11 0
15 0 0 12 0
15 0 0 13 0
15 0 0 14 0
15 0 0 15 -9.503759470865474e-05
15 0 1 0 0.02288242830370503
15 0 1 1 0
15 0 1 2 0
15 0 1 3 0
15 0 1 4 0
15 0 1 5 0
15 0 1 6 0
15 0 1 7 0
15 0 1 8 0
15 0 1 9 0
15 0 1 10 0
15 0 1 11 -0.0001554812858118621
15 0 1 12 0
15 0 1 13 0
15 0 1 14 0
15 0 1 15 0
15 0 2 0 0
15 0 2 1 0
15 0 2 2 0
15 0 2 3 0
15 0 2 4 0
15 0 2 5 0
15 0 2 6 0
15 0 2 7 0
15 0 2 8 0
15 0 2 9 0
15 0 2 10 0
15 0 2 11 0
15 0 2 12 0
15 0 2 13 0
15 0 2 14 0
15 0 2 15 0
15 0 3 0 0
15 0 3 1 0
15 0 3 2 0
15 0 3 3 0
15 0 3 4 0
15 0 3 5 0
15 0 3 6 0
15 0 3 7 0
15 0 3 8 0
15 0 3 9 0
15 0 3 10 0
15 0 3 11 0
15 0 3 12 0
15 0 3 13 0
15 0 3 14 0
15 0 3 15 0
15 0 4 0 0
15 0 4 1 0
15 0 4 2 0
15 0 4 3 0
15 0 4 4 0
15 0 4 5 0
15 0 4 6 0
15 0 4 7 0
15 0 4 8 0
15 0 4 9 0
15 0 4 10 0
15 0 4 11 0
15 0 4 12 0
15 0 4 13 0
15 0 4 14 0
15 0 4 15 0
15 0 5 0 0
15 0 5 1 0
15 0 5 2 0
15 0 5 3 0
15 0 5 4 0
15 0 5 5 0
15 0 5 6 0
15 0 5 7 0
15 0 5 8 0
15 0 5 9 0
15 0 5 10 0
15 0 5 11 0
15 0 5 12 0
15 0 5 13 0
15 0 5 14 0
15 0 5 15 0
15 0 6 0 0
15 0 6 1 0
15 0 6 2 0
15 0 6 3 0
15 0 6 4 0
15 0 6 5 0
15 0 6 6 0
15 0 6 7 0
15 0 6 8 0
15 0 6 9 0
15 0 6 10 0
15 0 6 11 0
15 0 6 12 0
15 0 6 13 0
15 0 6 14 0
15 0 6 15 0
15 0 7 0 0
15 0 7 1 0
15 0 7 2 0
15 0 7 3 0
15 0 7 4 0
15 0 7 5 0
15 0 7 6 0
15 0 7 7 0
15 0 7 8 0
15 0 7 9 0
15 0 7 10 0
15 0 7 11 0
15 0 7 12 0
15 0 7 13 0
15 0 7 14 0
15 0 7 15 0
15 0 8 0 0
15 0 8 1 0
15 0 8 2 0
15 0 8 3 0
15 0 8 4 0
15 0 8 5 0
15 0 8 6 0
15 0 8 7 0
15 0 8 8 0
15 0 8 9 0
15 0 8 10 0
15 0 8 11 0
15 0 8 12 0
15 0 8 13 0
15 0 8 14 0
15 0 8 15 0
15 0 9 0 0
15 0 9 1 0
15 0 9 2 0
15 0 9 3 0
15 0 9 4 0
15 0 9 5 0
15 0 9 6 0
15 0 9 7 0
15 0 9 8 0
15 0 9 9 0
15 0 9 10 0
15 0 9 11 0
15 0 9 12 0
15 0 9 13 0
15 0 9 14 0
15 0 9 15 0
15 0 10 0 0
15 0 10 1 0
15 0 10 2 0
15 0 10 3 0
15 0 10 4 0
15 0 10 5 0
15 0 10 6 0
15 0 10 7 0
15 0 10 8 0
15 0 10 9 0
15 0 10 10 0
15 0 10 11 0
15 0 10 12 0
15 0 10 13 0
15 0 10 14 0
15 0 10 15 0
15 0 11 0 0
15 0 11 1 0.0001030437577348906
15 0 11 2 0
15 0 11 3 0
15 0 11 4 0
15 0 11 5 0
15 0 11 6 0
15 0 11 7 0
15 0 11 8 0
15 0 11 9 0
15 0 11 10 0
15 0 11 11 0
15 0 11 12 0
15 0 11 13 0
15 0 11 14 0
15 0 11 15 0
15 0 12 0 0
15 0 12 1 0
15 0 12 2 0
15 0 12 3 0
15 0 12 4 0
15 0 12 5 0
15 0 12 6 0
15 0 12 7 0
15 0 12 8 0
15 0 12 9 0
15 0 12 10 0
15 0 12 11 0
15 0 12 12 0
15 0 12 13 0
15 0 12 14 0
15 0 12 15 0
15 0 13 0 0
15 0 13 1 0
15 0 13 2 0
15 0 13 3 0
15 0 13 4 0
15 0 13 5 0
15 0 13 6 0
15 0 13 7 0
15 0 13 8 0
15 0 13 9 0
15 0 13 10 0
15 0 13 11 0
15 0 13 12 0
15 0 13 13 0
15 0 13 14 0
15 0 13 15 0
15 0 14 0 0
15 0 14 1 0
15 0 14 2 0
15 0 14 3 0
15 0 14 4 0
15 0 14 5 0
15 0 14 6 0
15 0 14 7 0
15 0 14 8 0
15 0 14 9 0
15 0 14 10 0
15 0 14 11 0
15 0 14 12 0
15 0 14 13 0
15 0 14 14 0
15 0 14 15 0
15 0 15 0 0.0001900751894173095
15 0 15 1 0
15 0 15 2 0
15 0 15 3 0
15 0 15 4 0
15 0 15 5 0
15 0 15 6 0
15 0 15 7 0
15 0 15 8 0
15 0 15 9 0
15 0 15 10 0
15 0 15 11 0
15 0 15 12 0
15 0 15 13 0
15 0 15 14 0
15 0 15 15 0
15 1 0 0 0
15 1 0 1 0
15 1 0 2 0
15 1 0 3 0
15 1 0 4 0
15 1 0 5 0
15 1 0 6 0
15 1 0 7 0
15 1 0 8 0
15 1 0 9 0
15 1 0 10 0
15 1 0 11 0
15 1 0 12 0
15 1 0 13 0
15 1 0 14 0
15 1 0 15 0
15 1 1 0 0
15 1 1 1 0.01144121415185251
15 1 1 2 0
15 1 1 3 0
15 1 1 4 0
15 1 1 5 0
15 1 1 6 0
15 1 1 7 0
15 1 1 8 0
15 1 1 9 0
15 1 1 10 0
15 1 1 11 0
15 1 1 12 0
15 1 1 13 0
15 1 1 14 0
15 1 1 15 8.674741558775287e-05
15 1 2 0 0
15 1 2 1 0
15 1 2 2 0
15 1 2 3 0
15 1 2 4 0
15 1 2 5 0
15 1 2 6 0
15 1 2 7 0
15 1 2 8 0
15 1 2 9 0
15 1 2 10 0
15 1 2 11 0
15 1 2 12 0
15 1 2 13 0
15 1 2 14 0
15 1 2 15 0
15 1 3 0 0
15 1 3 1 0
15 1 3 2 0
15 1 3 3 0
15 1 3 4 0
15 1 3 5 0
15 1 3 6 0
15 1 3 7 0
15 1 3 8 0
15 1 3 9 0
15 1 3 10 0
15 1 3 11 0
15 1 3 12 0
15 1 3 13 0
15 1 3 14 0
15 1 3 15 0
15 1 4 0 0
15 1 4 1 0
15 1 4 2 0
15 1 4 3 0
15 1 4 4 0
15 1 4 5 0
15 1 4 6 0
15 1 4 7 0
15 1 4 8 0
15 1 4 9 0
15 1 4 10 0
15 1 4 11 0
15 1 4 12 0
15 1 4 13 0
15 1 4 14 0
15 1 4 15 0
15 1 5 0 0
15 1 5 1 0
15 1 5 2 0
15 1 5 3 0
15 1 5 4 0
15 1 5 5 0
15 1 5 6 0
15 1 5 7 0
15 1 5 8 0
15 1 5 9 0
15 1 5 10 0
15 1 5 11 0
15 1 5 12 0
15 1 5 13 0
15 1 5 14 0
15 1 5 15 0
15 1 6 0 0
15 1 6 1 0
15 1 6 2 0
15 1 6 3 0
15 1 6 4 0
15 1 6 5 0
15 1 6 6 0
15 1 6 7 0
15 1 6 8 0
15 1 6 9 0
15 1 6 10 0
15 1 6 11 0
15 1 6 12 0
15 1 6 13 0
15 1 6 14 0
15 1 6 15 0
15 1 7 0 0
15 1 7 1 0
15 1 7 2 0
15 1 7 3 0
15 1 7 4 0
15 1 7 5 0
15 1 7 6 0
15 1 7 7 0
15 1 7 8 0
15 1 7 9 0
15 1 7 10 0
15 1 7 11 0
15 1 7 12 0
15 1 7 13 0
15 1 7 14 0
15 1 7 15 0
15 1 8 0 0
15 1 8 1 0
15 1 8 2 0
15 1 8 3 0
15 1 8 4 0
15 1 8 5 0
15 1 8 6 0
15 1 8 7 0
15 1 8 8 0
15 1 8 9 0
15 1 8 10 0
15 1 8 11 0
15 1 8 12 0
15 1 8 13 0
15 1 8 14 0
15 1 8 15 0
15 1 9 0 0
15 1 9 1 0
15 1 9 2 0
15 1 9 3 0
15 1 9 4 0
15 1 9 5 0
15 1 9 6 0
15 1 9 7 0
15 1 9 8 0
15 1 9 9 0
15 1 9 10 0
15 1 9 11 0
15 1 9 12 0
15 1 9 13 0
15 1 9 14 0
15 1 9 15 0
15 1 10 0 0
15 1 10 1 0
15 1 10 2 0
15 1 10 3 0
15 1 10 4 0
15 1 10 5 0
15 1 10 6 0
15 1 10 7 0
15 1 10 8 0
15 1 10 9 0
15 1 10 10 0
15 1 10 11 0
15 1 10 12 0
15 1 10 13 0
15 1 10 14 0
15 1 10 15 0
15 1 11 0 0
15 1 11 1 0
15 1 11 2 0
15 1 11 3 0
15 1 11 4 0
15 1 11 5 0
15 1 11 6 0
15 1 11 7 0
15 1 11 8 0
15 1 11 9 0
15 1 11 10 0
15 1 11 11 0
15 1 11 12 0
15 1 11 13 0
15 1 11 14 0
15 1 11 15 0
15 1 12 0 0
15 1 12 1 0
15 1 12 2 0
15 1 12 3 0
15 1 12 4 0
15 1 12 5 0
15 1 12 6 0
15 1 12 7 0
15 1 12 8 0
15 1 12 9 0
15 1 12 10 0
15 1 12 11 0
15 1 12 12 0
15 1 12 13 0
15 1 12 14 0
15 1 12 15 0
15 1 13 0 0
15 1 13 1 0
15 1 13 2 0
15 1 13 3 0
15 1 13 4 0
15 1 13 5 0
15 1 13 6 0
15 1 13 7 0
15 1 13 8 0
15 1 13 9 0
15 1 13 10 0
15 1 13 11 0
15 1 13 12 0
15 1 13 13 0
15 1 13 14 0
15 1 13 15 0
15 1 14 0 0
15 1 14 1 0
15 1 14 2 0
15 1 14 3 0
15 1 14 4 0
15 1 14 5 0
15 1 14 6 0
15 1 14 7 0
15 1 14 8 0
15 1 14 9 0
15 1 14 10 0
15 1 14 11 0
15 1 14 12 0
15 1 14 13 0
15 1 14 14 0
15 1 14 15 0
15 1 15 0 0
15 1 15 1 9.503759470865474e-05
15 1 15 2 0
15 1 15 3 0
15 1 15 4 0
15 1 15 5 0
15 1 15 6 0
15 1 15 7 0
15 1 15 8 0
15 1 15 9 0
15 1 15 10 0
15 1 15 11 0
15 1 15 12 0
15 1 15 13 0
15 1 15 14 0
15 1 15 15 0
15 2 0 0 0
15 2 0 1 0
15 2 0 2 0
15 2 0 3 0
15 2 0 4 0
15 2 0 5 0
15 2 0 6 0
15 2 0 7 0
15 2 0 8 0
15 2 0 9 0
15 2 0 10 0
15 2 0 11 0
15 2 0 12 0
15 2 0 13 0
15 2 0 14 0
15 2 0 15 0
15 2 1 0 0
15 2 1 1 0
15 2 1 2 0.02288242830370503
15 2 1 3 0
15 2 1 4 0
15 2 1 5 0
15 2 1 6 0
15 2 1 7 0
15 2 1 8 0
15 2 1 9 0
15 2 1 10 0
15 2 1 11 -0.0003983260747557182
15 2 1 12 0
15 2 1 13 0
15 2 1 14 0.000572816827250776
15 2 1 15 0
15 2 2 0 0
15 2 2 1 -0.01144121415185251
15 2 2 2 0
15 2 2 3 0
15 2 2 4 0
15 2 2 5 0
15 2 2 6 0
15 2 2 7 0
15 2 2 8 0
15 2 2 9 0
15 2 2 10 0
15 2 2 11 0
15 2 2 12 0
15 2 2 13 0
15 2 2 14 0
15 2 2 15 -9.503759470865474e-05
15 2 3 0 0
15 2 3 1 0
15 2 3 2 0
15 2 3 3 0
15 2 3 4 0
15 2 3 5 0
15 2 3 6 0
15 2 3 7 0
15 2 3 8 0
15 2 3 9 0
15 2 3 10 0
15 2 3 11 0
15 2 3 12 0
15 2 3 13 0
15 2 3 14 0
15 2 3 15 0
15 2 4 0 0
15 2 4 1 0
15 2 4 2 0
15 2 4 3 0
15 2 4 4 0
15 2 4 5 0
15 2 4 6 0
15 2 4 7 0
15 2 4 8 0
15 2 4 9 0
15 2 4 10 0
15 2 4 11 0
15 2 4 12 0
15 2 4 13 0
15 2 4 14 0
15 2 4 15 0
15 2 5 0 0
15 2 5 1 0
15 2 5 2 0
15 2 5 3 0
15 2 5 4 0
15 2 5 5 0
15 2 5 6 0
15 2 5 7 0
15 2 5 8 0
15 2 5 9 0
15 2 5 10 0
15 2 5 11 0
15 2 5 12 0
15 2 5 13 0
15 2 5 14 0
15 2 5 15 0
15 2 6 0 0
15 2 6 1 0
15 2 6 2 0
15 2 6 3 0
15 2 6 4 0
15 2 6 5 0
15 2 6 6 0
15 2 6 7 0
15 2 6 8 0
15 2 6 9 0
15 2 6 10 0
15 2 6 11 0
15 2 6 12 0
15 2 6 13 0
15 2 6 14 0
15 2 6 15 0
15 2 7 0 0
15 2 7 1 0
15 2 7 2 0
15 2 7 3 0
15 2 7 4 0
15 2 7 5 0
15 2 7 6 0
15 2 7 7 0
15 2 7 8 0
15 2 7 9 0
15 2 7 10 0
15 2 7 11 0
15 2 7 12 0
15 2 7 13 0
15 2 7 14 0
15 2 7 15 0
15 2 8 0 0
15 2 8 1 0
15 2 8 2 0
15 2 8 3 0
15 2 8 4 0
15 2 8 5 0
15 2 8 6 0
15 2 8 7 0
15 2 8 8 0
15 2 8 9 0
15 2 8 10 0
15 2 8 11 0
15 2 8 12 0
15 2 8 13 0
15 2 8 14 0
15 2 8 15 0
15 2 9 0 0
15 2 9 1 0
15 2 9 2 0
15 2 9 3 0
15 2 9 4 0
15 2 9 5 0
15 2 9 6 0
15 2 9 7 0
15 2 9 8 0
15 2 9 9 0
15 2 9 10 0
15 2 9 11 0
15 2 9 12 0
15 2 9 13 0
15 2 9 14 0
15 2 9 15 0
15 2 10 0 0
15 2 10 1 0
15 2 10 2 0
15 2 10 3 0
15 2 10 4 0
15 2 10 5 0
15 2 10 6 0
15 2 10 7 0
15 2 10 8 0
15 2 10 9 0
15 2 10 10 0
15 2 10 11 0
15 2 10 12 0
15 2 10 13 0
15 2 10 14 0
15 2 10 15 0
15 2 11 0 0
15 2 11 1 0.000207907441525702
15 2 11 2 0
15 2 11 3 0
15 2 11 4 0
15 2 11 5 0
15 2 11 6 0
15 2 11 7 0
15 2 11 8 0
15 2 11 9 0
15 2 11 10 0
15 2 11 11 0
15 2 11 12 0
15 2 11 13 0
15 2 11 14 0
15 2 11 15 0
15 2 12 0 0
15 2 12 1 0
15 2 12 2 0
15 2 12 3 0
15 2 12 4 0
15 2 12 5 0
15 2 12 6 0
15 2 12 7 0
15 2 12 8 0
15 2 12 9 0
15 2 12 10 0
15 2 12 11 0
15 2 12 12 0
15 2 12 13 0
15 2 12 14 0
15 2 12 15 0
15 2 13 0 0
15 2 13 1 0
15 2 13 2 0
15 2 13 3 0
15 2 13 4 0
15 2 13 5 0
15 2 13 6 0
15 2 13 7 0
15 2 13 8 0
15 2 13 9 0
15 2 13 10 0
15 2 13 11 0
15 2 13 12 0
15 2 13 13 0
15 2 13 14 0
15 2 13 15 0
15 2 14 0 0
15 2 14 1 -0.0002740439012149418
15 2 14 2 0
15 2 14 3 0
15 2 14 4 0
15 2 14 5 0
15 2 14 6 0
15 2 14 7 0
15 2 14 8 0
15 2 14 9 0
15 2 14 10 0
15 2 14 11 0
15 2 14 12 0
15 2 14 13 0
15 2 14 14 0
15 2 14 15 0
15 2 15 0 0
15 2 15 1 0
15 2 15 2 0.0001900751894173095
15 2 15 3 0
15 2 15 4 0
15 2 15 5 0
15 2 15 6 0
15 2 15 7 0
15 2 15 8 0
15 2 15 9 0
15 2 15 10 0
15 2 15 11 0
15 2 15 12 0
15 2 15 13 0
15 2 15 14 0
15 2 15 15 0
15 3 0 0 0
15 3 0 1 0
15 3 0 2 0
15 3 0 3 0
15 3 0 4 0
15 3 0 5 0
15 3 0 6 0
15 3 0 7 0
15 3 0 8 0
15 3 0 9 0
15 3 0 10 0
15 3 0 11 0
15 3 0 12 0
15 3 0 13 0
15 3 0 14 0
15 3 0 15 0
15 3 1 0 0
15 3 1 1 0
15 3 1 2 0
15 3 1 3 0.01144121415185251
15 3 1 4 0
15 3 1 5 0
15 3 1 6 0
15 3 1 7 0
15 3 1 8 0.0007751238883217116
15 3 1 9 0
15 3 1 10 0
15 3 1 11 0
15 3 1 12 0
15 3 1 13 0
15 3 1 14 0
15 3 1 15 0
15 3 2 0 0
15 3 2 1 0
15 3 2 2 0
15 3 2 3 0
15 3 2 4 0
15 3 2 5 0
15 3 2 6 0
15 3 2 7 0
15 3 2 8 0
15 3 2 9 0
15 3 2 10 0
15 3 2 11 0
15 3 2 12 0
15 3 2 13 0
15 3 2 14 0
15 3 2 15 0
15 3 3 0 0
15 3 3 1 -0.004660702704455697
15 3 3 2 0
15 3 3 3 0
15 3 3 4 0
15 3 3 5 0
15 3 3 6 0
15 3 3 7 0
15 3 3 8 0
15 3 3 9 0
15 3 3 10 0
15 3 3 11 0
15 3 3 12 0
15 3 3 13 0
15 3 3 14 0
15 3 3 15 -2.907331432213012e-05
15 3 4 0 0
15 3 4 1 0
15 3 4 2 0
15 3 4 3 0
15 3 4 4 0
15 3 4 5 0
15 3 4 6 0
15 3 4 7 0
15 3 4 8 0
15 3 4 9 0
15 3 4 10 0
15 3 4 11 0
15 3 4 12 0
15 3 4 13 0
15 3 4 14 0
15 3 4 15 0
15 3 5 0 0
15 3 5 1 0
15 3 5 2 0
15 3 5 3 0
15 3 5 4 0
15 3 5 5 0
15 3 5 6 0
15 3 5 7 0
15 3 5 8 0
15 3 5 9 0
15 3 5 10 0
15 3 5 11 0
15 3 5 12 0
15 3 5 13 0
15 3 5 14 0
15 3 5 15 0
15 3 6 0 0
15 3 6 1 0
15 3 6 2 0
15 3 6 3 0
15 3 6 4 0
15 3 6 5 0
15 3 6 6 0
15 3 6 7 0
15 3 6 8 0
15 3 6 9 0
15 3 6 10 0
15 3 6 11 0
15 3 6 12 0
15 3 6 13 0
15 3 6 14 0
15 3 6 15 0
15 3 7 0 0
15 3 7 1 0
15 3 7 2 0
15 3 7 3 0
15 3 7 4 0
15 3 7 5 0
15 3 7 6 0
15 3 7 7 0
15 3 7 8 0
15 3 7 9 0
15 3 7 10 0
15 3 7 11 0
15 3 7 12 0
15 3 7 13 0
15 3 7 14 0
15 3 7 15 0
15 3 8 0 0
15 3 8 1 -0.0003066821864013461
15 3 8 2 0
15 3 8 3 0
15 3 8 4 0
15 3 8 5 0
15 3 8 6 0
15 3 8 7 0
15 3 8 8 0
15 3 8 9 0
15 3 8 10 0
15 3 8 11 0
15 3 8 12 0
15 3 8 13 0
15 3 8 14 0
15 3 8 15 0
15 3 9 0 0
15 3 9 1 0
15 3 9 2 0
15 3 9 3 0
15 3 9 4 0
15 3 9 5 0
15 3 9 6 0
15 3 9 7 0
15 3 9 8 0
15 3 9 9 0
15 3 9 10 0
15 3 9 11 0
15 3 9 12 0
15 3 9 13 0
15 3 9 14 0
15 3 9 15 0
15 3 10 0 0
15 3 10 1 0
15 3 10 2 0
15 3 10 3 0
15 3 10 4 0
15 3 10 5 0
15 3 10 6 0
15 3 10 7 0
15 3 10 8 0
15 3 10 9 0
15 3 10 10 0
15 3 10 11 0
15 3 10 12 0
15 3 10 13 0
15 3 10 14 0
15 3 10 15 0
15 3 11 0 0
15 3 11 1 0
15 3 11 2 0
15 3 11 3 0
15 3 11 4 0
15 3 11 5 0
15 3 11 6 0
15 3 11 7 0
15 3 11 8 0
15 3 11 9 0
15 3 11 10 0
15 3 11 11 0
15 3 11 12 0
15 3 11 13 0
15 3 11 14 0
15 3 11 15 0
15 3 12 0 0
15 3 12 1 0
15 3 12 2 0
15 3 12 3 0
15 3 12 4 0
15 3 12 5 0
15 3 12 6 0
15 3 12 7 0
15 3 12 8 0
15 3 12 9 0
15 3 12 10 0
15 3 12 11 0
15 3 12 12 0
15 3 12 13 0
15 3 12 14 0
15 3 12 15 0
15 3 13 0 0
15 3 13 1 0
15 3 13 2 0
15 3 13 3 0
15 3 13 4 0
15 3 13 5 0
15 3 13 6 0
15 3 13 7 0
15 3 13 8 0
15 3 13 9 0
15 3 13 10 0
15 3 13 11 0
15 3 13 12 0
15 3 13 13 0
15 3 13 14 0
15 3 13 15 0
15 3 14 0 0
15 3 14 1 0
15 3 14 2 0
15 3 14 3 0
15 3 14 4 0
15 3 14 5 0
15 3 14 6 0
15 3 14 7 0
15 3 14 8 0
15 3 14 9 0
15 3 14 10 0
15 3 14 11 0
15 3 14 12 0
15 3 14 13 0
15 3 14 14 0
15 3 14 15 0
15 3 15 0 0
15 3 15 1 0
15 3 15 2 0
15 3 15 3 9.503759470865474e-05
15 3 15 4 0
15 3 15 5 0
15 3 15 6 0
15 3 15 7 0
15 3 15 8 0
15 3 15 9 0
15 3 15 10 0
15 3 15 11 0
15 3 15 12 0
15 3 15 13 0
15 3 15 14 0
15 3 15 15 0
15 4 0 0 0
15 4 0 1 0
15 4 0 2 0
15 4 0 3 0
15 4 0 4 0
15 4 0 5 0
15 4 0 6 0
15 4 0 7 0
15 4 0 8 0
15 4 0 9 0
15 4 0 10 0
15 4 0 11 0
15 4 0 12 0
15 4 0 13 0
15 4 0 14 0
15 4 0 15 0
15 4 1 0 0
15 4 1 1 0
15 4 1 2 0
15 4 1 3 0
15 4 1 4 0.01144121415185251
15 4 1 5 0
15 4 1 6 0
15 4 1 7 0
15 4 1 8 0
15 4 1 9 0.0007595926357421025
15 4 1 10 0
15 4 1 11 0
15 4 1 12 0
15 4 1 13 0
15 4 1 14 0
15 4 1 15 0
15 4 2 0 0
15 4 2 1 0
15 4 2 2 0
15 4 2 3 0
15 4 2 4 0
15 4 2 5 0
15 4 2 6 0
15 4 2 7 0
15 4 2 8 0
15 4 2 9 0
15 4 2 10 0
15 4 2 11 0
15 4 2 12 0
15 4 2 13 0
15 4 2 14 0
15 4 2 15 0
15 4 3 0 0
15 4 3 1 0
15 4 3 2 0
15 4 3 3 0
15 4 3 4 0
15 4 3 5 0
15 4 3 6 0
15 4 3 7 0
15 4 3 8 0
15 4 3 9 0
15 4 3 10 0
15 4 3 11 0
15 4 3 12 0
15 4 3 13 0
15 4 3 14 0
15 4 3 15 0
15 4 4 0 0
15 4 4 1 -0.004722959686045629
15 4 4 2 0
15 4 4 3 0
15 4 4 4 0
15 4 4 5 0
15 4 4 6 0
15 4 4 7 0
15 4 4 8 0
15 4 4 9 0
15 4 4 10 0
15 4 4 11 0
15 4 4 12 0
15 4 4 13 0
15 4 4 14 0
15 4 4 15 -3.013210384783485e-05
15 4 5 0 0
15 4 5 1 0
15 4 5 2 0
15 4 5 3 0
15 4 5 4 0
15 4 5 5 0
15 4 5 6 0
15 4 5 7 0
15 4 5 8 0
15 4 5 9 0
15 4 5 10 0
15 4 5 11 0
15 4 5 12 0
15 4 5 13 0
15 4 5 14 0
15 4 5 15 0
15 4 6 0 0
15 4 6 1 0
15 4 6 2 0
15 4 6 3 0
15 4 6 4 0
15 4 6 5 0
15 4 6 6 0
15 4 6 7 0
15 4 6 8 0
15 4 6 9 0
15 4 6 10 0
15 4 6 11 0
15 4 6 12 0
15 4 6 13 0
15 4 6 14 0
15 4 6 15 0
15 4 7 0 0
15 4 7 1 0
15 4 7 2 0
15 4 7 3 0
15 4 7 4 0
15 4 7 5 0
15 4 7 6 0
15 4 7 7 0
15 4 7 8 0
15 4 7 9 0
15 4 7 10 0
15 4 7 11 0
15 4 7 12 0
15 4 7 13 0
15 4 7 14 0
15 4 7 15 0
15 4 8 0 0
15 4 8 1 0
15 4 8 2 0
15 4 8 3 0
15 4 8 4 0
15 4 8 5 0
15 4 8 6 0
15 4 8 7 0
15 4 8 8 0
15 4 8 9 0
15 4 8 10 0
15 4 8 11 0
15 4 8 12 0
15 4 8 13 0
15 4 8 14 0
15 4 8 15 0
15 4 9 0 0
15 4 9 1 -0.0003040329125241911
15 4 9 2 0
15 4 9 3 0
15 4 9 4 0
15 4 9 5 0
15 4 9 6 0
15 4 9 7 0
15 4 9 8 0
15 4 9 9 0
15 4 9 10 0
15 4 9 11 0
15 4 9 12 0
15 4 9 13 0
15 4 9 14 0
15 4 9 15 0
15 4 10 0 0
15 4 10 1 0
15 4 10 2 0
15 4 10 3 0
15 4 10 4 0
15 4 10 5 0
15 4 10 6 0
15 4 10 7 0
15 4 10 8 0
15 4 10 9 0
15 4 10 10 0
15 4 10 11 0
15 4 10 12 0
15 4 10 13 0
15 4 10 14 0
15 4 10 15 0
15 4 11 0 0
15 4 11 1 0
15 4 11 2 0
15 4 11 3 0
15 4 11 4 0
15 4 11 5 0
15 4 11 6 0
15 4 11 7 0
15 4 11 8 0
15 4 11 9 0
15 4 11 10 0
15 4 11 11 0
15 4 11 12 0
15 4 11 13 0
15 4 11 14 0
15 4 11 15 0
15 4 12 0 0
15 4 12 1 0
15 4 12 2 0
15 4 12 3 0
15 4 12 4 0
15 4 12 5 0
15 4 12 6 0
15 4 12 7 0
15 4 12 8 0
15 4 12 9 0
15 4 12 10 0
15 4 12 11 0
15 4 12 12 0
15 4 12 13 0
15 4 12 14 0
15 4 12 15 0
15 4 13 0 0
15 4 13 1 0
15 4 13 2 0
15 4 13 3 0
15 4 13 4 0
15 4 13 5 0
15 4 13 6 0
15 4 13 7 0
15 4 13 8 0
15 4 13 9 0
15 4 13 10 0
15 4 13 11 0
15 4 13 12 0
15 4 13 13 0
15 4 13 14 0
15 4 13 15 0
15 4 14 0 0
15 4 14 1 0
15 4 14 2 0
15 4 14 3 0
15 4 14 4 0
15 4 14 5 0
15 4 14 6 0
15 4 14 7 0
15 4 14 8 0
15 4 14 9 0
15 4 14 10 0
15 4 14 11 0
15 4 14 12 0
15 4 14 13 0
15 4 14 14 0
15 4 14 15 0
15 4 15 0 0
15 4 15 1 0
15 4 15 2 0
15 4 15 3 0
15 4 15 4 9.503759470865472e-05
15 4 15 5 0
15 4 15 6 0
15 4 15 7 0
15 4 15 8 0
15 4 15 9 0
15 4 15 10 0
15 4 15 11 0
15 4 15 12 0
15 4 15 13 0
15 4 15 14 0
15 4 15 15 0
15 5 0 0 0
15 5 0 1 0
15 5 0 2 0
15 5 0 3 0
15 5 0 4 0
15 5 0 5 0
15 5 0 6 0
15 5 0 7 0
15 5 0 8 0
15 5 0 9 0
15 5 0 10 0
15 5 0 11 0
15 5 0 12 0
15 5 0 13 0
15 5 0 14 0
15 5 0 15 0
15 5 1 0 0
15 5 1 1 0
15 5 1 2 0
15 5 1 3 0
15 5 1 4 0
15 5 1 5 0.01144121415185251
15 5 1 6 0
15 5 1 7 0
15 5 1 8 0
15 5 1 9 0
15 5 1 10 0
15 5 1 11 0
15 5 1 12 0.0007244667909822286
15 5 1 13 0
15 5 1 14 0
15 5 1 15 0
15 5 2 0 0
15 5 2 1 0
15 5 2 2 0
15 5 2 3 0
15 5 2 4 0
15 5 2 5 0
15 5 2 6 0
15 5 2 7 0
15 5 2 8 0
15 5 2 9 0
15 5 2 10 0
15 5 2 11 0
15 5 2 12 0
15 5 2 13 0
15 5 2 14 0
15 5 2 15 0
15 5 3 0 0
15 5 3 1 0
15 5 3 2 0
15 5 3 3 0
15 5 3 4 0
15 5 3 5 0
15 5 3 6 0
15 5 3 7 0
15 5 3 8 0
15 5 3 9 0
15 5 3 10 0
15 5 3 11 0
15 5 3 12 0
15 5 3 13 0
15 5 3 14 0
15 5 3 15 0
15 5 4 0 0
15 5 4 1 0
15 5 4 2 0
15 5 4 3 0
15 5 4 4 0
15 5 4 5 0
15 5 4 6 0
15 5 4 7 0
15 5 4 8 0
15 5 4 9 0
15 5 4 10 0
15 5 4 11 0
15 5 4 12 0
15 5 4 13 0
15 5 4 14 0
15 5 4 15 0
15 5 5 0 0
15 5 5 1 -0.005099762742762671
15 5 5 2 0
15 5 5 3 0
15 5 5 4 0
15 5 5 5 0
15 5 5 6 0
15 5 5 7 0
15 5 5 8 0
15 5 5 9 0
15 5 5 10 0
15 5 5 11 0
15 5 5 12 0
15 5 5 13 0
15 5 5 14 0
15 5 5 15 -3.713142681207426e-05
15 5 6 0 0
15 5 6 1 0
15 5 6 2 0
15 5 6 3 0
15 5 6 4 0
15 5 6 5 0
15 5 6 6 0
15 5 6 7 0
15 5 6 8 0
15 5 6 9 0
15 5 6 10 0
15 5 6 11 0
15 5 6 12 0
15 5 6 13 0
15 5 6 14 0
15 5 6 15 0
15 5 7 0 0
15 5 7 1 0
15 5 7 2 0
15 5 7 3 0
15 5 7 4 0
15 5 7 5 0
15 5 7 6 0
15 5 7 7 0
15 5 7 8 0
15 5 7 9 0
15 5 7 10 0
15 5 7 11 0
15 5 7 12 0
15 5 7 13 0
15 5 7 14 0
15 5 7 15 0
15 5 8 0 0
15 5 8 1 0
15 5 8 2 0
15 5 8 3 0
15 5 8 4 0
15 5 8 5 0
15 5 8 6 0
15 5 8 7 0
15 5 8 8 0
15 5 8 9 0
15 5 8 10 0
15 5 8 11 0
15 5 8 12 0
15 5 8 13 0
15 5 8 14 0
15 5 8 15 0
15 5 9 0 0
15 5 9 1 0
15 5 9 2 0
15 5 9 3 0
15 5 9 4 0
15 5 9 5 0
15 5 9 6 0
15 5 9 7 0
15 5 9 8 0
15 5 9 9 0
15 5 9 10 0
15 5 9 11 0
15 5 9 12 0
15 5 9 13 0
15 5 9 14 0
15 5 9 15 0
15 5 10 0 0
15 5 10 1 0
15 5 10 2 0
15 5 10 3 0
15 5 10 4 0
15 5 10 5 0
15 5 10 6 0
15 5 10 7 0
15 5 10 8 0
15 5 10 9 0
15 5 10 10 0
15 5 10 11 0
15 5 10 12 0
15 5 10 13 0
15 5 10 14 0
15 5 10 15 0
15 5 11 0 0
15 5 11 1 0
15 5 11 2 0
15 5 11 3 0
15 5 11 4 0
15 5 11 5 0
15 5 11 6 0
15 5 11 7 0
15 5 11 8 0
15 5 11 9 0
15 5 11 10 0
15 5 11 11 0
15 5 11 12 0
15 5 11 13 0
15 5 11 14 0
15 5 11 15 0
15 5 12 0 0
15 5 12 1 -0.0003162317208471711
15 5 12 2 0
15 5 12 3 0
15 5 12 4 0
15 5 12 5 0
15 5 12 6 0
15 5 12 7 0
15 5 12 8 0
15 5 12 9 0
15 5 12 10 0
15 5 12 11 0
15 5 12 12 0
15 5 12 13 0
15 5 12 14 0
15 5 12 15 0
15 5 13 0 0
15 5 13 1 0
15 5 13 2 0
15 5 13 3 0
15 5 13 4 0
15 5 13 5 0
15 5 13 6 0
15 5 13 7 0
15 5 13 8 0
15 5 13 9 0
15 5 13 10 0
15 5 13 11 0
15 5 13 12 0
15 5 13 13 0
15 5 13 14 0
15 5 13 15 0
15 5 14 0 0
15 5 14 1 0
15 5 14 2 0
15 5 14 3 0
15 5 14 4 0
15 5 14 5 0
15 5 14 6 0
15 5 14 7 0
15 5 14 8 0
15 5 14 9 0
15 5 14 10 0
15 5 14 11 0
15 5 14 12 0
15 5 14 13 0
15 5 14 14 0
15 5 14 15 0
15 5 15 0 0
15 5 15 1 0
15 5 15 2 0
15 5 15 3 0
15 5 15 4 0
15 5 15 5 9.503759470865474e-05
15 5 15 6 0
15 5 15 7 0
15 5 15 8 0
15 5 15 9 0
15 5 15 10 0
15 5 15 11 0
15 5 15 12 0
15 5 15 13 0
15 5 15 14 0
15 5 15 15 0
15 6 0 0 0
15 6 0 1 0
15 6 0 2 0
15 6 0 3 0
15 6 0 4 0
15 6 0 5 0
15 6 0 6 0
15 6 0 7 0
15 6 0 8 0
15 6 0 9 0
15 6 0 10 0
15 6 0 11 0
15 6 0 12 0
15 6 0 13 0
15 6 0 14 0
15 6 0 15 0
15 6 1 0 0
15 6 1 1 0
15 6 1 2 0
15 6 1 3 0
15 6 1 4 0
15 6 1 5 0
15 6 1 6 0.01144121415185251
15 6 1 7 0
15 6 1 8 0
15 6 1 9 0
15 6 1 10 0
15 6 1 11 0
15 6 1 12 0
15 6 1 13 0.000736352079610302
15 6 1 14 0
15 6 1 15 0
15 6 2 0 0
15 6 2 1 0
15 6 2 2 0
15 6 2 3 0
15 6 2 4 0
15 6 2 5 0
15 6 2 6 0
15 6 2 7 0
15 6 2 8 0
15 6 2 9 0
15 6 2 10 0
15 6 2 11 0
15 6 2 12 0
15 6 2 13 0
15 6 2 14 0
15 6 2 15 0
15 6 3 0 0
15 6 3 1 0
15 6 3 2 0
15 6 3 3 0
15 6 3 4 0
15 6 3 5 0
15 6 3 6 0
15 6 3 7 0
15 6 3 8 0
15 6 3 9 0
15 6 3 10 0
15 6 3 11 0
15 6 3 12 0
15 6 3 13 0
15 6 3 14 0
15 6 3 15 0
15 6 4 0 0
15 6 4 1 0
15 6 4 2 0
15 6 4 3 0
15 6 4 4 0
15 6 4 5 0
15 6 4 6 0
15 6 4 7 0
15 6 4 8 0
15 6 4 9 0
15 6 4 10 0
15 6 4 11 0
15 6 4 12 0
15 6 4 13 0
15 6 4 14 0
15 6 4 15 0
15 6 5 0 0
15 6 5 1 0
15 6 5 2 0
15 6 5 3 0
15 6 5 4 0
15 6 5 5 0
15 6 5 6 0
15 6 5 7 0
15 6 5 8 0
15 6 5 9 0
15 6 5 10 0
15 6 5 11 0
15 6 5 12 0
15 6 5 13 0
15 6 5 14 0
15 6 5 15 0
15 6 6 0 0
15 6 6 1 -0.005041589636403085
15 6 6 2 0
15 6 6 3 0
15 6 6 4 0
15 6 6 5 0
15 6 6 6 0
15 6 6 7 0
15 6 6 8 0
15 6 6 9 0
15 6 6 10 0
15 6 6 11 0
15 6 6 12 0
15 6 6 13 0
15 6 6 14 0
15 6 6 15 -3.61900470274312e-05
15 6 7 0 0
15 6 7 1 0
15 6 7 2 0
15 6 7 3 0
15 6 7 4 0
15 6 7 5 0
15 6 7 6 0
15 6 7 7 0
15 6 7 8 0
15 6 7 9 0
15 6 7 10 0
15 6 7 11 0
15 6 7 12 0
15 6 7 13 0
15 6 7 14 0
15 6 7 15 0
15 6 8 0 0
15 6 8 1 0
15 6 8 2 0
15 6 8 3 0
15 6 8 4 0
15 6 8 5 0
15 6 8 6 0
15 6 8 7 0
15 6 8 8 0
15 6 8 9 0
15 6 8 10 0
15 6 8 11 0
15 6 8 12 0
15 6 8 13 0
15 6 8 14 0
15 6 8 15 0
15 6 9 0 0
15 6 9 1 0
15 6 9 2 0
15 6 9 3 0
15 6 9 4 0
15 6 9 5 0
15 6 9 6 0
15 6 9 7 0
15 6 9 8 0
15 6 9 9 0
15 6 9 10 0
15 6 9 11 0
15 6 9 12 0
15 6 9 13 0
15 6 9 14 0
15 6 9 15 0
15 6 10 0 0
15 6 10 1 0
15 6 10 2 0
15 6 10 3 0
15 6 10 4 0
15 6 10 5 0
15 6 10 6 0
15 6 10 7 0
15 6 10 8 0
15 6 10 9 0
15 6 10 10 0
15 6 10 11 0
15 6 10 12 0
15 6 10 13 0
15 6 10 14 0
15 6 10 15 0
15 6 11 0 0
15 6 11 1 0
15 6 11 2 0
15 6 11 3 0
15 6 11 4 0
15 6 11 5 0
15 6 11 6 0
15 6 11 7 0
15 6 11 8 0
15 6 11 9 0
15 6 11 10 0
15 6 11 11 0
15 6 11 12 0
15 6 11 13 0
15 6 11 14 0
15 6 11 15 0
15 6 12 0 0
15 6 12 1 0
15 6 12 2 0
15 6 12 3 0
15 6 12 4 0
15 6 12 5 0
15 6 12 6 0
15 6 12 7 0
15 6 12 8 0
15 6 12 9 0
15 6 12 10 0
15 6 12 11 0
15 6 12 12 0
15 6 12 13 0
15 6 12 14 0
15 6 12 15 0
15 6 13 0 0
15 6 13 1 -0.0003180074257123335
15 6 13 2 0
15 6 13 3 0
15 6 13 4 0
15 6 13 5 0
15 6 13 6 0
15 6 13 7 0
15 6 13 8 0
15 6 13 9 0
15 6 13 10 0
15 6 13 11 0
15 6 13 12 0
15 6 13 13 0
15 6 13 14 0
15 6 13 15 0
15 6 14 0 0
15 6 14 1 0
15 6 14 2 0
15 6 14 3 0
15 6 14 4 0
15 6 14 5 0
15 6 14 6 0
15 6 14 7 0
15 6 14 8 0
15 6 14 9 0
15 6 14 10 0
15 6 14 11 0
15 6 14 12 0
15 6 14 13 0
15 6 14 14 0
15 6 14 15 0
15 6 15 0 0
15 6 15 1 0
15 6 15 2 0
15 6 15 3 0
15 6 15 4 0
15 6 15 5 0
15 6 15 6 9.503759470865474e-05
15 6 15 7 0
15 6 15 8 0
15 6 15 9 0
15 6 15 10 0
15 6 15 11 0
15 6 15 12 0
15 6 15 13 0
15 6 15 14 0
15 6 15 15 0
15 7 0 0 0
15 7 0 1 0
15 7 0 2 0
15 7 0 3 0
15 7 0 4 0
15 7 0 5 0
15 7 0 6 0
15 7 0 7 0
15 7 0 8 0
15 7 0 9 0
15 7 0 10 0
15 7 0 11 0
15 7 0 12 0
15 7 0 13 0
15 7 0 14 0
15 7 0 15 0
15 7 1 0 0
15 7 1 1 0
15 7 1 2 0
15 7 1 3 0
15 7 1 4 0
15 7 1 5 0
15 7 1 6 0
15 7 1 7 0
15 7 1 8 0
15 7 1 9 0
15 7 1 10 0
15 7 1 11 0
15 7 1 12 0
15 7 1 13 0
15 7 1 14 0
15 7 1 15 0
15 7 2 0 0
15 7 2 1 0
15 7 2 2 0
15 7 2 3 0
15 7 2 4 0
15 7 2 5 0
15 7 2 6 0
15 7 2 7 0
15 7 2 8 0
15 7 2 9 0
15 7 2 10 0
15 7 2 11 0
15 7 2 12 0
15 7 2 13 0
15 7 2 14 0
15 7 2 15 0
15 7 3 0 0
15 7 3 1 0
15 7 3 2 0
15 7 3 3 0
15 7 3 4 0
15 7 3 5 0
15 7 3 6 0
15 7 3 7 0
15 7 3 8 0
15 7 3 9 0
15 7 3 10 0
15 7 3 11 0
15 7 3 12 0
15 7 3 13 0
15 7 3 14 0
15 7 3 15 0
15 7 4 0 0
15 7 4 1 0
15 7 4 2 0
15 7 4 3 0
15 7 4 4 0
15 7 4 5 0
15 7 4 6 0
15 7 4 7 0
15 7 4 8 0
15 7 4 9 0
15 7 4 10 0
15 7 4 11 0
15 7 4 12 0
15 7 4 13 0
15 7 4 14 0
15 7 4 15 0
15 7 5 0 0
15 7 5 1 0
15 7 5 2 0
15 7 5 3 0
15 7 5 4 0
15 7 5 5 0
15 7 5 6 0
15 7 5 7 0
15 7 5 8 0
15 7 5 9 0
15 7 5 10 0
15 7 5 11 0
15 7 5 12 0
15 7 5 13 0
15 7 5 14 0
15 7 5 15 0
15 7 6 0 0
15 7 6 1 0
15 7 6 2 0
15 7 6 3 0
15 7 6 4 0
15 7 6 5 0
15 7 6 6 0
15 7 6 7 0
15 7 6 8 0
15 7 6 9 0
15 7 6 10 0
15 7 6 11 0
15 7 6 12 0
15 7 6 13 0
15 7 6 14 0
15 7 6 15 0
15 7 7 0 0
15 7 7 1 0
15 7 7 2 0
15 7 7 3 0
15 7 7 4 0
15 7 7 5 0
15 7 7 6 0
15 7 7 7 0
15 7 7 8 0
15 7 7 9 0
15 7 7 10 0
15 7 7 11 0
15 7 7 12 0
15 7 7 13 0
15 7 7 14 0
15 7 7 15 0
15 7 8 0 0
15 7 8 1 0
15 7 8 2 0
15 7 8 3 0
15 7 8 4 0
15 7 8 5 0
15 7 8 6 0
15 7 8 7 0
15 7 8 8 0
15 7 8 9 0
15 7 8 10 0
15 7 8 11 0
15 7 8 12 0
15 7 8 13 0
15 7 8 14 0
15 7 8 15 0
15 7 9 0 0
15 7 9 1 0
15 7 9 2 0
15 7 9 3 0
15 7 9 4 0
15 7 9 5 0
15 7 9 6 0
15 7 9 7 0
15 7 9 8 0
15 7 9 9 0
15 7 9 10 0
15 7 9 11 0
15 7 9 12 0
15 7 9 13 0
15 7 9 14 0
15 7 9 15 0
15 7 10 0 0
15 7 10 1 0
15 7 10 2 0
15 7 10 3 0
15 7 10 4 0
15 7 10 5 0
15 7 10 6 0
15 7 10 7 0
15 7 10 8 0
15 7 10 9 0
15 7 10 10 0
15 7 10 11 0
15 7 10 12 0
15 7 10 13 0
15 7 10 14 0
15 7 10 15 0
15 7 11 0 0
15 7 11 1 0
15 7 11 2 0
15 7 11 3 0
15 7 11 4 0
15 7 11 5 0
15 7 11 6 0
15 7 11 7 0
15 7 11 8 0
15 7 11 9 0
15 7 11 10 0
15 7 11 11 0
15 7 11 12 0
15 7 11 13 0
15 7 11 14 0
15 7 11 15 0
15 7 12 0 0
15 7 12 1 0
15 7 12 2 0
15 7 12 3 0
15 7 12 4 0
15 7 12 5 0
15 7 12 6 0
15 7 12 7 0
15 7 12 8 0
15 7 12 9 0
15 7 12 10 0
15 7 12 11 0
15 7 12 12 0
15 7 12 13 0
15 7 12 14 0
15 7 12 15 0
15 7 13 0 0
15 7 13 1 0
15 7 13 2 0
15 7 13 3 0
15 7 13 4 0
15 7 13 5 0
15 7 13 6 0
15 7 13 7 0
15 7 13 8 0
15 7 13 9 0
15 7 13 10 0
15 7 13 11 0
15 7 13 12 0
15 7 13 13 0
15 7 13 14 0
15 7 13 15 0
15 7 14 0 0
15 7 14 1 0
15 7 14 2 0
15 7 14 3 0
15 7 14 4 0
15 7 14 5 0
15 7 14 6 0
15 7 14 7 0
15 7 14 8 0
15 7 14 9 0
15 7 14 10 0
15 7 14 11 0
15 7 14 12 0
15 7 14 13 0
15 7 14 14 0
15 7 14 15 0
15 7 15 0 0
15 7 15 1 0
15 7 15 2 0
15 7 15 3 0
15 7 15 4 0
15 7 15 5 0
15 7 15 6 0
15 7 15 7 0
15 7 15 8 0
15 7 15 9 0
15 7 15 10 0
15 7 15 11 0
15 7 15 12 0
15 7 15 13 0
15 7 15 14 0
15 7 15 15 0
15 8 0 0 0
15 8 0 1 0
15 8 0 2 0
15 8 0 3 0
15 8 0 4 0
15 8 0 5 0
15 8 0 6 0
15 8 0 7 0
15 8 0 8 0
15 8 0 9 0
15 8 0 10 0
15 8 0 11 0
15 8 0 12 0
15 8 0 13 0
15 8 0 14 0
15 8 0 15 0
15 8 1 0 0
15 8 1 1 0
15 8 1 2 0
15 8 1 3 0
15 8 1 4 0
15 8 1 5 0
15 8 1 6 0
15 8 1 7 0
15 8 1 8 0
15 8 1 9 0
15 8 1 10 0
15 8 1 11 0
15 8 1 12 0
15 8 1 13 0
15 8 1 14 0
15 8 1 15 0
15 8 2 0 0
15 8 2 1 0
15 8 2 2 0
15 8 2 3 0
15 8 2 4 0
15 8 2 5 0
15 8 2 6 0
15 8 2 7 0
15 8 2 8 0
15 8 2 9 0
15 8 2 10 0
15 8 2 11 0
15 8 2 12 0
15 8 2 13 0
15 8 2 14 0
15 8 2 15 0
15 8 3 0 0
15 8 3 1 0
15 8 3 2 0
15 8 3 3 0
15 8 3 4 0
15 8 3 5 0
15 8 3 6 0
15 8 3 7 0
15 8 3 8 0
15 8 3 9 0
15 8 3 10 0
15 8 3 11 0
15 8 3 12 0
15 8 3 13 0
15 8 3 14 0
15 8 3 15 0
15 8 4 0 0
15 8 4 1 0
15 8 4 2 0
15 8 4 3 0
15 8 4 4 0
15 8 4 5 0
15 8 4 6 0
15 8 4 7 0
15 8 4 8 0
15 8 4 9 0
15 8 4 10 0
15 8 4 11 0
15 8 4 12 0
15 8 4 13 0
15 8 4 14 0
15 8 4 15 0
15 8 5 0 0
15 8 5 1 0
15 8 5 2 0
15 8 5 3 0
15 8 5 4 0
15 8 5 5 0
15 8 5 6 0
15 8 5 7 0
15 8 5 8 0
15 8 5 9 0
15 8 5 10 0
15 8 5 11 0
15 8 5 12 0
15 8 5 13 0
15 8 5 14 0
15 8 5 15 0
15 8 6 0 0
15 8 6 1 0
15 8 6 2 0
15 8 6 3 0
15 8 6 4 0
15 8 6 5 0
15 8 6 6 0
15 8 6 7 0
15 8 6 8 0
15 8 6 9 0
15 8 6 10 0
15 8 6 11 0
15 8 6 12 0
15 8 6 13 0
15 8 6 14 0
15 8 6 15 0
15 8 7 0 0
15 8 7 1 0
15 8 7 2 0
15 8 7 3 0
15 8 7 4 0
15 8 7 5 0
15 8 7 6 0
15 8 7 7 0
15 8 7 8 0
15 8 7 9 0
15 8 7 10 0
15 8 7 11 0
15 8 7 12 0
15 8 7 13 0
15 8 7 14 0
15 8 7 15 0
15 8 8 0 0
15 8 8 1 0
15 8 8 2 0
15 8 8 3 0
15 8 8 4 0
15 8 8 5 0
15 8 8 6 0
15 8 8 7 0
15 8 8 8 0
15 8 8 9 0
15 8 8 10 0
15 8 8 11 0
15 8 8 12 0
15 8 8 13 0
15 8 8 14 0
15 8 8 15 0
15 8 9 0 0
15 8 9 1 0
15 8 9 2 0
15 8 9 3 0
15 8 9 4 0
15 8 9 5 0
15 8 9 6 0
15 8 9 7 0
15 8 9 8 0
15 8 9 9 0
15 8 9 10 0
15 8 9 11 0
15 8 9 12 0
15 8 9 13 0
15 8 9 14 0
15 8 9 15 0
15 8 10 0 0
15 8 10 1 0
15 8 10 2 0
15 8 10 3 0
15 8 10 4 0
15 8 10 5 0
15 8 10 6 0
15 8 10 7 0
15 8 10 8 0
15 8 10 9 0
15 8 10 10 0
15 8 10 11 0
15 8 10 12 0
15 8 10 13 0
15 8 10 14 0
15 8 10 15 0
15 8 11 0 0
15 8 11 1 0
15 8 11 2 0
15 8 11 3 0
15 8 11 4 0
15 8 11 5 0
15 8 11 6 0
15 8 11 7 0
15 8 11 8 0
15 8 11 9 0
15 8 11 10 0
15 8 11 11 0
15 8 11 12 0
15 8 11 13 0
15 8 11 14 0
15 8 11 15 0
15 8 12 0 0
15 8 12 1 0
15 8 12 2 0
15 8 12 3 0
15 8 12 4 0
15 8 12 5 0
15 8 12 6 0
15 8 12 7 0
15 8 12 8 0
15 8 12 9 0
15 8 12 10 0
15 8 12 11 0
15 8 12 12 0
15 8 12 13 0
15 8 12 14 0
15 8 12 15 0
15 8 13 0 0
15 8 13 1 0
15 8 13 2 0
15 8 13 3 0
15 8 13 4 0
15 8 13 5 0
15 8 13 6 0
15 8 13 7 0
15 8 13 8 0
15 8 13 9 0
15 8 13 10 0
15 8 13 11 0
15 8 13 12 0
15 8 13 13 0
15 8 13 14 0
15 8 13 15 0
15 8 14 0 0
15 8 14 1 0
15 8 14 2 0
15 8 14 3 0
15 8 14 4 0
15 8 14 5 0
15 8 14 6 0
15 8 14 7 0
15 8 14 8 0
15 8 14 9 0
15 8 14 10 0
15 8 14 11 0
15 8 14 12 0
15 8 14 13 0
15 8 14 14 0
15 8 14 15 0
15 8 15 0 0
15 8 15 1 0
15 8 15 2 0
15 8 15 3 0
15 8 15 4 0
15 8 15 5 0
15 8 15 6 0
15 8 15 7 0
15 8 15 8 0
15 8 15 9 0
15 8 15 10 0
15 8 15 11 0
15 8 15 12 0
15 8 15 13 0
15 8 15 14 0
15 8 15 15 0
15 9 0 0 0
15 9 0 1 0
15 9 0 2 0
15 9 0 3 0
15 9 0 4 0
15 9 0 5 0
15 9 0 6 0
15 9 0 7 0
15 9 0 8 0
15 9 0 9 0
15 9 0 10 0
15 9 0 11 0
15 9 0 12 0
15 9 0 13 0
15 9 0 14 0
15 9 0 15 0
15 9 1 0 0
15 9 1 1 0
15 9 1 2 0
15 9 1 3 0
15 9 1 4 0
15 9 1 5 0
15 9 1 6 0
15 9 1 7 0
15 9 1 8 0
15 9 1 9 0
15 9 1 10 0
15 9 1 11 0
15 9 1 12 0
15 9 1 13 0
15 9 1 14 0
15 9 1 15 0
15 9 2 0 0
15 9 2 1 0
15 9 2 2 0
15 9 2 3 0
15 9 2 4 0
15 9 2 5 0
15 9 2 6 0
15 9 2 7 0
15 9 2 8 0
15 9 2 9 0
15 9 2 10 0
15 9 2 11 0
15 9 2 12 0
15 9 2 13 0
15 9 2 14 0
15 9 2 15 0
15 9 3 0 0
15 9 3 1 0
15 9 3 2 0
15 9 3 3 0
15 9 3 4 0
15 9 3 5 0
15 9 3 6 0
15 9 3 7 0
15 9 3 8 0
15 9 3 9 0
15 9 3 10 0
15 9 3 11 0
15 9 3 12 0
15 9 3 13 0
15 9 3 14 0
15 9 3 15 0
15 9 4 0 0
15 9 4 1 0
15 9 4 2 0
15 9 4 3 0
15 9 4 4 0
15 9 4 5 0
15 9 4 6 0
15 9 4 7 0
15 9 4 8 0
15 9 4 9 0
15 9 4 10 0
15 9 4 11 0
15 9 4 12 0
15 9 4 13 0
15 9 4 14 0
15 9 4 15 0
15 9 5 0 0
15 9 5 1 0
15 9 5 2 0
15 9 5 3 0
15 9 5 4 0
15 9 5 5 0
15 9 5 6 0
15 9 5 7 0
15 9 5 8 0
15 9 5 9 0
15 9 5 10 0
15 9 5 11 0
15 9 5 12 0
15 9 5 13 0
15 9 5 14 0
15 9 5 15 0
15 9 6 0 0
15 9 6 1 0
15 9 6 2 0
15 9 6 3 0
15 9 6 4 0
15 9 6 5 0
15 9 6 6 0
15 9 6 7 0
15 9 6 8 0
15 9 6 9 0
15 9 6 10 0
15 9 6 11 0
15 9 6 12 0
15 9 6 13 0
15 9 6 14 0
15 9 6 15 0
15 9 7 0 0
15 9 7 1 0
15 9 7 2 0
15 9 7 3 0
15 9 7 4 0
15 9 7 5 0
15 9 7 6 0
15 9 7 7 0
15 9 7 8 0
15 9 7 9 0
15 9 7 10 0
15 9 7 11 0
15 9 7 12 0
15 9 7 13 0
15 9 7 14 0
15 9 7 15 0
15 9 8 0 0
15 9 8 1 0
15 9 8 2 0
15 9 8 3 0
15 9 8 4 0
15 9 8 5 0
15 9 8 6 0
15 9 8 7 0
15 9 8 8 0
15 9 8 9 0
15 9 8 10 0
15 9 8 11 0
15 9 8 12 0
15 9 8 13 0
15 9 8 14 0
15 9 8 15 0
15 9 9 0 0
15 9 9 1 0
15 9 9 2 0
15 9 9 3 0
15 9 9 4 0
15 9 9 5 0
15 9 9 6 0
15 9 9 7 0
15 9 9 8 0
15 9 9 9 0
15 9 9 10 0
15 9 9 11 0
15 9 9 12 0
15 9 9 13 0
15 9 9 14 0
15 9 9 15 0
15 9 10 0 0
15 9 10 1 0
15 9 10 2 0
15 9 10 3 0
15 9 10 4 0
15 9 10 5 0
15 9 10 6 0
15 9 10 7 0
15 9 10 8 0
15 9 10 9 0
15 9 10 10 0
15 9 10 11 0
15 9 10 12 0
15 9 10 13 0
15 9 10 14 0
15 9 10 15 0
15 9 11 0 0
15 9 11 1 0
15 9 11 2 0
15 9 11 3 0
15 9 11 4 0
15 9 11 5 0
15 9 11 6 0
15 9 11 7 0
15 9 11 8 0
15 9 11 9 0
15 9 11 10 0
15 9 11 11 0
15 9 11 12 0
15 9 11 13 0
15 9 11 14 0
15 9 11 15 0
15 9 12 0 0
15 9 12 1 0
15 9 12 2 0
15 9 12 3 0
15 9 12 4 0
15 9 12 5 0
15 9 12 6 0
15 9 12 7 0
15 9 12 8 0
15 9 12 9 0
15 9 12 10 0
15 9 12 11 0
15 9 12 12 0
15 9 12 13 0
15 9 12 14 0
15 9 12 15 0
15 9 13 0 0
15 9 13 1 0
15 9 13 2 0
15 9 13 3 0
15 9 13 4 0
15 9 13 5 0
15 9 13 6 0
15 9 13 7 0
15 9 13 8 0
15 9 13 9 0
15 9 13 10 0
15 9 13 11 0
15 9 13 12 0
15 9 13 13 0
15 9 13 14 0
15 9 13 15 0
15 9 14 0 0
15 9 14 1 0
15 9 14 2 0
15 9 14 3 0
15 9 14 4 0
15 9 14 5 0
15 9 14 6 0
15 9 14 7 0
15 9 14 8 0
15 9 14 9 0
15 9 14 10 0
15 9 14 11 0
15 9 14 12 0
15 9 14 13 0
15 9 14 14 0
15 9 14 15 0
15 9 15 0 0
15 9 15 1 0
15 9 15 2 0
15 9 15 3 0
15 9 15 4 0
15 9 15 5 0
15 9 15 6 0
15 9 15 7 0
15 9 15 8 0
15 9 15 9 0
15 9 15 10 0
15 9 15 11 0
15 9 15 12 0
15 9 15 13 0
15 9 15 14 0
15 9 15 15 0
15 10 0 0 0
15 10 0 1 0
15 10 0 2 0
15 10 0 3 0
15 10 0 4 0
15 10 0 5 0
15 10 0 6 0
15 10 0 7 0
15 10 0 8 0
15 10 0 9 0
15 10 0 10 0
15 10 0 11 0
15 10 0 12 0
15 10 0 13 0
15 10 0 14 0
15 10 0 15 0
15 10 1 0 0
15 10 1 1 0
15 10 1 2 0
15 10 1 3 0
15 10 1 4 0
15 10 1 5 0
15 10 1 6 0
15 10 1 7 0
15 10 1 8 0
15 10 1 9 0
15 10 1 10 0
15 10 1 11 0
15 10 1 12 0
15 10 1 13 0
15 10 1 14 0
15 10 1 15 0
15 10 2 0 0
15 10 2 1 0
15 10 2 2 0
15 10 2 3 0
15 10 2 4 0
15 10 2 5 0
15 10 2 6 0
15 10 2 7 0
15 10 2 8 0
15 10 2 9 0
15 10 2 10 0
15 10 2 11 0
15 10 2 12 0
15 10 2 13 0
15 10 2 14 0
15 10 2 15 0
15 10 3 0 0
15 10 3 1 0
15 10 3 2 0
15 10 3 3 0
15 10 3 4 0
15 10 3 5 0
15 10 3 6 0
15 10 3 7 0
15 10 3 8 0
15 10 3 9 0
15 10 3 10 0
15 10 3 11 0
15 10 3 12 0
15 10 3 13 0
15 10 3 14 0
15 10 3 15 0
15 10 4 0 0
15 10 4 1 0
15 10 4 2 0
15 10 4 3 0
15 10 4 4 0
15 10 4 5 0
15 10 4 6 0
15 10 4 7 0
15 10 4 8 0
15 10 4 9 0
15 10 4 10 0
15 10 4 11 0
15 10 4 12 0
15 10 4 13 0
15 10 4 14 0
15 10 4 15 0
15 10 5 0 0
15 10 5 1 0
15 10 5 2 0
15 10 5 3 0
15 10 5 4 0
15 10 5 5 0
15 10 5 6 0
15 10 5 7 0
15 10 5 8 0
15 10 5 9 0
15 10 5 10 0
15 10 5 11 0
15 10 5 12 0
15 10 5 13 0
15 10 5 14 0
15 10 5 15 0
15 10 6 0 0
15 10 6 1 0
15 10 6 2 0
15 10 6 3 0
15 10 6 4 0
15 10 6 5 0
15 10 6 6 0
15 10 6 7 0
15 10 6 8 0
15 10 6 9 0
15 10 6 10 0
15 10 6 11 0
15 10 6 12 0
15 10 6 13 0
15 10 6 14 0
15 10 6 15 0
15 10 7 0 0
15 10 7 1 0
15 10 7 2 0
15 10 7 3 0
15 10 7 4 0
15 10 7 5 0
15 10 7 6 0
15 10 7 7 0
15 10 7 8 0
15 10 7 9 0
15 10 7 10 0
15 10 7 11 0
15 10 7 12 0
15 10 7 13 0
15 10 7 14 0
15 10 7 15 0
15 10 8 0 0
15 10 8 1 0
15 10 8 2 0
15 10 8 3 0
15 10 8 4 0
15 10 8 5 0
15 10 8 6 0
15 10 8 7 0
15 10 8 8 0
15 10 8 9 0
15 10 8 10 0
15 10 8 11 0
15 10 8 12 0
15 10 8 13 0
15 10 8 14 0
15 10 8 15 0
15 10 9 0 0
15 10 9 1 0
15 10 9 2 0
15 10 9 3 0
15 10 9 4 0
15 10 9 5 0
15 10 9 6 0
15 10 9 7 0
15 10 9 8 0
15 10 9 9 0
15 10 9 10 0
15 10 9 11 0
15 10 9 12 0
15 10 9 13 0
15 10 9 14 0
15 10 9 15 0
15 10 10 0 0
15 10 10 1 0
15 10 10 2 0
15 10 10 3 0
15 10 10 4 0
15 10 10 5 0
15 10 10 6 0
15 10 10 7 0
15 10 10 8 0
15 10 10 9 0
15 10 10 10 0
15 10 10 11 0
15 10 10 12 0
15 10 10 13 0
15 10 10 14 0
15 10 10 15 0
15 10 11 0 0
15 10 11 1 0
15 10 11 2 0
15 10 11 3 0
15 10 11 4 0
15 10 11 5 0
15 10 11 6 0
15 10 11 7 0
15 10 11 8 0
15 10 11 9 0
15 10 11 10 0
15 10 11 11 0
15 10 11 12 0
15 10 11 13 0
15 10 11 14 0
15 10 11 15 0
15 10 12 0 0
15 10 12 1 0
15 10 12 2 0
15 10 12 3 0
15 10 12 4 0
15 10 12 5 0
15 10 12 6 0
15 10 12 7 0
15 10 12 8 0
15 10 12 9 0
15 10 12 10 0
15 10 12 11 0
15 10 12 12 0
15 10 12 13 0
15 10 12 14 0
15 10 12 15 0
15 10 13 0 0
15 10 13 1 0
15 10 13 2 0
15 10 13 3 0
15 10 13 4 0
15 10 13 5 0
15 10 13 6 0
15 10 13 7 0
15 10 13 8 0
15 10 13 9 0
15 10 13 10 0
15 10 13 11 0
15 10 13 12 0
15 10 13 13 0
15 10 13 14 0
15 10 13 15 0
15 10 14 0 0
15 10 14 1 0
15 10 14 2 0
15 10 14 3 0
15 10 14 4 0
15 10 14 5 0
15 10 14 6 0
15 10 14 7 0
15 10 14 8 0
15 10 14 9 0
15 10 14 10 0
15 10 14 11 0
15 10 14 12 0
15 10 14 13 0
15 10 14 14 0
15 10 14 15 0
15 10 15 0 0
15 10 15 1 0
15 10 15 2 0
15 10 15 3 0
15 10 15 4 0
15 10 15 5 0
15 10 15 6 0
15 10 15 7 0
15 10 15 8 0
15 10 15 9 0
15 10 15 10 0
15 10 15 11 0
15 10 15 12 0
15 10 15 13 0
15 10 15 14 0
15 10 15 15 0
15 11 0 0 0
15 11 0 1 0
15 11 0 2 0
15 11 0 3 0
15 11 0 4 0
15 11 0 5 0
15 11 0 6 0
15 11 0 7 0
15 11 0 8 0
15 11 0 9 0
15 11 0 10 0
15 11 0 11 0
15 11 0 12 0
15 11 0 13 0
15 11 0 14 0
15 11 0 15 0
15 11 1 0 0
15 11 1 1 0
15 11 1 2 0
15 11 1 3 0
15 11 1 4 0
15 11 1 5 0
15 11 1 6 0
15 11 1 7 0
15 11 1 8 0
15 11 1 9 0
15 11 1 10 0
15 11 1 11 0
15 11 1 12 0
15 11 1 13 0
15 11 1 14 0
15 11 1 15 0
15 11 2 0 0
15 11 2 1 0
15 11 2 2 0
15 11 2 3 0
15 11 2 4 0
15 11 2 5 0
15 11 2 6 0
15 11 2 7 0
15 11 2 8 0
15 11 2 9 0
15 11 2 10 0
15 11 2 11 0
15 11 2 12 0
15 11 2 13 0
15 11 2 14 0
15 11 2 15 0
15 11 3 0 0
15 11 3 1 0
15 11 3 2 0
15 11 3 3 0
15 11 3 4 0
15 11 3 5 0
15 11 3 6 0
15 11 3 7 0
15 11 3 8 0
15 11 3 9 0
15 11 3 10 0
15 11 3 11 0
15 11 3 12 0
15 11 3 13 0
15 11 3 14 0
15 11 3 15 0
15 11 4 0 0
15 11 4 1 0
15 11 4 2 0
15 11 4 3 0
15 11 4 4 0
15 11 4 5 0
15 11 4 6 0
15 11 4 7 0
15 11 4 8 0
15 11 4 9 0
15 11 4 10 0
15 11 4 11 0
15 11 4 12 0
15 11 4 13 0
15 11 4 14 0
15 11 4 15 0
15 11 5 0 0
15 11 5 1 0
15 11 5 2 0
15 11 5 3 0
15 11 5 4 0
15 11 5 5 0
15 11 5 6 0
15 11 5 7 0
15 11 5 8 0
15 11 5 9 0
15 11 5 10 0
15 11 5 11 0
15 11 5 12 0
15 11 5 13 0
15 11 5 14 0
15 11 5 15 0
15 11 6 0 0
15 11 6 1 0
15 11 6 2 0
15 11 6 3 0
15 11 6 4 0
15 11 6 5 0
15 11 6 6 0
15 11 6 7 0
15 11 6 8 0
15 11 6 9 0
15 11 6 10 0
15 11 6 11 0
15 11 6 12 0
15 11 6 13 0
15 11 6 14 0
15 11 6 15 0
15 11 7 0 0
15 11 7 1 0
15 11 7 2 0
15 11 7 3 0
15 11 7 4 0
15 11 7 5 0
15 11 7 6 0
15 11 7 7 0
15 11 7 8 0
15 11 7 9 0
15 11 7 10 0
15 11 7 11 0
15 11 7 12 0
15 11 7 13 0
15 11 7 14 0
15 11 7 15 0
15 11 8 0 0
15 11 8 1 0
15 11 8 2 0
15 11 8 3 0
15 11 8 4 0
15 11 8 5 0
15 11 8 6 0
15 11 8 7 0
15 11 8 8 0
15 11 8 9 0
15 11 8 10 0
15 11 8 11 0
15 11 8 12 0
15 11 8 13 0
15 11 8 14 0
15 11 8 15 0
15 11 9 0 0
15 11 9 1 0
15 11 9 2 0
15 11 9 3 0
15 11 9 4 0
15 11 9 5 0
15 11 9 6 0
15 11 9 7 0
15 11 9 8 0
15 11 9 9 0
15 11 9 10 0
15 11 9 11 0
15 11 9 12 0
15 11 9 13 0
15 11 9 14 0
15 11 9 15 0
15 11 10 0 0
15 11 10 1 0
15 11 10 2 0
15 11 10 3 0
15 11 10 4 0
15 11 10 5 0
15 11 10 6 0
15 11 10 7 0
15 11 10 8 0
15 11 10 9 0
15 11 10 10 0
15 11 10 11 0
15 11 10 12 0
15 11 10 13 0
15 11 10 14 0
15 11 10 15 0
15 11 11 0 0
15 11 11 1 0
15 11 11 2 0
15 11 11 3 0
15 11 11 4 0
15 11 11 5 0
15 11 11 6 0
15 11 11 7 0
15 11 11 8 0
15 11 11 9 0
15 11 11 10 0
15 11 11 11 0
15 11 11 12 0
15 11 11 13 0
15 11 11 14 0
15 11 11 15 0
15 11 12 0 0
15 11 12 1 0
15 11 12 2 0
15 11 12 3 0
15 11 12 4 0
15 11 12 5 0
15 11 12 6 0
15 11 12 7 0
15 11 12 8 0
15 11 12 9 0
15 11 12 10 0
15 11 12 11 0
15 11 12 12 0
15 11 12 13 0
15 11 12 14 0
15 11 12 15 0
15 11 13 0 0
15 11 13 1 0
15 11 13 2 0
15 11 13 3 0
15 11 13 4 0
15 11 13 5 0
15 11 13 6 0
15 11 13 7 0
15 11 13 8 0
15 11 13 9 0
15 11 13 10 0
15 11 13 11 0
15 11 13 12 0
15 11 13 13 0
15 11 13 14 0
15 11 13 15 0
15 11 14 0 0
15 11 14 1 0
15 11 14 2 0
15 11 14 3 0
15 11 14 4 0
15 11 14 5 0
15 11 14 6 0
15 11 14 7 0
15 11 14 8 0
15 11 14 9 0
15 11 14 10 0
15 11 14 11 0
15 11 14 12 0
15 11 14 13 0
15 11 14 14 0
15 11 14 15 0
15 11 15 0 0
15 11 15 1 0
15 11 15 2 0
15 11 15 3 0
15 11 15 4 0
15 11 15 5 0
15 11 15 6 0
15 11 15 7 0
15 11 15 8 0
15 11 15 9 0
15 11 15 10 0
15 11 15 11 0
15 11 15 12 0
15 11 15 13 0
15 11 15 14 0
15 11 15 15 0
15 12 0 0 0
15 12 0 1 0
15 12 0 2 0
15 12 0 3 0
15 12 0 4 0
15 12 0 5 0
15 12 0 6 0
15 12 0 7 0
15 12 0 8 0
15 12 0 9 0
15 12 0 10 0
15 12 0 11 0
15 12 0 12 0
15 12 0 13 0
15 12 0 14 0
15 12 0 15 0
15 12 1 0 0
15 12 1 1 0
15 12 1 2 0
15 12 1 3 0
15 12 1 4 0
15 12 1 5 0
15 12 1 6 0
15 12 1 7 0
15 12 1 8 0
15 12 1 9 0
15 12 1 10 0
15 12 1 11 0
15 12 1 12 0
15 12 1 13 0
15 12 1 14 0
15 12 1 15 0
15 12 2 0 0
15 12 2 1 0
15 12 2 2 0
15 12 2 3 0
15 12 2 4 0
15 12 2 5 0
15 12 2 6 0
15 12 2 7 0
15 12 2 8 0
15 12 2 9 0
15 12 2 10 0
15 12 2 11 0
15 12 2 12 0
15 12 2 13 0
15 12 2 14 0
15 12 2 15 0
15 12 3 0 0
15 12 3 1 0
15 12 3 2 0
15 12 3 3 0
15 12 3 4 0
15 12 3 5 0
15 12 3 6 0
15 12 3 7 0
15 12 3 8 0
15 12 3 9 0
15 12 3 10 0
15 12 3 11 0
15 12 3 12 0
15 12 3 13 0
15 12 3 14 0
15 12 3 15 0
15 12 4 0 0
15 12 4 1 0
15 12 4 2 0
15 12 4 3 0
15 12 4 4 0
15 12 4 5 0
15 12 4 6 0
15 12 4 7 0
15 12 4 8 0
15 12 4 9 0
15 12 4 10 0
15 12 4 11 0
15 12 4 12 0
15 12 4 13 0
15 12 4 14 0
15 12 4 15 0
15 12 5 0 0
15 12 5 1 0
15 12 5 2 0
15 12 5 3 0
15 12 5 4 0
15 12 5 5 0
15 12 5 6 0
15 12 5 7 0
15 12 5 8 0
15 12 5 9 0
15 12 5 10 0
15 12 5 11 0
15 12 5 12 0
15 12 5 13 0
15 12 5 14 0
15 12 5 15 0
15 12 6 0 0
15 12 6 1 0
15 12 6 2 0
15 12 6 3 0
15 12 6 4 0
15 12 6 5 0
15 12 6 6 0
15 12 6 7 0
15 12 6 8 0
15 12 6 9 0
15 12 6 10 0
15 12 6 11 0
15 12 6 12 0
15 12 6 13 0
15 12 6 14 0
15 12 6 15 0
15 12 7 0 0
15 12 7 1 0
15 12 7 2 0
15 12 7 3 0
15 12 7 4 0
15 12 7 5 0
15 12 7 6 0
15 12 7 7 0
15 12 7 8 0
15 12 7 9 0
15 12 7 10 0
15 12 7 11 0
15 12 7 12 0
15 12 7 13 0
15 12 7 14 0
15 12 7 15 0
15 12 8 0 0
15 12 8 1 0
15 12 8 2 0
15 12 8 3 0
15 12 8 4 0
15 12 8 5 0
15 12 8 6 0
15 12 8 7 0
15 12 8 8 0
15 12 8 9 0
15 12 8 10 0
15 12 8 11 0
15 12 8 12 0
15 12 8 13 0
15 12 8 14 0
15 12 8 15 0
15 12 9 0 0
15 12 9 1 0
15 12 9 2 0
15 12 9 3 0
15 12 9 4 0
15 12 9 5 0
15 12 9 6 0
15 12 9 7 0
15 12 9 8 0
15 12 9 9 0
15 12 9 10 0
15 12 9 11 0
15 12 9 12 0
15 12 9 13 0
15 12 9 14 0
15 12 9 15 0
15 12 10 0 0
15 12 10 1 0
15 12 10 2 0
15 12 10 3 0
15 12 10 4 0
15 12 10 5 0
15 12 10 6 0
15 12 10 7 0
15 12 10 8 0
15 12 10 9 0
15 12 10 10 0
15 12 10 11 0
15 12 10 12 0
15 12 10 13 0
15 12 10 14 0
15 12 10 15 0
15 12 11 0 0
15 12 11 1 0
15 12 11 2 0
15 12 11 3 0
15 12 11 4 0
15 12 11 5 0
15 12 11 6 0
15 12 11 7 0
15 12 11 8 0
15 12 11 9 0
15 12 11 10 0
15 12 11 11 0
15 12 11 12 0
15 12 11 13 0
15 12 11 14 0
15 12 11 15 0
15 12 12 0 0
15 12 12 1 0
15 12 12 2 0
15 12 12 3 0
15 12 12 4 0
15 12 12 5 0
15 12 12 6 0
15 12 12 7 0
15 12 12 8 0
15 12 12 9 0
15 12 12 10 0
15 12 12 11 0
15 12 12 12 0
15 12 12 13 0
15 12 12 14 0
15 12 12 15 0
15 12 13 0 0
15 12 13 1 0
15 12 13 2 0
15 12 13 3 0
15 12 13 4 0
15 12 13 5 0
15 12 13 6 0
15 12 13 7 0
15 12 13 8 0
15 12 13 9 0
15 12 13 10 0
15 12 13 11 0
15 12 13 12 0
15 12 13 13 0
15 12 13 14 0
15 12 13 15 0
15 12 14 0 0
15 12 14 1 0
15 12 14 2 0
15 12 14 3 0
15 12 14 4 0
15 12 14 5 0
15 12 14 6 0
15 12 14 7 0
15 12 14 8 0
15 12 14 9 0
15 12 14 10 0
15 12 14 11 0
15 12 14 12 0
15 12 14 13 0
15 12 14 14 0
15 12 14 15 0
15 12 15 0 0
15 12 15 1 0
15 12 15 2 0
15 12 15 3 0
15 12 15 4 0
15 12 15 5 0
15 12 15 6 0
15 12 15 7 0
15 12 15 8 0
15 12 15 9 0
15 12 15 10 0
15 12 15 11 0
15 12 15 12 0
15 12 15 13 0
15 12 15 14 0
15 12 15 15 0
15 13 0 0 0
15 13 0 1 0
15 13 0 2 0
15 13 0 3 0
15 13 0 4 0
15 13 0 5 0
15 13 0 6 0
15 13 0 7 0
15 13 0 8 0
15 13 0 9 0
15 13 0 10 0
15 13 0 11 0
15 13 0 12 0
15 13 0 13 0
15 13 0 14 0
15 13 0 15 0
15 13 1 0 0
15 13 1 1 0
15 13 1 2 0
15 13 1 3 0
15 13 1 4 0
15 13 1 5 0
15 13 1 6 0
15 13 1 7 0
15 13 1 8 0
15 13 1 9 0
15 13 1 10 0
15 13 1 11 0
15 13 1 12 0
15 13 1 13 0
15 13 1 14 0
15 13 1 15 0
15 13 2 0 0
15 13 2 1 0
15 13 2 2 0
15 13 2 3 0
15 13 2 4 0
15 13 2 5 0
15 13 2 6 0
15 13 2 7 0
15 13 2 8 0
15 13 2 9 0
15 13 2 10 0
15 13 2 11 0
15 13 2 12 0
15 13 2 13 0
15 13 2 14 0
15 13 2 15 0
15 13 3 0 0
15 13 3 1 0
15 13 3 2 0
15 13 3 3 0
15 13 3 4 0
15 13 3 5 0
15 13 3 6 0
15 13 3 7 0
15 13 3 8 0
15 13 3 9 0
15 13 3 10 0
15 13 3 11 0
15 13 3 12 0
15 13 3 13 0
15 13 3 14 0
15 13 3 15 0
15 13 4 0 0
15 13 4 1 0
15 13 4 2 0
15 13 4 3 0
15 13 4 4 0
15 13 4 5 0
15 13 4 6 0
15 13 4 7 0
15 13 4 8 0
15 13 4 9 0
15 13 4 10 0
15 13 4 11 0
15 13 4 12 0
15 13 4 13 0
15 13 4 14 0
15 13 4 15 0
15 13 5 0 0
15 13 5 1 0
15 13 5 2 0
15 13 5 3 0
15 13 5 4 0
15 13 5 5 0
15 13 5 6 0
15 13 5 7 0
15 13 5 8 0
15 13 5 9 0
15 13 5 10 0
15 13 5 11 0
15 13 5 12 0
15 13 5 13 0
15 13 5 14 0
15 13 5 15 0
15 13 6 0 0
15 13 6 1 0
15 13 6 2 0
15 13 6 3 0
15 13 6 4 0
15 13 6 5 0
15 13 6 6 0
15 13 6 7 0
15 13 6 8 0
15 13 6 9 0
15 13 6 10 0
15 13 6 11 0
15 13 6 12 0
15 13 6 13 0
15 13 6 14 0
15 13 6 15 0
15 13 7 0 0
15 13 7 1 0
15 13 7 2 0
15 13 7 3 0
15 13 7 4 0
15 13 7 5 0
15 13 7 6 0
15 13 7 7 0
15 13 7 8 0
15 13 7 9 0
15 13 7 10 0
15 13 7 11 0
15 13 7 12 0
15 13 7 13 0
15 13 7 14 0
15 13 7 15 0
15 13 8 0 0
15 13 8 1 0
15 13 8 2 0
15 13 8 3 0
15 13 8 4 0
15 13 8 5 0
15 13 8 6 0
15 13 8 7 0
15 13 8 8 0
15 13 8 9 0
15 13 8 10 0
15 13 8 11 0
15 13 8 12 0
15 13 8 13 0
15 13 8 14 0
15 13 8 15 0
15 13 9 0 0
15 13 9 1 0
15 13 9 2 0
15 13 9 3 0
15 13 9 4 0
15 13 9 5 0
15 13 9 6 0
15 13 9 7 0
15 13 9 8 0
15 13 9 9 0
15 13 9 10 0
15 13 9 11 0
15 13 9 12 0
15 13 9 13 0
15 13 9 14 0
15 13 9 15 0
15 13 10 0 0
15 13 10 1 0
15 13 10 2 0
15 13 10 3 0
15 13 10 4 0
15 13 10 5 0
15 13 10 6 0
15 13 10 7 0
15 13 10 8 0
15 13 10 9 0
15 13 10 10 0
15 13 10 11 0
15 13 10 12 0
15 13 10 13 0
15 13 10 14 0
15 13 10 15 0
15 13 11 0 0
15 13 11 1 0
15 13 11 2 0
15 13 11 3 0
15 13 11 4 0
15 13 11 5 0
15 13 11 6 0
15 13 11 7 0
15 13 11 8 0
15 13 11 9 0
15 13 11 10 0
15 13 11 11 0
15 13 11 12 0
15 13 11 13 0
15 13 11 14 0
15 13 11 15 0
15 13 12 0 0
15 13 12 1 0
15 13 12 2 0
15 13 12 3 0
15 13 12 4 0
15 13 12 5 0
15 13 12 6 0
15 13 12 7 0
15 13 12 8 0
15 13 12 9 0
15 13 12 10 0
15 13 12 11 0
15 13 12 12 0
15 13 12 13 0
15 13 12 14 0
15 13 12 15 0
15 13 13 0 0
15 13 13 1 0
15 13 13 2 0
15 13 13 3 0
15 13 13 4 0
15 13 13 5 0
15 13 13 6 0
15 13 13 7 0
15 13 13 8 0
15 13 13 9 0
15 13 13 10 0
15 13 13 11 0
15 13 13 12 0
15 13 13 13 0
15 13 13 14 0
15 13 13 15 0
15 13 14 0 0
15 13 14 1 0
15 13 14 2 0
15 13 14 3 0
15 13 14 4 0
15 13 14 5 0
15 13 14 6 0
15 13 14 7 0
15 13 14 8 0
15 13 14 9 0
15 13 14 10 0
15 13 14 11 0
15 13 14 12 0
15 13 14 13 0
15 13 14 14 0
15 13 14 15 0
15 13 15 0 0
15 13 15 1 0
15 13 15 2 0
15 13 15 3 0
15 13 15 4 0
15 13 15 5 0
15 13 15 6 0
15 13 15 7 0
15 13 15 8 0
15 13 15 9 0
15 13 15 10 0
15 13 15 11 0
15 13 15 12 0
15 13 15 13 0
15 13 15 14 0
15 13 15 15 0
15 14 0 0 0
15 14 0 1 0
15 14 0 2 0
15 14 0 3 0
15 14 0 4 0
15 14 0 5 0
15 14 0 6 0
15 14 0 7 0
15 14 0 8 0
15 14 0 9 0
15 14 0 10 0
15 14 0 11 0
15 14 0 12 0
15 14 0 13 0
15 14 0 14 0
15 14 0 15 0
15 14 1 0 0
15 14 1 1 0
15 14 1 2 0
15 14 1 3 0
15 14 1 4 0
15 14 1 5 0
15 14 1 6 0
15 14 1 7 0
15 14 1 8 0
15 14 1 9 0
15 14 1 10 0
15 14 1 11 0
15 14 1 12 0
15 14 1 13 0
15 14 1 14 0
15 14 1 15 0
15 14 2 0 0
15 14 2 1 0
15 14 2 2 0
15 14 2 3 0
15 14 2 4 0
15 14 2 5 0
15 14 2 6 0
15 14 2 7 0
15 14 2 8 0
15 14 2 9 0
15 14 2 10 0
15 14 2 11 0
15 14 2 12 0
15 14 2 13 0
15 14 2 14 0
15 14 2 15 0
15 14 3 0 0
15 14 3 1 0
15 14 3 2 0
15 14 3 3 0
15 14 3 4 0
15 14 3 5 0
15 14 3 6 0
15 14 3 7 0
15 14 3 8 0
15 14 3 9 0
15 14 3 10 0
15 14 3 11 0
15 14 3 12 0
15 14 3 13 0
15 14 3 14 0
15 14 3 15 0
15 14 4 0 0
15 14 4 1 0
15 14 4 2 0
15 14 4 3 0
15 14 4 4 0
15 14 4 5 0
15 14 4 6 0
15 14 4 7 0
15 14 4 8 0
15 14 4 9 0
15 14 4 10 0
15 14 4 11 0
15 14 4 12 0
15 14 4 13 0
15 14 4 14 0
15 14 4 15 0
15 14 5 0 0
15 14 5 1 0
15 14 5 2 0
15 14 5 3 0
15 14 5 4 0
15 14 5 5 0
15 14 5 6 0
15 14 5 7 0
15 14 5 8 0
15 14 5 9 0
15 14 5 10 0
15 14 5 11 0
15 14 5 12 0
15 14 5 13 0
15 14 5 14 0
15 14 5 15 0
15 14 6 0 0
15 14 6 1 0
15 14 6 2 0
15 14 6 3 0
15 14 6 4 0
15 14 6 5 0
15 14 6 6 0
15 14 6 7 0
15 14 6 8 0
15 14 6 9 0
15 14 6 10 0
15 14 6 11 0
15 14 6 12 0
15 14 6 13 0
15 14 6 14 0
15 14 6 15 0
15 14 7 0 0
15 14 7 1 0
15 14 7 2 0
15 14 7 3 0
15 14 7 4 0
15 14 7 5 0
15 14 7 6 0
15 14 7 7 0
15 14 7 8 0
15 14 7 9 0
15 14 7 10 0
15 14 7 11 0
15 14 7 12 0
15 14 7 13 0
15 14 7 14 0
15 14 7 15 0
15 14 8 0 0
15 14 8 1 0
15 14 8 2 0
15 14 8 3 0
15 14 8 4 0
15 14 8 5 0
15 14 8 6 0
15 14 8 7 0
15 14 8 8 0
15 14 8 9 0
15 14 8 10 0
15 14 8 11 0
15 14 8 12 0
15 14 8 13 0
15 14 8 14 0
15 14 8 15 0
15 14 9 0 0
15 14 9 1 0
15 14 9 2 0
15 14 9 3 0
15 14 9 4 0
15 14 9 5 0
15 14 9 6 0
15 14 9 7 0
15 14 9 8 0
15 14 9 9 0
15 14 9 10 0
15 14 9 11 0
15 14 9 12 0
15 14 9 13 0
15 14 9 14 0
15 14 9 15 0
15 14 10 0 0
15 14 10 1 0
15 14 10 2 0
15 14 10 3 0
15 14 10 4 0
15 14 10 5 0
15 14 10 6 0
15 14 10 7 0
15 14 10 8 0
15 14 10 9 0
15 14 10 10 0
15 14 10 11 0
15 14 10 12 0
15 14 10 13 0
15 14 10 14 0
15 14 10 15 0
15 14 11 0 0
15 14 11 1 0
15 14 11 2 0
15 14 11 3 0
15 14 11 4 0
15 14 11 5 0
15 14 11 6 0
15 14 11 7 0
15 14 11 8 0
15 14 11 9 0
15 14 11 10 0
15 14 11 11 0
15 14 11 12 0
15 14 11 13 0
15 14 11 14 0
15 14 11 15 0
15 14 12 0 0
15 14 12 1 0
15 14 12 2 0
15 14 12 3 0
15 14 12 4 0
15 14 12 5 0
15 14 12 6 0
15 14 12 7 0
15 14 12 8 0
15 14 12 9 0
15 14 12 10 0
15 14 12 11 0
15 14 12 12 0
15 14 12 13 0
15 14 12 14 0
15 14 12 15 0
15 14 13 0 0
15 14 13 1 0
15 14 13 2 0
15 14 13 3 0
15 14 13 4 0
15 14 13 5 0
15 14 13 6 0
15 14 13 7 0
15 14 13 8 0
15 14 13 9 0
15 14 13 10 0
15 14 13 11 0
15 14 13 12 0
15 14 13 13 0
15 14 13 14 0
15 14 13 15 0
15 14 14 0 0
15 14 14 1 0
15 14 14 2 0
15 14 14 3 0
15 14 14 4 0
15 14 14 5 0
15 14 14 6 0
15 14 14 7 0
15 14 14 8 0
15 14 14 9 0
15 14 14 10 0
15 14 14 11 0
15 14 14 12 0
15 14 14 13 0
15 14 14 14 0
15 14 14 15 0
15 14 15 0 0
15 14 15 1 0
15 14 15 2 0
15 14 15 3 0
15 14 15 4 0
15 14 15 5 0
15 14 15 6 0
15 14 15 7 0
15 14 15 8 0
15 14 15 9 0
15 14 15 10 0
15 14 15 11 0
15 14 15 12 0
15 14 15 13 0
15 14 15 14 0
15 14 15 15 0
15 15 0 0 0
15 15 0 1 0
15 15 0 2 0
15 15 0 3 0
15 15 0 4 0
15 15 0 5 0
15 15 0 6 0
15 15 0 7 0
15 15 0 8 0
15 15 0 9 0
15 15 0 10 0
15 15 0 11 0
15 15 0 12 0
15 15 0 13 0
15 15 0 14 0
15 15 0 15 0
15 15 1 0 0
15 15 1 1 0
15 15 1 2 0
15 15 1 3 0
15 15 1 4 0
15 15 1 5 0
15 15 1 6 0
15 15 1 7 0
15 15 1 8 0
15 15 1 9 0
15 15 1 10 0
15 15 1 11 0
15 15 1 12 0
15 15 1 13 0
15 15 1 14 0
15 15 1 15 0
15 15 2 0 0
15 15 2 1 0
15 15 2 2 0
15 15 2 3 0
15 15 2 4 0
15 15 2 5 0
15 15 2 6 0
15 15 2 7 0
15 15 2 8 0
15 15 2 9 0
15 15 2 10 0
15 15 2 11 0
15 15 2 12 0
15 15 2 13 0
15 15 2 14 0
15 15 2 15 0
15 15 3 0 0
15 15 3 1 0
15 15 3 2 0
15 15 3 3 0
15 15 3 4 0
15 15 3 5 0
15 15 3 6 0
15 15 3 7 0
15 15 3 8 0
15 15 3 9 0
15 15 3 10 0
15 15 3 11 0
15 15 3 12 0
15 15 3 13 0
15 15 3 14 0
15 15 3 15 0
15 15 4 0 0
15 15 4 1 0
15 15 4 2 0
15 15 4 3 0
15 15 4 4 0
15 15 4 5 0
15 15 4 6 0
15 15 4 7 0
15 15 4 8 0
15 15 4 9 0
15 15 4 10 0
15 15 4 11 0
15 15 4 12 0
15 15 4 13 0
15 15 4 14 0
15 15 4 15 0
15 15 5 0 0
15 15 5 1 0
15 15 5 2 0
15 15 5 3 0
15 15 5 4 0
15 15 5 5 0
15 15 5 6 0
15 15 5 7 0
15 15 5 8 0
15 15 5 9 0
15 15 5 10 0
15 15 5 11 0
15 15 5 12 0
15 15 5 13 0
15 15 5 14 0
15 15 5 15 0
15 15 6 0 0
15 15 6 1 0
15 15 6 2 0
15 15 6 3 0
15 15 6 4 0
15 15 6 5 0
15 15 6 6 0
15 15 6 7 0
15 15 6 8 0
15 15 6 9 0
15 15 6 10 0
15 15 6 11 0
15 15 6 12 0
15 15 6 13 0
15 15 6 14 0
15 15 6 15 0
15 15 7 0 0
15 15 7 1 0
15 15 7 2 0
15 15 7 3 0
15 15 7 4 0
15 15 7 5 0
15 15 7 6 0
15 15 7 7 0
15 15 7 8 0
15 15 7 9 0
15 15 7 10 0
15 15 7 11 0
15 15 7 12 0
15 15 7 13 0
15 15 7 14 0
15 15 7 15 0
15 15 8 0 0
15 15 8 1 0
15 15 8 2 0
15 15 8 3 0
15 15 8 4 0
15 15 8 5 0
15 15 8 6 0
15 15 8 7 0
15 15 8 8 0
15 15 8 9 0
15 15 8 10 0
15 15 8 11 0
15 15 8 12 0
15 15 8 13 0
15 15 8 14 0
15 15 8 15 0
15 15 9 0 0
15 15 9 1 0
15 15 9 2 0
15 15 9 3 0
15 15 9 4 0
15 15 9 5 0
15 15 9 6 0
15 15 9 7 0
15 15 9 8 0
15 15 9 9 0
15 15 9 10 0
15 15 9 11 0
15 15 9 12 0
15 15 9 13 0
15 15 9 14 0
15 15 9 15 0
15 15 10 0 0
15 15 10 1 0
15 15 10 2 0
15 15 10 3 0
15 15 10 4 0
15 15 10 5 0
15 15 10 6 0
15 15 10 7 0
15 15 10 8 0
15 15 10 9 0
15 15 10 10 0
15 15 10 11 0
15 15 10 12 0
15 15 10 13 0
15 15 10 14 0
15 15 10 15 0
15 15 11 0 0
15 15 11 1 0
15 15 11 2 0
15 15 11 3 0
15 15 11 4 0
15 15 11 5 0
15 15 11 6 0
15 15 11 7 0
15 15 11 8 0
15 15 11 9 0
15 15 11 10 0
15 15 11 11 0
15 15 11 12 0
15 15 11 13 0
15 15 11 14 0
15 15 11 15 0
15 15 12 0 0
15 15 12 1 0
15 15 12 2 0
15 15 12 3 0
15 15 12 4 0
15 15 12 5 0
15 15 12 6 0
15 15 12 7 0
15 15 12 8 0
15 15 12 9 0
15 15 12 10 0
15 15 12 11 0
15 15 12 12 0
15 15 12 13 0
15 15 12 14 0
15 15 12 15 0
15 15 13 0 0
15 15 13 1 0
15 15 13 2 0
15 15 13 3 0
15 15 13 4 0
15 15 13 5 0
15 15 13 6 0
15 15 13 7 0
15 15 13 8 0
15 15 13 9 0
15 15 13 10 0
15 15 13 11 0
15 15 13 12 0
15 15 13 13 0
15 15 13 14 0
15 15 13 15 0
15 15 14 0 0
15 15 14 1 0
15 15 14 2 0
15 15 14 3 0
15 15 14 4 0
15 15 14 5 0
15 15 14 6 0
15 15 14 7 0
15 15 14 8 0
15 15 14 9 0
15 15 14 10 0
15 15 14 11 0
15 15 14 12 0
15 15 14 13 0
15 15 14 14 0
15 15 14 15 0
15 15 15 0 0
15 15 15 1 0
15 15 15 2 0
15 15 15 3 0
15 15 15 4 0
15 15 15 5 0
15 15 15 6 0
15 15 15 7 0
15 15 15 8 0
15 15 15 9 0
15 15 15 10 0
15 15 15 11 0
15 15 15 12 0
15 15 15 13 0
15 15 15 14 0
15 15 15 15 0
