0 0 0 0 1.999935078075889
0 0 0 1 0
0 0 0 2 -7.063527626323503e-05
0 0 0 3 0
0 0 0 4 0
0 0 0 5 0
0 0 0 6 0
0 0 0 7 0
0 0 0 8 0
0 0 0 9 0
0 0 0 10 0
0 0 0 11 -0.004782626860835075
0 0 0 12 0
0 0 0 13 0
0 0 0 14 0
0 0 0 15 0
0 0 1 0 0
0 0 1 1 0
0 0 1 2 0
0 0 1 3 0
0 0 1 4 0
0 0 1 5 0
0 0 1 6 0
0 0 1 7 0
0 0 1 8 0
0 0 1 9 0
0 0 1 10 0
0 0 1 11 0
0 0 1 12 0
0 0 1 13 0
0 0 1 14 0
0 0 1 15 0
0 0 2 0 -7.063527626323503e-05
0 0 2 1 0
0 0 2 2 0
0 0 2 3 0
0 0 2 4 0
0 0 2 5 0
0 0 2 6 0
0 0 2 7 0
0 0 2 8 0
0 0 2 9 0
0 0 2 10 0
0 0 2 11 0
0 0 2 12 0
0 0 2 13 0
0 0 2 14 0
0 0 2 15 0
0 0 3 0 0
0 0 3 1 0
0 0 3 2 0
0 0 3 3 0
0 0 3 4 0
0 0 3 5 0
0 0 3 6 0
0 0 3 7 0
0 0 3 8 0
0 0 3 9 0
0 0 3 10 0
0 0 3 11 0
0 0 3 12 0
0 0 3 13 0
0 0 3 14 0
0 0 3 15 0
0 0 4 0 0
0 0 4 1 0
0 0 4 2 0
0 0 4 3 0
0 0 4 4 0
0 0 4 5 0
0 0 4 6 0
0 0 4 7 0
0 0 4 8 0
0 0 4 9 0
0 0 4 10 0
0 0 4 11 0
0 0 4 12 0
0 0 4 13 0
0 0 4 14 0
0 0 4 15 0
0 0 5 0 0
0 0 5 1 0
0 0 5 2 0
0 0 5 3 0
0 0 5 4 0
0 0 5 5 0
0 0 5 6 0
0 0 5 7 0
0 0 5 8 0
0 0 5 9 0
0 0 5 10 0
0 0 5 11 0
0 0 5 12 0
0 0 5 13 0
0 0 5 14 0
0 0 5 15 0
0 0 6 0 0
0 0 6 1 0
0 0 6 2 0
0 0 6 3 0
0 0 6 4 0
0 0 6 5 0
0 0 6 6 0
0 0 6 7 0
0 0 6 8 0
0 0 6 9 0
0 0 6 10 0
0 0 6 11 0
0 0 6 12 0
0 0 6 13 0
0 0 6 14 0
0 0 6 15 0
0 0 7 0 0
0 0 7 1 0
0 0 7 2 0
0 0 7 3 0
0 0 7 4 0
0 0 7 5 0
0 0 7 6 0
0 0 7 7 0
0 0 7 8 0
0 0 7 9 0
0 0 7 10 0
0 0 7 11 0
0 0 7 12 0
0 0 7 13 0
0 0 7 14 0
0 0 7 15 0
0 0 8 0 0
0 0 8 1 0
0 0 8 2 0
0 0 8 3 0
0 0 8 4 0
0 0 8 5 0
0 0 8 6 0
0 0 8 7 0
0 0 8 8 0
0 0 8 9 0
0 0 8 10 0
0 0 8 11 0
0 0 8 12 0
0 0 8 13 0
0 0 8 14 0
0 0 8 15 0
0 0 9 0 0
0 0 9 1 0
0 0 9 2 0
0 0 9 3 0
0 0 9 4 0
0 0 9 5 0
0 0 9 6 0
0 0 9 7 0
0 0 9 8 0
0 0 9 9 0
0 0 9 10 0
0 0 9 11 0
0 0 9 12 0
0 0 9 13 0
0 0 9 14 0
0 0 9 15 0
0 0 10 0 0
0 0 10 1 0
0 0 10 2 0
0 0 10 3 0
0 0 10 4 0
0 0 10 5 0
0 0 10 6 0
0 0 10 7 0
0 0 10 8 0
0 0 10 9 0
0 0 10 10 0
0 0 10 11 0
0 0 10 12 0
0 0 10 13 0
0 0 10 14 0
0 0 10 15 0
0 0 11 0 -0.004782626860835075
0 0 11 1 0
0 0 11 2 0
0 0 11 3 0
0 0 11 4 0
0 0 11 5 0
0 0 11 6 0
0 0 11 7 0
0 0 11 8 0
0 0 11 9 0
0 0 11 10 0
0 0 11 11 0
0 0 11 12 0
0 0 11 13 0
0 0 11 14 0
0 0 11 15 0
0 0 12 0 0
0 0 12 1 0
0 0 12 2 0
0 0 12 3 0
0 0 12 4 0
0 0 12 5 0
0 0 12 6 0
0 0 12 7 0
0 0 12 8 0
0 0 12 9 0
0 0 12 10 0
0 0 12 11 0
0 0 12 12 0
0 0 12 13 0
0 0 12 14 0
0 0 12 15 0
0 0 13 0 0
0 0 13 1 0
0 0 13 2 0
0 0 13 3 0
0 0 13 4 0
0 0 13 5 0
0 0 13 6 0
0 0 13 7 0
0 0 13 8 0
0 0 13 9 0
0 0 13 10 0
0 0 13 11 0
0 0 13 12 0
0 0 13 13 0
0 0 13 14 0
0 0 13 15 0
0 0 14 0 0
0 0 14 1 0
0 0 14 2 0
0 0 14 3 0
0 0 14 4 0
0 0 14 5 0
0 0 14 6 0
0 0 14 7 0
0 0 14 8 0
0 0 14 9 0
0 0 14 10 0
0 0 14 11 0
0 0 14 12 0
0 0 14 13 0
0 0 14 14 0
0 0 14 15 0
0 0 15 0 0
0 0 15 1 0
0 0 15 2 0
0 0 15 3 0
0 0 15 4 0
0 0 15 5 0
0 0 15 6 0
0 0 15 7 0
0 0 15 8 0
0 0 15 9 0
0 0 15 10 0
0 0 15 11 0
0 0 15 12 0
0 0 15 13 0
0 0 15 14 0
0 0 15 15 0
0 1 0 0 0
0 1 0 1 3.999857514248858
0 1 0 2 0
0 1 0 3 0
0 1 0 4 0
0 1 0 5 0
0 1 0 6 0
0 1 0 7 0
0 1 0 8 0
0 1 0 9 0
0 1 0 10 0
0 1 0 11 0
0 1 0 12 0
0 1 0 13 0
0 1 0 14 0
0 1 0 15 0.009883297190071326
0 1 1 0 -1.999928757124429
0 1 1 1 0
0 1 1 2 7.063527626323503e-05
0 1 1 3 0
0 1 1 4 0
0 1 1 5 0
0 1 1 6 0
0 1 1 7 0
0 1 1 8 0
0 1 1 9 0
0 1 1 10 0
0 1 1 11 0.004782626860835075
0 1 1 12 0
0 1 1 13 0
0 1 1 14 0
0 1 1 15 0
0 1 2 0 0
0 1 2 1 -0.0001412705525264701
0 1 2 2 0
0 1 2 3 0
0 1 2 4 0
0 1 2 5 0
0 1 2 6 0
0 1 2 7 0
0 1 2 8 0
0 1 2 9 0
0 1 2 10 0
0 1 2 11 0
0 1 2 12 0
0 1 2 13 0
0 1 2 14 0
0 1 2 15 0
0 1 3 0 0
0 1 3 1 0
0 1 3 2 0
0 1 3 3 0
0 1 3 4 0
0 1 3 5 0
0 1 3 6 0
0 1 3 7 0
0 1 3 8 0
0 1 3 9 0
0 1 3 10 0
0 1 3 11 0
0 1 3 12 0
0 1 3 13 0
0 1 3 14 0
0 1 3 15 0
0 1 4 0 0
0 1 4 1 0
0 1 4 2 0
0 1 4 3 0
0 1 4 4 0
0 1 4 5 0
0 1 4 6 0
0 1 4 7 0
0 1 4 8 0
0 1 4 9 0
0 1 4 10 0
0 1 4 11 0
0 1 4 12 0
0 1 4 13 0
0 1 4 14 0
0 1 4 15 0
0 1 5 0 0
0 1 5 1 0
0 1 5 2 0
0 1 5 3 0
0 1 5 4 0
0 1 5 5 0
0 1 5 6 0
0 1 5 7 0
0 1 5 8 0
0 1 5 9 0
0 1 5 10 0
0 1 5 11 0
0 1 5 12 0
0 1 5 13 0
0 1 5 14 0
0 1 5 15 0
0 1 6 0 0
0 1 6 1 0
0 1 6 2 0
0 1 6 3 0
0 1 6 4 0
0 1 6 5 0
0 1 6 6 0
0 1 6 7 0
0 1 6 8 0
0 1 6 9 0
0 1 6 10 0
0 1 6 11 0
0 1 6 12 0
0 1 6 13 0
0 1 6 14 0
0 1 6 15 0
0 1 7 0 0
0 1 7 1 0
0 1 7 2 0
0 1 7 3 0
0 1 7 4 0
0 1 7 5 0
0 1 7 6 0
0 1 7 7 0
0 1 7 8 0
0 1 7 9 0
0 1 7 10 0
0 1 7 11 0
0 1 7 12 0
0 1 7 13 0
0 1 7 14 0
0 1 7 15 0
0 1 8 0 0
0 1 8 1 0
0 1 8 2 0
0 1 8 3 0
0 1 8 4 0
0 1 8 5 0
0 1 8 6 0
0 1 8 7 0
0 1 8 8 0
0 1 8 9 0
0 1 8 10 0
0 1 8 11 0
0 1 8 12 0
0 1 8 13 0
0 1 8 14 0
0 1 8 15 0
0 1 9 0 0
0 1 9 1 0
0 1 9 2 0
0 1 9 3 0
0 1 9 4 0
0 1 9 5 0
0 1 9 6 0
0 1 9 7 0
0 1 9 8 0
0 1 9 9 0
0 1 9 10 0
0 1 9 11 0
0 1 9 12 0
0 1 9 13 0
0 1 9 14 0
0 1 9 15 0
0 1 10 0 0
0 1 10 1 0
0 1 10 2 0
0 1 10 3 0
0 1 10 4 0
0 1 10 5 0
0 1 10 6 0
0 1 10 7 0
0 1 10 8 0
0 1 10 9 0
0 1 10 10 0
0 1 10 11 0
0 1 10 12 0
0 1 10 13 0
0 1 10 14 0
0 1 10 15 0
0 1 11 0 0
0 1 11 1 -0.00956525372167015
0 1 11 2 0
0 1 11 3 0
0 1 11 4 0
0 1 11 5 0
0 1 11 6 0
0 1 11 7 0
0 1 11 8 0
0 1 11 9 0
0 1 11 10 0
0 1 11 11 0
0 1 11 12 0
0 1 11 13 0
0 1 11 14 0
0 1 11 15 0
0 1 12 0 0
0 1 12 1 0
0 1 12 2 0
0 1 12 3 0
0 1 12 4 0
0 1 12 5 0
0 1 12 6 0
0 1 12 7 0
0 1 12 8 0
0 1 12 9 0
0 1 12 10 0
0 1 12 11 0
0 1 12 12 0
0 1 12 13 0
0 1 12 14 0
0 1 12 15 0
0 1 13 0 0
0 1 13 1 0
0 1 13 2 0
0 1 13 3 0
0 1 13 4 0
0 1 13 5 0
0 1 13 6 0
0 1 13 7 0
0 1 13 8 0
0 1 13 9 0
0 1 13 10 0
0 1 13 11 0
0 1 13 12 0
0 1 13 13 0
0 1 13 14 0
0 1 13 15 0
0 1 14 0 0
0 1 14 1 0
0 1 14 2 0
0 1 14 3 0
0 1 14 4 0
0 1 14 5 0
0 1 14 6 0
0 1 14 7 0
0 1 14 8 0
0 1 14 9 0
0 1 14 10 0
0 1 14 11 0
0 1 14 12 0
0 1 14 13 0
0 1 14 14 0
0 1 14 15 0
0 1 15 0 -0.004941648595035663
0 1 15 1 0
0 1 15 2 0
0 1 15 3 0
0 1 15 4 0
0 1 15 5 0
0 1 15 6 0
0 1 15 7 0
0 1 15 8 0
0 1 15 9 0
0 1 15 10 0
0 1 15 11 0
0 1 15 12 0
0 1 15 13 0
0 1 15 14 0
0 1 15 15 0
0 2 0 0 -7.063527626323503e-05
0 2 0 1 0
0 2 0 2 3.276572244726871
0 2 0 3 0
0 2 0 4 0
0 2 0 5 0
0 2 0 6 0
0 2 0 7 0
0 2 0 8 0
0 2 0 9 0
0 2 0 10 0
0 2 0 11 -0.02182969404964079
0 2 0 12 0
0 2 0 13 0
0 2 0 14 0.04650255598360337
0 2 0 15 0
0 2 1 0 0
0 2 1 1 0
0 2 1 2 0
0 2 1 3 0
0 2 1 4 0
0 2 1 5 0
0 2 1 6 0
0 2 1 7 0
0 2 1 8 0
0 2 1 9 0
0 2 1 10 0
0 2 1 11 0
0 2 1 12 0
0 2 1 13 0
0 2 1 14 0
0 2 1 15 0
0 2 2 0 -1.638286122363436
0 2 2 1 0
0 2 2 2 -7.063527626323503e-05
0 2 2 3 0
0 2 2 4 0
0 2 2 5 0
0 2 2 6 0
0 2 2 7 0
0 2 2 8 0
0 2 2 9 0
0 2 2 10 0
0 2 2 11 0.003988179005146947
0 2 2 12 0
0 2 2 13 0
0 2 2 14 0
0 2 2 15 0
0 2 3 0 0
0 2 3 1 0
0 2 3 2 0
0 2 3 3 0
0 2 3 4 0
0 2 3 5 0
0 2 3 6 0
0 2 3 7 0
0 2 3 8 0
0 2 3 9 0
0 2 3 10 0
0 2 3 11 0
0 2 3 12 0
0 2 3 13 0
0 2 3 14 0
0 2 3 15 0
0 2 4 0 0
0 2 4 1 0
0 2 4 2 0
0 2 4 3 0
0 2 4 4 0
0 2 4 5 0
0 2 4 6 0
0 2 4 7 0
0 2 4 8 0
0 2 4 9 0
0 2 4 10 0
0 2 4 11 0
0 2 4 12 0
0 2 4 13 0
0 2 4 14 0
0 2 4 15 0
0 2 5 0 0
0 2 5 1 0
0 2 5 2 0
0 2 5 3 0
0 2 5 4 0
0 2 5 5 0
0 2 5 6 0
0 2 5 7 0
0 2 5 8 0
0 2 5 9 0
0 2 5 10 0
0 2 5 11 0
0 2 5 12 0
0 2 5 13 0
0 2 5 14 0
0 2 5 15 0
0 2 6 0 0
0 2 6 1 0
0 2 6 2 0
0 2 6 3 0
0 2 6 4 0
0 2 6 5 0
0 2 6 6 0
0 2 6 7 0
0 2 6 8 0
0 2 6 9 0
0 2 6 10 0
0 2 6 11 0
0 2 6 12 0
0 2 6 13 0
0 2 6 14 0
0 2 6 15 0
0 2 7 0 0
0 2 7 1 0
0 2 7 2 0
0 2 7 3 0
0 2 7 4 0
0 2 7 5 0
0 2 7 6 0
0 2 7 7 3.297186404451512e-05
0 2 7 8 0
0 2 7 9 0
0 2 7 10 0
0 2 7 11 0
0 2 7 12 0
0 2 7 13 0
0 2 7 14 0
0 2 7 15 0
0 2 8 0 0
0 2 8 1 0
0 2 8 2 0
0 2 8 3 0
0 2 8 4 0
0 2 8 5 0
0 2 8 6 0
0 2 8 7 0
0 2 8 8 0
0 2 8 9 0
0 2 8 10 0
0 2 8 11 0
0 2 8 12 0
0 2 8 13 0
0 2 8 14 0
0 2 8 15 0
0 2 9 0 0
0 2 9 1 0
0 2 9 2 0
0 2 9 3 0
0 2 9 4 0
0 2 9 5 0
0 2 9 6 0
0 2 9 7 0
0 2 9 8 0
0 2 9 9 0
0 2 9 10 0
0 2 9 11 0
0 2 9 12 0
0 2 9 13 0
0 2 9 14 0
0 2 9 15 0
0 2 10 0 0
0 2 10 1 0
0 2 10 2 0
0 2 10 3 0
0 2 10 4 0
0 2 10 5 0
0 2 10 6 0
0 2 10 7 0
0 2 10 8 0
0 2 10 9 0
0 2 10 10 0
0 2 10 11 0
0 2 10 12 0
0 2 10 13 0
0 2 10 14 0
0 2 10 15 0
0 2 11 0 0.0109148470248204
0 2 11 1 0
0 2 11 2 -0.007976358010293894
0 2 11 3 0
0 2 11 4 0
0 2 11 5 0
0 2 11 6 0
0 2 11 7 0
0 2 11 8 0
0 2 11 9 0
0 2 11 10 0
0 2 11 11 0
0 2 11 12 0
0 2 11 13 0
0 2 11 14 0
0 2 11 15 0
0 2 12 0 0
0 2 12 1 0
0 2 12 2 0
0 2 12 3 0
0 2 12 4 0
0 2 12 5 0
0 2 12 6 0
0 2 12 7 0
0 2 12 8 0
0 2 12 9 0
0 2 12 10 0
0 2 12 11 0
0 2 12 12 0
0 2 12 13 0
0 2 12 14 0
0 2 12 15 0
0 2 13 0 0
0 2 13 1 0
0 2 13 2 0
0 2 13 3 0
0 2 13 4 0
0 2 13 5 0
0 2 13 6 0
0 2 13 7 0
0 2 13 8 0
0 2 13 9 0
0 2 13 10 0
0 2 13 11 0
0 2 13 12 0
0 2 13 13 0
0 2 13 14 0
0 2 13 15 0
0 2 14 0 -0.02325127799180168
0 2 14 1 0
0 2 14 2 0
0 2 14 3 0
0 2 14 4 0
0 2 14 5 0
0 2 14 6 0
0 2 14 7 0
0 2 14 8 0
0 2 14 9 0
0 2 14 10 0
0 2 14 11 0
0 2 14 12 0
0 2 14 13 0
0 2 14 14 0
0 2 14 15 0
0 2 15 0 0
0 2 15 1 0
0 2 15 2 0
0 2 15 3 0
0 2 15 4 0
0 2 15 5 0
0 2 15 6 0
0 2 15 7 0
0 2 15 8 0
0 2 15 9 0
0 2 15 10 0
0 2 15 11 0
0 2 15 12 0
0 2 15 13 0
0 2 15 14 0
0 2 15 15 0
0 3 0 0 0
0 3 0 1 0
0 3 0 2 0
0 3 0 3 2.344769865810432
0 3 0 4 0
0 3 0 5 0
0 3 0 6 0
0 3 0 7 0
0 3 0 8 0.1098478024968849
0 3 0 9 0
0 3 0 10 0
0 3 0 11 0
0 3 0 12 0
0 3 0 13 0
0 3 0 14 0
0 3 0 15 0
0 3 1 0 0
0 3 1 1 0
0 3 1 2 0
0 3 1 3 0
0 3 1 4 0
0 3 1 5 0
0 3 1 6 0
0 3 1 7 0
0 3 1 8 0
0 3 1 9 0
0 3 1 10 0
0 3 1 11 0
0 3 1 12 0
0 3 1 13 0
0 3 1 14 0
0 3 1 15 0
0 3 2 0 0
0 3 2 1 0
0 3 2 2 0
0 3 2 3 -7.063527626323503e-05
0 3 2 4 0
0 3 2 5 0
0 3 2 6 0
0 3 2 7 0
0 3 2 8 0
0 3 2 9 0
0 3 2 10 0
0 3 2 11 0
0 3 2 12 0
0 3 2 13 0
0 3 2 14 0
0 3 2 15 0
0 3 3 0 -1.172374953482788
0 3 3 1 0
0 3 3 2 4.846435685929626e-05
0 3 3 3 0
0 3 3 4 0
0 3 3 5 0
0 3 3 6 0
0 3 3 7 0
0 3 3 8 0
0 3 3 9 0
0 3 3 10 0
0 3 3 11 0.003144037293167111
0 3 3 12 0
0 3 3 13 0
0 3 3 14 0
0 3 3 15 0
0 3 4 0 0
0 3 4 1 0
0 3 4 2 0
0 3 4 3 0
0 3 4 4 0
0 3 4 5 0
0 3 4 6 0
0 3 4 7 0
0 3 4 8 0
0 3 4 9 0
0 3 4 10 0
0 3 4 11 0
0 3 4 12 0
0 3 4 13 0
0 3 4 14 0
0 3 4 15 0
0 3 5 0 0
0 3 5 1 0
0 3 5 2 0
0 3 5 3 0
0 3 5 4 0
0 3 5 5 0
0 3 5 6 0
0 3 5 7 0
0 3 5 8 0
0 3 5 9 0
0 3 5 10 0
0 3 5 11 0
0 3 5 12 0
0 3 5 13 0
0 3 5 14 0
0 3 5 15 0
0 3 6 0 0
0 3 6 1 0
0 3 6 2 0
0 3 6 3 0
0 3 6 4 0
0 3 6 5 0
0 3 6 6 0
0 3 6 7 0
0 3 6 8 0
0 3 6 9 0
0 3 6 10 0
0 3 6 11 0
0 3 6 12 0
0 3 6 13 0
0 3 6 14 0
0 3 6 15 0
0 3 7 0 0
0 3 7 1 0
0 3 7 2 0
0 3 7 3 0
0 3 7 4 0
0 3 7 5 0
0 3 7 6 0
0 3 7 7 0
0 3 7 8 0
0 3 7 9 0
0 3 7 10 0
0 3 7 11 0
0 3 7 12 0
0 3 7 13 0
0 3 7 14 0
0 3 7 15 0
0 3 8 0 -0.05492390124844247
0 3 8 1 0
0 3 8 2 0
0 3 8 3 0
0 3 8 4 0
0 3 8 5 0
0 3 8 6 0
0 3 8 7 0
0 3 8 8 0
0 3 8 9 0
0 3 8 10 0
0 3 8 11 0
0 3 8 12 0
0 3 8 13 0
0 3 8 14 0
0 3 8 15 0
0 3 9 0 0
0 3 9 1 0
0 3 9 2 0
0 3 9 3 0
0 3 9 4 0
0 3 9 5 0
0 3 9 6 0
0 3 9 7 0
0 3 9 8 0
0 3 9 9 0
0 3 9 10 0
0 3 9 11 0
0 3 9 12 0
0 3 9 13 0
0 3 9 14 0
0 3 9 15 0
0 3 10 0 0
0 3 10 1 0
0 3 10 2 0
0 3 10 3 0
0 3 10 4 0
0 3 10 5 0
0 3 10 6 0
0 3 10 7 0
0 3 10 8 0
0 3 10 9 0
0 3 10 10 0
0 3 10 11 0
0 3 10 12 0
0 3 10 13 0
0 3 10 14 0
0 3 10 15 0
0 3 11 0 0
0 3 11 1 0
0 3 11 2 0
0 3 11 3 -0.004782626860835075
0 3 11 4 0
0 3 11 5 0
0 3 11 6 0
0 3 11 7 0
0 3 11 8 0
0 3 11 9 0
0 3 11 10 0
0 3 11 11 0
0 3 11 12 0
0 3 11 13 0
0 3 11 14 0
0 3 11 15 0
0 3 12 0 0
0 3 12 1 0
0 3 12 2 0
0 3 12 3 0
0 3 12 4 0
0 3 12 5 0
0 3 12 6 0
0 3 12 7 0
0 3 12 8 0
0 3 12 9 0
0 3 12 10 0
0 3 12 11 0
0 3 12 12 0
0 3 12 13 0
0 3 12 14 0
0 3 12 15 0
0 3 13 0 0
0 3 13 1 0
0 3 13 2 0
0 3 13 3 0
0 3 13 4 0
0 3 13 5 0
0 3 13 6 0
0 3 13 7 0
0 3 13 8 0
0 3 13 9 0
0 3 13 10 0
0 3 13 11 0
0 3 13 12 0
0 3 13 13 0
0 3 13 14 0
0 3 13 15 0
0 3 14 0 0
0 3 14 1 0
0 3 14 2 0
0 3 14 3 0
0 3 14 4 0
0 3 14 5 0
0 3 14 6 0
0 3 14 7 0
0 3 14 8 0
0 3 14 9 0
0 3 14 10 0
0 3 14 11 0
0 3 14 12 0
0 3 14 13 0
0 3 14 14 0
0 3 14 15 0
0 3 15 0 0
0 3 15 1 0
0 3 15 2 0
0 3 15 3 0
0 3 15 4 0
0 3 15 5 0
0 3 15 6 0
0 3 15 7 0
0 3 15 8 0
0 3 15 9 0
0 3 15 10 0
0 3 15 11 0
0 3 15 12 0
0 3 15 13 0
0 3 15 14 0
0 3 15 15 0
0 4 0 0 0
0 4 0 1 0
0 4 0 2 0
0 4 0 3 0
0 4 0 4 2.493655331185479
0 4 0 5 0
0 4 0 6 0
0 4 0 7 0
0 4 0 8 0
0 4 0 9 0.1143771736763142
0 4 0 10 0
0 4 0 11 0
0 4 0 12 0
0 4 0 13 0
0 4 0 14 0
0 4 0 15 0
0 4 1 0 0
0 4 1 1 0
0 4 1 2 0
0 4 1 3 0
0 4 1 4 0
0 4 1 5 0
0 4 1 6 0
0 4 1 7 0
0 4 1 8 0
0 4 1 9 0
0 4 1 10 0
0 4 1 11 0
0 4 1 12 0
0 4 1 13 0
0 4 1 14 0
0 4 1 15 0
0 4 2 0 0
0 4 2 1 0
0 4 2 2 0
0 4 2 3 0
0 4 2 4 -7.063527626323503e-05
0 4 2 5 0
0 4 2 6 0
0 4 2 7 0
0 4 2 8 0
0 4 2 9 0
0 4 2 10 0
0 4 2 11 0
0 4 2 12 0
0 4 2 13 0
0 4 2 14 0
0 4 2 15 0
0 4 3 0 0
0 4 3 1 0
0 4 3 2 0
0 4 3 3 0
0 4 3 4 0
0 4 3 5 0
0 4 3 6 0
0 4 3 7 0
0 4 3 8 0
0 4 3 9 0
0 4 3 10 0
0 4 3 11 0
0 4 3 12 0
0 4 3 13 0
0 4 3 14 0
0 4 3 15 0
0 4 4 0 -1.246817865104105
0 4 4 1 0
0 4 4 2 5.743177304954252e-05
0 4 4 3 0
0 4 4 4 0
0 4 4 5 0
0 4 4 6 0
0 4 4 7 0
0 4 4 8 0
0 4 4 9 0
0 4 4 10 0
0 4 4 11 0.003111540290750442
0 4 4 12 0
0 4 4 13 0
0 4 4 14 0
0 4 4 15 0
0 4 5 0 0
0 4 5 1 0
0 4 5 2 0
0 4 5 3 0
0 4 5 4 0
0 4 5 5 0
0 4 5 6 0
0 4 5 7 0
0 4 5 8 0
0 4 5 9 0
0 4 5 10 0
0 4 5 11 0
0 4 5 12 0
0 4 5 13 0
0 4 5 14 0
0 4 5 15 0
0 4 6 0 0
0 4 6 1 0
0 4 6 2 0
0 4 6 3 0
0 4 6 4 0
0 4 6 5 0
0 4 6 6 0
0 4 6 7 0
0 4 6 8 0
0 4 6 9 0
0 4 6 10 0
0 4 6 11 0
0 4 6 12 0
0 4 6 13 0
0 4 6 14 0
0 4 6 15 0
0 4 7 0 0
0 4 7 1 0
0 4 7 2 0
0 4 7 3 0
0 4 7 4 0
0 4 7 5 0
0 4 7 6 0
0 4 7 7 0
0 4 7 8 0
0 4 7 9 0
0 4 7 10 0
0 4 7 11 0
0 4 7 12 0
0 4 7 13 0
0 4 7 14 0
0 4 7 15 0
0 4 8 0 0
0 4 8 1 0
0 4 8 2 0
0 4 8 3 0
0 4 8 4 0
0 4 8 5 0
0 4 8 6 0
0 4 8 7 0
0 4 8 8 0
0 4 8 9 0
0 4 8 10 0
0 4 8 11 0
0 4 8 12 0
0 4 8 13 0
0 4 8 14 0
0 4 8 15 0
0 4 9 0 -0.05718858683815708
0 4 9 1 0
0 4 9 2 0
0 4 9 3 0
0 4 9 4 0
0 4 9 5 0
0 4 9 6 0
0 4 9 7 0
0 4 9 8 0
0 4 9 9 0
0 4 9 10 0
0 4 9 11 0
0 4 9 12 0
0 4 9 13 0
0 4 9 14 0
0 4 9 15 0
0 4 10 0 0
0 4 10 1 0
0 4 10 2 0
0 4 10 3 0
0 4 10 4 0
0 4 10 5 0
0 4 10 6 0
0 4 10 7 0
0 4 10 8 0
0 4 10 9 0
0 4 10 10 0
0 4 10 11 0
0 4 10 12 0
0 4 10 13 0
0 4 10 14 0
0 4 10 15 0
0 4 11 0 0
0 4 11 1 0
0 4 11 2 0
0 4 11 3 0
0 4 11 4 -0.004782626860835075
0 4 11 5 0
0 4 11 6 0
0 4 11 7 0
0 4 11 8 0
0 4 11 9 0
0 4 11 10 0
0 4 11 11 0
0 4 11 12 0
0 4 11 13 0
0 4 11 14 0
0 4 11 15 0
0 4 12 0 0
0 4 12 1 0
0 4 12 2 0
0 4 12 3 0
0 4 12 4 0
0 4 12 5 0
0 4 12 6 0
0 4 12 7 0
0 4 12 8 0
0 4 12 9 0
0 4 12 10 0
0 4 12 11 0
0 4 12 12 0
0 4 12 13 0
0 4 12 14 0
0 4 12 15 0
0 4 13 0 0
0 4 13 1 0
0 4 13 2 0
0 4 13 3 0
0 4 13 4 0
0 4 13 5 0
0 4 13 6 0
0 4 13 7 0
0 4 13 8 0
0 4 13 9 0
0 4 13 10 0
0 4 13 11 0
0 4 13 12 0
0 4 13 13 0
0 4 13 14 0
0 4 13 15 0
0 4 14 0 0
0 4 14 1 0
0 4 14 2 0
0 4 14 3 0
0 4 14 4 0
0 4 14 5 0
0 4 14 6 0
0 4 14 7 0
0 4 14 8 0
0 4 14 9 0
0 4 14 10 0
0 4 14 11 0
0 4 14 12 0
0 4 14 13 0
0 4 14 14 0
0 4 14 15 0
0 4 15 0 0
0 4 15 1 0
0 4 15 2 0
0 4 15 3 0
0 4 15 4 0
0 4 15 5 0
0 4 15 6 0
0 4 15 7 0
0 4 15 8 0
0 4 15 9 0
0 4 15 10 0
0 4 15 11 0
0 4 15 12 0
0 4 15 13 0
0 4 15 14 0
0 4 15 15 0
0 5 0 0 0
0 5 0 1 0
0 5 0 2 0
0 5 0 3 0
0 5 0 4 0
0 5 0 5 1.492538302708063
0 5 0 6 0
0 5 0 7 0
0 5 0 8 0
0 5 0 9 0
0 5 0 10 0
0 5 0 11 0
0 5 0 12 0.07595072051861373
0 5 0 13 0
0 5 0 14 0
0 5 0 15 0
0 5 1 0 0
0 5 1 1 0
0 5 1 2 0
0 5 1 3 0
0 5 1 4 0
0 5 1 5 0
0 5 1 6 0
0 5 1 7 0
0 5 1 8 0
0 5 1 9 0
0 5 1 10 0
0 5 1 11 0
0 5 1 12 0
0 5 1 13 0
0 5 1 14 0
0 5 1 15 0
0 5 2 0 0
0 5 2 1 0
0 5 2 2 0
0 5 2 3 0
0 5 2 4 0
0 5 2 5 -7.063527626323503e-05
0 5 2 6 0
0 5 2 7 0
0 5 2 8 0
0 5 2 9 0
0 5 2 10 0
0 5 2 11 0
0 5 2 12 0
0 5 2 13 0
0 5 2 14 0
0 5 2 15 0
0 5 3 0 0
0 5 3 1 0
0 5 3 2 0
0 5 3 3 0
0 5 3 4 0
0 5 3 5 0
0 5 3 6 0
0 5 3 7 0
0 5 3 8 0
0 5 3 9 0
0 5 3 10 0
0 5 3 11 0
0 5 3 12 0
0 5 3 13 0
0 5 3 14 0
0 5 3 15 0
0 5 4 0 0
0 5 4 1 0
0 5 4 2 0
0 5 4 3 0
0 5 4 4 0
0 5 4 5 0
0 5 4 6 0
0 5 4 7 0
0 5 4 8 0
0 5 4 9 0
0 5 4 10 0
0 5 4 11 0
0 5 4 12 0
0 5 4 13 0
0 5 4 14 0
0 5 4 15 0
0 5 5 0 -0.7462753411100107
0 5 5 1 0
0 5 5 2 2.146008197480584e-05
0 5 5 3 0
0 5 5 4 0
0 5 5 5 0
0 5 5 6 0
0 5 5 7 0
0 5 5 8 0
0 5 5 9 0
0 5 5 10 0
0 5 5 11 0.001676519416363934
0 5 5 12 0
0 5 5 13 0
0 5 5 14 0
0 5 5 15 0
0 5 6 0 0
0 5 6 1 0
0 5 6 2 0
0 5 6 3 0
0 5 6 4 0
0 5 6 5 0
0 5 6 6 0
0 5 6 7 0
0 5 6 8 0
0 5 6 9 0
0 5 6 10 0
0 5 6 11 0
0 5 6 12 0
0 5 6 13 0
0 5 6 14 0
0 5 6 15 0
0 5 7 0 0
0 5 7 1 0
0 5 7 2 0
0 5 7 3 0
0 5 7 4 0
0 5 7 5 0
0 5 7 6 0
0 5 7 7 0
0 5 7 8 0
0 5 7 9 0
0 5 7 10 0
0 5 7 11 0
0 5 7 12 0
0 5 7 13 0
0 5 7 14 0
0 5 7 15 0
0 5 8 0 0
0 5 8 1 0
0 5 8 2 0
0 5 8 3 0
0 5 8 4 0
0 5 8 5 0
0 5 8 6 0
0 5 8 7 0
0 5 8 8 0
0 5 8 9 0
0 5 8 10 0
0 5 8 11 0
0 5 8 12 0
0 5 8 13 0
0 5 8 14 0
0 5 8 15 0
0 5 9 0 0
0 5 9 1 0
0 5 9 2 0
0 5 9 3 0
0 5 9 4 0
0 5 9 5 0
0 5 9 6 0
0 5 9 7 0
0 5 9 8 0
0 5 9 9 0
0 5 9 10 0
0 5 9 11 0
0 5 9 12 0
0 5 9 13 0
0 5 9 14 0
0 5 9 15 0
0 5 10 0 0
0 5 10 1 0
0 5 10 2 0
0 5 10 3 0
0 5 10 4 0
0 5 10 5 0
0 5 10 6 0
0 5 10 7 0
0 5 10 8 0
0 5 10 9 0
0 5 10 10 0
0 5 10 11 0
0 5 10 12 0
0 5 10 13 0
0 5 10 14 0
0 5 10 15 0
0 5 11 0 0
0 5 11 1 0
0 5 11 2 0
0 5 11 3 0
0 5 11 4 0
0 5 11 5 -0.004782626860835075
0 5 11 6 0
0 5 11 7 0
0 5 11 8 0
0 5 11 9 0
0 5 11 10 0
0 5 11 11 0
0 5 11 12 0
0 5 11 13 0
0 5 11 14 0
0 5 11 15 0
0 5 12 0 -0.03797536025930687
0 5 12 1 0
0 5 12 2 0
0 5 12 3 0
0 5 12 4 0
0 5 12 5 0
0 5 12 6 0
0 5 12 7 0
0 5 12 8 0
0 5 12 9 0
0 5 12 10 0
0 5 12 11 0
0 5 12 12 0
0 5 12 13 0
0 5 12 14 0
0 5 12 15 0
0 5 13 0 0
0 5 13 1 0
0 5 13 2 0
0 5 13 3 0
0 5 13 4 0
0 5 13 5 0
0 5 13 6 0
0 5 13 7 0
0 5 13 8 0
0 5 13 9 0
0 5 13 10 0
0 5 13 11 0
0 5 13 12 0
0 5 13 13 0
0 5 13 14 0
0 5 13 15 0
0 5 14 0 0
0 5 14 1 0
0 5 14 2 0
0 5 14 3 0
0 5 14 4 0
0 5 14 5 0
0 5 14 6 0
0 5 14 7 0
0 5 14 8 0
0 5 14 9 0
0 5 14 10 0
0 5 14 11 0
0 5 14 12 0
0 5 14 13 0
0 5 14 14 0
0 5 14 15 0
0 5 15 0 0
0 5 15 1 0
0 5 15 2 0
0 5 15 3 0
0 5 15 4 0
0 5 15 5 0
0 5 15 6 0
0 5 15 7 0
0 5 15 8 0
0 5 15 9 0
0 5 15 10 0
0 5 15 11 0
0 5 15 12 0
0 5 15 13 0
0 5 15 14 0
0 5 15 15 0
0 6 0 0 0
0 6 0 1 0
0 6 0 2 0
0 6 0 3 0
0 6 0 4 0
0 6 0 5 0
0 6 0 6 1.641220672830286
0 6 0 7 0
0 6 0 8 0
0 6 0 9 0
0 6 0 10 0
0 6 0 11 0
0 6 0 12 0
0 6 0 13 0.08360114429406111
0 6 0 14 0
0 6 0 15 0
0 6 1 0 0
0 6 1 1 0
0 6 1 2 0
0 6 1 3 0
0 6 1 4 0
0 6 1 5 0
0 6 1 6 0
0 6 1 7 0
0 6 1 8 0
0 6 1 9 0
0 6 1 10 0
0 6 1 11 0
0 6 1 12 0
0 6 1 13 0
0 6 1 14 0
0 6 1 15 0
0 6 2 0 0
0 6 2 1 0
0 6 2 2 0
0 6 2 3 0
0 6 2 4 0
0 6 2 5 0
0 6 2 6 -7.063527626323503e-05
0 6 2 7 0
0 6 2 8 0
0 6 2 9 0
0 6 2 10 0
0 6 2 11 0
0 6 2 12 0
0 6 2 13 0
0 6 2 14 0
0 6 2 15 0
0 6 3 0 0
0 6 3 1 0
0 6 3 2 0
0 6 3 3 0
0 6 3 4 0
0 6 3 5 0
0 6 3 6 0
0 6 3 7 0
0 6 3 8 0
0 6 3 9 0
0 6 3 10 0
0 6 3 11 0
0 6 3 12 0
0 6 3 13 0
0 6 3 14 0
0 6 3 15 0
0 6 4 0 0
0 6 4 1 0
0 6 4 2 0
0 6 4 3 0
0 6 4 4 0
0 6 4 5 0
0 6 4 6 0
0 6 4 7 0
0 6 4 8 0
0 6 4 9 0
0 6 4 10 0
0 6 4 11 0
0 6 4 12 0
0 6 4 13 0
0 6 4 14 0
0 6 4 15 0
0 6 5 0 0
0 6 5 1 0
0 6 5 2 0
0 6 5 3 0
0 6 5 4 0
0 6 5 5 0
0 6 5 6 0
0 6 5 7 0
0 6 5 8 0
0 6 5 9 0
0 6 5 10 0
0 6 5 11 0
0 6 5 12 0
0 6 5 13 0
0 6 5 14 0
0 6 5 15 0
0 6 6 0 -0.820617390157847
0 6 6 1 0
0 6 6 2 2.153074244409905e-05
0 6 6 3 0
0 6 6 4 0
0 6 6 5 0
0 6 6 6 0
0 6 6 7 0
0 6 6 8 0
0 6 6 9 0
0 6 6 10 0
0 6 6 11 0.001633156721388663
0 6 6 12 0
0 6 6 13 0
0 6 6 14 0
0 6 6 15 0
0 6 7 0 0
0 6 7 1 0
0 6 7 2 0
0 6 7 3 0
0 6 7 4 0
0 6 7 5 0
0 6 7 6 0
0 6 7 7 0
0 6 7 8 0
0 6 7 9 0
0 6 7 10 0
0 6 7 11 0
0 6 7 12 0
0 6 7 13 0
0 6 7 14 0
0 6 7 15 0
0 6 8 0 0
0 6 8 1 0
0 6 8 2 0
0 6 8 3 0
0 6 8 4 0
0 6 8 5 0
0 6 8 6 0
0 6 8 7 0
0 6 8 8 0
0 6 8 9 0
0 6 8 10 0
0 6 8 11 0
0 6 8 12 0
0 6 8 13 0
0 6 8 14 0
0 6 8 15 0
0 6 9 0 0
0 6 9 1 0
0 6 9 2 0
0 6 9 3 0
0 6 9 4 0
0 6 9 5 0
0 6 9 6 0
0 6 9 7 0
0 6 9 8 0
0 6 9 9 0
0 6 9 10 0
0 6 9 11 0
0 6 9 12 0
0 6 9 13 0
0 6 9 14 0
0 6 9 15 0
0 6 10 0 0
0 6 10 1 0
0 6 10 2 0
0 6 10 3 0
0 6 10 4 0
0 6 10 5 0
0 6 10 6 0
0 6 10 7 0
0 6 10 8 0
0 6 10 9 0
0 6 10 10 0
0 6 10 11 0
0 6 10 12 0
0 6 10 13 0
0 6 10 14 0
0 6 10 15 0
0 6 11 0 0
0 6 11 1 0
0 6 11 2 0
0 6 11 3 0
0 6 11 4 0
0 6 11 5 0
0 6 11 6 -0.004782626860835075
0 6 11 7 0
0 6 11 8 0
0 6 11 9 0
0 6 11 10 0
0 6 11 11 0
0 6 11 12 0
0 6 11 13 0
0 6 11 14 0
0 6 11 15 0
0 6 12 0 0
0 6 12 1 0
0 6 12 2 0
0 6 12 3 0
0 6 12 4 0
0 6 12 5 0
0 6 12 6 0
0 6 12 7 0
0 6 12 8 0
0 6 12 9 0
0 6 12 10 0
0 6 12 11 0
0 6 12 12 0
0 6 12 13 0
0 6 12 14 0
0 6 12 15 0
0 6 13 0 -0.04180057214703055
0 6 13 1 0
0 6 13 2 0
0 6 13 3 0
0 6 13 4 0
0 6 13 5 0
0 6 13 6 0
0 6 13 7 0
0 6 13 8 0
0 6 13 9 0
0 6 13 10 0
0 6 13 11 0
0 6 13 12 0
0 6 13 13 0
0 6 13 14 0
0 6 13 15 0
0 6 14 0 0
0 6 14 1 0
0 6 14 2 0
0 6 14 3 0
0 6 14 4 0
0 6 14 5 0
0 6 14 6 0
0 6 14 7 0
0 6 14 8 0
0 6 14 9 0
0 6 14 10 0
0 6 14 11 0
0 6 14 12 0
0 6 14 13 0
0 6 14 14 0
0 6 14 15 0
0 6 15 0 0
0 6 15 1 0
0 6 15 2 0
0 6 15 3 0
0 6 15 4 0
0 6 15 5 0
0 6 15 6 0
0 6 15 7 0
0 6 15 8 0
0 6 15 9 0
0 6 15 10 0
0 6 15 11 0
0 6 15 12 0
0 6 15 13 0
0 6 15 14 0
0 6 15 15 0
0 7 0 0 0
0 7 0 1 0
0 7 0 2 0
0 7 0 3 0
0 7 0 4 0
0 7 0 5 0
0 7 0 6 0
0 7 0 7 0.7214670516362233
0 7 0 8 0
0 7 0 9 0
0 7 0 10 0
0 7 0 11 0
0 7 0 12 0
0 7 0 13 0
0 7 0 14 0
0 7 0 15 0
0 7 1 0 0
0 7 1 1 0
0 7 1 2 0
0 7 1 3 0
0 7 1 4 0
0 7 1 5 0
0 7 1 6 0
0 7 1 7 0
0 7 1 8 0
0 7 1 9 0
0 7 1 10 0
0 7 1 11 0
0 7 1 12 0
0 7 1 13 0
0 7 1 14 0
0 7 1 15 0
0 7 2 0 0
0 7 2 1 0
0 7 2 2 0
0 7 2 3 0
0 7 2 4 0
0 7 2 5 0
0 7 2 6 0
0 7 2 7 0
0 7 2 8 0
0 7 2 9 0
0 7 2 10 0
0 7 2 11 0
0 7 2 12 0
0 7 2 13 0
0 7 2 14 0
0 7 2 15 0
0 7 3 0 0
0 7 3 1 0
0 7 3 2 0
0 7 3 3 0
0 7 3 4 0
0 7 3 5 0
0 7 3 6 0
0 7 3 7 0
0 7 3 8 0
0 7 3 9 0
0 7 3 10 0
0 7 3 11 0
0 7 3 12 0
0 7 3 13 0
0 7 3 14 0
0 7 3 15 0
0 7 4 0 0
0 7 4 1 0
0 7 4 2 0
0 7 4 3 0
0 7 4 4 0
0 7 4 5 0
0 7 4 6 0
0 7 4 7 0
0 7 4 8 0
0 7 4 9 0
0 7 4 10 0
0 7 4 11 0
0 7 4 12 0
0 7 4 13 0
0 7 4 14 0
0 7 4 15 0
0 7 5 0 0
0 7 5 1 0
0 7 5 2 0
0 7 5 3 0
0 7 5 4 0
0 7 5 5 0
0 7 5 6 0
0 7 5 7 0
0 7 5 8 0
0 7 5 9 0
0 7 5 10 0
0 7 5 11 0
0 7 5 12 0
0 7 5 13 0
0 7 5 14 0
0 7 5 15 0
0 7 6 0 0
0 7 6 1 0
0 7 6 2 0
0 7 6 3 0
0 7 6 4 0
0 7 6 5 0
0 7 6 6 0
0 7 6 7 0
0 7 6 8 0
0 7 6 9 0
0 7 6 10 0
0 7 6 11 0
0 7 6 12 0
0 7 6 13 0
0 7 6 14 0
0 7 6 15 0
0 7 7 0 -0.3607335258181116
0 7 7 1 0
0 7 7 2 0
0 7 7 3 0
0 7 7 4 0
0 7 7 5 0
0 7 7 6 0
0 7 7 7 0
0 7 7 8 0
0 7 7 9 0
0 7 7 10 0
0 7 7 11 0.0007944478556881276
0 7 7 12 0
0 7 7 13 0
0 7 7 14 0
0 7 7 15 0
0 7 8 0 0
0 7 8 1 0
0 7 8 2 0
0 7 8 3 0
0 7 8 4 0
0 7 8 5 0
0 7 8 6 0
0 7 8 7 0
0 7 8 8 0
0 7 8 9 0
0 7 8 10 0
0 7 8 11 0
0 7 8 12 0
0 7 8 13 0
0 7 8 14 0
0 7 8 15 0
0 7 9 0 0
0 7 9 1 0
0 7 9 2 0
0 7 9 3 0
0 7 9 4 0
0 7 9 5 0
0 7 9 6 0
0 7 9 7 0
0 7 9 8 0
0 7 9 9 0
0 7 9 10 0
0 7 9 11 0
0 7 9 12 0
0 7 9 13 0
0 7 9 14 0
0 7 9 15 0
0 7 10 0 0
0 7 10 1 0
0 7 10 2 0
0 7 10 3 0
0 7 10 4 0
0 7 10 5 0
0 7 10 6 0
0 7 10 7 0
0 7 10 8 0
0 7 10 9 0
0 7 10 10 0
0 7 10 11 0
0 7 10 12 0
0 7 10 13 0
0 7 10 14 0
0 7 10 15 0
0 7 11 0 0
0 7 11 1 0
0 7 11 2 0
0 7 11 3 0
0 7 11 4 0
0 7 11 5 0
0 7 11 6 0
0 7 11 7 -0.001588895711376255
0 7 11 8 0
0 7 11 9 0
0 7 11 10 0
0 7 11 11 0
0 7 11 12 0
0 7 11 13 0
0 7 11 14 0
0 7 11 15 0
0 7 12 0 0
0 7 12 1 0
0 7 12 2 0
0 7 12 3 0
0 7 12 4 0
0 7 12 5 0
0 7 12 6 0
0 7 12 7 0
0 7 12 8 0
0 7 12 9 0
0 7 12 10 0
0 7 12 11 0
0 7 12 12 0
0 7 12 13 0
0 7 12 14 0
0 7 12 15 0
0 7 13 0 0
0 7 13 1 0
0 7 13 2 0
0 7 13 3 0
0 7 13 4 0
0 7 13 5 0
0 7 13 6 0
0 7 13 7 0
0 7 13 8 0
0 7 13 9 0
0 7 13 10 0
0 7 13 11 0
0 7 13 12 0
0 7 13 13 0
0 7 13 14 0
0 7 13 15 0
0 7 14 0 0
0 7 14 1 0
0 7 14 2 0
0 7 14 3 0
0 7 14 4 0
0 7 14 5 0
0 7 14 6 0
0 7 14 7 0
0 7 14 8 0
0 7 14 9 0
0 7 14 10 0
0 7 14 11 0
0 7 14 12 0
0 7 14 13 0
0 7 14 14 0
0 7 14 15 0
0 7 15 0 0
0 7 15 1 0
0 7 15 2 0
0 7 15 3 0
0 7 15 4 0
0 7 15 5 0
0 7 15 6 0
0 7 15 7 0
0 7 15 8 0
0 7 15 9 0
0 7 15 10 0
0 7 15 11 0
0 7 15 12 0
0 7 15 13 0
0 7 15 14 0
0 7 15 15 0
0 8 0 0 0
0 8 0 1 0
0 8 0 2 0
0 8 0 3 0.1098478024968849
0 8 0 4 0
0 8 0 5 0
0 8 0 6 0
0 8 0 7 0
0 8 0 8 0.007485691673799032
0 8 0 9 0
0 8 0 10 0
0 8 0 11 0
0 8 0 12 0
0 8 0 13 0
0 8 0 14 0
0 8 0 15 0
0 8 1 0 0
0 8 1 1 0
0 8 1 2 0
0 8 1 3 0
0 8 1 4 0
0 8 1 5 0
0 8 1 6 0
0 8 1 7 0
0 8 1 8 0
0 8 1 9 0
0 8 1 10 0
0 8 1 11 0
0 8 1 12 0
0 8 1 13 0
0 8 1 14 0
0 8 1 15 0
0 8 2 0 0
0 8 2 1 0
0 8 2 2 0
0 8 2 3 0
0 8 2 4 0
0 8 2 5 0
0 8 2 6 0
0 8 2 7 0
0 8 2 8 0
0 8 2 9 0
0 8 2 10 0
0 8 2 11 0
0 8 2 12 0
0 8 2 13 0
0 8 2 14 0
0 8 2 15 0
0 8 3 0 -0.05492390124844247
0 8 3 1 0
0 8 3 2 0
0 8 3 3 0
0 8 3 4 0
0 8 3 5 0
0 8 3 6 0
0 8 3 7 0
0 8 3 8 0
0 8 3 9 0
0 8 3 10 0
0 8 3 11 0.0001904619964152033
0 8 3 12 0
0 8 3 13 0
0 8 3 14 0
0 8 3 15 0
0 8 4 0 0
0 8 4 1 0
0 8 4 2 0
0 8 4 3 0
0 8 4 4 0
0 8 4 5 0
0 8 4 6 0
0 8 4 7 0
0 8 4 8 0
0 8 4 9 0
0 8 4 10 0
0 8 4 11 0
0 8 4 12 0
0 8 4 13 0
0 8 4 14 0
0 8 4 15 0
0 8 5 0 0
0 8 5 1 0
0 8 5 2 0
0 8 5 3 0
0 8 5 4 0
0 8 5 5 0
0 8 5 6 0
0 8 5 7 0
0 8 5 8 0
0 8 5 9 0
0 8 5 10 0
0 8 5 11 0
0 8 5 12 0
0 8 5 13 0
0 8 5 14 0
0 8 5 15 0
0 8 6 0 0
0 8 6 1 0
0 8 6 2 0
0 8 6 3 0
0 8 6 4 0
0 8 6 5 0
0 8 6 6 0
0 8 6 7 0
0 8 6 8 0
0 8 6 9 0
0 8 6 10 0
0 8 6 11 0
0 8 6 12 0
0 8 6 13 0
0 8 6 14 0
0 8 6 15 0
0 8 7 0 0
0 8 7 1 0
0 8 7 2 0
0 8 7 3 0
0 8 7 4 0
0 8 7 5 0
0 8 7 6 0
0 8 7 7 0
0 8 7 8 0
0 8 7 9 0
0 8 7 10 0
0 8 7 11 0
0 8 7 12 0
0 8 7 13 0
0 8 7 14 0
0 8 7 15 0
0 8 8 0 -0.003742845836899517
0 8 8 1 0
0 8 8 2 0
0 8 8 3 0
0 8 8 4 0
0 8 8 5 0
0 8 8 6 0
0 8 8 7 0
0 8 8 8 0
0 8 8 9 0
0 8 8 10 0
0 8 8 11 0
0 8 8 12 0
0 8 8 13 0
0 8 8 14 0
0 8 8 15 0
0 8 9 0 0
0 8 9 1 0
0 8 9 2 0
0 8 9 3 0
0 8 9 4 0
0 8 9 5 0
0 8 9 6 0
0 8 9 7 0
0 8 9 8 0
0 8 9 9 0
0 8 9 10 0
0 8 9 11 0
0 8 9 12 0
0 8 9 13 0
0 8 9 14 0
0 8 9 15 0
0 8 10 0 0
0 8 10 1 0
0 8 10 2 0
0 8 10 3 0
0 8 10 4 0
0 8 10 5 0
0 8 10 6 0
0 8 10 7 0
0 8 10 8 0
0 8 10 9 0
0 8 10 10 0
0 8 10 11 0
0 8 10 12 0
0 8 10 13 0
0 8 10 14 0
0 8 10 15 0
0 8 11 0 0
0 8 11 1 0
0 8 11 2 0
0 8 11 3 -0.0002859657606227859
0 8 11 4 0
0 8 11 5 0
0 8 11 6 0
0 8 11 7 0
0 8 11 8 0
0 8 11 9 0
0 8 11 10 0
0 8 11 11 0
0 8 11 12 0
0 8 11 13 0
0 8 11 14 0
0 8 11 15 0
0 8 12 0 0
0 8 12 1 0
0 8 12 2 0
0 8 12 3 0
0 8 12 4 0
0 8 12 5 0
0 8 12 6 0
0 8 12 7 0
0 8 12 8 0
0 8 12 9 0
0 8 12 10 0
0 8 12 11 0
0 8 12 12 0
0 8 12 13 0
0 8 12 14 0
0 8 12 15 0
0 8 13 0 0
0 8 13 1 0
0 8 13 2 0
0 8 13 3 0
0 8 13 4 0
0 8 13 5 0
0 8 13 6 0
0 8 13 7 0
0 8 13 8 0
0 8 13 9 0
0 8 13 10 0
0 8 13 11 0
0 8 13 12 0
0 8 13 13 0
0 8 13 14 0
0 8 13 15 0
0 8 14 0 0
0 8 14 1 0
0 8 14 2 0
0 8 14 3 0
0 8 14 4 0
0 8 14 5 0
0 8 14 6 0
0 8 14 7 0
0 8 14 8 0
0 8 14 9 0
0 8 14 10 0
0 8 14 11 0
0 8 14 12 0
0 8 14 13 0
0 8 14 14 0
0 8 14 15 0
0 8 15 0 0
0 8 15 1 0
0 8 15 2 0
0 8 15 3 0
0 8 15 4 0
0 8 15 5 0
0 8 15 6 0
0 8 15 7 0
0 8 15 8 0
0 8 15 9 0
0 8 15 10 0
0 8 15 11 0
0 8 15 12 0
0 8 15 13 0
0 8 15 14 0
0 8 15 15 0
0 9 0 0 0
0 9 0 1 0
0 9 0 2 0
0 9 0 3 0
0 9 0 4 0.1143771736763142
0 9 0 5 0
0 9 0 6 0
0 9 0 7 0
0 9 0 8 0
0 9 0 9 0.007477775895661566
0 9 0 10 0
0 9 0 11 0
0 9 0 12 0
0 9 0 13 0
0 9 0 14 0
0 9 0 15 0
0 9 1 0 0
0 9 1 1 0
0 9 1 2 0
0 9 1 3 0
0 9 1 4 0
0 9 1 5 0
0 9 1 6 0
0 9 1 7 0
0 9 1 8 0
0 9 1 9 0
0 9 1 10 0
0 9 1 11 0
0 9 1 12 0
0 9 1 13 0
0 9 1 14 0
0 9 1 15 0
0 9 2 0 0
0 9 2 1 0
0 9 2 2 0
0 9 2 3 0
0 9 2 4 0
0 9 2 5 0
0 9 2 6 0
0 9 2 7 0
0 9 2 8 0
0 9 2 9 0
0 9 2 10 0
0 9 2 11 0
0 9 2 12 0
0 9 2 13 0
0 9 2 14 0
0 9 2 15 0
0 9 3 0 0
0 9 3 1 0
0 9 3 2 0
0 9 3 3 0
0 9 3 4 0
0 9 3 5 0
0 9 3 6 0
0 9 3 7 0
0 9 3 8 0
0 9 3 9 0
0 9 3 10 0
0 9 3 11 0
0 9 3 12 0
0 9 3 13 0
0 9 3 14 0
0 9 3 15 0
0 9 4 0 -0.05718858683815708
0 9 4 1 0
0 9 4 2 0
0 9 4 3 0
0 9 4 4 0
0 9 4 5 0
0 9 4 6 0
0 9 4 7 0
0 9 4 8 0
0 9 4 9 0
0 9 4 10 0
0 9 4 11 0.0001901461809683402
0 9 4 12 0
0 9 4 13 0
0 9 4 14 0
0 9 4 15 0
0 9 5 0 0
0 9 5 1 0
0 9 5 2 0
0 9 5 3 0
0 9 5 4 0
0 9 5 5 0
0 9 5 6 0
0 9 5 7 0
0 9 5 8 0
0 9 5 9 0
0 9 5 10 0
0 9 5 11 0
0 9 5 12 0
0 9 5 13 0
0 9 5 14 0
0 9 5 15 0
0 9 6 0 0
0 9 6 1 0
0 9 6 2 0
0 9 6 3 0
0 9 6 4 0
0 9 6 5 0
0 9 6 6 0
0 9 6 7 0
0 9 6 8 0
0 9 6 9 0
0 9 6 10 0
0 9 6 11 0
0 9 6 12 0
0 9 6 13 0
0 9 6 14 0
0 9 6 15 0
0 9 7 0 0
0 9 7 1 0
0 9 7 2 0
0 9 7 3 0
0 9 7 4 0
0 9 7 5 0
0 9 7 6 0
0 9 7 7 0
0 9 7 8 0
0 9 7 9 0
0 9 7 10 0
0 9 7 11 0
0 9 7 12 0
0 9 7 13 0
0 9 7 14 0
0 9 7 15 0
0 9 8 0 0
0 9 8 1 0
0 9 8 2 0
0 9 8 3 0
0 9 8 4 0
0 9 8 5 0
0 9 8 6 0
0 9 8 7 0
0 9 8 8 0
0 9 8 9 0
0 9 8 10 0
0 9 8 11 0
0 9 8 12 0
0 9 8 13 0
0 9 8 14 0
0 9 8 15 0
0 9 9 0 -0.003738887947830783
0 9 9 1 0
0 9 9 2 0
0 9 9 3 0
0 9 9 4 0
0 9 9 5 0
0 9 9 6 0
0 9 9 7 0
0 9 9 8 0
0 9 9 9 0
0 9 9 10 0
0 9 9 11 0
0 9 9 12 0
0 9 9 13 0
0 9 9 14 0
0 9 9 15 0
0 9 10 0 0
0 9 10 1 0
0 9 10 2 0
0 9 10 3 0
0 9 10 4 0
0 9 10 5 0
0 9 10 6 0
0 9 10 7 0
0 9 10 8 0
0 9 10 9 0
0 9 10 10 0
0 9 10 11 0
0 9 10 12 0
0 9 10 13 0
0 9 10 14 0
0 9 10 15 0
0 9 11 0 0
0 9 11 1 0
0 9 11 2 0
0 9 11 3 0
0 9 11 4 -0.0002799206997615772
0 9 11 5 0
0 9 11 6 0
0 9 11 7 0
0 9 11 8 0
0 9 11 9 0
0 9 11 10 0
0 9 11 11 0
0 9 11 12 0
0 9 11 13 0
0 9 11 14 0
0 9 11 15 0
0 9 12 0 0
0 9 12 1 0
0 9 12 2 0
0 9 12 3 0
0 9 12 4 0
0 9 12 5 0
0 9 12 6 0
0 9 12 7 0
0 9 12 8 0
0 9 12 9 0
0 9 12 10 0
0 9 12 11 0
0 9 12 12 0
0 9 12 13 0
0 9 12 14 0
0 9 12 15 0
0 9 13 0 0
0 9 13 1 0
0 9 13 2 0
0 9 13 3 0
0 9 13 4 0
0 9 13 5 0
0 9 13 6 0
0 9 13 7 0
0 9 13 8 0
0 9 13 9 0
0 9 13 10 0
0 9 13 11 0
0 9 13 12 0
0 9 13 13 0
0 9 13 14 0
0 9 13 15 0
0 9 14 0 0
0 9 14 1 0
0 9 14 2 0
0 9 14 3 0
0 9 14 4 0
0 9 14 5 0
0 9 14 6 0
0 9 14 7 0
0 9 14 8 0
0 9 14 9 0
0 9 14 10 0
0 9 14 11 0
0 9 14 12 0
0 9 14 13 0
0 9 14 14 0
0 9 14 15 0
0 9 15 0 0
0 9 15 1 0
0 9 15 2 0
0 9 15 3 0
0 9 15 4 0
0 9 15 5 0
0 9 15 6 0
0 9 15 7 0
0 9 15 8 0
0 9 15 9 0
0 9 15 10 0
0 9 15 11 0
0 9 15 12 0
0 9 15 13 0
0 9 15 14 0
0 9 15 15 0
0 10 0 0 0
0 10 0 1 0
0 10 0 2 0
0 10 0 3 0
0 10 0 4 0
0 10 0 5 0
0 10 0 6 0
0 10 0 7 0
0 10 0 8 0
0 10 0 9 0
0 10 0 10 0
0 10 0 11 0
0 10 0 12 0
0 10 0 13 0
0 10 0 14 0
0 10 0 15 0
0 10 1 0 0
0 10 1 1 0
0 10 1 2 0
0 10 1 3 0
0 10 1 4 0
0 10 1 5 0
0 10 1 6 0
0 10 1 7 0
0 10 1 8 0
0 10 1 9 0
0 10 1 10 0
0 10 1 11 0
0 10 1 12 0
0 10 1 13 0
0 10 1 14 0
0 10 1 15 0
0 10 2 0 0
0 10 2 1 0
0 10 2 2 0
0 10 2 3 0
0 10 2 4 0
0 10 2 5 0
0 10 2 6 0
0 10 2 7 0
0 10 2 8 0
0 10 2 9 0
0 10 2 10 0
0 10 2 11 0
0 10 2 12 0
0 10 2 13 0
0 10 2 14 0
0 10 2 15 0
0 10 3 0 0
0 10 3 1 0
0 10 3 2 0
0 10 3 3 0
0 10 3 4 0
0 10 3 5 0
0 10 3 6 0
0 10 3 7 0
0 10 3 8 0
0 10 3 9 0
0 10 3 10 0
0 10 3 11 0
0 10 3 12 0
0 10 3 13 0
0 10 3 14 0
0 10 3 15 0
0 10 4 0 0
0 10 4 1 0
0 10 4 2 0
0 10 4 3 0
0 10 4 4 0
0 10 4 5 0
0 10 4 6 0
0 10 4 7 0
0 10 4 8 0
0 10 4 9 0
0 10 4 10 0
0 10 4 11 0
0 10 4 12 0
0 10 4 13 0
0 10 4 14 0
0 10 4 15 0
0 10 5 0 0
0 10 5 1 0
0 10 5 2 0
0 10 5 3 0
0 10 5 4 0
0 10 5 5 0
0 10 5 6 0
0 10 5 7 0
0 10 5 8 0
0 10 5 9 0
0 10 5 10 0
0 10 5 11 0
0 10 5 12 0
0 10 5 13 0
0 10 5 14 0
0 10 5 15 0
0 10 6 0 0
0 10 6 1 0
0 10 6 2 0
0 10 6 3 0
0 10 6 4 0
0 10 6 5 0
0 10 6 6 0
0 10 6 7 0
0 10 6 8 0
0 10 6 9 0
0 10 6 10 0
0 10 6 11 0
0 10 6 12 0
0 10 6 13 0
0 10 6 14 0
0 10 6 15 0
0 10 7 0 0
0 10 7 1 0
0 10 7 2 0
0 10 7 3 0
0 10 7 4 0
0 10 7 5 0
0 10 7 6 0
0 10 7 7 0
0 10 7 8 0
0 10 7 9 0
0 10 7 10 0
0 10 7 11 0
0 10 7 12 0
0 10 7 13 0
0 10 7 14 0
0 10 7 15 0
0 10 8 0 0
0 10 8 1 0
0 10 8 2 0
0 10 8 3 0
0 10 8 4 0
0 10 8 5 0
0 10 8 6 0
0 10 8 7 0
0 10 8 8 0
0 10 8 9 0
0 10 8 10 0
0 10 8 11 0
0 10 8 12 0
0 10 8 13 0
0 10 8 14 0
0 10 8 15 0
0 10 9 0 0
0 10 9 1 0
0 10 9 2 0
0 10 9 3 0
0 10 9 4 0
0 10 9 5 0
0 10 9 6 0
0 10 9 7 0
0 10 9 8 0
0 10 9 9 0
0 10 9 10 0
0 10 9 11 0
0 10 9 12 0
0 10 9 13 0
0 10 9 14 0
0 10 9 15 0
0 10 10 0 0
0 10 10 1 0
0 10 10 2 0
0 10 10 3 0
0 10 10 4 0
0 10 10 5 0
0 10 10 6 0
0 10 10 7 0
0 10 10 8 0
0 10 10 9 0
0 10 10 10 0
0 10 10 11 0
0 10 10 12 0
0 10 10 13 0
0 10 10 14 0
0 10 10 15 0
0 10 11 0 0
0 10 11 1 0
0 10 11 2 0
0 10 11 3 0
0 10 11 4 0
0 10 11 5 0
0 10 11 6 0
0 10 11 7 0
0 10 11 8 0
0 10 11 9 0
0 10 11 10 0
0 10 11 11 0
0 10 11 12 0
0 10 11 13 0
0 10 11 14 0
0 10 11 15 0
0 10 12 0 0
0 10 12 1 0
0 10 12 2 0
0 10 12 3 0
0 10 12 4 0
0 10 12 5 0
0 10 12 6 0
0 10 12 7 0
0 10 12 8 0
0 10 12 9 0
0 10 12 10 0
0 10 12 11 0
0 10 12 12 0
0 10 12 13 0
0 10 12 14 0
0 10 12 15 0
0 10 13 0 0
0 10 13 1 0
0 10 13 2 0
0 10 13 3 0
0 10 13 4 0
0 10 13 5 0
0 10 13 6 0
0 10 13 7 0
0 10 13 8 0
0 10 13 9 0
0 10 13 10 0
0 10 13 11 0
0 10 13 12 0
0 10 13 13 0
0 10 13 14 0
0 10 13 15 0
0 10 14 0 0
0 10 14 1 0
0 10 14 2 0
0 10 14 3 0
0 10 14 4 0
0 10 14 5 0
0 10 14 6 0
0 10 14 7 0
0 10 14 8 0
0 10 14 9 0
0 10 14 10 0
0 10 14 11 0
0 10 14 12 0
0 10 14 13 0
0 10 14 14 0
0 10 14 15 0
0 10 15 0 0
0 10 15 1 0
0 10 15 2 0
0 10 15 3 0
0 10 15 4 0
0 10 15 5 0
0 10 15 6 0
0 10 15 7 0
0 10 15 8 0
0 10 15 9 0
0 10 15 10 0
0 10 15 11 0
0 10 15 12 0
0 10 15 13 0
0 10 15 14 0
0 10 15 15 0
0 11 0 0 -0.004782626860835075
0 11 0 1 0
0 11 0 2 -0.02182969404964079
0 11 0 3 0
0 11 0 4 0
0 11 0 5 0
0 11 0 6 0
0 11 0 7 0
0 11 0 8 0
0 11 0 9 0
0 11 0 10 0
0 11 0 11 0.000426329048333253
0 11 0 12 0
0 11 0 13 0
0 11 0 14 -0.0006613572682336858
0 11 0 15 0
0 11 1 0 0
0 11 1 1 0
0 11 1 2 0
0 11 1 3 0
0 11 1 4 0
0 11 1 5 0
0 11 1 6 0
0 11 1 7 0
0 11 1 8 0
0 11 1 9 0
0 11 1 10 0
0 11 1 11 0
0 11 1 12 0
0 11 1 13 0
0 11 1 14 0
0 11 1 15 0
0 11 2 0 0.0109148470248204
0 11 2 1 0
0 11 2 2 0
0 11 2 3 0
0 11 2 4 0
0 11 2 5 0
0 11 2 6 0
0 11 2 7 0
0 11 2 8 0
0 11 2 9 0
0 11 2 10 0
0 11 2 11 -7.063527626323503e-05
0 11 2 12 0
0 11 2 13 0
0 11 2 14 0
0 11 2 15 0
0 11 3 0 0
0 11 3 1 0
0 11 3 2 0
0 11 3 3 0
0 11 3 4 0
0 11 3 5 0
0 11 3 6 0
0 11 3 7 0
0 11 3 8 0
0 11 3 9 0
0 11 3 10 0
0 11 3 11 0
0 11 3 12 0
0 11 3 13 0
0 11 3 14 0
0 11 3 15 0
0 11 4 0 0
0 11 4 1 0
0 11 4 2 0
0 11 4 3 0
0 11 4 4 0
0 11 4 5 0
0 11 4 6 0
0 11 4 7 0
0 11 4 8 0
0 11 4 9 0
0 11 4 10 0
0 11 4 11 0
0 11 4 12 0
0 11 4 13 0
0 11 4 14 0
0 11 4 15 0
0 11 5 0 0
0 11 5 1 0
0 11 5 2 0
0 11 5 3 0
0 11 5 4 0
0 11 5 5 0
0 11 5 6 0
0 11 5 7 0
0 11 5 8 0
0 11 5 9 0
0 11 5 10 0
0 11 5 11 0
0 11 5 12 0
0 11 5 13 0
0 11 5 14 0
0 11 5 15 0
0 11 6 0 0
0 11 6 1 0
0 11 6 2 0
0 11 6 3 0
0 11 6 4 0
0 11 6 5 0
0 11 6 6 0
0 11 6 7 0
0 11 6 8 0
0 11 6 9 0
0 11 6 10 0
0 11 6 11 0
0 11 6 12 0
0 11 6 13 0
0 11 6 14 0
0 11 6 15 0
0 11 7 0 0
0 11 7 1 0
0 11 7 2 0
0 11 7 3 0
0 11 7 4 0
0 11 7 5 0
0 11 7 6 0
0 11 7 7 0
0 11 7 8 0
0 11 7 9 0
0 11 7 10 0
0 11 7 11 0
0 11 7 12 0
0 11 7 13 0
0 11 7 14 0
0 11 7 15 0
0 11 8 0 0
0 11 8 1 0
0 11 8 2 0
0 11 8 3 0
0 11 8 4 0
0 11 8 5 0
0 11 8 6 0
0 11 8 7 0
0 11 8 8 0
0 11 8 9 0
0 11 8 10 0
0 11 8 11 0
0 11 8 12 0
0 11 8 13 0
0 11 8 14 0
0 11 8 15 0
0 11 9 0 0
0 11 9 1 0
0 11 9 2 0
0 11 9 3 0
0 11 9 4 0
0 11 9 5 0
0 11 9 6 0
0 11 9 7 0
0 11 9 8 0
0 11 9 9 0
0 11 9 10 0
0 11 9 11 0
0 11 9 12 0
0 11 9 13 0
0 11 9 14 0
0 11 9 15 0
0 11 10 0 0
0 11 10 1 0
0 11 10 2 0
0 11 10 3 0
0 11 10 4 0
0 11 10 5 0
0 11 10 6 0
0 11 10 7 0
0 11 10 8 0
0 11 10 9 0
0 11 10 10 0
0 11 10 11 0
0 11 10 12 0
0 11 10 13 0
0 11 10 14 0
0 11 10 15 0
0 11 11 0 -0.0001710094934633585
0 11 11 1 0
0 11 11 2 0.0001336541507251964
0 11 11 3 0
0 11 11 4 0
0 11 11 5 0
0 11 11 6 0
0 11 11 7 0
0 11 11 8 0
0 11 11 9 0
0 11 11 10 0
0 11 11 11 0
0 11 11 12 0
0 11 11 13 0
0 11 11 14 0
0 11 11 15 0
0 11 12 0 0
0 11 12 1 0
0 11 12 2 0
0 11 12 3 0
0 11 12 4 0
0 11 12 5 0
0 11 12 6 0
0 11 12 7 0
0 11 12 8 0
0 11 12 9 0
0 11 12 10 0
0 11 12 11 0
0 11 12 12 0
0 11 12 13 0
0 11 12 14 0
0 11 12 15 0
0 11 13 0 0
0 11 13 1 0
0 11 13 2 0
0 11 13 3 0
0 11 13 4 0
0 11 13 5 0
0 11 13 6 0
0 11 13 7 0
0 11 13 8 0
0 11 13 9 0
0 11 13 10 0
0 11 13 11 0
0 11 13 12 0
0 11 13 13 0
0 11 13 14 0
0 11 13 15 0
0 11 14 0 0.0003306786341168429
0 11 14 1 0
0 11 14 2 0
0 11 14 3 0
0 11 14 4 0
0 11 14 5 0
0 11 14 6 0
0 11 14 7 0
0 11 14 8 0
0 11 14 9 0
0 11 14 10 0
0 11 14 11 0
0 11 14 12 0
0 11 14 13 0
0 11 14 14 0
0 11 14 15 0
0 11 15 0 0
0 11 15 1 0
0 11 15 2 0
0 11 15 3 0
0 11 15 4 0
0 11 15 5 0
0 11 15 6 0
0 11 15 7 0
0 11 15 8 0
0 11 15 9 0
0 11 15 10 0
0 11 15 11 0
0 11 15 12 0
0 11 15 13 0
0 11 15 14 0
0 11 15 15 0
0 12 0 0 0
0 12 0 1 0
0 12 0 2 0
0 12 0 3 0
0 12 0 4 0
0 12 0 5 0.07595072051861373
0 12 0 6 0
0 12 0 7 0
0 12 0 8 0
0 12 0 9 0
0 12 0 10 0
0 12 0 11 0
0 12 0 12 0.006263668286685757
0 12 0 13 0
0 12 0 14 0
0 12 0 15 0
0 12 1 0 0
0 12 1 1 0
0 12 1 2 0
0 12 1 3 0
0 12 1 4 0
0 12 1 5 0
0 12 1 6 0
0 12 1 7 0
0 12 1 8 0
0 12 1 9 0
0 12 1 10 0
0 12 1 11 0
0 12 1 12 0
0 12 1 13 0
0 12 1 14 0
0 12 1 15 0
0 12 2 0 0
0 12 2 1 0
0 12 2 2 0
0 12 2 3 0
0 12 2 4 0
0 12 2 5 0
0 12 2 6 0
0 12 2 7 0
0 12 2 8 0
0 12 2 9 0
0 12 2 10 0
0 12 2 11 0
0 12 2 12 0
0 12 2 13 0
0 12 2 14 0
0 12 2 15 0
0 12 3 0 0
0 12 3 1 0
0 12 3 2 0
0 12 3 3 0
0 12 3 4 0
0 12 3 5 0
0 12 3 6 0
0 12 3 7 0
0 12 3 8 0
0 12 3 9 0
0 12 3 10 0
0 12 3 11 0
0 12 3 12 0
0 12 3 13 0
0 12 3 14 0
0 12 3 15 0
0 12 4 0 0
0 12 4 1 0
0 12 4 2 0
0 12 4 3 0
0 12 4 4 0
0 12 4 5 0
0 12 4 6 0
0 12 4 7 0
0 12 4 8 0
0 12 4 9 0
0 12 4 10 0
0 12 4 11 0
0 12 4 12 0
0 12 4 13 0
0 12 4 14 0
0 12 4 15 0
0 12 5 0 -0.03797536025930687
0 12 5 1 0
0 12 5 2 0
0 12 5 3 0
0 12 5 4 0
0 12 5 5 0
0 12 5 6 0
0 12 5 7 0
0 12 5 8 0
0 12 5 9 0
0 12 5 10 0
0 12 5 11 0.0001093681787962762
0 12 5 12 0
0 12 5 13 0
0 12 5 14 0
0 12 5 15 0
0 12 6 0 0
0 12 6 1 0
0 12 6 2 0
0 12 6 3 0
0 12 6 4 0
0 12 6 5 0
0 12 6 6 0
0 12 6 7 0
0 12 6 8 0
0 12 6 9 0
0 12 6 10 0
0 12 6 11 0
0 12 6 12 0
0 12 6 13 0
0 12 6 14 0
0 12 6 15 0
0 12 7 0 0
0 12 7 1 0
0 12 7 2 0
0 12 7 3 0
0 12 7 4 0
0 12 7 5 0
0 12 7 6 0
0 12 7 7 0
0 12 7 8 0
0 12 7 9 0
0 12 7 10 0
0 12 7 11 0
0 12 7 12 0
0 12 7 13 0
0 12 7 14 0
0 12 7 15 0
0 12 8 0 0
0 12 8 1 0
0 12 8 2 0
0 12 8 3 0
0 12 8 4 0
0 12 8 5 0
0 12 8 6 0
0 12 8 7 0
0 12 8 8 0
0 12 8 9 0
0 12 8 10 0
0 12 8 11 0
0 12 8 12 0
0 12 8 13 0
0 12 8 14 0
0 12 8 15 0
0 12 9 0 0
0 12 9 1 0
0 12 9 2 0
0 12 9 3 0
0 12 9 4 0
0 12 9 5 0
0 12 9 6 0
0 12 9 7 0
0 12 9 8 0
0 12 9 9 0
0 12 9 10 0
0 12 9 11 0
0 12 9 12 0
0 12 9 13 0
0 12 9 14 0
0 12 9 15 0
0 12 10 0 0
0 12 10 1 0
0 12 10 2 0
0 12 10 3 0
0 12 10 4 0
0 12 10 5 0
0 12 10 6 0
0 12 10 7 0
0 12 10 8 0
0 12 10 9 0
0 12 10 10 0
0 12 10 11 0
0 12 10 12 0
0 12 10 13 0
0 12 10 14 0
0 12 10 15 0
0 12 11 0 0
0 12 11 1 0
0 12 11 2 0
0 12 11 3 0
0 12 11 4 0
0 12 11 5 -0.0002553689772272461
0 12 11 6 0
0 12 11 7 0
0 12 11 8 0
0 12 11 9 0
0 12 11 10 0
0 12 11 11 0
0 12 11 12 0
0 12 11 13 0
0 12 11 14 0
0 12 11 15 0
0 12 12 0 -0.003131834143342878
0 12 12 1 0
0 12 12 2 0
0 12 12 3 0
0 12 12 4 0
0 12 12 5 0
0 12 12 6 0
0 12 12 7 0
0 12 12 8 0
0 12 12 9 0
0 12 12 10 0
0 12 12 11 0
0 12 12 12 0
0 12 12 13 0
0 12 12 14 0
0 12 12 15 0
0 12 13 0 0
0 12 13 1 0
0 12 13 2 0
0 12 13 3 0
0 12 13 4 0
0 12 13 5 0
0 12 13 6 0
0 12 13 7 0
0 12 13 8 0
0 12 13 9 0
0 12 13 10 0
0 12 13 11 0
0 12 13 12 0
0 12 13 13 0
0 12 13 14 0
0 12 13 15 0
0 12 14 0 0
0 12 14 1 0
0 12 14 2 0
0 12 14 3 0
0 12 14 4 0
0 12 14 5 0
0 12 14 6 0
0 12 14 7 0
0 12 14 8 0
0 12 14 9 0
0 12 14 10 0
0 12 14 11 0
0 12 14 12 0
0 12 14 13 0
0 12 14 14 0
0 12 14 15 0
0 12 15 0 0
0 12 15 1 0
0 12 15 2 0
0 12 15 3 0
0 12 15 4 0
0 12 15 5 0
0 12 15 6 0
0 12 15 7 0
0 12 15 8 0
0 12 15 9 0
0 12 15 10 0
0 12 15 11 0
0 12 15 12 0
0 12 15 13 0
0 12 15 14 0
0 12 15 15 0
0 13 0 0 0
0 13 0 1 0
0 13 0 2 0
0 13 0 3 0
0 13 0 4 0
0 13 0 5 0
0 13 0 6 0.08360114429406111
0 13 0 7 0
0 13 0 8 0
0 13 0 9 0
0 13 0 10 0
0 13 0 11 0
0 13 0 12 0
0 13 0 13 0.006458847761373811
0 13 0 14 0
0 13 0 15 0
0 13 1 0 0
0 13 1 1 0
0 13 1 2 0
0 13 1 3 0
0 13 1 4 0
0 13 1 5 0
0 13 1 6 0
0 13 1 7 0
0 13 1 8 0
0 13 1 9 0
0 13 1 10 0
0 13 1 11 0
0 13 1 12 0
0 13 1 13 0
0 13 1 14 0
0 13 1 15 0
0 13 2 0 0
0 13 2 1 0
0 13 2 2 0
0 13 2 3 0
0 13 2 4 0
0 13 2 5 0
0 13 2 6 0
0 13 2 7 0
0 13 2 8 0
0 13 2 9 0
0 13 2 10 0
0 13 2 11 0
0 13 2 12 0
0 13 2 13 0
0 13 2 14 0
0 13 2 15 0
0 13 3 0 0
0 13 3 1 0
0 13 3 2 0
0 13 3 3 0
0 13 3 4 0
0 13 3 5 0
0 13 3 6 0
0 13 3 7 0
0 13 3 8 0
0 13 3 9 0
0 13 3 10 0
0 13 3 11 0
0 13 3 12 0
0 13 3 13 0
0 13 3 14 0
0 13 3 15 0
0 13 4 0 0
0 13 4 1 0
0 13 4 2 0
0 13 4 3 0
0 13 4 4 0
0 13 4 5 0
0 13 4 6 0
0 13 4 7 0
0 13 4 8 0
0 13 4 9 0
0 13 4 10 0
0 13 4 11 0
0 13 4 12 0
0 13 4 13 0
0 13 4 14 0
0 13 4 15 0
0 13 5 0 0
0 13 5 1 0
0 13 5 2 0
0 13 5 3 0
0 13 5 4 0
0 13 5 5 0
0 13 5 6 0
0 13 5 7 0
0 13 5 8 0
0 13 5 9 0
0 13 5 10 0
0 13 5 11 0
0 13 5 12 0
0 13 5 13 0
0 13 5 14 0
0 13 5 15 0
0 13 6 0 -0.04180057214703056
0 13 6 1 0
0 13 6 2 0
0 13 6 3 0
0 13 6 4 0
0 13 6 5 0
0 13 6 6 0
0 13 6 7 0
0 13 6 8 0
0 13 6 9 0
0 13 6 10 0
0 13 6 11 0.0001066631911930183
0 13 6 12 0
0 13 6 13 0
0 13 6 14 0
0 13 6 15 0
0 13 7 0 0
0 13 7 1 0
0 13 7 2 0
0 13 7 3 0
0 13 7 4 0
0 13 7 5 0
0 13 7 6 0
0 13 7 7 0
0 13 7 8 0
0 13 7 9 0
0 13 7 10 0
0 13 7 11 0
0 13 7 12 0
0 13 7 13 0
0 13 7 14 0
0 13 7 15 0
0 13 8 0 0
0 13 8 1 0
0 13 8 2 0
0 13 8 3 0
0 13 8 4 0
0 13 8 5 0
0 13 8 6 0
0 13 8 7 0
0 13 8 8 0
0 13 8 9 0
0 13 8 10 0
0 13 8 11 0
0 13 8 12 0
0 13 8 13 0
0 13 8 14 0
0 13 8 15 0
0 13 9 0 0
0 13 9 1 0
0 13 9 2 0
0 13 9 3 0
0 13 9 4 0
0 13 9 5 0
0 13 9 6 0
0 13 9 7 0
0 13 9 8 0
0 13 9 9 0
0 13 9 10 0
0 13 9 11 0
0 13 9 12 0
0 13 9 13 0
0 13 9 14 0
0 13 9 15 0
0 13 10 0 0
0 13 10 1 0
0 13 10 2 0
0 13 10 3 0
0 13 10 4 0
0 13 10 5 0
0 13 10 6 0
0 13 10 7 0
0 13 10 8 0
0 13 10 9 0
0 13 10 10 0
0 13 10 11 0
0 13 10 12 0
0 13 10 13 0
0 13 10 14 0
0 13 10 15 0
0 13 11 0 0
0 13 11 1 0
0 13 11 2 0
0 13 11 3 0
0 13 11 4 0
0 13 11 5 0
0 13 11 6 -0.000252295891708854
0 13 11 7 0
0 13 11 8 0
0 13 11 9 0
0 13 11 10 0
0 13 11 11 0
0 13 11 12 0
0 13 11 13 0
0 13 11 14 0
0 13 11 15 0
0 13 12 0 0
0 13 12 1 0
0 13 12 2 0
0 13 12 3 0
0 13 12 4 0
0 13 12 5 0
0 13 12 6 0
0 13 12 7 0
0 13 12 8 0
0 13 12 9 0
0 13 12 10 0
0 13 12 11 0
0 13 12 12 0
0 13 12 13 0
0 13 12 14 0
0 13 12 15 0
0 13 13 0 -0.003229423880686906
0 13 13 1 0
0 13 13 2 0
0 13 13 3 0
0 13 13 4 0
0 13 13 5 0
0 13 13 6 0
0 13 13 7 0
0 13 13 8 0
0 13 13 9 0
0 13 13 10 0
0 13 13 11 0
0 13 13 12 0
0 13 13 13 0
0 13 13 14 0
0 13 13 15 0
0 13 14 0 0
0 13 14 1 0
0 13 14 2 0
0 13 14 3 0
0 13 14 4 0
0 13 14 5 0
0 13 14 6 0
0 13 14 7 0
0 13 14 8 0
0 13 14 9 0
0 13 14 10 0
0 13 14 11 0
0 13 14 12 0
0 13 14 13 0
0 13 14 14 0
0 13 14 15 0
0 13 15 0 0
0 13 15 1 0
0 13 15 2 0
0 13 15 3 0
0 13 15 4 0
0 13 15 5 0
0 13 15 6 0
0 13 15 7 0
0 13 15 8 0
0 13 15 9 0
0 13 15 10 0
0 13 15 11 0
0 13 15 12 0
0 13 15 13 0
0 13 15 14 0
0 13 15 15 0
0 14 0 0 0
0 14 0 1 0
0 14 0 2 0.04650255598360337
0 14 0 3 0
0 14 0 4 0
0 14 0 5 0
0 14 0 6 0
0 14 0 7 0
0 14 0 8 0
0 14 0 9 0
0 14 0 10 0
0 14 0 11 -0.0006613572682336858
0 14 0 12 0
0 14 0 13 0
0 14 0 14 0.001501913626517999
0 14 0 15 0
0 14 1 0 0
0 14 1 1 0
0 14 1 2 0
0 14 1 3 0
0 14 1 4 0
0 14 1 5 0
0 14 1 6 0
0 14 1 7 0
0 14 1 8 0
0 14 1 9 0
0 14 1 10 0
0 14 1 11 0
0 14 1 12 0
0 14 1 13 0
0 14 1 14 0
0 14 1 15 0
0 14 2 0 -0.02325127799180168
0 14 2 1 0
0 14 2 2 0
0 14 2 3 0
0 14 2 4 0
0 14 2 5 0
0 14 2 6 0
0 14 2 7 0
0 14 2 8 0
0 14 2 9 0
0 14 2 10 0
0 14 2 11 0.0001149710420955401
0 14 2 12 0
0 14 2 13 0
0 14 2 14 0
0 14 2 15 0
0 14 3 0 0
0 14 3 1 0
0 14 3 2 0
0 14 3 3 0
0 14 3 4 0
0 14 3 5 0
0 14 3 6 0
0 14 3 7 0
0 14 3 8 0
0 14 3 9 0
0 14 3 10 0
0 14 3 11 0
0 14 3 12 0
0 14 3 13 0
0 14 3 14 0
0 14 3 15 0
0 14 4 0 0
0 14 4 1 0
0 14 4 2 0
0 14 4 3 0
0 14 4 4 0
0 14 4 5 0
0 14 4 6 0
0 14 4 7 0
0 14 4 8 0
0 14 4 9 0
0 14 4 10 0
0 14 4 11 0
0 14 4 12 0
0 14 4 13 0
0 14 4 14 0
0 14 4 15 0
0 14 5 0 0
0 14 5 1 0
0 14 5 2 0
0 14 5 3 0
0 14 5 4 0
0 14 5 5 0
0 14 5 6 0
0 14 5 7 0
0 14 5 8 0
0 14 5 9 0
0 14 5 10 0
0 14 5 11 0
0 14 5 12 0
0 14 5 13 0
0 14 5 14 0
0 14 5 15 0
0 14 6 0 0
0 14 6 1 0
0 14 6 2 0
0 14 6 3 0
0 14 6 4 0
0 14 6 5 0
0 14 6 6 0
0 14 6 7 0
0 14 6 8 0
0 14 6 9 0
0 14 6 10 0
0 14 6 11 0
0 14 6 12 0
0 14 6 13 0
0 14 6 14 0
0 14 6 15 0
0 14 7 0 0
0 14 7 1 0
0 14 7 2 0
0 14 7 3 0
0 14 7 4 0
0 14 7 5 0
0 14 7 6 0
0 14 7 7 0
0 14 7 8 0
0 14 7 9 0
0 14 7 10 0
0 14 7 11 0
0 14 7 12 0
0 14 7 13 0
0 14 7 14 0
0 14 7 15 0
0 14 8 0 0
0 14 8 1 0
0 14 8 2 0
0 14 8 3 0
0 14 8 4 0
0 14 8 5 0
0 14 8 6 0
0 14 8 7 0
0 14 8 8 0
0 14 8 9 0
0 14 8 10 0
0 14 8 11 0
0 14 8 12 0
0 14 8 13 0
0 14 8 14 0
0 14 8 15 0
0 14 9 0 0
0 14 9 1 0
0 14 9 2 0
0 14 9 3 0
0 14 9 4 0
0 14 9 5 0
0 14 9 6 0
0 14 9 7 0
0 14 9 8 0
0 14 9 9 0
0 14 9 10 0
0 14 9 11 0
0 14 9 12 0
0 14 9 13 0
0 14 9 14 0
0 14 9 15 0
0 14 10 0 0
0 14 10 1 0
0 14 10 2 0
0 14 10 3 0
0 14 10 4 0
0 14 10 5 0
0 14 10 6 0
0 14 10 7 0
0 14 10 8 0
0 14 10 9 0
0 14 10 10 0
0 14 10 11 0
0 14 10 12 0
0 14 10 13 0
0 14 10 14 0
0 14 10 15 0
0 14 11 0 0.000330678634116843
0 14 11 1 0
0 14 11 2 -0.0002003598415016978
0 14 11 3 0
0 14 11 4 0
0 14 11 5 0
0 14 11 6 0
0 14 11 7 0
0 14 11 8 0
0 14 11 9 0
0 14 11 10 0
0 14 11 11 0
0 14 11 12 0
0 14 11 13 0
0 14 11 14 0
0 14 11 15 0
0 14 12 0 0
0 14 12 1 0
0 14 12 2 0
0 14 12 3 0
0 14 12 4 0
0 14 12 5 0
0 14 12 6 0
0 14 12 7 0
0 14 12 8 0
0 14 12 9 0
0 14 12 10 0
0 14 12 11 0
0 14 12 12 0
0 14 12 13 0
0 14 12 14 0
0 14 12 15 0
0 14 13 0 0
0 14 13 1 0
0 14 13 2 0
0 14 13 3 0
0 14 13 4 0
0 14 13 5 0
0 14 13 6 0
0 14 13 7 0
0 14 13 8 0
0 14 13 9 0
0 14 13 10 0
0 14 13 11 0
0 14 13 12 0
0 14 13 13 0
0 14 13 14 0
0 14 13 15 0
0 14 14 0 -0.0007509568132589995
0 14 14 1 0
0 14 14 2 0
0 14 14 3 0
0 14 14 4 0
0 14 14 5 0
0 14 14 6 0
0 14 14 7 0
0 14 14 8 0
0 14 14 9 0
0 14 14 10 0
0 14 14 11 0
0 14 14 12 0
0 14 14 13 0
0 14 14 14 0
0 14 14 15 0
0 14 15 0 0
0 14 15 1 0
0 14 15 2 0
0 14 15 3 0
0 14 15 4 0
0 14 15 5 0
0 14 15 6 0
0 14 15 7 0
0 14 15 8 0
0 14 15 9 0
0 14 15 10 0
0 14 15 11 0
0 14 15 12 0
0 14 15 13 0
0 14 15 14 0
0 14 15 15 0
0 15 0 0 0
0 15 0 1 0.009883297190071326
0 15 0 2 0
0 15 0 3 0
0 15 0 4 0
0 15 0 5 0
0 15 0 6 0
0 15 0 7 0
0 15 0 8 0
0 15 0 9 0
0 15 0 10 0
0 15 0 11 0
0 15 0 12 0
0 15 0 13 0
0 15 0 14 0
0 15 0 15 7.756382703164188e-05
0 15 1 0 -0.004941648595035663
0 15 1 1 0
0 15 1 2 0
0 15 1 3 0
0 15 1 4 0
0 15 1 5 0
0 15 1 6 0
0 15 1 7 0
0 15 1 8 0
0 15 1 9 0
0 15 1 10 0
0 15 1 11 2.900536677955737e-05
0 15 1 12 0
0 15 1 13 0
0 15 1 14 0
0 15 1 15 0
0 15 2 0 0
0 15 2 1 0
0 15 2 2 0
0 15 2 3 0
0 15 2 4 0
0 15 2 5 0
0 15 2 6 0
0 15 2 7 0
0 15 2 8 0
0 15 2 9 0
0 15 2 10 0
0 15 2 11 0
0 15 2 12 0
0 15 2 13 0
0 15 2 14 0
0 15 2 15 0
0 15 3 0 0
0 15 3 1 0
0 15 3 2 0
0 15 3 3 0
0 15 3 4 0
0 15 3 5 0
0 15 3 6 0
0 15 3 7 0
0 15 3 8 0
0 15 3 9 0
0 15 3 10 0
0 15 3 11 0
0 15 3 12 0
0 15 3 13 0
0 15 3 14 0
0 15 3 15 0
0 15 4 0 0
0 15 4 1 0
0 15 4 2 0
0 15 4 3 0
0 15 4 4 0
0 15 4 5 0
0 15 4 6 0
0 15 4 7 0
0 15 4 8 0
0 15 4 9 0
0 15 4 10 0
0 15 4 11 0
0 15 4 12 0
0 15 4 13 0
0 15 4 14 0
0 15 4 15 0
0 15 5 0 0
0 15 5 1 0
0 15 5 2 0
0 15 5 3 0
0 15 5 4 0
0 15 5 5 0
0 15 5 6 0
0 15 5 7 0
0 15 5 8 0
0 15 5 9 0
0 15 5 10 0
0 15 5 11 0
0 15 5 12 0
0 15 5 13 0
0 15 5 14 0
0 15 5 15 0
0 15 6 0 0
0 15 6 1 0
0 15 6 2 0
0 15 6 3 0
0 15 6 4 0
0 15 6 5 0
0 15 6 6 0
0 15 6 7 0
0 15 6 8 0
0 15 6 9 0
0 15 6 10 0
0 15 6 11 0
0 15 6 12 0
0 15 6 13 0
0 15 6 14 0
0 15 6 15 0
0 15 7 0 0
0 15 7 1 0
0 15 7 2 0
0 15 7 3 0
0 15 7 4 0
0 15 7 5 0
0 15 7 6 0
0 15 7 7 0
0 15 7 8 0
0 15 7 9 0
0 15 7 10 0
0 15 7 11 0
0 15 7 12 0
0 15 7 13 0
0 15 7 14 0
0 15 7 15 0
0 15 8 0 0
0 15 8 1 0
0 15 8 2 0
0 15 8 3 0
0 15 8 4 0
0 15 8 5 0
0 15 8 6 0
0 15 8 7 0
0 15 8 8 0
0 15 8 9 0
0 15 8 10 0
0 15 8 11 0
0 15 8 12 0
0 15 8 13 0
0 15 8 14 0
0 15 8 15 0
0 15 9 0 0
0 15 9 1 0
0 15 9 2 0
0 15 9 3 0
0 15 9 4 0
0 15 9 5 0
0 15 9 6 0
0 15 9 7 0
0 15 9 8 0
0 15 9 9 0
0 15 9 10 0
0 15 9 11 0
0 15 9 12 0
0 15 9 13 0
0 15 9 14 0
0 15 9 15 0
0 15 10 0 0
0 15 10 1 0
0 15 10 2 0
0 15 10 3 0
0 15 10 4 0
0 15 10 5 0
0 15 10 6 0
0 15 10 7 0
0 15 10 8 0
0 15 10 9 0
0 15 10 10 0
0 15 10 11 0
0 15 10 12 0
0 15 10 13 0
0 15 10 14 0
0 15 10 15 0
0 15 11 0 0
0 15 11 1 -6.078127133223017e-05
0 15 11 2 0
0 15 11 3 0
0 15 11 4 0
0 15 11 5 0
0 15 11 6 0
0 15 11 7 0
0 15 11 8 0
0 15 11 9 0
0 15 11 10 0
0 15 11 11 0
0 15 11 12 0
0 15 11 13 0
0 15 11 14 0
0 15 11 15 0
0 15 12 0 0
0 15 12 1 0
0 15 12 2 0
0 15 12 3 0
0 15 12 4 0
0 15 12 5 0
0 15 12 6 0
0 15 12 7 0
0 15 12 8 0
0 15 12 9 0
0 15 12 10 0
0 15 12 11 0
0 15 12 12 0
0 15 12 13 0
0 15 12 14 0
0 15 12 15 0
0 15 13 0 0
0 15 13 1 0
0 15 13 2 0
0 15 13 3 0
0 15 13 4 0
0 15 13 5 0
0 15 13 6 0
0 15 13 7 0
0 15 13 8 0
0 15 13 9 0
0 15 13 10 0
0 15 13 11 0
0 15 13 12 0
0 15 13 13 0
0 15 13 14 0
0 15 13 15 0
0 15 14 0 0
0 15 14 1 0
0 15 14 2 0
0 15 14 3 0
0 15 14 4 0
0 15 14 5 0
0 15 14 6 0
0 15 14 7 0
0 15 14 8 0
0 15 14 9 0
0 15 14 10 0
0 15 14 11 0
0 15 14 12 0
0 15 14 13 0
0 15 14 14 0
0 15 14 15 0
0 15 15 0 -3.878191351582094e-05
0 15 15 1 0
0 15 15 2 0
0 15 15 3 0
0 15 15 4 0
0 15 15 5 0
0 15 15 6 0
0 15 15 7 0
0 15 15 8 0
0 15 15 9 0
0 15 15 10 0
0 15 15 11 0
0 15 15 12 0
0 15 15 13 0
0 15 15 14 0
0 15 15 15 0
1 0 0 0 0
1 0 0 1 -1.999928757124429
1 0 0 2 0
1 0 0 3 0
1 0 0 4 0
1 0 0 5 0
1 0 0 6 0
1 0 0 7 0
1 0 0 8 0
1 0 0 9 0
1 0 0 10 0
1 0 0 11 0
1 0 0 12 0
1 0 0 13 0
1 0 0 14 0
1 0 0 15 -0.004941648595035663
1 0 1 0 3.999857514248858
1 0 1 1 0
1 0 1 2 -0.0001412705525264701
1 0 1 3 0
1 0 1 4 0
1 0 1 5 0
1 0 1 6 0
1 0 1 7 0
1 0 1 8 0
1 0 1 9 0
1 0 1 10 0
1 0 1 11 -0.00956525372167015
1 0 1 12 0
1 0 1 13 0
1 0 1 14 0
1 0 1 15 0
1 0 2 0 0
1 0 2 1 7.063527626323503e-05
1 0 2 2 0
1 0 2 3 0
1 0 2 4 0
1 0 2 5 0
1 0 2 6 0
1 0 2 7 0
1 0 2 8 0
1 0 2 9 0
1 0 2 10 0
1 0 2 11 0
1 0 2 12 0
1 0 2 13 0
1 0 2 14 0
1 0 2 15 0
1 0 3 0 0
1 0 3 1 0
1 0 3 2 0
1 0 3 3 0
1 0 3 4 0
1 0 3 5 0
1 0 3 6 0
1 0 3 7 0
1 0 3 8 0
1 0 3 9 0
1 0 3 10 0
1 0 3 11 0
1 0 3 12 0
1 0 3 13 0
1 0 3 14 0
1 0 3 15 0
1 0 4 0 0
1 0 4 1 0
1 0 4 2 0
1 0 4 3 0
1 0 4 4 0
1 0 4 5 0
1 0 4 6 0
1 0 4 7 0
1 0 4 8 0
1 0 4 9 0
1 0 4 10 0
1 0 4 11 0
1 0 4 12 0
1 0 4 13 0
1 0 4 14 0
1 0 4 15 0
1 0 5 0 0
1 0 5 1 0
1 0 5 2 0
1 0 5 3 0
1 0 5 4 0
1 0 5 5 0
1 0 5 6 0
1 0 5 7 0
1 0 5 8 0
1 0 5 9 0
1 0 5 10 0
1 0 5 11 0
1 0 5 12 0
1 0 5 13 0
1 0 5 14 0
1 0 5 15 0
1 0 6 0 0
1 0 6 1 0
1 0 6 2 0
1 0 6 3 0
1 0 6 4 0
1 0 6 5 0
1 0 6 6 0
1 0 6 7 0
1 0 6 8 0
1 0 6 9 0
1 0 6 10 0
1 0 6 11 0
1 0 6 12 0
1 0 6 13 0
1 0 6 14 0
1 0 6 15 0
1 0 7 0 0
1 0 7 1 0
1 0 7 2 0
1 0 7 3 0
1 0 7 4 0
1 0 7 5 0
1 0 7 6 0
1 0 7 7 0
1 0 7 8 0
1 0 7 9 0
1 0 7 10 0
1 0 7 11 0
1 0 7 12 0
1 0 7 13 0
1 0 7 14 0
1 0 7 15 0
1 0 8 0 0
1 0 8 1 0
1 0 8 2 0
1 0 8 3 0
1 0 8 4 0
1 0 8 5 0
1 0 8 6 0
1 0 8 7 0
1 0 8 8 0
1 0 8 9 0
1 0 8 10 0
1 0 8 11 0
1 0 8 12 0
1 0 8 13 0
1 0 8 14 0
1 0 8 15 0
1 0 9 0 0
1 0 9 1 0
1 0 9 2 0
1 0 9 3 0
1 0 9 4 0
1 0 9 5 0
1 0 9 6 0
1 0 9 7 0
1 0 9 8 0
1 0 9 9 0
1 0 9 10 0
1 0 9 11 0
1 0 9 12 0
1 0 9 13 0
1 0 9 14 0
1 0 9 15 0
1 0 10 0 0
1 0 10 1 0
1 0 10 2 0
1 0 10 3 0
1 0 10 4 0
1 0 10 5 0
1 0 10 6 0
1 0 10 7 0
1 0 10 8 0
1 0 10 9 0
1 0 10 10 0
1 0 10 11 0
1 0 10 12 0
1 0 10 13 0
1 0 10 14 0
1 0 10 15 0
1 0 11 0 0
1 0 11 1 0.004782626860835075
1 0 11 2 0
1 0 11 3 0
1 0 11 4 0
1 0 11 5 0
1 0 11 6 0
1 0 11 7 0
1 0 11 8 0
1 0 11 9 0
1 0 11 10 0
1 0 11 11 0
1 0 11 12 0
1 0 11 13 0
1 0 11 14 0
1 0 11 15 0
1 0 12 0 0
1 0 12 1 0
1 0 12 2 0
1 0 12 3 0
1 0 12 4 0
1 0 12 5 0
1 0 12 6 0
1 0 12 7 0
1 0 12 8 0
1 0 12 9 0
1 0 12 10 0
1 0 12 11 0
1 0 12 12 0
1 0 12 13 0
1 0 12 14 0
1 0 12 15 0
1 0 13 0 0
1 0 13 1 0
1 0 13 2 0
1 0 13 3 0
1 0 13 4 0
1 0 13 5 0
1 0 13 6 0
1 0 13 7 0
1 0 13 8 0
1 0 13 9 0
1 0 13 10 0
1 0 13 11 0
1 0 13 12 0
1 0 13 13 0
1 0 13 14 0
1 0 13 15 0
1 0 14 0 0
1 0 14 1 0
1 0 14 2 0
1 0 14 3 0
1 0 14 4 0
1 0 14 5 0
1 0 14 6 0
1 0 14 7 0
1 0 14 8 0
1 0 14 9 0
1 0 14 10 0
1 0 14 11 0
1 0 14 12 0
1 0 14 13 0
1 0 14 14 0
1 0 14 15 0
1 0 15 0 0.009883297190071326
1 0 15 1 0
1 0 15 2 0
1 0 15 3 0
1 0 15 4 0
1 0 15 5 0
1 0 15 6 0
1 0 15 7 0
1 0 15 8 0
1 0 15 9 0
1 0 15 10 0
1 0 15 11 0
1 0 15 12 0
1 0 15 13 0
1 0 15 14 0
1 0 15 15 0
1 1 0 0 0
1 1 0 1 0
1 1 0 2 0
1 1 0 3 0
1 1 0 4 0
1 1 0 5 0
1 1 0 6 0
1 1 0 7 0
1 1 0 8 0
1 1 0 9 0
1 1 0 10 0
1 1 0 11 0
1 1 0 12 0
1 1 0 13 0
1 1 0 14 0
1 1 0 15 0
1 1 1 0 0
1 1 1 1 1.999922436172969
1 1 1 2 0
1 1 1 3 0
1 1 1 4 0
1 1 1 5 0
1 1 1 6 0
1 1 1 7 0
1 1 1 8 0
1 1 1 9 0
1 1 1 10 0
1 1 1 11 0
1 1 1 12 0
1 1 1 13 0
1 1 1 14 0
1 1 1 15 0.004941648595035663
1 1 2 0 0
1 1 2 1 0
1 1 2 2 0
1 1 2 3 0
1 1 2 4 0
1 1 2 5 0
1 1 2 6 0
1 1 2 7 0
1 1 2 8 0
1 1 2 9 0
1 1 2 10 0
1 1 2 11 0
1 1 2 12 0
1 1 2 13 0
1 1 2 14 0
1 1 2 15 0
1 1 3 0 0
1 1 3 1 0
1 1 3 2 0
1 1 3 3 0
1 1 3 4 0
1 1 3 5 0
1 1 3 6 0
1 1 3 7 0
1 1 3 8 0
1 1 3 9 0
1 1 3 10 0
1 1 3 11 0
1 1 3 12 0
1 1 3 13 0
1 1 3 14 0
1 1 3 15 0
1 1 4 0 0
1 1 4 1 0
1 1 4 2 0
1 1 4 3 0
1 1 4 4 0
1 1 4 5 0
1 1 4 6 0
1 1 4 7 0
1 1 4 8 0
1 1 4 9 0
1 1 4 10 0
1 1 4 11 0
1 1 4 12 0
1 1 4 13 0
1 1 4 14 0
1 1 4 15 0
1 1 5 0 0
1 1 5 1 0
1 1 5 2 0
1 1 5 3 0
1 1 5 4 0
1 1 5 5 0
1 1 5 6 0
1 1 5 7 0
1 1 5 8 0
1 1 5 9 0
1 1 5 10 0
1 1 5 11 0
1 1 5 12 0
1 1 5 13 0
1 1 5 14 0
1 1 5 15 0
1 1 6 0 0
1 1 6 1 0
1 1 6 2 0
1 1 6 3 0
1 1 6 4 0
1 1 6 5 0
1 1 6 6 0
1 1 6 7 0
1 1 6 8 0
1 1 6 9 0
1 1 6 10 0
1 1 6 11 0
1 1 6 12 0
1 1 6 13 0
1 1 6 14 0
1 1 6 15 0
1 1 7 0 0
1 1 7 1 0
1 1 7 2 0
1 1 7 3 0
1 1 7 4 0
1 1 7 5 0
1 1 7 6 0
1 1 7 7 0
1 1 7 8 0
1 1 7 9 0
1 1 7 10 0
1 1 7 11 0
1 1 7 12 0
1 1 7 13 0
1 1 7 14 0
1 1 7 15 0
1 1 8 0 0
1 1 8 1 0
1 1 8 2 0
1 1 8 3 0
1 1 8 4 0
1 1 8 5 0
1 1 8 6 0
1 1 8 7 0
1 1 8 8 0
1 1 8 9 0
1 1 8 10 0
1 1 8 11 0
1 1 8 12 0
1 1 8 13 0
1 1 8 14 0
1 1 8 15 0
1 1 9 0 0
1 1 9 1 0
1 1 9 2 0
1 1 9 3 0
1 1 9 4 0
1 1 9 5 0
1 1 9 6 0
1 1 9 7 0
1 1 9 8 0
1 1 9 9 0
1 1 9 10 0
1 1 9 11 0
1 1 9 12 0
1 1 9 13 0
1 1 9 14 0
1 1 9 15 0
1 1 10 0 0
1 1 10 1 0
1 1 10 2 0
1 1 10 3 0
1 1 10 4 0
1 1 10 5 0
1 1 10 6 0
1 1 10 7 0
1 1 10 8 0
1 1 10 9 0
1 1 10 10 0
1 1 10 11 0
1 1 10 12 0
1 1 10 13 0
1 1 10 14 0
1 1 10 15 0
1 1 11 0 0
1 1 11 1 0
1 1 11 2 0
1 1 11 3 0
1 1 11 4 0
1 1 11 5 0
1 1 11 6 0
1 1 11 7 0
1 1 11 8 0
1 1 11 9 0
1 1 11 10 0
1 1 11 11 0
1 1 11 12 0
1 1 11 13 0
1 1 11 14 0
1 1 11 15 0
1 1 12 0 0
1 1 12 1 0
1 1 12 2 0
1 1 12 3 0
1 1 12 4 0
1 1 12 5 0
1 1 12 6 0
1 1 12 7 0
1 1 12 8 0
1 1 12 9 0
1 1 12 10 0
1 1 12 11 0
1 1 12 12 0
1 1 12 13 0
1 1 12 14 0
1 1 12 15 0
1 1 13 0 0
1 1 13 1 0
1 1 13 2 0
1 1 13 3 0
1 1 13 4 0
1 1 13 5 0
1 1 13 6 0
1 1 13 7 0
1 1 13 8 0
1 1 13 9 0
1 1 13 10 0
1 1 13 11 0
1 1 13 12 0
1 1 13 13 0
1 1 13 14 0
1 1 13 15 0
1 1 14 0 0
1 1 14 1 0
1 1 14 2 0
1 1 14 3 0
1 1 14 4 0
1 1 14 5 0
1 1 14 6 0
1 1 14 7 0
1 1 14 8 0
1 1 14 9 0
1 1 14 10 0
1 1 14 11 0
1 1 14 12 0
1 1 14 13 0
1 1 14 14 0
1 1 14 15 0
1 1 15 0 0
1 1 15 1 0.004941648595035663
1 1 15 2 0
1 1 15 3 0
1 1 15 4 0
1 1 15 5 0
1 1 15 6 0
1 1 15 7 0
1 1 15 8 0
1 1 15 9 0
1 1 15 10 0
1 1 15 11 0
1 1 15 12 0
1 1 15 13 0
1 1 15 14 0
1 1 15 15 0
1 2 0 0 0
1 2 0 1 7.063527626323503e-05
1 2 0 2 0
1 2 0 3 0
1 2 0 4 0
1 2 0 5 0
1 2 0 6 0
1 2 0 7 0
1 2 0 8 0
1 2 0 9 0
1 2 0 10 0
1 2 0 11 0
1 2 0 12 0
1 2 0 13 0
1 2 0 14 0
1 2 0 15 0
1 2 1 0 -0.0001412705525264701
1 2 1 1 0
1 2 1 2 3.276547177077168
1 2 1 3 0
1 2 1 4 0
1 2 1 5 0
1 2 1 6 0
1 2 1 7 0
1 2 1 8 0
1 2 1 9 0
1 2 1 10 0
1 2 1 11 -0.02182969404964079
1 2 1 12 0
1 2 1 13 0
1 2 1 14 0.04650255598360337
1 2 1 15 0
1 2 2 0 0
1 2 2 1 -1.638273588538584
1 2 2 2 0
1 2 2 3 0
1 2 2 4 0
1 2 2 5 0
1 2 2 6 0
1 2 2 7 0
1 2 2 8 0
1 2 2 9 0
1 2 2 10 0
1 2 2 11 0
1 2 2 12 0
1 2 2 13 0
1 2 2 14 0
1 2 2 15 -0.004941648595035663
1 2 3 0 0
1 2 3 1 0
1 2 3 2 0
1 2 3 3 0
1 2 3 4 0
1 2 3 5 0
1 2 3 6 0
1 2 3 7 0
1 2 3 8 0
1 2 3 9 0
1 2 3 10 0
1 2 3 11 0
1 2 3 12 0
1 2 3 13 0
1 2 3 14 0
1 2 3 15 0
1 2 4 0 0
1 2 4 1 0
1 2 4 2 0
1 2 4 3 0
1 2 4 4 0
1 2 4 5 0
1 2 4 6 0
1 2 4 7 0
1 2 4 8 0
1 2 4 9 0
1 2 4 10 0
1 2 4 11 0
1 2 4 12 0
1 2 4 13 0
1 2 4 14 0
1 2 4 15 0
1 2 5 0 0
1 2 5 1 0
1 2 5 2 0
1 2 5 3 0
1 2 5 4 0
1 2 5 5 0
1 2 5 6 0
1 2 5 7 0
1 2 5 8 0
1 2 5 9 0
1 2 5 10 0
1 2 5 11 0
1 2 5 12 0
1 2 5 13 0
1 2 5 14 0
1 2 5 15 0
1 2 6 0 0
1 2 6 1 0
1 2 6 2 0
1 2 6 3 0
1 2 6 4 0
1 2 6 5 0
1 2 6 6 0
1 2 6 7 0
1 2 6 8 0
1 2 6 9 0
1 2 6 10 0
1 2 6 11 0
1 2 6 12 0
1 2 6 13 0
1 2 6 14 0
1 2 6 15 0
1 2 7 0 0
1 2 7 1 0
1 2 7 2 0
1 2 7 3 0
1 2 7 4 0
1 2 7 5 0
1 2 7 6 0
1 2 7 7 0
1 2 7 8 0
1 2 7 9 0
1 2 7 10 0
1 2 7 11 0
1 2 7 12 0
1 2 7 13 0
1 2 7 14 0
1 2 7 15 0
1 2 8 0 0
1 2 8 1 0
1 2 8 2 0
1 2 8 3 0
1 2 8 4 0
1 2 8 5 0
1 2 8 6 0
1 2 8 7 0
1 2 8 8 0
1 2 8 9 0
1 2 8 10 0
1 2 8 11 0
1 2 8 12 0
1 2 8 13 0
1 2 8 14 0
1 2 8 15 0
1 2 9 0 0
1 2 9 1 0
1 2 9 2 0
1 2 9 3 0
1 2 9 4 0
1 2 9 5 0
1 2 9 6 0
1 2 9 7 0
1 2 9 8 0
1 2 9 9 0
1 2 9 10 0
1 2 9 11 0
1 2 9 12 0
1 2 9 13 0
1 2 9 14 0
1 2 9 15 0
1 2 10 0 0
1 2 10 1 0
1 2 10 2 0
1 2 10 3 0
1 2 10 4 0
1 2 10 5 0
1 2 10 6 0
1 2 10 7 0
1 2 10 8 0
1 2 10 9 0
1 2 10 10 0
1 2 10 11 0
1 2 10 12 0
1 2 10 13 0
1 2 10 14 0
1 2 10 15 0
1 2 11 0 0
1 2 11 1 0.0109148470248204
1 2 11 2 0
1 2 11 3 0
1 2 11 4 0
1 2 11 5 0
1 2 11 6 0
1 2 11 7 0
1 2 11 8 0
1 2 11 9 0
1 2 11 10 0
1 2 11 11 0
1 2 11 12 0
1 2 11 13 0
1 2 11 14 0
1 2 11 15 0
1 2 12 0 0
1 2 12 1 0
1 2 12 2 0
1 2 12 3 0
1 2 12 4 0
1 2 12 5 0
1 2 12 6 0
1 2 12 7 0
1 2 12 8 0
1 2 12 9 0
1 2 12 10 0
1 2 12 11 0
1 2 12 12 0
1 2 12 13 0
1 2 12 14 0
1 2 12 15 0
1 2 13 0 0
1 2 13 1 0
1 2 13 2 0
1 2 13 3 0
1 2 13 4 0
1 2 13 5 0
1 2 13 6 0
1 2 13 7 0
1 2 13 8 0
1 2 13 9 0
1 2 13 10 0
1 2 13 11 0
1 2 13 12 0
1 2 13 13 0
1 2 13 14 0
1 2 13 15 0
1 2 14 0 0
1 2 14 1 -0.02325127799180168
1 2 14 2 0
1 2 14 3 0
1 2 14 4 0
1 2 14 5 0
1 2 14 6 0
1 2 14 7 0
1 2 14 8 0
1 2 14 9 0
1 2 14 10 0
1 2 14 11 0
1 2 14 12 0
1 2 14 13 0
1 2 14 14 0
1 2 14 15 0
1 2 15 0 0
1 2 15 1 0
1 2 15 2 0.009883297190071326
1 2 15 3 0
1 2 15 4 0
1 2 15 5 0
1 2 15 6 0
1 2 15 7 0
1 2 15 8 0
1 2 15 9 0
1 2 15 10 0
1 2 15 11 0
1 2 15 12 0
1 2 15 13 0
1 2 15 14 0
1 2 15 15 0
1 3 0 0 0
1 3 0 1 0
1 3 0 2 0
1 3 0 3 0
1 3 0 4 0
1 3 0 5 0
1 3 0 6 0
1 3 0 7 0
1 3 0 8 0
1 3 0 9 0
1 3 0 10 0
1 3 0 11 0
1 3 0 12 0
1 3 0 13 0
1 3 0 14 0
1 3 0 15 0
1 3 1 0 0
1 3 1 1 0
1 3 1 2 0
1 3 1 3 2.344763544858971
1 3 1 4 0
1 3 1 5 0
1 3 1 6 0
1 3 1 7 0
1 3 1 8 0.1098478024968849
1 3 1 9 0
1 3 1 10 0
1 3 1 11 0
1 3 1 12 0
1 3 1 13 0
1 3 1 14 0
1 3 1 15 0
1 3 2 0 0
1 3 2 1 0
1 3 2 2 0
1 3 2 3 0
1 3 2 4 0
1 3 2 5 0
1 3 2 6 0
1 3 2 7 0
1 3 2 8 0
1 3 2 9 0
1 3 2 10 0
1 3 2 11 0
1 3 2 12 0
1 3 2 13 0
1 3 2 14 0
1 3 2 15 0
1 3 3 0 0
1 3 3 1 -1.172387589583247
1 3 3 2 0
1 3 3 3 0
1 3 3 4 0
1 3 3 5 0
1 3 3 6 0
1 3 3 7 0
1 3 3 8 0
1 3 3 9 0
1 3 3 10 0
1 3 3 11 0
1 3 3 12 0
1 3 3 13 0
1 3 3 14 0
1 3 3 15 -0.002038057684582475
1 3 4 0 0
1 3 4 1 0
1 3 4 2 0
1 3 4 3 0
1 3 4 4 0
1 3 4 5 0
1 3 4 6 0
1 3 4 7 0
1 3 4 8 0
1 3 4 9 0
1 3 4 10 0
1 3 4 11 0
1 3 4 12 0
1 3 4 13 0
1 3 4 14 0
1 3 4 15 0
1 3 5 0 0
1 3 5 1 0
1 3 5 2 0
1 3 5 3 0
1 3 5 4 0
1 3 5 5 0
1 3 5 6 0
1 3 5 7 0
1 3 5 8 0
1 3 5 9 0
1 3 5 10 0
1 3 5 11 0
1 3 5 12 0
1 3 5 13 0
1 3 5 14 0
1 3 5 15 0
1 3 6 0 0
1 3 6 1 0
1 3 6 2 0
1 3 6 3 0
1 3 6 4 0
1 3 6 5 0
1 3 6 6 0
1 3 6 7 0
1 3 6 8 0
1 3 6 9 0
1 3 6 10 0
1 3 6 11 0
1 3 6 12 0
1 3 6 13 0
1 3 6 14 0
1 3 6 15 0
1 3 7 0 0
1 3 7 1 0
1 3 7 2 0
1 3 7 3 0
1 3 7 4 0
1 3 7 5 0
1 3 7 6 0
1 3 7 7 0
1 3 7 8 0
1 3 7 9 0
1 3 7 10 0
1 3 7 11 0
1 3 7 12 0
1 3 7 13 0
1 3 7 14 0
1 3 7 15 0
1 3 8 0 0
1 3 8 1 -0.05492390124844247
1 3 8 2 0
1 3 8 3 0
1 3 8 4 0
1 3 8 5 0
1 3 8 6 0
1 3 8 7 0
1 3 8 8 0
1 3 8 9 0
1 3 8 10 0
1 3 8 11 0
1 3 8 12 0
1 3 8 13 0
1 3 8 14 0
1 3 8 15 0
1 3 9 0 0
1 3 9 1 0
1 3 9 2 0
1 3 9 3 0
1 3 9 4 0
1 3 9 5 0
1 3 9 6 0
1 3 9 7 0
1 3 9 8 0
1 3 9 9 0
1 3 9 10 0
1 3 9 11 0
1 3 9 12 0
1 3 9 13 0
1 3 9 14 0
1 3 9 15 0
1 3 10 0 0
1 3 10 1 0
1 3 10 2 0
1 3 10 3 0
1 3 10 4 0
1 3 10 5 0
1 3 10 6 0
1 3 10 7 0
1 3 10 8 0
1 3 10 9 0
1 3 10 10 0
1 3 10 11 0
1 3 10 12 0
1 3 10 13 0
1 3 10 14 0
1 3 10 15 0
1 3 11 0 0
1 3 11 1 0
1 3 11 2 0
1 3 11 3 0
1 3 11 4 0
1 3 11 5 0
1 3 11 6 0
1 3 11 7 0
1 3 11 8 0
1 3 11 9 0
1 3 11 10 0
1 3 11 11 0
1 3 11 12 0
1 3 11 13 0
1 3 11 14 0
1 3 11 15 0
1 3 12 0 0
1 3 12 1 0
1 3 12 2 0
1 3 12 3 0
1 3 12 4 0
1 3 12 5 0
1 3 12 6 0
1 3 12 7 0
1 3 12 8 0
1 3 12 9 0
1 3 12 10 0
1 3 12 11 0
1 3 12 12 0
1 3 12 13 0
1 3 12 14 0
1 3 12 15 0
1 3 13 0 0
1 3 13 1 0
1 3 13 2 0
1 3 13 3 0
1 3 13 4 0
1 3 13 5 0
1 3 13 6 0
1 3 13 7 0
1 3 13 8 0
1 3 13 9 0
1 3 13 10 0
1 3 13 11 0
1 3 13 12 0
1 3 13 13 0
1 3 13 14 0
1 3 13 15 0
1 3 14 0 0
1 3 14 1 0
1 3 14 2 0
1 3 14 3 0
1 3 14 4 0
1 3 14 5 0
1 3 14 6 0
1 3 14 7 0
1 3 14 8 0
1 3 14 9 0
1 3 14 10 0
1 3 14 11 0
1 3 14 12 0
1 3 14 13 0
1 3 14 14 0
1 3 14 15 0
1 3 15 0 0
1 3 15 1 0
1 3 15 2 0
1 3 15 3 0.004941648595035663
1 3 15 4 0
1 3 15 5 0
1 3 15 6 0
1 3 15 7 0
1 3 15 8 0
1 3 15 9 0
1 3 15 10 0
1 3 15 11 0
1 3 15 12 0
1 3 15 13 0
1 3 15 14 0
1 3 15 15 0
1 4 0 0 0
1 4 0 1 0
1 4 0 2 0
1 4 0 3 0
1 4 0 4 0
1 4 0 5 0
1 4 0 6 0
1 4 0 7 0
1 4 0 8 0
1 4 0 9 0
1 4 0 10 0
1 4 0 11 0
1 4 0 12 0
1 4 0 13 0
1 4 0 14 0
1 4 0 15 0
1 4 1 0 0
1 4 1 1 0
1 4 1 2 0
1 4 1 3 0
1 4 1 4 2.493649010234019
1 4 1 5 0
1 4 1 6 0
1 4 1 7 0
1 4 1 8 0
1 4 1 9 0.1143771736763142
1 4 1 10 0
1 4 1 11 0
1 4 1 12 0
1 4 1 13 0
1 4 1 14 0
1 4 1 15 0
1 4 2 0 0
1 4 2 1 0
1 4 2 2 0
1 4 2 3 0
1 4 2 4 0
1 4 2 5 0
1 4 2 6 0
1 4 2 7 0
1 4 2 8 0
1 4 2 9 0
1 4 2 10 0
1 4 2 11 0
1 4 2 12 0
1 4 2 13 0
1 4 2 14 0
1 4 2 15 0
1 4 3 0 0
1 4 3 1 0
1 4 3 2 0
1 4 3 3 0
1 4 3 4 0
1 4 3 5 0
1 4 3 6 0
1 4 3 7 0
1 4 3 8 0
1 4 3 9 0
1 4 3 10 0
1 4 3 11 0
1 4 3 12 0
1 4 3 13 0
1 4 3 14 0
1 4 3 15 0
1 4 4 0 0
1 4 4 1 -1.246829831123409
1 4 4 2 0
1 4 4 3 0
1 4 4 4 0
1 4 4 5 0
1 4 4 6 0
1 4 4 7 0
1 4 4 8 0
1 4 4 9 0
1 4 4 10 0
1 4 4 11 0
1 4 4 12 0
1 4 4 13 0
1 4 4 14 0
1 4 4 15 -0.002074680166535673
1 4 5 0 0
1 4 5 1 0
1 4 5 2 0
1 4 5 3 0
1 4 5 4 0
1 4 5 5 0
1 4 5 6 0
1 4 5 7 0
1 4 5 8 0
1 4 5 9 0
1 4 5 10 0
1 4 5 11 0
1 4 5 12 0
1 4 5 13 0
1 4 5 14 0
1 4 5 15 0
1 4 6 0 0
1 4 6 1 0
1 4 6 2 0
1 4 6 3 0
1 4 6 4 0
1 4 6 5 0
1 4 6 6 0
1 4 6 7 0
1 4 6 8 0
1 4 6 9 0
1 4 6 10 0
1 4 6 11 0
1 4 6 12 0
1 4 6 13 0
1 4 6 14 0
1 4 6 15 0
1 4 7 0 0
1 4 7 1 0
1 4 7 2 0
1 4 7 3 0
1 4 7 4 0
1 4 7 5 0
1 4 7 6 0
1 4 7 7 0
1 4 7 8 0
1 4 7 9 0
1 4 7 10 0
1 4 7 11 0
1 4 7 12 0
1 4 7 13 0
1 4 7 14 0
1 4 7 15 0
1 4 8 0 0
1 4 8 1 0
1 4 8 2 0
1 4 8 3 0
1 4 8 4 0
1 4 8 5 0
1 4 8 6 0
1 4 8 7 0
1 4 8 8 0
1 4 8 9 0
1 4 8 10 0
1 4 8 11 0
1 4 8 12 0
1 4 8 13 0
1 4 8 14 0
1 4 8 15 0
1 4 9 0 0
1 4 9 1 -0.05718858683815708
1 4 9 2 0
1 4 9 3 0
1 4 9 4 0
1 4 9 5 0
1 4 9 6 0
1 4 9 7 0
1 4 9 8 0
1 4 9 9 0
1 4 9 10 0
1 4 9 11 0
1 4 9 12 0
1 4 9 13 0
1 4 9 14 0
1 4 9 15 0
1 4 10 0 0
1 4 10 1 0
1 4 10 2 0
1 4 10 3 0
1 4 10 4 0
1 4 10 5 0
1 4 10 6 0
1 4 10 7 0
1 4 10 8 0
1 4 10 9 0
1 4 10 10 0
1 4 10 11 0
1 4 10 12 0
1 4 10 13 0
1 4 10 14 0
1 4 10 15 0
1 4 11 0 0
1 4 11 1 0
1 4 11 2 0
1 4 11 3 0
1 4 11 4 0
1 4 11 5 0
1 4 11 6 0
1 4 11 7 0
1 4 11 8 0
1 4 11 9 0
1 4 11 10 0
1 4 11 11 0
1 4 11 12 0
1 4 11 13 0
1 4 11 14 0
1 4 11 15 0
1 4 12 0 0
1 4 12 1 0
1 4 12 2 0
1 4 12 3 0
1 4 12 4 0
1 4 12 5 0
1 4 12 6 0
1 4 12 7 0
1 4 12 8 0
1 4 12 9 0
1 4 12 10 0
1 4 12 11 0
1 4 12 12 0
1 4 12 13 0
1 4 12 14 0
1 4 12 15 0
1 4 13 0 0
1 4 13 1 0
1 4 13 2 0
1 4 13 3 0
1 4 13 4 0
1 4 13 5 0
1 4 13 6 0
1 4 13 7 0
1 4 13 8 0
1 4 13 9 0
1 4 13 10 0
1 4 13 11 0
1 4 13 12 0
1 4 13 13 0
1 4 13 14 0
1 4 13 15 0
1 4 14 0 0
1 4 14 1 0
1 4 14 2 0
1 4 14 3 0
1 4 14 4 0
1 4 14 5 0
1 4 14 6 0
1 4 14 7 0
1 4 14 8 0
1 4 14 9 0
1 4 14 10 0
1 4 14 11 0
1 4 14 12 0
1 4 14 13 0
1 4 14 14 0
1 4 14 15 0
1 4 15 0 0
1 4 15 1 0
1 4 15 2 0
1 4 15 3 0
1 4 15 4 0.004941648595035663
1 4 15 5 0
1 4 15 6 0
1 4 15 7 0
1 4 15 8 0
1 4 15 9 0
1 4 15 10 0
1 4 15 11 0
1 4 15 12 0
1 4 15 13 0
1 4 15 14 0
1 4 15 15 0
1 5 0 0 0
1 5 0 1 0
1 5 0 2 0
1 5 0 3 0
1 5 0 4 0
1 5 0 5 0
1 5 0 6 0
1 5 0 7 0
1 5 0 8 0
1 5 0 9 0
1 5 0 10 0
1 5 0 11 0
1 5 0 12 0
1 5 0 13 0
1 5 0 14 0
1 5 0 15 0
1 5 1 0 0
1 5 1 1 0
1 5 1 2 0
1 5 1 3 0
1 5 1 4 0
1 5 1 5 1.492531981756603
1 5 1 6 0
1 5 1 7 0
1 5 1 8 0
1 5 1 9 0
1 5 1 10 0
1 5 1 11 0
1 5 1 12 0.07595072051861373
1 5 1 13 0
1 5 1 14 0
1 5 1 15 0
1 5 2 0 0
1 5 2 1 0
1 5 2 2 0
1 5 2 3 0
1 5 2 4 0
1 5 2 5 0
1 5 2 6 0
1 5 2 7 0
1 5 2 8 0
1 5 2 9 0
1 5 2 10 0
1 5 2 11 0
1 5 2 12 0
1 5 2 13 0
1 5 2 14 0
1 5 2 15 0
1 5 3 0 0
1 5 3 1 0
1 5 3 2 0
1 5 3 3 0
1 5 3 4 0
1 5 3 5 0
1 5 3 6 0
1 5 3 7 0
1 5 3 8 0
1 5 3 9 0
1 5 3 10 0
1 5 3 11 0
1 5 3 12 0
1 5 3 13 0
1 5 3 14 0
1 5 3 15 0
1 5 4 0 0
1 5 4 1 0
1 5 4 2 0
1 5 4 3 0
1 5 4 4 0
1 5 4 5 0
1 5 4 6 0
1 5 4 7 0
1 5 4 8 0
1 5 4 9 0
1 5 4 10 0
1 5 4 11 0
1 5 4 12 0
1 5 4 13 0
1 5 4 14 0
1 5 4 15 0
1 5 5 0 0
1 5 5 1 -0.7462589521480882
1 5 5 2 0
1 5 5 3 0
1 5 5 4 0
1 5 5 5 0
1 5 5 6 0
1 5 5 7 0
1 5 5 8 0
1 5 5 9 0
1 5 5 10 0
1 5 5 11 0
1 5 5 12 0
1 5 5 13 0
1 5 5 14 0
1 5 5 15 -0.002903425791645023
1 5 6 0 0
1 5 6 1 0
1 5 6 2 0
1 5 6 3 0
1 5 6 4 0
1 5 6 5 0
1 5 6 6 0
1 5 6 7 0
1 5 6 8 0
1 5 6 9 0
1 5 6 10 0
1 5 6 11 0
1 5 6 12 0
1 5 6 13 0
1 5 6 14 0
1 5 6 15 0
1 5 7 0 0
1 5 7 1 0
1 5 7 2 0
1 5 7 3 0
1 5 7 4 0
1 5 7 5 0
1 5 7 6 0
1 5 7 7 0
1 5 7 8 0
1 5 7 9 0
1 5 7 10 0
1 5 7 11 0
1 5 7 12 0
1 5 7 13 0
1 5 7 14 0
1 5 7 15 0
1 5 8 0 0
1 5 8 1 0
1 5 8 2 0
1 5 8 3 0
1 5 8 4 0
1 5 8 5 0
1 5 8 6 0
1 5 8 7 0
1 5 8 8 0
1 5 8 9 0
1 5 8 10 0
1 5 8 11 0
1 5 8 12 0
1 5 8 13 0
1 5 8 14 0
1 5 8 15 0
1 5 9 0 0
1 5 9 1 0
1 5 9 2 0
1 5 9 3 0
1 5 9 4 0
1 5 9 5 0
1 5 9 6 0
1 5 9 7 0
1 5 9 8 0
1 5 9 9 0
1 5 9 10 0
1 5 9 11 0
1 5 9 12 0
1 5 9 13 0
1 5 9 14 0
1 5 9 15 0
1 5 10 0 0
1 5 10 1 0
1 5 10 2 0
1 5 10 3 0
1 5 10 4 0
1 5 10 5 0
1 5 10 6 0
1 5 10 7 0
1 5 10 8 0
1 5 10 9 0
1 5 10 10 0
1 5 10 11 0
1 5 10 12 0
1 5 10 13 0
1 5 10 14 0
1 5 10 15 0
1 5 11 0 0
1 5 11 1 0
1 5 11 2 0
1 5 11 3 0
1 5 11 4 0
1 5 11 5 0
1 5 11 6 0
1 5 11 7 0
1 5 11 8 0
1 5 11 9 0
1 5 11 10 0
1 5 11 11 0
1 5 11 12 0
1 5 11 13 0
1 5 11 14 0
1 5 11 15 0
1 5 12 0 0
1 5 12 1 -0.03797536025930687
1 5 12 2 0
1 5 12 3 0
1 5 12 4 0
1 5 12 5 0
1 5 12 6 0
1 5 12 7 0
1 5 12 8 0
1 5 12 9 0
1 5 12 10 0
1 5 12 11 0
1 5 12 12 0
1 5 12 13 0
1 5 12 14 0
1 5 12 15 0
1 5 13 0 0
1 5 13 1 0
1 5 13 2 0
1 5 13 3 0
1 5 13 4 0
1 5 13 5 0
1 5 13 6 0
1 5 13 7 0
1 5 13 8 0
1 5 13 9 0
1 5 13 10 0
1 5 13 11 0
1 5 13 12 0
1 5 13 13 0
1 5 13 14 0
1 5 13 15 0
1 5 14 0 0
1 5 14 1 0
1 5 14 2 0
1 5 14 3 0
1 5 14 4 0
1 5 14 5 0
1 5 14 6 0
1 5 14 7 0
1 5 14 8 0
1 5 14 9 0
1 5 14 10 0
1 5 14 11 0
1 5 14 12 0
1 5 14 13 0
1 5 14 14 0
1 5 14 15 0
1 5 15 0 0
1 5 15 1 0
1 5 15 2 0
1 5 15 3 0
1 5 15 4 0
1 5 15 5 0.004941648595035663
1 5 15 6 0
1 5 15 7 0
1 5 15 8 0
1 5 15 9 0
1 5 15 10 0
1 5 15 11 0
1 5 15 12 0
1 5 15 13 0
1 5 15 14 0
1 5 15 15 0
1 6 0 0 0
1 6 0 1 0
1 6 0 2 0
1 6 0 3 0
1 6 0 4 0
1 6 0 5 0
1 6 0 6 0
1 6 0 7 0
1 6 0 8 0
1 6 0 9 0
1 6 0 10 0
1 6 0 11 0
1 6 0 12 0
1 6 0 13 0
1 6 0 14 0
1 6 0 15 0
1 6 1 0 0
1 6 1 1 0
1 6 1 2 0
1 6 1 3 0
1 6 1 4 0
1 6 1 5 0
1 6 1 6 1.641214351878825
1 6 1 7 0
1 6 1 8 0
1 6 1 9 0
1 6 1 10 0
1 6 1 11 0
1 6 1 12 0
1 6 1 13 0.08360114429406111
1 6 1 14 0
1 6 1 15 0
1 6 2 0 0
1 6 2 1 0
1 6 2 2 0
1 6 2 3 0
1 6 2 4 0
1 6 2 5 0
1 6 2 6 0
1 6 2 7 0
1 6 2 8 0
1 6 2 9 0
1 6 2 10 0
1 6 2 11 0
1 6 2 12 0
1 6 2 13 0
1 6 2 14 0
1 6 2 15 0
1 6 3 0 0
1 6 3 1 0
1 6 3 2 0
1 6 3 3 0
1 6 3 4 0
1 6 3 5 0
1 6 3 6 0
1 6 3 7 0
1 6 3 8 0
1 6 3 9 0
1 6 3 10 0
1 6 3 11 0
1 6 3 12 0
1 6 3 13 0
1 6 3 14 0
1 6 3 15 0
1 6 4 0 0
1 6 4 1 0
1 6 4 2 0
1 6 4 3 0
1 6 4 4 0
1 6 4 5 0
1 6 4 6 0
1 6 4 7 0
1 6 4 8 0
1 6 4 9 0
1 6 4 10 0
1 6 4 11 0
1 6 4 12 0
1 6 4 13 0
1 6 4 14 0
1 6 4 15 0
1 6 5 0 0
1 6 5 1 0
1 6 5 2 0
1 6 5 3 0
1 6 5 4 0
1 6 5 5 0
1 6 5 6 0
1 6 5 7 0
1 6 5 8 0
1 6 5 9 0
1 6 5 10 0
1 6 5 11 0
1 6 5 12 0
1 6 5 13 0
1 6 5 14 0
1 6 5 15 0
1 6 6 0 0
1 6 6 1 -0.820600763765979
1 6 6 2 0
1 6 6 3 0
1 6 6 4 0
1 6 6 5 0
1 6 6 6 0
1 6 6 7 0
1 6 6 8 0
1 6 6 9 0
1 6 6 10 0
1 6 6 11 0
1 6 6 12 0
1 6 6 13 0
1 6 6 14 0
1 6 6 15 -0.002867133547308154
1 6 7 0 0
1 6 7 1 0
1 6 7 2 0
1 6 7 3 0
1 6 7 4 0
1 6 7 5 0
1 6 7 6 0
1 6 7 7 0
1 6 7 8 0
1 6 7 9 0
1 6 7 10 0
1 6 7 11 0
1 6 7 12 0
1 6 7 13 0
1 6 7 14 0
1 6 7 15 0
1 6 8 0 0
1 6 8 1 0
1 6 8 2 0
1 6 8 3 0
1 6 8 4 0
1 6 8 5 0
1 6 8 6 0
1 6 8 7 0
1 6 8 8 0
1 6 8 9 0
1 6 8 10 0
1 6 8 11 0
1 6 8 12 0
1 6 8 13 0
1 6 8 14 0
1 6 8 15 0
1 6 9 0 0
1 6 9 1 0
1 6 9 2 0
1 6 9 3 0
1 6 9 4 0
1 6 9 5 0
1 6 9 6 0
1 6 9 7 0
1 6 9 8 0
1 6 9 9 0
1 6 9 10 0
1 6 9 11 0
1 6 9 12 0
1 6 9 13 0
1 6 9 14 0
1 6 9 15 0
1 6 10 0 0
1 6 10 1 0
1 6 10 2 0
1 6 10 3 0
1 6 10 4 0
1 6 10 5 0
1 6 10 6 0
1 6 10 7 0
1 6 10 8 0
1 6 10 9 0
1 6 10 10 0
1 6 10 11 0
1 6 10 12 0
1 6 10 13 0
1 6 10 14 0
1 6 10 15 0
1 6 11 0 0
1 6 11 1 0
1 6 11 2 0
1 6 11 3 0
1 6 11 4 0
1 6 11 5 0
1 6 11 6 0
1 6 11 7 0
1 6 11 8 0
1 6 11 9 0
1 6 11 10 0
1 6 11 11 0
1 6 11 12 0
1 6 11 13 0
1 6 11 14 0
1 6 11 15 0
1 6 12 0 0
1 6 12 1 0
1 6 12 2 0
1 6 12 3 0
1 6 12 4 0
1 6 12 5 0
1 6 12 6 0
1 6 12 7 0
1 6 12 8 0
1 6 12 9 0
1 6 12 10 0
1 6 12 11 0
1 6 12 12 0
1 6 12 13 0
1 6 12 14 0
1 6 12 15 0
1 6 13 0 0
1 6 13 1 -0.04180057214703055
1 6 13 2 0
1 6 13 3 0
1 6 13 4 0
1 6 13 5 0
1 6 13 6 0
1 6 13 7 0
1 6 13 8 0
1 6 13 9 0
1 6 13 10 0
1 6 13 11 0
1 6 13 12 0
1 6 13 13 0
1 6 13 14 0
1 6 13 15 0
1 6 14 0 0
1 6 14 1 0
1 6 14 2 0
1 6 14 3 0
1 6 14 4 0
1 6 14 5 0
1 6 14 6 0
1 6 14 7 0
1 6 14 8 0
1 6 14 9 0
1 6 14 10 0
1 6 14 11 0
1 6 14 12 0
1 6 14 13 0
1 6 14 14 0
1 6 14 15 0
1 6 15 0 0
1 6 15 1 0
1 6 15 2 0
1 6 15 3 0
1 6 15 4 0
1 6 15 5 0
1 6 15 6 0.004941648595035663
1 6 15 7 0
1 6 15 8 0
1 6 15 9 0
1 6 15 10 0
1 6 15 11 0
1 6 15 12 0
1 6 15 13 0
1 6 15 14 0
1 6 15 15 0
1 7 0 0 0
1 7 0 1 0
1 7 0 2 0
1 7 0 3 0
1 7 0 4 0
1 7 0 5 0
1 7 0 6 0
1 7 0 7 0
1 7 0 8 0
1 7 0 9 0
1 7 0 10 0
1 7 0 11 0
1 7 0 12 0
1 7 0 13 0
1 7 0 14 0
1 7 0 15 0
1 7 1 0 0
1 7 1 1 0
1 7 1 2 0
1 7 1 3 0
1 7 1 4 0
1 7 1 5 0
1 7 1 6 0
1 7 1 7 0.7214794773830048
1 7 1 8 0
1 7 1 9 0
1 7 1 10 0
1 7 1 11 0
1 7 1 12 0
1 7 1 13 0
1 7 1 14 0
1 7 1 15 0
1 7 2 0 0
1 7 2 1 0
1 7 2 2 0
1 7 2 3 0
1 7 2 4 0
1 7 2 5 0
1 7 2 6 0
1 7 2 7 0
1 7 2 8 0
1 7 2 9 0
1 7 2 10 0
1 7 2 11 0
1 7 2 12 0
1 7 2 13 0
1 7 2 14 0
1 7 2 15 0
1 7 3 0 0
1 7 3 1 0
1 7 3 2 0
1 7 3 3 0
1 7 3 4 0
1 7 3 5 0
1 7 3 6 0
1 7 3 7 0
1 7 3 8 0
1 7 3 9 0
1 7 3 10 0
1 7 3 11 0
1 7 3 12 0
1 7 3 13 0
1 7 3 14 0
1 7 3 15 0
1 7 4 0 0
1 7 4 1 0
1 7 4 2 0
1 7 4 3 0
1 7 4 4 0
1 7 4 5 0
1 7 4 6 0
1 7 4 7 0
1 7 4 8 0
1 7 4 9 0
1 7 4 10 0
1 7 4 11 0
1 7 4 12 0
1 7 4 13 0
1 7 4 14 0
1 7 4 15 0
1 7 5 0 0
1 7 5 1 0
1 7 5 2 0
1 7 5 3 0
1 7 5 4 0
1 7 5 5 0
1 7 5 6 0
1 7 5 7 0
1 7 5 8 0
1 7 5 9 0
1 7 5 10 0
1 7 5 11 0
1 7 5 12 0
1 7 5 13 0
1 7 5 14 0
1 7 5 15 0
1 7 6 0 0
1 7 6 1 0
1 7 6 2 0
1 7 6 3 0
1 7 6 4 0
1 7 6 5 0
1 7 6 6 0
1 7 6 7 0
1 7 6 8 0
1 7 6 9 0
1 7 6 10 0
1 7 6 11 0
1 7 6 12 0
1 7 6 13 0
1 7 6 14 0
1 7 6 15 0
1 7 7 0 0
1 7 7 1 -0.3607397386915023
1 7 7 2 0
1 7 7 3 0
1 7 7 4 0
1 7 7 5 0
1 7 7 6 0
1 7 7 7 0
1 7 7 8 0
1 7 7 9 0
1 7 7 10 0
1 7 7 11 0
1 7 7 12 0
1 7 7 13 0
1 7 7 14 0
1 7 7 15 0
1 7 8 0 0
1 7 8 1 0
1 7 8 2 0
1 7 8 3 0
1 7 8 4 0
1 7 8 5 0
1 7 8 6 0
1 7 8 7 0
1 7 8 8 0
1 7 8 9 0
1 7 8 10 0
1 7 8 11 0
1 7 8 12 0
1 7 8 13 0
1 7 8 14 0
1 7 8 15 0
1 7 9 0 0
1 7 9 1 0
1 7 9 2 0
1 7 9 3 0
1 7 9 4 0
1 7 9 5 0
1 7 9 6 0
1 7 9 7 0
1 7 9 8 0
1 7 9 9 0
1 7 9 10 0
1 7 9 11 0
1 7 9 12 0
1 7 9 13 0
1 7 9 14 0
1 7 9 15 0
1 7 10 0 0
1 7 10 1 0
1 7 10 2 0
1 7 10 3 0
1 7 10 4 0
1 7 10 5 0
1 7 10 6 0
1 7 10 7 0
1 7 10 8 0
1 7 10 9 0
1 7 10 10 0
1 7 10 11 0
1 7 10 12 0
1 7 10 13 0
1 7 10 14 0
1 7 10 15 0
1 7 11 0 0
1 7 11 1 0
1 7 11 2 0
1 7 11 3 0
1 7 11 4 0
1 7 11 5 0
1 7 11 6 0
1 7 11 7 0
1 7 11 8 0
1 7 11 9 0
1 7 11 10 0
1 7 11 11 0
1 7 11 12 0
1 7 11 13 0
1 7 11 14 0
1 7 11 15 0
1 7 12 0 0
1 7 12 1 0
1 7 12 2 0
1 7 12 3 0
1 7 12 4 0
1 7 12 5 0
1 7 12 6 0
1 7 12 7 0
1 7 12 8 0
1 7 12 9 0
1 7 12 10 0
1 7 12 11 0
1 7 12 12 0
1 7 12 13 0
1 7 12 14 0
1 7 12 15 0
1 7 13 0 0
1 7 13 1 0
1 7 13 2 0
1 7 13 3 0
1 7 13 4 0
1 7 13 5 0
1 7 13 6 0
1 7 13 7 0
1 7 13 8 0
1 7 13 9 0
1 7 13 10 0
1 7 13 11 0
1 7 13 12 0
1 7 13 13 0
1 7 13 14 0
1 7 13 15 0
1 7 14 0 0
1 7 14 1 0
1 7 14 2 0
1 7 14 3 0
1 7 14 4 0
1 7 14 5 0
1 7 14 6 0
1 7 14 7 0
1 7 14 8 0
1 7 14 9 0
1 7 14 10 0
1 7 14 11 0
1 7 14 12 0
1 7 14 13 0
1 7 14 14 0
1 7 14 15 0
1 7 15 0 0
1 7 15 1 0
1 7 15 2 0
1 7 15 3 0
1 7 15 4 0
1 7 15 5 0
1 7 15 6 0
1 7 15 7 0
1 7 15 8 0
1 7 15 9 0
1 7 15 10 0
1 7 15 11 0
1 7 15 12 0
1 7 15 13 0
1 7 15 14 0
1 7 15 15 0
1 8 0 0 0
1 8 0 1 0
1 8 0 2 0
1 8 0 3 0
1 8 0 4 0
1 8 0 5 0
1 8 0 6 0
1 8 0 7 0
1 8 0 8 0
1 8 0 9 0
1 8 0 10 0
1 8 0 11 0
1 8 0 12 0
1 8 0 13 0
1 8 0 14 0
1 8 0 15 0
1 8 1 0 0
1 8 1 1 0
1 8 1 2 0
1 8 1 3 0.1098478024968849
1 8 1 4 0
1 8 1 5 0
1 8 1 6 0
1 8 1 7 0
1 8 1 8 0.007485691673799032
1 8 1 9 0
1 8 1 10 0
1 8 1 11 0
1 8 1 12 0
1 8 1 13 0
1 8 1 14 0
1 8 1 15 0
1 8 2 0 0
1 8 2 1 0
1 8 2 2 0
1 8 2 3 0
1 8 2 4 0
1 8 2 5 0
1 8 2 6 0
1 8 2 7 0
1 8 2 8 0
1 8 2 9 0
1 8 2 10 0
1 8 2 11 0
1 8 2 12 0
1 8 2 13 0
1 8 2 14 0
1 8 2 15 0
1 8 3 0 0
1 8 3 1 -0.05492390124844247
1 8 3 2 0
1 8 3 3 0
1 8 3 4 0
1 8 3 5 0
1 8 3 6 0
1 8 3 7 0
1 8 3 8 0
1 8 3 9 0
1 8 3 10 0
1 8 3 11 0
1 8 3 12 0
1 8 3 13 0
1 8 3 14 0
1 8 3 15 -0.0001381423102587397
1 8 4 0 0
1 8 4 1 0
1 8 4 2 0
1 8 4 3 0
1 8 4 4 0
1 8 4 5 0
1 8 4 6 0
1 8 4 7 0
1 8 4 8 0
1 8 4 9 0
1 8 4 10 0
1 8 4 11 0
1 8 4 12 0
1 8 4 13 0
1 8 4 14 0
1 8 4 15 0
1 8 5 0 0
1 8 5 1 0
1 8 5 2 0
1 8 5 3 0
1 8 5 4 0
1 8 5 5 0
1 8 5 6 0
1 8 5 7 0
1 8 5 8 0
1 8 5 9 0
1 8 5 10 0
1 8 5 11 0
1 8 5 12 0
1 8 5 13 0
1 8 5 14 0
1 8 5 15 0
1 8 6 0 0
1 8 6 1 0
1 8 6 2 0
1 8 6 3 0
1 8 6 4 0
1 8 6 5 0
1 8 6 6 0
1 8 6 7 0
1 8 6 8 0
1 8 6 9 0
1 8 6 10 0
1 8 6 11 0
1 8 6 12 0
1 8 6 13 0
1 8 6 14 0
1 8 6 15 0
1 8 7 0 0
1 8 7 1 0
1 8 7 2 0
1 8 7 3 0
1 8 7 4 0
1 8 7 5 0
1 8 7 6 0
1 8 7 7 0
1 8 7 8 0
1 8 7 9 0
1 8 7 10 0
1 8 7 11 0
1 8 7 12 0
1 8 7 13 0
1 8 7 14 0
1 8 7 15 0
1 8 8 0 0
1 8 8 1 -0.003742845836899517
1 8 8 2 0
1 8 8 3 0
1 8 8 4 0
1 8 8 5 0
1 8 8 6 0
1 8 8 7 0
1 8 8 8 0
1 8 8 9 0
1 8 8 10 0
1 8 8 11 0
1 8 8 12 0
1 8 8 13 0
1 8 8 14 0
1 8 8 15 0
1 8 9 0 0
1 8 9 1 0
1 8 9 2 0
1 8 9 3 0
1 8 9 4 0
1 8 9 5 0
1 8 9 6 0
1 8 9 7 0
1 8 9 8 0
1 8 9 9 0
1 8 9 10 0
1 8 9 11 0
1 8 9 12 0
1 8 9 13 0
1 8 9 14 0
1 8 9 15 0
1 8 10 0 0
1 8 10 1 0
1 8 10 2 0
1 8 10 3 0
1 8 10 4 0
1 8 10 5 0
1 8 10 6 0
1 8 10 7 0
1 8 10 8 0
1 8 10 9 0
1 8 10 10 0
1 8 10 11 0
1 8 10 12 0
1 8 10 13 0
1 8 10 14 0
1 8 10 15 0
1 8 11 0 0
1 8 11 1 0
1 8 11 2 0
1 8 11 3 0
1 8 11 4 0
1 8 11 5 0
1 8 11 6 0
1 8 11 7 0
1 8 11 8 0
1 8 11 9 0
1 8 11 10 0
1 8 11 11 0
1 8 11 12 0
1 8 11 13 0
1 8 11 14 0
1 8 11 15 0
1 8 12 0 0
1 8 12 1 0
1 8 12 2 0
1 8 12 3 0
1 8 12 4 0
1 8 12 5 0
1 8 12 6 0
1 8 12 7 0
1 8 12 8 0
1 8 12 9 0
1 8 12 10 0
1 8 12 11 0
1 8 12 12 0
1 8 12 13 0
1 8 12 14 0
1 8 12 15 0
1 8 13 0 0
1 8 13 1 0
1 8 13 2 0
1 8 13 3 0
1 8 13 4 0
1 8 13 5 0
1 8 13 6 0
1 8 13 7 0
1 8 13 8 0
1 8 13 9 0
1 8 13 10 0
1 8 13 11 0
1 8 13 12 0
1 8 13 13 0
1 8 13 14 0
1 8 13 15 0
1 8 14 0 0
1 8 14 1 0
1 8 14 2 0
1 8 14 3 0
1 8 14 4 0
1 8 14 5 0
1 8 14 6 0
1 8 14 7 0
1 8 14 8 0
1 8 14 9 0
1 8 14 10 0
1 8 14 11 0
1 8 14 12 0
1 8 14 13 0
1 8 14 14 0
1 8 14 15 0
1 8 15 0 0
1 8 15 1 0
1 8 15 2 0
1 8 15 3 0.0003575873182041903
1 8 15 4 0
1 8 15 5 0
1 8 15 6 0
1 8 15 7 0
1 8 15 8 0
1 8 15 9 0
1 8 15 10 0
1 8 15 11 0
1 8 15 12 0
1 8 15 13 0
1 8 15 14 0
1 8 15 15 0
1 9 0 0 0
1 9 0 1 0
1 9 0 2 0
1 9 0 3 0
1 9 0 4 0
1 9 0 5 0
1 9 0 6 0
1 9 0 7 0
1 9 0 8 0
1 9 0 9 0
1 9 0 10 0
1 9 0 11 0
1 9 0 12 0
1 9 0 13 0
1 9 0 14 0
1 9 0 15 0
1 9 1 0 0
1 9 1 1 0
1 9 1 2 0
1 9 1 3 0
1 9 1 4 0.1143771736763142
1 9 1 5 0
1 9 1 6 0
1 9 1 7 0
1 9 1 8 0
1 9 1 9 0.007477775895661566
1 9 1 10 0
1 9 1 11 0
1 9 1 12 0
1 9 1 13 0
1 9 1 14 0
1 9 1 15 0
1 9 2 0 0
1 9 2 1 0
1 9 2 2 0
1 9 2 3 0
1 9 2 4 0
1 9 2 5 0
1 9 2 6 0
1 9 2 7 0
1 9 2 8 0
1 9 2 9 0
1 9 2 10 0
1 9 2 11 0
1 9 2 12 0
1 9 2 13 0
1 9 2 14 0
1 9 2 15 0
1 9 3 0 0
1 9 3 1 0
1 9 3 2 0
1 9 3 3 0
1 9 3 4 0
1 9 3 5 0
1 9 3 6 0
1 9 3 7 0
1 9 3 8 0
1 9 3 9 0
1 9 3 10 0
1 9 3 11 0
1 9 3 12 0
1 9 3 13 0
1 9 3 14 0
1 9 3 15 0
1 9 4 0 0
1 9 4 1 -0.05718858683815708
1 9 4 2 0
1 9 4 3 0
1 9 4 4 0
1 9 4 5 0
1 9 4 6 0
1 9 4 7 0
1 9 4 8 0
1 9 4 9 0
1 9 4 10 0
1 9 4 11 0
1 9 4 12 0
1 9 4 13 0
1 9 4 14 0
1 9 4 15 -0.0001351613718222473
1 9 5 0 0
1 9 5 1 0
1 9 5 2 0
1 9 5 3 0
1 9 5 4 0
1 9 5 5 0
1 9 5 6 0
1 9 5 7 0
1 9 5 8 0
1 9 5 9 0
1 9 5 10 0
1 9 5 11 0
1 9 5 12 0
1 9 5 13 0
1 9 5 14 0
1 9 5 15 0
1 9 6 0 0
1 9 6 1 0
1 9 6 2 0
1 9 6 3 0
1 9 6 4 0
1 9 6 5 0
1 9 6 6 0
1 9 6 7 0
1 9 6 8 0
1 9 6 9 0
1 9 6 10 0
1 9 6 11 0
1 9 6 12 0
1 9 6 13 0
1 9 6 14 0
1 9 6 15 0
1 9 7 0 0
1 9 7 1 0
1 9 7 2 0
1 9 7 3 0
1 9 7 4 0
1 9 7 5 0
1 9 7 6 0
1 9 7 7 0
1 9 7 8 0
1 9 7 9 0
1 9 7 10 0
1 9 7 11 0
1 9 7 12 0
1 9 7 13 0
1 9 7 14 0
1 9 7 15 0
1 9 8 0 0
1 9 8 1 0
1 9 8 2 0
1 9 8 3 0
1 9 8 4 0
1 9 8 5 0
1 9 8 6 0
1 9 8 7 0
1 9 8 8 0
1 9 8 9 0
1 9 8 10 0
1 9 8 11 0
1 9 8 12 0
1 9 8 13 0
1 9 8 14 0
1 9 8 15 0
1 9 9 0 0
1 9 9 1 -0.003738887947830783
1 9 9 2 0
1 9 9 3 0
1 9 9 4 0
1 9 9 5 0
1 9 9 6 0
1 9 9 7 0
1 9 9 8 0
1 9 9 9 0
1 9 9 10 0
1 9 9 11 0
1 9 9 12 0
1 9 9 13 0
1 9 9 14 0
1 9 9 15 0
1 9 10 0 0
1 9 10 1 0
1 9 10 2 0
1 9 10 3 0
1 9 10 4 0
1 9 10 5 0
1 9 10 6 0
1 9 10 7 0
1 9 10 8 0
1 9 10 9 0
1 9 10 10 0
1 9 10 11 0
1 9 10 12 0
1 9 10 13 0
1 9 10 14 0
1 9 10 15 0
1 9 11 0 0
1 9 11 1 0
1 9 11 2 0
1 9 11 3 0
1 9 11 4 0
1 9 11 5 0
1 9 11 6 0
1 9 11 7 0
1 9 11 8 0
1 9 11 9 0
1 9 11 10 0
1 9 11 11 0
1 9 11 12 0
1 9 11 13 0
1 9 11 14 0
1 9 11 15 0
1 9 12 0 0
1 9 12 1 0
1 9 12 2 0
1 9 12 3 0
1 9 12 4 0
1 9 12 5 0
1 9 12 6 0
1 9 12 7 0
1 9 12 8 0
1 9 12 9 0
1 9 12 10 0
1 9 12 11 0
1 9 12 12 0
1 9 12 13 0
1 9 12 14 0
1 9 12 15 0
1 9 13 0 0
1 9 13 1 0
1 9 13 2 0
1 9 13 3 0
1 9 13 4 0
1 9 13 5 0
1 9 13 6 0
1 9 13 7 0
1 9 13 8 0
1 9 13 9 0
1 9 13 10 0
1 9 13 11 0
1 9 13 12 0
1 9 13 13 0
1 9 13 14 0
1 9 13 15 0
1 9 14 0 0
1 9 14 1 0
1 9 14 2 0
1 9 14 3 0
1 9 14 4 0
1 9 14 5 0
1 9 14 6 0
1 9 14 7 0
1 9 14 8 0
1 9 14 9 0
1 9 14 10 0
1 9 14 11 0
1 9 14 12 0
1 9 14 13 0
1 9 14 14 0
1 9 14 15 0
1 9 15 0 0
1 9 15 1 0
1 9 15 2 0
1 9 15 3 0
1 9 15 4 0.0003510279668844348
1 9 15 5 0
1 9 15 6 0
1 9 15 7 0
1 9 15 8 0
1 9 15 9 0
1 9 15 10 0
1 9 15 11 0
1 9 15 12 0
1 9 15 13 0
1 9 15 14 0
1 9 15 15 0
1 10 0 0 0
1 10 0 1 0
1 10 0 2 0
1 10 0 3 0
1 10 0 4 0
1 10 0 5 0
1 10 0 6 0
1 10 0 7 0
1 10 0 8 0
1 10 0 9 0
1 10 0 10 0
1 10 0 11 0
1 10 0 12 0
1 10 0 13 0
1 10 0 14 0
1 10 0 15 0
1 10 1 0 0
1 10 1 1 0
1 10 1 2 0
1 10 1 3 0
1 10 1 4 0
1 10 1 5 0
1 10 1 6 0
1 10 1 7 0
1 10 1 8 0
1 10 1 9 0
1 10 1 10 0
1 10 1 11 0
1 10 1 12 0
1 10 1 13 0
1 10 1 14 0
1 10 1 15 0
1 10 2 0 0
1 10 2 1 0
1 10 2 2 0
1 10 2 3 0
1 10 2 4 0
1 10 2 5 0
1 10 2 6 0
1 10 2 7 0
1 10 2 8 0
1 10 2 9 0
1 10 2 10 0
1 10 2 11 0
1 10 2 12 0
1 10 2 13 0
1 10 2 14 0
1 10 2 15 0
1 10 3 0 0
1 10 3 1 0
1 10 3 2 0
1 10 3 3 0
1 10 3 4 0
1 10 3 5 0
1 10 3 6 0
1 10 3 7 0
1 10 3 8 0
1 10 3 9 0
1 10 3 10 0
1 10 3 11 0
1 10 3 12 0
1 10 3 13 0
1 10 3 14 0
1 10 3 15 0
1 10 4 0 0
1 10 4 1 0
1 10 4 2 0
1 10 4 3 0
1 10 4 4 0
1 10 4 5 0
1 10 4 6 0
1 10 4 7 0
1 10 4 8 0
1 10 4 9 0
1 10 4 10 0
1 10 4 11 0
1 10 4 12 0
1 10 4 13 0
1 10 4 14 0
1 10 4 15 0
1 10 5 0 0
1 10 5 1 0
1 10 5 2 0
1 10 5 3 0
1 10 5 4 0
1 10 5 5 0
1 10 5 6 0
1 10 5 7 0
1 10 5 8 0
1 10 5 9 0
1 10 5 10 0
1 10 5 11 0
1 10 5 12 0
1 10 5 13 0
1 10 5 14 0
1 10 5 15 0
1 10 6 0 0
1 10 6 1 0
1 10 6 2 0
1 10 6 3 0
1 10 6 4 0
1 10 6 5 0
1 10 6 6 0
1 10 6 7 0
1 10 6 8 0
1 10 6 9 0
1 10 6 10 0
1 10 6 11 0
1 10 6 12 0
1 10 6 13 0
1 10 6 14 0
1 10 6 15 0
1 10 7 0 0
1 10 7 1 0
1 10 7 2 0
1 10 7 3 0
1 10 7 4 0
1 10 7 5 0
1 10 7 6 0
1 10 7 7 0
1 10 7 8 0
1 10 7 9 0
1 10 7 10 0
1 10 7 11 0
1 10 7 12 0
1 10 7 13 0
1 10 7 14 0
1 10 7 15 0
1 10 8 0 0
1 10 8 1 0
1 10 8 2 0
1 10 8 3 0
1 10 8 4 0
1 10 8 5 0
1 10 8 6 0
1 10 8 7 0
1 10 8 8 0
1 10 8 9 0
1 10 8 10 0
1 10 8 11 0
1 10 8 12 0
1 10 8 13 0
1 10 8 14 0
1 10 8 15 0
1 10 9 0 0
1 10 9 1 0
1 10 9 2 0
1 10 9 3 0
1 10 9 4 0
1 10 9 5 0
1 10 9 6 0
1 10 9 7 0
1 10 9 8 0
1 10 9 9 0
1 10 9 10 0
1 10 9 11 0
1 10 9 12 0
1 10 9 13 0
1 10 9 14 0
1 10 9 15 0
1 10 10 0 0
1 10 10 1 0
1 10 10 2 0
1 10 10 3 0
1 10 10 4 0
1 10 10 5 0
1 10 10 6 0
1 10 10 7 0
1 10 10 8 0
1 10 10 9 0
1 10 10 10 0
1 10 10 11 0
1 10 10 12 0
1 10 10 13 0
1 10 10 14 0
1 10 10 15 0
1 10 11 0 0
1 10 11 1 0
1 10 11 2 0
1 10 11 3 0
1 10 11 4 0
1 10 11 5 0
1 10 11 6 0
1 10 11 7 0
1 10 11 8 0
1 10 11 9 0
1 10 11 10 0
1 10 11 11 0
1 10 11 12 0
1 10 11 13 0
1 10 11 14 0
1 10 11 15 0
1 10 12 0 0
1 10 12 1 0
1 10 12 2 0
1 10 12 3 0
1 10 12 4 0
1 10 12 5 0
1 10 12 6 0
1 10 12 7 0
1 10 12 8 0
1 10 12 9 0
1 10 12 10 0
1 10 12 11 0
1 10 12 12 0
1 10 12 13 0
1 10 12 14 0
1 10 12 15 0
1 10 13 0 0
1 10 13 1 0
1 10 13 2 0
1 10 13 3 0
1 10 13 4 0
1 10 13 5 0
1 10 13 6 0
1 10 13 7 0
1 10 13 8 0
1 10 13 9 0
1 10 13 10 0
1 10 13 11 0
1 10 13 12 0
1 10 13 13 0
1 10 13 14 0
1 10 13 15 0
1 10 14 0 0
1 10 14 1 0
1 10 14 2 0
1 10 14 3 0
1 10 14 4 0
1 10 14 5 0
1 10 14 6 0
1 10 14 7 0
1 10 14 8 0
1 10 14 9 0
1 10 14 10 0
1 10 14 11 0
1 10 14 12 0
1 10 14 13 0
1 10 14 14 0
1 10 14 15 0
1 10 15 0 0
1 10 15 1 0
1 10 15 2 0
1 10 15 3 0
1 10 15 4 0
1 10 15 5 0
1 10 15 6 0
1 10 15 7 0
1 10 15 8 0
1 10 15 9 0
1 10 15 10 0
1 10 15 11 0
1 10 15 12 0
1 10 15 13 0
1 10 15 14 0
1 10 15 15 0
1 11 0 0 0
1 11 0 1 0.004782626860835075
1 11 0 2 0
1 11 0 3 0
1 11 0 4 0
1 11 0 5 0
1 11 0 6 0
1 11 0 7 0
1 11 0 8 0
1 11 0 9 0
1 11 0 10 0
1 11 0 11 0
1 11 0 12 0
1 11 0 13 0
1 11 0 14 0
1 11 0 15 2.900536677955737e-05
1 11 1 0 -0.009565253721670148
1 11 1 1 0
1 11 1 2 -0.02182969404964079
1 11 1 3 0
1 11 1 4 0
1 11 1 5 0
1 11 1 6 0
1 11 1 7 0
1 11 1 8 0
1 11 1 9 0
1 11 1 10 0
1 11 1 11 0.0004587900103885993
1 11 1 12 0
1 11 1 13 0
1 11 1 14 -0.0006613572682336858
1 11 1 15 0
1 11 2 0 0
1 11 2 1 0.0109148470248204
1 11 2 2 0
1 11 2 3 0
1 11 2 4 0
1 11 2 5 0
1 11 2 6 0
1 11 2 7 0
1 11 2 8 0
1 11 2 9 0
1 11 2 10 0
1 11 2 11 0
1 11 2 12 0
1 11 2 13 0
1 11 2 14 0
1 11 2 15 7.966578236556782e-05
1 11 3 0 0
1 11 3 1 0
1 11 3 2 0
1 11 3 3 0
1 11 3 4 0
1 11 3 5 0
1 11 3 6 0
1 11 3 7 0
1 11 3 8 0
1 11 3 9 0
1 11 3 10 0
1 11 3 11 0
1 11 3 12 0
1 11 3 13 0
1 11 3 14 0
1 11 3 15 0
1 11 4 0 0
1 11 4 1 0
1 11 4 2 0
1 11 4 3 0
1 11 4 4 0
1 11 4 5 0
1 11 4 6 0
1 11 4 7 0
1 11 4 8 0
1 11 4 9 0
1 11 4 10 0
1 11 4 11 0
1 11 4 12 0
1 11 4 13 0
1 11 4 14 0
1 11 4 15 0
1 11 5 0 0
1 11 5 1 0
1 11 5 2 0
1 11 5 3 0
1 11 5 4 0
1 11 5 5 0
1 11 5 6 0
1 11 5 7 0
1 11 5 8 0
1 11 5 9 0
1 11 5 10 0
1 11 5 11 0
1 11 5 12 0
1 11 5 13 0
1 11 5 14 0
1 11 5 15 0
1 11 6 0 0
1 11 6 1 0
1 11 6 2 0
1 11 6 3 0
1 11 6 4 0
1 11 6 5 0
1 11 6 6 0
1 11 6 7 0
1 11 6 8 0
1 11 6 9 0
1 11 6 10 0
1 11 6 11 0
1 11 6 12 0
1 11 6 13 0
1 11 6 14 0
1 11 6 15 0
1 11 7 0 0
1 11 7 1 0
1 11 7 2 0
1 11 7 3 0
1 11 7 4 0
1 11 7 5 0
1 11 7 6 0
1 11 7 7 0
1 11 7 8 0
1 11 7 9 0
1 11 7 10 0
1 11 7 11 0
1 11 7 12 0
1 11 7 13 0
1 11 7 14 0
1 11 7 15 0
1 11 8 0 0
1 11 8 1 0
1 11 8 2 0
1 11 8 3 0
1 11 8 4 0
1 11 8 5 0
1 11 8 6 0
1 11 8 7 0
1 11 8 8 0
1 11 8 9 0
1 11 8 10 0
1 11 8 11 0
1 11 8 12 0
1 11 8 13 0
1 11 8 14 0
1 11 8 15 0
1 11 9 0 0
1 11 9 1 0
1 11 9 2 0
1 11 9 3 0
1 11 9 4 0
1 11 9 5 0
1 11 9 6 0
1 11 9 7 0
1 11 9 8 0
1 11 9 9 0
1 11 9 10 0
1 11 9 11 0
1 11 9 12 0
1 11 9 13 0
1 11 9 14 0
1 11 9 15 0
1 11 10 0 0
1 11 10 1 0
1 11 10 2 0
1 11 10 3 0
1 11 10 4 0
1 11 10 5 0
1 11 10 6 0
1 11 10 7 0
1 11 10 8 0
1 11 10 9 0
1 11 10 10 0
1 11 10 11 0
1 11 10 12 0
1 11 10 13 0
1 11 10 14 0
1 11 10 15 0
1 11 11 0 0
1 11 11 1 -0.0002293950051942997
1 11 11 2 0
1 11 11 3 0
1 11 11 4 0
1 11 11 5 0
1 11 11 6 0
1 11 11 7 0
1 11 11 8 0
1 11 11 9 0
1 11 11 10 0
1 11 11 11 0
1 11 11 12 0
1 11 11 13 0
1 11 11 14 0
1 11 11 15 0
1 11 12 0 0
1 11 12 1 0
1 11 12 2 0
1 11 12 3 0
1 11 12 4 0
1 11 12 5 0
1 11 12 6 0
1 11 12 7 0
1 11 12 8 0
1 11 12 9 0
1 11 12 10 0
1 11 12 11 0
1 11 12 12 0
1 11 12 13 0
1 11 12 14 0
1 11 12 15 0
1 11 13 0 0
1 11 13 1 0
1 11 13 2 0
1 11 13 3 0
1 11 13 4 0
1 11 13 5 0
1 11 13 6 0
1 11 13 7 0
1 11 13 8 0
1 11 13 9 0
1 11 13 10 0
1 11 13 11 0
1 11 13 12 0
1 11 13 13 0
1 11 13 14 0
1 11 13 15 0
1 11 14 0 0
1 11 14 1 0.0003306786341168429
1 11 14 2 0
1 11 14 3 0
1 11 14 4 0
1 11 14 5 0
1 11 14 6 0
1 11 14 7 0
1 11 14 8 0
1 11 14 9 0
1 11 14 10 0
1 11 14 11 0
1 11 14 12 0
1 11 14 13 0
1 11 14 14 0
1 11 14 15 0
1 11 15 0 -6.078127133223018e-05
1 11 15 1 0
1 11 15 2 -0.0001659109672231864
1 11 15 3 0
1 11 15 4 0
1 11 15 5 0
1 11 15 6 0
1 11 15 7 0
1 11 15 8 0
1 11 15 9 0
1 11 15 10 0
1 11 15 11 0
1 11 15 12 0
1 11 15 13 0
1 11 15 14 0
1 11 15 15 0
1 12 0 0 0
1 12 0 1 0
1 12 0 2 0
1 12 0 3 0
1 12 0 4 0
1 12 0 5 0
1 12 0 6 0
1 12 0 7 0
1 12 0 8 0
1 12 0 9 0
1 12 0 10 0
1 12 0 11 0
1 12 0 12 0
1 12 0 13 0
1 12 0 14 0
1 12 0 15 0
1 12 1 0 0
1 12 1 1 0
1 12 1 2 0
1 12 1 3 0
1 12 1 4 0
1 12 1 5 0.07595072051861373
1 12 1 6 0
1 12 1 7 0
1 12 1 8 0
1 12 1 9 0
1 12 1 10 0
1 12 1 11 0
1 12 1 12 0.006263668286685757
1 12 1 13 0
1 12 1 14 0
1 12 1 15 0
1 12 2 0 0
1 12 2 1 0
1 12 2 2 0
1 12 2 3 0
1 12 2 4 0
1 12 2 5 0
1 12 2 6 0
1 12 2 7 0
1 12 2 8 0
1 12 2 9 0
1 12 2 10 0
1 12 2 11 0
1 12 2 12 0
1 12 2 13 0
1 12 2 14 0
1 12 2 15 0
1 12 3 0 0
1 12 3 1 0
1 12 3 2 0
1 12 3 3 0
1 12 3 4 0
1 12 3 5 0
1 12 3 6 0
1 12 3 7 0
1 12 3 8 0
1 12 3 9 0
1 12 3 10 0
1 12 3 11 0
1 12 3 12 0
1 12 3 13 0
1 12 3 14 0
1 12 3 15 0
1 12 4 0 0
1 12 4 1 0
1 12 4 2 0
1 12 4 3 0
1 12 4 4 0
1 12 4 5 0
1 12 4 6 0
1 12 4 7 0
1 12 4 8 0
1 12 4 9 0
1 12 4 10 0
1 12 4 11 0
1 12 4 12 0
1 12 4 13 0
1 12 4 14 0
1 12 4 15 0
1 12 5 0 0
1 12 5 1 -0.03797536025930687
1 12 5 2 0
1 12 5 3 0
1 12 5 4 0
1 12 5 5 0
1 12 5 6 0
1 12 5 7 0
1 12 5 8 0
1 12 5 9 0
1 12 5 10 0
1 12 5 11 0
1 12 5 12 0
1 12 5 13 0
1 12 5 14 0
1 12 5 15 -0.0001751512355567895
1 12 6 0 0
1 12 6 1 0
1 12 6 2 0
1 12 6 3 0
1 12 6 4 0
1 12 6 5 0
1 12 6 6 0
1 12 6 7 0
1 12 6 8 0
1 12 6 9 0
1 12 6 10 0
1 12 6 11 0
1 12 6 12 0
1 12 6 13 0
1 12 6 14 0
1 12 6 15 0
1 12 7 0 0
1 12 7 1 0
1 12 7 2 0
1 12 7 3 0
1 12 7 4 0
1 12 7 5 0
1 12 7 6 0
1 12 7 7 0
1 12 7 8 0
1 12 7 9 0
1 12 7 10 0
1 12 7 11 0
1 12 7 12 0
1 12 7 13 0
1 12 7 14 0
1 12 7 15 0
1 12 8 0 0
1 12 8 1 0
1 12 8 2 0
1 12 8 3 0
1 12 8 4 0
1 12 8 5 0
1 12 8 6 0
1 12 8 7 0
1 12 8 8 0
1 12 8 9 0
1 12 8 10 0
1 12 8 11 0
1 12 8 12 0
1 12 8 13 0
1 12 8 14 0
1 12 8 15 0
1 12 9 0 0
1 12 9 1 0
1 12 9 2 0
1 12 9 3 0
1 12 9 4 0
1 12 9 5 0
1 12 9 6 0
1 12 9 7 0
1 12 9 8 0
1 12 9 9 0
1 12 9 10 0
1 12 9 11 0
1 12 9 12 0
1 12 9 13 0
1 12 9 14 0
1 12 9 15 0
1 12 10 0 0
1 12 10 1 0
1 12 10 2 0
1 12 10 3 0
1 12 10 4 0
1 12 10 5 0
1 12 10 6 0
1 12 10 7 0
1 12 10 8 0
1 12 10 9 0
1 12 10 10 0
1 12 10 11 0
1 12 10 12 0
1 12 10 13 0
1 12 10 14 0
1 12 10 15 0
1 12 11 0 0
1 12 11 1 0
1 12 11 2 0
1 12 11 3 0
1 12 11 4 0
1 12 11 5 0
1 12 11 6 0
1 12 11 7 0
1 12 11 8 0
1 12 11 9 0
1 12 11 10 0
1 12 11 11 0
1 12 11 12 0
1 12 11 13 0
1 12 11 14 0
1 12 11 15 0
1 12 12 0 0
1 12 12 1 -0.003131834143342878
1 12 12 2 0
1 12 12 3 0
1 12 12 4 0
1 12 12 5 0
1 12 12 6 0
1 12 12 7 0
1 12 12 8 0
1 12 12 9 0
1 12 12 10 0
1 12 12 11 0
1 12 12 12 0
1 12 12 13 0
1 12 12 14 0
1 12 12 15 0
1 12 13 0 0
1 12 13 1 0
1 12 13 2 0
1 12 13 3 0
1 12 13 4 0
1 12 13 5 0
1 12 13 6 0
1 12 13 7 0
1 12 13 8 0
1 12 13 9 0
1 12 13 10 0
1 12 13 11 0
1 12 13 12 0
1 12 13 13 0
1 12 13 14 0
1 12 13 15 0
1 12 14 0 0
1 12 14 1 0
1 12 14 2 0
1 12 14 3 0
1 12 14 4 0
1 12 14 5 0
1 12 14 6 0
1 12 14 7 0
1 12 14 8 0
1 12 14 9 0
1 12 14 10 0
1 12 14 11 0
1 12 14 12 0
1 12 14 13 0
1 12 14 14 0
1 12 14 15 0
1 12 15 0 0
1 12 15 1 0
1 12 15 2 0
1 12 15 3 0
1 12 15 4 0
1 12 15 5 0.0003133107111770026
1 12 15 6 0
1 12 15 7 0
1 12 15 8 0
1 12 15 9 0
1 12 15 10 0
1 12 15 11 0
1 12 15 12 0
1 12 15 13 0
1 12 15 14 0
1 12 15 15 0
1 13 0 0 0
1 13 0 1 0
1 13 0 2 0
1 13 0 3 0
1 13 0 4 0
1 13 0 5 0
1 13 0 6 0
1 13 0 7 0
1 13 0 8 0
1 13 0 9 0
1 13 0 10 0
1 13 0 11 0
1 13 0 12 0
1 13 0 13 0
1 13 0 14 0
1 13 0 15 0
1 13 1 0 0
1 13 1 1 0
1 13 1 2 0
1 13 1 3 0
1 13 1 4 0
1 13 1 5 0
1 13 1 6 0.08360114429406111
1 13 1 7 0
1 13 1 8 0
1 13 1 9 0
1 13 1 10 0
1 13 1 11 0
1 13 1 12 0
1 13 1 13 0.006458847761373811
1 13 1 14 0
1 13 1 15 0
1 13 2 0 0
1 13 2 1 0
1 13 2 2 0
1 13 2 3 0
1 13 2 4 0
1 13 2 5 0
1 13 2 6 0
1 13 2 7 0
1 13 2 8 0
1 13 2 9 0
1 13 2 10 0
1 13 2 11 0
1 13 2 12 0
1 13 2 13 0
1 13 2 14 0
1 13 2 15 0
1 13 3 0 0
1 13 3 1 0
1 13 3 2 0
1 13 3 3 0
1 13 3 4 0
1 13 3 5 0
1 13 3 6 0
1 13 3 7 0
1 13 3 8 0
1 13 3 9 0
1 13 3 10 0
1 13 3 11 0
1 13 3 12 0
1 13 3 13 0
1 13 3 14 0
1 13 3 15 0
1 13 4 0 0
1 13 4 1 0
1 13 4 2 0
1 13 4 3 0
1 13 4 4 0
1 13 4 5 0
1 13 4 6 0
1 13 4 7 0
1 13 4 8 0
1 13 4 9 0
1 13 4 10 0
1 13 4 11 0
1 13 4 12 0
1 13 4 13 0
1 13 4 14 0
1 13 4 15 0
1 13 5 0 0
1 13 5 1 0
1 13 5 2 0
1 13 5 3 0
1 13 5 4 0
1 13 5 5 0
1 13 5 6 0
1 13 5 7 0
1 13 5 8 0
1 13 5 9 0
1 13 5 10 0
1 13 5 11 0
1 13 5 12 0
1 13 5 13 0
1 13 5 14 0
1 13 5 15 0
1 13 6 0 0
1 13 6 1 -0.04180057214703056
1 13 6 2 0
1 13 6 3 0
1 13 6 4 0
1 13 6 5 0
1 13 6 6 0
1 13 6 7 0
1 13 6 8 0
1 13 6 9 0
1 13 6 10 0
1 13 6 11 0
1 13 6 12 0
1 13 6 13 0
1 13 6 14 0
1 13 6 15 -0.0001668691174782631
1 13 7 0 0
1 13 7 1 0
1 13 7 2 0
1 13 7 3 0
1 13 7 4 0
1 13 7 5 0
1 13 7 6 0
1 13 7 7 0
1 13 7 8 0
1 13 7 9 0
1 13 7 10 0
1 13 7 11 0
1 13 7 12 0
1 13 7 13 0
1 13 7 14 0
1 13 7 15 0
1 13 8 0 0
1 13 8 1 0
1 13 8 2 0
1 13 8 3 0
1 13 8 4 0
1 13 8 5 0
1 13 8 6 0
1 13 8 7 0
1 13 8 8 0
1 13 8 9 0
1 13 8 10 0
1 13 8 11 0
1 13 8 12 0
1 13 8 13 0
1 13 8 14 0
1 13 8 15 0
1 13 9 0 0
1 13 9 1 0
1 13 9 2 0
1 13 9 3 0
1 13 9 4 0
1 13 9 5 0
1 13 9 6 0
1 13 9 7 0
1 13 9 8 0
1 13 9 9 0
1 13 9 10 0
1 13 9 11 0
1 13 9 12 0
1 13 9 13 0
1 13 9 14 0
1 13 9 15 0
1 13 10 0 0
1 13 10 1 0
1 13 10 2 0
1 13 10 3 0
1 13 10 4 0
1 13 10 5 0
1 13 10 6 0
1 13 10 7 0
1 13 10 8 0
1 13 10 9 0
1 13 10 10 0
1 13 10 11 0
1 13 10 12 0
1 13 10 13 0
1 13 10 14 0
1 13 10 15 0
1 13 11 0 0
1 13 11 1 0
1 13 11 2 0
1 13 11 3 0
1 13 11 4 0
1 13 11 5 0
1 13 11 6 0
1 13 11 7 0
1 13 11 8 0
1 13 11 9 0
1 13 11 10 0
1 13 11 11 0
1 13 11 12 0
1 13 11 13 0
1 13 11 14 0
1 13 11 15 0
1 13 12 0 0
1 13 12 1 0
1 13 12 2 0
1 13 12 3 0
1 13 12 4 0
1 13 12 5 0
1 13 12 6 0
1 13 12 7 0
1 13 12 8 0
1 13 12 9 0
1 13 12 10 0
1 13 12 11 0
1 13 12 12 0
1 13 12 13 0
1 13 12 14 0
1 13 12 15 0
1 13 13 0 0
1 13 13 1 -0.003229423880686906
1 13 13 2 0
1 13 13 3 0
1 13 13 4 0
1 13 13 5 0
1 13 13 6 0
1 13 13 7 0
1 13 13 8 0
1 13 13 9 0
1 13 13 10 0
1 13 13 11 0
1 13 13 12 0
1 13 13 13 0
1 13 13 14 0
1 13 13 15 0
1 13 14 0 0
1 13 14 1 0
1 13 14 2 0
1 13 14 3 0
1 13 14 4 0
1 13 14 5 0
1 13 14 6 0
1 13 14 7 0
1 13 14 8 0
1 13 14 9 0
1 13 14 10 0
1 13 14 11 0
1 13 14 12 0
1 13 14 13 0
1 13 14 14 0
1 13 14 15 0
1 13 15 0 0
1 13 15 1 0
1 13 15 2 0
1 13 15 3 0
1 13 15 4 0
1 13 15 5 0
1 13 15 6 0.0003084617518769588
1 13 15 7 0
1 13 15 8 0
1 13 15 9 0
1 13 15 10 0
1 13 15 11 0
1 13 15 12 0
1 13 15 13 0
1 13 15 14 0
1 13 15 15 0
1 14 0 0 0
1 14 0 1 0
1 14 0 2 0
1 14 0 3 0
1 14 0 4 0
1 14 0 5 0
1 14 0 6 0
1 14 0 7 0
1 14 0 8 0
1 14 0 9 0
1 14 0 10 0
1 14 0 11 0
1 14 0 12 0
1 14 0 13 0
1 14 0 14 0
1 14 0 15 0
1 14 1 0 0
1 14 1 1 0
1 14 1 2 0.04650255598360337
1 14 1 3 0
1 14 1 4 0
1 14 1 5 0
1 14 1 6 0
1 14 1 7 0
1 14 1 8 0
1 14 1 9 0
1 14 1 10 0
1 14 1 11 -0.0006613572682336858
1 14 1 12 0
1 14 1 13 0
1 14 1 14 0.001501913626517999
1 14 1 15 0
1 14 2 0 0
1 14 2 1 -0.02325127799180168
1 14 2 2 0
1 14 2 3 0
1 14 2 4 0
1 14 2 5 0
1 14 2 6 0
1 14 2 7 0
1 14 2 8 0
1 14 2 9 0
1 14 2 10 0
1 14 2 11 0
1 14 2 12 0
1 14 2 13 0
1 14 2 14 0
1 14 2 15 -0.000112628817888764
1 14 3 0 0
1 14 3 1 0
1 14 3 2 0
1 14 3 3 0
1 14 3 4 0
1 14 3 5 0
1 14 3 6 0
1 14 3 7 0
1 14 3 8 0
1 14 3 9 0
1 14 3 10 0
1 14 3 11 0
1 14 3 12 0
1 14 3 13 0
1 14 3 14 0
1 14 3 15 0
1 14 4 0 0
1 14 4 1 0
1 14 4 2 0
1 14 4 3 0
1 14 4 4 0
1 14 4 5 0
1 14 4 6 0
1 14 4 7 0
1 14 4 8 0
1 14 4 9 0
1 14 4 10 0
1 14 4 11 0
1 14 4 12 0
1 14 4 13 0
1 14 4 14 0
1 14 4 15 0
1 14 5 0 0
1 14 5 1 0
1 14 5 2 0
1 14 5 3 0
1 14 5 4 0
1 14 5 5 0
1 14 5 6 0
1 14 5 7 0
1 14 5 8 0
1 14 5 9 0
1 14 5 10 0
1 14 5 11 0
1 14 5 12 0
1 14 5 13 0
1 14 5 14 0
1 14 5 15 0
1 14 6 0 0
1 14 6 1 0
1 14 6 2 0
1 14 6 3 0
1 14 6 4 0
1 14 6 5 0
1 14 6 6 0
1 14 6 7 0
1 14 6 8 0
1 14 6 9 0
1 14 6 10 0
1 14 6 11 0
1 14 6 12 0
1 14 6 13 0
1 14 6 14 0
1 14 6 15 0
1 14 7 0 0
1 14 7 1 0
1 14 7 2 0
1 14 7 3 0
1 14 7 4 0
1 14 7 5 0
1 14 7 6 0
1 14 7 7 0
1 14 7 8 0
1 14 7 9 0
1 14 7 10 0
1 14 7 11 0
1 14 7 12 0
1 14 7 13 0
1 14 7 14 0
1 14 7 15 0
1 14 8 0 0
1 14 8 1 0
1 14 8 2 0
1 14 8 3 0
1 14 8 4 0
1 14 8 5 0
1 14 8 6 0
1 14 8 7 0
1 14 8 8 0
1 14 8 9 0
1 14 8 10 0
1 14 8 11 0
1 14 8 12 0
1 14 8 13 0
1 14 8 14 0
1 14 8 15 0
1 14 9 0 0
1 14 9 1 0
1 14 9 2 0
1 14 9 3 0
1 14 9 4 0
1 14 9 5 0
1 14 9 6 0
1 14 9 7 0
1 14 9 8 0
1 14 9 9 0
1 14 9 10 0
1 14 9 11 0
1 14 9 12 0
1 14 9 13 0
1 14 9 14 0
1 14 9 15 0
1 14 10 0 0
1 14 10 1 0
1 14 10 2 0
1 14 10 3 0
1 14 10 4 0
1 14 10 5 0
1 14 10 6 0
1 14 10 7 0
1 14 10 8 0
1 14 10 9 0
1 14 10 10 0
1 14 10 11 0
1 14 10 12 0
1 14 10 13 0
1 14 10 14 0
1 14 10 15 0
1 14 11 0 0
1 14 11 1 0.000330678634116843
1 14 11 2 0
1 14 11 3 0
1 14 11 4 0
1 14 11 5 0
1 14 11 6 0
1 14 11 7 0
1 14 11 8 0
1 14 11 9 0
1 14 11 10 0
1 14 11 11 0
1 14 11 12 0
1 14 11 13 0
1 14 11 14 0
1 14 11 15 0
1 14 12 0 0
1 14 12 1 0
1 14 12 2 0
1 14 12 3 0
1 14 12 4 0
1 14 12 5 0
1 14 12 6 0
1 14 12 7 0
1 14 12 8 0
1 14 12 9 0
1 14 12 10 0
1 14 12 11 0
1 14 12 12 0
1 14 12 13 0
1 14 12 14 0
1 14 12 15 0
1 14 13 0 0
1 14 13 1 0
1 14 13 2 0
1 14 13 3 0
1 14 13 4 0
1 14 13 5 0
1 14 13 6 0
1 14 13 7 0
1 14 13 8 0
1 14 13 9 0
1 14 13 10 0
1 14 13 11 0
1 14 13 12 0
1 14 13 13 0
1 14 13 14 0
1 14 13 15 0
1 14 14 0 0
1 14 14 1 -0.0007509568132589995
1 14 14 2 0
1 14 14 3 0
1 14 14 4 0
1 14 14 5 0
1 14 14 6 0
1 14 14 7 0
1 14 14 8 0
1 14 14 9 0
1 14 14 10 0
1 14 14 11 0
1 14 14 12 0
1 14 14 13 0
1 14 14 14 0
1 14 14 15 0
1 14 15 0 0
1 14 15 1 0
1 14 15 2 0.0002507715733718911
1 14 15 3 0
1 14 15 4 0
1 14 15 5 0
1 14 15 6 0
1 14 15 7 0
1 14 15 8 0
1 14 15 9 0
1 14 15 10 0
1 14 15 11 0
1 14 15 12 0
1 14 15 13 0
1 14 15 14 0
1 14 15 15 0
1 15 0 0 0
1 15 0 1 0
1 15 0 2 0
1 15 0 3 0
1 15 0 4 0
1 15 0 5 0
1 15 0 6 0
1 15 0 7 0
1 15 0 8 0
1 15 0 9 0
1 15 0 10 0
1 15 0 11 0
1 15 0 12 0
1 15 0 13 0
1 15 0 14 0
1 15 0 15 0
1 15 1 0 0
1 15 1 1 0.004941648595035663
1 15 1 2 0
1 15 1 3 0
1 15 1 4 0
1 15 1 5 0
1 15 1 6 0
1 15 1 7 0
1 15 1 8 0
1 15 1 9 0
1 15 1 10 0
1 15 1 11 0
1 15 1 12 0
1 15 1 13 0
1 15 1 14 0
1 15 1 15 3.878191351582094e-05
1 15 2 0 0
1 15 2 1 0
1 15 2 2 0
1 15 2 3 0
1 15 2 4 0
1 15 2 5 0
1 15 2 6 0
1 15 2 7 0
1 15 2 8 0
1 15 2 9 0
1 15 2 10 0
1 15 2 11 0
1 15 2 12 0
1 15 2 13 0
1 15 2 14 0
1 15 2 15 0
1 15 3 0 0
1 15 3 1 0
1 15 3 2 0
1 15 3 3 0
1 15 3 4 0
1 15 3 5 0
1 15 3 6 0
1 15 3 7 0
1 15 3 8 0
1 15 3 9 0
1 15 3 10 0
1 15 3 11 0
1 15 3 12 0
1 15 3 13 0
1 15 3 14 0
1 15 3 15 0
1 15 4 0 0
1 15 4 1 0
1 15 4 2 0
1 15 4 3 0
1 15 4 4 0
1 15 4 5 0
1 15 4 6 0
1 15 4 7 0
1 15 4 8 0
1 15 4 9 0
1 15 4 10 0
1 15 4 11 0
1 15 4 12 0
1 15 4 13 0
1 15 4 14 0
1 15 4 15 0
1 15 5 0 0
1 15 5 1 0
1 15 5 2 0
1 15 5 3 0
1 15 5 4 0
1 15 5 5 0
1 15 5 6 0
1 15 5 7 0
1 15 5 8 0
1 15 5 9 0
1 15 5 10 0
1 15 5 11 0
1 15 5 12 0
1 15 5 13 0
1 15 5 14 0
1 15 5 15 0
1 15 6 0 0
1 15 6 1 0
1 15 6 2 0
1 15 6 3 0
1 15 6 4 0
1 15 6 5 0
1 15 6 6 0
1 15 6 7 0
1 15 6 8 0
1 15 6 9 0
1 15 6 10 0
1 15 6 11 0
1 15 6 12 0
1 15 6 13 0
1 15 6 14 0
1 15 6 15 0
1 15 7 0 0
1 15 7 1 0
1 15 7 2 0
1 15 7 3 0
1 15 7 4 0
1 15 7 5 0
1 15 7 6 0
1 15 7 7 0
1 15 7 8 0
1 15 7 9 0
1 15 7 10 0
1 15 7 11 0
1 15 7 12 0
1 15 7 13 0
1 15 7 14 0
1 15 7 15 0
1 15 8 0 0
1 15 8 1 0
1 15 8 2 0
1 15 8 3 0
1 15 8 4 0
1 15 8 5 0
1 15 8 6 0
1 15 8 7 0
1 15 8 8 0
1 15 8 9 0
1 15 8 10 0
1 15 8 11 0
1 15 8 12 0
1 15 8 13 0
1 15 8 14 0
1 15 8 15 0
1 15 9 0 0
1 15 9 1 0
1 15 9 2 0
1 15 9 3 0
1 15 9 4 0
1 15 9 5 0
1 15 9 6 0
1 15 9 7 0
1 15 9 8 0
1 15 9 9 0
1 15 9 10 0
1 15 9 11 0
1 15 9 12 0
1 15 9 13 0
1 15 9 14 0
1 15 9 15 0
1 15 10 0 0
1 15 10 1 0
1 15 10 2 0
1 15 10 3 0
1 15 10 4 0
1 15 10 5 0
1 15 10 6 0
1 15 10 7 0
1 15 10 8 0
1 15 10 9 0
1 15 10 10 0
1 15 10 11 0
1 15 10 12 0
1 15 10 13 0
1 15 10 14 0
1 15 10 15 0
1 15 11 0 0
1 15 11 1 0
1 15 11 2 0
1 15 11 3 0
1 15 11 4 0
1 15 11 5 0
1 15 11 6 0
1 15 11 7 0
1 15 11 8 0
1 15 11 9 0
1 15 11 10 0
1 15 11 11 0
1 15 11 12 0
1 15 11 13 0
1 15 11 14 0
1 15 11 15 0
1 15 12 0 0
1 15 12 1 0
1 15 12 2 0
1 15 12 3 0
1 15 12 4 0
1 15 12 5 0
1 15 12 6 0
1 15 12 7 0
1 15 12 8 0
1 15 12 9 0
1 15 12 10 0
1 15 12 11 0
1 15 12 12 0
1 15 12 13 0
1 15 12 14 0
1 15 12 15 0
1 15 13 0 0
1 15 13 1 0
1 15 13 2 0
1 15 13 3 0
1 15 13 4 0
1 15 13 5 0
1 15 13 6 0
1 15 13 7 0
1 15 13 8 0
1 15 13 9 0
1 15 13 10 0
1 15 13 11 0
1 15 13 12 0
1 15 13 13 0
1 15 13 14 0
1 15 13 15 0
1 15 14 0 0
1 15 14 1 0
1 15 14 2 0
1 15 14 3 0
1 15 14 4 0
1 15 14 5 0
1 15 14 6 0
1 15 14 7 0
1 15 14 8 0
1 15 14 9 0
1 15 14 10 0
1 15 14 11 0
1 15 14 12 0
1 15 14 13 0
1 15 14 14 0
1 15 14 15 0
1 15 15 0 0
1 15 15 1 3.647417002917067e-05
1 15 15 2 0
1 15 15 3 0
1 15 15 4 0
1 15 15 5 0
1 15 15 6 0
1 15 15 7 0
1 15 15 8 0
1 15 15 9 0
1 15 15 10 0
1 15 15 11 0
1 15 15 12 0
1 15 15 13 0
1 15 15 14 0
1 15 15 15 0
2 0 0 0 -7.063527626323503e-05
2 0 0 1 0
2 0 0 2 -1.638286122363436
2 0 0 3 0
2 0 0 4 0
2 0 0 5 0
2 0 0 6 0
2 0 0 7 0
2 0 0 8 0
2 0 0 9 0
2 0 0 10 0
2 0 0 11 0.0109148470248204
2 0 0 12 0
2 0 0 13 0
2 0 0 14 -0.02325127799180168
2 0 0 15 0
2 0 1 0 0
2 0 1 1 0
2 0 1 2 0
2 0 1 3 0
2 0 1 4 0
2 0 1 5 0
2 0 1 6 0
2 0 1 7 0
2 0 1 8 0
2 0 1 9 0
2 0 1 10 0
2 0 1 11 0
2 0 1 12 0
2 0 1 13 0
2 0 1 14 0
2 0 1 15 0
2 0 2 0 3.276572244726871
2 0 2 1 0
2 0 2 2 -7.063527626323503e-05
2 0 2 3 0
2 0 2 4 0
2 0 2 5 0
2 0 2 6 0
2 0 2 7 0
2 0 2 8 0
2 0 2 9 0
2 0 2 10 0
2 0 2 11 -0.007976358010293894
2 0 2 12 0
2 0 2 13 0
2 0 2 14 0
2 0 2 15 0
2 0 3 0 0
2 0 3 1 0
2 0 3 2 0
2 0 3 3 0
2 0 3 4 0
2 0 3 5 0
2 0 3 6 0
2 0 3 7 0
2 0 3 8 0
2 0 3 9 0
2 0 3 10 0
2 0 3 11 0
2 0 3 12 0
2 0 3 13 0
2 0 3 14 0
2 0 3 15 0
2 0 4 0 0
2 0 4 1 0
2 0 4 2 0
2 0 4 3 0
2 0 4 4 0
2 0 4 5 0
2 0 4 6 0
2 0 4 7 0
2 0 4 8 0
2 0 4 9 0
2 0 4 10 0
2 0 4 11 0
2 0 4 12 0
2 0 4 13 0
2 0 4 14 0
2 0 4 15 0
2 0 5 0 0
2 0 5 1 0
2 0 5 2 0
2 0 5 3 0
2 0 5 4 0
2 0 5 5 0
2 0 5 6 0
2 0 5 7 0
2 0 5 8 0
2 0 5 9 0
2 0 5 10 0
2 0 5 11 0
2 0 5 12 0
2 0 5 13 0
2 0 5 14 0
2 0 5 15 0
2 0 6 0 0
2 0 6 1 0
2 0 6 2 0
2 0 6 3 0
2 0 6 4 0
2 0 6 5 0
2 0 6 6 0
2 0 6 7 0
2 0 6 8 0
2 0 6 9 0
2 0 6 10 0
2 0 6 11 0
2 0 6 12 0
2 0 6 13 0
2 0 6 14 0
2 0 6 15 0
2 0 7 0 0
2 0 7 1 0
2 0 7 2 0
2 0 7 3 0
2 0 7 4 0
2 0 7 5 0
2 0 7 6 0
2 0 7 7 3.297186404451512e-05
2 0 7 8 0
2 0 7 9 0
2 0 7 10 0
2 0 7 11 0
2 0 7 12 0
2 0 7 13 0
2 0 7 14 0
2 0 7 15 0
2 0 8 0 0
2 0 8 1 0
2 0 8 2 0
2 0 8 3 0
2 0 8 4 0
2 0 8 5 0
2 0 8 6 0
2 0 8 7 0
2 0 8 8 0
2 0 8 9 0
2 0 8 10 0
2 0 8 11 0
2 0 8 12 0
2 0 8 13 0
2 0 8 14 0
2 0 8 15 0
2 0 9 0 0
2 0 9 1 0
2 0 9 2 0
2 0 9 3 0
2 0 9 4 0
2 0 9 5 0
2 0 9 6 0
2 0 9 7 0
2 0 9 8 0
2 0 9 9 0
2 0 9 10 0
2 0 9 11 0
2 0 9 12 0
2 0 9 13 0
2 0 9 14 0
2 0 9 15 0
2 0 10 0 0
2 0 10 1 0
2 0 10 2 0
2 0 10 3 0
2 0 10 4 0
2 0 10 5 0
2 0 10 6 0
2 0 10 7 0
2 0 10 8 0
2 0 10 9 0
2 0 10 10 0
2 0 10 11 0
2 0 10 12 0
2 0 10 13 0
2 0 10 14 0
2 0 10 15 0
2 0 11 0 -0.02182969404964079
2 0 11 1 0
2 0 11 2 0.003988179005146947
2 0 11 3 0
2 0 11 4 0
2 0 11 5 0
2 0 11 6 0
2 0 11 7 0
2 0 11 8 0
2 0 11 9 0
2 0 11 10 0
2 0 11 11 0
2 0 11 12 0
2 0 11 13 0
2 0 11 14 0
2 0 11 15 0
2 0 12 0 0
2 0 12 1 0
2 0 12 2 0
2 0 12 3 0
2 0 12 4 0
2 0 12 5 0
2 0 12 6 0
2 0 12 7 0
2 0 12 8 0
2 0 12 9 0
2 0 12 10 0
2 0 12 11 0
2 0 12 12 0
2 0 12 13 0
2 0 12 14 0
2 0 12 15 0
2 0 13 0 0
2 0 13 1 0
2 0 13 2 0
2 0 13 3 0
2 0 13 4 0
2 0 13 5 0
2 0 13 6 0
2 0 13 7 0
2 0 13 8 0
2 0 13 9 0
2 0 13 10 0
2 0 13 11 0
2 0 13 12 0
2 0 13 13 0
2 0 13 14 0
2 0 13 15 0
2 0 14 0 0.04650255598360337
2 0 14 1 0
2 0 14 2 0
2 0 14 3 0
2 0 14 4 0
2 0 14 5 0
2 0 14 6 0
2 0 14 7 0
2 0 14 8 0
2 0 14 9 0
2 0 14 10 0
2 0 14 11 0
2 0 14 12 0
2 0 14 13 0
2 0 14 14 0
2 0 14 15 0
2 0 15 0 0
2 0 15 1 0
2 0 15 2 0
2 0 15 3 0
2 0 15 4 0
2 0 15 5 0
2 0 15 6 0
2 0 15 7 0
2 0 15 8 0
2 0 15 9 0
2 0 15 10 0
2 0 15 11 0
2 0 15 12 0
2 0 15 13 0
2 0 15 14 0
2 0 15 15 0
2 1 0 0 0
2 1 0 1 -0.0001412705525264701
2 1 0 2 0
2 1 0 3 0
2 1 0 4 0
2 1 0 5 0
2 1 0 6 0
2 1 0 7 0
2 1 0 8 0
2 1 0 9 0
2 1 0 10 0
2 1 0 11 0
2 1 0 12 0
2 1 0 13 0
2 1 0 14 0
2 1 0 15 0
2 1 1 0 7.063527626323503e-05
2 1 1 1 0
2 1 1 2 -1.638273588538584
2 1 1 3 0
2 1 1 4 0
2 1 1 5 0
2 1 1 6 0
2 1 1 7 0
2 1 1 8 0
2 1 1 9 0
2 1 1 10 0
2 1 1 11 0.0109148470248204
2 1 1 12 0
2 1 1 13 0
2 1 1 14 -0.02325127799180168
2 1 1 15 0
2 1 2 0 0
2 1 2 1 3.276547177077168
2 1 2 2 0
2 1 2 3 0
2 1 2 4 0
2 1 2 5 0
2 1 2 6 0
2 1 2 7 0
2 1 2 8 0
2 1 2 9 0
2 1 2 10 0
2 1 2 11 0
2 1 2 12 0
2 1 2 13 0
2 1 2 14 0
2 1 2 15 0.009883297190071326
2 1 3 0 0
2 1 3 1 0
2 1 3 2 0
2 1 3 3 0
2 1 3 4 0
2 1 3 5 0
2 1 3 6 0
2 1 3 7 0
2 1 3 8 0
2 1 3 9 0
2 1 3 10 0
2 1 3 11 0
2 1 3 12 0
2 1 3 13 0
2 1 3 14 0
2 1 3 15 0
2 1 4 0 0
2 1 4 1 0
2 1 4 2 0
2 1 4 3 0
2 1 4 4 0
2 1 4 5 0
2 1 4 6 0
2 1 4 7 0
2 1 4 8 0
2 1 4 9 0
2 1 4 10 0
2 1 4 11 0
2 1 4 12 0
2 1 4 13 0
2 1 4 14 0
2 1 4 15 0
2 1 5 0 0
2 1 5 1 0
2 1 5 2 0
2 1 5 3 0
2 1 5 4 0
2 1 5 5 0
2 1 5 6 0
2 1 5 7 0
2 1 5 8 0
2 1 5 9 0
2 1 5 10 0
2 1 5 11 0
2 1 5 12 0
2 1 5 13 0
2 1 5 14 0
2 1 5 15 0
2 1 6 0 0
2 1 6 1 0
2 1 6 2 0
2 1 6 3 0
2 1 6 4 0
2 1 6 5 0
2 1 6 6 0
2 1 6 7 0
2 1 6 8 0
2 1 6 9 0
2 1 6 10 0
2 1 6 11 0
2 1 6 12 0
2 1 6 13 0
2 1 6 14 0
2 1 6 15 0
2 1 7 0 0
2 1 7 1 0
2 1 7 2 0
2 1 7 3 0
2 1 7 4 0
2 1 7 5 0
2 1 7 6 0
2 1 7 7 0
2 1 7 8 0
2 1 7 9 0
2 1 7 10 0
2 1 7 11 0
2 1 7 12 0
2 1 7 13 0
2 1 7 14 0
2 1 7 15 0
2 1 8 0 0
2 1 8 1 0
2 1 8 2 0
2 1 8 3 0
2 1 8 4 0
2 1 8 5 0
2 1 8 6 0
2 1 8 7 0
2 1 8 8 0
2 1 8 9 0
2 1 8 10 0
2 1 8 11 0
2 1 8 12 0
2 1 8 13 0
2 1 8 14 0
2 1 8 15 0
2 1 9 0 0
2 1 9 1 0
2 1 9 2 0
2 1 9 3 0
2 1 9 4 0
2 1 9 5 0
2 1 9 6 0
2 1 9 7 0
2 1 9 8 0
2 1 9 9 0
2 1 9 10 0
2 1 9 11 0
2 1 9 12 0
2 1 9 13 0
2 1 9 14 0
2 1 9 15 0
2 1 10 0 0
2 1 10 1 0
2 1 10 2 0
2 1 10 3 0
2 1 10 4 0
2 1 10 5 0
2 1 10 6 0
2 1 10 7 0
2 1 10 8 0
2 1 10 9 0
2 1 10 10 0
2 1 10 11 0
2 1 10 12 0
2 1 10 13 0
2 1 10 14 0
2 1 10 15 0
2 1 11 0 0
2 1 11 1 -0.02182969404964079
2 1 11 2 0
2 1 11 3 0
2 1 11 4 0
2 1 11 5 0
2 1 11 6 0
2 1 11 7 0
2 1 11 8 0
2 1 11 9 0
2 1 11 10 0
2 1 11 11 0
2 1 11 12 0
2 1 11 13 0
2 1 11 14 0
2 1 11 15 0
2 1 12 0 0
2 1 12 1 0
2 1 12 2 0
2 1 12 3 0
2 1 12 4 0
2 1 12 5 0
2 1 12 6 0
2 1 12 7 0
2 1 12 8 0
2 1 12 9 0
2 1 12 10 0
2 1 12 11 0
2 1 12 12 0
2 1 12 13 0
2 1 12 14 0
2 1 12 15 0
2 1 13 0 0
2 1 13 1 0
2 1 13 2 0
2 1 13 3 0
2 1 13 4 0
2 1 13 5 0
2 1 13 6 0
2 1 13 7 0
2 1 13 8 0
2 1 13 9 0
2 1 13 10 0
2 1 13 11 0
2 1 13 12 0
2 1 13 13 0
2 1 13 14 0
2 1 13 15 0
2 1 14 0 0
2 1 14 1 0.04650255598360337
2 1 14 2 0
2 1 14 3 0
2 1 14 4 0
2 1 14 5 0
2 1 14 6 0
2 1 14 7 0
2 1 14 8 0
2 1 14 9 0
2 1 14 10 0
2 1 14 11 0
2 1 14 12 0
2 1 14 13 0
2 1 14 14 0
2 1 14 15 0
2 1 15 0 0
2 1 15 1 0
2 1 15 2 -0.004941648595035663
2 1 15 3 0
2 1 15 4 0
2 1 15 5 0
2 1 15 6 0
2 1 15 7 0
2 1 15 8 0
2 1 15 9 0
2 1 15 10 0
2 1 15 11 0
2 1 15 12 0
2 1 15 13 0
2 1 15 14 0
2 1 15 15 0
2 2 0 0 0
2 2 0 1 0
2 2 0 2 -7.063527626323503e-05
2 2 0 3 0
2 2 0 4 0
2 2 0 5 0
2 2 0 6 0
2 2 0 7 0
2 2 0 8 0
2 2 0 9 0
2 2 0 10 0
2 2 0 11 0
2 2 0 12 0
2 2 0 13 0
2 2 0 14 0
2 2 0 15 0
2 2 1 0 0
2 2 1 1 0
2 2 1 2 0
2 2 1 3 0
2 2 1 4 0
2 2 1 5 0
2 2 1 6 0
2 2 1 7 0
2 2 1 8 0
2 2 1 9 0
2 2 1 10 0
2 2 1 11 0
2 2 1 12 0
2 2 1 13 0
2 2 1 14 0
2 2 1 15 0
2 2 2 0 -7.063527626323503e-05
2 2 2 1 0
2 2 2 2 1.489611776534159
2 2 2 3 0
2 2 2 4 0
2 2 2 5 0
2 2 2 6 0
2 2 2 7 0
2 2 2 8 0
2 2 2 9 0
2 2 2 10 0
2 2 2 11 -0.0109148470248204
2 2 2 12 0
2 2 2 13 0
2 2 2 14 0.02325127799180168
2 2 2 15 0
2 2 3 0 0
2 2 3 1 0
2 2 3 2 0
2 2 3 3 0
2 2 3 4 0
2 2 3 5 0
2 2 3 6 0
2 2 3 7 0
2 2 3 8 0
2 2 3 9 0
2 2 3 10 0
2 2 3 11 0
2 2 3 12 0
2 2 3 13 0
2 2 3 14 0
2 2 3 15 0
2 2 4 0 0
2 2 4 1 0
2 2 4 2 0
2 2 4 3 0
2 2 4 4 0
2 2 4 5 0
2 2 4 6 0
2 2 4 7 0
2 2 4 8 0
2 2 4 9 0
2 2 4 10 0
2 2 4 11 0
2 2 4 12 0
2 2 4 13 0
2 2 4 14 0
2 2 4 15 0
2 2 5 0 0
2 2 5 1 0
2 2 5 2 0
2 2 5 3 0
2 2 5 4 0
2 2 5 5 0
2 2 5 6 0
2 2 5 7 0
2 2 5 8 0
2 2 5 9 0
2 2 5 10 0
2 2 5 11 0
2 2 5 12 0
2 2 5 13 0
2 2 5 14 0
2 2 5 15 0
2 2 6 0 0
2 2 6 1 0
2 2 6 2 0
2 2 6 3 0
2 2 6 4 0
2 2 6 5 0
2 2 6 6 0
2 2 6 7 0
2 2 6 8 0
2 2 6 9 0
2 2 6 10 0
2 2 6 11 0
2 2 6 12 0
2 2 6 13 0
2 2 6 14 0
2 2 6 15 0
2 2 7 0 0
2 2 7 1 0
2 2 7 2 0
2 2 7 3 0
2 2 7 4 0
2 2 7 5 0
2 2 7 6 0
2 2 7 7 -0.4783364255896971
2 2 7 8 0
2 2 7 9 0
2 2 7 10 0
2 2 7 11 0
2 2 7 12 0
2 2 7 13 0
2 2 7 14 0
2 2 7 15 0
2 2 8 0 0
2 2 8 1 0
2 2 8 2 0
2 2 8 3 0
2 2 8 4 0
2 2 8 5 0
2 2 8 6 0
2 2 8 7 0
2 2 8 8 0
2 2 8 9 0
2 2 8 10 0
2 2 8 11 0
2 2 8 12 0
2 2 8 13 0
2 2 8 14 0
2 2 8 15 0
2 2 9 0 0
2 2 9 1 0
2 2 9 2 0
2 2 9 3 0
2 2 9 4 0
2 2 9 5 0
2 2 9 6 0
2 2 9 7 0
2 2 9 8 0
2 2 9 9 0
2 2 9 10 0
2 2 9 11 0
2 2 9 12 0
2 2 9 13 0
2 2 9 14 0
2 2 9 15 0
2 2 10 0 0
2 2 10 1 0
2 2 10 2 0
2 2 10 3 0
2 2 10 4 0
2 2 10 5 0
2 2 10 6 0
2 2 10 7 0
2 2 10 8 0
2 2 10 9 0
2 2 10 10 0
2 2 10 11 0
2 2 10 12 0
2 2 10 13 0
2 2 10 14 0
2 2 10 15 0
2 2 11 0 0
2 2 11 1 0
2 2 11 2 -0.0109148470248204
2 2 11 3 0
2 2 11 4 0
2 2 11 5 0
2 2 11 6 0
2 2 11 7 0
2 2 11 8 0
2 2 11 9 0
2 2 11 10 0
2 2 11 11 0
2 2 11 12 0
2 2 11 13 0
2 2 11 14 0
2 2 11 15 0
2 2 12 0 0
2 2 12 1 0
2 2 12 2 0
2 2 12 3 0
2 2 12 4 0
2 2 12 5 0
2 2 12 6 0
2 2 12 7 0
2 2 12 8 0
2 2 12 9 0
2 2 12 10 0
2 2 12 11 0
2 2 12 12 0
2 2 12 13 0
2 2 12 14 0
2 2 12 15 0
2 2 13 0 0
2 2 13 1 0
2 2 13 2 0
2 2 13 3 0
2 2 13 4 0
2 2 13 5 0
2 2 13 6 0
2 2 13 7 0
2 2 13 8 0
2 2 13 9 0
2 2 13 10 0
2 2 13 11 0
2 2 13 12 0
2 2 13 13 0
2 2 13 14 0
2 2 13 15 0
2 2 14 0 0
2 2 14 1 0
2 2 14 2 0.02325127799180168
2 2 14 3 0
2 2 14 4 0
2 2 14 5 0
2 2 14 6 0
2 2 14 7 0
2 2 14 8 0
2 2 14 9 0
2 2 14 10 0
2 2 14 11 0
2 2 14 12 0
2 2 14 13 0
2 2 14 14 0
2 2 14 15 0
2 2 15 0 0
2 2 15 1 0
2 2 15 2 0
2 2 15 3 0
2 2 15 4 0
2 2 15 5 0
2 2 15 6 0
2 2 15 7 0
2 2 15 8 0
2 2 15 9 0
2 2 15 10 0
2 2 15 11 0
2 2 15 12 0
2 2 15 13 0
2 2 15 14 0
2 2 15 15 0
2 3 0 0 0
2 3 0 1 0
2 3 0 2 0
2 3 0 3 -7.063527626323503e-05
2 3 0 4 0
2 3 0 5 0
2 3 0 6 0
2 3 0 7 0
2 3 0 8 0
2 3 0 9 0
2 3 0 10 0
2 3 0 11 0
2 3 0 12 0
2 3 0 13 0
2 3 0 14 0
2 3 0 15 0
2 3 1 0 0
2 3 1 1 0
2 3 1 2 0
2 3 1 3 0
2 3 1 4 0
2 3 1 5 0
2 3 1 6 0
2 3 1 7 0
2 3 1 8 0
2 3 1 9 0
2 3 1 10 0
2 3 1 11 0
2 3 1 12 0
2 3 1 13 0
2 3 1 14 0
2 3 1 15 0
2 3 2 0 0
2 3 2 1 0
2 3 2 2 0
2 3 2 3 1.941606518554722
2 3 2 4 0
2 3 2 5 0
2 3 2 6 0
2 3 2 7 0
2 3 2 8 0.1098478024968849
2 3 2 9 0
2 3 2 10 0
2 3 2 11 0
2 3 2 12 0
2 3 2 13 0
2 3 2 14 0
2 3 2 15 0
2 3 3 0 4.846435685929626e-05
2 3 3 1 0
2 3 3 2 -0.9304636064905015
2 3 3 3 0
2 3 3 4 0
2 3 3 5 0
2 3 3 6 0
2 3 3 7 0
2 3 3 8 0
2 3 3 9 0
2 3 3 10 0
2 3 3 11 0.005887315763793921
2 3 3 12 0
2 3 3 13 0
2 3 3 14 -0.01254968506605303
2 3 3 15 0
2 3 4 0 0
2 3 4 1 0
2 3 4 2 0
2 3 4 3 0
2 3 4 4 0
2 3 4 5 0
2 3 4 6 0
2 3 4 7 0
2 3 4 8 0
2 3 4 9 0
2 3 4 10 0
2 3 4 11 0
2 3 4 12 0
2 3 4 13 0
2 3 4 14 0
2 3 4 15 0
2 3 5 0 0
2 3 5 1 0
2 3 5 2 0
2 3 5 3 0
2 3 5 4 0
2 3 5 5 0
2 3 5 6 0
2 3 5 7 0
2 3 5 8 0
2 3 5 9 0
2 3 5 10 0
2 3 5 11 0
2 3 5 12 0
2 3 5 13 0
2 3 5 14 0
2 3 5 15 0
2 3 6 0 0
2 3 6 1 0
2 3 6 2 0
2 3 6 3 0
2 3 6 4 0
2 3 6 5 0
2 3 6 6 0
2 3 6 7 0.2897867281560397
2 3 6 8 0
2 3 6 9 0
2 3 6 10 0
2 3 6 11 0
2 3 6 12 0
2 3 6 13 0
2 3 6 14 0
2 3 6 15 0
2 3 7 0 0
2 3 7 1 0
2 3 7 2 0
2 3 7 3 0
2 3 7 4 0
2 3 7 5 0
2 3 7 6 0.04386910148115603
2 3 7 7 0
2 3 7 8 0
2 3 7 9 0
2 3 7 10 0
2 3 7 11 0
2 3 7 12 0
2 3 7 13 0
2 3 7 14 0
2 3 7 15 0
2 3 8 0 0
2 3 8 1 0
2 3 8 2 -0.05492390124844247
2 3 8 3 0
2 3 8 4 0
2 3 8 5 0
2 3 8 6 0
2 3 8 7 0
2 3 8 8 0
2 3 8 9 0
2 3 8 10 0
2 3 8 11 0
2 3 8 12 0
2 3 8 13 0
2 3 8 14 0
2 3 8 15 0
2 3 9 0 0
2 3 9 1 0
2 3 9 2 0
2 3 9 3 0
2 3 9 4 0
2 3 9 5 0
2 3 9 6 0
2 3 9 7 0
2 3 9 8 0
2 3 9 9 0
2 3 9 10 0
2 3 9 11 0
2 3 9 12 0
2 3 9 13 0
2 3 9 14 0
2 3 9 15 0
2 3 10 0 0
2 3 10 1 0
2 3 10 2 0
2 3 10 3 0
2 3 10 4 0
2 3 10 5 0
2 3 10 6 0
2 3 10 7 0
2 3 10 8 0
2 3 10 9 0
2 3 10 10 0
2 3 10 11 0
2 3 10 12 0
2 3 10 13 0
2 3 10 14 0
2 3 10 15 0
2 3 11 0 0
2 3 11 1 0
2 3 11 2 0
2 3 11 3 -0.0109148470248204
2 3 11 4 0
2 3 11 5 0
2 3 11 6 0
2 3 11 7 0
2 3 11 8 0
2 3 11 9 0
2 3 11 10 0
2 3 11 11 0
2 3 11 12 0
2 3 11 13 0
2 3 11 14 0
2 3 11 15 0
2 3 12 0 0
2 3 12 1 0
2 3 12 2 0
2 3 12 3 0
2 3 12 4 0
2 3 12 5 0
2 3 12 6 0
2 3 12 7 0
2 3 12 8 0
2 3 12 9 0
2 3 12 10 0
2 3 12 11 0
2 3 12 12 0
2 3 12 13 0
2 3 12 14 0
2 3 12 15 0
2 3 13 0 0
2 3 13 1 0
2 3 13 2 0
2 3 13 3 0
2 3 13 4 0
2 3 13 5 0
2 3 13 6 0
2 3 13 7 0
2 3 13 8 0
2 3 13 9 0
2 3 13 10 0
2 3 13 11 0
2 3 13 12 0
2 3 13 13 0
2 3 13 14 0
2 3 13 15 0
2 3 14 0 0
2 3 14 1 0
2 3 14 2 0
2 3 14 3 0.01953001870631122
2 3 14 4 0
2 3 14 5 0
2 3 14 6 0
2 3 14 7 0
2 3 14 8 0
2 3 14 9 0
2 3 14 10 0
2 3 14 11 0
2 3 14 12 0
2 3 14 13 0
2 3 14 14 0
2 3 14 15 0
2 3 15 0 0
2 3 15 1 0
2 3 15 2 0
2 3 15 3 0
2 3 15 4 0
2 3 15 5 0
2 3 15 6 0
2 3 15 7 0
2 3 15 8 0
2 3 15 9 0
2 3 15 10 0
2 3 15 11 0
2 3 15 12 0
2 3 15 13 0
2 3 15 14 0
2 3 15 15 0
2 4 0 0 0
2 4 0 1 0
2 4 0 2 0
2 4 0 3 0
2 4 0 4 -7.063527626323503e-05
2 4 0 5 0
2 4 0 6 0
2 4 0 7 0
2 4 0 8 0
2 4 0 9 0
2 4 0 10 0
2 4 0 11 0
2 4 0 12 0
2 4 0 13 0
2 4 0 14 0
2 4 0 15 0
2 4 1 0 0
2 4 1 1 0
2 4 1 2 0
2 4 1 3 0
2 4 1 4 0
2 4 1 5 0
2 4 1 6 0
2 4 1 7 0
2 4 1 8 0
2 4 1 9 0
2 4 1 10 0
2 4 1 11 0
2 4 1 12 0
2 4 1 13 0
2 4 1 14 0
2 4 1 15 0
2 4 2 0 0
2 4 2 1 0
2 4 2 2 0
2 4 2 3 0
2 4 2 4 2.119081150318553
2 4 2 5 0
2 4 2 6 0
2 4 2 7 0
2 4 2 8 0
2 4 2 9 0.1143771736763142
2 4 2 10 0
2 4 2 11 0
2 4 2 12 0
2 4 2 13 0
2 4 2 14 0
2 4 2 15 0
2 4 3 0 0
2 4 3 1 0
2 4 3 2 0
2 4 3 3 0
2 4 3 4 0
2 4 3 5 0
2 4 3 6 0
2 4 3 7 0
2 4 3 8 0
2 4 3 9 0
2 4 3 10 0
2 4 3 11 0
2 4 3 12 0
2 4 3 13 0
2 4 3 14 0
2 4 3 15 0
2 4 4 0 5.743177304954252e-05
2 4 4 1 0
2 4 4 2 -0.8815071425513031
2 4 4 3 0
2 4 4 4 0
2 4 4 5 0
2 4 4 6 0
2 4 4 7 0
2 4 4 8 0
2 4 4 9 0
2 4 4 10 0
2 4 4 11 0.007414453721714688
2 4 4 12 0
2 4 4 13 0
2 4 4 14 -0.01991516169474131
2 4 4 15 0
2 4 5 0 0
2 4 5 1 0
2 4 5 2 0
2 4 5 3 0
2 4 5 4 0
2 4 5 5 0
2 4 5 6 0
2 4 5 7 0.328560531907312
2 4 5 8 0
2 4 5 9 0
2 4 5 10 0
2 4 5 11 0
2 4 5 12 0
2 4 5 13 0
2 4 5 14 0
2 4 5 15 0
2 4 6 0 0
2 4 6 1 0
2 4 6 2 0
2 4 6 3 0
2 4 6 4 0
2 4 6 5 0
2 4 6 6 0
2 4 6 7 0
2 4 6 8 0
2 4 6 9 0
2 4 6 10 0
2 4 6 11 0
2 4 6 12 0
2 4 6 13 0
2 4 6 14 0
2 4 6 15 0
2 4 7 0 0
2 4 7 1 0
2 4 7 2 0
2 4 7 3 0
2 4 7 4 0
2 4 7 5 0.1715001834801004
2 4 7 6 0
2 4 7 7 0
2 4 7 8 0
2 4 7 9 0
2 4 7 10 0
2 4 7 11 0
2 4 7 12 0
2 4 7 13 0
2 4 7 14 0
2 4 7 15 0
2 4 8 0 0
2 4 8 1 0
2 4 8 2 0
2 4 8 3 0
2 4 8 4 0
2 4 8 5 0
2 4 8 6 0
2 4 8 7 0
2 4 8 8 0
2 4 8 9 0
2 4 8 10 0
2 4 8 11 0
2 4 8 12 0
2 4 8 13 0
2 4 8 14 0
2 4 8 15 0
2 4 9 0 0
2 4 9 1 0
2 4 9 2 -0.05718858683815708
2 4 9 3 0
2 4 9 4 0
2 4 9 5 0
2 4 9 6 0
2 4 9 7 0
2 4 9 8 0
2 4 9 9 0
2 4 9 10 0
2 4 9 11 0
2 4 9 12 0
2 4 9 13 0
2 4 9 14 0
2 4 9 15 0
2 4 10 0 0
2 4 10 1 0
2 4 10 2 0
2 4 10 3 0
2 4 10 4 0
2 4 10 5 0
2 4 10 6 0
2 4 10 7 0
2 4 10 8 0
2 4 10 9 0
2 4 10 10 0
2 4 10 11 0
2 4 10 12 0
2 4 10 13 0
2 4 10 14 0
2 4 10 15 0
2 4 11 0 0
2 4 11 1 0
2 4 11 2 0
2 4 11 3 0
2 4 11 4 -0.0109148470248204
2 4 11 5 0
2 4 11 6 0
2 4 11 7 0
2 4 11 8 0
2 4 11 9 0
2 4 11 10 0
2 4 11 11 0
2 4 11 12 0
2 4 11 13 0
2 4 11 14 0
2 4 11 15 0
2 4 12 0 0
2 4 12 1 0
2 4 12 2 0
2 4 12 3 0
2 4 12 4 0
2 4 12 5 0
2 4 12 6 0
2 4 12 7 0
2 4 12 8 0
2 4 12 9 0
2 4 12 10 0
2 4 12 11 0
2 4 12 12 0
2 4 12 13 0
2 4 12 14 0
2 4 12 15 0
2 4 13 0 0
2 4 13 1 0
2 4 13 2 0
2 4 13 3 0
2 4 13 4 0
2 4 13 5 0
2 4 13 6 0
2 4 13 7 0
2 4 13 8 0
2 4 13 9 0
2 4 13 10 0
2 4 13 11 0
2 4 13 12 0
2 4 13 13 0
2 4 13 14 0
2 4 13 15 0
2 4 14 0 0
2 4 14 1 0
2 4 14 2 0
2 4 14 3 0
2 4 14 4 0.02697253727729214
2 4 14 5 0
2 4 14 6 0
2 4 14 7 0
2 4 14 8 0
2 4 14 9 0
2 4 14 10 0
2 4 14 11 0
2 4 14 12 0
2 4 14 13 0
2 4 14 14 0
2 4 14 15 0
2 4 15 0 0
2 4 15 1 0
2 4 15 2 0
2 4 15 3 0
2 4 15 4 0
2 4 15 5 0
2 4 15 6 0
2 4 15 7 0
2 4 15 8 0
2 4 15 9 0
2 4 15 10 0
2 4 15 11 0
2 4 15 12 0
2 4 15 13 0
2 4 15 14 0
2 4 15 15 0
2 5 0 0 0
2 5 0 1 0
2 5 0 2 0
2 5 0 3 0
2 5 0 4 0
2 5 0 5 -7.063527626323503e-05
2 5 0 6 0
2 5 0 7 0
2 5 0 8 0
2 5 0 9 0
2 5 0 10 0
2 5 0 11 0
2 5 0 12 0
2 5 0 13 0
2 5 0 14 0
2 5 0 15 0
2 5 1 0 0
2 5 1 1 0
2 5 1 2 0
2 5 1 3 0
2 5 1 4 0
2 5 1 5 0
2 5 1 6 0
2 5 1 7 0
2 5 1 8 0
2 5 1 9 0
2 5 1 10 0
2 5 1 11 0
2 5 1 12 0
2 5 1 13 0
2 5 1 14 0
2 5 1 15 0
2 5 2 0 0
2 5 2 1 0
2 5 2 2 0
2 5 2 3 0
2 5 2 4 0
2 5 2 5 1.1438021464033
2 5 2 6 0
2 5 2 7 0
2 5 2 8 0
2 5 2 9 0
2 5 2 10 0
2 5 2 11 0
2 5 2 12 0.07595072051861373
2 5 2 13 0
2 5 2 14 0
2 5 2 15 0
2 5 3 0 0
2 5 3 1 0
2 5 3 2 0
2 5 3 3 0
2 5 3 4 0
2 5 3 5 0
2 5 3 6 0
2 5 3 7 0
2 5 3 8 0
2 5 3 9 0
2 5 3 10 0
2 5 3 11 0
2 5 3 12 0
2 5 3 13 0
2 5 3 14 0
2 5 3 15 0
2 5 4 0 0
2 5 4 1 0
2 5 4 2 0
2 5 4 3 0
2 5 4 4 0
2 5 4 5 0
2 5 4 6 0
2 5 4 7 0.2863408358657058
2 5 4 8 0
2 5 4 9 0
2 5 4 10 0
2 5 4 11 0
2 5 4 12 0
2 5 4 13 0
2 5 4 14 0
2 5 4 15 0
2 5 5 0 2.146008197480584e-05
2 5 5 1 0
2 5 5 2 -0.5446185703395467
2 5 5 3 0
2 5 5 4 0
2 5 5 5 0
2 5 5 6 0
2 5 5 7 0
2 5 5 8 0
2 5 5 9 0
2 5 5 10 0
2 5 5 11 0.004487562050258508
2 5 5 12 0
2 5 5 13 0
2 5 5 14 -0.005170638576319841
2 5 5 15 0
2 5 6 0 0
2 5 6 1 0
2 5 6 2 0
2 5 6 3 0
2 5 6 4 0
2 5 6 5 0
2 5 6 6 0
2 5 6 7 0
2 5 6 8 0
2 5 6 9 0
2 5 6 10 0
2 5 6 11 0
2 5 6 12 0
2 5 6 13 0
2 5 6 14 0
2 5 6 15 0
2 5 7 0 0
2 5 7 1 0
2 5 7 2 0
2 5 7 3 0
2 5 7 4 -0.06370675689527565
2 5 7 5 0
2 5 7 6 0
2 5 7 7 0
2 5 7 8 0
2 5 7 9 0
2 5 7 10 0
2 5 7 11 0
2 5 7 12 0
2 5 7 13 0
2 5 7 14 0
2 5 7 15 0
2 5 8 0 0
2 5 8 1 0
2 5 8 2 0
2 5 8 3 0
2 5 8 4 0
2 5 8 5 0
2 5 8 6 0
2 5 8 7 0
2 5 8 8 0
2 5 8 9 0
2 5 8 10 0
2 5 8 11 0
2 5 8 12 0
2 5 8 13 0
2 5 8 14 0
2 5 8 15 0
2 5 9 0 0
2 5 9 1 0
2 5 9 2 0
2 5 9 3 0
2 5 9 4 0
2 5 9 5 0
2 5 9 6 0
2 5 9 7 0
2 5 9 8 0
2 5 9 9 0
2 5 9 10 0
2 5 9 11 0
2 5 9 12 0
2 5 9 13 0
2 5 9 14 0
2 5 9 15 0
2 5 10 0 0
2 5 10 1 0
2 5 10 2 0
2 5 10 3 0
2 5 10 4 0
2 5 10 5 0
2 5 10 6 0
2 5 10 7 0
2 5 10 8 0
2 5 10 9 0
2 5 10 10 0
2 5 10 11 0
2 5 10 12 0
2 5 10 13 0
2 5 10 14 0
2 5 10 15 0
2 5 11 0 0
2 5 11 1 0
2 5 11 2 0
2 5 11 3 0
2 5 11 4 0
2 5 11 5 -0.01091484702482039
2 5 11 6 0
2 5 11 7 0
2 5 11 8 0
2 5 11 9 0
2 5 11 10 0
2 5 11 11 0
2 5 11 12 0
2 5 11 13 0
2 5 11 14 0
2 5 11 15 0
2 5 12 0 0
2 5 12 1 0
2 5 12 2 -0.03797536025930687
2 5 12 3 0
2 5 12 4 0
2 5 12 5 0
2 5 12 6 0
2 5 12 7 0
2 5 12 8 0
2 5 12 9 0
2 5 12 10 0
2 5 12 11 0
2 5 12 12 0
2 5 12 13 0
2 5 12 14 0
2 5 12 15 0
2 5 13 0 0
2 5 13 1 0
2 5 13 2 0
2 5 13 3 0
2 5 13 4 0
2 5 13 5 0
2 5 13 6 0
2 5 13 7 0
2 5 13 8 0
2 5 13 9 0
2 5 13 10 0
2 5 13 11 0
2 5 13 12 0
2 5 13 13 0
2 5 13 14 0
2 5 13 15 0
2 5 14 0 0
2 5 14 1 0
2 5 14 2 0
2 5 14 3 0
2 5 14 4 0
2 5 14 5 0.01953001870631122
2 5 14 6 0
2 5 14 7 0
2 5 14 8 0
2 5 14 9 0
2 5 14 10 0
2 5 14 11 0
2 5 14 12 0
2 5 14 13 0
2 5 14 14 0
2 5 14 15 0
2 5 15 0 0
2 5 15 1 0
2 5 15 2 0
2 5 15 3 0
2 5 15 4 0
2 5 15 5 0
2 5 15 6 0
2 5 15 7 0
2 5 15 8 0
2 5 15 9 0
2 5 15 10 0
2 5 15 11 0
2 5 15 12 0
2 5 15 13 0
2 5 15 14 0
2 5 15 15 0
2 6 0 0 0
2 6 0 1 0
2 6 0 2 0
2 6 0 3 0
2 6 0 4 0
2 6 0 5 0
2 6 0 6 -7.063527626323503e-05
2 6 0 7 0
2 6 0 8 0
2 6 0 9 0
2 6 0 10 0
2 6 0 11 0
2 6 0 12 0
2 6 0 13 0
2 6 0 14 0
2 6 0 15 0
2 6 1 0 0
2 6 1 1 0
2 6 1 2 0
2 6 1 3 0
2 6 1 4 0
2 6 1 5 0
2 6 1 6 0
2 6 1 7 0
2 6 1 8 0
2 6 1 9 0
2 6 1 10 0
2 6 1 11 0
2 6 1 12 0
2 6 1 13 0
2 6 1 14 0
2 6 1 15 0
2 6 2 0 0
2 6 2 1 0
2 6 2 2 0
2 6 2 3 0
2 6 2 4 0
2 6 2 5 0
2 6 2 6 1.321073682914306
2 6 2 7 0
2 6 2 8 0
2 6 2 9 0
2 6 2 10 0
2 6 2 11 0
2 6 2 12 0
2 6 2 13 0.08360114429406111
2 6 2 14 0
2 6 2 15 0
2 6 3 0 0
2 6 3 1 0
2 6 3 2 0
2 6 3 3 0
2 6 3 4 0
2 6 3 5 0
2 6 3 6 0
2 6 3 7 0.2906530195469534
2 6 3 8 0
2 6 3 9 0
2 6 3 10 0
2 6 3 11 0
2 6 3 12 0
2 6 3 13 0
2 6 3 14 0
2 6 3 15 0
2 6 4 0 0
2 6 4 1 0
2 6 4 2 0
2 6 4 3 0
2 6 4 4 0
2 6 4 5 0
2 6 4 6 0
2 6 4 7 0
2 6 4 8 0
2 6 4 9 0
2 6 4 10 0
2 6 4 11 0
2 6 4 12 0
2 6 4 13 0
2 6 4 14 0
2 6 4 15 0
2 6 5 0 0
2 6 5 1 0
2 6 5 2 0
2 6 5 3 0
2 6 5 4 0
2 6 5 5 0
2 6 5 6 0
2 6 5 7 0
2 6 5 8 0
2 6 5 9 0
2 6 5 10 0
2 6 5 11 0
2 6 5 12 0
2 6 5 13 0
2 6 5 14 0
2 6 5 15 0
2 6 6 0 2.153074244409905e-05
2 6 6 1 0
2 6 6 2 -0.6581763924857351
2 6 6 3 0
2 6 6 4 0
2 6 6 5 0
2 6 6 6 0
2 6 6 7 0
2 6 6 8 0
2 6 6 9 0
2 6 6 10 0
2 6 6 11 0.004040362513873673
2 6 6 12 0
2 6 6 13 0
2 6 6 14 -0.008867070646489188
2 6 6 15 0
2 6 7 0 0
2 6 7 1 0
2 6 7 2 0
2 6 7 3 -0.01579642600487763
2 6 7 4 0
2 6 7 5 0
2 6 7 6 0
2 6 7 7 0
2 6 7 8 0
2 6 7 9 0
2 6 7 10 0
2 6 7 11 0
2 6 7 12 0
2 6 7 13 0
2 6 7 14 0
2 6 7 15 0
2 6 8 0 0
2 6 8 1 0
2 6 8 2 0
2 6 8 3 0
2 6 8 4 0
2 6 8 5 0
2 6 8 6 0
2 6 8 7 0
2 6 8 8 0
2 6 8 9 0
2 6 8 10 0
2 6 8 11 0
2 6 8 12 0
2 6 8 13 0
2 6 8 14 0
2 6 8 15 0
2 6 9 0 0
2 6 9 1 0
2 6 9 2 0
2 6 9 3 0
2 6 9 4 0
2 6 9 5 0
2 6 9 6 0
2 6 9 7 0
2 6 9 8 0
2 6 9 9 0
2 6 9 10 0
2 6 9 11 0
2 6 9 12 0
2 6 9 13 0
2 6 9 14 0
2 6 9 15 0
2 6 10 0 0
2 6 10 1 0
2 6 10 2 0
2 6 10 3 0
2 6 10 4 0
2 6 10 5 0
2 6 10 6 0
2 6 10 7 0
2 6 10 8 0
2 6 10 9 0
2 6 10 10 0
2 6 10 11 0
2 6 10 12 0
2 6 10 13 0
2 6 10 14 0
2 6 10 15 0
2 6 11 0 0
2 6 11 1 0
2 6 11 2 0
2 6 11 3 0
2 6 11 4 0
2 6 11 5 0
2 6 11 6 -0.01091484702482039
2 6 11 7 0
2 6 11 8 0
2 6 11 9 0
2 6 11 10 0
2 6 11 11 0
2 6 11 12 0
2 6 11 13 0
2 6 11 14 0
2 6 11 15 0
2 6 12 0 0
2 6 12 1 0
2 6 12 2 0
2 6 12 3 0
2 6 12 4 0
2 6 12 5 0
2 6 12 6 0
2 6 12 7 0
2 6 12 8 0
2 6 12 9 0
2 6 12 10 0
2 6 12 11 0
2 6 12 12 0
2 6 12 13 0
2 6 12 14 0
2 6 12 15 0
2 6 13 0 0
2 6 13 1 0
2 6 13 2 -0.04180057214703055
2 6 13 3 0
2 6 13 4 0
2 6 13 5 0
2 6 13 6 0
2 6 13 7 0
2 6 13 8 0
2 6 13 9 0
2 6 13 10 0
2 6 13 11 0
2 6 13 12 0
2 6 13 13 0
2 6 13 14 0
2 6 13 15 0
2 6 14 0 0
2 6 14 1 0
2 6 14 2 0
2 6 14 3 0
2 6 14 4 0
2 6 14 5 0
2 6 14 6 0.02697253727729214
2 6 14 7 0
2 6 14 8 0
2 6 14 9 0
2 6 14 10 0
2 6 14 11 0
2 6 14 12 0
2 6 14 13 0
2 6 14 14 0
2 6 14 15 0
2 6 15 0 0
2 6 15 1 0
2 6 15 2 0
2 6 15 3 0
2 6 15 4 0
2 6 15 5 0
2 6 15 6 0
2 6 15 7 0
2 6 15 8 0
2 6 15 9 0
2 6 15 10 0
2 6 15 11 0
2 6 15 12 0
2 6 15 13 0
2 6 15 14 0
2 6 15 15 0
2 7 0 0 0
2 7 0 1 0
2 7 0 2 0
2 7 0 3 0
2 7 0 4 0
2 7 0 5 0
2 7 0 6 0
2 7 0 7 0
2 7 0 8 0
2 7 0 9 0
2 7 0 10 0
2 7 0 11 0
2 7 0 12 0
2 7 0 13 0
2 7 0 14 0
2 7 0 15 0
2 7 1 0 0
2 7 1 1 0
2 7 1 2 0
2 7 1 3 0
2 7 1 4 0
2 7 1 5 0
2 7 1 6 0
2 7 1 7 0
2 7 1 8 0
2 7 1 9 0
2 7 1 10 0
2 7 1 11 0
2 7 1 12 0
2 7 1 13 0
2 7 1 14 0
2 7 1 15 0
2 7 2 0 0
2 7 2 1 0
2 7 2 2 0
2 7 2 3 0
2 7 2 4 0
2 7 2 5 0
2 7 2 6 0
2 7 2 7 0.147752703061543
2 7 2 8 0
2 7 2 9 0
2 7 2 10 0
2 7 2 11 0
2 7 2 12 0
2 7 2 13 0
2 7 2 14 0
2 7 2 15 0
2 7 3 0 0
2 7 3 1 0
2 7 3 2 0
2 7 3 3 0
2 7 3 4 0
2 7 3 5 0
2 7 3 6 0
2 7 3 7 0
2 7 3 8 0
2 7 3 9 0
2 7 3 10 0
2 7 3 11 0
2 7 3 12 0
2 7 3 13 0
2 7 3 14 0
2 7 3 15 0
2 7 4 0 0
2 7 4 1 0
2 7 4 2 0
2 7 4 3 0
2 7 4 4 0
2 7 4 5 0
2 7 4 6 0
2 7 4 7 0
2 7 4 8 0
2 7 4 9 0
2 7 4 10 0
2 7 4 11 0
2 7 4 12 0
2 7 4 13 0
2 7 4 14 0
2 7 4 15 0
2 7 5 0 0
2 7 5 1 0
2 7 5 2 0
2 7 5 3 0
2 7 5 4 0
2 7 5 5 0
2 7 5 6 0
2 7 5 7 0
2 7 5 8 0
2 7 5 9 0
2 7 5 10 0
2 7 5 11 0
2 7 5 12 0
2 7 5 13 0
2 7 5 14 0
2 7 5 15 0
2 7 6 0 0
2 7 6 1 0
2 7 6 2 0
2 7 6 3 0
2 7 6 4 0
2 7 6 5 0
2 7 6 6 0
2 7 6 7 0
2 7 6 8 0
2 7 6 9 0
2 7 6 10 0
2 7 6 11 0
2 7 6 12 0
2 7 6 13 0
2 7 6 14 0
2 7 6 15 0
2 7 7 0 0
2 7 7 1 0
2 7 7 2 -0.09989060882978401
2 7 7 3 0
2 7 7 4 0
2 7 7 5 0
2 7 7 6 0
2 7 7 7 0
2 7 7 8 0
2 7 7 9 0
2 7 7 10 0
2 7 7 11 0
2 7 7 12 0
2 7 7 13 0
2 7 7 14 0
2 7 7 15 0
2 7 8 0 0
2 7 8 1 0
2 7 8 2 0
2 7 8 3 0
2 7 8 4 0
2 7 8 5 0
2 7 8 6 0
2 7 8 7 0
2 7 8 8 0
2 7 8 9 0
2 7 8 10 0
2 7 8 11 0
2 7 8 12 0
2 7 8 13 0
2 7 8 14 0
2 7 8 15 0
2 7 9 0 0
2 7 9 1 0
2 7 9 2 0
2 7 9 3 0
2 7 9 4 0
2 7 9 5 0
2 7 9 6 0
2 7 9 7 0
2 7 9 8 0
2 7 9 9 0
2 7 9 10 0
2 7 9 11 0
2 7 9 12 0
2 7 9 13 0
2 7 9 14 0
2 7 9 15 0
2 7 10 0 0
2 7 10 1 0
2 7 10 2 0
2 7 10 3 0
2 7 10 4 0
2 7 10 5 0
2 7 10 6 0
2 7 10 7 0
2 7 10 8 0
2 7 10 9 0
2 7 10 10 0
2 7 10 11 0
2 7 10 12 0
2 7 10 13 0
2 7 10 14 0
2 7 10 15 0
2 7 11 0 0
2 7 11 1 0
2 7 11 2 0
2 7 11 3 0
2 7 11 4 0
2 7 11 5 0
2 7 11 6 0
2 7 11 7 0
2 7 11 8 0
2 7 11 9 0
2 7 11 10 0
2 7 11 11 0
2 7 11 12 0
2 7 11 13 0
2 7 11 14 0
2 7 11 15 0
2 7 12 0 0
2 7 12 1 0
2 7 12 2 0
2 7 12 3 0
2 7 12 4 0
2 7 12 5 0
2 7 12 6 0
2 7 12 7 0
2 7 12 8 0
2 7 12 9 0
2 7 12 10 0
2 7 12 11 0
2 7 12 12 0
2 7 12 13 0
2 7 12 14 0
2 7 12 15 0
2 7 13 0 0
2 7 13 1 0
2 7 13 2 0
2 7 13 3 0
2 7 13 4 0
2 7 13 5 0
2 7 13 6 0
2 7 13 7 0
2 7 13 8 0
2 7 13 9 0
2 7 13 10 0
2 7 13 11 0
2 7 13 12 0
2 7 13 13 0
2 7 13 14 0
2 7 13 15 0
2 7 14 0 0
2 7 14 1 0
2 7 14 2 0
2 7 14 3 0
2 7 14 4 0
2 7 14 5 0
2 7 14 6 0
2 7 14 7 0
2 7 14 8 0
2 7 14 9 0
2 7 14 10 0
2 7 14 11 0
2 7 14 12 0
2 7 14 13 0
2 7 14 14 0
2 7 14 15 0
2 7 15 0 0
2 7 15 1 0
2 7 15 2 0
2 7 15 3 0
2 7 15 4 0
2 7 15 5 0
2 7 15 6 0
2 7 15 7 0
2 7 15 8 0
2 7 15 9 0
2 7 15 10 0
2 7 15 11 0
2 7 15 12 0
2 7 15 13 0
2 7 15 14 0
2 7 15 15 0
2 8 0 0 0
2 8 0 1 0
2 8 0 2 0
2 8 0 3 0
2 8 0 4 0
2 8 0 5 0
2 8 0 6 0
2 8 0 7 0
2 8 0 8 0
2 8 0 9 0
2 8 0 10 0
2 8 0 11 0
2 8 0 12 0
2 8 0 13 0
2 8 0 14 0
2 8 0 15 0
2 8 1 0 0
2 8 1 1 0
2 8 1 2 0
2 8 1 3 0
2 8 1 4 0
2 8 1 5 0
2 8 1 6 0
2 8 1 7 0
2 8 1 8 0
2 8 1 9 0
2 8 1 10 0
2 8 1 11 0
2 8 1 12 0
2 8 1 13 0
2 8 1 14 0
2 8 1 15 0
2 8 2 0 0
2 8 2 1 0
2 8 2 2 0
2 8 2 3 0.1098478024968849
2 8 2 4 0
2 8 2 5 0
2 8 2 6 0
2 8 2 7 0
2 8 2 8 0.007485691673799032
2 8 2 9 0
2 8 2 10 0
2 8 2 11 0
2 8 2 12 0
2 8 2 13 0
2 8 2 14 0
2 8 2 15 0
2 8 3 0 0
2 8 3 1 0
2 8 3 2 -0.05492390124844247
2 8 3 3 0
2 8 3 4 0
2 8 3 5 0
2 8 3 6 0
2 8 3 7 0
2 8 3 8 0
2 8 3 9 0
2 8 3 10 0
2 8 3 11 0.0004816932706964118
2 8 3 12 0
2 8 3 13 0
2 8 3 14 -0.0010829434243244
2 8 3 15 0
2 8 4 0 0
2 8 4 1 0
2 8 4 2 0
2 8 4 3 0
2 8 4 4 0
2 8 4 5 0
2 8 4 6 0
2 8 4 7 0
2 8 4 8 0
2 8 4 9 0
2 8 4 10 0
2 8 4 11 0
2 8 4 12 0
2 8 4 13 0
2 8 4 14 0
2 8 4 15 0
2 8 5 0 0
2 8 5 1 0
2 8 5 2 0
2 8 5 3 0
2 8 5 4 0
2 8 5 5 0
2 8 5 6 0
2 8 5 7 0
2 8 5 8 0
2 8 5 9 0
2 8 5 10 0
2 8 5 11 0
2 8 5 12 0
2 8 5 13 0
2 8 5 14 0
2 8 5 15 0
2 8 6 0 0
2 8 6 1 0
2 8 6 2 0
2 8 6 3 0
2 8 6 4 0
2 8 6 5 0
2 8 6 6 0
2 8 6 7 0.01437452422123778
2 8 6 8 0
2 8 6 9 0
2 8 6 10 0
2 8 6 11 0
2 8 6 12 0
2 8 6 13 0
2 8 6 14 0
2 8 6 15 0
2 8 7 0 0
2 8 7 1 0
2 8 7 2 0
2 8 7 3 0
2 8 7 4 0
2 8 7 5 0
2 8 7 6 0.000366043845346923
2 8 7 7 0
2 8 7 8 0
2 8 7 9 0
2 8 7 10 0
2 8 7 11 0
2 8 7 12 0
2 8 7 13 0
2 8 7 14 0
2 8 7 15 0
2 8 8 0 0
2 8 8 1 0
2 8 8 2 -0.003742845836899517
2 8 8 3 0
2 8 8 4 0
2 8 8 5 0
2 8 8 6 0
2 8 8 7 0
2 8 8 8 0
2 8 8 9 0
2 8 8 10 0
2 8 8 11 0
2 8 8 12 0
2 8 8 13 0
2 8 8 14 0
2 8 8 15 0
2 8 9 0 0
2 8 9 1 0
2 8 9 2 0
2 8 9 3 0
2 8 9 4 0
2 8 9 5 0
2 8 9 6 0
2 8 9 7 0
2 8 9 8 0
2 8 9 9 0
2 8 9 10 0
2 8 9 11 0
2 8 9 12 0
2 8 9 13 0
2 8 9 14 0
2 8 9 15 0
2 8 10 0 0
2 8 10 1 0
2 8 10 2 0
2 8 10 3 0
2 8 10 4 0
2 8 10 5 0
2 8 10 6 0
2 8 10 7 0
2 8 10 8 0
2 8 10 9 0
2 8 10 10 0
2 8 10 11 0
2 8 10 12 0
2 8 10 13 0
2 8 10 14 0
2 8 10 15 0
2 8 11 0 0
2 8 11 1 0
2 8 11 2 0
2 8 11 3 -0.0008077422850769408
2 8 11 4 0
2 8 11 5 0
2 8 11 6 0
2 8 11 7 0
2 8 11 8 0
2 8 11 9 0
2 8 11 10 0
2 8 11 11 0
2 8 11 12 0
2 8 11 13 0
2 8 11 14 0
2 8 11 15 0
2 8 12 0 0
2 8 12 1 0
2 8 12 2 0
2 8 12 3 0
2 8 12 4 0
2 8 12 5 0
2 8 12 6 0
2 8 12 7 0
2 8 12 8 0
2 8 12 9 0
2 8 12 10 0
2 8 12 11 0
2 8 12 12 0
2 8 12 13 0
2 8 12 14 0
2 8 12 15 0
2 8 13 0 0
2 8 13 1 0
2 8 13 2 0
2 8 13 3 0
2 8 13 4 0
2 8 13 5 0
2 8 13 6 0
2 8 13 7 0
2 8 13 8 0
2 8 13 9 0
2 8 13 10 0
2 8 13 11 0
2 8 13 12 0
2 8 13 13 0
2 8 13 14 0
2 8 13 15 0
2 8 14 0 0
2 8 14 1 0
2 8 14 2 0
2 8 14 3 0.001428246348613645
2 8 14 4 0
2 8 14 5 0
2 8 14 6 0
2 8 14 7 0
2 8 14 8 0
2 8 14 9 0
2 8 14 10 0
2 8 14 11 0
2 8 14 12 0
2 8 14 13 0
2 8 14 14 0
2 8 14 15 0
2 8 15 0 0
2 8 15 1 0
2 8 15 2 0
2 8 15 3 0
2 8 15 4 0
2 8 15 5 0
2 8 15 6 0
2 8 15 7 0
2 8 15 8 0
2 8 15 9 0
2 8 15 10 0
2 8 15 11 0
2 8 15 12 0
2 8 15 13 0
2 8 15 14 0
2 8 15 15 0
2 9 0 0 0
2 9 0 1 0
2 9 0 2 0
2 9 0 3 0
2 9 0 4 0
2 9 0 5 0
2 9 0 6 0
2 9 0 7 0
2 9 0 8 0
2 9 0 9 0
2 9 0 10 0
2 9 0 11 0
2 9 0 12 0
2 9 0 13 0
2 9 0 14 0
2 9 0 15 0
2 9 1 0 0
2 9 1 1 0
2 9 1 2 0
2 9 1 3 0
2 9 1 4 0
2 9 1 5 0
2 9 1 6 0
2 9 1 7 0
2 9 1 8 0
2 9 1 9 0
2 9 1 10 0
2 9 1 11 0
2 9 1 12 0
2 9 1 13 0
2 9 1 14 0
2 9 1 15 0
2 9 2 0 0
2 9 2 1 0
2 9 2 2 0
2 9 2 3 0
2 9 2 4 0.1143771736763142
2 9 2 5 0
2 9 2 6 0
2 9 2 7 0
2 9 2 8 0
2 9 2 9 0.007477775895661566
2 9 2 10 0
2 9 2 11 0
2 9 2 12 0
2 9 2 13 0
2 9 2 14 0
2 9 2 15 0
2 9 3 0 0
2 9 3 1 0
2 9 3 2 0
2 9 3 3 0
2 9 3 4 0
2 9 3 5 0
2 9 3 6 0
2 9 3 7 0
2 9 3 8 0
2 9 3 9 0
2 9 3 10 0
2 9 3 11 0
2 9 3 12 0
2 9 3 13 0
2 9 3 14 0
2 9 3 15 0
2 9 4 0 0
2 9 4 1 0
2 9 4 2 -0.05718858683815708
2 9 4 3 0
2 9 4 4 0
2 9 4 5 0
2 9 4 6 0
2 9 4 7 0
2 9 4 8 0
2 9 4 9 0
2 9 4 10 0
2 9 4 11 0.0005478703264683267
2 9 4 12 0
2 9 4 13 0
2 9 4 14 -0.001408345563428238
2 9 4 15 0
2 9 5 0 0
2 9 5 1 0
2 9 5 2 0
2 9 5 3 0
2 9 5 4 0
2 9 5 5 0
2 9 5 6 0
2 9 5 7 0.01274596816406824
2 9 5 8 0
2 9 5 9 0
2 9 5 10 0
2 9 5 11 0
2 9 5 12 0
2 9 5 13 0
2 9 5 14 0
2 9 5 15 0
2 9 6 0 0
2 9 6 1 0
2 9 6 2 0
2 9 6 3 0
2 9 6 4 0
2 9 6 5 0
2 9 6 6 0
2 9 6 7 0
2 9 6 8 0
2 9 6 9 0
2 9 6 10 0
2 9 6 11 0
2 9 6 12 0
2 9 6 13 0
2 9 6 14 0
2 9 6 15 0
2 9 7 0 0
2 9 7 1 0
2 9 7 2 0
2 9 7 3 0
2 9 7 4 0
2 9 7 5 0.0081252155826278
2 9 7 6 0
2 9 7 7 0
2 9 7 8 0
2 9 7 9 0
2 9 7 10 0
2 9 7 11 0
2 9 7 12 0
2 9 7 13 0
2 9 7 14 0
2 9 7 15 0
2 9 8 0 0
2 9 8 1 0
2 9 8 2 0
2 9 8 3 0
2 9 8 4 0
2 9 8 5 0
2 9 8 6 0
2 9 8 7 0
2 9 8 8 0
2 9 8 9 0
2 9 8 10 0
2 9 8 11 0
2 9 8 12 0
2 9 8 13 0
2 9 8 14 0
2 9 8 15 0
2 9 9 0 0
2 9 9 1 0
2 9 9 2 -0.003738887947830783
2 9 9 3 0
2 9 9 4 0
2 9 9 5 0
2 9 9 6 0
2 9 9 7 0
2 9 9 8 0
2 9 9 9 0
2 9 9 10 0
2 9 9 11 0
2 9 9 12 0
2 9 9 13 0
2 9 9 14 0
2 9 9 15 0
2 9 10 0 0
2 9 10 1 0
2 9 10 2 0
2 9 10 3 0
2 9 10 4 0
2 9 10 5 0
2 9 10 6 0
2 9 10 7 0
2 9 10 8 0
2 9 10 9 0
2 9 10 10 0
2 9 10 11 0
2 9 10 12 0
2 9 10 13 0
2 9 10 14 0
2 9 10 15 0
2 9 11 0 0
2 9 11 1 0
2 9 11 2 0
2 9 11 3 0
2 9 11 4 -0.0007983808380796878
2 9 11 5 0
2 9 11 6 0
2 9 11 7 0
2 9 11 8 0
2 9 11 9 0
2 9 11 10 0
2 9 11 11 0
2 9 11 12 0
2 9 11 13 0
2 9 11 14 0
2 9 11 15 0
2 9 12 0 0
2 9 12 1 0
2 9 12 2 0
2 9 12 3 0
2 9 12 4 0
2 9 12 5 0
2 9 12 6 0
2 9 12 7 0
2 9 12 8 0
2 9 12 9 0
2 9 12 10 0
2 9 12 11 0
2 9 12 12 0
2 9 12 13 0
2 9 12 14 0
2 9 12 15 0
2 9 13 0 0
2 9 13 1 0
2 9 13 2 0
2 9 13 3 0
2 9 13 4 0
2 9 13 5 0
2 9 13 6 0
2 9 13 7 0
2 9 13 8 0
2 9 13 9 0
2 9 13 10 0
2 9 13 11 0
2 9 13 12 0
2 9 13 13 0
2 9 13 14 0
2 9 13 15 0
2 9 14 0 0
2 9 14 1 0
2 9 14 2 0
2 9 14 3 0
2 9 14 4 0.001795301226510698
2 9 14 5 0
2 9 14 6 0
2 9 14 7 0
2 9 14 8 0
2 9 14 9 0
2 9 14 10 0
2 9 14 11 0
2 9 14 12 0
2 9 14 13 0
2 9 14 14 0
2 9 14 15 0
2 9 15 0 0
2 9 15 1 0
2 9 15 2 0
2 9 15 3 0
2 9 15 4 0
2 9 15 5 0
2 9 15 6 0
2 9 15 7 0
2 9 15 8 0
2 9 15 9 0
2 9 15 10 0
2 9 15 11 0
2 9 15 12 0
2 9 15 13 0
2 9 15 14 0
2 9 15 15 0
2 10 0 0 0
2 10 0 1 0
2 10 0 2 0
2 10 0 3 0
2 10 0 4 0
2 10 0 5 0
2 10 0 6 0
2 10 0 7 0
2 10 0 8 0
2 10 0 9 0
2 10 0 10 0
2 10 0 11 0
2 10 0 12 0
2 10 0 13 0
2 10 0 14 0
2 10 0 15 0
2 10 1 0 0
2 10 1 1 0
2 10 1 2 0
2 10 1 3 0
2 10 1 4 0
2 10 1 5 0
2 10 1 6 0
2 10 1 7 0
2 10 1 8 0
2 10 1 9 0
2 10 1 10 0
2 10 1 11 0
2 10 1 12 0
2 10 1 13 0
2 10 1 14 0
2 10 1 15 0
2 10 2 0 0
2 10 2 1 0
2 10 2 2 0
2 10 2 3 0
2 10 2 4 0
2 10 2 5 0
2 10 2 6 0
2 10 2 7 0
2 10 2 8 0
2 10 2 9 0
2 10 2 10 0
2 10 2 11 0
2 10 2 12 0
2 10 2 13 0
2 10 2 14 0
2 10 2 15 0
2 10 3 0 0
2 10 3 1 0
2 10 3 2 0
2 10 3 3 0
2 10 3 4 0
2 10 3 5 0
2 10 3 6 0
2 10 3 7 0
2 10 3 8 0
2 10 3 9 0
2 10 3 10 0
2 10 3 11 0
2 10 3 12 0
2 10 3 13 0
2 10 3 14 0
2 10 3 15 0
2 10 4 0 0
2 10 4 1 0
2 10 4 2 0
2 10 4 3 0
2 10 4 4 0
2 10 4 5 0
2 10 4 6 0
2 10 4 7 0
2 10 4 8 0
2 10 4 9 0
2 10 4 10 0
2 10 4 11 0
2 10 4 12 0
2 10 4 13 0
2 10 4 14 0
2 10 4 15 0
2 10 5 0 0
2 10 5 1 0
2 10 5 2 0
2 10 5 3 0
2 10 5 4 0
2 10 5 5 0
2 10 5 6 0
2 10 5 7 0
2 10 5 8 0
2 10 5 9 0
2 10 5 10 0
2 10 5 11 0
2 10 5 12 0
2 10 5 13 0
2 10 5 14 0
2 10 5 15 0
2 10 6 0 0
2 10 6 1 0
2 10 6 2 0
2 10 6 3 0
2 10 6 4 0
2 10 6 5 0
2 10 6 6 0
2 10 6 7 0
2 10 6 8 0
2 10 6 9 0
2 10 6 10 0
2 10 6 11 0
2 10 6 12 0
2 10 6 13 0
2 10 6 14 0
2 10 6 15 0
2 10 7 0 0
2 10 7 1 0
2 10 7 2 0
2 10 7 3 0
2 10 7 4 0
2 10 7 5 0
2 10 7 6 0
2 10 7 7 0
2 10 7 8 0
2 10 7 9 0
2 10 7 10 0
2 10 7 11 0
2 10 7 12 0
2 10 7 13 0
2 10 7 14 0
2 10 7 15 0
2 10 8 0 0
2 10 8 1 0
2 10 8 2 0
2 10 8 3 0
2 10 8 4 0
2 10 8 5 0
2 10 8 6 0
2 10 8 7 0
2 10 8 8 0
2 10 8 9 0
2 10 8 10 0
2 10 8 11 0
2 10 8 12 0
2 10 8 13 0
2 10 8 14 0
2 10 8 15 0
2 10 9 0 0
2 10 9 1 0
2 10 9 2 0
2 10 9 3 0
2 10 9 4 0
2 10 9 5 0
2 10 9 6 0
2 10 9 7 0
2 10 9 8 0
2 10 9 9 0
2 10 9 10 0
2 10 9 11 0
2 10 9 12 0
2 10 9 13 0
2 10 9 14 0
2 10 9 15 0
2 10 10 0 0
2 10 10 1 0
2 10 10 2 0
2 10 10 3 0
2 10 10 4 0
2 10 10 5 0
2 10 10 6 0
2 10 10 7 0
2 10 10 8 0
2 10 10 9 0
2 10 10 10 0
2 10 10 11 0
2 10 10 12 0
2 10 10 13 0
2 10 10 14 0
2 10 10 15 0
2 10 11 0 0
2 10 11 1 0
2 10 11 2 0
2 10 11 3 0
2 10 11 4 0
2 10 11 5 0
2 10 11 6 0
2 10 11 7 0
2 10 11 8 0
2 10 11 9 0
2 10 11 10 0
2 10 11 11 0
2 10 11 12 0
2 10 11 13 0
2 10 11 14 0
2 10 11 15 0
2 10 12 0 0
2 10 12 1 0
2 10 12 2 0
2 10 12 3 0
2 10 12 4 0
2 10 12 5 0
2 10 12 6 0
2 10 12 7 0
2 10 12 8 0
2 10 12 9 0
2 10 12 10 0
2 10 12 11 0
2 10 12 12 0
2 10 12 13 0
2 10 12 14 0
2 10 12 15 0
2 10 13 0 0
2 10 13 1 0
2 10 13 2 0
2 10 13 3 0
2 10 13 4 0
2 10 13 5 0
2 10 13 6 0
2 10 13 7 0
2 10 13 8 0
2 10 13 9 0
2 10 13 10 0
2 10 13 11 0
2 10 13 12 0
2 10 13 13 0
2 10 13 14 0
2 10 13 15 0
2 10 14 0 0
2 10 14 1 0
2 10 14 2 0
2 10 14 3 0
2 10 14 4 0
2 10 14 5 0
2 10 14 6 0
2 10 14 7 0
2 10 14 8 0
2 10 14 9 0
2 10 14 10 0
2 10 14 11 0
2 10 14 12 0
2 10 14 13 0
2 10 14 14 0
2 10 14 15 0
2 10 15 0 0
2 10 15 1 0
2 10 15 2 0
2 10 15 3 0
2 10 15 4 0
2 10 15 5 0
2 10 15 6 0
2 10 15 7 0
2 10 15 8 0
2 10 15 9 0
2 10 15 10 0
2 10 15 11 0
2 10 15 12 0
2 10 15 13 0
2 10 15 14 0
2 10 15 15 0
2 11 0 0 0
2 11 0 1 0
2 11 0 2 0.003988179005146947
2 11 0 3 0
2 11 0 4 0
2 11 0 5 0
2 11 0 6 0
2 11 0 7 0
2 11 0 8 0
2 11 0 9 0
2 11 0 10 0
2 11 0 11 -7.063527626323503e-05
2 11 0 12 0
2 11 0 13 0
2 11 0 14 0.0001149710420955401
2 11 0 15 0
2 11 1 0 0
2 11 1 1 0
2 11 1 2 0
2 11 1 3 0
2 11 1 4 0
2 11 1 5 0
2 11 1 6 0
2 11 1 7 0
2 11 1 8 0
2 11 1 9 0
2 11 1 10 0
2 11 1 11 0
2 11 1 12 0
2 11 1 13 0
2 11 1 14 0
2 11 1 15 0
2 11 2 0 -0.007976358010293894
2 11 2 1 0
2 11 2 2 -0.0109148470248204
2 11 2 3 0
2 11 2 4 0
2 11 2 5 0
2 11 2 6 0
2 11 2 7 0
2 11 2 8 0
2 11 2 9 0
2 11 2 10 0
2 11 2 11 0.0002494302204681799
2 11 2 12 0
2 11 2 13 0
2 11 2 14 -0.0003306786341168429
2 11 2 15 0
2 11 3 0 0
2 11 3 1 0
2 11 3 2 0
2 11 3 3 0
2 11 3 4 0
2 11 3 5 0
2 11 3 6 0
2 11 3 7 0
2 11 3 8 0
2 11 3 9 0
2 11 3 10 0
2 11 3 11 0
2 11 3 12 0
2 11 3 13 0
2 11 3 14 0
2 11 3 15 0
2 11 4 0 0
2 11 4 1 0
2 11 4 2 0
2 11 4 3 0
2 11 4 4 0
2 11 4 5 0
2 11 4 6 0
2 11 4 7 0
2 11 4 8 0
2 11 4 9 0
2 11 4 10 0
2 11 4 11 0
2 11 4 12 0
2 11 4 13 0
2 11 4 14 0
2 11 4 15 0
2 11 5 0 0
2 11 5 1 0
2 11 5 2 0
2 11 5 3 0
2 11 5 4 0
2 11 5 5 0
2 11 5 6 0
2 11 5 7 0
2 11 5 8 0
2 11 5 9 0
2 11 5 10 0
2 11 5 11 0
2 11 5 12 0
2 11 5 13 0
2 11 5 14 0
2 11 5 15 0
2 11 6 0 0
2 11 6 1 0
2 11 6 2 0
2 11 6 3 0
2 11 6 4 0
2 11 6 5 0
2 11 6 6 0
2 11 6 7 0
2 11 6 8 0
2 11 6 9 0
2 11 6 10 0
2 11 6 11 0
2 11 6 12 0
2 11 6 13 0
2 11 6 14 0
2 11 6 15 0
2 11 7 0 0
2 11 7 1 0
2 11 7 2 0
2 11 7 3 0
2 11 7 4 0
2 11 7 5 0
2 11 7 6 0
2 11 7 7 0.005034638692061991
2 11 7 8 0
2 11 7 9 0
2 11 7 10 0
2 11 7 11 0
2 11 7 12 0
2 11 7 13 0
2 11 7 14 0
2 11 7 15 0
2 11 8 0 0
2 11 8 1 0
2 11 8 2 0
2 11 8 3 0
2 11 8 4 0
2 11 8 5 0
2 11 8 6 0
2 11 8 7 0
2 11 8 8 0
2 11 8 9 0
2 11 8 10 0
2 11 8 11 0
2 11 8 12 0
2 11 8 13 0
2 11 8 14 0
2 11 8 15 0
2 11 9 0 0
2 11 9 1 0
2 11 9 2 0
2 11 9 3 0
2 11 9 4 0
2 11 9 5 0
2 11 9 6 0
2 11 9 7 0
2 11 9 8 0
2 11 9 9 0
2 11 9 10 0
2 11 9 11 0
2 11 9 12 0
2 11 9 13 0
2 11 9 14 0
2 11 9 15 0
2 11 10 0 0
2 11 10 1 0
2 11 10 2 0
2 11 10 3 0
2 11 10 4 0
2 11 10 5 0
2 11 10 6 0
2 11 10 7 0
2 11 10 8 0
2 11 10 9 0
2 11 10 10 0
2 11 10 11 0
2 11 10 12 0
2 11 10 13 0
2 11 10 14 0
2 11 10 15 0
2 11 11 0 0.0001336541507251964
2 11 11 1 0
2 11 11 2 0.0001449449274677284
2 11 11 3 0
2 11 11 4 0
2 11 11 5 0
2 11 11 6 0
2 11 11 7 0
2 11 11 8 0
2 11 11 9 0
2 11 11 10 0
2 11 11 11 0
2 11 11 12 0
2 11 11 13 0
2 11 11 14 0
2 11 11 15 0
2 11 12 0 0
2 11 12 1 0
2 11 12 2 0
2 11 12 3 0
2 11 12 4 0
2 11 12 5 0
2 11 12 6 0
2 11 12 7 0
2 11 12 8 0
2 11 12 9 0
2 11 12 10 0
2 11 12 11 0
2 11 12 12 0
2 11 12 13 0
2 11 12 14 0
2 11 12 15 0
2 11 13 0 0
2 11 13 1 0
2 11 13 2 0
2 11 13 3 0
2 11 13 4 0
2 11 13 5 0
2 11 13 6 0
2 11 13 7 0
2 11 13 8 0
2 11 13 9 0
2 11 13 10 0
2 11 13 11 0
2 11 13 12 0
2 11 13 13 0
2 11 13 14 0
2 11 13 15 0
2 11 14 0 -0.0002003598415016978
2 11 14 1 0
2 11 14 2 -0.0002370394210643529
2 11 14 3 0
2 11 14 4 0
2 11 14 5 0
2 11 14 6 0
2 11 14 7 0
2 11 14 8 0
2 11 14 9 0
2 11 14 10 0
2 11 14 11 0
2 11 14 12 0
2 11 14 13 0
2 11 14 14 0
2 11 14 15 0
2 11 15 0 0
2 11 15 1 0
2 11 15 2 0
2 11 15 3 0
2 11 15 4 0
2 11 15 5 0
2 11 15 6 0
2 11 15 7 0
2 11 15 8 0
2 11 15 9 0
2 11 15 10 0
2 11 15 11 0
2 11 15 12 0
2 11 15 13 0
2 11 15 14 0
2 11 15 15 0
2 12 0 0 0
2 12 0 1 0
2 12 0 2 0
2 12 0 3 0
2 12 0 4 0
2 12 0 5 0
2 12 0 6 0
2 12 0 7 0
2 12 0 8 0
2 12 0 9 0
2 12 0 10 0
2 12 0 11 0
2 12 0 12 0
2 12 0 13 0
2 12 0 14 0
2 12 0 15 0
2 12 1 0 0
2 12 1 1 0
2 12 1 2 0
2 12 1 3 0
2 12 1 4 0
2 12 1 5 0
2 12 1 6 0
2 12 1 7 0
2 12 1 8 0
2 12 1 9 0
2 12 1 10 0
2 12 1 11 0
2 12 1 12 0
2 12 1 13 0
2 12 1 14 0
2 12 1 15 0
2 12 2 0 0
2 12 2 1 0
2 12 2 2 0
2 12 2 3 0
2 12 2 4 0
2 12 2 5 0.07595072051861373
2 12 2 6 0
2 12 2 7 0
2 12 2 8 0
2 12 2 9 0
2 12 2 10 0
2 12 2 11 0
2 12 2 12 0.006263668286685757
2 12 2 13 0
2 12 2 14 0
2 12 2 15 0
2 12 3 0 0
2 12 3 1 0
2 12 3 2 0
2 12 3 3 0
2 12 3 4 0
2 12 3 5 0
2 12 3 6 0
2 12 3 7 0
2 12 3 8 0
2 12 3 9 0
2 12 3 10 0
2 12 3 11 0
2 12 3 12 0
2 12 3 13 0
2 12 3 14 0
2 12 3 15 0
2 12 4 0 0
2 12 4 1 0
2 12 4 2 0
2 12 4 3 0
2 12 4 4 0
2 12 4 5 0
2 12 4 6 0
2 12 4 7 0.02149394314781867
2 12 4 8 0
2 12 4 9 0
2 12 4 10 0
2 12 4 11 0
2 12 4 12 0
2 12 4 13 0
2 12 4 14 0
2 12 4 15 0
2 12 5 0 0
2 12 5 1 0
2 12 5 2 -0.03797536025930687
2 12 5 3 0
2 12 5 4 0
2 12 5 5 0
2 12 5 6 0
2 12 5 7 0
2 12 5 8 0
2 12 5 9 0
2 12 5 10 0
2 12 5 11 0.0002870223226814401
2 12 5 12 0
2 12 5 13 0
2 12 5 14 -0.0003721335593547591
2 12 5 15 0
2 12 6 0 0
2 12 6 1 0
2 12 6 2 0
2 12 6 3 0
2 12 6 4 0
2 12 6 5 0
2 12 6 6 0
2 12 6 7 0
2 12 6 8 0
2 12 6 9 0
2 12 6 10 0
2 12 6 11 0
2 12 6 12 0
2 12 6 13 0
2 12 6 14 0
2 12 6 15 0
2 12 7 0 0
2 12 7 1 0
2 12 7 2 0
2 12 7 3 0
2 12 7 4 -0.00623412232071595
2 12 7 5 0
2 12 7 6 0
2 12 7 7 0
2 12 7 8 0
2 12 7 9 0
2 12 7 10 0
2 12 7 11 0
2 12 7 12 0
2 12 7 13 0
2 12 7 14 0
2 12 7 15 0
2 12 8 0 0
2 12 8 1 0
2 12 8 2 0
2 12 8 3 0
2 12 8 4 0
2 12 8 5 0
2 12 8 6 0
2 12 8 7 0
2 12 8 8 0
2 12 8 9 0
2 12 8 10 0
2 12 8 11 0
2 12 8 12 0
2 12 8 13 0
2 12 8 14 0
2 12 8 15 0
2 12 9 0 0
2 12 9 1 0
2 12 9 2 0
2 12 9 3 0
2 12 9 4 0
2 12 9 5 0
2 12 9 6 0
2 12 9 7 0
2 12 9 8 0
2 12 9 9 0
2 12 9 10 0
2 12 9 11 0
2 12 9 12 0
2 12 9 13 0
2 12 9 14 0
2 12 9 15 0
2 12 10 0 0
2 12 10 1 0
2 12 10 2 0
2 12 10 3 0
2 12 10 4 0
2 12 10 5 0
2 12 10 6 0
2 12 10 7 0
2 12 10 8 0
2 12 10 9 0
2 12 10 10 0
2 12 10 11 0
2 12 10 12 0
2 12 10 13 0
2 12 10 14 0
2 12 10 15 0
2 12 11 0 0
2 12 11 1 0
2 12 11 2 0
2 12 11 3 0
2 12 11 4 0
2 12 11 5 -0.0006748956123213081
2 12 11 6 0
2 12 11 7 0
2 12 11 8 0
2 12 11 9 0
2 12 11 10 0
2 12 11 11 0
2 12 11 12 0
2 12 11 13 0
2 12 11 14 0
2 12 11 15 0
2 12 12 0 0
2 12 12 1 0
2 12 12 2 -0.003131834143342878
2 12 12 3 0
2 12 12 4 0
2 12 12 5 0
2 12 12 6 0
2 12 12 7 0
2 12 12 8 0
2 12 12 9 0
2 12 12 10 0
2 12 12 11 0
2 12 12 12 0
2 12 12 13 0
2 12 12 14 0
2 12 12 15 0
2 12 13 0 0
2 12 13 1 0
2 12 13 2 0
2 12 13 3 0
2 12 13 4 0
2 12 13 5 0
2 12 13 6 0
2 12 13 7 0
2 12 13 8 0
2 12 13 9 0
2 12 13 10 0
2 12 13 11 0
2 12 13 12 0
2 12 13 13 0
2 12 13 14 0
2 12 13 15 0
2 12 14 0 0
2 12 14 1 0
2 12 14 2 0
2 12 14 3 0
2 12 14 4 0
2 12 14 5 0.00123212501727188
2 12 14 6 0
2 12 14 7 0
2 12 14 8 0
2 12 14 9 0
2 12 14 10 0
2 12 14 11 0
2 12 14 12 0
2 12 14 13 0
2 12 14 14 0
2 12 14 15 0
2 12 15 0 0
2 12 15 1 0
2 12 15 2 0
2 12 15 3 0
2 12 15 4 0
2 12 15 5 0
2 12 15 6 0
2 12 15 7 0
2 12 15 8 0
2 12 15 9 0
2 12 15 10 0
2 12 15 11 0
2 12 15 12 0
2 12 15 13 0
2 12 15 14 0
2 12 15 15 0
2 13 0 0 0
2 13 0 1 0
2 13 0 2 0
2 13 0 3 0
2 13 0 4 0
2 13 0 5 0
2 13 0 6 0
2 13 0 7 0
2 13 0 8 0
2 13 0 9 0
2 13 0 10 0
2 13 0 11 0
2 13 0 12 0
2 13 0 13 0
2 13 0 14 0
2 13 0 15 0
2 13 1 0 0
2 13 1 1 0
2 13 1 2 0
2 13 1 3 0
2 13 1 4 0
2 13 1 5 0
2 13 1 6 0
2 13 1 7 0
2 13 1 8 0
2 13 1 9 0
2 13 1 10 0
2 13 1 11 0
2 13 1 12 0
2 13 1 13 0
2 13 1 14 0
2 13 1 15 0
2 13 2 0 0
2 13 2 1 0
2 13 2 2 0
2 13 2 3 0
2 13 2 4 0
2 13 2 5 0
2 13 2 6 0.08360114429406111
2 13 2 7 0
2 13 2 8 0
2 13 2 9 0
2 13 2 10 0
2 13 2 11 0
2 13 2 12 0
2 13 2 13 0.006458847761373811
2 13 2 14 0
2 13 2 15 0
2 13 3 0 0
2 13 3 1 0
2 13 3 2 0
2 13 3 3 0
2 13 3 4 0
2 13 3 5 0
2 13 3 6 0
2 13 3 7 0.01994089248612114
2 13 3 8 0
2 13 3 9 0
2 13 3 10 0
2 13 3 11 0
2 13 3 12 0
2 13 3 13 0
2 13 3 14 0
2 13 3 15 0
2 13 4 0 0
2 13 4 1 0
2 13 4 2 0
2 13 4 3 0
2 13 4 4 0
2 13 4 5 0
2 13 4 6 0
2 13 4 7 0
2 13 4 8 0
2 13 4 9 0
2 13 4 10 0
2 13 4 11 0
2 13 4 12 0
2 13 4 13 0
2 13 4 14 0
2 13 4 15 0
2 13 5 0 0
2 13 5 1 0
2 13 5 2 0
2 13 5 3 0
2 13 5 4 0
2 13 5 5 0
2 13 5 6 0
2 13 5 7 0
2 13 5 8 0
2 13 5 9 0
2 13 5 10 0
2 13 5 11 0
2 13 5 12 0
2 13 5 13 0
2 13 5 14 0
2 13 5 15 0
2 13 6 0 0
2 13 6 1 0
2 13 6 2 -0.04180057214703056
2 13 6 3 0
2 13 6 4 0
2 13 6 5 0
2 13 6 6 0
2 13 6 7 0
2 13 6 8 0
2 13 6 9 0
2 13 6 10 0
2 13 6 11 0.0002951742179239154
2 13 6 12 0
2 13 6 13 0
2 13 6 14 -0.0007832571792022944
2 13 6 15 0
2 13 7 0 0
2 13 7 1 0
2 13 7 2 0
2 13 7 3 -0.005736897125228524
2 13 7 4 0
2 13 7 5 0
2 13 7 6 0
2 13 7 7 0
2 13 7 8 0
2 13 7 9 0
2 13 7 10 0
2 13 7 11 0
2 13 7 12 0
2 13 7 13 0
2 13 7 14 0
2 13 7 15 0
2 13 8 0 0
2 13 8 1 0
2 13 8 2 0
2 13 8 3 0
2 13 8 4 0
2 13 8 5 0
2 13 8 6 0
2 13 8 7 0
2 13 8 8 0
2 13 8 9 0
2 13 8 10 0
2 13 8 11 0
2 13 8 12 0
2 13 8 13 0
2 13 8 14 0
2 13 8 15 0
2 13 9 0 0
2 13 9 1 0
2 13 9 2 0
2 13 9 3 0
2 13 9 4 0
2 13 9 5 0
2 13 9 6 0
2 13 9 7 0
2 13 9 8 0
2 13 9 9 0
2 13 9 10 0
2 13 9 11 0
2 13 9 12 0
2 13 9 13 0
2 13 9 14 0
2 13 9 15 0
2 13 10 0 0
2 13 10 1 0
2 13 10 2 0
2 13 10 3 0
2 13 10 4 0
2 13 10 5 0
2 13 10 6 0
2 13 10 7 0
2 13 10 8 0
2 13 10 9 0
2 13 10 10 0
2 13 10 11 0
2 13 10 12 0
2 13 10 13 0
2 13 10 14 0
2 13 10 15 0
2 13 11 0 0
2 13 11 1 0
2 13 11 2 0
2 13 11 3 0
2 13 11 4 0
2 13 11 5 0
2 13 11 6 -0.0006584518467963494
2 13 11 7 0
2 13 11 8 0
2 13 11 9 0
2 13 11 10 0
2 13 11 11 0
2 13 11 12 0
2 13 11 13 0
2 13 11 14 0
2 13 11 15 0
2 13 12 0 0
2 13 12 1 0
2 13 12 2 0
2 13 12 3 0
2 13 12 4 0
2 13 12 5 0
2 13 12 6 0
2 13 12 7 0
2 13 12 8 0
2 13 12 9 0
2 13 12 10 0
2 13 12 11 0
2 13 12 12 0
2 13 12 13 0
2 13 12 14 0
2 13 12 15 0
2 13 13 0 0
2 13 13 1 0
2 13 13 2 -0.003229423880686906
2 13 13 3 0
2 13 13 4 0
2 13 13 5 0
2 13 13 6 0
2 13 13 7 0
2 13 13 8 0
2 13 13 9 0
2 13 13 10 0
2 13 13 11 0
2 13 13 12 0
2 13 13 13 0
2 13 13 14 0
2 13 13 15 0
2 13 14 0 0
2 13 14 1 0
2 13 14 2 0
2 13 14 3 0
2 13 14 4 0
2 13 14 5 0
2 13 14 6 0.001735606171232518
2 13 14 7 0
2 13 14 8 0
2 13 14 9 0
2 13 14 10 0
2 13 14 11 0
2 13 14 12 0
2 13 14 13 0
2 13 14 14 0
2 13 14 15 0
2 13 15 0 0
2 13 15 1 0
2 13 15 2 0
2 13 15 3 0
2 13 15 4 0
2 13 15 5 0
2 13 15 6 0
2 13 15 7 0
2 13 15 8 0
2 13 15 9 0
2 13 15 10 0
2 13 15 11 0
2 13 15 12 0
2 13 15 13 0
2 13 15 14 0
2 13 15 15 0
2 14 0 0 0
2 14 0 1 0
2 14 0 2 0
2 14 0 3 0
2 14 0 4 0
2 14 0 5 0
2 14 0 6 0
2 14 0 7 0
2 14 0 8 0
2 14 0 9 0
2 14 0 10 0
2 14 0 11 0
2 14 0 12 0
2 14 0 13 0
2 14 0 14 0
2 14 0 15 0
2 14 1 0 0
2 14 1 1 0
2 14 1 2 0
2 14 1 3 0
2 14 1 4 0
2 14 1 5 0
2 14 1 6 0
2 14 1 7 0
2 14 1 8 0
2 14 1 9 0
2 14 1 10 0
2 14 1 11 0
2 14 1 12 0
2 14 1 13 0
2 14 1 14 0
2 14 1 15 0
2 14 2 0 0
2 14 2 1 0
2 14 2 2 0.02325127799180168
2 14 2 3 0
2 14 2 4 0
2 14 2 5 0
2 14 2 6 0
2 14 2 7 0
2 14 2 8 0
2 14 2 9 0
2 14 2 10 0
2 14 2 11 -0.000330678634116843
2 14 2 12 0
2 14 2 13 0
2 14 2 14 0.0007509568132589996
2 14 2 15 0
2 14 3 0 0
2 14 3 1 0
2 14 3 2 0
2 14 3 3 0
2 14 3 4 0
2 14 3 5 0
2 14 3 6 0
2 14 3 7 0
2 14 3 8 0
2 14 3 9 0
2 14 3 10 0
2 14 3 11 0
2 14 3 12 0
2 14 3 13 0
2 14 3 14 0
2 14 3 15 0
2 14 4 0 0
2 14 4 1 0
2 14 4 2 0
2 14 4 3 0
2 14 4 4 0
2 14 4 5 0
2 14 4 6 0
2 14 4 7 0
2 14 4 8 0
2 14 4 9 0
2 14 4 10 0
2 14 4 11 0
2 14 4 12 0
2 14 4 13 0
2 14 4 14 0
2 14 4 15 0
2 14 5 0 0
2 14 5 1 0
2 14 5 2 0
2 14 5 3 0
2 14 5 4 0
2 14 5 5 0
2 14 5 6 0
2 14 5 7 0
2 14 5 8 0
2 14 5 9 0
2 14 5 10 0
2 14 5 11 0
2 14 5 12 0
2 14 5 13 0
2 14 5 14 0
2 14 5 15 0
2 14 6 0 0
2 14 6 1 0
2 14 6 2 0
2 14 6 3 0
2 14 6 4 0
2 14 6 5 0
2 14 6 6 0
2 14 6 7 0
2 14 6 8 0
2 14 6 9 0
2 14 6 10 0
2 14 6 11 0
2 14 6 12 0
2 14 6 13 0
2 14 6 14 0
2 14 6 15 0
2 14 7 0 0
2 14 7 1 0
2 14 7 2 0
2 14 7 3 0
2 14 7 4 0
2 14 7 5 0
2 14 7 6 0
2 14 7 7 -0.01026217071259177
2 14 7 8 0
2 14 7 9 0
2 14 7 10 0
2 14 7 11 0
2 14 7 12 0
2 14 7 13 0
2 14 7 14 0
2 14 7 15 0
2 14 8 0 0
2 14 8 1 0
2 14 8 2 0
2 14 8 3 0
2 14 8 4 0
2 14 8 5 0
2 14 8 6 0
2 14 8 7 0
2 14 8 8 0
2 14 8 9 0
2 14 8 10 0
2 14 8 11 0
2 14 8 12 0
2 14 8 13 0
2 14 8 14 0
2 14 8 15 0
2 14 9 0 0
2 14 9 1 0
2 14 9 2 0
2 14 9 3 0
2 14 9 4 0
2 14 9 5 0
2 14 9 6 0
2 14 9 7 0
2 14 9 8 0
2 14 9 9 0
2 14 9 10 0
2 14 9 11 0
2 14 9 12 0
2 14 9 13 0
2 14 9 14 0
2 14 9 15 0
2 14 10 0 0
2 14 10 1 0
2 14 10 2 0
2 14 10 3 0
2 14 10 4 0
2 14 10 5 0
2 14 10 6 0
2 14 10 7 0
2 14 10 8 0
2 14 10 9 0
2 14 10 10 0
2 14 10 11 0
2 14 10 12 0
2 14 10 13 0
2 14 10 14 0
2 14 10 15 0
2 14 11 0 0
2 14 11 1 0
2 14 11 2 -0.0002370394210643529
2 14 11 3 0
2 14 11 4 0
2 14 11 5 0
2 14 11 6 0
2 14 11 7 0
2 14 11 8 0
2 14 11 9 0
2 14 11 10 0
2 14 11 11 0
2 14 11 12 0
2 14 11 13 0
2 14 11 14 0
2 14 11 15 0
2 14 12 0 0
2 14 12 1 0
2 14 12 2 0
2 14 12 3 0
2 14 12 4 0
2 14 12 5 0
2 14 12 6 0
2 14 12 7 0
2 14 12 8 0
2 14 12 9 0
2 14 12 10 0
2 14 12 11 0
2 14 12 12 0
2 14 12 13 0
2 14 12 14 0
2 14 12 15 0
2 14 13 0 0
2 14 13 1 0
2 14 13 2 0
2 14 13 3 0
2 14 13 4 0
2 14 13 5 0
2 14 13 6 0
2 14 13 7 0
2 14 13 8 0
2 14 13 9 0
2 14 13 10 0
2 14 13 11 0
2 14 13 12 0
2 14 13 13 0
2 14 13 14 0
2 14 13 15 0
2 14 14 0 0
2 14 14 1 0
2 14 14 2 0.0004039725032388936
2 14 14 3 0
2 14 14 4 0
2 14 14 5 0
2 14 14 6 0
2 14 14 7 0
2 14 14 8 0
2 14 14 9 0
2 14 14 10 0
2 14 14 11 0
2 14 14 12 0
2 14 14 13 0
2 14 14 14 0
2 14 14 15 0
2 14 15 0 0
2 14 15 1 0
2 14 15 2 0
2 14 15 3 0
2 14 15 4 0
2 14 15 5 0
2 14 15 6 0
2 14 15 7 0
2 14 15 8 0
2 14 15 9 0
2 14 15 10 0
2 14 15 11 0
2 14 15 12 0
2 14 15 13 0
2 14 15 14 0
2 14 15 15 0
2 15 0 0 0
2 15 0 1 0
2 15 0 2 0
2 15 0 3 0
2 15 0 4 0
2 15 0 5 0
2 15 0 6 0
2 15 0 7 0
2 15 0 8 0
2 15 0 9 0
2 15 0 10 0
2 15 0 11 0
2 15 0 12 0
2 15 0 13 0
2 15 0 14 0
2 15 0 15 0
2 15 1 0 0
2 15 1 1 0
2 15 1 2 -0.004941648595035663
2 15 1 3 0
2 15 1 4 0
2 15 1 5 0
2 15 1 6 0
2 15 1 7 0
2 15 1 8 0
2 15 1 9 0
2 15 1 10 0
2 15 1 11 7.966578236556782e-05
2 15 1 12 0
2 15 1 13 0
2 15 1 14 -0.000112628817888764
2 15 1 15 0
2 15 2 0 0
2 15 2 1 0.009883297190071326
2 15 2 2 0
2 15 2 3 0
2 15 2 4 0
2 15 2 5 0
2 15 2 6 0
2 15 2 7 0
2 15 2 8 0
2 15 2 9 0
2 15 2 10 0
2 15 2 11 0
2 15 2 12 0
2 15 2 13 0
2 15 2 14 0
2 15 2 15 7.756382703164188e-05
2 15 3 0 0
2 15 3 1 0
2 15 3 2 0
2 15 3 3 0
2 15 3 4 0
2 15 3 5 0
2 15 3 6 0
2 15 3 7 0
2 15 3 8 0
2 15 3 9 0
2 15 3 10 0
2 15 3 11 0
2 15 3 12 0
2 15 3 13 0
2 15 3 14 0
2 15 3 15 0
2 15 4 0 0
2 15 4 1 0
2 15 4 2 0
2 15 4 3 0
2 15 4 4 0
2 15 4 5 0
2 15 4 6 0
2 15 4 7 0
2 15 4 8 0
2 15 4 9 0
2 15 4 10 0
2 15 4 11 0
2 15 4 12 0
2 15 4 13 0
2 15 4 14 0
2 15 4 15 0
2 15 5 0 0
2 15 5 1 0
2 15 5 2 0
2 15 5 3 0
2 15 5 4 0
2 15 5 5 0
2 15 5 6 0
2 15 5 7 0
2 15 5 8 0
2 15 5 9 0
2 15 5 10 0
2 15 5 11 0
2 15 5 12 0
2 15 5 13 0
2 15 5 14 0
2 15 5 15 0
2 15 6 0 0
2 15 6 1 0
2 15 6 2 0
2 15 6 3 0
2 15 6 4 0
2 15 6 5 0
2 15 6 6 0
2 15 6 7 0
2 15 6 8 0
2 15 6 9 0
2 15 6 10 0
2 15 6 11 0
2 15 6 12 0
2 15 6 13 0
2 15 6 14 0
2 15 6 15 0
2 15 7 0 0
2 15 7 1 0
2 15 7 2 0
2 15 7 3 0
2 15 7 4 0
2 15 7 5 0
2 15 7 6 0
2 15 7 7 0
2 15 7 8 0
2 15 7 9 0
2 15 7 10 0
2 15 7 11 0
2 15 7 12 0
2 15 7 13 0
2 15 7 14 0
2 15 7 15 0
2 15 8 0 0
2 15 8 1 0
2 15 8 2 0
2 15 8 3 0
2 15 8 4 0
2 15 8 5 0
2 15 8 6 0
2 15 8 7 0
2 15 8 8 0
2 15 8 9 0
2 15 8 10 0
2 15 8 11 0
2 15 8 12 0
2 15 8 13 0
2 15 8 14 0
2 15 8 15 0
2 15 9 0 0
2 15 9 1 0
2 15 9 2 0
2 15 9 3 0
2 15 9 4 0
2 15 9 5 0
2 15 9 6 0
2 15 9 7 0
2 15 9 8 0
2 15 9 9 0
2 15 9 10 0
2 15 9 11 0
2 15 9 12 0
2 15 9 13 0
2 15 9 14 0
2 15 9 15 0
2 15 10 0 0
2 15 10 1 0
2 15 10 2 0
2 15 10 3 0
2 15 10 4 0
2 15 10 5 0
2 15 10 6 0
2 15 10 7 0
2 15 10 8 0
2 15 10 9 0
2 15 10 10 0
2 15 10 11 0
2 15 10 12 0
2 15 10 13 0
2 15 10 14 0
2 15 10 15 0
2 15 11 0 0
2 15 11 1 -0.0001659109672231864
2 15 11 2 0
2 15 11 3 0
2 15 11 4 0
2 15 11 5 0
2 15 11 6 0
2 15 11 7 0
2 15 11 8 0
2 15 11 9 0
2 15 11 10 0
2 15 11 11 0
2 15 11 12 0
2 15 11 13 0
2 15 11 14 0
2 15 11 15 0
2 15 12 0 0
2 15 12 1 0
2 15 12 2 0
2 15 12 3 0
2 15 12 4 0
2 15 12 5 0
2 15 12 6 0
2 15 12 7 0
2 15 12 8 0
2 15 12 9 0
2 15 12 10 0
2 15 12 11 0
2 15 12 12 0
2 15 12 13 0
2 15 12 14 0
2 15 12 15 0
2 15 13 0 0
2 15 13 1 0
2 15 13 2 0
2 15 13 3 0
2 15 13 4 0
2 15 13 5 0
2 15 13 6 0
2 15 13 7 0
2 15 13 8 0
2 15 13 9 0
2 15 13 10 0
2 15 13 11 0
2 15 13 12 0
2 15 13 13 0
2 15 13 14 0
2 15 13 15 0
2 15 14 0 0
2 15 14 1 0.0002507715733718912
2 15 14 2 0
2 15 14 3 0
2 15 14 4 0
2 15 14 5 0
2 15 14 6 0
2 15 14 7 0
2 15 14 8 0
2 15 14 9 0
2 15 14 10 0
2 15 14 11 0
2 15 14 12 0
2 15 14 13 0
2 15 14 14 0
2 15 14 15 0
2 15 15 0 0
2 15 15 1 0
2 15 15 2 -3.878191351582094e-05
2 15 15 3 0
2 15 15 4 0
2 15 15 5 0
2 15 15 6 0
2 15 15 7 0
2 15 15 8 0
2 15 15 9 0
2 15 15 10 0
2 15 15 11 0
2 15 15 12 0
2 15 15 13 0
2 15 15 14 0
2 15 15 15 0
3 0 0 0 0
3 0 0 1 0
3 0 0 2 0
3 0 0 3 -1.172374953482788
3 0 0 4 0
3 0 0 5 0
3 0 0 6 0
3 0 0 7 0
3 0 0 8 -0.05492390124844247
3 0 0 9 0
3 0 0 10 0
3 0 0 11 0
3 0 0 12 0
3 0 0 13 0
3 0 0 14 0
3 0 0 15 0
3 0 1 0 0
3 0 1 1 0
3 0 1 2 0
3 0 1 3 0
3 0 1 4 0
3 0 1 5 0
3 0 1 6 0
3 0 1 7 0
3 0 1 8 0
3 0 1 9 0
3 0 1 10 0
3 0 1 11 0
3 0 1 12 0
3 0 1 13 0
3 0 1 14 0
3 0 1 15 0
3 0 2 0 0
3 0 2 1 0
3 0 2 2 0
3 0 2 3 4.846435685929626e-05
3 0 2 4 0
3 0 2 5 0
3 0 2 6 0
3 0 2 7 0
3 0 2 8 0
3 0 2 9 0
3 0 2 10 0
3 0 2 11 0
3 0 2 12 0
3 0 2 13 0
3 0 2 14 0
3 0 2 15 0
3 0 3 0 2.344769865810432
3 0 3 1 0
3 0 3 2 -7.063527626323502e-05
3 0 3 3 0
3 0 3 4 0
3 0 3 5 0
3 0 3 6 0
3 0 3 7 0
3 0 3 8 0
3 0 3 9 0
3 0 3 10 0
3 0 3 11 -0.004782626860835075
3 0 3 12 0
3 0 3 13 0
3 0 3 14 0
3 0 3 15 0
3 0 4 0 0
3 0 4 1 0
3 0 4 2 0
3 0 4 3 0
3 0 4 4 0
3 0 4 5 0
3 0 4 6 0
3 0 4 7 0
3 0 4 8 0
3 0 4 9 0
3 0 4 10 0
3 0 4 11 0
3 0 4 12 0
3 0 4 13 0
3 0 4 14 0
3 0 4 15 0
3 0 5 0 0
3 0 5 1 0
3 0 5 2 0
3 0 5 3 0
3 0 5 4 0
3 0 5 5 0
3 0 5 6 0
3 0 5 7 0
3 0 5 8 0
3 0 5 9 0
3 0 5 10 0
3 0 5 11 0
3 0 5 12 0
3 0 5 13 0
3 0 5 14 0
3 0 5 15 0
3 0 6 0 0
3 0 6 1 0
3 0 6 2 0
3 0 6 3 0
3 0 6 4 0
3 0 6 5 0
3 0 6 6 0
3 0 6 7 0
3 0 6 8 0
3 0 6 9 0
3 0 6 10 0
3 0 6 11 0
3 0 6 12 0
3 0 6 13 0
3 0 6 14 0
3 0 6 15 0
3 0 7 0 0
3 0 7 1 0
3 0 7 2 0
3 0 7 3 0
3 0 7 4 0
3 0 7 5 0
3 0 7 6 0
3 0 7 7 0
3 0 7 8 0
3 0 7 9 0
3 0 7 10 0
3 0 7 11 0
3 0 7 12 0
3 0 7 13 0
3 0 7 14 0
3 0 7 15 0
3 0 8 0 0.1098478024968849
3 0 8 1 0
3 0 8 2 0
3 0 8 3 0
3 0 8 4 0
3 0 8 5 0
3 0 8 6 0
3 0 8 7 0
3 0 8 8 0
3 0 8 9 0
3 0 8 10 0
3 0 8 11 0
3 0 8 12 0
3 0 8 13 0
3 0 8 14 0
3 0 8 15 0
3 0 9 0 0
3 0 9 1 0
3 0 9 2 0
3 0 9 3 0
3 0 9 4 0
3 0 9 5 0
3 0 9 6 0
3 0 9 7 0
3 0 9 8 0
3 0 9 9 0
3 0 9 10 0
3 0 9 11 0
3 0 9 12 0
3 0 9 13 0
3 0 9 14 0
3 0 9 15 0
3 0 10 0 0
3 0 10 1 0
3 0 10 2 0
3 0 10 3 0
3 0 10 4 0
3 0 10 5 0
3 0 10 6 0
3 0 10 7 0
3 0 10 8 0
3 0 10 9 0
3 0 10 10 0
3 0 10 11 0
3 0 10 12 0
3 0 10 13 0
3 0 10 14 0
3 0 10 15 0
3 0 11 0 0
3 0 11 1 0
3 0 11 2 0
3 0 11 3 0.003144037293167111
3 0 11 4 0
3 0 11 5 0
3 0 11 6 0
3 0 11 7 0
3 0 11 8 0
3 0 11 9 0
3 0 11 10 0
3 0 11 11 0
3 0 11 12 0
3 0 11 13 0
3 0 11 14 0
3 0 11 15 0
3 0 12 0 0
3 0 12 1 0
3 0 12 2 0
3 0 12 3 0
3 0 12 4 0
3 0 12 5 0
3 0 12 6 0
3 0 12 7 0
3 0 12 8 0
3 0 12 9 0
3 0 12 10 0
3 0 12 11 0
3 0 12 12 0
3 0 12 13 0
3 0 12 14 0
3 0 12 15 0
3 0 13 0 0
3 0 13 1 0
3 0 13 2 0
3 0 13 3 0
3 0 13 4 0
3 0 13 5 0
3 0 13 6 0
3 0 13 7 0
3 0 13 8 0
3 0 13 9 0
3 0 13 10 0
3 0 13 11 0
3 0 13 12 0
3 0 13 13 0
3 0 13 14 0
3 0 13 15 0
3 0 14 0 0
3 0 14 1 0
3 0 14 2 0
3 0 14 3 0
3 0 14 4 0
3 0 14 5 0
3 0 14 6 0
3 0 14 7 0
3 0 14 8 0
3 0 14 9 0
3 0 14 10 0
3 0 14 11 0
3 0 14 12 0
3 0 14 13 0
3 0 14 14 0
3 0 14 15 0
3 0 15 0 0
3 0 15 1 0
3 0 15 2 0
3 0 15 3 0
3 0 15 4 0
3 0 15 5 0
3 0 15 6 0
3 0 15 7 0
3 0 15 8 0
3 0 15 9 0
3 0 15 10 0
3 0 15 11 0
3 0 15 12 0
3 0 15 13 0
3 0 15 14 0
3 0 15 15 0
3 1 0 0 0
3 1 0 1 0
3 1 0 2 0
3 1 0 3 0
3 1 0 4 0
3 1 0 5 0
3 1 0 6 0
3 1 0 7 0
3 1 0 8 0
3 1 0 9 0
3 1 0 10 0
3 1 0 11 0
3 1 0 12 0
3 1 0 13 0
3 1 0 14 0
3 1 0 15 0
3 1 1 0 0
3 1 1 1 0
3 1 1 2 0
3 1 1 3 -1.172387589583247
3 1 1 4 0
3 1 1 5 0
3 1 1 6 0
3 1 1 7 0
3 1 1 8 -0.05492390124844247
3 1 1 9 0
3 1 1 10 0
3 1 1 11 0
3 1 1 12 0
3 1 1 13 0
3 1 1 14 0
3 1 1 15 0
3 1 2 0 0
3 1 2 1 0
3 1 2 2 0
3 1 2 3 0
3 1 2 4 0
3 1 2 5 0
3 1 2 6 0
3 1 2 7 0
3 1 2 8 0
3 1 2 9 0
3 1 2 10 0
3 1 2 11 0
3 1 2 12 0
3 1 2 13 0
3 1 2 14 0
3 1 2 15 0
3 1 3 0 0
3 1 3 1 2.344763544858972
3 1 3 2 0
3 1 3 3 0
3 1 3 4 0
3 1 3 5 0
3 1 3 6 0
3 1 3 7 0
3 1 3 8 0
3 1 3 9 0
3 1 3 10 0
3 1 3 11 0
3 1 3 12 0
3 1 3 13 0
3 1 3 14 0
3 1 3 15 0.004941648595035663
3 1 4 0 0
3 1 4 1 0
3 1 4 2 0
3 1 4 3 0
3 1 4 4 0
3 1 4 5 0
3 1 4 6 0
3 1 4 7 0
3 1 4 8 0
3 1 4 9 0
3 1 4 10 0
3 1 4 11 0
3 1 4 12 0
3 1 4 13 0
3 1 4 14 0
3 1 4 15 0
3 1 5 0 0
3 1 5 1 0
3 1 5 2 0
3 1 5 3 0
3 1 5 4 0
3 1 5 5 0
3 1 5 6 0
3 1 5 7 0
3 1 5 8 0
3 1 5 9 0
3 1 5 10 0
3 1 5 11 0
3 1 5 12 0
3 1 5 13 0
3 1 5 14 0
3 1 5 15 0
3 1 6 0 0
3 1 6 1 0
3 1 6 2 0
3 1 6 3 0
3 1 6 4 0
3 1 6 5 0
3 1 6 6 0
3 1 6 7 0
3 1 6 8 0
3 1 6 9 0
3 1 6 10 0
3 1 6 11 0
3 1 6 12 0
3 1 6 13 0
3 1 6 14 0
3 1 6 15 0
3 1 7 0 0
3 1 7 1 0
3 1 7 2 0
3 1 7 3 0
3 1 7 4 0
3 1 7 5 0
3 1 7 6 0
3 1 7 7 0
3 1 7 8 0
3 1 7 9 0
3 1 7 10 0
3 1 7 11 0
3 1 7 12 0
3 1 7 13 0
3 1 7 14 0
3 1 7 15 0
3 1 8 0 0
3 1 8 1 0.1098478024968849
3 1 8 2 0
3 1 8 3 0
3 1 8 4 0
3 1 8 5 0
3 1 8 6 0
3 1 8 7 0
3 1 8 8 0
3 1 8 9 0
3 1 8 10 0
3 1 8 11 0
3 1 8 12 0
3 1 8 13 0
3 1 8 14 0
3 1 8 15 0
3 1 9 0 0
3 1 9 1 0
3 1 9 2 0
3 1 9 3 0
3 1 9 4 0
3 1 9 5 0
3 1 9 6 0
3 1 9 7 0
3 1 9 8 0
3 1 9 9 0
3 1 9 10 0
3 1 9 11 0
3 1 9 12 0
3 1 9 13 0
3 1 9 14 0
3 1 9 15 0
3 1 10 0 0
3 1 10 1 0
3 1 10 2 0
3 1 10 3 0
3 1 10 4 0
3 1 10 5 0
3 1 10 6 0
3 1 10 7 0
3 1 10 8 0
3 1 10 9 0
3 1 10 10 0
3 1 10 11 0
3 1 10 12 0
3 1 10 13 0
3 1 10 14 0
3 1 10 15 0
3 1 11 0 0
3 1 11 1 0
3 1 11 2 0
3 1 11 3 0
3 1 11 4 0
3 1 11 5 0
3 1 11 6 0
3 1 11 7 0
3 1 11 8 0
3 1 11 9 0
3 1 11 10 0
3 1 11 11 0
3 1 11 12 0
3 1 11 13 0
3 1 11 14 0
3 1 11 15 0
3 1 12 0 0
3 1 12 1 0
3 1 12 2 0
3 1 12 3 0
3 1 12 4 0
3 1 12 5 0
3 1 12 6 0
3 1 12 7 0
3 1 12 8 0
3 1 12 9 0
3 1 12 10 0
3 1 12 11 0
3 1 12 12 0
3 1 12 13 0
3 1 12 14 0
3 1 12 15 0
3 1 13 0 0
3 1 13 1 0
3 1 13 2 0
3 1 13 3 0
3 1 13 4 0
3 1 13 5 0
3 1 13 6 0
3 1 13 7 0
3 1 13 8 0
3 1 13 9 0
3 1 13 10 0
3 1 13 11 0
3 1 13 12 0
3 1 13 13 0
3 1 13 14 0
3 1 13 15 0
3 1 14 0 0
3 1 14 1 0
3 1 14 2 0
3 1 14 3 0
3 1 14 4 0
3 1 14 5 0
3 1 14 6 0
3 1 14 7 0
3 1 14 8 0
3 1 14 9 0
3 1 14 10 0
3 1 14 11 0
3 1 14 12 0
3 1 14 13 0
3 1 14 14 0
3 1 14 15 0
3 1 15 0 0
3 1 15 1 0
3 1 15 2 0
3 1 15 3 -0.002038057684582475
3 1 15 4 0
3 1 15 5 0
3 1 15 6 0
3 1 15 7 0
3 1 15 8 0
3 1 15 9 0
3 1 15 10 0
3 1 15 11 0
3 1 15 12 0
3 1 15 13 0
3 1 15 14 0
3 1 15 15 0
3 2 0 0 0
3 2 0 1 0
3 2 0 2 0
3 2 0 3 4.846435685929626e-05
3 2 0 4 0
3 2 0 5 0
3 2 0 6 0
3 2 0 7 0
3 2 0 8 0
3 2 0 9 0
3 2 0 10 0
3 2 0 11 0
3 2 0 12 0
3 2 0 13 0
3 2 0 14 0
3 2 0 15 0
3 2 1 0 0
3 2 1 1 0
3 2 1 2 0
3 2 1 3 0
3 2 1 4 0
3 2 1 5 0
3 2 1 6 0
3 2 1 7 0
3 2 1 8 0
3 2 1 9 0
3 2 1 10 0
3 2 1 11 0
3 2 1 12 0
3 2 1 13 0
3 2 1 14 0
3 2 1 15 0
3 2 2 0 0
3 2 2 1 0
3 2 2 2 0
3 2 2 3 -0.9304636064905015
3 2 2 4 0
3 2 2 5 0
3 2 2 6 0
3 2 2 7 0
3 2 2 8 -0.05492390124844247
3 2 2 9 0
3 2 2 10 0
3 2 2 11 0
3 2 2 12 0
3 2 2 13 0
3 2 2 14 0
3 2 2 15 0
3 2 3 0 -7.063527626323502e-05
3 2 3 1 0
3 2 3 2 1.941606518554722
3 2 3 3 0
3 2 3 4 0
3 2 3 5 0
3 2 3 6 0
3 2 3 7 0
3 2 3 8 0
3 2 3 9 0
3 2 3 10 0
3 2 3 11 -0.0109148470248204
3 2 3 12 0
3 2 3 13 0
3 2 3 14 0.01953001870631122
3 2 3 15 0
3 2 4 0 0
3 2 4 1 0
3 2 4 2 0
3 2 4 3 0
3 2 4 4 0
3 2 4 5 0
3 2 4 6 0
3 2 4 7 0
3 2 4 8 0
3 2 4 9 0
3 2 4 10 0
3 2 4 11 0
3 2 4 12 0
3 2 4 13 0
3 2 4 14 0
3 2 4 15 0
3 2 5 0 0
3 2 5 1 0
3 2 5 2 0
3 2 5 3 0
3 2 5 4 0
3 2 5 5 0
3 2 5 6 0
3 2 5 7 0
3 2 5 8 0
3 2 5 9 0
3 2 5 10 0
3 2 5 11 0
3 2 5 12 0
3 2 5 13 0
3 2 5 14 0
3 2 5 15 0
3 2 6 0 0
3 2 6 1 0
3 2 6 2 0
3 2 6 3 0
3 2 6 4 0
3 2 6 5 0
3 2 6 6 0
3 2 6 7 0.04386910148115603
3 2 6 8 0
3 2 6 9 0
3 2 6 10 0
3 2 6 11 0
3 2 6 12 0
3 2 6 13 0
3 2 6 14 0
3 2 6 15 0
3 2 7 0 0
3 2 7 1 0
3 2 7 2 0
3 2 7 3 0
3 2 7 4 0
3 2 7 5 0
3 2 7 6 0.2897867281560397
3 2 7 7 0
3 2 7 8 0
3 2 7 9 0
3 2 7 10 0
3 2 7 11 0
3 2 7 12 0
3 2 7 13 0
3 2 7 14 0
3 2 7 15 0
3 2 8 0 0
3 2 8 1 0
3 2 8 2 0.1098478024968849
3 2 8 3 0
3 2 8 4 0
3 2 8 5 0
3 2 8 6 0
3 2 8 7 0
3 2 8 8 0
3 2 8 9 0
3 2 8 10 0
3 2 8 11 0
3 2 8 12 0
3 2 8 13 0
3 2 8 14 0
3 2 8 15 0
3 2 9 0 0
3 2 9 1 0
3 2 9 2 0
3 2 9 3 0
3 2 9 4 0
3 2 9 5 0
3 2 9 6 0
3 2 9 7 0
3 2 9 8 0
3 2 9 9 0
3 2 9 10 0
3 2 9 11 0
3 2 9 12 0
3 2 9 13 0
3 2 9 14 0
3 2 9 15 0
3 2 10 0 0
3 2 10 1 0
3 2 10 2 0
3 2 10 3 0
3 2 10 4 0
3 2 10 5 0
3 2 10 6 0
3 2 10 7 0
3 2 10 8 0
3 2 10 9 0
3 2 10 10 0
3 2 10 11 0
3 2 10 12 0
3 2 10 13 0
3 2 10 14 0
3 2 10 15 0
3 2 11 0 0
3 2 11 1 0
3 2 11 2 0
3 2 11 3 0.005887315763793921
3 2 11 4 0
3 2 11 5 0
3 2 11 6 0
3 2 11 7 0
3 2 11 8 0
3 2 11 9 0
3 2 11 10 0
3 2 11 11 0
3 2 11 12 0
3 2 11 13 0
3 2 11 14 0
3 2 11 15 0
3 2 12 0 0
3 2 12 1 0
3 2 12 2 0
3 2 12 3 0
3 2 12 4 0
3 2 12 5 0
3 2 12 6 0
3 2 12 7 0
3 2 12 8 0
3 2 12 9 0
3 2 12 10 0
3 2 12 11 0
3 2 12 12 0
3 2 12 13 0
3 2 12 14 0
3 2 12 15 0
3 2 13 0 0
3 2 13 1 0
3 2 13 2 0
3 2 13 3 0
3 2 13 4 0
3 2 13 5 0
3 2 13 6 0
3 2 13 7 0
3 2 13 8 0
3 2 13 9 0
3 2 13 10 0
3 2 13 11 0
3 2 13 12 0
3 2 13 13 0
3 2 13 14 0
3 2 13 15 0
3 2 14 0 0
3 2 14 1 0
3 2 14 2 0
3 2 14 3 -0.01254968506605303
3 2 14 4 0
3 2 14 5 0
3 2 14 6 0
3 2 14 7 0
3 2 14 8 0
3 2 14 9 0
3 2 14 10 0
3 2 14 11 0
3 2 14 12 0
3 2 14 13 0
3 2 14 14 0
3 2 14 15 0
3 2 15 0 0
3 2 15 1 0
3 2 15 2 0
3 2 15 3 0
3 2 15 4 0
3 2 15 5 0
3 2 15 6 0
3 2 15 7 0
3 2 15 8 0
3 2 15 9 0
3 2 15 10 0
3 2 15 11 0
3 2 15 12 0
3 2 15 13 0
3 2 15 14 0
3 2 15 15 0
3 3 0 0 0
3 3 0 1 0
3 3 0 2 0
3 3 0 3 0
3 3 0 4 0
3 3 0 5 0
3 3 0 6 0
3 3 0 7 0
3 3 0 8 0
3 3 0 9 0
3 3 0 10 0
3 3 0 11 0
3 3 0 12 0
3 3 0 13 0
3 3 0 14 0
3 3 0 15 0
3 3 1 0 0
3 3 1 1 0
3 3 1 2 0
3 3 1 3 0
3 3 1 4 0
3 3 1 5 0
3 3 1 6 0
3 3 1 7 0
3 3 1 8 0
3 3 1 9 0
3 3 1 10 0
3 3 1 11 0
3 3 1 12 0
3 3 1 13 0
3 3 1 14 0
3 3 1 15 0
3 3 2 0 0
3 3 2 1 0
3 3 2 2 0
3 3 2 3 0
3 3 2 4 0
3 3 2 5 0
3 3 2 6 0
3 3 2 7 0
3 3 2 8 0
3 3 2 9 0
3 3 2 10 0
3 3 2 11 0
3 3 2 12 0
3 3 2 13 0
3 3 2 14 0
3 3 2 15 0
3 3 3 0 0
3 3 3 1 0
3 3 3 2 0
3 3 3 3 0.7446159246486217
3 3 3 4 0
3 3 3 5 0
3 3 3 6 0
3 3 3 7 0
3 3 3 8 0.03127523934095292
3 3 3 9 0
3 3 3 10 0
3 3 3 11 0
3 3 3 12 0
3 3 3 13 0
3 3 3 14 0
3 3 3 15 0
3 3 4 0 0
3 3 4 1 0
3 3 4 2 0
3 3 4 3 0
3 3 4 4 0
3 3 4 5 0
3 3 4 6 0
3 3 4 7 0
3 3 4 8 0
3 3 4 9 0
3 3 4 10 0
3 3 4 11 0
3 3 4 12 0
3 3 4 13 0
3 3 4 14 0
3 3 4 15 0
3 3 5 0 0
3 3 5 1 0
3 3 5 2 0
3 3 5 3 0
3 3 5 4 0
3 3 5 5 0
3 3 5 6 0
3 3 5 7 0
3 3 5 8 0
3 3 5 9 0
3 3 5 10 0
3 3 5 11 0
3 3 5 12 0
3 3 5 13 0
3 3 5 14 0
3 3 5 15 0
3 3 6 0 0
3 3 6 1 0
3 3 6 2 0
3 3 6 3 0
3 3 6 4 0
3 3 6 5 0
3 3 6 6 -0.4321144821042252
3 3 6 7 0
3 3 6 8 0
3 3 6 9 0
3 3 6 10 0
3 3 6 11 0
3 3 6 12 0
3 3 6 13 -0.02544979173582283
3 3 6 14 0
3 3 6 15 0
3 3 7 0 0
3 3 7 1 0
3 3 7 2 0
3 3 7 3 0
3 3 7 4 0
3 3 7 5 0
3 3 7 6 0
3 3 7 7 0
3 3 7 8 0
3 3 7 9 0
3 3 7 10 0
3 3 7 11 0
3 3 7 12 0
3 3 7 13 0
3 3 7 14 0
3 3 7 15 0
3 3 8 0 0
3 3 8 1 0
3 3 8 2 0
3 3 8 3 0.03127523934095292
3 3 8 4 0
3 3 8 5 0
3 3 8 6 0
3 3 8 7 0
3 3 8 8 0
3 3 8 9 0
3 3 8 10 0
3 3 8 11 0
3 3 8 12 0
3 3 8 13 0
3 3 8 14 0
3 3 8 15 0
3 3 9 0 0
3 3 9 1 0
3 3 9 2 0
3 3 9 3 0
3 3 9 4 0
3 3 9 5 0
3 3 9 6 0
3 3 9 7 0
3 3 9 8 0
3 3 9 9 0
3 3 9 10 0
3 3 9 11 0
3 3 9 12 0
3 3 9 13 0
3 3 9 14 0
3 3 9 15 0
3 3 10 0 0
3 3 10 1 0
3 3 10 2 0
3 3 10 3 0
3 3 10 4 0
3 3 10 5 0
3 3 10 6 0
3 3 10 7 0
3 3 10 8 0
3 3 10 9 0
3 3 10 10 0
3 3 10 11 0
3 3 10 12 0
3 3 10 13 0
3 3 10 14 0
3 3 10 15 0
3 3 11 0 0
3 3 11 1 0
3 3 11 2 0
3 3 11 3 0
3 3 11 4 0
3 3 11 5 0
3 3 11 6 0
3 3 11 7 0
3 3 11 8 0
3 3 11 9 0
3 3 11 10 0
3 3 11 11 0
3 3 11 12 0
3 3 11 13 0
3 3 11 14 0
3 3 11 15 0
3 3 12 0 0
3 3 12 1 0
3 3 12 2 0
3 3 12 3 0
3 3 12 4 0
3 3 12 5 0
3 3 12 6 0
3 3 12 7 0
3 3 12 8 0
3 3 12 9 0
3 3 12 10 0
3 3 12 11 0
3 3 12 12 0
3 3 12 13 0
3 3 12 14 0
3 3 12 15 0
3 3 13 0 0
3 3 13 1 0
3 3 13 2 0
3 3 13 3 0
3 3 13 4 0
3 3 13 5 0
3 3 13 6 -0.02544979173582283
3 3 13 7 0
3 3 13 8 0
3 3 13 9 0
3 3 13 10 0
3 3 13 11 0
3 3 13 12 0
3 3 13 13 0
3 3 13 14 0
3 3 13 15 0
3 3 14 0 0
3 3 14 1 0
3 3 14 2 0
3 3 14 3 0
3 3 14 4 0
3 3 14 5 0
3 3 14 6 0
3 3 14 7 0
3 3 14 8 0
3 3 14 9 0
3 3 14 10 0
3 3 14 11 0
3 3 14 12 0
3 3 14 13 0
3 3 14 14 0
3 3 14 15 0
3 3 15 0 0
3 3 15 1 0
3 3 15 2 0
3 3 15 3 0
3 3 15 4 0
3 3 15 5 0
3 3 15 6 0
3 3 15 7 0
3 3 15 8 0
3 3 15 9 0
3 3 15 10 0
3 3 15 11 0
3 3 15 12 0
3 3 15 13 0
3 3 15 14 0
3 3 15 15 0
3 4 0 0 0
3 4 0 1 0
3 4 0 2 0
3 4 0 3 0
3 4 0 4 0
3 4 0 5 0
3 4 0 6 0
3 4 0 7 0
3 4 0 8 0
3 4 0 9 0
3 4 0 10 0
3 4 0 11 0
3 4 0 12 0
3 4 0 13 0
3 4 0 14 0
3 4 0 15 0
3 4 1 0 0
3 4 1 1 0
3 4 1 2 0
3 4 1 3 0
3 4 1 4 0
3 4 1 5 0
3 4 1 6 0
3 4 1 7 0
3 4 1 8 0
3 4 1 9 0
3 4 1 10 0
3 4 1 11 0
3 4 1 12 0
3 4 1 13 0
3 4 1 14 0
3 4 1 15 0
3 4 2 0 0
3 4 2 1 0
3 4 2 2 0
3 4 2 3 0
3 4 2 4 0
3 4 2 5 0
3 4 2 6 0
3 4 2 7 0
3 4 2 8 0
3 4 2 9 0
3 4 2 10 0
3 4 2 11 0
3 4 2 12 0
3 4 2 13 0
3 4 2 14 0
3 4 2 15 0
3 4 3 0 0
3 4 3 1 0
3 4 3 2 0
3 4 3 3 0
3 4 3 4 1.338264182204935
3 4 3 5 0
3 4 3 6 0
3 4 3 7 0
3 4 3 8 0
3 4 3 9 0.06685124373420129
3 4 3 10 0
3 4 3 11 0
3 4 3 12 0
3 4 3 13 0
3 4 3 14 0
3 4 3 15 0
3 4 4 0 0
3 4 4 1 0
3 4 4 2 0
3 4 4 3 -0.4448478237593216
3 4 4 4 0
3 4 4 5 0
3 4 4 6 0
3 4 4 7 0
3 4 4 8 -0.02899762150283109
3 4 4 9 0
3 4 4 10 0
3 4 4 11 0
3 4 4 12 0
3 4 4 13 0
3 4 4 14 0
3 4 4 15 0
3 4 5 0 0
3 4 5 1 0
3 4 5 2 0
3 4 5 3 0
3 4 5 4 0
3 4 5 5 0
3 4 5 6 -0.4917477994333264
3 4 5 7 0
3 4 5 8 0
3 4 5 9 0
3 4 5 10 0
3 4 5 11 0
3 4 5 12 0
3 4 5 13 -0.02497814752670067
3 4 5 14 0
3 4 5 15 0
3 4 6 0 0
3 4 6 1 0
3 4 6 2 0
3 4 6 3 0
3 4 6 4 0
3 4 6 5 0.09533607817175976
3 4 6 6 0
3 4 6 7 0
3 4 6 8 0
3 4 6 9 0
3 4 6 10 0
3 4 6 11 0
3 4 6 12 -0.002595996656309945
3 4 6 13 0
3 4 6 14 0
3 4 6 15 0
3 4 7 0 0
3 4 7 1 0
3 4 7 2 0
3 4 7 3 0
3 4 7 4 0
3 4 7 5 0
3 4 7 6 0
3 4 7 7 0
3 4 7 8 0
3 4 7 9 0
3 4 7 10 0
3 4 7 11 0
3 4 7 12 0
3 4 7 13 0
3 4 7 14 0
3 4 7 15 0
3 4 8 0 0
3 4 8 1 0
3 4 8 2 0
3 4 8 3 0
3 4 8 4 0.07227090167794702
3 4 8 5 0
3 4 8 6 0
3 4 8 7 0
3 4 8 8 0
3 4 8 9 0
3 4 8 10 0
3 4 8 11 0
3 4 8 12 0
3 4 8 13 0
3 4 8 14 0
3 4 8 15 0
3 4 9 0 0
3 4 9 1 0
3 4 9 2 0
3 4 9 3 -0.02840868137048629
3 4 9 4 0
3 4 9 5 0
3 4 9 6 0
3 4 9 7 0
3 4 9 8 0
3 4 9 9 0
3 4 9 10 0
3 4 9 11 0
3 4 9 12 0
3 4 9 13 0
3 4 9 14 0
3 4 9 15 0
3 4 10 0 0
3 4 10 1 0
3 4 10 2 0
3 4 10 3 0
3 4 10 4 0
3 4 10 5 0
3 4 10 6 0
3 4 10 7 0
3 4 10 8 0
3 4 10 9 0
3 4 10 10 0
3 4 10 11 0
3 4 10 12 0
3 4 10 13 0
3 4 10 14 0
3 4 10 15 0
3 4 11 0 0
3 4 11 1 0
3 4 11 2 0
3 4 11 3 0
3 4 11 4 0
3 4 11 5 0
3 4 11 6 0
3 4 11 7 0
3 4 11 8 0
3 4 11 9 0
3 4 11 10 0
3 4 11 11 0
3 4 11 12 0
3 4 11 13 0
3 4 11 14 0
3 4 11 15 0
3 4 12 0 0
3 4 12 1 0
3 4 12 2 0
3 4 12 3 0
3 4 12 4 0
3 4 12 5 0
3 4 12 6 -0.02645973685373743
3 4 12 7 0
3 4 12 8 0
3 4 12 9 0
3 4 12 10 0
3 4 12 11 0
3 4 12 12 0
3 4 12 13 0
3 4 12 14 0
3 4 12 15 0
3 4 13 0 0
3 4 13 1 0
3 4 13 2 0
3 4 13 3 0
3 4 13 4 0
3 4 13 5 -0.005836306089805395
3 4 13 6 0
3 4 13 7 0
3 4 13 8 0
3 4 13 9 0
3 4 13 10 0
3 4 13 11 0
3 4 13 12 0
3 4 13 13 0
3 4 13 14 0
3 4 13 15 0
3 4 14 0 0
3 4 14 1 0
3 4 14 2 0
3 4 14 3 0
3 4 14 4 0
3 4 14 5 0
3 4 14 6 0
3 4 14 7 0
3 4 14 8 0
3 4 14 9 0
3 4 14 10 0
3 4 14 11 0
3 4 14 12 0
3 4 14 13 0
3 4 14 14 0
3 4 14 15 0
3 4 15 0 0
3 4 15 1 0
3 4 15 2 0
3 4 15 3 0
3 4 15 4 0
3 4 15 5 0
3 4 15 6 0
3 4 15 7 0
3 4 15 8 0
3 4 15 9 0
3 4 15 10 0
3 4 15 11 0
3 4 15 12 0
3 4 15 13 0
3 4 15 14 0
3 4 15 15 0
3 5 0 0 0
3 5 0 1 0
3 5 0 2 0
3 5 0 3 0
3 5 0 4 0
3 5 0 5 0
3 5 0 6 0
3 5 0 7 0
3 5 0 8 0
3 5 0 9 0
3 5 0 10 0
3 5 0 11 0
3 5 0 12 0
3 5 0 13 0
3 5 0 14 0
3 5 0 15 0
3 5 1 0 0
3 5 1 1 0
3 5 1 2 0
3 5 1 3 0
3 5 1 4 0
3 5 1 5 0
3 5 1 6 0
3 5 1 7 0
3 5 1 8 0
3 5 1 9 0
3 5 1 10 0
3 5 1 11 0
3 5 1 12 0
3 5 1 13 0
3 5 1 14 0
3 5 1 15 0
3 5 2 0 0
3 5 2 1 0
3 5 2 2 0
3 5 2 3 0
3 5 2 4 0
3 5 2 5 0
3 5 2 6 0
3 5 2 7 0
3 5 2 8 0
3 5 2 9 0
3 5 2 10 0
3 5 2 11 0
3 5 2 12 0
3 5 2 13 0
3 5 2 14 0
3 5 2 15 0
3 5 3 0 0
3 5 3 1 0
3 5 3 2 0
3 5 3 3 0
3 5 3 4 0
3 5 3 5 0.9972010197010736
3 5 3 6 0
3 5 3 7 0
3 5 3 8 0
3 5 3 9 0
3 5 3 10 0
3 5 3 11 0
3 5 3 12 0.0555143969482341
3 5 3 13 0
3 5 3 14 0
3 5 3 15 0
3 5 4 0 0
3 5 4 1 0
3 5 4 2 0
3 5 4 3 0
3 5 4 4 0
3 5 4 5 0
3 5 4 6 -0.7063671547788607
3 5 4 7 0
3 5 4 8 0
3 5 4 9 0
3 5 4 10 0
3 5 4 11 0
3 5 4 12 0
3 5 4 13 -0.04643769698372824
3 5 4 14 0
3 5 4 15 0
3 5 5 0 0
3 5 5 1 0
3 5 5 2 0
3 5 5 3 0.03090891343267976
3 5 5 4 0
3 5 5 5 0
3 5 5 6 0
3 5 5 7 0
3 5 5 8 0.01626319902256692
3 5 5 9 0
3 5 5 10 0
3 5 5 11 0
3 5 5 12 0
3 5 5 13 0
3 5 5 14 0
3 5 5 15 0
3 5 6 0 0
3 5 6 1 0
3 5 6 2 0
3 5 6 3 0
3 5 6 4 -0.1919204991442376
3 5 6 5 0
3 5 6 6 0
3 5 6 7 0
3 5 6 8 0
3 5 6 9 -0.01824037086050443
3 5 6 10 0
3 5 6 11 0
3 5 6 12 0
3 5 6 13 0
3 5 6 14 0
3 5 6 15 0
3 5 7 0 0
3 5 7 1 0
3 5 7 2 0
3 5 7 3 0
3 5 7 4 0
3 5 7 5 0
3 5 7 6 0
3 5 7 7 0
3 5 7 8 0
3 5 7 9 0
3 5 7 10 0
3 5 7 11 0
3 5 7 12 0
3 5 7 13 0
3 5 7 14 0
3 5 7 15 0
3 5 8 0 0
3 5 8 1 0
3 5 8 2 0
3 5 8 3 0
3 5 8 4 0
3 5 8 5 0.03757690081893793
3 5 8 6 0
3 5 8 7 0
3 5 8 8 0
3 5 8 9 0
3 5 8 10 0
3 5 8 11 0
3 5 8 12 0
3 5 8 13 0
3 5 8 14 0
3 5 8 15 0
3 5 9 0 0
3 5 9 1 0
3 5 9 2 0
3 5 9 3 0
3 5 9 4 0
3 5 9 5 0
3 5 9 6 -0.02578475391461429
3 5 9 7 0
3 5 9 8 0
3 5 9 9 0
3 5 9 10 0
3 5 9 11 0
3 5 9 12 0
3 5 9 13 0
3 5 9 14 0
3 5 9 15 0
3 5 10 0 0
3 5 10 1 0
3 5 10 2 0
3 5 10 3 0
3 5 10 4 0
3 5 10 5 0
3 5 10 6 0
3 5 10 7 0
3 5 10 8 0
3 5 10 9 0
3 5 10 10 0
3 5 10 11 0
3 5 10 12 0
3 5 10 13 0
3 5 10 14 0
3 5 10 15 0
3 5 11 0 0
3 5 11 1 0
3 5 11 2 0
3 5 11 3 0
3 5 11 4 0
3 5 11 5 0
3 5 11 6 0
3 5 11 7 0
3 5 11 8 0
3 5 11 9 0
3 5 11 10 0
3 5 11 11 0
3 5 11 12 0
3 5 11 13 0
3 5 11 14 0
3 5 11 15 0
3 5 12 0 0
3 5 12 1 0
3 5 12 2 0
3 5 12 3 -0.004358385540017612
3 5 12 4 0
3 5 12 5 0
3 5 12 6 0
3 5 12 7 0
3 5 12 8 0
3 5 12 9 0
3 5 12 10 0
3 5 12 11 0
3 5 12 12 0
3 5 12 13 0
3 5 12 14 0
3 5 12 15 0
3 5 13 0 0
3 5 13 1 0
3 5 13 2 0
3 5 13 3 0
3 5 13 4 -0.003340075069058372
3 5 13 5 0
3 5 13 6 0
3 5 13 7 0
3 5 13 8 0
3 5 13 9 0
3 5 13 10 0
3 5 13 11 0
3 5 13 12 0
3 5 13 13 0
3 5 13 14 0
3 5 13 15 0
3 5 14 0 0
3 5 14 1 0
3 5 14 2 0
3 5 14 3 0
3 5 14 4 0
3 5 14 5 0
3 5 14 6 0
3 5 14 7 0
3 5 14 8 0
3 5 14 9 0
3 5 14 10 0
3 5 14 11 0
3 5 14 12 0
3 5 14 13 0
3 5 14 14 0
3 5 14 15 0
3 5 15 0 0
3 5 15 1 0
3 5 15 2 0
3 5 15 3 0
3 5 15 4 0
3 5 15 5 0
3 5 15 6 0
3 5 15 7 0
3 5 15 8 0
3 5 15 9 0
3 5 15 10 0
3 5 15 11 0
3 5 15 12 0
3 5 15 13 0
3 5 15 14 0
3 5 15 15 0
3 6 0 0 0
3 6 0 1 0
3 6 0 2 0
3 6 0 3 0
3 6 0 4 0
3 6 0 5 0
3 6 0 6 0
3 6 0 7 0
3 6 0 8 0
3 6 0 9 0
3 6 0 10 0
3 6 0 11 0
3 6 0 12 0
3 6 0 13 0
3 6 0 14 0
3 6 0 15 0
3 6 1 0 0
3 6 1 1 0
3 6 1 2 0
3 6 1 3 0
3 6 1 4 0
3 6 1 5 0
3 6 1 6 0
3 6 1 7 0
3 6 1 8 0
3 6 1 9 0
3 6 1 10 0
3 6 1 11 0
3 6 1 12 0
3 6 1 13 0
3 6 1 14 0
3 6 1 15 0
3 6 2 0 0
3 6 2 1 0
3 6 2 2 0
3 6 2 3 0
3 6 2 4 0
3 6 2 5 0
3 6 2 6 0
3 6 2 7 0
3 6 2 8 0
3 6 2 9 0
3 6 2 10 0
3 6 2 11 0
3 6 2 12 0
3 6 2 13 0
3 6 2 14 0
3 6 2 15 0
3 6 3 0 0
3 6 3 1 0
3 6 3 2 0
3 6 3 3 0
3 6 3 4 0
3 6 3 5 0
3 6 3 6 0.4244390850082596
3 6 3 7 0
3 6 3 8 0
3 6 3 9 0
3 6 3 10 0
3 6 3 11 0
3 6 3 12 0
3 6 3 13 0.02006812266186633
3 6 3 14 0
3 6 3 15 0
3 6 4 0 0
3 6 4 1 0
3 6 4 2 0
3 6 4 3 0
3 6 4 4 0
3 6 4 5 0
3 6 4 6 0
3 6 4 7 0
3 6 4 8 0
3 6 4 9 0
3 6 4 10 0
3 6 4 11 0
3 6 4 12 0
3 6 4 13 0
3 6 4 14 0
3 6 4 15 0
3 6 5 0 0
3 6 5 1 0
3 6 5 2 0
3 6 5 3 0
3 6 5 4 0
3 6 5 5 0
3 6 5 6 0
3 6 5 7 0
3 6 5 8 0
3 6 5 9 0
3 6 5 10 0
3 6 5 11 0
3 6 5 12 0
3 6 5 13 0
3 6 5 14 0
3 6 5 15 0
3 6 6 0 0
3 6 6 1 0
3 6 6 2 0
3 6 6 3 -0.3703710467995933
3 6 6 4 0
3 6 6 5 0
3 6 6 6 0
3 6 6 7 0
3 6 6 8 -0.01854081686068875
3 6 6 9 0
3 6 6 10 0
3 6 6 11 0
3 6 6 12 0
3 6 6 13 0
3 6 6 14 0
3 6 6 15 0
3 6 7 0 0
3 6 7 1 0
3 6 7 2 0
3 6 7 3 0
3 6 7 4 0
3 6 7 5 0
3 6 7 6 0
3 6 7 7 0
3 6 7 8 0
3 6 7 9 0
3 6 7 10 0
3 6 7 11 0
3 6 7 12 0
3 6 7 13 0
3 6 7 14 0
3 6 7 15 0
3 6 8 0 0
3 6 8 1 0
3 6 8 2 0
3 6 8 3 0
3 6 8 4 0
3 6 8 5 0
3 6 8 6 0.02364866190748955
3 6 8 7 0
3 6 8 8 0
3 6 8 9 0
3 6 8 10 0
3 6 8 11 0
3 6 8 12 0
3 6 8 13 0
3 6 8 14 0
3 6 8 15 0
3 6 9 0 0
3 6 9 1 0
3 6 9 2 0
3 6 9 3 0
3 6 9 4 0
3 6 9 5 0
3 6 9 6 0
3 6 9 7 0
3 6 9 8 0
3 6 9 9 0
3 6 9 10 0
3 6 9 11 0
3 6 9 12 0
3 6 9 13 0
3 6 9 14 0
3 6 9 15 0
3 6 10 0 0
3 6 10 1 0
3 6 10 2 0
3 6 10 3 0
3 6 10 4 0
3 6 10 5 0
3 6 10 6 0
3 6 10 7 0
3 6 10 8 0
3 6 10 9 0
3 6 10 10 0
3 6 10 11 0
3 6 10 12 0
3 6 10 13 0
3 6 10 14 0
3 6 10 15 0
3 6 11 0 0
3 6 11 1 0
3 6 11 2 0
3 6 11 3 0
3 6 11 4 0
3 6 11 5 0
3 6 11 6 0
3 6 11 7 0
3 6 11 8 0
3 6 11 9 0
3 6 11 10 0
3 6 11 11 0
3 6 11 12 0
3 6 11 13 0
3 6 11 14 0
3 6 11 15 0
3 6 12 0 0
3 6 12 1 0
3 6 12 2 0
3 6 12 3 0
3 6 12 4 0
3 6 12 5 0
3 6 12 6 0
3 6 12 7 0
3 6 12 8 0
3 6 12 9 0
3 6 12 10 0
3 6 12 11 0
3 6 12 12 0
3 6 12 13 0
3 6 12 14 0
3 6 12 15 0
3 6 13 0 0
3 6 13 1 0
3 6 13 2 0
3 6 13 3 -0.02176879762947791
3 6 13 4 0
3 6 13 5 0
3 6 13 6 0
3 6 13 7 0
3 6 13 8 0
3 6 13 9 0
3 6 13 10 0
3 6 13 11 0
3 6 13 12 0
3 6 13 13 0
3 6 13 14 0
3 6 13 15 0
3 6 14 0 0
3 6 14 1 0
3 6 14 2 0
3 6 14 3 0
3 6 14 4 0
3 6 14 5 0
3 6 14 6 0
3 6 14 7 0
3 6 14 8 0
3 6 14 9 0
3 6 14 10 0
3 6 14 11 0
3 6 14 12 0
3 6 14 13 0
3 6 14 14 0
3 6 14 15 0
3 6 15 0 0
3 6 15 1 0
3 6 15 2 0
3 6 15 3 0
3 6 15 4 0
3 6 15 5 0
3 6 15 6 0
3 6 15 7 0
3 6 15 8 0
3 6 15 9 0
3 6 15 10 0
3 6 15 11 0
3 6 15 12 0
3 6 15 13 0
3 6 15 14 0
3 6 15 15 0
3 7 0 0 0
3 7 0 1 0
3 7 0 2 0
3 7 0 3 0
3 7 0 4 0
3 7 0 5 0
3 7 0 6 0
3 7 0 7 0
3 7 0 8 0
3 7 0 9 0
3 7 0 10 0
3 7 0 11 0
3 7 0 12 0
3 7 0 13 0
3 7 0 14 0
3 7 0 15 0
3 7 1 0 0
3 7 1 1 0
3 7 1 2 0
3 7 1 3 0
3 7 1 4 0
3 7 1 5 0
3 7 1 6 0
3 7 1 7 0
3 7 1 8 0
3 7 1 9 0
3 7 1 10 0
3 7 1 11 0
3 7 1 12 0
3 7 1 13 0
3 7 1 14 0
3 7 1 15 0
3 7 2 0 0
3 7 2 1 0
3 7 2 2 0
3 7 2 3 0
3 7 2 4 0
3 7 2 5 0
3 7 2 6 0.2906530195469535
3 7 2 7 0
3 7 2 8 0
3 7 2 9 0
3 7 2 10 0
3 7 2 11 0
3 7 2 12 0
3 7 2 13 0.01994089248612114
3 7 2 14 0
3 7 2 15 0
3 7 3 0 0
3 7 3 1 0
3 7 3 2 0
3 7 3 3 0
3 7 3 4 0
3 7 3 5 0
3 7 3 6 0
3 7 3 7 0.4023366099373955
3 7 3 8 0
3 7 3 9 0
3 7 3 10 0
3 7 3 11 0
3 7 3 12 0
3 7 3 13 0
3 7 3 14 0
3 7 3 15 0
3 7 4 0 0
3 7 4 1 0
3 7 4 2 0
3 7 4 3 0
3 7 4 4 0
3 7 4 5 0
3 7 4 6 0
3 7 4 7 0
3 7 4 8 0
3 7 4 9 0
3 7 4 10 0
3 7 4 11 0
3 7 4 12 0
3 7 4 13 0
3 7 4 14 0
3 7 4 15 0
3 7 5 0 0
3 7 5 1 0
3 7 5 2 0
3 7 5 3 0
3 7 5 4 0
3 7 5 5 0
3 7 5 6 0
3 7 5 7 0
3 7 5 8 0
3 7 5 9 0
3 7 5 10 0
3 7 5 11 0
3 7 5 12 0
3 7 5 13 0
3 7 5 14 0
3 7 5 15 0
3 7 6 0 0
3 7 6 1 0
3 7 6 2 -0.01579642600487764
3 7 6 3 0
3 7 6 4 0
3 7 6 5 0
3 7 6 6 0
3 7 6 7 0
3 7 6 8 0
3 7 6 9 0
3 7 6 10 0
3 7 6 11 -0.0009005896282465219
3 7 6 12 0
3 7 6 13 0
3 7 6 14 0.002127591251836776
3 7 6 15 0
3 7 7 0 0
3 7 7 1 0
3 7 7 2 0
3 7 7 3 -0.1985725067538414
3 7 7 4 0
3 7 7 5 0
3 7 7 6 0
3 7 7 7 0
3 7 7 8 0
3 7 7 9 0
3 7 7 10 0
3 7 7 11 0
3 7 7 12 0
3 7 7 13 0
3 7 7 14 0
3 7 7 15 0
3 7 8 0 0
3 7 8 1 0
3 7 8 2 0
3 7 8 3 0
3 7 8 4 0
3 7 8 5 0
3 7 8 6 0
3 7 8 7 0
3 7 8 8 0
3 7 8 9 0
3 7 8 10 0
3 7 8 11 0
3 7 8 12 0
3 7 8 13 0
3 7 8 14 0
3 7 8 15 0
3 7 9 0 0
3 7 9 1 0
3 7 9 2 0
3 7 9 3 0
3 7 9 4 0
3 7 9 5 0
3 7 9 6 0
3 7 9 7 0
3 7 9 8 0
3 7 9 9 0
3 7 9 10 0
3 7 9 11 0
3 7 9 12 0
3 7 9 13 0
3 7 9 14 0
3 7 9 15 0
3 7 10 0 0
3 7 10 1 0
3 7 10 2 0
3 7 10 3 0
3 7 10 4 0
3 7 10 5 0
3 7 10 6 0
3 7 10 7 0
3 7 10 8 0
3 7 10 9 0
3 7 10 10 0
3 7 10 11 0
3 7 10 12 0
3 7 10 13 0
3 7 10 14 0
3 7 10 15 0
3 7 11 0 0
3 7 11 1 0
3 7 11 2 0
3 7 11 3 0
3 7 11 4 0
3 7 11 5 0
3 7 11 6 -0.002521246628625187
3 7 11 7 0
3 7 11 8 0
3 7 11 9 0
3 7 11 10 0
3 7 11 11 0
3 7 11 12 0
3 7 11 13 0
3 7 11 14 0
3 7 11 15 0
3 7 12 0 0
3 7 12 1 0
3 7 12 2 0
3 7 12 3 0
3 7 12 4 0
3 7 12 5 0
3 7 12 6 0
3 7 12 7 0
3 7 12 8 0
3 7 12 9 0
3 7 12 10 0
3 7 12 11 0
3 7 12 12 0
3 7 12 13 0
3 7 12 14 0
3 7 12 15 0
3 7 13 0 0
3 7 13 1 0
3 7 13 2 -0.005736897125228525
3 7 13 3 0
3 7 13 4 0
3 7 13 5 0
3 7 13 6 0
3 7 13 7 0
3 7 13 8 0
3 7 13 9 0
3 7 13 10 0
3 7 13 11 0
3 7 13 12 0
3 7 13 13 0
3 7 13 14 0
3 7 13 15 0
3 7 14 0 0
3 7 14 1 0
3 7 14 2 0
3 7 14 3 0
3 7 14 4 0
3 7 14 5 0
3 7 14 6 0.005984087163049588
3 7 14 7 0
3 7 14 8 0
3 7 14 9 0
3 7 14 10 0
3 7 14 11 0
3 7 14 12 0
3 7 14 13 0
3 7 14 14 0
3 7 14 15 0
3 7 15 0 0
3 7 15 1 0
3 7 15 2 0
3 7 15 3 0
3 7 15 4 0
3 7 15 5 0
3 7 15 6 0
3 7 15 7 0
3 7 15 8 0
3 7 15 9 0
3 7 15 10 0
3 7 15 11 0
3 7 15 12 0
3 7 15 13 0
3 7 15 14 0
3 7 15 15 0
3 8 0 0 0
3 8 0 1 0
3 8 0 2 0
3 8 0 3 0
3 8 0 4 0
3 8 0 5 0
3 8 0 6 0
3 8 0 7 0
3 8 0 8 0
3 8 0 9 0
3 8 0 10 0
3 8 0 11 0
3 8 0 12 0
3 8 0 13 0
3 8 0 14 0
3 8 0 15 0
3 8 1 0 0
3 8 1 1 0
3 8 1 2 0
3 8 1 3 0
3 8 1 4 0
3 8 1 5 0
3 8 1 6 0
3 8 1 7 0
3 8 1 8 0
3 8 1 9 0
3 8 1 10 0
3 8 1 11 0
3 8 1 12 0
3 8 1 13 0
3 8 1 14 0
3 8 1 15 0
3 8 2 0 0
3 8 2 1 0
3 8 2 2 0
3 8 2 3 0
3 8 2 4 0
3 8 2 5 0
3 8 2 6 0
3 8 2 7 0
3 8 2 8 0
3 8 2 9 0
3 8 2 10 0
3 8 2 11 0
3 8 2 12 0
3 8 2 13 0
3 8 2 14 0
3 8 2 15 0
3 8 3 0 0
3 8 3 1 0
3 8 3 2 0
3 8 3 3 0.03127523934095292
3 8 3 4 0
3 8 3 5 0
3 8 3 6 0
3 8 3 7 0
3 8 3 8 0.001884052685843338
3 8 3 9 0
3 8 3 10 0
3 8 3 11 0
3 8 3 12 0
3 8 3 13 0
3 8 3 14 0
3 8 3 15 0
3 8 4 0 0
3 8 4 1 0
3 8 4 2 0
3 8 4 3 0
3 8 4 4 0
3 8 4 5 0
3 8 4 6 0
3 8 4 7 0
3 8 4 8 0
3 8 4 9 0
3 8 4 10 0
3 8 4 11 0
3 8 4 12 0
3 8 4 13 0
3 8 4 14 0
3 8 4 15 0
3 8 5 0 0
3 8 5 1 0
3 8 5 2 0
3 8 5 3 0
3 8 5 4 0
3 8 5 5 0
3 8 5 6 0
3 8 5 7 0
3 8 5 8 0
3 8 5 9 0
3 8 5 10 0
3 8 5 11 0
3 8 5 12 0
3 8 5 13 0
3 8 5 14 0
3 8 5 15 0
3 8 6 0 0
3 8 6 1 0
3 8 6 2 0
3 8 6 3 0
3 8 6 4 0
3 8 6 5 0
3 8 6 6 -0.02076009856260707
3 8 6 7 0
3 8 6 8 0
3 8 6 9 0
3 8 6 10 0
3 8 6 11 0
3 8 6 12 0
3 8 6 13 -0.001688249468455308
3 8 6 14 0
3 8 6 15 0
3 8 7 0 0
3 8 7 1 0
3 8 7 2 0
3 8 7 3 0
3 8 7 4 0
3 8 7 5 0
3 8 7 6 0
3 8 7 7 0
3 8 7 8 0
3 8 7 9 0
3 8 7 10 0
3 8 7 11 0
3 8 7 12 0
3 8 7 13 0
3 8 7 14 0
3 8 7 15 0
3 8 8 0 0
3 8 8 1 0
3 8 8 2 0
3 8 8 3 0.001884052685843339
3 8 8 4 0
3 8 8 5 0
3 8 8 6 0
3 8 8 7 0
3 8 8 8 0
3 8 8 9 0
3 8 8 10 0
3 8 8 11 0
3 8 8 12 0
3 8 8 13 0
3 8 8 14 0
3 8 8 15 0
3 8 9 0 0
3 8 9 1 0
3 8 9 2 0
3 8 9 3 0
3 8 9 4 0
3 8 9 5 0
3 8 9 6 0
3 8 9 7 0
3 8 9 8 0
3 8 9 9 0
3 8 9 10 0
3 8 9 11 0
3 8 9 12 0
3 8 9 13 0
3 8 9 14 0
3 8 9 15 0
3 8 10 0 0
3 8 10 1 0
3 8 10 2 0
3 8 10 3 0
3 8 10 4 0
3 8 10 5 0
3 8 10 6 0
3 8 10 7 0
3 8 10 8 0
3 8 10 9 0
3 8 10 10 0
3 8 10 11 0
3 8 10 12 0
3 8 10 13 0
3 8 10 14 0
3 8 10 15 0
3 8 11 0 0
3 8 11 1 0
3 8 11 2 0
3 8 11 3 0
3 8 11 4 0
3 8 11 5 0
3 8 11 6 0
3 8 11 7 0
3 8 11 8 0
3 8 11 9 0
3 8 11 10 0
3 8 11 11 0
3 8 11 12 0
3 8 11 13 0
3 8 11 14 0
3 8 11 15 0
3 8 12 0 0
3 8 12 1 0
3 8 12 2 0
3 8 12 3 0
3 8 12 4 0
3 8 12 5 0
3 8 12 6 0
3 8 12 7 0
3 8 12 8 0
3 8 12 9 0
3 8 12 10 0
3 8 12 11 0
3 8 12 12 0
3 8 12 13 0
3 8 12 14 0
3 8 12 15 0
3 8 13 0 0
3 8 13 1 0
3 8 13 2 0
3 8 13 3 0
3 8 13 4 0
3 8 13 5 0
3 8 13 6 -0.001688249468455308
3 8 13 7 0
3 8 13 8 0
3 8 13 9 0
3 8 13 10 0
3 8 13 11 0
3 8 13 12 0
3 8 13 13 0
3 8 13 14 0
3 8 13 15 0
3 8 14 0 0
3 8 14 1 0
3 8 14 2 0
3 8 14 3 0
3 8 14 4 0
3 8 14 5 0
3 8 14 6 0
3 8 14 7 0
3 8 14 8 0
3 8 14 9 0
3 8 14 10 0
3 8 14 11 0
3 8 14 12 0
3 8 14 13 0
3 8 14 14 0
3 8 14 15 0
3 8 15 0 0
3 8 15 1 0
3 8 15 2 0
3 8 15 3 0
3 8 15 4 0
3 8 15 5 0
3 8 15 6 0
3 8 15 7 0
3 8 15 8 0
3 8 15 9 0
3 8 15 10 0
3 8 15 11 0
3 8 15 12 0
3 8 15 13 0
3 8 15 14 0
3 8 15 15 0
3 9 0 0 0
3 9 0 1 0
3 9 0 2 0
3 9 0 3 0
3 9 0 4 0
3 9 0 5 0
3 9 0 6 0
3 9 0 7 0
3 9 0 8 0
3 9 0 9 0
3 9 0 10 0
3 9 0 11 0
3 9 0 12 0
3 9 0 13 0
3 9 0 14 0
3 9 0 15 0
3 9 1 0 0
3 9 1 1 0
3 9 1 2 0
3 9 1 3 0
3 9 1 4 0
3 9 1 5 0
3 9 1 6 0
3 9 1 7 0
3 9 1 8 0
3 9 1 9 0
3 9 1 10 0
3 9 1 11 0
3 9 1 12 0
3 9 1 13 0
3 9 1 14 0
3 9 1 15 0
3 9 2 0 0
3 9 2 1 0
3 9 2 2 0
3 9 2 3 0
3 9 2 4 0
3 9 2 5 0
3 9 2 6 0
3 9 2 7 0
3 9 2 8 0
3 9 2 9 0
3 9 2 10 0
3 9 2 11 0
3 9 2 12 0
3 9 2 13 0
3 9 2 14 0
3 9 2 15 0
3 9 3 0 0
3 9 3 1 0
3 9 3 2 0
3 9 3 3 0
3 9 3 4 0.06685124373420129
3 9 3 5 0
3 9 3 6 0
3 9 3 7 0
3 9 3 8 0
3 9 3 9 0.004484251455507226
3 9 3 10 0
3 9 3 11 0
3 9 3 12 0
3 9 3 13 0
3 9 3 14 0
3 9 3 15 0
3 9 4 0 0
3 9 4 1 0
3 9 4 2 0
3 9 4 3 -0.02840868137048629
3 9 4 4 0
3 9 4 5 0
3 9 4 6 0
3 9 4 7 0
3 9 4 8 -0.002416825520635798
3 9 4 9 0
3 9 4 10 0
3 9 4 11 0
3 9 4 12 0
3 9 4 13 0
3 9 4 14 0
3 9 4 15 0
3 9 5 0 0
3 9 5 1 0
3 9 5 2 0
3 9 5 3 0
3 9 5 4 0
3 9 5 5 0
3 9 5 6 -0.0276899165105156
3 9 5 7 0
3 9 5 8 0
3 9 5 9 0
3 9 5 10 0
3 9 5 11 0
3 9 5 12 0
3 9 5 13 -0.00148544367804626
3 9 5 14 0
3 9 5 15 0
3 9 6 0 0
3 9 6 1 0
3 9 6 2 0
3 9 6 3 0
3 9 6 4 0
3 9 6 5 0.006350849162978814
3 9 6 6 0
3 9 6 7 0
3 9 6 8 0
3 9 6 9 0
3 9 6 10 0
3 9 6 11 0
3 9 6 12 -0.000154383219060689
3 9 6 13 0
3 9 6 14 0
3 9 6 15 0
3 9 7 0 0
3 9 7 1 0
3 9 7 2 0
3 9 7 3 0
3 9 7 4 0
3 9 7 5 0
3 9 7 6 0
3 9 7 7 0
3 9 7 8 0
3 9 7 9 0
3 9 7 10 0
3 9 7 11 0
3 9 7 12 0
3 9 7 13 0
3 9 7 14 0
3 9 7 15 0
3 9 8 0 0
3 9 8 1 0
3 9 8 2 0
3 9 8 3 0
3 9 8 4 0.004761152818953213
3 9 8 5 0
3 9 8 6 0
3 9 8 7 0
3 9 8 8 0
3 9 8 9 0
3 9 8 10 0
3 9 8 11 0
3 9 8 12 0
3 9 8 13 0
3 9 8 14 0
3 9 8 15 0
3 9 9 0 0
3 9 9 1 0
3 9 9 2 0
3 9 9 3 -0.002399243016673395
3 9 9 4 0
3 9 9 5 0
3 9 9 6 0
3 9 9 7 0
3 9 9 8 0
3 9 9 9 0
3 9 9 10 0
3 9 9 11 0
3 9 9 12 0
3 9 9 13 0
3 9 9 14 0
3 9 9 15 0
3 9 10 0 0
3 9 10 1 0
3 9 10 2 0
3 9 10 3 0
3 9 10 4 0
3 9 10 5 0
3 9 10 6 0
3 9 10 7 0
3 9 10 8 0
3 9 10 9 0
3 9 10 10 0
3 9 10 11 0
3 9 10 12 0
3 9 10 13 0
3 9 10 14 0
3 9 10 15 0
3 9 11 0 0
3 9 11 1 0
3 9 11 2 0
3 9 11 3 0
3 9 11 4 0
3 9 11 5 0
3 9 11 6 0
3 9 11 7 0
3 9 11 8 0
3 9 11 9 0
3 9 11 10 0
3 9 11 11 0
3 9 11 12 0
3 9 11 13 0
3 9 11 14 0
3 9 11 15 0
3 9 12 0 0
3 9 12 1 0
3 9 12 2 0
3 9 12 3 0
3 9 12 4 0
3 9 12 5 0
3 9 12 6 -0.001573553394627723
3 9 12 7 0
3 9 12 8 0
3 9 12 9 0
3 9 12 10 0
3 9 12 11 0
3 9 12 12 0
3 9 12 13 0
3 9 12 14 0
3 9 12 15 0
3 9 13 0 0
3 9 13 1 0
3 9 13 2 0
3 9 13 3 0
3 9 13 4 0
3 9 13 5 -0.0003470835447255225
3 9 13 6 0
3 9 13 7 0
3 9 13 8 0
3 9 13 9 0
3 9 13 10 0
3 9 13 11 0
3 9 13 12 0
3 9 13 13 0
3 9 13 14 0
3 9 13 15 0
3 9 14 0 0
3 9 14 1 0
3 9 14 2 0
3 9 14 3 0
3 9 14 4 0
3 9 14 5 0
3 9 14 6 0
3 9 14 7 0
3 9 14 8 0
3 9 14 9 0
3 9 14 10 0
3 9 14 11 0
3 9 14 12 0
3 9 14 13 0
3 9 14 14 0
3 9 14 15 0
3 9 15 0 0
3 9 15 1 0
3 9 15 2 0
3 9 15 3 0
3 9 15 4 0
3 9 15 5 0
3 9 15 6 0
3 9 15 7 0
3 9 15 8 0
3 9 15 9 0
3 9 15 10 0
3 9 15 11 0
3 9 15 12 0
3 9 15 13 0
3 9 15 14 0
3 9 15 15 0
3 10 0 0 0
3 10 0 1 0
3 10 0 2 0
3 10 0 3 0
3 10 0 4 0
3 10 0 5 0
3 10 0 6 0
3 10 0 7 0
3 10 0 8 0
3 10 0 9 0
3 10 0 10 0
3 10 0 11 0
3 10 0 12 0
3 10 0 13 0
3 10 0 14 0
3 10 0 15 0
3 10 1 0 0
3 10 1 1 0
3 10 1 2 0
3 10 1 3 0
3 10 1 4 0
3 10 1 5 0
3 10 1 6 0
3 10 1 7 0
3 10 1 8 0
3 10 1 9 0
3 10 1 10 0
3 10 1 11 0
3 10 1 12 0
3 10 1 13 0
3 10 1 14 0
3 10 1 15 0
3 10 2 0 0
3 10 2 1 0
3 10 2 2 0
3 10 2 3 0
3 10 2 4 0
3 10 2 5 0
3 10 2 6 0
3 10 2 7 0
3 10 2 8 0
3 10 2 9 0
3 10 2 10 0
3 10 2 11 0
3 10 2 12 0
3 10 2 13 0
3 10 2 14 0
3 10 2 15 0
3 10 3 0 0
3 10 3 1 0
3 10 3 2 0
3 10 3 3 0
3 10 3 4 0
3 10 3 5 0
3 10 3 6 0
3 10 3 7 0
3 10 3 8 0
3 10 3 9 0
3 10 3 10 0
3 10 3 11 0
3 10 3 12 0
3 10 3 13 0
3 10 3 14 0
3 10 3 15 0
3 10 4 0 0
3 10 4 1 0
3 10 4 2 0
3 10 4 3 0
3 10 4 4 0
3 10 4 5 0
3 10 4 6 0
3 10 4 7 0
3 10 4 8 0
3 10 4 9 0
3 10 4 10 0
3 10 4 11 0
3 10 4 12 0
3 10 4 13 0
3 10 4 14 0
3 10 4 15 0
3 10 5 0 0
3 10 5 1 0
3 10 5 2 0
3 10 5 3 0
3 10 5 4 0
3 10 5 5 0
3 10 5 6 0
3 10 5 7 0
3 10 5 8 0
3 10 5 9 0
3 10 5 10 0
3 10 5 11 0
3 10 5 12 0
3 10 5 13 0
3 10 5 14 0
3 10 5 15 0
3 10 6 0 0
3 10 6 1 0
3 10 6 2 0
3 10 6 3 0
3 10 6 4 0
3 10 6 5 0
3 10 6 6 0
3 10 6 7 0
3 10 6 8 0
3 10 6 9 0
3 10 6 10 0
3 10 6 11 0
3 10 6 12 0
3 10 6 13 0
3 10 6 14 0
3 10 6 15 0
3 10 7 0 0
3 10 7 1 0
3 10 7 2 0
3 10 7 3 0
3 10 7 4 0
3 10 7 5 0
3 10 7 6 0
3 10 7 7 0
3 10 7 8 0
3 10 7 9 0
3 10 7 10 0
3 10 7 11 0
3 10 7 12 0
3 10 7 13 0
3 10 7 14 0
3 10 7 15 0
3 10 8 0 0
3 10 8 1 0
3 10 8 2 0
3 10 8 3 0
3 10 8 4 0
3 10 8 5 0
3 10 8 6 0
3 10 8 7 0
3 10 8 8 0
3 10 8 9 0
3 10 8 10 0
3 10 8 11 0
3 10 8 12 0
3 10 8 13 0
3 10 8 14 0
3 10 8 15 0
3 10 9 0 0
3 10 9 1 0
3 10 9 2 0
3 10 9 3 0
3 10 9 4 0
3 10 9 5 0
3 10 9 6 0
3 10 9 7 0
3 10 9 8 0
3 10 9 9 0
3 10 9 10 0
3 10 9 11 0
3 10 9 12 0
3 10 9 13 0
3 10 9 14 0
3 10 9 15 0
3 10 10 0 0
3 10 10 1 0
3 10 10 2 0
3 10 10 3 0
3 10 10 4 0
3 10 10 5 0
3 10 10 6 0
3 10 10 7 0
3 10 10 8 0
3 10 10 9 0
3 10 10 10 0
3 10 10 11 0
3 10 10 12 0
3 10 10 13 0
3 10 10 14 0
3 10 10 15 0
3 10 11 0 0
3 10 11 1 0
3 10 11 2 0
3 10 11 3 0
3 10 11 4 0
3 10 11 5 0
3 10 11 6 0
3 10 11 7 0
3 10 11 8 0
3 10 11 9 0
3 10 11 10 0
3 10 11 11 0
3 10 11 12 0
3 10 11 13 0
3 10 11 14 0
3 10 11 15 0
3 10 12 0 0
3 10 12 1 0
3 10 12 2 0
3 10 12 3 0
3 10 12 4 0
3 10 12 5 0
3 10 12 6 0
3 10 12 7 0
3 10 12 8 0
3 10 12 9 0
3 10 12 10 0
3 10 12 11 0
3 10 12 12 0
3 10 12 13 0
3 10 12 14 0
3 10 12 15 0
3 10 13 0 0
3 10 13 1 0
3 10 13 2 0
3 10 13 3 0
3 10 13 4 0
3 10 13 5 0
3 10 13 6 0
3 10 13 7 0
3 10 13 8 0
3 10 13 9 0
3 10 13 10 0
3 10 13 11 0
3 10 13 12 0
3 10 13 13 0
3 10 13 14 0
3 10 13 15 0
3 10 14 0 0
3 10 14 1 0
3 10 14 2 0
3 10 14 3 0
3 10 14 4 0
3 10 14 5 0
3 10 14 6 0
3 10 14 7 0
3 10 14 8 0
3 10 14 9 0
3 10 14 10 0
3 10 14 11 0
3 10 14 12 0
3 10 14 13 0
3 10 14 14 0
3 10 14 15 0
3 10 15 0 0
3 10 15 1 0
3 10 15 2 0
3 10 15 3 0
3 10 15 4 0
3 10 15 5 0
3 10 15 6 0
3 10 15 7 0
3 10 15 8 0
3 10 15 9 0
3 10 15 10 0
3 10 15 11 0
3 10 15 12 0
3 10 15 13 0
3 10 15 14 0
3 10 15 15 0
3 11 0 0 0
3 11 0 1 0
3 11 0 2 0
3 11 0 3 0.00314403729316711
3 11 0 4 0
3 11 0 5 0
3 11 0 6 0
3 11 0 7 0
3 11 0 8 0.0001904619964152033
3 11 0 9 0
3 11 0 10 0
3 11 0 11 0
3 11 0 12 0
3 11 0 13 0
3 11 0 14 0
3 11 0 15 0
3 11 1 0 0
3 11 1 1 0
3 11 1 2 0
3 11 1 3 0
3 11 1 4 0
3 11 1 5 0
3 11 1 6 0
3 11 1 7 0
3 11 1 8 0
3 11 1 9 0
3 11 1 10 0
3 11 1 11 0
3 11 1 12 0
3 11 1 13 0
3 11 1 14 0
3 11 1 15 0
3 11 2 0 0
3 11 2 1 0
3 11 2 2 0
3 11 2 3 0.005887315763793921
3 11 2 4 0
3 11 2 5 0
3 11 2 6 0
3 11 2 7 0
3 11 2 8 0.0004816932706964118
3 11 2 9 0
3 11 2 10 0
3 11 2 11 0
3 11 2 12 0
3 11 2 13 0
3 11 2 14 0
3 11 2 15 0
3 11 3 0 -0.004782626860835075
3 11 3 1 0
3 11 3 2 -0.0109148470248204
3 11 3 3 0
3 11 3 4 0
3 11 3 5 0
3 11 3 6 0
3 11 3 7 0
3 11 3 8 0
3 11 3 9 0
3 11 3 10 0
3 11 3 11 0.0002293950051942997
3 11 3 12 0
3 11 3 13 0
3 11 3 14 -0.000330678634116843
3 11 3 15 0
3 11 4 0 0
3 11 4 1 0
3 11 4 2 0
3 11 4 3 0
3 11 4 4 0
3 11 4 5 0
3 11 4 6 0
3 11 4 7 0
3 11 4 8 0
3 11 4 9 0
3 11 4 10 0
3 11 4 11 0
3 11 4 12 0
3 11 4 13 0
3 11 4 14 0
3 11 4 15 0
3 11 5 0 0
3 11 5 1 0
3 11 5 2 0
3 11 5 3 0
3 11 5 4 0
3 11 5 5 0
3 11 5 6 0
3 11 5 7 0
3 11 5 8 0
3 11 5 9 0
3 11 5 10 0
3 11 5 11 0
3 11 5 12 0
3 11 5 13 0
3 11 5 14 0
3 11 5 15 0
3 11 6 0 0
3 11 6 1 0
3 11 6 2 0
3 11 6 3 0
3 11 6 4 0
3 11 6 5 0
3 11 6 6 0
3 11 6 7 0.0007842628781144723
3 11 6 8 0
3 11 6 9 0
3 11 6 10 0
3 11 6 11 0
3 11 6 12 0
3 11 6 13 0
3 11 6 14 0
3 11 6 15 0
3 11 7 0 0
3 11 7 1 0
3 11 7 2 0
3 11 7 3 0
3 11 7 4 0
3 11 7 5 0
3 11 7 6 -0.002740636281568164
3 11 7 7 0
3 11 7 8 0
3 11 7 9 0
3 11 7 10 0
3 11 7 11 0
3 11 7 12 0
3 11 7 13 0
3 11 7 14 0
3 11 7 15 0
3 11 8 0 -0.0002859657606227859
3 11 8 1 0
3 11 8 2 -0.0008077422850769408
3 11 8 3 0
3 11 8 4 0
3 11 8 5 0
3 11 8 6 0
3 11 8 7 0
3 11 8 8 0
3 11 8 9 0
3 11 8 10 0
3 11 8 11 0
3 11 8 12 0
3 11 8 13 0
3 11 8 14 0
3 11 8 15 0
3 11 9 0 0
3 11 9 1 0
3 11 9 2 0
3 11 9 3 0
3 11 9 4 0
3 11 9 5 0
3 11 9 6 0
3 11 9 7 0
3 11 9 8 0
3 11 9 9 0
3 11 9 10 0
3 11 9 11 0
3 11 9 12 0
3 11 9 13 0
3 11 9 14 0
3 11 9 15 0
3 11 10 0 0
3 11 10 1 0
3 11 10 2 0
3 11 10 3 0
3 11 10 4 0
3 11 10 5 0
3 11 10 6 0
3 11 10 7 0
3 11 10 8 0
3 11 10 9 0
3 11 10 10 0
3 11 10 11 0
3 11 10 12 0
3 11 10 13 0
3 11 10 14 0
3 11 10 15 0
3 11 11 0 0
3 11 11 1 0
3 11 11 2 0
3 11 11 3 -0.0001304915127412974
3 11 11 4 0
3 11 11 5 0
3 11 11 6 0
3 11 11 7 0
3 11 11 8 0
3 11 11 9 0
3 11 11 10 0
3 11 11 11 0
3 11 11 12 0
3 11 11 13 0
3 11 11 14 0
3 11 11 15 0
3 11 12 0 0
3 11 12 1 0
3 11 12 2 0
3 11 12 3 0
3 11 12 4 0
3 11 12 5 0
3 11 12 6 0
3 11 12 7 0
3 11 12 8 0
3 11 12 9 0
3 11 12 10 0
3 11 12 11 0
3 11 12 12 0
3 11 12 13 0
3 11 12 14 0
3 11 12 15 0
3 11 13 0 0
3 11 13 1 0
3 11 13 2 0
3 11 13 3 0
3 11 13 4 0
3 11 13 5 0
3 11 13 6 0
3 11 13 7 0
3 11 13 8 0
3 11 13 9 0
3 11 13 10 0
3 11 13 11 0
3 11 13 12 0
3 11 13 13 0
3 11 13 14 0
3 11 13 15 0
3 11 14 0 0
3 11 14 1 0
3 11 14 2 0
3 11 14 3 0.0002118729748500591
3 11 14 4 0
3 11 14 5 0
3 11 14 6 0
3 11 14 7 0
3 11 14 8 0
3 11 14 9 0
3 11 14 10 0
3 11 14 11 0
3 11 14 12 0
3 11 14 13 0
3 11 14 14 0
3 11 14 15 0
3 11 15 0 0
3 11 15 1 0
3 11 15 2 0
3 11 15 3 0
3 11 15 4 0
3 11 15 5 0
3 11 15 6 0
3 11 15 7 0
3 11 15 8 0
3 11 15 9 0
3 11 15 10 0
3 11 15 11 0
3 11 15 12 0
3 11 15 13 0
3 11 15 14 0
3 11 15 15 0
3 12 0 0 0
3 12 0 1 0
3 12 0 2 0
3 12 0 3 0
3 12 0 4 0
3 12 0 5 0
3 12 0 6 0
3 12 0 7 0
3 12 0 8 0
3 12 0 9 0
3 12 0 10 0
3 12 0 11 0
3 12 0 12 0
3 12 0 13 0
3 12 0 14 0
3 12 0 15 0
3 12 1 0 0
3 12 1 1 0
3 12 1 2 0
3 12 1 3 0
3 12 1 4 0
3 12 1 5 0
3 12 1 6 0
3 12 1 7 0
3 12 1 8 0
3 12 1 9 0
3 12 1 10 0
3 12 1 11 0
3 12 1 12 0
3 12 1 13 0
3 12 1 14 0
3 12 1 15 0
3 12 2 0 0
3 12 2 1 0
3 12 2 2 0
3 12 2 3 0
3 12 2 4 0
3 12 2 5 0
3 12 2 6 0
3 12 2 7 0
3 12 2 8 0
3 12 2 9 0
3 12 2 10 0
3 12 2 11 0
3 12 2 12 0
3 12 2 13 0
3 12 2 14 0
3 12 2 15 0
3 12 3 0 0
3 12 3 1 0
3 12 3 2 0
3 12 3 3 0
3 12 3 4 0
3 12 3 5 0.0555143969482341
3 12 3 6 0
3 12 3 7 0
3 12 3 8 0
3 12 3 9 0
3 12 3 10 0
3 12 3 11 0
3 12 3 12 0.004852873410970941
3 12 3 13 0
3 12 3 14 0
3 12 3 15 0
3 12 4 0 0
3 12 4 1 0
3 12 4 2 0
3 12 4 3 0
3 12 4 4 0
3 12 4 5 0
3 12 4 6 -0.04940112303230675
3 12 4 7 0
3 12 4 8 0
3 12 4 9 0
3 12 4 10 0
3 12 4 11 0
3 12 4 12 0
3 12 4 13 -0.004129390043362869
3 12 4 14 0
3 12 4 15 0
3 12 5 0 0
3 12 5 1 0
3 12 5 2 0
3 12 5 3 -0.004358385540017612
3 12 5 4 0
3 12 5 5 0
3 12 5 6 0
3 12 5 7 0
3 12 5 8 0.0006221061085531106
3 12 5 9 0
3 12 5 10 0
3 12 5 11 0
3 12 5 12 0
3 12 5 13 0
3 12 5 14 0
3 12 5 15 0
3 12 6 0 0
3 12 6 1 0
3 12 6 2 0
3 12 6 3 0
3 12 6 4 -0.005101400631258672
3 12 6 5 0
3 12 6 6 0
3 12 6 7 0
3 12 6 8 0
3 12 6 9 -0.001282990261579615
3 12 6 10 0
3 12 6 11 0
3 12 6 12 0
3 12 6 13 0
3 12 6 14 0
3 12 6 15 0
3 12 7 0 0
3 12 7 1 0
3 12 7 2 0
3 12 7 3 0
3 12 7 4 0
3 12 7 5 0
3 12 7 6 0
3 12 7 7 0
3 12 7 8 0
3 12 7 9 0
3 12 7 10 0
3 12 7 11 0
3 12 7 12 0
3 12 7 13 0
3 12 7 14 0
3 12 7 15 0
3 12 8 0 0
3 12 8 1 0
3 12 8 2 0
3 12 8 3 0
3 12 8 4 0
3 12 8 5 0.002725109238760547
3 12 8 6 0
3 12 8 7 0
3 12 8 8 0
3 12 8 9 0
3 12 8 10 0
3 12 8 11 0
3 12 8 12 0
3 12 8 13 0
3 12 8 14 0
3 12 8 15 0
3 12 9 0 0
3 12 9 1 0
3 12 9 2 0
3 12 9 3 0
3 12 9 4 0
3 12 9 5 0
3 12 9 6 -0.002291587803698779
3 12 9 7 0
3 12 9 8 0
3 12 9 9 0
3 12 9 10 0
3 12 9 11 0
3 12 9 12 0
3 12 9 13 0
3 12 9 14 0
3 12 9 15 0
3 12 10 0 0
3 12 10 1 0
3 12 10 2 0
3 12 10 3 0
3 12 10 4 0
3 12 10 5 0
3 12 10 6 0
3 12 10 7 0
3 12 10 8 0
3 12 10 9 0
3 12 10 10 0
3 12 10 11 0
3 12 10 12 0
3 12 10 13 0
3 12 10 14 0
3 12 10 15 0
3 12 11 0 0
3 12 11 1 0
3 12 11 2 0
3 12 11 3 0
3 12 11 4 0
3 12 11 5 0
3 12 11 6 0
3 12 11 7 0
3 12 11 8 0
3 12 11 9 0
3 12 11 10 0
3 12 11 11 0
3 12 11 12 0
3 12 11 13 0
3 12 11 14 0
3 12 11 15 0
3 12 12 0 0
3 12 12 1 0
3 12 12 2 0
3 12 12 3 -0.001221459849994495
3 12 12 4 0
3 12 12 5 0
3 12 12 6 0
3 12 12 7 0
3 12 12 8 0
3 12 12 9 0
3 12 12 10 0
3 12 12 11 0
3 12 12 12 0
3 12 12 13 0
3 12 12 14 0
3 12 12 15 0
3 12 13 0 0
3 12 13 1 0
3 12 13 2 0
3 12 13 3 0
3 12 13 4 0.0005802264624822398
3 12 13 5 0
3 12 13 6 0
3 12 13 7 0
3 12 13 8 0
3 12 13 9 0
3 12 13 10 0
3 12 13 11 0
3 12 13 12 0
3 12 13 13 0
3 12 13 14 0
3 12 13 15 0
3 12 14 0 0
3 12 14 1 0
3 12 14 2 0
3 12 14 3 0
3 12 14 4 0
3 12 14 5 0
3 12 14 6 0
3 12 14 7 0
3 12 14 8 0
3 12 14 9 0
3 12 14 10 0
3 12 14 11 0
3 12 14 12 0
3 12 14 13 0
3 12 14 14 0
3 12 14 15 0
3 12 15 0 0
3 12 15 1 0
3 12 15 2 0
3 12 15 3 0
3 12 15 4 0
3 12 15 5 0
3 12 15 6 0
3 12 15 7 0
3 12 15 8 0
3 12 15 9 0
3 12 15 10 0
3 12 15 11 0
3 12 15 12 0
3 12 15 13 0
3 12 15 14 0
3 12 15 15 0
3 13 0 0 0
3 13 0 1 0
3 13 0 2 0
3 13 0 3 0
3 13 0 4 0
3 13 0 5 0
3 13 0 6 0
3 13 0 7 0
3 13 0 8 0
3 13 0 9 0
3 13 0 10 0
3 13 0 11 0
3 13 0 12 0
3 13 0 13 0
3 13 0 14 0
3 13 0 15 0
3 13 1 0 0
3 13 1 1 0
3 13 1 2 0
3 13 1 3 0
3 13 1 4 0
3 13 1 5 0
3 13 1 6 0
3 13 1 7 0
3 13 1 8 0
3 13 1 9 0
3 13 1 10 0
3 13 1 11 0
3 13 1 12 0
3 13 1 13 0
3 13 1 14 0
3 13 1 15 0
3 13 2 0 0
3 13 2 1 0
3 13 2 2 0
3 13 2 3 0
3 13 2 4 0
3 13 2 5 0
3 13 2 6 0
3 13 2 7 0
3 13 2 8 0
3 13 2 9 0
3 13 2 10 0
3 13 2 11 0
3 13 2 12 0
3 13 2 13 0
3 13 2 14 0
3 13 2 15 0
3 13 3 0 0
3 13 3 1 0
3 13 3 2 0
3 13 3 3 0
3 13 3 4 0
3 13 3 5 0
3 13 3 6 0.02006812266186633
3 13 3 7 0
3 13 3 8 0
3 13 3 9 0
3 13 3 10 0
3 13 3 11 0
3 13 3 12 0
3 13 3 13 0.001462101043518603
3 13 3 14 0
3 13 3 15 0
3 13 4 0 0
3 13 4 1 0
3 13 4 2 0
3 13 4 3 0
3 13 4 4 0
3 13 4 5 0
3 13 4 6 0
3 13 4 7 0
3 13 4 8 0
3 13 4 9 0
3 13 4 10 0
3 13 4 11 0
3 13 4 12 0
3 13 4 13 0
3 13 4 14 0
3 13 4 15 0
3 13 5 0 0
3 13 5 1 0
3 13 5 2 0
3 13 5 3 0
3 13 5 4 0
3 13 5 5 0
3 13 5 6 0
3 13 5 7 0
3 13 5 8 0
3 13 5 9 0
3 13 5 10 0
3 13 5 11 0
3 13 5 12 0
3 13 5 13 0
3 13 5 14 0
3 13 5 15 0
3 13 6 0 0
3 13 6 1 0
3 13 6 2 0
3 13 6 3 -0.02176879762947791
3 13 6 4 0
3 13 6 5 0
3 13 6 6 0
3 13 6 7 0
3 13 6 8 -0.001567134012938237
3 13 6 9 0
3 13 6 10 0
3 13 6 11 0
3 13 6 12 0
3 13 6 13 0
3 13 6 14 0
3 13 6 15 0
3 13 7 0 0
3 13 7 1 0
3 13 7 2 0
3 13 7 3 0
3 13 7 4 0
3 13 7 5 0
3 13 7 6 0
3 13 7 7 0
3 13 7 8 0
3 13 7 9 0
3 13 7 10 0
3 13 7 11 0
3 13 7 12 0
3 13 7 13 0
3 13 7 14 0
3 13 7 15 0
3 13 8 0 0
3 13 8 1 0
3 13 8 2 0
3 13 8 3 0
3 13 8 4 0
3 13 8 5 0
3 13 8 6 0.00128798252952924
3 13 8 7 0
3 13 8 8 0
3 13 8 9 0
3 13 8 10 0
3 13 8 11 0
3 13 8 12 0
3 13 8 13 0
3 13 8 14 0
3 13 8 15 0
3 13 9 0 0
3 13 9 1 0
3 13 9 2 0
3 13 9 3 0
3 13 9 4 0
3 13 9 5 0
3 13 9 6 0
3 13 9 7 0
3 13 9 8 0
3 13 9 9 0
3 13 9 10 0
3 13 9 11 0
3 13 9 12 0
3 13 9 13 0
3 13 9 14 0
3 13 9 15 0
3 13 10 0 0
3 13 10 1 0
3 13 10 2 0
3 13 10 3 0
3 13 10 4 0
3 13 10 5 0
3 13 10 6 0
3 13 10 7 0
3 13 10 8 0
3 13 10 9 0
3 13 10 10 0
3 13 10 11 0
3 13 10 12 0
3 13 10 13 0
3 13 10 14 0
3 13 10 15 0
3 13 11 0 0
3 13 11 1 0
3 13 11 2 0
3 13 11 3 0
3 13 11 4 0
3 13 11 5 0
3 13 11 6 0
3 13 11 7 0
3 13 11 8 0
3 13 11 9 0
3 13 11 10 0
3 13 11 11 0
3 13 11 12 0
3 13 11 13 0
3 13 11 14 0
3 13 11 15 0
3 13 12 0 0
3 13 12 1 0
3 13 12 2 0
3 13 12 3 0
3 13 12 4 0
3 13 12 5 0
3 13 12 6 0
3 13 12 7 0
3 13 12 8 0
3 13 12 9 0
3 13 12 10 0
3 13 12 11 0
3 13 12 12 0
3 13 12 13 0
3 13 12 14 0
3 13 12 15 0
3 13 13 0 0
3 13 13 1 0
3 13 13 2 0
3 13 13 3 -0.001369156575615711
3 13 13 4 0
3 13 13 5 0
3 13 13 6 0
3 13 13 7 0
3 13 13 8 0
3 13 13 9 0
3 13 13 10 0
3 13 13 11 0
3 13 13 12 0
3 13 13 13 0
3 13 13 14 0
3 13 13 15 0
3 13 14 0 0
3 13 14 1 0
3 13 14 2 0
3 13 14 3 0
3 13 14 4 0
3 13 14 5 0
3 13 14 6 0
3 13 14 7 0
3 13 14 8 0
3 13 14 9 0
3 13 14 10 0
3 13 14 11 0
3 13 14 12 0
3 13 14 13 0
3 13 14 14 0
3 13 14 15 0
3 13 15 0 0
3 13 15 1 0
3 13 15 2 0
3 13 15 3 0
3 13 15 4 0
3 13 15 5 0
3 13 15 6 0
3 13 15 7 0
3 13 15 8 0
3 13 15 9 0
3 13 15 10 0
3 13 15 11 0
3 13 15 12 0
3 13 15 13 0
3 13 15 14 0
3 13 15 15 0
3 14 0 0 0
3 14 0 1 0
3 14 0 2 0
3 14 0 3 0
3 14 0 4 0
3 14 0 5 0
3 14 0 6 0
3 14 0 7 0
3 14 0 8 0
3 14 0 9 0
3 14 0 10 0
3 14 0 11 0
3 14 0 12 0
3 14 0 13 0
3 14 0 14 0
3 14 0 15 0
3 14 1 0 0
3 14 1 1 0
3 14 1 2 0
3 14 1 3 0
3 14 1 4 0
3 14 1 5 0
3 14 1 6 0
3 14 1 7 0
3 14 1 8 0
3 14 1 9 0
3 14 1 10 0
3 14 1 11 0
3 14 1 12 0
3 14 1 13 0
3 14 1 14 0
3 14 1 15 0
3 14 2 0 0
3 14 2 1 0
3 14 2 2 0
3 14 2 3 -0.01254968506605303
3 14 2 4 0
3 14 2 5 0
3 14 2 6 0
3 14 2 7 0
3 14 2 8 -0.001082943424324399
3 14 2 9 0
3 14 2 10 0
3 14 2 11 0
3 14 2 12 0
3 14 2 13 0
3 14 2 14 0
3 14 2 15 0
3 14 3 0 0
3 14 3 1 0
3 14 3 2 0.01953001870631122
3 14 3 3 0
3 14 3 4 0
3 14 3 5 0
3 14 3 6 0
3 14 3 7 0
3 14 3 8 0
3 14 3 9 0
3 14 3 10 0
3 14 3 11 -0.000330678634116843
3 14 3 12 0
3 14 3 13 0
3 14 3 14 0.0006622642372309824
3 14 3 15 0
3 14 4 0 0
3 14 4 1 0
3 14 4 2 0
3 14 4 3 0
3 14 4 4 0
3 14 4 5 0
3 14 4 6 0
3 14 4 7 0
3 14 4 8 0
3 14 4 9 0
3 14 4 10 0
3 14 4 11 0
3 14 4 12 0
3 14 4 13 0
3 14 4 14 0
3 14 4 15 0
3 14 5 0 0
3 14 5 1 0
3 14 5 2 0
3 14 5 3 0
3 14 5 4 0
3 14 5 5 0
3 14 5 6 0
3 14 5 7 0
3 14 5 8 0
3 14 5 9 0
3 14 5 10 0
3 14 5 11 0
3 14 5 12 0
3 14 5 13 0
3 14 5 14 0
3 14 5 15 0
3 14 6 0 0
3 14 6 1 0
3 14 6 2 0
3 14 6 3 0
3 14 6 4 0
3 14 6 5 0
3 14 6 6 0
3 14 6 7 -0.002705230001942245
3 14 6 8 0
3 14 6 9 0
3 14 6 10 0
3 14 6 11 0
3 14 6 12 0
3 14 6 13 0
3 14 6 14 0
3 14 6 15 0
3 14 7 0 0
3 14 7 1 0
3 14 7 2 0
3 14 7 3 0
3 14 7 4 0
3 14 7 5 0
3 14 7 6 0.005646602275332183
3 14 7 7 0
3 14 7 8 0
3 14 7 9 0
3 14 7 10 0
3 14 7 11 0
3 14 7 12 0
3 14 7 13 0
3 14 7 14 0
3 14 7 15 0
3 14 8 0 0
3 14 8 1 0
3 14 8 2 0.001428246348613645
3 14 8 3 0
3 14 8 4 0
3 14 8 5 0
3 14 8 6 0
3 14 8 7 0
3 14 8 8 0
3 14 8 9 0
3 14 8 10 0
3 14 8 11 0
3 14 8 12 0
3 14 8 13 0
3 14 8 14 0
3 14 8 15 0
3 14 9 0 0
3 14 9 1 0
3 14 9 2 0
3 14 9 3 0
3 14 9 4 0
3 14 9 5 0
3 14 9 6 0
3 14 9 7 0
3 14 9 8 0
3 14 9 9 0
3 14 9 10 0
3 14 9 11 0
3 14 9 12 0
3 14 9 13 0
3 14 9 14 0
3 14 9 15 0
3 14 10 0 0
3 14 10 1 0
3 14 10 2 0
3 14 10 3 0
3 14 10 4 0
3 14 10 5 0
3 14 10 6 0
3 14 10 7 0
3 14 10 8 0
3 14 10 9 0
3 14 10 10 0
3 14 10 11 0
3 14 10 12 0
3 14 10 13 0
3 14 10 14 0
3 14 10 15 0
3 14 11 0 0
3 14 11 1 0
3 14 11 2 0
3 14 11 3 0.000211872974850059
3 14 11 4 0
3 14 11 5 0
3 14 11 6 0
3 14 11 7 0
3 14 11 8 0
3 14 11 9 0
3 14 11 10 0
3 14 11 11 0
3 14 11 12 0
3 14 11 13 0
3 14 11 14 0
3 14 11 15 0
3 14 12 0 0
3 14 12 1 0
3 14 12 2 0
3 14 12 3 0
3 14 12 4 0
3 14 12 5 0
3 14 12 6 0
3 14 12 7 0
3 14 12 8 0
3 14 12 9 0
3 14 12 10 0
3 14 12 11 0
3 14 12 12 0
3 14 12 13 0
3 14 12 14 0
3 14 12 15 0
3 14 13 0 0
3 14 13 1 0
3 14 13 2 0
3 14 13 3 0
3 14 13 4 0
3 14 13 5 0
3 14 13 6 0
3 14 13 7 0
3 14 13 8 0
3 14 13 9 0
3 14 13 10 0
3 14 13 11 0
3 14 13 12 0
3 14 13 13 0
3 14 13 14 0
3 14 13 15 0
3 14 14 0 0
3 14 14 1 0
3 14 14 2 0
3 14 14 3 -0.0004621525645667005
3 14 14 4 0
3 14 14 5 0
3 14 14 6 0
3 14 14 7 0
3 14 14 8 0
3 14 14 9 0
3 14 14 10 0
3 14 14 11 0
3 14 14 12 0
3 14 14 13 0
3 14 14 14 0
3 14 14 15 0
3 14 15 0 0
3 14 15 1 0
3 14 15 2 0
3 14 15 3 0
3 14 15 4 0
3 14 15 5 0
3 14 15 6 0
3 14 15 7 0
3 14 15 8 0
3 14 15 9 0
3 14 15 10 0
3 14 15 11 0
3 14 15 12 0
3 14 15 13 0
3 14 15 14 0
3 14 15 15 0
3 15 0 0 0
3 15 0 1 0
3 15 0 2 0
3 15 0 3 0
3 15 0 4 0
3 15 0 5 0
3 15 0 6 0
3 15 0 7 0
3 15 0 8 0
3 15 0 9 0
3 15 0 10 0
3 15 0 11 0
3 15 0 12 0
3 15 0 13 0
3 15 0 14 0
3 15 0 15 0
3 15 1 0 0
3 15 1 1 0
3 15 1 2 0
3 15 1 3 -0.002038057684582475
3 15 1 4 0
3 15 1 5 0
3 15 1 6 0
3 15 1 7 0
3 15 1 8 -0.0001381423102587397
3 15 1 9 0
3 15 1 10 0
3 15 1 11 0
3 15 1 12 0
3 15 1 13 0
3 15 1 14 0
3 15 1 15 0
3 15 2 0 0
3 15 2 1 0
3 15 2 2 0
3 15 2 3 0
3 15 2 4 0
3 15 2 5 0
3 15 2 6 0
3 15 2 7 0
3 15 2 8 0
3 15 2 9 0
3 15 2 10 0
3 15 2 11 0
3 15 2 12 0
3 15 2 13 0
3 15 2 14 0
3 15 2 15 0
3 15 3 0 0
3 15 3 1 0.004941648595035663
3 15 3 2 0
3 15 3 3 0
3 15 3 4 0
3 15 3 5 0
3 15 3 6 0
3 15 3 7 0
3 15 3 8 0
3 15 3 9 0
3 15 3 10 0
3 15 3 11 0
3 15 3 12 0
3 15 3 13 0
3 15 3 14 0
3 15 3 15 3.878191351582094e-05
3 15 4 0 0
3 15 4 1 0
3 15 4 2 0
3 15 4 3 0
3 15 4 4 0
3 15 4 5 0
3 15 4 6 0
3 15 4 7 0
3 15 4 8 0
3 15 4 9 0
3 15 4 10 0
3 15 4 11 0
3 15 4 12 0
3 15 4 13 0
3 15 4 14 0
3 15 4 15 0
3 15 5 0 0
3 15 5 1 0
3 15 5 2 0
3 15 5 3 0
3 15 5 4 0
3 15 5 5 0
3 15 5 6 0
3 15 5 7 0
3 15 5 8 0
3 15 5 9 0
3 15 5 10 0
3 15 5 11 0
3 15 5 12 0
3 15 5 13 0
3 15 5 14 0
3 15 5 15 0
3 15 6 0 0
3 15 6 1 0
3 15 6 2 0
3 15 6 3 0
3 15 6 4 0
3 15 6 5 0
3 15 6 6 0
3 15 6 7 0
3 15 6 8 0
3 15 6 9 0
3 15 6 10 0
3 15 6 11 0
3 15 6 12 0
3 15 6 13 0
3 15 6 14 0
3 15 6 15 0
3 15 7 0 0
3 15 7 1 0
3 15 7 2 0
3 15 7 3 0
3 15 7 4 0
3 15 7 5 0
3 15 7 6 0
3 15 7 7 0
3 15 7 8 0
3 15 7 9 0
3 15 7 10 0
3 15 7 11 0
3 15 7 12 0
3 15 7 13 0
3 15 7 14 0
3 15 7 15 0
3 15 8 0 0
3 15 8 1 0.0003575873182041903
3 15 8 2 0
3 15 8 3 0
3 15 8 4 0
3 15 8 5 0
3 15 8 6 0
3 15 8 7 0
3 15 8 8 0
3 15 8 9 0
3 15 8 10 0
3 15 8 11 0
3 15 8 12 0
3 15 8 13 0
3 15 8 14 0
3 15 8 15 0
3 15 9 0 0
3 15 9 1 0
3 15 9 2 0
3 15 9 3 0
3 15 9 4 0
3 15 9 5 0
3 15 9 6 0
3 15 9 7 0
3 15 9 8 0
3 15 9 9 0
3 15 9 10 0
3 15 9 11 0
3 15 9 12 0
3 15 9 13 0
3 15 9 14 0
3 15 9 15 0
3 15 10 0 0
3 15 10 1 0
3 15 10 2 0
3 15 10 3 0
3 15 10 4 0
3 15 10 5 0
3 15 10 6 0
3 15 10 7 0
3 15 10 8 0
3 15 10 9 0
3 15 10 10 0
3 15 10 11 0
3 15 10 12 0
3 15 10 13 0
3 15 10 14 0
3 15 10 15 0
3 15 11 0 0
3 15 11 1 0
3 15 11 2 0
3 15 11 3 0
3 15 11 4 0
3 15 11 5 0
3 15 11 6 0
3 15 11 7 0
3 15 11 8 0
3 15 11 9 0
3 15 11 10 0
3 15 11 11 0
3 15 11 12 0
3 15 11 13 0
3 15 11 14 0
3 15 11 15 0
3 15 12 0 0
3 15 12 1 0
3 15 12 2 0
3 15 12 3 0
3 15 12 4 0
3 15 12 5 0
3 15 12 6 0
3 15 12 7 0
3 15 12 8 0
3 15 12 9 0
3 15 12 10 0
3 15 12 11 0
3 15 12 12 0
3 15 12 13 0
3 15 12 14 0
3 15 12 15 0
3 15 13 0 0
3 15 13 1 0
3 15 13 2 0
3 15 13 3 0
3 15 13 4 0
3 15 13 5 0
3 15 13 6 0
3 15 13 7 0
3 15 13 8 0
3 15 13 9 0
3 15 13 10 0
3 15 13 11 0
3 15 13 12 0
3 15 13 13 0
3 15 13 14 0
3 15 13 15 0
3 15 14 0 0
3 15 14 1 0
3 15 14 2 0
3 15 14 3 0
3 15 14 4 0
3 15 14 5 0
3 15 14 6 0
3 15 14 7 0
3 15 14 8 0
3 15 14 9 0
3 15 14 10 0
3 15 14 11 0
3 15 14 12 0
3 15 14 13 0
3 15 14 14 0
3 15 14 15 0
3 15 15 0 0
3 15 15 1 0
3 15 15 2 0
3 15 15 3 -1.235053699152742e-05
3 15 15 4 0
3 15 15 5 0
3 15 15 6 0
3 15 15 7 0
3 15 15 8 0
3 15 15 9 0
3 15 15 10 0
3 15 15 11 0
3 15 15 12 0
3 15 15 13 0
3 15 15 14 0
3 15 15 15 0
4 0 0 0 0
4 0 0 1 0
4 0 0 2 0
4 0 0 3 0
4 0 0 4 -1.246817865104105
4 0 0 5 0
4 0 0 6 0
4 0 0 7 0
4 0 0 8 0
4 0 0 9 -0.05718858683815708
4 0 0 10 0
4 0 0 11 0
4 0 0 12 0
4 0 0 13 0
4 0 0 14 0
4 0 0 15 0
4 0 1 0 0
4 0 1 1 0
4 0 1 2 0
4 0 1 3 0
4 0 1 4 0
4 0 1 5 0
4 0 1 6 0
4 0 1 7 0
4 0 1 8 0
4 0 1 9 0
4 0 1 10 0
4 0 1 11 0
4 0 1 12 0
4 0 1 13 0
4 0 1 14 0
4 0 1 15 0
4 0 2 0 0
4 0 2 1 0
4 0 2 2 0
4 0 2 3 0
4 0 2 4 5.743177304954252e-05
4 0 2 5 0
4 0 2 6 0
4 0 2 7 0
4 0 2 8 0
4 0 2 9 0
4 0 2 10 0
4 0 2 11 0
4 0 2 12 0
4 0 2 13 0
4 0 2 14 0
4 0 2 15 0
4 0 3 0 0
4 0 3 1 0
4 0 3 2 0
4 0 3 3 0
4 0 3 4 0
4 0 3 5 0
4 0 3 6 0
4 0 3 7 0
4 0 3 8 0
4 0 3 9 0
4 0 3 10 0
4 0 3 11 0
4 0 3 12 0
4 0 3 13 0
4 0 3 14 0
4 0 3 15 0
4 0 4 0 2.493655331185479
4 0 4 1 0
4 0 4 2 -7.063527626323503e-05
4 0 4 3 0
4 0 4 4 0
4 0 4 5 0
4 0 4 6 0
4 0 4 7 0
4 0 4 8 0
4 0 4 9 0
4 0 4 10 0
4 0 4 11 -0.004782626860835075
4 0 4 12 0
4 0 4 13 0
4 0 4 14 0
4 0 4 15 0
4 0 5 0 0
4 0 5 1 0
4 0 5 2 0
4 0 5 3 0
4 0 5 4 0
4 0 5 5 0
4 0 5 6 0
4 0 5 7 0
4 0 5 8 0
4 0 5 9 0
4 0 5 10 0
4 0 5 11 0
4 0 5 12 0
4 0 5 13 0
4 0 5 14 0
4 0 5 15 0
4 0 6 0 0
4 0 6 1 0
4 0 6 2 0
4 0 6 3 0
4 0 6 4 0
4 0 6 5 0
4 0 6 6 0
4 0 6 7 0
4 0 6 8 0
4 0 6 9 0
4 0 6 10 0
4 0 6 11 0
4 0 6 12 0
4 0 6 13 0
4 0 6 14 0
4 0 6 15 0
4 0 7 0 0
4 0 7 1 0
4 0 7 2 0
4 0 7 3 0
4 0 7 4 0
4 0 7 5 0
4 0 7 6 0
4 0 7 7 0
4 0 7 8 0
4 0 7 9 0
4 0 7 10 0
4 0 7 11 0
4 0 7 12 0
4 0 7 13 0
4 0 7 14 0
4 0 7 15 0
4 0 8 0 0
4 0 8 1 0
4 0 8 2 0
4 0 8 3 0
4 0 8 4 0
4 0 8 5 0
4 0 8 6 0
4 0 8 7 0
4 0 8 8 0
4 0 8 9 0
4 0 8 10 0
4 0 8 11 0
4 0 8 12 0
4 0 8 13 0
4 0 8 14 0
4 0 8 15 0
4 0 9 0 0.1143771736763142
4 0 9 1 0
4 0 9 2 0
4 0 9 3 0
4 0 9 4 0
4 0 9 5 0
4 0 9 6 0
4 0 9 7 0
4 0 9 8 0
4 0 9 9 0
4 0 9 10 0
4 0 9 11 0
4 0 9 12 0
4 0 9 13 0
4 0 9 14 0
4 0 9 15 0
4 0 10 0 0
4 0 10 1 0
4 0 10 2 0
4 0 10 3 0
4 0 10 4 0
4 0 10 5 0
4 0 10 6 0
4 0 10 7 0
4 0 10 8 0
4 0 10 9 0
4 0 10 10 0
4 0 10 11 0
4 0 10 12 0
4 0 10 13 0
4 0 10 14 0
4 0 10 15 0
4 0 11 0 0
4 0 11 1 0
4 0 11 2 0
4 0 11 3 0
4 0 11 4 0.003111540290750442
4 0 11 5 0
4 0 11 6 0
4 0 11 7 0
4 0 11 8 0
4 0 11 9 0
4 0 11 10 0
4 0 11 11 0
4 0 11 12 0
4 0 11 13 0
4 0 11 14 0
4 0 11 15 0
4 0 12 0 0
4 0 12 1 0
4 0 12 2 0
4 0 12 3 0
4 0 12 4 0
4 0 12 5 0
4 0 12 6 0
4 0 12 7 0
4 0 12 8 0
4 0 12 9 0
4 0 12 10 0
4 0 12 11 0
4 0 12 12 0
4 0 12 13 0
4 0 12 14 0
4 0 12 15 0
4 0 13 0 0
4 0 13 1 0
4 0 13 2 0
4 0 13 3 0
4 0 13 4 0
4 0 13 5 0
4 0 13 6 0
4 0 13 7 0
4 0 13 8 0
4 0 13 9 0
4 0 13 10 0
4 0 13 11 0
4 0 13 12 0
4 0 13 13 0
4 0 13 14 0
4 0 13 15 0
4 0 14 0 0
4 0 14 1 0
4 0 14 2 0
4 0 14 3 0
4 0 14 4 0
4 0 14 5 0
4 0 14 6 0
4 0 14 7 0
4 0 14 8 0
4 0 14 9 0
4 0 14 10 0
4 0 14 11 0
4 0 14 12 0
4 0 14 13 0
4 0 14 14 0
4 0 14 15 0
4 0 15 0 0
4 0 15 1 0
4 0 15 2 0
4 0 15 3 0
4 0 15 4 0
4 0 15 5 0
4 0 15 6 0
4 0 15 7 0
4 0 15 8 0
4 0 15 9 0
4 0 15 10 0
4 0 15 11 0
4 0 15 12 0
4 0 15 13 0
4 0 15 14 0
4 0 15 15 0
4 1 0 0 0
4 1 0 1 0
4 1 0 2 0
4 1 0 3 0
4 1 0 4 0
4 1 0 5 0
4 1 0 6 0
4 1 0 7 0
4 1 0 8 0
4 1 0 9 0
4 1 0 10 0
4 1 0 11 0
4 1 0 12 0
4 1 0 13 0
4 1 0 14 0
4 1 0 15 0
4 1 1 0 0
4 1 1 1 0
4 1 1 2 0
4 1 1 3 0
4 1 1 4 -1.246829831123409
4 1 1 5 0
4 1 1 6 0
4 1 1 7 0
4 1 1 8 0
4 1 1 9 -0.05718858683815708
4 1 1 10 0
4 1 1 11 0
4 1 1 12 0
4 1 1 13 0
4 1 1 14 0
4 1 1 15 0
4 1 2 0 0
4 1 2 1 0
4 1 2 2 0
4 1 2 3 0
4 1 2 4 0
4 1 2 5 0
4 1 2 6 0
4 1 2 7 0
4 1 2 8 0
4 1 2 9 0
4 1 2 10 0
4 1 2 11 0
4 1 2 12 0
4 1 2 13 0
4 1 2 14 0
4 1 2 15 0
4 1 3 0 0
4 1 3 1 0
4 1 3 2 0
4 1 3 3 0
4 1 3 4 0
4 1 3 5 0
4 1 3 6 0
4 1 3 7 0
4 1 3 8 0
4 1 3 9 0
4 1 3 10 0
4 1 3 11 0
4 1 3 12 0
4 1 3 13 0
4 1 3 14 0
4 1 3 15 0
4 1 4 0 0
4 1 4 1 2.493649010234019
4 1 4 2 0
4 1 4 3 0
4 1 4 4 0
4 1 4 5 0
4 1 4 6 0
4 1 4 7 0
4 1 4 8 0
4 1 4 9 0
4 1 4 10 0
4 1 4 11 0
4 1 4 12 0
4 1 4 13 0
4 1 4 14 0
4 1 4 15 0.004941648595035663
4 1 5 0 0
4 1 5 1 0
4 1 5 2 0
4 1 5 3 0
4 1 5 4 0
4 1 5 5 0
4 1 5 6 0
4 1 5 7 0
4 1 5 8 0
4 1 5 9 0
4 1 5 10 0
4 1 5 11 0
4 1 5 12 0
4 1 5 13 0
4 1 5 14 0
4 1 5 15 0
4 1 6 0 0
4 1 6 1 0
4 1 6 2 0
4 1 6 3 0
4 1 6 4 0
4 1 6 5 0
4 1 6 6 0
4 1 6 7 0
4 1 6 8 0
4 1 6 9 0
4 1 6 10 0
4 1 6 11 0
4 1 6 12 0
4 1 6 13 0
4 1 6 14 0
4 1 6 15 0
4 1 7 0 0
4 1 7 1 0
4 1 7 2 0
4 1 7 3 0
4 1 7 4 0
4 1 7 5 0
4 1 7 6 0
4 1 7 7 0
4 1 7 8 0
4 1 7 9 0
4 1 7 10 0
4 1 7 11 0
4 1 7 12 0
4 1 7 13 0
4 1 7 14 0
4 1 7 15 0
4 1 8 0 0
4 1 8 1 0
4 1 8 2 0
4 1 8 3 0
4 1 8 4 0
4 1 8 5 0
4 1 8 6 0
4 1 8 7 0
4 1 8 8 0
4 1 8 9 0
4 1 8 10 0
4 1 8 11 0
4 1 8 12 0
4 1 8 13 0
4 1 8 14 0
4 1 8 15 0
4 1 9 0 0
4 1 9 1 0.1143771736763142
4 1 9 2 0
4 1 9 3 0
4 1 9 4 0
4 1 9 5 0
4 1 9 6 0
4 1 9 7 0
4 1 9 8 0
4 1 9 9 0
4 1 9 10 0
4 1 9 11 0
4 1 9 12 0
4 1 9 13 0
4 1 9 14 0
4 1 9 15 0
4 1 10 0 0
4 1 10 1 0
4 1 10 2 0
4 1 10 3 0
4 1 10 4 0
4 1 10 5 0
4 1 10 6 0
4 1 10 7 0
4 1 10 8 0
4 1 10 9 0
4 1 10 10 0
4 1 10 11 0
4 1 10 12 0
4 1 10 13 0
4 1 10 14 0
4 1 10 15 0
4 1 11 0 0
4 1 11 1 0
4 1 11 2 0
4 1 11 3 0
4 1 11 4 0
4 1 11 5 0
4 1 11 6 0
4 1 11 7 0
4 1 11 8 0
4 1 11 9 0
4 1 11 10 0
4 1 11 11 0
4 1 11 12 0
4 1 11 13 0
4 1 11 14 0
4 1 11 15 0
4 1 12 0 0
4 1 12 1 0
4 1 12 2 0
4 1 12 3 0
4 1 12 4 0
4 1 12 5 0
4 1 12 6 0
4 1 12 7 0
4 1 12 8 0
4 1 12 9 0
4 1 12 10 0
4 1 12 11 0
4 1 12 12 0
4 1 12 13 0
4 1 12 14 0
4 1 12 15 0
4 1 13 0 0
4 1 13 1 0
4 1 13 2 0
4 1 13 3 0
4 1 13 4 0
4 1 13 5 0
4 1 13 6 0
4 1 13 7 0
4 1 13 8 0
4 1 13 9 0
4 1 13 10 0
4 1 13 11 0
4 1 13 12 0
4 1 13 13 0
4 1 13 14 0
4 1 13 15 0
4 1 14 0 0
4 1 14 1 0
4 1 14 2 0
4 1 14 3 0
4 1 14 4 0
4 1 14 5 0
4 1 14 6 0
4 1 14 7 0
4 1 14 8 0
4 1 14 9 0
4 1 14 10 0
4 1 14 11 0
4 1 14 12 0
4 1 14 13 0
4 1 14 14 0
4 1 14 15 0
4 1 15 0 0
4 1 15 1 0
4 1 15 2 0
4 1 15 3 0
4 1 15 4 -0.002074680166535673
4 1 15 5 0
4 1 15 6 0
4 1 15 7 0
4 1 15 8 0
4 1 15 9 0
4 1 15 10 0
4 1 15 11 0
4 1 15 12 0
4 1 15 13 0
4 1 15 14 0
4 1 15 15 0
4 2 0 0 0
4 2 0 1 0
4 2 0 2 0
4 2 0 3 0
4 2 0 4 5.743177304954252e-05
4 2 0 5 0
4 2 0 6 0
4 2 0 7 0
4 2 0 8 0
4 2 0 9 0
4 2 0 10 0
4 2 0 11 0
4 2 0 12 0
4 2 0 13 0
4 2 0 14 0
4 2 0 15 0
4 2 1 0 0
4 2 1 1 0
4 2 1 2 0
4 2 1 3 0
4 2 1 4 0
4 2 1 5 0
4 2 1 6 0
4 2 1 7 0
4 2 1 8 0
4 2 1 9 0
4 2 1 10 0
4 2 1 11 0
4 2 1 12 0
4 2 1 13 0
4 2 1 14 0
4 2 1 15 0
4 2 2 0 0
4 2 2 1 0
4 2 2 2 0
4 2 2 3 0
4 2 2 4 -0.8815071425513031
4 2 2 5 0
4 2 2 6 0
4 2 2 7 0
4 2 2 8 0
4 2 2 9 -0.05718858683815708
4 2 2 10 0
4 2 2 11 0
4 2 2 12 0
4 2 2 13 0
4 2 2 14 0
4 2 2 15 0
4 2 3 0 0
4 2 3 1 0
4 2 3 2 0
4 2 3 3 0
4 2 3 4 0
4 2 3 5 0
4 2 3 6 0
4 2 3 7 0
4 2 3 8 0
4 2 3 9 0
4 2 3 10 0
4 2 3 11 0
4 2 3 12 0
4 2 3 13 0
4 2 3 14 0
4 2 3 15 0
4 2 4 0 -7.063527626323503e-05
4 2 4 1 0
4 2 4 2 2.119081150318553
4 2 4 3 0
4 2 4 4 0
4 2 4 5 0
4 2 4 6 0
4 2 4 7 0
4 2 4 8 0
4 2 4 9 0
4 2 4 10 0
4 2 4 11 -0.0109148470248204
4 2 4 12 0
4 2 4 13 0
4 2 4 14 0.02697253727729214
4 2 4 15 0
4 2 5 0 0
4 2 5 1 0
4 2 5 2 0
4 2 5 3 0
4 2 5 4 0
4 2 5 5 0
4 2 5 6 0
4 2 5 7 0.1715001834801004
4 2 5 8 0
4 2 5 9 0
4 2 5 10 0
4 2 5 11 0
4 2 5 12 0
4 2 5 13 0
4 2 5 14 0
4 2 5 15 0
4 2 6 0 0
4 2 6 1 0
4 2 6 2 0
4 2 6 3 0
4 2 6 4 0
4 2 6 5 0
4 2 6 6 0
4 2 6 7 0
4 2 6 8 0
4 2 6 9 0
4 2 6 10 0
4 2 6 11 0
4 2 6 12 0
4 2 6 13 0
4 2 6 14 0
4 2 6 15 0
4 2 7 0 0
4 2 7 1 0
4 2 7 2 0
4 2 7 3 0
4 2 7 4 0
4 2 7 5 0.3285605319073119
4 2 7 6 0
4 2 7 7 0
4 2 7 8 0
4 2 7 9 0
4 2 7 10 0
4 2 7 11 0
4 2 7 12 0
4 2 7 13 0
4 2 7 14 0
4 2 7 15 0
4 2 8 0 0
4 2 8 1 0
4 2 8 2 0
4 2 8 3 0
4 2 8 4 0
4 2 8 5 0
4 2 8 6 0
4 2 8 7 0
4 2 8 8 0
4 2 8 9 0
4 2 8 10 0
4 2 8 11 0
4 2 8 12 0
4 2 8 13 0
4 2 8 14 0
4 2 8 15 0
4 2 9 0 0
4 2 9 1 0
4 2 9 2 0.1143771736763142
4 2 9 3 0
4 2 9 4 0
4 2 9 5 0
4 2 9 6 0
4 2 9 7 0
4 2 9 8 0
4 2 9 9 0
4 2 9 10 0
4 2 9 11 0
4 2 9 12 0
4 2 9 13 0
4 2 9 14 0
4 2 9 15 0
4 2 10 0 0
4 2 10 1 0
4 2 10 2 0
4 2 10 3 0
4 2 10 4 0
4 2 10 5 0
4 2 10 6 0
4 2 10 7 0
4 2 10 8 0
4 2 10 9 0
4 2 10 10 0
4 2 10 11 0
4 2 10 12 0
4 2 10 13 0
4 2 10 14 0
4 2 10 15 0
4 2 11 0 0
4 2 11 1 0
4 2 11 2 0
4 2 11 3 0
4 2 11 4 0.007414453721714688
4 2 11 5 0
4 2 11 6 0
4 2 11 7 0
4 2 11 8 0
4 2 11 9 0
4 2 11 10 0
4 2 11 11 0
4 2 11 12 0
4 2 11 13 0
4 2 11 14 0
4 2 11 15 0
4 2 12 0 0
4 2 12 1 0
4 2 12 2 0
4 2 12 3 0
4 2 12 4 0
4 2 12 5 0
4 2 12 6 0
4 2 12 7 0
4 2 12 8 0
4 2 12 9 0
4 2 12 10 0
4 2 12 11 0
4 2 12 12 0
4 2 12 13 0
4 2 12 14 0
4 2 12 15 0
4 2 13 0 0
4 2 13 1 0
4 2 13 2 0
4 2 13 3 0
4 2 13 4 0
4 2 13 5 0
4 2 13 6 0
4 2 13 7 0
4 2 13 8 0
4 2 13 9 0
4 2 13 10 0
4 2 13 11 0
4 2 13 12 0
4 2 13 13 0
4 2 13 14 0
4 2 13 15 0
4 2 14 0 0
4 2 14 1 0
4 2 14 2 0
4 2 14 3 0
4 2 14 4 -0.01991516169474131
4 2 14 5 0
4 2 14 6 0
4 2 14 7 0
4 2 14 8 0
4 2 14 9 0
4 2 14 10 0
4 2 14 11 0
4 2 14 12 0
4 2 14 13 0
4 2 14 14 0
4 2 14 15 0
4 2 15 0 0
4 2 15 1 0
4 2 15 2 0
4 2 15 3 0
4 2 15 4 0
4 2 15 5 0
4 2 15 6 0
4 2 15 7 0
4 2 15 8 0
4 2 15 9 0
4 2 15 10 0
4 2 15 11 0
4 2 15 12 0
4 2 15 13 0
4 2 15 14 0
4 2 15 15 0
4 3 0 0 0
4 3 0 1 0
4 3 0 2 0
4 3 0 3 0
4 3 0 4 0
4 3 0 5 0
4 3 0 6 0
4 3 0 7 0
4 3 0 8 0
4 3 0 9 0
4 3 0 10 0
4 3 0 11 0
4 3 0 12 0
4 3 0 13 0
4 3 0 14 0
4 3 0 15 0
4 3 1 0 0
4 3 1 1 0
4 3 1 2 0
4 3 1 3 0
4 3 1 4 0
4 3 1 5 0
4 3 1 6 0
4 3 1 7 0
4 3 1 8 0
4 3 1 9 0
4 3 1 10 0
4 3 1 11 0
4 3 1 12 0
4 3 1 13 0
4 3 1 14 0
4 3 1 15 0
4 3 2 0 0
4 3 2 1 0
4 3 2 2 0
4 3 2 3 0
4 3 2 4 0
4 3 2 5 0
4 3 2 6 0
4 3 2 7 0
4 3 2 8 0
4 3 2 9 0
4 3 2 10 0
4 3 2 11 0
4 3 2 12 0
4 3 2 13 0
4 3 2 14 0
4 3 2 15 0
4 3 3 0 0
4 3 3 1 0
4 3 3 2 0
4 3 3 3 0
4 3 3 4 -0.4448478237593216
4 3 3 5 0
4 3 3 6 0
4 3 3 7 0
4 3 3 8 0
4 3 3 9 -0.02840868137048629
4 3 3 10 0
4 3 3 11 0
4 3 3 12 0
4 3 3 13 0
4 3 3 14 0
4 3 3 15 0
4 3 4 0 0
4 3 4 1 0
4 3 4 2 0
4 3 4 3 1.338264182204935
4 3 4 4 0
4 3 4 5 0
4 3 4 6 0
4 3 4 7 0
4 3 4 8 0.07227090167794702
4 3 4 9 0
4 3 4 10 0
4 3 4 11 0
4 3 4 12 0
4 3 4 13 0
4 3 4 14 0
4 3 4 15 0
4 3 5 0 0
4 3 5 1 0
4 3 5 2 0
4 3 5 3 0
4 3 5 4 0
4 3 5 5 0
4 3 5 6 0.09533607817175976
4 3 5 7 0
4 3 5 8 0
4 3 5 9 0
4 3 5 10 0
4 3 5 11 0
4 3 5 12 0
4 3 5 13 -0.005836306089805395
4 3 5 14 0
4 3 5 15 0
4 3 6 0 0
4 3 6 1 0
4 3 6 2 0
4 3 6 3 0
4 3 6 4 0
4 3 6 5 -0.4917477994333264
4 3 6 6 0
4 3 6 7 0
4 3 6 8 0
4 3 6 9 0
4 3 6 10 0
4 3 6 11 0
4 3 6 12 -0.02645973685373743
4 3 6 13 0
4 3 6 14 0
4 3 6 15 0
4 3 7 0 0
4 3 7 1 0
4 3 7 2 0
4 3 7 3 0
4 3 7 4 0
4 3 7 5 0
4 3 7 6 0
4 3 7 7 0
4 3 7 8 0
4 3 7 9 0
4 3 7 10 0
4 3 7 11 0
4 3 7 12 0
4 3 7 13 0
4 3 7 14 0
4 3 7 15 0
4 3 8 0 0
4 3 8 1 0
4 3 8 2 0
4 3 8 3 0
4 3 8 4 -0.02899762150283109
4 3 8 5 0
4 3 8 6 0
4 3 8 7 0
4 3 8 8 0
4 3 8 9 0
4 3 8 10 0
4 3 8 11 0
4 3 8 12 0
4 3 8 13 0
4 3 8 14 0
4 3 8 15 0
4 3 9 0 0
4 3 9 1 0
4 3 9 2 0
4 3 9 3 0.0668512437342013
4 3 9 4 0
4 3 9 5 0
4 3 9 6 0
4 3 9 7 0
4 3 9 8 0
4 3 9 9 0
4 3 9 10 0
4 3 9 11 0
4 3 9 12 0
4 3 9 13 0
4 3 9 14 0
4 3 9 15 0
4 3 10 0 0
4 3 10 1 0
4 3 10 2 0
4 3 10 3 0
4 3 10 4 0
4 3 10 5 0
4 3 10 6 0
4 3 10 7 0
4 3 10 8 0
4 3 10 9 0
4 3 10 10 0
4 3 10 11 0
4 3 10 12 0
4 3 10 13 0
4 3 10 14 0
4 3 10 15 0
4 3 11 0 0
4 3 11 1 0
4 3 11 2 0
4 3 11 3 0
4 3 11 4 0
4 3 11 5 0
4 3 11 6 0
4 3 11 7 0
4 3 11 8 0
4 3 11 9 0
4 3 11 10 0
4 3 11 11 0
4 3 11 12 0
4 3 11 13 0
4 3 11 14 0
4 3 11 15 0
4 3 12 0 0
4 3 12 1 0
4 3 12 2 0
4 3 12 3 0
4 3 12 4 0
4 3 12 5 0
4 3 12 6 -0.002595996656309945
4 3 12 7 0
4 3 12 8 0
4 3 12 9 0
4 3 12 10 0
4 3 12 11 0
4 3 12 12 0
4 3 12 13 0
4 3 12 14 0
4 3 12 15 0
4 3 13 0 0
4 3 13 1 0
4 3 13 2 0
4 3 13 3 0
4 3 13 4 0
4 3 13 5 -0.02497814752670067
4 3 13 6 0
4 3 13 7 0
4 3 13 8 0
4 3 13 9 0
4 3 13 10 0
4 3 13 11 0
4 3 13 12 0
4 3 13 13 0
4 3 13 14 0
4 3 13 15 0
4 3 14 0 0
4 3 14 1 0
4 3 14 2 0
4 3 14 3 0
4 3 14 4 0
4 3 14 5 0
4 3 14 6 0
4 3 14 7 0
4 3 14 8 0
4 3 14 9 0
4 3 14 10 0
4 3 14 11 0
4 3 14 12 0
4 3 14 13 0
4 3 14 14 0
4 3 14 15 0
4 3 15 0 0
4 3 15 1 0
4 3 15 2 0
4 3 15 3 0
4 3 15 4 0
4 3 15 5 0
4 3 15 6 0
4 3 15 7 0
4 3 15 8 0
4 3 15 9 0
4 3 15 10 0
4 3 15 11 0
4 3 15 12 0
4 3 15 13 0
4 3 15 14 0
4 3 15 15 0
4 4 0 0 0
4 4 0 1 0
4 4 0 2 0
4 4 0 3 0
4 4 0 4 0
4 4 0 5 0
4 4 0 6 0
4 4 0 7 0
4 4 0 8 0
4 4 0 9 0
4 4 0 10 0
4 4 0 11 0
4 4 0 12 0
4 4 0 13 0
4 4 0 14 0
4 4 0 15 0
4 4 1 0 0
4 4 1 1 0
4 4 1 2 0
4 4 1 3 0
4 4 1 4 0
4 4 1 5 0
4 4 1 6 0
4 4 1 7 0
4 4 1 8 0
4 4 1 9 0
4 4 1 10 0
4 4 1 11 0
4 4 1 12 0
4 4 1 13 0
4 4 1 14 0
4 4 1 15 0
4 4 2 0 0
4 4 2 1 0
4 4 2 2 0
4 4 2 3 0
4 4 2 4 0
4 4 2 5 0
4 4 2 6 0
4 4 2 7 0
4 4 2 8 0
4 4 2 9 0
4 4 2 10 0
4 4 2 11 0
4 4 2 12 0
4 4 2 13 0
4 4 2 14 0
4 4 2 15 0
4 4 3 0 0
4 4 3 1 0
4 4 3 2 0
4 4 3 3 0
4 4 3 4 0
4 4 3 5 0
4 4 3 6 0
4 4 3 7 0
4 4 3 8 0
4 4 3 9 0
4 4 3 10 0
4 4 3 11 0
4 4 3 12 0
4 4 3 13 0
4 4 3 14 0
4 4 3 15 0
4 4 4 0 0
4 4 4 1 0
4 4 4 2 0
4 4 4 3 0
4 4 4 4 0.7247892032538155
4 4 4 5 0
4 4 4 6 0
4 4 4 7 0
4 4 4 8 0
4 4 4 9 0.03392650664339833
4 4 4 10 0
4 4 4 11 0
4 4 4 12 0
4 4 4 13 0
4 4 4 14 0
4 4 4 15 0
4 4 5 0 0
4 4 5 1 0
4 4 5 2 0
4 4 5 3 0
4 4 5 4 0
4 4 5 5 -0.2572621122005461
4 4 5 6 0
4 4 5 7 0
4 4 5 8 0
4 4 5 9 0
4 4 5 10 0
4 4 5 11 0
4 4 5 12 -0.02511433469373535
4 4 5 13 0
4 4 5 14 0
4 4 5 15 0
4 4 6 0 0
4 4 6 1 0
4 4 6 2 0
4 4 6 3 0
4 4 6 4 0
4 4 6 5 0
4 4 6 6 0
4 4 6 7 0
4 4 6 8 0
4 4 6 9 0
4 4 6 10 0
4 4 6 11 0
4 4 6 12 0
4 4 6 13 0
4 4 6 14 0
4 4 6 15 0
4 4 7 0 0
4 4 7 1 0
4 4 7 2 0
4 4 7 3 0
4 4 7 4 0
4 4 7 5 0
4 4 7 6 0
4 4 7 7 0
4 4 7 8 0
4 4 7 9 0
4 4 7 10 0
4 4 7 11 0
4 4 7 12 0
4 4 7 13 0
4 4 7 14 0
4 4 7 15 0
4 4 8 0 0
4 4 8 1 0
4 4 8 2 0
4 4 8 3 0
4 4 8 4 0
4 4 8 5 0
4 4 8 6 0
4 4 8 7 0
4 4 8 8 0
4 4 8 9 0
4 4 8 10 0
4 4 8 11 0
4 4 8 12 0
4 4 8 13 0
4 4 8 14 0
4 4 8 15 0
4 4 9 0 0
4 4 9 1 0
4 4 9 2 0
4 4 9 3 0
4 4 9 4 0.03392650664339833
4 4 9 5 0
4 4 9 6 0
4 4 9 7 0
4 4 9 8 0
4 4 9 9 0
4 4 9 10 0
4 4 9 11 0
4 4 9 12 0
4 4 9 13 0
4 4 9 14 0
4 4 9 15 0
4 4 10 0 0
4 4 10 1 0
4 4 10 2 0
4 4 10 3 0
4 4 10 4 0
4 4 10 5 0
4 4 10 6 0
4 4 10 7 0
4 4 10 8 0
4 4 10 9 0
4 4 10 10 0
4 4 10 11 0
4 4 10 12 0
4 4 10 13 0
4 4 10 14 0
4 4 10 15 0
4 4 11 0 0
4 4 11 1 0
4 4 11 2 0
4 4 11 3 0
4 4 11 4 0
4 4 11 5 0
4 4 11 6 0
4 4 11 7 0
4 4 11 8 0
4 4 11 9 0
4 4 11 10 0
4 4 11 11 0
4 4 11 12 0
4 4 11 13 0
4 4 11 14 0
4 4 11 15 0
4 4 12 0 0
4 4 12 1 0
4 4 12 2 0
4 4 12 3 0
4 4 12 4 0
4 4 12 5 -0.02511433469373535
4 4 12 6 0
4 4 12 7 0
4 4 12 8 0
4 4 12 9 0
4 4 12 10 0
4 4 12 11 0
4 4 12 12 0
4 4 12 13 0
4 4 12 14 0
4 4 12 15 0
4 4 13 0 0
4 4 13 1 0
4 4 13 2 0
4 4 13 3 0
4 4 13 4 0
4 4 13 5 0
4 4 13 6 0
4 4 13 7 0
4 4 13 8 0
4 4 13 9 0
4 4 13 10 0
4 4 13 11 0
4 4 13 12 0
4 4 13 13 0
4 4 13 14 0
4 4 13 15 0
4 4 14 0 0
4 4 14 1 0
4 4 14 2 0
4 4 14 3 0
4 4 14 4 0
4 4 14 5 0
4 4 14 6 0
4 4 14 7 0
4 4 14 8 0
4 4 14 9 0
4 4 14 10 0
4 4 14 11 0
4 4 14 12 0
4 4 14 13 0
4 4 14 14 0
4 4 14 15 0
4 4 15 0 0
4 4 15 1 0
4 4 15 2 0
4 4 15 3 0
4 4 15 4 0
4 4 15 5 0
4 4 15 6 0
4 4 15 7 0
4 4 15 8 0
4 4 15 9 0
4 4 15 10 0
4 4 15 11 0
4 4 15 12 0
4 4 15 13 0
4 4 15 14 0
4 4 15 15 0
4 5 0 0 0
4 5 0 1 0
4 5 0 2 0
4 5 0 3 0
4 5 0 4 0
4 5 0 5 0
4 5 0 6 0
4 5 0 7 0
4 5 0 8 0
4 5 0 9 0
4 5 0 10 0
4 5 0 11 0
4 5 0 12 0
4 5 0 13 0
4 5 0 14 0
4 5 0 15 0
4 5 1 0 0
4 5 1 1 0
4 5 1 2 0
4 5 1 3 0
4 5 1 4 0
4 5 1 5 0
4 5 1 6 0
4 5 1 7 0
4 5 1 8 0
4 5 1 9 0
4 5 1 10 0
4 5 1 11 0
4 5 1 12 0
4 5 1 13 0
4 5 1 14 0
4 5 1 15 0
4 5 2 0 0
4 5 2 1 0
4 5 2 2 0
4 5 2 3 0
4 5 2 4 0
4 5 2 5 0
4 5 2 6 0
4 5 2 7 0
4 5 2 8 0
4 5 2 9 0
4 5 2 10 0
4 5 2 11 0
4 5 2 12 0
4 5 2 13 0
4 5 2 14 0
4 5 2 15 0
4 5 3 0 0
4 5 3 1 0
4 5 3 2 0
4 5 3 3 0
4 5 3 4 0
4 5 3 5 0
4 5 3 6 0
4 5 3 7 0
4 5 3 8 0
4 5 3 9 0
4 5 3 10 0
4 5 3 11 0
4 5 3 12 0
4 5 3 13 0
4 5 3 14 0
4 5 3 15 0
4 5 4 0 0
4 5 4 1 0
4 5 4 2 0
4 5 4 3 0
4 5 4 4 0
4 5 4 5 0.5187970256849588
4 5 4 6 0
4 5 4 7 0
4 5 4 8 0
4 5 4 9 0
4 5 4 10 0
4 5 4 11 0
4 5 4 12 0.02043632357037963
4 5 4 13 0
4 5 4 14 0
4 5 4 15 0
4 5 5 0 0
4 5 5 1 0
4 5 5 2 0
4 5 5 3 0
4 5 5 4 -0.438625002012658
4 5 5 5 0
4 5 5 6 0
4 5 5 7 0
4 5 5 8 0
4 5 5 9 -0.01737861478538636
4 5 5 10 0
4 5 5 11 0
4 5 5 12 0
4 5 5 13 0
4 5 5 14 0
4 5 5 15 0
4 5 6 0 0
4 5 6 1 0
4 5 6 2 0
4 5 6 3 0
4 5 6 4 0
4 5 6 5 0
4 5 6 6 0
4 5 6 7 0
4 5 6 8 0
4 5 6 9 0
4 5 6 10 0
4 5 6 11 0
4 5 6 12 0
4 5 6 13 0
4 5 6 14 0
4 5 6 15 0
4 5 7 0 0
4 5 7 1 0
4 5 7 2 0
4 5 7 3 0
4 5 7 4 0
4 5 7 5 0
4 5 7 6 0
4 5 7 7 0
4 5 7 8 0
4 5 7 9 0
4 5 7 10 0
4 5 7 11 0
4 5 7 12 0
4 5 7 13 0
4 5 7 14 0
4 5 7 15 0
4 5 8 0 0
4 5 8 1 0
4 5 8 2 0
4 5 8 3 0
4 5 8 4 0
4 5 8 5 0
4 5 8 6 0
4 5 8 7 0
4 5 8 8 0
4 5 8 9 0
4 5 8 10 0
4 5 8 11 0
4 5 8 12 0
4 5 8 13 0
4 5 8 14 0
4 5 8 15 0
4 5 9 0 0
4 5 9 1 0
4 5 9 2 0
4 5 9 3 0
4 5 9 4 0
4 5 9 5 0.02326208019475875
4 5 9 6 0
4 5 9 7 0
4 5 9 8 0
4 5 9 9 0
4 5 9 10 0
4 5 9 11 0
4 5 9 12 0
4 5 9 13 0
4 5 9 14 0
4 5 9 15 0
4 5 10 0 0
4 5 10 1 0
4 5 10 2 0
4 5 10 3 0
4 5 10 4 0
4 5 10 5 0
4 5 10 6 0
4 5 10 7 0
4 5 10 8 0
4 5 10 9 0
4 5 10 10 0
4 5 10 11 0
4 5 10 12 0
4 5 10 13 0
4 5 10 14 0
4 5 10 15 0
4 5 11 0 0
4 5 11 1 0
4 5 11 2 0
4 5 11 3 0
4 5 11 4 0
4 5 11 5 0
4 5 11 6 0
4 5 11 7 0
4 5 11 8 0
4 5 11 9 0
4 5 11 10 0
4 5 11 11 0
4 5 11 12 0
4 5 11 13 0
4 5 11 14 0
4 5 11 15 0
4 5 12 0 0
4 5 12 1 0
4 5 12 2 0
4 5 12 3 0
4 5 12 4 -0.02119278604192504
4 5 12 5 0
4 5 12 6 0
4 5 12 7 0
4 5 12 8 0
4 5 12 9 0
4 5 12 10 0
4 5 12 11 0
4 5 12 12 0
4 5 12 13 0
4 5 12 14 0
4 5 12 15 0
4 5 13 0 0
4 5 13 1 0
4 5 13 2 0
4 5 13 3 0
4 5 13 4 0
4 5 13 5 0
4 5 13 6 0
4 5 13 7 0
4 5 13 8 0
4 5 13 9 0
4 5 13 10 0
4 5 13 11 0
4 5 13 12 0
4 5 13 13 0
4 5 13 14 0
4 5 13 15 0
4 5 14 0 0
4 5 14 1 0
4 5 14 2 0
4 5 14 3 0
4 5 14 4 0
4 5 14 5 0
4 5 14 6 0
4 5 14 7 0
4 5 14 8 0
4 5 14 9 0
4 5 14 10 0
4 5 14 11 0
4 5 14 12 0
4 5 14 13 0
4 5 14 14 0
4 5 14 15 0
4 5 15 0 0
4 5 15 1 0
4 5 15 2 0
4 5 15 3 0
4 5 15 4 0
4 5 15 5 0
4 5 15 6 0
4 5 15 7 0
4 5 15 8 0
4 5 15 9 0
4 5 15 10 0
4 5 15 11 0
4 5 15 12 0
4 5 15 13 0
4 5 15 14 0
4 5 15 15 0
4 6 0 0 0
4 6 0 1 0
4 6 0 2 0
4 6 0 3 0
4 6 0 4 0
4 6 0 5 0
4 6 0 6 0
4 6 0 7 0
4 6 0 8 0
4 6 0 9 0
4 6 0 10 0
4 6 0 11 0
4 6 0 12 0
4 6 0 13 0
4 6 0 14 0
4 6 0 15 0
4 6 1 0 0
4 6 1 1 0
4 6 1 2 0
4 6 1 3 0
4 6 1 4 0
4 6 1 5 0
4 6 1 6 0
4 6 1 7 0
4 6 1 8 0
4 6 1 9 0
4 6 1 10 0
4 6 1 11 0
4 6 1 12 0
4 6 1 13 0
4 6 1 14 0
4 6 1 15 0
4 6 2 0 0
4 6 2 1 0
4 6 2 2 0
4 6 2 3 0
4 6 2 4 0
4 6 2 5 0
4 6 2 6 0
4 6 2 7 0
4 6 2 8 0
4 6 2 9 0
4 6 2 10 0
4 6 2 11 0
4 6 2 12 0
4 6 2 13 0
4 6 2 14 0
4 6 2 15 0
4 6 3 0 0
4 6 3 1 0
4 6 3 2 0
4 6 3 3 0
4 6 3 4 0
4 6 3 5 -0.7063671547788607
4 6 3 6 0
4 6 3 7 0
4 6 3 8 0
4 6 3 9 0
4 6 3 10 0
4 6 3 11 0
4 6 3 12 -0.04940112303230675
4 6 3 13 0
4 6 3 14 0
4 6 3 15 0
4 6 4 0 0
4 6 4 1 0
4 6 4 2 0
4 6 4 3 0
4 6 4 4 0
4 6 4 5 0
4 6 4 6 1.14534264208985
4 6 4 7 0
4 6 4 8 0
4 6 4 9 0
4 6 4 10 0
4 6 4 11 0
4 6 4 12 0
4 6 4 13 0.06353302163219478
4 6 4 14 0
4 6 4 15 0
4 6 5 0 0
4 6 5 1 0
4 6 5 2 0
4 6 5 3 -0.1919204991442376
4 6 5 4 0
4 6 5 5 0
4 6 5 6 0
4 6 5 7 0
4 6 5 8 -0.0178743193011376
4 6 5 9 0
4 6 5 10 0
4 6 5 11 0
4 6 5 12 0
4 6 5 13 0
4 6 5 14 0
4 6 5 15 0
4 6 6 0 0
4 6 6 1 0
4 6 6 2 0
4 6 6 3 0
4 6 6 4 -0.04306161024929356
4 6 6 5 0
4 6 6 6 0
4 6 6 7 0
4 6 6 8 0
4 6 6 9 0.01186078951247431
4 6 6 10 0
4 6 6 11 0
4 6 6 12 0
4 6 6 13 0
4 6 6 14 0
4 6 6 15 0
4 6 7 0 0
4 6 7 1 0
4 6 7 2 0
4 6 7 3 0
4 6 7 4 0
4 6 7 5 0
4 6 7 6 0
4 6 7 7 0
4 6 7 8 0
4 6 7 9 0
4 6 7 10 0
4 6 7 11 0
4 6 7 12 0
4 6 7 13 0
4 6 7 14 0
4 6 7 15 0
4 6 8 0 0
4 6 8 1 0
4 6 8 2 0
4 6 8 3 0
4 6 8 4 0
4 6 8 5 -0.02630166959900439
4 6 8 6 0
4 6 8 7 0
4 6 8 8 0
4 6 8 9 0
4 6 8 10 0
4 6 8 11 0
4 6 8 12 0
4 6 8 13 0
4 6 8 14 0
4 6 8 15 0
4 6 9 0 0
4 6 9 1 0
4 6 9 2 0
4 6 9 3 0
4 6 9 4 0
4 6 9 5 0
4 6 9 6 0.04752592994211288
4 6 9 7 0
4 6 9 8 0
4 6 9 9 0
4 6 9 10 0
4 6 9 11 0
4 6 9 12 0
4 6 9 13 0
4 6 9 14 0
4 6 9 15 0
4 6 10 0 0
4 6 10 1 0
4 6 10 2 0
4 6 10 3 0
4 6 10 4 0
4 6 10 5 0
4 6 10 6 0
4 6 10 7 0
4 6 10 8 0
4 6 10 9 0
4 6 10 10 0
4 6 10 11 0
4 6 10 12 0
4 6 10 13 0
4 6 10 14 0
4 6 10 15 0
4 6 11 0 0
4 6 11 1 0
4 6 11 2 0
4 6 11 3 0
4 6 11 4 0
4 6 11 5 0
4 6 11 6 0
4 6 11 7 0
4 6 11 8 0
4 6 11 9 0
4 6 11 10 0
4 6 11 11 0
4 6 11 12 0
4 6 11 13 0
4 6 11 14 0
4 6 11 15 0
4 6 12 0 0
4 6 12 1 0
4 6 12 2 0
4 6 12 3 -0.005101400631258669
4 6 12 4 0
4 6 12 5 0
4 6 12 6 0
4 6 12 7 0
4 6 12 8 0
4 6 12 9 0
4 6 12 10 0
4 6 12 11 0
4 6 12 12 0
4 6 12 13 0
4 6 12 14 0
4 6 12 15 0
4 6 13 0 0
4 6 13 1 0
4 6 13 2 0
4 6 13 3 0
4 6 13 4 -0.01006594989506482
4 6 13 5 0
4 6 13 6 0
4 6 13 7 0
4 6 13 8 0
4 6 13 9 0
4 6 13 10 0
4 6 13 11 0
4 6 13 12 0
4 6 13 13 0
4 6 13 14 0
4 6 13 15 0
4 6 14 0 0
4 6 14 1 0
4 6 14 2 0
4 6 14 3 0
4 6 14 4 0
4 6 14 5 0
4 6 14 6 0
4 6 14 7 0
4 6 14 8 0
4 6 14 9 0
4 6 14 10 0
4 6 14 11 0
4 6 14 12 0
4 6 14 13 0
4 6 14 14 0
4 6 14 15 0
4 6 15 0 0
4 6 15 1 0
4 6 15 2 0
4 6 15 3 0
4 6 15 4 0
4 6 15 5 0
4 6 15 6 0
4 6 15 7 0
4 6 15 8 0
4 6 15 9 0
4 6 15 10 0
4 6 15 11 0
4 6 15 12 0
4 6 15 13 0
4 6 15 14 0
4 6 15 15 0
4 7 0 0 0
4 7 0 1 0
4 7 0 2 0
4 7 0 3 0
4 7 0 4 0
4 7 0 5 0
4 7 0 6 0
4 7 0 7 0
4 7 0 8 0
4 7 0 9 0
4 7 0 10 0
4 7 0 11 0
4 7 0 12 0
4 7 0 13 0
4 7 0 14 0
4 7 0 15 0
4 7 1 0 0
4 7 1 1 0
4 7 1 2 0
4 7 1 3 0
4 7 1 4 0
4 7 1 5 0
4 7 1 6 0
4 7 1 7 0
4 7 1 8 0
4 7 1 9 0
4 7 1 10 0
4 7 1 11 0
4 7 1 12 0
4 7 1 13 0
4 7 1 14 0
4 7 1 15 0
4 7 2 0 0
4 7 2 1 0
4 7 2 2 0
4 7 2 3 0
4 7 2 4 0
4 7 2 5 0.2863408358657057
4 7 2 6 0
4 7 2 7 0
4 7 2 8 0
4 7 2 9 0
4 7 2 10 0
4 7 2 11 0
4 7 2 12 0.02149394314781867
4 7 2 13 0
4 7 2 14 0
4 7 2 15 0
4 7 3 0 0
4 7 3 1 0
4 7 3 2 0
4 7 3 3 0
4 7 3 4 0
4 7 3 5 0
4 7 3 6 0
4 7 3 7 0
4 7 3 8 0
4 7 3 9 0
4 7 3 10 0
4 7 3 11 0
4 7 3 12 0
4 7 3 13 0
4 7 3 14 0
4 7 3 15 0
4 7 4 0 0
4 7 4 1 0
4 7 4 2 0
4 7 4 3 0
4 7 4 4 0
4 7 4 5 0
4 7 4 6 0
4 7 4 7 0.3735700583965558
4 7 4 8 0
4 7 4 9 0
4 7 4 10 0
4 7 4 11 0
4 7 4 12 0
4 7 4 13 0
4 7 4 14 0
4 7 4 15 0
4 7 5 0 0
4 7 5 1 0
4 7 5 2 -0.06370675689527565
4 7 5 3 0
4 7 5 4 0
4 7 5 5 0
4 7 5 6 0
4 7 5 7 0
4 7 5 8 0
4 7 5 9 0
4 7 5 10 0
4 7 5 11 -0.001070526327524868
4 7 5 12 0
4 7 5 13 0
4 7 5 14 0.003151788755979571
4 7 5 15 0
4 7 6 0 0
4 7 6 1 0
4 7 6 2 0
4 7 6 3 0
4 7 6 4 0
4 7 6 5 0
4 7 6 6 0
4 7 6 7 0
4 7 6 8 0
4 7 6 9 0
4 7 6 10 0
4 7 6 11 0
4 7 6 12 0
4 7 6 13 0
4 7 6 14 0
4 7 6 15 0
4 7 7 0 0
4 7 7 1 0
4 7 7 2 0
4 7 7 3 0
4 7 7 4 -0.1591896059199724
4 7 7 5 0
4 7 7 6 0
4 7 7 7 0
4 7 7 8 0
4 7 7 9 0
4 7 7 10 0
4 7 7 11 0
4 7 7 12 0
4 7 7 13 0
4 7 7 14 0
4 7 7 15 0
4 7 8 0 0
4 7 8 1 0
4 7 8 2 0
4 7 8 3 0
4 7 8 4 0
4 7 8 5 0
4 7 8 6 0
4 7 8 7 0
4 7 8 8 0
4 7 8 9 0
4 7 8 10 0
4 7 8 11 0
4 7 8 12 0
4 7 8 13 0
4 7 8 14 0
4 7 8 15 0
4 7 9 0 0
4 7 9 1 0
4 7 9 2 0
4 7 9 3 0
4 7 9 4 0
4 7 9 5 0
4 7 9 6 0
4 7 9 7 0
4 7 9 8 0
4 7 9 9 0
4 7 9 10 0
4 7 9 11 0
4 7 9 12 0
4 7 9 13 0
4 7 9 14 0
4 7 9 15 0
4 7 10 0 0
4 7 10 1 0
4 7 10 2 0
4 7 10 3 0
4 7 10 4 0
4 7 10 5 0
4 7 10 6 0
4 7 10 7 0
4 7 10 8 0
4 7 10 9 0
4 7 10 10 0
4 7 10 11 0
4 7 10 12 0
4 7 10 13 0
4 7 10 14 0
4 7 10 15 0
4 7 11 0 0
4 7 11 1 0
4 7 11 2 0
4 7 11 3 0
4 7 11 4 0
4 7 11 5 -0.0007764188971342496
4 7 11 6 0
4 7 11 7 0
4 7 11 8 0
4 7 11 9 0
4 7 11 10 0
4 7 11 11 0
4 7 11 12 0
4 7 11 13 0
4 7 11 14 0
4 7 11 15 0
4 7 12 0 0
4 7 12 1 0
4 7 12 2 -0.00623412232071595
4 7 12 3 0
4 7 12 4 0
4 7 12 5 0
4 7 12 6 0
4 7 12 7 0
4 7 12 8 0
4 7 12 9 0
4 7 12 10 0
4 7 12 11 0
4 7 12 12 0
4 7 12 13 0
4 7 12 14 0
4 7 12 15 0
4 7 13 0 0
4 7 13 1 0
4 7 13 2 0
4 7 13 3 0
4 7 13 4 0
4 7 13 5 0
4 7 13 6 0
4 7 13 7 0
4 7 13 8 0
4 7 13 9 0
4 7 13 10 0
4 7 13 11 0
4 7 13 12 0
4 7 13 13 0
4 7 13 14 0
4 7 13 15 0
4 7 14 0 0
4 7 14 1 0
4 7 14 2 0
4 7 14 3 0
4 7 14 4 0
4 7 14 5 0.001615002384896459
4 7 14 6 0
4 7 14 7 0
4 7 14 8 0
4 7 14 9 0
4 7 14 10 0
4 7 14 11 0
4 7 14 12 0
4 7 14 13 0
4 7 14 14 0
4 7 14 15 0
4 7 15 0 0
4 7 15 1 0
4 7 15 2 0
4 7 15 3 0
4 7 15 4 0
4 7 15 5 0
4 7 15 6 0
4 7 15 7 0
4 7 15 8 0
4 7 15 9 0
4 7 15 10 0
4 7 15 11 0
4 7 15 12 0
4 7 15 13 0
4 7 15 14 0
4 7 15 15 0
4 8 0 0 0
4 8 0 1 0
4 8 0 2 0
4 8 0 3 0
4 8 0 4 0
4 8 0 5 0
4 8 0 6 0
4 8 0 7 0
4 8 0 8 0
4 8 0 9 0
4 8 0 10 0
4 8 0 11 0
4 8 0 12 0
4 8 0 13 0
4 8 0 14 0
4 8 0 15 0
4 8 1 0 0
4 8 1 1 0
4 8 1 2 0
4 8 1 3 0
4 8 1 4 0
4 8 1 5 0
4 8 1 6 0
4 8 1 7 0
4 8 1 8 0
4 8 1 9 0
4 8 1 10 0
4 8 1 11 0
4 8 1 12 0
4 8 1 13 0
4 8 1 14 0
4 8 1 15 0
4 8 2 0 0
4 8 2 1 0
4 8 2 2 0
4 8 2 3 0
4 8 2 4 0
4 8 2 5 0
4 8 2 6 0
4 8 2 7 0
4 8 2 8 0
4 8 2 9 0
4 8 2 10 0
4 8 2 11 0
4 8 2 12 0
4 8 2 13 0
4 8 2 14 0
4 8 2 15 0
4 8 3 0 0
4 8 3 1 0
4 8 3 2 0
4 8 3 3 0
4 8 3 4 -0.02899762150283109
4 8 3 5 0
4 8 3 6 0
4 8 3 7 0
4 8 3 8 0
4 8 3 9 -0.002416825520635798
4 8 3 10 0
4 8 3 11 0
4 8 3 12 0
4 8 3 13 0
4 8 3 14 0
4 8 3 15 0
4 8 4 0 0
4 8 4 1 0
4 8 4 2 0
4 8 4 3 0.07227090167794702
4 8 4 4 0
4 8 4 5 0
4 8 4 6 0
4 8 4 7 0
4 8 4 8 0.005084221134894543
4 8 4 9 0
4 8 4 10 0
4 8 4 11 0
4 8 4 12 0
4 8 4 13 0
4 8 4 14 0
4 8 4 15 0
4 8 5 0 0
4 8 5 1 0
4 8 5 2 0
4 8 5 3 0
4 8 5 4 0
4 8 5 5 0
4 8 5 6 0.007084157751018732
4 8 5 7 0
4 8 5 8 0
4 8 5 9 0
4 8 5 10 0
4 8 5 11 0
4 8 5 12 0
4 8 5 13 -0.0003871599719217846
4 8 5 14 0
4 8 5 15 0
4 8 6 0 0
4 8 6 1 0
4 8 6 2 0
4 8 6 3 0
4 8 6 4 0
4 8 6 5 -0.0308871666826084
4 8 6 6 0
4 8 6 7 0
4 8 6 8 0
4 8 6 9 0
4 8 6 10 0
4 8 6 11 0
4 8 6 12 -0.001755245667331402
4 8 6 13 0
4 8 6 14 0
4 8 6 15 0
4 8 7 0 0
4 8 7 1 0
4 8 7 2 0
4 8 7 3 0
4 8 7 4 0
4 8 7 5 0
4 8 7 6 0
4 8 7 7 0
4 8 7 8 0
4 8 7 9 0
4 8 7 10 0
4 8 7 11 0
4 8 7 12 0
4 8 7 13 0
4 8 7 14 0
4 8 7 15 0
4 8 8 0 0
4 8 8 1 0
4 8 8 2 0
4 8 8 3 0
4 8 8 4 -0.002448050942192158
4 8 8 5 0
4 8 8 6 0
4 8 8 7 0
4 8 8 8 0
4 8 8 9 0
4 8 8 10 0
4 8 8 11 0
4 8 8 12 0
4 8 8 13 0
4 8 8 14 0
4 8 8 15 0
4 8 9 0 0
4 8 9 1 0
4 8 9 2 0
4 8 9 3 0.004761152818953214
4 8 9 4 0
4 8 9 5 0
4 8 9 6 0
4 8 9 7 0
4 8 9 8 0
4 8 9 9 0
4 8 9 10 0
4 8 9 11 0
4 8 9 12 0
4 8 9 13 0
4 8 9 14 0
4 8 9 15 0
4 8 10 0 0
4 8 10 1 0
4 8 10 2 0
4 8 10 3 0
4 8 10 4 0
4 8 10 5 0
4 8 10 6 0
4 8 10 7 0
4 8 10 8 0
4 8 10 9 0
4 8 10 10 0
4 8 10 11 0
4 8 10 12 0
4 8 10 13 0
4 8 10 14 0
4 8 10 15 0
4 8 11 0 0
4 8 11 1 0
4 8 11 2 0
4 8 11 3 0
4 8 11 4 0
4 8 11 5 0
4 8 11 6 0
4 8 11 7 0
4 8 11 8 0
4 8 11 9 0
4 8 11 10 0
4 8 11 11 0
4 8 11 12 0
4 8 11 13 0
4 8 11 14 0
4 8 11 15 0
4 8 12 0 0
4 8 12 1 0
4 8 12 2 0
4 8 12 3 0
4 8 12 4 0
4 8 12 5 0
4 8 12 6 -0.0001722092668034685
4 8 12 7 0
4 8 12 8 0
4 8 12 9 0
4 8 12 10 0
4 8 12 11 0
4 8 12 12 0
4 8 12 13 0
4 8 12 14 0
4 8 12 15 0
4 8 13 0 0
4 8 13 1 0
4 8 13 2 0
4 8 13 3 0
4 8 13 4 0
4 8 13 5 -0.001656962254256627
4 8 13 6 0
4 8 13 7 0
4 8 13 8 0
4 8 13 9 0
4 8 13 10 0
4 8 13 11 0
4 8 13 12 0
4 8 13 13 0
4 8 13 14 0
4 8 13 15 0
4 8 14 0 0
4 8 14 1 0
4 8 14 2 0
4 8 14 3 0
4 8 14 4 0
4 8 14 5 0
4 8 14 6 0
4 8 14 7 0
4 8 14 8 0
4 8 14 9 0
4 8 14 10 0
4 8 14 11 0
4 8 14 12 0
4 8 14 13 0
4 8 14 14 0
4 8 14 15 0
4 8 15 0 0
4 8 15 1 0
4 8 15 2 0
4 8 15 3 0
4 8 15 4 0
4 8 15 5 0
4 8 15 6 0
4 8 15 7 0
4 8 15 8 0
4 8 15 9 0
4 8 15 10 0
4 8 15 11 0
4 8 15 12 0
4 8 15 13 0
4 8 15 14 0
4 8 15 15 0
4 9 0 0 0
4 9 0 1 0
4 9 0 2 0
4 9 0 3 0
4 9 0 4 0
4 9 0 5 0
4 9 0 6 0
4 9 0 7 0
4 9 0 8 0
4 9 0 9 0
4 9 0 10 0
4 9 0 11 0
4 9 0 12 0
4 9 0 13 0
4 9 0 14 0
4 9 0 15 0
4 9 1 0 0
4 9 1 1 0
4 9 1 2 0
4 9 1 3 0
4 9 1 4 0
4 9 1 5 0
4 9 1 6 0
4 9 1 7 0
4 9 1 8 0
4 9 1 9 0
4 9 1 10 0
4 9 1 11 0
4 9 1 12 0
4 9 1 13 0
4 9 1 14 0
4 9 1 15 0
4 9 2 0 0
4 9 2 1 0
4 9 2 2 0
4 9 2 3 0
4 9 2 4 0
4 9 2 5 0
4 9 2 6 0
4 9 2 7 0
4 9 2 8 0
4 9 2 9 0
4 9 2 10 0
4 9 2 11 0
4 9 2 12 0
4 9 2 13 0
4 9 2 14 0
4 9 2 15 0
4 9 3 0 0
4 9 3 1 0
4 9 3 2 0
4 9 3 3 0
4 9 3 4 0
4 9 3 5 0
4 9 3 6 0
4 9 3 7 0
4 9 3 8 0
4 9 3 9 0
4 9 3 10 0
4 9 3 11 0
4 9 3 12 0
4 9 3 13 0
4 9 3 14 0
4 9 3 15 0
4 9 4 0 0
4 9 4 1 0
4 9 4 2 0
4 9 4 3 0
4 9 4 4 0.03392650664339833
4 9 4 5 0
4 9 4 6 0
4 9 4 7 0
4 9 4 8 0
4 9 4 9 0.001846872259278454
4 9 4 10 0
4 9 4 11 0
4 9 4 12 0
4 9 4 13 0
4 9 4 14 0
4 9 4 15 0
4 9 5 0 0
4 9 5 1 0
4 9 5 2 0
4 9 5 3 0
4 9 5 4 0
4 9 5 5 -0.0152206289332569
4 9 5 6 0
4 9 5 7 0
4 9 5 8 0
4 9 5 9 0
4 9 5 10 0
4 9 5 11 0
4 9 5 12 -0.001493542692037848
4 9 5 13 0
4 9 5 14 0
4 9 5 15 0
4 9 6 0 0
4 9 6 1 0
4 9 6 2 0
4 9 6 3 0
4 9 6 4 0
4 9 6 5 0
4 9 6 6 0
4 9 6 7 0
4 9 6 8 0
4 9 6 9 0
4 9 6 10 0
4 9 6 11 0
4 9 6 12 0
4 9 6 13 0
4 9 6 14 0
4 9 6 15 0
4 9 7 0 0
4 9 7 1 0
4 9 7 2 0
4 9 7 3 0
4 9 7 4 0
4 9 7 5 0
4 9 7 6 0
4 9 7 7 0
4 9 7 8 0
4 9 7 9 0
4 9 7 10 0
4 9 7 11 0
4 9 7 12 0
4 9 7 13 0
4 9 7 14 0
4 9 7 15 0
4 9 8 0 0
4 9 8 1 0
4 9 8 2 0
4 9 8 3 0
4 9 8 4 0
4 9 8 5 0
4 9 8 6 0
4 9 8 7 0
4 9 8 8 0
4 9 8 9 0
4 9 8 10 0
4 9 8 11 0
4 9 8 12 0
4 9 8 13 0
4 9 8 14 0
4 9 8 15 0
4 9 9 0 0
4 9 9 1 0
4 9 9 2 0
4 9 9 3 0
4 9 9 4 0.001846872259278454
4 9 9 5 0
4 9 9 6 0
4 9 9 7 0
4 9 9 8 0
4 9 9 9 0
4 9 9 10 0
4 9 9 11 0
4 9 9 12 0
4 9 9 13 0
4 9 9 14 0
4 9 9 15 0
4 9 10 0 0
4 9 10 1 0
4 9 10 2 0
4 9 10 3 0
4 9 10 4 0
4 9 10 5 0
4 9 10 6 0
4 9 10 7 0
4 9 10 8 0
4 9 10 9 0
4 9 10 10 0
4 9 10 11 0
4 9 10 12 0
4 9 10 13 0
4 9 10 14 0
4 9 10 15 0
4 9 11 0 0
4 9 11 1 0
4 9 11 2 0
4 9 11 3 0
4 9 11 4 0
4 9 11 5 0
4 9 11 6 0
4 9 11 7 0
4 9 11 8 0
4 9 11 9 0
4 9 11 10 0
4 9 11 11 0
4 9 11 12 0
4 9 11 13 0
4 9 11 14 0
4 9 11 15 0
4 9 12 0 0
4 9 12 1 0
4 9 12 2 0
4 9 12 3 0
4 9 12 4 0
4 9 12 5 -0.001493542692037848
4 9 12 6 0
4 9 12 7 0
4 9 12 8 0
4 9 12 9 0
4 9 12 10 0
4 9 12 11 0
4 9 12 12 0
4 9 12 13 0
4 9 12 14 0
4 9 12 15 0
4 9 13 0 0
4 9 13 1 0
4 9 13 2 0
4 9 13 3 0
4 9 13 4 0
4 9 13 5 0
4 9 13 6 0
4 9 13 7 0
4 9 13 8 0
4 9 13 9 0
4 9 13 10 0
4 9 13 11 0
4 9 13 12 0
4 9 13 13 0
4 9 13 14 0
4 9 13 15 0
4 9 14 0 0
4 9 14 1 0
4 9 14 2 0
4 9 14 3 0
4 9 14 4 0
4 9 14 5 0
4 9 14 6 0
4 9 14 7 0
4 9 14 8 0
4 9 14 9 0
4 9 14 10 0
4 9 14 11 0
4 9 14 12 0
4 9 14 13 0
4 9 14 14 0
4 9 14 15 0
4 9 15 0 0
4 9 15 1 0
4 9 15 2 0
4 9 15 3 0
4 9 15 4 0
4 9 15 5 0
4 9 15 6 0
4 9 15 7 0
4 9 15 8 0
4 9 15 9 0
4 9 15 10 0
4 9 15 11 0
4 9 15 12 0
4 9 15 13 0
4 9 15 14 0
4 9 15 15 0
4 10 0 0 0
4 10 0 1 0
4 10 0 2 0
4 10 0 3 0
4 10 0 4 0
4 10 0 5 0
4 10 0 6 0
4 10 0 7 0
4 10 0 8 0
4 10 0 9 0
4 10 0 10 0
4 10 0 11 0
4 10 0 12 0
4 10 0 13 0
4 10 0 14 0
4 10 0 15 0
4 10 1 0 0
4 10 1 1 0
4 10 1 2 0
4 10 1 3 0
4 10 1 4 0
4 10 1 5 0
4 10 1 6 0
4 10 1 7 0
4 10 1 8 0
4 10 1 9 0
4 10 1 10 0
4 10 1 11 0
4 10 1 12 0
4 10 1 13 0
4 10 1 14 0
4 10 1 15 0
4 10 2 0 0
4 10 2 1 0
4 10 2 2 0
4 10 2 3 0
4 10 2 4 0
4 10 2 5 0
4 10 2 6 0
4 10 2 7 0
4 10 2 8 0
4 10 2 9 0
4 10 2 10 0
4 10 2 11 0
4 10 2 12 0
4 10 2 13 0
4 10 2 14 0
4 10 2 15 0
4 10 3 0 0
4 10 3 1 0
4 10 3 2 0
4 10 3 3 0
4 10 3 4 0
4 10 3 5 0
4 10 3 6 0
4 10 3 7 0
4 10 3 8 0
4 10 3 9 0
4 10 3 10 0
4 10 3 11 0
4 10 3 12 0
4 10 3 13 0
4 10 3 14 0
4 10 3 15 0
4 10 4 0 0
4 10 4 1 0
4 10 4 2 0
4 10 4 3 0
4 10 4 4 0
4 10 4 5 0
4 10 4 6 0
4 10 4 7 0
4 10 4 8 0
4 10 4 9 0
4 10 4 10 0
4 10 4 11 0
4 10 4 12 0
4 10 4 13 0
4 10 4 14 0
4 10 4 15 0
4 10 5 0 0
4 10 5 1 0
4 10 5 2 0
4 10 5 3 0
4 10 5 4 0
4 10 5 5 0
4 10 5 6 0
4 10 5 7 0
4 10 5 8 0
4 10 5 9 0
4 10 5 10 0
4 10 5 11 0
4 10 5 12 0
4 10 5 13 0
4 10 5 14 0
4 10 5 15 0
4 10 6 0 0
4 10 6 1 0
4 10 6 2 0
4 10 6 3 0
4 10 6 4 0
4 10 6 5 0
4 10 6 6 0
4 10 6 7 0
4 10 6 8 0
4 10 6 9 0
4 10 6 10 0
4 10 6 11 0
4 10 6 12 0
4 10 6 13 0
4 10 6 14 0
4 10 6 15 0
4 10 7 0 0
4 10 7 1 0
4 10 7 2 0
4 10 7 3 0
4 10 7 4 0
4 10 7 5 0
4 10 7 6 0
4 10 7 7 0
4 10 7 8 0
4 10 7 9 0
4 10 7 10 0
4 10 7 11 0
4 10 7 12 0
4 10 7 13 0
4 10 7 14 0
4 10 7 15 0
4 10 8 0 0
4 10 8 1 0
4 10 8 2 0
4 10 8 3 0
4 10 8 4 0
4 10 8 5 0
4 10 8 6 0
4 10 8 7 0
4 10 8 8 0
4 10 8 9 0
4 10 8 10 0
4 10 8 11 0
4 10 8 12 0
4 10 8 13 0
4 10 8 14 0
4 10 8 15 0
4 10 9 0 0
4 10 9 1 0
4 10 9 2 0
4 10 9 3 0
4 10 9 4 0
4 10 9 5 0
4 10 9 6 0
4 10 9 7 0
4 10 9 8 0
4 10 9 9 0
4 10 9 10 0
4 10 9 11 0
4 10 9 12 0
4 10 9 13 0
4 10 9 14 0
4 10 9 15 0
4 10 10 0 0
4 10 10 1 0
4 10 10 2 0
4 10 10 3 0
4 10 10 4 0
4 10 10 5 0
4 10 10 6 0
4 10 10 7 0
4 10 10 8 0
4 10 10 9 0
4 10 10 10 0
4 10 10 11 0
4 10 10 12 0
4 10 10 13 0
4 10 10 14 0
4 10 10 15 0
4 10 11 0 0
4 10 11 1 0
4 10 11 2 0
4 10 11 3 0
4 10 11 4 0
4 10 11 5 0
4 10 11 6 0
4 10 11 7 0
4 10 11 8 0
4 10 11 9 0
4 10 11 10 0
4 10 11 11 0
4 10 11 12 0
4 10 11 13 0
4 10 11 14 0
4 10 11 15 0
4 10 12 0 0
4 10 12 1 0
4 10 12 2 0
4 10 12 3 0
4 10 12 4 0
4 10 12 5 0
4 10 12 6 0
4 10 12 7 0
4 10 12 8 0
4 10 12 9 0
4 10 12 10 0
4 10 12 11 0
4 10 12 12 0
4 10 12 13 0
4 10 12 14 0
4 10 12 15 0
4 10 13 0 0
4 10 13 1 0
4 10 13 2 0
4 10 13 3 0
4 10 13 4 0
4 10 13 5 0
4 10 13 6 0
4 10 13 7 0
4 10 13 8 0
4 10 13 9 0
4 10 13 10 0
4 10 13 11 0
4 10 13 12 0
4 10 13 13 0
4 10 13 14 0
4 10 13 15 0
4 10 14 0 0
4 10 14 1 0
4 10 14 2 0
4 10 14 3 0
4 10 14 4 0
4 10 14 5 0
4 10 14 6 0
4 10 14 7 0
4 10 14 8 0
4 10 14 9 0
4 10 14 10 0
4 10 14 11 0
4 10 14 12 0
4 10 14 13 0
4 10 14 14 0
4 10 14 15 0
4 10 15 0 0
4 10 15 1 0
4 10 15 2 0
4 10 15 3 0
4 10 15 4 0
4 10 15 5 0
4 10 15 6 0
4 10 15 7 0
4 10 15 8 0
4 10 15 9 0
4 10 15 10 0
4 10 15 11 0
4 10 15 12 0
4 10 15 13 0
4 10 15 14 0
4 10 15 15 0
4 11 0 0 0
4 11 0 1 0
4 11 0 2 0
4 11 0 3 0
4 11 0 4 0.003111540290750442
4 11 0 5 0
4 11 0 6 0
4 11 0 7 0
4 11 0 8 0
4 11 0 9 0.0001901461809683402
4 11 0 10 0
4 11 0 11 0
4 11 0 12 0
4 11 0 13 0
4 11 0 14 0
4 11 0 15 0
4 11 1 0 0
4 11 1 1 0
4 11 1 2 0
4 11 1 3 0
4 11 1 4 0
4 11 1 5 0
4 11 1 6 0
4 11 1 7 0
4 11 1 8 0
4 11 1 9 0
4 11 1 10 0
4 11 1 11 0
4 11 1 12 0
4 11 1 13 0
4 11 1 14 0
4 11 1 15 0
4 11 2 0 0
4 11 2 1 0
4 11 2 2 0
4 11 2 3 0
4 11 2 4 0.007414453721714688
4 11 2 5 0
4 11 2 6 0
4 11 2 7 0
4 11 2 8 0
4 11 2 9 0.0005478703264683268
4 11 2 10 0
4 11 2 11 0
4 11 2 12 0
4 11 2 13 0
4 11 2 14 0
4 11 2 15 0
4 11 3 0 0
4 11 3 1 0
4 11 3 2 0
4 11 3 3 0
4 11 3 4 0
4 11 3 5 0
4 11 3 6 0
4 11 3 7 0
4 11 3 8 0
4 11 3 9 0
4 11 3 10 0
4 11 3 11 0
4 11 3 12 0
4 11 3 13 0
4 11 3 14 0
4 11 3 15 0
4 11 4 0 -0.004782626860835075
4 11 4 1 0
4 11 4 2 -0.0109148470248204
4 11 4 3 0
4 11 4 4 0
4 11 4 5 0
4 11 4 6 0
4 11 4 7 0
4 11 4 8 0
4 11 4 9 0
4 11 4 10 0
4 11 4 11 0.0002293950051942997
4 11 4 12 0
4 11 4 13 0
4 11 4 14 -0.000330678634116843
4 11 4 15 0
4 11 5 0 0
4 11 5 1 0
4 11 5 2 0
4 11 5 3 0
4 11 5 4 0
4 11 5 5 0
4 11 5 6 0
4 11 5 7 0
4 11 5 8 0
4 11 5 9 0
4 11 5 10 0
4 11 5 11 0
4 11 5 12 0
4 11 5 13 0
4 11 5 14 0
4 11 5 15 0
4 11 6 0 0
4 11 6 1 0
4 11 6 2 0
4 11 6 3 0
4 11 6 4 0
4 11 6 5 0
4 11 6 6 0
4 11 6 7 0
4 11 6 8 0
4 11 6 9 0
4 11 6 10 0
4 11 6 11 0
4 11 6 12 0
4 11 6 13 0
4 11 6 14 0
4 11 6 15 0
4 11 7 0 0
4 11 7 1 0
4 11 7 2 0
4 11 7 3 0
4 11 7 4 0
4 11 7 5 0
4 11 7 6 0
4 11 7 7 0
4 11 7 8 0
4 11 7 9 0
4 11 7 10 0
4 11 7 11 0
4 11 7 12 0
4 11 7 13 0
4 11 7 14 0
4 11 7 15 0
4 11 8 0 0
4 11 8 1 0
4 11 8 2 0
4 11 8 3 0
4 11 8 4 0
4 11 8 5 0
4 11 8 6 0
4 11 8 7 0
4 11 8 8 0
4 11 8 9 0
4 11 8 10 0
4 11 8 11 0
4 11 8 12 0
4 11 8 13 0
4 11 8 14 0
4 11 8 15 0
4 11 9 0 -0.0002799206997615772
4 11 9 1 0
4 11 9 2 -0.0007983808380796879
4 11 9 3 0
4 11 9 4 0
4 11 9 5 0
4 11 9 6 0
4 11 9 7 0
4 11 9 8 0
4 11 9 9 0
4 11 9 10 0
4 11 9 11 0
4 11 9 12 0
4 11 9 13 0
4 11 9 14 0
4 11 9 15 0
4 11 10 0 0
4 11 10 1 0
4 11 10 2 0
4 11 10 3 0
4 11 10 4 0
4 11 10 5 0
4 11 10 6 0
4 11 10 7 0
4 11 10 8 0
4 11 10 9 0
4 11 10 10 0
4 11 10 11 0
4 11 10 12 0
4 11 10 13 0
4 11 10 14 0
4 11 10 15 0
4 11 11 0 0
4 11 11 1 0
4 11 11 2 0
4 11 11 3 0
4 11 11 4 -0.0001816529661784561
4 11 11 5 0
4 11 11 6 0
4 11 11 7 0
4 11 11 8 0
4 11 11 9 0
4 11 11 10 0
4 11 11 11 0
4 11 11 12 0
4 11 11 13 0
4 11 11 14 0
4 11 11 15 0
4 11 12 0 0
4 11 12 1 0
4 11 12 2 0
4 11 12 3 0
4 11 12 4 0
4 11 12 5 0
4 11 12 6 0
4 11 12 7 0
4 11 12 8 0
4 11 12 9 0
4 11 12 10 0
4 11 12 11 0
4 11 12 12 0
4 11 12 13 0
4 11 12 14 0
4 11 12 15 0
4 11 13 0 0
4 11 13 1 0
4 11 13 2 0
4 11 13 3 0
4 11 13 4 0
4 11 13 5 0
4 11 13 6 0
4 11 13 7 0
4 11 13 8 0
4 11 13 9 0
4 11 13 10 0
4 11 13 11 0
4 11 13 12 0
4 11 13 13 0
4 11 13 14 0
4 11 13 15 0
4 11 14 0 0
4 11 14 1 0
4 11 14 2 0
4 11 14 3 0
4 11 14 4 0.0003105525713976463
4 11 14 5 0
4 11 14 6 0
4 11 14 7 0
4 11 14 8 0
4 11 14 9 0
4 11 14 10 0
4 11 14 11 0
4 11 14 12 0
4 11 14 13 0
4 11 14 14 0
4 11 14 15 0
4 11 15 0 0
4 11 15 1 0
4 11 15 2 0
4 11 15 3 0
4 11 15 4 0
4 11 15 5 0
4 11 15 6 0
4 11 15 7 0
4 11 15 8 0
4 11 15 9 0
4 11 15 10 0
4 11 15 11 0
4 11 15 12 0
4 11 15 13 0
4 11 15 14 0
4 11 15 15 0
4 12 0 0 0
4 12 0 1 0
4 12 0 2 0
4 12 0 3 0
4 12 0 4 0
4 12 0 5 0
4 12 0 6 0
4 12 0 7 0
4 12 0 8 0
4 12 0 9 0
4 12 0 10 0
4 12 0 11 0
4 12 0 12 0
4 12 0 13 0
4 12 0 14 0
4 12 0 15 0
4 12 1 0 0
4 12 1 1 0
4 12 1 2 0
4 12 1 3 0
4 12 1 4 0
4 12 1 5 0
4 12 1 6 0
4 12 1 7 0
4 12 1 8 0
4 12 1 9 0
4 12 1 10 0
4 12 1 11 0
4 12 1 12 0
4 12 1 13 0
4 12 1 14 0
4 12 1 15 0
4 12 2 0 0
4 12 2 1 0
4 12 2 2 0
4 12 2 3 0
4 12 2 4 0
4 12 2 5 0
4 12 2 6 0
4 12 2 7 0
4 12 2 8 0
4 12 2 9 0
4 12 2 10 0
4 12 2 11 0
4 12 2 12 0
4 12 2 13 0
4 12 2 14 0
4 12 2 15 0
4 12 3 0 0
4 12 3 1 0
4 12 3 2 0
4 12 3 3 0
4 12 3 4 0
4 12 3 5 0
4 12 3 6 0
4 12 3 7 0
4 12 3 8 0
4 12 3 9 0
4 12 3 10 0
4 12 3 11 0
4 12 3 12 0
4 12 3 13 0
4 12 3 14 0
4 12 3 15 0
4 12 4 0 0
4 12 4 1 0
4 12 4 2 0
4 12 4 3 0
4 12 4 4 0
4 12 4 5 0.02043632357037963
4 12 4 6 0
4 12 4 7 0
4 12 4 8 0
4 12 4 9 0
4 12 4 10 0
4 12 4 11 0
4 12 4 12 0.001410794875714816
4 12 4 13 0
4 12 4 14 0
4 12 4 15 0
4 12 5 0 0
4 12 5 1 0
4 12 5 2 0
4 12 5 3 0
4 12 5 4 -0.02119278604192504
4 12 5 5 0
4 12 5 6 0
4 12 5 7 0
4 12 5 8 0
4 12 5 9 -0.001439832511893362
4 12 5 10 0
4 12 5 11 0
4 12 5 12 0
4 12 5 13 0
4 12 5 14 0
4 12 5 15 0
4 12 6 0 0
4 12 6 1 0
4 12 6 2 0
4 12 6 3 0
4 12 6 4 0
4 12 6 5 0
4 12 6 6 0
4 12 6 7 0
4 12 6 8 0
4 12 6 9 0
4 12 6 10 0
4 12 6 11 0
4 12 6 12 0
4 12 6 13 0
4 12 6 14 0
4 12 6 15 0
4 12 7 0 0
4 12 7 1 0
4 12 7 2 0
4 12 7 3 0
4 12 7 4 0
4 12 7 5 0
4 12 7 6 0
4 12 7 7 0
4 12 7 8 0
4 12 7 9 0
4 12 7 10 0
4 12 7 11 0
4 12 7 12 0
4 12 7 13 0
4 12 7 14 0
4 12 7 15 0
4 12 8 0 0
4 12 8 1 0
4 12 8 2 0
4 12 8 3 0
4 12 8 4 0
4 12 8 5 0
4 12 8 6 0
4 12 8 7 0
4 12 8 8 0
4 12 8 9 0
4 12 8 10 0
4 12 8 11 0
4 12 8 12 0
4 12 8 13 0
4 12 8 14 0
4 12 8 15 0
4 12 9 0 0
4 12 9 1 0
4 12 9 2 0
4 12 9 3 0
4 12 9 4 0
4 12 9 5 0.001296810955905865
4 12 9 6 0
4 12 9 7 0
4 12 9 8 0
4 12 9 9 0
4 12 9 10 0
4 12 9 11 0
4 12 9 12 0
4 12 9 13 0
4 12 9 14 0
4 12 9 15 0
4 12 10 0 0
4 12 10 1 0
4 12 10 2 0
4 12 10 3 0
4 12 10 4 0
4 12 10 5 0
4 12 10 6 0
4 12 10 7 0
4 12 10 8 0
4 12 10 9 0
4 12 10 10 0
4 12 10 11 0
4 12 10 12 0
4 12 10 13 0
4 12 10 14 0
4 12 10 15 0
4 12 11 0 0
4 12 11 1 0
4 12 11 2 0
4 12 11 3 0
4 12 11 4 0
4 12 11 5 0
4 12 11 6 0
4 12 11 7 0
4 12 11 8 0
4 12 11 9 0
4 12 11 10 0
4 12 11 11 0
4 12 11 12 0
4 12 11 13 0
4 12 11 14 0
4 12 11 15 0
4 12 12 0 0
4 12 12 1 0
4 12 12 2 0
4 12 12 3 0
4 12 12 4 -0.001392405978662031
4 12 12 5 0
4 12 12 6 0
4 12 12 7 0
4 12 12 8 0
4 12 12 9 0
4 12 12 10 0
4 12 12 11 0
4 12 12 12 0
4 12 12 13 0
4 12 12 14 0
4 12 12 15 0
4 12 13 0 0
4 12 13 1 0
4 12 13 2 0
4 12 13 3 0
4 12 13 4 0
4 12 13 5 0
4 12 13 6 0
4 12 13 7 0
4 12 13 8 0
4 12 13 9 0
4 12 13 10 0
4 12 13 11 0
4 12 13 12 0
4 12 13 13 0
4 12 13 14 0
4 12 13 15 0
4 12 14 0 0
4 12 14 1 0
4 12 14 2 0
4 12 14 3 0
4 12 14 4 0
4 12 14 5 0
4 12 14 6 0
4 12 14 7 0
4 12 14 8 0
4 12 14 9 0
4 12 14 10 0
4 12 14 11 0
4 12 14 12 0
4 12 14 13 0
4 12 14 14 0
4 12 14 15 0
4 12 15 0 0
4 12 15 1 0
4 12 15 2 0
4 12 15 3 0
4 12 15 4 0
4 12 15 5 0
4 12 15 6 0
4 12 15 7 0
4 12 15 8 0
4 12 15 9 0
4 12 15 10 0
4 12 15 11 0
4 12 15 12 0
4 12 15 13 0
4 12 15 14 0
4 12 15 15 0
4 13 0 0 0
4 13 0 1 0
4 13 0 2 0
4 13 0 3 0
4 13 0 4 0
4 13 0 5 0
4 13 0 6 0
4 13 0 7 0
4 13 0 8 0
4 13 0 9 0
4 13 0 10 0
4 13 0 11 0
4 13 0 12 0
4 13 0 13 0
4 13 0 14 0
4 13 0 15 0
4 13 1 0 0
4 13 1 1 0
4 13 1 2 0
4 13 1 3 0
4 13 1 4 0
4 13 1 5 0
4 13 1 6 0
4 13 1 7 0
4 13 1 8 0
4 13 1 9 0
4 13 1 10 0
4 13 1 11 0
4 13 1 12 0
4 13 1 13 0
4 13 1 14 0
4 13 1 15 0
4 13 2 0 0
4 13 2 1 0
4 13 2 2 0
4 13 2 3 0
4 13 2 4 0
4 13 2 5 0
4 13 2 6 0
4 13 2 7 0
4 13 2 8 0
4 13 2 9 0
4 13 2 10 0
4 13 2 11 0
4 13 2 12 0
4 13 2 13 0
4 13 2 14 0
4 13 2 15 0
4 13 3 0 0
4 13 3 1 0
4 13 3 2 0
4 13 3 3 0
4 13 3 4 0
4 13 3 5 -0.04643769698372824
4 13 3 6 0
4 13 3 7 0
4 13 3 8 0
4 13 3 9 0
4 13 3 10 0
4 13 3 11 0
4 13 3 12 -0.004129390043362869
4 13 3 13 0
4 13 3 14 0
4 13 3 15 0
4 13 4 0 0
4 13 4 1 0
4 13 4 2 0
4 13 4 3 0
4 13 4 4 0
4 13 4 5 0
4 13 4 6 0.06353302163219478
4 13 4 7 0
4 13 4 8 0
4 13 4 9 0
4 13 4 10 0
4 13 4 11 0
4 13 4 12 0
4 13 4 13 0.004996746717855209
4 13 4 14 0
4 13 4 15 0
4 13 5 0 0
4 13 5 1 0
4 13 5 2 0
4 13 5 3 -0.003340075069058372
4 13 5 4 0
4 13 5 5 0
4 13 5 6 0
4 13 5 7 0
4 13 5 8 -0.001058461471281402
4 13 5 9 0
4 13 5 10 0
4 13 5 11 0
4 13 5 12 0
4 13 5 13 0
4 13 5 14 0
4 13 5 15 0
4 13 6 0 0
4 13 6 1 0
4 13 6 2 0
4 13 6 3 0
4 13 6 4 -0.01006594989506482
4 13 6 5 0
4 13 6 6 0
4 13 6 7 0
4 13 6 8 0
4 13 6 9 0.0003340416914247287
4 13 6 10 0
4 13 6 11 0
4 13 6 12 0
4 13 6 13 0
4 13 6 14 0
4 13 6 15 0
4 13 7 0 0
4 13 7 1 0
4 13 7 2 0
4 13 7 3 0
4 13 7 4 0
4 13 7 5 0
4 13 7 6 0
4 13 7 7 0
4 13 7 8 0
4 13 7 9 0
4 13 7 10 0
4 13 7 11 0
4 13 7 12 0
4 13 7 13 0
4 13 7 14 0
4 13 7 15 0
4 13 8 0 0
4 13 8 1 0
4 13 8 2 0
4 13 8 3 0
4 13 8 4 0
4 13 8 5 -0.002183371277268636
4 13 8 6 0
4 13 8 7 0
4 13 8 8 0
4 13 8 9 0
4 13 8 10 0
4 13 8 11 0
4 13 8 12 0
4 13 8 13 0
4 13 8 14 0
4 13 8 15 0
4 13 9 0 0
4 13 9 1 0
4 13 9 2 0
4 13 9 3 0
4 13 9 4 0
4 13 9 5 0
4 13 9 6 0.003187563149938341
4 13 9 7 0
4 13 9 8 0
4 13 9 9 0
4 13 9 10 0
4 13 9 11 0
4 13 9 12 0
4 13 9 13 0
4 13 9 14 0
4 13 9 15 0
4 13 10 0 0
4 13 10 1 0
4 13 10 2 0
4 13 10 3 0
4 13 10 4 0
4 13 10 5 0
4 13 10 6 0
4 13 10 7 0
4 13 10 8 0
4 13 10 9 0
4 13 10 10 0
4 13 10 11 0
4 13 10 12 0
4 13 10 13 0
4 13 10 14 0
4 13 10 15 0
4 13 11 0 0
4 13 11 1 0
4 13 11 2 0
4 13 11 3 0
4 13 11 4 0
4 13 11 5 0
4 13 11 6 0
4 13 11 7 0
4 13 11 8 0
4 13 11 9 0
4 13 11 10 0
4 13 11 11 0
4 13 11 12 0
4 13 11 13 0
4 13 11 14 0
4 13 11 15 0
4 13 12 0 0
4 13 12 1 0
4 13 12 2 0
4 13 12 3 0.0005802264624822398
4 13 12 4 0
4 13 12 5 0
4 13 12 6 0
4 13 12 7 0
4 13 12 8 0
4 13 12 9 0
4 13 12 10 0
4 13 12 11 0
4 13 12 12 0
4 13 12 13 0
4 13 12 14 0
4 13 12 15 0
4 13 13 0 0
4 13 13 1 0
4 13 13 2 0
4 13 13 3 0
4 13 13 4 -0.001526999318248566
4 13 13 5 0
4 13 13 6 0
4 13 13 7 0
4 13 13 8 0
4 13 13 9 0
4 13 13 10 0
4 13 13 11 0
4 13 13 12 0
4 13 13 13 0
4 13 13 14 0
4 13 13 15 0
4 13 14 0 0
4 13 14 1 0
4 13 14 2 0
4 13 14 3 0
4 13 14 4 0
4 13 14 5 0
4 13 14 6 0
4 13 14 7 0
4 13 14 8 0
4 13 14 9 0
4 13 14 10 0
4 13 14 11 0
4 13 14 12 0
4 13 14 13 0
4 13 14 14 0
4 13 14 15 0
4 13 15 0 0
4 13 15 1 0
4 13 15 2 0
4 13 15 3 0
4 13 15 4 0
4 13 15 5 0
4 13 15 6 0
4 13 15 7 0
4 13 15 8 0
4 13 15 9 0
4 13 15 10 0
4 13 15 11 0
4 13 15 12 0
4 13 15 13 0
4 13 15 14 0
4 13 15 15 0
4 14 0 0 0
4 14 0 1 0
4 14 0 2 0
4 14 0 3 0
4 14 0 4 0
4 14 0 5 0
4 14 0 6 0
4 14 0 7 0
4 14 0 8 0
4 14 0 9 0
4 14 0 10 0
4 14 0 11 0
4 14 0 12 0
4 14 0 13 0
4 14 0 14 0
4 14 0 15 0
4 14 1 0 0
4 14 1 1 0
4 14 1 2 0
4 14 1 3 0
4 14 1 4 0
4 14 1 5 0
4 14 1 6 0
4 14 1 7 0
4 14 1 8 0
4 14 1 9 0
4 14 1 10 0
4 14 1 11 0
4 14 1 12 0
4 14 1 13 0
4 14 1 14 0
4 14 1 15 0
4 14 2 0 0
4 14 2 1 0
4 14 2 2 0
4 14 2 3 0
4 14 2 4 -0.01991516169474131
4 14 2 5 0
4 14 2 6 0
4 14 2 7 0
4 14 2 8 0
4 14 2 9 -0.001408345563428238
4 14 2 10 0
4 14 2 11 0
4 14 2 12 0
4 14 2 13 0
4 14 2 14 0
4 14 2 15 0
4 14 3 0 0
4 14 3 1 0
4 14 3 2 0
4 14 3 3 0
4 14 3 4 0
4 14 3 5 0
4 14 3 6 0
4 14 3 7 0
4 14 3 8 0
4 14 3 9 0
4 14 3 10 0
4 14 3 11 0
4 14 3 12 0
4 14 3 13 0
4 14 3 14 0
4 14 3 15 0
4 14 4 0 0
4 14 4 1 0
4 14 4 2 0.02697253727729214
4 14 4 3 0
4 14 4 4 0
4 14 4 5 0
4 14 4 6 0
4 14 4 7 0
4 14 4 8 0
4 14 4 9 0
4 14 4 10 0
4 14 4 11 -0.000330678634116843
4 14 4 12 0
4 14 4 13 0
4 14 4 14 0.0008396493892870167
4 14 4 15 0
4 14 5 0 0
4 14 5 1 0
4 14 5 2 0
4 14 5 3 0
4 14 5 4 0
4 14 5 5 0
4 14 5 6 0
4 14 5 7 0.001327498836488143
4 14 5 8 0
4 14 5 9 0
4 14 5 10 0
4 14 5 11 0
4 14 5 12 0
4 14 5 13 0
4 14 5 14 0
4 14 5 15 0
4 14 6 0 0
4 14 6 1 0
4 14 6 2 0
4 14 6 3 0
4 14 6 4 0
4 14 6 5 0
4 14 6 6 0
4 14 6 7 0
4 14 6 8 0
4 14 6 9 0
4 14 6 10 0
4 14 6 11 0
4 14 6 12 0
4 14 6 13 0
4 14 6 14 0
4 14 6 15 0
4 14 7 0 0
4 14 7 1 0
4 14 7 2 0
4 14 7 3 0
4 14 7 4 0
4 14 7 5 0.00172986231713075
4 14 7 6 0
4 14 7 7 0
4 14 7 8 0
4 14 7 9 0
4 14 7 10 0
4 14 7 11 0
4 14 7 12 0
4 14 7 13 0
4 14 7 14 0
4 14 7 15 0
4 14 8 0 0
4 14 8 1 0
4 14 8 2 0
4 14 8 3 0
4 14 8 4 0
4 14 8 5 0
4 14 8 6 0
4 14 8 7 0
4 14 8 8 0
4 14 8 9 0
4 14 8 10 0
4 14 8 11 0
4 14 8 12 0
4 14 8 13 0
4 14 8 14 0
4 14 8 15 0
4 14 9 0 0
4 14 9 1 0
4 14 9 2 0.001795301226510698
4 14 9 3 0
4 14 9 4 0
4 14 9 5 0
4 14 9 6 0
4 14 9 7 0
4 14 9 8 0
4 14 9 9 0
4 14 9 10 0
4 14 9 11 0
4 14 9 12 0
4 14 9 13 0
4 14 9 14 0
4 14 9 15 0
4 14 10 0 0
4 14 10 1 0
4 14 10 2 0
4 14 10 3 0
4 14 10 4 0
4 14 10 5 0
4 14 10 6 0
4 14 10 7 0
4 14 10 8 0
4 14 10 9 0
4 14 10 10 0
4 14 10 11 0
4 14 10 12 0
4 14 10 13 0
4 14 10 14 0
4 14 10 15 0
4 14 11 0 0
4 14 11 1 0
4 14 11 2 0
4 14 11 3 0
4 14 11 4 0.0003105525713976463
4 14 11 5 0
4 14 11 6 0
4 14 11 7 0
4 14 11 8 0
4 14 11 9 0
4 14 11 10 0
4 14 11 11 0
4 14 11 12 0
4 14 11 13 0
4 14 11 14 0
4 14 11 15 0
4 14 12 0 0
4 14 12 1 0
4 14 12 2 0
4 14 12 3 0
4 14 12 4 0
4 14 12 5 0
4 14 12 6 0
4 14 12 7 0
4 14 12 8 0
4 14 12 9 0
4 14 12 10 0
4 14 12 11 0
4 14 12 12 0
4 14 12 13 0
4 14 12 14 0
4 14 12 15 0
4 14 13 0 0
4 14 13 1 0
4 14 13 2 0
4 14 13 3 0
4 14 13 4 0
4 14 13 5 0
4 14 13 6 0
4 14 13 7 0
4 14 13 8 0
4 14 13 9 0
4 14 13 10 0
4 14 13 11 0
4 14 13 12 0
4 14 13 13 0
4 14 13 14 0
4 14 13 15 0
4 14 14 0 0
4 14 14 1 0
4 14 14 2 0
4 14 14 3 0
4 14 14 4 -0.0007267933998806229
4 14 14 5 0
4 14 14 6 0
4 14 14 7 0
4 14 14 8 0
4 14 14 9 0
4 14 14 10 0
4 14 14 11 0
4 14 14 12 0
4 14 14 13 0
4 14 14 14 0
4 14 14 15 0
4 14 15 0 0
4 14 15 1 0
4 14 15 2 0
4 14 15 3 0
4 14 15 4 0
4 14 15 5 0
4 14 15 6 0
4 14 15 7 0
4 14 15 8 0
4 14 15 9 0
4 14 15 10 0
4 14 15 11 0
4 14 15 12 0
4 14 15 13 0
4 14 15 14 0
4 14 15 15 0
4 15 0 0 0
4 15 0 1 0
4 15 0 2 0
4 15 0 3 0
4 15 0 4 0
4 15 0 5 0
4 15 0 6 0
4 15 0 7 0
4 15 0 8 0
4 15 0 9 0
4 15 0 10 0
4 15 0 11 0
4 15 0 12 0
4 15 0 13 0
4 15 0 14 0
4 15 0 15 0
4 15 1 0 0
4 15 1 1 0
4 15 1 2 0
4 15 1 3 0
4 15 1 4 -0.002074680166535674
4 15 1 5 0
4 15 1 6 0
4 15 1 7 0
4 15 1 8 0
4 15 1 9 -0.0001351613718222473
4 15 1 10 0
4 15 1 11 0
4 15 1 12 0
4 15 1 13 0
4 15 1 14 0
4 15 1 15 0
4 15 2 0 0
4 15 2 1 0
4 15 2 2 0
4 15 2 3 0
4 15 2 4 0
4 15 2 5 0
4 15 2 6 0
4 15 2 7 0
4 15 2 8 0
4 15 2 9 0
4 15 2 10 0
4 15 2 11 0
4 15 2 12 0
4 15 2 13 0
4 15 2 14 0
4 15 2 15 0
4 15 3 0 0
4 15 3 1 0
4 15 3 2 0
4 15 3 3 0
4 15 3 4 0
4 15 3 5 0
4 15 3 6 0
4 15 3 7 0
4 15 3 8 0
4 15 3 9 0
4 15 3 10 0
4 15 3 11 0
4 15 3 12 0
4 15 3 13 0
4 15 3 14 0
4 15 3 15 0
4 15 4 0 0
4 15 4 1 0.004941648595035663
4 15 4 2 0
4 15 4 3 0
4 15 4 4 0
4 15 4 5 0
4 15 4 6 0
4 15 4 7 0
4 15 4 8 0
4 15 4 9 0
4 15 4 10 0
4 15 4 11 0
4 15 4 12 0
4 15 4 13 0
4 15 4 14 0
4 15 4 15 3.878191351582094e-05
4 15 5 0 0
4 15 5 1 0
4 15 5 2 0
4 15 5 3 0
4 15 5 4 0
4 15 5 5 0
4 15 5 6 0
4 15 5 7 0
4 15 5 8 0
4 15 5 9 0
4 15 5 10 0
4 15 5 11 0
4 15 5 12 0
4 15 5 13 0
4 15 5 14 0
4 15 5 15 0
4 15 6 0 0
4 15 6 1 0
4 15 6 2 0
4 15 6 3 0
4 15 6 4 0
4 15 6 5 0
4 15 6 6 0
4 15 6 7 0
4 15 6 8 0
4 15 6 9 0
4 15 6 10 0
4 15 6 11 0
4 15 6 12 0
4 15 6 13 0
4 15 6 14 0
4 15 6 15 0
4 15 7 0 0
4 15 7 1 0
4 15 7 2 0
4 15 7 3 0
4 15 7 4 0
4 15 7 5 0
4 15 7 6 0
4 15 7 7 0
4 15 7 8 0
4 15 7 9 0
4 15 7 10 0
4 15 7 11 0
4 15 7 12 0
4 15 7 13 0
4 15 7 14 0
4 15 7 15 0
4 15 8 0 0
4 15 8 1 0
4 15 8 2 0
4 15 8 3 0
4 15 8 4 0
4 15 8 5 0
4 15 8 6 0
4 15 8 7 0
4 15 8 8 0
4 15 8 9 0
4 15 8 10 0
4 15 8 11 0
4 15 8 12 0
4 15 8 13 0
4 15 8 14 0
4 15 8 15 0
4 15 9 0 0
4 15 9 1 0.0003510279668844348
4 15 9 2 0
4 15 9 3 0
4 15 9 4 0
4 15 9 5 0
4 15 9 6 0
4 15 9 7 0
4 15 9 8 0
4 15 9 9 0
4 15 9 10 0
4 15 9 11 0
4 15 9 12 0
4 15 9 13 0
4 15 9 14 0
4 15 9 15 0
4 15 10 0 0
4 15 10 1 0
4 15 10 2 0
4 15 10 3 0
4 15 10 4 0
4 15 10 5 0
4 15 10 6 0
4 15 10 7 0
4 15 10 8 0
4 15 10 9 0
4 15 10 10 0
4 15 10 11 0
4 15 10 12 0
4 15 10 13 0
4 15 10 14 0
4 15 10 15 0
4 15 11 0 0
4 15 11 1 0
4 15 11 2 0
4 15 11 3 0
4 15 11 4 0
4 15 11 5 0
4 15 11 6 0
4 15 11 7 0
4 15 11 8 0
4 15 11 9 0
4 15 11 10 0
4 15 11 11 0
4 15 11 12 0
4 15 11 13 0
4 15 11 14 0
4 15 11 15 0
4 15 12 0 0
4 15 12 1 0
4 15 12 2 0
4 15 12 3 0
4 15 12 4 0
4 15 12 5 0
4 15 12 6 0
4 15 12 7 0
4 15 12 8 0
4 15 12 9 0
4 15 12 10 0
4 15 12 11 0
4 15 12 12 0
4 15 12 13 0
4 15 12 14 0
4 15 12 15 0
4 15 13 0 0
4 15 13 1 0
4 15 13 2 0
4 15 13 3 0
4 15 13 4 0
4 15 13 5 0
4 15 13 6 0
4 15 13 7 0
4 15 13 8 0
4 15 13 9 0
4 15 13 10 0
4 15 13 11 0
4 15 13 12 0
4 15 13 13 0
4 15 13 14 0
4 15 13 15 0
4 15 14 0 0
4 15 14 1 0
4 15 14 2 0
4 15 14 3 0
4 15 14 4 0
4 15 14 5 0
4 15 14 6 0
4 15 14 7 0
4 15 14 8 0
4 15 14 9 0
4 15 14 10 0
4 15 14 11 0
4 15 14 12 0
4 15 14 13 0
4 15 14 14 0
4 15 14 15 0
4 15 15 0 0
4 15 15 1 0
4 15 15 2 0
4 15 15 3 0
4 15 15 4 -1.298040917251762e-05
4 15 15 5 0
4 15 15 6 0
4 15 15 7 0
4 15 15 8 0
4 15 15 9 0
4 15 15 10 0
4 15 15 11 0
4 15 15 12 0
4 15 15 13 0
4 15 15 14 0
4 15 15 15 0
5 0 0 0 0
5 0 0 1 0
5 0 0 2 0
5 0 0 3 0
5 0 0 4 0
5 0 0 5 -0.7462753411100107
5 0 0 6 0
5 0 0 7 0
5 0 0 8 0
5 0 0 9 0
5 0 0 10 0
5 0 0 11 0
5 0 0 12 -0.03797536025930687
5 0 0 13 0
5 0 0 14 0
5 0 0 15 0
5 0 1 0 0
5 0 1 1 0
5 0 1 2 0
5 0 1 3 0
5 0 1 4 0
5 0 1 5 0
5 0 1 6 0
5 0 1 7 0
5 0 1 8 0
5 0 1 9 0
5 0 1 10 0
5 0 1 11 0
5 0 1 12 0
5 0 1 13 0
5 0 1 14 0
5 0 1 15 0
5 0 2 0 0
5 0 2 1 0
5 0 2 2 0
5 0 2 3 0
5 0 2 4 0
5 0 2 5 2.146008197480584e-05
5 0 2 6 0
5 0 2 7 0
5 0 2 8 0
5 0 2 9 0
5 0 2 10 0
5 0 2 11 0
5 0 2 12 0
5 0 2 13 0
5 0 2 14 0
5 0 2 15 0
5 0 3 0 0
5 0 3 1 0
5 0 3 2 0
5 0 3 3 0
5 0 3 4 0
5 0 3 5 0
5 0 3 6 0
5 0 3 7 0
5 0 3 8 0
5 0 3 9 0
5 0 3 10 0
5 0 3 11 0
5 0 3 12 0
5 0 3 13 0
5 0 3 14 0
5 0 3 15 0
5 0 4 0 0
5 0 4 1 0
5 0 4 2 0
5 0 4 3 0
5 0 4 4 0
5 0 4 5 0
5 0 4 6 0
5 0 4 7 0
5 0 4 8 0
5 0 4 9 0
5 0 4 10 0
5 0 4 11 0
5 0 4 12 0
5 0 4 13 0
5 0 4 14 0
5 0 4 15 0
5 0 5 0 1.492538302708063
5 0 5 1 0
5 0 5 2 -7.063527626323503e-05
5 0 5 3 0
5 0 5 4 0
5 0 5 5 0
5 0 5 6 0
5 0 5 7 0
5 0 5 8 0
5 0 5 9 0
5 0 5 10 0
5 0 5 11 -0.004782626860835075
5 0 5 12 0
5 0 5 13 0
5 0 5 14 0
5 0 5 15 0
5 0 6 0 0
5 0 6 1 0
5 0 6 2 0
5 0 6 3 0
5 0 6 4 0
5 0 6 5 0
5 0 6 6 0
5 0 6 7 0
5 0 6 8 0
5 0 6 9 0
5 0 6 10 0
5 0 6 11 0
5 0 6 12 0
5 0 6 13 0
5 0 6 14 0
5 0 6 15 0
5 0 7 0 0
5 0 7 1 0
5 0 7 2 0
5 0 7 3 0
5 0 7 4 0
5 0 7 5 0
5 0 7 6 0
5 0 7 7 0
5 0 7 8 0
5 0 7 9 0
5 0 7 10 0
5 0 7 11 0
5 0 7 12 0
5 0 7 13 0
5 0 7 14 0
5 0 7 15 0
5 0 8 0 0
5 0 8 1 0
5 0 8 2 0
5 0 8 3 0
5 0 8 4 0
5 0 8 5 0
5 0 8 6 0
5 0 8 7 0
5 0 8 8 0
5 0 8 9 0
5 0 8 10 0
5 0 8 11 0
5 0 8 12 0
5 0 8 13 0
5 0 8 14 0
5 0 8 15 0
5 0 9 0 0
5 0 9 1 0
5 0 9 2 0
5 0 9 3 0
5 0 9 4 0
5 0 9 5 0
5 0 9 6 0
5 0 9 7 0
5 0 9 8 0
5 0 9 9 0
5 0 9 10 0
5 0 9 11 0
5 0 9 12 0
5 0 9 13 0
5 0 9 14 0
5 0 9 15 0
5 0 10 0 0
5 0 10 1 0
5 0 10 2 0
5 0 10 3 0
5 0 10 4 0
5 0 10 5 0
5 0 10 6 0
5 0 10 7 0
5 0 10 8 0
5 0 10 9 0
5 0 10 10 0
5 0 10 11 0
5 0 10 12 0
5 0 10 13 0
5 0 10 14 0
5 0 10 15 0
5 0 11 0 0
5 0 11 1 0
5 0 11 2 0
5 0 11 3 0
5 0 11 4 0
5 0 11 5 0.001676519416363934
5 0 11 6 0
5 0 11 7 0
5 0 11 8 0
5 0 11 9 0
5 0 11 10 0
5 0 11 11 0
5 0 11 12 0
5 0 11 13 0
5 0 11 14 0
5 0 11 15 0
5 0 12 0 0.07595072051861373
5 0 12 1 0
5 0 12 2 0
5 0 12 3 0
5 0 12 4 0
5 0 12 5 0
5 0 12 6 0
5 0 12 7 0
5 0 12 8 0
5 0 12 9 0
5 0 12 10 0
5 0 12 11 0
5 0 12 12 0
5 0 12 13 0
5 0 12 14 0
5 0 12 15 0
5 0 13 0 0
5 0 13 1 0
5 0 13 2 0
5 0 13 3 0
5 0 13 4 0
5 0 13 5 0
5 0 13 6 0
5 0 13 7 0
5 0 13 8 0
5 0 13 9 0
5 0 13 10 0
5 0 13 11 0
5 0 13 12 0
5 0 13 13 0
5 0 13 14 0
5 0 13 15 0
5 0 14 0 0
5 0 14 1 0
5 0 14 2 0
5 0 14 3 0
5 0 14 4 0
5 0 14 5 0
5 0 14 6 0
5 0 14 7 0
5 0 14 8 0
5 0 14 9 0
5 0 14 10 0
5 0 14 11 0
5 0 14 12 0
5 0 14 13 0
5 0 14 14 0
5 0 14 15 0
5 0 15 0 0
5 0 15 1 0
5 0 15 2 0
5 0 15 3 0
5 0 15 4 0
5 0 15 5 0
5 0 15 6 0
5 0 15 7 0
5 0 15 8 0
5 0 15 9 0
5 0 15 10 0
5 0 15 11 0
5 0 15 12 0
5 0 15 13 0
5 0 15 14 0
5 0 15 15 0
5 1 0 0 0
5 1 0 1 0
5 1 0 2 0
5 1 0 3 0
5 1 0 4 0
5 1 0 5 0
5 1 0 6 0
5 1 0 7 0
5 1 0 8 0
5 1 0 9 0
5 1 0 10 0
5 1 0 11 0
5 1 0 12 0
5 1 0 13 0
5 1 0 14 0
5 1 0 15 0
5 1 1 0 0
5 1 1 1 0
5 1 1 2 0
5 1 1 3 0
5 1 1 4 0
5 1 1 5 -0.7462589521480882
5 1 1 6 0
5 1 1 7 0
5 1 1 8 0
5 1 1 9 0
5 1 1 10 0
5 1 1 11 0
5 1 1 12 -0.03797536025930687
5 1 1 13 0
5 1 1 14 0
5 1 1 15 0
5 1 2 0 0
5 1 2 1 0
5 1 2 2 0
5 1 2 3 0
5 1 2 4 0
5 1 2 5 0
5 1 2 6 0
5 1 2 7 0
5 1 2 8 0
5 1 2 9 0
5 1 2 10 0
5 1 2 11 0
5 1 2 12 0
5 1 2 13 0
5 1 2 14 0
5 1 2 15 0
5 1 3 0 0
5 1 3 1 0
5 1 3 2 0
5 1 3 3 0
5 1 3 4 0
5 1 3 5 0
5 1 3 6 0
5 1 3 7 0
5 1 3 8 0
5 1 3 9 0
5 1 3 10 0
5 1 3 11 0
5 1 3 12 0
5 1 3 13 0
5 1 3 14 0
5 1 3 15 0
5 1 4 0 0
5 1 4 1 0
5 1 4 2 0
5 1 4 3 0
5 1 4 4 0
5 1 4 5 0
5 1 4 6 0
5 1 4 7 0
5 1 4 8 0
5 1 4 9 0
5 1 4 10 0
5 1 4 11 0
5 1 4 12 0
5 1 4 13 0
5 1 4 14 0
5 1 4 15 0
5 1 5 0 0
5 1 5 1 1.492531981756603
5 1 5 2 0
5 1 5 3 0
5 1 5 4 0
5 1 5 5 0
5 1 5 6 0
5 1 5 7 0
5 1 5 8 0
5 1 5 9 0
5 1 5 10 0
5 1 5 11 0
5 1 5 12 0
5 1 5 13 0
5 1 5 14 0
5 1 5 15 0.004941648595035663
5 1 6 0 0
5 1 6 1 0
5 1 6 2 0
5 1 6 3 0
5 1 6 4 0
5 1 6 5 0
5 1 6 6 0
5 1 6 7 0
5 1 6 8 0
5 1 6 9 0
5 1 6 10 0
5 1 6 11 0
5 1 6 12 0
5 1 6 13 0
5 1 6 14 0
5 1 6 15 0
5 1 7 0 0
5 1 7 1 0
5 1 7 2 0
5 1 7 3 0
5 1 7 4 0
5 1 7 5 0
5 1 7 6 0
5 1 7 7 0
5 1 7 8 0
5 1 7 9 0
5 1 7 10 0
5 1 7 11 0
5 1 7 12 0
5 1 7 13 0
5 1 7 14 0
5 1 7 15 0
5 1 8 0 0
5 1 8 1 0
5 1 8 2 0
5 1 8 3 0
5 1 8 4 0
5 1 8 5 0
5 1 8 6 0
5 1 8 7 0
5 1 8 8 0
5 1 8 9 0
5 1 8 10 0
5 1 8 11 0
5 1 8 12 0
5 1 8 13 0
5 1 8 14 0
5 1 8 15 0
5 1 9 0 0
5 1 9 1 0
5 1 9 2 0
5 1 9 3 0
5 1 9 4 0
5 1 9 5 0
5 1 9 6 0
5 1 9 7 0
5 1 9 8 0
5 1 9 9 0
5 1 9 10 0
5 1 9 11 0
5 1 9 12 0
5 1 9 13 0
5 1 9 14 0
5 1 9 15 0
5 1 10 0 0
5 1 10 1 0
5 1 10 2 0
5 1 10 3 0
5 1 10 4 0
5 1 10 5 0
5 1 10 6 0
5 1 10 7 0
5 1 10 8 0
5 1 10 9 0
5 1 10 10 0
5 1 10 11 0
5 1 10 12 0
5 1 10 13 0
5 1 10 14 0
5 1 10 15 0
5 1 11 0 0
5 1 11 1 0
5 1 11 2 0
5 1 11 3 0
5 1 11 4 0
5 1 11 5 0
5 1 11 6 0
5 1 11 7 0
5 1 11 8 0
5 1 11 9 0
5 1 11 10 0
5 1 11 11 0
5 1 11 12 0
5 1 11 13 0
5 1 11 14 0
5 1 11 15 0
5 1 12 0 0
5 1 12 1 0.07595072051861373
5 1 12 2 0
5 1 12 3 0
5 1 12 4 0
5 1 12 5 0
5 1 12 6 0
5 1 12 7 0
5 1 12 8 0
5 1 12 9 0
5 1 12 10 0
5 1 12 11 0
5 1 12 12 0
5 1 12 13 0
5 1 12 14 0
5 1 12 15 0
5 1 13 0 0
5 1 13 1 0
5 1 13 2 0
5 1 13 3 0
5 1 13 4 0
5 1 13 5 0
5 1 13 6 0
5 1 13 7 0
5 1 13 8 0
5 1 13 9 0
5 1 13 10 0
5 1 13 11 0
5 1 13 12 0
5 1 13 13 0
5 1 13 14 0
5 1 13 15 0
5 1 14 0 0
5 1 14 1 0
5 1 14 2 0
5 1 14 3 0
5 1 14 4 0
5 1 14 5 0
5 1 14 6 0
5 1 14 7 0
5 1 14 8 0
5 1 14 9 0
5 1 14 10 0
5 1 14 11 0
5 1 14 12 0
5 1 14 13 0
5 1 14 14 0
5 1 14 15 0
5 1 15 0 0
5 1 15 1 0
5 1 15 2 0
5 1 15 3 0
5 1 15 4 0
5 1 15 5 -0.002903425791645023
5 1 15 6 0
5 1 15 7 0
5 1 15 8 0
5 1 15 9 0
5 1 15 10 0
5 1 15 11 0
5 1 15 12 0
5 1 15 13 0
5 1 15 14 0
5 1 15 15 0
5 2 0 0 0
5 2 0 1 0
5 2 0 2 0
5 2 0 3 0
5 2 0 4 0
5 2 0 5 2.146008197480584e-05
5 2 0 6 0
5 2 0 7 0
5 2 0 8 0
5 2 0 9 0
5 2 0 10 0
5 2 0 11 0
5 2 0 12 0
5 2 0 13 0
5 2 0 14 0
5 2 0 15 0
5 2 1 0 0
5 2 1 1 0
5 2 1 2 0
5 2 1 3 0
5 2 1 4 0
5 2 1 5 0
5 2 1 6 0
5 2 1 7 0
5 2 1 8 0
5 2 1 9 0
5 2 1 10 0
5 2 1 11 0
5 2 1 12 0
5 2 1 13 0
5 2 1 14 0
5 2 1 15 0
5 2 2 0 0
5 2 2 1 0
5 2 2 2 0
5 2 2 3 0
5 2 2 4 0
5 2 2 5 -0.5446185703395467
5 2 2 6 0
5 2 2 7 0
5 2 2 8 0
5 2 2 9 0
5 2 2 10 0
5 2 2 11 0
5 2 2 12 -0.03797536025930687
5 2 2 13 0
5 2 2 14 0
5 2 2 15 0
5 2 3 0 0
5 2 3 1 0
5 2 3 2 0
5 2 3 3 0
5 2 3 4 0
5 2 3 5 0
5 2 3 6 0
5 2 3 7 0
5 2 3 8 0
5 2 3 9 0
5 2 3 10 0
5 2 3 11 0
5 2 3 12 0
5 2 3 13 0
5 2 3 14 0
5 2 3 15 0
5 2 4 0 0
5 2 4 1 0
5 2 4 2 0
5 2 4 3 0
5 2 4 4 0
5 2 4 5 0
5 2 4 6 0
5 2 4 7 -0.06370675689527565
5 2 4 8 0
5 2 4 9 0
5 2 4 10 0
5 2 4 11 0
5 2 4 12 0
5 2 4 13 0
5 2 4 14 0
5 2 4 15 0
5 2 5 0 -7.063527626323503e-05
5 2 5 1 0
5 2 5 2 1.1438021464033
5 2 5 3 0
5 2 5 4 0
5 2 5 5 0
5 2 5 6 0
5 2 5 7 0
5 2 5 8 0
5 2 5 9 0
5 2 5 10 0
5 2 5 11 -0.01091484702482039
5 2 5 12 0
5 2 5 13 0
5 2 5 14 0.01953001870631122
5 2 5 15 0
5 2 6 0 0
5 2 6 1 0
5 2 6 2 0
5 2 6 3 0
5 2 6 4 0
5 2 6 5 0
5 2 6 6 0
5 2 6 7 0
5 2 6 8 0
5 2 6 9 0
5 2 6 10 0
5 2 6 11 0
5 2 6 12 0
5 2 6 13 0
5 2 6 14 0
5 2 6 15 0
5 2 7 0 0
5 2 7 1 0
5 2 7 2 0
5 2 7 3 0
5 2 7 4 0.2863408358657058
5 2 7 5 0
5 2 7 6 0
5 2 7 7 0
5 2 7 8 0
5 2 7 9 0
5 2 7 10 0
5 2 7 11 0
5 2 7 12 0
5 2 7 13 0
5 2 7 14 0
5 2 7 15 0
5 2 8 0 0
5 2 8 1 0
5 2 8 2 0
5 2 8 3 0
5 2 8 4 0
5 2 8 5 0
5 2 8 6 0
5 2 8 7 0
5 2 8 8 0
5 2 8 9 0
5 2 8 10 0
5 2 8 11 0
5 2 8 12 0
5 2 8 13 0
5 2 8 14 0
5 2 8 15 0
5 2 9 0 0
5 2 9 1 0
5 2 9 2 0
5 2 9 3 0
5 2 9 4 0
5 2 9 5 0
5 2 9 6 0
5 2 9 7 0
5 2 9 8 0
5 2 9 9 0
5 2 9 10 0
5 2 9 11 0
5 2 9 12 0
5 2 9 13 0
5 2 9 14 0
5 2 9 15 0
5 2 10 0 0
5 2 10 1 0
5 2 10 2 0
5 2 10 3 0
5 2 10 4 0
5 2 10 5 0
5 2 10 6 0
5 2 10 7 0
5 2 10 8 0
5 2 10 9 0
5 2 10 10 0
5 2 10 11 0
5 2 10 12 0
5 2 10 13 0
5 2 10 14 0
5 2 10 15 0
5 2 11 0 0
5 2 11 1 0
5 2 11 2 0
5 2 11 3 0
5 2 11 4 0
5 2 11 5 0.004487562050258509
5 2 11 6 0
5 2 11 7 0
5 2 11 8 0
5 2 11 9 0
5 2 11 10 0
5 2 11 11 0
5 2 11 12 0
5 2 11 13 0
5 2 11 14 0
5 2 11 15 0
5 2 12 0 0
5 2 12 1 0
5 2 12 2 0.07595072051861373
5 2 12 3 0
5 2 12 4 0
5 2 12 5 0
5 2 12 6 0
5 2 12 7 0
5 2 12 8 0
5 2 12 9 0
5 2 12 10 0
5 2 12 11 0
5 2 12 12 0
5 2 12 13 0
5 2 12 14 0
5 2 12 15 0
5 2 13 0 0
5 2 13 1 0
5 2 13 2 0
5 2 13 3 0
5 2 13 4 0
5 2 13 5 0
5 2 13 6 0
5 2 13 7 0
5 2 13 8 0
5 2 13 9 0
5 2 13 10 0
5 2 13 11 0
5 2 13 12 0
5 2 13 13 0
5 2 13 14 0
5 2 13 15 0
5 2 14 0 0
5 2 14 1 0
5 2 14 2 0
5 2 14 3 0
5 2 14 4 0
5 2 14 5 -0.005170638576319841
5 2 14 6 0
5 2 14 7 0
5 2 14 8 0
5 2 14 9 0
5 2 14 10 0
5 2 14 11 0
5 2 14 12 0
5 2 14 13 0
5 2 14 14 0
5 2 14 15 0
5 2 15 0 0
5 2 15 1 0
5 2 15 2 0
5 2 15 3 0
5 2 15 4 0
5 2 15 5 0
5 2 15 6 0
5 2 15 7 0
5 2 15 8 0
5 2 15 9 0
5 2 15 10 0
5 2 15 11 0
5 2 15 12 0
5 2 15 13 0
5 2 15 14 0
5 2 15 15 0
5 3 0 0 0
5 3 0 1 0
5 3 0 2 0
5 3 0 3 0
5 3 0 4 0
5 3 0 5 0
5 3 0 6 0
5 3 0 7 0
5 3 0 8 0
5 3 0 9 0
5 3 0 10 0
5 3 0 11 0
5 3 0 12 0
5 3 0 13 0
5 3 0 14 0
5 3 0 15 0
5 3 1 0 0
5 3 1 1 0
5 3 1 2 0
5 3 1 3 0
5 3 1 4 0
5 3 1 5 0
5 3 1 6 0
5 3 1 7 0
5 3 1 8 0
5 3 1 9 0
5 3 1 10 0
5 3 1 11 0
5 3 1 12 0
5 3 1 13 0
5 3 1 14 0
5 3 1 15 0
5 3 2 0 0
5 3 2 1 0
5 3 2 2 0
5 3 2 3 0
5 3 2 4 0
5 3 2 5 0
5 3 2 6 0
5 3 2 7 0
5 3 2 8 0
5 3 2 9 0
5 3 2 10 0
5 3 2 11 0
5 3 2 12 0
5 3 2 13 0
5 3 2 14 0
5 3 2 15 0
5 3 3 0 0
5 3 3 1 0
5 3 3 2 0
5 3 3 3 0
5 3 3 4 0
5 3 3 5 0.03090891343267976
5 3 3 6 0
5 3 3 7 0
5 3 3 8 0
5 3 3 9 0
5 3 3 10 0
5 3 3 11 0
5 3 3 12 -0.004358385540017612
5 3 3 13 0
5 3 3 14 0
5 3 3 15 0
5 3 4 0 0
5 3 4 1 0
5 3 4 2 0
5 3 4 3 0
5 3 4 4 0
5 3 4 5 0
5 3 4 6 -0.1919204991442376
5 3 4 7 0
5 3 4 8 0
5 3 4 9 0
5 3 4 10 0
5 3 4 11 0
5 3 4 12 0
5 3 4 13 -0.003340075069058372
5 3 4 14 0
5 3 4 15 0
5 3 5 0 0
5 3 5 1 0
5 3 5 2 0
5 3 5 3 0.9972010197010737
5 3 5 4 0
5 3 5 5 0
5 3 5 6 0
5 3 5 7 0
5 3 5 8 0.03757690081893793
5 3 5 9 0
5 3 5 10 0
5 3 5 11 0
5 3 5 12 0
5 3 5 13 0
5 3 5 14 0
5 3 5 15 0
5 3 6 0 0
5 3 6 1 0
5 3 6 2 0
5 3 6 3 0
5 3 6 4 -0.7063671547788607
5 3 6 5 0
5 3 6 6 0
5 3 6 7 0
5 3 6 8 0
5 3 6 9 -0.02578475391461429
5 3 6 10 0
5 3 6 11 0
5 3 6 12 0
5 3 6 13 0
5 3 6 14 0
5 3 6 15 0
5 3 7 0 0
5 3 7 1 0
5 3 7 2 0
5 3 7 3 0
5 3 7 4 0
5 3 7 5 0
5 3 7 6 0
5 3 7 7 0
5 3 7 8 0
5 3 7 9 0
5 3 7 10 0
5 3 7 11 0
5 3 7 12 0
5 3 7 13 0
5 3 7 14 0
5 3 7 15 0
5 3 8 0 0
5 3 8 1 0
5 3 8 2 0
5 3 8 3 0
5 3 8 4 0
5 3 8 5 0.01626319902256692
5 3 8 6 0
5 3 8 7 0
5 3 8 8 0
5 3 8 9 0
5 3 8 10 0
5 3 8 11 0
5 3 8 12 0
5 3 8 13 0
5 3 8 14 0
5 3 8 15 0
5 3 9 0 0
5 3 9 1 0
5 3 9 2 0
5 3 9 3 0
5 3 9 4 0
5 3 9 5 0
5 3 9 6 -0.01824037086050443
5 3 9 7 0
5 3 9 8 0
5 3 9 9 0
5 3 9 10 0
5 3 9 11 0
5 3 9 12 0
5 3 9 13 0
5 3 9 14 0
5 3 9 15 0
5 3 10 0 0
5 3 10 1 0
5 3 10 2 0
5 3 10 3 0
5 3 10 4 0
5 3 10 5 0
5 3 10 6 0
5 3 10 7 0
5 3 10 8 0
5 3 10 9 0
5 3 10 10 0
5 3 10 11 0
5 3 10 12 0
5 3 10 13 0
5 3 10 14 0
5 3 10 15 0
5 3 11 0 0
5 3 11 1 0
5 3 11 2 0
5 3 11 3 0
5 3 11 4 0
5 3 11 5 0
5 3 11 6 0
5 3 11 7 0
5 3 11 8 0
5 3 11 9 0
5 3 11 10 0
5 3 11 11 0
5 3 11 12 0
5 3 11 13 0
5 3 11 14 0
5 3 11 15 0
5 3 12 0 0
5 3 12 1 0
5 3 12 2 0
5 3 12 3 0.0555143969482341
5 3 12 4 0
5 3 12 5 0
5 3 12 6 0
5 3 12 7 0
5 3 12 8 0
5 3 12 9 0
5 3 12 10 0
5 3 12 11 0
5 3 12 12 0
5 3 12 13 0
5 3 12 14 0
5 3 12 15 0
5 3 13 0 0
5 3 13 1 0
5 3 13 2 0
5 3 13 3 0
5 3 13 4 -0.04643769698372824
5 3 13 5 0
5 3 13 6 0
5 3 13 7 0
5 3 13 8 0
5 3 13 9 0
5 3 13 10 0
5 3 13 11 0
5 3 13 12 0
5 3 13 13 0
5 3 13 14 0
5 3 13 15 0
5 3 14 0 0
5 3 14 1 0
5 3 14 2 0
5 3 14 3 0
5 3 14 4 0
5 3 14 5 0
5 3 14 6 0
5 3 14 7 0
5 3 14 8 0
5 3 14 9 0
5 3 14 10 0
5 3 14 11 0
5 3 14 12 0
5 3 14 13 0
5 3 14 14 0
5 3 14 15 0
5 3 15 0 0
5 3 15 1 0
5 3 15 2 0
5 3 15 3 0
5 3 15 4 0
5 3 15 5 0
5 3 15 6 0
5 3 15 7 0
5 3 15 8 0
5 3 15 9 0
5 3 15 10 0
5 3 15 11 0
5 3 15 12 0
5 3 15 13 0
5 3 15 14 0
5 3 15 15 0
5 4 0 0 0
5 4 0 1 0
5 4 0 2 0
5 4 0 3 0
5 4 0 4 0
5 4 0 5 0
5 4 0 6 0
5 4 0 7 0
5 4 0 8 0
5 4 0 9 0
5 4 0 10 0
5 4 0 11 0
5 4 0 12 0
5 4 0 13 0
5 4 0 14 0
5 4 0 15 0
5 4 1 0 0
5 4 1 1 0
5 4 1 2 0
5 4 1 3 0
5 4 1 4 0
5 4 1 5 0
5 4 1 6 0
5 4 1 7 0
5 4 1 8 0
5 4 1 9 0
5 4 1 10 0
5 4 1 11 0
5 4 1 12 0
5 4 1 13 0
5 4 1 14 0
5 4 1 15 0
5 4 2 0 0
5 4 2 1 0
5 4 2 2 0
5 4 2 3 0
5 4 2 4 0
5 4 2 5 0
5 4 2 6 0
5 4 2 7 0
5 4 2 8 0
5 4 2 9 0
5 4 2 10 0
5 4 2 11 0
5 4 2 12 0
5 4 2 13 0
5 4 2 14 0
5 4 2 15 0
5 4 3 0 0
5 4 3 1 0
5 4 3 2 0
5 4 3 3 0
5 4 3 4 0
5 4 3 5 0
5 4 3 6 0
5 4 3 7 0
5 4 3 8 0
5 4 3 9 0
5 4 3 10 0
5 4 3 11 0
5 4 3 12 0
5 4 3 13 0
5 4 3 14 0
5 4 3 15 0
5 4 4 0 0
5 4 4 1 0
5 4 4 2 0
5 4 4 3 0
5 4 4 4 0
5 4 4 5 -0.438625002012658
5 4 4 6 0
5 4 4 7 0
5 4 4 8 0
5 4 4 9 0
5 4 4 10 0
5 4 4 11 0
5 4 4 12 -0.02119278604192504
5 4 4 13 0
5 4 4 14 0
5 4 4 15 0
5 4 5 0 0
5 4 5 1 0
5 4 5 2 0
5 4 5 3 0
5 4 5 4 0.5187970256849588
5 4 5 5 0
5 4 5 6 0
5 4 5 7 0
5 4 5 8 0
5 4 5 9 0.02326208019475875
5 4 5 10 0
5 4 5 11 0
5 4 5 12 0
5 4 5 13 0
5 4 5 14 0
5 4 5 15 0
5 4 6 0 0
5 4 6 1 0
5 4 6 2 0
5 4 6 3 0
5 4 6 4 0
5 4 6 5 0
5 4 6 6 0
5 4 6 7 0
5 4 6 8 0
5 4 6 9 0
5 4 6 10 0
5 4 6 11 0
5 4 6 12 0
5 4 6 13 0
5 4 6 14 0
5 4 6 15 0
5 4 7 0 0
5 4 7 1 0
5 4 7 2 0
5 4 7 3 0
5 4 7 4 0
5 4 7 5 0
5 4 7 6 0
5 4 7 7 0
5 4 7 8 0
5 4 7 9 0
5 4 7 10 0
5 4 7 11 0
5 4 7 12 0
5 4 7 13 0
5 4 7 14 0
5 4 7 15 0
5 4 8 0 0
5 4 8 1 0
5 4 8 2 0
5 4 8 3 0
5 4 8 4 0
5 4 8 5 0
5 4 8 6 0
5 4 8 7 0
5 4 8 8 0
5 4 8 9 0
5 4 8 10 0
5 4 8 11 0
5 4 8 12 0
5 4 8 13 0
5 4 8 14 0
5 4 8 15 0
5 4 9 0 0
5 4 9 1 0
5 4 9 2 0
5 4 9 3 0
5 4 9 4 0
5 4 9 5 -0.01737861478538636
5 4 9 6 0
5 4 9 7 0
5 4 9 8 0
5 4 9 9 0
5 4 9 10 0
5 4 9 11 0
5 4 9 12 0
5 4 9 13 0
5 4 9 14 0
5 4 9 15 0
5 4 10 0 0
5 4 10 1 0
5 4 10 2 0
5 4 10 3 0
5 4 10 4 0
5 4 10 5 0
5 4 10 6 0
5 4 10 7 0
5 4 10 8 0
5 4 10 9 0
5 4 10 10 0
5 4 10 11 0
5 4 10 12 0
5 4 10 13 0
5 4 10 14 0
5 4 10 15 0
5 4 11 0 0
5 4 11 1 0
5 4 11 2 0
5 4 11 3 0
5 4 11 4 0
5 4 11 5 0
5 4 11 6 0
5 4 11 7 0
5 4 11 8 0
5 4 11 9 0
5 4 11 10 0
5 4 11 11 0
5 4 11 12 0
5 4 11 13 0
5 4 11 14 0
5 4 11 15 0
5 4 12 0 0
5 4 12 1 0
5 4 12 2 0
5 4 12 3 0
5 4 12 4 0.02043632357037963
5 4 12 5 0
5 4 12 6 0
5 4 12 7 0
5 4 12 8 0
5 4 12 9 0
5 4 12 10 0
5 4 12 11 0
5 4 12 12 0
5 4 12 13 0
5 4 12 14 0
5 4 12 15 0
5 4 13 0 0
5 4 13 1 0
5 4 13 2 0
5 4 13 3 0
5 4 13 4 0
5 4 13 5 0
5 4 13 6 0
5 4 13 7 0
5 4 13 8 0
5 4 13 9 0
5 4 13 10 0
5 4 13 11 0
5 4 13 12 0
5 4 13 13 0
5 4 13 14 0
5 4 13 15 0
5 4 14 0 0
5 4 14 1 0
5 4 14 2 0
5 4 14 3 0
5 4 14 4 0
5 4 14 5 0
5 4 14 6 0
5 4 14 7 0
5 4 14 8 0
5 4 14 9 0
5 4 14 10 0
5 4 14 11 0
5 4 14 12 0
5 4 14 13 0
5 4 14 14 0
5 4 14 15 0
5 4 15 0 0
5 4 15 1 0
5 4 15 2 0
5 4 15 3 0
5 4 15 4 0
5 4 15 5 0
5 4 15 6 0
5 4 15 7 0
5 4 15 8 0
5 4 15 9 0
5 4 15 10 0
5 4 15 11 0
5 4 15 12 0
5 4 15 13 0
5 4 15 14 0
5 4 15 15 0
5 5 0 0 0
5 5 0 1 0
5 5 0 2 0
5 5 0 3 0
5 5 0 4 0
5 5 0 5 0
5 5 0 6 0
5 5 0 7 0
5 5 0 8 0
5 5 0 9 0
5 5 0 10 0
5 5 0 11 0
5 5 0 12 0
5 5 0 13 0
5 5 0 14 0
5 5 0 15 0
5 5 1 0 0
5 5 1 1 0
5 5 1 2 0
5 5 1 3 0
5 5 1 4 0
5 5 1 5 0
5 5 1 6 0
5 5 1 7 0
5 5 1 8 0
5 5 1 9 0
5 5 1 10 0
5 5 1 11 0
5 5 1 12 0
5 5 1 13 0
5 5 1 14 0
5 5 1 15 0
5 5 2 0 0
5 5 2 1 0
5 5 2 2 0
5 5 2 3 0
5 5 2 4 0
5 5 2 5 0
5 5 2 6 0
5 5 2 7 0
5 5 2 8 0
5 5 2 9 0
5 5 2 10 0
5 5 2 11 0
5 5 2 12 0
5 5 2 13 0
5 5 2 14 0
5 5 2 15 0
5 5 3 0 0
5 5 3 1 0
5 5 3 2 0
5 5 3 3 0
5 5 3 4 0
5 5 3 5 0
5 5 3 6 0
5 5 3 7 0
5 5 3 8 0
5 5 3 9 0
5 5 3 10 0
5 5 3 11 0
5 5 3 12 0
5 5 3 13 0
5 5 3 14 0
5 5 3 15 0
5 5 4 0 0
5 5 4 1 0
5 5 4 2 0
5 5 4 3 0
5 5 4 4 -0.2572621122005461
5 5 4 5 0
5 5 4 6 0
5 5 4 7 0
5 5 4 8 0
5 5 4 9 -0.0152206289332569
5 5 4 10 0
5 5 4 11 0
5 5 4 12 0
5 5 4 13 0
5 5 4 14 0
5 5 4 15 0
5 5 5 0 0
5 5 5 1 0
5 5 5 2 0
5 5 5 3 0
5 5 5 4 0
5 5 5 5 0.2238753011939201
5 5 5 6 0
5 5 5 7 0
5 5 5 8 0
5 5 5 9 0
5 5 5 10 0
5 5 5 11 0
5 5 5 12 0.01753903668892724
5 5 5 13 0
5 5 5 14 0
5 5 5 15 0
5 5 6 0 0
5 5 6 1 0
5 5 6 2 0
5 5 6 3 0
5 5 6 4 0
5 5 6 5 0
5 5 6 6 0
5 5 6 7 0
5 5 6 8 0
5 5 6 9 0
5 5 6 10 0
5 5 6 11 0
5 5 6 12 0
5 5 6 13 0
5 5 6 14 0
5 5 6 15 0
5 5 7 0 0
5 5 7 1 0
5 5 7 2 0
5 5 7 3 0
5 5 7 4 0
5 5 7 5 0
5 5 7 6 0
5 5 7 7 0
5 5 7 8 0
5 5 7 9 0
5 5 7 10 0
5 5 7 11 0
5 5 7 12 0
5 5 7 13 0
5 5 7 14 0
5 5 7 15 0
5 5 8 0 0
5 5 8 1 0
5 5 8 2 0
5 5 8 3 0
5 5 8 4 0
5 5 8 5 0
5 5 8 6 0
5 5 8 7 0
5 5 8 8 0
5 5 8 9 0
5 5 8 10 0
5 5 8 11 0
5 5 8 12 0
5 5 8 13 0
5 5 8 14 0
5 5 8 15 0
5 5 9 0 0
5 5 9 1 0
5 5 9 2 0
5 5 9 3 0
5 5 9 4 -0.0152206289332569
5 5 9 5 0
5 5 9 6 0
5 5 9 7 0
5 5 9 8 0
5 5 9 9 0
5 5 9 10 0
5 5 9 11 0
5 5 9 12 0
5 5 9 13 0
5 5 9 14 0
5 5 9 15 0
5 5 10 0 0
5 5 10 1 0
5 5 10 2 0
5 5 10 3 0
5 5 10 4 0
5 5 10 5 0
5 5 10 6 0
5 5 10 7 0
5 5 10 8 0
5 5 10 9 0
5 5 10 10 0
5 5 10 11 0
5 5 10 12 0
5 5 10 13 0
5 5 10 14 0
5 5 10 15 0
5 5 11 0 0
5 5 11 1 0
5 5 11 2 0
5 5 11 3 0
5 5 11 4 0
5 5 11 5 0
5 5 11 6 0
5 5 11 7 0
5 5 11 8 0
5 5 11 9 0
5 5 11 10 0
5 5 11 11 0
5 5 11 12 0
5 5 11 13 0
5 5 11 14 0
5 5 11 15 0
5 5 12 0 0
5 5 12 1 0
5 5 12 2 0
5 5 12 3 0
5 5 12 4 0
5 5 12 5 0.01753903668892724
5 5 12 6 0
5 5 12 7 0
5 5 12 8 0
5 5 12 9 0
5 5 12 10 0
5 5 12 11 0
5 5 12 12 0
5 5 12 13 0
5 5 12 14 0
5 5 12 15 0
5 5 13 0 0
5 5 13 1 0
5 5 13 2 0
5 5 13 3 0
5 5 13 4 0
5 5 13 5 0
5 5 13 6 0
5 5 13 7 0
5 5 13 8 0
5 5 13 9 0
5 5 13 10 0
5 5 13 11 0
5 5 13 12 0
5 5 13 13 0
5 5 13 14 0
5 5 13 15 0
5 5 14 0 0
5 5 14 1 0
5 5 14 2 0
5 5 14 3 0
5 5 14 4 0
5 5 14 5 0
5 5 14 6 0
5 5 14 7 0
5 5 14 8 0
5 5 14 9 0
5 5 14 10 0
5 5 14 11 0
5 5 14 12 0
5 5 14 13 0
5 5 14 14 0
5 5 14 15 0
5 5 15 0 0
5 5 15 1 0
5 5 15 2 0
5 5 15 3 0
5 5 15 4 0
5 5 15 5 0
5 5 15 6 0
5 5 15 7 0
5 5 15 8 0
5 5 15 9 0
5 5 15 10 0
5 5 15 11 0
5 5 15 12 0
5 5 15 13 0
5 5 15 14 0
5 5 15 15 0
5 6 0 0 0
5 6 0 1 0
5 6 0 2 0
5 6 0 3 0
5 6 0 4 0
5 6 0 5 0
5 6 0 6 0
5 6 0 7 0
5 6 0 8 0
5 6 0 9 0
5 6 0 10 0
5 6 0 11 0
5 6 0 12 0
5 6 0 13 0
5 6 0 14 0
5 6 0 15 0
5 6 1 0 0
5 6 1 1 0
5 6 1 2 0
5 6 1 3 0
5 6 1 4 0
5 6 1 5 0
5 6 1 6 0
5 6 1 7 0
5 6 1 8 0
5 6 1 9 0
5 6 1 10 0
5 6 1 11 0
5 6 1 12 0
5 6 1 13 0
5 6 1 14 0
5 6 1 15 0
5 6 2 0 0
5 6 2 1 0
5 6 2 2 0
5 6 2 3 0
5 6 2 4 0
5 6 2 5 0
5 6 2 6 0
5 6 2 7 0
5 6 2 8 0
5 6 2 9 0
5 6 2 10 0
5 6 2 11 0
5 6 2 12 0
5 6 2 13 0
5 6 2 14 0
5 6 2 15 0
5 6 3 0 0
5 6 3 1 0
5 6 3 2 0
5 6 3 3 0
5 6 3 4 -0.4917477994333263
5 6 3 5 0
5 6 3 6 0
5 6 3 7 0
5 6 3 8 0
5 6 3 9 -0.0276899165105156
5 6 3 10 0
5 6 3 11 0
5 6 3 12 0
5 6 3 13 0
5 6 3 14 0
5 6 3 15 0
5 6 4 0 0
5 6 4 1 0
5 6 4 2 0
5 6 4 3 0.09533607817175976
5 6 4 4 0
5 6 4 5 0
5 6 4 6 0
5 6 4 7 0
5 6 4 8 0.007084157751018732
5 6 4 9 0
5 6 4 10 0
5 6 4 11 0
5 6 4 12 0
5 6 4 13 0
5 6 4 14 0
5 6 4 15 0
5 6 5 0 0
5 6 5 1 0
5 6 5 2 0
5 6 5 3 0
5 6 5 4 0
5 6 5 5 0
5 6 5 6 0.4915061723866219
5 6 5 7 0
5 6 5 8 0
5 6 5 9 0
5 6 5 10 0
5 6 5 11 0
5 6 5 12 0
5 6 5 13 0.02006812266186633
5 6 5 14 0
5 6 5 15 0
5 6 6 0 0
5 6 6 1 0
5 6 6 2 0
5 6 6 3 0
5 6 6 4 0
5 6 6 5 -0.02494920949405512
5 6 6 6 0
5 6 6 7 0
5 6 6 8 0
5 6 6 9 0
5 6 6 10 0
5 6 6 11 0
5 6 6 12 0.008012134893015417
5 6 6 13 0
5 6 6 14 0
5 6 6 15 0
5 6 7 0 0
5 6 7 1 0
5 6 7 2 0
5 6 7 3 0
5 6 7 4 0
5 6 7 5 0
5 6 7 6 0
5 6 7 7 0
5 6 7 8 0
5 6 7 9 0
5 6 7 10 0
5 6 7 11 0
5 6 7 12 0
5 6 7 13 0
5 6 7 14 0
5 6 7 15 0
5 6 8 0 0
5 6 8 1 0
5 6 8 2 0
5 6 8 3 0
5 6 8 4 -0.0308871666826084
5 6 8 5 0
5 6 8 6 0
5 6 8 7 0
5 6 8 8 0
5 6 8 9 0
5 6 8 10 0
5 6 8 11 0
5 6 8 12 0
5 6 8 13 0
5 6 8 14 0
5 6 8 15 0
5 6 9 0 0
5 6 9 1 0
5 6 9 2 0
5 6 9 3 0.006350849162978814
5 6 9 4 0
5 6 9 5 0
5 6 9 6 0
5 6 9 7 0
5 6 9 8 0
5 6 9 9 0
5 6 9 10 0
5 6 9 11 0
5 6 9 12 0
5 6 9 13 0
5 6 9 14 0
5 6 9 15 0
5 6 10 0 0
5 6 10 1 0
5 6 10 2 0
5 6 10 3 0
5 6 10 4 0
5 6 10 5 0
5 6 10 6 0
5 6 10 7 0
5 6 10 8 0
5 6 10 9 0
5 6 10 10 0
5 6 10 11 0
5 6 10 12 0
5 6 10 13 0
5 6 10 14 0
5 6 10 15 0
5 6 11 0 0
5 6 11 1 0
5 6 11 2 0
5 6 11 3 0
5 6 11 4 0
5 6 11 5 0
5 6 11 6 0
5 6 11 7 0
5 6 11 8 0
5 6 11 9 0
5 6 11 10 0
5 6 11 11 0
5 6 11 12 0
5 6 11 13 0
5 6 11 14 0
5 6 11 15 0
5 6 12 0 0
5 6 12 1 0
5 6 12 2 0
5 6 12 3 0
5 6 12 4 0
5 6 12 5 0
5 6 12 6 0.02043632357037963
5 6 12 7 0
5 6 12 8 0
5 6 12 9 0
5 6 12 10 0
5 6 12 11 0
5 6 12 12 0
5 6 12 13 0
5 6 12 14 0
5 6 12 15 0
5 6 13 0 0
5 6 13 1 0
5 6 13 2 0
5 6 13 3 0
5 6 13 4 0
5 6 13 5 0.0101022980393785
5 6 13 6 0
5 6 13 7 0
5 6 13 8 0
5 6 13 9 0
5 6 13 10 0
5 6 13 11 0
5 6 13 12 0
5 6 13 13 0
5 6 13 14 0
5 6 13 15 0
5 6 14 0 0
5 6 14 1 0
5 6 14 2 0
5 6 14 3 0
5 6 14 4 0
5 6 14 5 0
5 6 14 6 0
5 6 14 7 0
5 6 14 8 0
5 6 14 9 0
5 6 14 10 0
5 6 14 11 0
5 6 14 12 0
5 6 14 13 0
5 6 14 14 0
5 6 14 15 0
5 6 15 0 0
5 6 15 1 0
5 6 15 2 0
5 6 15 3 0
5 6 15 4 0
5 6 15 5 0
5 6 15 6 0
5 6 15 7 0
5 6 15 8 0
5 6 15 9 0
5 6 15 10 0
5 6 15 11 0
5 6 15 12 0
5 6 15 13 0
5 6 15 14 0
5 6 15 15 0
5 7 0 0 0
5 7 0 1 0
5 7 0 2 0
5 7 0 3 0
5 7 0 4 0
5 7 0 5 0
5 7 0 6 0
5 7 0 7 0
5 7 0 8 0
5 7 0 9 0
5 7 0 10 0
5 7 0 11 0
5 7 0 12 0
5 7 0 13 0
5 7 0 14 0
5 7 0 15 0
5 7 1 0 0
5 7 1 1 0
5 7 1 2 0
5 7 1 3 0
5 7 1 4 0
5 7 1 5 0
5 7 1 6 0
5 7 1 7 0
5 7 1 8 0
5 7 1 9 0
5 7 1 10 0
5 7 1 11 0
5 7 1 12 0
5 7 1 13 0
5 7 1 14 0
5 7 1 15 0
5 7 2 0 0
5 7 2 1 0
5 7 2 2 0
5 7 2 3 0
5 7 2 4 0.3285605319073119
5 7 2 5 0
5 7 2 6 0
5 7 2 7 0
5 7 2 8 0
5 7 2 9 0.01274596816406824
5 7 2 10 0
5 7 2 11 0
5 7 2 12 0
5 7 2 13 0
5 7 2 14 0
5 7 2 15 0
5 7 3 0 0
5 7 3 1 0
5 7 3 2 0
5 7 3 3 0
5 7 3 4 0
5 7 3 5 0
5 7 3 6 0
5 7 3 7 0
5 7 3 8 0
5 7 3 9 0
5 7 3 10 0
5 7 3 11 0
5 7 3 12 0
5 7 3 13 0
5 7 3 14 0
5 7 3 15 0
5 7 4 0 0
5 7 4 1 0
5 7 4 2 0.1715001834801004
5 7 4 3 0
5 7 4 4 0
5 7 4 5 0
5 7 4 6 0
5 7 4 7 0
5 7 4 8 0
5 7 4 9 0
5 7 4 10 0
5 7 4 11 0
5 7 4 12 0
5 7 4 13 0
5 7 4 14 0.001327498836488143
5 7 4 15 0
5 7 5 0 0
5 7 5 1 0
5 7 5 2 0
5 7 5 3 0
5 7 5 4 0
5 7 5 5 0
5 7 5 6 0
5 7 5 7 0.347909418986449
5 7 5 8 0
5 7 5 9 0
5 7 5 10 0
5 7 5 11 0
5 7 5 12 0
5 7 5 13 0
5 7 5 14 0
5 7 5 15 0
5 7 6 0 0
5 7 6 1 0
5 7 6 2 0
5 7 6 3 0
5 7 6 4 0
5 7 6 5 0
5 7 6 6 0
5 7 6 7 0
5 7 6 8 0
5 7 6 9 0
5 7 6 10 0
5 7 6 11 0
5 7 6 12 0
5 7 6 13 0
5 7 6 14 0
5 7 6 15 0
5 7 7 0 0
5 7 7 1 0
5 7 7 2 0
5 7 7 3 0
5 7 7 4 0
5 7 7 5 0.003596303186854916
5 7 7 6 0
5 7 7 7 0
5 7 7 8 0
5 7 7 9 0
5 7 7 10 0
5 7 7 11 0
5 7 7 12 0
5 7 7 13 0
5 7 7 14 0
5 7 7 15 0
5 7 8 0 0
5 7 8 1 0
5 7 8 2 0
5 7 8 3 0
5 7 8 4 0
5 7 8 5 0
5 7 8 6 0
5 7 8 7 0
5 7 8 8 0
5 7 8 9 0
5 7 8 10 0
5 7 8 11 0
5 7 8 12 0
5 7 8 13 0
5 7 8 14 0
5 7 8 15 0
5 7 9 0 0
5 7 9 1 0
5 7 9 2 0.0081252155826278
5 7 9 3 0
5 7 9 4 0
5 7 9 5 0
5 7 9 6 0
5 7 9 7 0
5 7 9 8 0
5 7 9 9 0
5 7 9 10 0
5 7 9 11 0
5 7 9 12 0
5 7 9 13 0
5 7 9 14 0
5 7 9 15 0
5 7 10 0 0
5 7 10 1 0
5 7 10 2 0
5 7 10 3 0
5 7 10 4 0
5 7 10 5 0
5 7 10 6 0
5 7 10 7 0
5 7 10 8 0
5 7 10 9 0
5 7 10 10 0
5 7 10 11 0
5 7 10 12 0
5 7 10 13 0
5 7 10 14 0
5 7 10 15 0
5 7 11 0 0
5 7 11 1 0
5 7 11 2 0
5 7 11 3 0
5 7 11 4 0
5 7 11 5 0
5 7 11 6 0
5 7 11 7 0
5 7 11 8 0
5 7 11 9 0
5 7 11 10 0
5 7 11 11 0
5 7 11 12 0
5 7 11 13 0
5 7 11 14 0
5 7 11 15 0
5 7 12 0 0
5 7 12 1 0
5 7 12 2 0
5 7 12 3 0
5 7 12 4 0
5 7 12 5 0
5 7 12 6 0
5 7 12 7 0
5 7 12 8 0
5 7 12 9 0
5 7 12 10 0
5 7 12 11 0
5 7 12 12 0
5 7 12 13 0
5 7 12 14 0
5 7 12 15 0
5 7 13 0 0
5 7 13 1 0
5 7 13 2 0
5 7 13 3 0
5 7 13 4 0
5 7 13 5 0
5 7 13 6 0
5 7 13 7 0
5 7 13 8 0
5 7 13 9 0
5 7 13 10 0
5 7 13 11 0
5 7 13 12 0
5 7 13 13 0
5 7 13 14 0
5 7 13 15 0
5 7 14 0 0
5 7 14 1 0
5 7 14 2 0
5 7 14 3 0
5 7 14 4 0.00172986231713075
5 7 14 5 0
5 7 14 6 0
5 7 14 7 0
5 7 14 8 0
5 7 14 9 0
5 7 14 10 0
5 7 14 11 0
5 7 14 12 0
5 7 14 13 0
5 7 14 14 0
5 7 14 15 0
5 7 15 0 0
5 7 15 1 0
5 7 15 2 0
5 7 15 3 0
5 7 15 4 0
5 7 15 5 0
5 7 15 6 0
5 7 15 7 0
5 7 15 8 0
5 7 15 9 0
5 7 15 10 0
5 7 15 11 0
5 7 15 12 0
5 7 15 13 0
5 7 15 14 0
5 7 15 15 0
5 8 0 0 0
5 8 0 1 0
5 8 0 2 0
5 8 0 3 0
5 8 0 4 0
5 8 0 5 0
5 8 0 6 0
5 8 0 7 0
5 8 0 8 0
5 8 0 9 0
5 8 0 10 0
5 8 0 11 0
5 8 0 12 0
5 8 0 13 0
5 8 0 14 0
5 8 0 15 0
5 8 1 0 0
5 8 1 1 0
5 8 1 2 0
5 8 1 3 0
5 8 1 4 0
5 8 1 5 0
5 8 1 6 0
5 8 1 7 0
5 8 1 8 0
5 8 1 9 0
5 8 1 10 0
5 8 1 11 0
5 8 1 12 0
5 8 1 13 0
5 8 1 14 0
5 8 1 15 0
5 8 2 0 0
5 8 2 1 0
5 8 2 2 0
5 8 2 3 0
5 8 2 4 0
5 8 2 5 0
5 8 2 6 0
5 8 2 7 0
5 8 2 8 0
5 8 2 9 0
5 8 2 10 0
5 8 2 11 0
5 8 2 12 0
5 8 2 13 0
5 8 2 14 0
5 8 2 15 0
5 8 3 0 0
5 8 3 1 0
5 8 3 2 0
5 8 3 3 0
5 8 3 4 0
5 8 3 5 0.01626319902256692
5 8 3 6 0
5 8 3 7 0
5 8 3 8 0
5 8 3 9 0
5 8 3 10 0
5 8 3 11 0
5 8 3 12 0.0006221061085531106
5 8 3 13 0
5 8 3 14 0
5 8 3 15 0
5 8 4 0 0
5 8 4 1 0
5 8 4 2 0
5 8 4 3 0
5 8 4 4 0
5 8 4 5 0
5 8 4 6 -0.0178743193011376
5 8 4 7 0
5 8 4 8 0
5 8 4 9 0
5 8 4 10 0
5 8 4 11 0
5 8 4 12 0
5 8 4 13 -0.001058461471281402
5 8 4 14 0
5 8 4 15 0
5 8 5 0 0
5 8 5 1 0
5 8 5 2 0
5 8 5 3 0.03757690081893793
5 8 5 4 0
5 8 5 5 0
5 8 5 6 0
5 8 5 7 0
5 8 5 8 0.00240147053890449
5 8 5 9 0
5 8 5 10 0
5 8 5 11 0
5 8 5 12 0
5 8 5 13 0
5 8 5 14 0
5 8 5 15 0
5 8 6 0 0
5 8 6 1 0
5 8 6 2 0
5 8 6 3 0
5 8 6 4 -0.02630166959900439
5 8 6 5 0
5 8 6 6 0
5 8 6 7 0
5 8 6 8 0
5 8 6 9 -0.001213444019619698
5 8 6 10 0
5 8 6 11 0
5 8 6 12 0
5 8 6 13 0
5 8 6 14 0
5 8 6 15 0
5 8 7 0 0
5 8 7 1 0
5 8 7 2 0
5 8 7 3 0
5 8 7 4 0
5 8 7 5 0
5 8 7 6 0
5 8 7 7 0
5 8 7 8 0
5 8 7 9 0
5 8 7 10 0
5 8 7 11 0
5 8 7 12 0
5 8 7 13 0
5 8 7 14 0
5 8 7 15 0
5 8 8 0 0
5 8 8 1 0
5 8 8 2 0
5 8 8 3 0
5 8 8 4 0
5 8 8 5 0.001584381629527092
5 8 8 6 0
5 8 8 7 0
5 8 8 8 0
5 8 8 9 0
5 8 8 10 0
5 8 8 11 0
5 8 8 12 0
5 8 8 13 0
5 8 8 14 0
5 8 8 15 0
5 8 9 0 0
5 8 9 1 0
5 8 9 2 0
5 8 9 3 0
5 8 9 4 0
5 8 9 5 0
5 8 9 6 -0.001228916117306778
5 8 9 7 0
5 8 9 8 0
5 8 9 9 0
5 8 9 10 0
5 8 9 11 0
5 8 9 12 0
5 8 9 13 0
5 8 9 14 0
5 8 9 15 0
5 8 10 0 0
5 8 10 1 0
5 8 10 2 0
5 8 10 3 0
5 8 10 4 0
5 8 10 5 0
5 8 10 6 0
5 8 10 7 0
5 8 10 8 0
5 8 10 9 0
5 8 10 10 0
5 8 10 11 0
5 8 10 12 0
5 8 10 13 0
5 8 10 14 0
5 8 10 15 0
5 8 11 0 0
5 8 11 1 0
5 8 11 2 0
5 8 11 3 0
5 8 11 4 0
5 8 11 5 0
5 8 11 6 0
5 8 11 7 0
5 8 11 8 0
5 8 11 9 0
5 8 11 10 0
5 8 11 11 0
5 8 11 12 0
5 8 11 13 0
5 8 11 14 0
5 8 11 15 0
5 8 12 0 0
5 8 12 1 0
5 8 12 2 0
5 8 12 3 0.002725109238760547
5 8 12 4 0
5 8 12 5 0
5 8 12 6 0
5 8 12 7 0
5 8 12 8 0
5 8 12 9 0
5 8 12 10 0
5 8 12 11 0
5 8 12 12 0
5 8 12 13 0
5 8 12 14 0
5 8 12 15 0
5 8 13 0 0
5 8 13 1 0
5 8 13 2 0
5 8 13 3 0
5 8 13 4 -0.002183371277268636
5 8 13 5 0
5 8 13 6 0
5 8 13 7 0
5 8 13 8 0
5 8 13 9 0
5 8 13 10 0
5 8 13 11 0
5 8 13 12 0
5 8 13 13 0
5 8 13 14 0
5 8 13 15 0
5 8 14 0 0
5 8 14 1 0
5 8 14 2 0
5 8 14 3 0
5 8 14 4 0
5 8 14 5 0
5 8 14 6 0
5 8 14 7 0
5 8 14 8 0
5 8 14 9 0
5 8 14 10 0
5 8 14 11 0
5 8 14 12 0
5 8 14 13 0
5 8 14 14 0
5 8 14 15 0
5 8 15 0 0
5 8 15 1 0
5 8 15 2 0
5 8 15 3 0
5 8 15 4 0
5 8 15 5 0
5 8 15 6 0
5 8 15 7 0
5 8 15 8 0
5 8 15 9 0
5 8 15 10 0
5 8 15 11 0
5 8 15 12 0
5 8 15 13 0
5 8 15 14 0
5 8 15 15 0
5 9 0 0 0
5 9 0 1 0
5 9 0 2 0
5 9 0 3 0
5 9 0 4 0
5 9 0 5 0
5 9 0 6 0
5 9 0 7 0
5 9 0 8 0
5 9 0 9 0
5 9 0 10 0
5 9 0 11 0
5 9 0 12 0
5 9 0 13 0
5 9 0 14 0
5 9 0 15 0
5 9 1 0 0
5 9 1 1 0
5 9 1 2 0
5 9 1 3 0
5 9 1 4 0
5 9 1 5 0
5 9 1 6 0
5 9 1 7 0
5 9 1 8 0
5 9 1 9 0
5 9 1 10 0
5 9 1 11 0
5 9 1 12 0
5 9 1 13 0
5 9 1 14 0
5 9 1 15 0
5 9 2 0 0
5 9 2 1 0
5 9 2 2 0
5 9 2 3 0
5 9 2 4 0
5 9 2 5 0
5 9 2 6 0
5 9 2 7 0
5 9 2 8 0
5 9 2 9 0
5 9 2 10 0
5 9 2 11 0
5 9 2 12 0
5 9 2 13 0
5 9 2 14 0
5 9 2 15 0
5 9 3 0 0
5 9 3 1 0
5 9 3 2 0
5 9 3 3 0
5 9 3 4 0
5 9 3 5 0
5 9 3 6 0
5 9 3 7 0
5 9 3 8 0
5 9 3 9 0
5 9 3 10 0
5 9 3 11 0
5 9 3 12 0
5 9 3 13 0
5 9 3 14 0
5 9 3 15 0
5 9 4 0 0
5 9 4 1 0
5 9 4 2 0
5 9 4 3 0
5 9 4 4 0
5 9 4 5 -0.01737861478538636
5 9 4 6 0
5 9 4 7 0
5 9 4 8 0
5 9 4 9 0
5 9 4 10 0
5 9 4 11 0
5 9 4 12 -0.001439832511893362
5 9 4 13 0
5 9 4 14 0
5 9 4 15 0
5 9 5 0 0
5 9 5 1 0
5 9 5 2 0
5 9 5 3 0
5 9 5 4 0.02326208019475875
5 9 5 5 0
5 9 5 6 0
5 9 5 7 0
5 9 5 8 0
5 9 5 9 0.001892015688552329
5 9 5 10 0
5 9 5 11 0
5 9 5 12 0
5 9 5 13 0
5 9 5 14 0
5 9 5 15 0
5 9 6 0 0
5 9 6 1 0
5 9 6 2 0
5 9 6 3 0
5 9 6 4 0
5 9 6 5 0
5 9 6 6 0
5 9 6 7 0
5 9 6 8 0
5 9 6 9 0
5 9 6 10 0
5 9 6 11 0
5 9 6 12 0
5 9 6 13 0
5 9 6 14 0
5 9 6 15 0
5 9 7 0 0
5 9 7 1 0
5 9 7 2 0
5 9 7 3 0
5 9 7 4 0
5 9 7 5 0
5 9 7 6 0
5 9 7 7 0
5 9 7 8 0
5 9 7 9 0
5 9 7 10 0
5 9 7 11 0
5 9 7 12 0
5 9 7 13 0
5 9 7 14 0
5 9 7 15 0
5 9 8 0 0
5 9 8 1 0
5 9 8 2 0
5 9 8 3 0
5 9 8 4 0
5 9 8 5 0
5 9 8 6 0
5 9 8 7 0
5 9 8 8 0
5 9 8 9 0
5 9 8 10 0
5 9 8 11 0
5 9 8 12 0
5 9 8 13 0
5 9 8 14 0
5 9 8 15 0
5 9 9 0 0
5 9 9 1 0
5 9 9 2 0
5 9 9 3 0
5 9 9 4 0
5 9 9 5 -0.0007796506881736568
5 9 9 6 0
5 9 9 7 0
5 9 9 8 0
5 9 9 9 0
5 9 9 10 0
5 9 9 11 0
5 9 9 12 0
5 9 9 13 0
5 9 9 14 0
5 9 9 15 0
5 9 10 0 0
5 9 10 1 0
5 9 10 2 0
5 9 10 3 0
5 9 10 4 0
5 9 10 5 0
5 9 10 6 0
5 9 10 7 0
5 9 10 8 0
5 9 10 9 0
5 9 10 10 0
5 9 10 11 0
5 9 10 12 0
5 9 10 13 0
5 9 10 14 0
5 9 10 15 0
5 9 11 0 0
5 9 11 1 0
5 9 11 2 0
5 9 11 3 0
5 9 11 4 0
5 9 11 5 0
5 9 11 6 0
5 9 11 7 0
5 9 11 8 0
5 9 11 9 0
5 9 11 10 0
5 9 11 11 0
5 9 11 12 0
5 9 11 13 0
5 9 11 14 0
5 9 11 15 0
5 9 12 0 0
5 9 12 1 0
5 9 12 2 0
5 9 12 3 0
5 9 12 4 0.001296810955905865
5 9 12 5 0
5 9 12 6 0
5 9 12 7 0
5 9 12 8 0
5 9 12 9 0
5 9 12 10 0
5 9 12 11 0
5 9 12 12 0
5 9 12 13 0
5 9 12 14 0
5 9 12 15 0
5 9 13 0 0
5 9 13 1 0
5 9 13 2 0
5 9 13 3 0
5 9 13 4 0
5 9 13 5 0
5 9 13 6 0
5 9 13 7 0
5 9 13 8 0
5 9 13 9 0
5 9 13 10 0
5 9 13 11 0
5 9 13 12 0
5 9 13 13 0
5 9 13 14 0
5 9 13 15 0
5 9 14 0 0
5 9 14 1 0
5 9 14 2 0
5 9 14 3 0
5 9 14 4 0
5 9 14 5 0
5 9 14 6 0
5 9 14 7 0
5 9 14 8 0
5 9 14 9 0
5 9 14 10 0
5 9 14 11 0
5 9 14 12 0
5 9 14 13 0
5 9 14 14 0
5 9 14 15 0
5 9 15 0 0
5 9 15 1 0
5 9 15 2 0
5 9 15 3 0
5 9 15 4 0
5 9 15 5 0
5 9 15 6 0
5 9 15 7 0
5 9 15 8 0
5 9 15 9 0
5 9 15 10 0
5 9 15 11 0
5 9 15 12 0
5 9 15 13 0
5 9 15 14 0
5 9 15 15 0
5 10 0 0 0
5 10 0 1 0
5 10 0 2 0
5 10 0 3 0
5 10 0 4 0
5 10 0 5 0
5 10 0 6 0
5 10 0 7 0
5 10 0 8 0
5 10 0 9 0
5 10 0 10 0
5 10 0 11 0
5 10 0 12 0
5 10 0 13 0
5 10 0 14 0
5 10 0 15 0
5 10 1 0 0
5 10 1 1 0
5 10 1 2 0
5 10 1 3 0
5 10 1 4 0
5 10 1 5 0
5 10 1 6 0
5 10 1 7 0
5 10 1 8 0
5 10 1 9 0
5 10 1 10 0
5 10 1 11 0
5 10 1 12 0
5 10 1 13 0
5 10 1 14 0
5 10 1 15 0
5 10 2 0 0
5 10 2 1 0
5 10 2 2 0
5 10 2 3 0
5 10 2 4 0
5 10 2 5 0
5 10 2 6 0
5 10 2 7 0
5 10 2 8 0
5 10 2 9 0
5 10 2 10 0
5 10 2 11 0
5 10 2 12 0
5 10 2 13 0
5 10 2 14 0
5 10 2 15 0
5 10 3 0 0
5 10 3 1 0
5 10 3 2 0
5 10 3 3 0
5 10 3 4 0
5 10 3 5 0
5 10 3 6 0
5 10 3 7 0
5 10 3 8 0
5 10 3 9 0
5 10 3 10 0
5 10 3 11 0
5 10 3 12 0
5 10 3 13 0
5 10 3 14 0
5 10 3 15 0
5 10 4 0 0
5 10 4 1 0
5 10 4 2 0
5 10 4 3 0
5 10 4 4 0
5 10 4 5 0
5 10 4 6 0
5 10 4 7 0
5 10 4 8 0
5 10 4 9 0
5 10 4 10 0
5 10 4 11 0
5 10 4 12 0
5 10 4 13 0
5 10 4 14 0
5 10 4 15 0
5 10 5 0 0
5 10 5 1 0
5 10 5 2 0
5 10 5 3 0
5 10 5 4 0
5 10 5 5 0
5 10 5 6 0
5 10 5 7 0
5 10 5 8 0
5 10 5 9 0
5 10 5 10 0
5 10 5 11 0
5 10 5 12 0
5 10 5 13 0
5 10 5 14 0
5 10 5 15 0
5 10 6 0 0
5 10 6 1 0
5 10 6 2 0
5 10 6 3 0
5 10 6 4 0
5 10 6 5 0
5 10 6 6 0
5 10 6 7 0
5 10 6 8 0
5 10 6 9 0
5 10 6 10 0
5 10 6 11 0
5 10 6 12 0
5 10 6 13 0
5 10 6 14 0
5 10 6 15 0
5 10 7 0 0
5 10 7 1 0
5 10 7 2 0
5 10 7 3 0
5 10 7 4 0
5 10 7 5 0
5 10 7 6 0
5 10 7 7 0
5 10 7 8 0
5 10 7 9 0
5 10 7 10 0
5 10 7 11 0
5 10 7 12 0
5 10 7 13 0
5 10 7 14 0
5 10 7 15 0
5 10 8 0 0
5 10 8 1 0
5 10 8 2 0
5 10 8 3 0
5 10 8 4 0
5 10 8 5 0
5 10 8 6 0
5 10 8 7 0
5 10 8 8 0
5 10 8 9 0
5 10 8 10 0
5 10 8 11 0
5 10 8 12 0
5 10 8 13 0
5 10 8 14 0
5 10 8 15 0
5 10 9 0 0
5 10 9 1 0
5 10 9 2 0
5 10 9 3 0
5 10 9 4 0
5 10 9 5 0
5 10 9 6 0
5 10 9 7 0
5 10 9 8 0
5 10 9 9 0
5 10 9 10 0
5 10 9 11 0
5 10 9 12 0
5 10 9 13 0
5 10 9 14 0
5 10 9 15 0
5 10 10 0 0
5 10 10 1 0
5 10 10 2 0
5 10 10 3 0
5 10 10 4 0
5 10 10 5 0
5 10 10 6 0
5 10 10 7 0
5 10 10 8 0
5 10 10 9 0
5 10 10 10 0
5 10 10 11 0
5 10 10 12 0
5 10 10 13 0
5 10 10 14 0
5 10 10 15 0
5 10 11 0 0
5 10 11 1 0
5 10 11 2 0
5 10 11 3 0
5 10 11 4 0
5 10 11 5 0
5 10 11 6 0
5 10 11 7 0
5 10 11 8 0
5 10 11 9 0
5 10 11 10 0
5 10 11 11 0
5 10 11 12 0
5 10 11 13 0
5 10 11 14 0
5 10 11 15 0
5 10 12 0 0
5 10 12 1 0
5 10 12 2 0
5 10 12 3 0
5 10 12 4 0
5 10 12 5 0
5 10 12 6 0
5 10 12 7 0
5 10 12 8 0
5 10 12 9 0
5 10 12 10 0
5 10 12 11 0
5 10 12 12 0
5 10 12 13 0
5 10 12 14 0
5 10 12 15 0
5 10 13 0 0
5 10 13 1 0
5 10 13 2 0
5 10 13 3 0
5 10 13 4 0
5 10 13 5 0
5 10 13 6 0
5 10 13 7 0
5 10 13 8 0
5 10 13 9 0
5 10 13 10 0
5 10 13 11 0
5 10 13 12 0
5 10 13 13 0
5 10 13 14 0
5 10 13 15 0
5 10 14 0 0
5 10 14 1 0
5 10 14 2 0
5 10 14 3 0
5 10 14 4 0
5 10 14 5 0
5 10 14 6 0
5 10 14 7 0
5 10 14 8 0
5 10 14 9 0
5 10 14 10 0
5 10 14 11 0
5 10 14 12 0
5 10 14 13 0
5 10 14 14 0
5 10 14 15 0
5 10 15 0 0
5 10 15 1 0
5 10 15 2 0
5 10 15 3 0
5 10 15 4 0
5 10 15 5 0
5 10 15 6 0
5 10 15 7 0
5 10 15 8 0
5 10 15 9 0
5 10 15 10 0
5 10 15 11 0
5 10 15 12 0
5 10 15 13 0
5 10 15 14 0
5 10 15 15 0
5 11 0 0 0
5 11 0 1 0
5 11 0 2 0
5 11 0 3 0
5 11 0 4 0
5 11 0 5 0.001676519416363934
5 11 0 6 0
5 11 0 7 0
5 11 0 8 0
5 11 0 9 0
5 11 0 10 0
5 11 0 11 0
5 11 0 12 0.0001093681787962762
5 11 0 13 0
5 11 0 14 0
5 11 0 15 0
5 11 1 0 0
5 11 1 1 0
5 11 1 2 0
5 11 1 3 0
5 11 1 4 0
5 11 1 5 0
5 11 1 6 0
5 11 1 7 0
5 11 1 8 0
5 11 1 9 0
5 11 1 10 0
5 11 1 11 0
5 11 1 12 0
5 11 1 13 0
5 11 1 14 0
5 11 1 15 0
5 11 2 0 0
5 11 2 1 0
5 11 2 2 0
5 11 2 3 0
5 11 2 4 0
5 11 2 5 0.004487562050258508
5 11 2 6 0
5 11 2 7 0
5 11 2 8 0
5 11 2 9 0
5 11 2 10 0
5 11 2 11 0
5 11 2 12 0.0002870223226814401
5 11 2 13 0
5 11 2 14 0
5 11 2 15 0
5 11 3 0 0
5 11 3 1 0
5 11 3 2 0
5 11 3 3 0
5 11 3 4 0
5 11 3 5 0
5 11 3 6 0
5 11 3 7 0
5 11 3 8 0
5 11 3 9 0
5 11 3 10 0
5 11 3 11 0
5 11 3 12 0
5 11 3 13 0
5 11 3 14 0
5 11 3 15 0
5 11 4 0 0
5 11 4 1 0
5 11 4 2 0
5 11 4 3 0
5 11 4 4 0
5 11 4 5 0
5 11 4 6 0
5 11 4 7 -0.001070526327524868
5 11 4 8 0
5 11 4 9 0
5 11 4 10 0
5 11 4 11 0
5 11 4 12 0
5 11 4 13 0
5 11 4 14 0
5 11 4 15 0
5 11 5 0 -0.004782626860835075
5 11 5 1 0
5 11 5 2 -0.01091484702482039
5 11 5 3 0
5 11 5 4 0
5 11 5 5 0
5 11 5 6 0
5 11 5 7 0
5 11 5 8 0
5 11 5 9 0
5 11 5 10 0
5 11 5 11 0.0002293950051942997
5 11 5 12 0
5 11 5 13 0
5 11 5 14 -0.0003306786341168429
5 11 5 15 0
5 11 6 0 0
5 11 6 1 0
5 11 6 2 0
5 11 6 3 0
5 11 6 4 0
5 11 6 5 0
5 11 6 6 0
5 11 6 7 0
5 11 6 8 0
5 11 6 9 0
5 11 6 10 0
5 11 6 11 0
5 11 6 12 0
5 11 6 13 0
5 11 6 14 0
5 11 6 15 0
5 11 7 0 0
5 11 7 1 0
5 11 7 2 0
5 11 7 3 0
5 11 7 4 -0.0007764188971342496
5 11 7 5 0
5 11 7 6 0
5 11 7 7 0
5 11 7 8 0
5 11 7 9 0
5 11 7 10 0
5 11 7 11 0
5 11 7 12 0
5 11 7 13 0
5 11 7 14 0
5 11 7 15 0
5 11 8 0 0
5 11 8 1 0
5 11 8 2 0
5 11 8 3 0
5 11 8 4 0
5 11 8 5 0
5 11 8 6 0
5 11 8 7 0
5 11 8 8 0
5 11 8 9 0
5 11 8 10 0
5 11 8 11 0
5 11 8 12 0
5 11 8 13 0
5 11 8 14 0
5 11 8 15 0
5 11 9 0 0
5 11 9 1 0
5 11 9 2 0
5 11 9 3 0
5 11 9 4 0
5 11 9 5 0
5 11 9 6 0
5 11 9 7 0
5 11 9 8 0
5 11 9 9 0
5 11 9 10 0
5 11 9 11 0
5 11 9 12 0
5 11 9 13 0
5 11 9 14 0
5 11 9 15 0
5 11 10 0 0
5 11 10 1 0
5 11 10 2 0
5 11 10 3 0
5 11 10 4 0
5 11 10 5 0
5 11 10 6 0
5 11 10 7 0
5 11 10 8 0
5 11 10 9 0
5 11 10 10 0
5 11 10 11 0
5 11 10 12 0
5 11 10 13 0
5 11 10 14 0
5 11 10 15 0
5 11 11 0 0
5 11 11 1 0
5 11 11 2 0
5 11 11 3 0
5 11 11 4 0
5 11 11 5 -7.397653946669329e-05
5 11 11 6 0
5 11 11 7 0
5 11 11 8 0
5 11 11 9 0
5 11 11 10 0
5 11 11 11 0
5 11 11 12 0
5 11 11 13 0
5 11 11 14 0
5 11 11 15 0
5 11 12 0 -0.0002553689772272461
5 11 12 1 0
5 11 12 2 -0.0006748956123213081
5 11 12 3 0
5 11 12 4 0
5 11 12 5 0
5 11 12 6 0
5 11 12 7 0
5 11 12 8 0
5 11 12 9 0
5 11 12 10 0
5 11 12 11 0
5 11 12 12 0
5 11 12 13 0
5 11 12 14 0
5 11 12 15 0
5 11 13 0 0
5 11 13 1 0
5 11 13 2 0
5 11 13 3 0
5 11 13 4 0
5 11 13 5 0
5 11 13 6 0
5 11 13 7 0
5 11 13 8 0
5 11 13 9 0
5 11 13 10 0
5 11 13 11 0
5 11 13 12 0
5 11 13 13 0
5 11 13 14 0
5 11 13 15 0
5 11 14 0 0
5 11 14 1 0
5 11 14 2 0
5 11 14 3 0
5 11 14 4 0
5 11 14 5 6.26474185968882e-05
5 11 14 6 0
5 11 14 7 0
5 11 14 8 0
5 11 14 9 0
5 11 14 10 0
5 11 14 11 0
5 11 14 12 0
5 11 14 13 0
5 11 14 14 0
5 11 14 15 0
5 11 15 0 0
5 11 15 1 0
5 11 15 2 0
5 11 15 3 0
5 11 15 4 0
5 11 15 5 0
5 11 15 6 0
5 11 15 7 0
5 11 15 8 0
5 11 15 9 0
5 11 15 10 0
5 11 15 11 0
5 11 15 12 0
5 11 15 13 0
5 11 15 14 0
5 11 15 15 0
5 12 0 0 0
5 12 0 1 0
5 12 0 2 0
5 12 0 3 0
5 12 0 4 0
5 12 0 5 0
5 12 0 6 0
5 12 0 7 0
5 12 0 8 0
5 12 0 9 0
5 12 0 10 0
5 12 0 11 0
5 12 0 12 0
5 12 0 13 0
5 12 0 14 0
5 12 0 15 0
5 12 1 0 0
5 12 1 1 0
5 12 1 2 0
5 12 1 3 0
5 12 1 4 0
5 12 1 5 0
5 12 1 6 0
5 12 1 7 0
5 12 1 8 0
5 12 1 9 0
5 12 1 10 0
5 12 1 11 0
5 12 1 12 0
5 12 1 13 0
5 12 1 14 0
5 12 1 15 0
5 12 2 0 0
5 12 2 1 0
5 12 2 2 0
5 12 2 3 0
5 12 2 4 0
5 12 2 5 0
5 12 2 6 0
5 12 2 7 0
5 12 2 8 0
5 12 2 9 0
5 12 2 10 0
5 12 2 11 0
5 12 2 12 0
5 12 2 13 0
5 12 2 14 0
5 12 2 15 0
5 12 3 0 0
5 12 3 1 0
5 12 3 2 0
5 12 3 3 0
5 12 3 4 0
5 12 3 5 0
5 12 3 6 0
5 12 3 7 0
5 12 3 8 0
5 12 3 9 0
5 12 3 10 0
5 12 3 11 0
5 12 3 12 0
5 12 3 13 0
5 12 3 14 0
5 12 3 15 0
5 12 4 0 0
5 12 4 1 0
5 12 4 2 0
5 12 4 3 0
5 12 4 4 -0.02511433469373535
5 12 4 5 0
5 12 4 6 0
5 12 4 7 0
5 12 4 8 0
5 12 4 9 -0.001493542692037848
5 12 4 10 0
5 12 4 11 0
5 12 4 12 0
5 12 4 13 0
5 12 4 14 0
5 12 4 15 0
5 12 5 0 0
5 12 5 1 0
5 12 5 2 0
5 12 5 3 0
5 12 5 4 0
5 12 5 5 0.01753903668892724
5 12 5 6 0
5 12 5 7 0
5 12 5 8 0
5 12 5 9 0
5 12 5 10 0
5 12 5 11 0
5 12 5 12 0.001721039267628062
5 12 5 13 0
5 12 5 14 0
5 12 5 15 0
5 12 6 0 0
5 12 6 1 0
5 12 6 2 0
5 12 6 3 0
5 12 6 4 0
5 12 6 5 0
5 12 6 6 0
5 12 6 7 0
5 12 6 8 0
5 12 6 9 0
5 12 6 10 0
5 12 6 11 0
5 12 6 12 0
5 12 6 13 0
5 12 6 14 0
5 12 6 15 0
5 12 7 0 0
5 12 7 1 0
5 12 7 2 0
5 12 7 3 0
5 12 7 4 0
5 12 7 5 0
5 12 7 6 0
5 12 7 7 0
5 12 7 8 0
5 12 7 9 0
5 12 7 10 0
5 12 7 11 0
5 12 7 12 0
5 12 7 13 0
5 12 7 14 0
5 12 7 15 0
5 12 8 0 0
5 12 8 1 0
5 12 8 2 0
5 12 8 3 0
5 12 8 4 0
5 12 8 5 0
5 12 8 6 0
5 12 8 7 0
5 12 8 8 0
5 12 8 9 0
5 12 8 10 0
5 12 8 11 0
5 12 8 12 0
5 12 8 13 0
5 12 8 14 0
5 12 8 15 0
5 12 9 0 0
5 12 9 1 0
5 12 9 2 0
5 12 9 3 0
5 12 9 4 -0.001493542692037848
5 12 9 5 0
5 12 9 6 0
5 12 9 7 0
5 12 9 8 0
5 12 9 9 0
5 12 9 10 0
5 12 9 11 0
5 12 9 12 0
5 12 9 13 0
5 12 9 14 0
5 12 9 15 0
5 12 10 0 0
5 12 10 1 0
5 12 10 2 0
5 12 10 3 0
5 12 10 4 0
5 12 10 5 0
5 12 10 6 0
5 12 10 7 0
5 12 10 8 0
5 12 10 9 0
5 12 10 10 0
5 12 10 11 0
5 12 10 12 0
5 12 10 13 0
5 12 10 14 0
5 12 10 15 0
5 12 11 0 0
5 12 11 1 0
5 12 11 2 0
5 12 11 3 0
5 12 11 4 0
5 12 11 5 0
5 12 11 6 0
5 12 11 7 0
5 12 11 8 0
5 12 11 9 0
5 12 11 10 0
5 12 11 11 0
5 12 11 12 0
5 12 11 13 0
5 12 11 14 0
5 12 11 15 0
5 12 12 0 0
5 12 12 1 0
5 12 12 2 0
5 12 12 3 0
5 12 12 4 0
5 12 12 5 0.001721039267628062
5 12 12 6 0
5 12 12 7 0
5 12 12 8 0
5 12 12 9 0
5 12 12 10 0
5 12 12 11 0
5 12 12 12 0
5 12 12 13 0
5 12 12 14 0
5 12 12 15 0
5 12 13 0 0
5 12 13 1 0
5 12 13 2 0
5 12 13 3 0
5 12 13 4 0
5 12 13 5 0
5 12 13 6 0
5 12 13 7 0
5 12 13 8 0
5 12 13 9 0
5 12 13 10 0
5 12 13 11 0
5 12 13 12 0
5 12 13 13 0
5 12 13 14 0
5 12 13 15 0
5 12 14 0 0
5 12 14 1 0
5 12 14 2 0
5 12 14 3 0
5 12 14 4 0
5 12 14 5 0
5 12 14 6 0
5 12 14 7 0
5 12 14 8 0
5 12 14 9 0
5 12 14 10 0
5 12 14 11 0
5 12 14 12 0
5 12 14 13 0
5 12 14 14 0
5 12 14 15 0
5 12 15 0 0
5 12 15 1 0
5 12 15 2 0
5 12 15 3 0
5 12 15 4 0
5 12 15 5 0
5 12 15 6 0
5 12 15 7 0
5 12 15 8 0
5 12 15 9 0
5 12 15 10 0
5 12 15 11 0
5 12 15 12 0
5 12 15 13 0
5 12 15 14 0
5 12 15 15 0
5 13 0 0 0
5 13 0 1 0
5 13 0 2 0
5 13 0 3 0
5 13 0 4 0
5 13 0 5 0
5 13 0 6 0
5 13 0 7 0
5 13 0 8 0
5 13 0 9 0
5 13 0 10 0
5 13 0 11 0
5 13 0 12 0
5 13 0 13 0
5 13 0 14 0
5 13 0 15 0
5 13 1 0 0
5 13 1 1 0
5 13 1 2 0
5 13 1 3 0
5 13 1 4 0
5 13 1 5 0
5 13 1 6 0
5 13 1 7 0
5 13 1 8 0
5 13 1 9 0
5 13 1 10 0
5 13 1 11 0
5 13 1 12 0
5 13 1 13 0
5 13 1 14 0
5 13 1 15 0
5 13 2 0 0
5 13 2 1 0
5 13 2 2 0
5 13 2 3 0
5 13 2 4 0
5 13 2 5 0
5 13 2 6 0
5 13 2 7 0
5 13 2 8 0
5 13 2 9 0
5 13 2 10 0
5 13 2 11 0
5 13 2 12 0
5 13 2 13 0
5 13 2 14 0
5 13 2 15 0
5 13 3 0 0
5 13 3 1 0
5 13 3 2 0
5 13 3 3 0
5 13 3 4 -0.02497814752670067
5 13 3 5 0
5 13 3 6 0
5 13 3 7 0
5 13 3 8 0
5 13 3 9 -0.00148544367804626
5 13 3 10 0
5 13 3 11 0
5 13 3 12 0
5 13 3 13 0
5 13 3 14 0
5 13 3 15 0
5 13 4 0 0
5 13 4 1 0
5 13 4 2 0
5 13 4 3 -0.005836306089805395
5 13 4 4 0
5 13 4 5 0
5 13 4 6 0
5 13 4 7 0
5 13 4 8 -0.0003871599719217846
5 13 4 9 0
5 13 4 10 0
5 13 4 11 0
5 13 4 12 0
5 13 4 13 0
5 13 4 14 0
5 13 4 15 0
5 13 5 0 0
5 13 5 1 0
5 13 5 2 0
5 13 5 3 0
5 13 5 4 0
5 13 5 5 0
5 13 5 6 0.02006812266186633
5 13 5 7 0
5 13 5 8 0
5 13 5 9 0
5 13 5 10 0
5 13 5 11 0
5 13 5 12 0
5 13 5 13 0.001462101043518603
5 13 5 14 0
5 13 5 15 0
5 13 6 0 0
5 13 6 1 0
5 13 6 2 0
5 13 6 3 0
5 13 6 4 0
5 13 6 5 0.0101022980393785
5 13 6 6 0
5 13 6 7 0
5 13 6 8 0
5 13 6 9 0
5 13 6 10 0
5 13 6 11 0
5 13 6 12 0.001013789717954847
5 13 6 13 0
5 13 6 14 0
5 13 6 15 0
5 13 7 0 0
5 13 7 1 0
5 13 7 2 0
5 13 7 3 0
5 13 7 4 0
5 13 7 5 0
5 13 7 6 0
5 13 7 7 0
5 13 7 8 0
5 13 7 9 0
5 13 7 10 0
5 13 7 11 0
5 13 7 12 0
5 13 7 13 0
5 13 7 14 0
5 13 7 15 0
5 13 8 0 0
5 13 8 1 0
5 13 8 2 0
5 13 8 3 0
5 13 8 4 -0.001656962254256627
5 13 8 5 0
5 13 8 6 0
5 13 8 7 0
5 13 8 8 0
5 13 8 9 0
5 13 8 10 0
5 13 8 11 0
5 13 8 12 0
5 13 8 13 0
5 13 8 14 0
5 13 8 15 0
5 13 9 0 0
5 13 9 1 0
5 13 9 2 0
5 13 9 3 -0.0003470835447255225
5 13 9 4 0
5 13 9 5 0
5 13 9 6 0
5 13 9 7 0
5 13 9 8 0
5 13 9 9 0
5 13 9 10 0
5 13 9 11 0
5 13 9 12 0
5 13 9 13 0
5 13 9 14 0
5 13 9 15 0
5 13 10 0 0
5 13 10 1 0
5 13 10 2 0
5 13 10 3 0
5 13 10 4 0
5 13 10 5 0
5 13 10 6 0
5 13 10 7 0
5 13 10 8 0
5 13 10 9 0
5 13 10 10 0
5 13 10 11 0
5 13 10 12 0
5 13 10 13 0
5 13 10 14 0
5 13 10 15 0
5 13 11 0 0
5 13 11 1 0
5 13 11 2 0
5 13 11 3 0
5 13 11 4 0
5 13 11 5 0
5 13 11 6 0
5 13 11 7 0
5 13 11 8 0
5 13 11 9 0
5 13 11 10 0
5 13 11 11 0
5 13 11 12 0
5 13 11 13 0
5 13 11 14 0
5 13 11 15 0
5 13 12 0 0
5 13 12 1 0
5 13 12 2 0
5 13 12 3 0
5 13 12 4 0
5 13 12 5 0
5 13 12 6 0.001429268065734163
5 13 12 7 0
5 13 12 8 0
5 13 12 9 0
5 13 12 10 0
5 13 12 11 0
5 13 12 12 0
5 13 12 13 0
5 13 12 14 0
5 13 12 15 0
5 13 13 0 0
5 13 13 1 0
5 13 13 2 0
5 13 13 3 0
5 13 13 4 0
5 13 13 5 0.001128833056695974
5 13 13 6 0
5 13 13 7 0
5 13 13 8 0
5 13 13 9 0
5 13 13 10 0
5 13 13 11 0
5 13 13 12 0
5 13 13 13 0
5 13 13 14 0
5 13 13 15 0
5 13 14 0 0
5 13 14 1 0
5 13 14 2 0
5 13 14 3 0
5 13 14 4 0
5 13 14 5 0
5 13 14 6 0
5 13 14 7 0
5 13 14 8 0
5 13 14 9 0
5 13 14 10 0
5 13 14 11 0
5 13 14 12 0
5 13 14 13 0
5 13 14 14 0
5 13 14 15 0
5 13 15 0 0
5 13 15 1 0
5 13 15 2 0
5 13 15 3 0
5 13 15 4 0
5 13 15 5 0
5 13 15 6 0
5 13 15 7 0
5 13 15 8 0
5 13 15 9 0
5 13 15 10 0
5 13 15 11 0
5 13 15 12 0
5 13 15 13 0
5 13 15 14 0
5 13 15 15 0
5 14 0 0 0
5 14 0 1 0
5 14 0 2 0
5 14 0 3 0
5 14 0 4 0
5 14 0 5 0
5 14 0 6 0
5 14 0 7 0
5 14 0 8 0
5 14 0 9 0
5 14 0 10 0
5 14 0 11 0
5 14 0 12 0
5 14 0 13 0
5 14 0 14 0
5 14 0 15 0
5 14 1 0 0
5 14 1 1 0
5 14 1 2 0
5 14 1 3 0
5 14 1 4 0
5 14 1 5 0
5 14 1 6 0
5 14 1 7 0
5 14 1 8 0
5 14 1 9 0
5 14 1 10 0
5 14 1 11 0
5 14 1 12 0
5 14 1 13 0
5 14 1 14 0
5 14 1 15 0
5 14 2 0 0
5 14 2 1 0
5 14 2 2 0
5 14 2 3 0
5 14 2 4 0
5 14 2 5 -0.005170638576319841
5 14 2 6 0
5 14 2 7 0
5 14 2 8 0
5 14 2 9 0
5 14 2 10 0
5 14 2 11 0
5 14 2 12 -0.0003721335593547591
5 14 2 13 0
5 14 2 14 0
5 14 2 15 0
5 14 3 0 0
5 14 3 1 0
5 14 3 2 0
5 14 3 3 0
5 14 3 4 0
5 14 3 5 0
5 14 3 6 0
5 14 3 7 0
5 14 3 8 0
5 14 3 9 0
5 14 3 10 0
5 14 3 11 0
5 14 3 12 0
5 14 3 13 0
5 14 3 14 0
5 14 3 15 0
5 14 4 0 0
5 14 4 1 0
5 14 4 2 0
5 14 4 3 0
5 14 4 4 0
5 14 4 5 0
5 14 4 6 0
5 14 4 7 0.003151788755979571
5 14 4 8 0
5 14 4 9 0
5 14 4 10 0
5 14 4 11 0
5 14 4 12 0
5 14 4 13 0
5 14 4 14 0
5 14 4 15 0
5 14 5 0 0
5 14 5 1 0
5 14 5 2 0.01953001870631122
5 14 5 3 0
5 14 5 4 0
5 14 5 5 0
5 14 5 6 0
5 14 5 7 0
5 14 5 8 0
5 14 5 9 0
5 14 5 10 0
5 14 5 11 -0.0003306786341168429
5 14 5 12 0
5 14 5 13 0
5 14 5 14 0.0006622642372309826
5 14 5 15 0
5 14 6 0 0
5 14 6 1 0
5 14 6 2 0
5 14 6 3 0
5 14 6 4 0
5 14 6 5 0
5 14 6 6 0
5 14 6 7 0
5 14 6 8 0
5 14 6 9 0
5 14 6 10 0
5 14 6 11 0
5 14 6 12 0
5 14 6 13 0
5 14 6 14 0
5 14 6 15 0
5 14 7 0 0
5 14 7 1 0
5 14 7 2 0
5 14 7 3 0
5 14 7 4 0.001615002384896459
5 14 7 5 0
5 14 7 6 0
5 14 7 7 0
5 14 7 8 0
5 14 7 9 0
5 14 7 10 0
5 14 7 11 0
5 14 7 12 0
5 14 7 13 0
5 14 7 14 0
5 14 7 15 0
5 14 8 0 0
5 14 8 1 0
5 14 8 2 0
5 14 8 3 0
5 14 8 4 0
5 14 8 5 0
5 14 8 6 0
5 14 8 7 0
5 14 8 8 0
5 14 8 9 0
5 14 8 10 0
5 14 8 11 0
5 14 8 12 0
5 14 8 13 0
5 14 8 14 0
5 14 8 15 0
5 14 9 0 0
5 14 9 1 0
5 14 9 2 0
5 14 9 3 0
5 14 9 4 0
5 14 9 5 0
5 14 9 6 0
5 14 9 7 0
5 14 9 8 0
5 14 9 9 0
5 14 9 10 0
5 14 9 11 0
5 14 9 12 0
5 14 9 13 0
5 14 9 14 0
5 14 9 15 0
5 14 10 0 0
5 14 10 1 0
5 14 10 2 0
5 14 10 3 0
5 14 10 4 0
5 14 10 5 0
5 14 10 6 0
5 14 10 7 0
5 14 10 8 0
5 14 10 9 0
5 14 10 10 0
5 14 10 11 0
5 14 10 12 0
5 14 10 13 0
5 14 10 14 0
5 14 10 15 0
5 14 11 0 0
5 14 11 1 0
5 14 11 2 0
5 14 11 3 0
5 14 11 4 0
5 14 11 5 6.264741859688818e-05
5 14 11 6 0
5 14 11 7 0
5 14 11 8 0
5 14 11 9 0
5 14 11 10 0
5 14 11 11 0
5 14 11 12 0
5 14 11 13 0
5 14 11 14 0
5 14 11 15 0
5 14 12 0 0
5 14 12 1 0
5 14 12 2 0.00123212501727188
5 14 12 3 0
5 14 12 4 0
5 14 12 5 0
5 14 12 6 0
5 14 12 7 0
5 14 12 8 0
5 14 12 9 0
5 14 12 10 0
5 14 12 11 0
5 14 12 12 0
5 14 12 13 0
5 14 12 14 0
5 14 12 15 0
5 14 13 0 0
5 14 13 1 0
5 14 13 2 0
5 14 13 3 0
5 14 13 4 0
5 14 13 5 0
5 14 13 6 0
5 14 13 7 0
5 14 13 8 0
5 14 13 9 0
5 14 13 10 0
5 14 13 11 0
5 14 13 12 0
5 14 13 13 0
5 14 13 14 0
5 14 13 15 0
5 14 14 0 0
5 14 14 1 0
5 14 14 2 0
5 14 14 3 0
5 14 14 4 0
5 14 14 5 -6.501054198857075e-05
5 14 14 6 0
5 14 14 7 0
5 14 14 8 0
5 14 14 9 0
5 14 14 10 0
5 14 14 11 0
5 14 14 12 0
5 14 14 13 0
5 14 14 14 0
5 14 14 15 0
5 14 15 0 0
5 14 15 1 0
5 14 15 2 0
5 14 15 3 0
5 14 15 4 0
5 14 15 5 0
5 14 15 6 0
5 14 15 7 0
5 14 15 8 0
5 14 15 9 0
5 14 15 10 0
5 14 15 11 0
5 14 15 12 0
5 14 15 13 0
5 14 15 14 0
5 14 15 15 0
5 15 0 0 0
5 15 0 1 0
5 15 0 2 0
5 15 0 3 0
5 15 0 4 0
5 15 0 5 0
5 15 0 6 0
5 15 0 7 0
5 15 0 8 0
5 15 0 9 0
5 15 0 10 0
5 15 0 11 0
5 15 0 12 0
5 15 0 13 0
5 15 0 14 0
5 15 0 15 0
5 15 1 0 0
5 15 1 1 0
5 15 1 2 0
5 15 1 3 0
5 15 1 4 0
5 15 1 5 -0.002903425791645023
5 15 1 6 0
5 15 1 7 0
5 15 1 8 0
5 15 1 9 0
5 15 1 10 0
5 15 1 11 0
5 15 1 12 -0.0001751512355567895
5 15 1 13 0
5 15 1 14 0
5 15 1 15 0
5 15 2 0 0
5 15 2 1 0
5 15 2 2 0
5 15 2 3 0
5 15 2 4 0
5 15 2 5 0
5 15 2 6 0
5 15 2 7 0
5 15 2 8 0
5 15 2 9 0
5 15 2 10 0
5 15 2 11 0
5 15 2 12 0
5 15 2 13 0
5 15 2 14 0
5 15 2 15 0
5 15 3 0 0
5 15 3 1 0
5 15 3 2 0
5 15 3 3 0
5 15 3 4 0
5 15 3 5 0
5 15 3 6 0
5 15 3 7 0
5 15 3 8 0
5 15 3 9 0
5 15 3 10 0
5 15 3 11 0
5 15 3 12 0
5 15 3 13 0
5 15 3 14 0
5 15 3 15 0
5 15 4 0 0
5 15 4 1 0
5 15 4 2 0
5 15 4 3 0
5 15 4 4 0
5 15 4 5 0
5 15 4 6 0
5 15 4 7 0
5 15 4 8 0
5 15 4 9 0
5 15 4 10 0
5 15 4 11 0
5 15 4 12 0
5 15 4 13 0
5 15 4 14 0
5 15 4 15 0
5 15 5 0 0
5 15 5 1 0.004941648595035663
5 15 5 2 0
5 15 5 3 0
5 15 5 4 0
5 15 5 5 0
5 15 5 6 0
5 15 5 7 0
5 15 5 8 0
5 15 5 9 0
5 15 5 10 0
5 15 5 11 0
5 15 5 12 0
5 15 5 13 0
5 15 5 14 0
5 15 5 15 3.878191351582094e-05
5 15 6 0 0
5 15 6 1 0
5 15 6 2 0
5 15 6 3 0
5 15 6 4 0
5 15 6 5 0
5 15 6 6 0
5 15 6 7 0
5 15 6 8 0
5 15 6 9 0
5 15 6 10 0
5 15 6 11 0
5 15 6 12 0
5 15 6 13 0
5 15 6 14 0
5 15 6 15 0
5 15 7 0 0
5 15 7 1 0
5 15 7 2 0
5 15 7 3 0
5 15 7 4 0
5 15 7 5 0
5 15 7 6 0
5 15 7 7 0
5 15 7 8 0
5 15 7 9 0
5 15 7 10 0
5 15 7 11 0
5 15 7 12 0
5 15 7 13 0
5 15 7 14 0
5 15 7 15 0
5 15 8 0 0
5 15 8 1 0
5 15 8 2 0
5 15 8 3 0
5 15 8 4 0
5 15 8 5 0
5 15 8 6 0
5 15 8 7 0
5 15 8 8 0
5 15 8 9 0
5 15 8 10 0
5 15 8 11 0
5 15 8 12 0
5 15 8 13 0
5 15 8 14 0
5 15 8 15 0
5 15 9 0 0
5 15 9 1 0
5 15 9 2 0
5 15 9 3 0
5 15 9 4 0
5 15 9 5 0
5 15 9 6 0
5 15 9 7 0
5 15 9 8 0
5 15 9 9 0
5 15 9 10 0
5 15 9 11 0
5 15 9 12 0
5 15 9 13 0
5 15 9 14 0
5 15 9 15 0
5 15 10 0 0
5 15 10 1 0
5 15 10 2 0
5 15 10 3 0
5 15 10 4 0
5 15 10 5 0
5 15 10 6 0
5 15 10 7 0
5 15 10 8 0
5 15 10 9 0
5 15 10 10 0
5 15 10 11 0
5 15 10 12 0
5 15 10 13 0
5 15 10 14 0
5 15 10 15 0
5 15 11 0 0
5 15 11 1 0
5 15 11 2 0
5 15 11 3 0
5 15 11 4 0
5 15 11 5 0
5 15 11 6 0
5 15 11 7 0
5 15 11 8 0
5 15 11 9 0
5 15 11 10 0
5 15 11 11 0
5 15 11 12 0
5 15 11 13 0
5 15 11 14 0
5 15 11 15 0
5 15 12 0 0
5 15 12 1 0.0003133107111770025
5 15 12 2 0
5 15 12 3 0
5 15 12 4 0
5 15 12 5 0
5 15 12 6 0
5 15 12 7 0
5 15 12 8 0
5 15 12 9 0
5 15 12 10 0
5 15 12 11 0
5 15 12 12 0
5 15 12 13 0
5 15 12 14 0
5 15 12 15 0
5 15 13 0 0
5 15 13 1 0
5 15 13 2 0
5 15 13 3 0
5 15 13 4 0
5 15 13 5 0
5 15 13 6 0
5 15 13 7 0
5 15 13 8 0
5 15 13 9 0
5 15 13 10 0
5 15 13 11 0
5 15 13 12 0
5 15 13 13 0
5 15 13 14 0
5 15 13 15 0
5 15 14 0 0
5 15 14 1 0
5 15 14 2 0
5 15 14 3 0
5 15 14 4 0
5 15 14 5 0
5 15 14 6 0
5 15 14 7 0
5 15 14 8 0
5 15 14 9 0
5 15 14 10 0
5 15 14 11 0
5 15 14 12 0
5 15 14 13 0
5 15 14 14 0
5 15 14 15 0
5 15 15 0 0
5 15 15 1 0
5 15 15 2 0
5 15 15 3 0
5 15 15 4 0
5 15 15 5 -2.520439849580436e-05
5 15 15 6 0
5 15 15 7 0
5 15 15 8 0
5 15 15 9 0
5 15 15 10 0
5 15 15 11 0
5 15 15 12 0
5 15 15 13 0
5 15 15 14 0
5 15 15 15 0
6 0 0 0 0
6 0 0 1 0
6 0 0 2 0
6 0 0 3 0
6 0 0 4 0
6 0 0 5 0
6 0 0 6 -0.820617390157847
6 0 0 7 0
6 0 0 8 0
6 0 0 9 0
6 0 0 10 0
6 0 0 11 0
6 0 0 12 0
6 0 0 13 -0.04180057214703055
6 0 0 14 0
6 0 0 15 0
6 0 1 0 0
6 0 1 1 0
6 0 1 2 0
6 0 1 3 0
6 0 1 4 0
6 0 1 5 0
6 0 1 6 0
6 0 1 7 0
6 0 1 8 0
6 0 1 9 0
6 0 1 10 0
6 0 1 11 0
6 0 1 12 0
6 0 1 13 0
6 0 1 14 0
6 0 1 15 0
6 0 2 0 0
6 0 2 1 0
6 0 2 2 0
6 0 2 3 0
6 0 2 4 0
6 0 2 5 0
6 0 2 6 2.153074244409905e-05
6 0 2 7 0
6 0 2 8 0
6 0 2 9 0
6 0 2 10 0
6 0 2 11 0
6 0 2 12 0
6 0 2 13 0
6 0 2 14 0
6 0 2 15 0
6 0 3 0 0
6 0 3 1 0
6 0 3 2 0
6 0 3 3 0
6 0 3 4 0
6 0 3 5 0
6 0 3 6 0
6 0 3 7 0
6 0 3 8 0
6 0 3 9 0
6 0 3 10 0
6 0 3 11 0
6 0 3 12 0
6 0 3 13 0
6 0 3 14 0
6 0 3 15 0
6 0 4 0 0
6 0 4 1 0
6 0 4 2 0
6 0 4 3 0
6 0 4 4 0
6 0 4 5 0
6 0 4 6 0
6 0 4 7 0
6 0 4 8 0
6 0 4 9 0
6 0 4 10 0
6 0 4 11 0
6 0 4 12 0
6 0 4 13 0
6 0 4 14 0
6 0 4 15 0
6 0 5 0 0
6 0 5 1 0
6 0 5 2 0
6 0 5 3 0
6 0 5 4 0
6 0 5 5 0
6 0 5 6 0
6 0 5 7 0
6 0 5 8 0
6 0 5 9 0
6 0 5 10 0
6 0 5 11 0
6 0 5 12 0
6 0 5 13 0
6 0 5 14 0
6 0 5 15 0
6 0 6 0 1.641220672830286
6 0 6 1 0
6 0 6 2 -7.063527626323503e-05
6 0 6 3 0
6 0 6 4 0
6 0 6 5 0
6 0 6 6 0
6 0 6 7 0
6 0 6 8 0
6 0 6 9 0
6 0 6 10 0
6 0 6 11 -0.004782626860835075
6 0 6 12 0
6 0 6 13 0
6 0 6 14 0
6 0 6 15 0
6 0 7 0 0
6 0 7 1 0
6 0 7 2 0
6 0 7 3 0
6 0 7 4 0
6 0 7 5 0
6 0 7 6 0
6 0 7 7 0
6 0 7 8 0
6 0 7 9 0
6 0 7 10 0
6 0 7 11 0
6 0 7 12 0
6 0 7 13 0
6 0 7 14 0
6 0 7 15 0
6 0 8 0 0
6 0 8 1 0
6 0 8 2 0
6 0 8 3 0
6 0 8 4 0
6 0 8 5 0
6 0 8 6 0
6 0 8 7 0
6 0 8 8 0
6 0 8 9 0
6 0 8 10 0
6 0 8 11 0
6 0 8 12 0
6 0 8 13 0
6 0 8 14 0
6 0 8 15 0
6 0 9 0 0
6 0 9 1 0
6 0 9 2 0
6 0 9 3 0
6 0 9 4 0
6 0 9 5 0
6 0 9 6 0
6 0 9 7 0
6 0 9 8 0
6 0 9 9 0
6 0 9 10 0
6 0 9 11 0
6 0 9 12 0
6 0 9 13 0
6 0 9 14 0
6 0 9 15 0
6 0 10 0 0
6 0 10 1 0
6 0 10 2 0
6 0 10 3 0
6 0 10 4 0
6 0 10 5 0
6 0 10 6 0
6 0 10 7 0
6 0 10 8 0
6 0 10 9 0
6 0 10 10 0
6 0 10 11 0
6 0 10 12 0
6 0 10 13 0
6 0 10 14 0
6 0 10 15 0
6 0 11 0 0
6 0 11 1 0
6 0 11 2 0
6 0 11 3 0
6 0 11 4 0
6 0 11 5 0
6 0 11 6 0.001633156721388663
6 0 11 7 0
6 0 11 8 0
6 0 11 9 0
6 0 11 10 0
6 0 11 11 0
6 0 11 12 0
6 0 11 13 0
6 0 11 14 0
6 0 11 15 0
6 0 12 0 0
6 0 12 1 0
6 0 12 2 0
6 0 12 3 0
6 0 12 4 0
6 0 12 5 0
6 0 12 6 0
6 0 12 7 0
6 0 12 8 0
6 0 12 9 0
6 0 12 10 0
6 0 12 11 0
6 0 12 12 0
6 0 12 13 0
6 0 12 14 0
6 0 12 15 0
6 0 13 0 0.08360114429406111
6 0 13 1 0
6 0 13 2 0
6 0 13 3 0
6 0 13 4 0
6 0 13 5 0
6 0 13 6 0
6 0 13 7 0
6 0 13 8 0
6 0 13 9 0
6 0 13 10 0
6 0 13 11 0
6 0 13 12 0
6 0 13 13 0
6 0 13 14 0
6 0 13 15 0
6 0 14 0 0
6 0 14 1 0
6 0 14 2 0
6 0 14 3 0
6 0 14 4 0
6 0 14 5 0
6 0 14 6 0
6 0 14 7 0
6 0 14 8 0
6 0 14 9 0
6 0 14 10 0
6 0 14 11 0
6 0 14 12 0
6 0 14 13 0
6 0 14 14 0
6 0 14 15 0
6 0 15 0 0
6 0 15 1 0
6 0 15 2 0
6 0 15 3 0
6 0 15 4 0
6 0 15 5 0
6 0 15 6 0
6 0 15 7 0
6 0 15 8 0
6 0 15 9 0
6 0 15 10 0
6 0 15 11 0
6 0 15 12 0
6 0 15 13 0
6 0 15 14 0
6 0 15 15 0
6 1 0 0 0
6 1 0 1 0
6 1 0 2 0
6 1 0 3 0
6 1 0 4 0
6 1 0 5 0
6 1 0 6 0
6 1 0 7 0
6 1 0 8 0
6 1 0 9 0
6 1 0 10 0
6 1 0 11 0
6 1 0 12 0
6 1 0 13 0
6 1 0 14 0
6 1 0 15 0
6 1 1 0 0
6 1 1 1 0
6 1 1 2 0
6 1 1 3 0
6 1 1 4 0
6 1 1 5 0
6 1 1 6 -0.820600763765979
6 1 1 7 0
6 1 1 8 0
6 1 1 9 0
6 1 1 10 0
6 1 1 11 0
6 1 1 12 0
6 1 1 13 -0.04180057214703055
6 1 1 14 0
6 1 1 15 0
6 1 2 0 0
6 1 2 1 0
6 1 2 2 0
6 1 2 3 0
6 1 2 4 0
6 1 2 5 0
6 1 2 6 0
6 1 2 7 0
6 1 2 8 0
6 1 2 9 0
6 1 2 10 0
6 1 2 11 0
6 1 2 12 0
6 1 2 13 0
6 1 2 14 0
6 1 2 15 0
6 1 3 0 0
6 1 3 1 0
6 1 3 2 0
6 1 3 3 0
6 1 3 4 0
6 1 3 5 0
6 1 3 6 0
6 1 3 7 0
6 1 3 8 0
6 1 3 9 0
6 1 3 10 0
6 1 3 11 0
6 1 3 12 0
6 1 3 13 0
6 1 3 14 0
6 1 3 15 0
6 1 4 0 0
6 1 4 1 0
6 1 4 2 0
6 1 4 3 0
6 1 4 4 0
6 1 4 5 0
6 1 4 6 0
6 1 4 7 0
6 1 4 8 0
6 1 4 9 0
6 1 4 10 0
6 1 4 11 0
6 1 4 12 0
6 1 4 13 0
6 1 4 14 0
6 1 4 15 0
6 1 5 0 0
6 1 5 1 0
6 1 5 2 0
6 1 5 3 0
6 1 5 4 0
6 1 5 5 0
6 1 5 6 0
6 1 5 7 0
6 1 5 8 0
6 1 5 9 0
6 1 5 10 0
6 1 5 11 0
6 1 5 12 0
6 1 5 13 0
6 1 5 14 0
6 1 5 15 0
6 1 6 0 0
6 1 6 1 1.641214351878825
6 1 6 2 0
6 1 6 3 0
6 1 6 4 0
6 1 6 5 0
6 1 6 6 0
6 1 6 7 0
6 1 6 8 0
6 1 6 9 0
6 1 6 10 0
6 1 6 11 0
6 1 6 12 0
6 1 6 13 0
6 1 6 14 0
6 1 6 15 0.004941648595035663
6 1 7 0 0
6 1 7 1 0
6 1 7 2 0
6 1 7 3 0
6 1 7 4 0
6 1 7 5 0
6 1 7 6 0
6 1 7 7 0
6 1 7 8 0
6 1 7 9 0
6 1 7 10 0
6 1 7 11 0
6 1 7 12 0
6 1 7 13 0
6 1 7 14 0
6 1 7 15 0
6 1 8 0 0
6 1 8 1 0
6 1 8 2 0
6 1 8 3 0
6 1 8 4 0
6 1 8 5 0
6 1 8 6 0
6 1 8 7 0
6 1 8 8 0
6 1 8 9 0
6 1 8 10 0
6 1 8 11 0
6 1 8 12 0
6 1 8 13 0
6 1 8 14 0
6 1 8 15 0
6 1 9 0 0
6 1 9 1 0
6 1 9 2 0
6 1 9 3 0
6 1 9 4 0
6 1 9 5 0
6 1 9 6 0
6 1 9 7 0
6 1 9 8 0
6 1 9 9 0
6 1 9 10 0
6 1 9 11 0
6 1 9 12 0
6 1 9 13 0
6 1 9 14 0
6 1 9 15 0
6 1 10 0 0
6 1 10 1 0
6 1 10 2 0
6 1 10 3 0
6 1 10 4 0
6 1 10 5 0
6 1 10 6 0
6 1 10 7 0
6 1 10 8 0
6 1 10 9 0
6 1 10 10 0
6 1 10 11 0
6 1 10 12 0
6 1 10 13 0
6 1 10 14 0
6 1 10 15 0
6 1 11 0 0
6 1 11 1 0
6 1 11 2 0
6 1 11 3 0
6 1 11 4 0
6 1 11 5 0
6 1 11 6 0
6 1 11 7 0
6 1 11 8 0
6 1 11 9 0
6 1 11 10 0
6 1 11 11 0
6 1 11 12 0
6 1 11 13 0
6 1 11 14 0
6 1 11 15 0
6 1 12 0 0
6 1 12 1 0
6 1 12 2 0
6 1 12 3 0
6 1 12 4 0
6 1 12 5 0
6 1 12 6 0
6 1 12 7 0
6 1 12 8 0
6 1 12 9 0
6 1 12 10 0
6 1 12 11 0
6 1 12 12 0
6 1 12 13 0
6 1 12 14 0
6 1 12 15 0
6 1 13 0 0
6 1 13 1 0.08360114429406111
6 1 13 2 0
6 1 13 3 0
6 1 13 4 0
6 1 13 5 0
6 1 13 6 0
6 1 13 7 0
6 1 13 8 0
6 1 13 9 0
6 1 13 10 0
6 1 13 11 0
6 1 13 12 0
6 1 13 13 0
6 1 13 14 0
6 1 13 15 0
6 1 14 0 0
6 1 14 1 0
6 1 14 2 0
6 1 14 3 0
6 1 14 4 0
6 1 14 5 0
6 1 14 6 0
6 1 14 7 0
6 1 14 8 0
6 1 14 9 0
6 1 14 10 0
6 1 14 11 0
6 1 14 12 0
6 1 14 13 0
6 1 14 14 0
6 1 14 15 0
6 1 15 0 0
6 1 15 1 0
6 1 15 2 0
6 1 15 3 0
6 1 15 4 0
6 1 15 5 0
6 1 15 6 -0.002867133547308154
6 1 15 7 0
6 1 15 8 0
6 1 15 9 0
6 1 15 10 0
6 1 15 11 0
6 1 15 12 0
6 1 15 13 0
6 1 15 14 0
6 1 15 15 0
6 2 0 0 0
6 2 0 1 0
6 2 0 2 0
6 2 0 3 0
6 2 0 4 0
6 2 0 5 0
6 2 0 6 2.153074244409905e-05
6 2 0 7 0
6 2 0 8 0
6 2 0 9 0
6 2 0 10 0
6 2 0 11 0
6 2 0 12 0
6 2 0 13 0
6 2 0 14 0
6 2 0 15 0
6 2 1 0 0
6 2 1 1 0
6 2 1 2 0
6 2 1 3 0
6 2 1 4 0
6 2 1 5 0
6 2 1 6 0
6 2 1 7 0
6 2 1 8 0
6 2 1 9 0
6 2 1 10 0
6 2 1 11 0
6 2 1 12 0
6 2 1 13 0
6 2 1 14 0
6 2 1 15 0
6 2 2 0 0
6 2 2 1 0
6 2 2 2 0
6 2 2 3 0
6 2 2 4 0
6 2 2 5 0
6 2 2 6 -0.6581763924857351
6 2 2 7 0
6 2 2 8 0
6 2 2 9 0
6 2 2 10 0
6 2 2 11 0
6 2 2 12 0
6 2 2 13 -0.04180057214703055
6 2 2 14 0
6 2 2 15 0
6 2 3 0 0
6 2 3 1 0
6 2 3 2 0
6 2 3 3 0
6 2 3 4 0
6 2 3 5 0
6 2 3 6 0
6 2 3 7 -0.01579642600487763
6 2 3 8 0
6 2 3 9 0
6 2 3 10 0
6 2 3 11 0
6 2 3 12 0
6 2 3 13 0
6 2 3 14 0
6 2 3 15 0
6 2 4 0 0
6 2 4 1 0
6 2 4 2 0
6 2 4 3 0
6 2 4 4 0
6 2 4 5 0
6 2 4 6 0
6 2 4 7 0
6 2 4 8 0
6 2 4 9 0
6 2 4 10 0
6 2 4 11 0
6 2 4 12 0
6 2 4 13 0
6 2 4 14 0
6 2 4 15 0
6 2 5 0 0
6 2 5 1 0
6 2 5 2 0
6 2 5 3 0
6 2 5 4 0
6 2 5 5 0
6 2 5 6 0
6 2 5 7 0
6 2 5 8 0
6 2 5 9 0
6 2 5 10 0
6 2 5 11 0
6 2 5 12 0
6 2 5 13 0
6 2 5 14 0
6 2 5 15 0
6 2 6 0 -7.063527626323503e-05
6 2 6 1 0
6 2 6 2 1.321073682914306
6 2 6 3 0
6 2 6 4 0
6 2 6 5 0
6 2 6 6 0
6 2 6 7 0
6 2 6 8 0
6 2 6 9 0
6 2 6 10 0
6 2 6 11 -0.0109148470248204
6 2 6 12 0
6 2 6 13 0
6 2 6 14 0.02697253727729214
6 2 6 15 0
6 2 7 0 0
6 2 7 1 0
6 2 7 2 0
6 2 7 3 0.2906530195469534
6 2 7 4 0
6 2 7 5 0
6 2 7 6 0
6 2 7 7 0
6 2 7 8 0
6 2 7 9 0
6 2 7 10 0
6 2 7 11 0
6 2 7 12 0
6 2 7 13 0
6 2 7 14 0
6 2 7 15 0
6 2 8 0 0
6 2 8 1 0
6 2 8 2 0
6 2 8 3 0
6 2 8 4 0
6 2 8 5 0
6 2 8 6 0
6 2 8 7 0
6 2 8 8 0
6 2 8 9 0
6 2 8 10 0
6 2 8 11 0
6 2 8 12 0
6 2 8 13 0
6 2 8 14 0
6 2 8 15 0
6 2 9 0 0
6 2 9 1 0
6 2 9 2 0
6 2 9 3 0
6 2 9 4 0
6 2 9 5 0
6 2 9 6 0
6 2 9 7 0
6 2 9 8 0
6 2 9 9 0
6 2 9 10 0
6 2 9 11 0
6 2 9 12 0
6 2 9 13 0
6 2 9 14 0
6 2 9 15 0
6 2 10 0 0
6 2 10 1 0
6 2 10 2 0
6 2 10 3 0
6 2 10 4 0
6 2 10 5 0
6 2 10 6 0
6 2 10 7 0
6 2 10 8 0
6 2 10 9 0
6 2 10 10 0
6 2 10 11 0
6 2 10 12 0
6 2 10 13 0
6 2 10 14 0
6 2 10 15 0
6 2 11 0 0
6 2 11 1 0
6 2 11 2 0
6 2 11 3 0
6 2 11 4 0
6 2 11 5 0
6 2 11 6 0.004040362513873673
6 2 11 7 0
6 2 11 8 0
6 2 11 9 0
6 2 11 10 0
6 2 11 11 0
6 2 11 12 0
6 2 11 13 0
6 2 11 14 0
6 2 11 15 0
6 2 12 0 0
6 2 12 1 0
6 2 12 2 0
6 2 12 3 0
6 2 12 4 0
6 2 12 5 0
6 2 12 6 0
6 2 12 7 0
6 2 12 8 0
6 2 12 9 0
6 2 12 10 0
6 2 12 11 0
6 2 12 12 0
6 2 12 13 0
6 2 12 14 0
6 2 12 15 0
6 2 13 0 0
6 2 13 1 0
6 2 13 2 0.08360114429406111
6 2 13 3 0
6 2 13 4 0
6 2 13 5 0
6 2 13 6 0
6 2 13 7 0
6 2 13 8 0
6 2 13 9 0
6 2 13 10 0
6 2 13 11 0
6 2 13 12 0
6 2 13 13 0
6 2 13 14 0
6 2 13 15 0
6 2 14 0 0
6 2 14 1 0
6 2 14 2 0
6 2 14 3 0
6 2 14 4 0
6 2 14 5 0
6 2 14 6 -0.00886707064648919
6 2 14 7 0
6 2 14 8 0
6 2 14 9 0
6 2 14 10 0
6 2 14 11 0
6 2 14 12 0
6 2 14 13 0
6 2 14 14 0
6 2 14 15 0
6 2 15 0 0
6 2 15 1 0
6 2 15 2 0
6 2 15 3 0
6 2 15 4 0
6 2 15 5 0
6 2 15 6 0
6 2 15 7 0
6 2 15 8 0
6 2 15 9 0
6 2 15 10 0
6 2 15 11 0
6 2 15 12 0
6 2 15 13 0
6 2 15 14 0
6 2 15 15 0
6 3 0 0 0
6 3 0 1 0
6 3 0 2 0
6 3 0 3 0
6 3 0 4 0
6 3 0 5 0
6 3 0 6 0
6 3 0 7 0
6 3 0 8 0
6 3 0 9 0
6 3 0 10 0
6 3 0 11 0
6 3 0 12 0
6 3 0 13 0
6 3 0 14 0
6 3 0 15 0
6 3 1 0 0
6 3 1 1 0
6 3 1 2 0
6 3 1 3 0
6 3 1 4 0
6 3 1 5 0
6 3 1 6 0
6 3 1 7 0
6 3 1 8 0
6 3 1 9 0
6 3 1 10 0
6 3 1 11 0
6 3 1 12 0
6 3 1 13 0
6 3 1 14 0
6 3 1 15 0
6 3 2 0 0
6 3 2 1 0
6 3 2 2 0
6 3 2 3 0
6 3 2 4 0
6 3 2 5 0
6 3 2 6 0
6 3 2 7 0
6 3 2 8 0
6 3 2 9 0
6 3 2 10 0
6 3 2 11 0
6 3 2 12 0
6 3 2 13 0
6 3 2 14 0
6 3 2 15 0
6 3 3 0 0
6 3 3 1 0
6 3 3 2 0
6 3 3 3 0
6 3 3 4 0
6 3 3 5 0
6 3 3 6 -0.3703710467995933
6 3 3 7 0
6 3 3 8 0
6 3 3 9 0
6 3 3 10 0
6 3 3 11 0
6 3 3 12 0
6 3 3 13 -0.02176879762947791
6 3 3 14 0
6 3 3 15 0
6 3 4 0 0
6 3 4 1 0
6 3 4 2 0
6 3 4 3 0
6 3 4 4 0
6 3 4 5 0
6 3 4 6 0
6 3 4 7 0
6 3 4 8 0
6 3 4 9 0
6 3 4 10 0
6 3 4 11 0
6 3 4 12 0
6 3 4 13 0
6 3 4 14 0
6 3 4 15 0
6 3 5 0 0
6 3 5 1 0
6 3 5 2 0
6 3 5 3 0
6 3 5 4 0
6 3 5 5 0
6 3 5 6 0
6 3 5 7 0
6 3 5 8 0
6 3 5 9 0
6 3 5 10 0
6 3 5 11 0
6 3 5 12 0
6 3 5 13 0
6 3 5 14 0
6 3 5 15 0
6 3 6 0 0
6 3 6 1 0
6 3 6 2 0
6 3 6 3 0.4244390850082596
6 3 6 4 0
6 3 6 5 0
6 3 6 6 0
6 3 6 7 0
6 3 6 8 0.02364866190748955
6 3 6 9 0
6 3 6 10 0
6 3 6 11 0
6 3 6 12 0
6 3 6 13 0
6 3 6 14 0
6 3 6 15 0
6 3 7 0 0
6 3 7 1 0
6 3 7 2 0
6 3 7 3 0
6 3 7 4 0
6 3 7 5 0
6 3 7 6 0
6 3 7 7 0
6 3 7 8 0
6 3 7 9 0
6 3 7 10 0
6 3 7 11 0
6 3 7 12 0
6 3 7 13 0
6 3 7 14 0
6 3 7 15 0
6 3 8 0 0
6 3 8 1 0
6 3 8 2 0
6 3 8 3 0
6 3 8 4 0
6 3 8 5 0
6 3 8 6 -0.01854081686068875
6 3 8 7 0
6 3 8 8 0
6 3 8 9 0
6 3 8 10 0
6 3 8 11 0
6 3 8 12 0
6 3 8 13 0
6 3 8 14 0
6 3 8 15 0
6 3 9 0 0
6 3 9 1 0
6 3 9 2 0
6 3 9 3 0
6 3 9 4 0
6 3 9 5 0
6 3 9 6 0
6 3 9 7 0
6 3 9 8 0
6 3 9 9 0
6 3 9 10 0
6 3 9 11 0
6 3 9 12 0
6 3 9 13 0
6 3 9 14 0
6 3 9 15 0
6 3 10 0 0
6 3 10 1 0
6 3 10 2 0
6 3 10 3 0
6 3 10 4 0
6 3 10 5 0
6 3 10 6 0
6 3 10 7 0
6 3 10 8 0
6 3 10 9 0
6 3 10 10 0
6 3 10 11 0
6 3 10 12 0
6 3 10 13 0
6 3 10 14 0
6 3 10 15 0
6 3 11 0 0
6 3 11 1 0
6 3 11 2 0
6 3 11 3 0
6 3 11 4 0
6 3 11 5 0
6 3 11 6 0
6 3 11 7 0
6 3 11 8 0
6 3 11 9 0
6 3 11 10 0
6 3 11 11 0
6 3 11 12 0
6 3 11 13 0
6 3 11 14 0
6 3 11 15 0
6 3 12 0 0
6 3 12 1 0
6 3 12 2 0
6 3 12 3 0
6 3 12 4 0
6 3 12 5 0
6 3 12 6 0
6 3 12 7 0
6 3 12 8 0
6 3 12 9 0
6 3 12 10 0
6 3 12 11 0
6 3 12 12 0
6 3 12 13 0
6 3 12 14 0
6 3 12 15 0
6 3 13 0 0
6 3 13 1 0
6 3 13 2 0
6 3 13 3 0.02006812266186633
6 3 13 4 0
6 3 13 5 0
6 3 13 6 0
6 3 13 7 0
6 3 13 8 0
6 3 13 9 0
6 3 13 10 0
6 3 13 11 0
6 3 13 12 0
6 3 13 13 0
6 3 13 14 0
6 3 13 15 0
6 3 14 0 0
6 3 14 1 0
6 3 14 2 0
6 3 14 3 0
6 3 14 4 0
6 3 14 5 0
6 3 14 6 0
6 3 14 7 0
6 3 14 8 0
6 3 14 9 0
6 3 14 10 0
6 3 14 11 0
6 3 14 12 0
6 3 14 13 0
6 3 14 14 0
6 3 14 15 0
6 3 15 0 0
6 3 15 1 0
6 3 15 2 0
6 3 15 3 0
6 3 15 4 0
6 3 15 5 0
6 3 15 6 0
6 3 15 7 0
6 3 15 8 0
6 3 15 9 0
6 3 15 10 0
6 3 15 11 0
6 3 15 12 0
6 3 15 13 0
6 3 15 14 0
6 3 15 15 0
6 4 0 0 0
6 4 0 1 0
6 4 0 2 0
6 4 0 3 0
6 4 0 4 0
6 4 0 5 0
6 4 0 6 0
6 4 0 7 0
6 4 0 8 0
6 4 0 9 0
6 4 0 10 0
6 4 0 11 0
6 4 0 12 0
6 4 0 13 0
6 4 0 14 0
6 4 0 15 0
6 4 1 0 0
6 4 1 1 0
6 4 1 2 0
6 4 1 3 0
6 4 1 4 0
6 4 1 5 0
6 4 1 6 0
6 4 1 7 0
6 4 1 8 0
6 4 1 9 0
6 4 1 10 0
6 4 1 11 0
6 4 1 12 0
6 4 1 13 0
6 4 1 14 0
6 4 1 15 0
6 4 2 0 0
6 4 2 1 0
6 4 2 2 0
6 4 2 3 0
6 4 2 4 0
6 4 2 5 0
6 4 2 6 0
6 4 2 7 0
6 4 2 8 0
6 4 2 9 0
6 4 2 10 0
6 4 2 11 0
6 4 2 12 0
6 4 2 13 0
6 4 2 14 0
6 4 2 15 0
6 4 3 0 0
6 4 3 1 0
6 4 3 2 0
6 4 3 3 0
6 4 3 4 0
6 4 3 5 -0.1919204991442376
6 4 3 6 0
6 4 3 7 0
6 4 3 8 0
6 4 3 9 0
6 4 3 10 0
6 4 3 11 0
6 4 3 12 -0.005101400631258669
6 4 3 13 0
6 4 3 14 0
6 4 3 15 0
6 4 4 0 0
6 4 4 1 0
6 4 4 2 0
6 4 4 3 0
6 4 4 4 0
6 4 4 5 0
6 4 4 6 -0.04306161024929356
6 4 4 7 0
6 4 4 8 0
6 4 4 9 0
6 4 4 10 0
6 4 4 11 0
6 4 4 12 0
6 4 4 13 -0.01006594989506482
6 4 4 14 0
6 4 4 15 0
6 4 5 0 0
6 4 5 1 0
6 4 5 2 0
6 4 5 3 -0.7063671547788607
6 4 5 4 0
6 4 5 5 0
6 4 5 6 0
6 4 5 7 0
6 4 5 8 -0.02630166959900439
6 4 5 9 0
6 4 5 10 0
6 4 5 11 0
6 4 5 12 0
6 4 5 13 0
6 4 5 14 0
6 4 5 15 0
6 4 6 0 0
6 4 6 1 0
6 4 6 2 0
6 4 6 3 0
6 4 6 4 1.14534264208985
6 4 6 5 0
6 4 6 6 0
6 4 6 7 0
6 4 6 8 0
6 4 6 9 0.04752592994211288
6 4 6 10 0
6 4 6 11 0
6 4 6 12 0
6 4 6 13 0
6 4 6 14 0
6 4 6 15 0
6 4 7 0 0
6 4 7 1 0
6 4 7 2 0
6 4 7 3 0
6 4 7 4 0
6 4 7 5 0
6 4 7 6 0
6 4 7 7 0
6 4 7 8 0
6 4 7 9 0
6 4 7 10 0
6 4 7 11 0
6 4 7 12 0
6 4 7 13 0
6 4 7 14 0
6 4 7 15 0
6 4 8 0 0
6 4 8 1 0
6 4 8 2 0
6 4 8 3 0
6 4 8 4 0
6 4 8 5 -0.01787431930113759
6 4 8 6 0
6 4 8 7 0
6 4 8 8 0
6 4 8 9 0
6 4 8 10 0
6 4 8 11 0
6 4 8 12 0
6 4 8 13 0
6 4 8 14 0
6 4 8 15 0
6 4 9 0 0
6 4 9 1 0
6 4 9 2 0
6 4 9 3 0
6 4 9 4 0
6 4 9 5 0
6 4 9 6 0.01186078951247431
6 4 9 7 0
6 4 9 8 0
6 4 9 9 0
6 4 9 10 0
6 4 9 11 0
6 4 9 12 0
6 4 9 13 0
6 4 9 14 0
6 4 9 15 0
6 4 10 0 0
6 4 10 1 0
6 4 10 2 0
6 4 10 3 0
6 4 10 4 0
6 4 10 5 0
6 4 10 6 0
6 4 10 7 0
6 4 10 8 0
6 4 10 9 0
6 4 10 10 0
6 4 10 11 0
6 4 10 12 0
6 4 10 13 0
6 4 10 14 0
6 4 10 15 0
6 4 11 0 0
6 4 11 1 0
6 4 11 2 0
6 4 11 3 0
6 4 11 4 0
6 4 11 5 0
6 4 11 6 0
6 4 11 7 0
6 4 11 8 0
6 4 11 9 0
6 4 11 10 0
6 4 11 11 0
6 4 11 12 0
6 4 11 13 0
6 4 11 14 0
6 4 11 15 0
6 4 12 0 0
6 4 12 1 0
6 4 12 2 0
6 4 12 3 -0.04940112303230675
6 4 12 4 0
6 4 12 5 0
6 4 12 6 0
6 4 12 7 0
6 4 12 8 0
6 4 12 9 0
6 4 12 10 0
6 4 12 11 0
6 4 12 12 0
6 4 12 13 0
6 4 12 14 0
6 4 12 15 0
6 4 13 0 0
6 4 13 1 0
6 4 13 2 0
6 4 13 3 0
6 4 13 4 0.06353302163219478
6 4 13 5 0
6 4 13 6 0
6 4 13 7 0
6 4 13 8 0
6 4 13 9 0
6 4 13 10 0
6 4 13 11 0
6 4 13 12 0
6 4 13 13 0
6 4 13 14 0
6 4 13 15 0
6 4 14 0 0
6 4 14 1 0
6 4 14 2 0
6 4 14 3 0
6 4 14 4 0
6 4 14 5 0
6 4 14 6 0
6 4 14 7 0
6 4 14 8 0
6 4 14 9 0
6 4 14 10 0
6 4 14 11 0
6 4 14 12 0
6 4 14 13 0
6 4 14 14 0
6 4 14 15 0
6 4 15 0 0
6 4 15 1 0
6 4 15 2 0
6 4 15 3 0
6 4 15 4 0
6 4 15 5 0
6 4 15 6 0
6 4 15 7 0
6 4 15 8 0
6 4 15 9 0
6 4 15 10 0
6 4 15 11 0
6 4 15 12 0
6 4 15 13 0
6 4 15 14 0
6 4 15 15 0
6 5 0 0 0
6 5 0 1 0
6 5 0 2 0
6 5 0 3 0
6 5 0 4 0
6 5 0 5 0
6 5 0 6 0
6 5 0 7 0
6 5 0 8 0
6 5 0 9 0
6 5 0 10 0
6 5 0 11 0
6 5 0 12 0
6 5 0 13 0
6 5 0 14 0
6 5 0 15 0
6 5 1 0 0
6 5 1 1 0
6 5 1 2 0
6 5 1 3 0
6 5 1 4 0
6 5 1 5 0
6 5 1 6 0
6 5 1 7 0
6 5 1 8 0
6 5 1 9 0
6 5 1 10 0
6 5 1 11 0
6 5 1 12 0
6 5 1 13 0
6 5 1 14 0
6 5 1 15 0
6 5 2 0 0
6 5 2 1 0
6 5 2 2 0
6 5 2 3 0
6 5 2 4 0
6 5 2 5 0
6 5 2 6 0
6 5 2 7 0
6 5 2 8 0
6 5 2 9 0
6 5 2 10 0
6 5 2 11 0
6 5 2 12 0
6 5 2 13 0
6 5 2 14 0
6 5 2 15 0
6 5 3 0 0
6 5 3 1 0
6 5 3 2 0
6 5 3 3 0
6 5 3 4 0.09533607817175976
6 5 3 5 0
6 5 3 6 0
6 5 3 7 0
6 5 3 8 0
6 5 3 9 0.006350849162978814
6 5 3 10 0
6 5 3 11 0
6 5 3 12 0
6 5 3 13 0
6 5 3 14 0
6 5 3 15 0
6 5 4 0 0
6 5 4 1 0
6 5 4 2 0
6 5 4 3 -0.4917477994333263
6 5 4 4 0
6 5 4 5 0
6 5 4 6 0
6 5 4 7 0
6 5 4 8 -0.0308871666826084
6 5 4 9 0
6 5 4 10 0
6 5 4 11 0
6 5 4 12 0
6 5 4 13 0
6 5 4 14 0
6 5 4 15 0
6 5 5 0 0
6 5 5 1 0
6 5 5 2 0
6 5 5 3 0
6 5 5 4 0
6 5 5 5 0
6 5 5 6 -0.02494920949405512
6 5 5 7 0
6 5 5 8 0
6 5 5 9 0
6 5 5 10 0
6 5 5 11 0
6 5 5 12 0
6 5 5 13 0.0101022980393785
6 5 5 14 0
6 5 5 15 0
6 5 6 0 0
6 5 6 1 0
6 5 6 2 0
6 5 6 3 0
6 5 6 4 0
6 5 6 5 0.4915061723866219
6 5 6 6 0
6 5 6 7 0
6 5 6 8 0
6 5 6 9 0
6 5 6 10 0
6 5 6 11 0
6 5 6 12 0.02043632357037963
6 5 6 13 0
6 5 6 14 0
6 5 6 15 0
6 5 7 0 0
6 5 7 1 0
6 5 7 2 0
6 5 7 3 0
6 5 7 4 0
6 5 7 5 0
6 5 7 6 0
6 5 7 7 0
6 5 7 8 0
6 5 7 9 0
6 5 7 10 0
6 5 7 11 0
6 5 7 12 0
6 5 7 13 0
6 5 7 14 0
6 5 7 15 0
6 5 8 0 0
6 5 8 1 0
6 5 8 2 0
6 5 8 3 0
6 5 8 4 0.007084157751018732
6 5 8 5 0
6 5 8 6 0
6 5 8 7 0
6 5 8 8 0
6 5 8 9 0
6 5 8 10 0
6 5 8 11 0
6 5 8 12 0
6 5 8 13 0
6 5 8 14 0
6 5 8 15 0
6 5 9 0 0
6 5 9 1 0
6 5 9 2 0
6 5 9 3 -0.0276899165105156
6 5 9 4 0
6 5 9 5 0
6 5 9 6 0
6 5 9 7 0
6 5 9 8 0
6 5 9 9 0
6 5 9 10 0
6 5 9 11 0
6 5 9 12 0
6 5 9 13 0
6 5 9 14 0
6 5 9 15 0
6 5 10 0 0
6 5 10 1 0
6 5 10 2 0
6 5 10 3 0
6 5 10 4 0
6 5 10 5 0
6 5 10 6 0
6 5 10 7 0
6 5 10 8 0
6 5 10 9 0
6 5 10 10 0
6 5 10 11 0
6 5 10 12 0
6 5 10 13 0
6 5 10 14 0
6 5 10 15 0
6 5 11 0 0
6 5 11 1 0
6 5 11 2 0
6 5 11 3 0
6 5 11 4 0
6 5 11 5 0
6 5 11 6 0
6 5 11 7 0
6 5 11 8 0
6 5 11 9 0
6 5 11 10 0
6 5 11 11 0
6 5 11 12 0
6 5 11 13 0
6 5 11 14 0
6 5 11 15 0
6 5 12 0 0
6 5 12 1 0
6 5 12 2 0
6 5 12 3 0
6 5 12 4 0
6 5 12 5 0
6 5 12 6 0.008012134893015417
6 5 12 7 0
6 5 12 8 0
6 5 12 9 0
6 5 12 10 0
6 5 12 11 0
6 5 12 12 0
6 5 12 13 0
6 5 12 14 0
6 5 12 15 0
6 5 13 0 0
6 5 13 1 0
6 5 13 2 0
6 5 13 3 0
6 5 13 4 0
6 5 13 5 0.02006812266186633
6 5 13 6 0
6 5 13 7 0
6 5 13 8 0
6 5 13 9 0
6 5 13 10 0
6 5 13 11 0
6 5 13 12 0
6 5 13 13 0
6 5 13 14 0
6 5 13 15 0
6 5 14 0 0
6 5 14 1 0
6 5 14 2 0
6 5 14 3 0
6 5 14 4 0
6 5 14 5 0
6 5 14 6 0
6 5 14 7 0
6 5 14 8 0
6 5 14 9 0
6 5 14 10 0
6 5 14 11 0
6 5 14 12 0
6 5 14 13 0
6 5 14 14 0
6 5 14 15 0
6 5 15 0 0
6 5 15 1 0
6 5 15 2 0
6 5 15 3 0
6 5 15 4 0
6 5 15 5 0
6 5 15 6 0
6 5 15 7 0
6 5 15 8 0
6 5 15 9 0
6 5 15 10 0
6 5 15 11 0
6 5 15 12 0
6 5 15 13 0
6 5 15 14 0
6 5 15 15 0
6 6 0 0 0
6 6 0 1 0
6 6 0 2 0
6 6 0 3 0
6 6 0 4 0
6 6 0 5 0
6 6 0 6 0
6 6 0 7 0
6 6 0 8 0
6 6 0 9 0
6 6 0 10 0
6 6 0 11 0
6 6 0 12 0
6 6 0 13 0
6 6 0 14 0
6 6 0 15 0
6 6 1 0 0
6 6 1 1 0
6 6 1 2 0
6 6 1 3 0
6 6 1 4 0
6 6 1 5 0
6 6 1 6 0
6 6 1 7 0
6 6 1 8 0
6 6 1 9 0
6 6 1 10 0
6 6 1 11 0
6 6 1 12 0
6 6 1 13 0
6 6 1 14 0
6 6 1 15 0
6 6 2 0 0
6 6 2 1 0
6 6 2 2 0
6 6 2 3 0
6 6 2 4 0
6 6 2 5 0
6 6 2 6 0
6 6 2 7 0
6 6 2 8 0
6 6 2 9 0
6 6 2 10 0
6 6 2 11 0
6 6 2 12 0
6 6 2 13 0
6 6 2 14 0
6 6 2 15 0
6 6 3 0 0
6 6 3 1 0
6 6 3 2 0
6 6 3 3 -0.4321144821042252
6 6 3 4 0
6 6 3 5 0
6 6 3 6 0
6 6 3 7 0
6 6 3 8 -0.02076009856260707
6 6 3 9 0
6 6 3 10 0
6 6 3 11 0
6 6 3 12 0
6 6 3 13 0
6 6 3 14 0
6 6 3 15 0
6 6 4 0 0
6 6 4 1 0
6 6 4 2 0
6 6 4 3 0
6 6 4 4 0
6 6 4 5 0
6 6 4 6 0
6 6 4 7 0
6 6 4 8 0
6 6 4 9 0
6 6 4 10 0
6 6 4 11 0
6 6 4 12 0
6 6 4 13 0
6 6 4 14 0
6 6 4 15 0
6 6 5 0 0
6 6 5 1 0
6 6 5 2 0
6 6 5 3 0
6 6 5 4 0
6 6 5 5 0
6 6 5 6 0
6 6 5 7 0
6 6 5 8 0
6 6 5 9 0
6 6 5 10 0
6 6 5 11 0
6 6 5 12 0
6 6 5 13 0
6 6 5 14 0
6 6 5 15 0
6 6 6 0 0
6 6 6 1 0
6 6 6 2 0
6 6 6 3 0
6 6 6 4 0
6 6 6 5 0
6 6 6 6 0.3925613658996864
6 6 6 7 0
6 6 6 8 0
6 6 6 9 0
6 6 6 10 0
6 6 6 11 0
6 6 6 12 0
6 6 6 13 0.02173244948516423
6 6 6 14 0
6 6 6 15 0
6 6 7 0 0
6 6 7 1 0
6 6 7 2 0
6 6 7 3 0
6 6 7 4 0
6 6 7 5 0
6 6 7 6 0
6 6 7 7 0
6 6 7 8 0
6 6 7 9 0
6 6 7 10 0
6 6 7 11 0
6 6 7 12 0
6 6 7 13 0
6 6 7 14 0
6 6 7 15 0
6 6 8 0 0
6 6 8 1 0
6 6 8 2 0
6 6 8 3 -0.02076009856260707
6 6 8 4 0
6 6 8 5 0
6 6 8 6 0
6 6 8 7 0
6 6 8 8 0
6 6 8 9 0
6 6 8 10 0
6 6 8 11 0
6 6 8 12 0
6 6 8 13 0
6 6 8 14 0
6 6 8 15 0
6 6 9 0 0
6 6 9 1 0
6 6 9 2 0
6 6 9 3 0
6 6 9 4 0
6 6 9 5 0
6 6 9 6 0
6 6 9 7 0
6 6 9 8 0
6 6 9 9 0
6 6 9 10 0
6 6 9 11 0
6 6 9 12 0
6 6 9 13 0
6 6 9 14 0
6 6 9 15 0
6 6 10 0 0
6 6 10 1 0
6 6 10 2 0
6 6 10 3 0
6 6 10 4 0
6 6 10 5 0
6 6 10 6 0
6 6 10 7 0
6 6 10 8 0
6 6 10 9 0
6 6 10 10 0
6 6 10 11 0
6 6 10 12 0
6 6 10 13 0
6 6 10 14 0
6 6 10 15 0
6 6 11 0 0
6 6 11 1 0
6 6 11 2 0
6 6 11 3 0
6 6 11 4 0
6 6 11 5 0
6 6 11 6 0
6 6 11 7 0
6 6 11 8 0
6 6 11 9 0
6 6 11 10 0
6 6 11 11 0
6 6 11 12 0
6 6 11 13 0
6 6 11 14 0
6 6 11 15 0
6 6 12 0 0
6 6 12 1 0
6 6 12 2 0
6 6 12 3 0
6 6 12 4 0
6 6 12 5 0
6 6 12 6 0
6 6 12 7 0
6 6 12 8 0
6 6 12 9 0
6 6 12 10 0
6 6 12 11 0
6 6 12 12 0
6 6 12 13 0
6 6 12 14 0
6 6 12 15 0
6 6 13 0 0
6 6 13 1 0
6 6 13 2 0
6 6 13 3 0
6 6 13 4 0
6 6 13 5 0
6 6 13 6 0.02173244948516423
6 6 13 7 0
6 6 13 8 0
6 6 13 9 0
6 6 13 10 0
6 6 13 11 0
6 6 13 12 0
6 6 13 13 0
6 6 13 14 0
6 6 13 15 0
6 6 14 0 0
6 6 14 1 0
6 6 14 2 0
6 6 14 3 0
6 6 14 4 0
6 6 14 5 0
6 6 14 6 0
6 6 14 7 0
6 6 14 8 0
6 6 14 9 0
6 6 14 10 0
6 6 14 11 0
6 6 14 12 0
6 6 14 13 0
6 6 14 14 0
6 6 14 15 0
6 6 15 0 0
6 6 15 1 0
6 6 15 2 0
6 6 15 3 0
6 6 15 4 0
6 6 15 5 0
6 6 15 6 0
6 6 15 7 0
6 6 15 8 0
6 6 15 9 0
6 6 15 10 0
6 6 15 11 0
6 6 15 12 0
6 6 15 13 0
6 6 15 14 0
6 6 15 15 0
6 7 0 0 0
6 7 0 1 0
6 7 0 2 0
6 7 0 3 0
6 7 0 4 0
6 7 0 5 0
6 7 0 6 0
6 7 0 7 0
6 7 0 8 0
6 7 0 9 0
6 7 0 10 0
6 7 0 11 0
6 7 0 12 0
6 7 0 13 0
6 7 0 14 0
6 7 0 15 0
6 7 1 0 0
6 7 1 1 0
6 7 1 2 0
6 7 1 3 0
6 7 1 4 0
6 7 1 5 0
6 7 1 6 0
6 7 1 7 0
6 7 1 8 0
6 7 1 9 0
6 7 1 10 0
6 7 1 11 0
6 7 1 12 0
6 7 1 13 0
6 7 1 14 0
6 7 1 15 0
6 7 2 0 0
6 7 2 1 0
6 7 2 2 0
6 7 2 3 0.2897867281560397
6 7 2 4 0
6 7 2 5 0
6 7 2 6 0
6 7 2 7 0
6 7 2 8 0.01437452422123778
6 7 2 9 0
6 7 2 10 0
6 7 2 11 0
6 7 2 12 0
6 7 2 13 0
6 7 2 14 0
6 7 2 15 0
6 7 3 0 0
6 7 3 1 0
6 7 3 2 0.04386910148115602
6 7 3 3 0
6 7 3 4 0
6 7 3 5 0
6 7 3 6 0
6 7 3 7 0
6 7 3 8 0
6 7 3 9 0
6 7 3 10 0
6 7 3 11 0.0007842628781144722
6 7 3 12 0
6 7 3 13 0
6 7 3 14 -0.002705230001942245
6 7 3 15 0
6 7 4 0 0
6 7 4 1 0
6 7 4 2 0
6 7 4 3 0
6 7 4 4 0
6 7 4 5 0
6 7 4 6 0
6 7 4 7 0
6 7 4 8 0
6 7 4 9 0
6 7 4 10 0
6 7 4 11 0
6 7 4 12 0
6 7 4 13 0
6 7 4 14 0
6 7 4 15 0
6 7 5 0 0
6 7 5 1 0
6 7 5 2 0
6 7 5 3 0
6 7 5 4 0
6 7 5 5 0
6 7 5 6 0
6 7 5 7 0
6 7 5 8 0
6 7 5 9 0
6 7 5 10 0
6 7 5 11 0
6 7 5 12 0
6 7 5 13 0
6 7 5 14 0
6 7 5 15 0
6 7 6 0 0
6 7 6 1 0
6 7 6 2 0
6 7 6 3 0
6 7 6 4 0
6 7 6 5 0
6 7 6 6 0
6 7 6 7 0.3191428674456092
6 7 6 8 0
6 7 6 9 0
6 7 6 10 0
6 7 6 11 0
6 7 6 12 0
6 7 6 13 0
6 7 6 14 0
6 7 6 15 0
6 7 7 0 0
6 7 7 1 0
6 7 7 2 0
6 7 7 3 0
6 7 7 4 0
6 7 7 5 0
6 7 7 6 -0.1196703560047188
6 7 7 7 0
6 7 7 8 0
6 7 7 9 0
6 7 7 10 0
6 7 7 11 0
6 7 7 12 0
6 7 7 13 0
6 7 7 14 0
6 7 7 15 0
6 7 8 0 0
6 7 8 1 0
6 7 8 2 0.000366043845346923
6 7 8 3 0
6 7 8 4 0
6 7 8 5 0
6 7 8 6 0
6 7 8 7 0
6 7 8 8 0
6 7 8 9 0
6 7 8 10 0
6 7 8 11 0
6 7 8 12 0
6 7 8 13 0
6 7 8 14 0
6 7 8 15 0
6 7 9 0 0
6 7 9 1 0
6 7 9 2 0
6 7 9 3 0
6 7 9 4 0
6 7 9 5 0
6 7 9 6 0
6 7 9 7 0
6 7 9 8 0
6 7 9 9 0
6 7 9 10 0
6 7 9 11 0
6 7 9 12 0
6 7 9 13 0
6 7 9 14 0
6 7 9 15 0
6 7 10 0 0
6 7 10 1 0
6 7 10 2 0
6 7 10 3 0
6 7 10 4 0
6 7 10 5 0
6 7 10 6 0
6 7 10 7 0
6 7 10 8 0
6 7 10 9 0
6 7 10 10 0
6 7 10 11 0
6 7 10 12 0
6 7 10 13 0
6 7 10 14 0
6 7 10 15 0
6 7 11 0 0
6 7 11 1 0
6 7 11 2 0
6 7 11 3 -0.002740636281568164
6 7 11 4 0
6 7 11 5 0
6 7 11 6 0
6 7 11 7 0
6 7 11 8 0
6 7 11 9 0
6 7 11 10 0
6 7 11 11 0
6 7 11 12 0
6 7 11 13 0
6 7 11 14 0
6 7 11 15 0
6 7 12 0 0
6 7 12 1 0
6 7 12 2 0
6 7 12 3 0
6 7 12 4 0
6 7 12 5 0
6 7 12 6 0
6 7 12 7 0
6 7 12 8 0
6 7 12 9 0
6 7 12 10 0
6 7 12 11 0
6 7 12 12 0
6 7 12 13 0
6 7 12 14 0
6 7 12 15 0
6 7 13 0 0
6 7 13 1 0
6 7 13 2 0
6 7 13 3 0
6 7 13 4 0
6 7 13 5 0
6 7 13 6 0
6 7 13 7 0
6 7 13 8 0
6 7 13 9 0
6 7 13 10 0
6 7 13 11 0
6 7 13 12 0
6 7 13 13 0
6 7 13 14 0
6 7 13 15 0
6 7 14 0 0
6 7 14 1 0
6 7 14 2 0
6 7 14 3 0.005646602275332182
6 7 14 4 0
6 7 14 5 0
6 7 14 6 0
6 7 14 7 0
6 7 14 8 0
6 7 14 9 0
6 7 14 10 0
6 7 14 11 0
6 7 14 12 0
6 7 14 13 0
6 7 14 14 0
6 7 14 15 0
6 7 15 0 0
6 7 15 1 0
6 7 15 2 0
6 7 15 3 0
6 7 15 4 0
6 7 15 5 0
6 7 15 6 0
6 7 15 7 0
6 7 15 8 0
6 7 15 9 0
6 7 15 10 0
6 7 15 11 0
6 7 15 12 0
6 7 15 13 0
6 7 15 14 0
6 7 15 15 0
6 8 0 0 0
6 8 0 1 0
6 8 0 2 0
6 8 0 3 0
6 8 0 4 0
6 8 0 5 0
6 8 0 6 0
6 8 0 7 0
6 8 0 8 0
6 8 0 9 0
6 8 0 10 0
6 8 0 11 0
6 8 0 12 0
6 8 0 13 0
6 8 0 14 0
6 8 0 15 0
6 8 1 0 0
6 8 1 1 0
6 8 1 2 0
6 8 1 3 0
6 8 1 4 0
6 8 1 5 0
6 8 1 6 0
6 8 1 7 0
6 8 1 8 0
6 8 1 9 0
6 8 1 10 0
6 8 1 11 0
6 8 1 12 0
6 8 1 13 0
6 8 1 14 0
6 8 1 15 0
6 8 2 0 0
6 8 2 1 0
6 8 2 2 0
6 8 2 3 0
6 8 2 4 0
6 8 2 5 0
6 8 2 6 0
6 8 2 7 0
6 8 2 8 0
6 8 2 9 0
6 8 2 10 0
6 8 2 11 0
6 8 2 12 0
6 8 2 13 0
6 8 2 14 0
6 8 2 15 0
6 8 3 0 0
6 8 3 1 0
6 8 3 2 0
6 8 3 3 0
6 8 3 4 0
6 8 3 5 0
6 8 3 6 -0.01854081686068875
6 8 3 7 0
6 8 3 8 0
6 8 3 9 0
6 8 3 10 0
6 8 3 11 0
6 8 3 12 0
6 8 3 13 -0.001567134012938237
6 8 3 14 0
6 8 3 15 0
6 8 4 0 0
6 8 4 1 0
6 8 4 2 0
6 8 4 3 0
6 8 4 4 0
6 8 4 5 0
6 8 4 6 0
6 8 4 7 0
6 8 4 8 0
6 8 4 9 0
6 8 4 10 0
6 8 4 11 0
6 8 4 12 0
6 8 4 13 0
6 8 4 14 0
6 8 4 15 0
6 8 5 0 0
6 8 5 1 0
6 8 5 2 0
6 8 5 3 0
6 8 5 4 0
6 8 5 5 0
6 8 5 6 0
6 8 5 7 0
6 8 5 8 0
6 8 5 9 0
6 8 5 10 0
6 8 5 11 0
6 8 5 12 0
6 8 5 13 0
6 8 5 14 0
6 8 5 15 0
6 8 6 0 0
6 8 6 1 0
6 8 6 2 0
6 8 6 3 0.02364866190748955
6 8 6 4 0
6 8 6 5 0
6 8 6 6 0
6 8 6 7 0
6 8 6 8 0.001858793151056178
6 8 6 9 0
6 8 6 10 0
6 8 6 11 0
6 8 6 12 0
6 8 6 13 0
6 8 6 14 0
6 8 6 15 0
6 8 7 0 0
6 8 7 1 0
6 8 7 2 0
6 8 7 3 0
6 8 7 4 0
6 8 7 5 0
6 8 7 6 0
6 8 7 7 0
6 8 7 8 0
6 8 7 9 0
6 8 7 10 0
6 8 7 11 0
6 8 7 12 0
6 8 7 13 0
6 8 7 14 0
6 8 7 15 0
6 8 8 0 0
6 8 8 1 0
6 8 8 2 0
6 8 8 3 0
6 8 8 4 0
6 8 8 5 0
6 8 8 6 -0.001020383373178273
6 8 8 7 0
6 8 8 8 0
6 8 8 9 0
6 8 8 10 0
6 8 8 11 0
6 8 8 12 0
6 8 8 13 0
6 8 8 14 0
6 8 8 15 0
6 8 9 0 0
6 8 9 1 0
6 8 9 2 0
6 8 9 3 0
6 8 9 4 0
6 8 9 5 0
6 8 9 6 0
6 8 9 7 0
6 8 9 8 0
6 8 9 9 0
6 8 9 10 0
6 8 9 11 0
6 8 9 12 0
6 8 9 13 0
6 8 9 14 0
6 8 9 15 0
6 8 10 0 0
6 8 10 1 0
6 8 10 2 0
6 8 10 3 0
6 8 10 4 0
6 8 10 5 0
6 8 10 6 0
6 8 10 7 0
6 8 10 8 0
6 8 10 9 0
6 8 10 10 0
6 8 10 11 0
6 8 10 12 0
6 8 10 13 0
6 8 10 14 0
6 8 10 15 0
6 8 11 0 0
6 8 11 1 0
6 8 11 2 0
6 8 11 3 0
6 8 11 4 0
6 8 11 5 0
6 8 11 6 0
6 8 11 7 0
6 8 11 8 0
6 8 11 9 0
6 8 11 10 0
6 8 11 11 0
6 8 11 12 0
6 8 11 13 0
6 8 11 14 0
6 8 11 15 0
6 8 12 0 0
6 8 12 1 0
6 8 12 2 0
6 8 12 3 0
6 8 12 4 0
6 8 12 5 0
6 8 12 6 0
6 8 12 7 0
6 8 12 8 0
6 8 12 9 0
6 8 12 10 0
6 8 12 11 0
6 8 12 12 0
6 8 12 13 0
6 8 12 14 0
6 8 12 15 0
6 8 13 0 0
6 8 13 1 0
6 8 13 2 0
6 8 13 3 0.00128798252952924
6 8 13 4 0
6 8 13 5 0
6 8 13 6 0
6 8 13 7 0
6 8 13 8 0
6 8 13 9 0
6 8 13 10 0
6 8 13 11 0
6 8 13 12 0
6 8 13 13 0
6 8 13 14 0
6 8 13 15 0
6 8 14 0 0
6 8 14 1 0
6 8 14 2 0
6 8 14 3 0
6 8 14 4 0
6 8 14 5 0
6 8 14 6 0
6 8 14 7 0
6 8 14 8 0
6 8 14 9 0
6 8 14 10 0
6 8 14 11 0
6 8 14 12 0
6 8 14 13 0
6 8 14 14 0
6 8 14 15 0
6 8 15 0 0
6 8 15 1 0
6 8 15 2 0
6 8 15 3 0
6 8 15 4 0
6 8 15 5 0
6 8 15 6 0
6 8 15 7 0
6 8 15 8 0
6 8 15 9 0
6 8 15 10 0
6 8 15 11 0
6 8 15 12 0
6 8 15 13 0
6 8 15 14 0
6 8 15 15 0
6 9 0 0 0
6 9 0 1 0
6 9 0 2 0
6 9 0 3 0
6 9 0 4 0
6 9 0 5 0
6 9 0 6 0
6 9 0 7 0
6 9 0 8 0
6 9 0 9 0
6 9 0 10 0
6 9 0 11 0
6 9 0 12 0
6 9 0 13 0
6 9 0 14 0
6 9 0 15 0
6 9 1 0 0
6 9 1 1 0
6 9 1 2 0
6 9 1 3 0
6 9 1 4 0
6 9 1 5 0
6 9 1 6 0
6 9 1 7 0
6 9 1 8 0
6 9 1 9 0
6 9 1 10 0
6 9 1 11 0
6 9 1 12 0
6 9 1 13 0
6 9 1 14 0
6 9 1 15 0
6 9 2 0 0
6 9 2 1 0
6 9 2 2 0
6 9 2 3 0
6 9 2 4 0
6 9 2 5 0
6 9 2 6 0
6 9 2 7 0
6 9 2 8 0
6 9 2 9 0
6 9 2 10 0
6 9 2 11 0
6 9 2 12 0
6 9 2 13 0
6 9 2 14 0
6 9 2 15 0
6 9 3 0 0
6 9 3 1 0
6 9 3 2 0
6 9 3 3 0
6 9 3 4 0
6 9 3 5 -0.01824037086050443
6 9 3 6 0
6 9 3 7 0
6 9 3 8 0
6 9 3 9 0
6 9 3 10 0
6 9 3 11 0
6 9 3 12 -0.001282990261579615
6 9 3 13 0
6 9 3 14 0
6 9 3 15 0
6 9 4 0 0
6 9 4 1 0
6 9 4 2 0
6 9 4 3 0
6 9 4 4 0
6 9 4 5 0
6 9 4 6 0.01186078951247431
6 9 4 7 0
6 9 4 8 0
6 9 4 9 0
6 9 4 10 0
6 9 4 11 0
6 9 4 12 0
6 9 4 13 0.0003340416914247287
6 9 4 14 0
6 9 4 15 0
6 9 5 0 0
6 9 5 1 0
6 9 5 2 0
6 9 5 3 -0.02578475391461429
6 9 5 4 0
6 9 5 5 0
6 9 5 6 0
6 9 5 7 0
6 9 5 8 -0.001213444019619698
6 9 5 9 0
6 9 5 10 0
6 9 5 11 0
6 9 5 12 0
6 9 5 13 0
6 9 5 14 0
6 9 5 15 0
6 9 6 0 0
6 9 6 1 0
6 9 6 2 0
6 9 6 3 0
6 9 6 4 0.04752592994211288
6 9 6 5 0
6 9 6 6 0
6 9 6 7 0
6 9 6 8 0
6 9 6 9 0.002993524440154342
6 9 6 10 0
6 9 6 11 0
6 9 6 12 0
6 9 6 13 0
6 9 6 14 0
6 9 6 15 0
6 9 7 0 0
6 9 7 1 0
6 9 7 2 0
6 9 7 3 0
6 9 7 4 0
6 9 7 5 0
6 9 7 6 0
6 9 7 7 0
6 9 7 8 0
6 9 7 9 0
6 9 7 10 0
6 9 7 11 0
6 9 7 12 0
6 9 7 13 0
6 9 7 14 0
6 9 7 15 0
6 9 8 0 0
6 9 8 1 0
6 9 8 2 0
6 9 8 3 0
6 9 8 4 0
6 9 8 5 -0.001228916117306778
6 9 8 6 0
6 9 8 7 0
6 9 8 8 0
6 9 8 9 0
6 9 8 10 0
6 9 8 11 0
6 9 8 12 0
6 9 8 13 0
6 9 8 14 0
6 9 8 15 0
6 9 9 0 0
6 9 9 1 0
6 9 9 2 0
6 9 9 3 0
6 9 9 4 0
6 9 9 5 0
6 9 9 6 0.001332021445568597
6 9 9 7 0
6 9 9 8 0
6 9 9 9 0
6 9 9 10 0
6 9 9 11 0
6 9 9 12 0
6 9 9 13 0
6 9 9 14 0
6 9 9 15 0
6 9 10 0 0
6 9 10 1 0
6 9 10 2 0
6 9 10 3 0
6 9 10 4 0
6 9 10 5 0
6 9 10 6 0
6 9 10 7 0
6 9 10 8 0
6 9 10 9 0
6 9 10 10 0
6 9 10 11 0
6 9 10 12 0
6 9 10 13 0
6 9 10 14 0
6 9 10 15 0
6 9 11 0 0
6 9 11 1 0
6 9 11 2 0
6 9 11 3 0
6 9 11 4 0
6 9 11 5 0
6 9 11 6 0
6 9 11 7 0
6 9 11 8 0
6 9 11 9 0
6 9 11 10 0
6 9 11 11 0
6 9 11 12 0
6 9 11 13 0
6 9 11 14 0
6 9 11 15 0
6 9 12 0 0
6 9 12 1 0
6 9 12 2 0
6 9 12 3 -0.002291587803698779
6 9 12 4 0
6 9 12 5 0
6 9 12 6 0
6 9 12 7 0
6 9 12 8 0
6 9 12 9 0
6 9 12 10 0
6 9 12 11 0
6 9 12 12 0
6 9 12 13 0
6 9 12 14 0
6 9 12 15 0
6 9 13 0 0
6 9 13 1 0
6 9 13 2 0
6 9 13 3 0
6 9 13 4 0.003187563149938341
6 9 13 5 0
6 9 13 6 0
6 9 13 7 0
6 9 13 8 0
6 9 13 9 0
6 9 13 10 0
6 9 13 11 0
6 9 13 12 0
6 9 13 13 0
6 9 13 14 0
6 9 13 15 0
6 9 14 0 0
6 9 14 1 0
6 9 14 2 0
6 9 14 3 0
6 9 14 4 0
6 9 14 5 0
6 9 14 6 0
6 9 14 7 0
6 9 14 8 0
6 9 14 9 0
6 9 14 10 0
6 9 14 11 0
6 9 14 12 0
6 9 14 13 0
6 9 14 14 0
6 9 14 15 0
6 9 15 0 0
6 9 15 1 0
6 9 15 2 0
6 9 15 3 0
6 9 15 4 0
6 9 15 5 0
6 9 15 6 0
6 9 15 7 0
6 9 15 8 0
6 9 15 9 0
6 9 15 10 0
6 9 15 11 0
6 9 15 12 0
6 9 15 13 0
6 9 15 14 0
6 9 15 15 0
6 10 0 0 0
6 10 0 1 0
6 10 0 2 0
6 10 0 3 0
6 10 0 4 0
6 10 0 5 0
6 10 0 6 0
6 10 0 7 0
6 10 0 8 0
6 10 0 9 0
6 10 0 10 0
6 10 0 11 0
6 10 0 12 0
6 10 0 13 0
6 10 0 14 0
6 10 0 15 0
6 10 1 0 0
6 10 1 1 0
6 10 1 2 0
6 10 1 3 0
6 10 1 4 0
6 10 1 5 0
6 10 1 6 0
6 10 1 7 0
6 10 1 8 0
6 10 1 9 0
6 10 1 10 0
6 10 1 11 0
6 10 1 12 0
6 10 1 13 0
6 10 1 14 0
6 10 1 15 0
6 10 2 0 0
6 10 2 1 0
6 10 2 2 0
6 10 2 3 0
6 10 2 4 0
6 10 2 5 0
6 10 2 6 0
6 10 2 7 0
6 10 2 8 0
6 10 2 9 0
6 10 2 10 0
6 10 2 11 0
6 10 2 12 0
6 10 2 13 0
6 10 2 14 0
6 10 2 15 0
6 10 3 0 0
6 10 3 1 0
6 10 3 2 0
6 10 3 3 0
6 10 3 4 0
6 10 3 5 0
6 10 3 6 0
6 10 3 7 0
6 10 3 8 0
6 10 3 9 0
6 10 3 10 0
6 10 3 11 0
6 10 3 12 0
6 10 3 13 0
6 10 3 14 0
6 10 3 15 0
6 10 4 0 0
6 10 4 1 0
6 10 4 2 0
6 10 4 3 0
6 10 4 4 0
6 10 4 5 0
6 10 4 6 0
6 10 4 7 0
6 10 4 8 0
6 10 4 9 0
6 10 4 10 0
6 10 4 11 0
6 10 4 12 0
6 10 4 13 0
6 10 4 14 0
6 10 4 15 0
6 10 5 0 0
6 10 5 1 0
6 10 5 2 0
6 10 5 3 0
6 10 5 4 0
6 10 5 5 0
6 10 5 6 0
6 10 5 7 0
6 10 5 8 0
6 10 5 9 0
6 10 5 10 0
6 10 5 11 0
6 10 5 12 0
6 10 5 13 0
6 10 5 14 0
6 10 5 15 0
6 10 6 0 0
6 10 6 1 0
6 10 6 2 0
6 10 6 3 0
6 10 6 4 0
6 10 6 5 0
6 10 6 6 0
6 10 6 7 0
6 10 6 8 0
6 10 6 9 0
6 10 6 10 0
6 10 6 11 0
6 10 6 12 0
6 10 6 13 0
6 10 6 14 0
6 10 6 15 0
6 10 7 0 0
6 10 7 1 0
6 10 7 2 0
6 10 7 3 0
6 10 7 4 0
6 10 7 5 0
6 10 7 6 0
6 10 7 7 0
6 10 7 8 0
6 10 7 9 0
6 10 7 10 0
6 10 7 11 0
6 10 7 12 0
6 10 7 13 0
6 10 7 14 0
6 10 7 15 0
6 10 8 0 0
6 10 8 1 0
6 10 8 2 0
6 10 8 3 0
6 10 8 4 0
6 10 8 5 0
6 10 8 6 0
6 10 8 7 0
6 10 8 8 0
6 10 8 9 0
6 10 8 10 0
6 10 8 11 0
6 10 8 12 0
6 10 8 13 0
6 10 8 14 0
6 10 8 15 0
6 10 9 0 0
6 10 9 1 0
6 10 9 2 0
6 10 9 3 0
6 10 9 4 0
6 10 9 5 0
6 10 9 6 0
6 10 9 7 0
6 10 9 8 0
6 10 9 9 0
6 10 9 10 0
6 10 9 11 0
6 10 9 12 0
6 10 9 13 0
6 10 9 14 0
6 10 9 15 0
6 10 10 0 0
6 10 10 1 0
6 10 10 2 0
6 10 10 3 0
6 10 10 4 0
6 10 10 5 0
6 10 10 6 0
6 10 10 7 0
6 10 10 8 0
6 10 10 9 0
6 10 10 10 0
6 10 10 11 0
6 10 10 12 0
6 10 10 13 0
6 10 10 14 0
6 10 10 15 0
6 10 11 0 0
6 10 11 1 0
6 10 11 2 0
6 10 11 3 0
6 10 11 4 0
6 10 11 5 0
6 10 11 6 0
6 10 11 7 0
6 10 11 8 0
6 10 11 9 0
6 10 11 10 0
6 10 11 11 0
6 10 11 12 0
6 10 11 13 0
6 10 11 14 0
6 10 11 15 0
6 10 12 0 0
6 10 12 1 0
6 10 12 2 0
6 10 12 3 0
6 10 12 4 0
6 10 12 5 0
6 10 12 6 0
6 10 12 7 0
6 10 12 8 0
6 10 12 9 0
6 10 12 10 0
6 10 12 11 0
6 10 12 12 0
6 10 12 13 0
6 10 12 14 0
6 10 12 15 0
6 10 13 0 0
6 10 13 1 0
6 10 13 2 0
6 10 13 3 0
6 10 13 4 0
6 10 13 5 0
6 10 13 6 0
6 10 13 7 0
6 10 13 8 0
6 10 13 9 0
6 10 13 10 0
6 10 13 11 0
6 10 13 12 0
6 10 13 13 0
6 10 13 14 0
6 10 13 15 0
6 10 14 0 0
6 10 14 1 0
6 10 14 2 0
6 10 14 3 0
6 10 14 4 0
6 10 14 5 0
6 10 14 6 0
6 10 14 7 0
6 10 14 8 0
6 10 14 9 0
6 10 14 10 0
6 10 14 11 0
6 10 14 12 0
6 10 14 13 0
6 10 14 14 0
6 10 14 15 0
6 10 15 0 0
6 10 15 1 0
6 10 15 2 0
6 10 15 3 0
6 10 15 4 0
6 10 15 5 0
6 10 15 6 0
6 10 15 7 0
6 10 15 8 0
6 10 15 9 0
6 10 15 10 0
6 10 15 11 0
6 10 15 12 0
6 10 15 13 0
6 10 15 14 0
6 10 15 15 0
6 11 0 0 0
6 11 0 1 0
6 11 0 2 0
6 11 0 3 0
6 11 0 4 0
6 11 0 5 0
6 11 0 6 0.001633156721388663
6 11 0 7 0
6 11 0 8 0
6 11 0 9 0
6 11 0 10 0
6 11 0 11 0
6 11 0 12 0
6 11 0 13 0.0001066631911930183
6 11 0 14 0
6 11 0 15 0
6 11 1 0 0
6 11 1 1 0
6 11 1 2 0
6 11 1 3 0
6 11 1 4 0
6 11 1 5 0
6 11 1 6 0
6 11 1 7 0
6 11 1 8 0
6 11 1 9 0
6 11 1 10 0
6 11 1 11 0
6 11 1 12 0
6 11 1 13 0
6 11 1 14 0
6 11 1 15 0
6 11 2 0 0
6 11 2 1 0
6 11 2 2 0
6 11 2 3 0
6 11 2 4 0
6 11 2 5 0
6 11 2 6 0.004040362513873673
6 11 2 7 0
6 11 2 8 0
6 11 2 9 0
6 11 2 10 0
6 11 2 11 0
6 11 2 12 0
6 11 2 13 0.0002951742179239154
6 11 2 14 0
6 11 2 15 0
6 11 3 0 0
6 11 3 1 0
6 11 3 2 0
6 11 3 3 0
6 11 3 4 0
6 11 3 5 0
6 11 3 6 0
6 11 3 7 -0.0009005896282465221
6 11 3 8 0
6 11 3 9 0
6 11 3 10 0
6 11 3 11 0
6 11 3 12 0
6 11 3 13 0
6 11 3 14 0
6 11 3 15 0
6 11 4 0 0
6 11 4 1 0
6 11 4 2 0
6 11 4 3 0
6 11 4 4 0
6 11 4 5 0
6 11 4 6 0
6 11 4 7 0
6 11 4 8 0
6 11 4 9 0
6 11 4 10 0
6 11 4 11 0
6 11 4 12 0
6 11 4 13 0
6 11 4 14 0
6 11 4 15 0
6 11 5 0 0
6 11 5 1 0
6 11 5 2 0
6 11 5 3 0
6 11 5 4 0
6 11 5 5 0
6 11 5 6 0
6 11 5 7 0
6 11 5 8 0
6 11 5 9 0
6 11 5 10 0
6 11 5 11 0
6 11 5 12 0
6 11 5 13 0
6 11 5 14 0
6 11 5 15 0
6 11 6 0 -0.004782626860835074
6 11 6 1 0
6 11 6 2 -0.0109148470248204
6 11 6 3 0
6 11 6 4 0
6 11 6 5 0
6 11 6 6 0
6 11 6 7 0
6 11 6 8 0
6 11 6 9 0
6 11 6 10 0
6 11 6 11 0.0002293950051942997
6 11 6 12 0
6 11 6 13 0
6 11 6 14 -0.000330678634116843
6 11 6 15 0
6 11 7 0 0
6 11 7 1 0
6 11 7 2 0
6 11 7 3 -0.002521246628625187
6 11 7 4 0
6 11 7 5 0
6 11 7 6 0
6 11 7 7 0
6 11 7 8 0
6 11 7 9 0
6 11 7 10 0
6 11 7 11 0
6 11 7 12 0
6 11 7 13 0
6 11 7 14 0
6 11 7 15 0
6 11 8 0 0
6 11 8 1 0
6 11 8 2 0
6 11 8 3 0
6 11 8 4 0
6 11 8 5 0
6 11 8 6 0
6 11 8 7 0
6 11 8 8 0
6 11 8 9 0
6 11 8 10 0
6 11 8 11 0
6 11 8 12 0
6 11 8 13 0
6 11 8 14 0
6 11 8 15 0
6 11 9 0 0
6 11 9 1 0
6 11 9 2 0
6 11 9 3 0
6 11 9 4 0
6 11 9 5 0
6 11 9 6 0
6 11 9 7 0
6 11 9 8 0
6 11 9 9 0
6 11 9 10 0
6 11 9 11 0
6 11 9 12 0
6 11 9 13 0
6 11 9 14 0
6 11 9 15 0
6 11 10 0 0
6 11 10 1 0
6 11 10 2 0
6 11 10 3 0
6 11 10 4 0
6 11 10 5 0
6 11 10 6 0
6 11 10 7 0
6 11 10 8 0
6 11 10 9 0
6 11 10 10 0
6 11 10 11 0
6 11 10 12 0
6 11 10 13 0
6 11 10 14 0
6 11 10 15 0
6 11 11 0 0
6 11 11 1 0
6 11 11 2 0
6 11 11 3 0
6 11 11 4 0
6 11 11 5 0
6 11 11 6 -4.039155261578921e-05
6 11 11 7 0
6 11 11 8 0
6 11 11 9 0
6 11 11 10 0
6 11 11 11 0
6 11 11 12 0
6 11 11 13 0
6 11 11 14 0
6 11 11 15 0
6 11 12 0 0
6 11 12 1 0
6 11 12 2 0
6 11 12 3 0
6 11 12 4 0
6 11 12 5 0
6 11 12 6 0
6 11 12 7 0
6 11 12 8 0
6 11 12 9 0
6 11 12 10 0
6 11 12 11 0
6 11 12 12 0
6 11 12 13 0
6 11 12 14 0
6 11 12 15 0
6 11 13 0 -0.000252295891708854
6 11 13 1 0
6 11 13 2 -0.0006584518467963494
6 11 13 3 0
6 11 13 4 0
6 11 13 5 0
6 11 13 6 0
6 11 13 7 0
6 11 13 8 0
6 11 13 9 0
6 11 13 10 0
6 11 13 11 0
6 11 13 12 0
6 11 13 13 0
6 11 13 14 0
6 11 13 15 0
6 11 14 0 0
6 11 14 1 0
6 11 14 2 0
6 11 14 3 0
6 11 14 4 0
6 11 14 5 0
6 11 14 6 -1.735490966339769e-05
6 11 14 7 0
6 11 14 8 0
6 11 14 9 0
6 11 14 10 0
6 11 14 11 0
6 11 14 12 0
6 11 14 13 0
6 11 14 14 0
6 11 14 15 0
6 11 15 0 0
6 11 15 1 0
6 11 15 2 0
6 11 15 3 0
6 11 15 4 0
6 11 15 5 0
6 11 15 6 0
6 11 15 7 0
6 11 15 8 0
6 11 15 9 0
6 11 15 10 0
6 11 15 11 0
6 11 15 12 0
6 11 15 13 0
6 11 15 14 0
6 11 15 15 0
6 12 0 0 0
6 12 0 1 0
6 12 0 2 0
6 12 0 3 0
6 12 0 4 0
6 12 0 5 0
6 12 0 6 0
6 12 0 7 0
6 12 0 8 0
6 12 0 9 0
6 12 0 10 0
6 12 0 11 0
6 12 0 12 0
6 12 0 13 0
6 12 0 14 0
6 12 0 15 0
6 12 1 0 0
6 12 1 1 0
6 12 1 2 0
6 12 1 3 0
6 12 1 4 0
6 12 1 5 0
6 12 1 6 0
6 12 1 7 0
6 12 1 8 0
6 12 1 9 0
6 12 1 10 0
6 12 1 11 0
6 12 1 12 0
6 12 1 13 0
6 12 1 14 0
6 12 1 15 0
6 12 2 0 0
6 12 2 1 0
6 12 2 2 0
6 12 2 3 0
6 12 2 4 0
6 12 2 5 0
6 12 2 6 0
6 12 2 7 0
6 12 2 8 0
6 12 2 9 0
6 12 2 10 0
6 12 2 11 0
6 12 2 12 0
6 12 2 13 0
6 12 2 14 0
6 12 2 15 0
6 12 3 0 0
6 12 3 1 0
6 12 3 2 0
6 12 3 3 0
6 12 3 4 -0.002595996656309945
6 12 3 5 0
6 12 3 6 0
6 12 3 7 0
6 12 3 8 0
6 12 3 9 -0.000154383219060689
6 12 3 10 0
6 12 3 11 0
6 12 3 12 0
6 12 3 13 0
6 12 3 14 0
6 12 3 15 0
6 12 4 0 0
6 12 4 1 0
6 12 4 2 0
6 12 4 3 -0.02645973685373743
6 12 4 4 0
6 12 4 5 0
6 12 4 6 0
6 12 4 7 0
6 12 4 8 -0.001755245667331402
6 12 4 9 0
6 12 4 10 0
6 12 4 11 0
6 12 4 12 0
6 12 4 13 0
6 12 4 14 0
6 12 4 15 0
6 12 5 0 0
6 12 5 1 0
6 12 5 2 0
6 12 5 3 0
6 12 5 4 0
6 12 5 5 0
6 12 5 6 0.008012134893015417
6 12 5 7 0
6 12 5 8 0
6 12 5 9 0
6 12 5 10 0
6 12 5 11 0
6 12 5 12 0
6 12 5 13 0.001013789717954847
6 12 5 14 0
6 12 5 15 0
6 12 6 0 0
6 12 6 1 0
6 12 6 2 0
6 12 6 3 0
6 12 6 4 0
6 12 6 5 0.02043632357037963
6 12 6 6 0
6 12 6 7 0
6 12 6 8 0
6 12 6 9 0
6 12 6 10 0
6 12 6 11 0
6 12 6 12 0.001410794875714816
6 12 6 13 0
6 12 6 14 0
6 12 6 15 0
6 12 7 0 0
6 12 7 1 0
6 12 7 2 0
6 12 7 3 0
6 12 7 4 0
6 12 7 5 0
6 12 7 6 0
6 12 7 7 0
6 12 7 8 0
6 12 7 9 0
6 12 7 10 0
6 12 7 11 0
6 12 7 12 0
6 12 7 13 0
6 12 7 14 0
6 12 7 15 0
6 12 8 0 0
6 12 8 1 0
6 12 8 2 0
6 12 8 3 0
6 12 8 4 -0.0001722092668034685
6 12 8 5 0
6 12 8 6 0
6 12 8 7 0
6 12 8 8 0
6 12 8 9 0
6 12 8 10 0
6 12 8 11 0
6 12 8 12 0
6 12 8 13 0
6 12 8 14 0
6 12 8 15 0
6 12 9 0 0
6 12 9 1 0
6 12 9 2 0
6 12 9 3 -0.001573553394627723
6 12 9 4 0
6 12 9 5 0
6 12 9 6 0
6 12 9 7 0
6 12 9 8 0
6 12 9 9 0
6 12 9 10 0
6 12 9 11 0
6 12 9 12 0
6 12 9 13 0
6 12 9 14 0
6 12 9 15 0
6 12 10 0 0
6 12 10 1 0
6 12 10 2 0
6 12 10 3 0
6 12 10 4 0
6 12 10 5 0
6 12 10 6 0
6 12 10 7 0
6 12 10 8 0
6 12 10 9 0
6 12 10 10 0
6 12 10 11 0
6 12 10 12 0
6 12 10 13 0
6 12 10 14 0
6 12 10 15 0
6 12 11 0 0
6 12 11 1 0
6 12 11 2 0
6 12 11 3 0
6 12 11 4 0
6 12 11 5 0
6 12 11 6 0
6 12 11 7 0
6 12 11 8 0
6 12 11 9 0
6 12 11 10 0
6 12 11 11 0
6 12 11 12 0
6 12 11 13 0
6 12 11 14 0
6 12 11 15 0
6 12 12 0 0
6 12 12 1 0
6 12 12 2 0
6 12 12 3 0
6 12 12 4 0
6 12 12 5 0
6 12 12 6 0.0008928265610284639
6 12 12 7 0
6 12 12 8 0
6 12 12 9 0
6 12 12 10 0
6 12 12 11 0
6 12 12 12 0
6 12 12 13 0
6 12 12 14 0
6 12 12 15 0
6 12 13 0 0
6 12 13 1 0
6 12 13 2 0
6 12 13 3 0
6 12 13 4 0
6 12 13 5 0.001429268065734163
6 12 13 6 0
6 12 13 7 0
6 12 13 8 0
6 12 13 9 0
6 12 13 10 0
6 12 13 11 0
6 12 13 12 0
6 12 13 13 0
6 12 13 14 0
6 12 13 15 0
6 12 14 0 0
6 12 14 1 0
6 12 14 2 0
6 12 14 3 0
6 12 14 4 0
6 12 14 5 0
6 12 14 6 0
6 12 14 7 0
6 12 14 8 0
6 12 14 9 0
6 12 14 10 0
6 12 14 11 0
6 12 14 12 0
6 12 14 13 0
6 12 14 14 0
6 12 14 15 0
6 12 15 0 0
6 12 15 1 0
6 12 15 2 0
6 12 15 3 0
6 12 15 4 0
6 12 15 5 0
6 12 15 6 0
6 12 15 7 0
6 12 15 8 0
6 12 15 9 0
6 12 15 10 0
6 12 15 11 0
6 12 15 12 0
6 12 15 13 0
6 12 15 14 0
6 12 15 15 0
6 13 0 0 0
6 13 0 1 0
6 13 0 2 0
6 13 0 3 0
6 13 0 4 0
6 13 0 5 0
6 13 0 6 0
6 13 0 7 0
6 13 0 8 0
6 13 0 9 0
6 13 0 10 0
6 13 0 11 0
6 13 0 12 0
6 13 0 13 0
6 13 0 14 0
6 13 0 15 0
6 13 1 0 0
6 13 1 1 0
6 13 1 2 0
6 13 1 3 0
6 13 1 4 0
6 13 1 5 0
6 13 1 6 0
6 13 1 7 0
6 13 1 8 0
6 13 1 9 0
6 13 1 10 0
6 13 1 11 0
6 13 1 12 0
6 13 1 13 0
6 13 1 14 0
6 13 1 15 0
6 13 2 0 0
6 13 2 1 0
6 13 2 2 0
6 13 2 3 0
6 13 2 4 0
6 13 2 5 0
6 13 2 6 0
6 13 2 7 0
6 13 2 8 0
6 13 2 9 0
6 13 2 10 0
6 13 2 11 0
6 13 2 12 0
6 13 2 13 0
6 13 2 14 0
6 13 2 15 0
6 13 3 0 0
6 13 3 1 0
6 13 3 2 0
6 13 3 3 -0.02544979173582283
6 13 3 4 0
6 13 3 5 0
6 13 3 6 0
6 13 3 7 0
6 13 3 8 -0.001688249468455308
6 13 3 9 0
6 13 3 10 0
6 13 3 11 0
6 13 3 12 0
6 13 3 13 0
6 13 3 14 0
6 13 3 15 0
6 13 4 0 0
6 13 4 1 0
6 13 4 2 0
6 13 4 3 0
6 13 4 4 0
6 13 4 5 0
6 13 4 6 0
6 13 4 7 0
6 13 4 8 0
6 13 4 9 0
6 13 4 10 0
6 13 4 11 0
6 13 4 12 0
6 13 4 13 0
6 13 4 14 0
6 13 4 15 0
6 13 5 0 0
6 13 5 1 0
6 13 5 2 0
6 13 5 3 0
6 13 5 4 0
6 13 5 5 0
6 13 5 6 0
6 13 5 7 0
6 13 5 8 0
6 13 5 9 0
6 13 5 10 0
6 13 5 11 0
6 13 5 12 0
6 13 5 13 0
6 13 5 14 0
6 13 5 15 0
6 13 6 0 0
6 13 6 1 0
6 13 6 2 0
6 13 6 3 0
6 13 6 4 0
6 13 6 5 0
6 13 6 6 0.02173244948516423
6 13 6 7 0
6 13 6 8 0
6 13 6 9 0
6 13 6 10 0
6 13 6 11 0
6 13 6 12 0
6 13 6 13 0.001767322837168303
6 13 6 14 0
6 13 6 15 0
6 13 7 0 0
6 13 7 1 0
6 13 7 2 0
6 13 7 3 0
6 13 7 4 0
6 13 7 5 0
6 13 7 6 0
6 13 7 7 0
6 13 7 8 0
6 13 7 9 0
6 13 7 10 0
6 13 7 11 0
6 13 7 12 0
6 13 7 13 0
6 13 7 14 0
6 13 7 15 0
6 13 8 0 0
6 13 8 1 0
6 13 8 2 0
6 13 8 3 -0.001688249468455308
6 13 8 4 0
6 13 8 5 0
6 13 8 6 0
6 13 8 7 0
6 13 8 8 0
6 13 8 9 0
6 13 8 10 0
6 13 8 11 0
6 13 8 12 0
6 13 8 13 0
6 13 8 14 0
6 13 8 15 0
6 13 9 0 0
6 13 9 1 0
6 13 9 2 0
6 13 9 3 0
6 13 9 4 0
6 13 9 5 0
6 13 9 6 0
6 13 9 7 0
6 13 9 8 0
6 13 9 9 0
6 13 9 10 0
6 13 9 11 0
6 13 9 12 0
6 13 9 13 0
6 13 9 14 0
6 13 9 15 0
6 13 10 0 0
6 13 10 1 0
6 13 10 2 0
6 13 10 3 0
6 13 10 4 0
6 13 10 5 0
6 13 10 6 0
6 13 10 7 0
6 13 10 8 0
6 13 10 9 0
6 13 10 10 0
6 13 10 11 0
6 13 10 12 0
6 13 10 13 0
6 13 10 14 0
6 13 10 15 0
6 13 11 0 0
6 13 11 1 0
6 13 11 2 0
6 13 11 3 0
6 13 11 4 0
6 13 11 5 0
6 13 11 6 0
6 13 11 7 0
6 13 11 8 0
6 13 11 9 0
6 13 11 10 0
6 13 11 11 0
6 13 11 12 0
6 13 11 13 0
6 13 11 14 0
6 13 11 15 0
6 13 12 0 0
6 13 12 1 0
6 13 12 2 0
6 13 12 3 0
6 13 12 4 0
6 13 12 5 0
6 13 12 6 0
6 13 12 7 0
6 13 12 8 0
6 13 12 9 0
6 13 12 10 0
6 13 12 11 0
6 13 12 12 0
6 13 12 13 0
6 13 12 14 0
6 13 12 15 0
6 13 13 0 0
6 13 13 1 0
6 13 13 2 0
6 13 13 3 0
6 13 13 4 0
6 13 13 5 0
6 13 13 6 0.001767322837168303
6 13 13 7 0
6 13 13 8 0
6 13 13 9 0
6 13 13 10 0
6 13 13 11 0
6 13 13 12 0
6 13 13 13 0
6 13 13 14 0
6 13 13 15 0
6 13 14 0 0
6 13 14 1 0
6 13 14 2 0
6 13 14 3 0
6 13 14 4 0
6 13 14 5 0
6 13 14 6 0
6 13 14 7 0
6 13 14 8 0
6 13 14 9 0
6 13 14 10 0
6 13 14 11 0
6 13 14 12 0
6 13 14 13 0
6 13 14 14 0
6 13 14 15 0
6 13 15 0 0
6 13 15 1 0
6 13 15 2 0
6 13 15 3 0
6 13 15 4 0
6 13 15 5 0
6 13 15 6 0
6 13 15 7 0
6 13 15 8 0
6 13 15 9 0
6 13 15 10 0
6 13 15 11 0
6 13 15 12 0
6 13 15 13 0
6 13 15 14 0
6 13 15 15 0
6 14 0 0 0
6 14 0 1 0
6 14 0 2 0
6 14 0 3 0
6 14 0 4 0
6 14 0 5 0
6 14 0 6 0
6 14 0 7 0
6 14 0 8 0
6 14 0 9 0
6 14 0 10 0
6 14 0 11 0
6 14 0 12 0
6 14 0 13 0
6 14 0 14 0
6 14 0 15 0
6 14 1 0 0
6 14 1 1 0
6 14 1 2 0
6 14 1 3 0
6 14 1 4 0
6 14 1 5 0
6 14 1 6 0
6 14 1 7 0
6 14 1 8 0
6 14 1 9 0
6 14 1 10 0
6 14 1 11 0
6 14 1 12 0
6 14 1 13 0
6 14 1 14 0
6 14 1 15 0
6 14 2 0 0
6 14 2 1 0
6 14 2 2 0
6 14 2 3 0
6 14 2 4 0
6 14 2 5 0
6 14 2 6 -0.008867070646489188
6 14 2 7 0
6 14 2 8 0
6 14 2 9 0
6 14 2 10 0
6 14 2 11 0
6 14 2 12 0
6 14 2 13 -0.0007832571792022944
6 14 2 14 0
6 14 2 15 0
6 14 3 0 0
6 14 3 1 0
6 14 3 2 0
6 14 3 3 0
6 14 3 4 0
6 14 3 5 0
6 14 3 6 0
6 14 3 7 0.002127591251836776
6 14 3 8 0
6 14 3 9 0
6 14 3 10 0
6 14 3 11 0
6 14 3 12 0
6 14 3 13 0
6 14 3 14 0
6 14 3 15 0
6 14 4 0 0
6 14 4 1 0
6 14 4 2 0
6 14 4 3 0
6 14 4 4 0
6 14 4 5 0
6 14 4 6 0
6 14 4 7 0
6 14 4 8 0
6 14 4 9 0
6 14 4 10 0
6 14 4 11 0
6 14 4 12 0
6 14 4 13 0
6 14 4 14 0
6 14 4 15 0
6 14 5 0 0
6 14 5 1 0
6 14 5 2 0
6 14 5 3 0
6 14 5 4 0
6 14 5 5 0
6 14 5 6 0
6 14 5 7 0
6 14 5 8 0
6 14 5 9 0
6 14 5 10 0
6 14 5 11 0
6 14 5 12 0
6 14 5 13 0
6 14 5 14 0
6 14 5 15 0
6 14 6 0 0
6 14 6 1 0
6 14 6 2 0.02697253727729214
6 14 6 3 0
6 14 6 4 0
6 14 6 5 0
6 14 6 6 0
6 14 6 7 0
6 14 6 8 0
6 14 6 9 0
6 14 6 10 0
6 14 6 11 -0.000330678634116843
6 14 6 12 0
6 14 6 13 0
6 14 6 14 0.0008396493892870167
6 14 6 15 0
6 14 7 0 0
6 14 7 1 0
6 14 7 2 0
6 14 7 3 0.005984087163049588
6 14 7 4 0
6 14 7 5 0
6 14 7 6 0
6 14 7 7 0
6 14 7 8 0
6 14 7 9 0
6 14 7 10 0
6 14 7 11 0
6 14 7 12 0
6 14 7 13 0
6 14 7 14 0
6 14 7 15 0
6 14 8 0 0
6 14 8 1 0
6 14 8 2 0
6 14 8 3 0
6 14 8 4 0
6 14 8 5 0
6 14 8 6 0
6 14 8 7 0
6 14 8 8 0
6 14 8 9 0
6 14 8 10 0
6 14 8 11 0
6 14 8 12 0
6 14 8 13 0
6 14 8 14 0
6 14 8 15 0
6 14 9 0 0
6 14 9 1 0
6 14 9 2 0
6 14 9 3 0
6 14 9 4 0
6 14 9 5 0
6 14 9 6 0
6 14 9 7 0
6 14 9 8 0
6 14 9 9 0
6 14 9 10 0
6 14 9 11 0
6 14 9 12 0
6 14 9 13 0
6 14 9 14 0
6 14 9 15 0
6 14 10 0 0
6 14 10 1 0
6 14 10 2 0
6 14 10 3 0
6 14 10 4 0
6 14 10 5 0
6 14 10 6 0
6 14 10 7 0
6 14 10 8 0
6 14 10 9 0
6 14 10 10 0
6 14 10 11 0
6 14 10 12 0
6 14 10 13 0
6 14 10 14 0
6 14 10 15 0
6 14 11 0 0
6 14 11 1 0
6 14 11 2 0
6 14 11 3 0
6 14 11 4 0
6 14 11 5 0
6 14 11 6 -1.735490966339769e-05
6 14 11 7 0
6 14 11 8 0
6 14 11 9 0
6 14 11 10 0
6 14 11 11 0
6 14 11 12 0
6 14 11 13 0
6 14 11 14 0
6 14 11 15 0
6 14 12 0 0
6 14 12 1 0
6 14 12 2 0
6 14 12 3 0
6 14 12 4 0
6 14 12 5 0
6 14 12 6 0
6 14 12 7 0
6 14 12 8 0
6 14 12 9 0
6 14 12 10 0
6 14 12 11 0
6 14 12 12 0
6 14 12 13 0
6 14 12 14 0
6 14 12 15 0
6 14 13 0 0
6 14 13 1 0
6 14 13 2 0.001735606171232518
6 14 13 3 0
6 14 13 4 0
6 14 13 5 0
6 14 13 6 0
6 14 13 7 0
6 14 13 8 0
6 14 13 9 0
6 14 13 10 0
6 14 13 11 0
6 14 13 12 0
6 14 13 13 0
6 14 13 14 0
6 14 13 15 0
6 14 14 0 0
6 14 14 1 0
6 14 14 2 0
6 14 14 3 0
6 14 14 4 0
6 14 14 5 0
6 14 14 6 9.902718993800075e-05
6 14 14 7 0
6 14 14 8 0
6 14 14 9 0
6 14 14 10 0
6 14 14 11 0
6 14 14 12 0
6 14 14 13 0
6 14 14 14 0
6 14 14 15 0
6 14 15 0 0
6 14 15 1 0
6 14 15 2 0
6 14 15 3 0
6 14 15 4 0
6 14 15 5 0
6 14 15 6 0
6 14 15 7 0
6 14 15 8 0
6 14 15 9 0
6 14 15 10 0
6 14 15 11 0
6 14 15 12 0
6 14 15 13 0
6 14 15 14 0
6 14 15 15 0
6 15 0 0 0
6 15 0 1 0
6 15 0 2 0
6 15 0 3 0
6 15 0 4 0
6 15 0 5 0
6 15 0 6 0
6 15 0 7 0
6 15 0 8 0
6 15 0 9 0
6 15 0 10 0
6 15 0 11 0
6 15 0 12 0
6 15 0 13 0
6 15 0 14 0
6 15 0 15 0
6 15 1 0 0
6 15 1 1 0
6 15 1 2 0
6 15 1 3 0
6 15 1 4 0
6 15 1 5 0
6 15 1 6 -0.002867133547308154
6 15 1 7 0
6 15 1 8 0
6 15 1 9 0
6 15 1 10 0
6 15 1 11 0
6 15 1 12 0
6 15 1 13 -0.0001668691174782631
6 15 1 14 0
6 15 1 15 0
6 15 2 0 0
6 15 2 1 0
6 15 2 2 0
6 15 2 3 0
6 15 2 4 0
6 15 2 5 0
6 15 2 6 0
6 15 2 7 0
6 15 2 8 0
6 15 2 9 0
6 15 2 10 0
6 15 2 11 0
6 15 2 12 0
6 15 2 13 0
6 15 2 14 0
6 15 2 15 0
6 15 3 0 0
6 15 3 1 0
6 15 3 2 0
6 15 3 3 0
6 15 3 4 0
6 15 3 5 0
6 15 3 6 0
6 15 3 7 0
6 15 3 8 0
6 15 3 9 0
6 15 3 10 0
6 15 3 11 0
6 15 3 12 0
6 15 3 13 0
6 15 3 14 0
6 15 3 15 0
6 15 4 0 0
6 15 4 1 0
6 15 4 2 0
6 15 4 3 0
6 15 4 4 0
6 15 4 5 0
6 15 4 6 0
6 15 4 7 0
6 15 4 8 0
6 15 4 9 0
6 15 4 10 0
6 15 4 11 0
6 15 4 12 0
6 15 4 13 0
6 15 4 14 0
6 15 4 15 0
6 15 5 0 0
6 15 5 1 0
6 15 5 2 0
6 15 5 3 0
6 15 5 4 0
6 15 5 5 0
6 15 5 6 0
6 15 5 7 0
6 15 5 8 0
6 15 5 9 0
6 15 5 10 0
6 15 5 11 0
6 15 5 12 0
6 15 5 13 0
6 15 5 14 0
6 15 5 15 0
6 15 6 0 0
6 15 6 1 0.004941648595035663
6 15 6 2 0
6 15 6 3 0
6 15 6 4 0
6 15 6 5 0
6 15 6 6 0
6 15 6 7 0
6 15 6 8 0
6 15 6 9 0
6 15 6 10 0
6 15 6 11 0
6 15 6 12 0
6 15 6 13 0
6 15 6 14 0
6 15 6 15 3.878191351582094e-05
6 15 7 0 0
6 15 7 1 0
6 15 7 2 0
6 15 7 3 0
6 15 7 4 0
6 15 7 5 0
6 15 7 6 0
6 15 7 7 0
6 15 7 8 0
6 15 7 9 0
6 15 7 10 0
6 15 7 11 0
6 15 7 12 0
6 15 7 13 0
6 15 7 14 0
6 15 7 15 0
6 15 8 0 0
6 15 8 1 0
6 15 8 2 0
6 15 8 3 0
6 15 8 4 0
6 15 8 5 0
6 15 8 6 0
6 15 8 7 0
6 15 8 8 0
6 15 8 9 0
6 15 8 10 0
6 15 8 11 0
6 15 8 12 0
6 15 8 13 0
6 15 8 14 0
6 15 8 15 0
6 15 9 0 0
6 15 9 1 0
6 15 9 2 0
6 15 9 3 0
6 15 9 4 0
6 15 9 5 0
6 15 9 6 0
6 15 9 7 0
6 15 9 8 0
6 15 9 9 0
6 15 9 10 0
6 15 9 11 0
6 15 9 12 0
6 15 9 13 0
6 15 9 14 0
6 15 9 15 0
6 15 10 0 0
6 15 10 1 0
6 15 10 2 0
6 15 10 3 0
6 15 10 4 0
6 15 10 5 0
6 15 10 6 0
6 15 10 7 0
6 15 10 8 0
6 15 10 9 0
6 15 10 10 0
6 15 10 11 0
6 15 10 12 0
6 15 10 13 0
6 15 10 14 0
6 15 10 15 0
6 15 11 0 0
6 15 11 1 0
6 15 11 2 0
6 15 11 3 0
6 15 11 4 0
6 15 11 5 0
6 15 11 6 0
6 15 11 7 0
6 15 11 8 0
6 15 11 9 0
6 15 11 10 0
6 15 11 11 0
6 15 11 12 0
6 15 11 13 0
6 15 11 14 0
6 15 11 15 0
6 15 12 0 0
6 15 12 1 0
6 15 12 2 0
6 15 12 3 0
6 15 12 4 0
6 15 12 5 0
6 15 12 6 0
6 15 12 7 0
6 15 12 8 0
6 15 12 9 0
6 15 12 10 0
6 15 12 11 0
6 15 12 12 0
6 15 12 13 0
6 15 12 14 0
6 15 12 15 0
6 15 13 0 0
6 15 13 1 0.0003084617518769588
6 15 13 2 0
6 15 13 3 0
6 15 13 4 0
6 15 13 5 0
6 15 13 6 0
6 15 13 7 0
6 15 13 8 0
6 15 13 9 0
6 15 13 10 0
6 15 13 11 0
6 15 13 12 0
6 15 13 13 0
6 15 13 14 0
6 15 13 15 0
6 15 14 0 0
6 15 14 1 0
6 15 14 2 0
6 15 14 3 0
6 15 14 4 0
6 15 14 5 0
6 15 14 6 0
6 15 14 7 0
6 15 14 8 0
6 15 14 9 0
6 15 14 10 0
6 15 14 11 0
6 15 14 12 0
6 15 14 13 0
6 15 14 14 0
6 15 14 15 0
6 15 15 0 0
6 15 15 1 0
6 15 15 2 0
6 15 15 3 0
6 15 15 4 0
6 15 15 5 0
6 15 15 6 -2.47207388851422e-05
6 15 15 7 0
6 15 15 8 0
6 15 15 9 0
6 15 15 10 0
6 15 15 11 0
6 15 15 12 0
6 15 15 13 0
6 15 15 14 0
6 15 15 15 0
7 0 0 0 0
7 0 0 1 0
7 0 0 2 0
7 0 0 3 0
7 0 0 4 0
7 0 0 5 0
7 0 0 6 0
7 0 0 7 -0.3607335258181116
7 0 0 8 0
7 0 0 9 0
7 0 0 10 0
7 0 0 11 0
7 0 0 12 0
7 0 0 13 0
7 0 0 14 0
7 0 0 15 0
7 0 1 0 0
7 0 1 1 0
7 0 1 2 0
7 0 1 3 0
7 0 1 4 0
7 0 1 5 0
7 0 1 6 0
7 0 1 7 0
7 0 1 8 0
7 0 1 9 0
7 0 1 10 0
7 0 1 11 0
7 0 1 12 0
7 0 1 13 0
7 0 1 14 0
7 0 1 15 0
7 0 2 0 0
7 0 2 1 0
7 0 2 2 0
7 0 2 3 0
7 0 2 4 0
7 0 2 5 0
7 0 2 6 0
7 0 2 7 0
7 0 2 8 0
7 0 2 9 0
7 0 2 10 0
7 0 2 11 0
7 0 2 12 0
7 0 2 13 0
7 0 2 14 0
7 0 2 15 0
7 0 3 0 0
7 0 3 1 0
7 0 3 2 0
7 0 3 3 0
7 0 3 4 0
7 0 3 5 0
7 0 3 6 0
7 0 3 7 0
7 0 3 8 0
7 0 3 9 0
7 0 3 10 0
7 0 3 11 0
7 0 3 12 0
7 0 3 13 0
7 0 3 14 0
7 0 3 15 0
7 0 4 0 0
7 0 4 1 0
7 0 4 2 0
7 0 4 3 0
7 0 4 4 0
7 0 4 5 0
7 0 4 6 0
7 0 4 7 0
7 0 4 8 0
7 0 4 9 0
7 0 4 10 0
7 0 4 11 0
7 0 4 12 0
7 0 4 13 0
7 0 4 14 0
7 0 4 15 0
7 0 5 0 0
7 0 5 1 0
7 0 5 2 0
7 0 5 3 0
7 0 5 4 0
7 0 5 5 0
7 0 5 6 0
7 0 5 7 0
7 0 5 8 0
7 0 5 9 0
7 0 5 10 0
7 0 5 11 0
7 0 5 12 0
7 0 5 13 0
7 0 5 14 0
7 0 5 15 0
7 0 6 0 0
7 0 6 1 0
7 0 6 2 0
7 0 6 3 0
7 0 6 4 0
7 0 6 5 0
7 0 6 6 0
7 0 6 7 0
7 0 6 8 0
7 0 6 9 0
7 0 6 10 0
7 0 6 11 0
7 0 6 12 0
7 0 6 13 0
7 0 6 14 0
7 0 6 15 0
7 0 7 0 0.7214670516362233
7 0 7 1 0
7 0 7 2 0
7 0 7 3 0
7 0 7 4 0
7 0 7 5 0
7 0 7 6 0
7 0 7 7 0
7 0 7 8 0
7 0 7 9 0
7 0 7 10 0
7 0 7 11 -0.001588895711376255
7 0 7 12 0
7 0 7 13 0
7 0 7 14 0
7 0 7 15 0
7 0 8 0 0
7 0 8 1 0
7 0 8 2 0
7 0 8 3 0
7 0 8 4 0
7 0 8 5 0
7 0 8 6 0
7 0 8 7 0
7 0 8 8 0
7 0 8 9 0
7 0 8 10 0
7 0 8 11 0
7 0 8 12 0
7 0 8 13 0
7 0 8 14 0
7 0 8 15 0
7 0 9 0 0
7 0 9 1 0
7 0 9 2 0
7 0 9 3 0
7 0 9 4 0
7 0 9 5 0
7 0 9 6 0
7 0 9 7 0
7 0 9 8 0
7 0 9 9 0
7 0 9 10 0
7 0 9 11 0
7 0 9 12 0
7 0 9 13 0
7 0 9 14 0
7 0 9 15 0
7 0 10 0 0
7 0 10 1 0
7 0 10 2 0
7 0 10 3 0
7 0 10 4 0
7 0 10 5 0
7 0 10 6 0
7 0 10 7 0
7 0 10 8 0
7 0 10 9 0
7 0 10 10 0
7 0 10 11 0
7 0 10 12 0
7 0 10 13 0
7 0 10 14 0
7 0 10 15 0
7 0 11 0 0
7 0 11 1 0
7 0 11 2 0
7 0 11 3 0
7 0 11 4 0
7 0 11 5 0
7 0 11 6 0
7 0 11 7 0.0007944478556881276
7 0 11 8 0
7 0 11 9 0
7 0 11 10 0
7 0 11 11 0
7 0 11 12 0
7 0 11 13 0
7 0 11 14 0
7 0 11 15 0
7 0 12 0 0
7 0 12 1 0
7 0 12 2 0
7 0 12 3 0
7 0 12 4 0
7 0 12 5 0
7 0 12 6 0
7 0 12 7 0
7 0 12 8 0
7 0 12 9 0
7 0 12 10 0
7 0 12 11 0
7 0 12 12 0
7 0 12 13 0
7 0 12 14 0
7 0 12 15 0
7 0 13 0 0
7 0 13 1 0
7 0 13 2 0
7 0 13 3 0
7 0 13 4 0
7 0 13 5 0
7 0 13 6 0
7 0 13 7 0
7 0 13 8 0
7 0 13 9 0
7 0 13 10 0
7 0 13 11 0
7 0 13 12 0
7 0 13 13 0
7 0 13 14 0
7 0 13 15 0
7 0 14 0 0
7 0 14 1 0
7 0 14 2 0
7 0 14 3 0
7 0 14 4 0
7 0 14 5 0
7 0 14 6 0
7 0 14 7 0
7 0 14 8 0
7 0 14 9 0
7 0 14 10 0
7 0 14 11 0
7 0 14 12 0
7 0 14 13 0
7 0 14 14 0
7 0 14 15 0
7 0 15 0 0
7 0 15 1 0
7 0 15 2 0
7 0 15 3 0
7 0 15 4 0
7 0 15 5 0
7 0 15 6 0
7 0 15 7 0
7 0 15 8 0
7 0 15 9 0
7 0 15 10 0
7 0 15 11 0
7 0 15 12 0
7 0 15 13 0
7 0 15 14 0
7 0 15 15 0
7 1 0 0 0
7 1 0 1 0
7 1 0 2 0
7 1 0 3 0
7 1 0 4 0
7 1 0 5 0
7 1 0 6 0
7 1 0 7 0
7 1 0 8 0
7 1 0 9 0
7 1 0 10 0
7 1 0 11 0
7 1 0 12 0
7 1 0 13 0
7 1 0 14 0
7 1 0 15 0
7 1 1 0 0
7 1 1 1 0
7 1 1 2 0
7 1 1 3 0
7 1 1 4 0
7 1 1 5 0
7 1 1 6 0
7 1 1 7 -0.3607397386915023
7 1 1 8 0
7 1 1 9 0
7 1 1 10 0
7 1 1 11 0
7 1 1 12 0
7 1 1 13 0
7 1 1 14 0
7 1 1 15 0
7 1 2 0 0
7 1 2 1 0
7 1 2 2 0
7 1 2 3 0
7 1 2 4 0
7 1 2 5 0
7 1 2 6 0
7 1 2 7 0
7 1 2 8 0
7 1 2 9 0
7 1 2 10 0
7 1 2 11 0
7 1 2 12 0
7 1 2 13 0
7 1 2 14 0
7 1 2 15 0
7 1 3 0 0
7 1 3 1 0
7 1 3 2 0
7 1 3 3 0
7 1 3 4 0
7 1 3 5 0
7 1 3 6 0
7 1 3 7 0
7 1 3 8 0
7 1 3 9 0
7 1 3 10 0
7 1 3 11 0
7 1 3 12 0
7 1 3 13 0
7 1 3 14 0
7 1 3 15 0
7 1 4 0 0
7 1 4 1 0
7 1 4 2 0
7 1 4 3 0
7 1 4 4 0
7 1 4 5 0
7 1 4 6 0
7 1 4 7 0
7 1 4 8 0
7 1 4 9 0
7 1 4 10 0
7 1 4 11 0
7 1 4 12 0
7 1 4 13 0
7 1 4 14 0
7 1 4 15 0
7 1 5 0 0
7 1 5 1 0
7 1 5 2 0
7 1 5 3 0
7 1 5 4 0
7 1 5 5 0
7 1 5 6 0
7 1 5 7 0
7 1 5 8 0
7 1 5 9 0
7 1 5 10 0
7 1 5 11 0
7 1 5 12 0
7 1 5 13 0
7 1 5 14 0
7 1 5 15 0
7 1 6 0 0
7 1 6 1 0
7 1 6 2 0
7 1 6 3 0
7 1 6 4 0
7 1 6 5 0
7 1 6 6 0
7 1 6 7 0
7 1 6 8 0
7 1 6 9 0
7 1 6 10 0
7 1 6 11 0
7 1 6 12 0
7 1 6 13 0
7 1 6 14 0
7 1 6 15 0
7 1 7 0 0
7 1 7 1 0.7214794773830047
7 1 7 2 0
7 1 7 3 0
7 1 7 4 0
7 1 7 5 0
7 1 7 6 0
7 1 7 7 0
7 1 7 8 0
7 1 7 9 0
7 1 7 10 0
7 1 7 11 0
7 1 7 12 0
7 1 7 13 0
7 1 7 14 0
7 1 7 15 0
7 1 8 0 0
7 1 8 1 0
7 1 8 2 0
7 1 8 3 0
7 1 8 4 0
7 1 8 5 0
7 1 8 6 0
7 1 8 7 0
7 1 8 8 0
7 1 8 9 0
7 1 8 10 0
7 1 8 11 0
7 1 8 12 0
7 1 8 13 0
7 1 8 14 0
7 1 8 15 0
7 1 9 0 0
7 1 9 1 0
7 1 9 2 0
7 1 9 3 0
7 1 9 4 0
7 1 9 5 0
7 1 9 6 0
7 1 9 7 0
7 1 9 8 0
7 1 9 9 0
7 1 9 10 0
7 1 9 11 0
7 1 9 12 0
7 1 9 13 0
7 1 9 14 0
7 1 9 15 0
7 1 10 0 0
7 1 10 1 0
7 1 10 2 0
7 1 10 3 0
7 1 10 4 0
7 1 10 5 0
7 1 10 6 0
7 1 10 7 0
7 1 10 8 0
7 1 10 9 0
7 1 10 10 0
7 1 10 11 0
7 1 10 12 0
7 1 10 13 0
7 1 10 14 0
7 1 10 15 0
7 1 11 0 0
7 1 11 1 0
7 1 11 2 0
7 1 11 3 0
7 1 11 4 0
7 1 11 5 0
7 1 11 6 0
7 1 11 7 0
7 1 11 8 0
7 1 11 9 0
7 1 11 10 0
7 1 11 11 0
7 1 11 12 0
7 1 11 13 0
7 1 11 14 0
7 1 11 15 0
7 1 12 0 0
7 1 12 1 0
7 1 12 2 0
7 1 12 3 0
7 1 12 4 0
7 1 12 5 0
7 1 12 6 0
7 1 12 7 0
7 1 12 8 0
7 1 12 9 0
7 1 12 10 0
7 1 12 11 0
7 1 12 12 0
7 1 12 13 0
7 1 12 14 0
7 1 12 15 0
7 1 13 0 0
7 1 13 1 0
7 1 13 2 0
7 1 13 3 0
7 1 13 4 0
7 1 13 5 0
7 1 13 6 0
7 1 13 7 0
7 1 13 8 0
7 1 13 9 0
7 1 13 10 0
7 1 13 11 0
7 1 13 12 0
7 1 13 13 0
7 1 13 14 0
7 1 13 15 0
7 1 14 0 0
7 1 14 1 0
7 1 14 2 0
7 1 14 3 0
7 1 14 4 0
7 1 14 5 0
7 1 14 6 0
7 1 14 7 0
7 1 14 8 0
7 1 14 9 0
7 1 14 10 0
7 1 14 11 0
7 1 14 12 0
7 1 14 13 0
7 1 14 14 0
7 1 14 15 0
7 1 15 0 0
7 1 15 1 0
7 1 15 2 0
7 1 15 3 0
7 1 15 4 0
7 1 15 5 0
7 1 15 6 0
7 1 15 7 0
7 1 15 8 0
7 1 15 9 0
7 1 15 10 0
7 1 15 11 0
7 1 15 12 0
7 1 15 13 0
7 1 15 14 0
7 1 15 15 0
7 2 0 0 0
7 2 0 1 0
7 2 0 2 0
7 2 0 3 0
7 2 0 4 0
7 2 0 5 0
7 2 0 6 0
7 2 0 7 0
7 2 0 8 0
7 2 0 9 0
7 2 0 10 0
7 2 0 11 0
7 2 0 12 0
7 2 0 13 0
7 2 0 14 0
7 2 0 15 0
7 2 1 0 0
7 2 1 1 0
7 2 1 2 0
7 2 1 3 0
7 2 1 4 0
7 2 1 5 0
7 2 1 6 0
7 2 1 7 0
7 2 1 8 0
7 2 1 9 0
7 2 1 10 0
7 2 1 11 0
7 2 1 12 0
7 2 1 13 0
7 2 1 14 0
7 2 1 15 0
7 2 2 0 0
7 2 2 1 0
7 2 2 2 0
7 2 2 3 0
7 2 2 4 0
7 2 2 5 0
7 2 2 6 0
7 2 2 7 -0.09989060882978401
7 2 2 8 0
7 2 2 9 0
7 2 2 10 0
7 2 2 11 0
7 2 2 12 0
7 2 2 13 0
7 2 2 14 0
7 2 2 15 0
7 2 3 0 0
7 2 3 1 0
7 2 3 2 0
7 2 3 3 0
7 2 3 4 0
7 2 3 5 0
7 2 3 6 0
7 2 3 7 0
7 2 3 8 0
7 2 3 9 0
7 2 3 10 0
7 2 3 11 0
7 2 3 12 0
7 2 3 13 0
7 2 3 14 0
7 2 3 15 0
7 2 4 0 0
7 2 4 1 0
7 2 4 2 0
7 2 4 3 0
7 2 4 4 0
7 2 4 5 0
7 2 4 6 0
7 2 4 7 0
7 2 4 8 0
7 2 4 9 0
7 2 4 10 0
7 2 4 11 0
7 2 4 12 0
7 2 4 13 0
7 2 4 14 0
7 2 4 15 0
7 2 5 0 0
7 2 5 1 0
7 2 5 2 0
7 2 5 3 0
7 2 5 4 0
7 2 5 5 0
7 2 5 6 0
7 2 5 7 0
7 2 5 8 0
7 2 5 9 0
7 2 5 10 0
7 2 5 11 0
7 2 5 12 0
7 2 5 13 0
7 2 5 14 0
7 2 5 15 0
7 2 6 0 0
7 2 6 1 0
7 2 6 2 0
7 2 6 3 0
7 2 6 4 0
7 2 6 5 0
7 2 6 6 0
7 2 6 7 0
7 2 6 8 0
7 2 6 9 0
7 2 6 10 0
7 2 6 11 0
7 2 6 12 0
7 2 6 13 0
7 2 6 14 0
7 2 6 15 0
7 2 7 0 0
7 2 7 1 0
7 2 7 2 0.147752703061543
7 2 7 3 0
7 2 7 4 0
7 2 7 5 0
7 2 7 6 0
7 2 7 7 0
7 2 7 8 0
7 2 7 9 0
7 2 7 10 0
7 2 7 11 0
7 2 7 12 0
7 2 7 13 0
7 2 7 14 0
7 2 7 15 0
7 2 8 0 0
7 2 8 1 0
7 2 8 2 0
7 2 8 3 0
7 2 8 4 0
7 2 8 5 0
7 2 8 6 0
7 2 8 7 0
7 2 8 8 0
7 2 8 9 0
7 2 8 10 0
7 2 8 11 0
7 2 8 12 0
7 2 8 13 0
7 2 8 14 0
7 2 8 15 0
7 2 9 0 0
7 2 9 1 0
7 2 9 2 0
7 2 9 3 0
7 2 9 4 0
7 2 9 5 0
7 2 9 6 0
7 2 9 7 0
7 2 9 8 0
7 2 9 9 0
7 2 9 10 0
7 2 9 11 0
7 2 9 12 0
7 2 9 13 0
7 2 9 14 0
7 2 9 15 0
7 2 10 0 0
7 2 10 1 0
7 2 10 2 0
7 2 10 3 0
7 2 10 4 0
7 2 10 5 0
7 2 10 6 0
7 2 10 7 0
7 2 10 8 0
7 2 10 9 0
7 2 10 10 0
7 2 10 11 0
7 2 10 12 0
7 2 10 13 0
7 2 10 14 0
7 2 10 15 0
7 2 11 0 0
7 2 11 1 0
7 2 11 2 0
7 2 11 3 0
7 2 11 4 0
7 2 11 5 0
7 2 11 6 0
7 2 11 7 0
7 2 11 8 0
7 2 11 9 0
7 2 11 10 0
7 2 11 11 0
7 2 11 12 0
7 2 11 13 0
7 2 11 14 0
7 2 11 15 0
7 2 12 0 0
7 2 12 1 0
7 2 12 2 0
7 2 12 3 0
7 2 12 4 0
7 2 12 5 0
7 2 12 6 0
7 2 12 7 0
7 2 12 8 0
7 2 12 9 0
7 2 12 10 0
7 2 12 11 0
7 2 12 12 0
7 2 12 13 0
7 2 12 14 0
7 2 12 15 0
7 2 13 0 0
7 2 13 1 0
7 2 13 2 0
7 2 13 3 0
7 2 13 4 0
7 2 13 5 0
7 2 13 6 0
7 2 13 7 0
7 2 13 8 0
7 2 13 9 0
7 2 13 10 0
7 2 13 11 0
7 2 13 12 0
7 2 13 13 0
7 2 13 14 0
7 2 13 15 0
7 2 14 0 0
7 2 14 1 0
7 2 14 2 0
7 2 14 3 0
7 2 14 4 0
7 2 14 5 0
7 2 14 6 0
7 2 14 7 0
7 2 14 8 0
7 2 14 9 0
7 2 14 10 0
7 2 14 11 0
7 2 14 12 0
7 2 14 13 0
7 2 14 14 0
7 2 14 15 0
7 2 15 0 0
7 2 15 1 0
7 2 15 2 0
7 2 15 3 0
7 2 15 4 0
7 2 15 5 0
7 2 15 6 0
7 2 15 7 0
7 2 15 8 0
7 2 15 9 0
7 2 15 10 0
7 2 15 11 0
7 2 15 12 0
7 2 15 13 0
7 2 15 14 0
7 2 15 15 0
7 3 0 0 0
7 3 0 1 0
7 3 0 2 0
7 3 0 3 0
7 3 0 4 0
7 3 0 5 0
7 3 0 6 0
7 3 0 7 0
7 3 0 8 0
7 3 0 9 0
7 3 0 10 0
7 3 0 11 0
7 3 0 12 0
7 3 0 13 0
7 3 0 14 0
7 3 0 15 0
7 3 1 0 0
7 3 1 1 0
7 3 1 2 0
7 3 1 3 0
7 3 1 4 0
7 3 1 5 0
7 3 1 6 0
7 3 1 7 0
7 3 1 8 0
7 3 1 9 0
7 3 1 10 0
7 3 1 11 0
7 3 1 12 0
7 3 1 13 0
7 3 1 14 0
7 3 1 15 0
7 3 2 0 0
7 3 2 1 0
7 3 2 2 0
7 3 2 3 0
7 3 2 4 0
7 3 2 5 0
7 3 2 6 -0.01579642600487764
7 3 2 7 0
7 3 2 8 0
7 3 2 9 0
7 3 2 10 0
7 3 2 11 0
7 3 2 12 0
7 3 2 13 -0.005736897125228524
7 3 2 14 0
7 3 2 15 0
7 3 3 0 0
7 3 3 1 0
7 3 3 2 0
7 3 3 3 0
7 3 3 4 0
7 3 3 5 0
7 3 3 6 0
7 3 3 7 -0.1985725067538414
7 3 3 8 0
7 3 3 9 0
7 3 3 10 0
7 3 3 11 0
7 3 3 12 0
7 3 3 13 0
7 3 3 14 0
7 3 3 15 0
7 3 4 0 0
7 3 4 1 0
7 3 4 2 0
7 3 4 3 0
7 3 4 4 0
7 3 4 5 0
7 3 4 6 0
7 3 4 7 0
7 3 4 8 0
7 3 4 9 0
7 3 4 10 0
7 3 4 11 0
7 3 4 12 0
7 3 4 13 0
7 3 4 14 0
7 3 4 15 0
7 3 5 0 0
7 3 5 1 0
7 3 5 2 0
7 3 5 3 0
7 3 5 4 0
7 3 5 5 0
7 3 5 6 0
7 3 5 7 0
7 3 5 8 0
7 3 5 9 0
7 3 5 10 0
7 3 5 11 0
7 3 5 12 0
7 3 5 13 0
7 3 5 14 0
7 3 5 15 0
7 3 6 0 0
7 3 6 1 0
7 3 6 2 0.2906530195469534
7 3 6 3 0
7 3 6 4 0
7 3 6 5 0
7 3 6 6 0
7 3 6 7 0
7 3 6 8 0
7 3 6 9 0
7 3 6 10 0
7 3 6 11 -0.002521246628625187
7 3 6 12 0
7 3 6 13 0
7 3 6 14 0.005984087163049588
7 3 6 15 0
7 3 7 0 0
7 3 7 1 0
7 3 7 2 0
7 3 7 3 0.4023366099373955
7 3 7 4 0
7 3 7 5 0
7 3 7 6 0
7 3 7 7 0
7 3 7 8 0
7 3 7 9 0
7 3 7 10 0
7 3 7 11 0
7 3 7 12 0
7 3 7 13 0
7 3 7 14 0
7 3 7 15 0
7 3 8 0 0
7 3 8 1 0
7 3 8 2 0
7 3 8 3 0
7 3 8 4 0
7 3 8 5 0
7 3 8 6 0
7 3 8 7 0
7 3 8 8 0
7 3 8 9 0
7 3 8 10 0
7 3 8 11 0
7 3 8 12 0
7 3 8 13 0
7 3 8 14 0
7 3 8 15 0
7 3 9 0 0
7 3 9 1 0
7 3 9 2 0
7 3 9 3 0
7 3 9 4 0
7 3 9 5 0
7 3 9 6 0
7 3 9 7 0
7 3 9 8 0
7 3 9 9 0
7 3 9 10 0
7 3 9 11 0
7 3 9 12 0
7 3 9 13 0
7 3 9 14 0
7 3 9 15 0
7 3 10 0 0
7 3 10 1 0
7 3 10 2 0
7 3 10 3 0
7 3 10 4 0
7 3 10 5 0
7 3 10 6 0
7 3 10 7 0
7 3 10 8 0
7 3 10 9 0
7 3 10 10 0
7 3 10 11 0
7 3 10 12 0
7 3 10 13 0
7 3 10 14 0
7 3 10 15 0
7 3 11 0 0
7 3 11 1 0
7 3 11 2 0
7 3 11 3 0
7 3 11 4 0
7 3 11 5 0
7 3 11 6 -0.0009005896282465219
7 3 11 7 0
7 3 11 8 0
7 3 11 9 0
7 3 11 10 0
7 3 11 11 0
7 3 11 12 0
7 3 11 13 0
7 3 11 14 0
7 3 11 15 0
7 3 12 0 0
7 3 12 1 0
7 3 12 2 0
7 3 12 3 0
7 3 12 4 0
7 3 12 5 0
7 3 12 6 0
7 3 12 7 0
7 3 12 8 0
7 3 12 9 0
7 3 12 10 0
7 3 12 11 0
7 3 12 12 0
7 3 12 13 0
7 3 12 14 0
7 3 12 15 0
7 3 13 0 0
7 3 13 1 0
7 3 13 2 0.01994089248612115
7 3 13 3 0
7 3 13 4 0
7 3 13 5 0
7 3 13 6 0
7 3 13 7 0
7 3 13 8 0
7 3 13 9 0
7 3 13 10 0
7 3 13 11 0
7 3 13 12 0
7 3 13 13 0
7 3 13 14 0
7 3 13 15 0
7 3 14 0 0
7 3 14 1 0
7 3 14 2 0
7 3 14 3 0
7 3 14 4 0
7 3 14 5 0
7 3 14 6 0.002127591251836776
7 3 14 7 0
7 3 14 8 0
7 3 14 9 0
7 3 14 10 0
7 3 14 11 0
7 3 14 12 0
7 3 14 13 0
7 3 14 14 0
7 3 14 15 0
7 3 15 0 0
7 3 15 1 0
7 3 15 2 0
7 3 15 3 0
7 3 15 4 0
7 3 15 5 0
7 3 15 6 0
7 3 15 7 0
7 3 15 8 0
7 3 15 9 0
7 3 15 10 0
7 3 15 11 0
7 3 15 12 0
7 3 15 13 0
7 3 15 14 0
7 3 15 15 0
7 4 0 0 0
7 4 0 1 0
7 4 0 2 0
7 4 0 3 0
7 4 0 4 0
7 4 0 5 0
7 4 0 6 0
7 4 0 7 0
7 4 0 8 0
7 4 0 9 0
7 4 0 10 0
7 4 0 11 0
7 4 0 12 0
7 4 0 13 0
7 4 0 14 0
7 4 0 15 0
7 4 1 0 0
7 4 1 1 0
7 4 1 2 0
7 4 1 3 0
7 4 1 4 0
7 4 1 5 0
7 4 1 6 0
7 4 1 7 0
7 4 1 8 0
7 4 1 9 0
7 4 1 10 0
7 4 1 11 0
7 4 1 12 0
7 4 1 13 0
7 4 1 14 0
7 4 1 15 0
7 4 2 0 0
7 4 2 1 0
7 4 2 2 0
7 4 2 3 0
7 4 2 4 0
7 4 2 5 -0.06370675689527565
7 4 2 6 0
7 4 2 7 0
7 4 2 8 0
7 4 2 9 0
7 4 2 10 0
7 4 2 11 0
7 4 2 12 -0.00623412232071595
7 4 2 13 0
7 4 2 14 0
7 4 2 15 0
7 4 3 0 0
7 4 3 1 0
7 4 3 2 0
7 4 3 3 0
7 4 3 4 0
7 4 3 5 0
7 4 3 6 0
7 4 3 7 0
7 4 3 8 0
7 4 3 9 0
7 4 3 10 0
7 4 3 11 0
7 4 3 12 0
7 4 3 13 0
7 4 3 14 0
7 4 3 15 0
7 4 4 0 0
7 4 4 1 0
7 4 4 2 0
7 4 4 3 0
7 4 4 4 0
7 4 4 5 0
7 4 4 6 0
7 4 4 7 -0.1591896059199724
7 4 4 8 0
7 4 4 9 0
7 4 4 10 0
7 4 4 11 0
7 4 4 12 0
7 4 4 13 0
7 4 4 14 0
7 4 4 15 0
7 4 5 0 0
7 4 5 1 0
7 4 5 2 0.2863408358657057
7 4 5 3 0
7 4 5 4 0
7 4 5 5 0
7 4 5 6 0
7 4 5 7 0
7 4 5 8 0
7 4 5 9 0
7 4 5 10 0
7 4 5 11 -0.0007764188971342496
7 4 5 12 0
7 4 5 13 0
7 4 5 14 0.001615002384896459
7 4 5 15 0
7 4 6 0 0
7 4 6 1 0
7 4 6 2 0
7 4 6 3 0
7 4 6 4 0
7 4 6 5 0
7 4 6 6 0
7 4 6 7 0
7 4 6 8 0
7 4 6 9 0
7 4 6 10 0
7 4 6 11 0
7 4 6 12 0
7 4 6 13 0
7 4 6 14 0
7 4 6 15 0
7 4 7 0 0
7 4 7 1 0
7 4 7 2 0
7 4 7 3 0
7 4 7 4 0.3735700583965558
7 4 7 5 0
7 4 7 6 0
7 4 7 7 0
7 4 7 8 0
7 4 7 9 0
7 4 7 10 0
7 4 7 11 0
7 4 7 12 0
7 4 7 13 0
7 4 7 14 0
7 4 7 15 0
7 4 8 0 0
7 4 8 1 0
7 4 8 2 0
7 4 8 3 0
7 4 8 4 0
7 4 8 5 0
7 4 8 6 0
7 4 8 7 0
7 4 8 8 0
7 4 8 9 0
7 4 8 10 0
7 4 8 11 0
7 4 8 12 0
7 4 8 13 0
7 4 8 14 0
7 4 8 15 0
7 4 9 0 0
7 4 9 1 0
7 4 9 2 0
7 4 9 3 0
7 4 9 4 0
7 4 9 5 0
7 4 9 6 0
7 4 9 7 0
7 4 9 8 0
7 4 9 9 0
7 4 9 10 0
7 4 9 11 0
7 4 9 12 0
7 4 9 13 0
7 4 9 14 0
7 4 9 15 0
7 4 10 0 0
7 4 10 1 0
7 4 10 2 0
7 4 10 3 0
7 4 10 4 0
7 4 10 5 0
7 4 10 6 0
7 4 10 7 0
7 4 10 8 0
7 4 10 9 0
7 4 10 10 0
7 4 10 11 0
7 4 10 12 0
7 4 10 13 0
7 4 10 14 0
7 4 10 15 0
7 4 11 0 0
7 4 11 1 0
7 4 11 2 0
7 4 11 3 0
7 4 11 4 0
7 4 11 5 -0.001070526327524868
7 4 11 6 0
7 4 11 7 0
7 4 11 8 0
7 4 11 9 0
7 4 11 10 0
7 4 11 11 0
7 4 11 12 0
7 4 11 13 0
7 4 11 14 0
7 4 11 15 0
7 4 12 0 0
7 4 12 1 0
7 4 12 2 0.02149394314781868
7 4 12 3 0
7 4 12 4 0
7 4 12 5 0
7 4 12 6 0
7 4 12 7 0
7 4 12 8 0
7 4 12 9 0
7 4 12 10 0
7 4 12 11 0
7 4 12 12 0
7 4 12 13 0
7 4 12 14 0
7 4 12 15 0
7 4 13 0 0
7 4 13 1 0
7 4 13 2 0
7 4 13 3 0
7 4 13 4 0
7 4 13 5 0
7 4 13 6 0
7 4 13 7 0
7 4 13 8 0
7 4 13 9 0
7 4 13 10 0
7 4 13 11 0
7 4 13 12 0
7 4 13 13 0
7 4 13 14 0
7 4 13 15 0
7 4 14 0 0
7 4 14 1 0
7 4 14 2 0
7 4 14 3 0
7 4 14 4 0
7 4 14 5 0.003151788755979571
7 4 14 6 0
7 4 14 7 0
7 4 14 8 0
7 4 14 9 0
7 4 14 10 0
7 4 14 11 0
7 4 14 12 0
7 4 14 13 0
7 4 14 14 0
7 4 14 15 0
7 4 15 0 0
7 4 15 1 0
7 4 15 2 0
7 4 15 3 0
7 4 15 4 0
7 4 15 5 0
7 4 15 6 0
7 4 15 7 0
7 4 15 8 0
7 4 15 9 0
7 4 15 10 0
7 4 15 11 0
7 4 15 12 0
7 4 15 13 0
7 4 15 14 0
7 4 15 15 0
7 5 0 0 0
7 5 0 1 0
7 5 0 2 0
7 5 0 3 0
7 5 0 4 0
7 5 0 5 0
7 5 0 6 0
7 5 0 7 0
7 5 0 8 0
7 5 0 9 0
7 5 0 10 0
7 5 0 11 0
7 5 0 12 0
7 5 0 13 0
7 5 0 14 0
7 5 0 15 0
7 5 1 0 0
7 5 1 1 0
7 5 1 2 0
7 5 1 3 0
7 5 1 4 0
7 5 1 5 0
7 5 1 6 0
7 5 1 7 0
7 5 1 8 0
7 5 1 9 0
7 5 1 10 0
7 5 1 11 0
7 5 1 12 0
7 5 1 13 0
7 5 1 14 0
7 5 1 15 0
7 5 2 0 0
7 5 2 1 0
7 5 2 2 0
7 5 2 3 0
7 5 2 4 0.1715001834801004
7 5 2 5 0
7 5 2 6 0
7 5 2 7 0
7 5 2 8 0
7 5 2 9 0.0081252155826278
7 5 2 10 0
7 5 2 11 0
7 5 2 12 0
7 5 2 13 0
7 5 2 14 0
7 5 2 15 0
7 5 3 0 0
7 5 3 1 0
7 5 3 2 0
7 5 3 3 0
7 5 3 4 0
7 5 3 5 0
7 5 3 6 0
7 5 3 7 0
7 5 3 8 0
7 5 3 9 0
7 5 3 10 0
7 5 3 11 0
7 5 3 12 0
7 5 3 13 0
7 5 3 14 0
7 5 3 15 0
7 5 4 0 0
7 5 4 1 0
7 5 4 2 0.3285605319073119
7 5 4 3 0
7 5 4 4 0
7 5 4 5 0
7 5 4 6 0
7 5 4 7 0
7 5 4 8 0
7 5 4 9 0
7 5 4 10 0
7 5 4 11 0
7 5 4 12 0
7 5 4 13 0
7 5 4 14 0.00172986231713075
7 5 4 15 0
7 5 5 0 0
7 5 5 1 0
7 5 5 2 0
7 5 5 3 0
7 5 5 4 0
7 5 5 5 0
7 5 5 6 0
7 5 5 7 0.003596303186854916
7 5 5 8 0
7 5 5 9 0
7 5 5 10 0
7 5 5 11 0
7 5 5 12 0
7 5 5 13 0
7 5 5 14 0
7 5 5 15 0
7 5 6 0 0
7 5 6 1 0
7 5 6 2 0
7 5 6 3 0
7 5 6 4 0
7 5 6 5 0
7 5 6 6 0
7 5 6 7 0
7 5 6 8 0
7 5 6 9 0
7 5 6 10 0
7 5 6 11 0
7 5 6 12 0
7 5 6 13 0
7 5 6 14 0
7 5 6 15 0
7 5 7 0 0
7 5 7 1 0
7 5 7 2 0
7 5 7 3 0
7 5 7 4 0
7 5 7 5 0.347909418986449
7 5 7 6 0
7 5 7 7 0
7 5 7 8 0
7 5 7 9 0
7 5 7 10 0
7 5 7 11 0
7 5 7 12 0
7 5 7 13 0
7 5 7 14 0
7 5 7 15 0
7 5 8 0 0
7 5 8 1 0
7 5 8 2 0
7 5 8 3 0
7 5 8 4 0
7 5 8 5 0
7 5 8 6 0
7 5 8 7 0
7 5 8 8 0
7 5 8 9 0
7 5 8 10 0
7 5 8 11 0
7 5 8 12 0
7 5 8 13 0
7 5 8 14 0
7 5 8 15 0
7 5 9 0 0
7 5 9 1 0
7 5 9 2 0.01274596816406824
7 5 9 3 0
7 5 9 4 0
7 5 9 5 0
7 5 9 6 0
7 5 9 7 0
7 5 9 8 0
7 5 9 9 0
7 5 9 10 0
7 5 9 11 0
7 5 9 12 0
7 5 9 13 0
7 5 9 14 0
7 5 9 15 0
7 5 10 0 0
7 5 10 1 0
7 5 10 2 0
7 5 10 3 0
7 5 10 4 0
7 5 10 5 0
7 5 10 6 0
7 5 10 7 0
7 5 10 8 0
7 5 10 9 0
7 5 10 10 0
7 5 10 11 0
7 5 10 12 0
7 5 10 13 0
7 5 10 14 0
7 5 10 15 0
7 5 11 0 0
7 5 11 1 0
7 5 11 2 0
7 5 11 3 0
7 5 11 4 0
7 5 11 5 0
7 5 11 6 0
7 5 11 7 0
7 5 11 8 0
7 5 11 9 0
7 5 11 10 0
7 5 11 11 0
7 5 11 12 0
7 5 11 13 0
7 5 11 14 0
7 5 11 15 0
7 5 12 0 0
7 5 12 1 0
7 5 12 2 0
7 5 12 3 0
7 5 12 4 0
7 5 12 5 0
7 5 12 6 0
7 5 12 7 0
7 5 12 8 0
7 5 12 9 0
7 5 12 10 0
7 5 12 11 0
7 5 12 12 0
7 5 12 13 0
7 5 12 14 0
7 5 12 15 0
7 5 13 0 0
7 5 13 1 0
7 5 13 2 0
7 5 13 3 0
7 5 13 4 0
7 5 13 5 0
7 5 13 6 0
7 5 13 7 0
7 5 13 8 0
7 5 13 9 0
7 5 13 10 0
7 5 13 11 0
7 5 13 12 0
7 5 13 13 0
7 5 13 14 0
7 5 13 15 0
7 5 14 0 0
7 5 14 1 0
7 5 14 2 0
7 5 14 3 0
7 5 14 4 0.001327498836488143
7 5 14 5 0
7 5 14 6 0
7 5 14 7 0
7 5 14 8 0
7 5 14 9 0
7 5 14 10 0
7 5 14 11 0
7 5 14 12 0
7 5 14 13 0
7 5 14 14 0
7 5 14 15 0
7 5 15 0 0
7 5 15 1 0
7 5 15 2 0
7 5 15 3 0
7 5 15 4 0
7 5 15 5 0
7 5 15 6 0
7 5 15 7 0
7 5 15 8 0
7 5 15 9 0
7 5 15 10 0
7 5 15 11 0
7 5 15 12 0
7 5 15 13 0
7 5 15 14 0
7 5 15 15 0
7 6 0 0 0
7 6 0 1 0
7 6 0 2 0
7 6 0 3 0
7 6 0 4 0
7 6 0 5 0
7 6 0 6 0
7 6 0 7 0
7 6 0 8 0
7 6 0 9 0
7 6 0 10 0
7 6 0 11 0
7 6 0 12 0
7 6 0 13 0
7 6 0 14 0
7 6 0 15 0
7 6 1 0 0
7 6 1 1 0
7 6 1 2 0
7 6 1 3 0
7 6 1 4 0
7 6 1 5 0
7 6 1 6 0
7 6 1 7 0
7 6 1 8 0
7 6 1 9 0
7 6 1 10 0
7 6 1 11 0
7 6 1 12 0
7 6 1 13 0
7 6 1 14 0
7 6 1 15 0
7 6 2 0 0
7 6 2 1 0
7 6 2 2 0
7 6 2 3 0.04386910148115602
7 6 2 4 0
7 6 2 5 0
7 6 2 6 0
7 6 2 7 0
7 6 2 8 0.000366043845346923
7 6 2 9 0
7 6 2 10 0
7 6 2 11 0
7 6 2 12 0
7 6 2 13 0
7 6 2 14 0
7 6 2 15 0
7 6 3 0 0
7 6 3 1 0
7 6 3 2 0.2897867281560397
7 6 3 3 0
7 6 3 4 0
7 6 3 5 0
7 6 3 6 0
7 6 3 7 0
7 6 3 8 0
7 6 3 9 0
7 6 3 10 0
7 6 3 11 -0.002740636281568164
7 6 3 12 0
7 6 3 13 0
7 6 3 14 0.005646602275332182
7 6 3 15 0
7 6 4 0 0
7 6 4 1 0
7 6 4 2 0
7 6 4 3 0
7 6 4 4 0
7 6 4 5 0
7 6 4 6 0
7 6 4 7 0
7 6 4 8 0
7 6 4 9 0
7 6 4 10 0
7 6 4 11 0
7 6 4 12 0
7 6 4 13 0
7 6 4 14 0
7 6 4 15 0
7 6 5 0 0
7 6 5 1 0
7 6 5 2 0
7 6 5 3 0
7 6 5 4 0
7 6 5 5 0
7 6 5 6 0
7 6 5 7 0
7 6 5 8 0
7 6 5 9 0
7 6 5 10 0
7 6 5 11 0
7 6 5 12 0
7 6 5 13 0
7 6 5 14 0
7 6 5 15 0
7 6 6 0 0
7 6 6 1 0
7 6 6 2 0
7 6 6 3 0
7 6 6 4 0
7 6 6 5 0
7 6 6 6 0
7 6 6 7 -0.1196703560047188
7 6 6 8 0
7 6 6 9 0
7 6 6 10 0
7 6 6 11 0
7 6 6 12 0
7 6 6 13 0
7 6 6 14 0
7 6 6 15 0
7 6 7 0 0
7 6 7 1 0
7 6 7 2 0
7 6 7 3 0
7 6 7 4 0
7 6 7 5 0
7 6 7 6 0.3191428674456092
7 6 7 7 0
7 6 7 8 0
7 6 7 9 0
7 6 7 10 0
7 6 7 11 0
7 6 7 12 0
7 6 7 13 0
7 6 7 14 0
7 6 7 15 0
7 6 8 0 0
7 6 8 1 0
7 6 8 2 0.01437452422123778
7 6 8 3 0
7 6 8 4 0
7 6 8 5 0
7 6 8 6 0
7 6 8 7 0
7 6 8 8 0
7 6 8 9 0
7 6 8 10 0
7 6 8 11 0
7 6 8 12 0
7 6 8 13 0
7 6 8 14 0
7 6 8 15 0
7 6 9 0 0
7 6 9 1 0
7 6 9 2 0
7 6 9 3 0
7 6 9 4 0
7 6 9 5 0
7 6 9 6 0
7 6 9 7 0
7 6 9 8 0
7 6 9 9 0
7 6 9 10 0
7 6 9 11 0
7 6 9 12 0
7 6 9 13 0
7 6 9 14 0
7 6 9 15 0
7 6 10 0 0
7 6 10 1 0
7 6 10 2 0
7 6 10 3 0
7 6 10 4 0
7 6 10 5 0
7 6 10 6 0
7 6 10 7 0
7 6 10 8 0
7 6 10 9 0
7 6 10 10 0
7 6 10 11 0
7 6 10 12 0
7 6 10 13 0
7 6 10 14 0
7 6 10 15 0
7 6 11 0 0
7 6 11 1 0
7 6 11 2 0
7 6 11 3 0.0007842628781144722
7 6 11 4 0
7 6 11 5 0
7 6 11 6 0
7 6 11 7 0
7 6 11 8 0
7 6 11 9 0
7 6 11 10 0
7 6 11 11 0
7 6 11 12 0
7 6 11 13 0
7 6 11 14 0
7 6 11 15 0
7 6 12 0 0
7 6 12 1 0
7 6 12 2 0
7 6 12 3 0
7 6 12 4 0
7 6 12 5 0
7 6 12 6 0
7 6 12 7 0
7 6 12 8 0
7 6 12 9 0
7 6 12 10 0
7 6 12 11 0
7 6 12 12 0
7 6 12 13 0
7 6 12 14 0
7 6 12 15 0
7 6 13 0 0
7 6 13 1 0
7 6 13 2 0
7 6 13 3 0
7 6 13 4 0
7 6 13 5 0
7 6 13 6 0
7 6 13 7 0
7 6 13 8 0
7 6 13 9 0
7 6 13 10 0
7 6 13 11 0
7 6 13 12 0
7 6 13 13 0
7 6 13 14 0
7 6 13 15 0
7 6 14 0 0
7 6 14 1 0
7 6 14 2 0
7 6 14 3 -0.002705230001942245
7 6 14 4 0
7 6 14 5 0
7 6 14 6 0
7 6 14 7 0
7 6 14 8 0
7 6 14 9 0
7 6 14 10 0
7 6 14 11 0
7 6 14 12 0
7 6 14 13 0
7 6 14 14 0
7 6 14 15 0
7 6 15 0 0
7 6 15 1 0
7 6 15 2 0
7 6 15 3 0
7 6 15 4 0
7 6 15 5 0
7 6 15 6 0
7 6 15 7 0
7 6 15 8 0
7 6 15 9 0
7 6 15 10 0
7 6 15 11 0
7 6 15 12 0
7 6 15 13 0
7 6 15 14 0
7 6 15 15 0
7 7 0 0 0
7 7 0 1 0
7 7 0 2 3.297186404451512e-05
7 7 0 3 0
7 7 0 4 0
7 7 0 5 0
7 7 0 6 0
7 7 0 7 0
7 7 0 8 0
7 7 0 9 0
7 7 0 10 0
7 7 0 11 0
7 7 0 12 0
7 7 0 13 0
7 7 0 14 0
7 7 0 15 0
7 7 1 0 0
7 7 1 1 0
7 7 1 2 0
7 7 1 3 0
7 7 1 4 0
7 7 1 5 0
7 7 1 6 0
7 7 1 7 0
7 7 1 8 0
7 7 1 9 0
7 7 1 10 0
7 7 1 11 0
7 7 1 12 0
7 7 1 13 0
7 7 1 14 0
7 7 1 15 0
7 7 2 0 3.297186404451512e-05
7 7 2 1 0
7 7 2 2 -0.478336425589697
7 7 2 3 0
7 7 2 4 0
7 7 2 5 0
7 7 2 6 0
7 7 2 7 0
7 7 2 8 0
7 7 2 9 0
7 7 2 10 0
7 7 2 11 0.005034638692061991
7 7 2 12 0
7 7 2 13 0
7 7 2 14 -0.01026217071259177
7 7 2 15 0
7 7 3 0 0
7 7 3 1 0
7 7 3 2 0
7 7 3 3 0
7 7 3 4 0
7 7 3 5 0
7 7 3 6 0
7 7 3 7 0
7 7 3 8 0
7 7 3 9 0
7 7 3 10 0
7 7 3 11 0
7 7 3 12 0
7 7 3 13 0
7 7 3 14 0
7 7 3 15 0
7 7 4 0 0
7 7 4 1 0
7 7 4 2 0
7 7 4 3 0
7 7 4 4 0
7 7 4 5 0
7 7 4 6 0
7 7 4 7 0
7 7 4 8 0
7 7 4 9 0
7 7 4 10 0
7 7 4 11 0
7 7 4 12 0
7 7 4 13 0
7 7 4 14 0
7 7 4 15 0
7 7 5 0 0
7 7 5 1 0
7 7 5 2 0
7 7 5 3 0
7 7 5 4 0
7 7 5 5 0
7 7 5 6 0
7 7 5 7 0
7 7 5 8 0
7 7 5 9 0
7 7 5 10 0
7 7 5 11 0
7 7 5 12 0
7 7 5 13 0
7 7 5 14 0
7 7 5 15 0
7 7 6 0 0
7 7 6 1 0
7 7 6 2 0
7 7 6 3 0
7 7 6 4 0
7 7 6 5 0
7 7 6 6 0
7 7 6 7 0
7 7 6 8 0
7 7 6 9 0
7 7 6 10 0
7 7 6 11 0
7 7 6 12 0
7 7 6 13 0
7 7 6 14 0
7 7 6 15 0
7 7 7 0 0
7 7 7 1 0
7 7 7 2 0
7 7 7 3 0
7 7 7 4 0
7 7 7 5 0
7 7 7 6 0
7 7 7 7 0.2129870356299594
7 7 7 8 0
7 7 7 9 0
7 7 7 10 0
7 7 7 11 0
7 7 7 12 0
7 7 7 13 0
7 7 7 14 0
7 7 7 15 0
7 7 8 0 0
7 7 8 1 0
7 7 8 2 0
7 7 8 3 0
7 7 8 4 0
7 7 8 5 0
7 7 8 6 0
7 7 8 7 0
7 7 8 8 0
7 7 8 9 0
7 7 8 10 0
7 7 8 11 0
7 7 8 12 0
7 7 8 13 0
7 7 8 14 0
7 7 8 15 0
7 7 9 0 0
7 7 9 1 0
7 7 9 2 0
7 7 9 3 0
7 7 9 4 0
7 7 9 5 0
7 7 9 6 0
7 7 9 7 0
7 7 9 8 0
7 7 9 9 0
7 7 9 10 0
7 7 9 11 0
7 7 9 12 0
7 7 9 13 0
7 7 9 14 0
7 7 9 15 0
7 7 10 0 0
7 7 10 1 0
7 7 10 2 0
7 7 10 3 0
7 7 10 4 0
7 7 10 5 0
7 7 10 6 0
7 7 10 7 0
7 7 10 8 0
7 7 10 9 0
7 7 10 10 0
7 7 10 11 0
7 7 10 12 0
7 7 10 13 0
7 7 10 14 0
7 7 10 15 0
7 7 11 0 0
7 7 11 1 0
7 7 11 2 0.005034638692061991
7 7 11 3 0
7 7 11 4 0
7 7 11 5 0
7 7 11 6 0
7 7 11 7 0
7 7 11 8 0
7 7 11 9 0
7 7 11 10 0
7 7 11 11 0
7 7 11 12 0
7 7 11 13 0
7 7 11 14 0
7 7 11 15 0
7 7 12 0 0
7 7 12 1 0
7 7 12 2 0
7 7 12 3 0
7 7 12 4 0
7 7 12 5 0
7 7 12 6 0
7 7 12 7 0
7 7 12 8 0
7 7 12 9 0
7 7 12 10 0
7 7 12 11 0
7 7 12 12 0
7 7 12 13 0
7 7 12 14 0
7 7 12 15 0
7 7 13 0 0
7 7 13 1 0
7 7 13 2 0
7 7 13 3 0
7 7 13 4 0
7 7 13 5 0
7 7 13 6 0
7 7 13 7 0
7 7 13 8 0
7 7 13 9 0
7 7 13 10 0
7 7 13 11 0
7 7 13 12 0
7 7 13 13 0
7 7 13 14 0
7 7 13 15 0
7 7 14 0 0
7 7 14 1 0
7 7 14 2 -0.01026217071259177
7 7 14 3 0
7 7 14 4 0
7 7 14 5 0
7 7 14 6 0
7 7 14 7 0
7 7 14 8 0
7 7 14 9 0
7 7 14 10 0
7 7 14 11 0
7 7 14 12 0
7 7 14 13 0
7 7 14 14 0
7 7 14 15 0
7 7 15 0 0
7 7 15 1 0
7 7 15 2 0
7 7 15 3 0
7 7 15 4 0
7 7 15 5 0
7 7 15 6 0
7 7 15 7 0
7 7 15 8 0
7 7 15 9 0
7 7 15 10 0
7 7 15 11 0
7 7 15 12 0
7 7 15 13 0
7 7 15 14 0
7 7 15 15 0
7 8 0 0 0
7 8 0 1 0
7 8 0 2 0
7 8 0 3 0
7 8 0 4 0
7 8 0 5 0
7 8 0 6 0
7 8 0 7 0
7 8 0 8 0
7 8 0 9 0
7 8 0 10 0
7 8 0 11 0
7 8 0 12 0
7 8 0 13 0
7 8 0 14 0
7 8 0 15 0
7 8 1 0 0
7 8 1 1 0
7 8 1 2 0
7 8 1 3 0
7 8 1 4 0
7 8 1 5 0
7 8 1 6 0
7 8 1 7 0
7 8 1 8 0
7 8 1 9 0
7 8 1 10 0
7 8 1 11 0
7 8 1 12 0
7 8 1 13 0
7 8 1 14 0
7 8 1 15 0
7 8 2 0 0
7 8 2 1 0
7 8 2 2 0
7 8 2 3 0
7 8 2 4 0
7 8 2 5 0
7 8 2 6 0
7 8 2 7 0
7 8 2 8 0
7 8 2 9 0
7 8 2 10 0
7 8 2 11 0
7 8 2 12 0
7 8 2 13 0
7 8 2 14 0
7 8 2 15 0
7 8 3 0 0
7 8 3 1 0
7 8 3 2 0
7 8 3 3 0
7 8 3 4 0
7 8 3 5 0
7 8 3 6 0
7 8 3 7 0
7 8 3 8 0
7 8 3 9 0
7 8 3 10 0
7 8 3 11 0
7 8 3 12 0
7 8 3 13 0
7 8 3 14 0
7 8 3 15 0
7 8 4 0 0
7 8 4 1 0
7 8 4 2 0
7 8 4 3 0
7 8 4 4 0
7 8 4 5 0
7 8 4 6 0
7 8 4 7 0
7 8 4 8 0
7 8 4 9 0
7 8 4 10 0
7 8 4 11 0
7 8 4 12 0
7 8 4 13 0
7 8 4 14 0
7 8 4 15 0
7 8 5 0 0
7 8 5 1 0
7 8 5 2 0
7 8 5 3 0
7 8 5 4 0
7 8 5 5 0
7 8 5 6 0
7 8 5 7 0
7 8 5 8 0
7 8 5 9 0
7 8 5 10 0
7 8 5 11 0
7 8 5 12 0
7 8 5 13 0
7 8 5 14 0
7 8 5 15 0
7 8 6 0 0
7 8 6 1 0
7 8 6 2 0
7 8 6 3 0
7 8 6 4 0
7 8 6 5 0
7 8 6 6 0
7 8 6 7 0
7 8 6 8 0
7 8 6 9 0
7 8 6 10 0
7 8 6 11 0
7 8 6 12 0
7 8 6 13 0
7 8 6 14 0
7 8 6 15 0
7 8 7 0 0
7 8 7 1 0
7 8 7 2 0
7 8 7 3 0
7 8 7 4 0
7 8 7 5 0
7 8 7 6 0
7 8 7 7 0
7 8 7 8 0
7 8 7 9 0
7 8 7 10 0
7 8 7 11 0
7 8 7 12 0
7 8 7 13 0
7 8 7 14 0
7 8 7 15 0
7 8 8 0 0
7 8 8 1 0
7 8 8 2 0
7 8 8 3 0
7 8 8 4 0
7 8 8 5 0
7 8 8 6 0
7 8 8 7 0
7 8 8 8 0
7 8 8 9 0
7 8 8 10 0
7 8 8 11 0
7 8 8 12 0
7 8 8 13 0
7 8 8 14 0
7 8 8 15 0
7 8 9 0 0
7 8 9 1 0
7 8 9 2 0
7 8 9 3 0
7 8 9 4 0
7 8 9 5 0
7 8 9 6 0
7 8 9 7 0
7 8 9 8 0
7 8 9 9 0
7 8 9 10 0
7 8 9 11 0
7 8 9 12 0
7 8 9 13 0
7 8 9 14 0
7 8 9 15 0
7 8 10 0 0
7 8 10 1 0
7 8 10 2 0
7 8 10 3 0
7 8 10 4 0
7 8 10 5 0
7 8 10 6 0
7 8 10 7 0
7 8 10 8 0
7 8 10 9 0
7 8 10 10 0
7 8 10 11 0
7 8 10 12 0
7 8 10 13 0
7 8 10 14 0
7 8 10 15 0
7 8 11 0 0
7 8 11 1 0
7 8 11 2 0
7 8 11 3 0
7 8 11 4 0
7 8 11 5 0
7 8 11 6 0
7 8 11 7 0
7 8 11 8 0
7 8 11 9 0
7 8 11 10 0
7 8 11 11 0
7 8 11 12 0
7 8 11 13 0
7 8 11 14 0
7 8 11 15 0
7 8 12 0 0
7 8 12 1 0
7 8 12 2 0
7 8 12 3 0
7 8 12 4 0
7 8 12 5 0
7 8 12 6 0
7 8 12 7 0
7 8 12 8 0
7 8 12 9 0
7 8 12 10 0
7 8 12 11 0
7 8 12 12 0
7 8 12 13 0
7 8 12 14 0
7 8 12 15 0
7 8 13 0 0
7 8 13 1 0
7 8 13 2 0
7 8 13 3 0
7 8 13 4 0
7 8 13 5 0
7 8 13 6 0
7 8 13 7 0
7 8 13 8 0
7 8 13 9 0
7 8 13 10 0
7 8 13 11 0
7 8 13 12 0
7 8 13 13 0
7 8 13 14 0
7 8 13 15 0
7 8 14 0 0
7 8 14 1 0
7 8 14 2 0
7 8 14 3 0
7 8 14 4 0
7 8 14 5 0
7 8 14 6 0
7 8 14 7 0
7 8 14 8 0
7 8 14 9 0
7 8 14 10 0
7 8 14 11 0
7 8 14 12 0
7 8 14 13 0
7 8 14 14 0
7 8 14 15 0
7 8 15 0 0
7 8 15 1 0
7 8 15 2 0
7 8 15 3 0
7 8 15 4 0
7 8 15 5 0
7 8 15 6 0
7 8 15 7 0
7 8 15 8 0
7 8 15 9 0
7 8 15 10 0
7 8 15 11 0
7 8 15 12 0
7 8 15 13 0
7 8 15 14 0
7 8 15 15 0
7 9 0 0 0
7 9 0 1 0
7 9 0 2 0
7 9 0 3 0
7 9 0 4 0
7 9 0 5 0
7 9 0 6 0
7 9 0 7 0
7 9 0 8 0
7 9 0 9 0
7 9 0 10 0
7 9 0 11 0
7 9 0 12 0
7 9 0 13 0
7 9 0 14 0
7 9 0 15 0
7 9 1 0 0
7 9 1 1 0
7 9 1 2 0
7 9 1 3 0
7 9 1 4 0
7 9 1 5 0
7 9 1 6 0
7 9 1 7 0
7 9 1 8 0
7 9 1 9 0
7 9 1 10 0
7 9 1 11 0
7 9 1 12 0
7 9 1 13 0
7 9 1 14 0
7 9 1 15 0
7 9 2 0 0
7 9 2 1 0
7 9 2 2 0
7 9 2 3 0
7 9 2 4 0
7 9 2 5 0
7 9 2 6 0
7 9 2 7 0
7 9 2 8 0
7 9 2 9 0
7 9 2 10 0
7 9 2 11 0
7 9 2 12 0
7 9 2 13 0
7 9 2 14 0
7 9 2 15 0
7 9 3 0 0
7 9 3 1 0
7 9 3 2 0
7 9 3 3 0
7 9 3 4 0
7 9 3 5 0
7 9 3 6 0
7 9 3 7 0
7 9 3 8 0
7 9 3 9 0
7 9 3 10 0
7 9 3 11 0
7 9 3 12 0
7 9 3 13 0
7 9 3 14 0
7 9 3 15 0
7 9 4 0 0
7 9 4 1 0
7 9 4 2 0
7 9 4 3 0
7 9 4 4 0
7 9 4 5 0
7 9 4 6 0
7 9 4 7 0
7 9 4 8 0
7 9 4 9 0
7 9 4 10 0
7 9 4 11 0
7 9 4 12 0
7 9 4 13 0
7 9 4 14 0
7 9 4 15 0
7 9 5 0 0
7 9 5 1 0
7 9 5 2 0
7 9 5 3 0
7 9 5 4 0
7 9 5 5 0
7 9 5 6 0
7 9 5 7 0
7 9 5 8 0
7 9 5 9 0
7 9 5 10 0
7 9 5 11 0
7 9 5 12 0
7 9 5 13 0
7 9 5 14 0
7 9 5 15 0
7 9 6 0 0
7 9 6 1 0
7 9 6 2 0
7 9 6 3 0
7 9 6 4 0
7 9 6 5 0
7 9 6 6 0
7 9 6 7 0
7 9 6 8 0
7 9 6 9 0
7 9 6 10 0
7 9 6 11 0
7 9 6 12 0
7 9 6 13 0
7 9 6 14 0
7 9 6 15 0
7 9 7 0 0
7 9 7 1 0
7 9 7 2 0
7 9 7 3 0
7 9 7 4 0
7 9 7 5 0
7 9 7 6 0
7 9 7 7 0
7 9 7 8 0
7 9 7 9 0
7 9 7 10 0
7 9 7 11 0
7 9 7 12 0
7 9 7 13 0
7 9 7 14 0
7 9 7 15 0
7 9 8 0 0
7 9 8 1 0
7 9 8 2 0
7 9 8 3 0
7 9 8 4 0
7 9 8 5 0
7 9 8 6 0
7 9 8 7 0
7 9 8 8 0
7 9 8 9 0
7 9 8 10 0
7 9 8 11 0
7 9 8 12 0
7 9 8 13 0
7 9 8 14 0
7 9 8 15 0
7 9 9 0 0
7 9 9 1 0
7 9 9 2 0
7 9 9 3 0
7 9 9 4 0
7 9 9 5 0
7 9 9 6 0
7 9 9 7 0
7 9 9 8 0
7 9 9 9 0
7 9 9 10 0
7 9 9 11 0
7 9 9 12 0
7 9 9 13 0
7 9 9 14 0
7 9 9 15 0
7 9 10 0 0
7 9 10 1 0
7 9 10 2 0
7 9 10 3 0
7 9 10 4 0
7 9 10 5 0
7 9 10 6 0
7 9 10 7 0
7 9 10 8 0
7 9 10 9 0
7 9 10 10 0
7 9 10 11 0
7 9 10 12 0
7 9 10 13 0
7 9 10 14 0
7 9 10 15 0
7 9 11 0 0
7 9 11 1 0
7 9 11 2 0
7 9 11 3 0
7 9 11 4 0
7 9 11 5 0
7 9 11 6 0
7 9 11 7 0
7 9 11 8 0
7 9 11 9 0
7 9 11 10 0
7 9 11 11 0
7 9 11 12 0
7 9 11 13 0
7 9 11 14 0
7 9 11 15 0
7 9 12 0 0
7 9 12 1 0
7 9 12 2 0
7 9 12 3 0
7 9 12 4 0
7 9 12 5 0
7 9 12 6 0
7 9 12 7 0
7 9 12 8 0
7 9 12 9 0
7 9 12 10 0
7 9 12 11 0
7 9 12 12 0
7 9 12 13 0
7 9 12 14 0
7 9 12 15 0
7 9 13 0 0
7 9 13 1 0
7 9 13 2 0
7 9 13 3 0
7 9 13 4 0
7 9 13 5 0
7 9 13 6 0
7 9 13 7 0
7 9 13 8 0
7 9 13 9 0
7 9 13 10 0
7 9 13 11 0
7 9 13 12 0
7 9 13 13 0
7 9 13 14 0
7 9 13 15 0
7 9 14 0 0
7 9 14 1 0
7 9 14 2 0
7 9 14 3 0
7 9 14 4 0
7 9 14 5 0
7 9 14 6 0
7 9 14 7 0
7 9 14 8 0
7 9 14 9 0
7 9 14 10 0
7 9 14 11 0
7 9 14 12 0
7 9 14 13 0
7 9 14 14 0
7 9 14 15 0
7 9 15 0 0
7 9 15 1 0
7 9 15 2 0
7 9 15 3 0
7 9 15 4 0
7 9 15 5 0
7 9 15 6 0
7 9 15 7 0
7 9 15 8 0
7 9 15 9 0
7 9 15 10 0
7 9 15 11 0
7 9 15 12 0
7 9 15 13 0
7 9 15 14 0
7 9 15 15 0
7 10 0 0 0
7 10 0 1 0
7 10 0 2 0
7 10 0 3 0
7 10 0 4 0
7 10 0 5 0
7 10 0 6 0
7 10 0 7 0
7 10 0 8 0
7 10 0 9 0
7 10 0 10 0
7 10 0 11 0
7 10 0 12 0
7 10 0 13 0
7 10 0 14 0
7 10 0 15 0
7 10 1 0 0
7 10 1 1 0
7 10 1 2 0
7 10 1 3 0
7 10 1 4 0
7 10 1 5 0
7 10 1 6 0
7 10 1 7 0
7 10 1 8 0
7 10 1 9 0
7 10 1 10 0
7 10 1 11 0
7 10 1 12 0
7 10 1 13 0
7 10 1 14 0
7 10 1 15 0
7 10 2 0 0
7 10 2 1 0
7 10 2 2 0
7 10 2 3 0
7 10 2 4 0
7 10 2 5 0
7 10 2 6 0
7 10 2 7 0
7 10 2 8 0
7 10 2 9 0
7 10 2 10 0
7 10 2 11 0
7 10 2 12 0
7 10 2 13 0
7 10 2 14 0
7 10 2 15 0
7 10 3 0 0
7 10 3 1 0
7 10 3 2 0
7 10 3 3 0
7 10 3 4 0
7 10 3 5 0
7 10 3 6 0
7 10 3 7 0
7 10 3 8 0
7 10 3 9 0
7 10 3 10 0
7 10 3 11 0
7 10 3 12 0
7 10 3 13 0
7 10 3 14 0
7 10 3 15 0
7 10 4 0 0
7 10 4 1 0
7 10 4 2 0
7 10 4 3 0
7 10 4 4 0
7 10 4 5 0
7 10 4 6 0
7 10 4 7 0
7 10 4 8 0
7 10 4 9 0
7 10 4 10 0
7 10 4 11 0
7 10 4 12 0
7 10 4 13 0
7 10 4 14 0
7 10 4 15 0
7 10 5 0 0
7 10 5 1 0
7 10 5 2 0
7 10 5 3 0
7 10 5 4 0
7 10 5 5 0
7 10 5 6 0
7 10 5 7 0
7 10 5 8 0
7 10 5 9 0
7 10 5 10 0
7 10 5 11 0
7 10 5 12 0
7 10 5 13 0
7 10 5 14 0
7 10 5 15 0
7 10 6 0 0
7 10 6 1 0
7 10 6 2 0
7 10 6 3 0
7 10 6 4 0
7 10 6 5 0
7 10 6 6 0
7 10 6 7 0
7 10 6 8 0
7 10 6 9 0
7 10 6 10 0
7 10 6 11 0
7 10 6 12 0
7 10 6 13 0
7 10 6 14 0
7 10 6 15 0
7 10 7 0 0
7 10 7 1 0
7 10 7 2 0
7 10 7 3 0
7 10 7 4 0
7 10 7 5 0
7 10 7 6 0
7 10 7 7 0
7 10 7 8 0
7 10 7 9 0
7 10 7 10 0
7 10 7 11 0
7 10 7 12 0
7 10 7 13 0
7 10 7 14 0
7 10 7 15 0
7 10 8 0 0
7 10 8 1 0
7 10 8 2 0
7 10 8 3 0
7 10 8 4 0
7 10 8 5 0
7 10 8 6 0
7 10 8 7 0
7 10 8 8 0
7 10 8 9 0
7 10 8 10 0
7 10 8 11 0
7 10 8 12 0
7 10 8 13 0
7 10 8 14 0
7 10 8 15 0
7 10 9 0 0
7 10 9 1 0
7 10 9 2 0
7 10 9 3 0
7 10 9 4 0
7 10 9 5 0
7 10 9 6 0
7 10 9 7 0
7 10 9 8 0
7 10 9 9 0
7 10 9 10 0
7 10 9 11 0
7 10 9 12 0
7 10 9 13 0
7 10 9 14 0
7 10 9 15 0
7 10 10 0 0
7 10 10 1 0
7 10 10 2 0
7 10 10 3 0
7 10 10 4 0
7 10 10 5 0
7 10 10 6 0
7 10 10 7 0
7 10 10 8 0
7 10 10 9 0
7 10 10 10 0
7 10 10 11 0
7 10 10 12 0
7 10 10 13 0
7 10 10 14 0
7 10 10 15 0
7 10 11 0 0
7 10 11 1 0
7 10 11 2 0
7 10 11 3 0
7 10 11 4 0
7 10 11 5 0
7 10 11 6 0
7 10 11 7 0
7 10 11 8 0
7 10 11 9 0
7 10 11 10 0
7 10 11 11 0
7 10 11 12 0
7 10 11 13 0
7 10 11 14 0
7 10 11 15 0
7 10 12 0 0
7 10 12 1 0
7 10 12 2 0
7 10 12 3 0
7 10 12 4 0
7 10 12 5 0
7 10 12 6 0
7 10 12 7 0
7 10 12 8 0
7 10 12 9 0
7 10 12 10 0
7 10 12 11 0
7 10 12 12 0
7 10 12 13 0
7 10 12 14 0
7 10 12 15 0
7 10 13 0 0
7 10 13 1 0
7 10 13 2 0
7 10 13 3 0
7 10 13 4 0
7 10 13 5 0
7 10 13 6 0
7 10 13 7 0
7 10 13 8 0
7 10 13 9 0
7 10 13 10 0
7 10 13 11 0
7 10 13 12 0
7 10 13 13 0
7 10 13 14 0
7 10 13 15 0
7 10 14 0 0
7 10 14 1 0
7 10 14 2 0
7 10 14 3 0
7 10 14 4 0
7 10 14 5 0
7 10 14 6 0
7 10 14 7 0
7 10 14 8 0
7 10 14 9 0
7 10 14 10 0
7 10 14 11 0
7 10 14 12 0
7 10 14 13 0
7 10 14 14 0
7 10 14 15 0
7 10 15 0 0
7 10 15 1 0
7 10 15 2 0
7 10 15 3 0
7 10 15 4 0
7 10 15 5 0
7 10 15 6 0
7 10 15 7 0
7 10 15 8 0
7 10 15 9 0
7 10 15 10 0
7 10 15 11 0
7 10 15 12 0
7 10 15 13 0
7 10 15 14 0
7 10 15 15 0
7 11 0 0 0
7 11 0 1 0
7 11 0 2 0
7 11 0 3 0
7 11 0 4 0
7 11 0 5 0
7 11 0 6 0
7 11 0 7 0.0007944478556881276
7 11 0 8 0
7 11 0 9 0
7 11 0 10 0
7 11 0 11 0
7 11 0 12 0
7 11 0 13 0
7 11 0 14 0
7 11 0 15 0
7 11 1 0 0
7 11 1 1 0
7 11 1 2 0
7 11 1 3 0
7 11 1 4 0
7 11 1 5 0
7 11 1 6 0
7 11 1 7 0
7 11 1 8 0
7 11 1 9 0
7 11 1 10 0
7 11 1 11 0
7 11 1 12 0
7 11 1 13 0
7 11 1 14 0
7 11 1 15 0
7 11 2 0 0
7 11 2 1 0
7 11 2 2 0
7 11 2 3 0
7 11 2 4 0
7 11 2 5 0
7 11 2 6 0
7 11 2 7 0
7 11 2 8 0
7 11 2 9 0
7 11 2 10 0
7 11 2 11 0
7 11 2 12 0
7 11 2 13 0
7 11 2 14 0
7 11 2 15 0
7 11 3 0 0
7 11 3 1 0
7 11 3 2 0
7 11 3 3 0
7 11 3 4 0
7 11 3 5 0
7 11 3 6 0
7 11 3 7 0
7 11 3 8 0
7 11 3 9 0
7 11 3 10 0
7 11 3 11 0
7 11 3 12 0
7 11 3 13 0
7 11 3 14 0
7 11 3 15 0
7 11 4 0 0
7 11 4 1 0
7 11 4 2 0
7 11 4 3 0
7 11 4 4 0
7 11 4 5 0
7 11 4 6 0
7 11 4 7 0
7 11 4 8 0
7 11 4 9 0
7 11 4 10 0
7 11 4 11 0
7 11 4 12 0
7 11 4 13 0
7 11 4 14 0
7 11 4 15 0
7 11 5 0 0
7 11 5 1 0
7 11 5 2 0
7 11 5 3 0
7 11 5 4 0
7 11 5 5 0
7 11 5 6 0
7 11 5 7 0
7 11 5 8 0
7 11 5 9 0
7 11 5 10 0
7 11 5 11 0
7 11 5 12 0
7 11 5 13 0
7 11 5 14 0
7 11 5 15 0
7 11 6 0 0
7 11 6 1 0
7 11 6 2 0
7 11 6 3 0
7 11 6 4 0
7 11 6 5 0
7 11 6 6 0
7 11 6 7 0
7 11 6 8 0
7 11 6 9 0
7 11 6 10 0
7 11 6 11 0
7 11 6 12 0
7 11 6 13 0
7 11 6 14 0
7 11 6 15 0
7 11 7 0 -0.001588895711376255
7 11 7 1 0
7 11 7 2 0
7 11 7 3 0
7 11 7 4 0
7 11 7 5 0
7 11 7 6 0
7 11 7 7 0
7 11 7 8 0
7 11 7 9 0
7 11 7 10 0
7 11 7 11 1.242574678146605e-05
7 11 7 12 0
7 11 7 13 0
7 11 7 14 0
7 11 7 15 0
7 11 8 0 0
7 11 8 1 0
7 11 8 2 0
7 11 8 3 0
7 11 8 4 0
7 11 8 5 0
7 11 8 6 0
7 11 8 7 0
7 11 8 8 0
7 11 8 9 0
7 11 8 10 0
7 11 8 11 0
7 11 8 12 0
7 11 8 13 0
7 11 8 14 0
7 11 8 15 0
7 11 9 0 0
7 11 9 1 0
7 11 9 2 0
7 11 9 3 0
7 11 9 4 0
7 11 9 5 0
7 11 9 6 0
7 11 9 7 0
7 11 9 8 0
7 11 9 9 0
7 11 9 10 0
7 11 9 11 0
7 11 9 12 0
7 11 9 13 0
7 11 9 14 0
7 11 9 15 0
7 11 10 0 0
7 11 10 1 0
7 11 10 2 0
7 11 10 3 0
7 11 10 4 0
7 11 10 5 0
7 11 10 6 0
7 11 10 7 0
7 11 10 8 0
7 11 10 9 0
7 11 10 10 0
7 11 10 11 0
7 11 10 12 0
7 11 10 13 0
7 11 10 14 0
7 11 10 15 0
7 11 11 0 0
7 11 11 1 0
7 11 11 2 0
7 11 11 3 0
7 11 11 4 0
7 11 11 5 0
7 11 11 6 0
7 11 11 7 -6.212873390733026e-06
7 11 11 8 0
7 11 11 9 0
7 11 11 10 0
7 11 11 11 0
7 11 11 12 0
7 11 11 13 0
7 11 11 14 0
7 11 11 15 0
7 11 12 0 0
7 11 12 1 0
7 11 12 2 0
7 11 12 3 0
7 11 12 4 0
7 11 12 5 0
7 11 12 6 0
7 11 12 7 0
7 11 12 8 0
7 11 12 9 0
7 11 12 10 0
7 11 12 11 0
7 11 12 12 0
7 11 12 13 0
7 11 12 14 0
7 11 12 15 0
7 11 13 0 0
7 11 13 1 0
7 11 13 2 0
7 11 13 3 0
7 11 13 4 0
7 11 13 5 0
7 11 13 6 0
7 11 13 7 0
7 11 13 8 0
7 11 13 9 0
7 11 13 10 0
7 11 13 11 0
7 11 13 12 0
7 11 13 13 0
7 11 13 14 0
7 11 13 15 0
7 11 14 0 0
7 11 14 1 0
7 11 14 2 0
7 11 14 3 0
7 11 14 4 0
7 11 14 5 0
7 11 14 6 0
7 11 14 7 0
7 11 14 8 0
7 11 14 9 0
7 11 14 10 0
7 11 14 11 0
7 11 14 12 0
7 11 14 13 0
7 11 14 14 0
7 11 14 15 0
7 11 15 0 0
7 11 15 1 0
7 11 15 2 0
7 11 15 3 0
7 11 15 4 0
7 11 15 5 0
7 11 15 6 0
7 11 15 7 0
7 11 15 8 0
7 11 15 9 0
7 11 15 10 0
7 11 15 11 0
7 11 15 12 0
7 11 15 13 0
7 11 15 14 0
7 11 15 15 0
7 12 0 0 0
7 12 0 1 0
7 12 0 2 0
7 12 0 3 0
7 12 0 4 0
7 12 0 5 0
7 12 0 6 0
7 12 0 7 0
7 12 0 8 0
7 12 0 9 0
7 12 0 10 0
7 12 0 11 0
7 12 0 12 0
7 12 0 13 0
7 12 0 14 0
7 12 0 15 0
7 12 1 0 0
7 12 1 1 0
7 12 1 2 0
7 12 1 3 0
7 12 1 4 0
7 12 1 5 0
7 12 1 6 0
7 12 1 7 0
7 12 1 8 0
7 12 1 9 0
7 12 1 10 0
7 12 1 11 0
7 12 1 12 0
7 12 1 13 0
7 12 1 14 0
7 12 1 15 0
7 12 2 0 0
7 12 2 1 0
7 12 2 2 0
7 12 2 3 0
7 12 2 4 0
7 12 2 5 0
7 12 2 6 0
7 12 2 7 0
7 12 2 8 0
7 12 2 9 0
7 12 2 10 0
7 12 2 11 0
7 12 2 12 0
7 12 2 13 0
7 12 2 14 0
7 12 2 15 0
7 12 3 0 0
7 12 3 1 0
7 12 3 2 0
7 12 3 3 0
7 12 3 4 0
7 12 3 5 0
7 12 3 6 0
7 12 3 7 0
7 12 3 8 0
7 12 3 9 0
7 12 3 10 0
7 12 3 11 0
7 12 3 12 0
7 12 3 13 0
7 12 3 14 0
7 12 3 15 0
7 12 4 0 0
7 12 4 1 0
7 12 4 2 0
7 12 4 3 0
7 12 4 4 0
7 12 4 5 0
7 12 4 6 0
7 12 4 7 0
7 12 4 8 0
7 12 4 9 0
7 12 4 10 0
7 12 4 11 0
7 12 4 12 0
7 12 4 13 0
7 12 4 14 0
7 12 4 15 0
7 12 5 0 0
7 12 5 1 0
7 12 5 2 0
7 12 5 3 0
7 12 5 4 0
7 12 5 5 0
7 12 5 6 0
7 12 5 7 0
7 12 5 8 0
7 12 5 9 0
7 12 5 10 0
7 12 5 11 0
7 12 5 12 0
7 12 5 13 0
7 12 5 14 0
7 12 5 15 0
7 12 6 0 0
7 12 6 1 0
7 12 6 2 0
7 12 6 3 0
7 12 6 4 0
7 12 6 5 0
7 12 6 6 0
7 12 6 7 0
7 12 6 8 0
7 12 6 9 0
7 12 6 10 0
7 12 6 11 0
7 12 6 12 0
7 12 6 13 0
7 12 6 14 0
7 12 6 15 0
7 12 7 0 0
7 12 7 1 0
7 12 7 2 0
7 12 7 3 0
7 12 7 4 0
7 12 7 5 0
7 12 7 6 0
7 12 7 7 0
7 12 7 8 0
7 12 7 9 0
7 12 7 10 0
7 12 7 11 0
7 12 7 12 0
7 12 7 13 0
7 12 7 14 0
7 12 7 15 0
7 12 8 0 0
7 12 8 1 0
7 12 8 2 0
7 12 8 3 0
7 12 8 4 0
7 12 8 5 0
7 12 8 6 0
7 12 8 7 0
7 12 8 8 0
7 12 8 9 0
7 12 8 10 0
7 12 8 11 0
7 12 8 12 0
7 12 8 13 0
7 12 8 14 0
7 12 8 15 0
7 12 9 0 0
7 12 9 1 0
7 12 9 2 0
7 12 9 3 0
7 12 9 4 0
7 12 9 5 0
7 12 9 6 0
7 12 9 7 0
7 12 9 8 0
7 12 9 9 0
7 12 9 10 0
7 12 9 11 0
7 12 9 12 0
7 12 9 13 0
7 12 9 14 0
7 12 9 15 0
7 12 10 0 0
7 12 10 1 0
7 12 10 2 0
7 12 10 3 0
7 12 10 4 0
7 12 10 5 0
7 12 10 6 0
7 12 10 7 0
7 12 10 8 0
7 12 10 9 0
7 12 10 10 0
7 12 10 11 0
7 12 10 12 0
7 12 10 13 0
7 12 10 14 0
7 12 10 15 0
7 12 11 0 0
7 12 11 1 0
7 12 11 2 0
7 12 11 3 0
7 12 11 4 0
7 12 11 5 0
7 12 11 6 0
7 12 11 7 0
7 12 11 8 0
7 12 11 9 0
7 12 11 10 0
7 12 11 11 0
7 12 11 12 0
7 12 11 13 0
7 12 11 14 0
7 12 11 15 0
7 12 12 0 0
7 12 12 1 0
7 12 12 2 0
7 12 12 3 0
7 12 12 4 0
7 12 12 5 0
7 12 12 6 0
7 12 12 7 0
7 12 12 8 0
7 12 12 9 0
7 12 12 10 0
7 12 12 11 0
7 12 12 12 0
7 12 12 13 0
7 12 12 14 0
7 12 12 15 0
7 12 13 0 0
7 12 13 1 0
7 12 13 2 0
7 12 13 3 0
7 12 13 4 0
7 12 13 5 0
7 12 13 6 0
7 12 13 7 0
7 12 13 8 0
7 12 13 9 0
7 12 13 10 0
7 12 13 11 0
7 12 13 12 0
7 12 13 13 0
7 12 13 14 0
7 12 13 15 0
7 12 14 0 0
7 12 14 1 0
7 12 14 2 0
7 12 14 3 0
7 12 14 4 0
7 12 14 5 0
7 12 14 6 0
7 12 14 7 0
7 12 14 8 0
7 12 14 9 0
7 12 14 10 0
7 12 14 11 0
7 12 14 12 0
7 12 14 13 0
7 12 14 14 0
7 12 14 15 0
7 12 15 0 0
7 12 15 1 0
7 12 15 2 0
7 12 15 3 0
7 12 15 4 0
7 12 15 5 0
7 12 15 6 0
7 12 15 7 0
7 12 15 8 0
7 12 15 9 0
7 12 15 10 0
7 12 15 11 0
7 12 15 12 0
7 12 15 13 0
7 12 15 14 0
7 12 15 15 0
7 13 0 0 0
7 13 0 1 0
7 13 0 2 0
7 13 0 3 0
7 13 0 4 0
7 13 0 5 0
7 13 0 6 0
7 13 0 7 0
7 13 0 8 0
7 13 0 9 0
7 13 0 10 0
7 13 0 11 0
7 13 0 12 0
7 13 0 13 0
7 13 0 14 0
7 13 0 15 0
7 13 1 0 0
7 13 1 1 0
7 13 1 2 0
7 13 1 3 0
7 13 1 4 0
7 13 1 5 0
7 13 1 6 0
7 13 1 7 0
7 13 1 8 0
7 13 1 9 0
7 13 1 10 0
7 13 1 11 0
7 13 1 12 0
7 13 1 13 0
7 13 1 14 0
7 13 1 15 0
7 13 2 0 0
7 13 2 1 0
7 13 2 2 0
7 13 2 3 0
7 13 2 4 0
7 13 2 5 0
7 13 2 6 0
7 13 2 7 0
7 13 2 8 0
7 13 2 9 0
7 13 2 10 0
7 13 2 11 0
7 13 2 12 0
7 13 2 13 0
7 13 2 14 0
7 13 2 15 0
7 13 3 0 0
7 13 3 1 0
7 13 3 2 0
7 13 3 3 0
7 13 3 4 0
7 13 3 5 0
7 13 3 6 0
7 13 3 7 0
7 13 3 8 0
7 13 3 9 0
7 13 3 10 0
7 13 3 11 0
7 13 3 12 0
7 13 3 13 0
7 13 3 14 0
7 13 3 15 0
7 13 4 0 0
7 13 4 1 0
7 13 4 2 0
7 13 4 3 0
7 13 4 4 0
7 13 4 5 0
7 13 4 6 0
7 13 4 7 0
7 13 4 8 0
7 13 4 9 0
7 13 4 10 0
7 13 4 11 0
7 13 4 12 0
7 13 4 13 0
7 13 4 14 0
7 13 4 15 0
7 13 5 0 0
7 13 5 1 0
7 13 5 2 0
7 13 5 3 0
7 13 5 4 0
7 13 5 5 0
7 13 5 6 0
7 13 5 7 0
7 13 5 8 0
7 13 5 9 0
7 13 5 10 0
7 13 5 11 0
7 13 5 12 0
7 13 5 13 0
7 13 5 14 0
7 13 5 15 0
7 13 6 0 0
7 13 6 1 0
7 13 6 2 0
7 13 6 3 0
7 13 6 4 0
7 13 6 5 0
7 13 6 6 0
7 13 6 7 0
7 13 6 8 0
7 13 6 9 0
7 13 6 10 0
7 13 6 11 0
7 13 6 12 0
7 13 6 13 0
7 13 6 14 0
7 13 6 15 0
7 13 7 0 0
7 13 7 1 0
7 13 7 2 0
7 13 7 3 0
7 13 7 4 0
7 13 7 5 0
7 13 7 6 0
7 13 7 7 0
7 13 7 8 0
7 13 7 9 0
7 13 7 10 0
7 13 7 11 0
7 13 7 12 0
7 13 7 13 0
7 13 7 14 0
7 13 7 15 0
7 13 8 0 0
7 13 8 1 0
7 13 8 2 0
7 13 8 3 0
7 13 8 4 0
7 13 8 5 0
7 13 8 6 0
7 13 8 7 0
7 13 8 8 0
7 13 8 9 0
7 13 8 10 0
7 13 8 11 0
7 13 8 12 0
7 13 8 13 0
7 13 8 14 0
7 13 8 15 0
7 13 9 0 0
7 13 9 1 0
7 13 9 2 0
7 13 9 3 0
7 13 9 4 0
7 13 9 5 0
7 13 9 6 0
7 13 9 7 0
7 13 9 8 0
7 13 9 9 0
7 13 9 10 0
7 13 9 11 0
7 13 9 12 0
7 13 9 13 0
7 13 9 14 0
7 13 9 15 0
7 13 10 0 0
7 13 10 1 0
7 13 10 2 0
7 13 10 3 0
7 13 10 4 0
7 13 10 5 0
7 13 10 6 0
7 13 10 7 0
7 13 10 8 0
7 13 10 9 0
7 13 10 10 0
7 13 10 11 0
7 13 10 12 0
7 13 10 13 0
7 13 10 14 0
7 13 10 15 0
7 13 11 0 0
7 13 11 1 0
7 13 11 2 0
7 13 11 3 0
7 13 11 4 0
7 13 11 5 0
7 13 11 6 0
7 13 11 7 0
7 13 11 8 0
7 13 11 9 0
7 13 11 10 0
7 13 11 11 0
7 13 11 12 0
7 13 11 13 0
7 13 11 14 0
7 13 11 15 0
7 13 12 0 0
7 13 12 1 0
7 13 12 2 0
7 13 12 3 0
7 13 12 4 0
7 13 12 5 0
7 13 12 6 0
7 13 12 7 0
7 13 12 8 0
7 13 12 9 0
7 13 12 10 0
7 13 12 11 0
7 13 12 12 0
7 13 12 13 0
7 13 12 14 0
7 13 12 15 0
7 13 13 0 0
7 13 13 1 0
7 13 13 2 0
7 13 13 3 0
7 13 13 4 0
7 13 13 5 0
7 13 13 6 0
7 13 13 7 0
7 13 13 8 0
7 13 13 9 0
7 13 13 10 0
7 13 13 11 0
7 13 13 12 0
7 13 13 13 0
7 13 13 14 0
7 13 13 15 0
7 13 14 0 0
7 13 14 1 0
7 13 14 2 0
7 13 14 3 0
7 13 14 4 0
7 13 14 5 0
7 13 14 6 0
7 13 14 7 0
7 13 14 8 0
7 13 14 9 0
7 13 14 10 0
7 13 14 11 0
7 13 14 12 0
7 13 14 13 0
7 13 14 14 0
7 13 14 15 0
7 13 15 0 0
7 13 15 1 0
7 13 15 2 0
7 13 15 3 0
7 13 15 4 0
7 13 15 5 0
7 13 15 6 0
7 13 15 7 0
7 13 15 8 0
7 13 15 9 0
7 13 15 10 0
7 13 15 11 0
7 13 15 12 0
7 13 15 13 0
7 13 15 14 0
7 13 15 15 0
7 14 0 0 0
7 14 0 1 0
7 14 0 2 0
7 14 0 3 0
7 14 0 4 0
7 14 0 5 0
7 14 0 6 0
7 14 0 7 0
7 14 0 8 0
7 14 0 9 0
7 14 0 10 0
7 14 0 11 0
7 14 0 12 0
7 14 0 13 0
7 14 0 14 0
7 14 0 15 0
7 14 1 0 0
7 14 1 1 0
7 14 1 2 0
7 14 1 3 0
7 14 1 4 0
7 14 1 5 0
7 14 1 6 0
7 14 1 7 0
7 14 1 8 0
7 14 1 9 0
7 14 1 10 0
7 14 1 11 0
7 14 1 12 0
7 14 1 13 0
7 14 1 14 0
7 14 1 15 0
7 14 2 0 0
7 14 2 1 0
7 14 2 2 0
7 14 2 3 0
7 14 2 4 0
7 14 2 5 0
7 14 2 6 0
7 14 2 7 0
7 14 2 8 0
7 14 2 9 0
7 14 2 10 0
7 14 2 11 0
7 14 2 12 0
7 14 2 13 0
7 14 2 14 0
7 14 2 15 0
7 14 3 0 0
7 14 3 1 0
7 14 3 2 0
7 14 3 3 0
7 14 3 4 0
7 14 3 5 0
7 14 3 6 0
7 14 3 7 0
7 14 3 8 0
7 14 3 9 0
7 14 3 10 0
7 14 3 11 0
7 14 3 12 0
7 14 3 13 0
7 14 3 14 0
7 14 3 15 0
7 14 4 0 0
7 14 4 1 0
7 14 4 2 0
7 14 4 3 0
7 14 4 4 0
7 14 4 5 0
7 14 4 6 0
7 14 4 7 0
7 14 4 8 0
7 14 4 9 0
7 14 4 10 0
7 14 4 11 0
7 14 4 12 0
7 14 4 13 0
7 14 4 14 0
7 14 4 15 0
7 14 5 0 0
7 14 5 1 0
7 14 5 2 0
7 14 5 3 0
7 14 5 4 0
7 14 5 5 0
7 14 5 6 0
7 14 5 7 0
7 14 5 8 0
7 14 5 9 0
7 14 5 10 0
7 14 5 11 0
7 14 5 12 0
7 14 5 13 0
7 14 5 14 0
7 14 5 15 0
7 14 6 0 0
7 14 6 1 0
7 14 6 2 0
7 14 6 3 0
7 14 6 4 0
7 14 6 5 0
7 14 6 6 0
7 14 6 7 0
7 14 6 8 0
7 14 6 9 0
7 14 6 10 0
7 14 6 11 0
7 14 6 12 0
7 14 6 13 0
7 14 6 14 0
7 14 6 15 0
7 14 7 0 0
7 14 7 1 0
7 14 7 2 0
7 14 7 3 0
7 14 7 4 0
7 14 7 5 0
7 14 7 6 0
7 14 7 7 0
7 14 7 8 0
7 14 7 9 0
7 14 7 10 0
7 14 7 11 0
7 14 7 12 0
7 14 7 13 0
7 14 7 14 0
7 14 7 15 0
7 14 8 0 0
7 14 8 1 0
7 14 8 2 0
7 14 8 3 0
7 14 8 4 0
7 14 8 5 0
7 14 8 6 0
7 14 8 7 0
7 14 8 8 0
7 14 8 9 0
7 14 8 10 0
7 14 8 11 0
7 14 8 12 0
7 14 8 13 0
7 14 8 14 0
7 14 8 15 0
7 14 9 0 0
7 14 9 1 0
7 14 9 2 0
7 14 9 3 0
7 14 9 4 0
7 14 9 5 0
7 14 9 6 0
7 14 9 7 0
7 14 9 8 0
7 14 9 9 0
7 14 9 10 0
7 14 9 11 0
7 14 9 12 0
7 14 9 13 0
7 14 9 14 0
7 14 9 15 0
7 14 10 0 0
7 14 10 1 0
7 14 10 2 0
7 14 10 3 0
7 14 10 4 0
7 14 10 5 0
7 14 10 6 0
7 14 10 7 0
7 14 10 8 0
7 14 10 9 0
7 14 10 10 0
7 14 10 11 0
7 14 10 12 0
7 14 10 13 0
7 14 10 14 0
7 14 10 15 0
7 14 11 0 0
7 14 11 1 0
7 14 11 2 0
7 14 11 3 0
7 14 11 4 0
7 14 11 5 0
7 14 11 6 0
7 14 11 7 0
7 14 11 8 0
7 14 11 9 0
7 14 11 10 0
7 14 11 11 0
7 14 11 12 0
7 14 11 13 0
7 14 11 14 0
7 14 11 15 0
7 14 12 0 0
7 14 12 1 0
7 14 12 2 0
7 14 12 3 0
7 14 12 4 0
7 14 12 5 0
7 14 12 6 0
7 14 12 7 0
7 14 12 8 0
7 14 12 9 0
7 14 12 10 0
7 14 12 11 0
7 14 12 12 0
7 14 12 13 0
7 14 12 14 0
7 14 12 15 0
7 14 13 0 0
7 14 13 1 0
7 14 13 2 0
7 14 13 3 0
7 14 13 4 0
7 14 13 5 0
7 14 13 6 0
7 14 13 7 0
7 14 13 8 0
7 14 13 9 0
7 14 13 10 0
7 14 13 11 0
7 14 13 12 0
7 14 13 13 0
7 14 13 14 0
7 14 13 15 0
7 14 14 0 0
7 14 14 1 0
7 14 14 2 0
7 14 14 3 0
7 14 14 4 0
7 14 14 5 0
7 14 14 6 0
7 14 14 7 0
7 14 14 8 0
7 14 14 9 0
7 14 14 10 0
7 14 14 11 0
7 14 14 12 0
7 14 14 13 0
7 14 14 14 0
7 14 14 15 0
7 14 15 0 0
7 14 15 1 0
7 14 15 2 0
7 14 15 3 0
7 14 15 4 0
7 14 15 5 0
7 14 15 6 0
7 14 15 7 0
7 14 15 8 0
7 14 15 9 0
7 14 15 10 0
7 14 15 11 0
7 14 15 12 0
7 14 15 13 0
7 14 15 14 0
7 14 15 15 0
7 15 0 0 0
7 15 0 1 0
7 15 0 2 0
7 15 0 3 0
7 15 0 4 0
7 15 0 5 0
7 15 0 6 0
7 15 0 7 0
7 15 0 8 0
7 15 0 9 0
7 15 0 10 0
7 15 0 11 0
7 15 0 12 0
7 15 0 13 0
7 15 0 14 0
7 15 0 15 0
7 15 1 0 0
7 15 1 1 0
7 15 1 2 0
7 15 1 3 0
7 15 1 4 0
7 15 1 5 0
7 15 1 6 0
7 15 1 7 0
7 15 1 8 0
7 15 1 9 0
7 15 1 10 0
7 15 1 11 0
7 15 1 12 0
7 15 1 13 0
7 15 1 14 0
7 15 1 15 0
7 15 2 0 0
7 15 2 1 0
7 15 2 2 0
7 15 2 3 0
7 15 2 4 0
7 15 2 5 0
7 15 2 6 0
7 15 2 7 0
7 15 2 8 0
7 15 2 9 0
7 15 2 10 0
7 15 2 11 0
7 15 2 12 0
7 15 2 13 0
7 15 2 14 0
7 15 2 15 0
7 15 3 0 0
7 15 3 1 0
7 15 3 2 0
7 15 3 3 0
7 15 3 4 0
7 15 3 5 0
7 15 3 6 0
7 15 3 7 0
7 15 3 8 0
7 15 3 9 0
7 15 3 10 0
7 15 3 11 0
7 15 3 12 0
7 15 3 13 0
7 15 3 14 0
7 15 3 15 0
7 15 4 0 0
7 15 4 1 0
7 15 4 2 0
7 15 4 3 0
7 15 4 4 0
7 15 4 5 0
7 15 4 6 0
7 15 4 7 0
7 15 4 8 0
7 15 4 9 0
7 15 4 10 0
7 15 4 11 0
7 15 4 12 0
7 15 4 13 0
7 15 4 14 0
7 15 4 15 0
7 15 5 0 0
7 15 5 1 0
7 15 5 2 0
7 15 5 3 0
7 15 5 4 0
7 15 5 5 0
7 15 5 6 0
7 15 5 7 0
7 15 5 8 0
7 15 5 9 0
7 15 5 10 0
7 15 5 11 0
7 15 5 12 0
7 15 5 13 0
7 15 5 14 0
7 15 5 15 0
7 15 6 0 0
7 15 6 1 0
7 15 6 2 0
7 15 6 3 0
7 15 6 4 0
7 15 6 5 0
7 15 6 6 0
7 15 6 7 0
7 15 6 8 0
7 15 6 9 0
7 15 6 10 0
7 15 6 11 0
7 15 6 12 0
7 15 6 13 0
7 15 6 14 0
7 15 6 15 0
7 15 7 0 0
7 15 7 1 0
7 15 7 2 0
7 15 7 3 0
7 15 7 4 0
7 15 7 5 0
7 15 7 6 0
7 15 7 7 0
7 15 7 8 0
7 15 7 9 0
7 15 7 10 0
7 15 7 11 0
7 15 7 12 0
7 15 7 13 0
7 15 7 14 0
7 15 7 15 0
7 15 8 0 0
7 15 8 1 0
7 15 8 2 0
7 15 8 3 0
7 15 8 4 0
7 15 8 5 0
7 15 8 6 0
7 15 8 7 0
7 15 8 8 0
7 15 8 9 0
7 15 8 10 0
7 15 8 11 0
7 15 8 12 0
7 15 8 13 0
7 15 8 14 0
7 15 8 15 0
7 15 9 0 0
7 15 9 1 0
7 15 9 2 0
7 15 9 3 0
7 15 9 4 0
7 15 9 5 0
7 15 9 6 0
7 15 9 7 0
7 15 9 8 0
7 15 9 9 0
7 15 9 10 0
7 15 9 11 0
7 15 9 12 0
7 15 9 13 0
7 15 9 14 0
7 15 9 15 0
7 15 10 0 0
7 15 10 1 0
7 15 10 2 0
7 15 10 3 0
7 15 10 4 0
7 15 10 5 0
7 15 10 6 0
7 15 10 7 0
7 15 10 8 0
7 15 10 9 0
7 15 10 10 0
7 15 10 11 0
7 15 10 12 0
7 15 10 13 0
7 15 10 14 0
7 15 10 15 0
7 15 11 0 0
7 15 11 1 0
7 15 11 2 0
7 15 11 3 0
7 15 11 4 0
7 15 11 5 0
7 15 11 6 0
7 15 11 7 0
7 15 11 8 0
7 15 11 9 0
7 15 11 10 0
7 15 11 11 0
7 15 11 12 0
7 15 11 13 0
7 15 11 14 0
7 15 11 15 0
7 15 12 0 0
7 15 12 1 0
7 15 12 2 0
7 15 12 3 0
7 15 12 4 0
7 15 12 5 0
7 15 12 6 0
7 15 12 7 0
7 15 12 8 0
7 15 12 9 0
7 15 12 10 0
7 15 12 11 0
7 15 12 12 0
7 15 12 13 0
7 15 12 14 0
7 15 12 15 0
7 15 13 0 0
7 15 13 1 0
7 15 13 2 0
7 15 13 3 0
7 15 13 4 0
7 15 13 5 0
7 15 13 6 0
7 15 13 7 0
7 15 13 8 0
7 15 13 9 0
7 15 13 10 0
7 15 13 11 0
7 15 13 12 0
7 15 13 13 0
7 15 13 14 0
7 15 13 15 0
7 15 14 0 0
7 15 14 1 0
7 15 14 2 0
7 15 14 3 0
7 15 14 4 0
7 15 14 5 0
7 15 14 6 0
7 15 14 7 0
7 15 14 8 0
7 15 14 9 0
7 15 14 10 0
7 15 14 11 0
7 15 14 12 0
7 15 14 13 0
7 15 14 14 0
7 15 14 15 0
7 15 15 0 0
7 15 15 1 0
7 15 15 2 0
7 15 15 3 0
7 15 15 4 0
7 15 15 5 0
7 15 15 6 0
7 15 15 7 0
7 15 15 8 0
7 15 15 9 0
7 15 15 10 0
7 15 15 11 0
7 15 15 12 0
7 15 15 13 0
7 15 15 14 0
7 15 15 15 0
8 0 0 0 0
8 0 0 1 0
8 0 0 2 0
8 0 0 3 -0.05492390124844247
8 0 0 4 0
8 0 0 5 0
8 0 0 6 0
8 0 0 7 0
8 0 0 8 -0.003742845836899517
8 0 0 9 0
8 0 0 10 0
8 0 0 11 0
8 0 0 12 0
8 0 0 13 0
8 0 0 14 0
8 0 0 15 0
8 0 1 0 0
8 0 1 1 0
8 0 1 2 0
8 0 1 3 0
8 0 1 4 0
8 0 1 5 0
8 0 1 6 0
8 0 1 7 0
8 0 1 8 0
8 0 1 9 0
8 0 1 10 0
8 0 1 11 0
8 0 1 12 0
8 0 1 13 0
8 0 1 14 0
8 0 1 15 0
8 0 2 0 0
8 0 2 1 0
8 0 2 2 0
8 0 2 3 0
8 0 2 4 0
8 0 2 5 0
8 0 2 6 0
8 0 2 7 0
8 0 2 8 0
8 0 2 9 0
8 0 2 10 0
8 0 2 11 0
8 0 2 12 0
8 0 2 13 0
8 0 2 14 0
8 0 2 15 0
8 0 3 0 0.1098478024968849
8 0 3 1 0
8 0 3 2 0
8 0 3 3 0
8 0 3 4 0
8 0 3 5 0
8 0 3 6 0
8 0 3 7 0
8 0 3 8 0
8 0 3 9 0
8 0 3 10 0
8 0 3 11 -0.0002859657606227859
8 0 3 12 0
8 0 3 13 0
8 0 3 14 0
8 0 3 15 0
8 0 4 0 0
8 0 4 1 0
8 0 4 2 0
8 0 4 3 0
8 0 4 4 0
8 0 4 5 0
8 0 4 6 0
8 0 4 7 0
8 0 4 8 0
8 0 4 9 0
8 0 4 10 0
8 0 4 11 0
8 0 4 12 0
8 0 4 13 0
8 0 4 14 0
8 0 4 15 0
8 0 5 0 0
8 0 5 1 0
8 0 5 2 0
8 0 5 3 0
8 0 5 4 0
8 0 5 5 0
8 0 5 6 0
8 0 5 7 0
8 0 5 8 0
8 0 5 9 0
8 0 5 10 0
8 0 5 11 0
8 0 5 12 0
8 0 5 13 0
8 0 5 14 0
8 0 5 15 0
8 0 6 0 0
8 0 6 1 0
8 0 6 2 0
8 0 6 3 0
8 0 6 4 0
8 0 6 5 0
8 0 6 6 0
8 0 6 7 0
8 0 6 8 0
8 0 6 9 0
8 0 6 10 0
8 0 6 11 0
8 0 6 12 0
8 0 6 13 0
8 0 6 14 0
8 0 6 15 0
8 0 7 0 0
8 0 7 1 0
8 0 7 2 0
8 0 7 3 0
8 0 7 4 0
8 0 7 5 0
8 0 7 6 0
8 0 7 7 0
8 0 7 8 0
8 0 7 9 0
8 0 7 10 0
8 0 7 11 0
8 0 7 12 0
8 0 7 13 0
8 0 7 14 0
8 0 7 15 0
8 0 8 0 0.007485691673799033
8 0 8 1 0
8 0 8 2 0
8 0 8 3 0
8 0 8 4 0
8 0 8 5 0
8 0 8 6 0
8 0 8 7 0
8 0 8 8 0
8 0 8 9 0
8 0 8 10 0
8 0 8 11 0
8 0 8 12 0
8 0 8 13 0
8 0 8 14 0
8 0 8 15 0
8 0 9 0 0
8 0 9 1 0
8 0 9 2 0
8 0 9 3 0
8 0 9 4 0
8 0 9 5 0
8 0 9 6 0
8 0 9 7 0
8 0 9 8 0
8 0 9 9 0
8 0 9 10 0
8 0 9 11 0
8 0 9 12 0
8 0 9 13 0
8 0 9 14 0
8 0 9 15 0
8 0 10 0 0
8 0 10 1 0
8 0 10 2 0
8 0 10 3 0
8 0 10 4 0
8 0 10 5 0
8 0 10 6 0
8 0 10 7 0
8 0 10 8 0
8 0 10 9 0
8 0 10 10 0
8 0 10 11 0
8 0 10 12 0
8 0 10 13 0
8 0 10 14 0
8 0 10 15 0
8 0 11 0 0
8 0 11 1 0
8 0 11 2 0
8 0 11 3 0.0001904619964152033
8 0 11 4 0
8 0 11 5 0
8 0 11 6 0
8 0 11 7 0
8 0 11 8 0
8 0 11 9 0
8 0 11 10 0
8 0 11 11 0
8 0 11 12 0
8 0 11 13 0
8 0 11 14 0
8 0 11 15 0
8 0 12 0 0
8 0 12 1 0
8 0 12 2 0
8 0 12 3 0
8 0 12 4 0
8 0 12 5 0
8 0 12 6 0
8 0 12 7 0
8 0 12 8 0
8 0 12 9 0
8 0 12 10 0
8 0 12 11 0
8 0 12 12 0
8 0 12 13 0
8 0 12 14 0
8 0 12 15 0
8 0 13 0 0
8 0 13 1 0
8 0 13 2 0
8 0 13 3 0
8 0 13 4 0
8 0 13 5 0
8 0 13 6 0
8 0 13 7 0
8 0 13 8 0
8 0 13 9 0
8 0 13 10 0
8 0 13 11 0
8 0 13 12 0
8 0 13 13 0
8 0 13 14 0
8 0 13 15 0
8 0 14 0 0
8 0 14 1 0
8 0 14 2 0
8 0 14 3 0
8 0 14 4 0
8 0 14 5 0
8 0 14 6 0
8 0 14 7 0
8 0 14 8 0
8 0 14 9 0
8 0 14 10 0
8 0 14 11 0
8 0 14 12 0
8 0 14 13 0
8 0 14 14 0
8 0 14 15 0
8 0 15 0 0
8 0 15 1 0
8 0 15 2 0
8 0 15 3 0
8 0 15 4 0
8 0 15 5 0
8 0 15 6 0
8 0 15 7 0
8 0 15 8 0
8 0 15 9 0
8 0 15 10 0
8 0 15 11 0
8 0 15 12 0
8 0 15 13 0
8 0 15 14 0
8 0 15 15 0
8 1 0 0 0
8 1 0 1 0
8 1 0 2 0
8 1 0 3 0
8 1 0 4 0
8 1 0 5 0
8 1 0 6 0
8 1 0 7 0
8 1 0 8 0
8 1 0 9 0
8 1 0 10 0
8 1 0 11 0
8 1 0 12 0
8 1 0 13 0
8 1 0 14 0
8 1 0 15 0
8 1 1 0 0
8 1 1 1 0
8 1 1 2 0
8 1 1 3 -0.05492390124844247
8 1 1 4 0
8 1 1 5 0
8 1 1 6 0
8 1 1 7 0
8 1 1 8 -0.003742845836899517
8 1 1 9 0
8 1 1 10 0
8 1 1 11 0
8 1 1 12 0
8 1 1 13 0
8 1 1 14 0
8 1 1 15 0
8 1 2 0 0
8 1 2 1 0
8 1 2 2 0
8 1 2 3 0
8 1 2 4 0
8 1 2 5 0
8 1 2 6 0
8 1 2 7 0
8 1 2 8 0
8 1 2 9 0
8 1 2 10 0
8 1 2 11 0
8 1 2 12 0
8 1 2 13 0
8 1 2 14 0
8 1 2 15 0
8 1 3 0 0
8 1 3 1 0.1098478024968849
8 1 3 2 0
8 1 3 3 0
8 1 3 4 0
8 1 3 5 0
8 1 3 6 0
8 1 3 7 0
8 1 3 8 0
8 1 3 9 0
8 1 3 10 0
8 1 3 11 0
8 1 3 12 0
8 1 3 13 0
8 1 3 14 0
8 1 3 15 0.0003575873182041903
8 1 4 0 0
8 1 4 1 0
8 1 4 2 0
8 1 4 3 0
8 1 4 4 0
8 1 4 5 0
8 1 4 6 0
8 1 4 7 0
8 1 4 8 0
8 1 4 9 0
8 1 4 10 0
8 1 4 11 0
8 1 4 12 0
8 1 4 13 0
8 1 4 14 0
8 1 4 15 0
8 1 5 0 0
8 1 5 1 0
8 1 5 2 0
8 1 5 3 0
8 1 5 4 0
8 1 5 5 0
8 1 5 6 0
8 1 5 7 0
8 1 5 8 0
8 1 5 9 0
8 1 5 10 0
8 1 5 11 0
8 1 5 12 0
8 1 5 13 0
8 1 5 14 0
8 1 5 15 0
8 1 6 0 0
8 1 6 1 0
8 1 6 2 0
8 1 6 3 0
8 1 6 4 0
8 1 6 5 0
8 1 6 6 0
8 1 6 7 0
8 1 6 8 0
8 1 6 9 0
8 1 6 10 0
8 1 6 11 0
8 1 6 12 0
8 1 6 13 0
8 1 6 14 0
8 1 6 15 0
8 1 7 0 0
8 1 7 1 0
8 1 7 2 0
8 1 7 3 0
8 1 7 4 0
8 1 7 5 0
8 1 7 6 0
8 1 7 7 0
8 1 7 8 0
8 1 7 9 0
8 1 7 10 0
8 1 7 11 0
8 1 7 12 0
8 1 7 13 0
8 1 7 14 0
8 1 7 15 0
8 1 8 0 0
8 1 8 1 0.007485691673799033
8 1 8 2 0
8 1 8 3 0
8 1 8 4 0
8 1 8 5 0
8 1 8 6 0
8 1 8 7 0
8 1 8 8 0
8 1 8 9 0
8 1 8 10 0
8 1 8 11 0
8 1 8 12 0
8 1 8 13 0
8 1 8 14 0
8 1 8 15 0
8 1 9 0 0
8 1 9 1 0
8 1 9 2 0
8 1 9 3 0
8 1 9 4 0
8 1 9 5 0
8 1 9 6 0
8 1 9 7 0
8 1 9 8 0
8 1 9 9 0
8 1 9 10 0
8 1 9 11 0
8 1 9 12 0
8 1 9 13 0
8 1 9 14 0
8 1 9 15 0
8 1 10 0 0
8 1 10 1 0
8 1 10 2 0
8 1 10 3 0
8 1 10 4 0
8 1 10 5 0
8 1 10 6 0
8 1 10 7 0
8 1 10 8 0
8 1 10 9 0
8 1 10 10 0
8 1 10 11 0
8 1 10 12 0
8 1 10 13 0
8 1 10 14 0
8 1 10 15 0
8 1 11 0 0
8 1 11 1 0
8 1 11 2 0
8 1 11 3 0
8 1 11 4 0
8 1 11 5 0
8 1 11 6 0
8 1 11 7 0
8 1 11 8 0
8 1 11 9 0
8 1 11 10 0
8 1 11 11 0
8 1 11 12 0
8 1 11 13 0
8 1 11 14 0
8 1 11 15 0
8 1 12 0 0
8 1 12 1 0
8 1 12 2 0
8 1 12 3 0
8 1 12 4 0
8 1 12 5 0
8 1 12 6 0
8 1 12 7 0
8 1 12 8 0
8 1 12 9 0
8 1 12 10 0
8 1 12 11 0
8 1 12 12 0
8 1 12 13 0
8 1 12 14 0
8 1 12 15 0
8 1 13 0 0
8 1 13 1 0
8 1 13 2 0
8 1 13 3 0
8 1 13 4 0
8 1 13 5 0
8 1 13 6 0
8 1 13 7 0
8 1 13 8 0
8 1 13 9 0
8 1 13 10 0
8 1 13 11 0
8 1 13 12 0
8 1 13 13 0
8 1 13 14 0
8 1 13 15 0
8 1 14 0 0
8 1 14 1 0
8 1 14 2 0
8 1 14 3 0
8 1 14 4 0
8 1 14 5 0
8 1 14 6 0
8 1 14 7 0
8 1 14 8 0
8 1 14 9 0
8 1 14 10 0
8 1 14 11 0
8 1 14 12 0
8 1 14 13 0
8 1 14 14 0
8 1 14 15 0
8 1 15 0 0
8 1 15 1 0
8 1 15 2 0
8 1 15 3 -0.0001381423102587397
8 1 15 4 0
8 1 15 5 0
8 1 15 6 0
8 1 15 7 0
8 1 15 8 0
8 1 15 9 0
8 1 15 10 0
8 1 15 11 0
8 1 15 12 0
8 1 15 13 0
8 1 15 14 0
8 1 15 15 0
8 2 0 0 0
8 2 0 1 0
8 2 0 2 0
8 2 0 3 0
8 2 0 4 0
8 2 0 5 0
8 2 0 6 0
8 2 0 7 0
8 2 0 8 0
8 2 0 9 0
8 2 0 10 0
8 2 0 11 0
8 2 0 12 0
8 2 0 13 0
8 2 0 14 0
8 2 0 15 0
8 2 1 0 0
8 2 1 1 0
8 2 1 2 0
8 2 1 3 0
8 2 1 4 0
8 2 1 5 0
8 2 1 6 0
8 2 1 7 0
8 2 1 8 0
8 2 1 9 0
8 2 1 10 0
8 2 1 11 0
8 2 1 12 0
8 2 1 13 0
8 2 1 14 0
8 2 1 15 0
8 2 2 0 0
8 2 2 1 0
8 2 2 2 0
8 2 2 3 -0.05492390124844247
8 2 2 4 0
8 2 2 5 0
8 2 2 6 0
8 2 2 7 0
8 2 2 8 -0.003742845836899517
8 2 2 9 0
8 2 2 10 0
8 2 2 11 0
8 2 2 12 0
8 2 2 13 0
8 2 2 14 0
8 2 2 15 0
8 2 3 0 0
8 2 3 1 0
8 2 3 2 0.1098478024968849
8 2 3 3 0
8 2 3 4 0
8 2 3 5 0
8 2 3 6 0
8 2 3 7 0
8 2 3 8 0
8 2 3 9 0
8 2 3 10 0
8 2 3 11 -0.0008077422850769408
8 2 3 12 0
8 2 3 13 0
8 2 3 14 0.001428246348613645
8 2 3 15 0
8 2 4 0 0
8 2 4 1 0
8 2 4 2 0
8 2 4 3 0
8 2 4 4 0
8 2 4 5 0
8 2 4 6 0
8 2 4 7 0
8 2 4 8 0
8 2 4 9 0
8 2 4 10 0
8 2 4 11 0
8 2 4 12 0
8 2 4 13 0
8 2 4 14 0
8 2 4 15 0
8 2 5 0 0
8 2 5 1 0
8 2 5 2 0
8 2 5 3 0
8 2 5 4 0
8 2 5 5 0
8 2 5 6 0
8 2 5 7 0
8 2 5 8 0
8 2 5 9 0
8 2 5 10 0
8 2 5 11 0
8 2 5 12 0
8 2 5 13 0
8 2 5 14 0
8 2 5 15 0
8 2 6 0 0
8 2 6 1 0
8 2 6 2 0
8 2 6 3 0
8 2 6 4 0
8 2 6 5 0
8 2 6 6 0
8 2 6 7 0.000366043845346923
8 2 6 8 0
8 2 6 9 0
8 2 6 10 0
8 2 6 11 0
8 2 6 12 0
8 2 6 13 0
8 2 6 14 0
8 2 6 15 0
8 2 7 0 0
8 2 7 1 0
8 2 7 2 0
8 2 7 3 0
8 2 7 4 0
8 2 7 5 0
8 2 7 6 0.01437452422123778
8 2 7 7 0
8 2 7 8 0
8 2 7 9 0
8 2 7 10 0
8 2 7 11 0
8 2 7 12 0
8 2 7 13 0
8 2 7 14 0
8 2 7 15 0
8 2 8 0 0
8 2 8 1 0
8 2 8 2 0.007485691673799033
8 2 8 3 0
8 2 8 4 0
8 2 8 5 0
8 2 8 6 0
8 2 8 7 0
8 2 8 8 0
8 2 8 9 0
8 2 8 10 0
8 2 8 11 0
8 2 8 12 0
8 2 8 13 0
8 2 8 14 0
8 2 8 15 0
8 2 9 0 0
8 2 9 1 0
8 2 9 2 0
8 2 9 3 0
8 2 9 4 0
8 2 9 5 0
8 2 9 6 0
8 2 9 7 0
8 2 9 8 0
8 2 9 9 0
8 2 9 10 0
8 2 9 11 0
8 2 9 12 0
8 2 9 13 0
8 2 9 14 0
8 2 9 15 0
8 2 10 0 0
8 2 10 1 0
8 2 10 2 0
8 2 10 3 0
8 2 10 4 0
8 2 10 5 0
8 2 10 6 0
8 2 10 7 0
8 2 10 8 0
8 2 10 9 0
8 2 10 10 0
8 2 10 11 0
8 2 10 12 0
8 2 10 13 0
8 2 10 14 0
8 2 10 15 0
8 2 11 0 0
8 2 11 1 0
8 2 11 2 0
8 2 11 3 0.000481693270696412
8 2 11 4 0
8 2 11 5 0
8 2 11 6 0
8 2 11 7 0
8 2 11 8 0
8 2 11 9 0
8 2 11 10 0
8 2 11 11 0
8 2 11 12 0
8 2 11 13 0
8 2 11 14 0
8 2 11 15 0
8 2 12 0 0
8 2 12 1 0
8 2 12 2 0
8 2 12 3 0
8 2 12 4 0
8 2 12 5 0
8 2 12 6 0
8 2 12 7 0
8 2 12 8 0
8 2 12 9 0
8 2 12 10 0
8 2 12 11 0
8 2 12 12 0
8 2 12 13 0
8 2 12 14 0
8 2 12 15 0
8 2 13 0 0
8 2 13 1 0
8 2 13 2 0
8 2 13 3 0
8 2 13 4 0
8 2 13 5 0
8 2 13 6 0
8 2 13 7 0
8 2 13 8 0
8 2 13 9 0
8 2 13 10 0
8 2 13 11 0
8 2 13 12 0
8 2 13 13 0
8 2 13 14 0
8 2 13 15 0
8 2 14 0 0
8 2 14 1 0
8 2 14 2 0
8 2 14 3 -0.001082943424324399
8 2 14 4 0
8 2 14 5 0
8 2 14 6 0
8 2 14 7 0
8 2 14 8 0
8 2 14 9 0
8 2 14 10 0
8 2 14 11 0
8 2 14 12 0
8 2 14 13 0
8 2 14 14 0
8 2 14 15 0
8 2 15 0 0
8 2 15 1 0
8 2 15 2 0
8 2 15 3 0
8 2 15 4 0
8 2 15 5 0
8 2 15 6 0
8 2 15 7 0
8 2 15 8 0
8 2 15 9 0
8 2 15 10 0
8 2 15 11 0
8 2 15 12 0
8 2 15 13 0
8 2 15 14 0
8 2 15 15 0
8 3 0 0 0
8 3 0 1 0
8 3 0 2 0
8 3 0 3 0
8 3 0 4 0
8 3 0 5 0
8 3 0 6 0
8 3 0 7 0
8 3 0 8 0
8 3 0 9 0
8 3 0 10 0
8 3 0 11 0
8 3 0 12 0
8 3 0 13 0
8 3 0 14 0
8 3 0 15 0
8 3 1 0 0
8 3 1 1 0
8 3 1 2 0
8 3 1 3 0
8 3 1 4 0
8 3 1 5 0
8 3 1 6 0
8 3 1 7 0
8 3 1 8 0
8 3 1 9 0
8 3 1 10 0
8 3 1 11 0
8 3 1 12 0
8 3 1 13 0
8 3 1 14 0
8 3 1 15 0
8 3 2 0 0
8 3 2 1 0
8 3 2 2 0
8 3 2 3 0
8 3 2 4 0
8 3 2 5 0
8 3 2 6 0
8 3 2 7 0
8 3 2 8 0
8 3 2 9 0
8 3 2 10 0
8 3 2 11 0
8 3 2 12 0
8 3 2 13 0
8 3 2 14 0
8 3 2 15 0
8 3 3 0 0
8 3 3 1 0
8 3 3 2 0
8 3 3 3 0.03127523934095292
8 3 3 4 0
8 3 3 5 0
8 3 3 6 0
8 3 3 7 0
8 3 3 8 0.001884052685843339
8 3 3 9 0
8 3 3 10 0
8 3 3 11 0
8 3 3 12 0
8 3 3 13 0
8 3 3 14 0
8 3 3 15 0
8 3 4 0 0
8 3 4 1 0
8 3 4 2 0
8 3 4 3 0
8 3 4 4 0
8 3 4 5 0
8 3 4 6 0
8 3 4 7 0
8 3 4 8 0
8 3 4 9 0
8 3 4 10 0
8 3 4 11 0
8 3 4 12 0
8 3 4 13 0
8 3 4 14 0
8 3 4 15 0
8 3 5 0 0
8 3 5 1 0
8 3 5 2 0
8 3 5 3 0
8 3 5 4 0
8 3 5 5 0
8 3 5 6 0
8 3 5 7 0
8 3 5 8 0
8 3 5 9 0
8 3 5 10 0
8 3 5 11 0
8 3 5 12 0
8 3 5 13 0
8 3 5 14 0
8 3 5 15 0
8 3 6 0 0
8 3 6 1 0
8 3 6 2 0
8 3 6 3 0
8 3 6 4 0
8 3 6 5 0
8 3 6 6 -0.02076009856260707
8 3 6 7 0
8 3 6 8 0
8 3 6 9 0
8 3 6 10 0
8 3 6 11 0
8 3 6 12 0
8 3 6 13 -0.001688249468455308
8 3 6 14 0
8 3 6 15 0
8 3 7 0 0
8 3 7 1 0
8 3 7 2 0
8 3 7 3 0
8 3 7 4 0
8 3 7 5 0
8 3 7 6 0
8 3 7 7 0
8 3 7 8 0
8 3 7 9 0
8 3 7 10 0
8 3 7 11 0
8 3 7 12 0
8 3 7 13 0
8 3 7 14 0
8 3 7 15 0
8 3 8 0 0
8 3 8 1 0
8 3 8 2 0
8 3 8 3 0.001884052685843338
8 3 8 4 0
8 3 8 5 0
8 3 8 6 0
8 3 8 7 0
8 3 8 8 0
8 3 8 9 0
8 3 8 10 0
8 3 8 11 0
8 3 8 12 0
8 3 8 13 0
8 3 8 14 0
8 3 8 15 0
8 3 9 0 0
8 3 9 1 0
8 3 9 2 0
8 3 9 3 0
8 3 9 4 0
8 3 9 5 0
8 3 9 6 0
8 3 9 7 0
8 3 9 8 0
8 3 9 9 0
8 3 9 10 0
8 3 9 11 0
8 3 9 12 0
8 3 9 13 0
8 3 9 14 0
8 3 9 15 0
8 3 10 0 0
8 3 10 1 0
8 3 10 2 0
8 3 10 3 0
8 3 10 4 0
8 3 10 5 0
8 3 10 6 0
8 3 10 7 0
8 3 10 8 0
8 3 10 9 0
8 3 10 10 0
8 3 10 11 0
8 3 10 12 0
8 3 10 13 0
8 3 10 14 0
8 3 10 15 0
8 3 11 0 0
8 3 11 1 0
8 3 11 2 0
8 3 11 3 0
8 3 11 4 0
8 3 11 5 0
8 3 11 6 0
8 3 11 7 0
8 3 11 8 0
8 3 11 9 0
8 3 11 10 0
8 3 11 11 0
8 3 11 12 0
8 3 11 13 0
8 3 11 14 0
8 3 11 15 0
8 3 12 0 0
8 3 12 1 0
8 3 12 2 0
8 3 12 3 0
8 3 12 4 0
8 3 12 5 0
8 3 12 6 0
8 3 12 7 0
8 3 12 8 0
8 3 12 9 0
8 3 12 10 0
8 3 12 11 0
8 3 12 12 0
8 3 12 13 0
8 3 12 14 0
8 3 12 15 0
8 3 13 0 0
8 3 13 1 0
8 3 13 2 0
8 3 13 3 0
8 3 13 4 0
8 3 13 5 0
8 3 13 6 -0.001688249468455308
8 3 13 7 0
8 3 13 8 0
8 3 13 9 0
8 3 13 10 0
8 3 13 11 0
8 3 13 12 0
8 3 13 13 0
8 3 13 14 0
8 3 13 15 0
8 3 14 0 0
8 3 14 1 0
8 3 14 2 0
8 3 14 3 0
8 3 14 4 0
8 3 14 5 0
8 3 14 6 0
8 3 14 7 0
8 3 14 8 0
8 3 14 9 0
8 3 14 10 0
8 3 14 11 0
8 3 14 12 0
8 3 14 13 0
8 3 14 14 0
8 3 14 15 0
8 3 15 0 0
8 3 15 1 0
8 3 15 2 0
8 3 15 3 0
8 3 15 4 0
8 3 15 5 0
8 3 15 6 0
8 3 15 7 0
8 3 15 8 0
8 3 15 9 0
8 3 15 10 0
8 3 15 11 0
8 3 15 12 0
8 3 15 13 0
8 3 15 14 0
8 3 15 15 0
8 4 0 0 0
8 4 0 1 0
8 4 0 2 0
8 4 0 3 0
8 4 0 4 0
8 4 0 5 0
8 4 0 6 0
8 4 0 7 0
8 4 0 8 0
8 4 0 9 0
8 4 0 10 0
8 4 0 11 0
8 4 0 12 0
8 4 0 13 0
8 4 0 14 0
8 4 0 15 0
8 4 1 0 0
8 4 1 1 0
8 4 1 2 0
8 4 1 3 0
8 4 1 4 0
8 4 1 5 0
8 4 1 6 0
8 4 1 7 0
8 4 1 8 0
8 4 1 9 0
8 4 1 10 0
8 4 1 11 0
8 4 1 12 0
8 4 1 13 0
8 4 1 14 0
8 4 1 15 0
8 4 2 0 0
8 4 2 1 0
8 4 2 2 0
8 4 2 3 0
8 4 2 4 0
8 4 2 5 0
8 4 2 6 0
8 4 2 7 0
8 4 2 8 0
8 4 2 9 0
8 4 2 10 0
8 4 2 11 0
8 4 2 12 0
8 4 2 13 0
8 4 2 14 0
8 4 2 15 0
8 4 3 0 0
8 4 3 1 0
8 4 3 2 0
8 4 3 3 0
8 4 3 4 0.07227090167794702
8 4 3 5 0
8 4 3 6 0
8 4 3 7 0
8 4 3 8 0
8 4 3 9 0.004761152818953213
8 4 3 10 0
8 4 3 11 0
8 4 3 12 0
8 4 3 13 0
8 4 3 14 0
8 4 3 15 0
8 4 4 0 0
8 4 4 1 0
8 4 4 2 0
8 4 4 3 -0.02899762150283109
8 4 4 4 0
8 4 4 5 0
8 4 4 6 0
8 4 4 7 0
8 4 4 8 -0.002448050942192158
8 4 4 9 0
8 4 4 10 0
8 4 4 11 0
8 4 4 12 0
8 4 4 13 0
8 4 4 14 0
8 4 4 15 0
8 4 5 0 0
8 4 5 1 0
8 4 5 2 0
8 4 5 3 0
8 4 5 4 0
8 4 5 5 0
8 4 5 6 -0.0308871666826084
8 4 5 7 0
8 4 5 8 0
8 4 5 9 0
8 4 5 10 0
8 4 5 11 0
8 4 5 12 0
8 4 5 13 -0.001656962254256627
8 4 5 14 0
8 4 5 15 0
8 4 6 0 0
8 4 6 1 0
8 4 6 2 0
8 4 6 3 0
8 4 6 4 0
8 4 6 5 0.007084157751018732
8 4 6 6 0
8 4 6 7 0
8 4 6 8 0
8 4 6 9 0
8 4 6 10 0
8 4 6 11 0
8 4 6 12 -0.0001722092668034685
8 4 6 13 0
8 4 6 14 0
8 4 6 15 0
8 4 7 0 0
8 4 7 1 0
8 4 7 2 0
8 4 7 3 0
8 4 7 4 0
8 4 7 5 0
8 4 7 6 0
8 4 7 7 0
8 4 7 8 0
8 4 7 9 0
8 4 7 10 0
8 4 7 11 0
8 4 7 12 0
8 4 7 13 0
8 4 7 14 0
8 4 7 15 0
8 4 8 0 0
8 4 8 1 0
8 4 8 2 0
8 4 8 3 0
8 4 8 4 0.005084221134894543
8 4 8 5 0
8 4 8 6 0
8 4 8 7 0
8 4 8 8 0
8 4 8 9 0
8 4 8 10 0
8 4 8 11 0
8 4 8 12 0
8 4 8 13 0
8 4 8 14 0
8 4 8 15 0
8 4 9 0 0
8 4 9 1 0
8 4 9 2 0
8 4 9 3 -0.002416825520635798
8 4 9 4 0
8 4 9 5 0
8 4 9 6 0
8 4 9 7 0
8 4 9 8 0
8 4 9 9 0
8 4 9 10 0
8 4 9 11 0
8 4 9 12 0
8 4 9 13 0
8 4 9 14 0
8 4 9 15 0
8 4 10 0 0
8 4 10 1 0
8 4 10 2 0
8 4 10 3 0
8 4 10 4 0
8 4 10 5 0
8 4 10 6 0
8 4 10 7 0
8 4 10 8 0
8 4 10 9 0
8 4 10 10 0
8 4 10 11 0
8 4 10 12 0
8 4 10 13 0
8 4 10 14 0
8 4 10 15 0
8 4 11 0 0
8 4 11 1 0
8 4 11 2 0
8 4 11 3 0
8 4 11 4 0
8 4 11 5 0
8 4 11 6 0
8 4 11 7 0
8 4 11 8 0
8 4 11 9 0
8 4 11 10 0
8 4 11 11 0
8 4 11 12 0
8 4 11 13 0
8 4 11 14 0
8 4 11 15 0
8 4 12 0 0
8 4 12 1 0
8 4 12 2 0
8 4 12 3 0
8 4 12 4 0
8 4 12 5 0
8 4 12 6 -0.001755245667331402
8 4 12 7 0
8 4 12 8 0
8 4 12 9 0
8 4 12 10 0
8 4 12 11 0
8 4 12 12 0
8 4 12 13 0
8 4 12 14 0
8 4 12 15 0
8 4 13 0 0
8 4 13 1 0
8 4 13 2 0
8 4 13 3 0
8 4 13 4 0
8 4 13 5 -0.0003871599719217846
8 4 13 6 0
8 4 13 7 0
8 4 13 8 0
8 4 13 9 0
8 4 13 10 0
8 4 13 11 0
8 4 13 12 0
8 4 13 13 0
8 4 13 14 0
8 4 13 15 0
8 4 14 0 0
8 4 14 1 0
8 4 14 2 0
8 4 14 3 0
8 4 14 4 0
8 4 14 5 0
8 4 14 6 0
8 4 14 7 0
8 4 14 8 0
8 4 14 9 0
8 4 14 10 0
8 4 14 11 0
8 4 14 12 0
8 4 14 13 0
8 4 14 14 0
8 4 14 15 0
8 4 15 0 0
8 4 15 1 0
8 4 15 2 0
8 4 15 3 0
8 4 15 4 0
8 4 15 5 0
8 4 15 6 0
8 4 15 7 0
8 4 15 8 0
8 4 15 9 0
8 4 15 10 0
8 4 15 11 0
8 4 15 12 0
8 4 15 13 0
8 4 15 14 0
8 4 15 15 0
8 5 0 0 0
8 5 0 1 0
8 5 0 2 0
8 5 0 3 0
8 5 0 4 0
8 5 0 5 0
8 5 0 6 0
8 5 0 7 0
8 5 0 8 0
8 5 0 9 0
8 5 0 10 0
8 5 0 11 0
8 5 0 12 0
8 5 0 13 0
8 5 0 14 0
8 5 0 15 0
8 5 1 0 0
8 5 1 1 0
8 5 1 2 0
8 5 1 3 0
8 5 1 4 0
8 5 1 5 0
8 5 1 6 0
8 5 1 7 0
8 5 1 8 0
8 5 1 9 0
8 5 1 10 0
8 5 1 11 0
8 5 1 12 0
8 5 1 13 0
8 5 1 14 0
8 5 1 15 0
8 5 2 0 0
8 5 2 1 0
8 5 2 2 0
8 5 2 3 0
8 5 2 4 0
8 5 2 5 0
8 5 2 6 0
8 5 2 7 0
8 5 2 8 0
8 5 2 9 0
8 5 2 10 0
8 5 2 11 0
8 5 2 12 0
8 5 2 13 0
8 5 2 14 0
8 5 2 15 0
8 5 3 0 0
8 5 3 1 0
8 5 3 2 0
8 5 3 3 0
8 5 3 4 0
8 5 3 5 0.03757690081893793
8 5 3 6 0
8 5 3 7 0
8 5 3 8 0
8 5 3 9 0
8 5 3 10 0
8 5 3 11 0
8 5 3 12 0.002725109238760547
8 5 3 13 0
8 5 3 14 0
8 5 3 15 0
8 5 4 0 0
8 5 4 1 0
8 5 4 2 0
8 5 4 3 0
8 5 4 4 0
8 5 4 5 0
8 5 4 6 -0.02630166959900439
8 5 4 7 0
8 5 4 8 0
8 5 4 9 0
8 5 4 10 0
8 5 4 11 0
8 5 4 12 0
8 5 4 13 -0.002183371277268636
8 5 4 14 0
8 5 4 15 0
8 5 5 0 0
8 5 5 1 0
8 5 5 2 0
8 5 5 3 0.01626319902256692
8 5 5 4 0
8 5 5 5 0
8 5 5 6 0
8 5 5 7 0
8 5 5 8 0.001584381629527092
8 5 5 9 0
8 5 5 10 0
8 5 5 11 0
8 5 5 12 0
8 5 5 13 0
8 5 5 14 0
8 5 5 15 0
8 5 6 0 0
8 5 6 1 0
8 5 6 2 0
8 5 6 3 0
8 5 6 4 -0.01787431930113759
8 5 6 5 0
8 5 6 6 0
8 5 6 7 0
8 5 6 8 0
8 5 6 9 -0.001228916117306778
8 5 6 10 0
8 5 6 11 0
8 5 6 12 0
8 5 6 13 0
8 5 6 14 0
8 5 6 15 0
8 5 7 0 0
8 5 7 1 0
8 5 7 2 0
8 5 7 3 0
8 5 7 4 0
8 5 7 5 0
8 5 7 6 0
8 5 7 7 0
8 5 7 8 0
8 5 7 9 0
8 5 7 10 0
8 5 7 11 0
8 5 7 12 0
8 5 7 13 0
8 5 7 14 0
8 5 7 15 0
8 5 8 0 0
8 5 8 1 0
8 5 8 2 0
8 5 8 3 0
8 5 8 4 0
8 5 8 5 0.00240147053890449
8 5 8 6 0
8 5 8 7 0
8 5 8 8 0
8 5 8 9 0
8 5 8 10 0
8 5 8 11 0
8 5 8 12 0
8 5 8 13 0
8 5 8 14 0
8 5 8 15 0
8 5 9 0 0
8 5 9 1 0
8 5 9 2 0
8 5 9 3 0
8 5 9 4 0
8 5 9 5 0
8 5 9 6 -0.001213444019619698
8 5 9 7 0
8 5 9 8 0
8 5 9 9 0
8 5 9 10 0
8 5 9 11 0
8 5 9 12 0
8 5 9 13 0
8 5 9 14 0
8 5 9 15 0
8 5 10 0 0
8 5 10 1 0
8 5 10 2 0
8 5 10 3 0
8 5 10 4 0
8 5 10 5 0
8 5 10 6 0
8 5 10 7 0
8 5 10 8 0
8 5 10 9 0
8 5 10 10 0
8 5 10 11 0
8 5 10 12 0
8 5 10 13 0
8 5 10 14 0
8 5 10 15 0
8 5 11 0 0
8 5 11 1 0
8 5 11 2 0
8 5 11 3 0
8 5 11 4 0
8 5 11 5 0
8 5 11 6 0
8 5 11 7 0
8 5 11 8 0
8 5 11 9 0
8 5 11 10 0
8 5 11 11 0
8 5 11 12 0
8 5 11 13 0
8 5 11 14 0
8 5 11 15 0
8 5 12 0 0
8 5 12 1 0
8 5 12 2 0
8 5 12 3 0.0006221061085531106
8 5 12 4 0
8 5 12 5 0
8 5 12 6 0
8 5 12 7 0
8 5 12 8 0
8 5 12 9 0
8 5 12 10 0
8 5 12 11 0
8 5 12 12 0
8 5 12 13 0
8 5 12 14 0
8 5 12 15 0
8 5 13 0 0
8 5 13 1 0
8 5 13 2 0
8 5 13 3 0
8 5 13 4 -0.001058461471281402
8 5 13 5 0
8 5 13 6 0
8 5 13 7 0
8 5 13 8 0
8 5 13 9 0
8 5 13 10 0
8 5 13 11 0
8 5 13 12 0
8 5 13 13 0
8 5 13 14 0
8 5 13 15 0
8 5 14 0 0
8 5 14 1 0
8 5 14 2 0
8 5 14 3 0
8 5 14 4 0
8 5 14 5 0
8 5 14 6 0
8 5 14 7 0
8 5 14 8 0
8 5 14 9 0
8 5 14 10 0
8 5 14 11 0
8 5 14 12 0
8 5 14 13 0
8 5 14 14 0
8 5 14 15 0
8 5 15 0 0
8 5 15 1 0
8 5 15 2 0
8 5 15 3 0
8 5 15 4 0
8 5 15 5 0
8 5 15 6 0
8 5 15 7 0
8 5 15 8 0
8 5 15 9 0
8 5 15 10 0
8 5 15 11 0
8 5 15 12 0
8 5 15 13 0
8 5 15 14 0
8 5 15 15 0
8 6 0 0 0
8 6 0 1 0
8 6 0 2 0
8 6 0 3 0
8 6 0 4 0
8 6 0 5 0
8 6 0 6 0
8 6 0 7 0
8 6 0 8 0
8 6 0 9 0
8 6 0 10 0
8 6 0 11 0
8 6 0 12 0
8 6 0 13 0
8 6 0 14 0
8 6 0 15 0
8 6 1 0 0
8 6 1 1 0
8 6 1 2 0
8 6 1 3 0
8 6 1 4 0
8 6 1 5 0
8 6 1 6 0
8 6 1 7 0
8 6 1 8 0
8 6 1 9 0
8 6 1 10 0
8 6 1 11 0
8 6 1 12 0
8 6 1 13 0
8 6 1 14 0
8 6 1 15 0
8 6 2 0 0
8 6 2 1 0
8 6 2 2 0
8 6 2 3 0
8 6 2 4 0
8 6 2 5 0
8 6 2 6 0
8 6 2 7 0
8 6 2 8 0
8 6 2 9 0
8 6 2 10 0
8 6 2 11 0
8 6 2 12 0
8 6 2 13 0
8 6 2 14 0
8 6 2 15 0
8 6 3 0 0
8 6 3 1 0
8 6 3 2 0
8 6 3 3 0
8 6 3 4 0
8 6 3 5 0
8 6 3 6 0.02364866190748955
8 6 3 7 0
8 6 3 8 0
8 6 3 9 0
8 6 3 10 0
8 6 3 11 0
8 6 3 12 0
8 6 3 13 0.00128798252952924
8 6 3 14 0
8 6 3 15 0
8 6 4 0 0
8 6 4 1 0
8 6 4 2 0
8 6 4 3 0
8 6 4 4 0
8 6 4 5 0
8 6 4 6 0
8 6 4 7 0
8 6 4 8 0
8 6 4 9 0
8 6 4 10 0
8 6 4 11 0
8 6 4 12 0
8 6 4 13 0
8 6 4 14 0
8 6 4 15 0
8 6 5 0 0
8 6 5 1 0
8 6 5 2 0
8 6 5 3 0
8 6 5 4 0
8 6 5 5 0
8 6 5 6 0
8 6 5 7 0
8 6 5 8 0
8 6 5 9 0
8 6 5 10 0
8 6 5 11 0
8 6 5 12 0
8 6 5 13 0
8 6 5 14 0
8 6 5 15 0
8 6 6 0 0
8 6 6 1 0
8 6 6 2 0
8 6 6 3 -0.01854081686068875
8 6 6 4 0
8 6 6 5 0
8 6 6 6 0
8 6 6 7 0
8 6 6 8 -0.001020383373178273
8 6 6 9 0
8 6 6 10 0
8 6 6 11 0
8 6 6 12 0
8 6 6 13 0
8 6 6 14 0
8 6 6 15 0
8 6 7 0 0
8 6 7 1 0
8 6 7 2 0
8 6 7 3 0
8 6 7 4 0
8 6 7 5 0
8 6 7 6 0
8 6 7 7 0
8 6 7 8 0
8 6 7 9 0
8 6 7 10 0
8 6 7 11 0
8 6 7 12 0
8 6 7 13 0
8 6 7 14 0
8 6 7 15 0
8 6 8 0 0
8 6 8 1 0
8 6 8 2 0
8 6 8 3 0
8 6 8 4 0
8 6 8 5 0
8 6 8 6 0.001858793151056178
8 6 8 7 0
8 6 8 8 0
8 6 8 9 0
8 6 8 10 0
8 6 8 11 0
8 6 8 12 0
8 6 8 13 0
8 6 8 14 0
8 6 8 15 0
8 6 9 0 0
8 6 9 1 0
8 6 9 2 0
8 6 9 3 0
8 6 9 4 0
8 6 9 5 0
8 6 9 6 0
8 6 9 7 0
8 6 9 8 0
8 6 9 9 0
8 6 9 10 0
8 6 9 11 0
8 6 9 12 0
8 6 9 13 0
8 6 9 14 0
8 6 9 15 0
8 6 10 0 0
8 6 10 1 0
8 6 10 2 0
8 6 10 3 0
8 6 10 4 0
8 6 10 5 0
8 6 10 6 0
8 6 10 7 0
8 6 10 8 0
8 6 10 9 0
8 6 10 10 0
8 6 10 11 0
8 6 10 12 0
8 6 10 13 0
8 6 10 14 0
8 6 10 15 0
8 6 11 0 0
8 6 11 1 0
8 6 11 2 0
8 6 11 3 0
8 6 11 4 0
8 6 11 5 0
8 6 11 6 0
8 6 11 7 0
8 6 11 8 0
8 6 11 9 0
8 6 11 10 0
8 6 11 11 0
8 6 11 12 0
8 6 11 13 0
8 6 11 14 0
8 6 11 15 0
8 6 12 0 0
8 6 12 1 0
8 6 12 2 0
8 6 12 3 0
8 6 12 4 0
8 6 12 5 0
8 6 12 6 0
8 6 12 7 0
8 6 12 8 0
8 6 12 9 0
8 6 12 10 0
8 6 12 11 0
8 6 12 12 0
8 6 12 13 0
8 6 12 14 0
8 6 12 15 0
8 6 13 0 0
8 6 13 1 0
8 6 13 2 0
8 6 13 3 -0.001567134012938237
8 6 13 4 0
8 6 13 5 0
8 6 13 6 0
8 6 13 7 0
8 6 13 8 0
8 6 13 9 0
8 6 13 10 0
8 6 13 11 0
8 6 13 12 0
8 6 13 13 0
8 6 13 14 0
8 6 13 15 0
8 6 14 0 0
8 6 14 1 0
8 6 14 2 0
8 6 14 3 0
8 6 14 4 0
8 6 14 5 0
8 6 14 6 0
8 6 14 7 0
8 6 14 8 0
8 6 14 9 0
8 6 14 10 0
8 6 14 11 0
8 6 14 12 0
8 6 14 13 0
8 6 14 14 0
8 6 14 15 0
8 6 15 0 0
8 6 15 1 0
8 6 15 2 0
8 6 15 3 0
8 6 15 4 0
8 6 15 5 0
8 6 15 6 0
8 6 15 7 0
8 6 15 8 0
8 6 15 9 0
8 6 15 10 0
8 6 15 11 0
8 6 15 12 0
8 6 15 13 0
8 6 15 14 0
8 6 15 15 0
8 7 0 0 0
8 7 0 1 0
8 7 0 2 0
8 7 0 3 0
8 7 0 4 0
8 7 0 5 0
8 7 0 6 0
8 7 0 7 0
8 7 0 8 0
8 7 0 9 0
8 7 0 10 0
8 7 0 11 0
8 7 0 12 0
8 7 0 13 0
8 7 0 14 0
8 7 0 15 0
8 7 1 0 0
8 7 1 1 0
8 7 1 2 0
8 7 1 3 0
8 7 1 4 0
8 7 1 5 0
8 7 1 6 0
8 7 1 7 0
8 7 1 8 0
8 7 1 9 0
8 7 1 10 0
8 7 1 11 0
8 7 1 12 0
8 7 1 13 0
8 7 1 14 0
8 7 1 15 0
8 7 2 0 0
8 7 2 1 0
8 7 2 2 0
8 7 2 3 0
8 7 2 4 0
8 7 2 5 0
8 7 2 6 0
8 7 2 7 0
8 7 2 8 0
8 7 2 9 0
8 7 2 10 0
8 7 2 11 0
8 7 2 12 0
8 7 2 13 0
8 7 2 14 0
8 7 2 15 0
8 7 3 0 0
8 7 3 1 0
8 7 3 2 0
8 7 3 3 0
8 7 3 4 0
8 7 3 5 0
8 7 3 6 0
8 7 3 7 0
8 7 3 8 0
8 7 3 9 0
8 7 3 10 0
8 7 3 11 0
8 7 3 12 0
8 7 3 13 0
8 7 3 14 0
8 7 3 15 0
8 7 4 0 0
8 7 4 1 0
8 7 4 2 0
8 7 4 3 0
8 7 4 4 0
8 7 4 5 0
8 7 4 6 0
8 7 4 7 0
8 7 4 8 0
8 7 4 9 0
8 7 4 10 0
8 7 4 11 0
8 7 4 12 0
8 7 4 13 0
8 7 4 14 0
8 7 4 15 0
8 7 5 0 0
8 7 5 1 0
8 7 5 2 0
8 7 5 3 0
8 7 5 4 0
8 7 5 5 0
8 7 5 6 0
8 7 5 7 0
8 7 5 8 0
8 7 5 9 0
8 7 5 10 0
8 7 5 11 0
8 7 5 12 0
8 7 5 13 0
8 7 5 14 0
8 7 5 15 0
8 7 6 0 0
8 7 6 1 0
8 7 6 2 0
8 7 6 3 0
8 7 6 4 0
8 7 6 5 0
8 7 6 6 0
8 7 6 7 0
8 7 6 8 0
8 7 6 9 0
8 7 6 10 0
8 7 6 11 0
8 7 6 12 0
8 7 6 13 0
8 7 6 14 0
8 7 6 15 0
8 7 7 0 0
8 7 7 1 0
8 7 7 2 0
8 7 7 3 0
8 7 7 4 0
8 7 7 5 0
8 7 7 6 0
8 7 7 7 0
8 7 7 8 0
8 7 7 9 0
8 7 7 10 0
8 7 7 11 0
8 7 7 12 0
8 7 7 13 0
8 7 7 14 0
8 7 7 15 0
8 7 8 0 0
8 7 8 1 0
8 7 8 2 0
8 7 8 3 0
8 7 8 4 0
8 7 8 5 0
8 7 8 6 0
8 7 8 7 0
8 7 8 8 0
8 7 8 9 0
8 7 8 10 0
8 7 8 11 0
8 7 8 12 0
8 7 8 13 0
8 7 8 14 0
8 7 8 15 0
8 7 9 0 0
8 7 9 1 0
8 7 9 2 0
8 7 9 3 0
8 7 9 4 0
8 7 9 5 0
8 7 9 6 0
8 7 9 7 0
8 7 9 8 0
8 7 9 9 0
8 7 9 10 0
8 7 9 11 0
8 7 9 12 0
8 7 9 13 0
8 7 9 14 0
8 7 9 15 0
8 7 10 0 0
8 7 10 1 0
8 7 10 2 0
8 7 10 3 0
8 7 10 4 0
8 7 10 5 0
8 7 10 6 0
8 7 10 7 0
8 7 10 8 0
8 7 10 9 0
8 7 10 10 0
8 7 10 11 0
8 7 10 12 0
8 7 10 13 0
8 7 10 14 0
8 7 10 15 0
8 7 11 0 0
8 7 11 1 0
8 7 11 2 0
8 7 11 3 0
8 7 11 4 0
8 7 11 5 0
8 7 11 6 0
8 7 11 7 0
8 7 11 8 0
8 7 11 9 0
8 7 11 10 0
8 7 11 11 0
8 7 11 12 0
8 7 11 13 0
8 7 11 14 0
8 7 11 15 0
8 7 12 0 0
8 7 12 1 0
8 7 12 2 0
8 7 12 3 0
8 7 12 4 0
8 7 12 5 0
8 7 12 6 0
8 7 12 7 0
8 7 12 8 0
8 7 12 9 0
8 7 12 10 0
8 7 12 11 0
8 7 12 12 0
8 7 12 13 0
8 7 12 14 0
8 7 12 15 0
8 7 13 0 0
8 7 13 1 0
8 7 13 2 0
8 7 13 3 0
8 7 13 4 0
8 7 13 5 0
8 7 13 6 0
8 7 13 7 0
8 7 13 8 0
8 7 13 9 0
8 7 13 10 0
8 7 13 11 0
8 7 13 12 0
8 7 13 13 0
8 7 13 14 0
8 7 13 15 0
8 7 14 0 0
8 7 14 1 0
8 7 14 2 0
8 7 14 3 0
8 7 14 4 0
8 7 14 5 0
8 7 14 6 0
8 7 14 7 0
8 7 14 8 0
8 7 14 9 0
8 7 14 10 0
8 7 14 11 0
8 7 14 12 0
8 7 14 13 0
8 7 14 14 0
8 7 14 15 0
8 7 15 0 0
8 7 15 1 0
8 7 15 2 0
8 7 15 3 0
8 7 15 4 0
8 7 15 5 0
8 7 15 6 0
8 7 15 7 0
8 7 15 8 0
8 7 15 9 0
8 7 15 10 0
8 7 15 11 0
8 7 15 12 0
8 7 15 13 0
8 7 15 14 0
8 7 15 15 0
8 8 0 0 0
8 8 0 1 0
8 8 0 2 0
8 8 0 3 0
8 8 0 4 0
8 8 0 5 0
8 8 0 6 0
8 8 0 7 0
8 8 0 8 0
8 8 0 9 0
8 8 0 10 0
8 8 0 11 0
8 8 0 12 0
8 8 0 13 0
8 8 0 14 0
8 8 0 15 0
8 8 1 0 0
8 8 1 1 0
8 8 1 2 0
8 8 1 3 0
8 8 1 4 0
8 8 1 5 0
8 8 1 6 0
8 8 1 7 0
8 8 1 8 0
8 8 1 9 0
8 8 1 10 0
8 8 1 11 0
8 8 1 12 0
8 8 1 13 0
8 8 1 14 0
8 8 1 15 0
8 8 2 0 0
8 8 2 1 0
8 8 2 2 0
8 8 2 3 0
8 8 2 4 0
8 8 2 5 0
8 8 2 6 0
8 8 2 7 0
8 8 2 8 0
8 8 2 9 0
8 8 2 10 0
8 8 2 11 0
8 8 2 12 0
8 8 2 13 0
8 8 2 14 0
8 8 2 15 0
8 8 3 0 0
8 8 3 1 0
8 8 3 2 0
8 8 3 3 0
8 8 3 4 0
8 8 3 5 0
8 8 3 6 0
8 8 3 7 0
8 8 3 8 0
8 8 3 9 0
8 8 3 10 0
8 8 3 11 0
8 8 3 12 0
8 8 3 13 0
8 8 3 14 0
8 8 3 15 0
8 8 4 0 0
8 8 4 1 0
8 8 4 2 0
8 8 4 3 0
8 8 4 4 0
8 8 4 5 0
8 8 4 6 0
8 8 4 7 0
8 8 4 8 0
8 8 4 9 0
8 8 4 10 0
8 8 4 11 0
8 8 4 12 0
8 8 4 13 0
8 8 4 14 0
8 8 4 15 0
8 8 5 0 0
8 8 5 1 0
8 8 5 2 0
8 8 5 3 0
8 8 5 4 0
8 8 5 5 0
8 8 5 6 0
8 8 5 7 0
8 8 5 8 0
8 8 5 9 0
8 8 5 10 0
8 8 5 11 0
8 8 5 12 0
8 8 5 13 0
8 8 5 14 0
8 8 5 15 0
8 8 6 0 0
8 8 6 1 0
8 8 6 2 0
8 8 6 3 0
8 8 6 4 0
8 8 6 5 0
8 8 6 6 0
8 8 6 7 0
8 8 6 8 0
8 8 6 9 0
8 8 6 10 0
8 8 6 11 0
8 8 6 12 0
8 8 6 13 0
8 8 6 14 0
8 8 6 15 0
8 8 7 0 0
8 8 7 1 0
8 8 7 2 0
8 8 7 3 0
8 8 7 4 0
8 8 7 5 0
8 8 7 6 0
8 8 7 7 0
8 8 7 8 0
8 8 7 9 0
8 8 7 10 0
8 8 7 11 0
8 8 7 12 0
8 8 7 13 0
8 8 7 14 0
8 8 7 15 0
8 8 8 0 0
8 8 8 1 0
8 8 8 2 0
8 8 8 3 0
8 8 8 4 0
8 8 8 5 0
8 8 8 6 0
8 8 8 7 0
8 8 8 8 0
8 8 8 9 0
8 8 8 10 0
8 8 8 11 0
8 8 8 12 0
8 8 8 13 0
8 8 8 14 0
8 8 8 15 0
8 8 9 0 0
8 8 9 1 0
8 8 9 2 0
8 8 9 3 0
8 8 9 4 0
8 8 9 5 0
8 8 9 6 0
8 8 9 7 0
8 8 9 8 0
8 8 9 9 0
8 8 9 10 0
8 8 9 11 0
8 8 9 12 0
8 8 9 13 0
8 8 9 14 0
8 8 9 15 0
8 8 10 0 0
8 8 10 1 0
8 8 10 2 0
8 8 10 3 0
8 8 10 4 0
8 8 10 5 0
8 8 10 6 0
8 8 10 7 0
8 8 10 8 0
8 8 10 9 0
8 8 10 10 0
8 8 10 11 0
8 8 10 12 0
8 8 10 13 0
8 8 10 14 0
8 8 10 15 0
8 8 11 0 0
8 8 11 1 0
8 8 11 2 0
8 8 11 3 0
8 8 11 4 0
8 8 11 5 0
8 8 11 6 0
8 8 11 7 0
8 8 11 8 0
8 8 11 9 0
8 8 11 10 0
8 8 11 11 0
8 8 11 12 0
8 8 11 13 0
8 8 11 14 0
8 8 11 15 0
8 8 12 0 0
8 8 12 1 0
8 8 12 2 0
8 8 12 3 0
8 8 12 4 0
8 8 12 5 0
8 8 12 6 0
8 8 12 7 0
8 8 12 8 0
8 8 12 9 0
8 8 12 10 0
8 8 12 11 0
8 8 12 12 0
8 8 12 13 0
8 8 12 14 0
8 8 12 15 0
8 8 13 0 0
8 8 13 1 0
8 8 13 2 0
8 8 13 3 0
8 8 13 4 0
8 8 13 5 0
8 8 13 6 0
8 8 13 7 0
8 8 13 8 0
8 8 13 9 0
8 8 13 10 0
8 8 13 11 0
8 8 13 12 0
8 8 13 13 0
8 8 13 14 0
8 8 13 15 0
8 8 14 0 0
8 8 14 1 0
8 8 14 2 0
8 8 14 3 0
8 8 14 4 0
8 8 14 5 0
8 8 14 6 0
8 8 14 7 0
8 8 14 8 0
8 8 14 9 0
8 8 14 10 0
8 8 14 11 0
8 8 14 12 0
8 8 14 13 0
8 8 14 14 0
8 8 14 15 0
8 8 15 0 0
8 8 15 1 0
8 8 15 2 0
8 8 15 3 0
8 8 15 4 0
8 8 15 5 0
8 8 15 6 0
8 8 15 7 0
8 8 15 8 0
8 8 15 9 0
8 8 15 10 0
8 8 15 11 0
8 8 15 12 0
8 8 15 13 0
8 8 15 14 0
8 8 15 15 0
8 9 0 0 0
8 9 0 1 0
8 9 0 2 0
8 9 0 3 0
8 9 0 4 0
8 9 0 5 0
8 9 0 6 0
8 9 0 7 0
8 9 0 8 0
8 9 0 9 0
8 9 0 10 0
8 9 0 11 0
8 9 0 12 0
8 9 0 13 0
8 9 0 14 0
8 9 0 15 0
8 9 1 0 0
8 9 1 1 0
8 9 1 2 0
8 9 1 3 0
8 9 1 4 0
8 9 1 5 0
8 9 1 6 0
8 9 1 7 0
8 9 1 8 0
8 9 1 9 0
8 9 1 10 0
8 9 1 11 0
8 9 1 12 0
8 9 1 13 0
8 9 1 14 0
8 9 1 15 0
8 9 2 0 0
8 9 2 1 0
8 9 2 2 0
8 9 2 3 0
8 9 2 4 0
8 9 2 5 0
8 9 2 6 0
8 9 2 7 0
8 9 2 8 0
8 9 2 9 0
8 9 2 10 0
8 9 2 11 0
8 9 2 12 0
8 9 2 13 0
8 9 2 14 0
8 9 2 15 0
8 9 3 0 0
8 9 3 1 0
8 9 3 2 0
8 9 3 3 0
8 9 3 4 0
8 9 3 5 0
8 9 3 6 0
8 9 3 7 0
8 9 3 8 0
8 9 3 9 0
8 9 3 10 0
8 9 3 11 0
8 9 3 12 0
8 9 3 13 0
8 9 3 14 0
8 9 3 15 0
8 9 4 0 0
8 9 4 1 0
8 9 4 2 0
8 9 4 3 0
8 9 4 4 0
8 9 4 5 0
8 9 4 6 0
8 9 4 7 0
8 9 4 8 0
8 9 4 9 0
8 9 4 10 0
8 9 4 11 0
8 9 4 12 0
8 9 4 13 0
8 9 4 14 0
8 9 4 15 0
8 9 5 0 0
8 9 5 1 0
8 9 5 2 0
8 9 5 3 0
8 9 5 4 0
8 9 5 5 0
8 9 5 6 0
8 9 5 7 0
8 9 5 8 0
8 9 5 9 0
8 9 5 10 0
8 9 5 11 0
8 9 5 12 0
8 9 5 13 0
8 9 5 14 0
8 9 5 15 0
8 9 6 0 0
8 9 6 1 0
8 9 6 2 0
8 9 6 3 0
8 9 6 4 0
8 9 6 5 0
8 9 6 6 0
8 9 6 7 0
8 9 6 8 0
8 9 6 9 0
8 9 6 10 0
8 9 6 11 0
8 9 6 12 0
8 9 6 13 0
8 9 6 14 0
8 9 6 15 0
8 9 7 0 0
8 9 7 1 0
8 9 7 2 0
8 9 7 3 0
8 9 7 4 0
8 9 7 5 0
8 9 7 6 0
8 9 7 7 0
8 9 7 8 0
8 9 7 9 0
8 9 7 10 0
8 9 7 11 0
8 9 7 12 0
8 9 7 13 0
8 9 7 14 0
8 9 7 15 0
8 9 8 0 0
8 9 8 1 0
8 9 8 2 0
8 9 8 3 0
8 9 8 4 0
8 9 8 5 0
8 9 8 6 0
8 9 8 7 0
8 9 8 8 0
8 9 8 9 0
8 9 8 10 0
8 9 8 11 0
8 9 8 12 0
8 9 8 13 0
8 9 8 14 0
8 9 8 15 0
8 9 9 0 0
8 9 9 1 0
8 9 9 2 0
8 9 9 3 0
8 9 9 4 0
8 9 9 5 0
8 9 9 6 0
8 9 9 7 0
8 9 9 8 0
8 9 9 9 0
8 9 9 10 0
8 9 9 11 0
8 9 9 12 0
8 9 9 13 0
8 9 9 14 0
8 9 9 15 0
8 9 10 0 0
8 9 10 1 0
8 9 10 2 0
8 9 10 3 0
8 9 10 4 0
8 9 10 5 0
8 9 10 6 0
8 9 10 7 0
8 9 10 8 0
8 9 10 9 0
8 9 10 10 0
8 9 10 11 0
8 9 10 12 0
8 9 10 13 0
8 9 10 14 0
8 9 10 15 0
8 9 11 0 0
8 9 11 1 0
8 9 11 2 0
8 9 11 3 0
8 9 11 4 0
8 9 11 5 0
8 9 11 6 0
8 9 11 7 0
8 9 11 8 0
8 9 11 9 0
8 9 11 10 0
8 9 11 11 0
8 9 11 12 0
8 9 11 13 0
8 9 11 14 0
8 9 11 15 0
8 9 12 0 0
8 9 12 1 0
8 9 12 2 0
8 9 12 3 0
8 9 12 4 0
8 9 12 5 0
8 9 12 6 0
8 9 12 7 0
8 9 12 8 0
8 9 12 9 0
8 9 12 10 0
8 9 12 11 0
8 9 12 12 0
8 9 12 13 0
8 9 12 14 0
8 9 12 15 0
8 9 13 0 0
8 9 13 1 0
8 9 13 2 0
8 9 13 3 0
8 9 13 4 0
8 9 13 5 0
8 9 13 6 0
8 9 13 7 0
8 9 13 8 0
8 9 13 9 0
8 9 13 10 0
8 9 13 11 0
8 9 13 12 0
8 9 13 13 0
8 9 13 14 0
8 9 13 15 0
8 9 14 0 0
8 9 14 1 0
8 9 14 2 0
8 9 14 3 0
8 9 14 4 0
8 9 14 5 0
8 9 14 6 0
8 9 14 7 0
8 9 14 8 0
8 9 14 9 0
8 9 14 10 0
8 9 14 11 0
8 9 14 12 0
8 9 14 13 0
8 9 14 14 0
8 9 14 15 0
8 9 15 0 0
8 9 15 1 0
8 9 15 2 0
8 9 15 3 0
8 9 15 4 0
8 9 15 5 0
8 9 15 6 0
8 9 15 7 0
8 9 15 8 0
8 9 15 9 0
8 9 15 10 0
8 9 15 11 0
8 9 15 12 0
8 9 15 13 0
8 9 15 14 0
8 9 15 15 0
8 10 0 0 0
8 10 0 1 0
8 10 0 2 0
8 10 0 3 0
8 10 0 4 0
8 10 0 5 0
8 10 0 6 0
8 10 0 7 0
8 10 0 8 0
8 10 0 9 0
8 10 0 10 0
8 10 0 11 0
8 10 0 12 0
8 10 0 13 0
8 10 0 14 0
8 10 0 15 0
8 10 1 0 0
8 10 1 1 0
8 10 1 2 0
8 10 1 3 0
8 10 1 4 0
8 10 1 5 0
8 10 1 6 0
8 10 1 7 0
8 10 1 8 0
8 10 1 9 0
8 10 1 10 0
8 10 1 11 0
8 10 1 12 0
8 10 1 13 0
8 10 1 14 0
8 10 1 15 0
8 10 2 0 0
8 10 2 1 0
8 10 2 2 0
8 10 2 3 0
8 10 2 4 0
8 10 2 5 0
8 10 2 6 0
8 10 2 7 0
8 10 2 8 0
8 10 2 9 0
8 10 2 10 0
8 10 2 11 0
8 10 2 12 0
8 10 2 13 0
8 10 2 14 0
8 10 2 15 0
8 10 3 0 0
8 10 3 1 0
8 10 3 2 0
8 10 3 3 0
8 10 3 4 0
8 10 3 5 0
8 10 3 6 0
8 10 3 7 0
8 10 3 8 0
8 10 3 9 0
8 10 3 10 0
8 10 3 11 0
8 10 3 12 0
8 10 3 13 0
8 10 3 14 0
8 10 3 15 0
8 10 4 0 0
8 10 4 1 0
8 10 4 2 0
8 10 4 3 0
8 10 4 4 0
8 10 4 5 0
8 10 4 6 0
8 10 4 7 0
8 10 4 8 0
8 10 4 9 0
8 10 4 10 0
8 10 4 11 0
8 10 4 12 0
8 10 4 13 0
8 10 4 14 0
8 10 4 15 0
8 10 5 0 0
8 10 5 1 0
8 10 5 2 0
8 10 5 3 0
8 10 5 4 0
8 10 5 5 0
8 10 5 6 0
8 10 5 7 0
8 10 5 8 0
8 10 5 9 0
8 10 5 10 0
8 10 5 11 0
8 10 5 12 0
8 10 5 13 0
8 10 5 14 0
8 10 5 15 0
8 10 6 0 0
8 10 6 1 0
8 10 6 2 0
8 10 6 3 0
8 10 6 4 0
8 10 6 5 0
8 10 6 6 0
8 10 6 7 0
8 10 6 8 0
8 10 6 9 0
8 10 6 10 0
8 10 6 11 0
8 10 6 12 0
8 10 6 13 0
8 10 6 14 0
8 10 6 15 0
8 10 7 0 0
8 10 7 1 0
8 10 7 2 0
8 10 7 3 0
8 10 7 4 0
8 10 7 5 0
8 10 7 6 0
8 10 7 7 0
8 10 7 8 0
8 10 7 9 0
8 10 7 10 0
8 10 7 11 0
8 10 7 12 0
8 10 7 13 0
8 10 7 14 0
8 10 7 15 0
8 10 8 0 0
8 10 8 1 0
8 10 8 2 0
8 10 8 3 0
8 10 8 4 0
8 10 8 5 0
8 10 8 6 0
8 10 8 7 0
8 10 8 8 0
8 10 8 9 0
8 10 8 10 0
8 10 8 11 0
8 10 8 12 0
8 10 8 13 0
8 10 8 14 0
8 10 8 15 0
8 10 9 0 0
8 10 9 1 0
8 10 9 2 0
8 10 9 3 0
8 10 9 4 0
8 10 9 5 0
8 10 9 6 0
8 10 9 7 0
8 10 9 8 0
8 10 9 9 0
8 10 9 10 0
8 10 9 11 0
8 10 9 12 0
8 10 9 13 0
8 10 9 14 0
8 10 9 15 0
8 10 10 0 0
8 10 10 1 0
8 10 10 2 0
8 10 10 3 0
8 10 10 4 0
8 10 10 5 0
8 10 10 6 0
8 10 10 7 0
8 10 10 8 0
8 10 10 9 0
8 10 10 10 0
8 10 10 11 0
8 10 10 12 0
8 10 10 13 0
8 10 10 14 0
8 10 10 15 0
8 10 11 0 0
8 10 11 1 0
8 10 11 2 0
8 10 11 3 0
8 10 11 4 0
8 10 11 5 0
8 10 11 6 0
8 10 11 7 0
8 10 11 8 0
8 10 11 9 0
8 10 11 10 0
8 10 11 11 0
8 10 11 12 0
8 10 11 13 0
8 10 11 14 0
8 10 11 15 0
8 10 12 0 0
8 10 12 1 0
8 10 12 2 0
8 10 12 3 0
8 10 12 4 0
8 10 12 5 0
8 10 12 6 0
8 10 12 7 0
8 10 12 8 0
8 10 12 9 0
8 10 12 10 0
8 10 12 11 0
8 10 12 12 0
8 10 12 13 0
8 10 12 14 0
8 10 12 15 0
8 10 13 0 0
8 10 13 1 0
8 10 13 2 0
8 10 13 3 0
8 10 13 4 0
8 10 13 5 0
8 10 13 6 0
8 10 13 7 0
8 10 13 8 0
8 10 13 9 0
8 10 13 10 0
8 10 13 11 0
8 10 13 12 0
8 10 13 13 0
8 10 13 14 0
8 10 13 15 0
8 10 14 0 0
8 10 14 1 0
8 10 14 2 0
8 10 14 3 0
8 10 14 4 0
8 10 14 5 0
8 10 14 6 0
8 10 14 7 0
8 10 14 8 0
8 10 14 9 0
8 10 14 10 0
8 10 14 11 0
8 10 14 12 0
8 10 14 13 0
8 10 14 14 0
8 10 14 15 0
8 10 15 0 0
8 10 15 1 0
8 10 15 2 0
8 10 15 3 0
8 10 15 4 0
8 10 15 5 0
8 10 15 6 0
8 10 15 7 0
8 10 15 8 0
8 10 15 9 0
8 10 15 10 0
8 10 15 11 0
8 10 15 12 0
8 10 15 13 0
8 10 15 14 0
8 10 15 15 0
8 11 0 0 0
8 11 0 1 0
8 11 0 2 0
8 11 0 3 0
8 11 0 4 0
8 11 0 5 0
8 11 0 6 0
8 11 0 7 0
8 11 0 8 0
8 11 0 9 0
8 11 0 10 0
8 11 0 11 0
8 11 0 12 0
8 11 0 13 0
8 11 0 14 0
8 11 0 15 0
8 11 1 0 0
8 11 1 1 0
8 11 1 2 0
8 11 1 3 0
8 11 1 4 0
8 11 1 5 0
8 11 1 6 0
8 11 1 7 0
8 11 1 8 0
8 11 1 9 0
8 11 1 10 0
8 11 1 11 0
8 11 1 12 0
8 11 1 13 0
8 11 1 14 0
8 11 1 15 0
8 11 2 0 0
8 11 2 1 0
8 11 2 2 0
8 11 2 3 0
8 11 2 4 0
8 11 2 5 0
8 11 2 6 0
8 11 2 7 0
8 11 2 8 0
8 11 2 9 0
8 11 2 10 0
8 11 2 11 0
8 11 2 12 0
8 11 2 13 0
8 11 2 14 0
8 11 2 15 0
8 11 3 0 0
8 11 3 1 0
8 11 3 2 0
8 11 3 3 0
8 11 3 4 0
8 11 3 5 0
8 11 3 6 0
8 11 3 7 0
8 11 3 8 0
8 11 3 9 0
8 11 3 10 0
8 11 3 11 0
8 11 3 12 0
8 11 3 13 0
8 11 3 14 0
8 11 3 15 0
8 11 4 0 0
8 11 4 1 0
8 11 4 2 0
8 11 4 3 0
8 11 4 4 0
8 11 4 5 0
8 11 4 6 0
8 11 4 7 0
8 11 4 8 0
8 11 4 9 0
8 11 4 10 0
8 11 4 11 0
8 11 4 12 0
8 11 4 13 0
8 11 4 14 0
8 11 4 15 0
8 11 5 0 0
8 11 5 1 0
8 11 5 2 0
8 11 5 3 0
8 11 5 4 0
8 11 5 5 0
8 11 5 6 0
8 11 5 7 0
8 11 5 8 0
8 11 5 9 0
8 11 5 10 0
8 11 5 11 0
8 11 5 12 0
8 11 5 13 0
8 11 5 14 0
8 11 5 15 0
8 11 6 0 0
8 11 6 1 0
8 11 6 2 0
8 11 6 3 0
8 11 6 4 0
8 11 6 5 0
8 11 6 6 0
8 11 6 7 0
8 11 6 8 0
8 11 6 9 0
8 11 6 10 0
8 11 6 11 0
8 11 6 12 0
8 11 6 13 0
8 11 6 14 0
8 11 6 15 0
8 11 7 0 0
8 11 7 1 0
8 11 7 2 0
8 11 7 3 0
8 11 7 4 0
8 11 7 5 0
8 11 7 6 0
8 11 7 7 0
8 11 7 8 0
8 11 7 9 0
8 11 7 10 0
8 11 7 11 0
8 11 7 12 0
8 11 7 13 0
8 11 7 14 0
8 11 7 15 0
8 11 8 0 0
8 11 8 1 0
8 11 8 2 0
8 11 8 3 0
8 11 8 4 0
8 11 8 5 0
8 11 8 6 0
8 11 8 7 0
8 11 8 8 0
8 11 8 9 0
8 11 8 10 0
8 11 8 11 0
8 11 8 12 0
8 11 8 13 0
8 11 8 14 0
8 11 8 15 0
8 11 9 0 0
8 11 9 1 0
8 11 9 2 0
8 11 9 3 0
8 11 9 4 0
8 11 9 5 0
8 11 9 6 0
8 11 9 7 0
8 11 9 8 0
8 11 9 9 0
8 11 9 10 0
8 11 9 11 0
8 11 9 12 0
8 11 9 13 0
8 11 9 14 0
8 11 9 15 0
8 11 10 0 0
8 11 10 1 0
8 11 10 2 0
8 11 10 3 0
8 11 10 4 0
8 11 10 5 0
8 11 10 6 0
8 11 10 7 0
8 11 10 8 0
8 11 10 9 0
8 11 10 10 0
8 11 10 11 0
8 11 10 12 0
8 11 10 13 0
8 11 10 14 0
8 11 10 15 0
8 11 11 0 0
8 11 11 1 0
8 11 11 2 0
8 11 11 3 0
8 11 11 4 0
8 11 11 5 0
8 11 11 6 0
8 11 11 7 0
8 11 11 8 0
8 11 11 9 0
8 11 11 10 0
8 11 11 11 0
8 11 11 12 0
8 11 11 13 0
8 11 11 14 0
8 11 11 15 0
8 11 12 0 0
8 11 12 1 0
8 11 12 2 0
8 11 12 3 0
8 11 12 4 0
8 11 12 5 0
8 11 12 6 0
8 11 12 7 0
8 11 12 8 0
8 11 12 9 0
8 11 12 10 0
8 11 12 11 0
8 11 12 12 0
8 11 12 13 0
8 11 12 14 0
8 11 12 15 0
8 11 13 0 0
8 11 13 1 0
8 11 13 2 0
8 11 13 3 0
8 11 13 4 0
8 11 13 5 0
8 11 13 6 0
8 11 13 7 0
8 11 13 8 0
8 11 13 9 0
8 11 13 10 0
8 11 13 11 0
8 11 13 12 0
8 11 13 13 0
8 11 13 14 0
8 11 13 15 0
8 11 14 0 0
8 11 14 1 0
8 11 14 2 0
8 11 14 3 0
8 11 14 4 0
8 11 14 5 0
8 11 14 6 0
8 11 14 7 0
8 11 14 8 0
8 11 14 9 0
8 11 14 10 0
8 11 14 11 0
8 11 14 12 0
8 11 14 13 0
8 11 14 14 0
8 11 14 15 0
8 11 15 0 0
8 11 15 1 0
8 11 15 2 0
8 11 15 3 0
8 11 15 4 0
8 11 15 5 0
8 11 15 6 0
8 11 15 7 0
8 11 15 8 0
8 11 15 9 0
8 11 15 10 0
8 11 15 11 0
8 11 15 12 0
8 11 15 13 0
8 11 15 14 0
8 11 15 15 0
8 12 0 0 0
8 12 0 1 0
8 12 0 2 0
8 12 0 3 0
8 12 0 4 0
8 12 0 5 0
8 12 0 6 0
8 12 0 7 0
8 12 0 8 0
8 12 0 9 0
8 12 0 10 0
8 12 0 11 0
8 12 0 12 0
8 12 0 13 0
8 12 0 14 0
8 12 0 15 0
8 12 1 0 0
8 12 1 1 0
8 12 1 2 0
8 12 1 3 0
8 12 1 4 0
8 12 1 5 0
8 12 1 6 0
8 12 1 7 0
8 12 1 8 0
8 12 1 9 0
8 12 1 10 0
8 12 1 11 0
8 12 1 12 0
8 12 1 13 0
8 12 1 14 0
8 12 1 15 0
8 12 2 0 0
8 12 2 1 0
8 12 2 2 0
8 12 2 3 0
8 12 2 4 0
8 12 2 5 0
8 12 2 6 0
8 12 2 7 0
8 12 2 8 0
8 12 2 9 0
8 12 2 10 0
8 12 2 11 0
8 12 2 12 0
8 12 2 13 0
8 12 2 14 0
8 12 2 15 0
8 12 3 0 0
8 12 3 1 0
8 12 3 2 0
8 12 3 3 0
8 12 3 4 0
8 12 3 5 0
8 12 3 6 0
8 12 3 7 0
8 12 3 8 0
8 12 3 9 0
8 12 3 10 0
8 12 3 11 0
8 12 3 12 0
8 12 3 13 0
8 12 3 14 0
8 12 3 15 0
8 12 4 0 0
8 12 4 1 0
8 12 4 2 0
8 12 4 3 0
8 12 4 4 0
8 12 4 5 0
8 12 4 6 0
8 12 4 7 0
8 12 4 8 0
8 12 4 9 0
8 12 4 10 0
8 12 4 11 0
8 12 4 12 0
8 12 4 13 0
8 12 4 14 0
8 12 4 15 0
8 12 5 0 0
8 12 5 1 0
8 12 5 2 0
8 12 5 3 0
8 12 5 4 0
8 12 5 5 0
8 12 5 6 0
8 12 5 7 0
8 12 5 8 0
8 12 5 9 0
8 12 5 10 0
8 12 5 11 0
8 12 5 12 0
8 12 5 13 0
8 12 5 14 0
8 12 5 15 0
8 12 6 0 0
8 12 6 1 0
8 12 6 2 0
8 12 6 3 0
8 12 6 4 0
8 12 6 5 0
8 12 6 6 0
8 12 6 7 0
8 12 6 8 0
8 12 6 9 0
8 12 6 10 0
8 12 6 11 0
8 12 6 12 0
8 12 6 13 0
8 12 6 14 0
8 12 6 15 0
8 12 7 0 0
8 12 7 1 0
8 12 7 2 0
8 12 7 3 0
8 12 7 4 0
8 12 7 5 0
8 12 7 6 0
8 12 7 7 0
8 12 7 8 0
8 12 7 9 0
8 12 7 10 0
8 12 7 11 0
8 12 7 12 0
8 12 7 13 0
8 12 7 14 0
8 12 7 15 0
8 12 8 0 0
8 12 8 1 0
8 12 8 2 0
8 12 8 3 0
8 12 8 4 0
8 12 8 5 0
8 12 8 6 0
8 12 8 7 0
8 12 8 8 0
8 12 8 9 0
8 12 8 10 0
8 12 8 11 0
8 12 8 12 0
8 12 8 13 0
8 12 8 14 0
8 12 8 15 0
8 12 9 0 0
8 12 9 1 0
8 12 9 2 0
8 12 9 3 0
8 12 9 4 0
8 12 9 5 0
8 12 9 6 0
8 12 9 7 0
8 12 9 8 0
8 12 9 9 0
8 12 9 10 0
8 12 9 11 0
8 12 9 12 0
8 12 9 13 0
8 12 9 14 0
8 12 9 15 0
8 12 10 0 0
8 12 10 1 0
8 12 10 2 0
8 12 10 3 0
8 12 10 4 0
8 12 10 5 0
8 12 10 6 0
8 12 10 7 0
8 12 10 8 0
8 12 10 9 0
8 12 10 10 0
8 12 10 11 0
8 12 10 12 0
8 12 10 13 0
8 12 10 14 0
8 12 10 15 0
8 12 11 0 0
8 12 11 1 0
8 12 11 2 0
8 12 11 3 0
8 12 11 4 0
8 12 11 5 0
8 12 11 6 0
8 12 11 7 0
8 12 11 8 0
8 12 11 9 0
8 12 11 10 0
8 12 11 11 0
8 12 11 12 0
8 12 11 13 0
8 12 11 14 0
8 12 11 15 0
8 12 12 0 0
8 12 12 1 0
8 12 12 2 0
8 12 12 3 0
8 12 12 4 0
8 12 12 5 0
8 12 12 6 0
8 12 12 7 0
8 12 12 8 0
8 12 12 9 0
8 12 12 10 0
8 12 12 11 0
8 12 12 12 0
8 12 12 13 0
8 12 12 14 0
8 12 12 15 0
8 12 13 0 0
8 12 13 1 0
8 12 13 2 0
8 12 13 3 0
8 12 13 4 0
8 12 13 5 0
8 12 13 6 0
8 12 13 7 0
8 12 13 8 0
8 12 13 9 0
8 12 13 10 0
8 12 13 11 0
8 12 13 12 0
8 12 13 13 0
8 12 13 14 0
8 12 13 15 0
8 12 14 0 0
8 12 14 1 0
8 12 14 2 0
8 12 14 3 0
8 12 14 4 0
8 12 14 5 0
8 12 14 6 0
8 12 14 7 0
8 12 14 8 0
8 12 14 9 0
8 12 14 10 0
8 12 14 11 0
8 12 14 12 0
8 12 14 13 0
8 12 14 14 0
8 12 14 15 0
8 12 15 0 0
8 12 15 1 0
8 12 15 2 0
8 12 15 3 0
8 12 15 4 0
8 12 15 5 0
8 12 15 6 0
8 12 15 7 0
8 12 15 8 0
8 12 15 9 0
8 12 15 10 0
8 12 15 11 0
8 12 15 12 0
8 12 15 13 0
8 12 15 14 0
8 12 15 15 0
8 13 0 0 0
8 13 0 1 0
8 13 0 2 0
8 13 0 3 0
8 13 0 4 0
8 13 0 5 0
8 13 0 6 0
8 13 0 7 0
8 13 0 8 0
8 13 0 9 0
8 13 0 10 0
8 13 0 11 0
8 13 0 12 0
8 13 0 13 0
8 13 0 14 0
8 13 0 15 0
8 13 1 0 0
8 13 1 1 0
8 13 1 2 0
8 13 1 3 0
8 13 1 4 0
8 13 1 5 0
8 13 1 6 0
8 13 1 7 0
8 13 1 8 0
8 13 1 9 0
8 13 1 10 0
8 13 1 11 0
8 13 1 12 0
8 13 1 13 0
8 13 1 14 0
8 13 1 15 0
8 13 2 0 0
8 13 2 1 0
8 13 2 2 0
8 13 2 3 0
8 13 2 4 0
8 13 2 5 0
8 13 2 6 0
8 13 2 7 0
8 13 2 8 0
8 13 2 9 0
8 13 2 10 0
8 13 2 11 0
8 13 2 12 0
8 13 2 13 0
8 13 2 14 0
8 13 2 15 0
8 13 3 0 0
8 13 3 1 0
8 13 3 2 0
8 13 3 3 0
8 13 3 4 0
8 13 3 5 0
8 13 3 6 0
8 13 3 7 0
8 13 3 8 0
8 13 3 9 0
8 13 3 10 0
8 13 3 11 0
8 13 3 12 0
8 13 3 13 0
8 13 3 14 0
8 13 3 15 0
8 13 4 0 0
8 13 4 1 0
8 13 4 2 0
8 13 4 3 0
8 13 4 4 0
8 13 4 5 0
8 13 4 6 0
8 13 4 7 0
8 13 4 8 0
8 13 4 9 0
8 13 4 10 0
8 13 4 11 0
8 13 4 12 0
8 13 4 13 0
8 13 4 14 0
8 13 4 15 0
8 13 5 0 0
8 13 5 1 0
8 13 5 2 0
8 13 5 3 0
8 13 5 4 0
8 13 5 5 0
8 13 5 6 0
8 13 5 7 0
8 13 5 8 0
8 13 5 9 0
8 13 5 10 0
8 13 5 11 0
8 13 5 12 0
8 13 5 13 0
8 13 5 14 0
8 13 5 15 0
8 13 6 0 0
8 13 6 1 0
8 13 6 2 0
8 13 6 3 0
8 13 6 4 0
8 13 6 5 0
8 13 6 6 0
8 13 6 7 0
8 13 6 8 0
8 13 6 9 0
8 13 6 10 0
8 13 6 11 0
8 13 6 12 0
8 13 6 13 0
8 13 6 14 0
8 13 6 15 0
8 13 7 0 0
8 13 7 1 0
8 13 7 2 0
8 13 7 3 0
8 13 7 4 0
8 13 7 5 0
8 13 7 6 0
8 13 7 7 0
8 13 7 8 0
8 13 7 9 0
8 13 7 10 0
8 13 7 11 0
8 13 7 12 0
8 13 7 13 0
8 13 7 14 0
8 13 7 15 0
8 13 8 0 0
8 13 8 1 0
8 13 8 2 0
8 13 8 3 0
8 13 8 4 0
8 13 8 5 0
8 13 8 6 0
8 13 8 7 0
8 13 8 8 0
8 13 8 9 0
8 13 8 10 0
8 13 8 11 0
8 13 8 12 0
8 13 8 13 0
8 13 8 14 0
8 13 8 15 0
8 13 9 0 0
8 13 9 1 0
8 13 9 2 0
8 13 9 3 0
8 13 9 4 0
8 13 9 5 0
8 13 9 6 0
8 13 9 7 0
8 13 9 8 0
8 13 9 9 0
8 13 9 10 0
8 13 9 11 0
8 13 9 12 0
8 13 9 13 0
8 13 9 14 0
8 13 9 15 0
8 13 10 0 0
8 13 10 1 0
8 13 10 2 0
8 13 10 3 0
8 13 10 4 0
8 13 10 5 0
8 13 10 6 0
8 13 10 7 0
8 13 10 8 0
8 13 10 9 0
8 13 10 10 0
8 13 10 11 0
8 13 10 12 0
8 13 10 13 0
8 13 10 14 0
8 13 10 15 0
8 13 11 0 0
8 13 11 1 0
8 13 11 2 0
8 13 11 3 0
8 13 11 4 0
8 13 11 5 0
8 13 11 6 0
8 13 11 7 0
8 13 11 8 0
8 13 11 9 0
8 13 11 10 0
8 13 11 11 0
8 13 11 12 0
8 13 11 13 0
8 13 11 14 0
8 13 11 15 0
8 13 12 0 0
8 13 12 1 0
8 13 12 2 0
8 13 12 3 0
8 13 12 4 0
8 13 12 5 0
8 13 12 6 0
8 13 12 7 0
8 13 12 8 0
8 13 12 9 0
8 13 12 10 0
8 13 12 11 0
8 13 12 12 0
8 13 12 13 0
8 13 12 14 0
8 13 12 15 0
8 13 13 0 0
8 13 13 1 0
8 13 13 2 0
8 13 13 3 0
8 13 13 4 0
8 13 13 5 0
8 13 13 6 0
8 13 13 7 0
8 13 13 8 0
8 13 13 9 0
8 13 13 10 0
8 13 13 11 0
8 13 13 12 0
8 13 13 13 0
8 13 13 14 0
8 13 13 15 0
8 13 14 0 0
8 13 14 1 0
8 13 14 2 0
8 13 14 3 0
8 13 14 4 0
8 13 14 5 0
8 13 14 6 0
8 13 14 7 0
8 13 14 8 0
8 13 14 9 0
8 13 14 10 0
8 13 14 11 0
8 13 14 12 0
8 13 14 13 0
8 13 14 14 0
8 13 14 15 0
8 13 15 0 0
8 13 15 1 0
8 13 15 2 0
8 13 15 3 0
8 13 15 4 0
8 13 15 5 0
8 13 15 6 0
8 13 15 7 0
8 13 15 8 0
8 13 15 9 0
8 13 15 10 0
8 13 15 11 0
8 13 15 12 0
8 13 15 13 0
8 13 15 14 0
8 13 15 15 0
8 14 0 0 0
8 14 0 1 0
8 14 0 2 0
8 14 0 3 0
8 14 0 4 0
8 14 0 5 0
8 14 0 6 0
8 14 0 7 0
8 14 0 8 0
8 14 0 9 0
8 14 0 10 0
8 14 0 11 0
8 14 0 12 0
8 14 0 13 0
8 14 0 14 0
8 14 0 15 0
8 14 1 0 0
8 14 1 1 0
8 14 1 2 0
8 14 1 3 0
8 14 1 4 0
8 14 1 5 0
8 14 1 6 0
8 14 1 7 0
8 14 1 8 0
8 14 1 9 0
8 14 1 10 0
8 14 1 11 0
8 14 1 12 0
8 14 1 13 0
8 14 1 14 0
8 14 1 15 0
8 14 2 0 0
8 14 2 1 0
8 14 2 2 0
8 14 2 3 0
8 14 2 4 0
8 14 2 5 0
8 14 2 6 0
8 14 2 7 0
8 14 2 8 0
8 14 2 9 0
8 14 2 10 0
8 14 2 11 0
8 14 2 12 0
8 14 2 13 0
8 14 2 14 0
8 14 2 15 0
8 14 3 0 0
8 14 3 1 0
8 14 3 2 0
8 14 3 3 0
8 14 3 4 0
8 14 3 5 0
8 14 3 6 0
8 14 3 7 0
8 14 3 8 0
8 14 3 9 0
8 14 3 10 0
8 14 3 11 0
8 14 3 12 0
8 14 3 13 0
8 14 3 14 0
8 14 3 15 0
8 14 4 0 0
8 14 4 1 0
8 14 4 2 0
8 14 4 3 0
8 14 4 4 0
8 14 4 5 0
8 14 4 6 0
8 14 4 7 0
8 14 4 8 0
8 14 4 9 0
8 14 4 10 0
8 14 4 11 0
8 14 4 12 0
8 14 4 13 0
8 14 4 14 0
8 14 4 15 0
8 14 5 0 0
8 14 5 1 0
8 14 5 2 0
8 14 5 3 0
8 14 5 4 0
8 14 5 5 0
8 14 5 6 0
8 14 5 7 0
8 14 5 8 0
8 14 5 9 0
8 14 5 10 0
8 14 5 11 0
8 14 5 12 0
8 14 5 13 0
8 14 5 14 0
8 14 5 15 0
8 14 6 0 0
8 14 6 1 0
8 14 6 2 0
8 14 6 3 0
8 14 6 4 0
8 14 6 5 0
8 14 6 6 0
8 14 6 7 0
8 14 6 8 0
8 14 6 9 0
8 14 6 10 0
8 14 6 11 0
8 14 6 12 0
8 14 6 13 0
8 14 6 14 0
8 14 6 15 0
8 14 7 0 0
8 14 7 1 0
8 14 7 2 0
8 14 7 3 0
8 14 7 4 0
8 14 7 5 0
8 14 7 6 0
8 14 7 7 0
8 14 7 8 0
8 14 7 9 0
8 14 7 10 0
8 14 7 11 0
8 14 7 12 0
8 14 7 13 0
8 14 7 14 0
8 14 7 15 0
8 14 8 0 0
8 14 8 1 0
8 14 8 2 0
8 14 8 3 0
8 14 8 4 0
8 14 8 5 0
8 14 8 6 0
8 14 8 7 0
8 14 8 8 0
8 14 8 9 0
8 14 8 10 0
8 14 8 11 0
8 14 8 12 0
8 14 8 13 0
8 14 8 14 0
8 14 8 15 0
8 14 9 0 0
8 14 9 1 0
8 14 9 2 0
8 14 9 3 0
8 14 9 4 0
8 14 9 5 0
8 14 9 6 0
8 14 9 7 0
8 14 9 8 0
8 14 9 9 0
8 14 9 10 0
8 14 9 11 0
8 14 9 12 0
8 14 9 13 0
8 14 9 14 0
8 14 9 15 0
8 14 10 0 0
8 14 10 1 0
8 14 10 2 0
8 14 10 3 0
8 14 10 4 0
8 14 10 5 0
8 14 10 6 0
8 14 10 7 0
8 14 10 8 0
8 14 10 9 0
8 14 10 10 0
8 14 10 11 0
8 14 10 12 0
8 14 10 13 0
8 14 10 14 0
8 14 10 15 0
8 14 11 0 0
8 14 11 1 0
8 14 11 2 0
8 14 11 3 0
8 14 11 4 0
8 14 11 5 0
8 14 11 6 0
8 14 11 7 0
8 14 11 8 0
8 14 11 9 0
8 14 11 10 0
8 14 11 11 0
8 14 11 12 0
8 14 11 13 0
8 14 11 14 0
8 14 11 15 0
8 14 12 0 0
8 14 12 1 0
8 14 12 2 0
8 14 12 3 0
8 14 12 4 0
8 14 12 5 0
8 14 12 6 0
8 14 12 7 0
8 14 12 8 0
8 14 12 9 0
8 14 12 10 0
8 14 12 11 0
8 14 12 12 0
8 14 12 13 0
8 14 12 14 0
8 14 12 15 0
8 14 13 0 0
8 14 13 1 0
8 14 13 2 0
8 14 13 3 0
8 14 13 4 0
8 14 13 5 0
8 14 13 6 0
8 14 13 7 0
8 14 13 8 0
8 14 13 9 0
8 14 13 10 0
8 14 13 11 0
8 14 13 12 0
8 14 13 13 0
8 14 13 14 0
8 14 13 15 0
8 14 14 0 0
8 14 14 1 0
8 14 14 2 0
8 14 14 3 0
8 14 14 4 0
8 14 14 5 0
8 14 14 6 0
8 14 14 7 0
8 14 14 8 0
8 14 14 9 0
8 14 14 10 0
8 14 14 11 0
8 14 14 12 0
8 14 14 13 0
8 14 14 14 0
8 14 14 15 0
8 14 15 0 0
8 14 15 1 0
8 14 15 2 0
8 14 15 3 0
8 14 15 4 0
8 14 15 5 0
8 14 15 6 0
8 14 15 7 0
8 14 15 8 0
8 14 15 9 0
8 14 15 10 0
8 14 15 11 0
8 14 15 12 0
8 14 15 13 0
8 14 15 14 0
8 14 15 15 0
8 15 0 0 0
8 15 0 1 0
8 15 0 2 0
8 15 0 3 0
8 15 0 4 0
8 15 0 5 0
8 15 0 6 0
8 15 0 7 0
8 15 0 8 0
8 15 0 9 0
8 15 0 10 0
8 15 0 11 0
8 15 0 12 0
8 15 0 13 0
8 15 0 14 0
8 15 0 15 0
8 15 1 0 0
8 15 1 1 0
8 15 1 2 0
8 15 1 3 0
8 15 1 4 0
8 15 1 5 0
8 15 1 6 0
8 15 1 7 0
8 15 1 8 0
8 15 1 9 0
8 15 1 10 0
8 15 1 11 0
8 15 1 12 0
8 15 1 13 0
8 15 1 14 0
8 15 1 15 0
8 15 2 0 0
8 15 2 1 0
8 15 2 2 0
8 15 2 3 0
8 15 2 4 0
8 15 2 5 0
8 15 2 6 0
8 15 2 7 0
8 15 2 8 0
8 15 2 9 0
8 15 2 10 0
8 15 2 11 0
8 15 2 12 0
8 15 2 13 0
8 15 2 14 0
8 15 2 15 0
8 15 3 0 0
8 15 3 1 0
8 15 3 2 0
8 15 3 3 0
8 15 3 4 0
8 15 3 5 0
8 15 3 6 0
8 15 3 7 0
8 15 3 8 0
8 15 3 9 0
8 15 3 10 0
8 15 3 11 0
8 15 3 12 0
8 15 3 13 0
8 15 3 14 0
8 15 3 15 0
8 15 4 0 0
8 15 4 1 0
8 15 4 2 0
8 15 4 3 0
8 15 4 4 0
8 15 4 5 0
8 15 4 6 0
8 15 4 7 0
8 15 4 8 0
8 15 4 9 0
8 15 4 10 0
8 15 4 11 0
8 15 4 12 0
8 15 4 13 0
8 15 4 14 0
8 15 4 15 0
8 15 5 0 0
8 15 5 1 0
8 15 5 2 0
8 15 5 3 0
8 15 5 4 0
8 15 5 5 0
8 15 5 6 0
8 15 5 7 0
8 15 5 8 0
8 15 5 9 0
8 15 5 10 0
8 15 5 11 0
8 15 5 12 0
8 15 5 13 0
8 15 5 14 0
8 15 5 15 0
8 15 6 0 0
8 15 6 1 0
8 15 6 2 0
8 15 6 3 0
8 15 6 4 0
8 15 6 5 0
8 15 6 6 0
8 15 6 7 0
8 15 6 8 0
8 15 6 9 0
8 15 6 10 0
8 15 6 11 0
8 15 6 12 0
8 15 6 13 0
8 15 6 14 0
8 15 6 15 0
8 15 7 0 0
8 15 7 1 0
8 15 7 2 0
8 15 7 3 0
8 15 7 4 0
8 15 7 5 0
8 15 7 6 0
8 15 7 7 0
8 15 7 8 0
8 15 7 9 0
8 15 7 10 0
8 15 7 11 0
8 15 7 12 0
8 15 7 13 0
8 15 7 14 0
8 15 7 15 0
8 15 8 0 0
8 15 8 1 0
8 15 8 2 0
8 15 8 3 0
8 15 8 4 0
8 15 8 5 0
8 15 8 6 0
8 15 8 7 0
8 15 8 8 0
8 15 8 9 0
8 15 8 10 0
8 15 8 11 0
8 15 8 12 0
8 15 8 13 0
8 15 8 14 0
8 15 8 15 0
8 15 9 0 0
8 15 9 1 0
8 15 9 2 0
8 15 9 3 0
8 15 9 4 0
8 15 9 5 0
8 15 9 6 0
8 15 9 7 0
8 15 9 8 0
8 15 9 9 0
8 15 9 10 0
8 15 9 11 0
8 15 9 12 0
8 15 9 13 0
8 15 9 14 0
8 15 9 15 0
8 15 10 0 0
8 15 10 1 0
8 15 10 2 0
8 15 10 3 0
8 15 10 4 0
8 15 10 5 0
8 15 10 6 0
8 15 10 7 0
8 15 10 8 0
8 15 10 9 0
8 15 10 10 0
8 15 10 11 0
8 15 10 12 0
8 15 10 13 0
8 15 10 14 0
8 15 10 15 0
8 15 11 0 0
8 15 11 1 0
8 15 11 2 0
8 15 11 3 0
8 15 11 4 0
8 15 11 5 0
8 15 11 6 0
8 15 11 7 0
8 15 11 8 0
8 15 11 9 0
8 15 11 10 0
8 15 11 11 0
8 15 11 12 0
8 15 11 13 0
8 15 11 14 0
8 15 11 15 0
8 15 12 0 0
8 15 12 1 0
8 15 12 2 0
8 15 12 3 0
8 15 12 4 0
8 15 12 5 0
8 15 12 6 0
8 15 12 7 0
8 15 12 8 0
8 15 12 9 0
8 15 12 10 0
8 15 12 11 0
8 15 12 12 0
8 15 12 13 0
8 15 12 14 0
8 15 12 15 0
8 15 13 0 0
8 15 13 1 0
8 15 13 2 0
8 15 13 3 0
8 15 13 4 0
8 15 13 5 0
8 15 13 6 0
8 15 13 7 0
8 15 13 8 0
8 15 13 9 0
8 15 13 10 0
8 15 13 11 0
8 15 13 12 0
8 15 13 13 0
8 15 13 14 0
8 15 13 15 0
8 15 14 0 0
8 15 14 1 0
8 15 14 2 0
8 15 14 3 0
8 15 14 4 0
8 15 14 5 0
8 15 14 6 0
8 15 14 7 0
8 15 14 8 0
8 15 14 9 0
8 15 14 10 0
8 15 14 11 0
8 15 14 12 0
8 15 14 13 0
8 15 14 14 0
8 15 14 15 0
8 15 15 0 0
8 15 15 1 0
8 15 15 2 0
8 15 15 3 0
8 15 15 4 0
8 15 15 5 0
8 15 15 6 0
8 15 15 7 0
8 15 15 8 0
8 15 15 9 0
8 15 15 10 0
8 15 15 11 0
8 15 15 12 0
8 15 15 13 0
8 15 15 14 0
8 15 15 15 0
9 0 0 0 0
9 0 0 1 0
9 0 0 2 0
9 0 0 3 0
9 0 0 4 -0.05718858683815708
9 0 0 5 0
9 0 0 6 0
9 0 0 7 0
9 0 0 8 0
9 0 0 9 -0.003738887947830783
9 0 0 10 0
9 0 0 11 0
9 0 0 12 0
9 0 0 13 0
9 0 0 14 0
9 0 0 15 0
9 0 1 0 0
9 0 1 1 0
9 0 1 2 0
9 0 1 3 0
9 0 1 4 0
9 0 1 5 0
9 0 1 6 0
9 0 1 7 0
9 0 1 8 0
9 0 1 9 0
9 0 1 10 0
9 0 1 11 0
9 0 1 12 0
9 0 1 13 0
9 0 1 14 0
9 0 1 15 0
9 0 2 0 0
9 0 2 1 0
9 0 2 2 0
9 0 2 3 0
9 0 2 4 0
9 0 2 5 0
9 0 2 6 0
9 0 2 7 0
9 0 2 8 0
9 0 2 9 0
9 0 2 10 0
9 0 2 11 0
9 0 2 12 0
9 0 2 13 0
9 0 2 14 0
9 0 2 15 0
9 0 3 0 0
9 0 3 1 0
9 0 3 2 0
9 0 3 3 0
9 0 3 4 0
9 0 3 5 0
9 0 3 6 0
9 0 3 7 0
9 0 3 8 0
9 0 3 9 0
9 0 3 10 0
9 0 3 11 0
9 0 3 12 0
9 0 3 13 0
9 0 3 14 0
9 0 3 15 0
9 0 4 0 0.1143771736763142
9 0 4 1 0
9 0 4 2 0
9 0 4 3 0
9 0 4 4 0
9 0 4 5 0
9 0 4 6 0
9 0 4 7 0
9 0 4 8 0
9 0 4 9 0
9 0 4 10 0
9 0 4 11 -0.0002799206997615772
9 0 4 12 0
9 0 4 13 0
9 0 4 14 0
9 0 4 15 0
9 0 5 0 0
9 0 5 1 0
9 0 5 2 0
9 0 5 3 0
9 0 5 4 0
9 0 5 5 0
9 0 5 6 0
9 0 5 7 0
9 0 5 8 0
9 0 5 9 0
9 0 5 10 0
9 0 5 11 0
9 0 5 12 0
9 0 5 13 0
9 0 5 14 0
9 0 5 15 0
9 0 6 0 0
9 0 6 1 0
9 0 6 2 0
9 0 6 3 0
9 0 6 4 0
9 0 6 5 0
9 0 6 6 0
9 0 6 7 0
9 0 6 8 0
9 0 6 9 0
9 0 6 10 0
9 0 6 11 0
9 0 6 12 0
9 0 6 13 0
9 0 6 14 0
9 0 6 15 0
9 0 7 0 0
9 0 7 1 0
9 0 7 2 0
9 0 7 3 0
9 0 7 4 0
9 0 7 5 0
9 0 7 6 0
9 0 7 7 0
9 0 7 8 0
9 0 7 9 0
9 0 7 10 0
9 0 7 11 0
9 0 7 12 0
9 0 7 13 0
9 0 7 14 0
9 0 7 15 0
9 0 8 0 0
9 0 8 1 0
9 0 8 2 0
9 0 8 3 0
9 0 8 4 0
9 0 8 5 0
9 0 8 6 0
9 0 8 7 0
9 0 8 8 0
9 0 8 9 0
9 0 8 10 0
9 0 8 11 0
9 0 8 12 0
9 0 8 13 0
9 0 8 14 0
9 0 8 15 0
9 0 9 0 0.007477775895661566
9 0 9 1 0
9 0 9 2 0
9 0 9 3 0
9 0 9 4 0
9 0 9 5 0
9 0 9 6 0
9 0 9 7 0
9 0 9 8 0
9 0 9 9 0
9 0 9 10 0
9 0 9 11 0
9 0 9 12 0
9 0 9 13 0
9 0 9 14 0
9 0 9 15 0
9 0 10 0 0
9 0 10 1 0
9 0 10 2 0
9 0 10 3 0
9 0 10 4 0
9 0 10 5 0
9 0 10 6 0
9 0 10 7 0
9 0 10 8 0
9 0 10 9 0
9 0 10 10 0
9 0 10 11 0
9 0 10 12 0
9 0 10 13 0
9 0 10 14 0
9 0 10 15 0
9 0 11 0 0
9 0 11 1 0
9 0 11 2 0
9 0 11 3 0
9 0 11 4 0.0001901461809683402
9 0 11 5 0
9 0 11 6 0
9 0 11 7 0
9 0 11 8 0
9 0 11 9 0
9 0 11 10 0
9 0 11 11 0
9 0 11 12 0
9 0 11 13 0
9 0 11 14 0
9 0 11 15 0
9 0 12 0 0
9 0 12 1 0
9 0 12 2 0
9 0 12 3 0
9 0 12 4 0
9 0 12 5 0
9 0 12 6 0
9 0 12 7 0
9 0 12 8 0
9 0 12 9 0
9 0 12 10 0
9 0 12 11 0
9 0 12 12 0
9 0 12 13 0
9 0 12 14 0
9 0 12 15 0
9 0 13 0 0
9 0 13 1 0
9 0 13 2 0
9 0 13 3 0
9 0 13 4 0
9 0 13 5 0
9 0 13 6 0
9 0 13 7 0
9 0 13 8 0
9 0 13 9 0
9 0 13 10 0
9 0 13 11 0
9 0 13 12 0
9 0 13 13 0
9 0 13 14 0
9 0 13 15 0
9 0 14 0 0
9 0 14 1 0
9 0 14 2 0
9 0 14 3 0
9 0 14 4 0
9 0 14 5 0
9 0 14 6 0
9 0 14 7 0
9 0 14 8 0
9 0 14 9 0
9 0 14 10 0
9 0 14 11 0
9 0 14 12 0
9 0 14 13 0
9 0 14 14 0
9 0 14 15 0
9 0 15 0 0
9 0 15 1 0
9 0 15 2 0
9 0 15 3 0
9 0 15 4 0
9 0 15 5 0
9 0 15 6 0
9 0 15 7 0
9 0 15 8 0
9 0 15 9 0
9 0 15 10 0
9 0 15 11 0
9 0 15 12 0
9 0 15 13 0
9 0 15 14 0
9 0 15 15 0
9 1 0 0 0
9 1 0 1 0
9 1 0 2 0
9 1 0 3 0
9 1 0 4 0
9 1 0 5 0
9 1 0 6 0
9 1 0 7 0
9 1 0 8 0
9 1 0 9 0
9 1 0 10 0
9 1 0 11 0
9 1 0 12 0
9 1 0 13 0
9 1 0 14 0
9 1 0 15 0
9 1 1 0 0
9 1 1 1 0
9 1 1 2 0
9 1 1 3 0
9 1 1 4 -0.05718858683815708
9 1 1 5 0
9 1 1 6 0
9 1 1 7 0
9 1 1 8 0
9 1 1 9 -0.003738887947830783
9 1 1 10 0
9 1 1 11 0
9 1 1 12 0
9 1 1 13 0
9 1 1 14 0
9 1 1 15 0
9 1 2 0 0
9 1 2 1 0
9 1 2 2 0
9 1 2 3 0
9 1 2 4 0
9 1 2 5 0
9 1 2 6 0
9 1 2 7 0
9 1 2 8 0
9 1 2 9 0
9 1 2 10 0
9 1 2 11 0
9 1 2 12 0
9 1 2 13 0
9 1 2 14 0
9 1 2 15 0
9 1 3 0 0
9 1 3 1 0
9 1 3 2 0
9 1 3 3 0
9 1 3 4 0
9 1 3 5 0
9 1 3 6 0
9 1 3 7 0
9 1 3 8 0
9 1 3 9 0
9 1 3 10 0
9 1 3 11 0
9 1 3 12 0
9 1 3 13 0
9 1 3 14 0
9 1 3 15 0
9 1 4 0 0
9 1 4 1 0.1143771736763142
9 1 4 2 0
9 1 4 3 0
9 1 4 4 0
9 1 4 5 0
9 1 4 6 0
9 1 4 7 0
9 1 4 8 0
9 1 4 9 0
9 1 4 10 0
9 1 4 11 0
9 1 4 12 0
9 1 4 13 0
9 1 4 14 0
9 1 4 15 0.0003510279668844348
9 1 5 0 0
9 1 5 1 0
9 1 5 2 0
9 1 5 3 0
9 1 5 4 0
9 1 5 5 0
9 1 5 6 0
9 1 5 7 0
9 1 5 8 0
9 1 5 9 0
9 1 5 10 0
9 1 5 11 0
9 1 5 12 0
9 1 5 13 0
9 1 5 14 0
9 1 5 15 0
9 1 6 0 0
9 1 6 1 0
9 1 6 2 0
9 1 6 3 0
9 1 6 4 0
9 1 6 5 0
9 1 6 6 0
9 1 6 7 0
9 1 6 8 0
9 1 6 9 0
9 1 6 10 0
9 1 6 11 0
9 1 6 12 0
9 1 6 13 0
9 1 6 14 0
9 1 6 15 0
9 1 7 0 0
9 1 7 1 0
9 1 7 2 0
9 1 7 3 0
9 1 7 4 0
9 1 7 5 0
9 1 7 6 0
9 1 7 7 0
9 1 7 8 0
9 1 7 9 0
9 1 7 10 0
9 1 7 11 0
9 1 7 12 0
9 1 7 13 0
9 1 7 14 0
9 1 7 15 0
9 1 8 0 0
9 1 8 1 0
9 1 8 2 0
9 1 8 3 0
9 1 8 4 0
9 1 8 5 0
9 1 8 6 0
9 1 8 7 0
9 1 8 8 0
9 1 8 9 0
9 1 8 10 0
9 1 8 11 0
9 1 8 12 0
9 1 8 13 0
9 1 8 14 0
9 1 8 15 0
9 1 9 0 0
9 1 9 1 0.007477775895661566
9 1 9 2 0
9 1 9 3 0
9 1 9 4 0
9 1 9 5 0
9 1 9 6 0
9 1 9 7 0
9 1 9 8 0
9 1 9 9 0
9 1 9 10 0
9 1 9 11 0
9 1 9 12 0
9 1 9 13 0
9 1 9 14 0
9 1 9 15 0
9 1 10 0 0
9 1 10 1 0
9 1 10 2 0
9 1 10 3 0
9 1 10 4 0
9 1 10 5 0
9 1 10 6 0
9 1 10 7 0
9 1 10 8 0
9 1 10 9 0
9 1 10 10 0
9 1 10 11 0
9 1 10 12 0
9 1 10 13 0
9 1 10 14 0
9 1 10 15 0
9 1 11 0 0
9 1 11 1 0
9 1 11 2 0
9 1 11 3 0
9 1 11 4 0
9 1 11 5 0
9 1 11 6 0
9 1 11 7 0
9 1 11 8 0
9 1 11 9 0
9 1 11 10 0
9 1 11 11 0
9 1 11 12 0
9 1 11 13 0
9 1 11 14 0
9 1 11 15 0
9 1 12 0 0
9 1 12 1 0
9 1 12 2 0
9 1 12 3 0
9 1 12 4 0
9 1 12 5 0
9 1 12 6 0
9 1 12 7 0
9 1 12 8 0
9 1 12 9 0
9 1 12 10 0
9 1 12 11 0
9 1 12 12 0
9 1 12 13 0
9 1 12 14 0
9 1 12 15 0
9 1 13 0 0
9 1 13 1 0
9 1 13 2 0
9 1 13 3 0
9 1 13 4 0
9 1 13 5 0
9 1 13 6 0
9 1 13 7 0
9 1 13 8 0
9 1 13 9 0
9 1 13 10 0
9 1 13 11 0
9 1 13 12 0
9 1 13 13 0
9 1 13 14 0
9 1 13 15 0
9 1 14 0 0
9 1 14 1 0
9 1 14 2 0
9 1 14 3 0
9 1 14 4 0
9 1 14 5 0
9 1 14 6 0
9 1 14 7 0
9 1 14 8 0
9 1 14 9 0
9 1 14 10 0
9 1 14 11 0
9 1 14 12 0
9 1 14 13 0
9 1 14 14 0
9 1 14 15 0
9 1 15 0 0
9 1 15 1 0
9 1 15 2 0
9 1 15 3 0
9 1 15 4 -0.0001351613718222473
9 1 15 5 0
9 1 15 6 0
9 1 15 7 0
9 1 15 8 0
9 1 15 9 0
9 1 15 10 0
9 1 15 11 0
9 1 15 12 0
9 1 15 13 0
9 1 15 14 0
9 1 15 15 0
9 2 0 0 0
9 2 0 1 0
9 2 0 2 0
9 2 0 3 0
9 2 0 4 0
9 2 0 5 0
9 2 0 6 0
9 2 0 7 0
9 2 0 8 0
9 2 0 9 0
9 2 0 10 0
9 2 0 11 0
9 2 0 12 0
9 2 0 13 0
9 2 0 14 0
9 2 0 15 0
9 2 1 0 0
9 2 1 1 0
9 2 1 2 0
9 2 1 3 0
9 2 1 4 0
9 2 1 5 0
9 2 1 6 0
9 2 1 7 0
9 2 1 8 0
9 2 1 9 0
9 2 1 10 0
9 2 1 11 0
9 2 1 12 0
9 2 1 13 0
9 2 1 14 0
9 2 1 15 0
9 2 2 0 0
9 2 2 1 0
9 2 2 2 0
9 2 2 3 0
9 2 2 4 -0.05718858683815708
9 2 2 5 0
9 2 2 6 0
9 2 2 7 0
9 2 2 8 0
9 2 2 9 -0.003738887947830783
9 2 2 10 0
9 2 2 11 0
9 2 2 12 0
9 2 2 13 0
9 2 2 14 0
9 2 2 15 0
9 2 3 0 0
9 2 3 1 0
9 2 3 2 0
9 2 3 3 0
9 2 3 4 0
9 2 3 5 0
9 2 3 6 0
9 2 3 7 0
9 2 3 8 0
9 2 3 9 0
9 2 3 10 0
9 2 3 11 0
9 2 3 12 0
9 2 3 13 0
9 2 3 14 0
9 2 3 15 0
9 2 4 0 0
9 2 4 1 0
9 2 4 2 0.1143771736763142
9 2 4 3 0
9 2 4 4 0
9 2 4 5 0
9 2 4 6 0
9 2 4 7 0
9 2 4 8 0
9 2 4 9 0
9 2 4 10 0
9 2 4 11 -0.0007983808380796878
9 2 4 12 0
9 2 4 13 0
9 2 4 14 0.001795301226510698
9 2 4 15 0
9 2 5 0 0
9 2 5 1 0
9 2 5 2 0
9 2 5 3 0
9 2 5 4 0
9 2 5 5 0
9 2 5 6 0
9 2 5 7 0.0081252155826278
9 2 5 8 0
9 2 5 9 0
9 2 5 10 0
9 2 5 11 0
9 2 5 12 0
9 2 5 13 0
9 2 5 14 0
9 2 5 15 0
9 2 6 0 0
9 2 6 1 0
9 2 6 2 0
9 2 6 3 0
9 2 6 4 0
9 2 6 5 0
9 2 6 6 0
9 2 6 7 0
9 2 6 8 0
9 2 6 9 0
9 2 6 10 0
9 2 6 11 0
9 2 6 12 0
9 2 6 13 0
9 2 6 14 0
9 2 6 15 0
9 2 7 0 0
9 2 7 1 0
9 2 7 2 0
9 2 7 3 0
9 2 7 4 0
9 2 7 5 0.01274596816406824
9 2 7 6 0
9 2 7 7 0
9 2 7 8 0
9 2 7 9 0
9 2 7 10 0
9 2 7 11 0
9 2 7 12 0
9 2 7 13 0
9 2 7 14 0
9 2 7 15 0
9 2 8 0 0
9 2 8 1 0
9 2 8 2 0
9 2 8 3 0
9 2 8 4 0
9 2 8 5 0
9 2 8 6 0
9 2 8 7 0
9 2 8 8 0
9 2 8 9 0
9 2 8 10 0
9 2 8 11 0
9 2 8 12 0
9 2 8 13 0
9 2 8 14 0
9 2 8 15 0
9 2 9 0 0
9 2 9 1 0
9 2 9 2 0.007477775895661566
9 2 9 3 0
9 2 9 4 0
9 2 9 5 0
9 2 9 6 0
9 2 9 7 0
9 2 9 8 0
9 2 9 9 0
9 2 9 10 0
9 2 9 11 0
9 2 9 12 0
9 2 9 13 0
9 2 9 14 0
9 2 9 15 0
9 2 10 0 0
9 2 10 1 0
9 2 10 2 0
9 2 10 3 0
9 2 10 4 0
9 2 10 5 0
9 2 10 6 0
9 2 10 7 0
9 2 10 8 0
9 2 10 9 0
9 2 10 10 0
9 2 10 11 0
9 2 10 12 0
9 2 10 13 0
9 2 10 14 0
9 2 10 15 0
9 2 11 0 0
9 2 11 1 0
9 2 11 2 0
9 2 11 3 0
9 2 11 4 0.0005478703264683268
9 2 11 5 0
9 2 11 6 0
9 2 11 7 0
9 2 11 8 0
9 2 11 9 0
9 2 11 10 0
9 2 11 11 0
9 2 11 12 0
9 2 11 13 0
9 2 11 14 0
9 2 11 15 0
9 2 12 0 0
9 2 12 1 0
9 2 12 2 0
9 2 12 3 0
9 2 12 4 0
9 2 12 5 0
9 2 12 6 0
9 2 12 7 0
9 2 12 8 0
9 2 12 9 0
9 2 12 10 0
9 2 12 11 0
9 2 12 12 0
9 2 12 13 0
9 2 12 14 0
9 2 12 15 0
9 2 13 0 0
9 2 13 1 0
9 2 13 2 0
9 2 13 3 0
9 2 13 4 0
9 2 13 5 0
9 2 13 6 0
9 2 13 7 0
9 2 13 8 0
9 2 13 9 0
9 2 13 10 0
9 2 13 11 0
9 2 13 12 0
9 2 13 13 0
9 2 13 14 0
9 2 13 15 0
9 2 14 0 0
9 2 14 1 0
9 2 14 2 0
9 2 14 3 0
9 2 14 4 -0.001408345563428238
9 2 14 5 0
9 2 14 6 0
9 2 14 7 0
9 2 14 8 0
9 2 14 9 0
9 2 14 10 0
9 2 14 11 0
9 2 14 12 0
9 2 14 13 0
9 2 14 14 0
9 2 14 15 0
9 2 15 0 0
9 2 15 1 0
9 2 15 2 0
9 2 15 3 0
9 2 15 4 0
9 2 15 5 0
9 2 15 6 0
9 2 15 7 0
9 2 15 8 0
9 2 15 9 0
9 2 15 10 0
9 2 15 11 0
9 2 15 12 0
9 2 15 13 0
9 2 15 14 0
9 2 15 15 0
9 3 0 0 0
9 3 0 1 0
9 3 0 2 0
9 3 0 3 0
9 3 0 4 0
9 3 0 5 0
9 3 0 6 0
9 3 0 7 0
9 3 0 8 0
9 3 0 9 0
9 3 0 10 0
9 3 0 11 0
9 3 0 12 0
9 3 0 13 0
9 3 0 14 0
9 3 0 15 0
9 3 1 0 0
9 3 1 1 0
9 3 1 2 0
9 3 1 3 0
9 3 1 4 0
9 3 1 5 0
9 3 1 6 0
9 3 1 7 0
9 3 1 8 0
9 3 1 9 0
9 3 1 10 0
9 3 1 11 0
9 3 1 12 0
9 3 1 13 0
9 3 1 14 0
9 3 1 15 0
9 3 2 0 0
9 3 2 1 0
9 3 2 2 0
9 3 2 3 0
9 3 2 4 0
9 3 2 5 0
9 3 2 6 0
9 3 2 7 0
9 3 2 8 0
9 3 2 9 0
9 3 2 10 0
9 3 2 11 0
9 3 2 12 0
9 3 2 13 0
9 3 2 14 0
9 3 2 15 0
9 3 3 0 0
9 3 3 1 0
9 3 3 2 0
9 3 3 3 0
9 3 3 4 -0.02840868137048629
9 3 3 5 0
9 3 3 6 0
9 3 3 7 0
9 3 3 8 0
9 3 3 9 -0.002399243016673395
9 3 3 10 0
9 3 3 11 0
9 3 3 12 0
9 3 3 13 0
9 3 3 14 0
9 3 3 15 0
9 3 4 0 0
9 3 4 1 0
9 3 4 2 0
9 3 4 3 0.06685124373420129
9 3 4 4 0
9 3 4 5 0
9 3 4 6 0
9 3 4 7 0
9 3 4 8 0.004761152818953214
9 3 4 9 0
9 3 4 10 0
9 3 4 11 0
9 3 4 12 0
9 3 4 13 0
9 3 4 14 0
9 3 4 15 0
9 3 5 0 0
9 3 5 1 0
9 3 5 2 0
9 3 5 3 0
9 3 5 4 0
9 3 5 5 0
9 3 5 6 0.006350849162978814
9 3 5 7 0
9 3 5 8 0
9 3 5 9 0
9 3 5 10 0
9 3 5 11 0
9 3 5 12 0
9 3 5 13 -0.0003470835447255225
9 3 5 14 0
9 3 5 15 0
9 3 6 0 0
9 3 6 1 0
9 3 6 2 0
9 3 6 3 0
9 3 6 4 0
9 3 6 5 -0.0276899165105156
9 3 6 6 0
9 3 6 7 0
9 3 6 8 0
9 3 6 9 0
9 3 6 10 0
9 3 6 11 0
9 3 6 12 -0.001573553394627723
9 3 6 13 0
9 3 6 14 0
9 3 6 15 0
9 3 7 0 0
9 3 7 1 0
9 3 7 2 0
9 3 7 3 0
9 3 7 4 0
9 3 7 5 0
9 3 7 6 0
9 3 7 7 0
9 3 7 8 0
9 3 7 9 0
9 3 7 10 0
9 3 7 11 0
9 3 7 12 0
9 3 7 13 0
9 3 7 14 0
9 3 7 15 0
9 3 8 0 0
9 3 8 1 0
9 3 8 2 0
9 3 8 3 0
9 3 8 4 -0.002416825520635798
9 3 8 5 0
9 3 8 6 0
9 3 8 7 0
9 3 8 8 0
9 3 8 9 0
9 3 8 10 0
9 3 8 11 0
9 3 8 12 0
9 3 8 13 0
9 3 8 14 0
9 3 8 15 0
9 3 9 0 0
9 3 9 1 0
9 3 9 2 0
9 3 9 3 0.004484251455507226
9 3 9 4 0
9 3 9 5 0
9 3 9 6 0
9 3 9 7 0
9 3 9 8 0
9 3 9 9 0
9 3 9 10 0
9 3 9 11 0
9 3 9 12 0
9 3 9 13 0
9 3 9 14 0
9 3 9 15 0
9 3 10 0 0
9 3 10 1 0
9 3 10 2 0
9 3 10 3 0
9 3 10 4 0
9 3 10 5 0
9 3 10 6 0
9 3 10 7 0
9 3 10 8 0
9 3 10 9 0
9 3 10 10 0
9 3 10 11 0
9 3 10 12 0
9 3 10 13 0
9 3 10 14 0
9 3 10 15 0
9 3 11 0 0
9 3 11 1 0
9 3 11 2 0
9 3 11 3 0
9 3 11 4 0
9 3 11 5 0
9 3 11 6 0
9 3 11 7 0
9 3 11 8 0
9 3 11 9 0
9 3 11 10 0
9 3 11 11 0
9 3 11 12 0
9 3 11 13 0
9 3 11 14 0
9 3 11 15 0
9 3 12 0 0
9 3 12 1 0
9 3 12 2 0
9 3 12 3 0
9 3 12 4 0
9 3 12 5 0
9 3 12 6 -0.000154383219060689
9 3 12 7 0
9 3 12 8 0
9 3 12 9 0
9 3 12 10 0
9 3 12 11 0
9 3 12 12 0
9 3 12 13 0
9 3 12 14 0
9 3 12 15 0
9 3 13 0 0
9 3 13 1 0
9 3 13 2 0
9 3 13 3 0
9 3 13 4 0
9 3 13 5 -0.00148544367804626
9 3 13 6 0
9 3 13 7 0
9 3 13 8 0
9 3 13 9 0
9 3 13 10 0
9 3 13 11 0
9 3 13 12 0
9 3 13 13 0
9 3 13 14 0
9 3 13 15 0
9 3 14 0 0
9 3 14 1 0
9 3 14 2 0
9 3 14 3 0
9 3 14 4 0
9 3 14 5 0
9 3 14 6 0
9 3 14 7 0
9 3 14 8 0
9 3 14 9 0
9 3 14 10 0
9 3 14 11 0
9 3 14 12 0
9 3 14 13 0
9 3 14 14 0
9 3 14 15 0
9 3 15 0 0
9 3 15 1 0
9 3 15 2 0
9 3 15 3 0
9 3 15 4 0
9 3 15 5 0
9 3 15 6 0
9 3 15 7 0
9 3 15 8 0
9 3 15 9 0
9 3 15 10 0
9 3 15 11 0
9 3 15 12 0
9 3 15 13 0
9 3 15 14 0
9 3 15 15 0
9 4 0 0 0
9 4 0 1 0
9 4 0 2 0
9 4 0 3 0
9 4 0 4 0
9 4 0 5 0
9 4 0 6 0
9 4 0 7 0
9 4 0 8 0
9 4 0 9 0
9 4 0 10 0
9 4 0 11 0
9 4 0 12 0
9 4 0 13 0
9 4 0 14 0
9 4 0 15 0
9 4 1 0 0
9 4 1 1 0
9 4 1 2 0
9 4 1 3 0
9 4 1 4 0
9 4 1 5 0
9 4 1 6 0
9 4 1 7 0
9 4 1 8 0
9 4 1 9 0
9 4 1 10 0
9 4 1 11 0
9 4 1 12 0
9 4 1 13 0
9 4 1 14 0
9 4 1 15 0
9 4 2 0 0
9 4 2 1 0
9 4 2 2 0
9 4 2 3 0
9 4 2 4 0
9 4 2 5 0
9 4 2 6 0
9 4 2 7 0
9 4 2 8 0
9 4 2 9 0
9 4 2 10 0
9 4 2 11 0
9 4 2 12 0
9 4 2 13 0
9 4 2 14 0
9 4 2 15 0
9 4 3 0 0
9 4 3 1 0
9 4 3 2 0
9 4 3 3 0
9 4 3 4 0
9 4 3 5 0
9 4 3 6 0
9 4 3 7 0
9 4 3 8 0
9 4 3 9 0
9 4 3 10 0
9 4 3 11 0
9 4 3 12 0
9 4 3 13 0
9 4 3 14 0
9 4 3 15 0
9 4 4 0 0
9 4 4 1 0
9 4 4 2 0
9 4 4 3 0
9 4 4 4 0.03392650664339833
9 4 4 5 0
9 4 4 6 0
9 4 4 7 0
9 4 4 8 0
9 4 4 9 0.001846872259278454
9 4 4 10 0
9 4 4 11 0
9 4 4 12 0
9 4 4 13 0
9 4 4 14 0
9 4 4 15 0
9 4 5 0 0
9 4 5 1 0
9 4 5 2 0
9 4 5 3 0
9 4 5 4 0
9 4 5 5 -0.0152206289332569
9 4 5 6 0
9 4 5 7 0
9 4 5 8 0
9 4 5 9 0
9 4 5 10 0
9 4 5 11 0
9 4 5 12 -0.001493542692037848
9 4 5 13 0
9 4 5 14 0
9 4 5 15 0
9 4 6 0 0
9 4 6 1 0
9 4 6 2 0
9 4 6 3 0
9 4 6 4 0
9 4 6 5 0
9 4 6 6 0
9 4 6 7 0
9 4 6 8 0
9 4 6 9 0
9 4 6 10 0
9 4 6 11 0
9 4 6 12 0
9 4 6 13 0
9 4 6 14 0
9 4 6 15 0
9 4 7 0 0
9 4 7 1 0
9 4 7 2 0
9 4 7 3 0
9 4 7 4 0
9 4 7 5 0
9 4 7 6 0
9 4 7 7 0
9 4 7 8 0
9 4 7 9 0
9 4 7 10 0
9 4 7 11 0
9 4 7 12 0
9 4 7 13 0
9 4 7 14 0
9 4 7 15 0
9 4 8 0 0
9 4 8 1 0
9 4 8 2 0
9 4 8 3 0
9 4 8 4 0
9 4 8 5 0
9 4 8 6 0
9 4 8 7 0
9 4 8 8 0
9 4 8 9 0
9 4 8 10 0
9 4 8 11 0
9 4 8 12 0
9 4 8 13 0
9 4 8 14 0
9 4 8 15 0
9 4 9 0 0
9 4 9 1 0
9 4 9 2 0
9 4 9 3 0
9 4 9 4 0.001846872259278454
9 4 9 5 0
9 4 9 6 0
9 4 9 7 0
9 4 9 8 0
9 4 9 9 0
9 4 9 10 0
9 4 9 11 0
9 4 9 12 0
9 4 9 13 0
9 4 9 14 0
9 4 9 15 0
9 4 10 0 0
9 4 10 1 0
9 4 10 2 0
9 4 10 3 0
9 4 10 4 0
9 4 10 5 0
9 4 10 6 0
9 4 10 7 0
9 4 10 8 0
9 4 10 9 0
9 4 10 10 0
9 4 10 11 0
9 4 10 12 0
9 4 10 13 0
9 4 10 14 0
9 4 10 15 0
9 4 11 0 0
9 4 11 1 0
9 4 11 2 0
9 4 11 3 0
9 4 11 4 0
9 4 11 5 0
9 4 11 6 0
9 4 11 7 0
9 4 11 8 0
9 4 11 9 0
9 4 11 10 0
9 4 11 11 0
9 4 11 12 0
9 4 11 13 0
9 4 11 14 0
9 4 11 15 0
9 4 12 0 0
9 4 12 1 0
9 4 12 2 0
9 4 12 3 0
9 4 12 4 0
9 4 12 5 -0.001493542692037848
9 4 12 6 0
9 4 12 7 0
9 4 12 8 0
9 4 12 9 0
9 4 12 10 0
9 4 12 11 0
9 4 12 12 0
9 4 12 13 0
9 4 12 14 0
9 4 12 15 0
9 4 13 0 0
9 4 13 1 0
9 4 13 2 0
9 4 13 3 0
9 4 13 4 0
9 4 13 5 0
9 4 13 6 0
9 4 13 7 0
9 4 13 8 0
9 4 13 9 0
9 4 13 10 0
9 4 13 11 0
9 4 13 12 0
9 4 13 13 0
9 4 13 14 0
9 4 13 15 0
9 4 14 0 0
9 4 14 1 0
9 4 14 2 0
9 4 14 3 0
9 4 14 4 0
9 4 14 5 0
9 4 14 6 0
9 4 14 7 0
9 4 14 8 0
9 4 14 9 0
9 4 14 10 0
9 4 14 11 0
9 4 14 12 0
9 4 14 13 0
9 4 14 14 0
9 4 14 15 0
9 4 15 0 0
9 4 15 1 0
9 4 15 2 0
9 4 15 3 0
9 4 15 4 0
9 4 15 5 0
9 4 15 6 0
9 4 15 7 0
9 4 15 8 0
9 4 15 9 0
9 4 15 10 0
9 4 15 11 0
9 4 15 12 0
9 4 15 13 0
9 4 15 14 0
9 4 15 15 0
9 5 0 0 0
9 5 0 1 0
9 5 0 2 0
9 5 0 3 0
9 5 0 4 0
9 5 0 5 0
9 5 0 6 0
9 5 0 7 0
9 5 0 8 0
9 5 0 9 0
9 5 0 10 0
9 5 0 11 0
9 5 0 12 0
9 5 0 13 0
9 5 0 14 0
9 5 0 15 0
9 5 1 0 0
9 5 1 1 0
9 5 1 2 0
9 5 1 3 0
9 5 1 4 0
9 5 1 5 0
9 5 1 6 0
9 5 1 7 0
9 5 1 8 0
9 5 1 9 0
9 5 1 10 0
9 5 1 11 0
9 5 1 12 0
9 5 1 13 0
9 5 1 14 0
9 5 1 15 0
9 5 2 0 0
9 5 2 1 0
9 5 2 2 0
9 5 2 3 0
9 5 2 4 0
9 5 2 5 0
9 5 2 6 0
9 5 2 7 0
9 5 2 8 0
9 5 2 9 0
9 5 2 10 0
9 5 2 11 0
9 5 2 12 0
9 5 2 13 0
9 5 2 14 0
9 5 2 15 0
9 5 3 0 0
9 5 3 1 0
9 5 3 2 0
9 5 3 3 0
9 5 3 4 0
9 5 3 5 0
9 5 3 6 0
9 5 3 7 0
9 5 3 8 0
9 5 3 9 0
9 5 3 10 0
9 5 3 11 0
9 5 3 12 0
9 5 3 13 0
9 5 3 14 0
9 5 3 15 0
9 5 4 0 0
9 5 4 1 0
9 5 4 2 0
9 5 4 3 0
9 5 4 4 0
9 5 4 5 0.02326208019475875
9 5 4 6 0
9 5 4 7 0
9 5 4 8 0
9 5 4 9 0
9 5 4 10 0
9 5 4 11 0
9 5 4 12 0.001296810955905865
9 5 4 13 0
9 5 4 14 0
9 5 4 15 0
9 5 5 0 0
9 5 5 1 0
9 5 5 2 0
9 5 5 3 0
9 5 5 4 -0.01737861478538636
9 5 5 5 0
9 5 5 6 0
9 5 5 7 0
9 5 5 8 0
9 5 5 9 -0.0007796506881736568
9 5 5 10 0
9 5 5 11 0
9 5 5 12 0
9 5 5 13 0
9 5 5 14 0
9 5 5 15 0
9 5 6 0 0
9 5 6 1 0
9 5 6 2 0
9 5 6 3 0
9 5 6 4 0
9 5 6 5 0
9 5 6 6 0
9 5 6 7 0
9 5 6 8 0
9 5 6 9 0
9 5 6 10 0
9 5 6 11 0
9 5 6 12 0
9 5 6 13 0
9 5 6 14 0
9 5 6 15 0
9 5 7 0 0
9 5 7 1 0
9 5 7 2 0
9 5 7 3 0
9 5 7 4 0
9 5 7 5 0
9 5 7 6 0
9 5 7 7 0
9 5 7 8 0
9 5 7 9 0
9 5 7 10 0
9 5 7 11 0
9 5 7 12 0
9 5 7 13 0
9 5 7 14 0
9 5 7 15 0
9 5 8 0 0
9 5 8 1 0
9 5 8 2 0
9 5 8 3 0
9 5 8 4 0
9 5 8 5 0
9 5 8 6 0
9 5 8 7 0
9 5 8 8 0
9 5 8 9 0
9 5 8 10 0
9 5 8 11 0
9 5 8 12 0
9 5 8 13 0
9 5 8 14 0
9 5 8 15 0
9 5 9 0 0
9 5 9 1 0
9 5 9 2 0
9 5 9 3 0
9 5 9 4 0
9 5 9 5 0.001892015688552329
9 5 9 6 0
9 5 9 7 0
9 5 9 8 0
9 5 9 9 0
9 5 9 10 0
9 5 9 11 0
9 5 9 12 0
9 5 9 13 0
9 5 9 14 0
9 5 9 15 0
9 5 10 0 0
9 5 10 1 0
9 5 10 2 0
9 5 10 3 0
9 5 10 4 0
9 5 10 5 0
9 5 10 6 0
9 5 10 7 0
9 5 10 8 0
9 5 10 9 0
9 5 10 10 0
9 5 10 11 0
9 5 10 12 0
9 5 10 13 0
9 5 10 14 0
9 5 10 15 0
9 5 11 0 0
9 5 11 1 0
9 5 11 2 0
9 5 11 3 0
9 5 11 4 0
9 5 11 5 0
9 5 11 6 0
9 5 11 7 0
9 5 11 8 0
9 5 11 9 0
9 5 11 10 0
9 5 11 11 0
9 5 11 12 0
9 5 11 13 0
9 5 11 14 0
9 5 11 15 0
9 5 12 0 0
9 5 12 1 0
9 5 12 2 0
9 5 12 3 0
9 5 12 4 -0.001439832511893362
9 5 12 5 0
9 5 12 6 0
9 5 12 7 0
9 5 12 8 0
9 5 12 9 0
9 5 12 10 0
9 5 12 11 0
9 5 12 12 0
9 5 12 13 0
9 5 12 14 0
9 5 12 15 0
9 5 13 0 0
9 5 13 1 0
9 5 13 2 0
9 5 13 3 0
9 5 13 4 0
9 5 13 5 0
9 5 13 6 0
9 5 13 7 0
9 5 13 8 0
9 5 13 9 0
9 5 13 10 0
9 5 13 11 0
9 5 13 12 0
9 5 13 13 0
9 5 13 14 0
9 5 13 15 0
9 5 14 0 0
9 5 14 1 0
9 5 14 2 0
9 5 14 3 0
9 5 14 4 0
9 5 14 5 0
9 5 14 6 0
9 5 14 7 0
9 5 14 8 0
9 5 14 9 0
9 5 14 10 0
9 5 14 11 0
9 5 14 12 0
9 5 14 13 0
9 5 14 14 0
9 5 14 15 0
9 5 15 0 0
9 5 15 1 0
9 5 15 2 0
9 5 15 3 0
9 5 15 4 0
9 5 15 5 0
9 5 15 6 0
9 5 15 7 0
9 5 15 8 0
9 5 15 9 0
9 5 15 10 0
9 5 15 11 0
9 5 15 12 0
9 5 15 13 0
9 5 15 14 0
9 5 15 15 0
9 6 0 0 0
9 6 0 1 0
9 6 0 2 0
9 6 0 3 0
9 6 0 4 0
9 6 0 5 0
9 6 0 6 0
9 6 0 7 0
9 6 0 8 0
9 6 0 9 0
9 6 0 10 0
9 6 0 11 0
9 6 0 12 0
9 6 0 13 0
9 6 0 14 0
9 6 0 15 0
9 6 1 0 0
9 6 1 1 0
9 6 1 2 0
9 6 1 3 0
9 6 1 4 0
9 6 1 5 0
9 6 1 6 0
9 6 1 7 0
9 6 1 8 0
9 6 1 9 0
9 6 1 10 0
9 6 1 11 0
9 6 1 12 0
9 6 1 13 0
9 6 1 14 0
9 6 1 15 0
9 6 2 0 0
9 6 2 1 0
9 6 2 2 0
9 6 2 3 0
9 6 2 4 0
9 6 2 5 0
9 6 2 6 0
9 6 2 7 0
9 6 2 8 0
9 6 2 9 0
9 6 2 10 0
9 6 2 11 0
9 6 2 12 0
9 6 2 13 0
9 6 2 14 0
9 6 2 15 0
9 6 3 0 0
9 6 3 1 0
9 6 3 2 0
9 6 3 3 0
9 6 3 4 0
9 6 3 5 -0.02578475391461429
9 6 3 6 0
9 6 3 7 0
9 6 3 8 0
9 6 3 9 0
9 6 3 10 0
9 6 3 11 0
9 6 3 12 -0.002291587803698779
9 6 3 13 0
9 6 3 14 0
9 6 3 15 0
9 6 4 0 0
9 6 4 1 0
9 6 4 2 0
9 6 4 3 0
9 6 4 4 0
9 6 4 5 0
9 6 4 6 0.04752592994211288
9 6 4 7 0
9 6 4 8 0
9 6 4 9 0
9 6 4 10 0
9 6 4 11 0
9 6 4 12 0
9 6 4 13 0.003187563149938342
9 6 4 14 0
9 6 4 15 0
9 6 5 0 0
9 6 5 1 0
9 6 5 2 0
9 6 5 3 -0.01824037086050443
9 6 5 4 0
9 6 5 5 0
9 6 5 6 0
9 6 5 7 0
9 6 5 8 -0.001228916117306778
9 6 5 9 0
9 6 5 10 0
9 6 5 11 0
9 6 5 12 0
9 6 5 13 0
9 6 5 14 0
9 6 5 15 0
9 6 6 0 0
9 6 6 1 0
9 6 6 2 0
9 6 6 3 0
9 6 6 4 0.01186078951247431
9 6 6 5 0
9 6 6 6 0
9 6 6 7 0
9 6 6 8 0
9 6 6 9 0.001332021445568597
9 6 6 10 0
9 6 6 11 0
9 6 6 12 0
9 6 6 13 0
9 6 6 14 0
9 6 6 15 0
9 6 7 0 0
9 6 7 1 0
9 6 7 2 0
9 6 7 3 0
9 6 7 4 0
9 6 7 5 0
9 6 7 6 0
9 6 7 7 0
9 6 7 8 0
9 6 7 9 0
9 6 7 10 0
9 6 7 11 0
9 6 7 12 0
9 6 7 13 0
9 6 7 14 0
9 6 7 15 0
9 6 8 0 0
9 6 8 1 0
9 6 8 2 0
9 6 8 3 0
9 6 8 4 0
9 6 8 5 -0.001213444019619698
9 6 8 6 0
9 6 8 7 0
9 6 8 8 0
9 6 8 9 0
9 6 8 10 0
9 6 8 11 0
9 6 8 12 0
9 6 8 13 0
9 6 8 14 0
9 6 8 15 0
9 6 9 0 0
9 6 9 1 0
9 6 9 2 0
9 6 9 3 0
9 6 9 4 0
9 6 9 5 0
9 6 9 6 0.002993524440154342
9 6 9 7 0
9 6 9 8 0
9 6 9 9 0
9 6 9 10 0
9 6 9 11 0
9 6 9 12 0
9 6 9 13 0
9 6 9 14 0
9 6 9 15 0
9 6 10 0 0
9 6 10 1 0
9 6 10 2 0
9 6 10 3 0
9 6 10 4 0
9 6 10 5 0
9 6 10 6 0
9 6 10 7 0
9 6 10 8 0
9 6 10 9 0
9 6 10 10 0
9 6 10 11 0
9 6 10 12 0
9 6 10 13 0
9 6 10 14 0
9 6 10 15 0
9 6 11 0 0
9 6 11 1 0
9 6 11 2 0
9 6 11 3 0
9 6 11 4 0
9 6 11 5 0
9 6 11 6 0
9 6 11 7 0
9 6 11 8 0
9 6 11 9 0
9 6 11 10 0
9 6 11 11 0
9 6 11 12 0
9 6 11 13 0
9 6 11 14 0
9 6 11 15 0
9 6 12 0 0
9 6 12 1 0
9 6 12 2 0
9 6 12 3 -0.001282990261579615
9 6 12 4 0
9 6 12 5 0
9 6 12 6 0
9 6 12 7 0
9 6 12 8 0
9 6 12 9 0
9 6 12 10 0
9 6 12 11 0
9 6 12 12 0
9 6 12 13 0
9 6 12 14 0
9 6 12 15 0
9 6 13 0 0
9 6 13 1 0
9 6 13 2 0
9 6 13 3 0
9 6 13 4 0.0003340416914247287
9 6 13 5 0
9 6 13 6 0
9 6 13 7 0
9 6 13 8 0
9 6 13 9 0
9 6 13 10 0
9 6 13 11 0
9 6 13 12 0
9 6 13 13 0
9 6 13 14 0
9 6 13 15 0
9 6 14 0 0
9 6 14 1 0
9 6 14 2 0
9 6 14 3 0
9 6 14 4 0
9 6 14 5 0
9 6 14 6 0
9 6 14 7 0
9 6 14 8 0
9 6 14 9 0
9 6 14 10 0
9 6 14 11 0
9 6 14 12 0
9 6 14 13 0
9 6 14 14 0
9 6 14 15 0
9 6 15 0 0
9 6 15 1 0
9 6 15 2 0
9 6 15 3 0
9 6 15 4 0
9 6 15 5 0
9 6 15 6 0
9 6 15 7 0
9 6 15 8 0
9 6 15 9 0
9 6 15 10 0
9 6 15 11 0
9 6 15 12 0
9 6 15 13 0
9 6 15 14 0
9 6 15 15 0
9 7 0 0 0
9 7 0 1 0
9 7 0 2 0
9 7 0 3 0
9 7 0 4 0
9 7 0 5 0
9 7 0 6 0
9 7 0 7 0
9 7 0 8 0
9 7 0 9 0
9 7 0 10 0
9 7 0 11 0
9 7 0 12 0
9 7 0 13 0
9 7 0 14 0
9 7 0 15 0
9 7 1 0 0
9 7 1 1 0
9 7 1 2 0
9 7 1 3 0
9 7 1 4 0
9 7 1 5 0
9 7 1 6 0
9 7 1 7 0
9 7 1 8 0
9 7 1 9 0
9 7 1 10 0
9 7 1 11 0
9 7 1 12 0
9 7 1 13 0
9 7 1 14 0
9 7 1 15 0
9 7 2 0 0
9 7 2 1 0
9 7 2 2 0
9 7 2 3 0
9 7 2 4 0
9 7 2 5 0
9 7 2 6 0
9 7 2 7 0
9 7 2 8 0
9 7 2 9 0
9 7 2 10 0
9 7 2 11 0
9 7 2 12 0
9 7 2 13 0
9 7 2 14 0
9 7 2 15 0
9 7 3 0 0
9 7 3 1 0
9 7 3 2 0
9 7 3 3 0
9 7 3 4 0
9 7 3 5 0
9 7 3 6 0
9 7 3 7 0
9 7 3 8 0
9 7 3 9 0
9 7 3 10 0
9 7 3 11 0
9 7 3 12 0
9 7 3 13 0
9 7 3 14 0
9 7 3 15 0
9 7 4 0 0
9 7 4 1 0
9 7 4 2 0
9 7 4 3 0
9 7 4 4 0
9 7 4 5 0
9 7 4 6 0
9 7 4 7 0
9 7 4 8 0
9 7 4 9 0
9 7 4 10 0
9 7 4 11 0
9 7 4 12 0
9 7 4 13 0
9 7 4 14 0
9 7 4 15 0
9 7 5 0 0
9 7 5 1 0
9 7 5 2 0
9 7 5 3 0
9 7 5 4 0
9 7 5 5 0
9 7 5 6 0
9 7 5 7 0
9 7 5 8 0
9 7 5 9 0
9 7 5 10 0
9 7 5 11 0
9 7 5 12 0
9 7 5 13 0
9 7 5 14 0
9 7 5 15 0
9 7 6 0 0
9 7 6 1 0
9 7 6 2 0
9 7 6 3 0
9 7 6 4 0
9 7 6 5 0
9 7 6 6 0
9 7 6 7 0
9 7 6 8 0
9 7 6 9 0
9 7 6 10 0
9 7 6 11 0
9 7 6 12 0
9 7 6 13 0
9 7 6 14 0
9 7 6 15 0
9 7 7 0 0
9 7 7 1 0
9 7 7 2 0
9 7 7 3 0
9 7 7 4 0
9 7 7 5 0
9 7 7 6 0
9 7 7 7 0
9 7 7 8 0
9 7 7 9 0
9 7 7 10 0
9 7 7 11 0
9 7 7 12 0
9 7 7 13 0
9 7 7 14 0
9 7 7 15 0
9 7 8 0 0
9 7 8 1 0
9 7 8 2 0
9 7 8 3 0
9 7 8 4 0
9 7 8 5 0
9 7 8 6 0
9 7 8 7 0
9 7 8 8 0
9 7 8 9 0
9 7 8 10 0
9 7 8 11 0
9 7 8 12 0
9 7 8 13 0
9 7 8 14 0
9 7 8 15 0
9 7 9 0 0
9 7 9 1 0
9 7 9 2 0
9 7 9 3 0
9 7 9 4 0
9 7 9 5 0
9 7 9 6 0
9 7 9 7 0
9 7 9 8 0
9 7 9 9 0
9 7 9 10 0
9 7 9 11 0
9 7 9 12 0
9 7 9 13 0
9 7 9 14 0
9 7 9 15 0
9 7 10 0 0
9 7 10 1 0
9 7 10 2 0
9 7 10 3 0
9 7 10 4 0
9 7 10 5 0
9 7 10 6 0
9 7 10 7 0
9 7 10 8 0
9 7 10 9 0
9 7 10 10 0
9 7 10 11 0
9 7 10 12 0
9 7 10 13 0
9 7 10 14 0
9 7 10 15 0
9 7 11 0 0
9 7 11 1 0
9 7 11 2 0
9 7 11 3 0
9 7 11 4 0
9 7 11 5 0
9 7 11 6 0
9 7 11 7 0
9 7 11 8 0
9 7 11 9 0
9 7 11 10 0
9 7 11 11 0
9 7 11 12 0
9 7 11 13 0
9 7 11 14 0
9 7 11 15 0
9 7 12 0 0
9 7 12 1 0
9 7 12 2 0
9 7 12 3 0
9 7 12 4 0
9 7 12 5 0
9 7 12 6 0
9 7 12 7 0
9 7 12 8 0
9 7 12 9 0
9 7 12 10 0
9 7 12 11 0
9 7 12 12 0
9 7 12 13 0
9 7 12 14 0
9 7 12 15 0
9 7 13 0 0
9 7 13 1 0
9 7 13 2 0
9 7 13 3 0
9 7 13 4 0
9 7 13 5 0
9 7 13 6 0
9 7 13 7 0
9 7 13 8 0
9 7 13 9 0
9 7 13 10 0
9 7 13 11 0
9 7 13 12 0
9 7 13 13 0
9 7 13 14 0
9 7 13 15 0
9 7 14 0 0
9 7 14 1 0
9 7 14 2 0
9 7 14 3 0
9 7 14 4 0
9 7 14 5 0
9 7 14 6 0
9 7 14 7 0
9 7 14 8 0
9 7 14 9 0
9 7 14 10 0
9 7 14 11 0
9 7 14 12 0
9 7 14 13 0
9 7 14 14 0
9 7 14 15 0
9 7 15 0 0
9 7 15 1 0
9 7 15 2 0
9 7 15 3 0
9 7 15 4 0
9 7 15 5 0
9 7 15 6 0
9 7 15 7 0
9 7 15 8 0
9 7 15 9 0
9 7 15 10 0
9 7 15 11 0
9 7 15 12 0
9 7 15 13 0
9 7 15 14 0
9 7 15 15 0
9 8 0 0 0
9 8 0 1 0
9 8 0 2 0
9 8 0 3 0
9 8 0 4 0
9 8 0 5 0
9 8 0 6 0
9 8 0 7 0
9 8 0 8 0
9 8 0 9 0
9 8 0 10 0
9 8 0 11 0
9 8 0 12 0
9 8 0 13 0
9 8 0 14 0
9 8 0 15 0
9 8 1 0 0
9 8 1 1 0
9 8 1 2 0
9 8 1 3 0
9 8 1 4 0
9 8 1 5 0
9 8 1 6 0
9 8 1 7 0
9 8 1 8 0
9 8 1 9 0
9 8 1 10 0
9 8 1 11 0
9 8 1 12 0
9 8 1 13 0
9 8 1 14 0
9 8 1 15 0
9 8 2 0 0
9 8 2 1 0
9 8 2 2 0
9 8 2 3 0
9 8 2 4 0
9 8 2 5 0
9 8 2 6 0
9 8 2 7 0
9 8 2 8 0
9 8 2 9 0
9 8 2 10 0
9 8 2 11 0
9 8 2 12 0
9 8 2 13 0
9 8 2 14 0
9 8 2 15 0
9 8 3 0 0
9 8 3 1 0
9 8 3 2 0
9 8 3 3 0
9 8 3 4 0
9 8 3 5 0
9 8 3 6 0
9 8 3 7 0
9 8 3 8 0
9 8 3 9 0
9 8 3 10 0
9 8 3 11 0
9 8 3 12 0
9 8 3 13 0
9 8 3 14 0
9 8 3 15 0
9 8 4 0 0
9 8 4 1 0
9 8 4 2 0
9 8 4 3 0
9 8 4 4 0
9 8 4 5 0
9 8 4 6 0
9 8 4 7 0
9 8 4 8 0
9 8 4 9 0
9 8 4 10 0
9 8 4 11 0
9 8 4 12 0
9 8 4 13 0
9 8 4 14 0
9 8 4 15 0
9 8 5 0 0
9 8 5 1 0
9 8 5 2 0
9 8 5 3 0
9 8 5 4 0
9 8 5 5 0
9 8 5 6 0
9 8 5 7 0
9 8 5 8 0
9 8 5 9 0
9 8 5 10 0
9 8 5 11 0
9 8 5 12 0
9 8 5 13 0
9 8 5 14 0
9 8 5 15 0
9 8 6 0 0
9 8 6 1 0
9 8 6 2 0
9 8 6 3 0
9 8 6 4 0
9 8 6 5 0
9 8 6 6 0
9 8 6 7 0
9 8 6 8 0
9 8 6 9 0
9 8 6 10 0
9 8 6 11 0
9 8 6 12 0
9 8 6 13 0
9 8 6 14 0
9 8 6 15 0
9 8 7 0 0
9 8 7 1 0
9 8 7 2 0
9 8 7 3 0
9 8 7 4 0
9 8 7 5 0
9 8 7 6 0
9 8 7 7 0
9 8 7 8 0
9 8 7 9 0
9 8 7 10 0
9 8 7 11 0
9 8 7 12 0
9 8 7 13 0
9 8 7 14 0
9 8 7 15 0
9 8 8 0 0
9 8 8 1 0
9 8 8 2 0
9 8 8 3 0
9 8 8 4 0
9 8 8 5 0
9 8 8 6 0
9 8 8 7 0
9 8 8 8 0
9 8 8 9 0
9 8 8 10 0
9 8 8 11 0
9 8 8 12 0
9 8 8 13 0
9 8 8 14 0
9 8 8 15 0
9 8 9 0 0
9 8 9 1 0
9 8 9 2 0
9 8 9 3 0
9 8 9 4 0
9 8 9 5 0
9 8 9 6 0
9 8 9 7 0
9 8 9 8 0
9 8 9 9 0
9 8 9 10 0
9 8 9 11 0
9 8 9 12 0
9 8 9 13 0
9 8 9 14 0
9 8 9 15 0
9 8 10 0 0
9 8 10 1 0
9 8 10 2 0
9 8 10 3 0
9 8 10 4 0
9 8 10 5 0
9 8 10 6 0
9 8 10 7 0
9 8 10 8 0
9 8 10 9 0
9 8 10 10 0
9 8 10 11 0
9 8 10 12 0
9 8 10 13 0
9 8 10 14 0
9 8 10 15 0
9 8 11 0 0
9 8 11 1 0
9 8 11 2 0
9 8 11 3 0
9 8 11 4 0
9 8 11 5 0
9 8 11 6 0
9 8 11 7 0
9 8 11 8 0
9 8 11 9 0
9 8 11 10 0
9 8 11 11 0
9 8 11 12 0
9 8 11 13 0
9 8 11 14 0
9 8 11 15 0
9 8 12 0 0
9 8 12 1 0
9 8 12 2 0
9 8 12 3 0
9 8 12 4 0
9 8 12 5 0
9 8 12 6 0
9 8 12 7 0
9 8 12 8 0
9 8 12 9 0
9 8 12 10 0
9 8 12 11 0
9 8 12 12 0
9 8 12 13 0
9 8 12 14 0
9 8 12 15 0
9 8 13 0 0
9 8 13 1 0
9 8 13 2 0
9 8 13 3 0
9 8 13 4 0
9 8 13 5 0
9 8 13 6 0
9 8 13 7 0
9 8 13 8 0
9 8 13 9 0
9 8 13 10 0
9 8 13 11 0
9 8 13 12 0
9 8 13 13 0
9 8 13 14 0
9 8 13 15 0
9 8 14 0 0
9 8 14 1 0
9 8 14 2 0
9 8 14 3 0
9 8 14 4 0
9 8 14 5 0
9 8 14 6 0
9 8 14 7 0
9 8 14 8 0
9 8 14 9 0
9 8 14 10 0
9 8 14 11 0
9 8 14 12 0
9 8 14 13 0
9 8 14 14 0
9 8 14 15 0
9 8 15 0 0
9 8 15 1 0
9 8 15 2 0
9 8 15 3 0
9 8 15 4 0
9 8 15 5 0
9 8 15 6 0
9 8 15 7 0
9 8 15 8 0
9 8 15 9 0
9 8 15 10 0
9 8 15 11 0
9 8 15 12 0
9 8 15 13 0
9 8 15 14 0
9 8 15 15 0
9 9 0 0 0
9 9 0 1 0
9 9 0 2 0
9 9 0 3 0
9 9 0 4 0
9 9 0 5 0
9 9 0 6 0
9 9 0 7 0
9 9 0 8 0
9 9 0 9 0
9 9 0 10 0
9 9 0 11 0
9 9 0 12 0
9 9 0 13 0
9 9 0 14 0
9 9 0 15 0
9 9 1 0 0
9 9 1 1 0
9 9 1 2 0
9 9 1 3 0
9 9 1 4 0
9 9 1 5 0
9 9 1 6 0
9 9 1 7 0
9 9 1 8 0
9 9 1 9 0
9 9 1 10 0
9 9 1 11 0
9 9 1 12 0
9 9 1 13 0
9 9 1 14 0
9 9 1 15 0
9 9 2 0 0
9 9 2 1 0
9 9 2 2 0
9 9 2 3 0
9 9 2 4 0
9 9 2 5 0
9 9 2 6 0
9 9 2 7 0
9 9 2 8 0
9 9 2 9 0
9 9 2 10 0
9 9 2 11 0
9 9 2 12 0
9 9 2 13 0
9 9 2 14 0
9 9 2 15 0
9 9 3 0 0
9 9 3 1 0
9 9 3 2 0
9 9 3 3 0
9 9 3 4 0
9 9 3 5 0
9 9 3 6 0
9 9 3 7 0
9 9 3 8 0
9 9 3 9 0
9 9 3 10 0
9 9 3 11 0
9 9 3 12 0
9 9 3 13 0
9 9 3 14 0
9 9 3 15 0
9 9 4 0 0
9 9 4 1 0
9 9 4 2 0
9 9 4 3 0
9 9 4 4 0
9 9 4 5 0
9 9 4 6 0
9 9 4 7 0
9 9 4 8 0
9 9 4 9 0
9 9 4 10 0
9 9 4 11 0
9 9 4 12 0
9 9 4 13 0
9 9 4 14 0
9 9 4 15 0
9 9 5 0 0
9 9 5 1 0
9 9 5 2 0
9 9 5 3 0
9 9 5 4 0
9 9 5 5 0
9 9 5 6 0
9 9 5 7 0
9 9 5 8 0
9 9 5 9 0
9 9 5 10 0
9 9 5 11 0
9 9 5 12 0
9 9 5 13 0
9 9 5 14 0
9 9 5 15 0
9 9 6 0 0
9 9 6 1 0
9 9 6 2 0
9 9 6 3 0
9 9 6 4 0
9 9 6 5 0
9 9 6 6 0
9 9 6 7 0
9 9 6 8 0
9 9 6 9 0
9 9 6 10 0
9 9 6 11 0
9 9 6 12 0
9 9 6 13 0
9 9 6 14 0
9 9 6 15 0
9 9 7 0 0
9 9 7 1 0
9 9 7 2 0
9 9 7 3 0
9 9 7 4 0
9 9 7 5 0
9 9 7 6 0
9 9 7 7 0
9 9 7 8 0
9 9 7 9 0
9 9 7 10 0
9 9 7 11 0
9 9 7 12 0
9 9 7 13 0
9 9 7 14 0
9 9 7 15 0
9 9 8 0 0
9 9 8 1 0
9 9 8 2 0
9 9 8 3 0
9 9 8 4 0
9 9 8 5 0
9 9 8 6 0
9 9 8 7 0
9 9 8 8 0
9 9 8 9 0
9 9 8 10 0
9 9 8 11 0
9 9 8 12 0
9 9 8 13 0
9 9 8 14 0
9 9 8 15 0
9 9 9 0 0
9 9 9 1 0
9 9 9 2 0
9 9 9 3 0
9 9 9 4 0
9 9 9 5 0
9 9 9 6 0
9 9 9 7 0
9 9 9 8 0
9 9 9 9 0
9 9 9 10 0
9 9 9 11 0
9 9 9 12 0
9 9 9 13 0
9 9 9 14 0
9 9 9 15 0
9 9 10 0 0
9 9 10 1 0
9 9 10 2 0
9 9 10 3 0
9 9 10 4 0
9 9 10 5 0
9 9 10 6 0
9 9 10 7 0
9 9 10 8 0
9 9 10 9 0
9 9 10 10 0
9 9 10 11 0
9 9 10 12 0
9 9 10 13 0
9 9 10 14 0
9 9 10 15 0
9 9 11 0 0
9 9 11 1 0
9 9 11 2 0
9 9 11 3 0
9 9 11 4 0
9 9 11 5 0
9 9 11 6 0
9 9 11 7 0
9 9 11 8 0
9 9 11 9 0
9 9 11 10 0
9 9 11 11 0
9 9 11 12 0
9 9 11 13 0
9 9 11 14 0
9 9 11 15 0
9 9 12 0 0
9 9 12 1 0
9 9 12 2 0
9 9 12 3 0
9 9 12 4 0
9 9 12 5 0
9 9 12 6 0
9 9 12 7 0
9 9 12 8 0
9 9 12 9 0
9 9 12 10 0
9 9 12 11 0
9 9 12 12 0
9 9 12 13 0
9 9 12 14 0
9 9 12 15 0
9 9 13 0 0
9 9 13 1 0
9 9 13 2 0
9 9 13 3 0
9 9 13 4 0
9 9 13 5 0
9 9 13 6 0
9 9 13 7 0
9 9 13 8 0
9 9 13 9 0
9 9 13 10 0
9 9 13 11 0
9 9 13 12 0
9 9 13 13 0
9 9 13 14 0
9 9 13 15 0
9 9 14 0 0
9 9 14 1 0
9 9 14 2 0
9 9 14 3 0
9 9 14 4 0
9 9 14 5 0
9 9 14 6 0
9 9 14 7 0
9 9 14 8 0
9 9 14 9 0
9 9 14 10 0
9 9 14 11 0
9 9 14 12 0
9 9 14 13 0
9 9 14 14 0
9 9 14 15 0
9 9 15 0 0
9 9 15 1 0
9 9 15 2 0
9 9 15 3 0
9 9 15 4 0
9 9 15 5 0
9 9 15 6 0
9 9 15 7 0
9 9 15 8 0
9 9 15 9 0
9 9 15 10 0
9 9 15 11 0
9 9 15 12 0
9 9 15 13 0
9 9 15 14 0
9 9 15 15 0
9 10 0 0 0
9 10 0 1 0
9 10 0 2 0
9 10 0 3 0
9 10 0 4 0
9 10 0 5 0
9 10 0 6 0
9 10 0 7 0
9 10 0 8 0
9 10 0 9 0
9 10 0 10 0
9 10 0 11 0
9 10 0 12 0
9 10 0 13 0
9 10 0 14 0
9 10 0 15 0
9 10 1 0 0
9 10 1 1 0
9 10 1 2 0
9 10 1 3 0
9 10 1 4 0
9 10 1 5 0
9 10 1 6 0
9 10 1 7 0
9 10 1 8 0
9 10 1 9 0
9 10 1 10 0
9 10 1 11 0
9 10 1 12 0
9 10 1 13 0
9 10 1 14 0
9 10 1 15 0
9 10 2 0 0
9 10 2 1 0
9 10 2 2 0
9 10 2 3 0
9 10 2 4 0
9 10 2 5 0
9 10 2 6 0
9 10 2 7 0
9 10 2 8 0
9 10 2 9 0
9 10 2 10 0
9 10 2 11 0
9 10 2 12 0
9 10 2 13 0
9 10 2 14 0
9 10 2 15 0
9 10 3 0 0
9 10 3 1 0
9 10 3 2 0
9 10 3 3 0
9 10 3 4 0
9 10 3 5 0
9 10 3 6 0
9 10 3 7 0
9 10 3 8 0
9 10 3 9 0
9 10 3 10 0
9 10 3 11 0
9 10 3 12 0
9 10 3 13 0
9 10 3 14 0
9 10 3 15 0
9 10 4 0 0
9 10 4 1 0
9 10 4 2 0
9 10 4 3 0
9 10 4 4 0
9 10 4 5 0
9 10 4 6 0
9 10 4 7 0
9 10 4 8 0
9 10 4 9 0
9 10 4 10 0
9 10 4 11 0
9 10 4 12 0
9 10 4 13 0
9 10 4 14 0
9 10 4 15 0
9 10 5 0 0
9 10 5 1 0
9 10 5 2 0
9 10 5 3 0
9 10 5 4 0
9 10 5 5 0
9 10 5 6 0
9 10 5 7 0
9 10 5 8 0
9 10 5 9 0
9 10 5 10 0
9 10 5 11 0
9 10 5 12 0
9 10 5 13 0
9 10 5 14 0
9 10 5 15 0
9 10 6 0 0
9 10 6 1 0
9 10 6 2 0
9 10 6 3 0
9 10 6 4 0
9 10 6 5 0
9 10 6 6 0
9 10 6 7 0
9 10 6 8 0
9 10 6 9 0
9 10 6 10 0
9 10 6 11 0
9 10 6 12 0
9 10 6 13 0
9 10 6 14 0
9 10 6 15 0
9 10 7 0 0
9 10 7 1 0
9 10 7 2 0
9 10 7 3 0
9 10 7 4 0
9 10 7 5 0
9 10 7 6 0
9 10 7 7 0
9 10 7 8 0
9 10 7 9 0
9 10 7 10 0
9 10 7 11 0
9 10 7 12 0
9 10 7 13 0
9 10 7 14 0
9 10 7 15 0
9 10 8 0 0
9 10 8 1 0
9 10 8 2 0
9 10 8 3 0
9 10 8 4 0
9 10 8 5 0
9 10 8 6 0
9 10 8 7 0
9 10 8 8 0
9 10 8 9 0
9 10 8 10 0
9 10 8 11 0
9 10 8 12 0
9 10 8 13 0
9 10 8 14 0
9 10 8 15 0
9 10 9 0 0
9 10 9 1 0
9 10 9 2 0
9 10 9 3 0
9 10 9 4 0
9 10 9 5 0
9 10 9 6 0
9 10 9 7 0
9 10 9 8 0
9 10 9 9 0
9 10 9 10 0
9 10 9 11 0
9 10 9 12 0
9 10 9 13 0
9 10 9 14 0
9 10 9 15 0
9 10 10 0 0
9 10 10 1 0
9 10 10 2 0
9 10 10 3 0
9 10 10 4 0
9 10 10 5 0
9 10 10 6 0
9 10 10 7 0
9 10 10 8 0
9 10 10 9 0
9 10 10 10 0
9 10 10 11 0
9 10 10 12 0
9 10 10 13 0
9 10 10 14 0
9 10 10 15 0
9 10 11 0 0
9 10 11 1 0
9 10 11 2 0
9 10 11 3 0
9 10 11 4 0
9 10 11 5 0
9 10 11 6 0
9 10 11 7 0
9 10 11 8 0
9 10 11 9 0
9 10 11 10 0
9 10 11 11 0
9 10 11 12 0
9 10 11 13 0
9 10 11 14 0
9 10 11 15 0
9 10 12 0 0
9 10 12 1 0
9 10 12 2 0
9 10 12 3 0
9 10 12 4 0
9 10 12 5 0
9 10 12 6 0
9 10 12 7 0
9 10 12 8 0
9 10 12 9 0
9 10 12 10 0
9 10 12 11 0
9 10 12 12 0
9 10 12 13 0
9 10 12 14 0
9 10 12 15 0
9 10 13 0 0
9 10 13 1 0
9 10 13 2 0
9 10 13 3 0
9 10 13 4 0
9 10 13 5 0
9 10 13 6 0
9 10 13 7 0
9 10 13 8 0
9 10 13 9 0
9 10 13 10 0
9 10 13 11 0
9 10 13 12 0
9 10 13 13 0
9 10 13 14 0
9 10 13 15 0
9 10 14 0 0
9 10 14 1 0
9 10 14 2 0
9 10 14 3 0
9 10 14 4 0
9 10 14 5 0
9 10 14 6 0
9 10 14 7 0
9 10 14 8 0
9 10 14 9 0
9 10 14 10 0
9 10 14 11 0
9 10 14 12 0
9 10 14 13 0
9 10 14 14 0
9 10 14 15 0
9 10 15 0 0
9 10 15 1 0
9 10 15 2 0
9 10 15 3 0
9 10 15 4 0
9 10 15 5 0
9 10 15 6 0
9 10 15 7 0
9 10 15 8 0
9 10 15 9 0
9 10 15 10 0
9 10 15 11 0
9 10 15 12 0
9 10 15 13 0
9 10 15 14 0
9 10 15 15 0
9 11 0 0 0
9 11 0 1 0
9 11 0 2 0
9 11 0 3 0
9 11 0 4 0
9 11 0 5 0
9 11 0 6 0
9 11 0 7 0
9 11 0 8 0
9 11 0 9 0
9 11 0 10 0
9 11 0 11 0
9 11 0 12 0
9 11 0 13 0
9 11 0 14 0
9 11 0 15 0
9 11 1 0 0
9 11 1 1 0
9 11 1 2 0
9 11 1 3 0
9 11 1 4 0
9 11 1 5 0
9 11 1 6 0
9 11 1 7 0
9 11 1 8 0
9 11 1 9 0
9 11 1 10 0
9 11 1 11 0
9 11 1 12 0
9 11 1 13 0
9 11 1 14 0
9 11 1 15 0
9 11 2 0 0
9 11 2 1 0
9 11 2 2 0
9 11 2 3 0
9 11 2 4 0
9 11 2 5 0
9 11 2 6 0
9 11 2 7 0
9 11 2 8 0
9 11 2 9 0
9 11 2 10 0
9 11 2 11 0
9 11 2 12 0
9 11 2 13 0
9 11 2 14 0
9 11 2 15 0
9 11 3 0 0
9 11 3 1 0
9 11 3 2 0
9 11 3 3 0
9 11 3 4 0
9 11 3 5 0
9 11 3 6 0
9 11 3 7 0
9 11 3 8 0
9 11 3 9 0
9 11 3 10 0
9 11 3 11 0
9 11 3 12 0
9 11 3 13 0
9 11 3 14 0
9 11 3 15 0
9 11 4 0 0
9 11 4 1 0
9 11 4 2 0
9 11 4 3 0
9 11 4 4 0
9 11 4 5 0
9 11 4 6 0
9 11 4 7 0
9 11 4 8 0
9 11 4 9 0
9 11 4 10 0
9 11 4 11 0
9 11 4 12 0
9 11 4 13 0
9 11 4 14 0
9 11 4 15 0
9 11 5 0 0
9 11 5 1 0
9 11 5 2 0
9 11 5 3 0
9 11 5 4 0
9 11 5 5 0
9 11 5 6 0
9 11 5 7 0
9 11 5 8 0
9 11 5 9 0
9 11 5 10 0
9 11 5 11 0
9 11 5 12 0
9 11 5 13 0
9 11 5 14 0
9 11 5 15 0
9 11 6 0 0
9 11 6 1 0
9 11 6 2 0
9 11 6 3 0
9 11 6 4 0
9 11 6 5 0
9 11 6 6 0
9 11 6 7 0
9 11 6 8 0
9 11 6 9 0
9 11 6 10 0
9 11 6 11 0
9 11 6 12 0
9 11 6 13 0
9 11 6 14 0
9 11 6 15 0
9 11 7 0 0
9 11 7 1 0
9 11 7 2 0
9 11 7 3 0
9 11 7 4 0
9 11 7 5 0
9 11 7 6 0
9 11 7 7 0
9 11 7 8 0
9 11 7 9 0
9 11 7 10 0
9 11 7 11 0
9 11 7 12 0
9 11 7 13 0
9 11 7 14 0
9 11 7 15 0
9 11 8 0 0
9 11 8 1 0
9 11 8 2 0
9 11 8 3 0
9 11 8 4 0
9 11 8 5 0
9 11 8 6 0
9 11 8 7 0
9 11 8 8 0
9 11 8 9 0
9 11 8 10 0
9 11 8 11 0
9 11 8 12 0
9 11 8 13 0
9 11 8 14 0
9 11 8 15 0
9 11 9 0 0
9 11 9 1 0
9 11 9 2 0
9 11 9 3 0
9 11 9 4 0
9 11 9 5 0
9 11 9 6 0
9 11 9 7 0
9 11 9 8 0
9 11 9 9 0
9 11 9 10 0
9 11 9 11 0
9 11 9 12 0
9 11 9 13 0
9 11 9 14 0
9 11 9 15 0
9 11 10 0 0
9 11 10 1 0
9 11 10 2 0
9 11 10 3 0
9 11 10 4 0
9 11 10 5 0
9 11 10 6 0
9 11 10 7 0
9 11 10 8 0
9 11 10 9 0
9 11 10 10 0
9 11 10 11 0
9 11 10 12 0
9 11 10 13 0
9 11 10 14 0
9 11 10 15 0
9 11 11 0 0
9 11 11 1 0
9 11 11 2 0
9 11 11 3 0
9 11 11 4 0
9 11 11 5 0
9 11 11 6 0
9 11 11 7 0
9 11 11 8 0
9 11 11 9 0
9 11 11 10 0
9 11 11 11 0
9 11 11 12 0
9 11 11 13 0
9 11 11 14 0
9 11 11 15 0
9 11 12 0 0
9 11 12 1 0
9 11 12 2 0
9 11 12 3 0
9 11 12 4 0
9 11 12 5 0
9 11 12 6 0
9 11 12 7 0
9 11 12 8 0
9 11 12 9 0
9 11 12 10 0
9 11 12 11 0
9 11 12 12 0
9 11 12 13 0
9 11 12 14 0
9 11 12 15 0
9 11 13 0 0
9 11 13 1 0
9 11 13 2 0
9 11 13 3 0
9 11 13 4 0
9 11 13 5 0
9 11 13 6 0
9 11 13 7 0
9 11 13 8 0
9 11 13 9 0
9 11 13 10 0
9 11 13 11 0
9 11 13 12 0
9 11 13 13 0
9 11 13 14 0
9 11 13 15 0
9 11 14 0 0
9 11 14 1 0
9 11 14 2 0
9 11 14 3 0
9 11 14 4 0
9 11 14 5 0
9 11 14 6 0
9 11 14 7 0
9 11 14 8 0
9 11 14 9 0
9 11 14 10 0
9 11 14 11 0
9 11 14 12 0
9 11 14 13 0
9 11 14 14 0
9 11 14 15 0
9 11 15 0 0
9 11 15 1 0
9 11 15 2 0
9 11 15 3 0
9 11 15 4 0
9 11 15 5 0
9 11 15 6 0
9 11 15 7 0
9 11 15 8 0
9 11 15 9 0
9 11 15 10 0
9 11 15 11 0
9 11 15 12 0
9 11 15 13 0
9 11 15 14 0
9 11 15 15 0
9 12 0 0 0
9 12 0 1 0
9 12 0 2 0
9 12 0 3 0
9 12 0 4 0
9 12 0 5 0
9 12 0 6 0
9 12 0 7 0
9 12 0 8 0
9 12 0 9 0
9 12 0 10 0
9 12 0 11 0
9 12 0 12 0
9 12 0 13 0
9 12 0 14 0
9 12 0 15 0
9 12 1 0 0
9 12 1 1 0
9 12 1 2 0
9 12 1 3 0
9 12 1 4 0
9 12 1 5 0
9 12 1 6 0
9 12 1 7 0
9 12 1 8 0
9 12 1 9 0
9 12 1 10 0
9 12 1 11 0
9 12 1 12 0
9 12 1 13 0
9 12 1 14 0
9 12 1 15 0
9 12 2 0 0
9 12 2 1 0
9 12 2 2 0
9 12 2 3 0
9 12 2 4 0
9 12 2 5 0
9 12 2 6 0
9 12 2 7 0
9 12 2 8 0
9 12 2 9 0
9 12 2 10 0
9 12 2 11 0
9 12 2 12 0
9 12 2 13 0
9 12 2 14 0
9 12 2 15 0
9 12 3 0 0
9 12 3 1 0
9 12 3 2 0
9 12 3 3 0
9 12 3 4 0
9 12 3 5 0
9 12 3 6 0
9 12 3 7 0
9 12 3 8 0
9 12 3 9 0
9 12 3 10 0
9 12 3 11 0
9 12 3 12 0
9 12 3 13 0
9 12 3 14 0
9 12 3 15 0
9 12 4 0 0
9 12 4 1 0
9 12 4 2 0
9 12 4 3 0
9 12 4 4 0
9 12 4 5 0
9 12 4 6 0
9 12 4 7 0
9 12 4 8 0
9 12 4 9 0
9 12 4 10 0
9 12 4 11 0
9 12 4 12 0
9 12 4 13 0
9 12 4 14 0
9 12 4 15 0
9 12 5 0 0
9 12 5 1 0
9 12 5 2 0
9 12 5 3 0
9 12 5 4 0
9 12 5 5 0
9 12 5 6 0
9 12 5 7 0
9 12 5 8 0
9 12 5 9 0
9 12 5 10 0
9 12 5 11 0
9 12 5 12 0
9 12 5 13 0
9 12 5 14 0
9 12 5 15 0
9 12 6 0 0
9 12 6 1 0
9 12 6 2 0
9 12 6 3 0
9 12 6 4 0
9 12 6 5 0
9 12 6 6 0
9 12 6 7 0
9 12 6 8 0
9 12 6 9 0
9 12 6 10 0
9 12 6 11 0
9 12 6 12 0
9 12 6 13 0
9 12 6 14 0
9 12 6 15 0
9 12 7 0 0
9 12 7 1 0
9 12 7 2 0
9 12 7 3 0
9 12 7 4 0
9 12 7 5 0
9 12 7 6 0
9 12 7 7 0
9 12 7 8 0
9 12 7 9 0
9 12 7 10 0
9 12 7 11 0
9 12 7 12 0
9 12 7 13 0
9 12 7 14 0
9 12 7 15 0
9 12 8 0 0
9 12 8 1 0
9 12 8 2 0
9 12 8 3 0
9 12 8 4 0
9 12 8 5 0
9 12 8 6 0
9 12 8 7 0
9 12 8 8 0
9 12 8 9 0
9 12 8 10 0
9 12 8 11 0
9 12 8 12 0
9 12 8 13 0
9 12 8 14 0
9 12 8 15 0
9 12 9 0 0
9 12 9 1 0
9 12 9 2 0
9 12 9 3 0
9 12 9 4 0
9 12 9 5 0
9 12 9 6 0
9 12 9 7 0
9 12 9 8 0
9 12 9 9 0
9 12 9 10 0
9 12 9 11 0
9 12 9 12 0
9 12 9 13 0
9 12 9 14 0
9 12 9 15 0
9 12 10 0 0
9 12 10 1 0
9 12 10 2 0
9 12 10 3 0
9 12 10 4 0
9 12 10 5 0
9 12 10 6 0
9 12 10 7 0
9 12 10 8 0
9 12 10 9 0
9 12 10 10 0
9 12 10 11 0
9 12 10 12 0
9 12 10 13 0
9 12 10 14 0
9 12 10 15 0
9 12 11 0 0
9 12 11 1 0
9 12 11 2 0
9 12 11 3 0
9 12 11 4 0
9 12 11 5 0
9 12 11 6 0
9 12 11 7 0
9 12 11 8 0
9 12 11 9 0
9 12 11 10 0
9 12 11 11 0
9 12 11 12 0
9 12 11 13 0
9 12 11 14 0
9 12 11 15 0
9 12 12 0 0
9 12 12 1 0
9 12 12 2 0
9 12 12 3 0
9 12 12 4 0
9 12 12 5 0
9 12 12 6 0
9 12 12 7 0
9 12 12 8 0
9 12 12 9 0
9 12 12 10 0
9 12 12 11 0
9 12 12 12 0
9 12 12 13 0
9 12 12 14 0
9 12 12 15 0
9 12 13 0 0
9 12 13 1 0
9 12 13 2 0
9 12 13 3 0
9 12 13 4 0
9 12 13 5 0
9 12 13 6 0
9 12 13 7 0
9 12 13 8 0
9 12 13 9 0
9 12 13 10 0
9 12 13 11 0
9 12 13 12 0
9 12 13 13 0
9 12 13 14 0
9 12 13 15 0
9 12 14 0 0
9 12 14 1 0
9 12 14 2 0
9 12 14 3 0
9 12 14 4 0
9 12 14 5 0
9 12 14 6 0
9 12 14 7 0
9 12 14 8 0
9 12 14 9 0
9 12 14 10 0
9 12 14 11 0
9 12 14 12 0
9 12 14 13 0
9 12 14 14 0
9 12 14 15 0
9 12 15 0 0
9 12 15 1 0
9 12 15 2 0
9 12 15 3 0
9 12 15 4 0
9 12 15 5 0
9 12 15 6 0
9 12 15 7 0
9 12 15 8 0
9 12 15 9 0
9 12 15 10 0
9 12 15 11 0
9 12 15 12 0
9 12 15 13 0
9 12 15 14 0
9 12 15 15 0
9 13 0 0 0
9 13 0 1 0
9 13 0 2 0
9 13 0 3 0
9 13 0 4 0
9 13 0 5 0
9 13 0 6 0
9 13 0 7 0
9 13 0 8 0
9 13 0 9 0
9 13 0 10 0
9 13 0 11 0
9 13 0 12 0
9 13 0 13 0
9 13 0 14 0
9 13 0 15 0
9 13 1 0 0
9 13 1 1 0
9 13 1 2 0
9 13 1 3 0
9 13 1 4 0
9 13 1 5 0
9 13 1 6 0
9 13 1 7 0
9 13 1 8 0
9 13 1 9 0
9 13 1 10 0
9 13 1 11 0
9 13 1 12 0
9 13 1 13 0
9 13 1 14 0
9 13 1 15 0
9 13 2 0 0
9 13 2 1 0
9 13 2 2 0
9 13 2 3 0
9 13 2 4 0
9 13 2 5 0
9 13 2 6 0
9 13 2 7 0
9 13 2 8 0
9 13 2 9 0
9 13 2 10 0
9 13 2 11 0
9 13 2 12 0
9 13 2 13 0
9 13 2 14 0
9 13 2 15 0
9 13 3 0 0
9 13 3 1 0
9 13 3 2 0
9 13 3 3 0
9 13 3 4 0
9 13 3 5 0
9 13 3 6 0
9 13 3 7 0
9 13 3 8 0
9 13 3 9 0
9 13 3 10 0
9 13 3 11 0
9 13 3 12 0
9 13 3 13 0
9 13 3 14 0
9 13 3 15 0
9 13 4 0 0
9 13 4 1 0
9 13 4 2 0
9 13 4 3 0
9 13 4 4 0
9 13 4 5 0
9 13 4 6 0
9 13 4 7 0
9 13 4 8 0
9 13 4 9 0
9 13 4 10 0
9 13 4 11 0
9 13 4 12 0
9 13 4 13 0
9 13 4 14 0
9 13 4 15 0
9 13 5 0 0
9 13 5 1 0
9 13 5 2 0
9 13 5 3 0
9 13 5 4 0
9 13 5 5 0
9 13 5 6 0
9 13 5 7 0
9 13 5 8 0
9 13 5 9 0
9 13 5 10 0
9 13 5 11 0
9 13 5 12 0
9 13 5 13 0
9 13 5 14 0
9 13 5 15 0
9 13 6 0 0
9 13 6 1 0
9 13 6 2 0
9 13 6 3 0
9 13 6 4 0
9 13 6 5 0
9 13 6 6 0
9 13 6 7 0
9 13 6 8 0
9 13 6 9 0
9 13 6 10 0
9 13 6 11 0
9 13 6 12 0
9 13 6 13 0
9 13 6 14 0
9 13 6 15 0
9 13 7 0 0
9 13 7 1 0
9 13 7 2 0
9 13 7 3 0
9 13 7 4 0
9 13 7 5 0
9 13 7 6 0
9 13 7 7 0
9 13 7 8 0
9 13 7 9 0
9 13 7 10 0
9 13 7 11 0
9 13 7 12 0
9 13 7 13 0
9 13 7 14 0
9 13 7 15 0
9 13 8 0 0
9 13 8 1 0
9 13 8 2 0
9 13 8 3 0
9 13 8 4 0
9 13 8 5 0
9 13 8 6 0
9 13 8 7 0
9 13 8 8 0
9 13 8 9 0
9 13 8 10 0
9 13 8 11 0
9 13 8 12 0
9 13 8 13 0
9 13 8 14 0
9 13 8 15 0
9 13 9 0 0
9 13 9 1 0
9 13 9 2 0
9 13 9 3 0
9 13 9 4 0
9 13 9 5 0
9 13 9 6 0
9 13 9 7 0
9 13 9 8 0
9 13 9 9 0
9 13 9 10 0
9 13 9 11 0
9 13 9 12 0
9 13 9 13 0
9 13 9 14 0
9 13 9 15 0
9 13 10 0 0
9 13 10 1 0
9 13 10 2 0
9 13 10 3 0
9 13 10 4 0
9 13 10 5 0
9 13 10 6 0
9 13 10 7 0
9 13 10 8 0
9 13 10 9 0
9 13 10 10 0
9 13 10 11 0
9 13 10 12 0
9 13 10 13 0
9 13 10 14 0
9 13 10 15 0
9 13 11 0 0
9 13 11 1 0
9 13 11 2 0
9 13 11 3 0
9 13 11 4 0
9 13 11 5 0
9 13 11 6 0
9 13 11 7 0
9 13 11 8 0
9 13 11 9 0
9 13 11 10 0
9 13 11 11 0
9 13 11 12 0
9 13 11 13 0
9 13 11 14 0
9 13 11 15 0
9 13 12 0 0
9 13 12 1 0
9 13 12 2 0
9 13 12 3 0
9 13 12 4 0
9 13 12 5 0
9 13 12 6 0
9 13 12 7 0
9 13 12 8 0
9 13 12 9 0
9 13 12 10 0
9 13 12 11 0
9 13 12 12 0
9 13 12 13 0
9 13 12 14 0
9 13 12 15 0
9 13 13 0 0
9 13 13 1 0
9 13 13 2 0
9 13 13 3 0
9 13 13 4 0
9 13 13 5 0
9 13 13 6 0
9 13 13 7 0
9 13 13 8 0
9 13 13 9 0
9 13 13 10 0
9 13 13 11 0
9 13 13 12 0
9 13 13 13 0
9 13 13 14 0
9 13 13 15 0
9 13 14 0 0
9 13 14 1 0
9 13 14 2 0
9 13 14 3 0
9 13 14 4 0
9 13 14 5 0
9 13 14 6 0
9 13 14 7 0
9 13 14 8 0
9 13 14 9 0
9 13 14 10 0
9 13 14 11 0
9 13 14 12 0
9 13 14 13 0
9 13 14 14 0
9 13 14 15 0
9 13 15 0 0
9 13 15 1 0
9 13 15 2 0
9 13 15 3 0
9 13 15 4 0
9 13 15 5 0
9 13 15 6 0
9 13 15 7 0
9 13 15 8 0
9 13 15 9 0
9 13 15 10 0
9 13 15 11 0
9 13 15 12 0
9 13 15 13 0
9 13 15 14 0
9 13 15 15 0
9 14 0 0 0
9 14 0 1 0
9 14 0 2 0
9 14 0 3 0
9 14 0 4 0
9 14 0 5 0
9 14 0 6 0
9 14 0 7 0
9 14 0 8 0
9 14 0 9 0
9 14 0 10 0
9 14 0 11 0
9 14 0 12 0
9 14 0 13 0
9 14 0 14 0
9 14 0 15 0
9 14 1 0 0
9 14 1 1 0
9 14 1 2 0
9 14 1 3 0
9 14 1 4 0
9 14 1 5 0
9 14 1 6 0
9 14 1 7 0
9 14 1 8 0
9 14 1 9 0
9 14 1 10 0
9 14 1 11 0
9 14 1 12 0
9 14 1 13 0
9 14 1 14 0
9 14 1 15 0
9 14 2 0 0
9 14 2 1 0
9 14 2 2 0
9 14 2 3 0
9 14 2 4 0
9 14 2 5 0
9 14 2 6 0
9 14 2 7 0
9 14 2 8 0
9 14 2 9 0
9 14 2 10 0
9 14 2 11 0
9 14 2 12 0
9 14 2 13 0
9 14 2 14 0
9 14 2 15 0
9 14 3 0 0
9 14 3 1 0
9 14 3 2 0
9 14 3 3 0
9 14 3 4 0
9 14 3 5 0
9 14 3 6 0
9 14 3 7 0
9 14 3 8 0
9 14 3 9 0
9 14 3 10 0
9 14 3 11 0
9 14 3 12 0
9 14 3 13 0
9 14 3 14 0
9 14 3 15 0
9 14 4 0 0
9 14 4 1 0
9 14 4 2 0
9 14 4 3 0
9 14 4 4 0
9 14 4 5 0
9 14 4 6 0
9 14 4 7 0
9 14 4 8 0
9 14 4 9 0
9 14 4 10 0
9 14 4 11 0
9 14 4 12 0
9 14 4 13 0
9 14 4 14 0
9 14 4 15 0
9 14 5 0 0
9 14 5 1 0
9 14 5 2 0
9 14 5 3 0
9 14 5 4 0
9 14 5 5 0
9 14 5 6 0
9 14 5 7 0
9 14 5 8 0
9 14 5 9 0
9 14 5 10 0
9 14 5 11 0
9 14 5 12 0
9 14 5 13 0
9 14 5 14 0
9 14 5 15 0
9 14 6 0 0
9 14 6 1 0
9 14 6 2 0
9 14 6 3 0
9 14 6 4 0
9 14 6 5 0
9 14 6 6 0
9 14 6 7 0
9 14 6 8 0
9 14 6 9 0
9 14 6 10 0
9 14 6 11 0
9 14 6 12 0
9 14 6 13 0
9 14 6 14 0
9 14 6 15 0
9 14 7 0 0
9 14 7 1 0
9 14 7 2 0
9 14 7 3 0
9 14 7 4 0
9 14 7 5 0
9 14 7 6 0
9 14 7 7 0
9 14 7 8 0
9 14 7 9 0
9 14 7 10 0
9 14 7 11 0
9 14 7 12 0
9 14 7 13 0
9 14 7 14 0
9 14 7 15 0
9 14 8 0 0
9 14 8 1 0
9 14 8 2 0
9 14 8 3 0
9 14 8 4 0
9 14 8 5 0
9 14 8 6 0
9 14 8 7 0
9 14 8 8 0
9 14 8 9 0
9 14 8 10 0
9 14 8 11 0
9 14 8 12 0
9 14 8 13 0
9 14 8 14 0
9 14 8 15 0
9 14 9 0 0
9 14 9 1 0
9 14 9 2 0
9 14 9 3 0
9 14 9 4 0
9 14 9 5 0
9 14 9 6 0
9 14 9 7 0
9 14 9 8 0
9 14 9 9 0
9 14 9 10 0
9 14 9 11 0
9 14 9 12 0
9 14 9 13 0
9 14 9 14 0
9 14 9 15 0
9 14 10 0 0
9 14 10 1 0
9 14 10 2 0
9 14 10 3 0
9 14 10 4 0
9 14 10 5 0
9 14 10 6 0
9 14 10 7 0
9 14 10 8 0
9 14 10 9 0
9 14 10 10 0
9 14 10 11 0
9 14 10 12 0
9 14 10 13 0
9 14 10 14 0
9 14 10 15 0
9 14 11 0 0
9 14 11 1 0
9 14 11 2 0
9 14 11 3 0
9 14 11 4 0
9 14 11 5 0
9 14 11 6 0
9 14 11 7 0
9 14 11 8 0
9 14 11 9 0
9 14 11 10 0
9 14 11 11 0
9 14 11 12 0
9 14 11 13 0
9 14 11 14 0
9 14 11 15 0
9 14 12 0 0
9 14 12 1 0
9 14 12 2 0
9 14 12 3 0
9 14 12 4 0
9 14 12 5 0
9 14 12 6 0
9 14 12 7 0
9 14 12 8 0
9 14 12 9 0
9 14 12 10 0
9 14 12 11 0
9 14 12 12 0
9 14 12 13 0
9 14 12 14 0
9 14 12 15 0
9 14 13 0 0
9 14 13 1 0
9 14 13 2 0
9 14 13 3 0
9 14 13 4 0
9 14 13 5 0
9 14 13 6 0
9 14 13 7 0
9 14 13 8 0
9 14 13 9 0
9 14 13 10 0
9 14 13 11 0
9 14 13 12 0
9 14 13 13 0
9 14 13 14 0
9 14 13 15 0
9 14 14 0 0
9 14 14 1 0
9 14 14 2 0
9 14 14 3 0
9 14 14 4 0
9 14 14 5 0
9 14 14 6 0
9 14 14 7 0
9 14 14 8 0
9 14 14 9 0
9 14 14 10 0
9 14 14 11 0
9 14 14 12 0
9 14 14 13 0
9 14 14 14 0
9 14 14 15 0
9 14 15 0 0
9 14 15 1 0
9 14 15 2 0
9 14 15 3 0
9 14 15 4 0
9 14 15 5 0
9 14 15 6 0
9 14 15 7 0
9 14 15 8 0
9 14 15 9 0
9 14 15 10 0
9 14 15 11 0
9 14 15 12 0
9 14 15 13 0
9 14 15 14 0
9 14 15 15 0
9 15 0 0 0
9 15 0 1 0
9 15 0 2 0
9 15 0 3 0
9 15 0 4 0
9 15 0 5 0
9 15 0 6 0
9 15 0 7 0
9 15 0 8 0
9 15 0 9 0
9 15 0 10 0
9 15 0 11 0
9 15 0 12 0
9 15 0 13 0
9 15 0 14 0
9 15 0 15 0
9 15 1 0 0
9 15 1 1 0
9 15 1 2 0
9 15 1 3 0
9 15 1 4 0
9 15 1 5 0
9 15 1 6 0
9 15 1 7 0
9 15 1 8 0
9 15 1 9 0
9 15 1 10 0
9 15 1 11 0
9 15 1 12 0
9 15 1 13 0
9 15 1 14 0
9 15 1 15 0
9 15 2 0 0
9 15 2 1 0
9 15 2 2 0
9 15 2 3 0
9 15 2 4 0
9 15 2 5 0
9 15 2 6 0
9 15 2 7 0
9 15 2 8 0
9 15 2 9 0
9 15 2 10 0
9 15 2 11 0
9 15 2 12 0
9 15 2 13 0
9 15 2 14 0
9 15 2 15 0
9 15 3 0 0
9 15 3 1 0
9 15 3 2 0
9 15 3 3 0
9 15 3 4 0
9 15 3 5 0
9 15 3 6 0
9 15 3 7 0
9 15 3 8 0
9 15 3 9 0
9 15 3 10 0
9 15 3 11 0
9 15 3 12 0
9 15 3 13 0
9 15 3 14 0
9 15 3 15 0
9 15 4 0 0
9 15 4 1 0
9 15 4 2 0
9 15 4 3 0
9 15 4 4 0
9 15 4 5 0
9 15 4 6 0
9 15 4 7 0
9 15 4 8 0
9 15 4 9 0
9 15 4 10 0
9 15 4 11 0
9 15 4 12 0
9 15 4 13 0
9 15 4 14 0
9 15 4 15 0
9 15 5 0 0
9 15 5 1 0
9 15 5 2 0
9 15 5 3 0
9 15 5 4 0
9 15 5 5 0
9 15 5 6 0
9 15 5 7 0
9 15 5 8 0
9 15 5 9 0
9 15 5 10 0
9 15 5 11 0
9 15 5 12 0
9 15 5 13 0
9 15 5 14 0
9 15 5 15 0
9 15 6 0 0
9 15 6 1 0
9 15 6 2 0
9 15 6 3 0
9 15 6 4 0
9 15 6 5 0
9 15 6 6 0
9 15 6 7 0
9 15 6 8 0
9 15 6 9 0
9 15 6 10 0
9 15 6 11 0
9 15 6 12 0
9 15 6 13 0
9 15 6 14 0
9 15 6 15 0
9 15 7 0 0
9 15 7 1 0
9 15 7 2 0
9 15 7 3 0
9 15 7 4 0
9 15 7 5 0
9 15 7 6 0
9 15 7 7 0
9 15 7 8 0
9 15 7 9 0
9 15 7 10 0
9 15 7 11 0
9 15 7 12 0
9 15 7 13 0
9 15 7 14 0
9 15 7 15 0
9 15 8 0 0
9 15 8 1 0
9 15 8 2 0
9 15 8 3 0
9 15 8 4 0
9 15 8 5 0
9 15 8 6 0
9 15 8 7 0
9 15 8 8 0
9 15 8 9 0
9 15 8 10 0
9 15 8 11 0
9 15 8 12 0
9 15 8 13 0
9 15 8 14 0
9 15 8 15 0
9 15 9 0 0
9 15 9 1 0
9 15 9 2 0
9 15 9 3 0
9 15 9 4 0
9 15 9 5 0
9 15 9 6 0
9 15 9 7 0
9 15 9 8 0
9 15 9 9 0
9 15 9 10 0
9 15 9 11 0
9 15 9 12 0
9 15 9 13 0
9 15 9 14 0
9 15 9 15 0
9 15 10 0 0
9 15 10 1 0
9 15 10 2 0
9 15 10 3 0
9 15 10 4 0
9 15 10 5 0
9 15 10 6 0
9 15 10 7 0
9 15 10 8 0
9 15 10 9 0
9 15 10 10 0
9 15 10 11 0
9 15 10 12 0
9 15 10 13 0
9 15 10 14 0
9 15 10 15 0
9 15 11 0 0
9 15 11 1 0
9 15 11 2 0
9 15 11 3 0
9 15 11 4 0
9 15 11 5 0
9 15 11 6 0
9 15 11 7 0
9 15 11 8 0
9 15 11 9 0
9 15 11 10 0
9 15 11 11 0
9 15 11 12 0
9 15 11 13 0
9 15 11 14 0
9 15 11 15 0
9 15 12 0 0
9 15 12 1 0
9 15 12 2 0
9 15 12 3 0
9 15 12 4 0
9 15 12 5 0
9 15 12 6 0
9 15 12 7 0
9 15 12 8 0
9 15 12 9 0
9 15 12 10 0
9 15 12 11 0
9 15 12 12 0
9 15 12 13 0
9 15 12 14 0
9 15 12 15 0
9 15 13 0 0
9 15 13 1 0
9 15 13 2 0
9 15 13 3 0
9 15 13 4 0
9 15 13 5 0
9 15 13 6 0
9 15 13 7 0
9 15 13 8 0
9 15 13 9 0
9 15 13 10 0
9 15 13 11 0
9 15 13 12 0
9 15 13 13 0
9 15 13 14 0
9 15 13 15 0
9 15 14 0 0
9 15 14 1 0
9 15 14 2 0
9 15 14 3 0
9 15 14 4 0
9 15 14 5 0
9 15 14 6 0
9 15 14 7 0
9 15 14 8 0
9 15 14 9 0
9 15 14 10 0
9 15 14 11 0
9 15 14 12 0
9 15 14 13 0
9 15 14 14 0
9 15 14 15 0
9 15 15 0 0
9 15 15 1 0
9 15 15 2 0
9 15 15 3 0
9 15 15 4 0
9 15 15 5 0
9 15 15 6 0
9 15 15 7 0
9 15 15 8 0
9 15 15 9 0
9 15 15 10 0
9 15 15 11 0
9 15 15 12 0
9 15 15 13 0
9 15 15 14 0
9 15 15 15 0
10 0 0 0 0
10 0 0 1 0
10 0 0 2 0
10 0 0 3 0
10 0 0 4 0
10 0 0 5 0
10 0 0 6 0
10 0 0 7 0
10 0 0 8 0
10 0 0 9 0
10 0 0 10 0
10 0 0 11 0
10 0 0 12 0
10 0 0 13 0
10 0 0 14 0
10 0 0 15 0
10 0 1 0 0
10 0 1 1 0
10 0 1 2 0
10 0 1 3 0
10 0 1 4 0
10 0 1 5 0
10 0 1 6 0
10 0 1 7 0
10 0 1 8 0
10 0 1 9 0
10 0 1 10 0
10 0 1 11 0
10 0 1 12 0
10 0 1 13 0
10 0 1 14 0
10 0 1 15 0
10 0 2 0 0
10 0 2 1 0
10 0 2 2 0
10 0 2 3 0
10 0 2 4 0
10 0 2 5 0
10 0 2 6 0
10 0 2 7 0
10 0 2 8 0
10 0 2 9 0
10 0 2 10 0
10 0 2 11 0
10 0 2 12 0
10 0 2 13 0
10 0 2 14 0
10 0 2 15 0
10 0 3 0 0
10 0 3 1 0
10 0 3 2 0
10 0 3 3 0
10 0 3 4 0
10 0 3 5 0
10 0 3 6 0
10 0 3 7 0
10 0 3 8 0
10 0 3 9 0
10 0 3 10 0
10 0 3 11 0
10 0 3 12 0
10 0 3 13 0
10 0 3 14 0
10 0 3 15 0
10 0 4 0 0
10 0 4 1 0
10 0 4 2 0
10 0 4 3 0
10 0 4 4 0
10 0 4 5 0
10 0 4 6 0
10 0 4 7 0
10 0 4 8 0
10 0 4 9 0
10 0 4 10 0
10 0 4 11 0
10 0 4 12 0
10 0 4 13 0
10 0 4 14 0
10 0 4 15 0
10 0 5 0 0
10 0 5 1 0
10 0 5 2 0
10 0 5 3 0
10 0 5 4 0
10 0 5 5 0
10 0 5 6 0
10 0 5 7 0
10 0 5 8 0
10 0 5 9 0
10 0 5 10 0
10 0 5 11 0
10 0 5 12 0
10 0 5 13 0
10 0 5 14 0
10 0 5 15 0
10 0 6 0 0
10 0 6 1 0
10 0 6 2 0
10 0 6 3 0
10 0 6 4 0
10 0 6 5 0
10 0 6 6 0
10 0 6 7 0
10 0 6 8 0
10 0 6 9 0
10 0 6 10 0
10 0 6 11 0
10 0 6 12 0
10 0 6 13 0
10 0 6 14 0
10 0 6 15 0
10 0 7 0 0
10 0 7 1 0
10 0 7 2 0
10 0 7 3 0
10 0 7 4 0
10 0 7 5 0
10 0 7 6 0
10 0 7 7 0
10 0 7 8 0
10 0 7 9 0
10 0 7 10 0
10 0 7 11 0
10 0 7 12 0
10 0 7 13 0
10 0 7 14 0
10 0 7 15 0
10 0 8 0 0
10 0 8 1 0
10 0 8 2 0
10 0 8 3 0
10 0 8 4 0
10 0 8 5 0
10 0 8 6 0
10 0 8 7 0
10 0 8 8 0
10 0 8 9 0
10 0 8 10 0
10 0 8 11 0
10 0 8 12 0
10 0 8 13 0
10 0 8 14 0
10 0 8 15 0
10 0 9 0 0
10 0 9 1 0
10 0 9 2 0
10 0 9 3 0
10 0 9 4 0
10 0 9 5 0
10 0 9 6 0
10 0 9 7 0
10 0 9 8 0
10 0 9 9 0
10 0 9 10 0
10 0 9 11 0
10 0 9 12 0
10 0 9 13 0
10 0 9 14 0
10 0 9 15 0
10 0 10 0 0
10 0 10 1 0
10 0 10 2 0
10 0 10 3 0
10 0 10 4 0
10 0 10 5 0
10 0 10 6 0
10 0 10 7 0
10 0 10 8 0
10 0 10 9 0
10 0 10 10 0
10 0 10 11 0
10 0 10 12 0
10 0 10 13 0
10 0 10 14 0
10 0 10 15 0
10 0 11 0 0
10 0 11 1 0
10 0 11 2 0
10 0 11 3 0
10 0 11 4 0
10 0 11 5 0
10 0 11 6 0
10 0 11 7 0
10 0 11 8 0
10 0 11 9 0
10 0 11 10 0
10 0 11 11 0
10 0 11 12 0
10 0 11 13 0
10 0 11 14 0
10 0 11 15 0
10 0 12 0 0
10 0 12 1 0
10 0 12 2 0
10 0 12 3 0
10 0 12 4 0
10 0 12 5 0
10 0 12 6 0
10 0 12 7 0
10 0 12 8 0
10 0 12 9 0
10 0 12 10 0
10 0 12 11 0
10 0 12 12 0
10 0 12 13 0
10 0 12 14 0
10 0 12 15 0
10 0 13 0 0
10 0 13 1 0
10 0 13 2 0
10 0 13 3 0
10 0 13 4 0
10 0 13 5 0
10 0 13 6 0
10 0 13 7 0
10 0 13 8 0
10 0 13 9 0
10 0 13 10 0
10 0 13 11 0
10 0 13 12 0
10 0 13 13 0
10 0 13 14 0
10 0 13 15 0
10 0 14 0 0
10 0 14 1 0
10 0 14 2 0
10 0 14 3 0
10 0 14 4 0
10 0 14 5 0
10 0 14 6 0
10 0 14 7 0
10 0 14 8 0
10 0 14 9 0
10 0 14 10 0
10 0 14 11 0
10 0 14 12 0
10 0 14 13 0
10 0 14 14 0
10 0 14 15 0
10 0 15 0 0
10 0 15 1 0
10 0 15 2 0
10 0 15 3 0
10 0 15 4 0
10 0 15 5 0
10 0 15 6 0
10 0 15 7 0
10 0 15 8 0
10 0 15 9 0
10 0 15 10 0
10 0 15 11 0
10 0 15 12 0
10 0 15 13 0
10 0 15 14 0
10 0 15 15 0
10 1 0 0 0
10 1 0 1 0
10 1 0 2 0
10 1 0 3 0
10 1 0 4 0
10 1 0 5 0
10 1 0 6 0
10 1 0 7 0
10 1 0 8 0
10 1 0 9 0
10 1 0 10 0
10 1 0 11 0
10 1 0 12 0
10 1 0 13 0
10 1 0 14 0
10 1 0 15 0
10 1 1 0 0
10 1 1 1 0
10 1 1 2 0
10 1 1 3 0
10 1 1 4 0
10 1 1 5 0
10 1 1 6 0
10 1 1 7 0
10 1 1 8 0
10 1 1 9 0
10 1 1 10 0
10 1 1 11 0
10 1 1 12 0
10 1 1 13 0
10 1 1 14 0
10 1 1 15 0
10 1 2 0 0
10 1 2 1 0
10 1 2 2 0
10 1 2 3 0
10 1 2 4 0
10 1 2 5 0
10 1 2 6 0
10 1 2 7 0
10 1 2 8 0
10 1 2 9 0
10 1 2 10 0
10 1 2 11 0
10 1 2 12 0
10 1 2 13 0
10 1 2 14 0
10 1 2 15 0
10 1 3 0 0
10 1 3 1 0
10 1 3 2 0
10 1 3 3 0
10 1 3 4 0
10 1 3 5 0
10 1 3 6 0
10 1 3 7 0
10 1 3 8 0
10 1 3 9 0
10 1 3 10 0
10 1 3 11 0
10 1 3 12 0
10 1 3 13 0
10 1 3 14 0
10 1 3 15 0
10 1 4 0 0
10 1 4 1 0
10 1 4 2 0
10 1 4 3 0
10 1 4 4 0
10 1 4 5 0
10 1 4 6 0
10 1 4 7 0
10 1 4 8 0
10 1 4 9 0
10 1 4 10 0
10 1 4 11 0
10 1 4 12 0
10 1 4 13 0
10 1 4 14 0
10 1 4 15 0
10 1 5 0 0
10 1 5 1 0
10 1 5 2 0
10 1 5 3 0
10 1 5 4 0
10 1 5 5 0
10 1 5 6 0
10 1 5 7 0
10 1 5 8 0
10 1 5 9 0
10 1 5 10 0
10 1 5 11 0
10 1 5 12 0
10 1 5 13 0
10 1 5 14 0
10 1 5 15 0
10 1 6 0 0
10 1 6 1 0
10 1 6 2 0
10 1 6 3 0
10 1 6 4 0
10 1 6 5 0
10 1 6 6 0
10 1 6 7 0
10 1 6 8 0
10 1 6 9 0
10 1 6 10 0
10 1 6 11 0
10 1 6 12 0
10 1 6 13 0
10 1 6 14 0
10 1 6 15 0
10 1 7 0 0
10 1 7 1 0
10 1 7 2 0
10 1 7 3 0
10 1 7 4 0
10 1 7 5 0
10 1 7 6 0
10 1 7 7 0
10 1 7 8 0
10 1 7 9 0
10 1 7 10 0
10 1 7 11 0
10 1 7 12 0
10 1 7 13 0
10 1 7 14 0
10 1 7 15 0
10 1 8 0 0
10 1 8 1 0
10 1 8 2 0
10 1 8 3 0
10 1 8 4 0
10 1 8 5 0
10 1 8 6 0
10 1 8 7 0
10 1 8 8 0
10 1 8 9 0
10 1 8 10 0
10 1 8 11 0
10 1 8 12 0
10 1 8 13 0
10 1 8 14 0
10 1 8 15 0
10 1 9 0 0
10 1 9 1 0
10 1 9 2 0
10 1 9 3 0
10 1 9 4 0
10 1 9 5 0
10 1 9 6 0
10 1 9 7 0
10 1 9 8 0
10 1 9 9 0
10 1 9 10 0
10 1 9 11 0
10 1 9 12 0
10 1 9 13 0
10 1 9 14 0
10 1 9 15 0
10 1 10 0 0
10 1 10 1 0
10 1 10 2 0
10 1 10 3 0
10 1 10 4 0
10 1 10 5 0
10 1 10 6 0
10 1 10 7 0
10 1 10 8 0
10 1 10 9 0
10 1 10 10 0
10 1 10 11 0
10 1 10 12 0
10 1 10 13 0
10 1 10 14 0
10 1 10 15 0
10 1 11 0 0
10 1 11 1 0
10 1 11 2 0
10 1 11 3 0
10 1 11 4 0
10 1 11 5 0
10 1 11 6 0
10 1 11 7 0
10 1 11 8 0
10 1 11 9 0
10 1 11 10 0
10 1 11 11 0
10 1 11 12 0
10 1 11 13 0
10 1 11 14 0
10 1 11 15 0
10 1 12 0 0
10 1 12 1 0
10 1 12 2 0
10 1 12 3 0
10 1 12 4 0
10 1 12 5 0
10 1 12 6 0
10 1 12 7 0
10 1 12 8 0
10 1 12 9 0
10 1 12 10 0
10 1 12 11 0
10 1 12 12 0
10 1 12 13 0
10 1 12 14 0
10 1 12 15 0
10 1 13 0 0
10 1 13 1 0
10 1 13 2 0
10 1 13 3 0
10 1 13 4 0
10 1 13 5 0
10 1 13 6 0
10 1 13 7 0
10 1 13 8 0
10 1 13 9 0
10 1 13 10 0
10 1 13 11 0
10 1 13 12 0
10 1 13 13 0
10 1 13 14 0
10 1 13 15 0
10 1 14 0 0
10 1 14 1 0
10 1 14 2 0
10 1 14 3 0
10 1 14 4 0
10 1 14 5 0
10 1 14 6 0
10 1 14 7 0
10 1 14 8 0
10 1 14 9 0
10 1 14 10 0
10 1 14 11 0
10 1 14 12 0
10 1 14 13 0
10 1 14 14 0
10 1 14 15 0
10 1 15 0 0
10 1 15 1 0
10 1 15 2 0
10 1 15 3 0
10 1 15 4 0
10 1 15 5 0
10 1 15 6 0
10 1 15 7 0
10 1 15 8 0
10 1 15 9 0
10 1 15 10 0
10 1 15 11 0
10 1 15 12 0
10 1 15 13 0
10 1 15 14 0
10 1 15 15 0
10 2 0 0 0
10 2 0 1 0
10 2 0 2 0
10 2 0 3 0
10 2 0 4 0
10 2 0 5 0
10 2 0 6 0
10 2 0 7 0
10 2 0 8 0
10 2 0 9 0
10 2 0 10 0
10 2 0 11 0
10 2 0 12 0
10 2 0 13 0
10 2 0 14 0
10 2 0 15 0
10 2 1 0 0
10 2 1 1 0
10 2 1 2 0
10 2 1 3 0
10 2 1 4 0
10 2 1 5 0
10 2 1 6 0
10 2 1 7 0
10 2 1 8 0
10 2 1 9 0
10 2 1 10 0
10 2 1 11 0
10 2 1 12 0
10 2 1 13 0
10 2 1 14 0
10 2 1 15 0
10 2 2 0 0
10 2 2 1 0
10 2 2 2 0
10 2 2 3 0
10 2 2 4 0
10 2 2 5 0
10 2 2 6 0
10 2 2 7 0
10 2 2 8 0
10 2 2 9 0
10 2 2 10 0
10 2 2 11 0
10 2 2 12 0
10 2 2 13 0
10 2 2 14 0
10 2 2 15 0
10 2 3 0 0
10 2 3 1 0
10 2 3 2 0
10 2 3 3 0
10 2 3 4 0
10 2 3 5 0
10 2 3 6 0
10 2 3 7 0
10 2 3 8 0
10 2 3 9 0
10 2 3 10 0
10 2 3 11 0
10 2 3 12 0
10 2 3 13 0
10 2 3 14 0
10 2 3 15 0
10 2 4 0 0
10 2 4 1 0
10 2 4 2 0
10 2 4 3 0
10 2 4 4 0
10 2 4 5 0
10 2 4 6 0
10 2 4 7 0
10 2 4 8 0
10 2 4 9 0
10 2 4 10 0
10 2 4 11 0
10 2 4 12 0
10 2 4 13 0
10 2 4 14 0
10 2 4 15 0
10 2 5 0 0
10 2 5 1 0
10 2 5 2 0
10 2 5 3 0
10 2 5 4 0
10 2 5 5 0
10 2 5 6 0
10 2 5 7 0
10 2 5 8 0
10 2 5 9 0
10 2 5 10 0
10 2 5 11 0
10 2 5 12 0
10 2 5 13 0
10 2 5 14 0
10 2 5 15 0
10 2 6 0 0
10 2 6 1 0
10 2 6 2 0
10 2 6 3 0
10 2 6 4 0
10 2 6 5 0
10 2 6 6 0
10 2 6 7 0
10 2 6 8 0
10 2 6 9 0
10 2 6 10 0
10 2 6 11 0
10 2 6 12 0
10 2 6 13 0
10 2 6 14 0
10 2 6 15 0
10 2 7 0 0
10 2 7 1 0
10 2 7 2 0
10 2 7 3 0
10 2 7 4 0
10 2 7 5 0
10 2 7 6 0
10 2 7 7 0
10 2 7 8 0
10 2 7 9 0
10 2 7 10 0
10 2 7 11 0
10 2 7 12 0
10 2 7 13 0
10 2 7 14 0
10 2 7 15 0
10 2 8 0 0
10 2 8 1 0
10 2 8 2 0
10 2 8 3 0
10 2 8 4 0
10 2 8 5 0
10 2 8 6 0
10 2 8 7 0
10 2 8 8 0
10 2 8 9 0
10 2 8 10 0
10 2 8 11 0
10 2 8 12 0
10 2 8 13 0
10 2 8 14 0
10 2 8 15 0
10 2 9 0 0
10 2 9 1 0
10 2 9 2 0
10 2 9 3 0
10 2 9 4 0
10 2 9 5 0
10 2 9 6 0
10 2 9 7 0
10 2 9 8 0
10 2 9 9 0
10 2 9 10 0
10 2 9 11 0
10 2 9 12 0
10 2 9 13 0
10 2 9 14 0
10 2 9 15 0
10 2 10 0 0
10 2 10 1 0
10 2 10 2 0
10 2 10 3 0
10 2 10 4 0
10 2 10 5 0
10 2 10 6 0
10 2 10 7 0
10 2 10 8 0
10 2 10 9 0
10 2 10 10 0
10 2 10 11 0
10 2 10 12 0
10 2 10 13 0
10 2 10 14 0
10 2 10 15 0
10 2 11 0 0
10 2 11 1 0
10 2 11 2 0
10 2 11 3 0
10 2 11 4 0
10 2 11 5 0
10 2 11 6 0
10 2 11 7 0
10 2 11 8 0
10 2 11 9 0
10 2 11 10 0
10 2 11 11 0
10 2 11 12 0
10 2 11 13 0
10 2 11 14 0
10 2 11 15 0
10 2 12 0 0
10 2 12 1 0
10 2 12 2 0
10 2 12 3 0
10 2 12 4 0
10 2 12 5 0
10 2 12 6 0
10 2 12 7 0
10 2 12 8 0
10 2 12 9 0
10 2 12 10 0
10 2 12 11 0
10 2 12 12 0
10 2 12 13 0
10 2 12 14 0
10 2 12 15 0
10 2 13 0 0
10 2 13 1 0
10 2 13 2 0
10 2 13 3 0
10 2 13 4 0
10 2 13 5 0
10 2 13 6 0
10 2 13 7 0
10 2 13 8 0
10 2 13 9 0
10 2 13 10 0
10 2 13 11 0
10 2 13 12 0
10 2 13 13 0
10 2 13 14 0
10 2 13 15 0
10 2 14 0 0
10 2 14 1 0
10 2 14 2 0
10 2 14 3 0
10 2 14 4 0
10 2 14 5 0
10 2 14 6 0
10 2 14 7 0
10 2 14 8 0
10 2 14 9 0
10 2 14 10 0
10 2 14 11 0
10 2 14 12 0
10 2 14 13 0
10 2 14 14 0
10 2 14 15 0
10 2 15 0 0
10 2 15 1 0
10 2 15 2 0
10 2 15 3 0
10 2 15 4 0
10 2 15 5 0
10 2 15 6 0
10 2 15 7 0
10 2 15 8 0
10 2 15 9 0
10 2 15 10 0
10 2 15 11 0
10 2 15 12 0
10 2 15 13 0
10 2 15 14 0
10 2 15 15 0
10 3 0 0 0
10 3 0 1 0
10 3 0 2 0
10 3 0 3 0
10 3 0 4 0
10 3 0 5 0
10 3 0 6 0
10 3 0 7 0
10 3 0 8 0
10 3 0 9 0
10 3 0 10 0
10 3 0 11 0
10 3 0 12 0
10 3 0 13 0
10 3 0 14 0
10 3 0 15 0
10 3 1 0 0
10 3 1 1 0
10 3 1 2 0
10 3 1 3 0
10 3 1 4 0
10 3 1 5 0
10 3 1 6 0
10 3 1 7 0
10 3 1 8 0
10 3 1 9 0
10 3 1 10 0
10 3 1 11 0
10 3 1 12 0
10 3 1 13 0
10 3 1 14 0
10 3 1 15 0
10 3 2 0 0
10 3 2 1 0
10 3 2 2 0
10 3 2 3 0
10 3 2 4 0
10 3 2 5 0
10 3 2 6 0
10 3 2 7 0
10 3 2 8 0
10 3 2 9 0
10 3 2 10 0
10 3 2 11 0
10 3 2 12 0
10 3 2 13 0
10 3 2 14 0
10 3 2 15 0
10 3 3 0 0
10 3 3 1 0
10 3 3 2 0
10 3 3 3 0
10 3 3 4 0
10 3 3 5 0
10 3 3 6 0
10 3 3 7 0
10 3 3 8 0
10 3 3 9 0
10 3 3 10 0
10 3 3 11 0
10 3 3 12 0
10 3 3 13 0
10 3 3 14 0
10 3 3 15 0
10 3 4 0 0
10 3 4 1 0
10 3 4 2 0
10 3 4 3 0
10 3 4 4 0
10 3 4 5 0
10 3 4 6 0
10 3 4 7 0
10 3 4 8 0
10 3 4 9 0
10 3 4 10 0
10 3 4 11 0
10 3 4 12 0
10 3 4 13 0
10 3 4 14 0
10 3 4 15 0
10 3 5 0 0
10 3 5 1 0
10 3 5 2 0
10 3 5 3 0
10 3 5 4 0
10 3 5 5 0
10 3 5 6 0
10 3 5 7 0
10 3 5 8 0
10 3 5 9 0
10 3 5 10 0
10 3 5 11 0
10 3 5 12 0
10 3 5 13 0
10 3 5 14 0
10 3 5 15 0
10 3 6 0 0
10 3 6 1 0
10 3 6 2 0
10 3 6 3 0
10 3 6 4 0
10 3 6 5 0
10 3 6 6 0
10 3 6 7 0
10 3 6 8 0
10 3 6 9 0
10 3 6 10 0
10 3 6 11 0
10 3 6 12 0
10 3 6 13 0
10 3 6 14 0
10 3 6 15 0
10 3 7 0 0
10 3 7 1 0
10 3 7 2 0
10 3 7 3 0
10 3 7 4 0
10 3 7 5 0
10 3 7 6 0
10 3 7 7 0
10 3 7 8 0
10 3 7 9 0
10 3 7 10 0
10 3 7 11 0
10 3 7 12 0
10 3 7 13 0
10 3 7 14 0
10 3 7 15 0
10 3 8 0 0
10 3 8 1 0
10 3 8 2 0
10 3 8 3 0
10 3 8 4 0
10 3 8 5 0
10 3 8 6 0
10 3 8 7 0
10 3 8 8 0
10 3 8 9 0
10 3 8 10 0
10 3 8 11 0
10 3 8 12 0
10 3 8 13 0
10 3 8 14 0
10 3 8 15 0
10 3 9 0 0
10 3 9 1 0
10 3 9 2 0
10 3 9 3 0
10 3 9 4 0
10 3 9 5 0
10 3 9 6 0
10 3 9 7 0
10 3 9 8 0
10 3 9 9 0
10 3 9 10 0
10 3 9 11 0
10 3 9 12 0
10 3 9 13 0
10 3 9 14 0
10 3 9 15 0
10 3 10 0 0
10 3 10 1 0
10 3 10 2 0
10 3 10 3 0
10 3 10 4 0
10 3 10 5 0
10 3 10 6 0
10 3 10 7 0
10 3 10 8 0
10 3 10 9 0
10 3 10 10 0
10 3 10 11 0
10 3 10 12 0
10 3 10 13 0
10 3 10 14 0
10 3 10 15 0
10 3 11 0 0
10 3 11 1 0
10 3 11 2 0
10 3 11 3 0
10 3 11 4 0
10 3 11 5 0
10 3 11 6 0
10 3 11 7 0
10 3 11 8 0
10 3 11 9 0
10 3 11 10 0
10 3 11 11 0
10 3 11 12 0
10 3 11 13 0
10 3 11 14 0
10 3 11 15 0
10 3 12 0 0
10 3 12 1 0
10 3 12 2 0
10 3 12 3 0
10 3 12 4 0
10 3 12 5 0
10 3 12 6 0
10 3 12 7 0
10 3 12 8 0
10 3 12 9 0
10 3 12 10 0
10 3 12 11 0
10 3 12 12 0
10 3 12 13 0
10 3 12 14 0
10 3 12 15 0
10 3 13 0 0
10 3 13 1 0
10 3 13 2 0
10 3 13 3 0
10 3 13 4 0
10 3 13 5 0
10 3 13 6 0
10 3 13 7 0
10 3 13 8 0
10 3 13 9 0
10 3 13 10 0
10 3 13 11 0
10 3 13 12 0
10 3 13 13 0
10 3 13 14 0
10 3 13 15 0
10 3 14 0 0
10 3 14 1 0
10 3 14 2 0
10 3 14 3 0
10 3 14 4 0
10 3 14 5 0
10 3 14 6 0
10 3 14 7 0
10 3 14 8 0
10 3 14 9 0
10 3 14 10 0
10 3 14 11 0
10 3 14 12 0
10 3 14 13 0
10 3 14 14 0
10 3 14 15 0
10 3 15 0 0
10 3 15 1 0
10 3 15 2 0
10 3 15 3 0
10 3 15 4 0
10 3 15 5 0
10 3 15 6 0
10 3 15 7 0
10 3 15 8 0
10 3 15 9 0
10 3 15 10 0
10 3 15 11 0
10 3 15 12 0
10 3 15 13 0
10 3 15 14 0
10 3 15 15 0
10 4 0 0 0
10 4 0 1 0
10 4 0 2 0
10 4 0 3 0
10 4 0 4 0
10 4 0 5 0
10 4 0 6 0
10 4 0 7 0
10 4 0 8 0
10 4 0 9 0
10 4 0 10 0
10 4 0 11 0
10 4 0 12 0
10 4 0 13 0
10 4 0 14 0
10 4 0 15 0
10 4 1 0 0
10 4 1 1 0
10 4 1 2 0
10 4 1 3 0
10 4 1 4 0
10 4 1 5 0
10 4 1 6 0
10 4 1 7 0
10 4 1 8 0
10 4 1 9 0
10 4 1 10 0
10 4 1 11 0
10 4 1 12 0
10 4 1 13 0
10 4 1 14 0
10 4 1 15 0
10 4 2 0 0
10 4 2 1 0
10 4 2 2 0
10 4 2 3 0
10 4 2 4 0
10 4 2 5 0
10 4 2 6 0
10 4 2 7 0
10 4 2 8 0
10 4 2 9 0
10 4 2 10 0
10 4 2 11 0
10 4 2 12 0
10 4 2 13 0
10 4 2 14 0
10 4 2 15 0
10 4 3 0 0
10 4 3 1 0
10 4 3 2 0
10 4 3 3 0
10 4 3 4 0
10 4 3 5 0
10 4 3 6 0
10 4 3 7 0
10 4 3 8 0
10 4 3 9 0
10 4 3 10 0
10 4 3 11 0
10 4 3 12 0
10 4 3 13 0
10 4 3 14 0
10 4 3 15 0
10 4 4 0 0
10 4 4 1 0
10 4 4 2 0
10 4 4 3 0
10 4 4 4 0
10 4 4 5 0
10 4 4 6 0
10 4 4 7 0
10 4 4 8 0
10 4 4 9 0
10 4 4 10 0
10 4 4 11 0
10 4 4 12 0
10 4 4 13 0
10 4 4 14 0
10 4 4 15 0
10 4 5 0 0
10 4 5 1 0
10 4 5 2 0
10 4 5 3 0
10 4 5 4 0
10 4 5 5 0
10 4 5 6 0
10 4 5 7 0
10 4 5 8 0
10 4 5 9 0
10 4 5 10 0
10 4 5 11 0
10 4 5 12 0
10 4 5 13 0
10 4 5 14 0
10 4 5 15 0
10 4 6 0 0
10 4 6 1 0
10 4 6 2 0
10 4 6 3 0
10 4 6 4 0
10 4 6 5 0
10 4 6 6 0
10 4 6 7 0
10 4 6 8 0
10 4 6 9 0
10 4 6 10 0
10 4 6 11 0
10 4 6 12 0
10 4 6 13 0
10 4 6 14 0
10 4 6 15 0
10 4 7 0 0
10 4 7 1 0
10 4 7 2 0
10 4 7 3 0
10 4 7 4 0
10 4 7 5 0
10 4 7 6 0
10 4 7 7 0
10 4 7 8 0
10 4 7 9 0
10 4 7 10 0
10 4 7 11 0
10 4 7 12 0
10 4 7 13 0
10 4 7 14 0
10 4 7 15 0
10 4 8 0 0
10 4 8 1 0
10 4 8 2 0
10 4 8 3 0
10 4 8 4 0
10 4 8 5 0
10 4 8 6 0
10 4 8 7 0
10 4 8 8 0
10 4 8 9 0
10 4 8 10 0
10 4 8 11 0
10 4 8 12 0
10 4 8 13 0
10 4 8 14 0
10 4 8 15 0
10 4 9 0 0
10 4 9 1 0
10 4 9 2 0
10 4 9 3 0
10 4 9 4 0
10 4 9 5 0
10 4 9 6 0
10 4 9 7 0
10 4 9 8 0
10 4 9 9 0
10 4 9 10 0
10 4 9 11 0
10 4 9 12 0
10 4 9 13 0
10 4 9 14 0
10 4 9 15 0
10 4 10 0 0
10 4 10 1 0
10 4 10 2 0
10 4 10 3 0
10 4 10 4 0
10 4 10 5 0
10 4 10 6 0
10 4 10 7 0
10 4 10 8 0
10 4 10 9 0
10 4 10 10 0
10 4 10 11 0
10 4 10 12 0
10 4 10 13 0
10 4 10 14 0
10 4 10 15 0
10 4 11 0 0
10 4 11 1 0
10 4 11 2 0
10 4 11 3 0
10 4 11 4 0
10 4 11 5 0
10 4 11 6 0
10 4 11 7 0
10 4 11 8 0
10 4 11 9 0
10 4 11 10 0
10 4 11 11 0
10 4 11 12 0
10 4 11 13 0
10 4 11 14 0
10 4 11 15 0
10 4 12 0 0
10 4 12 1 0
10 4 12 2 0
10 4 12 3 0
10 4 12 4 0
10 4 12 5 0
10 4 12 6 0
10 4 12 7 0
10 4 12 8 0
10 4 12 9 0
10 4 12 10 0
10 4 12 11 0
10 4 12 12 0
10 4 12 13 0
10 4 12 14 0
10 4 12 15 0
10 4 13 0 0
10 4 13 1 0
10 4 13 2 0
10 4 13 3 0
10 4 13 4 0
10 4 13 5 0
10 4 13 6 0
10 4 13 7 0
10 4 13 8 0
10 4 13 9 0
10 4 13 10 0
10 4 13 11 0
10 4 13 12 0
10 4 13 13 0
10 4 13 14 0
10 4 13 15 0
10 4 14 0 0
10 4 14 1 0
10 4 14 2 0
10 4 14 3 0
10 4 14 4 0
10 4 14 5 0
10 4 14 6 0
10 4 14 7 0
10 4 14 8 0
10 4 14 9 0
10 4 14 10 0
10 4 14 11 0
10 4 14 12 0
10 4 14 13 0
10 4 14 14 0
10 4 14 15 0
10 4 15 0 0
10 4 15 1 0
10 4 15 2 0
10 4 15 3 0
10 4 15 4 0
10 4 15 5 0
10 4 15 6 0
10 4 15 7 0
10 4 15 8 0
10 4 15 9 0
10 4 15 10 0
10 4 15 11 0
10 4 15 12 0
10 4 15 13 0
10 4 15 14 0
10 4 15 15 0
10 5 0 0 0
10 5 0 1 0
10 5 0 2 0
10 5 0 3 0
10 5 0 4 0
10 5 0 5 0
10 5 0 6 0
10 5 0 7 0
10 5 0 8 0
10 5 0 9 0
10 5 0 10 0
10 5 0 11 0
10 5 0 12 0
10 5 0 13 0
10 5 0 14 0
10 5 0 15 0
10 5 1 0 0
10 5 1 1 0
10 5 1 2 0
10 5 1 3 0
10 5 1 4 0
10 5 1 5 0
10 5 1 6 0
10 5 1 7 0
10 5 1 8 0
10 5 1 9 0
10 5 1 10 0
10 5 1 11 0
10 5 1 12 0
10 5 1 13 0
10 5 1 14 0
10 5 1 15 0
10 5 2 0 0
10 5 2 1 0
10 5 2 2 0
10 5 2 3 0
10 5 2 4 0
10 5 2 5 0
10 5 2 6 0
10 5 2 7 0
10 5 2 8 0
10 5 2 9 0
10 5 2 10 0
10 5 2 11 0
10 5 2 12 0
10 5 2 13 0
10 5 2 14 0
10 5 2 15 0
10 5 3 0 0
10 5 3 1 0
10 5 3 2 0
10 5 3 3 0
10 5 3 4 0
10 5 3 5 0
10 5 3 6 0
10 5 3 7 0
10 5 3 8 0
10 5 3 9 0
10 5 3 10 0
10 5 3 11 0
10 5 3 12 0
10 5 3 13 0
10 5 3 14 0
10 5 3 15 0
10 5 4 0 0
10 5 4 1 0
10 5 4 2 0
10 5 4 3 0
10 5 4 4 0
10 5 4 5 0
10 5 4 6 0
10 5 4 7 0
10 5 4 8 0
10 5 4 9 0
10 5 4 10 0
10 5 4 11 0
10 5 4 12 0
10 5 4 13 0
10 5 4 14 0
10 5 4 15 0
10 5 5 0 0
10 5 5 1 0
10 5 5 2 0
10 5 5 3 0
10 5 5 4 0
10 5 5 5 0
10 5 5 6 0
10 5 5 7 0
10 5 5 8 0
10 5 5 9 0
10 5 5 10 0
10 5 5 11 0
10 5 5 12 0
10 5 5 13 0
10 5 5 14 0
10 5 5 15 0
10 5 6 0 0
10 5 6 1 0
10 5 6 2 0
10 5 6 3 0
10 5 6 4 0
10 5 6 5 0
10 5 6 6 0
10 5 6 7 0
10 5 6 8 0
10 5 6 9 0
10 5 6 10 0
10 5 6 11 0
10 5 6 12 0
10 5 6 13 0
10 5 6 14 0
10 5 6 15 0
10 5 7 0 0
10 5 7 1 0
10 5 7 2 0
10 5 7 3 0
10 5 7 4 0
10 5 7 5 0
10 5 7 6 0
10 5 7 7 0
10 5 7 8 0
10 5 7 9 0
10 5 7 10 0
10 5 7 11 0
10 5 7 12 0
10 5 7 13 0
10 5 7 14 0
10 5 7 15 0
10 5 8 0 0
10 5 8 1 0
10 5 8 2 0
10 5 8 3 0
10 5 8 4 0
10 5 8 5 0
10 5 8 6 0
10 5 8 7 0
10 5 8 8 0
10 5 8 9 0
10 5 8 10 0
10 5 8 11 0
10 5 8 12 0
10 5 8 13 0
10 5 8 14 0
10 5 8 15 0
10 5 9 0 0
10 5 9 1 0
10 5 9 2 0
10 5 9 3 0
10 5 9 4 0
10 5 9 5 0
10 5 9 6 0
10 5 9 7 0
10 5 9 8 0
10 5 9 9 0
10 5 9 10 0
10 5 9 11 0
10 5 9 12 0
10 5 9 13 0
10 5 9 14 0
10 5 9 15 0
10 5 10 0 0
10 5 10 1 0
10 5 10 2 0
10 5 10 3 0
10 5 10 4 0
10 5 10 5 0
10 5 10 6 0
10 5 10 7 0
10 5 10 8 0
10 5 10 9 0
10 5 10 10 0
10 5 10 11 0
10 5 10 12 0
10 5 10 13 0
10 5 10 14 0
10 5 10 15 0
10 5 11 0 0
10 5 11 1 0
10 5 11 2 0
10 5 11 3 0
10 5 11 4 0
10 5 11 5 0
10 5 11 6 0
10 5 11 7 0
10 5 11 8 0
10 5 11 9 0
10 5 11 10 0
10 5 11 11 0
10 5 11 12 0
10 5 11 13 0
10 5 11 14 0
10 5 11 15 0
10 5 12 0 0
10 5 12 1 0
10 5 12 2 0
10 5 12 3 0
10 5 12 4 0
10 5 12 5 0
10 5 12 6 0
10 5 12 7 0
10 5 12 8 0
10 5 12 9 0
10 5 12 10 0
10 5 12 11 0
10 5 12 12 0
10 5 12 13 0
10 5 12 14 0
10 5 12 15 0
10 5 13 0 0
10 5 13 1 0
10 5 13 2 0
10 5 13 3 0
10 5 13 4 0
10 5 13 5 0
10 5 13 6 0
10 5 13 7 0
10 5 13 8 0
10 5 13 9 0
10 5 13 10 0
10 5 13 11 0
10 5 13 12 0
10 5 13 13 0
10 5 13 14 0
10 5 13 15 0
10 5 14 0 0
10 5 14 1 0
10 5 14 2 0
10 5 14 3 0
10 5 14 4 0
10 5 14 5 0
10 5 14 6 0
10 5 14 7 0
10 5 14 8 0
10 5 14 9 0
10 5 14 10 0
10 5 14 11 0
10 5 14 12 0
10 5 14 13 0
10 5 14 14 0
10 5 14 15 0
10 5 15 0 0
10 5 15 1 0
10 5 15 2 0
10 5 15 3 0
10 5 15 4 0
10 5 15 5 0
10 5 15 6 0
10 5 15 7 0
10 5 15 8 0
10 5 15 9 0
10 5 15 10 0
10 5 15 11 0
10 5 15 12 0
10 5 15 13 0
10 5 15 14 0
10 5 15 15 0
10 6 0 0 0
10 6 0 1 0
10 6 0 2 0
10 6 0 3 0
10 6 0 4 0
10 6 0 5 0
10 6 0 6 0
10 6 0 7 0
10 6 0 8 0
10 6 0 9 0
10 6 0 10 0
10 6 0 11 0
10 6 0 12 0
10 6 0 13 0
10 6 0 14 0
10 6 0 15 0
10 6 1 0 0
10 6 1 1 0
10 6 1 2 0
10 6 1 3 0
10 6 1 4 0
10 6 1 5 0
10 6 1 6 0
10 6 1 7 0
10 6 1 8 0
10 6 1 9 0
10 6 1 10 0
10 6 1 11 0
10 6 1 12 0
10 6 1 13 0
10 6 1 14 0
10 6 1 15 0
10 6 2 0 0
10 6 2 1 0
10 6 2 2 0
10 6 2 3 0
10 6 2 4 0
10 6 2 5 0
10 6 2 6 0
10 6 2 7 0
10 6 2 8 0
10 6 2 9 0
10 6 2 10 0
10 6 2 11 0
10 6 2 12 0
10 6 2 13 0
10 6 2 14 0
10 6 2 15 0
10 6 3 0 0
10 6 3 1 0
10 6 3 2 0
10 6 3 3 0
10 6 3 4 0
10 6 3 5 0
10 6 3 6 0
10 6 3 7 0
10 6 3 8 0
10 6 3 9 0
10 6 3 10 0
10 6 3 11 0
10 6 3 12 0
10 6 3 13 0
10 6 3 14 0
10 6 3 15 0
10 6 4 0 0
10 6 4 1 0
10 6 4 2 0
10 6 4 3 0
10 6 4 4 0
10 6 4 5 0
10 6 4 6 0
10 6 4 7 0
10 6 4 8 0
10 6 4 9 0
10 6 4 10 0
10 6 4 11 0
10 6 4 12 0
10 6 4 13 0
10 6 4 14 0
10 6 4 15 0
10 6 5 0 0
10 6 5 1 0
10 6 5 2 0
10 6 5 3 0
10 6 5 4 0
10 6 5 5 0
10 6 5 6 0
10 6 5 7 0
10 6 5 8 0
10 6 5 9 0
10 6 5 10 0
10 6 5 11 0
10 6 5 12 0
10 6 5 13 0
10 6 5 14 0
10 6 5 15 0
10 6 6 0 0
10 6 6 1 0
10 6 6 2 0
10 6 6 3 0
10 6 6 4 0
10 6 6 5 0
10 6 6 6 0
10 6 6 7 0
10 6 6 8 0
10 6 6 9 0
10 6 6 10 0
10 6 6 11 0
10 6 6 12 0
10 6 6 13 0
10 6 6 14 0
10 6 6 15 0
10 6 7 0 0
10 6 7 1 0
10 6 7 2 0
10 6 7 3 0
10 6 7 4 0
10 6 7 5 0
10 6 7 6 0
10 6 7 7 0
10 6 7 8 0
10 6 7 9 0
10 6 7 10 0
10 6 7 11 0
10 6 7 12 0
10 6 7 13 0
10 6 7 14 0
10 6 7 15 0
10 6 8 0 0
10 6 8 1 0
10 6 8 2 0
10 6 8 3 0
10 6 8 4 0
10 6 8 5 0
10 6 8 6 0
10 6 8 7 0
10 6 8 8 0
10 6 8 9 0
10 6 8 10 0
10 6 8 11 0
10 6 8 12 0
10 6 8 13 0
10 6 8 14 0
10 6 8 15 0
10 6 9 0 0
10 6 9 1 0
10 6 9 2 0
10 6 9 3 0
10 6 9 4 0
10 6 9 5 0
10 6 9 6 0
10 6 9 7 0
10 6 9 8 0
10 6 9 9 0
10 6 9 10 0
10 6 9 11 0
10 6 9 12 0
10 6 9 13 0
10 6 9 14 0
10 6 9 15 0
10 6 10 0 0
10 6 10 1 0
10 6 10 2 0
10 6 10 3 0
10 6 10 4 0
10 6 10 5 0
10 6 10 6 0
10 6 10 7 0
10 6 10 8 0
10 6 10 9 0
10 6 10 10 0
10 6 10 11 0
10 6 10 12 0
10 6 10 13 0
10 6 10 14 0
10 6 10 15 0
10 6 11 0 0
10 6 11 1 0
10 6 11 2 0
10 6 11 3 0
10 6 11 4 0
10 6 11 5 0
10 6 11 6 0
10 6 11 7 0
10 6 11 8 0
10 6 11 9 0
10 6 11 10 0
10 6 11 11 0
10 6 11 12 0
10 6 11 13 0
10 6 11 14 0
10 6 11 15 0
10 6 12 0 0
10 6 12 1 0
10 6 12 2 0
10 6 12 3 0
10 6 12 4 0
10 6 12 5 0
10 6 12 6 0
10 6 12 7 0
10 6 12 8 0
10 6 12 9 0
10 6 12 10 0
10 6 12 11 0
10 6 12 12 0
10 6 12 13 0
10 6 12 14 0
10 6 12 15 0
10 6 13 0 0
10 6 13 1 0
10 6 13 2 0
10 6 13 3 0
10 6 13 4 0
10 6 13 5 0
10 6 13 6 0
10 6 13 7 0
10 6 13 8 0
10 6 13 9 0
10 6 13 10 0
10 6 13 11 0
10 6 13 12 0
10 6 13 13 0
10 6 13 14 0
10 6 13 15 0
10 6 14 0 0
10 6 14 1 0
10 6 14 2 0
10 6 14 3 0
10 6 14 4 0
10 6 14 5 0
10 6 14 6 0
10 6 14 7 0
10 6 14 8 0
10 6 14 9 0
10 6 14 10 0
10 6 14 11 0
10 6 14 12 0
10 6 14 13 0
10 6 14 14 0
10 6 14 15 0
10 6 15 0 0
10 6 15 1 0
10 6 15 2 0
10 6 15 3 0
10 6 15 4 0
10 6 15 5 0
10 6 15 6 0
10 6 15 7 0
10 6 15 8 0
10 6 15 9 0
10 6 15 10 0
10 6 15 11 0
10 6 15 12 0
10 6 15 13 0
10 6 15 14 0
10 6 15 15 0
10 7 0 0 0
10 7 0 1 0
10 7 0 2 0
10 7 0 3 0
10 7 0 4 0
10 7 0 5 0
10 7 0 6 0
10 7 0 7 0
10 7 0 8 0
10 7 0 9 0
10 7 0 10 0
10 7 0 11 0
10 7 0 12 0
10 7 0 13 0
10 7 0 14 0
10 7 0 15 0
10 7 1 0 0
10 7 1 1 0
10 7 1 2 0
10 7 1 3 0
10 7 1 4 0
10 7 1 5 0
10 7 1 6 0
10 7 1 7 0
10 7 1 8 0
10 7 1 9 0
10 7 1 10 0
10 7 1 11 0
10 7 1 12 0
10 7 1 13 0
10 7 1 14 0
10 7 1 15 0
10 7 2 0 0
10 7 2 1 0
10 7 2 2 0
10 7 2 3 0
10 7 2 4 0
10 7 2 5 0
10 7 2 6 0
10 7 2 7 0
10 7 2 8 0
10 7 2 9 0
10 7 2 10 0
10 7 2 11 0
10 7 2 12 0
10 7 2 13 0
10 7 2 14 0
10 7 2 15 0
10 7 3 0 0
10 7 3 1 0
10 7 3 2 0
10 7 3 3 0
10 7 3 4 0
10 7 3 5 0
10 7 3 6 0
10 7 3 7 0
10 7 3 8 0
10 7 3 9 0
10 7 3 10 0
10 7 3 11 0
10 7 3 12 0
10 7 3 13 0
10 7 3 14 0
10 7 3 15 0
10 7 4 0 0
10 7 4 1 0
10 7 4 2 0
10 7 4 3 0
10 7 4 4 0
10 7 4 5 0
10 7 4 6 0
10 7 4 7 0
10 7 4 8 0
10 7 4 9 0
10 7 4 10 0
10 7 4 11 0
10 7 4 12 0
10 7 4 13 0
10 7 4 14 0
10 7 4 15 0
10 7 5 0 0
10 7 5 1 0
10 7 5 2 0
10 7 5 3 0
10 7 5 4 0
10 7 5 5 0
10 7 5 6 0
10 7 5 7 0
10 7 5 8 0
10 7 5 9 0
10 7 5 10 0
10 7 5 11 0
10 7 5 12 0
10 7 5 13 0
10 7 5 14 0
10 7 5 15 0
10 7 6 0 0
10 7 6 1 0
10 7 6 2 0
10 7 6 3 0
10 7 6 4 0
10 7 6 5 0
10 7 6 6 0
10 7 6 7 0
10 7 6 8 0
10 7 6 9 0
10 7 6 10 0
10 7 6 11 0
10 7 6 12 0
10 7 6 13 0
10 7 6 14 0
10 7 6 15 0
10 7 7 0 0
10 7 7 1 0
10 7 7 2 0
10 7 7 3 0
10 7 7 4 0
10 7 7 5 0
10 7 7 6 0
10 7 7 7 0
10 7 7 8 0
10 7 7 9 0
10 7 7 10 0
10 7 7 11 0
10 7 7 12 0
10 7 7 13 0
10 7 7 14 0
10 7 7 15 0
10 7 8 0 0
10 7 8 1 0
10 7 8 2 0
10 7 8 3 0
10 7 8 4 0
10 7 8 5 0
10 7 8 6 0
10 7 8 7 0
10 7 8 8 0
10 7 8 9 0
10 7 8 10 0
10 7 8 11 0
10 7 8 12 0
10 7 8 13 0
10 7 8 14 0
10 7 8 15 0
10 7 9 0 0
10 7 9 1 0
10 7 9 2 0
10 7 9 3 0
10 7 9 4 0
10 7 9 5 0
10 7 9 6 0
10 7 9 7 0
10 7 9 8 0
10 7 9 9 0
10 7 9 10 0
10 7 9 11 0
10 7 9 12 0
10 7 9 13 0
10 7 9 14 0
10 7 9 15 0
10 7 10 0 0
10 7 10 1 0
10 7 10 2 0
10 7 10 3 0
10 7 10 4 0
10 7 10 5 0
10 7 10 6 0
10 7 10 7 0
10 7 10 8 0
10 7 10 9 0
10 7 10 10 0
10 7 10 11 0
10 7 10 12 0
10 7 10 13 0
10 7 10 14 0
10 7 10 15 0
10 7 11 0 0
10 7 11 1 0
10 7 11 2 0
10 7 11 3 0
10 7 11 4 0
10 7 11 5 0
10 7 11 6 0
10 7 11 7 0
10 7 11 8 0
10 7 11 9 0
10 7 11 10 0
10 7 11 11 0
10 7 11 12 0
10 7 11 13 0
10 7 11 14 0
10 7 11 15 0
10 7 12 0 0
10 7 12 1 0
10 7 12 2 0
10 7 12 3 0
10 7 12 4 0
10 7 12 5 0
10 7 12 6 0
10 7 12 7 0
10 7 12 8 0
10 7 12 9 0
10 7 12 10 0
10 7 12 11 0
10 7 12 12 0
10 7 12 13 0
10 7 12 14 0
10 7 12 15 0
10 7 13 0 0
10 7 13 1 0
10 7 13 2 0
10 7 13 3 0
10 7 13 4 0
10 7 13 5 0
10 7 13 6 0
10 7 13 7 0
10 7 13 8 0
10 7 13 9 0
10 7 13 10 0
10 7 13 11 0
10 7 13 12 0
10 7 13 13 0
10 7 13 14 0
10 7 13 15 0
10 7 14 0 0
10 7 14 1 0
10 7 14 2 0
10 7 14 3 0
10 7 14 4 0
10 7 14 5 0
10 7 14 6 0
10 7 14 7 0
10 7 14 8 0
10 7 14 9 0
10 7 14 10 0
10 7 14 11 0
10 7 14 12 0
10 7 14 13 0
10 7 14 14 0
10 7 14 15 0
10 7 15 0 0
10 7 15 1 0
10 7 15 2 0
10 7 15 3 0
10 7 15 4 0
10 7 15 5 0
10 7 15 6 0
10 7 15 7 0
10 7 15 8 0
10 7 15 9 0
10 7 15 10 0
10 7 15 11 0
10 7 15 12 0
10 7 15 13 0
10 7 15 14 0
10 7 15 15 0
10 8 0 0 0
10 8 0 1 0
10 8 0 2 0
10 8 0 3 0
10 8 0 4 0
10 8 0 5 0
10 8 0 6 0
10 8 0 7 0
10 8 0 8 0
10 8 0 9 0
10 8 0 10 0
10 8 0 11 0
10 8 0 12 0
10 8 0 13 0
10 8 0 14 0
10 8 0 15 0
10 8 1 0 0
10 8 1 1 0
10 8 1 2 0
10 8 1 3 0
10 8 1 4 0
10 8 1 5 0
10 8 1 6 0
10 8 1 7 0
10 8 1 8 0
10 8 1 9 0
10 8 1 10 0
10 8 1 11 0
10 8 1 12 0
10 8 1 13 0
10 8 1 14 0
10 8 1 15 0
10 8 2 0 0
10 8 2 1 0
10 8 2 2 0
10 8 2 3 0
10 8 2 4 0
10 8 2 5 0
10 8 2 6 0
10 8 2 7 0
10 8 2 8 0
10 8 2 9 0
10 8 2 10 0
10 8 2 11 0
10 8 2 12 0
10 8 2 13 0
10 8 2 14 0
10 8 2 15 0
10 8 3 0 0
10 8 3 1 0
10 8 3 2 0
10 8 3 3 0
10 8 3 4 0
10 8 3 5 0
10 8 3 6 0
10 8 3 7 0
10 8 3 8 0
10 8 3 9 0
10 8 3 10 0
10 8 3 11 0
10 8 3 12 0
10 8 3 13 0
10 8 3 14 0
10 8 3 15 0
10 8 4 0 0
10 8 4 1 0
10 8 4 2 0
10 8 4 3 0
10 8 4 4 0
10 8 4 5 0
10 8 4 6 0
10 8 4 7 0
10 8 4 8 0
10 8 4 9 0
10 8 4 10 0
10 8 4 11 0
10 8 4 12 0
10 8 4 13 0
10 8 4 14 0
10 8 4 15 0
10 8 5 0 0
10 8 5 1 0
10 8 5 2 0
10 8 5 3 0
10 8 5 4 0
10 8 5 5 0
10 8 5 6 0
10 8 5 7 0
10 8 5 8 0
10 8 5 9 0
10 8 5 10 0
10 8 5 11 0
10 8 5 12 0
10 8 5 13 0
10 8 5 14 0
10 8 5 15 0
10 8 6 0 0
10 8 6 1 0
10 8 6 2 0
10 8 6 3 0
10 8 6 4 0
10 8 6 5 0
10 8 6 6 0
10 8 6 7 0
10 8 6 8 0
10 8 6 9 0
10 8 6 10 0
10 8 6 11 0
10 8 6 12 0
10 8 6 13 0
10 8 6 14 0
10 8 6 15 0
10 8 7 0 0
10 8 7 1 0
10 8 7 2 0
10 8 7 3 0
10 8 7 4 0
10 8 7 5 0
10 8 7 6 0
10 8 7 7 0
10 8 7 8 0
10 8 7 9 0
10 8 7 10 0
10 8 7 11 0
10 8 7 12 0
10 8 7 13 0
10 8 7 14 0
10 8 7 15 0
10 8 8 0 0
10 8 8 1 0
10 8 8 2 0
10 8 8 3 0
10 8 8 4 0
10 8 8 5 0
10 8 8 6 0
10 8 8 7 0
10 8 8 8 0
10 8 8 9 0
10 8 8 10 0
10 8 8 11 0
10 8 8 12 0
10 8 8 13 0
10 8 8 14 0
10 8 8 15 0
10 8 9 0 0
10 8 9 1 0
10 8 9 2 0
10 8 9 3 0
10 8 9 4 0
10 8 9 5 0
10 8 9 6 0
10 8 9 7 0
10 8 9 8 0
10 8 9 9 0
10 8 9 10 0
10 8 9 11 0
10 8 9 12 0
10 8 9 13 0
10 8 9 14 0
10 8 9 15 0
10 8 10 0 0
10 8 10 1 0
10 8 10 2 0
10 8 10 3 0
10 8 10 4 0
10 8 10 5 0
10 8 10 6 0
10 8 10 7 0
10 8 10 8 0
10 8 10 9 0
10 8 10 10 0
10 8 10 11 0
10 8 10 12 0
10 8 10 13 0
10 8 10 14 0
10 8 10 15 0
10 8 11 0 0
10 8 11 1 0
10 8 11 2 0
10 8 11 3 0
10 8 11 4 0
10 8 11 5 0
10 8 11 6 0
10 8 11 7 0
10 8 11 8 0
10 8 11 9 0
10 8 11 10 0
10 8 11 11 0
10 8 11 12 0
10 8 11 13 0
10 8 11 14 0
10 8 11 15 0
10 8 12 0 0
10 8 12 1 0
10 8 12 2 0
10 8 12 3 0
10 8 12 4 0
10 8 12 5 0
10 8 12 6 0
10 8 12 7 0
10 8 12 8 0
10 8 12 9 0
10 8 12 10 0
10 8 12 11 0
10 8 12 12 0
10 8 12 13 0
10 8 12 14 0
10 8 12 15 0
10 8 13 0 0
10 8 13 1 0
10 8 13 2 0
10 8 13 3 0
10 8 13 4 0
10 8 13 5 0
10 8 13 6 0
10 8 13 7 0
10 8 13 8 0
10 8 13 9 0
10 8 13 10 0
10 8 13 11 0
10 8 13 12 0
10 8 13 13 0
10 8 13 14 0
10 8 13 15 0
10 8 14 0 0
10 8 14 1 0
10 8 14 2 0
10 8 14 3 0
10 8 14 4 0
10 8 14 5 0
10 8 14 6 0
10 8 14 7 0
10 8 14 8 0
10 8 14 9 0
10 8 14 10 0
10 8 14 11 0
10 8 14 12 0
10 8 14 13 0
10 8 14 14 0
10 8 14 15 0
10 8 15 0 0
10 8 15 1 0
10 8 15 2 0
10 8 15 3 0
10 8 15 4 0
10 8 15 5 0
10 8 15 6 0
10 8 15 7 0
10 8 15 8 0
10 8 15 9 0
10 8 15 10 0
10 8 15 11 0
10 8 15 12 0
10 8 15 13 0
10 8 15 14 0
10 8 15 15 0
10 9 0 0 0
10 9 0 1 0
10 9 0 2 0
10 9 0 3 0
10 9 0 4 0
10 9 0 5 0
10 9 0 6 0
10 9 0 7 0
10 9 0 8 0
10 9 0 9 0
10 9 0 10 0
10 9 0 11 0
10 9 0 12 0
10 9 0 13 0
10 9 0 14 0
10 9 0 15 0
10 9 1 0 0
10 9 1 1 0
10 9 1 2 0
10 9 1 3 0
10 9 1 4 0
10 9 1 5 0
10 9 1 6 0
10 9 1 7 0
10 9 1 8 0
10 9 1 9 0
10 9 1 10 0
10 9 1 11 0
10 9 1 12 0
10 9 1 13 0
10 9 1 14 0
10 9 1 15 0
10 9 2 0 0
10 9 2 1 0
10 9 2 2 0
10 9 2 3 0
10 9 2 4 0
10 9 2 5 0
10 9 2 6 0
10 9 2 7 0
10 9 2 8 0
10 9 2 9 0
10 9 2 10 0
10 9 2 11 0
10 9 2 12 0
10 9 2 13 0
10 9 2 14 0
10 9 2 15 0
10 9 3 0 0
10 9 3 1 0
10 9 3 2 0
10 9 3 3 0
10 9 3 4 0
10 9 3 5 0
10 9 3 6 0
10 9 3 7 0
10 9 3 8 0
10 9 3 9 0
10 9 3 10 0
10 9 3 11 0
10 9 3 12 0
10 9 3 13 0
10 9 3 14 0
10 9 3 15 0
10 9 4 0 0
10 9 4 1 0
10 9 4 2 0
10 9 4 3 0
10 9 4 4 0
10 9 4 5 0
10 9 4 6 0
10 9 4 7 0
10 9 4 8 0
10 9 4 9 0
10 9 4 10 0
10 9 4 11 0
10 9 4 12 0
10 9 4 13 0
10 9 4 14 0
10 9 4 15 0
10 9 5 0 0
10 9 5 1 0
10 9 5 2 0
10 9 5 3 0
10 9 5 4 0
10 9 5 5 0
10 9 5 6 0
10 9 5 7 0
10 9 5 8 0
10 9 5 9 0
10 9 5 10 0
10 9 5 11 0
10 9 5 12 0
10 9 5 13 0
10 9 5 14 0
10 9 5 15 0
10 9 6 0 0
10 9 6 1 0
10 9 6 2 0
10 9 6 3 0
10 9 6 4 0
10 9 6 5 0
10 9 6 6 0
10 9 6 7 0
10 9 6 8 0
10 9 6 9 0
10 9 6 10 0
10 9 6 11 0
10 9 6 12 0
10 9 6 13 0
10 9 6 14 0
10 9 6 15 0
10 9 7 0 0
10 9 7 1 0
10 9 7 2 0
10 9 7 3 0
10 9 7 4 0
10 9 7 5 0
10 9 7 6 0
10 9 7 7 0
10 9 7 8 0
10 9 7 9 0
10 9 7 10 0
10 9 7 11 0
10 9 7 12 0
10 9 7 13 0
10 9 7 14 0
10 9 7 15 0
10 9 8 0 0
10 9 8 1 0
10 9 8 2 0
10 9 8 3 0
10 9 8 4 0
10 9 8 5 0
10 9 8 6 0
10 9 8 7 0
10 9 8 8 0
10 9 8 9 0
10 9 8 10 0
10 9 8 11 0
10 9 8 12 0
10 9 8 13 0
10 9 8 14 0
10 9 8 15 0
10 9 9 0 0
10 9 9 1 0
10 9 9 2 0
10 9 9 3 0
10 9 9 4 0
10 9 9 5 0
10 9 9 6 0
10 9 9 7 0
10 9 9 8 0
10 9 9 9 0
10 9 9 10 0
10 9 9 11 0
10 9 9 12 0
10 9 9 13 0
10 9 9 14 0
10 9 9 15 0
10 9 10 0 0
10 9 10 1 0
10 9 10 2 0
10 9 10 3 0
10 9 10 4 0
10 9 10 5 0
10 9 10 6 0
10 9 10 7 0
10 9 10 8 0
10 9 10 9 0
10 9 10 10 0
10 9 10 11 0
10 9 10 12 0
10 9 10 13 0
10 9 10 14 0
10 9 10 15 0
10 9 11 0 0
10 9 11 1 0
10 9 11 2 0
10 9 11 3 0
10 9 11 4 0
10 9 11 5 0
10 9 11 6 0
10 9 11 7 0
10 9 11 8 0
10 9 11 9 0
10 9 11 10 0
10 9 11 11 0
10 9 11 12 0
10 9 11 13 0
10 9 11 14 0
10 9 11 15 0
10 9 12 0 0
10 9 12 1 0
10 9 12 2 0
10 9 12 3 0
10 9 12 4 0
10 9 12 5 0
10 9 12 6 0
10 9 12 7 0
10 9 12 8 0
10 9 12 9 0
10 9 12 10 0
10 9 12 11 0
10 9 12 12 0
10 9 12 13 0
10 9 12 14 0
10 9 12 15 0
10 9 13 0 0
10 9 13 1 0
10 9 13 2 0
10 9 13 3 0
10 9 13 4 0
10 9 13 5 0
10 9 13 6 0
10 9 13 7 0
10 9 13 8 0
10 9 13 9 0
10 9 13 10 0
10 9 13 11 0
10 9 13 12 0
10 9 13 13 0
10 9 13 14 0
10 9 13 15 0
10 9 14 0 0
10 9 14 1 0
10 9 14 2 0
10 9 14 3 0
10 9 14 4 0
10 9 14 5 0
10 9 14 6 0
10 9 14 7 0
10 9 14 8 0
10 9 14 9 0
10 9 14 10 0
10 9 14 11 0
10 9 14 12 0
10 9 14 13 0
10 9 14 14 0
10 9 14 15 0
10 9 15 0 0
10 9 15 1 0
10 9 15 2 0
10 9 15 3 0
10 9 15 4 0
10 9 15 5 0
10 9 15 6 0
10 9 15 7 0
10 9 15 8 0
10 9 15 9 0
10 9 15 10 0
10 9 15 11 0
10 9 15 12 0
10 9 15 13 0
10 9 15 14 0
10 9 15 15 0
10 10 0 0 0
10 10 0 1 0
10 10 0 2 0
10 10 0 3 0
10 10 0 4 0
10 10 0 5 0
10 10 0 6 0
10 10 0 7 0
10 10 0 8 0
10 10 0 9 0
10 10 0 10 0
10 10 0 11 0
10 10 0 12 0
10 10 0 13 0
10 10 0 14 0
10 10 0 15 0
10 10 1 0 0
10 10 1 1 0
10 10 1 2 0
10 10 1 3 0
10 10 1 4 0
10 10 1 5 0
10 10 1 6 0
10 10 1 7 0
10 10 1 8 0
10 10 1 9 0
10 10 1 10 0
10 10 1 11 0
10 10 1 12 0
10 10 1 13 0
10 10 1 14 0
10 10 1 15 0
10 10 2 0 0
10 10 2 1 0
10 10 2 2 0
10 10 2 3 0
10 10 2 4 0
10 10 2 5 0
10 10 2 6 0
10 10 2 7 0
10 10 2 8 0
10 10 2 9 0
10 10 2 10 0
10 10 2 11 0
10 10 2 12 0
10 10 2 13 0
10 10 2 14 0
10 10 2 15 0
10 10 3 0 0
10 10 3 1 0
10 10 3 2 0
10 10 3 3 0
10 10 3 4 0
10 10 3 5 0
10 10 3 6 0
10 10 3 7 0
10 10 3 8 0
10 10 3 9 0
10 10 3 10 0
10 10 3 11 0
10 10 3 12 0
10 10 3 13 0
10 10 3 14 0
10 10 3 15 0
10 10 4 0 0
10 10 4 1 0
10 10 4 2 0
10 10 4 3 0
10 10 4 4 0
10 10 4 5 0
10 10 4 6 0
10 10 4 7 0
10 10 4 8 0
10 10 4 9 0
10 10 4 10 0
10 10 4 11 0
10 10 4 12 0
10 10 4 13 0
10 10 4 14 0
10 10 4 15 0
10 10 5 0 0
10 10 5 1 0
10 10 5 2 0
10 10 5 3 0
10 10 5 4 0
10 10 5 5 0
10 10 5 6 0
10 10 5 7 0
10 10 5 8 0
10 10 5 9 0
10 10 5 10 0
10 10 5 11 0
10 10 5 12 0
10 10 5 13 0
10 10 5 14 0
10 10 5 15 0
10 10 6 0 0
10 10 6 1 0
10 10 6 2 0
10 10 6 3 0
10 10 6 4 0
10 10 6 5 0
10 10 6 6 0
10 10 6 7 0
10 10 6 8 0
10 10 6 9 0
10 10 6 10 0
10 10 6 11 0
10 10 6 12 0
10 10 6 13 0
10 10 6 14 0
10 10 6 15 0
10 10 7 0 0
10 10 7 1 0
10 10 7 2 0
10 10 7 3 0
10 10 7 4 0
10 10 7 5 0
10 10 7 6 0
10 10 7 7 0
10 10 7 8 0
10 10 7 9 0
10 10 7 10 0
10 10 7 11 0
10 10 7 12 0
10 10 7 13 0
10 10 7 14 0
10 10 7 15 0
10 10 8 0 0
10 10 8 1 0
10 10 8 2 0
10 10 8 3 0
10 10 8 4 0
10 10 8 5 0
10 10 8 6 0
10 10 8 7 0
10 10 8 8 0
10 10 8 9 0
10 10 8 10 0
10 10 8 11 0
10 10 8 12 0
10 10 8 13 0
10 10 8 14 0
10 10 8 15 0
10 10 9 0 0
10 10 9 1 0
10 10 9 2 0
10 10 9 3 0
10 10 9 4 0
10 10 9 5 0
10 10 9 6 0
10 10 9 7 0
10 10 9 8 0
10 10 9 9 0
10 10 9 10 0
10 10 9 11 0
10 10 9 12 0
10 10 9 13 0
10 10 9 14 0
10 10 9 15 0
10 10 10 0 0
10 10 10 1 0
10 10 10 2 0
10 10 10 3 0
10 10 10 4 0
10 10 10 5 0
10 10 10 6 0
10 10 10 7 0
10 10 10 8 0
10 10 10 9 0
10 10 10 10 0
10 10 10 11 0
10 10 10 12 0
10 10 10 13 0
10 10 10 14 0
10 10 10 15 0
10 10 11 0 0
10 10 11 1 0
10 10 11 2 0
10 10 11 3 0
10 10 11 4 0
10 10 11 5 0
10 10 11 6 0
10 10 11 7 0
10 10 11 8 0
10 10 11 9 0
10 10 11 10 0
10 10 11 11 0
10 10 11 12 0
10 10 11 13 0
10 10 11 14 0
10 10 11 15 0
10 10 12 0 0
10 10 12 1 0
10 10 12 2 0
10 10 12 3 0
10 10 12 4 0
10 10 12 5 0
10 10 12 6 0
10 10 12 7 0
10 10 12 8 0
10 10 12 9 0
10 10 12 10 0
10 10 12 11 0
10 10 12 12 0
10 10 12 13 0
10 10 12 14 0
10 10 12 15 0
10 10 13 0 0
10 10 13 1 0
10 10 13 2 0
10 10 13 3 0
10 10 13 4 0
10 10 13 5 0
10 10 13 6 0
10 10 13 7 0
10 10 13 8 0
10 10 13 9 0
10 10 13 10 0
10 10 13 11 0
10 10 13 12 0
10 10 13 13 0
10 10 13 14 0
10 10 13 15 0
10 10 14 0 0
10 10 14 1 0
10 10 14 2 0
10 10 14 3 0
10 10 14 4 0
10 10 14 5 0
10 10 14 6 0
10 10 14 7 0
10 10 14 8 0
10 10 14 9 0
10 10 14 10 0
10 10 14 11 0
10 10 14 12 0
10 10 14 13 0
10 10 14 14 0
10 10 14 15 0
10 10 15 0 0
10 10 15 1 0
10 10 15 2 0
10 10 15 3 0
10 10 15 4 0
10 10 15 5 0
10 10 15 6 0
10 10 15 7 0
10 10 15 8 0
10 10 15 9 0
10 10 15 10 0
10 10 15 11 0
10 10 15 12 0
10 10 15 13 0
10 10 15 14 0
10 10 15 15 0
10 11 0 0 0
10 11 0 1 0
10 11 0 2 0
10 11 0 3 0
10 11 0 4 0
10 11 0 5 0
10 11 0 6 0
10 11 0 7 0
10 11 0 8 0
10 11 0 9 0
10 11 0 10 0
10 11 0 11 0
10 11 0 12 0
10 11 0 13 0
10 11 0 14 0
10 11 0 15 0
10 11 1 0 0
10 11 1 1 0
10 11 1 2 0
10 11 1 3 0
10 11 1 4 0
10 11 1 5 0
10 11 1 6 0
10 11 1 7 0
10 11 1 8 0
10 11 1 9 0
10 11 1 10 0
10 11 1 11 0
10 11 1 12 0
10 11 1 13 0
10 11 1 14 0
10 11 1 15 0
10 11 2 0 0
10 11 2 1 0
10 11 2 2 0
10 11 2 3 0
10 11 2 4 0
10 11 2 5 0
10 11 2 6 0
10 11 2 7 0
10 11 2 8 0
10 11 2 9 0
10 11 2 10 0
10 11 2 11 0
10 11 2 12 0
10 11 2 13 0
10 11 2 14 0
10 11 2 15 0
10 11 3 0 0
10 11 3 1 0
10 11 3 2 0
10 11 3 3 0
10 11 3 4 0
10 11 3 5 0
10 11 3 6 0
10 11 3 7 0
10 11 3 8 0
10 11 3 9 0
10 11 3 10 0
10 11 3 11 0
10 11 3 12 0
10 11 3 13 0
10 11 3 14 0
10 11 3 15 0
10 11 4 0 0
10 11 4 1 0
10 11 4 2 0
10 11 4 3 0
10 11 4 4 0
10 11 4 5 0
10 11 4 6 0
10 11 4 7 0
10 11 4 8 0
10 11 4 9 0
10 11 4 10 0
10 11 4 11 0
10 11 4 12 0
10 11 4 13 0
10 11 4 14 0
10 11 4 15 0
10 11 5 0 0
10 11 5 1 0
10 11 5 2 0
10 11 5 3 0
10 11 5 4 0
10 11 5 5 0
10 11 5 6 0
10 11 5 7 0
10 11 5 8 0
10 11 5 9 0
10 11 5 10 0
10 11 5 11 0
10 11 5 12 0
10 11 5 13 0
10 11 5 14 0
10 11 5 15 0
10 11 6 0 0
10 11 6 1 0
10 11 6 2 0
10 11 6 3 0
10 11 6 4 0
10 11 6 5 0
10 11 6 6 0
10 11 6 7 0
10 11 6 8 0
10 11 6 9 0
10 11 6 10 0
10 11 6 11 0
10 11 6 12 0
10 11 6 13 0
10 11 6 14 0
10 11 6 15 0
10 11 7 0 0
10 11 7 1 0
10 11 7 2 0
10 11 7 3 0
10 11 7 4 0
10 11 7 5 0
10 11 7 6 0
10 11 7 7 0
10 11 7 8 0
10 11 7 9 0
10 11 7 10 0
10 11 7 11 0
10 11 7 12 0
10 11 7 13 0
10 11 7 14 0
10 11 7 15 0
10 11 8 0 0
10 11 8 1 0
10 11 8 2 0
10 11 8 3 0
10 11 8 4 0
10 11 8 5 0
10 11 8 6 0
10 11 8 7 0
10 11 8 8 0
10 11 8 9 0
10 11 8 10 0
10 11 8 11 0
10 11 8 12 0
10 11 8 13 0
10 11 8 14 0
10 11 8 15 0
10 11 9 0 0
10 11 9 1 0
10 11 9 2 0
10 11 9 3 0
10 11 9 4 0
10 11 9 5 0
10 11 9 6 0
10 11 9 7 0
10 11 9 8 0
10 11 9 9 0
10 11 9 10 0
10 11 9 11 0
10 11 9 12 0
10 11 9 13 0
10 11 9 14 0
10 11 9 15 0
10 11 10 0 0
10 11 10 1 0
10 11 10 2 0
10 11 10 3 0
10 11 10 4 0
10 11 10 5 0
10 11 10 6 0
10 11 10 7 0
10 11 10 8 0
10 11 10 9 0
10 11 10 10 0
10 11 10 11 0
10 11 10 12 0
10 11 10 13 0
10 11 10 14 0
10 11 10 15 0
10 11 11 0 0
10 11 11 1 0
10 11 11 2 0
10 11 11 3 0
10 11 11 4 0
10 11 11 5 0
10 11 11 6 0
10 11 11 7 0
10 11 11 8 0
10 11 11 9 0
10 11 11 10 0
10 11 11 11 0
10 11 11 12 0
10 11 11 13 0
10 11 11 14 0
10 11 11 15 0
10 11 12 0 0
10 11 12 1 0
10 11 12 2 0
10 11 12 3 0
10 11 12 4 0
10 11 12 5 0
10 11 12 6 0
10 11 12 7 0
10 11 12 8 0
10 11 12 9 0
10 11 12 10 0
10 11 12 11 0
10 11 12 12 0
10 11 12 13 0
10 11 12 14 0
10 11 12 15 0
10 11 13 0 0
10 11 13 1 0
10 11 13 2 0
10 11 13 3 0
10 11 13 4 0
10 11 13 5 0
10 11 13 6 0
10 11 13 7 0
10 11 13 8 0
10 11 13 9 0
10 11 13 10 0
10 11 13 11 0
10 11 13 12 0
10 11 13 13 0
10 11 13 14 0
10 11 13 15 0
10 11 14 0 0
10 11 14 1 0
10 11 14 2 0
10 11 14 3 0
10 11 14 4 0
10 11 14 5 0
10 11 14 6 0
10 11 14 7 0
10 11 14 8 0
10 11 14 9 0
10 11 14 10 0
10 11 14 11 0
10 11 14 12 0
10 11 14 13 0
10 11 14 14 0
10 11 14 15 0
10 11 15 0 0
10 11 15 1 0
10 11 15 2 0
10 11 15 3 0
10 11 15 4 0
10 11 15 5 0
10 11 15 6 0
10 11 15 7 0
10 11 15 8 0
10 11 15 9 0
10 11 15 10 0
10 11 15 11 0
10 11 15 12 0
10 11 15 13 0
10 11 15 14 0
10 11 15 15 0
10 12 0 0 0
10 12 0 1 0
10 12 0 2 0
10 12 0 3 0
10 12 0 4 0
10 12 0 5 0
10 12 0 6 0
10 12 0 7 0
10 12 0 8 0
10 12 0 9 0
10 12 0 10 0
10 12 0 11 0
10 12 0 12 0
10 12 0 13 0
10 12 0 14 0
10 12 0 15 0
10 12 1 0 0
10 12 1 1 0
10 12 1 2 0
10 12 1 3 0
10 12 1 4 0
10 12 1 5 0
10 12 1 6 0
10 12 1 7 0
10 12 1 8 0
10 12 1 9 0
10 12 1 10 0
10 12 1 11 0
10 12 1 12 0
10 12 1 13 0
10 12 1 14 0
10 12 1 15 0
10 12 2 0 0
10 12 2 1 0
10 12 2 2 0
10 12 2 3 0
10 12 2 4 0
10 12 2 5 0
10 12 2 6 0
10 12 2 7 0
10 12 2 8 0
10 12 2 9 0
10 12 2 10 0
10 12 2 11 0
10 12 2 12 0
10 12 2 13 0
10 12 2 14 0
10 12 2 15 0
10 12 3 0 0
10 12 3 1 0
10 12 3 2 0
10 12 3 3 0
10 12 3 4 0
10 12 3 5 0
10 12 3 6 0
10 12 3 7 0
10 12 3 8 0
10 12 3 9 0
10 12 3 10 0
10 12 3 11 0
10 12 3 12 0
10 12 3 13 0
10 12 3 14 0
10 12 3 15 0
10 12 4 0 0
10 12 4 1 0
10 12 4 2 0
10 12 4 3 0
10 12 4 4 0
10 12 4 5 0
10 12 4 6 0
10 12 4 7 0
10 12 4 8 0
10 12 4 9 0
10 12 4 10 0
10 12 4 11 0
10 12 4 12 0
10 12 4 13 0
10 12 4 14 0
10 12 4 15 0
10 12 5 0 0
10 12 5 1 0
10 12 5 2 0
10 12 5 3 0
10 12 5 4 0
10 12 5 5 0
10 12 5 6 0
10 12 5 7 0
10 12 5 8 0
10 12 5 9 0
10 12 5 10 0
10 12 5 11 0
10 12 5 12 0
10 12 5 13 0
10 12 5 14 0
10 12 5 15 0
10 12 6 0 0
10 12 6 1 0
10 12 6 2 0
10 12 6 3 0
10 12 6 4 0
10 12 6 5 0
10 12 6 6 0
10 12 6 7 0
10 12 6 8 0
10 12 6 9 0
10 12 6 10 0
10 12 6 11 0
10 12 6 12 0
10 12 6 13 0
10 12 6 14 0
10 12 6 15 0
10 12 7 0 0
10 12 7 1 0
10 12 7 2 0
10 12 7 3 0
10 12 7 4 0
10 12 7 5 0
10 12 7 6 0
10 12 7 7 0
10 12 7 8 0
10 12 7 9 0
10 12 7 10 0
10 12 7 11 0
10 12 7 12 0
10 12 7 13 0
10 12 7 14 0
10 12 7 15 0
10 12 8 0 0
10 12 8 1 0
10 12 8 2 0
10 12 8 3 0
10 12 8 4 0
10 12 8 5 0
10 12 8 6 0
10 12 8 7 0
10 12 8 8 0
10 12 8 9 0
10 12 8 10 0
10 12 8 11 0
10 12 8 12 0
10 12 8 13 0
10 12 8 14 0
10 12 8 15 0
10 12 9 0 0
10 12 9 1 0
10 12 9 2 0
10 12 9 3 0
10 12 9 4 0
10 12 9 5 0
10 12 9 6 0
10 12 9 7 0
10 12 9 8 0
10 12 9 9 0
10 12 9 10 0
10 12 9 11 0
10 12 9 12 0
10 12 9 13 0
10 12 9 14 0
10 12 9 15 0
10 12 10 0 0
10 12 10 1 0
10 12 10 2 0
10 12 10 3 0
10 12 10 4 0
10 12 10 5 0
10 12 10 6 0
10 12 10 7 0
10 12 10 8 0
10 12 10 9 0
10 12 10 10 0
10 12 10 11 0
10 12 10 12 0
10 12 10 13 0
10 12 10 14 0
10 12 10 15 0
10 12 11 0 0
10 12 11 1 0
10 12 11 2 0
10 12 11 3 0
10 12 11 4 0
10 12 11 5 0
10 12 11 6 0
10 12 11 7 0
10 12 11 8 0
10 12 11 9 0
10 12 11 10 0
10 12 11 11 0
10 12 11 12 0
10 12 11 13 0
10 12 11 14 0
10 12 11 15 0
10 12 12 0 0
10 12 12 1 0
10 12 12 2 0
10 12 12 3 0
10 12 12 4 0
10 12 12 5 0
10 12 12 6 0
10 12 12 7 0
10 12 12 8 0
10 12 12 9 0
10 12 12 10 0
10 12 12 11 0
10 12 12 12 0
10 12 12 13 0
10 12 12 14 0
10 12 12 15 0
10 12 13 0 0
10 12 13 1 0
10 12 13 2 0
10 12 13 3 0
10 12 13 4 0
10 12 13 5 0
10 12 13 6 0
10 12 13 7 0
10 12 13 8 0
10 12 13 9 0
10 12 13 10 0
10 12 13 11 0
10 12 13 12 0
10 12 13 13 0
10 12 13 14 0
10 12 13 15 0
10 12 14 0 0
10 12 14 1 0
10 12 14 2 0
10 12 14 3 0
10 12 14 4 0
10 12 14 5 0
10 12 14 6 0
10 12 14 7 0
10 12 14 8 0
10 12 14 9 0
10 12 14 10 0
10 12 14 11 0
10 12 14 12 0
10 12 14 13 0
10 12 14 14 0
10 12 14 15 0
10 12 15 0 0
10 12 15 1 0
10 12 15 2 0
10 12 15 3 0
10 12 15 4 0
10 12 15 5 0
10 12 15 6 0
10 12 15 7 0
10 12 15 8 0
10 12 15 9 0
10 12 15 10 0
10 12 15 11 0
10 12 15 12 0
10 12 15 13 0
10 12 15 14 0
10 12 15 15 0
10 13 0 0 0
10 13 0 1 0
10 13 0 2 0
10 13 0 3 0
10 13 0 4 0
10 13 0 5 0
10 13 0 6 0
10 13 0 7 0
10 13 0 8 0
10 13 0 9 0
10 13 0 10 0
10 13 0 11 0
10 13 0 12 0
10 13 0 13 0
10 13 0 14 0
10 13 0 15 0
10 13 1 0 0
10 13 1 1 0
10 13 1 2 0
10 13 1 3 0
10 13 1 4 0
10 13 1 5 0
10 13 1 6 0
10 13 1 7 0
10 13 1 8 0
10 13 1 9 0
10 13 1 10 0
10 13 1 11 0
10 13 1 12 0
10 13 1 13 0
10 13 1 14 0
10 13 1 15 0
10 13 2 0 0
10 13 2 1 0
10 13 2 2 0
10 13 2 3 0
10 13 2 4 0
10 13 2 5 0
10 13 2 6 0
10 13 2 7 0
10 13 2 8 0
10 13 2 9 0
10 13 2 10 0
10 13 2 11 0
10 13 2 12 0
10 13 2 13 0
10 13 2 14 0
10 13 2 15 0
10 13 3 0 0
10 13 3 1 0
10 13 3 2 0
10 13 3 3 0
10 13 3 4 0
10 13 3 5 0
10 13 3 6 0
10 13 3 7 0
10 13 3 8 0
10 13 3 9 0
10 13 3 10 0
10 13 3 11 0
10 13 3 12 0
10 13 3 13 0
10 13 3 14 0
10 13 3 15 0
10 13 4 0 0
10 13 4 1 0
10 13 4 2 0
10 13 4 3 0
10 13 4 4 0
10 13 4 5 0
10 13 4 6 0
10 13 4 7 0
10 13 4 8 0
10 13 4 9 0
10 13 4 10 0
10 13 4 11 0
10 13 4 12 0
10 13 4 13 0
10 13 4 14 0
10 13 4 15 0
10 13 5 0 0
10 13 5 1 0
10 13 5 2 0
10 13 5 3 0
10 13 5 4 0
10 13 5 5 0
10 13 5 6 0
10 13 5 7 0
10 13 5 8 0
10 13 5 9 0
10 13 5 10 0
10 13 5 11 0
10 13 5 12 0
10 13 5 13 0
10 13 5 14 0
10 13 5 15 0
10 13 6 0 0
10 13 6 1 0
10 13 6 2 0
10 13 6 3 0
10 13 6 4 0
10 13 6 5 0
10 13 6 6 0
10 13 6 7 0
10 13 6 8 0
10 13 6 9 0
10 13 6 10 0
10 13 6 11 0
10 13 6 12 0
10 13 6 13 0
10 13 6 14 0
10 13 6 15 0
10 13 7 0 0
10 13 7 1 0
10 13 7 2 0
10 13 7 3 0
10 13 7 4 0
10 13 7 5 0
10 13 7 6 0
10 13 7 7 0
10 13 7 8 0
10 13 7 9 0
10 13 7 10 0
10 13 7 11 0
10 13 7 12 0
10 13 7 13 0
10 13 7 14 0
10 13 7 15 0
10 13 8 0 0
10 13 8 1 0
10 13 8 2 0
10 13 8 3 0
10 13 8 4 0
10 13 8 5 0
10 13 8 6 0
10 13 8 7 0
10 13 8 8 0
10 13 8 9 0
10 13 8 10 0
10 13 8 11 0
10 13 8 12 0
10 13 8 13 0
10 13 8 14 0
10 13 8 15 0
10 13 9 0 0
10 13 9 1 0
10 13 9 2 0
10 13 9 3 0
10 13 9 4 0
10 13 9 5 0
10 13 9 6 0
10 13 9 7 0
10 13 9 8 0
10 13 9 9 0
10 13 9 10 0
10 13 9 11 0
10 13 9 12 0
10 13 9 13 0
10 13 9 14 0
10 13 9 15 0
10 13 10 0 0
10 13 10 1 0
10 13 10 2 0
10 13 10 3 0
10 13 10 4 0
10 13 10 5 0
10 13 10 6 0
10 13 10 7 0
10 13 10 8 0
10 13 10 9 0
10 13 10 10 0
10 13 10 11 0
10 13 10 12 0
10 13 10 13 0
10 13 10 14 0
10 13 10 15 0
10 13 11 0 0
10 13 11 1 0
10 13 11 2 0
10 13 11 3 0
10 13 11 4 0
10 13 11 5 0
10 13 11 6 0
10 13 11 7 0
10 13 11 8 0
10 13 11 9 0
10 13 11 10 0
10 13 11 11 0
10 13 11 12 0
10 13 11 13 0
10 13 11 14 0
10 13 11 15 0
10 13 12 0 0
10 13 12 1 0
10 13 12 2 0
10 13 12 3 0
10 13 12 4 0
10 13 12 5 0
10 13 12 6 0
10 13 12 7 0
10 13 12 8 0
10 13 12 9 0
10 13 12 10 0
10 13 12 11 0
10 13 12 12 0
10 13 12 13 0
10 13 12 14 0
10 13 12 15 0
10 13 13 0 0
10 13 13 1 0
10 13 13 2 0
10 13 13 3 0
10 13 13 4 0
10 13 13 5 0
10 13 13 6 0
10 13 13 7 0
10 13 13 8 0
10 13 13 9 0
10 13 13 10 0
10 13 13 11 0
10 13 13 12 0
10 13 13 13 0
10 13 13 14 0
10 13 13 15 0
10 13 14 0 0
10 13 14 1 0
10 13 14 2 0
10 13 14 3 0
10 13 14 4 0
10 13 14 5 0
10 13 14 6 0
10 13 14 7 0
10 13 14 8 0
10 13 14 9 0
10 13 14 10 0
10 13 14 11 0
10 13 14 12 0
10 13 14 13 0
10 13 14 14 0
10 13 14 15 0
10 13 15 0 0
10 13 15 1 0
10 13 15 2 0
10 13 15 3 0
10 13 15 4 0
10 13 15 5 0
10 13 15 6 0
10 13 15 7 0
10 13 15 8 0
10 13 15 9 0
10 13 15 10 0
10 13 15 11 0
10 13 15 12 0
10 13 15 13 0
10 13 15 14 0
10 13 15 15 0
10 14 0 0 0
10 14 0 1 0
10 14 0 2 0
10 14 0 3 0
10 14 0 4 0
10 14 0 5 0
10 14 0 6 0
10 14 0 7 0
10 14 0 8 0
10 14 0 9 0
10 14 0 10 0
10 14 0 11 0
10 14 0 12 0
10 14 0 13 0
10 14 0 14 0
10 14 0 15 0
10 14 1 0 0
10 14 1 1 0
10 14 1 2 0
10 14 1 3 0
10 14 1 4 0
10 14 1 5 0
10 14 1 6 0
10 14 1 7 0
10 14 1 8 0
10 14 1 9 0
10 14 1 10 0
10 14 1 11 0
10 14 1 12 0
10 14 1 13 0
10 14 1 14 0
10 14 1 15 0
10 14 2 0 0
10 14 2 1 0
10 14 2 2 0
10 14 2 3 0
10 14 2 4 0
10 14 2 5 0
10 14 2 6 0
10 14 2 7 0
10 14 2 8 0
10 14 2 9 0
10 14 2 10 0
10 14 2 11 0
10 14 2 12 0
10 14 2 13 0
10 14 2 14 0
10 14 2 15 0
10 14 3 0 0
10 14 3 1 0
10 14 3 2 0
10 14 3 3 0
10 14 3 4 0
10 14 3 5 0
10 14 3 6 0
10 14 3 7 0
10 14 3 8 0
10 14 3 9 0
10 14 3 10 0
10 14 3 11 0
10 14 3 12 0
10 14 3 13 0
10 14 3 14 0
10 14 3 15 0
10 14 4 0 0
10 14 4 1 0
10 14 4 2 0
10 14 4 3 0
10 14 4 4 0
10 14 4 5 0
10 14 4 6 0
10 14 4 7 0
10 14 4 8 0
10 14 4 9 0
10 14 4 10 0
10 14 4 11 0
10 14 4 12 0
10 14 4 13 0
10 14 4 14 0
10 14 4 15 0
10 14 5 0 0
10 14 5 1 0
10 14 5 2 0
10 14 5 3 0
10 14 5 4 0
10 14 5 5 0
10 14 5 6 0
10 14 5 7 0
10 14 5 8 0
10 14 5 9 0
10 14 5 10 0
10 14 5 11 0
10 14 5 12 0
10 14 5 13 0
10 14 5 14 0
10 14 5 15 0
10 14 6 0 0
10 14 6 1 0
10 14 6 2 0
10 14 6 3 0
10 14 6 4 0
10 14 6 5 0
10 14 6 6 0
10 14 6 7 0
10 14 6 8 0
10 14 6 9 0
10 14 6 10 0
10 14 6 11 0
10 14 6 12 0
10 14 6 13 0
10 14 6 14 0
10 14 6 15 0
10 14 7 0 0
10 14 7 1 0
10 14 7 2 0
10 14 7 3 0
10 14 7 4 0
10 14 7 5 0
10 14 7 6 0
10 14 7 7 0
10 14 7 8 0
10 14 7 9 0
10 14 7 10 0
10 14 7 11 0
10 14 7 12 0
10 14 7 13 0
10 14 7 14 0
10 14 7 15 0
10 14 8 0 0
10 14 8 1 0
10 14 8 2 0
10 14 8 3 0
10 14 8 4 0
10 14 8 5 0
10 14 8 6 0
10 14 8 7 0
10 14 8 8 0
10 14 8 9 0
10 14 8 10 0
10 14 8 11 0
10 14 8 12 0
10 14 8 13 0
10 14 8 14 0
10 14 8 15 0
10 14 9 0 0
10 14 9 1 0
10 14 9 2 0
10 14 9 3 0
10 14 9 4 0
10 14 9 5 0
10 14 9 6 0
10 14 9 7 0
10 14 9 8 0
10 14 9 9 0
10 14 9 10 0
10 14 9 11 0
10 14 9 12 0
10 14 9 13 0
10 14 9 14 0
10 14 9 15 0
10 14 10 0 0
10 14 10 1 0
10 14 10 2 0
10 14 10 3 0
10 14 10 4 0
10 14 10 5 0
10 14 10 6 0
10 14 10 7 0
10 14 10 8 0
10 14 10 9 0
10 14 10 10 0
10 14 10 11 0
10 14 10 12 0
10 14 10 13 0
10 14 10 14 0
10 14 10 15 0
10 14 11 0 0
10 14 11 1 0
10 14 11 2 0
10 14 11 3 0
10 14 11 4 0
10 14 11 5 0
10 14 11 6 0
10 14 11 7 0
10 14 11 8 0
10 14 11 9 0
10 14 11 10 0
10 14 11 11 0
10 14 11 12 0
10 14 11 13 0
10 14 11 14 0
10 14 11 15 0
10 14 12 0 0
10 14 12 1 0
10 14 12 2 0
10 14 12 3 0
10 14 12 4 0
10 14 12 5 0
10 14 12 6 0
10 14 12 7 0
10 14 12 8 0
10 14 12 9 0
10 14 12 10 0
10 14 12 11 0
10 14 12 12 0
10 14 12 13 0
10 14 12 14 0
10 14 12 15 0
10 14 13 0 0
10 14 13 1 0
10 14 13 2 0
10 14 13 3 0
10 14 13 4 0
10 14 13 5 0
10 14 13 6 0
10 14 13 7 0
10 14 13 8 0
10 14 13 9 0
10 14 13 10 0
10 14 13 11 0
10 14 13 12 0
10 14 13 13 0
10 14 13 14 0
10 14 13 15 0
10 14 14 0 0
10 14 14 1 0
10 14 14 2 0
10 14 14 3 0
10 14 14 4 0
10 14 14 5 0
10 14 14 6 0
10 14 14 7 0
10 14 14 8 0
10 14 14 9 0
10 14 14 10 0
10 14 14 11 0
10 14 14 12 0
10 14 14 13 0
10 14 14 14 0
10 14 14 15 0
10 14 15 0 0
10 14 15 1 0
10 14 15 2 0
10 14 15 3 0
10 14 15 4 0
10 14 15 5 0
10 14 15 6 0
10 14 15 7 0
10 14 15 8 0
10 14 15 9 0
10 14 15 10 0
10 14 15 11 0
10 14 15 12 0
10 14 15 13 0
10 14 15 14 0
10 14 15 15 0
10 15 0 0 0
10 15 0 1 0
10 15 0 2 0
10 15 0 3 0
10 15 0 4 0
10 15 0 5 0
10 15 0 6 0
10 15 0 7 0
10 15 0 8 0
10 15 0 9 0
10 15 0 10 0
10 15 0 11 0
10 15 0 12 0
10 15 0 13 0
10 15 0 14 0
10 15 0 15 0
10 15 1 0 0
10 15 1 1 0
10 15 1 2 0
10 15 1 3 0
10 15 1 4 0
10 15 1 5 0
10 15 1 6 0
10 15 1 7 0
10 15 1 8 0
10 15 1 9 0
10 15 1 10 0
10 15 1 11 0
10 15 1 12 0
10 15 1 13 0
10 15 1 14 0
10 15 1 15 0
10 15 2 0 0
10 15 2 1 0
10 15 2 2 0
10 15 2 3 0
10 15 2 4 0
10 15 2 5 0
10 15 2 6 0
10 15 2 7 0
10 15 2 8 0
10 15 2 9 0
10 15 2 10 0
10 15 2 11 0
10 15 2 12 0
10 15 2 13 0
10 15 2 14 0
10 15 2 15 0
10 15 3 0 0
10 15 3 1 0
10 15 3 2 0
10 15 3 3 0
10 15 3 4 0
10 15 3 5 0
10 15 3 6 0
10 15 3 7 0
10 15 3 8 0
10 15 3 9 0
10 15 3 10 0
10 15 3 11 0
10 15 3 12 0
10 15 3 13 0
10 15 3 14 0
10 15 3 15 0
10 15 4 0 0
10 15 4 1 0
10 15 4 2 0
10 15 4 3 0
10 15 4 4 0
10 15 4 5 0
10 15 4 6 0
10 15 4 7 0
10 15 4 8 0
10 15 4 9 0
10 15 4 10 0
10 15 4 11 0
10 15 4 12 0
10 15 4 13 0
10 15 4 14 0
10 15 4 15 0
10 15 5 0 0
10 15 5 1 0
10 15 5 2 0
10 15 5 3 0
10 15 5 4 0
10 15 5 5 0
10 15 5 6 0
10 15 5 7 0
10 15 5 8 0
10 15 5 9 0
10 15 5 10 0
10 15 5 11 0
10 15 5 12 0
10 15 5 13 0
10 15 5 14 0
10 15 5 15 0
10 15 6 0 0
10 15 6 1 0
10 15 6 2 0
10 15 6 3 0
10 15 6 4 0
10 15 6 5 0
10 15 6 6 0
10 15 6 7 0
10 15 6 8 0
10 15 6 9 0
10 15 6 10 0
10 15 6 11 0
10 15 6 12 0
10 15 6 13 0
10 15 6 14 0
10 15 6 15 0
10 15 7 0 0
10 15 7 1 0
10 15 7 2 0
10 15 7 3 0
10 15 7 4 0
10 15 7 5 0
10 15 7 6 0
10 15 7 7 0
10 15 7 8 0
10 15 7 9 0
10 15 7 10 0
10 15 7 11 0
10 15 7 12 0
10 15 7 13 0
10 15 7 14 0
10 15 7 15 0
10 15 8 0 0
10 15 8 1 0
10 15 8 2 0
10 15 8 3 0
10 15 8 4 0
10 15 8 5 0
10 15 8 6 0
10 15 8 7 0
10 15 8 8 0
10 15 8 9 0
10 15 8 10 0
10 15 8 11 0
10 15 8 12 0
10 15 8 13 0
10 15 8 14 0
10 15 8 15 0
10 15 9 0 0
10 15 9 1 0
10 15 9 2 0
10 15 9 3 0
10 15 9 4 0
10 15 9 5 0
10 15 9 6 0
10 15 9 7 0
10 15 9 8 0
10 15 9 9 0
10 15 9 10 0
10 15 9 11 0
10 15 9 12 0
10 15 9 13 0
10 15 9 14 0
10 15 9 15 0
10 15 10 0 0
10 15 10 1 0
10 15 10 2 0
10 15 10 3 0
10 15 10 4 0
10 15 10 5 0
10 15 10 6 0
10 15 10 7 0
10 15 10 8 0
10 15 10 9 0
10 15 10 10 0
10 15 10 11 0
10 15 10 12 0
10 15 10 13 0
10 15 10 14 0
10 15 10 15 0
10 15 11 0 0
10 15 11 1 0
10 15 11 2 0
10 15 11 3 0
10 15 11 4 0
10 15 11 5 0
10 15 11 6 0
10 15 11 7 0
10 15 11 8 0
10 15 11 9 0
10 15 11 10 0
10 15 11 11 0
10 15 11 12 0
10 15 11 13 0
10 15 11 14 0
10 15 11 15 0
10 15 12 0 0
10 15 12 1 0
10 15 12 2 0
10 15 12 3 0
10 15 12 4 0
10 15 12 5 0
10 15 12 6 0
10 15 12 7 0
10 15 12 8 0
10 15 12 9 0
10 15 12 10 0
10 15 12 11 0
10 15 12 12 0
10 15 12 13 0
10 15 12 14 0
10 15 12 15 0
10 15 13 0 0
10 15 13 1 0
10 15 13 2 0
10 15 13 3 0
10 15 13 4 0
10 15 13 5 0
10 15 13 6 0
10 15 13 7 0
10 15 13 8 0
10 15 13 9 0
10 15 13 10 0
10 15 13 11 0
10 15 13 12 0
10 15 13 13 0
10 15 13 14 0
10 15 13 15 0
10 15 14 0 0
10 15 14 1 0
10 15 14 2 0
10 15 14 3 0
10 15 14 4 0
10 15 14 5 0
10 15 14 6 0
10 15 14 7 0
10 15 14 8 0
10 15 14 9 0
10 15 14 10 0
10 15 14 11 0
10 15 14 12 0
10 15 14 13 0
10 15 14 14 0
10 15 14 15 0
10 15 15 0 0
10 15 15 1 0
10 15 15 2 0
10 15 15 3 0
10 15 15 4 0
10 15 15 5 0
10 15 15 6 0
10 15 15 7 0
10 15 15 8 0
10 15 15 9 0
10 15 15 10 0
10 15 15 11 0
10 15 15 12 0
10 15 15 13 0
10 15 15 14 0
10 15 15 15 0
11 0 0 0 -0.004782626860835075
11 0 0 1 0
11 0 0 2 0.0109148470248204
11 0 0 3 0
11 0 0 4 0
11 0 0 5 0
11 0 0 6 0
11 0 0 7 0
11 0 0 8 0
11 0 0 9 0
11 0 0 10 0
11 0 0 11 -0.0001710094934633585
11 0 0 12 0
11 0 0 13 0
11 0 0 14 0.0003306786341168429
11 0 0 15 0
11 0 1 0 0
11 0 1 1 0
11 0 1 2 0
11 0 1 3 0
11 0 1 4 0
11 0 1 5 0
11 0 1 6 0
11 0 1 7 0
11 0 1 8 0
11 0 1 9 0
11 0 1 10 0
11 0 1 11 0
11 0 1 12 0
11 0 1 13 0
11 0 1 14 0
11 0 1 15 0
11 0 2 0 -0.02182969404964079
11 0 2 1 0
11 0 2 2 0
11 0 2 3 0
11 0 2 4 0
11 0 2 5 0
11 0 2 6 0
11 0 2 7 0
11 0 2 8 0
11 0 2 9 0
11 0 2 10 0
11 0 2 11 0.0001336541507251964
11 0 2 12 0
11 0 2 13 0
11 0 2 14 0
11 0 2 15 0
11 0 3 0 0
11 0 3 1 0
11 0 3 2 0
11 0 3 3 0
11 0 3 4 0
11 0 3 5 0
11 0 3 6 0
11 0 3 7 0
11 0 3 8 0
11 0 3 9 0
11 0 3 10 0
11 0 3 11 0
11 0 3 12 0
11 0 3 13 0
11 0 3 14 0
11 0 3 15 0
11 0 4 0 0
11 0 4 1 0
11 0 4 2 0
11 0 4 3 0
11 0 4 4 0
11 0 4 5 0
11 0 4 6 0
11 0 4 7 0
11 0 4 8 0
11 0 4 9 0
11 0 4 10 0
11 0 4 11 0
11 0 4 12 0
11 0 4 13 0
11 0 4 14 0
11 0 4 15 0
11 0 5 0 0
11 0 5 1 0
11 0 5 2 0
11 0 5 3 0
11 0 5 4 0
11 0 5 5 0
11 0 5 6 0
11 0 5 7 0
11 0 5 8 0
11 0 5 9 0
11 0 5 10 0
11 0 5 11 0
11 0 5 12 0
11 0 5 13 0
11 0 5 14 0
11 0 5 15 0
11 0 6 0 0
11 0 6 1 0
11 0 6 2 0
11 0 6 3 0
11 0 6 4 0
11 0 6 5 0
11 0 6 6 0
11 0 6 7 0
11 0 6 8 0
11 0 6 9 0
11 0 6 10 0
11 0 6 11 0
11 0 6 12 0
11 0 6 13 0
11 0 6 14 0
11 0 6 15 0
11 0 7 0 0
11 0 7 1 0
11 0 7 2 0
11 0 7 3 0
11 0 7 4 0
11 0 7 5 0
11 0 7 6 0
11 0 7 7 0
11 0 7 8 0
11 0 7 9 0
11 0 7 10 0
11 0 7 11 0
11 0 7 12 0
11 0 7 13 0
11 0 7 14 0
11 0 7 15 0
11 0 8 0 0
11 0 8 1 0
11 0 8 2 0
11 0 8 3 0
11 0 8 4 0
11 0 8 5 0
11 0 8 6 0
11 0 8 7 0
11 0 8 8 0
11 0 8 9 0
11 0 8 10 0
11 0 8 11 0
11 0 8 12 0
11 0 8 13 0
11 0 8 14 0
11 0 8 15 0
11 0 9 0 0
11 0 9 1 0
11 0 9 2 0
11 0 9 3 0
11 0 9 4 0
11 0 9 5 0
11 0 9 6 0
11 0 9 7 0
11 0 9 8 0
11 0 9 9 0
11 0 9 10 0
11 0 9 11 0
11 0 9 12 0
11 0 9 13 0
11 0 9 14 0
11 0 9 15 0
11 0 10 0 0
11 0 10 1 0
11 0 10 2 0
11 0 10 3 0
11 0 10 4 0
11 0 10 5 0
11 0 10 6 0
11 0 10 7 0
11 0 10 8 0
11 0 10 9 0
11 0 10 10 0
11 0 10 11 0
11 0 10 12 0
11 0 10 13 0
11 0 10 14 0
11 0 10 15 0
11 0 11 0 0.000426329048333253
11 0 11 1 0
11 0 11 2 -7.063527626323503e-05
11 0 11 3 0
11 0 11 4 0
11 0 11 5 0
11 0 11 6 0
11 0 11 7 0
11 0 11 8 0
11 0 11 9 0
11 0 11 10 0
11 0 11 11 0
11 0 11 12 0
11 0 11 13 0
11 0 11 14 0
11 0 11 15 0
11 0 12 0 0
11 0 12 1 0
11 0 12 2 0
11 0 12 3 0
11 0 12 4 0
11 0 12 5 0
11 0 12 6 0
11 0 12 7 0
11 0 12 8 0
11 0 12 9 0
11 0 12 10 0
11 0 12 11 0
11 0 12 12 0
11 0 12 13 0
11 0 12 14 0
11 0 12 15 0
11 0 13 0 0
11 0 13 1 0
11 0 13 2 0
11 0 13 3 0
11 0 13 4 0
11 0 13 5 0
11 0 13 6 0
11 0 13 7 0
11 0 13 8 0
11 0 13 9 0
11 0 13 10 0
11 0 13 11 0
11 0 13 12 0
11 0 13 13 0
11 0 13 14 0
11 0 13 15 0
11 0 14 0 -0.0006613572682336858
11 0 14 1 0
11 0 14 2 0
11 0 14 3 0
11 0 14 4 0
11 0 14 5 0
11 0 14 6 0
11 0 14 7 0
11 0 14 8 0
11 0 14 9 0
11 0 14 10 0
11 0 14 11 0
11 0 14 12 0
11 0 14 13 0
11 0 14 14 0
11 0 14 15 0
11 0 15 0 0
11 0 15 1 0
11 0 15 2 0
11 0 15 3 0
11 0 15 4 0
11 0 15 5 0
11 0 15 6 0
11 0 15 7 0
11 0 15 8 0
11 0 15 9 0
11 0 15 10 0
11 0 15 11 0
11 0 15 12 0
11 0 15 13 0
11 0 15 14 0
11 0 15 15 0
11 1 0 0 0
11 1 0 1 -0.00956525372167015
11 1 0 2 0
11 1 0 3 0
11 1 0 4 0
11 1 0 5 0
11 1 0 6 0
11 1 0 7 0
11 1 0 8 0
11 1 0 9 0
11 1 0 10 0
11 1 0 11 0
11 1 0 12 0
11 1 0 13 0
11 1 0 14 0
11 1 0 15 -6.078127133223018e-05
11 1 1 0 0.004782626860835075
11 1 1 1 0
11 1 1 2 0.0109148470248204
11 1 1 3 0
11 1 1 4 0
11 1 1 5 0
11 1 1 6 0
11 1 1 7 0
11 1 1 8 0
11 1 1 9 0
11 1 1 10 0
11 1 1 11 -0.0002293950051942997
11 1 1 12 0
11 1 1 13 0
11 1 1 14 0.0003306786341168429
11 1 1 15 0
11 1 2 0 0
11 1 2 1 -0.02182969404964079
11 1 2 2 0
11 1 2 3 0
11 1 2 4 0
11 1 2 5 0
11 1 2 6 0
11 1 2 7 0
11 1 2 8 0
11 1 2 9 0
11 1 2 10 0
11 1 2 11 0
11 1 2 12 0
11 1 2 13 0
11 1 2 14 0
11 1 2 15 -0.0001659109672231864
11 1 3 0 0
11 1 3 1 0
11 1 3 2 0
11 1 3 3 0
11 1 3 4 0
11 1 3 5 0
11 1 3 6 0
11 1 3 7 0
11 1 3 8 0
11 1 3 9 0
11 1 3 10 0
11 1 3 11 0
11 1 3 12 0
11 1 3 13 0
11 1 3 14 0
11 1 3 15 0
11 1 4 0 0
11 1 4 1 0
11 1 4 2 0
11 1 4 3 0
11 1 4 4 0
11 1 4 5 0
11 1 4 6 0
11 1 4 7 0
11 1 4 8 0
11 1 4 9 0
11 1 4 10 0
11 1 4 11 0
11 1 4 12 0
11 1 4 13 0
11 1 4 14 0
11 1 4 15 0
11 1 5 0 0
11 1 5 1 0
11 1 5 2 0
11 1 5 3 0
11 1 5 4 0
11 1 5 5 0
11 1 5 6 0
11 1 5 7 0
11 1 5 8 0
11 1 5 9 0
11 1 5 10 0
11 1 5 11 0
11 1 5 12 0
11 1 5 13 0
11 1 5 14 0
11 1 5 15 0
11 1 6 0 0
11 1 6 1 0
11 1 6 2 0
11 1 6 3 0
11 1 6 4 0
11 1 6 5 0
11 1 6 6 0
11 1 6 7 0
11 1 6 8 0
11 1 6 9 0
11 1 6 10 0
11 1 6 11 0
11 1 6 12 0
11 1 6 13 0
11 1 6 14 0
11 1 6 15 0
11 1 7 0 0
11 1 7 1 0
11 1 7 2 0
11 1 7 3 0
11 1 7 4 0
11 1 7 5 0
11 1 7 6 0
11 1 7 7 0
11 1 7 8 0
11 1 7 9 0
11 1 7 10 0
11 1 7 11 0
11 1 7 12 0
11 1 7 13 0
11 1 7 14 0
11 1 7 15 0
11 1 8 0 0
11 1 8 1 0
11 1 8 2 0
11 1 8 3 0
11 1 8 4 0
11 1 8 5 0
11 1 8 6 0
11 1 8 7 0
11 1 8 8 0
11 1 8 9 0
11 1 8 10 0
11 1 8 11 0
11 1 8 12 0
11 1 8 13 0
11 1 8 14 0
11 1 8 15 0
11 1 9 0 0
11 1 9 1 0
11 1 9 2 0
11 1 9 3 0
11 1 9 4 0
11 1 9 5 0
11 1 9 6 0
11 1 9 7 0
11 1 9 8 0
11 1 9 9 0
11 1 9 10 0
11 1 9 11 0
11 1 9 12 0
11 1 9 13 0
11 1 9 14 0
11 1 9 15 0
11 1 10 0 0
11 1 10 1 0
11 1 10 2 0
11 1 10 3 0
11 1 10 4 0
11 1 10 5 0
11 1 10 6 0
11 1 10 7 0
11 1 10 8 0
11 1 10 9 0
11 1 10 10 0
11 1 10 11 0
11 1 10 12 0
11 1 10 13 0
11 1 10 14 0
11 1 10 15 0
11 1 11 0 0
11 1 11 1 0.0004587900103885993
11 1 11 2 0
11 1 11 3 0
11 1 11 4 0
11 1 11 5 0
11 1 11 6 0
11 1 11 7 0
11 1 11 8 0
11 1 11 9 0
11 1 11 10 0
11 1 11 11 0
11 1 11 12 0
11 1 11 13 0
11 1 11 14 0
11 1 11 15 0
11 1 12 0 0
11 1 12 1 0
11 1 12 2 0
11 1 12 3 0
11 1 12 4 0
11 1 12 5 0
11 1 12 6 0
11 1 12 7 0
11 1 12 8 0
11 1 12 9 0
11 1 12 10 0
11 1 12 11 0
11 1 12 12 0
11 1 12 13 0
11 1 12 14 0
11 1 12 15 0
11 1 13 0 0
11 1 13 1 0
11 1 13 2 0
11 1 13 3 0
11 1 13 4 0
11 1 13 5 0
11 1 13 6 0
11 1 13 7 0
11 1 13 8 0
11 1 13 9 0
11 1 13 10 0
11 1 13 11 0
11 1 13 12 0
11 1 13 13 0
11 1 13 14 0
11 1 13 15 0
11 1 14 0 0
11 1 14 1 -0.0006613572682336858
11 1 14 2 0
11 1 14 3 0
11 1 14 4 0
11 1 14 5 0
11 1 14 6 0
11 1 14 7 0
11 1 14 8 0
11 1 14 9 0
11 1 14 10 0
11 1 14 11 0
11 1 14 12 0
11 1 14 13 0
11 1 14 14 0
11 1 14 15 0
11 1 15 0 2.900536677955737e-05
11 1 15 1 0
11 1 15 2 7.966578236556782e-05
11 1 15 3 0
11 1 15 4 0
11 1 15 5 0
11 1 15 6 0
11 1 15 7 0
11 1 15 8 0
11 1 15 9 0
11 1 15 10 0
11 1 15 11 0
11 1 15 12 0
11 1 15 13 0
11 1 15 14 0
11 1 15 15 0
11 2 0 0 0
11 2 0 1 0
11 2 0 2 -0.007976358010293894
11 2 0 3 0
11 2 0 4 0
11 2 0 5 0
11 2 0 6 0
11 2 0 7 0
11 2 0 8 0
11 2 0 9 0
11 2 0 10 0
11 2 0 11 0.0001336541507251964
11 2 0 12 0
11 2 0 13 0
11 2 0 14 -0.0002003598415016978
11 2 0 15 0
11 2 1 0 0
11 2 1 1 0
11 2 1 2 0
11 2 1 3 0
11 2 1 4 0
11 2 1 5 0
11 2 1 6 0
11 2 1 7 0
11 2 1 8 0
11 2 1 9 0
11 2 1 10 0
11 2 1 11 0
11 2 1 12 0
11 2 1 13 0
11 2 1 14 0
11 2 1 15 0
11 2 2 0 0.003988179005146947
11 2 2 1 0
11 2 2 2 -0.0109148470248204
11 2 2 3 0
11 2 2 4 0
11 2 2 5 0
11 2 2 6 0
11 2 2 7 0
11 2 2 8 0
11 2 2 9 0
11 2 2 10 0
11 2 2 11 0.0001449449274677284
11 2 2 12 0
11 2 2 13 0
11 2 2 14 -0.0002370394210643529
11 2 2 15 0
11 2 3 0 0
11 2 3 1 0
11 2 3 2 0
11 2 3 3 0
11 2 3 4 0
11 2 3 5 0
11 2 3 6 0
11 2 3 7 0
11 2 3 8 0
11 2 3 9 0
11 2 3 10 0
11 2 3 11 0
11 2 3 12 0
11 2 3 13 0
11 2 3 14 0
11 2 3 15 0
11 2 4 0 0
11 2 4 1 0
11 2 4 2 0
11 2 4 3 0
11 2 4 4 0
11 2 4 5 0
11 2 4 6 0
11 2 4 7 0
11 2 4 8 0
11 2 4 9 0
11 2 4 10 0
11 2 4 11 0
11 2 4 12 0
11 2 4 13 0
11 2 4 14 0
11 2 4 15 0
11 2 5 0 0
11 2 5 1 0
11 2 5 2 0
11 2 5 3 0
11 2 5 4 0
11 2 5 5 0
11 2 5 6 0
11 2 5 7 0
11 2 5 8 0
11 2 5 9 0
11 2 5 10 0
11 2 5 11 0
11 2 5 12 0
11 2 5 13 0
11 2 5 14 0
11 2 5 15 0
11 2 6 0 0
11 2 6 1 0
11 2 6 2 0
11 2 6 3 0
11 2 6 4 0
11 2 6 5 0
11 2 6 6 0
11 2 6 7 0
11 2 6 8 0
11 2 6 9 0
11 2 6 10 0
11 2 6 11 0
11 2 6 12 0
11 2 6 13 0
11 2 6 14 0
11 2 6 15 0
11 2 7 0 0
11 2 7 1 0
11 2 7 2 0
11 2 7 3 0
11 2 7 4 0
11 2 7 5 0
11 2 7 6 0
11 2 7 7 0.005034638692061991
11 2 7 8 0
11 2 7 9 0
11 2 7 10 0
11 2 7 11 0
11 2 7 12 0
11 2 7 13 0
11 2 7 14 0
11 2 7 15 0
11 2 8 0 0
11 2 8 1 0
11 2 8 2 0
11 2 8 3 0
11 2 8 4 0
11 2 8 5 0
11 2 8 6 0
11 2 8 7 0
11 2 8 8 0
11 2 8 9 0
11 2 8 10 0
11 2 8 11 0
11 2 8 12 0
11 2 8 13 0
11 2 8 14 0
11 2 8 15 0
11 2 9 0 0
11 2 9 1 0
11 2 9 2 0
11 2 9 3 0
11 2 9 4 0
11 2 9 5 0
11 2 9 6 0
11 2 9 7 0
11 2 9 8 0
11 2 9 9 0
11 2 9 10 0
11 2 9 11 0
11 2 9 12 0
11 2 9 13 0
11 2 9 14 0
11 2 9 15 0
11 2 10 0 0
11 2 10 1 0
11 2 10 2 0
11 2 10 3 0
11 2 10 4 0
11 2 10 5 0
11 2 10 6 0
11 2 10 7 0
11 2 10 8 0
11 2 10 9 0
11 2 10 10 0
11 2 10 11 0
11 2 10 12 0
11 2 10 13 0
11 2 10 14 0
11 2 10 15 0
11 2 11 0 -7.063527626323503e-05
11 2 11 1 0
11 2 11 2 0.0002494302204681799
11 2 11 3 0
11 2 11 4 0
11 2 11 5 0
11 2 11 6 0
11 2 11 7 0
11 2 11 8 0
11 2 11 9 0
11 2 11 10 0
11 2 11 11 0
11 2 11 12 0
11 2 11 13 0
11 2 11 14 0
11 2 11 15 0
11 2 12 0 0
11 2 12 1 0
11 2 12 2 0
11 2 12 3 0
11 2 12 4 0
11 2 12 5 0
11 2 12 6 0
11 2 12 7 0
11 2 12 8 0
11 2 12 9 0
11 2 12 10 0
11 2 12 11 0
11 2 12 12 0
11 2 12 13 0
11 2 12 14 0
11 2 12 15 0
11 2 13 0 0
11 2 13 1 0
11 2 13 2 0
11 2 13 3 0
11 2 13 4 0
11 2 13 5 0
11 2 13 6 0
11 2 13 7 0
11 2 13 8 0
11 2 13 9 0
11 2 13 10 0
11 2 13 11 0
11 2 13 12 0
11 2 13 13 0
11 2 13 14 0
11 2 13 15 0
11 2 14 0 0.0001149710420955401
11 2 14 1 0
11 2 14 2 -0.0003306786341168429
11 2 14 3 0
11 2 14 4 0
11 2 14 5 0
11 2 14 6 0
11 2 14 7 0
11 2 14 8 0
11 2 14 9 0
11 2 14 10 0
11 2 14 11 0
11 2 14 12 0
11 2 14 13 0
11 2 14 14 0
11 2 14 15 0
11 2 15 0 0
11 2 15 1 0
11 2 15 2 0
11 2 15 3 0
11 2 15 4 0
11 2 15 5 0
11 2 15 6 0
11 2 15 7 0
11 2 15 8 0
11 2 15 9 0
11 2 15 10 0
11 2 15 11 0
11 2 15 12 0
11 2 15 13 0
11 2 15 14 0
11 2 15 15 0
11 3 0 0 0
11 3 0 1 0
11 3 0 2 0
11 3 0 3 -0.004782626860835075
11 3 0 4 0
11 3 0 5 0
11 3 0 6 0
11 3 0 7 0
11 3 0 8 -0.0002859657606227859
11 3 0 9 0
11 3 0 10 0
11 3 0 11 0
11 3 0 12 0
11 3 0 13 0
11 3 0 14 0
11 3 0 15 0
11 3 1 0 0
11 3 1 1 0
11 3 1 2 0
11 3 1 3 0
11 3 1 4 0
11 3 1 5 0
11 3 1 6 0
11 3 1 7 0
11 3 1 8 0
11 3 1 9 0
11 3 1 10 0
11 3 1 11 0
11 3 1 12 0
11 3 1 13 0
11 3 1 14 0
11 3 1 15 0
11 3 2 0 0
11 3 2 1 0
11 3 2 2 0
11 3 2 3 -0.0109148470248204
11 3 2 4 0
11 3 2 5 0
11 3 2 6 0
11 3 2 7 0
11 3 2 8 -0.0008077422850769408
11 3 2 9 0
11 3 2 10 0
11 3 2 11 0
11 3 2 12 0
11 3 2 13 0
11 3 2 14 0
11 3 2 15 0
11 3 3 0 0.00314403729316711
11 3 3 1 0
11 3 3 2 0.005887315763793921
11 3 3 3 0
11 3 3 4 0
11 3 3 5 0
11 3 3 6 0
11 3 3 7 0
11 3 3 8 0
11 3 3 9 0
11 3 3 10 0
11 3 3 11 -0.0001304915127412974
11 3 3 12 0
11 3 3 13 0
11 3 3 14 0.000211872974850059
11 3 3 15 0
11 3 4 0 0
11 3 4 1 0
11 3 4 2 0
11 3 4 3 0
11 3 4 4 0
11 3 4 5 0
11 3 4 6 0
11 3 4 7 0
11 3 4 8 0
11 3 4 9 0
11 3 4 10 0
11 3 4 11 0
11 3 4 12 0
11 3 4 13 0
11 3 4 14 0
11 3 4 15 0
11 3 5 0 0
11 3 5 1 0
11 3 5 2 0
11 3 5 3 0
11 3 5 4 0
11 3 5 5 0
11 3 5 6 0
11 3 5 7 0
11 3 5 8 0
11 3 5 9 0
11 3 5 10 0
11 3 5 11 0
11 3 5 12 0
11 3 5 13 0
11 3 5 14 0
11 3 5 15 0
11 3 6 0 0
11 3 6 1 0
11 3 6 2 0
11 3 6 3 0
11 3 6 4 0
11 3 6 5 0
11 3 6 6 0
11 3 6 7 -0.002740636281568164
11 3 6 8 0
11 3 6 9 0
11 3 6 10 0
11 3 6 11 0
11 3 6 12 0
11 3 6 13 0
11 3 6 14 0
11 3 6 15 0
11 3 7 0 0
11 3 7 1 0
11 3 7 2 0
11 3 7 3 0
11 3 7 4 0
11 3 7 5 0
11 3 7 6 0.0007842628781144723
11 3 7 7 0
11 3 7 8 0
11 3 7 9 0
11 3 7 10 0
11 3 7 11 0
11 3 7 12 0
11 3 7 13 0
11 3 7 14 0
11 3 7 15 0
11 3 8 0 0.0001904619964152033
11 3 8 1 0
11 3 8 2 0.000481693270696412
11 3 8 3 0
11 3 8 4 0
11 3 8 5 0
11 3 8 6 0
11 3 8 7 0
11 3 8 8 0
11 3 8 9 0
11 3 8 10 0
11 3 8 11 0
11 3 8 12 0
11 3 8 13 0
11 3 8 14 0
11 3 8 15 0
11 3 9 0 0
11 3 9 1 0
11 3 9 2 0
11 3 9 3 0
11 3 9 4 0
11 3 9 5 0
11 3 9 6 0
11 3 9 7 0
11 3 9 8 0
11 3 9 9 0
11 3 9 10 0
11 3 9 11 0
11 3 9 12 0
11 3 9 13 0
11 3 9 14 0
11 3 9 15 0
11 3 10 0 0
11 3 10 1 0
11 3 10 2 0
11 3 10 3 0
11 3 10 4 0
11 3 10 5 0
11 3 10 6 0
11 3 10 7 0
11 3 10 8 0
11 3 10 9 0
11 3 10 10 0
11 3 10 11 0
11 3 10 12 0
11 3 10 13 0
11 3 10 14 0
11 3 10 15 0
11 3 11 0 0
11 3 11 1 0
11 3 11 2 0
11 3 11 3 0.0002293950051942997
11 3 11 4 0
11 3 11 5 0
11 3 11 6 0
11 3 11 7 0
11 3 11 8 0
11 3 11 9 0
11 3 11 10 0
11 3 11 11 0
11 3 11 12 0
11 3 11 13 0
11 3 11 14 0
11 3 11 15 0
11 3 12 0 0
11 3 12 1 0
11 3 12 2 0
11 3 12 3 0
11 3 12 4 0
11 3 12 5 0
11 3 12 6 0
11 3 12 7 0
11 3 12 8 0
11 3 12 9 0
11 3 12 10 0
11 3 12 11 0
11 3 12 12 0
11 3 12 13 0
11 3 12 14 0
11 3 12 15 0
11 3 13 0 0
11 3 13 1 0
11 3 13 2 0
11 3 13 3 0
11 3 13 4 0
11 3 13 5 0
11 3 13 6 0
11 3 13 7 0
11 3 13 8 0
11 3 13 9 0
11 3 13 10 0
11 3 13 11 0
11 3 13 12 0
11 3 13 13 0
11 3 13 14 0
11 3 13 15 0
11 3 14 0 0
11 3 14 1 0
11 3 14 2 0
11 3 14 3 -0.000330678634116843
11 3 14 4 0
11 3 14 5 0
11 3 14 6 0
11 3 14 7 0
11 3 14 8 0
11 3 14 9 0
11 3 14 10 0
11 3 14 11 0
11 3 14 12 0
11 3 14 13 0
11 3 14 14 0
11 3 14 15 0
11 3 15 0 0
11 3 15 1 0
11 3 15 2 0
11 3 15 3 0
11 3 15 4 0
11 3 15 5 0
11 3 15 6 0
11 3 15 7 0
11 3 15 8 0
11 3 15 9 0
11 3 15 10 0
11 3 15 11 0
11 3 15 12 0
11 3 15 13 0
11 3 15 14 0
11 3 15 15 0
11 4 0 0 0
11 4 0 1 0
11 4 0 2 0
11 4 0 3 0
11 4 0 4 -0.004782626860835075
11 4 0 5 0
11 4 0 6 0
11 4 0 7 0
11 4 0 8 0
11 4 0 9 -0.0002799206997615772
11 4 0 10 0
11 4 0 11 0
11 4 0 12 0
11 4 0 13 0
11 4 0 14 0
11 4 0 15 0
11 4 1 0 0
11 4 1 1 0
11 4 1 2 0
11 4 1 3 0
11 4 1 4 0
11 4 1 5 0
11 4 1 6 0
11 4 1 7 0
11 4 1 8 0
11 4 1 9 0
11 4 1 10 0
11 4 1 11 0
11 4 1 12 0
11 4 1 13 0
11 4 1 14 0
11 4 1 15 0
11 4 2 0 0
11 4 2 1 0
11 4 2 2 0
11 4 2 3 0
11 4 2 4 -0.0109148470248204
11 4 2 5 0
11 4 2 6 0
11 4 2 7 0
11 4 2 8 0
11 4 2 9 -0.0007983808380796879
11 4 2 10 0
11 4 2 11 0
11 4 2 12 0
11 4 2 13 0
11 4 2 14 0
11 4 2 15 0
11 4 3 0 0
11 4 3 1 0
11 4 3 2 0
11 4 3 3 0
11 4 3 4 0
11 4 3 5 0
11 4 3 6 0
11 4 3 7 0
11 4 3 8 0
11 4 3 9 0
11 4 3 10 0
11 4 3 11 0
11 4 3 12 0
11 4 3 13 0
11 4 3 14 0
11 4 3 15 0
11 4 4 0 0.003111540290750442
11 4 4 1 0
11 4 4 2 0.007414453721714688
11 4 4 3 0
11 4 4 4 0
11 4 4 5 0
11 4 4 6 0
11 4 4 7 0
11 4 4 8 0
11 4 4 9 0
11 4 4 10 0
11 4 4 11 -0.0001816529661784561
11 4 4 12 0
11 4 4 13 0
11 4 4 14 0.0003105525713976463
11 4 4 15 0
11 4 5 0 0
11 4 5 1 0
11 4 5 2 0
11 4 5 3 0
11 4 5 4 0
11 4 5 5 0
11 4 5 6 0
11 4 5 7 0
11 4 5 8 0
11 4 5 9 0
11 4 5 10 0
11 4 5 11 0
11 4 5 12 0
11 4 5 13 0
11 4 5 14 0
11 4 5 15 0
11 4 6 0 0
11 4 6 1 0
11 4 6 2 0
11 4 6 3 0
11 4 6 4 0
11 4 6 5 0
11 4 6 6 0
11 4 6 7 0
11 4 6 8 0
11 4 6 9 0
11 4 6 10 0
11 4 6 11 0
11 4 6 12 0
11 4 6 13 0
11 4 6 14 0
11 4 6 15 0
11 4 7 0 0
11 4 7 1 0
11 4 7 2 0
11 4 7 3 0
11 4 7 4 0
11 4 7 5 0
11 4 7 6 0
11 4 7 7 0
11 4 7 8 0
11 4 7 9 0
11 4 7 10 0
11 4 7 11 0
11 4 7 12 0
11 4 7 13 0
11 4 7 14 0
11 4 7 15 0
11 4 8 0 0
11 4 8 1 0
11 4 8 2 0
11 4 8 3 0
11 4 8 4 0
11 4 8 5 0
11 4 8 6 0
11 4 8 7 0
11 4 8 8 0
11 4 8 9 0
11 4 8 10 0
11 4 8 11 0
11 4 8 12 0
11 4 8 13 0
11 4 8 14 0
11 4 8 15 0
11 4 9 0 0.0001901461809683402
11 4 9 1 0
11 4 9 2 0.0005478703264683268
11 4 9 3 0
11 4 9 4 0
11 4 9 5 0
11 4 9 6 0
11 4 9 7 0
11 4 9 8 0
11 4 9 9 0
11 4 9 10 0
11 4 9 11 0
11 4 9 12 0
11 4 9 13 0
11 4 9 14 0
11 4 9 15 0
11 4 10 0 0
11 4 10 1 0
11 4 10 2 0
11 4 10 3 0
11 4 10 4 0
11 4 10 5 0
11 4 10 6 0
11 4 10 7 0
11 4 10 8 0
11 4 10 9 0
11 4 10 10 0
11 4 10 11 0
11 4 10 12 0
11 4 10 13 0
11 4 10 14 0
11 4 10 15 0
11 4 11 0 0
11 4 11 1 0
11 4 11 2 0
11 4 11 3 0
11 4 11 4 0.0002293950051942997
11 4 11 5 0
11 4 11 6 0
11 4 11 7 0
11 4 11 8 0
11 4 11 9 0
11 4 11 10 0
11 4 11 11 0
11 4 11 12 0
11 4 11 13 0
11 4 11 14 0
11 4 11 15 0
11 4 12 0 0
11 4 12 1 0
11 4 12 2 0
11 4 12 3 0
11 4 12 4 0
11 4 12 5 0
11 4 12 6 0
11 4 12 7 0
11 4 12 8 0
11 4 12 9 0
11 4 12 10 0
11 4 12 11 0
11 4 12 12 0
11 4 12 13 0
11 4 12 14 0
11 4 12 15 0
11 4 13 0 0
11 4 13 1 0
11 4 13 2 0
11 4 13 3 0
11 4 13 4 0
11 4 13 5 0
11 4 13 6 0
11 4 13 7 0
11 4 13 8 0
11 4 13 9 0
11 4 13 10 0
11 4 13 11 0
11 4 13 12 0
11 4 13 13 0
11 4 13 14 0
11 4 13 15 0
11 4 14 0 0
11 4 14 1 0
11 4 14 2 0
11 4 14 3 0
11 4 14 4 -0.000330678634116843
11 4 14 5 0
11 4 14 6 0
11 4 14 7 0
11 4 14 8 0
11 4 14 9 0
11 4 14 10 0
11 4 14 11 0
11 4 14 12 0
11 4 14 13 0
11 4 14 14 0
11 4 14 15 0
11 4 15 0 0
11 4 15 1 0
11 4 15 2 0
11 4 15 3 0
11 4 15 4 0
11 4 15 5 0
11 4 15 6 0
11 4 15 7 0
11 4 15 8 0
11 4 15 9 0
11 4 15 10 0
11 4 15 11 0
11 4 15 12 0
11 4 15 13 0
11 4 15 14 0
11 4 15 15 0
11 5 0 0 0
11 5 0 1 0
11 5 0 2 0
11 5 0 3 0
11 5 0 4 0
11 5 0 5 -0.004782626860835075
11 5 0 6 0
11 5 0 7 0
11 5 0 8 0
11 5 0 9 0
11 5 0 10 0
11 5 0 11 0
11 5 0 12 -0.0002553689772272461
11 5 0 13 0
11 5 0 14 0
11 5 0 15 0
11 5 1 0 0
11 5 1 1 0
11 5 1 2 0
11 5 1 3 0
11 5 1 4 0
11 5 1 5 0
11 5 1 6 0
11 5 1 7 0
11 5 1 8 0
11 5 1 9 0
11 5 1 10 0
11 5 1 11 0
11 5 1 12 0
11 5 1 13 0
11 5 1 14 0
11 5 1 15 0
11 5 2 0 0
11 5 2 1 0
11 5 2 2 0
11 5 2 3 0
11 5 2 4 0
11 5 2 5 -0.01091484702482039
11 5 2 6 0
11 5 2 7 0
11 5 2 8 0
11 5 2 9 0
11 5 2 10 0
11 5 2 11 0
11 5 2 12 -0.000674895612321308
11 5 2 13 0
11 5 2 14 0
11 5 2 15 0
11 5 3 0 0
11 5 3 1 0
11 5 3 2 0
11 5 3 3 0
11 5 3 4 0
11 5 3 5 0
11 5 3 6 0
11 5 3 7 0
11 5 3 8 0
11 5 3 9 0
11 5 3 10 0
11 5 3 11 0
11 5 3 12 0
11 5 3 13 0
11 5 3 14 0
11 5 3 15 0
11 5 4 0 0
11 5 4 1 0
11 5 4 2 0
11 5 4 3 0
11 5 4 4 0
11 5 4 5 0
11 5 4 6 0
11 5 4 7 -0.0007764188971342496
11 5 4 8 0
11 5 4 9 0
11 5 4 10 0
11 5 4 11 0
11 5 4 12 0
11 5 4 13 0
11 5 4 14 0
11 5 4 15 0
11 5 5 0 0.001676519416363934
11 5 5 1 0
11 5 5 2 0.004487562050258509
11 5 5 3 0
11 5 5 4 0
11 5 5 5 0
11 5 5 6 0
11 5 5 7 0
11 5 5 8 0
11 5 5 9 0
11 5 5 10 0
11 5 5 11 -7.397653946669329e-05
11 5 5 12 0
11 5 5 13 0
11 5 5 14 6.26474185968882e-05
11 5 5 15 0
11 5 6 0 0
11 5 6 1 0
11 5 6 2 0
11 5 6 3 0
11 5 6 4 0
11 5 6 5 0
11 5 6 6 0
11 5 6 7 0
11 5 6 8 0
11 5 6 9 0
11 5 6 10 0
11 5 6 11 0
11 5 6 12 0
11 5 6 13 0
11 5 6 14 0
11 5 6 15 0
11 5 7 0 0
11 5 7 1 0
11 5 7 2 0
11 5 7 3 0
11 5 7 4 -0.001070526327524868
11 5 7 5 0
11 5 7 6 0
11 5 7 7 0
11 5 7 8 0
11 5 7 9 0
11 5 7 10 0
11 5 7 11 0
11 5 7 12 0
11 5 7 13 0
11 5 7 14 0
11 5 7 15 0
11 5 8 0 0
11 5 8 1 0
11 5 8 2 0
11 5 8 3 0
11 5 8 4 0
11 5 8 5 0
11 5 8 6 0
11 5 8 7 0
11 5 8 8 0
11 5 8 9 0
11 5 8 10 0
11 5 8 11 0
11 5 8 12 0
11 5 8 13 0
11 5 8 14 0
11 5 8 15 0
11 5 9 0 0
11 5 9 1 0
11 5 9 2 0
11 5 9 3 0
11 5 9 4 0
11 5 9 5 0
11 5 9 6 0
11 5 9 7 0
11 5 9 8 0
11 5 9 9 0
11 5 9 10 0
11 5 9 11 0
11 5 9 12 0
11 5 9 13 0
11 5 9 14 0
11 5 9 15 0
11 5 10 0 0
11 5 10 1 0
11 5 10 2 0
11 5 10 3 0
11 5 10 4 0
11 5 10 5 0
11 5 10 6 0
11 5 10 7 0
11 5 10 8 0
11 5 10 9 0
11 5 10 10 0
11 5 10 11 0
11 5 10 12 0
11 5 10 13 0
11 5 10 14 0
11 5 10 15 0
11 5 11 0 0
11 5 11 1 0
11 5 11 2 0
11 5 11 3 0
11 5 11 4 0
11 5 11 5 0.0002293950051942997
11 5 11 6 0
11 5 11 7 0
11 5 11 8 0
11 5 11 9 0
11 5 11 10 0
11 5 11 11 0
11 5 11 12 0
11 5 11 13 0
11 5 11 14 0
11 5 11 15 0
11 5 12 0 0.0001093681787962762
11 5 12 1 0
11 5 12 2 0.0002870223226814401
11 5 12 3 0
11 5 12 4 0
11 5 12 5 0
11 5 12 6 0
11 5 12 7 0
11 5 12 8 0
11 5 12 9 0
11 5 12 10 0
11 5 12 11 0
11 5 12 12 0
11 5 12 13 0
11 5 12 14 0
11 5 12 15 0
11 5 13 0 0
11 5 13 1 0
11 5 13 2 0
11 5 13 3 0
11 5 13 4 0
11 5 13 5 0
11 5 13 6 0
11 5 13 7 0
11 5 13 8 0
11 5 13 9 0
11 5 13 10 0
11 5 13 11 0
11 5 13 12 0
11 5 13 13 0
11 5 13 14 0
11 5 13 15 0
11 5 14 0 0
11 5 14 1 0
11 5 14 2 0
11 5 14 3 0
11 5 14 4 0
11 5 14 5 -0.0003306786341168429
11 5 14 6 0
11 5 14 7 0
11 5 14 8 0
11 5 14 9 0
11 5 14 10 0
11 5 14 11 0
11 5 14 12 0
11 5 14 13 0
11 5 14 14 0
11 5 14 15 0
11 5 15 0 0
11 5 15 1 0
11 5 15 2 0
11 5 15 3 0
11 5 15 4 0
11 5 15 5 0
11 5 15 6 0
11 5 15 7 0
11 5 15 8 0
11 5 15 9 0
11 5 15 10 0
11 5 15 11 0
11 5 15 12 0
11 5 15 13 0
11 5 15 14 0
11 5 15 15 0
11 6 0 0 0
11 6 0 1 0
11 6 0 2 0
11 6 0 3 0
11 6 0 4 0
11 6 0 5 0
11 6 0 6 -0.004782626860835075
11 6 0 7 0
11 6 0 8 0
11 6 0 9 0
11 6 0 10 0
11 6 0 11 0
11 6 0 12 0
11 6 0 13 -0.000252295891708854
11 6 0 14 0
11 6 0 15 0
11 6 1 0 0
11 6 1 1 0
11 6 1 2 0
11 6 1 3 0
11 6 1 4 0
11 6 1 5 0
11 6 1 6 0
11 6 1 7 0
11 6 1 8 0
11 6 1 9 0
11 6 1 10 0
11 6 1 11 0
11 6 1 12 0
11 6 1 13 0
11 6 1 14 0
11 6 1 15 0
11 6 2 0 0
11 6 2 1 0
11 6 2 2 0
11 6 2 3 0
11 6 2 4 0
11 6 2 5 0
11 6 2 6 -0.0109148470248204
11 6 2 7 0
11 6 2 8 0
11 6 2 9 0
11 6 2 10 0
11 6 2 11 0
11 6 2 12 0
11 6 2 13 -0.0006584518467963494
11 6 2 14 0
11 6 2 15 0
11 6 3 0 0
11 6 3 1 0
11 6 3 2 0
11 6 3 3 0
11 6 3 4 0
11 6 3 5 0
11 6 3 6 0
11 6 3 7 -0.002521246628625187
11 6 3 8 0
11 6 3 9 0
11 6 3 10 0
11 6 3 11 0
11 6 3 12 0
11 6 3 13 0
11 6 3 14 0
11 6 3 15 0
11 6 4 0 0
11 6 4 1 0
11 6 4 2 0
11 6 4 3 0
11 6 4 4 0
11 6 4 5 0
11 6 4 6 0
11 6 4 7 0
11 6 4 8 0
11 6 4 9 0
11 6 4 10 0
11 6 4 11 0
11 6 4 12 0
11 6 4 13 0
11 6 4 14 0
11 6 4 15 0
11 6 5 0 0
11 6 5 1 0
11 6 5 2 0
11 6 5 3 0
11 6 5 4 0
11 6 5 5 0
11 6 5 6 0
11 6 5 7 0
11 6 5 8 0
11 6 5 9 0
11 6 5 10 0
11 6 5 11 0
11 6 5 12 0
11 6 5 13 0
11 6 5 14 0
11 6 5 15 0
11 6 6 0 0.001633156721388663
11 6 6 1 0
11 6 6 2 0.004040362513873673
11 6 6 3 0
11 6 6 4 0
11 6 6 5 0
11 6 6 6 0
11 6 6 7 0
11 6 6 8 0
11 6 6 9 0
11 6 6 10 0
11 6 6 11 -4.039155261578921e-05
11 6 6 12 0
11 6 6 13 0
11 6 6 14 -1.735490966339769e-05
11 6 6 15 0
11 6 7 0 0
11 6 7 1 0
11 6 7 2 0
11 6 7 3 -0.0009005896282465221
11 6 7 4 0
11 6 7 5 0
11 6 7 6 0
11 6 7 7 0
11 6 7 8 0
11 6 7 9 0
11 6 7 10 0
11 6 7 11 0
11 6 7 12 0
11 6 7 13 0
11 6 7 14 0
11 6 7 15 0
11 6 8 0 0
11 6 8 1 0
11 6 8 2 0
11 6 8 3 0
11 6 8 4 0
11 6 8 5 0
11 6 8 6 0
11 6 8 7 0
11 6 8 8 0
11 6 8 9 0
11 6 8 10 0
11 6 8 11 0
11 6 8 12 0
11 6 8 13 0
11 6 8 14 0
11 6 8 15 0
11 6 9 0 0
11 6 9 1 0
11 6 9 2 0
11 6 9 3 0
11 6 9 4 0
11 6 9 5 0
11 6 9 6 0
11 6 9 7 0
11 6 9 8 0
11 6 9 9 0
11 6 9 10 0
11 6 9 11 0
11 6 9 12 0
11 6 9 13 0
11 6 9 14 0
11 6 9 15 0
11 6 10 0 0
11 6 10 1 0
11 6 10 2 0
11 6 10 3 0
11 6 10 4 0
11 6 10 5 0
11 6 10 6 0
11 6 10 7 0
11 6 10 8 0
11 6 10 9 0
11 6 10 10 0
11 6 10 11 0
11 6 10 12 0
11 6 10 13 0
11 6 10 14 0
11 6 10 15 0
11 6 11 0 0
11 6 11 1 0
11 6 11 2 0
11 6 11 3 0
11 6 11 4 0
11 6 11 5 0
11 6 11 6 0.0002293950051942997
11 6 11 7 0
11 6 11 8 0
11 6 11 9 0
11 6 11 10 0
11 6 11 11 0
11 6 11 12 0
11 6 11 13 0
11 6 11 14 0
11 6 11 15 0
11 6 12 0 0
11 6 12 1 0
11 6 12 2 0
11 6 12 3 0
11 6 12 4 0
11 6 12 5 0
11 6 12 6 0
11 6 12 7 0
11 6 12 8 0
11 6 12 9 0
11 6 12 10 0
11 6 12 11 0
11 6 12 12 0
11 6 12 13 0
11 6 12 14 0
11 6 12 15 0
11 6 13 0 0.0001066631911930183
11 6 13 1 0
11 6 13 2 0.0002951742179239154
11 6 13 3 0
11 6 13 4 0
11 6 13 5 0
11 6 13 6 0
11 6 13 7 0
11 6 13 8 0
11 6 13 9 0
11 6 13 10 0
11 6 13 11 0
11 6 13 12 0
11 6 13 13 0
11 6 13 14 0
11 6 13 15 0
11 6 14 0 0
11 6 14 1 0
11 6 14 2 0
11 6 14 3 0
11 6 14 4 0
11 6 14 5 0
11 6 14 6 -0.000330678634116843
11 6 14 7 0
11 6 14 8 0
11 6 14 9 0
11 6 14 10 0
11 6 14 11 0
11 6 14 12 0
11 6 14 13 0
11 6 14 14 0
11 6 14 15 0
11 6 15 0 0
11 6 15 1 0
11 6 15 2 0
11 6 15 3 0
11 6 15 4 0
11 6 15 5 0
11 6 15 6 0
11 6 15 7 0
11 6 15 8 0
11 6 15 9 0
11 6 15 10 0
11 6 15 11 0
11 6 15 12 0
11 6 15 13 0
11 6 15 14 0
11 6 15 15 0
11 7 0 0 0
11 7 0 1 0
11 7 0 2 0
11 7 0 3 0
11 7 0 4 0
11 7 0 5 0
11 7 0 6 0
11 7 0 7 -0.001588895711376255
11 7 0 8 0
11 7 0 9 0
11 7 0 10 0
11 7 0 11 0
11 7 0 12 0
11 7 0 13 0
11 7 0 14 0
11 7 0 15 0
11 7 1 0 0
11 7 1 1 0
11 7 1 2 0
11 7 1 3 0
11 7 1 4 0
11 7 1 5 0
11 7 1 6 0
11 7 1 7 0
11 7 1 8 0
11 7 1 9 0
11 7 1 10 0
11 7 1 11 0
11 7 1 12 0
11 7 1 13 0
11 7 1 14 0
11 7 1 15 0
11 7 2 0 0
11 7 2 1 0
11 7 2 2 0
11 7 2 3 0
11 7 2 4 0
11 7 2 5 0
11 7 2 6 0
11 7 2 7 0
11 7 2 8 0
11 7 2 9 0
11 7 2 10 0
11 7 2 11 0
11 7 2 12 0
11 7 2 13 0
11 7 2 14 0
11 7 2 15 0
11 7 3 0 0
11 7 3 1 0
11 7 3 2 0
11 7 3 3 0
11 7 3 4 0
11 7 3 5 0
11 7 3 6 0
11 7 3 7 0
11 7 3 8 0
11 7 3 9 0
11 7 3 10 0
11 7 3 11 0
11 7 3 12 0
11 7 3 13 0
11 7 3 14 0
11 7 3 15 0
11 7 4 0 0
11 7 4 1 0
11 7 4 2 0
11 7 4 3 0
11 7 4 4 0
11 7 4 5 0
11 7 4 6 0
11 7 4 7 0
11 7 4 8 0
11 7 4 9 0
11 7 4 10 0
11 7 4 11 0
11 7 4 12 0
11 7 4 13 0
11 7 4 14 0
11 7 4 15 0
11 7 5 0 0
11 7 5 1 0
11 7 5 2 0
11 7 5 3 0
11 7 5 4 0
11 7 5 5 0
11 7 5 6 0
11 7 5 7 0
11 7 5 8 0
11 7 5 9 0
11 7 5 10 0
11 7 5 11 0
11 7 5 12 0
11 7 5 13 0
11 7 5 14 0
11 7 5 15 0
11 7 6 0 0
11 7 6 1 0
11 7 6 2 0
11 7 6 3 0
11 7 6 4 0
11 7 6 5 0
11 7 6 6 0
11 7 6 7 0
11 7 6 8 0
11 7 6 9 0
11 7 6 10 0
11 7 6 11 0
11 7 6 12 0
11 7 6 13 0
11 7 6 14 0
11 7 6 15 0
11 7 7 0 0.0007944478556881276
11 7 7 1 0
11 7 7 2 0
11 7 7 3 0
11 7 7 4 0
11 7 7 5 0
11 7 7 6 0
11 7 7 7 0
11 7 7 8 0
11 7 7 9 0
11 7 7 10 0
11 7 7 11 -6.212873390733026e-06
11 7 7 12 0
11 7 7 13 0
11 7 7 14 0
11 7 7 15 0
11 7 8 0 0
11 7 8 1 0
11 7 8 2 0
11 7 8 3 0
11 7 8 4 0
11 7 8 5 0
11 7 8 6 0
11 7 8 7 0
11 7 8 8 0
11 7 8 9 0
11 7 8 10 0
11 7 8 11 0
11 7 8 12 0
11 7 8 13 0
11 7 8 14 0
11 7 8 15 0
11 7 9 0 0
11 7 9 1 0
11 7 9 2 0
11 7 9 3 0
11 7 9 4 0
11 7 9 5 0
11 7 9 6 0
11 7 9 7 0
11 7 9 8 0
11 7 9 9 0
11 7 9 10 0
11 7 9 11 0
11 7 9 12 0
11 7 9 13 0
11 7 9 14 0
11 7 9 15 0
11 7 10 0 0
11 7 10 1 0
11 7 10 2 0
11 7 10 3 0
11 7 10 4 0
11 7 10 5 0
11 7 10 6 0
11 7 10 7 0
11 7 10 8 0
11 7 10 9 0
11 7 10 10 0
11 7 10 11 0
11 7 10 12 0
11 7 10 13 0
11 7 10 14 0
11 7 10 15 0
11 7 11 0 0
11 7 11 1 0
11 7 11 2 0
11 7 11 3 0
11 7 11 4 0
11 7 11 5 0
11 7 11 6 0
11 7 11 7 1.242574678146605e-05
11 7 11 8 0
11 7 11 9 0
11 7 11 10 0
11 7 11 11 0
11 7 11 12 0
11 7 11 13 0
11 7 11 14 0
11 7 11 15 0
11 7 12 0 0
11 7 12 1 0
11 7 12 2 0
11 7 12 3 0
11 7 12 4 0
11 7 12 5 0
11 7 12 6 0
11 7 12 7 0
11 7 12 8 0
11 7 12 9 0
11 7 12 10 0
11 7 12 11 0
11 7 12 12 0
11 7 12 13 0
11 7 12 14 0
11 7 12 15 0
11 7 13 0 0
11 7 13 1 0
11 7 13 2 0
11 7 13 3 0
11 7 13 4 0
11 7 13 5 0
11 7 13 6 0
11 7 13 7 0
11 7 13 8 0
11 7 13 9 0
11 7 13 10 0
11 7 13 11 0
11 7 13 12 0
11 7 13 13 0
11 7 13 14 0
11 7 13 15 0
11 7 14 0 0
11 7 14 1 0
11 7 14 2 0
11 7 14 3 0
11 7 14 4 0
11 7 14 5 0
11 7 14 6 0
11 7 14 7 0
11 7 14 8 0
11 7 14 9 0
11 7 14 10 0
11 7 14 11 0
11 7 14 12 0
11 7 14 13 0
11 7 14 14 0
11 7 14 15 0
11 7 15 0 0
11 7 15 1 0
11 7 15 2 0
11 7 15 3 0
11 7 15 4 0
11 7 15 5 0
11 7 15 6 0
11 7 15 7 0
11 7 15 8 0
11 7 15 9 0
11 7 15 10 0
11 7 15 11 0
11 7 15 12 0
11 7 15 13 0
11 7 15 14 0
11 7 15 15 0
11 8 0 0 0
11 8 0 1 0
11 8 0 2 0
11 8 0 3 0
11 8 0 4 0
11 8 0 5 0
11 8 0 6 0
11 8 0 7 0
11 8 0 8 0
11 8 0 9 0
11 8 0 10 0
11 8 0 11 0
11 8 0 12 0
11 8 0 13 0
11 8 0 14 0
11 8 0 15 0
11 8 1 0 0
11 8 1 1 0
11 8 1 2 0
11 8 1 3 0
11 8 1 4 0
11 8 1 5 0
11 8 1 6 0
11 8 1 7 0
11 8 1 8 0
11 8 1 9 0
11 8 1 10 0
11 8 1 11 0
11 8 1 12 0
11 8 1 13 0
11 8 1 14 0
11 8 1 15 0
11 8 2 0 0
11 8 2 1 0
11 8 2 2 0
11 8 2 3 0
11 8 2 4 0
11 8 2 5 0
11 8 2 6 0
11 8 2 7 0
11 8 2 8 0
11 8 2 9 0
11 8 2 10 0
11 8 2 11 0
11 8 2 12 0
11 8 2 13 0
11 8 2 14 0
11 8 2 15 0
11 8 3 0 0
11 8 3 1 0
11 8 3 2 0
11 8 3 3 0
11 8 3 4 0
11 8 3 5 0
11 8 3 6 0
11 8 3 7 0
11 8 3 8 0
11 8 3 9 0
11 8 3 10 0
11 8 3 11 0
11 8 3 12 0
11 8 3 13 0
11 8 3 14 0
11 8 3 15 0
11 8 4 0 0
11 8 4 1 0
11 8 4 2 0
11 8 4 3 0
11 8 4 4 0
11 8 4 5 0
11 8 4 6 0
11 8 4 7 0
11 8 4 8 0
11 8 4 9 0
11 8 4 10 0
11 8 4 11 0
11 8 4 12 0
11 8 4 13 0
11 8 4 14 0
11 8 4 15 0
11 8 5 0 0
11 8 5 1 0
11 8 5 2 0
11 8 5 3 0
11 8 5 4 0
11 8 5 5 0
11 8 5 6 0
11 8 5 7 0
11 8 5 8 0
11 8 5 9 0
11 8 5 10 0
11 8 5 11 0
11 8 5 12 0
11 8 5 13 0
11 8 5 14 0
11 8 5 15 0
11 8 6 0 0
11 8 6 1 0
11 8 6 2 0
11 8 6 3 0
11 8 6 4 0
11 8 6 5 0
11 8 6 6 0
11 8 6 7 0
11 8 6 8 0
11 8 6 9 0
11 8 6 10 0
11 8 6 11 0
11 8 6 12 0
11 8 6 13 0
11 8 6 14 0
11 8 6 15 0
11 8 7 0 0
11 8 7 1 0
11 8 7 2 0
11 8 7 3 0
11 8 7 4 0
11 8 7 5 0
11 8 7 6 0
11 8 7 7 0
11 8 7 8 0
11 8 7 9 0
11 8 7 10 0
11 8 7 11 0
11 8 7 12 0
11 8 7 13 0
11 8 7 14 0
11 8 7 15 0
11 8 8 0 0
11 8 8 1 0
11 8 8 2 0
11 8 8 3 0
11 8 8 4 0
11 8 8 5 0
11 8 8 6 0
11 8 8 7 0
11 8 8 8 0
11 8 8 9 0
11 8 8 10 0
11 8 8 11 0
11 8 8 12 0
11 8 8 13 0
11 8 8 14 0
11 8 8 15 0
11 8 9 0 0
11 8 9 1 0
11 8 9 2 0
11 8 9 3 0
11 8 9 4 0
11 8 9 5 0
11 8 9 6 0
11 8 9 7 0
11 8 9 8 0
11 8 9 9 0
11 8 9 10 0
11 8 9 11 0
11 8 9 12 0
11 8 9 13 0
11 8 9 14 0
11 8 9 15 0
11 8 10 0 0
11 8 10 1 0
11 8 10 2 0
11 8 10 3 0
11 8 10 4 0
11 8 10 5 0
11 8 10 6 0
11 8 10 7 0
11 8 10 8 0
11 8 10 9 0
11 8 10 10 0
11 8 10 11 0
11 8 10 12 0
11 8 10 13 0
11 8 10 14 0
11 8 10 15 0
11 8 11 0 0
11 8 11 1 0
11 8 11 2 0
11 8 11 3 0
11 8 11 4 0
11 8 11 5 0
11 8 11 6 0
11 8 11 7 0
11 8 11 8 0
11 8 11 9 0
11 8 11 10 0
11 8 11 11 0
11 8 11 12 0
11 8 11 13 0
11 8 11 14 0
11 8 11 15 0
11 8 12 0 0
11 8 12 1 0
11 8 12 2 0
11 8 12 3 0
11 8 12 4 0
11 8 12 5 0
11 8 12 6 0
11 8 12 7 0
11 8 12 8 0
11 8 12 9 0
11 8 12 10 0
11 8 12 11 0
11 8 12 12 0
11 8 12 13 0
11 8 12 14 0
11 8 12 15 0
11 8 13 0 0
11 8 13 1 0
11 8 13 2 0
11 8 13 3 0
11 8 13 4 0
11 8 13 5 0
11 8 13 6 0
11 8 13 7 0
11 8 13 8 0
11 8 13 9 0
11 8 13 10 0
11 8 13 11 0
11 8 13 12 0
11 8 13 13 0
11 8 13 14 0
11 8 13 15 0
11 8 14 0 0
11 8 14 1 0
11 8 14 2 0
11 8 14 3 0
11 8 14 4 0
11 8 14 5 0
11 8 14 6 0
11 8 14 7 0
11 8 14 8 0
11 8 14 9 0
11 8 14 10 0
11 8 14 11 0
11 8 14 12 0
11 8 14 13 0
11 8 14 14 0
11 8 14 15 0
11 8 15 0 0
11 8 15 1 0
11 8 15 2 0
11 8 15 3 0
11 8 15 4 0
11 8 15 5 0
11 8 15 6 0
11 8 15 7 0
11 8 15 8 0
11 8 15 9 0
11 8 15 10 0
11 8 15 11 0
11 8 15 12 0
11 8 15 13 0
11 8 15 14 0
11 8 15 15 0
11 9 0 0 0
11 9 0 1 0
11 9 0 2 0
11 9 0 3 0
11 9 0 4 0
11 9 0 5 0
11 9 0 6 0
11 9 0 7 0
11 9 0 8 0
11 9 0 9 0
11 9 0 10 0
11 9 0 11 0
11 9 0 12 0
11 9 0 13 0
11 9 0 14 0
11 9 0 15 0
11 9 1 0 0
11 9 1 1 0
11 9 1 2 0
11 9 1 3 0
11 9 1 4 0
11 9 1 5 0
11 9 1 6 0
11 9 1 7 0
11 9 1 8 0
11 9 1 9 0
11 9 1 10 0
11 9 1 11 0
11 9 1 12 0
11 9 1 13 0
11 9 1 14 0
11 9 1 15 0
11 9 2 0 0
11 9 2 1 0
11 9 2 2 0
11 9 2 3 0
11 9 2 4 0
11 9 2 5 0
11 9 2 6 0
11 9 2 7 0
11 9 2 8 0
11 9 2 9 0
11 9 2 10 0
11 9 2 11 0
11 9 2 12 0
11 9 2 13 0
11 9 2 14 0
11 9 2 15 0
11 9 3 0 0
11 9 3 1 0
11 9 3 2 0
11 9 3 3 0
11 9 3 4 0
11 9 3 5 0
11 9 3 6 0
11 9 3 7 0
11 9 3 8 0
11 9 3 9 0
11 9 3 10 0
11 9 3 11 0
11 9 3 12 0
11 9 3 13 0
11 9 3 14 0
11 9 3 15 0
11 9 4 0 0
11 9 4 1 0
11 9 4 2 0
11 9 4 3 0
11 9 4 4 0
11 9 4 5 0
11 9 4 6 0
11 9 4 7 0
11 9 4 8 0
11 9 4 9 0
11 9 4 10 0
11 9 4 11 0
11 9 4 12 0
11 9 4 13 0
11 9 4 14 0
11 9 4 15 0
11 9 5 0 0
11 9 5 1 0
11 9 5 2 0
11 9 5 3 0
11 9 5 4 0
11 9 5 5 0
11 9 5 6 0
11 9 5 7 0
11 9 5 8 0
11 9 5 9 0
11 9 5 10 0
11 9 5 11 0
11 9 5 12 0
11 9 5 13 0
11 9 5 14 0
11 9 5 15 0
11 9 6 0 0
11 9 6 1 0
11 9 6 2 0
11 9 6 3 0
11 9 6 4 0
11 9 6 5 0
11 9 6 6 0
11 9 6 7 0
11 9 6 8 0
11 9 6 9 0
11 9 6 10 0
11 9 6 11 0
11 9 6 12 0
11 9 6 13 0
11 9 6 14 0
11 9 6 15 0
11 9 7 0 0
11 9 7 1 0
11 9 7 2 0
11 9 7 3 0
11 9 7 4 0
11 9 7 5 0
11 9 7 6 0
11 9 7 7 0
11 9 7 8 0
11 9 7 9 0
11 9 7 10 0
11 9 7 11 0
11 9 7 12 0
11 9 7 13 0
11 9 7 14 0
11 9 7 15 0
11 9 8 0 0
11 9 8 1 0
11 9 8 2 0
11 9 8 3 0
11 9 8 4 0
11 9 8 5 0
11 9 8 6 0
11 9 8 7 0
11 9 8 8 0
11 9 8 9 0
11 9 8 10 0
11 9 8 11 0
11 9 8 12 0
11 9 8 13 0
11 9 8 14 0
11 9 8 15 0
11 9 9 0 0
11 9 9 1 0
11 9 9 2 0
11 9 9 3 0
11 9 9 4 0
11 9 9 5 0
11 9 9 6 0
11 9 9 7 0
11 9 9 8 0
11 9 9 9 0
11 9 9 10 0
11 9 9 11 0
11 9 9 12 0
11 9 9 13 0
11 9 9 14 0
11 9 9 15 0
11 9 10 0 0
11 9 10 1 0
11 9 10 2 0
11 9 10 3 0
11 9 10 4 0
11 9 10 5 0
11 9 10 6 0
11 9 10 7 0
11 9 10 8 0
11 9 10 9 0
11 9 10 10 0
11 9 10 11 0
11 9 10 12 0
11 9 10 13 0
11 9 10 14 0
11 9 10 15 0
11 9 11 0 0
11 9 11 1 0
11 9 11 2 0
11 9 11 3 0
11 9 11 4 0
11 9 11 5 0
11 9 11 6 0
11 9 11 7 0
11 9 11 8 0
11 9 11 9 0
11 9 11 10 0
11 9 11 11 0
11 9 11 12 0
11 9 11 13 0
11 9 11 14 0
11 9 11 15 0
11 9 12 0 0
11 9 12 1 0
11 9 12 2 0
11 9 12 3 0
11 9 12 4 0
11 9 12 5 0
11 9 12 6 0
11 9 12 7 0
11 9 12 8 0
11 9 12 9 0
11 9 12 10 0
11 9 12 11 0
11 9 12 12 0
11 9 12 13 0
11 9 12 14 0
11 9 12 15 0
11 9 13 0 0
11 9 13 1 0
11 9 13 2 0
11 9 13 3 0
11 9 13 4 0
11 9 13 5 0
11 9 13 6 0
11 9 13 7 0
11 9 13 8 0
11 9 13 9 0
11 9 13 10 0
11 9 13 11 0
11 9 13 12 0
11 9 13 13 0
11 9 13 14 0
11 9 13 15 0
11 9 14 0 0
11 9 14 1 0
11 9 14 2 0
11 9 14 3 0
11 9 14 4 0
11 9 14 5 0
11 9 14 6 0
11 9 14 7 0
11 9 14 8 0
11 9 14 9 0
11 9 14 10 0
11 9 14 11 0
11 9 14 12 0
11 9 14 13 0
11 9 14 14 0
11 9 14 15 0
11 9 15 0 0
11 9 15 1 0
11 9 15 2 0
11 9 15 3 0
11 9 15 4 0
11 9 15 5 0
11 9 15 6 0
11 9 15 7 0
11 9 15 8 0
11 9 15 9 0
11 9 15 10 0
11 9 15 11 0
11 9 15 12 0
11 9 15 13 0
11 9 15 14 0
11 9 15 15 0
11 10 0 0 0
11 10 0 1 0
11 10 0 2 0
11 10 0 3 0
11 10 0 4 0
11 10 0 5 0
11 10 0 6 0
11 10 0 7 0
11 10 0 8 0
11 10 0 9 0
11 10 0 10 0
11 10 0 11 0
11 10 0 12 0
11 10 0 13 0
11 10 0 14 0
11 10 0 15 0
11 10 1 0 0
11 10 1 1 0
11 10 1 2 0
11 10 1 3 0
11 10 1 4 0
11 10 1 5 0
11 10 1 6 0
11 10 1 7 0
11 10 1 8 0
11 10 1 9 0
11 10 1 10 0
11 10 1 11 0
11 10 1 12 0
11 10 1 13 0
11 10 1 14 0
11 10 1 15 0
11 10 2 0 0
11 10 2 1 0
11 10 2 2 0
11 10 2 3 0
11 10 2 4 0
11 10 2 5 0
11 10 2 6 0
11 10 2 7 0
11 10 2 8 0
11 10 2 9 0
11 10 2 10 0
11 10 2 11 0
11 10 2 12 0
11 10 2 13 0
11 10 2 14 0
11 10 2 15 0
11 10 3 0 0
11 10 3 1 0
11 10 3 2 0
11 10 3 3 0
11 10 3 4 0
11 10 3 5 0
11 10 3 6 0
11 10 3 7 0
11 10 3 8 0
11 10 3 9 0
11 10 3 10 0
11 10 3 11 0
11 10 3 12 0
11 10 3 13 0
11 10 3 14 0
11 10 3 15 0
11 10 4 0 0
11 10 4 1 0
11 10 4 2 0
11 10 4 3 0
11 10 4 4 0
11 10 4 5 0
11 10 4 6 0
11 10 4 7 0
11 10 4 8 0
11 10 4 9 0
11 10 4 10 0
11 10 4 11 0
11 10 4 12 0
11 10 4 13 0
11 10 4 14 0
11 10 4 15 0
11 10 5 0 0
11 10 5 1 0
11 10 5 2 0
11 10 5 3 0
11 10 5 4 0
11 10 5 5 0
11 10 5 6 0
11 10 5 7 0
11 10 5 8 0
11 10 5 9 0
11 10 5 10 0
11 10 5 11 0
11 10 5 12 0
11 10 5 13 0
11 10 5 14 0
11 10 5 15 0
11 10 6 0 0
11 10 6 1 0
11 10 6 2 0
11 10 6 3 0
11 10 6 4 0
11 10 6 5 0
11 10 6 6 0
11 10 6 7 0
11 10 6 8 0
11 10 6 9 0
11 10 6 10 0
11 10 6 11 0
11 10 6 12 0
11 10 6 13 0
11 10 6 14 0
11 10 6 15 0
11 10 7 0 0
11 10 7 1 0
11 10 7 2 0
11 10 7 3 0
11 10 7 4 0
11 10 7 5 0
11 10 7 6 0
11 10 7 7 0
11 10 7 8 0
11 10 7 9 0
11 10 7 10 0
11 10 7 11 0
11 10 7 12 0
11 10 7 13 0
11 10 7 14 0
11 10 7 15 0
11 10 8 0 0
11 10 8 1 0
11 10 8 2 0
11 10 8 3 0
11 10 8 4 0
11 10 8 5 0
11 10 8 6 0
11 10 8 7 0
11 10 8 8 0
11 10 8 9 0
11 10 8 10 0
11 10 8 11 0
11 10 8 12 0
11 10 8 13 0
11 10 8 14 0
11 10 8 15 0
11 10 9 0 0
11 10 9 1 0
11 10 9 2 0
11 10 9 3 0
11 10 9 4 0
11 10 9 5 0
11 10 9 6 0
11 10 9 7 0
11 10 9 8 0
11 10 9 9 0
11 10 9 10 0
11 10 9 11 0
11 10 9 12 0
11 10 9 13 0
11 10 9 14 0
11 10 9 15 0
11 10 10 0 0
11 10 10 1 0
11 10 10 2 0
11 10 10 3 0
11 10 10 4 0
11 10 10 5 0
11 10 10 6 0
11 10 10 7 0
11 10 10 8 0
11 10 10 9 0
11 10 10 10 0
11 10 10 11 0
11 10 10 12 0
11 10 10 13 0
11 10 10 14 0
11 10 10 15 0
11 10 11 0 0
11 10 11 1 0
11 10 11 2 0
11 10 11 3 0
11 10 11 4 0
11 10 11 5 0
11 10 11 6 0
11 10 11 7 0
11 10 11 8 0
11 10 11 9 0
11 10 11 10 0
11 10 11 11 0
11 10 11 12 0
11 10 11 13 0
11 10 11 14 0
11 10 11 15 0
11 10 12 0 0
11 10 12 1 0
11 10 12 2 0
11 10 12 3 0
11 10 12 4 0
11 10 12 5 0
11 10 12 6 0
11 10 12 7 0
11 10 12 8 0
11 10 12 9 0
11 10 12 10 0
11 10 12 11 0
11 10 12 12 0
11 10 12 13 0
11 10 12 14 0
11 10 12 15 0
11 10 13 0 0
11 10 13 1 0
11 10 13 2 0
11 10 13 3 0
11 10 13 4 0
11 10 13 5 0
11 10 13 6 0
11 10 13 7 0
11 10 13 8 0
11 10 13 9 0
11 10 13 10 0
11 10 13 11 0
11 10 13 12 0
11 10 13 13 0
11 10 13 14 0
11 10 13 15 0
11 10 14 0 0
11 10 14 1 0
11 10 14 2 0
11 10 14 3 0
11 10 14 4 0
11 10 14 5 0
11 10 14 6 0
11 10 14 7 0
11 10 14 8 0
11 10 14 9 0
11 10 14 10 0
11 10 14 11 0
11 10 14 12 0
11 10 14 13 0
11 10 14 14 0
11 10 14 15 0
11 10 15 0 0
11 10 15 1 0
11 10 15 2 0
11 10 15 3 0
11 10 15 4 0
11 10 15 5 0
11 10 15 6 0
11 10 15 7 0
11 10 15 8 0
11 10 15 9 0
11 10 15 10 0
11 10 15 11 0
11 10 15 12 0
11 10 15 13 0
11 10 15 14 0
11 10 15 15 0
11 11 0 0 0
11 11 0 1 0
11 11 0 2 0
11 11 0 3 0
11 11 0 4 0
11 11 0 5 0
11 11 0 6 0
11 11 0 7 0
11 11 0 8 0
11 11 0 9 0
11 11 0 10 0
11 11 0 11 0
11 11 0 12 0
11 11 0 13 0
11 11 0 14 0
11 11 0 15 0
11 11 1 0 0
11 11 1 1 0
11 11 1 2 0
11 11 1 3 0
11 11 1 4 0
11 11 1 5 0
11 11 1 6 0
11 11 1 7 0
11 11 1 8 0
11 11 1 9 0
11 11 1 10 0
11 11 1 11 0
11 11 1 12 0
11 11 1 13 0
11 11 1 14 0
11 11 1 15 0
11 11 2 0 0
11 11 2 1 0
11 11 2 2 0
11 11 2 3 0
11 11 2 4 0
11 11 2 5 0
11 11 2 6 0
11 11 2 7 0
11 11 2 8 0
11 11 2 9 0
11 11 2 10 0
11 11 2 11 0
11 11 2 12 0
11 11 2 13 0
11 11 2 14 0
11 11 2 15 0
11 11 3 0 0
11 11 3 1 0
11 11 3 2 0
11 11 3 3 0
11 11 3 4 0
11 11 3 5 0
11 11 3 6 0
11 11 3 7 0
11 11 3 8 0
11 11 3 9 0
11 11 3 10 0
11 11 3 11 0
11 11 3 12 0
11 11 3 13 0
11 11 3 14 0
11 11 3 15 0
11 11 4 0 0
11 11 4 1 0
11 11 4 2 0
11 11 4 3 0
11 11 4 4 0
11 11 4 5 0
11 11 4 6 0
11 11 4 7 0
11 11 4 8 0
11 11 4 9 0
11 11 4 10 0
11 11 4 11 0
11 11 4 12 0
11 11 4 13 0
11 11 4 14 0
11 11 4 15 0
11 11 5 0 0
11 11 5 1 0
11 11 5 2 0
11 11 5 3 0
11 11 5 4 0
11 11 5 5 0
11 11 5 6 0
11 11 5 7 0
11 11 5 8 0
11 11 5 9 0
11 11 5 10 0
11 11 5 11 0
11 11 5 12 0
11 11 5 13 0
11 11 5 14 0
11 11 5 15 0
11 11 6 0 0
11 11 6 1 0
11 11 6 2 0
11 11 6 3 0
11 11 6 4 0
11 11 6 5 0
11 11 6 6 0
11 11 6 7 0
11 11 6 8 0
11 11 6 9 0
11 11 6 10 0
11 11 6 11 0
11 11 6 12 0
11 11 6 13 0
11 11 6 14 0
11 11 6 15 0
11 11 7 0 0
11 11 7 1 0
11 11 7 2 0
11 11 7 3 0
11 11 7 4 0
11 11 7 5 0
11 11 7 6 0
11 11 7 7 0
11 11 7 8 0
11 11 7 9 0
11 11 7 10 0
11 11 7 11 0
11 11 7 12 0
11 11 7 13 0
11 11 7 14 0
11 11 7 15 0
11 11 8 0 0
11 11 8 1 0
11 11 8 2 0
11 11 8 3 0
11 11 8 4 0
11 11 8 5 0
11 11 8 6 0
11 11 8 7 0
11 11 8 8 0
11 11 8 9 0
11 11 8 10 0
11 11 8 11 0
11 11 8 12 0
11 11 8 13 0
11 11 8 14 0
11 11 8 15 0
11 11 9 0 0
11 11 9 1 0
11 11 9 2 0
11 11 9 3 0
11 11 9 4 0
11 11 9 5 0
11 11 9 6 0
11 11 9 7 0
11 11 9 8 0
11 11 9 9 0
11 11 9 10 0
11 11 9 11 0
11 11 9 12 0
11 11 9 13 0
11 11 9 14 0
11 11 9 15 0
11 11 10 0 0
11 11 10 1 0
11 11 10 2 0
11 11 10 3 0
11 11 10 4 0
11 11 10 5 0
11 11 10 6 0
11 11 10 7 0
11 11 10 8 0
11 11 10 9 0
11 11 10 10 0
11 11 10 11 0
11 11 10 12 0
11 11 10 13 0
11 11 10 14 0
11 11 10 15 0
11 11 11 0 0
11 11 11 1 0
11 11 11 2 0
11 11 11 3 0
11 11 11 4 0
11 11 11 5 0
11 11 11 6 0
11 11 11 7 0
11 11 11 8 0
11 11 11 9 0
11 11 11 10 0
11 11 11 11 0
11 11 11 12 0
11 11 11 13 0
11 11 11 14 0
11 11 11 15 0
11 11 12 0 0
11 11 12 1 0
11 11 12 2 0
11 11 12 3 0
11 11 12 4 0
11 11 12 5 0
11 11 12 6 0
11 11 12 7 0
11 11 12 8 0
11 11 12 9 0
11 11 12 10 0
11 11 12 11 0
11 11 12 12 0
11 11 12 13 0
11 11 12 14 0
11 11 12 15 0
11 11 13 0 0
11 11 13 1 0
11 11 13 2 0
11 11 13 3 0
11 11 13 4 0
11 11 13 5 0
11 11 13 6 0
11 11 13 7 0
11 11 13 8 0
11 11 13 9 0
11 11 13 10 0
11 11 13 11 0
11 11 13 12 0
11 11 13 13 0
11 11 13 14 0
11 11 13 15 0
11 11 14 0 0
11 11 14 1 0
11 11 14 2 0
11 11 14 3 0
11 11 14 4 0
11 11 14 5 0
11 11 14 6 0
11 11 14 7 0
11 11 14 8 0
11 11 14 9 0
11 11 14 10 0
11 11 14 11 0
11 11 14 12 0
11 11 14 13 0
11 11 14 14 0
11 11 14 15 0
11 11 15 0 0
11 11 15 1 0
11 11 15 2 0
11 11 15 3 0
11 11 15 4 0
11 11 15 5 0
11 11 15 6 0
11 11 15 7 0
11 11 15 8 0
11 11 15 9 0
11 11 15 10 0
11 11 15 11 0
11 11 15 12 0
11 11 15 13 0
11 11 15 14 0
11 11 15 15 0
11 12 0 0 0
11 12 0 1 0
11 12 0 2 0
11 12 0 3 0
11 12 0 4 0
11 12 0 5 0
11 12 0 6 0
11 12 0 7 0
11 12 0 8 0
11 12 0 9 0
11 12 0 10 0
11 12 0 11 0
11 12 0 12 0
11 12 0 13 0
11 12 0 14 0
11 12 0 15 0
11 12 1 0 0
11 12 1 1 0
11 12 1 2 0
11 12 1 3 0
11 12 1 4 0
11 12 1 5 0
11 12 1 6 0
11 12 1 7 0
11 12 1 8 0
11 12 1 9 0
11 12 1 10 0
11 12 1 11 0
11 12 1 12 0
11 12 1 13 0
11 12 1 14 0
11 12 1 15 0
11 12 2 0 0
11 12 2 1 0
11 12 2 2 0
11 12 2 3 0
11 12 2 4 0
11 12 2 5 0
11 12 2 6 0
11 12 2 7 0
11 12 2 8 0
11 12 2 9 0
11 12 2 10 0
11 12 2 11 0
11 12 2 12 0
11 12 2 13 0
11 12 2 14 0
11 12 2 15 0
11 12 3 0 0
11 12 3 1 0
11 12 3 2 0
11 12 3 3 0
11 12 3 4 0
11 12 3 5 0
11 12 3 6 0
11 12 3 7 0
11 12 3 8 0
11 12 3 9 0
11 12 3 10 0
11 12 3 11 0
11 12 3 12 0
11 12 3 13 0
11 12 3 14 0
11 12 3 15 0
11 12 4 0 0
11 12 4 1 0
11 12 4 2 0
11 12 4 3 0
11 12 4 4 0
11 12 4 5 0
11 12 4 6 0
11 12 4 7 0
11 12 4 8 0
11 12 4 9 0
11 12 4 10 0
11 12 4 11 0
11 12 4 12 0
11 12 4 13 0
11 12 4 14 0
11 12 4 15 0
11 12 5 0 0
11 12 5 1 0
11 12 5 2 0
11 12 5 3 0
11 12 5 4 0
11 12 5 5 0
11 12 5 6 0
11 12 5 7 0
11 12 5 8 0
11 12 5 9 0
11 12 5 10 0
11 12 5 11 0
11 12 5 12 0
11 12 5 13 0
11 12 5 14 0
11 12 5 15 0
11 12 6 0 0
11 12 6 1 0
11 12 6 2 0
11 12 6 3 0
11 12 6 4 0
11 12 6 5 0
11 12 6 6 0
11 12 6 7 0
11 12 6 8 0
11 12 6 9 0
11 12 6 10 0
11 12 6 11 0
11 12 6 12 0
11 12 6 13 0
11 12 6 14 0
11 12 6 15 0
11 12 7 0 0
11 12 7 1 0
11 12 7 2 0
11 12 7 3 0
11 12 7 4 0
11 12 7 5 0
11 12 7 6 0
11 12 7 7 0
11 12 7 8 0
11 12 7 9 0
11 12 7 10 0
11 12 7 11 0
11 12 7 12 0
11 12 7 13 0
11 12 7 14 0
11 12 7 15 0
11 12 8 0 0
11 12 8 1 0
11 12 8 2 0
11 12 8 3 0
11 12 8 4 0
11 12 8 5 0
11 12 8 6 0
11 12 8 7 0
11 12 8 8 0
11 12 8 9 0
11 12 8 10 0
11 12 8 11 0
11 12 8 12 0
11 12 8 13 0
11 12 8 14 0
11 12 8 15 0
11 12 9 0 0
11 12 9 1 0
11 12 9 2 0
11 12 9 3 0
11 12 9 4 0
11 12 9 5 0
11 12 9 6 0
11 12 9 7 0
11 12 9 8 0
11 12 9 9 0
11 12 9 10 0
11 12 9 11 0
11 12 9 12 0
11 12 9 13 0
11 12 9 14 0
11 12 9 15 0
11 12 10 0 0
11 12 10 1 0
11 12 10 2 0
11 12 10 3 0
11 12 10 4 0
11 12 10 5 0
11 12 10 6 0
11 12 10 7 0
11 12 10 8 0
11 12 10 9 0
11 12 10 10 0
11 12 10 11 0
11 12 10 12 0
11 12 10 13 0
11 12 10 14 0
11 12 10 15 0
11 12 11 0 0
11 12 11 1 0
11 12 11 2 0
11 12 11 3 0
11 12 11 4 0
11 12 11 5 0
11 12 11 6 0
11 12 11 7 0
11 12 11 8 0
11 12 11 9 0
11 12 11 10 0
11 12 11 11 0
11 12 11 12 0
11 12 11 13 0
11 12 11 14 0
11 12 11 15 0
11 12 12 0 0
11 12 12 1 0
11 12 12 2 0
11 12 12 3 0
11 12 12 4 0
11 12 12 5 0
11 12 12 6 0
11 12 12 7 0
11 12 12 8 0
11 12 12 9 0
11 12 12 10 0
11 12 12 11 0
11 12 12 12 0
11 12 12 13 0
11 12 12 14 0
11 12 12 15 0
11 12 13 0 0
11 12 13 1 0
11 12 13 2 0
11 12 13 3 0
11 12 13 4 0
11 12 13 5 0
11 12 13 6 0
11 12 13 7 0
11 12 13 8 0
11 12 13 9 0
11 12 13 10 0
11 12 13 11 0
11 12 13 12 0
11 12 13 13 0
11 12 13 14 0
11 12 13 15 0
11 12 14 0 0
11 12 14 1 0
11 12 14 2 0
11 12 14 3 0
11 12 14 4 0
11 12 14 5 0
11 12 14 6 0
11 12 14 7 0
11 12 14 8 0
11 12 14 9 0
11 12 14 10 0
11 12 14 11 0
11 12 14 12 0
11 12 14 13 0
11 12 14 14 0
11 12 14 15 0
11 12 15 0 0
11 12 15 1 0
11 12 15 2 0
11 12 15 3 0
11 12 15 4 0
11 12 15 5 0
11 12 15 6 0
11 12 15 7 0
11 12 15 8 0
11 12 15 9 0
11 12 15 10 0
11 12 15 11 0
11 12 15 12 0
11 12 15 13 0
11 12 15 14 0
11 12 15 15 0
11 13 0 0 0
11 13 0 1 0
11 13 0 2 0
11 13 0 3 0
11 13 0 4 0
11 13 0 5 0
11 13 0 6 0
11 13 0 7 0
11 13 0 8 0
11 13 0 9 0
11 13 0 10 0
11 13 0 11 0
11 13 0 12 0
11 13 0 13 0
11 13 0 14 0
11 13 0 15 0
11 13 1 0 0
11 13 1 1 0
11 13 1 2 0
11 13 1 3 0
11 13 1 4 0
11 13 1 5 0
11 13 1 6 0
11 13 1 7 0
11 13 1 8 0
11 13 1 9 0
11 13 1 10 0
11 13 1 11 0
11 13 1 12 0
11 13 1 13 0
11 13 1 14 0
11 13 1 15 0
11 13 2 0 0
11 13 2 1 0
11 13 2 2 0
11 13 2 3 0
11 13 2 4 0
11 13 2 5 0
11 13 2 6 0
11 13 2 7 0
11 13 2 8 0
11 13 2 9 0
11 13 2 10 0
11 13 2 11 0
11 13 2 12 0
11 13 2 13 0
11 13 2 14 0
11 13 2 15 0
11 13 3 0 0
11 13 3 1 0
11 13 3 2 0
11 13 3 3 0
11 13 3 4 0
11 13 3 5 0
11 13 3 6 0
11 13 3 7 0
11 13 3 8 0
11 13 3 9 0
11 13 3 10 0
11 13 3 11 0
11 13 3 12 0
11 13 3 13 0
11 13 3 14 0
11 13 3 15 0
11 13 4 0 0
11 13 4 1 0
11 13 4 2 0
11 13 4 3 0
11 13 4 4 0
11 13 4 5 0
11 13 4 6 0
11 13 4 7 0
11 13 4 8 0
11 13 4 9 0
11 13 4 10 0
11 13 4 11 0
11 13 4 12 0
11 13 4 13 0
11 13 4 14 0
11 13 4 15 0
11 13 5 0 0
11 13 5 1 0
11 13 5 2 0
11 13 5 3 0
11 13 5 4 0
11 13 5 5 0
11 13 5 6 0
11 13 5 7 0
11 13 5 8 0
11 13 5 9 0
11 13 5 10 0
11 13 5 11 0
11 13 5 12 0
11 13 5 13 0
11 13 5 14 0
11 13 5 15 0
11 13 6 0 0
11 13 6 1 0
11 13 6 2 0
11 13 6 3 0
11 13 6 4 0
11 13 6 5 0
11 13 6 6 0
11 13 6 7 0
11 13 6 8 0
11 13 6 9 0
11 13 6 10 0
11 13 6 11 0
11 13 6 12 0
11 13 6 13 0
11 13 6 14 0
11 13 6 15 0
11 13 7 0 0
11 13 7 1 0
11 13 7 2 0
11 13 7 3 0
11 13 7 4 0
11 13 7 5 0
11 13 7 6 0
11 13 7 7 0
11 13 7 8 0
11 13 7 9 0
11 13 7 10 0
11 13 7 11 0
11 13 7 12 0
11 13 7 13 0
11 13 7 14 0
11 13 7 15 0
11 13 8 0 0
11 13 8 1 0
11 13 8 2 0
11 13 8 3 0
11 13 8 4 0
11 13 8 5 0
11 13 8 6 0
11 13 8 7 0
11 13 8 8 0
11 13 8 9 0
11 13 8 10 0
11 13 8 11 0
11 13 8 12 0
11 13 8 13 0
11 13 8 14 0
11 13 8 15 0
11 13 9 0 0
11 13 9 1 0
11 13 9 2 0
11 13 9 3 0
11 13 9 4 0
11 13 9 5 0
11 13 9 6 0
11 13 9 7 0
11 13 9 8 0
11 13 9 9 0
11 13 9 10 0
11 13 9 11 0
11 13 9 12 0
11 13 9 13 0
11 13 9 14 0
11 13 9 15 0
11 13 10 0 0
11 13 10 1 0
11 13 10 2 0
11 13 10 3 0
11 13 10 4 0
11 13 10 5 0
11 13 10 6 0
11 13 10 7 0
11 13 10 8 0
11 13 10 9 0
11 13 10 10 0
11 13 10 11 0
11 13 10 12 0
11 13 10 13 0
11 13 10 14 0
11 13 10 15 0
11 13 11 0 0
11 13 11 1 0
11 13 11 2 0
11 13 11 3 0
11 13 11 4 0
11 13 11 5 0
11 13 11 6 0
11 13 11 7 0
11 13 11 8 0
11 13 11 9 0
11 13 11 10 0
11 13 11 11 0
11 13 11 12 0
11 13 11 13 0
11 13 11 14 0
11 13 11 15 0
11 13 12 0 0
11 13 12 1 0
11 13 12 2 0
11 13 12 3 0
11 13 12 4 0
11 13 12 5 0
11 13 12 6 0
11 13 12 7 0
11 13 12 8 0
11 13 12 9 0
11 13 12 10 0
11 13 12 11 0
11 13 12 12 0
11 13 12 13 0
11 13 12 14 0
11 13 12 15 0
11 13 13 0 0
11 13 13 1 0
11 13 13 2 0
11 13 13 3 0
11 13 13 4 0
11 13 13 5 0
11 13 13 6 0
11 13 13 7 0
11 13 13 8 0
11 13 13 9 0
11 13 13 10 0
11 13 13 11 0
11 13 13 12 0
11 13 13 13 0
11 13 13 14 0
11 13 13 15 0
11 13 14 0 0
11 13 14 1 0
11 13 14 2 0
11 13 14 3 0
11 13 14 4 0
11 13 14 5 0
11 13 14 6 0
11 13 14 7 0
11 13 14 8 0
11 13 14 9 0
11 13 14 10 0
11 13 14 11 0
11 13 14 12 0
11 13 14 13 0
11 13 14 14 0
11 13 14 15 0
11 13 15 0 0
11 13 15 1 0
11 13 15 2 0
11 13 15 3 0
11 13 15 4 0
11 13 15 5 0
11 13 15 6 0
11 13 15 7 0
11 13 15 8 0
11 13 15 9 0
11 13 15 10 0
11 13 15 11 0
11 13 15 12 0
11 13 15 13 0
11 13 15 14 0
11 13 15 15 0
11 14 0 0 0
11 14 0 1 0
11 14 0 2 0
11 14 0 3 0
11 14 0 4 0
11 14 0 5 0
11 14 0 6 0
11 14 0 7 0
11 14 0 8 0
11 14 0 9 0
11 14 0 10 0
11 14 0 11 0
11 14 0 12 0
11 14 0 13 0
11 14 0 14 0
11 14 0 15 0
11 14 1 0 0
11 14 1 1 0
11 14 1 2 0
11 14 1 3 0
11 14 1 4 0
11 14 1 5 0
11 14 1 6 0
11 14 1 7 0
11 14 1 8 0
11 14 1 9 0
11 14 1 10 0
11 14 1 11 0
11 14 1 12 0
11 14 1 13 0
11 14 1 14 0
11 14 1 15 0
11 14 2 0 0
11 14 2 1 0
11 14 2 2 0
11 14 2 3 0
11 14 2 4 0
11 14 2 5 0
11 14 2 6 0
11 14 2 7 0
11 14 2 8 0
11 14 2 9 0
11 14 2 10 0
11 14 2 11 0
11 14 2 12 0
11 14 2 13 0
11 14 2 14 0
11 14 2 15 0
11 14 3 0 0
11 14 3 1 0
11 14 3 2 0
11 14 3 3 0
11 14 3 4 0
11 14 3 5 0
11 14 3 6 0
11 14 3 7 0
11 14 3 8 0
11 14 3 9 0
11 14 3 10 0
11 14 3 11 0
11 14 3 12 0
11 14 3 13 0
11 14 3 14 0
11 14 3 15 0
11 14 4 0 0
11 14 4 1 0
11 14 4 2 0
11 14 4 3 0
11 14 4 4 0
11 14 4 5 0
11 14 4 6 0
11 14 4 7 0
11 14 4 8 0
11 14 4 9 0
11 14 4 10 0
11 14 4 11 0
11 14 4 12 0
11 14 4 13 0
11 14 4 14 0
11 14 4 15 0
11 14 5 0 0
11 14 5 1 0
11 14 5 2 0
11 14 5 3 0
11 14 5 4 0
11 14 5 5 0
11 14 5 6 0
11 14 5 7 0
11 14 5 8 0
11 14 5 9 0
11 14 5 10 0
11 14 5 11 0
11 14 5 12 0
11 14 5 13 0
11 14 5 14 0
11 14 5 15 0
11 14 6 0 0
11 14 6 1 0
11 14 6 2 0
11 14 6 3 0
11 14 6 4 0
11 14 6 5 0
11 14 6 6 0
11 14 6 7 0
11 14 6 8 0
11 14 6 9 0
11 14 6 10 0
11 14 6 11 0
11 14 6 12 0
11 14 6 13 0
11 14 6 14 0
11 14 6 15 0
11 14 7 0 0
11 14 7 1 0
11 14 7 2 0
11 14 7 3 0
11 14 7 4 0
11 14 7 5 0
11 14 7 6 0
11 14 7 7 0
11 14 7 8 0
11 14 7 9 0
11 14 7 10 0
11 14 7 11 0
11 14 7 12 0
11 14 7 13 0
11 14 7 14 0
11 14 7 15 0
11 14 8 0 0
11 14 8 1 0
11 14 8 2 0
11 14 8 3 0
11 14 8 4 0
11 14 8 5 0
11 14 8 6 0
11 14 8 7 0
11 14 8 8 0
11 14 8 9 0
11 14 8 10 0
11 14 8 11 0
11 14 8 12 0
11 14 8 13 0
11 14 8 14 0
11 14 8 15 0
11 14 9 0 0
11 14 9 1 0
11 14 9 2 0
11 14 9 3 0
11 14 9 4 0
11 14 9 5 0
11 14 9 6 0
11 14 9 7 0
11 14 9 8 0
11 14 9 9 0
11 14 9 10 0
11 14 9 11 0
11 14 9 12 0
11 14 9 13 0
11 14 9 14 0
11 14 9 15 0
11 14 10 0 0
11 14 10 1 0
11 14 10 2 0
11 14 10 3 0
11 14 10 4 0
11 14 10 5 0
11 14 10 6 0
11 14 10 7 0
11 14 10 8 0
11 14 10 9 0
11 14 10 10 0
11 14 10 11 0
11 14 10 12 0
11 14 10 13 0
11 14 10 14 0
11 14 10 15 0
11 14 11 0 0
11 14 11 1 0
11 14 11 2 0
11 14 11 3 0
11 14 11 4 0
11 14 11 5 0
11 14 11 6 0
11 14 11 7 0
11 14 11 8 0
11 14 11 9 0
11 14 11 10 0
11 14 11 11 0
11 14 11 12 0
11 14 11 13 0
11 14 11 14 0
11 14 11 15 0
11 14 12 0 0
11 14 12 1 0
11 14 12 2 0
11 14 12 3 0
11 14 12 4 0
11 14 12 5 0
11 14 12 6 0
11 14 12 7 0
11 14 12 8 0
11 14 12 9 0
11 14 12 10 0
11 14 12 11 0
11 14 12 12 0
11 14 12 13 0
11 14 12 14 0
11 14 12 15 0
11 14 13 0 0
11 14 13 1 0
11 14 13 2 0
11 14 13 3 0
11 14 13 4 0
11 14 13 5 0
11 14 13 6 0
11 14 13 7 0
11 14 13 8 0
11 14 13 9 0
11 14 13 10 0
11 14 13 11 0
11 14 13 12 0
11 14 13 13 0
11 14 13 14 0
11 14 13 15 0
11 14 14 0 0
11 14 14 1 0
11 14 14 2 0
11 14 14 3 0
11 14 14 4 0
11 14 14 5 0
11 14 14 6 0
11 14 14 7 0
11 14 14 8 0
11 14 14 9 0
11 14 14 10 0
11 14 14 11 0
11 14 14 12 0
11 14 14 13 0
11 14 14 14 0
11 14 14 15 0
11 14 15 0 0
11 14 15 1 0
11 14 15 2 0
11 14 15 3 0
11 14 15 4 0
11 14 15 5 0
11 14 15 6 0
11 14 15 7 0
11 14 15 8 0
11 14 15 9 0
11 14 15 10 0
11 14 15 11 0
11 14 15 12 0
11 14 15 13 0
11 14 15 14 0
11 14 15 15 0
11 15 0 0 0
11 15 0 1 0
11 15 0 2 0
11 15 0 3 0
11 15 0 4 0
11 15 0 5 0
11 15 0 6 0
11 15 0 7 0
11 15 0 8 0
11 15 0 9 0
11 15 0 10 0
11 15 0 11 0
11 15 0 12 0
11 15 0 13 0
11 15 0 14 0
11 15 0 15 0
11 15 1 0 0
11 15 1 1 0
11 15 1 2 0
11 15 1 3 0
11 15 1 4 0
11 15 1 5 0
11 15 1 6 0
11 15 1 7 0
11 15 1 8 0
11 15 1 9 0
11 15 1 10 0
11 15 1 11 0
11 15 1 12 0
11 15 1 13 0
11 15 1 14 0
11 15 1 15 0
11 15 2 0 0
11 15 2 1 0
11 15 2 2 0
11 15 2 3 0
11 15 2 4 0
11 15 2 5 0
11 15 2 6 0
11 15 2 7 0
11 15 2 8 0
11 15 2 9 0
11 15 2 10 0
11 15 2 11 0
11 15 2 12 0
11 15 2 13 0
11 15 2 14 0
11 15 2 15 0
11 15 3 0 0
11 15 3 1 0
11 15 3 2 0
11 15 3 3 0
11 15 3 4 0
11 15 3 5 0
11 15 3 6 0
11 15 3 7 0
11 15 3 8 0
11 15 3 9 0
11 15 3 10 0
11 15 3 11 0
11 15 3 12 0
11 15 3 13 0
11 15 3 14 0
11 15 3 15 0
11 15 4 0 0
11 15 4 1 0
11 15 4 2 0
11 15 4 3 0
11 15 4 4 0
11 15 4 5 0
11 15 4 6 0
11 15 4 7 0
11 15 4 8 0
11 15 4 9 0
11 15 4 10 0
11 15 4 11 0
11 15 4 12 0
11 15 4 13 0
11 15 4 14 0
11 15 4 15 0
11 15 5 0 0
11 15 5 1 0
11 15 5 2 0
11 15 5 3 0
11 15 5 4 0
11 15 5 5 0
11 15 5 6 0
11 15 5 7 0
11 15 5 8 0
11 15 5 9 0
11 15 5 10 0
11 15 5 11 0
11 15 5 12 0
11 15 5 13 0
11 15 5 14 0
11 15 5 15 0
11 15 6 0 0
11 15 6 1 0
11 15 6 2 0
11 15 6 3 0
11 15 6 4 0
11 15 6 5 0
11 15 6 6 0
11 15 6 7 0
11 15 6 8 0
11 15 6 9 0
11 15 6 10 0
11 15 6 11 0
11 15 6 12 0
11 15 6 13 0
11 15 6 14 0
11 15 6 15 0
11 15 7 0 0
11 15 7 1 0
11 15 7 2 0
11 15 7 3 0
11 15 7 4 0
11 15 7 5 0
11 15 7 6 0
11 15 7 7 0
11 15 7 8 0
11 15 7 9 0
11 15 7 10 0
11 15 7 11 0
11 15 7 12 0
11 15 7 13 0
11 15 7 14 0
11 15 7 15 0
11 15 8 0 0
11 15 8 1 0
11 15 8 2 0
11 15 8 3 0
11 15 8 4 0
11 15 8 5 0
11 15 8 6 0
11 15 8 7 0
11 15 8 8 0
11 15 8 9 0
11 15 8 10 0
11 15 8 11 0
11 15 8 12 0
11 15 8 13 0
11 15 8 14 0
11 15 8 15 0
11 15 9 0 0
11 15 9 1 0
11 15 9 2 0
11 15 9 3 0
11 15 9 4 0
11 15 9 5 0
11 15 9 6 0
11 15 9 7 0
11 15 9 8 0
11 15 9 9 0
11 15 9 10 0
11 15 9 11 0
11 15 9 12 0
11 15 9 13 0
11 15 9 14 0
11 15 9 15 0
11 15 10 0 0
11 15 10 1 0
11 15 10 2 0
11 15 10 3 0
11 15 10 4 0
11 15 10 5 0
11 15 10 6 0
11 15 10 7 0
11 15 10 8 0
11 15 10 9 0
11 15 10 10 0
11 15 10 11 0
11 15 10 12 0
11 15 10 13 0
11 15 10 14 0
11 15 10 15 0
11 15 11 0 0
11 15 11 1 0
11 15 11 2 0
11 15 11 3 0
11 15 11 4 0
11 15 11 5 0
11 15 11 6 0
11 15 11 7 0
11 15 11 8 0
11 15 11 9 0
11 15 11 10 0
11 15 11 11 0
11 15 11 12 0
11 15 11 13 0
11 15 11 14 0
11 15 11 15 0
11 15 12 0 0
11 15 12 1 0
11 15 12 2 0
11 15 12 3 0
11 15 12 4 0
11 15 12 5 0
11 15 12 6 0
11 15 12 7 0
11 15 12 8 0
11 15 12 9 0
11 15 12 10 0
11 15 12 11 0
11 15 12 12 0
11 15 12 13 0
11 15 12 14 0
11 15 12 15 0
11 15 13 0 0
11 15 13 1 0
11 15 13 2 0
11 15 13 3 0
11 15 13 4 0
11 15 13 5 0
11 15 13 6 0
11 15 13 7 0
11 15 13 8 0
11 15 13 9 0
11 15 13 10 0
11 15 13 11 0
11 15 13 12 0
11 15 13 13 0
11 15 13 14 0
11 15 13 15 0
11 15 14 0 0
11 15 14 1 0
11 15 14 2 0
11 15 14 3 0
11 15 14 4 0
11 15 14 5 0
11 15 14 6 0
11 15 14 7 0
11 15 14 8 0
11 15 14 9 0
11 15 14 10 0
11 15 14 11 0
11 15 14 12 0
11 15 14 13 0
11 15 14 14 0
11 15 14 15 0
11 15 15 0 0
11 15 15 1 0
11 15 15 2 0
11 15 15 3 0
11 15 15 4 0
11 15 15 5 0
11 15 15 6 0
11 15 15 7 0
11 15 15 8 0
11 15 15 9 0
11 15 15 10 0
11 15 15 11 0
11 15 15 12 0
11 15 15 13 0
11 15 15 14 0
11 15 15 15 0
12 0 0 0 0
12 0 0 1 0
12 0 0 2 0
12 0 0 3 0
12 0 0 4 0
12 0 0 5 -0.03797536025930687
12 0 0 6 0
12 0 0 7 0
12 0 0 8 0
12 0 0 9 0
12 0 0 10 0
12 0 0 11 0
12 0 0 12 -0.003131834143342878
12 0 0 13 0
12 0 0 14 0
12 0 0 15 0
12 0 1 0 0
12 0 1 1 0
12 0 1 2 0
12 0 1 3 0
12 0 1 4 0
12 0 1 5 0
12 0 1 6 0
12 0 1 7 0
12 0 1 8 0
12 0 1 9 0
12 0 1 10 0
12 0 1 11 0
12 0 1 12 0
12 0 1 13 0
12 0 1 14 0
12 0 1 15 0
12 0 2 0 0
12 0 2 1 0
12 0 2 2 0
12 0 2 3 0
12 0 2 4 0
12 0 2 5 0
12 0 2 6 0
12 0 2 7 0
12 0 2 8 0
12 0 2 9 0
12 0 2 10 0
12 0 2 11 0
12 0 2 12 0
12 0 2 13 0
12 0 2 14 0
12 0 2 15 0
12 0 3 0 0
12 0 3 1 0
12 0 3 2 0
12 0 3 3 0
12 0 3 4 0
12 0 3 5 0
12 0 3 6 0
12 0 3 7 0
12 0 3 8 0
12 0 3 9 0
12 0 3 10 0
12 0 3 11 0
12 0 3 12 0
12 0 3 13 0
12 0 3 14 0
12 0 3 15 0
12 0 4 0 0
12 0 4 1 0
12 0 4 2 0
12 0 4 3 0
12 0 4 4 0
12 0 4 5 0
12 0 4 6 0
12 0 4 7 0
12 0 4 8 0
12 0 4 9 0
12 0 4 10 0
12 0 4 11 0
12 0 4 12 0
12 0 4 13 0
12 0 4 14 0
12 0 4 15 0
12 0 5 0 0.07595072051861373
12 0 5 1 0
12 0 5 2 0
12 0 5 3 0
12 0 5 4 0
12 0 5 5 0
12 0 5 6 0
12 0 5 7 0
12 0 5 8 0
12 0 5 9 0
12 0 5 10 0
12 0 5 11 -0.0002553689772272461
12 0 5 12 0
12 0 5 13 0
12 0 5 14 0
12 0 5 15 0
12 0 6 0 0
12 0 6 1 0
12 0 6 2 0
12 0 6 3 0
12 0 6 4 0
12 0 6 5 0
12 0 6 6 0
12 0 6 7 0
12 0 6 8 0
12 0 6 9 0
12 0 6 10 0
12 0 6 11 0
12 0 6 12 0
12 0 6 13 0
12 0 6 14 0
12 0 6 15 0
12 0 7 0 0
12 0 7 1 0
12 0 7 2 0
12 0 7 3 0
12 0 7 4 0
12 0 7 5 0
12 0 7 6 0
12 0 7 7 0
12 0 7 8 0
12 0 7 9 0
12 0 7 10 0
12 0 7 11 0
12 0 7 12 0
12 0 7 13 0
12 0 7 14 0
12 0 7 15 0
12 0 8 0 0
12 0 8 1 0
12 0 8 2 0
12 0 8 3 0
12 0 8 4 0
12 0 8 5 0
12 0 8 6 0
12 0 8 7 0
12 0 8 8 0
12 0 8 9 0
12 0 8 10 0
12 0 8 11 0
12 0 8 12 0
12 0 8 13 0
12 0 8 14 0
12 0 8 15 0
12 0 9 0 0
12 0 9 1 0
12 0 9 2 0
12 0 9 3 0
12 0 9 4 0
12 0 9 5 0
12 0 9 6 0
12 0 9 7 0
12 0 9 8 0
12 0 9 9 0
12 0 9 10 0
12 0 9 11 0
12 0 9 12 0
12 0 9 13 0
12 0 9 14 0
12 0 9 15 0
12 0 10 0 0
12 0 10 1 0
12 0 10 2 0
12 0 10 3 0
12 0 10 4 0
12 0 10 5 0
12 0 10 6 0
12 0 10 7 0
12 0 10 8 0
12 0 10 9 0
12 0 10 10 0
12 0 10 11 0
12 0 10 12 0
12 0 10 13 0
12 0 10 14 0
12 0 10 15 0
12 0 11 0 0
12 0 11 1 0
12 0 11 2 0
12 0 11 3 0
12 0 11 4 0
12 0 11 5 0.0001093681787962762
12 0 11 6 0
12 0 11 7 0
12 0 11 8 0
12 0 11 9 0
12 0 11 10 0
12 0 11 11 0
12 0 11 12 0
12 0 11 13 0
12 0 11 14 0
12 0 11 15 0
12 0 12 0 0.006263668286685757
12 0 12 1 0
12 0 12 2 0
12 0 12 3 0
12 0 12 4 0
12 0 12 5 0
12 0 12 6 0
12 0 12 7 0
12 0 12 8 0
12 0 12 9 0
12 0 12 10 0
12 0 12 11 0
12 0 12 12 0
12 0 12 13 0
12 0 12 14 0
12 0 12 15 0
12 0 13 0 0
12 0 13 1 0
12 0 13 2 0
12 0 13 3 0
12 0 13 4 0
12 0 13 5 0
12 0 13 6 0
12 0 13 7 0
12 0 13 8 0
12 0 13 9 0
12 0 13 10 0
12 0 13 11 0
12 0 13 12 0
12 0 13 13 0
12 0 13 14 0
12 0 13 15 0
12 0 14 0 0
12 0 14 1 0
12 0 14 2 0
12 0 14 3 0
12 0 14 4 0
12 0 14 5 0
12 0 14 6 0
12 0 14 7 0
12 0 14 8 0
12 0 14 9 0
12 0 14 10 0
12 0 14 11 0
12 0 14 12 0
12 0 14 13 0
12 0 14 14 0
12 0 14 15 0
12 0 15 0 0
12 0 15 1 0
12 0 15 2 0
12 0 15 3 0
12 0 15 4 0
12 0 15 5 0
12 0 15 6 0
12 0 15 7 0
12 0 15 8 0
12 0 15 9 0
12 0 15 10 0
12 0 15 11 0
12 0 15 12 0
12 0 15 13 0
12 0 15 14 0
12 0 15 15 0
12 1 0 0 0
12 1 0 1 0
12 1 0 2 0
12 1 0 3 0
12 1 0 4 0
12 1 0 5 0
12 1 0 6 0
12 1 0 7 0
12 1 0 8 0
12 1 0 9 0
12 1 0 10 0
12 1 0 11 0
12 1 0 12 0
12 1 0 13 0
12 1 0 14 0
12 1 0 15 0
12 1 1 0 0
12 1 1 1 0
12 1 1 2 0
12 1 1 3 0
12 1 1 4 0
12 1 1 5 -0.03797536025930687
12 1 1 6 0
12 1 1 7 0
12 1 1 8 0
12 1 1 9 0
12 1 1 10 0
12 1 1 11 0
12 1 1 12 -0.003131834143342878
12 1 1 13 0
12 1 1 14 0
12 1 1 15 0
12 1 2 0 0
12 1 2 1 0
12 1 2 2 0
12 1 2 3 0
12 1 2 4 0
12 1 2 5 0
12 1 2 6 0
12 1 2 7 0
12 1 2 8 0
12 1 2 9 0
12 1 2 10 0
12 1 2 11 0
12 1 2 12 0
12 1 2 13 0
12 1 2 14 0
12 1 2 15 0
12 1 3 0 0
12 1 3 1 0
12 1 3 2 0
12 1 3 3 0
12 1 3 4 0
12 1 3 5 0
12 1 3 6 0
12 1 3 7 0
12 1 3 8 0
12 1 3 9 0
12 1 3 10 0
12 1 3 11 0
12 1 3 12 0
12 1 3 13 0
12 1 3 14 0
12 1 3 15 0
12 1 4 0 0
12 1 4 1 0
12 1 4 2 0
12 1 4 3 0
12 1 4 4 0
12 1 4 5 0
12 1 4 6 0
12 1 4 7 0
12 1 4 8 0
12 1 4 9 0
12 1 4 10 0
12 1 4 11 0
12 1 4 12 0
12 1 4 13 0
12 1 4 14 0
12 1 4 15 0
12 1 5 0 0
12 1 5 1 0.07595072051861373
12 1 5 2 0
12 1 5 3 0
12 1 5 4 0
12 1 5 5 0
12 1 5 6 0
12 1 5 7 0
12 1 5 8 0
12 1 5 9 0
12 1 5 10 0
12 1 5 11 0
12 1 5 12 0
12 1 5 13 0
12 1 5 14 0
12 1 5 15 0.0003133107111770025
12 1 6 0 0
12 1 6 1 0
12 1 6 2 0
12 1 6 3 0
12 1 6 4 0
12 1 6 5 0
12 1 6 6 0
12 1 6 7 0
12 1 6 8 0
12 1 6 9 0
12 1 6 10 0
12 1 6 11 0
12 1 6 12 0
12 1 6 13 0
12 1 6 14 0
12 1 6 15 0
12 1 7 0 0
12 1 7 1 0
12 1 7 2 0
12 1 7 3 0
12 1 7 4 0
12 1 7 5 0
12 1 7 6 0
12 1 7 7 0
12 1 7 8 0
12 1 7 9 0
12 1 7 10 0
12 1 7 11 0
12 1 7 12 0
12 1 7 13 0
12 1 7 14 0
12 1 7 15 0
12 1 8 0 0
12 1 8 1 0
12 1 8 2 0
12 1 8 3 0
12 1 8 4 0
12 1 8 5 0
12 1 8 6 0
12 1 8 7 0
12 1 8 8 0
12 1 8 9 0
12 1 8 10 0
12 1 8 11 0
12 1 8 12 0
12 1 8 13 0
12 1 8 14 0
12 1 8 15 0
12 1 9 0 0
12 1 9 1 0
12 1 9 2 0
12 1 9 3 0
12 1 9 4 0
12 1 9 5 0
12 1 9 6 0
12 1 9 7 0
12 1 9 8 0
12 1 9 9 0
12 1 9 10 0
12 1 9 11 0
12 1 9 12 0
12 1 9 13 0
12 1 9 14 0
12 1 9 15 0
12 1 10 0 0
12 1 10 1 0
12 1 10 2 0
12 1 10 3 0
12 1 10 4 0
12 1 10 5 0
12 1 10 6 0
12 1 10 7 0
12 1 10 8 0
12 1 10 9 0
12 1 10 10 0
12 1 10 11 0
12 1 10 12 0
12 1 10 13 0
12 1 10 14 0
12 1 10 15 0
12 1 11 0 0
12 1 11 1 0
12 1 11 2 0
12 1 11 3 0
12 1 11 4 0
12 1 11 5 0
12 1 11 6 0
12 1 11 7 0
12 1 11 8 0
12 1 11 9 0
12 1 11 10 0
12 1 11 11 0
12 1 11 12 0
12 1 11 13 0
12 1 11 14 0
12 1 11 15 0
12 1 12 0 0
12 1 12 1 0.006263668286685757
12 1 12 2 0
12 1 12 3 0
12 1 12 4 0
12 1 12 5 0
12 1 12 6 0
12 1 12 7 0
12 1 12 8 0
12 1 12 9 0
12 1 12 10 0
12 1 12 11 0
12 1 12 12 0
12 1 12 13 0
12 1 12 14 0
12 1 12 15 0
12 1 13 0 0
12 1 13 1 0
12 1 13 2 0
12 1 13 3 0
12 1 13 4 0
12 1 13 5 0
12 1 13 6 0
12 1 13 7 0
12 1 13 8 0
12 1 13 9 0
12 1 13 10 0
12 1 13 11 0
12 1 13 12 0
12 1 13 13 0
12 1 13 14 0
12 1 13 15 0
12 1 14 0 0
12 1 14 1 0
12 1 14 2 0
12 1 14 3 0
12 1 14 4 0
12 1 14 5 0
12 1 14 6 0
12 1 14 7 0
12 1 14 8 0
12 1 14 9 0
12 1 14 10 0
12 1 14 11 0
12 1 14 12 0
12 1 14 13 0
12 1 14 14 0
12 1 14 15 0
12 1 15 0 0
12 1 15 1 0
12 1 15 2 0
12 1 15 3 0
12 1 15 4 0
12 1 15 5 -0.0001751512355567895
12 1 15 6 0
12 1 15 7 0
12 1 15 8 0
12 1 15 9 0
12 1 15 10 0
12 1 15 11 0
12 1 15 12 0
12 1 15 13 0
12 1 15 14 0
12 1 15 15 0
12 2 0 0 0
12 2 0 1 0
12 2 0 2 0
12 2 0 3 0
12 2 0 4 0
12 2 0 5 0
12 2 0 6 0
12 2 0 7 0
12 2 0 8 0
12 2 0 9 0
12 2 0 10 0
12 2 0 11 0
12 2 0 12 0
12 2 0 13 0
12 2 0 14 0
12 2 0 15 0
12 2 1 0 0
12 2 1 1 0
12 2 1 2 0
12 2 1 3 0
12 2 1 4 0
12 2 1 5 0
12 2 1 6 0
12 2 1 7 0
12 2 1 8 0
12 2 1 9 0
12 2 1 10 0
12 2 1 11 0
12 2 1 12 0
12 2 1 13 0
12 2 1 14 0
12 2 1 15 0
12 2 2 0 0
12 2 2 1 0
12 2 2 2 0
12 2 2 3 0
12 2 2 4 0
12 2 2 5 -0.03797536025930687
12 2 2 6 0
12 2 2 7 0
12 2 2 8 0
12 2 2 9 0
12 2 2 10 0
12 2 2 11 0
12 2 2 12 -0.003131834143342878
12 2 2 13 0
12 2 2 14 0
12 2 2 15 0
12 2 3 0 0
12 2 3 1 0
12 2 3 2 0
12 2 3 3 0
12 2 3 4 0
12 2 3 5 0
12 2 3 6 0
12 2 3 7 0
12 2 3 8 0
12 2 3 9 0
12 2 3 10 0
12 2 3 11 0
12 2 3 12 0
12 2 3 13 0
12 2 3 14 0
12 2 3 15 0
12 2 4 0 0
12 2 4 1 0
12 2 4 2 0
12 2 4 3 0
12 2 4 4 0
12 2 4 5 0
12 2 4 6 0
12 2 4 7 -0.006234122320715949
12 2 4 8 0
12 2 4 9 0
12 2 4 10 0
12 2 4 11 0
12 2 4 12 0
12 2 4 13 0
12 2 4 14 0
12 2 4 15 0
12 2 5 0 0
12 2 5 1 0
12 2 5 2 0.07595072051861373
12 2 5 3 0
12 2 5 4 0
12 2 5 5 0
12 2 5 6 0
12 2 5 7 0
12 2 5 8 0
12 2 5 9 0
12 2 5 10 0
12 2 5 11 -0.0006748956123213081
12 2 5 12 0
12 2 5 13 0
12 2 5 14 0.00123212501727188
12 2 5 15 0
12 2 6 0 0
12 2 6 1 0
12 2 6 2 0
12 2 6 3 0
12 2 6 4 0
12 2 6 5 0
12 2 6 6 0
12 2 6 7 0
12 2 6 8 0
12 2 6 9 0
12 2 6 10 0
12 2 6 11 0
12 2 6 12 0
12 2 6 13 0
12 2 6 14 0
12 2 6 15 0
12 2 7 0 0
12 2 7 1 0
12 2 7 2 0
12 2 7 3 0
12 2 7 4 0.02149394314781867
12 2 7 5 0
12 2 7 6 0
12 2 7 7 0
12 2 7 8 0
12 2 7 9 0
12 2 7 10 0
12 2 7 11 0
12 2 7 12 0
12 2 7 13 0
12 2 7 14 0
12 2 7 15 0
12 2 8 0 0
12 2 8 1 0
12 2 8 2 0
12 2 8 3 0
12 2 8 4 0
12 2 8 5 0
12 2 8 6 0
12 2 8 7 0
12 2 8 8 0
12 2 8 9 0
12 2 8 10 0
12 2 8 11 0
12 2 8 12 0
12 2 8 13 0
12 2 8 14 0
12 2 8 15 0
12 2 9 0 0
12 2 9 1 0
12 2 9 2 0
12 2 9 3 0
12 2 9 4 0
12 2 9 5 0
12 2 9 6 0
12 2 9 7 0
12 2 9 8 0
12 2 9 9 0
12 2 9 10 0
12 2 9 11 0
12 2 9 12 0
12 2 9 13 0
12 2 9 14 0
12 2 9 15 0
12 2 10 0 0
12 2 10 1 0
12 2 10 2 0
12 2 10 3 0
12 2 10 4 0
12 2 10 5 0
12 2 10 6 0
12 2 10 7 0
12 2 10 8 0
12 2 10 9 0
12 2 10 10 0
12 2 10 11 0
12 2 10 12 0
12 2 10 13 0
12 2 10 14 0
12 2 10 15 0
12 2 11 0 0
12 2 11 1 0
12 2 11 2 0
12 2 11 3 0
12 2 11 4 0
12 2 11 5 0.0002870223226814401
12 2 11 6 0
12 2 11 7 0
12 2 11 8 0
12 2 11 9 0
12 2 11 10 0
12 2 11 11 0
12 2 11 12 0
12 2 11 13 0
12 2 11 14 0
12 2 11 15 0
12 2 12 0 0
12 2 12 1 0
12 2 12 2 0.006263668286685757
12 2 12 3 0
12 2 12 4 0
12 2 12 5 0
12 2 12 6 0
12 2 12 7 0
12 2 12 8 0
12 2 12 9 0
12 2 12 10 0
12 2 12 11 0
12 2 12 12 0
12 2 12 13 0
12 2 12 14 0
12 2 12 15 0
12 2 13 0 0
12 2 13 1 0
12 2 13 2 0
12 2 13 3 0
12 2 13 4 0
12 2 13 5 0
12 2 13 6 0
12 2 13 7 0
12 2 13 8 0
12 2 13 9 0
12 2 13 10 0
12 2 13 11 0
12 2 13 12 0
12 2 13 13 0
12 2 13 14 0
12 2 13 15 0
12 2 14 0 0
12 2 14 1 0
12 2 14 2 0
12 2 14 3 0
12 2 14 4 0
12 2 14 5 -0.0003721335593547591
12 2 14 6 0
12 2 14 7 0
12 2 14 8 0
12 2 14 9 0
12 2 14 10 0
12 2 14 11 0
12 2 14 12 0
12 2 14 13 0
12 2 14 14 0
12 2 14 15 0
12 2 15 0 0
12 2 15 1 0
12 2 15 2 0
12 2 15 3 0
12 2 15 4 0
12 2 15 5 0
12 2 15 6 0
12 2 15 7 0
12 2 15 8 0
12 2 15 9 0
12 2 15 10 0
12 2 15 11 0
12 2 15 12 0
12 2 15 13 0
12 2 15 14 0
12 2 15 15 0
12 3 0 0 0
12 3 0 1 0
12 3 0 2 0
12 3 0 3 0
12 3 0 4 0
12 3 0 5 0
12 3 0 6 0
12 3 0 7 0
12 3 0 8 0
12 3 0 9 0
12 3 0 10 0
12 3 0 11 0
12 3 0 12 0
12 3 0 13 0
12 3 0 14 0
12 3 0 15 0
12 3 1 0 0
12 3 1 1 0
12 3 1 2 0
12 3 1 3 0
12 3 1 4 0
12 3 1 5 0
12 3 1 6 0
12 3 1 7 0
12 3 1 8 0
12 3 1 9 0
12 3 1 10 0
12 3 1 11 0
12 3 1 12 0
12 3 1 13 0
12 3 1 14 0
12 3 1 15 0
12 3 2 0 0
12 3 2 1 0
12 3 2 2 0
12 3 2 3 0
12 3 2 4 0
12 3 2 5 0
12 3 2 6 0
12 3 2 7 0
12 3 2 8 0
12 3 2 9 0
12 3 2 10 0
12 3 2 11 0
12 3 2 12 0
12 3 2 13 0
12 3 2 14 0
12 3 2 15 0
12 3 3 0 0
12 3 3 1 0
12 3 3 2 0
12 3 3 3 0
12 3 3 4 0
12 3 3 5 -0.004358385540017612
12 3 3 6 0
12 3 3 7 0
12 3 3 8 0
12 3 3 9 0
12 3 3 10 0
12 3 3 11 0
12 3 3 12 -0.001221459849994495
12 3 3 13 0
12 3 3 14 0
12 3 3 15 0
12 3 4 0 0
12 3 4 1 0
12 3 4 2 0
12 3 4 3 0
12 3 4 4 0
12 3 4 5 0
12 3 4 6 -0.005101400631258672
12 3 4 7 0
12 3 4 8 0
12 3 4 9 0
12 3 4 10 0
12 3 4 11 0
12 3 4 12 0
12 3 4 13 0.0005802264624822398
12 3 4 14 0
12 3 4 15 0
12 3 5 0 0
12 3 5 1 0
12 3 5 2 0
12 3 5 3 0.0555143969482341
12 3 5 4 0
12 3 5 5 0
12 3 5 6 0
12 3 5 7 0
12 3 5 8 0.002725109238760547
12 3 5 9 0
12 3 5 10 0
12 3 5 11 0
12 3 5 12 0
12 3 5 13 0
12 3 5 14 0
12 3 5 15 0
12 3 6 0 0
12 3 6 1 0
12 3 6 2 0
12 3 6 3 0
12 3 6 4 -0.04940112303230675
12 3 6 5 0
12 3 6 6 0
12 3 6 7 0
12 3 6 8 0
12 3 6 9 -0.002291587803698779
12 3 6 10 0
12 3 6 11 0
12 3 6 12 0
12 3 6 13 0
12 3 6 14 0
12 3 6 15 0
12 3 7 0 0
12 3 7 1 0
12 3 7 2 0
12 3 7 3 0
12 3 7 4 0
12 3 7 5 0
12 3 7 6 0
12 3 7 7 0
12 3 7 8 0
12 3 7 9 0
12 3 7 10 0
12 3 7 11 0
12 3 7 12 0
12 3 7 13 0
12 3 7 14 0
12 3 7 15 0
12 3 8 0 0
12 3 8 1 0
12 3 8 2 0
12 3 8 3 0
12 3 8 4 0
12 3 8 5 0.0006221061085531106
12 3 8 6 0
12 3 8 7 0
12 3 8 8 0
12 3 8 9 0
12 3 8 10 0
12 3 8 11 0
12 3 8 12 0
12 3 8 13 0
12 3 8 14 0
12 3 8 15 0
12 3 9 0 0
12 3 9 1 0
12 3 9 2 0
12 3 9 3 0
12 3 9 4 0
12 3 9 5 0
12 3 9 6 -0.001282990261579615
12 3 9 7 0
12 3 9 8 0
12 3 9 9 0
12 3 9 10 0
12 3 9 11 0
12 3 9 12 0
12 3 9 13 0
12 3 9 14 0
12 3 9 15 0
12 3 10 0 0
12 3 10 1 0
12 3 10 2 0
12 3 10 3 0
12 3 10 4 0
12 3 10 5 0
12 3 10 6 0
12 3 10 7 0
12 3 10 8 0
12 3 10 9 0
12 3 10 10 0
12 3 10 11 0
12 3 10 12 0
12 3 10 13 0
12 3 10 14 0
12 3 10 15 0
12 3 11 0 0
12 3 11 1 0
12 3 11 2 0
12 3 11 3 0
12 3 11 4 0
12 3 11 5 0
12 3 11 6 0
12 3 11 7 0
12 3 11 8 0
12 3 11 9 0
12 3 11 10 0
12 3 11 11 0
12 3 11 12 0
12 3 11 13 0
12 3 11 14 0
12 3 11 15 0
12 3 12 0 0
12 3 12 1 0
12 3 12 2 0
12 3 12 3 0.004852873410970941
12 3 12 4 0
12 3 12 5 0
12 3 12 6 0
12 3 12 7 0
12 3 12 8 0
12 3 12 9 0
12 3 12 10 0
12 3 12 11 0
12 3 12 12 0
12 3 12 13 0
12 3 12 14 0
12 3 12 15 0
12 3 13 0 0
12 3 13 1 0
12 3 13 2 0
12 3 13 3 0
12 3 13 4 -0.004129390043362869
12 3 13 5 0
12 3 13 6 0
12 3 13 7 0
12 3 13 8 0
12 3 13 9 0
12 3 13 10 0
12 3 13 11 0
12 3 13 12 0
12 3 13 13 0
12 3 13 14 0
12 3 13 15 0
12 3 14 0 0
12 3 14 1 0
12 3 14 2 0
12 3 14 3 0
12 3 14 4 0
12 3 14 5 0
12 3 14 6 0
12 3 14 7 0
12 3 14 8 0
12 3 14 9 0
12 3 14 10 0
12 3 14 11 0
12 3 14 12 0
12 3 14 13 0
12 3 14 14 0
12 3 14 15 0
12 3 15 0 0
12 3 15 1 0
12 3 15 2 0
12 3 15 3 0
12 3 15 4 0
12 3 15 5 0
12 3 15 6 0
12 3 15 7 0
12 3 15 8 0
12 3 15 9 0
12 3 15 10 0
12 3 15 11 0
12 3 15 12 0
12 3 15 13 0
12 3 15 14 0
12 3 15 15 0
12 4 0 0 0
12 4 0 1 0
12 4 0 2 0
12 4 0 3 0
12 4 0 4 0
12 4 0 5 0
12 4 0 6 0
12 4 0 7 0
12 4 0 8 0
12 4 0 9 0
12 4 0 10 0
12 4 0 11 0
12 4 0 12 0
12 4 0 13 0
12 4 0 14 0
12 4 0 15 0
12 4 1 0 0
12 4 1 1 0
12 4 1 2 0
12 4 1 3 0
12 4 1 4 0
12 4 1 5 0
12 4 1 6 0
12 4 1 7 0
12 4 1 8 0
12 4 1 9 0
12 4 1 10 0
12 4 1 11 0
12 4 1 12 0
12 4 1 13 0
12 4 1 14 0
12 4 1 15 0
12 4 2 0 0
12 4 2 1 0
12 4 2 2 0
12 4 2 3 0
12 4 2 4 0
12 4 2 5 0
12 4 2 6 0
12 4 2 7 0
12 4 2 8 0
12 4 2 9 0
12 4 2 10 0
12 4 2 11 0
12 4 2 12 0
12 4 2 13 0
12 4 2 14 0
12 4 2 15 0
12 4 3 0 0
12 4 3 1 0
12 4 3 2 0
12 4 3 3 0
12 4 3 4 0
12 4 3 5 0
12 4 3 6 0
12 4 3 7 0
12 4 3 8 0
12 4 3 9 0
12 4 3 10 0
12 4 3 11 0
12 4 3 12 0
12 4 3 13 0
12 4 3 14 0
12 4 3 15 0
12 4 4 0 0
12 4 4 1 0
12 4 4 2 0
12 4 4 3 0
12 4 4 4 0
12 4 4 5 -0.02119278604192504
12 4 4 6 0
12 4 4 7 0
12 4 4 8 0
12 4 4 9 0
12 4 4 10 0
12 4 4 11 0
12 4 4 12 -0.001392405978662031
12 4 4 13 0
12 4 4 14 0
12 4 4 15 0
12 4 5 0 0
12 4 5 1 0
12 4 5 2 0
12 4 5 3 0
12 4 5 4 0.02043632357037963
12 4 5 5 0
12 4 5 6 0
12 4 5 7 0
12 4 5 8 0
12 4 5 9 0.001296810955905865
12 4 5 10 0
12 4 5 11 0
12 4 5 12 0
12 4 5 13 0
12 4 5 14 0
12 4 5 15 0
12 4 6 0 0
12 4 6 1 0
12 4 6 2 0
12 4 6 3 0
12 4 6 4 0
12 4 6 5 0
12 4 6 6 0
12 4 6 7 0
12 4 6 8 0
12 4 6 9 0
12 4 6 10 0
12 4 6 11 0
12 4 6 12 0
12 4 6 13 0
12 4 6 14 0
12 4 6 15 0
12 4 7 0 0
12 4 7 1 0
12 4 7 2 0
12 4 7 3 0
12 4 7 4 0
12 4 7 5 0
12 4 7 6 0
12 4 7 7 0
12 4 7 8 0
12 4 7 9 0
12 4 7 10 0
12 4 7 11 0
12 4 7 12 0
12 4 7 13 0
12 4 7 14 0
12 4 7 15 0
12 4 8 0 0
12 4 8 1 0
12 4 8 2 0
12 4 8 3 0
12 4 8 4 0
12 4 8 5 0
12 4 8 6 0
12 4 8 7 0
12 4 8 8 0
12 4 8 9 0
12 4 8 10 0
12 4 8 11 0
12 4 8 12 0
12 4 8 13 0
12 4 8 14 0
12 4 8 15 0
12 4 9 0 0
12 4 9 1 0
12 4 9 2 0
12 4 9 3 0
12 4 9 4 0
12 4 9 5 -0.001439832511893362
12 4 9 6 0
12 4 9 7 0
12 4 9 8 0
12 4 9 9 0
12 4 9 10 0
12 4 9 11 0
12 4 9 12 0
12 4 9 13 0
12 4 9 14 0
12 4 9 15 0
12 4 10 0 0
12 4 10 1 0
12 4 10 2 0
12 4 10 3 0
12 4 10 4 0
12 4 10 5 0
12 4 10 6 0
12 4 10 7 0
12 4 10 8 0
12 4 10 9 0
12 4 10 10 0
12 4 10 11 0
12 4 10 12 0
12 4 10 13 0
12 4 10 14 0
12 4 10 15 0
12 4 11 0 0
12 4 11 1 0
12 4 11 2 0
12 4 11 3 0
12 4 11 4 0
12 4 11 5 0
12 4 11 6 0
12 4 11 7 0
12 4 11 8 0
12 4 11 9 0
12 4 11 10 0
12 4 11 11 0
12 4 11 12 0
12 4 11 13 0
12 4 11 14 0
12 4 11 15 0
12 4 12 0 0
12 4 12 1 0
12 4 12 2 0
12 4 12 3 0
12 4 12 4 0.001410794875714816
12 4 12 5 0
12 4 12 6 0
12 4 12 7 0
12 4 12 8 0
12 4 12 9 0
12 4 12 10 0
12 4 12 11 0
12 4 12 12 0
12 4 12 13 0
12 4 12 14 0
12 4 12 15 0
12 4 13 0 0
12 4 13 1 0
12 4 13 2 0
12 4 13 3 0
12 4 13 4 0
12 4 13 5 0
12 4 13 6 0
12 4 13 7 0
12 4 13 8 0
12 4 13 9 0
12 4 13 10 0
12 4 13 11 0
12 4 13 12 0
12 4 13 13 0
12 4 13 14 0
12 4 13 15 0
12 4 14 0 0
12 4 14 1 0
12 4 14 2 0
12 4 14 3 0
12 4 14 4 0
12 4 14 5 0
12 4 14 6 0
12 4 14 7 0
12 4 14 8 0
12 4 14 9 0
12 4 14 10 0
12 4 14 11 0
12 4 14 12 0
12 4 14 13 0
12 4 14 14 0
12 4 14 15 0
12 4 15 0 0
12 4 15 1 0
12 4 15 2 0
12 4 15 3 0
12 4 15 4 0
12 4 15 5 0
12 4 15 6 0
12 4 15 7 0
12 4 15 8 0
12 4 15 9 0
12 4 15 10 0
12 4 15 11 0
12 4 15 12 0
12 4 15 13 0
12 4 15 14 0
12 4 15 15 0
12 5 0 0 0
12 5 0 1 0
12 5 0 2 0
12 5 0 3 0
12 5 0 4 0
12 5 0 5 0
12 5 0 6 0
12 5 0 7 0
12 5 0 8 0
12 5 0 9 0
12 5 0 10 0
12 5 0 11 0
12 5 0 12 0
12 5 0 13 0
12 5 0 14 0
12 5 0 15 0
12 5 1 0 0
12 5 1 1 0
12 5 1 2 0
12 5 1 3 0
12 5 1 4 0
12 5 1 5 0
12 5 1 6 0
12 5 1 7 0
12 5 1 8 0
12 5 1 9 0
12 5 1 10 0
12 5 1 11 0
12 5 1 12 0
12 5 1 13 0
12 5 1 14 0
12 5 1 15 0
12 5 2 0 0
12 5 2 1 0
12 5 2 2 0
12 5 2 3 0
12 5 2 4 0
12 5 2 5 0
12 5 2 6 0
12 5 2 7 0
12 5 2 8 0
12 5 2 9 0
12 5 2 10 0
12 5 2 11 0
12 5 2 12 0
12 5 2 13 0
12 5 2 14 0
12 5 2 15 0
12 5 3 0 0
12 5 3 1 0
12 5 3 2 0
12 5 3 3 0
12 5 3 4 0
12 5 3 5 0
12 5 3 6 0
12 5 3 7 0
12 5 3 8 0
12 5 3 9 0
12 5 3 10 0
12 5 3 11 0
12 5 3 12 0
12 5 3 13 0
12 5 3 14 0
12 5 3 15 0
12 5 4 0 0
12 5 4 1 0
12 5 4 2 0
12 5 4 3 0
12 5 4 4 -0.02511433469373535
12 5 4 5 0
12 5 4 6 0
12 5 4 7 0
12 5 4 8 0
12 5 4 9 -0.001493542692037848
12 5 4 10 0
12 5 4 11 0
12 5 4 12 0
12 5 4 13 0
12 5 4 14 0
12 5 4 15 0
12 5 5 0 0
12 5 5 1 0
12 5 5 2 0
12 5 5 3 0
12 5 5 4 0
12 5 5 5 0.01753903668892724
12 5 5 6 0
12 5 5 7 0
12 5 5 8 0
12 5 5 9 0
12 5 5 10 0
12 5 5 11 0
12 5 5 12 0.001721039267628062
12 5 5 13 0
12 5 5 14 0
12 5 5 15 0
12 5 6 0 0
12 5 6 1 0
12 5 6 2 0
12 5 6 3 0
12 5 6 4 0
12 5 6 5 0
12 5 6 6 0
12 5 6 7 0
12 5 6 8 0
12 5 6 9 0
12 5 6 10 0
12 5 6 11 0
12 5 6 12 0
12 5 6 13 0
12 5 6 14 0
12 5 6 15 0
12 5 7 0 0
12 5 7 1 0
12 5 7 2 0
12 5 7 3 0
12 5 7 4 0
12 5 7 5 0
12 5 7 6 0
12 5 7 7 0
12 5 7 8 0
12 5 7 9 0
12 5 7 10 0
12 5 7 11 0
12 5 7 12 0
12 5 7 13 0
12 5 7 14 0
12 5 7 15 0
12 5 8 0 0
12 5 8 1 0
12 5 8 2 0
12 5 8 3 0
12 5 8 4 0
12 5 8 5 0
12 5 8 6 0
12 5 8 7 0
12 5 8 8 0
12 5 8 9 0
12 5 8 10 0
12 5 8 11 0
12 5 8 12 0
12 5 8 13 0
12 5 8 14 0
12 5 8 15 0
12 5 9 0 0
12 5 9 1 0
12 5 9 2 0
12 5 9 3 0
12 5 9 4 -0.001493542692037848
12 5 9 5 0
12 5 9 6 0
12 5 9 7 0
12 5 9 8 0
12 5 9 9 0
12 5 9 10 0
12 5 9 11 0
12 5 9 12 0
12 5 9 13 0
12 5 9 14 0
12 5 9 15 0
12 5 10 0 0
12 5 10 1 0
12 5 10 2 0
12 5 10 3 0
12 5 10 4 0
12 5 10 5 0
12 5 10 6 0
12 5 10 7 0
12 5 10 8 0
12 5 10 9 0
12 5 10 10 0
12 5 10 11 0
12 5 10 12 0
12 5 10 13 0
12 5 10 14 0
12 5 10 15 0
12 5 11 0 0
12 5 11 1 0
12 5 11 2 0
12 5 11 3 0
12 5 11 4 0
12 5 11 5 0
12 5 11 6 0
12 5 11 7 0
12 5 11 8 0
12 5 11 9 0
12 5 11 10 0
12 5 11 11 0
12 5 11 12 0
12 5 11 13 0
12 5 11 14 0
12 5 11 15 0
12 5 12 0 0
12 5 12 1 0
12 5 12 2 0
12 5 12 3 0
12 5 12 4 0
12 5 12 5 0.001721039267628062
12 5 12 6 0
12 5 12 7 0
12 5 12 8 0
12 5 12 9 0
12 5 12 10 0
12 5 12 11 0
12 5 12 12 0
12 5 12 13 0
12 5 12 14 0
12 5 12 15 0
12 5 13 0 0
12 5 13 1 0
12 5 13 2 0
12 5 13 3 0
12 5 13 4 0
12 5 13 5 0
12 5 13 6 0
12 5 13 7 0
12 5 13 8 0
12 5 13 9 0
12 5 13 10 0
12 5 13 11 0
12 5 13 12 0
12 5 13 13 0
12 5 13 14 0
12 5 13 15 0
12 5 14 0 0
12 5 14 1 0
12 5 14 2 0
12 5 14 3 0
12 5 14 4 0
12 5 14 5 0
12 5 14 6 0
12 5 14 7 0
12 5 14 8 0
12 5 14 9 0
12 5 14 10 0
12 5 14 11 0
12 5 14 12 0
12 5 14 13 0
12 5 14 14 0
12 5 14 15 0
12 5 15 0 0
12 5 15 1 0
12 5 15 2 0
12 5 15 3 0
12 5 15 4 0
12 5 15 5 0
12 5 15 6 0
12 5 15 7 0
12 5 15 8 0
12 5 15 9 0
12 5 15 10 0
12 5 15 11 0
12 5 15 12 0
12 5 15 13 0
12 5 15 14 0
12 5 15 15 0
12 6 0 0 0
12 6 0 1 0
12 6 0 2 0
12 6 0 3 0
12 6 0 4 0
12 6 0 5 0
12 6 0 6 0
12 6 0 7 0
12 6 0 8 0
12 6 0 9 0
12 6 0 10 0
12 6 0 11 0
12 6 0 12 0
12 6 0 13 0
12 6 0 14 0
12 6 0 15 0
12 6 1 0 0
12 6 1 1 0
12 6 1 2 0
12 6 1 3 0
12 6 1 4 0
12 6 1 5 0
12 6 1 6 0
12 6 1 7 0
12 6 1 8 0
12 6 1 9 0
12 6 1 10 0
12 6 1 11 0
12 6 1 12 0
12 6 1 13 0
12 6 1 14 0
12 6 1 15 0
12 6 2 0 0
12 6 2 1 0
12 6 2 2 0
12 6 2 3 0
12 6 2 4 0
12 6 2 5 0
12 6 2 6 0
12 6 2 7 0
12 6 2 8 0
12 6 2 9 0
12 6 2 10 0
12 6 2 11 0
12 6 2 12 0
12 6 2 13 0
12 6 2 14 0
12 6 2 15 0
12 6 3 0 0
12 6 3 1 0
12 6 3 2 0
12 6 3 3 0
12 6 3 4 -0.02645973685373743
12 6 3 5 0
12 6 3 6 0
12 6 3 7 0
12 6 3 8 0
12 6 3 9 -0.001573553394627723
12 6 3 10 0
12 6 3 11 0
12 6 3 12 0
12 6 3 13 0
12 6 3 14 0
12 6 3 15 0
12 6 4 0 0
12 6 4 1 0
12 6 4 2 0
12 6 4 3 -0.002595996656309945
12 6 4 4 0
12 6 4 5 0
12 6 4 6 0
12 6 4 7 0
12 6 4 8 -0.0001722092668034685
12 6 4 9 0
12 6 4 10 0
12 6 4 11 0
12 6 4 12 0
12 6 4 13 0
12 6 4 14 0
12 6 4 15 0
12 6 5 0 0
12 6 5 1 0
12 6 5 2 0
12 6 5 3 0
12 6 5 4 0
12 6 5 5 0
12 6 5 6 0.02043632357037963
12 6 5 7 0
12 6 5 8 0
12 6 5 9 0
12 6 5 10 0
12 6 5 11 0
12 6 5 12 0
12 6 5 13 0.001429268065734163
12 6 5 14 0
12 6 5 15 0
12 6 6 0 0
12 6 6 1 0
12 6 6 2 0
12 6 6 3 0
12 6 6 4 0
12 6 6 5 0.008012134893015417
12 6 6 6 0
12 6 6 7 0
12 6 6 8 0
12 6 6 9 0
12 6 6 10 0
12 6 6 11 0
12 6 6 12 0.0008928265610284639
12 6 6 13 0
12 6 6 14 0
12 6 6 15 0
12 6 7 0 0
12 6 7 1 0
12 6 7 2 0
12 6 7 3 0
12 6 7 4 0
12 6 7 5 0
12 6 7 6 0
12 6 7 7 0
12 6 7 8 0
12 6 7 9 0
12 6 7 10 0
12 6 7 11 0
12 6 7 12 0
12 6 7 13 0
12 6 7 14 0
12 6 7 15 0
12 6 8 0 0
12 6 8 1 0
12 6 8 2 0
12 6 8 3 0
12 6 8 4 -0.001755245667331402
12 6 8 5 0
12 6 8 6 0
12 6 8 7 0
12 6 8 8 0
12 6 8 9 0
12 6 8 10 0
12 6 8 11 0
12 6 8 12 0
12 6 8 13 0
12 6 8 14 0
12 6 8 15 0
12 6 9 0 0
12 6 9 1 0
12 6 9 2 0
12 6 9 3 -0.000154383219060689
12 6 9 4 0
12 6 9 5 0
12 6 9 6 0
12 6 9 7 0
12 6 9 8 0
12 6 9 9 0
12 6 9 10 0
12 6 9 11 0
12 6 9 12 0
12 6 9 13 0
12 6 9 14 0
12 6 9 15 0
12 6 10 0 0
12 6 10 1 0
12 6 10 2 0
12 6 10 3 0
12 6 10 4 0
12 6 10 5 0
12 6 10 6 0
12 6 10 7 0
12 6 10 8 0
12 6 10 9 0
12 6 10 10 0
12 6 10 11 0
12 6 10 12 0
12 6 10 13 0
12 6 10 14 0
12 6 10 15 0
12 6 11 0 0
12 6 11 1 0
12 6 11 2 0
12 6 11 3 0
12 6 11 4 0
12 6 11 5 0
12 6 11 6 0
12 6 11 7 0
12 6 11 8 0
12 6 11 9 0
12 6 11 10 0
12 6 11 11 0
12 6 11 12 0
12 6 11 13 0
12 6 11 14 0
12 6 11 15 0
12 6 12 0 0
12 6 12 1 0
12 6 12 2 0
12 6 12 3 0
12 6 12 4 0
12 6 12 5 0
12 6 12 6 0.001410794875714816
12 6 12 7 0
12 6 12 8 0
12 6 12 9 0
12 6 12 10 0
12 6 12 11 0
12 6 12 12 0
12 6 12 13 0
12 6 12 14 0
12 6 12 15 0
12 6 13 0 0
12 6 13 1 0
12 6 13 2 0
12 6 13 3 0
12 6 13 4 0
12 6 13 5 0.001013789717954847
12 6 13 6 0
12 6 13 7 0
12 6 13 8 0
12 6 13 9 0
12 6 13 10 0
12 6 13 11 0
12 6 13 12 0
12 6 13 13 0
12 6 13 14 0
12 6 13 15 0
12 6 14 0 0
12 6 14 1 0
12 6 14 2 0
12 6 14 3 0
12 6 14 4 0
12 6 14 5 0
12 6 14 6 0
12 6 14 7 0
12 6 14 8 0
12 6 14 9 0
12 6 14 10 0
12 6 14 11 0
12 6 14 12 0
12 6 14 13 0
12 6 14 14 0
12 6 14 15 0
12 6 15 0 0
12 6 15 1 0
12 6 15 2 0
12 6 15 3 0
12 6 15 4 0
12 6 15 5 0
12 6 15 6 0
12 6 15 7 0
12 6 15 8 0
12 6 15 9 0
12 6 15 10 0
12 6 15 11 0
12 6 15 12 0
12 6 15 13 0
12 6 15 14 0
12 6 15 15 0
12 7 0 0 0
12 7 0 1 0
12 7 0 2 0
12 7 0 3 0
12 7 0 4 0
12 7 0 5 0
12 7 0 6 0
12 7 0 7 0
12 7 0 8 0
12 7 0 9 0
12 7 0 10 0
12 7 0 11 0
12 7 0 12 0
12 7 0 13 0
12 7 0 14 0
12 7 0 15 0
12 7 1 0 0
12 7 1 1 0
12 7 1 2 0
12 7 1 3 0
12 7 1 4 0
12 7 1 5 0
12 7 1 6 0
12 7 1 7 0
12 7 1 8 0
12 7 1 9 0
12 7 1 10 0
12 7 1 11 0
12 7 1 12 0
12 7 1 13 0
12 7 1 14 0
12 7 1 15 0
12 7 2 0 0
12 7 2 1 0
12 7 2 2 0
12 7 2 3 0
12 7 2 4 0
12 7 2 5 0
12 7 2 6 0
12 7 2 7 0
12 7 2 8 0
12 7 2 9 0
12 7 2 10 0
12 7 2 11 0
12 7 2 12 0
12 7 2 13 0
12 7 2 14 0
12 7 2 15 0
12 7 3 0 0
12 7 3 1 0
12 7 3 2 0
12 7 3 3 0
12 7 3 4 0
12 7 3 5 0
12 7 3 6 0
12 7 3 7 0
12 7 3 8 0
12 7 3 9 0
12 7 3 10 0
12 7 3 11 0
12 7 3 12 0
12 7 3 13 0
12 7 3 14 0
12 7 3 15 0
12 7 4 0 0
12 7 4 1 0
12 7 4 2 0
12 7 4 3 0
12 7 4 4 0
12 7 4 5 0
12 7 4 6 0
12 7 4 7 0
12 7 4 8 0
12 7 4 9 0
12 7 4 10 0
12 7 4 11 0
12 7 4 12 0
12 7 4 13 0
12 7 4 14 0
12 7 4 15 0
12 7 5 0 0
12 7 5 1 0
12 7 5 2 0
12 7 5 3 0
12 7 5 4 0
12 7 5 5 0
12 7 5 6 0
12 7 5 7 0
12 7 5 8 0
12 7 5 9 0
12 7 5 10 0
12 7 5 11 0
12 7 5 12 0
12 7 5 13 0
12 7 5 14 0
12 7 5 15 0
12 7 6 0 0
12 7 6 1 0
12 7 6 2 0
12 7 6 3 0
12 7 6 4 0
12 7 6 5 0
12 7 6 6 0
12 7 6 7 0
12 7 6 8 0
12 7 6 9 0
12 7 6 10 0
12 7 6 11 0
12 7 6 12 0
12 7 6 13 0
12 7 6 14 0
12 7 6 15 0
12 7 7 0 0
12 7 7 1 0
12 7 7 2 0
12 7 7 3 0
12 7 7 4 0
12 7 7 5 0
12 7 7 6 0
12 7 7 7 0
12 7 7 8 0
12 7 7 9 0
12 7 7 10 0
12 7 7 11 0
12 7 7 12 0
12 7 7 13 0
12 7 7 14 0
12 7 7 15 0
12 7 8 0 0
12 7 8 1 0
12 7 8 2 0
12 7 8 3 0
12 7 8 4 0
12 7 8 5 0
12 7 8 6 0
12 7 8 7 0
12 7 8 8 0
12 7 8 9 0
12 7 8 10 0
12 7 8 11 0
12 7 8 12 0
12 7 8 13 0
12 7 8 14 0
12 7 8 15 0
12 7 9 0 0
12 7 9 1 0
12 7 9 2 0
12 7 9 3 0
12 7 9 4 0
12 7 9 5 0
12 7 9 6 0
12 7 9 7 0
12 7 9 8 0
12 7 9 9 0
12 7 9 10 0
12 7 9 11 0
12 7 9 12 0
12 7 9 13 0
12 7 9 14 0
12 7 9 15 0
12 7 10 0 0
12 7 10 1 0
12 7 10 2 0
12 7 10 3 0
12 7 10 4 0
12 7 10 5 0
12 7 10 6 0
12 7 10 7 0
12 7 10 8 0
12 7 10 9 0
12 7 10 10 0
12 7 10 11 0
12 7 10 12 0
12 7 10 13 0
12 7 10 14 0
12 7 10 15 0
12 7 11 0 0
12 7 11 1 0
12 7 11 2 0
12 7 11 3 0
12 7 11 4 0
12 7 11 5 0
12 7 11 6 0
12 7 11 7 0
12 7 11 8 0
12 7 11 9 0
12 7 11 10 0
12 7 11 11 0
12 7 11 12 0
12 7 11 13 0
12 7 11 14 0
12 7 11 15 0
12 7 12 0 0
12 7 12 1 0
12 7 12 2 0
12 7 12 3 0
12 7 12 4 0
12 7 12 5 0
12 7 12 6 0
12 7 12 7 0
12 7 12 8 0
12 7 12 9 0
12 7 12 10 0
12 7 12 11 0
12 7 12 12 0
12 7 12 13 0
12 7 12 14 0
12 7 12 15 0
12 7 13 0 0
12 7 13 1 0
12 7 13 2 0
12 7 13 3 0
12 7 13 4 0
12 7 13 5 0
12 7 13 6 0
12 7 13 7 0
12 7 13 8 0
12 7 13 9 0
12 7 13 10 0
12 7 13 11 0
12 7 13 12 0
12 7 13 13 0
12 7 13 14 0
12 7 13 15 0
12 7 14 0 0
12 7 14 1 0
12 7 14 2 0
12 7 14 3 0
12 7 14 4 0
12 7 14 5 0
12 7 14 6 0
12 7 14 7 0
12 7 14 8 0
12 7 14 9 0
12 7 14 10 0
12 7 14 11 0
12 7 14 12 0
12 7 14 13 0
12 7 14 14 0
12 7 14 15 0
12 7 15 0 0
12 7 15 1 0
12 7 15 2 0
12 7 15 3 0
12 7 15 4 0
12 7 15 5 0
12 7 15 6 0
12 7 15 7 0
12 7 15 8 0
12 7 15 9 0
12 7 15 10 0
12 7 15 11 0
12 7 15 12 0
12 7 15 13 0
12 7 15 14 0
12 7 15 15 0
12 8 0 0 0
12 8 0 1 0
12 8 0 2 0
12 8 0 3 0
12 8 0 4 0
12 8 0 5 0
12 8 0 6 0
12 8 0 7 0
12 8 0 8 0
12 8 0 9 0
12 8 0 10 0
12 8 0 11 0
12 8 0 12 0
12 8 0 13 0
12 8 0 14 0
12 8 0 15 0
12 8 1 0 0
12 8 1 1 0
12 8 1 2 0
12 8 1 3 0
12 8 1 4 0
12 8 1 5 0
12 8 1 6 0
12 8 1 7 0
12 8 1 8 0
12 8 1 9 0
12 8 1 10 0
12 8 1 11 0
12 8 1 12 0
12 8 1 13 0
12 8 1 14 0
12 8 1 15 0
12 8 2 0 0
12 8 2 1 0
12 8 2 2 0
12 8 2 3 0
12 8 2 4 0
12 8 2 5 0
12 8 2 6 0
12 8 2 7 0
12 8 2 8 0
12 8 2 9 0
12 8 2 10 0
12 8 2 11 0
12 8 2 12 0
12 8 2 13 0
12 8 2 14 0
12 8 2 15 0
12 8 3 0 0
12 8 3 1 0
12 8 3 2 0
12 8 3 3 0
12 8 3 4 0
12 8 3 5 0
12 8 3 6 0
12 8 3 7 0
12 8 3 8 0
12 8 3 9 0
12 8 3 10 0
12 8 3 11 0
12 8 3 12 0
12 8 3 13 0
12 8 3 14 0
12 8 3 15 0
12 8 4 0 0
12 8 4 1 0
12 8 4 2 0
12 8 4 3 0
12 8 4 4 0
12 8 4 5 0
12 8 4 6 0
12 8 4 7 0
12 8 4 8 0
12 8 4 9 0
12 8 4 10 0
12 8 4 11 0
12 8 4 12 0
12 8 4 13 0
12 8 4 14 0
12 8 4 15 0
12 8 5 0 0
12 8 5 1 0
12 8 5 2 0
12 8 5 3 0
12 8 5 4 0
12 8 5 5 0
12 8 5 6 0
12 8 5 7 0
12 8 5 8 0
12 8 5 9 0
12 8 5 10 0
12 8 5 11 0
12 8 5 12 0
12 8 5 13 0
12 8 5 14 0
12 8 5 15 0
12 8 6 0 0
12 8 6 1 0
12 8 6 2 0
12 8 6 3 0
12 8 6 4 0
12 8 6 5 0
12 8 6 6 0
12 8 6 7 0
12 8 6 8 0
12 8 6 9 0
12 8 6 10 0
12 8 6 11 0
12 8 6 12 0
12 8 6 13 0
12 8 6 14 0
12 8 6 15 0
12 8 7 0 0
12 8 7 1 0
12 8 7 2 0
12 8 7 3 0
12 8 7 4 0
12 8 7 5 0
12 8 7 6 0
12 8 7 7 0
12 8 7 8 0
12 8 7 9 0
12 8 7 10 0
12 8 7 11 0
12 8 7 12 0
12 8 7 13 0
12 8 7 14 0
12 8 7 15 0
12 8 8 0 0
12 8 8 1 0
12 8 8 2 0
12 8 8 3 0
12 8 8 4 0
12 8 8 5 0
12 8 8 6 0
12 8 8 7 0
12 8 8 8 0
12 8 8 9 0
12 8 8 10 0
12 8 8 11 0
12 8 8 12 0
12 8 8 13 0
12 8 8 14 0
12 8 8 15 0
12 8 9 0 0
12 8 9 1 0
12 8 9 2 0
12 8 9 3 0
12 8 9 4 0
12 8 9 5 0
12 8 9 6 0
12 8 9 7 0
12 8 9 8 0
12 8 9 9 0
12 8 9 10 0
12 8 9 11 0
12 8 9 12 0
12 8 9 13 0
12 8 9 14 0
12 8 9 15 0
12 8 10 0 0
12 8 10 1 0
12 8 10 2 0
12 8 10 3 0
12 8 10 4 0
12 8 10 5 0
12 8 10 6 0
12 8 10 7 0
12 8 10 8 0
12 8 10 9 0
12 8 10 10 0
12 8 10 11 0
12 8 10 12 0
12 8 10 13 0
12 8 10 14 0
12 8 10 15 0
12 8 11 0 0
12 8 11 1 0
12 8 11 2 0
12 8 11 3 0
12 8 11 4 0
12 8 11 5 0
12 8 11 6 0
12 8 11 7 0
12 8 11 8 0
12 8 11 9 0
12 8 11 10 0
12 8 11 11 0
12 8 11 12 0
12 8 11 13 0
12 8 11 14 0
12 8 11 15 0
12 8 12 0 0
12 8 12 1 0
12 8 12 2 0
12 8 12 3 0
12 8 12 4 0
12 8 12 5 0
12 8 12 6 0
12 8 12 7 0
12 8 12 8 0
12 8 12 9 0
12 8 12 10 0
12 8 12 11 0
12 8 12 12 0
12 8 12 13 0
12 8 12 14 0
12 8 12 15 0
12 8 13 0 0
12 8 13 1 0
12 8 13 2 0
12 8 13 3 0
12 8 13 4 0
12 8 13 5 0
12 8 13 6 0
12 8 13 7 0
12 8 13 8 0
12 8 13 9 0
12 8 13 10 0
12 8 13 11 0
12 8 13 12 0
12 8 13 13 0
12 8 13 14 0
12 8 13 15 0
12 8 14 0 0
12 8 14 1 0
12 8 14 2 0
12 8 14 3 0
12 8 14 4 0
12 8 14 5 0
12 8 14 6 0
12 8 14 7 0
12 8 14 8 0
12 8 14 9 0
12 8 14 10 0
12 8 14 11 0
12 8 14 12 0
12 8 14 13 0
12 8 14 14 0
12 8 14 15 0
12 8 15 0 0
12 8 15 1 0
12 8 15 2 0
12 8 15 3 0
12 8 15 4 0
12 8 15 5 0
12 8 15 6 0
12 8 15 7 0
12 8 15 8 0
12 8 15 9 0
12 8 15 10 0
12 8 15 11 0
12 8 15 12 0
12 8 15 13 0
12 8 15 14 0
12 8 15 15 0
12 9 0 0 0
12 9 0 1 0
12 9 0 2 0
12 9 0 3 0
12 9 0 4 0
12 9 0 5 0
12 9 0 6 0
12 9 0 7 0
12 9 0 8 0
12 9 0 9 0
12 9 0 10 0
12 9 0 11 0
12 9 0 12 0
12 9 0 13 0
12 9 0 14 0
12 9 0 15 0
12 9 1 0 0
12 9 1 1 0
12 9 1 2 0
12 9 1 3 0
12 9 1 4 0
12 9 1 5 0
12 9 1 6 0
12 9 1 7 0
12 9 1 8 0
12 9 1 9 0
12 9 1 10 0
12 9 1 11 0
12 9 1 12 0
12 9 1 13 0
12 9 1 14 0
12 9 1 15 0
12 9 2 0 0
12 9 2 1 0
12 9 2 2 0
12 9 2 3 0
12 9 2 4 0
12 9 2 5 0
12 9 2 6 0
12 9 2 7 0
12 9 2 8 0
12 9 2 9 0
12 9 2 10 0
12 9 2 11 0
12 9 2 12 0
12 9 2 13 0
12 9 2 14 0
12 9 2 15 0
12 9 3 0 0
12 9 3 1 0
12 9 3 2 0
12 9 3 3 0
12 9 3 4 0
12 9 3 5 0
12 9 3 6 0
12 9 3 7 0
12 9 3 8 0
12 9 3 9 0
12 9 3 10 0
12 9 3 11 0
12 9 3 12 0
12 9 3 13 0
12 9 3 14 0
12 9 3 15 0
12 9 4 0 0
12 9 4 1 0
12 9 4 2 0
12 9 4 3 0
12 9 4 4 0
12 9 4 5 0
12 9 4 6 0
12 9 4 7 0
12 9 4 8 0
12 9 4 9 0
12 9 4 10 0
12 9 4 11 0
12 9 4 12 0
12 9 4 13 0
12 9 4 14 0
12 9 4 15 0
12 9 5 0 0
12 9 5 1 0
12 9 5 2 0
12 9 5 3 0
12 9 5 4 0
12 9 5 5 0
12 9 5 6 0
12 9 5 7 0
12 9 5 8 0
12 9 5 9 0
12 9 5 10 0
12 9 5 11 0
12 9 5 12 0
12 9 5 13 0
12 9 5 14 0
12 9 5 15 0
12 9 6 0 0
12 9 6 1 0
12 9 6 2 0
12 9 6 3 0
12 9 6 4 0
12 9 6 5 0
12 9 6 6 0
12 9 6 7 0
12 9 6 8 0
12 9 6 9 0
12 9 6 10 0
12 9 6 11 0
12 9 6 12 0
12 9 6 13 0
12 9 6 14 0
12 9 6 15 0
12 9 7 0 0
12 9 7 1 0
12 9 7 2 0
12 9 7 3 0
12 9 7 4 0
12 9 7 5 0
12 9 7 6 0
12 9 7 7 0
12 9 7 8 0
12 9 7 9 0
12 9 7 10 0
12 9 7 11 0
12 9 7 12 0
12 9 7 13 0
12 9 7 14 0
12 9 7 15 0
12 9 8 0 0
12 9 8 1 0
12 9 8 2 0
12 9 8 3 0
12 9 8 4 0
12 9 8 5 0
12 9 8 6 0
12 9 8 7 0
12 9 8 8 0
12 9 8 9 0
12 9 8 10 0
12 9 8 11 0
12 9 8 12 0
12 9 8 13 0
12 9 8 14 0
12 9 8 15 0
12 9 9 0 0
12 9 9 1 0
12 9 9 2 0
12 9 9 3 0
12 9 9 4 0
12 9 9 5 0
12 9 9 6 0
12 9 9 7 0
12 9 9 8 0
12 9 9 9 0
12 9 9 10 0
12 9 9 11 0
12 9 9 12 0
12 9 9 13 0
12 9 9 14 0
12 9 9 15 0
12 9 10 0 0
12 9 10 1 0
12 9 10 2 0
12 9 10 3 0
12 9 10 4 0
12 9 10 5 0
12 9 10 6 0
12 9 10 7 0
12 9 10 8 0
12 9 10 9 0
12 9 10 10 0
12 9 10 11 0
12 9 10 12 0
12 9 10 13 0
12 9 10 14 0
12 9 10 15 0
12 9 11 0 0
12 9 11 1 0
12 9 11 2 0
12 9 11 3 0
12 9 11 4 0
12 9 11 5 0
12 9 11 6 0
12 9 11 7 0
12 9 11 8 0
12 9 11 9 0
12 9 11 10 0
12 9 11 11 0
12 9 11 12 0
12 9 11 13 0
12 9 11 14 0
12 9 11 15 0
12 9 12 0 0
12 9 12 1 0
12 9 12 2 0
12 9 12 3 0
12 9 12 4 0
12 9 12 5 0
12 9 12 6 0
12 9 12 7 0
12 9 12 8 0
12 9 12 9 0
12 9 12 10 0
12 9 12 11 0
12 9 12 12 0
12 9 12 13 0
12 9 12 14 0
12 9 12 15 0
12 9 13 0 0
12 9 13 1 0
12 9 13 2 0
12 9 13 3 0
12 9 13 4 0
12 9 13 5 0
12 9 13 6 0
12 9 13 7 0
12 9 13 8 0
12 9 13 9 0
12 9 13 10 0
12 9 13 11 0
12 9 13 12 0
12 9 13 13 0
12 9 13 14 0
12 9 13 15 0
12 9 14 0 0
12 9 14 1 0
12 9 14 2 0
12 9 14 3 0
12 9 14 4 0
12 9 14 5 0
12 9 14 6 0
12 9 14 7 0
12 9 14 8 0
12 9 14 9 0
12 9 14 10 0
12 9 14 11 0
12 9 14 12 0
12 9 14 13 0
12 9 14 14 0
12 9 14 15 0
12 9 15 0 0
12 9 15 1 0
12 9 15 2 0
12 9 15 3 0
12 9 15 4 0
12 9 15 5 0
12 9 15 6 0
12 9 15 7 0
12 9 15 8 0
12 9 15 9 0
12 9 15 10 0
12 9 15 11 0
12 9 15 12 0
12 9 15 13 0
12 9 15 14 0
12 9 15 15 0
12 10 0 0 0
12 10 0 1 0
12 10 0 2 0
12 10 0 3 0
12 10 0 4 0
12 10 0 5 0
12 10 0 6 0
12 10 0 7 0
12 10 0 8 0
12 10 0 9 0
12 10 0 10 0
12 10 0 11 0
12 10 0 12 0
12 10 0 13 0
12 10 0 14 0
12 10 0 15 0
12 10 1 0 0
12 10 1 1 0
12 10 1 2 0
12 10 1 3 0
12 10 1 4 0
12 10 1 5 0
12 10 1 6 0
12 10 1 7 0
12 10 1 8 0
12 10 1 9 0
12 10 1 10 0
12 10 1 11 0
12 10 1 12 0
12 10 1 13 0
12 10 1 14 0
12 10 1 15 0
12 10 2 0 0
12 10 2 1 0
12 10 2 2 0
12 10 2 3 0
12 10 2 4 0
12 10 2 5 0
12 10 2 6 0
12 10 2 7 0
12 10 2 8 0
12 10 2 9 0
12 10 2 10 0
12 10 2 11 0
12 10 2 12 0
12 10 2 13 0
12 10 2 14 0
12 10 2 15 0
12 10 3 0 0
12 10 3 1 0
12 10 3 2 0
12 10 3 3 0
12 10 3 4 0
12 10 3 5 0
12 10 3 6 0
12 10 3 7 0
12 10 3 8 0
12 10 3 9 0
12 10 3 10 0
12 10 3 11 0
12 10 3 12 0
12 10 3 13 0
12 10 3 14 0
12 10 3 15 0
12 10 4 0 0
12 10 4 1 0
12 10 4 2 0
12 10 4 3 0
12 10 4 4 0
12 10 4 5 0
12 10 4 6 0
12 10 4 7 0
12 10 4 8 0
12 10 4 9 0
12 10 4 10 0
12 10 4 11 0
12 10 4 12 0
12 10 4 13 0
12 10 4 14 0
12 10 4 15 0
12 10 5 0 0
12 10 5 1 0
12 10 5 2 0
12 10 5 3 0
12 10 5 4 0
12 10 5 5 0
12 10 5 6 0
12 10 5 7 0
12 10 5 8 0
12 10 5 9 0
12 10 5 10 0
12 10 5 11 0
12 10 5 12 0
12 10 5 13 0
12 10 5 14 0
12 10 5 15 0
12 10 6 0 0
12 10 6 1 0
12 10 6 2 0
12 10 6 3 0
12 10 6 4 0
12 10 6 5 0
12 10 6 6 0
12 10 6 7 0
12 10 6 8 0
12 10 6 9 0
12 10 6 10 0
12 10 6 11 0
12 10 6 12 0
12 10 6 13 0
12 10 6 14 0
12 10 6 15 0
12 10 7 0 0
12 10 7 1 0
12 10 7 2 0
12 10 7 3 0
12 10 7 4 0
12 10 7 5 0
12 10 7 6 0
12 10 7 7 0
12 10 7 8 0
12 10 7 9 0
12 10 7 10 0
12 10 7 11 0
12 10 7 12 0
12 10 7 13 0
12 10 7 14 0
12 10 7 15 0
12 10 8 0 0
12 10 8 1 0
12 10 8 2 0
12 10 8 3 0
12 10 8 4 0
12 10 8 5 0
12 10 8 6 0
12 10 8 7 0
12 10 8 8 0
12 10 8 9 0
12 10 8 10 0
12 10 8 11 0
12 10 8 12 0
12 10 8 13 0
12 10 8 14 0
12 10 8 15 0
12 10 9 0 0
12 10 9 1 0
12 10 9 2 0
12 10 9 3 0
12 10 9 4 0
12 10 9 5 0
12 10 9 6 0
12 10 9 7 0
12 10 9 8 0
12 10 9 9 0
12 10 9 10 0
12 10 9 11 0
12 10 9 12 0
12 10 9 13 0
12 10 9 14 0
12 10 9 15 0
12 10 10 0 0
12 10 10 1 0
12 10 10 2 0
12 10 10 3 0
12 10 10 4 0
12 10 10 5 0
12 10 10 6 0
12 10 10 7 0
12 10 10 8 0
12 10 10 9 0
12 10 10 10 0
12 10 10 11 0
12 10 10 12 0
12 10 10 13 0
12 10 10 14 0
12 10 10 15 0
12 10 11 0 0
12 10 11 1 0
12 10 11 2 0
12 10 11 3 0
12 10 11 4 0
12 10 11 5 0
12 10 11 6 0
12 10 11 7 0
12 10 11 8 0
12 10 11 9 0
12 10 11 10 0
12 10 11 11 0
12 10 11 12 0
12 10 11 13 0
12 10 11 14 0
12 10 11 15 0
12 10 12 0 0
12 10 12 1 0
12 10 12 2 0
12 10 12 3 0
12 10 12 4 0
12 10 12 5 0
12 10 12 6 0
12 10 12 7 0
12 10 12 8 0
12 10 12 9 0
12 10 12 10 0
12 10 12 11 0
12 10 12 12 0
12 10 12 13 0
12 10 12 14 0
12 10 12 15 0
12 10 13 0 0
12 10 13 1 0
12 10 13 2 0
12 10 13 3 0
12 10 13 4 0
12 10 13 5 0
12 10 13 6 0
12 10 13 7 0
12 10 13 8 0
12 10 13 9 0
12 10 13 10 0
12 10 13 11 0
12 10 13 12 0
12 10 13 13 0
12 10 13 14 0
12 10 13 15 0
12 10 14 0 0
12 10 14 1 0
12 10 14 2 0
12 10 14 3 0
12 10 14 4 0
12 10 14 5 0
12 10 14 6 0
12 10 14 7 0
12 10 14 8 0
12 10 14 9 0
12 10 14 10 0
12 10 14 11 0
12 10 14 12 0
12 10 14 13 0
12 10 14 14 0
12 10 14 15 0
12 10 15 0 0
12 10 15 1 0
12 10 15 2 0
12 10 15 3 0
12 10 15 4 0
12 10 15 5 0
12 10 15 6 0
12 10 15 7 0
12 10 15 8 0
12 10 15 9 0
12 10 15 10 0
12 10 15 11 0
12 10 15 12 0
12 10 15 13 0
12 10 15 14 0
12 10 15 15 0
12 11 0 0 0
12 11 0 1 0
12 11 0 2 0
12 11 0 3 0
12 11 0 4 0
12 11 0 5 0
12 11 0 6 0
12 11 0 7 0
12 11 0 8 0
12 11 0 9 0
12 11 0 10 0
12 11 0 11 0
12 11 0 12 0
12 11 0 13 0
12 11 0 14 0
12 11 0 15 0
12 11 1 0 0
12 11 1 1 0
12 11 1 2 0
12 11 1 3 0
12 11 1 4 0
12 11 1 5 0
12 11 1 6 0
12 11 1 7 0
12 11 1 8 0
12 11 1 9 0
12 11 1 10 0
12 11 1 11 0
12 11 1 12 0
12 11 1 13 0
12 11 1 14 0
12 11 1 15 0
12 11 2 0 0
12 11 2 1 0
12 11 2 2 0
12 11 2 3 0
12 11 2 4 0
12 11 2 5 0
12 11 2 6 0
12 11 2 7 0
12 11 2 8 0
12 11 2 9 0
12 11 2 10 0
12 11 2 11 0
12 11 2 12 0
12 11 2 13 0
12 11 2 14 0
12 11 2 15 0
12 11 3 0 0
12 11 3 1 0
12 11 3 2 0
12 11 3 3 0
12 11 3 4 0
12 11 3 5 0
12 11 3 6 0
12 11 3 7 0
12 11 3 8 0
12 11 3 9 0
12 11 3 10 0
12 11 3 11 0
12 11 3 12 0
12 11 3 13 0
12 11 3 14 0
12 11 3 15 0
12 11 4 0 0
12 11 4 1 0
12 11 4 2 0
12 11 4 3 0
12 11 4 4 0
12 11 4 5 0
12 11 4 6 0
12 11 4 7 0
12 11 4 8 0
12 11 4 9 0
12 11 4 10 0
12 11 4 11 0
12 11 4 12 0
12 11 4 13 0
12 11 4 14 0
12 11 4 15 0
12 11 5 0 0
12 11 5 1 0
12 11 5 2 0
12 11 5 3 0
12 11 5 4 0
12 11 5 5 0
12 11 5 6 0
12 11 5 7 0
12 11 5 8 0
12 11 5 9 0
12 11 5 10 0
12 11 5 11 0
12 11 5 12 0
12 11 5 13 0
12 11 5 14 0
12 11 5 15 0
12 11 6 0 0
12 11 6 1 0
12 11 6 2 0
12 11 6 3 0
12 11 6 4 0
12 11 6 5 0
12 11 6 6 0
12 11 6 7 0
12 11 6 8 0
12 11 6 9 0
12 11 6 10 0
12 11 6 11 0
12 11 6 12 0
12 11 6 13 0
12 11 6 14 0
12 11 6 15 0
12 11 7 0 0
12 11 7 1 0
12 11 7 2 0
12 11 7 3 0
12 11 7 4 0
12 11 7 5 0
12 11 7 6 0
12 11 7 7 0
12 11 7 8 0
12 11 7 9 0
12 11 7 10 0
12 11 7 11 0
12 11 7 12 0
12 11 7 13 0
12 11 7 14 0
12 11 7 15 0
12 11 8 0 0
12 11 8 1 0
12 11 8 2 0
12 11 8 3 0
12 11 8 4 0
12 11 8 5 0
12 11 8 6 0
12 11 8 7 0
12 11 8 8 0
12 11 8 9 0
12 11 8 10 0
12 11 8 11 0
12 11 8 12 0
12 11 8 13 0
12 11 8 14 0
12 11 8 15 0
12 11 9 0 0
12 11 9 1 0
12 11 9 2 0
12 11 9 3 0
12 11 9 4 0
12 11 9 5 0
12 11 9 6 0
12 11 9 7 0
12 11 9 8 0
12 11 9 9 0
12 11 9 10 0
12 11 9 11 0
12 11 9 12 0
12 11 9 13 0
12 11 9 14 0
12 11 9 15 0
12 11 10 0 0
12 11 10 1 0
12 11 10 2 0
12 11 10 3 0
12 11 10 4 0
12 11 10 5 0
12 11 10 6 0
12 11 10 7 0
12 11 10 8 0
12 11 10 9 0
12 11 10 10 0
12 11 10 11 0
12 11 10 12 0
12 11 10 13 0
12 11 10 14 0
12 11 10 15 0
12 11 11 0 0
12 11 11 1 0
12 11 11 2 0
12 11 11 3 0
12 11 11 4 0
12 11 11 5 0
12 11 11 6 0
12 11 11 7 0
12 11 11 8 0
12 11 11 9 0
12 11 11 10 0
12 11 11 11 0
12 11 11 12 0
12 11 11 13 0
12 11 11 14 0
12 11 11 15 0
12 11 12 0 0
12 11 12 1 0
12 11 12 2 0
12 11 12 3 0
12 11 12 4 0
12 11 12 5 0
12 11 12 6 0
12 11 12 7 0
12 11 12 8 0
12 11 12 9 0
12 11 12 10 0
12 11 12 11 0
12 11 12 12 0
12 11 12 13 0
12 11 12 14 0
12 11 12 15 0
12 11 13 0 0
12 11 13 1 0
12 11 13 2 0
12 11 13 3 0
12 11 13 4 0
12 11 13 5 0
12 11 13 6 0
12 11 13 7 0
12 11 13 8 0
12 11 13 9 0
12 11 13 10 0
12 11 13 11 0
12 11 13 12 0
12 11 13 13 0
12 11 13 14 0
12 11 13 15 0
12 11 14 0 0
12 11 14 1 0
12 11 14 2 0
12 11 14 3 0
12 11 14 4 0
12 11 14 5 0
12 11 14 6 0
12 11 14 7 0
12 11 14 8 0
12 11 14 9 0
12 11 14 10 0
12 11 14 11 0
12 11 14 12 0
12 11 14 13 0
12 11 14 14 0
12 11 14 15 0
12 11 15 0 0
12 11 15 1 0
12 11 15 2 0
12 11 15 3 0
12 11 15 4 0
12 11 15 5 0
12 11 15 6 0
12 11 15 7 0
12 11 15 8 0
12 11 15 9 0
12 11 15 10 0
12 11 15 11 0
12 11 15 12 0
12 11 15 13 0
12 11 15 14 0
12 11 15 15 0
12 12 0 0 0
12 12 0 1 0
12 12 0 2 0
12 12 0 3 0
12 12 0 4 0
12 12 0 5 0
12 12 0 6 0
12 12 0 7 0
12 12 0 8 0
12 12 0 9 0
12 12 0 10 0
12 12 0 11 0
12 12 0 12 0
12 12 0 13 0
12 12 0 14 0
12 12 0 15 0
12 12 1 0 0
12 12 1 1 0
12 12 1 2 0
12 12 1 3 0
12 12 1 4 0
12 12 1 5 0
12 12 1 6 0
12 12 1 7 0
12 12 1 8 0
12 12 1 9 0
12 12 1 10 0
12 12 1 11 0
12 12 1 12 0
12 12 1 13 0
12 12 1 14 0
12 12 1 15 0
12 12 2 0 0
12 12 2 1 0
12 12 2 2 0
12 12 2 3 0
12 12 2 4 0
12 12 2 5 0
12 12 2 6 0
12 12 2 7 0
12 12 2 8 0
12 12 2 9 0
12 12 2 10 0
12 12 2 11 0
12 12 2 12 0
12 12 2 13 0
12 12 2 14 0
12 12 2 15 0
12 12 3 0 0
12 12 3 1 0
12 12 3 2 0
12 12 3 3 0
12 12 3 4 0
12 12 3 5 0
12 12 3 6 0
12 12 3 7 0
12 12 3 8 0
12 12 3 9 0
12 12 3 10 0
12 12 3 11 0
12 12 3 12 0
12 12 3 13 0
12 12 3 14 0
12 12 3 15 0
12 12 4 0 0
12 12 4 1 0
12 12 4 2 0
12 12 4 3 0
12 12 4 4 0
12 12 4 5 0
12 12 4 6 0
12 12 4 7 0
12 12 4 8 0
12 12 4 9 0
12 12 4 10 0
12 12 4 11 0
12 12 4 12 0
12 12 4 13 0
12 12 4 14 0
12 12 4 15 0
12 12 5 0 0
12 12 5 1 0
12 12 5 2 0
12 12 5 3 0
12 12 5 4 0
12 12 5 5 0
12 12 5 6 0
12 12 5 7 0
12 12 5 8 0
12 12 5 9 0
12 12 5 10 0
12 12 5 11 0
12 12 5 12 0
12 12 5 13 0
12 12 5 14 0
12 12 5 15 0
12 12 6 0 0
12 12 6 1 0
12 12 6 2 0
12 12 6 3 0
12 12 6 4 0
12 12 6 5 0
12 12 6 6 0
12 12 6 7 0
12 12 6 8 0
12 12 6 9 0
12 12 6 10 0
12 12 6 11 0
12 12 6 12 0
12 12 6 13 0
12 12 6 14 0
12 12 6 15 0
12 12 7 0 0
12 12 7 1 0
12 12 7 2 0
12 12 7 3 0
12 12 7 4 0
12 12 7 5 0
12 12 7 6 0
12 12 7 7 0
12 12 7 8 0
12 12 7 9 0
12 12 7 10 0
12 12 7 11 0
12 12 7 12 0
12 12 7 13 0
12 12 7 14 0
12 12 7 15 0
12 12 8 0 0
12 12 8 1 0
12 12 8 2 0
12 12 8 3 0
12 12 8 4 0
12 12 8 5 0
12 12 8 6 0
12 12 8 7 0
12 12 8 8 0
12 12 8 9 0
12 12 8 10 0
12 12 8 11 0
12 12 8 12 0
12 12 8 13 0
12 12 8 14 0
12 12 8 15 0
12 12 9 0 0
12 12 9 1 0
12 12 9 2 0
12 12 9 3 0
12 12 9 4 0
12 12 9 5 0
12 12 9 6 0
12 12 9 7 0
12 12 9 8 0
12 12 9 9 0
12 12 9 10 0
12 12 9 11 0
12 12 9 12 0
12 12 9 13 0
12 12 9 14 0
12 12 9 15 0
12 12 10 0 0
12 12 10 1 0
12 12 10 2 0
12 12 10 3 0
12 12 10 4 0
12 12 10 5 0
12 12 10 6 0
12 12 10 7 0
12 12 10 8 0
12 12 10 9 0
12 12 10 10 0
12 12 10 11 0
12 12 10 12 0
12 12 10 13 0
12 12 10 14 0
12 12 10 15 0
12 12 11 0 0
12 12 11 1 0
12 12 11 2 0
12 12 11 3 0
12 12 11 4 0
12 12 11 5 0
12 12 11 6 0
12 12 11 7 0
12 12 11 8 0
12 12 11 9 0
12 12 11 10 0
12 12 11 11 0
12 12 11 12 0
12 12 11 13 0
12 12 11 14 0
12 12 11 15 0
12 12 12 0 0
12 12 12 1 0
12 12 12 2 0
12 12 12 3 0
12 12 12 4 0
12 12 12 5 0
12 12 12 6 0
12 12 12 7 0
12 12 12 8 0
12 12 12 9 0
12 12 12 10 0
12 12 12 11 0
12 12 12 12 0
12 12 12 13 0
12 12 12 14 0
12 12 12 15 0
12 12 13 0 0
12 12 13 1 0
12 12 13 2 0
12 12 13 3 0
12 12 13 4 0
12 12 13 5 0
12 12 13 6 0
12 12 13 7 0
12 12 13 8 0
12 12 13 9 0
12 12 13 10 0
12 12 13 11 0
12 12 13 12 0
12 12 13 13 0
12 12 13 14 0
12 12 13 15 0
12 12 14 0 0
12 12 14 1 0
12 12 14 2 0
12 12 14 3 0
12 12 14 4 0
12 12 14 5 0
12 12 14 6 0
12 12 14 7 0
12 12 14 8 0
12 12 14 9 0
12 12 14 10 0
12 12 14 11 0
12 12 14 12 0
12 12 14 13 0
12 12 14 14 0
12 12 14 15 0
12 12 15 0 0
12 12 15 1 0
12 12 15 2 0
12 12 15 3 0
12 12 15 4 0
12 12 15 5 0
12 12 15 6 0
12 12 15 7 0
12 12 15 8 0
12 12 15 9 0
12 12 15 10 0
12 12 15 11 0
12 12 15 12 0
12 12 15 13 0
12 12 15 14 0
12 12 15 15 0
12 13 0 0 0
12 13 0 1 0
12 13 0 2 0
12 13 0 3 0
12 13 0 4 0
12 13 0 5 0
12 13 0 6 0
12 13 0 7 0
12 13 0 8 0
12 13 0 9 0
12 13 0 10 0
12 13 0 11 0
12 13 0 12 0
12 13 0 13 0
12 13 0 14 0
12 13 0 15 0
12 13 1 0 0
12 13 1 1 0
12 13 1 2 0
12 13 1 3 0
12 13 1 4 0
12 13 1 5 0
12 13 1 6 0
12 13 1 7 0
12 13 1 8 0
12 13 1 9 0
12 13 1 10 0
12 13 1 11 0
12 13 1 12 0
12 13 1 13 0
12 13 1 14 0
12 13 1 15 0
12 13 2 0 0
12 13 2 1 0
12 13 2 2 0
12 13 2 3 0
12 13 2 4 0
12 13 2 5 0
12 13 2 6 0
12 13 2 7 0
12 13 2 8 0
12 13 2 9 0
12 13 2 10 0
12 13 2 11 0
12 13 2 12 0
12 13 2 13 0
12 13 2 14 0
12 13 2 15 0
12 13 3 0 0
12 13 3 1 0
12 13 3 2 0
12 13 3 3 0
12 13 3 4 0
12 13 3 5 0
12 13 3 6 0
12 13 3 7 0
12 13 3 8 0
12 13 3 9 0
12 13 3 10 0
12 13 3 11 0
12 13 3 12 0
12 13 3 13 0
12 13 3 14 0
12 13 3 15 0
12 13 4 0 0
12 13 4 1 0
12 13 4 2 0
12 13 4 3 0
12 13 4 4 0
12 13 4 5 0
12 13 4 6 0
12 13 4 7 0
12 13 4 8 0
12 13 4 9 0
12 13 4 10 0
12 13 4 11 0
12 13 4 12 0
12 13 4 13 0
12 13 4 14 0
12 13 4 15 0
12 13 5 0 0
12 13 5 1 0
12 13 5 2 0
12 13 5 3 0
12 13 5 4 0
12 13 5 5 0
12 13 5 6 0
12 13 5 7 0
12 13 5 8 0
12 13 5 9 0
12 13 5 10 0
12 13 5 11 0
12 13 5 12 0
12 13 5 13 0
12 13 5 14 0
12 13 5 15 0
12 13 6 0 0
12 13 6 1 0
12 13 6 2 0
12 13 6 3 0
12 13 6 4 0
12 13 6 5 0
12 13 6 6 0
12 13 6 7 0
12 13 6 8 0
12 13 6 9 0
12 13 6 10 0
12 13 6 11 0
12 13 6 12 0
12 13 6 13 0
12 13 6 14 0
12 13 6 15 0
12 13 7 0 0
12 13 7 1 0
12 13 7 2 0
12 13 7 3 0
12 13 7 4 0
12 13 7 5 0
12 13 7 6 0
12 13 7 7 0
12 13 7 8 0
12 13 7 9 0
12 13 7 10 0
12 13 7 11 0
12 13 7 12 0
12 13 7 13 0
12 13 7 14 0
12 13 7 15 0
12 13 8 0 0
12 13 8 1 0
12 13 8 2 0
12 13 8 3 0
12 13 8 4 0
12 13 8 5 0
12 13 8 6 0
12 13 8 7 0
12 13 8 8 0
12 13 8 9 0
12 13 8 10 0
12 13 8 11 0
12 13 8 12 0
12 13 8 13 0
12 13 8 14 0
12 13 8 15 0
12 13 9 0 0
12 13 9 1 0
12 13 9 2 0
12 13 9 3 0
12 13 9 4 0
12 13 9 5 0
12 13 9 6 0
12 13 9 7 0
12 13 9 8 0
12 13 9 9 0
12 13 9 10 0
12 13 9 11 0
12 13 9 12 0
12 13 9 13 0
12 13 9 14 0
12 13 9 15 0
12 13 10 0 0
12 13 10 1 0
12 13 10 2 0
12 13 10 3 0
12 13 10 4 0
12 13 10 5 0
12 13 10 6 0
12 13 10 7 0
12 13 10 8 0
12 13 10 9 0
12 13 10 10 0
12 13 10 11 0
12 13 10 12 0
12 13 10 13 0
12 13 10 14 0
12 13 10 15 0
12 13 11 0 0
12 13 11 1 0
12 13 11 2 0
12 13 11 3 0
12 13 11 4 0
12 13 11 5 0
12 13 11 6 0
12 13 11 7 0
12 13 11 8 0
12 13 11 9 0
12 13 11 10 0
12 13 11 11 0
12 13 11 12 0
12 13 11 13 0
12 13 11 14 0
12 13 11 15 0
12 13 12 0 0
12 13 12 1 0
12 13 12 2 0
12 13 12 3 0
12 13 12 4 0
12 13 12 5 0
12 13 12 6 0
12 13 12 7 0
12 13 12 8 0
12 13 12 9 0
12 13 12 10 0
12 13 12 11 0
12 13 12 12 0
12 13 12 13 0
12 13 12 14 0
12 13 12 15 0
12 13 13 0 0
12 13 13 1 0
12 13 13 2 0
12 13 13 3 0
12 13 13 4 0
12 13 13 5 0
12 13 13 6 0
12 13 13 7 0
12 13 13 8 0
12 13 13 9 0
12 13 13 10 0
12 13 13 11 0
12 13 13 12 0
12 13 13 13 0
12 13 13 14 0
12 13 13 15 0
12 13 14 0 0
12 13 14 1 0
12 13 14 2 0
12 13 14 3 0
12 13 14 4 0
12 13 14 5 0
12 13 14 6 0
12 13 14 7 0
12 13 14 8 0
12 13 14 9 0
12 13 14 10 0
12 13 14 11 0
12 13 14 12 0
12 13 14 13 0
12 13 14 14 0
12 13 14 15 0
12 13 15 0 0
12 13 15 1 0
12 13 15 2 0
12 13 15 3 0
12 13 15 4 0
12 13 15 5 0
12 13 15 6 0
12 13 15 7 0
12 13 15 8 0
12 13 15 9 0
12 13 15 10 0
12 13 15 11 0
12 13 15 12 0
12 13 15 13 0
12 13 15 14 0
12 13 15 15 0
12 14 0 0 0
12 14 0 1 0
12 14 0 2 0
12 14 0 3 0
12 14 0 4 0
12 14 0 5 0
12 14 0 6 0
12 14 0 7 0
12 14 0 8 0
12 14 0 9 0
12 14 0 10 0
12 14 0 11 0
12 14 0 12 0
12 14 0 13 0
12 14 0 14 0
12 14 0 15 0
12 14 1 0 0
12 14 1 1 0
12 14 1 2 0
12 14 1 3 0
12 14 1 4 0
12 14 1 5 0
12 14 1 6 0
12 14 1 7 0
12 14 1 8 0
12 14 1 9 0
12 14 1 10 0
12 14 1 11 0
12 14 1 12 0
12 14 1 13 0
12 14 1 14 0
12 14 1 15 0
12 14 2 0 0
12 14 2 1 0
12 14 2 2 0
12 14 2 3 0
12 14 2 4 0
12 14 2 5 0
12 14 2 6 0
12 14 2 7 0
12 14 2 8 0
12 14 2 9 0
12 14 2 10 0
12 14 2 11 0
12 14 2 12 0
12 14 2 13 0
12 14 2 14 0
12 14 2 15 0
12 14 3 0 0
12 14 3 1 0
12 14 3 2 0
12 14 3 3 0
12 14 3 4 0
12 14 3 5 0
12 14 3 6 0
12 14 3 7 0
12 14 3 8 0
12 14 3 9 0
12 14 3 10 0
12 14 3 11 0
12 14 3 12 0
12 14 3 13 0
12 14 3 14 0
12 14 3 15 0
12 14 4 0 0
12 14 4 1 0
12 14 4 2 0
12 14 4 3 0
12 14 4 4 0
12 14 4 5 0
12 14 4 6 0
12 14 4 7 0
12 14 4 8 0
12 14 4 9 0
12 14 4 10 0
12 14 4 11 0
12 14 4 12 0
12 14 4 13 0
12 14 4 14 0
12 14 4 15 0
12 14 5 0 0
12 14 5 1 0
12 14 5 2 0
12 14 5 3 0
12 14 5 4 0
12 14 5 5 0
12 14 5 6 0
12 14 5 7 0
12 14 5 8 0
12 14 5 9 0
12 14 5 10 0
12 14 5 11 0
12 14 5 12 0
12 14 5 13 0
12 14 5 14 0
12 14 5 15 0
12 14 6 0 0
12 14 6 1 0
12 14 6 2 0
12 14 6 3 0
12 14 6 4 0
12 14 6 5 0
12 14 6 6 0
12 14 6 7 0
12 14 6 8 0
12 14 6 9 0
12 14 6 10 0
12 14 6 11 0
12 14 6 12 0
12 14 6 13 0
12 14 6 14 0
12 14 6 15 0
12 14 7 0 0
12 14 7 1 0
12 14 7 2 0
12 14 7 3 0
12 14 7 4 0
12 14 7 5 0
12 14 7 6 0
12 14 7 7 0
12 14 7 8 0
12 14 7 9 0
12 14 7 10 0
12 14 7 11 0
12 14 7 12 0
12 14 7 13 0
12 14 7 14 0
12 14 7 15 0
12 14 8 0 0
12 14 8 1 0
12 14 8 2 0
12 14 8 3 0
12 14 8 4 0
12 14 8 5 0
12 14 8 6 0
12 14 8 7 0
12 14 8 8 0
12 14 8 9 0
12 14 8 10 0
12 14 8 11 0
12 14 8 12 0
12 14 8 13 0
12 14 8 14 0
12 14 8 15 0
12 14 9 0 0
12 14 9 1 0
12 14 9 2 0
12 14 9 3 0
12 14 9 4 0
12 14 9 5 0
12 14 9 6 0
12 14 9 7 0
12 14 9 8 0
12 14 9 9 0
12 14 9 10 0
12 14 9 11 0
12 14 9 12 0
12 14 9 13 0
12 14 9 14 0
12 14 9 15 0
12 14 10 0 0
12 14 10 1 0
12 14 10 2 0
12 14 10 3 0
12 14 10 4 0
12 14 10 5 0
12 14 10 6 0
12 14 10 7 0
12 14 10 8 0
12 14 10 9 0
12 14 10 10 0
12 14 10 11 0
12 14 10 12 0
12 14 10 13 0
12 14 10 14 0
12 14 10 15 0
12 14 11 0 0
12 14 11 1 0
12 14 11 2 0
12 14 11 3 0
12 14 11 4 0
12 14 11 5 0
12 14 11 6 0
12 14 11 7 0
12 14 11 8 0
12 14 11 9 0
12 14 11 10 0
12 14 11 11 0
12 14 11 12 0
12 14 11 13 0
12 14 11 14 0
12 14 11 15 0
12 14 12 0 0
12 14 12 1 0
12 14 12 2 0
12 14 12 3 0
12 14 12 4 0
12 14 12 5 0
12 14 12 6 0
12 14 12 7 0
12 14 12 8 0
12 14 12 9 0
12 14 12 10 0
12 14 12 11 0
12 14 12 12 0
12 14 12 13 0
12 14 12 14 0
12 14 12 15 0
12 14 13 0 0
12 14 13 1 0
12 14 13 2 0
12 14 13 3 0
12 14 13 4 0
12 14 13 5 0
12 14 13 6 0
12 14 13 7 0
12 14 13 8 0
12 14 13 9 0
12 14 13 10 0
12 14 13 11 0
12 14 13 12 0
12 14 13 13 0
12 14 13 14 0
12 14 13 15 0
12 14 14 0 0
12 14 14 1 0
12 14 14 2 0
12 14 14 3 0
12 14 14 4 0
12 14 14 5 0
12 14 14 6 0
12 14 14 7 0
12 14 14 8 0
12 14 14 9 0
12 14 14 10 0
12 14 14 11 0
12 14 14 12 0
12 14 14 13 0
12 14 14 14 0
12 14 14 15 0
12 14 15 0 0
12 14 15 1 0
12 14 15 2 0
12 14 15 3 0
12 14 15 4 0
12 14 15 5 0
12 14 15 6 0
12 14 15 7 0
12 14 15 8 0
12 14 15 9 0
12 14 15 10 0
12 14 15 11 0
12 14 15 12 0
12 14 15 13 0
12 14 15 14 0
12 14 15 15 0
12 15 0 0 0
12 15 0 1 0
12 15 0 2 0
12 15 0 3 0
12 15 0 4 0
12 15 0 5 0
12 15 0 6 0
12 15 0 7 0
12 15 0 8 0
12 15 0 9 0
12 15 0 10 0
12 15 0 11 0
12 15 0 12 0
12 15 0 13 0
12 15 0 14 0
12 15 0 15 0
12 15 1 0 0
12 15 1 1 0
12 15 1 2 0
12 15 1 3 0
12 15 1 4 0
12 15 1 5 0
12 15 1 6 0
12 15 1 7 0
12 15 1 8 0
12 15 1 9 0
12 15 1 10 0
12 15 1 11 0
12 15 1 12 0
12 15 1 13 0
12 15 1 14 0
12 15 1 15 0
12 15 2 0 0
12 15 2 1 0
12 15 2 2 0
12 15 2 3 0
12 15 2 4 0
12 15 2 5 0
12 15 2 6 0
12 15 2 7 0
12 15 2 8 0
12 15 2 9 0
12 15 2 10 0
12 15 2 11 0
12 15 2 12 0
12 15 2 13 0
12 15 2 14 0
12 15 2 15 0
12 15 3 0 0
12 15 3 1 0
12 15 3 2 0
12 15 3 3 0
12 15 3 4 0
12 15 3 5 0
12 15 3 6 0
12 15 3 7 0
12 15 3 8 0
12 15 3 9 0
12 15 3 10 0
12 15 3 11 0
12 15 3 12 0
12 15 3 13 0
12 15 3 14 0
12 15 3 15 0
12 15 4 0 0
12 15 4 1 0
12 15 4 2 0
12 15 4 3 0
12 15 4 4 0
12 15 4 5 0
12 15 4 6 0
12 15 4 7 0
12 15 4 8 0
12 15 4 9 0
12 15 4 10 0
12 15 4 11 0
12 15 4 12 0
12 15 4 13 0
12 15 4 14 0
12 15 4 15 0
12 15 5 0 0
12 15 5 1 0
12 15 5 2 0
12 15 5 3 0
12 15 5 4 0
12 15 5 5 0
12 15 5 6 0
12 15 5 7 0
12 15 5 8 0
12 15 5 9 0
12 15 5 10 0
12 15 5 11 0
12 15 5 12 0
12 15 5 13 0
12 15 5 14 0
12 15 5 15 0
12 15 6 0 0
12 15 6 1 0
12 15 6 2 0
12 15 6 3 0
12 15 6 4 0
12 15 6 5 0
12 15 6 6 0
12 15 6 7 0
12 15 6 8 0
12 15 6 9 0
12 15 6 10 0
12 15 6 11 0
12 15 6 12 0
12 15 6 13 0
12 15 6 14 0
12 15 6 15 0
12 15 7 0 0
12 15 7 1 0
12 15 7 2 0
12 15 7 3 0
12 15 7 4 0
12 15 7 5 0
12 15 7 6 0
12 15 7 7 0
12 15 7 8 0
12 15 7 9 0
12 15 7 10 0
12 15 7 11 0
12 15 7 12 0
12 15 7 13 0
12 15 7 14 0
12 15 7 15 0
12 15 8 0 0
12 15 8 1 0
12 15 8 2 0
12 15 8 3 0
12 15 8 4 0
12 15 8 5 0
12 15 8 6 0
12 15 8 7 0
12 15 8 8 0
12 15 8 9 0
12 15 8 10 0
12 15 8 11 0
12 15 8 12 0
12 15 8 13 0
12 15 8 14 0
12 15 8 15 0
12 15 9 0 0
12 15 9 1 0
12 15 9 2 0
12 15 9 3 0
12 15 9 4 0
12 15 9 5 0
12 15 9 6 0
12 15 9 7 0
12 15 9 8 0
12 15 9 9 0
12 15 9 10 0
12 15 9 11 0
12 15 9 12 0
12 15 9 13 0
12 15 9 14 0
12 15 9 15 0
12 15 10 0 0
12 15 10 1 0
12 15 10 2 0
12 15 10 3 0
12 15 10 4 0
12 15 10 5 0
12 15 10 6 0
12 15 10 7 0
12 15 10 8 0
12 15 10 9 0
12 15 10 10 0
12 15 10 11 0
12 15 10 12 0
12 15 10 13 0
12 15 10 14 0
12 15 10 15 0
12 15 11 0 0
12 15 11 1 0
12 15 11 2 0
12 15 11 3 0
12 15 11 4 0
12 15 11 5 0
12 15 11 6 0
12 15 11 7 0
12 15 11 8 0
12 15 11 9 0
12 15 11 10 0
12 15 11 11 0
12 15 11 12 0
12 15 11 13 0
12 15 11 14 0
12 15 11 15 0
12 15 12 0 0
12 15 12 1 0
12 15 12 2 0
12 15 12 3 0
12 15 12 4 0
12 15 12 5 0
12 15 12 6 0
12 15 12 7 0
12 15 12 8 0
12 15 12 9 0
12 15 12 10 0
12 15 12 11 0
12 15 12 12 0
12 15 12 13 0
12 15 12 14 0
12 15 12 15 0
12 15 13 0 0
12 15 13 1 0
12 15 13 2 0
12 15 13 3 0
12 15 13 4 0
12 15 13 5 0
12 15 13 6 0
12 15 13 7 0
12 15 13 8 0
12 15 13 9 0
12 15 13 10 0
12 15 13 11 0
12 15 13 12 0
12 15 13 13 0
12 15 13 14 0
12 15 13 15 0
12 15 14 0 0
12 15 14 1 0
12 15 14 2 0
12 15 14 3 0
12 15 14 4 0
12 15 14 5 0
12 15 14 6 0
12 15 14 7 0
12 15 14 8 0
12 15 14 9 0
12 15 14 10 0
12 15 14 11 0
12 15 14 12 0
12 15 14 13 0
12 15 14 14 0
12 15 14 15 0
12 15 15 0 0
12 15 15 1 0
12 15 15 2 0
12 15 15 3 0
12 15 15 4 0
12 15 15 5 0
12 15 15 6 0
12 15 15 7 0
12 15 15 8 0
12 15 15 9 0
12 15 15 10 0
12 15 15 11 0
12 15 15 12 0
12 15 15 13 0
12 15 15 14 0
12 15 15 15 0
13 0 0 0 0
13 0 0 1 0
13 0 0 2 0
13 0 0 3 0
13 0 0 4 0
13 0 0 5 0
13 0 0 6 -0.04180057214703056
13 0 0 7 0
13 0 0 8 0
13 0 0 9 0
13 0 0 10 0
13 0 0 11 0
13 0 0 12 0
13 0 0 13 -0.003229423880686906
13 0 0 14 0
13 0 0 15 0
13 0 1 0 0
13 0 1 1 0
13 0 1 2 0
13 0 1 3 0
13 0 1 4 0
13 0 1 5 0
13 0 1 6 0
13 0 1 7 0
13 0 1 8 0
13 0 1 9 0
13 0 1 10 0
13 0 1 11 0
13 0 1 12 0
13 0 1 13 0
13 0 1 14 0
13 0 1 15 0
13 0 2 0 0
13 0 2 1 0
13 0 2 2 0
13 0 2 3 0
13 0 2 4 0
13 0 2 5 0
13 0 2 6 0
13 0 2 7 0
13 0 2 8 0
13 0 2 9 0
13 0 2 10 0
13 0 2 11 0
13 0 2 12 0
13 0 2 13 0
13 0 2 14 0
13 0 2 15 0
13 0 3 0 0
13 0 3 1 0
13 0 3 2 0
13 0 3 3 0
13 0 3 4 0
13 0 3 5 0
13 0 3 6 0
13 0 3 7 0
13 0 3 8 0
13 0 3 9 0
13 0 3 10 0
13 0 3 11 0
13 0 3 12 0
13 0 3 13 0
13 0 3 14 0
13 0 3 15 0
13 0 4 0 0
13 0 4 1 0
13 0 4 2 0
13 0 4 3 0
13 0 4 4 0
13 0 4 5 0
13 0 4 6 0
13 0 4 7 0
13 0 4 8 0
13 0 4 9 0
13 0 4 10 0
13 0 4 11 0
13 0 4 12 0
13 0 4 13 0
13 0 4 14 0
13 0 4 15 0
13 0 5 0 0
13 0 5 1 0
13 0 5 2 0
13 0 5 3 0
13 0 5 4 0
13 0 5 5 0
13 0 5 6 0
13 0 5 7 0
13 0 5 8 0
13 0 5 9 0
13 0 5 10 0
13 0 5 11 0
13 0 5 12 0
13 0 5 13 0
13 0 5 14 0
13 0 5 15 0
13 0 6 0 0.08360114429406111
13 0 6 1 0
13 0 6 2 0
13 0 6 3 0
13 0 6 4 0
13 0 6 5 0
13 0 6 6 0
13 0 6 7 0
13 0 6 8 0
13 0 6 9 0
13 0 6 10 0
13 0 6 11 -0.000252295891708854
13 0 6 12 0
13 0 6 13 0
13 0 6 14 0
13 0 6 15 0
13 0 7 0 0
13 0 7 1 0
13 0 7 2 0
13 0 7 3 0
13 0 7 4 0
13 0 7 5 0
13 0 7 6 0
13 0 7 7 0
13 0 7 8 0
13 0 7 9 0
13 0 7 10 0
13 0 7 11 0
13 0 7 12 0
13 0 7 13 0
13 0 7 14 0
13 0 7 15 0
13 0 8 0 0
13 0 8 1 0
13 0 8 2 0
13 0 8 3 0
13 0 8 4 0
13 0 8 5 0
13 0 8 6 0
13 0 8 7 0
13 0 8 8 0
13 0 8 9 0
13 0 8 10 0
13 0 8 11 0
13 0 8 12 0
13 0 8 13 0
13 0 8 14 0
13 0 8 15 0
13 0 9 0 0
13 0 9 1 0
13 0 9 2 0
13 0 9 3 0
13 0 9 4 0
13 0 9 5 0
13 0 9 6 0
13 0 9 7 0
13 0 9 8 0
13 0 9 9 0
13 0 9 10 0
13 0 9 11 0
13 0 9 12 0
13 0 9 13 0
13 0 9 14 0
13 0 9 15 0
13 0 10 0 0
13 0 10 1 0
13 0 10 2 0
13 0 10 3 0
13 0 10 4 0
13 0 10 5 0
13 0 10 6 0
13 0 10 7 0
13 0 10 8 0
13 0 10 9 0
13 0 10 10 0
13 0 10 11 0
13 0 10 12 0
13 0 10 13 0
13 0 10 14 0
13 0 10 15 0
13 0 11 0 0
13 0 11 1 0
13 0 11 2 0
13 0 11 3 0
13 0 11 4 0
13 0 11 5 0
13 0 11 6 0.0001066631911930183
13 0 11 7 0
13 0 11 8 0
13 0 11 9 0
13 0 11 10 0
13 0 11 11 0
13 0 11 12 0
13 0 11 13 0
13 0 11 14 0
13 0 11 15 0
13 0 12 0 0
13 0 12 1 0
13 0 12 2 0
13 0 12 3 0
13 0 12 4 0
13 0 12 5 0
13 0 12 6 0
13 0 12 7 0
13 0 12 8 0
13 0 12 9 0
13 0 12 10 0
13 0 12 11 0
13 0 12 12 0
13 0 12 13 0
13 0 12 14 0
13 0 12 15 0
13 0 13 0 0.006458847761373811
13 0 13 1 0
13 0 13 2 0
13 0 13 3 0
13 0 13 4 0
13 0 13 5 0
13 0 13 6 0
13 0 13 7 0
13 0 13 8 0
13 0 13 9 0
13 0 13 10 0
13 0 13 11 0
13 0 13 12 0
13 0 13 13 0
13 0 13 14 0
13 0 13 15 0
13 0 14 0 0
13 0 14 1 0
13 0 14 2 0
13 0 14 3 0
13 0 14 4 0
13 0 14 5 0
13 0 14 6 0
13 0 14 7 0
13 0 14 8 0
13 0 14 9 0
13 0 14 10 0
13 0 14 11 0
13 0 14 12 0
13 0 14 13 0
13 0 14 14 0
13 0 14 15 0
13 0 15 0 0
13 0 15 1 0
13 0 15 2 0
13 0 15 3 0
13 0 15 4 0
13 0 15 5 0
13 0 15 6 0
13 0 15 7 0
13 0 15 8 0
13 0 15 9 0
13 0 15 10 0
13 0 15 11 0
13 0 15 12 0
13 0 15 13 0
13 0 15 14 0
13 0 15 15 0
13 1 0 0 0
13 1 0 1 0
13 1 0 2 0
13 1 0 3 0
13 1 0 4 0
13 1 0 5 0
13 1 0 6 0
13 1 0 7 0
13 1 0 8 0
13 1 0 9 0
13 1 0 10 0
13 1 0 11 0
13 1 0 12 0
13 1 0 13 0
13 1 0 14 0
13 1 0 15 0
13 1 1 0 0
13 1 1 1 0
13 1 1 2 0
13 1 1 3 0
13 1 1 4 0
13 1 1 5 0
13 1 1 6 -0.04180057214703056
13 1 1 7 0
13 1 1 8 0
13 1 1 9 0
13 1 1 10 0
13 1 1 11 0
13 1 1 12 0
13 1 1 13 -0.003229423880686906
13 1 1 14 0
13 1 1 15 0
13 1 2 0 0
13 1 2 1 0
13 1 2 2 0
13 1 2 3 0
13 1 2 4 0
13 1 2 5 0
13 1 2 6 0
13 1 2 7 0
13 1 2 8 0
13 1 2 9 0
13 1 2 10 0
13 1 2 11 0
13 1 2 12 0
13 1 2 13 0
13 1 2 14 0
13 1 2 15 0
13 1 3 0 0
13 1 3 1 0
13 1 3 2 0
13 1 3 3 0
13 1 3 4 0
13 1 3 5 0
13 1 3 6 0
13 1 3 7 0
13 1 3 8 0
13 1 3 9 0
13 1 3 10 0
13 1 3 11 0
13 1 3 12 0
13 1 3 13 0
13 1 3 14 0
13 1 3 15 0
13 1 4 0 0
13 1 4 1 0
13 1 4 2 0
13 1 4 3 0
13 1 4 4 0
13 1 4 5 0
13 1 4 6 0
13 1 4 7 0
13 1 4 8 0
13 1 4 9 0
13 1 4 10 0
13 1 4 11 0
13 1 4 12 0
13 1 4 13 0
13 1 4 14 0
13 1 4 15 0
13 1 5 0 0
13 1 5 1 0
13 1 5 2 0
13 1 5 3 0
13 1 5 4 0
13 1 5 5 0
13 1 5 6 0
13 1 5 7 0
13 1 5 8 0
13 1 5 9 0
13 1 5 10 0
13 1 5 11 0
13 1 5 12 0
13 1 5 13 0
13 1 5 14 0
13 1 5 15 0
13 1 6 0 0
13 1 6 1 0.08360114429406111
13 1 6 2 0
13 1 6 3 0
13 1 6 4 0
13 1 6 5 0
13 1 6 6 0
13 1 6 7 0
13 1 6 8 0
13 1 6 9 0
13 1 6 10 0
13 1 6 11 0
13 1 6 12 0
13 1 6 13 0
13 1 6 14 0
13 1 6 15 0.0003084617518769588
13 1 7 0 0
13 1 7 1 0
13 1 7 2 0
13 1 7 3 0
13 1 7 4 0
13 1 7 5 0
13 1 7 6 0
13 1 7 7 0
13 1 7 8 0
13 1 7 9 0
13 1 7 10 0
13 1 7 11 0
13 1 7 12 0
13 1 7 13 0
13 1 7 14 0
13 1 7 15 0
13 1 8 0 0
13 1 8 1 0
13 1 8 2 0
13 1 8 3 0
13 1 8 4 0
13 1 8 5 0
13 1 8 6 0
13 1 8 7 0
13 1 8 8 0
13 1 8 9 0
13 1 8 10 0
13 1 8 11 0
13 1 8 12 0
13 1 8 13 0
13 1 8 14 0
13 1 8 15 0
13 1 9 0 0
13 1 9 1 0
13 1 9 2 0
13 1 9 3 0
13 1 9 4 0
13 1 9 5 0
13 1 9 6 0
13 1 9 7 0
13 1 9 8 0
13 1 9 9 0
13 1 9 10 0
13 1 9 11 0
13 1 9 12 0
13 1 9 13 0
13 1 9 14 0
13 1 9 15 0
13 1 10 0 0
13 1 10 1 0
13 1 10 2 0
13 1 10 3 0
13 1 10 4 0
13 1 10 5 0
13 1 10 6 0
13 1 10 7 0
13 1 10 8 0
13 1 10 9 0
13 1 10 10 0
13 1 10 11 0
13 1 10 12 0
13 1 10 13 0
13 1 10 14 0
13 1 10 15 0
13 1 11 0 0
13 1 11 1 0
13 1 11 2 0
13 1 11 3 0
13 1 11 4 0
13 1 11 5 0
13 1 11 6 0
13 1 11 7 0
13 1 11 8 0
13 1 11 9 0
13 1 11 10 0
13 1 11 11 0
13 1 11 12 0
13 1 11 13 0
13 1 11 14 0
13 1 11 15 0
13 1 12 0 0
13 1 12 1 0
13 1 12 2 0
13 1 12 3 0
13 1 12 4 0
13 1 12 5 0
13 1 12 6 0
13 1 12 7 0
13 1 12 8 0
13 1 12 9 0
13 1 12 10 0
13 1 12 11 0
13 1 12 12 0
13 1 12 13 0
13 1 12 14 0
13 1 12 15 0
13 1 13 0 0
13 1 13 1 0.006458847761373811
13 1 13 2 0
13 1 13 3 0
13 1 13 4 0
13 1 13 5 0
13 1 13 6 0
13 1 13 7 0
13 1 13 8 0
13 1 13 9 0
13 1 13 10 0
13 1 13 11 0
13 1 13 12 0
13 1 13 13 0
13 1 13 14 0
13 1 13 15 0
13 1 14 0 0
13 1 14 1 0
13 1 14 2 0
13 1 14 3 0
13 1 14 4 0
13 1 14 5 0
13 1 14 6 0
13 1 14 7 0
13 1 14 8 0
13 1 14 9 0
13 1 14 10 0
13 1 14 11 0
13 1 14 12 0
13 1 14 13 0
13 1 14 14 0
13 1 14 15 0
13 1 15 0 0
13 1 15 1 0
13 1 15 2 0
13 1 15 3 0
13 1 15 4 0
13 1 15 5 0
13 1 15 6 -0.0001668691174782631
13 1 15 7 0
13 1 15 8 0
13 1 15 9 0
13 1 15 10 0
13 1 15 11 0
13 1 15 12 0
13 1 15 13 0
13 1 15 14 0
13 1 15 15 0
13 2 0 0 0
13 2 0 1 0
13 2 0 2 0
13 2 0 3 0
13 2 0 4 0
13 2 0 5 0
13 2 0 6 0
13 2 0 7 0
13 2 0 8 0
13 2 0 9 0
13 2 0 10 0
13 2 0 11 0
13 2 0 12 0
13 2 0 13 0
13 2 0 14 0
13 2 0 15 0
13 2 1 0 0
13 2 1 1 0
13 2 1 2 0
13 2 1 3 0
13 2 1 4 0
13 2 1 5 0
13 2 1 6 0
13 2 1 7 0
13 2 1 8 0
13 2 1 9 0
13 2 1 10 0
13 2 1 11 0
13 2 1 12 0
13 2 1 13 0
13 2 1 14 0
13 2 1 15 0
13 2 2 0 0
13 2 2 1 0
13 2 2 2 0
13 2 2 3 0
13 2 2 4 0
13 2 2 5 0
13 2 2 6 -0.04180057214703056
13 2 2 7 0
13 2 2 8 0
13 2 2 9 0
13 2 2 10 0
13 2 2 11 0
13 2 2 12 0
13 2 2 13 -0.003229423880686906
13 2 2 14 0
13 2 2 15 0
13 2 3 0 0
13 2 3 1 0
13 2 3 2 0
13 2 3 3 0
13 2 3 4 0
13 2 3 5 0
13 2 3 6 0
13 2 3 7 -0.005736897125228525
13 2 3 8 0
13 2 3 9 0
13 2 3 10 0
13 2 3 11 0
13 2 3 12 0
13 2 3 13 0
13 2 3 14 0
13 2 3 15 0
13 2 4 0 0
13 2 4 1 0
13 2 4 2 0
13 2 4 3 0
13 2 4 4 0
13 2 4 5 0
13 2 4 6 0
13 2 4 7 0
13 2 4 8 0
13 2 4 9 0
13 2 4 10 0
13 2 4 11 0
13 2 4 12 0
13 2 4 13 0
13 2 4 14 0
13 2 4 15 0
13 2 5 0 0
13 2 5 1 0
13 2 5 2 0
13 2 5 3 0
13 2 5 4 0
13 2 5 5 0
13 2 5 6 0
13 2 5 7 0
13 2 5 8 0
13 2 5 9 0
13 2 5 10 0
13 2 5 11 0
13 2 5 12 0
13 2 5 13 0
13 2 5 14 0
13 2 5 15 0
13 2 6 0 0
13 2 6 1 0
13 2 6 2 0.08360114429406111
13 2 6 3 0
13 2 6 4 0
13 2 6 5 0
13 2 6 6 0
13 2 6 7 0
13 2 6 8 0
13 2 6 9 0
13 2 6 10 0
13 2 6 11 -0.0006584518467963494
13 2 6 12 0
13 2 6 13 0
13 2 6 14 0.001735606171232518
13 2 6 15 0
13 2 7 0 0
13 2 7 1 0
13 2 7 2 0
13 2 7 3 0.01994089248612114
13 2 7 4 0
13 2 7 5 0
13 2 7 6 0
13 2 7 7 0
13 2 7 8 0
13 2 7 9 0
13 2 7 10 0
13 2 7 11 0
13 2 7 12 0
13 2 7 13 0
13 2 7 14 0
13 2 7 15 0
13 2 8 0 0
13 2 8 1 0
13 2 8 2 0
13 2 8 3 0
13 2 8 4 0
13 2 8 5 0
13 2 8 6 0
13 2 8 7 0
13 2 8 8 0
13 2 8 9 0
13 2 8 10 0
13 2 8 11 0
13 2 8 12 0
13 2 8 13 0
13 2 8 14 0
13 2 8 15 0
13 2 9 0 0
13 2 9 1 0
13 2 9 2 0
13 2 9 3 0
13 2 9 4 0
13 2 9 5 0
13 2 9 6 0
13 2 9 7 0
13 2 9 8 0
13 2 9 9 0
13 2 9 10 0
13 2 9 11 0
13 2 9 12 0
13 2 9 13 0
13 2 9 14 0
13 2 9 15 0
13 2 10 0 0
13 2 10 1 0
13 2 10 2 0
13 2 10 3 0
13 2 10 4 0
13 2 10 5 0
13 2 10 6 0
13 2 10 7 0
13 2 10 8 0
13 2 10 9 0
13 2 10 10 0
13 2 10 11 0
13 2 10 12 0
13 2 10 13 0
13 2 10 14 0
13 2 10 15 0
13 2 11 0 0
13 2 11 1 0
13 2 11 2 0
13 2 11 3 0
13 2 11 4 0
13 2 11 5 0
13 2 11 6 0.0002951742179239154
13 2 11 7 0
13 2 11 8 0
13 2 11 9 0
13 2 11 10 0
13 2 11 11 0
13 2 11 12 0
13 2 11 13 0
13 2 11 14 0
13 2 11 15 0
13 2 12 0 0
13 2 12 1 0
13 2 12 2 0
13 2 12 3 0
13 2 12 4 0
13 2 12 5 0
13 2 12 6 0
13 2 12 7 0
13 2 12 8 0
13 2 12 9 0
13 2 12 10 0
13 2 12 11 0
13 2 12 12 0
13 2 12 13 0
13 2 12 14 0
13 2 12 15 0
13 2 13 0 0
13 2 13 1 0
13 2 13 2 0.006458847761373811
13 2 13 3 0
13 2 13 4 0
13 2 13 5 0
13 2 13 6 0
13 2 13 7 0
13 2 13 8 0
13 2 13 9 0
13 2 13 10 0
13 2 13 11 0
13 2 13 12 0
13 2 13 13 0
13 2 13 14 0
13 2 13 15 0
13 2 14 0 0
13 2 14 1 0
13 2 14 2 0
13 2 14 3 0
13 2 14 4 0
13 2 14 5 0
13 2 14 6 -0.0007832571792022944
13 2 14 7 0
13 2 14 8 0
13 2 14 9 0
13 2 14 10 0
13 2 14 11 0
13 2 14 12 0
13 2 14 13 0
13 2 14 14 0
13 2 14 15 0
13 2 15 0 0
13 2 15 1 0
13 2 15 2 0
13 2 15 3 0
13 2 15 4 0
13 2 15 5 0
13 2 15 6 0
13 2 15 7 0
13 2 15 8 0
13 2 15 9 0
13 2 15 10 0
13 2 15 11 0
13 2 15 12 0
13 2 15 13 0
13 2 15 14 0
13 2 15 15 0
13 3 0 0 0
13 3 0 1 0
13 3 0 2 0
13 3 0 3 0
13 3 0 4 0
13 3 0 5 0
13 3 0 6 0
13 3 0 7 0
13 3 0 8 0
13 3 0 9 0
13 3 0 10 0
13 3 0 11 0
13 3 0 12 0
13 3 0 13 0
13 3 0 14 0
13 3 0 15 0
13 3 1 0 0
13 3 1 1 0
13 3 1 2 0
13 3 1 3 0
13 3 1 4 0
13 3 1 5 0
13 3 1 6 0
13 3 1 7 0
13 3 1 8 0
13 3 1 9 0
13 3 1 10 0
13 3 1 11 0
13 3 1 12 0
13 3 1 13 0
13 3 1 14 0
13 3 1 15 0
13 3 2 0 0
13 3 2 1 0
13 3 2 2 0
13 3 2 3 0
13 3 2 4 0
13 3 2 5 0
13 3 2 6 0
13 3 2 7 0
13 3 2 8 0
13 3 2 9 0
13 3 2 10 0
13 3 2 11 0
13 3 2 12 0
13 3 2 13 0
13 3 2 14 0
13 3 2 15 0
13 3 3 0 0
13 3 3 1 0
13 3 3 2 0
13 3 3 3 0
13 3 3 4 0
13 3 3 5 0
13 3 3 6 -0.02176879762947791
13 3 3 7 0
13 3 3 8 0
13 3 3 9 0
13 3 3 10 0
13 3 3 11 0
13 3 3 12 0
13 3 3 13 -0.001369156575615711
13 3 3 14 0
13 3 3 15 0
13 3 4 0 0
13 3 4 1 0
13 3 4 2 0
13 3 4 3 0
13 3 4 4 0
13 3 4 5 0
13 3 4 6 0
13 3 4 7 0
13 3 4 8 0
13 3 4 9 0
13 3 4 10 0
13 3 4 11 0
13 3 4 12 0
13 3 4 13 0
13 3 4 14 0
13 3 4 15 0
13 3 5 0 0
13 3 5 1 0
13 3 5 2 0
13 3 5 3 0
13 3 5 4 0
13 3 5 5 0
13 3 5 6 0
13 3 5 7 0
13 3 5 8 0
13 3 5 9 0
13 3 5 10 0
13 3 5 11 0
13 3 5 12 0
13 3 5 13 0
13 3 5 14 0
13 3 5 15 0
13 3 6 0 0
13 3 6 1 0
13 3 6 2 0
13 3 6 3 0.02006812266186633
13 3 6 4 0
13 3 6 5 0
13 3 6 6 0
13 3 6 7 0
13 3 6 8 0.00128798252952924
13 3 6 9 0
13 3 6 10 0
13 3 6 11 0
13 3 6 12 0
13 3 6 13 0
13 3 6 14 0
13 3 6 15 0
13 3 7 0 0
13 3 7 1 0
13 3 7 2 0
13 3 7 3 0
13 3 7 4 0
13 3 7 5 0
13 3 7 6 0
13 3 7 7 0
13 3 7 8 0
13 3 7 9 0
13 3 7 10 0
13 3 7 11 0
13 3 7 12 0
13 3 7 13 0
13 3 7 14 0
13 3 7 15 0
13 3 8 0 0
13 3 8 1 0
13 3 8 2 0
13 3 8 3 0
13 3 8 4 0
13 3 8 5 0
13 3 8 6 -0.001567134012938237
13 3 8 7 0
13 3 8 8 0
13 3 8 9 0
13 3 8 10 0
13 3 8 11 0
13 3 8 12 0
13 3 8 13 0
13 3 8 14 0
13 3 8 15 0
13 3 9 0 0
13 3 9 1 0
13 3 9 2 0
13 3 9 3 0
13 3 9 4 0
13 3 9 5 0
13 3 9 6 0
13 3 9 7 0
13 3 9 8 0
13 3 9 9 0
13 3 9 10 0
13 3 9 11 0
13 3 9 12 0
13 3 9 13 0
13 3 9 14 0
13 3 9 15 0
13 3 10 0 0
13 3 10 1 0
13 3 10 2 0
13 3 10 3 0
13 3 10 4 0
13 3 10 5 0
13 3 10 6 0
13 3 10 7 0
13 3 10 8 0
13 3 10 9 0
13 3 10 10 0
13 3 10 11 0
13 3 10 12 0
13 3 10 13 0
13 3 10 14 0
13 3 10 15 0
13 3 11 0 0
13 3 11 1 0
13 3 11 2 0
13 3 11 3 0
13 3 11 4 0
13 3 11 5 0
13 3 11 6 0
13 3 11 7 0
13 3 11 8 0
13 3 11 9 0
13 3 11 10 0
13 3 11 11 0
13 3 11 12 0
13 3 11 13 0
13 3 11 14 0
13 3 11 15 0
13 3 12 0 0
13 3 12 1 0
13 3 12 2 0
13 3 12 3 0
13 3 12 4 0
13 3 12 5 0
13 3 12 6 0
13 3 12 7 0
13 3 12 8 0
13 3 12 9 0
13 3 12 10 0
13 3 12 11 0
13 3 12 12 0
13 3 12 13 0
13 3 12 14 0
13 3 12 15 0
13 3 13 0 0
13 3 13 1 0
13 3 13 2 0
13 3 13 3 0.001462101043518603
13 3 13 4 0
13 3 13 5 0
13 3 13 6 0
13 3 13 7 0
13 3 13 8 0
13 3 13 9 0
13 3 13 10 0
13 3 13 11 0
13 3 13 12 0
13 3 13 13 0
13 3 13 14 0
13 3 13 15 0
13 3 14 0 0
13 3 14 1 0
13 3 14 2 0
13 3 14 3 0
13 3 14 4 0
13 3 14 5 0
13 3 14 6 0
13 3 14 7 0
13 3 14 8 0
13 3 14 9 0
13 3 14 10 0
13 3 14 11 0
13 3 14 12 0
13 3 14 13 0
13 3 14 14 0
13 3 14 15 0
13 3 15 0 0
13 3 15 1 0
13 3 15 2 0
13 3 15 3 0
13 3 15 4 0
13 3 15 5 0
13 3 15 6 0
13 3 15 7 0
13 3 15 8 0
13 3 15 9 0
13 3 15 10 0
13 3 15 11 0
13 3 15 12 0
13 3 15 13 0
13 3 15 14 0
13 3 15 15 0
13 4 0 0 0
13 4 0 1 0
13 4 0 2 0
13 4 0 3 0
13 4 0 4 0
13 4 0 5 0
13 4 0 6 0
13 4 0 7 0
13 4 0 8 0
13 4 0 9 0
13 4 0 10 0
13 4 0 11 0
13 4 0 12 0
13 4 0 13 0
13 4 0 14 0
13 4 0 15 0
13 4 1 0 0
13 4 1 1 0
13 4 1 2 0
13 4 1 3 0
13 4 1 4 0
13 4 1 5 0
13 4 1 6 0
13 4 1 7 0
13 4 1 8 0
13 4 1 9 0
13 4 1 10 0
13 4 1 11 0
13 4 1 12 0
13 4 1 13 0
13 4 1 14 0
13 4 1 15 0
13 4 2 0 0
13 4 2 1 0
13 4 2 2 0
13 4 2 3 0
13 4 2 4 0
13 4 2 5 0
13 4 2 6 0
13 4 2 7 0
13 4 2 8 0
13 4 2 9 0
13 4 2 10 0
13 4 2 11 0
13 4 2 12 0
13 4 2 13 0
13 4 2 14 0
13 4 2 15 0
13 4 3 0 0
13 4 3 1 0
13 4 3 2 0
13 4 3 3 0
13 4 3 4 0
13 4 3 5 -0.003340075069058372
13 4 3 6 0
13 4 3 7 0
13 4 3 8 0
13 4 3 9 0
13 4 3 10 0
13 4 3 11 0
13 4 3 12 0.0005802264624822398
13 4 3 13 0
13 4 3 14 0
13 4 3 15 0
13 4 4 0 0
13 4 4 1 0
13 4 4 2 0
13 4 4 3 0
13 4 4 4 0
13 4 4 5 0
13 4 4 6 -0.01006594989506482
13 4 4 7 0
13 4 4 8 0
13 4 4 9 0
13 4 4 10 0
13 4 4 11 0
13 4 4 12 0
13 4 4 13 -0.001526999318248566
13 4 4 14 0
13 4 4 15 0
13 4 5 0 0
13 4 5 1 0
13 4 5 2 0
13 4 5 3 -0.04643769698372824
13 4 5 4 0
13 4 5 5 0
13 4 5 6 0
13 4 5 7 0
13 4 5 8 -0.002183371277268636
13 4 5 9 0
13 4 5 10 0
13 4 5 11 0
13 4 5 12 0
13 4 5 13 0
13 4 5 14 0
13 4 5 15 0
13 4 6 0 0
13 4 6 1 0
13 4 6 2 0
13 4 6 3 0
13 4 6 4 0.06353302163219478
13 4 6 5 0
13 4 6 6 0
13 4 6 7 0
13 4 6 8 0
13 4 6 9 0.003187563149938342
13 4 6 10 0
13 4 6 11 0
13 4 6 12 0
13 4 6 13 0
13 4 6 14 0
13 4 6 15 0
13 4 7 0 0
13 4 7 1 0
13 4 7 2 0
13 4 7 3 0
13 4 7 4 0
13 4 7 5 0
13 4 7 6 0
13 4 7 7 0
13 4 7 8 0
13 4 7 9 0
13 4 7 10 0
13 4 7 11 0
13 4 7 12 0
13 4 7 13 0
13 4 7 14 0
13 4 7 15 0
13 4 8 0 0
13 4 8 1 0
13 4 8 2 0
13 4 8 3 0
13 4 8 4 0
13 4 8 5 -0.001058461471281402
13 4 8 6 0
13 4 8 7 0
13 4 8 8 0
13 4 8 9 0
13 4 8 10 0
13 4 8 11 0
13 4 8 12 0
13 4 8 13 0
13 4 8 14 0
13 4 8 15 0
13 4 9 0 0
13 4 9 1 0
13 4 9 2 0
13 4 9 3 0
13 4 9 4 0
13 4 9 5 0
13 4 9 6 0.0003340416914247287
13 4 9 7 0
13 4 9 8 0
13 4 9 9 0
13 4 9 10 0
13 4 9 11 0
13 4 9 12 0
13 4 9 13 0
13 4 9 14 0
13 4 9 15 0
13 4 10 0 0
13 4 10 1 0
13 4 10 2 0
13 4 10 3 0
13 4 10 4 0
13 4 10 5 0
13 4 10 6 0
13 4 10 7 0
13 4 10 8 0
13 4 10 9 0
13 4 10 10 0
13 4 10 11 0
13 4 10 12 0
13 4 10 13 0
13 4 10 14 0
13 4 10 15 0
13 4 11 0 0
13 4 11 1 0
13 4 11 2 0
13 4 11 3 0
13 4 11 4 0
13 4 11 5 0
13 4 11 6 0
13 4 11 7 0
13 4 11 8 0
13 4 11 9 0
13 4 11 10 0
13 4 11 11 0
13 4 11 12 0
13 4 11 13 0
13 4 11 14 0
13 4 11 15 0
13 4 12 0 0
13 4 12 1 0
13 4 12 2 0
13 4 12 3 -0.004129390043362869
13 4 12 4 0
13 4 12 5 0
13 4 12 6 0
13 4 12 7 0
13 4 12 8 0
13 4 12 9 0
13 4 12 10 0
13 4 12 11 0
13 4 12 12 0
13 4 12 13 0
13 4 12 14 0
13 4 12 15 0
13 4 13 0 0
13 4 13 1 0
13 4 13 2 0
13 4 13 3 0
13 4 13 4 0.004996746717855209
13 4 13 5 0
13 4 13 6 0
13 4 13 7 0
13 4 13 8 0
13 4 13 9 0
13 4 13 10 0
13 4 13 11 0
13 4 13 12 0
13 4 13 13 0
13 4 13 14 0
13 4 13 15 0
13 4 14 0 0
13 4 14 1 0
13 4 14 2 0
13 4 14 3 0
13 4 14 4 0
13 4 14 5 0
13 4 14 6 0
13 4 14 7 0
13 4 14 8 0
13 4 14 9 0
13 4 14 10 0
13 4 14 11 0
13 4 14 12 0
13 4 14 13 0
13 4 14 14 0
13 4 14 15 0
13 4 15 0 0
13 4 15 1 0
13 4 15 2 0
13 4 15 3 0
13 4 15 4 0
13 4 15 5 0
13 4 15 6 0
13 4 15 7 0
13 4 15 8 0
13 4 15 9 0
13 4 15 10 0
13 4 15 11 0
13 4 15 12 0
13 4 15 13 0
13 4 15 14 0
13 4 15 15 0
13 5 0 0 0
13 5 0 1 0
13 5 0 2 0
13 5 0 3 0
13 5 0 4 0
13 5 0 5 0
13 5 0 6 0
13 5 0 7 0
13 5 0 8 0
13 5 0 9 0
13 5 0 10 0
13 5 0 11 0
13 5 0 12 0
13 5 0 13 0
13 5 0 14 0
13 5 0 15 0
13 5 1 0 0
13 5 1 1 0
13 5 1 2 0
13 5 1 3 0
13 5 1 4 0
13 5 1 5 0
13 5 1 6 0
13 5 1 7 0
13 5 1 8 0
13 5 1 9 0
13 5 1 10 0
13 5 1 11 0
13 5 1 12 0
13 5 1 13 0
13 5 1 14 0
13 5 1 15 0
13 5 2 0 0
13 5 2 1 0
13 5 2 2 0
13 5 2 3 0
13 5 2 4 0
13 5 2 5 0
13 5 2 6 0
13 5 2 7 0
13 5 2 8 0
13 5 2 9 0
13 5 2 10 0
13 5 2 11 0
13 5 2 12 0
13 5 2 13 0
13 5 2 14 0
13 5 2 15 0
13 5 3 0 0
13 5 3 1 0
13 5 3 2 0
13 5 3 3 0
13 5 3 4 -0.005836306089805395
13 5 3 5 0
13 5 3 6 0
13 5 3 7 0
13 5 3 8 0
13 5 3 9 -0.0003470835447255225
13 5 3 10 0
13 5 3 11 0
13 5 3 12 0
13 5 3 13 0
13 5 3 14 0
13 5 3 15 0
13 5 4 0 0
13 5 4 1 0
13 5 4 2 0
13 5 4 3 -0.02497814752670067
13 5 4 4 0
13 5 4 5 0
13 5 4 6 0
13 5 4 7 0
13 5 4 8 -0.001656962254256627
13 5 4 9 0
13 5 4 10 0
13 5 4 11 0
13 5 4 12 0
13 5 4 13 0
13 5 4 14 0
13 5 4 15 0
13 5 5 0 0
13 5 5 1 0
13 5 5 2 0
13 5 5 3 0
13 5 5 4 0
13 5 5 5 0
13 5 5 6 0.0101022980393785
13 5 5 7 0
13 5 5 8 0
13 5 5 9 0
13 5 5 10 0
13 5 5 11 0
13 5 5 12 0
13 5 5 13 0.001128833056695974
13 5 5 14 0
13 5 5 15 0
13 5 6 0 0
13 5 6 1 0
13 5 6 2 0
13 5 6 3 0
13 5 6 4 0
13 5 6 5 0.02006812266186633
13 5 6 6 0
13 5 6 7 0
13 5 6 8 0
13 5 6 9 0
13 5 6 10 0
13 5 6 11 0
13 5 6 12 0.001429268065734163
13 5 6 13 0
13 5 6 14 0
13 5 6 15 0
13 5 7 0 0
13 5 7 1 0
13 5 7 2 0
13 5 7 3 0
13 5 7 4 0
13 5 7 5 0
13 5 7 6 0
13 5 7 7 0
13 5 7 8 0
13 5 7 9 0
13 5 7 10 0
13 5 7 11 0
13 5 7 12 0
13 5 7 13 0
13 5 7 14 0
13 5 7 15 0
13 5 8 0 0
13 5 8 1 0
13 5 8 2 0
13 5 8 3 0
13 5 8 4 -0.0003871599719217846
13 5 8 5 0
13 5 8 6 0
13 5 8 7 0
13 5 8 8 0
13 5 8 9 0
13 5 8 10 0
13 5 8 11 0
13 5 8 12 0
13 5 8 13 0
13 5 8 14 0
13 5 8 15 0
13 5 9 0 0
13 5 9 1 0
13 5 9 2 0
13 5 9 3 -0.00148544367804626
13 5 9 4 0
13 5 9 5 0
13 5 9 6 0
13 5 9 7 0
13 5 9 8 0
13 5 9 9 0
13 5 9 10 0
13 5 9 11 0
13 5 9 12 0
13 5 9 13 0
13 5 9 14 0
13 5 9 15 0
13 5 10 0 0
13 5 10 1 0
13 5 10 2 0
13 5 10 3 0
13 5 10 4 0
13 5 10 5 0
13 5 10 6 0
13 5 10 7 0
13 5 10 8 0
13 5 10 9 0
13 5 10 10 0
13 5 10 11 0
13 5 10 12 0
13 5 10 13 0
13 5 10 14 0
13 5 10 15 0
13 5 11 0 0
13 5 11 1 0
13 5 11 2 0
13 5 11 3 0
13 5 11 4 0
13 5 11 5 0
13 5 11 6 0
13 5 11 7 0
13 5 11 8 0
13 5 11 9 0
13 5 11 10 0
13 5 11 11 0
13 5 11 12 0
13 5 11 13 0
13 5 11 14 0
13 5 11 15 0
13 5 12 0 0
13 5 12 1 0
13 5 12 2 0
13 5 12 3 0
13 5 12 4 0
13 5 12 5 0
13 5 12 6 0.001013789717954847
13 5 12 7 0
13 5 12 8 0
13 5 12 9 0
13 5 12 10 0
13 5 12 11 0
13 5 12 12 0
13 5 12 13 0
13 5 12 14 0
13 5 12 15 0
13 5 13 0 0
13 5 13 1 0
13 5 13 2 0
13 5 13 3 0
13 5 13 4 0
13 5 13 5 0.001462101043518603
13 5 13 6 0
13 5 13 7 0
13 5 13 8 0
13 5 13 9 0
13 5 13 10 0
13 5 13 11 0
13 5 13 12 0
13 5 13 13 0
13 5 13 14 0
13 5 13 15 0
13 5 14 0 0
13 5 14 1 0
13 5 14 2 0
13 5 14 3 0
13 5 14 4 0
13 5 14 5 0
13 5 14 6 0
13 5 14 7 0
13 5 14 8 0
13 5 14 9 0
13 5 14 10 0
13 5 14 11 0
13 5 14 12 0
13 5 14 13 0
13 5 14 14 0
13 5 14 15 0
13 5 15 0 0
13 5 15 1 0
13 5 15 2 0
13 5 15 3 0
13 5 15 4 0
13 5 15 5 0
13 5 15 6 0
13 5 15 7 0
13 5 15 8 0
13 5 15 9 0
13 5 15 10 0
13 5 15 11 0
13 5 15 12 0
13 5 15 13 0
13 5 15 14 0
13 5 15 15 0
13 6 0 0 0
13 6 0 1 0
13 6 0 2 0
13 6 0 3 0
13 6 0 4 0
13 6 0 5 0
13 6 0 6 0
13 6 0 7 0
13 6 0 8 0
13 6 0 9 0
13 6 0 10 0
13 6 0 11 0
13 6 0 12 0
13 6 0 13 0
13 6 0 14 0
13 6 0 15 0
13 6 1 0 0
13 6 1 1 0
13 6 1 2 0
13 6 1 3 0
13 6 1 4 0
13 6 1 5 0
13 6 1 6 0
13 6 1 7 0
13 6 1 8 0
13 6 1 9 0
13 6 1 10 0
13 6 1 11 0
13 6 1 12 0
13 6 1 13 0
13 6 1 14 0
13 6 1 15 0
13 6 2 0 0
13 6 2 1 0
13 6 2 2 0
13 6 2 3 0
13 6 2 4 0
13 6 2 5 0
13 6 2 6 0
13 6 2 7 0
13 6 2 8 0
13 6 2 9 0
13 6 2 10 0
13 6 2 11 0
13 6 2 12 0
13 6 2 13 0
13 6 2 14 0
13 6 2 15 0
13 6 3 0 0
13 6 3 1 0
13 6 3 2 0
13 6 3 3 -0.02544979173582283
13 6 3 4 0
13 6 3 5 0
13 6 3 6 0
13 6 3 7 0
13 6 3 8 -0.001688249468455308
13 6 3 9 0
13 6 3 10 0
13 6 3 11 0
13 6 3 12 0
13 6 3 13 0
13 6 3 14 0
13 6 3 15 0
13 6 4 0 0
13 6 4 1 0
13 6 4 2 0
13 6 4 3 0
13 6 4 4 0
13 6 4 5 0
13 6 4 6 0
13 6 4 7 0
13 6 4 8 0
13 6 4 9 0
13 6 4 10 0
13 6 4 11 0
13 6 4 12 0
13 6 4 13 0
13 6 4 14 0
13 6 4 15 0
13 6 5 0 0
13 6 5 1 0
13 6 5 2 0
13 6 5 3 0
13 6 5 4 0
13 6 5 5 0
13 6 5 6 0
13 6 5 7 0
13 6 5 8 0
13 6 5 9 0
13 6 5 10 0
13 6 5 11 0
13 6 5 12 0
13 6 5 13 0
13 6 5 14 0
13 6 5 15 0
13 6 6 0 0
13 6 6 1 0
13 6 6 2 0
13 6 6 3 0
13 6 6 4 0
13 6 6 5 0
13 6 6 6 0.02173244948516423
13 6 6 7 0
13 6 6 8 0
13 6 6 9 0
13 6 6 10 0
13 6 6 11 0
13 6 6 12 0
13 6 6 13 0.001767322837168303
13 6 6 14 0
13 6 6 15 0
13 6 7 0 0
13 6 7 1 0
13 6 7 2 0
13 6 7 3 0
13 6 7 4 0
13 6 7 5 0
13 6 7 6 0
13 6 7 7 0
13 6 7 8 0
13 6 7 9 0
13 6 7 10 0
13 6 7 11 0
13 6 7 12 0
13 6 7 13 0
13 6 7 14 0
13 6 7 15 0
13 6 8 0 0
13 6 8 1 0
13 6 8 2 0
13 6 8 3 -0.001688249468455308
13 6 8 4 0
13 6 8 5 0
13 6 8 6 0
13 6 8 7 0
13 6 8 8 0
13 6 8 9 0
13 6 8 10 0
13 6 8 11 0
13 6 8 12 0
13 6 8 13 0
13 6 8 14 0
13 6 8 15 0
13 6 9 0 0
13 6 9 1 0
13 6 9 2 0
13 6 9 3 0
13 6 9 4 0
13 6 9 5 0
13 6 9 6 0
13 6 9 7 0
13 6 9 8 0
13 6 9 9 0
13 6 9 10 0
13 6 9 11 0
13 6 9 12 0
13 6 9 13 0
13 6 9 14 0
13 6 9 15 0
13 6 10 0 0
13 6 10 1 0
13 6 10 2 0
13 6 10 3 0
13 6 10 4 0
13 6 10 5 0
13 6 10 6 0
13 6 10 7 0
13 6 10 8 0
13 6 10 9 0
13 6 10 10 0
13 6 10 11 0
13 6 10 12 0
13 6 10 13 0
13 6 10 14 0
13 6 10 15 0
13 6 11 0 0
13 6 11 1 0
13 6 11 2 0
13 6 11 3 0
13 6 11 4 0
13 6 11 5 0
13 6 11 6 0
13 6 11 7 0
13 6 11 8 0
13 6 11 9 0
13 6 11 10 0
13 6 11 11 0
13 6 11 12 0
13 6 11 13 0
13 6 11 14 0
13 6 11 15 0
13 6 12 0 0
13 6 12 1 0
13 6 12 2 0
13 6 12 3 0
13 6 12 4 0
13 6 12 5 0
13 6 12 6 0
13 6 12 7 0
13 6 12 8 0
13 6 12 9 0
13 6 12 10 0
13 6 12 11 0
13 6 12 12 0
13 6 12 13 0
13 6 12 14 0
13 6 12 15 0
13 6 13 0 0
13 6 13 1 0
13 6 13 2 0
13 6 13 3 0
13 6 13 4 0
13 6 13 5 0
13 6 13 6 0.001767322837168303
13 6 13 7 0
13 6 13 8 0
13 6 13 9 0
13 6 13 10 0
13 6 13 11 0
13 6 13 12 0
13 6 13 13 0
13 6 13 14 0
13 6 13 15 0
13 6 14 0 0
13 6 14 1 0
13 6 14 2 0
13 6 14 3 0
13 6 14 4 0
13 6 14 5 0
13 6 14 6 0
13 6 14 7 0
13 6 14 8 0
13 6 14 9 0
13 6 14 10 0
13 6 14 11 0
13 6 14 12 0
13 6 14 13 0
13 6 14 14 0
13 6 14 15 0
13 6 15 0 0
13 6 15 1 0
13 6 15 2 0
13 6 15 3 0
13 6 15 4 0
13 6 15 5 0
13 6 15 6 0
13 6 15 7 0
13 6 15 8 0
13 6 15 9 0
13 6 15 10 0
13 6 15 11 0
13 6 15 12 0
13 6 15 13 0
13 6 15 14 0
13 6 15 15 0
13 7 0 0 0
13 7 0 1 0
13 7 0 2 0
13 7 0 3 0
13 7 0 4 0
13 7 0 5 0
13 7 0 6 0
13 7 0 7 0
13 7 0 8 0
13 7 0 9 0
13 7 0 10 0
13 7 0 11 0
13 7 0 12 0
13 7 0 13 0
13 7 0 14 0
13 7 0 15 0
13 7 1 0 0
13 7 1 1 0
13 7 1 2 0
13 7 1 3 0
13 7 1 4 0
13 7 1 5 0
13 7 1 6 0
13 7 1 7 0
13 7 1 8 0
13 7 1 9 0
13 7 1 10 0
13 7 1 11 0
13 7 1 12 0
13 7 1 13 0
13 7 1 14 0
13 7 1 15 0
13 7 2 0 0
13 7 2 1 0
13 7 2 2 0
13 7 2 3 0
13 7 2 4 0
13 7 2 5 0
13 7 2 6 0
13 7 2 7 0
13 7 2 8 0
13 7 2 9 0
13 7 2 10 0
13 7 2 11 0
13 7 2 12 0
13 7 2 13 0
13 7 2 14 0
13 7 2 15 0
13 7 3 0 0
13 7 3 1 0
13 7 3 2 0
13 7 3 3 0
13 7 3 4 0
13 7 3 5 0
13 7 3 6 0
13 7 3 7 0
13 7 3 8 0
13 7 3 9 0
13 7 3 10 0
13 7 3 11 0
13 7 3 12 0
13 7 3 13 0
13 7 3 14 0
13 7 3 15 0
13 7 4 0 0
13 7 4 1 0
13 7 4 2 0
13 7 4 3 0
13 7 4 4 0
13 7 4 5 0
13 7 4 6 0
13 7 4 7 0
13 7 4 8 0
13 7 4 9 0
13 7 4 10 0
13 7 4 11 0
13 7 4 12 0
13 7 4 13 0
13 7 4 14 0
13 7 4 15 0
13 7 5 0 0
13 7 5 1 0
13 7 5 2 0
13 7 5 3 0
13 7 5 4 0
13 7 5 5 0
13 7 5 6 0
13 7 5 7 0
13 7 5 8 0
13 7 5 9 0
13 7 5 10 0
13 7 5 11 0
13 7 5 12 0
13 7 5 13 0
13 7 5 14 0
13 7 5 15 0
13 7 6 0 0
13 7 6 1 0
13 7 6 2 0
13 7 6 3 0
13 7 6 4 0
13 7 6 5 0
13 7 6 6 0
13 7 6 7 0
13 7 6 8 0
13 7 6 9 0
13 7 6 10 0
13 7 6 11 0
13 7 6 12 0
13 7 6 13 0
13 7 6 14 0
13 7 6 15 0
13 7 7 0 0
13 7 7 1 0
13 7 7 2 0
13 7 7 3 0
13 7 7 4 0
13 7 7 5 0
13 7 7 6 0
13 7 7 7 0
13 7 7 8 0
13 7 7 9 0
13 7 7 10 0
13 7 7 11 0
13 7 7 12 0
13 7 7 13 0
13 7 7 14 0
13 7 7 15 0
13 7 8 0 0
13 7 8 1 0
13 7 8 2 0
13 7 8 3 0
13 7 8 4 0
13 7 8 5 0
13 7 8 6 0
13 7 8 7 0
13 7 8 8 0
13 7 8 9 0
13 7 8 10 0
13 7 8 11 0
13 7 8 12 0
13 7 8 13 0
13 7 8 14 0
13 7 8 15 0
13 7 9 0 0
13 7 9 1 0
13 7 9 2 0
13 7 9 3 0
13 7 9 4 0
13 7 9 5 0
13 7 9 6 0
13 7 9 7 0
13 7 9 8 0
13 7 9 9 0
13 7 9 10 0
13 7 9 11 0
13 7 9 12 0
13 7 9 13 0
13 7 9 14 0
13 7 9 15 0
13 7 10 0 0
13 7 10 1 0
13 7 10 2 0
13 7 10 3 0
13 7 10 4 0
13 7 10 5 0
13 7 10 6 0
13 7 10 7 0
13 7 10 8 0
13 7 10 9 0
13 7 10 10 0
13 7 10 11 0
13 7 10 12 0
13 7 10 13 0
13 7 10 14 0
13 7 10 15 0
13 7 11 0 0
13 7 11 1 0
13 7 11 2 0
13 7 11 3 0
13 7 11 4 0
13 7 11 5 0
13 7 11 6 0
13 7 11 7 0
13 7 11 8 0
13 7 11 9 0
13 7 11 10 0
13 7 11 11 0
13 7 11 12 0
13 7 11 13 0
13 7 11 14 0
13 7 11 15 0
13 7 12 0 0
13 7 12 1 0
13 7 12 2 0
13 7 12 3 0
13 7 12 4 0
13 7 12 5 0
13 7 12 6 0
13 7 12 7 0
13 7 12 8 0
13 7 12 9 0
13 7 12 10 0
13 7 12 11 0
13 7 12 12 0
13 7 12 13 0
13 7 12 14 0
13 7 12 15 0
13 7 13 0 0
13 7 13 1 0
13 7 13 2 0
13 7 13 3 0
13 7 13 4 0
13 7 13 5 0
13 7 13 6 0
13 7 13 7 0
13 7 13 8 0
13 7 13 9 0
13 7 13 10 0
13 7 13 11 0
13 7 13 12 0
13 7 13 13 0
13 7 13 14 0
13 7 13 15 0
13 7 14 0 0
13 7 14 1 0
13 7 14 2 0
13 7 14 3 0
13 7 14 4 0
13 7 14 5 0
13 7 14 6 0
13 7 14 7 0
13 7 14 8 0
13 7 14 9 0
13 7 14 10 0
13 7 14 11 0
13 7 14 12 0
13 7 14 13 0
13 7 14 14 0
13 7 14 15 0
13 7 15 0 0
13 7 15 1 0
13 7 15 2 0
13 7 15 3 0
13 7 15 4 0
13 7 15 5 0
13 7 15 6 0
13 7 15 7 0
13 7 15 8 0
13 7 15 9 0
13 7 15 10 0
13 7 15 11 0
13 7 15 12 0
13 7 15 13 0
13 7 15 14 0
13 7 15 15 0
13 8 0 0 0
13 8 0 1 0
13 8 0 2 0
13 8 0 3 0
13 8 0 4 0
13 8 0 5 0
13 8 0 6 0
13 8 0 7 0
13 8 0 8 0
13 8 0 9 0
13 8 0 10 0
13 8 0 11 0
13 8 0 12 0
13 8 0 13 0
13 8 0 14 0
13 8 0 15 0
13 8 1 0 0
13 8 1 1 0
13 8 1 2 0
13 8 1 3 0
13 8 1 4 0
13 8 1 5 0
13 8 1 6 0
13 8 1 7 0
13 8 1 8 0
13 8 1 9 0
13 8 1 10 0
13 8 1 11 0
13 8 1 12 0
13 8 1 13 0
13 8 1 14 0
13 8 1 15 0
13 8 2 0 0
13 8 2 1 0
13 8 2 2 0
13 8 2 3 0
13 8 2 4 0
13 8 2 5 0
13 8 2 6 0
13 8 2 7 0
13 8 2 8 0
13 8 2 9 0
13 8 2 10 0
13 8 2 11 0
13 8 2 12 0
13 8 2 13 0
13 8 2 14 0
13 8 2 15 0
13 8 3 0 0
13 8 3 1 0
13 8 3 2 0
13 8 3 3 0
13 8 3 4 0
13 8 3 5 0
13 8 3 6 0
13 8 3 7 0
13 8 3 8 0
13 8 3 9 0
13 8 3 10 0
13 8 3 11 0
13 8 3 12 0
13 8 3 13 0
13 8 3 14 0
13 8 3 15 0
13 8 4 0 0
13 8 4 1 0
13 8 4 2 0
13 8 4 3 0
13 8 4 4 0
13 8 4 5 0
13 8 4 6 0
13 8 4 7 0
13 8 4 8 0
13 8 4 9 0
13 8 4 10 0
13 8 4 11 0
13 8 4 12 0
13 8 4 13 0
13 8 4 14 0
13 8 4 15 0
13 8 5 0 0
13 8 5 1 0
13 8 5 2 0
13 8 5 3 0
13 8 5 4 0
13 8 5 5 0
13 8 5 6 0
13 8 5 7 0
13 8 5 8 0
13 8 5 9 0
13 8 5 10 0
13 8 5 11 0
13 8 5 12 0
13 8 5 13 0
13 8 5 14 0
13 8 5 15 0
13 8 6 0 0
13 8 6 1 0
13 8 6 2 0
13 8 6 3 0
13 8 6 4 0
13 8 6 5 0
13 8 6 6 0
13 8 6 7 0
13 8 6 8 0
13 8 6 9 0
13 8 6 10 0
13 8 6 11 0
13 8 6 12 0
13 8 6 13 0
13 8 6 14 0
13 8 6 15 0
13 8 7 0 0
13 8 7 1 0
13 8 7 2 0
13 8 7 3 0
13 8 7 4 0
13 8 7 5 0
13 8 7 6 0
13 8 7 7 0
13 8 7 8 0
13 8 7 9 0
13 8 7 10 0
13 8 7 11 0
13 8 7 12 0
13 8 7 13 0
13 8 7 14 0
13 8 7 15 0
13 8 8 0 0
13 8 8 1 0
13 8 8 2 0
13 8 8 3 0
13 8 8 4 0
13 8 8 5 0
13 8 8 6 0
13 8 8 7 0
13 8 8 8 0
13 8 8 9 0
13 8 8 10 0
13 8 8 11 0
13 8 8 12 0
13 8 8 13 0
13 8 8 14 0
13 8 8 15 0
13 8 9 0 0
13 8 9 1 0
13 8 9 2 0
13 8 9 3 0
13 8 9 4 0
13 8 9 5 0
13 8 9 6 0
13 8 9 7 0
13 8 9 8 0
13 8 9 9 0
13 8 9 10 0
13 8 9 11 0
13 8 9 12 0
13 8 9 13 0
13 8 9 14 0
13 8 9 15 0
13 8 10 0 0
13 8 10 1 0
13 8 10 2 0
13 8 10 3 0
13 8 10 4 0
13 8 10 5 0
13 8 10 6 0
13 8 10 7 0
13 8 10 8 0
13 8 10 9 0
13 8 10 10 0
13 8 10 11 0
13 8 10 12 0
13 8 10 13 0
13 8 10 14 0
13 8 10 15 0
13 8 11 0 0
13 8 11 1 0
13 8 11 2 0
13 8 11 3 0
13 8 11 4 0
13 8 11 5 0
13 8 11 6 0
13 8 11 7 0
13 8 11 8 0
13 8 11 9 0
13 8 11 10 0
13 8 11 11 0
13 8 11 12 0
13 8 11 13 0
13 8 11 14 0
13 8 11 15 0
13 8 12 0 0
13 8 12 1 0
13 8 12 2 0
13 8 12 3 0
13 8 12 4 0
13 8 12 5 0
13 8 12 6 0
13 8 12 7 0
13 8 12 8 0
13 8 12 9 0
13 8 12 10 0
13 8 12 11 0
13 8 12 12 0
13 8 12 13 0
13 8 12 14 0
13 8 12 15 0
13 8 13 0 0
13 8 13 1 0
13 8 13 2 0
13 8 13 3 0
13 8 13 4 0
13 8 13 5 0
13 8 13 6 0
13 8 13 7 0
13 8 13 8 0
13 8 13 9 0
13 8 13 10 0
13 8 13 11 0
13 8 13 12 0
13 8 13 13 0
13 8 13 14 0
13 8 13 15 0
13 8 14 0 0
13 8 14 1 0
13 8 14 2 0
13 8 14 3 0
13 8 14 4 0
13 8 14 5 0
13 8 14 6 0
13 8 14 7 0
13 8 14 8 0
13 8 14 9 0
13 8 14 10 0
13 8 14 11 0
13 8 14 12 0
13 8 14 13 0
13 8 14 14 0
13 8 14 15 0
13 8 15 0 0
13 8 15 1 0
13 8 15 2 0
13 8 15 3 0
13 8 15 4 0
13 8 15 5 0
13 8 15 6 0
13 8 15 7 0
13 8 15 8 0
13 8 15 9 0
13 8 15 10 0
13 8 15 11 0
13 8 15 12 0
13 8 15 13 0
13 8 15 14 0
13 8 15 15 0
13 9 0 0 0
13 9 0 1 0
13 9 0 2 0
13 9 0 3 0
13 9 0 4 0
13 9 0 5 0
13 9 0 6 0
13 9 0 7 0
13 9 0 8 0
13 9 0 9 0
13 9 0 10 0
13 9 0 11 0
13 9 0 12 0
13 9 0 13 0
13 9 0 14 0
13 9 0 15 0
13 9 1 0 0
13 9 1 1 0
13 9 1 2 0
13 9 1 3 0
13 9 1 4 0
13 9 1 5 0
13 9 1 6 0
13 9 1 7 0
13 9 1 8 0
13 9 1 9 0
13 9 1 10 0
13 9 1 11 0
13 9 1 12 0
13 9 1 13 0
13 9 1 14 0
13 9 1 15 0
13 9 2 0 0
13 9 2 1 0
13 9 2 2 0
13 9 2 3 0
13 9 2 4 0
13 9 2 5 0
13 9 2 6 0
13 9 2 7 0
13 9 2 8 0
13 9 2 9 0
13 9 2 10 0
13 9 2 11 0
13 9 2 12 0
13 9 2 13 0
13 9 2 14 0
13 9 2 15 0
13 9 3 0 0
13 9 3 1 0
13 9 3 2 0
13 9 3 3 0
13 9 3 4 0
13 9 3 5 0
13 9 3 6 0
13 9 3 7 0
13 9 3 8 0
13 9 3 9 0
13 9 3 10 0
13 9 3 11 0
13 9 3 12 0
13 9 3 13 0
13 9 3 14 0
13 9 3 15 0
13 9 4 0 0
13 9 4 1 0
13 9 4 2 0
13 9 4 3 0
13 9 4 4 0
13 9 4 5 0
13 9 4 6 0
13 9 4 7 0
13 9 4 8 0
13 9 4 9 0
13 9 4 10 0
13 9 4 11 0
13 9 4 12 0
13 9 4 13 0
13 9 4 14 0
13 9 4 15 0
13 9 5 0 0
13 9 5 1 0
13 9 5 2 0
13 9 5 3 0
13 9 5 4 0
13 9 5 5 0
13 9 5 6 0
13 9 5 7 0
13 9 5 8 0
13 9 5 9 0
13 9 5 10 0
13 9 5 11 0
13 9 5 12 0
13 9 5 13 0
13 9 5 14 0
13 9 5 15 0
13 9 6 0 0
13 9 6 1 0
13 9 6 2 0
13 9 6 3 0
13 9 6 4 0
13 9 6 5 0
13 9 6 6 0
13 9 6 7 0
13 9 6 8 0
13 9 6 9 0
13 9 6 10 0
13 9 6 11 0
13 9 6 12 0
13 9 6 13 0
13 9 6 14 0
13 9 6 15 0
13 9 7 0 0
13 9 7 1 0
13 9 7 2 0
13 9 7 3 0
13 9 7 4 0
13 9 7 5 0
13 9 7 6 0
13 9 7 7 0
13 9 7 8 0
13 9 7 9 0
13 9 7 10 0
13 9 7 11 0
13 9 7 12 0
13 9 7 13 0
13 9 7 14 0
13 9 7 15 0
13 9 8 0 0
13 9 8 1 0
13 9 8 2 0
13 9 8 3 0
13 9 8 4 0
13 9 8 5 0
13 9 8 6 0
13 9 8 7 0
13 9 8 8 0
13 9 8 9 0
13 9 8 10 0
13 9 8 11 0
13 9 8 12 0
13 9 8 13 0
13 9 8 14 0
13 9 8 15 0
13 9 9 0 0
13 9 9 1 0
13 9 9 2 0
13 9 9 3 0
13 9 9 4 0
13 9 9 5 0
13 9 9 6 0
13 9 9 7 0
13 9 9 8 0
13 9 9 9 0
13 9 9 10 0
13 9 9 11 0
13 9 9 12 0
13 9 9 13 0
13 9 9 14 0
13 9 9 15 0
13 9 10 0 0
13 9 10 1 0
13 9 10 2 0
13 9 10 3 0
13 9 10 4 0
13 9 10 5 0
13 9 10 6 0
13 9 10 7 0
13 9 10 8 0
13 9 10 9 0
13 9 10 10 0
13 9 10 11 0
13 9 10 12 0
13 9 10 13 0
13 9 10 14 0
13 9 10 15 0
13 9 11 0 0
13 9 11 1 0
13 9 11 2 0
13 9 11 3 0
13 9 11 4 0
13 9 11 5 0
13 9 11 6 0
13 9 11 7 0
13 9 11 8 0
13 9 11 9 0
13 9 11 10 0
13 9 11 11 0
13 9 11 12 0
13 9 11 13 0
13 9 11 14 0
13 9 11 15 0
13 9 12 0 0
13 9 12 1 0
13 9 12 2 0
13 9 12 3 0
13 9 12 4 0
13 9 12 5 0
13 9 12 6 0
13 9 12 7 0
13 9 12 8 0
13 9 12 9 0
13 9 12 10 0
13 9 12 11 0
13 9 12 12 0
13 9 12 13 0
13 9 12 14 0
13 9 12 15 0
13 9 13 0 0
13 9 13 1 0
13 9 13 2 0
13 9 13 3 0
13 9 13 4 0
13 9 13 5 0
13 9 13 6 0
13 9 13 7 0
13 9 13 8 0
13 9 13 9 0
13 9 13 10 0
13 9 13 11 0
13 9 13 12 0
13 9 13 13 0
13 9 13 14 0
13 9 13 15 0
13 9 14 0 0
13 9 14 1 0
13 9 14 2 0
13 9 14 3 0
13 9 14 4 0
13 9 14 5 0
13 9 14 6 0
13 9 14 7 0
13 9 14 8 0
13 9 14 9 0
13 9 14 10 0
13 9 14 11 0
13 9 14 12 0
13 9 14 13 0
13 9 14 14 0
13 9 14 15 0
13 9 15 0 0
13 9 15 1 0
13 9 15 2 0
13 9 15 3 0
13 9 15 4 0
13 9 15 5 0
13 9 15 6 0
13 9 15 7 0
13 9 15 8 0
13 9 15 9 0
13 9 15 10 0
13 9 15 11 0
13 9 15 12 0
13 9 15 13 0
13 9 15 14 0
13 9 15 15 0
13 10 0 0 0
13 10 0 1 0
13 10 0 2 0
13 10 0 3 0
13 10 0 4 0
13 10 0 5 0
13 10 0 6 0
13 10 0 7 0
13 10 0 8 0
13 10 0 9 0
13 10 0 10 0
13 10 0 11 0
13 10 0 12 0
13 10 0 13 0
13 10 0 14 0
13 10 0 15 0
13 10 1 0 0
13 10 1 1 0
13 10 1 2 0
13 10 1 3 0
13 10 1 4 0
13 10 1 5 0
13 10 1 6 0
13 10 1 7 0
13 10 1 8 0
13 10 1 9 0
13 10 1 10 0
13 10 1 11 0
13 10 1 12 0
13 10 1 13 0
13 10 1 14 0
13 10 1 15 0
13 10 2 0 0
13 10 2 1 0
13 10 2 2 0
13 10 2 3 0
13 10 2 4 0
13 10 2 5 0
13 10 2 6 0
13 10 2 7 0
13 10 2 8 0
13 10 2 9 0
13 10 2 10 0
13 10 2 11 0
13 10 2 12 0
13 10 2 13 0
13 10 2 14 0
13 10 2 15 0
13 10 3 0 0
13 10 3 1 0
13 10 3 2 0
13 10 3 3 0
13 10 3 4 0
13 10 3 5 0
13 10 3 6 0
13 10 3 7 0
13 10 3 8 0
13 10 3 9 0
13 10 3 10 0
13 10 3 11 0
13 10 3 12 0
13 10 3 13 0
13 10 3 14 0
13 10 3 15 0
13 10 4 0 0
13 10 4 1 0
13 10 4 2 0
13 10 4 3 0
13 10 4 4 0
13 10 4 5 0
13 10 4 6 0
13 10 4 7 0
13 10 4 8 0
13 10 4 9 0
13 10 4 10 0
13 10 4 11 0
13 10 4 12 0
13 10 4 13 0
13 10 4 14 0
13 10 4 15 0
13 10 5 0 0
13 10 5 1 0
13 10 5 2 0
13 10 5 3 0
13 10 5 4 0
13 10 5 5 0
13 10 5 6 0
13 10 5 7 0
13 10 5 8 0
13 10 5 9 0
13 10 5 10 0
13 10 5 11 0
13 10 5 12 0
13 10 5 13 0
13 10 5 14 0
13 10 5 15 0
13 10 6 0 0
13 10 6 1 0
13 10 6 2 0
13 10 6 3 0
13 10 6 4 0
13 10 6 5 0
13 10 6 6 0
13 10 6 7 0
13 10 6 8 0
13 10 6 9 0
13 10 6 10 0
13 10 6 11 0
13 10 6 12 0
13 10 6 13 0
13 10 6 14 0
13 10 6 15 0
13 10 7 0 0
13 10 7 1 0
13 10 7 2 0
13 10 7 3 0
13 10 7 4 0
13 10 7 5 0
13 10 7 6 0
13 10 7 7 0
13 10 7 8 0
13 10 7 9 0
13 10 7 10 0
13 10 7 11 0
13 10 7 12 0
13 10 7 13 0
13 10 7 14 0
13 10 7 15 0
13 10 8 0 0
13 10 8 1 0
13 10 8 2 0
13 10 8 3 0
13 10 8 4 0
13 10 8 5 0
13 10 8 6 0
13 10 8 7 0
13 10 8 8 0
13 10 8 9 0
13 10 8 10 0
13 10 8 11 0
13 10 8 12 0
13 10 8 13 0
13 10 8 14 0
13 10 8 15 0
13 10 9 0 0
13 10 9 1 0
13 10 9 2 0
13 10 9 3 0
13 10 9 4 0
13 10 9 5 0
13 10 9 6 0
13 10 9 7 0
13 10 9 8 0
13 10 9 9 0
13 10 9 10 0
13 10 9 11 0
13 10 9 12 0
13 10 9 13 0
13 10 9 14 0
13 10 9 15 0
13 10 10 0 0
13 10 10 1 0
13 10 10 2 0
13 10 10 3 0
13 10 10 4 0
13 10 10 5 0
13 10 10 6 0
13 10 10 7 0
13 10 10 8 0
13 10 10 9 0
13 10 10 10 0
13 10 10 11 0
13 10 10 12 0
13 10 10 13 0
13 10 10 14 0
13 10 10 15 0
13 10 11 0 0
13 10 11 1 0
13 10 11 2 0
13 10 11 3 0
13 10 11 4 0
13 10 11 5 0
13 10 11 6 0
13 10 11 7 0
13 10 11 8 0
13 10 11 9 0
13 10 11 10 0
13 10 11 11 0
13 10 11 12 0
13 10 11 13 0
13 10 11 14 0
13 10 11 15 0
13 10 12 0 0
13 10 12 1 0
13 10 12 2 0
13 10 12 3 0
13 10 12 4 0
13 10 12 5 0
13 10 12 6 0
13 10 12 7 0
13 10 12 8 0
13 10 12 9 0
13 10 12 10 0
13 10 12 11 0
13 10 12 12 0
13 10 12 13 0
13 10 12 14 0
13 10 12 15 0
13 10 13 0 0
13 10 13 1 0
13 10 13 2 0
13 10 13 3 0
13 10 13 4 0
13 10 13 5 0
13 10 13 6 0
13 10 13 7 0
13 10 13 8 0
13 10 13 9 0
13 10 13 10 0
13 10 13 11 0
13 10 13 12 0
13 10 13 13 0
13 10 13 14 0
13 10 13 15 0
13 10 14 0 0
13 10 14 1 0
13 10 14 2 0
13 10 14 3 0
13 10 14 4 0
13 10 14 5 0
13 10 14 6 0
13 10 14 7 0
13 10 14 8 0
13 10 14 9 0
13 10 14 10 0
13 10 14 11 0
13 10 14 12 0
13 10 14 13 0
13 10 14 14 0
13 10 14 15 0
13 10 15 0 0
13 10 15 1 0
13 10 15 2 0
13 10 15 3 0
13 10 15 4 0
13 10 15 5 0
13 10 15 6 0
13 10 15 7 0
13 10 15 8 0
13 10 15 9 0
13 10 15 10 0
13 10 15 11 0
13 10 15 12 0
13 10 15 13 0
13 10 15 14 0
13 10 15 15 0
13 11 0 0 0
13 11 0 1 0
13 11 0 2 0
13 11 0 3 0
13 11 0 4 0
13 11 0 5 0
13 11 0 6 0
13 11 0 7 0
13 11 0 8 0
13 11 0 9 0
13 11 0 10 0
13 11 0 11 0
13 11 0 12 0
13 11 0 13 0
13 11 0 14 0
13 11 0 15 0
13 11 1 0 0
13 11 1 1 0
13 11 1 2 0
13 11 1 3 0
13 11 1 4 0
13 11 1 5 0
13 11 1 6 0
13 11 1 7 0
13 11 1 8 0
13 11 1 9 0
13 11 1 10 0
13 11 1 11 0
13 11 1 12 0
13 11 1 13 0
13 11 1 14 0
13 11 1 15 0
13 11 2 0 0
13 11 2 1 0
13 11 2 2 0
13 11 2 3 0
13 11 2 4 0
13 11 2 5 0
13 11 2 6 0
13 11 2 7 0
13 11 2 8 0
13 11 2 9 0
13 11 2 10 0
13 11 2 11 0
13 11 2 12 0
13 11 2 13 0
13 11 2 14 0
13 11 2 15 0
13 11 3 0 0
13 11 3 1 0
13 11 3 2 0
13 11 3 3 0
13 11 3 4 0
13 11 3 5 0
13 11 3 6 0
13 11 3 7 0
13 11 3 8 0
13 11 3 9 0
13 11 3 10 0
13 11 3 11 0
13 11 3 12 0
13 11 3 13 0
13 11 3 14 0
13 11 3 15 0
13 11 4 0 0
13 11 4 1 0
13 11 4 2 0
13 11 4 3 0
13 11 4 4 0
13 11 4 5 0
13 11 4 6 0
13 11 4 7 0
13 11 4 8 0
13 11 4 9 0
13 11 4 10 0
13 11 4 11 0
13 11 4 12 0
13 11 4 13 0
13 11 4 14 0
13 11 4 15 0
13 11 5 0 0
13 11 5 1 0
13 11 5 2 0
13 11 5 3 0
13 11 5 4 0
13 11 5 5 0
13 11 5 6 0
13 11 5 7 0
13 11 5 8 0
13 11 5 9 0
13 11 5 10 0
13 11 5 11 0
13 11 5 12 0
13 11 5 13 0
13 11 5 14 0
13 11 5 15 0
13 11 6 0 0
13 11 6 1 0
13 11 6 2 0
13 11 6 3 0
13 11 6 4 0
13 11 6 5 0
13 11 6 6 0
13 11 6 7 0
13 11 6 8 0
13 11 6 9 0
13 11 6 10 0
13 11 6 11 0
13 11 6 12 0
13 11 6 13 0
13 11 6 14 0
13 11 6 15 0
13 11 7 0 0
13 11 7 1 0
13 11 7 2 0
13 11 7 3 0
13 11 7 4 0
13 11 7 5 0
13 11 7 6 0
13 11 7 7 0
13 11 7 8 0
13 11 7 9 0
13 11 7 10 0
13 11 7 11 0
13 11 7 12 0
13 11 7 13 0
13 11 7 14 0
13 11 7 15 0
13 11 8 0 0
13 11 8 1 0
13 11 8 2 0
13 11 8 3 0
13 11 8 4 0
13 11 8 5 0
13 11 8 6 0
13 11 8 7 0
13 11 8 8 0
13 11 8 9 0
13 11 8 10 0
13 11 8 11 0
13 11 8 12 0
13 11 8 13 0
13 11 8 14 0
13 11 8 15 0
13 11 9 0 0
13 11 9 1 0
13 11 9 2 0
13 11 9 3 0
13 11 9 4 0
13 11 9 5 0
13 11 9 6 0
13 11 9 7 0
13 11 9 8 0
13 11 9 9 0
13 11 9 10 0
13 11 9 11 0
13 11 9 12 0
13 11 9 13 0
13 11 9 14 0
13 11 9 15 0
13 11 10 0 0
13 11 10 1 0
13 11 10 2 0
13 11 10 3 0
13 11 10 4 0
13 11 10 5 0
13 11 10 6 0
13 11 10 7 0
13 11 10 8 0
13 11 10 9 0
13 11 10 10 0
13 11 10 11 0
13 11 10 12 0
13 11 10 13 0
13 11 10 14 0
13 11 10 15 0
13 11 11 0 0
13 11 11 1 0
13 11 11 2 0
13 11 11 3 0
13 11 11 4 0
13 11 11 5 0
13 11 11 6 0
13 11 11 7 0
13 11 11 8 0
13 11 11 9 0
13 11 11 10 0
13 11 11 11 0
13 11 11 12 0
13 11 11 13 0
13 11 11 14 0
13 11 11 15 0
13 11 12 0 0
13 11 12 1 0
13 11 12 2 0
13 11 12 3 0
13 11 12 4 0
13 11 12 5 0
13 11 12 6 0
13 11 12 7 0
13 11 12 8 0
13 11 12 9 0
13 11 12 10 0
13 11 12 11 0
13 11 12 12 0
13 11 12 13 0
13 11 12 14 0
13 11 12 15 0
13 11 13 0 0
13 11 13 1 0
13 11 13 2 0
13 11 13 3 0
13 11 13 4 0
13 11 13 5 0
13 11 13 6 0
13 11 13 7 0
13 11 13 8 0
13 11 13 9 0
13 11 13 10 0
13 11 13 11 0
13 11 13 12 0
13 11 13 13 0
13 11 13 14 0
13 11 13 15 0
13 11 14 0 0
13 11 14 1 0
13 11 14 2 0
13 11 14 3 0
13 11 14 4 0
13 11 14 5 0
13 11 14 6 0
13 11 14 7 0
13 11 14 8 0
13 11 14 9 0
13 11 14 10 0
13 11 14 11 0
13 11 14 12 0
13 11 14 13 0
13 11 14 14 0
13 11 14 15 0
13 11 15 0 0
13 11 15 1 0
13 11 15 2 0
13 11 15 3 0
13 11 15 4 0
13 11 15 5 0
13 11 15 6 0
13 11 15 7 0
13 11 15 8 0
13 11 15 9 0
13 11 15 10 0
13 11 15 11 0
13 11 15 12 0
13 11 15 13 0
13 11 15 14 0
13 11 15 15 0
13 12 0 0 0
13 12 0 1 0
13 12 0 2 0
13 12 0 3 0
13 12 0 4 0
13 12 0 5 0
13 12 0 6 0
13 12 0 7 0
13 12 0 8 0
13 12 0 9 0
13 12 0 10 0
13 12 0 11 0
13 12 0 12 0
13 12 0 13 0
13 12 0 14 0
13 12 0 15 0
13 12 1 0 0
13 12 1 1 0
13 12 1 2 0
13 12 1 3 0
13 12 1 4 0
13 12 1 5 0
13 12 1 6 0
13 12 1 7 0
13 12 1 8 0
13 12 1 9 0
13 12 1 10 0
13 12 1 11 0
13 12 1 12 0
13 12 1 13 0
13 12 1 14 0
13 12 1 15 0
13 12 2 0 0
13 12 2 1 0
13 12 2 2 0
13 12 2 3 0
13 12 2 4 0
13 12 2 5 0
13 12 2 6 0
13 12 2 7 0
13 12 2 8 0
13 12 2 9 0
13 12 2 10 0
13 12 2 11 0
13 12 2 12 0
13 12 2 13 0
13 12 2 14 0
13 12 2 15 0
13 12 3 0 0
13 12 3 1 0
13 12 3 2 0
13 12 3 3 0
13 12 3 4 0
13 12 3 5 0
13 12 3 6 0
13 12 3 7 0
13 12 3 8 0
13 12 3 9 0
13 12 3 10 0
13 12 3 11 0
13 12 3 12 0
13 12 3 13 0
13 12 3 14 0
13 12 3 15 0
13 12 4 0 0
13 12 4 1 0
13 12 4 2 0
13 12 4 3 0
13 12 4 4 0
13 12 4 5 0
13 12 4 6 0
13 12 4 7 0
13 12 4 8 0
13 12 4 9 0
13 12 4 10 0
13 12 4 11 0
13 12 4 12 0
13 12 4 13 0
13 12 4 14 0
13 12 4 15 0
13 12 5 0 0
13 12 5 1 0
13 12 5 2 0
13 12 5 3 0
13 12 5 4 0
13 12 5 5 0
13 12 5 6 0
13 12 5 7 0
13 12 5 8 0
13 12 5 9 0
13 12 5 10 0
13 12 5 11 0
13 12 5 12 0
13 12 5 13 0
13 12 5 14 0
13 12 5 15 0
13 12 6 0 0
13 12 6 1 0
13 12 6 2 0
13 12 6 3 0
13 12 6 4 0
13 12 6 5 0
13 12 6 6 0
13 12 6 7 0
13 12 6 8 0
13 12 6 9 0
13 12 6 10 0
13 12 6 11 0
13 12 6 12 0
13 12 6 13 0
13 12 6 14 0
13 12 6 15 0
13 12 7 0 0
13 12 7 1 0
13 12 7 2 0
13 12 7 3 0
13 12 7 4 0
13 12 7 5 0
13 12 7 6 0
13 12 7 7 0
13 12 7 8 0
13 12 7 9 0
13 12 7 10 0
13 12 7 11 0
13 12 7 12 0
13 12 7 13 0
13 12 7 14 0
13 12 7 15 0
13 12 8 0 0
13 12 8 1 0
13 12 8 2 0
13 12 8 3 0
13 12 8 4 0
13 12 8 5 0
13 12 8 6 0
13 12 8 7 0
13 12 8 8 0
13 12 8 9 0
13 12 8 10 0
13 12 8 11 0
13 12 8 12 0
13 12 8 13 0
13 12 8 14 0
13 12 8 15 0
13 12 9 0 0
13 12 9 1 0
13 12 9 2 0
13 12 9 3 0
13 12 9 4 0
13 12 9 5 0
13 12 9 6 0
13 12 9 7 0
13 12 9 8 0
13 12 9 9 0
13 12 9 10 0
13 12 9 11 0
13 12 9 12 0
13 12 9 13 0
13 12 9 14 0
13 12 9 15 0
13 12 10 0 0
13 12 10 1 0
13 12 10 2 0
13 12 10 3 0
13 12 10 4 0
13 12 10 5 0
13 12 10 6 0
13 12 10 7 0
13 12 10 8 0
13 12 10 9 0
13 12 10 10 0
13 12 10 11 0
13 12 10 12 0
13 12 10 13 0
13 12 10 14 0
13 12 10 15 0
13 12 11 0 0
13 12 11 1 0
13 12 11 2 0
13 12 11 3 0
13 12 11 4 0
13 12 11 5 0
13 12 11 6 0
13 12 11 7 0
13 12 11 8 0
13 12 11 9 0
13 12 11 10 0
13 12 11 11 0
13 12 11 12 0
13 12 11 13 0
13 12 11 14 0
13 12 11 15 0
13 12 12 0 0
13 12 12 1 0
13 12 12 2 0
13 12 12 3 0
13 12 12 4 0
13 12 12 5 0
13 12 12 6 0
13 12 12 7 0
13 12 12 8 0
13 12 12 9 0
13 12 12 10 0
13 12 12 11 0
13 12 12 12 0
13 12 12 13 0
13 12 12 14 0
13 12 12 15 0
13 12 13 0 0
13 12 13 1 0
13 12 13 2 0
13 12 13 3 0
13 12 13 4 0
13 12 13 5 0
13 12 13 6 0
13 12 13 7 0
13 12 13 8 0
13 12 13 9 0
13 12 13 10 0
13 12 13 11 0
13 12 13 12 0
13 12 13 13 0
13 12 13 14 0
13 12 13 15 0
13 12 14 0 0
13 12 14 1 0
13 12 14 2 0
13 12 14 3 0
13 12 14 4 0
13 12 14 5 0
13 12 14 6 0
13 12 14 7 0
13 12 14 8 0
13 12 14 9 0
13 12 14 10 0
13 12 14 11 0
13 12 14 12 0
13 12 14 13 0
13 12 14 14 0
13 12 14 15 0
13 12 15 0 0
13 12 15 1 0
13 12 15 2 0
13 12 15 3 0
13 12 15 4 0
13 12 15 5 0
13 12 15 6 0
13 12 15 7 0
13 12 15 8 0
13 12 15 9 0
13 12 15 10 0
13 12 15 11 0
13 12 15 12 0
13 12 15 13 0
13 12 15 14 0
13 12 15 15 0
13 13 0 0 0
13 13 0 1 0
13 13 0 2 0
13 13 0 3 0
13 13 0 4 0
13 13 0 5 0
13 13 0 6 0
13 13 0 7 0
13 13 0 8 0
13 13 0 9 0
13 13 0 10 0
13 13 0 11 0
13 13 0 12 0
13 13 0 13 0
13 13 0 14 0
13 13 0 15 0
13 13 1 0 0
13 13 1 1 0
13 13 1 2 0
13 13 1 3 0
13 13 1 4 0
13 13 1 5 0
13 13 1 6 0
13 13 1 7 0
13 13 1 8 0
13 13 1 9 0
13 13 1 10 0
13 13 1 11 0
13 13 1 12 0
13 13 1 13 0
13 13 1 14 0
13 13 1 15 0
13 13 2 0 0
13 13 2 1 0
13 13 2 2 0
13 13 2 3 0
13 13 2 4 0
13 13 2 5 0
13 13 2 6 0
13 13 2 7 0
13 13 2 8 0
13 13 2 9 0
13 13 2 10 0
13 13 2 11 0
13 13 2 12 0
13 13 2 13 0
13 13 2 14 0
13 13 2 15 0
13 13 3 0 0
13 13 3 1 0
13 13 3 2 0
13 13 3 3 0
13 13 3 4 0
13 13 3 5 0
13 13 3 6 0
13 13 3 7 0
13 13 3 8 0
13 13 3 9 0
13 13 3 10 0
13 13 3 11 0
13 13 3 12 0
13 13 3 13 0
13 13 3 14 0
13 13 3 15 0
13 13 4 0 0
13 13 4 1 0
13 13 4 2 0
13 13 4 3 0
13 13 4 4 0
13 13 4 5 0
13 13 4 6 0
13 13 4 7 0
13 13 4 8 0
13 13 4 9 0
13 13 4 10 0
13 13 4 11 0
13 13 4 12 0
13 13 4 13 0
13 13 4 14 0
13 13 4 15 0
13 13 5 0 0
13 13 5 1 0
13 13 5 2 0
13 13 5 3 0
13 13 5 4 0
13 13 5 5 0
13 13 5 6 0
13 13 5 7 0
13 13 5 8 0
13 13 5 9 0
13 13 5 10 0
13 13 5 11 0
13 13 5 12 0
13 13 5 13 0
13 13 5 14 0
13 13 5 15 0
13 13 6 0 0
13 13 6 1 0
13 13 6 2 0
13 13 6 3 0
13 13 6 4 0
13 13 6 5 0
13 13 6 6 0
13 13 6 7 0
13 13 6 8 0
13 13 6 9 0
13 13 6 10 0
13 13 6 11 0
13 13 6 12 0
13 13 6 13 0
13 13 6 14 0
13 13 6 15 0
13 13 7 0 0
13 13 7 1 0
13 13 7 2 0
13 13 7 3 0
13 13 7 4 0
13 13 7 5 0
13 13 7 6 0
13 13 7 7 0
13 13 7 8 0
13 13 7 9 0
13 13 7 10 0
13 13 7 11 0
13 13 7 12 0
13 13 7 13 0
13 13 7 14 0
13 13 7 15 0
13 13 8 0 0
13 13 8 1 0
13 13 8 2 0
13 13 8 3 0
13 13 8 4 0
13 13 8 5 0
13 13 8 6 0
13 13 8 7 0
13 13 8 8 0
13 13 8 9 0
13 13 8 10 0
13 13 8 11 0
13 13 8 12 0
13 13 8 13 0
13 13 8 14 0
13 13 8 15 0
13 13 9 0 0
13 13 9 1 0
13 13 9 2 0
13 13 9 3 0
13 13 9 4 0
13 13 9 5 0
13 13 9 6 0
13 13 9 7 0
13 13 9 8 0
13 13 9 9 0
13 13 9 10 0
13 13 9 11 0
13 13 9 12 0
13 13 9 13 0
13 13 9 14 0
13 13 9 15 0
13 13 10 0 0
13 13 10 1 0
13 13 10 2 0
13 13 10 3 0
13 13 10 4 0
13 13 10 5 0
13 13 10 6 0
13 13 10 7 0
13 13 10 8 0
13 13 10 9 0
13 13 10 10 0
13 13 10 11 0
13 13 10 12 0
13 13 10 13 0
13 13 10 14 0
13 13 10 15 0
13 13 11 0 0
13 13 11 1 0
13 13 11 2 0
13 13 11 3 0
13 13 11 4 0
13 13 11 5 0
13 13 11 6 0
13 13 11 7 0
13 13 11 8 0
13 13 11 9 0
13 13 11 10 0
13 13 11 11 0
13 13 11 12 0
13 13 11 13 0
13 13 11 14 0
13 13 11 15 0
13 13 12 0 0
13 13 12 1 0
13 13 12 2 0
13 13 12 3 0
13 13 12 4 0
13 13 12 5 0
13 13 12 6 0
13 13 12 7 0
13 13 12 8 0
13 13 12 9 0
13 13 12 10 0
13 13 12 11 0
13 13 12 12 0
13 13 12 13 0
13 13 12 14 0
13 13 12 15 0
13 13 13 0 0
13 13 13 1 0
13 13 13 2 0
13 13 13 3 0
13 13 13 4 0
13 13 13 5 0
13 13 13 6 0
13 13 13 7 0
13 13 13 8 0
13 13 13 9 0
13 13 13 10 0
13 13 13 11 0
13 13 13 12 0
13 13 13 13 0
13 13 13 14 0
13 13 13 15 0
13 13 14 0 0
13 13 14 1 0
13 13 14 2 0
13 13 14 3 0
13 13 14 4 0
13 13 14 5 0
13 13 14 6 0
13 13 14 7 0
13 13 14 8 0
13 13 14 9 0
13 13 14 10 0
13 13 14 11 0
13 13 14 12 0
13 13 14 13 0
13 13 14 14 0
13 13 14 15 0
13 13 15 0 0
13 13 15 1 0
13 13 15 2 0
13 13 15 3 0
13 13 15 4 0
13 13 15 5 0
13 13 15 6 0
13 13 15 7 0
13 13 15 8 0
13 13 15 9 0
13 13 15 10 0
13 13 15 11 0
13 13 15 12 0
13 13 15 13 0
13 13 15 14 0
13 13 15 15 0
13 14 0 0 0
13 14 0 1 0
13 14 0 2 0
13 14 0 3 0
13 14 0 4 0
13 14 0 5 0
13 14 0 6 0
13 14 0 7 0
13 14 0 8 0
13 14 0 9 0
13 14 0 10 0
13 14 0 11 0
13 14 0 12 0
13 14 0 13 0
13 14 0 14 0
13 14 0 15 0
13 14 1 0 0
13 14 1 1 0
13 14 1 2 0
13 14 1 3 0
13 14 1 4 0
13 14 1 5 0
13 14 1 6 0
13 14 1 7 0
13 14 1 8 0
13 14 1 9 0
13 14 1 10 0
13 14 1 11 0
13 14 1 12 0
13 14 1 13 0
13 14 1 14 0
13 14 1 15 0
13 14 2 0 0
13 14 2 1 0
13 14 2 2 0
13 14 2 3 0
13 14 2 4 0
13 14 2 5 0
13 14 2 6 0
13 14 2 7 0
13 14 2 8 0
13 14 2 9 0
13 14 2 10 0
13 14 2 11 0
13 14 2 12 0
13 14 2 13 0
13 14 2 14 0
13 14 2 15 0
13 14 3 0 0
13 14 3 1 0
13 14 3 2 0
13 14 3 3 0
13 14 3 4 0
13 14 3 5 0
13 14 3 6 0
13 14 3 7 0
13 14 3 8 0
13 14 3 9 0
13 14 3 10 0
13 14 3 11 0
13 14 3 12 0
13 14 3 13 0
13 14 3 14 0
13 14 3 15 0
13 14 4 0 0
13 14 4 1 0
13 14 4 2 0
13 14 4 3 0
13 14 4 4 0
13 14 4 5 0
13 14 4 6 0
13 14 4 7 0
13 14 4 8 0
13 14 4 9 0
13 14 4 10 0
13 14 4 11 0
13 14 4 12 0
13 14 4 13 0
13 14 4 14 0
13 14 4 15 0
13 14 5 0 0
13 14 5 1 0
13 14 5 2 0
13 14 5 3 0
13 14 5 4 0
13 14 5 5 0
13 14 5 6 0
13 14 5 7 0
13 14 5 8 0
13 14 5 9 0
13 14 5 10 0
13 14 5 11 0
13 14 5 12 0
13 14 5 13 0
13 14 5 14 0
13 14 5 15 0
13 14 6 0 0
13 14 6 1 0
13 14 6 2 0
13 14 6 3 0
13 14 6 4 0
13 14 6 5 0
13 14 6 6 0
13 14 6 7 0
13 14 6 8 0
13 14 6 9 0
13 14 6 10 0
13 14 6 11 0
13 14 6 12 0
13 14 6 13 0
13 14 6 14 0
13 14 6 15 0
13 14 7 0 0
13 14 7 1 0
13 14 7 2 0
13 14 7 3 0
13 14 7 4 0
13 14 7 5 0
13 14 7 6 0
13 14 7 7 0
13 14 7 8 0
13 14 7 9 0
13 14 7 10 0
13 14 7 11 0
13 14 7 12 0
13 14 7 13 0
13 14 7 14 0
13 14 7 15 0
13 14 8 0 0
13 14 8 1 0
13 14 8 2 0
13 14 8 3 0
13 14 8 4 0
13 14 8 5 0
13 14 8 6 0
13 14 8 7 0
13 14 8 8 0
13 14 8 9 0
13 14 8 10 0
13 14 8 11 0
13 14 8 12 0
13 14 8 13 0
13 14 8 14 0
13 14 8 15 0
13 14 9 0 0
13 14 9 1 0
13 14 9 2 0
13 14 9 3 0
13 14 9 4 0
13 14 9 5 0
13 14 9 6 0
13 14 9 7 0
13 14 9 8 0
13 14 9 9 0
13 14 9 10 0
13 14 9 11 0
13 14 9 12 0
13 14 9 13 0
13 14 9 14 0
13 14 9 15 0
13 14 10 0 0
13 14 10 1 0
13 14 10 2 0
13 14 10 3 0
13 14 10 4 0
13 14 10 5 0
13 14 10 6 0
13 14 10 7 0
13 14 10 8 0
13 14 10 9 0
13 14 10 10 0
13 14 10 11 0
13 14 10 12 0
13 14 10 13 0
13 14 10 14 0
13 14 10 15 0
13 14 11 0 0
13 14 11 1 0
13 14 11 2 0
13 14 11 3 0
13 14 11 4 0
13 14 11 5 0
13 14 11 6 0
13 14 11 7 0
13 14 11 8 0
13 14 11 9 0
13 14 11 10 0
13 14 11 11 0
13 14 11 12 0
13 14 11 13 0
13 14 11 14 0
13 14 11 15 0
13 14 12 0 0
13 14 12 1 0
13 14 12 2 0
13 14 12 3 0
13 14 12 4 0
13 14 12 5 0
13 14 12 6 0
13 14 12 7 0
13 14 12 8 0
13 14 12 9 0
13 14 12 10 0
13 14 12 11 0
13 14 12 12 0
13 14 12 13 0
13 14 12 14 0
13 14 12 15 0
13 14 13 0 0
13 14 13 1 0
13 14 13 2 0
13 14 13 3 0
13 14 13 4 0
13 14 13 5 0
13 14 13 6 0
13 14 13 7 0
13 14 13 8 0
13 14 13 9 0
13 14 13 10 0
13 14 13 11 0
13 14 13 12 0
13 14 13 13 0
13 14 13 14 0
13 14 13 15 0
13 14 14 0 0
13 14 14 1 0
13 14 14 2 0
13 14 14 3 0
13 14 14 4 0
13 14 14 5 0
13 14 14 6 0
13 14 14 7 0
13 14 14 8 0
13 14 14 9 0
13 14 14 10 0
13 14 14 11 0
13 14 14 12 0
13 14 14 13 0
13 14 14 14 0
13 14 14 15 0
13 14 15 0 0
13 14 15 1 0
13 14 15 2 0
13 14 15 3 0
13 14 15 4 0
13 14 15 5 0
13 14 15 6 0
13 14 15 7 0
13 14 15 8 0
13 14 15 9 0
13 14 15 10 0
13 14 15 11 0
13 14 15 12 0
13 14 15 13 0
13 14 15 14 0
13 14 15 15 0
13 15 0 0 0
13 15 0 1 0
13 15 0 2 0
13 15 0 3 0
13 15 0 4 0
13 15 0 5 0
13 15 0 6 0
13 15 0 7 0
13 15 0 8 0
13 15 0 9 0
13 15 0 10 0
13 15 0 11 0
13 15 0 12 0
13 15 0 13 0
13 15 0 14 0
13 15 0 15 0
13 15 1 0 0
13 15 1 1 0
13 15 1 2 0
13 15 1 3 0
13 15 1 4 0
13 15 1 5 0
13 15 1 6 0
13 15 1 7 0
13 15 1 8 0
13 15 1 9 0
13 15 1 10 0
13 15 1 11 0
13 15 1 12 0
13 15 1 13 0
13 15 1 14 0
13 15 1 15 0
13 15 2 0 0
13 15 2 1 0
13 15 2 2 0
13 15 2 3 0
13 15 2 4 0
13 15 2 5 0
13 15 2 6 0
13 15 2 7 0
13 15 2 8 0
13 15 2 9 0
13 15 2 10 0
13 15 2 11 0
13 15 2 12 0
13 15 2 13 0
13 15 2 14 0
13 15 2 15 0
13 15 3 0 0
13 15 3 1 0
13 15 3 2 0
13 15 3 3 0
13 15 3 4 0
13 15 3 5 0
13 15 3 6 0
13 15 3 7 0
13 15 3 8 0
13 15 3 9 0
13 15 3 10 0
13 15 3 11 0
13 15 3 12 0
13 15 3 13 0
13 15 3 14 0
13 15 3 15 0
13 15 4 0 0
13 15 4 1 0
13 15 4 2 0
13 15 4 3 0
13 15 4 4 0
13 15 4 5 0
13 15 4 6 0
13 15 4 7 0
13 15 4 8 0
13 15 4 9 0
13 15 4 10 0
13 15 4 11 0
13 15 4 12 0
13 15 4 13 0
13 15 4 14 0
13 15 4 15 0
13 15 5 0 0
13 15 5 1 0
13 15 5 2 0
13 15 5 3 0
13 15 5 4 0
13 15 5 5 0
13 15 5 6 0
13 15 5 7 0
13 15 5 8 0
13 15 5 9 0
13 15 5 10 0
13 15 5 11 0
13 15 5 12 0
13 15 5 13 0
13 15 5 14 0
13 15 5 15 0
13 15 6 0 0
13 15 6 1 0
13 15 6 2 0
13 15 6 3 0
13 15 6 4 0
13 15 6 5 0
13 15 6 6 0
13 15 6 7 0
13 15 6 8 0
13 15 6 9 0
13 15 6 10 0
13 15 6 11 0
13 15 6 12 0
13 15 6 13 0
13 15 6 14 0
13 15 6 15 0
13 15 7 0 0
13 15 7 1 0
13 15 7 2 0
13 15 7 3 0
13 15 7 4 0
13 15 7 5 0
13 15 7 6 0
13 15 7 7 0
13 15 7 8 0
13 15 7 9 0
13 15 7 10 0
13 15 7 11 0
13 15 7 12 0
13 15 7 13 0
13 15 7 14 0
13 15 7 15 0
13 15 8 0 0
13 15 8 1 0
13 15 8 2 0
13 15 8 3 0
13 15 8 4 0
13 15 8 5 0
13 15 8 6 0
13 15 8 7 0
13 15 8 8 0
13 15 8 9 0
13 15 8 10 0
13 15 8 11 0
13 15 8 12 0
13 15 8 13 0
13 15 8 14 0
13 15 8 15 0
13 15 9 0 0
13 15 9 1 0
13 15 9 2 0
13 15 9 3 0
13 15 9 4 0
13 15 9 5 0
13 15 9 6 0
13 15 9 7 0
13 15 9 8 0
13 15 9 9 0
13 15 9 10 0
13 15 9 11 0
13 15 9 12 0
13 15 9 13 0
13 15 9 14 0
13 15 9 15 0
13 15 10 0 0
13 15 10 1 0
13 15 10 2 0
13 15 10 3 0
13 15 10 4 0
13 15 10 5 0
13 15 10 6 0
13 15 10 7 0
13 15 10 8 0
13 15 10 9 0
13 15 10 10 0
13 15 10 11 0
13 15 10 12 0
13 15 10 13 0
13 15 10 14 0
13 15 10 15 0
13 15 11 0 0
13 15 11 1 0
13 15 11 2 0
13 15 11 3 0
13 15 11 4 0
13 15 11 5 0
13 15 11 6 0
13 15 11 7 0
13 15 11 8 0
13 15 11 9 0
13 15 11 10 0
13 15 11 11 0
13 15 11 12 0
13 15 11 13 0
13 15 11 14 0
13 15 11 15 0
13 15 12 0 0
13 15 12 1 0
13 15 12 2 0
13 15 12 3 0
13 15 12 4 0
13 15 12 5 0
13 15 12 6 0
13 15 12 7 0
13 15 12 8 0
13 15 12 9 0
13 15 12 10 0
13 15 12 11 0
13 15 12 12 0
13 15 12 13 0
13 15 12 14 0
13 15 12 15 0
13 15 13 0 0
13 15 13 1 0
13 15 13 2 0
13 15 13 3 0
13 15 13 4 0
13 15 13 5 0
13 15 13 6 0
13 15 13 7 0
13 15 13 8 0
13 15 13 9 0
13 15 13 10 0
13 15 13 11 0
13 15 13 12 0
13 15 13 13 0
13 15 13 14 0
13 15 13 15 0
13 15 14 0 0
13 15 14 1 0
13 15 14 2 0
13 15 14 3 0
13 15 14 4 0
13 15 14 5 0
13 15 14 6 0
13 15 14 7 0
13 15 14 8 0
13 15 14 9 0
13 15 14 10 0
13 15 14 11 0
13 15 14 12 0
13 15 14 13 0
13 15 14 14 0
13 15 14 15 0
13 15 15 0 0
13 15 15 1 0
13 15 15 2 0
13 15 15 3 0
13 15 15 4 0
13 15 15 5 0
13 15 15 6 0
13 15 15 7 0
13 15 15 8 0
13 15 15 9 0
13 15 15 10 0
13 15 15 11 0
13 15 15 12 0
13 15 15 13 0
13 15 15 14 0
13 15 15 15 0
14 0 0 0 0
14 0 0 1 0
14 0 0 2 -0.02325127799180168
14 0 0 3 0
14 0 0 4 0
14 0 0 5 0
14 0 0 6 0
14 0 0 7 0
14 0 0 8 0
14 0 0 9 0
14 0 0 10 0
14 0 0 11 0.000330678634116843
14 0 0 12 0
14 0 0 13 0
14 0 0 14 -0.0007509568132589995
14 0 0 15 0
14 0 1 0 0
14 0 1 1 0
14 0 1 2 0
14 0 1 3 0
14 0 1 4 0
14 0 1 5 0
14 0 1 6 0
14 0 1 7 0
14 0 1 8 0
14 0 1 9 0
14 0 1 10 0
14 0 1 11 0
14 0 1 12 0
14 0 1 13 0
14 0 1 14 0
14 0 1 15 0
14 0 2 0 0.04650255598360337
14 0 2 1 0
14 0 2 2 0
14 0 2 3 0
14 0 2 4 0
14 0 2 5 0
14 0 2 6 0
14 0 2 7 0
14 0 2 8 0
14 0 2 9 0
14 0 2 10 0
14 0 2 11 -0.0002003598415016978
14 0 2 12 0
14 0 2 13 0
14 0 2 14 0
14 0 2 15 0
14 0 3 0 0
14 0 3 1 0
14 0 3 2 0
14 0 3 3 0
14 0 3 4 0
14 0 3 5 0
14 0 3 6 0
14 0 3 7 0
14 0 3 8 0
14 0 3 9 0
14 0 3 10 0
14 0 3 11 0
14 0 3 12 0
14 0 3 13 0
14 0 3 14 0
14 0 3 15 0
14 0 4 0 0
14 0 4 1 0
14 0 4 2 0
14 0 4 3 0
14 0 4 4 0
14 0 4 5 0
14 0 4 6 0
14 0 4 7 0
14 0 4 8 0
14 0 4 9 0
14 0 4 10 0
14 0 4 11 0
14 0 4 12 0
14 0 4 13 0
14 0 4 14 0
14 0 4 15 0
14 0 5 0 0
14 0 5 1 0
14 0 5 2 0
14 0 5 3 0
14 0 5 4 0
14 0 5 5 0
14 0 5 6 0
14 0 5 7 0
14 0 5 8 0
14 0 5 9 0
14 0 5 10 0
14 0 5 11 0
14 0 5 12 0
14 0 5 13 0
14 0 5 14 0
14 0 5 15 0
14 0 6 0 0
14 0 6 1 0
14 0 6 2 0
14 0 6 3 0
14 0 6 4 0
14 0 6 5 0
14 0 6 6 0
14 0 6 7 0
14 0 6 8 0
14 0 6 9 0
14 0 6 10 0
14 0 6 11 0
14 0 6 12 0
14 0 6 13 0
14 0 6 14 0
14 0 6 15 0
14 0 7 0 0
14 0 7 1 0
14 0 7 2 0
14 0 7 3 0
14 0 7 4 0
14 0 7 5 0
14 0 7 6 0
14 0 7 7 0
14 0 7 8 0
14 0 7 9 0
14 0 7 10 0
14 0 7 11 0
14 0 7 12 0
14 0 7 13 0
14 0 7 14 0
14 0 7 15 0
14 0 8 0 0
14 0 8 1 0
14 0 8 2 0
14 0 8 3 0
14 0 8 4 0
14 0 8 5 0
14 0 8 6 0
14 0 8 7 0
14 0 8 8 0
14 0 8 9 0
14 0 8 10 0
14 0 8 11 0
14 0 8 12 0
14 0 8 13 0
14 0 8 14 0
14 0 8 15 0
14 0 9 0 0
14 0 9 1 0
14 0 9 2 0
14 0 9 3 0
14 0 9 4 0
14 0 9 5 0
14 0 9 6 0
14 0 9 7 0
14 0 9 8 0
14 0 9 9 0
14 0 9 10 0
14 0 9 11 0
14 0 9 12 0
14 0 9 13 0
14 0 9 14 0
14 0 9 15 0
14 0 10 0 0
14 0 10 1 0
14 0 10 2 0
14 0 10 3 0
14 0 10 4 0
14 0 10 5 0
14 0 10 6 0
14 0 10 7 0
14 0 10 8 0
14 0 10 9 0
14 0 10 10 0
14 0 10 11 0
14 0 10 12 0
14 0 10 13 0
14 0 10 14 0
14 0 10 15 0
14 0 11 0 -0.0006613572682336859
14 0 11 1 0
14 0 11 2 0.0001149710420955401
14 0 11 3 0
14 0 11 4 0
14 0 11 5 0
14 0 11 6 0
14 0 11 7 0
14 0 11 8 0
14 0 11 9 0
14 0 11 10 0
14 0 11 11 0
14 0 11 12 0
14 0 11 13 0
14 0 11 14 0
14 0 11 15 0
14 0 12 0 0
14 0 12 1 0
14 0 12 2 0
14 0 12 3 0
14 0 12 4 0
14 0 12 5 0
14 0 12 6 0
14 0 12 7 0
14 0 12 8 0
14 0 12 9 0
14 0 12 10 0
14 0 12 11 0
14 0 12 12 0
14 0 12 13 0
14 0 12 14 0
14 0 12 15 0
14 0 13 0 0
14 0 13 1 0
14 0 13 2 0
14 0 13 3 0
14 0 13 4 0
14 0 13 5 0
14 0 13 6 0
14 0 13 7 0
14 0 13 8 0
14 0 13 9 0
14 0 13 10 0
14 0 13 11 0
14 0 13 12 0
14 0 13 13 0
14 0 13 14 0
14 0 13 15 0
14 0 14 0 0.001501913626517999
14 0 14 1 0
14 0 14 2 0
14 0 14 3 0
14 0 14 4 0
14 0 14 5 0
14 0 14 6 0
14 0 14 7 0
14 0 14 8 0
14 0 14 9 0
14 0 14 10 0
14 0 14 11 0
14 0 14 12 0
14 0 14 13 0
14 0 14 14 0
14 0 14 15 0
14 0 15 0 0
14 0 15 1 0
14 0 15 2 0
14 0 15 3 0
14 0 15 4 0
14 0 15 5 0
14 0 15 6 0
14 0 15 7 0
14 0 15 8 0
14 0 15 9 0
14 0 15 10 0
14 0 15 11 0
14 0 15 12 0
14 0 15 13 0
14 0 15 14 0
14 0 15 15 0
14 1 0 0 0
14 1 0 1 0
14 1 0 2 0
14 1 0 3 0
14 1 0 4 0
14 1 0 5 0
14 1 0 6 0
14 1 0 7 0
14 1 0 8 0
14 1 0 9 0
14 1 0 10 0
14 1 0 11 0
14 1 0 12 0
14 1 0 13 0
14 1 0 14 0
14 1 0 15 0
14 1 1 0 0
14 1 1 1 0
14 1 1 2 -0.02325127799180168
14 1 1 3 0
14 1 1 4 0
14 1 1 5 0
14 1 1 6 0
14 1 1 7 0
14 1 1 8 0
14 1 1 9 0
14 1 1 10 0
14 1 1 11 0.000330678634116843
14 1 1 12 0
14 1 1 13 0
14 1 1 14 -0.0007509568132589995
14 1 1 15 0
14 1 2 0 0
14 1 2 1 0.04650255598360337
14 1 2 2 0
14 1 2 3 0
14 1 2 4 0
14 1 2 5 0
14 1 2 6 0
14 1 2 7 0
14 1 2 8 0
14 1 2 9 0
14 1 2 10 0
14 1 2 11 0
14 1 2 12 0
14 1 2 13 0
14 1 2 14 0
14 1 2 15 0.0002507715733718912
14 1 3 0 0
14 1 3 1 0
14 1 3 2 0
14 1 3 3 0
14 1 3 4 0
14 1 3 5 0
14 1 3 6 0
14 1 3 7 0
14 1 3 8 0
14 1 3 9 0
14 1 3 10 0
14 1 3 11 0
14 1 3 12 0
14 1 3 13 0
14 1 3 14 0
14 1 3 15 0
14 1 4 0 0
14 1 4 1 0
14 1 4 2 0
14 1 4 3 0
14 1 4 4 0
14 1 4 5 0
14 1 4 6 0
14 1 4 7 0
14 1 4 8 0
14 1 4 9 0
14 1 4 10 0
14 1 4 11 0
14 1 4 12 0
14 1 4 13 0
14 1 4 14 0
14 1 4 15 0
14 1 5 0 0
14 1 5 1 0
14 1 5 2 0
14 1 5 3 0
14 1 5 4 0
14 1 5 5 0
14 1 5 6 0
14 1 5 7 0
14 1 5 8 0
14 1 5 9 0
14 1 5 10 0
14 1 5 11 0
14 1 5 12 0
14 1 5 13 0
14 1 5 14 0
14 1 5 15 0
14 1 6 0 0
14 1 6 1 0
14 1 6 2 0
14 1 6 3 0
14 1 6 4 0
14 1 6 5 0
14 1 6 6 0
14 1 6 7 0
14 1 6 8 0
14 1 6 9 0
14 1 6 10 0
14 1 6 11 0
14 1 6 12 0
14 1 6 13 0
14 1 6 14 0
14 1 6 15 0
14 1 7 0 0
14 1 7 1 0
14 1 7 2 0
14 1 7 3 0
14 1 7 4 0
14 1 7 5 0
14 1 7 6 0
14 1 7 7 0
14 1 7 8 0
14 1 7 9 0
14 1 7 10 0
14 1 7 11 0
14 1 7 12 0
14 1 7 13 0
14 1 7 14 0
14 1 7 15 0
14 1 8 0 0
14 1 8 1 0
14 1 8 2 0
14 1 8 3 0
14 1 8 4 0
14 1 8 5 0
14 1 8 6 0
14 1 8 7 0
14 1 8 8 0
14 1 8 9 0
14 1 8 10 0
14 1 8 11 0
14 1 8 12 0
14 1 8 13 0
14 1 8 14 0
14 1 8 15 0
14 1 9 0 0
14 1 9 1 0
14 1 9 2 0
14 1 9 3 0
14 1 9 4 0
14 1 9 5 0
14 1 9 6 0
14 1 9 7 0
14 1 9 8 0
14 1 9 9 0
14 1 9 10 0
14 1 9 11 0
14 1 9 12 0
14 1 9 13 0
14 1 9 14 0
14 1 9 15 0
14 1 10 0 0
14 1 10 1 0
14 1 10 2 0
14 1 10 3 0
14 1 10 4 0
14 1 10 5 0
14 1 10 6 0
14 1 10 7 0
14 1 10 8 0
14 1 10 9 0
14 1 10 10 0
14 1 10 11 0
14 1 10 12 0
14 1 10 13 0
14 1 10 14 0
14 1 10 15 0
14 1 11 0 0
14 1 11 1 -0.0006613572682336859
14 1 11 2 0
14 1 11 3 0
14 1 11 4 0
14 1 11 5 0
14 1 11 6 0
14 1 11 7 0
14 1 11 8 0
14 1 11 9 0
14 1 11 10 0
14 1 11 11 0
14 1 11 12 0
14 1 11 13 0
14 1 11 14 0
14 1 11 15 0
14 1 12 0 0
14 1 12 1 0
14 1 12 2 0
14 1 12 3 0
14 1 12 4 0
14 1 12 5 0
14 1 12 6 0
14 1 12 7 0
14 1 12 8 0
14 1 12 9 0
14 1 12 10 0
14 1 12 11 0
14 1 12 12 0
14 1 12 13 0
14 1 12 14 0
14 1 12 15 0
14 1 13 0 0
14 1 13 1 0
14 1 13 2 0
14 1 13 3 0
14 1 13 4 0
14 1 13 5 0
14 1 13 6 0
14 1 13 7 0
14 1 13 8 0
14 1 13 9 0
14 1 13 10 0
14 1 13 11 0
14 1 13 12 0
14 1 13 13 0
14 1 13 14 0
14 1 13 15 0
14 1 14 0 0
14 1 14 1 0.001501913626517999
14 1 14 2 0
14 1 14 3 0
14 1 14 4 0
14 1 14 5 0
14 1 14 6 0
14 1 14 7 0
14 1 14 8 0
14 1 14 9 0
14 1 14 10 0
14 1 14 11 0
14 1 14 12 0
14 1 14 13 0
14 1 14 14 0
14 1 14 15 0
14 1 15 0 0
14 1 15 1 0
14 1 15 2 -0.000112628817888764
14 1 15 3 0
14 1 15 4 0
14 1 15 5 0
14 1 15 6 0
14 1 15 7 0
14 1 15 8 0
14 1 15 9 0
14 1 15 10 0
14 1 15 11 0
14 1 15 12 0
14 1 15 13 0
14 1 15 14 0
14 1 15 15 0
14 2 0 0 0
14 2 0 1 0
14 2 0 2 0
14 2 0 3 0
14 2 0 4 0
14 2 0 5 0
14 2 0 6 0
14 2 0 7 0
14 2 0 8 0
14 2 0 9 0
14 2 0 10 0
14 2 0 11 0
14 2 0 12 0
14 2 0 13 0
14 2 0 14 0
14 2 0 15 0
14 2 1 0 0
14 2 1 1 0
14 2 1 2 0
14 2 1 3 0
14 2 1 4 0
14 2 1 5 0
14 2 1 6 0
14 2 1 7 0
14 2 1 8 0
14 2 1 9 0
14 2 1 10 0
14 2 1 11 0
14 2 1 12 0
14 2 1 13 0
14 2 1 14 0
14 2 1 15 0
14 2 2 0 0
14 2 2 1 0
14 2 2 2 0.02325127799180168
14 2 2 3 0
14 2 2 4 0
14 2 2 5 0
14 2 2 6 0
14 2 2 7 0
14 2 2 8 0
14 2 2 9 0
14 2 2 10 0
14 2 2 11 -0.0002370394210643529
14 2 2 12 0
14 2 2 13 0
14 2 2 14 0.0004039725032388936
14 2 2 15 0
14 2 3 0 0
14 2 3 1 0
14 2 3 2 0
14 2 3 3 0
14 2 3 4 0
14 2 3 5 0
14 2 3 6 0
14 2 3 7 0
14 2 3 8 0
14 2 3 9 0
14 2 3 10 0
14 2 3 11 0
14 2 3 12 0
14 2 3 13 0
14 2 3 14 0
14 2 3 15 0
14 2 4 0 0
14 2 4 1 0
14 2 4 2 0
14 2 4 3 0
14 2 4 4 0
14 2 4 5 0
14 2 4 6 0
14 2 4 7 0
14 2 4 8 0
14 2 4 9 0
14 2 4 10 0
14 2 4 11 0
14 2 4 12 0
14 2 4 13 0
14 2 4 14 0
14 2 4 15 0
14 2 5 0 0
14 2 5 1 0
14 2 5 2 0
14 2 5 3 0
14 2 5 4 0
14 2 5 5 0
14 2 5 6 0
14 2 5 7 0
14 2 5 8 0
14 2 5 9 0
14 2 5 10 0
14 2 5 11 0
14 2 5 12 0
14 2 5 13 0
14 2 5 14 0
14 2 5 15 0
14 2 6 0 0
14 2 6 1 0
14 2 6 2 0
14 2 6 3 0
14 2 6 4 0
14 2 6 5 0
14 2 6 6 0
14 2 6 7 0
14 2 6 8 0
14 2 6 9 0
14 2 6 10 0
14 2 6 11 0
14 2 6 12 0
14 2 6 13 0
14 2 6 14 0
14 2 6 15 0
14 2 7 0 0
14 2 7 1 0
14 2 7 2 0
14 2 7 3 0
14 2 7 4 0
14 2 7 5 0
14 2 7 6 0
14 2 7 7 -0.01026217071259177
14 2 7 8 0
14 2 7 9 0
14 2 7 10 0
14 2 7 11 0
14 2 7 12 0
14 2 7 13 0
14 2 7 14 0
14 2 7 15 0
14 2 8 0 0
14 2 8 1 0
14 2 8 2 0
14 2 8 3 0
14 2 8 4 0
14 2 8 5 0
14 2 8 6 0
14 2 8 7 0
14 2 8 8 0
14 2 8 9 0
14 2 8 10 0
14 2 8 11 0
14 2 8 12 0
14 2 8 13 0
14 2 8 14 0
14 2 8 15 0
14 2 9 0 0
14 2 9 1 0
14 2 9 2 0
14 2 9 3 0
14 2 9 4 0
14 2 9 5 0
14 2 9 6 0
14 2 9 7 0
14 2 9 8 0
14 2 9 9 0
14 2 9 10 0
14 2 9 11 0
14 2 9 12 0
14 2 9 13 0
14 2 9 14 0
14 2 9 15 0
14 2 10 0 0
14 2 10 1 0
14 2 10 2 0
14 2 10 3 0
14 2 10 4 0
14 2 10 5 0
14 2 10 6 0
14 2 10 7 0
14 2 10 8 0
14 2 10 9 0
14 2 10 10 0
14 2 10 11 0
14 2 10 12 0
14 2 10 13 0
14 2 10 14 0
14 2 10 15 0
14 2 11 0 0
14 2 11 1 0
14 2 11 2 -0.000330678634116843
14 2 11 3 0
14 2 11 4 0
14 2 11 5 0
14 2 11 6 0
14 2 11 7 0
14 2 11 8 0
14 2 11 9 0
14 2 11 10 0
14 2 11 11 0
14 2 11 12 0
14 2 11 13 0
14 2 11 14 0
14 2 11 15 0
14 2 12 0 0
14 2 12 1 0
14 2 12 2 0
14 2 12 3 0
14 2 12 4 0
14 2 12 5 0
14 2 12 6 0
14 2 12 7 0
14 2 12 8 0
14 2 12 9 0
14 2 12 10 0
14 2 12 11 0
14 2 12 12 0
14 2 12 13 0
14 2 12 14 0
14 2 12 15 0
14 2 13 0 0
14 2 13 1 0
14 2 13 2 0
14 2 13 3 0
14 2 13 4 0
14 2 13 5 0
14 2 13 6 0
14 2 13 7 0
14 2 13 8 0
14 2 13 9 0
14 2 13 10 0
14 2 13 11 0
14 2 13 12 0
14 2 13 13 0
14 2 13 14 0
14 2 13 15 0
14 2 14 0 0
14 2 14 1 0
14 2 14 2 0.0007509568132589996
14 2 14 3 0
14 2 14 4 0
14 2 14 5 0
14 2 14 6 0
14 2 14 7 0
14 2 14 8 0
14 2 14 9 0
14 2 14 10 0
14 2 14 11 0
14 2 14 12 0
14 2 14 13 0
14 2 14 14 0
14 2 14 15 0
14 2 15 0 0
14 2 15 1 0
14 2 15 2 0
14 2 15 3 0
14 2 15 4 0
14 2 15 5 0
14 2 15 6 0
14 2 15 7 0
14 2 15 8 0
14 2 15 9 0
14 2 15 10 0
14 2 15 11 0
14 2 15 12 0
14 2 15 13 0
14 2 15 14 0
14 2 15 15 0
14 3 0 0 0
14 3 0 1 0
14 3 0 2 0
14 3 0 3 0
14 3 0 4 0
14 3 0 5 0
14 3 0 6 0
14 3 0 7 0
14 3 0 8 0
14 3 0 9 0
14 3 0 10 0
14 3 0 11 0
14 3 0 12 0
14 3 0 13 0
14 3 0 14 0
14 3 0 15 0
14 3 1 0 0
14 3 1 1 0
14 3 1 2 0
14 3 1 3 0
14 3 1 4 0
14 3 1 5 0
14 3 1 6 0
14 3 1 7 0
14 3 1 8 0
14 3 1 9 0
14 3 1 10 0
14 3 1 11 0
14 3 1 12 0
14 3 1 13 0
14 3 1 14 0
14 3 1 15 0
14 3 2 0 0
14 3 2 1 0
14 3 2 2 0
14 3 2 3 0.01953001870631122
14 3 2 4 0
14 3 2 5 0
14 3 2 6 0
14 3 2 7 0
14 3 2 8 0.001428246348613645
14 3 2 9 0
14 3 2 10 0
14 3 2 11 0
14 3 2 12 0
14 3 2 13 0
14 3 2 14 0
14 3 2 15 0
14 3 3 0 0
14 3 3 1 0
14 3 3 2 -0.01254968506605303
14 3 3 3 0
14 3 3 4 0
14 3 3 5 0
14 3 3 6 0
14 3 3 7 0
14 3 3 8 0
14 3 3 9 0
14 3 3 10 0
14 3 3 11 0.0002118729748500591
14 3 3 12 0
14 3 3 13 0
14 3 3 14 -0.0004621525645667005
14 3 3 15 0
14 3 4 0 0
14 3 4 1 0
14 3 4 2 0
14 3 4 3 0
14 3 4 4 0
14 3 4 5 0
14 3 4 6 0
14 3 4 7 0
14 3 4 8 0
14 3 4 9 0
14 3 4 10 0
14 3 4 11 0
14 3 4 12 0
14 3 4 13 0
14 3 4 14 0
14 3 4 15 0
14 3 5 0 0
14 3 5 1 0
14 3 5 2 0
14 3 5 3 0
14 3 5 4 0
14 3 5 5 0
14 3 5 6 0
14 3 5 7 0
14 3 5 8 0
14 3 5 9 0
14 3 5 10 0
14 3 5 11 0
14 3 5 12 0
14 3 5 13 0
14 3 5 14 0
14 3 5 15 0
14 3 6 0 0
14 3 6 1 0
14 3 6 2 0
14 3 6 3 0
14 3 6 4 0
14 3 6 5 0
14 3 6 6 0
14 3 6 7 0.005646602275332183
14 3 6 8 0
14 3 6 9 0
14 3 6 10 0
14 3 6 11 0
14 3 6 12 0
14 3 6 13 0
14 3 6 14 0
14 3 6 15 0
14 3 7 0 0
14 3 7 1 0
14 3 7 2 0
14 3 7 3 0
14 3 7 4 0
14 3 7 5 0
14 3 7 6 -0.002705230001942245
14 3 7 7 0
14 3 7 8 0
14 3 7 9 0
14 3 7 10 0
14 3 7 11 0
14 3 7 12 0
14 3 7 13 0
14 3 7 14 0
14 3 7 15 0
14 3 8 0 0
14 3 8 1 0
14 3 8 2 -0.001082943424324399
14 3 8 3 0
14 3 8 4 0
14 3 8 5 0
14 3 8 6 0
14 3 8 7 0
14 3 8 8 0
14 3 8 9 0
14 3 8 10 0
14 3 8 11 0
14 3 8 12 0
14 3 8 13 0
14 3 8 14 0
14 3 8 15 0
14 3 9 0 0
14 3 9 1 0
14 3 9 2 0
14 3 9 3 0
14 3 9 4 0
14 3 9 5 0
14 3 9 6 0
14 3 9 7 0
14 3 9 8 0
14 3 9 9 0
14 3 9 10 0
14 3 9 11 0
14 3 9 12 0
14 3 9 13 0
14 3 9 14 0
14 3 9 15 0
14 3 10 0 0
14 3 10 1 0
14 3 10 2 0
14 3 10 3 0
14 3 10 4 0
14 3 10 5 0
14 3 10 6 0
14 3 10 7 0
14 3 10 8 0
14 3 10 9 0
14 3 10 10 0
14 3 10 11 0
14 3 10 12 0
14 3 10 13 0
14 3 10 14 0
14 3 10 15 0
14 3 11 0 0
14 3 11 1 0
14 3 11 2 0
14 3 11 3 -0.000330678634116843
14 3 11 4 0
14 3 11 5 0
14 3 11 6 0
14 3 11 7 0
14 3 11 8 0
14 3 11 9 0
14 3 11 10 0
14 3 11 11 0
14 3 11 12 0
14 3 11 13 0
14 3 11 14 0
14 3 11 15 0
14 3 12 0 0
14 3 12 1 0
14 3 12 2 0
14 3 12 3 0
14 3 12 4 0
14 3 12 5 0
14 3 12 6 0
14 3 12 7 0
14 3 12 8 0
14 3 12 9 0
14 3 12 10 0
14 3 12 11 0
14 3 12 12 0
14 3 12 13 0
14 3 12 14 0
14 3 12 15 0
14 3 13 0 0
14 3 13 1 0
14 3 13 2 0
14 3 13 3 0
14 3 13 4 0
14 3 13 5 0
14 3 13 6 0
14 3 13 7 0
14 3 13 8 0
14 3 13 9 0
14 3 13 10 0
14 3 13 11 0
14 3 13 12 0
14 3 13 13 0
14 3 13 14 0
14 3 13 15 0
14 3 14 0 0
14 3 14 1 0
14 3 14 2 0
14 3 14 3 0.0006622642372309824
14 3 14 4 0
14 3 14 5 0
14 3 14 6 0
14 3 14 7 0
14 3 14 8 0
14 3 14 9 0
14 3 14 10 0
14 3 14 11 0
14 3 14 12 0
14 3 14 13 0
14 3 14 14 0
14 3 14 15 0
14 3 15 0 0
14 3 15 1 0
14 3 15 2 0
14 3 15 3 0
14 3 15 4 0
14 3 15 5 0
14 3 15 6 0
14 3 15 7 0
14 3 15 8 0
14 3 15 9 0
14 3 15 10 0
14 3 15 11 0
14 3 15 12 0
14 3 15 13 0
14 3 15 14 0
14 3 15 15 0
14 4 0 0 0
14 4 0 1 0
14 4 0 2 0
14 4 0 3 0
14 4 0 4 0
14 4 0 5 0
14 4 0 6 0
14 4 0 7 0
14 4 0 8 0
14 4 0 9 0
14 4 0 10 0
14 4 0 11 0
14 4 0 12 0
14 4 0 13 0
14 4 0 14 0
14 4 0 15 0
14 4 1 0 0
14 4 1 1 0
14 4 1 2 0
14 4 1 3 0
14 4 1 4 0
14 4 1 5 0
14 4 1 6 0
14 4 1 7 0
14 4 1 8 0
14 4 1 9 0
14 4 1 10 0
14 4 1 11 0
14 4 1 12 0
14 4 1 13 0
14 4 1 14 0
14 4 1 15 0
14 4 2 0 0
14 4 2 1 0
14 4 2 2 0
14 4 2 3 0
14 4 2 4 0.02697253727729214
14 4 2 5 0
14 4 2 6 0
14 4 2 7 0
14 4 2 8 0
14 4 2 9 0.001795301226510698
14 4 2 10 0
14 4 2 11 0
14 4 2 12 0
14 4 2 13 0
14 4 2 14 0
14 4 2 15 0
14 4 3 0 0
14 4 3 1 0
14 4 3 2 0
14 4 3 3 0
14 4 3 4 0
14 4 3 5 0
14 4 3 6 0
14 4 3 7 0
14 4 3 8 0
14 4 3 9 0
14 4 3 10 0
14 4 3 11 0
14 4 3 12 0
14 4 3 13 0
14 4 3 14 0
14 4 3 15 0
14 4 4 0 0
14 4 4 1 0
14 4 4 2 -0.01991516169474131
14 4 4 3 0
14 4 4 4 0
14 4 4 5 0
14 4 4 6 0
14 4 4 7 0
14 4 4 8 0
14 4 4 9 0
14 4 4 10 0
14 4 4 11 0.0003105525713976463
14 4 4 12 0
14 4 4 13 0
14 4 4 14 -0.0007267933998806229
14 4 4 15 0
14 4 5 0 0
14 4 5 1 0
14 4 5 2 0
14 4 5 3 0
14 4 5 4 0
14 4 5 5 0
14 4 5 6 0
14 4 5 7 0.00172986231713075
14 4 5 8 0
14 4 5 9 0
14 4 5 10 0
14 4 5 11 0
14 4 5 12 0
14 4 5 13 0
14 4 5 14 0
14 4 5 15 0
14 4 6 0 0
14 4 6 1 0
14 4 6 2 0
14 4 6 3 0
14 4 6 4 0
14 4 6 5 0
14 4 6 6 0
14 4 6 7 0
14 4 6 8 0
14 4 6 9 0
14 4 6 10 0
14 4 6 11 0
14 4 6 12 0
14 4 6 13 0
14 4 6 14 0
14 4 6 15 0
14 4 7 0 0
14 4 7 1 0
14 4 7 2 0
14 4 7 3 0
14 4 7 4 0
14 4 7 5 0.001327498836488143
14 4 7 6 0
14 4 7 7 0
14 4 7 8 0
14 4 7 9 0
14 4 7 10 0
14 4 7 11 0
14 4 7 12 0
14 4 7 13 0
14 4 7 14 0
14 4 7 15 0
14 4 8 0 0
14 4 8 1 0
14 4 8 2 0
14 4 8 3 0
14 4 8 4 0
14 4 8 5 0
14 4 8 6 0
14 4 8 7 0
14 4 8 8 0
14 4 8 9 0
14 4 8 10 0
14 4 8 11 0
14 4 8 12 0
14 4 8 13 0
14 4 8 14 0
14 4 8 15 0
14 4 9 0 0
14 4 9 1 0
14 4 9 2 -0.001408345563428238
14 4 9 3 0
14 4 9 4 0
14 4 9 5 0
14 4 9 6 0
14 4 9 7 0
14 4 9 8 0
14 4 9 9 0
14 4 9 10 0
14 4 9 11 0
14 4 9 12 0
14 4 9 13 0
14 4 9 14 0
14 4 9 15 0
14 4 10 0 0
14 4 10 1 0
14 4 10 2 0
14 4 10 3 0
14 4 10 4 0
14 4 10 5 0
14 4 10 6 0
14 4 10 7 0
14 4 10 8 0
14 4 10 9 0
14 4 10 10 0
14 4 10 11 0
14 4 10 12 0
14 4 10 13 0
14 4 10 14 0
14 4 10 15 0
14 4 11 0 0
14 4 11 1 0
14 4 11 2 0
14 4 11 3 0
14 4 11 4 -0.000330678634116843
14 4 11 5 0
14 4 11 6 0
14 4 11 7 0
14 4 11 8 0
14 4 11 9 0
14 4 11 10 0
14 4 11 11 0
14 4 11 12 0
14 4 11 13 0
14 4 11 14 0
14 4 11 15 0
14 4 12 0 0
14 4 12 1 0
14 4 12 2 0
14 4 12 3 0
14 4 12 4 0
14 4 12 5 0
14 4 12 6 0
14 4 12 7 0
14 4 12 8 0
14 4 12 9 0
14 4 12 10 0
14 4 12 11 0
14 4 12 12 0
14 4 12 13 0
14 4 12 14 0
14 4 12 15 0
14 4 13 0 0
14 4 13 1 0
14 4 13 2 0
14 4 13 3 0
14 4 13 4 0
14 4 13 5 0
14 4 13 6 0
14 4 13 7 0
14 4 13 8 0
14 4 13 9 0
14 4 13 10 0
14 4 13 11 0
14 4 13 12 0
14 4 13 13 0
14 4 13 14 0
14 4 13 15 0
14 4 14 0 0
14 4 14 1 0
14 4 14 2 0
14 4 14 3 0
14 4 14 4 0.0008396493892870167
14 4 14 5 0
14 4 14 6 0
14 4 14 7 0
14 4 14 8 0
14 4 14 9 0
14 4 14 10 0
14 4 14 11 0
14 4 14 12 0
14 4 14 13 0
14 4 14 14 0
14 4 14 15 0
14 4 15 0 0
14 4 15 1 0
14 4 15 2 0
14 4 15 3 0
14 4 15 4 0
14 4 15 5 0
14 4 15 6 0
14 4 15 7 0
14 4 15 8 0
14 4 15 9 0
14 4 15 10 0
14 4 15 11 0
14 4 15 12 0
14 4 15 13 0
14 4 15 14 0
14 4 15 15 0
14 5 0 0 0
14 5 0 1 0
14 5 0 2 0
14 5 0 3 0
14 5 0 4 0
14 5 0 5 0
14 5 0 6 0
14 5 0 7 0
14 5 0 8 0
14 5 0 9 0
14 5 0 10 0
14 5 0 11 0
14 5 0 12 0
14 5 0 13 0
14 5 0 14 0
14 5 0 15 0
14 5 1 0 0
14 5 1 1 0
14 5 1 2 0
14 5 1 3 0
14 5 1 4 0
14 5 1 5 0
14 5 1 6 0
14 5 1 7 0
14 5 1 8 0
14 5 1 9 0
14 5 1 10 0
14 5 1 11 0
14 5 1 12 0
14 5 1 13 0
14 5 1 14 0
14 5 1 15 0
14 5 2 0 0
14 5 2 1 0
14 5 2 2 0
14 5 2 3 0
14 5 2 4 0
14 5 2 5 0.01953001870631122
14 5 2 6 0
14 5 2 7 0
14 5 2 8 0
14 5 2 9 0
14 5 2 10 0
14 5 2 11 0
14 5 2 12 0.00123212501727188
14 5 2 13 0
14 5 2 14 0
14 5 2 15 0
14 5 3 0 0
14 5 3 1 0
14 5 3 2 0
14 5 3 3 0
14 5 3 4 0
14 5 3 5 0
14 5 3 6 0
14 5 3 7 0
14 5 3 8 0
14 5 3 9 0
14 5 3 10 0
14 5 3 11 0
14 5 3 12 0
14 5 3 13 0
14 5 3 14 0
14 5 3 15 0
14 5 4 0 0
14 5 4 1 0
14 5 4 2 0
14 5 4 3 0
14 5 4 4 0
14 5 4 5 0
14 5 4 6 0
14 5 4 7 0.001615002384896459
14 5 4 8 0
14 5 4 9 0
14 5 4 10 0
14 5 4 11 0
14 5 4 12 0
14 5 4 13 0
14 5 4 14 0
14 5 4 15 0
14 5 5 0 0
14 5 5 1 0
14 5 5 2 -0.005170638576319841
14 5 5 3 0
14 5 5 4 0
14 5 5 5 0
14 5 5 6 0
14 5 5 7 0
14 5 5 8 0
14 5 5 9 0
14 5 5 10 0
14 5 5 11 6.264741859688818e-05
14 5 5 12 0
14 5 5 13 0
14 5 5 14 -6.501054198857075e-05
14 5 5 15 0
14 5 6 0 0
14 5 6 1 0
14 5 6 2 0
14 5 6 3 0
14 5 6 4 0
14 5 6 5 0
14 5 6 6 0
14 5 6 7 0
14 5 6 8 0
14 5 6 9 0
14 5 6 10 0
14 5 6 11 0
14 5 6 12 0
14 5 6 13 0
14 5 6 14 0
14 5 6 15 0
14 5 7 0 0
14 5 7 1 0
14 5 7 2 0
14 5 7 3 0
14 5 7 4 0.003151788755979571
14 5 7 5 0
14 5 7 6 0
14 5 7 7 0
14 5 7 8 0
14 5 7 9 0
14 5 7 10 0
14 5 7 11 0
14 5 7 12 0
14 5 7 13 0
14 5 7 14 0
14 5 7 15 0
14 5 8 0 0
14 5 8 1 0
14 5 8 2 0
14 5 8 3 0
14 5 8 4 0
14 5 8 5 0
14 5 8 6 0
14 5 8 7 0
14 5 8 8 0
14 5 8 9 0
14 5 8 10 0
14 5 8 11 0
14 5 8 12 0
14 5 8 13 0
14 5 8 14 0
14 5 8 15 0
14 5 9 0 0
14 5 9 1 0
14 5 9 2 0
14 5 9 3 0
14 5 9 4 0
14 5 9 5 0
14 5 9 6 0
14 5 9 7 0
14 5 9 8 0
14 5 9 9 0
14 5 9 10 0
14 5 9 11 0
14 5 9 12 0
14 5 9 13 0
14 5 9 14 0
14 5 9 15 0
14 5 10 0 0
14 5 10 1 0
14 5 10 2 0
14 5 10 3 0
14 5 10 4 0
14 5 10 5 0
14 5 10 6 0
14 5 10 7 0
14 5 10 8 0
14 5 10 9 0
14 5 10 10 0
14 5 10 11 0
14 5 10 12 0
14 5 10 13 0
14 5 10 14 0
14 5 10 15 0
14 5 11 0 0
14 5 11 1 0
14 5 11 2 0
14 5 11 3 0
14 5 11 4 0
14 5 11 5 -0.0003306786341168429
14 5 11 6 0
14 5 11 7 0
14 5 11 8 0
14 5 11 9 0
14 5 11 10 0
14 5 11 11 0
14 5 11 12 0
14 5 11 13 0
14 5 11 14 0
14 5 11 15 0
14 5 12 0 0
14 5 12 1 0
14 5 12 2 -0.0003721335593547591
14 5 12 3 0
14 5 12 4 0
14 5 12 5 0
14 5 12 6 0
14 5 12 7 0
14 5 12 8 0
14 5 12 9 0
14 5 12 10 0
14 5 12 11 0
14 5 12 12 0
14 5 12 13 0
14 5 12 14 0
14 5 12 15 0
14 5 13 0 0
14 5 13 1 0
14 5 13 2 0
14 5 13 3 0
14 5 13 4 0
14 5 13 5 0
14 5 13 6 0
14 5 13 7 0
14 5 13 8 0
14 5 13 9 0
14 5 13 10 0
14 5 13 11 0
14 5 13 12 0
14 5 13 13 0
14 5 13 14 0
14 5 13 15 0
14 5 14 0 0
14 5 14 1 0
14 5 14 2 0
14 5 14 3 0
14 5 14 4 0
14 5 14 5 0.0006622642372309826
14 5 14 6 0
14 5 14 7 0
14 5 14 8 0
14 5 14 9 0
14 5 14 10 0
14 5 14 11 0
14 5 14 12 0
14 5 14 13 0
14 5 14 14 0
14 5 14 15 0
14 5 15 0 0
14 5 15 1 0
14 5 15 2 0
14 5 15 3 0
14 5 15 4 0
14 5 15 5 0
14 5 15 6 0
14 5 15 7 0
14 5 15 8 0
14 5 15 9 0
14 5 15 10 0
14 5 15 11 0
14 5 15 12 0
14 5 15 13 0
14 5 15 14 0
14 5 15 15 0
14 6 0 0 0
14 6 0 1 0
14 6 0 2 0
14 6 0 3 0
14 6 0 4 0
14 6 0 5 0
14 6 0 6 0
14 6 0 7 0
14 6 0 8 0
14 6 0 9 0
14 6 0 10 0
14 6 0 11 0
14 6 0 12 0
14 6 0 13 0
14 6 0 14 0
14 6 0 15 0
14 6 1 0 0
14 6 1 1 0
14 6 1 2 0
14 6 1 3 0
14 6 1 4 0
14 6 1 5 0
14 6 1 6 0
14 6 1 7 0
14 6 1 8 0
14 6 1 9 0
14 6 1 10 0
14 6 1 11 0
14 6 1 12 0
14 6 1 13 0
14 6 1 14 0
14 6 1 15 0
14 6 2 0 0
14 6 2 1 0
14 6 2 2 0
14 6 2 3 0
14 6 2 4 0
14 6 2 5 0
14 6 2 6 0.02697253727729214
14 6 2 7 0
14 6 2 8 0
14 6 2 9 0
14 6 2 10 0
14 6 2 11 0
14 6 2 12 0
14 6 2 13 0.001735606171232518
14 6 2 14 0
14 6 2 15 0
14 6 3 0 0
14 6 3 1 0
14 6 3 2 0
14 6 3 3 0
14 6 3 4 0
14 6 3 5 0
14 6 3 6 0
14 6 3 7 0.005984087163049588
14 6 3 8 0
14 6 3 9 0
14 6 3 10 0
14 6 3 11 0
14 6 3 12 0
14 6 3 13 0
14 6 3 14 0
14 6 3 15 0
14 6 4 0 0
14 6 4 1 0
14 6 4 2 0
14 6 4 3 0
14 6 4 4 0
14 6 4 5 0
14 6 4 6 0
14 6 4 7 0
14 6 4 8 0
14 6 4 9 0
14 6 4 10 0
14 6 4 11 0
14 6 4 12 0
14 6 4 13 0
14 6 4 14 0
14 6 4 15 0
14 6 5 0 0
14 6 5 1 0
14 6 5 2 0
14 6 5 3 0
14 6 5 4 0
14 6 5 5 0
14 6 5 6 0
14 6 5 7 0
14 6 5 8 0
14 6 5 9 0
14 6 5 10 0
14 6 5 11 0
14 6 5 12 0
14 6 5 13 0
14 6 5 14 0
14 6 5 15 0
14 6 6 0 0
14 6 6 1 0
14 6 6 2 -0.00886707064648919
14 6 6 3 0
14 6 6 4 0
14 6 6 5 0
14 6 6 6 0
14 6 6 7 0
14 6 6 8 0
14 6 6 9 0
14 6 6 10 0
14 6 6 11 -1.735490966339769e-05
14 6 6 12 0
14 6 6 13 0
14 6 6 14 9.902718993800075e-05
14 6 6 15 0
14 6 7 0 0
14 6 7 1 0
14 6 7 2 0
14 6 7 3 0.002127591251836776
14 6 7 4 0
14 6 7 5 0
14 6 7 6 0
14 6 7 7 0
14 6 7 8 0
14 6 7 9 0
14 6 7 10 0
14 6 7 11 0
14 6 7 12 0
14 6 7 13 0
14 6 7 14 0
14 6 7 15 0
14 6 8 0 0
14 6 8 1 0
14 6 8 2 0
14 6 8 3 0
14 6 8 4 0
14 6 8 5 0
14 6 8 6 0
14 6 8 7 0
14 6 8 8 0
14 6 8 9 0
14 6 8 10 0
14 6 8 11 0
14 6 8 12 0
14 6 8 13 0
14 6 8 14 0
14 6 8 15 0
14 6 9 0 0
14 6 9 1 0
14 6 9 2 0
14 6 9 3 0
14 6 9 4 0
14 6 9 5 0
14 6 9 6 0
14 6 9 7 0
14 6 9 8 0
14 6 9 9 0
14 6 9 10 0
14 6 9 11 0
14 6 9 12 0
14 6 9 13 0
14 6 9 14 0
14 6 9 15 0
14 6 10 0 0
14 6 10 1 0
14 6 10 2 0
14 6 10 3 0
14 6 10 4 0
14 6 10 5 0
14 6 10 6 0
14 6 10 7 0
14 6 10 8 0
14 6 10 9 0
14 6 10 10 0
14 6 10 11 0
14 6 10 12 0
14 6 10 13 0
14 6 10 14 0
14 6 10 15 0
14 6 11 0 0
14 6 11 1 0
14 6 11 2 0
14 6 11 3 0
14 6 11 4 0
14 6 11 5 0
14 6 11 6 -0.000330678634116843
14 6 11 7 0
14 6 11 8 0
14 6 11 9 0
14 6 11 10 0
14 6 11 11 0
14 6 11 12 0
14 6 11 13 0
14 6 11 14 0
14 6 11 15 0
14 6 12 0 0
14 6 12 1 0
14 6 12 2 0
14 6 12 3 0
14 6 12 4 0
14 6 12 5 0
14 6 12 6 0
14 6 12 7 0
14 6 12 8 0
14 6 12 9 0
14 6 12 10 0
14 6 12 11 0
14 6 12 12 0
14 6 12 13 0
14 6 12 14 0
14 6 12 15 0
14 6 13 0 0
14 6 13 1 0
14 6 13 2 -0.0007832571792022944
14 6 13 3 0
14 6 13 4 0
14 6 13 5 0
14 6 13 6 0
14 6 13 7 0
14 6 13 8 0
14 6 13 9 0
14 6 13 10 0
14 6 13 11 0
14 6 13 12 0
14 6 13 13 0
14 6 13 14 0
14 6 13 15 0
14 6 14 0 0
14 6 14 1 0
14 6 14 2 0
14 6 14 3 0
14 6 14 4 0
14 6 14 5 0
14 6 14 6 0.0008396493892870167
14 6 14 7 0
14 6 14 8 0
14 6 14 9 0
14 6 14 10 0
14 6 14 11 0
14 6 14 12 0
14 6 14 13 0
14 6 14 14 0
14 6 14 15 0
14 6 15 0 0
14 6 15 1 0
14 6 15 2 0
14 6 15 3 0
14 6 15 4 0
14 6 15 5 0
14 6 15 6 0
14 6 15 7 0
14 6 15 8 0
14 6 15 9 0
14 6 15 10 0
14 6 15 11 0
14 6 15 12 0
14 6 15 13 0
14 6 15 14 0
14 6 15 15 0
14 7 0 0 0
14 7 0 1 0
14 7 0 2 0
14 7 0 3 0
14 7 0 4 0
14 7 0 5 0
14 7 0 6 0
14 7 0 7 0
14 7 0 8 0
14 7 0 9 0
14 7 0 10 0
14 7 0 11 0
14 7 0 12 0
14 7 0 13 0
14 7 0 14 0
14 7 0 15 0
14 7 1 0 0
14 7 1 1 0
14 7 1 2 0
14 7 1 3 0
14 7 1 4 0
14 7 1 5 0
14 7 1 6 0
14 7 1 7 0
14 7 1 8 0
14 7 1 9 0
14 7 1 10 0
14 7 1 11 0
14 7 1 12 0
14 7 1 13 0
14 7 1 14 0
14 7 1 15 0
14 7 2 0 0
14 7 2 1 0
14 7 2 2 0
14 7 2 3 0
14 7 2 4 0
14 7 2 5 0
14 7 2 6 0
14 7 2 7 0
14 7 2 8 0
14 7 2 9 0
14 7 2 10 0
14 7 2 11 0
14 7 2 12 0
14 7 2 13 0
14 7 2 14 0
14 7 2 15 0
14 7 3 0 0
14 7 3 1 0
14 7 3 2 0
14 7 3 3 0
14 7 3 4 0
14 7 3 5 0
14 7 3 6 0
14 7 3 7 0
14 7 3 8 0
14 7 3 9 0
14 7 3 10 0
14 7 3 11 0
14 7 3 12 0
14 7 3 13 0
14 7 3 14 0
14 7 3 15 0
14 7 4 0 0
14 7 4 1 0
14 7 4 2 0
14 7 4 3 0
14 7 4 4 0
14 7 4 5 0
14 7 4 6 0
14 7 4 7 0
14 7 4 8 0
14 7 4 9 0
14 7 4 10 0
14 7 4 11 0
14 7 4 12 0
14 7 4 13 0
14 7 4 14 0
14 7 4 15 0
14 7 5 0 0
14 7 5 1 0
14 7 5 2 0
14 7 5 3 0
14 7 5 4 0
14 7 5 5 0
14 7 5 6 0
14 7 5 7 0
14 7 5 8 0
14 7 5 9 0
14 7 5 10 0
14 7 5 11 0
14 7 5 12 0
14 7 5 13 0
14 7 5 14 0
14 7 5 15 0
14 7 6 0 0
14 7 6 1 0
14 7 6 2 0
14 7 6 3 0
14 7 6 4 0
14 7 6 5 0
14 7 6 6 0
14 7 6 7 0
14 7 6 8 0
14 7 6 9 0
14 7 6 10 0
14 7 6 11 0
14 7 6 12 0
14 7 6 13 0
14 7 6 14 0
14 7 6 15 0
14 7 7 0 0
14 7 7 1 0
14 7 7 2 0
14 7 7 3 0
14 7 7 4 0
14 7 7 5 0
14 7 7 6 0
14 7 7 7 0
14 7 7 8 0
14 7 7 9 0
14 7 7 10 0
14 7 7 11 0
14 7 7 12 0
14 7 7 13 0
14 7 7 14 0
14 7 7 15 0
14 7 8 0 0
14 7 8 1 0
14 7 8 2 0
14 7 8 3 0
14 7 8 4 0
14 7 8 5 0
14 7 8 6 0
14 7 8 7 0
14 7 8 8 0
14 7 8 9 0
14 7 8 10 0
14 7 8 11 0
14 7 8 12 0
14 7 8 13 0
14 7 8 14 0
14 7 8 15 0
14 7 9 0 0
14 7 9 1 0
14 7 9 2 0
14 7 9 3 0
14 7 9 4 0
14 7 9 5 0
14 7 9 6 0
14 7 9 7 0
14 7 9 8 0
14 7 9 9 0
14 7 9 10 0
14 7 9 11 0
14 7 9 12 0
14 7 9 13 0
14 7 9 14 0
14 7 9 15 0
14 7 10 0 0
14 7 10 1 0
14 7 10 2 0
14 7 10 3 0
14 7 10 4 0
14 7 10 5 0
14 7 10 6 0
14 7 10 7 0
14 7 10 8 0
14 7 10 9 0
14 7 10 10 0
14 7 10 11 0
14 7 10 12 0
14 7 10 13 0
14 7 10 14 0
14 7 10 15 0
14 7 11 0 0
14 7 11 1 0
14 7 11 2 0
14 7 11 3 0
14 7 11 4 0
14 7 11 5 0
14 7 11 6 0
14 7 11 7 0
14 7 11 8 0
14 7 11 9 0
14 7 11 10 0
14 7 11 11 0
14 7 11 12 0
14 7 11 13 0
14 7 11 14 0
14 7 11 15 0
14 7 12 0 0
14 7 12 1 0
14 7 12 2 0
14 7 12 3 0
14 7 12 4 0
14 7 12 5 0
14 7 12 6 0
14 7 12 7 0
14 7 12 8 0
14 7 12 9 0
14 7 12 10 0
14 7 12 11 0
14 7 12 12 0
14 7 12 13 0
14 7 12 14 0
14 7 12 15 0
14 7 13 0 0
14 7 13 1 0
14 7 13 2 0
14 7 13 3 0
14 7 13 4 0
14 7 13 5 0
14 7 13 6 0
14 7 13 7 0
14 7 13 8 0
14 7 13 9 0
14 7 13 10 0
14 7 13 11 0
14 7 13 12 0
14 7 13 13 0
14 7 13 14 0
14 7 13 15 0
14 7 14 0 0
14 7 14 1 0
14 7 14 2 0
14 7 14 3 0
14 7 14 4 0
14 7 14 5 0
14 7 14 6 0
14 7 14 7 0
14 7 14 8 0
14 7 14 9 0
14 7 14 10 0
14 7 14 11 0
14 7 14 12 0
14 7 14 13 0
14 7 14 14 0
14 7 14 15 0
14 7 15 0 0
14 7 15 1 0
14 7 15 2 0
14 7 15 3 0
14 7 15 4 0
14 7 15 5 0
14 7 15 6 0
14 7 15 7 0
14 7 15 8 0
14 7 15 9 0
14 7 15 10 0
14 7 15 11 0
14 7 15 12 0
14 7 15 13 0
14 7 15 14 0
14 7 15 15 0
14 8 0 0 0
14 8 0 1 0
14 8 0 2 0
14 8 0 3 0
14 8 0 4 0
14 8 0 5 0
14 8 0 6 0
14 8 0 7 0
14 8 0 8 0
14 8 0 9 0
14 8 0 10 0
14 8 0 11 0
14 8 0 12 0
14 8 0 13 0
14 8 0 14 0
14 8 0 15 0
14 8 1 0 0
14 8 1 1 0
14 8 1 2 0
14 8 1 3 0
14 8 1 4 0
14 8 1 5 0
14 8 1 6 0
14 8 1 7 0
14 8 1 8 0
14 8 1 9 0
14 8 1 10 0
14 8 1 11 0
14 8 1 12 0
14 8 1 13 0
14 8 1 14 0
14 8 1 15 0
14 8 2 0 0
14 8 2 1 0
14 8 2 2 0
14 8 2 3 0
14 8 2 4 0
14 8 2 5 0
14 8 2 6 0
14 8 2 7 0
14 8 2 8 0
14 8 2 9 0
14 8 2 10 0
14 8 2 11 0
14 8 2 12 0
14 8 2 13 0
14 8 2 14 0
14 8 2 15 0
14 8 3 0 0
14 8 3 1 0
14 8 3 2 0
14 8 3 3 0
14 8 3 4 0
14 8 3 5 0
14 8 3 6 0
14 8 3 7 0
14 8 3 8 0
14 8 3 9 0
14 8 3 10 0
14 8 3 11 0
14 8 3 12 0
14 8 3 13 0
14 8 3 14 0
14 8 3 15 0
14 8 4 0 0
14 8 4 1 0
14 8 4 2 0
14 8 4 3 0
14 8 4 4 0
14 8 4 5 0
14 8 4 6 0
14 8 4 7 0
14 8 4 8 0
14 8 4 9 0
14 8 4 10 0
14 8 4 11 0
14 8 4 12 0
14 8 4 13 0
14 8 4 14 0
14 8 4 15 0
14 8 5 0 0
14 8 5 1 0
14 8 5 2 0
14 8 5 3 0
14 8 5 4 0
14 8 5 5 0
14 8 5 6 0
14 8 5 7 0
14 8 5 8 0
14 8 5 9 0
14 8 5 10 0
14 8 5 11 0
14 8 5 12 0
14 8 5 13 0
14 8 5 14 0
14 8 5 15 0
14 8 6 0 0
14 8 6 1 0
14 8 6 2 0
14 8 6 3 0
14 8 6 4 0
14 8 6 5 0
14 8 6 6 0
14 8 6 7 0
14 8 6 8 0
14 8 6 9 0
14 8 6 10 0
14 8 6 11 0
14 8 6 12 0
14 8 6 13 0
14 8 6 14 0
14 8 6 15 0
14 8 7 0 0
14 8 7 1 0
14 8 7 2 0
14 8 7 3 0
14 8 7 4 0
14 8 7 5 0
14 8 7 6 0
14 8 7 7 0
14 8 7 8 0
14 8 7 9 0
14 8 7 10 0
14 8 7 11 0
14 8 7 12 0
14 8 7 13 0
14 8 7 14 0
14 8 7 15 0
14 8 8 0 0
14 8 8 1 0
14 8 8 2 0
14 8 8 3 0
14 8 8 4 0
14 8 8 5 0
14 8 8 6 0
14 8 8 7 0
14 8 8 8 0
14 8 8 9 0
14 8 8 10 0
14 8 8 11 0
14 8 8 12 0
14 8 8 13 0
14 8 8 14 0
14 8 8 15 0
14 8 9 0 0
14 8 9 1 0
14 8 9 2 0
14 8 9 3 0
14 8 9 4 0
14 8 9 5 0
14 8 9 6 0
14 8 9 7 0
14 8 9 8 0
14 8 9 9 0
14 8 9 10 0
14 8 9 11 0
14 8 9 12 0
14 8 9 13 0
14 8 9 14 0
14 8 9 15 0
14 8 10 0 0
14 8 10 1 0
14 8 10 2 0
14 8 10 3 0
14 8 10 4 0
14 8 10 5 0
14 8 10 6 0
14 8 10 7 0
14 8 10 8 0
14 8 10 9 0
14 8 10 10 0
14 8 10 11 0
14 8 10 12 0
14 8 10 13 0
14 8 10 14 0
14 8 10 15 0
14 8 11 0 0
14 8 11 1 0
14 8 11 2 0
14 8 11 3 0
14 8 11 4 0
14 8 11 5 0
14 8 11 6 0
14 8 11 7 0
14 8 11 8 0
14 8 11 9 0
14 8 11 10 0
14 8 11 11 0
14 8 11 12 0
14 8 11 13 0
14 8 11 14 0
14 8 11 15 0
14 8 12 0 0
14 8 12 1 0
14 8 12 2 0
14 8 12 3 0
14 8 12 4 0
14 8 12 5 0
14 8 12 6 0
14 8 12 7 0
14 8 12 8 0
14 8 12 9 0
14 8 12 10 0
14 8 12 11 0
14 8 12 12 0
14 8 12 13 0
14 8 12 14 0
14 8 12 15 0
14 8 13 0 0
14 8 13 1 0
14 8 13 2 0
14 8 13 3 0
14 8 13 4 0
14 8 13 5 0
14 8 13 6 0
14 8 13 7 0
14 8 13 8 0
14 8 13 9 0
14 8 13 10 0
14 8 13 11 0
14 8 13 12 0
14 8 13 13 0
14 8 13 14 0
14 8 13 15 0
14 8 14 0 0
14 8 14 1 0
14 8 14 2 0
14 8 14 3 0
14 8 14 4 0
14 8 14 5 0
14 8 14 6 0
14 8 14 7 0
14 8 14 8 0
14 8 14 9 0
14 8 14 10 0
14 8 14 11 0
14 8 14 12 0
14 8 14 13 0
14 8 14 14 0
14 8 14 15 0
14 8 15 0 0
14 8 15 1 0
14 8 15 2 0
14 8 15 3 0
14 8 15 4 0
14 8 15 5 0
14 8 15 6 0
14 8 15 7 0
14 8 15 8 0
14 8 15 9 0
14 8 15 10 0
14 8 15 11 0
14 8 15 12 0
14 8 15 13 0
14 8 15 14 0
14 8 15 15 0
14 9 0 0 0
14 9 0 1 0
14 9 0 2 0
14 9 0 3 0
14 9 0 4 0
14 9 0 5 0
14 9 0 6 0
14 9 0 7 0
14 9 0 8 0
14 9 0 9 0
14 9 0 10 0
14 9 0 11 0
14 9 0 12 0
14 9 0 13 0
14 9 0 14 0
14 9 0 15 0
14 9 1 0 0
14 9 1 1 0
14 9 1 2 0
14 9 1 3 0
14 9 1 4 0
14 9 1 5 0
14 9 1 6 0
14 9 1 7 0
14 9 1 8 0
14 9 1 9 0
14 9 1 10 0
14 9 1 11 0
14 9 1 12 0
14 9 1 13 0
14 9 1 14 0
14 9 1 15 0
14 9 2 0 0
14 9 2 1 0
14 9 2 2 0
14 9 2 3 0
14 9 2 4 0
14 9 2 5 0
14 9 2 6 0
14 9 2 7 0
14 9 2 8 0
14 9 2 9 0
14 9 2 10 0
14 9 2 11 0
14 9 2 12 0
14 9 2 13 0
14 9 2 14 0
14 9 2 15 0
14 9 3 0 0
14 9 3 1 0
14 9 3 2 0
14 9 3 3 0
14 9 3 4 0
14 9 3 5 0
14 9 3 6 0
14 9 3 7 0
14 9 3 8 0
14 9 3 9 0
14 9 3 10 0
14 9 3 11 0
14 9 3 12 0
14 9 3 13 0
14 9 3 14 0
14 9 3 15 0
14 9 4 0 0
14 9 4 1 0
14 9 4 2 0
14 9 4 3 0
14 9 4 4 0
14 9 4 5 0
14 9 4 6 0
14 9 4 7 0
14 9 4 8 0
14 9 4 9 0
14 9 4 10 0
14 9 4 11 0
14 9 4 12 0
14 9 4 13 0
14 9 4 14 0
14 9 4 15 0
14 9 5 0 0
14 9 5 1 0
14 9 5 2 0
14 9 5 3 0
14 9 5 4 0
14 9 5 5 0
14 9 5 6 0
14 9 5 7 0
14 9 5 8 0
14 9 5 9 0
14 9 5 10 0
14 9 5 11 0
14 9 5 12 0
14 9 5 13 0
14 9 5 14 0
14 9 5 15 0
14 9 6 0 0
14 9 6 1 0
14 9 6 2 0
14 9 6 3 0
14 9 6 4 0
14 9 6 5 0
14 9 6 6 0
14 9 6 7 0
14 9 6 8 0
14 9 6 9 0
14 9 6 10 0
14 9 6 11 0
14 9 6 12 0
14 9 6 13 0
14 9 6 14 0
14 9 6 15 0
14 9 7 0 0
14 9 7 1 0
14 9 7 2 0
14 9 7 3 0
14 9 7 4 0
14 9 7 5 0
14 9 7 6 0
14 9 7 7 0
14 9 7 8 0
14 9 7 9 0
14 9 7 10 0
14 9 7 11 0
14 9 7 12 0
14 9 7 13 0
14 9 7 14 0
14 9 7 15 0
14 9 8 0 0
14 9 8 1 0
14 9 8 2 0
14 9 8 3 0
14 9 8 4 0
14 9 8 5 0
14 9 8 6 0
14 9 8 7 0
14 9 8 8 0
14 9 8 9 0
14 9 8 10 0
14 9 8 11 0
14 9 8 12 0
14 9 8 13 0
14 9 8 14 0
14 9 8 15 0
14 9 9 0 0
14 9 9 1 0
14 9 9 2 0
14 9 9 3 0
14 9 9 4 0
14 9 9 5 0
14 9 9 6 0
14 9 9 7 0
14 9 9 8 0
14 9 9 9 0
14 9 9 10 0
14 9 9 11 0
14 9 9 12 0
14 9 9 13 0
14 9 9 14 0
14 9 9 15 0
14 9 10 0 0
14 9 10 1 0
14 9 10 2 0
14 9 10 3 0
14 9 10 4 0
14 9 10 5 0
14 9 10 6 0
14 9 10 7 0
14 9 10 8 0
14 9 10 9 0
14 9 10 10 0
14 9 10 11 0
14 9 10 12 0
14 9 10 13 0
14 9 10 14 0
14 9 10 15 0
14 9 11 0 0
14 9 11 1 0
14 9 11 2 0
14 9 11 3 0
14 9 11 4 0
14 9 11 5 0
14 9 11 6 0
14 9 11 7 0
14 9 11 8 0
14 9 11 9 0
14 9 11 10 0
14 9 11 11 0
14 9 11 12 0
14 9 11 13 0
14 9 11 14 0
14 9 11 15 0
14 9 12 0 0
14 9 12 1 0
14 9 12 2 0
14 9 12 3 0
14 9 12 4 0
14 9 12 5 0
14 9 12 6 0
14 9 12 7 0
14 9 12 8 0
14 9 12 9 0
14 9 12 10 0
14 9 12 11 0
14 9 12 12 0
14 9 12 13 0
14 9 12 14 0
14 9 12 15 0
14 9 13 0 0
14 9 13 1 0
14 9 13 2 0
14 9 13 3 0
14 9 13 4 0
14 9 13 5 0
14 9 13 6 0
14 9 13 7 0
14 9 13 8 0
14 9 13 9 0
14 9 13 10 0
14 9 13 11 0
14 9 13 12 0
14 9 13 13 0
14 9 13 14 0
14 9 13 15 0
14 9 14 0 0
14 9 14 1 0
14 9 14 2 0
14 9 14 3 0
14 9 14 4 0
14 9 14 5 0
14 9 14 6 0
14 9 14 7 0
14 9 14 8 0
14 9 14 9 0
14 9 14 10 0
14 9 14 11 0
14 9 14 12 0
14 9 14 13 0
14 9 14 14 0
14 9 14 15 0
14 9 15 0 0
14 9 15 1 0
14 9 15 2 0
14 9 15 3 0
14 9 15 4 0
14 9 15 5 0
14 9 15 6 0
14 9 15 7 0
14 9 15 8 0
14 9 15 9 0
14 9 15 10 0
14 9 15 11 0
14 9 15 12 0
14 9 15 13 0
14 9 15 14 0
14 9 15 15 0
14 10 0 0 0
14 10 0 1 0
14 10 0 2 0
14 10 0 3 0
14 10 0 4 0
14 10 0 5 0
14 10 0 6 0
14 10 0 7 0
14 10 0 8 0
14 10 0 9 0
14 10 0 10 0
14 10 0 11 0
14 10 0 12 0
14 10 0 13 0
14 10 0 14 0
14 10 0 15 0
14 10 1 0 0
14 10 1 1 0
14 10 1 2 0
14 10 1 3 0
14 10 1 4 0
14 10 1 5 0
14 10 1 6 0
14 10 1 7 0
14 10 1 8 0
14 10 1 9 0
14 10 1 10 0
14 10 1 11 0
14 10 1 12 0
14 10 1 13 0
14 10 1 14 0
14 10 1 15 0
14 10 2 0 0
14 10 2 1 0
14 10 2 2 0
14 10 2 3 0
14 10 2 4 0
14 10 2 5 0
14 10 2 6 0
14 10 2 7 0
14 10 2 8 0
14 10 2 9 0
14 10 2 10 0
14 10 2 11 0
14 10 2 12 0
14 10 2 13 0
14 10 2 14 0
14 10 2 15 0
14 10 3 0 0
14 10 3 1 0
14 10 3 2 0
14 10 3 3 0
14 10 3 4 0
14 10 3 5 0
14 10 3 6 0
14 10 3 7 0
14 10 3 8 0
14 10 3 9 0
14 10 3 10 0
14 10 3 11 0
14 10 3 12 0
14 10 3 13 0
14 10 3 14 0
14 10 3 15 0
14 10 4 0 0
14 10 4 1 0
14 10 4 2 0
14 10 4 3 0
14 10 4 4 0
14 10 4 5 0
14 10 4 6 0
14 10 4 7 0
14 10 4 8 0
14 10 4 9 0
14 10 4 10 0
14 10 4 11 0
14 10 4 12 0
14 10 4 13 0
14 10 4 14 0
14 10 4 15 0
14 10 5 0 0
14 10 5 1 0
14 10 5 2 0
14 10 5 3 0
14 10 5 4 0
14 10 5 5 0
14 10 5 6 0
14 10 5 7 0
14 10 5 8 0
14 10 5 9 0
14 10 5 10 0
14 10 5 11 0
14 10 5 12 0
14 10 5 13 0
14 10 5 14 0
14 10 5 15 0
14 10 6 0 0
14 10 6 1 0
14 10 6 2 0
14 10 6 3 0
14 10 6 4 0
14 10 6 5 0
14 10 6 6 0
14 10 6 7 0
14 10 6 8 0
14 10 6 9 0
14 10 6 10 0
14 10 6 11 0
14 10 6 12 0
14 10 6 13 0
14 10 6 14 0
14 10 6 15 0
14 10 7 0 0
14 10 7 1 0
14 10 7 2 0
14 10 7 3 0
14 10 7 4 0
14 10 7 5 0
14 10 7 6 0
14 10 7 7 0
14 10 7 8 0
14 10 7 9 0
14 10 7 10 0
14 10 7 11 0
14 10 7 12 0
14 10 7 13 0
14 10 7 14 0
14 10 7 15 0
14 10 8 0 0
14 10 8 1 0
14 10 8 2 0
14 10 8 3 0
14 10 8 4 0
14 10 8 5 0
14 10 8 6 0
14 10 8 7 0
14 10 8 8 0
14 10 8 9 0
14 10 8 10 0
14 10 8 11 0
14 10 8 12 0
14 10 8 13 0
14 10 8 14 0
14 10 8 15 0
14 10 9 0 0
14 10 9 1 0
14 10 9 2 0
14 10 9 3 0
14 10 9 4 0
14 10 9 5 0
14 10 9 6 0
14 10 9 7 0
14 10 9 8 0
14 10 9 9 0
14 10 9 10 0
14 10 9 11 0
14 10 9 12 0
14 10 9 13 0
14 10 9 14 0
14 10 9 15 0
14 10 10 0 0
14 10 10 1 0
14 10 10 2 0
14 10 10 3 0
14 10 10 4 0
14 10 10 5 0
14 10 10 6 0
14 10 10 7 0
14 10 10 8 0
14 10 10 9 0
14 10 10 10 0
14 10 10 11 0
14 10 10 12 0
14 10 10 13 0
14 10 10 14 0
14 10 10 15 0
14 10 11 0 0
14 10 11 1 0
14 10 11 2 0
14 10 11 3 0
14 10 11 4 0
14 10 11 5 0
14 10 11 6 0
14 10 11 7 0
14 10 11 8 0
14 10 11 9 0
14 10 11 10 0
14 10 11 11 0
14 10 11 12 0
14 10 11 13 0
14 10 11 14 0
14 10 11 15 0
14 10 12 0 0
14 10 12 1 0
14 10 12 2 0
14 10 12 3 0
14 10 12 4 0
14 10 12 5 0
14 10 12 6 0
14 10 12 7 0
14 10 12 8 0
14 10 12 9 0
14 10 12 10 0
14 10 12 11 0
14 10 12 12 0
14 10 12 13 0
14 10 12 14 0
14 10 12 15 0
14 10 13 0 0
14 10 13 1 0
14 10 13 2 0
14 10 13 3 0
14 10 13 4 0
14 10 13 5 0
14 10 13 6 0
14 10 13 7 0
14 10 13 8 0
14 10 13 9 0
14 10 13 10 0
14 10 13 11 0
14 10 13 12 0
14 10 13 13 0
14 10 13 14 0
14 10 13 15 0
14 10 14 0 0
14 10 14 1 0
14 10 14 2 0
14 10 14 3 0
14 10 14 4 0
14 10 14 5 0
14 10 14 6 0
14 10 14 7 0
14 10 14 8 0
14 10 14 9 0
14 10 14 10 0
14 10 14 11 0
14 10 14 12 0
14 10 14 13 0
14 10 14 14 0
14 10 14 15 0
14 10 15 0 0
14 10 15 1 0
14 10 15 2 0
14 10 15 3 0
14 10 15 4 0
14 10 15 5 0
14 10 15 6 0
14 10 15 7 0
14 10 15 8 0
14 10 15 9 0
14 10 15 10 0
14 10 15 11 0
14 10 15 12 0
14 10 15 13 0
14 10 15 14 0
14 10 15 15 0
14 11 0 0 0
14 11 0 1 0
14 11 0 2 0
14 11 0 3 0
14 11 0 4 0
14 11 0 5 0
14 11 0 6 0
14 11 0 7 0
14 11 0 8 0
14 11 0 9 0
14 11 0 10 0
14 11 0 11 0
14 11 0 12 0
14 11 0 13 0
14 11 0 14 0
14 11 0 15 0
14 11 1 0 0
14 11 1 1 0
14 11 1 2 0
14 11 1 3 0
14 11 1 4 0
14 11 1 5 0
14 11 1 6 0
14 11 1 7 0
14 11 1 8 0
14 11 1 9 0
14 11 1 10 0
14 11 1 11 0
14 11 1 12 0
14 11 1 13 0
14 11 1 14 0
14 11 1 15 0
14 11 2 0 0
14 11 2 1 0
14 11 2 2 0
14 11 2 3 0
14 11 2 4 0
14 11 2 5 0
14 11 2 6 0
14 11 2 7 0
14 11 2 8 0
14 11 2 9 0
14 11 2 10 0
14 11 2 11 0
14 11 2 12 0
14 11 2 13 0
14 11 2 14 0
14 11 2 15 0
14 11 3 0 0
14 11 3 1 0
14 11 3 2 0
14 11 3 3 0
14 11 3 4 0
14 11 3 5 0
14 11 3 6 0
14 11 3 7 0
14 11 3 8 0
14 11 3 9 0
14 11 3 10 0
14 11 3 11 0
14 11 3 12 0
14 11 3 13 0
14 11 3 14 0
14 11 3 15 0
14 11 4 0 0
14 11 4 1 0
14 11 4 2 0
14 11 4 3 0
14 11 4 4 0
14 11 4 5 0
14 11 4 6 0
14 11 4 7 0
14 11 4 8 0
14 11 4 9 0
14 11 4 10 0
14 11 4 11 0
14 11 4 12 0
14 11 4 13 0
14 11 4 14 0
14 11 4 15 0
14 11 5 0 0
14 11 5 1 0
14 11 5 2 0
14 11 5 3 0
14 11 5 4 0
14 11 5 5 0
14 11 5 6 0
14 11 5 7 0
14 11 5 8 0
14 11 5 9 0
14 11 5 10 0
14 11 5 11 0
14 11 5 12 0
14 11 5 13 0
14 11 5 14 0
14 11 5 15 0
14 11 6 0 0
14 11 6 1 0
14 11 6 2 0
14 11 6 3 0
14 11 6 4 0
14 11 6 5 0
14 11 6 6 0
14 11 6 7 0
14 11 6 8 0
14 11 6 9 0
14 11 6 10 0
14 11 6 11 0
14 11 6 12 0
14 11 6 13 0
14 11 6 14 0
14 11 6 15 0
14 11 7 0 0
14 11 7 1 0
14 11 7 2 0
14 11 7 3 0
14 11 7 4 0
14 11 7 5 0
14 11 7 6 0
14 11 7 7 0
14 11 7 8 0
14 11 7 9 0
14 11 7 10 0
14 11 7 11 0
14 11 7 12 0
14 11 7 13 0
14 11 7 14 0
14 11 7 15 0
14 11 8 0 0
14 11 8 1 0
14 11 8 2 0
14 11 8 3 0
14 11 8 4 0
14 11 8 5 0
14 11 8 6 0
14 11 8 7 0
14 11 8 8 0
14 11 8 9 0
14 11 8 10 0
14 11 8 11 0
14 11 8 12 0
14 11 8 13 0
14 11 8 14 0
14 11 8 15 0
14 11 9 0 0
14 11 9 1 0
14 11 9 2 0
14 11 9 3 0
14 11 9 4 0
14 11 9 5 0
14 11 9 6 0
14 11 9 7 0
14 11 9 8 0
14 11 9 9 0
14 11 9 10 0
14 11 9 11 0
14 11 9 12 0
14 11 9 13 0
14 11 9 14 0
14 11 9 15 0
14 11 10 0 0
14 11 10 1 0
14 11 10 2 0
14 11 10 3 0
14 11 10 4 0
14 11 10 5 0
14 11 10 6 0
14 11 10 7 0
14 11 10 8 0
14 11 10 9 0
14 11 10 10 0
14 11 10 11 0
14 11 10 12 0
14 11 10 13 0
14 11 10 14 0
14 11 10 15 0
14 11 11 0 0
14 11 11 1 0
14 11 11 2 0
14 11 11 3 0
14 11 11 4 0
14 11 11 5 0
14 11 11 6 0
14 11 11 7 0
14 11 11 8 0
14 11 11 9 0
14 11 11 10 0
14 11 11 11 0
14 11 11 12 0
14 11 11 13 0
14 11 11 14 0
14 11 11 15 0
14 11 12 0 0
14 11 12 1 0
14 11 12 2 0
14 11 12 3 0
14 11 12 4 0
14 11 12 5 0
14 11 12 6 0
14 11 12 7 0
14 11 12 8 0
14 11 12 9 0
14 11 12 10 0
14 11 12 11 0
14 11 12 12 0
14 11 12 13 0
14 11 12 14 0
14 11 12 15 0
14 11 13 0 0
14 11 13 1 0
14 11 13 2 0
14 11 13 3 0
14 11 13 4 0
14 11 13 5 0
14 11 13 6 0
14 11 13 7 0
14 11 13 8 0
14 11 13 9 0
14 11 13 10 0
14 11 13 11 0
14 11 13 12 0
14 11 13 13 0
14 11 13 14 0
14 11 13 15 0
14 11 14 0 0
14 11 14 1 0
14 11 14 2 0
14 11 14 3 0
14 11 14 4 0
14 11 14 5 0
14 11 14 6 0
14 11 14 7 0
14 11 14 8 0
14 11 14 9 0
14 11 14 10 0
14 11 14 11 0
14 11 14 12 0
14 11 14 13 0
14 11 14 14 0
14 11 14 15 0
14 11 15 0 0
14 11 15 1 0
14 11 15 2 0
14 11 15 3 0
14 11 15 4 0
14 11 15 5 0
14 11 15 6 0
14 11 15 7 0
14 11 15 8 0
14 11 15 9 0
14 11 15 10 0
14 11 15 11 0
14 11 15 12 0
14 11 15 13 0
14 11 15 14 0
14 11 15 15 0
14 12 0 0 0
14 12 0 1 0
14 12 0 2 0
14 12 0 3 0
14 12 0 4 0
14 12 0 5 0
14 12 0 6 0
14 12 0 7 0
14 12 0 8 0
14 12 0 9 0
14 12 0 10 0
14 12 0 11 0
14 12 0 12 0
14 12 0 13 0
14 12 0 14 0
14 12 0 15 0
14 12 1 0 0
14 12 1 1 0
14 12 1 2 0
14 12 1 3 0
14 12 1 4 0
14 12 1 5 0
14 12 1 6 0
14 12 1 7 0
14 12 1 8 0
14 12 1 9 0
14 12 1 10 0
14 12 1 11 0
14 12 1 12 0
14 12 1 13 0
14 12 1 14 0
14 12 1 15 0
14 12 2 0 0
14 12 2 1 0
14 12 2 2 0
14 12 2 3 0
14 12 2 4 0
14 12 2 5 0
14 12 2 6 0
14 12 2 7 0
14 12 2 8 0
14 12 2 9 0
14 12 2 10 0
14 12 2 11 0
14 12 2 12 0
14 12 2 13 0
14 12 2 14 0
14 12 2 15 0
14 12 3 0 0
14 12 3 1 0
14 12 3 2 0
14 12 3 3 0
14 12 3 4 0
14 12 3 5 0
14 12 3 6 0
14 12 3 7 0
14 12 3 8 0
14 12 3 9 0
14 12 3 10 0
14 12 3 11 0
14 12 3 12 0
14 12 3 13 0
14 12 3 14 0
14 12 3 15 0
14 12 4 0 0
14 12 4 1 0
14 12 4 2 0
14 12 4 3 0
14 12 4 4 0
14 12 4 5 0
14 12 4 6 0
14 12 4 7 0
14 12 4 8 0
14 12 4 9 0
14 12 4 10 0
14 12 4 11 0
14 12 4 12 0
14 12 4 13 0
14 12 4 14 0
14 12 4 15 0
14 12 5 0 0
14 12 5 1 0
14 12 5 2 0
14 12 5 3 0
14 12 5 4 0
14 12 5 5 0
14 12 5 6 0
14 12 5 7 0
14 12 5 8 0
14 12 5 9 0
14 12 5 10 0
14 12 5 11 0
14 12 5 12 0
14 12 5 13 0
14 12 5 14 0
14 12 5 15 0
14 12 6 0 0
14 12 6 1 0
14 12 6 2 0
14 12 6 3 0
14 12 6 4 0
14 12 6 5 0
14 12 6 6 0
14 12 6 7 0
14 12 6 8 0
14 12 6 9 0
14 12 6 10 0
14 12 6 11 0
14 12 6 12 0
14 12 6 13 0
14 12 6 14 0
14 12 6 15 0
14 12 7 0 0
14 12 7 1 0
14 12 7 2 0
14 12 7 3 0
14 12 7 4 0
14 12 7 5 0
14 12 7 6 0
14 12 7 7 0
14 12 7 8 0
14 12 7 9 0
14 12 7 10 0
14 12 7 11 0
14 12 7 12 0
14 12 7 13 0
14 12 7 14 0
14 12 7 15 0
14 12 8 0 0
14 12 8 1 0
14 12 8 2 0
14 12 8 3 0
14 12 8 4 0
14 12 8 5 0
14 12 8 6 0
14 12 8 7 0
14 12 8 8 0
14 12 8 9 0
14 12 8 10 0
14 12 8 11 0
14 12 8 12 0
14 12 8 13 0
14 12 8 14 0
14 12 8 15 0
14 12 9 0 0
14 12 9 1 0
14 12 9 2 0
14 12 9 3 0
14 12 9 4 0
14 12 9 5 0
14 12 9 6 0
14 12 9 7 0
14 12 9 8 0
14 12 9 9 0
14 12 9 10 0
14 12 9 11 0
14 12 9 12 0
14 12 9 13 0
14 12 9 14 0
14 12 9 15 0
14 12 10 0 0
14 12 10 1 0
14 12 10 2 0
14 12 10 3 0
14 12 10 4 0
14 12 10 5 0
14 12 10 6 0
14 12 10 7 0
14 12 10 8 0
14 12 10 9 0
14 12 10 10 0
14 12 10 11 0
14 12 10 12 0
14 12 10 13 0
14 12 10 14 0
14 12 10 15 0
14 12 11 0 0
14 12 11 1 0
14 12 11 2 0
14 12 11 3 0
14 12 11 4 0
14 12 11 5 0
14 12 11 6 0
14 12 11 7 0
14 12 11 8 0
14 12 11 9 0
14 12 11 10 0
14 12 11 11 0
14 12 11 12 0
14 12 11 13 0
14 12 11 14 0
14 12 11 15 0
14 12 12 0 0
14 12 12 1 0
14 12 12 2 0
14 12 12 3 0
14 12 12 4 0
14 12 12 5 0
14 12 12 6 0
14 12 12 7 0
14 12 12 8 0
14 12 12 9 0
14 12 12 10 0
14 12 12 11 0
14 12 12 12 0
14 12 12 13 0
14 12 12 14 0
14 12 12 15 0
14 12 13 0 0
14 12 13 1 0
14 12 13 2 0
14 12 13 3 0
14 12 13 4 0
14 12 13 5 0
14 12 13 6 0
14 12 13 7 0
14 12 13 8 0
14 12 13 9 0
14 12 13 10 0
14 12 13 11 0
14 12 13 12 0
14 12 13 13 0
14 12 13 14 0
14 12 13 15 0
14 12 14 0 0
14 12 14 1 0
14 12 14 2 0
14 12 14 3 0
14 12 14 4 0
14 12 14 5 0
14 12 14 6 0
14 12 14 7 0
14 12 14 8 0
14 12 14 9 0
14 12 14 10 0
14 12 14 11 0
14 12 14 12 0
14 12 14 13 0
14 12 14 14 0
14 12 14 15 0
14 12 15 0 0
14 12 15 1 0
14 12 15 2 0
14 12 15 3 0
14 12 15 4 0
14 12 15 5 0
14 12 15 6 0
14 12 15 7 0
14 12 15 8 0
14 12 15 9 0
14 12 15 10 0
14 12 15 11 0
14 12 15 12 0
14 12 15 13 0
14 12 15 14 0
14 12 15 15 0
14 13 0 0 0
14 13 0 1 0
14 13 0 2 0
14 13 0 3 0
14 13 0 4 0
14 13 0 5 0
14 13 0 6 0
14 13 0 7 0
14 13 0 8 0
14 13 0 9 0
14 13 0 10 0
14 13 0 11 0
14 13 0 12 0
14 13 0 13 0
14 13 0 14 0
14 13 0 15 0
14 13 1 0 0
14 13 1 1 0
14 13 1 2 0
14 13 1 3 0
14 13 1 4 0
14 13 1 5 0
14 13 1 6 0
14 13 1 7 0
14 13 1 8 0
14 13 1 9 0
14 13 1 10 0
14 13 1 11 0
14 13 1 12 0
14 13 1 13 0
14 13 1 14 0
14 13 1 15 0
14 13 2 0 0
14 13 2 1 0
14 13 2 2 0
14 13 2 3 0
14 13 2 4 0
14 13 2 5 0
14 13 2 6 0
14 13 2 7 0
14 13 2 8 0
14 13 2 9 0
14 13 2 10 0
14 13 2 11 0
14 13 2 12 0
14 13 2 13 0
14 13 2 14 0
14 13 2 15 0
14 13 3 0 0
14 13 3 1 0
14 13 3 2 0
14 13 3 3 0
14 13 3 4 0
14 13 3 5 0
14 13 3 6 0
14 13 3 7 0
14 13 3 8 0
14 13 3 9 0
14 13 3 10 0
14 13 3 11 0
14 13 3 12 0
14 13 3 13 0
14 13 3 14 0
14 13 3 15 0
14 13 4 0 0
14 13 4 1 0
14 13 4 2 0
14 13 4 3 0
14 13 4 4 0
14 13 4 5 0
14 13 4 6 0
14 13 4 7 0
14 13 4 8 0
14 13 4 9 0
14 13 4 10 0
14 13 4 11 0
14 13 4 12 0
14 13 4 13 0
14 13 4 14 0
14 13 4 15 0
14 13 5 0 0
14 13 5 1 0
14 13 5 2 0
14 13 5 3 0
14 13 5 4 0
14 13 5 5 0
14 13 5 6 0
14 13 5 7 0
14 13 5 8 0
14 13 5 9 0
14 13 5 10 0
14 13 5 11 0
14 13 5 12 0
14 13 5 13 0
14 13 5 14 0
14 13 5 15 0
14 13 6 0 0
14 13 6 1 0
14 13 6 2 0
14 13 6 3 0
14 13 6 4 0
14 13 6 5 0
14 13 6 6 0
14 13 6 7 0
14 13 6 8 0
14 13 6 9 0
14 13 6 10 0
14 13 6 11 0
14 13 6 12 0
14 13 6 13 0
14 13 6 14 0
14 13 6 15 0
14 13 7 0 0
14 13 7 1 0
14 13 7 2 0
14 13 7 3 0
14 13 7 4 0
14 13 7 5 0
14 13 7 6 0
14 13 7 7 0
14 13 7 8 0
14 13 7 9 0
14 13 7 10 0
14 13 7 11 0
14 13 7 12 0
14 13 7 13 0
14 13 7 14 0
14 13 7 15 0
14 13 8 0 0
14 13 8 1 0
14 13 8 2 0
14 13 8 3 0
14 13 8 4 0
14 13 8 5 0
14 13 8 6 0
14 13 8 7 0
14 13 8 8 0
14 13 8 9 0
14 13 8 10 0
14 13 8 11 0
14 13 8 12 0
14 13 8 13 0
14 13 8 14 0
14 13 8 15 0
14 13 9 0 0
14 13 9 1 0
14 13 9 2 0
14 13 9 3 0
14 13 9 4 0
14 13 9 5 0
14 13 9 6 0
14 13 9 7 0
14 13 9 8 0
14 13 9 9 0
14 13 9 10 0
14 13 9 11 0
14 13 9 12 0
14 13 9 13 0
14 13 9 14 0
14 13 9 15 0
14 13 10 0 0
14 13 10 1 0
14 13 10 2 0
14 13 10 3 0
14 13 10 4 0
14 13 10 5 0
14 13 10 6 0
14 13 10 7 0
14 13 10 8 0
14 13 10 9 0
14 13 10 10 0
14 13 10 11 0
14 13 10 12 0
14 13 10 13 0
14 13 10 14 0
14 13 10 15 0
14 13 11 0 0
14 13 11 1 0
14 13 11 2 0
14 13 11 3 0
14 13 11 4 0
14 13 11 5 0
14 13 11 6 0
14 13 11 7 0
14 13 11 8 0
14 13 11 9 0
14 13 11 10 0
14 13 11 11 0
14 13 11 12 0
14 13 11 13 0
14 13 11 14 0
14 13 11 15 0
14 13 12 0 0
14 13 12 1 0
14 13 12 2 0
14 13 12 3 0
14 13 12 4 0
14 13 12 5 0
14 13 12 6 0
14 13 12 7 0
14 13 12 8 0
14 13 12 9 0
14 13 12 10 0
14 13 12 11 0
14 13 12 12 0
14 13 12 13 0
14 13 12 14 0
14 13 12 15 0
14 13 13 0 0
14 13 13 1 0
14 13 13 2 0
14 13 13 3 0
14 13 13 4 0
14 13 13 5 0
14 13 13 6 0
14 13 13 7 0
14 13 13 8 0
14 13 13 9 0
14 13 13 10 0
14 13 13 11 0
14 13 13 12 0
14 13 13 13 0
14 13 13 14 0
14 13 13 15 0
14 13 14 0 0
14 13 14 1 0
14 13 14 2 0
14 13 14 3 0
14 13 14 4 0
14 13 14 5 0
14 13 14 6 0
14 13 14 7 0
14 13 14 8 0
14 13 14 9 0
14 13 14 10 0
14 13 14 11 0
14 13 14 12 0
14 13 14 13 0
14 13 14 14 0
14 13 14 15 0
14 13 15 0 0
14 13 15 1 0
14 13 15 2 0
14 13 15 3 0
14 13 15 4 0
14 13 15 5 0
14 13 15 6 0
14 13 15 7 0
14 13 15 8 0
14 13 15 9 0
14 13 15 10 0
14 13 15 11 0
14 13 15 12 0
14 13 15 13 0
14 13 15 14 0
14 13 15 15 0
14 14 0 0 0
14 14 0 1 0
14 14 0 2 0
14 14 0 3 0
14 14 0 4 0
14 14 0 5 0
14 14 0 6 0
14 14 0 7 0
14 14 0 8 0
14 14 0 9 0
14 14 0 10 0
14 14 0 11 0
14 14 0 12 0
14 14 0 13 0
14 14 0 14 0
14 14 0 15 0
14 14 1 0 0
14 14 1 1 0
14 14 1 2 0
14 14 1 3 0
14 14 1 4 0
14 14 1 5 0
14 14 1 6 0
14 14 1 7 0
14 14 1 8 0
14 14 1 9 0
14 14 1 10 0
14 14 1 11 0
14 14 1 12 0
14 14 1 13 0
14 14 1 14 0
14 14 1 15 0
14 14 2 0 0
14 14 2 1 0
14 14 2 2 0
14 14 2 3 0
14 14 2 4 0
14 14 2 5 0
14 14 2 6 0
14 14 2 7 0
14 14 2 8 0
14 14 2 9 0
14 14 2 10 0
14 14 2 11 0
14 14 2 12 0
14 14 2 13 0
14 14 2 14 0
14 14 2 15 0
14 14 3 0 0
14 14 3 1 0
14 14 3 2 0
14 14 3 3 0
14 14 3 4 0
14 14 3 5 0
14 14 3 6 0
14 14 3 7 0
14 14 3 8 0
14 14 3 9 0
14 14 3 10 0
14 14 3 11 0
14 14 3 12 0
14 14 3 13 0
14 14 3 14 0
14 14 3 15 0
14 14 4 0 0
14 14 4 1 0
14 14 4 2 0
14 14 4 3 0
14 14 4 4 0
14 14 4 5 0
14 14 4 6 0
14 14 4 7 0
14 14 4 8 0
14 14 4 9 0
14 14 4 10 0
14 14 4 11 0
14 14 4 12 0
14 14 4 13 0
14 14 4 14 0
14 14 4 15 0
14 14 5 0 0
14 14 5 1 0
14 14 5 2 0
14 14 5 3 0
14 14 5 4 0
14 14 5 5 0
14 14 5 6 0
14 14 5 7 0
14 14 5 8 0
14 14 5 9 0
14 14 5 10 0
14 14 5 11 0
14 14 5 12 0
14 14 5 13 0
14 14 5 14 0
14 14 5 15 0
14 14 6 0 0
14 14 6 1 0
14 14 6 2 0
14 14 6 3 0
14 14 6 4 0
14 14 6 5 0
14 14 6 6 0
14 14 6 7 0
14 14 6 8 0
14 14 6 9 0
14 14 6 10 0
14 14 6 11 0
14 14 6 12 0
14 14 6 13 0
14 14 6 14 0
14 14 6 15 0
14 14 7 0 0
14 14 7 1 0
14 14 7 2 0
14 14 7 3 0
14 14 7 4 0
14 14 7 5 0
14 14 7 6 0
14 14 7 7 0
14 14 7 8 0
14 14 7 9 0
14 14 7 10 0
14 14 7 11 0
14 14 7 12 0
14 14 7 13 0
14 14 7 14 0
14 14 7 15 0
14 14 8 0 0
14 14 8 1 0
14 14 8 2 0
14 14 8 3 0
14 14 8 4 0
14 14 8 5 0
14 14 8 6 0
14 14 8 7 0
14 14 8 8 0
14 14 8 9 0
14 14 8 10 0
14 14 8 11 0
14 14 8 12 0
14 14 8 13 0
14 14 8 14 0
14 14 8 15 0
14 14 9 0 0
14 14 9 1 0
14 14 9 2 0
14 14 9 3 0
14 14 9 4 0
14 14 9 5 0
14 14 9 6 0
14 14 9 7 0
14 14 9 8 0
14 14 9 9 0
14 14 9 10 0
14 14 9 11 0
14 14 9 12 0
14 14 9 13 0
14 14 9 14 0
14 14 9 15 0
14 14 10 0 0
14 14 10 1 0
14 14 10 2 0
14 14 10 3 0
14 14 10 4 0
14 14 10 5 0
14 14 10 6 0
14 14 10 7 0
14 14 10 8 0
14 14 10 9 0
14 14 10 10 0
14 14 10 11 0
14 14 10 12 0
14 14 10 13 0
14 14 10 14 0
14 14 10 15 0
14 14 11 0 0
14 14 11 1 0
14 14 11 2 0
14 14 11 3 0
14 14 11 4 0
14 14 11 5 0
14 14 11 6 0
14 14 11 7 0
14 14 11 8 0
14 14 11 9 0
14 14 11 10 0
14 14 11 11 0
14 14 11 12 0
14 14 11 13 0
14 14 11 14 0
14 14 11 15 0
14 14 12 0 0
14 14 12 1 0
14 14 12 2 0
14 14 12 3 0
14 14 12 4 0
14 14 12 5 0
14 14 12 6 0
14 14 12 7 0
14 14 12 8 0
14 14 12 9 0
14 14 12 10 0
14 14 12 11 0
14 14 12 12 0
14 14 12 13 0
14 14 12 14 0
14 14 12 15 0
14 14 13 0 0
14 14 13 1 0
14 14 13 2 0
14 14 13 3 0
14 14 13 4 0
14 14 13 5 0
14 14 13 6 0
14 14 13 7 0
14 14 13 8 0
14 14 13 9 0
14 14 13 10 0
14 14 13 11 0
14 14 13 12 0
14 14 13 13 0
14 14 13 14 0
14 14 13 15 0
14 14 14 0 0
14 14 14 1 0
14 14 14 2 0
14 14 14 3 0
14 14 14 4 0
14 14 14 5 0
14 14 14 6 0
14 14 14 7 0
14 14 14 8 0
14 14 14 9 0
14 14 14 10 0
14 14 14 11 0
14 14 14 12 0
14 14 14 13 0
14 14 14 14 0
14 14 14 15 0
14 14 15 0 0
14 14 15 1 0
14 14 15 2 0
14 14 15 3 0
14 14 15 4 0
14 14 15 5 0
14 14 15 6 0
14 14 15 7 0
14 14 15 8 0
14 14 15 9 0
14 14 15 10 0
14 14 15 11 0
14 14 15 12 0
14 14 15 13 0
14 14 15 14 0
14 14 15 15 0
14 15 0 0 0
14 15 0 1 0
14 15 0 2 0
14 15 0 3 0
14 15 0 4 0
14 15 0 5 0
14 15 0 6 0
14 15 0 7 0
14 15 0 8 0
14 15 0 9 0
14 15 0 10 0
14 15 0 11 0
14 15 0 12 0
14 15 0 13 0
14 15 0 14 0
14 15 0 15 0
14 15 1 0 0
14 15 1 1 0
14 15 1 2 0
14 15 1 3 0
14 15 1 4 0
14 15 1 5 0
14 15 1 6 0
14 15 1 7 0
14 15 1 8 0
14 15 1 9 0
14 15 1 10 0
14 15 1 11 0
14 15 1 12 0
14 15 1 13 0
14 15 1 14 0
14 15 1 15 0
14 15 2 0 0
14 15 2 1 0
14 15 2 2 0
14 15 2 3 0
14 15 2 4 0
14 15 2 5 0
14 15 2 6 0
14 15 2 7 0
14 15 2 8 0
14 15 2 9 0
14 15 2 10 0
14 15 2 11 0
14 15 2 12 0
14 15 2 13 0
14 15 2 14 0
14 15 2 15 0
14 15 3 0 0
14 15 3 1 0
14 15 3 2 0
14 15 3 3 0
14 15 3 4 0
14 15 3 5 0
14 15 3 6 0
14 15 3 7 0
14 15 3 8 0
14 15 3 9 0
14 15 3 10 0
14 15 3 11 0
14 15 3 12 0
14 15 3 13 0
14 15 3 14 0
14 15 3 15 0
14 15 4 0 0
14 15 4 1 0
14 15 4 2 0
14 15 4 3 0
14 15 4 4 0
14 15 4 5 0
14 15 4 6 0
14 15 4 7 0
14 15 4 8 0
14 15 4 9 0
14 15 4 10 0
14 15 4 11 0
14 15 4 12 0
14 15 4 13 0
14 15 4 14 0
14 15 4 15 0
14 15 5 0 0
14 15 5 1 0
14 15 5 2 0
14 15 5 3 0
14 15 5 4 0
14 15 5 5 0
14 15 5 6 0
14 15 5 7 0
14 15 5 8 0
14 15 5 9 0
14 15 5 10 0
14 15 5 11 0
14 15 5 12 0
14 15 5 13 0
14 15 5 14 0
14 15 5 15 0
14 15 6 0 0
14 15 6 1 0
14 15 6 2 0
14 15 6 3 0
14 15 6 4 0
14 15 6 5 0
14 15 6 6 0
14 15 6 7 0
14 15 6 8 0
14 15 6 9 0
14 15 6 10 0
14 15 6 11 0
14 15 6 12 0
14 15 6 13 0
14 15 6 14 0
14 15 6 15 0
14 15 7 0 0
14 15 7 1 0
14 15 7 2 0
14 15 7 3 0
14 15 7 4 0
14 15 7 5 0
14 15 7 6 0
14 15 7 7 0
14 15 7 8 0
14 15 7 9 0
14 15 7 10 0
14 15 7 11 0
14 15 7 12 0
14 15 7 13 0
14 15 7 14 0
14 15 7 15 0
14 15 8 0 0
14 15 8 1 0
14 15 8 2 0
14 15 8 3 0
14 15 8 4 0
14 15 8 5 0
14 15 8 6 0
14 15 8 7 0
14 15 8 8 0
14 15 8 9 0
14 15 8 10 0
14 15 8 11 0
14 15 8 12 0
14 15 8 13 0
14 15 8 14 0
14 15 8 15 0
14 15 9 0 0
14 15 9 1 0
14 15 9 2 0
14 15 9 3 0
14 15 9 4 0
14 15 9 5 0
14 15 9 6 0
14 15 9 7 0
14 15 9 8 0
14 15 9 9 0
14 15 9 10 0
14 15 9 11 0
14 15 9 12 0
14 15 9 13 0
14 15 9 14 0
14 15 9 15 0
14 15 10 0 0
14 15 10 1 0
14 15 10 2 0
14 15 10 3 0
14 15 10 4 0
14 15 10 5 0
14 15 10 6 0
14 15 10 7 0
14 15 10 8 0
14 15 10 9 0
14 15 10 10 0
14 15 10 11 0
14 15 10 12 0
14 15 10 13 0
14 15 10 14 0
14 15 10 15 0
14 15 11 0 0
14 15 11 1 0
14 15 11 2 0
14 15 11 3 0
14 15 11 4 0
14 15 11 5 0
14 15 11 6 0
14 15 11 7 0
14 15 11 8 0
14 15 11 9 0
14 15 11 10 0
14 15 11 11 0
14 15 11 12 0
14 15 11 13 0
14 15 11 14 0
14 15 11 15 0
14 15 12 0 0
14 15 12 1 0
14 15 12 2 0
14 15 12 3 0
14 15 12 4 0
14 15 12 5 0
14 15 12 6 0
14 15 12 7 0
14 15 12 8 0
14 15 12 9 0
14 15 12 10 0
14 15 12 11 0
14 15 12 12 0
14 15 12 13 0
14 15 12 14 0
14 15 12 15 0
14 15 13 0 0
14 15 13 1 0
14 15 13 2 0
14 15 13 3 0
14 15 13 4 0
14 15 13 5 0
14 15 13 6 0
14 15 13 7 0
14 15 13 8 0
14 15 13 9 0
14 15 13 10 0
14 15 13 11 0
14 15 13 12 0
14 15 13 13 0
14 15 13 14 0
14 15 13 15 0
14 15 14 0 0
14 15 14 1 0
14 15 14 2 0
14 15 14 3 0
14 15 14 4 0
14 15 14 5 0
14 15 14 6 0
14 15 14 7 0
14 15 14 8 0
14 15 14 9 0
14 15 14 10 0
14 15 14 11 0
14 15 14 12 0
14 15 14 13 0
14 15 14 14 0
14 15 14 15 0
14 15 15 0 0
14 15 15 1 0
14 15 15 2 0
14 15 15 3 0
14 15 15 4 0
14 15 15 5 0
14 15 15 6 0
14 15 15 7 0
14 15 15 8 0
14 15 15 9 0
14 15 15 10 0
14 15 15 11 0
14 15 15 12 0
14 15 15 13 0
14 15 15 14 0
14 15 15 15 0
15 0 0 0 0
15 0 0 1 -0.004941648595035663
15 0 0 2 0
15 0 0 3 0
15 0 0 4 0
15 0 0 5 0
15 0 0 6 0
15 0 0 7 0
15 0 0 8 0
15 0 0 9 0
15 0 0 10 0
15 0 0 11 0
15 0 0 12 0
15 0 0 13 0
15 0 0 14 0
15 0 0 15 -3.878191351582094e-05
15 0 1 0 0.009883297190071326
15 0 1 1 0
15 0 1 2 0
15 0 1 3 0
15 0 1 4 0
15 0 1 5 0
15 0 1 6 0
15 0 1 7 0
15 0 1 8 0
15 0 1 9 0
15 0 1 10 0
15 0 1 11 -6.078127133223018e-05
15 0 1 12 0
15 0 1 13 0
15 0 1 14 0
15 0 1 15 0
15 0 2 0 0
15 0 2 1 0
15 0 2 2 0
15 0 2 3 0
15 0 2 4 0
15 0 2 5 0
15 0 2 6 0
15 0 2 7 0
15 0 2 8 0
15 0 2 9 0
15 0 2 10 0
15 0 2 11 0
15 0 2 12 0
15 0 2 13 0
15 0 2 14 0
15 0 2 15 0
15 0 3 0 0
15 0 3 1 0
15 0 3 2 0
15 0 3 3 0
15 0 3 4 0
15 0 3 5 0
15 0 3 6 0
15 0 3 7 0
15 0 3 8 0
15 0 3 9 0
15 0 3 10 0
15 0 3 11 0
15 0 3 12 0
15 0 3 13 0
15 0 3 14 0
15 0 3 15 0
15 0 4 0 0
15 0 4 1 0
15 0 4 2 0
15 0 4 3 0
15 0 4 4 0
15 0 4 5 0
15 0 4 6 0
15 0 4 7 0
15 0 4 8 0
15 0 4 9 0
15 0 4 10 0
15 0 4 11 0
15 0 4 12 0
15 0 4 13 0
15 0 4 14 0
15 0 4 15 0
15 0 5 0 0
15 0 5 1 0
15 0 5 2 0
15 0 5 3 0
15 0 5 4 0
15 0 5 5 0
15 0 5 6 0
15 0 5 7 0
15 0 5 8 0
15 0 5 9 0
15 0 5 10 0
15 0 5 11 0
15 0 5 12 0
15 0 5 13 0
15 0 5 14 0
15 0 5 15 0
15 0 6 0 0
15 0 6 1 0
15 0 6 2 0
15 0 6 3 0
15 0 6 4 0
15 0 6 5 0
15 0 6 6 0
15 0 6 7 0
15 0 6 8 0
15 0 6 9 0
15 0 6 10 0
15 0 6 11 0
15 0 6 12 0
15 0 6 13 0
15 0 6 14 0
15 0 6 15 0
15 0 7 0 0
15 0 7 1 0
15 0 7 2 0
15 0 7 3 0
15 0 7 4 0
15 0 7 5 0
15 0 7 6 0
15 0 7 7 0
15 0 7 8 0
15 0 7 9 0
15 0 7 10 0
15 0 7 11 0
15 0 7 12 0
15 0 7 13 0
15 0 7 14 0
15 0 7 15 0
15 0 8 0 0
15 0 8 1 0
15 0 8 2 0
15 0 8 3 0
15 0 8 4 0
15 0 8 5 0
15 0 8 6 0
15 0 8 7 0
15 0 8 8 0
15 0 8 9 0
15 0 8 10 0
15 0 8 11 0
15 0 8 12 0
15 0 8 13 0
15 0 8 14 0
15 0 8 15 0
15 0 9 0 0
15 0 9 1 0
15 0 9 2 0
15 0 9 3 0
15 0 9 4 0
15 0 9 5 0
15 0 9 6 0
15 0 9 7 0
15 0 9 8 0
15 0 9 9 0
15 0 9 10 0
15 0 9 11 0
15 0 9 12 0
15 0 9 13 0
15 0 9 14 0
15 0 9 15 0
15 0 10 0 0
15 0 10 1 0
15 0 10 2 0
15 0 10 3 0
15 0 10 4 0
15 0 10 5 0
15 0 10 6 0
15 0 10 7 0
15 0 10 8 0
15 0 10 9 0
15 0 10 10 0
15 0 10 11 0
15 0 10 12 0
15 0 10 13 0
15 0 10 14 0
15 0 10 15 0
15 0 11 0 0
15 0 11 1 2.900536677955737e-05
15 0 11 2 0
15 0 11 3 0
15 0 11 4 0
15 0 11 5 0
15 0 11 6 0
15 0 11 7 0
15 0 11 8 0
15 0 11 9 0
15 0 11 10 0
15 0 11 11 0
15 0 11 12 0
15 0 11 13 0
15 0 11 14 0
15 0 11 15 0
15 0 12 0 0
15 0 12 1 0
15 0 12 2 0
15 0 12 3 0
15 0 12 4 0
15 0 12 5 0
15 0 12 6 0
15 0 12 7 0
15 0 12 8 0
15 0 12 9 0
15 0 12 10 0
15 0 12 11 0
15 0 12 12 0
15 0 12 13 0
15 0 12 14 0
15 0 12 15 0
15 0 13 0 0
15 0 13 1 0
15 0 13 2 0
15 0 13 3 0
15 0 13 4 0
15 0 13 5 0
15 0 13 6 0
15 0 13 7 0
15 0 13 8 0
15 0 13 9 0
15 0 13 10 0
15 0 13 11 0
15 0 13 12 0
15 0 13 13 0
15 0 13 14 0
15 0 13 15 0
15 0 14 0 0
15 0 14 1 0
15 0 14 2 0
15 0 14 3 0
15 0 14 4 0
15 0 14 5 0
15 0 14 6 0
15 0 14 7 0
15 0 14 8 0
15 0 14 9 0
15 0 14 10 0
15 0 14 11 0
15 0 14 12 0
15 0 14 13 0
15 0 14 14 0
15 0 14 15 0
15 0 15 0 7.756382703164188e-05
15 0 15 1 0
15 0 15 2 0
15 0 15 3 0
15 0 15 4 0
15 0 15 5 0
15 0 15 6 0
15 0 15 7 0
15 0 15 8 0
15 0 15 9 0
15 0 15 10 0
15 0 15 11 0
15 0 15 12 0
15 0 15 13 0
15 0 15 14 0
15 0 15 15 0
15 1 0 0 0
15 1 0 1 0
15 1 0 2 0
15 1 0 3 0
15 1 0 4 0
15 1 0 5 0
15 1 0 6 0
15 1 0 7 0
15 1 0 8 0
15 1 0 9 0
15 1 0 10 0
15 1 0 11 0
15 1 0 12 0
15 1 0 13 0
15 1 0 14 0
15 1 0 15 0
15 1 1 0 0
15 1 1 1 0.004941648595035663
15 1 1 2 0
15 1 1 3 0
15 1 1 4 0
15 1 1 5 0
15 1 1 6 0
15 1 1 7 0
15 1 1 8 0
15 1 1 9 0
15 1 1 10 0
15 1 1 11 0
15 1 1 12 0
15 1 1 13 0
15 1 1 14 0
15 1 1 15 3.647417002917067e-05
15 1 2 0 0
15 1 2 1 0
15 1 2 2 0
15 1 2 3 0
15 1 2 4 0
15 1 2 5 0
15 1 2 6 0
15 1 2 7 0
15 1 2 8 0
15 1 2 9 0
15 1 2 10 0
15 1 2 11 0
15 1 2 12 0
15 1 2 13 0
15 1 2 14 0
15 1 2 15 0
15 1 3 0 0
15 1 3 1 0
15 1 3 2 0
15 1 3 3 0
15 1 3 4 0
15 1 3 5 0
15 1 3 6 0
15 1 3 7 0
15 1 3 8 0
15 1 3 9 0
15 1 3 10 0
15 1 3 11 0
15 1 3 12 0
15 1 3 13 0
15 1 3 14 0
15 1 3 15 0
15 1 4 0 0
15 1 4 1 0
15 1 4 2 0
15 1 4 3 0
15 1 4 4 0
15 1 4 5 0
15 1 4 6 0
15 1 4 7 0
15 1 4 8 0
15 1 4 9 0
15 1 4 10 0
15 1 4 11 0
15 1 4 12 0
15 1 4 13 0
15 1 4 14 0
15 1 4 15 0
15 1 5 0 0
15 1 5 1 0
15 1 5 2 0
15 1 5 3 0
15 1 5 4 0
15 1 5 5 0
15 1 5 6 0
15 1 5 7 0
15 1 5 8 0
15 1 5 9 0
15 1 5 10 0
15 1 5 11 0
15 1 5 12 0
15 1 5 13 0
15 1 5 14 0
15 1 5 15 0
15 1 6 0 0
15 1 6 1 0
15 1 6 2 0
15 1 6 3 0
15 1 6 4 0
15 1 6 5 0
15 1 6 6 0
15 1 6 7 0
15 1 6 8 0
15 1 6 9 0
15 1 6 10 0
15 1 6 11 0
15 1 6 12 0
15 1 6 13 0
15 1 6 14 0
15 1 6 15 0
15 1 7 0 0
15 1 7 1 0
15 1 7 2 0
15 1 7 3 0
15 1 7 4 0
15 1 7 5 0
15 1 7 6 0
15 1 7 7 0
15 1 7 8 0
15 1 7 9 0
15 1 7 10 0
15 1 7 11 0
15 1 7 12 0
15 1 7 13 0
15 1 7 14 0
15 1 7 15 0
15 1 8 0 0
15 1 8 1 0
15 1 8 2 0
15 1 8 3 0
15 1 8 4 0
15 1 8 5 0
15 1 8 6 0
15 1 8 7 0
15 1 8 8 0
15 1 8 9 0
15 1 8 10 0
15 1 8 11 0
15 1 8 12 0
15 1 8 13 0
15 1 8 14 0
15 1 8 15 0
15 1 9 0 0
15 1 9 1 0
15 1 9 2 0
15 1 9 3 0
15 1 9 4 0
15 1 9 5 0
15 1 9 6 0
15 1 9 7 0
15 1 9 8 0
15 1 9 9 0
15 1 9 10 0
15 1 9 11 0
15 1 9 12 0
15 1 9 13 0
15 1 9 14 0
15 1 9 15 0
15 1 10 0 0
15 1 10 1 0
15 1 10 2 0
15 1 10 3 0
15 1 10 4 0
15 1 10 5 0
15 1 10 6 0
15 1 10 7 0
15 1 10 8 0
15 1 10 9 0
15 1 10 10 0
15 1 10 11 0
15 1 10 12 0
15 1 10 13 0
15 1 10 14 0
15 1 10 15 0
15 1 11 0 0
15 1 11 1 0
15 1 11 2 0
15 1 11 3 0
15 1 11 4 0
15 1 11 5 0
15 1 11 6 0
15 1 11 7 0
15 1 11 8 0
15 1 11 9 0
15 1 11 10 0
15 1 11 11 0
15 1 11 12 0
15 1 11 13 0
15 1 11 14 0
15 1 11 15 0
15 1 12 0 0
15 1 12 1 0
15 1 12 2 0
15 1 12 3 0
15 1 12 4 0
15 1 12 5 0
15 1 12 6 0
15 1 12 7 0
15 1 12 8 0
15 1 12 9 0
15 1 12 10 0
15 1 12 11 0
15 1 12 12 0
15 1 12 13 0
15 1 12 14 0
15 1 12 15 0
15 1 13 0 0
15 1 13 1 0
15 1 13 2 0
15 1 13 3 0
15 1 13 4 0
15 1 13 5 0
15 1 13 6 0
15 1 13 7 0
15 1 13 8 0
15 1 13 9 0
15 1 13 10 0
15 1 13 11 0
15 1 13 12 0
15 1 13 13 0
15 1 13 14 0
15 1 13 15 0
15 1 14 0 0
15 1 14 1 0
15 1 14 2 0
15 1 14 3 0
15 1 14 4 0
15 1 14 5 0
15 1 14 6 0
15 1 14 7 0
15 1 14 8 0
15 1 14 9 0
15 1 14 10 0
15 1 14 11 0
15 1 14 12 0
15 1 14 13 0
15 1 14 14 0
15 1 14 15 0
15 1 15 0 0
15 1 15 1 3.878191351582094e-05
15 1 15 2 0
15 1 15 3 0
15 1 15 4 0
15 1 15 5 0
15 1 15 6 0
15 1 15 7 0
15 1 15 8 0
15 1 15 9 0
15 1 15 10 0
15 1 15 11 0
15 1 15 12 0
15 1 15 13 0
15 1 15 14 0
15 1 15 15 0
15 2 0 0 0
15 2 0 1 0
15 2 0 2 0
15 2 0 3 0
15 2 0 4 0
15 2 0 5 0
15 2 0 6 0
15 2 0 7 0
15 2 0 8 0
15 2 0 9 0
15 2 0 10 0
15 2 0 11 0
15 2 0 12 0
15 2 0 13 0
15 2 0 14 0
15 2 0 15 0
15 2 1 0 0
15 2 1 1 0
15 2 1 2 0.009883297190071326
15 2 1 3 0
15 2 1 4 0
15 2 1 5 0
15 2 1 6 0
15 2 1 7 0
15 2 1 8 0
15 2 1 9 0
15 2 1 10 0
15 2 1 11 -0.0001659109672231864
15 2 1 12 0
15 2 1 13 0
15 2 1 14 0.0002507715733718911
15 2 1 15 0
15 2 2 0 0
15 2 2 1 -0.004941648595035663
15 2 2 2 0
15 2 2 3 0
15 2 2 4 0
15 2 2 5 0
15 2 2 6 0
15 2 2 7 0
15 2 2 8 0
15 2 2 9 0
15 2 2 10 0
15 2 2 11 0
15 2 2 12 0
15 2 2 13 0
15 2 2 14 0
15 2 2 15 -3.878191351582094e-05
15 2 3 0 0
15 2 3 1 0
15 2 3 2 0
15 2 3 3 0
15 2 3 4 0
15 2 3 5 0
15 2 3 6 0
15 2 3 7 0
15 2 3 8 0
15 2 3 9 0
15 2 3 10 0
15 2 3 11 0
15 2 3 12 0
15 2 3 13 0
15 2 3 14 0
15 2 3 15 0
15 2 4 0 0
15 2 4 1 0
15 2 4 2 0
15 2 4 3 0
15 2 4 4 0
15 2 4 5 0
15 2 4 6 0
15 2 4 7 0
15 2 4 8 0
15 2 4 9 0
15 2 4 10 0
15 2 4 11 0
15 2 4 12 0
15 2 4 13 0
15 2 4 14 0
15 2 4 15 0
15 2 5 0 0
15 2 5 1 0
15 2 5 2 0
15 2 5 3 0
15 2 5 4 0
15 2 5 5 0
15 2 5 6 0
15 2 5 7 0
15 2 5 8 0
15 2 5 9 0
15 2 5 10 0
15 2 5 11 0
15 2 5 12 0
15 2 5 13 0
15 2 5 14 0
15 2 5 15 0
15 2 6 0 0
15 2 6 1 0
15 2 6 2 0
15 2 6 3 0
15 2 6 4 0
15 2 6 5 0
15 2 6 6 0
15 2 6 7 0
15 2 6 8 0
15 2 6 9 0
15 2 6 10 0
15 2 6 11 0
15 2 6 12 0
15 2 6 13 0
15 2 6 14 0
15 2 6 15 0
15 2 7 0 0
15 2 7 1 0
15 2 7 2 0
15 2 7 3 0
15 2 7 4 0
15 2 7 5 0
15 2 7 6 0
15 2 7 7 0
15 2 7 8 0
15 2 7 9 0
15 2 7 10 0
15 2 7 11 0
15 2 7 12 0
15 2 7 13 0
15 2 7 14 0
15 2 7 15 0
15 2 8 0 0
15 2 8 1 0
15 2 8 2 0
15 2 8 3 0
15 2 8 4 0
15 2 8 5 0
15 2 8 6 0
15 2 8 7 0
15 2 8 8 0
15 2 8 9 0
15 2 8 10 0
15 2 8 11 0
15 2 8 12 0
15 2 8 13 0
15 2 8 14 0
15 2 8 15 0
15 2 9 0 0
15 2 9 1 0
15 2 9 2 0
15 2 9 3 0
15 2 9 4 0
15 2 9 5 0
15 2 9 6 0
15 2 9 7 0
15 2 9 8 0
15 2 9 9 0
15 2 9 10 0
15 2 9 11 0
15 2 9 12 0
15 2 9 13 0
15 2 9 14 0
15 2 9 15 0
15 2 10 0 0
15 2 10 1 0
15 2 10 2 0
15 2 10 3 0
15 2 10 4 0
15 2 10 5 0
15 2 10 6 0
15 2 10 7 0
15 2 10 8 0
15 2 10 9 0
15 2 10 10 0
15 2 10 11 0
15 2 10 12 0
15 2 10 13 0
15 2 10 14 0
15 2 10 15 0
15 2 11 0 0
15 2 11 1 7.966578236556782e-05
15 2 11 2 0
15 2 11 3 0
15 2 11 4 0
15 2 11 5 0
15 2 11 6 0
15 2 11 7 0
15 2 11 8 0
15 2 11 9 0
15 2 11 10 0
15 2 11 11 0
15 2 11 12 0
15 2 11 13 0
15 2 11 14 0
15 2 11 15 0
15 2 12 0 0
15 2 12 1 0
15 2 12 2 0
15 2 12 3 0
15 2 12 4 0
15 2 12 5 0
15 2 12 6 0
15 2 12 7 0
15 2 12 8 0
15 2 12 9 0
15 2 12 10 0
15 2 12 11 0
15 2 12 12 0
15 2 12 13 0
15 2 12 14 0
15 2 12 15 0
15 2 13 0 0
15 2 13 1 0
15 2 13 2 0
15 2 13 3 0
15 2 13 4 0
15 2 13 5 0
15 2 13 6 0
15 2 13 7 0
15 2 13 8 0
15 2 13 9 0
15 2 13 10 0
15 2 13 11 0
15 2 13 12 0
15 2 13 13 0
15 2 13 14 0
15 2 13 15 0
15 2 14 0 0
15 2 14 1 -0.000112628817888764
15 2 14 2 0
15 2 14 3 0
15 2 14 4 0
15 2 14 5 0
15 2 14 6 0
15 2 14 7 0
15 2 14 8 0
15 2 14 9 0
15 2 14 10 0
15 2 14 11 0
15 2 14 12 0
15 2 14 13 0
15 2 14 14 0
15 2 14 15 0
15 2 15 0 0
15 2 15 1 0
15 2 15 2 7.756382703164188e-05
15 2 15 3 0
15 2 15 4 0
15 2 15 5 0
15 2 15 6 0
15 2 15 7 0
15 2 15 8 0
15 2 15 9 0
15 2 15 10 0
15 2 15 11 0
15 2 15 12 0
15 2 15 13 0
15 2 15 14 0
15 2 15 15 0
15 3 0 0 0
15 3 0 1 0
15 3 0 2 0
15 3 0 3 0
15 3 0 4 0
15 3 0 5 0
15 3 0 6 0
15 3 0 7 0
15 3 0 8 0
15 3 0 9 0
15 3 0 10 0
15 3 0 11 0
15 3 0 12 0
15 3 0 13 0
15 3 0 14 0
15 3 0 15 0
15 3 1 0 0
15 3 1 1 0
15 3 1 2 0
15 3 1 3 0.004941648595035663
15 3 1 4 0
15 3 1 5 0
15 3 1 6 0
15 3 1 7 0
15 3 1 8 0.0003575873182041903
15 3 1 9 0
15 3 1 10 0
15 3 1 11 0
15 3 1 12 0
15 3 1 13 0
15 3 1 14 0
15 3 1 15 0
15 3 2 0 0
15 3 2 1 0
15 3 2 2 0
15 3 2 3 0
15 3 2 4 0
15 3 2 5 0
15 3 2 6 0
15 3 2 7 0
15 3 2 8 0
15 3 2 9 0
15 3 2 10 0
15 3 2 11 0
15 3 2 12 0
15 3 2 13 0
15 3 2 14 0
15 3 2 15 0
15 3 3 0 0
15 3 3 1 -0.002038057684582475
15 3 3 2 0
15 3 3 3 0
15 3 3 4 0
15 3 3 5 0
15 3 3 6 0
15 3 3 7 0
15 3 3 8 0
15 3 3 9 0
15 3 3 10 0
15 3 3 11 0
15 3 3 12 0
15 3 3 13 0
15 3 3 14 0
15 3 3 15 -1.235053699152742e-05
15 3 4 0 0
15 3 4 1 0
15 3 4 2 0
15 3 4 3 0
15 3 4 4 0
15 3 4 5 0
15 3 4 6 0
15 3 4 7 0
15 3 4 8 0
15 3 4 9 0
15 3 4 10 0
15 3 4 11 0
15 3 4 12 0
15 3 4 13 0
15 3 4 14 0
15 3 4 15 0
15 3 5 0 0
15 3 5 1 0
15 3 5 2 0
15 3 5 3 0
15 3 5 4 0
15 3 5 5 0
15 3 5 6 0
15 3 5 7 0
15 3 5 8 0
15 3 5 9 0
15 3 5 10 0
15 3 5 11 0
15 3 5 12 0
15 3 5 13 0
15 3 5 14 0
15 3 5 15 0
15 3 6 0 0
15 3 6 1 0
15 3 6 2 0
15 3 6 3 0
15 3 6 4 0
15 3 6 5 0
15 3 6 6 0
15 3 6 7 0
15 3 6 8 0
15 3 6 9 0
15 3 6 10 0
15 3 6 11 0
15 3 6 12 0
15 3 6 13 0
15 3 6 14 0
15 3 6 15 0
15 3 7 0 0
15 3 7 1 0
15 3 7 2 0
15 3 7 3 0
15 3 7 4 0
15 3 7 5 0
15 3 7 6 0
15 3 7 7 0
15 3 7 8 0
15 3 7 9 0
15 3 7 10 0
15 3 7 11 0
15 3 7 12 0
15 3 7 13 0
15 3 7 14 0
15 3 7 15 0
15 3 8 0 0
15 3 8 1 -0.0001381423102587397
15 3 8 2 0
15 3 8 3 0
15 3 8 4 0
15 3 8 5 0
15 3 8 6 0
15 3 8 7 0
15 3 8 8 0
15 3 8 9 0
15 3 8 10 0
15 3 8 11 0
15 3 8 12 0
15 3 8 13 0
15 3 8 14 0
15 3 8 15 0
15 3 9 0 0
15 3 9 1 0
15 3 9 2 0
15 3 9 3 0
15 3 9 4 0
15 3 9 5 0
15 3 9 6 0
15 3 9 7 0
15 3 9 8 0
15 3 9 9 0
15 3 9 10 0
15 3 9 11 0
15 3 9 12 0
15 3 9 13 0
15 3 9 14 0
15 3 9 15 0
15 3 10 0 0
15 3 10 1 0
15 3 10 2 0
15 3 10 3 0
15 3 10 4 0
15 3 10 5 0
15 3 10 6 0
15 3 10 7 0
15 3 10 8 0
15 3 10 9 0
15 3 10 10 0
15 3 10 11 0
15 3 10 12 0
15 3 10 13 0
15 3 10 14 0
15 3 10 15 0
15 3 11 0 0
15 3 11 1 0
15 3 11 2 0
15 3 11 3 0
15 3 11 4 0
15 3 11 5 0
15 3 11 6 0
15 3 11 7 0
15 3 11 8 0
15 3 11 9 0
15 3 11 10 0
15 3 11 11 0
15 3 11 12 0
15 3 11 13 0
15 3 11 14 0
15 3 11 15 0
15 3 12 0 0
15 3 12 1 0
15 3 12 2 0
15 3 12 3 0
15 3 12 4 0
15 3 12 5 0
15 3 12 6 0
15 3 12 7 0
15 3 12 8 0
15 3 12 9 0
15 3 12 10 0
15 3 12 11 0
15 3 12 12 0
15 3 12 13 0
15 3 12 14 0
15 3 12 15 0
15 3 13 0 0
15 3 13 1 0
15 3 13 2 0
15 3 13 3 0
15 3 13 4 0
15 3 13 5 0
15 3 13 6 0
15 3 13 7 0
15 3 13 8 0
15 3 13 9 0
15 3 13 10 0
15 3 13 11 0
15 3 13 12 0
15 3 13 13 0
15 3 13 14 0
15 3 13 15 0
15 3 14 0 0
15 3 14 1 0
15 3 14 2 0
15 3 14 3 0
15 3 14 4 0
15 3 14 5 0
15 3 14 6 0
15 3 14 7 0
15 3 14 8 0
15 3 14 9 0
15 3 14 10 0
15 3 14 11 0
15 3 14 12 0
15 3 14 13 0
15 3 14 14 0
15 3 14 15 0
15 3 15 0 0
15 3 15 1 0
15 3 15 2 0
15 3 15 3 3.878191351582094e-05
15 3 15 4 0
15 3 15 5 0
15 3 15 6 0
15 3 15 7 0
15 3 15 8 0
15 3 15 9 0
15 3 15 10 0
15 3 15 11 0
15 3 15 12 0
15 3 15 13 0
15 3 15 14 0
15 3 15 15 0
15 4 0 0 0
15 4 0 1 0
15 4 0 2 0
15 4 0 3 0
15 4 0 4 0
15 4 0 5 0
15 4 0 6 0
15 4 0 7 0
15 4 0 8 0
15 4 0 9 0
15 4 0 10 0
15 4 0 11 0
15 4 0 12 0
15 4 0 13 0
15 4 0 14 0
15 4 0 15 0
15 4 1 0 0
15 4 1 1 0
15 4 1 2 0
15 4 1 3 0
15 4 1 4 0.004941648595035663
15 4 1 5 0
15 4 1 6 0
15 4 1 7 0
15 4 1 8 0
15 4 1 9 0.0003510279668844348
15 4 1 10 0
15 4 1 11 0
15 4 1 12 0
15 4 1 13 0
15 4 1 14 0
15 4 1 15 0
15 4 2 0 0
15 4 2 1 0
15 4 2 2 0
15 4 2 3 0
15 4 2 4 0
15 4 2 5 0
15 4 2 6 0
15 4 2 7 0
15 4 2 8 0
15 4 2 9 0
15 4 2 10 0
15 4 2 11 0
15 4 2 12 0
15 4 2 13 0
15 4 2 14 0
15 4 2 15 0
15 4 3 0 0
15 4 3 1 0
15 4 3 2 0
15 4 3 3 0
15 4 3 4 0
15 4 3 5 0
15 4 3 6 0
15 4 3 7 0
15 4 3 8 0
15 4 3 9 0
15 4 3 10 0
15 4 3 11 0
15 4 3 12 0
15 4 3 13 0
15 4 3 14 0
15 4 3 15 0
15 4 4 0 0
15 4 4 1 -0.002074680166535674
15 4 4 2 0
15 4 4 3 0
15 4 4 4 0
15 4 4 5 0
15 4 4 6 0
15 4 4 7 0
15 4 4 8 0
15 4 4 9 0
15 4 4 10 0
15 4 4 11 0
15 4 4 12 0
15 4 4 13 0
15 4 4 14 0
15 4 4 15 -1.298040917251762e-05
15 4 5 0 0
15 4 5 1 0
15 4 5 2 0
15 4 5 3 0
15 4 5 4 0
15 4 5 5 0
15 4 5 6 0
15 4 5 7 0
15 4 5 8 0
15 4 5 9 0
15 4 5 10 0
15 4 5 11 0
15 4 5 12 0
15 4 5 13 0
15 4 5 14 0
15 4 5 15 0
15 4 6 0 0
15 4 6 1 0
15 4 6 2 0
15 4 6 3 0
15 4 6 4 0
15 4 6 5 0
15 4 6 6 0
15 4 6 7 0
15 4 6 8 0
15 4 6 9 0
15 4 6 10 0
15 4 6 11 0
15 4 6 12 0
15 4 6 13 0
15 4 6 14 0
15 4 6 15 0
15 4 7 0 0
15 4 7 1 0
15 4 7 2 0
15 4 7 3 0
15 4 7 4 0
15 4 7 5 0
15 4 7 6 0
15 4 7 7 0
15 4 7 8 0
15 4 7 9 0
15 4 7 10 0
15 4 7 11 0
15 4 7 12 0
15 4 7 13 0
15 4 7 14 0
15 4 7 15 0
15 4 8 0 0
15 4 8 1 0
15 4 8 2 0
15 4 8 3 0
15 4 8 4 0
15 4 8 5 0
15 4 8 6 0
15 4 8 7 0
15 4 8 8 0
15 4 8 9 0
15 4 8 10 0
15 4 8 11 0
15 4 8 12 0
15 4 8 13 0
15 4 8 14 0
15 4 8 15 0
15 4 9 0 0
15 4 9 1 -0.0001351613718222473
15 4 9 2 0
15 4 9 3 0
15 4 9 4 0
15 4 9 5 0
15 4 9 6 0
15 4 9 7 0
15 4 9 8 0
15 4 9 9 0
15 4 9 10 0
15 4 9 11 0
15 4 9 12 0
15 4 9 13 0
15 4 9 14 0
15 4 9 15 0
15 4 10 0 0
15 4 10 1 0
15 4 10 2 0
15 4 10 3 0
15 4 10 4 0
15 4 10 5 0
15 4 10 6 0
15 4 10 7 0
15 4 10 8 0
15 4 10 9 0
15 4 10 10 0
15 4 10 11 0
15 4 10 12 0
15 4 10 13 0
15 4 10 14 0
15 4 10 15 0
15 4 11 0 0
15 4 11 1 0
15 4 11 2 0
15 4 11 3 0
15 4 11 4 0
15 4 11 5 0
15 4 11 6 0
15 4 11 7 0
15 4 11 8 0
15 4 11 9 0
15 4 11 10 0
15 4 11 11 0
15 4 11 12 0
15 4 11 13 0
15 4 11 14 0
15 4 11 15 0
15 4 12 0 0
15 4 12 1 0
15 4 12 2 0
15 4 12 3 0
15 4 12 4 0
15 4 12 5 0
15 4 12 6 0
15 4 12 7 0
15 4 12 8 0
15 4 12 9 0
15 4 12 10 0
15 4 12 11 0
15 4 12 12 0
15 4 12 13 0
15 4 12 14 0
15 4 12 15 0
15 4 13 0 0
15 4 13 1 0
15 4 13 2 0
15 4 13 3 0
15 4 13 4 0
15 4 13 5 0
15 4 13 6 0
15 4 13 7 0
15 4 13 8 0
15 4 13 9 0
15 4 13 10 0
15 4 13 11 0
15 4 13 12 0
15 4 13 13 0
15 4 13 14 0
15 4 13 15 0
15 4 14 0 0
15 4 14 1 0
15 4 14 2 0
15 4 14 3 0
15 4 14 4 0
15 4 14 5 0
15 4 14 6 0
15 4 14 7 0
15 4 14 8 0
15 4 14 9 0
15 4 14 10 0
15 4 14 11 0
15 4 14 12 0
15 4 14 13 0
15 4 14 14 0
15 4 14 15 0
15 4 15 0 0
15 4 15 1 0
15 4 15 2 0
15 4 15 3 0
15 4 15 4 3.878191351582094e-05
15 4 15 5 0
15 4 15 6 0
15 4 15 7 0
15 4 15 8 0
15 4 15 9 0
15 4 15 10 0
15 4 15 11 0
15 4 15 12 0
15 4 15 13 0
15 4 15 14 0
15 4 15 15 0
15 5 0 0 0
15 5 0 1 0
15 5 0 2 0
15 5 0 3 0
15 5 0 4 0
15 5 0 5 0
15 5 0 6 0
15 5 0 7 0
15 5 0 8 0
15 5 0 9 0
15 5 0 10 0
15 5 0 11 0
15 5 0 12 0
15 5 0 13 0
15 5 0 14 0
15 5 0 15 0
15 5 1 0 0
15 5 1 1 0
15 5 1 2 0
15 5 1 3 0
15 5 1 4 0
15 5 1 5 0.004941648595035663
15 5 1 6 0
15 5 1 7 0
15 5 1 8 0
15 5 1 9 0
15 5 1 10 0
15 5 1 11 0
15 5 1 12 0.0003133107111770025
15 5 1 13 0
15 5 1 14 0
15 5 1 15 0
15 5 2 0 0
15 5 2 1 0
15 5 2 2 0
15 5 2 3 0
15 5 2 4 0
15 5 2 5 0
15 5 2 6 0
15 5 2 7 0
15 5 2 8 0
15 5 2 9 0
15 5 2 10 0
15 5 2 11 0
15 5 2 12 0
15 5 2 13 0
15 5 2 14 0
15 5 2 15 0
15 5 3 0 0
15 5 3 1 0
15 5 3 2 0
15 5 3 3 0
15 5 3 4 0
15 5 3 5 0
15 5 3 6 0
15 5 3 7 0
15 5 3 8 0
15 5 3 9 0
15 5 3 10 0
15 5 3 11 0
15 5 3 12 0
15 5 3 13 0
15 5 3 14 0
15 5 3 15 0
15 5 4 0 0
15 5 4 1 0
15 5 4 2 0
15 5 4 3 0
15 5 4 4 0
15 5 4 5 0
15 5 4 6 0
15 5 4 7 0
15 5 4 8 0
15 5 4 9 0
15 5 4 10 0
15 5 4 11 0
15 5 4 12 0
15 5 4 13 0
15 5 4 14 0
15 5 4 15 0
15 5 5 0 0
15 5 5 1 -0.002903425791645023
15 5 5 2 0
15 5 5 3 0
15 5 5 4 0
15 5 5 5 0
15 5 5 6 0
15 5 5 7 0
15 5 5 8 0
15 5 5 9 0
15 5 5 10 0
15 5 5 11 0
15 5 5 12 0
15 5 5 13 0
15 5 5 14 0
15 5 5 15 -2.520439849580436e-05
15 5 6 0 0
15 5 6 1 0
15 5 6 2 0
15 5 6 3 0
15 5 6 4 0
15 5 6 5 0
15 5 6 6 0
15 5 6 7 0
15 5 6 8 0
15 5 6 9 0
15 5 6 10 0
15 5 6 11 0
15 5 6 12 0
15 5 6 13 0
15 5 6 14 0
15 5 6 15 0
15 5 7 0 0
15 5 7 1 0
15 5 7 2 0
15 5 7 3 0
15 5 7 4 0
15 5 7 5 0
15 5 7 6 0
15 5 7 7 0
15 5 7 8 0
15 5 7 9 0
15 5 7 10 0
15 5 7 11 0
15 5 7 12 0
15 5 7 13 0
15 5 7 14 0
15 5 7 15 0
15 5 8 0 0
15 5 8 1 0
15 5 8 2 0
15 5 8 3 0
15 5 8 4 0
15 5 8 5 0
15 5 8 6 0
15 5 8 7 0
15 5 8 8 0
15 5 8 9 0
15 5 8 10 0
15 5 8 11 0
15 5 8 12 0
15 5 8 13 0
15 5 8 14 0
15 5 8 15 0
15 5 9 0 0
15 5 9 1 0
15 5 9 2 0
15 5 9 3 0
15 5 9 4 0
15 5 9 5 0
15 5 9 6 0
15 5 9 7 0
15 5 9 8 0
15 5 9 9 0
15 5 9 10 0
15 5 9 11 0
15 5 9 12 0
15 5 9 13 0
15 5 9 14 0
15 5 9 15 0
15 5 10 0 0
15 5 10 1 0
15 5 10 2 0
15 5 10 3 0
15 5 10 4 0
15 5 10 5 0
15 5 10 6 0
15 5 10 7 0
15 5 10 8 0
15 5 10 9 0
15 5 10 10 0
15 5 10 11 0
15 5 10 12 0
15 5 10 13 0
15 5 10 14 0
15 5 10 15 0
15 5 11 0 0
15 5 11 1 0
15 5 11 2 0
15 5 11 3 0
15 5 11 4 0
15 5 11 5 0
15 5 11 6 0
15 5 11 7 0
15 5 11 8 0
15 5 11 9 0
15 5 11 10 0
15 5 11 11 0
15 5 11 12 0
15 5 11 13 0
15 5 11 14 0
15 5 11 15 0
15 5 12 0 0
15 5 12 1 -0.0001751512355567895
15 5 12 2 0
15 5 12 3 0
15 5 12 4 0
15 5 12 5 0
15 5 12 6 0
15 5 12 7 0
15 5 12 8 0
15 5 12 9 0
15 5 12 10 0
15 5 12 11 0
15 5 12 12 0
15 5 12 13 0
15 5 12 14 0
15 5 12 15 0
15 5 13 0 0
15 5 13 1 0
15 5 13 2 0
15 5 13 3 0
15 5 13 4 0
15 5 13 5 0
15 5 13 6 0
15 5 13 7 0
15 5 13 8 0
15 5 13 9 0
15 5 13 10 0
15 5 13 11 0
15 5 13 12 0
15 5 13 13 0
15 5 13 14 0
15 5 13 15 0
15 5 14 0 0
15 5 14 1 0
15 5 14 2 0
15 5 14 3 0
15 5 14 4 0
15 5 14 5 0
15 5 14 6 0
15 5 14 7 0
15 5 14 8 0
15 5 14 9 0
15 5 14 10 0
15 5 14 11 0
15 5 14 12 0
15 5 14 13 0
15 5 14 14 0
15 5 14 15 0
15 5 15 0 0
15 5 15 1 0
15 5 15 2 0
15 5 15 3 0
15 5 15 4 0
15 5 15 5 3.878191351582094e-05
15 5 15 6 0
15 5 15 7 0
15 5 15 8 0
15 5 15 9 0
15 5 15 10 0
15 5 15 11 0
15 5 15 12 0
15 5 15 13 0
15 5 15 14 0
15 5 15 15 0
15 6 0 0 0
15 6 0 1 0
15 6 0 2 0
15 6 0 3 0
15 6 0 4 0
15 6 0 5 0
15 6 0 6 0
15 6 0 7 0
15 6 0 8 0
15 6 0 9 0
15 6 0 10 0
15 6 0 11 0
15 6 0 12 0
15 6 0 13 0
15 6 0 14 0
15 6 0 15 0
15 6 1 0 0
15 6 1 1 0
15 6 1 2 0
15 6 1 3 0
15 6 1 4 0
15 6 1 5 0
15 6 1 6 0.004941648595035663
15 6 1 7 0
15 6 1 8 0
15 6 1 9 0
15 6 1 10 0
15 6 1 11 0
15 6 1 12 0
15 6 1 13 0.0003084617518769588
15 6 1 14 0
15 6 1 15 0
15 6 2 0 0
15 6 2 1 0
15 6 2 2 0
15 6 2 3 0
15 6 2 4 0
15 6 2 5 0
15 6 2 6 0
15 6 2 7 0
15 6 2 8 0
15 6 2 9 0
15 6 2 10 0
15 6 2 11 0
15 6 2 12 0
15 6 2 13 0
15 6 2 14 0
15 6 2 15 0
15 6 3 0 0
15 6 3 1 0
15 6 3 2 0
15 6 3 3 0
15 6 3 4 0
15 6 3 5 0
15 6 3 6 0
15 6 3 7 0
15 6 3 8 0
15 6 3 9 0
15 6 3 10 0
15 6 3 11 0
15 6 3 12 0
15 6 3 13 0
15 6 3 14 0
15 6 3 15 0
15 6 4 0 0
15 6 4 1 0
15 6 4 2 0
15 6 4 3 0
15 6 4 4 0
15 6 4 5 0
15 6 4 6 0
15 6 4 7 0
15 6 4 8 0
15 6 4 9 0
15 6 4 10 0
15 6 4 11 0
15 6 4 12 0
15 6 4 13 0
15 6 4 14 0
15 6 4 15 0
15 6 5 0 0
15 6 5 1 0
15 6 5 2 0
15 6 5 3 0
15 6 5 4 0
15 6 5 5 0
15 6 5 6 0
15 6 5 7 0
15 6 5 8 0
15 6 5 9 0
15 6 5 10 0
15 6 5 11 0
15 6 5 12 0
15 6 5 13 0
15 6 5 14 0
15 6 5 15 0
15 6 6 0 0
15 6 6 1 -0.002867133547308154
15 6 6 2 0
15 6 6 3 0
15 6 6 4 0
15 6 6 5 0
15 6 6 6 0
15 6 6 7 0
15 6 6 8 0
15 6 6 9 0
15 6 6 10 0
15 6 6 11 0
15 6 6 12 0
15 6 6 13 0
15 6 6 14 0
15 6 6 15 -2.47207388851422e-05
15 6 7 0 0
15 6 7 1 0
15 6 7 2 0
15 6 7 3 0
15 6 7 4 0
15 6 7 5 0
15 6 7 6 0
15 6 7 7 0
15 6 7 8 0
15 6 7 9 0
15 6 7 10 0
15 6 7 11 0
15 6 7 12 0
15 6 7 13 0
15 6 7 14 0
15 6 7 15 0
15 6 8 0 0
15 6 8 1 0
15 6 8 2 0
15 6 8 3 0
15 6 8 4 0
15 6 8 5 0
15 6 8 6 0
15 6 8 7 0
15 6 8 8 0
15 6 8 9 0
15 6 8 10 0
15 6 8 11 0
15 6 8 12 0
15 6 8 13 0
15 6 8 14 0
15 6 8 15 0
15 6 9 0 0
15 6 9 1 0
15 6 9 2 0
15 6 9 3 0
15 6 9 4 0
15 6 9 5 0
15 6 9 6 0
15 6 9 7 0
15 6 9 8 0
15 6 9 9 0
15 6 9 10 0
15 6 9 11 0
15 6 9 12 0
15 6 9 13 0
15 6 9 14 0
15 6 9 15 0
15 6 10 0 0
15 6 10 1 0
15 6 10 2 0
15 6 10 3 0
15 6 10 4 0
15 6 10 5 0
15 6 10 6 0
15 6 10 7 0
15 6 10 8 0
15 6 10 9 0
15 6 10 10 0
15 6 10 11 0
15 6 10 12 0
15 6 10 13 0
15 6 10 14 0
15 6 10 15 0
15 6 11 0 0
15 6 11 1 0
15 6 11 2 0
15 6 11 3 0
15 6 11 4 0
15 6 11 5 0
15 6 11 6 0
15 6 11 7 0
15 6 11 8 0
15 6 11 9 0
15 6 11 10 0
15 6 11 11 0
15 6 11 12 0
15 6 11 13 0
15 6 11 14 0
15 6 11 15 0
15 6 12 0 0
15 6 12 1 0
15 6 12 2 0
15 6 12 3 0
15 6 12 4 0
15 6 12 5 0
15 6 12 6 0
15 6 12 7 0
15 6 12 8 0
15 6 12 9 0
15 6 12 10 0
15 6 12 11 0
15 6 12 12 0
15 6 12 13 0
15 6 12 14 0
15 6 12 15 0
15 6 13 0 0
15 6 13 1 -0.0001668691174782631
15 6 13 2 0
15 6 13 3 0
15 6 13 4 0
15 6 13 5 0
15 6 13 6 0
15 6 13 7 0
15 6 13 8 0
15 6 13 9 0
15 6 13 10 0
15 6 13 11 0
15 6 13 12 0
15 6 13 13 0
15 6 13 14 0
15 6 13 15 0
15 6 14 0 0
15 6 14 1 0
15 6 14 2 0
15 6 14 3 0
15 6 14 4 0
15 6 14 5 0
15 6 14 6 0
15 6 14 7 0
15 6 14 8 0
15 6 14 9 0
15 6 14 10 0
15 6 14 11 0
15 6 14 12 0
15 6 14 13 0
15 6 14 14 0
15 6 14 15 0
15 6 15 0 0
15 6 15 1 0
15 6 15 2 0
15 6 15 3 0
15 6 15 4 0
15 6 15 5 0
15 6 15 6 3.878191351582094e-05
15 6 15 7 0
15 6 15 8 0
15 6 15 9 0
15 6 15 10 0
15 6 15 11 0
15 6 15 12 0
15 6 15 13 0
15 6 15 14 0
15 6 15 15 0
15 7 0 0 0
15 7 0 1 0
15 7 0 2 0
15 7 0 3 0
15 7 0 4 0
15 7 0 5 0
15 7 0 6 0
15 7 0 7 0
15 7 0 8 0
15 7 0 9 0
15 7 0 10 0
15 7 0 11 0
15 7 0 12 0
15 7 0 13 0
15 7 0 14 0
15 7 0 15 0
15 7 1 0 0
15 7 1 1 0
15 7 1 2 0
15 7 1 3 0
15 7 1 4 0
15 7 1 5 0
15 7 1 6 0
15 7 1 7 0
15 7 1 8 0
15 7 1 9 0
15 7 1 10 0
15 7 1 11 0
15 7 1 12 0
15 7 1 13 0
15 7 1 14 0
15 7 1 15 0
15 7 2 0 0
15 7 2 1 0
15 7 2 2 0
15 7 2 3 0
15 7 2 4 0
15 7 2 5 0
15 7 2 6 0
15 7 2 7 0
15 7 2 8 0
15 7 2 9 0
15 7 2 10 0
15 7 2 11 0
15 7 2 12 0
15 7 2 13 0
15 7 2 14 0
15 7 2 15 0
15 7 3 0 0
15 7 3 1 0
15 7 3 2 0
15 7 3 3 0
15 7 3 4 0
15 7 3 5 0
15 7 3 6 0
15 7 3 7 0
15 7 3 8 0
15 7 3 9 0
15 7 3 10 0
15 7 3 11 0
15 7 3 12 0
15 7 3 13 0
15 7 3 14 0
15 7 3 15 0
15 7 4 0 0
15 7 4 1 0
15 7 4 2 0
15 7 4 3 0
15 7 4 4 0
15 7 4 5 0
15 7 4 6 0
15 7 4 7 0
15 7 4 8 0
15 7 4 9 0
15 7 4 10 0
15 7 4 11 0
15 7 4 12 0
15 7 4 13 0
15 7 4 14 0
15 7 4 15 0
15 7 5 0 0
15 7 5 1 0
15 7 5 2 0
15 7 5 3 0
15 7 5 4 0
15 7 5 5 0
15 7 5 6 0
15 7 5 7 0
15 7 5 8 0
15 7 5 9 0
15 7 5 10 0
15 7 5 11 0
15 7 5 12 0
15 7 5 13 0
15 7 5 14 0
15 7 5 15 0
15 7 6 0 0
15 7 6 1 0
15 7 6 2 0
15 7 6 3 0
15 7 6 4 0
15 7 6 5 0
15 7 6 6 0
15 7 6 7 0
15 7 6 8 0
15 7 6 9 0
15 7 6 10 0
15 7 6 11 0
15 7 6 12 0
15 7 6 13 0
15 7 6 14 0
15 7 6 15 0
15 7 7 0 0
15 7 7 1 0
15 7 7 2 0
15 7 7 3 0
15 7 7 4 0
15 7 7 5 0
15 7 7 6 0
15 7 7 7 0
15 7 7 8 0
15 7 7 9 0
15 7 7 10 0
15 7 7 11 0
15 7 7 12 0
15 7 7 13 0
15 7 7 14 0
15 7 7 15 0
15 7 8 0 0
15 7 8 1 0
15 7 8 2 0
15 7 8 3 0
15 7 8 4 0
15 7 8 5 0
15 7 8 6 0
15 7 8 7 0
15 7 8 8 0
15 7 8 9 0
15 7 8 10 0
15 7 8 11 0
15 7 8 12 0
15 7 8 13 0
15 7 8 14 0
15 7 8 15 0
15 7 9 0 0
15 7 9 1 0
15 7 9 2 0
15 7 9 3 0
15 7 9 4 0
15 7 9 5 0
15 7 9 6 0
15 7 9 7 0
15 7 9 8 0
15 7 9 9 0
15 7 9 10 0
15 7 9 11 0
15 7 9 12 0
15 7 9 13 0
15 7 9 14 0
15 7 9 15 0
15 7 10 0 0
15 7 10 1 0
15 7 10 2 0
15 7 10 3 0
15 7 10 4 0
15 7 10 5 0
15 7 10 6 0
15 7 10 7 0
15 7 10 8 0
15 7 10 9 0
15 7 10 10 0
15 7 10 11 0
15 7 10 12 0
15 7 10 13 0
15 7 10 14 0
15 7 10 15 0
15 7 11 0 0
15 7 11 1 0
15 7 11 2 0
15 7 11 3 0
15 7 11 4 0
15 7 11 5 0
15 7 11 6 0
15 7 11 7 0
15 7 11 8 0
15 7 11 9 0
15 7 11 10 0
15 7 11 11 0
15 7 11 12 0
15 7 11 13 0
15 7 11 14 0
15 7 11 15 0
15 7 12 0 0
15 7 12 1 0
15 7 12 2 0
15 7 12 3 0
15 7 12 4 0
15 7 12 5 0
15 7 12 6 0
15 7 12 7 0
15 7 12 8 0
15 7 12 9 0
15 7 12 10 0
15 7 12 11 0
15 7 12 12 0
15 7 12 13 0
15 7 12 14 0
15 7 12 15 0
15 7 13 0 0
15 7 13 1 0
15 7 13 2 0
15 7 13 3 0
15 7 13 4 0
15 7 13 5 0
15 7 13 6 0
15 7 13 7 0
15 7 13 8 0
15 7 13 9 0
15 7 13 10 0
15 7 13 11 0
15 7 13 12 0
15 7 13 13 0
15 7 13 14 0
15 7 13 15 0
15 7 14 0 0
15 7 14 1 0
15 7 14 2 0
15 7 14 3 0
15 7 14 4 0
15 7 14 5 0
15 7 14 6 0
15 7 14 7 0
15 7 14 8 0
15 7 14 9 0
15 7 14 10 0
15 7 14 11 0
15 7 14 12 0
15 7 14 13 0
15 7 14 14 0
15 7 14 15 0
15 7 15 0 0
15 7 15 1 0
15 7 15 2 0
15 7 15 3 0
15 7 15 4 0
15 7 15 5 0
15 7 15 6 0
15 7 15 7 0
15 7 15 8 0
15 7 15 9 0
15 7 15 10 0
15 7 15 11 0
15 7 15 12 0
15 7 15 13 0
15 7 15 14 0
15 7 15 15 0
15 8 0 0 0
15 8 0 1 0
15 8 0 2 0
15 8 0 3 0
15 8 0 4 0
15 8 0 5 0
15 8 0 6 0
15 8 0 7 0
15 8 0 8 0
15 8 0 9 0
15 8 0 10 0
15 8 0 11 0
15 8 0 12 0
15 8 0 13 0
15 8 0 14 0
15 8 0 15 0
15 8 1 0 0
15 8 1 1 0
15 8 1 2 0
15 8 1 3 0
15 8 1 4 0
15 8 1 5 0
15 8 1 6 0
15 8 1 7 0
15 8 1 8 0
15 8 1 9 0
15 8 1 10 0
15 8 1 11 0
15 8 1 12 0
15 8 1 13 0
15 8 1 14 0
15 8 1 15 0
15 8 2 0 0
15 8 2 1 0
15 8 2 2 0
15 8 2 3 0
15 8 2 4 0
15 8 2 5 0
15 8 2 6 0
15 8 2 7 0
15 8 2 8 0
15 8 2 9 0
15 8 2 10 0
15 8 2 11 0
15 8 2 12 0
15 8 2 13 0
15 8 2 14 0
15 8 2 15 0
15 8 3 0 0
15 8 3 1 0
15 8 3 2 0
15 8 3 3 0
15 8 3 4 0
15 8 3 5 0
15 8 3 6 0
15 8 3 7 0
15 8 3 8 0
15 8 3 9 0
15 8 3 10 0
15 8 3 11 0
15 8 3 12 0
15 8 3 13 0
15 8 3 14 0
15 8 3 15 0
15 8 4 0 0
15 8 4 1 0
15 8 4 2 0
15 8 4 3 0
15 8 4 4 0
15 8 4 5 0
15 8 4 6 0
15 8 4 7 0
15 8 4 8 0
15 8 4 9 0
15 8 4 10 0
15 8 4 11 0
15 8 4 12 0
15 8 4 13 0
15 8 4 14 0
15 8 4 15 0
15 8 5 0 0
15 8 5 1 0
15 8 5 2 0
15 8 5 3 0
15 8 5 4 0
15 8 5 5 0
15 8 5 6 0
15 8 5 7 0
15 8 5 8 0
15 8 5 9 0
15 8 5 10 0
15 8 5 11 0
15 8 5 12 0
15 8 5 13 0
15 8 5 14 0
15 8 5 15 0
15 8 6 0 0
15 8 6 1 0
15 8 6 2 0
15 8 6 3 0
15 8 6 4 0
15 8 6 5 0
15 8 6 6 0
15 8 6 7 0
15 8 6 8 0
15 8 6 9 0
15 8 6 10 0
15 8 6 11 0
15 8 6 12 0
15 8 6 13 0
15 8 6 14 0
15 8 6 15 0
15 8 7 0 0
15 8 7 1 0
15 8 7 2 0
15 8 7 3 0
15 8 7 4 0
15 8 7 5 0
15 8 7 6 0
15 8 7 7 0
15 8 7 8 0
15 8 7 9 0
15 8 7 10 0
15 8 7 11 0
15 8 7 12 0
15 8 7 13 0
15 8 7 14 0
15 8 7 15 0
15 8 8 0 0
15 8 8 1 0
15 8 8 2 0
15 8 8 3 0
15 8 8 4 0
15 8 8 5 0
15 8 8 6 0
15 8 8 7 0
15 8 8 8 0
15 8 8 9 0
15 8 8 10 0
15 8 8 11 0
15 8 8 12 0
15 8 8 13 0
15 8 8 14 0
15 8 8 15 0
15 8 9 0 0
15 8 9 1 0
15 8 9 2 0
15 8 9 3 0
15 8 9 4 0
15 8 9 5 0
15 8 9 6 0
15 8 9 7 0
15 8 9 8 0
15 8 9 9 0
15 8 9 10 0
15 8 9 11 0
15 8 9 12 0
15 8 9 13 0
15 8 9 14 0
15 8 9 15 0
15 8 10 0 0
15 8 10 1 0
15 8 10 2 0
15 8 10 3 0
15 8 10 4 0
15 8 10 5 0
15 8 10 6 0
15 8 10 7 0
15 8 10 8 0
15 8 10 9 0
15 8 10 10 0
15 8 10 11 0
15 8 10 12 0
15 8 10 13 0
15 8 10 14 0
15 8 10 15 0
15 8 11 0 0
15 8 11 1 0
15 8 11 2 0
15 8 11 3 0
15 8 11 4 0
15 8 11 5 0
15 8 11 6 0
15 8 11 7 0
15 8 11 8 0
15 8 11 9 0
15 8 11 10 0
15 8 11 11 0
15 8 11 12 0
15 8 11 13 0
15 8 11 14 0
15 8 11 15 0
15 8 12 0 0
15 8 12 1 0
15 8 12 2 0
15 8 12 3 0
15 8 12 4 0
15 8 12 5 0
15 8 12 6 0
15 8 12 7 0
15 8 12 8 0
15 8 12 9 0
15 8 12 10 0
15 8 12 11 0
15 8 12 12 0
15 8 12 13 0
15 8 12 14 0
15 8 12 15 0
15 8 13 0 0
15 8 13 1 0
15 8 13 2 0
15 8 13 3 0
15 8 13 4 0
15 8 13 5 0
15 8 13 6 0
15 8 13 7 0
15 8 13 8 0
15 8 13 9 0
15 8 13 10 0
15 8 13 11 0
15 8 13 12 0
15 8 13 13 0
15 8 13 14 0
15 8 13 15 0
15 8 14 0 0
15 8 14 1 0
15 8 14 2 0
15 8 14 3 0
15 8 14 4 0
15 8 14 5 0
15 8 14 6 0
15 8 14 7 0
15 8 14 8 0
15 8 14 9 0
15 8 14 10 0
15 8 14 11 0
15 8 14 12 0
15 8 14 13 0
15 8 14 14 0
15 8 14 15 0
15 8 15 0 0
15 8 15 1 0
15 8 15 2 0
15 8 15 3 0
15 8 15 4 0
15 8 15 5 0
15 8 15 6 0
15 8 15 7 0
15 8 15 8 0
15 8 15 9 0
15 8 15 10 0
15 8 15 11 0
15 8 15 12 0
15 8 15 13 0
15 8 15 14 0
15 8 15 15 0
15 9 0 0 0
15 9 0 1 0
15 9 0 2 0
15 9 0 3 0
15 9 0 4 0
15 9 0 5 0
15 9 0 6 0
15 9 0 7 0
15 9 0 8 0
15 9 0 9 0
15 9 0 10 0
15 9 0 11 0
15 9 0 12 0
15 9 0 13 0
15 9 0 14 0
15 9 0 15 0
15 9 1 0 0
15 9 1 1 0
15 9 1 2 0
15 9 1 3 0
15 9 1 4 0
15 9 1 5 0
15 9 1 6 0
15 9 1 7 0
15 9 1 8 0
15 9 1 9 0
15 9 1 10 0
15 9 1 11 0
15 9 1 12 0
15 9 1 13 0
15 9 1 14 0
15 9 1 15 0
15 9 2 0 0
15 9 2 1 0
15 9 2 2 0
15 9 2 3 0
15 9 2 4 0
15 9 2 5 0
15 9 2 6 0
15 9 2 7 0
15 9 2 8 0
15 9 2 9 0
15 9 2 10 0
15 9 2 11 0
15 9 2 12 0
15 9 2 13 0
15 9 2 14 0
15 9 2 15 0
15 9 3 0 0
15 9 3 1 0
15 9 3 2 0
15 9 3 3 0
15 9 3 4 0
15 9 3 5 0
15 9 3 6 0
15 9 3 7 0
15 9 3 8 0
15 9 3 9 0
15 9 3 10 0
15 9 3 11 0
15 9 3 12 0
15 9 3 13 0
15 9 3 14 0
15 9 3 15 0
15 9 4 0 0
15 9 4 1 0
15 9 4 2 0
15 9 4 3 0
15 9 4 4 0
15 9 4 5 0
15 9 4 6 0
15 9 4 7 0
15 9 4 8 0
15 9 4 9 0
15 9 4 10 0
15 9 4 11 0
15 9 4 12 0
15 9 4 13 0
15 9 4 14 0
15 9 4 15 0
15 9 5 0 0
15 9 5 1 0
15 9 5 2 0
15 9 5 3 0
15 9 5 4 0
15 9 5 5 0
15 9 5 6 0
15 9 5 7 0
15 9 5 8 0
15 9 5 9 0
15 9 5 10 0
15 9 5 11 0
15 9 5 12 0
15 9 5 13 0
15 9 5 14 0
15 9 5 15 0
15 9 6 0 0
15 9 6 1 0
15 9 6 2 0
15 9 6 3 0
15 9 6 4 0
15 9 6 5 0
15 9 6 6 0
15 9 6 7 0
15 9 6 8 0
15 9 6 9 0
15 9 6 10 0
15 9 6 11 0
15 9 6 12 0
15 9 6 13 0
15 9 6 14 0
15 9 6 15 0
15 9 7 0 0
15 9 7 1 0
15 9 7 2 0
15 9 7 3 0
15 9 7 4 0
15 9 7 5 0
15 9 7 6 0
15 9 7 7 0
15 9 7 8 0
15 9 7 9 0
15 9 7 10 0
15 9 7 11 0
15 9 7 12 0
15 9 7 13 0
15 9 7 14 0
15 9 7 15 0
15 9 8 0 0
15 9 8 1 0
15 9 8 2 0
15 9 8 3 0
15 9 8 4 0
15 9 8 5 0
15 9 8 6 0
15 9 8 7 0
15 9 8 8 0
15 9 8 9 0
15 9 8 10 0
15 9 8 11 0
15 9 8 12 0
15 9 8 13 0
15 9 8 14 0
15 9 8 15 0
15 9 9 0 0
15 9 9 1 0
15 9 9 2 0
15 9 9 3 0
15 9 9 4 0
15 9 9 5 0
15 9 9 6 0
15 9 9 7 0
15 9 9 8 0
15 9 9 9 0
15 9 9 10 0
15 9 9 11 0
15 9 9 12 0
15 9 9 13 0
15 9 9 14 0
15 9 9 15 0
15 9 10 0 0
15 9 10 1 0
15 9 10 2 0
15 9 10 3 0
15 9 10 4 0
15 9 10 5 0
15 9 10 6 0
15 9 10 7 0
15 9 10 8 0
15 9 10 9 0
15 9 10 10 0
15 9 10 11 0
15 9 10 12 0
15 9 10 13 0
15 9 10 14 0
15 9 10 15 0
15 9 11 0 0
15 9 11 1 0
15 9 11 2 0
15 9 11 3 0
15 9 11 4 0
15 9 11 5 0
15 9 11 6 0
15 9 11 7 0
15 9 11 8 0
15 9 11 9 0
15 9 11 10 0
15 9 11 11 0
15 9 11 12 0
15 9 11 13 0
15 9 11 14 0
15 9 11 15 0
15 9 12 0 0
15 9 12 1 0
15 9 12 2 0
15 9 12 3 0
15 9 12 4 0
15 9 12 5 0
15 9 12 6 0
15 9 12 7 0
15 9 12 8 0
15 9 12 9 0
15 9 12 10 0
15 9 12 11 0
15 9 12 12 0
15 9 12 13 0
15 9 12 14 0
15 9 12 15 0
15 9 13 0 0
15 9 13 1 0
15 9 13 2 0
15 9 13 3 0
15 9 13 4 0
15 9 13 5 0
15 9 13 6 0
15 9 13 7 0
15 9 13 8 0
15 9 13 9 0
15 9 13 10 0
15 9 13 11 0
15 9 13 12 0
15 9 13 13 0
15 9 13 14 0
15 9 13 15 0
15 9 14 0 0
15 9 14 1 0
15 9 14 2 0
15 9 14 3 0
15 9 14 4 0
15 9 14 5 0
15 9 14 6 0
15 9 14 7 0
15 9 14 8 0
15 9 14 9 0
15 9 14 10 0
15 9 14 11 0
15 9 14 12 0
15 9 14 13 0
15 9 14 14 0
15 9 14 15 0
15 9 15 0 0
15 9 15 1 0
15 9 15 2 0
15 9 15 3 0
15 9 15 4 0
15 9 15 5 0
15 9 15 6 0
15 9 15 7 0
15 9 15 8 0
15 9 15 9 0
15 9 15 10 0
15 9 15 11 0
15 9 15 12 0
15 9 15 13 0
15 9 15 14 0
15 9 15 15 0
15 10 0 0 0
15 10 0 1 0
15 10 0 2 0
15 10 0 3 0
15 10 0 4 0
15 10 0 5 0
15 10 0 6 0
15 10 0 7 0
15 10 0 8 0
15 10 0 9 0
15 10 0 10 0
15 10 0 11 0
15 10 0 12 0
15 10 0 13 0
15 10 0 14 0
15 10 0 15 0
15 10 1 0 0
15 10 1 1 0
15 10 1 2 0
15 10 1 3 0
15 10 1 4 0
15 10 1 5 0
15 10 1 6 0
15 10 1 7 0
15 10 1 8 0
15 10 1 9 0
15 10 1 10 0
15 10 1 11 0
15 10 1 12 0
15 10 1 13 0
15 10 1 14 0
15 10 1 15 0
15 10 2 0 0
15 10 2 1 0
15 10 2 2 0
15 10 2 3 0
15 10 2 4 0
15 10 2 5 0
15 10 2 6 0
15 10 2 7 0
15 10 2 8 0
15 10 2 9 0
15 10 2 10 0
15 10 2 11 0
15 10 2 12 0
15 10 2 13 0
15 10 2 14 0
15 10 2 15 0
15 10 3 0 0
15 10 3 1 0
15 10 3 2 0
15 10 3 3 0
15 10 3 4 0
15 10 3 5 0
15 10 3 6 0
15 10 3 7 0
15 10 3 8 0
15 10 3 9 0
15 10 3 10 0
15 10 3 11 0
15 10 3 12 0
15 10 3 13 0
15 10 3 14 0
15 10 3 15 0
15 10 4 0 0
15 10 4 1 0
15 10 4 2 0
15 10 4 3 0
15 10 4 4 0
15 10 4 5 0
15 10 4 6 0
15 10 4 7 0
15 10 4 8 0
15 10 4 9 0
15 10 4 10 0
15 10 4 11 0
15 10 4 12 0
15 10 4 13 0
15 10 4 14 0
15 10 4 15 0
15 10 5 0 0
15 10 5 1 0
15 10 5 2 0
15 10 5 3 0
15 10 5 4 0
15 10 5 5 0
15 10 5 6 0
15 10 5 7 0
15 10 5 8 0
15 10 5 9 0
15 10 5 10 0
15 10 5 11 0
15 10 5 12 0
15 10 5 13 0
15 10 5 14 0
15 10 5 15 0
15 10 6 0 0
15 10 6 1 0
15 10 6 2 0
15 10 6 3 0
15 10 6 4 0
15 10 6 5 0
15 10 6 6 0
15 10 6 7 0
15 10 6 8 0
15 10 6 9 0
15 10 6 10 0
15 10 6 11 0
15 10 6 12 0
15 10 6 13 0
15 10 6 14 0
15 10 6 15 0
15 10 7 0 0
15 10 7 1 0
15 10 7 2 0
15 10 7 3 0
15 10 7 4 0
15 10 7 5 0
15 10 7 6 0
15 10 7 7 0
15 10 7 8 0
15 10 7 9 0
15 10 7 10 0
15 10 7 11 0
15 10 7 12 0
15 10 7 13 0
15 10 7 14 0
15 10 7 15 0
15 10 8 0 0
15 10 8 1 0
15 10 8 2 0
15 10 8 3 0
15 10 8 4 0
15 10 8 5 0
15 10 8 6 0
15 10 8 7 0
15 10 8 8 0
15 10 8 9 0
15 10 8 10 0
15 10 8 11 0
15 10 8 12 0
15 10 8 13 0
15 10 8 14 0
15 10 8 15 0
15 10 9 0 0
15 10 9 1 0
15 10 9 2 0
15 10 9 3 0
15 10 9 4 0
15 10 9 5 0
15 10 9 6 0
15 10 9 7 0
15 10 9 8 0
15 10 9 9 0
15 10 9 10 0
15 10 9 11 0
15 10 9 12 0
15 10 9 13 0
15 10 9 14 0
15 10 9 15 0
15 10 10 0 0
15 10 10 1 0
15 10 10 2 0
15 10 10 3 0
15 10 10 4 0
15 10 10 5 0
15 10 10 6 0
15 10 10 7 0
15 10 10 8 0
15 10 10 9 0
15 10 10 10 0
15 10 10 11 0
15 10 10 12 0
15 10 10 13 0
15 10 10 14 0
15 10 10 15 0
15 10 11 0 0
15 10 11 1 0
15 10 11 2 0
15 10 11 3 0
15 10 11 4 0
15 10 11 5 0
15 10 11 6 0
15 10 11 7 0
15 10 11 8 0
15 10 11 9 0
15 10 11 10 0
15 10 11 11 0
15 10 11 12 0
15 10 11 13 0
15 10 11 14 0
15 10 11 15 0
15 10 12 0 0
15 10 12 1 0
15 10 12 2 0
15 10 12 3 0
15 10 12 4 0
15 10 12 5 0
15 10 12 6 0
15 10 12 7 0
15 10 12 8 0
15 10 12 9 0
15 10 12 10 0
15 10 12 11 0
15 10 12 12 0
15 10 12 13 0
15 10 12 14 0
15 10 12 15 0
15 10 13 0 0
15 10 13 1 0
15 10 13 2 0
15 10 13 3 0
15 10 13 4 0
15 10 13 5 0
15 10 13 6 0
15 10 13 7 0
15 10 13 8 0
15 10 13 9 0
15 10 13 10 0
15 10 13 11 0
15 10 13 12 0
15 10 13 13 0
15 10 13 14 0
15 10 13 15 0
15 10 14 0 0
15 10 14 1 0
15 10 14 2 0
15 10 14 3 0
15 10 14 4 0
15 10 14 5 0
15 10 14 6 0
15 10 14 7 0
15 10 14 8 0
15 10 14 9 0
15 10 14 10 0
15 10 14 11 0
15 10 14 12 0
15 10 14 13 0
15 10 14 14 0
15 10 14 15 0
15 10 15 0 0
15 10 15 1 0
15 10 15 2 0
15 10 15 3 0
15 10 15 4 0
15 10 15 5 0
15 10 15 6 0
15 10 15 7 0
15 10 15 8 0
15 10 15 9 0
15 10 15 10 0
15 10 15 11 0
15 10 15 12 0
15 10 15 13 0
15 10 15 14 0
15 10 15 15 0
15 11 0 0 0
15 11 0 1 0
15 11 0 2 0
15 11 0 3 0
15 11 0 4 0
15 11 0 5 0
15 11 0 6 0
15 11 0 7 0
15 11 0 8 0
15 11 0 9 0
15 11 0 10 0
15 11 0 11 0
15 11 0 12 0
15 11 0 13 0
15 11 0 14 0
15 11 0 15 0
15 11 1 0 0
15 11 1 1 0
15 11 1 2 0
15 11 1 3 0
15 11 1 4 0
15 11 1 5 0
15 11 1 6 0
15 11 1 7 0
15 11 1 8 0
15 11 1 9 0
15 11 1 10 0
15 11 1 11 0
15 11 1 12 0
15 11 1 13 0
15 11 1 14 0
15 11 1 15 0
15 11 2 0 0
15 11 2 1 0
15 11 2 2 0
15 11 2 3 0
15 11 2 4 0
15 11 2 5 0
15 11 2 6 0
15 11 2 7 0
15 11 2 8 0
15 11 2 9 0
15 11 2 10 0
15 11 2 11 0
15 11 2 12 0
15 11 2 13 0
15 11 2 14 0
15 11 2 15 0
15 11 3 0 0
15 11 3 1 0
15 11 3 2 0
15 11 3 3 0
15 11 3 4 0
15 11 3 5 0
15 11 3 6 0
15 11 3 7 0
15 11 3 8 0
15 11 3 9 0
15 11 3 10 0
15 11 3 11 0
15 11 3 12 0
15 11 3 13 0
15 11 3 14 0
15 11 3 15 0
15 11 4 0 0
15 11 4 1 0
15 11 4 2 0
15 11 4 3 0
15 11 4 4 0
15 11 4 5 0
15 11 4 6 0
15 11 4 7 0
15 11 4 8 0
15 11 4 9 0
15 11 4 10 0
15 11 4 11 0
15 11 4 12 0
15 11 4 13 0
15 11 4 14 0
15 11 4 15 0
15 11 5 0 0
15 11 5 1 0
15 11 5 2 0
15 11 5 3 0
15 11 5 4 0
15 11 5 5 0
15 11 5 6 0
15 11 5 7 0
15 11 5 8 0
15 11 5 9 0
15 11 5 10 0
15 11 5 11 0
15 11 5 12 0
15 11 5 13 0
15 11 5 14 0
15 11 5 15 0
15 11 6 0 0
15 11 6 1 0
15 11 6 2 0
15 11 6 3 0
15 11 6 4 0
15 11 6 5 0
15 11 6 6 0
15 11 6 7 0
15 11 6 8 0
15 11 6 9 0
15 11 6 10 0
15 11 6 11 0
15 11 6 12 0
15 11 6 13 0
15 11 6 14 0
15 11 6 15 0
15 11 7 0 0
15 11 7 1 0
15 11 7 2 0
15 11 7 3 0
15 11 7 4 0
15 11 7 5 0
15 11 7 6 0
15 11 7 7 0
15 11 7 8 0
15 11 7 9 0
15 11 7 10 0
15 11 7 11 0
15 11 7 12 0
15 11 7 13 0
15 11 7 14 0
15 11 7 15 0
15 11 8 0 0
15 11 8 1 0
15 11 8 2 0
15 11 8 3 0
15 11 8 4 0
15 11 8 5 0
15 11 8 6 0
15 11 8 7 0
15 11 8 8 0
15 11 8 9 0
15 11 8 10 0
15 11 8 11 0
15 11 8 12 0
15 11 8 13 0
15 11 8 14 0
15 11 8 15 0
15 11 9 0 0
15 11 9 1 0
15 11 9 2 0
15 11 9 3 0
15 11 9 4 0
15 11 9 5 0
15 11 9 6 0
15 11 9 7 0
15 11 9 8 0
15 11 9 9 0
15 11 9 10 0
15 11 9 11 0
15 11 9 12 0
15 11 9 13 0
15 11 9 14 0
15 11 9 15 0
15 11 10 0 0
15 11 10 1 0
15 11 10 2 0
15 11 10 3 0
15 11 10 4 0
15 11 10 5 0
15 11 10 6 0
15 11 10 7 0
15 11 10 8 0
15 11 10 9 0
15 11 10 10 0
15 11 10 11 0
15 11 10 12 0
15 11 10 13 0
15 11 10 14 0
15 11 10 15 0
15 11 11 0 0
15 11 11 1 0
15 11 11 2 0
15 11 11 3 0
15 11 11 4 0
15 11 11 5 0
15 11 11 6 0
15 11 11 7 0
15 11 11 8 0
15 11 11 9 0
15 11 11 10 0
15 11 11 11 0
15 11 11 12 0
15 11 11 13 0
15 11 11 14 0
15 11 11 15 0
15 11 12 0 0
15 11 12 1 0
15 11 12 2 0
15 11 12 3 0
15 11 12 4 0
15 11 12 5 0
15 11 12 6 0
15 11 12 7 0
15 11 12 8 0
15 11 12 9 0
15 11 12 10 0
15 11 12 11 0
15 11 12 12 0
15 11 12 13 0
15 11 12 14 0
15 11 12 15 0
15 11 13 0 0
15 11 13 1 0
15 11 13 2 0
15 11 13 3 0
15 11 13 4 0
15 11 13 5 0
15 11 13 6 0
15 11 13 7 0
15 11 13 8 0
15 11 13 9 0
15 11 13 10 0
15 11 13 11 0
15 11 13 12 0
15 11 13 13 0
15 11 13 14 0
15 11 13 15 0
15 11 14 0 0
15 11 14 1 0
15 11 14 2 0
15 11 14 3 0
15 11 14 4 0
15 11 14 5 0
15 11 14 6 0
15 11 14 7 0
15 11 14 8 0
15 11 14 9 0
15 11 14 10 0
15 11 14 11 0
15 11 14 12 0
15 11 14 13 0
15 11 14 14 0
15 11 14 15 0
15 11 15 0 0
15 11 15 1 0
15 11 15 2 0
15 11 15 3 0
15 11 15 4 0
15 11 15 5 0
15 11 15 6 0
15 11 15 7 0
15 11 15 8 0
15 11 15 9 0
15 11 15 10 0
15 11 15 11 0
15 11 15 12 0
15 11 15 13 0
15 11 15 14 0
15 11 15 15 0
15 12 0 0 0
15 12 0 1 0
15 12 0 2 0
15 12 0 3 0
15 12 0 4 0
15 12 0 5 0
15 12 0 6 0
15 12 0 7 0
15 12 0 8 0
15 12 0 9 0
15 12 0 10 0
15 12 0 11 0
15 12 0 12 0
15 12 0 13 0
15 12 0 14 0
15 12 0 15 0
15 12 1 0 0
15 12 1 1 0
15 12 1 2 0
15 12 1 3 0
15 12 1 4 0
15 12 1 5 0
15 12 1 6 0
15 12 1 7 0
15 12 1 8 0
15 12 1 9 0
15 12 1 10 0
15 12 1 11 0
15 12 1 12 0
15 12 1 13 0
15 12 1 14 0
15 12 1 15 0
15 12 2 0 0
15 12 2 1 0
15 12 2 2 0
15 12 2 3 0
15 12 2 4 0
15 12 2 5 0
15 12 2 6 0
15 12 2 7 0
15 12 2 8 0
15 12 2 9 0
15 12 2 10 0
15 12 2 11 0
15 12 2 12 0
15 12 2 13 0
15 12 2 14 0
15 12 2 15 0
15 12 3 0 0
15 12 3 1 0
15 12 3 2 0
15 12 3 3 0
15 12 3 4 0
15 12 3 5 0
15 12 3 6 0
15 12 3 7 0
15 12 3 8 0
15 12 3 9 0
15 12 3 10 0
15 12 3 11 0
15 12 3 12 0
15 12 3 13 0
15 12 3 14 0
15 12 3 15 0
15 12 4 0 0
15 12 4 1 0
15 12 4 2 0
15 12 4 3 0
15 12 4 4 0
15 12 4 5 0
15 12 4 6 0
15 12 4 7 0
15 12 4 8 0
15 12 4 9 0
15 12 4 10 0
15 12 4 11 0
15 12 4 12 0
15 12 4 13 0
15 12 4 14 0
15 12 4 15 0
15 12 5 0 0
15 12 5 1 0
15 12 5 2 0
15 12 5 3 0
15 12 5 4 0
15 12 5 5 0
15 12 5 6 0
15 12 5 7 0
15 12 5 8 0
15 12 5 9 0
15 12 5 10 0
15 12 5 11 0
15 12 5 12 0
15 12 5 13 0
15 12 5 14 0
15 12 5 15 0
15 12 6 0 0
15 12 6 1 0
15 12 6 2 0
15 12 6 3 0
15 12 6 4 0
15 12 6 5 0
15 12 6 6 0
15 12 6 7 0
15 12 6 8 0
15 12 6 9 0
15 12 6 10 0
15 12 6 11 0
15 12 6 12 0
15 12 6 13 0
15 12 6 14 0
15 12 6 15 0
15 12 7 0 0
15 12 7 1 0
15 12 7 2 0
15 12 7 3 0
15 12 7 4 0
15 12 7 5 0
15 12 7 6 0
15 12 7 7 0
15 12 7 8 0
15 12 7 9 0
15 12 7 10 0
15 12 7 11 0
15 12 7 12 0
15 12 7 13 0
15 12 7 14 0
15 12 7 15 0
15 12 8 0 0
15 12 8 1 0
15 12 8 2 0
15 12 8 3 0
15 12 8 4 0
15 12 8 5 0
15 12 8 6 0
15 12 8 7 0
15 12 8 8 0
15 12 8 9 0
15 12 8 10 0
15 12 8 11 0
15 12 8 12 0
15 12 8 13 0
15 12 8 14 0
15 12 8 15 0
15 12 9 0 0
15 12 9 1 0
15 12 9 2 0
15 12 9 3 0
15 12 9 4 0
15 12 9 5 0
15 12 9 6 0
15 12 9 7 0
15 12 9 8 0
15 12 9 9 0
15 12 9 10 0
15 12 9 11 0
15 12 9 12 0
15 12 9 13 0
15 12 9 14 0
15 12 9 15 0
15 12 10 0 0
15 12 10 1 0
15 12 10 2 0
15 12 10 3 0
15 12 10 4 0
15 12 10 5 0
15 12 10 6 0
15 12 10 7 0
15 12 10 8 0
15 12 10 9 0
15 12 10 10 0
15 12 10 11 0
15 12 10 12 0
15 12 10 13 0
15 12 10 14 0
15 12 10 15 0
15 12 11 0 0
15 12 11 1 0
15 12 11 2 0
15 12 11 3 0
15 12 11 4 0
15 12 11 5 0
15 12 11 6 0
15 12 11 7 0
15 12 11 8 0
15 12 11 9 0
15 12 11 10 0
15 12 11 11 0
15 12 11 12 0
15 12 11 13 0
15 12 11 14 0
15 12 11 15 0
15 12 12 0 0
15 12 12 1 0
15 12 12 2 0
15 12 12 3 0
15 12 12 4 0
15 12 12 5 0
15 12 12 6 0
15 12 12 7 0
15 12 12 8 0
15 12 12 9 0
15 12 12 10 0
15 12 12 11 0
15 12 12 12 0
15 12 12 13 0
15 12 12 14 0
15 12 12 15 0
15 12 13 0 0
15 12 13 1 0
15 12 13 2 0
15 12 13 3 0
15 12 13 4 0
15 12 13 5 0
15 12 13 6 0
15 12 13 7 0
15 12 13 8 0
15 12 13 9 0
15 12 13 10 0
15 12 13 11 0
15 12 13 12 0
15 12 13 13 0
15 12 13 14 0
15 12 13 15 0
15 12 14 0 0
15 12 14 1 0
15 12 14 2 0
15 12 14 3 0
15 12 14 4 0
15 12 14 5 0
15 12 14 6 0
15 12 14 7 0
15 12 14 8 0
15 12 14 9 0
15 12 14 10 0
15 12 14 11 0
15 12 14 12 0
15 12 14 13 0
15 12 14 14 0
15 12 14 15 0
15 12 15 0 0
15 12 15 1 0
15 12 15 2 0
15 12 15 3 0
15 12 15 4 0
15 12 15 5 0
15 12 15 6 0
15 12 15 7 0
15 12 15 8 0
15 12 15 9 0
15 12 15 10 0
15 12 15 11 0
15 12 15 12 0
15 12 15 13 0
15 12 15 14 0
15 12 15 15 0
15 13 0 0 0
15 13 0 1 0
15 13 0 2 0
15 13 0 3 0
15 13 0 4 0
15 13 0 5 0
15 13 0 6 0
15 13 0 7 0
15 13 0 8 0
15 13 0 9 0
15 13 0 10 0
15 13 0 11 0
15 13 0 12 0
15 13 0 13 0
15 13 0 14 0
15 13 0 15 0
15 13 1 0 0
15 13 1 1 0
15 13 1 2 0
15 13 1 3 0
15 13 1 4 0
15 13 1 5 0
15 13 1 6 0
15 13 1 7 0
15 13 1 8 0
15 13 1 9 0
15 13 1 10 0
15 13 1 11 0
15 13 1 12 0
15 13 1 13 0
15 13 1 14 0
15 13 1 15 0
15 13 2 0 0
15 13 2 1 0
15 13 2 2 0
15 13 2 3 0
15 13 2 4 0
15 13 2 5 0
15 13 2 6 0
15 13 2 7 0
15 13 2 8 0
15 13 2 9 0
15 13 2 10 0
15 13 2 11 0
15 13 2 12 0
15 13 2 13 0
15 13 2 14 0
15 13 2 15 0
15 13 3 0 0
15 13 3 1 0
15 13 3 2 0
15 13 3 3 0
15 13 3 4 0
15 13 3 5 0
15 13 3 6 0
15 13 3 7 0
15 13 3 8 0
15 13 3 9 0
15 13 3 10 0
15 13 3 11 0
15 13 3 12 0
15 13 3 13 0
15 13 3 14 0
15 13 3 15 0
15 13 4 0 0
15 13 4 1 0
15 13 4 2 0
15 13 4 3 0
15 13 4 4 0
15 13 4 5 0
15 13 4 6 0
15 13 4 7 0
15 13 4 8 0
15 13 4 9 0
15 13 4 10 0
15 13 4 11 0
15 13 4 12 0
15 13 4 13 0
15 13 4 14 0
15 13 4 15 0
15 13 5 0 0
15 13 5 1 0
15 13 5 2 0
15 13 5 3 0
15 13 5 4 0
15 13 5 5 0
15 13 5 6 0
15 13 5 7 0
15 13 5 8 0
15 13 5 9 0
15 13 5 10 0
15 13 5 11 0
15 13 5 12 0
15 13 5 13 0
15 13 5 14 0
15 13 5 15 0
15 13 6 0 0
15 13 6 1 0
15 13 6 2 0
15 13 6 3 0
15 13 6 4 0
15 13 6 5 0
15 13 6 6 0
15 13 6 7 0
15 13 6 8 0
15 13 6 9 0
15 13 6 10 0
15 13 6 11 0
15 13 6 12 0
15 13 6 13 0
15 13 6 14 0
15 13 6 15 0
15 13 7 0 0
15 13 7 1 0
15 13 7 2 0
15 13 7 3 0
15 13 7 4 0
15 13 7 5 0
15 13 7 6 0
15 13 7 7 0
15 13 7 8 0
15 13 7 9 0
15 13 7 10 0
15 13 7 11 0
15 13 7 12 0
15 13 7 13 0
15 13 7 14 0
15 13 7 15 0
15 13 8 0 0
15 13 8 1 0
15 13 8 2 0
15 13 8 3 0
15 13 8 4 0
15 13 8 5 0
15 13 8 6 0
15 13 8 7 0
15 13 8 8 0
15 13 8 9 0
15 13 8 10 0
15 13 8 11 0
15 13 8 12 0
15 13 8 13 0
15 13 8 14 0
15 13 8 15 0
15 13 9 0 0
15 13 9 1 0
15 13 9 2 0
15 13 9 3 0
15 13 9 4 0
15 13 9 5 0
15 13 9 6 0
15 13 9 7 0
15 13 9 8 0
15 13 9 9 0
15 13 9 10 0
15 13 9 11 0
15 13 9 12 0
15 13 9 13 0
15 13 9 14 0
15 13 9 15 0
15 13 10 0 0
15 13 10 1 0
15 13 10 2 0
15 13 10 3 0
15 13 10 4 0
15 13 10 5 0
15 13 10 6 0
15 13 10 7 0
15 13 10 8 0
15 13 10 9 0
15 13 10 10 0
15 13 10 11 0
15 13 10 12 0
15 13 10 13 0
15 13 10 14 0
15 13 10 15 0
15 13 11 0 0
15 13 11 1 0
15 13 11 2 0
15 13 11 3 0
15 13 11 4 0
15 13 11 5 0
15 13 11 6 0
15 13 11 7 0
15 13 11 8 0
15 13 11 9 0
15 13 11 10 0
15 13 11 11 0
15 13 11 12 0
15 13 11 13 0
15 13 11 14 0
15 13 11 15 0
15 13 12 0 0
15 13 12 1 0
15 13 12 2 0
15 13 12 3 0
15 13 12 4 0
15 13 12 5 0
15 13 12 6 0
15 13 12 7 0
15 13 12 8 0
15 13 12 9 0
15 13 12 10 0
15 13 12 11 0
15 13 12 12 0
15 13 12 13 0
15 13 12 14 0
15 13 12 15 0
15 13 13 0 0
15 13 13 1 0
15 13 13 2 0
15 13 13 3 0
15 13 13 4 0
15 13 13 5 0
15 13 13 6 0
15 13 13 7 0
15 13 13 8 0
15 13 13 9 0
15 13 13 10 0
15 13 13 11 0
15 13 13 12 0
15 13 13 13 0
15 13 13 14 0
15 13 13 15 0
15 13 14 0 0
15 13 14 1 0
15 13 14 2 0
15 13 14 3 0
15 13 14 4 0
15 13 14 5 0
15 13 14 6 0
15 13 14 7 0
15 13 14 8 0
15 13 14 9 0
15 13 14 10 0
15 13 14 11 0
15 13 14 12 0
15 13 14 13 0
15 13 14 14 0
15 13 14 15 0
15 13 15 0 0
15 13 15 1 0
15 13 15 2 0
15 13 15 3 0
15 13 15 4 0
15 13 15 5 0
15 13 15 6 0
15 13 15 7 0
15 13 15 8 0
15 13 15 9 0
15 13 15 10 0
15 13 15 11 0
15 13 15 12 0
15 13 15 13 0
15 13 15 14 0
15 13 15 15 0
15 14 0 0 0
15 14 0 1 0
15 14 0 2 0
15 14 0 3 0
15 14 0 4 0
15 14 0 5 0
15 14 0 6 0
15 14 0 7 0
15 14 0 8 0
15 14 0 9 0
15 14 0 10 0
15 14 0 11 0
15 14 0 12 0
15 14 0 13 0
15 14 0 14 0
15 14 0 15 0
15 14 1 0 0
15 14 1 1 0
15 14 1 2 0
15 14 1 3 0
15 14 1 4 0
15 14 1 5 0
15 14 1 6 0
15 14 1 7 0
15 14 1 8 0
15 14 1 9 0
15 14 1 10 0
15 14 1 11 0
15 14 1 12 0
15 14 1 13 0
15 14 1 14 0
15 14 1 15 0
15 14 2 0 0
15 14 2 1 0
15 14 2 2 0
15 14 2 3 0
15 14 2 4 0
15 14 2 5 0
15 14 2 6 0
15 14 2 7 0
15 14 2 8 0
15 14 2 9 0
15 14 2 10 0
15 14 2 11 0
15 14 2 12 0
15 14 2 13 0
15 14 2 14 0
15 14 2 15 0
15 14 3 0 0
15 14 3 1 0
15 14 3 2 0
15 14 3 3 0
15 14 3 4 0
15 14 3 5 0
15 14 3 6 0
15 14 3 7 0
15 14 3 8 0
15 14 3 9 0
15 14 3 10 0
15 14 3 11 0
15 14 3 12 0
15 14 3 13 0
15 14 3 14 0
15 14 3 15 0
15 14 4 0 0
15 14 4 1 0
15 14 4 2 0
15 14 4 3 0
15 14 4 4 0
15 14 4 5 0
15 14 4 6 0
15 14 4 7 0
15 14 4 8 0
15 14 4 9 0
15 14 4 10 0
15 14 4 11 0
15 14 4 12 0
15 14 4 13 0
15 14 4 14 0
15 14 4 15 0
15 14 5 0 0
15 14 5 1 0
15 14 5 2 0
15 14 5 3 0
15 14 5 4 0
15 14 5 5 0
15 14 5 6 0
15 14 5 7 0
15 14 5 8 0
15 14 5 9 0
15 14 5 10 0
15 14 5 11 0
15 14 5 12 0
15 14 5 13 0
15 14 5 14 0
15 14 5 15 0
15 14 6 0 0
15 14 6 1 0
15 14 6 2 0
15 14 6 3 0
15 14 6 4 0
15 14 6 5 0
15 14 6 6 0
15 14 6 7 0
15 14 6 8 0
15 14 6 9 0
15 14 6 10 0
15 14 6 11 0
15 14 6 12 0
15 14 6 13 0
15 14 6 14 0
15 14 6 15 0
15 14 7 0 0
15 14 7 1 0
15 14 7 2 0
15 14 7 3 0
15 14 7 4 0
15 14 7 5 0
15 14 7 6 0
15 14 7 7 0
15 14 7 8 0
15 14 7 9 0
15 14 7 10 0
15 14 7 11 0
15 14 7 12 0
15 14 7 13 0
15 14 7 14 0
15 14 7 15 0
15 14 8 0 0
15 14 8 1 0
15 14 8 2 0
15 14 8 3 0
15 14 8 4 0
15 14 8 5 0
15 14 8 6 0
15 14 8 7 0
15 14 8 8 0
15 14 8 9 0
15 14 8 10 0
15 14 8 11 0
15 14 8 12 0
15 14 8 13 0
15 14 8 14 0
15 14 8 15 0
15 14 9 0 0
15 14 9 1 0
15 14 9 2 0
15 14 9 3 0
15 14 9 4 0
15 14 9 5 0
15 14 9 6 0
15 14 9 7 0
15 14 9 8 0
15 14 9 9 0
15 14 9 10 0
15 14 9 11 0
15 14 9 12 0
15 14 9 13 0
15 14 9 14 0
15 14 9 15 0
15 14 10 0 0
15 14 10 1 0
15 14 10 2 0
15 14 10 3 0
15 14 10 4 0
15 14 10 5 0
15 14 10 6 0
15 14 10 7 0
15 14 10 8 0
15 14 10 9 0
15 14 10 10 0
15 14 10 11 0
15 14 10 12 0
15 14 10 13 0
15 14 10 14 0
15 14 10 15 0
15 14 11 0 0
15 14 11 1 0
15 14 11 2 0
15 14 11 3 0
15 14 11 4 0
15 14 11 5 0
15 14 11 6 0
15 14 11 7 0
15 14 11 8 0
15 14 11 9 0
15 14 11 10 0
15 14 11 11 0
15 14 11 12 0
15 14 11 13 0
15 14 11 14 0
15 14 11 15 0
15 14 12 0 0
15 14 12 1 0
15 14 12 2 0
15 14 12 3 0
15 14 12 4 0
15 14 12 5 0
15 14 12 6 0
15 14 12 7 0
15 14 12 8 0
15 14 12 9 0
15 14 12 10 0
15 14 12 11 0
15 14 12 12 0
15 14 12 13 0
15 14 12 14 0
15 14 12 15 0
15 14 13 0 0
15 14 13 1 0
15 14 13 2 0
15 14 13 3 0
15 14 13 4 0
15 14 13 5 0
15 14 13 6 0
15 14 13 7 0
15 14 13 8 0
15 14 13 9 0
15 14 13 10 0
15 14 13 11 0
15 14 13 12 0
15 14 13 13 0
15 14 13 14 0
15 14 13 15 0
15 14 14 0 0
15 14 14 1 0
15 14 14 2 0
15 14 14 3 0
15 14 14 4 0
15 14 14 5 0
15 14 14 6 0
15 14 14 7 0
15 14 14 8 0
15 14 14 9 0
15 14 14 10 0
15 14 14 11 0
15 14 14 12 0
15 14 14 13 0
15 14 14 14 0
15 14 14 15 0
15 14 15 0 0
15 14 15 1 0
15 14 15 2 0
15 14 15 3 0
15 14 15 4 0
15 14 15 5 0
15 14 15 6 0
15 14 15 7 0
15 14 15 8 0
15 14 15 9 0
15 14 15 10 0
15 14 15 11 0
15 14 15 12 0
15 14 15 13 0
15 14 15 14 0
15 14 15 15 0
15 15 0 0 0
15 15 0 1 0
15 15 0 2 0
15 15 0 3 0
15 15 0 4 0
15 15 0 5 0
15 15 0 6 0
15 15 0 7 0
15 15 0 8 0
15 15 0 9 0
15 15 0 10 0
15 15 0 11 0
15 15 0 12 0
15 15 0 13 0
15 15 0 14 0
15 15 0 15 0
15 15 1 0 0
15 15 1 1 0
15 15 1 2 0
15 15 1 3 0
15 15 1 4 0
15 15 1 5 0
15 15 1 6 0
15 15 1 7 0
15 15 1 8 0
15 15 1 9 0
15 15 1 10 0
15 15 1 11 0
15 15 1 12 0
15 15 1 13 0
15 15 1 14 0
15 15 1 15 0
15 15 2 0 0
15 15 2 1 0
15 15 2 2 0
15 15 2 3 0
15 15 2 4 0
15 15 2 5 0
15 15 2 6 0
15 15 2 7 0
15 15 2 8 0
15 15 2 9 0
15 15 2 10 0
15 15 2 11 0
15 15 2 12 0
15 15 2 13 0
15 15 2 14 0
15 15 2 15 0
15 15 3 0 0
15 15 3 1 0
15 15 3 2 0
15 15 3 3 0
15 15 3 4 0
15 15 3 5 0
15 15 3 6 0
15 15 3 7 0
15 15 3 8 0
15 15 3 9 0
15 15 3 10 0
15 15 3 11 0
15 15 3 12 0
15 15 3 13 0
15 15 3 14 0
15 15 3 15 0
15 15 4 0 0
15 15 4 1 0
15 15 4 2 0
15 15 4 3 0
15 15 4 4 0
15 15 4 5 0
15 15 4 6 0
15 15 4 7 0
15 15 4 8 0
15 15 4 9 0
15 15 4 10 0
15 15 4 11 0
15 15 4 12 0
15 15 4 13 0
15 15 4 14 0
15 15 4 15 0
15 15 5 0 0
15 15 5 1 0
15 15 5 2 0
15 15 5 3 0
15 15 5 4 0
15 15 5 5 0
15 15 5 6 0
15 15 5 7 0
15 15 5 8 0
15 15 5 9 0
15 15 5 10 0
15 15 5 11 0
15 15 5 12 0
15 15 5 13 0
15 15 5 14 0
15 15 5 15 0
15 15 6 0 0
15 15 6 1 0
15 15 6 2 0
15 15 6 3 0
15 15 6 4 0
15 15 6 5 0
15 15 6 6 0
15 15 6 7 0
15 15 6 8 0
15 15 6 9 0
15 15 6 10 0
15 15 6 11 0
15 15 6 12 0
15 15 6 13 0
15 15 6 14 0
15 15 6 15 0
15 15 7 0 0
15 15 7 1 0
15 15 7 2 0
15 15 7 3 0
15 15 7 4 0
15 15 7 5 0
15 15 7 6 0
15 15 7 7 0
15 15 7 8 0
15 15 7 9 0
15 15 7 10 0
15 15 7 11 0
15 15 7 12 0
15 15 7 13 0
15 15 7 14 0
15 15 7 15 0
15 15 8 0 0
15 15 8 1 0
15 15 8 2 0
15 15 8 3 0
15 15 8 4 0
15 15 8 5 0
15 15 8 6 0
15 15 8 7 0
15 15 8 8 0
15 15 8 9 0
15 15 8 10 0
15 15 8 11 0
15 15 8 12 0
15 15 8 13 0
15 15 8 14 0
15 15 8 15 0
15 15 9 0 0
15 15 9 1 0
15 15 9 2 0
15 15 9 3 0
15 15 9 4 0
15 15 9 5 0
15 15 9 6 0
15 15 9 7 0
15 15 9 8 0
15 15 9 9 0
15 15 9 10 0
15 15 9 11 0
15 15 9 12 0
15 15 9 13 0
15 15 9 14 0
15 15 9 15 0
15 15 10 0 0
15 15 10 1 0
15 15 10 2 0
15 15 10 3 0
15 15 10 4 0
15 15 10 5 0
15 15 10 6 0
15 15 10 7 0
15 15 10 8 0
15 15 10 9 0
15 15 10 10 0
15 15 10 11 0
15 15 10 12 0
15 15 10 13 0
15 15 10 14 0
15 15 10 15 0
15 15 11 0 0
15 15 11 1 0
15 15 11 2 0
15 15 11 3 0
15 15 11 4 0
15 15 11 5 0
15 15 11 6 0
15 15 11 7 0
15 15 11 8 0
15 15 11 9 0
15 15 11 10 0
15 15 11 11 0
15 15 11 12 0
15 15 11 13 0
15 15 11 14 0
15 15 11 15 0
15 15 12 0 0
15 15 12 1 0
15 15 12 2 0
15 15 12 3 0
15 15 12 4 0
15 15 12 5 0
15 15 12 6 0
15 15 12 7 0
15 15 12 8 0
15 15 12 9 0
15 15 12 10 0
15 15 12 11 0
15 15 12 12 0
15 15 12 13 0
15 15 12 14 0
15 15 12 15 0
15 15 13 0 0
15 15 13 1 0
15 15 13 2 0
15 15 13 3 0
15 15 13 4 0
15 15 13 5 0
15 15 13 6 0
15 15 13 7 0
15 15 13 8 0
15 15 13 9 0
15 15 13 10 0
15 15 13 11 0
15 15 13 12 0
15 15 13 13 0
15 15 13 14 0
15 15 13 15 0
15 15 14 0 0
15 15 14 1 0
15 15 14 2 0
15 15 14 3 0
15 15 14 4 0
15 15 14 5 0
15 15 14 6 0
15 15 14 7 0
15 15 14 8 0
15 15 14 9 0
15 15 14 10 0
15 15 14 11 0
15 15 14 12 0
15 15 14 13 0
15 15 14 14 0
15 15 14 15 0
15 15 15 0 0
15 15 15 1 0
15 15 15 2 0
15 15 15 3 0
15 15 15 4 0
15 15 15 5 0
15 15 15 6 0
15 15 15 7 0
15 15 15 8 0
15 15 15 9 0
15 15 15 10 0
15 15 15 11 0
15 15 15 12 0
15 15 15 13 0
15 15 15 14 0
15 15 15 15 0
