0 0 0 0 1.999728356854981
0 0 0 1 0
0 0 0 2 -2.311834823897283e-06
0 0 0 3 0
0 0 0 4 0
0 0 0 5 0
0 0 0 6 0
0 0 0 7 0
0 0 0 8 0
0 0 0 9 0
0 0 0 10 0
0 0 0 11 -0.002220143575202455
0 0 0 12 0
0 0 0 13 0
0 0 0 14 0
0 0 0 15 0
0 0 1 0 0
0 0 1 1 0
0 0 1 2 0
0 0 1 3 0
0 0 1 4 0
0 0 1 5 0
0 0 1 6 0
0 0 1 7 0
0 0 1 8 0
0 0 1 9 0
0 0 1 10 0
0 0 1 11 0
0 0 1 12 0
0 0 1 13 0
0 0 1 14 0
0 0 1 15 0
0 0 2 0 -2.311834823897283e-06
0 0 2 1 0
0 0 2 2 0
0 0 2 3 0
0 0 2 4 0
0 0 2 5 0
0 0 2 6 0
0 0 2 7 0
0 0 2 8 0
0 0 2 9 0
0 0 2 10 0
0 0 2 11 0
0 0 2 12 0
0 0 2 13 0
0 0 2 14 0
0 0 2 15 0
0 0 3 0 0
0 0 3 1 0
0 0 3 2 0
0 0 3 3 0
0 0 3 4 0
0 0 3 5 0
0 0 3 6 0
0 0 3 7 0
0 0 3 8 0
0 0 3 9 0
0 0 3 10 0
0 0 3 11 0
0 0 3 12 0
0 0 3 13 0
0 0 3 14 0
0 0 3 15 0
0 0 4 0 0
0 0 4 1 0
0 0 4 2 0
0 0 4 3 0
0 0 4 4 0
0 0 4 5 0
0 0 4 6 0
0 0 4 7 0
0 0 4 8 0
0 0 4 9 0
0 0 4 10 0
0 0 4 11 0
0 0 4 12 0
0 0 4 13 0
0 0 4 14 0
0 0 4 15 0
0 0 5 0 0
0 0 5 1 0
0 0 5 2 0
0 0 5 3 0
0 0 5 4 0
0 0 5 5 0
0 0 5 6 0
0 0 5 7 0
0 0 5 8 0
0 0 5 9 0
0 0 5 10 0
0 0 5 11 0
0 0 5 12 0
0 0 5 13 0
0 0 5 14 0
0 0 5 15 0
0 0 6 0 0
0 0 6 1 0
0 0 6 2 0
0 0 6 3 0
0 0 6 4 0
0 0 6 5 0
0 0 6 6 0
0 0 6 7 0
0 0 6 8 0
0 0 6 9 0
0 0 6 10 0
0 0 6 11 0
0 0 6 12 0
0 0 6 13 0
0 0 6 14 0
0 0 6 15 0
0 0 7 0 0
0 0 7 1 0
0 0 7 2 0
0 0 7 3 0
0 0 7 4 0
0 0 7 5 0
0 0 7 6 0
0 0 7 7 0
0 0 7 8 0
0 0 7 9 0
0 0 7 10 0
0 0 7 11 0
0 0 7 12 0
0 0 7 13 0
0 0 7 14 0
0 0 7 15 0
0 0 8 0 0
0 0 8 1 0
0 0 8 2 0
0 0 8 3 0
0 0 8 4 0
0 0 8 5 0
0 0 8 6 0
0 0 8 7 0
0 0 8 8 0
0 0 8 9 0
0 0 8 10 0
0 0 8 11 0
0 0 8 12 0
0 0 8 13 0
0 0 8 14 0
0 0 8 15 0
0 0 9 0 0
0 0 9 1 0
0 0 9 2 0
0 0 9 3 0
0 0 9 4 0
0 0 9 5 0
0 0 9 6 0
0 0 9 7 0
0 0 9 8 0
0 0 9 9 0
0 0 9 10 0
0 0 9 11 0
0 0 9 12 0
0 0 9 13 0
0 0 9 14 0
0 0 9 15 0
0 0 10 0 0
0 0 10 1 0
0 0 10 2 0
0 0 10 3 0
0 0 10 4 0
0 0 10 5 0
0 0 10 6 0
0 0 10 7 0
0 0 10 8 0
0 0 10 9 0
0 0 10 10 0
0 0 10 11 0
0 0 10 12 0
0 0 10 13 0
0 0 10 14 0
0 0 10 15 0
0 0 11 0 -0.002220143575202455
0 0 11 1 0
0 0 11 2 0
0 0 11 3 0
0 0 11 4 0
0 0 11 5 0
0 0 11 6 0
0 0 11 7 0
0 0 11 8 0
0 0 11 9 0
0 0 11 10 0
0 0 11 11 0
0 0 11 12 0
0 0 11 13 0
0 0 11 14 0
0 0 11 15 0
0 0 12 0 0
0 0 12 1 0
0 0 12 2 0
0 0 12 3 0
0 0 12 4 0
0 0 12 5 0
0 0 12 6 0
0 0 12 7 0
0 0 12 8 0
0 0 12 9 0
0 0 12 10 0
0 0 12 11 0
0 0 12 12 0
0 0 12 13 0
0 0 12 14 0
0 0 12 15 0
0 0 13 0 0
0 0 13 1 0
0 0 13 2 0
0 0 13 3 0
0 0 13 4 0
0 0 13 5 0
0 0 13 6 0
0 0 13 7 0
0 0 13 8 0
0 0 13 9 0
0 0 13 10 0
0 0 13 11 0
0 0 13 12 0
0 0 13 13 0
0 0 13 14 0
0 0 13 15 0
0 0 14 0 0
0 0 14 1 0
0 0 14 2 0
0 0 14 3 0
0 0 14 4 0
0 0 14 5 0
0 0 14 6 0
0 0 14 7 0
0 0 14 8 0
0 0 14 9 0
0 0 14 10 0
0 0 14 11 0
0 0 14 12 0
0 0 14 13 0
0 0 14 14 0
0 0 14 15 0
0 0 15 0 0
0 0 15 1 0
0 0 15 2 0
0 0 15 3 0
0 0 15 4 0
0 0 15 5 0
0 0 15 6 0
0 0 15 7 0
0 0 15 8 0
0 0 15 9 0
0 0 15 10 0
0 0 15 11 0
0 0 15 12 0
0 0 15 13 0
0 0 15 14 0
0 0 15 15 0
0 1 0 0 0
0 1 0 1 3.99969326884443
0 1 0 2 0
0 1 0 3 0
0 1 0 4 0
0 1 0 5 0
0 1 0 6 0
0 1 0 7 0
0 1 0 8 0
0 1 0 9 0
0 1 0 10 0
0 1 0 11 0
0 1 0 12 0
0 1 0 13 0
0 1 0 14 0
0 1 0 15 0.003801019847155522
0 1 1 0 -1.999846634422215
0 1 1 1 0
0 1 1 2 2.311834823897283e-06
0 1 1 3 0
0 1 1 4 0
0 1 1 5 0
0 1 1 6 0
0 1 1 7 0
0 1 1 8 0
0 1 1 9 0
0 1 1 10 0
0 1 1 11 0.002220143575202455
0 1 1 12 0
0 1 1 13 0
0 1 1 14 0
0 1 1 15 0
0 1 2 0 0
0 1 2 1 -4.623669647794566e-06
0 1 2 2 0
0 1 2 3 0
0 1 2 4 0
0 1 2 5 0
0 1 2 6 0
0 1 2 7 0
0 1 2 8 0
0 1 2 9 0
0 1 2 10 0
0 1 2 11 0
0 1 2 12 0
0 1 2 13 0
0 1 2 14 0
0 1 2 15 0
0 1 3 0 0
0 1 3 1 0
0 1 3 2 0
0 1 3 3 0
0 1 3 4 0
0 1 3 5 0
0 1 3 6 0
0 1 3 7 0
0 1 3 8 0
0 1 3 9 0
0 1 3 10 0
0 1 3 11 0
0 1 3 12 0
0 1 3 13 0
0 1 3 14 0
0 1 3 15 0
0 1 4 0 0
0 1 4 1 0
0 1 4 2 0
0 1 4 3 0
0 1 4 4 0
0 1 4 5 0
0 1 4 6 0
0 1 4 7 0
0 1 4 8 0
0 1 4 9 0
0 1 4 10 0
0 1 4 11 0
0 1 4 12 0
0 1 4 13 0
0 1 4 14 0
0 1 4 15 0
0 1 5 0 0
0 1 5 1 0
0 1 5 2 0
0 1 5 3 0
0 1 5 4 0
0 1 5 5 0
0 1 5 6 0
0 1 5 7 0
0 1 5 8 0
0 1 5 9 0
0 1 5 10 0
0 1 5 11 0
0 1 5 12 0
0 1 5 13 0
0 1 5 14 0
0 1 5 15 0
0 1 6 0 0
0 1 6 1 0
0 1 6 2 0
0 1 6 3 0
0 1 6 4 0
0 1 6 5 0
0 1 6 6 0
0 1 6 7 0
0 1 6 8 0
0 1 6 9 0
0 1 6 10 0
0 1 6 11 0
0 1 6 12 0
0 1 6 13 0
0 1 6 14 0
0 1 6 15 0
0 1 7 0 0
0 1 7 1 0
0 1 7 2 0
0 1 7 3 0
0 1 7 4 0
0 1 7 5 0
0 1 7 6 0
0 1 7 7 0
0 1 7 8 0
0 1 7 9 0
0 1 7 10 0
0 1 7 11 0
0 1 7 12 0
0 1 7 13 0
0 1 7 14 0
0 1 7 15 0
0 1 8 0 0
0 1 8 1 0
0 1 8 2 0
0 1 8 3 0
0 1 8 4 0
0 1 8 5 0
0 1 8 6 0
0 1 8 7 0
0 1 8 8 0
0 1 8 9 0
0 1 8 10 0
0 1 8 11 0
0 1 8 12 0
0 1 8 13 0
0 1 8 14 0
0 1 8 15 0
0 1 9 0 0
0 1 9 1 0
0 1 9 2 0
0 1 9 3 0
0 1 9 4 0
0 1 9 5 0
0 1 9 6 0
0 1 9 7 0
0 1 9 8 0
0 1 9 9 0
0 1 9 10 0
0 1 9 11 0
0 1 9 12 0
0 1 9 13 0
0 1 9 14 0
0 1 9 15 0
0 1 10 0 0
0 1 10 1 0
0 1 10 2 0
0 1 10 3 0
0 1 10 4 0
0 1 10 5 0
0 1 10 6 0
0 1 10 7 0
0 1 10 8 0
0 1 10 9 0
0 1 10 10 0
0 1 10 11 0
0 1 10 12 0
0 1 10 13 0
0 1 10 14 0
0 1 10 15 0
0 1 11 0 0
0 1 11 1 -0.00444028715040491
0 1 11 2 0
0 1 11 3 0
0 1 11 4 0
0 1 11 5 0
0 1 11 6 0
0 1 11 7 0
0 1 11 8 0
0 1 11 9 0
0 1 11 10 0
0 1 11 11 0
0 1 11 12 0
0 1 11 13 0
0 1 11 14 0
0 1 11 15 0
0 1 12 0 0
0 1 12 1 0
0 1 12 2 0
0 1 12 3 0
0 1 12 4 0
0 1 12 5 0
0 1 12 6 0
0 1 12 7 0
0 1 12 8 0
0 1 12 9 0
0 1 12 10 0
0 1 12 11 0
0 1 12 12 0
0 1 12 13 0
0 1 12 14 0
0 1 12 15 0
0 1 13 0 0
0 1 13 1 0
0 1 13 2 0
0 1 13 3 0
0 1 13 4 0
0 1 13 5 0
0 1 13 6 0
0 1 13 7 0
0 1 13 8 0
0 1 13 9 0
0 1 13 10 0
0 1 13 11 0
0 1 13 12 0
0 1 13 13 0
0 1 13 14 0
0 1 13 15 0
0 1 14 0 0
0 1 14 1 0
0 1 14 2 0
0 1 14 3 0
0 1 14 4 0
0 1 14 5 0
0 1 14 6 0
0 1 14 7 0
0 1 14 8 0
0 1 14 9 0
0 1 14 10 0
0 1 14 11 0
0 1 14 12 0
0 1 14 13 0
0 1 14 14 0
0 1 14 15 0
0 1 15 0 -0.001900509923577761
0 1 15 1 0
0 1 15 2 0
0 1 15 3 0
0 1 15 4 0
0 1 15 5 0
0 1 15 6 0
0 1 15 7 0
0 1 15 8 0
0 1 15 9 0
0 1 15 10 0
0 1 15 11 0
0 1 15 12 0
0 1 15 13 0
0 1 15 14 0
0 1 15 15 0
0 2 0 0 -2.311834823897283e-06
0 2 0 1 0
0 2 0 2 2.209530880731839
0 2 0 3 0
0 2 0 4 0
0 2 0 5 0
0 2 0 6 0
0 2 0 7 0
0 2 0 8 0
0 2 0 9 0
0 2 0 10 0
0 2 0 11 -0.004446644201159107
0 2 0 12 0
0 2 0 13 0
0 2 0 14 0.001660462474723878
0 2 0 15 0
0 2 1 0 0
0 2 1 1 0
0 2 1 2 0
0 2 1 3 0
0 2 1 4 0
0 2 1 5 0
0 2 1 6 0
0 2 1 7 0
0 2 1 8 0
0 2 1 9 0
0 2 1 10 0
0 2 1 11 0
0 2 1 12 0
0 2 1 13 0
0 2 1 14 0
0 2 1 15 0
0 2 2 0 -1.10476544036592
0 2 2 1 0
0 2 2 2 -2.311834823897283e-06
0 2 2 3 0
0 2 2 4 0
0 2 2 5 0
0 2 2 6 0
0 2 2 7 0
0 2 2 8 0
0 2 2 9 0
0 2 2 10 0
0 2 2 11 0.001956587054754201
0 2 2 12 0
0 2 2 13 0
0 2 2 14 0
0 2 2 15 0
0 2 3 0 0
0 2 3 1 0
0 2 3 2 0
0 2 3 3 0
0 2 3 4 0
0 2 3 5 0
0 2 3 6 0
0 2 3 7 0
0 2 3 8 0
0 2 3 9 0
0 2 3 10 0
0 2 3 11 0
0 2 3 12 0
0 2 3 13 0
0 2 3 14 0
0 2 3 15 0
0 2 4 0 0
0 2 4 1 0
0 2 4 2 0
0 2 4 3 0
0 2 4 4 0
0 2 4 5 0
0 2 4 6 0
0 2 4 7 0
0 2 4 8 0
0 2 4 9 0
0 2 4 10 0
0 2 4 11 0
0 2 4 12 0
0 2 4 13 0
0 2 4 14 0
0 2 4 15 0
0 2 5 0 0
0 2 5 1 0
0 2 5 2 0
0 2 5 3 0
0 2 5 4 0
0 2 5 5 0
0 2 5 6 0
0 2 5 7 0
0 2 5 8 0
0 2 5 9 0
0 2 5 10 0
0 2 5 11 0
0 2 5 12 0
0 2 5 13 0
0 2 5 14 0
0 2 5 15 0
0 2 6 0 0
0 2 6 1 0
0 2 6 2 0
0 2 6 3 0
0 2 6 4 0
0 2 6 5 0
0 2 6 6 0
0 2 6 7 0
0 2 6 8 0
0 2 6 9 0
0 2 6 10 0
0 2 6 11 0
0 2 6 12 0
0 2 6 13 0
0 2 6 14 0
0 2 6 15 0
0 2 7 0 0
0 2 7 1 0
0 2 7 2 0
0 2 7 3 0
0 2 7 4 0
0 2 7 5 0
0 2 7 6 0
0 2 7 7 1.811085333132292e-06
0 2 7 8 0
0 2 7 9 0
0 2 7 10 0
0 2 7 11 0
0 2 7 12 0
0 2 7 13 0
0 2 7 14 0
0 2 7 15 0
0 2 8 0 0
0 2 8 1 0
0 2 8 2 0
0 2 8 3 0
0 2 8 4 0
0 2 8 5 0
0 2 8 6 0
0 2 8 7 0
0 2 8 8 0
0 2 8 9 0
0 2 8 10 0
0 2 8 11 0
0 2 8 12 0
0 2 8 13 0
0 2 8 14 0
0 2 8 15 0
0 2 9 0 0
0 2 9 1 0
0 2 9 2 0
0 2 9 3 0
0 2 9 4 0
0 2 9 5 0
0 2 9 6 0
0 2 9 7 0
0 2 9 8 0
0 2 9 9 0
0 2 9 10 0
0 2 9 11 0
0 2 9 12 0
0 2 9 13 0
0 2 9 14 0
0 2 9 15 0
0 2 10 0 0
0 2 10 1 0
0 2 10 2 0
0 2 10 3 0
0 2 10 4 0
0 2 10 5 0
0 2 10 6 0
0 2 10 7 0
0 2 10 8 0
0 2 10 9 0
0 2 10 10 0
0 2 10 11 0
0 2 10 12 0
0 2 10 13 0
0 2 10 14 0
0 2 10 15 0
0 2 11 0 0.002223322100579554
0 2 11 1 0
0 2 11 2 -0.003913174109508402
0 2 11 3 0
0 2 11 4 0
0 2 11 5 0
0 2 11 6 0
0 2 11 7 0
0 2 11 8 0
0 2 11 9 0
0 2 11 10 0
0 2 11 11 0
0 2 11 12 0
0 2 11 13 0
0 2 11 14 0
0 2 11 15 0
0 2 12 0 0
0 2 12 1 0
0 2 12 2 0
0 2 12 3 0
0 2 12 4 0
0 2 12 5 0
0 2 12 6 0
0 2 12 7 0
0 2 12 8 0
0 2 12 9 0
0 2 12 10 0
0 2 12 11 0
0 2 12 12 0
0 2 12 13 0
0 2 12 14 0
0 2 12 15 0
0 2 13 0 0
0 2 13 1 0
0 2 13 2 0
0 2 13 3 0
0 2 13 4 0
0 2 13 5 0
0 2 13 6 0
0 2 13 7 0
0 2 13 8 0
0 2 13 9 0
0 2 13 10 0
0 2 13 11 0
0 2 13 12 0
0 2 13 13 0
0 2 13 14 0
0 2 13 15 0
0 2 14 0 -0.0008302312373619392
0 2 14 1 0
0 2 14 2 0
0 2 14 3 0
0 2 14 4 0
0 2 14 5 0
0 2 14 6 0
0 2 14 7 0
0 2 14 8 0
0 2 14 9 0
0 2 14 10 0
0 2 14 11 0
0 2 14 12 0
0 2 14 13 0
0 2 14 14 0
0 2 14 15 0
0 2 15 0 0
0 2 15 1 0
0 2 15 2 0
0 2 15 3 0
0 2 15 4 0
0 2 15 5 0
0 2 15 6 0
0 2 15 7 0
0 2 15 8 0
0 2 15 9 0
0 2 15 10 0
0 2 15 11 0
0 2 15 12 0
0 2 15 13 0
0 2 15 14 0
0 2 15 15 0
0 3 0 0 0
0 3 0 1 0
0 3 0 2 0
0 3 0 3 2.414910626870332
0 3 0 4 0
0 3 0 5 0
0 3 0 6 0
0 3 0 7 0
0 3 0 8 0.01776772335347322
0 3 0 9 0
0 3 0 10 0
0 3 0 11 0
0 3 0 12 0
0 3 0 13 0
0 3 0 14 0
0 3 0 15 0
0 3 1 0 0
0 3 1 1 0
0 3 1 2 0
0 3 1 3 0
0 3 1 4 0
0 3 1 5 0
0 3 1 6 0
0 3 1 7 0
0 3 1 8 0
0 3 1 9 0
0 3 1 10 0
0 3 1 11 0
0 3 1 12 0
0 3 1 13 0
0 3 1 14 0
0 3 1 15 0
0 3 2 0 0
0 3 2 1 0
0 3 2 2 0
0 3 2 3 -2.311834823897283e-06
0 3 2 4 0
0 3 2 5 0
0 3 2 6 0
0 3 2 7 0
0 3 2 8 0
0 3 2 9 0
0 3 2 10 0
0 3 2 11 0
0 3 2 12 0
0 3 2 13 0
0 3 2 14 0
0 3 2 15 0
0 3 3 0 -1.20749522279937
0 3 3 1 0
0 3 3 2 -4.210655342135585e-06
0 3 3 3 0
0 3 3 4 0
0 3 3 5 0
0 3 3 6 0
0 3 3 7 0
0 3 3 8 0
0 3 3 9 0
0 3 3 10 0
0 3 3 11 -0.001936747616294514
0 3 3 12 0
0 3 3 13 0
0 3 3 14 0
0 3 3 15 0
0 3 4 0 0
0 3 4 1 0
0 3 4 2 0
0 3 4 3 0
0 3 4 4 0
0 3 4 5 0
0 3 4 6 0
0 3 4 7 0
0 3 4 8 0
0 3 4 9 0
0 3 4 10 0
0 3 4 11 0
0 3 4 12 0
0 3 4 13 0
0 3 4 14 0
0 3 4 15 0
0 3 5 0 0
0 3 5 1 0
0 3 5 2 0
0 3 5 3 0
0 3 5 4 0
0 3 5 5 0
0 3 5 6 0
0 3 5 7 0
0 3 5 8 0
0 3 5 9 0
0 3 5 10 0
0 3 5 11 0
0 3 5 12 0
0 3 5 13 0
0 3 5 14 0
0 3 5 15 0
0 3 6 0 0
0 3 6 1 0
0 3 6 2 0
0 3 6 3 0
0 3 6 4 0
0 3 6 5 0
0 3 6 6 0
0 3 6 7 0
0 3 6 8 0
0 3 6 9 0
0 3 6 10 0
0 3 6 11 0
0 3 6 12 0
0 3 6 13 0
0 3 6 14 0
0 3 6 15 0
0 3 7 0 0
0 3 7 1 0
0 3 7 2 0
0 3 7 3 0
0 3 7 4 0
0 3 7 5 0
0 3 7 6 0
0 3 7 7 0
0 3 7 8 0
0 3 7 9 0
0 3 7 10 0
0 3 7 11 0
0 3 7 12 0
0 3 7 13 0
0 3 7 14 0
0 3 7 15 0
0 3 8 0 -0.008883861676736608
0 3 8 1 0
0 3 8 2 0
0 3 8 3 0
0 3 8 4 0
0 3 8 5 0
0 3 8 6 0
0 3 8 7 0
0 3 8 8 0
0 3 8 9 0
0 3 8 10 0
0 3 8 11 0
0 3 8 12 0
0 3 8 13 0
0 3 8 14 0
0 3 8 15 0
0 3 9 0 0
0 3 9 1 0
0 3 9 2 0
0 3 9 3 0
0 3 9 4 0
0 3 9 5 0
0 3 9 6 0
0 3 9 7 0
0 3 9 8 0
0 3 9 9 0
0 3 9 10 0
0 3 9 11 0
0 3 9 12 0
0 3 9 13 0
0 3 9 14 0
0 3 9 15 0
0 3 10 0 0
0 3 10 1 0
0 3 10 2 0
0 3 10 3 0
0 3 10 4 0
0 3 10 5 0
0 3 10 6 0
0 3 10 7 0
0 3 10 8 0
0 3 10 9 0
0 3 10 10 0
0 3 10 11 0
0 3 10 12 0
0 3 10 13 0
0 3 10 14 0
0 3 10 15 0
0 3 11 0 0
0 3 11 1 0
0 3 11 2 0
0 3 11 3 -0.002220143575202455
0 3 11 4 0
0 3 11 5 0
0 3 11 6 0
0 3 11 7 0
0 3 11 8 0
0 3 11 9 0
0 3 11 10 0
0 3 11 11 0
0 3 11 12 0
0 3 11 13 0
0 3 11 14 0
0 3 11 15 0
0 3 12 0 0
0 3 12 1 0
0 3 12 2 0
0 3 12 3 0
0 3 12 4 0
0 3 12 5 0
0 3 12 6 0
0 3 12 7 0
0 3 12 8 0
0 3 12 9 0
0 3 12 10 0
0 3 12 11 0
0 3 12 12 0
0 3 12 13 0
0 3 12 14 0
0 3 12 15 0
0 3 13 0 0
0 3 13 1 0
0 3 13 2 0
0 3 13 3 0
0 3 13 4 0
0 3 13 5 0
0 3 13 6 0
0 3 13 7 0
0 3 13 8 0
0 3 13 9 0
0 3 13 10 0
0 3 13 11 0
0 3 13 12 0
0 3 13 13 0
0 3 13 14 0
0 3 13 15 0
0 3 14 0 0
0 3 14 1 0
0 3 14 2 0
0 3 14 3 0
0 3 14 4 0
0 3 14 5 0
0 3 14 6 0
0 3 14 7 0
0 3 14 8 0
0 3 14 9 0
0 3 14 10 0
0 3 14 11 0
0 3 14 12 0
0 3 14 13 0
0 3 14 14 0
0 3 14 15 0
0 3 15 0 0
0 3 15 1 0
0 3 15 2 0
0 3 15 3 0
0 3 15 4 0
0 3 15 5 0
0 3 15 6 0
0 3 15 7 0
0 3 15 8 0
0 3 15 9 0
0 3 15 10 0
0 3 15 11 0
0 3 15 12 0
0 3 15 13 0
0 3 15 14 0
0 3 15 15 0
0 4 0 0 0
0 4 0 1 0
0 4 0 2 0
0 4 0 3 0
0 4 0 4 2.015526346830475
0 4 0 5 0
0 4 0 6 0
0 4 0 7 0
0 4 0 8 0
0 4 0 9 0.02008254085977054
0 4 0 10 0
0 4 0 11 0
0 4 0 12 0
0 4 0 13 0
0 4 0 14 0
0 4 0 15 0
0 4 1 0 0
0 4 1 1 0
0 4 1 2 0
0 4 1 3 0
0 4 1 4 0
0 4 1 5 0
0 4 1 6 0
0 4 1 7 0
0 4 1 8 0
0 4 1 9 0
0 4 1 10 0
0 4 1 11 0
0 4 1 12 0
0 4 1 13 0
0 4 1 14 0
0 4 1 15 0
0 4 2 0 0
0 4 2 1 0
0 4 2 2 0
0 4 2 3 0
0 4 2 4 -2.311834823897283e-06
0 4 2 5 0
0 4 2 6 0
0 4 2 7 0
0 4 2 8 0
0 4 2 9 0
0 4 2 10 0
0 4 2 11 0
0 4 2 12 0
0 4 2 13 0
0 4 2 14 0
0 4 2 15 0
0 4 3 0 0
0 4 3 1 0
0 4 3 2 0
0 4 3 3 0
0 4 3 4 0
0 4 3 5 0
0 4 3 6 0
0 4 3 7 0
0 4 3 8 0
0 4 3 9 0
0 4 3 10 0
0 4 3 11 0
0 4 3 12 0
0 4 3 13 0
0 4 3 14 0
0 4 3 15 0
0 4 4 0 -1.007801772636243
0 4 4 1 0
0 4 4 2 -3.568573919059798e-06
0 4 4 3 0
0 4 4 4 0
0 4 4 5 0
0 4 4 6 0
0 4 4 7 0
0 4 4 8 0
0 4 4 9 0
0 4 4 10 0
0 4 4 11 -0.001980992591638141
0 4 4 12 0
0 4 4 13 0
0 4 4 14 0
0 4 4 15 0
0 4 5 0 0
0 4 5 1 0
0 4 5 2 0
0 4 5 3 0
0 4 5 4 0
0 4 5 5 0
0 4 5 6 0
0 4 5 7 0
0 4 5 8 0
0 4 5 9 0
0 4 5 10 0
0 4 5 11 0
0 4 5 12 0
0 4 5 13 0
0 4 5 14 0
0 4 5 15 0
0 4 6 0 0
0 4 6 1 0
0 4 6 2 0
0 4 6 3 0
0 4 6 4 0
0 4 6 5 0
0 4 6 6 0
0 4 6 7 0
0 4 6 8 0
0 4 6 9 0
0 4 6 10 0
0 4 6 11 0
0 4 6 12 0
0 4 6 13 0
0 4 6 14 0
0 4 6 15 0
0 4 7 0 0
0 4 7 1 0
0 4 7 2 0
0 4 7 3 0
0 4 7 4 0
0 4 7 5 0
0 4 7 6 0
0 4 7 7 0
0 4 7 8 0
0 4 7 9 0
0 4 7 10 0
0 4 7 11 0
0 4 7 12 0
0 4 7 13 0
0 4 7 14 0
0 4 7 15 0
0 4 8 0 0
0 4 8 1 0
0 4 8 2 0
0 4 8 3 0
0 4 8 4 0
0 4 8 5 0
0 4 8 6 0
0 4 8 7 0
0 4 8 8 0
0 4 8 9 0
0 4 8 10 0
0 4 8 11 0
0 4 8 12 0
0 4 8 13 0
0 4 8 14 0
0 4 8 15 0
0 4 9 0 -0.01004127042988527
0 4 9 1 0
0 4 9 2 0
0 4 9 3 0
0 4 9 4 0
0 4 9 5 0
0 4 9 6 0
0 4 9 7 0
0 4 9 8 0
0 4 9 9 0
0 4 9 10 0
0 4 9 11 0
0 4 9 12 0
0 4 9 13 0
0 4 9 14 0
0 4 9 15 0
0 4 10 0 0
0 4 10 1 0
0 4 10 2 0
0 4 10 3 0
0 4 10 4 0
0 4 10 5 0
0 4 10 6 0
0 4 10 7 0
0 4 10 8 0
0 4 10 9 0
0 4 10 10 0
0 4 10 11 0
0 4 10 12 0
0 4 10 13 0
0 4 10 14 0
0 4 10 15 0
0 4 11 0 0
0 4 11 1 0
0 4 11 2 0
0 4 11 3 0
0 4 11 4 -0.002220143575202455
0 4 11 5 0
0 4 11 6 0
0 4 11 7 0
0 4 11 8 0
0 4 11 9 0
0 4 11 10 0
0 4 11 11 0
0 4 11 12 0
0 4 11 13 0
0 4 11 14 0
0 4 11 15 0
0 4 12 0 0
0 4 12 1 0
0 4 12 2 0
0 4 12 3 0
0 4 12 4 0
0 4 12 5 0
0 4 12 6 0
0 4 12 7 0
0 4 12 8 0
0 4 12 9 0
0 4 12 10 0
0 4 12 11 0
0 4 12 12 0
0 4 12 13 0
0 4 12 14 0
0 4 12 15 0
0 4 13 0 0
0 4 13 1 0
0 4 13 2 0
0 4 13 3 0
0 4 13 4 0
0 4 13 5 0
0 4 13 6 0
0 4 13 7 0
0 4 13 8 0
0 4 13 9 0
0 4 13 10 0
0 4 13 11 0
0 4 13 12 0
0 4 13 13 0
0 4 13 14 0
0 4 13 15 0
0 4 14 0 0
0 4 14 1 0
0 4 14 2 0
0 4 14 3 0
0 4 14 4 0
0 4 14 5 0
0 4 14 6 0
0 4 14 7 0
0 4 14 8 0
0 4 14 9 0
0 4 14 10 0
0 4 14 11 0
0 4 14 12 0
0 4 14 13 0
0 4 14 14 0
0 4 14 15 0
0 4 15 0 0
0 4 15 1 0
0 4 15 2 0
0 4 15 3 0
0 4 15 4 0
0 4 15 5 0
0 4 15 6 0
0 4 15 7 0
0 4 15 8 0
0 4 15 9 0
0 4 15 10 0
0 4 15 11 0
0 4 15 12 0
0 4 15 13 0
0 4 15 14 0
0 4 15 15 0
0 5 0 0 0
0 5 0 1 0
0 5 0 2 0
0 5 0 3 0
0 5 0 4 0
0 5 0 5 1.981069702296156
0 5 0 6 0
0 5 0 7 0
0 5 0 8 0
0 5 0 9 0
0 5 0 10 0
0 5 0 11 0
0 5 0 12 0.01839731841260404
0 5 0 13 0
0 5 0 14 0
0 5 0 15 0
0 5 1 0 0
0 5 1 1 0
0 5 1 2 0
0 5 1 3 0
0 5 1 4 0
0 5 1 5 0
0 5 1 6 0
0 5 1 7 0
0 5 1 8 0
0 5 1 9 0
0 5 1 10 0
0 5 1 11 0
0 5 1 12 0
0 5 1 13 0
0 5 1 14 0
0 5 1 15 0
0 5 2 0 0
0 5 2 1 0
0 5 2 2 0
0 5 2 3 0
0 5 2 4 0
0 5 2 5 -2.311834823897283e-06
0 5 2 6 0
0 5 2 7 0
0 5 2 8 0
0 5 2 9 0
0 5 2 10 0
0 5 2 11 0
0 5 2 12 0
0 5 2 13 0
0 5 2 14 0
0 5 2 15 0
0 5 3 0 0
0 5 3 1 0
0 5 3 2 0
0 5 3 3 0
0 5 3 4 0
0 5 3 5 0
0 5 3 6 0
0 5 3 7 0
0 5 3 8 0
0 5 3 9 0
0 5 3 10 0
0 5 3 11 0
0 5 3 12 0
0 5 3 13 0
0 5 3 14 0
0 5 3 15 0
0 5 4 0 0
0 5 4 1 0
0 5 4 2 0
0 5 4 3 0
0 5 4 4 0
0 5 4 5 0
0 5 4 6 0
0 5 4 7 0
0 5 4 8 0
0 5 4 9 0
0 5 4 10 0
0 5 4 11 0
0 5 4 12 0
0 5 4 13 0
0 5 4 14 0
0 5 4 15 0
0 5 5 0 -0.9905528375421512
0 5 5 1 0
0 5 5 2 -3.278401982174734e-05
0 5 5 3 0
0 5 5 4 0
0 5 5 5 0
0 5 5 6 0
0 5 5 7 0
0 5 5 8 0
0 5 5 9 0
0 5 5 10 0
0 5 5 11 -0.00258805802392797
0 5 5 12 0
0 5 5 13 0
0 5 5 14 0
0 5 5 15 0
0 5 6 0 0
0 5 6 1 0
0 5 6 2 0
0 5 6 3 0
0 5 6 4 0
0 5 6 5 0
0 5 6 6 0
0 5 6 7 0
0 5 6 8 0
0 5 6 9 0
0 5 6 10 0
0 5 6 11 0
0 5 6 12 0
0 5 6 13 0
0 5 6 14 0
0 5 6 15 0
0 5 7 0 0
0 5 7 1 0
0 5 7 2 0
0 5 7 3 0
0 5 7 4 0
0 5 7 5 0
0 5 7 6 0
0 5 7 7 0
0 5 7 8 0
0 5 7 9 0
0 5 7 10 0
0 5 7 11 0
0 5 7 12 0
0 5 7 13 0
0 5 7 14 0
0 5 7 15 0
0 5 8 0 0
0 5 8 1 0
0 5 8 2 0
0 5 8 3 0
0 5 8 4 0
0 5 8 5 0
0 5 8 6 0
0 5 8 7 0
0 5 8 8 0
0 5 8 9 0
0 5 8 10 0
0 5 8 11 0
0 5 8 12 0
0 5 8 13 0
0 5 8 14 0
0 5 8 15 0
0 5 9 0 0
0 5 9 1 0
0 5 9 2 0
0 5 9 3 0
0 5 9 4 0
0 5 9 5 0
0 5 9 6 0
0 5 9 7 0
0 5 9 8 0
0 5 9 9 0
0 5 9 10 0
0 5 9 11 0
0 5 9 12 0
0 5 9 13 0
0 5 9 14 0
0 5 9 15 0
0 5 10 0 0
0 5 10 1 0
0 5 10 2 0
0 5 10 3 0
0 5 10 4 0
0 5 10 5 0
0 5 10 6 0
0 5 10 7 0
0 5 10 8 0
0 5 10 9 0
0 5 10 10 0
0 5 10 11 0
0 5 10 12 0
0 5 10 13 0
0 5 10 14 0
0 5 10 15 0
0 5 11 0 0
0 5 11 1 0
0 5 11 2 0
0 5 11 3 0
0 5 11 4 0
0 5 11 5 -0.002220143575202455
0 5 11 6 0
0 5 11 7 0
0 5 11 8 0
0 5 11 9 0
0 5 11 10 0
0 5 11 11 0
0 5 11 12 0
0 5 11 13 0
0 5 11 14 0
0 5 11 15 0
0 5 12 0 -0.009198659206302019
0 5 12 1 0
0 5 12 2 0
0 5 12 3 0
0 5 12 4 0
0 5 12 5 0
0 5 12 6 0
0 5 12 7 0
0 5 12 8 0
0 5 12 9 0
0 5 12 10 0
0 5 12 11 0
0 5 12 12 0
0 5 12 13 0
0 5 12 14 0
0 5 12 15 0
0 5 13 0 0
0 5 13 1 0
0 5 13 2 0
0 5 13 3 0
0 5 13 4 0
0 5 13 5 0
0 5 13 6 0
0 5 13 7 0
0 5 13 8 0
0 5 13 9 0
0 5 13 10 0
0 5 13 11 0
0 5 13 12 0
0 5 13 13 0
0 5 13 14 0
0 5 13 15 0
0 5 14 0 0
0 5 14 1 0
0 5 14 2 0
0 5 14 3 0
0 5 14 4 0
0 5 14 5 0
0 5 14 6 0
0 5 14 7 0
0 5 14 8 0
0 5 14 9 0
0 5 14 10 0
0 5 14 11 0
0 5 14 12 0
0 5 14 13 0
0 5 14 14 0
0 5 14 15 0
0 5 15 0 0
0 5 15 1 0
0 5 15 2 0
0 5 15 3 0
0 5 15 4 0
0 5 15 5 0
0 5 15 6 0
0 5 15 7 0
0 5 15 8 0
0 5 15 9 0
0 5 15 10 0
0 5 15 11 0
0 5 15 12 0
0 5 15 13 0
0 5 15 14 0
0 5 15 15 0
0 6 0 0 0
0 6 0 1 0
0 6 0 2 0
0 6 0 3 0
0 6 0 4 0
0 6 0 5 0
0 6 0 6 1.582340742696578
0 6 0 7 0
0 6 0 8 0
0 6 0 9 0
0 6 0 10 0
0 6 0 11 0
0 6 0 12 0
0 6 0 13 0.01645872644576076
0 6 0 14 0
0 6 0 15 0
0 6 1 0 0
0 6 1 1 0
0 6 1 2 0
0 6 1 3 0
0 6 1 4 0
0 6 1 5 0
0 6 1 6 0
0 6 1 7 0
0 6 1 8 0
0 6 1 9 0
0 6 1 10 0
0 6 1 11 0
0 6 1 12 0
0 6 1 13 0
0 6 1 14 0
0 6 1 15 0
0 6 2 0 0
0 6 2 1 0
0 6 2 2 0
0 6 2 3 0
0 6 2 4 0
0 6 2 5 0
0 6 2 6 -2.311834823897285e-06
0 6 2 7 0
0 6 2 8 0
0 6 2 9 0
0 6 2 10 0
0 6 2 11 0
0 6 2 12 0
0 6 2 13 0
0 6 2 14 0
0 6 2 15 0
0 6 3 0 0
0 6 3 1 0
0 6 3 2 0
0 6 3 3 0
0 6 3 4 0
0 6 3 5 0
0 6 3 6 0
0 6 3 7 0
0 6 3 8 0
0 6 3 9 0
0 6 3 10 0
0 6 3 11 0
0 6 3 12 0
0 6 3 13 0
0 6 3 14 0
0 6 3 15 0
0 6 4 0 0
0 6 4 1 0
0 6 4 2 0
0 6 4 3 0
0 6 4 4 0
0 6 4 5 0
0 6 4 6 0
0 6 4 7 0
0 6 4 8 0
0 6 4 9 0
0 6 4 10 0
0 6 4 11 0
0 6 4 12 0
0 6 4 13 0
0 6 4 14 0
0 6 4 15 0
0 6 5 0 0
0 6 5 1 0
0 6 5 2 0
0 6 5 3 0
0 6 5 4 0
0 6 5 5 0
0 6 5 6 0
0 6 5 7 0
0 6 5 8 0
0 6 5 9 0
0 6 5 10 0
0 6 5 11 0
0 6 5 12 0
0 6 5 13 0
0 6 5 14 0
0 6 5 15 0
0 6 6 0 -0.7911864325348366
0 6 6 1 0
0 6 6 2 -5.901612228290587e-05
0 6 6 3 0
0 6 6 4 0
0 6 6 5 0
0 6 6 6 0
0 6 6 7 0
0 6 6 8 0
0 6 6 9 0
0 6 6 10 0
0 6 6 11 -0.00263547570572878
0 6 6 12 0
0 6 6 13 0
0 6 6 14 0
0 6 6 15 0
0 6 7 0 0
0 6 7 1 0
0 6 7 2 0
0 6 7 3 0
0 6 7 4 0
0 6 7 5 0
0 6 7 6 0
0 6 7 7 0
0 6 7 8 0
0 6 7 9 0
0 6 7 10 0
0 6 7 11 0
0 6 7 12 0
0 6 7 13 0
0 6 7 14 0
0 6 7 15 0
0 6 8 0 0
0 6 8 1 0
0 6 8 2 0
0 6 8 3 0
0 6 8 4 0
0 6 8 5 0
0 6 8 6 0
0 6 8 7 0
0 6 8 8 0
0 6 8 9 0
0 6 8 10 0
0 6 8 11 0
0 6 8 12 0
0 6 8 13 0
0 6 8 14 0
0 6 8 15 0
0 6 9 0 0
0 6 9 1 0
0 6 9 2 0
0 6 9 3 0
0 6 9 4 0
0 6 9 5 0
0 6 9 6 0
0 6 9 7 0
0 6 9 8 0
0 6 9 9 0
0 6 9 10 0
0 6 9 11 0
0 6 9 12 0
0 6 9 13 0
0 6 9 14 0
0 6 9 15 0
0 6 10 0 0
0 6 10 1 0
0 6 10 2 0
0 6 10 3 0
0 6 10 4 0
0 6 10 5 0
0 6 10 6 0
0 6 10 7 0
0 6 10 8 0
0 6 10 9 0
0 6 10 10 0
0 6 10 11 0
0 6 10 12 0
0 6 10 13 0
0 6 10 14 0
0 6 10 15 0
0 6 11 0 0
0 6 11 1 0
0 6 11 2 0
0 6 11 3 0
0 6 11 4 0
0 6 11 5 0
0 6 11 6 -0.002220143575202455
0 6 11 7 0
0 6 11 8 0
0 6 11 9 0
0 6 11 10 0
0 6 11 11 0
0 6 11 12 0
0 6 11 13 0
0 6 11 14 0
0 6 11 15 0
0 6 12 0 0
0 6 12 1 0
0 6 12 2 0
0 6 12 3 0
0 6 12 4 0
0 6 12 5 0
0 6 12 6 0
0 6 12 7 0
0 6 12 8 0
0 6 12 9 0
0 6 12 10 0
0 6 12 11 0
0 6 12 12 0
0 6 12 13 0
0 6 12 14 0
0 6 12 15 0
0 6 13 0 -0.008229363222880381
0 6 13 1 0
0 6 13 2 0
0 6 13 3 0
0 6 13 4 0
0 6 13 5 0
0 6 13 6 0
0 6 13 7 0
0 6 13 8 0
0 6 13 9 0
0 6 13 10 0
0 6 13 11 0
0 6 13 12 0
0 6 13 13 0
0 6 13 14 0
0 6 13 15 0
0 6 14 0 0
0 6 14 1 0
0 6 14 2 0
0 6 14 3 0
0 6 14 4 0
0 6 14 5 0
0 6 14 6 0
0 6 14 7 0
0 6 14 8 0
0 6 14 9 0
0 6 14 10 0
0 6 14 11 0
0 6 14 12 0
0 6 14 13 0
0 6 14 14 0
0 6 14 15 0
0 6 15 0 0
0 6 15 1 0
0 6 15 2 0
0 6 15 3 0
0 6 15 4 0
0 6 15 5 0
0 6 15 6 0
0 6 15 7 0
0 6 15 8 0
0 6 15 9 0
0 6 15 10 0
0 6 15 11 0
0 6 15 12 0
0 6 15 13 0
0 6 15 14 0
0 6 15 15 0
0 7 0 0 0
0 7 0 1 0
0 7 0 2 0
0 7 0 3 0
0 7 0 4 0
0 7 0 5 0
0 7 0 6 0
0 7 0 7 1.7890887882196
0 7 0 8 0
0 7 0 9 0
0 7 0 10 0
0 7 0 11 0
0 7 0 12 0
0 7 0 13 0
0 7 0 14 0
0 7 0 15 0
0 7 1 0 0
0 7 1 1 0
0 7 1 2 0
0 7 1 3 0
0 7 1 4 0
0 7 1 5 0
0 7 1 6 0
0 7 1 7 0
0 7 1 8 0
0 7 1 9 0
0 7 1 10 0
0 7 1 11 0
0 7 1 12 0
0 7 1 13 0
0 7 1 14 0
0 7 1 15 0
0 7 2 0 0
0 7 2 1 0
0 7 2 2 0
0 7 2 3 0
0 7 2 4 0
0 7 2 5 0
0 7 2 6 0
0 7 2 7 0
0 7 2 8 0
0 7 2 9 0
0 7 2 10 0
0 7 2 11 0
0 7 2 12 0
0 7 2 13 0
0 7 2 14 0
0 7 2 15 0
0 7 3 0 0
0 7 3 1 0
0 7 3 2 0
0 7 3 3 0
0 7 3 4 0
0 7 3 5 0
0 7 3 6 0
0 7 3 7 0
0 7 3 8 0
0 7 3 9 0
0 7 3 10 0
0 7 3 11 0
0 7 3 12 0
0 7 3 13 0
0 7 3 14 0
0 7 3 15 0
0 7 4 0 0
0 7 4 1 0
0 7 4 2 0
0 7 4 3 0
0 7 4 4 0
0 7 4 5 0
0 7 4 6 0
0 7 4 7 0
0 7 4 8 0
0 7 4 9 0
0 7 4 10 0
0 7 4 11 0
0 7 4 12 0
0 7 4 13 0
0 7 4 14 0
0 7 4 15 0
0 7 5 0 0
0 7 5 1 0
0 7 5 2 0
0 7 5 3 0
0 7 5 4 0
0 7 5 5 0
0 7 5 6 0
0 7 5 7 0
0 7 5 8 0
0 7 5 9 0
0 7 5 10 0
0 7 5 11 0
0 7 5 12 0
0 7 5 13 0
0 7 5 14 0
0 7 5 15 0
0 7 6 0 0
0 7 6 1 0
0 7 6 2 0
0 7 6 3 0
0 7 6 4 0
0 7 6 5 0
0 7 6 6 0
0 7 6 7 0
0 7 6 8 0
0 7 6 9 0
0 7 6 10 0
0 7 6 11 0
0 7 6 12 0
0 7 6 13 0
0 7 6 14 0
0 7 6 15 0
0 7 7 0 -0.8945443941097999
0 7 7 1 0
0 7 7 2 0
0 7 7 3 0
0 7 7 4 0
0 7 7 5 0
0 7 7 6 0
0 7 7 7 0
0 7 7 8 0
0 7 7 9 0
0 7 7 10 0
0 7 7 11 0.0002635565204482543
0 7 7 12 0
0 7 7 13 0
0 7 7 14 0
0 7 7 15 0
0 7 8 0 0
0 7 8 1 0
0 7 8 2 0
0 7 8 3 0
0 7 8 4 0
0 7 8 5 0
0 7 8 6 0
0 7 8 7 0
0 7 8 8 0
0 7 8 9 0
0 7 8 10 0
0 7 8 11 0
0 7 8 12 0
0 7 8 13 0
0 7 8 14 0
0 7 8 15 0
0 7 9 0 0
0 7 9 1 0
0 7 9 2 0
0 7 9 3 0
0 7 9 4 0
0 7 9 5 0
0 7 9 6 0
0 7 9 7 0
0 7 9 8 0
0 7 9 9 0
0 7 9 10 0
0 7 9 11 0
0 7 9 12 0
0 7 9 13 0
0 7 9 14 0
0 7 9 15 0
0 7 10 0 0
0 7 10 1 0
0 7 10 2 0
0 7 10 3 0
0 7 10 4 0
0 7 10 5 0
0 7 10 6 0
0 7 10 7 0
0 7 10 8 0
0 7 10 9 0
0 7 10 10 0
0 7 10 11 0
0 7 10 12 0
0 7 10 13 0
0 7 10 14 0
0 7 10 15 0
0 7 11 0 0
0 7 11 1 0
0 7 11 2 0
0 7 11 3 0
0 7 11 4 0
0 7 11 5 0
0 7 11 6 0
0 7 11 7 -0.0005271130408965086
0 7 11 8 0
0 7 11 9 0
0 7 11 10 0
0 7 11 11 0
0 7 11 12 0
0 7 11 13 0
0 7 11 14 0
0 7 11 15 0
0 7 12 0 0
0 7 12 1 0
0 7 12 2 0
0 7 12 3 0
0 7 12 4 0
0 7 12 5 0
0 7 12 6 0
0 7 12 7 0
0 7 12 8 0
0 7 12 9 0
0 7 12 10 0
0 7 12 11 0
0 7 12 12 0
0 7 12 13 0
0 7 12 14 0
0 7 12 15 0
0 7 13 0 0
0 7 13 1 0
0 7 13 2 0
0 7 13 3 0
0 7 13 4 0
0 7 13 5 0
0 7 13 6 0
0 7 13 7 0
0 7 13 8 0
0 7 13 9 0
0 7 13 10 0
0 7 13 11 0
0 7 13 12 0
0 7 13 13 0
0 7 13 14 0
0 7 13 15 0
0 7 14 0 0
0 7 14 1 0
0 7 14 2 0
0 7 14 3 0
0 7 14 4 0
0 7 14 5 0
0 7 14 6 0
0 7 14 7 0
0 7 14 8 0
0 7 14 9 0
0 7 14 10 0
0 7 14 11 0
0 7 14 12 0
0 7 14 13 0
0 7 14 14 0
0 7 14 15 0
0 7 15 0 0
0 7 15 1 0
0 7 15 2 0
0 7 15 3 0
0 7 15 4 0
0 7 15 5 0
0 7 15 6 0
0 7 15 7 0
0 7 15 8 0
0 7 15 9 0
0 7 15 10 0
0 7 15 11 0
0 7 15 12 0
0 7 15 13 0
0 7 15 14 0
0 7 15 15 0
0 8 0 0 0
0 8 0 1 0
0 8 0 2 0
0 8 0 3 0.01776772335347322
0 8 0 4 0
0 8 0 5 0
0 8 0 6 0
0 8 0 7 0
0 8 0 8 0.001333088118557701
0 8 0 9 0
0 8 0 10 0
0 8 0 11 0
0 8 0 12 0
0 8 0 13 0
0 8 0 14 0
0 8 0 15 0
0 8 1 0 0
0 8 1 1 0
0 8 1 2 0
0 8 1 3 0
0 8 1 4 0
0 8 1 5 0
0 8 1 6 0
0 8 1 7 0
0 8 1 8 0
0 8 1 9 0
0 8 1 10 0
0 8 1 11 0
0 8 1 12 0
0 8 1 13 0
0 8 1 14 0
0 8 1 15 0
0 8 2 0 0
0 8 2 1 0
0 8 2 2 0
0 8 2 3 0
0 8 2 4 0
0 8 2 5 0
0 8 2 6 0
0 8 2 7 0
0 8 2 8 0
0 8 2 9 0
0 8 2 10 0
0 8 2 11 0
0 8 2 12 0
0 8 2 13 0
0 8 2 14 0
0 8 2 15 0
0 8 3 0 -0.008883861676736608
0 8 3 1 0
0 8 3 2 0
0 8 3 3 0
0 8 3 4 0
0 8 3 5 0
0 8 3 6 0
0 8 3 7 0
0 8 3 8 0
0 8 3 9 0
0 8 3 10 0
0 8 3 11 -0.0001314830633689367
0 8 3 12 0
0 8 3 13 0
0 8 3 14 0
0 8 3 15 0
0 8 4 0 0
0 8 4 1 0
0 8 4 2 0
0 8 4 3 0
0 8 4 4 0
0 8 4 5 0
0 8 4 6 0
0 8 4 7 0
0 8 4 8 0
0 8 4 9 0
0 8 4 10 0
0 8 4 11 0
0 8 4 12 0
0 8 4 13 0
0 8 4 14 0
0 8 4 15 0
0 8 5 0 0
0 8 5 1 0
0 8 5 2 0
0 8 5 3 0
0 8 5 4 0
0 8 5 5 0
0 8 5 6 0
0 8 5 7 0
0 8 5 8 0
0 8 5 9 0
0 8 5 10 0
0 8 5 11 0
0 8 5 12 0
0 8 5 13 0
0 8 5 14 0
0 8 5 15 0
0 8 6 0 0
0 8 6 1 0
0 8 6 2 0
0 8 6 3 0
0 8 6 4 0
0 8 6 5 0
0 8 6 6 0
0 8 6 7 0
0 8 6 8 0
0 8 6 9 0
0 8 6 10 0
0 8 6 11 0
0 8 6 12 0
0 8 6 13 0
0 8 6 14 0
0 8 6 15 0
0 8 7 0 0
0 8 7 1 0
0 8 7 2 0
0 8 7 3 0
0 8 7 4 0
0 8 7 5 0
0 8 7 6 0
0 8 7 7 0
0 8 7 8 0
0 8 7 9 0
0 8 7 10 0
0 8 7 11 0
0 8 7 12 0
0 8 7 13 0
0 8 7 14 0
0 8 7 15 0
0 8 8 0 -0.0006665440592788503
0 8 8 1 0
0 8 8 2 0
0 8 8 3 0
0 8 8 4 0
0 8 8 5 0
0 8 8 6 0
0 8 8 7 0
0 8 8 8 0
0 8 8 9 0
0 8 8 10 0
0 8 8 11 0
0 8 8 12 0
0 8 8 13 0
0 8 8 14 0
0 8 8 15 0
0 8 9 0 0
0 8 9 1 0
0 8 9 2 0
0 8 9 3 0
0 8 9 4 0
0 8 9 5 0
0 8 9 6 0
0 8 9 7 0
0 8 9 8 0
0 8 9 9 0
0 8 9 10 0
0 8 9 11 0
0 8 9 12 0
0 8 9 13 0
0 8 9 14 0
0 8 9 15 0
0 8 10 0 0
0 8 10 1 0
0 8 10 2 0
0 8 10 3 0
0 8 10 4 0
0 8 10 5 0
0 8 10 6 0
0 8 10 7 0
0 8 10 8 0
0 8 10 9 0
0 8 10 10 0
0 8 10 11 0
0 8 10 12 0
0 8 10 13 0
0 8 10 14 0
0 8 10 15 0
0 8 11 0 0
0 8 11 1 0
0 8 11 2 0
0 8 11 3 -0.0001468000656992864
0 8 11 4 0
0 8 11 5 0
0 8 11 6 0
0 8 11 7 0
0 8 11 8 0
0 8 11 9 0
0 8 11 10 0
0 8 11 11 0
0 8 11 12 0
0 8 11 13 0
0 8 11 14 0
0 8 11 15 0
0 8 12 0 0
0 8 12 1 0
0 8 12 2 0
0 8 12 3 0
0 8 12 4 0
0 8 12 5 0
0 8 12 6 0
0 8 12 7 0
0 8 12 8 0
0 8 12 9 0
0 8 12 10 0
0 8 12 11 0
0 8 12 12 0
0 8 12 13 0
0 8 12 14 0
0 8 12 15 0
0 8 13 0 0
0 8 13 1 0
0 8 13 2 0
0 8 13 3 0
0 8 13 4 0
0 8 13 5 0
0 8 13 6 0
0 8 13 7 0
0 8 13 8 0
0 8 13 9 0
0 8 13 10 0
0 8 13 11 0
0 8 13 12 0
0 8 13 13 0
0 8 13 14 0
0 8 13 15 0
0 8 14 0 0
0 8 14 1 0
0 8 14 2 0
0 8 14 3 0
0 8 14 4 0
0 8 14 5 0
0 8 14 6 0
0 8 14 7 0
0 8 14 8 0
0 8 14 9 0
0 8 14 10 0
0 8 14 11 0
0 8 14 12 0
0 8 14 13 0
0 8 14 14 0
0 8 14 15 0
0 8 15 0 0
0 8 15 1 0
0 8 15 2 0
0 8 15 3 0
0 8 15 4 0
0 8 15 5 0
0 8 15 6 0
0 8 15 7 0
0 8 15 8 0
0 8 15 9 0
0 8 15 10 0
0 8 15 11 0
0 8 15 12 0
0 8 15 13 0
0 8 15 14 0
0 8 15 15 0
0 9 0 0 0
0 9 0 1 0
0 9 0 2 0
0 9 0 3 0
0 9 0 4 0.02008254085977053
0 9 0 5 0
0 9 0 6 0
0 9 0 7 0
0 9 0 8 0
0 9 0 9 0.001703070432451792
0 9 0 10 0
0 9 0 11 0
0 9 0 12 0
0 9 0 13 0
0 9 0 14 0
0 9 0 15 0
0 9 1 0 0
0 9 1 1 0
0 9 1 2 0
0 9 1 3 0
0 9 1 4 0
0 9 1 5 0
0 9 1 6 0
0 9 1 7 0
0 9 1 8 0
0 9 1 9 0
0 9 1 10 0
0 9 1 11 0
0 9 1 12 0
0 9 1 13 0
0 9 1 14 0
0 9 1 15 0
0 9 2 0 0
0 9 2 1 0
0 9 2 2 0
0 9 2 3 0
0 9 2 4 0
0 9 2 5 0
0 9 2 6 0
0 9 2 7 0
0 9 2 8 0
0 9 2 9 0
0 9 2 10 0
0 9 2 11 0
0 9 2 12 0
0 9 2 13 0
0 9 2 14 0
0 9 2 15 0
0 9 3 0 0
0 9 3 1 0
0 9 3 2 0
0 9 3 3 0
0 9 3 4 0
0 9 3 5 0
0 9 3 6 0
0 9 3 7 0
0 9 3 8 0
0 9 3 9 0
0 9 3 10 0
0 9 3 11 0
0 9 3 12 0
0 9 3 13 0
0 9 3 14 0
0 9 3 15 0
0 9 4 0 -0.01004127042988527
0 9 4 1 0
0 9 4 2 0
0 9 4 3 0
0 9 4 4 0
0 9 4 5 0
0 9 4 6 0
0 9 4 7 0
0 9 4 8 0
0 9 4 9 0
0 9 4 10 0
0 9 4 11 -0.00015219042936122
0 9 4 12 0
0 9 4 13 0
0 9 4 14 0
0 9 4 15 0
0 9 5 0 0
0 9 5 1 0
0 9 5 2 0
0 9 5 3 0
0 9 5 4 0
0 9 5 5 0
0 9 5 6 0
0 9 5 7 0
0 9 5 8 0
0 9 5 9 0
0 9 5 10 0
0 9 5 11 0
0 9 5 12 0
0 9 5 13 0
0 9 5 14 0
0 9 5 15 0
0 9 6 0 0
0 9 6 1 0
0 9 6 2 0
0 9 6 3 0
0 9 6 4 0
0 9 6 5 0
0 9 6 6 0
0 9 6 7 0
0 9 6 8 0
0 9 6 9 0
0 9 6 10 0
0 9 6 11 0
0 9 6 12 0
0 9 6 13 0
0 9 6 14 0
0 9 6 15 0
0 9 7 0 0
0 9 7 1 0
0 9 7 2 0
0 9 7 3 0
0 9 7 4 0
0 9 7 5 0
0 9 7 6 0
0 9 7 7 0
0 9 7 8 0
0 9 7 9 0
0 9 7 10 0
0 9 7 11 0
0 9 7 12 0
0 9 7 13 0
0 9 7 14 0
0 9 7 15 0
0 9 8 0 0
0 9 8 1 0
0 9 8 2 0
0 9 8 3 0
0 9 8 4 0
0 9 8 5 0
0 9 8 6 0
0 9 8 7 0
0 9 8 8 0
0 9 8 9 0
0 9 8 10 0
0 9 8 11 0
0 9 8 12 0
0 9 8 13 0
0 9 8 14 0
0 9 8 15 0
0 9 9 0 -0.0008515352162258962
0 9 9 1 0
0 9 9 2 0
0 9 9 3 0
0 9 9 4 0
0 9 9 5 0
0 9 9 6 0
0 9 9 7 0
0 9 9 8 0
0 9 9 9 0
0 9 9 10 0
0 9 9 11 0
0 9 9 12 0
0 9 9 13 0
0 9 9 14 0
0 9 9 15 0
0 9 10 0 0
0 9 10 1 0
0 9 10 2 0
0 9 10 3 0
0 9 10 4 0
0 9 10 5 0
0 9 10 6 0
0 9 10 7 0
0 9 10 8 0
0 9 10 9 0
0 9 10 10 0
0 9 10 11 0
0 9 10 12 0
0 9 10 13 0
0 9 10 14 0
0 9 10 15 0
0 9 11 0 0
0 9 11 1 0
0 9 11 2 0
0 9 11 3 0
0 9 11 4 -0.0001659254964168851
0 9 11 5 0
0 9 11 6 0
0 9 11 7 0
0 9 11 8 0
0 9 11 9 0
0 9 11 10 0
0 9 11 11 0
0 9 11 12 0
0 9 11 13 0
0 9 11 14 0
0 9 11 15 0
0 9 12 0 0
0 9 12 1 0
0 9 12 2 0
0 9 12 3 0
0 9 12 4 0
0 9 12 5 0
0 9 12 6 0
0 9 12 7 0
0 9 12 8 0
0 9 12 9 0
0 9 12 10 0
0 9 12 11 0
0 9 12 12 0
0 9 12 13 0
0 9 12 14 0
0 9 12 15 0
0 9 13 0 0
0 9 13 1 0
0 9 13 2 0
0 9 13 3 0
0 9 13 4 0
0 9 13 5 0
0 9 13 6 0
0 9 13 7 0
0 9 13 8 0
0 9 13 9 0
0 9 13 10 0
0 9 13 11 0
0 9 13 12 0
0 9 13 13 0
0 9 13 14 0
0 9 13 15 0
0 9 14 0 0
0 9 14 1 0
0 9 14 2 0
0 9 14 3 0
0 9 14 4 0
0 9 14 5 0
0 9 14 6 0
0 9 14 7 0
0 9 14 8 0
0 9 14 9 0
0 9 14 10 0
0 9 14 11 0
0 9 14 12 0
0 9 14 13 0
0 9 14 14 0
0 9 14 15 0
0 9 15 0 0
0 9 15 1 0
0 9 15 2 0
0 9 15 3 0
0 9 15 4 0
0 9 15 5 0
0 9 15 6 0
0 9 15 7 0
0 9 15 8 0
0 9 15 9 0
0 9 15 10 0
0 9 15 11 0
0 9 15 12 0
0 9 15 13 0
0 9 15 14 0
0 9 15 15 0
0 10 0 0 0
0 10 0 1 0
0 10 0 2 0
0 10 0 3 0
0 10 0 4 0
0 10 0 5 0
0 10 0 6 0
0 10 0 7 0
0 10 0 8 0
0 10 0 9 0
0 10 0 10 0
0 10 0 11 0
0 10 0 12 0
0 10 0 13 0
0 10 0 14 0
0 10 0 15 0
0 10 1 0 0
0 10 1 1 0
0 10 1 2 0
0 10 1 3 0
0 10 1 4 0
0 10 1 5 0
0 10 1 6 0
0 10 1 7 0
0 10 1 8 0
0 10 1 9 0
0 10 1 10 0
0 10 1 11 0
0 10 1 12 0
0 10 1 13 0
0 10 1 14 0
0 10 1 15 0
0 10 2 0 0
0 10 2 1 0
0 10 2 2 0
0 10 2 3 0
0 10 2 4 0
0 10 2 5 0
0 10 2 6 0
0 10 2 7 0
0 10 2 8 0
0 10 2 9 0
0 10 2 10 0
0 10 2 11 0
0 10 2 12 0
0 10 2 13 0
0 10 2 14 0
0 10 2 15 0
0 10 3 0 0
0 10 3 1 0
0 10 3 2 0
0 10 3 3 0
0 10 3 4 0
0 10 3 5 0
0 10 3 6 0
0 10 3 7 0
0 10 3 8 0
0 10 3 9 0
0 10 3 10 0
0 10 3 11 0
0 10 3 12 0
0 10 3 13 0
0 10 3 14 0
0 10 3 15 0
0 10 4 0 0
0 10 4 1 0
0 10 4 2 0
0 10 4 3 0
0 10 4 4 0
0 10 4 5 0
0 10 4 6 0
0 10 4 7 0
0 10 4 8 0
0 10 4 9 0
0 10 4 10 0
0 10 4 11 0
0 10 4 12 0
0 10 4 13 0
0 10 4 14 0
0 10 4 15 0
0 10 5 0 0
0 10 5 1 0
0 10 5 2 0
0 10 5 3 0
0 10 5 4 0
0 10 5 5 0
0 10 5 6 0
0 10 5 7 0
0 10 5 8 0
0 10 5 9 0
0 10 5 10 0
0 10 5 11 0
0 10 5 12 0
0 10 5 13 0
0 10 5 14 0
0 10 5 15 0
0 10 6 0 0
0 10 6 1 0
0 10 6 2 0
0 10 6 3 0
0 10 6 4 0
0 10 6 5 0
0 10 6 6 0
0 10 6 7 0
0 10 6 8 0
0 10 6 9 0
0 10 6 10 0
0 10 6 11 0
0 10 6 12 0
0 10 6 13 0
0 10 6 14 0
0 10 6 15 0
0 10 7 0 0
0 10 7 1 0
0 10 7 2 0
0 10 7 3 0
0 10 7 4 0
0 10 7 5 0
0 10 7 6 0
0 10 7 7 0
0 10 7 8 0
0 10 7 9 0
0 10 7 10 0
0 10 7 11 0
0 10 7 12 0
0 10 7 13 0
0 10 7 14 0
0 10 7 15 0
0 10 8 0 0
0 10 8 1 0
0 10 8 2 0
0 10 8 3 0
0 10 8 4 0
0 10 8 5 0
0 10 8 6 0
0 10 8 7 0
0 10 8 8 0
0 10 8 9 0
0 10 8 10 0
0 10 8 11 0
0 10 8 12 0
0 10 8 13 0
0 10 8 14 0
0 10 8 15 0
0 10 9 0 0
0 10 9 1 0
0 10 9 2 0
0 10 9 3 0
0 10 9 4 0
0 10 9 5 0
0 10 9 6 0
0 10 9 7 0
0 10 9 8 0
0 10 9 9 0
0 10 9 10 0
0 10 9 11 0
0 10 9 12 0
0 10 9 13 0
0 10 9 14 0
0 10 9 15 0
0 10 10 0 0
0 10 10 1 0
0 10 10 2 0
0 10 10 3 0
0 10 10 4 0
0 10 10 5 0
0 10 10 6 0
0 10 10 7 0
0 10 10 8 0
0 10 10 9 0
0 10 10 10 0
0 10 10 11 0
0 10 10 12 0
0 10 10 13 0
0 10 10 14 0
0 10 10 15 0
0 10 11 0 0
0 10 11 1 0
0 10 11 2 0
0 10 11 3 0
0 10 11 4 0
0 10 11 5 0
0 10 11 6 0
0 10 11 7 0
0 10 11 8 0
0 10 11 9 0
0 10 11 10 0
0 10 11 11 0
0 10 11 12 0
0 10 11 13 0
0 10 11 14 0
0 10 11 15 0
0 10 12 0 0
0 10 12 1 0
0 10 12 2 0
0 10 12 3 0
0 10 12 4 0
0 10 12 5 0
0 10 12 6 0
0 10 12 7 0
0 10 12 8 0
0 10 12 9 0
0 10 12 10 0
0 10 12 11 0
0 10 12 12 0
0 10 12 13 0
0 10 12 14 0
0 10 12 15 0
0 10 13 0 0
0 10 13 1 0
0 10 13 2 0
0 10 13 3 0
0 10 13 4 0
0 10 13 5 0
0 10 13 6 0
0 10 13 7 0
0 10 13 8 0
0 10 13 9 0
0 10 13 10 0
0 10 13 11 0
0 10 13 12 0
0 10 13 13 0
0 10 13 14 0
0 10 13 15 0
0 10 14 0 0
0 10 14 1 0
0 10 14 2 0
0 10 14 3 0
0 10 14 4 0
0 10 14 5 0
0 10 14 6 0
0 10 14 7 0
0 10 14 8 0
0 10 14 9 0
0 10 14 10 0
0 10 14 11 0
0 10 14 12 0
0 10 14 13 0
0 10 14 14 0
0 10 14 15 0
0 10 15 0 0
0 10 15 1 0
0 10 15 2 0
0 10 15 3 0
0 10 15 4 0
0 10 15 5 0
0 10 15 6 0
0 10 15 7 0
0 10 15 8 0
0 10 15 9 0
0 10 15 10 0
0 10 15 11 0
0 10 15 12 0
0 10 15 13 0
0 10 15 14 0
0 10 15 15 0
0 11 0 0 -0.002220143575202455
0 11 0 1 0
0 11 0 2 -0.004446644201159106
0 11 0 3 0
0 11 0 4 0
0 11 0 5 0
0 11 0 6 0
0 11 0 7 0
0 11 0 8 0
0 11 0 9 0
0 11 0 10 0
0 11 0 11 0.000261861572162226
0 11 0 12 0
0 11 0 13 0
0 11 0 14 -0.0002654175904546682
0 11 0 15 0
0 11 1 0 0
0 11 1 1 0
0 11 1 2 0
0 11 1 3 0
0 11 1 4 0
0 11 1 5 0
0 11 1 6 0
0 11 1 7 0
0 11 1 8 0
0 11 1 9 0
0 11 1 10 0
0 11 1 11 0
0 11 1 12 0
0 11 1 13 0
0 11 1 14 0
0 11 1 15 0
0 11 2 0 0.002223322100579553
0 11 2 1 0
0 11 2 2 0
0 11 2 3 0
0 11 2 4 0
0 11 2 5 0
0 11 2 6 0
0 11 2 7 0
0 11 2 8 0
0 11 2 9 0
0 11 2 10 0
0 11 2 11 -2.311834823897283e-06
0 11 2 12 0
0 11 2 13 0
0 11 2 14 0
0 11 2 15 0
0 11 3 0 0
0 11 3 1 0
0 11 3 2 0
0 11 3 3 0
0 11 3 4 0
0 11 3 5 0
0 11 3 6 0
0 11 3 7 0
0 11 3 8 0
0 11 3 9 0
0 11 3 10 0
0 11 3 11 0
0 11 3 12 0
0 11 3 13 0
0 11 3 14 0
0 11 3 15 0
0 11 4 0 0
0 11 4 1 0
0 11 4 2 0
0 11 4 3 0
0 11 4 4 0
0 11 4 5 0
0 11 4 6 0
0 11 4 7 0
0 11 4 8 0
0 11 4 9 0
0 11 4 10 0
0 11 4 11 0
0 11 4 12 0
0 11 4 13 0
0 11 4 14 0
0 11 4 15 0
0 11 5 0 0
0 11 5 1 0
0 11 5 2 0
0 11 5 3 0
0 11 5 4 0
0 11 5 5 0
0 11 5 6 0
0 11 5 7 0
0 11 5 8 0
0 11 5 9 0
0 11 5 10 0
0 11 5 11 0
0 11 5 12 0
0 11 5 13 0
0 11 5 14 0
0 11 5 15 0
0 11 6 0 0
0 11 6 1 0
0 11 6 2 0
0 11 6 3 0
0 11 6 4 0
0 11 6 5 0
0 11 6 6 0
0 11 6 7 0
0 11 6 8 0
0 11 6 9 0
0 11 6 10 0
0 11 6 11 0
0 11 6 12 0
0 11 6 13 0
0 11 6 14 0
0 11 6 15 0
0 11 7 0 0
0 11 7 1 0
0 11 7 2 0
0 11 7 3 0
0 11 7 4 0
0 11 7 5 0
0 11 7 6 0
0 11 7 7 0
0 11 7 8 0
0 11 7 9 0
0 11 7 10 0
0 11 7 11 0
0 11 7 12 0
0 11 7 13 0
0 11 7 14 0
0 11 7 15 0
0 11 8 0 0
0 11 8 1 0
0 11 8 2 0
0 11 8 3 0
0 11 8 4 0
0 11 8 5 0
0 11 8 6 0
0 11 8 7 0
0 11 8 8 0
0 11 8 9 0
0 11 8 10 0
0 11 8 11 0
0 11 8 12 0
0 11 8 13 0
0 11 8 14 0
0 11 8 15 0
0 11 9 0 0
0 11 9 1 0
0 11 9 2 0
0 11 9 3 0
0 11 9 4 0
0 11 9 5 0
0 11 9 6 0
0 11 9 7 0
0 11 9 8 0
0 11 9 9 0
0 11 9 10 0
0 11 9 11 0
0 11 9 12 0
0 11 9 13 0
0 11 9 14 0
0 11 9 15 0
0 11 10 0 0
0 11 10 1 0
0 11 10 2 0
0 11 10 3 0
0 11 10 4 0
0 11 10 5 0
0 11 10 6 0
0 11 10 7 0
0 11 10 8 0
0 11 10 9 0
0 11 10 10 0
0 11 10 11 0
0 11 10 12 0
0 11 10 13 0
0 11 10 14 0
0 11 10 15 0
0 11 11 0 -0.0001622877896940997
0 11 11 1 0
0 11 11 2 3.67389590599358e-05
0 11 11 3 0
0 11 11 4 0
0 11 11 5 0
0 11 11 6 0
0 11 11 7 0
0 11 11 8 0
0 11 11 9 0
0 11 11 10 0
0 11 11 11 0
0 11 11 12 0
0 11 11 13 0
0 11 11 14 0
0 11 11 15 0
0 11 12 0 0
0 11 12 1 0
0 11 12 2 0
0 11 12 3 0
0 11 12 4 0
0 11 12 5 0
0 11 12 6 0
0 11 12 7 0
0 11 12 8 0
0 11 12 9 0
0 11 12 10 0
0 11 12 11 0
0 11 12 12 0
0 11 12 13 0
0 11 12 14 0
0 11 12 15 0
0 11 13 0 0
0 11 13 1 0
0 11 13 2 0
0 11 13 3 0
0 11 13 4 0
0 11 13 5 0
0 11 13 6 0
0 11 13 7 0
0 11 13 8 0
0 11 13 9 0
0 11 13 10 0
0 11 13 11 0
0 11 13 12 0
0 11 13 13 0
0 11 13 14 0
0 11 13 15 0
0 11 14 0 0.0001327087952273341
0 11 14 1 0
0 11 14 2 0
0 11 14 3 0
0 11 14 4 0
0 11 14 5 0
0 11 14 6 0
0 11 14 7 0
0 11 14 8 0
0 11 14 9 0
0 11 14 10 0
0 11 14 11 0
0 11 14 12 0
0 11 14 13 0
0 11 14 14 0
0 11 14 15 0
0 11 15 0 0
0 11 15 1 0
0 11 15 2 0
0 11 15 3 0
0 11 15 4 0
0 11 15 5 0
0 11 15 6 0
0 11 15 7 0
0 11 15 8 0
0 11 15 9 0
0 11 15 10 0
0 11 15 11 0
0 11 15 12 0
0 11 15 13 0
0 11 15 14 0
0 11 15 15 0
0 12 0 0 0
0 12 0 1 0
0 12 0 2 0
0 12 0 3 0
0 12 0 4 0
0 12 0 5 0.01839731841260404
0 12 0 6 0
0 12 0 7 0
0 12 0 8 0
0 12 0 9 0
0 12 0 10 0
0 12 0 11 0
0 12 0 12 0.001429237295897725
0 12 0 13 0
0 12 0 14 0
0 12 0 15 0
0 12 1 0 0
0 12 1 1 0
0 12 1 2 0
0 12 1 3 0
0 12 1 4 0
0 12 1 5 0
0 12 1 6 0
0 12 1 7 0
0 12 1 8 0
0 12 1 9 0
0 12 1 10 0
0 12 1 11 0
0 12 1 12 0
0 12 1 13 0
0 12 1 14 0
0 12 1 15 0
0 12 2 0 0
0 12 2 1 0
0 12 2 2 0
0 12 2 3 0
0 12 2 4 0
0 12 2 5 0
0 12 2 6 0
0 12 2 7 0
0 12 2 8 0
0 12 2 9 0
0 12 2 10 0
0 12 2 11 0
0 12 2 12 0
0 12 2 13 0
0 12 2 14 0
0 12 2 15 0
0 12 3 0 0
0 12 3 1 0
0 12 3 2 0
0 12 3 3 0
0 12 3 4 0
0 12 3 5 0
0 12 3 6 0
0 12 3 7 0
0 12 3 8 0
0 12 3 9 0
0 12 3 10 0
0 12 3 11 0
0 12 3 12 0
0 12 3 13 0
0 12 3 14 0
0 12 3 15 0
0 12 4 0 0
0 12 4 1 0
0 12 4 2 0
0 12 4 3 0
0 12 4 4 0
0 12 4 5 0
0 12 4 6 0
0 12 4 7 0
0 12 4 8 0
0 12 4 9 0
0 12 4 10 0
0 12 4 11 0
0 12 4 12 0
0 12 4 13 0
0 12 4 14 0
0 12 4 15 0
0 12 5 0 -0.009198659206302019
0 12 5 1 0
0 12 5 2 0
0 12 5 3 0
0 12 5 4 0
0 12 5 5 0
0 12 5 6 0
0 12 5 7 0
0 12 5 8 0
0 12 5 9 0
0 12 5 10 0
0 12 5 11 -0.0001812624146653846
0 12 5 12 0
0 12 5 13 0
0 12 5 14 0
0 12 5 15 0
0 12 6 0 0
0 12 6 1 0
0 12 6 2 0
0 12 6 3 0
0 12 6 4 0
0 12 6 5 0
0 12 6 6 0
0 12 6 7 0
0 12 6 8 0
0 12 6 9 0
0 12 6 10 0
0 12 6 11 0
0 12 6 12 0
0 12 6 13 0
0 12 6 14 0
0 12 6 15 0
0 12 7 0 0
0 12 7 1 0
0 12 7 2 0
0 12 7 3 0
0 12 7 4 0
0 12 7 5 0
0 12 7 6 0
0 12 7 7 0
0 12 7 8 0
0 12 7 9 0
0 12 7 10 0
0 12 7 11 0
0 12 7 12 0
0 12 7 13 0
0 12 7 14 0
0 12 7 15 0
0 12 8 0 0
0 12 8 1 0
0 12 8 2 0
0 12 8 3 0
0 12 8 4 0
0 12 8 5 0
0 12 8 6 0
0 12 8 7 0
0 12 8 8 0
0 12 8 9 0
0 12 8 10 0
0 12 8 11 0
0 12 8 12 0
0 12 8 13 0
0 12 8 14 0
0 12 8 15 0
0 12 9 0 0
0 12 9 1 0
0 12 9 2 0
0 12 9 3 0
0 12 9 4 0
0 12 9 5 0
0 12 9 6 0
0 12 9 7 0
0 12 9 8 0
0 12 9 9 0
0 12 9 10 0
0 12 9 11 0
0 12 9 12 0
0 12 9 13 0
0 12 9 14 0
0 12 9 15 0
0 12 10 0 0
0 12 10 1 0
0 12 10 2 0
0 12 10 3 0
0 12 10 4 0
0 12 10 5 0
0 12 10 6 0
0 12 10 7 0
0 12 10 8 0
0 12 10 9 0
0 12 10 10 0
0 12 10 11 0
0 12 10 12 0
0 12 10 13 0
0 12 10 14 0
0 12 10 15 0
0 12 11 0 0
0 12 11 1 0
0 12 11 2 0
0 12 11 3 0
0 12 11 4 0
0 12 11 5 -0.0001520018911783115
0 12 11 6 0
0 12 11 7 0
0 12 11 8 0
0 12 11 9 0
0 12 11 10 0
0 12 11 11 0
0 12 11 12 0
0 12 11 13 0
0 12 11 14 0
0 12 11 15 0
0 12 12 0 -0.0007146186479488625
0 12 12 1 0
0 12 12 2 0
0 12 12 3 0
0 12 12 4 0
0 12 12 5 0
0 12 12 6 0
0 12 12 7 0
0 12 12 8 0
0 12 12 9 0
0 12 12 10 0
0 12 12 11 0
0 12 12 12 0
0 12 12 13 0
0 12 12 14 0
0 12 12 15 0
0 12 13 0 0
0 12 13 1 0
0 12 13 2 0
0 12 13 3 0
0 12 13 4 0
0 12 13 5 0
0 12 13 6 0
0 12 13 7 0
0 12 13 8 0
0 12 13 9 0
0 12 13 10 0
0 12 13 11 0
0 12 13 12 0
0 12 13 13 0
0 12 13 14 0
0 12 13 15 0
0 12 14 0 0
0 12 14 1 0
0 12 14 2 0
0 12 14 3 0
0 12 14 4 0
0 12 14 5 0
0 12 14 6 0
0 12 14 7 0
0 12 14 8 0
0 12 14 9 0
0 12 14 10 0
0 12 14 11 0
0 12 14 12 0
0 12 14 13 0
0 12 14 14 0
0 12 14 15 0
0 12 15 0 0
0 12 15 1 0
0 12 15 2 0
0 12 15 3 0
0 12 15 4 0
0 12 15 5 0
0 12 15 6 0
0 12 15 7 0
0 12 15 8 0
0 12 15 9 0
0 12 15 10 0
0 12 15 11 0
0 12 15 12 0
0 12 15 13 0
0 12 15 14 0
0 12 15 15 0
0 13 0 0 0
0 13 0 1 0
0 13 0 2 0
0 13 0 3 0
0 13 0 4 0
0 13 0 5 0
0 13 0 6 0.01645872644576076
0 13 0 7 0
0 13 0 8 0
0 13 0 9 0
0 13 0 10 0
0 13 0 11 0
0 13 0 12 0
0 13 0 13 0.001143899169513064
0 13 0 14 0
0 13 0 15 0
0 13 1 0 0
0 13 1 1 0
0 13 1 2 0
0 13 1 3 0
0 13 1 4 0
0 13 1 5 0
0 13 1 6 0
0 13 1 7 0
0 13 1 8 0
0 13 1 9 0
0 13 1 10 0
0 13 1 11 0
0 13 1 12 0
0 13 1 13 0
0 13 1 14 0
0 13 1 15 0
0 13 2 0 0
0 13 2 1 0
0 13 2 2 0
0 13 2 3 0
0 13 2 4 0
0 13 2 5 0
0 13 2 6 0
0 13 2 7 0
0 13 2 8 0
0 13 2 9 0
0 13 2 10 0
0 13 2 11 0
0 13 2 12 0
0 13 2 13 0
0 13 2 14 0
0 13 2 15 0
0 13 3 0 0
0 13 3 1 0
0 13 3 2 0
0 13 3 3 0
0 13 3 4 0
0 13 3 5 0
0 13 3 6 0
0 13 3 7 0
0 13 3 8 0
0 13 3 9 0
0 13 3 10 0
0 13 3 11 0
0 13 3 12 0
0 13 3 13 0
0 13 3 14 0
0 13 3 15 0
0 13 4 0 0
0 13 4 1 0
0 13 4 2 0
0 13 4 3 0
0 13 4 4 0
0 13 4 5 0
0 13 4 6 0
0 13 4 7 0
0 13 4 8 0
0 13 4 9 0
0 13 4 10 0
0 13 4 11 0
0 13 4 12 0
0 13 4 13 0
0 13 4 14 0
0 13 4 15 0
0 13 5 0 0
0 13 5 1 0
0 13 5 2 0
0 13 5 3 0
0 13 5 4 0
0 13 5 5 0
0 13 5 6 0
0 13 5 7 0
0 13 5 8 0
0 13 5 9 0
0 13 5 10 0
0 13 5 11 0
0 13 5 12 0
0 13 5 13 0
0 13 5 14 0
0 13 5 15 0
0 13 6 0 -0.008229363222880381
0 13 6 1 0
0 13 6 2 0
0 13 6 3 0
0 13 6 4 0
0 13 6 5 0
0 13 6 6 0
0 13 6 7 0
0 13 6 8 0
0 13 6 9 0
0 13 6 10 0
0 13 6 11 -0.0001657316503265594
0 13 6 12 0
0 13 6 13 0
0 13 6 14 0
0 13 6 15 0
0 13 7 0 0
0 13 7 1 0
0 13 7 2 0
0 13 7 3 0
0 13 7 4 0
0 13 7 5 0
0 13 7 6 0
0 13 7 7 0
0 13 7 8 0
0 13 7 9 0
0 13 7 10 0
0 13 7 11 0
0 13 7 12 0
0 13 7 13 0
0 13 7 14 0
0 13 7 15 0
0 13 8 0 0
0 13 8 1 0
0 13 8 2 0
0 13 8 3 0
0 13 8 4 0
0 13 8 5 0
0 13 8 6 0
0 13 8 7 0
0 13 8 8 0
0 13 8 9 0
0 13 8 10 0
0 13 8 11 0
0 13 8 12 0
0 13 8 13 0
0 13 8 14 0
0 13 8 15 0
0 13 9 0 0
0 13 9 1 0
0 13 9 2 0
0 13 9 3 0
0 13 9 4 0
0 13 9 5 0
0 13 9 6 0
0 13 9 7 0
0 13 9 8 0
0 13 9 9 0
0 13 9 10 0
0 13 9 11 0
0 13 9 12 0
0 13 9 13 0
0 13 9 14 0
0 13 9 15 0
0 13 10 0 0
0 13 10 1 0
0 13 10 2 0
0 13 10 3 0
0 13 10 4 0
0 13 10 5 0
0 13 10 6 0
0 13 10 7 0
0 13 10 8 0
0 13 10 9 0
0 13 10 10 0
0 13 10 11 0
0 13 10 12 0
0 13 10 13 0
0 13 10 14 0
0 13 10 15 0
0 13 11 0 0
0 13 11 1 0
0 13 11 2 0
0 13 11 3 0
0 13 11 4 0
0 13 11 5 0
0 13 11 6 -0.0001359849022577206
0 13 11 7 0
0 13 11 8 0
0 13 11 9 0
0 13 11 10 0
0 13 11 11 0
0 13 11 12 0
0 13 11 13 0
0 13 11 14 0
0 13 11 15 0
0 13 12 0 0
0 13 12 1 0
0 13 12 2 0
0 13 12 3 0
0 13 12 4 0
0 13 12 5 0
0 13 12 6 0
0 13 12 7 0
0 13 12 8 0
0 13 12 9 0
0 13 12 10 0
0 13 12 11 0
0 13 12 12 0
0 13 12 13 0
0 13 12 14 0
0 13 12 15 0
0 13 13 0 -0.0005719495847565322
0 13 13 1 0
0 13 13 2 0
0 13 13 3 0
0 13 13 4 0
0 13 13 5 0
0 13 13 6 0
0 13 13 7 0
0 13 13 8 0
0 13 13 9 0
0 13 13 10 0
0 13 13 11 0
0 13 13 12 0
0 13 13 13 0
0 13 13 14 0
0 13 13 15 0
0 13 14 0 0
0 13 14 1 0
0 13 14 2 0
0 13 14 3 0
0 13 14 4 0
0 13 14 5 0
0 13 14 6 0
0 13 14 7 0
0 13 14 8 0
0 13 14 9 0
0 13 14 10 0
0 13 14 11 0
0 13 14 12 0
0 13 14 13 0
0 13 14 14 0
0 13 14 15 0
0 13 15 0 0
0 13 15 1 0
0 13 15 2 0
0 13 15 3 0
0 13 15 4 0
0 13 15 5 0
0 13 15 6 0
0 13 15 7 0
0 13 15 8 0
0 13 15 9 0
0 13 15 10 0
0 13 15 11 0
0 13 15 12 0
0 13 15 13 0
0 13 15 14 0
0 13 15 15 0
0 14 0 0 0
0 14 0 1 0
0 14 0 2 0.001660462474723878
0 14 0 3 0
0 14 0 4 0
0 14 0 5 0
0 14 0 6 0
0 14 0 7 0
0 14 0 8 0
0 14 0 9 0
0 14 0 10 0
0 14 0 11 -0.0002654175904546682
0 14 0 12 0
0 14 0 13 0
0 14 0 14 0.000982647903889507
0 14 0 15 0
0 14 1 0 0
0 14 1 1 0
0 14 1 2 0
0 14 1 3 0
0 14 1 4 0
0 14 1 5 0
0 14 1 6 0
0 14 1 7 0
0 14 1 8 0
0 14 1 9 0
0 14 1 10 0
0 14 1 11 0
0 14 1 12 0
0 14 1 13 0
0 14 1 14 0
0 14 1 15 0
0 14 2 0 -0.0008302312373619392
0 14 2 1 0
0 14 2 2 0
0 14 2 3 0
0 14 2 4 0
0 14 2 5 0
0 14 2 6 0
0 14 2 7 0
0 14 2 8 0
0 14 2 9 0
0 14 2 10 0
0 14 2 11 -0.0001491041658039573
0 14 2 12 0
0 14 2 13 0
0 14 2 14 0
0 14 2 15 0
0 14 3 0 0
0 14 3 1 0
0 14 3 2 0
0 14 3 3 0
0 14 3 4 0
0 14 3 5 0
0 14 3 6 0
0 14 3 7 0
0 14 3 8 0
0 14 3 9 0
0 14 3 10 0
0 14 3 11 0
0 14 3 12 0
0 14 3 13 0
0 14 3 14 0
0 14 3 15 0
0 14 4 0 0
0 14 4 1 0
0 14 4 2 0
0 14 4 3 0
0 14 4 4 0
0 14 4 5 0
0 14 4 6 0
0 14 4 7 0
0 14 4 8 0
0 14 4 9 0
0 14 4 10 0
0 14 4 11 0
0 14 4 12 0
0 14 4 13 0
0 14 4 14 0
0 14 4 15 0
0 14 5 0 0
0 14 5 1 0
0 14 5 2 0
0 14 5 3 0
0 14 5 4 0
0 14 5 5 0
0 14 5 6 0
0 14 5 7 0
0 14 5 8 0
0 14 5 9 0
0 14 5 10 0
0 14 5 11 0
0 14 5 12 0
0 14 5 13 0
0 14 5 14 0
0 14 5 15 0
0 14 6 0 0
0 14 6 1 0
0 14 6 2 0
0 14 6 3 0
0 14 6 4 0
0 14 6 5 0
0 14 6 6 0
0 14 6 7 0
0 14 6 8 0
0 14 6 9 0
0 14 6 10 0
0 14 6 11 0
0 14 6 12 0
0 14 6 13 0
0 14 6 14 0
0 14 6 15 0
0 14 7 0 0
0 14 7 1 0
0 14 7 2 0
0 14 7 3 0
0 14 7 4 0
0 14 7 5 0
0 14 7 6 0
0 14 7 7 0
0 14 7 8 0
0 14 7 9 0
0 14 7 10 0
0 14 7 11 0
0 14 7 12 0
0 14 7 13 0
0 14 7 14 0
0 14 7 15 0
0 14 8 0 0
0 14 8 1 0
0 14 8 2 0
0 14 8 3 0
0 14 8 4 0
0 14 8 5 0
0 14 8 6 0
0 14 8 7 0
0 14 8 8 0
0 14 8 9 0
0 14 8 10 0
0 14 8 11 0
0 14 8 12 0
0 14 8 13 0
0 14 8 14 0
0 14 8 15 0
0 14 9 0 0
0 14 9 1 0
0 14 9 2 0
0 14 9 3 0
0 14 9 4 0
0 14 9 5 0
0 14 9 6 0
0 14 9 7 0
0 14 9 8 0
0 14 9 9 0
0 14 9 10 0
0 14 9 11 0
0 14 9 12 0
0 14 9 13 0
0 14 9 14 0
0 14 9 15 0
0 14 10 0 0
0 14 10 1 0
0 14 10 2 0
0 14 10 3 0
0 14 10 4 0
0 14 10 5 0
0 14 10 6 0
0 14 10 7 0
0 14 10 8 0
0 14 10 9 0
0 14 10 10 0
0 14 10 11 0
0 14 10 12 0
0 14 10 13 0
0 14 10 14 0
0 14 10 15 0
0 14 11 0 0.0001327087952273341
0 14 11 1 0
0 14 11 2 -1.371903397702266e-05
0 14 11 3 0
0 14 11 4 0
0 14 11 5 0
0 14 11 6 0
0 14 11 7 0
0 14 11 8 0
0 14 11 9 0
0 14 11 10 0
0 14 11 11 0
0 14 11 12 0
0 14 11 13 0
0 14 11 14 0
0 14 11 15 0
0 14 12 0 0
0 14 12 1 0
0 14 12 2 0
0 14 12 3 0
0 14 12 4 0
0 14 12 5 0
0 14 12 6 0
0 14 12 7 0
0 14 12 8 0
0 14 12 9 0
0 14 12 10 0
0 14 12 11 0
0 14 12 12 0
0 14 12 13 0
0 14 12 14 0
0 14 12 15 0
0 14 13 0 0
0 14 13 1 0
0 14 13 2 0
0 14 13 3 0
0 14 13 4 0
0 14 13 5 0
0 14 13 6 0
0 14 13 7 0
0 14 13 8 0
0 14 13 9 0
0 14 13 10 0
0 14 13 11 0
0 14 13 12 0
0 14 13 13 0
0 14 13 14 0
0 14 13 15 0
0 14 14 0 -0.0004913239519447535
0 14 14 1 0
0 14 14 2 0
0 14 14 3 0
0 14 14 4 0
0 14 14 5 0
0 14 14 6 0
0 14 14 7 0
0 14 14 8 0
0 14 14 9 0
0 14 14 10 0
0 14 14 11 0
0 14 14 12 0
0 14 14 13 0
0 14 14 14 0
0 14 14 15 0
0 14 15 0 0
0 14 15 1 0
0 14 15 2 0
0 14 15 3 0
0 14 15 4 0
0 14 15 5 0
0 14 15 6 0
0 14 15 7 0
0 14 15 8 0
0 14 15 9 0
0 14 15 10 0
0 14 15 11 0
0 14 15 12 0
0 14 15 13 0
0 14 15 14 0
0 14 15 15 0
0 15 0 0 0
0 15 0 1 0.003801019847155522
0 15 0 2 0
0 15 0 3 0
0 15 0 4 0
0 15 0 5 0
0 15 0 6 0
0 15 0 7 0
0 15 0 8 0
0 15 0 9 0
0 15 0 10 0
0 15 0 11 0
0 15 0 12 0
0 15 0 13 0
0 15 0 14 0
0 15 0 15 3.508801055109728e-05
0 15 1 0 -0.001900509923577761
0 15 1 1 0
0 15 1 2 0
0 15 1 3 0
0 15 1 4 0
0 15 1 5 0
0 15 1 6 0
0 15 1 7 0
0 15 1 8 0
0 15 1 9 0
0 15 1 10 0
0 15 1 11 3.043463753430608e-05
0 15 1 12 0
0 15 1 13 0
0 15 1 14 0
0 15 1 15 0
0 15 2 0 0
0 15 2 1 0
0 15 2 2 0
0 15 2 3 0
0 15 2 4 0
0 15 2 5 0
0 15 2 6 0
0 15 2 7 0
0 15 2 8 0
0 15 2 9 0
0 15 2 10 0
0 15 2 11 0
0 15 2 12 0
0 15 2 13 0
0 15 2 14 0
0 15 2 15 0
0 15 3 0 0
0 15 3 1 0
0 15 3 2 0
0 15 3 3 0
0 15 3 4 0
0 15 3 5 0
0 15 3 6 0
0 15 3 7 0
0 15 3 8 0
0 15 3 9 0
0 15 3 10 0
0 15 3 11 0
0 15 3 12 0
0 15 3 13 0
0 15 3 14 0
0 15 3 15 0
0 15 4 0 0
0 15 4 1 0
0 15 4 2 0
0 15 4 3 0
0 15 4 4 0
0 15 4 5 0
0 15 4 6 0
0 15 4 7 0
0 15 4 8 0
0 15 4 9 0
0 15 4 10 0
0 15 4 11 0
0 15 4 12 0
0 15 4 13 0
0 15 4 14 0
0 15 4 15 0
0 15 5 0 0
0 15 5 1 0
0 15 5 2 0
0 15 5 3 0
0 15 5 4 0
0 15 5 5 0
0 15 5 6 0
0 15 5 7 0
0 15 5 8 0
0 15 5 9 0
0 15 5 10 0
0 15 5 11 0
0 15 5 12 0
0 15 5 13 0
0 15 5 14 0
0 15 5 15 0
0 15 6 0 0
0 15 6 1 0
0 15 6 2 0
0 15 6 3 0
0 15 6 4 0
0 15 6 5 0
0 15 6 6 0
0 15 6 7 0
0 15 6 8 0
0 15 6 9 0
0 15 6 10 0
0 15 6 11 0
0 15 6 12 0
0 15 6 13 0
0 15 6 14 0
0 15 6 15 0
0 15 7 0 0
0 15 7 1 0
0 15 7 2 0
0 15 7 3 0
0 15 7 4 0
0 15 7 5 0
0 15 7 6 0
0 15 7 7 0
0 15 7 8 0
0 15 7 9 0
0 15 7 10 0
0 15 7 11 0
0 15 7 12 0
0 15 7 13 0
0 15 7 14 0
0 15 7 15 0
0 15 8 0 0
0 15 8 1 0
0 15 8 2 0
0 15 8 3 0
0 15 8 4 0
0 15 8 5 0
0 15 8 6 0
0 15 8 7 0
0 15 8 8 0
0 15 8 9 0
0 15 8 10 0
0 15 8 11 0
0 15 8 12 0
0 15 8 13 0
0 15 8 14 0
0 15 8 15 0
0 15 9 0 0
0 15 9 1 0
0 15 9 2 0
0 15 9 3 0
0 15 9 4 0
0 15 9 5 0
0 15 9 6 0
0 15 9 7 0
0 15 9 8 0
0 15 9 9 0
0 15 9 10 0
0 15 9 11 0
0 15 9 12 0
0 15 9 13 0
0 15 9 14 0
0 15 9 15 0
0 15 10 0 0
0 15 10 1 0
0 15 10 2 0
0 15 10 3 0
0 15 10 4 0
0 15 10 5 0
0 15 10 6 0
0 15 10 7 0
0 15 10 8 0
0 15 10 9 0
0 15 10 10 0
0 15 10 11 0
0 15 10 12 0
0 15 10 13 0
0 15 10 14 0
0 15 10 15 0
0 15 11 0 0
0 15 11 1 -3.140469671808889e-05
0 15 11 2 0
0 15 11 3 0
0 15 11 4 0
0 15 11 5 0
0 15 11 6 0
0 15 11 7 0
0 15 11 8 0
0 15 11 9 0
0 15 11 10 0
0 15 11 11 0
0 15 11 12 0
0 15 11 13 0
0 15 11 14 0
0 15 11 15 0
0 15 12 0 0
0 15 12 1 0
0 15 12 2 0
0 15 12 3 0
0 15 12 4 0
0 15 12 5 0
0 15 12 6 0
0 15 12 7 0
0 15 12 8 0
0 15 12 9 0
0 15 12 10 0
0 15 12 11 0
0 15 12 12 0
0 15 12 13 0
0 15 12 14 0
0 15 12 15 0
0 15 13 0 0
0 15 13 1 0
0 15 13 2 0
0 15 13 3 0
0 15 13 4 0
0 15 13 5 0
0 15 13 6 0
0 15 13 7 0
0 15 13 8 0
0 15 13 9 0
0 15 13 10 0
0 15 13 11 0
0 15 13 12 0
0 15 13 13 0
0 15 13 14 0
0 15 13 15 0
0 15 14 0 0
0 15 14 1 0
0 15 14 2 0
0 15 14 3 0
0 15 14 4 0
0 15 14 5 0
0 15 14 6 0
0 15 14 7 0
0 15 14 8 0
0 15 14 9 0
0 15 14 10 0
0 15 14 11 0
0 15 14 12 0
0 15 14 13 0
0 15 14 14 0
0 15 14 15 0
0 15 15 0 -1.754400527554864e-05
0 15 15 1 0
0 15 15 2 0
0 15 15 3 0
0 15 15 4 0
0 15 15 5 0
0 15 15 6 0
0 15 15 7 0
0 15 15 8 0
0 15 15 9 0
0 15 15 10 0
0 15 15 11 0
0 15 15 12 0
0 15 15 13 0
0 15 15 14 0
0 15 15 15 0
1 0 0 0 0
1 0 0 1 -1.999846634422215
1 0 0 2 0
1 0 0 3 0
1 0 0 4 0
1 0 0 5 0
1 0 0 6 0
1 0 0 7 0
1 0 0 8 0
1 0 0 9 0
1 0 0 10 0
1 0 0 11 0
1 0 0 12 0
1 0 0 13 0
1 0 0 14 0
1 0 0 15 -0.001900509923577761
1 0 1 0 3.99969326884443
1 0 1 1 0
1 0 1 2 -4.623669647794566e-06
1 0 1 3 0
1 0 1 4 0
1 0 1 5 0
1 0 1 6 0
1 0 1 7 0
1 0 1 8 0
1 0 1 9 0
1 0 1 10 0
1 0 1 11 -0.004440287150404911
1 0 1 12 0
1 0 1 13 0
1 0 1 14 0
1 0 1 15 0
1 0 2 0 0
1 0 2 1 2.311834823897283e-06
1 0 2 2 0
1 0 2 3 0
1 0 2 4 0
1 0 2 5 0
1 0 2 6 0
1 0 2 7 0
1 0 2 8 0
1 0 2 9 0
1 0 2 10 0
1 0 2 11 0
1 0 2 12 0
1 0 2 13 0
1 0 2 14 0
1 0 2 15 0
1 0 3 0 0
1 0 3 1 0
1 0 3 2 0
1 0 3 3 0
1 0 3 4 0
1 0 3 5 0
1 0 3 6 0
1 0 3 7 0
1 0 3 8 0
1 0 3 9 0
1 0 3 10 0
1 0 3 11 0
1 0 3 12 0
1 0 3 13 0
1 0 3 14 0
1 0 3 15 0
1 0 4 0 0
1 0 4 1 0
1 0 4 2 0
1 0 4 3 0
1 0 4 4 0
1 0 4 5 0
1 0 4 6 0
1 0 4 7 0
1 0 4 8 0
1 0 4 9 0
1 0 4 10 0
1 0 4 11 0
1 0 4 12 0
1 0 4 13 0
1 0 4 14 0
1 0 4 15 0
1 0 5 0 0
1 0 5 1 0
1 0 5 2 0
1 0 5 3 0
1 0 5 4 0
1 0 5 5 0
1 0 5 6 0
1 0 5 7 0
1 0 5 8 0
1 0 5 9 0
1 0 5 10 0
1 0 5 11 0
1 0 5 12 0
1 0 5 13 0
1 0 5 14 0
1 0 5 15 0
1 0 6 0 0
1 0 6 1 0
1 0 6 2 0
1 0 6 3 0
1 0 6 4 0
1 0 6 5 0
1 0 6 6 0
1 0 6 7 0
1 0 6 8 0
1 0 6 9 0
1 0 6 10 0
1 0 6 11 0
1 0 6 12 0
1 0 6 13 0
1 0 6 14 0
1 0 6 15 0
1 0 7 0 0
1 0 7 1 0
1 0 7 2 0
1 0 7 3 0
1 0 7 4 0
1 0 7 5 0
1 0 7 6 0
1 0 7 7 0
1 0 7 8 0
1 0 7 9 0
1 0 7 10 0
1 0 7 11 0
1 0 7 12 0
1 0 7 13 0
1 0 7 14 0
1 0 7 15 0
1 0 8 0 0
1 0 8 1 0
1 0 8 2 0
1 0 8 3 0
1 0 8 4 0
1 0 8 5 0
1 0 8 6 0
1 0 8 7 0
1 0 8 8 0
1 0 8 9 0
1 0 8 10 0
1 0 8 11 0
1 0 8 12 0
1 0 8 13 0
1 0 8 14 0
1 0 8 15 0
1 0 9 0 0
1 0 9 1 0
1 0 9 2 0
1 0 9 3 0
1 0 9 4 0
1 0 9 5 0
1 0 9 6 0
1 0 9 7 0
1 0 9 8 0
1 0 9 9 0
1 0 9 10 0
1 0 9 11 0
1 0 9 12 0
1 0 9 13 0
1 0 9 14 0
1 0 9 15 0
1 0 10 0 0
1 0 10 1 0
1 0 10 2 0
1 0 10 3 0
1 0 10 4 0
1 0 10 5 0
1 0 10 6 0
1 0 10 7 0
1 0 10 8 0
1 0 10 9 0
1 0 10 10 0
1 0 10 11 0
1 0 10 12 0
1 0 10 13 0
1 0 10 14 0
1 0 10 15 0
1 0 11 0 0
1 0 11 1 0.002220143575202455
1 0 11 2 0
1 0 11 3 0
1 0 11 4 0
1 0 11 5 0
1 0 11 6 0
1 0 11 7 0
1 0 11 8 0
1 0 11 9 0
1 0 11 10 0
1 0 11 11 0
1 0 11 12 0
1 0 11 13 0
1 0 11 14 0
1 0 11 15 0
1 0 12 0 0
1 0 12 1 0
1 0 12 2 0
1 0 12 3 0
1 0 12 4 0
1 0 12 5 0
1 0 12 6 0
1 0 12 7 0
1 0 12 8 0
1 0 12 9 0
1 0 12 10 0
1 0 12 11 0
1 0 12 12 0
1 0 12 13 0
1 0 12 14 0
1 0 12 15 0
1 0 13 0 0
1 0 13 1 0
1 0 13 2 0
1 0 13 3 0
1 0 13 4 0
1 0 13 5 0
1 0 13 6 0
1 0 13 7 0
1 0 13 8 0
1 0 13 9 0
1 0 13 10 0
1 0 13 11 0
1 0 13 12 0
1 0 13 13 0
1 0 13 14 0
1 0 13 15 0
1 0 14 0 0
1 0 14 1 0
1 0 14 2 0
1 0 14 3 0
1 0 14 4 0
1 0 14 5 0
1 0 14 6 0
1 0 14 7 0
1 0 14 8 0
1 0 14 9 0
1 0 14 10 0
1 0 14 11 0
1 0 14 12 0
1 0 14 13 0
1 0 14 14 0
1 0 14 15 0
1 0 15 0 0.003801019847155522
1 0 15 1 0
1 0 15 2 0
1 0 15 3 0
1 0 15 4 0
1 0 15 5 0
1 0 15 6 0
1 0 15 7 0
1 0 15 8 0
1 0 15 9 0
1 0 15 10 0
1 0 15 11 0
1 0 15 12 0
1 0 15 13 0
1 0 15 14 0
1 0 15 15 0
1 1 0 0 0
1 1 0 1 0
1 1 0 2 0
1 1 0 3 0
1 1 0 4 0
1 1 0 5 0
1 1 0 6 0
1 1 0 7 0
1 1 0 8 0
1 1 0 9 0
1 1 0 10 0
1 1 0 11 0
1 1 0 12 0
1 1 0 13 0
1 1 0 14 0
1 1 0 15 0
1 1 1 0 0
1 1 1 1 1.999964911989449
1 1 1 2 0
1 1 1 3 0
1 1 1 4 0
1 1 1 5 0
1 1 1 6 0
1 1 1 7 0
1 1 1 8 0
1 1 1 9 0
1 1 1 10 0
1 1 1 11 0
1 1 1 12 0
1 1 1 13 0
1 1 1 14 0
1 1 1 15 0.001900509923577761
1 1 2 0 0
1 1 2 1 0
1 1 2 2 0
1 1 2 3 0
1 1 2 4 0
1 1 2 5 0
1 1 2 6 0
1 1 2 7 0
1 1 2 8 0
1 1 2 9 0
1 1 2 10 0
1 1 2 11 0
1 1 2 12 0
1 1 2 13 0
1 1 2 14 0
1 1 2 15 0
1 1 3 0 0
1 1 3 1 0
1 1 3 2 0
1 1 3 3 0
1 1 3 4 0
1 1 3 5 0
1 1 3 6 0
1 1 3 7 0
1 1 3 8 0
1 1 3 9 0
1 1 3 10 0
1 1 3 11 0
1 1 3 12 0
1 1 3 13 0
1 1 3 14 0
1 1 3 15 0
1 1 4 0 0
1 1 4 1 0
1 1 4 2 0
1 1 4 3 0
1 1 4 4 0
1 1 4 5 0
1 1 4 6 0
1 1 4 7 0
1 1 4 8 0
1 1 4 9 0
1 1 4 10 0
1 1 4 11 0
1 1 4 12 0
1 1 4 13 0
1 1 4 14 0
1 1 4 15 0
1 1 5 0 0
1 1 5 1 0
1 1 5 2 0
1 1 5 3 0
1 1 5 4 0
1 1 5 5 0
1 1 5 6 0
1 1 5 7 0
1 1 5 8 0
1 1 5 9 0
1 1 5 10 0
1 1 5 11 0
1 1 5 12 0
1 1 5 13 0
1 1 5 14 0
1 1 5 15 0
1 1 6 0 0
1 1 6 1 0
1 1 6 2 0
1 1 6 3 0
1 1 6 4 0
1 1 6 5 0
1 1 6 6 0
1 1 6 7 0
1 1 6 8 0
1 1 6 9 0
1 1 6 10 0
1 1 6 11 0
1 1 6 12 0
1 1 6 13 0
1 1 6 14 0
1 1 6 15 0
1 1 7 0 0
1 1 7 1 0
1 1 7 2 0
1 1 7 3 0
1 1 7 4 0
1 1 7 5 0
1 1 7 6 0
1 1 7 7 0
1 1 7 8 0
1 1 7 9 0
1 1 7 10 0
1 1 7 11 0
1 1 7 12 0
1 1 7 13 0
1 1 7 14 0
1 1 7 15 0
1 1 8 0 0
1 1 8 1 0
1 1 8 2 0
1 1 8 3 0
1 1 8 4 0
1 1 8 5 0
1 1 8 6 0
1 1 8 7 0
1 1 8 8 0
1 1 8 9 0
1 1 8 10 0
1 1 8 11 0
1 1 8 12 0
1 1 8 13 0
1 1 8 14 0
1 1 8 15 0
1 1 9 0 0
1 1 9 1 0
1 1 9 2 0
1 1 9 3 0
1 1 9 4 0
1 1 9 5 0
1 1 9 6 0
1 1 9 7 0
1 1 9 8 0
1 1 9 9 0
1 1 9 10 0
1 1 9 11 0
1 1 9 12 0
1 1 9 13 0
1 1 9 14 0
1 1 9 15 0
1 1 10 0 0
1 1 10 1 0
1 1 10 2 0
1 1 10 3 0
1 1 10 4 0
1 1 10 5 0
1 1 10 6 0
1 1 10 7 0
1 1 10 8 0
1 1 10 9 0
1 1 10 10 0
1 1 10 11 0
1 1 10 12 0
1 1 10 13 0
1 1 10 14 0
1 1 10 15 0
1 1 11 0 0
1 1 11 1 0
1 1 11 2 0
1 1 11 3 0
1 1 11 4 0
1 1 11 5 0
1 1 11 6 0
1 1 11 7 0
1 1 11 8 0
1 1 11 9 0
1 1 11 10 0
1 1 11 11 0
1 1 11 12 0
1 1 11 13 0
1 1 11 14 0
1 1 11 15 0
1 1 12 0 0
1 1 12 1 0
1 1 12 2 0
1 1 12 3 0
1 1 12 4 0
1 1 12 5 0
1 1 12 6 0
1 1 12 7 0
1 1 12 8 0
1 1 12 9 0
1 1 12 10 0
1 1 12 11 0
1 1 12 12 0
1 1 12 13 0
1 1 12 14 0
1 1 12 15 0
1 1 13 0 0
1 1 13 1 0
1 1 13 2 0
1 1 13 3 0
1 1 13 4 0
1 1 13 5 0
1 1 13 6 0
1 1 13 7 0
1 1 13 8 0
1 1 13 9 0
1 1 13 10 0
1 1 13 11 0
1 1 13 12 0
1 1 13 13 0
1 1 13 14 0
1 1 13 15 0
1 1 14 0 0
1 1 14 1 0
1 1 14 2 0
1 1 14 3 0
1 1 14 4 0
1 1 14 5 0
1 1 14 6 0
1 1 14 7 0
1 1 14 8 0
1 1 14 9 0
1 1 14 10 0
1 1 14 11 0
1 1 14 12 0
1 1 14 13 0
1 1 14 14 0
1 1 14 15 0
1 1 15 0 0
1 1 15 1 0.001900509923577761
1 1 15 2 0
1 1 15 3 0
1 1 15 4 0
1 1 15 5 0
1 1 15 6 0
1 1 15 7 0
1 1 15 8 0
1 1 15 9 0
1 1 15 10 0
1 1 15 11 0
1 1 15 12 0
1 1 15 13 0
1 1 15 14 0
1 1 15 15 0
1 2 0 0 0
1 2 0 1 2.311834823897283e-06
1 2 0 2 0
1 2 0 3 0
1 2 0 4 0
1 2 0 5 0
1 2 0 6 0
1 2 0 7 0
1 2 0 8 0
1 2 0 9 0
1 2 0 10 0
1 2 0 11 0
1 2 0 12 0
1 2 0 13 0
1 2 0 14 0
1 2 0 15 0
1 2 1 0 -4.623669647794566e-06
1 2 1 1 0
1 2 1 2 2.209742701202212
1 2 1 3 0
1 2 1 4 0
1 2 1 5 0
1 2 1 6 0
1 2 1 7 0
1 2 1 8 0
1 2 1 9 0
1 2 1 10 0
1 2 1 11 -0.004446644201159107
1 2 1 12 0
1 2 1 13 0
1 2 1 14 0.001660462474723878
1 2 1 15 0
1 2 2 0 0
1 2 2 1 -1.104871350601106
1 2 2 2 0
1 2 2 3 0
1 2 2 4 0
1 2 2 5 0
1 2 2 6 0
1 2 2 7 0
1 2 2 8 0
1 2 2 9 0
1 2 2 10 0
1 2 2 11 0
1 2 2 12 0
1 2 2 13 0
1 2 2 14 0
1 2 2 15 -0.001900509923577761
1 2 3 0 0
1 2 3 1 0
1 2 3 2 0
1 2 3 3 0
1 2 3 4 0
1 2 3 5 0
1 2 3 6 0
1 2 3 7 0
1 2 3 8 0
1 2 3 9 0
1 2 3 10 0
1 2 3 11 0
1 2 3 12 0
1 2 3 13 0
1 2 3 14 0
1 2 3 15 0
1 2 4 0 0
1 2 4 1 0
1 2 4 2 0
1 2 4 3 0
1 2 4 4 0
1 2 4 5 0
1 2 4 6 0
1 2 4 7 0
1 2 4 8 0
1 2 4 9 0
1 2 4 10 0
1 2 4 11 0
1 2 4 12 0
1 2 4 13 0
1 2 4 14 0
1 2 4 15 0
1 2 5 0 0
1 2 5 1 0
1 2 5 2 0
1 2 5 3 0
1 2 5 4 0
1 2 5 5 0
1 2 5 6 0
1 2 5 7 0
1 2 5 8 0
1 2 5 9 0
1 2 5 10 0
1 2 5 11 0
1 2 5 12 0
1 2 5 13 0
1 2 5 14 0
1 2 5 15 0
1 2 6 0 0
1 2 6 1 0
1 2 6 2 0
1 2 6 3 0
1 2 6 4 0
1 2 6 5 0
1 2 6 6 0
1 2 6 7 0
1 2 6 8 0
1 2 6 9 0
1 2 6 10 0
1 2 6 11 0
1 2 6 12 0
1 2 6 13 0
1 2 6 14 0
1 2 6 15 0
1 2 7 0 0
1 2 7 1 0
1 2 7 2 0
1 2 7 3 0
1 2 7 4 0
1 2 7 5 0
1 2 7 6 0
1 2 7 7 0
1 2 7 8 0
1 2 7 9 0
1 2 7 10 0
1 2 7 11 0
1 2 7 12 0
1 2 7 13 0
1 2 7 14 0
1 2 7 15 0
1 2 8 0 0
1 2 8 1 0
1 2 8 2 0
1 2 8 3 0
1 2 8 4 0
1 2 8 5 0
1 2 8 6 0
1 2 8 7 0
1 2 8 8 0
1 2 8 9 0
1 2 8 10 0
1 2 8 11 0
1 2 8 12 0
1 2 8 13 0
1 2 8 14 0
1 2 8 15 0
1 2 9 0 0
1 2 9 1 0
1 2 9 2 0
1 2 9 3 0
1 2 9 4 0
1 2 9 5 0
1 2 9 6 0
1 2 9 7 0
1 2 9 8 0
1 2 9 9 0
1 2 9 10 0
1 2 9 11 0
1 2 9 12 0
1 2 9 13 0
1 2 9 14 0
1 2 9 15 0
1 2 10 0 0
1 2 10 1 0
1 2 10 2 0
1 2 10 3 0
1 2 10 4 0
1 2 10 5 0
1 2 10 6 0
1 2 10 7 0
1 2 10 8 0
1 2 10 9 0
1 2 10 10 0
1 2 10 11 0
1 2 10 12 0
1 2 10 13 0
1 2 10 14 0
1 2 10 15 0
1 2 11 0 0
1 2 11 1 0.002223322100579554
1 2 11 2 0
1 2 11 3 0
1 2 11 4 0
1 2 11 5 0
1 2 11 6 0
1 2 11 7 0
1 2 11 8 0
1 2 11 9 0
1 2 11 10 0
1 2 11 11 0
1 2 11 12 0
1 2 11 13 0
1 2 11 14 0
1 2 11 15 0
1 2 12 0 0
1 2 12 1 0
1 2 12 2 0
1 2 12 3 0
1 2 12 4 0
1 2 12 5 0
1 2 12 6 0
1 2 12 7 0
1 2 12 8 0
1 2 12 9 0
1 2 12 10 0
1 2 12 11 0
1 2 12 12 0
1 2 12 13 0
1 2 12 14 0
1 2 12 15 0
1 2 13 0 0
1 2 13 1 0
1 2 13 2 0
1 2 13 3 0
1 2 13 4 0
1 2 13 5 0
1 2 13 6 0
1 2 13 7 0
1 2 13 8 0
1 2 13 9 0
1 2 13 10 0
1 2 13 11 0
1 2 13 12 0
1 2 13 13 0
1 2 13 14 0
1 2 13 15 0
1 2 14 0 0
1 2 14 1 -0.0008302312373619392
1 2 14 2 0
1 2 14 3 0
1 2 14 4 0
1 2 14 5 0
1 2 14 6 0
1 2 14 7 0
1 2 14 8 0
1 2 14 9 0
1 2 14 10 0
1 2 14 11 0
1 2 14 12 0
1 2 14 13 0
1 2 14 14 0
1 2 14 15 0
1 2 15 0 0
1 2 15 1 0
1 2 15 2 0.003801019847155522
1 2 15 3 0
1 2 15 4 0
1 2 15 5 0
1 2 15 6 0
1 2 15 7 0
1 2 15 8 0
1 2 15 9 0
1 2 15 10 0
1 2 15 11 0
1 2 15 12 0
1 2 15 13 0
1 2 15 14 0
1 2 15 15 0
1 3 0 0 0
1 3 0 1 0
1 3 0 2 0
1 3 0 3 0
1 3 0 4 0
1 3 0 5 0
1 3 0 6 0
1 3 0 7 0
1 3 0 8 0
1 3 0 9 0
1 3 0 10 0
1 3 0 11 0
1 3 0 12 0
1 3 0 13 0
1 3 0 14 0
1 3 0 15 0
1 3 1 0 0
1 3 1 1 0
1 3 1 2 0
1 3 1 3 2.415028904437566
1 3 1 4 0
1 3 1 5 0
1 3 1 6 0
1 3 1 7 0
1 3 1 8 0.01776772335347322
1 3 1 9 0
1 3 1 10 0
1 3 1 11 0
1 3 1 12 0
1 3 1 13 0
1 3 1 14 0
1 3 1 15 0
1 3 2 0 0
1 3 2 1 0
1 3 2 2 0
1 3 2 3 0
1 3 2 4 0
1 3 2 5 0
1 3 2 6 0
1 3 2 7 0
1 3 2 8 0
1 3 2 9 0
1 3 2 10 0
1 3 2 11 0
1 3 2 12 0
1 3 2 13 0
1 3 2 14 0
1 3 2 15 0
1 3 3 0 0
1 3 3 1 -1.207521343705078
1 3 3 2 0
1 3 3 3 0
1 3 3 4 0
1 3 3 5 0
1 3 3 6 0
1 3 3 7 0
1 3 3 8 0
1 3 3 9 0
1 3 3 10 0
1 3 3 11 0
1 3 3 12 0
1 3 3 13 0
1 3 3 14 0
1 3 3 15 -0.0004718738525221365
1 3 4 0 0
1 3 4 1 0
1 3 4 2 0
1 3 4 3 0
1 3 4 4 0
1 3 4 5 0
1 3 4 6 0
1 3 4 7 0
1 3 4 8 0
1 3 4 9 0
1 3 4 10 0
1 3 4 11 0
1 3 4 12 0
1 3 4 13 0
1 3 4 14 0
1 3 4 15 0
1 3 5 0 0
1 3 5 1 0
1 3 5 2 0
1 3 5 3 0
1 3 5 4 0
1 3 5 5 0
1 3 5 6 0
1 3 5 7 0
1 3 5 8 0
1 3 5 9 0
1 3 5 10 0
1 3 5 11 0
1 3 5 12 0
1 3 5 13 0
1 3 5 14 0
1 3 5 15 0
1 3 6 0 0
1 3 6 1 0
1 3 6 2 0
1 3 6 3 0
1 3 6 4 0
1 3 6 5 0
1 3 6 6 0
1 3 6 7 0
1 3 6 8 0
1 3 6 9 0
1 3 6 10 0
1 3 6 11 0
1 3 6 12 0
1 3 6 13 0
1 3 6 14 0
1 3 6 15 0
1 3 7 0 0
1 3 7 1 0
1 3 7 2 0
1 3 7 3 0
1 3 7 4 0
1 3 7 5 0
1 3 7 6 0
1 3 7 7 0
1 3 7 8 0
1 3 7 9 0
1 3 7 10 0
1 3 7 11 0
1 3 7 12 0
1 3 7 13 0
1 3 7 14 0
1 3 7 15 0
1 3 8 0 0
1 3 8 1 -0.008883861676736608
1 3 8 2 0
1 3 8 3 0
1 3 8 4 0
1 3 8 5 0
1 3 8 6 0
1 3 8 7 0
1 3 8 8 0
1 3 8 9 0
1 3 8 10 0
1 3 8 11 0
1 3 8 12 0
1 3 8 13 0
1 3 8 14 0
1 3 8 15 0
1 3 9 0 0
1 3 9 1 0
1 3 9 2 0
1 3 9 3 0
1 3 9 4 0
1 3 9 5 0
1 3 9 6 0
1 3 9 7 0
1 3 9 8 0
1 3 9 9 0
1 3 9 10 0
1 3 9 11 0
1 3 9 12 0
1 3 9 13 0
1 3 9 14 0
1 3 9 15 0
1 3 10 0 0
1 3 10 1 0
1 3 10 2 0
1 3 10 3 0
1 3 10 4 0
1 3 10 5 0
1 3 10 6 0
1 3 10 7 0
1 3 10 8 0
1 3 10 9 0
1 3 10 10 0
1 3 10 11 0
1 3 10 12 0
1 3 10 13 0
1 3 10 14 0
1 3 10 15 0
1 3 11 0 0
1 3 11 1 0
1 3 11 2 0
1 3 11 3 0
1 3 11 4 0
1 3 11 5 0
1 3 11 6 0
1 3 11 7 0
1 3 11 8 0
1 3 11 9 0
1 3 11 10 0
1 3 11 11 0
1 3 11 12 0
1 3 11 13 0
1 3 11 14 0
1 3 11 15 0
1 3 12 0 0
1 3 12 1 0
1 3 12 2 0
1 3 12 3 0
1 3 12 4 0
1 3 12 5 0
1 3 12 6 0
1 3 12 7 0
1 3 12 8 0
1 3 12 9 0
1 3 12 10 0
1 3 12 11 0
1 3 12 12 0
1 3 12 13 0
1 3 12 14 0
1 3 12 15 0
1 3 13 0 0
1 3 13 1 0
1 3 13 2 0
1 3 13 3 0
1 3 13 4 0
1 3 13 5 0
1 3 13 6 0
1 3 13 7 0
1 3 13 8 0
1 3 13 9 0
1 3 13 10 0
1 3 13 11 0
1 3 13 12 0
1 3 13 13 0
1 3 13 14 0
1 3 13 15 0
1 3 14 0 0
1 3 14 1 0
1 3 14 2 0
1 3 14 3 0
1 3 14 4 0
1 3 14 5 0
1 3 14 6 0
1 3 14 7 0
1 3 14 8 0
1 3 14 9 0
1 3 14 10 0
1 3 14 11 0
1 3 14 12 0
1 3 14 13 0
1 3 14 14 0
1 3 14 15 0
1 3 15 0 0
1 3 15 1 0
1 3 15 2 0
1 3 15 3 0.001900509923577761
1 3 15 4 0
1 3 15 5 0
1 3 15 6 0
1 3 15 7 0
1 3 15 8 0
1 3 15 9 0
1 3 15 10 0
1 3 15 11 0
1 3 15 12 0
1 3 15 13 0
1 3 15 14 0
1 3 15 15 0
1 4 0 0 0
1 4 0 1 0
1 4 0 2 0
1 4 0 3 0
1 4 0 4 0
1 4 0 5 0
1 4 0 6 0
1 4 0 7 0
1 4 0 8 0
1 4 0 9 0
1 4 0 10 0
1 4 0 11 0
1 4 0 12 0
1 4 0 13 0
1 4 0 14 0
1 4 0 15 0
1 4 1 0 0
1 4 1 1 0
1 4 1 2 0
1 4 1 3 0
1 4 1 4 2.015644624397709
1 4 1 5 0
1 4 1 6 0
1 4 1 7 0
1 4 1 8 0
1 4 1 9 0.02008254085977054
1 4 1 10 0
1 4 1 11 0
1 4 1 12 0
1 4 1 13 0
1 4 1 14 0
1 4 1 15 0
1 4 2 0 0
1 4 2 1 0
1 4 2 2 0
1 4 2 3 0
1 4 2 4 0
1 4 2 5 0
1 4 2 6 0
1 4 2 7 0
1 4 2 8 0
1 4 2 9 0
1 4 2 10 0
1 4 2 11 0
1 4 2 12 0
1 4 2 13 0
1 4 2 14 0
1 4 2 15 0
1 4 3 0 0
1 4 3 1 0
1 4 3 2 0
1 4 3 3 0
1 4 3 4 0
1 4 3 5 0
1 4 3 6 0
1 4 3 7 0
1 4 3 8 0
1 4 3 9 0
1 4 3 10 0
1 4 3 11 0
1 4 3 12 0
1 4 3 13 0
1 4 3 14 0
1 4 3 15 0
1 4 4 0 0
1 4 4 1 -1.007829379829591
1 4 4 2 0
1 4 4 3 0
1 4 4 4 0
1 4 4 5 0
1 4 4 6 0
1 4 4 7 0
1 4 4 8 0
1 4 4 9 0
1 4 4 10 0
1 4 4 11 0
1 4 4 12 0
1 4 4 13 0
1 4 4 14 0
1 4 4 15 -0.0004492308156474559
1 4 5 0 0
1 4 5 1 0
1 4 5 2 0
1 4 5 3 0
1 4 5 4 0
1 4 5 5 0
1 4 5 6 0
1 4 5 7 0
1 4 5 8 0
1 4 5 9 0
1 4 5 10 0
1 4 5 11 0
1 4 5 12 0
1 4 5 13 0
1 4 5 14 0
1 4 5 15 0
1 4 6 0 0
1 4 6 1 0
1 4 6 2 0
1 4 6 3 0
1 4 6 4 0
1 4 6 5 0
1 4 6 6 0
1 4 6 7 0
1 4 6 8 0
1 4 6 9 0
1 4 6 10 0
1 4 6 11 0
1 4 6 12 0
1 4 6 13 0
1 4 6 14 0
1 4 6 15 0
1 4 7 0 0
1 4 7 1 0
1 4 7 2 0
1 4 7 3 0
1 4 7 4 0
1 4 7 5 0
1 4 7 6 0
1 4 7 7 0
1 4 7 8 0
1 4 7 9 0
1 4 7 10 0
1 4 7 11 0
1 4 7 12 0
1 4 7 13 0
1 4 7 14 0
1 4 7 15 0
1 4 8 0 0
1 4 8 1 0
1 4 8 2 0
1 4 8 3 0
1 4 8 4 0
1 4 8 5 0
1 4 8 6 0
1 4 8 7 0
1 4 8 8 0
1 4 8 9 0
1 4 8 10 0
1 4 8 11 0
1 4 8 12 0
1 4 8 13 0
1 4 8 14 0
1 4 8 15 0
1 4 9 0 0
1 4 9 1 -0.01004127042988527
1 4 9 2 0
1 4 9 3 0
1 4 9 4 0
1 4 9 5 0
1 4 9 6 0
1 4 9 7 0
1 4 9 8 0
1 4 9 9 0
1 4 9 10 0
1 4 9 11 0
1 4 9 12 0
1 4 9 13 0
1 4 9 14 0
1 4 9 15 0
1 4 10 0 0
1 4 10 1 0
1 4 10 2 0
1 4 10 3 0
1 4 10 4 0
1 4 10 5 0
1 4 10 6 0
1 4 10 7 0
1 4 10 8 0
1 4 10 9 0
1 4 10 10 0
1 4 10 11 0
1 4 10 12 0
1 4 10 13 0
1 4 10 14 0
1 4 10 15 0
1 4 11 0 0
1 4 11 1 0
1 4 11 2 0
1 4 11 3 0
1 4 11 4 0
1 4 11 5 0
1 4 11 6 0
1 4 11 7 0
1 4 11 8 0
1 4 11 9 0
1 4 11 10 0
1 4 11 11 0
1 4 11 12 0
1 4 11 13 0
1 4 11 14 0
1 4 11 15 0
1 4 12 0 0
1 4 12 1 0
1 4 12 2 0
1 4 12 3 0
1 4 12 4 0
1 4 12 5 0
1 4 12 6 0
1 4 12 7 0
1 4 12 8 0
1 4 12 9 0
1 4 12 10 0
1 4 12 11 0
1 4 12 12 0
1 4 12 13 0
1 4 12 14 0
1 4 12 15 0
1 4 13 0 0
1 4 13 1 0
1 4 13 2 0
1 4 13 3 0
1 4 13 4 0
1 4 13 5 0
1 4 13 6 0
1 4 13 7 0
1 4 13 8 0
1 4 13 9 0
1 4 13 10 0
1 4 13 11 0
1 4 13 12 0
1 4 13 13 0
1 4 13 14 0
1 4 13 15 0
1 4 14 0 0
1 4 14 1 0
1 4 14 2 0
1 4 14 3 0
1 4 14 4 0
1 4 14 5 0
1 4 14 6 0
1 4 14 7 0
1 4 14 8 0
1 4 14 9 0
1 4 14 10 0
1 4 14 11 0
1 4 14 12 0
1 4 14 13 0
1 4 14 14 0
1 4 14 15 0
1 4 15 0 0
1 4 15 1 0
1 4 15 2 0
1 4 15 3 0
1 4 15 4 0.001900509923577761
1 4 15 5 0
1 4 15 6 0
1 4 15 7 0
1 4 15 8 0
1 4 15 9 0
1 4 15 10 0
1 4 15 11 0
1 4 15 12 0
1 4 15 13 0
1 4 15 14 0
1 4 15 15 0
1 5 0 0 0
1 5 0 1 0
1 5 0 2 0
1 5 0 3 0
1 5 0 4 0
1 5 0 5 0
1 5 0 6 0
1 5 0 7 0
1 5 0 8 0
1 5 0 9 0
1 5 0 10 0
1 5 0 11 0
1 5 0 12 0
1 5 0 13 0
1 5 0 14 0
1 5 0 15 0
1 5 1 0 0
1 5 1 1 0
1 5 1 2 0
1 5 1 3 0
1 5 1 4 0
1 5 1 5 1.981187979863391
1 5 1 6 0
1 5 1 7 0
1 5 1 8 0
1 5 1 9 0
1 5 1 10 0
1 5 1 11 0
1 5 1 12 0.01839731841260404
1 5 1 13 0
1 5 1 14 0
1 5 1 15 0
1 5 2 0 0
1 5 2 1 0
1 5 2 2 0
1 5 2 3 0
1 5 2 4 0
1 5 2 5 0
1 5 2 6 0
1 5 2 7 0
1 5 2 8 0
1 5 2 9 0
1 5 2 10 0
1 5 2 11 0
1 5 2 12 0
1 5 2 13 0
1 5 2 14 0
1 5 2 15 0
1 5 3 0 0
1 5 3 1 0
1 5 3 2 0
1 5 3 3 0
1 5 3 4 0
1 5 3 5 0
1 5 3 6 0
1 5 3 7 0
1 5 3 8 0
1 5 3 9 0
1 5 3 10 0
1 5 3 11 0
1 5 3 12 0
1 5 3 13 0
1 5 3 14 0
1 5 3 15 0
1 5 4 0 0
1 5 4 1 0
1 5 4 2 0
1 5 4 3 0
1 5 4 4 0
1 5 4 5 0
1 5 4 6 0
1 5 4 7 0
1 5 4 8 0
1 5 4 9 0
1 5 4 10 0
1 5 4 11 0
1 5 4 12 0
1 5 4 13 0
1 5 4 14 0
1 5 4 15 0
1 5 5 0 0
1 5 5 1 -0.9906003241855341
1 5 5 2 0
1 5 5 3 0
1 5 5 4 0
1 5 5 5 0
1 5 5 6 0
1 5 5 7 0
1 5 5 8 0
1 5 5 9 0
1 5 5 10 0
1 5 5 11 0
1 5 5 12 0
1 5 5 13 0
1 5 5 14 0
1 5 5 15 -0.0005372566904409298
1 5 6 0 0
1 5 6 1 0
1 5 6 2 0
1 5 6 3 0
1 5 6 4 0
1 5 6 5 0
1 5 6 6 0
1 5 6 7 0
1 5 6 8 0
1 5 6 9 0
1 5 6 10 0
1 5 6 11 0
1 5 6 12 0
1 5 6 13 0
1 5 6 14 0
1 5 6 15 0
1 5 7 0 0
1 5 7 1 0
1 5 7 2 0
1 5 7 3 0
1 5 7 4 0
1 5 7 5 0
1 5 7 6 0
1 5 7 7 0
1 5 7 8 0
1 5 7 9 0
1 5 7 10 0
1 5 7 11 0
1 5 7 12 0
1 5 7 13 0
1 5 7 14 0
1 5 7 15 0
1 5 8 0 0
1 5 8 1 0
1 5 8 2 0
1 5 8 3 0
1 5 8 4 0
1 5 8 5 0
1 5 8 6 0
1 5 8 7 0
1 5 8 8 0
1 5 8 9 0
1 5 8 10 0
1 5 8 11 0
1 5 8 12 0
1 5 8 13 0
1 5 8 14 0
1 5 8 15 0
1 5 9 0 0
1 5 9 1 0
1 5 9 2 0
1 5 9 3 0
1 5 9 4 0
1 5 9 5 0
1 5 9 6 0
1 5 9 7 0
1 5 9 8 0
1 5 9 9 0
1 5 9 10 0
1 5 9 11 0
1 5 9 12 0
1 5 9 13 0
1 5 9 14 0
1 5 9 15 0
1 5 10 0 0
1 5 10 1 0
1 5 10 2 0
1 5 10 3 0
1 5 10 4 0
1 5 10 5 0
1 5 10 6 0
1 5 10 7 0
1 5 10 8 0
1 5 10 9 0
1 5 10 10 0
1 5 10 11 0
1 5 10 12 0
1 5 10 13 0
1 5 10 14 0
1 5 10 15 0
1 5 11 0 0
1 5 11 1 0
1 5 11 2 0
1 5 11 3 0
1 5 11 4 0
1 5 11 5 0
1 5 11 6 0
1 5 11 7 0
1 5 11 8 0
1 5 11 9 0
1 5 11 10 0
1 5 11 11 0
1 5 11 12 0
1 5 11 13 0
1 5 11 14 0
1 5 11 15 0
1 5 12 0 0
1 5 12 1 -0.009198659206302019
1 5 12 2 0
1 5 12 3 0
1 5 12 4 0
1 5 12 5 0
1 5 12 6 0
1 5 12 7 0
1 5 12 8 0
1 5 12 9 0
1 5 12 10 0
1 5 12 11 0
1 5 12 12 0
1 5 12 13 0
1 5 12 14 0
1 5 12 15 0
1 5 13 0 0
1 5 13 1 0
1 5 13 2 0
1 5 13 3 0
1 5 13 4 0
1 5 13 5 0
1 5 13 6 0
1 5 13 7 0
1 5 13 8 0
1 5 13 9 0
1 5 13 10 0
1 5 13 11 0
1 5 13 12 0
1 5 13 13 0
1 5 13 14 0
1 5 13 15 0
1 5 14 0 0
1 5 14 1 0
1 5 14 2 0
1 5 14 3 0
1 5 14 4 0
1 5 14 5 0
1 5 14 6 0
1 5 14 7 0
1 5 14 8 0
1 5 14 9 0
1 5 14 10 0
1 5 14 11 0
1 5 14 12 0
1 5 14 13 0
1 5 14 14 0
1 5 14 15 0
1 5 15 0 0
1 5 15 1 0
1 5 15 2 0
1 5 15 3 0
1 5 15 4 0
1 5 15 5 0.001900509923577761
1 5 15 6 0
1 5 15 7 0
1 5 15 8 0
1 5 15 9 0
1 5 15 10 0
1 5 15 11 0
1 5 15 12 0
1 5 15 13 0
1 5 15 14 0
1 5 15 15 0
1 6 0 0 0
1 6 0 1 0
1 6 0 2 0
1 6 0 3 0
1 6 0 4 0
1 6 0 5 0
1 6 0 6 0
1 6 0 7 0
1 6 0 8 0
1 6 0 9 0
1 6 0 10 0
1 6 0 11 0
1 6 0 12 0
1 6 0 13 0
1 6 0 14 0
1 6 0 15 0
1 6 1 0 0
1 6 1 1 0
1 6 1 2 0
1 6 1 3 0
1 6 1 4 0
1 6 1 5 0
1 6 1 6 1.582459020263812
1 6 1 7 0
1 6 1 8 0
1 6 1 9 0
1 6 1 10 0
1 6 1 11 0
1 6 1 12 0
1 6 1 13 0.01645872644576076
1 6 1 14 0
1 6 1 15 0
1 6 2 0 0
1 6 2 1 0
1 6 2 2 0
1 6 2 3 0
1 6 2 4 0
1 6 2 5 0
1 6 2 6 0
1 6 2 7 0
1 6 2 8 0
1 6 2 9 0
1 6 2 10 0
1 6 2 11 0
1 6 2 12 0
1 6 2 13 0
1 6 2 14 0
1 6 2 15 0
1 6 3 0 0
1 6 3 1 0
1 6 3 2 0
1 6 3 3 0
1 6 3 4 0
1 6 3 5 0
1 6 3 6 0
1 6 3 7 0
1 6 3 8 0
1 6 3 9 0
1 6 3 10 0
1 6 3 11 0
1 6 3 12 0
1 6 3 13 0
1 6 3 14 0
1 6 3 15 0
1 6 4 0 0
1 6 4 1 0
1 6 4 2 0
1 6 4 3 0
1 6 4 4 0
1 6 4 5 0
1 6 4 6 0
1 6 4 7 0
1 6 4 8 0
1 6 4 9 0
1 6 4 10 0
1 6 4 11 0
1 6 4 12 0
1 6 4 13 0
1 6 4 14 0
1 6 4 15 0
1 6 5 0 0
1 6 5 1 0
1 6 5 2 0
1 6 5 3 0
1 6 5 4 0
1 6 5 5 0
1 6 5 6 0
1 6 5 7 0
1 6 5 8 0
1 6 5 9 0
1 6 5 10 0
1 6 5 11 0
1 6 5 12 0
1 6 5 13 0
1 6 5 14 0
1 6 5 15 0
1 6 6 0 0
1 6 6 1 -0.7912355402274289
1 6 6 2 0
1 6 6 3 0
1 6 6 4 0
1 6 6 5 0
1 6 6 6 0
1 6 6 7 0
1 6 6 8 0
1 6 6 9 0
1 6 6 10 0
1 6 6 11 0
1 6 6 12 0
1 6 6 13 0
1 6 6 14 0
1 6 6 15 -0.0005697885609681554
1 6 7 0 0
1 6 7 1 0
1 6 7 2 0
1 6 7 3 0
1 6 7 4 0
1 6 7 5 0
1 6 7 6 0
1 6 7 7 0
1 6 7 8 0
1 6 7 9 0
1 6 7 10 0
1 6 7 11 0
1 6 7 12 0
1 6 7 13 0
1 6 7 14 0
1 6 7 15 0
1 6 8 0 0
1 6 8 1 0
1 6 8 2 0
1 6 8 3 0
1 6 8 4 0
1 6 8 5 0
1 6 8 6 0
1 6 8 7 0
1 6 8 8 0
1 6 8 9 0
1 6 8 10 0
1 6 8 11 0
1 6 8 12 0
1 6 8 13 0
1 6 8 14 0
1 6 8 15 0
1 6 9 0 0
1 6 9 1 0
1 6 9 2 0
1 6 9 3 0
1 6 9 4 0
1 6 9 5 0
1 6 9 6 0
1 6 9 7 0
1 6 9 8 0
1 6 9 9 0
1 6 9 10 0
1 6 9 11 0
1 6 9 12 0
1 6 9 13 0
1 6 9 14 0
1 6 9 15 0
1 6 10 0 0
1 6 10 1 0
1 6 10 2 0
1 6 10 3 0
1 6 10 4 0
1 6 10 5 0
1 6 10 6 0
1 6 10 7 0
1 6 10 8 0
1 6 10 9 0
1 6 10 10 0
1 6 10 11 0
1 6 10 12 0
1 6 10 13 0
1 6 10 14 0
1 6 10 15 0
1 6 11 0 0
1 6 11 1 0
1 6 11 2 0
1 6 11 3 0
1 6 11 4 0
1 6 11 5 0
1 6 11 6 0
1 6 11 7 0
1 6 11 8 0
1 6 11 9 0
1 6 11 10 0
1 6 11 11 0
1 6 11 12 0
1 6 11 13 0
1 6 11 14 0
1 6 11 15 0
1 6 12 0 0
1 6 12 1 0
1 6 12 2 0
1 6 12 3 0
1 6 12 4 0
1 6 12 5 0
1 6 12 6 0
1 6 12 7 0
1 6 12 8 0
1 6 12 9 0
1 6 12 10 0
1 6 12 11 0
1 6 12 12 0
1 6 12 13 0
1 6 12 14 0
1 6 12 15 0
1 6 13 0 0
1 6 13 1 -0.008229363222880381
1 6 13 2 0
1 6 13 3 0
1 6 13 4 0
1 6 13 5 0
1 6 13 6 0
1 6 13 7 0
1 6 13 8 0
1 6 13 9 0
1 6 13 10 0
1 6 13 11 0
1 6 13 12 0
1 6 13 13 0
1 6 13 14 0
1 6 13 15 0
1 6 14 0 0
1 6 14 1 0
1 6 14 2 0
1 6 14 3 0
1 6 14 4 0
1 6 14 5 0
1 6 14 6 0
1 6 14 7 0
1 6 14 8 0
1 6 14 9 0
1 6 14 10 0
1 6 14 11 0
1 6 14 12 0
1 6 14 13 0
1 6 14 14 0
1 6 14 15 0
1 6 15 0 0
1 6 15 1 0
1 6 15 2 0
1 6 15 3 0
1 6 15 4 0
1 6 15 5 0
1 6 15 6 0.001900509923577761
1 6 15 7 0
1 6 15 8 0
1 6 15 9 0
1 6 15 10 0
1 6 15 11 0
1 6 15 12 0
1 6 15 13 0
1 6 15 14 0
1 6 15 15 0
1 7 0 0 0
1 7 0 1 0
1 7 0 2 0
1 7 0 3 0
1 7 0 4 0
1 7 0 5 0
1 7 0 6 0
1 7 0 7 0
1 7 0 8 0
1 7 0 9 0
1 7 0 10 0
1 7 0 11 0
1 7 0 12 0
1 7 0 13 0
1 7 0 14 0
1 7 0 15 0
1 7 1 0 0
1 7 1 1 0
1 7 1 2 0
1 7 1 3 0
1 7 1 4 0
1 7 1 5 0
1 7 1 6 0
1 7 1 7 1.789113522883695
1 7 1 8 0
1 7 1 9 0
1 7 1 10 0
1 7 1 11 0
1 7 1 12 0
1 7 1 13 0
1 7 1 14 0
1 7 1 15 0
1 7 2 0 0
1 7 2 1 0
1 7 2 2 0
1 7 2 3 0
1 7 2 4 0
1 7 2 5 0
1 7 2 6 0
1 7 2 7 0
1 7 2 8 0
1 7 2 9 0
1 7 2 10 0
1 7 2 11 0
1 7 2 12 0
1 7 2 13 0
1 7 2 14 0
1 7 2 15 0
1 7 3 0 0
1 7 3 1 0
1 7 3 2 0
1 7 3 3 0
1 7 3 4 0
1 7 3 5 0
1 7 3 6 0
1 7 3 7 0
1 7 3 8 0
1 7 3 9 0
1 7 3 10 0
1 7 3 11 0
1 7 3 12 0
1 7 3 13 0
1 7 3 14 0
1 7 3 15 0
1 7 4 0 0
1 7 4 1 0
1 7 4 2 0
1 7 4 3 0
1 7 4 4 0
1 7 4 5 0
1 7 4 6 0
1 7 4 7 0
1 7 4 8 0
1 7 4 9 0
1 7 4 10 0
1 7 4 11 0
1 7 4 12 0
1 7 4 13 0
1 7 4 14 0
1 7 4 15 0
1 7 5 0 0
1 7 5 1 0
1 7 5 2 0
1 7 5 3 0
1 7 5 4 0
1 7 5 5 0
1 7 5 6 0
1 7 5 7 0
1 7 5 8 0
1 7 5 9 0
1 7 5 10 0
1 7 5 11 0
1 7 5 12 0
1 7 5 13 0
1 7 5 14 0
1 7 5 15 0
1 7 6 0 0
1 7 6 1 0
1 7 6 2 0
1 7 6 3 0
1 7 6 4 0
1 7 6 5 0
1 7 6 6 0
1 7 6 7 0
1 7 6 8 0
1 7 6 9 0
1 7 6 10 0
1 7 6 11 0
1 7 6 12 0
1 7 6 13 0
1 7 6 14 0
1 7 6 15 0
1 7 7 0 0
1 7 7 1 -0.8945567614418475
1 7 7 2 0
1 7 7 3 0
1 7 7 4 0
1 7 7 5 0
1 7 7 6 0
1 7 7 7 0
1 7 7 8 0
1 7 7 9 0
1 7 7 10 0
1 7 7 11 0
1 7 7 12 0
1 7 7 13 0
1 7 7 14 0
1 7 7 15 0
1 7 8 0 0
1 7 8 1 0
1 7 8 2 0
1 7 8 3 0
1 7 8 4 0
1 7 8 5 0
1 7 8 6 0
1 7 8 7 0
1 7 8 8 0
1 7 8 9 0
1 7 8 10 0
1 7 8 11 0
1 7 8 12 0
1 7 8 13 0
1 7 8 14 0
1 7 8 15 0
1 7 9 0 0
1 7 9 1 0
1 7 9 2 0
1 7 9 3 0
1 7 9 4 0
1 7 9 5 0
1 7 9 6 0
1 7 9 7 0
1 7 9 8 0
1 7 9 9 0
1 7 9 10 0
1 7 9 11 0
1 7 9 12 0
1 7 9 13 0
1 7 9 14 0
1 7 9 15 0
1 7 10 0 0
1 7 10 1 0
1 7 10 2 0
1 7 10 3 0
1 7 10 4 0
1 7 10 5 0
1 7 10 6 0
1 7 10 7 0
1 7 10 8 0
1 7 10 9 0
1 7 10 10 0
1 7 10 11 0
1 7 10 12 0
1 7 10 13 0
1 7 10 14 0
1 7 10 15 0
1 7 11 0 0
1 7 11 1 0
1 7 11 2 0
1 7 11 3 0
1 7 11 4 0
1 7 11 5 0
1 7 11 6 0
1 7 11 7 0
1 7 11 8 0
1 7 11 9 0
1 7 11 10 0
1 7 11 11 0
1 7 11 12 0
1 7 11 13 0
1 7 11 14 0
1 7 11 15 0
1 7 12 0 0
1 7 12 1 0
1 7 12 2 0
1 7 12 3 0
1 7 12 4 0
1 7 12 5 0
1 7 12 6 0
1 7 12 7 0
1 7 12 8 0
1 7 12 9 0
1 7 12 10 0
1 7 12 11 0
1 7 12 12 0
1 7 12 13 0
1 7 12 14 0
1 7 12 15 0
1 7 13 0 0
1 7 13 1 0
1 7 13 2 0
1 7 13 3 0
1 7 13 4 0
1 7 13 5 0
1 7 13 6 0
1 7 13 7 0
1 7 13 8 0
1 7 13 9 0
1 7 13 10 0
1 7 13 11 0
1 7 13 12 0
1 7 13 13 0
1 7 13 14 0
1 7 13 15 0
1 7 14 0 0
1 7 14 1 0
1 7 14 2 0
1 7 14 3 0
1 7 14 4 0
1 7 14 5 0
1 7 14 6 0
1 7 14 7 0
1 7 14 8 0
1 7 14 9 0
1 7 14 10 0
1 7 14 11 0
1 7 14 12 0
1 7 14 13 0
1 7 14 14 0
1 7 14 15 0
1 7 15 0 0
1 7 15 1 0
1 7 15 2 0
1 7 15 3 0
1 7 15 4 0
1 7 15 5 0
1 7 15 6 0
1 7 15 7 0
1 7 15 8 0
1 7 15 9 0
1 7 15 10 0
1 7 15 11 0
1 7 15 12 0
1 7 15 13 0
1 7 15 14 0
1 7 15 15 0
1 8 0 0 0
1 8 0 1 0
1 8 0 2 0
1 8 0 3 0
1 8 0 4 0
1 8 0 5 0
1 8 0 6 0
1 8 0 7 0
1 8 0 8 0
1 8 0 9 0
1 8 0 10 0
1 8 0 11 0
1 8 0 12 0
1 8 0 13 0
1 8 0 14 0
1 8 0 15 0
1 8 1 0 0
1 8 1 1 0
1 8 1 2 0
1 8 1 3 0.01776772335347322
1 8 1 4 0
1 8 1 5 0
1 8 1 6 0
1 8 1 7 0
1 8 1 8 0.001333088118557701
1 8 1 9 0
1 8 1 10 0
1 8 1 11 0
1 8 1 12 0
1 8 1 13 0
1 8 1 14 0
1 8 1 15 0
1 8 2 0 0
1 8 2 1 0
1 8 2 2 0
1 8 2 3 0
1 8 2 4 0
1 8 2 5 0
1 8 2 6 0
1 8 2 7 0
1 8 2 8 0
1 8 2 9 0
1 8 2 10 0
1 8 2 11 0
1 8 2 12 0
1 8 2 13 0
1 8 2 14 0
1 8 2 15 0
1 8 3 0 0
1 8 3 1 -0.008883861676736608
1 8 3 2 0
1 8 3 3 0
1 8 3 4 0
1 8 3 5 0
1 8 3 6 0
1 8 3 7 0
1 8 3 8 0
1 8 3 9 0
1 8 3 10 0
1 8 3 11 0
1 8 3 12 0
1 8 3 13 0
1 8 3 14 0
1 8 3 15 -3.540405339169916e-05
1 8 4 0 0
1 8 4 1 0
1 8 4 2 0
1 8 4 3 0
1 8 4 4 0
1 8 4 5 0
1 8 4 6 0
1 8 4 7 0
1 8 4 8 0
1 8 4 9 0
1 8 4 10 0
1 8 4 11 0
1 8 4 12 0
1 8 4 13 0
1 8 4 14 0
1 8 4 15 0
1 8 5 0 0
1 8 5 1 0
1 8 5 2 0
1 8 5 3 0
1 8 5 4 0
1 8 5 5 0
1 8 5 6 0
1 8 5 7 0
1 8 5 8 0
1 8 5 9 0
1 8 5 10 0
1 8 5 11 0
1 8 5 12 0
1 8 5 13 0
1 8 5 14 0
1 8 5 15 0
1 8 6 0 0
1 8 6 1 0
1 8 6 2 0
1 8 6 3 0
1 8 6 4 0
1 8 6 5 0
1 8 6 6 0
1 8 6 7 0
1 8 6 8 0
1 8 6 9 0
1 8 6 10 0
1 8 6 11 0
1 8 6 12 0
1 8 6 13 0
1 8 6 14 0
1 8 6 15 0
1 8 7 0 0
1 8 7 1 0
1 8 7 2 0
1 8 7 3 0
1 8 7 4 0
1 8 7 5 0
1 8 7 6 0
1 8 7 7 0
1 8 7 8 0
1 8 7 9 0
1 8 7 10 0
1 8 7 11 0
1 8 7 12 0
1 8 7 13 0
1 8 7 14 0
1 8 7 15 0
1 8 8 0 0
1 8 8 1 -0.0006665440592788503
1 8 8 2 0
1 8 8 3 0
1 8 8 4 0
1 8 8 5 0
1 8 8 6 0
1 8 8 7 0
1 8 8 8 0
1 8 8 9 0
1 8 8 10 0
1 8 8 11 0
1 8 8 12 0
1 8 8 13 0
1 8 8 14 0
1 8 8 15 0
1 8 9 0 0
1 8 9 1 0
1 8 9 2 0
1 8 9 3 0
1 8 9 4 0
1 8 9 5 0
1 8 9 6 0
1 8 9 7 0
1 8 9 8 0
1 8 9 9 0
1 8 9 10 0
1 8 9 11 0
1 8 9 12 0
1 8 9 13 0
1 8 9 14 0
1 8 9 15 0
1 8 10 0 0
1 8 10 1 0
1 8 10 2 0
1 8 10 3 0
1 8 10 4 0
1 8 10 5 0
1 8 10 6 0
1 8 10 7 0
1 8 10 8 0
1 8 10 9 0
1 8 10 10 0
1 8 10 11 0
1 8 10 12 0
1 8 10 13 0
1 8 10 14 0
1 8 10 15 0
1 8 11 0 0
1 8 11 1 0
1 8 11 2 0
1 8 11 3 0
1 8 11 4 0
1 8 11 5 0
1 8 11 6 0
1 8 11 7 0
1 8 11 8 0
1 8 11 9 0
1 8 11 10 0
1 8 11 11 0
1 8 11 12 0
1 8 11 13 0
1 8 11 14 0
1 8 11 15 0
1 8 12 0 0
1 8 12 1 0
1 8 12 2 0
1 8 12 3 0
1 8 12 4 0
1 8 12 5 0
1 8 12 6 0
1 8 12 7 0
1 8 12 8 0
1 8 12 9 0
1 8 12 10 0
1 8 12 11 0
1 8 12 12 0
1 8 12 13 0
1 8 12 14 0
1 8 12 15 0
1 8 13 0 0
1 8 13 1 0
1 8 13 2 0
1 8 13 3 0
1 8 13 4 0
1 8 13 5 0
1 8 13 6 0
1 8 13 7 0
1 8 13 8 0
1 8 13 9 0
1 8 13 10 0
1 8 13 11 0
1 8 13 12 0
1 8 13 13 0
1 8 13 14 0
1 8 13 15 0
1 8 14 0 0
1 8 14 1 0
1 8 14 2 0
1 8 14 3 0
1 8 14 4 0
1 8 14 5 0
1 8 14 6 0
1 8 14 7 0
1 8 14 8 0
1 8 14 9 0
1 8 14 10 0
1 8 14 11 0
1 8 14 12 0
1 8 14 13 0
1 8 14 14 0
1 8 14 15 0
1 8 15 0 0
1 8 15 1 0
1 8 15 2 0
1 8 15 3 0.0001425926748137515
1 8 15 4 0
1 8 15 5 0
1 8 15 6 0
1 8 15 7 0
1 8 15 8 0
1 8 15 9 0
1 8 15 10 0
1 8 15 11 0
1 8 15 12 0
1 8 15 13 0
1 8 15 14 0
1 8 15 15 0
1 9 0 0 0
1 9 0 1 0
1 9 0 2 0
1 9 0 3 0
1 9 0 4 0
1 9 0 5 0
1 9 0 6 0
1 9 0 7 0
1 9 0 8 0
1 9 0 9 0
1 9 0 10 0
1 9 0 11 0
1 9 0 12 0
1 9 0 13 0
1 9 0 14 0
1 9 0 15 0
1 9 1 0 0
1 9 1 1 0
1 9 1 2 0
1 9 1 3 0
1 9 1 4 0.02008254085977053
1 9 1 5 0
1 9 1 6 0
1 9 1 7 0
1 9 1 8 0
1 9 1 9 0.001703070432451792
1 9 1 10 0
1 9 1 11 0
1 9 1 12 0
1 9 1 13 0
1 9 1 14 0
1 9 1 15 0
1 9 2 0 0
1 9 2 1 0
1 9 2 2 0
1 9 2 3 0
1 9 2 4 0
1 9 2 5 0
1 9 2 6 0
1 9 2 7 0
1 9 2 8 0
1 9 2 9 0
1 9 2 10 0
1 9 2 11 0
1 9 2 12 0
1 9 2 13 0
1 9 2 14 0
1 9 2 15 0
1 9 3 0 0
1 9 3 1 0
1 9 3 2 0
1 9 3 3 0
1 9 3 4 0
1 9 3 5 0
1 9 3 6 0
1 9 3 7 0
1 9 3 8 0
1 9 3 9 0
1 9 3 10 0
1 9 3 11 0
1 9 3 12 0
1 9 3 13 0
1 9 3 14 0
1 9 3 15 0
1 9 4 0 0
1 9 4 1 -0.01004127042988527
1 9 4 2 0
1 9 4 3 0
1 9 4 4 0
1 9 4 5 0
1 9 4 6 0
1 9 4 7 0
1 9 4 8 0
1 9 4 9 0
1 9 4 10 0
1 9 4 11 0
1 9 4 12 0
1 9 4 13 0
1 9 4 14 0
1 9 4 15 -3.809636065563682e-05
1 9 5 0 0
1 9 5 1 0
1 9 5 2 0
1 9 5 3 0
1 9 5 4 0
1 9 5 5 0
1 9 5 6 0
1 9 5 7 0
1 9 5 8 0
1 9 5 9 0
1 9 5 10 0
1 9 5 11 0
1 9 5 12 0
1 9 5 13 0
1 9 5 14 0
1 9 5 15 0
1 9 6 0 0
1 9 6 1 0
1 9 6 2 0
1 9 6 3 0
1 9 6 4 0
1 9 6 5 0
1 9 6 6 0
1 9 6 7 0
1 9 6 8 0
1 9 6 9 0
1 9 6 10 0
1 9 6 11 0
1 9 6 12 0
1 9 6 13 0
1 9 6 14 0
1 9 6 15 0
1 9 7 0 0
1 9 7 1 0
1 9 7 2 0
1 9 7 3 0
1 9 7 4 0
1 9 7 5 0
1 9 7 6 0
1 9 7 7 0
1 9 7 8 0
1 9 7 9 0
1 9 7 10 0
1 9 7 11 0
1 9 7 12 0
1 9 7 13 0
1 9 7 14 0
1 9 7 15 0
1 9 8 0 0
1 9 8 1 0
1 9 8 2 0
1 9 8 3 0
1 9 8 4 0
1 9 8 5 0
1 9 8 6 0
1 9 8 7 0
1 9 8 8 0
1 9 8 9 0
1 9 8 10 0
1 9 8 11 0
1 9 8 12 0
1 9 8 13 0
1 9 8 14 0
1 9 8 15 0
1 9 9 0 0
1 9 9 1 -0.0008515352162258962
1 9 9 2 0
1 9 9 3 0
1 9 9 4 0
1 9 9 5 0
1 9 9 6 0
1 9 9 7 0
1 9 9 8 0
1 9 9 9 0
1 9 9 10 0
1 9 9 11 0
1 9 9 12 0
1 9 9 13 0
1 9 9 14 0
1 9 9 15 0
1 9 10 0 0
1 9 10 1 0
1 9 10 2 0
1 9 10 3 0
1 9 10 4 0
1 9 10 5 0
1 9 10 6 0
1 9 10 7 0
1 9 10 8 0
1 9 10 9 0
1 9 10 10 0
1 9 10 11 0
1 9 10 12 0
1 9 10 13 0
1 9 10 14 0
1 9 10 15 0
1 9 11 0 0
1 9 11 1 0
1 9 11 2 0
1 9 11 3 0
1 9 11 4 0
1 9 11 5 0
1 9 11 6 0
1 9 11 7 0
1 9 11 8 0
1 9 11 9 0
1 9 11 10 0
1 9 11 11 0
1 9 11 12 0
1 9 11 13 0
1 9 11 14 0
1 9 11 15 0
1 9 12 0 0
1 9 12 1 0
1 9 12 2 0
1 9 12 3 0
1 9 12 4 0
1 9 12 5 0
1 9 12 6 0
1 9 12 7 0
1 9 12 8 0
1 9 12 9 0
1 9 12 10 0
1 9 12 11 0
1 9 12 12 0
1 9 12 13 0
1 9 12 14 0
1 9 12 15 0
1 9 13 0 0
1 9 13 1 0
1 9 13 2 0
1 9 13 3 0
1 9 13 4 0
1 9 13 5 0
1 9 13 6 0
1 9 13 7 0
1 9 13 8 0
1 9 13 9 0
1 9 13 10 0
1 9 13 11 0
1 9 13 12 0
1 9 13 13 0
1 9 13 14 0
1 9 13 15 0
1 9 14 0 0
1 9 14 1 0
1 9 14 2 0
1 9 14 3 0
1 9 14 4 0
1 9 14 5 0
1 9 14 6 0
1 9 14 7 0
1 9 14 8 0
1 9 14 9 0
1 9 14 10 0
1 9 14 11 0
1 9 14 12 0
1 9 14 13 0
1 9 14 14 0
1 9 14 15 0
1 9 15 0 0
1 9 15 1 0
1 9 15 2 0
1 9 15 3 0
1 9 15 4 0.000161169957528147
1 9 15 5 0
1 9 15 6 0
1 9 15 7 0
1 9 15 8 0
1 9 15 9 0
1 9 15 10 0
1 9 15 11 0
1 9 15 12 0
1 9 15 13 0
1 9 15 14 0
1 9 15 15 0
1 10 0 0 0
1 10 0 1 0
1 10 0 2 0
1 10 0 3 0
1 10 0 4 0
1 10 0 5 0
1 10 0 6 0
1 10 0 7 0
1 10 0 8 0
1 10 0 9 0
1 10 0 10 0
1 10 0 11 0
1 10 0 12 0
1 10 0 13 0
1 10 0 14 0
1 10 0 15 0
1 10 1 0 0
1 10 1 1 0
1 10 1 2 0
1 10 1 3 0
1 10 1 4 0
1 10 1 5 0
1 10 1 6 0
1 10 1 7 0
1 10 1 8 0
1 10 1 9 0
1 10 1 10 0
1 10 1 11 0
1 10 1 12 0
1 10 1 13 0
1 10 1 14 0
1 10 1 15 0
1 10 2 0 0
1 10 2 1 0
1 10 2 2 0
1 10 2 3 0
1 10 2 4 0
1 10 2 5 0
1 10 2 6 0
1 10 2 7 0
1 10 2 8 0
1 10 2 9 0
1 10 2 10 0
1 10 2 11 0
1 10 2 12 0
1 10 2 13 0
1 10 2 14 0
1 10 2 15 0
1 10 3 0 0
1 10 3 1 0
1 10 3 2 0
1 10 3 3 0
1 10 3 4 0
1 10 3 5 0
1 10 3 6 0
1 10 3 7 0
1 10 3 8 0
1 10 3 9 0
1 10 3 10 0
1 10 3 11 0
1 10 3 12 0
1 10 3 13 0
1 10 3 14 0
1 10 3 15 0
1 10 4 0 0
1 10 4 1 0
1 10 4 2 0
1 10 4 3 0
1 10 4 4 0
1 10 4 5 0
1 10 4 6 0
1 10 4 7 0
1 10 4 8 0
1 10 4 9 0
1 10 4 10 0
1 10 4 11 0
1 10 4 12 0
1 10 4 13 0
1 10 4 14 0
1 10 4 15 0
1 10 5 0 0
1 10 5 1 0
1 10 5 2 0
1 10 5 3 0
1 10 5 4 0
1 10 5 5 0
1 10 5 6 0
1 10 5 7 0
1 10 5 8 0
1 10 5 9 0
1 10 5 10 0
1 10 5 11 0
1 10 5 12 0
1 10 5 13 0
1 10 5 14 0
1 10 5 15 0
1 10 6 0 0
1 10 6 1 0
1 10 6 2 0
1 10 6 3 0
1 10 6 4 0
1 10 6 5 0
1 10 6 6 0
1 10 6 7 0
1 10 6 8 0
1 10 6 9 0
1 10 6 10 0
1 10 6 11 0
1 10 6 12 0
1 10 6 13 0
1 10 6 14 0
1 10 6 15 0
1 10 7 0 0
1 10 7 1 0
1 10 7 2 0
1 10 7 3 0
1 10 7 4 0
1 10 7 5 0
1 10 7 6 0
1 10 7 7 0
1 10 7 8 0
1 10 7 9 0
1 10 7 10 0
1 10 7 11 0
1 10 7 12 0
1 10 7 13 0
1 10 7 14 0
1 10 7 15 0
1 10 8 0 0
1 10 8 1 0
1 10 8 2 0
1 10 8 3 0
1 10 8 4 0
1 10 8 5 0
1 10 8 6 0
1 10 8 7 0
1 10 8 8 0
1 10 8 9 0
1 10 8 10 0
1 10 8 11 0
1 10 8 12 0
1 10 8 13 0
1 10 8 14 0
1 10 8 15 0
1 10 9 0 0
1 10 9 1 0
1 10 9 2 0
1 10 9 3 0
1 10 9 4 0
1 10 9 5 0
1 10 9 6 0
1 10 9 7 0
1 10 9 8 0
1 10 9 9 0
1 10 9 10 0
1 10 9 11 0
1 10 9 12 0
1 10 9 13 0
1 10 9 14 0
1 10 9 15 0
1 10 10 0 0
1 10 10 1 0
1 10 10 2 0
1 10 10 3 0
1 10 10 4 0
1 10 10 5 0
1 10 10 6 0
1 10 10 7 0
1 10 10 8 0
1 10 10 9 0
1 10 10 10 0
1 10 10 11 0
1 10 10 12 0
1 10 10 13 0
1 10 10 14 0
1 10 10 15 0
1 10 11 0 0
1 10 11 1 0
1 10 11 2 0
1 10 11 3 0
1 10 11 4 0
1 10 11 5 0
1 10 11 6 0
1 10 11 7 0
1 10 11 8 0
1 10 11 9 0
1 10 11 10 0
1 10 11 11 0
1 10 11 12 0
1 10 11 13 0
1 10 11 14 0
1 10 11 15 0
1 10 12 0 0
1 10 12 1 0
1 10 12 2 0
1 10 12 3 0
1 10 12 4 0
1 10 12 5 0
1 10 12 6 0
1 10 12 7 0
1 10 12 8 0
1 10 12 9 0
1 10 12 10 0
1 10 12 11 0
1 10 12 12 0
1 10 12 13 0
1 10 12 14 0
1 10 12 15 0
1 10 13 0 0
1 10 13 1 0
1 10 13 2 0
1 10 13 3 0
1 10 13 4 0
1 10 13 5 0
1 10 13 6 0
1 10 13 7 0
1 10 13 8 0
1 10 13 9 0
1 10 13 10 0
1 10 13 11 0
1 10 13 12 0
1 10 13 13 0
1 10 13 14 0
1 10 13 15 0
1 10 14 0 0
1 10 14 1 0
1 10 14 2 0
1 10 14 3 0
1 10 14 4 0
1 10 14 5 0
1 10 14 6 0
1 10 14 7 0
1 10 14 8 0
1 10 14 9 0
1 10 14 10 0
1 10 14 11 0
1 10 14 12 0
1 10 14 13 0
1 10 14 14 0
1 10 14 15 0
1 10 15 0 0
1 10 15 1 0
1 10 15 2 0
1 10 15 3 0
1 10 15 4 0
1 10 15 5 0
1 10 15 6 0
1 10 15 7 0
1 10 15 8 0
1 10 15 9 0
1 10 15 10 0
1 10 15 11 0
1 10 15 12 0
1 10 15 13 0
1 10 15 14 0
1 10 15 15 0
1 11 0 0 0
1 11 0 1 0.002220143575202455
1 11 0 2 0
1 11 0 3 0
1 11 0 4 0
1 11 0 5 0
1 11 0 6 0
1 11 0 7 0
1 11 0 8 0
1 11 0 9 0
1 11 0 10 0
1 11 0 11 0
1 11 0 12 0
1 11 0 13 0
1 11 0 14 0
1 11 0 15 3.043463753430608e-05
1 11 1 0 -0.00444028715040491
1 11 1 1 0
1 11 1 2 -0.004446644201159106
1 11 1 3 0
1 11 1 4 0
1 11 1 5 0
1 11 1 6 0
1 11 1 7 0
1 11 1 8 0
1 11 1 9 0
1 11 1 10 0
1 11 1 11 0.0003976831446720734
1 11 1 12 0
1 11 1 13 0
1 11 1 14 -0.0002654175904546682
1 11 1 15 0
1 11 2 0 0
1 11 2 1 0.002223322100579553
1 11 2 2 0
1 11 2 3 0
1 11 2 4 0
1 11 2 5 0
1 11 2 6 0
1 11 2 7 0
1 11 2 8 0
1 11 2 9 0
1 11 2 10 0
1 11 2 11 0
1 11 2 12 0
1 11 2 13 0
1 11 2 14 0
1 11 2 15 1.878839388780683e-05
1 11 3 0 0
1 11 3 1 0
1 11 3 2 0
1 11 3 3 0
1 11 3 4 0
1 11 3 5 0
1 11 3 6 0
1 11 3 7 0
1 11 3 8 0
1 11 3 9 0
1 11 3 10 0
1 11 3 11 0
1 11 3 12 0
1 11 3 13 0
1 11 3 14 0
1 11 3 15 0
1 11 4 0 0
1 11 4 1 0
1 11 4 2 0
1 11 4 3 0
1 11 4 4 0
1 11 4 5 0
1 11 4 6 0
1 11 4 7 0
1 11 4 8 0
1 11 4 9 0
1 11 4 10 0
1 11 4 11 0
1 11 4 12 0
1 11 4 13 0
1 11 4 14 0
1 11 4 15 0
1 11 5 0 0
1 11 5 1 0
1 11 5 2 0
1 11 5 3 0
1 11 5 4 0
1 11 5 5 0
1 11 5 6 0
1 11 5 7 0
1 11 5 8 0
1 11 5 9 0
1 11 5 10 0
1 11 5 11 0
1 11 5 12 0
1 11 5 13 0
1 11 5 14 0
1 11 5 15 0
1 11 6 0 0
1 11 6 1 0
1 11 6 2 0
1 11 6 3 0
1 11 6 4 0
1 11 6 5 0
1 11 6 6 0
1 11 6 7 0
1 11 6 8 0
1 11 6 9 0
1 11 6 10 0
1 11 6 11 0
1 11 6 12 0
1 11 6 13 0
1 11 6 14 0
1 11 6 15 0
1 11 7 0 0
1 11 7 1 0
1 11 7 2 0
1 11 7 3 0
1 11 7 4 0
1 11 7 5 0
1 11 7 6 0
1 11 7 7 0
1 11 7 8 0
1 11 7 9 0
1 11 7 10 0
1 11 7 11 0
1 11 7 12 0
1 11 7 13 0
1 11 7 14 0
1 11 7 15 0
1 11 8 0 0
1 11 8 1 0
1 11 8 2 0
1 11 8 3 0
1 11 8 4 0
1 11 8 5 0
1 11 8 6 0
1 11 8 7 0
1 11 8 8 0
1 11 8 9 0
1 11 8 10 0
1 11 8 11 0
1 11 8 12 0
1 11 8 13 0
1 11 8 14 0
1 11 8 15 0
1 11 9 0 0
1 11 9 1 0
1 11 9 2 0
1 11 9 3 0
1 11 9 4 0
1 11 9 5 0
1 11 9 6 0
1 11 9 7 0
1 11 9 8 0
1 11 9 9 0
1 11 9 10 0
1 11 9 11 0
1 11 9 12 0
1 11 9 13 0
1 11 9 14 0
1 11 9 15 0
1 11 10 0 0
1 11 10 1 0
1 11 10 2 0
1 11 10 3 0
1 11 10 4 0
1 11 10 5 0
1 11 10 6 0
1 11 10 7 0
1 11 10 8 0
1 11 10 9 0
1 11 10 10 0
1 11 10 11 0
1 11 10 12 0
1 11 10 13 0
1 11 10 14 0
1 11 10 15 0
1 11 11 0 0
1 11 11 1 -0.0001988415723360367
1 11 11 2 0
1 11 11 3 0
1 11 11 4 0
1 11 11 5 0
1 11 11 6 0
1 11 11 7 0
1 11 11 8 0
1 11 11 9 0
1 11 11 10 0
1 11 11 11 0
1 11 11 12 0
1 11 11 13 0
1 11 11 14 0
1 11 11 15 0
1 11 12 0 0
1 11 12 1 0
1 11 12 2 0
1 11 12 3 0
1 11 12 4 0
1 11 12 5 0
1 11 12 6 0
1 11 12 7 0
1 11 12 8 0
1 11 12 9 0
1 11 12 10 0
1 11 12 11 0
1 11 12 12 0
1 11 12 13 0
1 11 12 14 0
1 11 12 15 0
1 11 13 0 0
1 11 13 1 0
1 11 13 2 0
1 11 13 3 0
1 11 13 4 0
1 11 13 5 0
1 11 13 6 0
1 11 13 7 0
1 11 13 8 0
1 11 13 9 0
1 11 13 10 0
1 11 13 11 0
1 11 13 12 0
1 11 13 13 0
1 11 13 14 0
1 11 13 15 0
1 11 14 0 0
1 11 14 1 0.0001327087952273341
1 11 14 2 0
1 11 14 3 0
1 11 14 4 0
1 11 14 5 0
1 11 14 6 0
1 11 14 7 0
1 11 14 8 0
1 11 14 9 0
1 11 14 10 0
1 11 14 11 0
1 11 14 12 0
1 11 14 13 0
1 11 14 14 0
1 11 14 15 0
1 11 15 0 -3.140469671808889e-05
1 11 15 1 0
1 11 15 2 -3.568599521583582e-05
1 11 15 3 0
1 11 15 4 0
1 11 15 5 0
1 11 15 6 0
1 11 15 7 0
1 11 15 8 0
1 11 15 9 0
1 11 15 10 0
1 11 15 11 0
1 11 15 12 0
1 11 15 13 0
1 11 15 14 0
1 11 15 15 0
1 12 0 0 0
1 12 0 1 0
1 12 0 2 0
1 12 0 3 0
1 12 0 4 0
1 12 0 5 0
1 12 0 6 0
1 12 0 7 0
1 12 0 8 0
1 12 0 9 0
1 12 0 10 0
1 12 0 11 0
1 12 0 12 0
1 12 0 13 0
1 12 0 14 0
1 12 0 15 0
1 12 1 0 0
1 12 1 1 0
1 12 1 2 0
1 12 1 3 0
1 12 1 4 0
1 12 1 5 0.01839731841260404
1 12 1 6 0
1 12 1 7 0
1 12 1 8 0
1 12 1 9 0
1 12 1 10 0
1 12 1 11 0
1 12 1 12 0.001429237295897725
1 12 1 13 0
1 12 1 14 0
1 12 1 15 0
1 12 2 0 0
1 12 2 1 0
1 12 2 2 0
1 12 2 3 0
1 12 2 4 0
1 12 2 5 0
1 12 2 6 0
1 12 2 7 0
1 12 2 8 0
1 12 2 9 0
1 12 2 10 0
1 12 2 11 0
1 12 2 12 0
1 12 2 13 0
1 12 2 14 0
1 12 2 15 0
1 12 3 0 0
1 12 3 1 0
1 12 3 2 0
1 12 3 3 0
1 12 3 4 0
1 12 3 5 0
1 12 3 6 0
1 12 3 7 0
1 12 3 8 0
1 12 3 9 0
1 12 3 10 0
1 12 3 11 0
1 12 3 12 0
1 12 3 13 0
1 12 3 14 0
1 12 3 15 0
1 12 4 0 0
1 12 4 1 0
1 12 4 2 0
1 12 4 3 0
1 12 4 4 0
1 12 4 5 0
1 12 4 6 0
1 12 4 7 0
1 12 4 8 0
1 12 4 9 0
1 12 4 10 0
1 12 4 11 0
1 12 4 12 0
1 12 4 13 0
1 12 4 14 0
1 12 4 15 0
1 12 5 0 0
1 12 5 1 -0.009198659206302019
1 12 5 2 0
1 12 5 3 0
1 12 5 4 0
1 12 5 5 0
1 12 5 6 0
1 12 5 7 0
1 12 5 8 0
1 12 5 9 0
1 12 5 10 0
1 12 5 11 0
1 12 5 12 0
1 12 5 13 0
1 12 5 14 0
1 12 5 15 -4.173800127972369e-05
1 12 6 0 0
1 12 6 1 0
1 12 6 2 0
1 12 6 3 0
1 12 6 4 0
1 12 6 5 0
1 12 6 6 0
1 12 6 7 0
1 12 6 8 0
1 12 6 9 0
1 12 6 10 0
1 12 6 11 0
1 12 6 12 0
1 12 6 13 0
1 12 6 14 0
1 12 6 15 0
1 12 7 0 0
1 12 7 1 0
1 12 7 2 0
1 12 7 3 0
1 12 7 4 0
1 12 7 5 0
1 12 7 6 0
1 12 7 7 0
1 12 7 8 0
1 12 7 9 0
1 12 7 10 0
1 12 7 11 0
1 12 7 12 0
1 12 7 13 0
1 12 7 14 0
1 12 7 15 0
1 12 8 0 0
1 12 8 1 0
1 12 8 2 0
1 12 8 3 0
1 12 8 4 0
1 12 8 5 0
1 12 8 6 0
1 12 8 7 0
1 12 8 8 0
1 12 8 9 0
1 12 8 10 0
1 12 8 11 0
1 12 8 12 0
1 12 8 13 0
1 12 8 14 0
1 12 8 15 0
1 12 9 0 0
1 12 9 1 0
1 12 9 2 0
1 12 9 3 0
1 12 9 4 0
1 12 9 5 0
1 12 9 6 0
1 12 9 7 0
1 12 9 8 0
1 12 9 9 0
1 12 9 10 0
1 12 9 11 0
1 12 9 12 0
1 12 9 13 0
1 12 9 14 0
1 12 9 15 0
1 12 10 0 0
1 12 10 1 0
1 12 10 2 0
1 12 10 3 0
1 12 10 4 0
1 12 10 5 0
1 12 10 6 0
1 12 10 7 0
1 12 10 8 0
1 12 10 9 0
1 12 10 10 0
1 12 10 11 0
1 12 10 12 0
1 12 10 13 0
1 12 10 14 0
1 12 10 15 0
1 12 11 0 0
1 12 11 1 0
1 12 11 2 0
1 12 11 3 0
1 12 11 4 0
1 12 11 5 0
1 12 11 6 0
1 12 11 7 0
1 12 11 8 0
1 12 11 9 0
1 12 11 10 0
1 12 11 11 0
1 12 11 12 0
1 12 11 13 0
1 12 11 14 0
1 12 11 15 0
1 12 12 0 0
1 12 12 1 -0.0007146186479488625
1 12 12 2 0
1 12 12 3 0
1 12 12 4 0
1 12 12 5 0
1 12 12 6 0
1 12 12 7 0
1 12 12 8 0
1 12 12 9 0
1 12 12 10 0
1 12 12 11 0
1 12 12 12 0
1 12 12 13 0
1 12 12 14 0
1 12 12 15 0
1 12 13 0 0
1 12 13 1 0
1 12 13 2 0
1 12 13 3 0
1 12 13 4 0
1 12 13 5 0
1 12 13 6 0
1 12 13 7 0
1 12 13 8 0
1 12 13 9 0
1 12 13 10 0
1 12 13 11 0
1 12 13 12 0
1 12 13 13 0
1 12 13 14 0
1 12 13 15 0
1 12 14 0 0
1 12 14 1 0
1 12 14 2 0
1 12 14 3 0
1 12 14 4 0
1 12 14 5 0
1 12 14 6 0
1 12 14 7 0
1 12 14 8 0
1 12 14 9 0
1 12 14 10 0
1 12 14 11 0
1 12 14 12 0
1 12 14 13 0
1 12 14 14 0
1 12 14 15 0
1 12 15 0 0
1 12 15 1 0
1 12 15 2 0
1 12 15 3 0
1 12 15 4 0
1 12 15 5 0.0001476454123955444
1 12 15 6 0
1 12 15 7 0
1 12 15 8 0
1 12 15 9 0
1 12 15 10 0
1 12 15 11 0
1 12 15 12 0
1 12 15 13 0
1 12 15 14 0
1 12 15 15 0
1 13 0 0 0
1 13 0 1 0
1 13 0 2 0
1 13 0 3 0
1 13 0 4 0
1 13 0 5 0
1 13 0 6 0
1 13 0 7 0
1 13 0 8 0
1 13 0 9 0
1 13 0 10 0
1 13 0 11 0
1 13 0 12 0
1 13 0 13 0
1 13 0 14 0
1 13 0 15 0
1 13 1 0 0
1 13 1 1 0
1 13 1 2 0
1 13 1 3 0
1 13 1 4 0
1 13 1 5 0
1 13 1 6 0.01645872644576076
1 13 1 7 0
1 13 1 8 0
1 13 1 9 0
1 13 1 10 0
1 13 1 11 0
1 13 1 12 0
1 13 1 13 0.001143899169513064
1 13 1 14 0
1 13 1 15 0
1 13 2 0 0
1 13 2 1 0
1 13 2 2 0
1 13 2 3 0
1 13 2 4 0
1 13 2 5 0
1 13 2 6 0
1 13 2 7 0
1 13 2 8 0
1 13 2 9 0
1 13 2 10 0
1 13 2 11 0
1 13 2 12 0
1 13 2 13 0
1 13 2 14 0
1 13 2 15 0
1 13 3 0 0
1 13 3 1 0
1 13 3 2 0
1 13 3 3 0
1 13 3 4 0
1 13 3 5 0
1 13 3 6 0
1 13 3 7 0
1 13 3 8 0
1 13 3 9 0
1 13 3 10 0
1 13 3 11 0
1 13 3 12 0
1 13 3 13 0
1 13 3 14 0
1 13 3 15 0
1 13 4 0 0
1 13 4 1 0
1 13 4 2 0
1 13 4 3 0
1 13 4 4 0
1 13 4 5 0
1 13 4 6 0
1 13 4 7 0
1 13 4 8 0
1 13 4 9 0
1 13 4 10 0
1 13 4 11 0
1 13 4 12 0
1 13 4 13 0
1 13 4 14 0
1 13 4 15 0
1 13 5 0 0
1 13 5 1 0
1 13 5 2 0
1 13 5 3 0
1 13 5 4 0
1 13 5 5 0
1 13 5 6 0
1 13 5 7 0
1 13 5 8 0
1 13 5 9 0
1 13 5 10 0
1 13 5 11 0
1 13 5 12 0
1 13 5 13 0
1 13 5 14 0
1 13 5 15 0
1 13 6 0 0
1 13 6 1 -0.008229363222880381
1 13 6 2 0
1 13 6 3 0
1 13 6 4 0
1 13 6 5 0
1 13 6 6 0
1 13 6 7 0
1 13 6 8 0
1 13 6 9 0
1 13 6 10 0
1 13 6 11 0
1 13 6 12 0
1 13 6 13 0
1 13 6 14 0
1 13 6 15 -3.960091710846738e-05
1 13 7 0 0
1 13 7 1 0
1 13 7 2 0
1 13 7 3 0
1 13 7 4 0
1 13 7 5 0
1 13 7 6 0
1 13 7 7 0
1 13 7 8 0
1 13 7 9 0
1 13 7 10 0
1 13 7 11 0
1 13 7 12 0
1 13 7 13 0
1 13 7 14 0
1 13 7 15 0
1 13 8 0 0
1 13 8 1 0
1 13 8 2 0
1 13 8 3 0
1 13 8 4 0
1 13 8 5 0
1 13 8 6 0
1 13 8 7 0
1 13 8 8 0
1 13 8 9 0
1 13 8 10 0
1 13 8 11 0
1 13 8 12 0
1 13 8 13 0
1 13 8 14 0
1 13 8 15 0
1 13 9 0 0
1 13 9 1 0
1 13 9 2 0
1 13 9 3 0
1 13 9 4 0
1 13 9 5 0
1 13 9 6 0
1 13 9 7 0
1 13 9 8 0
1 13 9 9 0
1 13 9 10 0
1 13 9 11 0
1 13 9 12 0
1 13 9 13 0
1 13 9 14 0
1 13 9 15 0
1 13 10 0 0
1 13 10 1 0
1 13 10 2 0
1 13 10 3 0
1 13 10 4 0
1 13 10 5 0
1 13 10 6 0
1 13 10 7 0
1 13 10 8 0
1 13 10 9 0
1 13 10 10 0
1 13 10 11 0
1 13 10 12 0
1 13 10 13 0
1 13 10 14 0
1 13 10 15 0
1 13 11 0 0
1 13 11 1 0
1 13 11 2 0
1 13 11 3 0
1 13 11 4 0
1 13 11 5 0
1 13 11 6 0
1 13 11 7 0
1 13 11 8 0
1 13 11 9 0
1 13 11 10 0
1 13 11 11 0
1 13 11 12 0
1 13 11 13 0
1 13 11 14 0
1 13 11 15 0
1 13 12 0 0
1 13 12 1 0
1 13 12 2 0
1 13 12 3 0
1 13 12 4 0
1 13 12 5 0
1 13 12 6 0
1 13 12 7 0
1 13 12 8 0
1 13 12 9 0
1 13 12 10 0
1 13 12 11 0
1 13 12 12 0
1 13 12 13 0
1 13 12 14 0
1 13 12 15 0
1 13 13 0 0
1 13 13 1 -0.0005719495847565322
1 13 13 2 0
1 13 13 3 0
1 13 13 4 0
1 13 13 5 0
1 13 13 6 0
1 13 13 7 0
1 13 13 8 0
1 13 13 9 0
1 13 13 10 0
1 13 13 11 0
1 13 13 12 0
1 13 13 13 0
1 13 13 14 0
1 13 13 15 0
1 13 14 0 0
1 13 14 1 0
1 13 14 2 0
1 13 14 3 0
1 13 14 4 0
1 13 14 5 0
1 13 14 6 0
1 13 14 7 0
1 13 14 8 0
1 13 14 9 0
1 13 14 10 0
1 13 14 11 0
1 13 14 12 0
1 13 14 13 0
1 13 14 14 0
1 13 14 15 0
1 13 15 0 0
1 13 15 1 0
1 13 15 2 0
1 13 15 3 0
1 13 15 4 0
1 13 15 5 0
1 13 15 6 0.0001320874813975587
1 13 15 7 0
1 13 15 8 0
1 13 15 9 0
1 13 15 10 0
1 13 15 11 0
1 13 15 12 0
1 13 15 13 0
1 13 15 14 0
1 13 15 15 0
1 14 0 0 0
1 14 0 1 0
1 14 0 2 0
1 14 0 3 0
1 14 0 4 0
1 14 0 5 0
1 14 0 6 0
1 14 0 7 0
1 14 0 8 0
1 14 0 9 0
1 14 0 10 0
1 14 0 11 0
1 14 0 12 0
1 14 0 13 0
1 14 0 14 0
1 14 0 15 0
1 14 1 0 0
1 14 1 1 0
1 14 1 2 0.001660462474723878
1 14 1 3 0
1 14 1 4 0
1 14 1 5 0
1 14 1 6 0
1 14 1 7 0
1 14 1 8 0
1 14 1 9 0
1 14 1 10 0
1 14 1 11 -0.0002654175904546682
1 14 1 12 0
1 14 1 13 0
1 14 1 14 0.000982647903889507
1 14 1 15 0
1 14 2 0 0
1 14 2 1 -0.0008302312373619392
1 14 2 2 0
1 14 2 3 0
1 14 2 4 0
1 14 2 5 0
1 14 2 6 0
1 14 2 7 0
1 14 2 8 0
1 14 2 9 0
1 14 2 10 0
1 14 2 11 0
1 14 2 12 0
1 14 2 13 0
1 14 2 14 0
1 14 2 15 6.593753366550278e-06
1 14 3 0 0
1 14 3 1 0
1 14 3 2 0
1 14 3 3 0
1 14 3 4 0
1 14 3 5 0
1 14 3 6 0
1 14 3 7 0
1 14 3 8 0
1 14 3 9 0
1 14 3 10 0
1 14 3 11 0
1 14 3 12 0
1 14 3 13 0
1 14 3 14 0
1 14 3 15 0
1 14 4 0 0
1 14 4 1 0
1 14 4 2 0
1 14 4 3 0
1 14 4 4 0
1 14 4 5 0
1 14 4 6 0
1 14 4 7 0
1 14 4 8 0
1 14 4 9 0
1 14 4 10 0
1 14 4 11 0
1 14 4 12 0
1 14 4 13 0
1 14 4 14 0
1 14 4 15 0
1 14 5 0 0
1 14 5 1 0
1 14 5 2 0
1 14 5 3 0
1 14 5 4 0
1 14 5 5 0
1 14 5 6 0
1 14 5 7 0
1 14 5 8 0
1 14 5 9 0
1 14 5 10 0
1 14 5 11 0
1 14 5 12 0
1 14 5 13 0
1 14 5 14 0
1 14 5 15 0
1 14 6 0 0
1 14 6 1 0
1 14 6 2 0
1 14 6 3 0
1 14 6 4 0
1 14 6 5 0
1 14 6 6 0
1 14 6 7 0
1 14 6 8 0
1 14 6 9 0
1 14 6 10 0
1 14 6 11 0
1 14 6 12 0
1 14 6 13 0
1 14 6 14 0
1 14 6 15 0
1 14 7 0 0
1 14 7 1 0
1 14 7 2 0
1 14 7 3 0
1 14 7 4 0
1 14 7 5 0
1 14 7 6 0
1 14 7 7 0
1 14 7 8 0
1 14 7 9 0
1 14 7 10 0
1 14 7 11 0
1 14 7 12 0
1 14 7 13 0
1 14 7 14 0
1 14 7 15 0
1 14 8 0 0
1 14 8 1 0
1 14 8 2 0
1 14 8 3 0
1 14 8 4 0
1 14 8 5 0
1 14 8 6 0
1 14 8 7 0
1 14 8 8 0
1 14 8 9 0
1 14 8 10 0
1 14 8 11 0
1 14 8 12 0
1 14 8 13 0
1 14 8 14 0
1 14 8 15 0
1 14 9 0 0
1 14 9 1 0
1 14 9 2 0
1 14 9 3 0
1 14 9 4 0
1 14 9 5 0
1 14 9 6 0
1 14 9 7 0
1 14 9 8 0
1 14 9 9 0
1 14 9 10 0
1 14 9 11 0
1 14 9 12 0
1 14 9 13 0
1 14 9 14 0
1 14 9 15 0
1 14 10 0 0
1 14 10 1 0
1 14 10 2 0
1 14 10 3 0
1 14 10 4 0
1 14 10 5 0
1 14 10 6 0
1 14 10 7 0
1 14 10 8 0
1 14 10 9 0
1 14 10 10 0
1 14 10 11 0
1 14 10 12 0
1 14 10 13 0
1 14 10 14 0
1 14 10 15 0
1 14 11 0 0
1 14 11 1 0.0001327087952273341
1 14 11 2 0
1 14 11 3 0
1 14 11 4 0
1 14 11 5 0
1 14 11 6 0
1 14 11 7 0
1 14 11 8 0
1 14 11 9 0
1 14 11 10 0
1 14 11 11 0
1 14 11 12 0
1 14 11 13 0
1 14 11 14 0
1 14 11 15 0
1 14 12 0 0
1 14 12 1 0
1 14 12 2 0
1 14 12 3 0
1 14 12 4 0
1 14 12 5 0
1 14 12 6 0
1 14 12 7 0
1 14 12 8 0
1 14 12 9 0
1 14 12 10 0
1 14 12 11 0
1 14 12 12 0
1 14 12 13 0
1 14 12 14 0
1 14 12 15 0
1 14 13 0 0
1 14 13 1 0
1 14 13 2 0
1 14 13 3 0
1 14 13 4 0
1 14 13 5 0
1 14 13 6 0
1 14 13 7 0
1 14 13 8 0
1 14 13 9 0
1 14 13 10 0
1 14 13 11 0
1 14 13 12 0
1 14 13 13 0
1 14 13 14 0
1 14 13 15 0
1 14 14 0 0
1 14 14 1 -0.0004913239519447535
1 14 14 2 0
1 14 14 3 0
1 14 14 4 0
1 14 14 5 0
1 14 14 6 0
1 14 14 7 0
1 14 14 8 0
1 14 14 9 0
1 14 14 10 0
1 14 14 11 0
1 14 14 12 0
1 14 14 13 0
1 14 14 14 0
1 14 14 15 0
1 14 15 0 0
1 14 15 1 0
1 14 15 2 1.332583702415911e-05
1 14 15 3 0
1 14 15 4 0
1 14 15 5 0
1 14 15 6 0
1 14 15 7 0
1 14 15 8 0
1 14 15 9 0
1 14 15 10 0
1 14 15 11 0
1 14 15 12 0
1 14 15 13 0
1 14 15 14 0
1 14 15 15 0
1 15 0 0 0
1 15 0 1 0
1 15 0 2 0
1 15 0 3 0
1 15 0 4 0
1 15 0 5 0
1 15 0 6 0
1 15 0 7 0
1 15 0 8 0
1 15 0 9 0
1 15 0 10 0
1 15 0 11 0
1 15 0 12 0
1 15 0 13 0
1 15 0 14 0
1 15 0 15 0
1 15 1 0 0
1 15 1 1 0.001900509923577761
1 15 1 2 0
1 15 1 3 0
1 15 1 4 0
1 15 1 5 0
1 15 1 6 0
1 15 1 7 0
1 15 1 8 0
1 15 1 9 0
1 15 1 10 0
1 15 1 11 0
1 15 1 12 0
1 15 1 13 0
1 15 1 14 0
1 15 1 15 1.754400527554864e-05
1 15 2 0 0
1 15 2 1 0
1 15 2 2 0
1 15 2 3 0
1 15 2 4 0
1 15 2 5 0
1 15 2 6 0
1 15 2 7 0
1 15 2 8 0
1 15 2 9 0
1 15 2 10 0
1 15 2 11 0
1 15 2 12 0
1 15 2 13 0
1 15 2 14 0
1 15 2 15 0
1 15 3 0 0
1 15 3 1 0
1 15 3 2 0
1 15 3 3 0
1 15 3 4 0
1 15 3 5 0
1 15 3 6 0
1 15 3 7 0
1 15 3 8 0
1 15 3 9 0
1 15 3 10 0
1 15 3 11 0
1 15 3 12 0
1 15 3 13 0
1 15 3 14 0
1 15 3 15 0
1 15 4 0 0
1 15 4 1 0
1 15 4 2 0
1 15 4 3 0
1 15 4 4 0
1 15 4 5 0
1 15 4 6 0
1 15 4 7 0
1 15 4 8 0
1 15 4 9 0
1 15 4 10 0
1 15 4 11 0
1 15 4 12 0
1 15 4 13 0
1 15 4 14 0
1 15 4 15 0
1 15 5 0 0
1 15 5 1 0
1 15 5 2 0
1 15 5 3 0
1 15 5 4 0
1 15 5 5 0
1 15 5 6 0
1 15 5 7 0
1 15 5 8 0
1 15 5 9 0
1 15 5 10 0
1 15 5 11 0
1 15 5 12 0
1 15 5 13 0
1 15 5 14 0
1 15 5 15 0
1 15 6 0 0
1 15 6 1 0
1 15 6 2 0
1 15 6 3 0
1 15 6 4 0
1 15 6 5 0
1 15 6 6 0
1 15 6 7 0
1 15 6 8 0
1 15 6 9 0
1 15 6 10 0
1 15 6 11 0
1 15 6 12 0
1 15 6 13 0
1 15 6 14 0
1 15 6 15 0
1 15 7 0 0
1 15 7 1 0
1 15 7 2 0
1 15 7 3 0
1 15 7 4 0
1 15 7 5 0
1 15 7 6 0
1 15 7 7 0
1 15 7 8 0
1 15 7 9 0
1 15 7 10 0
1 15 7 11 0
1 15 7 12 0
1 15 7 13 0
1 15 7 14 0
1 15 7 15 0
1 15 8 0 0
1 15 8 1 0
1 15 8 2 0
1 15 8 3 0
1 15 8 4 0
1 15 8 5 0
1 15 8 6 0
1 15 8 7 0
1 15 8 8 0
1 15 8 9 0
1 15 8 10 0
1 15 8 11 0
1 15 8 12 0
1 15 8 13 0
1 15 8 14 0
1 15 8 15 0
1 15 9 0 0
1 15 9 1 0
1 15 9 2 0
1 15 9 3 0
1 15 9 4 0
1 15 9 5 0
1 15 9 6 0
1 15 9 7 0
1 15 9 8 0
1 15 9 9 0
1 15 9 10 0
1 15 9 11 0
1 15 9 12 0
1 15 9 13 0
1 15 9 14 0
1 15 9 15 0
1 15 10 0 0
1 15 10 1 0
1 15 10 2 0
1 15 10 3 0
1 15 10 4 0
1 15 10 5 0
1 15 10 6 0
1 15 10 7 0
1 15 10 8 0
1 15 10 9 0
1 15 10 10 0
1 15 10 11 0
1 15 10 12 0
1 15 10 13 0
1 15 10 14 0
1 15 10 15 0
1 15 11 0 0
1 15 11 1 0
1 15 11 2 0
1 15 11 3 0
1 15 11 4 0
1 15 11 5 0
1 15 11 6 0
1 15 11 7 0
1 15 11 8 0
1 15 11 9 0
1 15 11 10 0
1 15 11 11 0
1 15 11 12 0
1 15 11 13 0
1 15 11 14 0
1 15 11 15 0
1 15 12 0 0
1 15 12 1 0
1 15 12 2 0
1 15 12 3 0
1 15 12 4 0
1 15 12 5 0
1 15 12 6 0
1 15 12 7 0
1 15 12 8 0
1 15 12 9 0
1 15 12 10 0
1 15 12 11 0
1 15 12 12 0
1 15 12 13 0
1 15 12 14 0
1 15 12 15 0
1 15 13 0 0
1 15 13 1 0
1 15 13 2 0
1 15 13 3 0
1 15 13 4 0
1 15 13 5 0
1 15 13 6 0
1 15 13 7 0
1 15 13 8 0
1 15 13 9 0
1 15 13 10 0
1 15 13 11 0
1 15 13 12 0
1 15 13 13 0
1 15 13 14 0
1 15 13 15 0
1 15 14 0 0
1 15 14 1 0
1 15 14 2 0
1 15 14 3 0
1 15 14 4 0
1 15 14 5 0
1 15 14 6 0
1 15 14 7 0
1 15 14 8 0
1 15 14 9 0
1 15 14 10 0
1 15 14 11 0
1 15 14 12 0
1 15 14 13 0
1 15 14 14 0
1 15 14 15 0
1 15 15 0 0
1 15 15 1 1.296061122728088e-05
1 15 15 2 0
1 15 15 3 0
1 15 15 4 0
1 15 15 5 0
1 15 15 6 0
1 15 15 7 0
1 15 15 8 0
1 15 15 9 0
1 15 15 10 0
1 15 15 11 0
1 15 15 12 0
1 15 15 13 0
1 15 15 14 0
1 15 15 15 0
2 0 0 0 -2.311834823897283e-06
2 0 0 1 0
2 0 0 2 -1.10476544036592
2 0 0 3 0
2 0 0 4 0
2 0 0 5 0
2 0 0 6 0
2 0 0 7 0
2 0 0 8 0
2 0 0 9 0
2 0 0 10 0
2 0 0 11 0.002223322100579554
2 0 0 12 0
2 0 0 13 0
2 0 0 14 -0.0008302312373619392
2 0 0 15 0
2 0 1 0 0
2 0 1 1 0
2 0 1 2 0
2 0 1 3 0
2 0 1 4 0
2 0 1 5 0
2 0 1 6 0
2 0 1 7 0
2 0 1 8 0
2 0 1 9 0
2 0 1 10 0
2 0 1 11 0
2 0 1 12 0
2 0 1 13 0
2 0 1 14 0
2 0 1 15 0
2 0 2 0 2.209530880731839
2 0 2 1 0
2 0 2 2 -2.311834823897283e-06
2 0 2 3 0
2 0 2 4 0
2 0 2 5 0
2 0 2 6 0
2 0 2 7 0
2 0 2 8 0
2 0 2 9 0
2 0 2 10 0
2 0 2 11 -0.003913174109508402
2 0 2 12 0
2 0 2 13 0
2 0 2 14 0
2 0 2 15 0
2 0 3 0 0
2 0 3 1 0
2 0 3 2 0
2 0 3 3 0
2 0 3 4 0
2 0 3 5 0
2 0 3 6 0
2 0 3 7 0
2 0 3 8 0
2 0 3 9 0
2 0 3 10 0
2 0 3 11 0
2 0 3 12 0
2 0 3 13 0
2 0 3 14 0
2 0 3 15 0
2 0 4 0 0
2 0 4 1 0
2 0 4 2 0
2 0 4 3 0
2 0 4 4 0
2 0 4 5 0
2 0 4 6 0
2 0 4 7 0
2 0 4 8 0
2 0 4 9 0
2 0 4 10 0
2 0 4 11 0
2 0 4 12 0
2 0 4 13 0
2 0 4 14 0
2 0 4 15 0
2 0 5 0 0
2 0 5 1 0
2 0 5 2 0
2 0 5 3 0
2 0 5 4 0
2 0 5 5 0
2 0 5 6 0
2 0 5 7 0
2 0 5 8 0
2 0 5 9 0
2 0 5 10 0
2 0 5 11 0
2 0 5 12 0
2 0 5 13 0
2 0 5 14 0
2 0 5 15 0
2 0 6 0 0
2 0 6 1 0
2 0 6 2 0
2 0 6 3 0
2 0 6 4 0
2 0 6 5 0
2 0 6 6 0
2 0 6 7 0
2 0 6 8 0
2 0 6 9 0
2 0 6 10 0
2 0 6 11 0
2 0 6 12 0
2 0 6 13 0
2 0 6 14 0
2 0 6 15 0
2 0 7 0 0
2 0 7 1 0
2 0 7 2 0
2 0 7 3 0
2 0 7 4 0
2 0 7 5 0
2 0 7 6 0
2 0 7 7 1.811085333132292e-06
2 0 7 8 0
2 0 7 9 0
2 0 7 10 0
2 0 7 11 0
2 0 7 12 0
2 0 7 13 0
2 0 7 14 0
2 0 7 15 0
2 0 8 0 0
2 0 8 1 0
2 0 8 2 0
2 0 8 3 0
2 0 8 4 0
2 0 8 5 0
2 0 8 6 0
2 0 8 7 0
2 0 8 8 0
2 0 8 9 0
2 0 8 10 0
2 0 8 11 0
2 0 8 12 0
2 0 8 13 0
2 0 8 14 0
2 0 8 15 0
2 0 9 0 0
2 0 9 1 0
2 0 9 2 0
2 0 9 3 0
2 0 9 4 0
2 0 9 5 0
2 0 9 6 0
2 0 9 7 0
2 0 9 8 0
2 0 9 9 0
2 0 9 10 0
2 0 9 11 0
2 0 9 12 0
2 0 9 13 0
2 0 9 14 0
2 0 9 15 0
2 0 10 0 0
2 0 10 1 0
2 0 10 2 0
2 0 10 3 0
2 0 10 4 0
2 0 10 5 0
2 0 10 6 0
2 0 10 7 0
2 0 10 8 0
2 0 10 9 0
2 0 10 10 0
2 0 10 11 0
2 0 10 12 0
2 0 10 13 0
2 0 10 14 0
2 0 10 15 0
2 0 11 0 -0.004446644201159107
2 0 11 1 0
2 0 11 2 0.001956587054754201
2 0 11 3 0
2 0 11 4 0
2 0 11 5 0
2 0 11 6 0
2 0 11 7 0
2 0 11 8 0
2 0 11 9 0
2 0 11 10 0
2 0 11 11 0
2 0 11 12 0
2 0 11 13 0
2 0 11 14 0
2 0 11 15 0
2 0 12 0 0
2 0 12 1 0
2 0 12 2 0
2 0 12 3 0
2 0 12 4 0
2 0 12 5 0
2 0 12 6 0
2 0 12 7 0
2 0 12 8 0
2 0 12 9 0
2 0 12 10 0
2 0 12 11 0
2 0 12 12 0
2 0 12 13 0
2 0 12 14 0
2 0 12 15 0
2 0 13 0 0
2 0 13 1 0
2 0 13 2 0
2 0 13 3 0
2 0 13 4 0
2 0 13 5 0
2 0 13 6 0
2 0 13 7 0
2 0 13 8 0
2 0 13 9 0
2 0 13 10 0
2 0 13 11 0
2 0 13 12 0
2 0 13 13 0
2 0 13 14 0
2 0 13 15 0
2 0 14 0 0.001660462474723878
2 0 14 1 0
2 0 14 2 0
2 0 14 3 0
2 0 14 4 0
2 0 14 5 0
2 0 14 6 0
2 0 14 7 0
2 0 14 8 0
2 0 14 9 0
2 0 14 10 0
2 0 14 11 0
2 0 14 12 0
2 0 14 13 0
2 0 14 14 0
2 0 14 15 0
2 0 15 0 0
2 0 15 1 0
2 0 15 2 0
2 0 15 3 0
2 0 15 4 0
2 0 15 5 0
2 0 15 6 0
2 0 15 7 0
2 0 15 8 0
2 0 15 9 0
2 0 15 10 0
2 0 15 11 0
2 0 15 12 0
2 0 15 13 0
2 0 15 14 0
2 0 15 15 0
2 1 0 0 0
2 1 0 1 -4.623669647794566e-06
2 1 0 2 0
2 1 0 3 0
2 1 0 4 0
2 1 0 5 0
2 1 0 6 0
2 1 0 7 0
2 1 0 8 0
2 1 0 9 0
2 1 0 10 0
2 1 0 11 0
2 1 0 12 0
2 1 0 13 0
2 1 0 14 0
2 1 0 15 0
2 1 1 0 2.311834823897283e-06
2 1 1 1 0
2 1 1 2 -1.104871350601106
2 1 1 3 0
2 1 1 4 0
2 1 1 5 0
2 1 1 6 0
2 1 1 7 0
2 1 1 8 0
2 1 1 9 0
2 1 1 10 0
2 1 1 11 0.002223322100579554
2 1 1 12 0
2 1 1 13 0
2 1 1 14 -0.0008302312373619392
2 1 1 15 0
2 1 2 0 0
2 1 2 1 2.209742701202212
2 1 2 2 0
2 1 2 3 0
2 1 2 4 0
2 1 2 5 0
2 1 2 6 0
2 1 2 7 0
2 1 2 8 0
2 1 2 9 0
2 1 2 10 0
2 1 2 11 0
2 1 2 12 0
2 1 2 13 0
2 1 2 14 0
2 1 2 15 0.003801019847155522
2 1 3 0 0
2 1 3 1 0
2 1 3 2 0
2 1 3 3 0
2 1 3 4 0
2 1 3 5 0
2 1 3 6 0
2 1 3 7 0
2 1 3 8 0
2 1 3 9 0
2 1 3 10 0
2 1 3 11 0
2 1 3 12 0
2 1 3 13 0
2 1 3 14 0
2 1 3 15 0
2 1 4 0 0
2 1 4 1 0
2 1 4 2 0
2 1 4 3 0
2 1 4 4 0
2 1 4 5 0
2 1 4 6 0
2 1 4 7 0
2 1 4 8 0
2 1 4 9 0
2 1 4 10 0
2 1 4 11 0
2 1 4 12 0
2 1 4 13 0
2 1 4 14 0
2 1 4 15 0
2 1 5 0 0
2 1 5 1 0
2 1 5 2 0
2 1 5 3 0
2 1 5 4 0
2 1 5 5 0
2 1 5 6 0
2 1 5 7 0
2 1 5 8 0
2 1 5 9 0
2 1 5 10 0
2 1 5 11 0
2 1 5 12 0
2 1 5 13 0
2 1 5 14 0
2 1 5 15 0
2 1 6 0 0
2 1 6 1 0
2 1 6 2 0
2 1 6 3 0
2 1 6 4 0
2 1 6 5 0
2 1 6 6 0
2 1 6 7 0
2 1 6 8 0
2 1 6 9 0
2 1 6 10 0
2 1 6 11 0
2 1 6 12 0
2 1 6 13 0
2 1 6 14 0
2 1 6 15 0
2 1 7 0 0
2 1 7 1 0
2 1 7 2 0
2 1 7 3 0
2 1 7 4 0
2 1 7 5 0
2 1 7 6 0
2 1 7 7 0
2 1 7 8 0
2 1 7 9 0
2 1 7 10 0
2 1 7 11 0
2 1 7 12 0
2 1 7 13 0
2 1 7 14 0
2 1 7 15 0
2 1 8 0 0
2 1 8 1 0
2 1 8 2 0
2 1 8 3 0
2 1 8 4 0
2 1 8 5 0
2 1 8 6 0
2 1 8 7 0
2 1 8 8 0
2 1 8 9 0
2 1 8 10 0
2 1 8 11 0
2 1 8 12 0
2 1 8 13 0
2 1 8 14 0
2 1 8 15 0
2 1 9 0 0
2 1 9 1 0
2 1 9 2 0
2 1 9 3 0
2 1 9 4 0
2 1 9 5 0
2 1 9 6 0
2 1 9 7 0
2 1 9 8 0
2 1 9 9 0
2 1 9 10 0
2 1 9 11 0
2 1 9 12 0
2 1 9 13 0
2 1 9 14 0
2 1 9 15 0
2 1 10 0 0
2 1 10 1 0
2 1 10 2 0
2 1 10 3 0
2 1 10 4 0
2 1 10 5 0
2 1 10 6 0
2 1 10 7 0
2 1 10 8 0
2 1 10 9 0
2 1 10 10 0
2 1 10 11 0
2 1 10 12 0
2 1 10 13 0
2 1 10 14 0
2 1 10 15 0
2 1 11 0 0
2 1 11 1 -0.004446644201159107
2 1 11 2 0
2 1 11 3 0
2 1 11 4 0
2 1 11 5 0
2 1 11 6 0
2 1 11 7 0
2 1 11 8 0
2 1 11 9 0
2 1 11 10 0
2 1 11 11 0
2 1 11 12 0
2 1 11 13 0
2 1 11 14 0
2 1 11 15 0
2 1 12 0 0
2 1 12 1 0
2 1 12 2 0
2 1 12 3 0
2 1 12 4 0
2 1 12 5 0
2 1 12 6 0
2 1 12 7 0
2 1 12 8 0
2 1 12 9 0
2 1 12 10 0
2 1 12 11 0
2 1 12 12 0
2 1 12 13 0
2 1 12 14 0
2 1 12 15 0
2 1 13 0 0
2 1 13 1 0
2 1 13 2 0
2 1 13 3 0
2 1 13 4 0
2 1 13 5 0
2 1 13 6 0
2 1 13 7 0
2 1 13 8 0
2 1 13 9 0
2 1 13 10 0
2 1 13 11 0
2 1 13 12 0
2 1 13 13 0
2 1 13 14 0
2 1 13 15 0
2 1 14 0 0
2 1 14 1 0.001660462474723878
2 1 14 2 0
2 1 14 3 0
2 1 14 4 0
2 1 14 5 0
2 1 14 6 0
2 1 14 7 0
2 1 14 8 0
2 1 14 9 0
2 1 14 10 0
2 1 14 11 0
2 1 14 12 0
2 1 14 13 0
2 1 14 14 0
2 1 14 15 0
2 1 15 0 0
2 1 15 1 0
2 1 15 2 -0.001900509923577761
2 1 15 3 0
2 1 15 4 0
2 1 15 5 0
2 1 15 6 0
2 1 15 7 0
2 1 15 8 0
2 1 15 9 0
2 1 15 10 0
2 1 15 11 0
2 1 15 12 0
2 1 15 13 0
2 1 15 14 0
2 1 15 15 0
2 2 0 0 0
2 2 0 1 0
2 2 0 2 -2.311834823897283e-06
2 2 0 3 0
2 2 0 4 0
2 2 0 5 0
2 2 0 6 0
2 2 0 7 0
2 2 0 8 0
2 2 0 9 0
2 2 0 10 0
2 2 0 11 0
2 2 0 12 0
2 2 0 13 0
2 2 0 14 0
2 2 0 15 0
2 2 1 0 0
2 2 1 1 0
2 2 1 2 0
2 2 1 3 0
2 2 1 4 0
2 2 1 5 0
2 2 1 6 0
2 2 1 7 0
2 2 1 8 0
2 2 1 9 0
2 2 1 10 0
2 2 1 11 0
2 2 1 12 0
2 2 1 13 0
2 2 1 14 0
2 2 1 15 0
2 2 2 0 -2.311834823897283e-06
2 2 2 1 0
2 2 2 2 0.2427038388338092
2 2 2 3 0
2 2 2 4 0
2 2 2 5 0
2 2 2 6 0
2 2 2 7 0
2 2 2 8 0
2 2 2 9 0
2 2 2 10 0
2 2 2 11 -0.002223322100579554
2 2 2 12 0
2 2 2 13 0
2 2 2 14 0.0008302312373619392
2 2 2 15 0
2 2 3 0 0
2 2 3 1 0
2 2 3 2 0
2 2 3 3 0
2 2 3 4 0
2 2 3 5 0
2 2 3 6 0
2 2 3 7 0
2 2 3 8 0
2 2 3 9 0
2 2 3 10 0
2 2 3 11 0
2 2 3 12 0
2 2 3 13 0
2 2 3 14 0
2 2 3 15 0
2 2 4 0 0
2 2 4 1 0
2 2 4 2 0
2 2 4 3 0
2 2 4 4 0
2 2 4 5 0
2 2 4 6 0
2 2 4 7 0
2 2 4 8 0
2 2 4 9 0
2 2 4 10 0
2 2 4 11 0
2 2 4 12 0
2 2 4 13 0
2 2 4 14 0
2 2 4 15 0
2 2 5 0 0
2 2 5 1 0
2 2 5 2 0
2 2 5 3 0
2 2 5 4 0
2 2 5 5 0
2 2 5 6 0
2 2 5 7 0
2 2 5 8 0
2 2 5 9 0
2 2 5 10 0
2 2 5 11 0
2 2 5 12 0
2 2 5 13 0
2 2 5 14 0
2 2 5 15 0
2 2 6 0 0
2 2 6 1 0
2 2 6 2 0
2 2 6 3 0
2 2 6 4 0
2 2 6 5 0
2 2 6 6 0
2 2 6 7 0
2 2 6 8 0
2 2 6 9 0
2 2 6 10 0
2 2 6 11 0
2 2 6 12 0
2 2 6 13 0
2 2 6 14 0
2 2 6 15 0
2 2 7 0 0
2 2 7 1 0
2 2 7 2 0
2 2 7 3 0
2 2 7 4 0
2 2 7 5 0
2 2 7 6 0
2 2 7 7 -0.0883471749051728
2 2 7 8 0
2 2 7 9 0
2 2 7 10 0
2 2 7 11 0
2 2 7 12 0
2 2 7 13 0
2 2 7 14 0
2 2 7 15 0
2 2 8 0 0
2 2 8 1 0
2 2 8 2 0
2 2 8 3 0
2 2 8 4 0
2 2 8 5 0
2 2 8 6 0
2 2 8 7 0
2 2 8 8 0
2 2 8 9 0
2 2 8 10 0
2 2 8 11 0
2 2 8 12 0
2 2 8 13 0
2 2 8 14 0
2 2 8 15 0
2 2 9 0 0
2 2 9 1 0
2 2 9 2 0
2 2 9 3 0
2 2 9 4 0
2 2 9 5 0
2 2 9 6 0
2 2 9 7 0
2 2 9 8 0
2 2 9 9 0
2 2 9 10 0
2 2 9 11 0
2 2 9 12 0
2 2 9 13 0
2 2 9 14 0
2 2 9 15 0
2 2 10 0 0
2 2 10 1 0
2 2 10 2 0
2 2 10 3 0
2 2 10 4 0
2 2 10 5 0
2 2 10 6 0
2 2 10 7 0
2 2 10 8 0
2 2 10 9 0
2 2 10 10 0
2 2 10 11 0
2 2 10 12 0
2 2 10 13 0
2 2 10 14 0
2 2 10 15 0
2 2 11 0 0
2 2 11 1 0
2 2 11 2 -0.002223322100579554
2 2 11 3 0
2 2 11 4 0
2 2 11 5 0
2 2 11 6 0
2 2 11 7 0
2 2 11 8 0
2 2 11 9 0
2 2 11 10 0
2 2 11 11 0
2 2 11 12 0
2 2 11 13 0
2 2 11 14 0
2 2 11 15 0
2 2 12 0 0
2 2 12 1 0
2 2 12 2 0
2 2 12 3 0
2 2 12 4 0
2 2 12 5 0
2 2 12 6 0
2 2 12 7 0
2 2 12 8 0
2 2 12 9 0
2 2 12 10 0
2 2 12 11 0
2 2 12 12 0
2 2 12 13 0
2 2 12 14 0
2 2 12 15 0
2 2 13 0 0
2 2 13 1 0
2 2 13 2 0
2 2 13 3 0
2 2 13 4 0
2 2 13 5 0
2 2 13 6 0
2 2 13 7 0
2 2 13 8 0
2 2 13 9 0
2 2 13 10 0
2 2 13 11 0
2 2 13 12 0
2 2 13 13 0
2 2 13 14 0
2 2 13 15 0
2 2 14 0 0
2 2 14 1 0
2 2 14 2 0.0008302312373619392
2 2 14 3 0
2 2 14 4 0
2 2 14 5 0
2 2 14 6 0
2 2 14 7 0
2 2 14 8 0
2 2 14 9 0
2 2 14 10 0
2 2 14 11 0
2 2 14 12 0
2 2 14 13 0
2 2 14 14 0
2 2 14 15 0
2 2 15 0 0
2 2 15 1 0
2 2 15 2 0
2 2 15 3 0
2 2 15 4 0
2 2 15 5 0
2 2 15 6 0
2 2 15 7 0
2 2 15 8 0
2 2 15 9 0
2 2 15 10 0
2 2 15 11 0
2 2 15 12 0
2 2 15 13 0
2 2 15 14 0
2 2 15 15 0
2 3 0 0 0
2 3 0 1 0
2 3 0 2 0
2 3 0 3 -2.311834823897283e-06
2 3 0 4 0
2 3 0 5 0
2 3 0 6 0
2 3 0 7 0
2 3 0 8 0
2 3 0 9 0
2 3 0 10 0
2 3 0 11 0
2 3 0 12 0
2 3 0 13 0
2 3 0 14 0
2 3 0 15 0
2 3 1 0 0
2 3 1 1 0
2 3 1 2 0
2 3 1 3 0
2 3 1 4 0
2 3 1 5 0
2 3 1 6 0
2 3 1 7 0
2 3 1 8 0
2 3 1 9 0
2 3 1 10 0
2 3 1 11 0
2 3 1 12 0
2 3 1 13 0
2 3 1 14 0
2 3 1 15 0
2 3 2 0 0
2 3 2 1 0
2 3 2 2 0
2 3 2 3 1.311745574768524
2 3 2 4 0
2 3 2 5 0
2 3 2 6 0
2 3 2 7 0
2 3 2 8 0.01776772335347322
2 3 2 9 0
2 3 2 10 0
2 3 2 11 0
2 3 2 12 0
2 3 2 13 0
2 3 2 14 0
2 3 2 15 0
2 3 3 0 -4.210655342135585e-06
2 3 3 1 0
2 3 3 2 -0.6604840950518143
2 3 3 3 0
2 3 3 4 0
2 3 3 5 0
2 3 3 6 0
2 3 3 7 0
2 3 3 8 0
2 3 3 9 0
2 3 3 10 0
2 3 3 11 0.0002844996052684222
2 3 3 12 0
2 3 3 13 0
2 3 3 14 -0.0008766462328166896
2 3 3 15 0
2 3 4 0 0
2 3 4 1 0
2 3 4 2 0
2 3 4 3 0
2 3 4 4 0
2 3 4 5 0
2 3 4 6 0
2 3 4 7 0
2 3 4 8 0
2 3 4 9 0
2 3 4 10 0
2 3 4 11 0
2 3 4 12 0
2 3 4 13 0
2 3 4 14 0
2 3 4 15 0
2 3 5 0 0
2 3 5 1 0
2 3 5 2 0
2 3 5 3 0
2 3 5 4 0
2 3 5 5 0
2 3 5 6 0
2 3 5 7 0
2 3 5 8 0
2 3 5 9 0
2 3 5 10 0
2 3 5 11 0
2 3 5 12 0
2 3 5 13 0
2 3 5 14 0
2 3 5 15 0
2 3 6 0 0
2 3 6 1 0
2 3 6 2 0
2 3 6 3 0
2 3 6 4 0
2 3 6 5 0
2 3 6 6 0
2 3 6 7 -0.2888007083966599
2 3 6 8 0
2 3 6 9 0
2 3 6 10 0
2 3 6 11 0
2 3 6 12 0
2 3 6 13 0
2 3 6 14 0
2 3 6 15 0
2 3 7 0 0
2 3 7 1 0
2 3 7 2 0
2 3 7 3 0
2 3 7 4 0
2 3 7 5 0
2 3 7 6 1.249000902703301e-16
2 3 7 7 0
2 3 7 8 0
2 3 7 9 0
2 3 7 10 0
2 3 7 11 0
2 3 7 12 0
2 3 7 13 0
2 3 7 14 0
2 3 7 15 0
2 3 8 0 0
2 3 8 1 0
2 3 8 2 -0.008883861676736608
2 3 8 3 0
2 3 8 4 0
2 3 8 5 0
2 3 8 6 0
2 3 8 7 0
2 3 8 8 0
2 3 8 9 0
2 3 8 10 0
2 3 8 11 0
2 3 8 12 0
2 3 8 13 0
2 3 8 14 0
2 3 8 15 0
2 3 9 0 0
2 3 9 1 0
2 3 9 2 0
2 3 9 3 0
2 3 9 4 0
2 3 9 5 0
2 3 9 6 0
2 3 9 7 0
2 3 9 8 0
2 3 9 9 0
2 3 9 10 0
2 3 9 11 0
2 3 9 12 0
2 3 9 13 0
2 3 9 14 0
2 3 9 15 0
2 3 10 0 0
2 3 10 1 0
2 3 10 2 0
2 3 10 3 0
2 3 10 4 0
2 3 10 5 0
2 3 10 6 0
2 3 10 7 0
2 3 10 8 0
2 3 10 9 0
2 3 10 10 0
2 3 10 11 0
2 3 10 12 0
2 3 10 13 0
2 3 10 14 0
2 3 10 15 0
2 3 11 0 0
2 3 11 1 0
2 3 11 2 0
2 3 11 3 -0.002223322100579553
2 3 11 4 0
2 3 11 5 0
2 3 11 6 0
2 3 11 7 0
2 3 11 8 0
2 3 11 9 0
2 3 11 10 0
2 3 11 11 0
2 3 11 12 0
2 3 11 13 0
2 3 11 14 0
2 3 11 15 0
2 3 12 0 0
2 3 12 1 0
2 3 12 2 0
2 3 12 3 0
2 3 12 4 0
2 3 12 5 0
2 3 12 6 0
2 3 12 7 0
2 3 12 8 0
2 3 12 9 0
2 3 12 10 0
2 3 12 11 0
2 3 12 12 0
2 3 12 13 0
2 3 12 14 0
2 3 12 15 0
2 3 13 0 0
2 3 13 1 0
2 3 13 2 0
2 3 13 3 0
2 3 13 4 0
2 3 13 5 0
2 3 13 6 0
2 3 13 7 0
2 3 13 8 0
2 3 13 9 0
2 3 13 10 0
2 3 13 11 0
2 3 13 12 0
2 3 13 13 0
2 3 13 14 0
2 3 13 15 0
2 3 14 0 0
2 3 14 1 0
2 3 14 2 0
2 3 14 3 0.0008302312373619394
2 3 14 4 0
2 3 14 5 0
2 3 14 6 0
2 3 14 7 0
2 3 14 8 0
2 3 14 9 0
2 3 14 10 0
2 3 14 11 0
2 3 14 12 0
2 3 14 13 0
2 3 14 14 0
2 3 14 15 0
2 3 15 0 0
2 3 15 1 0
2 3 15 2 0
2 3 15 3 0
2 3 15 4 0
2 3 15 5 0
2 3 15 6 0
2 3 15 7 0
2 3 15 8 0
2 3 15 9 0
2 3 15 10 0
2 3 15 11 0
2 3 15 12 0
2 3 15 13 0
2 3 15 14 0
2 3 15 15 0
2 4 0 0 0
2 4 0 1 0
2 4 0 2 0
2 4 0 3 0
2 4 0 4 -2.311834823897283e-06
2 4 0 5 0
2 4 0 6 0
2 4 0 7 0
2 4 0 8 0
2 4 0 9 0
2 4 0 10 0
2 4 0 11 0
2 4 0 12 0
2 4 0 13 0
2 4 0 14 0
2 4 0 15 0
2 4 1 0 0
2 4 1 1 0
2 4 1 2 0
2 4 1 3 0
2 4 1 4 0
2 4 1 5 0
2 4 1 6 0
2 4 1 7 0
2 4 1 8 0
2 4 1 9 0
2 4 1 10 0
2 4 1 11 0
2 4 1 12 0
2 4 1 13 0
2 4 1 14 0
2 4 1 15 0
2 4 2 0 0
2 4 2 1 0
2 4 2 2 0
2 4 2 3 0
2 4 2 4 1.111868443591648
2 4 2 5 0
2 4 2 6 0
2 4 2 7 0
2 4 2 8 0
2 4 2 9 0.02008254085977054
2 4 2 10 0
2 4 2 11 0
2 4 2 12 0
2 4 2 13 0
2 4 2 14 0
2 4 2 15 0
2 4 3 0 0
2 4 3 1 0
2 4 3 2 0
2 4 3 3 0
2 4 3 4 0
2 4 3 5 0
2 4 3 6 0
2 4 3 7 0
2 4 3 8 0
2 4 3 9 0
2 4 3 10 0
2 4 3 11 0
2 4 3 12 0
2 4 3 13 0
2 4 3 14 0
2 4 3 15 0
2 4 4 0 -3.568573919059798e-06
2 4 4 1 0
2 4 4 2 -0.9826704934517726
2 4 4 3 0
2 4 4 4 0
2 4 4 5 0
2 4 4 6 0
2 4 4 7 0
2 4 4 8 0
2 4 4 9 0
2 4 4 10 0
2 4 4 11 0.0002354485490363338
2 4 4 12 0
2 4 4 13 0
2 4 4 14 -0.001309322684920413
2 4 4 15 0
2 4 5 0 0
2 4 5 1 0
2 4 5 2 0
2 4 5 3 0
2 4 5 4 0
2 4 5 5 0
2 4 5 6 0
2 4 5 7 -0.0119513513067284
2 4 5 8 0
2 4 5 9 0
2 4 5 10 0
2 4 5 11 0
2 4 5 12 0
2 4 5 13 0
2 4 5 14 0
2 4 5 15 0
2 4 6 0 0
2 4 6 1 0
2 4 6 2 0
2 4 6 3 0
2 4 6 4 0
2 4 6 5 0
2 4 6 6 0
2 4 6 7 0
2 4 6 8 0
2 4 6 9 0
2 4 6 10 0
2 4 6 11 0
2 4 6 12 0
2 4 6 13 0
2 4 6 14 0
2 4 6 15 0
2 4 7 0 0
2 4 7 1 0
2 4 7 2 0
2 4 7 3 0
2 4 7 4 0
2 4 7 5 5.204170427930421e-17
2 4 7 6 0
2 4 7 7 0
2 4 7 8 0
2 4 7 9 0
2 4 7 10 0
2 4 7 11 0
2 4 7 12 0
2 4 7 13 0
2 4 7 14 0
2 4 7 15 0
2 4 8 0 0
2 4 8 1 0
2 4 8 2 0
2 4 8 3 0
2 4 8 4 0
2 4 8 5 0
2 4 8 6 0
2 4 8 7 0
2 4 8 8 0
2 4 8 9 0
2 4 8 10 0
2 4 8 11 0
2 4 8 12 0
2 4 8 13 0
2 4 8 14 0
2 4 8 15 0
2 4 9 0 0
2 4 9 1 0
2 4 9 2 -0.01004127042988527
2 4 9 3 0
2 4 9 4 0
2 4 9 5 0
2 4 9 6 0
2 4 9 7 0
2 4 9 8 0
2 4 9 9 0
2 4 9 10 0
2 4 9 11 0
2 4 9 12 0
2 4 9 13 0
2 4 9 14 0
2 4 9 15 0
2 4 10 0 0
2 4 10 1 0
2 4 10 2 0
2 4 10 3 0
2 4 10 4 0
2 4 10 5 0
2 4 10 6 0
2 4 10 7 0
2 4 10 8 0
2 4 10 9 0
2 4 10 10 0
2 4 10 11 0
2 4 10 12 0
2 4 10 13 0
2 4 10 14 0
2 4 10 15 0
2 4 11 0 0
2 4 11 1 0
2 4 11 2 0
2 4 11 3 0
2 4 11 4 -0.002223322100579553
2 4 11 5 0
2 4 11 6 0
2 4 11 7 0
2 4 11 8 0
2 4 11 9 0
2 4 11 10 0
2 4 11 11 0
2 4 11 12 0
2 4 11 13 0
2 4 11 14 0
2 4 11 15 0
2 4 12 0 0
2 4 12 1 0
2 4 12 2 0
2 4 12 3 0
2 4 12 4 0
2 4 12 5 0
2 4 12 6 0
2 4 12 7 0
2 4 12 8 0
2 4 12 9 0
2 4 12 10 0
2 4 12 11 0
2 4 12 12 0
2 4 12 13 0
2 4 12 14 0
2 4 12 15 0
2 4 13 0 0
2 4 13 1 0
2 4 13 2 0
2 4 13 3 0
2 4 13 4 0
2 4 13 5 0
2 4 13 6 0
2 4 13 7 0
2 4 13 8 0
2 4 13 9 0
2 4 13 10 0
2 4 13 11 0
2 4 13 12 0
2 4 13 13 0
2 4 13 14 0
2 4 13 15 0
2 4 14 0 0
2 4 14 1 0
2 4 14 2 0
2 4 14 3 0
2 4 14 4 0.0008302312373619392
2 4 14 5 0
2 4 14 6 0
2 4 14 7 0
2 4 14 8 0
2 4 14 9 0
2 4 14 10 0
2 4 14 11 0
2 4 14 12 0
2 4 14 13 0
2 4 14 14 0
2 4 14 15 0
2 4 15 0 0
2 4 15 1 0
2 4 15 2 0
2 4 15 3 0
2 4 15 4 0
2 4 15 5 0
2 4 15 6 0
2 4 15 7 0
2 4 15 8 0
2 4 15 9 0
2 4 15 10 0
2 4 15 11 0
2 4 15 12 0
2 4 15 13 0
2 4 15 14 0
2 4 15 15 0
2 5 0 0 0
2 5 0 1 0
2 5 0 2 0
2 5 0 3 0
2 5 0 4 0
2 5 0 5 -2.311834823897283e-06
2 5 0 6 0
2 5 0 7 0
2 5 0 8 0
2 5 0 9 0
2 5 0 10 0
2 5 0 11 0
2 5 0 12 0
2 5 0 13 0
2 5 0 14 0
2 5 0 15 0
2 5 1 0 0
2 5 1 1 0
2 5 1 2 0
2 5 1 3 0
2 5 1 4 0
2 5 1 5 0
2 5 1 6 0
2 5 1 7 0
2 5 1 8 0
2 5 1 9 0
2 5 1 10 0
2 5 1 11 0
2 5 1 12 0
2 5 1 13 0
2 5 1 14 0
2 5 1 15 0
2 5 2 0 0
2 5 2 1 0
2 5 2 2 0
2 5 2 3 0
2 5 2 4 0
2 5 2 5 1.094777037892766
2 5 2 6 0
2 5 2 7 0
2 5 2 8 0
2 5 2 9 0
2 5 2 10 0
2 5 2 11 0
2 5 2 12 0.01839731841260404
2 5 2 13 0
2 5 2 14 0
2 5 2 15 0
2 5 3 0 0
2 5 3 1 0
2 5 3 2 0
2 5 3 3 0
2 5 3 4 0
2 5 3 5 0
2 5 3 6 0
2 5 3 7 0
2 5 3 8 0
2 5 3 9 0
2 5 3 10 0
2 5 3 11 0
2 5 3 12 0
2 5 3 13 0
2 5 3 14 0
2 5 3 15 0
2 5 4 0 0
2 5 4 1 0
2 5 4 2 0
2 5 4 3 0
2 5 4 4 0
2 5 4 5 0
2 5 4 6 0
2 5 4 7 -0.03206363377544112
2 5 4 8 0
2 5 4 9 0
2 5 4 10 0
2 5 4 11 0
2 5 4 12 0
2 5 4 13 0
2 5 4 14 0
2 5 4 15 0
2 5 5 0 -3.278401982174734e-05
2 5 5 1 0
2 5 5 2 -0.973847321014316
2 5 5 3 0
2 5 5 4 0
2 5 5 5 0
2 5 5 6 0
2 5 5 7 0
2 5 5 8 0
2 5 5 9 0
2 5 5 10 0
2 5 5 11 0.00166371515192275
2 5 5 12 0
2 5 5 13 0
2 5 5 14 -0.005644107881451439
2 5 5 15 0
2 5 6 0 0
2 5 6 1 0
2 5 6 2 0
2 5 6 3 0
2 5 6 4 0
2 5 6 5 0
2 5 6 6 0
2 5 6 7 0
2 5 6 8 0
2 5 6 9 0
2 5 6 10 0
2 5 6 11 0
2 5 6 12 0
2 5 6 13 0
2 5 6 14 0
2 5 6 15 0
2 5 7 0 0
2 5 7 1 0
2 5 7 2 0
2 5 7 3 0
2 5 7 4 -2.602085213965211e-17
2 5 7 5 0
2 5 7 6 0
2 5 7 7 0
2 5 7 8 0
2 5 7 9 0
2 5 7 10 0
2 5 7 11 0
2 5 7 12 0
2 5 7 13 0
2 5 7 14 0
2 5 7 15 0
2 5 8 0 0
2 5 8 1 0
2 5 8 2 0
2 5 8 3 0
2 5 8 4 0
2 5 8 5 0
2 5 8 6 0
2 5 8 7 0
2 5 8 8 0
2 5 8 9 0
2 5 8 10 0
2 5 8 11 0
2 5 8 12 0
2 5 8 13 0
2 5 8 14 0
2 5 8 15 0
2 5 9 0 0
2 5 9 1 0
2 5 9 2 0
2 5 9 3 0
2 5 9 4 0
2 5 9 5 0
2 5 9 6 0
2 5 9 7 0
2 5 9 8 0
2 5 9 9 0
2 5 9 10 0
2 5 9 11 0
2 5 9 12 0
2 5 9 13 0
2 5 9 14 0
2 5 9 15 0
2 5 10 0 0
2 5 10 1 0
2 5 10 2 0
2 5 10 3 0
2 5 10 4 0
2 5 10 5 0
2 5 10 6 0
2 5 10 7 0
2 5 10 8 0
2 5 10 9 0
2 5 10 10 0
2 5 10 11 0
2 5 10 12 0
2 5 10 13 0
2 5 10 14 0
2 5 10 15 0
2 5 11 0 0
2 5 11 1 0
2 5 11 2 0
2 5 11 3 0
2 5 11 4 0
2 5 11 5 -0.002223322100579553
2 5 11 6 0
2 5 11 7 0
2 5 11 8 0
2 5 11 9 0
2 5 11 10 0
2 5 11 11 0
2 5 11 12 0
2 5 11 13 0
2 5 11 14 0
2 5 11 15 0
2 5 12 0 0
2 5 12 1 0
2 5 12 2 -0.009198659206302019
2 5 12 3 0
2 5 12 4 0
2 5 12 5 0
2 5 12 6 0
2 5 12 7 0
2 5 12 8 0
2 5 12 9 0
2 5 12 10 0
2 5 12 11 0
2 5 12 12 0
2 5 12 13 0
2 5 12 14 0
2 5 12 15 0
2 5 13 0 0
2 5 13 1 0
2 5 13 2 0
2 5 13 3 0
2 5 13 4 0
2 5 13 5 0
2 5 13 6 0
2 5 13 7 0
2 5 13 8 0
2 5 13 9 0
2 5 13 10 0
2 5 13 11 0
2 5 13 12 0
2 5 13 13 0
2 5 13 14 0
2 5 13 15 0
2 5 14 0 0
2 5 14 1 0
2 5 14 2 0
2 5 14 3 0
2 5 14 4 0
2 5 14 5 0.0008302312373619394
2 5 14 6 0
2 5 14 7 0
2 5 14 8 0
2 5 14 9 0
2 5 14 10 0
2 5 14 11 0
2 5 14 12 0
2 5 14 13 0
2 5 14 14 0
2 5 14 15 0
2 5 15 0 0
2 5 15 1 0
2 5 15 2 0
2 5 15 3 0
2 5 15 4 0
2 5 15 5 0
2 5 15 6 0
2 5 15 7 0
2 5 15 8 0
2 5 15 9 0
2 5 15 10 0
2 5 15 11 0
2 5 15 12 0
2 5 15 13 0
2 5 15 14 0
2 5 15 15 0
2 6 0 0 0
2 6 0 1 0
2 6 0 2 0
2 6 0 3 0
2 6 0 4 0
2 6 0 5 0
2 6 0 6 -2.311834823897285e-06
2 6 0 7 0
2 6 0 8 0
2 6 0 9 0
2 6 0 10 0
2 6 0 11 0
2 6 0 12 0
2 6 0 13 0
2 6 0 14 0
2 6 0 15 0
2 6 1 0 0
2 6 1 1 0
2 6 1 2 0
2 6 1 3 0
2 6 1 4 0
2 6 1 5 0
2 6 1 6 0
2 6 1 7 0
2 6 1 8 0
2 6 1 9 0
2 6 1 10 0
2 6 1 11 0
2 6 1 12 0
2 6 1 13 0
2 6 1 14 0
2 6 1 15 0
2 6 2 0 0
2 6 2 1 0
2 6 2 2 0
2 6 2 3 0
2 6 2 4 0
2 6 2 5 0
2 6 2 6 0.8955552271561689
2 6 2 7 0
2 6 2 8 0
2 6 2 9 0
2 6 2 10 0
2 6 2 11 0
2 6 2 12 0
2 6 2 13 0.01645872644576076
2 6 2 14 0
2 6 2 15 0
2 6 3 0 0
2 6 3 1 0
2 6 3 2 0
2 6 3 3 0
2 6 3 4 0
2 6 3 5 0
2 6 3 6 0
2 6 3 7 -0.3234686465158186
2 6 3 8 0
2 6 3 9 0
2 6 3 10 0
2 6 3 11 0
2 6 3 12 0
2 6 3 13 0
2 6 3 14 0
2 6 3 15 0
2 6 4 0 0
2 6 4 1 0
2 6 4 2 0
2 6 4 3 0
2 6 4 4 0
2 6 4 5 0
2 6 4 6 0
2 6 4 7 0
2 6 4 8 0
2 6 4 9 0
2 6 4 10 0
2 6 4 11 0
2 6 4 12 0
2 6 4 13 0
2 6 4 14 0
2 6 4 15 0
2 6 5 0 0
2 6 5 1 0
2 6 5 2 0
2 6 5 3 0
2 6 5 4 0
2 6 5 5 0
2 6 5 6 0
2 6 5 7 0
2 6 5 8 0
2 6 5 9 0
2 6 5 10 0
2 6 5 11 0
2 6 5 12 0
2 6 5 13 0
2 6 5 14 0
2 6 5 15 0
2 6 6 0 -5.901612228290587e-05
2 6 6 1 0
2 6 6 2 -0.451713674054787
2 6 6 3 0
2 6 6 4 0
2 6 6 5 0
2 6 6 6 0
2 6 6 7 0
2 6 6 8 0
2 6 6 9 0
2 6 6 10 0
2 6 6 11 0.0029304306408281
2 6 6 12 0
2 6 6 13 0
2 6 6 14 -0.008497972027025466
2 6 6 15 0
2 6 7 0 0
2 6 7 1 0
2 6 7 2 0
2 6 7 3 0
2 6 7 4 0
2 6 7 5 0
2 6 7 6 0
2 6 7 7 0
2 6 7 8 0
2 6 7 9 0
2 6 7 10 0
2 6 7 11 0
2 6 7 12 0
2 6 7 13 0
2 6 7 14 0
2 6 7 15 0
2 6 8 0 0
2 6 8 1 0
2 6 8 2 0
2 6 8 3 0
2 6 8 4 0
2 6 8 5 0
2 6 8 6 0
2 6 8 7 0
2 6 8 8 0
2 6 8 9 0
2 6 8 10 0
2 6 8 11 0
2 6 8 12 0
2 6 8 13 0
2 6 8 14 0
2 6 8 15 0
2 6 9 0 0
2 6 9 1 0
2 6 9 2 0
2 6 9 3 0
2 6 9 4 0
2 6 9 5 0
2 6 9 6 0
2 6 9 7 0
2 6 9 8 0
2 6 9 9 0
2 6 9 10 0
2 6 9 11 0
2 6 9 12 0
2 6 9 13 0
2 6 9 14 0
2 6 9 15 0
2 6 10 0 0
2 6 10 1 0
2 6 10 2 0
2 6 10 3 0
2 6 10 4 0
2 6 10 5 0
2 6 10 6 0
2 6 10 7 0
2 6 10 8 0
2 6 10 9 0
2 6 10 10 0
2 6 10 11 0
2 6 10 12 0
2 6 10 13 0
2 6 10 14 0
2 6 10 15 0
2 6 11 0 0
2 6 11 1 0
2 6 11 2 0
2 6 11 3 0
2 6 11 4 0
2 6 11 5 0
2 6 11 6 -0.002223322100579554
2 6 11 7 0
2 6 11 8 0
2 6 11 9 0
2 6 11 10 0
2 6 11 11 0
2 6 11 12 0
2 6 11 13 0
2 6 11 14 0
2 6 11 15 0
2 6 12 0 0
2 6 12 1 0
2 6 12 2 0
2 6 12 3 0
2 6 12 4 0
2 6 12 5 0
2 6 12 6 0
2 6 12 7 0
2 6 12 8 0
2 6 12 9 0
2 6 12 10 0
2 6 12 11 0
2 6 12 12 0
2 6 12 13 0
2 6 12 14 0
2 6 12 15 0
2 6 13 0 0
2 6 13 1 0
2 6 13 2 -0.008229363222880381
2 6 13 3 0
2 6 13 4 0
2 6 13 5 0
2 6 13 6 0
2 6 13 7 0
2 6 13 8 0
2 6 13 9 0
2 6 13 10 0
2 6 13 11 0
2 6 13 12 0
2 6 13 13 0
2 6 13 14 0
2 6 13 15 0
2 6 14 0 0
2 6 14 1 0
2 6 14 2 0
2 6 14 3 0
2 6 14 4 0
2 6 14 5 0
2 6 14 6 0.000830231237361939
2 6 14 7 0
2 6 14 8 0
2 6 14 9 0
2 6 14 10 0
2 6 14 11 0
2 6 14 12 0
2 6 14 13 0
2 6 14 14 0
2 6 14 15 0
2 6 15 0 0
2 6 15 1 0
2 6 15 2 0
2 6 15 3 0
2 6 15 4 0
2 6 15 5 0
2 6 15 6 0
2 6 15 7 0
2 6 15 8 0
2 6 15 9 0
2 6 15 10 0
2 6 15 11 0
2 6 15 12 0
2 6 15 13 0
2 6 15 14 0
2 6 15 15 0
2 7 0 0 0
2 7 0 1 0
2 7 0 2 0
2 7 0 3 0
2 7 0 4 0
2 7 0 5 0
2 7 0 6 0
2 7 0 7 0
2 7 0 8 0
2 7 0 9 0
2 7 0 10 0
2 7 0 11 0
2 7 0 12 0
2 7 0 13 0
2 7 0 14 0
2 7 0 15 0
2 7 1 0 0
2 7 1 1 0
2 7 1 2 0
2 7 1 3 0
2 7 1 4 0
2 7 1 5 0
2 7 1 6 0
2 7 1 7 0
2 7 1 8 0
2 7 1 9 0
2 7 1 10 0
2 7 1 11 0
2 7 1 12 0
2 7 1 13 0
2 7 1 14 0
2 7 1 15 0
2 7 2 0 0
2 7 2 1 0
2 7 2 2 0
2 7 2 3 0
2 7 2 4 0
2 7 2 5 0
2 7 2 6 0
2 7 2 7 0.8616307118208015
2 7 2 8 0
2 7 2 9 0
2 7 2 10 0
2 7 2 11 0
2 7 2 12 0
2 7 2 13 0
2 7 2 14 0
2 7 2 15 0
2 7 3 0 0
2 7 3 1 0
2 7 3 2 0
2 7 3 3 0
2 7 3 4 0
2 7 3 5 0
2 7 3 6 0
2 7 3 7 0
2 7 3 8 0
2 7 3 9 0
2 7 3 10 0
2 7 3 11 0
2 7 3 12 0
2 7 3 13 0
2 7 3 14 0
2 7 3 15 0
2 7 4 0 0
2 7 4 1 0
2 7 4 2 0
2 7 4 3 0
2 7 4 4 0
2 7 4 5 0
2 7 4 6 0
2 7 4 7 0
2 7 4 8 0
2 7 4 9 0
2 7 4 10 0
2 7 4 11 0
2 7 4 12 0
2 7 4 13 0
2 7 4 14 0
2 7 4 15 0
2 7 5 0 0
2 7 5 1 0
2 7 5 2 0
2 7 5 3 0
2 7 5 4 0
2 7 5 5 0
2 7 5 6 0
2 7 5 7 0
2 7 5 8 0
2 7 5 9 0
2 7 5 10 0
2 7 5 11 0
2 7 5 12 0
2 7 5 13 0
2 7 5 14 0
2 7 5 15 0
2 7 6 0 0
2 7 6 1 0
2 7 6 2 0
2 7 6 3 0
2 7 6 4 0
2 7 6 5 0
2 7 6 6 0
2 7 6 7 0
2 7 6 8 0
2 7 6 9 0
2 7 6 10 0
2 7 6 11 0
2 7 6 12 0
2 7 6 13 0
2 7 6 14 0
2 7 6 15 0
2 7 7 0 0
2 7 7 1 0
2 7 7 2 -0.8616307118208015
2 7 7 3 0
2 7 7 4 0
2 7 7 5 0
2 7 7 6 0
2 7 7 7 0
2 7 7 8 0
2 7 7 9 0
2 7 7 10 0
2 7 7 11 0
2 7 7 12 0
2 7 7 13 0
2 7 7 14 0
2 7 7 15 0
2 7 8 0 0
2 7 8 1 0
2 7 8 2 0
2 7 8 3 0
2 7 8 4 0
2 7 8 5 0
2 7 8 6 0
2 7 8 7 0
2 7 8 8 0
2 7 8 9 0
2 7 8 10 0
2 7 8 11 0
2 7 8 12 0
2 7 8 13 0
2 7 8 14 0
2 7 8 15 0
2 7 9 0 0
2 7 9 1 0
2 7 9 2 0
2 7 9 3 0
2 7 9 4 0
2 7 9 5 0
2 7 9 6 0
2 7 9 7 0
2 7 9 8 0
2 7 9 9 0
2 7 9 10 0
2 7 9 11 0
2 7 9 12 0
2 7 9 13 0
2 7 9 14 0
2 7 9 15 0
2 7 10 0 0
2 7 10 1 0
2 7 10 2 0
2 7 10 3 0
2 7 10 4 0
2 7 10 5 0
2 7 10 6 0
2 7 10 7 0
2 7 10 8 0
2 7 10 9 0
2 7 10 10 0
2 7 10 11 0
2 7 10 12 0
2 7 10 13 0
2 7 10 14 0
2 7 10 15 0
2 7 11 0 0
2 7 11 1 0
2 7 11 2 0
2 7 11 3 0
2 7 11 4 0
2 7 11 5 0
2 7 11 6 0
2 7 11 7 0
2 7 11 8 0
2 7 11 9 0
2 7 11 10 0
2 7 11 11 0
2 7 11 12 0
2 7 11 13 0
2 7 11 14 0
2 7 11 15 0
2 7 12 0 0
2 7 12 1 0
2 7 12 2 0
2 7 12 3 0
2 7 12 4 0
2 7 12 5 0
2 7 12 6 0
2 7 12 7 0
2 7 12 8 0
2 7 12 9 0
2 7 12 10 0
2 7 12 11 0
2 7 12 12 0
2 7 12 13 0
2 7 12 14 0
2 7 12 15 0
2 7 13 0 0
2 7 13 1 0
2 7 13 2 0
2 7 13 3 0
2 7 13 4 0
2 7 13 5 0
2 7 13 6 0
2 7 13 7 0
2 7 13 8 0
2 7 13 9 0
2 7 13 10 0
2 7 13 11 0
2 7 13 12 0
2 7 13 13 0
2 7 13 14 0
2 7 13 15 0
2 7 14 0 0
2 7 14 1 0
2 7 14 2 0
2 7 14 3 0
2 7 14 4 0
2 7 14 5 0
2 7 14 6 0
2 7 14 7 0
2 7 14 8 0
2 7 14 9 0
2 7 14 10 0
2 7 14 11 0
2 7 14 12 0
2 7 14 13 0
2 7 14 14 0
2 7 14 15 0
2 7 15 0 0
2 7 15 1 0
2 7 15 2 0
2 7 15 3 0
2 7 15 4 0
2 7 15 5 0
2 7 15 6 0
2 7 15 7 0
2 7 15 8 0
2 7 15 9 0
2 7 15 10 0
2 7 15 11 0
2 7 15 12 0
2 7 15 13 0
2 7 15 14 0
2 7 15 15 0
2 8 0 0 0
2 8 0 1 0
2 8 0 2 0
2 8 0 3 0
2 8 0 4 0
2 8 0 5 0
2 8 0 6 0
2 8 0 7 0
2 8 0 8 0
2 8 0 9 0
2 8 0 10 0
2 8 0 11 0
2 8 0 12 0
2 8 0 13 0
2 8 0 14 0
2 8 0 15 0
2 8 1 0 0
2 8 1 1 0
2 8 1 2 0
2 8 1 3 0
2 8 1 4 0
2 8 1 5 0
2 8 1 6 0
2 8 1 7 0
2 8 1 8 0
2 8 1 9 0
2 8 1 10 0
2 8 1 11 0
2 8 1 12 0
2 8 1 13 0
2 8 1 14 0
2 8 1 15 0
2 8 2 0 0
2 8 2 1 0
2 8 2 2 0
2 8 2 3 0.01776772335347322
2 8 2 4 0
2 8 2 5 0
2 8 2 6 0
2 8 2 7 0
2 8 2 8 0.001333088118557701
2 8 2 9 0
2 8 2 10 0
2 8 2 11 0
2 8 2 12 0
2 8 2 13 0
2 8 2 14 0
2 8 2 15 0
2 8 3 0 0
2 8 3 1 0
2 8 3 2 -0.008883861676736608
2 8 3 3 0
2 8 3 4 0
2 8 3 5 0
2 8 3 6 0
2 8 3 7 0
2 8 3 8 0
2 8 3 9 0
2 8 3 10 0
2 8 3 11 2.134561845502522e-05
2 8 3 12 0
2 8 3 13 0
2 8 3 14 -6.577357458224095e-05
2 8 3 15 0
2 8 4 0 0
2 8 4 1 0
2 8 4 2 0
2 8 4 3 0
2 8 4 4 0
2 8 4 5 0
2 8 4 6 0
2 8 4 7 0
2 8 4 8 0
2 8 4 9 0
2 8 4 10 0
2 8 4 11 0
2 8 4 12 0
2 8 4 13 0
2 8 4 14 0
2 8 4 15 0
2 8 5 0 0
2 8 5 1 0
2 8 5 2 0
2 8 5 3 0
2 8 5 4 0
2 8 5 5 0
2 8 5 6 0
2 8 5 7 0
2 8 5 8 0
2 8 5 9 0
2 8 5 10 0
2 8 5 11 0
2 8 5 12 0
2 8 5 13 0
2 8 5 14 0
2 8 5 15 0
2 8 6 0 0
2 8 6 1 0
2 8 6 2 0
2 8 6 3 0
2 8 6 4 0
2 8 6 5 0
2 8 6 6 0
2 8 6 7 -0.01465878287263919
2 8 6 8 0
2 8 6 9 0
2 8 6 10 0
2 8 6 11 0
2 8 6 12 0
2 8 6 13 0
2 8 6 14 0
2 8 6 15 0
2 8 7 0 0
2 8 7 1 0
2 8 7 2 0
2 8 7 3 0
2 8 7 4 0
2 8 7 5 0
2 8 7 6 2.602085213965211e-18
2 8 7 7 0
2 8 7 8 0
2 8 7 9 0
2 8 7 10 0
2 8 7 11 0
2 8 7 12 0
2 8 7 13 0
2 8 7 14 0
2 8 7 15 0
2 8 8 0 0
2 8 8 1 0
2 8 8 2 -0.0006665440592788503
2 8 8 3 0
2 8 8 4 0
2 8 8 5 0
2 8 8 6 0
2 8 8 7 0
2 8 8 8 0
2 8 8 9 0
2 8 8 10 0
2 8 8 11 0
2 8 8 12 0
2 8 8 13 0
2 8 8 14 0
2 8 8 15 0
2 8 9 0 0
2 8 9 1 0
2 8 9 2 0
2 8 9 3 0
2 8 9 4 0
2 8 9 5 0
2 8 9 6 0
2 8 9 7 0
2 8 9 8 0
2 8 9 9 0
2 8 9 10 0
2 8 9 11 0
2 8 9 12 0
2 8 9 13 0
2 8 9 14 0
2 8 9 15 0
2 8 10 0 0
2 8 10 1 0
2 8 10 2 0
2 8 10 3 0
2 8 10 4 0
2 8 10 5 0
2 8 10 6 0
2 8 10 7 0
2 8 10 8 0
2 8 10 9 0
2 8 10 10 0
2 8 10 11 0
2 8 10 12 0
2 8 10 13 0
2 8 10 14 0
2 8 10 15 0
2 8 11 0 0
2 8 11 1 0
2 8 11 2 0
2 8 11 3 -0.0001668128334196487
2 8 11 4 0
2 8 11 5 0
2 8 11 6 0
2 8 11 7 0
2 8 11 8 0
2 8 11 9 0
2 8 11 10 0
2 8 11 11 0
2 8 11 12 0
2 8 11 13 0
2 8 11 14 0
2 8 11 15 0
2 8 12 0 0
2 8 12 1 0
2 8 12 2 0
2 8 12 3 0
2 8 12 4 0
2 8 12 5 0
2 8 12 6 0
2 8 12 7 0
2 8 12 8 0
2 8 12 9 0
2 8 12 10 0
2 8 12 11 0
2 8 12 12 0
2 8 12 13 0
2 8 12 14 0
2 8 12 15 0
2 8 13 0 0
2 8 13 1 0
2 8 13 2 0
2 8 13 3 0
2 8 13 4 0
2 8 13 5 0
2 8 13 6 0
2 8 13 7 0
2 8 13 8 0
2 8 13 9 0
2 8 13 10 0
2 8 13 11 0
2 8 13 12 0
2 8 13 13 0
2 8 13 14 0
2 8 13 15 0
2 8 14 0 0
2 8 14 1 0
2 8 14 2 0
2 8 14 3 6.229112059910079e-05
2 8 14 4 0
2 8 14 5 0
2 8 14 6 0
2 8 14 7 0
2 8 14 8 0
2 8 14 9 0
2 8 14 10 0
2 8 14 11 0
2 8 14 12 0
2 8 14 13 0
2 8 14 14 0
2 8 14 15 0
2 8 15 0 0
2 8 15 1 0
2 8 15 2 0
2 8 15 3 0
2 8 15 4 0
2 8 15 5 0
2 8 15 6 0
2 8 15 7 0
2 8 15 8 0
2 8 15 9 0
2 8 15 10 0
2 8 15 11 0
2 8 15 12 0
2 8 15 13 0
2 8 15 14 0
2 8 15 15 0
2 9 0 0 0
2 9 0 1 0
2 9 0 2 0
2 9 0 3 0
2 9 0 4 0
2 9 0 5 0
2 9 0 6 0
2 9 0 7 0
2 9 0 8 0
2 9 0 9 0
2 9 0 10 0
2 9 0 11 0
2 9 0 12 0
2 9 0 13 0
2 9 0 14 0
2 9 0 15 0
2 9 1 0 0
2 9 1 1 0
2 9 1 2 0
2 9 1 3 0
2 9 1 4 0
2 9 1 5 0
2 9 1 6 0
2 9 1 7 0
2 9 1 8 0
2 9 1 9 0
2 9 1 10 0
2 9 1 11 0
2 9 1 12 0
2 9 1 13 0
2 9 1 14 0
2 9 1 15 0
2 9 2 0 0
2 9 2 1 0
2 9 2 2 0
2 9 2 3 0
2 9 2 4 0.02008254085977053
2 9 2 5 0
2 9 2 6 0
2 9 2 7 0
2 9 2 8 0
2 9 2 9 0.001703070432451792
2 9 2 10 0
2 9 2 11 0
2 9 2 12 0
2 9 2 13 0
2 9 2 14 0
2 9 2 15 0
2 9 3 0 0
2 9 3 1 0
2 9 3 2 0
2 9 3 3 0
2 9 3 4 0
2 9 3 5 0
2 9 3 6 0
2 9 3 7 0
2 9 3 8 0
2 9 3 9 0
2 9 3 10 0
2 9 3 11 0
2 9 3 12 0
2 9 3 13 0
2 9 3 14 0
2 9 3 15 0
2 9 4 0 0
2 9 4 1 0
2 9 4 2 -0.01004127042988527
2 9 4 3 0
2 9 4 4 0
2 9 4 5 0
2 9 4 6 0
2 9 4 7 0
2 9 4 8 0
2 9 4 9 0
2 9 4 10 0
2 9 4 11 1.996686898472633e-05
2 9 4 12 0
2 9 4 13 0
2 9 4 14 -0.0001110351905566513
2 9 4 15 0
2 9 5 0 0
2 9 5 1 0
2 9 5 2 0
2 9 5 3 0
2 9 5 4 0
2 9 5 5 0
2 9 5 6 0
2 9 5 7 1.839297432623957e-18
2 9 5 8 0
2 9 5 9 0
2 9 5 10 0
2 9 5 11 0
2 9 5 12 0
2 9 5 13 0
2 9 5 14 0
2 9 5 15 0
2 9 6 0 0
2 9 6 1 0
2 9 6 2 0
2 9 6 3 0
2 9 6 4 0
2 9 6 5 0
2 9 6 6 0
2 9 6 7 0
2 9 6 8 0
2 9 6 9 0
2 9 6 10 0
2 9 6 11 0
2 9 6 12 0
2 9 6 13 0
2 9 6 14 0
2 9 6 15 0
2 9 7 0 0
2 9 7 1 0
2 9 7 2 0
2 9 7 3 0
2 9 7 4 0
2 9 7 5 -5.339650540599543e-18
2 9 7 6 0
2 9 7 7 0
2 9 7 8 0
2 9 7 9 0
2 9 7 10 0
2 9 7 11 0
2 9 7 12 0
2 9 7 13 0
2 9 7 14 0
2 9 7 15 0
2 9 8 0 0
2 9 8 1 0
2 9 8 2 0
2 9 8 3 0
2 9 8 4 0
2 9 8 5 0
2 9 8 6 0
2 9 8 7 0
2 9 8 8 0
2 9 8 9 0
2 9 8 10 0
2 9 8 11 0
2 9 8 12 0
2 9 8 13 0
2 9 8 14 0
2 9 8 15 0
2 9 9 0 0
2 9 9 1 0
2 9 9 2 -0.0008515352162258962
2 9 9 3 0
2 9 9 4 0
2 9 9 5 0
2 9 9 6 0
2 9 9 7 0
2 9 9 8 0
2 9 9 9 0
2 9 9 10 0
2 9 9 11 0
2 9 9 12 0
2 9 9 13 0
2 9 9 14 0
2 9 9 15 0
2 9 10 0 0
2 9 10 1 0
2 9 10 2 0
2 9 10 3 0
2 9 10 4 0
2 9 10 5 0
2 9 10 6 0
2 9 10 7 0
2 9 10 8 0
2 9 10 9 0
2 9 10 10 0
2 9 10 11 0
2 9 10 12 0
2 9 10 13 0
2 9 10 14 0
2 9 10 15 0
2 9 11 0 0
2 9 11 1 0
2 9 11 2 0
2 9 11 3 0
2 9 11 4 -0.0001885455708893252
2 9 11 5 0
2 9 11 6 0
2 9 11 7 0
2 9 11 8 0
2 9 11 9 0
2 9 11 10 0
2 9 11 11 0
2 9 11 12 0
2 9 11 13 0
2 9 11 14 0
2 9 11 15 0
2 9 12 0 0
2 9 12 1 0
2 9 12 2 0
2 9 12 3 0
2 9 12 4 0
2 9 12 5 0
2 9 12 6 0
2 9 12 7 0
2 9 12 8 0
2 9 12 9 0
2 9 12 10 0
2 9 12 11 0
2 9 12 12 0
2 9 12 13 0
2 9 12 14 0
2 9 12 15 0
2 9 13 0 0
2 9 13 1 0
2 9 13 2 0
2 9 13 3 0
2 9 13 4 0
2 9 13 5 0
2 9 13 6 0
2 9 13 7 0
2 9 13 8 0
2 9 13 9 0
2 9 13 10 0
2 9 13 11 0
2 9 13 12 0
2 9 13 13 0
2 9 13 14 0
2 9 13 15 0
2 9 14 0 0
2 9 14 1 0
2 9 14 2 0
2 9 14 3 0
2 9 14 4 7.040654279366737e-05
2 9 14 5 0
2 9 14 6 0
2 9 14 7 0
2 9 14 8 0
2 9 14 9 0
2 9 14 10 0
2 9 14 11 0
2 9 14 12 0
2 9 14 13 0
2 9 14 14 0
2 9 14 15 0
2 9 15 0 0
2 9 15 1 0
2 9 15 2 0
2 9 15 3 0
2 9 15 4 0
2 9 15 5 0
2 9 15 6 0
2 9 15 7 0
2 9 15 8 0
2 9 15 9 0
2 9 15 10 0
2 9 15 11 0
2 9 15 12 0
2 9 15 13 0
2 9 15 14 0
2 9 15 15 0
2 10 0 0 0
2 10 0 1 0
2 10 0 2 0
2 10 0 3 0
2 10 0 4 0
2 10 0 5 0
2 10 0 6 0
2 10 0 7 0
2 10 0 8 0
2 10 0 9 0
2 10 0 10 0
2 10 0 11 0
2 10 0 12 0
2 10 0 13 0
2 10 0 14 0
2 10 0 15 0
2 10 1 0 0
2 10 1 1 0
2 10 1 2 0
2 10 1 3 0
2 10 1 4 0
2 10 1 5 0
2 10 1 6 0
2 10 1 7 0
2 10 1 8 0
2 10 1 9 0
2 10 1 10 0
2 10 1 11 0
2 10 1 12 0
2 10 1 13 0
2 10 1 14 0
2 10 1 15 0
2 10 2 0 0
2 10 2 1 0
2 10 2 2 0
2 10 2 3 0
2 10 2 4 0
2 10 2 5 0
2 10 2 6 0
2 10 2 7 0
2 10 2 8 0
2 10 2 9 0
2 10 2 10 0
2 10 2 11 0
2 10 2 12 0
2 10 2 13 0
2 10 2 14 0
2 10 2 15 0
2 10 3 0 0
2 10 3 1 0
2 10 3 2 0
2 10 3 3 0
2 10 3 4 0
2 10 3 5 0
2 10 3 6 0
2 10 3 7 0
2 10 3 8 0
2 10 3 9 0
2 10 3 10 0
2 10 3 11 0
2 10 3 12 0
2 10 3 13 0
2 10 3 14 0
2 10 3 15 0
2 10 4 0 0
2 10 4 1 0
2 10 4 2 0
2 10 4 3 0
2 10 4 4 0
2 10 4 5 0
2 10 4 6 0
2 10 4 7 0
2 10 4 8 0
2 10 4 9 0
2 10 4 10 0
2 10 4 11 0
2 10 4 12 0
2 10 4 13 0
2 10 4 14 0
2 10 4 15 0
2 10 5 0 0
2 10 5 1 0
2 10 5 2 0
2 10 5 3 0
2 10 5 4 0
2 10 5 5 0
2 10 5 6 0
2 10 5 7 0
2 10 5 8 0
2 10 5 9 0
2 10 5 10 0
2 10 5 11 0
2 10 5 12 0
2 10 5 13 0
2 10 5 14 0
2 10 5 15 0
2 10 6 0 0
2 10 6 1 0
2 10 6 2 0
2 10 6 3 0
2 10 6 4 0
2 10 6 5 0
2 10 6 6 0
2 10 6 7 0
2 10 6 8 0
2 10 6 9 0
2 10 6 10 0
2 10 6 11 0
2 10 6 12 0
2 10 6 13 0
2 10 6 14 0
2 10 6 15 0
2 10 7 0 0
2 10 7 1 0
2 10 7 2 0
2 10 7 3 0
2 10 7 4 0
2 10 7 5 0
2 10 7 6 0
2 10 7 7 0
2 10 7 8 0
2 10 7 9 0
2 10 7 10 0
2 10 7 11 0
2 10 7 12 0
2 10 7 13 0
2 10 7 14 0
2 10 7 15 0
2 10 8 0 0
2 10 8 1 0
2 10 8 2 0
2 10 8 3 0
2 10 8 4 0
2 10 8 5 0
2 10 8 6 0
2 10 8 7 0
2 10 8 8 0
2 10 8 9 0
2 10 8 10 0
2 10 8 11 0
2 10 8 12 0
2 10 8 13 0
2 10 8 14 0
2 10 8 15 0
2 10 9 0 0
2 10 9 1 0
2 10 9 2 0
2 10 9 3 0
2 10 9 4 0
2 10 9 5 0
2 10 9 6 0
2 10 9 7 0
2 10 9 8 0
2 10 9 9 0
2 10 9 10 0
2 10 9 11 0
2 10 9 12 0
2 10 9 13 0
2 10 9 14 0
2 10 9 15 0
2 10 10 0 0
2 10 10 1 0
2 10 10 2 0
2 10 10 3 0
2 10 10 4 0
2 10 10 5 0
2 10 10 6 0
2 10 10 7 0
2 10 10 8 0
2 10 10 9 0
2 10 10 10 0
2 10 10 11 0
2 10 10 12 0
2 10 10 13 0
2 10 10 14 0
2 10 10 15 0
2 10 11 0 0
2 10 11 1 0
2 10 11 2 0
2 10 11 3 0
2 10 11 4 0
2 10 11 5 0
2 10 11 6 0
2 10 11 7 0
2 10 11 8 0
2 10 11 9 0
2 10 11 10 0
2 10 11 11 0
2 10 11 12 0
2 10 11 13 0
2 10 11 14 0
2 10 11 15 0
2 10 12 0 0
2 10 12 1 0
2 10 12 2 0
2 10 12 3 0
2 10 12 4 0
2 10 12 5 0
2 10 12 6 0
2 10 12 7 0
2 10 12 8 0
2 10 12 9 0
2 10 12 10 0
2 10 12 11 0
2 10 12 12 0
2 10 12 13 0
2 10 12 14 0
2 10 12 15 0
2 10 13 0 0
2 10 13 1 0
2 10 13 2 0
2 10 13 3 0
2 10 13 4 0
2 10 13 5 0
2 10 13 6 0
2 10 13 7 0
2 10 13 8 0
2 10 13 9 0
2 10 13 10 0
2 10 13 11 0
2 10 13 12 0
2 10 13 13 0
2 10 13 14 0
2 10 13 15 0
2 10 14 0 0
2 10 14 1 0
2 10 14 2 0
2 10 14 3 0
2 10 14 4 0
2 10 14 5 0
2 10 14 6 0
2 10 14 7 0
2 10 14 8 0
2 10 14 9 0
2 10 14 10 0
2 10 14 11 0
2 10 14 12 0
2 10 14 13 0
2 10 14 14 0
2 10 14 15 0
2 10 15 0 0
2 10 15 1 0
2 10 15 2 0
2 10 15 3 0
2 10 15 4 0
2 10 15 5 0
2 10 15 6 0
2 10 15 7 0
2 10 15 8 0
2 10 15 9 0
2 10 15 10 0
2 10 15 11 0
2 10 15 12 0
2 10 15 13 0
2 10 15 14 0
2 10 15 15 0
2 11 0 0 0
2 11 0 1 0
2 11 0 2 0.0019565870547542
2 11 0 3 0
2 11 0 4 0
2 11 0 5 0
2 11 0 6 0
2 11 0 7 0
2 11 0 8 0
2 11 0 9 0
2 11 0 10 0
2 11 0 11 -2.311834823897283e-06
2 11 0 12 0
2 11 0 13 0
2 11 0 14 -0.0001491041658039573
2 11 0 15 0
2 11 1 0 0
2 11 1 1 0
2 11 1 2 0
2 11 1 3 0
2 11 1 4 0
2 11 1 5 0
2 11 1 6 0
2 11 1 7 0
2 11 1 8 0
2 11 1 9 0
2 11 1 10 0
2 11 1 11 0
2 11 1 12 0
2 11 1 13 0
2 11 1 14 0
2 11 1 15 0
2 11 2 0 -0.003913174109508402
2 11 2 1 0
2 11 2 2 -0.002223322100579553
2 11 2 3 0
2 11 2 4 0
2 11 2 5 0
2 11 2 6 0
2 11 2 7 0
2 11 2 8 0
2 11 2 9 0
2 11 2 10 0
2 11 2 11 0.0003099284807506836
2 11 2 12 0
2 11 2 13 0
2 11 2 14 -0.0001327087952273341
2 11 2 15 0
2 11 3 0 0
2 11 3 1 0
2 11 3 2 0
2 11 3 3 0
2 11 3 4 0
2 11 3 5 0
2 11 3 6 0
2 11 3 7 0
2 11 3 8 0
2 11 3 9 0
2 11 3 10 0
2 11 3 11 0
2 11 3 12 0
2 11 3 13 0
2 11 3 14 0
2 11 3 15 0
2 11 4 0 0
2 11 4 1 0
2 11 4 2 0
2 11 4 3 0
2 11 4 4 0
2 11 4 5 0
2 11 4 6 0
2 11 4 7 0
2 11 4 8 0
2 11 4 9 0
2 11 4 10 0
2 11 4 11 0
2 11 4 12 0
2 11 4 13 0
2 11 4 14 0
2 11 4 15 0
2 11 5 0 0
2 11 5 1 0
2 11 5 2 0
2 11 5 3 0
2 11 5 4 0
2 11 5 5 0
2 11 5 6 0
2 11 5 7 0
2 11 5 8 0
2 11 5 9 0
2 11 5 10 0
2 11 5 11 0
2 11 5 12 0
2 11 5 13 0
2 11 5 14 0
2 11 5 15 0
2 11 6 0 0
2 11 6 1 0
2 11 6 2 0
2 11 6 3 0
2 11 6 4 0
2 11 6 5 0
2 11 6 6 0
2 11 6 7 0
2 11 6 8 0
2 11 6 9 0
2 11 6 10 0
2 11 6 11 0
2 11 6 12 0
2 11 6 13 0
2 11 6 14 0
2 11 6 15 0
2 11 7 0 0
2 11 7 1 0
2 11 7 2 0
2 11 7 3 0
2 11 7 4 0
2 11 7 5 0
2 11 7 6 0
2 11 7 7 0.0008287177828357006
2 11 7 8 0
2 11 7 9 0
2 11 7 10 0
2 11 7 11 0
2 11 7 12 0
2 11 7 13 0
2 11 7 14 0
2 11 7 15 0
2 11 8 0 0
2 11 8 1 0
2 11 8 2 0
2 11 8 3 0
2 11 8 4 0
2 11 8 5 0
2 11 8 6 0
2 11 8 7 0
2 11 8 8 0
2 11 8 9 0
2 11 8 10 0
2 11 8 11 0
2 11 8 12 0
2 11 8 13 0
2 11 8 14 0
2 11 8 15 0
2 11 9 0 0
2 11 9 1 0
2 11 9 2 0
2 11 9 3 0
2 11 9 4 0
2 11 9 5 0
2 11 9 6 0
2 11 9 7 0
2 11 9 8 0
2 11 9 9 0
2 11 9 10 0
2 11 9 11 0
2 11 9 12 0
2 11 9 13 0
2 11 9 14 0
2 11 9 15 0
2 11 10 0 0
2 11 10 1 0
2 11 10 2 0
2 11 10 3 0
2 11 10 4 0
2 11 10 5 0
2 11 10 6 0
2 11 10 7 0
2 11 10 8 0
2 11 10 9 0
2 11 10 10 0
2 11 10 11 0
2 11 10 12 0
2 11 10 13 0
2 11 10 14 0
2 11 10 15 0
2 11 11 0 3.67389590599358e-05
2 11 11 1 0
2 11 11 2 -0.0001447267803776868
2 11 11 3 0
2 11 11 4 0
2 11 11 5 0
2 11 11 6 0
2 11 11 7 0
2 11 11 8 0
2 11 11 9 0
2 11 11 10 0
2 11 11 11 0
2 11 11 12 0
2 11 11 13 0
2 11 11 14 0
2 11 11 15 0
2 11 12 0 0
2 11 12 1 0
2 11 12 2 0
2 11 12 3 0
2 11 12 4 0
2 11 12 5 0
2 11 12 6 0
2 11 12 7 0
2 11 12 8 0
2 11 12 9 0
2 11 12 10 0
2 11 12 11 0
2 11 12 12 0
2 11 12 13 0
2 11 12 14 0
2 11 12 15 0
2 11 13 0 0
2 11 13 1 0
2 11 13 2 0
2 11 13 3 0
2 11 13 4 0
2 11 13 5 0
2 11 13 6 0
2 11 13 7 0
2 11 13 8 0
2 11 13 9 0
2 11 13 10 0
2 11 13 11 0
2 11 13 12 0
2 11 13 13 0
2 11 13 14 0
2 11 13 15 0
2 11 14 0 -1.371903397702266e-05
2 11 14 1 0
2 11 14 2 0.0001171194906954436
2 11 14 3 0
2 11 14 4 0
2 11 14 5 0
2 11 14 6 0
2 11 14 7 0
2 11 14 8 0
2 11 14 9 0
2 11 14 10 0
2 11 14 11 0
2 11 14 12 0
2 11 14 13 0
2 11 14 14 0
2 11 14 15 0
2 11 15 0 0
2 11 15 1 0
2 11 15 2 0
2 11 15 3 0
2 11 15 4 0
2 11 15 5 0
2 11 15 6 0
2 11 15 7 0
2 11 15 8 0
2 11 15 9 0
2 11 15 10 0
2 11 15 11 0
2 11 15 12 0
2 11 15 13 0
2 11 15 14 0
2 11 15 15 0
2 12 0 0 0
2 12 0 1 0
2 12 0 2 0
2 12 0 3 0
2 12 0 4 0
2 12 0 5 0
2 12 0 6 0
2 12 0 7 0
2 12 0 8 0
2 12 0 9 0
2 12 0 10 0
2 12 0 11 0
2 12 0 12 0
2 12 0 13 0
2 12 0 14 0
2 12 0 15 0
2 12 1 0 0
2 12 1 1 0
2 12 1 2 0
2 12 1 3 0
2 12 1 4 0
2 12 1 5 0
2 12 1 6 0
2 12 1 7 0
2 12 1 8 0
2 12 1 9 0
2 12 1 10 0
2 12 1 11 0
2 12 1 12 0
2 12 1 13 0
2 12 1 14 0
2 12 1 15 0
2 12 2 0 0
2 12 2 1 0
2 12 2 2 0
2 12 2 3 0
2 12 2 4 0
2 12 2 5 0.01839731841260404
2 12 2 6 0
2 12 2 7 0
2 12 2 8 0
2 12 2 9 0
2 12 2 10 0
2 12 2 11 0
2 12 2 12 0.001429237295897725
2 12 2 13 0
2 12 2 14 0
2 12 2 15 0
2 12 3 0 0
2 12 3 1 0
2 12 3 2 0
2 12 3 3 0
2 12 3 4 0
2 12 3 5 0
2 12 3 6 0
2 12 3 7 0
2 12 3 8 0
2 12 3 9 0
2 12 3 10 0
2 12 3 11 0
2 12 3 12 0
2 12 3 13 0
2 12 3 14 0
2 12 3 15 0
2 12 4 0 0
2 12 4 1 0
2 12 4 2 0
2 12 4 3 0
2 12 4 4 0
2 12 4 5 0
2 12 4 6 0
2 12 4 7 -0.002490935918273309
2 12 4 8 0
2 12 4 9 0
2 12 4 10 0
2 12 4 11 0
2 12 4 12 0
2 12 4 13 0
2 12 4 14 0
2 12 4 15 0
2 12 5 0 0
2 12 5 1 0
2 12 5 2 -0.009198659206302019
2 12 5 3 0
2 12 5 4 0
2 12 5 5 0
2 12 5 6 0
2 12 5 7 0
2 12 5 8 0
2 12 5 9 0
2 12 5 10 0
2 12 5 11 0.0001292494749261434
2 12 5 12 0
2 12 5 13 0
2 12 5 14 -0.0004384752878285847
2 12 5 15 0
2 12 6 0 0
2 12 6 1 0
2 12 6 2 0
2 12 6 3 0
2 12 6 4 0
2 12 6 5 0
2 12 6 6 0
2 12 6 7 0
2 12 6 8 0
2 12 6 9 0
2 12 6 10 0
2 12 6 11 0
2 12 6 12 0
2 12 6 13 0
2 12 6 14 0
2 12 6 15 0
2 12 7 0 0
2 12 7 1 0
2 12 7 2 0
2 12 7 3 0
2 12 7 4 -8.131516293641283e-18
2 12 7 5 0
2 12 7 6 0
2 12 7 7 0
2 12 7 8 0
2 12 7 9 0
2 12 7 10 0
2 12 7 11 0
2 12 7 12 0
2 12 7 13 0
2 12 7 14 0
2 12 7 15 0
2 12 8 0 0
2 12 8 1 0
2 12 8 2 0
2 12 8 3 0
2 12 8 4 0
2 12 8 5 0
2 12 8 6 0
2 12 8 7 0
2 12 8 8 0
2 12 8 9 0
2 12 8 10 0
2 12 8 11 0
2 12 8 12 0
2 12 8 13 0
2 12 8 14 0
2 12 8 15 0
2 12 9 0 0
2 12 9 1 0
2 12 9 2 0
2 12 9 3 0
2 12 9 4 0
2 12 9 5 0
2 12 9 6 0
2 12 9 7 0
2 12 9 8 0
2 12 9 9 0
2 12 9 10 0
2 12 9 11 0
2 12 9 12 0
2 12 9 13 0
2 12 9 14 0
2 12 9 15 0
2 12 10 0 0
2 12 10 1 0
2 12 10 2 0
2 12 10 3 0
2 12 10 4 0
2 12 10 5 0
2 12 10 6 0
2 12 10 7 0
2 12 10 8 0
2 12 10 9 0
2 12 10 10 0
2 12 10 11 0
2 12 10 12 0
2 12 10 13 0
2 12 10 14 0
2 12 10 15 0
2 12 11 0 0
2 12 11 1 0
2 12 11 2 0
2 12 11 3 0
2 12 11 4 0
2 12 11 5 -0.000172723806571992
2 12 11 6 0
2 12 11 7 0
2 12 11 8 0
2 12 11 9 0
2 12 11 10 0
2 12 11 11 0
2 12 11 12 0
2 12 11 13 0
2 12 11 14 0
2 12 11 15 0
2 12 12 0 0
2 12 12 1 0
2 12 12 2 -0.0007146186479488625
2 12 12 3 0
2 12 12 4 0
2 12 12 5 0
2 12 12 6 0
2 12 12 7 0
2 12 12 8 0
2 12 12 9 0
2 12 12 10 0
2 12 12 11 0
2 12 12 12 0
2 12 12 13 0
2 12 12 14 0
2 12 12 15 0
2 12 13 0 0
2 12 13 1 0
2 12 13 2 0
2 12 13 3 0
2 12 13 4 0
2 12 13 5 0
2 12 13 6 0
2 12 13 7 0
2 12 13 8 0
2 12 13 9 0
2 12 13 10 0
2 12 13 11 0
2 12 13 12 0
2 12 13 13 0
2 12 13 14 0
2 12 13 15 0
2 12 14 0 0
2 12 14 1 0
2 12 14 2 0
2 12 14 3 0
2 12 14 4 0
2 12 14 5 6.449839167017138e-05
2 12 14 6 0
2 12 14 7 0
2 12 14 8 0
2 12 14 9 0
2 12 14 10 0
2 12 14 11 0
2 12 14 12 0
2 12 14 13 0
2 12 14 14 0
2 12 14 15 0
2 12 15 0 0
2 12 15 1 0
2 12 15 2 0
2 12 15 3 0
2 12 15 4 0
2 12 15 5 0
2 12 15 6 0
2 12 15 7 0
2 12 15 8 0
2 12 15 9 0
2 12 15 10 0
2 12 15 11 0
2 12 15 12 0
2 12 15 13 0
2 12 15 14 0
2 12 15 15 0
2 13 0 0 0
2 13 0 1 0
2 13 0 2 0
2 13 0 3 0
2 13 0 4 0
2 13 0 5 0
2 13 0 6 0
2 13 0 7 0
2 13 0 8 0
2 13 0 9 0
2 13 0 10 0
2 13 0 11 0
2 13 0 12 0
2 13 0 13 0
2 13 0 14 0
2 13 0 15 0
2 13 1 0 0
2 13 1 1 0
2 13 1 2 0
2 13 1 3 0
2 13 1 4 0
2 13 1 5 0
2 13 1 6 0
2 13 1 7 0
2 13 1 8 0
2 13 1 9 0
2 13 1 10 0
2 13 1 11 0
2 13 1 12 0
2 13 1 13 0
2 13 1 14 0
2 13 1 15 0
2 13 2 0 0
2 13 2 1 0
2 13 2 2 0
2 13 2 3 0
2 13 2 4 0
2 13 2 5 0
2 13 2 6 0.01645872644576076
2 13 2 7 0
2 13 2 8 0
2 13 2 9 0
2 13 2 10 0
2 13 2 11 0
2 13 2 12 0
2 13 2 13 0.001143899169513064
2 13 2 14 0
2 13 2 15 0
2 13 3 0 0
2 13 3 1 0
2 13 3 2 0
2 13 3 3 0
2 13 3 4 0
2 13 3 5 0
2 13 3 6 0
2 13 3 7 -0.01742006542449716
2 13 3 8 0
2 13 3 9 0
2 13 3 10 0
2 13 3 11 0
2 13 3 12 0
2 13 3 13 0
2 13 3 14 0
2 13 3 15 0
2 13 4 0 0
2 13 4 1 0
2 13 4 2 0
2 13 4 3 0
2 13 4 4 0
2 13 4 5 0
2 13 4 6 0
2 13 4 7 0
2 13 4 8 0
2 13 4 9 0
2 13 4 10 0
2 13 4 11 0
2 13 4 12 0
2 13 4 13 0
2 13 4 14 0
2 13 4 15 0
2 13 5 0 0
2 13 5 1 0
2 13 5 2 0
2 13 5 3 0
2 13 5 4 0
2 13 5 5 0
2 13 5 6 0
2 13 5 7 0
2 13 5 8 0
2 13 5 9 0
2 13 5 10 0
2 13 5 11 0
2 13 5 12 0
2 13 5 13 0
2 13 5 14 0
2 13 5 15 0
2 13 6 0 0
2 13 6 1 0
2 13 6 2 -0.008229363222880381
2 13 6 3 0
2 13 6 4 0
2 13 6 5 0
2 13 6 6 0
2 13 6 7 0
2 13 6 8 0
2 13 6 9 0
2 13 6 10 0
2 13 6 11 0.0002036680776854574
2 13 6 12 0
2 13 6 13 0
2 13 6 14 -0.000590618185209794
2 13 6 15 0
2 13 7 0 0
2 13 7 1 0
2 13 7 2 0
2 13 7 3 -4.336808689942018e-18
2 13 7 4 0
2 13 7 5 0
2 13 7 6 0
2 13 7 7 0
2 13 7 8 0
2 13 7 9 0
2 13 7 10 0
2 13 7 11 0
2 13 7 12 0
2 13 7 13 0
2 13 7 14 0
2 13 7 15 0
2 13 8 0 0
2 13 8 1 0
2 13 8 2 0
2 13 8 3 0
2 13 8 4 0
2 13 8 5 0
2 13 8 6 0
2 13 8 7 0
2 13 8 8 0
2 13 8 9 0
2 13 8 10 0
2 13 8 11 0
2 13 8 12 0
2 13 8 13 0
2 13 8 14 0
2 13 8 15 0
2 13 9 0 0
2 13 9 1 0
2 13 9 2 0
2 13 9 3 0
2 13 9 4 0
2 13 9 5 0
2 13 9 6 0
2 13 9 7 0
2 13 9 8 0
2 13 9 9 0
2 13 9 10 0
2 13 9 11 0
2 13 9 12 0
2 13 9 13 0
2 13 9 14 0
2 13 9 15 0
2 13 10 0 0
2 13 10 1 0
2 13 10 2 0
2 13 10 3 0
2 13 10 4 0
2 13 10 5 0
2 13 10 6 0
2 13 10 7 0
2 13 10 8 0
2 13 10 9 0
2 13 10 10 0
2 13 10 11 0
2 13 10 12 0
2 13 10 13 0
2 13 10 14 0
2 13 10 15 0
2 13 11 0 0
2 13 11 1 0
2 13 11 2 0
2 13 11 3 0
2 13 11 4 0
2 13 11 5 0
2 13 11 6 -0.0001545232744947923
2 13 11 7 0
2 13 11 8 0
2 13 11 9 0
2 13 11 10 0
2 13 11 11 0
2 13 11 12 0
2 13 11 13 0
2 13 11 14 0
2 13 11 15 0
2 13 12 0 0
2 13 12 1 0
2 13 12 2 0
2 13 12 3 0
2 13 12 4 0
2 13 12 5 0
2 13 12 6 0
2 13 12 7 0
2 13 12 8 0
2 13 12 9 0
2 13 12 10 0
2 13 12 11 0
2 13 12 12 0
2 13 12 13 0
2 13 12 14 0
2 13 12 15 0
2 13 13 0 0
2 13 13 1 0
2 13 13 2 -0.0005719495847565322
2 13 13 3 0
2 13 13 4 0
2 13 13 5 0
2 13 13 6 0
2 13 13 7 0
2 13 13 8 0
2 13 13 9 0
2 13 13 10 0
2 13 13 11 0
2 13 13 12 0
2 13 13 13 0
2 13 13 14 0
2 13 13 15 0
2 13 14 0 0
2 13 14 1 0
2 13 14 2 0
2 13 14 3 0
2 13 14 4 0
2 13 14 5 0
2 13 14 6 5.770196291018118e-05
2 13 14 7 0
2 13 14 8 0
2 13 14 9 0
2 13 14 10 0
2 13 14 11 0
2 13 14 12 0
2 13 14 13 0
2 13 14 14 0
2 13 14 15 0
2 13 15 0 0
2 13 15 1 0
2 13 15 2 0
2 13 15 3 0
2 13 15 4 0
2 13 15 5 0
2 13 15 6 0
2 13 15 7 0
2 13 15 8 0
2 13 15 9 0
2 13 15 10 0
2 13 15 11 0
2 13 15 12 0
2 13 15 13 0
2 13 15 14 0
2 13 15 15 0
2 14 0 0 0
2 14 0 1 0
2 14 0 2 0
2 14 0 3 0
2 14 0 4 0
2 14 0 5 0
2 14 0 6 0
2 14 0 7 0
2 14 0 8 0
2 14 0 9 0
2 14 0 10 0
2 14 0 11 0
2 14 0 12 0
2 14 0 13 0
2 14 0 14 0
2 14 0 15 0
2 14 1 0 0
2 14 1 1 0
2 14 1 2 0
2 14 1 3 0
2 14 1 4 0
2 14 1 5 0
2 14 1 6 0
2 14 1 7 0
2 14 1 8 0
2 14 1 9 0
2 14 1 10 0
2 14 1 11 0
2 14 1 12 0
2 14 1 13 0
2 14 1 14 0
2 14 1 15 0
2 14 2 0 0
2 14 2 1 0
2 14 2 2 0.0008302312373619392
2 14 2 3 0
2 14 2 4 0
2 14 2 5 0
2 14 2 6 0
2 14 2 7 0
2 14 2 8 0
2 14 2 9 0
2 14 2 10 0
2 14 2 11 -0.0001327087952273341
2 14 2 12 0
2 14 2 13 0
2 14 2 14 0.0004913239519447535
2 14 2 15 0
2 14 3 0 0
2 14 3 1 0
2 14 3 2 0
2 14 3 3 0
2 14 3 4 0
2 14 3 5 0
2 14 3 6 0
2 14 3 7 0
2 14 3 8 0
2 14 3 9 0
2 14 3 10 0
2 14 3 11 0
2 14 3 12 0
2 14 3 13 0
2 14 3 14 0
2 14 3 15 0
2 14 4 0 0
2 14 4 1 0
2 14 4 2 0
2 14 4 3 0
2 14 4 4 0
2 14 4 5 0
2 14 4 6 0
2 14 4 7 0
2 14 4 8 0
2 14 4 9 0
2 14 4 10 0
2 14 4 11 0
2 14 4 12 0
2 14 4 13 0
2 14 4 14 0
2 14 4 15 0
2 14 5 0 0
2 14 5 1 0
2 14 5 2 0
2 14 5 3 0
2 14 5 4 0
2 14 5 5 0
2 14 5 6 0
2 14 5 7 0
2 14 5 8 0
2 14 5 9 0
2 14 5 10 0
2 14 5 11 0
2 14 5 12 0
2 14 5 13 0
2 14 5 14 0
2 14 5 15 0
2 14 6 0 0
2 14 6 1 0
2 14 6 2 0
2 14 6 3 0
2 14 6 4 0
2 14 6 5 0
2 14 6 6 0
2 14 6 7 0
2 14 6 8 0
2 14 6 9 0
2 14 6 10 0
2 14 6 11 0
2 14 6 12 0
2 14 6 13 0
2 14 6 14 0
2 14 6 15 0
2 14 7 0 0
2 14 7 1 0
2 14 7 2 0
2 14 7 3 0
2 14 7 4 0
2 14 7 5 0
2 14 7 6 0
2 14 7 7 -0.0003094591602755958
2 14 7 8 0
2 14 7 9 0
2 14 7 10 0
2 14 7 11 0
2 14 7 12 0
2 14 7 13 0
2 14 7 14 0
2 14 7 15 0
2 14 8 0 0
2 14 8 1 0
2 14 8 2 0
2 14 8 3 0
2 14 8 4 0
2 14 8 5 0
2 14 8 6 0
2 14 8 7 0
2 14 8 8 0
2 14 8 9 0
2 14 8 10 0
2 14 8 11 0
2 14 8 12 0
2 14 8 13 0
2 14 8 14 0
2 14 8 15 0
2 14 9 0 0
2 14 9 1 0
2 14 9 2 0
2 14 9 3 0
2 14 9 4 0
2 14 9 5 0
2 14 9 6 0
2 14 9 7 0
2 14 9 8 0
2 14 9 9 0
2 14 9 10 0
2 14 9 11 0
2 14 9 12 0
2 14 9 13 0
2 14 9 14 0
2 14 9 15 0
2 14 10 0 0
2 14 10 1 0
2 14 10 2 0
2 14 10 3 0
2 14 10 4 0
2 14 10 5 0
2 14 10 6 0
2 14 10 7 0
2 14 10 8 0
2 14 10 9 0
2 14 10 10 0
2 14 10 11 0
2 14 10 12 0
2 14 10 13 0
2 14 10 14 0
2 14 10 15 0
2 14 11 0 0
2 14 11 1 0
2 14 11 2 0.0001171194906954436
2 14 11 3 0
2 14 11 4 0
2 14 11 5 0
2 14 11 6 0
2 14 11 7 0
2 14 11 8 0
2 14 11 9 0
2 14 11 10 0
2 14 11 11 0
2 14 11 12 0
2 14 11 13 0
2 14 11 14 0
2 14 11 15 0
2 14 12 0 0
2 14 12 1 0
2 14 12 2 0
2 14 12 3 0
2 14 12 4 0
2 14 12 5 0
2 14 12 6 0
2 14 12 7 0
2 14 12 8 0
2 14 12 9 0
2 14 12 10 0
2 14 12 11 0
2 14 12 12 0
2 14 12 13 0
2 14 12 14 0
2 14 12 15 0
2 14 13 0 0
2 14 13 1 0
2 14 13 2 0
2 14 13 3 0
2 14 13 4 0
2 14 13 5 0
2 14 13 6 0
2 14 13 7 0
2 14 13 8 0
2 14 13 9 0
2 14 13 10 0
2 14 13 11 0
2 14 13 12 0
2 14 13 13 0
2 14 13 14 0
2 14 13 15 0
2 14 14 0 0
2 14 14 1 0
2 14 14 2 -0.0004855026057764391
2 14 14 3 0
2 14 14 4 0
2 14 14 5 0
2 14 14 6 0
2 14 14 7 0
2 14 14 8 0
2 14 14 9 0
2 14 14 10 0
2 14 14 11 0
2 14 14 12 0
2 14 14 13 0
2 14 14 14 0
2 14 14 15 0
2 14 15 0 0
2 14 15 1 0
2 14 15 2 0
2 14 15 3 0
2 14 15 4 0
2 14 15 5 0
2 14 15 6 0
2 14 15 7 0
2 14 15 8 0
2 14 15 9 0
2 14 15 10 0
2 14 15 11 0
2 14 15 12 0
2 14 15 13 0
2 14 15 14 0
2 14 15 15 0
2 15 0 0 0
2 15 0 1 0
2 15 0 2 0
2 15 0 3 0
2 15 0 4 0
2 15 0 5 0
2 15 0 6 0
2 15 0 7 0
2 15 0 8 0
2 15 0 9 0
2 15 0 10 0
2 15 0 11 0
2 15 0 12 0
2 15 0 13 0
2 15 0 14 0
2 15 0 15 0
2 15 1 0 0
2 15 1 1 0
2 15 1 2 -0.001900509923577761
2 15 1 3 0
2 15 1 4 0
2 15 1 5 0
2 15 1 6 0
2 15 1 7 0
2 15 1 8 0
2 15 1 9 0
2 15 1 10 0
2 15 1 11 1.878839388780683e-05
2 15 1 12 0
2 15 1 13 0
2 15 1 14 6.593753366550278e-06
2 15 1 15 0
2 15 2 0 0
2 15 2 1 0.003801019847155522
2 15 2 2 0
2 15 2 3 0
2 15 2 4 0
2 15 2 5 0
2 15 2 6 0
2 15 2 7 0
2 15 2 8 0
2 15 2 9 0
2 15 2 10 0
2 15 2 11 0
2 15 2 12 0
2 15 2 13 0
2 15 2 14 0
2 15 2 15 3.508801055109728e-05
2 15 3 0 0
2 15 3 1 0
2 15 3 2 0
2 15 3 3 0
2 15 3 4 0
2 15 3 5 0
2 15 3 6 0
2 15 3 7 0
2 15 3 8 0
2 15 3 9 0
2 15 3 10 0
2 15 3 11 0
2 15 3 12 0
2 15 3 13 0
2 15 3 14 0
2 15 3 15 0
2 15 4 0 0
2 15 4 1 0
2 15 4 2 0
2 15 4 3 0
2 15 4 4 0
2 15 4 5 0
2 15 4 6 0
2 15 4 7 0
2 15 4 8 0
2 15 4 9 0
2 15 4 10 0
2 15 4 11 0
2 15 4 12 0
2 15 4 13 0
2 15 4 14 0
2 15 4 15 0
2 15 5 0 0
2 15 5 1 0
2 15 5 2 0
2 15 5 3 0
2 15 5 4 0
2 15 5 5 0
2 15 5 6 0
2 15 5 7 0
2 15 5 8 0
2 15 5 9 0
2 15 5 10 0
2 15 5 11 0
2 15 5 12 0
2 15 5 13 0
2 15 5 14 0
2 15 5 15 0
2 15 6 0 0
2 15 6 1 0
2 15 6 2 0
2 15 6 3 0
2 15 6 4 0
2 15 6 5 0
2 15 6 6 0
2 15 6 7 0
2 15 6 8 0
2 15 6 9 0
2 15 6 10 0
2 15 6 11 0
2 15 6 12 0
2 15 6 13 0
2 15 6 14 0
2 15 6 15 0
2 15 7 0 0
2 15 7 1 0
2 15 7 2 0
2 15 7 3 0
2 15 7 4 0
2 15 7 5 0
2 15 7 6 0
2 15 7 7 0
2 15 7 8 0
2 15 7 9 0
2 15 7 10 0
2 15 7 11 0
2 15 7 12 0
2 15 7 13 0
2 15 7 14 0
2 15 7 15 0
2 15 8 0 0
2 15 8 1 0
2 15 8 2 0
2 15 8 3 0
2 15 8 4 0
2 15 8 5 0
2 15 8 6 0
2 15 8 7 0
2 15 8 8 0
2 15 8 9 0
2 15 8 10 0
2 15 8 11 0
2 15 8 12 0
2 15 8 13 0
2 15 8 14 0
2 15 8 15 0
2 15 9 0 0
2 15 9 1 0
2 15 9 2 0
2 15 9 3 0
2 15 9 4 0
2 15 9 5 0
2 15 9 6 0
2 15 9 7 0
2 15 9 8 0
2 15 9 9 0
2 15 9 10 0
2 15 9 11 0
2 15 9 12 0
2 15 9 13 0
2 15 9 14 0
2 15 9 15 0
2 15 10 0 0
2 15 10 1 0
2 15 10 2 0
2 15 10 3 0
2 15 10 4 0
2 15 10 5 0
2 15 10 6 0
2 15 10 7 0
2 15 10 8 0
2 15 10 9 0
2 15 10 10 0
2 15 10 11 0
2 15 10 12 0
2 15 10 13 0
2 15 10 14 0
2 15 10 15 0
2 15 11 0 0
2 15 11 1 -3.568599521583582e-05
2 15 11 2 0
2 15 11 3 0
2 15 11 4 0
2 15 11 5 0
2 15 11 6 0
2 15 11 7 0
2 15 11 8 0
2 15 11 9 0
2 15 11 10 0
2 15 11 11 0
2 15 11 12 0
2 15 11 13 0
2 15 11 14 0
2 15 11 15 0
2 15 12 0 0
2 15 12 1 0
2 15 12 2 0
2 15 12 3 0
2 15 12 4 0
2 15 12 5 0
2 15 12 6 0
2 15 12 7 0
2 15 12 8 0
2 15 12 9 0
2 15 12 10 0
2 15 12 11 0
2 15 12 12 0
2 15 12 13 0
2 15 12 14 0
2 15 12 15 0
2 15 13 0 0
2 15 13 1 0
2 15 13 2 0
2 15 13 3 0
2 15 13 4 0
2 15 13 5 0
2 15 13 6 0
2 15 13 7 0
2 15 13 8 0
2 15 13 9 0
2 15 13 10 0
2 15 13 11 0
2 15 13 12 0
2 15 13 13 0
2 15 13 14 0
2 15 13 15 0
2 15 14 0 0
2 15 14 1 1.332583702415911e-05
2 15 14 2 0
2 15 14 3 0
2 15 14 4 0
2 15 14 5 0
2 15 14 6 0
2 15 14 7 0
2 15 14 8 0
2 15 14 9 0
2 15 14 10 0
2 15 14 11 0
2 15 14 12 0
2 15 14 13 0
2 15 14 14 0
2 15 14 15 0
2 15 15 0 0
2 15 15 1 0
2 15 15 2 -1.754400527554864e-05
2 15 15 3 0
2 15 15 4 0
2 15 15 5 0
2 15 15 6 0
2 15 15 7 0
2 15 15 8 0
2 15 15 9 0
2 15 15 10 0
2 15 15 11 0
2 15 15 12 0
2 15 15 13 0
2 15 15 14 0
2 15 15 15 0
3 0 0 0 0
3 0 0 1 0
3 0 0 2 0
3 0 0 3 -1.20749522279937
3 0 0 4 0
3 0 0 5 0
3 0 0 6 0
3 0 0 7 0
3 0 0 8 -0.008883861676736608
3 0 0 9 0
3 0 0 10 0
3 0 0 11 0
3 0 0 12 0
3 0 0 13 0
3 0 0 14 0
3 0 0 15 0
3 0 1 0 0
3 0 1 1 0
3 0 1 2 0
3 0 1 3 0
3 0 1 4 0
3 0 1 5 0
3 0 1 6 0
3 0 1 7 0
3 0 1 8 0
3 0 1 9 0
3 0 1 10 0
3 0 1 11 0
3 0 1 12 0
3 0 1 13 0
3 0 1 14 0
3 0 1 15 0
3 0 2 0 0
3 0 2 1 0
3 0 2 2 0
3 0 2 3 -4.210655342135585e-06
3 0 2 4 0
3 0 2 5 0
3 0 2 6 0
3 0 2 7 0
3 0 2 8 0
3 0 2 9 0
3 0 2 10 0
3 0 2 11 0
3 0 2 12 0
3 0 2 13 0
3 0 2 14 0
3 0 2 15 0
3 0 3 0 2.414910626870332
3 0 3 1 0
3 0 3 2 -2.311834823897283e-06
3 0 3 3 0
3 0 3 4 0
3 0 3 5 0
3 0 3 6 0
3 0 3 7 0
3 0 3 8 0
3 0 3 9 0
3 0 3 10 0
3 0 3 11 -0.002220143575202455
3 0 3 12 0
3 0 3 13 0
3 0 3 14 0
3 0 3 15 0
3 0 4 0 0
3 0 4 1 0
3 0 4 2 0
3 0 4 3 0
3 0 4 4 0
3 0 4 5 0
3 0 4 6 0
3 0 4 7 0
3 0 4 8 0
3 0 4 9 0
3 0 4 10 0
3 0 4 11 0
3 0 4 12 0
3 0 4 13 0
3 0 4 14 0
3 0 4 15 0
3 0 5 0 0
3 0 5 1 0
3 0 5 2 0
3 0 5 3 0
3 0 5 4 0
3 0 5 5 0
3 0 5 6 0
3 0 5 7 0
3 0 5 8 0
3 0 5 9 0
3 0 5 10 0
3 0 5 11 0
3 0 5 12 0
3 0 5 13 0
3 0 5 14 0
3 0 5 15 0
3 0 6 0 0
3 0 6 1 0
3 0 6 2 0
3 0 6 3 0
3 0 6 4 0
3 0 6 5 0
3 0 6 6 0
3 0 6 7 0
3 0 6 8 0
3 0 6 9 0
3 0 6 10 0
3 0 6 11 0
3 0 6 12 0
3 0 6 13 0
3 0 6 14 0
3 0 6 15 0
3 0 7 0 0
3 0 7 1 0
3 0 7 2 0
3 0 7 3 0
3 0 7 4 0
3 0 7 5 0
3 0 7 6 0
3 0 7 7 0
3 0 7 8 0
3 0 7 9 0
3 0 7 10 0
3 0 7 11 0
3 0 7 12 0
3 0 7 13 0
3 0 7 14 0
3 0 7 15 0
3 0 8 0 0.01776772335347322
3 0 8 1 0
3 0 8 2 0
3 0 8 3 0
3 0 8 4 0
3 0 8 5 0
3 0 8 6 0
3 0 8 7 0
3 0 8 8 0
3 0 8 9 0
3 0 8 10 0
3 0 8 11 0
3 0 8 12 0
3 0 8 13 0
3 0 8 14 0
3 0 8 15 0
3 0 9 0 0
3 0 9 1 0
3 0 9 2 0
3 0 9 3 0
3 0 9 4 0
3 0 9 5 0
3 0 9 6 0
3 0 9 7 0
3 0 9 8 0
3 0 9 9 0
3 0 9 10 0
3 0 9 11 0
3 0 9 12 0
3 0 9 13 0
3 0 9 14 0
3 0 9 15 0
3 0 10 0 0
3 0 10 1 0
3 0 10 2 0
3 0 10 3 0
3 0 10 4 0
3 0 10 5 0
3 0 10 6 0
3 0 10 7 0
3 0 10 8 0
3 0 10 9 0
3 0 10 10 0
3 0 10 11 0
3 0 10 12 0
3 0 10 13 0
3 0 10 14 0
3 0 10 15 0
3 0 11 0 0
3 0 11 1 0
3 0 11 2 0
3 0 11 3 -0.001936747616294514
3 0 11 4 0
3 0 11 5 0
3 0 11 6 0
3 0 11 7 0
3 0 11 8 0
3 0 11 9 0
3 0 11 10 0
3 0 11 11 0
3 0 11 12 0
3 0 11 13 0
3 0 11 14 0
3 0 11 15 0
3 0 12 0 0
3 0 12 1 0
3 0 12 2 0
3 0 12 3 0
3 0 12 4 0
3 0 12 5 0
3 0 12 6 0
3 0 12 7 0
3 0 12 8 0
3 0 12 9 0
3 0 12 10 0
3 0 12 11 0
3 0 12 12 0
3 0 12 13 0
3 0 12 14 0
3 0 12 15 0
3 0 13 0 0
3 0 13 1 0
3 0 13 2 0
3 0 13 3 0
3 0 13 4 0
3 0 13 5 0
3 0 13 6 0
3 0 13 7 0
3 0 13 8 0
3 0 13 9 0
3 0 13 10 0
3 0 13 11 0
3 0 13 12 0
3 0 13 13 0
3 0 13 14 0
3 0 13 15 0
3 0 14 0 0
3 0 14 1 0
3 0 14 2 0
3 0 14 3 0
3 0 14 4 0
3 0 14 5 0
3 0 14 6 0
3 0 14 7 0
3 0 14 8 0
3 0 14 9 0
3 0 14 10 0
3 0 14 11 0
3 0 14 12 0
3 0 14 13 0
3 0 14 14 0
3 0 14 15 0
3 0 15 0 0
3 0 15 1 0
3 0 15 2 0
3 0 15 3 0
3 0 15 4 0
3 0 15 5 0
3 0 15 6 0
3 0 15 7 0
3 0 15 8 0
3 0 15 9 0
3 0 15 10 0
3 0 15 11 0
3 0 15 12 0
3 0 15 13 0
3 0 15 14 0
3 0 15 15 0
3 1 0 0 0
3 1 0 1 0
3 1 0 2 0
3 1 0 3 0
3 1 0 4 0
3 1 0 5 0
3 1 0 6 0
3 1 0 7 0
3 1 0 8 0
3 1 0 9 0
3 1 0 10 0
3 1 0 11 0
3 1 0 12 0
3 1 0 13 0
3 1 0 14 0
3 1 0 15 0
3 1 1 0 0
3 1 1 1 0
3 1 1 2 0
3 1 1 3 -1.207521343705078
3 1 1 4 0
3 1 1 5 0
3 1 1 6 0
3 1 1 7 0
3 1 1 8 -0.008883861676736608
3 1 1 9 0
3 1 1 10 0
3 1 1 11 0
3 1 1 12 0
3 1 1 13 0
3 1 1 14 0
3 1 1 15 0
3 1 2 0 0
3 1 2 1 0
3 1 2 2 0
3 1 2 3 0
3 1 2 4 0
3 1 2 5 0
3 1 2 6 0
3 1 2 7 0
3 1 2 8 0
3 1 2 9 0
3 1 2 10 0
3 1 2 11 0
3 1 2 12 0
3 1 2 13 0
3 1 2 14 0
3 1 2 15 0
3 1 3 0 0
3 1 3 1 2.415028904437566
3 1 3 2 0
3 1 3 3 0
3 1 3 4 0
3 1 3 5 0
3 1 3 6 0
3 1 3 7 0
3 1 3 8 0
3 1 3 9 0
3 1 3 10 0
3 1 3 11 0
3 1 3 12 0
3 1 3 13 0
3 1 3 14 0
3 1 3 15 0.001900509923577761
3 1 4 0 0
3 1 4 1 0
3 1 4 2 0
3 1 4 3 0
3 1 4 4 0
3 1 4 5 0
3 1 4 6 0
3 1 4 7 0
3 1 4 8 0
3 1 4 9 0
3 1 4 10 0
3 1 4 11 0
3 1 4 12 0
3 1 4 13 0
3 1 4 14 0
3 1 4 15 0
3 1 5 0 0
3 1 5 1 0
3 1 5 2 0
3 1 5 3 0
3 1 5 4 0
3 1 5 5 0
3 1 5 6 0
3 1 5 7 0
3 1 5 8 0
3 1 5 9 0
3 1 5 10 0
3 1 5 11 0
3 1 5 12 0
3 1 5 13 0
3 1 5 14 0
3 1 5 15 0
3 1 6 0 0
3 1 6 1 0
3 1 6 2 0
3 1 6 3 0
3 1 6 4 0
3 1 6 5 0
3 1 6 6 0
3 1 6 7 0
3 1 6 8 0
3 1 6 9 0
3 1 6 10 0
3 1 6 11 0
3 1 6 12 0
3 1 6 13 0
3 1 6 14 0
3 1 6 15 0
3 1 7 0 0
3 1 7 1 0
3 1 7 2 0
3 1 7 3 0
3 1 7 4 0
3 1 7 5 0
3 1 7 6 0
3 1 7 7 0
3 1 7 8 0
3 1 7 9 0
3 1 7 10 0
3 1 7 11 0
3 1 7 12 0
3 1 7 13 0
3 1 7 14 0
3 1 7 15 0
3 1 8 0 0
3 1 8 1 0.01776772335347322
3 1 8 2 0
3 1 8 3 0
3 1 8 4 0
3 1 8 5 0
3 1 8 6 0
3 1 8 7 0
3 1 8 8 0
3 1 8 9 0
3 1 8 10 0
3 1 8 11 0
3 1 8 12 0
3 1 8 13 0
3 1 8 14 0
3 1 8 15 0
3 1 9 0 0
3 1 9 1 0
3 1 9 2 0
3 1 9 3 0
3 1 9 4 0
3 1 9 5 0
3 1 9 6 0
3 1 9 7 0
3 1 9 8 0
3 1 9 9 0
3 1 9 10 0
3 1 9 11 0
3 1 9 12 0
3 1 9 13 0
3 1 9 14 0
3 1 9 15 0
3 1 10 0 0
3 1 10 1 0
3 1 10 2 0
3 1 10 3 0
3 1 10 4 0
3 1 10 5 0
3 1 10 6 0
3 1 10 7 0
3 1 10 8 0
3 1 10 9 0
3 1 10 10 0
3 1 10 11 0
3 1 10 12 0
3 1 10 13 0
3 1 10 14 0
3 1 10 15 0
3 1 11 0 0
3 1 11 1 0
3 1 11 2 0
3 1 11 3 0
3 1 11 4 0
3 1 11 5 0
3 1 11 6 0
3 1 11 7 0
3 1 11 8 0
3 1 11 9 0
3 1 11 10 0
3 1 11 11 0
3 1 11 12 0
3 1 11 13 0
3 1 11 14 0
3 1 11 15 0
3 1 12 0 0
3 1 12 1 0
3 1 12 2 0
3 1 12 3 0
3 1 12 4 0
3 1 12 5 0
3 1 12 6 0
3 1 12 7 0
3 1 12 8 0
3 1 12 9 0
3 1 12 10 0
3 1 12 11 0
3 1 12 12 0
3 1 12 13 0
3 1 12 14 0
3 1 12 15 0
3 1 13 0 0
3 1 13 1 0
3 1 13 2 0
3 1 13 3 0
3 1 13 4 0
3 1 13 5 0
3 1 13 6 0
3 1 13 7 0
3 1 13 8 0
3 1 13 9 0
3 1 13 10 0
3 1 13 11 0
3 1 13 12 0
3 1 13 13 0
3 1 13 14 0
3 1 13 15 0
3 1 14 0 0
3 1 14 1 0
3 1 14 2 0
3 1 14 3 0
3 1 14 4 0
3 1 14 5 0
3 1 14 6 0
3 1 14 7 0
3 1 14 8 0
3 1 14 9 0
3 1 14 10 0
3 1 14 11 0
3 1 14 12 0
3 1 14 13 0
3 1 14 14 0
3 1 14 15 0
3 1 15 0 0
3 1 15 1 0
3 1 15 2 0
3 1 15 3 -0.0004718738525221365
3 1 15 4 0
3 1 15 5 0
3 1 15 6 0
3 1 15 7 0
3 1 15 8 0
3 1 15 9 0
3 1 15 10 0
3 1 15 11 0
3 1 15 12 0
3 1 15 13 0
3 1 15 14 0
3 1 15 15 0
3 2 0 0 0
3 2 0 1 0
3 2 0 2 0
3 2 0 3 -4.210655342135585e-06
3 2 0 4 0
3 2 0 5 0
3 2 0 6 0
3 2 0 7 0
3 2 0 8 0
3 2 0 9 0
3 2 0 10 0
3 2 0 11 0
3 2 0 12 0
3 2 0 13 0
3 2 0 14 0
3 2 0 15 0
3 2 1 0 0
3 2 1 1 0
3 2 1 2 0
3 2 1 3 0
3 2 1 4 0
3 2 1 5 0
3 2 1 6 0
3 2 1 7 0
3 2 1 8 0
3 2 1 9 0
3 2 1 10 0
3 2 1 11 0
3 2 1 12 0
3 2 1 13 0
3 2 1 14 0
3 2 1 15 0
3 2 2 0 0
3 2 2 1 0
3 2 2 2 0
3 2 2 3 -0.6604840950518143
3 2 2 4 0
3 2 2 5 0
3 2 2 6 0
3 2 2 7 0
3 2 2 8 -0.008883861676736608
3 2 2 9 0
3 2 2 10 0
3 2 2 11 0
3 2 2 12 0
3 2 2 13 0
3 2 2 14 0
3 2 2 15 0
3 2 3 0 -2.311834823897283e-06
3 2 3 1 0
3 2 3 2 1.311745574768524
3 2 3 3 0
3 2 3 4 0
3 2 3 5 0
3 2 3 6 0
3 2 3 7 0
3 2 3 8 0
3 2 3 9 0
3 2 3 10 0
3 2 3 11 -0.002223322100579554
3 2 3 12 0
3 2 3 13 0
3 2 3 14 0.0008302312373619394
3 2 3 15 0
3 2 4 0 0
3 2 4 1 0
3 2 4 2 0
3 2 4 3 0
3 2 4 4 0
3 2 4 5 0
3 2 4 6 0
3 2 4 7 0
3 2 4 8 0
3 2 4 9 0
3 2 4 10 0
3 2 4 11 0
3 2 4 12 0
3 2 4 13 0
3 2 4 14 0
3 2 4 15 0
3 2 5 0 0
3 2 5 1 0
3 2 5 2 0
3 2 5 3 0
3 2 5 4 0
3 2 5 5 0
3 2 5 6 0
3 2 5 7 0
3 2 5 8 0
3 2 5 9 0
3 2 5 10 0
3 2 5 11 0
3 2 5 12 0
3 2 5 13 0
3 2 5 14 0
3 2 5 15 0
3 2 6 0 0
3 2 6 1 0
3 2 6 2 0
3 2 6 3 0
3 2 6 4 0
3 2 6 5 0
3 2 6 6 0
3 2 6 7 1.249000902703301e-16
3 2 6 8 0
3 2 6 9 0
3 2 6 10 0
3 2 6 11 0
3 2 6 12 0
3 2 6 13 0
3 2 6 14 0
3 2 6 15 0
3 2 7 0 0
3 2 7 1 0
3 2 7 2 0
3 2 7 3 0
3 2 7 4 0
3 2 7 5 0
3 2 7 6 -0.2888007083966599
3 2 7 7 0
3 2 7 8 0
3 2 7 9 0
3 2 7 10 0
3 2 7 11 0
3 2 7 12 0
3 2 7 13 0
3 2 7 14 0
3 2 7 15 0
3 2 8 0 0
3 2 8 1 0
3 2 8 2 0.01776772335347322
3 2 8 3 0
3 2 8 4 0
3 2 8 5 0
3 2 8 6 0
3 2 8 7 0
3 2 8 8 0
3 2 8 9 0
3 2 8 10 0
3 2 8 11 0
3 2 8 12 0
3 2 8 13 0
3 2 8 14 0
3 2 8 15 0
3 2 9 0 0
3 2 9 1 0
3 2 9 2 0
3 2 9 3 0
3 2 9 4 0
3 2 9 5 0
3 2 9 6 0
3 2 9 7 0
3 2 9 8 0
3 2 9 9 0
3 2 9 10 0
3 2 9 11 0
3 2 9 12 0
3 2 9 13 0
3 2 9 14 0
3 2 9 15 0
3 2 10 0 0
3 2 10 1 0
3 2 10 2 0
3 2 10 3 0
3 2 10 4 0
3 2 10 5 0
3 2 10 6 0
3 2 10 7 0
3 2 10 8 0
3 2 10 9 0
3 2 10 10 0
3 2 10 11 0
3 2 10 12 0
3 2 10 13 0
3 2 10 14 0
3 2 10 15 0
3 2 11 0 0
3 2 11 1 0
3 2 11 2 0
3 2 11 3 0.0002844996052684222
3 2 11 4 0
3 2 11 5 0
3 2 11 6 0
3 2 11 7 0
3 2 11 8 0
3 2 11 9 0
3 2 11 10 0
3 2 11 11 0
3 2 11 12 0
3 2 11 13 0
3 2 11 14 0
3 2 11 15 0
3 2 12 0 0
3 2 12 1 0
3 2 12 2 0
3 2 12 3 0
3 2 12 4 0
3 2 12 5 0
3 2 12 6 0
3 2 12 7 0
3 2 12 8 0
3 2 12 9 0
3 2 12 10 0
3 2 12 11 0
3 2 12 12 0
3 2 12 13 0
3 2 12 14 0
3 2 12 15 0
3 2 13 0 0
3 2 13 1 0
3 2 13 2 0
3 2 13 3 0
3 2 13 4 0
3 2 13 5 0
3 2 13 6 0
3 2 13 7 0
3 2 13 8 0
3 2 13 9 0
3 2 13 10 0
3 2 13 11 0
3 2 13 12 0
3 2 13 13 0
3 2 13 14 0
3 2 13 15 0
3 2 14 0 0
3 2 14 1 0
3 2 14 2 0
3 2 14 3 -0.0008766462328166896
3 2 14 4 0
3 2 14 5 0
3 2 14 6 0
3 2 14 7 0
3 2 14 8 0
3 2 14 9 0
3 2 14 10 0
3 2 14 11 0
3 2 14 12 0
3 2 14 13 0
3 2 14 14 0
3 2 14 15 0
3 2 15 0 0
3 2 15 1 0
3 2 15 2 0
3 2 15 3 0
3 2 15 4 0
3 2 15 5 0
3 2 15 6 0
3 2 15 7 0
3 2 15 8 0
3 2 15 9 0
3 2 15 10 0
3 2 15 11 0
3 2 15 12 0
3 2 15 13 0
3 2 15 14 0
3 2 15 15 0
3 3 0 0 0
3 3 0 1 0
3 3 0 2 0
3 3 0 3 0
3 3 0 4 0
3 3 0 5 0
3 3 0 6 0
3 3 0 7 0
3 3 0 8 0
3 3 0 9 0
3 3 0 10 0
3 3 0 11 0
3 3 0 12 0
3 3 0 13 0
3 3 0 14 0
3 3 0 15 0
3 3 1 0 0
3 3 1 1 0
3 3 1 2 0
3 3 1 3 0
3 3 1 4 0
3 3 1 5 0
3 3 1 6 0
3 3 1 7 0
3 3 1 8 0
3 3 1 9 0
3 3 1 10 0
3 3 1 11 0
3 3 1 12 0
3 3 1 13 0
3 3 1 14 0
3 3 1 15 0
3 3 2 0 0
3 3 2 1 0
3 3 2 2 0
3 3 2 3 0
3 3 2 4 0
3 3 2 5 0
3 3 2 6 0
3 3 2 7 0
3 3 2 8 0
3 3 2 9 0
3 3 2 10 0
3 3 2 11 0
3 3 2 12 0
3 3 2 13 0
3 3 2 14 0
3 3 2 15 0
3 3 3 0 0
3 3 3 1 0
3 3 3 2 0
3 3 3 3 1.061137860683783
3 3 3 4 0
3 3 3 5 0
3 3 3 6 0
3 3 3 7 0
3 3 3 8 2.133162492287019e-17
3 3 3 9 0
3 3 3 10 0
3 3 3 11 0
3 3 3 12 0
3 3 3 13 0
3 3 3 14 0
3 3 3 15 0
3 3 4 0 0
3 3 4 1 0
3 3 4 2 0
3 3 4 3 0
3 3 4 4 0
3 3 4 5 0
3 3 4 6 0
3 3 4 7 0
3 3 4 8 0
3 3 4 9 0
3 3 4 10 0
3 3 4 11 0
3 3 4 12 0
3 3 4 13 0
3 3 4 14 0
3 3 4 15 0
3 3 5 0 0
3 3 5 1 0
3 3 5 2 0
3 3 5 3 0
3 3 5 4 0
3 3 5 5 0
3 3 5 6 0
3 3 5 7 0
3 3 5 8 0
3 3 5 9 0
3 3 5 10 0
3 3 5 11 0
3 3 5 12 0
3 3 5 13 0
3 3 5 14 0
3 3 5 15 0
3 3 6 0 0
3 3 6 1 0
3 3 6 2 0
3 3 6 3 0
3 3 6 4 0
3 3 6 5 0
3 3 6 6 -0.8271502092832279
3 3 6 7 0
3 3 6 8 0
3 3 6 9 0
3 3 6 10 0
3 3 6 11 0
3 3 6 12 0
3 3 6 13 -9.319007815299962e-19
3 3 6 14 0
3 3 6 15 0
3 3 7 0 0
3 3 7 1 0
3 3 7 2 0
3 3 7 3 0
3 3 7 4 0
3 3 7 5 0
3 3 7 6 0
3 3 7 7 0
3 3 7 8 0
3 3 7 9 0
3 3 7 10 0
3 3 7 11 0
3 3 7 12 0
3 3 7 13 0
3 3 7 14 0
3 3 7 15 0
3 3 8 0 0
3 3 8 1 0
3 3 8 2 0
3 3 8 3 2.133162492287019e-17
3 3 8 4 0
3 3 8 5 0
3 3 8 6 0
3 3 8 7 0
3 3 8 8 0
3 3 8 9 0
3 3 8 10 0
3 3 8 11 0
3 3 8 12 0
3 3 8 13 0
3 3 8 14 0
3 3 8 15 0
3 3 9 0 0
3 3 9 1 0
3 3 9 2 0
3 3 9 3 0
3 3 9 4 0
3 3 9 5 0
3 3 9 6 0
3 3 9 7 0
3 3 9 8 0
3 3 9 9 0
3 3 9 10 0
3 3 9 11 0
3 3 9 12 0
3 3 9 13 0
3 3 9 14 0
3 3 9 15 0
3 3 10 0 0
3 3 10 1 0
3 3 10 2 0
3 3 10 3 0
3 3 10 4 0
3 3 10 5 0
3 3 10 6 0
3 3 10 7 0
3 3 10 8 0
3 3 10 9 0
3 3 10 10 0
3 3 10 11 0
3 3 10 12 0
3 3 10 13 0
3 3 10 14 0
3 3 10 15 0
3 3 11 0 0
3 3 11 1 0
3 3 11 2 0
3 3 11 3 0
3 3 11 4 0
3 3 11 5 0
3 3 11 6 0
3 3 11 7 0
3 3 11 8 0
3 3 11 9 0
3 3 11 10 0
3 3 11 11 0
3 3 11 12 0
3 3 11 13 0
3 3 11 14 0
3 3 11 15 0
3 3 12 0 0
3 3 12 1 0
3 3 12 2 0
3 3 12 3 0
3 3 12 4 0
3 3 12 5 0
3 3 12 6 0
3 3 12 7 0
3 3 12 8 0
3 3 12 9 0
3 3 12 10 0
3 3 12 11 0
3 3 12 12 0
3 3 12 13 0
3 3 12 14 0
3 3 12 15 0
3 3 13 0 0
3 3 13 1 0
3 3 13 2 0
3 3 13 3 0
3 3 13 4 0
3 3 13 5 0
3 3 13 6 -9.319007815299962e-19
3 3 13 7 0
3 3 13 8 0
3 3 13 9 0
3 3 13 10 0
3 3 13 11 0
3 3 13 12 0
3 3 13 13 0
3 3 13 14 0
3 3 13 15 0
3 3 14 0 0
3 3 14 1 0
3 3 14 2 0
3 3 14 3 0
3 3 14 4 0
3 3 14 5 0
3 3 14 6 0
3 3 14 7 0
3 3 14 8 0
3 3 14 9 0
3 3 14 10 0
3 3 14 11 0
3 3 14 12 0
3 3 14 13 0
3 3 14 14 0
3 3 14 15 0
3 3 15 0 0
3 3 15 1 0
3 3 15 2 0
3 3 15 3 0
3 3 15 4 0
3 3 15 5 0
3 3 15 6 0
3 3 15 7 0
3 3 15 8 0
3 3 15 9 0
3 3 15 10 0
3 3 15 11 0
3 3 15 12 0
3 3 15 13 0
3 3 15 14 0
3 3 15 15 0
3 4 0 0 0
3 4 0 1 0
3 4 0 2 0
3 4 0 3 0
3 4 0 4 0
3 4 0 5 0
3 4 0 6 0
3 4 0 7 0
3 4 0 8 0
3 4 0 9 0
3 4 0 10 0
3 4 0 11 0
3 4 0 12 0
3 4 0 13 0
3 4 0 14 0
3 4 0 15 0
3 4 1 0 0
3 4 1 1 0
3 4 1 2 0
3 4 1 3 0
3 4 1 4 0
3 4 1 5 0
3 4 1 6 0
3 4 1 7 0
3 4 1 8 0
3 4 1 9 0
3 4 1 10 0
3 4 1 11 0
3 4 1 12 0
3 4 1 13 0
3 4 1 14 0
3 4 1 15 0
3 4 2 0 0
3 4 2 1 0
3 4 2 2 0
3 4 2 3 0
3 4 2 4 0
3 4 2 5 0
3 4 2 6 0
3 4 2 7 0
3 4 2 8 0
3 4 2 9 0
3 4 2 10 0
3 4 2 11 0
3 4 2 12 0
3 4 2 13 0
3 4 2 14 0
3 4 2 15 0
3 4 3 0 0
3 4 3 1 0
3 4 3 2 0
3 4 3 3 0
3 4 3 4 1.215354308422913
3 4 3 5 0
3 4 3 6 0
3 4 3 7 0
3 4 3 8 0
3 4 3 9 0.01004127042988527
3 4 3 10 0
3 4 3 11 0
3 4 3 12 0
3 4 3 13 0
3 4 3 14 0
3 4 3 15 0
3 4 4 0 0
3 4 4 1 0
3 4 4 2 0
3 4 4 3 -0.676101137653228
3 4 4 4 0
3 4 4 5 0
3 4 4 6 0
3 4 4 7 0
3 4 4 8 -0.008883861676736606
3 4 4 9 0
3 4 4 10 0
3 4 4 11 0
3 4 4 12 0
3 4 4 13 0
3 4 4 14 0
3 4 4 15 0
3 4 5 0 0
3 4 5 1 0
3 4 5 2 0
3 4 5 3 0
3 4 5 4 0
3 4 5 5 0
3 4 5 6 -0.05290647949334866
3 4 5 7 0
3 4 5 8 0
3 4 5 9 0
3 4 5 10 0
3 4 5 11 0
3 4 5 12 0
3 4 5 13 2.316945704135828e-17
3 4 5 14 0
3 4 5 15 0
3 4 6 0 0
3 4 6 1 0
3 4 6 2 0
3 4 6 3 0
3 4 6 4 0
3 4 6 5 -9.71445146547012e-17
3 4 6 6 0
3 4 6 7 0
3 4 6 8 0
3 4 6 9 0
3 4 6 10 0
3 4 6 11 0
3 4 6 12 -2.223997535768625e-17
3 4 6 13 0
3 4 6 14 0
3 4 6 15 0
3 4 7 0 0
3 4 7 1 0
3 4 7 2 0
3 4 7 3 0
3 4 7 4 0
3 4 7 5 0
3 4 7 6 0
3 4 7 7 0
3 4 7 8 0
3 4 7 9 0
3 4 7 10 0
3 4 7 11 0
3 4 7 12 0
3 4 7 13 0
3 4 7 14 0
3 4 7 15 0
3 4 8 0 0
3 4 8 1 0
3 4 8 2 0
3 4 8 3 0
3 4 8 4 0.00888386167673663
3 4 8 5 0
3 4 8 6 0
3 4 8 7 0
3 4 8 8 0
3 4 8 9 0
3 4 8 10 0
3 4 8 11 0
3 4 8 12 0
3 4 8 13 0
3 4 8 14 0
3 4 8 15 0
3 4 9 0 0
3 4 9 1 0
3 4 9 2 0
3 4 9 3 -0.01004127042988526
3 4 9 4 0
3 4 9 5 0
3 4 9 6 0
3 4 9 7 0
3 4 9 8 0
3 4 9 9 0
3 4 9 10 0
3 4 9 11 0
3 4 9 12 0
3 4 9 13 0
3 4 9 14 0
3 4 9 15 0
3 4 10 0 0
3 4 10 1 0
3 4 10 2 0
3 4 10 3 0
3 4 10 4 0
3 4 10 5 0
3 4 10 6 0
3 4 10 7 0
3 4 10 8 0
3 4 10 9 0
3 4 10 10 0
3 4 10 11 0
3 4 10 12 0
3 4 10 13 0
3 4 10 14 0
3 4 10 15 0
3 4 11 0 0
3 4 11 1 0
3 4 11 2 0
3 4 11 3 0
3 4 11 4 0
3 4 11 5 0
3 4 11 6 0
3 4 11 7 0
3 4 11 8 0
3 4 11 9 0
3 4 11 10 0
3 4 11 11 0
3 4 11 12 0
3 4 11 13 0
3 4 11 14 0
3 4 11 15 0
3 4 12 0 0
3 4 12 1 0
3 4 12 2 0
3 4 12 3 0
3 4 12 4 0
3 4 12 5 0
3 4 12 6 2.111458737136324e-17
3 4 12 7 0
3 4 12 8 0
3 4 12 9 0
3 4 12 10 0
3 4 12 11 0
3 4 12 12 0
3 4 12 13 0
3 4 12 14 0
3 4 12 15 0
3 4 13 0 0
3 4 13 1 0
3 4 13 2 0
3 4 13 3 0
3 4 13 4 0
3 4 13 5 -2.227219166440092e-17
3 4 13 6 0
3 4 13 7 0
3 4 13 8 0
3 4 13 9 0
3 4 13 10 0
3 4 13 11 0
3 4 13 12 0
3 4 13 13 0
3 4 13 14 0
3 4 13 15 0
3 4 14 0 0
3 4 14 1 0
3 4 14 2 0
3 4 14 3 0
3 4 14 4 0
3 4 14 5 0
3 4 14 6 0
3 4 14 7 0
3 4 14 8 0
3 4 14 9 0
3 4 14 10 0
3 4 14 11 0
3 4 14 12 0
3 4 14 13 0
3 4 14 14 0
3 4 14 15 0
3 4 15 0 0
3 4 15 1 0
3 4 15 2 0
3 4 15 3 0
3 4 15 4 0
3 4 15 5 0
3 4 15 6 0
3 4 15 7 0
3 4 15 8 0
3 4 15 9 0
3 4 15 10 0
3 4 15 11 0
3 4 15 12 0
3 4 15 13 0
3 4 15 14 0
3 4 15 15 0
3 5 0 0 0
3 5 0 1 0
3 5 0 2 0
3 5 0 3 0
3 5 0 4 0
3 5 0 5 0
3 5 0 6 0
3 5 0 7 0
3 5 0 8 0
3 5 0 9 0
3 5 0 10 0
3 5 0 11 0
3 5 0 12 0
3 5 0 13 0
3 5 0 14 0
3 5 0 15 0
3 5 1 0 0
3 5 1 1 0
3 5 1 2 0
3 5 1 3 0
3 5 1 4 0
3 5 1 5 0
3 5 1 6 0
3 5 1 7 0
3 5 1 8 0
3 5 1 9 0
3 5 1 10 0
3 5 1 11 0
3 5 1 12 0
3 5 1 13 0
3 5 1 14 0
3 5 1 15 0
3 5 2 0 0
3 5 2 1 0
3 5 2 2 0
3 5 2 3 0
3 5 2 4 0
3 5 2 5 0
3 5 2 6 0
3 5 2 7 0
3 5 2 8 0
3 5 2 9 0
3 5 2 10 0
3 5 2 11 0
3 5 2 12 0
3 5 2 13 0
3 5 2 14 0
3 5 2 15 0
3 5 3 0 0
3 5 3 1 0
3 5 3 2 0
3 5 3 3 0
3 5 3 4 0
3 5 3 5 1.198125986155754
3 5 3 6 0
3 5 3 7 0
3 5 3 8 0
3 5 3 9 0
3 5 3 10 0
3 5 3 11 0
3 5 3 12 0.009198659206302019
3 5 3 13 0
3 5 3 14 0
3 5 3 15 0
3 5 4 0 0
3 5 4 1 0
3 5 4 2 0
3 5 4 3 0
3 5 4 4 0
3 5 4 5 0
3 5 4 6 -0.06787288189714902
3 5 4 7 0
3 5 4 8 0
3 5 4 9 0
3 5 4 10 0
3 5 4 11 0
3 5 4 12 0
3 5 4 13 1.392843550803441e-19
3 5 4 14 0
3 5 4 15 0
3 5 5 0 0
3 5 5 1 0
3 5 5 2 0
3 5 5 3 -0.6673458481412281
3 5 5 4 0
3 5 5 5 0
3 5 5 6 0
3 5 5 7 0
3 5 5 8 -0.008883861676736585
3 5 5 9 0
3 5 5 10 0
3 5 5 11 0
3 5 5 12 0
3 5 5 13 0
3 5 5 14 0
3 5 5 15 0
3 5 6 0 0
3 5 6 1 0
3 5 6 2 0
3 5 6 3 0
3 5 6 4 2.081668171172169e-17
3 5 6 5 0
3 5 6 6 0
3 5 6 7 0
3 5 6 8 0
3 5 6 9 -7.267908973356893e-18
3 5 6 10 0
3 5 6 11 0
3 5 6 12 0
3 5 6 13 0
3 5 6 14 0
3 5 6 15 0
3 5 7 0 0
3 5 7 1 0
3 5 7 2 0
3 5 7 3 0
3 5 7 4 0
3 5 7 5 0
3 5 7 6 0
3 5 7 7 0
3 5 7 8 0
3 5 7 9 0
3 5 7 10 0
3 5 7 11 0
3 5 7 12 0
3 5 7 13 0
3 5 7 14 0
3 5 7 15 0
3 5 8 0 0
3 5 8 1 0
3 5 8 2 0
3 5 8 3 0
3 5 8 4 0
3 5 8 5 0.008883861676736587
3 5 8 6 0
3 5 8 7 0
3 5 8 8 0
3 5 8 9 0
3 5 8 10 0
3 5 8 11 0
3 5 8 12 0
3 5 8 13 0
3 5 8 14 0
3 5 8 15 0
3 5 9 0 0
3 5 9 1 0
3 5 9 2 0
3 5 9 3 0
3 5 9 4 0
3 5 9 5 0
3 5 9 6 1.975420587746459e-18
3 5 9 7 0
3 5 9 8 0
3 5 9 9 0
3 5 9 10 0
3 5 9 11 0
3 5 9 12 0
3 5 9 13 0
3 5 9 14 0
3 5 9 15 0
3 5 10 0 0
3 5 10 1 0
3 5 10 2 0
3 5 10 3 0
3 5 10 4 0
3 5 10 5 0
3 5 10 6 0
3 5 10 7 0
3 5 10 8 0
3 5 10 9 0
3 5 10 10 0
3 5 10 11 0
3 5 10 12 0
3 5 10 13 0
3 5 10 14 0
3 5 10 15 0
3 5 11 0 0
3 5 11 1 0
3 5 11 2 0
3 5 11 3 0
3 5 11 4 0
3 5 11 5 0
3 5 11 6 0
3 5 11 7 0
3 5 11 8 0
3 5 11 9 0
3 5 11 10 0
3 5 11 11 0
3 5 11 12 0
3 5 11 13 0
3 5 11 14 0
3 5 11 15 0
3 5 12 0 0
3 5 12 1 0
3 5 12 2 0
3 5 12 3 -0.009198659206302006
3 5 12 4 0
3 5 12 5 0
3 5 12 6 0
3 5 12 7 0
3 5 12 8 0
3 5 12 9 0
3 5 12 10 0
3 5 12 11 0
3 5 12 12 0
3 5 12 13 0
3 5 12 14 0
3 5 12 15 0
3 5 13 0 0
3 5 13 1 0
3 5 13 2 0
3 5 13 3 0
3 5 13 4 4.415872390035683e-19
3 5 13 5 0
3 5 13 6 0
3 5 13 7 0
3 5 13 8 0
3 5 13 9 0
3 5 13 10 0
3 5 13 11 0
3 5 13 12 0
3 5 13 13 0
3 5 13 14 0
3 5 13 15 0
3 5 14 0 0
3 5 14 1 0
3 5 14 2 0
3 5 14 3 0
3 5 14 4 0
3 5 14 5 0
3 5 14 6 0
3 5 14 7 0
3 5 14 8 0
3 5 14 9 0
3 5 14 10 0
3 5 14 11 0
3 5 14 12 0
3 5 14 13 0
3 5 14 14 0
3 5 14 15 0
3 5 15 0 0
3 5 15 1 0
3 5 15 2 0
3 5 15 3 0
3 5 15 4 0
3 5 15 5 0
3 5 15 6 0
3 5 15 7 0
3 5 15 8 0
3 5 15 9 0
3 5 15 10 0
3 5 15 11 0
3 5 15 12 0
3 5 15 13 0
3 5 15 14 0
3 5 15 15 0
3 6 0 0 0
3 6 0 1 0
3 6 0 2 0
3 6 0 3 0
3 6 0 4 0
3 6 0 5 0
3 6 0 6 0
3 6 0 7 0
3 6 0 8 0
3 6 0 9 0
3 6 0 10 0
3 6 0 11 0
3 6 0 12 0
3 6 0 13 0
3 6 0 14 0
3 6 0 15 0
3 6 1 0 0
3 6 1 1 0
3 6 1 2 0
3 6 1 3 0
3 6 1 4 0
3 6 1 5 0
3 6 1 6 0
3 6 1 7 0
3 6 1 8 0
3 6 1 9 0
3 6 1 10 0
3 6 1 11 0
3 6 1 12 0
3 6 1 13 0
3 6 1 14 0
3 6 1 15 0
3 6 2 0 0
3 6 2 1 0
3 6 2 2 0
3 6 2 3 0
3 6 2 4 0
3 6 2 5 0
3 6 2 6 0
3 6 2 7 0
3 6 2 8 0
3 6 2 9 0
3 6 2 10 0
3 6 2 11 0
3 6 2 12 0
3 6 2 13 0
3 6 2 14 0
3 6 2 15 0
3 6 3 0 0
3 6 3 1 0
3 6 3 2 0
3 6 3 3 0
3 6 3 4 0
3 6 3 5 0
3 6 3 6 0.145813413952881
3 6 3 7 0
3 6 3 8 0
3 6 3 9 0
3 6 3 10 0
3 6 3 11 0
3 6 3 12 0
3 6 3 13 0.008229363222880381
3 6 3 14 0
3 6 3 15 0
3 6 4 0 0
3 6 4 1 0
3 6 4 2 0
3 6 4 3 0
3 6 4 4 0
3 6 4 5 0
3 6 4 6 0
3 6 4 7 0
3 6 4 8 0
3 6 4 9 0
3 6 4 10 0
3 6 4 11 0
3 6 4 12 0
3 6 4 13 0
3 6 4 14 0
3 6 4 15 0
3 6 5 0 0
3 6 5 1 0
3 6 5 2 0
3 6 5 3 0
3 6 5 4 0
3 6 5 5 0
3 6 5 6 0
3 6 5 7 0
3 6 5 8 0
3 6 5 9 0
3 6 5 10 0
3 6 5 11 0
3 6 5 12 0
3 6 5 13 0
3 6 5 14 0
3 6 5 15 0
3 6 6 0 0
3 6 6 1 0
3 6 6 2 0
3 6 6 3 -0.1452600086109626
3 6 6 4 0
3 6 6 5 0
3 6 6 6 0
3 6 6 7 0
3 6 6 8 -0.008883861676736594
3 6 6 9 0
3 6 6 10 0
3 6 6 11 0
3 6 6 12 0
3 6 6 13 0
3 6 6 14 0
3 6 6 15 0
3 6 7 0 0
3 6 7 1 0
3 6 7 2 0
3 6 7 3 0
3 6 7 4 0
3 6 7 5 0
3 6 7 6 0
3 6 7 7 0
3 6 7 8 0
3 6 7 9 0
3 6 7 10 0
3 6 7 11 0
3 6 7 12 0
3 6 7 13 0
3 6 7 14 0
3 6 7 15 0
3 6 8 0 0
3 6 8 1 0
3 6 8 2 0
3 6 8 3 0
3 6 8 4 0
3 6 8 5 0
3 6 8 6 0.008883861676736587
3 6 8 7 0
3 6 8 8 0
3 6 8 9 0
3 6 8 10 0
3 6 8 11 0
3 6 8 12 0
3 6 8 13 0
3 6 8 14 0
3 6 8 15 0
3 6 9 0 0
3 6 9 1 0
3 6 9 2 0
3 6 9 3 0
3 6 9 4 0
3 6 9 5 0
3 6 9 6 0
3 6 9 7 0
3 6 9 8 0
3 6 9 9 0
3 6 9 10 0
3 6 9 11 0
3 6 9 12 0
3 6 9 13 0
3 6 9 14 0
3 6 9 15 0
3 6 10 0 0
3 6 10 1 0
3 6 10 2 0
3 6 10 3 0
3 6 10 4 0
3 6 10 5 0
3 6 10 6 0
3 6 10 7 0
3 6 10 8 0
3 6 10 9 0
3 6 10 10 0
3 6 10 11 0
3 6 10 12 0
3 6 10 13 0
3 6 10 14 0
3 6 10 15 0
3 6 11 0 0
3 6 11 1 0
3 6 11 2 0
3 6 11 3 0
3 6 11 4 0
3 6 11 5 0
3 6 11 6 0
3 6 11 7 0
3 6 11 8 0
3 6 11 9 0
3 6 11 10 0
3 6 11 11 0
3 6 11 12 0
3 6 11 13 0
3 6 11 14 0
3 6 11 15 0
3 6 12 0 0
3 6 12 1 0
3 6 12 2 0
3 6 12 3 0
3 6 12 4 0
3 6 12 5 0
3 6 12 6 0
3 6 12 7 0
3 6 12 8 0
3 6 12 9 0
3 6 12 10 0
3 6 12 11 0
3 6 12 12 0
3 6 12 13 0
3 6 12 14 0
3 6 12 15 0
3 6 13 0 0
3 6 13 1 0
3 6 13 2 0
3 6 13 3 -0.008229363222880377
3 6 13 4 0
3 6 13 5 0
3 6 13 6 0
3 6 13 7 0
3 6 13 8 0
3 6 13 9 0
3 6 13 10 0
3 6 13 11 0
3 6 13 12 0
3 6 13 13 0
3 6 13 14 0
3 6 13 15 0
3 6 14 0 0
3 6 14 1 0
3 6 14 2 0
3 6 14 3 0
3 6 14 4 0
3 6 14 5 0
3 6 14 6 0
3 6 14 7 0
3 6 14 8 0
3 6 14 9 0
3 6 14 10 0
3 6 14 11 0
3 6 14 12 0
3 6 14 13 0
3 6 14 14 0
3 6 14 15 0
3 6 15 0 0
3 6 15 1 0
3 6 15 2 0
3 6 15 3 0
3 6 15 4 0
3 6 15 5 0
3 6 15 6 0
3 6 15 7 0
3 6 15 8 0
3 6 15 9 0
3 6 15 10 0
3 6 15 11 0
3 6 15 12 0
3 6 15 13 0
3 6 15 14 0
3 6 15 15 0
3 7 0 0 0
3 7 0 1 0
3 7 0 2 0
3 7 0 3 0
3 7 0 4 0
3 7 0 5 0
3 7 0 6 0
3 7 0 7 0
3 7 0 8 0
3 7 0 9 0
3 7 0 10 0
3 7 0 11 0
3 7 0 12 0
3 7 0 13 0
3 7 0 14 0
3 7 0 15 0
3 7 1 0 0
3 7 1 1 0
3 7 1 2 0
3 7 1 3 0
3 7 1 4 0
3 7 1 5 0
3 7 1 6 0
3 7 1 7 0
3 7 1 8 0
3 7 1 9 0
3 7 1 10 0
3 7 1 11 0
3 7 1 12 0
3 7 1 13 0
3 7 1 14 0
3 7 1 15 0
3 7 2 0 0
3 7 2 1 0
3 7 2 2 0
3 7 2 3 0
3 7 2 4 0
3 7 2 5 0
3 7 2 6 -0.3234686465158186
3 7 2 7 0
3 7 2 8 0
3 7 2 9 0
3 7 2 10 0
3 7 2 11 0
3 7 2 12 0
3 7 2 13 -0.01742006542449716
3 7 2 14 0
3 7 2 15 0
3 7 3 0 0
3 7 3 1 0
3 7 3 2 0
3 7 3 3 0
3 7 3 4 0
3 7 3 5 0
3 7 3 6 0
3 7 3 7 1.102746529722547
3 7 3 8 0
3 7 3 9 0
3 7 3 10 0
3 7 3 11 0
3 7 3 12 0
3 7 3 13 0
3 7 3 14 0
3 7 3 15 0
3 7 4 0 0
3 7 4 1 0
3 7 4 2 0
3 7 4 3 0
3 7 4 4 0
3 7 4 5 0
3 7 4 6 0
3 7 4 7 0
3 7 4 8 0
3 7 4 9 0
3 7 4 10 0
3 7 4 11 0
3 7 4 12 0
3 7 4 13 0
3 7 4 14 0
3 7 4 15 0
3 7 5 0 0
3 7 5 1 0
3 7 5 2 0
3 7 5 3 0
3 7 5 4 0
3 7 5 5 0
3 7 5 6 0
3 7 5 7 0
3 7 5 8 0
3 7 5 9 0
3 7 5 10 0
3 7 5 11 0
3 7 5 12 0
3 7 5 13 0
3 7 5 14 0
3 7 5 15 0
3 7 6 0 0
3 7 6 1 0
3 7 6 2 0
3 7 6 3 0
3 7 6 4 0
3 7 6 5 0
3 7 6 6 0
3 7 6 7 0
3 7 6 8 0
3 7 6 9 0
3 7 6 10 0
3 7 6 11 -0.005600954836943539
3 7 6 12 0
3 7 6 13 0
3 7 6 14 0.01613296076024407
3 7 6 15 0
3 7 7 0 0
3 7 7 1 0
3 7 7 2 0
3 7 7 3 -0.5557145745701324
3 7 7 4 0
3 7 7 5 0
3 7 7 6 0
3 7 7 7 0
3 7 7 8 0
3 7 7 9 0
3 7 7 10 0
3 7 7 11 0
3 7 7 12 0
3 7 7 13 0
3 7 7 14 0
3 7 7 15 0
3 7 8 0 0
3 7 8 1 0
3 7 8 2 0
3 7 8 3 0
3 7 8 4 0
3 7 8 5 0
3 7 8 6 0
3 7 8 7 0
3 7 8 8 0
3 7 8 9 0
3 7 8 10 0
3 7 8 11 0
3 7 8 12 0
3 7 8 13 0
3 7 8 14 0
3 7 8 15 0
3 7 9 0 0
3 7 9 1 0
3 7 9 2 0
3 7 9 3 0
3 7 9 4 0
3 7 9 5 0
3 7 9 6 0
3 7 9 7 0
3 7 9 8 0
3 7 9 9 0
3 7 9 10 0
3 7 9 11 0
3 7 9 12 0
3 7 9 13 0
3 7 9 14 0
3 7 9 15 0
3 7 10 0 0
3 7 10 1 0
3 7 10 2 0
3 7 10 3 0
3 7 10 4 0
3 7 10 5 0
3 7 10 6 0
3 7 10 7 0
3 7 10 8 0
3 7 10 9 0
3 7 10 10 0
3 7 10 11 0
3 7 10 12 0
3 7 10 13 0
3 7 10 14 0
3 7 10 15 0
3 7 11 0 0
3 7 11 1 0
3 7 11 2 0
3 7 11 3 0
3 7 11 4 0
3 7 11 5 0
3 7 11 6 0.004104134645667671
3 7 11 7 0
3 7 11 8 0
3 7 11 9 0
3 7 11 10 0
3 7 11 11 0
3 7 11 12 0
3 7 11 13 0
3 7 11 14 0
3 7 11 15 0
3 7 12 0 0
3 7 12 1 0
3 7 12 2 0
3 7 12 3 0
3 7 12 4 0
3 7 12 5 0
3 7 12 6 0
3 7 12 7 0
3 7 12 8 0
3 7 12 9 0
3 7 12 10 0
3 7 12 11 0
3 7 12 12 0
3 7 12 13 0
3 7 12 14 0
3 7 12 15 0
3 7 13 0 0
3 7 13 1 0
3 7 13 2 -5.204170427930421e-18
3 7 13 3 0
3 7 13 4 0
3 7 13 5 0
3 7 13 6 0
3 7 13 7 0
3 7 13 8 0
3 7 13 9 0
3 7 13 10 0
3 7 13 11 0
3 7 13 12 0
3 7 13 13 0
3 7 13 14 0
3 7 13 15 0
3 7 14 0 0
3 7 14 1 0
3 7 14 2 0
3 7 14 3 0
3 7 14 4 0
3 7 14 5 0
3 7 14 6 9.825210476206931e-05
3 7 14 7 0
3 7 14 8 0
3 7 14 9 0
3 7 14 10 0
3 7 14 11 0
3 7 14 12 0
3 7 14 13 0
3 7 14 14 0
3 7 14 15 0
3 7 15 0 0
3 7 15 1 0
3 7 15 2 0
3 7 15 3 0
3 7 15 4 0
3 7 15 5 0
3 7 15 6 0
3 7 15 7 0
3 7 15 8 0
3 7 15 9 0
3 7 15 10 0
3 7 15 11 0
3 7 15 12 0
3 7 15 13 0
3 7 15 14 0
3 7 15 15 0
3 8 0 0 0
3 8 0 1 0
3 8 0 2 0
3 8 0 3 0
3 8 0 4 0
3 8 0 5 0
3 8 0 6 0
3 8 0 7 0
3 8 0 8 0
3 8 0 9 0
3 8 0 10 0
3 8 0 11 0
3 8 0 12 0
3 8 0 13 0
3 8 0 14 0
3 8 0 15 0
3 8 1 0 0
3 8 1 1 0
3 8 1 2 0
3 8 1 3 0
3 8 1 4 0
3 8 1 5 0
3 8 1 6 0
3 8 1 7 0
3 8 1 8 0
3 8 1 9 0
3 8 1 10 0
3 8 1 11 0
3 8 1 12 0
3 8 1 13 0
3 8 1 14 0
3 8 1 15 0
3 8 2 0 0
3 8 2 1 0
3 8 2 2 0
3 8 2 3 0
3 8 2 4 0
3 8 2 5 0
3 8 2 6 0
3 8 2 7 0
3 8 2 8 0
3 8 2 9 0
3 8 2 10 0
3 8 2 11 0
3 8 2 12 0
3 8 2 13 0
3 8 2 14 0
3 8 2 15 0
3 8 3 0 0
3 8 3 1 0
3 8 3 2 0
3 8 3 3 2.133162492287019e-17
3 8 3 4 0
3 8 3 5 0
3 8 3 6 0
3 8 3 7 0
3 8 3 8 2.70927666079099e-18
3 8 3 9 0
3 8 3 10 0
3 8 3 11 0
3 8 3 12 0
3 8 3 13 0
3 8 3 14 0
3 8 3 15 0
3 8 4 0 0
3 8 4 1 0
3 8 4 2 0
3 8 4 3 0
3 8 4 4 0
3 8 4 5 0
3 8 4 6 0
3 8 4 7 0
3 8 4 8 0
3 8 4 9 0
3 8 4 10 0
3 8 4 11 0
3 8 4 12 0
3 8 4 13 0
3 8 4 14 0
3 8 4 15 0
3 8 5 0 0
3 8 5 1 0
3 8 5 2 0
3 8 5 3 0
3 8 5 4 0
3 8 5 5 0
3 8 5 6 0
3 8 5 7 0
3 8 5 8 0
3 8 5 9 0
3 8 5 10 0
3 8 5 11 0
3 8 5 12 0
3 8 5 13 0
3 8 5 14 0
3 8 5 15 0
3 8 6 0 0
3 8 6 1 0
3 8 6 2 0
3 8 6 3 0
3 8 6 4 0
3 8 6 5 0
3 8 6 6 4.613340973017995e-19
3 8 6 7 0
3 8 6 8 0
3 8 6 9 0
3 8 6 10 0
3 8 6 11 0
3 8 6 12 0
3 8 6 13 -7.348056372870363e-20
3 8 6 14 0
3 8 6 15 0
3 8 7 0 0
3 8 7 1 0
3 8 7 2 0
3 8 7 3 0
3 8 7 4 0
3 8 7 5 0
3 8 7 6 0
3 8 7 7 0
3 8 7 8 0
3 8 7 9 0
3 8 7 10 0
3 8 7 11 0
3 8 7 12 0
3 8 7 13 0
3 8 7 14 0
3 8 7 15 0
3 8 8 0 0
3 8 8 1 0
3 8 8 2 0
3 8 8 3 2.702075012463288e-18
3 8 8 4 0
3 8 8 5 0
3 8 8 6 0
3 8 8 7 0
3 8 8 8 0
3 8 8 9 0
3 8 8 10 0
3 8 8 11 0
3 8 8 12 0
3 8 8 13 0
3 8 8 14 0
3 8 8 15 0
3 8 9 0 0
3 8 9 1 0
3 8 9 2 0
3 8 9 3 0
3 8 9 4 0
3 8 9 5 0
3 8 9 6 0
3 8 9 7 0
3 8 9 8 0
3 8 9 9 0
3 8 9 10 0
3 8 9 11 0
3 8 9 12 0
3 8 9 13 0
3 8 9 14 0
3 8 9 15 0
3 8 10 0 0
3 8 10 1 0
3 8 10 2 0
3 8 10 3 0
3 8 10 4 0
3 8 10 5 0
3 8 10 6 0
3 8 10 7 0
3 8 10 8 0
3 8 10 9 0
3 8 10 10 0
3 8 10 11 0
3 8 10 12 0
3 8 10 13 0
3 8 10 14 0
3 8 10 15 0
3 8 11 0 0
3 8 11 1 0
3 8 11 2 0
3 8 11 3 0
3 8 11 4 0
3 8 11 5 0
3 8 11 6 0
3 8 11 7 0
3 8 11 8 0
3 8 11 9 0
3 8 11 10 0
3 8 11 11 0
3 8 11 12 0
3 8 11 13 0
3 8 11 14 0
3 8 11 15 0
3 8 12 0 0
3 8 12 1 0
3 8 12 2 0
3 8 12 3 0
3 8 12 4 0
3 8 12 5 0
3 8 12 6 0
3 8 12 7 0
3 8 12 8 0
3 8 12 9 0
3 8 12 10 0
3 8 12 11 0
3 8 12 12 0
3 8 12 13 0
3 8 12 14 0
3 8 12 15 0
3 8 13 0 0
3 8 13 1 0
3 8 13 2 0
3 8 13 3 0
3 8 13 4 0
3 8 13 5 0
3 8 13 6 -6.460410316156512e-20
3 8 13 7 0
3 8 13 8 0
3 8 13 9 0
3 8 13 10 0
3 8 13 11 0
3 8 13 12 0
3 8 13 13 0
3 8 13 14 0
3 8 13 15 0
3 8 14 0 0
3 8 14 1 0
3 8 14 2 0
3 8 14 3 0
3 8 14 4 0
3 8 14 5 0
3 8 14 6 0
3 8 14 7 0
3 8 14 8 0
3 8 14 9 0
3 8 14 10 0
3 8 14 11 0
3 8 14 12 0
3 8 14 13 0
3 8 14 14 0
3 8 14 15 0
3 8 15 0 0
3 8 15 1 0
3 8 15 2 0
3 8 15 3 0
3 8 15 4 0
3 8 15 5 0
3 8 15 6 0
3 8 15 7 0
3 8 15 8 0
3 8 15 9 0
3 8 15 10 0
3 8 15 11 0
3 8 15 12 0
3 8 15 13 0
3 8 15 14 0
3 8 15 15 0
3 9 0 0 0
3 9 0 1 0
3 9 0 2 0
3 9 0 3 0
3 9 0 4 0
3 9 0 5 0
3 9 0 6 0
3 9 0 7 0
3 9 0 8 0
3 9 0 9 0
3 9 0 10 0
3 9 0 11 0
3 9 0 12 0
3 9 0 13 0
3 9 0 14 0
3 9 0 15 0
3 9 1 0 0
3 9 1 1 0
3 9 1 2 0
3 9 1 3 0
3 9 1 4 0
3 9 1 5 0
3 9 1 6 0
3 9 1 7 0
3 9 1 8 0
3 9 1 9 0
3 9 1 10 0
3 9 1 11 0
3 9 1 12 0
3 9 1 13 0
3 9 1 14 0
3 9 1 15 0
3 9 2 0 0
3 9 2 1 0
3 9 2 2 0
3 9 2 3 0
3 9 2 4 0
3 9 2 5 0
3 9 2 6 0
3 9 2 7 0
3 9 2 8 0
3 9 2 9 0
3 9 2 10 0
3 9 2 11 0
3 9 2 12 0
3 9 2 13 0
3 9 2 14 0
3 9 2 15 0
3 9 3 0 0
3 9 3 1 0
3 9 3 2 0
3 9 3 3 0
3 9 3 4 0.01004127042988527
3 9 3 5 0
3 9 3 6 0
3 9 3 7 0
3 9 3 8 0
3 9 3 9 0.0008515352162258957
3 9 3 10 0
3 9 3 11 0
3 9 3 12 0
3 9 3 13 0
3 9 3 14 0
3 9 3 15 0
3 9 4 0 0
3 9 4 1 0
3 9 4 2 0
3 9 4 3 -0.01004127042988526
3 9 4 4 0
3 9 4 5 0
3 9 4 6 0
3 9 4 7 0
3 9 4 8 -0.0007533828639158829
3 9 4 9 0
3 9 4 10 0
3 9 4 11 0
3 9 4 12 0
3 9 4 13 0
3 9 4 14 0
3 9 4 15 0
3 9 5 0 0
3 9 5 1 0
3 9 5 2 0
3 9 5 3 0
3 9 5 4 0
3 9 5 5 0
3 9 5 6 7.58242230004819e-18
3 9 5 7 0
3 9 5 8 0
3 9 5 9 0
3 9 5 10 0
3 9 5 11 0
3 9 5 12 0
3 9 5 13 3.869159085253416e-19
3 9 5 14 0
3 9 5 15 0
3 9 6 0 0
3 9 6 1 0
3 9 6 2 0
3 9 6 3 0
3 9 6 4 0
3 9 6 5 -6.187329916577856e-18
3 9 6 6 0
3 9 6 7 0
3 9 6 8 0
3 9 6 9 0
3 9 6 10 0
3 9 6 11 0
3 9 6 12 -1.101818356878885e-18
3 9 6 13 0
3 9 6 14 0
3 9 6 15 0
3 9 7 0 0
3 9 7 1 0
3 9 7 2 0
3 9 7 3 0
3 9 7 4 0
3 9 7 5 0
3 9 7 6 0
3 9 7 7 0
3 9 7 8 0
3 9 7 9 0
3 9 7 10 0
3 9 7 11 0
3 9 7 12 0
3 9 7 13 0
3 9 7 14 0
3 9 7 15 0
3 9 8 0 0
3 9 8 1 0
3 9 8 2 0
3 9 8 3 0
3 9 8 4 0.0007533828639158843
3 9 8 5 0
3 9 8 6 0
3 9 8 7 0
3 9 8 8 0
3 9 8 9 0
3 9 8 10 0
3 9 8 11 0
3 9 8 12 0
3 9 8 13 0
3 9 8 14 0
3 9 8 15 0
3 9 9 0 0
3 9 9 1 0
3 9 9 2 0
3 9 9 3 -0.0008515352162258947
3 9 9 4 0
3 9 9 5 0
3 9 9 6 0
3 9 9 7 0
3 9 9 8 0
3 9 9 9 0
3 9 9 10 0
3 9 9 11 0
3 9 9 12 0
3 9 9 13 0
3 9 9 14 0
3 9 9 15 0
3 9 10 0 0
3 9 10 1 0
3 9 10 2 0
3 9 10 3 0
3 9 10 4 0
3 9 10 5 0
3 9 10 6 0
3 9 10 7 0
3 9 10 8 0
3 9 10 9 0
3 9 10 10 0
3 9 10 11 0
3 9 10 12 0
3 9 10 13 0
3 9 10 14 0
3 9 10 15 0
3 9 11 0 0
3 9 11 1 0
3 9 11 2 0
3 9 11 3 0
3 9 11 4 0
3 9 11 5 0
3 9 11 6 0
3 9 11 7 0
3 9 11 8 0
3 9 11 9 0
3 9 11 10 0
3 9 11 11 0
3 9 11 12 0
3 9 11 13 0
3 9 11 14 0
3 9 11 15 0
3 9 12 0 0
3 9 12 1 0
3 9 12 2 0
3 9 12 3 0
3 9 12 4 0
3 9 12 5 0
3 9 12 6 5.271469063854737e-19
3 9 12 7 0
3 9 12 8 0
3 9 12 9 0
3 9 12 10 0
3 9 12 11 0
3 9 12 12 0
3 9 12 13 0
3 9 12 14 0
3 9 12 15 0
3 9 13 0 0
3 9 13 1 0
3 9 13 2 0
3 9 13 3 0
3 9 13 4 0
3 9 13 5 -3.529652310561309e-19
3 9 13 6 0
3 9 13 7 0
3 9 13 8 0
3 9 13 9 0
3 9 13 10 0
3 9 13 11 0
3 9 13 12 0
3 9 13 13 0
3 9 13 14 0
3 9 13 15 0
3 9 14 0 0
3 9 14 1 0
3 9 14 2 0
3 9 14 3 0
3 9 14 4 0
3 9 14 5 0
3 9 14 6 0
3 9 14 7 0
3 9 14 8 0
3 9 14 9 0
3 9 14 10 0
3 9 14 11 0
3 9 14 12 0
3 9 14 13 0
3 9 14 14 0
3 9 14 15 0
3 9 15 0 0
3 9 15 1 0
3 9 15 2 0
3 9 15 3 0
3 9 15 4 0
3 9 15 5 0
3 9 15 6 0
3 9 15 7 0
3 9 15 8 0
3 9 15 9 0
3 9 15 10 0
3 9 15 11 0
3 9 15 12 0
3 9 15 13 0
3 9 15 14 0
3 9 15 15 0
3 10 0 0 0
3 10 0 1 0
3 10 0 2 0
3 10 0 3 0
3 10 0 4 0
3 10 0 5 0
3 10 0 6 0
3 10 0 7 0
3 10 0 8 0
3 10 0 9 0
3 10 0 10 0
3 10 0 11 0
3 10 0 12 0
3 10 0 13 0
3 10 0 14 0
3 10 0 15 0
3 10 1 0 0
3 10 1 1 0
3 10 1 2 0
3 10 1 3 0
3 10 1 4 0
3 10 1 5 0
3 10 1 6 0
3 10 1 7 0
3 10 1 8 0
3 10 1 9 0
3 10 1 10 0
3 10 1 11 0
3 10 1 12 0
3 10 1 13 0
3 10 1 14 0
3 10 1 15 0
3 10 2 0 0
3 10 2 1 0
3 10 2 2 0
3 10 2 3 0
3 10 2 4 0
3 10 2 5 0
3 10 2 6 0
3 10 2 7 0
3 10 2 8 0
3 10 2 9 0
3 10 2 10 0
3 10 2 11 0
3 10 2 12 0
3 10 2 13 0
3 10 2 14 0
3 10 2 15 0
3 10 3 0 0
3 10 3 1 0
3 10 3 2 0
3 10 3 3 0
3 10 3 4 0
3 10 3 5 0
3 10 3 6 0
3 10 3 7 0
3 10 3 8 0
3 10 3 9 0
3 10 3 10 0
3 10 3 11 0
3 10 3 12 0
3 10 3 13 0
3 10 3 14 0
3 10 3 15 0
3 10 4 0 0
3 10 4 1 0
3 10 4 2 0
3 10 4 3 0
3 10 4 4 0
3 10 4 5 0
3 10 4 6 0
3 10 4 7 0
3 10 4 8 0
3 10 4 9 0
3 10 4 10 0
3 10 4 11 0
3 10 4 12 0
3 10 4 13 0
3 10 4 14 0
3 10 4 15 0
3 10 5 0 0
3 10 5 1 0
3 10 5 2 0
3 10 5 3 0
3 10 5 4 0
3 10 5 5 0
3 10 5 6 0
3 10 5 7 0
3 10 5 8 0
3 10 5 9 0
3 10 5 10 0
3 10 5 11 0
3 10 5 12 0
3 10 5 13 0
3 10 5 14 0
3 10 5 15 0
3 10 6 0 0
3 10 6 1 0
3 10 6 2 0
3 10 6 3 0
3 10 6 4 0
3 10 6 5 0
3 10 6 6 0
3 10 6 7 0
3 10 6 8 0
3 10 6 9 0
3 10 6 10 0
3 10 6 11 0
3 10 6 12 0
3 10 6 13 0
3 10 6 14 0
3 10 6 15 0
3 10 7 0 0
3 10 7 1 0
3 10 7 2 0
3 10 7 3 0
3 10 7 4 0
3 10 7 5 0
3 10 7 6 0
3 10 7 7 0
3 10 7 8 0
3 10 7 9 0
3 10 7 10 0
3 10 7 11 0
3 10 7 12 0
3 10 7 13 0
3 10 7 14 0
3 10 7 15 0
3 10 8 0 0
3 10 8 1 0
3 10 8 2 0
3 10 8 3 0
3 10 8 4 0
3 10 8 5 0
3 10 8 6 0
3 10 8 7 0
3 10 8 8 0
3 10 8 9 0
3 10 8 10 0
3 10 8 11 0
3 10 8 12 0
3 10 8 13 0
3 10 8 14 0
3 10 8 15 0
3 10 9 0 0
3 10 9 1 0
3 10 9 2 0
3 10 9 3 0
3 10 9 4 0
3 10 9 5 0
3 10 9 6 0
3 10 9 7 0
3 10 9 8 0
3 10 9 9 0
3 10 9 10 0
3 10 9 11 0
3 10 9 12 0
3 10 9 13 0
3 10 9 14 0
3 10 9 15 0
3 10 10 0 0
3 10 10 1 0
3 10 10 2 0
3 10 10 3 0
3 10 10 4 0
3 10 10 5 0
3 10 10 6 0
3 10 10 7 0
3 10 10 8 0
3 10 10 9 0
3 10 10 10 0
3 10 10 11 0
3 10 10 12 0
3 10 10 13 0
3 10 10 14 0
3 10 10 15 0
3 10 11 0 0
3 10 11 1 0
3 10 11 2 0
3 10 11 3 0
3 10 11 4 0
3 10 11 5 0
3 10 11 6 0
3 10 11 7 0
3 10 11 8 0
3 10 11 9 0
3 10 11 10 0
3 10 11 11 0
3 10 11 12 0
3 10 11 13 0
3 10 11 14 0
3 10 11 15 0
3 10 12 0 0
3 10 12 1 0
3 10 12 2 0
3 10 12 3 0
3 10 12 4 0
3 10 12 5 0
3 10 12 6 0
3 10 12 7 0
3 10 12 8 0
3 10 12 9 0
3 10 12 10 0
3 10 12 11 0
3 10 12 12 0
3 10 12 13 0
3 10 12 14 0
3 10 12 15 0
3 10 13 0 0
3 10 13 1 0
3 10 13 2 0
3 10 13 3 0
3 10 13 4 0
3 10 13 5 0
3 10 13 6 0
3 10 13 7 0
3 10 13 8 0
3 10 13 9 0
3 10 13 10 0
3 10 13 11 0
3 10 13 12 0
3 10 13 13 0
3 10 13 14 0
3 10 13 15 0
3 10 14 0 0
3 10 14 1 0
3 10 14 2 0
3 10 14 3 0
3 10 14 4 0
3 10 14 5 0
3 10 14 6 0
3 10 14 7 0
3 10 14 8 0
3 10 14 9 0
3 10 14 10 0
3 10 14 11 0
3 10 14 12 0
3 10 14 13 0
3 10 14 14 0
3 10 14 15 0
3 10 15 0 0
3 10 15 1 0
3 10 15 2 0
3 10 15 3 0
3 10 15 4 0
3 10 15 5 0
3 10 15 6 0
3 10 15 7 0
3 10 15 8 0
3 10 15 9 0
3 10 15 10 0
3 10 15 11 0
3 10 15 12 0
3 10 15 13 0
3 10 15 14 0
3 10 15 15 0
3 11 0 0 0
3 11 0 1 0
3 11 0 2 0
3 11 0 3 -0.001936747616294514
3 11 0 4 0
3 11 0 5 0
3 11 0 6 0
3 11 0 7 0
3 11 0 8 -0.0001314830633689367
3 11 0 9 0
3 11 0 10 0
3 11 0 11 0
3 11 0 12 0
3 11 0 13 0
3 11 0 14 0
3 11 0 15 0
3 11 1 0 0
3 11 1 1 0
3 11 1 2 0
3 11 1 3 0
3 11 1 4 0
3 11 1 5 0
3 11 1 6 0
3 11 1 7 0
3 11 1 8 0
3 11 1 9 0
3 11 1 10 0
3 11 1 11 0
3 11 1 12 0
3 11 1 13 0
3 11 1 14 0
3 11 1 15 0
3 11 2 0 0
3 11 2 1 0
3 11 2 2 0
3 11 2 3 0.0002844996052684222
3 11 2 4 0
3 11 2 5 0
3 11 2 6 0
3 11 2 7 0
3 11 2 8 2.134561845502522e-05
3 11 2 9 0
3 11 2 10 0
3 11 2 11 0
3 11 2 12 0
3 11 2 13 0
3 11 2 14 0
3 11 2 15 0
3 11 3 0 -0.002220143575202455
3 11 3 1 0
3 11 3 2 -0.002223322100579554
3 11 3 3 0
3 11 3 4 0
3 11 3 5 0
3 11 3 6 0
3 11 3 7 0
3 11 3 8 0
3 11 3 9 0
3 11 3 10 0
3 11 3 11 0.0001988415723360367
3 11 3 12 0
3 11 3 13 0
3 11 3 14 -0.0001327087952273341
3 11 3 15 0
3 11 4 0 0
3 11 4 1 0
3 11 4 2 0
3 11 4 3 0
3 11 4 4 0
3 11 4 5 0
3 11 4 6 0
3 11 4 7 0
3 11 4 8 0
3 11 4 9 0
3 11 4 10 0
3 11 4 11 0
3 11 4 12 0
3 11 4 13 0
3 11 4 14 0
3 11 4 15 0
3 11 5 0 0
3 11 5 1 0
3 11 5 2 0
3 11 5 3 0
3 11 5 4 0
3 11 5 5 0
3 11 5 6 0
3 11 5 7 0
3 11 5 8 0
3 11 5 9 0
3 11 5 10 0
3 11 5 11 0
3 11 5 12 0
3 11 5 13 0
3 11 5 14 0
3 11 5 15 0
3 11 6 0 0
3 11 6 1 0
3 11 6 2 0
3 11 6 3 0
3 11 6 4 0
3 11 6 5 0
3 11 6 6 0
3 11 6 7 0.004365908650718031
3 11 6 8 0
3 11 6 9 0
3 11 6 10 0
3 11 6 11 0
3 11 6 12 0
3 11 6 13 0
3 11 6 14 0
3 11 6 15 0
3 11 7 0 0
3 11 7 1 0
3 11 7 2 0
3 11 7 3 0
3 11 7 4 0
3 11 7 5 0
3 11 7 6 -0.001166761813281624
3 11 7 7 0
3 11 7 8 0
3 11 7 9 0
3 11 7 10 0
3 11 7 11 0
3 11 7 12 0
3 11 7 13 0
3 11 7 14 0
3 11 7 15 0
3 11 8 0 -0.0001468000656992864
3 11 8 1 0
3 11 8 2 -0.0001668128334196487
3 11 8 3 0
3 11 8 4 0
3 11 8 5 0
3 11 8 6 0
3 11 8 7 0
3 11 8 8 0
3 11 8 9 0
3 11 8 10 0
3 11 8 11 0
3 11 8 12 0
3 11 8 13 0
3 11 8 14 0
3 11 8 15 0
3 11 9 0 0
3 11 9 1 0
3 11 9 2 0
3 11 9 3 0
3 11 9 4 0
3 11 9 5 0
3 11 9 6 0
3 11 9 7 0
3 11 9 8 0
3 11 9 9 0
3 11 9 10 0
3 11 9 11 0
3 11 9 12 0
3 11 9 13 0
3 11 9 14 0
3 11 9 15 0
3 11 10 0 0
3 11 10 1 0
3 11 10 2 0
3 11 10 3 0
3 11 10 4 0
3 11 10 5 0
3 11 10 6 0
3 11 10 7 0
3 11 10 8 0
3 11 10 9 0
3 11 10 10 0
3 11 10 11 0
3 11 10 12 0
3 11 10 13 0
3 11 10 14 0
3 11 10 15 0
3 11 11 0 0
3 11 11 1 0
3 11 11 2 0
3 11 11 3 -3.871799402798422e-05
3 11 11 4 0
3 11 11 5 0
3 11 11 6 0
3 11 11 7 0
3 11 11 8 0
3 11 11 9 0
3 11 11 10 0
3 11 11 11 0
3 11 11 12 0
3 11 11 13 0
3 11 11 14 0
3 11 11 15 0
3 11 12 0 0
3 11 12 1 0
3 11 12 2 0
3 11 12 3 0
3 11 12 4 0
3 11 12 5 0
3 11 12 6 0
3 11 12 7 0
3 11 12 8 0
3 11 12 9 0
3 11 12 10 0
3 11 12 11 0
3 11 12 12 0
3 11 12 13 0
3 11 12 14 0
3 11 12 15 0
3 11 13 0 0
3 11 13 1 0
3 11 13 2 0
3 11 13 3 0
3 11 13 4 0
3 11 13 5 0
3 11 13 6 0
3 11 13 7 0
3 11 13 8 0
3 11 13 9 0
3 11 13 10 0
3 11 13 11 0
3 11 13 12 0
3 11 13 13 0
3 11 13 14 0
3 11 13 15 0
3 11 14 0 0
3 11 14 1 0
3 11 14 2 0
3 11 14 3 0.0001334688093256039
3 11 14 4 0
3 11 14 5 0
3 11 14 6 0
3 11 14 7 0
3 11 14 8 0
3 11 14 9 0
3 11 14 10 0
3 11 14 11 0
3 11 14 12 0
3 11 14 13 0
3 11 14 14 0
3 11 14 15 0
3 11 15 0 0
3 11 15 1 0
3 11 15 2 0
3 11 15 3 0
3 11 15 4 0
3 11 15 5 0
3 11 15 6 0
3 11 15 7 0
3 11 15 8 0
3 11 15 9 0
3 11 15 10 0
3 11 15 11 0
3 11 15 12 0
3 11 15 13 0
3 11 15 14 0
3 11 15 15 0
3 12 0 0 0
3 12 0 1 0
3 12 0 2 0
3 12 0 3 0
3 12 0 4 0
3 12 0 5 0
3 12 0 6 0
3 12 0 7 0
3 12 0 8 0
3 12 0 9 0
3 12 0 10 0
3 12 0 11 0
3 12 0 12 0
3 12 0 13 0
3 12 0 14 0
3 12 0 15 0
3 12 1 0 0
3 12 1 1 0
3 12 1 2 0
3 12 1 3 0
3 12 1 4 0
3 12 1 5 0
3 12 1 6 0
3 12 1 7 0
3 12 1 8 0
3 12 1 9 0
3 12 1 10 0
3 12 1 11 0
3 12 1 12 0
3 12 1 13 0
3 12 1 14 0
3 12 1 15 0
3 12 2 0 0
3 12 2 1 0
3 12 2 2 0
3 12 2 3 0
3 12 2 4 0
3 12 2 5 0
3 12 2 6 0
3 12 2 7 0
3 12 2 8 0
3 12 2 9 0
3 12 2 10 0
3 12 2 11 0
3 12 2 12 0
3 12 2 13 0
3 12 2 14 0
3 12 2 15 0
3 12 3 0 0
3 12 3 1 0
3 12 3 2 0
3 12 3 3 0
3 12 3 4 0
3 12 3 5 0.009198659206302019
3 12 3 6 0
3 12 3 7 0
3 12 3 8 0
3 12 3 9 0
3 12 3 10 0
3 12 3 11 0
3 12 3 12 0.0007146186479488627
3 12 3 13 0
3 12 3 14 0
3 12 3 15 0
3 12 4 0 0
3 12 4 1 0
3 12 4 2 0
3 12 4 3 0
3 12 4 4 0
3 12 4 5 0
3 12 4 6 3.431898328817688e-18
3 12 4 7 0
3 12 4 8 0
3 12 4 9 0
3 12 4 10 0
3 12 4 11 0
3 12 4 12 0
3 12 4 13 -2.404065443846531e-19
3 12 4 14 0
3 12 4 15 0
3 12 5 0 0
3 12 5 1 0
3 12 5 2 0
3 12 5 3 -0.009198659206302006
3 12 5 4 0
3 12 5 5 0
3 12 5 6 0
3 12 5 7 0
3 12 5 8 -0.0006901628897877607
3 12 5 9 0
3 12 5 10 0
3 12 5 11 0
3 12 5 12 0
3 12 5 13 0
3 12 5 14 0
3 12 5 15 0
3 12 6 0 0
3 12 6 1 0
3 12 6 2 0
3 12 6 3 0
3 12 6 4 -1.521928820629794e-18
3 12 6 5 0
3 12 6 6 0
3 12 6 7 0
3 12 6 8 0
3 12 6 9 -1.386256783479308e-18
3 12 6 10 0
3 12 6 11 0
3 12 6 12 0
3 12 6 13 0
3 12 6 14 0
3 12 6 15 0
3 12 7 0 0
3 12 7 1 0
3 12 7 2 0
3 12 7 3 0
3 12 7 4 0
3 12 7 5 0
3 12 7 6 0
3 12 7 7 0
3 12 7 8 0
3 12 7 9 0
3 12 7 10 0
3 12 7 11 0
3 12 7 12 0
3 12 7 13 0
3 12 7 14 0
3 12 7 15 0
3 12 8 0 0
3 12 8 1 0
3 12 8 2 0
3 12 8 3 0
3 12 8 4 0
3 12 8 5 0.0006901628897877613
3 12 8 6 0
3 12 8 7 0
3 12 8 8 0
3 12 8 9 0
3 12 8 10 0
3 12 8 11 0
3 12 8 12 0
3 12 8 13 0
3 12 8 14 0
3 12 8 15 0
3 12 9 0 0
3 12 9 1 0
3 12 9 2 0
3 12 9 3 0
3 12 9 4 0
3 12 9 5 0
3 12 9 6 1.189126883600738e-18
3 12 9 7 0
3 12 9 8 0
3 12 9 9 0
3 12 9 10 0
3 12 9 11 0
3 12 9 12 0
3 12 9 13 0
3 12 9 14 0
3 12 9 15 0
3 12 10 0 0
3 12 10 1 0
3 12 10 2 0
3 12 10 3 0
3 12 10 4 0
3 12 10 5 0
3 12 10 6 0
3 12 10 7 0
3 12 10 8 0
3 12 10 9 0
3 12 10 10 0
3 12 10 11 0
3 12 10 12 0
3 12 10 13 0
3 12 10 14 0
3 12 10 15 0
3 12 11 0 0
3 12 11 1 0
3 12 11 2 0
3 12 11 3 0
3 12 11 4 0
3 12 11 5 0
3 12 11 6 0
3 12 11 7 0
3 12 11 8 0
3 12 11 9 0
3 12 11 10 0
3 12 11 11 0
3 12 11 12 0
3 12 11 13 0
3 12 11 14 0
3 12 11 15 0
3 12 12 0 0
3 12 12 1 0
3 12 12 2 0
3 12 12 3 -0.000714618647948861
3 12 12 4 0
3 12 12 5 0
3 12 12 6 0
3 12 12 7 0
3 12 12 8 0
3 12 12 9 0
3 12 12 10 0
3 12 12 11 0
3 12 12 12 0
3 12 12 13 0
3 12 12 14 0
3 12 12 15 0
3 12 13 0 0
3 12 13 1 0
3 12 13 2 0
3 12 13 3 0
3 12 13 4 7.908582588258175e-19
3 12 13 5 0
3 12 13 6 0
3 12 13 7 0
3 12 13 8 0
3 12 13 9 0
3 12 13 10 0
3 12 13 11 0
3 12 13 12 0
3 12 13 13 0
3 12 13 14 0
3 12 13 15 0
3 12 14 0 0
3 12 14 1 0
3 12 14 2 0
3 12 14 3 0
3 12 14 4 0
3 12 14 5 0
3 12 14 6 0
3 12 14 7 0
3 12 14 8 0
3 12 14 9 0
3 12 14 10 0
3 12 14 11 0
3 12 14 12 0
3 12 14 13 0
3 12 14 14 0
3 12 14 15 0
3 12 15 0 0
3 12 15 1 0
3 12 15 2 0
3 12 15 3 0
3 12 15 4 0
3 12 15 5 0
3 12 15 6 0
3 12 15 7 0
3 12 15 8 0
3 12 15 9 0
3 12 15 10 0
3 12 15 11 0
3 12 15 12 0
3 12 15 13 0
3 12 15 14 0
3 12 15 15 0
3 13 0 0 0
3 13 0 1 0
3 13 0 2 0
3 13 0 3 0
3 13 0 4 0
3 13 0 5 0
3 13 0 6 0
3 13 0 7 0
3 13 0 8 0
3 13 0 9 0
3 13 0 10 0
3 13 0 11 0
3 13 0 12 0
3 13 0 13 0
3 13 0 14 0
3 13 0 15 0
3 13 1 0 0
3 13 1 1 0
3 13 1 2 0
3 13 1 3 0
3 13 1 4 0
3 13 1 5 0
3 13 1 6 0
3 13 1 7 0
3 13 1 8 0
3 13 1 9 0
3 13 1 10 0
3 13 1 11 0
3 13 1 12 0
3 13 1 13 0
3 13 1 14 0
3 13 1 15 0
3 13 2 0 0
3 13 2 1 0
3 13 2 2 0
3 13 2 3 0
3 13 2 4 0
3 13 2 5 0
3 13 2 6 0
3 13 2 7 0
3 13 2 8 0
3 13 2 9 0
3 13 2 10 0
3 13 2 11 0
3 13 2 12 0
3 13 2 13 0
3 13 2 14 0
3 13 2 15 0
3 13 3 0 0
3 13 3 1 0
3 13 3 2 0
3 13 3 3 0
3 13 3 4 0
3 13 3 5 0
3 13 3 6 0.008229363222880381
3 13 3 7 0
3 13 3 8 0
3 13 3 9 0
3 13 3 10 0
3 13 3 11 0
3 13 3 12 0
3 13 3 13 0.0005719495847565321
3 13 3 14 0
3 13 3 15 0
3 13 4 0 0
3 13 4 1 0
3 13 4 2 0
3 13 4 3 0
3 13 4 4 0
3 13 4 5 0
3 13 4 6 0
3 13 4 7 0
3 13 4 8 0
3 13 4 9 0
3 13 4 10 0
3 13 4 11 0
3 13 4 12 0
3 13 4 13 0
3 13 4 14 0
3 13 4 15 0
3 13 5 0 0
3 13 5 1 0
3 13 5 2 0
3 13 5 3 0
3 13 5 4 0
3 13 5 5 0
3 13 5 6 0
3 13 5 7 0
3 13 5 8 0
3 13 5 9 0
3 13 5 10 0
3 13 5 11 0
3 13 5 12 0
3 13 5 13 0
3 13 5 14 0
3 13 5 15 0
3 13 6 0 0
3 13 6 1 0
3 13 6 2 0
3 13 6 3 -0.008229363222880377
3 13 6 4 0
3 13 6 5 0
3 13 6 6 0
3 13 6 7 0
3 13 6 8 -0.0006174379304241597
3 13 6 9 0
3 13 6 10 0
3 13 6 11 0
3 13 6 12 0
3 13 6 13 0
3 13 6 14 0
3 13 6 15 0
3 13 7 0 0
3 13 7 1 0
3 13 7 2 0
3 13 7 3 0
3 13 7 4 0
3 13 7 5 0
3 13 7 6 0
3 13 7 7 0
3 13 7 8 0
3 13 7 9 0
3 13 7 10 0
3 13 7 11 0
3 13 7 12 0
3 13 7 13 0
3 13 7 14 0
3 13 7 15 0
3 13 8 0 0
3 13 8 1 0
3 13 8 2 0
3 13 8 3 0
3 13 8 4 0
3 13 8 5 0
3 13 8 6 0.0006174379304241597
3 13 8 7 0
3 13 8 8 0
3 13 8 9 0
3 13 8 10 0
3 13 8 11 0
3 13 8 12 0
3 13 8 13 0
3 13 8 14 0
3 13 8 15 0
3 13 9 0 0
3 13 9 1 0
3 13 9 2 0
3 13 9 3 0
3 13 9 4 0
3 13 9 5 0
3 13 9 6 0
3 13 9 7 0
3 13 9 8 0
3 13 9 9 0
3 13 9 10 0
3 13 9 11 0
3 13 9 12 0
3 13 9 13 0
3 13 9 14 0
3 13 9 15 0
3 13 10 0 0
3 13 10 1 0
3 13 10 2 0
3 13 10 3 0
3 13 10 4 0
3 13 10 5 0
3 13 10 6 0
3 13 10 7 0
3 13 10 8 0
3 13 10 9 0
3 13 10 10 0
3 13 10 11 0
3 13 10 12 0
3 13 10 13 0
3 13 10 14 0
3 13 10 15 0
3 13 11 0 0
3 13 11 1 0
3 13 11 2 0
3 13 11 3 0
3 13 11 4 0
3 13 11 5 0
3 13 11 6 0
3 13 11 7 0
3 13 11 8 0
3 13 11 9 0
3 13 11 10 0
3 13 11 11 0
3 13 11 12 0
3 13 11 13 0
3 13 11 14 0
3 13 11 15 0
3 13 12 0 0
3 13 12 1 0
3 13 12 2 0
3 13 12 3 0
3 13 12 4 0
3 13 12 5 0
3 13 12 6 0
3 13 12 7 0
3 13 12 8 0
3 13 12 9 0
3 13 12 10 0
3 13 12 11 0
3 13 12 12 0
3 13 12 13 0
3 13 12 14 0
3 13 12 15 0
3 13 13 0 0
3 13 13 1 0
3 13 13 2 0
3 13 13 3 -0.0005719495847565302
3 13 13 4 0
3 13 13 5 0
3 13 13 6 0
3 13 13 7 0
3 13 13 8 0
3 13 13 9 0
3 13 13 10 0
3 13 13 11 0
3 13 13 12 0
3 13 13 13 0
3 13 13 14 0
3 13 13 15 0
3 13 14 0 0
3 13 14 1 0
3 13 14 2 0
3 13 14 3 0
3 13 14 4 0
3 13 14 5 0
3 13 14 6 0
3 13 14 7 0
3 13 14 8 0
3 13 14 9 0
3 13 14 10 0
3 13 14 11 0
3 13 14 12 0
3 13 14 13 0
3 13 14 14 0
3 13 14 15 0
3 13 15 0 0
3 13 15 1 0
3 13 15 2 0
3 13 15 3 0
3 13 15 4 0
3 13 15 5 0
3 13 15 6 0
3 13 15 7 0
3 13 15 8 0
3 13 15 9 0
3 13 15 10 0
3 13 15 11 0
3 13 15 12 0
3 13 15 13 0
3 13 15 14 0
3 13 15 15 0
3 14 0 0 0
3 14 0 1 0
3 14 0 2 0
3 14 0 3 0
3 14 0 4 0
3 14 0 5 0
3 14 0 6 0
3 14 0 7 0
3 14 0 8 0
3 14 0 9 0
3 14 0 10 0
3 14 0 11 0
3 14 0 12 0
3 14 0 13 0
3 14 0 14 0
3 14 0 15 0
3 14 1 0 0
3 14 1 1 0
3 14 1 2 0
3 14 1 3 0
3 14 1 4 0
3 14 1 5 0
3 14 1 6 0
3 14 1 7 0
3 14 1 8 0
3 14 1 9 0
3 14 1 10 0
3 14 1 11 0
3 14 1 12 0
3 14 1 13 0
3 14 1 14 0
3 14 1 15 0
3 14 2 0 0
3 14 2 1 0
3 14 2 2 0
3 14 2 3 -0.0008766462328166891
3 14 2 4 0
3 14 2 5 0
3 14 2 6 0
3 14 2 7 0
3 14 2 8 -6.577357458224095e-05
3 14 2 9 0
3 14 2 10 0
3 14 2 11 0
3 14 2 12 0
3 14 2 13 0
3 14 2 14 0
3 14 2 15 0
3 14 3 0 0
3 14 3 1 0
3 14 3 2 0.0008302312373619394
3 14 3 3 0
3 14 3 4 0
3 14 3 5 0
3 14 3 6 0
3 14 3 7 0
3 14 3 8 0
3 14 3 9 0
3 14 3 10 0
3 14 3 11 -0.0001327087952273341
3 14 3 12 0
3 14 3 13 0
3 14 3 14 0.0004913239519447532
3 14 3 15 0
3 14 4 0 0
3 14 4 1 0
3 14 4 2 0
3 14 4 3 0
3 14 4 4 0
3 14 4 5 0
3 14 4 6 0
3 14 4 7 0
3 14 4 8 0
3 14 4 9 0
3 14 4 10 0
3 14 4 11 0
3 14 4 12 0
3 14 4 13 0
3 14 4 14 0
3 14 4 15 0
3 14 5 0 0
3 14 5 1 0
3 14 5 2 0
3 14 5 3 0
3 14 5 4 0
3 14 5 5 0
3 14 5 6 0
3 14 5 7 0
3 14 5 8 0
3 14 5 9 0
3 14 5 10 0
3 14 5 11 0
3 14 5 12 0
3 14 5 13 0
3 14 5 14 0
3 14 5 15 0
3 14 6 0 0
3 14 6 1 0
3 14 6 2 0
3 14 6 3 0
3 14 6 4 0
3 14 6 5 0
3 14 6 6 0
3 14 6 7 -0.01257554024186362
3 14 6 8 0
3 14 6 9 0
3 14 6 10 0
3 14 6 11 0
3 14 6 12 0
3 14 6 13 0
3 14 6 14 0
3 14 6 15 0
3 14 7 0 0
3 14 7 1 0
3 14 7 2 0
3 14 7 3 0
3 14 7 4 0
3 14 7 5 0
3 14 7 6 0.0126521271322457
3 14 7 7 0
3 14 7 8 0
3 14 7 9 0
3 14 7 10 0
3 14 7 11 0
3 14 7 12 0
3 14 7 13 0
3 14 7 14 0
3 14 7 15 0
3 14 8 0 0
3 14 8 1 0
3 14 8 2 6.229112059910079e-05
3 14 8 3 0
3 14 8 4 0
3 14 8 5 0
3 14 8 6 0
3 14 8 7 0
3 14 8 8 0
3 14 8 9 0
3 14 8 10 0
3 14 8 11 0
3 14 8 12 0
3 14 8 13 0
3 14 8 14 0
3 14 8 15 0
3 14 9 0 0
3 14 9 1 0
3 14 9 2 0
3 14 9 3 0
3 14 9 4 0
3 14 9 5 0
3 14 9 6 0
3 14 9 7 0
3 14 9 8 0
3 14 9 9 0
3 14 9 10 0
3 14 9 11 0
3 14 9 12 0
3 14 9 13 0
3 14 9 14 0
3 14 9 15 0
3 14 10 0 0
3 14 10 1 0
3 14 10 2 0
3 14 10 3 0
3 14 10 4 0
3 14 10 5 0
3 14 10 6 0
3 14 10 7 0
3 14 10 8 0
3 14 10 9 0
3 14 10 10 0
3 14 10 11 0
3 14 10 12 0
3 14 10 13 0
3 14 10 14 0
3 14 10 15 0
3 14 11 0 0
3 14 11 1 0
3 14 11 2 0
3 14 11 3 0.0001334688093256039
3 14 11 4 0
3 14 11 5 0
3 14 11 6 0
3 14 11 7 0
3 14 11 8 0
3 14 11 9 0
3 14 11 10 0
3 14 11 11 0
3 14 11 12 0
3 14 11 13 0
3 14 11 14 0
3 14 11 15 0
3 14 12 0 0
3 14 12 1 0
3 14 12 2 0
3 14 12 3 0
3 14 12 4 0
3 14 12 5 0
3 14 12 6 0
3 14 12 7 0
3 14 12 8 0
3 14 12 9 0
3 14 12 10 0
3 14 12 11 0
3 14 12 12 0
3 14 12 13 0
3 14 12 14 0
3 14 12 15 0
3 14 13 0 0
3 14 13 1 0
3 14 13 2 0
3 14 13 3 0
3 14 13 4 0
3 14 13 5 0
3 14 13 6 0
3 14 13 7 0
3 14 13 8 0
3 14 13 9 0
3 14 13 10 0
3 14 13 11 0
3 14 13 12 0
3 14 13 13 0
3 14 13 14 0
3 14 13 15 0
3 14 14 0 0
3 14 14 1 0
3 14 14 2 0
3 14 14 3 -0.0004913057573699515
3 14 14 4 0
3 14 14 5 0
3 14 14 6 0
3 14 14 7 0
3 14 14 8 0
3 14 14 9 0
3 14 14 10 0
3 14 14 11 0
3 14 14 12 0
3 14 14 13 0
3 14 14 14 0
3 14 14 15 0
3 14 15 0 0
3 14 15 1 0
3 14 15 2 0
3 14 15 3 0
3 14 15 4 0
3 14 15 5 0
3 14 15 6 0
3 14 15 7 0
3 14 15 8 0
3 14 15 9 0
3 14 15 10 0
3 14 15 11 0
3 14 15 12 0
3 14 15 13 0
3 14 15 14 0
3 14 15 15 0
3 15 0 0 0
3 15 0 1 0
3 15 0 2 0
3 15 0 3 0
3 15 0 4 0
3 15 0 5 0
3 15 0 6 0
3 15 0 7 0
3 15 0 8 0
3 15 0 9 0
3 15 0 10 0
3 15 0 11 0
3 15 0 12 0
3 15 0 13 0
3 15 0 14 0
3 15 0 15 0
3 15 1 0 0
3 15 1 1 0
3 15 1 2 0
3 15 1 3 -0.0004718738525221365
3 15 1 4 0
3 15 1 5 0
3 15 1 6 0
3 15 1 7 0
3 15 1 8 -3.540405339169916e-05
3 15 1 9 0
3 15 1 10 0
3 15 1 11 0
3 15 1 12 0
3 15 1 13 0
3 15 1 14 0
3 15 1 15 0
3 15 2 0 0
3 15 2 1 0
3 15 2 2 0
3 15 2 3 0
3 15 2 4 0
3 15 2 5 0
3 15 2 6 0
3 15 2 7 0
3 15 2 8 0
3 15 2 9 0
3 15 2 10 0
3 15 2 11 0
3 15 2 12 0
3 15 2 13 0
3 15 2 14 0
3 15 2 15 0
3 15 3 0 0
3 15 3 1 0.001900509923577761
3 15 3 2 0
3 15 3 3 0
3 15 3 4 0
3 15 3 5 0
3 15 3 6 0
3 15 3 7 0
3 15 3 8 0
3 15 3 9 0
3 15 3 10 0
3 15 3 11 0
3 15 3 12 0
3 15 3 13 0
3 15 3 14 0
3 15 3 15 1.754400527554864e-05
3 15 4 0 0
3 15 4 1 0
3 15 4 2 0
3 15 4 3 0
3 15 4 4 0
3 15 4 5 0
3 15 4 6 0
3 15 4 7 0
3 15 4 8 0
3 15 4 9 0
3 15 4 10 0
3 15 4 11 0
3 15 4 12 0
3 15 4 13 0
3 15 4 14 0
3 15 4 15 0
3 15 5 0 0
3 15 5 1 0
3 15 5 2 0
3 15 5 3 0
3 15 5 4 0
3 15 5 5 0
3 15 5 6 0
3 15 5 7 0
3 15 5 8 0
3 15 5 9 0
3 15 5 10 0
3 15 5 11 0
3 15 5 12 0
3 15 5 13 0
3 15 5 14 0
3 15 5 15 0
3 15 6 0 0
3 15 6 1 0
3 15 6 2 0
3 15 6 3 0
3 15 6 4 0
3 15 6 5 0
3 15 6 6 0
3 15 6 7 0
3 15 6 8 0
3 15 6 9 0
3 15 6 10 0
3 15 6 11 0
3 15 6 12 0
3 15 6 13 0
3 15 6 14 0
3 15 6 15 0
3 15 7 0 0
3 15 7 1 0
3 15 7 2 0
3 15 7 3 0
3 15 7 4 0
3 15 7 5 0
3 15 7 6 0
3 15 7 7 0
3 15 7 8 0
3 15 7 9 0
3 15 7 10 0
3 15 7 11 0
3 15 7 12 0
3 15 7 13 0
3 15 7 14 0
3 15 7 15 0
3 15 8 0 0
3 15 8 1 0.0001425926748137515
3 15 8 2 0
3 15 8 3 0
3 15 8 4 0
3 15 8 5 0
3 15 8 6 0
3 15 8 7 0
3 15 8 8 0
3 15 8 9 0
3 15 8 10 0
3 15 8 11 0
3 15 8 12 0
3 15 8 13 0
3 15 8 14 0
3 15 8 15 0
3 15 9 0 0
3 15 9 1 0
3 15 9 2 0
3 15 9 3 0
3 15 9 4 0
3 15 9 5 0
3 15 9 6 0
3 15 9 7 0
3 15 9 8 0
3 15 9 9 0
3 15 9 10 0
3 15 9 11 0
3 15 9 12 0
3 15 9 13 0
3 15 9 14 0
3 15 9 15 0
3 15 10 0 0
3 15 10 1 0
3 15 10 2 0
3 15 10 3 0
3 15 10 4 0
3 15 10 5 0
3 15 10 6 0
3 15 10 7 0
3 15 10 8 0
3 15 10 9 0
3 15 10 10 0
3 15 10 11 0
3 15 10 12 0
3 15 10 13 0
3 15 10 14 0
3 15 10 15 0
3 15 11 0 0
3 15 11 1 0
3 15 11 2 0
3 15 11 3 0
3 15 11 4 0
3 15 11 5 0
3 15 11 6 0
3 15 11 7 0
3 15 11 8 0
3 15 11 9 0
3 15 11 10 0
3 15 11 11 0
3 15 11 12 0
3 15 11 13 0
3 15 11 14 0
3 15 11 15 0
3 15 12 0 0
3 15 12 1 0
3 15 12 2 0
3 15 12 3 0
3 15 12 4 0
3 15 12 5 0
3 15 12 6 0
3 15 12 7 0
3 15 12 8 0
3 15 12 9 0
3 15 12 10 0
3 15 12 11 0
3 15 12 12 0
3 15 12 13 0
3 15 12 14 0
3 15 12 15 0
3 15 13 0 0
3 15 13 1 0
3 15 13 2 0
3 15 13 3 0
3 15 13 4 0
3 15 13 5 0
3 15 13 6 0
3 15 13 7 0
3 15 13 8 0
3 15 13 9 0
3 15 13 10 0
3 15 13 11 0
3 15 13 12 0
3 15 13 13 0
3 15 13 14 0
3 15 13 15 0
3 15 14 0 0
3 15 14 1 0
3 15 14 2 0
3 15 14 3 0
3 15 14 4 0
3 15 14 5 0
3 15 14 6 0
3 15 14 7 0
3 15 14 8 0
3 15 14 9 0
3 15 14 10 0
3 15 14 11 0
3 15 14 12 0
3 15 14 13 0
3 15 14 14 0
3 15 14 15 0
3 15 15 0 0
3 15 15 1 0
3 15 15 2 0
3 15 15 3 -3.067343068584599e-07
3 15 15 4 0
3 15 15 5 0
3 15 15 6 0
3 15 15 7 0
3 15 15 8 0
3 15 15 9 0
3 15 15 10 0
3 15 15 11 0
3 15 15 12 0
3 15 15 13 0
3 15 15 14 0
3 15 15 15 0
4 0 0 0 0
4 0 0 1 0
4 0 0 2 0
4 0 0 3 0
4 0 0 4 -1.007801772636243
4 0 0 5 0
4 0 0 6 0
4 0 0 7 0
4 0 0 8 0
4 0 0 9 -0.01004127042988527
4 0 0 10 0
4 0 0 11 0
4 0 0 12 0
4 0 0 13 0
4 0 0 14 0
4 0 0 15 0
4 0 1 0 0
4 0 1 1 0
4 0 1 2 0
4 0 1 3 0
4 0 1 4 0
4 0 1 5 0
4 0 1 6 0
4 0 1 7 0
4 0 1 8 0
4 0 1 9 0
4 0 1 10 0
4 0 1 11 0
4 0 1 12 0
4 0 1 13 0
4 0 1 14 0
4 0 1 15 0
4 0 2 0 0
4 0 2 1 0
4 0 2 2 0
4 0 2 3 0
4 0 2 4 -3.568573919059798e-06
4 0 2 5 0
4 0 2 6 0
4 0 2 7 0
4 0 2 8 0
4 0 2 9 0
4 0 2 10 0
4 0 2 11 0
4 0 2 12 0
4 0 2 13 0
4 0 2 14 0
4 0 2 15 0
4 0 3 0 0
4 0 3 1 0
4 0 3 2 0
4 0 3 3 0
4 0 3 4 0
4 0 3 5 0
4 0 3 6 0
4 0 3 7 0
4 0 3 8 0
4 0 3 9 0
4 0 3 10 0
4 0 3 11 0
4 0 3 12 0
4 0 3 13 0
4 0 3 14 0
4 0 3 15 0
4 0 4 0 2.015526346830475
4 0 4 1 0
4 0 4 2 -2.311834823897283e-06
4 0 4 3 0
4 0 4 4 0
4 0 4 5 0
4 0 4 6 0
4 0 4 7 0
4 0 4 8 0
4 0 4 9 0
4 0 4 10 0
4 0 4 11 -0.002220143575202455
4 0 4 12 0
4 0 4 13 0
4 0 4 14 0
4 0 4 15 0
4 0 5 0 0
4 0 5 1 0
4 0 5 2 0
4 0 5 3 0
4 0 5 4 0
4 0 5 5 0
4 0 5 6 0
4 0 5 7 0
4 0 5 8 0
4 0 5 9 0
4 0 5 10 0
4 0 5 11 0
4 0 5 12 0
4 0 5 13 0
4 0 5 14 0
4 0 5 15 0
4 0 6 0 0
4 0 6 1 0
4 0 6 2 0
4 0 6 3 0
4 0 6 4 0
4 0 6 5 0
4 0 6 6 0
4 0 6 7 0
4 0 6 8 0
4 0 6 9 0
4 0 6 10 0
4 0 6 11 0
4 0 6 12 0
4 0 6 13 0
4 0 6 14 0
4 0 6 15 0
4 0 7 0 0
4 0 7 1 0
4 0 7 2 0
4 0 7 3 0
4 0 7 4 0
4 0 7 5 0
4 0 7 6 0
4 0 7 7 0
4 0 7 8 0
4 0 7 9 0
4 0 7 10 0
4 0 7 11 0
4 0 7 12 0
4 0 7 13 0
4 0 7 14 0
4 0 7 15 0
4 0 8 0 0
4 0 8 1 0
4 0 8 2 0
4 0 8 3 0
4 0 8 4 0
4 0 8 5 0
4 0 8 6 0
4 0 8 7 0
4 0 8 8 0
4 0 8 9 0
4 0 8 10 0
4 0 8 11 0
4 0 8 12 0
4 0 8 13 0
4 0 8 14 0
4 0 8 15 0
4 0 9 0 0.02008254085977054
4 0 9 1 0
4 0 9 2 0
4 0 9 3 0
4 0 9 4 0
4 0 9 5 0
4 0 9 6 0
4 0 9 7 0
4 0 9 8 0
4 0 9 9 0
4 0 9 10 0
4 0 9 11 0
4 0 9 12 0
4 0 9 13 0
4 0 9 14 0
4 0 9 15 0
4 0 10 0 0
4 0 10 1 0
4 0 10 2 0
4 0 10 3 0
4 0 10 4 0
4 0 10 5 0
4 0 10 6 0
4 0 10 7 0
4 0 10 8 0
4 0 10 9 0
4 0 10 10 0
4 0 10 11 0
4 0 10 12 0
4 0 10 13 0
4 0 10 14 0
4 0 10 15 0
4 0 11 0 0
4 0 11 1 0
4 0 11 2 0
4 0 11 3 0
4 0 11 4 -0.001980992591638141
4 0 11 5 0
4 0 11 6 0
4 0 11 7 0
4 0 11 8 0
4 0 11 9 0
4 0 11 10 0
4 0 11 11 0
4 0 11 12 0
4 0 11 13 0
4 0 11 14 0
4 0 11 15 0
4 0 12 0 0
4 0 12 1 0
4 0 12 2 0
4 0 12 3 0
4 0 12 4 0
4 0 12 5 0
4 0 12 6 0
4 0 12 7 0
4 0 12 8 0
4 0 12 9 0
4 0 12 10 0
4 0 12 11 0
4 0 12 12 0
4 0 12 13 0
4 0 12 14 0
4 0 12 15 0
4 0 13 0 0
4 0 13 1 0
4 0 13 2 0
4 0 13 3 0
4 0 13 4 0
4 0 13 5 0
4 0 13 6 0
4 0 13 7 0
4 0 13 8 0
4 0 13 9 0
4 0 13 10 0
4 0 13 11 0
4 0 13 12 0
4 0 13 13 0
4 0 13 14 0
4 0 13 15 0
4 0 14 0 0
4 0 14 1 0
4 0 14 2 0
4 0 14 3 0
4 0 14 4 0
4 0 14 5 0
4 0 14 6 0
4 0 14 7 0
4 0 14 8 0
4 0 14 9 0
4 0 14 10 0
4 0 14 11 0
4 0 14 12 0
4 0 14 13 0
4 0 14 14 0
4 0 14 15 0
4 0 15 0 0
4 0 15 1 0
4 0 15 2 0
4 0 15 3 0
4 0 15 4 0
4 0 15 5 0
4 0 15 6 0
4 0 15 7 0
4 0 15 8 0
4 0 15 9 0
4 0 15 10 0
4 0 15 11 0
4 0 15 12 0
4 0 15 13 0
4 0 15 14 0
4 0 15 15 0
4 1 0 0 0
4 1 0 1 0
4 1 0 2 0
4 1 0 3 0
4 1 0 4 0
4 1 0 5 0
4 1 0 6 0
4 1 0 7 0
4 1 0 8 0
4 1 0 9 0
4 1 0 10 0
4 1 0 11 0
4 1 0 12 0
4 1 0 13 0
4 1 0 14 0
4 1 0 15 0
4 1 1 0 0
4 1 1 1 0
4 1 1 2 0
4 1 1 3 0
4 1 1 4 -1.007829379829591
4 1 1 5 0
4 1 1 6 0
4 1 1 7 0
4 1 1 8 0
4 1 1 9 -0.01004127042988527
4 1 1 10 0
4 1 1 11 0
4 1 1 12 0
4 1 1 13 0
4 1 1 14 0
4 1 1 15 0
4 1 2 0 0
4 1 2 1 0
4 1 2 2 0
4 1 2 3 0
4 1 2 4 0
4 1 2 5 0
4 1 2 6 0
4 1 2 7 0
4 1 2 8 0
4 1 2 9 0
4 1 2 10 0
4 1 2 11 0
4 1 2 12 0
4 1 2 13 0
4 1 2 14 0
4 1 2 15 0
4 1 3 0 0
4 1 3 1 0
4 1 3 2 0
4 1 3 3 0
4 1 3 4 0
4 1 3 5 0
4 1 3 6 0
4 1 3 7 0
4 1 3 8 0
4 1 3 9 0
4 1 3 10 0
4 1 3 11 0
4 1 3 12 0
4 1 3 13 0
4 1 3 14 0
4 1 3 15 0
4 1 4 0 0
4 1 4 1 2.015644624397709
4 1 4 2 0
4 1 4 3 0
4 1 4 4 0
4 1 4 5 0
4 1 4 6 0
4 1 4 7 0
4 1 4 8 0
4 1 4 9 0
4 1 4 10 0
4 1 4 11 0
4 1 4 12 0
4 1 4 13 0
4 1 4 14 0
4 1 4 15 0.001900509923577761
4 1 5 0 0
4 1 5 1 0
4 1 5 2 0
4 1 5 3 0
4 1 5 4 0
4 1 5 5 0
4 1 5 6 0
4 1 5 7 0
4 1 5 8 0
4 1 5 9 0
4 1 5 10 0
4 1 5 11 0
4 1 5 12 0
4 1 5 13 0
4 1 5 14 0
4 1 5 15 0
4 1 6 0 0
4 1 6 1 0
4 1 6 2 0
4 1 6 3 0
4 1 6 4 0
4 1 6 5 0
4 1 6 6 0
4 1 6 7 0
4 1 6 8 0
4 1 6 9 0
4 1 6 10 0
4 1 6 11 0
4 1 6 12 0
4 1 6 13 0
4 1 6 14 0
4 1 6 15 0
4 1 7 0 0
4 1 7 1 0
4 1 7 2 0
4 1 7 3 0
4 1 7 4 0
4 1 7 5 0
4 1 7 6 0
4 1 7 7 0
4 1 7 8 0
4 1 7 9 0
4 1 7 10 0
4 1 7 11 0
4 1 7 12 0
4 1 7 13 0
4 1 7 14 0
4 1 7 15 0
4 1 8 0 0
4 1 8 1 0
4 1 8 2 0
4 1 8 3 0
4 1 8 4 0
4 1 8 5 0
4 1 8 6 0
4 1 8 7 0
4 1 8 8 0
4 1 8 9 0
4 1 8 10 0
4 1 8 11 0
4 1 8 12 0
4 1 8 13 0
4 1 8 14 0
4 1 8 15 0
4 1 9 0 0
4 1 9 1 0.02008254085977054
4 1 9 2 0
4 1 9 3 0
4 1 9 4 0
4 1 9 5 0
4 1 9 6 0
4 1 9 7 0
4 1 9 8 0
4 1 9 9 0
4 1 9 10 0
4 1 9 11 0
4 1 9 12 0
4 1 9 13 0
4 1 9 14 0
4 1 9 15 0
4 1 10 0 0
4 1 10 1 0
4 1 10 2 0
4 1 10 3 0
4 1 10 4 0
4 1 10 5 0
4 1 10 6 0
4 1 10 7 0
4 1 10 8 0
4 1 10 9 0
4 1 10 10 0
4 1 10 11 0
4 1 10 12 0
4 1 10 13 0
4 1 10 14 0
4 1 10 15 0
4 1 11 0 0
4 1 11 1 0
4 1 11 2 0
4 1 11 3 0
4 1 11 4 0
4 1 11 5 0
4 1 11 6 0
4 1 11 7 0
4 1 11 8 0
4 1 11 9 0
4 1 11 10 0
4 1 11 11 0
4 1 11 12 0
4 1 11 13 0
4 1 11 14 0
4 1 11 15 0
4 1 12 0 0
4 1 12 1 0
4 1 12 2 0
4 1 12 3 0
4 1 12 4 0
4 1 12 5 0
4 1 12 6 0
4 1 12 7 0
4 1 12 8 0
4 1 12 9 0
4 1 12 10 0
4 1 12 11 0
4 1 12 12 0
4 1 12 13 0
4 1 12 14 0
4 1 12 15 0
4 1 13 0 0
4 1 13 1 0
4 1 13 2 0
4 1 13 3 0
4 1 13 4 0
4 1 13 5 0
4 1 13 6 0
4 1 13 7 0
4 1 13 8 0
4 1 13 9 0
4 1 13 10 0
4 1 13 11 0
4 1 13 12 0
4 1 13 13 0
4 1 13 14 0
4 1 13 15 0
4 1 14 0 0
4 1 14 1 0
4 1 14 2 0
4 1 14 3 0
4 1 14 4 0
4 1 14 5 0
4 1 14 6 0
4 1 14 7 0
4 1 14 8 0
4 1 14 9 0
4 1 14 10 0
4 1 14 11 0
4 1 14 12 0
4 1 14 13 0
4 1 14 14 0
4 1 14 15 0
4 1 15 0 0
4 1 15 1 0
4 1 15 2 0
4 1 15 3 0
4 1 15 4 -0.0004492308156474559
4 1 15 5 0
4 1 15 6 0
4 1 15 7 0
4 1 15 8 0
4 1 15 9 0
4 1 15 10 0
4 1 15 11 0
4 1 15 12 0
4 1 15 13 0
4 1 15 14 0
4 1 15 15 0
4 2 0 0 0
4 2 0 1 0
4 2 0 2 0
4 2 0 3 0
4 2 0 4 -3.568573919059798e-06
4 2 0 5 0
4 2 0 6 0
4 2 0 7 0
4 2 0 8 0
4 2 0 9 0
4 2 0 10 0
4 2 0 11 0
4 2 0 12 0
4 2 0 13 0
4 2 0 14 0
4 2 0 15 0
4 2 1 0 0
4 2 1 1 0
4 2 1 2 0
4 2 1 3 0
4 2 1 4 0
4 2 1 5 0
4 2 1 6 0
4 2 1 7 0
4 2 1 8 0
4 2 1 9 0
4 2 1 10 0
4 2 1 11 0
4 2 1 12 0
4 2 1 13 0
4 2 1 14 0
4 2 1 15 0
4 2 2 0 0
4 2 2 1 0
4 2 2 2 0
4 2 2 3 0
4 2 2 4 -0.9826704934517726
4 2 2 5 0
4 2 2 6 0
4 2 2 7 0
4 2 2 8 0
4 2 2 9 -0.01004127042988527
4 2 2 10 0
4 2 2 11 0
4 2 2 12 0
4 2 2 13 0
4 2 2 14 0
4 2 2 15 0
4 2 3 0 0
4 2 3 1 0
4 2 3 2 0
4 2 3 3 0
4 2 3 4 0
4 2 3 5 0
4 2 3 6 0
4 2 3 7 0
4 2 3 8 0
4 2 3 9 0
4 2 3 10 0
4 2 3 11 0
4 2 3 12 0
4 2 3 13 0
4 2 3 14 0
4 2 3 15 0
4 2 4 0 -2.311834823897283e-06
4 2 4 1 0
4 2 4 2 1.111868443591648
4 2 4 3 0
4 2 4 4 0
4 2 4 5 0
4 2 4 6 0
4 2 4 7 0
4 2 4 8 0
4 2 4 9 0
4 2 4 10 0
4 2 4 11 -0.002223322100579553
4 2 4 12 0
4 2 4 13 0
4 2 4 14 0.0008302312373619392
4 2 4 15 0
4 2 5 0 0
4 2 5 1 0
4 2 5 2 0
4 2 5 3 0
4 2 5 4 0
4 2 5 5 0
4 2 5 6 0
4 2 5 7 5.204170427930421e-17
4 2 5 8 0
4 2 5 9 0
4 2 5 10 0
4 2 5 11 0
4 2 5 12 0
4 2 5 13 0
4 2 5 14 0
4 2 5 15 0
4 2 6 0 0
4 2 6 1 0
4 2 6 2 0
4 2 6 3 0
4 2 6 4 0
4 2 6 5 0
4 2 6 6 0
4 2 6 7 0
4 2 6 8 0
4 2 6 9 0
4 2 6 10 0
4 2 6 11 0
4 2 6 12 0
4 2 6 13 0
4 2 6 14 0
4 2 6 15 0
4 2 7 0 0
4 2 7 1 0
4 2 7 2 0
4 2 7 3 0
4 2 7 4 0
4 2 7 5 -0.0119513513067284
4 2 7 6 0
4 2 7 7 0
4 2 7 8 0
4 2 7 9 0
4 2 7 10 0
4 2 7 11 0
4 2 7 12 0
4 2 7 13 0
4 2 7 14 0
4 2 7 15 0
4 2 8 0 0
4 2 8 1 0
4 2 8 2 0
4 2 8 3 0
4 2 8 4 0
4 2 8 5 0
4 2 8 6 0
4 2 8 7 0
4 2 8 8 0
4 2 8 9 0
4 2 8 10 0
4 2 8 11 0
4 2 8 12 0
4 2 8 13 0
4 2 8 14 0
4 2 8 15 0
4 2 9 0 0
4 2 9 1 0
4 2 9 2 0.02008254085977054
4 2 9 3 0
4 2 9 4 0
4 2 9 5 0
4 2 9 6 0
4 2 9 7 0
4 2 9 8 0
4 2 9 9 0
4 2 9 10 0
4 2 9 11 0
4 2 9 12 0
4 2 9 13 0
4 2 9 14 0
4 2 9 15 0
4 2 10 0 0
4 2 10 1 0
4 2 10 2 0
4 2 10 3 0
4 2 10 4 0
4 2 10 5 0
4 2 10 6 0
4 2 10 7 0
4 2 10 8 0
4 2 10 9 0
4 2 10 10 0
4 2 10 11 0
4 2 10 12 0
4 2 10 13 0
4 2 10 14 0
4 2 10 15 0
4 2 11 0 0
4 2 11 1 0
4 2 11 2 0
4 2 11 3 0
4 2 11 4 0.0002354485490363338
4 2 11 5 0
4 2 11 6 0
4 2 11 7 0
4 2 11 8 0
4 2 11 9 0
4 2 11 10 0
4 2 11 11 0
4 2 11 12 0
4 2 11 13 0
4 2 11 14 0
4 2 11 15 0
4 2 12 0 0
4 2 12 1 0
4 2 12 2 0
4 2 12 3 0
4 2 12 4 0
4 2 12 5 0
4 2 12 6 0
4 2 12 7 0
4 2 12 8 0
4 2 12 9 0
4 2 12 10 0
4 2 12 11 0
4 2 12 12 0
4 2 12 13 0
4 2 12 14 0
4 2 12 15 0
4 2 13 0 0
4 2 13 1 0
4 2 13 2 0
4 2 13 3 0
4 2 13 4 0
4 2 13 5 0
4 2 13 6 0
4 2 13 7 0
4 2 13 8 0
4 2 13 9 0
4 2 13 10 0
4 2 13 11 0
4 2 13 12 0
4 2 13 13 0
4 2 13 14 0
4 2 13 15 0
4 2 14 0 0
4 2 14 1 0
4 2 14 2 0
4 2 14 3 0
4 2 14 4 -0.001309322684920413
4 2 14 5 0
4 2 14 6 0
4 2 14 7 0
4 2 14 8 0
4 2 14 9 0
4 2 14 10 0
4 2 14 11 0
4 2 14 12 0
4 2 14 13 0
4 2 14 14 0
4 2 14 15 0
4 2 15 0 0
4 2 15 1 0
4 2 15 2 0
4 2 15 3 0
4 2 15 4 0
4 2 15 5 0
4 2 15 6 0
4 2 15 7 0
4 2 15 8 0
4 2 15 9 0
4 2 15 10 0
4 2 15 11 0
4 2 15 12 0
4 2 15 13 0
4 2 15 14 0
4 2 15 15 0
4 3 0 0 0
4 3 0 1 0
4 3 0 2 0
4 3 0 3 0
4 3 0 4 0
4 3 0 5 0
4 3 0 6 0
4 3 0 7 0
4 3 0 8 0
4 3 0 9 0
4 3 0 10 0
4 3 0 11 0
4 3 0 12 0
4 3 0 13 0
4 3 0 14 0
4 3 0 15 0
4 3 1 0 0
4 3 1 1 0
4 3 1 2 0
4 3 1 3 0
4 3 1 4 0
4 3 1 5 0
4 3 1 6 0
4 3 1 7 0
4 3 1 8 0
4 3 1 9 0
4 3 1 10 0
4 3 1 11 0
4 3 1 12 0
4 3 1 13 0
4 3 1 14 0
4 3 1 15 0
4 3 2 0 0
4 3 2 1 0
4 3 2 2 0
4 3 2 3 0
4 3 2 4 0
4 3 2 5 0
4 3 2 6 0
4 3 2 7 0
4 3 2 8 0
4 3 2 9 0
4 3 2 10 0
4 3 2 11 0
4 3 2 12 0
4 3 2 13 0
4 3 2 14 0
4 3 2 15 0
4 3 3 0 0
4 3 3 1 0
4 3 3 2 0
4 3 3 3 0
4 3 3 4 -0.676101137653228
4 3 3 5 0
4 3 3 6 0
4 3 3 7 0
4 3 3 8 0
4 3 3 9 -0.01004127042988526
4 3 3 10 0
4 3 3 11 0
4 3 3 12 0
4 3 3 13 0
4 3 3 14 0
4 3 3 15 0
4 3 4 0 0
4 3 4 1 0
4 3 4 2 0
4 3 4 3 1.215354308422913
4 3 4 4 0
4 3 4 5 0
4 3 4 6 0
4 3 4 7 0
4 3 4 8 0.00888386167673663
4 3 4 9 0
4 3 4 10 0
4 3 4 11 0
4 3 4 12 0
4 3 4 13 0
4 3 4 14 0
4 3 4 15 0
4 3 5 0 0
4 3 5 1 0
4 3 5 2 0
4 3 5 3 0
4 3 5 4 0
4 3 5 5 0
4 3 5 6 -9.71445146547012e-17
4 3 5 7 0
4 3 5 8 0
4 3 5 9 0
4 3 5 10 0
4 3 5 11 0
4 3 5 12 0
4 3 5 13 -2.227219166440092e-17
4 3 5 14 0
4 3 5 15 0
4 3 6 0 0
4 3 6 1 0
4 3 6 2 0
4 3 6 3 0
4 3 6 4 0
4 3 6 5 -0.05290647949334866
4 3 6 6 0
4 3 6 7 0
4 3 6 8 0
4 3 6 9 0
4 3 6 10 0
4 3 6 11 0
4 3 6 12 2.111458737136324e-17
4 3 6 13 0
4 3 6 14 0
4 3 6 15 0
4 3 7 0 0
4 3 7 1 0
4 3 7 2 0
4 3 7 3 0
4 3 7 4 0
4 3 7 5 0
4 3 7 6 0
4 3 7 7 0
4 3 7 8 0
4 3 7 9 0
4 3 7 10 0
4 3 7 11 0
4 3 7 12 0
4 3 7 13 0
4 3 7 14 0
4 3 7 15 0
4 3 8 0 0
4 3 8 1 0
4 3 8 2 0
4 3 8 3 0
4 3 8 4 -0.008883861676736604
4 3 8 5 0
4 3 8 6 0
4 3 8 7 0
4 3 8 8 0
4 3 8 9 0
4 3 8 10 0
4 3 8 11 0
4 3 8 12 0
4 3 8 13 0
4 3 8 14 0
4 3 8 15 0
4 3 9 0 0
4 3 9 1 0
4 3 9 2 0
4 3 9 3 0.01004127042988527
4 3 9 4 0
4 3 9 5 0
4 3 9 6 0
4 3 9 7 0
4 3 9 8 0
4 3 9 9 0
4 3 9 10 0
4 3 9 11 0
4 3 9 12 0
4 3 9 13 0
4 3 9 14 0
4 3 9 15 0
4 3 10 0 0
4 3 10 1 0
4 3 10 2 0
4 3 10 3 0
4 3 10 4 0
4 3 10 5 0
4 3 10 6 0
4 3 10 7 0
4 3 10 8 0
4 3 10 9 0
4 3 10 10 0
4 3 10 11 0
4 3 10 12 0
4 3 10 13 0
4 3 10 14 0
4 3 10 15 0
4 3 11 0 0
4 3 11 1 0
4 3 11 2 0
4 3 11 3 0
4 3 11 4 0
4 3 11 5 0
4 3 11 6 0
4 3 11 7 0
4 3 11 8 0
4 3 11 9 0
4 3 11 10 0
4 3 11 11 0
4 3 11 12 0
4 3 11 13 0
4 3 11 14 0
4 3 11 15 0
4 3 12 0 0
4 3 12 1 0
4 3 12 2 0
4 3 12 3 0
4 3 12 4 0
4 3 12 5 0
4 3 12 6 -2.223997535768625e-17
4 3 12 7 0
4 3 12 8 0
4 3 12 9 0
4 3 12 10 0
4 3 12 11 0
4 3 12 12 0
4 3 12 13 0
4 3 12 14 0
4 3 12 15 0
4 3 13 0 0
4 3 13 1 0
4 3 13 2 0
4 3 13 3 0
4 3 13 4 0
4 3 13 5 2.316945704135828e-17
4 3 13 6 0
4 3 13 7 0
4 3 13 8 0
4 3 13 9 0
4 3 13 10 0
4 3 13 11 0
4 3 13 12 0
4 3 13 13 0
4 3 13 14 0
4 3 13 15 0
4 3 14 0 0
4 3 14 1 0
4 3 14 2 0
4 3 14 3 0
4 3 14 4 0
4 3 14 5 0
4 3 14 6 0
4 3 14 7 0
4 3 14 8 0
4 3 14 9 0
4 3 14 10 0
4 3 14 11 0
4 3 14 12 0
4 3 14 13 0
4 3 14 14 0
4 3 14 15 0
4 3 15 0 0
4 3 15 1 0
4 3 15 2 0
4 3 15 3 0
4 3 15 4 0
4 3 15 5 0
4 3 15 6 0
4 3 15 7 0
4 3 15 8 0
4 3 15 9 0
4 3 15 10 0
4 3 15 11 0
4 3 15 12 0
4 3 15 13 0
4 3 15 14 0
4 3 15 15 0
4 4 0 0 0
4 4 0 1 0
4 4 0 2 0
4 4 0 3 0
4 4 0 4 0
4 4 0 5 0
4 4 0 6 0
4 4 0 7 0
4 4 0 8 0
4 4 0 9 0
4 4 0 10 0
4 4 0 11 0
4 4 0 12 0
4 4 0 13 0
4 4 0 14 0
4 4 0 15 0
4 4 1 0 0
4 4 1 1 0
4 4 1 2 0
4 4 1 3 0
4 4 1 4 0
4 4 1 5 0
4 4 1 6 0
4 4 1 7 0
4 4 1 8 0
4 4 1 9 0
4 4 1 10 0
4 4 1 11 0
4 4 1 12 0
4 4 1 13 0
4 4 1 14 0
4 4 1 15 0
4 4 2 0 0
4 4 2 1 0
4 4 2 2 0
4 4 2 3 0
4 4 2 4 0
4 4 2 5 0
4 4 2 6 0
4 4 2 7 0
4 4 2 8 0
4 4 2 9 0
4 4 2 10 0
4 4 2 11 0
4 4 2 12 0
4 4 2 13 0
4 4 2 14 0
4 4 2 15 0
4 4 3 0 0
4 4 3 1 0
4 4 3 2 0
4 4 3 3 0
4 4 3 4 0
4 4 3 5 0
4 4 3 6 0
4 4 3 7 0
4 4 3 8 0
4 4 3 9 0
4 4 3 10 0
4 4 3 11 0
4 4 3 12 0
4 4 3 13 0
4 4 3 14 0
4 4 3 15 0
4 4 4 0 0
4 4 4 1 0
4 4 4 2 0
4 4 4 3 0
4 4 4 4 0.01736523883543618
4 4 4 5 0
4 4 4 6 0
4 4 4 7 0
4 4 4 8 0
4 4 4 9 8.07669493477289e-18
4 4 4 10 0
4 4 4 11 0
4 4 4 12 0
4 4 4 13 0
4 4 4 14 0
4 4 4 15 0
4 4 5 0 0
4 4 5 1 0
4 4 5 2 0
4 4 5 3 0
4 4 5 4 0
4 4 5 5 -2.080717782991315e-18
4 4 5 6 0
4 4 5 7 0
4 4 5 8 0
4 4 5 9 0
4 4 5 10 0
4 4 5 11 0
4 4 5 12 -6.800685990055379e-18
4 4 5 13 0
4 4 5 14 0
4 4 5 15 0
4 4 6 0 0
4 4 6 1 0
4 4 6 2 0
4 4 6 3 0
4 4 6 4 0
4 4 6 5 0
4 4 6 6 0
4 4 6 7 0
4 4 6 8 0
4 4 6 9 0
4 4 6 10 0
4 4 6 11 0
4 4 6 12 0
4 4 6 13 0
4 4 6 14 0
4 4 6 15 0
4 4 7 0 0
4 4 7 1 0
4 4 7 2 0
4 4 7 3 0
4 4 7 4 0
4 4 7 5 0
4 4 7 6 0
4 4 7 7 0
4 4 7 8 0
4 4 7 9 0
4 4 7 10 0
4 4 7 11 0
4 4 7 12 0
4 4 7 13 0
4 4 7 14 0
4 4 7 15 0
4 4 8 0 0
4 4 8 1 0
4 4 8 2 0
4 4 8 3 0
4 4 8 4 0
4 4 8 5 0
4 4 8 6 0
4 4 8 7 0
4 4 8 8 0
4 4 8 9 0
4 4 8 10 0
4 4 8 11 0
4 4 8 12 0
4 4 8 13 0
4 4 8 14 0
4 4 8 15 0
4 4 9 0 0
4 4 9 1 0
4 4 9 2 0
4 4 9 3 0
4 4 9 4 8.07669493477289e-18
4 4 9 5 0
4 4 9 6 0
4 4 9 7 0
4 4 9 8 0
4 4 9 9 0
4 4 9 10 0
4 4 9 11 0
4 4 9 12 0
4 4 9 13 0
4 4 9 14 0
4 4 9 15 0
4 4 10 0 0
4 4 10 1 0
4 4 10 2 0
4 4 10 3 0
4 4 10 4 0
4 4 10 5 0
4 4 10 6 0
4 4 10 7 0
4 4 10 8 0
4 4 10 9 0
4 4 10 10 0
4 4 10 11 0
4 4 10 12 0
4 4 10 13 0
4 4 10 14 0
4 4 10 15 0
4 4 11 0 0
4 4 11 1 0
4 4 11 2 0
4 4 11 3 0
4 4 11 4 0
4 4 11 5 0
4 4 11 6 0
4 4 11 7 0
4 4 11 8 0
4 4 11 9 0
4 4 11 10 0
4 4 11 11 0
4 4 11 12 0
4 4 11 13 0
4 4 11 14 0
4 4 11 15 0
4 4 12 0 0
4 4 12 1 0
4 4 12 2 0
4 4 12 3 0
4 4 12 4 0
4 4 12 5 -6.800685990055379e-18
4 4 12 6 0
4 4 12 7 0
4 4 12 8 0
4 4 12 9 0
4 4 12 10 0
4 4 12 11 0
4 4 12 12 0
4 4 12 13 0
4 4 12 14 0
4 4 12 15 0
4 4 13 0 0
4 4 13 1 0
4 4 13 2 0
4 4 13 3 0
4 4 13 4 0
4 4 13 5 0
4 4 13 6 0
4 4 13 7 0
4 4 13 8 0
4 4 13 9 0
4 4 13 10 0
4 4 13 11 0
4 4 13 12 0
4 4 13 13 0
4 4 13 14 0
4 4 13 15 0
4 4 14 0 0
4 4 14 1 0
4 4 14 2 0
4 4 14 3 0
4 4 14 4 0
4 4 14 5 0
4 4 14 6 0
4 4 14 7 0
4 4 14 8 0
4 4 14 9 0
4 4 14 10 0
4 4 14 11 0
4 4 14 12 0
4 4 14 13 0
4 4 14 14 0
4 4 14 15 0
4 4 15 0 0
4 4 15 1 0
4 4 15 2 0
4 4 15 3 0
4 4 15 4 0
4 4 15 5 0
4 4 15 6 0
4 4 15 7 0
4 4 15 8 0
4 4 15 9 0
4 4 15 10 0
4 4 15 11 0
4 4 15 12 0
4 4 15 13 0
4 4 15 14 0
4 4 15 15 0
4 5 0 0 0
4 5 0 1 0
4 5 0 2 0
4 5 0 3 0
4 5 0 4 0
4 5 0 5 0
4 5 0 6 0
4 5 0 7 0
4 5 0 8 0
4 5 0 9 0
4 5 0 10 0
4 5 0 11 0
4 5 0 12 0
4 5 0 13 0
4 5 0 14 0
4 5 0 15 0
4 5 1 0 0
4 5 1 1 0
4 5 1 2 0
4 5 1 3 0
4 5 1 4 0
4 5 1 5 0
4 5 1 6 0
4 5 1 7 0
4 5 1 8 0
4 5 1 9 0
4 5 1 10 0
4 5 1 11 0
4 5 1 12 0
4 5 1 13 0
4 5 1 14 0
4 5 1 15 0
4 5 2 0 0
4 5 2 1 0
4 5 2 2 0
4 5 2 3 0
4 5 2 4 0
4 5 2 5 0
4 5 2 6 0
4 5 2 7 0
4 5 2 8 0
4 5 2 9 0
4 5 2 10 0
4 5 2 11 0
4 5 2 12 0
4 5 2 13 0
4 5 2 14 0
4 5 2 15 0
4 5 3 0 0
4 5 3 1 0
4 5 3 2 0
4 5 3 3 0
4 5 3 4 0
4 5 3 5 0
4 5 3 6 0
4 5 3 7 0
4 5 3 8 0
4 5 3 9 0
4 5 3 10 0
4 5 3 11 0
4 5 3 12 0
4 5 3 13 0
4 5 3 14 0
4 5 3 15 0
4 5 4 0 0
4 5 4 1 0
4 5 4 2 0
4 5 4 3 0
4 5 4 4 0
4 5 4 5 0.9897512267181072
4 5 4 6 0
4 5 4 7 0
4 5 4 8 0
4 5 4 9 0
4 5 4 10 0
4 5 4 11 0
4 5 4 12 0.009198659206302019
4 5 4 13 0
4 5 4 14 0
4 5 4 15 0
4 5 5 0 0
4 5 5 1 0
4 5 5 2 0
4 5 5 3 0
4 5 5 4 -0.9895725040375014
4 5 5 5 0
4 5 5 6 0
4 5 5 7 0
4 5 5 8 0
4 5 5 9 -0.01004127042988526
4 5 5 10 0
4 5 5 11 0
4 5 5 12 0
4 5 5 13 0
4 5 5 14 0
4 5 5 15 0
4 5 6 0 0
4 5 6 1 0
4 5 6 2 0
4 5 6 3 0
4 5 6 4 0
4 5 6 5 0
4 5 6 6 0
4 5 6 7 0
4 5 6 8 0
4 5 6 9 0
4 5 6 10 0
4 5 6 11 0
4 5 6 12 0
4 5 6 13 0
4 5 6 14 0
4 5 6 15 0
4 5 7 0 0
4 5 7 1 0
4 5 7 2 0
4 5 7 3 0
4 5 7 4 0
4 5 7 5 0
4 5 7 6 0
4 5 7 7 0
4 5 7 8 0
4 5 7 9 0
4 5 7 10 0
4 5 7 11 0
4 5 7 12 0
4 5 7 13 0
4 5 7 14 0
4 5 7 15 0
4 5 8 0 0
4 5 8 1 0
4 5 8 2 0
4 5 8 3 0
4 5 8 4 0
4 5 8 5 0
4 5 8 6 0
4 5 8 7 0
4 5 8 8 0
4 5 8 9 0
4 5 8 10 0
4 5 8 11 0
4 5 8 12 0
4 5 8 13 0
4 5 8 14 0
4 5 8 15 0
4 5 9 0 0
4 5 9 1 0
4 5 9 2 0
4 5 9 3 0
4 5 9 4 0
4 5 9 5 0.01004127042988526
4 5 9 6 0
4 5 9 7 0
4 5 9 8 0
4 5 9 9 0
4 5 9 10 0
4 5 9 11 0
4 5 9 12 0
4 5 9 13 0
4 5 9 14 0
4 5 9 15 0
4 5 10 0 0
4 5 10 1 0
4 5 10 2 0
4 5 10 3 0
4 5 10 4 0
4 5 10 5 0
4 5 10 6 0
4 5 10 7 0
4 5 10 8 0
4 5 10 9 0
4 5 10 10 0
4 5 10 11 0
4 5 10 12 0
4 5 10 13 0
4 5 10 14 0
4 5 10 15 0
4 5 11 0 0
4 5 11 1 0
4 5 11 2 0
4 5 11 3 0
4 5 11 4 0
4 5 11 5 0
4 5 11 6 0
4 5 11 7 0
4 5 11 8 0
4 5 11 9 0
4 5 11 10 0
4 5 11 11 0
4 5 11 12 0
4 5 11 13 0
4 5 11 14 0
4 5 11 15 0
4 5 12 0 0
4 5 12 1 0
4 5 12 2 0
4 5 12 3 0
4 5 12 4 -0.009198659206302013
4 5 12 5 0
4 5 12 6 0
4 5 12 7 0
4 5 12 8 0
4 5 12 9 0
4 5 12 10 0
4 5 12 11 0
4 5 12 12 0
4 5 12 13 0
4 5 12 14 0
4 5 12 15 0
4 5 13 0 0
4 5 13 1 0
4 5 13 2 0
4 5 13 3 0
4 5 13 4 0
4 5 13 5 0
4 5 13 6 0
4 5 13 7 0
4 5 13 8 0
4 5 13 9 0
4 5 13 10 0
4 5 13 11 0
4 5 13 12 0
4 5 13 13 0
4 5 13 14 0
4 5 13 15 0
4 5 14 0 0
4 5 14 1 0
4 5 14 2 0
4 5 14 3 0
4 5 14 4 0
4 5 14 5 0
4 5 14 6 0
4 5 14 7 0
4 5 14 8 0
4 5 14 9 0
4 5 14 10 0
4 5 14 11 0
4 5 14 12 0
4 5 14 13 0
4 5 14 14 0
4 5 14 15 0
4 5 15 0 0
4 5 15 1 0
4 5 15 2 0
4 5 15 3 0
4 5 15 4 0
4 5 15 5 0
4 5 15 6 0
4 5 15 7 0
4 5 15 8 0
4 5 15 9 0
4 5 15 10 0
4 5 15 11 0
4 5 15 12 0
4 5 15 13 0
4 5 15 14 0
4 5 15 15 0
4 6 0 0 0
4 6 0 1 0
4 6 0 2 0
4 6 0 3 0
4 6 0 4 0
4 6 0 5 0
4 6 0 6 0
4 6 0 7 0
4 6 0 8 0
4 6 0 9 0
4 6 0 10 0
4 6 0 11 0
4 6 0 12 0
4 6 0 13 0
4 6 0 14 0
4 6 0 15 0
4 6 1 0 0
4 6 1 1 0
4 6 1 2 0
4 6 1 3 0
4 6 1 4 0
4 6 1 5 0
4 6 1 6 0
4 6 1 7 0
4 6 1 8 0
4 6 1 9 0
4 6 1 10 0
4 6 1 11 0
4 6 1 12 0
4 6 1 13 0
4 6 1 14 0
4 6 1 15 0
4 6 2 0 0
4 6 2 1 0
4 6 2 2 0
4 6 2 3 0
4 6 2 4 0
4 6 2 5 0
4 6 2 6 0
4 6 2 7 0
4 6 2 8 0
4 6 2 9 0
4 6 2 10 0
4 6 2 11 0
4 6 2 12 0
4 6 2 13 0
4 6 2 14 0
4 6 2 15 0
4 6 3 0 0
4 6 3 1 0
4 6 3 2 0
4 6 3 3 0
4 6 3 4 0
4 6 3 5 -0.06787288189714902
4 6 3 6 0
4 6 3 7 0
4 6 3 8 0
4 6 3 9 0
4 6 3 10 0
4 6 3 11 0
4 6 3 12 3.431898328817688e-18
4 6 3 13 0
4 6 3 14 0
4 6 3 15 0
4 6 4 0 0
4 6 4 1 0
4 6 4 2 0
4 6 4 3 0
4 6 4 4 0
4 6 4 5 0
4 6 4 6 0.799069366336036
4 6 4 7 0
4 6 4 8 0
4 6 4 9 0
4 6 4 10 0
4 6 4 11 0
4 6 4 12 0
4 6 4 13 0.008229363222880381
4 6 4 14 0
4 6 4 15 0
4 6 5 0 0
4 6 5 1 0
4 6 5 2 0
4 6 5 3 1.040834085586084e-17
4 6 5 4 0
4 6 5 5 0
4 6 5 6 0
4 6 5 7 0
4 6 5 8 -4.571635068259833e-18
4 6 5 9 0
4 6 5 10 0
4 6 5 11 0
4 6 5 12 0
4 6 5 13 0
4 6 5 14 0
4 6 5 15 0
4 6 6 0 0
4 6 6 1 0
4 6 6 2 0
4 6 6 3 0
4 6 6 4 -0.4675064951732375
4 6 6 5 0
4 6 6 6 0
4 6 6 7 0
4 6 6 8 0
4 6 6 9 -0.01004127042988525
4 6 6 10 0
4 6 6 11 0
4 6 6 12 0
4 6 6 13 0
4 6 6 14 0
4 6 6 15 0
4 6 7 0 0
4 6 7 1 0
4 6 7 2 0
4 6 7 3 0
4 6 7 4 0
4 6 7 5 0
4 6 7 6 0
4 6 7 7 0
4 6 7 8 0
4 6 7 9 0
4 6 7 10 0
4 6 7 11 0
4 6 7 12 0
4 6 7 13 0
4 6 7 14 0
4 6 7 15 0
4 6 8 0 0
4 6 8 1 0
4 6 8 2 0
4 6 8 3 0
4 6 8 4 0
4 6 8 5 -6.679615045631277e-18
4 6 8 6 0
4 6 8 7 0
4 6 8 8 0
4 6 8 9 0
4 6 8 10 0
4 6 8 11 0
4 6 8 12 0
4 6 8 13 0
4 6 8 14 0
4 6 8 15 0
4 6 9 0 0
4 6 9 1 0
4 6 9 2 0
4 6 9 3 0
4 6 9 4 0
4 6 9 5 0
4 6 9 6 0.01004127042988526
4 6 9 7 0
4 6 9 8 0
4 6 9 9 0
4 6 9 10 0
4 6 9 11 0
4 6 9 12 0
4 6 9 13 0
4 6 9 14 0
4 6 9 15 0
4 6 10 0 0
4 6 10 1 0
4 6 10 2 0
4 6 10 3 0
4 6 10 4 0
4 6 10 5 0
4 6 10 6 0
4 6 10 7 0
4 6 10 8 0
4 6 10 9 0
4 6 10 10 0
4 6 10 11 0
4 6 10 12 0
4 6 10 13 0
4 6 10 14 0
4 6 10 15 0
4 6 11 0 0
4 6 11 1 0
4 6 11 2 0
4 6 11 3 0
4 6 11 4 0
4 6 11 5 0
4 6 11 6 0
4 6 11 7 0
4 6 11 8 0
4 6 11 9 0
4 6 11 10 0
4 6 11 11 0
4 6 11 12 0
4 6 11 13 0
4 6 11 14 0
4 6 11 15 0
4 6 12 0 0
4 6 12 1 0
4 6 12 2 0
4 6 12 3 -1.521928807705097e-18
4 6 12 4 0
4 6 12 5 0
4 6 12 6 0
4 6 12 7 0
4 6 12 8 0
4 6 12 9 0
4 6 12 10 0
4 6 12 11 0
4 6 12 12 0
4 6 12 13 0
4 6 12 14 0
4 6 12 15 0
4 6 13 0 0
4 6 13 1 0
4 6 13 2 0
4 6 13 3 0
4 6 13 4 -0.008229363222880367
4 6 13 5 0
4 6 13 6 0
4 6 13 7 0
4 6 13 8 0
4 6 13 9 0
4 6 13 10 0
4 6 13 11 0
4 6 13 12 0
4 6 13 13 0
4 6 13 14 0
4 6 13 15 0
4 6 14 0 0
4 6 14 1 0
4 6 14 2 0
4 6 14 3 0
4 6 14 4 0
4 6 14 5 0
4 6 14 6 0
4 6 14 7 0
4 6 14 8 0
4 6 14 9 0
4 6 14 10 0
4 6 14 11 0
4 6 14 12 0
4 6 14 13 0
4 6 14 14 0
4 6 14 15 0
4 6 15 0 0
4 6 15 1 0
4 6 15 2 0
4 6 15 3 0
4 6 15 4 0
4 6 15 5 0
4 6 15 6 0
4 6 15 7 0
4 6 15 8 0
4 6 15 9 0
4 6 15 10 0
4 6 15 11 0
4 6 15 12 0
4 6 15 13 0
4 6 15 14 0
4 6 15 15 0
4 7 0 0 0
4 7 0 1 0
4 7 0 2 0
4 7 0 3 0
4 7 0 4 0
4 7 0 5 0
4 7 0 6 0
4 7 0 7 0
4 7 0 8 0
4 7 0 9 0
4 7 0 10 0
4 7 0 11 0
4 7 0 12 0
4 7 0 13 0
4 7 0 14 0
4 7 0 15 0
4 7 1 0 0
4 7 1 1 0
4 7 1 2 0
4 7 1 3 0
4 7 1 4 0
4 7 1 5 0
4 7 1 6 0
4 7 1 7 0
4 7 1 8 0
4 7 1 9 0
4 7 1 10 0
4 7 1 11 0
4 7 1 12 0
4 7 1 13 0
4 7 1 14 0
4 7 1 15 0
4 7 2 0 0
4 7 2 1 0
4 7 2 2 0
4 7 2 3 0
4 7 2 4 0
4 7 2 5 -0.03206363377544112
4 7 2 6 0
4 7 2 7 0
4 7 2 8 0
4 7 2 9 0
4 7 2 10 0
4 7 2 11 0
4 7 2 12 -0.002490935918273309
4 7 2 13 0
4 7 2 14 0
4 7 2 15 0
4 7 3 0 0
4 7 3 1 0
4 7 3 2 0
4 7 3 3 0
4 7 3 4 0
4 7 3 5 0
4 7 3 6 0
4 7 3 7 0
4 7 3 8 0
4 7 3 9 0
4 7 3 10 0
4 7 3 11 0
4 7 3 12 0
4 7 3 13 0
4 7 3 14 0
4 7 3 15 0
4 7 4 0 0
4 7 4 1 0
4 7 4 2 0
4 7 4 3 0
4 7 4 4 0
4 7 4 5 0
4 7 4 6 0
4 7 4 7 0.9032393808595656
4 7 4 8 0
4 7 4 9 0
4 7 4 10 0
4 7 4 11 0
4 7 4 12 0
4 7 4 13 0
4 7 4 14 0
4 7 4 15 0
4 7 5 0 0
4 7 5 1 0
4 7 5 2 -2.255140518769849e-17
4 7 5 3 0
4 7 5 4 0
4 7 5 5 0
4 7 5 6 0
4 7 5 7 0
4 7 5 8 0
4 7 5 9 0
4 7 5 10 0
4 7 5 11 -0.0003867651254611728
4 7 5 12 0
4 7 5 13 0
4 7 5 14 0.001173831087974334
4 7 5 15 0
4 7 6 0 0
4 7 6 1 0
4 7 6 2 0
4 7 6 3 0
4 7 6 4 0
4 7 6 5 0
4 7 6 6 0
4 7 6 7 0
4 7 6 8 0
4 7 6 9 0
4 7 6 10 0
4 7 6 11 0
4 7 6 12 0
4 7 6 13 0
4 7 6 14 0
4 7 6 15 0
4 7 7 0 0
4 7 7 1 0
4 7 7 2 0
4 7 7 3 0
4 7 7 4 -0.8780937366313245
4 7 7 5 0
4 7 7 6 0
4 7 7 7 0
4 7 7 8 0
4 7 7 9 0
4 7 7 10 0
4 7 7 11 0
4 7 7 12 0
4 7 7 13 0
4 7 7 14 0
4 7 7 15 0
4 7 8 0 0
4 7 8 1 0
4 7 8 2 0
4 7 8 3 0
4 7 8 4 0
4 7 8 5 0
4 7 8 6 0
4 7 8 7 0
4 7 8 8 0
4 7 8 9 0
4 7 8 10 0
4 7 8 11 0
4 7 8 12 0
4 7 8 13 0
4 7 8 14 0
4 7 8 15 0
4 7 9 0 0
4 7 9 1 0
4 7 9 2 0
4 7 9 3 0
4 7 9 4 0
4 7 9 5 0
4 7 9 6 0
4 7 9 7 0
4 7 9 8 0
4 7 9 9 0
4 7 9 10 0
4 7 9 11 0
4 7 9 12 0
4 7 9 13 0
4 7 9 14 0
4 7 9 15 0
4 7 10 0 0
4 7 10 1 0
4 7 10 2 0
4 7 10 3 0
4 7 10 4 0
4 7 10 5 0
4 7 10 6 0
4 7 10 7 0
4 7 10 8 0
4 7 10 9 0
4 7 10 10 0
4 7 10 11 0
4 7 10 12 0
4 7 10 13 0
4 7 10 14 0
4 7 10 15 0
4 7 11 0 0
4 7 11 1 0
4 7 11 2 0
4 7 11 3 0
4 7 11 4 0
4 7 11 5 0.0005383029764959806
4 7 11 6 0
4 7 11 7 0
4 7 11 8 0
4 7 11 9 0
4 7 11 10 0
4 7 11 11 0
4 7 11 12 0
4 7 11 13 0
4 7 11 14 0
4 7 11 15 0
4 7 12 0 0
4 7 12 1 0
4 7 12 2 -7.914675859144182e-18
4 7 12 3 0
4 7 12 4 0
4 7 12 5 0
4 7 12 6 0
4 7 12 7 0
4 7 12 8 0
4 7 12 9 0
4 7 12 10 0
4 7 12 11 0
4 7 12 12 0
4 7 12 13 0
4 7 12 14 0
4 7 12 15 0
4 7 13 0 0
4 7 13 1 0
4 7 13 2 0
4 7 13 3 0
4 7 13 4 0
4 7 13 5 0
4 7 13 6 0
4 7 13 7 0
4 7 13 8 0
4 7 13 9 0
4 7 13 10 0
4 7 13 11 0
4 7 13 12 0
4 7 13 13 0
4 7 13 14 0
4 7 13 15 0
4 7 14 0 0
4 7 14 1 0
4 7 14 2 0
4 7 14 3 0
4 7 14 4 0
4 7 14 5 0.0001297347872223969
4 7 14 6 0
4 7 14 7 0
4 7 14 8 0
4 7 14 9 0
4 7 14 10 0
4 7 14 11 0
4 7 14 12 0
4 7 14 13 0
4 7 14 14 0
4 7 14 15 0
4 7 15 0 0
4 7 15 1 0
4 7 15 2 0
4 7 15 3 0
4 7 15 4 0
4 7 15 5 0
4 7 15 6 0
4 7 15 7 0
4 7 15 8 0
4 7 15 9 0
4 7 15 10 0
4 7 15 11 0
4 7 15 12 0
4 7 15 13 0
4 7 15 14 0
4 7 15 15 0
4 8 0 0 0
4 8 0 1 0
4 8 0 2 0
4 8 0 3 0
4 8 0 4 0
4 8 0 5 0
4 8 0 6 0
4 8 0 7 0
4 8 0 8 0
4 8 0 9 0
4 8 0 10 0
4 8 0 11 0
4 8 0 12 0
4 8 0 13 0
4 8 0 14 0
4 8 0 15 0
4 8 1 0 0
4 8 1 1 0
4 8 1 2 0
4 8 1 3 0
4 8 1 4 0
4 8 1 5 0
4 8 1 6 0
4 8 1 7 0
4 8 1 8 0
4 8 1 9 0
4 8 1 10 0
4 8 1 11 0
4 8 1 12 0
4 8 1 13 0
4 8 1 14 0
4 8 1 15 0
4 8 2 0 0
4 8 2 1 0
4 8 2 2 0
4 8 2 3 0
4 8 2 4 0
4 8 2 5 0
4 8 2 6 0
4 8 2 7 0
4 8 2 8 0
4 8 2 9 0
4 8 2 10 0
4 8 2 11 0
4 8 2 12 0
4 8 2 13 0
4 8 2 14 0
4 8 2 15 0
4 8 3 0 0
4 8 3 1 0
4 8 3 2 0
4 8 3 3 0
4 8 3 4 -0.008883861676736606
4 8 3 5 0
4 8 3 6 0
4 8 3 7 0
4 8 3 8 0
4 8 3 9 -0.0007533828639158829
4 8 3 10 0
4 8 3 11 0
4 8 3 12 0
4 8 3 13 0
4 8 3 14 0
4 8 3 15 0
4 8 4 0 0
4 8 4 1 0
4 8 4 2 0
4 8 4 3 0.00888386167673663
4 8 4 4 0
4 8 4 5 0
4 8 4 6 0
4 8 4 7 0
4 8 4 8 0.0006665440592788509
4 8 4 9 0
4 8 4 10 0
4 8 4 11 0
4 8 4 12 0
4 8 4 13 0
4 8 4 14 0
4 8 4 15 0
4 8 5 0 0
4 8 5 1 0
4 8 5 2 0
4 8 5 3 0
4 8 5 4 0
4 8 5 5 0
4 8 5 6 -5.694558870613349e-18
4 8 5 7 0
4 8 5 8 0
4 8 5 9 0
4 8 5 10 0
4 8 5 11 0
4 8 5 12 0
4 8 5 13 -1.660588660810009e-18
4 8 5 14 0
4 8 5 15 0
4 8 6 0 0
4 8 6 1 0
4 8 6 2 0
4 8 6 3 0
4 8 6 4 0
4 8 6 5 1.34315414966289e-17
4 8 6 6 0
4 8 6 7 0
4 8 6 8 0
4 8 6 9 0
4 8 6 10 0
4 8 6 11 0
4 8 6 12 1.601795076556918e-18
4 8 6 13 0
4 8 6 14 0
4 8 6 15 0
4 8 7 0 0
4 8 7 1 0
4 8 7 2 0
4 8 7 3 0
4 8 7 4 0
4 8 7 5 0
4 8 7 6 0
4 8 7 7 0
4 8 7 8 0
4 8 7 9 0
4 8 7 10 0
4 8 7 11 0
4 8 7 12 0
4 8 7 13 0
4 8 7 14 0
4 8 7 15 0
4 8 8 0 0
4 8 8 1 0
4 8 8 2 0
4 8 8 3 0
4 8 8 4 -0.0006665440592788478
4 8 8 5 0
4 8 8 6 0
4 8 8 7 0
4 8 8 8 0
4 8 8 9 0
4 8 8 10 0
4 8 8 11 0
4 8 8 12 0
4 8 8 13 0
4 8 8 14 0
4 8 8 15 0
4 8 9 0 0
4 8 9 1 0
4 8 9 2 0
4 8 9 3 0.0007533828639158843
4 8 9 4 0
4 8 9 5 0
4 8 9 6 0
4 8 9 7 0
4 8 9 8 0
4 8 9 9 0
4 8 9 10 0
4 8 9 11 0
4 8 9 12 0
4 8 9 13 0
4 8 9 14 0
4 8 9 15 0
4 8 10 0 0
4 8 10 1 0
4 8 10 2 0
4 8 10 3 0
4 8 10 4 0
4 8 10 5 0
4 8 10 6 0
4 8 10 7 0
4 8 10 8 0
4 8 10 9 0
4 8 10 10 0
4 8 10 11 0
4 8 10 12 0
4 8 10 13 0
4 8 10 14 0
4 8 10 15 0
4 8 11 0 0
4 8 11 1 0
4 8 11 2 0
4 8 11 3 0
4 8 11 4 0
4 8 11 5 0
4 8 11 6 0
4 8 11 7 0
4 8 11 8 0
4 8 11 9 0
4 8 11 10 0
4 8 11 11 0
4 8 11 12 0
4 8 11 13 0
4 8 11 14 0
4 8 11 15 0
4 8 12 0 0
4 8 12 1 0
4 8 12 2 0
4 8 12 3 0
4 8 12 4 0
4 8 12 5 0
4 8 12 6 -1.630084852223449e-18
4 8 12 7 0
4 8 12 8 0
4 8 12 9 0
4 8 12 10 0
4 8 12 11 0
4 8 12 12 0
4 8 12 13 0
4 8 12 14 0
4 8 12 15 0
4 8 13 0 0
4 8 13 1 0
4 8 13 2 0
4 8 13 3 0
4 8 13 4 0
4 8 13 5 1.726129486233862e-18
4 8 13 6 0
4 8 13 7 0
4 8 13 8 0
4 8 13 9 0
4 8 13 10 0
4 8 13 11 0
4 8 13 12 0
4 8 13 13 0
4 8 13 14 0
4 8 13 15 0
4 8 14 0 0
4 8 14 1 0
4 8 14 2 0
4 8 14 3 0
4 8 14 4 0
4 8 14 5 0
4 8 14 6 0
4 8 14 7 0
4 8 14 8 0
4 8 14 9 0
4 8 14 10 0
4 8 14 11 0
4 8 14 12 0
4 8 14 13 0
4 8 14 14 0
4 8 14 15 0
4 8 15 0 0
4 8 15 1 0
4 8 15 2 0
4 8 15 3 0
4 8 15 4 0
4 8 15 5 0
4 8 15 6 0
4 8 15 7 0
4 8 15 8 0
4 8 15 9 0
4 8 15 10 0
4 8 15 11 0
4 8 15 12 0
4 8 15 13 0
4 8 15 14 0
4 8 15 15 0
4 9 0 0 0
4 9 0 1 0
4 9 0 2 0
4 9 0 3 0
4 9 0 4 0
4 9 0 5 0
4 9 0 6 0
4 9 0 7 0
4 9 0 8 0
4 9 0 9 0
4 9 0 10 0
4 9 0 11 0
4 9 0 12 0
4 9 0 13 0
4 9 0 14 0
4 9 0 15 0
4 9 1 0 0
4 9 1 1 0
4 9 1 2 0
4 9 1 3 0
4 9 1 4 0
4 9 1 5 0
4 9 1 6 0
4 9 1 7 0
4 9 1 8 0
4 9 1 9 0
4 9 1 10 0
4 9 1 11 0
4 9 1 12 0
4 9 1 13 0
4 9 1 14 0
4 9 1 15 0
4 9 2 0 0
4 9 2 1 0
4 9 2 2 0
4 9 2 3 0
4 9 2 4 0
4 9 2 5 0
4 9 2 6 0
4 9 2 7 0
4 9 2 8 0
4 9 2 9 0
4 9 2 10 0
4 9 2 11 0
4 9 2 12 0
4 9 2 13 0
4 9 2 14 0
4 9 2 15 0
4 9 3 0 0
4 9 3 1 0
4 9 3 2 0
4 9 3 3 0
4 9 3 4 0
4 9 3 5 0
4 9 3 6 0
4 9 3 7 0
4 9 3 8 0
4 9 3 9 0
4 9 3 10 0
4 9 3 11 0
4 9 3 12 0
4 9 3 13 0
4 9 3 14 0
4 9 3 15 0
4 9 4 0 0
4 9 4 1 0
4 9 4 2 0
4 9 4 3 0
4 9 4 4 8.07669493477289e-18
4 9 4 5 0
4 9 4 6 0
4 9 4 7 0
4 9 4 8 0
4 9 4 9 1.435729713226825e-18
4 9 4 10 0
4 9 4 11 0
4 9 4 12 0
4 9 4 13 0
4 9 4 14 0
4 9 4 15 0
4 9 5 0 0
4 9 5 1 0
4 9 5 2 0
4 9 5 3 0
4 9 5 4 0
4 9 5 5 -1.306364185616984e-19
4 9 5 6 0
4 9 5 7 0
4 9 5 8 0
4 9 5 9 0
4 9 5 10 0
4 9 5 11 0
4 9 5 12 -4.079913966131968e-19
4 9 5 13 0
4 9 5 14 0
4 9 5 15 0
4 9 6 0 0
4 9 6 1 0
4 9 6 2 0
4 9 6 3 0
4 9 6 4 0
4 9 6 5 0
4 9 6 6 0
4 9 6 7 0
4 9 6 8 0
4 9 6 9 0
4 9 6 10 0
4 9 6 11 0
4 9 6 12 0
4 9 6 13 0
4 9 6 14 0
4 9 6 15 0
4 9 7 0 0
4 9 7 1 0
4 9 7 2 0
4 9 7 3 0
4 9 7 4 0
4 9 7 5 0
4 9 7 6 0
4 9 7 7 0
4 9 7 8 0
4 9 7 9 0
4 9 7 10 0
4 9 7 11 0
4 9 7 12 0
4 9 7 13 0
4 9 7 14 0
4 9 7 15 0
4 9 8 0 0
4 9 8 1 0
4 9 8 2 0
4 9 8 3 0
4 9 8 4 0
4 9 8 5 0
4 9 8 6 0
4 9 8 7 0
4 9 8 8 0
4 9 8 9 0
4 9 8 10 0
4 9 8 11 0
4 9 8 12 0
4 9 8 13 0
4 9 8 14 0
4 9 8 15 0
4 9 9 0 0
4 9 9 1 0
4 9 9 2 0
4 9 9 3 0
4 9 9 4 -9.728752273957834e-19
4 9 9 5 0
4 9 9 6 0
4 9 9 7 0
4 9 9 8 0
4 9 9 9 0
4 9 9 10 0
4 9 9 11 0
4 9 9 12 0
4 9 9 13 0
4 9 9 14 0
4 9 9 15 0
4 9 10 0 0
4 9 10 1 0
4 9 10 2 0
4 9 10 3 0
4 9 10 4 0
4 9 10 5 0
4 9 10 6 0
4 9 10 7 0
4 9 10 8 0
4 9 10 9 0
4 9 10 10 0
4 9 10 11 0
4 9 10 12 0
4 9 10 13 0
4 9 10 14 0
4 9 10 15 0
4 9 11 0 0
4 9 11 1 0
4 9 11 2 0
4 9 11 3 0
4 9 11 4 0
4 9 11 5 0
4 9 11 6 0
4 9 11 7 0
4 9 11 8 0
4 9 11 9 0
4 9 11 10 0
4 9 11 11 0
4 9 11 12 0
4 9 11 13 0
4 9 11 14 0
4 9 11 15 0
4 9 12 0 0
4 9 12 1 0
4 9 12 2 0
4 9 12 3 0
4 9 12 4 0
4 9 12 5 3.329049005501805e-20
4 9 12 6 0
4 9 12 7 0
4 9 12 8 0
4 9 12 9 0
4 9 12 10 0
4 9 12 11 0
4 9 12 12 0
4 9 12 13 0
4 9 12 14 0
4 9 12 15 0
4 9 13 0 0
4 9 13 1 0
4 9 13 2 0
4 9 13 3 0
4 9 13 4 0
4 9 13 5 0
4 9 13 6 0
4 9 13 7 0
4 9 13 8 0
4 9 13 9 0
4 9 13 10 0
4 9 13 11 0
4 9 13 12 0
4 9 13 13 0
4 9 13 14 0
4 9 13 15 0
4 9 14 0 0
4 9 14 1 0
4 9 14 2 0
4 9 14 3 0
4 9 14 4 0
4 9 14 5 0
4 9 14 6 0
4 9 14 7 0
4 9 14 8 0
4 9 14 9 0
4 9 14 10 0
4 9 14 11 0
4 9 14 12 0
4 9 14 13 0
4 9 14 14 0
4 9 14 15 0
4 9 15 0 0
4 9 15 1 0
4 9 15 2 0
4 9 15 3 0
4 9 15 4 0
4 9 15 5 0
4 9 15 6 0
4 9 15 7 0
4 9 15 8 0
4 9 15 9 0
4 9 15 10 0
4 9 15 11 0
4 9 15 12 0
4 9 15 13 0
4 9 15 14 0
4 9 15 15 0
4 10 0 0 0
4 10 0 1 0
4 10 0 2 0
4 10 0 3 0
4 10 0 4 0
4 10 0 5 0
4 10 0 6 0
4 10 0 7 0
4 10 0 8 0
4 10 0 9 0
4 10 0 10 0
4 10 0 11 0
4 10 0 12 0
4 10 0 13 0
4 10 0 14 0
4 10 0 15 0
4 10 1 0 0
4 10 1 1 0
4 10 1 2 0
4 10 1 3 0
4 10 1 4 0
4 10 1 5 0
4 10 1 6 0
4 10 1 7 0
4 10 1 8 0
4 10 1 9 0
4 10 1 10 0
4 10 1 11 0
4 10 1 12 0
4 10 1 13 0
4 10 1 14 0
4 10 1 15 0
4 10 2 0 0
4 10 2 1 0
4 10 2 2 0
4 10 2 3 0
4 10 2 4 0
4 10 2 5 0
4 10 2 6 0
4 10 2 7 0
4 10 2 8 0
4 10 2 9 0
4 10 2 10 0
4 10 2 11 0
4 10 2 12 0
4 10 2 13 0
4 10 2 14 0
4 10 2 15 0
4 10 3 0 0
4 10 3 1 0
4 10 3 2 0
4 10 3 3 0
4 10 3 4 0
4 10 3 5 0
4 10 3 6 0
4 10 3 7 0
4 10 3 8 0
4 10 3 9 0
4 10 3 10 0
4 10 3 11 0
4 10 3 12 0
4 10 3 13 0
4 10 3 14 0
4 10 3 15 0
4 10 4 0 0
4 10 4 1 0
4 10 4 2 0
4 10 4 3 0
4 10 4 4 0
4 10 4 5 0
4 10 4 6 0
4 10 4 7 0
4 10 4 8 0
4 10 4 9 0
4 10 4 10 0
4 10 4 11 0
4 10 4 12 0
4 10 4 13 0
4 10 4 14 0
4 10 4 15 0
4 10 5 0 0
4 10 5 1 0
4 10 5 2 0
4 10 5 3 0
4 10 5 4 0
4 10 5 5 0
4 10 5 6 0
4 10 5 7 0
4 10 5 8 0
4 10 5 9 0
4 10 5 10 0
4 10 5 11 0
4 10 5 12 0
4 10 5 13 0
4 10 5 14 0
4 10 5 15 0
4 10 6 0 0
4 10 6 1 0
4 10 6 2 0
4 10 6 3 0
4 10 6 4 0
4 10 6 5 0
4 10 6 6 0
4 10 6 7 0
4 10 6 8 0
4 10 6 9 0
4 10 6 10 0
4 10 6 11 0
4 10 6 12 0
4 10 6 13 0
4 10 6 14 0
4 10 6 15 0
4 10 7 0 0
4 10 7 1 0
4 10 7 2 0
4 10 7 3 0
4 10 7 4 0
4 10 7 5 0
4 10 7 6 0
4 10 7 7 0
4 10 7 8 0
4 10 7 9 0
4 10 7 10 0
4 10 7 11 0
4 10 7 12 0
4 10 7 13 0
4 10 7 14 0
4 10 7 15 0
4 10 8 0 0
4 10 8 1 0
4 10 8 2 0
4 10 8 3 0
4 10 8 4 0
4 10 8 5 0
4 10 8 6 0
4 10 8 7 0
4 10 8 8 0
4 10 8 9 0
4 10 8 10 0
4 10 8 11 0
4 10 8 12 0
4 10 8 13 0
4 10 8 14 0
4 10 8 15 0
4 10 9 0 0
4 10 9 1 0
4 10 9 2 0
4 10 9 3 0
4 10 9 4 0
4 10 9 5 0
4 10 9 6 0
4 10 9 7 0
4 10 9 8 0
4 10 9 9 0
4 10 9 10 0
4 10 9 11 0
4 10 9 12 0
4 10 9 13 0
4 10 9 14 0
4 10 9 15 0
4 10 10 0 0
4 10 10 1 0
4 10 10 2 0
4 10 10 3 0
4 10 10 4 0
4 10 10 5 0
4 10 10 6 0
4 10 10 7 0
4 10 10 8 0
4 10 10 9 0
4 10 10 10 0
4 10 10 11 0
4 10 10 12 0
4 10 10 13 0
4 10 10 14 0
4 10 10 15 0
4 10 11 0 0
4 10 11 1 0
4 10 11 2 0
4 10 11 3 0
4 10 11 4 0
4 10 11 5 0
4 10 11 6 0
4 10 11 7 0
4 10 11 8 0
4 10 11 9 0
4 10 11 10 0
4 10 11 11 0
4 10 11 12 0
4 10 11 13 0
4 10 11 14 0
4 10 11 15 0
4 10 12 0 0
4 10 12 1 0
4 10 12 2 0
4 10 12 3 0
4 10 12 4 0
4 10 12 5 0
4 10 12 6 0
4 10 12 7 0
4 10 12 8 0
4 10 12 9 0
4 10 12 10 0
4 10 12 11 0
4 10 12 12 0
4 10 12 13 0
4 10 12 14 0
4 10 12 15 0
4 10 13 0 0
4 10 13 1 0
4 10 13 2 0
4 10 13 3 0
4 10 13 4 0
4 10 13 5 0
4 10 13 6 0
4 10 13 7 0
4 10 13 8 0
4 10 13 9 0
4 10 13 10 0
4 10 13 11 0
4 10 13 12 0
4 10 13 13 0
4 10 13 14 0
4 10 13 15 0
4 10 14 0 0
4 10 14 1 0
4 10 14 2 0
4 10 14 3 0
4 10 14 4 0
4 10 14 5 0
4 10 14 6 0
4 10 14 7 0
4 10 14 8 0
4 10 14 9 0
4 10 14 10 0
4 10 14 11 0
4 10 14 12 0
4 10 14 13 0
4 10 14 14 0
4 10 14 15 0
4 10 15 0 0
4 10 15 1 0
4 10 15 2 0
4 10 15 3 0
4 10 15 4 0
4 10 15 5 0
4 10 15 6 0
4 10 15 7 0
4 10 15 8 0
4 10 15 9 0
4 10 15 10 0
4 10 15 11 0
4 10 15 12 0
4 10 15 13 0
4 10 15 14 0
4 10 15 15 0
4 11 0 0 0
4 11 0 1 0
4 11 0 2 0
4 11 0 3 0
4 11 0 4 -0.001980992591638142
4 11 0 5 0
4 11 0 6 0
4 11 0 7 0
4 11 0 8 0
4 11 0 9 -0.0001521904293612199
4 11 0 10 0
4 11 0 11 0
4 11 0 12 0
4 11 0 13 0
4 11 0 14 0
4 11 0 15 0
4 11 1 0 0
4 11 1 1 0
4 11 1 2 0
4 11 1 3 0
4 11 1 4 0
4 11 1 5 0
4 11 1 6 0
4 11 1 7 0
4 11 1 8 0
4 11 1 9 0
4 11 1 10 0
4 11 1 11 0
4 11 1 12 0
4 11 1 13 0
4 11 1 14 0
4 11 1 15 0
4 11 2 0 0
4 11 2 1 0
4 11 2 2 0
4 11 2 3 0
4 11 2 4 0.0002354485490363338
4 11 2 5 0
4 11 2 6 0
4 11 2 7 0
4 11 2 8 0
4 11 2 9 1.996686898472633e-05
4 11 2 10 0
4 11 2 11 0
4 11 2 12 0
4 11 2 13 0
4 11 2 14 0
4 11 2 15 0
4 11 3 0 0
4 11 3 1 0
4 11 3 2 0
4 11 3 3 0
4 11 3 4 0
4 11 3 5 0
4 11 3 6 0
4 11 3 7 0
4 11 3 8 0
4 11 3 9 0
4 11 3 10 0
4 11 3 11 0
4 11 3 12 0
4 11 3 13 0
4 11 3 14 0
4 11 3 15 0
4 11 4 0 -0.002220143575202455
4 11 4 1 0
4 11 4 2 -0.002223322100579553
4 11 4 3 0
4 11 4 4 0
4 11 4 5 0
4 11 4 6 0
4 11 4 7 0
4 11 4 8 0
4 11 4 9 0
4 11 4 10 0
4 11 4 11 0.0001988415723360367
4 11 4 12 0
4 11 4 13 0
4 11 4 14 -0.0001327087952273341
4 11 4 15 0
4 11 5 0 0
4 11 5 1 0
4 11 5 2 0
4 11 5 3 0
4 11 5 4 0
4 11 5 5 0
4 11 5 6 0
4 11 5 7 0
4 11 5 8 0
4 11 5 9 0
4 11 5 10 0
4 11 5 11 0
4 11 5 12 0
4 11 5 13 0
4 11 5 14 0
4 11 5 15 0
4 11 6 0 0
4 11 6 1 0
4 11 6 2 0
4 11 6 3 0
4 11 6 4 0
4 11 6 5 0
4 11 6 6 0
4 11 6 7 0
4 11 6 8 0
4 11 6 9 0
4 11 6 10 0
4 11 6 11 0
4 11 6 12 0
4 11 6 13 0
4 11 6 14 0
4 11 6 15 0
4 11 7 0 0
4 11 7 1 0
4 11 7 2 0
4 11 7 3 0
4 11 7 4 0
4 11 7 5 0
4 11 7 6 0
4 11 7 7 0
4 11 7 8 0
4 11 7 9 0
4 11 7 10 0
4 11 7 11 0
4 11 7 12 0
4 11 7 13 0
4 11 7 14 0
4 11 7 15 0
4 11 8 0 0
4 11 8 1 0
4 11 8 2 0
4 11 8 3 0
4 11 8 4 0
4 11 8 5 0
4 11 8 6 0
4 11 8 7 0
4 11 8 8 0
4 11 8 9 0
4 11 8 10 0
4 11 8 11 0
4 11 8 12 0
4 11 8 13 0
4 11 8 14 0
4 11 8 15 0
4 11 9 0 -0.0001659254964168851
4 11 9 1 0
4 11 9 2 -0.0001885455708893252
4 11 9 3 0
4 11 9 4 0
4 11 9 5 0
4 11 9 6 0
4 11 9 7 0
4 11 9 8 0
4 11 9 9 0
4 11 9 10 0
4 11 9 11 0
4 11 9 12 0
4 11 9 13 0
4 11 9 14 0
4 11 9 15 0
4 11 10 0 0
4 11 10 1 0
4 11 10 2 0
4 11 10 3 0
4 11 10 4 0
4 11 10 5 0
4 11 10 6 0
4 11 10 7 0
4 11 10 8 0
4 11 10 9 0
4 11 10 10 0
4 11 10 11 0
4 11 10 12 0
4 11 10 13 0
4 11 10 14 0
4 11 10 15 0
4 11 11 0 0
4 11 11 1 0
4 11 11 2 0
4 11 11 3 0
4 11 11 4 -3.432100941183988e-05
4 11 11 5 0
4 11 11 6 0
4 11 11 7 0
4 11 11 8 0
4 11 11 9 0
4 11 11 10 0
4 11 11 11 0
4 11 11 12 0
4 11 11 13 0
4 11 11 14 0
4 11 11 15 0
4 11 12 0 0
4 11 12 1 0
4 11 12 2 0
4 11 12 3 0
4 11 12 4 0
4 11 12 5 0
4 11 12 6 0
4 11 12 7 0
4 11 12 8 0
4 11 12 9 0
4 11 12 10 0
4 11 12 11 0
4 11 12 12 0
4 11 12 13 0
4 11 12 14 0
4 11 12 15 0
4 11 13 0 0
4 11 13 1 0
4 11 13 2 0
4 11 13 3 0
4 11 13 4 0
4 11 13 5 0
4 11 13 6 0
4 11 13 7 0
4 11 13 8 0
4 11 13 9 0
4 11 13 10 0
4 11 13 11 0
4 11 13 12 0
4 11 13 13 0
4 11 13 14 0
4 11 13 15 0
4 11 14 0 0
4 11 14 1 0
4 11 14 2 0
4 11 14 3 0
4 11 14 4 0.0001407520617529154
4 11 14 5 0
4 11 14 6 0
4 11 14 7 0
4 11 14 8 0
4 11 14 9 0
4 11 14 10 0
4 11 14 11 0
4 11 14 12 0
4 11 14 13 0
4 11 14 14 0
4 11 14 15 0
4 11 15 0 0
4 11 15 1 0
4 11 15 2 0
4 11 15 3 0
4 11 15 4 0
4 11 15 5 0
4 11 15 6 0
4 11 15 7 0
4 11 15 8 0
4 11 15 9 0
4 11 15 10 0
4 11 15 11 0
4 11 15 12 0
4 11 15 13 0
4 11 15 14 0
4 11 15 15 0
4 12 0 0 0
4 12 0 1 0
4 12 0 2 0
4 12 0 3 0
4 12 0 4 0
4 12 0 5 0
4 12 0 6 0
4 12 0 7 0
4 12 0 8 0
4 12 0 9 0
4 12 0 10 0
4 12 0 11 0
4 12 0 12 0
4 12 0 13 0
4 12 0 14 0
4 12 0 15 0
4 12 1 0 0
4 12 1 1 0
4 12 1 2 0
4 12 1 3 0
4 12 1 4 0
4 12 1 5 0
4 12 1 6 0
4 12 1 7 0
4 12 1 8 0
4 12 1 9 0
4 12 1 10 0
4 12 1 11 0
4 12 1 12 0
4 12 1 13 0
4 12 1 14 0
4 12 1 15 0
4 12 2 0 0
4 12 2 1 0
4 12 2 2 0
4 12 2 3 0
4 12 2 4 0
4 12 2 5 0
4 12 2 6 0
4 12 2 7 0
4 12 2 8 0
4 12 2 9 0
4 12 2 10 0
4 12 2 11 0
4 12 2 12 0
4 12 2 13 0
4 12 2 14 0
4 12 2 15 0
4 12 3 0 0
4 12 3 1 0
4 12 3 2 0
4 12 3 3 0
4 12 3 4 0
4 12 3 5 0
4 12 3 6 0
4 12 3 7 0
4 12 3 8 0
4 12 3 9 0
4 12 3 10 0
4 12 3 11 0
4 12 3 12 0
4 12 3 13 0
4 12 3 14 0
4 12 3 15 0
4 12 4 0 0
4 12 4 1 0
4 12 4 2 0
4 12 4 3 0
4 12 4 4 0
4 12 4 5 0.009198659206302019
4 12 4 6 0
4 12 4 7 0
4 12 4 8 0
4 12 4 9 0
4 12 4 10 0
4 12 4 11 0
4 12 4 12 0.0007146186479488622
4 12 4 13 0
4 12 4 14 0
4 12 4 15 0
4 12 5 0 0
4 12 5 1 0
4 12 5 2 0
4 12 5 3 0
4 12 5 4 -0.009198659206302013
4 12 5 5 0
4 12 5 6 0
4 12 5 7 0
4 12 5 8 0
4 12 5 9 -0.0007800788068523527
4 12 5 10 0
4 12 5 11 0
4 12 5 12 0
4 12 5 13 0
4 12 5 14 0
4 12 5 15 0
4 12 6 0 0
4 12 6 1 0
4 12 6 2 0
4 12 6 3 0
4 12 6 4 0
4 12 6 5 0
4 12 6 6 0
4 12 6 7 0
4 12 6 8 0
4 12 6 9 0
4 12 6 10 0
4 12 6 11 0
4 12 6 12 0
4 12 6 13 0
4 12 6 14 0
4 12 6 15 0
4 12 7 0 0
4 12 7 1 0
4 12 7 2 0
4 12 7 3 0
4 12 7 4 0
4 12 7 5 0
4 12 7 6 0
4 12 7 7 0
4 12 7 8 0
4 12 7 9 0
4 12 7 10 0
4 12 7 11 0
4 12 7 12 0
4 12 7 13 0
4 12 7 14 0
4 12 7 15 0
4 12 8 0 0
4 12 8 1 0
4 12 8 2 0
4 12 8 3 0
4 12 8 4 0
4 12 8 5 0
4 12 8 6 0
4 12 8 7 0
4 12 8 8 0
4 12 8 9 0
4 12 8 10 0
4 12 8 11 0
4 12 8 12 0
4 12 8 13 0
4 12 8 14 0
4 12 8 15 0
4 12 9 0 0
4 12 9 1 0
4 12 9 2 0
4 12 9 3 0
4 12 9 4 0
4 12 9 5 0.0007800788068523525
4 12 9 6 0
4 12 9 7 0
4 12 9 8 0
4 12 9 9 0
4 12 9 10 0
4 12 9 11 0
4 12 9 12 0
4 12 9 13 0
4 12 9 14 0
4 12 9 15 0
4 12 10 0 0
4 12 10 1 0
4 12 10 2 0
4 12 10 3 0
4 12 10 4 0
4 12 10 5 0
4 12 10 6 0
4 12 10 7 0
4 12 10 8 0
4 12 10 9 0
4 12 10 10 0
4 12 10 11 0
4 12 10 12 0
4 12 10 13 0
4 12 10 14 0
4 12 10 15 0
4 12 11 0 0
4 12 11 1 0
4 12 11 2 0
4 12 11 3 0
4 12 11 4 0
4 12 11 5 0
4 12 11 6 0
4 12 11 7 0
4 12 11 8 0
4 12 11 9 0
4 12 11 10 0
4 12 11 11 0
4 12 11 12 0
4 12 11 13 0
4 12 11 14 0
4 12 11 15 0
4 12 12 0 0
4 12 12 1 0
4 12 12 2 0
4 12 12 3 0
4 12 12 4 -0.0007146186479488603
4 12 12 5 0
4 12 12 6 0
4 12 12 7 0
4 12 12 8 0
4 12 12 9 0
4 12 12 10 0
4 12 12 11 0
4 12 12 12 0
4 12 12 13 0
4 12 12 14 0
4 12 12 15 0
4 12 13 0 0
4 12 13 1 0
4 12 13 2 0
4 12 13 3 0
4 12 13 4 0
4 12 13 5 0
4 12 13 6 0
4 12 13 7 0
4 12 13 8 0
4 12 13 9 0
4 12 13 10 0
4 12 13 11 0
4 12 13 12 0
4 12 13 13 0
4 12 13 14 0
4 12 13 15 0
4 12 14 0 0
4 12 14 1 0
4 12 14 2 0
4 12 14 3 0
4 12 14 4 0
4 12 14 5 0
4 12 14 6 0
4 12 14 7 0
4 12 14 8 0
4 12 14 9 0
4 12 14 10 0
4 12 14 11 0
4 12 14 12 0
4 12 14 13 0
4 12 14 14 0
4 12 14 15 0
4 12 15 0 0
4 12 15 1 0
4 12 15 2 0
4 12 15 3 0
4 12 15 4 0
4 12 15 5 0
4 12 15 6 0
4 12 15 7 0
4 12 15 8 0
4 12 15 9 0
4 12 15 10 0
4 12 15 11 0
4 12 15 12 0
4 12 15 13 0
4 12 15 14 0
4 12 15 15 0
4 13 0 0 0
4 13 0 1 0
4 13 0 2 0
4 13 0 3 0
4 13 0 4 0
4 13 0 5 0
4 13 0 6 0
4 13 0 7 0
4 13 0 8 0
4 13 0 9 0
4 13 0 10 0
4 13 0 11 0
4 13 0 12 0
4 13 0 13 0
4 13 0 14 0
4 13 0 15 0
4 13 1 0 0
4 13 1 1 0
4 13 1 2 0
4 13 1 3 0
4 13 1 4 0
4 13 1 5 0
4 13 1 6 0
4 13 1 7 0
4 13 1 8 0
4 13 1 9 0
4 13 1 10 0
4 13 1 11 0
4 13 1 12 0
4 13 1 13 0
4 13 1 14 0
4 13 1 15 0
4 13 2 0 0
4 13 2 1 0
4 13 2 2 0
4 13 2 3 0
4 13 2 4 0
4 13 2 5 0
4 13 2 6 0
4 13 2 7 0
4 13 2 8 0
4 13 2 9 0
4 13 2 10 0
4 13 2 11 0
4 13 2 12 0
4 13 2 13 0
4 13 2 14 0
4 13 2 15 0
4 13 3 0 0
4 13 3 1 0
4 13 3 2 0
4 13 3 3 0
4 13 3 4 0
4 13 3 5 1.392843550803441e-19
4 13 3 6 0
4 13 3 7 0
4 13 3 8 0
4 13 3 9 0
4 13 3 10 0
4 13 3 11 0
4 13 3 12 -2.404065443846531e-19
4 13 3 13 0
4 13 3 14 0
4 13 3 15 0
4 13 4 0 0
4 13 4 1 0
4 13 4 2 0
4 13 4 3 0
4 13 4 4 0
4 13 4 5 0
4 13 4 6 0.008229363222880381
4 13 4 7 0
4 13 4 8 0
4 13 4 9 0
4 13 4 10 0
4 13 4 11 0
4 13 4 12 0
4 13 4 13 0.0005719495847565321
4 13 4 14 0
4 13 4 15 0
4 13 5 0 0
4 13 5 1 0
4 13 5 2 0
4 13 5 3 4.415872357723941e-19
4 13 5 4 0
4 13 5 5 0
4 13 5 6 0
4 13 5 7 0
4 13 5 8 -1.379291356458322e-18
4 13 5 9 0
4 13 5 10 0
4 13 5 11 0
4 13 5 12 0
4 13 5 13 0
4 13 5 14 0
4 13 5 15 0
4 13 6 0 0
4 13 6 1 0
4 13 6 2 0
4 13 6 3 0
4 13 6 4 -0.008229363222880367
4 13 6 5 0
4 13 6 6 0
4 13 6 7 0
4 13 6 8 0
4 13 6 9 -0.00069787908216679
4 13 6 10 0
4 13 6 11 0
4 13 6 12 0
4 13 6 13 0
4 13 6 14 0
4 13 6 15 0
4 13 7 0 0
4 13 7 1 0
4 13 7 2 0
4 13 7 3 0
4 13 7 4 0
4 13 7 5 0
4 13 7 6 0
4 13 7 7 0
4 13 7 8 0
4 13 7 9 0
4 13 7 10 0
4 13 7 11 0
4 13 7 12 0
4 13 7 13 0
4 13 7 14 0
4 13 7 15 0
4 13 8 0 0
4 13 8 1 0
4 13 8 2 0
4 13 8 3 0
4 13 8 4 0
4 13 8 5 5.823722935855397e-20
4 13 8 6 0
4 13 8 7 0
4 13 8 8 0
4 13 8 9 0
4 13 8 10 0
4 13 8 11 0
4 13 8 12 0
4 13 8 13 0
4 13 8 14 0
4 13 8 15 0
4 13 9 0 0
4 13 9 1 0
4 13 9 2 0
4 13 9 3 0
4 13 9 4 0
4 13 9 5 0
4 13 9 6 0.000697879082166791
4 13 9 7 0
4 13 9 8 0
4 13 9 9 0
4 13 9 10 0
4 13 9 11 0
4 13 9 12 0
4 13 9 13 0
4 13 9 14 0
4 13 9 15 0
4 13 10 0 0
4 13 10 1 0
4 13 10 2 0
4 13 10 3 0
4 13 10 4 0
4 13 10 5 0
4 13 10 6 0
4 13 10 7 0
4 13 10 8 0
4 13 10 9 0
4 13 10 10 0
4 13 10 11 0
4 13 10 12 0
4 13 10 13 0
4 13 10 14 0
4 13 10 15 0
4 13 11 0 0
4 13 11 1 0
4 13 11 2 0
4 13 11 3 0
4 13 11 4 0
4 13 11 5 0
4 13 11 6 0
4 13 11 7 0
4 13 11 8 0
4 13 11 9 0
4 13 11 10 0
4 13 11 11 0
4 13 11 12 0
4 13 11 13 0
4 13 11 14 0
4 13 11 15 0
4 13 12 0 0
4 13 12 1 0
4 13 12 2 0
4 13 12 3 7.908582588258175e-19
4 13 12 4 0
4 13 12 5 0
4 13 12 6 0
4 13 12 7 0
4 13 12 8 0
4 13 12 9 0
4 13 12 10 0
4 13 12 11 0
4 13 12 12 0
4 13 12 13 0
4 13 12 14 0
4 13 12 15 0
4 13 13 0 0
4 13 13 1 0
4 13 13 2 0
4 13 13 3 0
4 13 13 4 -0.0005719495847565303
4 13 13 5 0
4 13 13 6 0
4 13 13 7 0
4 13 13 8 0
4 13 13 9 0
4 13 13 10 0
4 13 13 11 0
4 13 13 12 0
4 13 13 13 0
4 13 13 14 0
4 13 13 15 0
4 13 14 0 0
4 13 14 1 0
4 13 14 2 0
4 13 14 3 0
4 13 14 4 0
4 13 14 5 0
4 13 14 6 0
4 13 14 7 0
4 13 14 8 0
4 13 14 9 0
4 13 14 10 0
4 13 14 11 0
4 13 14 12 0
4 13 14 13 0
4 13 14 14 0
4 13 14 15 0
4 13 15 0 0
4 13 15 1 0
4 13 15 2 0
4 13 15 3 0
4 13 15 4 0
4 13 15 5 0
4 13 15 6 0
4 13 15 7 0
4 13 15 8 0
4 13 15 9 0
4 13 15 10 0
4 13 15 11 0
4 13 15 12 0
4 13 15 13 0
4 13 15 14 0
4 13 15 15 0
4 14 0 0 0
4 14 0 1 0
4 14 0 2 0
4 14 0 3 0
4 14 0 4 0
4 14 0 5 0
4 14 0 6 0
4 14 0 7 0
4 14 0 8 0
4 14 0 9 0
4 14 0 10 0
4 14 0 11 0
4 14 0 12 0
4 14 0 13 0
4 14 0 14 0
4 14 0 15 0
4 14 1 0 0
4 14 1 1 0
4 14 1 2 0
4 14 1 3 0
4 14 1 4 0
4 14 1 5 0
4 14 1 6 0
4 14 1 7 0
4 14 1 8 0
4 14 1 9 0
4 14 1 10 0
4 14 1 11 0
4 14 1 12 0
4 14 1 13 0
4 14 1 14 0
4 14 1 15 0
4 14 2 0 0
4 14 2 1 0
4 14 2 2 0
4 14 2 3 0
4 14 2 4 -0.001309322684920413
4 14 2 5 0
4 14 2 6 0
4 14 2 7 0
4 14 2 8 0
4 14 2 9 -0.0001110351905566513
4 14 2 10 0
4 14 2 11 0
4 14 2 12 0
4 14 2 13 0
4 14 2 14 0
4 14 2 15 0
4 14 3 0 0
4 14 3 1 0
4 14 3 2 0
4 14 3 3 0
4 14 3 4 0
4 14 3 5 0
4 14 3 6 0
4 14 3 7 0
4 14 3 8 0
4 14 3 9 0
4 14 3 10 0
4 14 3 11 0
4 14 3 12 0
4 14 3 13 0
4 14 3 14 0
4 14 3 15 0
4 14 4 0 0
4 14 4 1 0
4 14 4 2 0.0008302312373619392
4 14 4 3 0
4 14 4 4 0
4 14 4 5 0
4 14 4 6 0
4 14 4 7 0
4 14 4 8 0
4 14 4 9 0
4 14 4 10 0
4 14 4 11 -0.0001327087952273341
4 14 4 12 0
4 14 4 13 0
4 14 4 14 0.0004913239519447538
4 14 4 15 0
4 14 5 0 0
4 14 5 1 0
4 14 5 2 0
4 14 5 3 0
4 14 5 4 0
4 14 5 5 0
4 14 5 6 0
4 14 5 7 2.510684237819939e-18
4 14 5 8 0
4 14 5 9 0
4 14 5 10 0
4 14 5 11 0
4 14 5 12 0
4 14 5 13 0
4 14 5 14 0
4 14 5 15 0
4 14 6 0 0
4 14 6 1 0
4 14 6 2 0
4 14 6 3 0
4 14 6 4 0
4 14 6 5 0
4 14 6 6 0
4 14 6 7 0
4 14 6 8 0
4 14 6 9 0
4 14 6 10 0
4 14 6 11 0
4 14 6 12 0
4 14 6 13 0
4 14 6 14 0
4 14 6 15 0
4 14 7 0 0
4 14 7 1 0
4 14 7 2 0
4 14 7 3 0
4 14 7 4 0
4 14 7 5 -3.835215917840997e-18
4 14 7 6 0
4 14 7 7 0
4 14 7 8 0
4 14 7 9 0
4 14 7 10 0
4 14 7 11 0
4 14 7 12 0
4 14 7 13 0
4 14 7 14 0
4 14 7 15 0
4 14 8 0 0
4 14 8 1 0
4 14 8 2 0
4 14 8 3 0
4 14 8 4 0
4 14 8 5 0
4 14 8 6 0
4 14 8 7 0
4 14 8 8 0
4 14 8 9 0
4 14 8 10 0
4 14 8 11 0
4 14 8 12 0
4 14 8 13 0
4 14 8 14 0
4 14 8 15 0
4 14 9 0 0
4 14 9 1 0
4 14 9 2 7.040654279366737e-05
4 14 9 3 0
4 14 9 4 0
4 14 9 5 0
4 14 9 6 0
4 14 9 7 0
4 14 9 8 0
4 14 9 9 0
4 14 9 10 0
4 14 9 11 0
4 14 9 12 0
4 14 9 13 0
4 14 9 14 0
4 14 9 15 0
4 14 10 0 0
4 14 10 1 0
4 14 10 2 0
4 14 10 3 0
4 14 10 4 0
4 14 10 5 0
4 14 10 6 0
4 14 10 7 0
4 14 10 8 0
4 14 10 9 0
4 14 10 10 0
4 14 10 11 0
4 14 10 12 0
4 14 10 13 0
4 14 10 14 0
4 14 10 15 0
4 14 11 0 0
4 14 11 1 0
4 14 11 2 0
4 14 11 3 0
4 14 11 4 0.0001407520617529154
4 14 11 5 0
4 14 11 6 0
4 14 11 7 0
4 14 11 8 0
4 14 11 9 0
4 14 11 10 0
4 14 11 11 0
4 14 11 12 0
4 14 11 13 0
4 14 11 14 0
4 14 11 15 0
4 14 12 0 0
4 14 12 1 0
4 14 12 2 0
4 14 12 3 0
4 14 12 4 0
4 14 12 5 0
4 14 12 6 0
4 14 12 7 0
4 14 12 8 0
4 14 12 9 0
4 14 12 10 0
4 14 12 11 0
4 14 12 12 0
4 14 12 13 0
4 14 12 14 0
4 14 12 15 0
4 14 13 0 0
4 14 13 1 0
4 14 13 2 0
4 14 13 3 0
4 14 13 4 0
4 14 13 5 0
4 14 13 6 0
4 14 13 7 0
4 14 13 8 0
4 14 13 9 0
4 14 13 10 0
4 14 13 11 0
4 14 13 12 0
4 14 13 13 0
4 14 13 14 0
4 14 13 15 0
4 14 14 0 0
4 14 14 1 0
4 14 14 2 0
4 14 14 3 0
4 14 14 4 -0.0004893854683828331
4 14 14 5 0
4 14 14 6 0
4 14 14 7 0
4 14 14 8 0
4 14 14 9 0
4 14 14 10 0
4 14 14 11 0
4 14 14 12 0
4 14 14 13 0
4 14 14 14 0
4 14 14 15 0
4 14 15 0 0
4 14 15 1 0
4 14 15 2 0
4 14 15 3 0
4 14 15 4 0
4 14 15 5 0
4 14 15 6 0
4 14 15 7 0
4 14 15 8 0
4 14 15 9 0
4 14 15 10 0
4 14 15 11 0
4 14 15 12 0
4 14 15 13 0
4 14 15 14 0
4 14 15 15 0
4 15 0 0 0
4 15 0 1 0
4 15 0 2 0
4 15 0 3 0
4 15 0 4 0
4 15 0 5 0
4 15 0 6 0
4 15 0 7 0
4 15 0 8 0
4 15 0 9 0
4 15 0 10 0
4 15 0 11 0
4 15 0 12 0
4 15 0 13 0
4 15 0 14 0
4 15 0 15 0
4 15 1 0 0
4 15 1 1 0
4 15 1 2 0
4 15 1 3 0
4 15 1 4 -0.0004492308156474558
4 15 1 5 0
4 15 1 6 0
4 15 1 7 0
4 15 1 8 0
4 15 1 9 -3.809636065563682e-05
4 15 1 10 0
4 15 1 11 0
4 15 1 12 0
4 15 1 13 0
4 15 1 14 0
4 15 1 15 0
4 15 2 0 0
4 15 2 1 0
4 15 2 2 0
4 15 2 3 0
4 15 2 4 0
4 15 2 5 0
4 15 2 6 0
4 15 2 7 0
4 15 2 8 0
4 15 2 9 0
4 15 2 10 0
4 15 2 11 0
4 15 2 12 0
4 15 2 13 0
4 15 2 14 0
4 15 2 15 0
4 15 3 0 0
4 15 3 1 0
4 15 3 2 0
4 15 3 3 0
4 15 3 4 0
4 15 3 5 0
4 15 3 6 0
4 15 3 7 0
4 15 3 8 0
4 15 3 9 0
4 15 3 10 0
4 15 3 11 0
4 15 3 12 0
4 15 3 13 0
4 15 3 14 0
4 15 3 15 0
4 15 4 0 0
4 15 4 1 0.001900509923577761
4 15 4 2 0
4 15 4 3 0
4 15 4 4 0
4 15 4 5 0
4 15 4 6 0
4 15 4 7 0
4 15 4 8 0
4 15 4 9 0
4 15 4 10 0
4 15 4 11 0
4 15 4 12 0
4 15 4 13 0
4 15 4 14 0
4 15 4 15 1.754400527554864e-05
4 15 5 0 0
4 15 5 1 0
4 15 5 2 0
4 15 5 3 0
4 15 5 4 0
4 15 5 5 0
4 15 5 6 0
4 15 5 7 0
4 15 5 8 0
4 15 5 9 0
4 15 5 10 0
4 15 5 11 0
4 15 5 12 0
4 15 5 13 0
4 15 5 14 0
4 15 5 15 0
4 15 6 0 0
4 15 6 1 0
4 15 6 2 0
4 15 6 3 0
4 15 6 4 0
4 15 6 5 0
4 15 6 6 0
4 15 6 7 0
4 15 6 8 0
4 15 6 9 0
4 15 6 10 0
4 15 6 11 0
4 15 6 12 0
4 15 6 13 0
4 15 6 14 0
4 15 6 15 0
4 15 7 0 0
4 15 7 1 0
4 15 7 2 0
4 15 7 3 0
4 15 7 4 0
4 15 7 5 0
4 15 7 6 0
4 15 7 7 0
4 15 7 8 0
4 15 7 9 0
4 15 7 10 0
4 15 7 11 0
4 15 7 12 0
4 15 7 13 0
4 15 7 14 0
4 15 7 15 0
4 15 8 0 0
4 15 8 1 0
4 15 8 2 0
4 15 8 3 0
4 15 8 4 0
4 15 8 5 0
4 15 8 6 0
4 15 8 7 0
4 15 8 8 0
4 15 8 9 0
4 15 8 10 0
4 15 8 11 0
4 15 8 12 0
4 15 8 13 0
4 15 8 14 0
4 15 8 15 0
4 15 9 0 0
4 15 9 1 0.000161169957528147
4 15 9 2 0
4 15 9 3 0
4 15 9 4 0
4 15 9 5 0
4 15 9 6 0
4 15 9 7 0
4 15 9 8 0
4 15 9 9 0
4 15 9 10 0
4 15 9 11 0
4 15 9 12 0
4 15 9 13 0
4 15 9 14 0
4 15 9 15 0
4 15 10 0 0
4 15 10 1 0
4 15 10 2 0
4 15 10 3 0
4 15 10 4 0
4 15 10 5 0
4 15 10 6 0
4 15 10 7 0
4 15 10 8 0
4 15 10 9 0
4 15 10 10 0
4 15 10 11 0
4 15 10 12 0
4 15 10 13 0
4 15 10 14 0
4 15 10 15 0
4 15 11 0 0
4 15 11 1 0
4 15 11 2 0
4 15 11 3 0
4 15 11 4 0
4 15 11 5 0
4 15 11 6 0
4 15 11 7 0
4 15 11 8 0
4 15 11 9 0
4 15 11 10 0
4 15 11 11 0
4 15 11 12 0
4 15 11 13 0
4 15 11 14 0
4 15 11 15 0
4 15 12 0 0
4 15 12 1 0
4 15 12 2 0
4 15 12 3 0
4 15 12 4 0
4 15 12 5 0
4 15 12 6 0
4 15 12 7 0
4 15 12 8 0
4 15 12 9 0
4 15 12 10 0
4 15 12 11 0
4 15 12 12 0
4 15 12 13 0
4 15 12 14 0
4 15 12 15 0
4 15 13 0 0
4 15 13 1 0
4 15 13 2 0
4 15 13 3 0
4 15 13 4 0
4 15 13 5 0
4 15 13 6 0
4 15 13 7 0
4 15 13 8 0
4 15 13 9 0
4 15 13 10 0
4 15 13 11 0
4 15 13 12 0
4 15 13 13 0
4 15 13 14 0
4 15 13 15 0
4 15 14 0 0
4 15 14 1 0
4 15 14 2 0
4 15 14 3 0
4 15 14 4 0
4 15 14 5 0
4 15 14 6 0
4 15 14 7 0
4 15 14 8 0
4 15 14 9 0
4 15 14 10 0
4 15 14 11 0
4 15 14 12 0
4 15 14 13 0
4 15 14 14 0
4 15 14 15 0
4 15 15 0 0
4 15 15 1 0
4 15 15 2 0
4 15 15 3 0
4 15 15 4 2.439968628374161e-07
4 15 15 5 0
4 15 15 6 0
4 15 15 7 0
4 15 15 8 0
4 15 15 9 0
4 15 15 10 0
4 15 15 11 0
4 15 15 12 0
4 15 15 13 0
4 15 15 14 0
4 15 15 15 0
5 0 0 0 0
5 0 0 1 0
5 0 0 2 0
5 0 0 3 0
5 0 0 4 0
5 0 0 5 -0.9905528375421512
5 0 0 6 0
5 0 0 7 0
5 0 0 8 0
5 0 0 9 0
5 0 0 10 0
5 0 0 11 0
5 0 0 12 -0.009198659206302019
5 0 0 13 0
5 0 0 14 0
5 0 0 15 0
5 0 1 0 0
5 0 1 1 0
5 0 1 2 0
5 0 1 3 0
5 0 1 4 0
5 0 1 5 0
5 0 1 6 0
5 0 1 7 0
5 0 1 8 0
5 0 1 9 0
5 0 1 10 0
5 0 1 11 0
5 0 1 12 0
5 0 1 13 0
5 0 1 14 0
5 0 1 15 0
5 0 2 0 0
5 0 2 1 0
5 0 2 2 0
5 0 2 3 0
5 0 2 4 0
5 0 2 5 -3.278401982174734e-05
5 0 2 6 0
5 0 2 7 0
5 0 2 8 0
5 0 2 9 0
5 0 2 10 0
5 0 2 11 0
5 0 2 12 0
5 0 2 13 0
5 0 2 14 0
5 0 2 15 0
5 0 3 0 0
5 0 3 1 0
5 0 3 2 0
5 0 3 3 0
5 0 3 4 0
5 0 3 5 0
5 0 3 6 0
5 0 3 7 0
5 0 3 8 0
5 0 3 9 0
5 0 3 10 0
5 0 3 11 0
5 0 3 12 0
5 0 3 13 0
5 0 3 14 0
5 0 3 15 0
5 0 4 0 0
5 0 4 1 0
5 0 4 2 0
5 0 4 3 0
5 0 4 4 0
5 0 4 5 0
5 0 4 6 0
5 0 4 7 0
5 0 4 8 0
5 0 4 9 0
5 0 4 10 0
5 0 4 11 0
5 0 4 12 0
5 0 4 13 0
5 0 4 14 0
5 0 4 15 0
5 0 5 0 1.981069702296156
5 0 5 1 0
5 0 5 2 -2.311834823897283e-06
5 0 5 3 0
5 0 5 4 0
5 0 5 5 0
5 0 5 6 0
5 0 5 7 0
5 0 5 8 0
5 0 5 9 0
5 0 5 10 0
5 0 5 11 -0.002220143575202455
5 0 5 12 0
5 0 5 13 0
5 0 5 14 0
5 0 5 15 0
5 0 6 0 0
5 0 6 1 0
5 0 6 2 0
5 0 6 3 0
5 0 6 4 0
5 0 6 5 0
5 0 6 6 0
5 0 6 7 0
5 0 6 8 0
5 0 6 9 0
5 0 6 10 0
5 0 6 11 0
5 0 6 12 0
5 0 6 13 0
5 0 6 14 0
5 0 6 15 0
5 0 7 0 0
5 0 7 1 0
5 0 7 2 0
5 0 7 3 0
5 0 7 4 0
5 0 7 5 0
5 0 7 6 0
5 0 7 7 0
5 0 7 8 0
5 0 7 9 0
5 0 7 10 0
5 0 7 11 0
5 0 7 12 0
5 0 7 13 0
5 0 7 14 0
5 0 7 15 0
5 0 8 0 0
5 0 8 1 0
5 0 8 2 0
5 0 8 3 0
5 0 8 4 0
5 0 8 5 0
5 0 8 6 0
5 0 8 7 0
5 0 8 8 0
5 0 8 9 0
5 0 8 10 0
5 0 8 11 0
5 0 8 12 0
5 0 8 13 0
5 0 8 14 0
5 0 8 15 0
5 0 9 0 0
5 0 9 1 0
5 0 9 2 0
5 0 9 3 0
5 0 9 4 0
5 0 9 5 0
5 0 9 6 0
5 0 9 7 0
5 0 9 8 0
5 0 9 9 0
5 0 9 10 0
5 0 9 11 0
5 0 9 12 0
5 0 9 13 0
5 0 9 14 0
5 0 9 15 0
5 0 10 0 0
5 0 10 1 0
5 0 10 2 0
5 0 10 3 0
5 0 10 4 0
5 0 10 5 0
5 0 10 6 0
5 0 10 7 0
5 0 10 8 0
5 0 10 9 0
5 0 10 10 0
5 0 10 11 0
5 0 10 12 0
5 0 10 13 0
5 0 10 14 0
5 0 10 15 0
5 0 11 0 0
5 0 11 1 0
5 0 11 2 0
5 0 11 3 0
5 0 11 4 0
5 0 11 5 -0.00258805802392797
5 0 11 6 0
5 0 11 7 0
5 0 11 8 0
5 0 11 9 0
5 0 11 10 0
5 0 11 11 0
5 0 11 12 0
5 0 11 13 0
5 0 11 14 0
5 0 11 15 0
5 0 12 0 0.01839731841260404
5 0 12 1 0
5 0 12 2 0
5 0 12 3 0
5 0 12 4 0
5 0 12 5 0
5 0 12 6 0
5 0 12 7 0
5 0 12 8 0
5 0 12 9 0
5 0 12 10 0
5 0 12 11 0
5 0 12 12 0
5 0 12 13 0
5 0 12 14 0
5 0 12 15 0
5 0 13 0 0
5 0 13 1 0
5 0 13 2 0
5 0 13 3 0
5 0 13 4 0
5 0 13 5 0
5 0 13 6 0
5 0 13 7 0
5 0 13 8 0
5 0 13 9 0
5 0 13 10 0
5 0 13 11 0
5 0 13 12 0
5 0 13 13 0
5 0 13 14 0
5 0 13 15 0
5 0 14 0 0
5 0 14 1 0
5 0 14 2 0
5 0 14 3 0
5 0 14 4 0
5 0 14 5 0
5 0 14 6 0
5 0 14 7 0
5 0 14 8 0
5 0 14 9 0
5 0 14 10 0
5 0 14 11 0
5 0 14 12 0
5 0 14 13 0
5 0 14 14 0
5 0 14 15 0
5 0 15 0 0
5 0 15 1 0
5 0 15 2 0
5 0 15 3 0
5 0 15 4 0
5 0 15 5 0
5 0 15 6 0
5 0 15 7 0
5 0 15 8 0
5 0 15 9 0
5 0 15 10 0
5 0 15 11 0
5 0 15 12 0
5 0 15 13 0
5 0 15 14 0
5 0 15 15 0
5 1 0 0 0
5 1 0 1 0
5 1 0 2 0
5 1 0 3 0
5 1 0 4 0
5 1 0 5 0
5 1 0 6 0
5 1 0 7 0
5 1 0 8 0
5 1 0 9 0
5 1 0 10 0
5 1 0 11 0
5 1 0 12 0
5 1 0 13 0
5 1 0 14 0
5 1 0 15 0
5 1 1 0 0
5 1 1 1 0
5 1 1 2 0
5 1 1 3 0
5 1 1 4 0
5 1 1 5 -0.9906003241855341
5 1 1 6 0
5 1 1 7 0
5 1 1 8 0
5 1 1 9 0
5 1 1 10 0
5 1 1 11 0
5 1 1 12 -0.009198659206302019
5 1 1 13 0
5 1 1 14 0
5 1 1 15 0
5 1 2 0 0
5 1 2 1 0
5 1 2 2 0
5 1 2 3 0
5 1 2 4 0
5 1 2 5 0
5 1 2 6 0
5 1 2 7 0
5 1 2 8 0
5 1 2 9 0
5 1 2 10 0
5 1 2 11 0
5 1 2 12 0
5 1 2 13 0
5 1 2 14 0
5 1 2 15 0
5 1 3 0 0
5 1 3 1 0
5 1 3 2 0
5 1 3 3 0
5 1 3 4 0
5 1 3 5 0
5 1 3 6 0
5 1 3 7 0
5 1 3 8 0
5 1 3 9 0
5 1 3 10 0
5 1 3 11 0
5 1 3 12 0
5 1 3 13 0
5 1 3 14 0
5 1 3 15 0
5 1 4 0 0
5 1 4 1 0
5 1 4 2 0
5 1 4 3 0
5 1 4 4 0
5 1 4 5 0
5 1 4 6 0
5 1 4 7 0
5 1 4 8 0
5 1 4 9 0
5 1 4 10 0
5 1 4 11 0
5 1 4 12 0
5 1 4 13 0
5 1 4 14 0
5 1 4 15 0
5 1 5 0 0
5 1 5 1 1.981187979863391
5 1 5 2 0
5 1 5 3 0
5 1 5 4 0
5 1 5 5 0
5 1 5 6 0
5 1 5 7 0
5 1 5 8 0
5 1 5 9 0
5 1 5 10 0
5 1 5 11 0
5 1 5 12 0
5 1 5 13 0
5 1 5 14 0
5 1 5 15 0.001900509923577761
5 1 6 0 0
5 1 6 1 0
5 1 6 2 0
5 1 6 3 0
5 1 6 4 0
5 1 6 5 0
5 1 6 6 0
5 1 6 7 0
5 1 6 8 0
5 1 6 9 0
5 1 6 10 0
5 1 6 11 0
5 1 6 12 0
5 1 6 13 0
5 1 6 14 0
5 1 6 15 0
5 1 7 0 0
5 1 7 1 0
5 1 7 2 0
5 1 7 3 0
5 1 7 4 0
5 1 7 5 0
5 1 7 6 0
5 1 7 7 0
5 1 7 8 0
5 1 7 9 0
5 1 7 10 0
5 1 7 11 0
5 1 7 12 0
5 1 7 13 0
5 1 7 14 0
5 1 7 15 0
5 1 8 0 0
5 1 8 1 0
5 1 8 2 0
5 1 8 3 0
5 1 8 4 0
5 1 8 5 0
5 1 8 6 0
5 1 8 7 0
5 1 8 8 0
5 1 8 9 0
5 1 8 10 0
5 1 8 11 0
5 1 8 12 0
5 1 8 13 0
5 1 8 14 0
5 1 8 15 0
5 1 9 0 0
5 1 9 1 0
5 1 9 2 0
5 1 9 3 0
5 1 9 4 0
5 1 9 5 0
5 1 9 6 0
5 1 9 7 0
5 1 9 8 0
5 1 9 9 0
5 1 9 10 0
5 1 9 11 0
5 1 9 12 0
5 1 9 13 0
5 1 9 14 0
5 1 9 15 0
5 1 10 0 0
5 1 10 1 0
5 1 10 2 0
5 1 10 3 0
5 1 10 4 0
5 1 10 5 0
5 1 10 6 0
5 1 10 7 0
5 1 10 8 0
5 1 10 9 0
5 1 10 10 0
5 1 10 11 0
5 1 10 12 0
5 1 10 13 0
5 1 10 14 0
5 1 10 15 0
5 1 11 0 0
5 1 11 1 0
5 1 11 2 0
5 1 11 3 0
5 1 11 4 0
5 1 11 5 0
5 1 11 6 0
5 1 11 7 0
5 1 11 8 0
5 1 11 9 0
5 1 11 10 0
5 1 11 11 0
5 1 11 12 0
5 1 11 13 0
5 1 11 14 0
5 1 11 15 0
5 1 12 0 0
5 1 12 1 0.01839731841260404
5 1 12 2 0
5 1 12 3 0
5 1 12 4 0
5 1 12 5 0
5 1 12 6 0
5 1 12 7 0
5 1 12 8 0
5 1 12 9 0
5 1 12 10 0
5 1 12 11 0
5 1 12 12 0
5 1 12 13 0
5 1 12 14 0
5 1 12 15 0
5 1 13 0 0
5 1 13 1 0
5 1 13 2 0
5 1 13 3 0
5 1 13 4 0
5 1 13 5 0
5 1 13 6 0
5 1 13 7 0
5 1 13 8 0
5 1 13 9 0
5 1 13 10 0
5 1 13 11 0
5 1 13 12 0
5 1 13 13 0
5 1 13 14 0
5 1 13 15 0
5 1 14 0 0
5 1 14 1 0
5 1 14 2 0
5 1 14 3 0
5 1 14 4 0
5 1 14 5 0
5 1 14 6 0
5 1 14 7 0
5 1 14 8 0
5 1 14 9 0
5 1 14 10 0
5 1 14 11 0
5 1 14 12 0
5 1 14 13 0
5 1 14 14 0
5 1 14 15 0
5 1 15 0 0
5 1 15 1 0
5 1 15 2 0
5 1 15 3 0
5 1 15 4 0
5 1 15 5 -0.0005372566904409298
5 1 15 6 0
5 1 15 7 0
5 1 15 8 0
5 1 15 9 0
5 1 15 10 0
5 1 15 11 0
5 1 15 12 0
5 1 15 13 0
5 1 15 14 0
5 1 15 15 0
5 2 0 0 0
5 2 0 1 0
5 2 0 2 0
5 2 0 3 0
5 2 0 4 0
5 2 0 5 -3.278401982174734e-05
5 2 0 6 0
5 2 0 7 0
5 2 0 8 0
5 2 0 9 0
5 2 0 10 0
5 2 0 11 0
5 2 0 12 0
5 2 0 13 0
5 2 0 14 0
5 2 0 15 0
5 2 1 0 0
5 2 1 1 0
5 2 1 2 0
5 2 1 3 0
5 2 1 4 0
5 2 1 5 0
5 2 1 6 0
5 2 1 7 0
5 2 1 8 0
5 2 1 9 0
5 2 1 10 0
5 2 1 11 0
5 2 1 12 0
5 2 1 13 0
5 2 1 14 0
5 2 1 15 0
5 2 2 0 0
5 2 2 1 0
5 2 2 2 0
5 2 2 3 0
5 2 2 4 0
5 2 2 5 -0.973847321014316
5 2 2 6 0
5 2 2 7 0
5 2 2 8 0
5 2 2 9 0
5 2 2 10 0
5 2 2 11 0
5 2 2 12 -0.009198659206302019
5 2 2 13 0
5 2 2 14 0
5 2 2 15 0
5 2 3 0 0
5 2 3 1 0
5 2 3 2 0
5 2 3 3 0
5 2 3 4 0
5 2 3 5 0
5 2 3 6 0
5 2 3 7 0
5 2 3 8 0
5 2 3 9 0
5 2 3 10 0
5 2 3 11 0
5 2 3 12 0
5 2 3 13 0
5 2 3 14 0
5 2 3 15 0
5 2 4 0 0
5 2 4 1 0
5 2 4 2 0
5 2 4 3 0
5 2 4 4 0
5 2 4 5 0
5 2 4 6 0
5 2 4 7 -2.602085213965211e-17
5 2 4 8 0
5 2 4 9 0
5 2 4 10 0
5 2 4 11 0
5 2 4 12 0
5 2 4 13 0
5 2 4 14 0
5 2 4 15 0
5 2 5 0 -2.311834823897283e-06
5 2 5 1 0
5 2 5 2 1.094777037892766
5 2 5 3 0
5 2 5 4 0
5 2 5 5 0
5 2 5 6 0
5 2 5 7 0
5 2 5 8 0
5 2 5 9 0
5 2 5 10 0
5 2 5 11 -0.002223322100579553
5 2 5 12 0
5 2 5 13 0
5 2 5 14 0.0008302312373619394
5 2 5 15 0
5 2 6 0 0
5 2 6 1 0
5 2 6 2 0
5 2 6 3 0
5 2 6 4 0
5 2 6 5 0
5 2 6 6 0
5 2 6 7 0
5 2 6 8 0
5 2 6 9 0
5 2 6 10 0
5 2 6 11 0
5 2 6 12 0
5 2 6 13 0
5 2 6 14 0
5 2 6 15 0
5 2 7 0 0
5 2 7 1 0
5 2 7 2 0
5 2 7 3 0
5 2 7 4 -0.03206363377544112
5 2 7 5 0
5 2 7 6 0
5 2 7 7 0
5 2 7 8 0
5 2 7 9 0
5 2 7 10 0
5 2 7 11 0
5 2 7 12 0
5 2 7 13 0
5 2 7 14 0
5 2 7 15 0
5 2 8 0 0
5 2 8 1 0
5 2 8 2 0
5 2 8 3 0
5 2 8 4 0
5 2 8 5 0
5 2 8 6 0
5 2 8 7 0
5 2 8 8 0
5 2 8 9 0
5 2 8 10 0
5 2 8 11 0
5 2 8 12 0
5 2 8 13 0
5 2 8 14 0
5 2 8 15 0
5 2 9 0 0
5 2 9 1 0
5 2 9 2 0
5 2 9 3 0
5 2 9 4 0
5 2 9 5 0
5 2 9 6 0
5 2 9 7 0
5 2 9 8 0
5 2 9 9 0
5 2 9 10 0
5 2 9 11 0
5 2 9 12 0
5 2 9 13 0
5 2 9 14 0
5 2 9 15 0
5 2 10 0 0
5 2 10 1 0
5 2 10 2 0
5 2 10 3 0
5 2 10 4 0
5 2 10 5 0
5 2 10 6 0
5 2 10 7 0
5 2 10 8 0
5 2 10 9 0
5 2 10 10 0
5 2 10 11 0
5 2 10 12 0
5 2 10 13 0
5 2 10 14 0
5 2 10 15 0
5 2 11 0 0
5 2 11 1 0
5 2 11 2 0
5 2 11 3 0
5 2 11 4 0
5 2 11 5 0.00166371515192275
5 2 11 6 0
5 2 11 7 0
5 2 11 8 0
5 2 11 9 0
5 2 11 10 0
5 2 11 11 0
5 2 11 12 0
5 2 11 13 0
5 2 11 14 0
5 2 11 15 0
5 2 12 0 0
5 2 12 1 0
5 2 12 2 0.01839731841260404
5 2 12 3 0
5 2 12 4 0
5 2 12 5 0
5 2 12 6 0
5 2 12 7 0
5 2 12 8 0
5 2 12 9 0
5 2 12 10 0
5 2 12 11 0
5 2 12 12 0
5 2 12 13 0
5 2 12 14 0
5 2 12 15 0
5 2 13 0 0
5 2 13 1 0
5 2 13 2 0
5 2 13 3 0
5 2 13 4 0
5 2 13 5 0
5 2 13 6 0
5 2 13 7 0
5 2 13 8 0
5 2 13 9 0
5 2 13 10 0
5 2 13 11 0
5 2 13 12 0
5 2 13 13 0
5 2 13 14 0
5 2 13 15 0
5 2 14 0 0
5 2 14 1 0
5 2 14 2 0
5 2 14 3 0
5 2 14 4 0
5 2 14 5 -0.005644107881451439
5 2 14 6 0
5 2 14 7 0
5 2 14 8 0
5 2 14 9 0
5 2 14 10 0
5 2 14 11 0
5 2 14 12 0
5 2 14 13 0
5 2 14 14 0
5 2 14 15 0
5 2 15 0 0
5 2 15 1 0
5 2 15 2 0
5 2 15 3 0
5 2 15 4 0
5 2 15 5 0
5 2 15 6 0
5 2 15 7 0
5 2 15 8 0
5 2 15 9 0
5 2 15 10 0
5 2 15 11 0
5 2 15 12 0
5 2 15 13 0
5 2 15 14 0
5 2 15 15 0
5 3 0 0 0
5 3 0 1 0
5 3 0 2 0
5 3 0 3 0
5 3 0 4 0
5 3 0 5 0
5 3 0 6 0
5 3 0 7 0
5 3 0 8 0
5 3 0 9 0
5 3 0 10 0
5 3 0 11 0
5 3 0 12 0
5 3 0 13 0
5 3 0 14 0
5 3 0 15 0
5 3 1 0 0
5 3 1 1 0
5 3 1 2 0
5 3 1 3 0
5 3 1 4 0
5 3 1 5 0
5 3 1 6 0
5 3 1 7 0
5 3 1 8 0
5 3 1 9 0
5 3 1 10 0
5 3 1 11 0
5 3 1 12 0
5 3 1 13 0
5 3 1 14 0
5 3 1 15 0
5 3 2 0 0
5 3 2 1 0
5 3 2 2 0
5 3 2 3 0
5 3 2 4 0
5 3 2 5 0
5 3 2 6 0
5 3 2 7 0
5 3 2 8 0
5 3 2 9 0
5 3 2 10 0
5 3 2 11 0
5 3 2 12 0
5 3 2 13 0
5 3 2 14 0
5 3 2 15 0
5 3 3 0 0
5 3 3 1 0
5 3 3 2 0
5 3 3 3 0
5 3 3 4 0
5 3 3 5 -0.6673458481412281
5 3 3 6 0
5 3 3 7 0
5 3 3 8 0
5 3 3 9 0
5 3 3 10 0
5 3 3 11 0
5 3 3 12 -0.009198659206302006
5 3 3 13 0
5 3 3 14 0
5 3 3 15 0
5 3 4 0 0
5 3 4 1 0
5 3 4 2 0
5 3 4 3 0
5 3 4 4 0
5 3 4 5 0
5 3 4 6 2.081668171172169e-17
5 3 4 7 0
5 3 4 8 0
5 3 4 9 0
5 3 4 10 0
5 3 4 11 0
5 3 4 12 0
5 3 4 13 4.415872357723941e-19
5 3 4 14 0
5 3 4 15 0
5 3 5 0 0
5 3 5 1 0
5 3 5 2 0
5 3 5 3 1.198125986155754
5 3 5 4 0
5 3 5 5 0
5 3 5 6 0
5 3 5 7 0
5 3 5 8 0.008883861676736587
5 3 5 9 0
5 3 5 10 0
5 3 5 11 0
5 3 5 12 0
5 3 5 13 0
5 3 5 14 0
5 3 5 15 0
5 3 6 0 0
5 3 6 1 0
5 3 6 2 0
5 3 6 3 0
5 3 6 4 -0.06787288189714902
5 3 6 5 0
5 3 6 6 0
5 3 6 7 0
5 3 6 8 0
5 3 6 9 1.975420600671156e-18
5 3 6 10 0
5 3 6 11 0
5 3 6 12 0
5 3 6 13 0
5 3 6 14 0
5 3 6 15 0
5 3 7 0 0
5 3 7 1 0
5 3 7 2 0
5 3 7 3 0
5 3 7 4 0
5 3 7 5 0
5 3 7 6 0
5 3 7 7 0
5 3 7 8 0
5 3 7 9 0
5 3 7 10 0
5 3 7 11 0
5 3 7 12 0
5 3 7 13 0
5 3 7 14 0
5 3 7 15 0
5 3 8 0 0
5 3 8 1 0
5 3 8 2 0
5 3 8 3 0
5 3 8 4 0
5 3 8 5 -0.008883861676736583
5 3 8 6 0
5 3 8 7 0
5 3 8 8 0
5 3 8 9 0
5 3 8 10 0
5 3 8 11 0
5 3 8 12 0
5 3 8 13 0
5 3 8 14 0
5 3 8 15 0
5 3 9 0 0
5 3 9 1 0
5 3 9 2 0
5 3 9 3 0
5 3 9 4 0
5 3 9 5 0
5 3 9 6 -7.267908973356893e-18
5 3 9 7 0
5 3 9 8 0
5 3 9 9 0
5 3 9 10 0
5 3 9 11 0
5 3 9 12 0
5 3 9 13 0
5 3 9 14 0
5 3 9 15 0
5 3 10 0 0
5 3 10 1 0
5 3 10 2 0
5 3 10 3 0
5 3 10 4 0
5 3 10 5 0
5 3 10 6 0
5 3 10 7 0
5 3 10 8 0
5 3 10 9 0
5 3 10 10 0
5 3 10 11 0
5 3 10 12 0
5 3 10 13 0
5 3 10 14 0
5 3 10 15 0
5 3 11 0 0
5 3 11 1 0
5 3 11 2 0
5 3 11 3 0
5 3 11 4 0
5 3 11 5 0
5 3 11 6 0
5 3 11 7 0
5 3 11 8 0
5 3 11 9 0
5 3 11 10 0
5 3 11 11 0
5 3 11 12 0
5 3 11 13 0
5 3 11 14 0
5 3 11 15 0
5 3 12 0 0
5 3 12 1 0
5 3 12 2 0
5 3 12 3 0.009198659206302019
5 3 12 4 0
5 3 12 5 0
5 3 12 6 0
5 3 12 7 0
5 3 12 8 0
5 3 12 9 0
5 3 12 10 0
5 3 12 11 0
5 3 12 12 0
5 3 12 13 0
5 3 12 14 0
5 3 12 15 0
5 3 13 0 0
5 3 13 1 0
5 3 13 2 0
5 3 13 3 0
5 3 13 4 1.392843583115183e-19
5 3 13 5 0
5 3 13 6 0
5 3 13 7 0
5 3 13 8 0
5 3 13 9 0
5 3 13 10 0
5 3 13 11 0
5 3 13 12 0
5 3 13 13 0
5 3 13 14 0
5 3 13 15 0
5 3 14 0 0
5 3 14 1 0
5 3 14 2 0
5 3 14 3 0
5 3 14 4 0
5 3 14 5 0
5 3 14 6 0
5 3 14 7 0
5 3 14 8 0
5 3 14 9 0
5 3 14 10 0
5 3 14 11 0
5 3 14 12 0
5 3 14 13 0
5 3 14 14 0
5 3 14 15 0
5 3 15 0 0
5 3 15 1 0
5 3 15 2 0
5 3 15 3 0
5 3 15 4 0
5 3 15 5 0
5 3 15 6 0
5 3 15 7 0
5 3 15 8 0
5 3 15 9 0
5 3 15 10 0
5 3 15 11 0
5 3 15 12 0
5 3 15 13 0
5 3 15 14 0
5 3 15 15 0
5 4 0 0 0
5 4 0 1 0
5 4 0 2 0
5 4 0 3 0
5 4 0 4 0
5 4 0 5 0
5 4 0 6 0
5 4 0 7 0
5 4 0 8 0
5 4 0 9 0
5 4 0 10 0
5 4 0 11 0
5 4 0 12 0
5 4 0 13 0
5 4 0 14 0
5 4 0 15 0
5 4 1 0 0
5 4 1 1 0
5 4 1 2 0
5 4 1 3 0
5 4 1 4 0
5 4 1 5 0
5 4 1 6 0
5 4 1 7 0
5 4 1 8 0
5 4 1 9 0
5 4 1 10 0
5 4 1 11 0
5 4 1 12 0
5 4 1 13 0
5 4 1 14 0
5 4 1 15 0
5 4 2 0 0
5 4 2 1 0
5 4 2 2 0
5 4 2 3 0
5 4 2 4 0
5 4 2 5 0
5 4 2 6 0
5 4 2 7 0
5 4 2 8 0
5 4 2 9 0
5 4 2 10 0
5 4 2 11 0
5 4 2 12 0
5 4 2 13 0
5 4 2 14 0
5 4 2 15 0
5 4 3 0 0
5 4 3 1 0
5 4 3 2 0
5 4 3 3 0
5 4 3 4 0
5 4 3 5 0
5 4 3 6 0
5 4 3 7 0
5 4 3 8 0
5 4 3 9 0
5 4 3 10 0
5 4 3 11 0
5 4 3 12 0
5 4 3 13 0
5 4 3 14 0
5 4 3 15 0
5 4 4 0 0
5 4 4 1 0
5 4 4 2 0
5 4 4 3 0
5 4 4 4 0
5 4 4 5 -0.9895725040375014
5 4 4 6 0
5 4 4 7 0
5 4 4 8 0
5 4 4 9 0
5 4 4 10 0
5 4 4 11 0
5 4 4 12 -0.009198659206302013
5 4 4 13 0
5 4 4 14 0
5 4 4 15 0
5 4 5 0 0
5 4 5 1 0
5 4 5 2 0
5 4 5 3 0
5 4 5 4 0.9897512267181072
5 4 5 5 0
5 4 5 6 0
5 4 5 7 0
5 4 5 8 0
5 4 5 9 0.01004127042988526
5 4 5 10 0
5 4 5 11 0
5 4 5 12 0
5 4 5 13 0
5 4 5 14 0
5 4 5 15 0
5 4 6 0 0
5 4 6 1 0
5 4 6 2 0
5 4 6 3 0
5 4 6 4 0
5 4 6 5 0
5 4 6 6 0
5 4 6 7 0
5 4 6 8 0
5 4 6 9 0
5 4 6 10 0
5 4 6 11 0
5 4 6 12 0
5 4 6 13 0
5 4 6 14 0
5 4 6 15 0
5 4 7 0 0
5 4 7 1 0
5 4 7 2 0
5 4 7 3 0
5 4 7 4 0
5 4 7 5 0
5 4 7 6 0
5 4 7 7 0
5 4 7 8 0
5 4 7 9 0
5 4 7 10 0
5 4 7 11 0
5 4 7 12 0
5 4 7 13 0
5 4 7 14 0
5 4 7 15 0
5 4 8 0 0
5 4 8 1 0
5 4 8 2 0
5 4 8 3 0
5 4 8 4 0
5 4 8 5 0
5 4 8 6 0
5 4 8 7 0
5 4 8 8 0
5 4 8 9 0
5 4 8 10 0
5 4 8 11 0
5 4 8 12 0
5 4 8 13 0
5 4 8 14 0
5 4 8 15 0
5 4 9 0 0
5 4 9 1 0
5 4 9 2 0
5 4 9 3 0
5 4 9 4 0
5 4 9 5 -0.01004127042988526
5 4 9 6 0
5 4 9 7 0
5 4 9 8 0
5 4 9 9 0
5 4 9 10 0
5 4 9 11 0
5 4 9 12 0
5 4 9 13 0
5 4 9 14 0
5 4 9 15 0
5 4 10 0 0
5 4 10 1 0
5 4 10 2 0
5 4 10 3 0
5 4 10 4 0
5 4 10 5 0
5 4 10 6 0
5 4 10 7 0
5 4 10 8 0
5 4 10 9 0
5 4 10 10 0
5 4 10 11 0
5 4 10 12 0
5 4 10 13 0
5 4 10 14 0
5 4 10 15 0
5 4 11 0 0
5 4 11 1 0
5 4 11 2 0
5 4 11 3 0
5 4 11 4 0
5 4 11 5 0
5 4 11 6 0
5 4 11 7 0
5 4 11 8 0
5 4 11 9 0
5 4 11 10 0
5 4 11 11 0
5 4 11 12 0
5 4 11 13 0
5 4 11 14 0
5 4 11 15 0
5 4 12 0 0
5 4 12 1 0
5 4 12 2 0
5 4 12 3 0
5 4 12 4 0.009198659206302019
5 4 12 5 0
5 4 12 6 0
5 4 12 7 0
5 4 12 8 0
5 4 12 9 0
5 4 12 10 0
5 4 12 11 0
5 4 12 12 0
5 4 12 13 0
5 4 12 14 0
5 4 12 15 0
5 4 13 0 0
5 4 13 1 0
5 4 13 2 0
5 4 13 3 0
5 4 13 4 0
5 4 13 5 0
5 4 13 6 0
5 4 13 7 0
5 4 13 8 0
5 4 13 9 0
5 4 13 10 0
5 4 13 11 0
5 4 13 12 0
5 4 13 13 0
5 4 13 14 0
5 4 13 15 0
5 4 14 0 0
5 4 14 1 0
5 4 14 2 0
5 4 14 3 0
5 4 14 4 0
5 4 14 5 0
5 4 14 6 0
5 4 14 7 0
5 4 14 8 0
5 4 14 9 0
5 4 14 10 0
5 4 14 11 0
5 4 14 12 0
5 4 14 13 0
5 4 14 14 0
5 4 14 15 0
5 4 15 0 0
5 4 15 1 0
5 4 15 2 0
5 4 15 3 0
5 4 15 4 0
5 4 15 5 0
5 4 15 6 0
5 4 15 7 0
5 4 15 8 0
5 4 15 9 0
5 4 15 10 0
5 4 15 11 0
5 4 15 12 0
5 4 15 13 0
5 4 15 14 0
5 4 15 15 0
5 5 0 0 0
5 5 0 1 0
5 5 0 2 0
5 5 0 3 0
5 5 0 4 0
5 5 0 5 0
5 5 0 6 0
5 5 0 7 0
5 5 0 8 0
5 5 0 9 0
5 5 0 10 0
5 5 0 11 0
5 5 0 12 0
5 5 0 13 0
5 5 0 14 0
5 5 0 15 0
5 5 1 0 0
5 5 1 1 0
5 5 1 2 0
5 5 1 3 0
5 5 1 4 0
5 5 1 5 0
5 5 1 6 0
5 5 1 7 0
5 5 1 8 0
5 5 1 9 0
5 5 1 10 0
5 5 1 11 0
5 5 1 12 0
5 5 1 13 0
5 5 1 14 0
5 5 1 15 0
5 5 2 0 0
5 5 2 1 0
5 5 2 2 0
5 5 2 3 0
5 5 2 4 0
5 5 2 5 0
5 5 2 6 0
5 5 2 7 0
5 5 2 8 0
5 5 2 9 0
5 5 2 10 0
5 5 2 11 0
5 5 2 12 0
5 5 2 13 0
5 5 2 14 0
5 5 2 15 0
5 5 3 0 0
5 5 3 1 0
5 5 3 2 0
5 5 3 3 0
5 5 3 4 0
5 5 3 5 0
5 5 3 6 0
5 5 3 7 0
5 5 3 8 0
5 5 3 9 0
5 5 3 10 0
5 5 3 11 0
5 5 3 12 0
5 5 3 13 0
5 5 3 14 0
5 5 3 15 0
5 5 4 0 0
5 5 4 1 0
5 5 4 2 0
5 5 4 3 0
5 5 4 4 -2.080717782991315e-18
5 5 4 5 0
5 5 4 6 0
5 5 4 7 0
5 5 4 8 0
5 5 4 9 -1.306364185616984e-19
5 5 4 10 0
5 5 4 11 0
5 5 4 12 0
5 5 4 13 0
5 5 4 14 0
5 5 4 15 0
5 5 5 0 0
5 5 5 1 0
5 5 5 2 0
5 5 5 3 0
5 5 5 4 0
5 5 5 5 4.329874019310642e-18
5 5 5 6 0
5 5 5 7 0
5 5 5 8 0
5 5 5 9 0
5 5 5 10 0
5 5 5 11 0
5 5 5 12 1.104943851240429e-19
5 5 5 13 0
5 5 5 14 0
5 5 5 15 0
5 5 6 0 0
5 5 6 1 0
5 5 6 2 0
5 5 6 3 0
5 5 6 4 0
5 5 6 5 0
5 5 6 6 0
5 5 6 7 0
5 5 6 8 0
5 5 6 9 0
5 5 6 10 0
5 5 6 11 0
5 5 6 12 0
5 5 6 13 0
5 5 6 14 0
5 5 6 15 0
5 5 7 0 0
5 5 7 1 0
5 5 7 2 0
5 5 7 3 0
5 5 7 4 0
5 5 7 5 0
5 5 7 6 0
5 5 7 7 0
5 5 7 8 0
5 5 7 9 0
5 5 7 10 0
5 5 7 11 0
5 5 7 12 0
5 5 7 13 0
5 5 7 14 0
5 5 7 15 0
5 5 8 0 0
5 5 8 1 0
5 5 8 2 0
5 5 8 3 0
5 5 8 4 0
5 5 8 5 0
5 5 8 6 0
5 5 8 7 0
5 5 8 8 0
5 5 8 9 0
5 5 8 10 0
5 5 8 11 0
5 5 8 12 0
5 5 8 13 0
5 5 8 14 0
5 5 8 15 0
5 5 9 0 0
5 5 9 1 0
5 5 9 2 0
5 5 9 3 0
5 5 9 4 -1.306364185616984e-19
5 5 9 5 0
5 5 9 6 0
5 5 9 7 0
5 5 9 8 0
5 5 9 9 0
5 5 9 10 0
5 5 9 11 0
5 5 9 12 0
5 5 9 13 0
5 5 9 14 0
5 5 9 15 0
5 5 10 0 0
5 5 10 1 0
5 5 10 2 0
5 5 10 3 0
5 5 10 4 0
5 5 10 5 0
5 5 10 6 0
5 5 10 7 0
5 5 10 8 0
5 5 10 9 0
5 5 10 10 0
5 5 10 11 0
5 5 10 12 0
5 5 10 13 0
5 5 10 14 0
5 5 10 15 0
5 5 11 0 0
5 5 11 1 0
5 5 11 2 0
5 5 11 3 0
5 5 11 4 0
5 5 11 5 0
5 5 11 6 0
5 5 11 7 0
5 5 11 8 0
5 5 11 9 0
5 5 11 10 0
5 5 11 11 0
5 5 11 12 0
5 5 11 13 0
5 5 11 14 0
5 5 11 15 0
5 5 12 0 0
5 5 12 1 0
5 5 12 2 0
5 5 12 3 0
5 5 12 4 0
5 5 12 5 1.104943851240429e-19
5 5 12 6 0
5 5 12 7 0
5 5 12 8 0
5 5 12 9 0
5 5 12 10 0
5 5 12 11 0
5 5 12 12 0
5 5 12 13 0
5 5 12 14 0
5 5 12 15 0
5 5 13 0 0
5 5 13 1 0
5 5 13 2 0
5 5 13 3 0
5 5 13 4 0
5 5 13 5 0
5 5 13 6 0
5 5 13 7 0
5 5 13 8 0
5 5 13 9 0
5 5 13 10 0
5 5 13 11 0
5 5 13 12 0
5 5 13 13 0
5 5 13 14 0
5 5 13 15 0
5 5 14 0 0
5 5 14 1 0
5 5 14 2 0
5 5 14 3 0
5 5 14 4 0
5 5 14 5 0
5 5 14 6 0
5 5 14 7 0
5 5 14 8 0
5 5 14 9 0
5 5 14 10 0
5 5 14 11 0
5 5 14 12 0
5 5 14 13 0
5 5 14 14 0
5 5 14 15 0
5 5 15 0 0
5 5 15 1 0
5 5 15 2 0
5 5 15 3 0
5 5 15 4 0
5 5 15 5 0
5 5 15 6 0
5 5 15 7 0
5 5 15 8 0
5 5 15 9 0
5 5 15 10 0
5 5 15 11 0
5 5 15 12 0
5 5 15 13 0
5 5 15 14 0
5 5 15 15 0
5 6 0 0 0
5 6 0 1 0
5 6 0 2 0
5 6 0 3 0
5 6 0 4 0
5 6 0 5 0
5 6 0 6 0
5 6 0 7 0
5 6 0 8 0
5 6 0 9 0
5 6 0 10 0
5 6 0 11 0
5 6 0 12 0
5 6 0 13 0
5 6 0 14 0
5 6 0 15 0
5 6 1 0 0
5 6 1 1 0
5 6 1 2 0
5 6 1 3 0
5 6 1 4 0
5 6 1 5 0
5 6 1 6 0
5 6 1 7 0
5 6 1 8 0
5 6 1 9 0
5 6 1 10 0
5 6 1 11 0
5 6 1 12 0
5 6 1 13 0
5 6 1 14 0
5 6 1 15 0
5 6 2 0 0
5 6 2 1 0
5 6 2 2 0
5 6 2 3 0
5 6 2 4 0
5 6 2 5 0
5 6 2 6 0
5 6 2 7 0
5 6 2 8 0
5 6 2 9 0
5 6 2 10 0
5 6 2 11 0
5 6 2 12 0
5 6 2 13 0
5 6 2 14 0
5 6 2 15 0
5 6 3 0 0
5 6 3 1 0
5 6 3 2 0
5 6 3 3 0
5 6 3 4 -0.05290647949334866
5 6 3 5 0
5 6 3 6 0
5 6 3 7 0
5 6 3 8 0
5 6 3 9 7.58242230004819e-18
5 6 3 10 0
5 6 3 11 0
5 6 3 12 0
5 6 3 13 0
5 6 3 14 0
5 6 3 15 0
5 6 4 0 0
5 6 4 1 0
5 6 4 2 0
5 6 4 3 -9.71445146547012e-17
5 6 4 4 0
5 6 4 5 0
5 6 4 6 0
5 6 4 7 0
5 6 4 8 -5.694558870613349e-18
5 6 4 9 0
5 6 4 10 0
5 6 4 11 0
5 6 4 12 0
5 6 4 13 0
5 6 4 14 0
5 6 4 15 0
5 6 5 0 0
5 6 5 1 0
5 6 5 2 0
5 6 5 3 0
5 6 5 4 0
5 6 5 5 0
5 6 5 6 0.7818410440688772
5 6 5 7 0
5 6 5 8 0
5 6 5 9 0
5 6 5 10 0
5 6 5 11 0
5 6 5 12 0
5 6 5 13 0.008229363222880381
5 6 5 14 0
5 6 5 15 0
5 6 6 0 0
5 6 6 1 0
5 6 6 2 0
5 6 6 3 0
5 6 6 4 0
5 6 6 5 -0.4593795137658568
5 6 6 6 0
5 6 6 7 0
5 6 6 8 0
5 6 6 9 0
5 6 6 10 0
5 6 6 11 0
5 6 6 12 -0.009198659206302015
5 6 6 13 0
5 6 6 14 0
5 6 6 15 0
5 6 7 0 0
5 6 7 1 0
5 6 7 2 0
5 6 7 3 0
5 6 7 4 0
5 6 7 5 0
5 6 7 6 0
5 6 7 7 0
5 6 7 8 0
5 6 7 9 0
5 6 7 10 0
5 6 7 11 0
5 6 7 12 0
5 6 7 13 0
5 6 7 14 0
5 6 7 15 0
5 6 8 0 0
5 6 8 1 0
5 6 8 2 0
5 6 8 3 0
5 6 8 4 1.34315414966289e-17
5 6 8 5 0
5 6 8 6 0
5 6 8 7 0
5 6 8 8 0
5 6 8 9 0
5 6 8 10 0
5 6 8 11 0
5 6 8 12 0
5 6 8 13 0
5 6 8 14 0
5 6 8 15 0
5 6 9 0 0
5 6 9 1 0
5 6 9 2 0
5 6 9 3 -6.187329916577856e-18
5 6 9 4 0
5 6 9 5 0
5 6 9 6 0
5 6 9 7 0
5 6 9 8 0
5 6 9 9 0
5 6 9 10 0
5 6 9 11 0
5 6 9 12 0
5 6 9 13 0
5 6 9 14 0
5 6 9 15 0
5 6 10 0 0
5 6 10 1 0
5 6 10 2 0
5 6 10 3 0
5 6 10 4 0
5 6 10 5 0
5 6 10 6 0
5 6 10 7 0
5 6 10 8 0
5 6 10 9 0
5 6 10 10 0
5 6 10 11 0
5 6 10 12 0
5 6 10 13 0
5 6 10 14 0
5 6 10 15 0
5 6 11 0 0
5 6 11 1 0
5 6 11 2 0
5 6 11 3 0
5 6 11 4 0
5 6 11 5 0
5 6 11 6 0
5 6 11 7 0
5 6 11 8 0
5 6 11 9 0
5 6 11 10 0
5 6 11 11 0
5 6 11 12 0
5 6 11 13 0
5 6 11 14 0
5 6 11 15 0
5 6 12 0 0
5 6 12 1 0
5 6 12 2 0
5 6 12 3 0
5 6 12 4 0
5 6 12 5 0
5 6 12 6 0.009198659206302017
5 6 12 7 0
5 6 12 8 0
5 6 12 9 0
5 6 12 10 0
5 6 12 11 0
5 6 12 12 0
5 6 12 13 0
5 6 12 14 0
5 6 12 15 0
5 6 13 0 0
5 6 13 1 0
5 6 13 2 0
5 6 13 3 0
5 6 13 4 0
5 6 13 5 -0.008229363222880381
5 6 13 6 0
5 6 13 7 0
5 6 13 8 0
5 6 13 9 0
5 6 13 10 0
5 6 13 11 0
5 6 13 12 0
5 6 13 13 0
5 6 13 14 0
5 6 13 15 0
5 6 14 0 0
5 6 14 1 0
5 6 14 2 0
5 6 14 3 0
5 6 14 4 0
5 6 14 5 0
5 6 14 6 0
5 6 14 7 0
5 6 14 8 0
5 6 14 9 0
5 6 14 10 0
5 6 14 11 0
5 6 14 12 0
5 6 14 13 0
5 6 14 14 0
5 6 14 15 0
5 6 15 0 0
5 6 15 1 0
5 6 15 2 0
5 6 15 3 0
5 6 15 4 0
5 6 15 5 0
5 6 15 6 0
5 6 15 7 0
5 6 15 8 0
5 6 15 9 0
5 6 15 10 0
5 6 15 11 0
5 6 15 12 0
5 6 15 13 0
5 6 15 14 0
5 6 15 15 0
5 7 0 0 0
5 7 0 1 0
5 7 0 2 0
5 7 0 3 0
5 7 0 4 0
5 7 0 5 0
5 7 0 6 0
5 7 0 7 0
5 7 0 8 0
5 7 0 9 0
5 7 0 10 0
5 7 0 11 0
5 7 0 12 0
5 7 0 13 0
5 7 0 14 0
5 7 0 15 0
5 7 1 0 0
5 7 1 1 0
5 7 1 2 0
5 7 1 3 0
5 7 1 4 0
5 7 1 5 0
5 7 1 6 0
5 7 1 7 0
5 7 1 8 0
5 7 1 9 0
5 7 1 10 0
5 7 1 11 0
5 7 1 12 0
5 7 1 13 0
5 7 1 14 0
5 7 1 15 0
5 7 2 0 0
5 7 2 1 0
5 7 2 2 0
5 7 2 3 0
5 7 2 4 -0.0119513513067284
5 7 2 5 0
5 7 2 6 0
5 7 2 7 0
5 7 2 8 0
5 7 2 9 1.839297432623957e-18
5 7 2 10 0
5 7 2 11 0
5 7 2 12 0
5 7 2 13 0
5 7 2 14 0
5 7 2 15 0
5 7 3 0 0
5 7 3 1 0
5 7 3 2 0
5 7 3 3 0
5 7 3 4 0
5 7 3 5 0
5 7 3 6 0
5 7 3 7 0
5 7 3 8 0
5 7 3 9 0
5 7 3 10 0
5 7 3 11 0
5 7 3 12 0
5 7 3 13 0
5 7 3 14 0
5 7 3 15 0
5 7 4 0 0
5 7 4 1 0
5 7 4 2 5.204170427930421e-17
5 7 4 3 0
5 7 4 4 0
5 7 4 5 0
5 7 4 6 0
5 7 4 7 0
5 7 4 8 0
5 7 4 9 0
5 7 4 10 0
5 7 4 11 0
5 7 4 12 0
5 7 4 13 0
5 7 4 14 2.510684237819939e-18
5 7 4 15 0
5 7 5 0 0
5 7 5 1 0
5 7 5 2 0
5 7 5 3 0
5 7 5 4 0
5 7 5 5 0
5 7 5 6 0
5 7 5 7 0.8858741420241296
5 7 5 8 0
5 7 5 9 0
5 7 5 10 0
5 7 5 11 0
5 7 5 12 0
5 7 5 13 0
5 7 5 14 0
5 7 5 15 0
5 7 6 0 0
5 7 6 1 0
5 7 6 2 0
5 7 6 3 0
5 7 6 4 0
5 7 6 5 0
5 7 6 6 0
5 7 6 7 0
5 7 6 8 0
5 7 6 9 0
5 7 6 10 0
5 7 6 11 0
5 7 6 12 0
5 7 6 13 0
5 7 6 14 0
5 7 6 15 0
5 7 7 0 0
5 7 7 1 0
5 7 7 2 0
5 7 7 3 0
5 7 7 4 0
5 7 7 5 -0.8694111172136065
5 7 7 6 0
5 7 7 7 0
5 7 7 8 0
5 7 7 9 0
5 7 7 10 0
5 7 7 11 0
5 7 7 12 0
5 7 7 13 0
5 7 7 14 0
5 7 7 15 0
5 7 8 0 0
5 7 8 1 0
5 7 8 2 0
5 7 8 3 0
5 7 8 4 0
5 7 8 5 0
5 7 8 6 0
5 7 8 7 0
5 7 8 8 0
5 7 8 9 0
5 7 8 10 0
5 7 8 11 0
5 7 8 12 0
5 7 8 13 0
5 7 8 14 0
5 7 8 15 0
5 7 9 0 0
5 7 9 1 0
5 7 9 2 -5.339650534137194e-18
5 7 9 3 0
5 7 9 4 0
5 7 9 5 0
5 7 9 6 0
5 7 9 7 0
5 7 9 8 0
5 7 9 9 0
5 7 9 10 0
5 7 9 11 0
5 7 9 12 0
5 7 9 13 0
5 7 9 14 0
5 7 9 15 0
5 7 10 0 0
5 7 10 1 0
5 7 10 2 0
5 7 10 3 0
5 7 10 4 0
5 7 10 5 0
5 7 10 6 0
5 7 10 7 0
5 7 10 8 0
5 7 10 9 0
5 7 10 10 0
5 7 10 11 0
5 7 10 12 0
5 7 10 13 0
5 7 10 14 0
5 7 10 15 0
5 7 11 0 0
5 7 11 1 0
5 7 11 2 0
5 7 11 3 0
5 7 11 4 0
5 7 11 5 0
5 7 11 6 0
5 7 11 7 0
5 7 11 8 0
5 7 11 9 0
5 7 11 10 0
5 7 11 11 0
5 7 11 12 0
5 7 11 13 0
5 7 11 14 0
5 7 11 15 0
5 7 12 0 0
5 7 12 1 0
5 7 12 2 0
5 7 12 3 0
5 7 12 4 0
5 7 12 5 0
5 7 12 6 0
5 7 12 7 0
5 7 12 8 0
5 7 12 9 0
5 7 12 10 0
5 7 12 11 0
5 7 12 12 0
5 7 12 13 0
5 7 12 14 0
5 7 12 15 0
5 7 13 0 0
5 7 13 1 0
5 7 13 2 0
5 7 13 3 0
5 7 13 4 0
5 7 13 5 0
5 7 13 6 0
5 7 13 7 0
5 7 13 8 0
5 7 13 9 0
5 7 13 10 0
5 7 13 11 0
5 7 13 12 0
5 7 13 13 0
5 7 13 14 0
5 7 13 15 0
5 7 14 0 0
5 7 14 1 0
5 7 14 2 0
5 7 14 3 0
5 7 14 4 -3.835215917840997e-18
5 7 14 5 0
5 7 14 6 0
5 7 14 7 0
5 7 14 8 0
5 7 14 9 0
5 7 14 10 0
5 7 14 11 0
5 7 14 12 0
5 7 14 13 0
5 7 14 14 0
5 7 14 15 0
5 7 15 0 0
5 7 15 1 0
5 7 15 2 0
5 7 15 3 0
5 7 15 4 0
5 7 15 5 0
5 7 15 6 0
5 7 15 7 0
5 7 15 8 0
5 7 15 9 0
5 7 15 10 0
5 7 15 11 0
5 7 15 12 0
5 7 15 13 0
5 7 15 14 0
5 7 15 15 0
5 8 0 0 0
5 8 0 1 0
5 8 0 2 0
5 8 0 3 0
5 8 0 4 0
5 8 0 5 0
5 8 0 6 0
5 8 0 7 0
5 8 0 8 0
5 8 0 9 0
5 8 0 10 0
5 8 0 11 0
5 8 0 12 0
5 8 0 13 0
5 8 0 14 0
5 8 0 15 0
5 8 1 0 0
5 8 1 1 0
5 8 1 2 0
5 8 1 3 0
5 8 1 4 0
5 8 1 5 0
5 8 1 6 0
5 8 1 7 0
5 8 1 8 0
5 8 1 9 0
5 8 1 10 0
5 8 1 11 0
5 8 1 12 0
5 8 1 13 0
5 8 1 14 0
5 8 1 15 0
5 8 2 0 0
5 8 2 1 0
5 8 2 2 0
5 8 2 3 0
5 8 2 4 0
5 8 2 5 0
5 8 2 6 0
5 8 2 7 0
5 8 2 8 0
5 8 2 9 0
5 8 2 10 0
5 8 2 11 0
5 8 2 12 0
5 8 2 13 0
5 8 2 14 0
5 8 2 15 0
5 8 3 0 0
5 8 3 1 0
5 8 3 2 0
5 8 3 3 0
5 8 3 4 0
5 8 3 5 -0.008883861676736585
5 8 3 6 0
5 8 3 7 0
5 8 3 8 0
5 8 3 9 0
5 8 3 10 0
5 8 3 11 0
5 8 3 12 -0.0006901628897877607
5 8 3 13 0
5 8 3 14 0
5 8 3 15 0
5 8 4 0 0
5 8 4 1 0
5 8 4 2 0
5 8 4 3 0
5 8 4 4 0
5 8 4 5 0
5 8 4 6 -4.571635068259833e-18
5 8 4 7 0
5 8 4 8 0
5 8 4 9 0
5 8 4 10 0
5 8 4 11 0
5 8 4 12 0
5 8 4 13 -1.379291356458322e-18
5 8 4 14 0
5 8 4 15 0
5 8 5 0 0
5 8 5 1 0
5 8 5 2 0
5 8 5 3 0.008883861676736587
5 8 5 4 0
5 8 5 5 0
5 8 5 6 0
5 8 5 7 0
5 8 5 8 0.0006665440592788499
5 8 5 9 0
5 8 5 10 0
5 8 5 11 0
5 8 5 12 0
5 8 5 13 0
5 8 5 14 0
5 8 5 15 0
5 8 6 0 0
5 8 6 1 0
5 8 6 2 0
5 8 6 3 0
5 8 6 4 -6.679615058555974e-18
5 8 6 5 0
5 8 6 6 0
5 8 6 7 0
5 8 6 8 0
5 8 6 9 -7.535022136762517e-19
5 8 6 10 0
5 8 6 11 0
5 8 6 12 0
5 8 6 13 0
5 8 6 14 0
5 8 6 15 0
5 8 7 0 0
5 8 7 1 0
5 8 7 2 0
5 8 7 3 0
5 8 7 4 0
5 8 7 5 0
5 8 7 6 0
5 8 7 7 0
5 8 7 8 0
5 8 7 9 0
5 8 7 10 0
5 8 7 11 0
5 8 7 12 0
5 8 7 13 0
5 8 7 14 0
5 8 7 15 0
5 8 8 0 0
5 8 8 1 0
5 8 8 2 0
5 8 8 3 0
5 8 8 4 0
5 8 8 5 -0.0006665440592788475
5 8 8 6 0
5 8 8 7 0
5 8 8 8 0
5 8 8 9 0
5 8 8 10 0
5 8 8 11 0
5 8 8 12 0
5 8 8 13 0
5 8 8 14 0
5 8 8 15 0
5 8 9 0 0
5 8 9 1 0
5 8 9 2 0
5 8 9 3 0
5 8 9 4 0
5 8 9 5 0
5 8 9 6 8.700352406581375e-19
5 8 9 7 0
5 8 9 8 0
5 8 9 9 0
5 8 9 10 0
5 8 9 11 0
5 8 9 12 0
5 8 9 13 0
5 8 9 14 0
5 8 9 15 0
5 8 10 0 0
5 8 10 1 0
5 8 10 2 0
5 8 10 3 0
5 8 10 4 0
5 8 10 5 0
5 8 10 6 0
5 8 10 7 0
5 8 10 8 0
5 8 10 9 0
5 8 10 10 0
5 8 10 11 0
5 8 10 12 0
5 8 10 13 0
5 8 10 14 0
5 8 10 15 0
5 8 11 0 0
5 8 11 1 0
5 8 11 2 0
5 8 11 3 0
5 8 11 4 0
5 8 11 5 0
5 8 11 6 0
5 8 11 7 0
5 8 11 8 0
5 8 11 9 0
5 8 11 10 0
5 8 11 11 0
5 8 11 12 0
5 8 11 13 0
5 8 11 14 0
5 8 11 15 0
5 8 12 0 0
5 8 12 1 0
5 8 12 2 0
5 8 12 3 0.0006901628897877613
5 8 12 4 0
5 8 12 5 0
5 8 12 6 0
5 8 12 7 0
5 8 12 8 0
5 8 12 9 0
5 8 12 10 0
5 8 12 11 0
5 8 12 12 0
5 8 12 13 0
5 8 12 14 0
5 8 12 15 0
5 8 13 0 0
5 8 13 1 0
5 8 13 2 0
5 8 13 3 0
5 8 13 4 5.823722935855397e-20
5 8 13 5 0
5 8 13 6 0
5 8 13 7 0
5 8 13 8 0
5 8 13 9 0
5 8 13 10 0
5 8 13 11 0
5 8 13 12 0
5 8 13 13 0
5 8 13 14 0
5 8 13 15 0
5 8 14 0 0
5 8 14 1 0
5 8 14 2 0
5 8 14 3 0
5 8 14 4 0
5 8 14 5 0
5 8 14 6 0
5 8 14 7 0
5 8 14 8 0
5 8 14 9 0
5 8 14 10 0
5 8 14 11 0
5 8 14 12 0
5 8 14 13 0
5 8 14 14 0
5 8 14 15 0
5 8 15 0 0
5 8 15 1 0
5 8 15 2 0
5 8 15 3 0
5 8 15 4 0
5 8 15 5 0
5 8 15 6 0
5 8 15 7 0
5 8 15 8 0
5 8 15 9 0
5 8 15 10 0
5 8 15 11 0
5 8 15 12 0
5 8 15 13 0
5 8 15 14 0
5 8 15 15 0
5 9 0 0 0
5 9 0 1 0
5 9 0 2 0
5 9 0 3 0
5 9 0 4 0
5 9 0 5 0
5 9 0 6 0
5 9 0 7 0
5 9 0 8 0
5 9 0 9 0
5 9 0 10 0
5 9 0 11 0
5 9 0 12 0
5 9 0 13 0
5 9 0 14 0
5 9 0 15 0
5 9 1 0 0
5 9 1 1 0
5 9 1 2 0
5 9 1 3 0
5 9 1 4 0
5 9 1 5 0
5 9 1 6 0
5 9 1 7 0
5 9 1 8 0
5 9 1 9 0
5 9 1 10 0
5 9 1 11 0
5 9 1 12 0
5 9 1 13 0
5 9 1 14 0
5 9 1 15 0
5 9 2 0 0
5 9 2 1 0
5 9 2 2 0
5 9 2 3 0
5 9 2 4 0
5 9 2 5 0
5 9 2 6 0
5 9 2 7 0
5 9 2 8 0
5 9 2 9 0
5 9 2 10 0
5 9 2 11 0
5 9 2 12 0
5 9 2 13 0
5 9 2 14 0
5 9 2 15 0
5 9 3 0 0
5 9 3 1 0
5 9 3 2 0
5 9 3 3 0
5 9 3 4 0
5 9 3 5 0
5 9 3 6 0
5 9 3 7 0
5 9 3 8 0
5 9 3 9 0
5 9 3 10 0
5 9 3 11 0
5 9 3 12 0
5 9 3 13 0
5 9 3 14 0
5 9 3 15 0
5 9 4 0 0
5 9 4 1 0
5 9 4 2 0
5 9 4 3 0
5 9 4 4 0
5 9 4 5 -0.01004127042988526
5 9 4 6 0
5 9 4 7 0
5 9 4 8 0
5 9 4 9 0
5 9 4 10 0
5 9 4 11 0
5 9 4 12 -0.0007800788068523527
5 9 4 13 0
5 9 4 14 0
5 9 4 15 0
5 9 5 0 0
5 9 5 1 0
5 9 5 2 0
5 9 5 3 0
5 9 5 4 0.01004127042988526
5 9 5 5 0
5 9 5 6 0
5 9 5 7 0
5 9 5 8 0
5 9 5 9 0.0008515352162258947
5 9 5 10 0
5 9 5 11 0
5 9 5 12 0
5 9 5 13 0
5 9 5 14 0
5 9 5 15 0
5 9 6 0 0
5 9 6 1 0
5 9 6 2 0
5 9 6 3 0
5 9 6 4 0
5 9 6 5 0
5 9 6 6 0
5 9 6 7 0
5 9 6 8 0
5 9 6 9 0
5 9 6 10 0
5 9 6 11 0
5 9 6 12 0
5 9 6 13 0
5 9 6 14 0
5 9 6 15 0
5 9 7 0 0
5 9 7 1 0
5 9 7 2 0
5 9 7 3 0
5 9 7 4 0
5 9 7 5 0
5 9 7 6 0
5 9 7 7 0
5 9 7 8 0
5 9 7 9 0
5 9 7 10 0
5 9 7 11 0
5 9 7 12 0
5 9 7 13 0
5 9 7 14 0
5 9 7 15 0
5 9 8 0 0
5 9 8 1 0
5 9 8 2 0
5 9 8 3 0
5 9 8 4 0
5 9 8 5 0
5 9 8 6 0
5 9 8 7 0
5 9 8 8 0
5 9 8 9 0
5 9 8 10 0
5 9 8 11 0
5 9 8 12 0
5 9 8 13 0
5 9 8 14 0
5 9 8 15 0
5 9 9 0 0
5 9 9 1 0
5 9 9 2 0
5 9 9 3 0
5 9 9 4 0
5 9 9 5 -0.0008515352162258946
5 9 9 6 0
5 9 9 7 0
5 9 9 8 0
5 9 9 9 0
5 9 9 10 0
5 9 9 11 0
5 9 9 12 0
5 9 9 13 0
5 9 9 14 0
5 9 9 15 0
5 9 10 0 0
5 9 10 1 0
5 9 10 2 0
5 9 10 3 0
5 9 10 4 0
5 9 10 5 0
5 9 10 6 0
5 9 10 7 0
5 9 10 8 0
5 9 10 9 0
5 9 10 10 0
5 9 10 11 0
5 9 10 12 0
5 9 10 13 0
5 9 10 14 0
5 9 10 15 0
5 9 11 0 0
5 9 11 1 0
5 9 11 2 0
5 9 11 3 0
5 9 11 4 0
5 9 11 5 0
5 9 11 6 0
5 9 11 7 0
5 9 11 8 0
5 9 11 9 0
5 9 11 10 0
5 9 11 11 0
5 9 11 12 0
5 9 11 13 0
5 9 11 14 0
5 9 11 15 0
5 9 12 0 0
5 9 12 1 0
5 9 12 2 0
5 9 12 3 0
5 9 12 4 0.0007800788068523525
5 9 12 5 0
5 9 12 6 0
5 9 12 7 0
5 9 12 8 0
5 9 12 9 0
5 9 12 10 0
5 9 12 11 0
5 9 12 12 0
5 9 12 13 0
5 9 12 14 0
5 9 12 15 0
5 9 13 0 0
5 9 13 1 0
5 9 13 2 0
5 9 13 3 0
5 9 13 4 0
5 9 13 5 0
5 9 13 6 0
5 9 13 7 0
5 9 13 8 0
5 9 13 9 0
5 9 13 10 0
5 9 13 11 0
5 9 13 12 0
5 9 13 13 0
5 9 13 14 0
5 9 13 15 0
5 9 14 0 0
5 9 14 1 0
5 9 14 2 0
5 9 14 3 0
5 9 14 4 0
5 9 14 5 0
5 9 14 6 0
5 9 14 7 0
5 9 14 8 0
5 9 14 9 0
5 9 14 10 0
5 9 14 11 0
5 9 14 12 0
5 9 14 13 0
5 9 14 14 0
5 9 14 15 0
5 9 15 0 0
5 9 15 1 0
5 9 15 2 0
5 9 15 3 0
5 9 15 4 0
5 9 15 5 0
5 9 15 6 0
5 9 15 7 0
5 9 15 8 0
5 9 15 9 0
5 9 15 10 0
5 9 15 11 0
5 9 15 12 0
5 9 15 13 0
5 9 15 14 0
5 9 15 15 0
5 10 0 0 0
5 10 0 1 0
5 10 0 2 0
5 10 0 3 0
5 10 0 4 0
5 10 0 5 0
5 10 0 6 0
5 10 0 7 0
5 10 0 8 0
5 10 0 9 0
5 10 0 10 0
5 10 0 11 0
5 10 0 12 0
5 10 0 13 0
5 10 0 14 0
5 10 0 15 0
5 10 1 0 0
5 10 1 1 0
5 10 1 2 0
5 10 1 3 0
5 10 1 4 0
5 10 1 5 0
5 10 1 6 0
5 10 1 7 0
5 10 1 8 0
5 10 1 9 0
5 10 1 10 0
5 10 1 11 0
5 10 1 12 0
5 10 1 13 0
5 10 1 14 0
5 10 1 15 0
5 10 2 0 0
5 10 2 1 0
5 10 2 2 0
5 10 2 3 0
5 10 2 4 0
5 10 2 5 0
5 10 2 6 0
5 10 2 7 0
5 10 2 8 0
5 10 2 9 0
5 10 2 10 0
5 10 2 11 0
5 10 2 12 0
5 10 2 13 0
5 10 2 14 0
5 10 2 15 0
5 10 3 0 0
5 10 3 1 0
5 10 3 2 0
5 10 3 3 0
5 10 3 4 0
5 10 3 5 0
5 10 3 6 0
5 10 3 7 0
5 10 3 8 0
5 10 3 9 0
5 10 3 10 0
5 10 3 11 0
5 10 3 12 0
5 10 3 13 0
5 10 3 14 0
5 10 3 15 0
5 10 4 0 0
5 10 4 1 0
5 10 4 2 0
5 10 4 3 0
5 10 4 4 0
5 10 4 5 0
5 10 4 6 0
5 10 4 7 0
5 10 4 8 0
5 10 4 9 0
5 10 4 10 0
5 10 4 11 0
5 10 4 12 0
5 10 4 13 0
5 10 4 14 0
5 10 4 15 0
5 10 5 0 0
5 10 5 1 0
5 10 5 2 0
5 10 5 3 0
5 10 5 4 0
5 10 5 5 0
5 10 5 6 0
5 10 5 7 0
5 10 5 8 0
5 10 5 9 0
5 10 5 10 0
5 10 5 11 0
5 10 5 12 0
5 10 5 13 0
5 10 5 14 0
5 10 5 15 0
5 10 6 0 0
5 10 6 1 0
5 10 6 2 0
5 10 6 3 0
5 10 6 4 0
5 10 6 5 0
5 10 6 6 0
5 10 6 7 0
5 10 6 8 0
5 10 6 9 0
5 10 6 10 0
5 10 6 11 0
5 10 6 12 0
5 10 6 13 0
5 10 6 14 0
5 10 6 15 0
5 10 7 0 0
5 10 7 1 0
5 10 7 2 0
5 10 7 3 0
5 10 7 4 0
5 10 7 5 0
5 10 7 6 0
5 10 7 7 0
5 10 7 8 0
5 10 7 9 0
5 10 7 10 0
5 10 7 11 0
5 10 7 12 0
5 10 7 13 0
5 10 7 14 0
5 10 7 15 0
5 10 8 0 0
5 10 8 1 0
5 10 8 2 0
5 10 8 3 0
5 10 8 4 0
5 10 8 5 0
5 10 8 6 0
5 10 8 7 0
5 10 8 8 0
5 10 8 9 0
5 10 8 10 0
5 10 8 11 0
5 10 8 12 0
5 10 8 13 0
5 10 8 14 0
5 10 8 15 0
5 10 9 0 0
5 10 9 1 0
5 10 9 2 0
5 10 9 3 0
5 10 9 4 0
5 10 9 5 0
5 10 9 6 0
5 10 9 7 0
5 10 9 8 0
5 10 9 9 0
5 10 9 10 0
5 10 9 11 0
5 10 9 12 0
5 10 9 13 0
5 10 9 14 0
5 10 9 15 0
5 10 10 0 0
5 10 10 1 0
5 10 10 2 0
5 10 10 3 0
5 10 10 4 0
5 10 10 5 0
5 10 10 6 0
5 10 10 7 0
5 10 10 8 0
5 10 10 9 0
5 10 10 10 0
5 10 10 11 0
5 10 10 12 0
5 10 10 13 0
5 10 10 14 0
5 10 10 15 0
5 10 11 0 0
5 10 11 1 0
5 10 11 2 0
5 10 11 3 0
5 10 11 4 0
5 10 11 5 0
5 10 11 6 0
5 10 11 7 0
5 10 11 8 0
5 10 11 9 0
5 10 11 10 0
5 10 11 11 0
5 10 11 12 0
5 10 11 13 0
5 10 11 14 0
5 10 11 15 0
5 10 12 0 0
5 10 12 1 0
5 10 12 2 0
5 10 12 3 0
5 10 12 4 0
5 10 12 5 0
5 10 12 6 0
5 10 12 7 0
5 10 12 8 0
5 10 12 9 0
5 10 12 10 0
5 10 12 11 0
5 10 12 12 0
5 10 12 13 0
5 10 12 14 0
5 10 12 15 0
5 10 13 0 0
5 10 13 1 0
5 10 13 2 0
5 10 13 3 0
5 10 13 4 0
5 10 13 5 0
5 10 13 6 0
5 10 13 7 0
5 10 13 8 0
5 10 13 9 0
5 10 13 10 0
5 10 13 11 0
5 10 13 12 0
5 10 13 13 0
5 10 13 14 0
5 10 13 15 0
5 10 14 0 0
5 10 14 1 0
5 10 14 2 0
5 10 14 3 0
5 10 14 4 0
5 10 14 5 0
5 10 14 6 0
5 10 14 7 0
5 10 14 8 0
5 10 14 9 0
5 10 14 10 0
5 10 14 11 0
5 10 14 12 0
5 10 14 13 0
5 10 14 14 0
5 10 14 15 0
5 10 15 0 0
5 10 15 1 0
5 10 15 2 0
5 10 15 3 0
5 10 15 4 0
5 10 15 5 0
5 10 15 6 0
5 10 15 7 0
5 10 15 8 0
5 10 15 9 0
5 10 15 10 0
5 10 15 11 0
5 10 15 12 0
5 10 15 13 0
5 10 15 14 0
5 10 15 15 0
5 11 0 0 0
5 11 0 1 0
5 11 0 2 0
5 11 0 3 0
5 11 0 4 0
5 11 0 5 -0.002588058023927971
5 11 0 6 0
5 11 0 7 0
5 11 0 8 0
5 11 0 9 0
5 11 0 10 0
5 11 0 11 0
5 11 0 12 -0.0001812624146653846
5 11 0 13 0
5 11 0 14 0
5 11 0 15 0
5 11 1 0 0
5 11 1 1 0
5 11 1 2 0
5 11 1 3 0
5 11 1 4 0
5 11 1 5 0
5 11 1 6 0
5 11 1 7 0
5 11 1 8 0
5 11 1 9 0
5 11 1 10 0
5 11 1 11 0
5 11 1 12 0
5 11 1 13 0
5 11 1 14 0
5 11 1 15 0
5 11 2 0 0
5 11 2 1 0
5 11 2 2 0
5 11 2 3 0
5 11 2 4 0
5 11 2 5 0.00166371515192275
5 11 2 6 0
5 11 2 7 0
5 11 2 8 0
5 11 2 9 0
5 11 2 10 0
5 11 2 11 0
5 11 2 12 0.0001292494749261434
5 11 2 13 0
5 11 2 14 0
5 11 2 15 0
5 11 3 0 0
5 11 3 1 0
5 11 3 2 0
5 11 3 3 0
5 11 3 4 0
5 11 3 5 0
5 11 3 6 0
5 11 3 7 0
5 11 3 8 0
5 11 3 9 0
5 11 3 10 0
5 11 3 11 0
5 11 3 12 0
5 11 3 13 0
5 11 3 14 0
5 11 3 15 0
5 11 4 0 0
5 11 4 1 0
5 11 4 2 0
5 11 4 3 0
5 11 4 4 0
5 11 4 5 0
5 11 4 6 0
5 11 4 7 -0.0003867651254611727
5 11 4 8 0
5 11 4 9 0
5 11 4 10 0
5 11 4 11 0
5 11 4 12 0
5 11 4 13 0
5 11 4 14 0
5 11 4 15 0
5 11 5 0 -0.002220143575202455
5 11 5 1 0
5 11 5 2 -0.002223322100579553
5 11 5 3 0
5 11 5 4 0
5 11 5 5 0
5 11 5 6 0
5 11 5 7 0
5 11 5 8 0
5 11 5 9 0
5 11 5 10 0
5 11 5 11 0.0001988415723360367
5 11 5 12 0
5 11 5 13 0
5 11 5 14 -0.0001327087952273341
5 11 5 15 0
5 11 6 0 0
5 11 6 1 0
5 11 6 2 0
5 11 6 3 0
5 11 6 4 0
5 11 6 5 0
5 11 6 6 0
5 11 6 7 0
5 11 6 8 0
5 11 6 9 0
5 11 6 10 0
5 11 6 11 0
5 11 6 12 0
5 11 6 13 0
5 11 6 14 0
5 11 6 15 0
5 11 7 0 0
5 11 7 1 0
5 11 7 2 0
5 11 7 3 0
5 11 7 4 0.0005383029764959805
5 11 7 5 0
5 11 7 6 0
5 11 7 7 0
5 11 7 8 0
5 11 7 9 0
5 11 7 10 0
5 11 7 11 0
5 11 7 12 0
5 11 7 13 0
5 11 7 14 0
5 11 7 15 0
5 11 8 0 0
5 11 8 1 0
5 11 8 2 0
5 11 8 3 0
5 11 8 4 0
5 11 8 5 0
5 11 8 6 0
5 11 8 7 0
5 11 8 8 0
5 11 8 9 0
5 11 8 10 0
5 11 8 11 0
5 11 8 12 0
5 11 8 13 0
5 11 8 14 0
5 11 8 15 0
5 11 9 0 0
5 11 9 1 0
5 11 9 2 0
5 11 9 3 0
5 11 9 4 0
5 11 9 5 0
5 11 9 6 0
5 11 9 7 0
5 11 9 8 0
5 11 9 9 0
5 11 9 10 0
5 11 9 11 0
5 11 9 12 0
5 11 9 13 0
5 11 9 14 0
5 11 9 15 0
5 11 10 0 0
5 11 10 1 0
5 11 10 2 0
5 11 10 3 0
5 11 10 4 0
5 11 10 5 0
5 11 10 6 0
5 11 10 7 0
5 11 10 8 0
5 11 10 9 0
5 11 10 10 0
5 11 10 11 0
5 11 10 12 0
5 11 10 13 0
5 11 10 14 0
5 11 10 15 0
5 11 11 0 0
5 11 11 1 0
5 11 11 2 0
5 11 11 3 0
5 11 11 4 0
5 11 11 5 -2.444315548479828e-05
5 11 11 6 0
5 11 11 7 0
5 11 11 8 0
5 11 11 9 0
5 11 11 10 0
5 11 11 11 0
5 11 11 12 0
5 11 11 13 0
5 11 11 14 0
5 11 11 15 0
5 11 12 0 -0.0001520018911783115
5 11 12 1 0
5 11 12 2 -0.000172723806571992
5 11 12 3 0
5 11 12 4 0
5 11 12 5 0
5 11 12 6 0
5 11 12 7 0
5 11 12 8 0
5 11 12 9 0
5 11 12 10 0
5 11 12 11 0
5 11 12 12 0
5 11 12 13 0
5 11 12 14 0
5 11 12 15 0
5 11 13 0 0
5 11 13 1 0
5 11 13 2 0
5 11 13 3 0
5 11 13 4 0
5 11 13 5 0
5 11 13 6 0
5 11 13 7 0
5 11 13 8 0
5 11 13 9 0
5 11 13 10 0
5 11 13 11 0
5 11 13 12 0
5 11 13 13 0
5 11 13 14 0
5 11 13 15 0
5 11 14 0 0
5 11 14 1 0
5 11 14 2 0
5 11 14 3 0
5 11 14 4 0
5 11 14 5 0.0001554599446104934
5 11 14 6 0
5 11 14 7 0
5 11 14 8 0
5 11 14 9 0
5 11 14 10 0
5 11 14 11 0
5 11 14 12 0
5 11 14 13 0
5 11 14 14 0
5 11 14 15 0
5 11 15 0 0
5 11 15 1 0
5 11 15 2 0
5 11 15 3 0
5 11 15 4 0
5 11 15 5 0
5 11 15 6 0
5 11 15 7 0
5 11 15 8 0
5 11 15 9 0
5 11 15 10 0
5 11 15 11 0
5 11 15 12 0
5 11 15 13 0
5 11 15 14 0
5 11 15 15 0
5 12 0 0 0
5 12 0 1 0
5 12 0 2 0
5 12 0 3 0
5 12 0 4 0
5 12 0 5 0
5 12 0 6 0
5 12 0 7 0
5 12 0 8 0
5 12 0 9 0
5 12 0 10 0
5 12 0 11 0
5 12 0 12 0
5 12 0 13 0
5 12 0 14 0
5 12 0 15 0
5 12 1 0 0
5 12 1 1 0
5 12 1 2 0
5 12 1 3 0
5 12 1 4 0
5 12 1 5 0
5 12 1 6 0
5 12 1 7 0
5 12 1 8 0
5 12 1 9 0
5 12 1 10 0
5 12 1 11 0
5 12 1 12 0
5 12 1 13 0
5 12 1 14 0
5 12 1 15 0
5 12 2 0 0
5 12 2 1 0
5 12 2 2 0
5 12 2 3 0
5 12 2 4 0
5 12 2 5 0
5 12 2 6 0
5 12 2 7 0
5 12 2 8 0
5 12 2 9 0
5 12 2 10 0
5 12 2 11 0
5 12 2 12 0
5 12 2 13 0
5 12 2 14 0
5 12 2 15 0
5 12 3 0 0
5 12 3 1 0
5 12 3 2 0
5 12 3 3 0
5 12 3 4 0
5 12 3 5 0
5 12 3 6 0
5 12 3 7 0
5 12 3 8 0
5 12 3 9 0
5 12 3 10 0
5 12 3 11 0
5 12 3 12 0
5 12 3 13 0
5 12 3 14 0
5 12 3 15 0
5 12 4 0 0
5 12 4 1 0
5 12 4 2 0
5 12 4 3 0
5 12 4 4 -6.800685990055379e-18
5 12 4 5 0
5 12 4 6 0
5 12 4 7 0
5 12 4 8 0
5 12 4 9 -4.079913966131968e-19
5 12 4 10 0
5 12 4 11 0
5 12 4 12 0
5 12 4 13 0
5 12 4 14 0
5 12 4 15 0
5 12 5 0 0
5 12 5 1 0
5 12 5 2 0
5 12 5 3 0
5 12 5 4 0
5 12 5 5 1.104943851240429e-19
5 12 5 6 0
5 12 5 7 0
5 12 5 8 0
5 12 5 9 0
5 12 5 10 0
5 12 5 11 0
5 12 5 12 3.086405298200138e-19
5 12 5 13 0
5 12 5 14 0
5 12 5 15 0
5 12 6 0 0
5 12 6 1 0
5 12 6 2 0
5 12 6 3 0
5 12 6 4 0
5 12 6 5 0
5 12 6 6 0
5 12 6 7 0
5 12 6 8 0
5 12 6 9 0
5 12 6 10 0
5 12 6 11 0
5 12 6 12 0
5 12 6 13 0
5 12 6 14 0
5 12 6 15 0
5 12 7 0 0
5 12 7 1 0
5 12 7 2 0
5 12 7 3 0
5 12 7 4 0
5 12 7 5 0
5 12 7 6 0
5 12 7 7 0
5 12 7 8 0
5 12 7 9 0
5 12 7 10 0
5 12 7 11 0
5 12 7 12 0
5 12 7 13 0
5 12 7 14 0
5 12 7 15 0
5 12 8 0 0
5 12 8 1 0
5 12 8 2 0
5 12 8 3 0
5 12 8 4 0
5 12 8 5 0
5 12 8 6 0
5 12 8 7 0
5 12 8 8 0
5 12 8 9 0
5 12 8 10 0
5 12 8 11 0
5 12 8 12 0
5 12 8 13 0
5 12 8 14 0
5 12 8 15 0
5 12 9 0 0
5 12 9 1 0
5 12 9 2 0
5 12 9 3 0
5 12 9 4 3.329049005501805e-20
5 12 9 5 0
5 12 9 6 0
5 12 9 7 0
5 12 9 8 0
5 12 9 9 0
5 12 9 10 0
5 12 9 11 0
5 12 9 12 0
5 12 9 13 0
5 12 9 14 0
5 12 9 15 0
5 12 10 0 0
5 12 10 1 0
5 12 10 2 0
5 12 10 3 0
5 12 10 4 0
5 12 10 5 0
5 12 10 6 0
5 12 10 7 0
5 12 10 8 0
5 12 10 9 0
5 12 10 10 0
5 12 10 11 0
5 12 10 12 0
5 12 10 13 0
5 12 10 14 0
5 12 10 15 0
5 12 11 0 0
5 12 11 1 0
5 12 11 2 0
5 12 11 3 0
5 12 11 4 0
5 12 11 5 0
5 12 11 6 0
5 12 11 7 0
5 12 11 8 0
5 12 11 9 0
5 12 11 10 0
5 12 11 11 0
5 12 11 12 0
5 12 11 13 0
5 12 11 14 0
5 12 11 15 0
5 12 12 0 0
5 12 12 1 0
5 12 12 2 0
5 12 12 3 0
5 12 12 4 0
5 12 12 5 8.287526930206024e-21
5 12 12 6 0
5 12 12 7 0
5 12 12 8 0
5 12 12 9 0
5 12 12 10 0
5 12 12 11 0
5 12 12 12 0
5 12 12 13 0
5 12 12 14 0
5 12 12 15 0
5 12 13 0 0
5 12 13 1 0
5 12 13 2 0
5 12 13 3 0
5 12 13 4 0
5 12 13 5 0
5 12 13 6 0
5 12 13 7 0
5 12 13 8 0
5 12 13 9 0
5 12 13 10 0
5 12 13 11 0
5 12 13 12 0
5 12 13 13 0
5 12 13 14 0
5 12 13 15 0
5 12 14 0 0
5 12 14 1 0
5 12 14 2 0
5 12 14 3 0
5 12 14 4 0
5 12 14 5 0
5 12 14 6 0
5 12 14 7 0
5 12 14 8 0
5 12 14 9 0
5 12 14 10 0
5 12 14 11 0
5 12 14 12 0
5 12 14 13 0
5 12 14 14 0
5 12 14 15 0
5 12 15 0 0
5 12 15 1 0
5 12 15 2 0
5 12 15 3 0
5 12 15 4 0
5 12 15 5 0
5 12 15 6 0
5 12 15 7 0
5 12 15 8 0
5 12 15 9 0
5 12 15 10 0
5 12 15 11 0
5 12 15 12 0
5 12 15 13 0
5 12 15 14 0
5 12 15 15 0
5 13 0 0 0
5 13 0 1 0
5 13 0 2 0
5 13 0 3 0
5 13 0 4 0
5 13 0 5 0
5 13 0 6 0
5 13 0 7 0
5 13 0 8 0
5 13 0 9 0
5 13 0 10 0
5 13 0 11 0
5 13 0 12 0
5 13 0 13 0
5 13 0 14 0
5 13 0 15 0
5 13 1 0 0
5 13 1 1 0
5 13 1 2 0
5 13 1 3 0
5 13 1 4 0
5 13 1 5 0
5 13 1 6 0
5 13 1 7 0
5 13 1 8 0
5 13 1 9 0
5 13 1 10 0
5 13 1 11 0
5 13 1 12 0
5 13 1 13 0
5 13 1 14 0
5 13 1 15 0
5 13 2 0 0
5 13 2 1 0
5 13 2 2 0
5 13 2 3 0
5 13 2 4 0
5 13 2 5 0
5 13 2 6 0
5 13 2 7 0
5 13 2 8 0
5 13 2 9 0
5 13 2 10 0
5 13 2 11 0
5 13 2 12 0
5 13 2 13 0
5 13 2 14 0
5 13 2 15 0
5 13 3 0 0
5 13 3 1 0
5 13 3 2 0
5 13 3 3 0
5 13 3 4 2.316945704135828e-17
5 13 3 5 0
5 13 3 6 0
5 13 3 7 0
5 13 3 8 0
5 13 3 9 3.869159085253416e-19
5 13 3 10 0
5 13 3 11 0
5 13 3 12 0
5 13 3 13 0
5 13 3 14 0
5 13 3 15 0
5 13 4 0 0
5 13 4 1 0
5 13 4 2 0
5 13 4 3 -2.227219166440092e-17
5 13 4 4 0
5 13 4 5 0
5 13 4 6 0
5 13 4 7 0
5 13 4 8 -1.660588660810009e-18
5 13 4 9 0
5 13 4 10 0
5 13 4 11 0
5 13 4 12 0
5 13 4 13 0
5 13 4 14 0
5 13 4 15 0
5 13 5 0 0
5 13 5 1 0
5 13 5 2 0
5 13 5 3 0
5 13 5 4 0
5 13 5 5 0
5 13 5 6 0.008229363222880381
5 13 5 7 0
5 13 5 8 0
5 13 5 9 0
5 13 5 10 0
5 13 5 11 0
5 13 5 12 0
5 13 5 13 0.0005719495847565321
5 13 5 14 0
5 13 5 15 0
5 13 6 0 0
5 13 6 1 0
5 13 6 2 0
5 13 6 3 0
5 13 6 4 0
5 13 6 5 -0.008229363222880381
5 13 6 6 0
5 13 6 7 0
5 13 6 8 0
5 13 6 9 0
5 13 6 10 0
5 13 6 11 0
5 13 6 12 -0.0006393166969144679
5 13 6 13 0
5 13 6 14 0
5 13 6 15 0
5 13 7 0 0
5 13 7 1 0
5 13 7 2 0
5 13 7 3 0
5 13 7 4 0
5 13 7 5 0
5 13 7 6 0
5 13 7 7 0
5 13 7 8 0
5 13 7 9 0
5 13 7 10 0
5 13 7 11 0
5 13 7 12 0
5 13 7 13 0
5 13 7 14 0
5 13 7 15 0
5 13 8 0 0
5 13 8 1 0
5 13 8 2 0
5 13 8 3 0
5 13 8 4 1.726129486233862e-18
5 13 8 5 0
5 13 8 6 0
5 13 8 7 0
5 13 8 8 0
5 13 8 9 0
5 13 8 10 0
5 13 8 11 0
5 13 8 12 0
5 13 8 13 0
5 13 8 14 0
5 13 8 15 0
5 13 9 0 0
5 13 9 1 0
5 13 9 2 0
5 13 9 3 -3.529652310561309e-19
5 13 9 4 0
5 13 9 5 0
5 13 9 6 0
5 13 9 7 0
5 13 9 8 0
5 13 9 9 0
5 13 9 10 0
5 13 9 11 0
5 13 9 12 0
5 13 9 13 0
5 13 9 14 0
5 13 9 15 0
5 13 10 0 0
5 13 10 1 0
5 13 10 2 0
5 13 10 3 0
5 13 10 4 0
5 13 10 5 0
5 13 10 6 0
5 13 10 7 0
5 13 10 8 0
5 13 10 9 0
5 13 10 10 0
5 13 10 11 0
5 13 10 12 0
5 13 10 13 0
5 13 10 14 0
5 13 10 15 0
5 13 11 0 0
5 13 11 1 0
5 13 11 2 0
5 13 11 3 0
5 13 11 4 0
5 13 11 5 0
5 13 11 6 0
5 13 11 7 0
5 13 11 8 0
5 13 11 9 0
5 13 11 10 0
5 13 11 11 0
5 13 11 12 0
5 13 11 13 0
5 13 11 14 0
5 13 11 15 0
5 13 12 0 0
5 13 12 1 0
5 13 12 2 0
5 13 12 3 0
5 13 12 4 0
5 13 12 5 0
5 13 12 6 0.0006393166969144679
5 13 12 7 0
5 13 12 8 0
5 13 12 9 0
5 13 12 10 0
5 13 12 11 0
5 13 12 12 0
5 13 12 13 0
5 13 12 14 0
5 13 12 15 0
5 13 13 0 0
5 13 13 1 0
5 13 13 2 0
5 13 13 3 0
5 13 13 4 0
5 13 13 5 -0.0005719495847565321
5 13 13 6 0
5 13 13 7 0
5 13 13 8 0
5 13 13 9 0
5 13 13 10 0
5 13 13 11 0
5 13 13 12 0
5 13 13 13 0
5 13 13 14 0
5 13 13 15 0
5 13 14 0 0
5 13 14 1 0
5 13 14 2 0
5 13 14 3 0
5 13 14 4 0
5 13 14 5 0
5 13 14 6 0
5 13 14 7 0
5 13 14 8 0
5 13 14 9 0
5 13 14 10 0
5 13 14 11 0
5 13 14 12 0
5 13 14 13 0
5 13 14 14 0
5 13 14 15 0
5 13 15 0 0
5 13 15 1 0
5 13 15 2 0
5 13 15 3 0
5 13 15 4 0
5 13 15 5 0
5 13 15 6 0
5 13 15 7 0
5 13 15 8 0
5 13 15 9 0
5 13 15 10 0
5 13 15 11 0
5 13 15 12 0
5 13 15 13 0
5 13 15 14 0
5 13 15 15 0
5 14 0 0 0
5 14 0 1 0
5 14 0 2 0
5 14 0 3 0
5 14 0 4 0
5 14 0 5 0
5 14 0 6 0
5 14 0 7 0
5 14 0 8 0
5 14 0 9 0
5 14 0 10 0
5 14 0 11 0
5 14 0 12 0
5 14 0 13 0
5 14 0 14 0
5 14 0 15 0
5 14 1 0 0
5 14 1 1 0
5 14 1 2 0
5 14 1 3 0
5 14 1 4 0
5 14 1 5 0
5 14 1 6 0
5 14 1 7 0
5 14 1 8 0
5 14 1 9 0
5 14 1 10 0
5 14 1 11 0
5 14 1 12 0
5 14 1 13 0
5 14 1 14 0
5 14 1 15 0
5 14 2 0 0
5 14 2 1 0
5 14 2 2 0
5 14 2 3 0
5 14 2 4 0
5 14 2 5 -0.005644107881451439
5 14 2 6 0
5 14 2 7 0
5 14 2 8 0
5 14 2 9 0
5 14 2 10 0
5 14 2 11 0
5 14 2 12 -0.0004384752878285847
5 14 2 13 0
5 14 2 14 0
5 14 2 15 0
5 14 3 0 0
5 14 3 1 0
5 14 3 2 0
5 14 3 3 0
5 14 3 4 0
5 14 3 5 0
5 14 3 6 0
5 14 3 7 0
5 14 3 8 0
5 14 3 9 0
5 14 3 10 0
5 14 3 11 0
5 14 3 12 0
5 14 3 13 0
5 14 3 14 0
5 14 3 15 0
5 14 4 0 0
5 14 4 1 0
5 14 4 2 0
5 14 4 3 0
5 14 4 4 0
5 14 4 5 0
5 14 4 6 0
5 14 4 7 0.001173831087974334
5 14 4 8 0
5 14 4 9 0
5 14 4 10 0
5 14 4 11 0
5 14 4 12 0
5 14 4 13 0
5 14 4 14 0
5 14 4 15 0
5 14 5 0 0
5 14 5 1 0
5 14 5 2 0.0008302312373619394
5 14 5 3 0
5 14 5 4 0
5 14 5 5 0
5 14 5 6 0
5 14 5 7 0
5 14 5 8 0
5 14 5 9 0
5 14 5 10 0
5 14 5 11 -0.0001327087952273341
5 14 5 12 0
5 14 5 13 0
5 14 5 14 0.0004913239519447533
5 14 5 15 0
5 14 6 0 0
5 14 6 1 0
5 14 6 2 0
5 14 6 3 0
5 14 6 4 0
5 14 6 5 0
5 14 6 6 0
5 14 6 7 0
5 14 6 8 0
5 14 6 9 0
5 14 6 10 0
5 14 6 11 0
5 14 6 12 0
5 14 6 13 0
5 14 6 14 0
5 14 6 15 0
5 14 7 0 0
5 14 7 1 0
5 14 7 2 0
5 14 7 3 0
5 14 7 4 0.0001297347872223968
5 14 7 5 0
5 14 7 6 0
5 14 7 7 0
5 14 7 8 0
5 14 7 9 0
5 14 7 10 0
5 14 7 11 0
5 14 7 12 0
5 14 7 13 0
5 14 7 14 0
5 14 7 15 0
5 14 8 0 0
5 14 8 1 0
5 14 8 2 0
5 14 8 3 0
5 14 8 4 0
5 14 8 5 0
5 14 8 6 0
5 14 8 7 0
5 14 8 8 0
5 14 8 9 0
5 14 8 10 0
5 14 8 11 0
5 14 8 12 0
5 14 8 13 0
5 14 8 14 0
5 14 8 15 0
5 14 9 0 0
5 14 9 1 0
5 14 9 2 0
5 14 9 3 0
5 14 9 4 0
5 14 9 5 0
5 14 9 6 0
5 14 9 7 0
5 14 9 8 0
5 14 9 9 0
5 14 9 10 0
5 14 9 11 0
5 14 9 12 0
5 14 9 13 0
5 14 9 14 0
5 14 9 15 0
5 14 10 0 0
5 14 10 1 0
5 14 10 2 0
5 14 10 3 0
5 14 10 4 0
5 14 10 5 0
5 14 10 6 0
5 14 10 7 0
5 14 10 8 0
5 14 10 9 0
5 14 10 10 0
5 14 10 11 0
5 14 10 12 0
5 14 10 13 0
5 14 10 14 0
5 14 10 15 0
5 14 11 0 0
5 14 11 1 0
5 14 11 2 0
5 14 11 3 0
5 14 11 4 0
5 14 11 5 0.0001554599446104934
5 14 11 6 0
5 14 11 7 0
5 14 11 8 0
5 14 11 9 0
5 14 11 10 0
5 14 11 11 0
5 14 11 12 0
5 14 11 13 0
5 14 11 14 0
5 14 11 15 0
5 14 12 0 0
5 14 12 1 0
5 14 12 2 6.449839167017141e-05
5 14 12 3 0
5 14 12 4 0
5 14 12 5 0
5 14 12 6 0
5 14 12 7 0
5 14 12 8 0
5 14 12 9 0
5 14 12 10 0
5 14 12 11 0
5 14 12 12 0
5 14 12 13 0
5 14 12 14 0
5 14 12 15 0
5 14 13 0 0
5 14 13 1 0
5 14 13 2 0
5 14 13 3 0
5 14 13 4 0
5 14 13 5 0
5 14 13 6 0
5 14 13 7 0
5 14 13 8 0
5 14 13 9 0
5 14 13 10 0
5 14 13 11 0
5 14 13 12 0
5 14 13 13 0
5 14 13 14 0
5 14 13 15 0
5 14 14 0 0
5 14 14 1 0
5 14 14 2 0
5 14 14 3 0
5 14 14 4 0
5 14 14 5 -0.0002956129678251647
5 14 14 6 0
5 14 14 7 0
5 14 14 8 0
5 14 14 9 0
5 14 14 10 0
5 14 14 11 0
5 14 14 12 0
5 14 14 13 0
5 14 14 14 0
5 14 14 15 0
5 14 15 0 0
5 14 15 1 0
5 14 15 2 0
5 14 15 3 0
5 14 15 4 0
5 14 15 5 0
5 14 15 6 0
5 14 15 7 0
5 14 15 8 0
5 14 15 9 0
5 14 15 10 0
5 14 15 11 0
5 14 15 12 0
5 14 15 13 0
5 14 15 14 0
5 14 15 15 0
5 15 0 0 0
5 15 0 1 0
5 15 0 2 0
5 15 0 3 0
5 15 0 4 0
5 15 0 5 0
5 15 0 6 0
5 15 0 7 0
5 15 0 8 0
5 15 0 9 0
5 15 0 10 0
5 15 0 11 0
5 15 0 12 0
5 15 0 13 0
5 15 0 14 0
5 15 0 15 0
5 15 1 0 0
5 15 1 1 0
5 15 1 2 0
5 15 1 3 0
5 15 1 4 0
5 15 1 5 -0.0005372566904409298
5 15 1 6 0
5 15 1 7 0
5 15 1 8 0
5 15 1 9 0
5 15 1 10 0
5 15 1 11 0
5 15 1 12 -4.173800127972371e-05
5 15 1 13 0
5 15 1 14 0
5 15 1 15 0
5 15 2 0 0
5 15 2 1 0
5 15 2 2 0
5 15 2 3 0
5 15 2 4 0
5 15 2 5 0
5 15 2 6 0
5 15 2 7 0
5 15 2 8 0
5 15 2 9 0
5 15 2 10 0
5 15 2 11 0
5 15 2 12 0
5 15 2 13 0
5 15 2 14 0
5 15 2 15 0
5 15 3 0 0
5 15 3 1 0
5 15 3 2 0
5 15 3 3 0
5 15 3 4 0
5 15 3 5 0
5 15 3 6 0
5 15 3 7 0
5 15 3 8 0
5 15 3 9 0
5 15 3 10 0
5 15 3 11 0
5 15 3 12 0
5 15 3 13 0
5 15 3 14 0
5 15 3 15 0
5 15 4 0 0
5 15 4 1 0
5 15 4 2 0
5 15 4 3 0
5 15 4 4 0
5 15 4 5 0
5 15 4 6 0
5 15 4 7 0
5 15 4 8 0
5 15 4 9 0
5 15 4 10 0
5 15 4 11 0
5 15 4 12 0
5 15 4 13 0
5 15 4 14 0
5 15 4 15 0
5 15 5 0 0
5 15 5 1 0.001900509923577761
5 15 5 2 0
5 15 5 3 0
5 15 5 4 0
5 15 5 5 0
5 15 5 6 0
5 15 5 7 0
5 15 5 8 0
5 15 5 9 0
5 15 5 10 0
5 15 5 11 0
5 15 5 12 0
5 15 5 13 0
5 15 5 14 0
5 15 5 15 1.754400527554864e-05
5 15 6 0 0
5 15 6 1 0
5 15 6 2 0
5 15 6 3 0
5 15 6 4 0
5 15 6 5 0
5 15 6 6 0
5 15 6 7 0
5 15 6 8 0
5 15 6 9 0
5 15 6 10 0
5 15 6 11 0
5 15 6 12 0
5 15 6 13 0
5 15 6 14 0
5 15 6 15 0
5 15 7 0 0
5 15 7 1 0
5 15 7 2 0
5 15 7 3 0
5 15 7 4 0
5 15 7 5 0
5 15 7 6 0
5 15 7 7 0
5 15 7 8 0
5 15 7 9 0
5 15 7 10 0
5 15 7 11 0
5 15 7 12 0
5 15 7 13 0
5 15 7 14 0
5 15 7 15 0
5 15 8 0 0
5 15 8 1 0
5 15 8 2 0
5 15 8 3 0
5 15 8 4 0
5 15 8 5 0
5 15 8 6 0
5 15 8 7 0
5 15 8 8 0
5 15 8 9 0
5 15 8 10 0
5 15 8 11 0
5 15 8 12 0
5 15 8 13 0
5 15 8 14 0
5 15 8 15 0
5 15 9 0 0
5 15 9 1 0
5 15 9 2 0
5 15 9 3 0
5 15 9 4 0
5 15 9 5 0
5 15 9 6 0
5 15 9 7 0
5 15 9 8 0
5 15 9 9 0
5 15 9 10 0
5 15 9 11 0
5 15 9 12 0
5 15 9 13 0
5 15 9 14 0
5 15 9 15 0
5 15 10 0 0
5 15 10 1 0
5 15 10 2 0
5 15 10 3 0
5 15 10 4 0
5 15 10 5 0
5 15 10 6 0
5 15 10 7 0
5 15 10 8 0
5 15 10 9 0
5 15 10 10 0
5 15 10 11 0
5 15 10 12 0
5 15 10 13 0
5 15 10 14 0
5 15 10 15 0
5 15 11 0 0
5 15 11 1 0
5 15 11 2 0
5 15 11 3 0
5 15 11 4 0
5 15 11 5 0
5 15 11 6 0
5 15 11 7 0
5 15 11 8 0
5 15 11 9 0
5 15 11 10 0
5 15 11 11 0
5 15 11 12 0
5 15 11 13 0
5 15 11 14 0
5 15 11 15 0
5 15 12 0 0
5 15 12 1 0.0001476454123955444
5 15 12 2 0
5 15 12 3 0
5 15 12 4 0
5 15 12 5 0
5 15 12 6 0
5 15 12 7 0
5 15 12 8 0
5 15 12 9 0
5 15 12 10 0
5 15 12 11 0
5 15 12 12 0
5 15 12 13 0
5 15 12 14 0
5 15 12 15 0
5 15 13 0 0
5 15 13 1 0
5 15 13 2 0
5 15 13 3 0
5 15 13 4 0
5 15 13 5 0
5 15 13 6 0
5 15 13 7 0
5 15 13 8 0
5 15 13 9 0
5 15 13 10 0
5 15 13 11 0
5 15 13 12 0
5 15 13 13 0
5 15 13 14 0
5 15 13 15 0
5 15 14 0 0
5 15 14 1 0
5 15 14 2 0
5 15 14 3 0
5 15 14 4 0
5 15 14 5 0
5 15 14 6 0
5 15 14 7 0
5 15 14 8 0
5 15 14 9 0
5 15 14 10 0
5 15 14 11 0
5 15 14 12 0
5 15 14 13 0
5 15 14 14 0
5 15 14 15 0
5 15 15 0 0
5 15 15 1 0
5 15 15 2 0
5 15 15 3 0
5 15 15 4 0
5 15 15 5 -1.848389492991911e-06
5 15 15 6 0
5 15 15 7 0
5 15 15 8 0
5 15 15 9 0
5 15 15 10 0
5 15 15 11 0
5 15 15 12 0
5 15 15 13 0
5 15 15 14 0
5 15 15 15 0
6 0 0 0 0
6 0 0 1 0
6 0 0 2 0
6 0 0 3 0
6 0 0 4 0
6 0 0 5 0
6 0 0 6 -0.7911864325348366
6 0 0 7 0
6 0 0 8 0
6 0 0 9 0
6 0 0 10 0
6 0 0 11 0
6 0 0 12 0
6 0 0 13 -0.008229363222880381
6 0 0 14 0
6 0 0 15 0
6 0 1 0 0
6 0 1 1 0
6 0 1 2 0
6 0 1 3 0
6 0 1 4 0
6 0 1 5 0
6 0 1 6 0
6 0 1 7 0
6 0 1 8 0
6 0 1 9 0
6 0 1 10 0
6 0 1 11 0
6 0 1 12 0
6 0 1 13 0
6 0 1 14 0
6 0 1 15 0
6 0 2 0 0
6 0 2 1 0
6 0 2 2 0
6 0 2 3 0
6 0 2 4 0
6 0 2 5 0
6 0 2 6 -5.901612228290587e-05
6 0 2 7 0
6 0 2 8 0
6 0 2 9 0
6 0 2 10 0
6 0 2 11 0
6 0 2 12 0
6 0 2 13 0
6 0 2 14 0
6 0 2 15 0
6 0 3 0 0
6 0 3 1 0
6 0 3 2 0
6 0 3 3 0
6 0 3 4 0
6 0 3 5 0
6 0 3 6 0
6 0 3 7 0
6 0 3 8 0
6 0 3 9 0
6 0 3 10 0
6 0 3 11 0
6 0 3 12 0
6 0 3 13 0
6 0 3 14 0
6 0 3 15 0
6 0 4 0 0
6 0 4 1 0
6 0 4 2 0
6 0 4 3 0
6 0 4 4 0
6 0 4 5 0
6 0 4 6 0
6 0 4 7 0
6 0 4 8 0
6 0 4 9 0
6 0 4 10 0
6 0 4 11 0
6 0 4 12 0
6 0 4 13 0
6 0 4 14 0
6 0 4 15 0
6 0 5 0 0
6 0 5 1 0
6 0 5 2 0
6 0 5 3 0
6 0 5 4 0
6 0 5 5 0
6 0 5 6 0
6 0 5 7 0
6 0 5 8 0
6 0 5 9 0
6 0 5 10 0
6 0 5 11 0
6 0 5 12 0
6 0 5 13 0
6 0 5 14 0
6 0 5 15 0
6 0 6 0 1.582340742696578
6 0 6 1 0
6 0 6 2 -2.311834823897285e-06
6 0 6 3 0
6 0 6 4 0
6 0 6 5 0
6 0 6 6 0
6 0 6 7 0
6 0 6 8 0
6 0 6 9 0
6 0 6 10 0
6 0 6 11 -0.002220143575202455
6 0 6 12 0
6 0 6 13 0
6 0 6 14 0
6 0 6 15 0
6 0 7 0 0
6 0 7 1 0
6 0 7 2 0
6 0 7 3 0
6 0 7 4 0
6 0 7 5 0
6 0 7 6 0
6 0 7 7 0
6 0 7 8 0
6 0 7 9 0
6 0 7 10 0
6 0 7 11 0
6 0 7 12 0
6 0 7 13 0
6 0 7 14 0
6 0 7 15 0
6 0 8 0 0
6 0 8 1 0
6 0 8 2 0
6 0 8 3 0
6 0 8 4 0
6 0 8 5 0
6 0 8 6 0
6 0 8 7 0
6 0 8 8 0
6 0 8 9 0
6 0 8 10 0
6 0 8 11 0
6 0 8 12 0
6 0 8 13 0
6 0 8 14 0
6 0 8 15 0
6 0 9 0 0
6 0 9 1 0
6 0 9 2 0
6 0 9 3 0
6 0 9 4 0
6 0 9 5 0
6 0 9 6 0
6 0 9 7 0
6 0 9 8 0
6 0 9 9 0
6 0 9 10 0
6 0 9 11 0
6 0 9 12 0
6 0 9 13 0
6 0 9 14 0
6 0 9 15 0
6 0 10 0 0
6 0 10 1 0
6 0 10 2 0
6 0 10 3 0
6 0 10 4 0
6 0 10 5 0
6 0 10 6 0
6 0 10 7 0
6 0 10 8 0
6 0 10 9 0
6 0 10 10 0
6 0 10 11 0
6 0 10 12 0
6 0 10 13 0
6 0 10 14 0
6 0 10 15 0
6 0 11 0 0
6 0 11 1 0
6 0 11 2 0
6 0 11 3 0
6 0 11 4 0
6 0 11 5 0
6 0 11 6 -0.00263547570572878
6 0 11 7 0
6 0 11 8 0
6 0 11 9 0
6 0 11 10 0
6 0 11 11 0
6 0 11 12 0
6 0 11 13 0
6 0 11 14 0
6 0 11 15 0
6 0 12 0 0
6 0 12 1 0
6 0 12 2 0
6 0 12 3 0
6 0 12 4 0
6 0 12 5 0
6 0 12 6 0
6 0 12 7 0
6 0 12 8 0
6 0 12 9 0
6 0 12 10 0
6 0 12 11 0
6 0 12 12 0
6 0 12 13 0
6 0 12 14 0
6 0 12 15 0
6 0 13 0 0.01645872644576076
6 0 13 1 0
6 0 13 2 0
6 0 13 3 0
6 0 13 4 0
6 0 13 5 0
6 0 13 6 0
6 0 13 7 0
6 0 13 8 0
6 0 13 9 0
6 0 13 10 0
6 0 13 11 0
6 0 13 12 0
6 0 13 13 0
6 0 13 14 0
6 0 13 15 0
6 0 14 0 0
6 0 14 1 0
6 0 14 2 0
6 0 14 3 0
6 0 14 4 0
6 0 14 5 0
6 0 14 6 0
6 0 14 7 0
6 0 14 8 0
6 0 14 9 0
6 0 14 10 0
6 0 14 11 0
6 0 14 12 0
6 0 14 13 0
6 0 14 14 0
6 0 14 15 0
6 0 15 0 0
6 0 15 1 0
6 0 15 2 0
6 0 15 3 0
6 0 15 4 0
6 0 15 5 0
6 0 15 6 0
6 0 15 7 0
6 0 15 8 0
6 0 15 9 0
6 0 15 10 0
6 0 15 11 0
6 0 15 12 0
6 0 15 13 0
6 0 15 14 0
6 0 15 15 0
6 1 0 0 0
6 1 0 1 0
6 1 0 2 0
6 1 0 3 0
6 1 0 4 0
6 1 0 5 0
6 1 0 6 0
6 1 0 7 0
6 1 0 8 0
6 1 0 9 0
6 1 0 10 0
6 1 0 11 0
6 1 0 12 0
6 1 0 13 0
6 1 0 14 0
6 1 0 15 0
6 1 1 0 0
6 1 1 1 0
6 1 1 2 0
6 1 1 3 0
6 1 1 4 0
6 1 1 5 0
6 1 1 6 -0.7912355402274289
6 1 1 7 0
6 1 1 8 0
6 1 1 9 0
6 1 1 10 0
6 1 1 11 0
6 1 1 12 0
6 1 1 13 -0.008229363222880381
6 1 1 14 0
6 1 1 15 0
6 1 2 0 0
6 1 2 1 0
6 1 2 2 0
6 1 2 3 0
6 1 2 4 0
6 1 2 5 0
6 1 2 6 0
6 1 2 7 0
6 1 2 8 0
6 1 2 9 0
6 1 2 10 0
6 1 2 11 0
6 1 2 12 0
6 1 2 13 0
6 1 2 14 0
6 1 2 15 0
6 1 3 0 0
6 1 3 1 0
6 1 3 2 0
6 1 3 3 0
6 1 3 4 0
6 1 3 5 0
6 1 3 6 0
6 1 3 7 0
6 1 3 8 0
6 1 3 9 0
6 1 3 10 0
6 1 3 11 0
6 1 3 12 0
6 1 3 13 0
6 1 3 14 0
6 1 3 15 0
6 1 4 0 0
6 1 4 1 0
6 1 4 2 0
6 1 4 3 0
6 1 4 4 0
6 1 4 5 0
6 1 4 6 0
6 1 4 7 0
6 1 4 8 0
6 1 4 9 0
6 1 4 10 0
6 1 4 11 0
6 1 4 12 0
6 1 4 13 0
6 1 4 14 0
6 1 4 15 0
6 1 5 0 0
6 1 5 1 0
6 1 5 2 0
6 1 5 3 0
6 1 5 4 0
6 1 5 5 0
6 1 5 6 0
6 1 5 7 0
6 1 5 8 0
6 1 5 9 0
6 1 5 10 0
6 1 5 11 0
6 1 5 12 0
6 1 5 13 0
6 1 5 14 0
6 1 5 15 0
6 1 6 0 0
6 1 6 1 1.582459020263812
6 1 6 2 0
6 1 6 3 0
6 1 6 4 0
6 1 6 5 0
6 1 6 6 0
6 1 6 7 0
6 1 6 8 0
6 1 6 9 0
6 1 6 10 0
6 1 6 11 0
6 1 6 12 0
6 1 6 13 0
6 1 6 14 0
6 1 6 15 0.001900509923577761
6 1 7 0 0
6 1 7 1 0
6 1 7 2 0
6 1 7 3 0
6 1 7 4 0
6 1 7 5 0
6 1 7 6 0
6 1 7 7 0
6 1 7 8 0
6 1 7 9 0
6 1 7 10 0
6 1 7 11 0
6 1 7 12 0
6 1 7 13 0
6 1 7 14 0
6 1 7 15 0
6 1 8 0 0
6 1 8 1 0
6 1 8 2 0
6 1 8 3 0
6 1 8 4 0
6 1 8 5 0
6 1 8 6 0
6 1 8 7 0
6 1 8 8 0
6 1 8 9 0
6 1 8 10 0
6 1 8 11 0
6 1 8 12 0
6 1 8 13 0
6 1 8 14 0
6 1 8 15 0
6 1 9 0 0
6 1 9 1 0
6 1 9 2 0
6 1 9 3 0
6 1 9 4 0
6 1 9 5 0
6 1 9 6 0
6 1 9 7 0
6 1 9 8 0
6 1 9 9 0
6 1 9 10 0
6 1 9 11 0
6 1 9 12 0
6 1 9 13 0
6 1 9 14 0
6 1 9 15 0
6 1 10 0 0
6 1 10 1 0
6 1 10 2 0
6 1 10 3 0
6 1 10 4 0
6 1 10 5 0
6 1 10 6 0
6 1 10 7 0
6 1 10 8 0
6 1 10 9 0
6 1 10 10 0
6 1 10 11 0
6 1 10 12 0
6 1 10 13 0
6 1 10 14 0
6 1 10 15 0
6 1 11 0 0
6 1 11 1 0
6 1 11 2 0
6 1 11 3 0
6 1 11 4 0
6 1 11 5 0
6 1 11 6 0
6 1 11 7 0
6 1 11 8 0
6 1 11 9 0
6 1 11 10 0
6 1 11 11 0
6 1 11 12 0
6 1 11 13 0
6 1 11 14 0
6 1 11 15 0
6 1 12 0 0
6 1 12 1 0
6 1 12 2 0
6 1 12 3 0
6 1 12 4 0
6 1 12 5 0
6 1 12 6 0
6 1 12 7 0
6 1 12 8 0
6 1 12 9 0
6 1 12 10 0
6 1 12 11 0
6 1 12 12 0
6 1 12 13 0
6 1 12 14 0
6 1 12 15 0
6 1 13 0 0
6 1 13 1 0.01645872644576076
6 1 13 2 0
6 1 13 3 0
6 1 13 4 0
6 1 13 5 0
6 1 13 6 0
6 1 13 7 0
6 1 13 8 0
6 1 13 9 0
6 1 13 10 0
6 1 13 11 0
6 1 13 12 0
6 1 13 13 0
6 1 13 14 0
6 1 13 15 0
6 1 14 0 0
6 1 14 1 0
6 1 14 2 0
6 1 14 3 0
6 1 14 4 0
6 1 14 5 0
6 1 14 6 0
6 1 14 7 0
6 1 14 8 0
6 1 14 9 0
6 1 14 10 0
6 1 14 11 0
6 1 14 12 0
6 1 14 13 0
6 1 14 14 0
6 1 14 15 0
6 1 15 0 0
6 1 15 1 0
6 1 15 2 0
6 1 15 3 0
6 1 15 4 0
6 1 15 5 0
6 1 15 6 -0.0005697885609681554
6 1 15 7 0
6 1 15 8 0
6 1 15 9 0
6 1 15 10 0
6 1 15 11 0
6 1 15 12 0
6 1 15 13 0
6 1 15 14 0
6 1 15 15 0
6 2 0 0 0
6 2 0 1 0
6 2 0 2 0
6 2 0 3 0
6 2 0 4 0
6 2 0 5 0
6 2 0 6 -5.901612228290587e-05
6 2 0 7 0
6 2 0 8 0
6 2 0 9 0
6 2 0 10 0
6 2 0 11 0
6 2 0 12 0
6 2 0 13 0
6 2 0 14 0
6 2 0 15 0
6 2 1 0 0
6 2 1 1 0
6 2 1 2 0
6 2 1 3 0
6 2 1 4 0
6 2 1 5 0
6 2 1 6 0
6 2 1 7 0
6 2 1 8 0
6 2 1 9 0
6 2 1 10 0
6 2 1 11 0
6 2 1 12 0
6 2 1 13 0
6 2 1 14 0
6 2 1 15 0
6 2 2 0 0
6 2 2 1 0
6 2 2 2 0
6 2 2 3 0
6 2 2 4 0
6 2 2 5 0
6 2 2 6 -0.451713674054787
6 2 2 7 0
6 2 2 8 0
6 2 2 9 0
6 2 2 10 0
6 2 2 11 0
6 2 2 12 0
6 2 2 13 -0.008229363222880381
6 2 2 14 0
6 2 2 15 0
6 2 3 0 0
6 2 3 1 0
6 2 3 2 0
6 2 3 3 0
6 2 3 4 0
6 2 3 5 0
6 2 3 6 0
6 2 3 7 0
6 2 3 8 0
6 2 3 9 0
6 2 3 10 0
6 2 3 11 0
6 2 3 12 0
6 2 3 13 0
6 2 3 14 0
6 2 3 15 0
6 2 4 0 0
6 2 4 1 0
6 2 4 2 0
6 2 4 3 0
6 2 4 4 0
6 2 4 5 0
6 2 4 6 0
6 2 4 7 0
6 2 4 8 0
6 2 4 9 0
6 2 4 10 0
6 2 4 11 0
6 2 4 12 0
6 2 4 13 0
6 2 4 14 0
6 2 4 15 0
6 2 5 0 0
6 2 5 1 0
6 2 5 2 0
6 2 5 3 0
6 2 5 4 0
6 2 5 5 0
6 2 5 6 0
6 2 5 7 0
6 2 5 8 0
6 2 5 9 0
6 2 5 10 0
6 2 5 11 0
6 2 5 12 0
6 2 5 13 0
6 2 5 14 0
6 2 5 15 0
6 2 6 0 -2.311834823897285e-06
6 2 6 1 0
6 2 6 2 0.8955552271561689
6 2 6 3 0
6 2 6 4 0
6 2 6 5 0
6 2 6 6 0
6 2 6 7 0
6 2 6 8 0
6 2 6 9 0
6 2 6 10 0
6 2 6 11 -0.002223322100579554
6 2 6 12 0
6 2 6 13 0
6 2 6 14 0.000830231237361939
6 2 6 15 0
6 2 7 0 0
6 2 7 1 0
6 2 7 2 0
6 2 7 3 -0.3234686465158186
6 2 7 4 0
6 2 7 5 0
6 2 7 6 0
6 2 7 7 0
6 2 7 8 0
6 2 7 9 0
6 2 7 10 0
6 2 7 11 0
6 2 7 12 0
6 2 7 13 0
6 2 7 14 0
6 2 7 15 0
6 2 8 0 0
6 2 8 1 0
6 2 8 2 0
6 2 8 3 0
6 2 8 4 0
6 2 8 5 0
6 2 8 6 0
6 2 8 7 0
6 2 8 8 0
6 2 8 9 0
6 2 8 10 0
6 2 8 11 0
6 2 8 12 0
6 2 8 13 0
6 2 8 14 0
6 2 8 15 0
6 2 9 0 0
6 2 9 1 0
6 2 9 2 0
6 2 9 3 0
6 2 9 4 0
6 2 9 5 0
6 2 9 6 0
6 2 9 7 0
6 2 9 8 0
6 2 9 9 0
6 2 9 10 0
6 2 9 11 0
6 2 9 12 0
6 2 9 13 0
6 2 9 14 0
6 2 9 15 0
6 2 10 0 0
6 2 10 1 0
6 2 10 2 0
6 2 10 3 0
6 2 10 4 0
6 2 10 5 0
6 2 10 6 0
6 2 10 7 0
6 2 10 8 0
6 2 10 9 0
6 2 10 10 0
6 2 10 11 0
6 2 10 12 0
6 2 10 13 0
6 2 10 14 0
6 2 10 15 0
6 2 11 0 0
6 2 11 1 0
6 2 11 2 0
6 2 11 3 0
6 2 11 4 0
6 2 11 5 0
6 2 11 6 0.0029304306408281
6 2 11 7 0
6 2 11 8 0
6 2 11 9 0
6 2 11 10 0
6 2 11 11 0
6 2 11 12 0
6 2 11 13 0
6 2 11 14 0
6 2 11 15 0
6 2 12 0 0
6 2 12 1 0
6 2 12 2 0
6 2 12 3 0
6 2 12 4 0
6 2 12 5 0
6 2 12 6 0
6 2 12 7 0
6 2 12 8 0
6 2 12 9 0
6 2 12 10 0
6 2 12 11 0
6 2 12 12 0
6 2 12 13 0
6 2 12 14 0
6 2 12 15 0
6 2 13 0 0
6 2 13 1 0
6 2 13 2 0.01645872644576076
6 2 13 3 0
6 2 13 4 0
6 2 13 5 0
6 2 13 6 0
6 2 13 7 0
6 2 13 8 0
6 2 13 9 0
6 2 13 10 0
6 2 13 11 0
6 2 13 12 0
6 2 13 13 0
6 2 13 14 0
6 2 13 15 0
6 2 14 0 0
6 2 14 1 0
6 2 14 2 0
6 2 14 3 0
6 2 14 4 0
6 2 14 5 0
6 2 14 6 -0.008497972027025466
6 2 14 7 0
6 2 14 8 0
6 2 14 9 0
6 2 14 10 0
6 2 14 11 0
6 2 14 12 0
6 2 14 13 0
6 2 14 14 0
6 2 14 15 0
6 2 15 0 0
6 2 15 1 0
6 2 15 2 0
6 2 15 3 0
6 2 15 4 0
6 2 15 5 0
6 2 15 6 0
6 2 15 7 0
6 2 15 8 0
6 2 15 9 0
6 2 15 10 0
6 2 15 11 0
6 2 15 12 0
6 2 15 13 0
6 2 15 14 0
6 2 15 15 0
6 3 0 0 0
6 3 0 1 0
6 3 0 2 0
6 3 0 3 0
6 3 0 4 0
6 3 0 5 0
6 3 0 6 0
6 3 0 7 0
6 3 0 8 0
6 3 0 9 0
6 3 0 10 0
6 3 0 11 0
6 3 0 12 0
6 3 0 13 0
6 3 0 14 0
6 3 0 15 0
6 3 1 0 0
6 3 1 1 0
6 3 1 2 0
6 3 1 3 0
6 3 1 4 0
6 3 1 5 0
6 3 1 6 0
6 3 1 7 0
6 3 1 8 0
6 3 1 9 0
6 3 1 10 0
6 3 1 11 0
6 3 1 12 0
6 3 1 13 0
6 3 1 14 0
6 3 1 15 0
6 3 2 0 0
6 3 2 1 0
6 3 2 2 0
6 3 2 3 0
6 3 2 4 0
6 3 2 5 0
6 3 2 6 0
6 3 2 7 0
6 3 2 8 0
6 3 2 9 0
6 3 2 10 0
6 3 2 11 0
6 3 2 12 0
6 3 2 13 0
6 3 2 14 0
6 3 2 15 0
6 3 3 0 0
6 3 3 1 0
6 3 3 2 0
6 3 3 3 0
6 3 3 4 0
6 3 3 5 0
6 3 3 6 -0.1452600086109626
6 3 3 7 0
6 3 3 8 0
6 3 3 9 0
6 3 3 10 0
6 3 3 11 0
6 3 3 12 0
6 3 3 13 -0.008229363222880377
6 3 3 14 0
6 3 3 15 0
6 3 4 0 0
6 3 4 1 0
6 3 4 2 0
6 3 4 3 0
6 3 4 4 0
6 3 4 5 0
6 3 4 6 0
6 3 4 7 0
6 3 4 8 0
6 3 4 9 0
6 3 4 10 0
6 3 4 11 0
6 3 4 12 0
6 3 4 13 0
6 3 4 14 0
6 3 4 15 0
6 3 5 0 0
6 3 5 1 0
6 3 5 2 0
6 3 5 3 0
6 3 5 4 0
6 3 5 5 0
6 3 5 6 0
6 3 5 7 0
6 3 5 8 0
6 3 5 9 0
6 3 5 10 0
6 3 5 11 0
6 3 5 12 0
6 3 5 13 0
6 3 5 14 0
6 3 5 15 0
6 3 6 0 0
6 3 6 1 0
6 3 6 2 0
6 3 6 3 0.145813413952881
6 3 6 4 0
6 3 6 5 0
6 3 6 6 0
6 3 6 7 0
6 3 6 8 0.008883861676736587
6 3 6 9 0
6 3 6 10 0
6 3 6 11 0
6 3 6 12 0
6 3 6 13 0
6 3 6 14 0
6 3 6 15 0
6 3 7 0 0
6 3 7 1 0
6 3 7 2 0
6 3 7 3 0
6 3 7 4 0
6 3 7 5 0
6 3 7 6 0
6 3 7 7 0
6 3 7 8 0
6 3 7 9 0
6 3 7 10 0
6 3 7 11 0
6 3 7 12 0
6 3 7 13 0
6 3 7 14 0
6 3 7 15 0
6 3 8 0 0
6 3 8 1 0
6 3 8 2 0
6 3 8 3 0
6 3 8 4 0
6 3 8 5 0
6 3 8 6 -0.008883861676736594
6 3 8 7 0
6 3 8 8 0
6 3 8 9 0
6 3 8 10 0
6 3 8 11 0
6 3 8 12 0
6 3 8 13 0
6 3 8 14 0
6 3 8 15 0
6 3 9 0 0
6 3 9 1 0
6 3 9 2 0
6 3 9 3 0
6 3 9 4 0
6 3 9 5 0
6 3 9 6 0
6 3 9 7 0
6 3 9 8 0
6 3 9 9 0
6 3 9 10 0
6 3 9 11 0
6 3 9 12 0
6 3 9 13 0
6 3 9 14 0
6 3 9 15 0
6 3 10 0 0
6 3 10 1 0
6 3 10 2 0
6 3 10 3 0
6 3 10 4 0
6 3 10 5 0
6 3 10 6 0
6 3 10 7 0
6 3 10 8 0
6 3 10 9 0
6 3 10 10 0
6 3 10 11 0
6 3 10 12 0
6 3 10 13 0
6 3 10 14 0
6 3 10 15 0
6 3 11 0 0
6 3 11 1 0
6 3 11 2 0
6 3 11 3 0
6 3 11 4 0
6 3 11 5 0
6 3 11 6 0
6 3 11 7 0
6 3 11 8 0
6 3 11 9 0
6 3 11 10 0
6 3 11 11 0
6 3 11 12 0
6 3 11 13 0
6 3 11 14 0
6 3 11 15 0
6 3 12 0 0
6 3 12 1 0
6 3 12 2 0
6 3 12 3 0
6 3 12 4 0
6 3 12 5 0
6 3 12 6 0
6 3 12 7 0
6 3 12 8 0
6 3 12 9 0
6 3 12 10 0
6 3 12 11 0
6 3 12 12 0
6 3 12 13 0
6 3 12 14 0
6 3 12 15 0
6 3 13 0 0
6 3 13 1 0
6 3 13 2 0
6 3 13 3 0.008229363222880381
6 3 13 4 0
6 3 13 5 0
6 3 13 6 0
6 3 13 7 0
6 3 13 8 0
6 3 13 9 0
6 3 13 10 0
6 3 13 11 0
6 3 13 12 0
6 3 13 13 0
6 3 13 14 0
6 3 13 15 0
6 3 14 0 0
6 3 14 1 0
6 3 14 2 0
6 3 14 3 0
6 3 14 4 0
6 3 14 5 0
6 3 14 6 0
6 3 14 7 0
6 3 14 8 0
6 3 14 9 0
6 3 14 10 0
6 3 14 11 0
6 3 14 12 0
6 3 14 13 0
6 3 14 14 0
6 3 14 15 0
6 3 15 0 0
6 3 15 1 0
6 3 15 2 0
6 3 15 3 0
6 3 15 4 0
6 3 15 5 0
6 3 15 6 0
6 3 15 7 0
6 3 15 8 0
6 3 15 9 0
6 3 15 10 0
6 3 15 11 0
6 3 15 12 0
6 3 15 13 0
6 3 15 14 0
6 3 15 15 0
6 4 0 0 0
6 4 0 1 0
6 4 0 2 0
6 4 0 3 0
6 4 0 4 0
6 4 0 5 0
6 4 0 6 0
6 4 0 7 0
6 4 0 8 0
6 4 0 9 0
6 4 0 10 0
6 4 0 11 0
6 4 0 12 0
6 4 0 13 0
6 4 0 14 0
6 4 0 15 0
6 4 1 0 0
6 4 1 1 0
6 4 1 2 0
6 4 1 3 0
6 4 1 4 0
6 4 1 5 0
6 4 1 6 0
6 4 1 7 0
6 4 1 8 0
6 4 1 9 0
6 4 1 10 0
6 4 1 11 0
6 4 1 12 0
6 4 1 13 0
6 4 1 14 0
6 4 1 15 0
6 4 2 0 0
6 4 2 1 0
6 4 2 2 0
6 4 2 3 0
6 4 2 4 0
6 4 2 5 0
6 4 2 6 0
6 4 2 7 0
6 4 2 8 0
6 4 2 9 0
6 4 2 10 0
6 4 2 11 0
6 4 2 12 0
6 4 2 13 0
6 4 2 14 0
6 4 2 15 0
6 4 3 0 0
6 4 3 1 0
6 4 3 2 0
6 4 3 3 0
6 4 3 4 0
6 4 3 5 1.040834085586084e-17
6 4 3 6 0
6 4 3 7 0
6 4 3 8 0
6 4 3 9 0
6 4 3 10 0
6 4 3 11 0
6 4 3 12 -1.521928820629794e-18
6 4 3 13 0
6 4 3 14 0
6 4 3 15 0
6 4 4 0 0
6 4 4 1 0
6 4 4 2 0
6 4 4 3 0
6 4 4 4 0
6 4 4 5 0
6 4 4 6 -0.4675064951732375
6 4 4 7 0
6 4 4 8 0
6 4 4 9 0
6 4 4 10 0
6 4 4 11 0
6 4 4 12 0
6 4 4 13 -0.008229363222880367
6 4 4 14 0
6 4 4 15 0
6 4 5 0 0
6 4 5 1 0
6 4 5 2 0
6 4 5 3 -0.06787288189714902
6 4 5 4 0
6 4 5 5 0
6 4 5 6 0
6 4 5 7 0
6 4 5 8 -6.679615045631277e-18
6 4 5 9 0
6 4 5 10 0
6 4 5 11 0
6 4 5 12 0
6 4 5 13 0
6 4 5 14 0
6 4 5 15 0
6 4 6 0 0
6 4 6 1 0
6 4 6 2 0
6 4 6 3 0
6 4 6 4 0.799069366336036
6 4 6 5 0
6 4 6 6 0
6 4 6 7 0
6 4 6 8 0
6 4 6 9 0.01004127042988526
6 4 6 10 0
6 4 6 11 0
6 4 6 12 0
6 4 6 13 0
6 4 6 14 0
6 4 6 15 0
6 4 7 0 0
6 4 7 1 0
6 4 7 2 0
6 4 7 3 0
6 4 7 4 0
6 4 7 5 0
6 4 7 6 0
6 4 7 7 0
6 4 7 8 0
6 4 7 9 0
6 4 7 10 0
6 4 7 11 0
6 4 7 12 0
6 4 7 13 0
6 4 7 14 0
6 4 7 15 0
6 4 8 0 0
6 4 8 1 0
6 4 8 2 0
6 4 8 3 0
6 4 8 4 0
6 4 8 5 -4.571635068259833e-18
6 4 8 6 0
6 4 8 7 0
6 4 8 8 0
6 4 8 9 0
6 4 8 10 0
6 4 8 11 0
6 4 8 12 0
6 4 8 13 0
6 4 8 14 0
6 4 8 15 0
6 4 9 0 0
6 4 9 1 0
6 4 9 2 0
6 4 9 3 0
6 4 9 4 0
6 4 9 5 0
6 4 9 6 -0.01004127042988525
6 4 9 7 0
6 4 9 8 0
6 4 9 9 0
6 4 9 10 0
6 4 9 11 0
6 4 9 12 0
6 4 9 13 0
6 4 9 14 0
6 4 9 15 0
6 4 10 0 0
6 4 10 1 0
6 4 10 2 0
6 4 10 3 0
6 4 10 4 0
6 4 10 5 0
6 4 10 6 0
6 4 10 7 0
6 4 10 8 0
6 4 10 9 0
6 4 10 10 0
6 4 10 11 0
6 4 10 12 0
6 4 10 13 0
6 4 10 14 0
6 4 10 15 0
6 4 11 0 0
6 4 11 1 0
6 4 11 2 0
6 4 11 3 0
6 4 11 4 0
6 4 11 5 0
6 4 11 6 0
6 4 11 7 0
6 4 11 8 0
6 4 11 9 0
6 4 11 10 0
6 4 11 11 0
6 4 11 12 0
6 4 11 13 0
6 4 11 14 0
6 4 11 15 0
6 4 12 0 0
6 4 12 1 0
6 4 12 2 0
6 4 12 3 3.431898341742385e-18
6 4 12 4 0
6 4 12 5 0
6 4 12 6 0
6 4 12 7 0
6 4 12 8 0
6 4 12 9 0
6 4 12 10 0
6 4 12 11 0
6 4 12 12 0
6 4 12 13 0
6 4 12 14 0
6 4 12 15 0
6 4 13 0 0
6 4 13 1 0
6 4 13 2 0
6 4 13 3 0
6 4 13 4 0.008229363222880381
6 4 13 5 0
6 4 13 6 0
6 4 13 7 0
6 4 13 8 0
6 4 13 9 0
6 4 13 10 0
6 4 13 11 0
6 4 13 12 0
6 4 13 13 0
6 4 13 14 0
6 4 13 15 0
6 4 14 0 0
6 4 14 1 0
6 4 14 2 0
6 4 14 3 0
6 4 14 4 0
6 4 14 5 0
6 4 14 6 0
6 4 14 7 0
6 4 14 8 0
6 4 14 9 0
6 4 14 10 0
6 4 14 11 0
6 4 14 12 0
6 4 14 13 0
6 4 14 14 0
6 4 14 15 0
6 4 15 0 0
6 4 15 1 0
6 4 15 2 0
6 4 15 3 0
6 4 15 4 0
6 4 15 5 0
6 4 15 6 0
6 4 15 7 0
6 4 15 8 0
6 4 15 9 0
6 4 15 10 0
6 4 15 11 0
6 4 15 12 0
6 4 15 13 0
6 4 15 14 0
6 4 15 15 0
6 5 0 0 0
6 5 0 1 0
6 5 0 2 0
6 5 0 3 0
6 5 0 4 0
6 5 0 5 0
6 5 0 6 0
6 5 0 7 0
6 5 0 8 0
6 5 0 9 0
6 5 0 10 0
6 5 0 11 0
6 5 0 12 0
6 5 0 13 0
6 5 0 14 0
6 5 0 15 0
6 5 1 0 0
6 5 1 1 0
6 5 1 2 0
6 5 1 3 0
6 5 1 4 0
6 5 1 5 0
6 5 1 6 0
6 5 1 7 0
6 5 1 8 0
6 5 1 9 0
6 5 1 10 0
6 5 1 11 0
6 5 1 12 0
6 5 1 13 0
6 5 1 14 0
6 5 1 15 0
6 5 2 0 0
6 5 2 1 0
6 5 2 2 0
6 5 2 3 0
6 5 2 4 0
6 5 2 5 0
6 5 2 6 0
6 5 2 7 0
6 5 2 8 0
6 5 2 9 0
6 5 2 10 0
6 5 2 11 0
6 5 2 12 0
6 5 2 13 0
6 5 2 14 0
6 5 2 15 0
6 5 3 0 0
6 5 3 1 0
6 5 3 2 0
6 5 3 3 0
6 5 3 4 -9.71445146547012e-17
6 5 3 5 0
6 5 3 6 0
6 5 3 7 0
6 5 3 8 0
6 5 3 9 -6.187329916577856e-18
6 5 3 10 0
6 5 3 11 0
6 5 3 12 0
6 5 3 13 0
6 5 3 14 0
6 5 3 15 0
6 5 4 0 0
6 5 4 1 0
6 5 4 2 0
6 5 4 3 -0.05290647949334866
6 5 4 4 0
6 5 4 5 0
6 5 4 6 0
6 5 4 7 0
6 5 4 8 1.34315414966289e-17
6 5 4 9 0
6 5 4 10 0
6 5 4 11 0
6 5 4 12 0
6 5 4 13 0
6 5 4 14 0
6 5 4 15 0
6 5 5 0 0
6 5 5 1 0
6 5 5 2 0
6 5 5 3 0
6 5 5 4 0
6 5 5 5 0
6 5 5 6 -0.4593795137658568
6 5 5 7 0
6 5 5 8 0
6 5 5 9 0
6 5 5 10 0
6 5 5 11 0
6 5 5 12 0
6 5 5 13 -0.008229363222880381
6 5 5 14 0
6 5 5 15 0
6 5 6 0 0
6 5 6 1 0
6 5 6 2 0
6 5 6 3 0
6 5 6 4 0
6 5 6 5 0.7818410440688772
6 5 6 6 0
6 5 6 7 0
6 5 6 8 0
6 5 6 9 0
6 5 6 10 0
6 5 6 11 0
6 5 6 12 0.009198659206302017
6 5 6 13 0
6 5 6 14 0
6 5 6 15 0
6 5 7 0 0
6 5 7 1 0
6 5 7 2 0
6 5 7 3 0
6 5 7 4 0
6 5 7 5 0
6 5 7 6 0
6 5 7 7 0
6 5 7 8 0
6 5 7 9 0
6 5 7 10 0
6 5 7 11 0
6 5 7 12 0
6 5 7 13 0
6 5 7 14 0
6 5 7 15 0
6 5 8 0 0
6 5 8 1 0
6 5 8 2 0
6 5 8 3 0
6 5 8 4 -5.694558870613349e-18
6 5 8 5 0
6 5 8 6 0
6 5 8 7 0
6 5 8 8 0
6 5 8 9 0
6 5 8 10 0
6 5 8 11 0
6 5 8 12 0
6 5 8 13 0
6 5 8 14 0
6 5 8 15 0
6 5 9 0 0
6 5 9 1 0
6 5 9 2 0
6 5 9 3 7.58242230004819e-18
6 5 9 4 0
6 5 9 5 0
6 5 9 6 0
6 5 9 7 0
6 5 9 8 0
6 5 9 9 0
6 5 9 10 0
6 5 9 11 0
6 5 9 12 0
6 5 9 13 0
6 5 9 14 0
6 5 9 15 0
6 5 10 0 0
6 5 10 1 0
6 5 10 2 0
6 5 10 3 0
6 5 10 4 0
6 5 10 5 0
6 5 10 6 0
6 5 10 7 0
6 5 10 8 0
6 5 10 9 0
6 5 10 10 0
6 5 10 11 0
6 5 10 12 0
6 5 10 13 0
6 5 10 14 0
6 5 10 15 0
6 5 11 0 0
6 5 11 1 0
6 5 11 2 0
6 5 11 3 0
6 5 11 4 0
6 5 11 5 0
6 5 11 6 0
6 5 11 7 0
6 5 11 8 0
6 5 11 9 0
6 5 11 10 0
6 5 11 11 0
6 5 11 12 0
6 5 11 13 0
6 5 11 14 0
6 5 11 15 0
6 5 12 0 0
6 5 12 1 0
6 5 12 2 0
6 5 12 3 0
6 5 12 4 0
6 5 12 5 0
6 5 12 6 -0.009198659206302015
6 5 12 7 0
6 5 12 8 0
6 5 12 9 0
6 5 12 10 0
6 5 12 11 0
6 5 12 12 0
6 5 12 13 0
6 5 12 14 0
6 5 12 15 0
6 5 13 0 0
6 5 13 1 0
6 5 13 2 0
6 5 13 3 0
6 5 13 4 0
6 5 13 5 0.008229363222880381
6 5 13 6 0
6 5 13 7 0
6 5 13 8 0
6 5 13 9 0
6 5 13 10 0
6 5 13 11 0
6 5 13 12 0
6 5 13 13 0
6 5 13 14 0
6 5 13 15 0
6 5 14 0 0
6 5 14 1 0
6 5 14 2 0
6 5 14 3 0
6 5 14 4 0
6 5 14 5 0
6 5 14 6 0
6 5 14 7 0
6 5 14 8 0
6 5 14 9 0
6 5 14 10 0
6 5 14 11 0
6 5 14 12 0
6 5 14 13 0
6 5 14 14 0
6 5 14 15 0
6 5 15 0 0
6 5 15 1 0
6 5 15 2 0
6 5 15 3 0
6 5 15 4 0
6 5 15 5 0
6 5 15 6 0
6 5 15 7 0
6 5 15 8 0
6 5 15 9 0
6 5 15 10 0
6 5 15 11 0
6 5 15 12 0
6 5 15 13 0
6 5 15 14 0
6 5 15 15 0
6 6 0 0 0
6 6 0 1 0
6 6 0 2 0
6 6 0 3 0
6 6 0 4 0
6 6 0 5 0
6 6 0 6 0
6 6 0 7 0
6 6 0 8 0
6 6 0 9 0
6 6 0 10 0
6 6 0 11 0
6 6 0 12 0
6 6 0 13 0
6 6 0 14 0
6 6 0 15 0
6 6 1 0 0
6 6 1 1 0
6 6 1 2 0
6 6 1 3 0
6 6 1 4 0
6 6 1 5 0
6 6 1 6 0
6 6 1 7 0
6 6 1 8 0
6 6 1 9 0
6 6 1 10 0
6 6 1 11 0
6 6 1 12 0
6 6 1 13 0
6 6 1 14 0
6 6 1 15 0
6 6 2 0 0
6 6 2 1 0
6 6 2 2 0
6 6 2 3 0
6 6 2 4 0
6 6 2 5 0
6 6 2 6 0
6 6 2 7 0
6 6 2 8 0
6 6 2 9 0
6 6 2 10 0
6 6 2 11 0
6 6 2 12 0
6 6 2 13 0
6 6 2 14 0
6 6 2 15 0
6 6 3 0 0
6 6 3 1 0
6 6 3 2 0
6 6 3 3 -0.8271502092832279
6 6 3 4 0
6 6 3 5 0
6 6 3 6 0
6 6 3 7 0
6 6 3 8 4.613340973017995e-19
6 6 3 9 0
6 6 3 10 0
6 6 3 11 0
6 6 3 12 0
6 6 3 13 0
6 6 3 14 0
6 6 3 15 0
6 6 4 0 0
6 6 4 1 0
6 6 4 2 0
6 6 4 3 0
6 6 4 4 0
6 6 4 5 0
6 6 4 6 0
6 6 4 7 0
6 6 4 8 0
6 6 4 9 0
6 6 4 10 0
6 6 4 11 0
6 6 4 12 0
6 6 4 13 0
6 6 4 14 0
6 6 4 15 0
6 6 5 0 0
6 6 5 1 0
6 6 5 2 0
6 6 5 3 0
6 6 5 4 0
6 6 5 5 0
6 6 5 6 0
6 6 5 7 0
6 6 5 8 0
6 6 5 9 0
6 6 5 10 0
6 6 5 11 0
6 6 5 12 0
6 6 5 13 0
6 6 5 14 0
6 6 5 15 0
6 6 6 0 0
6 6 6 1 0
6 6 6 2 0
6 6 6 3 0
6 6 6 4 0
6 6 6 5 0
6 6 6 6 0.6447583241223842
6 6 6 7 0
6 6 6 8 0
6 6 6 9 0
6 6 6 10 0
6 6 6 11 0
6 6 6 12 0
6 6 6 13 -1.988221164980536e-20
6 6 6 14 0
6 6 6 15 0
6 6 7 0 0
6 6 7 1 0
6 6 7 2 0
6 6 7 3 0
6 6 7 4 0
6 6 7 5 0
6 6 7 6 0
6 6 7 7 0
6 6 7 8 0
6 6 7 9 0
6 6 7 10 0
6 6 7 11 0
6 6 7 12 0
6 6 7 13 0
6 6 7 14 0
6 6 7 15 0
6 6 8 0 0
6 6 8 1 0
6 6 8 2 0
6 6 8 3 4.613340973017995e-19
6 6 8 4 0
6 6 8 5 0
6 6 8 6 0
6 6 8 7 0
6 6 8 8 0
6 6 8 9 0
6 6 8 10 0
6 6 8 11 0
6 6 8 12 0
6 6 8 13 0
6 6 8 14 0
6 6 8 15 0
6 6 9 0 0
6 6 9 1 0
6 6 9 2 0
6 6 9 3 0
6 6 9 4 0
6 6 9 5 0
6 6 9 6 0
6 6 9 7 0
6 6 9 8 0
6 6 9 9 0
6 6 9 10 0
6 6 9 11 0
6 6 9 12 0
6 6 9 13 0
6 6 9 14 0
6 6 9 15 0
6 6 10 0 0
6 6 10 1 0
6 6 10 2 0
6 6 10 3 0
6 6 10 4 0
6 6 10 5 0
6 6 10 6 0
6 6 10 7 0
6 6 10 8 0
6 6 10 9 0
6 6 10 10 0
6 6 10 11 0
6 6 10 12 0
6 6 10 13 0
6 6 10 14 0
6 6 10 15 0
6 6 11 0 0
6 6 11 1 0
6 6 11 2 0
6 6 11 3 0
6 6 11 4 0
6 6 11 5 0
6 6 11 6 0
6 6 11 7 0
6 6 11 8 0
6 6 11 9 0
6 6 11 10 0
6 6 11 11 0
6 6 11 12 0
6 6 11 13 0
6 6 11 14 0
6 6 11 15 0
6 6 12 0 0
6 6 12 1 0
6 6 12 2 0
6 6 12 3 0
6 6 12 4 0
6 6 12 5 0
6 6 12 6 0
6 6 12 7 0
6 6 12 8 0
6 6 12 9 0
6 6 12 10 0
6 6 12 11 0
6 6 12 12 0
6 6 12 13 0
6 6 12 14 0
6 6 12 15 0
6 6 13 0 0
6 6 13 1 0
6 6 13 2 0
6 6 13 3 0
6 6 13 4 0
6 6 13 5 0
6 6 13 6 -1.988221164980536e-20
6 6 13 7 0
6 6 13 8 0
6 6 13 9 0
6 6 13 10 0
6 6 13 11 0
6 6 13 12 0
6 6 13 13 0
6 6 13 14 0
6 6 13 15 0
6 6 14 0 0
6 6 14 1 0
6 6 14 2 0
6 6 14 3 0
6 6 14 4 0
6 6 14 5 0
6 6 14 6 0
6 6 14 7 0
6 6 14 8 0
6 6 14 9 0
6 6 14 10 0
6 6 14 11 0
6 6 14 12 0
6 6 14 13 0
6 6 14 14 0
6 6 14 15 0
6 6 15 0 0
6 6 15 1 0
6 6 15 2 0
6 6 15 3 0
6 6 15 4 0
6 6 15 5 0
6 6 15 6 0
6 6 15 7 0
6 6 15 8 0
6 6 15 9 0
6 6 15 10 0
6 6 15 11 0
6 6 15 12 0
6 6 15 13 0
6 6 15 14 0
6 6 15 15 0
6 7 0 0 0
6 7 0 1 0
6 7 0 2 0
6 7 0 3 0
6 7 0 4 0
6 7 0 5 0
6 7 0 6 0
6 7 0 7 0
6 7 0 8 0
6 7 0 9 0
6 7 0 10 0
6 7 0 11 0
6 7 0 12 0
6 7 0 13 0
6 7 0 14 0
6 7 0 15 0
6 7 1 0 0
6 7 1 1 0
6 7 1 2 0
6 7 1 3 0
6 7 1 4 0
6 7 1 5 0
6 7 1 6 0
6 7 1 7 0
6 7 1 8 0
6 7 1 9 0
6 7 1 10 0
6 7 1 11 0
6 7 1 12 0
6 7 1 13 0
6 7 1 14 0
6 7 1 15 0
6 7 2 0 0
6 7 2 1 0
6 7 2 2 0
6 7 2 3 -0.2888007083966599
6 7 2 4 0
6 7 2 5 0
6 7 2 6 0
6 7 2 7 0
6 7 2 8 -0.01465878287263919
6 7 2 9 0
6 7 2 10 0
6 7 2 11 0
6 7 2 12 0
6 7 2 13 0
6 7 2 14 0
6 7 2 15 0
6 7 3 0 0
6 7 3 1 0
6 7 3 2 1.249000902703301e-16
6 7 3 3 0
6 7 3 4 0
6 7 3 5 0
6 7 3 6 0
6 7 3 7 0
6 7 3 8 0
6 7 3 9 0
6 7 3 10 0
6 7 3 11 0.004365908650718031
6 7 3 12 0
6 7 3 13 0
6 7 3 14 -0.01257554024186362
6 7 3 15 0
6 7 4 0 0
6 7 4 1 0
6 7 4 2 0
6 7 4 3 0
6 7 4 4 0
6 7 4 5 0
6 7 4 6 0
6 7 4 7 0
6 7 4 8 0
6 7 4 9 0
6 7 4 10 0
6 7 4 11 0
6 7 4 12 0
6 7 4 13 0
6 7 4 14 0
6 7 4 15 0
6 7 5 0 0
6 7 5 1 0
6 7 5 2 0
6 7 5 3 0
6 7 5 4 0
6 7 5 5 0
6 7 5 6 0
6 7 5 7 0
6 7 5 8 0
6 7 5 9 0
6 7 5 10 0
6 7 5 11 0
6 7 5 12 0
6 7 5 13 0
6 7 5 14 0
6 7 5 15 0
6 7 6 0 0
6 7 6 1 0
6 7 6 2 0
6 7 6 3 0
6 7 6 4 0
6 7 6 5 0
6 7 6 6 0
6 7 6 7 0.686366993161148
6 7 6 8 0
6 7 6 9 0
6 7 6 10 0
6 7 6 11 0
6 7 6 12 0
6 7 6 13 0
6 7 6 14 0
6 7 6 15 0
6 7 7 0 0
6 7 7 1 0
6 7 7 2 0
6 7 7 3 0
6 7 7 4 0
6 7 7 5 0
6 7 7 6 -0.3475248062894331
6 7 7 7 0
6 7 7 8 0
6 7 7 9 0
6 7 7 10 0
6 7 7 11 0
6 7 7 12 0
6 7 7 13 0
6 7 7 14 0
6 7 7 15 0
6 7 8 0 0
6 7 8 1 0
6 7 8 2 2.602085213965211e-18
6 7 8 3 0
6 7 8 4 0
6 7 8 5 0
6 7 8 6 0
6 7 8 7 0
6 7 8 8 0
6 7 8 9 0
6 7 8 10 0
6 7 8 11 0
6 7 8 12 0
6 7 8 13 0
6 7 8 14 0
6 7 8 15 0
6 7 9 0 0
6 7 9 1 0
6 7 9 2 0
6 7 9 3 0
6 7 9 4 0
6 7 9 5 0
6 7 9 6 0
6 7 9 7 0
6 7 9 8 0
6 7 9 9 0
6 7 9 10 0
6 7 9 11 0
6 7 9 12 0
6 7 9 13 0
6 7 9 14 0
6 7 9 15 0
6 7 10 0 0
6 7 10 1 0
6 7 10 2 0
6 7 10 3 0
6 7 10 4 0
6 7 10 5 0
6 7 10 6 0
6 7 10 7 0
6 7 10 8 0
6 7 10 9 0
6 7 10 10 0
6 7 10 11 0
6 7 10 12 0
6 7 10 13 0
6 7 10 14 0
6 7 10 15 0
6 7 11 0 0
6 7 11 1 0
6 7 11 2 0
6 7 11 3 -0.001166761813281624
6 7 11 4 0
6 7 11 5 0
6 7 11 6 0
6 7 11 7 0
6 7 11 8 0
6 7 11 9 0
6 7 11 10 0
6 7 11 11 0
6 7 11 12 0
6 7 11 13 0
6 7 11 14 0
6 7 11 15 0
6 7 12 0 0
6 7 12 1 0
6 7 12 2 0
6 7 12 3 0
6 7 12 4 0
6 7 12 5 0
6 7 12 6 0
6 7 12 7 0
6 7 12 8 0
6 7 12 9 0
6 7 12 10 0
6 7 12 11 0
6 7 12 12 0
6 7 12 13 0
6 7 12 14 0
6 7 12 15 0
6 7 13 0 0
6 7 13 1 0
6 7 13 2 0
6 7 13 3 0
6 7 13 4 0
6 7 13 5 0
6 7 13 6 0
6 7 13 7 0
6 7 13 8 0
6 7 13 9 0
6 7 13 10 0
6 7 13 11 0
6 7 13 12 0
6 7 13 13 0
6 7 13 14 0
6 7 13 15 0
6 7 14 0 0
6 7 14 1 0
6 7 14 2 0
6 7 14 3 0.0126521271322457
6 7 14 4 0
6 7 14 5 0
6 7 14 6 0
6 7 14 7 0
6 7 14 8 0
6 7 14 9 0
6 7 14 10 0
6 7 14 11 0
6 7 14 12 0
6 7 14 13 0
6 7 14 14 0
6 7 14 15 0
6 7 15 0 0
6 7 15 1 0
6 7 15 2 0
6 7 15 3 0
6 7 15 4 0
6 7 15 5 0
6 7 15 6 0
6 7 15 7 0
6 7 15 8 0
6 7 15 9 0
6 7 15 10 0
6 7 15 11 0
6 7 15 12 0
6 7 15 13 0
6 7 15 14 0
6 7 15 15 0
6 8 0 0 0
6 8 0 1 0
6 8 0 2 0
6 8 0 3 0
6 8 0 4 0
6 8 0 5 0
6 8 0 6 0
6 8 0 7 0
6 8 0 8 0
6 8 0 9 0
6 8 0 10 0
6 8 0 11 0
6 8 0 12 0
6 8 0 13 0
6 8 0 14 0
6 8 0 15 0
6 8 1 0 0
6 8 1 1 0
6 8 1 2 0
6 8 1 3 0
6 8 1 4 0
6 8 1 5 0
6 8 1 6 0
6 8 1 7 0
6 8 1 8 0
6 8 1 9 0
6 8 1 10 0
6 8 1 11 0
6 8 1 12 0
6 8 1 13 0
6 8 1 14 0
6 8 1 15 0
6 8 2 0 0
6 8 2 1 0
6 8 2 2 0
6 8 2 3 0
6 8 2 4 0
6 8 2 5 0
6 8 2 6 0
6 8 2 7 0
6 8 2 8 0
6 8 2 9 0
6 8 2 10 0
6 8 2 11 0
6 8 2 12 0
6 8 2 13 0
6 8 2 14 0
6 8 2 15 0
6 8 3 0 0
6 8 3 1 0
6 8 3 2 0
6 8 3 3 0
6 8 3 4 0
6 8 3 5 0
6 8 3 6 -0.008883861676736594
6 8 3 7 0
6 8 3 8 0
6 8 3 9 0
6 8 3 10 0
6 8 3 11 0
6 8 3 12 0
6 8 3 13 -0.0006174379304241597
6 8 3 14 0
6 8 3 15 0
6 8 4 0 0
6 8 4 1 0
6 8 4 2 0
6 8 4 3 0
6 8 4 4 0
6 8 4 5 0
6 8 4 6 0
6 8 4 7 0
6 8 4 8 0
6 8 4 9 0
6 8 4 10 0
6 8 4 11 0
6 8 4 12 0
6 8 4 13 0
6 8 4 14 0
6 8 4 15 0
6 8 5 0 0
6 8 5 1 0
6 8 5 2 0
6 8 5 3 0
6 8 5 4 0
6 8 5 5 0
6 8 5 6 0
6 8 5 7 0
6 8 5 8 0
6 8 5 9 0
6 8 5 10 0
6 8 5 11 0
6 8 5 12 0
6 8 5 13 0
6 8 5 14 0
6 8 5 15 0
6 8 6 0 0
6 8 6 1 0
6 8 6 2 0
6 8 6 3 0.008883861676736587
6 8 6 4 0
6 8 6 5 0
6 8 6 6 0
6 8 6 7 0
6 8 6 8 0.0006665440592788477
6 8 6 9 0
6 8 6 10 0
6 8 6 11 0
6 8 6 12 0
6 8 6 13 0
6 8 6 14 0
6 8 6 15 0
6 8 7 0 0
6 8 7 1 0
6 8 7 2 0
6 8 7 3 0
6 8 7 4 0
6 8 7 5 0
6 8 7 6 0
6 8 7 7 0
6 8 7 8 0
6 8 7 9 0
6 8 7 10 0
6 8 7 11 0
6 8 7 12 0
6 8 7 13 0
6 8 7 14 0
6 8 7 15 0
6 8 8 0 0
6 8 8 1 0
6 8 8 2 0
6 8 8 3 0
6 8 8 4 0
6 8 8 5 0
6 8 8 6 -0.0006665440592788472
6 8 8 7 0
6 8 8 8 0
6 8 8 9 0
6 8 8 10 0
6 8 8 11 0
6 8 8 12 0
6 8 8 13 0
6 8 8 14 0
6 8 8 15 0
6 8 9 0 0
6 8 9 1 0
6 8 9 2 0
6 8 9 3 0
6 8 9 4 0
6 8 9 5 0
6 8 9 6 0
6 8 9 7 0
6 8 9 8 0
6 8 9 9 0
6 8 9 10 0
6 8 9 11 0
6 8 9 12 0
6 8 9 13 0
6 8 9 14 0
6 8 9 15 0
6 8 10 0 0
6 8 10 1 0
6 8 10 2 0
6 8 10 3 0
6 8 10 4 0
6 8 10 5 0
6 8 10 6 0
6 8 10 7 0
6 8 10 8 0
6 8 10 9 0
6 8 10 10 0
6 8 10 11 0
6 8 10 12 0
6 8 10 13 0
6 8 10 14 0
6 8 10 15 0
6 8 11 0 0
6 8 11 1 0
6 8 11 2 0
6 8 11 3 0
6 8 11 4 0
6 8 11 5 0
6 8 11 6 0
6 8 11 7 0
6 8 11 8 0
6 8 11 9 0
6 8 11 10 0
6 8 11 11 0
6 8 11 12 0
6 8 11 13 0
6 8 11 14 0
6 8 11 15 0
6 8 12 0 0
6 8 12 1 0
6 8 12 2 0
6 8 12 3 0
6 8 12 4 0
6 8 12 5 0
6 8 12 6 0
6 8 12 7 0
6 8 12 8 0
6 8 12 9 0
6 8 12 10 0
6 8 12 11 0
6 8 12 12 0
6 8 12 13 0
6 8 12 14 0
6 8 12 15 0
6 8 13 0 0
6 8 13 1 0
6 8 13 2 0
6 8 13 3 0.0006174379304241597
6 8 13 4 0
6 8 13 5 0
6 8 13 6 0
6 8 13 7 0
6 8 13 8 0
6 8 13 9 0
6 8 13 10 0
6 8 13 11 0
6 8 13 12 0
6 8 13 13 0
6 8 13 14 0
6 8 13 15 0
6 8 14 0 0
6 8 14 1 0
6 8 14 2 0
6 8 14 3 0
6 8 14 4 0
6 8 14 5 0
6 8 14 6 0
6 8 14 7 0
6 8 14 8 0
6 8 14 9 0
6 8 14 10 0
6 8 14 11 0
6 8 14 12 0
6 8 14 13 0
6 8 14 14 0
6 8 14 15 0
6 8 15 0 0
6 8 15 1 0
6 8 15 2 0
6 8 15 3 0
6 8 15 4 0
6 8 15 5 0
6 8 15 6 0
6 8 15 7 0
6 8 15 8 0
6 8 15 9 0
6 8 15 10 0
6 8 15 11 0
6 8 15 12 0
6 8 15 13 0
6 8 15 14 0
6 8 15 15 0
6 9 0 0 0
6 9 0 1 0
6 9 0 2 0
6 9 0 3 0
6 9 0 4 0
6 9 0 5 0
6 9 0 6 0
6 9 0 7 0
6 9 0 8 0
6 9 0 9 0
6 9 0 10 0
6 9 0 11 0
6 9 0 12 0
6 9 0 13 0
6 9 0 14 0
6 9 0 15 0
6 9 1 0 0
6 9 1 1 0
6 9 1 2 0
6 9 1 3 0
6 9 1 4 0
6 9 1 5 0
6 9 1 6 0
6 9 1 7 0
6 9 1 8 0
6 9 1 9 0
6 9 1 10 0
6 9 1 11 0
6 9 1 12 0
6 9 1 13 0
6 9 1 14 0
6 9 1 15 0
6 9 2 0 0
6 9 2 1 0
6 9 2 2 0
6 9 2 3 0
6 9 2 4 0
6 9 2 5 0
6 9 2 6 0
6 9 2 7 0
6 9 2 8 0
6 9 2 9 0
6 9 2 10 0
6 9 2 11 0
6 9 2 12 0
6 9 2 13 0
6 9 2 14 0
6 9 2 15 0
6 9 3 0 0
6 9 3 1 0
6 9 3 2 0
6 9 3 3 0
6 9 3 4 0
6 9 3 5 -7.267908973356893e-18
6 9 3 6 0
6 9 3 7 0
6 9 3 8 0
6 9 3 9 0
6 9 3 10 0
6 9 3 11 0
6 9 3 12 -1.386256783479308e-18
6 9 3 13 0
6 9 3 14 0
6 9 3 15 0
6 9 4 0 0
6 9 4 1 0
6 9 4 2 0
6 9 4 3 0
6 9 4 4 0
6 9 4 5 0
6 9 4 6 -0.01004127042988525
6 9 4 7 0
6 9 4 8 0
6 9 4 9 0
6 9 4 10 0
6 9 4 11 0
6 9 4 12 0
6 9 4 13 -0.00069787908216679
6 9 4 14 0
6 9 4 15 0
6 9 5 0 0
6 9 5 1 0
6 9 5 2 0
6 9 5 3 1.975420600671156e-18
6 9 5 4 0
6 9 5 5 0
6 9 5 6 0
6 9 5 7 0
6 9 5 8 -7.535022136762517e-19
6 9 5 9 0
6 9 5 10 0
6 9 5 11 0
6 9 5 12 0
6 9 5 13 0
6 9 5 14 0
6 9 5 15 0
6 9 6 0 0
6 9 6 1 0
6 9 6 2 0
6 9 6 3 0
6 9 6 4 0.01004127042988526
6 9 6 5 0
6 9 6 6 0
6 9 6 7 0
6 9 6 8 0
6 9 6 9 0.0008515352162258963
6 9 6 10 0
6 9 6 11 0
6 9 6 12 0
6 9 6 13 0
6 9 6 14 0
6 9 6 15 0
6 9 7 0 0
6 9 7 1 0
6 9 7 2 0
6 9 7 3 0
6 9 7 4 0
6 9 7 5 0
6 9 7 6 0
6 9 7 7 0
6 9 7 8 0
6 9 7 9 0
6 9 7 10 0
6 9 7 11 0
6 9 7 12 0
6 9 7 13 0
6 9 7 14 0
6 9 7 15 0
6 9 8 0 0
6 9 8 1 0
6 9 8 2 0
6 9 8 3 0
6 9 8 4 0
6 9 8 5 8.700352374269632e-19
6 9 8 6 0
6 9 8 7 0
6 9 8 8 0
6 9 8 9 0
6 9 8 10 0
6 9 8 11 0
6 9 8 12 0
6 9 8 13 0
6 9 8 14 0
6 9 8 15 0
6 9 9 0 0
6 9 9 1 0
6 9 9 2 0
6 9 9 3 0
6 9 9 4 0
6 9 9 5 0
6 9 9 6 -0.0008515352162258939
6 9 9 7 0
6 9 9 8 0
6 9 9 9 0
6 9 9 10 0
6 9 9 11 0
6 9 9 12 0
6 9 9 13 0
6 9 9 14 0
6 9 9 15 0
6 9 10 0 0
6 9 10 1 0
6 9 10 2 0
6 9 10 3 0
6 9 10 4 0
6 9 10 5 0
6 9 10 6 0
6 9 10 7 0
6 9 10 8 0
6 9 10 9 0
6 9 10 10 0
6 9 10 11 0
6 9 10 12 0
6 9 10 13 0
6 9 10 14 0
6 9 10 15 0
6 9 11 0 0
6 9 11 1 0
6 9 11 2 0
6 9 11 3 0
6 9 11 4 0
6 9 11 5 0
6 9 11 6 0
6 9 11 7 0
6 9 11 8 0
6 9 11 9 0
6 9 11 10 0
6 9 11 11 0
6 9 11 12 0
6 9 11 13 0
6 9 11 14 0
6 9 11 15 0
6 9 12 0 0
6 9 12 1 0
6 9 12 2 0
6 9 12 3 1.189126882792945e-18
6 9 12 4 0
6 9 12 5 0
6 9 12 6 0
6 9 12 7 0
6 9 12 8 0
6 9 12 9 0
6 9 12 10 0
6 9 12 11 0
6 9 12 12 0
6 9 12 13 0
6 9 12 14 0
6 9 12 15 0
6 9 13 0 0
6 9 13 1 0
6 9 13 2 0
6 9 13 3 0
6 9 13 4 0.000697879082166791
6 9 13 5 0
6 9 13 6 0
6 9 13 7 0
6 9 13 8 0
6 9 13 9 0
6 9 13 10 0
6 9 13 11 0
6 9 13 12 0
6 9 13 13 0
6 9 13 14 0
6 9 13 15 0
6 9 14 0 0
6 9 14 1 0
6 9 14 2 0
6 9 14 3 0
6 9 14 4 0
6 9 14 5 0
6 9 14 6 0
6 9 14 7 0
6 9 14 8 0
6 9 14 9 0
6 9 14 10 0
6 9 14 11 0
6 9 14 12 0
6 9 14 13 0
6 9 14 14 0
6 9 14 15 0
6 9 15 0 0
6 9 15 1 0
6 9 15 2 0
6 9 15 3 0
6 9 15 4 0
6 9 15 5 0
6 9 15 6 0
6 9 15 7 0
6 9 15 8 0
6 9 15 9 0
6 9 15 10 0
6 9 15 11 0
6 9 15 12 0
6 9 15 13 0
6 9 15 14 0
6 9 15 15 0
6 10 0 0 0
6 10 0 1 0
6 10 0 2 0
6 10 0 3 0
6 10 0 4 0
6 10 0 5 0
6 10 0 6 0
6 10 0 7 0
6 10 0 8 0
6 10 0 9 0
6 10 0 10 0
6 10 0 11 0
6 10 0 12 0
6 10 0 13 0
6 10 0 14 0
6 10 0 15 0
6 10 1 0 0
6 10 1 1 0
6 10 1 2 0
6 10 1 3 0
6 10 1 4 0
6 10 1 5 0
6 10 1 6 0
6 10 1 7 0
6 10 1 8 0
6 10 1 9 0
6 10 1 10 0
6 10 1 11 0
6 10 1 12 0
6 10 1 13 0
6 10 1 14 0
6 10 1 15 0
6 10 2 0 0
6 10 2 1 0
6 10 2 2 0
6 10 2 3 0
6 10 2 4 0
6 10 2 5 0
6 10 2 6 0
6 10 2 7 0
6 10 2 8 0
6 10 2 9 0
6 10 2 10 0
6 10 2 11 0
6 10 2 12 0
6 10 2 13 0
6 10 2 14 0
6 10 2 15 0
6 10 3 0 0
6 10 3 1 0
6 10 3 2 0
6 10 3 3 0
6 10 3 4 0
6 10 3 5 0
6 10 3 6 0
6 10 3 7 0
6 10 3 8 0
6 10 3 9 0
6 10 3 10 0
6 10 3 11 0
6 10 3 12 0
6 10 3 13 0
6 10 3 14 0
6 10 3 15 0
6 10 4 0 0
6 10 4 1 0
6 10 4 2 0
6 10 4 3 0
6 10 4 4 0
6 10 4 5 0
6 10 4 6 0
6 10 4 7 0
6 10 4 8 0
6 10 4 9 0
6 10 4 10 0
6 10 4 11 0
6 10 4 12 0
6 10 4 13 0
6 10 4 14 0
6 10 4 15 0
6 10 5 0 0
6 10 5 1 0
6 10 5 2 0
6 10 5 3 0
6 10 5 4 0
6 10 5 5 0
6 10 5 6 0
6 10 5 7 0
6 10 5 8 0
6 10 5 9 0
6 10 5 10 0
6 10 5 11 0
6 10 5 12 0
6 10 5 13 0
6 10 5 14 0
6 10 5 15 0
6 10 6 0 0
6 10 6 1 0
6 10 6 2 0
6 10 6 3 0
6 10 6 4 0
6 10 6 5 0
6 10 6 6 0
6 10 6 7 0
6 10 6 8 0
6 10 6 9 0
6 10 6 10 0
6 10 6 11 0
6 10 6 12 0
6 10 6 13 0
6 10 6 14 0
6 10 6 15 0
6 10 7 0 0
6 10 7 1 0
6 10 7 2 0
6 10 7 3 0
6 10 7 4 0
6 10 7 5 0
6 10 7 6 0
6 10 7 7 0
6 10 7 8 0
6 10 7 9 0
6 10 7 10 0
6 10 7 11 0
6 10 7 12 0
6 10 7 13 0
6 10 7 14 0
6 10 7 15 0
6 10 8 0 0
6 10 8 1 0
6 10 8 2 0
6 10 8 3 0
6 10 8 4 0
6 10 8 5 0
6 10 8 6 0
6 10 8 7 0
6 10 8 8 0
6 10 8 9 0
6 10 8 10 0
6 10 8 11 0
6 10 8 12 0
6 10 8 13 0
6 10 8 14 0
6 10 8 15 0
6 10 9 0 0
6 10 9 1 0
6 10 9 2 0
6 10 9 3 0
6 10 9 4 0
6 10 9 5 0
6 10 9 6 0
6 10 9 7 0
6 10 9 8 0
6 10 9 9 0
6 10 9 10 0
6 10 9 11 0
6 10 9 12 0
6 10 9 13 0
6 10 9 14 0
6 10 9 15 0
6 10 10 0 0
6 10 10 1 0
6 10 10 2 0
6 10 10 3 0
6 10 10 4 0
6 10 10 5 0
6 10 10 6 0
6 10 10 7 0
6 10 10 8 0
6 10 10 9 0
6 10 10 10 0
6 10 10 11 0
6 10 10 12 0
6 10 10 13 0
6 10 10 14 0
6 10 10 15 0
6 10 11 0 0
6 10 11 1 0
6 10 11 2 0
6 10 11 3 0
6 10 11 4 0
6 10 11 5 0
6 10 11 6 0
6 10 11 7 0
6 10 11 8 0
6 10 11 9 0
6 10 11 10 0
6 10 11 11 0
6 10 11 12 0
6 10 11 13 0
6 10 11 14 0
6 10 11 15 0
6 10 12 0 0
6 10 12 1 0
6 10 12 2 0
6 10 12 3 0
6 10 12 4 0
6 10 12 5 0
6 10 12 6 0
6 10 12 7 0
6 10 12 8 0
6 10 12 9 0
6 10 12 10 0
6 10 12 11 0
6 10 12 12 0
6 10 12 13 0
6 10 12 14 0
6 10 12 15 0
6 10 13 0 0
6 10 13 1 0
6 10 13 2 0
6 10 13 3 0
6 10 13 4 0
6 10 13 5 0
6 10 13 6 0
6 10 13 7 0
6 10 13 8 0
6 10 13 9 0
6 10 13 10 0
6 10 13 11 0
6 10 13 12 0
6 10 13 13 0
6 10 13 14 0
6 10 13 15 0
6 10 14 0 0
6 10 14 1 0
6 10 14 2 0
6 10 14 3 0
6 10 14 4 0
6 10 14 5 0
6 10 14 6 0
6 10 14 7 0
6 10 14 8 0
6 10 14 9 0
6 10 14 10 0
6 10 14 11 0
6 10 14 12 0
6 10 14 13 0
6 10 14 14 0
6 10 14 15 0
6 10 15 0 0
6 10 15 1 0
6 10 15 2 0
6 10 15 3 0
6 10 15 4 0
6 10 15 5 0
6 10 15 6 0
6 10 15 7 0
6 10 15 8 0
6 10 15 9 0
6 10 15 10 0
6 10 15 11 0
6 10 15 12 0
6 10 15 13 0
6 10 15 14 0
6 10 15 15 0
6 11 0 0 0
6 11 0 1 0
6 11 0 2 0
6 11 0 3 0
6 11 0 4 0
6 11 0 5 0
6 11 0 6 -0.00263547570572878
6 11 0 7 0
6 11 0 8 0
6 11 0 9 0
6 11 0 10 0
6 11 0 11 0
6 11 0 12 0
6 11 0 13 -0.0001657316503265594
6 11 0 14 0
6 11 0 15 0
6 11 1 0 0
6 11 1 1 0
6 11 1 2 0
6 11 1 3 0
6 11 1 4 0
6 11 1 5 0
6 11 1 6 0
6 11 1 7 0
6 11 1 8 0
6 11 1 9 0
6 11 1 10 0
6 11 1 11 0
6 11 1 12 0
6 11 1 13 0
6 11 1 14 0
6 11 1 15 0
6 11 2 0 0
6 11 2 1 0
6 11 2 2 0
6 11 2 3 0
6 11 2 4 0
6 11 2 5 0
6 11 2 6 0.0029304306408281
6 11 2 7 0
6 11 2 8 0
6 11 2 9 0
6 11 2 10 0
6 11 2 11 0
6 11 2 12 0
6 11 2 13 0.0002036680776854574
6 11 2 14 0
6 11 2 15 0
6 11 3 0 0
6 11 3 1 0
6 11 3 2 0
6 11 3 3 0
6 11 3 4 0
6 11 3 5 0
6 11 3 6 0
6 11 3 7 -0.005600954836943539
6 11 3 8 0
6 11 3 9 0
6 11 3 10 0
6 11 3 11 0
6 11 3 12 0
6 11 3 13 0
6 11 3 14 0
6 11 3 15 0
6 11 4 0 0
6 11 4 1 0
6 11 4 2 0
6 11 4 3 0
6 11 4 4 0
6 11 4 5 0
6 11 4 6 0
6 11 4 7 0
6 11 4 8 0
6 11 4 9 0
6 11 4 10 0
6 11 4 11 0
6 11 4 12 0
6 11 4 13 0
6 11 4 14 0
6 11 4 15 0
6 11 5 0 0
6 11 5 1 0
6 11 5 2 0
6 11 5 3 0
6 11 5 4 0
6 11 5 5 0
6 11 5 6 0
6 11 5 7 0
6 11 5 8 0
6 11 5 9 0
6 11 5 10 0
6 11 5 11 0
6 11 5 12 0
6 11 5 13 0
6 11 5 14 0
6 11 5 15 0
6 11 6 0 -0.002220143575202455
6 11 6 1 0
6 11 6 2 -0.002223322100579554
6 11 6 3 0
6 11 6 4 0
6 11 6 5 0
6 11 6 6 0
6 11 6 7 0
6 11 6 8 0
6 11 6 9 0
6 11 6 10 0
6 11 6 11 0.0001988415723360367
6 11 6 12 0
6 11 6 13 0
6 11 6 14 -0.0001327087952273341
6 11 6 15 0
6 11 7 0 0
6 11 7 1 0
6 11 7 2 0
6 11 7 3 0.004104134645667671
6 11 7 4 0
6 11 7 5 0
6 11 7 6 0
6 11 7 7 0
6 11 7 8 0
6 11 7 9 0
6 11 7 10 0
6 11 7 11 0
6 11 7 12 0
6 11 7 13 0
6 11 7 14 0
6 11 7 15 0
6 11 8 0 0
6 11 8 1 0
6 11 8 2 0
6 11 8 3 0
6 11 8 4 0
6 11 8 5 0
6 11 8 6 0
6 11 8 7 0
6 11 8 8 0
6 11 8 9 0
6 11 8 10 0
6 11 8 11 0
6 11 8 12 0
6 11 8 13 0
6 11 8 14 0
6 11 8 15 0
6 11 9 0 0
6 11 9 1 0
6 11 9 2 0
6 11 9 3 0
6 11 9 4 0
6 11 9 5 0
6 11 9 6 0
6 11 9 7 0
6 11 9 8 0
6 11 9 9 0
6 11 9 10 0
6 11 9 11 0
6 11 9 12 0
6 11 9 13 0
6 11 9 14 0
6 11 9 15 0
6 11 10 0 0
6 11 10 1 0
6 11 10 2 0
6 11 10 3 0
6 11 10 4 0
6 11 10 5 0
6 11 10 6 0
6 11 10 7 0
6 11 10 8 0
6 11 10 9 0
6 11 10 10 0
6 11 10 11 0
6 11 10 12 0
6 11 10 13 0
6 11 10 14 0
6 11 10 15 0
6 11 11 0 0
6 11 11 1 0
6 11 11 2 0
6 11 11 3 0
6 11 11 4 0
6 11 11 5 0
6 11 11 6 -1.936890889102721e-05
6 11 11 7 0
6 11 11 8 0
6 11 11 9 0
6 11 11 10 0
6 11 11 11 0
6 11 11 12 0
6 11 11 13 0
6 11 11 14 0
6 11 11 15 0
6 11 12 0 0
6 11 12 1 0
6 11 12 2 0
6 11 12 3 0
6 11 12 4 0
6 11 12 5 0
6 11 12 6 0
6 11 12 7 0
6 11 12 8 0
6 11 12 9 0
6 11 12 10 0
6 11 12 11 0
6 11 12 12 0
6 11 12 13 0
6 11 12 14 0
6 11 12 15 0
6 11 13 0 -0.0001359849022577206
6 11 13 1 0
6 11 13 2 -0.0001545232744947923
6 11 13 3 0
6 11 13 4 0
6 11 13 5 0
6 11 13 6 0
6 11 13 7 0
6 11 13 8 0
6 11 13 9 0
6 11 13 10 0
6 11 13 11 0
6 11 13 12 0
6 11 13 13 0
6 11 13 14 0
6 11 13 15 0
6 11 14 0 0
6 11 14 1 0
6 11 14 2 0
6 11 14 3 0
6 11 14 4 0
6 11 14 5 0
6 11 14 6 8.691793610261651e-05
6 11 14 7 0
6 11 14 8 0
6 11 14 9 0
6 11 14 10 0
6 11 14 11 0
6 11 14 12 0
6 11 14 13 0
6 11 14 14 0
6 11 14 15 0
6 11 15 0 0
6 11 15 1 0
6 11 15 2 0
6 11 15 3 0
6 11 15 4 0
6 11 15 5 0
6 11 15 6 0
6 11 15 7 0
6 11 15 8 0
6 11 15 9 0
6 11 15 10 0
6 11 15 11 0
6 11 15 12 0
6 11 15 13 0
6 11 15 14 0
6 11 15 15 0
6 12 0 0 0
6 12 0 1 0
6 12 0 2 0
6 12 0 3 0
6 12 0 4 0
6 12 0 5 0
6 12 0 6 0
6 12 0 7 0
6 12 0 8 0
6 12 0 9 0
6 12 0 10 0
6 12 0 11 0
6 12 0 12 0
6 12 0 13 0
6 12 0 14 0
6 12 0 15 0
6 12 1 0 0
6 12 1 1 0
6 12 1 2 0
6 12 1 3 0
6 12 1 4 0
6 12 1 5 0
6 12 1 6 0
6 12 1 7 0
6 12 1 8 0
6 12 1 9 0
6 12 1 10 0
6 12 1 11 0
6 12 1 12 0
6 12 1 13 0
6 12 1 14 0
6 12 1 15 0
6 12 2 0 0
6 12 2 1 0
6 12 2 2 0
6 12 2 3 0
6 12 2 4 0
6 12 2 5 0
6 12 2 6 0
6 12 2 7 0
6 12 2 8 0
6 12 2 9 0
6 12 2 10 0
6 12 2 11 0
6 12 2 12 0
6 12 2 13 0
6 12 2 14 0
6 12 2 15 0
6 12 3 0 0
6 12 3 1 0
6 12 3 2 0
6 12 3 3 0
6 12 3 4 -2.223997535768625e-17
6 12 3 5 0
6 12 3 6 0
6 12 3 7 0
6 12 3 8 0
6 12 3 9 -1.101818356878885e-18
6 12 3 10 0
6 12 3 11 0
6 12 3 12 0
6 12 3 13 0
6 12 3 14 0
6 12 3 15 0
6 12 4 0 0
6 12 4 1 0
6 12 4 2 0
6 12 4 3 2.111458737136324e-17
6 12 4 4 0
6 12 4 5 0
6 12 4 6 0
6 12 4 7 0
6 12 4 8 1.601795076556918e-18
6 12 4 9 0
6 12 4 10 0
6 12 4 11 0
6 12 4 12 0
6 12 4 13 0
6 12 4 14 0
6 12 4 15 0
6 12 5 0 0
6 12 5 1 0
6 12 5 2 0
6 12 5 3 0
6 12 5 4 0
6 12 5 5 0
6 12 5 6 -0.009198659206302015
6 12 5 7 0
6 12 5 8 0
6 12 5 9 0
6 12 5 10 0
6 12 5 11 0
6 12 5 12 0
6 12 5 13 -0.0006393166969144679
6 12 5 14 0
6 12 5 15 0
6 12 6 0 0
6 12 6 1 0
6 12 6 2 0
6 12 6 3 0
6 12 6 4 0
6 12 6 5 0.009198659206302017
6 12 6 6 0
6 12 6 7 0
6 12 6 8 0
6 12 6 9 0
6 12 6 10 0
6 12 6 11 0
6 12 6 12 0.0007146186479488622
6 12 6 13 0
6 12 6 14 0
6 12 6 15 0
6 12 7 0 0
6 12 7 1 0
6 12 7 2 0
6 12 7 3 0
6 12 7 4 0
6 12 7 5 0
6 12 7 6 0
6 12 7 7 0
6 12 7 8 0
6 12 7 9 0
6 12 7 10 0
6 12 7 11 0
6 12 7 12 0
6 12 7 13 0
6 12 7 14 0
6 12 7 15 0
6 12 8 0 0
6 12 8 1 0
6 12 8 2 0
6 12 8 3 0
6 12 8 4 -1.630084852223449e-18
6 12 8 5 0
6 12 8 6 0
6 12 8 7 0
6 12 8 8 0
6 12 8 9 0
6 12 8 10 0
6 12 8 11 0
6 12 8 12 0
6 12 8 13 0
6 12 8 14 0
6 12 8 15 0
6 12 9 0 0
6 12 9 1 0
6 12 9 2 0
6 12 9 3 5.271469063854737e-19
6 12 9 4 0
6 12 9 5 0
6 12 9 6 0
6 12 9 7 0
6 12 9 8 0
6 12 9 9 0
6 12 9 10 0
6 12 9 11 0
6 12 9 12 0
6 12 9 13 0
6 12 9 14 0
6 12 9 15 0
6 12 10 0 0
6 12 10 1 0
6 12 10 2 0
6 12 10 3 0
6 12 10 4 0
6 12 10 5 0
6 12 10 6 0
6 12 10 7 0
6 12 10 8 0
6 12 10 9 0
6 12 10 10 0
6 12 10 11 0
6 12 10 12 0
6 12 10 13 0
6 12 10 14 0
6 12 10 15 0
6 12 11 0 0
6 12 11 1 0
6 12 11 2 0
6 12 11 3 0
6 12 11 4 0
6 12 11 5 0
6 12 11 6 0
6 12 11 7 0
6 12 11 8 0
6 12 11 9 0
6 12 11 10 0
6 12 11 11 0
6 12 11 12 0
6 12 11 13 0
6 12 11 14 0
6 12 11 15 0
6 12 12 0 0
6 12 12 1 0
6 12 12 2 0
6 12 12 3 0
6 12 12 4 0
6 12 12 5 0
6 12 12 6 -0.0007146186479488613
6 12 12 7 0
6 12 12 8 0
6 12 12 9 0
6 12 12 10 0
6 12 12 11 0
6 12 12 12 0
6 12 12 13 0
6 12 12 14 0
6 12 12 15 0
6 12 13 0 0
6 12 13 1 0
6 12 13 2 0
6 12 13 3 0
6 12 13 4 0
6 12 13 5 0.0006393166969144679
6 12 13 6 0
6 12 13 7 0
6 12 13 8 0
6 12 13 9 0
6 12 13 10 0
6 12 13 11 0
6 12 13 12 0
6 12 13 13 0
6 12 13 14 0
6 12 13 15 0
6 12 14 0 0
6 12 14 1 0
6 12 14 2 0
6 12 14 3 0
6 12 14 4 0
6 12 14 5 0
6 12 14 6 0
6 12 14 7 0
6 12 14 8 0
6 12 14 9 0
6 12 14 10 0
6 12 14 11 0
6 12 14 12 0
6 12 14 13 0
6 12 14 14 0
6 12 14 15 0
6 12 15 0 0
6 12 15 1 0
6 12 15 2 0
6 12 15 3 0
6 12 15 4 0
6 12 15 5 0
6 12 15 6 0
6 12 15 7 0
6 12 15 8 0
6 12 15 9 0
6 12 15 10 0
6 12 15 11 0
6 12 15 12 0
6 12 15 13 0
6 12 15 14 0
6 12 15 15 0
6 13 0 0 0
6 13 0 1 0
6 13 0 2 0
6 13 0 3 0
6 13 0 4 0
6 13 0 5 0
6 13 0 6 0
6 13 0 7 0
6 13 0 8 0
6 13 0 9 0
6 13 0 10 0
6 13 0 11 0
6 13 0 12 0
6 13 0 13 0
6 13 0 14 0
6 13 0 15 0
6 13 1 0 0
6 13 1 1 0
6 13 1 2 0
6 13 1 3 0
6 13 1 4 0
6 13 1 5 0
6 13 1 6 0
6 13 1 7 0
6 13 1 8 0
6 13 1 9 0
6 13 1 10 0
6 13 1 11 0
6 13 1 12 0
6 13 1 13 0
6 13 1 14 0
6 13 1 15 0
6 13 2 0 0
6 13 2 1 0
6 13 2 2 0
6 13 2 3 0
6 13 2 4 0
6 13 2 5 0
6 13 2 6 0
6 13 2 7 0
6 13 2 8 0
6 13 2 9 0
6 13 2 10 0
6 13 2 11 0
6 13 2 12 0
6 13 2 13 0
6 13 2 14 0
6 13 2 15 0
6 13 3 0 0
6 13 3 1 0
6 13 3 2 0
6 13 3 3 -9.319007815299962e-19
6 13 3 4 0
6 13 3 5 0
6 13 3 6 0
6 13 3 7 0
6 13 3 8 -7.348056372870363e-20
6 13 3 9 0
6 13 3 10 0
6 13 3 11 0
6 13 3 12 0
6 13 3 13 0
6 13 3 14 0
6 13 3 15 0
6 13 4 0 0
6 13 4 1 0
6 13 4 2 0
6 13 4 3 0
6 13 4 4 0
6 13 4 5 0
6 13 4 6 0
6 13 4 7 0
6 13 4 8 0
6 13 4 9 0
6 13 4 10 0
6 13 4 11 0
6 13 4 12 0
6 13 4 13 0
6 13 4 14 0
6 13 4 15 0
6 13 5 0 0
6 13 5 1 0
6 13 5 2 0
6 13 5 3 0
6 13 5 4 0
6 13 5 5 0
6 13 5 6 0
6 13 5 7 0
6 13 5 8 0
6 13 5 9 0
6 13 5 10 0
6 13 5 11 0
6 13 5 12 0
6 13 5 13 0
6 13 5 14 0
6 13 5 15 0
6 13 6 0 0
6 13 6 1 0
6 13 6 2 0
6 13 6 3 0
6 13 6 4 0
6 13 6 5 0
6 13 6 6 -1.988221164980536e-20
6 13 6 7 0
6 13 6 8 0
6 13 6 9 0
6 13 6 10 0
6 13 6 11 0
6 13 6 12 0
6 13 6 13 8.894014893755457e-21
6 13 6 14 0
6 13 6 15 0
6 13 7 0 0
6 13 7 1 0
6 13 7 2 0
6 13 7 3 0
6 13 7 4 0
6 13 7 5 0
6 13 7 6 0
6 13 7 7 0
6 13 7 8 0
6 13 7 9 0
6 13 7 10 0
6 13 7 11 0
6 13 7 12 0
6 13 7 13 0
6 13 7 14 0
6 13 7 15 0
6 13 8 0 0
6 13 8 1 0
6 13 8 2 0
6 13 8 3 -6.460410316156512e-20
6 13 8 4 0
6 13 8 5 0
6 13 8 6 0
6 13 8 7 0
6 13 8 8 0
6 13 8 9 0
6 13 8 10 0
6 13 8 11 0
6 13 8 12 0
6 13 8 13 0
6 13 8 14 0
6 13 8 15 0
6 13 9 0 0
6 13 9 1 0
6 13 9 2 0
6 13 9 3 0
6 13 9 4 0
6 13 9 5 0
6 13 9 6 0
6 13 9 7 0
6 13 9 8 0
6 13 9 9 0
6 13 9 10 0
6 13 9 11 0
6 13 9 12 0
6 13 9 13 0
6 13 9 14 0
6 13 9 15 0
6 13 10 0 0
6 13 10 1 0
6 13 10 2 0
6 13 10 3 0
6 13 10 4 0
6 13 10 5 0
6 13 10 6 0
6 13 10 7 0
6 13 10 8 0
6 13 10 9 0
6 13 10 10 0
6 13 10 11 0
6 13 10 12 0
6 13 10 13 0
6 13 10 14 0
6 13 10 15 0
6 13 11 0 0
6 13 11 1 0
6 13 11 2 0
6 13 11 3 0
6 13 11 4 0
6 13 11 5 0
6 13 11 6 0
6 13 11 7 0
6 13 11 8 0
6 13 11 9 0
6 13 11 10 0
6 13 11 11 0
6 13 11 12 0
6 13 11 13 0
6 13 11 14 0
6 13 11 15 0
6 13 12 0 0
6 13 12 1 0
6 13 12 2 0
6 13 12 3 0
6 13 12 4 0
6 13 12 5 0
6 13 12 6 0
6 13 12 7 0
6 13 12 8 0
6 13 12 9 0
6 13 12 10 0
6 13 12 11 0
6 13 12 12 0
6 13 12 13 0
6 13 12 14 0
6 13 12 15 0
6 13 13 0 0
6 13 13 1 0
6 13 13 2 0
6 13 13 3 0
6 13 13 4 0
6 13 13 5 0
6 13 13 6 -2.942951252974606e-21
6 13 13 7 0
6 13 13 8 0
6 13 13 9 0
6 13 13 10 0
6 13 13 11 0
6 13 13 12 0
6 13 13 13 0
6 13 13 14 0
6 13 13 15 0
6 13 14 0 0
6 13 14 1 0
6 13 14 2 0
6 13 14 3 0
6 13 14 4 0
6 13 14 5 0
6 13 14 6 0
6 13 14 7 0
6 13 14 8 0
6 13 14 9 0
6 13 14 10 0
6 13 14 11 0
6 13 14 12 0
6 13 14 13 0
6 13 14 14 0
6 13 14 15 0
6 13 15 0 0
6 13 15 1 0
6 13 15 2 0
6 13 15 3 0
6 13 15 4 0
6 13 15 5 0
6 13 15 6 0
6 13 15 7 0
6 13 15 8 0
6 13 15 9 0
6 13 15 10 0
6 13 15 11 0
6 13 15 12 0
6 13 15 13 0
6 13 15 14 0
6 13 15 15 0
6 14 0 0 0
6 14 0 1 0
6 14 0 2 0
6 14 0 3 0
6 14 0 4 0
6 14 0 5 0
6 14 0 6 0
6 14 0 7 0
6 14 0 8 0
6 14 0 9 0
6 14 0 10 0
6 14 0 11 0
6 14 0 12 0
6 14 0 13 0
6 14 0 14 0
6 14 0 15 0
6 14 1 0 0
6 14 1 1 0
6 14 1 2 0
6 14 1 3 0
6 14 1 4 0
6 14 1 5 0
6 14 1 6 0
6 14 1 7 0
6 14 1 8 0
6 14 1 9 0
6 14 1 10 0
6 14 1 11 0
6 14 1 12 0
6 14 1 13 0
6 14 1 14 0
6 14 1 15 0
6 14 2 0 0
6 14 2 1 0
6 14 2 2 0
6 14 2 3 0
6 14 2 4 0
6 14 2 5 0
6 14 2 6 -0.008497972027025468
6 14 2 7 0
6 14 2 8 0
6 14 2 9 0
6 14 2 10 0
6 14 2 11 0
6 14 2 12 0
6 14 2 13 -0.000590618185209794
6 14 2 14 0
6 14 2 15 0
6 14 3 0 0
6 14 3 1 0
6 14 3 2 0
6 14 3 3 0
6 14 3 4 0
6 14 3 5 0
6 14 3 6 0
6 14 3 7 0.01613296076024407
6 14 3 8 0
6 14 3 9 0
6 14 3 10 0
6 14 3 11 0
6 14 3 12 0
6 14 3 13 0
6 14 3 14 0
6 14 3 15 0
6 14 4 0 0
6 14 4 1 0
6 14 4 2 0
6 14 4 3 0
6 14 4 4 0
6 14 4 5 0
6 14 4 6 0
6 14 4 7 0
6 14 4 8 0
6 14 4 9 0
6 14 4 10 0
6 14 4 11 0
6 14 4 12 0
6 14 4 13 0
6 14 4 14 0
6 14 4 15 0
6 14 5 0 0
6 14 5 1 0
6 14 5 2 0
6 14 5 3 0
6 14 5 4 0
6 14 5 5 0
6 14 5 6 0
6 14 5 7 0
6 14 5 8 0
6 14 5 9 0
6 14 5 10 0
6 14 5 11 0
6 14 5 12 0
6 14 5 13 0
6 14 5 14 0
6 14 5 15 0
6 14 6 0 0
6 14 6 1 0
6 14 6 2 0.000830231237361939
6 14 6 3 0
6 14 6 4 0
6 14 6 5 0
6 14 6 6 0
6 14 6 7 0
6 14 6 8 0
6 14 6 9 0
6 14 6 10 0
6 14 6 11 -0.0001327087952273341
6 14 6 12 0
6 14 6 13 0
6 14 6 14 0.0004913239519447538
6 14 6 15 0
6 14 7 0 0
6 14 7 1 0
6 14 7 2 0
6 14 7 3 9.825210476206931e-05
6 14 7 4 0
6 14 7 5 0
6 14 7 6 0
6 14 7 7 0
6 14 7 8 0
6 14 7 9 0
6 14 7 10 0
6 14 7 11 0
6 14 7 12 0
6 14 7 13 0
6 14 7 14 0
6 14 7 15 0
6 14 8 0 0
6 14 8 1 0
6 14 8 2 0
6 14 8 3 0
6 14 8 4 0
6 14 8 5 0
6 14 8 6 0
6 14 8 7 0
6 14 8 8 0
6 14 8 9 0
6 14 8 10 0
6 14 8 11 0
6 14 8 12 0
6 14 8 13 0
6 14 8 14 0
6 14 8 15 0
6 14 9 0 0
6 14 9 1 0
6 14 9 2 0
6 14 9 3 0
6 14 9 4 0
6 14 9 5 0
6 14 9 6 0
6 14 9 7 0
6 14 9 8 0
6 14 9 9 0
6 14 9 10 0
6 14 9 11 0
6 14 9 12 0
6 14 9 13 0
6 14 9 14 0
6 14 9 15 0
6 14 10 0 0
6 14 10 1 0
6 14 10 2 0
6 14 10 3 0
6 14 10 4 0
6 14 10 5 0
6 14 10 6 0
6 14 10 7 0
6 14 10 8 0
6 14 10 9 0
6 14 10 10 0
6 14 10 11 0
6 14 10 12 0
6 14 10 13 0
6 14 10 14 0
6 14 10 15 0
6 14 11 0 0
6 14 11 1 0
6 14 11 2 0
6 14 11 3 0
6 14 11 4 0
6 14 11 5 0
6 14 11 6 8.691793610261651e-05
6 14 11 7 0
6 14 11 8 0
6 14 11 9 0
6 14 11 10 0
6 14 11 11 0
6 14 11 12 0
6 14 11 13 0
6 14 11 14 0
6 14 11 15 0
6 14 12 0 0
6 14 12 1 0
6 14 12 2 0
6 14 12 3 0
6 14 12 4 0
6 14 12 5 0
6 14 12 6 0
6 14 12 7 0
6 14 12 8 0
6 14 12 9 0
6 14 12 10 0
6 14 12 11 0
6 14 12 12 0
6 14 12 13 0
6 14 12 14 0
6 14 12 15 0
6 14 13 0 0
6 14 13 1 0
6 14 13 2 5.770196291018119e-05
6 14 13 3 0
6 14 13 4 0
6 14 13 5 0
6 14 13 6 0
6 14 13 7 0
6 14 13 8 0
6 14 13 9 0
6 14 13 10 0
6 14 13 11 0
6 14 13 12 0
6 14 13 13 0
6 14 13 14 0
6 14 13 15 0
6 14 14 0 0
6 14 14 1 0
6 14 14 2 0
6 14 14 3 0
6 14 14 4 0
6 14 14 5 0
6 14 14 6 5.222784969103659e-06
6 14 14 7 0
6 14 14 8 0
6 14 14 9 0
6 14 14 10 0
6 14 14 11 0
6 14 14 12 0
6 14 14 13 0
6 14 14 14 0
6 14 14 15 0
6 14 15 0 0
6 14 15 1 0
6 14 15 2 0
6 14 15 3 0
6 14 15 4 0
6 14 15 5 0
6 14 15 6 0
6 14 15 7 0
6 14 15 8 0
6 14 15 9 0
6 14 15 10 0
6 14 15 11 0
6 14 15 12 0
6 14 15 13 0
6 14 15 14 0
6 14 15 15 0
6 15 0 0 0
6 15 0 1 0
6 15 0 2 0
6 15 0 3 0
6 15 0 4 0
6 15 0 5 0
6 15 0 6 0
6 15 0 7 0
6 15 0 8 0
6 15 0 9 0
6 15 0 10 0
6 15 0 11 0
6 15 0 12 0
6 15 0 13 0
6 15 0 14 0
6 15 0 15 0
6 15 1 0 0
6 15 1 1 0
6 15 1 2 0
6 15 1 3 0
6 15 1 4 0
6 15 1 5 0
6 15 1 6 -0.0005697885609681554
6 15 1 7 0
6 15 1 8 0
6 15 1 9 0
6 15 1 10 0
6 15 1 11 0
6 15 1 12 0
6 15 1 13 -3.960091710846738e-05
6 15 1 14 0
6 15 1 15 0
6 15 2 0 0
6 15 2 1 0
6 15 2 2 0
6 15 2 3 0
6 15 2 4 0
6 15 2 5 0
6 15 2 6 0
6 15 2 7 0
6 15 2 8 0
6 15 2 9 0
6 15 2 10 0
6 15 2 11 0
6 15 2 12 0
6 15 2 13 0
6 15 2 14 0
6 15 2 15 0
6 15 3 0 0
6 15 3 1 0
6 15 3 2 0
6 15 3 3 0
6 15 3 4 0
6 15 3 5 0
6 15 3 6 0
6 15 3 7 0
6 15 3 8 0
6 15 3 9 0
6 15 3 10 0
6 15 3 11 0
6 15 3 12 0
6 15 3 13 0
6 15 3 14 0
6 15 3 15 0
6 15 4 0 0
6 15 4 1 0
6 15 4 2 0
6 15 4 3 0
6 15 4 4 0
6 15 4 5 0
6 15 4 6 0
6 15 4 7 0
6 15 4 8 0
6 15 4 9 0
6 15 4 10 0
6 15 4 11 0
6 15 4 12 0
6 15 4 13 0
6 15 4 14 0
6 15 4 15 0
6 15 5 0 0
6 15 5 1 0
6 15 5 2 0
6 15 5 3 0
6 15 5 4 0
6 15 5 5 0
6 15 5 6 0
6 15 5 7 0
6 15 5 8 0
6 15 5 9 0
6 15 5 10 0
6 15 5 11 0
6 15 5 12 0
6 15 5 13 0
6 15 5 14 0
6 15 5 15 0
6 15 6 0 0
6 15 6 1 0.001900509923577761
6 15 6 2 0
6 15 6 3 0
6 15 6 4 0
6 15 6 5 0
6 15 6 6 0
6 15 6 7 0
6 15 6 8 0
6 15 6 9 0
6 15 6 10 0
6 15 6 11 0
6 15 6 12 0
6 15 6 13 0
6 15 6 14 0
6 15 6 15 1.754400527554864e-05
6 15 7 0 0
6 15 7 1 0
6 15 7 2 0
6 15 7 3 0
6 15 7 4 0
6 15 7 5 0
6 15 7 6 0
6 15 7 7 0
6 15 7 8 0
6 15 7 9 0
6 15 7 10 0
6 15 7 11 0
6 15 7 12 0
6 15 7 13 0
6 15 7 14 0
6 15 7 15 0
6 15 8 0 0
6 15 8 1 0
6 15 8 2 0
6 15 8 3 0
6 15 8 4 0
6 15 8 5 0
6 15 8 6 0
6 15 8 7 0
6 15 8 8 0
6 15 8 9 0
6 15 8 10 0
6 15 8 11 0
6 15 8 12 0
6 15 8 13 0
6 15 8 14 0
6 15 8 15 0
6 15 9 0 0
6 15 9 1 0
6 15 9 2 0
6 15 9 3 0
6 15 9 4 0
6 15 9 5 0
6 15 9 6 0
6 15 9 7 0
6 15 9 8 0
6 15 9 9 0
6 15 9 10 0
6 15 9 11 0
6 15 9 12 0
6 15 9 13 0
6 15 9 14 0
6 15 9 15 0
6 15 10 0 0
6 15 10 1 0
6 15 10 2 0
6 15 10 3 0
6 15 10 4 0
6 15 10 5 0
6 15 10 6 0
6 15 10 7 0
6 15 10 8 0
6 15 10 9 0
6 15 10 10 0
6 15 10 11 0
6 15 10 12 0
6 15 10 13 0
6 15 10 14 0
6 15 10 15 0
6 15 11 0 0
6 15 11 1 0
6 15 11 2 0
6 15 11 3 0
6 15 11 4 0
6 15 11 5 0
6 15 11 6 0
6 15 11 7 0
6 15 11 8 0
6 15 11 9 0
6 15 11 10 0
6 15 11 11 0
6 15 11 12 0
6 15 11 13 0
6 15 11 14 0
6 15 11 15 0
6 15 12 0 0
6 15 12 1 0
6 15 12 2 0
6 15 12 3 0
6 15 12 4 0
6 15 12 5 0
6 15 12 6 0
6 15 12 7 0
6 15 12 8 0
6 15 12 9 0
6 15 12 10 0
6 15 12 11 0
6 15 12 12 0
6 15 12 13 0
6 15 12 14 0
6 15 12 15 0
6 15 13 0 0
6 15 13 1 0.0001320874813975587
6 15 13 2 0
6 15 13 3 0
6 15 13 4 0
6 15 13 5 0
6 15 13 6 0
6 15 13 7 0
6 15 13 8 0
6 15 13 9 0
6 15 13 10 0
6 15 13 11 0
6 15 13 12 0
6 15 13 13 0
6 15 13 14 0
6 15 13 15 0
6 15 14 0 0
6 15 14 1 0
6 15 14 2 0
6 15 14 3 0
6 15 14 4 0
6 15 14 5 0
6 15 14 6 0
6 15 14 7 0
6 15 14 8 0
6 15 14 9 0
6 15 14 10 0
6 15 14 11 0
6 15 14 12 0
6 15 14 13 0
6 15 14 14 0
6 15 14 15 0
6 15 15 0 0
6 15 15 1 0
6 15 15 2 0
6 15 15 3 0
6 15 15 4 0
6 15 15 5 0
6 15 15 6 -2.588553253249458e-06
6 15 15 7 0
6 15 15 8 0
6 15 15 9 0
6 15 15 10 0
6 15 15 11 0
6 15 15 12 0
6 15 15 13 0
6 15 15 14 0
6 15 15 15 0
7 0 0 0 0
7 0 0 1 0
7 0 0 2 0
7 0 0 3 0
7 0 0 4 0
7 0 0 5 0
7 0 0 6 0
7 0 0 7 -0.8945443941097999
7 0 0 8 0
7 0 0 9 0
7 0 0 10 0
7 0 0 11 0
7 0 0 12 0
7 0 0 13 0
7 0 0 14 0
7 0 0 15 0
7 0 1 0 0
7 0 1 1 0
7 0 1 2 0
7 0 1 3 0
7 0 1 4 0
7 0 1 5 0
7 0 1 6 0
7 0 1 7 0
7 0 1 8 0
7 0 1 9 0
7 0 1 10 0
7 0 1 11 0
7 0 1 12 0
7 0 1 13 0
7 0 1 14 0
7 0 1 15 0
7 0 2 0 0
7 0 2 1 0
7 0 2 2 0
7 0 2 3 0
7 0 2 4 0
7 0 2 5 0
7 0 2 6 0
7 0 2 7 0
7 0 2 8 0
7 0 2 9 0
7 0 2 10 0
7 0 2 11 0
7 0 2 12 0
7 0 2 13 0
7 0 2 14 0
7 0 2 15 0
7 0 3 0 0
7 0 3 1 0
7 0 3 2 0
7 0 3 3 0
7 0 3 4 0
7 0 3 5 0
7 0 3 6 0
7 0 3 7 0
7 0 3 8 0
7 0 3 9 0
7 0 3 10 0
7 0 3 11 0
7 0 3 12 0
7 0 3 13 0
7 0 3 14 0
7 0 3 15 0
7 0 4 0 0
7 0 4 1 0
7 0 4 2 0
7 0 4 3 0
7 0 4 4 0
7 0 4 5 0
7 0 4 6 0
7 0 4 7 0
7 0 4 8 0
7 0 4 9 0
7 0 4 10 0
7 0 4 11 0
7 0 4 12 0
7 0 4 13 0
7 0 4 14 0
7 0 4 15 0
7 0 5 0 0
7 0 5 1 0
7 0 5 2 0
7 0 5 3 0
7 0 5 4 0
7 0 5 5 0
7 0 5 6 0
7 0 5 7 0
7 0 5 8 0
7 0 5 9 0
7 0 5 10 0
7 0 5 11 0
7 0 5 12 0
7 0 5 13 0
7 0 5 14 0
7 0 5 15 0
7 0 6 0 0
7 0 6 1 0
7 0 6 2 0
7 0 6 3 0
7 0 6 4 0
7 0 6 5 0
7 0 6 6 0
7 0 6 7 0
7 0 6 8 0
7 0 6 9 0
7 0 6 10 0
7 0 6 11 0
7 0 6 12 0
7 0 6 13 0
7 0 6 14 0
7 0 6 15 0
7 0 7 0 1.7890887882196
7 0 7 1 0
7 0 7 2 0
7 0 7 3 0
7 0 7 4 0
7 0 7 5 0
7 0 7 6 0
7 0 7 7 0
7 0 7 8 0
7 0 7 9 0
7 0 7 10 0
7 0 7 11 -0.0005271130408965086
7 0 7 12 0
7 0 7 13 0
7 0 7 14 0
7 0 7 15 0
7 0 8 0 0
7 0 8 1 0
7 0 8 2 0
7 0 8 3 0
7 0 8 4 0
7 0 8 5 0
7 0 8 6 0
7 0 8 7 0
7 0 8 8 0
7 0 8 9 0
7 0 8 10 0
7 0 8 11 0
7 0 8 12 0
7 0 8 13 0
7 0 8 14 0
7 0 8 15 0
7 0 9 0 0
7 0 9 1 0
7 0 9 2 0
7 0 9 3 0
7 0 9 4 0
7 0 9 5 0
7 0 9 6 0
7 0 9 7 0
7 0 9 8 0
7 0 9 9 0
7 0 9 10 0
7 0 9 11 0
7 0 9 12 0
7 0 9 13 0
7 0 9 14 0
7 0 9 15 0
7 0 10 0 0
7 0 10 1 0
7 0 10 2 0
7 0 10 3 0
7 0 10 4 0
7 0 10 5 0
7 0 10 6 0
7 0 10 7 0
7 0 10 8 0
7 0 10 9 0
7 0 10 10 0
7 0 10 11 0
7 0 10 12 0
7 0 10 13 0
7 0 10 14 0
7 0 10 15 0
7 0 11 0 0
7 0 11 1 0
7 0 11 2 0
7 0 11 3 0
7 0 11 4 0
7 0 11 5 0
7 0 11 6 0
7 0 11 7 0.0002635565204482543
7 0 11 8 0
7 0 11 9 0
7 0 11 10 0
7 0 11 11 0
7 0 11 12 0
7 0 11 13 0
7 0 11 14 0
7 0 11 15 0
7 0 12 0 0
7 0 12 1 0
7 0 12 2 0
7 0 12 3 0
7 0 12 4 0
7 0 12 5 0
7 0 12 6 0
7 0 12 7 0
7 0 12 8 0
7 0 12 9 0
7 0 12 10 0
7 0 12 11 0
7 0 12 12 0
7 0 12 13 0
7 0 12 14 0
7 0 12 15 0
7 0 13 0 0
7 0 13 1 0
7 0 13 2 0
7 0 13 3 0
7 0 13 4 0
7 0 13 5 0
7 0 13 6 0
7 0 13 7 0
7 0 13 8 0
7 0 13 9 0
7 0 13 10 0
7 0 13 11 0
7 0 13 12 0
7 0 13 13 0
7 0 13 14 0
7 0 13 15 0
7 0 14 0 0
7 0 14 1 0
7 0 14 2 0
7 0 14 3 0
7 0 14 4 0
7 0 14 5 0
7 0 14 6 0
7 0 14 7 0
7 0 14 8 0
7 0 14 9 0
7 0 14 10 0
7 0 14 11 0
7 0 14 12 0
7 0 14 13 0
7 0 14 14 0
7 0 14 15 0
7 0 15 0 0
7 0 15 1 0
7 0 15 2 0
7 0 15 3 0
7 0 15 4 0
7 0 15 5 0
7 0 15 6 0
7 0 15 7 0
7 0 15 8 0
7 0 15 9 0
7 0 15 10 0
7 0 15 11 0
7 0 15 12 0
7 0 15 13 0
7 0 15 14 0
7 0 15 15 0
7 1 0 0 0
7 1 0 1 0
7 1 0 2 0
7 1 0 3 0
7 1 0 4 0
7 1 0 5 0
7 1 0 6 0
7 1 0 7 0
7 1 0 8 0
7 1 0 9 0
7 1 0 10 0
7 1 0 11 0
7 1 0 12 0
7 1 0 13 0
7 1 0 14 0
7 1 0 15 0
7 1 1 0 0
7 1 1 1 0
7 1 1 2 0
7 1 1 3 0
7 1 1 4 0
7 1 1 5 0
7 1 1 6 0
7 1 1 7 -0.8945567614418475
7 1 1 8 0
7 1 1 9 0
7 1 1 10 0
7 1 1 11 0
7 1 1 12 0
7 1 1 13 0
7 1 1 14 0
7 1 1 15 0
7 1 2 0 0
7 1 2 1 0
7 1 2 2 0
7 1 2 3 0
7 1 2 4 0
7 1 2 5 0
7 1 2 6 0
7 1 2 7 0
7 1 2 8 0
7 1 2 9 0
7 1 2 10 0
7 1 2 11 0
7 1 2 12 0
7 1 2 13 0
7 1 2 14 0
7 1 2 15 0
7 1 3 0 0
7 1 3 1 0
7 1 3 2 0
7 1 3 3 0
7 1 3 4 0
7 1 3 5 0
7 1 3 6 0
7 1 3 7 0
7 1 3 8 0
7 1 3 9 0
7 1 3 10 0
7 1 3 11 0
7 1 3 12 0
7 1 3 13 0
7 1 3 14 0
7 1 3 15 0
7 1 4 0 0
7 1 4 1 0
7 1 4 2 0
7 1 4 3 0
7 1 4 4 0
7 1 4 5 0
7 1 4 6 0
7 1 4 7 0
7 1 4 8 0
7 1 4 9 0
7 1 4 10 0
7 1 4 11 0
7 1 4 12 0
7 1 4 13 0
7 1 4 14 0
7 1 4 15 0
7 1 5 0 0
7 1 5 1 0
7 1 5 2 0
7 1 5 3 0
7 1 5 4 0
7 1 5 5 0
7 1 5 6 0
7 1 5 7 0
7 1 5 8 0
7 1 5 9 0
7 1 5 10 0
7 1 5 11 0
7 1 5 12 0
7 1 5 13 0
7 1 5 14 0
7 1 5 15 0
7 1 6 0 0
7 1 6 1 0
7 1 6 2 0
7 1 6 3 0
7 1 6 4 0
7 1 6 5 0
7 1 6 6 0
7 1 6 7 0
7 1 6 8 0
7 1 6 9 0
7 1 6 10 0
7 1 6 11 0
7 1 6 12 0
7 1 6 13 0
7 1 6 14 0
7 1 6 15 0
7 1 7 0 0
7 1 7 1 1.789113522883695
7 1 7 2 0
7 1 7 3 0
7 1 7 4 0
7 1 7 5 0
7 1 7 6 0
7 1 7 7 0
7 1 7 8 0
7 1 7 9 0
7 1 7 10 0
7 1 7 11 0
7 1 7 12 0
7 1 7 13 0
7 1 7 14 0
7 1 7 15 0
7 1 8 0 0
7 1 8 1 0
7 1 8 2 0
7 1 8 3 0
7 1 8 4 0
7 1 8 5 0
7 1 8 6 0
7 1 8 7 0
7 1 8 8 0
7 1 8 9 0
7 1 8 10 0
7 1 8 11 0
7 1 8 12 0
7 1 8 13 0
7 1 8 14 0
7 1 8 15 0
7 1 9 0 0
7 1 9 1 0
7 1 9 2 0
7 1 9 3 0
7 1 9 4 0
7 1 9 5 0
7 1 9 6 0
7 1 9 7 0
7 1 9 8 0
7 1 9 9 0
7 1 9 10 0
7 1 9 11 0
7 1 9 12 0
7 1 9 13 0
7 1 9 14 0
7 1 9 15 0
7 1 10 0 0
7 1 10 1 0
7 1 10 2 0
7 1 10 3 0
7 1 10 4 0
7 1 10 5 0
7 1 10 6 0
7 1 10 7 0
7 1 10 8 0
7 1 10 9 0
7 1 10 10 0
7 1 10 11 0
7 1 10 12 0
7 1 10 13 0
7 1 10 14 0
7 1 10 15 0
7 1 11 0 0
7 1 11 1 0
7 1 11 2 0
7 1 11 3 0
7 1 11 4 0
7 1 11 5 0
7 1 11 6 0
7 1 11 7 0
7 1 11 8 0
7 1 11 9 0
7 1 11 10 0
7 1 11 11 0
7 1 11 12 0
7 1 11 13 0
7 1 11 14 0
7 1 11 15 0
7 1 12 0 0
7 1 12 1 0
7 1 12 2 0
7 1 12 3 0
7 1 12 4 0
7 1 12 5 0
7 1 12 6 0
7 1 12 7 0
7 1 12 8 0
7 1 12 9 0
7 1 12 10 0
7 1 12 11 0
7 1 12 12 0
7 1 12 13 0
7 1 12 14 0
7 1 12 15 0
7 1 13 0 0
7 1 13 1 0
7 1 13 2 0
7 1 13 3 0
7 1 13 4 0
7 1 13 5 0
7 1 13 6 0
7 1 13 7 0
7 1 13 8 0
7 1 13 9 0
7 1 13 10 0
7 1 13 11 0
7 1 13 12 0
7 1 13 13 0
7 1 13 14 0
7 1 13 15 0
7 1 14 0 0
7 1 14 1 0
7 1 14 2 0
7 1 14 3 0
7 1 14 4 0
7 1 14 5 0
7 1 14 6 0
7 1 14 7 0
7 1 14 8 0
7 1 14 9 0
7 1 14 10 0
7 1 14 11 0
7 1 14 12 0
7 1 14 13 0
7 1 14 14 0
7 1 14 15 0
7 1 15 0 0
7 1 15 1 0
7 1 15 2 0
7 1 15 3 0
7 1 15 4 0
7 1 15 5 0
7 1 15 6 0
7 1 15 7 0
7 1 15 8 0
7 1 15 9 0
7 1 15 10 0
7 1 15 11 0
7 1 15 12 0
7 1 15 13 0
7 1 15 14 0
7 1 15 15 0
7 2 0 0 0
7 2 0 1 0
7 2 0 2 0
7 2 0 3 0
7 2 0 4 0
7 2 0 5 0
7 2 0 6 0
7 2 0 7 0
7 2 0 8 0
7 2 0 9 0
7 2 0 10 0
7 2 0 11 0
7 2 0 12 0
7 2 0 13 0
7 2 0 14 0
7 2 0 15 0
7 2 1 0 0
7 2 1 1 0
7 2 1 2 0
7 2 1 3 0
7 2 1 4 0
7 2 1 5 0
7 2 1 6 0
7 2 1 7 0
7 2 1 8 0
7 2 1 9 0
7 2 1 10 0
7 2 1 11 0
7 2 1 12 0
7 2 1 13 0
7 2 1 14 0
7 2 1 15 0
7 2 2 0 0
7 2 2 1 0
7 2 2 2 0
7 2 2 3 0
7 2 2 4 0
7 2 2 5 0
7 2 2 6 0
7 2 2 7 -0.8616307118208015
7 2 2 8 0
7 2 2 9 0
7 2 2 10 0
7 2 2 11 0
7 2 2 12 0
7 2 2 13 0
7 2 2 14 0
7 2 2 15 0
7 2 3 0 0
7 2 3 1 0
7 2 3 2 0
7 2 3 3 0
7 2 3 4 0
7 2 3 5 0
7 2 3 6 0
7 2 3 7 0
7 2 3 8 0
7 2 3 9 0
7 2 3 10 0
7 2 3 11 0
7 2 3 12 0
7 2 3 13 0
7 2 3 14 0
7 2 3 15 0
7 2 4 0 0
7 2 4 1 0
7 2 4 2 0
7 2 4 3 0
7 2 4 4 0
7 2 4 5 0
7 2 4 6 0
7 2 4 7 0
7 2 4 8 0
7 2 4 9 0
7 2 4 10 0
7 2 4 11 0
7 2 4 12 0
7 2 4 13 0
7 2 4 14 0
7 2 4 15 0
7 2 5 0 0
7 2 5 1 0
7 2 5 2 0
7 2 5 3 0
7 2 5 4 0
7 2 5 5 0
7 2 5 6 0
7 2 5 7 0
7 2 5 8 0
7 2 5 9 0
7 2 5 10 0
7 2 5 11 0
7 2 5 12 0
7 2 5 13 0
7 2 5 14 0
7 2 5 15 0
7 2 6 0 0
7 2 6 1 0
7 2 6 2 0
7 2 6 3 0
7 2 6 4 0
7 2 6 5 0
7 2 6 6 0
7 2 6 7 0
7 2 6 8 0
7 2 6 9 0
7 2 6 10 0
7 2 6 11 0
7 2 6 12 0
7 2 6 13 0
7 2 6 14 0
7 2 6 15 0
7 2 7 0 0
7 2 7 1 0
7 2 7 2 0.8616307118208015
7 2 7 3 0
7 2 7 4 0
7 2 7 5 0
7 2 7 6 0
7 2 7 7 0
7 2 7 8 0
7 2 7 9 0
7 2 7 10 0
7 2 7 11 0
7 2 7 12 0
7 2 7 13 0
7 2 7 14 0
7 2 7 15 0
7 2 8 0 0
7 2 8 1 0
7 2 8 2 0
7 2 8 3 0
7 2 8 4 0
7 2 8 5 0
7 2 8 6 0
7 2 8 7 0
7 2 8 8 0
7 2 8 9 0
7 2 8 10 0
7 2 8 11 0
7 2 8 12 0
7 2 8 13 0
7 2 8 14 0
7 2 8 15 0
7 2 9 0 0
7 2 9 1 0
7 2 9 2 0
7 2 9 3 0
7 2 9 4 0
7 2 9 5 0
7 2 9 6 0
7 2 9 7 0
7 2 9 8 0
7 2 9 9 0
7 2 9 10 0
7 2 9 11 0
7 2 9 12 0
7 2 9 13 0
7 2 9 14 0
7 2 9 15 0
7 2 10 0 0
7 2 10 1 0
7 2 10 2 0
7 2 10 3 0
7 2 10 4 0
7 2 10 5 0
7 2 10 6 0
7 2 10 7 0
7 2 10 8 0
7 2 10 9 0
7 2 10 10 0
7 2 10 11 0
7 2 10 12 0
7 2 10 13 0
7 2 10 14 0
7 2 10 15 0
7 2 11 0 0
7 2 11 1 0
7 2 11 2 0
7 2 11 3 0
7 2 11 4 0
7 2 11 5 0
7 2 11 6 0
7 2 11 7 0
7 2 11 8 0
7 2 11 9 0
7 2 11 10 0
7 2 11 11 0
7 2 11 12 0
7 2 11 13 0
7 2 11 14 0
7 2 11 15 0
7 2 12 0 0
7 2 12 1 0
7 2 12 2 0
7 2 12 3 0
7 2 12 4 0
7 2 12 5 0
7 2 12 6 0
7 2 12 7 0
7 2 12 8 0
7 2 12 9 0
7 2 12 10 0
7 2 12 11 0
7 2 12 12 0
7 2 12 13 0
7 2 12 14 0
7 2 12 15 0
7 2 13 0 0
7 2 13 1 0
7 2 13 2 0
7 2 13 3 0
7 2 13 4 0
7 2 13 5 0
7 2 13 6 0
7 2 13 7 0
7 2 13 8 0
7 2 13 9 0
7 2 13 10 0
7 2 13 11 0
7 2 13 12 0
7 2 13 13 0
7 2 13 14 0
7 2 13 15 0
7 2 14 0 0
7 2 14 1 0
7 2 14 2 0
7 2 14 3 0
7 2 14 4 0
7 2 14 5 0
7 2 14 6 0
7 2 14 7 0
7 2 14 8 0
7 2 14 9 0
7 2 14 10 0
7 2 14 11 0
7 2 14 12 0
7 2 14 13 0
7 2 14 14 0
7 2 14 15 0
7 2 15 0 0
7 2 15 1 0
7 2 15 2 0
7 2 15 3 0
7 2 15 4 0
7 2 15 5 0
7 2 15 6 0
7 2 15 7 0
7 2 15 8 0
7 2 15 9 0
7 2 15 10 0
7 2 15 11 0
7 2 15 12 0
7 2 15 13 0
7 2 15 14 0
7 2 15 15 0
7 3 0 0 0
7 3 0 1 0
7 3 0 2 0
7 3 0 3 0
7 3 0 4 0
7 3 0 5 0
7 3 0 6 0
7 3 0 7 0
7 3 0 8 0
7 3 0 9 0
7 3 0 10 0
7 3 0 11 0
7 3 0 12 0
7 3 0 13 0
7 3 0 14 0
7 3 0 15 0
7 3 1 0 0
7 3 1 1 0
7 3 1 2 0
7 3 1 3 0
7 3 1 4 0
7 3 1 5 0
7 3 1 6 0
7 3 1 7 0
7 3 1 8 0
7 3 1 9 0
7 3 1 10 0
7 3 1 11 0
7 3 1 12 0
7 3 1 13 0
7 3 1 14 0
7 3 1 15 0
7 3 2 0 0
7 3 2 1 0
7 3 2 2 0
7 3 2 3 0
7 3 2 4 0
7 3 2 5 0
7 3 2 6 0
7 3 2 7 0
7 3 2 8 0
7 3 2 9 0
7 3 2 10 0
7 3 2 11 0
7 3 2 12 0
7 3 2 13 -5.204170427930421e-18
7 3 2 14 0
7 3 2 15 0
7 3 3 0 0
7 3 3 1 0
7 3 3 2 0
7 3 3 3 0
7 3 3 4 0
7 3 3 5 0
7 3 3 6 0
7 3 3 7 -0.5557145745701324
7 3 3 8 0
7 3 3 9 0
7 3 3 10 0
7 3 3 11 0
7 3 3 12 0
7 3 3 13 0
7 3 3 14 0
7 3 3 15 0
7 3 4 0 0
7 3 4 1 0
7 3 4 2 0
7 3 4 3 0
7 3 4 4 0
7 3 4 5 0
7 3 4 6 0
7 3 4 7 0
7 3 4 8 0
7 3 4 9 0
7 3 4 10 0
7 3 4 11 0
7 3 4 12 0
7 3 4 13 0
7 3 4 14 0
7 3 4 15 0
7 3 5 0 0
7 3 5 1 0
7 3 5 2 0
7 3 5 3 0
7 3 5 4 0
7 3 5 5 0
7 3 5 6 0
7 3 5 7 0
7 3 5 8 0
7 3 5 9 0
7 3 5 10 0
7 3 5 11 0
7 3 5 12 0
7 3 5 13 0
7 3 5 14 0
7 3 5 15 0
7 3 6 0 0
7 3 6 1 0
7 3 6 2 -0.3234686465158186
7 3 6 3 0
7 3 6 4 0
7 3 6 5 0
7 3 6 6 0
7 3 6 7 0
7 3 6 8 0
7 3 6 9 0
7 3 6 10 0
7 3 6 11 0.004104134645667671
7 3 6 12 0
7 3 6 13 0
7 3 6 14 9.825210476206931e-05
7 3 6 15 0
7 3 7 0 0
7 3 7 1 0
7 3 7 2 0
7 3 7 3 1.102746529722547
7 3 7 4 0
7 3 7 5 0
7 3 7 6 0
7 3 7 7 0
7 3 7 8 0
7 3 7 9 0
7 3 7 10 0
7 3 7 11 0
7 3 7 12 0
7 3 7 13 0
7 3 7 14 0
7 3 7 15 0
7 3 8 0 0
7 3 8 1 0
7 3 8 2 0
7 3 8 3 0
7 3 8 4 0
7 3 8 5 0
7 3 8 6 0
7 3 8 7 0
7 3 8 8 0
7 3 8 9 0
7 3 8 10 0
7 3 8 11 0
7 3 8 12 0
7 3 8 13 0
7 3 8 14 0
7 3 8 15 0
7 3 9 0 0
7 3 9 1 0
7 3 9 2 0
7 3 9 3 0
7 3 9 4 0
7 3 9 5 0
7 3 9 6 0
7 3 9 7 0
7 3 9 8 0
7 3 9 9 0
7 3 9 10 0
7 3 9 11 0
7 3 9 12 0
7 3 9 13 0
7 3 9 14 0
7 3 9 15 0
7 3 10 0 0
7 3 10 1 0
7 3 10 2 0
7 3 10 3 0
7 3 10 4 0
7 3 10 5 0
7 3 10 6 0
7 3 10 7 0
7 3 10 8 0
7 3 10 9 0
7 3 10 10 0
7 3 10 11 0
7 3 10 12 0
7 3 10 13 0
7 3 10 14 0
7 3 10 15 0
7 3 11 0 0
7 3 11 1 0
7 3 11 2 0
7 3 11 3 0
7 3 11 4 0
7 3 11 5 0
7 3 11 6 -0.005600954836943539
7 3 11 7 0
7 3 11 8 0
7 3 11 9 0
7 3 11 10 0
7 3 11 11 0
7 3 11 12 0
7 3 11 13 0
7 3 11 14 0
7 3 11 15 0
7 3 12 0 0
7 3 12 1 0
7 3 12 2 0
7 3 12 3 0
7 3 12 4 0
7 3 12 5 0
7 3 12 6 0
7 3 12 7 0
7 3 12 8 0
7 3 12 9 0
7 3 12 10 0
7 3 12 11 0
7 3 12 12 0
7 3 12 13 0
7 3 12 14 0
7 3 12 15 0
7 3 13 0 0
7 3 13 1 0
7 3 13 2 -0.01742006542449716
7 3 13 3 0
7 3 13 4 0
7 3 13 5 0
7 3 13 6 0
7 3 13 7 0
7 3 13 8 0
7 3 13 9 0
7 3 13 10 0
7 3 13 11 0
7 3 13 12 0
7 3 13 13 0
7 3 13 14 0
7 3 13 15 0
7 3 14 0 0
7 3 14 1 0
7 3 14 2 0
7 3 14 3 0
7 3 14 4 0
7 3 14 5 0
7 3 14 6 0.01613296076024407
7 3 14 7 0
7 3 14 8 0
7 3 14 9 0
7 3 14 10 0
7 3 14 11 0
7 3 14 12 0
7 3 14 13 0
7 3 14 14 0
7 3 14 15 0
7 3 15 0 0
7 3 15 1 0
7 3 15 2 0
7 3 15 3 0
7 3 15 4 0
7 3 15 5 0
7 3 15 6 0
7 3 15 7 0
7 3 15 8 0
7 3 15 9 0
7 3 15 10 0
7 3 15 11 0
7 3 15 12 0
7 3 15 13 0
7 3 15 14 0
7 3 15 15 0
7 4 0 0 0
7 4 0 1 0
7 4 0 2 0
7 4 0 3 0
7 4 0 4 0
7 4 0 5 0
7 4 0 6 0
7 4 0 7 0
7 4 0 8 0
7 4 0 9 0
7 4 0 10 0
7 4 0 11 0
7 4 0 12 0
7 4 0 13 0
7 4 0 14 0
7 4 0 15 0
7 4 1 0 0
7 4 1 1 0
7 4 1 2 0
7 4 1 3 0
7 4 1 4 0
7 4 1 5 0
7 4 1 6 0
7 4 1 7 0
7 4 1 8 0
7 4 1 9 0
7 4 1 10 0
7 4 1 11 0
7 4 1 12 0
7 4 1 13 0
7 4 1 14 0
7 4 1 15 0
7 4 2 0 0
7 4 2 1 0
7 4 2 2 0
7 4 2 3 0
7 4 2 4 0
7 4 2 5 -2.255140518769849e-17
7 4 2 6 0
7 4 2 7 0
7 4 2 8 0
7 4 2 9 0
7 4 2 10 0
7 4 2 11 0
7 4 2 12 -7.914675859144182e-18
7 4 2 13 0
7 4 2 14 0
7 4 2 15 0
7 4 3 0 0
7 4 3 1 0
7 4 3 2 0
7 4 3 3 0
7 4 3 4 0
7 4 3 5 0
7 4 3 6 0
7 4 3 7 0
7 4 3 8 0
7 4 3 9 0
7 4 3 10 0
7 4 3 11 0
7 4 3 12 0
7 4 3 13 0
7 4 3 14 0
7 4 3 15 0
7 4 4 0 0
7 4 4 1 0
7 4 4 2 0
7 4 4 3 0
7 4 4 4 0
7 4 4 5 0
7 4 4 6 0
7 4 4 7 -0.8780937366313245
7 4 4 8 0
7 4 4 9 0
7 4 4 10 0
7 4 4 11 0
7 4 4 12 0
7 4 4 13 0
7 4 4 14 0
7 4 4 15 0
7 4 5 0 0
7 4 5 1 0
7 4 5 2 -0.03206363377544112
7 4 5 3 0
7 4 5 4 0
7 4 5 5 0
7 4 5 6 0
7 4 5 7 0
7 4 5 8 0
7 4 5 9 0
7 4 5 10 0
7 4 5 11 0.0005383029764959806
7 4 5 12 0
7 4 5 13 0
7 4 5 14 0.0001297347872223969
7 4 5 15 0
7 4 6 0 0
7 4 6 1 0
7 4 6 2 0
7 4 6 3 0
7 4 6 4 0
7 4 6 5 0
7 4 6 6 0
7 4 6 7 0
7 4 6 8 0
7 4 6 9 0
7 4 6 10 0
7 4 6 11 0
7 4 6 12 0
7 4 6 13 0
7 4 6 14 0
7 4 6 15 0
7 4 7 0 0
7 4 7 1 0
7 4 7 2 0
7 4 7 3 0
7 4 7 4 0.9032393808595656
7 4 7 5 0
7 4 7 6 0
7 4 7 7 0
7 4 7 8 0
7 4 7 9 0
7 4 7 10 0
7 4 7 11 0
7 4 7 12 0
7 4 7 13 0
7 4 7 14 0
7 4 7 15 0
7 4 8 0 0
7 4 8 1 0
7 4 8 2 0
7 4 8 3 0
7 4 8 4 0
7 4 8 5 0
7 4 8 6 0
7 4 8 7 0
7 4 8 8 0
7 4 8 9 0
7 4 8 10 0
7 4 8 11 0
7 4 8 12 0
7 4 8 13 0
7 4 8 14 0
7 4 8 15 0
7 4 9 0 0
7 4 9 1 0
7 4 9 2 0
7 4 9 3 0
7 4 9 4 0
7 4 9 5 0
7 4 9 6 0
7 4 9 7 0
7 4 9 8 0
7 4 9 9 0
7 4 9 10 0
7 4 9 11 0
7 4 9 12 0
7 4 9 13 0
7 4 9 14 0
7 4 9 15 0
7 4 10 0 0
7 4 10 1 0
7 4 10 2 0
7 4 10 3 0
7 4 10 4 0
7 4 10 5 0
7 4 10 6 0
7 4 10 7 0
7 4 10 8 0
7 4 10 9 0
7 4 10 10 0
7 4 10 11 0
7 4 10 12 0
7 4 10 13 0
7 4 10 14 0
7 4 10 15 0
7 4 11 0 0
7 4 11 1 0
7 4 11 2 0
7 4 11 3 0
7 4 11 4 0
7 4 11 5 -0.0003867651254611728
7 4 11 6 0
7 4 11 7 0
7 4 11 8 0
7 4 11 9 0
7 4 11 10 0
7 4 11 11 0
7 4 11 12 0
7 4 11 13 0
7 4 11 14 0
7 4 11 15 0
7 4 12 0 0
7 4 12 1 0
7 4 12 2 -0.002490935918273309
7 4 12 3 0
7 4 12 4 0
7 4 12 5 0
7 4 12 6 0
7 4 12 7 0
7 4 12 8 0
7 4 12 9 0
7 4 12 10 0
7 4 12 11 0
7 4 12 12 0
7 4 12 13 0
7 4 12 14 0
7 4 12 15 0
7 4 13 0 0
7 4 13 1 0
7 4 13 2 0
7 4 13 3 0
7 4 13 4 0
7 4 13 5 0
7 4 13 6 0
7 4 13 7 0
7 4 13 8 0
7 4 13 9 0
7 4 13 10 0
7 4 13 11 0
7 4 13 12 0
7 4 13 13 0
7 4 13 14 0
7 4 13 15 0
7 4 14 0 0
7 4 14 1 0
7 4 14 2 0
7 4 14 3 0
7 4 14 4 0
7 4 14 5 0.001173831087974334
7 4 14 6 0
7 4 14 7 0
7 4 14 8 0
7 4 14 9 0
7 4 14 10 0
7 4 14 11 0
7 4 14 12 0
7 4 14 13 0
7 4 14 14 0
7 4 14 15 0
7 4 15 0 0
7 4 15 1 0
7 4 15 2 0
7 4 15 3 0
7 4 15 4 0
7 4 15 5 0
7 4 15 6 0
7 4 15 7 0
7 4 15 8 0
7 4 15 9 0
7 4 15 10 0
7 4 15 11 0
7 4 15 12 0
7 4 15 13 0
7 4 15 14 0
7 4 15 15 0
7 5 0 0 0
7 5 0 1 0
7 5 0 2 0
7 5 0 3 0
7 5 0 4 0
7 5 0 5 0
7 5 0 6 0
7 5 0 7 0
7 5 0 8 0
7 5 0 9 0
7 5 0 10 0
7 5 0 11 0
7 5 0 12 0
7 5 0 13 0
7 5 0 14 0
7 5 0 15 0
7 5 1 0 0
7 5 1 1 0
7 5 1 2 0
7 5 1 3 0
7 5 1 4 0
7 5 1 5 0
7 5 1 6 0
7 5 1 7 0
7 5 1 8 0
7 5 1 9 0
7 5 1 10 0
7 5 1 11 0
7 5 1 12 0
7 5 1 13 0
7 5 1 14 0
7 5 1 15 0
7 5 2 0 0
7 5 2 1 0
7 5 2 2 0
7 5 2 3 0
7 5 2 4 5.204170427930421e-17
7 5 2 5 0
7 5 2 6 0
7 5 2 7 0
7 5 2 8 0
7 5 2 9 -5.339650540599543e-18
7 5 2 10 0
7 5 2 11 0
7 5 2 12 0
7 5 2 13 0
7 5 2 14 0
7 5 2 15 0
7 5 3 0 0
7 5 3 1 0
7 5 3 2 0
7 5 3 3 0
7 5 3 4 0
7 5 3 5 0
7 5 3 6 0
7 5 3 7 0
7 5 3 8 0
7 5 3 9 0
7 5 3 10 0
7 5 3 11 0
7 5 3 12 0
7 5 3 13 0
7 5 3 14 0
7 5 3 15 0
7 5 4 0 0
7 5 4 1 0
7 5 4 2 -0.0119513513067284
7 5 4 3 0
7 5 4 4 0
7 5 4 5 0
7 5 4 6 0
7 5 4 7 0
7 5 4 8 0
7 5 4 9 0
7 5 4 10 0
7 5 4 11 0
7 5 4 12 0
7 5 4 13 0
7 5 4 14 -3.835215917840997e-18
7 5 4 15 0
7 5 5 0 0
7 5 5 1 0
7 5 5 2 0
7 5 5 3 0
7 5 5 4 0
7 5 5 5 0
7 5 5 6 0
7 5 5 7 -0.8694111172136065
7 5 5 8 0
7 5 5 9 0
7 5 5 10 0
7 5 5 11 0
7 5 5 12 0
7 5 5 13 0
7 5 5 14 0
7 5 5 15 0
7 5 6 0 0
7 5 6 1 0
7 5 6 2 0
7 5 6 3 0
7 5 6 4 0
7 5 6 5 0
7 5 6 6 0
7 5 6 7 0
7 5 6 8 0
7 5 6 9 0
7 5 6 10 0
7 5 6 11 0
7 5 6 12 0
7 5 6 13 0
7 5 6 14 0
7 5 6 15 0
7 5 7 0 0
7 5 7 1 0
7 5 7 2 0
7 5 7 3 0
7 5 7 4 0
7 5 7 5 0.8858741420241296
7 5 7 6 0
7 5 7 7 0
7 5 7 8 0
7 5 7 9 0
7 5 7 10 0
7 5 7 11 0
7 5 7 12 0
7 5 7 13 0
7 5 7 14 0
7 5 7 15 0
7 5 8 0 0
7 5 8 1 0
7 5 8 2 0
7 5 8 3 0
7 5 8 4 0
7 5 8 5 0
7 5 8 6 0
7 5 8 7 0
7 5 8 8 0
7 5 8 9 0
7 5 8 10 0
7 5 8 11 0
7 5 8 12 0
7 5 8 13 0
7 5 8 14 0
7 5 8 15 0
7 5 9 0 0
7 5 9 1 0
7 5 9 2 1.839297432623957e-18
7 5 9 3 0
7 5 9 4 0
7 5 9 5 0
7 5 9 6 0
7 5 9 7 0
7 5 9 8 0
7 5 9 9 0
7 5 9 10 0
7 5 9 11 0
7 5 9 12 0
7 5 9 13 0
7 5 9 14 0
7 5 9 15 0
7 5 10 0 0
7 5 10 1 0
7 5 10 2 0
7 5 10 3 0
7 5 10 4 0
7 5 10 5 0
7 5 10 6 0
7 5 10 7 0
7 5 10 8 0
7 5 10 9 0
7 5 10 10 0
7 5 10 11 0
7 5 10 12 0
7 5 10 13 0
7 5 10 14 0
7 5 10 15 0
7 5 11 0 0
7 5 11 1 0
7 5 11 2 0
7 5 11 3 0
7 5 11 4 0
7 5 11 5 0
7 5 11 6 0
7 5 11 7 0
7 5 11 8 0
7 5 11 9 0
7 5 11 10 0
7 5 11 11 0
7 5 11 12 0
7 5 11 13 0
7 5 11 14 0
7 5 11 15 0
7 5 12 0 0
7 5 12 1 0
7 5 12 2 0
7 5 12 3 0
7 5 12 4 0
7 5 12 5 0
7 5 12 6 0
7 5 12 7 0
7 5 12 8 0
7 5 12 9 0
7 5 12 10 0
7 5 12 11 0
7 5 12 12 0
7 5 12 13 0
7 5 12 14 0
7 5 12 15 0
7 5 13 0 0
7 5 13 1 0
7 5 13 2 0
7 5 13 3 0
7 5 13 4 0
7 5 13 5 0
7 5 13 6 0
7 5 13 7 0
7 5 13 8 0
7 5 13 9 0
7 5 13 10 0
7 5 13 11 0
7 5 13 12 0
7 5 13 13 0
7 5 13 14 0
7 5 13 15 0
7 5 14 0 0
7 5 14 1 0
7 5 14 2 0
7 5 14 3 0
7 5 14 4 2.510684237819939e-18
7 5 14 5 0
7 5 14 6 0
7 5 14 7 0
7 5 14 8 0
7 5 14 9 0
7 5 14 10 0
7 5 14 11 0
7 5 14 12 0
7 5 14 13 0
7 5 14 14 0
7 5 14 15 0
7 5 15 0 0
7 5 15 1 0
7 5 15 2 0
7 5 15 3 0
7 5 15 4 0
7 5 15 5 0
7 5 15 6 0
7 5 15 7 0
7 5 15 8 0
7 5 15 9 0
7 5 15 10 0
7 5 15 11 0
7 5 15 12 0
7 5 15 13 0
7 5 15 14 0
7 5 15 15 0
7 6 0 0 0
7 6 0 1 0
7 6 0 2 0
7 6 0 3 0
7 6 0 4 0
7 6 0 5 0
7 6 0 6 0
7 6 0 7 0
7 6 0 8 0
7 6 0 9 0
7 6 0 10 0
7 6 0 11 0
7 6 0 12 0
7 6 0 13 0
7 6 0 14 0
7 6 0 15 0
7 6 1 0 0
7 6 1 1 0
7 6 1 2 0
7 6 1 3 0
7 6 1 4 0
7 6 1 5 0
7 6 1 6 0
7 6 1 7 0
7 6 1 8 0
7 6 1 9 0
7 6 1 10 0
7 6 1 11 0
7 6 1 12 0
7 6 1 13 0
7 6 1 14 0
7 6 1 15 0
7 6 2 0 0
7 6 2 1 0
7 6 2 2 0
7 6 2 3 1.249000902703301e-16
7 6 2 4 0
7 6 2 5 0
7 6 2 6 0
7 6 2 7 0
7 6 2 8 2.602085213965211e-18
7 6 2 9 0
7 6 2 10 0
7 6 2 11 0
7 6 2 12 0
7 6 2 13 0
7 6 2 14 0
7 6 2 15 0
7 6 3 0 0
7 6 3 1 0
7 6 3 2 -0.28880070839666
7 6 3 3 0
7 6 3 4 0
7 6 3 5 0
7 6 3 6 0
7 6 3 7 0
7 6 3 8 0
7 6 3 9 0
7 6 3 10 0
7 6 3 11 -0.001166761813281624
7 6 3 12 0
7 6 3 13 0
7 6 3 14 0.0126521271322457
7 6 3 15 0
7 6 4 0 0
7 6 4 1 0
7 6 4 2 0
7 6 4 3 0
7 6 4 4 0
7 6 4 5 0
7 6 4 6 0
7 6 4 7 0
7 6 4 8 0
7 6 4 9 0
7 6 4 10 0
7 6 4 11 0
7 6 4 12 0
7 6 4 13 0
7 6 4 14 0
7 6 4 15 0
7 6 5 0 0
7 6 5 1 0
7 6 5 2 0
7 6 5 3 0
7 6 5 4 0
7 6 5 5 0
7 6 5 6 0
7 6 5 7 0
7 6 5 8 0
7 6 5 9 0
7 6 5 10 0
7 6 5 11 0
7 6 5 12 0
7 6 5 13 0
7 6 5 14 0
7 6 5 15 0
7 6 6 0 0
7 6 6 1 0
7 6 6 2 0
7 6 6 3 0
7 6 6 4 0
7 6 6 5 0
7 6 6 6 0
7 6 6 7 -0.3475248062894331
7 6 6 8 0
7 6 6 9 0
7 6 6 10 0
7 6 6 11 0
7 6 6 12 0
7 6 6 13 0
7 6 6 14 0
7 6 6 15 0
7 6 7 0 0
7 6 7 1 0
7 6 7 2 0
7 6 7 3 0
7 6 7 4 0
7 6 7 5 0
7 6 7 6 0.6863669931611481
7 6 7 7 0
7 6 7 8 0
7 6 7 9 0
7 6 7 10 0
7 6 7 11 0
7 6 7 12 0
7 6 7 13 0
7 6 7 14 0
7 6 7 15 0
7 6 8 0 0
7 6 8 1 0
7 6 8 2 -0.01465878287263919
7 6 8 3 0
7 6 8 4 0
7 6 8 5 0
7 6 8 6 0
7 6 8 7 0
7 6 8 8 0
7 6 8 9 0
7 6 8 10 0
7 6 8 11 0
7 6 8 12 0
7 6 8 13 0
7 6 8 14 0
7 6 8 15 0
7 6 9 0 0
7 6 9 1 0
7 6 9 2 0
7 6 9 3 0
7 6 9 4 0
7 6 9 5 0
7 6 9 6 0
7 6 9 7 0
7 6 9 8 0
7 6 9 9 0
7 6 9 10 0
7 6 9 11 0
7 6 9 12 0
7 6 9 13 0
7 6 9 14 0
7 6 9 15 0
7 6 10 0 0
7 6 10 1 0
7 6 10 2 0
7 6 10 3 0
7 6 10 4 0
7 6 10 5 0
7 6 10 6 0
7 6 10 7 0
7 6 10 8 0
7 6 10 9 0
7 6 10 10 0
7 6 10 11 0
7 6 10 12 0
7 6 10 13 0
7 6 10 14 0
7 6 10 15 0
7 6 11 0 0
7 6 11 1 0
7 6 11 2 0
7 6 11 3 0.004365908650718031
7 6 11 4 0
7 6 11 5 0
7 6 11 6 0
7 6 11 7 0
7 6 11 8 0
7 6 11 9 0
7 6 11 10 0
7 6 11 11 0
7 6 11 12 0
7 6 11 13 0
7 6 11 14 0
7 6 11 15 0
7 6 12 0 0
7 6 12 1 0
7 6 12 2 0
7 6 12 3 0
7 6 12 4 0
7 6 12 5 0
7 6 12 6 0
7 6 12 7 0
7 6 12 8 0
7 6 12 9 0
7 6 12 10 0
7 6 12 11 0
7 6 12 12 0
7 6 12 13 0
7 6 12 14 0
7 6 12 15 0
7 6 13 0 0
7 6 13 1 0
7 6 13 2 0
7 6 13 3 0
7 6 13 4 0
7 6 13 5 0
7 6 13 6 0
7 6 13 7 0
7 6 13 8 0
7 6 13 9 0
7 6 13 10 0
7 6 13 11 0
7 6 13 12 0
7 6 13 13 0
7 6 13 14 0
7 6 13 15 0
7 6 14 0 0
7 6 14 1 0
7 6 14 2 0
7 6 14 3 -0.01257554024186362
7 6 14 4 0
7 6 14 5 0
7 6 14 6 0
7 6 14 7 0
7 6 14 8 0
7 6 14 9 0
7 6 14 10 0
7 6 14 11 0
7 6 14 12 0
7 6 14 13 0
7 6 14 14 0
7 6 14 15 0
7 6 15 0 0
7 6 15 1 0
7 6 15 2 0
7 6 15 3 0
7 6 15 4 0
7 6 15 5 0
7 6 15 6 0
7 6 15 7 0
7 6 15 8 0
7 6 15 9 0
7 6 15 10 0
7 6 15 11 0
7 6 15 12 0
7 6 15 13 0
7 6 15 14 0
7 6 15 15 0
7 7 0 0 0
7 7 0 1 0
7 7 0 2 1.811085333132291e-06
7 7 0 3 0
7 7 0 4 0
7 7 0 5 0
7 7 0 6 0
7 7 0 7 0
7 7 0 8 0
7 7 0 9 0
7 7 0 10 0
7 7 0 11 0
7 7 0 12 0
7 7 0 13 0
7 7 0 14 0
7 7 0 15 0
7 7 1 0 0
7 7 1 1 0
7 7 1 2 0
7 7 1 3 0
7 7 1 4 0
7 7 1 5 0
7 7 1 6 0
7 7 1 7 0
7 7 1 8 0
7 7 1 9 0
7 7 1 10 0
7 7 1 11 0
7 7 1 12 0
7 7 1 13 0
7 7 1 14 0
7 7 1 15 0
7 7 2 0 1.811085333132291e-06
7 7 2 1 0
7 7 2 2 -0.0883471749051728
7 7 2 3 0
7 7 2 4 0
7 7 2 5 0
7 7 2 6 0
7 7 2 7 0
7 7 2 8 0
7 7 2 9 0
7 7 2 10 0
7 7 2 11 0.0008287177828357008
7 7 2 12 0
7 7 2 13 0
7 7 2 14 -0.0003094591602755958
7 7 2 15 0
7 7 3 0 0
7 7 3 1 0
7 7 3 2 0
7 7 3 3 0
7 7 3 4 0
7 7 3 5 0
7 7 3 6 0
7 7 3 7 0
7 7 3 8 0
7 7 3 9 0
7 7 3 10 0
7 7 3 11 0
7 7 3 12 0
7 7 3 13 0
7 7 3 14 0
7 7 3 15 0
7 7 4 0 0
7 7 4 1 0
7 7 4 2 0
7 7 4 3 0
7 7 4 4 0
7 7 4 5 0
7 7 4 6 0
7 7 4 7 0
7 7 4 8 0
7 7 4 9 0
7 7 4 10 0
7 7 4 11 0
7 7 4 12 0
7 7 4 13 0
7 7 4 14 0
7 7 4 15 0
7 7 5 0 0
7 7 5 1 0
7 7 5 2 0
7 7 5 3 0
7 7 5 4 0
7 7 5 5 0
7 7 5 6 0
7 7 5 7 0
7 7 5 8 0
7 7 5 9 0
7 7 5 10 0
7 7 5 11 0
7 7 5 12 0
7 7 5 13 0
7 7 5 14 0
7 7 5 15 0
7 7 6 0 0
7 7 6 1 0
7 7 6 2 0
7 7 6 3 0
7 7 6 4 0
7 7 6 5 0
7 7 6 6 0
7 7 6 7 0
7 7 6 8 0
7 7 6 9 0
7 7 6 10 0
7 7 6 11 0
7 7 6 12 0
7 7 6 13 0
7 7 6 14 0
7 7 6 15 0
7 7 7 0 0
7 7 7 1 0
7 7 7 2 0
7 7 7 3 0
7 7 7 4 0
7 7 7 5 0
7 7 7 6 0
7 7 7 7 0.03292604962104601
7 7 7 8 0
7 7 7 9 0
7 7 7 10 0
7 7 7 11 0
7 7 7 12 0
7 7 7 13 0
7 7 7 14 0
7 7 7 15 0
7 7 8 0 0
7 7 8 1 0
7 7 8 2 0
7 7 8 3 0
7 7 8 4 0
7 7 8 5 0
7 7 8 6 0
7 7 8 7 0
7 7 8 8 0
7 7 8 9 0
7 7 8 10 0
7 7 8 11 0
7 7 8 12 0
7 7 8 13 0
7 7 8 14 0
7 7 8 15 0
7 7 9 0 0
7 7 9 1 0
7 7 9 2 0
7 7 9 3 0
7 7 9 4 0
7 7 9 5 0
7 7 9 6 0
7 7 9 7 0
7 7 9 8 0
7 7 9 9 0
7 7 9 10 0
7 7 9 11 0
7 7 9 12 0
7 7 9 13 0
7 7 9 14 0
7 7 9 15 0
7 7 10 0 0
7 7 10 1 0
7 7 10 2 0
7 7 10 3 0
7 7 10 4 0
7 7 10 5 0
7 7 10 6 0
7 7 10 7 0
7 7 10 8 0
7 7 10 9 0
7 7 10 10 0
7 7 10 11 0
7 7 10 12 0
7 7 10 13 0
7 7 10 14 0
7 7 10 15 0
7 7 11 0 0
7 7 11 1 0
7 7 11 2 0.0008287177828357008
7 7 11 3 0
7 7 11 4 0
7 7 11 5 0
7 7 11 6 0
7 7 11 7 0
7 7 11 8 0
7 7 11 9 0
7 7 11 10 0
7 7 11 11 0
7 7 11 12 0
7 7 11 13 0
7 7 11 14 0
7 7 11 15 0
7 7 12 0 0
7 7 12 1 0
7 7 12 2 0
7 7 12 3 0
7 7 12 4 0
7 7 12 5 0
7 7 12 6 0
7 7 12 7 0
7 7 12 8 0
7 7 12 9 0
7 7 12 10 0
7 7 12 11 0
7 7 12 12 0
7 7 12 13 0
7 7 12 14 0
7 7 12 15 0
7 7 13 0 0
7 7 13 1 0
7 7 13 2 0
7 7 13 3 0
7 7 13 4 0
7 7 13 5 0
7 7 13 6 0
7 7 13 7 0
7 7 13 8 0
7 7 13 9 0
7 7 13 10 0
7 7 13 11 0
7 7 13 12 0
7 7 13 13 0
7 7 13 14 0
7 7 13 15 0
7 7 14 0 0
7 7 14 1 0
7 7 14 2 -0.0003094591602755958
7 7 14 3 0
7 7 14 4 0
7 7 14 5 0
7 7 14 6 0
7 7 14 7 0
7 7 14 8 0
7 7 14 9 0
7 7 14 10 0
7 7 14 11 0
7 7 14 12 0
7 7 14 13 0
7 7 14 14 0
7 7 14 15 0
7 7 15 0 0
7 7 15 1 0
7 7 15 2 0
7 7 15 3 0
7 7 15 4 0
7 7 15 5 0
7 7 15 6 0
7 7 15 7 0
7 7 15 8 0
7 7 15 9 0
7 7 15 10 0
7 7 15 11 0
7 7 15 12 0
7 7 15 13 0
7 7 15 14 0
7 7 15 15 0
7 8 0 0 0
7 8 0 1 0
7 8 0 2 0
7 8 0 3 0
7 8 0 4 0
7 8 0 5 0
7 8 0 6 0
7 8 0 7 0
7 8 0 8 0
7 8 0 9 0
7 8 0 10 0
7 8 0 11 0
7 8 0 12 0
7 8 0 13 0
7 8 0 14 0
7 8 0 15 0
7 8 1 0 0
7 8 1 1 0
7 8 1 2 0
7 8 1 3 0
7 8 1 4 0
7 8 1 5 0
7 8 1 6 0
7 8 1 7 0
7 8 1 8 0
7 8 1 9 0
7 8 1 10 0
7 8 1 11 0
7 8 1 12 0
7 8 1 13 0
7 8 1 14 0
7 8 1 15 0
7 8 2 0 0
7 8 2 1 0
7 8 2 2 0
7 8 2 3 0
7 8 2 4 0
7 8 2 5 0
7 8 2 6 0
7 8 2 7 0
7 8 2 8 0
7 8 2 9 0
7 8 2 10 0
7 8 2 11 0
7 8 2 12 0
7 8 2 13 0
7 8 2 14 0
7 8 2 15 0
7 8 3 0 0
7 8 3 1 0
7 8 3 2 0
7 8 3 3 0
7 8 3 4 0
7 8 3 5 0
7 8 3 6 0
7 8 3 7 0
7 8 3 8 0
7 8 3 9 0
7 8 3 10 0
7 8 3 11 0
7 8 3 12 0
7 8 3 13 0
7 8 3 14 0
7 8 3 15 0
7 8 4 0 0
7 8 4 1 0
7 8 4 2 0
7 8 4 3 0
7 8 4 4 0
7 8 4 5 0
7 8 4 6 0
7 8 4 7 0
7 8 4 8 0
7 8 4 9 0
7 8 4 10 0
7 8 4 11 0
7 8 4 12 0
7 8 4 13 0
7 8 4 14 0
7 8 4 15 0
7 8 5 0 0
7 8 5 1 0
7 8 5 2 0
7 8 5 3 0
7 8 5 4 0
7 8 5 5 0
7 8 5 6 0
7 8 5 7 0
7 8 5 8 0
7 8 5 9 0
7 8 5 10 0
7 8 5 11 0
7 8 5 12 0
7 8 5 13 0
7 8 5 14 0
7 8 5 15 0
7 8 6 0 0
7 8 6 1 0
7 8 6 2 0
7 8 6 3 0
7 8 6 4 0
7 8 6 5 0
7 8 6 6 0
7 8 6 7 0
7 8 6 8 0
7 8 6 9 0
7 8 6 10 0
7 8 6 11 0
7 8 6 12 0
7 8 6 13 0
7 8 6 14 0
7 8 6 15 0
7 8 7 0 0
7 8 7 1 0
7 8 7 2 0
7 8 7 3 0
7 8 7 4 0
7 8 7 5 0
7 8 7 6 0
7 8 7 7 0
7 8 7 8 0
7 8 7 9 0
7 8 7 10 0
7 8 7 11 0
7 8 7 12 0
7 8 7 13 0
7 8 7 14 0
7 8 7 15 0
7 8 8 0 0
7 8 8 1 0
7 8 8 2 0
7 8 8 3 0
7 8 8 4 0
7 8 8 5 0
7 8 8 6 0
7 8 8 7 0
7 8 8 8 0
7 8 8 9 0
7 8 8 10 0
7 8 8 11 0
7 8 8 12 0
7 8 8 13 0
7 8 8 14 0
7 8 8 15 0
7 8 9 0 0
7 8 9 1 0
7 8 9 2 0
7 8 9 3 0
7 8 9 4 0
7 8 9 5 0
7 8 9 6 0
7 8 9 7 0
7 8 9 8 0
7 8 9 9 0
7 8 9 10 0
7 8 9 11 0
7 8 9 12 0
7 8 9 13 0
7 8 9 14 0
7 8 9 15 0
7 8 10 0 0
7 8 10 1 0
7 8 10 2 0
7 8 10 3 0
7 8 10 4 0
7 8 10 5 0
7 8 10 6 0
7 8 10 7 0
7 8 10 8 0
7 8 10 9 0
7 8 10 10 0
7 8 10 11 0
7 8 10 12 0
7 8 10 13 0
7 8 10 14 0
7 8 10 15 0
7 8 11 0 0
7 8 11 1 0
7 8 11 2 0
7 8 11 3 0
7 8 11 4 0
7 8 11 5 0
7 8 11 6 0
7 8 11 7 0
7 8 11 8 0
7 8 11 9 0
7 8 11 10 0
7 8 11 11 0
7 8 11 12 0
7 8 11 13 0
7 8 11 14 0
7 8 11 15 0
7 8 12 0 0
7 8 12 1 0
7 8 12 2 0
7 8 12 3 0
7 8 12 4 0
7 8 12 5 0
7 8 12 6 0
7 8 12 7 0
7 8 12 8 0
7 8 12 9 0
7 8 12 10 0
7 8 12 11 0
7 8 12 12 0
7 8 12 13 0
7 8 12 14 0
7 8 12 15 0
7 8 13 0 0
7 8 13 1 0
7 8 13 2 0
7 8 13 3 0
7 8 13 4 0
7 8 13 5 0
7 8 13 6 0
7 8 13 7 0
7 8 13 8 0
7 8 13 9 0
7 8 13 10 0
7 8 13 11 0
7 8 13 12 0
7 8 13 13 0
7 8 13 14 0
7 8 13 15 0
7 8 14 0 0
7 8 14 1 0
7 8 14 2 0
7 8 14 3 0
7 8 14 4 0
7 8 14 5 0
7 8 14 6 0
7 8 14 7 0
7 8 14 8 0
7 8 14 9 0
7 8 14 10 0
7 8 14 11 0
7 8 14 12 0
7 8 14 13 0
7 8 14 14 0
7 8 14 15 0
7 8 15 0 0
7 8 15 1 0
7 8 15 2 0
7 8 15 3 0
7 8 15 4 0
7 8 15 5 0
7 8 15 6 0
7 8 15 7 0
7 8 15 8 0
7 8 15 9 0
7 8 15 10 0
7 8 15 11 0
7 8 15 12 0
7 8 15 13 0
7 8 15 14 0
7 8 15 15 0
7 9 0 0 0
7 9 0 1 0
7 9 0 2 0
7 9 0 3 0
7 9 0 4 0
7 9 0 5 0
7 9 0 6 0
7 9 0 7 0
7 9 0 8 0
7 9 0 9 0
7 9 0 10 0
7 9 0 11 0
7 9 0 12 0
7 9 0 13 0
7 9 0 14 0
7 9 0 15 0
7 9 1 0 0
7 9 1 1 0
7 9 1 2 0
7 9 1 3 0
7 9 1 4 0
7 9 1 5 0
7 9 1 6 0
7 9 1 7 0
7 9 1 8 0
7 9 1 9 0
7 9 1 10 0
7 9 1 11 0
7 9 1 12 0
7 9 1 13 0
7 9 1 14 0
7 9 1 15 0
7 9 2 0 0
7 9 2 1 0
7 9 2 2 0
7 9 2 3 0
7 9 2 4 0
7 9 2 5 0
7 9 2 6 0
7 9 2 7 0
7 9 2 8 0
7 9 2 9 0
7 9 2 10 0
7 9 2 11 0
7 9 2 12 0
7 9 2 13 0
7 9 2 14 0
7 9 2 15 0
7 9 3 0 0
7 9 3 1 0
7 9 3 2 0
7 9 3 3 0
7 9 3 4 0
7 9 3 5 0
7 9 3 6 0
7 9 3 7 0
7 9 3 8 0
7 9 3 9 0
7 9 3 10 0
7 9 3 11 0
7 9 3 12 0
7 9 3 13 0
7 9 3 14 0
7 9 3 15 0
7 9 4 0 0
7 9 4 1 0
7 9 4 2 0
7 9 4 3 0
7 9 4 4 0
7 9 4 5 0
7 9 4 6 0
7 9 4 7 0
7 9 4 8 0
7 9 4 9 0
7 9 4 10 0
7 9 4 11 0
7 9 4 12 0
7 9 4 13 0
7 9 4 14 0
7 9 4 15 0
7 9 5 0 0
7 9 5 1 0
7 9 5 2 0
7 9 5 3 0
7 9 5 4 0
7 9 5 5 0
7 9 5 6 0
7 9 5 7 0
7 9 5 8 0
7 9 5 9 0
7 9 5 10 0
7 9 5 11 0
7 9 5 12 0
7 9 5 13 0
7 9 5 14 0
7 9 5 15 0
7 9 6 0 0
7 9 6 1 0
7 9 6 2 0
7 9 6 3 0
7 9 6 4 0
7 9 6 5 0
7 9 6 6 0
7 9 6 7 0
7 9 6 8 0
7 9 6 9 0
7 9 6 10 0
7 9 6 11 0
7 9 6 12 0
7 9 6 13 0
7 9 6 14 0
7 9 6 15 0
7 9 7 0 0
7 9 7 1 0
7 9 7 2 0
7 9 7 3 0
7 9 7 4 0
7 9 7 5 0
7 9 7 6 0
7 9 7 7 0
7 9 7 8 0
7 9 7 9 0
7 9 7 10 0
7 9 7 11 0
7 9 7 12 0
7 9 7 13 0
7 9 7 14 0
7 9 7 15 0
7 9 8 0 0
7 9 8 1 0
7 9 8 2 0
7 9 8 3 0
7 9 8 4 0
7 9 8 5 0
7 9 8 6 0
7 9 8 7 0
7 9 8 8 0
7 9 8 9 0
7 9 8 10 0
7 9 8 11 0
7 9 8 12 0
7 9 8 13 0
7 9 8 14 0
7 9 8 15 0
7 9 9 0 0
7 9 9 1 0
7 9 9 2 0
7 9 9 3 0
7 9 9 4 0
7 9 9 5 0
7 9 9 6 0
7 9 9 7 0
7 9 9 8 0
7 9 9 9 0
7 9 9 10 0
7 9 9 11 0
7 9 9 12 0
7 9 9 13 0
7 9 9 14 0
7 9 9 15 0
7 9 10 0 0
7 9 10 1 0
7 9 10 2 0
7 9 10 3 0
7 9 10 4 0
7 9 10 5 0
7 9 10 6 0
7 9 10 7 0
7 9 10 8 0
7 9 10 9 0
7 9 10 10 0
7 9 10 11 0
7 9 10 12 0
7 9 10 13 0
7 9 10 14 0
7 9 10 15 0
7 9 11 0 0
7 9 11 1 0
7 9 11 2 0
7 9 11 3 0
7 9 11 4 0
7 9 11 5 0
7 9 11 6 0
7 9 11 7 0
7 9 11 8 0
7 9 11 9 0
7 9 11 10 0
7 9 11 11 0
7 9 11 12 0
7 9 11 13 0
7 9 11 14 0
7 9 11 15 0
7 9 12 0 0
7 9 12 1 0
7 9 12 2 0
7 9 12 3 0
7 9 12 4 0
7 9 12 5 0
7 9 12 6 0
7 9 12 7 0
7 9 12 8 0
7 9 12 9 0
7 9 12 10 0
7 9 12 11 0
7 9 12 12 0
7 9 12 13 0
7 9 12 14 0
7 9 12 15 0
7 9 13 0 0
7 9 13 1 0
7 9 13 2 0
7 9 13 3 0
7 9 13 4 0
7 9 13 5 0
7 9 13 6 0
7 9 13 7 0
7 9 13 8 0
7 9 13 9 0
7 9 13 10 0
7 9 13 11 0
7 9 13 12 0
7 9 13 13 0
7 9 13 14 0
7 9 13 15 0
7 9 14 0 0
7 9 14 1 0
7 9 14 2 0
7 9 14 3 0
7 9 14 4 0
7 9 14 5 0
7 9 14 6 0
7 9 14 7 0
7 9 14 8 0
7 9 14 9 0
7 9 14 10 0
7 9 14 11 0
7 9 14 12 0
7 9 14 13 0
7 9 14 14 0
7 9 14 15 0
7 9 15 0 0
7 9 15 1 0
7 9 15 2 0
7 9 15 3 0
7 9 15 4 0
7 9 15 5 0
7 9 15 6 0
7 9 15 7 0
7 9 15 8 0
7 9 15 9 0
7 9 15 10 0
7 9 15 11 0
7 9 15 12 0
7 9 15 13 0
7 9 15 14 0
7 9 15 15 0
7 10 0 0 0
7 10 0 1 0
7 10 0 2 0
7 10 0 3 0
7 10 0 4 0
7 10 0 5 0
7 10 0 6 0
7 10 0 7 0
7 10 0 8 0
7 10 0 9 0
7 10 0 10 0
7 10 0 11 0
7 10 0 12 0
7 10 0 13 0
7 10 0 14 0
7 10 0 15 0
7 10 1 0 0
7 10 1 1 0
7 10 1 2 0
7 10 1 3 0
7 10 1 4 0
7 10 1 5 0
7 10 1 6 0
7 10 1 7 0
7 10 1 8 0
7 10 1 9 0
7 10 1 10 0
7 10 1 11 0
7 10 1 12 0
7 10 1 13 0
7 10 1 14 0
7 10 1 15 0
7 10 2 0 0
7 10 2 1 0
7 10 2 2 0
7 10 2 3 0
7 10 2 4 0
7 10 2 5 0
7 10 2 6 0
7 10 2 7 0
7 10 2 8 0
7 10 2 9 0
7 10 2 10 0
7 10 2 11 0
7 10 2 12 0
7 10 2 13 0
7 10 2 14 0
7 10 2 15 0
7 10 3 0 0
7 10 3 1 0
7 10 3 2 0
7 10 3 3 0
7 10 3 4 0
7 10 3 5 0
7 10 3 6 0
7 10 3 7 0
7 10 3 8 0
7 10 3 9 0
7 10 3 10 0
7 10 3 11 0
7 10 3 12 0
7 10 3 13 0
7 10 3 14 0
7 10 3 15 0
7 10 4 0 0
7 10 4 1 0
7 10 4 2 0
7 10 4 3 0
7 10 4 4 0
7 10 4 5 0
7 10 4 6 0
7 10 4 7 0
7 10 4 8 0
7 10 4 9 0
7 10 4 10 0
7 10 4 11 0
7 10 4 12 0
7 10 4 13 0
7 10 4 14 0
7 10 4 15 0
7 10 5 0 0
7 10 5 1 0
7 10 5 2 0
7 10 5 3 0
7 10 5 4 0
7 10 5 5 0
7 10 5 6 0
7 10 5 7 0
7 10 5 8 0
7 10 5 9 0
7 10 5 10 0
7 10 5 11 0
7 10 5 12 0
7 10 5 13 0
7 10 5 14 0
7 10 5 15 0
7 10 6 0 0
7 10 6 1 0
7 10 6 2 0
7 10 6 3 0
7 10 6 4 0
7 10 6 5 0
7 10 6 6 0
7 10 6 7 0
7 10 6 8 0
7 10 6 9 0
7 10 6 10 0
7 10 6 11 0
7 10 6 12 0
7 10 6 13 0
7 10 6 14 0
7 10 6 15 0
7 10 7 0 0
7 10 7 1 0
7 10 7 2 0
7 10 7 3 0
7 10 7 4 0
7 10 7 5 0
7 10 7 6 0
7 10 7 7 0
7 10 7 8 0
7 10 7 9 0
7 10 7 10 0
7 10 7 11 0
7 10 7 12 0
7 10 7 13 0
7 10 7 14 0
7 10 7 15 0
7 10 8 0 0
7 10 8 1 0
7 10 8 2 0
7 10 8 3 0
7 10 8 4 0
7 10 8 5 0
7 10 8 6 0
7 10 8 7 0
7 10 8 8 0
7 10 8 9 0
7 10 8 10 0
7 10 8 11 0
7 10 8 12 0
7 10 8 13 0
7 10 8 14 0
7 10 8 15 0
7 10 9 0 0
7 10 9 1 0
7 10 9 2 0
7 10 9 3 0
7 10 9 4 0
7 10 9 5 0
7 10 9 6 0
7 10 9 7 0
7 10 9 8 0
7 10 9 9 0
7 10 9 10 0
7 10 9 11 0
7 10 9 12 0
7 10 9 13 0
7 10 9 14 0
7 10 9 15 0
7 10 10 0 0
7 10 10 1 0
7 10 10 2 0
7 10 10 3 0
7 10 10 4 0
7 10 10 5 0
7 10 10 6 0
7 10 10 7 0
7 10 10 8 0
7 10 10 9 0
7 10 10 10 0
7 10 10 11 0
7 10 10 12 0
7 10 10 13 0
7 10 10 14 0
7 10 10 15 0
7 10 11 0 0
7 10 11 1 0
7 10 11 2 0
7 10 11 3 0
7 10 11 4 0
7 10 11 5 0
7 10 11 6 0
7 10 11 7 0
7 10 11 8 0
7 10 11 9 0
7 10 11 10 0
7 10 11 11 0
7 10 11 12 0
7 10 11 13 0
7 10 11 14 0
7 10 11 15 0
7 10 12 0 0
7 10 12 1 0
7 10 12 2 0
7 10 12 3 0
7 10 12 4 0
7 10 12 5 0
7 10 12 6 0
7 10 12 7 0
7 10 12 8 0
7 10 12 9 0
7 10 12 10 0
7 10 12 11 0
7 10 12 12 0
7 10 12 13 0
7 10 12 14 0
7 10 12 15 0
7 10 13 0 0
7 10 13 1 0
7 10 13 2 0
7 10 13 3 0
7 10 13 4 0
7 10 13 5 0
7 10 13 6 0
7 10 13 7 0
7 10 13 8 0
7 10 13 9 0
7 10 13 10 0
7 10 13 11 0
7 10 13 12 0
7 10 13 13 0
7 10 13 14 0
7 10 13 15 0
7 10 14 0 0
7 10 14 1 0
7 10 14 2 0
7 10 14 3 0
7 10 14 4 0
7 10 14 5 0
7 10 14 6 0
7 10 14 7 0
7 10 14 8 0
7 10 14 9 0
7 10 14 10 0
7 10 14 11 0
7 10 14 12 0
7 10 14 13 0
7 10 14 14 0
7 10 14 15 0
7 10 15 0 0
7 10 15 1 0
7 10 15 2 0
7 10 15 3 0
7 10 15 4 0
7 10 15 5 0
7 10 15 6 0
7 10 15 7 0
7 10 15 8 0
7 10 15 9 0
7 10 15 10 0
7 10 15 11 0
7 10 15 12 0
7 10 15 13 0
7 10 15 14 0
7 10 15 15 0
7 11 0 0 0
7 11 0 1 0
7 11 0 2 0
7 11 0 3 0
7 11 0 4 0
7 11 0 5 0
7 11 0 6 0
7 11 0 7 0.0002635565204482543
7 11 0 8 0
7 11 0 9 0
7 11 0 10 0
7 11 0 11 0
7 11 0 12 0
7 11 0 13 0
7 11 0 14 0
7 11 0 15 0
7 11 1 0 0
7 11 1 1 0
7 11 1 2 0
7 11 1 3 0
7 11 1 4 0
7 11 1 5 0
7 11 1 6 0
7 11 1 7 0
7 11 1 8 0
7 11 1 9 0
7 11 1 10 0
7 11 1 11 0
7 11 1 12 0
7 11 1 13 0
7 11 1 14 0
7 11 1 15 0
7 11 2 0 0
7 11 2 1 0
7 11 2 2 0
7 11 2 3 0
7 11 2 4 0
7 11 2 5 0
7 11 2 6 0
7 11 2 7 0
7 11 2 8 0
7 11 2 9 0
7 11 2 10 0
7 11 2 11 0
7 11 2 12 0
7 11 2 13 0
7 11 2 14 0
7 11 2 15 0
7 11 3 0 0
7 11 3 1 0
7 11 3 2 0
7 11 3 3 0
7 11 3 4 0
7 11 3 5 0
7 11 3 6 0
7 11 3 7 0
7 11 3 8 0
7 11 3 9 0
7 11 3 10 0
7 11 3 11 0
7 11 3 12 0
7 11 3 13 0
7 11 3 14 0
7 11 3 15 0
7 11 4 0 0
7 11 4 1 0
7 11 4 2 0
7 11 4 3 0
7 11 4 4 0
7 11 4 5 0
7 11 4 6 0
7 11 4 7 0
7 11 4 8 0
7 11 4 9 0
7 11 4 10 0
7 11 4 11 0
7 11 4 12 0
7 11 4 13 0
7 11 4 14 0
7 11 4 15 0
7 11 5 0 0
7 11 5 1 0
7 11 5 2 0
7 11 5 3 0
7 11 5 4 0
7 11 5 5 0
7 11 5 6 0
7 11 5 7 0
7 11 5 8 0
7 11 5 9 0
7 11 5 10 0
7 11 5 11 0
7 11 5 12 0
7 11 5 13 0
7 11 5 14 0
7 11 5 15 0
7 11 6 0 0
7 11 6 1 0
7 11 6 2 0
7 11 6 3 0
7 11 6 4 0
7 11 6 5 0
7 11 6 6 0
7 11 6 7 0
7 11 6 8 0
7 11 6 9 0
7 11 6 10 0
7 11 6 11 0
7 11 6 12 0
7 11 6 13 0
7 11 6 14 0
7 11 6 15 0
7 11 7 0 -0.0005271130408965086
7 11 7 1 0
7 11 7 2 0
7 11 7 3 0
7 11 7 4 0
7 11 7 5 0
7 11 7 6 0
7 11 7 7 0
7 11 7 8 0
7 11 7 9 0
7 11 7 10 0
7 11 7 11 2.473466409520045e-05
7 11 7 12 0
7 11 7 13 0
7 11 7 14 0
7 11 7 15 0
7 11 8 0 0
7 11 8 1 0
7 11 8 2 0
7 11 8 3 0
7 11 8 4 0
7 11 8 5 0
7 11 8 6 0
7 11 8 7 0
7 11 8 8 0
7 11 8 9 0
7 11 8 10 0
7 11 8 11 0
7 11 8 12 0
7 11 8 13 0
7 11 8 14 0
7 11 8 15 0
7 11 9 0 0
7 11 9 1 0
7 11 9 2 0
7 11 9 3 0
7 11 9 4 0
7 11 9 5 0
7 11 9 6 0
7 11 9 7 0
7 11 9 8 0
7 11 9 9 0
7 11 9 10 0
7 11 9 11 0
7 11 9 12 0
7 11 9 13 0
7 11 9 14 0
7 11 9 15 0
7 11 10 0 0
7 11 10 1 0
7 11 10 2 0
7 11 10 3 0
7 11 10 4 0
7 11 10 5 0
7 11 10 6 0
7 11 10 7 0
7 11 10 8 0
7 11 10 9 0
7 11 10 10 0
7 11 10 11 0
7 11 10 12 0
7 11 10 13 0
7 11 10 14 0
7 11 10 15 0
7 11 11 0 0
7 11 11 1 0
7 11 11 2 0
7 11 11 3 0
7 11 11 4 0
7 11 11 5 0
7 11 11 6 0
7 11 11 7 -1.236733204760022e-05
7 11 11 8 0
7 11 11 9 0
7 11 11 10 0
7 11 11 11 0
7 11 11 12 0
7 11 11 13 0
7 11 11 14 0
7 11 11 15 0
7 11 12 0 0
7 11 12 1 0
7 11 12 2 0
7 11 12 3 0
7 11 12 4 0
7 11 12 5 0
7 11 12 6 0
7 11 12 7 0
7 11 12 8 0
7 11 12 9 0
7 11 12 10 0
7 11 12 11 0
7 11 12 12 0
7 11 12 13 0
7 11 12 14 0
7 11 12 15 0
7 11 13 0 0
7 11 13 1 0
7 11 13 2 0
7 11 13 3 0
7 11 13 4 0
7 11 13 5 0
7 11 13 6 0
7 11 13 7 0
7 11 13 8 0
7 11 13 9 0
7 11 13 10 0
7 11 13 11 0
7 11 13 12 0
7 11 13 13 0
7 11 13 14 0
7 11 13 15 0
7 11 14 0 0
7 11 14 1 0
7 11 14 2 0
7 11 14 3 0
7 11 14 4 0
7 11 14 5 0
7 11 14 6 0
7 11 14 7 0
7 11 14 8 0
7 11 14 9 0
7 11 14 10 0
7 11 14 11 0
7 11 14 12 0
7 11 14 13 0
7 11 14 14 0
7 11 14 15 0
7 11 15 0 0
7 11 15 1 0
7 11 15 2 0
7 11 15 3 0
7 11 15 4 0
7 11 15 5 0
7 11 15 6 0
7 11 15 7 0
7 11 15 8 0
7 11 15 9 0
7 11 15 10 0
7 11 15 11 0
7 11 15 12 0
7 11 15 13 0
7 11 15 14 0
7 11 15 15 0
7 12 0 0 0
7 12 0 1 0
7 12 0 2 0
7 12 0 3 0
7 12 0 4 0
7 12 0 5 0
7 12 0 6 0
7 12 0 7 0
7 12 0 8 0
7 12 0 9 0
7 12 0 10 0
7 12 0 11 0
7 12 0 12 0
7 12 0 13 0
7 12 0 14 0
7 12 0 15 0
7 12 1 0 0
7 12 1 1 0
7 12 1 2 0
7 12 1 3 0
7 12 1 4 0
7 12 1 5 0
7 12 1 6 0
7 12 1 7 0
7 12 1 8 0
7 12 1 9 0
7 12 1 10 0
7 12 1 11 0
7 12 1 12 0
7 12 1 13 0
7 12 1 14 0
7 12 1 15 0
7 12 2 0 0
7 12 2 1 0
7 12 2 2 0
7 12 2 3 0
7 12 2 4 0
7 12 2 5 0
7 12 2 6 0
7 12 2 7 0
7 12 2 8 0
7 12 2 9 0
7 12 2 10 0
7 12 2 11 0
7 12 2 12 0
7 12 2 13 0
7 12 2 14 0
7 12 2 15 0
7 12 3 0 0
7 12 3 1 0
7 12 3 2 0
7 12 3 3 0
7 12 3 4 0
7 12 3 5 0
7 12 3 6 0
7 12 3 7 0
7 12 3 8 0
7 12 3 9 0
7 12 3 10 0
7 12 3 11 0
7 12 3 12 0
7 12 3 13 0
7 12 3 14 0
7 12 3 15 0
7 12 4 0 0
7 12 4 1 0
7 12 4 2 0
7 12 4 3 0
7 12 4 4 0
7 12 4 5 0
7 12 4 6 0
7 12 4 7 0
7 12 4 8 0
7 12 4 9 0
7 12 4 10 0
7 12 4 11 0
7 12 4 12 0
7 12 4 13 0
7 12 4 14 0
7 12 4 15 0
7 12 5 0 0
7 12 5 1 0
7 12 5 2 0
7 12 5 3 0
7 12 5 4 0
7 12 5 5 0
7 12 5 6 0
7 12 5 7 0
7 12 5 8 0
7 12 5 9 0
7 12 5 10 0
7 12 5 11 0
7 12 5 12 0
7 12 5 13 0
7 12 5 14 0
7 12 5 15 0
7 12 6 0 0
7 12 6 1 0
7 12 6 2 0
7 12 6 3 0
7 12 6 4 0
7 12 6 5 0
7 12 6 6 0
7 12 6 7 0
7 12 6 8 0
7 12 6 9 0
7 12 6 10 0
7 12 6 11 0
7 12 6 12 0
7 12 6 13 0
7 12 6 14 0
7 12 6 15 0
7 12 7 0 0
7 12 7 1 0
7 12 7 2 0
7 12 7 3 0
7 12 7 4 0
7 12 7 5 0
7 12 7 6 0
7 12 7 7 0
7 12 7 8 0
7 12 7 9 0
7 12 7 10 0
7 12 7 11 0
7 12 7 12 0
7 12 7 13 0
7 12 7 14 0
7 12 7 15 0
7 12 8 0 0
7 12 8 1 0
7 12 8 2 0
7 12 8 3 0
7 12 8 4 0
7 12 8 5 0
7 12 8 6 0
7 12 8 7 0
7 12 8 8 0
7 12 8 9 0
7 12 8 10 0
7 12 8 11 0
7 12 8 12 0
7 12 8 13 0
7 12 8 14 0
7 12 8 15 0
7 12 9 0 0
7 12 9 1 0
7 12 9 2 0
7 12 9 3 0
7 12 9 4 0
7 12 9 5 0
7 12 9 6 0
7 12 9 7 0
7 12 9 8 0
7 12 9 9 0
7 12 9 10 0
7 12 9 11 0
7 12 9 12 0
7 12 9 13 0
7 12 9 14 0
7 12 9 15 0
7 12 10 0 0
7 12 10 1 0
7 12 10 2 0
7 12 10 3 0
7 12 10 4 0
7 12 10 5 0
7 12 10 6 0
7 12 10 7 0
7 12 10 8 0
7 12 10 9 0
7 12 10 10 0
7 12 10 11 0
7 12 10 12 0
7 12 10 13 0
7 12 10 14 0
7 12 10 15 0
7 12 11 0 0
7 12 11 1 0
7 12 11 2 0
7 12 11 3 0
7 12 11 4 0
7 12 11 5 0
7 12 11 6 0
7 12 11 7 0
7 12 11 8 0
7 12 11 9 0
7 12 11 10 0
7 12 11 11 0
7 12 11 12 0
7 12 11 13 0
7 12 11 14 0
7 12 11 15 0
7 12 12 0 0
7 12 12 1 0
7 12 12 2 0
7 12 12 3 0
7 12 12 4 0
7 12 12 5 0
7 12 12 6 0
7 12 12 7 0
7 12 12 8 0
7 12 12 9 0
7 12 12 10 0
7 12 12 11 0
7 12 12 12 0
7 12 12 13 0
7 12 12 14 0
7 12 12 15 0
7 12 13 0 0
7 12 13 1 0
7 12 13 2 0
7 12 13 3 0
7 12 13 4 0
7 12 13 5 0
7 12 13 6 0
7 12 13 7 0
7 12 13 8 0
7 12 13 9 0
7 12 13 10 0
7 12 13 11 0
7 12 13 12 0
7 12 13 13 0
7 12 13 14 0
7 12 13 15 0
7 12 14 0 0
7 12 14 1 0
7 12 14 2 0
7 12 14 3 0
7 12 14 4 0
7 12 14 5 0
7 12 14 6 0
7 12 14 7 0
7 12 14 8 0
7 12 14 9 0
7 12 14 10 0
7 12 14 11 0
7 12 14 12 0
7 12 14 13 0
7 12 14 14 0
7 12 14 15 0
7 12 15 0 0
7 12 15 1 0
7 12 15 2 0
7 12 15 3 0
7 12 15 4 0
7 12 15 5 0
7 12 15 6 0
7 12 15 7 0
7 12 15 8 0
7 12 15 9 0
7 12 15 10 0
7 12 15 11 0
7 12 15 12 0
7 12 15 13 0
7 12 15 14 0
7 12 15 15 0
7 13 0 0 0
7 13 0 1 0
7 13 0 2 0
7 13 0 3 0
7 13 0 4 0
7 13 0 5 0
7 13 0 6 0
7 13 0 7 0
7 13 0 8 0
7 13 0 9 0
7 13 0 10 0
7 13 0 11 0
7 13 0 12 0
7 13 0 13 0
7 13 0 14 0
7 13 0 15 0
7 13 1 0 0
7 13 1 1 0
7 13 1 2 0
7 13 1 3 0
7 13 1 4 0
7 13 1 5 0
7 13 1 6 0
7 13 1 7 0
7 13 1 8 0
7 13 1 9 0
7 13 1 10 0
7 13 1 11 0
7 13 1 12 0
7 13 1 13 0
7 13 1 14 0
7 13 1 15 0
7 13 2 0 0
7 13 2 1 0
7 13 2 2 0
7 13 2 3 0
7 13 2 4 0
7 13 2 5 0
7 13 2 6 0
7 13 2 7 0
7 13 2 8 0
7 13 2 9 0
7 13 2 10 0
7 13 2 11 0
7 13 2 12 0
7 13 2 13 0
7 13 2 14 0
7 13 2 15 0
7 13 3 0 0
7 13 3 1 0
7 13 3 2 0
7 13 3 3 0
7 13 3 4 0
7 13 3 5 0
7 13 3 6 0
7 13 3 7 0
7 13 3 8 0
7 13 3 9 0
7 13 3 10 0
7 13 3 11 0
7 13 3 12 0
7 13 3 13 0
7 13 3 14 0
7 13 3 15 0
7 13 4 0 0
7 13 4 1 0
7 13 4 2 0
7 13 4 3 0
7 13 4 4 0
7 13 4 5 0
7 13 4 6 0
7 13 4 7 0
7 13 4 8 0
7 13 4 9 0
7 13 4 10 0
7 13 4 11 0
7 13 4 12 0
7 13 4 13 0
7 13 4 14 0
7 13 4 15 0
7 13 5 0 0
7 13 5 1 0
7 13 5 2 0
7 13 5 3 0
7 13 5 4 0
7 13 5 5 0
7 13 5 6 0
7 13 5 7 0
7 13 5 8 0
7 13 5 9 0
7 13 5 10 0
7 13 5 11 0
7 13 5 12 0
7 13 5 13 0
7 13 5 14 0
7 13 5 15 0
7 13 6 0 0
7 13 6 1 0
7 13 6 2 0
7 13 6 3 0
7 13 6 4 0
7 13 6 5 0
7 13 6 6 0
7 13 6 7 0
7 13 6 8 0
7 13 6 9 0
7 13 6 10 0
7 13 6 11 0
7 13 6 12 0
7 13 6 13 0
7 13 6 14 0
7 13 6 15 0
7 13 7 0 0
7 13 7 1 0
7 13 7 2 0
7 13 7 3 0
7 13 7 4 0
7 13 7 5 0
7 13 7 6 0
7 13 7 7 0
7 13 7 8 0
7 13 7 9 0
7 13 7 10 0
7 13 7 11 0
7 13 7 12 0
7 13 7 13 0
7 13 7 14 0
7 13 7 15 0
7 13 8 0 0
7 13 8 1 0
7 13 8 2 0
7 13 8 3 0
7 13 8 4 0
7 13 8 5 0
7 13 8 6 0
7 13 8 7 0
7 13 8 8 0
7 13 8 9 0
7 13 8 10 0
7 13 8 11 0
7 13 8 12 0
7 13 8 13 0
7 13 8 14 0
7 13 8 15 0
7 13 9 0 0
7 13 9 1 0
7 13 9 2 0
7 13 9 3 0
7 13 9 4 0
7 13 9 5 0
7 13 9 6 0
7 13 9 7 0
7 13 9 8 0
7 13 9 9 0
7 13 9 10 0
7 13 9 11 0
7 13 9 12 0
7 13 9 13 0
7 13 9 14 0
7 13 9 15 0
7 13 10 0 0
7 13 10 1 0
7 13 10 2 0
7 13 10 3 0
7 13 10 4 0
7 13 10 5 0
7 13 10 6 0
7 13 10 7 0
7 13 10 8 0
7 13 10 9 0
7 13 10 10 0
7 13 10 11 0
7 13 10 12 0
7 13 10 13 0
7 13 10 14 0
7 13 10 15 0
7 13 11 0 0
7 13 11 1 0
7 13 11 2 0
7 13 11 3 0
7 13 11 4 0
7 13 11 5 0
7 13 11 6 0
7 13 11 7 0
7 13 11 8 0
7 13 11 9 0
7 13 11 10 0
7 13 11 11 0
7 13 11 12 0
7 13 11 13 0
7 13 11 14 0
7 13 11 15 0
7 13 12 0 0
7 13 12 1 0
7 13 12 2 0
7 13 12 3 0
7 13 12 4 0
7 13 12 5 0
7 13 12 6 0
7 13 12 7 0
7 13 12 8 0
7 13 12 9 0
7 13 12 10 0
7 13 12 11 0
7 13 12 12 0
7 13 12 13 0
7 13 12 14 0
7 13 12 15 0
7 13 13 0 0
7 13 13 1 0
7 13 13 2 0
7 13 13 3 0
7 13 13 4 0
7 13 13 5 0
7 13 13 6 0
7 13 13 7 0
7 13 13 8 0
7 13 13 9 0
7 13 13 10 0
7 13 13 11 0
7 13 13 12 0
7 13 13 13 0
7 13 13 14 0
7 13 13 15 0
7 13 14 0 0
7 13 14 1 0
7 13 14 2 0
7 13 14 3 0
7 13 14 4 0
7 13 14 5 0
7 13 14 6 0
7 13 14 7 0
7 13 14 8 0
7 13 14 9 0
7 13 14 10 0
7 13 14 11 0
7 13 14 12 0
7 13 14 13 0
7 13 14 14 0
7 13 14 15 0
7 13 15 0 0
7 13 15 1 0
7 13 15 2 0
7 13 15 3 0
7 13 15 4 0
7 13 15 5 0
7 13 15 6 0
7 13 15 7 0
7 13 15 8 0
7 13 15 9 0
7 13 15 10 0
7 13 15 11 0
7 13 15 12 0
7 13 15 13 0
7 13 15 14 0
7 13 15 15 0
7 14 0 0 0
7 14 0 1 0
7 14 0 2 0
7 14 0 3 0
7 14 0 4 0
7 14 0 5 0
7 14 0 6 0
7 14 0 7 0
7 14 0 8 0
7 14 0 9 0
7 14 0 10 0
7 14 0 11 0
7 14 0 12 0
7 14 0 13 0
7 14 0 14 0
7 14 0 15 0
7 14 1 0 0
7 14 1 1 0
7 14 1 2 0
7 14 1 3 0
7 14 1 4 0
7 14 1 5 0
7 14 1 6 0
7 14 1 7 0
7 14 1 8 0
7 14 1 9 0
7 14 1 10 0
7 14 1 11 0
7 14 1 12 0
7 14 1 13 0
7 14 1 14 0
7 14 1 15 0
7 14 2 0 0
7 14 2 1 0
7 14 2 2 0
7 14 2 3 0
7 14 2 4 0
7 14 2 5 0
7 14 2 6 0
7 14 2 7 0
7 14 2 8 0
7 14 2 9 0
7 14 2 10 0
7 14 2 11 0
7 14 2 12 0
7 14 2 13 0
7 14 2 14 0
7 14 2 15 0
7 14 3 0 0
7 14 3 1 0
7 14 3 2 0
7 14 3 3 0
7 14 3 4 0
7 14 3 5 0
7 14 3 6 0
7 14 3 7 0
7 14 3 8 0
7 14 3 9 0
7 14 3 10 0
7 14 3 11 0
7 14 3 12 0
7 14 3 13 0
7 14 3 14 0
7 14 3 15 0
7 14 4 0 0
7 14 4 1 0
7 14 4 2 0
7 14 4 3 0
7 14 4 4 0
7 14 4 5 0
7 14 4 6 0
7 14 4 7 0
7 14 4 8 0
7 14 4 9 0
7 14 4 10 0
7 14 4 11 0
7 14 4 12 0
7 14 4 13 0
7 14 4 14 0
7 14 4 15 0
7 14 5 0 0
7 14 5 1 0
7 14 5 2 0
7 14 5 3 0
7 14 5 4 0
7 14 5 5 0
7 14 5 6 0
7 14 5 7 0
7 14 5 8 0
7 14 5 9 0
7 14 5 10 0
7 14 5 11 0
7 14 5 12 0
7 14 5 13 0
7 14 5 14 0
7 14 5 15 0
7 14 6 0 0
7 14 6 1 0
7 14 6 2 0
7 14 6 3 0
7 14 6 4 0
7 14 6 5 0
7 14 6 6 0
7 14 6 7 0
7 14 6 8 0
7 14 6 9 0
7 14 6 10 0
7 14 6 11 0
7 14 6 12 0
7 14 6 13 0
7 14 6 14 0
7 14 6 15 0
7 14 7 0 0
7 14 7 1 0
7 14 7 2 0
7 14 7 3 0
7 14 7 4 0
7 14 7 5 0
7 14 7 6 0
7 14 7 7 0
7 14 7 8 0
7 14 7 9 0
7 14 7 10 0
7 14 7 11 0
7 14 7 12 0
7 14 7 13 0
7 14 7 14 0
7 14 7 15 0
7 14 8 0 0
7 14 8 1 0
7 14 8 2 0
7 14 8 3 0
7 14 8 4 0
7 14 8 5 0
7 14 8 6 0
7 14 8 7 0
7 14 8 8 0
7 14 8 9 0
7 14 8 10 0
7 14 8 11 0
7 14 8 12 0
7 14 8 13 0
7 14 8 14 0
7 14 8 15 0
7 14 9 0 0
7 14 9 1 0
7 14 9 2 0
7 14 9 3 0
7 14 9 4 0
7 14 9 5 0
7 14 9 6 0
7 14 9 7 0
7 14 9 8 0
7 14 9 9 0
7 14 9 10 0
7 14 9 11 0
7 14 9 12 0
7 14 9 13 0
7 14 9 14 0
7 14 9 15 0
7 14 10 0 0
7 14 10 1 0
7 14 10 2 0
7 14 10 3 0
7 14 10 4 0
7 14 10 5 0
7 14 10 6 0
7 14 10 7 0
7 14 10 8 0
7 14 10 9 0
7 14 10 10 0
7 14 10 11 0
7 14 10 12 0
7 14 10 13 0
7 14 10 14 0
7 14 10 15 0
7 14 11 0 0
7 14 11 1 0
7 14 11 2 0
7 14 11 3 0
7 14 11 4 0
7 14 11 5 0
7 14 11 6 0
7 14 11 7 0
7 14 11 8 0
7 14 11 9 0
7 14 11 10 0
7 14 11 11 0
7 14 11 12 0
7 14 11 13 0
7 14 11 14 0
7 14 11 15 0
7 14 12 0 0
7 14 12 1 0
7 14 12 2 0
7 14 12 3 0
7 14 12 4 0
7 14 12 5 0
7 14 12 6 0
7 14 12 7 0
7 14 12 8 0
7 14 12 9 0
7 14 12 10 0
7 14 12 11 0
7 14 12 12 0
7 14 12 13 0
7 14 12 14 0
7 14 12 15 0
7 14 13 0 0
7 14 13 1 0
7 14 13 2 0
7 14 13 3 0
7 14 13 4 0
7 14 13 5 0
7 14 13 6 0
7 14 13 7 0
7 14 13 8 0
7 14 13 9 0
7 14 13 10 0
7 14 13 11 0
7 14 13 12 0
7 14 13 13 0
7 14 13 14 0
7 14 13 15 0
7 14 14 0 0
7 14 14 1 0
7 14 14 2 0
7 14 14 3 0
7 14 14 4 0
7 14 14 5 0
7 14 14 6 0
7 14 14 7 0
7 14 14 8 0
7 14 14 9 0
7 14 14 10 0
7 14 14 11 0
7 14 14 12 0
7 14 14 13 0
7 14 14 14 0
7 14 14 15 0
7 14 15 0 0
7 14 15 1 0
7 14 15 2 0
7 14 15 3 0
7 14 15 4 0
7 14 15 5 0
7 14 15 6 0
7 14 15 7 0
7 14 15 8 0
7 14 15 9 0
7 14 15 10 0
7 14 15 11 0
7 14 15 12 0
7 14 15 13 0
7 14 15 14 0
7 14 15 15 0
7 15 0 0 0
7 15 0 1 0
7 15 0 2 0
7 15 0 3 0
7 15 0 4 0
7 15 0 5 0
7 15 0 6 0
7 15 0 7 0
7 15 0 8 0
7 15 0 9 0
7 15 0 10 0
7 15 0 11 0
7 15 0 12 0
7 15 0 13 0
7 15 0 14 0
7 15 0 15 0
7 15 1 0 0
7 15 1 1 0
7 15 1 2 0
7 15 1 3 0
7 15 1 4 0
7 15 1 5 0
7 15 1 6 0
7 15 1 7 0
7 15 1 8 0
7 15 1 9 0
7 15 1 10 0
7 15 1 11 0
7 15 1 12 0
7 15 1 13 0
7 15 1 14 0
7 15 1 15 0
7 15 2 0 0
7 15 2 1 0
7 15 2 2 0
7 15 2 3 0
7 15 2 4 0
7 15 2 5 0
7 15 2 6 0
7 15 2 7 0
7 15 2 8 0
7 15 2 9 0
7 15 2 10 0
7 15 2 11 0
7 15 2 12 0
7 15 2 13 0
7 15 2 14 0
7 15 2 15 0
7 15 3 0 0
7 15 3 1 0
7 15 3 2 0
7 15 3 3 0
7 15 3 4 0
7 15 3 5 0
7 15 3 6 0
7 15 3 7 0
7 15 3 8 0
7 15 3 9 0
7 15 3 10 0
7 15 3 11 0
7 15 3 12 0
7 15 3 13 0
7 15 3 14 0
7 15 3 15 0
7 15 4 0 0
7 15 4 1 0
7 15 4 2 0
7 15 4 3 0
7 15 4 4 0
7 15 4 5 0
7 15 4 6 0
7 15 4 7 0
7 15 4 8 0
7 15 4 9 0
7 15 4 10 0
7 15 4 11 0
7 15 4 12 0
7 15 4 13 0
7 15 4 14 0
7 15 4 15 0
7 15 5 0 0
7 15 5 1 0
7 15 5 2 0
7 15 5 3 0
7 15 5 4 0
7 15 5 5 0
7 15 5 6 0
7 15 5 7 0
7 15 5 8 0
7 15 5 9 0
7 15 5 10 0
7 15 5 11 0
7 15 5 12 0
7 15 5 13 0
7 15 5 14 0
7 15 5 15 0
7 15 6 0 0
7 15 6 1 0
7 15 6 2 0
7 15 6 3 0
7 15 6 4 0
7 15 6 5 0
7 15 6 6 0
7 15 6 7 0
7 15 6 8 0
7 15 6 9 0
7 15 6 10 0
7 15 6 11 0
7 15 6 12 0
7 15 6 13 0
7 15 6 14 0
7 15 6 15 0
7 15 7 0 0
7 15 7 1 0
7 15 7 2 0
7 15 7 3 0
7 15 7 4 0
7 15 7 5 0
7 15 7 6 0
7 15 7 7 0
7 15 7 8 0
7 15 7 9 0
7 15 7 10 0
7 15 7 11 0
7 15 7 12 0
7 15 7 13 0
7 15 7 14 0
7 15 7 15 0
7 15 8 0 0
7 15 8 1 0
7 15 8 2 0
7 15 8 3 0
7 15 8 4 0
7 15 8 5 0
7 15 8 6 0
7 15 8 7 0
7 15 8 8 0
7 15 8 9 0
7 15 8 10 0
7 15 8 11 0
7 15 8 12 0
7 15 8 13 0
7 15 8 14 0
7 15 8 15 0
7 15 9 0 0
7 15 9 1 0
7 15 9 2 0
7 15 9 3 0
7 15 9 4 0
7 15 9 5 0
7 15 9 6 0
7 15 9 7 0
7 15 9 8 0
7 15 9 9 0
7 15 9 10 0
7 15 9 11 0
7 15 9 12 0
7 15 9 13 0
7 15 9 14 0
7 15 9 15 0
7 15 10 0 0
7 15 10 1 0
7 15 10 2 0
7 15 10 3 0
7 15 10 4 0
7 15 10 5 0
7 15 10 6 0
7 15 10 7 0
7 15 10 8 0
7 15 10 9 0
7 15 10 10 0
7 15 10 11 0
7 15 10 12 0
7 15 10 13 0
7 15 10 14 0
7 15 10 15 0
7 15 11 0 0
7 15 11 1 0
7 15 11 2 0
7 15 11 3 0
7 15 11 4 0
7 15 11 5 0
7 15 11 6 0
7 15 11 7 0
7 15 11 8 0
7 15 11 9 0
7 15 11 10 0
7 15 11 11 0
7 15 11 12 0
7 15 11 13 0
7 15 11 14 0
7 15 11 15 0
7 15 12 0 0
7 15 12 1 0
7 15 12 2 0
7 15 12 3 0
7 15 12 4 0
7 15 12 5 0
7 15 12 6 0
7 15 12 7 0
7 15 12 8 0
7 15 12 9 0
7 15 12 10 0
7 15 12 11 0
7 15 12 12 0
7 15 12 13 0
7 15 12 14 0
7 15 12 15 0
7 15 13 0 0
7 15 13 1 0
7 15 13 2 0
7 15 13 3 0
7 15 13 4 0
7 15 13 5 0
7 15 13 6 0
7 15 13 7 0
7 15 13 8 0
7 15 13 9 0
7 15 13 10 0
7 15 13 11 0
7 15 13 12 0
7 15 13 13 0
7 15 13 14 0
7 15 13 15 0
7 15 14 0 0
7 15 14 1 0
7 15 14 2 0
7 15 14 3 0
7 15 14 4 0
7 15 14 5 0
7 15 14 6 0
7 15 14 7 0
7 15 14 8 0
7 15 14 9 0
7 15 14 10 0
7 15 14 11 0
7 15 14 12 0
7 15 14 13 0
7 15 14 14 0
7 15 14 15 0
7 15 15 0 0
7 15 15 1 0
7 15 15 2 0
7 15 15 3 0
7 15 15 4 0
7 15 15 5 0
7 15 15 6 0
7 15 15 7 0
7 15 15 8 0
7 15 15 9 0
7 15 15 10 0
7 15 15 11 0
7 15 15 12 0
7 15 15 13 0
7 15 15 14 0
7 15 15 15 0
8 0 0 0 0
8 0 0 1 0
8 0 0 2 0
8 0 0 3 -0.008883861676736608
8 0 0 4 0
8 0 0 5 0
8 0 0 6 0
8 0 0 7 0
8 0 0 8 -0.0006665440592788503
8 0 0 9 0
8 0 0 10 0
8 0 0 11 0
8 0 0 12 0
8 0 0 13 0
8 0 0 14 0
8 0 0 15 0
8 0 1 0 0
8 0 1 1 0
8 0 1 2 0
8 0 1 3 0
8 0 1 4 0
8 0 1 5 0
8 0 1 6 0
8 0 1 7 0
8 0 1 8 0
8 0 1 9 0
8 0 1 10 0
8 0 1 11 0
8 0 1 12 0
8 0 1 13 0
8 0 1 14 0
8 0 1 15 0
8 0 2 0 0
8 0 2 1 0
8 0 2 2 0
8 0 2 3 0
8 0 2 4 0
8 0 2 5 0
8 0 2 6 0
8 0 2 7 0
8 0 2 8 0
8 0 2 9 0
8 0 2 10 0
8 0 2 11 0
8 0 2 12 0
8 0 2 13 0
8 0 2 14 0
8 0 2 15 0
8 0 3 0 0.01776772335347322
8 0 3 1 0
8 0 3 2 0
8 0 3 3 0
8 0 3 4 0
8 0 3 5 0
8 0 3 6 0
8 0 3 7 0
8 0 3 8 0
8 0 3 9 0
8 0 3 10 0
8 0 3 11 -0.0001468000656992864
8 0 3 12 0
8 0 3 13 0
8 0 3 14 0
8 0 3 15 0
8 0 4 0 0
8 0 4 1 0
8 0 4 2 0
8 0 4 3 0
8 0 4 4 0
8 0 4 5 0
8 0 4 6 0
8 0 4 7 0
8 0 4 8 0
8 0 4 9 0
8 0 4 10 0
8 0 4 11 0
8 0 4 12 0
8 0 4 13 0
8 0 4 14 0
8 0 4 15 0
8 0 5 0 0
8 0 5 1 0
8 0 5 2 0
8 0 5 3 0
8 0 5 4 0
8 0 5 5 0
8 0 5 6 0
8 0 5 7 0
8 0 5 8 0
8 0 5 9 0
8 0 5 10 0
8 0 5 11 0
8 0 5 12 0
8 0 5 13 0
8 0 5 14 0
8 0 5 15 0
8 0 6 0 0
8 0 6 1 0
8 0 6 2 0
8 0 6 3 0
8 0 6 4 0
8 0 6 5 0
8 0 6 6 0
8 0 6 7 0
8 0 6 8 0
8 0 6 9 0
8 0 6 10 0
8 0 6 11 0
8 0 6 12 0
8 0 6 13 0
8 0 6 14 0
8 0 6 15 0
8 0 7 0 0
8 0 7 1 0
8 0 7 2 0
8 0 7 3 0
8 0 7 4 0
8 0 7 5 0
8 0 7 6 0
8 0 7 7 0
8 0 7 8 0
8 0 7 9 0
8 0 7 10 0
8 0 7 11 0
8 0 7 12 0
8 0 7 13 0
8 0 7 14 0
8 0 7 15 0
8 0 8 0 0.001333088118557701
8 0 8 1 0
8 0 8 2 0
8 0 8 3 0
8 0 8 4 0
8 0 8 5 0
8 0 8 6 0
8 0 8 7 0
8 0 8 8 0
8 0 8 9 0
8 0 8 10 0
8 0 8 11 0
8 0 8 12 0
8 0 8 13 0
8 0 8 14 0
8 0 8 15 0
8 0 9 0 0
8 0 9 1 0
8 0 9 2 0
8 0 9 3 0
8 0 9 4 0
8 0 9 5 0
8 0 9 6 0
8 0 9 7 0
8 0 9 8 0
8 0 9 9 0
8 0 9 10 0
8 0 9 11 0
8 0 9 12 0
8 0 9 13 0
8 0 9 14 0
8 0 9 15 0
8 0 10 0 0
8 0 10 1 0
8 0 10 2 0
8 0 10 3 0
8 0 10 4 0
8 0 10 5 0
8 0 10 6 0
8 0 10 7 0
8 0 10 8 0
8 0 10 9 0
8 0 10 10 0
8 0 10 11 0
8 0 10 12 0
8 0 10 13 0
8 0 10 14 0
8 0 10 15 0
8 0 11 0 0
8 0 11 1 0
8 0 11 2 0
8 0 11 3 -0.0001314830633689367
8 0 11 4 0
8 0 11 5 0
8 0 11 6 0
8 0 11 7 0
8 0 11 8 0
8 0 11 9 0
8 0 11 10 0
8 0 11 11 0
8 0 11 12 0
8 0 11 13 0
8 0 11 14 0
8 0 11 15 0
8 0 12 0 0
8 0 12 1 0
8 0 12 2 0
8 0 12 3 0
8 0 12 4 0
8 0 12 5 0
8 0 12 6 0
8 0 12 7 0
8 0 12 8 0
8 0 12 9 0
8 0 12 10 0
8 0 12 11 0
8 0 12 12 0
8 0 12 13 0
8 0 12 14 0
8 0 12 15 0
8 0 13 0 0
8 0 13 1 0
8 0 13 2 0
8 0 13 3 0
8 0 13 4 0
8 0 13 5 0
8 0 13 6 0
8 0 13 7 0
8 0 13 8 0
8 0 13 9 0
8 0 13 10 0
8 0 13 11 0
8 0 13 12 0
8 0 13 13 0
8 0 13 14 0
8 0 13 15 0
8 0 14 0 0
8 0 14 1 0
8 0 14 2 0
8 0 14 3 0
8 0 14 4 0
8 0 14 5 0
8 0 14 6 0
8 0 14 7 0
8 0 14 8 0
8 0 14 9 0
8 0 14 10 0
8 0 14 11 0
8 0 14 12 0
8 0 14 13 0
8 0 14 14 0
8 0 14 15 0
8 0 15 0 0
8 0 15 1 0
8 0 15 2 0
8 0 15 3 0
8 0 15 4 0
8 0 15 5 0
8 0 15 6 0
8 0 15 7 0
8 0 15 8 0
8 0 15 9 0
8 0 15 10 0
8 0 15 11 0
8 0 15 12 0
8 0 15 13 0
8 0 15 14 0
8 0 15 15 0
8 1 0 0 0
8 1 0 1 0
8 1 0 2 0
8 1 0 3 0
8 1 0 4 0
8 1 0 5 0
8 1 0 6 0
8 1 0 7 0
8 1 0 8 0
8 1 0 9 0
8 1 0 10 0
8 1 0 11 0
8 1 0 12 0
8 1 0 13 0
8 1 0 14 0
8 1 0 15 0
8 1 1 0 0
8 1 1 1 0
8 1 1 2 0
8 1 1 3 -0.008883861676736608
8 1 1 4 0
8 1 1 5 0
8 1 1 6 0
8 1 1 7 0
8 1 1 8 -0.0006665440592788503
8 1 1 9 0
8 1 1 10 0
8 1 1 11 0
8 1 1 12 0
8 1 1 13 0
8 1 1 14 0
8 1 1 15 0
8 1 2 0 0
8 1 2 1 0
8 1 2 2 0
8 1 2 3 0
8 1 2 4 0
8 1 2 5 0
8 1 2 6 0
8 1 2 7 0
8 1 2 8 0
8 1 2 9 0
8 1 2 10 0
8 1 2 11 0
8 1 2 12 0
8 1 2 13 0
8 1 2 14 0
8 1 2 15 0
8 1 3 0 0
8 1 3 1 0.01776772335347322
8 1 3 2 0
8 1 3 3 0
8 1 3 4 0
8 1 3 5 0
8 1 3 6 0
8 1 3 7 0
8 1 3 8 0
8 1 3 9 0
8 1 3 10 0
8 1 3 11 0
8 1 3 12 0
8 1 3 13 0
8 1 3 14 0
8 1 3 15 0.0001425926748137515
8 1 4 0 0
8 1 4 1 0
8 1 4 2 0
8 1 4 3 0
8 1 4 4 0
8 1 4 5 0
8 1 4 6 0
8 1 4 7 0
8 1 4 8 0
8 1 4 9 0
8 1 4 10 0
8 1 4 11 0
8 1 4 12 0
8 1 4 13 0
8 1 4 14 0
8 1 4 15 0
8 1 5 0 0
8 1 5 1 0
8 1 5 2 0
8 1 5 3 0
8 1 5 4 0
8 1 5 5 0
8 1 5 6 0
8 1 5 7 0
8 1 5 8 0
8 1 5 9 0
8 1 5 10 0
8 1 5 11 0
8 1 5 12 0
8 1 5 13 0
8 1 5 14 0
8 1 5 15 0
8 1 6 0 0
8 1 6 1 0
8 1 6 2 0
8 1 6 3 0
8 1 6 4 0
8 1 6 5 0
8 1 6 6 0
8 1 6 7 0
8 1 6 8 0
8 1 6 9 0
8 1 6 10 0
8 1 6 11 0
8 1 6 12 0
8 1 6 13 0
8 1 6 14 0
8 1 6 15 0
8 1 7 0 0
8 1 7 1 0
8 1 7 2 0
8 1 7 3 0
8 1 7 4 0
8 1 7 5 0
8 1 7 6 0
8 1 7 7 0
8 1 7 8 0
8 1 7 9 0
8 1 7 10 0
8 1 7 11 0
8 1 7 12 0
8 1 7 13 0
8 1 7 14 0
8 1 7 15 0
8 1 8 0 0
8 1 8 1 0.001333088118557701
8 1 8 2 0
8 1 8 3 0
8 1 8 4 0
8 1 8 5 0
8 1 8 6 0
8 1 8 7 0
8 1 8 8 0
8 1 8 9 0
8 1 8 10 0
8 1 8 11 0
8 1 8 12 0
8 1 8 13 0
8 1 8 14 0
8 1 8 15 0
8 1 9 0 0
8 1 9 1 0
8 1 9 2 0
8 1 9 3 0
8 1 9 4 0
8 1 9 5 0
8 1 9 6 0
8 1 9 7 0
8 1 9 8 0
8 1 9 9 0
8 1 9 10 0
8 1 9 11 0
8 1 9 12 0
8 1 9 13 0
8 1 9 14 0
8 1 9 15 0
8 1 10 0 0
8 1 10 1 0
8 1 10 2 0
8 1 10 3 0
8 1 10 4 0
8 1 10 5 0
8 1 10 6 0
8 1 10 7 0
8 1 10 8 0
8 1 10 9 0
8 1 10 10 0
8 1 10 11 0
8 1 10 12 0
8 1 10 13 0
8 1 10 14 0
8 1 10 15 0
8 1 11 0 0
8 1 11 1 0
8 1 11 2 0
8 1 11 3 0
8 1 11 4 0
8 1 11 5 0
8 1 11 6 0
8 1 11 7 0
8 1 11 8 0
8 1 11 9 0
8 1 11 10 0
8 1 11 11 0
8 1 11 12 0
8 1 11 13 0
8 1 11 14 0
8 1 11 15 0
8 1 12 0 0
8 1 12 1 0
8 1 12 2 0
8 1 12 3 0
8 1 12 4 0
8 1 12 5 0
8 1 12 6 0
8 1 12 7 0
8 1 12 8 0
8 1 12 9 0
8 1 12 10 0
8 1 12 11 0
8 1 12 12 0
8 1 12 13 0
8 1 12 14 0
8 1 12 15 0
8 1 13 0 0
8 1 13 1 0
8 1 13 2 0
8 1 13 3 0
8 1 13 4 0
8 1 13 5 0
8 1 13 6 0
8 1 13 7 0
8 1 13 8 0
8 1 13 9 0
8 1 13 10 0
8 1 13 11 0
8 1 13 12 0
8 1 13 13 0
8 1 13 14 0
8 1 13 15 0
8 1 14 0 0
8 1 14 1 0
8 1 14 2 0
8 1 14 3 0
8 1 14 4 0
8 1 14 5 0
8 1 14 6 0
8 1 14 7 0
8 1 14 8 0
8 1 14 9 0
8 1 14 10 0
8 1 14 11 0
8 1 14 12 0
8 1 14 13 0
8 1 14 14 0
8 1 14 15 0
8 1 15 0 0
8 1 15 1 0
8 1 15 2 0
8 1 15 3 -3.540405339169916e-05
8 1 15 4 0
8 1 15 5 0
8 1 15 6 0
8 1 15 7 0
8 1 15 8 0
8 1 15 9 0
8 1 15 10 0
8 1 15 11 0
8 1 15 12 0
8 1 15 13 0
8 1 15 14 0
8 1 15 15 0
8 2 0 0 0
8 2 0 1 0
8 2 0 2 0
8 2 0 3 0
8 2 0 4 0
8 2 0 5 0
8 2 0 6 0
8 2 0 7 0
8 2 0 8 0
8 2 0 9 0
8 2 0 10 0
8 2 0 11 0
8 2 0 12 0
8 2 0 13 0
8 2 0 14 0
8 2 0 15 0
8 2 1 0 0
8 2 1 1 0
8 2 1 2 0
8 2 1 3 0
8 2 1 4 0
8 2 1 5 0
8 2 1 6 0
8 2 1 7 0
8 2 1 8 0
8 2 1 9 0
8 2 1 10 0
8 2 1 11 0
8 2 1 12 0
8 2 1 13 0
8 2 1 14 0
8 2 1 15 0
8 2 2 0 0
8 2 2 1 0
8 2 2 2 0
8 2 2 3 -0.008883861676736608
8 2 2 4 0
8 2 2 5 0
8 2 2 6 0
8 2 2 7 0
8 2 2 8 -0.0006665440592788503
8 2 2 9 0
8 2 2 10 0
8 2 2 11 0
8 2 2 12 0
8 2 2 13 0
8 2 2 14 0
8 2 2 15 0
8 2 3 0 0
8 2 3 1 0
8 2 3 2 0.01776772335347322
8 2 3 3 0
8 2 3 4 0
8 2 3 5 0
8 2 3 6 0
8 2 3 7 0
8 2 3 8 0
8 2 3 9 0
8 2 3 10 0
8 2 3 11 -0.0001668128334196487
8 2 3 12 0
8 2 3 13 0
8 2 3 14 6.229112059910079e-05
8 2 3 15 0
8 2 4 0 0
8 2 4 1 0
8 2 4 2 0
8 2 4 3 0
8 2 4 4 0
8 2 4 5 0
8 2 4 6 0
8 2 4 7 0
8 2 4 8 0
8 2 4 9 0
8 2 4 10 0
8 2 4 11 0
8 2 4 12 0
8 2 4 13 0
8 2 4 14 0
8 2 4 15 0
8 2 5 0 0
8 2 5 1 0
8 2 5 2 0
8 2 5 3 0
8 2 5 4 0
8 2 5 5 0
8 2 5 6 0
8 2 5 7 0
8 2 5 8 0
8 2 5 9 0
8 2 5 10 0
8 2 5 11 0
8 2 5 12 0
8 2 5 13 0
8 2 5 14 0
8 2 5 15 0
8 2 6 0 0
8 2 6 1 0
8 2 6 2 0
8 2 6 3 0
8 2 6 4 0
8 2 6 5 0
8 2 6 6 0
8 2 6 7 2.602085213965211e-18
8 2 6 8 0
8 2 6 9 0
8 2 6 10 0
8 2 6 11 0
8 2 6 12 0
8 2 6 13 0
8 2 6 14 0
8 2 6 15 0
8 2 7 0 0
8 2 7 1 0
8 2 7 2 0
8 2 7 3 0
8 2 7 4 0
8 2 7 5 0
8 2 7 6 -0.01465878287263919
8 2 7 7 0
8 2 7 8 0
8 2 7 9 0
8 2 7 10 0
8 2 7 11 0
8 2 7 12 0
8 2 7 13 0
8 2 7 14 0
8 2 7 15 0
8 2 8 0 0
8 2 8 1 0
8 2 8 2 0.001333088118557701
8 2 8 3 0
8 2 8 4 0
8 2 8 5 0
8 2 8 6 0
8 2 8 7 0
8 2 8 8 0
8 2 8 9 0
8 2 8 10 0
8 2 8 11 0
8 2 8 12 0
8 2 8 13 0
8 2 8 14 0
8 2 8 15 0
8 2 9 0 0
8 2 9 1 0
8 2 9 2 0
8 2 9 3 0
8 2 9 4 0
8 2 9 5 0
8 2 9 6 0
8 2 9 7 0
8 2 9 8 0
8 2 9 9 0
8 2 9 10 0
8 2 9 11 0
8 2 9 12 0
8 2 9 13 0
8 2 9 14 0
8 2 9 15 0
8 2 10 0 0
8 2 10 1 0
8 2 10 2 0
8 2 10 3 0
8 2 10 4 0
8 2 10 5 0
8 2 10 6 0
8 2 10 7 0
8 2 10 8 0
8 2 10 9 0
8 2 10 10 0
8 2 10 11 0
8 2 10 12 0
8 2 10 13 0
8 2 10 14 0
8 2 10 15 0
8 2 11 0 0
8 2 11 1 0
8 2 11 2 0
8 2 11 3 2.134561845502522e-05
8 2 11 4 0
8 2 11 5 0
8 2 11 6 0
8 2 11 7 0
8 2 11 8 0
8 2 11 9 0
8 2 11 10 0
8 2 11 11 0
8 2 11 12 0
8 2 11 13 0
8 2 11 14 0
8 2 11 15 0
8 2 12 0 0
8 2 12 1 0
8 2 12 2 0
8 2 12 3 0
8 2 12 4 0
8 2 12 5 0
8 2 12 6 0
8 2 12 7 0
8 2 12 8 0
8 2 12 9 0
8 2 12 10 0
8 2 12 11 0
8 2 12 12 0
8 2 12 13 0
8 2 12 14 0
8 2 12 15 0
8 2 13 0 0
8 2 13 1 0
8 2 13 2 0
8 2 13 3 0
8 2 13 4 0
8 2 13 5 0
8 2 13 6 0
8 2 13 7 0
8 2 13 8 0
8 2 13 9 0
8 2 13 10 0
8 2 13 11 0
8 2 13 12 0
8 2 13 13 0
8 2 13 14 0
8 2 13 15 0
8 2 14 0 0
8 2 14 1 0
8 2 14 2 0
8 2 14 3 -6.577357458224095e-05
8 2 14 4 0
8 2 14 5 0
8 2 14 6 0
8 2 14 7 0
8 2 14 8 0
8 2 14 9 0
8 2 14 10 0
8 2 14 11 0
8 2 14 12 0
8 2 14 13 0
8 2 14 14 0
8 2 14 15 0
8 2 15 0 0
8 2 15 1 0
8 2 15 2 0
8 2 15 3 0
8 2 15 4 0
8 2 15 5 0
8 2 15 6 0
8 2 15 7 0
8 2 15 8 0
8 2 15 9 0
8 2 15 10 0
8 2 15 11 0
8 2 15 12 0
8 2 15 13 0
8 2 15 14 0
8 2 15 15 0
8 3 0 0 0
8 3 0 1 0
8 3 0 2 0
8 3 0 3 0
8 3 0 4 0
8 3 0 5 0
8 3 0 6 0
8 3 0 7 0
8 3 0 8 0
8 3 0 9 0
8 3 0 10 0
8 3 0 11 0
8 3 0 12 0
8 3 0 13 0
8 3 0 14 0
8 3 0 15 0
8 3 1 0 0
8 3 1 1 0
8 3 1 2 0
8 3 1 3 0
8 3 1 4 0
8 3 1 5 0
8 3 1 6 0
8 3 1 7 0
8 3 1 8 0
8 3 1 9 0
8 3 1 10 0
8 3 1 11 0
8 3 1 12 0
8 3 1 13 0
8 3 1 14 0
8 3 1 15 0
8 3 2 0 0
8 3 2 1 0
8 3 2 2 0
8 3 2 3 0
8 3 2 4 0
8 3 2 5 0
8 3 2 6 0
8 3 2 7 0
8 3 2 8 0
8 3 2 9 0
8 3 2 10 0
8 3 2 11 0
8 3 2 12 0
8 3 2 13 0
8 3 2 14 0
8 3 2 15 0
8 3 3 0 0
8 3 3 1 0
8 3 3 2 0
8 3 3 3 2.133162492287019e-17
8 3 3 4 0
8 3 3 5 0
8 3 3 6 0
8 3 3 7 0
8 3 3 8 2.702075012463288e-18
8 3 3 9 0
8 3 3 10 0
8 3 3 11 0
8 3 3 12 0
8 3 3 13 0
8 3 3 14 0
8 3 3 15 0
8 3 4 0 0
8 3 4 1 0
8 3 4 2 0
8 3 4 3 0
8 3 4 4 0
8 3 4 5 0
8 3 4 6 0
8 3 4 7 0
8 3 4 8 0
8 3 4 9 0
8 3 4 10 0
8 3 4 11 0
8 3 4 12 0
8 3 4 13 0
8 3 4 14 0
8 3 4 15 0
8 3 5 0 0
8 3 5 1 0
8 3 5 2 0
8 3 5 3 0
8 3 5 4 0
8 3 5 5 0
8 3 5 6 0
8 3 5 7 0
8 3 5 8 0
8 3 5 9 0
8 3 5 10 0
8 3 5 11 0
8 3 5 12 0
8 3 5 13 0
8 3 5 14 0
8 3 5 15 0
8 3 6 0 0
8 3 6 1 0
8 3 6 2 0
8 3 6 3 0
8 3 6 4 0
8 3 6 5 0
8 3 6 6 4.613340973017995e-19
8 3 6 7 0
8 3 6 8 0
8 3 6 9 0
8 3 6 10 0
8 3 6 11 0
8 3 6 12 0
8 3 6 13 -6.460410316156512e-20
8 3 6 14 0
8 3 6 15 0
8 3 7 0 0
8 3 7 1 0
8 3 7 2 0
8 3 7 3 0
8 3 7 4 0
8 3 7 5 0
8 3 7 6 0
8 3 7 7 0
8 3 7 8 0
8 3 7 9 0
8 3 7 10 0
8 3 7 11 0
8 3 7 12 0
8 3 7 13 0
8 3 7 14 0
8 3 7 15 0
8 3 8 0 0
8 3 8 1 0
8 3 8 2 0
8 3 8 3 2.70927666079099e-18
8 3 8 4 0
8 3 8 5 0
8 3 8 6 0
8 3 8 7 0
8 3 8 8 0
8 3 8 9 0
8 3 8 10 0
8 3 8 11 0
8 3 8 12 0
8 3 8 13 0
8 3 8 14 0
8 3 8 15 0
8 3 9 0 0
8 3 9 1 0
8 3 9 2 0
8 3 9 3 0
8 3 9 4 0
8 3 9 5 0
8 3 9 6 0
8 3 9 7 0
8 3 9 8 0
8 3 9 9 0
8 3 9 10 0
8 3 9 11 0
8 3 9 12 0
8 3 9 13 0
8 3 9 14 0
8 3 9 15 0
8 3 10 0 0
8 3 10 1 0
8 3 10 2 0
8 3 10 3 0
8 3 10 4 0
8 3 10 5 0
8 3 10 6 0
8 3 10 7 0
8 3 10 8 0
8 3 10 9 0
8 3 10 10 0
8 3 10 11 0
8 3 10 12 0
8 3 10 13 0
8 3 10 14 0
8 3 10 15 0
8 3 11 0 0
8 3 11 1 0
8 3 11 2 0
8 3 11 3 0
8 3 11 4 0
8 3 11 5 0
8 3 11 6 0
8 3 11 7 0
8 3 11 8 0
8 3 11 9 0
8 3 11 10 0
8 3 11 11 0
8 3 11 12 0
8 3 11 13 0
8 3 11 14 0
8 3 11 15 0
8 3 12 0 0
8 3 12 1 0
8 3 12 2 0
8 3 12 3 0
8 3 12 4 0
8 3 12 5 0
8 3 12 6 0
8 3 12 7 0
8 3 12 8 0
8 3 12 9 0
8 3 12 10 0
8 3 12 11 0
8 3 12 12 0
8 3 12 13 0
8 3 12 14 0
8 3 12 15 0
8 3 13 0 0
8 3 13 1 0
8 3 13 2 0
8 3 13 3 0
8 3 13 4 0
8 3 13 5 0
8 3 13 6 -7.348056372870363e-20
8 3 13 7 0
8 3 13 8 0
8 3 13 9 0
8 3 13 10 0
8 3 13 11 0
8 3 13 12 0
8 3 13 13 0
8 3 13 14 0
8 3 13 15 0
8 3 14 0 0
8 3 14 1 0
8 3 14 2 0
8 3 14 3 0
8 3 14 4 0
8 3 14 5 0
8 3 14 6 0
8 3 14 7 0
8 3 14 8 0
8 3 14 9 0
8 3 14 10 0
8 3 14 11 0
8 3 14 12 0
8 3 14 13 0
8 3 14 14 0
8 3 14 15 0
8 3 15 0 0
8 3 15 1 0
8 3 15 2 0
8 3 15 3 0
8 3 15 4 0
8 3 15 5 0
8 3 15 6 0
8 3 15 7 0
8 3 15 8 0
8 3 15 9 0
8 3 15 10 0
8 3 15 11 0
8 3 15 12 0
8 3 15 13 0
8 3 15 14 0
8 3 15 15 0
8 4 0 0 0
8 4 0 1 0
8 4 0 2 0
8 4 0 3 0
8 4 0 4 0
8 4 0 5 0
8 4 0 6 0
8 4 0 7 0
8 4 0 8 0
8 4 0 9 0
8 4 0 10 0
8 4 0 11 0
8 4 0 12 0
8 4 0 13 0
8 4 0 14 0
8 4 0 15 0
8 4 1 0 0
8 4 1 1 0
8 4 1 2 0
8 4 1 3 0
8 4 1 4 0
8 4 1 5 0
8 4 1 6 0
8 4 1 7 0
8 4 1 8 0
8 4 1 9 0
8 4 1 10 0
8 4 1 11 0
8 4 1 12 0
8 4 1 13 0
8 4 1 14 0
8 4 1 15 0
8 4 2 0 0
8 4 2 1 0
8 4 2 2 0
8 4 2 3 0
8 4 2 4 0
8 4 2 5 0
8 4 2 6 0
8 4 2 7 0
8 4 2 8 0
8 4 2 9 0
8 4 2 10 0
8 4 2 11 0
8 4 2 12 0
8 4 2 13 0
8 4 2 14 0
8 4 2 15 0
8 4 3 0 0
8 4 3 1 0
8 4 3 2 0
8 4 3 3 0
8 4 3 4 0.00888386167673663
8 4 3 5 0
8 4 3 6 0
8 4 3 7 0
8 4 3 8 0
8 4 3 9 0.0007533828639158843
8 4 3 10 0
8 4 3 11 0
8 4 3 12 0
8 4 3 13 0
8 4 3 14 0
8 4 3 15 0
8 4 4 0 0
8 4 4 1 0
8 4 4 2 0
8 4 4 3 -0.008883861676736606
8 4 4 4 0
8 4 4 5 0
8 4 4 6 0
8 4 4 7 0
8 4 4 8 -0.0006665440592788478
8 4 4 9 0
8 4 4 10 0
8 4 4 11 0
8 4 4 12 0
8 4 4 13 0
8 4 4 14 0
8 4 4 15 0
8 4 5 0 0
8 4 5 1 0
8 4 5 2 0
8 4 5 3 0
8 4 5 4 0
8 4 5 5 0
8 4 5 6 1.34315414966289e-17
8 4 5 7 0
8 4 5 8 0
8 4 5 9 0
8 4 5 10 0
8 4 5 11 0
8 4 5 12 0
8 4 5 13 1.726129486233862e-18
8 4 5 14 0
8 4 5 15 0
8 4 6 0 0
8 4 6 1 0
8 4 6 2 0
8 4 6 3 0
8 4 6 4 0
8 4 6 5 -5.694558870613349e-18
8 4 6 6 0
8 4 6 7 0
8 4 6 8 0
8 4 6 9 0
8 4 6 10 0
8 4 6 11 0
8 4 6 12 -1.630084852223449e-18
8 4 6 13 0
8 4 6 14 0
8 4 6 15 0
8 4 7 0 0
8 4 7 1 0
8 4 7 2 0
8 4 7 3 0
8 4 7 4 0
8 4 7 5 0
8 4 7 6 0
8 4 7 7 0
8 4 7 8 0
8 4 7 9 0
8 4 7 10 0
8 4 7 11 0
8 4 7 12 0
8 4 7 13 0
8 4 7 14 0
8 4 7 15 0
8 4 8 0 0
8 4 8 1 0
8 4 8 2 0
8 4 8 3 0
8 4 8 4 0.000666544059278851
8 4 8 5 0
8 4 8 6 0
8 4 8 7 0
8 4 8 8 0
8 4 8 9 0
8 4 8 10 0
8 4 8 11 0
8 4 8 12 0
8 4 8 13 0
8 4 8 14 0
8 4 8 15 0
8 4 9 0 0
8 4 9 1 0
8 4 9 2 0
8 4 9 3 -0.0007533828639158829
8 4 9 4 0
8 4 9 5 0
8 4 9 6 0
8 4 9 7 0
8 4 9 8 0
8 4 9 9 0
8 4 9 10 0
8 4 9 11 0
8 4 9 12 0
8 4 9 13 0
8 4 9 14 0
8 4 9 15 0
8 4 10 0 0
8 4 10 1 0
8 4 10 2 0
8 4 10 3 0
8 4 10 4 0
8 4 10 5 0
8 4 10 6 0
8 4 10 7 0
8 4 10 8 0
8 4 10 9 0
8 4 10 10 0
8 4 10 11 0
8 4 10 12 0
8 4 10 13 0
8 4 10 14 0
8 4 10 15 0
8 4 11 0 0
8 4 11 1 0
8 4 11 2 0
8 4 11 3 0
8 4 11 4 0
8 4 11 5 0
8 4 11 6 0
8 4 11 7 0
8 4 11 8 0
8 4 11 9 0
8 4 11 10 0
8 4 11 11 0
8 4 11 12 0
8 4 11 13 0
8 4 11 14 0
8 4 11 15 0
8 4 12 0 0
8 4 12 1 0
8 4 12 2 0
8 4 12 3 0
8 4 12 4 0
8 4 12 5 0
8 4 12 6 1.601795076556918e-18
8 4 12 7 0
8 4 12 8 0
8 4 12 9 0
8 4 12 10 0
8 4 12 11 0
8 4 12 12 0
8 4 12 13 0
8 4 12 14 0
8 4 12 15 0
8 4 13 0 0
8 4 13 1 0
8 4 13 2 0
8 4 13 3 0
8 4 13 4 0
8 4 13 5 -1.660588660810009e-18
8 4 13 6 0
8 4 13 7 0
8 4 13 8 0
8 4 13 9 0
8 4 13 10 0
8 4 13 11 0
8 4 13 12 0
8 4 13 13 0
8 4 13 14 0
8 4 13 15 0
8 4 14 0 0
8 4 14 1 0
8 4 14 2 0
8 4 14 3 0
8 4 14 4 0
8 4 14 5 0
8 4 14 6 0
8 4 14 7 0
8 4 14 8 0
8 4 14 9 0
8 4 14 10 0
8 4 14 11 0
8 4 14 12 0
8 4 14 13 0
8 4 14 14 0
8 4 14 15 0
8 4 15 0 0
8 4 15 1 0
8 4 15 2 0
8 4 15 3 0
8 4 15 4 0
8 4 15 5 0
8 4 15 6 0
8 4 15 7 0
8 4 15 8 0
8 4 15 9 0
8 4 15 10 0
8 4 15 11 0
8 4 15 12 0
8 4 15 13 0
8 4 15 14 0
8 4 15 15 0
8 5 0 0 0
8 5 0 1 0
8 5 0 2 0
8 5 0 3 0
8 5 0 4 0
8 5 0 5 0
8 5 0 6 0
8 5 0 7 0
8 5 0 8 0
8 5 0 9 0
8 5 0 10 0
8 5 0 11 0
8 5 0 12 0
8 5 0 13 0
8 5 0 14 0
8 5 0 15 0
8 5 1 0 0
8 5 1 1 0
8 5 1 2 0
8 5 1 3 0
8 5 1 4 0
8 5 1 5 0
8 5 1 6 0
8 5 1 7 0
8 5 1 8 0
8 5 1 9 0
8 5 1 10 0
8 5 1 11 0
8 5 1 12 0
8 5 1 13 0
8 5 1 14 0
8 5 1 15 0
8 5 2 0 0
8 5 2 1 0
8 5 2 2 0
8 5 2 3 0
8 5 2 4 0
8 5 2 5 0
8 5 2 6 0
8 5 2 7 0
8 5 2 8 0
8 5 2 9 0
8 5 2 10 0
8 5 2 11 0
8 5 2 12 0
8 5 2 13 0
8 5 2 14 0
8 5 2 15 0
8 5 3 0 0
8 5 3 1 0
8 5 3 2 0
8 5 3 3 0
8 5 3 4 0
8 5 3 5 0.008883861676736585
8 5 3 6 0
8 5 3 7 0
8 5 3 8 0
8 5 3 9 0
8 5 3 10 0
8 5 3 11 0
8 5 3 12 0.0006901628897877613
8 5 3 13 0
8 5 3 14 0
8 5 3 15 0
8 5 4 0 0
8 5 4 1 0
8 5 4 2 0
8 5 4 3 0
8 5 4 4 0
8 5 4 5 0
8 5 4 6 -6.679615058555974e-18
8 5 4 7 0
8 5 4 8 0
8 5 4 9 0
8 5 4 10 0
8 5 4 11 0
8 5 4 12 0
8 5 4 13 5.823722935855397e-20
8 5 4 14 0
8 5 4 15 0
8 5 5 0 0
8 5 5 1 0
8 5 5 2 0
8 5 5 3 -0.008883861676736583
8 5 5 4 0
8 5 5 5 0
8 5 5 6 0
8 5 5 7 0
8 5 5 8 -0.0006665440592788475
8 5 5 9 0
8 5 5 10 0
8 5 5 11 0
8 5 5 12 0
8 5 5 13 0
8 5 5 14 0
8 5 5 15 0
8 5 6 0 0
8 5 6 1 0
8 5 6 2 0
8 5 6 3 0
8 5 6 4 -4.571635068259833e-18
8 5 6 5 0
8 5 6 6 0
8 5 6 7 0
8 5 6 8 0
8 5 6 9 8.700352374269632e-19
8 5 6 10 0
8 5 6 11 0
8 5 6 12 0
8 5 6 13 0
8 5 6 14 0
8 5 6 15 0
8 5 7 0 0
8 5 7 1 0
8 5 7 2 0
8 5 7 3 0
8 5 7 4 0
8 5 7 5 0
8 5 7 6 0
8 5 7 7 0
8 5 7 8 0
8 5 7 9 0
8 5 7 10 0
8 5 7 11 0
8 5 7 12 0
8 5 7 13 0
8 5 7 14 0
8 5 7 15 0
8 5 8 0 0
8 5 8 1 0
8 5 8 2 0
8 5 8 3 0
8 5 8 4 0
8 5 8 5 0.0006665440592788499
8 5 8 6 0
8 5 8 7 0
8 5 8 8 0
8 5 8 9 0
8 5 8 10 0
8 5 8 11 0
8 5 8 12 0
8 5 8 13 0
8 5 8 14 0
8 5 8 15 0
8 5 9 0 0
8 5 9 1 0
8 5 9 2 0
8 5 9 3 0
8 5 9 4 0
8 5 9 5 0
8 5 9 6 -7.535022136762517e-19
8 5 9 7 0
8 5 9 8 0
8 5 9 9 0
8 5 9 10 0
8 5 9 11 0
8 5 9 12 0
8 5 9 13 0
8 5 9 14 0
8 5 9 15 0
8 5 10 0 0
8 5 10 1 0
8 5 10 2 0
8 5 10 3 0
8 5 10 4 0
8 5 10 5 0
8 5 10 6 0
8 5 10 7 0
8 5 10 8 0
8 5 10 9 0
8 5 10 10 0
8 5 10 11 0
8 5 10 12 0
8 5 10 13 0
8 5 10 14 0
8 5 10 15 0
8 5 11 0 0
8 5 11 1 0
8 5 11 2 0
8 5 11 3 0
8 5 11 4 0
8 5 11 5 0
8 5 11 6 0
8 5 11 7 0
8 5 11 8 0
8 5 11 9 0
8 5 11 10 0
8 5 11 11 0
8 5 11 12 0
8 5 11 13 0
8 5 11 14 0
8 5 11 15 0
8 5 12 0 0
8 5 12 1 0
8 5 12 2 0
8 5 12 3 -0.0006901628897877607
8 5 12 4 0
8 5 12 5 0
8 5 12 6 0
8 5 12 7 0
8 5 12 8 0
8 5 12 9 0
8 5 12 10 0
8 5 12 11 0
8 5 12 12 0
8 5 12 13 0
8 5 12 14 0
8 5 12 15 0
8 5 13 0 0
8 5 13 1 0
8 5 13 2 0
8 5 13 3 0
8 5 13 4 -1.379291356458322e-18
8 5 13 5 0
8 5 13 6 0
8 5 13 7 0
8 5 13 8 0
8 5 13 9 0
8 5 13 10 0
8 5 13 11 0
8 5 13 12 0
8 5 13 13 0
8 5 13 14 0
8 5 13 15 0
8 5 14 0 0
8 5 14 1 0
8 5 14 2 0
8 5 14 3 0
8 5 14 4 0
8 5 14 5 0
8 5 14 6 0
8 5 14 7 0
8 5 14 8 0
8 5 14 9 0
8 5 14 10 0
8 5 14 11 0
8 5 14 12 0
8 5 14 13 0
8 5 14 14 0
8 5 14 15 0
8 5 15 0 0
8 5 15 1 0
8 5 15 2 0
8 5 15 3 0
8 5 15 4 0
8 5 15 5 0
8 5 15 6 0
8 5 15 7 0
8 5 15 8 0
8 5 15 9 0
8 5 15 10 0
8 5 15 11 0
8 5 15 12 0
8 5 15 13 0
8 5 15 14 0
8 5 15 15 0
8 6 0 0 0
8 6 0 1 0
8 6 0 2 0
8 6 0 3 0
8 6 0 4 0
8 6 0 5 0
8 6 0 6 0
8 6 0 7 0
8 6 0 8 0
8 6 0 9 0
8 6 0 10 0
8 6 0 11 0
8 6 0 12 0
8 6 0 13 0
8 6 0 14 0
8 6 0 15 0
8 6 1 0 0
8 6 1 1 0
8 6 1 2 0
8 6 1 3 0
8 6 1 4 0
8 6 1 5 0
8 6 1 6 0
8 6 1 7 0
8 6 1 8 0
8 6 1 9 0
8 6 1 10 0
8 6 1 11 0
8 6 1 12 0
8 6 1 13 0
8 6 1 14 0
8 6 1 15 0
8 6 2 0 0
8 6 2 1 0
8 6 2 2 0
8 6 2 3 0
8 6 2 4 0
8 6 2 5 0
8 6 2 6 0
8 6 2 7 0
8 6 2 8 0
8 6 2 9 0
8 6 2 10 0
8 6 2 11 0
8 6 2 12 0
8 6 2 13 0
8 6 2 14 0
8 6 2 15 0
8 6 3 0 0
8 6 3 1 0
8 6 3 2 0
8 6 3 3 0
8 6 3 4 0
8 6 3 5 0
8 6 3 6 0.008883861676736587
8 6 3 7 0
8 6 3 8 0
8 6 3 9 0
8 6 3 10 0
8 6 3 11 0
8 6 3 12 0
8 6 3 13 0.0006174379304241597
8 6 3 14 0
8 6 3 15 0
8 6 4 0 0
8 6 4 1 0
8 6 4 2 0
8 6 4 3 0
8 6 4 4 0
8 6 4 5 0
8 6 4 6 0
8 6 4 7 0
8 6 4 8 0
8 6 4 9 0
8 6 4 10 0
8 6 4 11 0
8 6 4 12 0
8 6 4 13 0
8 6 4 14 0
8 6 4 15 0
8 6 5 0 0
8 6 5 1 0
8 6 5 2 0
8 6 5 3 0
8 6 5 4 0
8 6 5 5 0
8 6 5 6 0
8 6 5 7 0
8 6 5 8 0
8 6 5 9 0
8 6 5 10 0
8 6 5 11 0
8 6 5 12 0
8 6 5 13 0
8 6 5 14 0
8 6 5 15 0
8 6 6 0 0
8 6 6 1 0
8 6 6 2 0
8 6 6 3 -0.008883861676736594
8 6 6 4 0
8 6 6 5 0
8 6 6 6 0
8 6 6 7 0
8 6 6 8 -0.0006665440592788472
8 6 6 9 0
8 6 6 10 0
8 6 6 11 0
8 6 6 12 0
8 6 6 13 0
8 6 6 14 0
8 6 6 15 0
8 6 7 0 0
8 6 7 1 0
8 6 7 2 0
8 6 7 3 0
8 6 7 4 0
8 6 7 5 0
8 6 7 6 0
8 6 7 7 0
8 6 7 8 0
8 6 7 9 0
8 6 7 10 0
8 6 7 11 0
8 6 7 12 0
8 6 7 13 0
8 6 7 14 0
8 6 7 15 0
8 6 8 0 0
8 6 8 1 0
8 6 8 2 0
8 6 8 3 0
8 6 8 4 0
8 6 8 5 0
8 6 8 6 0.0006665440592788477
8 6 8 7 0
8 6 8 8 0
8 6 8 9 0
8 6 8 10 0
8 6 8 11 0
8 6 8 12 0
8 6 8 13 0
8 6 8 14 0
8 6 8 15 0
8 6 9 0 0
8 6 9 1 0
8 6 9 2 0
8 6 9 3 0
8 6 9 4 0
8 6 9 5 0
8 6 9 6 0
8 6 9 7 0
8 6 9 8 0
8 6 9 9 0
8 6 9 10 0
8 6 9 11 0
8 6 9 12 0
8 6 9 13 0
8 6 9 14 0
8 6 9 15 0
8 6 10 0 0
8 6 10 1 0
8 6 10 2 0
8 6 10 3 0
8 6 10 4 0
8 6 10 5 0
8 6 10 6 0
8 6 10 7 0
8 6 10 8 0
8 6 10 9 0
8 6 10 10 0
8 6 10 11 0
8 6 10 12 0
8 6 10 13 0
8 6 10 14 0
8 6 10 15 0
8 6 11 0 0
8 6 11 1 0
8 6 11 2 0
8 6 11 3 0
8 6 11 4 0
8 6 11 5 0
8 6 11 6 0
8 6 11 7 0
8 6 11 8 0
8 6 11 9 0
8 6 11 10 0
8 6 11 11 0
8 6 11 12 0
8 6 11 13 0
8 6 11 14 0
8 6 11 15 0
8 6 12 0 0
8 6 12 1 0
8 6 12 2 0
8 6 12 3 0
8 6 12 4 0
8 6 12 5 0
8 6 12 6 0
8 6 12 7 0
8 6 12 8 0
8 6 12 9 0
8 6 12 10 0
8 6 12 11 0
8 6 12 12 0
8 6 12 13 0
8 6 12 14 0
8 6 12 15 0
8 6 13 0 0
8 6 13 1 0
8 6 13 2 0
8 6 13 3 -0.0006174379304241597
8 6 13 4 0
8 6 13 5 0
8 6 13 6 0
8 6 13 7 0
8 6 13 8 0
8 6 13 9 0
8 6 13 10 0
8 6 13 11 0
8 6 13 12 0
8 6 13 13 0
8 6 13 14 0
8 6 13 15 0
8 6 14 0 0
8 6 14 1 0
8 6 14 2 0
8 6 14 3 0
8 6 14 4 0
8 6 14 5 0
8 6 14 6 0
8 6 14 7 0
8 6 14 8 0
8 6 14 9 0
8 6 14 10 0
8 6 14 11 0
8 6 14 12 0
8 6 14 13 0
8 6 14 14 0
8 6 14 15 0
8 6 15 0 0
8 6 15 1 0
8 6 15 2 0
8 6 15 3 0
8 6 15 4 0
8 6 15 5 0
8 6 15 6 0
8 6 15 7 0
8 6 15 8 0
8 6 15 9 0
8 6 15 10 0
8 6 15 11 0
8 6 15 12 0
8 6 15 13 0
8 6 15 14 0
8 6 15 15 0
8 7 0 0 0
8 7 0 1 0
8 7 0 2 0
8 7 0 3 0
8 7 0 4 0
8 7 0 5 0
8 7 0 6 0
8 7 0 7 0
8 7 0 8 0
8 7 0 9 0
8 7 0 10 0
8 7 0 11 0
8 7 0 12 0
8 7 0 13 0
8 7 0 14 0
8 7 0 15 0
8 7 1 0 0
8 7 1 1 0
8 7 1 2 0
8 7 1 3 0
8 7 1 4 0
8 7 1 5 0
8 7 1 6 0
8 7 1 7 0
8 7 1 8 0
8 7 1 9 0
8 7 1 10 0
8 7 1 11 0
8 7 1 12 0
8 7 1 13 0
8 7 1 14 0
8 7 1 15 0
8 7 2 0 0
8 7 2 1 0
8 7 2 2 0
8 7 2 3 0
8 7 2 4 0
8 7 2 5 0
8 7 2 6 0
8 7 2 7 0
8 7 2 8 0
8 7 2 9 0
8 7 2 10 0
8 7 2 11 0
8 7 2 12 0
8 7 2 13 0
8 7 2 14 0
8 7 2 15 0
8 7 3 0 0
8 7 3 1 0
8 7 3 2 0
8 7 3 3 0
8 7 3 4 0
8 7 3 5 0
8 7 3 6 0
8 7 3 7 0
8 7 3 8 0
8 7 3 9 0
8 7 3 10 0
8 7 3 11 0
8 7 3 12 0
8 7 3 13 0
8 7 3 14 0
8 7 3 15 0
8 7 4 0 0
8 7 4 1 0
8 7 4 2 0
8 7 4 3 0
8 7 4 4 0
8 7 4 5 0
8 7 4 6 0
8 7 4 7 0
8 7 4 8 0
8 7 4 9 0
8 7 4 10 0
8 7 4 11 0
8 7 4 12 0
8 7 4 13 0
8 7 4 14 0
8 7 4 15 0
8 7 5 0 0
8 7 5 1 0
8 7 5 2 0
8 7 5 3 0
8 7 5 4 0
8 7 5 5 0
8 7 5 6 0
8 7 5 7 0
8 7 5 8 0
8 7 5 9 0
8 7 5 10 0
8 7 5 11 0
8 7 5 12 0
8 7 5 13 0
8 7 5 14 0
8 7 5 15 0
8 7 6 0 0
8 7 6 1 0
8 7 6 2 0
8 7 6 3 0
8 7 6 4 0
8 7 6 5 0
8 7 6 6 0
8 7 6 7 0
8 7 6 8 0
8 7 6 9 0
8 7 6 10 0
8 7 6 11 0
8 7 6 12 0
8 7 6 13 0
8 7 6 14 0
8 7 6 15 0
8 7 7 0 0
8 7 7 1 0
8 7 7 2 0
8 7 7 3 0
8 7 7 4 0
8 7 7 5 0
8 7 7 6 0
8 7 7 7 0
8 7 7 8 0
8 7 7 9 0
8 7 7 10 0
8 7 7 11 0
8 7 7 12 0
8 7 7 13 0
8 7 7 14 0
8 7 7 15 0
8 7 8 0 0
8 7 8 1 0
8 7 8 2 0
8 7 8 3 0
8 7 8 4 0
8 7 8 5 0
8 7 8 6 0
8 7 8 7 0
8 7 8 8 0
8 7 8 9 0
8 7 8 10 0
8 7 8 11 0
8 7 8 12 0
8 7 8 13 0
8 7 8 14 0
8 7 8 15 0
8 7 9 0 0
8 7 9 1 0
8 7 9 2 0
8 7 9 3 0
8 7 9 4 0
8 7 9 5 0
8 7 9 6 0
8 7 9 7 0
8 7 9 8 0
8 7 9 9 0
8 7 9 10 0
8 7 9 11 0
8 7 9 12 0
8 7 9 13 0
8 7 9 14 0
8 7 9 15 0
8 7 10 0 0
8 7 10 1 0
8 7 10 2 0
8 7 10 3 0
8 7 10 4 0
8 7 10 5 0
8 7 10 6 0
8 7 10 7 0
8 7 10 8 0
8 7 10 9 0
8 7 10 10 0
8 7 10 11 0
8 7 10 12 0
8 7 10 13 0
8 7 10 14 0
8 7 10 15 0
8 7 11 0 0
8 7 11 1 0
8 7 11 2 0
8 7 11 3 0
8 7 11 4 0
8 7 11 5 0
8 7 11 6 0
8 7 11 7 0
8 7 11 8 0
8 7 11 9 0
8 7 11 10 0
8 7 11 11 0
8 7 11 12 0
8 7 11 13 0
8 7 11 14 0
8 7 11 15 0
8 7 12 0 0
8 7 12 1 0
8 7 12 2 0
8 7 12 3 0
8 7 12 4 0
8 7 12 5 0
8 7 12 6 0
8 7 12 7 0
8 7 12 8 0
8 7 12 9 0
8 7 12 10 0
8 7 12 11 0
8 7 12 12 0
8 7 12 13 0
8 7 12 14 0
8 7 12 15 0
8 7 13 0 0
8 7 13 1 0
8 7 13 2 0
8 7 13 3 0
8 7 13 4 0
8 7 13 5 0
8 7 13 6 0
8 7 13 7 0
8 7 13 8 0
8 7 13 9 0
8 7 13 10 0
8 7 13 11 0
8 7 13 12 0
8 7 13 13 0
8 7 13 14 0
8 7 13 15 0
8 7 14 0 0
8 7 14 1 0
8 7 14 2 0
8 7 14 3 0
8 7 14 4 0
8 7 14 5 0
8 7 14 6 0
8 7 14 7 0
8 7 14 8 0
8 7 14 9 0
8 7 14 10 0
8 7 14 11 0
8 7 14 12 0
8 7 14 13 0
8 7 14 14 0
8 7 14 15 0
8 7 15 0 0
8 7 15 1 0
8 7 15 2 0
8 7 15 3 0
8 7 15 4 0
8 7 15 5 0
8 7 15 6 0
8 7 15 7 0
8 7 15 8 0
8 7 15 9 0
8 7 15 10 0
8 7 15 11 0
8 7 15 12 0
8 7 15 13 0
8 7 15 14 0
8 7 15 15 0
8 8 0 0 0
8 8 0 1 0
8 8 0 2 0
8 8 0 3 0
8 8 0 4 0
8 8 0 5 0
8 8 0 6 0
8 8 0 7 0
8 8 0 8 0
8 8 0 9 0
8 8 0 10 0
8 8 0 11 0
8 8 0 12 0
8 8 0 13 0
8 8 0 14 0
8 8 0 15 0
8 8 1 0 0
8 8 1 1 0
8 8 1 2 0
8 8 1 3 0
8 8 1 4 0
8 8 1 5 0
8 8 1 6 0
8 8 1 7 0
8 8 1 8 0
8 8 1 9 0
8 8 1 10 0
8 8 1 11 0
8 8 1 12 0
8 8 1 13 0
8 8 1 14 0
8 8 1 15 0
8 8 2 0 0
8 8 2 1 0
8 8 2 2 0
8 8 2 3 0
8 8 2 4 0
8 8 2 5 0
8 8 2 6 0
8 8 2 7 0
8 8 2 8 0
8 8 2 9 0
8 8 2 10 0
8 8 2 11 0
8 8 2 12 0
8 8 2 13 0
8 8 2 14 0
8 8 2 15 0
8 8 3 0 0
8 8 3 1 0
8 8 3 2 0
8 8 3 3 0
8 8 3 4 0
8 8 3 5 0
8 8 3 6 0
8 8 3 7 0
8 8 3 8 0
8 8 3 9 0
8 8 3 10 0
8 8 3 11 0
8 8 3 12 0
8 8 3 13 0
8 8 3 14 0
8 8 3 15 0
8 8 4 0 0
8 8 4 1 0
8 8 4 2 0
8 8 4 3 0
8 8 4 4 0
8 8 4 5 0
8 8 4 6 0
8 8 4 7 0
8 8 4 8 0
8 8 4 9 0
8 8 4 10 0
8 8 4 11 0
8 8 4 12 0
8 8 4 13 0
8 8 4 14 0
8 8 4 15 0
8 8 5 0 0
8 8 5 1 0
8 8 5 2 0
8 8 5 3 0
8 8 5 4 0
8 8 5 5 0
8 8 5 6 0
8 8 5 7 0
8 8 5 8 0
8 8 5 9 0
8 8 5 10 0
8 8 5 11 0
8 8 5 12 0
8 8 5 13 0
8 8 5 14 0
8 8 5 15 0
8 8 6 0 0
8 8 6 1 0
8 8 6 2 0
8 8 6 3 0
8 8 6 4 0
8 8 6 5 0
8 8 6 6 0
8 8 6 7 0
8 8 6 8 0
8 8 6 9 0
8 8 6 10 0
8 8 6 11 0
8 8 6 12 0
8 8 6 13 0
8 8 6 14 0
8 8 6 15 0
8 8 7 0 0
8 8 7 1 0
8 8 7 2 0
8 8 7 3 0
8 8 7 4 0
8 8 7 5 0
8 8 7 6 0
8 8 7 7 0
8 8 7 8 0
8 8 7 9 0
8 8 7 10 0
8 8 7 11 0
8 8 7 12 0
8 8 7 13 0
8 8 7 14 0
8 8 7 15 0
8 8 8 0 0
8 8 8 1 0
8 8 8 2 0
8 8 8 3 0
8 8 8 4 0
8 8 8 5 0
8 8 8 6 0
8 8 8 7 0
8 8 8 8 0
8 8 8 9 0
8 8 8 10 0
8 8 8 11 0
8 8 8 12 0
8 8 8 13 0
8 8 8 14 0
8 8 8 15 0
8 8 9 0 0
8 8 9 1 0
8 8 9 2 0
8 8 9 3 0
8 8 9 4 0
8 8 9 5 0
8 8 9 6 0
8 8 9 7 0
8 8 9 8 0
8 8 9 9 0
8 8 9 10 0
8 8 9 11 0
8 8 9 12 0
8 8 9 13 0
8 8 9 14 0
8 8 9 15 0
8 8 10 0 0
8 8 10 1 0
8 8 10 2 0
8 8 10 3 0
8 8 10 4 0
8 8 10 5 0
8 8 10 6 0
8 8 10 7 0
8 8 10 8 0
8 8 10 9 0
8 8 10 10 0
8 8 10 11 0
8 8 10 12 0
8 8 10 13 0
8 8 10 14 0
8 8 10 15 0
8 8 11 0 0
8 8 11 1 0
8 8 11 2 0
8 8 11 3 0
8 8 11 4 0
8 8 11 5 0
8 8 11 6 0
8 8 11 7 0
8 8 11 8 0
8 8 11 9 0
8 8 11 10 0
8 8 11 11 0
8 8 11 12 0
8 8 11 13 0
8 8 11 14 0
8 8 11 15 0
8 8 12 0 0
8 8 12 1 0
8 8 12 2 0
8 8 12 3 0
8 8 12 4 0
8 8 12 5 0
8 8 12 6 0
8 8 12 7 0
8 8 12 8 0
8 8 12 9 0
8 8 12 10 0
8 8 12 11 0
8 8 12 12 0
8 8 12 13 0
8 8 12 14 0
8 8 12 15 0
8 8 13 0 0
8 8 13 1 0
8 8 13 2 0
8 8 13 3 0
8 8 13 4 0
8 8 13 5 0
8 8 13 6 0
8 8 13 7 0
8 8 13 8 0
8 8 13 9 0
8 8 13 10 0
8 8 13 11 0
8 8 13 12 0
8 8 13 13 0
8 8 13 14 0
8 8 13 15 0
8 8 14 0 0
8 8 14 1 0
8 8 14 2 0
8 8 14 3 0
8 8 14 4 0
8 8 14 5 0
8 8 14 6 0
8 8 14 7 0
8 8 14 8 0
8 8 14 9 0
8 8 14 10 0
8 8 14 11 0
8 8 14 12 0
8 8 14 13 0
8 8 14 14 0
8 8 14 15 0
8 8 15 0 0
8 8 15 1 0
8 8 15 2 0
8 8 15 3 0
8 8 15 4 0
8 8 15 5 0
8 8 15 6 0
8 8 15 7 0
8 8 15 8 0
8 8 15 9 0
8 8 15 10 0
8 8 15 11 0
8 8 15 12 0
8 8 15 13 0
8 8 15 14 0
8 8 15 15 0
8 9 0 0 0
8 9 0 1 0
8 9 0 2 0
8 9 0 3 0
8 9 0 4 0
8 9 0 5 0
8 9 0 6 0
8 9 0 7 0
8 9 0 8 0
8 9 0 9 0
8 9 0 10 0
8 9 0 11 0
8 9 0 12 0
8 9 0 13 0
8 9 0 14 0
8 9 0 15 0
8 9 1 0 0
8 9 1 1 0
8 9 1 2 0
8 9 1 3 0
8 9 1 4 0
8 9 1 5 0
8 9 1 6 0
8 9 1 7 0
8 9 1 8 0
8 9 1 9 0
8 9 1 10 0
8 9 1 11 0
8 9 1 12 0
8 9 1 13 0
8 9 1 14 0
8 9 1 15 0
8 9 2 0 0
8 9 2 1 0
8 9 2 2 0
8 9 2 3 0
8 9 2 4 0
8 9 2 5 0
8 9 2 6 0
8 9 2 7 0
8 9 2 8 0
8 9 2 9 0
8 9 2 10 0
8 9 2 11 0
8 9 2 12 0
8 9 2 13 0
8 9 2 14 0
8 9 2 15 0
8 9 3 0 0
8 9 3 1 0
8 9 3 2 0
8 9 3 3 0
8 9 3 4 0
8 9 3 5 0
8 9 3 6 0
8 9 3 7 0
8 9 3 8 0
8 9 3 9 0
8 9 3 10 0
8 9 3 11 0
8 9 3 12 0
8 9 3 13 0
8 9 3 14 0
8 9 3 15 0
8 9 4 0 0
8 9 4 1 0
8 9 4 2 0
8 9 4 3 0
8 9 4 4 0
8 9 4 5 0
8 9 4 6 0
8 9 4 7 0
8 9 4 8 0
8 9 4 9 0
8 9 4 10 0
8 9 4 11 0
8 9 4 12 0
8 9 4 13 0
8 9 4 14 0
8 9 4 15 0
8 9 5 0 0
8 9 5 1 0
8 9 5 2 0
8 9 5 3 0
8 9 5 4 0
8 9 5 5 0
8 9 5 6 0
8 9 5 7 0
8 9 5 8 0
8 9 5 9 0
8 9 5 10 0
8 9 5 11 0
8 9 5 12 0
8 9 5 13 0
8 9 5 14 0
8 9 5 15 0
8 9 6 0 0
8 9 6 1 0
8 9 6 2 0
8 9 6 3 0
8 9 6 4 0
8 9 6 5 0
8 9 6 6 0
8 9 6 7 0
8 9 6 8 0
8 9 6 9 0
8 9 6 10 0
8 9 6 11 0
8 9 6 12 0
8 9 6 13 0
8 9 6 14 0
8 9 6 15 0
8 9 7 0 0
8 9 7 1 0
8 9 7 2 0
8 9 7 3 0
8 9 7 4 0
8 9 7 5 0
8 9 7 6 0
8 9 7 7 0
8 9 7 8 0
8 9 7 9 0
8 9 7 10 0
8 9 7 11 0
8 9 7 12 0
8 9 7 13 0
8 9 7 14 0
8 9 7 15 0
8 9 8 0 0
8 9 8 1 0
8 9 8 2 0
8 9 8 3 0
8 9 8 4 0
8 9 8 5 0
8 9 8 6 0
8 9 8 7 0
8 9 8 8 0
8 9 8 9 0
8 9 8 10 0
8 9 8 11 0
8 9 8 12 0
8 9 8 13 0
8 9 8 14 0
8 9 8 15 0
8 9 9 0 0
8 9 9 1 0
8 9 9 2 0
8 9 9 3 0
8 9 9 4 0
8 9 9 5 0
8 9 9 6 0
8 9 9 7 0
8 9 9 8 0
8 9 9 9 0
8 9 9 10 0
8 9 9 11 0
8 9 9 12 0
8 9 9 13 0
8 9 9 14 0
8 9 9 15 0
8 9 10 0 0
8 9 10 1 0
8 9 10 2 0
8 9 10 3 0
8 9 10 4 0
8 9 10 5 0
8 9 10 6 0
8 9 10 7 0
8 9 10 8 0
8 9 10 9 0
8 9 10 10 0
8 9 10 11 0
8 9 10 12 0
8 9 10 13 0
8 9 10 14 0
8 9 10 15 0
8 9 11 0 0
8 9 11 1 0
8 9 11 2 0
8 9 11 3 0
8 9 11 4 0
8 9 11 5 0
8 9 11 6 0
8 9 11 7 0
8 9 11 8 0
8 9 11 9 0
8 9 11 10 0
8 9 11 11 0
8 9 11 12 0
8 9 11 13 0
8 9 11 14 0
8 9 11 15 0
8 9 12 0 0
8 9 12 1 0
8 9 12 2 0
8 9 12 3 0
8 9 12 4 0
8 9 12 5 0
8 9 12 6 0
8 9 12 7 0
8 9 12 8 0
8 9 12 9 0
8 9 12 10 0
8 9 12 11 0
8 9 12 12 0
8 9 12 13 0
8 9 12 14 0
8 9 12 15 0
8 9 13 0 0
8 9 13 1 0
8 9 13 2 0
8 9 13 3 0
8 9 13 4 0
8 9 13 5 0
8 9 13 6 0
8 9 13 7 0
8 9 13 8 0
8 9 13 9 0
8 9 13 10 0
8 9 13 11 0
8 9 13 12 0
8 9 13 13 0
8 9 13 14 0
8 9 13 15 0
8 9 14 0 0
8 9 14 1 0
8 9 14 2 0
8 9 14 3 0
8 9 14 4 0
8 9 14 5 0
8 9 14 6 0
8 9 14 7 0
8 9 14 8 0
8 9 14 9 0
8 9 14 10 0
8 9 14 11 0
8 9 14 12 0
8 9 14 13 0
8 9 14 14 0
8 9 14 15 0
8 9 15 0 0
8 9 15 1 0
8 9 15 2 0
8 9 15 3 0
8 9 15 4 0
8 9 15 5 0
8 9 15 6 0
8 9 15 7 0
8 9 15 8 0
8 9 15 9 0
8 9 15 10 0
8 9 15 11 0
8 9 15 12 0
8 9 15 13 0
8 9 15 14 0
8 9 15 15 0
8 10 0 0 0
8 10 0 1 0
8 10 0 2 0
8 10 0 3 0
8 10 0 4 0
8 10 0 5 0
8 10 0 6 0
8 10 0 7 0
8 10 0 8 0
8 10 0 9 0
8 10 0 10 0
8 10 0 11 0
8 10 0 12 0
8 10 0 13 0
8 10 0 14 0
8 10 0 15 0
8 10 1 0 0
8 10 1 1 0
8 10 1 2 0
8 10 1 3 0
8 10 1 4 0
8 10 1 5 0
8 10 1 6 0
8 10 1 7 0
8 10 1 8 0
8 10 1 9 0
8 10 1 10 0
8 10 1 11 0
8 10 1 12 0
8 10 1 13 0
8 10 1 14 0
8 10 1 15 0
8 10 2 0 0
8 10 2 1 0
8 10 2 2 0
8 10 2 3 0
8 10 2 4 0
8 10 2 5 0
8 10 2 6 0
8 10 2 7 0
8 10 2 8 0
8 10 2 9 0
8 10 2 10 0
8 10 2 11 0
8 10 2 12 0
8 10 2 13 0
8 10 2 14 0
8 10 2 15 0
8 10 3 0 0
8 10 3 1 0
8 10 3 2 0
8 10 3 3 0
8 10 3 4 0
8 10 3 5 0
8 10 3 6 0
8 10 3 7 0
8 10 3 8 0
8 10 3 9 0
8 10 3 10 0
8 10 3 11 0
8 10 3 12 0
8 10 3 13 0
8 10 3 14 0
8 10 3 15 0
8 10 4 0 0
8 10 4 1 0
8 10 4 2 0
8 10 4 3 0
8 10 4 4 0
8 10 4 5 0
8 10 4 6 0
8 10 4 7 0
8 10 4 8 0
8 10 4 9 0
8 10 4 10 0
8 10 4 11 0
8 10 4 12 0
8 10 4 13 0
8 10 4 14 0
8 10 4 15 0
8 10 5 0 0
8 10 5 1 0
8 10 5 2 0
8 10 5 3 0
8 10 5 4 0
8 10 5 5 0
8 10 5 6 0
8 10 5 7 0
8 10 5 8 0
8 10 5 9 0
8 10 5 10 0
8 10 5 11 0
8 10 5 12 0
8 10 5 13 0
8 10 5 14 0
8 10 5 15 0
8 10 6 0 0
8 10 6 1 0
8 10 6 2 0
8 10 6 3 0
8 10 6 4 0
8 10 6 5 0
8 10 6 6 0
8 10 6 7 0
8 10 6 8 0
8 10 6 9 0
8 10 6 10 0
8 10 6 11 0
8 10 6 12 0
8 10 6 13 0
8 10 6 14 0
8 10 6 15 0
8 10 7 0 0
8 10 7 1 0
8 10 7 2 0
8 10 7 3 0
8 10 7 4 0
8 10 7 5 0
8 10 7 6 0
8 10 7 7 0
8 10 7 8 0
8 10 7 9 0
8 10 7 10 0
8 10 7 11 0
8 10 7 12 0
8 10 7 13 0
8 10 7 14 0
8 10 7 15 0
8 10 8 0 0
8 10 8 1 0
8 10 8 2 0
8 10 8 3 0
8 10 8 4 0
8 10 8 5 0
8 10 8 6 0
8 10 8 7 0
8 10 8 8 0
8 10 8 9 0
8 10 8 10 0
8 10 8 11 0
8 10 8 12 0
8 10 8 13 0
8 10 8 14 0
8 10 8 15 0
8 10 9 0 0
8 10 9 1 0
8 10 9 2 0
8 10 9 3 0
8 10 9 4 0
8 10 9 5 0
8 10 9 6 0
8 10 9 7 0
8 10 9 8 0
8 10 9 9 0
8 10 9 10 0
8 10 9 11 0
8 10 9 12 0
8 10 9 13 0
8 10 9 14 0
8 10 9 15 0
8 10 10 0 0
8 10 10 1 0
8 10 10 2 0
8 10 10 3 0
8 10 10 4 0
8 10 10 5 0
8 10 10 6 0
8 10 10 7 0
8 10 10 8 0
8 10 10 9 0
8 10 10 10 0
8 10 10 11 0
8 10 10 12 0
8 10 10 13 0
8 10 10 14 0
8 10 10 15 0
8 10 11 0 0
8 10 11 1 0
8 10 11 2 0
8 10 11 3 0
8 10 11 4 0
8 10 11 5 0
8 10 11 6 0
8 10 11 7 0
8 10 11 8 0
8 10 11 9 0
8 10 11 10 0
8 10 11 11 0
8 10 11 12 0
8 10 11 13 0
8 10 11 14 0
8 10 11 15 0
8 10 12 0 0
8 10 12 1 0
8 10 12 2 0
8 10 12 3 0
8 10 12 4 0
8 10 12 5 0
8 10 12 6 0
8 10 12 7 0
8 10 12 8 0
8 10 12 9 0
8 10 12 10 0
8 10 12 11 0
8 10 12 12 0
8 10 12 13 0
8 10 12 14 0
8 10 12 15 0
8 10 13 0 0
8 10 13 1 0
8 10 13 2 0
8 10 13 3 0
8 10 13 4 0
8 10 13 5 0
8 10 13 6 0
8 10 13 7 0
8 10 13 8 0
8 10 13 9 0
8 10 13 10 0
8 10 13 11 0
8 10 13 12 0
8 10 13 13 0
8 10 13 14 0
8 10 13 15 0
8 10 14 0 0
8 10 14 1 0
8 10 14 2 0
8 10 14 3 0
8 10 14 4 0
8 10 14 5 0
8 10 14 6 0
8 10 14 7 0
8 10 14 8 0
8 10 14 9 0
8 10 14 10 0
8 10 14 11 0
8 10 14 12 0
8 10 14 13 0
8 10 14 14 0
8 10 14 15 0
8 10 15 0 0
8 10 15 1 0
8 10 15 2 0
8 10 15 3 0
8 10 15 4 0
8 10 15 5 0
8 10 15 6 0
8 10 15 7 0
8 10 15 8 0
8 10 15 9 0
8 10 15 10 0
8 10 15 11 0
8 10 15 12 0
8 10 15 13 0
8 10 15 14 0
8 10 15 15 0
8 11 0 0 0
8 11 0 1 0
8 11 0 2 0
8 11 0 3 0
8 11 0 4 0
8 11 0 5 0
8 11 0 6 0
8 11 0 7 0
8 11 0 8 0
8 11 0 9 0
8 11 0 10 0
8 11 0 11 0
8 11 0 12 0
8 11 0 13 0
8 11 0 14 0
8 11 0 15 0
8 11 1 0 0
8 11 1 1 0
8 11 1 2 0
8 11 1 3 0
8 11 1 4 0
8 11 1 5 0
8 11 1 6 0
8 11 1 7 0
8 11 1 8 0
8 11 1 9 0
8 11 1 10 0
8 11 1 11 0
8 11 1 12 0
8 11 1 13 0
8 11 1 14 0
8 11 1 15 0
8 11 2 0 0
8 11 2 1 0
8 11 2 2 0
8 11 2 3 0
8 11 2 4 0
8 11 2 5 0
8 11 2 6 0
8 11 2 7 0
8 11 2 8 0
8 11 2 9 0
8 11 2 10 0
8 11 2 11 0
8 11 2 12 0
8 11 2 13 0
8 11 2 14 0
8 11 2 15 0
8 11 3 0 0
8 11 3 1 0
8 11 3 2 0
8 11 3 3 0
8 11 3 4 0
8 11 3 5 0
8 11 3 6 0
8 11 3 7 0
8 11 3 8 0
8 11 3 9 0
8 11 3 10 0
8 11 3 11 0
8 11 3 12 0
8 11 3 13 0
8 11 3 14 0
8 11 3 15 0
8 11 4 0 0
8 11 4 1 0
8 11 4 2 0
8 11 4 3 0
8 11 4 4 0
8 11 4 5 0
8 11 4 6 0
8 11 4 7 0
8 11 4 8 0
8 11 4 9 0
8 11 4 10 0
8 11 4 11 0
8 11 4 12 0
8 11 4 13 0
8 11 4 14 0
8 11 4 15 0
8 11 5 0 0
8 11 5 1 0
8 11 5 2 0
8 11 5 3 0
8 11 5 4 0
8 11 5 5 0
8 11 5 6 0
8 11 5 7 0
8 11 5 8 0
8 11 5 9 0
8 11 5 10 0
8 11 5 11 0
8 11 5 12 0
8 11 5 13 0
8 11 5 14 0
8 11 5 15 0
8 11 6 0 0
8 11 6 1 0
8 11 6 2 0
8 11 6 3 0
8 11 6 4 0
8 11 6 5 0
8 11 6 6 0
8 11 6 7 0
8 11 6 8 0
8 11 6 9 0
8 11 6 10 0
8 11 6 11 0
8 11 6 12 0
8 11 6 13 0
8 11 6 14 0
8 11 6 15 0
8 11 7 0 0
8 11 7 1 0
8 11 7 2 0
8 11 7 3 0
8 11 7 4 0
8 11 7 5 0
8 11 7 6 0
8 11 7 7 0
8 11 7 8 0
8 11 7 9 0
8 11 7 10 0
8 11 7 11 0
8 11 7 12 0
8 11 7 13 0
8 11 7 14 0
8 11 7 15 0
8 11 8 0 0
8 11 8 1 0
8 11 8 2 0
8 11 8 3 0
8 11 8 4 0
8 11 8 5 0
8 11 8 6 0
8 11 8 7 0
8 11 8 8 0
8 11 8 9 0
8 11 8 10 0
8 11 8 11 0
8 11 8 12 0
8 11 8 13 0
8 11 8 14 0
8 11 8 15 0
8 11 9 0 0
8 11 9 1 0
8 11 9 2 0
8 11 9 3 0
8 11 9 4 0
8 11 9 5 0
8 11 9 6 0
8 11 9 7 0
8 11 9 8 0
8 11 9 9 0
8 11 9 10 0
8 11 9 11 0
8 11 9 12 0
8 11 9 13 0
8 11 9 14 0
8 11 9 15 0
8 11 10 0 0
8 11 10 1 0
8 11 10 2 0
8 11 10 3 0
8 11 10 4 0
8 11 10 5 0
8 11 10 6 0
8 11 10 7 0
8 11 10 8 0
8 11 10 9 0
8 11 10 10 0
8 11 10 11 0
8 11 10 12 0
8 11 10 13 0
8 11 10 14 0
8 11 10 15 0
8 11 11 0 0
8 11 11 1 0
8 11 11 2 0
8 11 11 3 0
8 11 11 4 0
8 11 11 5 0
8 11 11 6 0
8 11 11 7 0
8 11 11 8 0
8 11 11 9 0
8 11 11 10 0
8 11 11 11 0
8 11 11 12 0
8 11 11 13 0
8 11 11 14 0
8 11 11 15 0
8 11 12 0 0
8 11 12 1 0
8 11 12 2 0
8 11 12 3 0
8 11 12 4 0
8 11 12 5 0
8 11 12 6 0
8 11 12 7 0
8 11 12 8 0
8 11 12 9 0
8 11 12 10 0
8 11 12 11 0
8 11 12 12 0
8 11 12 13 0
8 11 12 14 0
8 11 12 15 0
8 11 13 0 0
8 11 13 1 0
8 11 13 2 0
8 11 13 3 0
8 11 13 4 0
8 11 13 5 0
8 11 13 6 0
8 11 13 7 0
8 11 13 8 0
8 11 13 9 0
8 11 13 10 0
8 11 13 11 0
8 11 13 12 0
8 11 13 13 0
8 11 13 14 0
8 11 13 15 0
8 11 14 0 0
8 11 14 1 0
8 11 14 2 0
8 11 14 3 0
8 11 14 4 0
8 11 14 5 0
8 11 14 6 0
8 11 14 7 0
8 11 14 8 0
8 11 14 9 0
8 11 14 10 0
8 11 14 11 0
8 11 14 12 0
8 11 14 13 0
8 11 14 14 0
8 11 14 15 0
8 11 15 0 0
8 11 15 1 0
8 11 15 2 0
8 11 15 3 0
8 11 15 4 0
8 11 15 5 0
8 11 15 6 0
8 11 15 7 0
8 11 15 8 0
8 11 15 9 0
8 11 15 10 0
8 11 15 11 0
8 11 15 12 0
8 11 15 13 0
8 11 15 14 0
8 11 15 15 0
8 12 0 0 0
8 12 0 1 0
8 12 0 2 0
8 12 0 3 0
8 12 0 4 0
8 12 0 5 0
8 12 0 6 0
8 12 0 7 0
8 12 0 8 0
8 12 0 9 0
8 12 0 10 0
8 12 0 11 0
8 12 0 12 0
8 12 0 13 0
8 12 0 14 0
8 12 0 15 0
8 12 1 0 0
8 12 1 1 0
8 12 1 2 0
8 12 1 3 0
8 12 1 4 0
8 12 1 5 0
8 12 1 6 0
8 12 1 7 0
8 12 1 8 0
8 12 1 9 0
8 12 1 10 0
8 12 1 11 0
8 12 1 12 0
8 12 1 13 0
8 12 1 14 0
8 12 1 15 0
8 12 2 0 0
8 12 2 1 0
8 12 2 2 0
8 12 2 3 0
8 12 2 4 0
8 12 2 5 0
8 12 2 6 0
8 12 2 7 0
8 12 2 8 0
8 12 2 9 0
8 12 2 10 0
8 12 2 11 0
8 12 2 12 0
8 12 2 13 0
8 12 2 14 0
8 12 2 15 0
8 12 3 0 0
8 12 3 1 0
8 12 3 2 0
8 12 3 3 0
8 12 3 4 0
8 12 3 5 0
8 12 3 6 0
8 12 3 7 0
8 12 3 8 0
8 12 3 9 0
8 12 3 10 0
8 12 3 11 0
8 12 3 12 0
8 12 3 13 0
8 12 3 14 0
8 12 3 15 0
8 12 4 0 0
8 12 4 1 0
8 12 4 2 0
8 12 4 3 0
8 12 4 4 0
8 12 4 5 0
8 12 4 6 0
8 12 4 7 0
8 12 4 8 0
8 12 4 9 0
8 12 4 10 0
8 12 4 11 0
8 12 4 12 0
8 12 4 13 0
8 12 4 14 0
8 12 4 15 0
8 12 5 0 0
8 12 5 1 0
8 12 5 2 0
8 12 5 3 0
8 12 5 4 0
8 12 5 5 0
8 12 5 6 0
8 12 5 7 0
8 12 5 8 0
8 12 5 9 0
8 12 5 10 0
8 12 5 11 0
8 12 5 12 0
8 12 5 13 0
8 12 5 14 0
8 12 5 15 0
8 12 6 0 0
8 12 6 1 0
8 12 6 2 0
8 12 6 3 0
8 12 6 4 0
8 12 6 5 0
8 12 6 6 0
8 12 6 7 0
8 12 6 8 0
8 12 6 9 0
8 12 6 10 0
8 12 6 11 0
8 12 6 12 0
8 12 6 13 0
8 12 6 14 0
8 12 6 15 0
8 12 7 0 0
8 12 7 1 0
8 12 7 2 0
8 12 7 3 0
8 12 7 4 0
8 12 7 5 0
8 12 7 6 0
8 12 7 7 0
8 12 7 8 0
8 12 7 9 0
8 12 7 10 0
8 12 7 11 0
8 12 7 12 0
8 12 7 13 0
8 12 7 14 0
8 12 7 15 0
8 12 8 0 0
8 12 8 1 0
8 12 8 2 0
8 12 8 3 0
8 12 8 4 0
8 12 8 5 0
8 12 8 6 0
8 12 8 7 0
8 12 8 8 0
8 12 8 9 0
8 12 8 10 0
8 12 8 11 0
8 12 8 12 0
8 12 8 13 0
8 12 8 14 0
8 12 8 15 0
8 12 9 0 0
8 12 9 1 0
8 12 9 2 0
8 12 9 3 0
8 12 9 4 0
8 12 9 5 0
8 12 9 6 0
8 12 9 7 0
8 12 9 8 0
8 12 9 9 0
8 12 9 10 0
8 12 9 11 0
8 12 9 12 0
8 12 9 13 0
8 12 9 14 0
8 12 9 15 0
8 12 10 0 0
8 12 10 1 0
8 12 10 2 0
8 12 10 3 0
8 12 10 4 0
8 12 10 5 0
8 12 10 6 0
8 12 10 7 0
8 12 10 8 0
8 12 10 9 0
8 12 10 10 0
8 12 10 11 0
8 12 10 12 0
8 12 10 13 0
8 12 10 14 0
8 12 10 15 0
8 12 11 0 0
8 12 11 1 0
8 12 11 2 0
8 12 11 3 0
8 12 11 4 0
8 12 11 5 0
8 12 11 6 0
8 12 11 7 0
8 12 11 8 0
8 12 11 9 0
8 12 11 10 0
8 12 11 11 0
8 12 11 12 0
8 12 11 13 0
8 12 11 14 0
8 12 11 15 0
8 12 12 0 0
8 12 12 1 0
8 12 12 2 0
8 12 12 3 0
8 12 12 4 0
8 12 12 5 0
8 12 12 6 0
8 12 12 7 0
8 12 12 8 0
8 12 12 9 0
8 12 12 10 0
8 12 12 11 0
8 12 12 12 0
8 12 12 13 0
8 12 12 14 0
8 12 12 15 0
8 12 13 0 0
8 12 13 1 0
8 12 13 2 0
8 12 13 3 0
8 12 13 4 0
8 12 13 5 0
8 12 13 6 0
8 12 13 7 0
8 12 13 8 0
8 12 13 9 0
8 12 13 10 0
8 12 13 11 0
8 12 13 12 0
8 12 13 13 0
8 12 13 14 0
8 12 13 15 0
8 12 14 0 0
8 12 14 1 0
8 12 14 2 0
8 12 14 3 0
8 12 14 4 0
8 12 14 5 0
8 12 14 6 0
8 12 14 7 0
8 12 14 8 0
8 12 14 9 0
8 12 14 10 0
8 12 14 11 0
8 12 14 12 0
8 12 14 13 0
8 12 14 14 0
8 12 14 15 0
8 12 15 0 0
8 12 15 1 0
8 12 15 2 0
8 12 15 3 0
8 12 15 4 0
8 12 15 5 0
8 12 15 6 0
8 12 15 7 0
8 12 15 8 0
8 12 15 9 0
8 12 15 10 0
8 12 15 11 0
8 12 15 12 0
8 12 15 13 0
8 12 15 14 0
8 12 15 15 0
8 13 0 0 0
8 13 0 1 0
8 13 0 2 0
8 13 0 3 0
8 13 0 4 0
8 13 0 5 0
8 13 0 6 0
8 13 0 7 0
8 13 0 8 0
8 13 0 9 0
8 13 0 10 0
8 13 0 11 0
8 13 0 12 0
8 13 0 13 0
8 13 0 14 0
8 13 0 15 0
8 13 1 0 0
8 13 1 1 0
8 13 1 2 0
8 13 1 3 0
8 13 1 4 0
8 13 1 5 0
8 13 1 6 0
8 13 1 7 0
8 13 1 8 0
8 13 1 9 0
8 13 1 10 0
8 13 1 11 0
8 13 1 12 0
8 13 1 13 0
8 13 1 14 0
8 13 1 15 0
8 13 2 0 0
8 13 2 1 0
8 13 2 2 0
8 13 2 3 0
8 13 2 4 0
8 13 2 5 0
8 13 2 6 0
8 13 2 7 0
8 13 2 8 0
8 13 2 9 0
8 13 2 10 0
8 13 2 11 0
8 13 2 12 0
8 13 2 13 0
8 13 2 14 0
8 13 2 15 0
8 13 3 0 0
8 13 3 1 0
8 13 3 2 0
8 13 3 3 0
8 13 3 4 0
8 13 3 5 0
8 13 3 6 0
8 13 3 7 0
8 13 3 8 0
8 13 3 9 0
8 13 3 10 0
8 13 3 11 0
8 13 3 12 0
8 13 3 13 0
8 13 3 14 0
8 13 3 15 0
8 13 4 0 0
8 13 4 1 0
8 13 4 2 0
8 13 4 3 0
8 13 4 4 0
8 13 4 5 0
8 13 4 6 0
8 13 4 7 0
8 13 4 8 0
8 13 4 9 0
8 13 4 10 0
8 13 4 11 0
8 13 4 12 0
8 13 4 13 0
8 13 4 14 0
8 13 4 15 0
8 13 5 0 0
8 13 5 1 0
8 13 5 2 0
8 13 5 3 0
8 13 5 4 0
8 13 5 5 0
8 13 5 6 0
8 13 5 7 0
8 13 5 8 0
8 13 5 9 0
8 13 5 10 0
8 13 5 11 0
8 13 5 12 0
8 13 5 13 0
8 13 5 14 0
8 13 5 15 0
8 13 6 0 0
8 13 6 1 0
8 13 6 2 0
8 13 6 3 0
8 13 6 4 0
8 13 6 5 0
8 13 6 6 0
8 13 6 7 0
8 13 6 8 0
8 13 6 9 0
8 13 6 10 0
8 13 6 11 0
8 13 6 12 0
8 13 6 13 0
8 13 6 14 0
8 13 6 15 0
8 13 7 0 0
8 13 7 1 0
8 13 7 2 0
8 13 7 3 0
8 13 7 4 0
8 13 7 5 0
8 13 7 6 0
8 13 7 7 0
8 13 7 8 0
8 13 7 9 0
8 13 7 10 0
8 13 7 11 0
8 13 7 12 0
8 13 7 13 0
8 13 7 14 0
8 13 7 15 0
8 13 8 0 0
8 13 8 1 0
8 13 8 2 0
8 13 8 3 0
8 13 8 4 0
8 13 8 5 0
8 13 8 6 0
8 13 8 7 0
8 13 8 8 0
8 13 8 9 0
8 13 8 10 0
8 13 8 11 0
8 13 8 12 0
8 13 8 13 0
8 13 8 14 0
8 13 8 15 0
8 13 9 0 0
8 13 9 1 0
8 13 9 2 0
8 13 9 3 0
8 13 9 4 0
8 13 9 5 0
8 13 9 6 0
8 13 9 7 0
8 13 9 8 0
8 13 9 9 0
8 13 9 10 0
8 13 9 11 0
8 13 9 12 0
8 13 9 13 0
8 13 9 14 0
8 13 9 15 0
8 13 10 0 0
8 13 10 1 0
8 13 10 2 0
8 13 10 3 0
8 13 10 4 0
8 13 10 5 0
8 13 10 6 0
8 13 10 7 0
8 13 10 8 0
8 13 10 9 0
8 13 10 10 0
8 13 10 11 0
8 13 10 12 0
8 13 10 13 0
8 13 10 14 0
8 13 10 15 0
8 13 11 0 0
8 13 11 1 0
8 13 11 2 0
8 13 11 3 0
8 13 11 4 0
8 13 11 5 0
8 13 11 6 0
8 13 11 7 0
8 13 11 8 0
8 13 11 9 0
8 13 11 10 0
8 13 11 11 0
8 13 11 12 0
8 13 11 13 0
8 13 11 14 0
8 13 11 15 0
8 13 12 0 0
8 13 12 1 0
8 13 12 2 0
8 13 12 3 0
8 13 12 4 0
8 13 12 5 0
8 13 12 6 0
8 13 12 7 0
8 13 12 8 0
8 13 12 9 0
8 13 12 10 0
8 13 12 11 0
8 13 12 12 0
8 13 12 13 0
8 13 12 14 0
8 13 12 15 0
8 13 13 0 0
8 13 13 1 0
8 13 13 2 0
8 13 13 3 0
8 13 13 4 0
8 13 13 5 0
8 13 13 6 0
8 13 13 7 0
8 13 13 8 0
8 13 13 9 0
8 13 13 10 0
8 13 13 11 0
8 13 13 12 0
8 13 13 13 0
8 13 13 14 0
8 13 13 15 0
8 13 14 0 0
8 13 14 1 0
8 13 14 2 0
8 13 14 3 0
8 13 14 4 0
8 13 14 5 0
8 13 14 6 0
8 13 14 7 0
8 13 14 8 0
8 13 14 9 0
8 13 14 10 0
8 13 14 11 0
8 13 14 12 0
8 13 14 13 0
8 13 14 14 0
8 13 14 15 0
8 13 15 0 0
8 13 15 1 0
8 13 15 2 0
8 13 15 3 0
8 13 15 4 0
8 13 15 5 0
8 13 15 6 0
8 13 15 7 0
8 13 15 8 0
8 13 15 9 0
8 13 15 10 0
8 13 15 11 0
8 13 15 12 0
8 13 15 13 0
8 13 15 14 0
8 13 15 15 0
8 14 0 0 0
8 14 0 1 0
8 14 0 2 0
8 14 0 3 0
8 14 0 4 0
8 14 0 5 0
8 14 0 6 0
8 14 0 7 0
8 14 0 8 0
8 14 0 9 0
8 14 0 10 0
8 14 0 11 0
8 14 0 12 0
8 14 0 13 0
8 14 0 14 0
8 14 0 15 0
8 14 1 0 0
8 14 1 1 0
8 14 1 2 0
8 14 1 3 0
8 14 1 4 0
8 14 1 5 0
8 14 1 6 0
8 14 1 7 0
8 14 1 8 0
8 14 1 9 0
8 14 1 10 0
8 14 1 11 0
8 14 1 12 0
8 14 1 13 0
8 14 1 14 0
8 14 1 15 0
8 14 2 0 0
8 14 2 1 0
8 14 2 2 0
8 14 2 3 0
8 14 2 4 0
8 14 2 5 0
8 14 2 6 0
8 14 2 7 0
8 14 2 8 0
8 14 2 9 0
8 14 2 10 0
8 14 2 11 0
8 14 2 12 0
8 14 2 13 0
8 14 2 14 0
8 14 2 15 0
8 14 3 0 0
8 14 3 1 0
8 14 3 2 0
8 14 3 3 0
8 14 3 4 0
8 14 3 5 0
8 14 3 6 0
8 14 3 7 0
8 14 3 8 0
8 14 3 9 0
8 14 3 10 0
8 14 3 11 0
8 14 3 12 0
8 14 3 13 0
8 14 3 14 0
8 14 3 15 0
8 14 4 0 0
8 14 4 1 0
8 14 4 2 0
8 14 4 3 0
8 14 4 4 0
8 14 4 5 0
8 14 4 6 0
8 14 4 7 0
8 14 4 8 0
8 14 4 9 0
8 14 4 10 0
8 14 4 11 0
8 14 4 12 0
8 14 4 13 0
8 14 4 14 0
8 14 4 15 0
8 14 5 0 0
8 14 5 1 0
8 14 5 2 0
8 14 5 3 0
8 14 5 4 0
8 14 5 5 0
8 14 5 6 0
8 14 5 7 0
8 14 5 8 0
8 14 5 9 0
8 14 5 10 0
8 14 5 11 0
8 14 5 12 0
8 14 5 13 0
8 14 5 14 0
8 14 5 15 0
8 14 6 0 0
8 14 6 1 0
8 14 6 2 0
8 14 6 3 0
8 14 6 4 0
8 14 6 5 0
8 14 6 6 0
8 14 6 7 0
8 14 6 8 0
8 14 6 9 0
8 14 6 10 0
8 14 6 11 0
8 14 6 12 0
8 14 6 13 0
8 14 6 14 0
8 14 6 15 0
8 14 7 0 0
8 14 7 1 0
8 14 7 2 0
8 14 7 3 0
8 14 7 4 0
8 14 7 5 0
8 14 7 6 0
8 14 7 7 0
8 14 7 8 0
8 14 7 9 0
8 14 7 10 0
8 14 7 11 0
8 14 7 12 0
8 14 7 13 0
8 14 7 14 0
8 14 7 15 0
8 14 8 0 0
8 14 8 1 0
8 14 8 2 0
8 14 8 3 0
8 14 8 4 0
8 14 8 5 0
8 14 8 6 0
8 14 8 7 0
8 14 8 8 0
8 14 8 9 0
8 14 8 10 0
8 14 8 11 0
8 14 8 12 0
8 14 8 13 0
8 14 8 14 0
8 14 8 15 0
8 14 9 0 0
8 14 9 1 0
8 14 9 2 0
8 14 9 3 0
8 14 9 4 0
8 14 9 5 0
8 14 9 6 0
8 14 9 7 0
8 14 9 8 0
8 14 9 9 0
8 14 9 10 0
8 14 9 11 0
8 14 9 12 0
8 14 9 13 0
8 14 9 14 0
8 14 9 15 0
8 14 10 0 0
8 14 10 1 0
8 14 10 2 0
8 14 10 3 0
8 14 10 4 0
8 14 10 5 0
8 14 10 6 0
8 14 10 7 0
8 14 10 8 0
8 14 10 9 0
8 14 10 10 0
8 14 10 11 0
8 14 10 12 0
8 14 10 13 0
8 14 10 14 0
8 14 10 15 0
8 14 11 0 0
8 14 11 1 0
8 14 11 2 0
8 14 11 3 0
8 14 11 4 0
8 14 11 5 0
8 14 11 6 0
8 14 11 7 0
8 14 11 8 0
8 14 11 9 0
8 14 11 10 0
8 14 11 11 0
8 14 11 12 0
8 14 11 13 0
8 14 11 14 0
8 14 11 15 0
8 14 12 0 0
8 14 12 1 0
8 14 12 2 0
8 14 12 3 0
8 14 12 4 0
8 14 12 5 0
8 14 12 6 0
8 14 12 7 0
8 14 12 8 0
8 14 12 9 0
8 14 12 10 0
8 14 12 11 0
8 14 12 12 0
8 14 12 13 0
8 14 12 14 0
8 14 12 15 0
8 14 13 0 0
8 14 13 1 0
8 14 13 2 0
8 14 13 3 0
8 14 13 4 0
8 14 13 5 0
8 14 13 6 0
8 14 13 7 0
8 14 13 8 0
8 14 13 9 0
8 14 13 10 0
8 14 13 11 0
8 14 13 12 0
8 14 13 13 0
8 14 13 14 0
8 14 13 15 0
8 14 14 0 0
8 14 14 1 0
8 14 14 2 0
8 14 14 3 0
8 14 14 4 0
8 14 14 5 0
8 14 14 6 0
8 14 14 7 0
8 14 14 8 0
8 14 14 9 0
8 14 14 10 0
8 14 14 11 0
8 14 14 12 0
8 14 14 13 0
8 14 14 14 0
8 14 14 15 0
8 14 15 0 0
8 14 15 1 0
8 14 15 2 0
8 14 15 3 0
8 14 15 4 0
8 14 15 5 0
8 14 15 6 0
8 14 15 7 0
8 14 15 8 0
8 14 15 9 0
8 14 15 10 0
8 14 15 11 0
8 14 15 12 0
8 14 15 13 0
8 14 15 14 0
8 14 15 15 0
8 15 0 0 0
8 15 0 1 0
8 15 0 2 0
8 15 0 3 0
8 15 0 4 0
8 15 0 5 0
8 15 0 6 0
8 15 0 7 0
8 15 0 8 0
8 15 0 9 0
8 15 0 10 0
8 15 0 11 0
8 15 0 12 0
8 15 0 13 0
8 15 0 14 0
8 15 0 15 0
8 15 1 0 0
8 15 1 1 0
8 15 1 2 0
8 15 1 3 0
8 15 1 4 0
8 15 1 5 0
8 15 1 6 0
8 15 1 7 0
8 15 1 8 0
8 15 1 9 0
8 15 1 10 0
8 15 1 11 0
8 15 1 12 0
8 15 1 13 0
8 15 1 14 0
8 15 1 15 0
8 15 2 0 0
8 15 2 1 0
8 15 2 2 0
8 15 2 3 0
8 15 2 4 0
8 15 2 5 0
8 15 2 6 0
8 15 2 7 0
8 15 2 8 0
8 15 2 9 0
8 15 2 10 0
8 15 2 11 0
8 15 2 12 0
8 15 2 13 0
8 15 2 14 0
8 15 2 15 0
8 15 3 0 0
8 15 3 1 0
8 15 3 2 0
8 15 3 3 0
8 15 3 4 0
8 15 3 5 0
8 15 3 6 0
8 15 3 7 0
8 15 3 8 0
8 15 3 9 0
8 15 3 10 0
8 15 3 11 0
8 15 3 12 0
8 15 3 13 0
8 15 3 14 0
8 15 3 15 0
8 15 4 0 0
8 15 4 1 0
8 15 4 2 0
8 15 4 3 0
8 15 4 4 0
8 15 4 5 0
8 15 4 6 0
8 15 4 7 0
8 15 4 8 0
8 15 4 9 0
8 15 4 10 0
8 15 4 11 0
8 15 4 12 0
8 15 4 13 0
8 15 4 14 0
8 15 4 15 0
8 15 5 0 0
8 15 5 1 0
8 15 5 2 0
8 15 5 3 0
8 15 5 4 0
8 15 5 5 0
8 15 5 6 0
8 15 5 7 0
8 15 5 8 0
8 15 5 9 0
8 15 5 10 0
8 15 5 11 0
8 15 5 12 0
8 15 5 13 0
8 15 5 14 0
8 15 5 15 0
8 15 6 0 0
8 15 6 1 0
8 15 6 2 0
8 15 6 3 0
8 15 6 4 0
8 15 6 5 0
8 15 6 6 0
8 15 6 7 0
8 15 6 8 0
8 15 6 9 0
8 15 6 10 0
8 15 6 11 0
8 15 6 12 0
8 15 6 13 0
8 15 6 14 0
8 15 6 15 0
8 15 7 0 0
8 15 7 1 0
8 15 7 2 0
8 15 7 3 0
8 15 7 4 0
8 15 7 5 0
8 15 7 6 0
8 15 7 7 0
8 15 7 8 0
8 15 7 9 0
8 15 7 10 0
8 15 7 11 0
8 15 7 12 0
8 15 7 13 0
8 15 7 14 0
8 15 7 15 0
8 15 8 0 0
8 15 8 1 0
8 15 8 2 0
8 15 8 3 0
8 15 8 4 0
8 15 8 5 0
8 15 8 6 0
8 15 8 7 0
8 15 8 8 0
8 15 8 9 0
8 15 8 10 0
8 15 8 11 0
8 15 8 12 0
8 15 8 13 0
8 15 8 14 0
8 15 8 15 0
8 15 9 0 0
8 15 9 1 0
8 15 9 2 0
8 15 9 3 0
8 15 9 4 0
8 15 9 5 0
8 15 9 6 0
8 15 9 7 0
8 15 9 8 0
8 15 9 9 0
8 15 9 10 0
8 15 9 11 0
8 15 9 12 0
8 15 9 13 0
8 15 9 14 0
8 15 9 15 0
8 15 10 0 0
8 15 10 1 0
8 15 10 2 0
8 15 10 3 0
8 15 10 4 0
8 15 10 5 0
8 15 10 6 0
8 15 10 7 0
8 15 10 8 0
8 15 10 9 0
8 15 10 10 0
8 15 10 11 0
8 15 10 12 0
8 15 10 13 0
8 15 10 14 0
8 15 10 15 0
8 15 11 0 0
8 15 11 1 0
8 15 11 2 0
8 15 11 3 0
8 15 11 4 0
8 15 11 5 0
8 15 11 6 0
8 15 11 7 0
8 15 11 8 0
8 15 11 9 0
8 15 11 10 0
8 15 11 11 0
8 15 11 12 0
8 15 11 13 0
8 15 11 14 0
8 15 11 15 0
8 15 12 0 0
8 15 12 1 0
8 15 12 2 0
8 15 12 3 0
8 15 12 4 0
8 15 12 5 0
8 15 12 6 0
8 15 12 7 0
8 15 12 8 0
8 15 12 9 0
8 15 12 10 0
8 15 12 11 0
8 15 12 12 0
8 15 12 13 0
8 15 12 14 0
8 15 12 15 0
8 15 13 0 0
8 15 13 1 0
8 15 13 2 0
8 15 13 3 0
8 15 13 4 0
8 15 13 5 0
8 15 13 6 0
8 15 13 7 0
8 15 13 8 0
8 15 13 9 0
8 15 13 10 0
8 15 13 11 0
8 15 13 12 0
8 15 13 13 0
8 15 13 14 0
8 15 13 15 0
8 15 14 0 0
8 15 14 1 0
8 15 14 2 0
8 15 14 3 0
8 15 14 4 0
8 15 14 5 0
8 15 14 6 0
8 15 14 7 0
8 15 14 8 0
8 15 14 9 0
8 15 14 10 0
8 15 14 11 0
8 15 14 12 0
8 15 14 13 0
8 15 14 14 0
8 15 14 15 0
8 15 15 0 0
8 15 15 1 0
8 15 15 2 0
8 15 15 3 0
8 15 15 4 0
8 15 15 5 0
8 15 15 6 0
8 15 15 7 0
8 15 15 8 0
8 15 15 9 0
8 15 15 10 0
8 15 15 11 0
8 15 15 12 0
8 15 15 13 0
8 15 15 14 0
8 15 15 15 0
9 0 0 0 0
9 0 0 1 0
9 0 0 2 0
9 0 0 3 0
9 0 0 4 -0.01004127042988527
9 0 0 5 0
9 0 0 6 0
9 0 0 7 0
9 0 0 8 0
9 0 0 9 -0.0008515352162258962
9 0 0 10 0
9 0 0 11 0
9 0 0 12 0
9 0 0 13 0
9 0 0 14 0
9 0 0 15 0
9 0 1 0 0
9 0 1 1 0
9 0 1 2 0
9 0 1 3 0
9 0 1 4 0
9 0 1 5 0
9 0 1 6 0
9 0 1 7 0
9 0 1 8 0
9 0 1 9 0
9 0 1 10 0
9 0 1 11 0
9 0 1 12 0
9 0 1 13 0
9 0 1 14 0
9 0 1 15 0
9 0 2 0 0
9 0 2 1 0
9 0 2 2 0
9 0 2 3 0
9 0 2 4 0
9 0 2 5 0
9 0 2 6 0
9 0 2 7 0
9 0 2 8 0
9 0 2 9 0
9 0 2 10 0
9 0 2 11 0
9 0 2 12 0
9 0 2 13 0
9 0 2 14 0
9 0 2 15 0
9 0 3 0 0
9 0 3 1 0
9 0 3 2 0
9 0 3 3 0
9 0 3 4 0
9 0 3 5 0
9 0 3 6 0
9 0 3 7 0
9 0 3 8 0
9 0 3 9 0
9 0 3 10 0
9 0 3 11 0
9 0 3 12 0
9 0 3 13 0
9 0 3 14 0
9 0 3 15 0
9 0 4 0 0.02008254085977053
9 0 4 1 0
9 0 4 2 0
9 0 4 3 0
9 0 4 4 0
9 0 4 5 0
9 0 4 6 0
9 0 4 7 0
9 0 4 8 0
9 0 4 9 0
9 0 4 10 0
9 0 4 11 -0.0001659254964168851
9 0 4 12 0
9 0 4 13 0
9 0 4 14 0
9 0 4 15 0
9 0 5 0 0
9 0 5 1 0
9 0 5 2 0
9 0 5 3 0
9 0 5 4 0
9 0 5 5 0
9 0 5 6 0
9 0 5 7 0
9 0 5 8 0
9 0 5 9 0
9 0 5 10 0
9 0 5 11 0
9 0 5 12 0
9 0 5 13 0
9 0 5 14 0
9 0 5 15 0
9 0 6 0 0
9 0 6 1 0
9 0 6 2 0
9 0 6 3 0
9 0 6 4 0
9 0 6 5 0
9 0 6 6 0
9 0 6 7 0
9 0 6 8 0
9 0 6 9 0
9 0 6 10 0
9 0 6 11 0
9 0 6 12 0
9 0 6 13 0
9 0 6 14 0
9 0 6 15 0
9 0 7 0 0
9 0 7 1 0
9 0 7 2 0
9 0 7 3 0
9 0 7 4 0
9 0 7 5 0
9 0 7 6 0
9 0 7 7 0
9 0 7 8 0
9 0 7 9 0
9 0 7 10 0
9 0 7 11 0
9 0 7 12 0
9 0 7 13 0
9 0 7 14 0
9 0 7 15 0
9 0 8 0 0
9 0 8 1 0
9 0 8 2 0
9 0 8 3 0
9 0 8 4 0
9 0 8 5 0
9 0 8 6 0
9 0 8 7 0
9 0 8 8 0
9 0 8 9 0
9 0 8 10 0
9 0 8 11 0
9 0 8 12 0
9 0 8 13 0
9 0 8 14 0
9 0 8 15 0
9 0 9 0 0.001703070432451792
9 0 9 1 0
9 0 9 2 0
9 0 9 3 0
9 0 9 4 0
9 0 9 5 0
9 0 9 6 0
9 0 9 7 0
9 0 9 8 0
9 0 9 9 0
9 0 9 10 0
9 0 9 11 0
9 0 9 12 0
9 0 9 13 0
9 0 9 14 0
9 0 9 15 0
9 0 10 0 0
9 0 10 1 0
9 0 10 2 0
9 0 10 3 0
9 0 10 4 0
9 0 10 5 0
9 0 10 6 0
9 0 10 7 0
9 0 10 8 0
9 0 10 9 0
9 0 10 10 0
9 0 10 11 0
9 0 10 12 0
9 0 10 13 0
9 0 10 14 0
9 0 10 15 0
9 0 11 0 0
9 0 11 1 0
9 0 11 2 0
9 0 11 3 0
9 0 11 4 -0.00015219042936122
9 0 11 5 0
9 0 11 6 0
9 0 11 7 0
9 0 11 8 0
9 0 11 9 0
9 0 11 10 0
9 0 11 11 0
9 0 11 12 0
9 0 11 13 0
9 0 11 14 0
9 0 11 15 0
9 0 12 0 0
9 0 12 1 0
9 0 12 2 0
9 0 12 3 0
9 0 12 4 0
9 0 12 5 0
9 0 12 6 0
9 0 12 7 0
9 0 12 8 0
9 0 12 9 0
9 0 12 10 0
9 0 12 11 0
9 0 12 12 0
9 0 12 13 0
9 0 12 14 0
9 0 12 15 0
9 0 13 0 0
9 0 13 1 0
9 0 13 2 0
9 0 13 3 0
9 0 13 4 0
9 0 13 5 0
9 0 13 6 0
9 0 13 7 0
9 0 13 8 0
9 0 13 9 0
9 0 13 10 0
9 0 13 11 0
9 0 13 12 0
9 0 13 13 0
9 0 13 14 0
9 0 13 15 0
9 0 14 0 0
9 0 14 1 0
9 0 14 2 0
9 0 14 3 0
9 0 14 4 0
9 0 14 5 0
9 0 14 6 0
9 0 14 7 0
9 0 14 8 0
9 0 14 9 0
9 0 14 10 0
9 0 14 11 0
9 0 14 12 0
9 0 14 13 0
9 0 14 14 0
9 0 14 15 0
9 0 15 0 0
9 0 15 1 0
9 0 15 2 0
9 0 15 3 0
9 0 15 4 0
9 0 15 5 0
9 0 15 6 0
9 0 15 7 0
9 0 15 8 0
9 0 15 9 0
9 0 15 10 0
9 0 15 11 0
9 0 15 12 0
9 0 15 13 0
9 0 15 14 0
9 0 15 15 0
9 1 0 0 0
9 1 0 1 0
9 1 0 2 0
9 1 0 3 0
9 1 0 4 0
9 1 0 5 0
9 1 0 6 0
9 1 0 7 0
9 1 0 8 0
9 1 0 9 0
9 1 0 10 0
9 1 0 11 0
9 1 0 12 0
9 1 0 13 0
9 1 0 14 0
9 1 0 15 0
9 1 1 0 0
9 1 1 1 0
9 1 1 2 0
9 1 1 3 0
9 1 1 4 -0.01004127042988527
9 1 1 5 0
9 1 1 6 0
9 1 1 7 0
9 1 1 8 0
9 1 1 9 -0.0008515352162258962
9 1 1 10 0
9 1 1 11 0
9 1 1 12 0
9 1 1 13 0
9 1 1 14 0
9 1 1 15 0
9 1 2 0 0
9 1 2 1 0
9 1 2 2 0
9 1 2 3 0
9 1 2 4 0
9 1 2 5 0
9 1 2 6 0
9 1 2 7 0
9 1 2 8 0
9 1 2 9 0
9 1 2 10 0
9 1 2 11 0
9 1 2 12 0
9 1 2 13 0
9 1 2 14 0
9 1 2 15 0
9 1 3 0 0
9 1 3 1 0
9 1 3 2 0
9 1 3 3 0
9 1 3 4 0
9 1 3 5 0
9 1 3 6 0
9 1 3 7 0
9 1 3 8 0
9 1 3 9 0
9 1 3 10 0
9 1 3 11 0
9 1 3 12 0
9 1 3 13 0
9 1 3 14 0
9 1 3 15 0
9 1 4 0 0
9 1 4 1 0.02008254085977053
9 1 4 2 0
9 1 4 3 0
9 1 4 4 0
9 1 4 5 0
9 1 4 6 0
9 1 4 7 0
9 1 4 8 0
9 1 4 9 0
9 1 4 10 0
9 1 4 11 0
9 1 4 12 0
9 1 4 13 0
9 1 4 14 0
9 1 4 15 0.000161169957528147
9 1 5 0 0
9 1 5 1 0
9 1 5 2 0
9 1 5 3 0
9 1 5 4 0
9 1 5 5 0
9 1 5 6 0
9 1 5 7 0
9 1 5 8 0
9 1 5 9 0
9 1 5 10 0
9 1 5 11 0
9 1 5 12 0
9 1 5 13 0
9 1 5 14 0
9 1 5 15 0
9 1 6 0 0
9 1 6 1 0
9 1 6 2 0
9 1 6 3 0
9 1 6 4 0
9 1 6 5 0
9 1 6 6 0
9 1 6 7 0
9 1 6 8 0
9 1 6 9 0
9 1 6 10 0
9 1 6 11 0
9 1 6 12 0
9 1 6 13 0
9 1 6 14 0
9 1 6 15 0
9 1 7 0 0
9 1 7 1 0
9 1 7 2 0
9 1 7 3 0
9 1 7 4 0
9 1 7 5 0
9 1 7 6 0
9 1 7 7 0
9 1 7 8 0
9 1 7 9 0
9 1 7 10 0
9 1 7 11 0
9 1 7 12 0
9 1 7 13 0
9 1 7 14 0
9 1 7 15 0
9 1 8 0 0
9 1 8 1 0
9 1 8 2 0
9 1 8 3 0
9 1 8 4 0
9 1 8 5 0
9 1 8 6 0
9 1 8 7 0
9 1 8 8 0
9 1 8 9 0
9 1 8 10 0
9 1 8 11 0
9 1 8 12 0
9 1 8 13 0
9 1 8 14 0
9 1 8 15 0
9 1 9 0 0
9 1 9 1 0.001703070432451792
9 1 9 2 0
9 1 9 3 0
9 1 9 4 0
9 1 9 5 0
9 1 9 6 0
9 1 9 7 0
9 1 9 8 0
9 1 9 9 0
9 1 9 10 0
9 1 9 11 0
9 1 9 12 0
9 1 9 13 0
9 1 9 14 0
9 1 9 15 0
9 1 10 0 0
9 1 10 1 0
9 1 10 2 0
9 1 10 3 0
9 1 10 4 0
9 1 10 5 0
9 1 10 6 0
9 1 10 7 0
9 1 10 8 0
9 1 10 9 0
9 1 10 10 0
9 1 10 11 0
9 1 10 12 0
9 1 10 13 0
9 1 10 14 0
9 1 10 15 0
9 1 11 0 0
9 1 11 1 0
9 1 11 2 0
9 1 11 3 0
9 1 11 4 0
9 1 11 5 0
9 1 11 6 0
9 1 11 7 0
9 1 11 8 0
9 1 11 9 0
9 1 11 10 0
9 1 11 11 0
9 1 11 12 0
9 1 11 13 0
9 1 11 14 0
9 1 11 15 0
9 1 12 0 0
9 1 12 1 0
9 1 12 2 0
9 1 12 3 0
9 1 12 4 0
9 1 12 5 0
9 1 12 6 0
9 1 12 7 0
9 1 12 8 0
9 1 12 9 0
9 1 12 10 0
9 1 12 11 0
9 1 12 12 0
9 1 12 13 0
9 1 12 14 0
9 1 12 15 0
9 1 13 0 0
9 1 13 1 0
9 1 13 2 0
9 1 13 3 0
9 1 13 4 0
9 1 13 5 0
9 1 13 6 0
9 1 13 7 0
9 1 13 8 0
9 1 13 9 0
9 1 13 10 0
9 1 13 11 0
9 1 13 12 0
9 1 13 13 0
9 1 13 14 0
9 1 13 15 0
9 1 14 0 0
9 1 14 1 0
9 1 14 2 0
9 1 14 3 0
9 1 14 4 0
9 1 14 5 0
9 1 14 6 0
9 1 14 7 0
9 1 14 8 0
9 1 14 9 0
9 1 14 10 0
9 1 14 11 0
9 1 14 12 0
9 1 14 13 0
9 1 14 14 0
9 1 14 15 0
9 1 15 0 0
9 1 15 1 0
9 1 15 2 0
9 1 15 3 0
9 1 15 4 -3.809636065563682e-05
9 1 15 5 0
9 1 15 6 0
9 1 15 7 0
9 1 15 8 0
9 1 15 9 0
9 1 15 10 0
9 1 15 11 0
9 1 15 12 0
9 1 15 13 0
9 1 15 14 0
9 1 15 15 0
9 2 0 0 0
9 2 0 1 0
9 2 0 2 0
9 2 0 3 0
9 2 0 4 0
9 2 0 5 0
9 2 0 6 0
9 2 0 7 0
9 2 0 8 0
9 2 0 9 0
9 2 0 10 0
9 2 0 11 0
9 2 0 12 0
9 2 0 13 0
9 2 0 14 0
9 2 0 15 0
9 2 1 0 0
9 2 1 1 0
9 2 1 2 0
9 2 1 3 0
9 2 1 4 0
9 2 1 5 0
9 2 1 6 0
9 2 1 7 0
9 2 1 8 0
9 2 1 9 0
9 2 1 10 0
9 2 1 11 0
9 2 1 12 0
9 2 1 13 0
9 2 1 14 0
9 2 1 15 0
9 2 2 0 0
9 2 2 1 0
9 2 2 2 0
9 2 2 3 0
9 2 2 4 -0.01004127042988527
9 2 2 5 0
9 2 2 6 0
9 2 2 7 0
9 2 2 8 0
9 2 2 9 -0.0008515352162258962
9 2 2 10 0
9 2 2 11 0
9 2 2 12 0
9 2 2 13 0
9 2 2 14 0
9 2 2 15 0
9 2 3 0 0
9 2 3 1 0
9 2 3 2 0
9 2 3 3 0
9 2 3 4 0
9 2 3 5 0
9 2 3 6 0
9 2 3 7 0
9 2 3 8 0
9 2 3 9 0
9 2 3 10 0
9 2 3 11 0
9 2 3 12 0
9 2 3 13 0
9 2 3 14 0
9 2 3 15 0
9 2 4 0 0
9 2 4 1 0
9 2 4 2 0.02008254085977053
9 2 4 3 0
9 2 4 4 0
9 2 4 5 0
9 2 4 6 0
9 2 4 7 0
9 2 4 8 0
9 2 4 9 0
9 2 4 10 0
9 2 4 11 -0.0001885455708893252
9 2 4 12 0
9 2 4 13 0
9 2 4 14 7.040654279366737e-05
9 2 4 15 0
9 2 5 0 0
9 2 5 1 0
9 2 5 2 0
9 2 5 3 0
9 2 5 4 0
9 2 5 5 0
9 2 5 6 0
9 2 5 7 -5.339650534137194e-18
9 2 5 8 0
9 2 5 9 0
9 2 5 10 0
9 2 5 11 0
9 2 5 12 0
9 2 5 13 0
9 2 5 14 0
9 2 5 15 0
9 2 6 0 0
9 2 6 1 0
9 2 6 2 0
9 2 6 3 0
9 2 6 4 0
9 2 6 5 0
9 2 6 6 0
9 2 6 7 0
9 2 6 8 0
9 2 6 9 0
9 2 6 10 0
9 2 6 11 0
9 2 6 12 0
9 2 6 13 0
9 2 6 14 0
9 2 6 15 0
9 2 7 0 0
9 2 7 1 0
9 2 7 2 0
9 2 7 3 0
9 2 7 4 0
9 2 7 5 1.839297432623957e-18
9 2 7 6 0
9 2 7 7 0
9 2 7 8 0
9 2 7 9 0
9 2 7 10 0
9 2 7 11 0
9 2 7 12 0
9 2 7 13 0
9 2 7 14 0
9 2 7 15 0
9 2 8 0 0
9 2 8 1 0
9 2 8 2 0
9 2 8 3 0
9 2 8 4 0
9 2 8 5 0
9 2 8 6 0
9 2 8 7 0
9 2 8 8 0
9 2 8 9 0
9 2 8 10 0
9 2 8 11 0
9 2 8 12 0
9 2 8 13 0
9 2 8 14 0
9 2 8 15 0
9 2 9 0 0
9 2 9 1 0
9 2 9 2 0.001703070432451792
9 2 9 3 0
9 2 9 4 0
9 2 9 5 0
9 2 9 6 0
9 2 9 7 0
9 2 9 8 0
9 2 9 9 0
9 2 9 10 0
9 2 9 11 0
9 2 9 12 0
9 2 9 13 0
9 2 9 14 0
9 2 9 15 0
9 2 10 0 0
9 2 10 1 0
9 2 10 2 0
9 2 10 3 0
9 2 10 4 0
9 2 10 5 0
9 2 10 6 0
9 2 10 7 0
9 2 10 8 0
9 2 10 9 0
9 2 10 10 0
9 2 10 11 0
9 2 10 12 0
9 2 10 13 0
9 2 10 14 0
9 2 10 15 0
9 2 11 0 0
9 2 11 1 0
9 2 11 2 0
9 2 11 3 0
9 2 11 4 1.996686898472633e-05
9 2 11 5 0
9 2 11 6 0
9 2 11 7 0
9 2 11 8 0
9 2 11 9 0
9 2 11 10 0
9 2 11 11 0
9 2 11 12 0
9 2 11 13 0
9 2 11 14 0
9 2 11 15 0
9 2 12 0 0
9 2 12 1 0
9 2 12 2 0
9 2 12 3 0
9 2 12 4 0
9 2 12 5 0
9 2 12 6 0
9 2 12 7 0
9 2 12 8 0
9 2 12 9 0
9 2 12 10 0
9 2 12 11 0
9 2 12 12 0
9 2 12 13 0
9 2 12 14 0
9 2 12 15 0
9 2 13 0 0
9 2 13 1 0
9 2 13 2 0
9 2 13 3 0
9 2 13 4 0
9 2 13 5 0
9 2 13 6 0
9 2 13 7 0
9 2 13 8 0
9 2 13 9 0
9 2 13 10 0
9 2 13 11 0
9 2 13 12 0
9 2 13 13 0
9 2 13 14 0
9 2 13 15 0
9 2 14 0 0
9 2 14 1 0
9 2 14 2 0
9 2 14 3 0
9 2 14 4 -0.0001110351905566513
9 2 14 5 0
9 2 14 6 0
9 2 14 7 0
9 2 14 8 0
9 2 14 9 0
9 2 14 10 0
9 2 14 11 0
9 2 14 12 0
9 2 14 13 0
9 2 14 14 0
9 2 14 15 0
9 2 15 0 0
9 2 15 1 0
9 2 15 2 0
9 2 15 3 0
9 2 15 4 0
9 2 15 5 0
9 2 15 6 0
9 2 15 7 0
9 2 15 8 0
9 2 15 9 0
9 2 15 10 0
9 2 15 11 0
9 2 15 12 0
9 2 15 13 0
9 2 15 14 0
9 2 15 15 0
9 3 0 0 0
9 3 0 1 0
9 3 0 2 0
9 3 0 3 0
9 3 0 4 0
9 3 0 5 0
9 3 0 6 0
9 3 0 7 0
9 3 0 8 0
9 3 0 9 0
9 3 0 10 0
9 3 0 11 0
9 3 0 12 0
9 3 0 13 0
9 3 0 14 0
9 3 0 15 0
9 3 1 0 0
9 3 1 1 0
9 3 1 2 0
9 3 1 3 0
9 3 1 4 0
9 3 1 5 0
9 3 1 6 0
9 3 1 7 0
9 3 1 8 0
9 3 1 9 0
9 3 1 10 0
9 3 1 11 0
9 3 1 12 0
9 3 1 13 0
9 3 1 14 0
9 3 1 15 0
9 3 2 0 0
9 3 2 1 0
9 3 2 2 0
9 3 2 3 0
9 3 2 4 0
9 3 2 5 0
9 3 2 6 0
9 3 2 7 0
9 3 2 8 0
9 3 2 9 0
9 3 2 10 0
9 3 2 11 0
9 3 2 12 0
9 3 2 13 0
9 3 2 14 0
9 3 2 15 0
9 3 3 0 0
9 3 3 1 0
9 3 3 2 0
9 3 3 3 0
9 3 3 4 -0.01004127042988526
9 3 3 5 0
9 3 3 6 0
9 3 3 7 0
9 3 3 8 0
9 3 3 9 -0.0008515352162258947
9 3 3 10 0
9 3 3 11 0
9 3 3 12 0
9 3 3 13 0
9 3 3 14 0
9 3 3 15 0
9 3 4 0 0
9 3 4 1 0
9 3 4 2 0
9 3 4 3 0.01004127042988527
9 3 4 4 0
9 3 4 5 0
9 3 4 6 0
9 3 4 7 0
9 3 4 8 0.0007533828639158843
9 3 4 9 0
9 3 4 10 0
9 3 4 11 0
9 3 4 12 0
9 3 4 13 0
9 3 4 14 0
9 3 4 15 0
9 3 5 0 0
9 3 5 1 0
9 3 5 2 0
9 3 5 3 0
9 3 5 4 0
9 3 5 5 0
9 3 5 6 -6.187329916577856e-18
9 3 5 7 0
9 3 5 8 0
9 3 5 9 0
9 3 5 10 0
9 3 5 11 0
9 3 5 12 0
9 3 5 13 -3.529652310561309e-19
9 3 5 14 0
9 3 5 15 0
9 3 6 0 0
9 3 6 1 0
9 3 6 2 0
9 3 6 3 0
9 3 6 4 0
9 3 6 5 7.58242230004819e-18
9 3 6 6 0
9 3 6 7 0
9 3 6 8 0
9 3 6 9 0
9 3 6 10 0
9 3 6 11 0
9 3 6 12 5.271469063854737e-19
9 3 6 13 0
9 3 6 14 0
9 3 6 15 0
9 3 7 0 0
9 3 7 1 0
9 3 7 2 0
9 3 7 3 0
9 3 7 4 0
9 3 7 5 0
9 3 7 6 0
9 3 7 7 0
9 3 7 8 0
9 3 7 9 0
9 3 7 10 0
9 3 7 11 0
9 3 7 12 0
9 3 7 13 0
9 3 7 14 0
9 3 7 15 0
9 3 8 0 0
9 3 8 1 0
9 3 8 2 0
9 3 8 3 0
9 3 8 4 -0.0007533828639158829
9 3 8 5 0
9 3 8 6 0
9 3 8 7 0
9 3 8 8 0
9 3 8 9 0
9 3 8 10 0
9 3 8 11 0
9 3 8 12 0
9 3 8 13 0
9 3 8 14 0
9 3 8 15 0
9 3 9 0 0
9 3 9 1 0
9 3 9 2 0
9 3 9 3 0.0008515352162258957
9 3 9 4 0
9 3 9 5 0
9 3 9 6 0
9 3 9 7 0
9 3 9 8 0
9 3 9 9 0
9 3 9 10 0
9 3 9 11 0
9 3 9 12 0
9 3 9 13 0
9 3 9 14 0
9 3 9 15 0
9 3 10 0 0
9 3 10 1 0
9 3 10 2 0
9 3 10 3 0
9 3 10 4 0
9 3 10 5 0
9 3 10 6 0
9 3 10 7 0
9 3 10 8 0
9 3 10 9 0
9 3 10 10 0
9 3 10 11 0
9 3 10 12 0
9 3 10 13 0
9 3 10 14 0
9 3 10 15 0
9 3 11 0 0
9 3 11 1 0
9 3 11 2 0
9 3 11 3 0
9 3 11 4 0
9 3 11 5 0
9 3 11 6 0
9 3 11 7 0
9 3 11 8 0
9 3 11 9 0
9 3 11 10 0
9 3 11 11 0
9 3 11 12 0
9 3 11 13 0
9 3 11 14 0
9 3 11 15 0
9 3 12 0 0
9 3 12 1 0
9 3 12 2 0
9 3 12 3 0
9 3 12 4 0
9 3 12 5 0
9 3 12 6 -1.101818356878885e-18
9 3 12 7 0
9 3 12 8 0
9 3 12 9 0
9 3 12 10 0
9 3 12 11 0
9 3 12 12 0
9 3 12 13 0
9 3 12 14 0
9 3 12 15 0
9 3 13 0 0
9 3 13 1 0
9 3 13 2 0
9 3 13 3 0
9 3 13 4 0
9 3 13 5 3.86915907717548e-19
9 3 13 6 0
9 3 13 7 0
9 3 13 8 0
9 3 13 9 0
9 3 13 10 0
9 3 13 11 0
9 3 13 12 0
9 3 13 13 0
9 3 13 14 0
9 3 13 15 0
9 3 14 0 0
9 3 14 1 0
9 3 14 2 0
9 3 14 3 0
9 3 14 4 0
9 3 14 5 0
9 3 14 6 0
9 3 14 7 0
9 3 14 8 0
9 3 14 9 0
9 3 14 10 0
9 3 14 11 0
9 3 14 12 0
9 3 14 13 0
9 3 14 14 0
9 3 14 15 0
9 3 15 0 0
9 3 15 1 0
9 3 15 2 0
9 3 15 3 0
9 3 15 4 0
9 3 15 5 0
9 3 15 6 0
9 3 15 7 0
9 3 15 8 0
9 3 15 9 0
9 3 15 10 0
9 3 15 11 0
9 3 15 12 0
9 3 15 13 0
9 3 15 14 0
9 3 15 15 0
9 4 0 0 0
9 4 0 1 0
9 4 0 2 0
9 4 0 3 0
9 4 0 4 0
9 4 0 5 0
9 4 0 6 0
9 4 0 7 0
9 4 0 8 0
9 4 0 9 0
9 4 0 10 0
9 4 0 11 0
9 4 0 12 0
9 4 0 13 0
9 4 0 14 0
9 4 0 15 0
9 4 1 0 0
9 4 1 1 0
9 4 1 2 0
9 4 1 3 0
9 4 1 4 0
9 4 1 5 0
9 4 1 6 0
9 4 1 7 0
9 4 1 8 0
9 4 1 9 0
9 4 1 10 0
9 4 1 11 0
9 4 1 12 0
9 4 1 13 0
9 4 1 14 0
9 4 1 15 0
9 4 2 0 0
9 4 2 1 0
9 4 2 2 0
9 4 2 3 0
9 4 2 4 0
9 4 2 5 0
9 4 2 6 0
9 4 2 7 0
9 4 2 8 0
9 4 2 9 0
9 4 2 10 0
9 4 2 11 0
9 4 2 12 0
9 4 2 13 0
9 4 2 14 0
9 4 2 15 0
9 4 3 0 0
9 4 3 1 0
9 4 3 2 0
9 4 3 3 0
9 4 3 4 0
9 4 3 5 0
9 4 3 6 0
9 4 3 7 0
9 4 3 8 0
9 4 3 9 0
9 4 3 10 0
9 4 3 11 0
9 4 3 12 0
9 4 3 13 0
9 4 3 14 0
9 4 3 15 0
9 4 4 0 0
9 4 4 1 0
9 4 4 2 0
9 4 4 3 0
9 4 4 4 8.07669493477289e-18
9 4 4 5 0
9 4 4 6 0
9 4 4 7 0
9 4 4 8 0
9 4 4 9 -9.728752273957834e-19
9 4 4 10 0
9 4 4 11 0
9 4 4 12 0
9 4 4 13 0
9 4 4 14 0
9 4 4 15 0
9 4 5 0 0
9 4 5 1 0
9 4 5 2 0
9 4 5 3 0
9 4 5 4 0
9 4 5 5 -1.306364185616984e-19
9 4 5 6 0
9 4 5 7 0
9 4 5 8 0
9 4 5 9 0
9 4 5 10 0
9 4 5 11 0
9 4 5 12 3.329049005501805e-20
9 4 5 13 0
9 4 5 14 0
9 4 5 15 0
9 4 6 0 0
9 4 6 1 0
9 4 6 2 0
9 4 6 3 0
9 4 6 4 0
9 4 6 5 0
9 4 6 6 0
9 4 6 7 0
9 4 6 8 0
9 4 6 9 0
9 4 6 10 0
9 4 6 11 0
9 4 6 12 0
9 4 6 13 0
9 4 6 14 0
9 4 6 15 0
9 4 7 0 0
9 4 7 1 0
9 4 7 2 0
9 4 7 3 0
9 4 7 4 0
9 4 7 5 0
9 4 7 6 0
9 4 7 7 0
9 4 7 8 0
9 4 7 9 0
9 4 7 10 0
9 4 7 11 0
9 4 7 12 0
9 4 7 13 0
9 4 7 14 0
9 4 7 15 0
9 4 8 0 0
9 4 8 1 0
9 4 8 2 0
9 4 8 3 0
9 4 8 4 0
9 4 8 5 0
9 4 8 6 0
9 4 8 7 0
9 4 8 8 0
9 4 8 9 0
9 4 8 10 0
9 4 8 11 0
9 4 8 12 0
9 4 8 13 0
9 4 8 14 0
9 4 8 15 0
9 4 9 0 0
9 4 9 1 0
9 4 9 2 0
9 4 9 3 0
9 4 9 4 1.435729713226825e-18
9 4 9 5 0
9 4 9 6 0
9 4 9 7 0
9 4 9 8 0
9 4 9 9 0
9 4 9 10 0
9 4 9 11 0
9 4 9 12 0
9 4 9 13 0
9 4 9 14 0
9 4 9 15 0
9 4 10 0 0
9 4 10 1 0
9 4 10 2 0
9 4 10 3 0
9 4 10 4 0
9 4 10 5 0
9 4 10 6 0
9 4 10 7 0
9 4 10 8 0
9 4 10 9 0
9 4 10 10 0
9 4 10 11 0
9 4 10 12 0
9 4 10 13 0
9 4 10 14 0
9 4 10 15 0
9 4 11 0 0
9 4 11 1 0
9 4 11 2 0
9 4 11 3 0
9 4 11 4 0
9 4 11 5 0
9 4 11 6 0
9 4 11 7 0
9 4 11 8 0
9 4 11 9 0
9 4 11 10 0
9 4 11 11 0
9 4 11 12 0
9 4 11 13 0
9 4 11 14 0
9 4 11 15 0
9 4 12 0 0
9 4 12 1 0
9 4 12 2 0
9 4 12 3 0
9 4 12 4 0
9 4 12 5 -4.079913966131968e-19
9 4 12 6 0
9 4 12 7 0
9 4 12 8 0
9 4 12 9 0
9 4 12 10 0
9 4 12 11 0
9 4 12 12 0
9 4 12 13 0
9 4 12 14 0
9 4 12 15 0
9 4 13 0 0
9 4 13 1 0
9 4 13 2 0
9 4 13 3 0
9 4 13 4 0
9 4 13 5 0
9 4 13 6 0
9 4 13 7 0
9 4 13 8 0
9 4 13 9 0
9 4 13 10 0
9 4 13 11 0
9 4 13 12 0
9 4 13 13 0
9 4 13 14 0
9 4 13 15 0
9 4 14 0 0
9 4 14 1 0
9 4 14 2 0
9 4 14 3 0
9 4 14 4 0
9 4 14 5 0
9 4 14 6 0
9 4 14 7 0
9 4 14 8 0
9 4 14 9 0
9 4 14 10 0
9 4 14 11 0
9 4 14 12 0
9 4 14 13 0
9 4 14 14 0
9 4 14 15 0
9 4 15 0 0
9 4 15 1 0
9 4 15 2 0
9 4 15 3 0
9 4 15 4 0
9 4 15 5 0
9 4 15 6 0
9 4 15 7 0
9 4 15 8 0
9 4 15 9 0
9 4 15 10 0
9 4 15 11 0
9 4 15 12 0
9 4 15 13 0
9 4 15 14 0
9 4 15 15 0
9 5 0 0 0
9 5 0 1 0
9 5 0 2 0
9 5 0 3 0
9 5 0 4 0
9 5 0 5 0
9 5 0 6 0
9 5 0 7 0
9 5 0 8 0
9 5 0 9 0
9 5 0 10 0
9 5 0 11 0
9 5 0 12 0
9 5 0 13 0
9 5 0 14 0
9 5 0 15 0
9 5 1 0 0
9 5 1 1 0
9 5 1 2 0
9 5 1 3 0
9 5 1 4 0
9 5 1 5 0
9 5 1 6 0
9 5 1 7 0
9 5 1 8 0
9 5 1 9 0
9 5 1 10 0
9 5 1 11 0
9 5 1 12 0
9 5 1 13 0
9 5 1 14 0
9 5 1 15 0
9 5 2 0 0
9 5 2 1 0
9 5 2 2 0
9 5 2 3 0
9 5 2 4 0
9 5 2 5 0
9 5 2 6 0
9 5 2 7 0
9 5 2 8 0
9 5 2 9 0
9 5 2 10 0
9 5 2 11 0
9 5 2 12 0
9 5 2 13 0
9 5 2 14 0
9 5 2 15 0
9 5 3 0 0
9 5 3 1 0
9 5 3 2 0
9 5 3 3 0
9 5 3 4 0
9 5 3 5 0
9 5 3 6 0
9 5 3 7 0
9 5 3 8 0
9 5 3 9 0
9 5 3 10 0
9 5 3 11 0
9 5 3 12 0
9 5 3 13 0
9 5 3 14 0
9 5 3 15 0
9 5 4 0 0
9 5 4 1 0
9 5 4 2 0
9 5 4 3 0
9 5 4 4 0
9 5 4 5 0.01004127042988526
9 5 4 6 0
9 5 4 7 0
9 5 4 8 0
9 5 4 9 0
9 5 4 10 0
9 5 4 11 0
9 5 4 12 0.0007800788068523525
9 5 4 13 0
9 5 4 14 0
9 5 4 15 0
9 5 5 0 0
9 5 5 1 0
9 5 5 2 0
9 5 5 3 0
9 5 5 4 -0.01004127042988526
9 5 5 5 0
9 5 5 6 0
9 5 5 7 0
9 5 5 8 0
9 5 5 9 -0.0008515352162258946
9 5 5 10 0
9 5 5 11 0
9 5 5 12 0
9 5 5 13 0
9 5 5 14 0
9 5 5 15 0
9 5 6 0 0
9 5 6 1 0
9 5 6 2 0
9 5 6 3 0
9 5 6 4 0
9 5 6 5 0
9 5 6 6 0
9 5 6 7 0
9 5 6 8 0
9 5 6 9 0
9 5 6 10 0
9 5 6 11 0
9 5 6 12 0
9 5 6 13 0
9 5 6 14 0
9 5 6 15 0
9 5 7 0 0
9 5 7 1 0
9 5 7 2 0
9 5 7 3 0
9 5 7 4 0
9 5 7 5 0
9 5 7 6 0
9 5 7 7 0
9 5 7 8 0
9 5 7 9 0
9 5 7 10 0
9 5 7 11 0
9 5 7 12 0
9 5 7 13 0
9 5 7 14 0
9 5 7 15 0
9 5 8 0 0
9 5 8 1 0
9 5 8 2 0
9 5 8 3 0
9 5 8 4 0
9 5 8 5 0
9 5 8 6 0
9 5 8 7 0
9 5 8 8 0
9 5 8 9 0
9 5 8 10 0
9 5 8 11 0
9 5 8 12 0
9 5 8 13 0
9 5 8 14 0
9 5 8 15 0
9 5 9 0 0
9 5 9 1 0
9 5 9 2 0
9 5 9 3 0
9 5 9 4 0
9 5 9 5 0.0008515352162258947
9 5 9 6 0
9 5 9 7 0
9 5 9 8 0
9 5 9 9 0
9 5 9 10 0
9 5 9 11 0
9 5 9 12 0
9 5 9 13 0
9 5 9 14 0
9 5 9 15 0
9 5 10 0 0
9 5 10 1 0
9 5 10 2 0
9 5 10 3 0
9 5 10 4 0
9 5 10 5 0
9 5 10 6 0
9 5 10 7 0
9 5 10 8 0
9 5 10 9 0
9 5 10 10 0
9 5 10 11 0
9 5 10 12 0
9 5 10 13 0
9 5 10 14 0
9 5 10 15 0
9 5 11 0 0
9 5 11 1 0
9 5 11 2 0
9 5 11 3 0
9 5 11 4 0
9 5 11 5 0
9 5 11 6 0
9 5 11 7 0
9 5 11 8 0
9 5 11 9 0
9 5 11 10 0
9 5 11 11 0
9 5 11 12 0
9 5 11 13 0
9 5 11 14 0
9 5 11 15 0
9 5 12 0 0
9 5 12 1 0
9 5 12 2 0
9 5 12 3 0
9 5 12 4 -0.0007800788068523527
9 5 12 5 0
9 5 12 6 0
9 5 12 7 0
9 5 12 8 0
9 5 12 9 0
9 5 12 10 0
9 5 12 11 0
9 5 12 12 0
9 5 12 13 0
9 5 12 14 0
9 5 12 15 0
9 5 13 0 0
9 5 13 1 0
9 5 13 2 0
9 5 13 3 0
9 5 13 4 0
9 5 13 5 0
9 5 13 6 0
9 5 13 7 0
9 5 13 8 0
9 5 13 9 0
9 5 13 10 0
9 5 13 11 0
9 5 13 12 0
9 5 13 13 0
9 5 13 14 0
9 5 13 15 0
9 5 14 0 0
9 5 14 1 0
9 5 14 2 0
9 5 14 3 0
9 5 14 4 0
9 5 14 5 0
9 5 14 6 0
9 5 14 7 0
9 5 14 8 0
9 5 14 9 0
9 5 14 10 0
9 5 14 11 0
9 5 14 12 0
9 5 14 13 0
9 5 14 14 0
9 5 14 15 0
9 5 15 0 0
9 5 15 1 0
9 5 15 2 0
9 5 15 3 0
9 5 15 4 0
9 5 15 5 0
9 5 15 6 0
9 5 15 7 0
9 5 15 8 0
9 5 15 9 0
9 5 15 10 0
9 5 15 11 0
9 5 15 12 0
9 5 15 13 0
9 5 15 14 0
9 5 15 15 0
9 6 0 0 0
9 6 0 1 0
9 6 0 2 0
9 6 0 3 0
9 6 0 4 0
9 6 0 5 0
9 6 0 6 0
9 6 0 7 0
9 6 0 8 0
9 6 0 9 0
9 6 0 10 0
9 6 0 11 0
9 6 0 12 0
9 6 0 13 0
9 6 0 14 0
9 6 0 15 0
9 6 1 0 0
9 6 1 1 0
9 6 1 2 0
9 6 1 3 0
9 6 1 4 0
9 6 1 5 0
9 6 1 6 0
9 6 1 7 0
9 6 1 8 0
9 6 1 9 0
9 6 1 10 0
9 6 1 11 0
9 6 1 12 0
9 6 1 13 0
9 6 1 14 0
9 6 1 15 0
9 6 2 0 0
9 6 2 1 0
9 6 2 2 0
9 6 2 3 0
9 6 2 4 0
9 6 2 5 0
9 6 2 6 0
9 6 2 7 0
9 6 2 8 0
9 6 2 9 0
9 6 2 10 0
9 6 2 11 0
9 6 2 12 0
9 6 2 13 0
9 6 2 14 0
9 6 2 15 0
9 6 3 0 0
9 6 3 1 0
9 6 3 2 0
9 6 3 3 0
9 6 3 4 0
9 6 3 5 1.975420587746459e-18
9 6 3 6 0
9 6 3 7 0
9 6 3 8 0
9 6 3 9 0
9 6 3 10 0
9 6 3 11 0
9 6 3 12 1.189126883600738e-18
9 6 3 13 0
9 6 3 14 0
9 6 3 15 0
9 6 4 0 0
9 6 4 1 0
9 6 4 2 0
9 6 4 3 0
9 6 4 4 0
9 6 4 5 0
9 6 4 6 0.01004127042988526
9 6 4 7 0
9 6 4 8 0
9 6 4 9 0
9 6 4 10 0
9 6 4 11 0
9 6 4 12 0
9 6 4 13 0.000697879082166791
9 6 4 14 0
9 6 4 15 0
9 6 5 0 0
9 6 5 1 0
9 6 5 2 0
9 6 5 3 -7.267908973356893e-18
9 6 5 4 0
9 6 5 5 0
9 6 5 6 0
9 6 5 7 0
9 6 5 8 8.700352406581375e-19
9 6 5 9 0
9 6 5 10 0
9 6 5 11 0
9 6 5 12 0
9 6 5 13 0
9 6 5 14 0
9 6 5 15 0
9 6 6 0 0
9 6 6 1 0
9 6 6 2 0
9 6 6 3 0
9 6 6 4 -0.01004127042988525
9 6 6 5 0
9 6 6 6 0
9 6 6 7 0
9 6 6 8 0
9 6 6 9 -0.0008515352162258939
9 6 6 10 0
9 6 6 11 0
9 6 6 12 0
9 6 6 13 0
9 6 6 14 0
9 6 6 15 0
9 6 7 0 0
9 6 7 1 0
9 6 7 2 0
9 6 7 3 0
9 6 7 4 0
9 6 7 5 0
9 6 7 6 0
9 6 7 7 0
9 6 7 8 0
9 6 7 9 0
9 6 7 10 0
9 6 7 11 0
9 6 7 12 0
9 6 7 13 0
9 6 7 14 0
9 6 7 15 0
9 6 8 0 0
9 6 8 1 0
9 6 8 2 0
9 6 8 3 0
9 6 8 4 0
9 6 8 5 -7.535022136762517e-19
9 6 8 6 0
9 6 8 7 0
9 6 8 8 0
9 6 8 9 0
9 6 8 10 0
9 6 8 11 0
9 6 8 12 0
9 6 8 13 0
9 6 8 14 0
9 6 8 15 0
9 6 9 0 0
9 6 9 1 0
9 6 9 2 0
9 6 9 3 0
9 6 9 4 0
9 6 9 5 0
9 6 9 6 0.0008515352162258963
9 6 9 7 0
9 6 9 8 0
9 6 9 9 0
9 6 9 10 0
9 6 9 11 0
9 6 9 12 0
9 6 9 13 0
9 6 9 14 0
9 6 9 15 0
9 6 10 0 0
9 6 10 1 0
9 6 10 2 0
9 6 10 3 0
9 6 10 4 0
9 6 10 5 0
9 6 10 6 0
9 6 10 7 0
9 6 10 8 0
9 6 10 9 0
9 6 10 10 0
9 6 10 11 0
9 6 10 12 0
9 6 10 13 0
9 6 10 14 0
9 6 10 15 0
9 6 11 0 0
9 6 11 1 0
9 6 11 2 0
9 6 11 3 0
9 6 11 4 0
9 6 11 5 0
9 6 11 6 0
9 6 11 7 0
9 6 11 8 0
9 6 11 9 0
9 6 11 10 0
9 6 11 11 0
9 6 11 12 0
9 6 11 13 0
9 6 11 14 0
9 6 11 15 0
9 6 12 0 0
9 6 12 1 0
9 6 12 2 0
9 6 12 3 -1.386256782671515e-18
9 6 12 4 0
9 6 12 5 0
9 6 12 6 0
9 6 12 7 0
9 6 12 8 0
9 6 12 9 0
9 6 12 10 0
9 6 12 11 0
9 6 12 12 0
9 6 12 13 0
9 6 12 14 0
9 6 12 15 0
9 6 13 0 0
9 6 13 1 0
9 6 13 2 0
9 6 13 3 0
9 6 13 4 -0.00069787908216679
9 6 13 5 0
9 6 13 6 0
9 6 13 7 0
9 6 13 8 0
9 6 13 9 0
9 6 13 10 0
9 6 13 11 0
9 6 13 12 0
9 6 13 13 0
9 6 13 14 0
9 6 13 15 0
9 6 14 0 0
9 6 14 1 0
9 6 14 2 0
9 6 14 3 0
9 6 14 4 0
9 6 14 5 0
9 6 14 6 0
9 6 14 7 0
9 6 14 8 0
9 6 14 9 0
9 6 14 10 0
9 6 14 11 0
9 6 14 12 0
9 6 14 13 0
9 6 14 14 0
9 6 14 15 0
9 6 15 0 0
9 6 15 1 0
9 6 15 2 0
9 6 15 3 0
9 6 15 4 0
9 6 15 5 0
9 6 15 6 0
9 6 15 7 0
9 6 15 8 0
9 6 15 9 0
9 6 15 10 0
9 6 15 11 0
9 6 15 12 0
9 6 15 13 0
9 6 15 14 0
9 6 15 15 0
9 7 0 0 0
9 7 0 1 0
9 7 0 2 0
9 7 0 3 0
9 7 0 4 0
9 7 0 5 0
9 7 0 6 0
9 7 0 7 0
9 7 0 8 0
9 7 0 9 0
9 7 0 10 0
9 7 0 11 0
9 7 0 12 0
9 7 0 13 0
9 7 0 14 0
9 7 0 15 0
9 7 1 0 0
9 7 1 1 0
9 7 1 2 0
9 7 1 3 0
9 7 1 4 0
9 7 1 5 0
9 7 1 6 0
9 7 1 7 0
9 7 1 8 0
9 7 1 9 0
9 7 1 10 0
9 7 1 11 0
9 7 1 12 0
9 7 1 13 0
9 7 1 14 0
9 7 1 15 0
9 7 2 0 0
9 7 2 1 0
9 7 2 2 0
9 7 2 3 0
9 7 2 4 0
9 7 2 5 0
9 7 2 6 0
9 7 2 7 0
9 7 2 8 0
9 7 2 9 0
9 7 2 10 0
9 7 2 11 0
9 7 2 12 0
9 7 2 13 0
9 7 2 14 0
9 7 2 15 0
9 7 3 0 0
9 7 3 1 0
9 7 3 2 0
9 7 3 3 0
9 7 3 4 0
9 7 3 5 0
9 7 3 6 0
9 7 3 7 0
9 7 3 8 0
9 7 3 9 0
9 7 3 10 0
9 7 3 11 0
9 7 3 12 0
9 7 3 13 0
9 7 3 14 0
9 7 3 15 0
9 7 4 0 0
9 7 4 1 0
9 7 4 2 0
9 7 4 3 0
9 7 4 4 0
9 7 4 5 0
9 7 4 6 0
9 7 4 7 0
9 7 4 8 0
9 7 4 9 0
9 7 4 10 0
9 7 4 11 0
9 7 4 12 0
9 7 4 13 0
9 7 4 14 0
9 7 4 15 0
9 7 5 0 0
9 7 5 1 0
9 7 5 2 0
9 7 5 3 0
9 7 5 4 0
9 7 5 5 0
9 7 5 6 0
9 7 5 7 0
9 7 5 8 0
9 7 5 9 0
9 7 5 10 0
9 7 5 11 0
9 7 5 12 0
9 7 5 13 0
9 7 5 14 0
9 7 5 15 0
9 7 6 0 0
9 7 6 1 0
9 7 6 2 0
9 7 6 3 0
9 7 6 4 0
9 7 6 5 0
9 7 6 6 0
9 7 6 7 0
9 7 6 8 0
9 7 6 9 0
9 7 6 10 0
9 7 6 11 0
9 7 6 12 0
9 7 6 13 0
9 7 6 14 0
9 7 6 15 0
9 7 7 0 0
9 7 7 1 0
9 7 7 2 0
9 7 7 3 0
9 7 7 4 0
9 7 7 5 0
9 7 7 6 0
9 7 7 7 0
9 7 7 8 0
9 7 7 9 0
9 7 7 10 0
9 7 7 11 0
9 7 7 12 0
9 7 7 13 0
9 7 7 14 0
9 7 7 15 0
9 7 8 0 0
9 7 8 1 0
9 7 8 2 0
9 7 8 3 0
9 7 8 4 0
9 7 8 5 0
9 7 8 6 0
9 7 8 7 0
9 7 8 8 0
9 7 8 9 0
9 7 8 10 0
9 7 8 11 0
9 7 8 12 0
9 7 8 13 0
9 7 8 14 0
9 7 8 15 0
9 7 9 0 0
9 7 9 1 0
9 7 9 2 0
9 7 9 3 0
9 7 9 4 0
9 7 9 5 0
9 7 9 6 0
9 7 9 7 0
9 7 9 8 0
9 7 9 9 0
9 7 9 10 0
9 7 9 11 0
9 7 9 12 0
9 7 9 13 0
9 7 9 14 0
9 7 9 15 0
9 7 10 0 0
9 7 10 1 0
9 7 10 2 0
9 7 10 3 0
9 7 10 4 0
9 7 10 5 0
9 7 10 6 0
9 7 10 7 0
9 7 10 8 0
9 7 10 9 0
9 7 10 10 0
9 7 10 11 0
9 7 10 12 0
9 7 10 13 0
9 7 10 14 0
9 7 10 15 0
9 7 11 0 0
9 7 11 1 0
9 7 11 2 0
9 7 11 3 0
9 7 11 4 0
9 7 11 5 0
9 7 11 6 0
9 7 11 7 0
9 7 11 8 0
9 7 11 9 0
9 7 11 10 0
9 7 11 11 0
9 7 11 12 0
9 7 11 13 0
9 7 11 14 0
9 7 11 15 0
9 7 12 0 0
9 7 12 1 0
9 7 12 2 0
9 7 12 3 0
9 7 12 4 0
9 7 12 5 0
9 7 12 6 0
9 7 12 7 0
9 7 12 8 0
9 7 12 9 0
9 7 12 10 0
9 7 12 11 0
9 7 12 12 0
9 7 12 13 0
9 7 12 14 0
9 7 12 15 0
9 7 13 0 0
9 7 13 1 0
9 7 13 2 0
9 7 13 3 0
9 7 13 4 0
9 7 13 5 0
9 7 13 6 0
9 7 13 7 0
9 7 13 8 0
9 7 13 9 0
9 7 13 10 0
9 7 13 11 0
9 7 13 12 0
9 7 13 13 0
9 7 13 14 0
9 7 13 15 0
9 7 14 0 0
9 7 14 1 0
9 7 14 2 0
9 7 14 3 0
9 7 14 4 0
9 7 14 5 0
9 7 14 6 0
9 7 14 7 0
9 7 14 8 0
9 7 14 9 0
9 7 14 10 0
9 7 14 11 0
9 7 14 12 0
9 7 14 13 0
9 7 14 14 0
9 7 14 15 0
9 7 15 0 0
9 7 15 1 0
9 7 15 2 0
9 7 15 3 0
9 7 15 4 0
9 7 15 5 0
9 7 15 6 0
9 7 15 7 0
9 7 15 8 0
9 7 15 9 0
9 7 15 10 0
9 7 15 11 0
9 7 15 12 0
9 7 15 13 0
9 7 15 14 0
9 7 15 15 0
9 8 0 0 0
9 8 0 1 0
9 8 0 2 0
9 8 0 3 0
9 8 0 4 0
9 8 0 5 0
9 8 0 6 0
9 8 0 7 0
9 8 0 8 0
9 8 0 9 0
9 8 0 10 0
9 8 0 11 0
9 8 0 12 0
9 8 0 13 0
9 8 0 14 0
9 8 0 15 0
9 8 1 0 0
9 8 1 1 0
9 8 1 2 0
9 8 1 3 0
9 8 1 4 0
9 8 1 5 0
9 8 1 6 0
9 8 1 7 0
9 8 1 8 0
9 8 1 9 0
9 8 1 10 0
9 8 1 11 0
9 8 1 12 0
9 8 1 13 0
9 8 1 14 0
9 8 1 15 0
9 8 2 0 0
9 8 2 1 0
9 8 2 2 0
9 8 2 3 0
9 8 2 4 0
9 8 2 5 0
9 8 2 6 0
9 8 2 7 0
9 8 2 8 0
9 8 2 9 0
9 8 2 10 0
9 8 2 11 0
9 8 2 12 0
9 8 2 13 0
9 8 2 14 0
9 8 2 15 0
9 8 3 0 0
9 8 3 1 0
9 8 3 2 0
9 8 3 3 0
9 8 3 4 0
9 8 3 5 0
9 8 3 6 0
9 8 3 7 0
9 8 3 8 0
9 8 3 9 0
9 8 3 10 0
9 8 3 11 0
9 8 3 12 0
9 8 3 13 0
9 8 3 14 0
9 8 3 15 0
9 8 4 0 0
9 8 4 1 0
9 8 4 2 0
9 8 4 3 0
9 8 4 4 0
9 8 4 5 0
9 8 4 6 0
9 8 4 7 0
9 8 4 8 0
9 8 4 9 0
9 8 4 10 0
9 8 4 11 0
9 8 4 12 0
9 8 4 13 0
9 8 4 14 0
9 8 4 15 0
9 8 5 0 0
9 8 5 1 0
9 8 5 2 0
9 8 5 3 0
9 8 5 4 0
9 8 5 5 0
9 8 5 6 0
9 8 5 7 0
9 8 5 8 0
9 8 5 9 0
9 8 5 10 0
9 8 5 11 0
9 8 5 12 0
9 8 5 13 0
9 8 5 14 0
9 8 5 15 0
9 8 6 0 0
9 8 6 1 0
9 8 6 2 0
9 8 6 3 0
9 8 6 4 0
9 8 6 5 0
9 8 6 6 0
9 8 6 7 0
9 8 6 8 0
9 8 6 9 0
9 8 6 10 0
9 8 6 11 0
9 8 6 12 0
9 8 6 13 0
9 8 6 14 0
9 8 6 15 0
9 8 7 0 0
9 8 7 1 0
9 8 7 2 0
9 8 7 3 0
9 8 7 4 0
9 8 7 5 0
9 8 7 6 0
9 8 7 7 0
9 8 7 8 0
9 8 7 9 0
9 8 7 10 0
9 8 7 11 0
9 8 7 12 0
9 8 7 13 0
9 8 7 14 0
9 8 7 15 0
9 8 8 0 0
9 8 8 1 0
9 8 8 2 0
9 8 8 3 0
9 8 8 4 0
9 8 8 5 0
9 8 8 6 0
9 8 8 7 0
9 8 8 8 0
9 8 8 9 0
9 8 8 10 0
9 8 8 11 0
9 8 8 12 0
9 8 8 13 0
9 8 8 14 0
9 8 8 15 0
9 8 9 0 0
9 8 9 1 0
9 8 9 2 0
9 8 9 3 0
9 8 9 4 0
9 8 9 5 0
9 8 9 6 0
9 8 9 7 0
9 8 9 8 0
9 8 9 9 0
9 8 9 10 0
9 8 9 11 0
9 8 9 12 0
9 8 9 13 0
9 8 9 14 0
9 8 9 15 0
9 8 10 0 0
9 8 10 1 0
9 8 10 2 0
9 8 10 3 0
9 8 10 4 0
9 8 10 5 0
9 8 10 6 0
9 8 10 7 0
9 8 10 8 0
9 8 10 9 0
9 8 10 10 0
9 8 10 11 0
9 8 10 12 0
9 8 10 13 0
9 8 10 14 0
9 8 10 15 0
9 8 11 0 0
9 8 11 1 0
9 8 11 2 0
9 8 11 3 0
9 8 11 4 0
9 8 11 5 0
9 8 11 6 0
9 8 11 7 0
9 8 11 8 0
9 8 11 9 0
9 8 11 10 0
9 8 11 11 0
9 8 11 12 0
9 8 11 13 0
9 8 11 14 0
9 8 11 15 0
9 8 12 0 0
9 8 12 1 0
9 8 12 2 0
9 8 12 3 0
9 8 12 4 0
9 8 12 5 0
9 8 12 6 0
9 8 12 7 0
9 8 12 8 0
9 8 12 9 0
9 8 12 10 0
9 8 12 11 0
9 8 12 12 0
9 8 12 13 0
9 8 12 14 0
9 8 12 15 0
9 8 13 0 0
9 8 13 1 0
9 8 13 2 0
9 8 13 3 0
9 8 13 4 0
9 8 13 5 0
9 8 13 6 0
9 8 13 7 0
9 8 13 8 0
9 8 13 9 0
9 8 13 10 0
9 8 13 11 0
9 8 13 12 0
9 8 13 13 0
9 8 13 14 0
9 8 13 15 0
9 8 14 0 0
9 8 14 1 0
9 8 14 2 0
9 8 14 3 0
9 8 14 4 0
9 8 14 5 0
9 8 14 6 0
9 8 14 7 0
9 8 14 8 0
9 8 14 9 0
9 8 14 10 0
9 8 14 11 0
9 8 14 12 0
9 8 14 13 0
9 8 14 14 0
9 8 14 15 0
9 8 15 0 0
9 8 15 1 0
9 8 15 2 0
9 8 15 3 0
9 8 15 4 0
9 8 15 5 0
9 8 15 6 0
9 8 15 7 0
9 8 15 8 0
9 8 15 9 0
9 8 15 10 0
9 8 15 11 0
9 8 15 12 0
9 8 15 13 0
9 8 15 14 0
9 8 15 15 0
9 9 0 0 0
9 9 0 1 0
9 9 0 2 0
9 9 0 3 0
9 9 0 4 0
9 9 0 5 0
9 9 0 6 0
9 9 0 7 0
9 9 0 8 0
9 9 0 9 0
9 9 0 10 0
9 9 0 11 0
9 9 0 12 0
9 9 0 13 0
9 9 0 14 0
9 9 0 15 0
9 9 1 0 0
9 9 1 1 0
9 9 1 2 0
9 9 1 3 0
9 9 1 4 0
9 9 1 5 0
9 9 1 6 0
9 9 1 7 0
9 9 1 8 0
9 9 1 9 0
9 9 1 10 0
9 9 1 11 0
9 9 1 12 0
9 9 1 13 0
9 9 1 14 0
9 9 1 15 0
9 9 2 0 0
9 9 2 1 0
9 9 2 2 0
9 9 2 3 0
9 9 2 4 0
9 9 2 5 0
9 9 2 6 0
9 9 2 7 0
9 9 2 8 0
9 9 2 9 0
9 9 2 10 0
9 9 2 11 0
9 9 2 12 0
9 9 2 13 0
9 9 2 14 0
9 9 2 15 0
9 9 3 0 0
9 9 3 1 0
9 9 3 2 0
9 9 3 3 0
9 9 3 4 0
9 9 3 5 0
9 9 3 6 0
9 9 3 7 0
9 9 3 8 0
9 9 3 9 0
9 9 3 10 0
9 9 3 11 0
9 9 3 12 0
9 9 3 13 0
9 9 3 14 0
9 9 3 15 0
9 9 4 0 0
9 9 4 1 0
9 9 4 2 0
9 9 4 3 0
9 9 4 4 0
9 9 4 5 0
9 9 4 6 0
9 9 4 7 0
9 9 4 8 0
9 9 4 9 0
9 9 4 10 0
9 9 4 11 0
9 9 4 12 0
9 9 4 13 0
9 9 4 14 0
9 9 4 15 0
9 9 5 0 0
9 9 5 1 0
9 9 5 2 0
9 9 5 3 0
9 9 5 4 0
9 9 5 5 0
9 9 5 6 0
9 9 5 7 0
9 9 5 8 0
9 9 5 9 0
9 9 5 10 0
9 9 5 11 0
9 9 5 12 0
9 9 5 13 0
9 9 5 14 0
9 9 5 15 0
9 9 6 0 0
9 9 6 1 0
9 9 6 2 0
9 9 6 3 0
9 9 6 4 0
9 9 6 5 0
9 9 6 6 0
9 9 6 7 0
9 9 6 8 0
9 9 6 9 0
9 9 6 10 0
9 9 6 11 0
9 9 6 12 0
9 9 6 13 0
9 9 6 14 0
9 9 6 15 0
9 9 7 0 0
9 9 7 1 0
9 9 7 2 0
9 9 7 3 0
9 9 7 4 0
9 9 7 5 0
9 9 7 6 0
9 9 7 7 0
9 9 7 8 0
9 9 7 9 0
9 9 7 10 0
9 9 7 11 0
9 9 7 12 0
9 9 7 13 0
9 9 7 14 0
9 9 7 15 0
9 9 8 0 0
9 9 8 1 0
9 9 8 2 0
9 9 8 3 0
9 9 8 4 0
9 9 8 5 0
9 9 8 6 0
9 9 8 7 0
9 9 8 8 0
9 9 8 9 0
9 9 8 10 0
9 9 8 11 0
9 9 8 12 0
9 9 8 13 0
9 9 8 14 0
9 9 8 15 0
9 9 9 0 0
9 9 9 1 0
9 9 9 2 0
9 9 9 3 0
9 9 9 4 0
9 9 9 5 0
9 9 9 6 0
9 9 9 7 0
9 9 9 8 0
9 9 9 9 0
9 9 9 10 0
9 9 9 11 0
9 9 9 12 0
9 9 9 13 0
9 9 9 14 0
9 9 9 15 0
9 9 10 0 0
9 9 10 1 0
9 9 10 2 0
9 9 10 3 0
9 9 10 4 0
9 9 10 5 0
9 9 10 6 0
9 9 10 7 0
9 9 10 8 0
9 9 10 9 0
9 9 10 10 0
9 9 10 11 0
9 9 10 12 0
9 9 10 13 0
9 9 10 14 0
9 9 10 15 0
9 9 11 0 0
9 9 11 1 0
9 9 11 2 0
9 9 11 3 0
9 9 11 4 0
9 9 11 5 0
9 9 11 6 0
9 9 11 7 0
9 9 11 8 0
9 9 11 9 0
9 9 11 10 0
9 9 11 11 0
9 9 11 12 0
9 9 11 13 0
9 9 11 14 0
9 9 11 15 0
9 9 12 0 0
9 9 12 1 0
9 9 12 2 0
9 9 12 3 0
9 9 12 4 0
9 9 12 5 0
9 9 12 6 0
9 9 12 7 0
9 9 12 8 0
9 9 12 9 0
9 9 12 10 0
9 9 12 11 0
9 9 12 12 0
9 9 12 13 0
9 9 12 14 0
9 9 12 15 0
9 9 13 0 0
9 9 13 1 0
9 9 13 2 0
9 9 13 3 0
9 9 13 4 0
9 9 13 5 0
9 9 13 6 0
9 9 13 7 0
9 9 13 8 0
9 9 13 9 0
9 9 13 10 0
9 9 13 11 0
9 9 13 12 0
9 9 13 13 0
9 9 13 14 0
9 9 13 15 0
9 9 14 0 0
9 9 14 1 0
9 9 14 2 0
9 9 14 3 0
9 9 14 4 0
9 9 14 5 0
9 9 14 6 0
9 9 14 7 0
9 9 14 8 0
9 9 14 9 0
9 9 14 10 0
9 9 14 11 0
9 9 14 12 0
9 9 14 13 0
9 9 14 14 0
9 9 14 15 0
9 9 15 0 0
9 9 15 1 0
9 9 15 2 0
9 9 15 3 0
9 9 15 4 0
9 9 15 5 0
9 9 15 6 0
9 9 15 7 0
9 9 15 8 0
9 9 15 9 0
9 9 15 10 0
9 9 15 11 0
9 9 15 12 0
9 9 15 13 0
9 9 15 14 0
9 9 15 15 0
9 10 0 0 0
9 10 0 1 0
9 10 0 2 0
9 10 0 3 0
9 10 0 4 0
9 10 0 5 0
9 10 0 6 0
9 10 0 7 0
9 10 0 8 0
9 10 0 9 0
9 10 0 10 0
9 10 0 11 0
9 10 0 12 0
9 10 0 13 0
9 10 0 14 0
9 10 0 15 0
9 10 1 0 0
9 10 1 1 0
9 10 1 2 0
9 10 1 3 0
9 10 1 4 0
9 10 1 5 0
9 10 1 6 0
9 10 1 7 0
9 10 1 8 0
9 10 1 9 0
9 10 1 10 0
9 10 1 11 0
9 10 1 12 0
9 10 1 13 0
9 10 1 14 0
9 10 1 15 0
9 10 2 0 0
9 10 2 1 0
9 10 2 2 0
9 10 2 3 0
9 10 2 4 0
9 10 2 5 0
9 10 2 6 0
9 10 2 7 0
9 10 2 8 0
9 10 2 9 0
9 10 2 10 0
9 10 2 11 0
9 10 2 12 0
9 10 2 13 0
9 10 2 14 0
9 10 2 15 0
9 10 3 0 0
9 10 3 1 0
9 10 3 2 0
9 10 3 3 0
9 10 3 4 0
9 10 3 5 0
9 10 3 6 0
9 10 3 7 0
9 10 3 8 0
9 10 3 9 0
9 10 3 10 0
9 10 3 11 0
9 10 3 12 0
9 10 3 13 0
9 10 3 14 0
9 10 3 15 0
9 10 4 0 0
9 10 4 1 0
9 10 4 2 0
9 10 4 3 0
9 10 4 4 0
9 10 4 5 0
9 10 4 6 0
9 10 4 7 0
9 10 4 8 0
9 10 4 9 0
9 10 4 10 0
9 10 4 11 0
9 10 4 12 0
9 10 4 13 0
9 10 4 14 0
9 10 4 15 0
9 10 5 0 0
9 10 5 1 0
9 10 5 2 0
9 10 5 3 0
9 10 5 4 0
9 10 5 5 0
9 10 5 6 0
9 10 5 7 0
9 10 5 8 0
9 10 5 9 0
9 10 5 10 0
9 10 5 11 0
9 10 5 12 0
9 10 5 13 0
9 10 5 14 0
9 10 5 15 0
9 10 6 0 0
9 10 6 1 0
9 10 6 2 0
9 10 6 3 0
9 10 6 4 0
9 10 6 5 0
9 10 6 6 0
9 10 6 7 0
9 10 6 8 0
9 10 6 9 0
9 10 6 10 0
9 10 6 11 0
9 10 6 12 0
9 10 6 13 0
9 10 6 14 0
9 10 6 15 0
9 10 7 0 0
9 10 7 1 0
9 10 7 2 0
9 10 7 3 0
9 10 7 4 0
9 10 7 5 0
9 10 7 6 0
9 10 7 7 0
9 10 7 8 0
9 10 7 9 0
9 10 7 10 0
9 10 7 11 0
9 10 7 12 0
9 10 7 13 0
9 10 7 14 0
9 10 7 15 0
9 10 8 0 0
9 10 8 1 0
9 10 8 2 0
9 10 8 3 0
9 10 8 4 0
9 10 8 5 0
9 10 8 6 0
9 10 8 7 0
9 10 8 8 0
9 10 8 9 0
9 10 8 10 0
9 10 8 11 0
9 10 8 12 0
9 10 8 13 0
9 10 8 14 0
9 10 8 15 0
9 10 9 0 0
9 10 9 1 0
9 10 9 2 0
9 10 9 3 0
9 10 9 4 0
9 10 9 5 0
9 10 9 6 0
9 10 9 7 0
9 10 9 8 0
9 10 9 9 0
9 10 9 10 0
9 10 9 11 0
9 10 9 12 0
9 10 9 13 0
9 10 9 14 0
9 10 9 15 0
9 10 10 0 0
9 10 10 1 0
9 10 10 2 0
9 10 10 3 0
9 10 10 4 0
9 10 10 5 0
9 10 10 6 0
9 10 10 7 0
9 10 10 8 0
9 10 10 9 0
9 10 10 10 0
9 10 10 11 0
9 10 10 12 0
9 10 10 13 0
9 10 10 14 0
9 10 10 15 0
9 10 11 0 0
9 10 11 1 0
9 10 11 2 0
9 10 11 3 0
9 10 11 4 0
9 10 11 5 0
9 10 11 6 0
9 10 11 7 0
9 10 11 8 0
9 10 11 9 0
9 10 11 10 0
9 10 11 11 0
9 10 11 12 0
9 10 11 13 0
9 10 11 14 0
9 10 11 15 0
9 10 12 0 0
9 10 12 1 0
9 10 12 2 0
9 10 12 3 0
9 10 12 4 0
9 10 12 5 0
9 10 12 6 0
9 10 12 7 0
9 10 12 8 0
9 10 12 9 0
9 10 12 10 0
9 10 12 11 0
9 10 12 12 0
9 10 12 13 0
9 10 12 14 0
9 10 12 15 0
9 10 13 0 0
9 10 13 1 0
9 10 13 2 0
9 10 13 3 0
9 10 13 4 0
9 10 13 5 0
9 10 13 6 0
9 10 13 7 0
9 10 13 8 0
9 10 13 9 0
9 10 13 10 0
9 10 13 11 0
9 10 13 12 0
9 10 13 13 0
9 10 13 14 0
9 10 13 15 0
9 10 14 0 0
9 10 14 1 0
9 10 14 2 0
9 10 14 3 0
9 10 14 4 0
9 10 14 5 0
9 10 14 6 0
9 10 14 7 0
9 10 14 8 0
9 10 14 9 0
9 10 14 10 0
9 10 14 11 0
9 10 14 12 0
9 10 14 13 0
9 10 14 14 0
9 10 14 15 0
9 10 15 0 0
9 10 15 1 0
9 10 15 2 0
9 10 15 3 0
9 10 15 4 0
9 10 15 5 0
9 10 15 6 0
9 10 15 7 0
9 10 15 8 0
9 10 15 9 0
9 10 15 10 0
9 10 15 11 0
9 10 15 12 0
9 10 15 13 0
9 10 15 14 0
9 10 15 15 0
9 11 0 0 0
9 11 0 1 0
9 11 0 2 0
9 11 0 3 0
9 11 0 4 0
9 11 0 5 0
9 11 0 6 0
9 11 0 7 0
9 11 0 8 0
9 11 0 9 0
9 11 0 10 0
9 11 0 11 0
9 11 0 12 0
9 11 0 13 0
9 11 0 14 0
9 11 0 15 0
9 11 1 0 0
9 11 1 1 0
9 11 1 2 0
9 11 1 3 0
9 11 1 4 0
9 11 1 5 0
9 11 1 6 0
9 11 1 7 0
9 11 1 8 0
9 11 1 9 0
9 11 1 10 0
9 11 1 11 0
9 11 1 12 0
9 11 1 13 0
9 11 1 14 0
9 11 1 15 0
9 11 2 0 0
9 11 2 1 0
9 11 2 2 0
9 11 2 3 0
9 11 2 4 0
9 11 2 5 0
9 11 2 6 0
9 11 2 7 0
9 11 2 8 0
9 11 2 9 0
9 11 2 10 0
9 11 2 11 0
9 11 2 12 0
9 11 2 13 0
9 11 2 14 0
9 11 2 15 0
9 11 3 0 0
9 11 3 1 0
9 11 3 2 0
9 11 3 3 0
9 11 3 4 0
9 11 3 5 0
9 11 3 6 0
9 11 3 7 0
9 11 3 8 0
9 11 3 9 0
9 11 3 10 0
9 11 3 11 0
9 11 3 12 0
9 11 3 13 0
9 11 3 14 0
9 11 3 15 0
9 11 4 0 0
9 11 4 1 0
9 11 4 2 0
9 11 4 3 0
9 11 4 4 0
9 11 4 5 0
9 11 4 6 0
9 11 4 7 0
9 11 4 8 0
9 11 4 9 0
9 11 4 10 0
9 11 4 11 0
9 11 4 12 0
9 11 4 13 0
9 11 4 14 0
9 11 4 15 0
9 11 5 0 0
9 11 5 1 0
9 11 5 2 0
9 11 5 3 0
9 11 5 4 0
9 11 5 5 0
9 11 5 6 0
9 11 5 7 0
9 11 5 8 0
9 11 5 9 0
9 11 5 10 0
9 11 5 11 0
9 11 5 12 0
9 11 5 13 0
9 11 5 14 0
9 11 5 15 0
9 11 6 0 0
9 11 6 1 0
9 11 6 2 0
9 11 6 3 0
9 11 6 4 0
9 11 6 5 0
9 11 6 6 0
9 11 6 7 0
9 11 6 8 0
9 11 6 9 0
9 11 6 10 0
9 11 6 11 0
9 11 6 12 0
9 11 6 13 0
9 11 6 14 0
9 11 6 15 0
9 11 7 0 0
9 11 7 1 0
9 11 7 2 0
9 11 7 3 0
9 11 7 4 0
9 11 7 5 0
9 11 7 6 0
9 11 7 7 0
9 11 7 8 0
9 11 7 9 0
9 11 7 10 0
9 11 7 11 0
9 11 7 12 0
9 11 7 13 0
9 11 7 14 0
9 11 7 15 0
9 11 8 0 0
9 11 8 1 0
9 11 8 2 0
9 11 8 3 0
9 11 8 4 0
9 11 8 5 0
9 11 8 6 0
9 11 8 7 0
9 11 8 8 0
9 11 8 9 0
9 11 8 10 0
9 11 8 11 0
9 11 8 12 0
9 11 8 13 0
9 11 8 14 0
9 11 8 15 0
9 11 9 0 0
9 11 9 1 0
9 11 9 2 0
9 11 9 3 0
9 11 9 4 0
9 11 9 5 0
9 11 9 6 0
9 11 9 7 0
9 11 9 8 0
9 11 9 9 0
9 11 9 10 0
9 11 9 11 0
9 11 9 12 0
9 11 9 13 0
9 11 9 14 0
9 11 9 15 0
9 11 10 0 0
9 11 10 1 0
9 11 10 2 0
9 11 10 3 0
9 11 10 4 0
9 11 10 5 0
9 11 10 6 0
9 11 10 7 0
9 11 10 8 0
9 11 10 9 0
9 11 10 10 0
9 11 10 11 0
9 11 10 12 0
9 11 10 13 0
9 11 10 14 0
9 11 10 15 0
9 11 11 0 0
9 11 11 1 0
9 11 11 2 0
9 11 11 3 0
9 11 11 4 0
9 11 11 5 0
9 11 11 6 0
9 11 11 7 0
9 11 11 8 0
9 11 11 9 0
9 11 11 10 0
9 11 11 11 0
9 11 11 12 0
9 11 11 13 0
9 11 11 14 0
9 11 11 15 0
9 11 12 0 0
9 11 12 1 0
9 11 12 2 0
9 11 12 3 0
9 11 12 4 0
9 11 12 5 0
9 11 12 6 0
9 11 12 7 0
9 11 12 8 0
9 11 12 9 0
9 11 12 10 0
9 11 12 11 0
9 11 12 12 0
9 11 12 13 0
9 11 12 14 0
9 11 12 15 0
9 11 13 0 0
9 11 13 1 0
9 11 13 2 0
9 11 13 3 0
9 11 13 4 0
9 11 13 5 0
9 11 13 6 0
9 11 13 7 0
9 11 13 8 0
9 11 13 9 0
9 11 13 10 0
9 11 13 11 0
9 11 13 12 0
9 11 13 13 0
9 11 13 14 0
9 11 13 15 0
9 11 14 0 0
9 11 14 1 0
9 11 14 2 0
9 11 14 3 0
9 11 14 4 0
9 11 14 5 0
9 11 14 6 0
9 11 14 7 0
9 11 14 8 0
9 11 14 9 0
9 11 14 10 0
9 11 14 11 0
9 11 14 12 0
9 11 14 13 0
9 11 14 14 0
9 11 14 15 0
9 11 15 0 0
9 11 15 1 0
9 11 15 2 0
9 11 15 3 0
9 11 15 4 0
9 11 15 5 0
9 11 15 6 0
9 11 15 7 0
9 11 15 8 0
9 11 15 9 0
9 11 15 10 0
9 11 15 11 0
9 11 15 12 0
9 11 15 13 0
9 11 15 14 0
9 11 15 15 0
9 12 0 0 0
9 12 0 1 0
9 12 0 2 0
9 12 0 3 0
9 12 0 4 0
9 12 0 5 0
9 12 0 6 0
9 12 0 7 0
9 12 0 8 0
9 12 0 9 0
9 12 0 10 0
9 12 0 11 0
9 12 0 12 0
9 12 0 13 0
9 12 0 14 0
9 12 0 15 0
9 12 1 0 0
9 12 1 1 0
9 12 1 2 0
9 12 1 3 0
9 12 1 4 0
9 12 1 5 0
9 12 1 6 0
9 12 1 7 0
9 12 1 8 0
9 12 1 9 0
9 12 1 10 0
9 12 1 11 0
9 12 1 12 0
9 12 1 13 0
9 12 1 14 0
9 12 1 15 0
9 12 2 0 0
9 12 2 1 0
9 12 2 2 0
9 12 2 3 0
9 12 2 4 0
9 12 2 5 0
9 12 2 6 0
9 12 2 7 0
9 12 2 8 0
9 12 2 9 0
9 12 2 10 0
9 12 2 11 0
9 12 2 12 0
9 12 2 13 0
9 12 2 14 0
9 12 2 15 0
9 12 3 0 0
9 12 3 1 0
9 12 3 2 0
9 12 3 3 0
9 12 3 4 0
9 12 3 5 0
9 12 3 6 0
9 12 3 7 0
9 12 3 8 0
9 12 3 9 0
9 12 3 10 0
9 12 3 11 0
9 12 3 12 0
9 12 3 13 0
9 12 3 14 0
9 12 3 15 0
9 12 4 0 0
9 12 4 1 0
9 12 4 2 0
9 12 4 3 0
9 12 4 4 0
9 12 4 5 0
9 12 4 6 0
9 12 4 7 0
9 12 4 8 0
9 12 4 9 0
9 12 4 10 0
9 12 4 11 0
9 12 4 12 0
9 12 4 13 0
9 12 4 14 0
9 12 4 15 0
9 12 5 0 0
9 12 5 1 0
9 12 5 2 0
9 12 5 3 0
9 12 5 4 0
9 12 5 5 0
9 12 5 6 0
9 12 5 7 0
9 12 5 8 0
9 12 5 9 0
9 12 5 10 0
9 12 5 11 0
9 12 5 12 0
9 12 5 13 0
9 12 5 14 0
9 12 5 15 0
9 12 6 0 0
9 12 6 1 0
9 12 6 2 0
9 12 6 3 0
9 12 6 4 0
9 12 6 5 0
9 12 6 6 0
9 12 6 7 0
9 12 6 8 0
9 12 6 9 0
9 12 6 10 0
9 12 6 11 0
9 12 6 12 0
9 12 6 13 0
9 12 6 14 0
9 12 6 15 0
9 12 7 0 0
9 12 7 1 0
9 12 7 2 0
9 12 7 3 0
9 12 7 4 0
9 12 7 5 0
9 12 7 6 0
9 12 7 7 0
9 12 7 8 0
9 12 7 9 0
9 12 7 10 0
9 12 7 11 0
9 12 7 12 0
9 12 7 13 0
9 12 7 14 0
9 12 7 15 0
9 12 8 0 0
9 12 8 1 0
9 12 8 2 0
9 12 8 3 0
9 12 8 4 0
9 12 8 5 0
9 12 8 6 0
9 12 8 7 0
9 12 8 8 0
9 12 8 9 0
9 12 8 10 0
9 12 8 11 0
9 12 8 12 0
9 12 8 13 0
9 12 8 14 0
9 12 8 15 0
9 12 9 0 0
9 12 9 1 0
9 12 9 2 0
9 12 9 3 0
9 12 9 4 0
9 12 9 5 0
9 12 9 6 0
9 12 9 7 0
9 12 9 8 0
9 12 9 9 0
9 12 9 10 0
9 12 9 11 0
9 12 9 12 0
9 12 9 13 0
9 12 9 14 0
9 12 9 15 0
9 12 10 0 0
9 12 10 1 0
9 12 10 2 0
9 12 10 3 0
9 12 10 4 0
9 12 10 5 0
9 12 10 6 0
9 12 10 7 0
9 12 10 8 0
9 12 10 9 0
9 12 10 10 0
9 12 10 11 0
9 12 10 12 0
9 12 10 13 0
9 12 10 14 0
9 12 10 15 0
9 12 11 0 0
9 12 11 1 0
9 12 11 2 0
9 12 11 3 0
9 12 11 4 0
9 12 11 5 0
9 12 11 6 0
9 12 11 7 0
9 12 11 8 0
9 12 11 9 0
9 12 11 10 0
9 12 11 11 0
9 12 11 12 0
9 12 11 13 0
9 12 11 14 0
9 12 11 15 0
9 12 12 0 0
9 12 12 1 0
9 12 12 2 0
9 12 12 3 0
9 12 12 4 0
9 12 12 5 0
9 12 12 6 0
9 12 12 7 0
9 12 12 8 0
9 12 12 9 0
9 12 12 10 0
9 12 12 11 0
9 12 12 12 0
9 12 12 13 0
9 12 12 14 0
9 12 12 15 0
9 12 13 0 0
9 12 13 1 0
9 12 13 2 0
9 12 13 3 0
9 12 13 4 0
9 12 13 5 0
9 12 13 6 0
9 12 13 7 0
9 12 13 8 0
9 12 13 9 0
9 12 13 10 0
9 12 13 11 0
9 12 13 12 0
9 12 13 13 0
9 12 13 14 0
9 12 13 15 0
9 12 14 0 0
9 12 14 1 0
9 12 14 2 0
9 12 14 3 0
9 12 14 4 0
9 12 14 5 0
9 12 14 6 0
9 12 14 7 0
9 12 14 8 0
9 12 14 9 0
9 12 14 10 0
9 12 14 11 0
9 12 14 12 0
9 12 14 13 0
9 12 14 14 0
9 12 14 15 0
9 12 15 0 0
9 12 15 1 0
9 12 15 2 0
9 12 15 3 0
9 12 15 4 0
9 12 15 5 0
9 12 15 6 0
9 12 15 7 0
9 12 15 8 0
9 12 15 9 0
9 12 15 10 0
9 12 15 11 0
9 12 15 12 0
9 12 15 13 0
9 12 15 14 0
9 12 15 15 0
9 13 0 0 0
9 13 0 1 0
9 13 0 2 0
9 13 0 3 0
9 13 0 4 0
9 13 0 5 0
9 13 0 6 0
9 13 0 7 0
9 13 0 8 0
9 13 0 9 0
9 13 0 10 0
9 13 0 11 0
9 13 0 12 0
9 13 0 13 0
9 13 0 14 0
9 13 0 15 0
9 13 1 0 0
9 13 1 1 0
9 13 1 2 0
9 13 1 3 0
9 13 1 4 0
9 13 1 5 0
9 13 1 6 0
9 13 1 7 0
9 13 1 8 0
9 13 1 9 0
9 13 1 10 0
9 13 1 11 0
9 13 1 12 0
9 13 1 13 0
9 13 1 14 0
9 13 1 15 0
9 13 2 0 0
9 13 2 1 0
9 13 2 2 0
9 13 2 3 0
9 13 2 4 0
9 13 2 5 0
9 13 2 6 0
9 13 2 7 0
9 13 2 8 0
9 13 2 9 0
9 13 2 10 0
9 13 2 11 0
9 13 2 12 0
9 13 2 13 0
9 13 2 14 0
9 13 2 15 0
9 13 3 0 0
9 13 3 1 0
9 13 3 2 0
9 13 3 3 0
9 13 3 4 0
9 13 3 5 0
9 13 3 6 0
9 13 3 7 0
9 13 3 8 0
9 13 3 9 0
9 13 3 10 0
9 13 3 11 0
9 13 3 12 0
9 13 3 13 0
9 13 3 14 0
9 13 3 15 0
9 13 4 0 0
9 13 4 1 0
9 13 4 2 0
9 13 4 3 0
9 13 4 4 0
9 13 4 5 0
9 13 4 6 0
9 13 4 7 0
9 13 4 8 0
9 13 4 9 0
9 13 4 10 0
9 13 4 11 0
9 13 4 12 0
9 13 4 13 0
9 13 4 14 0
9 13 4 15 0
9 13 5 0 0
9 13 5 1 0
9 13 5 2 0
9 13 5 3 0
9 13 5 4 0
9 13 5 5 0
9 13 5 6 0
9 13 5 7 0
9 13 5 8 0
9 13 5 9 0
9 13 5 10 0
9 13 5 11 0
9 13 5 12 0
9 13 5 13 0
9 13 5 14 0
9 13 5 15 0
9 13 6 0 0
9 13 6 1 0
9 13 6 2 0
9 13 6 3 0
9 13 6 4 0
9 13 6 5 0
9 13 6 6 0
9 13 6 7 0
9 13 6 8 0
9 13 6 9 0
9 13 6 10 0
9 13 6 11 0
9 13 6 12 0
9 13 6 13 0
9 13 6 14 0
9 13 6 15 0
9 13 7 0 0
9 13 7 1 0
9 13 7 2 0
9 13 7 3 0
9 13 7 4 0
9 13 7 5 0
9 13 7 6 0
9 13 7 7 0
9 13 7 8 0
9 13 7 9 0
9 13 7 10 0
9 13 7 11 0
9 13 7 12 0
9 13 7 13 0
9 13 7 14 0
9 13 7 15 0
9 13 8 0 0
9 13 8 1 0
9 13 8 2 0
9 13 8 3 0
9 13 8 4 0
9 13 8 5 0
9 13 8 6 0
9 13 8 7 0
9 13 8 8 0
9 13 8 9 0
9 13 8 10 0
9 13 8 11 0
9 13 8 12 0
9 13 8 13 0
9 13 8 14 0
9 13 8 15 0
9 13 9 0 0
9 13 9 1 0
9 13 9 2 0
9 13 9 3 0
9 13 9 4 0
9 13 9 5 0
9 13 9 6 0
9 13 9 7 0
9 13 9 8 0
9 13 9 9 0
9 13 9 10 0
9 13 9 11 0
9 13 9 12 0
9 13 9 13 0
9 13 9 14 0
9 13 9 15 0
9 13 10 0 0
9 13 10 1 0
9 13 10 2 0
9 13 10 3 0
9 13 10 4 0
9 13 10 5 0
9 13 10 6 0
9 13 10 7 0
9 13 10 8 0
9 13 10 9 0
9 13 10 10 0
9 13 10 11 0
9 13 10 12 0
9 13 10 13 0
9 13 10 14 0
9 13 10 15 0
9 13 11 0 0
9 13 11 1 0
9 13 11 2 0
9 13 11 3 0
9 13 11 4 0
9 13 11 5 0
9 13 11 6 0
9 13 11 7 0
9 13 11 8 0
9 13 11 9 0
9 13 11 10 0
9 13 11 11 0
9 13 11 12 0
9 13 11 13 0
9 13 11 14 0
9 13 11 15 0
9 13 12 0 0
9 13 12 1 0
9 13 12 2 0
9 13 12 3 0
9 13 12 4 0
9 13 12 5 0
9 13 12 6 0
9 13 12 7 0
9 13 12 8 0
9 13 12 9 0
9 13 12 10 0
9 13 12 11 0
9 13 12 12 0
9 13 12 13 0
9 13 12 14 0
9 13 12 15 0
9 13 13 0 0
9 13 13 1 0
9 13 13 2 0
9 13 13 3 0
9 13 13 4 0
9 13 13 5 0
9 13 13 6 0
9 13 13 7 0
9 13 13 8 0
9 13 13 9 0
9 13 13 10 0
9 13 13 11 0
9 13 13 12 0
9 13 13 13 0
9 13 13 14 0
9 13 13 15 0
9 13 14 0 0
9 13 14 1 0
9 13 14 2 0
9 13 14 3 0
9 13 14 4 0
9 13 14 5 0
9 13 14 6 0
9 13 14 7 0
9 13 14 8 0
9 13 14 9 0
9 13 14 10 0
9 13 14 11 0
9 13 14 12 0
9 13 14 13 0
9 13 14 14 0
9 13 14 15 0
9 13 15 0 0
9 13 15 1 0
9 13 15 2 0
9 13 15 3 0
9 13 15 4 0
9 13 15 5 0
9 13 15 6 0
9 13 15 7 0
9 13 15 8 0
9 13 15 9 0
9 13 15 10 0
9 13 15 11 0
9 13 15 12 0
9 13 15 13 0
9 13 15 14 0
9 13 15 15 0
9 14 0 0 0
9 14 0 1 0
9 14 0 2 0
9 14 0 3 0
9 14 0 4 0
9 14 0 5 0
9 14 0 6 0
9 14 0 7 0
9 14 0 8 0
9 14 0 9 0
9 14 0 10 0
9 14 0 11 0
9 14 0 12 0
9 14 0 13 0
9 14 0 14 0
9 14 0 15 0
9 14 1 0 0
9 14 1 1 0
9 14 1 2 0
9 14 1 3 0
9 14 1 4 0
9 14 1 5 0
9 14 1 6 0
9 14 1 7 0
9 14 1 8 0
9 14 1 9 0
9 14 1 10 0
9 14 1 11 0
9 14 1 12 0
9 14 1 13 0
9 14 1 14 0
9 14 1 15 0
9 14 2 0 0
9 14 2 1 0
9 14 2 2 0
9 14 2 3 0
9 14 2 4 0
9 14 2 5 0
9 14 2 6 0
9 14 2 7 0
9 14 2 8 0
9 14 2 9 0
9 14 2 10 0
9 14 2 11 0
9 14 2 12 0
9 14 2 13 0
9 14 2 14 0
9 14 2 15 0
9 14 3 0 0
9 14 3 1 0
9 14 3 2 0
9 14 3 3 0
9 14 3 4 0
9 14 3 5 0
9 14 3 6 0
9 14 3 7 0
9 14 3 8 0
9 14 3 9 0
9 14 3 10 0
9 14 3 11 0
9 14 3 12 0
9 14 3 13 0
9 14 3 14 0
9 14 3 15 0
9 14 4 0 0
9 14 4 1 0
9 14 4 2 0
9 14 4 3 0
9 14 4 4 0
9 14 4 5 0
9 14 4 6 0
9 14 4 7 0
9 14 4 8 0
9 14 4 9 0
9 14 4 10 0
9 14 4 11 0
9 14 4 12 0
9 14 4 13 0
9 14 4 14 0
9 14 4 15 0
9 14 5 0 0
9 14 5 1 0
9 14 5 2 0
9 14 5 3 0
9 14 5 4 0
9 14 5 5 0
9 14 5 6 0
9 14 5 7 0
9 14 5 8 0
9 14 5 9 0
9 14 5 10 0
9 14 5 11 0
9 14 5 12 0
9 14 5 13 0
9 14 5 14 0
9 14 5 15 0
9 14 6 0 0
9 14 6 1 0
9 14 6 2 0
9 14 6 3 0
9 14 6 4 0
9 14 6 5 0
9 14 6 6 0
9 14 6 7 0
9 14 6 8 0
9 14 6 9 0
9 14 6 10 0
9 14 6 11 0
9 14 6 12 0
9 14 6 13 0
9 14 6 14 0
9 14 6 15 0
9 14 7 0 0
9 14 7 1 0
9 14 7 2 0
9 14 7 3 0
9 14 7 4 0
9 14 7 5 0
9 14 7 6 0
9 14 7 7 0
9 14 7 8 0
9 14 7 9 0
9 14 7 10 0
9 14 7 11 0
9 14 7 12 0
9 14 7 13 0
9 14 7 14 0
9 14 7 15 0
9 14 8 0 0
9 14 8 1 0
9 14 8 2 0
9 14 8 3 0
9 14 8 4 0
9 14 8 5 0
9 14 8 6 0
9 14 8 7 0
9 14 8 8 0
9 14 8 9 0
9 14 8 10 0
9 14 8 11 0
9 14 8 12 0
9 14 8 13 0
9 14 8 14 0
9 14 8 15 0
9 14 9 0 0
9 14 9 1 0
9 14 9 2 0
9 14 9 3 0
9 14 9 4 0
9 14 9 5 0
9 14 9 6 0
9 14 9 7 0
9 14 9 8 0
9 14 9 9 0
9 14 9 10 0
9 14 9 11 0
9 14 9 12 0
9 14 9 13 0
9 14 9 14 0
9 14 9 15 0
9 14 10 0 0
9 14 10 1 0
9 14 10 2 0
9 14 10 3 0
9 14 10 4 0
9 14 10 5 0
9 14 10 6 0
9 14 10 7 0
9 14 10 8 0
9 14 10 9 0
9 14 10 10 0
9 14 10 11 0
9 14 10 12 0
9 14 10 13 0
9 14 10 14 0
9 14 10 15 0
9 14 11 0 0
9 14 11 1 0
9 14 11 2 0
9 14 11 3 0
9 14 11 4 0
9 14 11 5 0
9 14 11 6 0
9 14 11 7 0
9 14 11 8 0
9 14 11 9 0
9 14 11 10 0
9 14 11 11 0
9 14 11 12 0
9 14 11 13 0
9 14 11 14 0
9 14 11 15 0
9 14 12 0 0
9 14 12 1 0
9 14 12 2 0
9 14 12 3 0
9 14 12 4 0
9 14 12 5 0
9 14 12 6 0
9 14 12 7 0
9 14 12 8 0
9 14 12 9 0
9 14 12 10 0
9 14 12 11 0
9 14 12 12 0
9 14 12 13 0
9 14 12 14 0
9 14 12 15 0
9 14 13 0 0
9 14 13 1 0
9 14 13 2 0
9 14 13 3 0
9 14 13 4 0
9 14 13 5 0
9 14 13 6 0
9 14 13 7 0
9 14 13 8 0
9 14 13 9 0
9 14 13 10 0
9 14 13 11 0
9 14 13 12 0
9 14 13 13 0
9 14 13 14 0
9 14 13 15 0
9 14 14 0 0
9 14 14 1 0
9 14 14 2 0
9 14 14 3 0
9 14 14 4 0
9 14 14 5 0
9 14 14 6 0
9 14 14 7 0
9 14 14 8 0
9 14 14 9 0
9 14 14 10 0
9 14 14 11 0
9 14 14 12 0
9 14 14 13 0
9 14 14 14 0
9 14 14 15 0
9 14 15 0 0
9 14 15 1 0
9 14 15 2 0
9 14 15 3 0
9 14 15 4 0
9 14 15 5 0
9 14 15 6 0
9 14 15 7 0
9 14 15 8 0
9 14 15 9 0
9 14 15 10 0
9 14 15 11 0
9 14 15 12 0
9 14 15 13 0
9 14 15 14 0
9 14 15 15 0
9 15 0 0 0
9 15 0 1 0
9 15 0 2 0
9 15 0 3 0
9 15 0 4 0
9 15 0 5 0
9 15 0 6 0
9 15 0 7 0
9 15 0 8 0
9 15 0 9 0
9 15 0 10 0
9 15 0 11 0
9 15 0 12 0
9 15 0 13 0
9 15 0 14 0
9 15 0 15 0
9 15 1 0 0
9 15 1 1 0
9 15 1 2 0
9 15 1 3 0
9 15 1 4 0
9 15 1 5 0
9 15 1 6 0
9 15 1 7 0
9 15 1 8 0
9 15 1 9 0
9 15 1 10 0
9 15 1 11 0
9 15 1 12 0
9 15 1 13 0
9 15 1 14 0
9 15 1 15 0
9 15 2 0 0
9 15 2 1 0
9 15 2 2 0
9 15 2 3 0
9 15 2 4 0
9 15 2 5 0
9 15 2 6 0
9 15 2 7 0
9 15 2 8 0
9 15 2 9 0
9 15 2 10 0
9 15 2 11 0
9 15 2 12 0
9 15 2 13 0
9 15 2 14 0
9 15 2 15 0
9 15 3 0 0
9 15 3 1 0
9 15 3 2 0
9 15 3 3 0
9 15 3 4 0
9 15 3 5 0
9 15 3 6 0
9 15 3 7 0
9 15 3 8 0
9 15 3 9 0
9 15 3 10 0
9 15 3 11 0
9 15 3 12 0
9 15 3 13 0
9 15 3 14 0
9 15 3 15 0
9 15 4 0 0
9 15 4 1 0
9 15 4 2 0
9 15 4 3 0
9 15 4 4 0
9 15 4 5 0
9 15 4 6 0
9 15 4 7 0
9 15 4 8 0
9 15 4 9 0
9 15 4 10 0
9 15 4 11 0
9 15 4 12 0
9 15 4 13 0
9 15 4 14 0
9 15 4 15 0
9 15 5 0 0
9 15 5 1 0
9 15 5 2 0
9 15 5 3 0
9 15 5 4 0
9 15 5 5 0
9 15 5 6 0
9 15 5 7 0
9 15 5 8 0
9 15 5 9 0
9 15 5 10 0
9 15 5 11 0
9 15 5 12 0
9 15 5 13 0
9 15 5 14 0
9 15 5 15 0
9 15 6 0 0
9 15 6 1 0
9 15 6 2 0
9 15 6 3 0
9 15 6 4 0
9 15 6 5 0
9 15 6 6 0
9 15 6 7 0
9 15 6 8 0
9 15 6 9 0
9 15 6 10 0
9 15 6 11 0
9 15 6 12 0
9 15 6 13 0
9 15 6 14 0
9 15 6 15 0
9 15 7 0 0
9 15 7 1 0
9 15 7 2 0
9 15 7 3 0
9 15 7 4 0
9 15 7 5 0
9 15 7 6 0
9 15 7 7 0
9 15 7 8 0
9 15 7 9 0
9 15 7 10 0
9 15 7 11 0
9 15 7 12 0
9 15 7 13 0
9 15 7 14 0
9 15 7 15 0
9 15 8 0 0
9 15 8 1 0
9 15 8 2 0
9 15 8 3 0
9 15 8 4 0
9 15 8 5 0
9 15 8 6 0
9 15 8 7 0
9 15 8 8 0
9 15 8 9 0
9 15 8 10 0
9 15 8 11 0
9 15 8 12 0
9 15 8 13 0
9 15 8 14 0
9 15 8 15 0
9 15 9 0 0
9 15 9 1 0
9 15 9 2 0
9 15 9 3 0
9 15 9 4 0
9 15 9 5 0
9 15 9 6 0
9 15 9 7 0
9 15 9 8 0
9 15 9 9 0
9 15 9 10 0
9 15 9 11 0
9 15 9 12 0
9 15 9 13 0
9 15 9 14 0
9 15 9 15 0
9 15 10 0 0
9 15 10 1 0
9 15 10 2 0
9 15 10 3 0
9 15 10 4 0
9 15 10 5 0
9 15 10 6 0
9 15 10 7 0
9 15 10 8 0
9 15 10 9 0
9 15 10 10 0
9 15 10 11 0
9 15 10 12 0
9 15 10 13 0
9 15 10 14 0
9 15 10 15 0
9 15 11 0 0
9 15 11 1 0
9 15 11 2 0
9 15 11 3 0
9 15 11 4 0
9 15 11 5 0
9 15 11 6 0
9 15 11 7 0
9 15 11 8 0
9 15 11 9 0
9 15 11 10 0
9 15 11 11 0
9 15 11 12 0
9 15 11 13 0
9 15 11 14 0
9 15 11 15 0
9 15 12 0 0
9 15 12 1 0
9 15 12 2 0
9 15 12 3 0
9 15 12 4 0
9 15 12 5 0
9 15 12 6 0
9 15 12 7 0
9 15 12 8 0
9 15 12 9 0
9 15 12 10 0
9 15 12 11 0
9 15 12 12 0
9 15 12 13 0
9 15 12 14 0
9 15 12 15 0
9 15 13 0 0
9 15 13 1 0
9 15 13 2 0
9 15 13 3 0
9 15 13 4 0
9 15 13 5 0
9 15 13 6 0
9 15 13 7 0
9 15 13 8 0
9 15 13 9 0
9 15 13 10 0
9 15 13 11 0
9 15 13 12 0
9 15 13 13 0
9 15 13 14 0
9 15 13 15 0
9 15 14 0 0
9 15 14 1 0
9 15 14 2 0
9 15 14 3 0
9 15 14 4 0
9 15 14 5 0
9 15 14 6 0
9 15 14 7 0
9 15 14 8 0
9 15 14 9 0
9 15 14 10 0
9 15 14 11 0
9 15 14 12 0
9 15 14 13 0
9 15 14 14 0
9 15 14 15 0
9 15 15 0 0
9 15 15 1 0
9 15 15 2 0
9 15 15 3 0
9 15 15 4 0
9 15 15 5 0
9 15 15 6 0
9 15 15 7 0
9 15 15 8 0
9 15 15 9 0
9 15 15 10 0
9 15 15 11 0
9 15 15 12 0
9 15 15 13 0
9 15 15 14 0
9 15 15 15 0
10 0 0 0 0
10 0 0 1 0
10 0 0 2 0
10 0 0 3 0
10 0 0 4 0
10 0 0 5 0
10 0 0 6 0
10 0 0 7 0
10 0 0 8 0
10 0 0 9 0
10 0 0 10 0
10 0 0 11 0
10 0 0 12 0
10 0 0 13 0
10 0 0 14 0
10 0 0 15 0
10 0 1 0 0
10 0 1 1 0
10 0 1 2 0
10 0 1 3 0
10 0 1 4 0
10 0 1 5 0
10 0 1 6 0
10 0 1 7 0
10 0 1 8 0
10 0 1 9 0
10 0 1 10 0
10 0 1 11 0
10 0 1 12 0
10 0 1 13 0
10 0 1 14 0
10 0 1 15 0
10 0 2 0 0
10 0 2 1 0
10 0 2 2 0
10 0 2 3 0
10 0 2 4 0
10 0 2 5 0
10 0 2 6 0
10 0 2 7 0
10 0 2 8 0
10 0 2 9 0
10 0 2 10 0
10 0 2 11 0
10 0 2 12 0
10 0 2 13 0
10 0 2 14 0
10 0 2 15 0
10 0 3 0 0
10 0 3 1 0
10 0 3 2 0
10 0 3 3 0
10 0 3 4 0
10 0 3 5 0
10 0 3 6 0
10 0 3 7 0
10 0 3 8 0
10 0 3 9 0
10 0 3 10 0
10 0 3 11 0
10 0 3 12 0
10 0 3 13 0
10 0 3 14 0
10 0 3 15 0
10 0 4 0 0
10 0 4 1 0
10 0 4 2 0
10 0 4 3 0
10 0 4 4 0
10 0 4 5 0
10 0 4 6 0
10 0 4 7 0
10 0 4 8 0
10 0 4 9 0
10 0 4 10 0
10 0 4 11 0
10 0 4 12 0
10 0 4 13 0
10 0 4 14 0
10 0 4 15 0
10 0 5 0 0
10 0 5 1 0
10 0 5 2 0
10 0 5 3 0
10 0 5 4 0
10 0 5 5 0
10 0 5 6 0
10 0 5 7 0
10 0 5 8 0
10 0 5 9 0
10 0 5 10 0
10 0 5 11 0
10 0 5 12 0
10 0 5 13 0
10 0 5 14 0
10 0 5 15 0
10 0 6 0 0
10 0 6 1 0
10 0 6 2 0
10 0 6 3 0
10 0 6 4 0
10 0 6 5 0
10 0 6 6 0
10 0 6 7 0
10 0 6 8 0
10 0 6 9 0
10 0 6 10 0
10 0 6 11 0
10 0 6 12 0
10 0 6 13 0
10 0 6 14 0
10 0 6 15 0
10 0 7 0 0
10 0 7 1 0
10 0 7 2 0
10 0 7 3 0
10 0 7 4 0
10 0 7 5 0
10 0 7 6 0
10 0 7 7 0
10 0 7 8 0
10 0 7 9 0
10 0 7 10 0
10 0 7 11 0
10 0 7 12 0
10 0 7 13 0
10 0 7 14 0
10 0 7 15 0
10 0 8 0 0
10 0 8 1 0
10 0 8 2 0
10 0 8 3 0
10 0 8 4 0
10 0 8 5 0
10 0 8 6 0
10 0 8 7 0
10 0 8 8 0
10 0 8 9 0
10 0 8 10 0
10 0 8 11 0
10 0 8 12 0
10 0 8 13 0
10 0 8 14 0
10 0 8 15 0
10 0 9 0 0
10 0 9 1 0
10 0 9 2 0
10 0 9 3 0
10 0 9 4 0
10 0 9 5 0
10 0 9 6 0
10 0 9 7 0
10 0 9 8 0
10 0 9 9 0
10 0 9 10 0
10 0 9 11 0
10 0 9 12 0
10 0 9 13 0
10 0 9 14 0
10 0 9 15 0
10 0 10 0 0
10 0 10 1 0
10 0 10 2 0
10 0 10 3 0
10 0 10 4 0
10 0 10 5 0
10 0 10 6 0
10 0 10 7 0
10 0 10 8 0
10 0 10 9 0
10 0 10 10 0
10 0 10 11 0
10 0 10 12 0
10 0 10 13 0
10 0 10 14 0
10 0 10 15 0
10 0 11 0 0
10 0 11 1 0
10 0 11 2 0
10 0 11 3 0
10 0 11 4 0
10 0 11 5 0
10 0 11 6 0
10 0 11 7 0
10 0 11 8 0
10 0 11 9 0
10 0 11 10 0
10 0 11 11 0
10 0 11 12 0
10 0 11 13 0
10 0 11 14 0
10 0 11 15 0
10 0 12 0 0
10 0 12 1 0
10 0 12 2 0
10 0 12 3 0
10 0 12 4 0
10 0 12 5 0
10 0 12 6 0
10 0 12 7 0
10 0 12 8 0
10 0 12 9 0
10 0 12 10 0
10 0 12 11 0
10 0 12 12 0
10 0 12 13 0
10 0 12 14 0
10 0 12 15 0
10 0 13 0 0
10 0 13 1 0
10 0 13 2 0
10 0 13 3 0
10 0 13 4 0
10 0 13 5 0
10 0 13 6 0
10 0 13 7 0
10 0 13 8 0
10 0 13 9 0
10 0 13 10 0
10 0 13 11 0
10 0 13 12 0
10 0 13 13 0
10 0 13 14 0
10 0 13 15 0
10 0 14 0 0
10 0 14 1 0
10 0 14 2 0
10 0 14 3 0
10 0 14 4 0
10 0 14 5 0
10 0 14 6 0
10 0 14 7 0
10 0 14 8 0
10 0 14 9 0
10 0 14 10 0
10 0 14 11 0
10 0 14 12 0
10 0 14 13 0
10 0 14 14 0
10 0 14 15 0
10 0 15 0 0
10 0 15 1 0
10 0 15 2 0
10 0 15 3 0
10 0 15 4 0
10 0 15 5 0
10 0 15 6 0
10 0 15 7 0
10 0 15 8 0
10 0 15 9 0
10 0 15 10 0
10 0 15 11 0
10 0 15 12 0
10 0 15 13 0
10 0 15 14 0
10 0 15 15 0
10 1 0 0 0
10 1 0 1 0
10 1 0 2 0
10 1 0 3 0
10 1 0 4 0
10 1 0 5 0
10 1 0 6 0
10 1 0 7 0
10 1 0 8 0
10 1 0 9 0
10 1 0 10 0
10 1 0 11 0
10 1 0 12 0
10 1 0 13 0
10 1 0 14 0
10 1 0 15 0
10 1 1 0 0
10 1 1 1 0
10 1 1 2 0
10 1 1 3 0
10 1 1 4 0
10 1 1 5 0
10 1 1 6 0
10 1 1 7 0
10 1 1 8 0
10 1 1 9 0
10 1 1 10 0
10 1 1 11 0
10 1 1 12 0
10 1 1 13 0
10 1 1 14 0
10 1 1 15 0
10 1 2 0 0
10 1 2 1 0
10 1 2 2 0
10 1 2 3 0
10 1 2 4 0
10 1 2 5 0
10 1 2 6 0
10 1 2 7 0
10 1 2 8 0
10 1 2 9 0
10 1 2 10 0
10 1 2 11 0
10 1 2 12 0
10 1 2 13 0
10 1 2 14 0
10 1 2 15 0
10 1 3 0 0
10 1 3 1 0
10 1 3 2 0
10 1 3 3 0
10 1 3 4 0
10 1 3 5 0
10 1 3 6 0
10 1 3 7 0
10 1 3 8 0
10 1 3 9 0
10 1 3 10 0
10 1 3 11 0
10 1 3 12 0
10 1 3 13 0
10 1 3 14 0
10 1 3 15 0
10 1 4 0 0
10 1 4 1 0
10 1 4 2 0
10 1 4 3 0
10 1 4 4 0
10 1 4 5 0
10 1 4 6 0
10 1 4 7 0
10 1 4 8 0
10 1 4 9 0
10 1 4 10 0
10 1 4 11 0
10 1 4 12 0
10 1 4 13 0
10 1 4 14 0
10 1 4 15 0
10 1 5 0 0
10 1 5 1 0
10 1 5 2 0
10 1 5 3 0
10 1 5 4 0
10 1 5 5 0
10 1 5 6 0
10 1 5 7 0
10 1 5 8 0
10 1 5 9 0
10 1 5 10 0
10 1 5 11 0
10 1 5 12 0
10 1 5 13 0
10 1 5 14 0
10 1 5 15 0
10 1 6 0 0
10 1 6 1 0
10 1 6 2 0
10 1 6 3 0
10 1 6 4 0
10 1 6 5 0
10 1 6 6 0
10 1 6 7 0
10 1 6 8 0
10 1 6 9 0
10 1 6 10 0
10 1 6 11 0
10 1 6 12 0
10 1 6 13 0
10 1 6 14 0
10 1 6 15 0
10 1 7 0 0
10 1 7 1 0
10 1 7 2 0
10 1 7 3 0
10 1 7 4 0
10 1 7 5 0
10 1 7 6 0
10 1 7 7 0
10 1 7 8 0
10 1 7 9 0
10 1 7 10 0
10 1 7 11 0
10 1 7 12 0
10 1 7 13 0
10 1 7 14 0
10 1 7 15 0
10 1 8 0 0
10 1 8 1 0
10 1 8 2 0
10 1 8 3 0
10 1 8 4 0
10 1 8 5 0
10 1 8 6 0
10 1 8 7 0
10 1 8 8 0
10 1 8 9 0
10 1 8 10 0
10 1 8 11 0
10 1 8 12 0
10 1 8 13 0
10 1 8 14 0
10 1 8 15 0
10 1 9 0 0
10 1 9 1 0
10 1 9 2 0
10 1 9 3 0
10 1 9 4 0
10 1 9 5 0
10 1 9 6 0
10 1 9 7 0
10 1 9 8 0
10 1 9 9 0
10 1 9 10 0
10 1 9 11 0
10 1 9 12 0
10 1 9 13 0
10 1 9 14 0
10 1 9 15 0
10 1 10 0 0
10 1 10 1 0
10 1 10 2 0
10 1 10 3 0
10 1 10 4 0
10 1 10 5 0
10 1 10 6 0
10 1 10 7 0
10 1 10 8 0
10 1 10 9 0
10 1 10 10 0
10 1 10 11 0
10 1 10 12 0
10 1 10 13 0
10 1 10 14 0
10 1 10 15 0
10 1 11 0 0
10 1 11 1 0
10 1 11 2 0
10 1 11 3 0
10 1 11 4 0
10 1 11 5 0
10 1 11 6 0
10 1 11 7 0
10 1 11 8 0
10 1 11 9 0
10 1 11 10 0
10 1 11 11 0
10 1 11 12 0
10 1 11 13 0
10 1 11 14 0
10 1 11 15 0
10 1 12 0 0
10 1 12 1 0
10 1 12 2 0
10 1 12 3 0
10 1 12 4 0
10 1 12 5 0
10 1 12 6 0
10 1 12 7 0
10 1 12 8 0
10 1 12 9 0
10 1 12 10 0
10 1 12 11 0
10 1 12 12 0
10 1 12 13 0
10 1 12 14 0
10 1 12 15 0
10 1 13 0 0
10 1 13 1 0
10 1 13 2 0
10 1 13 3 0
10 1 13 4 0
10 1 13 5 0
10 1 13 6 0
10 1 13 7 0
10 1 13 8 0
10 1 13 9 0
10 1 13 10 0
10 1 13 11 0
10 1 13 12 0
10 1 13 13 0
10 1 13 14 0
10 1 13 15 0
10 1 14 0 0
10 1 14 1 0
10 1 14 2 0
10 1 14 3 0
10 1 14 4 0
10 1 14 5 0
10 1 14 6 0
10 1 14 7 0
10 1 14 8 0
10 1 14 9 0
10 1 14 10 0
10 1 14 11 0
10 1 14 12 0
10 1 14 13 0
10 1 14 14 0
10 1 14 15 0
10 1 15 0 0
10 1 15 1 0
10 1 15 2 0
10 1 15 3 0
10 1 15 4 0
10 1 15 5 0
10 1 15 6 0
10 1 15 7 0
10 1 15 8 0
10 1 15 9 0
10 1 15 10 0
10 1 15 11 0
10 1 15 12 0
10 1 15 13 0
10 1 15 14 0
10 1 15 15 0
10 2 0 0 0
10 2 0 1 0
10 2 0 2 0
10 2 0 3 0
10 2 0 4 0
10 2 0 5 0
10 2 0 6 0
10 2 0 7 0
10 2 0 8 0
10 2 0 9 0
10 2 0 10 0
10 2 0 11 0
10 2 0 12 0
10 2 0 13 0
10 2 0 14 0
10 2 0 15 0
10 2 1 0 0
10 2 1 1 0
10 2 1 2 0
10 2 1 3 0
10 2 1 4 0
10 2 1 5 0
10 2 1 6 0
10 2 1 7 0
10 2 1 8 0
10 2 1 9 0
10 2 1 10 0
10 2 1 11 0
10 2 1 12 0
10 2 1 13 0
10 2 1 14 0
10 2 1 15 0
10 2 2 0 0
10 2 2 1 0
10 2 2 2 0
10 2 2 3 0
10 2 2 4 0
10 2 2 5 0
10 2 2 6 0
10 2 2 7 0
10 2 2 8 0
10 2 2 9 0
10 2 2 10 0
10 2 2 11 0
10 2 2 12 0
10 2 2 13 0
10 2 2 14 0
10 2 2 15 0
10 2 3 0 0
10 2 3 1 0
10 2 3 2 0
10 2 3 3 0
10 2 3 4 0
10 2 3 5 0
10 2 3 6 0
10 2 3 7 0
10 2 3 8 0
10 2 3 9 0
10 2 3 10 0
10 2 3 11 0
10 2 3 12 0
10 2 3 13 0
10 2 3 14 0
10 2 3 15 0
10 2 4 0 0
10 2 4 1 0
10 2 4 2 0
10 2 4 3 0
10 2 4 4 0
10 2 4 5 0
10 2 4 6 0
10 2 4 7 0
10 2 4 8 0
10 2 4 9 0
10 2 4 10 0
10 2 4 11 0
10 2 4 12 0
10 2 4 13 0
10 2 4 14 0
10 2 4 15 0
10 2 5 0 0
10 2 5 1 0
10 2 5 2 0
10 2 5 3 0
10 2 5 4 0
10 2 5 5 0
10 2 5 6 0
10 2 5 7 0
10 2 5 8 0
10 2 5 9 0
10 2 5 10 0
10 2 5 11 0
10 2 5 12 0
10 2 5 13 0
10 2 5 14 0
10 2 5 15 0
10 2 6 0 0
10 2 6 1 0
10 2 6 2 0
10 2 6 3 0
10 2 6 4 0
10 2 6 5 0
10 2 6 6 0
10 2 6 7 0
10 2 6 8 0
10 2 6 9 0
10 2 6 10 0
10 2 6 11 0
10 2 6 12 0
10 2 6 13 0
10 2 6 14 0
10 2 6 15 0
10 2 7 0 0
10 2 7 1 0
10 2 7 2 0
10 2 7 3 0
10 2 7 4 0
10 2 7 5 0
10 2 7 6 0
10 2 7 7 0
10 2 7 8 0
10 2 7 9 0
10 2 7 10 0
10 2 7 11 0
10 2 7 12 0
10 2 7 13 0
10 2 7 14 0
10 2 7 15 0
10 2 8 0 0
10 2 8 1 0
10 2 8 2 0
10 2 8 3 0
10 2 8 4 0
10 2 8 5 0
10 2 8 6 0
10 2 8 7 0
10 2 8 8 0
10 2 8 9 0
10 2 8 10 0
10 2 8 11 0
10 2 8 12 0
10 2 8 13 0
10 2 8 14 0
10 2 8 15 0
10 2 9 0 0
10 2 9 1 0
10 2 9 2 0
10 2 9 3 0
10 2 9 4 0
10 2 9 5 0
10 2 9 6 0
10 2 9 7 0
10 2 9 8 0
10 2 9 9 0
10 2 9 10 0
10 2 9 11 0
10 2 9 12 0
10 2 9 13 0
10 2 9 14 0
10 2 9 15 0
10 2 10 0 0
10 2 10 1 0
10 2 10 2 0
10 2 10 3 0
10 2 10 4 0
10 2 10 5 0
10 2 10 6 0
10 2 10 7 0
10 2 10 8 0
10 2 10 9 0
10 2 10 10 0
10 2 10 11 0
10 2 10 12 0
10 2 10 13 0
10 2 10 14 0
10 2 10 15 0
10 2 11 0 0
10 2 11 1 0
10 2 11 2 0
10 2 11 3 0
10 2 11 4 0
10 2 11 5 0
10 2 11 6 0
10 2 11 7 0
10 2 11 8 0
10 2 11 9 0
10 2 11 10 0
10 2 11 11 0
10 2 11 12 0
10 2 11 13 0
10 2 11 14 0
10 2 11 15 0
10 2 12 0 0
10 2 12 1 0
10 2 12 2 0
10 2 12 3 0
10 2 12 4 0
10 2 12 5 0
10 2 12 6 0
10 2 12 7 0
10 2 12 8 0
10 2 12 9 0
10 2 12 10 0
10 2 12 11 0
10 2 12 12 0
10 2 12 13 0
10 2 12 14 0
10 2 12 15 0
10 2 13 0 0
10 2 13 1 0
10 2 13 2 0
10 2 13 3 0
10 2 13 4 0
10 2 13 5 0
10 2 13 6 0
10 2 13 7 0
10 2 13 8 0
10 2 13 9 0
10 2 13 10 0
10 2 13 11 0
10 2 13 12 0
10 2 13 13 0
10 2 13 14 0
10 2 13 15 0
10 2 14 0 0
10 2 14 1 0
10 2 14 2 0
10 2 14 3 0
10 2 14 4 0
10 2 14 5 0
10 2 14 6 0
10 2 14 7 0
10 2 14 8 0
10 2 14 9 0
10 2 14 10 0
10 2 14 11 0
10 2 14 12 0
10 2 14 13 0
10 2 14 14 0
10 2 14 15 0
10 2 15 0 0
10 2 15 1 0
10 2 15 2 0
10 2 15 3 0
10 2 15 4 0
10 2 15 5 0
10 2 15 6 0
10 2 15 7 0
10 2 15 8 0
10 2 15 9 0
10 2 15 10 0
10 2 15 11 0
10 2 15 12 0
10 2 15 13 0
10 2 15 14 0
10 2 15 15 0
10 3 0 0 0
10 3 0 1 0
10 3 0 2 0
10 3 0 3 0
10 3 0 4 0
10 3 0 5 0
10 3 0 6 0
10 3 0 7 0
10 3 0 8 0
10 3 0 9 0
10 3 0 10 0
10 3 0 11 0
10 3 0 12 0
10 3 0 13 0
10 3 0 14 0
10 3 0 15 0
10 3 1 0 0
10 3 1 1 0
10 3 1 2 0
10 3 1 3 0
10 3 1 4 0
10 3 1 5 0
10 3 1 6 0
10 3 1 7 0
10 3 1 8 0
10 3 1 9 0
10 3 1 10 0
10 3 1 11 0
10 3 1 12 0
10 3 1 13 0
10 3 1 14 0
10 3 1 15 0
10 3 2 0 0
10 3 2 1 0
10 3 2 2 0
10 3 2 3 0
10 3 2 4 0
10 3 2 5 0
10 3 2 6 0
10 3 2 7 0
10 3 2 8 0
10 3 2 9 0
10 3 2 10 0
10 3 2 11 0
10 3 2 12 0
10 3 2 13 0
10 3 2 14 0
10 3 2 15 0
10 3 3 0 0
10 3 3 1 0
10 3 3 2 0
10 3 3 3 0
10 3 3 4 0
10 3 3 5 0
10 3 3 6 0
10 3 3 7 0
10 3 3 8 0
10 3 3 9 0
10 3 3 10 0
10 3 3 11 0
10 3 3 12 0
10 3 3 13 0
10 3 3 14 0
10 3 3 15 0
10 3 4 0 0
10 3 4 1 0
10 3 4 2 0
10 3 4 3 0
10 3 4 4 0
10 3 4 5 0
10 3 4 6 0
10 3 4 7 0
10 3 4 8 0
10 3 4 9 0
10 3 4 10 0
10 3 4 11 0
10 3 4 12 0
10 3 4 13 0
10 3 4 14 0
10 3 4 15 0
10 3 5 0 0
10 3 5 1 0
10 3 5 2 0
10 3 5 3 0
10 3 5 4 0
10 3 5 5 0
10 3 5 6 0
10 3 5 7 0
10 3 5 8 0
10 3 5 9 0
10 3 5 10 0
10 3 5 11 0
10 3 5 12 0
10 3 5 13 0
10 3 5 14 0
10 3 5 15 0
10 3 6 0 0
10 3 6 1 0
10 3 6 2 0
10 3 6 3 0
10 3 6 4 0
10 3 6 5 0
10 3 6 6 0
10 3 6 7 0
10 3 6 8 0
10 3 6 9 0
10 3 6 10 0
10 3 6 11 0
10 3 6 12 0
10 3 6 13 0
10 3 6 14 0
10 3 6 15 0
10 3 7 0 0
10 3 7 1 0
10 3 7 2 0
10 3 7 3 0
10 3 7 4 0
10 3 7 5 0
10 3 7 6 0
10 3 7 7 0
10 3 7 8 0
10 3 7 9 0
10 3 7 10 0
10 3 7 11 0
10 3 7 12 0
10 3 7 13 0
10 3 7 14 0
10 3 7 15 0
10 3 8 0 0
10 3 8 1 0
10 3 8 2 0
10 3 8 3 0
10 3 8 4 0
10 3 8 5 0
10 3 8 6 0
10 3 8 7 0
10 3 8 8 0
10 3 8 9 0
10 3 8 10 0
10 3 8 11 0
10 3 8 12 0
10 3 8 13 0
10 3 8 14 0
10 3 8 15 0
10 3 9 0 0
10 3 9 1 0
10 3 9 2 0
10 3 9 3 0
10 3 9 4 0
10 3 9 5 0
10 3 9 6 0
10 3 9 7 0
10 3 9 8 0
10 3 9 9 0
10 3 9 10 0
10 3 9 11 0
10 3 9 12 0
10 3 9 13 0
10 3 9 14 0
10 3 9 15 0
10 3 10 0 0
10 3 10 1 0
10 3 10 2 0
10 3 10 3 0
10 3 10 4 0
10 3 10 5 0
10 3 10 6 0
10 3 10 7 0
10 3 10 8 0
10 3 10 9 0
10 3 10 10 0
10 3 10 11 0
10 3 10 12 0
10 3 10 13 0
10 3 10 14 0
10 3 10 15 0
10 3 11 0 0
10 3 11 1 0
10 3 11 2 0
10 3 11 3 0
10 3 11 4 0
10 3 11 5 0
10 3 11 6 0
10 3 11 7 0
10 3 11 8 0
10 3 11 9 0
10 3 11 10 0
10 3 11 11 0
10 3 11 12 0
10 3 11 13 0
10 3 11 14 0
10 3 11 15 0
10 3 12 0 0
10 3 12 1 0
10 3 12 2 0
10 3 12 3 0
10 3 12 4 0
10 3 12 5 0
10 3 12 6 0
10 3 12 7 0
10 3 12 8 0
10 3 12 9 0
10 3 12 10 0
10 3 12 11 0
10 3 12 12 0
10 3 12 13 0
10 3 12 14 0
10 3 12 15 0
10 3 13 0 0
10 3 13 1 0
10 3 13 2 0
10 3 13 3 0
10 3 13 4 0
10 3 13 5 0
10 3 13 6 0
10 3 13 7 0
10 3 13 8 0
10 3 13 9 0
10 3 13 10 0
10 3 13 11 0
10 3 13 12 0
10 3 13 13 0
10 3 13 14 0
10 3 13 15 0
10 3 14 0 0
10 3 14 1 0
10 3 14 2 0
10 3 14 3 0
10 3 14 4 0
10 3 14 5 0
10 3 14 6 0
10 3 14 7 0
10 3 14 8 0
10 3 14 9 0
10 3 14 10 0
10 3 14 11 0
10 3 14 12 0
10 3 14 13 0
10 3 14 14 0
10 3 14 15 0
10 3 15 0 0
10 3 15 1 0
10 3 15 2 0
10 3 15 3 0
10 3 15 4 0
10 3 15 5 0
10 3 15 6 0
10 3 15 7 0
10 3 15 8 0
10 3 15 9 0
10 3 15 10 0
10 3 15 11 0
10 3 15 12 0
10 3 15 13 0
10 3 15 14 0
10 3 15 15 0
10 4 0 0 0
10 4 0 1 0
10 4 0 2 0
10 4 0 3 0
10 4 0 4 0
10 4 0 5 0
10 4 0 6 0
10 4 0 7 0
10 4 0 8 0
10 4 0 9 0
10 4 0 10 0
10 4 0 11 0
10 4 0 12 0
10 4 0 13 0
10 4 0 14 0
10 4 0 15 0
10 4 1 0 0
10 4 1 1 0
10 4 1 2 0
10 4 1 3 0
10 4 1 4 0
10 4 1 5 0
10 4 1 6 0
10 4 1 7 0
10 4 1 8 0
10 4 1 9 0
10 4 1 10 0
10 4 1 11 0
10 4 1 12 0
10 4 1 13 0
10 4 1 14 0
10 4 1 15 0
10 4 2 0 0
10 4 2 1 0
10 4 2 2 0
10 4 2 3 0
10 4 2 4 0
10 4 2 5 0
10 4 2 6 0
10 4 2 7 0
10 4 2 8 0
10 4 2 9 0
10 4 2 10 0
10 4 2 11 0
10 4 2 12 0
10 4 2 13 0
10 4 2 14 0
10 4 2 15 0
10 4 3 0 0
10 4 3 1 0
10 4 3 2 0
10 4 3 3 0
10 4 3 4 0
10 4 3 5 0
10 4 3 6 0
10 4 3 7 0
10 4 3 8 0
10 4 3 9 0
10 4 3 10 0
10 4 3 11 0
10 4 3 12 0
10 4 3 13 0
10 4 3 14 0
10 4 3 15 0
10 4 4 0 0
10 4 4 1 0
10 4 4 2 0
10 4 4 3 0
10 4 4 4 0
10 4 4 5 0
10 4 4 6 0
10 4 4 7 0
10 4 4 8 0
10 4 4 9 0
10 4 4 10 0
10 4 4 11 0
10 4 4 12 0
10 4 4 13 0
10 4 4 14 0
10 4 4 15 0
10 4 5 0 0
10 4 5 1 0
10 4 5 2 0
10 4 5 3 0
10 4 5 4 0
10 4 5 5 0
10 4 5 6 0
10 4 5 7 0
10 4 5 8 0
10 4 5 9 0
10 4 5 10 0
10 4 5 11 0
10 4 5 12 0
10 4 5 13 0
10 4 5 14 0
10 4 5 15 0
10 4 6 0 0
10 4 6 1 0
10 4 6 2 0
10 4 6 3 0
10 4 6 4 0
10 4 6 5 0
10 4 6 6 0
10 4 6 7 0
10 4 6 8 0
10 4 6 9 0
10 4 6 10 0
10 4 6 11 0
10 4 6 12 0
10 4 6 13 0
10 4 6 14 0
10 4 6 15 0
10 4 7 0 0
10 4 7 1 0
10 4 7 2 0
10 4 7 3 0
10 4 7 4 0
10 4 7 5 0
10 4 7 6 0
10 4 7 7 0
10 4 7 8 0
10 4 7 9 0
10 4 7 10 0
10 4 7 11 0
10 4 7 12 0
10 4 7 13 0
10 4 7 14 0
10 4 7 15 0
10 4 8 0 0
10 4 8 1 0
10 4 8 2 0
10 4 8 3 0
10 4 8 4 0
10 4 8 5 0
10 4 8 6 0
10 4 8 7 0
10 4 8 8 0
10 4 8 9 0
10 4 8 10 0
10 4 8 11 0
10 4 8 12 0
10 4 8 13 0
10 4 8 14 0
10 4 8 15 0
10 4 9 0 0
10 4 9 1 0
10 4 9 2 0
10 4 9 3 0
10 4 9 4 0
10 4 9 5 0
10 4 9 6 0
10 4 9 7 0
10 4 9 8 0
10 4 9 9 0
10 4 9 10 0
10 4 9 11 0
10 4 9 12 0
10 4 9 13 0
10 4 9 14 0
10 4 9 15 0
10 4 10 0 0
10 4 10 1 0
10 4 10 2 0
10 4 10 3 0
10 4 10 4 0
10 4 10 5 0
10 4 10 6 0
10 4 10 7 0
10 4 10 8 0
10 4 10 9 0
10 4 10 10 0
10 4 10 11 0
10 4 10 12 0
10 4 10 13 0
10 4 10 14 0
10 4 10 15 0
10 4 11 0 0
10 4 11 1 0
10 4 11 2 0
10 4 11 3 0
10 4 11 4 0
10 4 11 5 0
10 4 11 6 0
10 4 11 7 0
10 4 11 8 0
10 4 11 9 0
10 4 11 10 0
10 4 11 11 0
10 4 11 12 0
10 4 11 13 0
10 4 11 14 0
10 4 11 15 0
10 4 12 0 0
10 4 12 1 0
10 4 12 2 0
10 4 12 3 0
10 4 12 4 0
10 4 12 5 0
10 4 12 6 0
10 4 12 7 0
10 4 12 8 0
10 4 12 9 0
10 4 12 10 0
10 4 12 11 0
10 4 12 12 0
10 4 12 13 0
10 4 12 14 0
10 4 12 15 0
10 4 13 0 0
10 4 13 1 0
10 4 13 2 0
10 4 13 3 0
10 4 13 4 0
10 4 13 5 0
10 4 13 6 0
10 4 13 7 0
10 4 13 8 0
10 4 13 9 0
10 4 13 10 0
10 4 13 11 0
10 4 13 12 0
10 4 13 13 0
10 4 13 14 0
10 4 13 15 0
10 4 14 0 0
10 4 14 1 0
10 4 14 2 0
10 4 14 3 0
10 4 14 4 0
10 4 14 5 0
10 4 14 6 0
10 4 14 7 0
10 4 14 8 0
10 4 14 9 0
10 4 14 10 0
10 4 14 11 0
10 4 14 12 0
10 4 14 13 0
10 4 14 14 0
10 4 14 15 0
10 4 15 0 0
10 4 15 1 0
10 4 15 2 0
10 4 15 3 0
10 4 15 4 0
10 4 15 5 0
10 4 15 6 0
10 4 15 7 0
10 4 15 8 0
10 4 15 9 0
10 4 15 10 0
10 4 15 11 0
10 4 15 12 0
10 4 15 13 0
10 4 15 14 0
10 4 15 15 0
10 5 0 0 0
10 5 0 1 0
10 5 0 2 0
10 5 0 3 0
10 5 0 4 0
10 5 0 5 0
10 5 0 6 0
10 5 0 7 0
10 5 0 8 0
10 5 0 9 0
10 5 0 10 0
10 5 0 11 0
10 5 0 12 0
10 5 0 13 0
10 5 0 14 0
10 5 0 15 0
10 5 1 0 0
10 5 1 1 0
10 5 1 2 0
10 5 1 3 0
10 5 1 4 0
10 5 1 5 0
10 5 1 6 0
10 5 1 7 0
10 5 1 8 0
10 5 1 9 0
10 5 1 10 0
10 5 1 11 0
10 5 1 12 0
10 5 1 13 0
10 5 1 14 0
10 5 1 15 0
10 5 2 0 0
10 5 2 1 0
10 5 2 2 0
10 5 2 3 0
10 5 2 4 0
10 5 2 5 0
10 5 2 6 0
10 5 2 7 0
10 5 2 8 0
10 5 2 9 0
10 5 2 10 0
10 5 2 11 0
10 5 2 12 0
10 5 2 13 0
10 5 2 14 0
10 5 2 15 0
10 5 3 0 0
10 5 3 1 0
10 5 3 2 0
10 5 3 3 0
10 5 3 4 0
10 5 3 5 0
10 5 3 6 0
10 5 3 7 0
10 5 3 8 0
10 5 3 9 0
10 5 3 10 0
10 5 3 11 0
10 5 3 12 0
10 5 3 13 0
10 5 3 14 0
10 5 3 15 0
10 5 4 0 0
10 5 4 1 0
10 5 4 2 0
10 5 4 3 0
10 5 4 4 0
10 5 4 5 0
10 5 4 6 0
10 5 4 7 0
10 5 4 8 0
10 5 4 9 0
10 5 4 10 0
10 5 4 11 0
10 5 4 12 0
10 5 4 13 0
10 5 4 14 0
10 5 4 15 0
10 5 5 0 0
10 5 5 1 0
10 5 5 2 0
10 5 5 3 0
10 5 5 4 0
10 5 5 5 0
10 5 5 6 0
10 5 5 7 0
10 5 5 8 0
10 5 5 9 0
10 5 5 10 0
10 5 5 11 0
10 5 5 12 0
10 5 5 13 0
10 5 5 14 0
10 5 5 15 0
10 5 6 0 0
10 5 6 1 0
10 5 6 2 0
10 5 6 3 0
10 5 6 4 0
10 5 6 5 0
10 5 6 6 0
10 5 6 7 0
10 5 6 8 0
10 5 6 9 0
10 5 6 10 0
10 5 6 11 0
10 5 6 12 0
10 5 6 13 0
10 5 6 14 0
10 5 6 15 0
10 5 7 0 0
10 5 7 1 0
10 5 7 2 0
10 5 7 3 0
10 5 7 4 0
10 5 7 5 0
10 5 7 6 0
10 5 7 7 0
10 5 7 8 0
10 5 7 9 0
10 5 7 10 0
10 5 7 11 0
10 5 7 12 0
10 5 7 13 0
10 5 7 14 0
10 5 7 15 0
10 5 8 0 0
10 5 8 1 0
10 5 8 2 0
10 5 8 3 0
10 5 8 4 0
10 5 8 5 0
10 5 8 6 0
10 5 8 7 0
10 5 8 8 0
10 5 8 9 0
10 5 8 10 0
10 5 8 11 0
10 5 8 12 0
10 5 8 13 0
10 5 8 14 0
10 5 8 15 0
10 5 9 0 0
10 5 9 1 0
10 5 9 2 0
10 5 9 3 0
10 5 9 4 0
10 5 9 5 0
10 5 9 6 0
10 5 9 7 0
10 5 9 8 0
10 5 9 9 0
10 5 9 10 0
10 5 9 11 0
10 5 9 12 0
10 5 9 13 0
10 5 9 14 0
10 5 9 15 0
10 5 10 0 0
10 5 10 1 0
10 5 10 2 0
10 5 10 3 0
10 5 10 4 0
10 5 10 5 0
10 5 10 6 0
10 5 10 7 0
10 5 10 8 0
10 5 10 9 0
10 5 10 10 0
10 5 10 11 0
10 5 10 12 0
10 5 10 13 0
10 5 10 14 0
10 5 10 15 0
10 5 11 0 0
10 5 11 1 0
10 5 11 2 0
10 5 11 3 0
10 5 11 4 0
10 5 11 5 0
10 5 11 6 0
10 5 11 7 0
10 5 11 8 0
10 5 11 9 0
10 5 11 10 0
10 5 11 11 0
10 5 11 12 0
10 5 11 13 0
10 5 11 14 0
10 5 11 15 0
10 5 12 0 0
10 5 12 1 0
10 5 12 2 0
10 5 12 3 0
10 5 12 4 0
10 5 12 5 0
10 5 12 6 0
10 5 12 7 0
10 5 12 8 0
10 5 12 9 0
10 5 12 10 0
10 5 12 11 0
10 5 12 12 0
10 5 12 13 0
10 5 12 14 0
10 5 12 15 0
10 5 13 0 0
10 5 13 1 0
10 5 13 2 0
10 5 13 3 0
10 5 13 4 0
10 5 13 5 0
10 5 13 6 0
10 5 13 7 0
10 5 13 8 0
10 5 13 9 0
10 5 13 10 0
10 5 13 11 0
10 5 13 12 0
10 5 13 13 0
10 5 13 14 0
10 5 13 15 0
10 5 14 0 0
10 5 14 1 0
10 5 14 2 0
10 5 14 3 0
10 5 14 4 0
10 5 14 5 0
10 5 14 6 0
10 5 14 7 0
10 5 14 8 0
10 5 14 9 0
10 5 14 10 0
10 5 14 11 0
10 5 14 12 0
10 5 14 13 0
10 5 14 14 0
10 5 14 15 0
10 5 15 0 0
10 5 15 1 0
10 5 15 2 0
10 5 15 3 0
10 5 15 4 0
10 5 15 5 0
10 5 15 6 0
10 5 15 7 0
10 5 15 8 0
10 5 15 9 0
10 5 15 10 0
10 5 15 11 0
10 5 15 12 0
10 5 15 13 0
10 5 15 14 0
10 5 15 15 0
10 6 0 0 0
10 6 0 1 0
10 6 0 2 0
10 6 0 3 0
10 6 0 4 0
10 6 0 5 0
10 6 0 6 0
10 6 0 7 0
10 6 0 8 0
10 6 0 9 0
10 6 0 10 0
10 6 0 11 0
10 6 0 12 0
10 6 0 13 0
10 6 0 14 0
10 6 0 15 0
10 6 1 0 0
10 6 1 1 0
10 6 1 2 0
10 6 1 3 0
10 6 1 4 0
10 6 1 5 0
10 6 1 6 0
10 6 1 7 0
10 6 1 8 0
10 6 1 9 0
10 6 1 10 0
10 6 1 11 0
10 6 1 12 0
10 6 1 13 0
10 6 1 14 0
10 6 1 15 0
10 6 2 0 0
10 6 2 1 0
10 6 2 2 0
10 6 2 3 0
10 6 2 4 0
10 6 2 5 0
10 6 2 6 0
10 6 2 7 0
10 6 2 8 0
10 6 2 9 0
10 6 2 10 0
10 6 2 11 0
10 6 2 12 0
10 6 2 13 0
10 6 2 14 0
10 6 2 15 0
10 6 3 0 0
10 6 3 1 0
10 6 3 2 0
10 6 3 3 0
10 6 3 4 0
10 6 3 5 0
10 6 3 6 0
10 6 3 7 0
10 6 3 8 0
10 6 3 9 0
10 6 3 10 0
10 6 3 11 0
10 6 3 12 0
10 6 3 13 0
10 6 3 14 0
10 6 3 15 0
10 6 4 0 0
10 6 4 1 0
10 6 4 2 0
10 6 4 3 0
10 6 4 4 0
10 6 4 5 0
10 6 4 6 0
10 6 4 7 0
10 6 4 8 0
10 6 4 9 0
10 6 4 10 0
10 6 4 11 0
10 6 4 12 0
10 6 4 13 0
10 6 4 14 0
10 6 4 15 0
10 6 5 0 0
10 6 5 1 0
10 6 5 2 0
10 6 5 3 0
10 6 5 4 0
10 6 5 5 0
10 6 5 6 0
10 6 5 7 0
10 6 5 8 0
10 6 5 9 0
10 6 5 10 0
10 6 5 11 0
10 6 5 12 0
10 6 5 13 0
10 6 5 14 0
10 6 5 15 0
10 6 6 0 0
10 6 6 1 0
10 6 6 2 0
10 6 6 3 0
10 6 6 4 0
10 6 6 5 0
10 6 6 6 0
10 6 6 7 0
10 6 6 8 0
10 6 6 9 0
10 6 6 10 0
10 6 6 11 0
10 6 6 12 0
10 6 6 13 0
10 6 6 14 0
10 6 6 15 0
10 6 7 0 0
10 6 7 1 0
10 6 7 2 0
10 6 7 3 0
10 6 7 4 0
10 6 7 5 0
10 6 7 6 0
10 6 7 7 0
10 6 7 8 0
10 6 7 9 0
10 6 7 10 0
10 6 7 11 0
10 6 7 12 0
10 6 7 13 0
10 6 7 14 0
10 6 7 15 0
10 6 8 0 0
10 6 8 1 0
10 6 8 2 0
10 6 8 3 0
10 6 8 4 0
10 6 8 5 0
10 6 8 6 0
10 6 8 7 0
10 6 8 8 0
10 6 8 9 0
10 6 8 10 0
10 6 8 11 0
10 6 8 12 0
10 6 8 13 0
10 6 8 14 0
10 6 8 15 0
10 6 9 0 0
10 6 9 1 0
10 6 9 2 0
10 6 9 3 0
10 6 9 4 0
10 6 9 5 0
10 6 9 6 0
10 6 9 7 0
10 6 9 8 0
10 6 9 9 0
10 6 9 10 0
10 6 9 11 0
10 6 9 12 0
10 6 9 13 0
10 6 9 14 0
10 6 9 15 0
10 6 10 0 0
10 6 10 1 0
10 6 10 2 0
10 6 10 3 0
10 6 10 4 0
10 6 10 5 0
10 6 10 6 0
10 6 10 7 0
10 6 10 8 0
10 6 10 9 0
10 6 10 10 0
10 6 10 11 0
10 6 10 12 0
10 6 10 13 0
10 6 10 14 0
10 6 10 15 0
10 6 11 0 0
10 6 11 1 0
10 6 11 2 0
10 6 11 3 0
10 6 11 4 0
10 6 11 5 0
10 6 11 6 0
10 6 11 7 0
10 6 11 8 0
10 6 11 9 0
10 6 11 10 0
10 6 11 11 0
10 6 11 12 0
10 6 11 13 0
10 6 11 14 0
10 6 11 15 0
10 6 12 0 0
10 6 12 1 0
10 6 12 2 0
10 6 12 3 0
10 6 12 4 0
10 6 12 5 0
10 6 12 6 0
10 6 12 7 0
10 6 12 8 0
10 6 12 9 0
10 6 12 10 0
10 6 12 11 0
10 6 12 12 0
10 6 12 13 0
10 6 12 14 0
10 6 12 15 0
10 6 13 0 0
10 6 13 1 0
10 6 13 2 0
10 6 13 3 0
10 6 13 4 0
10 6 13 5 0
10 6 13 6 0
10 6 13 7 0
10 6 13 8 0
10 6 13 9 0
10 6 13 10 0
10 6 13 11 0
10 6 13 12 0
10 6 13 13 0
10 6 13 14 0
10 6 13 15 0
10 6 14 0 0
10 6 14 1 0
10 6 14 2 0
10 6 14 3 0
10 6 14 4 0
10 6 14 5 0
10 6 14 6 0
10 6 14 7 0
10 6 14 8 0
10 6 14 9 0
10 6 14 10 0
10 6 14 11 0
10 6 14 12 0
10 6 14 13 0
10 6 14 14 0
10 6 14 15 0
10 6 15 0 0
10 6 15 1 0
10 6 15 2 0
10 6 15 3 0
10 6 15 4 0
10 6 15 5 0
10 6 15 6 0
10 6 15 7 0
10 6 15 8 0
10 6 15 9 0
10 6 15 10 0
10 6 15 11 0
10 6 15 12 0
10 6 15 13 0
10 6 15 14 0
10 6 15 15 0
10 7 0 0 0
10 7 0 1 0
10 7 0 2 0
10 7 0 3 0
10 7 0 4 0
10 7 0 5 0
10 7 0 6 0
10 7 0 7 0
10 7 0 8 0
10 7 0 9 0
10 7 0 10 0
10 7 0 11 0
10 7 0 12 0
10 7 0 13 0
10 7 0 14 0
10 7 0 15 0
10 7 1 0 0
10 7 1 1 0
10 7 1 2 0
10 7 1 3 0
10 7 1 4 0
10 7 1 5 0
10 7 1 6 0
10 7 1 7 0
10 7 1 8 0
10 7 1 9 0
10 7 1 10 0
10 7 1 11 0
10 7 1 12 0
10 7 1 13 0
10 7 1 14 0
10 7 1 15 0
10 7 2 0 0
10 7 2 1 0
10 7 2 2 0
10 7 2 3 0
10 7 2 4 0
10 7 2 5 0
10 7 2 6 0
10 7 2 7 0
10 7 2 8 0
10 7 2 9 0
10 7 2 10 0
10 7 2 11 0
10 7 2 12 0
10 7 2 13 0
10 7 2 14 0
10 7 2 15 0
10 7 3 0 0
10 7 3 1 0
10 7 3 2 0
10 7 3 3 0
10 7 3 4 0
10 7 3 5 0
10 7 3 6 0
10 7 3 7 0
10 7 3 8 0
10 7 3 9 0
10 7 3 10 0
10 7 3 11 0
10 7 3 12 0
10 7 3 13 0
10 7 3 14 0
10 7 3 15 0
10 7 4 0 0
10 7 4 1 0
10 7 4 2 0
10 7 4 3 0
10 7 4 4 0
10 7 4 5 0
10 7 4 6 0
10 7 4 7 0
10 7 4 8 0
10 7 4 9 0
10 7 4 10 0
10 7 4 11 0
10 7 4 12 0
10 7 4 13 0
10 7 4 14 0
10 7 4 15 0
10 7 5 0 0
10 7 5 1 0
10 7 5 2 0
10 7 5 3 0
10 7 5 4 0
10 7 5 5 0
10 7 5 6 0
10 7 5 7 0
10 7 5 8 0
10 7 5 9 0
10 7 5 10 0
10 7 5 11 0
10 7 5 12 0
10 7 5 13 0
10 7 5 14 0
10 7 5 15 0
10 7 6 0 0
10 7 6 1 0
10 7 6 2 0
10 7 6 3 0
10 7 6 4 0
10 7 6 5 0
10 7 6 6 0
10 7 6 7 0
10 7 6 8 0
10 7 6 9 0
10 7 6 10 0
10 7 6 11 0
10 7 6 12 0
10 7 6 13 0
10 7 6 14 0
10 7 6 15 0
10 7 7 0 0
10 7 7 1 0
10 7 7 2 0
10 7 7 3 0
10 7 7 4 0
10 7 7 5 0
10 7 7 6 0
10 7 7 7 0
10 7 7 8 0
10 7 7 9 0
10 7 7 10 0
10 7 7 11 0
10 7 7 12 0
10 7 7 13 0
10 7 7 14 0
10 7 7 15 0
10 7 8 0 0
10 7 8 1 0
10 7 8 2 0
10 7 8 3 0
10 7 8 4 0
10 7 8 5 0
10 7 8 6 0
10 7 8 7 0
10 7 8 8 0
10 7 8 9 0
10 7 8 10 0
10 7 8 11 0
10 7 8 12 0
10 7 8 13 0
10 7 8 14 0
10 7 8 15 0
10 7 9 0 0
10 7 9 1 0
10 7 9 2 0
10 7 9 3 0
10 7 9 4 0
10 7 9 5 0
10 7 9 6 0
10 7 9 7 0
10 7 9 8 0
10 7 9 9 0
10 7 9 10 0
10 7 9 11 0
10 7 9 12 0
10 7 9 13 0
10 7 9 14 0
10 7 9 15 0
10 7 10 0 0
10 7 10 1 0
10 7 10 2 0
10 7 10 3 0
10 7 10 4 0
10 7 10 5 0
10 7 10 6 0
10 7 10 7 0
10 7 10 8 0
10 7 10 9 0
10 7 10 10 0
10 7 10 11 0
10 7 10 12 0
10 7 10 13 0
10 7 10 14 0
10 7 10 15 0
10 7 11 0 0
10 7 11 1 0
10 7 11 2 0
10 7 11 3 0
10 7 11 4 0
10 7 11 5 0
10 7 11 6 0
10 7 11 7 0
10 7 11 8 0
10 7 11 9 0
10 7 11 10 0
10 7 11 11 0
10 7 11 12 0
10 7 11 13 0
10 7 11 14 0
10 7 11 15 0
10 7 12 0 0
10 7 12 1 0
10 7 12 2 0
10 7 12 3 0
10 7 12 4 0
10 7 12 5 0
10 7 12 6 0
10 7 12 7 0
10 7 12 8 0
10 7 12 9 0
10 7 12 10 0
10 7 12 11 0
10 7 12 12 0
10 7 12 13 0
10 7 12 14 0
10 7 12 15 0
10 7 13 0 0
10 7 13 1 0
10 7 13 2 0
10 7 13 3 0
10 7 13 4 0
10 7 13 5 0
10 7 13 6 0
10 7 13 7 0
10 7 13 8 0
10 7 13 9 0
10 7 13 10 0
10 7 13 11 0
10 7 13 12 0
10 7 13 13 0
10 7 13 14 0
10 7 13 15 0
10 7 14 0 0
10 7 14 1 0
10 7 14 2 0
10 7 14 3 0
10 7 14 4 0
10 7 14 5 0
10 7 14 6 0
10 7 14 7 0
10 7 14 8 0
10 7 14 9 0
10 7 14 10 0
10 7 14 11 0
10 7 14 12 0
10 7 14 13 0
10 7 14 14 0
10 7 14 15 0
10 7 15 0 0
10 7 15 1 0
10 7 15 2 0
10 7 15 3 0
10 7 15 4 0
10 7 15 5 0
10 7 15 6 0
10 7 15 7 0
10 7 15 8 0
10 7 15 9 0
10 7 15 10 0
10 7 15 11 0
10 7 15 12 0
10 7 15 13 0
10 7 15 14 0
10 7 15 15 0
10 8 0 0 0
10 8 0 1 0
10 8 0 2 0
10 8 0 3 0
10 8 0 4 0
10 8 0 5 0
10 8 0 6 0
10 8 0 7 0
10 8 0 8 0
10 8 0 9 0
10 8 0 10 0
10 8 0 11 0
10 8 0 12 0
10 8 0 13 0
10 8 0 14 0
10 8 0 15 0
10 8 1 0 0
10 8 1 1 0
10 8 1 2 0
10 8 1 3 0
10 8 1 4 0
10 8 1 5 0
10 8 1 6 0
10 8 1 7 0
10 8 1 8 0
10 8 1 9 0
10 8 1 10 0
10 8 1 11 0
10 8 1 12 0
10 8 1 13 0
10 8 1 14 0
10 8 1 15 0
10 8 2 0 0
10 8 2 1 0
10 8 2 2 0
10 8 2 3 0
10 8 2 4 0
10 8 2 5 0
10 8 2 6 0
10 8 2 7 0
10 8 2 8 0
10 8 2 9 0
10 8 2 10 0
10 8 2 11 0
10 8 2 12 0
10 8 2 13 0
10 8 2 14 0
10 8 2 15 0
10 8 3 0 0
10 8 3 1 0
10 8 3 2 0
10 8 3 3 0
10 8 3 4 0
10 8 3 5 0
10 8 3 6 0
10 8 3 7 0
10 8 3 8 0
10 8 3 9 0
10 8 3 10 0
10 8 3 11 0
10 8 3 12 0
10 8 3 13 0
10 8 3 14 0
10 8 3 15 0
10 8 4 0 0
10 8 4 1 0
10 8 4 2 0
10 8 4 3 0
10 8 4 4 0
10 8 4 5 0
10 8 4 6 0
10 8 4 7 0
10 8 4 8 0
10 8 4 9 0
10 8 4 10 0
10 8 4 11 0
10 8 4 12 0
10 8 4 13 0
10 8 4 14 0
10 8 4 15 0
10 8 5 0 0
10 8 5 1 0
10 8 5 2 0
10 8 5 3 0
10 8 5 4 0
10 8 5 5 0
10 8 5 6 0
10 8 5 7 0
10 8 5 8 0
10 8 5 9 0
10 8 5 10 0
10 8 5 11 0
10 8 5 12 0
10 8 5 13 0
10 8 5 14 0
10 8 5 15 0
10 8 6 0 0
10 8 6 1 0
10 8 6 2 0
10 8 6 3 0
10 8 6 4 0
10 8 6 5 0
10 8 6 6 0
10 8 6 7 0
10 8 6 8 0
10 8 6 9 0
10 8 6 10 0
10 8 6 11 0
10 8 6 12 0
10 8 6 13 0
10 8 6 14 0
10 8 6 15 0
10 8 7 0 0
10 8 7 1 0
10 8 7 2 0
10 8 7 3 0
10 8 7 4 0
10 8 7 5 0
10 8 7 6 0
10 8 7 7 0
10 8 7 8 0
10 8 7 9 0
10 8 7 10 0
10 8 7 11 0
10 8 7 12 0
10 8 7 13 0
10 8 7 14 0
10 8 7 15 0
10 8 8 0 0
10 8 8 1 0
10 8 8 2 0
10 8 8 3 0
10 8 8 4 0
10 8 8 5 0
10 8 8 6 0
10 8 8 7 0
10 8 8 8 0
10 8 8 9 0
10 8 8 10 0
10 8 8 11 0
10 8 8 12 0
10 8 8 13 0
10 8 8 14 0
10 8 8 15 0
10 8 9 0 0
10 8 9 1 0
10 8 9 2 0
10 8 9 3 0
10 8 9 4 0
10 8 9 5 0
10 8 9 6 0
10 8 9 7 0
10 8 9 8 0
10 8 9 9 0
10 8 9 10 0
10 8 9 11 0
10 8 9 12 0
10 8 9 13 0
10 8 9 14 0
10 8 9 15 0
10 8 10 0 0
10 8 10 1 0
10 8 10 2 0
10 8 10 3 0
10 8 10 4 0
10 8 10 5 0
10 8 10 6 0
10 8 10 7 0
10 8 10 8 0
10 8 10 9 0
10 8 10 10 0
10 8 10 11 0
10 8 10 12 0
10 8 10 13 0
10 8 10 14 0
10 8 10 15 0
10 8 11 0 0
10 8 11 1 0
10 8 11 2 0
10 8 11 3 0
10 8 11 4 0
10 8 11 5 0
10 8 11 6 0
10 8 11 7 0
10 8 11 8 0
10 8 11 9 0
10 8 11 10 0
10 8 11 11 0
10 8 11 12 0
10 8 11 13 0
10 8 11 14 0
10 8 11 15 0
10 8 12 0 0
10 8 12 1 0
10 8 12 2 0
10 8 12 3 0
10 8 12 4 0
10 8 12 5 0
10 8 12 6 0
10 8 12 7 0
10 8 12 8 0
10 8 12 9 0
10 8 12 10 0
10 8 12 11 0
10 8 12 12 0
10 8 12 13 0
10 8 12 14 0
10 8 12 15 0
10 8 13 0 0
10 8 13 1 0
10 8 13 2 0
10 8 13 3 0
10 8 13 4 0
10 8 13 5 0
10 8 13 6 0
10 8 13 7 0
10 8 13 8 0
10 8 13 9 0
10 8 13 10 0
10 8 13 11 0
10 8 13 12 0
10 8 13 13 0
10 8 13 14 0
10 8 13 15 0
10 8 14 0 0
10 8 14 1 0
10 8 14 2 0
10 8 14 3 0
10 8 14 4 0
10 8 14 5 0
10 8 14 6 0
10 8 14 7 0
10 8 14 8 0
10 8 14 9 0
10 8 14 10 0
10 8 14 11 0
10 8 14 12 0
10 8 14 13 0
10 8 14 14 0
10 8 14 15 0
10 8 15 0 0
10 8 15 1 0
10 8 15 2 0
10 8 15 3 0
10 8 15 4 0
10 8 15 5 0
10 8 15 6 0
10 8 15 7 0
10 8 15 8 0
10 8 15 9 0
10 8 15 10 0
10 8 15 11 0
10 8 15 12 0
10 8 15 13 0
10 8 15 14 0
10 8 15 15 0
10 9 0 0 0
10 9 0 1 0
10 9 0 2 0
10 9 0 3 0
10 9 0 4 0
10 9 0 5 0
10 9 0 6 0
10 9 0 7 0
10 9 0 8 0
10 9 0 9 0
10 9 0 10 0
10 9 0 11 0
10 9 0 12 0
10 9 0 13 0
10 9 0 14 0
10 9 0 15 0
10 9 1 0 0
10 9 1 1 0
10 9 1 2 0
10 9 1 3 0
10 9 1 4 0
10 9 1 5 0
10 9 1 6 0
10 9 1 7 0
10 9 1 8 0
10 9 1 9 0
10 9 1 10 0
10 9 1 11 0
10 9 1 12 0
10 9 1 13 0
10 9 1 14 0
10 9 1 15 0
10 9 2 0 0
10 9 2 1 0
10 9 2 2 0
10 9 2 3 0
10 9 2 4 0
10 9 2 5 0
10 9 2 6 0
10 9 2 7 0
10 9 2 8 0
10 9 2 9 0
10 9 2 10 0
10 9 2 11 0
10 9 2 12 0
10 9 2 13 0
10 9 2 14 0
10 9 2 15 0
10 9 3 0 0
10 9 3 1 0
10 9 3 2 0
10 9 3 3 0
10 9 3 4 0
10 9 3 5 0
10 9 3 6 0
10 9 3 7 0
10 9 3 8 0
10 9 3 9 0
10 9 3 10 0
10 9 3 11 0
10 9 3 12 0
10 9 3 13 0
10 9 3 14 0
10 9 3 15 0
10 9 4 0 0
10 9 4 1 0
10 9 4 2 0
10 9 4 3 0
10 9 4 4 0
10 9 4 5 0
10 9 4 6 0
10 9 4 7 0
10 9 4 8 0
10 9 4 9 0
10 9 4 10 0
10 9 4 11 0
10 9 4 12 0
10 9 4 13 0
10 9 4 14 0
10 9 4 15 0
10 9 5 0 0
10 9 5 1 0
10 9 5 2 0
10 9 5 3 0
10 9 5 4 0
10 9 5 5 0
10 9 5 6 0
10 9 5 7 0
10 9 5 8 0
10 9 5 9 0
10 9 5 10 0
10 9 5 11 0
10 9 5 12 0
10 9 5 13 0
10 9 5 14 0
10 9 5 15 0
10 9 6 0 0
10 9 6 1 0
10 9 6 2 0
10 9 6 3 0
10 9 6 4 0
10 9 6 5 0
10 9 6 6 0
10 9 6 7 0
10 9 6 8 0
10 9 6 9 0
10 9 6 10 0
10 9 6 11 0
10 9 6 12 0
10 9 6 13 0
10 9 6 14 0
10 9 6 15 0
10 9 7 0 0
10 9 7 1 0
10 9 7 2 0
10 9 7 3 0
10 9 7 4 0
10 9 7 5 0
10 9 7 6 0
10 9 7 7 0
10 9 7 8 0
10 9 7 9 0
10 9 7 10 0
10 9 7 11 0
10 9 7 12 0
10 9 7 13 0
10 9 7 14 0
10 9 7 15 0
10 9 8 0 0
10 9 8 1 0
10 9 8 2 0
10 9 8 3 0
10 9 8 4 0
10 9 8 5 0
10 9 8 6 0
10 9 8 7 0
10 9 8 8 0
10 9 8 9 0
10 9 8 10 0
10 9 8 11 0
10 9 8 12 0
10 9 8 13 0
10 9 8 14 0
10 9 8 15 0
10 9 9 0 0
10 9 9 1 0
10 9 9 2 0
10 9 9 3 0
10 9 9 4 0
10 9 9 5 0
10 9 9 6 0
10 9 9 7 0
10 9 9 8 0
10 9 9 9 0
10 9 9 10 0
10 9 9 11 0
10 9 9 12 0
10 9 9 13 0
10 9 9 14 0
10 9 9 15 0
10 9 10 0 0
10 9 10 1 0
10 9 10 2 0
10 9 10 3 0
10 9 10 4 0
10 9 10 5 0
10 9 10 6 0
10 9 10 7 0
10 9 10 8 0
10 9 10 9 0
10 9 10 10 0
10 9 10 11 0
10 9 10 12 0
10 9 10 13 0
10 9 10 14 0
10 9 10 15 0
10 9 11 0 0
10 9 11 1 0
10 9 11 2 0
10 9 11 3 0
10 9 11 4 0
10 9 11 5 0
10 9 11 6 0
10 9 11 7 0
10 9 11 8 0
10 9 11 9 0
10 9 11 10 0
10 9 11 11 0
10 9 11 12 0
10 9 11 13 0
10 9 11 14 0
10 9 11 15 0
10 9 12 0 0
10 9 12 1 0
10 9 12 2 0
10 9 12 3 0
10 9 12 4 0
10 9 12 5 0
10 9 12 6 0
10 9 12 7 0
10 9 12 8 0
10 9 12 9 0
10 9 12 10 0
10 9 12 11 0
10 9 12 12 0
10 9 12 13 0
10 9 12 14 0
10 9 12 15 0
10 9 13 0 0
10 9 13 1 0
10 9 13 2 0
10 9 13 3 0
10 9 13 4 0
10 9 13 5 0
10 9 13 6 0
10 9 13 7 0
10 9 13 8 0
10 9 13 9 0
10 9 13 10 0
10 9 13 11 0
10 9 13 12 0
10 9 13 13 0
10 9 13 14 0
10 9 13 15 0
10 9 14 0 0
10 9 14 1 0
10 9 14 2 0
10 9 14 3 0
10 9 14 4 0
10 9 14 5 0
10 9 14 6 0
10 9 14 7 0
10 9 14 8 0
10 9 14 9 0
10 9 14 10 0
10 9 14 11 0
10 9 14 12 0
10 9 14 13 0
10 9 14 14 0
10 9 14 15 0
10 9 15 0 0
10 9 15 1 0
10 9 15 2 0
10 9 15 3 0
10 9 15 4 0
10 9 15 5 0
10 9 15 6 0
10 9 15 7 0
10 9 15 8 0
10 9 15 9 0
10 9 15 10 0
10 9 15 11 0
10 9 15 12 0
10 9 15 13 0
10 9 15 14 0
10 9 15 15 0
10 10 0 0 0
10 10 0 1 0
10 10 0 2 0
10 10 0 3 0
10 10 0 4 0
10 10 0 5 0
10 10 0 6 0
10 10 0 7 0
10 10 0 8 0
10 10 0 9 0
10 10 0 10 0
10 10 0 11 0
10 10 0 12 0
10 10 0 13 0
10 10 0 14 0
10 10 0 15 0
10 10 1 0 0
10 10 1 1 0
10 10 1 2 0
10 10 1 3 0
10 10 1 4 0
10 10 1 5 0
10 10 1 6 0
10 10 1 7 0
10 10 1 8 0
10 10 1 9 0
10 10 1 10 0
10 10 1 11 0
10 10 1 12 0
10 10 1 13 0
10 10 1 14 0
10 10 1 15 0
10 10 2 0 0
10 10 2 1 0
10 10 2 2 0
10 10 2 3 0
10 10 2 4 0
10 10 2 5 0
10 10 2 6 0
10 10 2 7 0
10 10 2 8 0
10 10 2 9 0
10 10 2 10 0
10 10 2 11 0
10 10 2 12 0
10 10 2 13 0
10 10 2 14 0
10 10 2 15 0
10 10 3 0 0
10 10 3 1 0
10 10 3 2 0
10 10 3 3 0
10 10 3 4 0
10 10 3 5 0
10 10 3 6 0
10 10 3 7 0
10 10 3 8 0
10 10 3 9 0
10 10 3 10 0
10 10 3 11 0
10 10 3 12 0
10 10 3 13 0
10 10 3 14 0
10 10 3 15 0
10 10 4 0 0
10 10 4 1 0
10 10 4 2 0
10 10 4 3 0
10 10 4 4 0
10 10 4 5 0
10 10 4 6 0
10 10 4 7 0
10 10 4 8 0
10 10 4 9 0
10 10 4 10 0
10 10 4 11 0
10 10 4 12 0
10 10 4 13 0
10 10 4 14 0
10 10 4 15 0
10 10 5 0 0
10 10 5 1 0
10 10 5 2 0
10 10 5 3 0
10 10 5 4 0
10 10 5 5 0
10 10 5 6 0
10 10 5 7 0
10 10 5 8 0
10 10 5 9 0
10 10 5 10 0
10 10 5 11 0
10 10 5 12 0
10 10 5 13 0
10 10 5 14 0
10 10 5 15 0
10 10 6 0 0
10 10 6 1 0
10 10 6 2 0
10 10 6 3 0
10 10 6 4 0
10 10 6 5 0
10 10 6 6 0
10 10 6 7 0
10 10 6 8 0
10 10 6 9 0
10 10 6 10 0
10 10 6 11 0
10 10 6 12 0
10 10 6 13 0
10 10 6 14 0
10 10 6 15 0
10 10 7 0 0
10 10 7 1 0
10 10 7 2 0
10 10 7 3 0
10 10 7 4 0
10 10 7 5 0
10 10 7 6 0
10 10 7 7 0
10 10 7 8 0
10 10 7 9 0
10 10 7 10 0
10 10 7 11 0
10 10 7 12 0
10 10 7 13 0
10 10 7 14 0
10 10 7 15 0
10 10 8 0 0
10 10 8 1 0
10 10 8 2 0
10 10 8 3 0
10 10 8 4 0
10 10 8 5 0
10 10 8 6 0
10 10 8 7 0
10 10 8 8 0
10 10 8 9 0
10 10 8 10 0
10 10 8 11 0
10 10 8 12 0
10 10 8 13 0
10 10 8 14 0
10 10 8 15 0
10 10 9 0 0
10 10 9 1 0
10 10 9 2 0
10 10 9 3 0
10 10 9 4 0
10 10 9 5 0
10 10 9 6 0
10 10 9 7 0
10 10 9 8 0
10 10 9 9 0
10 10 9 10 0
10 10 9 11 0
10 10 9 12 0
10 10 9 13 0
10 10 9 14 0
10 10 9 15 0
10 10 10 0 0
10 10 10 1 0
10 10 10 2 0
10 10 10 3 0
10 10 10 4 0
10 10 10 5 0
10 10 10 6 0
10 10 10 7 0
10 10 10 8 0
10 10 10 9 0
10 10 10 10 0
10 10 10 11 0
10 10 10 12 0
10 10 10 13 0
10 10 10 14 0
10 10 10 15 0
10 10 11 0 0
10 10 11 1 0
10 10 11 2 0
10 10 11 3 0
10 10 11 4 0
10 10 11 5 0
10 10 11 6 0
10 10 11 7 0
10 10 11 8 0
10 10 11 9 0
10 10 11 10 0
10 10 11 11 0
10 10 11 12 0
10 10 11 13 0
10 10 11 14 0
10 10 11 15 0
10 10 12 0 0
10 10 12 1 0
10 10 12 2 0
10 10 12 3 0
10 10 12 4 0
10 10 12 5 0
10 10 12 6 0
10 10 12 7 0
10 10 12 8 0
10 10 12 9 0
10 10 12 10 0
10 10 12 11 0
10 10 12 12 0
10 10 12 13 0
10 10 12 14 0
10 10 12 15 0
10 10 13 0 0
10 10 13 1 0
10 10 13 2 0
10 10 13 3 0
10 10 13 4 0
10 10 13 5 0
10 10 13 6 0
10 10 13 7 0
10 10 13 8 0
10 10 13 9 0
10 10 13 10 0
10 10 13 11 0
10 10 13 12 0
10 10 13 13 0
10 10 13 14 0
10 10 13 15 0
10 10 14 0 0
10 10 14 1 0
10 10 14 2 0
10 10 14 3 0
10 10 14 4 0
10 10 14 5 0
10 10 14 6 0
10 10 14 7 0
10 10 14 8 0
10 10 14 9 0
10 10 14 10 0
10 10 14 11 0
10 10 14 12 0
10 10 14 13 0
10 10 14 14 0
10 10 14 15 0
10 10 15 0 0
10 10 15 1 0
10 10 15 2 0
10 10 15 3 0
10 10 15 4 0
10 10 15 5 0
10 10 15 6 0
10 10 15 7 0
10 10 15 8 0
10 10 15 9 0
10 10 15 10 0
10 10 15 11 0
10 10 15 12 0
10 10 15 13 0
10 10 15 14 0
10 10 15 15 0
10 11 0 0 0
10 11 0 1 0
10 11 0 2 0
10 11 0 3 0
10 11 0 4 0
10 11 0 5 0
10 11 0 6 0
10 11 0 7 0
10 11 0 8 0
10 11 0 9 0
10 11 0 10 0
10 11 0 11 0
10 11 0 12 0
10 11 0 13 0
10 11 0 14 0
10 11 0 15 0
10 11 1 0 0
10 11 1 1 0
10 11 1 2 0
10 11 1 3 0
10 11 1 4 0
10 11 1 5 0
10 11 1 6 0
10 11 1 7 0
10 11 1 8 0
10 11 1 9 0
10 11 1 10 0
10 11 1 11 0
10 11 1 12 0
10 11 1 13 0
10 11 1 14 0
10 11 1 15 0
10 11 2 0 0
10 11 2 1 0
10 11 2 2 0
10 11 2 3 0
10 11 2 4 0
10 11 2 5 0
10 11 2 6 0
10 11 2 7 0
10 11 2 8 0
10 11 2 9 0
10 11 2 10 0
10 11 2 11 0
10 11 2 12 0
10 11 2 13 0
10 11 2 14 0
10 11 2 15 0
10 11 3 0 0
10 11 3 1 0
10 11 3 2 0
10 11 3 3 0
10 11 3 4 0
10 11 3 5 0
10 11 3 6 0
10 11 3 7 0
10 11 3 8 0
10 11 3 9 0
10 11 3 10 0
10 11 3 11 0
10 11 3 12 0
10 11 3 13 0
10 11 3 14 0
10 11 3 15 0
10 11 4 0 0
10 11 4 1 0
10 11 4 2 0
10 11 4 3 0
10 11 4 4 0
10 11 4 5 0
10 11 4 6 0
10 11 4 7 0
10 11 4 8 0
10 11 4 9 0
10 11 4 10 0
10 11 4 11 0
10 11 4 12 0
10 11 4 13 0
10 11 4 14 0
10 11 4 15 0
10 11 5 0 0
10 11 5 1 0
10 11 5 2 0
10 11 5 3 0
10 11 5 4 0
10 11 5 5 0
10 11 5 6 0
10 11 5 7 0
10 11 5 8 0
10 11 5 9 0
10 11 5 10 0
10 11 5 11 0
10 11 5 12 0
10 11 5 13 0
10 11 5 14 0
10 11 5 15 0
10 11 6 0 0
10 11 6 1 0
10 11 6 2 0
10 11 6 3 0
10 11 6 4 0
10 11 6 5 0
10 11 6 6 0
10 11 6 7 0
10 11 6 8 0
10 11 6 9 0
10 11 6 10 0
10 11 6 11 0
10 11 6 12 0
10 11 6 13 0
10 11 6 14 0
10 11 6 15 0
10 11 7 0 0
10 11 7 1 0
10 11 7 2 0
10 11 7 3 0
10 11 7 4 0
10 11 7 5 0
10 11 7 6 0
10 11 7 7 0
10 11 7 8 0
10 11 7 9 0
10 11 7 10 0
10 11 7 11 0
10 11 7 12 0
10 11 7 13 0
10 11 7 14 0
10 11 7 15 0
10 11 8 0 0
10 11 8 1 0
10 11 8 2 0
10 11 8 3 0
10 11 8 4 0
10 11 8 5 0
10 11 8 6 0
10 11 8 7 0
10 11 8 8 0
10 11 8 9 0
10 11 8 10 0
10 11 8 11 0
10 11 8 12 0
10 11 8 13 0
10 11 8 14 0
10 11 8 15 0
10 11 9 0 0
10 11 9 1 0
10 11 9 2 0
10 11 9 3 0
10 11 9 4 0
10 11 9 5 0
10 11 9 6 0
10 11 9 7 0
10 11 9 8 0
10 11 9 9 0
10 11 9 10 0
10 11 9 11 0
10 11 9 12 0
10 11 9 13 0
10 11 9 14 0
10 11 9 15 0
10 11 10 0 0
10 11 10 1 0
10 11 10 2 0
10 11 10 3 0
10 11 10 4 0
10 11 10 5 0
10 11 10 6 0
10 11 10 7 0
10 11 10 8 0
10 11 10 9 0
10 11 10 10 0
10 11 10 11 0
10 11 10 12 0
10 11 10 13 0
10 11 10 14 0
10 11 10 15 0
10 11 11 0 0
10 11 11 1 0
10 11 11 2 0
10 11 11 3 0
10 11 11 4 0
10 11 11 5 0
10 11 11 6 0
10 11 11 7 0
10 11 11 8 0
10 11 11 9 0
10 11 11 10 0
10 11 11 11 0
10 11 11 12 0
10 11 11 13 0
10 11 11 14 0
10 11 11 15 0
10 11 12 0 0
10 11 12 1 0
10 11 12 2 0
10 11 12 3 0
10 11 12 4 0
10 11 12 5 0
10 11 12 6 0
10 11 12 7 0
10 11 12 8 0
10 11 12 9 0
10 11 12 10 0
10 11 12 11 0
10 11 12 12 0
10 11 12 13 0
10 11 12 14 0
10 11 12 15 0
10 11 13 0 0
10 11 13 1 0
10 11 13 2 0
10 11 13 3 0
10 11 13 4 0
10 11 13 5 0
10 11 13 6 0
10 11 13 7 0
10 11 13 8 0
10 11 13 9 0
10 11 13 10 0
10 11 13 11 0
10 11 13 12 0
10 11 13 13 0
10 11 13 14 0
10 11 13 15 0
10 11 14 0 0
10 11 14 1 0
10 11 14 2 0
10 11 14 3 0
10 11 14 4 0
10 11 14 5 0
10 11 14 6 0
10 11 14 7 0
10 11 14 8 0
10 11 14 9 0
10 11 14 10 0
10 11 14 11 0
10 11 14 12 0
10 11 14 13 0
10 11 14 14 0
10 11 14 15 0
10 11 15 0 0
10 11 15 1 0
10 11 15 2 0
10 11 15 3 0
10 11 15 4 0
10 11 15 5 0
10 11 15 6 0
10 11 15 7 0
10 11 15 8 0
10 11 15 9 0
10 11 15 10 0
10 11 15 11 0
10 11 15 12 0
10 11 15 13 0
10 11 15 14 0
10 11 15 15 0
10 12 0 0 0
10 12 0 1 0
10 12 0 2 0
10 12 0 3 0
10 12 0 4 0
10 12 0 5 0
10 12 0 6 0
10 12 0 7 0
10 12 0 8 0
10 12 0 9 0
10 12 0 10 0
10 12 0 11 0
10 12 0 12 0
10 12 0 13 0
10 12 0 14 0
10 12 0 15 0
10 12 1 0 0
10 12 1 1 0
10 12 1 2 0
10 12 1 3 0
10 12 1 4 0
10 12 1 5 0
10 12 1 6 0
10 12 1 7 0
10 12 1 8 0
10 12 1 9 0
10 12 1 10 0
10 12 1 11 0
10 12 1 12 0
10 12 1 13 0
10 12 1 14 0
10 12 1 15 0
10 12 2 0 0
10 12 2 1 0
10 12 2 2 0
10 12 2 3 0
10 12 2 4 0
10 12 2 5 0
10 12 2 6 0
10 12 2 7 0
10 12 2 8 0
10 12 2 9 0
10 12 2 10 0
10 12 2 11 0
10 12 2 12 0
10 12 2 13 0
10 12 2 14 0
10 12 2 15 0
10 12 3 0 0
10 12 3 1 0
10 12 3 2 0
10 12 3 3 0
10 12 3 4 0
10 12 3 5 0
10 12 3 6 0
10 12 3 7 0
10 12 3 8 0
10 12 3 9 0
10 12 3 10 0
10 12 3 11 0
10 12 3 12 0
10 12 3 13 0
10 12 3 14 0
10 12 3 15 0
10 12 4 0 0
10 12 4 1 0
10 12 4 2 0
10 12 4 3 0
10 12 4 4 0
10 12 4 5 0
10 12 4 6 0
10 12 4 7 0
10 12 4 8 0
10 12 4 9 0
10 12 4 10 0
10 12 4 11 0
10 12 4 12 0
10 12 4 13 0
10 12 4 14 0
10 12 4 15 0
10 12 5 0 0
10 12 5 1 0
10 12 5 2 0
10 12 5 3 0
10 12 5 4 0
10 12 5 5 0
10 12 5 6 0
10 12 5 7 0
10 12 5 8 0
10 12 5 9 0
10 12 5 10 0
10 12 5 11 0
10 12 5 12 0
10 12 5 13 0
10 12 5 14 0
10 12 5 15 0
10 12 6 0 0
10 12 6 1 0
10 12 6 2 0
10 12 6 3 0
10 12 6 4 0
10 12 6 5 0
10 12 6 6 0
10 12 6 7 0
10 12 6 8 0
10 12 6 9 0
10 12 6 10 0
10 12 6 11 0
10 12 6 12 0
10 12 6 13 0
10 12 6 14 0
10 12 6 15 0
10 12 7 0 0
10 12 7 1 0
10 12 7 2 0
10 12 7 3 0
10 12 7 4 0
10 12 7 5 0
10 12 7 6 0
10 12 7 7 0
10 12 7 8 0
10 12 7 9 0
10 12 7 10 0
10 12 7 11 0
10 12 7 12 0
10 12 7 13 0
10 12 7 14 0
10 12 7 15 0
10 12 8 0 0
10 12 8 1 0
10 12 8 2 0
10 12 8 3 0
10 12 8 4 0
10 12 8 5 0
10 12 8 6 0
10 12 8 7 0
10 12 8 8 0
10 12 8 9 0
10 12 8 10 0
10 12 8 11 0
10 12 8 12 0
10 12 8 13 0
10 12 8 14 0
10 12 8 15 0
10 12 9 0 0
10 12 9 1 0
10 12 9 2 0
10 12 9 3 0
10 12 9 4 0
10 12 9 5 0
10 12 9 6 0
10 12 9 7 0
10 12 9 8 0
10 12 9 9 0
10 12 9 10 0
10 12 9 11 0
10 12 9 12 0
10 12 9 13 0
10 12 9 14 0
10 12 9 15 0
10 12 10 0 0
10 12 10 1 0
10 12 10 2 0
10 12 10 3 0
10 12 10 4 0
10 12 10 5 0
10 12 10 6 0
10 12 10 7 0
10 12 10 8 0
10 12 10 9 0
10 12 10 10 0
10 12 10 11 0
10 12 10 12 0
10 12 10 13 0
10 12 10 14 0
10 12 10 15 0
10 12 11 0 0
10 12 11 1 0
10 12 11 2 0
10 12 11 3 0
10 12 11 4 0
10 12 11 5 0
10 12 11 6 0
10 12 11 7 0
10 12 11 8 0
10 12 11 9 0
10 12 11 10 0
10 12 11 11 0
10 12 11 12 0
10 12 11 13 0
10 12 11 14 0
10 12 11 15 0
10 12 12 0 0
10 12 12 1 0
10 12 12 2 0
10 12 12 3 0
10 12 12 4 0
10 12 12 5 0
10 12 12 6 0
10 12 12 7 0
10 12 12 8 0
10 12 12 9 0
10 12 12 10 0
10 12 12 11 0
10 12 12 12 0
10 12 12 13 0
10 12 12 14 0
10 12 12 15 0
10 12 13 0 0
10 12 13 1 0
10 12 13 2 0
10 12 13 3 0
10 12 13 4 0
10 12 13 5 0
10 12 13 6 0
10 12 13 7 0
10 12 13 8 0
10 12 13 9 0
10 12 13 10 0
10 12 13 11 0
10 12 13 12 0
10 12 13 13 0
10 12 13 14 0
10 12 13 15 0
10 12 14 0 0
10 12 14 1 0
10 12 14 2 0
10 12 14 3 0
10 12 14 4 0
10 12 14 5 0
10 12 14 6 0
10 12 14 7 0
10 12 14 8 0
10 12 14 9 0
10 12 14 10 0
10 12 14 11 0
10 12 14 12 0
10 12 14 13 0
10 12 14 14 0
10 12 14 15 0
10 12 15 0 0
10 12 15 1 0
10 12 15 2 0
10 12 15 3 0
10 12 15 4 0
10 12 15 5 0
10 12 15 6 0
10 12 15 7 0
10 12 15 8 0
10 12 15 9 0
10 12 15 10 0
10 12 15 11 0
10 12 15 12 0
10 12 15 13 0
10 12 15 14 0
10 12 15 15 0
10 13 0 0 0
10 13 0 1 0
10 13 0 2 0
10 13 0 3 0
10 13 0 4 0
10 13 0 5 0
10 13 0 6 0
10 13 0 7 0
10 13 0 8 0
10 13 0 9 0
10 13 0 10 0
10 13 0 11 0
10 13 0 12 0
10 13 0 13 0
10 13 0 14 0
10 13 0 15 0
10 13 1 0 0
10 13 1 1 0
10 13 1 2 0
10 13 1 3 0
10 13 1 4 0
10 13 1 5 0
10 13 1 6 0
10 13 1 7 0
10 13 1 8 0
10 13 1 9 0
10 13 1 10 0
10 13 1 11 0
10 13 1 12 0
10 13 1 13 0
10 13 1 14 0
10 13 1 15 0
10 13 2 0 0
10 13 2 1 0
10 13 2 2 0
10 13 2 3 0
10 13 2 4 0
10 13 2 5 0
10 13 2 6 0
10 13 2 7 0
10 13 2 8 0
10 13 2 9 0
10 13 2 10 0
10 13 2 11 0
10 13 2 12 0
10 13 2 13 0
10 13 2 14 0
10 13 2 15 0
10 13 3 0 0
10 13 3 1 0
10 13 3 2 0
10 13 3 3 0
10 13 3 4 0
10 13 3 5 0
10 13 3 6 0
10 13 3 7 0
10 13 3 8 0
10 13 3 9 0
10 13 3 10 0
10 13 3 11 0
10 13 3 12 0
10 13 3 13 0
10 13 3 14 0
10 13 3 15 0
10 13 4 0 0
10 13 4 1 0
10 13 4 2 0
10 13 4 3 0
10 13 4 4 0
10 13 4 5 0
10 13 4 6 0
10 13 4 7 0
10 13 4 8 0
10 13 4 9 0
10 13 4 10 0
10 13 4 11 0
10 13 4 12 0
10 13 4 13 0
10 13 4 14 0
10 13 4 15 0
10 13 5 0 0
10 13 5 1 0
10 13 5 2 0
10 13 5 3 0
10 13 5 4 0
10 13 5 5 0
10 13 5 6 0
10 13 5 7 0
10 13 5 8 0
10 13 5 9 0
10 13 5 10 0
10 13 5 11 0
10 13 5 12 0
10 13 5 13 0
10 13 5 14 0
10 13 5 15 0
10 13 6 0 0
10 13 6 1 0
10 13 6 2 0
10 13 6 3 0
10 13 6 4 0
10 13 6 5 0
10 13 6 6 0
10 13 6 7 0
10 13 6 8 0
10 13 6 9 0
10 13 6 10 0
10 13 6 11 0
10 13 6 12 0
10 13 6 13 0
10 13 6 14 0
10 13 6 15 0
10 13 7 0 0
10 13 7 1 0
10 13 7 2 0
10 13 7 3 0
10 13 7 4 0
10 13 7 5 0
10 13 7 6 0
10 13 7 7 0
10 13 7 8 0
10 13 7 9 0
10 13 7 10 0
10 13 7 11 0
10 13 7 12 0
10 13 7 13 0
10 13 7 14 0
10 13 7 15 0
10 13 8 0 0
10 13 8 1 0
10 13 8 2 0
10 13 8 3 0
10 13 8 4 0
10 13 8 5 0
10 13 8 6 0
10 13 8 7 0
10 13 8 8 0
10 13 8 9 0
10 13 8 10 0
10 13 8 11 0
10 13 8 12 0
10 13 8 13 0
10 13 8 14 0
10 13 8 15 0
10 13 9 0 0
10 13 9 1 0
10 13 9 2 0
10 13 9 3 0
10 13 9 4 0
10 13 9 5 0
10 13 9 6 0
10 13 9 7 0
10 13 9 8 0
10 13 9 9 0
10 13 9 10 0
10 13 9 11 0
10 13 9 12 0
10 13 9 13 0
10 13 9 14 0
10 13 9 15 0
10 13 10 0 0
10 13 10 1 0
10 13 10 2 0
10 13 10 3 0
10 13 10 4 0
10 13 10 5 0
10 13 10 6 0
10 13 10 7 0
10 13 10 8 0
10 13 10 9 0
10 13 10 10 0
10 13 10 11 0
10 13 10 12 0
10 13 10 13 0
10 13 10 14 0
10 13 10 15 0
10 13 11 0 0
10 13 11 1 0
10 13 11 2 0
10 13 11 3 0
10 13 11 4 0
10 13 11 5 0
10 13 11 6 0
10 13 11 7 0
10 13 11 8 0
10 13 11 9 0
10 13 11 10 0
10 13 11 11 0
10 13 11 12 0
10 13 11 13 0
10 13 11 14 0
10 13 11 15 0
10 13 12 0 0
10 13 12 1 0
10 13 12 2 0
10 13 12 3 0
10 13 12 4 0
10 13 12 5 0
10 13 12 6 0
10 13 12 7 0
10 13 12 8 0
10 13 12 9 0
10 13 12 10 0
10 13 12 11 0
10 13 12 12 0
10 13 12 13 0
10 13 12 14 0
10 13 12 15 0
10 13 13 0 0
10 13 13 1 0
10 13 13 2 0
10 13 13 3 0
10 13 13 4 0
10 13 13 5 0
10 13 13 6 0
10 13 13 7 0
10 13 13 8 0
10 13 13 9 0
10 13 13 10 0
10 13 13 11 0
10 13 13 12 0
10 13 13 13 0
10 13 13 14 0
10 13 13 15 0
10 13 14 0 0
10 13 14 1 0
10 13 14 2 0
10 13 14 3 0
10 13 14 4 0
10 13 14 5 0
10 13 14 6 0
10 13 14 7 0
10 13 14 8 0
10 13 14 9 0
10 13 14 10 0
10 13 14 11 0
10 13 14 12 0
10 13 14 13 0
10 13 14 14 0
10 13 14 15 0
10 13 15 0 0
10 13 15 1 0
10 13 15 2 0
10 13 15 3 0
10 13 15 4 0
10 13 15 5 0
10 13 15 6 0
10 13 15 7 0
10 13 15 8 0
10 13 15 9 0
10 13 15 10 0
10 13 15 11 0
10 13 15 12 0
10 13 15 13 0
10 13 15 14 0
10 13 15 15 0
10 14 0 0 0
10 14 0 1 0
10 14 0 2 0
10 14 0 3 0
10 14 0 4 0
10 14 0 5 0
10 14 0 6 0
10 14 0 7 0
10 14 0 8 0
10 14 0 9 0
10 14 0 10 0
10 14 0 11 0
10 14 0 12 0
10 14 0 13 0
10 14 0 14 0
10 14 0 15 0
10 14 1 0 0
10 14 1 1 0
10 14 1 2 0
10 14 1 3 0
10 14 1 4 0
10 14 1 5 0
10 14 1 6 0
10 14 1 7 0
10 14 1 8 0
10 14 1 9 0
10 14 1 10 0
10 14 1 11 0
10 14 1 12 0
10 14 1 13 0
10 14 1 14 0
10 14 1 15 0
10 14 2 0 0
10 14 2 1 0
10 14 2 2 0
10 14 2 3 0
10 14 2 4 0
10 14 2 5 0
10 14 2 6 0
10 14 2 7 0
10 14 2 8 0
10 14 2 9 0
10 14 2 10 0
10 14 2 11 0
10 14 2 12 0
10 14 2 13 0
10 14 2 14 0
10 14 2 15 0
10 14 3 0 0
10 14 3 1 0
10 14 3 2 0
10 14 3 3 0
10 14 3 4 0
10 14 3 5 0
10 14 3 6 0
10 14 3 7 0
10 14 3 8 0
10 14 3 9 0
10 14 3 10 0
10 14 3 11 0
10 14 3 12 0
10 14 3 13 0
10 14 3 14 0
10 14 3 15 0
10 14 4 0 0
10 14 4 1 0
10 14 4 2 0
10 14 4 3 0
10 14 4 4 0
10 14 4 5 0
10 14 4 6 0
10 14 4 7 0
10 14 4 8 0
10 14 4 9 0
10 14 4 10 0
10 14 4 11 0
10 14 4 12 0
10 14 4 13 0
10 14 4 14 0
10 14 4 15 0
10 14 5 0 0
10 14 5 1 0
10 14 5 2 0
10 14 5 3 0
10 14 5 4 0
10 14 5 5 0
10 14 5 6 0
10 14 5 7 0
10 14 5 8 0
10 14 5 9 0
10 14 5 10 0
10 14 5 11 0
10 14 5 12 0
10 14 5 13 0
10 14 5 14 0
10 14 5 15 0
10 14 6 0 0
10 14 6 1 0
10 14 6 2 0
10 14 6 3 0
10 14 6 4 0
10 14 6 5 0
10 14 6 6 0
10 14 6 7 0
10 14 6 8 0
10 14 6 9 0
10 14 6 10 0
10 14 6 11 0
10 14 6 12 0
10 14 6 13 0
10 14 6 14 0
10 14 6 15 0
10 14 7 0 0
10 14 7 1 0
10 14 7 2 0
10 14 7 3 0
10 14 7 4 0
10 14 7 5 0
10 14 7 6 0
10 14 7 7 0
10 14 7 8 0
10 14 7 9 0
10 14 7 10 0
10 14 7 11 0
10 14 7 12 0
10 14 7 13 0
10 14 7 14 0
10 14 7 15 0
10 14 8 0 0
10 14 8 1 0
10 14 8 2 0
10 14 8 3 0
10 14 8 4 0
10 14 8 5 0
10 14 8 6 0
10 14 8 7 0
10 14 8 8 0
10 14 8 9 0
10 14 8 10 0
10 14 8 11 0
10 14 8 12 0
10 14 8 13 0
10 14 8 14 0
10 14 8 15 0
10 14 9 0 0
10 14 9 1 0
10 14 9 2 0
10 14 9 3 0
10 14 9 4 0
10 14 9 5 0
10 14 9 6 0
10 14 9 7 0
10 14 9 8 0
10 14 9 9 0
10 14 9 10 0
10 14 9 11 0
10 14 9 12 0
10 14 9 13 0
10 14 9 14 0
10 14 9 15 0
10 14 10 0 0
10 14 10 1 0
10 14 10 2 0
10 14 10 3 0
10 14 10 4 0
10 14 10 5 0
10 14 10 6 0
10 14 10 7 0
10 14 10 8 0
10 14 10 9 0
10 14 10 10 0
10 14 10 11 0
10 14 10 12 0
10 14 10 13 0
10 14 10 14 0
10 14 10 15 0
10 14 11 0 0
10 14 11 1 0
10 14 11 2 0
10 14 11 3 0
10 14 11 4 0
10 14 11 5 0
10 14 11 6 0
10 14 11 7 0
10 14 11 8 0
10 14 11 9 0
10 14 11 10 0
10 14 11 11 0
10 14 11 12 0
10 14 11 13 0
10 14 11 14 0
10 14 11 15 0
10 14 12 0 0
10 14 12 1 0
10 14 12 2 0
10 14 12 3 0
10 14 12 4 0
10 14 12 5 0
10 14 12 6 0
10 14 12 7 0
10 14 12 8 0
10 14 12 9 0
10 14 12 10 0
10 14 12 11 0
10 14 12 12 0
10 14 12 13 0
10 14 12 14 0
10 14 12 15 0
10 14 13 0 0
10 14 13 1 0
10 14 13 2 0
10 14 13 3 0
10 14 13 4 0
10 14 13 5 0
10 14 13 6 0
10 14 13 7 0
10 14 13 8 0
10 14 13 9 0
10 14 13 10 0
10 14 13 11 0
10 14 13 12 0
10 14 13 13 0
10 14 13 14 0
10 14 13 15 0
10 14 14 0 0
10 14 14 1 0
10 14 14 2 0
10 14 14 3 0
10 14 14 4 0
10 14 14 5 0
10 14 14 6 0
10 14 14 7 0
10 14 14 8 0
10 14 14 9 0
10 14 14 10 0
10 14 14 11 0
10 14 14 12 0
10 14 14 13 0
10 14 14 14 0
10 14 14 15 0
10 14 15 0 0
10 14 15 1 0
10 14 15 2 0
10 14 15 3 0
10 14 15 4 0
10 14 15 5 0
10 14 15 6 0
10 14 15 7 0
10 14 15 8 0
10 14 15 9 0
10 14 15 10 0
10 14 15 11 0
10 14 15 12 0
10 14 15 13 0
10 14 15 14 0
10 14 15 15 0
10 15 0 0 0
10 15 0 1 0
10 15 0 2 0
10 15 0 3 0
10 15 0 4 0
10 15 0 5 0
10 15 0 6 0
10 15 0 7 0
10 15 0 8 0
10 15 0 9 0
10 15 0 10 0
10 15 0 11 0
10 15 0 12 0
10 15 0 13 0
10 15 0 14 0
10 15 0 15 0
10 15 1 0 0
10 15 1 1 0
10 15 1 2 0
10 15 1 3 0
10 15 1 4 0
10 15 1 5 0
10 15 1 6 0
10 15 1 7 0
10 15 1 8 0
10 15 1 9 0
10 15 1 10 0
10 15 1 11 0
10 15 1 12 0
10 15 1 13 0
10 15 1 14 0
10 15 1 15 0
10 15 2 0 0
10 15 2 1 0
10 15 2 2 0
10 15 2 3 0
10 15 2 4 0
10 15 2 5 0
10 15 2 6 0
10 15 2 7 0
10 15 2 8 0
10 15 2 9 0
10 15 2 10 0
10 15 2 11 0
10 15 2 12 0
10 15 2 13 0
10 15 2 14 0
10 15 2 15 0
10 15 3 0 0
10 15 3 1 0
10 15 3 2 0
10 15 3 3 0
10 15 3 4 0
10 15 3 5 0
10 15 3 6 0
10 15 3 7 0
10 15 3 8 0
10 15 3 9 0
10 15 3 10 0
10 15 3 11 0
10 15 3 12 0
10 15 3 13 0
10 15 3 14 0
10 15 3 15 0
10 15 4 0 0
10 15 4 1 0
10 15 4 2 0
10 15 4 3 0
10 15 4 4 0
10 15 4 5 0
10 15 4 6 0
10 15 4 7 0
10 15 4 8 0
10 15 4 9 0
10 15 4 10 0
10 15 4 11 0
10 15 4 12 0
10 15 4 13 0
10 15 4 14 0
10 15 4 15 0
10 15 5 0 0
10 15 5 1 0
10 15 5 2 0
10 15 5 3 0
10 15 5 4 0
10 15 5 5 0
10 15 5 6 0
10 15 5 7 0
10 15 5 8 0
10 15 5 9 0
10 15 5 10 0
10 15 5 11 0
10 15 5 12 0
10 15 5 13 0
10 15 5 14 0
10 15 5 15 0
10 15 6 0 0
10 15 6 1 0
10 15 6 2 0
10 15 6 3 0
10 15 6 4 0
10 15 6 5 0
10 15 6 6 0
10 15 6 7 0
10 15 6 8 0
10 15 6 9 0
10 15 6 10 0
10 15 6 11 0
10 15 6 12 0
10 15 6 13 0
10 15 6 14 0
10 15 6 15 0
10 15 7 0 0
10 15 7 1 0
10 15 7 2 0
10 15 7 3 0
10 15 7 4 0
10 15 7 5 0
10 15 7 6 0
10 15 7 7 0
10 15 7 8 0
10 15 7 9 0
10 15 7 10 0
10 15 7 11 0
10 15 7 12 0
10 15 7 13 0
10 15 7 14 0
10 15 7 15 0
10 15 8 0 0
10 15 8 1 0
10 15 8 2 0
10 15 8 3 0
10 15 8 4 0
10 15 8 5 0
10 15 8 6 0
10 15 8 7 0
10 15 8 8 0
10 15 8 9 0
10 15 8 10 0
10 15 8 11 0
10 15 8 12 0
10 15 8 13 0
10 15 8 14 0
10 15 8 15 0
10 15 9 0 0
10 15 9 1 0
10 15 9 2 0
10 15 9 3 0
10 15 9 4 0
10 15 9 5 0
10 15 9 6 0
10 15 9 7 0
10 15 9 8 0
10 15 9 9 0
10 15 9 10 0
10 15 9 11 0
10 15 9 12 0
10 15 9 13 0
10 15 9 14 0
10 15 9 15 0
10 15 10 0 0
10 15 10 1 0
10 15 10 2 0
10 15 10 3 0
10 15 10 4 0
10 15 10 5 0
10 15 10 6 0
10 15 10 7 0
10 15 10 8 0
10 15 10 9 0
10 15 10 10 0
10 15 10 11 0
10 15 10 12 0
10 15 10 13 0
10 15 10 14 0
10 15 10 15 0
10 15 11 0 0
10 15 11 1 0
10 15 11 2 0
10 15 11 3 0
10 15 11 4 0
10 15 11 5 0
10 15 11 6 0
10 15 11 7 0
10 15 11 8 0
10 15 11 9 0
10 15 11 10 0
10 15 11 11 0
10 15 11 12 0
10 15 11 13 0
10 15 11 14 0
10 15 11 15 0
10 15 12 0 0
10 15 12 1 0
10 15 12 2 0
10 15 12 3 0
10 15 12 4 0
10 15 12 5 0
10 15 12 6 0
10 15 12 7 0
10 15 12 8 0
10 15 12 9 0
10 15 12 10 0
10 15 12 11 0
10 15 12 12 0
10 15 12 13 0
10 15 12 14 0
10 15 12 15 0
10 15 13 0 0
10 15 13 1 0
10 15 13 2 0
10 15 13 3 0
10 15 13 4 0
10 15 13 5 0
10 15 13 6 0
10 15 13 7 0
10 15 13 8 0
10 15 13 9 0
10 15 13 10 0
10 15 13 11 0
10 15 13 12 0
10 15 13 13 0
10 15 13 14 0
10 15 13 15 0
10 15 14 0 0
10 15 14 1 0
10 15 14 2 0
10 15 14 3 0
10 15 14 4 0
10 15 14 5 0
10 15 14 6 0
10 15 14 7 0
10 15 14 8 0
10 15 14 9 0
10 15 14 10 0
10 15 14 11 0
10 15 14 12 0
10 15 14 13 0
10 15 14 14 0
10 15 14 15 0
10 15 15 0 0
10 15 15 1 0
10 15 15 2 0
10 15 15 3 0
10 15 15 4 0
10 15 15 5 0
10 15 15 6 0
10 15 15 7 0
10 15 15 8 0
10 15 15 9 0
10 15 15 10 0
10 15 15 11 0
10 15 15 12 0
10 15 15 13 0
10 15 15 14 0
10 15 15 15 0
11 0 0 0 -0.002220143575202455
11 0 0 1 0
11 0 0 2 0.002223322100579553
11 0 0 3 0
11 0 0 4 0
11 0 0 5 0
11 0 0 6 0
11 0 0 7 0
11 0 0 8 0
11 0 0 9 0
11 0 0 10 0
11 0 0 11 -0.0001622877896940997
11 0 0 12 0
11 0 0 13 0
11 0 0 14 0.0001327087952273341
11 0 0 15 0
11 0 1 0 0
11 0 1 1 0
11 0 1 2 0
11 0 1 3 0
11 0 1 4 0
11 0 1 5 0
11 0 1 6 0
11 0 1 7 0
11 0 1 8 0
11 0 1 9 0
11 0 1 10 0
11 0 1 11 0
11 0 1 12 0
11 0 1 13 0
11 0 1 14 0
11 0 1 15 0
11 0 2 0 -0.004446644201159106
11 0 2 1 0
11 0 2 2 0
11 0 2 3 0
11 0 2 4 0
11 0 2 5 0
11 0 2 6 0
11 0 2 7 0
11 0 2 8 0
11 0 2 9 0
11 0 2 10 0
11 0 2 11 3.67389590599358e-05
11 0 2 12 0
11 0 2 13 0
11 0 2 14 0
11 0 2 15 0
11 0 3 0 0
11 0 3 1 0
11 0 3 2 0
11 0 3 3 0
11 0 3 4 0
11 0 3 5 0
11 0 3 6 0
11 0 3 7 0
11 0 3 8 0
11 0 3 9 0
11 0 3 10 0
11 0 3 11 0
11 0 3 12 0
11 0 3 13 0
11 0 3 14 0
11 0 3 15 0
11 0 4 0 0
11 0 4 1 0
11 0 4 2 0
11 0 4 3 0
11 0 4 4 0
11 0 4 5 0
11 0 4 6 0
11 0 4 7 0
11 0 4 8 0
11 0 4 9 0
11 0 4 10 0
11 0 4 11 0
11 0 4 12 0
11 0 4 13 0
11 0 4 14 0
11 0 4 15 0
11 0 5 0 0
11 0 5 1 0
11 0 5 2 0
11 0 5 3 0
11 0 5 4 0
11 0 5 5 0
11 0 5 6 0
11 0 5 7 0
11 0 5 8 0
11 0 5 9 0
11 0 5 10 0
11 0 5 11 0
11 0 5 12 0
11 0 5 13 0
11 0 5 14 0
11 0 5 15 0
11 0 6 0 0
11 0 6 1 0
11 0 6 2 0
11 0 6 3 0
11 0 6 4 0
11 0 6 5 0
11 0 6 6 0
11 0 6 7 0
11 0 6 8 0
11 0 6 9 0
11 0 6 10 0
11 0 6 11 0
11 0 6 12 0
11 0 6 13 0
11 0 6 14 0
11 0 6 15 0
11 0 7 0 0
11 0 7 1 0
11 0 7 2 0
11 0 7 3 0
11 0 7 4 0
11 0 7 5 0
11 0 7 6 0
11 0 7 7 0
11 0 7 8 0
11 0 7 9 0
11 0 7 10 0
11 0 7 11 0
11 0 7 12 0
11 0 7 13 0
11 0 7 14 0
11 0 7 15 0
11 0 8 0 0
11 0 8 1 0
11 0 8 2 0
11 0 8 3 0
11 0 8 4 0
11 0 8 5 0
11 0 8 6 0
11 0 8 7 0
11 0 8 8 0
11 0 8 9 0
11 0 8 10 0
11 0 8 11 0
11 0 8 12 0
11 0 8 13 0
11 0 8 14 0
11 0 8 15 0
11 0 9 0 0
11 0 9 1 0
11 0 9 2 0
11 0 9 3 0
11 0 9 4 0
11 0 9 5 0
11 0 9 6 0
11 0 9 7 0
11 0 9 8 0
11 0 9 9 0
11 0 9 10 0
11 0 9 11 0
11 0 9 12 0
11 0 9 13 0
11 0 9 14 0
11 0 9 15 0
11 0 10 0 0
11 0 10 1 0
11 0 10 2 0
11 0 10 3 0
11 0 10 4 0
11 0 10 5 0
11 0 10 6 0
11 0 10 7 0
11 0 10 8 0
11 0 10 9 0
11 0 10 10 0
11 0 10 11 0
11 0 10 12 0
11 0 10 13 0
11 0 10 14 0
11 0 10 15 0
11 0 11 0 0.000261861572162226
11 0 11 1 0
11 0 11 2 -2.311834823897283e-06
11 0 11 3 0
11 0 11 4 0
11 0 11 5 0
11 0 11 6 0
11 0 11 7 0
11 0 11 8 0
11 0 11 9 0
11 0 11 10 0
11 0 11 11 0
11 0 11 12 0
11 0 11 13 0
11 0 11 14 0
11 0 11 15 0
11 0 12 0 0
11 0 12 1 0
11 0 12 2 0
11 0 12 3 0
11 0 12 4 0
11 0 12 5 0
11 0 12 6 0
11 0 12 7 0
11 0 12 8 0
11 0 12 9 0
11 0 12 10 0
11 0 12 11 0
11 0 12 12 0
11 0 12 13 0
11 0 12 14 0
11 0 12 15 0
11 0 13 0 0
11 0 13 1 0
11 0 13 2 0
11 0 13 3 0
11 0 13 4 0
11 0 13 5 0
11 0 13 6 0
11 0 13 7 0
11 0 13 8 0
11 0 13 9 0
11 0 13 10 0
11 0 13 11 0
11 0 13 12 0
11 0 13 13 0
11 0 13 14 0
11 0 13 15 0
11 0 14 0 -0.0002654175904546682
11 0 14 1 0
11 0 14 2 0
11 0 14 3 0
11 0 14 4 0
11 0 14 5 0
11 0 14 6 0
11 0 14 7 0
11 0 14 8 0
11 0 14 9 0
11 0 14 10 0
11 0 14 11 0
11 0 14 12 0
11 0 14 13 0
11 0 14 14 0
11 0 14 15 0
11 0 15 0 0
11 0 15 1 0
11 0 15 2 0
11 0 15 3 0
11 0 15 4 0
11 0 15 5 0
11 0 15 6 0
11 0 15 7 0
11 0 15 8 0
11 0 15 9 0
11 0 15 10 0
11 0 15 11 0
11 0 15 12 0
11 0 15 13 0
11 0 15 14 0
11 0 15 15 0
11 1 0 0 0
11 1 0 1 -0.00444028715040491
11 1 0 2 0
11 1 0 3 0
11 1 0 4 0
11 1 0 5 0
11 1 0 6 0
11 1 0 7 0
11 1 0 8 0
11 1 0 9 0
11 1 0 10 0
11 1 0 11 0
11 1 0 12 0
11 1 0 13 0
11 1 0 14 0
11 1 0 15 -3.140469671808889e-05
11 1 1 0 0.002220143575202455
11 1 1 1 0
11 1 1 2 0.002223322100579553
11 1 1 3 0
11 1 1 4 0
11 1 1 5 0
11 1 1 6 0
11 1 1 7 0
11 1 1 8 0
11 1 1 9 0
11 1 1 10 0
11 1 1 11 -0.0001988415723360367
11 1 1 12 0
11 1 1 13 0
11 1 1 14 0.0001327087952273341
11 1 1 15 0
11 1 2 0 0
11 1 2 1 -0.004446644201159106
11 1 2 2 0
11 1 2 3 0
11 1 2 4 0
11 1 2 5 0
11 1 2 6 0
11 1 2 7 0
11 1 2 8 0
11 1 2 9 0
11 1 2 10 0
11 1 2 11 0
11 1 2 12 0
11 1 2 13 0
11 1 2 14 0
11 1 2 15 -3.568599521583583e-05
11 1 3 0 0
11 1 3 1 0
11 1 3 2 0
11 1 3 3 0
11 1 3 4 0
11 1 3 5 0
11 1 3 6 0
11 1 3 7 0
11 1 3 8 0
11 1 3 9 0
11 1 3 10 0
11 1 3 11 0
11 1 3 12 0
11 1 3 13 0
11 1 3 14 0
11 1 3 15 0
11 1 4 0 0
11 1 4 1 0
11 1 4 2 0
11 1 4 3 0
11 1 4 4 0
11 1 4 5 0
11 1 4 6 0
11 1 4 7 0
11 1 4 8 0
11 1 4 9 0
11 1 4 10 0
11 1 4 11 0
11 1 4 12 0
11 1 4 13 0
11 1 4 14 0
11 1 4 15 0
11 1 5 0 0
11 1 5 1 0
11 1 5 2 0
11 1 5 3 0
11 1 5 4 0
11 1 5 5 0
11 1 5 6 0
11 1 5 7 0
11 1 5 8 0
11 1 5 9 0
11 1 5 10 0
11 1 5 11 0
11 1 5 12 0
11 1 5 13 0
11 1 5 14 0
11 1 5 15 0
11 1 6 0 0
11 1 6 1 0
11 1 6 2 0
11 1 6 3 0
11 1 6 4 0
11 1 6 5 0
11 1 6 6 0
11 1 6 7 0
11 1 6 8 0
11 1 6 9 0
11 1 6 10 0
11 1 6 11 0
11 1 6 12 0
11 1 6 13 0
11 1 6 14 0
11 1 6 15 0
11 1 7 0 0
11 1 7 1 0
11 1 7 2 0
11 1 7 3 0
11 1 7 4 0
11 1 7 5 0
11 1 7 6 0
11 1 7 7 0
11 1 7 8 0
11 1 7 9 0
11 1 7 10 0
11 1 7 11 0
11 1 7 12 0
11 1 7 13 0
11 1 7 14 0
11 1 7 15 0
11 1 8 0 0
11 1 8 1 0
11 1 8 2 0
11 1 8 3 0
11 1 8 4 0
11 1 8 5 0
11 1 8 6 0
11 1 8 7 0
11 1 8 8 0
11 1 8 9 0
11 1 8 10 0
11 1 8 11 0
11 1 8 12 0
11 1 8 13 0
11 1 8 14 0
11 1 8 15 0
11 1 9 0 0
11 1 9 1 0
11 1 9 2 0
11 1 9 3 0
11 1 9 4 0
11 1 9 5 0
11 1 9 6 0
11 1 9 7 0
11 1 9 8 0
11 1 9 9 0
11 1 9 10 0
11 1 9 11 0
11 1 9 12 0
11 1 9 13 0
11 1 9 14 0
11 1 9 15 0
11 1 10 0 0
11 1 10 1 0
11 1 10 2 0
11 1 10 3 0
11 1 10 4 0
11 1 10 5 0
11 1 10 6 0
11 1 10 7 0
11 1 10 8 0
11 1 10 9 0
11 1 10 10 0
11 1 10 11 0
11 1 10 12 0
11 1 10 13 0
11 1 10 14 0
11 1 10 15 0
11 1 11 0 0
11 1 11 1 0.0003976831446720734
11 1 11 2 0
11 1 11 3 0
11 1 11 4 0
11 1 11 5 0
11 1 11 6 0
11 1 11 7 0
11 1 11 8 0
11 1 11 9 0
11 1 11 10 0
11 1 11 11 0
11 1 11 12 0
11 1 11 13 0
11 1 11 14 0
11 1 11 15 0
11 1 12 0 0
11 1 12 1 0
11 1 12 2 0
11 1 12 3 0
11 1 12 4 0
11 1 12 5 0
11 1 12 6 0
11 1 12 7 0
11 1 12 8 0
11 1 12 9 0
11 1 12 10 0
11 1 12 11 0
11 1 12 12 0
11 1 12 13 0
11 1 12 14 0
11 1 12 15 0
11 1 13 0 0
11 1 13 1 0
11 1 13 2 0
11 1 13 3 0
11 1 13 4 0
11 1 13 5 0
11 1 13 6 0
11 1 13 7 0
11 1 13 8 0
11 1 13 9 0
11 1 13 10 0
11 1 13 11 0
11 1 13 12 0
11 1 13 13 0
11 1 13 14 0
11 1 13 15 0
11 1 14 0 0
11 1 14 1 -0.0002654175904546682
11 1 14 2 0
11 1 14 3 0
11 1 14 4 0
11 1 14 5 0
11 1 14 6 0
11 1 14 7 0
11 1 14 8 0
11 1 14 9 0
11 1 14 10 0
11 1 14 11 0
11 1 14 12 0
11 1 14 13 0
11 1 14 14 0
11 1 14 15 0
11 1 15 0 3.043463753430608e-05
11 1 15 1 0
11 1 15 2 1.878839388780683e-05
11 1 15 3 0
11 1 15 4 0
11 1 15 5 0
11 1 15 6 0
11 1 15 7 0
11 1 15 8 0
11 1 15 9 0
11 1 15 10 0
11 1 15 11 0
11 1 15 12 0
11 1 15 13 0
11 1 15 14 0
11 1 15 15 0
11 2 0 0 0
11 2 0 1 0
11 2 0 2 -0.003913174109508401
11 2 0 3 0
11 2 0 4 0
11 2 0 5 0
11 2 0 6 0
11 2 0 7 0
11 2 0 8 0
11 2 0 9 0
11 2 0 10 0
11 2 0 11 3.67389590599358e-05
11 2 0 12 0
11 2 0 13 0
11 2 0 14 -1.371903397702266e-05
11 2 0 15 0
11 2 1 0 0
11 2 1 1 0
11 2 1 2 0
11 2 1 3 0
11 2 1 4 0
11 2 1 5 0
11 2 1 6 0
11 2 1 7 0
11 2 1 8 0
11 2 1 9 0
11 2 1 10 0
11 2 1 11 0
11 2 1 12 0
11 2 1 13 0
11 2 1 14 0
11 2 1 15 0
11 2 2 0 0.0019565870547542
11 2 2 1 0
11 2 2 2 -0.002223322100579553
11 2 2 3 0
11 2 2 4 0
11 2 2 5 0
11 2 2 6 0
11 2 2 7 0
11 2 2 8 0
11 2 2 9 0
11 2 2 10 0
11 2 2 11 -0.0001447267803776868
11 2 2 12 0
11 2 2 13 0
11 2 2 14 0.0001171194906954436
11 2 2 15 0
11 2 3 0 0
11 2 3 1 0
11 2 3 2 0
11 2 3 3 0
11 2 3 4 0
11 2 3 5 0
11 2 3 6 0
11 2 3 7 0
11 2 3 8 0
11 2 3 9 0
11 2 3 10 0
11 2 3 11 0
11 2 3 12 0
11 2 3 13 0
11 2 3 14 0
11 2 3 15 0
11 2 4 0 0
11 2 4 1 0
11 2 4 2 0
11 2 4 3 0
11 2 4 4 0
11 2 4 5 0
11 2 4 6 0
11 2 4 7 0
11 2 4 8 0
11 2 4 9 0
11 2 4 10 0
11 2 4 11 0
11 2 4 12 0
11 2 4 13 0
11 2 4 14 0
11 2 4 15 0
11 2 5 0 0
11 2 5 1 0
11 2 5 2 0
11 2 5 3 0
11 2 5 4 0
11 2 5 5 0
11 2 5 6 0
11 2 5 7 0
11 2 5 8 0
11 2 5 9 0
11 2 5 10 0
11 2 5 11 0
11 2 5 12 0
11 2 5 13 0
11 2 5 14 0
11 2 5 15 0
11 2 6 0 0
11 2 6 1 0
11 2 6 2 0
11 2 6 3 0
11 2 6 4 0
11 2 6 5 0
11 2 6 6 0
11 2 6 7 0
11 2 6 8 0
11 2 6 9 0
11 2 6 10 0
11 2 6 11 0
11 2 6 12 0
11 2 6 13 0
11 2 6 14 0
11 2 6 15 0
11 2 7 0 0
11 2 7 1 0
11 2 7 2 0
11 2 7 3 0
11 2 7 4 0
11 2 7 5 0
11 2 7 6 0
11 2 7 7 0.0008287177828357006
11 2 7 8 0
11 2 7 9 0
11 2 7 10 0
11 2 7 11 0
11 2 7 12 0
11 2 7 13 0
11 2 7 14 0
11 2 7 15 0
11 2 8 0 0
11 2 8 1 0
11 2 8 2 0
11 2 8 3 0
11 2 8 4 0
11 2 8 5 0
11 2 8 6 0
11 2 8 7 0
11 2 8 8 0
11 2 8 9 0
11 2 8 10 0
11 2 8 11 0
11 2 8 12 0
11 2 8 13 0
11 2 8 14 0
11 2 8 15 0
11 2 9 0 0
11 2 9 1 0
11 2 9 2 0
11 2 9 3 0
11 2 9 4 0
11 2 9 5 0
11 2 9 6 0
11 2 9 7 0
11 2 9 8 0
11 2 9 9 0
11 2 9 10 0
11 2 9 11 0
11 2 9 12 0
11 2 9 13 0
11 2 9 14 0
11 2 9 15 0
11 2 10 0 0
11 2 10 1 0
11 2 10 2 0
11 2 10 3 0
11 2 10 4 0
11 2 10 5 0
11 2 10 6 0
11 2 10 7 0
11 2 10 8 0
11 2 10 9 0
11 2 10 10 0
11 2 10 11 0
11 2 10 12 0
11 2 10 13 0
11 2 10 14 0
11 2 10 15 0
11 2 11 0 -2.311834823897283e-06
11 2 11 1 0
11 2 11 2 0.0003099284807506835
11 2 11 3 0
11 2 11 4 0
11 2 11 5 0
11 2 11 6 0
11 2 11 7 0
11 2 11 8 0
11 2 11 9 0
11 2 11 10 0
11 2 11 11 0
11 2 11 12 0
11 2 11 13 0
11 2 11 14 0
11 2 11 15 0
11 2 12 0 0
11 2 12 1 0
11 2 12 2 0
11 2 12 3 0
11 2 12 4 0
11 2 12 5 0
11 2 12 6 0
11 2 12 7 0
11 2 12 8 0
11 2 12 9 0
11 2 12 10 0
11 2 12 11 0
11 2 12 12 0
11 2 12 13 0
11 2 12 14 0
11 2 12 15 0
11 2 13 0 0
11 2 13 1 0
11 2 13 2 0
11 2 13 3 0
11 2 13 4 0
11 2 13 5 0
11 2 13 6 0
11 2 13 7 0
11 2 13 8 0
11 2 13 9 0
11 2 13 10 0
11 2 13 11 0
11 2 13 12 0
11 2 13 13 0
11 2 13 14 0
11 2 13 15 0
11 2 14 0 -0.0001491041658039573
11 2 14 1 0
11 2 14 2 -0.0001327087952273341
11 2 14 3 0
11 2 14 4 0
11 2 14 5 0
11 2 14 6 0
11 2 14 7 0
11 2 14 8 0
11 2 14 9 0
11 2 14 10 0
11 2 14 11 0
11 2 14 12 0
11 2 14 13 0
11 2 14 14 0
11 2 14 15 0
11 2 15 0 0
11 2 15 1 0
11 2 15 2 0
11 2 15 3 0
11 2 15 4 0
11 2 15 5 0
11 2 15 6 0
11 2 15 7 0
11 2 15 8 0
11 2 15 9 0
11 2 15 10 0
11 2 15 11 0
11 2 15 12 0
11 2 15 13 0
11 2 15 14 0
11 2 15 15 0
11 3 0 0 0
11 3 0 1 0
11 3 0 2 0
11 3 0 3 -0.002220143575202455
11 3 0 4 0
11 3 0 5 0
11 3 0 6 0
11 3 0 7 0
11 3 0 8 -0.0001468000656992864
11 3 0 9 0
11 3 0 10 0
11 3 0 11 0
11 3 0 12 0
11 3 0 13 0
11 3 0 14 0
11 3 0 15 0
11 3 1 0 0
11 3 1 1 0
11 3 1 2 0
11 3 1 3 0
11 3 1 4 0
11 3 1 5 0
11 3 1 6 0
11 3 1 7 0
11 3 1 8 0
11 3 1 9 0
11 3 1 10 0
11 3 1 11 0
11 3 1 12 0
11 3 1 13 0
11 3 1 14 0
11 3 1 15 0
11 3 2 0 0
11 3 2 1 0
11 3 2 2 0
11 3 2 3 -0.002223322100579553
11 3 2 4 0
11 3 2 5 0
11 3 2 6 0
11 3 2 7 0
11 3 2 8 -0.0001668128334196487
11 3 2 9 0
11 3 2 10 0
11 3 2 11 0
11 3 2 12 0
11 3 2 13 0
11 3 2 14 0
11 3 2 15 0
11 3 3 0 -0.001936747616294514
11 3 3 1 0
11 3 3 2 0.0002844996052684222
11 3 3 3 0
11 3 3 4 0
11 3 3 5 0
11 3 3 6 0
11 3 3 7 0
11 3 3 8 0
11 3 3 9 0
11 3 3 10 0
11 3 3 11 -3.871799402798422e-05
11 3 3 12 0
11 3 3 13 0
11 3 3 14 0.0001334688093256039
11 3 3 15 0
11 3 4 0 0
11 3 4 1 0
11 3 4 2 0
11 3 4 3 0
11 3 4 4 0
11 3 4 5 0
11 3 4 6 0
11 3 4 7 0
11 3 4 8 0
11 3 4 9 0
11 3 4 10 0
11 3 4 11 0
11 3 4 12 0
11 3 4 13 0
11 3 4 14 0
11 3 4 15 0
11 3 5 0 0
11 3 5 1 0
11 3 5 2 0
11 3 5 3 0
11 3 5 4 0
11 3 5 5 0
11 3 5 6 0
11 3 5 7 0
11 3 5 8 0
11 3 5 9 0
11 3 5 10 0
11 3 5 11 0
11 3 5 12 0
11 3 5 13 0
11 3 5 14 0
11 3 5 15 0
11 3 6 0 0
11 3 6 1 0
11 3 6 2 0
11 3 6 3 0
11 3 6 4 0
11 3 6 5 0
11 3 6 6 0
11 3 6 7 -0.001166761813281624
11 3 6 8 0
11 3 6 9 0
11 3 6 10 0
11 3 6 11 0
11 3 6 12 0
11 3 6 13 0
11 3 6 14 0
11 3 6 15 0
11 3 7 0 0
11 3 7 1 0
11 3 7 2 0
11 3 7 3 0
11 3 7 4 0
11 3 7 5 0
11 3 7 6 0.004365908650718031
11 3 7 7 0
11 3 7 8 0
11 3 7 9 0
11 3 7 10 0
11 3 7 11 0
11 3 7 12 0
11 3 7 13 0
11 3 7 14 0
11 3 7 15 0
11 3 8 0 -0.0001314830633689367
11 3 8 1 0
11 3 8 2 2.134561845502522e-05
11 3 8 3 0
11 3 8 4 0
11 3 8 5 0
11 3 8 6 0
11 3 8 7 0
11 3 8 8 0
11 3 8 9 0
11 3 8 10 0
11 3 8 11 0
11 3 8 12 0
11 3 8 13 0
11 3 8 14 0
11 3 8 15 0
11 3 9 0 0
11 3 9 1 0
11 3 9 2 0
11 3 9 3 0
11 3 9 4 0
11 3 9 5 0
11 3 9 6 0
11 3 9 7 0
11 3 9 8 0
11 3 9 9 0
11 3 9 10 0
11 3 9 11 0
11 3 9 12 0
11 3 9 13 0
11 3 9 14 0
11 3 9 15 0
11 3 10 0 0
11 3 10 1 0
11 3 10 2 0
11 3 10 3 0
11 3 10 4 0
11 3 10 5 0
11 3 10 6 0
11 3 10 7 0
11 3 10 8 0
11 3 10 9 0
11 3 10 10 0
11 3 10 11 0
11 3 10 12 0
11 3 10 13 0
11 3 10 14 0
11 3 10 15 0
11 3 11 0 0
11 3 11 1 0
11 3 11 2 0
11 3 11 3 0.0001988415723360367
11 3 11 4 0
11 3 11 5 0
11 3 11 6 0
11 3 11 7 0
11 3 11 8 0
11 3 11 9 0
11 3 11 10 0
11 3 11 11 0
11 3 11 12 0
11 3 11 13 0
11 3 11 14 0
11 3 11 15 0
11 3 12 0 0
11 3 12 1 0
11 3 12 2 0
11 3 12 3 0
11 3 12 4 0
11 3 12 5 0
11 3 12 6 0
11 3 12 7 0
11 3 12 8 0
11 3 12 9 0
11 3 12 10 0
11 3 12 11 0
11 3 12 12 0
11 3 12 13 0
11 3 12 14 0
11 3 12 15 0
11 3 13 0 0
11 3 13 1 0
11 3 13 2 0
11 3 13 3 0
11 3 13 4 0
11 3 13 5 0
11 3 13 6 0
11 3 13 7 0
11 3 13 8 0
11 3 13 9 0
11 3 13 10 0
11 3 13 11 0
11 3 13 12 0
11 3 13 13 0
11 3 13 14 0
11 3 13 15 0
11 3 14 0 0
11 3 14 1 0
11 3 14 2 0
11 3 14 3 -0.0001327087952273341
11 3 14 4 0
11 3 14 5 0
11 3 14 6 0
11 3 14 7 0
11 3 14 8 0
11 3 14 9 0
11 3 14 10 0
11 3 14 11 0
11 3 14 12 0
11 3 14 13 0
11 3 14 14 0
11 3 14 15 0
11 3 15 0 0
11 3 15 1 0
11 3 15 2 0
11 3 15 3 0
11 3 15 4 0
11 3 15 5 0
11 3 15 6 0
11 3 15 7 0
11 3 15 8 0
11 3 15 9 0
11 3 15 10 0
11 3 15 11 0
11 3 15 12 0
11 3 15 13 0
11 3 15 14 0
11 3 15 15 0
11 4 0 0 0
11 4 0 1 0
11 4 0 2 0
11 4 0 3 0
11 4 0 4 -0.002220143575202455
11 4 0 5 0
11 4 0 6 0
11 4 0 7 0
11 4 0 8 0
11 4 0 9 -0.0001659254964168851
11 4 0 10 0
11 4 0 11 0
11 4 0 12 0
11 4 0 13 0
11 4 0 14 0
11 4 0 15 0
11 4 1 0 0
11 4 1 1 0
11 4 1 2 0
11 4 1 3 0
11 4 1 4 0
11 4 1 5 0
11 4 1 6 0
11 4 1 7 0
11 4 1 8 0
11 4 1 9 0
11 4 1 10 0
11 4 1 11 0
11 4 1 12 0
11 4 1 13 0
11 4 1 14 0
11 4 1 15 0
11 4 2 0 0
11 4 2 1 0
11 4 2 2 0
11 4 2 3 0
11 4 2 4 -0.002223322100579553
11 4 2 5 0
11 4 2 6 0
11 4 2 7 0
11 4 2 8 0
11 4 2 9 -0.0001885455708893252
11 4 2 10 0
11 4 2 11 0
11 4 2 12 0
11 4 2 13 0
11 4 2 14 0
11 4 2 15 0
11 4 3 0 0
11 4 3 1 0
11 4 3 2 0
11 4 3 3 0
11 4 3 4 0
11 4 3 5 0
11 4 3 6 0
11 4 3 7 0
11 4 3 8 0
11 4 3 9 0
11 4 3 10 0
11 4 3 11 0
11 4 3 12 0
11 4 3 13 0
11 4 3 14 0
11 4 3 15 0
11 4 4 0 -0.001980992591638142
11 4 4 1 0
11 4 4 2 0.0002354485490363338
11 4 4 3 0
11 4 4 4 0
11 4 4 5 0
11 4 4 6 0
11 4 4 7 0
11 4 4 8 0
11 4 4 9 0
11 4 4 10 0
11 4 4 11 -3.432100941183988e-05
11 4 4 12 0
11 4 4 13 0
11 4 4 14 0.0001407520617529154
11 4 4 15 0
11 4 5 0 0
11 4 5 1 0
11 4 5 2 0
11 4 5 3 0
11 4 5 4 0
11 4 5 5 0
11 4 5 6 0
11 4 5 7 0
11 4 5 8 0
11 4 5 9 0
11 4 5 10 0
11 4 5 11 0
11 4 5 12 0
11 4 5 13 0
11 4 5 14 0
11 4 5 15 0
11 4 6 0 0
11 4 6 1 0
11 4 6 2 0
11 4 6 3 0
11 4 6 4 0
11 4 6 5 0
11 4 6 6 0
11 4 6 7 0
11 4 6 8 0
11 4 6 9 0
11 4 6 10 0
11 4 6 11 0
11 4 6 12 0
11 4 6 13 0
11 4 6 14 0
11 4 6 15 0
11 4 7 0 0
11 4 7 1 0
11 4 7 2 0
11 4 7 3 0
11 4 7 4 0
11 4 7 5 0
11 4 7 6 0
11 4 7 7 0
11 4 7 8 0
11 4 7 9 0
11 4 7 10 0
11 4 7 11 0
11 4 7 12 0
11 4 7 13 0
11 4 7 14 0
11 4 7 15 0
11 4 8 0 0
11 4 8 1 0
11 4 8 2 0
11 4 8 3 0
11 4 8 4 0
11 4 8 5 0
11 4 8 6 0
11 4 8 7 0
11 4 8 8 0
11 4 8 9 0
11 4 8 10 0
11 4 8 11 0
11 4 8 12 0
11 4 8 13 0
11 4 8 14 0
11 4 8 15 0
11 4 9 0 -0.0001521904293612199
11 4 9 1 0
11 4 9 2 1.996686898472633e-05
11 4 9 3 0
11 4 9 4 0
11 4 9 5 0
11 4 9 6 0
11 4 9 7 0
11 4 9 8 0
11 4 9 9 0
11 4 9 10 0
11 4 9 11 0
11 4 9 12 0
11 4 9 13 0
11 4 9 14 0
11 4 9 15 0
11 4 10 0 0
11 4 10 1 0
11 4 10 2 0
11 4 10 3 0
11 4 10 4 0
11 4 10 5 0
11 4 10 6 0
11 4 10 7 0
11 4 10 8 0
11 4 10 9 0
11 4 10 10 0
11 4 10 11 0
11 4 10 12 0
11 4 10 13 0
11 4 10 14 0
11 4 10 15 0
11 4 11 0 0
11 4 11 1 0
11 4 11 2 0
11 4 11 3 0
11 4 11 4 0.0001988415723360367
11 4 11 5 0
11 4 11 6 0
11 4 11 7 0
11 4 11 8 0
11 4 11 9 0
11 4 11 10 0
11 4 11 11 0
11 4 11 12 0
11 4 11 13 0
11 4 11 14 0
11 4 11 15 0
11 4 12 0 0
11 4 12 1 0
11 4 12 2 0
11 4 12 3 0
11 4 12 4 0
11 4 12 5 0
11 4 12 6 0
11 4 12 7 0
11 4 12 8 0
11 4 12 9 0
11 4 12 10 0
11 4 12 11 0
11 4 12 12 0
11 4 12 13 0
11 4 12 14 0
11 4 12 15 0
11 4 13 0 0
11 4 13 1 0
11 4 13 2 0
11 4 13 3 0
11 4 13 4 0
11 4 13 5 0
11 4 13 6 0
11 4 13 7 0
11 4 13 8 0
11 4 13 9 0
11 4 13 10 0
11 4 13 11 0
11 4 13 12 0
11 4 13 13 0
11 4 13 14 0
11 4 13 15 0
11 4 14 0 0
11 4 14 1 0
11 4 14 2 0
11 4 14 3 0
11 4 14 4 -0.0001327087952273341
11 4 14 5 0
11 4 14 6 0
11 4 14 7 0
11 4 14 8 0
11 4 14 9 0
11 4 14 10 0
11 4 14 11 0
11 4 14 12 0
11 4 14 13 0
11 4 14 14 0
11 4 14 15 0
11 4 15 0 0
11 4 15 1 0
11 4 15 2 0
11 4 15 3 0
11 4 15 4 0
11 4 15 5 0
11 4 15 6 0
11 4 15 7 0
11 4 15 8 0
11 4 15 9 0
11 4 15 10 0
11 4 15 11 0
11 4 15 12 0
11 4 15 13 0
11 4 15 14 0
11 4 15 15 0
11 5 0 0 0
11 5 0 1 0
11 5 0 2 0
11 5 0 3 0
11 5 0 4 0
11 5 0 5 -0.002220143575202455
11 5 0 6 0
11 5 0 7 0
11 5 0 8 0
11 5 0 9 0
11 5 0 10 0
11 5 0 11 0
11 5 0 12 -0.0001520018911783115
11 5 0 13 0
11 5 0 14 0
11 5 0 15 0
11 5 1 0 0
11 5 1 1 0
11 5 1 2 0
11 5 1 3 0
11 5 1 4 0
11 5 1 5 0
11 5 1 6 0
11 5 1 7 0
11 5 1 8 0
11 5 1 9 0
11 5 1 10 0
11 5 1 11 0
11 5 1 12 0
11 5 1 13 0
11 5 1 14 0
11 5 1 15 0
11 5 2 0 0
11 5 2 1 0
11 5 2 2 0
11 5 2 3 0
11 5 2 4 0
11 5 2 5 -0.002223322100579553
11 5 2 6 0
11 5 2 7 0
11 5 2 8 0
11 5 2 9 0
11 5 2 10 0
11 5 2 11 0
11 5 2 12 -0.000172723806571992
11 5 2 13 0
11 5 2 14 0
11 5 2 15 0
11 5 3 0 0
11 5 3 1 0
11 5 3 2 0
11 5 3 3 0
11 5 3 4 0
11 5 3 5 0
11 5 3 6 0
11 5 3 7 0
11 5 3 8 0
11 5 3 9 0
11 5 3 10 0
11 5 3 11 0
11 5 3 12 0
11 5 3 13 0
11 5 3 14 0
11 5 3 15 0
11 5 4 0 0
11 5 4 1 0
11 5 4 2 0
11 5 4 3 0
11 5 4 4 0
11 5 4 5 0
11 5 4 6 0
11 5 4 7 0.0005383029764959805
11 5 4 8 0
11 5 4 9 0
11 5 4 10 0
11 5 4 11 0
11 5 4 12 0
11 5 4 13 0
11 5 4 14 0
11 5 4 15 0
11 5 5 0 -0.002588058023927971
11 5 5 1 0
11 5 5 2 0.00166371515192275
11 5 5 3 0
11 5 5 4 0
11 5 5 5 0
11 5 5 6 0
11 5 5 7 0
11 5 5 8 0
11 5 5 9 0
11 5 5 10 0
11 5 5 11 -2.444315548479828e-05
11 5 5 12 0
11 5 5 13 0
11 5 5 14 0.0001554599446104934
11 5 5 15 0
11 5 6 0 0
11 5 6 1 0
11 5 6 2 0
11 5 6 3 0
11 5 6 4 0
11 5 6 5 0
11 5 6 6 0
11 5 6 7 0
11 5 6 8 0
11 5 6 9 0
11 5 6 10 0
11 5 6 11 0
11 5 6 12 0
11 5 6 13 0
11 5 6 14 0
11 5 6 15 0
11 5 7 0 0
11 5 7 1 0
11 5 7 2 0
11 5 7 3 0
11 5 7 4 -0.0003867651254611727
11 5 7 5 0
11 5 7 6 0
11 5 7 7 0
11 5 7 8 0
11 5 7 9 0
11 5 7 10 0
11 5 7 11 0
11 5 7 12 0
11 5 7 13 0
11 5 7 14 0
11 5 7 15 0
11 5 8 0 0
11 5 8 1 0
11 5 8 2 0
11 5 8 3 0
11 5 8 4 0
11 5 8 5 0
11 5 8 6 0
11 5 8 7 0
11 5 8 8 0
11 5 8 9 0
11 5 8 10 0
11 5 8 11 0
11 5 8 12 0
11 5 8 13 0
11 5 8 14 0
11 5 8 15 0
11 5 9 0 0
11 5 9 1 0
11 5 9 2 0
11 5 9 3 0
11 5 9 4 0
11 5 9 5 0
11 5 9 6 0
11 5 9 7 0
11 5 9 8 0
11 5 9 9 0
11 5 9 10 0
11 5 9 11 0
11 5 9 12 0
11 5 9 13 0
11 5 9 14 0
11 5 9 15 0
11 5 10 0 0
11 5 10 1 0
11 5 10 2 0
11 5 10 3 0
11 5 10 4 0
11 5 10 5 0
11 5 10 6 0
11 5 10 7 0
11 5 10 8 0
11 5 10 9 0
11 5 10 10 0
11 5 10 11 0
11 5 10 12 0
11 5 10 13 0
11 5 10 14 0
11 5 10 15 0
11 5 11 0 0
11 5 11 1 0
11 5 11 2 0
11 5 11 3 0
11 5 11 4 0
11 5 11 5 0.0001988415723360367
11 5 11 6 0
11 5 11 7 0
11 5 11 8 0
11 5 11 9 0
11 5 11 10 0
11 5 11 11 0
11 5 11 12 0
11 5 11 13 0
11 5 11 14 0
11 5 11 15 0
11 5 12 0 -0.0001812624146653846
11 5 12 1 0
11 5 12 2 0.0001292494749261434
11 5 12 3 0
11 5 12 4 0
11 5 12 5 0
11 5 12 6 0
11 5 12 7 0
11 5 12 8 0
11 5 12 9 0
11 5 12 10 0
11 5 12 11 0
11 5 12 12 0
11 5 12 13 0
11 5 12 14 0
11 5 12 15 0
11 5 13 0 0
11 5 13 1 0
11 5 13 2 0
11 5 13 3 0
11 5 13 4 0
11 5 13 5 0
11 5 13 6 0
11 5 13 7 0
11 5 13 8 0
11 5 13 9 0
11 5 13 10 0
11 5 13 11 0
11 5 13 12 0
11 5 13 13 0
11 5 13 14 0
11 5 13 15 0
11 5 14 0 0
11 5 14 1 0
11 5 14 2 0
11 5 14 3 0
11 5 14 4 0
11 5 14 5 -0.0001327087952273341
11 5 14 6 0
11 5 14 7 0
11 5 14 8 0
11 5 14 9 0
11 5 14 10 0
11 5 14 11 0
11 5 14 12 0
11 5 14 13 0
11 5 14 14 0
11 5 14 15 0
11 5 15 0 0
11 5 15 1 0
11 5 15 2 0
11 5 15 3 0
11 5 15 4 0
11 5 15 5 0
11 5 15 6 0
11 5 15 7 0
11 5 15 8 0
11 5 15 9 0
11 5 15 10 0
11 5 15 11 0
11 5 15 12 0
11 5 15 13 0
11 5 15 14 0
11 5 15 15 0
11 6 0 0 0
11 6 0 1 0
11 6 0 2 0
11 6 0 3 0
11 6 0 4 0
11 6 0 5 0
11 6 0 6 -0.002220143575202455
11 6 0 7 0
11 6 0 8 0
11 6 0 9 0
11 6 0 10 0
11 6 0 11 0
11 6 0 12 0
11 6 0 13 -0.0001359849022577206
11 6 0 14 0
11 6 0 15 0
11 6 1 0 0
11 6 1 1 0
11 6 1 2 0
11 6 1 3 0
11 6 1 4 0
11 6 1 5 0
11 6 1 6 0
11 6 1 7 0
11 6 1 8 0
11 6 1 9 0
11 6 1 10 0
11 6 1 11 0
11 6 1 12 0
11 6 1 13 0
11 6 1 14 0
11 6 1 15 0
11 6 2 0 0
11 6 2 1 0
11 6 2 2 0
11 6 2 3 0
11 6 2 4 0
11 6 2 5 0
11 6 2 6 -0.002223322100579554
11 6 2 7 0
11 6 2 8 0
11 6 2 9 0
11 6 2 10 0
11 6 2 11 0
11 6 2 12 0
11 6 2 13 -0.0001545232744947923
11 6 2 14 0
11 6 2 15 0
11 6 3 0 0
11 6 3 1 0
11 6 3 2 0
11 6 3 3 0
11 6 3 4 0
11 6 3 5 0
11 6 3 6 0
11 6 3 7 0.004104134645667671
11 6 3 8 0
11 6 3 9 0
11 6 3 10 0
11 6 3 11 0
11 6 3 12 0
11 6 3 13 0
11 6 3 14 0
11 6 3 15 0
11 6 4 0 0
11 6 4 1 0
11 6 4 2 0
11 6 4 3 0
11 6 4 4 0
11 6 4 5 0
11 6 4 6 0
11 6 4 7 0
11 6 4 8 0
11 6 4 9 0
11 6 4 10 0
11 6 4 11 0
11 6 4 12 0
11 6 4 13 0
11 6 4 14 0
11 6 4 15 0
11 6 5 0 0
11 6 5 1 0
11 6 5 2 0
11 6 5 3 0
11 6 5 4 0
11 6 5 5 0
11 6 5 6 0
11 6 5 7 0
11 6 5 8 0
11 6 5 9 0
11 6 5 10 0
11 6 5 11 0
11 6 5 12 0
11 6 5 13 0
11 6 5 14 0
11 6 5 15 0
11 6 6 0 -0.00263547570572878
11 6 6 1 0
11 6 6 2 0.0029304306408281
11 6 6 3 0
11 6 6 4 0
11 6 6 5 0
11 6 6 6 0
11 6 6 7 0
11 6 6 8 0
11 6 6 9 0
11 6 6 10 0
11 6 6 11 -1.936890889102721e-05
11 6 6 12 0
11 6 6 13 0
11 6 6 14 8.691793610261651e-05
11 6 6 15 0
11 6 7 0 0
11 6 7 1 0
11 6 7 2 0
11 6 7 3 -0.005600954836943539
11 6 7 4 0
11 6 7 5 0
11 6 7 6 0
11 6 7 7 0
11 6 7 8 0
11 6 7 9 0
11 6 7 10 0
11 6 7 11 0
11 6 7 12 0
11 6 7 13 0
11 6 7 14 0
11 6 7 15 0
11 6 8 0 0
11 6 8 1 0
11 6 8 2 0
11 6 8 3 0
11 6 8 4 0
11 6 8 5 0
11 6 8 6 0
11 6 8 7 0
11 6 8 8 0
11 6 8 9 0
11 6 8 10 0
11 6 8 11 0
11 6 8 12 0
11 6 8 13 0
11 6 8 14 0
11 6 8 15 0
11 6 9 0 0
11 6 9 1 0
11 6 9 2 0
11 6 9 3 0
11 6 9 4 0
11 6 9 5 0
11 6 9 6 0
11 6 9 7 0
11 6 9 8 0
11 6 9 9 0
11 6 9 10 0
11 6 9 11 0
11 6 9 12 0
11 6 9 13 0
11 6 9 14 0
11 6 9 15 0
11 6 10 0 0
11 6 10 1 0
11 6 10 2 0
11 6 10 3 0
11 6 10 4 0
11 6 10 5 0
11 6 10 6 0
11 6 10 7 0
11 6 10 8 0
11 6 10 9 0
11 6 10 10 0
11 6 10 11 0
11 6 10 12 0
11 6 10 13 0
11 6 10 14 0
11 6 10 15 0
11 6 11 0 0
11 6 11 1 0
11 6 11 2 0
11 6 11 3 0
11 6 11 4 0
11 6 11 5 0
11 6 11 6 0.0001988415723360367
11 6 11 7 0
11 6 11 8 0
11 6 11 9 0
11 6 11 10 0
11 6 11 11 0
11 6 11 12 0
11 6 11 13 0
11 6 11 14 0
11 6 11 15 0
11 6 12 0 0
11 6 12 1 0
11 6 12 2 0
11 6 12 3 0
11 6 12 4 0
11 6 12 5 0
11 6 12 6 0
11 6 12 7 0
11 6 12 8 0
11 6 12 9 0
11 6 12 10 0
11 6 12 11 0
11 6 12 12 0
11 6 12 13 0
11 6 12 14 0
11 6 12 15 0
11 6 13 0 -0.0001657316503265594
11 6 13 1 0
11 6 13 2 0.0002036680776854574
11 6 13 3 0
11 6 13 4 0
11 6 13 5 0
11 6 13 6 0
11 6 13 7 0
11 6 13 8 0
11 6 13 9 0
11 6 13 10 0
11 6 13 11 0
11 6 13 12 0
11 6 13 13 0
11 6 13 14 0
11 6 13 15 0
11 6 14 0 0
11 6 14 1 0
11 6 14 2 0
11 6 14 3 0
11 6 14 4 0
11 6 14 5 0
11 6 14 6 -0.0001327087952273341
11 6 14 7 0
11 6 14 8 0
11 6 14 9 0
11 6 14 10 0
11 6 14 11 0
11 6 14 12 0
11 6 14 13 0
11 6 14 14 0
11 6 14 15 0
11 6 15 0 0
11 6 15 1 0
11 6 15 2 0
11 6 15 3 0
11 6 15 4 0
11 6 15 5 0
11 6 15 6 0
11 6 15 7 0
11 6 15 8 0
11 6 15 9 0
11 6 15 10 0
11 6 15 11 0
11 6 15 12 0
11 6 15 13 0
11 6 15 14 0
11 6 15 15 0
11 7 0 0 0
11 7 0 1 0
11 7 0 2 0
11 7 0 3 0
11 7 0 4 0
11 7 0 5 0
11 7 0 6 0
11 7 0 7 -0.0005271130408965086
11 7 0 8 0
11 7 0 9 0
11 7 0 10 0
11 7 0 11 0
11 7 0 12 0
11 7 0 13 0
11 7 0 14 0
11 7 0 15 0
11 7 1 0 0
11 7 1 1 0
11 7 1 2 0
11 7 1 3 0
11 7 1 4 0
11 7 1 5 0
11 7 1 6 0
11 7 1 7 0
11 7 1 8 0
11 7 1 9 0
11 7 1 10 0
11 7 1 11 0
11 7 1 12 0
11 7 1 13 0
11 7 1 14 0
11 7 1 15 0
11 7 2 0 0
11 7 2 1 0
11 7 2 2 0
11 7 2 3 0
11 7 2 4 0
11 7 2 5 0
11 7 2 6 0
11 7 2 7 0
11 7 2 8 0
11 7 2 9 0
11 7 2 10 0
11 7 2 11 0
11 7 2 12 0
11 7 2 13 0
11 7 2 14 0
11 7 2 15 0
11 7 3 0 0
11 7 3 1 0
11 7 3 2 0
11 7 3 3 0
11 7 3 4 0
11 7 3 5 0
11 7 3 6 0
11 7 3 7 0
11 7 3 8 0
11 7 3 9 0
11 7 3 10 0
11 7 3 11 0
11 7 3 12 0
11 7 3 13 0
11 7 3 14 0
11 7 3 15 0
11 7 4 0 0
11 7 4 1 0
11 7 4 2 0
11 7 4 3 0
11 7 4 4 0
11 7 4 5 0
11 7 4 6 0
11 7 4 7 0
11 7 4 8 0
11 7 4 9 0
11 7 4 10 0
11 7 4 11 0
11 7 4 12 0
11 7 4 13 0
11 7 4 14 0
11 7 4 15 0
11 7 5 0 0
11 7 5 1 0
11 7 5 2 0
11 7 5 3 0
11 7 5 4 0
11 7 5 5 0
11 7 5 6 0
11 7 5 7 0
11 7 5 8 0
11 7 5 9 0
11 7 5 10 0
11 7 5 11 0
11 7 5 12 0
11 7 5 13 0
11 7 5 14 0
11 7 5 15 0
11 7 6 0 0
11 7 6 1 0
11 7 6 2 0
11 7 6 3 0
11 7 6 4 0
11 7 6 5 0
11 7 6 6 0
11 7 6 7 0
11 7 6 8 0
11 7 6 9 0
11 7 6 10 0
11 7 6 11 0
11 7 6 12 0
11 7 6 13 0
11 7 6 14 0
11 7 6 15 0
11 7 7 0 0.0002635565204482543
11 7 7 1 0
11 7 7 2 0
11 7 7 3 0
11 7 7 4 0
11 7 7 5 0
11 7 7 6 0
11 7 7 7 0
11 7 7 8 0
11 7 7 9 0
11 7 7 10 0
11 7 7 11 -1.236733204760022e-05
11 7 7 12 0
11 7 7 13 0
11 7 7 14 0
11 7 7 15 0
11 7 8 0 0
11 7 8 1 0
11 7 8 2 0
11 7 8 3 0
11 7 8 4 0
11 7 8 5 0
11 7 8 6 0
11 7 8 7 0
11 7 8 8 0
11 7 8 9 0
11 7 8 10 0
11 7 8 11 0
11 7 8 12 0
11 7 8 13 0
11 7 8 14 0
11 7 8 15 0
11 7 9 0 0
11 7 9 1 0
11 7 9 2 0
11 7 9 3 0
11 7 9 4 0
11 7 9 5 0
11 7 9 6 0
11 7 9 7 0
11 7 9 8 0
11 7 9 9 0
11 7 9 10 0
11 7 9 11 0
11 7 9 12 0
11 7 9 13 0
11 7 9 14 0
11 7 9 15 0
11 7 10 0 0
11 7 10 1 0
11 7 10 2 0
11 7 10 3 0
11 7 10 4 0
11 7 10 5 0
11 7 10 6 0
11 7 10 7 0
11 7 10 8 0
11 7 10 9 0
11 7 10 10 0
11 7 10 11 0
11 7 10 12 0
11 7 10 13 0
11 7 10 14 0
11 7 10 15 0
11 7 11 0 0
11 7 11 1 0
11 7 11 2 0
11 7 11 3 0
11 7 11 4 0
11 7 11 5 0
11 7 11 6 0
11 7 11 7 2.473466409520045e-05
11 7 11 8 0
11 7 11 9 0
11 7 11 10 0
11 7 11 11 0
11 7 11 12 0
11 7 11 13 0
11 7 11 14 0
11 7 11 15 0
11 7 12 0 0
11 7 12 1 0
11 7 12 2 0
11 7 12 3 0
11 7 12 4 0
11 7 12 5 0
11 7 12 6 0
11 7 12 7 0
11 7 12 8 0
11 7 12 9 0
11 7 12 10 0
11 7 12 11 0
11 7 12 12 0
11 7 12 13 0
11 7 12 14 0
11 7 12 15 0
11 7 13 0 0
11 7 13 1 0
11 7 13 2 0
11 7 13 3 0
11 7 13 4 0
11 7 13 5 0
11 7 13 6 0
11 7 13 7 0
11 7 13 8 0
11 7 13 9 0
11 7 13 10 0
11 7 13 11 0
11 7 13 12 0
11 7 13 13 0
11 7 13 14 0
11 7 13 15 0
11 7 14 0 0
11 7 14 1 0
11 7 14 2 0
11 7 14 3 0
11 7 14 4 0
11 7 14 5 0
11 7 14 6 0
11 7 14 7 0
11 7 14 8 0
11 7 14 9 0
11 7 14 10 0
11 7 14 11 0
11 7 14 12 0
11 7 14 13 0
11 7 14 14 0
11 7 14 15 0
11 7 15 0 0
11 7 15 1 0
11 7 15 2 0
11 7 15 3 0
11 7 15 4 0
11 7 15 5 0
11 7 15 6 0
11 7 15 7 0
11 7 15 8 0
11 7 15 9 0
11 7 15 10 0
11 7 15 11 0
11 7 15 12 0
11 7 15 13 0
11 7 15 14 0
11 7 15 15 0
11 8 0 0 0
11 8 0 1 0
11 8 0 2 0
11 8 0 3 0
11 8 0 4 0
11 8 0 5 0
11 8 0 6 0
11 8 0 7 0
11 8 0 8 0
11 8 0 9 0
11 8 0 10 0
11 8 0 11 0
11 8 0 12 0
11 8 0 13 0
11 8 0 14 0
11 8 0 15 0
11 8 1 0 0
11 8 1 1 0
11 8 1 2 0
11 8 1 3 0
11 8 1 4 0
11 8 1 5 0
11 8 1 6 0
11 8 1 7 0
11 8 1 8 0
11 8 1 9 0
11 8 1 10 0
11 8 1 11 0
11 8 1 12 0
11 8 1 13 0
11 8 1 14 0
11 8 1 15 0
11 8 2 0 0
11 8 2 1 0
11 8 2 2 0
11 8 2 3 0
11 8 2 4 0
11 8 2 5 0
11 8 2 6 0
11 8 2 7 0
11 8 2 8 0
11 8 2 9 0
11 8 2 10 0
11 8 2 11 0
11 8 2 12 0
11 8 2 13 0
11 8 2 14 0
11 8 2 15 0
11 8 3 0 0
11 8 3 1 0
11 8 3 2 0
11 8 3 3 0
11 8 3 4 0
11 8 3 5 0
11 8 3 6 0
11 8 3 7 0
11 8 3 8 0
11 8 3 9 0
11 8 3 10 0
11 8 3 11 0
11 8 3 12 0
11 8 3 13 0
11 8 3 14 0
11 8 3 15 0
11 8 4 0 0
11 8 4 1 0
11 8 4 2 0
11 8 4 3 0
11 8 4 4 0
11 8 4 5 0
11 8 4 6 0
11 8 4 7 0
11 8 4 8 0
11 8 4 9 0
11 8 4 10 0
11 8 4 11 0
11 8 4 12 0
11 8 4 13 0
11 8 4 14 0
11 8 4 15 0
11 8 5 0 0
11 8 5 1 0
11 8 5 2 0
11 8 5 3 0
11 8 5 4 0
11 8 5 5 0
11 8 5 6 0
11 8 5 7 0
11 8 5 8 0
11 8 5 9 0
11 8 5 10 0
11 8 5 11 0
11 8 5 12 0
11 8 5 13 0
11 8 5 14 0
11 8 5 15 0
11 8 6 0 0
11 8 6 1 0
11 8 6 2 0
11 8 6 3 0
11 8 6 4 0
11 8 6 5 0
11 8 6 6 0
11 8 6 7 0
11 8 6 8 0
11 8 6 9 0
11 8 6 10 0
11 8 6 11 0
11 8 6 12 0
11 8 6 13 0
11 8 6 14 0
11 8 6 15 0
11 8 7 0 0
11 8 7 1 0
11 8 7 2 0
11 8 7 3 0
11 8 7 4 0
11 8 7 5 0
11 8 7 6 0
11 8 7 7 0
11 8 7 8 0
11 8 7 9 0
11 8 7 10 0
11 8 7 11 0
11 8 7 12 0
11 8 7 13 0
11 8 7 14 0
11 8 7 15 0
11 8 8 0 0
11 8 8 1 0
11 8 8 2 0
11 8 8 3 0
11 8 8 4 0
11 8 8 5 0
11 8 8 6 0
11 8 8 7 0
11 8 8 8 0
11 8 8 9 0
11 8 8 10 0
11 8 8 11 0
11 8 8 12 0
11 8 8 13 0
11 8 8 14 0
11 8 8 15 0
11 8 9 0 0
11 8 9 1 0
11 8 9 2 0
11 8 9 3 0
11 8 9 4 0
11 8 9 5 0
11 8 9 6 0
11 8 9 7 0
11 8 9 8 0
11 8 9 9 0
11 8 9 10 0
11 8 9 11 0
11 8 9 12 0
11 8 9 13 0
11 8 9 14 0
11 8 9 15 0
11 8 10 0 0
11 8 10 1 0
11 8 10 2 0
11 8 10 3 0
11 8 10 4 0
11 8 10 5 0
11 8 10 6 0
11 8 10 7 0
11 8 10 8 0
11 8 10 9 0
11 8 10 10 0
11 8 10 11 0
11 8 10 12 0
11 8 10 13 0
11 8 10 14 0
11 8 10 15 0
11 8 11 0 0
11 8 11 1 0
11 8 11 2 0
11 8 11 3 0
11 8 11 4 0
11 8 11 5 0
11 8 11 6 0
11 8 11 7 0
11 8 11 8 0
11 8 11 9 0
11 8 11 10 0
11 8 11 11 0
11 8 11 12 0
11 8 11 13 0
11 8 11 14 0
11 8 11 15 0
11 8 12 0 0
11 8 12 1 0
11 8 12 2 0
11 8 12 3 0
11 8 12 4 0
11 8 12 5 0
11 8 12 6 0
11 8 12 7 0
11 8 12 8 0
11 8 12 9 0
11 8 12 10 0
11 8 12 11 0
11 8 12 12 0
11 8 12 13 0
11 8 12 14 0
11 8 12 15 0
11 8 13 0 0
11 8 13 1 0
11 8 13 2 0
11 8 13 3 0
11 8 13 4 0
11 8 13 5 0
11 8 13 6 0
11 8 13 7 0
11 8 13 8 0
11 8 13 9 0
11 8 13 10 0
11 8 13 11 0
11 8 13 12 0
11 8 13 13 0
11 8 13 14 0
11 8 13 15 0
11 8 14 0 0
11 8 14 1 0
11 8 14 2 0
11 8 14 3 0
11 8 14 4 0
11 8 14 5 0
11 8 14 6 0
11 8 14 7 0
11 8 14 8 0
11 8 14 9 0
11 8 14 10 0
11 8 14 11 0
11 8 14 12 0
11 8 14 13 0
11 8 14 14 0
11 8 14 15 0
11 8 15 0 0
11 8 15 1 0
11 8 15 2 0
11 8 15 3 0
11 8 15 4 0
11 8 15 5 0
11 8 15 6 0
11 8 15 7 0
11 8 15 8 0
11 8 15 9 0
11 8 15 10 0
11 8 15 11 0
11 8 15 12 0
11 8 15 13 0
11 8 15 14 0
11 8 15 15 0
11 9 0 0 0
11 9 0 1 0
11 9 0 2 0
11 9 0 3 0
11 9 0 4 0
11 9 0 5 0
11 9 0 6 0
11 9 0 7 0
11 9 0 8 0
11 9 0 9 0
11 9 0 10 0
11 9 0 11 0
11 9 0 12 0
11 9 0 13 0
11 9 0 14 0
11 9 0 15 0
11 9 1 0 0
11 9 1 1 0
11 9 1 2 0
11 9 1 3 0
11 9 1 4 0
11 9 1 5 0
11 9 1 6 0
11 9 1 7 0
11 9 1 8 0
11 9 1 9 0
11 9 1 10 0
11 9 1 11 0
11 9 1 12 0
11 9 1 13 0
11 9 1 14 0
11 9 1 15 0
11 9 2 0 0
11 9 2 1 0
11 9 2 2 0
11 9 2 3 0
11 9 2 4 0
11 9 2 5 0
11 9 2 6 0
11 9 2 7 0
11 9 2 8 0
11 9 2 9 0
11 9 2 10 0
11 9 2 11 0
11 9 2 12 0
11 9 2 13 0
11 9 2 14 0
11 9 2 15 0
11 9 3 0 0
11 9 3 1 0
11 9 3 2 0
11 9 3 3 0
11 9 3 4 0
11 9 3 5 0
11 9 3 6 0
11 9 3 7 0
11 9 3 8 0
11 9 3 9 0
11 9 3 10 0
11 9 3 11 0
11 9 3 12 0
11 9 3 13 0
11 9 3 14 0
11 9 3 15 0
11 9 4 0 0
11 9 4 1 0
11 9 4 2 0
11 9 4 3 0
11 9 4 4 0
11 9 4 5 0
11 9 4 6 0
11 9 4 7 0
11 9 4 8 0
11 9 4 9 0
11 9 4 10 0
11 9 4 11 0
11 9 4 12 0
11 9 4 13 0
11 9 4 14 0
11 9 4 15 0
11 9 5 0 0
11 9 5 1 0
11 9 5 2 0
11 9 5 3 0
11 9 5 4 0
11 9 5 5 0
11 9 5 6 0
11 9 5 7 0
11 9 5 8 0
11 9 5 9 0
11 9 5 10 0
11 9 5 11 0
11 9 5 12 0
11 9 5 13 0
11 9 5 14 0
11 9 5 15 0
11 9 6 0 0
11 9 6 1 0
11 9 6 2 0
11 9 6 3 0
11 9 6 4 0
11 9 6 5 0
11 9 6 6 0
11 9 6 7 0
11 9 6 8 0
11 9 6 9 0
11 9 6 10 0
11 9 6 11 0
11 9 6 12 0
11 9 6 13 0
11 9 6 14 0
11 9 6 15 0
11 9 7 0 0
11 9 7 1 0
11 9 7 2 0
11 9 7 3 0
11 9 7 4 0
11 9 7 5 0
11 9 7 6 0
11 9 7 7 0
11 9 7 8 0
11 9 7 9 0
11 9 7 10 0
11 9 7 11 0
11 9 7 12 0
11 9 7 13 0
11 9 7 14 0
11 9 7 15 0
11 9 8 0 0
11 9 8 1 0
11 9 8 2 0
11 9 8 3 0
11 9 8 4 0
11 9 8 5 0
11 9 8 6 0
11 9 8 7 0
11 9 8 8 0
11 9 8 9 0
11 9 8 10 0
11 9 8 11 0
11 9 8 12 0
11 9 8 13 0
11 9 8 14 0
11 9 8 15 0
11 9 9 0 0
11 9 9 1 0
11 9 9 2 0
11 9 9 3 0
11 9 9 4 0
11 9 9 5 0
11 9 9 6 0
11 9 9 7 0
11 9 9 8 0
11 9 9 9 0
11 9 9 10 0
11 9 9 11 0
11 9 9 12 0
11 9 9 13 0
11 9 9 14 0
11 9 9 15 0
11 9 10 0 0
11 9 10 1 0
11 9 10 2 0
11 9 10 3 0
11 9 10 4 0
11 9 10 5 0
11 9 10 6 0
11 9 10 7 0
11 9 10 8 0
11 9 10 9 0
11 9 10 10 0
11 9 10 11 0
11 9 10 12 0
11 9 10 13 0
11 9 10 14 0
11 9 10 15 0
11 9 11 0 0
11 9 11 1 0
11 9 11 2 0
11 9 11 3 0
11 9 11 4 0
11 9 11 5 0
11 9 11 6 0
11 9 11 7 0
11 9 11 8 0
11 9 11 9 0
11 9 11 10 0
11 9 11 11 0
11 9 11 12 0
11 9 11 13 0
11 9 11 14 0
11 9 11 15 0
11 9 12 0 0
11 9 12 1 0
11 9 12 2 0
11 9 12 3 0
11 9 12 4 0
11 9 12 5 0
11 9 12 6 0
11 9 12 7 0
11 9 12 8 0
11 9 12 9 0
11 9 12 10 0
11 9 12 11 0
11 9 12 12 0
11 9 12 13 0
11 9 12 14 0
11 9 12 15 0
11 9 13 0 0
11 9 13 1 0
11 9 13 2 0
11 9 13 3 0
11 9 13 4 0
11 9 13 5 0
11 9 13 6 0
11 9 13 7 0
11 9 13 8 0
11 9 13 9 0
11 9 13 10 0
11 9 13 11 0
11 9 13 12 0
11 9 13 13 0
11 9 13 14 0
11 9 13 15 0
11 9 14 0 0
11 9 14 1 0
11 9 14 2 0
11 9 14 3 0
11 9 14 4 0
11 9 14 5 0
11 9 14 6 0
11 9 14 7 0
11 9 14 8 0
11 9 14 9 0
11 9 14 10 0
11 9 14 11 0
11 9 14 12 0
11 9 14 13 0
11 9 14 14 0
11 9 14 15 0
11 9 15 0 0
11 9 15 1 0
11 9 15 2 0
11 9 15 3 0
11 9 15 4 0
11 9 15 5 0
11 9 15 6 0
11 9 15 7 0
11 9 15 8 0
11 9 15 9 0
11 9 15 10 0
11 9 15 11 0
11 9 15 12 0
11 9 15 13 0
11 9 15 14 0
11 9 15 15 0
11 10 0 0 0
11 10 0 1 0
11 10 0 2 0
11 10 0 3 0
11 10 0 4 0
11 10 0 5 0
11 10 0 6 0
11 10 0 7 0
11 10 0 8 0
11 10 0 9 0
11 10 0 10 0
11 10 0 11 0
11 10 0 12 0
11 10 0 13 0
11 10 0 14 0
11 10 0 15 0
11 10 1 0 0
11 10 1 1 0
11 10 1 2 0
11 10 1 3 0
11 10 1 4 0
11 10 1 5 0
11 10 1 6 0
11 10 1 7 0
11 10 1 8 0
11 10 1 9 0
11 10 1 10 0
11 10 1 11 0
11 10 1 12 0
11 10 1 13 0
11 10 1 14 0
11 10 1 15 0
11 10 2 0 0
11 10 2 1 0
11 10 2 2 0
11 10 2 3 0
11 10 2 4 0
11 10 2 5 0
11 10 2 6 0
11 10 2 7 0
11 10 2 8 0
11 10 2 9 0
11 10 2 10 0
11 10 2 11 0
11 10 2 12 0
11 10 2 13 0
11 10 2 14 0
11 10 2 15 0
11 10 3 0 0
11 10 3 1 0
11 10 3 2 0
11 10 3 3 0
11 10 3 4 0
11 10 3 5 0
11 10 3 6 0
11 10 3 7 0
11 10 3 8 0
11 10 3 9 0
11 10 3 10 0
11 10 3 11 0
11 10 3 12 0
11 10 3 13 0
11 10 3 14 0
11 10 3 15 0
11 10 4 0 0
11 10 4 1 0
11 10 4 2 0
11 10 4 3 0
11 10 4 4 0
11 10 4 5 0
11 10 4 6 0
11 10 4 7 0
11 10 4 8 0
11 10 4 9 0
11 10 4 10 0
11 10 4 11 0
11 10 4 12 0
11 10 4 13 0
11 10 4 14 0
11 10 4 15 0
11 10 5 0 0
11 10 5 1 0
11 10 5 2 0
11 10 5 3 0
11 10 5 4 0
11 10 5 5 0
11 10 5 6 0
11 10 5 7 0
11 10 5 8 0
11 10 5 9 0
11 10 5 10 0
11 10 5 11 0
11 10 5 12 0
11 10 5 13 0
11 10 5 14 0
11 10 5 15 0
11 10 6 0 0
11 10 6 1 0
11 10 6 2 0
11 10 6 3 0
11 10 6 4 0
11 10 6 5 0
11 10 6 6 0
11 10 6 7 0
11 10 6 8 0
11 10 6 9 0
11 10 6 10 0
11 10 6 11 0
11 10 6 12 0
11 10 6 13 0
11 10 6 14 0
11 10 6 15 0
11 10 7 0 0
11 10 7 1 0
11 10 7 2 0
11 10 7 3 0
11 10 7 4 0
11 10 7 5 0
11 10 7 6 0
11 10 7 7 0
11 10 7 8 0
11 10 7 9 0
11 10 7 10 0
11 10 7 11 0
11 10 7 12 0
11 10 7 13 0
11 10 7 14 0
11 10 7 15 0
11 10 8 0 0
11 10 8 1 0
11 10 8 2 0
11 10 8 3 0
11 10 8 4 0
11 10 8 5 0
11 10 8 6 0
11 10 8 7 0
11 10 8 8 0
11 10 8 9 0
11 10 8 10 0
11 10 8 11 0
11 10 8 12 0
11 10 8 13 0
11 10 8 14 0
11 10 8 15 0
11 10 9 0 0
11 10 9 1 0
11 10 9 2 0
11 10 9 3 0
11 10 9 4 0
11 10 9 5 0
11 10 9 6 0
11 10 9 7 0
11 10 9 8 0
11 10 9 9 0
11 10 9 10 0
11 10 9 11 0
11 10 9 12 0
11 10 9 13 0
11 10 9 14 0
11 10 9 15 0
11 10 10 0 0
11 10 10 1 0
11 10 10 2 0
11 10 10 3 0
11 10 10 4 0
11 10 10 5 0
11 10 10 6 0
11 10 10 7 0
11 10 10 8 0
11 10 10 9 0
11 10 10 10 0
11 10 10 11 0
11 10 10 12 0
11 10 10 13 0
11 10 10 14 0
11 10 10 15 0
11 10 11 0 0
11 10 11 1 0
11 10 11 2 0
11 10 11 3 0
11 10 11 4 0
11 10 11 5 0
11 10 11 6 0
11 10 11 7 0
11 10 11 8 0
11 10 11 9 0
11 10 11 10 0
11 10 11 11 0
11 10 11 12 0
11 10 11 13 0
11 10 11 14 0
11 10 11 15 0
11 10 12 0 0
11 10 12 1 0
11 10 12 2 0
11 10 12 3 0
11 10 12 4 0
11 10 12 5 0
11 10 12 6 0
11 10 12 7 0
11 10 12 8 0
11 10 12 9 0
11 10 12 10 0
11 10 12 11 0
11 10 12 12 0
11 10 12 13 0
11 10 12 14 0
11 10 12 15 0
11 10 13 0 0
11 10 13 1 0
11 10 13 2 0
11 10 13 3 0
11 10 13 4 0
11 10 13 5 0
11 10 13 6 0
11 10 13 7 0
11 10 13 8 0
11 10 13 9 0
11 10 13 10 0
11 10 13 11 0
11 10 13 12 0
11 10 13 13 0
11 10 13 14 0
11 10 13 15 0
11 10 14 0 0
11 10 14 1 0
11 10 14 2 0
11 10 14 3 0
11 10 14 4 0
11 10 14 5 0
11 10 14 6 0
11 10 14 7 0
11 10 14 8 0
11 10 14 9 0
11 10 14 10 0
11 10 14 11 0
11 10 14 12 0
11 10 14 13 0
11 10 14 14 0
11 10 14 15 0
11 10 15 0 0
11 10 15 1 0
11 10 15 2 0
11 10 15 3 0
11 10 15 4 0
11 10 15 5 0
11 10 15 6 0
11 10 15 7 0
11 10 15 8 0
11 10 15 9 0
11 10 15 10 0
11 10 15 11 0
11 10 15 12 0
11 10 15 13 0
11 10 15 14 0
11 10 15 15 0
11 11 0 0 0
11 11 0 1 0
11 11 0 2 0
11 11 0 3 0
11 11 0 4 0
11 11 0 5 0
11 11 0 6 0
11 11 0 7 0
11 11 0 8 0
11 11 0 9 0
11 11 0 10 0
11 11 0 11 0
11 11 0 12 0
11 11 0 13 0
11 11 0 14 0
11 11 0 15 0
11 11 1 0 0
11 11 1 1 0
11 11 1 2 0
11 11 1 3 0
11 11 1 4 0
11 11 1 5 0
11 11 1 6 0
11 11 1 7 0
11 11 1 8 0
11 11 1 9 0
11 11 1 10 0
11 11 1 11 0
11 11 1 12 0
11 11 1 13 0
11 11 1 14 0
11 11 1 15 0
11 11 2 0 0
11 11 2 1 0
11 11 2 2 0
11 11 2 3 0
11 11 2 4 0
11 11 2 5 0
11 11 2 6 0
11 11 2 7 0
11 11 2 8 0
11 11 2 9 0
11 11 2 10 0
11 11 2 11 0
11 11 2 12 0
11 11 2 13 0
11 11 2 14 0
11 11 2 15 0
11 11 3 0 0
11 11 3 1 0
11 11 3 2 0
11 11 3 3 0
11 11 3 4 0
11 11 3 5 0
11 11 3 6 0
11 11 3 7 0
11 11 3 8 0
11 11 3 9 0
11 11 3 10 0
11 11 3 11 0
11 11 3 12 0
11 11 3 13 0
11 11 3 14 0
11 11 3 15 0
11 11 4 0 0
11 11 4 1 0
11 11 4 2 0
11 11 4 3 0
11 11 4 4 0
11 11 4 5 0
11 11 4 6 0
11 11 4 7 0
11 11 4 8 0
11 11 4 9 0
11 11 4 10 0
11 11 4 11 0
11 11 4 12 0
11 11 4 13 0
11 11 4 14 0
11 11 4 15 0
11 11 5 0 0
11 11 5 1 0
11 11 5 2 0
11 11 5 3 0
11 11 5 4 0
11 11 5 5 0
11 11 5 6 0
11 11 5 7 0
11 11 5 8 0
11 11 5 9 0
11 11 5 10 0
11 11 5 11 0
11 11 5 12 0
11 11 5 13 0
11 11 5 14 0
11 11 5 15 0
11 11 6 0 0
11 11 6 1 0
11 11 6 2 0
11 11 6 3 0
11 11 6 4 0
11 11 6 5 0
11 11 6 6 0
11 11 6 7 0
11 11 6 8 0
11 11 6 9 0
11 11 6 10 0
11 11 6 11 0
11 11 6 12 0
11 11 6 13 0
11 11 6 14 0
11 11 6 15 0
11 11 7 0 0
11 11 7 1 0
11 11 7 2 0
11 11 7 3 0
11 11 7 4 0
11 11 7 5 0
11 11 7 6 0
11 11 7 7 0
11 11 7 8 0
11 11 7 9 0
11 11 7 10 0
11 11 7 11 0
11 11 7 12 0
11 11 7 13 0
11 11 7 14 0
11 11 7 15 0
11 11 8 0 0
11 11 8 1 0
11 11 8 2 0
11 11 8 3 0
11 11 8 4 0
11 11 8 5 0
11 11 8 6 0
11 11 8 7 0
11 11 8 8 0
11 11 8 9 0
11 11 8 10 0
11 11 8 11 0
11 11 8 12 0
11 11 8 13 0
11 11 8 14 0
11 11 8 15 0
11 11 9 0 0
11 11 9 1 0
11 11 9 2 0
11 11 9 3 0
11 11 9 4 0
11 11 9 5 0
11 11 9 6 0
11 11 9 7 0
11 11 9 8 0
11 11 9 9 0
11 11 9 10 0
11 11 9 11 0
11 11 9 12 0
11 11 9 13 0
11 11 9 14 0
11 11 9 15 0
11 11 10 0 0
11 11 10 1 0
11 11 10 2 0
11 11 10 3 0
11 11 10 4 0
11 11 10 5 0
11 11 10 6 0
11 11 10 7 0
11 11 10 8 0
11 11 10 9 0
11 11 10 10 0
11 11 10 11 0
11 11 10 12 0
11 11 10 13 0
11 11 10 14 0
11 11 10 15 0
11 11 11 0 0
11 11 11 1 0
11 11 11 2 0
11 11 11 3 0
11 11 11 4 0
11 11 11 5 0
11 11 11 6 0
11 11 11 7 0
11 11 11 8 0
11 11 11 9 0
11 11 11 10 0
11 11 11 11 0
11 11 11 12 0
11 11 11 13 0
11 11 11 14 0
11 11 11 15 0
11 11 12 0 0
11 11 12 1 0
11 11 12 2 0
11 11 12 3 0
11 11 12 4 0
11 11 12 5 0
11 11 12 6 0
11 11 12 7 0
11 11 12 8 0
11 11 12 9 0
11 11 12 10 0
11 11 12 11 0
11 11 12 12 0
11 11 12 13 0
11 11 12 14 0
11 11 12 15 0
11 11 13 0 0
11 11 13 1 0
11 11 13 2 0
11 11 13 3 0
11 11 13 4 0
11 11 13 5 0
11 11 13 6 0
11 11 13 7 0
11 11 13 8 0
11 11 13 9 0
11 11 13 10 0
11 11 13 11 0
11 11 13 12 0
11 11 13 13 0
11 11 13 14 0
11 11 13 15 0
11 11 14 0 0
11 11 14 1 0
11 11 14 2 0
11 11 14 3 0
11 11 14 4 0
11 11 14 5 0
11 11 14 6 0
11 11 14 7 0
11 11 14 8 0
11 11 14 9 0
11 11 14 10 0
11 11 14 11 0
11 11 14 12 0
11 11 14 13 0
11 11 14 14 0
11 11 14 15 0
11 11 15 0 0
11 11 15 1 0
11 11 15 2 0
11 11 15 3 0
11 11 15 4 0
11 11 15 5 0
11 11 15 6 0
11 11 15 7 0
11 11 15 8 0
11 11 15 9 0
11 11 15 10 0
11 11 15 11 0
11 11 15 12 0
11 11 15 13 0
11 11 15 14 0
11 11 15 15 0
11 12 0 0 0
11 12 0 1 0
11 12 0 2 0
11 12 0 3 0
11 12 0 4 0
11 12 0 5 0
11 12 0 6 0
11 12 0 7 0
11 12 0 8 0
11 12 0 9 0
11 12 0 10 0
11 12 0 11 0
11 12 0 12 0
11 12 0 13 0
11 12 0 14 0
11 12 0 15 0
11 12 1 0 0
11 12 1 1 0
11 12 1 2 0
11 12 1 3 0
11 12 1 4 0
11 12 1 5 0
11 12 1 6 0
11 12 1 7 0
11 12 1 8 0
11 12 1 9 0
11 12 1 10 0
11 12 1 11 0
11 12 1 12 0
11 12 1 13 0
11 12 1 14 0
11 12 1 15 0
11 12 2 0 0
11 12 2 1 0
11 12 2 2 0
11 12 2 3 0
11 12 2 4 0
11 12 2 5 0
11 12 2 6 0
11 12 2 7 0
11 12 2 8 0
11 12 2 9 0
11 12 2 10 0
11 12 2 11 0
11 12 2 12 0
11 12 2 13 0
11 12 2 14 0
11 12 2 15 0
11 12 3 0 0
11 12 3 1 0
11 12 3 2 0
11 12 3 3 0
11 12 3 4 0
11 12 3 5 0
11 12 3 6 0
11 12 3 7 0
11 12 3 8 0
11 12 3 9 0
11 12 3 10 0
11 12 3 11 0
11 12 3 12 0
11 12 3 13 0
11 12 3 14 0
11 12 3 15 0
11 12 4 0 0
11 12 4 1 0
11 12 4 2 0
11 12 4 3 0
11 12 4 4 0
11 12 4 5 0
11 12 4 6 0
11 12 4 7 0
11 12 4 8 0
11 12 4 9 0
11 12 4 10 0
11 12 4 11 0
11 12 4 12 0
11 12 4 13 0
11 12 4 14 0
11 12 4 15 0
11 12 5 0 0
11 12 5 1 0
11 12 5 2 0
11 12 5 3 0
11 12 5 4 0
11 12 5 5 0
11 12 5 6 0
11 12 5 7 0
11 12 5 8 0
11 12 5 9 0
11 12 5 10 0
11 12 5 11 0
11 12 5 12 0
11 12 5 13 0
11 12 5 14 0
11 12 5 15 0
11 12 6 0 0
11 12 6 1 0
11 12 6 2 0
11 12 6 3 0
11 12 6 4 0
11 12 6 5 0
11 12 6 6 0
11 12 6 7 0
11 12 6 8 0
11 12 6 9 0
11 12 6 10 0
11 12 6 11 0
11 12 6 12 0
11 12 6 13 0
11 12 6 14 0
11 12 6 15 0
11 12 7 0 0
11 12 7 1 0
11 12 7 2 0
11 12 7 3 0
11 12 7 4 0
11 12 7 5 0
11 12 7 6 0
11 12 7 7 0
11 12 7 8 0
11 12 7 9 0
11 12 7 10 0
11 12 7 11 0
11 12 7 12 0
11 12 7 13 0
11 12 7 14 0
11 12 7 15 0
11 12 8 0 0
11 12 8 1 0
11 12 8 2 0
11 12 8 3 0
11 12 8 4 0
11 12 8 5 0
11 12 8 6 0
11 12 8 7 0
11 12 8 8 0
11 12 8 9 0
11 12 8 10 0
11 12 8 11 0
11 12 8 12 0
11 12 8 13 0
11 12 8 14 0
11 12 8 15 0
11 12 9 0 0
11 12 9 1 0
11 12 9 2 0
11 12 9 3 0
11 12 9 4 0
11 12 9 5 0
11 12 9 6 0
11 12 9 7 0
11 12 9 8 0
11 12 9 9 0
11 12 9 10 0
11 12 9 11 0
11 12 9 12 0
11 12 9 13 0
11 12 9 14 0
11 12 9 15 0
11 12 10 0 0
11 12 10 1 0
11 12 10 2 0
11 12 10 3 0
11 12 10 4 0
11 12 10 5 0
11 12 10 6 0
11 12 10 7 0
11 12 10 8 0
11 12 10 9 0
11 12 10 10 0
11 12 10 11 0
11 12 10 12 0
11 12 10 13 0
11 12 10 14 0
11 12 10 15 0
11 12 11 0 0
11 12 11 1 0
11 12 11 2 0
11 12 11 3 0
11 12 11 4 0
11 12 11 5 0
11 12 11 6 0
11 12 11 7 0
11 12 11 8 0
11 12 11 9 0
11 12 11 10 0
11 12 11 11 0
11 12 11 12 0
11 12 11 13 0
11 12 11 14 0
11 12 11 15 0
11 12 12 0 0
11 12 12 1 0
11 12 12 2 0
11 12 12 3 0
11 12 12 4 0
11 12 12 5 0
11 12 12 6 0
11 12 12 7 0
11 12 12 8 0
11 12 12 9 0
11 12 12 10 0
11 12 12 11 0
11 12 12 12 0
11 12 12 13 0
11 12 12 14 0
11 12 12 15 0
11 12 13 0 0
11 12 13 1 0
11 12 13 2 0
11 12 13 3 0
11 12 13 4 0
11 12 13 5 0
11 12 13 6 0
11 12 13 7 0
11 12 13 8 0
11 12 13 9 0
11 12 13 10 0
11 12 13 11 0
11 12 13 12 0
11 12 13 13 0
11 12 13 14 0
11 12 13 15 0
11 12 14 0 0
11 12 14 1 0
11 12 14 2 0
11 12 14 3 0
11 12 14 4 0
11 12 14 5 0
11 12 14 6 0
11 12 14 7 0
11 12 14 8 0
11 12 14 9 0
11 12 14 10 0
11 12 14 11 0
11 12 14 12 0
11 12 14 13 0
11 12 14 14 0
11 12 14 15 0
11 12 15 0 0
11 12 15 1 0
11 12 15 2 0
11 12 15 3 0
11 12 15 4 0
11 12 15 5 0
11 12 15 6 0
11 12 15 7 0
11 12 15 8 0
11 12 15 9 0
11 12 15 10 0
11 12 15 11 0
11 12 15 12 0
11 12 15 13 0
11 12 15 14 0
11 12 15 15 0
11 13 0 0 0
11 13 0 1 0
11 13 0 2 0
11 13 0 3 0
11 13 0 4 0
11 13 0 5 0
11 13 0 6 0
11 13 0 7 0
11 13 0 8 0
11 13 0 9 0
11 13 0 10 0
11 13 0 11 0
11 13 0 12 0
11 13 0 13 0
11 13 0 14 0
11 13 0 15 0
11 13 1 0 0
11 13 1 1 0
11 13 1 2 0
11 13 1 3 0
11 13 1 4 0
11 13 1 5 0
11 13 1 6 0
11 13 1 7 0
11 13 1 8 0
11 13 1 9 0
11 13 1 10 0
11 13 1 11 0
11 13 1 12 0
11 13 1 13 0
11 13 1 14 0
11 13 1 15 0
11 13 2 0 0
11 13 2 1 0
11 13 2 2 0
11 13 2 3 0
11 13 2 4 0
11 13 2 5 0
11 13 2 6 0
11 13 2 7 0
11 13 2 8 0
11 13 2 9 0
11 13 2 10 0
11 13 2 11 0
11 13 2 12 0
11 13 2 13 0
11 13 2 14 0
11 13 2 15 0
11 13 3 0 0
11 13 3 1 0
11 13 3 2 0
11 13 3 3 0
11 13 3 4 0
11 13 3 5 0
11 13 3 6 0
11 13 3 7 0
11 13 3 8 0
11 13 3 9 0
11 13 3 10 0
11 13 3 11 0
11 13 3 12 0
11 13 3 13 0
11 13 3 14 0
11 13 3 15 0
11 13 4 0 0
11 13 4 1 0
11 13 4 2 0
11 13 4 3 0
11 13 4 4 0
11 13 4 5 0
11 13 4 6 0
11 13 4 7 0
11 13 4 8 0
11 13 4 9 0
11 13 4 10 0
11 13 4 11 0
11 13 4 12 0
11 13 4 13 0
11 13 4 14 0
11 13 4 15 0
11 13 5 0 0
11 13 5 1 0
11 13 5 2 0
11 13 5 3 0
11 13 5 4 0
11 13 5 5 0
11 13 5 6 0
11 13 5 7 0
11 13 5 8 0
11 13 5 9 0
11 13 5 10 0
11 13 5 11 0
11 13 5 12 0
11 13 5 13 0
11 13 5 14 0
11 13 5 15 0
11 13 6 0 0
11 13 6 1 0
11 13 6 2 0
11 13 6 3 0
11 13 6 4 0
11 13 6 5 0
11 13 6 6 0
11 13 6 7 0
11 13 6 8 0
11 13 6 9 0
11 13 6 10 0
11 13 6 11 0
11 13 6 12 0
11 13 6 13 0
11 13 6 14 0
11 13 6 15 0
11 13 7 0 0
11 13 7 1 0
11 13 7 2 0
11 13 7 3 0
11 13 7 4 0
11 13 7 5 0
11 13 7 6 0
11 13 7 7 0
11 13 7 8 0
11 13 7 9 0
11 13 7 10 0
11 13 7 11 0
11 13 7 12 0
11 13 7 13 0
11 13 7 14 0
11 13 7 15 0
11 13 8 0 0
11 13 8 1 0
11 13 8 2 0
11 13 8 3 0
11 13 8 4 0
11 13 8 5 0
11 13 8 6 0
11 13 8 7 0
11 13 8 8 0
11 13 8 9 0
11 13 8 10 0
11 13 8 11 0
11 13 8 12 0
11 13 8 13 0
11 13 8 14 0
11 13 8 15 0
11 13 9 0 0
11 13 9 1 0
11 13 9 2 0
11 13 9 3 0
11 13 9 4 0
11 13 9 5 0
11 13 9 6 0
11 13 9 7 0
11 13 9 8 0
11 13 9 9 0
11 13 9 10 0
11 13 9 11 0
11 13 9 12 0
11 13 9 13 0
11 13 9 14 0
11 13 9 15 0
11 13 10 0 0
11 13 10 1 0
11 13 10 2 0
11 13 10 3 0
11 13 10 4 0
11 13 10 5 0
11 13 10 6 0
11 13 10 7 0
11 13 10 8 0
11 13 10 9 0
11 13 10 10 0
11 13 10 11 0
11 13 10 12 0
11 13 10 13 0
11 13 10 14 0
11 13 10 15 0
11 13 11 0 0
11 13 11 1 0
11 13 11 2 0
11 13 11 3 0
11 13 11 4 0
11 13 11 5 0
11 13 11 6 0
11 13 11 7 0
11 13 11 8 0
11 13 11 9 0
11 13 11 10 0
11 13 11 11 0
11 13 11 12 0
11 13 11 13 0
11 13 11 14 0
11 13 11 15 0
11 13 12 0 0
11 13 12 1 0
11 13 12 2 0
11 13 12 3 0
11 13 12 4 0
11 13 12 5 0
11 13 12 6 0
11 13 12 7 0
11 13 12 8 0
11 13 12 9 0
11 13 12 10 0
11 13 12 11 0
11 13 12 12 0
11 13 12 13 0
11 13 12 14 0
11 13 12 15 0
11 13 13 0 0
11 13 13 1 0
11 13 13 2 0
11 13 13 3 0
11 13 13 4 0
11 13 13 5 0
11 13 13 6 0
11 13 13 7 0
11 13 13 8 0
11 13 13 9 0
11 13 13 10 0
11 13 13 11 0
11 13 13 12 0
11 13 13 13 0
11 13 13 14 0
11 13 13 15 0
11 13 14 0 0
11 13 14 1 0
11 13 14 2 0
11 13 14 3 0
11 13 14 4 0
11 13 14 5 0
11 13 14 6 0
11 13 14 7 0
11 13 14 8 0
11 13 14 9 0
11 13 14 10 0
11 13 14 11 0
11 13 14 12 0
11 13 14 13 0
11 13 14 14 0
11 13 14 15 0
11 13 15 0 0
11 13 15 1 0
11 13 15 2 0
11 13 15 3 0
11 13 15 4 0
11 13 15 5 0
11 13 15 6 0
11 13 15 7 0
11 13 15 8 0
11 13 15 9 0
11 13 15 10 0
11 13 15 11 0
11 13 15 12 0
11 13 15 13 0
11 13 15 14 0
11 13 15 15 0
11 14 0 0 0
11 14 0 1 0
11 14 0 2 0
11 14 0 3 0
11 14 0 4 0
11 14 0 5 0
11 14 0 6 0
11 14 0 7 0
11 14 0 8 0
11 14 0 9 0
11 14 0 10 0
11 14 0 11 0
11 14 0 12 0
11 14 0 13 0
11 14 0 14 0
11 14 0 15 0
11 14 1 0 0
11 14 1 1 0
11 14 1 2 0
11 14 1 3 0
11 14 1 4 0
11 14 1 5 0
11 14 1 6 0
11 14 1 7 0
11 14 1 8 0
11 14 1 9 0
11 14 1 10 0
11 14 1 11 0
11 14 1 12 0
11 14 1 13 0
11 14 1 14 0
11 14 1 15 0
11 14 2 0 0
11 14 2 1 0
11 14 2 2 0
11 14 2 3 0
11 14 2 4 0
11 14 2 5 0
11 14 2 6 0
11 14 2 7 0
11 14 2 8 0
11 14 2 9 0
11 14 2 10 0
11 14 2 11 0
11 14 2 12 0
11 14 2 13 0
11 14 2 14 0
11 14 2 15 0
11 14 3 0 0
11 14 3 1 0
11 14 3 2 0
11 14 3 3 0
11 14 3 4 0
11 14 3 5 0
11 14 3 6 0
11 14 3 7 0
11 14 3 8 0
11 14 3 9 0
11 14 3 10 0
11 14 3 11 0
11 14 3 12 0
11 14 3 13 0
11 14 3 14 0
11 14 3 15 0
11 14 4 0 0
11 14 4 1 0
11 14 4 2 0
11 14 4 3 0
11 14 4 4 0
11 14 4 5 0
11 14 4 6 0
11 14 4 7 0
11 14 4 8 0
11 14 4 9 0
11 14 4 10 0
11 14 4 11 0
11 14 4 12 0
11 14 4 13 0
11 14 4 14 0
11 14 4 15 0
11 14 5 0 0
11 14 5 1 0
11 14 5 2 0
11 14 5 3 0
11 14 5 4 0
11 14 5 5 0
11 14 5 6 0
11 14 5 7 0
11 14 5 8 0
11 14 5 9 0
11 14 5 10 0
11 14 5 11 0
11 14 5 12 0
11 14 5 13 0
11 14 5 14 0
11 14 5 15 0
11 14 6 0 0
11 14 6 1 0
11 14 6 2 0
11 14 6 3 0
11 14 6 4 0
11 14 6 5 0
11 14 6 6 0
11 14 6 7 0
11 14 6 8 0
11 14 6 9 0
11 14 6 10 0
11 14 6 11 0
11 14 6 12 0
11 14 6 13 0
11 14 6 14 0
11 14 6 15 0
11 14 7 0 0
11 14 7 1 0
11 14 7 2 0
11 14 7 3 0
11 14 7 4 0
11 14 7 5 0
11 14 7 6 0
11 14 7 7 0
11 14 7 8 0
11 14 7 9 0
11 14 7 10 0
11 14 7 11 0
11 14 7 12 0
11 14 7 13 0
11 14 7 14 0
11 14 7 15 0
11 14 8 0 0
11 14 8 1 0
11 14 8 2 0
11 14 8 3 0
11 14 8 4 0
11 14 8 5 0
11 14 8 6 0
11 14 8 7 0
11 14 8 8 0
11 14 8 9 0
11 14 8 10 0
11 14 8 11 0
11 14 8 12 0
11 14 8 13 0
11 14 8 14 0
11 14 8 15 0
11 14 9 0 0
11 14 9 1 0
11 14 9 2 0
11 14 9 3 0
11 14 9 4 0
11 14 9 5 0
11 14 9 6 0
11 14 9 7 0
11 14 9 8 0
11 14 9 9 0
11 14 9 10 0
11 14 9 11 0
11 14 9 12 0
11 14 9 13 0
11 14 9 14 0
11 14 9 15 0
11 14 10 0 0
11 14 10 1 0
11 14 10 2 0
11 14 10 3 0
11 14 10 4 0
11 14 10 5 0
11 14 10 6 0
11 14 10 7 0
11 14 10 8 0
11 14 10 9 0
11 14 10 10 0
11 14 10 11 0
11 14 10 12 0
11 14 10 13 0
11 14 10 14 0
11 14 10 15 0
11 14 11 0 0
11 14 11 1 0
11 14 11 2 0
11 14 11 3 0
11 14 11 4 0
11 14 11 5 0
11 14 11 6 0
11 14 11 7 0
11 14 11 8 0
11 14 11 9 0
11 14 11 10 0
11 14 11 11 0
11 14 11 12 0
11 14 11 13 0
11 14 11 14 0
11 14 11 15 0
11 14 12 0 0
11 14 12 1 0
11 14 12 2 0
11 14 12 3 0
11 14 12 4 0
11 14 12 5 0
11 14 12 6 0
11 14 12 7 0
11 14 12 8 0
11 14 12 9 0
11 14 12 10 0
11 14 12 11 0
11 14 12 12 0
11 14 12 13 0
11 14 12 14 0
11 14 12 15 0
11 14 13 0 0
11 14 13 1 0
11 14 13 2 0
11 14 13 3 0
11 14 13 4 0
11 14 13 5 0
11 14 13 6 0
11 14 13 7 0
11 14 13 8 0
11 14 13 9 0
11 14 13 10 0
11 14 13 11 0
11 14 13 12 0
11 14 13 13 0
11 14 13 14 0
11 14 13 15 0
11 14 14 0 0
11 14 14 1 0
11 14 14 2 0
11 14 14 3 0
11 14 14 4 0
11 14 14 5 0
11 14 14 6 0
11 14 14 7 0
11 14 14 8 0
11 14 14 9 0
11 14 14 10 0
11 14 14 11 0
11 14 14 12 0
11 14 14 13 0
11 14 14 14 0
11 14 14 15 0
11 14 15 0 0
11 14 15 1 0
11 14 15 2 0
11 14 15 3 0
11 14 15 4 0
11 14 15 5 0
11 14 15 6 0
11 14 15 7 0
11 14 15 8 0
11 14 15 9 0
11 14 15 10 0
11 14 15 11 0
11 14 15 12 0
11 14 15 13 0
11 14 15 14 0
11 14 15 15 0
11 15 0 0 0
11 15 0 1 0
11 15 0 2 0
11 15 0 3 0
11 15 0 4 0
11 15 0 5 0
11 15 0 6 0
11 15 0 7 0
11 15 0 8 0
11 15 0 9 0
11 15 0 10 0
11 15 0 11 0
11 15 0 12 0
11 15 0 13 0
11 15 0 14 0
11 15 0 15 0
11 15 1 0 0
11 15 1 1 0
11 15 1 2 0
11 15 1 3 0
11 15 1 4 0
11 15 1 5 0
11 15 1 6 0
11 15 1 7 0
11 15 1 8 0
11 15 1 9 0
11 15 1 10 0
11 15 1 11 0
11 15 1 12 0
11 15 1 13 0
11 15 1 14 0
11 15 1 15 0
11 15 2 0 0
11 15 2 1 0
11 15 2 2 0
11 15 2 3 0
11 15 2 4 0
11 15 2 5 0
11 15 2 6 0
11 15 2 7 0
11 15 2 8 0
11 15 2 9 0
11 15 2 10 0
11 15 2 11 0
11 15 2 12 0
11 15 2 13 0
11 15 2 14 0
11 15 2 15 0
11 15 3 0 0
11 15 3 1 0
11 15 3 2 0
11 15 3 3 0
11 15 3 4 0
11 15 3 5 0
11 15 3 6 0
11 15 3 7 0
11 15 3 8 0
11 15 3 9 0
11 15 3 10 0
11 15 3 11 0
11 15 3 12 0
11 15 3 13 0
11 15 3 14 0
11 15 3 15 0
11 15 4 0 0
11 15 4 1 0
11 15 4 2 0
11 15 4 3 0
11 15 4 4 0
11 15 4 5 0
11 15 4 6 0
11 15 4 7 0
11 15 4 8 0
11 15 4 9 0
11 15 4 10 0
11 15 4 11 0
11 15 4 12 0
11 15 4 13 0
11 15 4 14 0
11 15 4 15 0
11 15 5 0 0
11 15 5 1 0
11 15 5 2 0
11 15 5 3 0
11 15 5 4 0
11 15 5 5 0
11 15 5 6 0
11 15 5 7 0
11 15 5 8 0
11 15 5 9 0
11 15 5 10 0
11 15 5 11 0
11 15 5 12 0
11 15 5 13 0
11 15 5 14 0
11 15 5 15 0
11 15 6 0 0
11 15 6 1 0
11 15 6 2 0
11 15 6 3 0
11 15 6 4 0
11 15 6 5 0
11 15 6 6 0
11 15 6 7 0
11 15 6 8 0
11 15 6 9 0
11 15 6 10 0
11 15 6 11 0
11 15 6 12 0
11 15 6 13 0
11 15 6 14 0
11 15 6 15 0
11 15 7 0 0
11 15 7 1 0
11 15 7 2 0
11 15 7 3 0
11 15 7 4 0
11 15 7 5 0
11 15 7 6 0
11 15 7 7 0
11 15 7 8 0
11 15 7 9 0
11 15 7 10 0
11 15 7 11 0
11 15 7 12 0
11 15 7 13 0
11 15 7 14 0
11 15 7 15 0
11 15 8 0 0
11 15 8 1 0
11 15 8 2 0
11 15 8 3 0
11 15 8 4 0
11 15 8 5 0
11 15 8 6 0
11 15 8 7 0
11 15 8 8 0
11 15 8 9 0
11 15 8 10 0
11 15 8 11 0
11 15 8 12 0
11 15 8 13 0
11 15 8 14 0
11 15 8 15 0
11 15 9 0 0
11 15 9 1 0
11 15 9 2 0
11 15 9 3 0
11 15 9 4 0
11 15 9 5 0
11 15 9 6 0
11 15 9 7 0
11 15 9 8 0
11 15 9 9 0
11 15 9 10 0
11 15 9 11 0
11 15 9 12 0
11 15 9 13 0
11 15 9 14 0
11 15 9 15 0
11 15 10 0 0
11 15 10 1 0
11 15 10 2 0
11 15 10 3 0
11 15 10 4 0
11 15 10 5 0
11 15 10 6 0
11 15 10 7 0
11 15 10 8 0
11 15 10 9 0
11 15 10 10 0
11 15 10 11 0
11 15 10 12 0
11 15 10 13 0
11 15 10 14 0
11 15 10 15 0
11 15 11 0 0
11 15 11 1 0
11 15 11 2 0
11 15 11 3 0
11 15 11 4 0
11 15 11 5 0
11 15 11 6 0
11 15 11 7 0
11 15 11 8 0
11 15 11 9 0
11 15 11 10 0
11 15 11 11 0
11 15 11 12 0
11 15 11 13 0
11 15 11 14 0
11 15 11 15 0
11 15 12 0 0
11 15 12 1 0
11 15 12 2 0
11 15 12 3 0
11 15 12 4 0
11 15 12 5 0
11 15 12 6 0
11 15 12 7 0
11 15 12 8 0
11 15 12 9 0
11 15 12 10 0
11 15 12 11 0
11 15 12 12 0
11 15 12 13 0
11 15 12 14 0
11 15 12 15 0
11 15 13 0 0
11 15 13 1 0
11 15 13 2 0
11 15 13 3 0
11 15 13 4 0
11 15 13 5 0
11 15 13 6 0
11 15 13 7 0
11 15 13 8 0
11 15 13 9 0
11 15 13 10 0
11 15 13 11 0
11 15 13 12 0
11 15 13 13 0
11 15 13 14 0
11 15 13 15 0
11 15 14 0 0
11 15 14 1 0
11 15 14 2 0
11 15 14 3 0
11 15 14 4 0
11 15 14 5 0
11 15 14 6 0
11 15 14 7 0
11 15 14 8 0
11 15 14 9 0
11 15 14 10 0
11 15 14 11 0
11 15 14 12 0
11 15 14 13 0
11 15 14 14 0
11 15 14 15 0
11 15 15 0 0
11 15 15 1 0
11 15 15 2 0
11 15 15 3 0
11 15 15 4 0
11 15 15 5 0
11 15 15 6 0
11 15 15 7 0
11 15 15 8 0
11 15 15 9 0
11 15 15 10 0
11 15 15 11 0
11 15 15 12 0
11 15 15 13 0
11 15 15 14 0
11 15 15 15 0
12 0 0 0 0
12 0 0 1 0
12 0 0 2 0
12 0 0 3 0
12 0 0 4 0
12 0 0 5 -0.009198659206302019
12 0 0 6 0
12 0 0 7 0
12 0 0 8 0
12 0 0 9 0
12 0 0 10 0
12 0 0 11 0
12 0 0 12 -0.0007146186479488625
12 0 0 13 0
12 0 0 14 0
12 0 0 15 0
12 0 1 0 0
12 0 1 1 0
12 0 1 2 0
12 0 1 3 0
12 0 1 4 0
12 0 1 5 0
12 0 1 6 0
12 0 1 7 0
12 0 1 8 0
12 0 1 9 0
12 0 1 10 0
12 0 1 11 0
12 0 1 12 0
12 0 1 13 0
12 0 1 14 0
12 0 1 15 0
12 0 2 0 0
12 0 2 1 0
12 0 2 2 0
12 0 2 3 0
12 0 2 4 0
12 0 2 5 0
12 0 2 6 0
12 0 2 7 0
12 0 2 8 0
12 0 2 9 0
12 0 2 10 0
12 0 2 11 0
12 0 2 12 0
12 0 2 13 0
12 0 2 14 0
12 0 2 15 0
12 0 3 0 0
12 0 3 1 0
12 0 3 2 0
12 0 3 3 0
12 0 3 4 0
12 0 3 5 0
12 0 3 6 0
12 0 3 7 0
12 0 3 8 0
12 0 3 9 0
12 0 3 10 0
12 0 3 11 0
12 0 3 12 0
12 0 3 13 0
12 0 3 14 0
12 0 3 15 0
12 0 4 0 0
12 0 4 1 0
12 0 4 2 0
12 0 4 3 0
12 0 4 4 0
12 0 4 5 0
12 0 4 6 0
12 0 4 7 0
12 0 4 8 0
12 0 4 9 0
12 0 4 10 0
12 0 4 11 0
12 0 4 12 0
12 0 4 13 0
12 0 4 14 0
12 0 4 15 0
12 0 5 0 0.01839731841260404
12 0 5 1 0
12 0 5 2 0
12 0 5 3 0
12 0 5 4 0
12 0 5 5 0
12 0 5 6 0
12 0 5 7 0
12 0 5 8 0
12 0 5 9 0
12 0 5 10 0
12 0 5 11 -0.0001520018911783115
12 0 5 12 0
12 0 5 13 0
12 0 5 14 0
12 0 5 15 0
12 0 6 0 0
12 0 6 1 0
12 0 6 2 0
12 0 6 3 0
12 0 6 4 0
12 0 6 5 0
12 0 6 6 0
12 0 6 7 0
12 0 6 8 0
12 0 6 9 0
12 0 6 10 0
12 0 6 11 0
12 0 6 12 0
12 0 6 13 0
12 0 6 14 0
12 0 6 15 0
12 0 7 0 0
12 0 7 1 0
12 0 7 2 0
12 0 7 3 0
12 0 7 4 0
12 0 7 5 0
12 0 7 6 0
12 0 7 7 0
12 0 7 8 0
12 0 7 9 0
12 0 7 10 0
12 0 7 11 0
12 0 7 12 0
12 0 7 13 0
12 0 7 14 0
12 0 7 15 0
12 0 8 0 0
12 0 8 1 0
12 0 8 2 0
12 0 8 3 0
12 0 8 4 0
12 0 8 5 0
12 0 8 6 0
12 0 8 7 0
12 0 8 8 0
12 0 8 9 0
12 0 8 10 0
12 0 8 11 0
12 0 8 12 0
12 0 8 13 0
12 0 8 14 0
12 0 8 15 0
12 0 9 0 0
12 0 9 1 0
12 0 9 2 0
12 0 9 3 0
12 0 9 4 0
12 0 9 5 0
12 0 9 6 0
12 0 9 7 0
12 0 9 8 0
12 0 9 9 0
12 0 9 10 0
12 0 9 11 0
12 0 9 12 0
12 0 9 13 0
12 0 9 14 0
12 0 9 15 0
12 0 10 0 0
12 0 10 1 0
12 0 10 2 0
12 0 10 3 0
12 0 10 4 0
12 0 10 5 0
12 0 10 6 0
12 0 10 7 0
12 0 10 8 0
12 0 10 9 0
12 0 10 10 0
12 0 10 11 0
12 0 10 12 0
12 0 10 13 0
12 0 10 14 0
12 0 10 15 0
12 0 11 0 0
12 0 11 1 0
12 0 11 2 0
12 0 11 3 0
12 0 11 4 0
12 0 11 5 -0.0001812624146653846
12 0 11 6 0
12 0 11 7 0
12 0 11 8 0
12 0 11 9 0
12 0 11 10 0
12 0 11 11 0
12 0 11 12 0
12 0 11 13 0
12 0 11 14 0
12 0 11 15 0
12 0 12 0 0.001429237295897725
12 0 12 1 0
12 0 12 2 0
12 0 12 3 0
12 0 12 4 0
12 0 12 5 0
12 0 12 6 0
12 0 12 7 0
12 0 12 8 0
12 0 12 9 0
12 0 12 10 0
12 0 12 11 0
12 0 12 12 0
12 0 12 13 0
12 0 12 14 0
12 0 12 15 0
12 0 13 0 0
12 0 13 1 0
12 0 13 2 0
12 0 13 3 0
12 0 13 4 0
12 0 13 5 0
12 0 13 6 0
12 0 13 7 0
12 0 13 8 0
12 0 13 9 0
12 0 13 10 0
12 0 13 11 0
12 0 13 12 0
12 0 13 13 0
12 0 13 14 0
12 0 13 15 0
12 0 14 0 0
12 0 14 1 0
12 0 14 2 0
12 0 14 3 0
12 0 14 4 0
12 0 14 5 0
12 0 14 6 0
12 0 14 7 0
12 0 14 8 0
12 0 14 9 0
12 0 14 10 0
12 0 14 11 0
12 0 14 12 0
12 0 14 13 0
12 0 14 14 0
12 0 14 15 0
12 0 15 0 0
12 0 15 1 0
12 0 15 2 0
12 0 15 3 0
12 0 15 4 0
12 0 15 5 0
12 0 15 6 0
12 0 15 7 0
12 0 15 8 0
12 0 15 9 0
12 0 15 10 0
12 0 15 11 0
12 0 15 12 0
12 0 15 13 0
12 0 15 14 0
12 0 15 15 0
12 1 0 0 0
12 1 0 1 0
12 1 0 2 0
12 1 0 3 0
12 1 0 4 0
12 1 0 5 0
12 1 0 6 0
12 1 0 7 0
12 1 0 8 0
12 1 0 9 0
12 1 0 10 0
12 1 0 11 0
12 1 0 12 0
12 1 0 13 0
12 1 0 14 0
12 1 0 15 0
12 1 1 0 0
12 1 1 1 0
12 1 1 2 0
12 1 1 3 0
12 1 1 4 0
12 1 1 5 -0.009198659206302019
12 1 1 6 0
12 1 1 7 0
12 1 1 8 0
12 1 1 9 0
12 1 1 10 0
12 1 1 11 0
12 1 1 12 -0.0007146186479488625
12 1 1 13 0
12 1 1 14 0
12 1 1 15 0
12 1 2 0 0
12 1 2 1 0
12 1 2 2 0
12 1 2 3 0
12 1 2 4 0
12 1 2 5 0
12 1 2 6 0
12 1 2 7 0
12 1 2 8 0
12 1 2 9 0
12 1 2 10 0
12 1 2 11 0
12 1 2 12 0
12 1 2 13 0
12 1 2 14 0
12 1 2 15 0
12 1 3 0 0
12 1 3 1 0
12 1 3 2 0
12 1 3 3 0
12 1 3 4 0
12 1 3 5 0
12 1 3 6 0
12 1 3 7 0
12 1 3 8 0
12 1 3 9 0
12 1 3 10 0
12 1 3 11 0
12 1 3 12 0
12 1 3 13 0
12 1 3 14 0
12 1 3 15 0
12 1 4 0 0
12 1 4 1 0
12 1 4 2 0
12 1 4 3 0
12 1 4 4 0
12 1 4 5 0
12 1 4 6 0
12 1 4 7 0
12 1 4 8 0
12 1 4 9 0
12 1 4 10 0
12 1 4 11 0
12 1 4 12 0
12 1 4 13 0
12 1 4 14 0
12 1 4 15 0
12 1 5 0 0
12 1 5 1 0.01839731841260404
12 1 5 2 0
12 1 5 3 0
12 1 5 4 0
12 1 5 5 0
12 1 5 6 0
12 1 5 7 0
12 1 5 8 0
12 1 5 9 0
12 1 5 10 0
12 1 5 11 0
12 1 5 12 0
12 1 5 13 0
12 1 5 14 0
12 1 5 15 0.0001476454123955444
12 1 6 0 0
12 1 6 1 0
12 1 6 2 0
12 1 6 3 0
12 1 6 4 0
12 1 6 5 0
12 1 6 6 0
12 1 6 7 0
12 1 6 8 0
12 1 6 9 0
12 1 6 10 0
12 1 6 11 0
12 1 6 12 0
12 1 6 13 0
12 1 6 14 0
12 1 6 15 0
12 1 7 0 0
12 1 7 1 0
12 1 7 2 0
12 1 7 3 0
12 1 7 4 0
12 1 7 5 0
12 1 7 6 0
12 1 7 7 0
12 1 7 8 0
12 1 7 9 0
12 1 7 10 0
12 1 7 11 0
12 1 7 12 0
12 1 7 13 0
12 1 7 14 0
12 1 7 15 0
12 1 8 0 0
12 1 8 1 0
12 1 8 2 0
12 1 8 3 0
12 1 8 4 0
12 1 8 5 0
12 1 8 6 0
12 1 8 7 0
12 1 8 8 0
12 1 8 9 0
12 1 8 10 0
12 1 8 11 0
12 1 8 12 0
12 1 8 13 0
12 1 8 14 0
12 1 8 15 0
12 1 9 0 0
12 1 9 1 0
12 1 9 2 0
12 1 9 3 0
12 1 9 4 0
12 1 9 5 0
12 1 9 6 0
12 1 9 7 0
12 1 9 8 0
12 1 9 9 0
12 1 9 10 0
12 1 9 11 0
12 1 9 12 0
12 1 9 13 0
12 1 9 14 0
12 1 9 15 0
12 1 10 0 0
12 1 10 1 0
12 1 10 2 0
12 1 10 3 0
12 1 10 4 0
12 1 10 5 0
12 1 10 6 0
12 1 10 7 0
12 1 10 8 0
12 1 10 9 0
12 1 10 10 0
12 1 10 11 0
12 1 10 12 0
12 1 10 13 0
12 1 10 14 0
12 1 10 15 0
12 1 11 0 0
12 1 11 1 0
12 1 11 2 0
12 1 11 3 0
12 1 11 4 0
12 1 11 5 0
12 1 11 6 0
12 1 11 7 0
12 1 11 8 0
12 1 11 9 0
12 1 11 10 0
12 1 11 11 0
12 1 11 12 0
12 1 11 13 0
12 1 11 14 0
12 1 11 15 0
12 1 12 0 0
12 1 12 1 0.001429237295897725
12 1 12 2 0
12 1 12 3 0
12 1 12 4 0
12 1 12 5 0
12 1 12 6 0
12 1 12 7 0
12 1 12 8 0
12 1 12 9 0
12 1 12 10 0
12 1 12 11 0
12 1 12 12 0
12 1 12 13 0
12 1 12 14 0
12 1 12 15 0
12 1 13 0 0
12 1 13 1 0
12 1 13 2 0
12 1 13 3 0
12 1 13 4 0
12 1 13 5 0
12 1 13 6 0
12 1 13 7 0
12 1 13 8 0
12 1 13 9 0
12 1 13 10 0
12 1 13 11 0
12 1 13 12 0
12 1 13 13 0
12 1 13 14 0
12 1 13 15 0
12 1 14 0 0
12 1 14 1 0
12 1 14 2 0
12 1 14 3 0
12 1 14 4 0
12 1 14 5 0
12 1 14 6 0
12 1 14 7 0
12 1 14 8 0
12 1 14 9 0
12 1 14 10 0
12 1 14 11 0
12 1 14 12 0
12 1 14 13 0
12 1 14 14 0
12 1 14 15 0
12 1 15 0 0
12 1 15 1 0
12 1 15 2 0
12 1 15 3 0
12 1 15 4 0
12 1 15 5 -4.173800127972369e-05
12 1 15 6 0
12 1 15 7 0
12 1 15 8 0
12 1 15 9 0
12 1 15 10 0
12 1 15 11 0
12 1 15 12 0
12 1 15 13 0
12 1 15 14 0
12 1 15 15 0
12 2 0 0 0
12 2 0 1 0
12 2 0 2 0
12 2 0 3 0
12 2 0 4 0
12 2 0 5 0
12 2 0 6 0
12 2 0 7 0
12 2 0 8 0
12 2 0 9 0
12 2 0 10 0
12 2 0 11 0
12 2 0 12 0
12 2 0 13 0
12 2 0 14 0
12 2 0 15 0
12 2 1 0 0
12 2 1 1 0
12 2 1 2 0
12 2 1 3 0
12 2 1 4 0
12 2 1 5 0
12 2 1 6 0
12 2 1 7 0
12 2 1 8 0
12 2 1 9 0
12 2 1 10 0
12 2 1 11 0
12 2 1 12 0
12 2 1 13 0
12 2 1 14 0
12 2 1 15 0
12 2 2 0 0
12 2 2 1 0
12 2 2 2 0
12 2 2 3 0
12 2 2 4 0
12 2 2 5 -0.009198659206302019
12 2 2 6 0
12 2 2 7 0
12 2 2 8 0
12 2 2 9 0
12 2 2 10 0
12 2 2 11 0
12 2 2 12 -0.0007146186479488625
12 2 2 13 0
12 2 2 14 0
12 2 2 15 0
12 2 3 0 0
12 2 3 1 0
12 2 3 2 0
12 2 3 3 0
12 2 3 4 0
12 2 3 5 0
12 2 3 6 0
12 2 3 7 0
12 2 3 8 0
12 2 3 9 0
12 2 3 10 0
12 2 3 11 0
12 2 3 12 0
12 2 3 13 0
12 2 3 14 0
12 2 3 15 0
12 2 4 0 0
12 2 4 1 0
12 2 4 2 0
12 2 4 3 0
12 2 4 4 0
12 2 4 5 0
12 2 4 6 0
12 2 4 7 -8.131516293641283e-18
12 2 4 8 0
12 2 4 9 0
12 2 4 10 0
12 2 4 11 0
12 2 4 12 0
12 2 4 13 0
12 2 4 14 0
12 2 4 15 0
12 2 5 0 0
12 2 5 1 0
12 2 5 2 0.01839731841260404
12 2 5 3 0
12 2 5 4 0
12 2 5 5 0
12 2 5 6 0
12 2 5 7 0
12 2 5 8 0
12 2 5 9 0
12 2 5 10 0
12 2 5 11 -0.000172723806571992
12 2 5 12 0
12 2 5 13 0
12 2 5 14 6.449839167017138e-05
12 2 5 15 0
12 2 6 0 0
12 2 6 1 0
12 2 6 2 0
12 2 6 3 0
12 2 6 4 0
12 2 6 5 0
12 2 6 6 0
12 2 6 7 0
12 2 6 8 0
12 2 6 9 0
12 2 6 10 0
12 2 6 11 0
12 2 6 12 0
12 2 6 13 0
12 2 6 14 0
12 2 6 15 0
12 2 7 0 0
12 2 7 1 0
12 2 7 2 0
12 2 7 3 0
12 2 7 4 -0.002490935918273309
12 2 7 5 0
12 2 7 6 0
12 2 7 7 0
12 2 7 8 0
12 2 7 9 0
12 2 7 10 0
12 2 7 11 0
12 2 7 12 0
12 2 7 13 0
12 2 7 14 0
12 2 7 15 0
12 2 8 0 0
12 2 8 1 0
12 2 8 2 0
12 2 8 3 0
12 2 8 4 0
12 2 8 5 0
12 2 8 6 0
12 2 8 7 0
12 2 8 8 0
12 2 8 9 0
12 2 8 10 0
12 2 8 11 0
12 2 8 12 0
12 2 8 13 0
12 2 8 14 0
12 2 8 15 0
12 2 9 0 0
12 2 9 1 0
12 2 9 2 0
12 2 9 3 0
12 2 9 4 0
12 2 9 5 0
12 2 9 6 0
12 2 9 7 0
12 2 9 8 0
12 2 9 9 0
12 2 9 10 0
12 2 9 11 0
12 2 9 12 0
12 2 9 13 0
12 2 9 14 0
12 2 9 15 0
12 2 10 0 0
12 2 10 1 0
12 2 10 2 0
12 2 10 3 0
12 2 10 4 0
12 2 10 5 0
12 2 10 6 0
12 2 10 7 0
12 2 10 8 0
12 2 10 9 0
12 2 10 10 0
12 2 10 11 0
12 2 10 12 0
12 2 10 13 0
12 2 10 14 0
12 2 10 15 0
12 2 11 0 0
12 2 11 1 0
12 2 11 2 0
12 2 11 3 0
12 2 11 4 0
12 2 11 5 0.0001292494749261434
12 2 11 6 0
12 2 11 7 0
12 2 11 8 0
12 2 11 9 0
12 2 11 10 0
12 2 11 11 0
12 2 11 12 0
12 2 11 13 0
12 2 11 14 0
12 2 11 15 0
12 2 12 0 0
12 2 12 1 0
12 2 12 2 0.001429237295897725
12 2 12 3 0
12 2 12 4 0
12 2 12 5 0
12 2 12 6 0
12 2 12 7 0
12 2 12 8 0
12 2 12 9 0
12 2 12 10 0
12 2 12 11 0
12 2 12 12 0
12 2 12 13 0
12 2 12 14 0
12 2 12 15 0
12 2 13 0 0
12 2 13 1 0
12 2 13 2 0
12 2 13 3 0
12 2 13 4 0
12 2 13 5 0
12 2 13 6 0
12 2 13 7 0
12 2 13 8 0
12 2 13 9 0
12 2 13 10 0
12 2 13 11 0
12 2 13 12 0
12 2 13 13 0
12 2 13 14 0
12 2 13 15 0
12 2 14 0 0
12 2 14 1 0
12 2 14 2 0
12 2 14 3 0
12 2 14 4 0
12 2 14 5 -0.0004384752878285847
12 2 14 6 0
12 2 14 7 0
12 2 14 8 0
12 2 14 9 0
12 2 14 10 0
12 2 14 11 0
12 2 14 12 0
12 2 14 13 0
12 2 14 14 0
12 2 14 15 0
12 2 15 0 0
12 2 15 1 0
12 2 15 2 0
12 2 15 3 0
12 2 15 4 0
12 2 15 5 0
12 2 15 6 0
12 2 15 7 0
12 2 15 8 0
12 2 15 9 0
12 2 15 10 0
12 2 15 11 0
12 2 15 12 0
12 2 15 13 0
12 2 15 14 0
12 2 15 15 0
12 3 0 0 0
12 3 0 1 0
12 3 0 2 0
12 3 0 3 0
12 3 0 4 0
12 3 0 5 0
12 3 0 6 0
12 3 0 7 0
12 3 0 8 0
12 3 0 9 0
12 3 0 10 0
12 3 0 11 0
12 3 0 12 0
12 3 0 13 0
12 3 0 14 0
12 3 0 15 0
12 3 1 0 0
12 3 1 1 0
12 3 1 2 0
12 3 1 3 0
12 3 1 4 0
12 3 1 5 0
12 3 1 6 0
12 3 1 7 0
12 3 1 8 0
12 3 1 9 0
12 3 1 10 0
12 3 1 11 0
12 3 1 12 0
12 3 1 13 0
12 3 1 14 0
12 3 1 15 0
12 3 2 0 0
12 3 2 1 0
12 3 2 2 0
12 3 2 3 0
12 3 2 4 0
12 3 2 5 0
12 3 2 6 0
12 3 2 7 0
12 3 2 8 0
12 3 2 9 0
12 3 2 10 0
12 3 2 11 0
12 3 2 12 0
12 3 2 13 0
12 3 2 14 0
12 3 2 15 0
12 3 3 0 0
12 3 3 1 0
12 3 3 2 0
12 3 3 3 0
12 3 3 4 0
12 3 3 5 -0.009198659206302006
12 3 3 6 0
12 3 3 7 0
12 3 3 8 0
12 3 3 9 0
12 3 3 10 0
12 3 3 11 0
12 3 3 12 -0.000714618647948861
12 3 3 13 0
12 3 3 14 0
12 3 3 15 0
12 3 4 0 0
12 3 4 1 0
12 3 4 2 0
12 3 4 3 0
12 3 4 4 0
12 3 4 5 0
12 3 4 6 -1.521928807705097e-18
12 3 4 7 0
12 3 4 8 0
12 3 4 9 0
12 3 4 10 0
12 3 4 11 0
12 3 4 12 0
12 3 4 13 7.908582588258175e-19
12 3 4 14 0
12 3 4 15 0
12 3 5 0 0
12 3 5 1 0
12 3 5 2 0
12 3 5 3 0.009198659206302019
12 3 5 4 0
12 3 5 5 0
12 3 5 6 0
12 3 5 7 0
12 3 5 8 0.0006901628897877613
12 3 5 9 0
12 3 5 10 0
12 3 5 11 0
12 3 5 12 0
12 3 5 13 0
12 3 5 14 0
12 3 5 15 0
12 3 6 0 0
12 3 6 1 0
12 3 6 2 0
12 3 6 3 0
12 3 6 4 3.431898341742385e-18
12 3 6 5 0
12 3 6 6 0
12 3 6 7 0
12 3 6 8 0
12 3 6 9 1.189126882792945e-18
12 3 6 10 0
12 3 6 11 0
12 3 6 12 0
12 3 6 13 0
12 3 6 14 0
12 3 6 15 0
12 3 7 0 0
12 3 7 1 0
12 3 7 2 0
12 3 7 3 0
12 3 7 4 0
12 3 7 5 0
12 3 7 6 0
12 3 7 7 0
12 3 7 8 0
12 3 7 9 0
12 3 7 10 0
12 3 7 11 0
12 3 7 12 0
12 3 7 13 0
12 3 7 14 0
12 3 7 15 0
12 3 8 0 0
12 3 8 1 0
12 3 8 2 0
12 3 8 3 0
12 3 8 4 0
12 3 8 5 -0.0006901628897877607
12 3 8 6 0
12 3 8 7 0
12 3 8 8 0
12 3 8 9 0
12 3 8 10 0
12 3 8 11 0
12 3 8 12 0
12 3 8 13 0
12 3 8 14 0
12 3 8 15 0
12 3 9 0 0
12 3 9 1 0
12 3 9 2 0
12 3 9 3 0
12 3 9 4 0
12 3 9 5 0
12 3 9 6 -1.386256782671515e-18
12 3 9 7 0
12 3 9 8 0
12 3 9 9 0
12 3 9 10 0
12 3 9 11 0
12 3 9 12 0
12 3 9 13 0
12 3 9 14 0
12 3 9 15 0
12 3 10 0 0
12 3 10 1 0
12 3 10 2 0
12 3 10 3 0
12 3 10 4 0
12 3 10 5 0
12 3 10 6 0
12 3 10 7 0
12 3 10 8 0
12 3 10 9 0
12 3 10 10 0
12 3 10 11 0
12 3 10 12 0
12 3 10 13 0
12 3 10 14 0
12 3 10 15 0
12 3 11 0 0
12 3 11 1 0
12 3 11 2 0
12 3 11 3 0
12 3 11 4 0
12 3 11 5 0
12 3 11 6 0
12 3 11 7 0
12 3 11 8 0
12 3 11 9 0
12 3 11 10 0
12 3 11 11 0
12 3 11 12 0
12 3 11 13 0
12 3 11 14 0
12 3 11 15 0
12 3 12 0 0
12 3 12 1 0
12 3 12 2 0
12 3 12 3 0.0007146186479488627
12 3 12 4 0
12 3 12 5 0
12 3 12 6 0
12 3 12 7 0
12 3 12 8 0
12 3 12 9 0
12 3 12 10 0
12 3 12 11 0
12 3 12 12 0
12 3 12 13 0
12 3 12 14 0
12 3 12 15 0
12 3 13 0 0
12 3 13 1 0
12 3 13 2 0
12 3 13 3 0
12 3 13 4 -2.404065443846531e-19
12 3 13 5 0
12 3 13 6 0
12 3 13 7 0
12 3 13 8 0
12 3 13 9 0
12 3 13 10 0
12 3 13 11 0
12 3 13 12 0
12 3 13 13 0
12 3 13 14 0
12 3 13 15 0
12 3 14 0 0
12 3 14 1 0
12 3 14 2 0
12 3 14 3 0
12 3 14 4 0
12 3 14 5 0
12 3 14 6 0
12 3 14 7 0
12 3 14 8 0
12 3 14 9 0
12 3 14 10 0
12 3 14 11 0
12 3 14 12 0
12 3 14 13 0
12 3 14 14 0
12 3 14 15 0
12 3 15 0 0
12 3 15 1 0
12 3 15 2 0
12 3 15 3 0
12 3 15 4 0
12 3 15 5 0
12 3 15 6 0
12 3 15 7 0
12 3 15 8 0
12 3 15 9 0
12 3 15 10 0
12 3 15 11 0
12 3 15 12 0
12 3 15 13 0
12 3 15 14 0
12 3 15 15 0
12 4 0 0 0
12 4 0 1 0
12 4 0 2 0
12 4 0 3 0
12 4 0 4 0
12 4 0 5 0
12 4 0 6 0
12 4 0 7 0
12 4 0 8 0
12 4 0 9 0
12 4 0 10 0
12 4 0 11 0
12 4 0 12 0
12 4 0 13 0
12 4 0 14 0
12 4 0 15 0
12 4 1 0 0
12 4 1 1 0
12 4 1 2 0
12 4 1 3 0
12 4 1 4 0
12 4 1 5 0
12 4 1 6 0
12 4 1 7 0
12 4 1 8 0
12 4 1 9 0
12 4 1 10 0
12 4 1 11 0
12 4 1 12 0
12 4 1 13 0
12 4 1 14 0
12 4 1 15 0
12 4 2 0 0
12 4 2 1 0
12 4 2 2 0
12 4 2 3 0
12 4 2 4 0
12 4 2 5 0
12 4 2 6 0
12 4 2 7 0
12 4 2 8 0
12 4 2 9 0
12 4 2 10 0
12 4 2 11 0
12 4 2 12 0
12 4 2 13 0
12 4 2 14 0
12 4 2 15 0
12 4 3 0 0
12 4 3 1 0
12 4 3 2 0
12 4 3 3 0
12 4 3 4 0
12 4 3 5 0
12 4 3 6 0
12 4 3 7 0
12 4 3 8 0
12 4 3 9 0
12 4 3 10 0
12 4 3 11 0
12 4 3 12 0
12 4 3 13 0
12 4 3 14 0
12 4 3 15 0
12 4 4 0 0
12 4 4 1 0
12 4 4 2 0
12 4 4 3 0
12 4 4 4 0
12 4 4 5 -0.009198659206302013
12 4 4 6 0
12 4 4 7 0
12 4 4 8 0
12 4 4 9 0
12 4 4 10 0
12 4 4 11 0
12 4 4 12 -0.0007146186479488603
12 4 4 13 0
12 4 4 14 0
12 4 4 15 0
12 4 5 0 0
12 4 5 1 0
12 4 5 2 0
12 4 5 3 0
12 4 5 4 0.009198659206302019
12 4 5 5 0
12 4 5 6 0
12 4 5 7 0
12 4 5 8 0
12 4 5 9 0.0007800788068523525
12 4 5 10 0
12 4 5 11 0
12 4 5 12 0
12 4 5 13 0
12 4 5 14 0
12 4 5 15 0
12 4 6 0 0
12 4 6 1 0
12 4 6 2 0
12 4 6 3 0
12 4 6 4 0
12 4 6 5 0
12 4 6 6 0
12 4 6 7 0
12 4 6 8 0
12 4 6 9 0
12 4 6 10 0
12 4 6 11 0
12 4 6 12 0
12 4 6 13 0
12 4 6 14 0
12 4 6 15 0
12 4 7 0 0
12 4 7 1 0
12 4 7 2 0
12 4 7 3 0
12 4 7 4 0
12 4 7 5 0
12 4 7 6 0
12 4 7 7 0
12 4 7 8 0
12 4 7 9 0
12 4 7 10 0
12 4 7 11 0
12 4 7 12 0
12 4 7 13 0
12 4 7 14 0
12 4 7 15 0
12 4 8 0 0
12 4 8 1 0
12 4 8 2 0
12 4 8 3 0
12 4 8 4 0
12 4 8 5 0
12 4 8 6 0
12 4 8 7 0
12 4 8 8 0
12 4 8 9 0
12 4 8 10 0
12 4 8 11 0
12 4 8 12 0
12 4 8 13 0
12 4 8 14 0
12 4 8 15 0
12 4 9 0 0
12 4 9 1 0
12 4 9 2 0
12 4 9 3 0
12 4 9 4 0
12 4 9 5 -0.0007800788068523527
12 4 9 6 0
12 4 9 7 0
12 4 9 8 0
12 4 9 9 0
12 4 9 10 0
12 4 9 11 0
12 4 9 12 0
12 4 9 13 0
12 4 9 14 0
12 4 9 15 0
12 4 10 0 0
12 4 10 1 0
12 4 10 2 0
12 4 10 3 0
12 4 10 4 0
12 4 10 5 0
12 4 10 6 0
12 4 10 7 0
12 4 10 8 0
12 4 10 9 0
12 4 10 10 0
12 4 10 11 0
12 4 10 12 0
12 4 10 13 0
12 4 10 14 0
12 4 10 15 0
12 4 11 0 0
12 4 11 1 0
12 4 11 2 0
12 4 11 3 0
12 4 11 4 0
12 4 11 5 0
12 4 11 6 0
12 4 11 7 0
12 4 11 8 0
12 4 11 9 0
12 4 11 10 0
12 4 11 11 0
12 4 11 12 0
12 4 11 13 0
12 4 11 14 0
12 4 11 15 0
12 4 12 0 0
12 4 12 1 0
12 4 12 2 0
12 4 12 3 0
12 4 12 4 0.0007146186479488622
12 4 12 5 0
12 4 12 6 0
12 4 12 7 0
12 4 12 8 0
12 4 12 9 0
12 4 12 10 0
12 4 12 11 0
12 4 12 12 0
12 4 12 13 0
12 4 12 14 0
12 4 12 15 0
12 4 13 0 0
12 4 13 1 0
12 4 13 2 0
12 4 13 3 0
12 4 13 4 0
12 4 13 5 0
12 4 13 6 0
12 4 13 7 0
12 4 13 8 0
12 4 13 9 0
12 4 13 10 0
12 4 13 11 0
12 4 13 12 0
12 4 13 13 0
12 4 13 14 0
12 4 13 15 0
12 4 14 0 0
12 4 14 1 0
12 4 14 2 0
12 4 14 3 0
12 4 14 4 0
12 4 14 5 0
12 4 14 6 0
12 4 14 7 0
12 4 14 8 0
12 4 14 9 0
12 4 14 10 0
12 4 14 11 0
12 4 14 12 0
12 4 14 13 0
12 4 14 14 0
12 4 14 15 0
12 4 15 0 0
12 4 15 1 0
12 4 15 2 0
12 4 15 3 0
12 4 15 4 0
12 4 15 5 0
12 4 15 6 0
12 4 15 7 0
12 4 15 8 0
12 4 15 9 0
12 4 15 10 0
12 4 15 11 0
12 4 15 12 0
12 4 15 13 0
12 4 15 14 0
12 4 15 15 0
12 5 0 0 0
12 5 0 1 0
12 5 0 2 0
12 5 0 3 0
12 5 0 4 0
12 5 0 5 0
12 5 0 6 0
12 5 0 7 0
12 5 0 8 0
12 5 0 9 0
12 5 0 10 0
12 5 0 11 0
12 5 0 12 0
12 5 0 13 0
12 5 0 14 0
12 5 0 15 0
12 5 1 0 0
12 5 1 1 0
12 5 1 2 0
12 5 1 3 0
12 5 1 4 0
12 5 1 5 0
12 5 1 6 0
12 5 1 7 0
12 5 1 8 0
12 5 1 9 0
12 5 1 10 0
12 5 1 11 0
12 5 1 12 0
12 5 1 13 0
12 5 1 14 0
12 5 1 15 0
12 5 2 0 0
12 5 2 1 0
12 5 2 2 0
12 5 2 3 0
12 5 2 4 0
12 5 2 5 0
12 5 2 6 0
12 5 2 7 0
12 5 2 8 0
12 5 2 9 0
12 5 2 10 0
12 5 2 11 0
12 5 2 12 0
12 5 2 13 0
12 5 2 14 0
12 5 2 15 0
12 5 3 0 0
12 5 3 1 0
12 5 3 2 0
12 5 3 3 0
12 5 3 4 0
12 5 3 5 0
12 5 3 6 0
12 5 3 7 0
12 5 3 8 0
12 5 3 9 0
12 5 3 10 0
12 5 3 11 0
12 5 3 12 0
12 5 3 13 0
12 5 3 14 0
12 5 3 15 0
12 5 4 0 0
12 5 4 1 0
12 5 4 2 0
12 5 4 3 0
12 5 4 4 -6.800685990055379e-18
12 5 4 5 0
12 5 4 6 0
12 5 4 7 0
12 5 4 8 0
12 5 4 9 3.329049005501805e-20
12 5 4 10 0
12 5 4 11 0
12 5 4 12 0
12 5 4 13 0
12 5 4 14 0
12 5 4 15 0
12 5 5 0 0
12 5 5 1 0
12 5 5 2 0
12 5 5 3 0
12 5 5 4 0
12 5 5 5 1.104943851240429e-19
12 5 5 6 0
12 5 5 7 0
12 5 5 8 0
12 5 5 9 0
12 5 5 10 0
12 5 5 11 0
12 5 5 12 8.287526930206024e-21
12 5 5 13 0
12 5 5 14 0
12 5 5 15 0
12 5 6 0 0
12 5 6 1 0
12 5 6 2 0
12 5 6 3 0
12 5 6 4 0
12 5 6 5 0
12 5 6 6 0
12 5 6 7 0
12 5 6 8 0
12 5 6 9 0
12 5 6 10 0
12 5 6 11 0
12 5 6 12 0
12 5 6 13 0
12 5 6 14 0
12 5 6 15 0
12 5 7 0 0
12 5 7 1 0
12 5 7 2 0
12 5 7 3 0
12 5 7 4 0
12 5 7 5 0
12 5 7 6 0
12 5 7 7 0
12 5 7 8 0
12 5 7 9 0
12 5 7 10 0
12 5 7 11 0
12 5 7 12 0
12 5 7 13 0
12 5 7 14 0
12 5 7 15 0
12 5 8 0 0
12 5 8 1 0
12 5 8 2 0
12 5 8 3 0
12 5 8 4 0
12 5 8 5 0
12 5 8 6 0
12 5 8 7 0
12 5 8 8 0
12 5 8 9 0
12 5 8 10 0
12 5 8 11 0
12 5 8 12 0
12 5 8 13 0
12 5 8 14 0
12 5 8 15 0
12 5 9 0 0
12 5 9 1 0
12 5 9 2 0
12 5 9 3 0
12 5 9 4 -4.079913966131968e-19
12 5 9 5 0
12 5 9 6 0
12 5 9 7 0
12 5 9 8 0
12 5 9 9 0
12 5 9 10 0
12 5 9 11 0
12 5 9 12 0
12 5 9 13 0
12 5 9 14 0
12 5 9 15 0
12 5 10 0 0
12 5 10 1 0
12 5 10 2 0
12 5 10 3 0
12 5 10 4 0
12 5 10 5 0
12 5 10 6 0
12 5 10 7 0
12 5 10 8 0
12 5 10 9 0
12 5 10 10 0
12 5 10 11 0
12 5 10 12 0
12 5 10 13 0
12 5 10 14 0
12 5 10 15 0
12 5 11 0 0
12 5 11 1 0
12 5 11 2 0
12 5 11 3 0
12 5 11 4 0
12 5 11 5 0
12 5 11 6 0
12 5 11 7 0
12 5 11 8 0
12 5 11 9 0
12 5 11 10 0
12 5 11 11 0
12 5 11 12 0
12 5 11 13 0
12 5 11 14 0
12 5 11 15 0
12 5 12 0 0
12 5 12 1 0
12 5 12 2 0
12 5 12 3 0
12 5 12 4 0
12 5 12 5 3.086405298200138e-19
12 5 12 6 0
12 5 12 7 0
12 5 12 8 0
12 5 12 9 0
12 5 12 10 0
12 5 12 11 0
12 5 12 12 0
12 5 12 13 0
12 5 12 14 0
12 5 12 15 0
12 5 13 0 0
12 5 13 1 0
12 5 13 2 0
12 5 13 3 0
12 5 13 4 0
12 5 13 5 0
12 5 13 6 0
12 5 13 7 0
12 5 13 8 0
12 5 13 9 0
12 5 13 10 0
12 5 13 11 0
12 5 13 12 0
12 5 13 13 0
12 5 13 14 0
12 5 13 15 0
12 5 14 0 0
12 5 14 1 0
12 5 14 2 0
12 5 14 3 0
12 5 14 4 0
12 5 14 5 0
12 5 14 6 0
12 5 14 7 0
12 5 14 8 0
12 5 14 9 0
12 5 14 10 0
12 5 14 11 0
12 5 14 12 0
12 5 14 13 0
12 5 14 14 0
12 5 14 15 0
12 5 15 0 0
12 5 15 1 0
12 5 15 2 0
12 5 15 3 0
12 5 15 4 0
12 5 15 5 0
12 5 15 6 0
12 5 15 7 0
12 5 15 8 0
12 5 15 9 0
12 5 15 10 0
12 5 15 11 0
12 5 15 12 0
12 5 15 13 0
12 5 15 14 0
12 5 15 15 0
12 6 0 0 0
12 6 0 1 0
12 6 0 2 0
12 6 0 3 0
12 6 0 4 0
12 6 0 5 0
12 6 0 6 0
12 6 0 7 0
12 6 0 8 0
12 6 0 9 0
12 6 0 10 0
12 6 0 11 0
12 6 0 12 0
12 6 0 13 0
12 6 0 14 0
12 6 0 15 0
12 6 1 0 0
12 6 1 1 0
12 6 1 2 0
12 6 1 3 0
12 6 1 4 0
12 6 1 5 0
12 6 1 6 0
12 6 1 7 0
12 6 1 8 0
12 6 1 9 0
12 6 1 10 0
12 6 1 11 0
12 6 1 12 0
12 6 1 13 0
12 6 1 14 0
12 6 1 15 0
12 6 2 0 0
12 6 2 1 0
12 6 2 2 0
12 6 2 3 0
12 6 2 4 0
12 6 2 5 0
12 6 2 6 0
12 6 2 7 0
12 6 2 8 0
12 6 2 9 0
12 6 2 10 0
12 6 2 11 0
12 6 2 12 0
12 6 2 13 0
12 6 2 14 0
12 6 2 15 0
12 6 3 0 0
12 6 3 1 0
12 6 3 2 0
12 6 3 3 0
12 6 3 4 2.111458737136324e-17
12 6 3 5 0
12 6 3 6 0
12 6 3 7 0
12 6 3 8 0
12 6 3 9 5.271469063854737e-19
12 6 3 10 0
12 6 3 11 0
12 6 3 12 0
12 6 3 13 0
12 6 3 14 0
12 6 3 15 0
12 6 4 0 0
12 6 4 1 0
12 6 4 2 0
12 6 4 3 -2.223997535768625e-17
12 6 4 4 0
12 6 4 5 0
12 6 4 6 0
12 6 4 7 0
12 6 4 8 -1.630084852223449e-18
12 6 4 9 0
12 6 4 10 0
12 6 4 11 0
12 6 4 12 0
12 6 4 13 0
12 6 4 14 0
12 6 4 15 0
12 6 5 0 0
12 6 5 1 0
12 6 5 2 0
12 6 5 3 0
12 6 5 4 0
12 6 5 5 0
12 6 5 6 0.009198659206302017
12 6 5 7 0
12 6 5 8 0
12 6 5 9 0
12 6 5 10 0
12 6 5 11 0
12 6 5 12 0
12 6 5 13 0.0006393166969144679
12 6 5 14 0
12 6 5 15 0
12 6 6 0 0
12 6 6 1 0
12 6 6 2 0
12 6 6 3 0
12 6 6 4 0
12 6 6 5 -0.009198659206302015
12 6 6 6 0
12 6 6 7 0
12 6 6 8 0
12 6 6 9 0
12 6 6 10 0
12 6 6 11 0
12 6 6 12 -0.0007146186479488613
12 6 6 13 0
12 6 6 14 0
12 6 6 15 0
12 6 7 0 0
12 6 7 1 0
12 6 7 2 0
12 6 7 3 0
12 6 7 4 0
12 6 7 5 0
12 6 7 6 0
12 6 7 7 0
12 6 7 8 0
12 6 7 9 0
12 6 7 10 0
12 6 7 11 0
12 6 7 12 0
12 6 7 13 0
12 6 7 14 0
12 6 7 15 0
12 6 8 0 0
12 6 8 1 0
12 6 8 2 0
12 6 8 3 0
12 6 8 4 1.601795076556918e-18
12 6 8 5 0
12 6 8 6 0
12 6 8 7 0
12 6 8 8 0
12 6 8 9 0
12 6 8 10 0
12 6 8 11 0
12 6 8 12 0
12 6 8 13 0
12 6 8 14 0
12 6 8 15 0
12 6 9 0 0
12 6 9 1 0
12 6 9 2 0
12 6 9 3 -1.101818356878885e-18
12 6 9 4 0
12 6 9 5 0
12 6 9 6 0
12 6 9 7 0
12 6 9 8 0
12 6 9 9 0
12 6 9 10 0
12 6 9 11 0
12 6 9 12 0
12 6 9 13 0
12 6 9 14 0
12 6 9 15 0
12 6 10 0 0
12 6 10 1 0
12 6 10 2 0
12 6 10 3 0
12 6 10 4 0
12 6 10 5 0
12 6 10 6 0
12 6 10 7 0
12 6 10 8 0
12 6 10 9 0
12 6 10 10 0
12 6 10 11 0
12 6 10 12 0
12 6 10 13 0
12 6 10 14 0
12 6 10 15 0
12 6 11 0 0
12 6 11 1 0
12 6 11 2 0
12 6 11 3 0
12 6 11 4 0
12 6 11 5 0
12 6 11 6 0
12 6 11 7 0
12 6 11 8 0
12 6 11 9 0
12 6 11 10 0
12 6 11 11 0
12 6 11 12 0
12 6 11 13 0
12 6 11 14 0
12 6 11 15 0
12 6 12 0 0
12 6 12 1 0
12 6 12 2 0
12 6 12 3 0
12 6 12 4 0
12 6 12 5 0
12 6 12 6 0.0007146186479488622
12 6 12 7 0
12 6 12 8 0
12 6 12 9 0
12 6 12 10 0
12 6 12 11 0
12 6 12 12 0
12 6 12 13 0
12 6 12 14 0
12 6 12 15 0
12 6 13 0 0
12 6 13 1 0
12 6 13 2 0
12 6 13 3 0
12 6 13 4 0
12 6 13 5 -0.0006393166969144679
12 6 13 6 0
12 6 13 7 0
12 6 13 8 0
12 6 13 9 0
12 6 13 10 0
12 6 13 11 0
12 6 13 12 0
12 6 13 13 0
12 6 13 14 0
12 6 13 15 0
12 6 14 0 0
12 6 14 1 0
12 6 14 2 0
12 6 14 3 0
12 6 14 4 0
12 6 14 5 0
12 6 14 6 0
12 6 14 7 0
12 6 14 8 0
12 6 14 9 0
12 6 14 10 0
12 6 14 11 0
12 6 14 12 0
12 6 14 13 0
12 6 14 14 0
12 6 14 15 0
12 6 15 0 0
12 6 15 1 0
12 6 15 2 0
12 6 15 3 0
12 6 15 4 0
12 6 15 5 0
12 6 15 6 0
12 6 15 7 0
12 6 15 8 0
12 6 15 9 0
12 6 15 10 0
12 6 15 11 0
12 6 15 12 0
12 6 15 13 0
12 6 15 14 0
12 6 15 15 0
12 7 0 0 0
12 7 0 1 0
12 7 0 2 0
12 7 0 3 0
12 7 0 4 0
12 7 0 5 0
12 7 0 6 0
12 7 0 7 0
12 7 0 8 0
12 7 0 9 0
12 7 0 10 0
12 7 0 11 0
12 7 0 12 0
12 7 0 13 0
12 7 0 14 0
12 7 0 15 0
12 7 1 0 0
12 7 1 1 0
12 7 1 2 0
12 7 1 3 0
12 7 1 4 0
12 7 1 5 0
12 7 1 6 0
12 7 1 7 0
12 7 1 8 0
12 7 1 9 0
12 7 1 10 0
12 7 1 11 0
12 7 1 12 0
12 7 1 13 0
12 7 1 14 0
12 7 1 15 0
12 7 2 0 0
12 7 2 1 0
12 7 2 2 0
12 7 2 3 0
12 7 2 4 0
12 7 2 5 0
12 7 2 6 0
12 7 2 7 0
12 7 2 8 0
12 7 2 9 0
12 7 2 10 0
12 7 2 11 0
12 7 2 12 0
12 7 2 13 0
12 7 2 14 0
12 7 2 15 0
12 7 3 0 0
12 7 3 1 0
12 7 3 2 0
12 7 3 3 0
12 7 3 4 0
12 7 3 5 0
12 7 3 6 0
12 7 3 7 0
12 7 3 8 0
12 7 3 9 0
12 7 3 10 0
12 7 3 11 0
12 7 3 12 0
12 7 3 13 0
12 7 3 14 0
12 7 3 15 0
12 7 4 0 0
12 7 4 1 0
12 7 4 2 0
12 7 4 3 0
12 7 4 4 0
12 7 4 5 0
12 7 4 6 0
12 7 4 7 0
12 7 4 8 0
12 7 4 9 0
12 7 4 10 0
12 7 4 11 0
12 7 4 12 0
12 7 4 13 0
12 7 4 14 0
12 7 4 15 0
12 7 5 0 0
12 7 5 1 0
12 7 5 2 0
12 7 5 3 0
12 7 5 4 0
12 7 5 5 0
12 7 5 6 0
12 7 5 7 0
12 7 5 8 0
12 7 5 9 0
12 7 5 10 0
12 7 5 11 0
12 7 5 12 0
12 7 5 13 0
12 7 5 14 0
12 7 5 15 0
12 7 6 0 0
12 7 6 1 0
12 7 6 2 0
12 7 6 3 0
12 7 6 4 0
12 7 6 5 0
12 7 6 6 0
12 7 6 7 0
12 7 6 8 0
12 7 6 9 0
12 7 6 10 0
12 7 6 11 0
12 7 6 12 0
12 7 6 13 0
12 7 6 14 0
12 7 6 15 0
12 7 7 0 0
12 7 7 1 0
12 7 7 2 0
12 7 7 3 0
12 7 7 4 0
12 7 7 5 0
12 7 7 6 0
12 7 7 7 0
12 7 7 8 0
12 7 7 9 0
12 7 7 10 0
12 7 7 11 0
12 7 7 12 0
12 7 7 13 0
12 7 7 14 0
12 7 7 15 0
12 7 8 0 0
12 7 8 1 0
12 7 8 2 0
12 7 8 3 0
12 7 8 4 0
12 7 8 5 0
12 7 8 6 0
12 7 8 7 0
12 7 8 8 0
12 7 8 9 0
12 7 8 10 0
12 7 8 11 0
12 7 8 12 0
12 7 8 13 0
12 7 8 14 0
12 7 8 15 0
12 7 9 0 0
12 7 9 1 0
12 7 9 2 0
12 7 9 3 0
12 7 9 4 0
12 7 9 5 0
12 7 9 6 0
12 7 9 7 0
12 7 9 8 0
12 7 9 9 0
12 7 9 10 0
12 7 9 11 0
12 7 9 12 0
12 7 9 13 0
12 7 9 14 0
12 7 9 15 0
12 7 10 0 0
12 7 10 1 0
12 7 10 2 0
12 7 10 3 0
12 7 10 4 0
12 7 10 5 0
12 7 10 6 0
12 7 10 7 0
12 7 10 8 0
12 7 10 9 0
12 7 10 10 0
12 7 10 11 0
12 7 10 12 0
12 7 10 13 0
12 7 10 14 0
12 7 10 15 0
12 7 11 0 0
12 7 11 1 0
12 7 11 2 0
12 7 11 3 0
12 7 11 4 0
12 7 11 5 0
12 7 11 6 0
12 7 11 7 0
12 7 11 8 0
12 7 11 9 0
12 7 11 10 0
12 7 11 11 0
12 7 11 12 0
12 7 11 13 0
12 7 11 14 0
12 7 11 15 0
12 7 12 0 0
12 7 12 1 0
12 7 12 2 0
12 7 12 3 0
12 7 12 4 0
12 7 12 5 0
12 7 12 6 0
12 7 12 7 0
12 7 12 8 0
12 7 12 9 0
12 7 12 10 0
12 7 12 11 0
12 7 12 12 0
12 7 12 13 0
12 7 12 14 0
12 7 12 15 0
12 7 13 0 0
12 7 13 1 0
12 7 13 2 0
12 7 13 3 0
12 7 13 4 0
12 7 13 5 0
12 7 13 6 0
12 7 13 7 0
12 7 13 8 0
12 7 13 9 0
12 7 13 10 0
12 7 13 11 0
12 7 13 12 0
12 7 13 13 0
12 7 13 14 0
12 7 13 15 0
12 7 14 0 0
12 7 14 1 0
12 7 14 2 0
12 7 14 3 0
12 7 14 4 0
12 7 14 5 0
12 7 14 6 0
12 7 14 7 0
12 7 14 8 0
12 7 14 9 0
12 7 14 10 0
12 7 14 11 0
12 7 14 12 0
12 7 14 13 0
12 7 14 14 0
12 7 14 15 0
12 7 15 0 0
12 7 15 1 0
12 7 15 2 0
12 7 15 3 0
12 7 15 4 0
12 7 15 5 0
12 7 15 6 0
12 7 15 7 0
12 7 15 8 0
12 7 15 9 0
12 7 15 10 0
12 7 15 11 0
12 7 15 12 0
12 7 15 13 0
12 7 15 14 0
12 7 15 15 0
12 8 0 0 0
12 8 0 1 0
12 8 0 2 0
12 8 0 3 0
12 8 0 4 0
12 8 0 5 0
12 8 0 6 0
12 8 0 7 0
12 8 0 8 0
12 8 0 9 0
12 8 0 10 0
12 8 0 11 0
12 8 0 12 0
12 8 0 13 0
12 8 0 14 0
12 8 0 15 0
12 8 1 0 0
12 8 1 1 0
12 8 1 2 0
12 8 1 3 0
12 8 1 4 0
12 8 1 5 0
12 8 1 6 0
12 8 1 7 0
12 8 1 8 0
12 8 1 9 0
12 8 1 10 0
12 8 1 11 0
12 8 1 12 0
12 8 1 13 0
12 8 1 14 0
12 8 1 15 0
12 8 2 0 0
12 8 2 1 0
12 8 2 2 0
12 8 2 3 0
12 8 2 4 0
12 8 2 5 0
12 8 2 6 0
12 8 2 7 0
12 8 2 8 0
12 8 2 9 0
12 8 2 10 0
12 8 2 11 0
12 8 2 12 0
12 8 2 13 0
12 8 2 14 0
12 8 2 15 0
12 8 3 0 0
12 8 3 1 0
12 8 3 2 0
12 8 3 3 0
12 8 3 4 0
12 8 3 5 0
12 8 3 6 0
12 8 3 7 0
12 8 3 8 0
12 8 3 9 0
12 8 3 10 0
12 8 3 11 0
12 8 3 12 0
12 8 3 13 0
12 8 3 14 0
12 8 3 15 0
12 8 4 0 0
12 8 4 1 0
12 8 4 2 0
12 8 4 3 0
12 8 4 4 0
12 8 4 5 0
12 8 4 6 0
12 8 4 7 0
12 8 4 8 0
12 8 4 9 0
12 8 4 10 0
12 8 4 11 0
12 8 4 12 0
12 8 4 13 0
12 8 4 14 0
12 8 4 15 0
12 8 5 0 0
12 8 5 1 0
12 8 5 2 0
12 8 5 3 0
12 8 5 4 0
12 8 5 5 0
12 8 5 6 0
12 8 5 7 0
12 8 5 8 0
12 8 5 9 0
12 8 5 10 0
12 8 5 11 0
12 8 5 12 0
12 8 5 13 0
12 8 5 14 0
12 8 5 15 0
12 8 6 0 0
12 8 6 1 0
12 8 6 2 0
12 8 6 3 0
12 8 6 4 0
12 8 6 5 0
12 8 6 6 0
12 8 6 7 0
12 8 6 8 0
12 8 6 9 0
12 8 6 10 0
12 8 6 11 0
12 8 6 12 0
12 8 6 13 0
12 8 6 14 0
12 8 6 15 0
12 8 7 0 0
12 8 7 1 0
12 8 7 2 0
12 8 7 3 0
12 8 7 4 0
12 8 7 5 0
12 8 7 6 0
12 8 7 7 0
12 8 7 8 0
12 8 7 9 0
12 8 7 10 0
12 8 7 11 0
12 8 7 12 0
12 8 7 13 0
12 8 7 14 0
12 8 7 15 0
12 8 8 0 0
12 8 8 1 0
12 8 8 2 0
12 8 8 3 0
12 8 8 4 0
12 8 8 5 0
12 8 8 6 0
12 8 8 7 0
12 8 8 8 0
12 8 8 9 0
12 8 8 10 0
12 8 8 11 0
12 8 8 12 0
12 8 8 13 0
12 8 8 14 0
12 8 8 15 0
12 8 9 0 0
12 8 9 1 0
12 8 9 2 0
12 8 9 3 0
12 8 9 4 0
12 8 9 5 0
12 8 9 6 0
12 8 9 7 0
12 8 9 8 0
12 8 9 9 0
12 8 9 10 0
12 8 9 11 0
12 8 9 12 0
12 8 9 13 0
12 8 9 14 0
12 8 9 15 0
12 8 10 0 0
12 8 10 1 0
12 8 10 2 0
12 8 10 3 0
12 8 10 4 0
12 8 10 5 0
12 8 10 6 0
12 8 10 7 0
12 8 10 8 0
12 8 10 9 0
12 8 10 10 0
12 8 10 11 0
12 8 10 12 0
12 8 10 13 0
12 8 10 14 0
12 8 10 15 0
12 8 11 0 0
12 8 11 1 0
12 8 11 2 0
12 8 11 3 0
12 8 11 4 0
12 8 11 5 0
12 8 11 6 0
12 8 11 7 0
12 8 11 8 0
12 8 11 9 0
12 8 11 10 0
12 8 11 11 0
12 8 11 12 0
12 8 11 13 0
12 8 11 14 0
12 8 11 15 0
12 8 12 0 0
12 8 12 1 0
12 8 12 2 0
12 8 12 3 0
12 8 12 4 0
12 8 12 5 0
12 8 12 6 0
12 8 12 7 0
12 8 12 8 0
12 8 12 9 0
12 8 12 10 0
12 8 12 11 0
12 8 12 12 0
12 8 12 13 0
12 8 12 14 0
12 8 12 15 0
12 8 13 0 0
12 8 13 1 0
12 8 13 2 0
12 8 13 3 0
12 8 13 4 0
12 8 13 5 0
12 8 13 6 0
12 8 13 7 0
12 8 13 8 0
12 8 13 9 0
12 8 13 10 0
12 8 13 11 0
12 8 13 12 0
12 8 13 13 0
12 8 13 14 0
12 8 13 15 0
12 8 14 0 0
12 8 14 1 0
12 8 14 2 0
12 8 14 3 0
12 8 14 4 0
12 8 14 5 0
12 8 14 6 0
12 8 14 7 0
12 8 14 8 0
12 8 14 9 0
12 8 14 10 0
12 8 14 11 0
12 8 14 12 0
12 8 14 13 0
12 8 14 14 0
12 8 14 15 0
12 8 15 0 0
12 8 15 1 0
12 8 15 2 0
12 8 15 3 0
12 8 15 4 0
12 8 15 5 0
12 8 15 6 0
12 8 15 7 0
12 8 15 8 0
12 8 15 9 0
12 8 15 10 0
12 8 15 11 0
12 8 15 12 0
12 8 15 13 0
12 8 15 14 0
12 8 15 15 0
12 9 0 0 0
12 9 0 1 0
12 9 0 2 0
12 9 0 3 0
12 9 0 4 0
12 9 0 5 0
12 9 0 6 0
12 9 0 7 0
12 9 0 8 0
12 9 0 9 0
12 9 0 10 0
12 9 0 11 0
12 9 0 12 0
12 9 0 13 0
12 9 0 14 0
12 9 0 15 0
12 9 1 0 0
12 9 1 1 0
12 9 1 2 0
12 9 1 3 0
12 9 1 4 0
12 9 1 5 0
12 9 1 6 0
12 9 1 7 0
12 9 1 8 0
12 9 1 9 0
12 9 1 10 0
12 9 1 11 0
12 9 1 12 0
12 9 1 13 0
12 9 1 14 0
12 9 1 15 0
12 9 2 0 0
12 9 2 1 0
12 9 2 2 0
12 9 2 3 0
12 9 2 4 0
12 9 2 5 0
12 9 2 6 0
12 9 2 7 0
12 9 2 8 0
12 9 2 9 0
12 9 2 10 0
12 9 2 11 0
12 9 2 12 0
12 9 2 13 0
12 9 2 14 0
12 9 2 15 0
12 9 3 0 0
12 9 3 1 0
12 9 3 2 0
12 9 3 3 0
12 9 3 4 0
12 9 3 5 0
12 9 3 6 0
12 9 3 7 0
12 9 3 8 0
12 9 3 9 0
12 9 3 10 0
12 9 3 11 0
12 9 3 12 0
12 9 3 13 0
12 9 3 14 0
12 9 3 15 0
12 9 4 0 0
12 9 4 1 0
12 9 4 2 0
12 9 4 3 0
12 9 4 4 0
12 9 4 5 0
12 9 4 6 0
12 9 4 7 0
12 9 4 8 0
12 9 4 9 0
12 9 4 10 0
12 9 4 11 0
12 9 4 12 0
12 9 4 13 0
12 9 4 14 0
12 9 4 15 0
12 9 5 0 0
12 9 5 1 0
12 9 5 2 0
12 9 5 3 0
12 9 5 4 0
12 9 5 5 0
12 9 5 6 0
12 9 5 7 0
12 9 5 8 0
12 9 5 9 0
12 9 5 10 0
12 9 5 11 0
12 9 5 12 0
12 9 5 13 0
12 9 5 14 0
12 9 5 15 0
12 9 6 0 0
12 9 6 1 0
12 9 6 2 0
12 9 6 3 0
12 9 6 4 0
12 9 6 5 0
12 9 6 6 0
12 9 6 7 0
12 9 6 8 0
12 9 6 9 0
12 9 6 10 0
12 9 6 11 0
12 9 6 12 0
12 9 6 13 0
12 9 6 14 0
12 9 6 15 0
12 9 7 0 0
12 9 7 1 0
12 9 7 2 0
12 9 7 3 0
12 9 7 4 0
12 9 7 5 0
12 9 7 6 0
12 9 7 7 0
12 9 7 8 0
12 9 7 9 0
12 9 7 10 0
12 9 7 11 0
12 9 7 12 0
12 9 7 13 0
12 9 7 14 0
12 9 7 15 0
12 9 8 0 0
12 9 8 1 0
12 9 8 2 0
12 9 8 3 0
12 9 8 4 0
12 9 8 5 0
12 9 8 6 0
12 9 8 7 0
12 9 8 8 0
12 9 8 9 0
12 9 8 10 0
12 9 8 11 0
12 9 8 12 0
12 9 8 13 0
12 9 8 14 0
12 9 8 15 0
12 9 9 0 0
12 9 9 1 0
12 9 9 2 0
12 9 9 3 0
12 9 9 4 0
12 9 9 5 0
12 9 9 6 0
12 9 9 7 0
12 9 9 8 0
12 9 9 9 0
12 9 9 10 0
12 9 9 11 0
12 9 9 12 0
12 9 9 13 0
12 9 9 14 0
12 9 9 15 0
12 9 10 0 0
12 9 10 1 0
12 9 10 2 0
12 9 10 3 0
12 9 10 4 0
12 9 10 5 0
12 9 10 6 0
12 9 10 7 0
12 9 10 8 0
12 9 10 9 0
12 9 10 10 0
12 9 10 11 0
12 9 10 12 0
12 9 10 13 0
12 9 10 14 0
12 9 10 15 0
12 9 11 0 0
12 9 11 1 0
12 9 11 2 0
12 9 11 3 0
12 9 11 4 0
12 9 11 5 0
12 9 11 6 0
12 9 11 7 0
12 9 11 8 0
12 9 11 9 0
12 9 11 10 0
12 9 11 11 0
12 9 11 12 0
12 9 11 13 0
12 9 11 14 0
12 9 11 15 0
12 9 12 0 0
12 9 12 1 0
12 9 12 2 0
12 9 12 3 0
12 9 12 4 0
12 9 12 5 0
12 9 12 6 0
12 9 12 7 0
12 9 12 8 0
12 9 12 9 0
12 9 12 10 0
12 9 12 11 0
12 9 12 12 0
12 9 12 13 0
12 9 12 14 0
12 9 12 15 0
12 9 13 0 0
12 9 13 1 0
12 9 13 2 0
12 9 13 3 0
12 9 13 4 0
12 9 13 5 0
12 9 13 6 0
12 9 13 7 0
12 9 13 8 0
12 9 13 9 0
12 9 13 10 0
12 9 13 11 0
12 9 13 12 0
12 9 13 13 0
12 9 13 14 0
12 9 13 15 0
12 9 14 0 0
12 9 14 1 0
12 9 14 2 0
12 9 14 3 0
12 9 14 4 0
12 9 14 5 0
12 9 14 6 0
12 9 14 7 0
12 9 14 8 0
12 9 14 9 0
12 9 14 10 0
12 9 14 11 0
12 9 14 12 0
12 9 14 13 0
12 9 14 14 0
12 9 14 15 0
12 9 15 0 0
12 9 15 1 0
12 9 15 2 0
12 9 15 3 0
12 9 15 4 0
12 9 15 5 0
12 9 15 6 0
12 9 15 7 0
12 9 15 8 0
12 9 15 9 0
12 9 15 10 0
12 9 15 11 0
12 9 15 12 0
12 9 15 13 0
12 9 15 14 0
12 9 15 15 0
12 10 0 0 0
12 10 0 1 0
12 10 0 2 0
12 10 0 3 0
12 10 0 4 0
12 10 0 5 0
12 10 0 6 0
12 10 0 7 0
12 10 0 8 0
12 10 0 9 0
12 10 0 10 0
12 10 0 11 0
12 10 0 12 0
12 10 0 13 0
12 10 0 14 0
12 10 0 15 0
12 10 1 0 0
12 10 1 1 0
12 10 1 2 0
12 10 1 3 0
12 10 1 4 0
12 10 1 5 0
12 10 1 6 0
12 10 1 7 0
12 10 1 8 0
12 10 1 9 0
12 10 1 10 0
12 10 1 11 0
12 10 1 12 0
12 10 1 13 0
12 10 1 14 0
12 10 1 15 0
12 10 2 0 0
12 10 2 1 0
12 10 2 2 0
12 10 2 3 0
12 10 2 4 0
12 10 2 5 0
12 10 2 6 0
12 10 2 7 0
12 10 2 8 0
12 10 2 9 0
12 10 2 10 0
12 10 2 11 0
12 10 2 12 0
12 10 2 13 0
12 10 2 14 0
12 10 2 15 0
12 10 3 0 0
12 10 3 1 0
12 10 3 2 0
12 10 3 3 0
12 10 3 4 0
12 10 3 5 0
12 10 3 6 0
12 10 3 7 0
12 10 3 8 0
12 10 3 9 0
12 10 3 10 0
12 10 3 11 0
12 10 3 12 0
12 10 3 13 0
12 10 3 14 0
12 10 3 15 0
12 10 4 0 0
12 10 4 1 0
12 10 4 2 0
12 10 4 3 0
12 10 4 4 0
12 10 4 5 0
12 10 4 6 0
12 10 4 7 0
12 10 4 8 0
12 10 4 9 0
12 10 4 10 0
12 10 4 11 0
12 10 4 12 0
12 10 4 13 0
12 10 4 14 0
12 10 4 15 0
12 10 5 0 0
12 10 5 1 0
12 10 5 2 0
12 10 5 3 0
12 10 5 4 0
12 10 5 5 0
12 10 5 6 0
12 10 5 7 0
12 10 5 8 0
12 10 5 9 0
12 10 5 10 0
12 10 5 11 0
12 10 5 12 0
12 10 5 13 0
12 10 5 14 0
12 10 5 15 0
12 10 6 0 0
12 10 6 1 0
12 10 6 2 0
12 10 6 3 0
12 10 6 4 0
12 10 6 5 0
12 10 6 6 0
12 10 6 7 0
12 10 6 8 0
12 10 6 9 0
12 10 6 10 0
12 10 6 11 0
12 10 6 12 0
12 10 6 13 0
12 10 6 14 0
12 10 6 15 0
12 10 7 0 0
12 10 7 1 0
12 10 7 2 0
12 10 7 3 0
12 10 7 4 0
12 10 7 5 0
12 10 7 6 0
12 10 7 7 0
12 10 7 8 0
12 10 7 9 0
12 10 7 10 0
12 10 7 11 0
12 10 7 12 0
12 10 7 13 0
12 10 7 14 0
12 10 7 15 0
12 10 8 0 0
12 10 8 1 0
12 10 8 2 0
12 10 8 3 0
12 10 8 4 0
12 10 8 5 0
12 10 8 6 0
12 10 8 7 0
12 10 8 8 0
12 10 8 9 0
12 10 8 10 0
12 10 8 11 0
12 10 8 12 0
12 10 8 13 0
12 10 8 14 0
12 10 8 15 0
12 10 9 0 0
12 10 9 1 0
12 10 9 2 0
12 10 9 3 0
12 10 9 4 0
12 10 9 5 0
12 10 9 6 0
12 10 9 7 0
12 10 9 8 0
12 10 9 9 0
12 10 9 10 0
12 10 9 11 0
12 10 9 12 0
12 10 9 13 0
12 10 9 14 0
12 10 9 15 0
12 10 10 0 0
12 10 10 1 0
12 10 10 2 0
12 10 10 3 0
12 10 10 4 0
12 10 10 5 0
12 10 10 6 0
12 10 10 7 0
12 10 10 8 0
12 10 10 9 0
12 10 10 10 0
12 10 10 11 0
12 10 10 12 0
12 10 10 13 0
12 10 10 14 0
12 10 10 15 0
12 10 11 0 0
12 10 11 1 0
12 10 11 2 0
12 10 11 3 0
12 10 11 4 0
12 10 11 5 0
12 10 11 6 0
12 10 11 7 0
12 10 11 8 0
12 10 11 9 0
12 10 11 10 0
12 10 11 11 0
12 10 11 12 0
12 10 11 13 0
12 10 11 14 0
12 10 11 15 0
12 10 12 0 0
12 10 12 1 0
12 10 12 2 0
12 10 12 3 0
12 10 12 4 0
12 10 12 5 0
12 10 12 6 0
12 10 12 7 0
12 10 12 8 0
12 10 12 9 0
12 10 12 10 0
12 10 12 11 0
12 10 12 12 0
12 10 12 13 0
12 10 12 14 0
12 10 12 15 0
12 10 13 0 0
12 10 13 1 0
12 10 13 2 0
12 10 13 3 0
12 10 13 4 0
12 10 13 5 0
12 10 13 6 0
12 10 13 7 0
12 10 13 8 0
12 10 13 9 0
12 10 13 10 0
12 10 13 11 0
12 10 13 12 0
12 10 13 13 0
12 10 13 14 0
12 10 13 15 0
12 10 14 0 0
12 10 14 1 0
12 10 14 2 0
12 10 14 3 0
12 10 14 4 0
12 10 14 5 0
12 10 14 6 0
12 10 14 7 0
12 10 14 8 0
12 10 14 9 0
12 10 14 10 0
12 10 14 11 0
12 10 14 12 0
12 10 14 13 0
12 10 14 14 0
12 10 14 15 0
12 10 15 0 0
12 10 15 1 0
12 10 15 2 0
12 10 15 3 0
12 10 15 4 0
12 10 15 5 0
12 10 15 6 0
12 10 15 7 0
12 10 15 8 0
12 10 15 9 0
12 10 15 10 0
12 10 15 11 0
12 10 15 12 0
12 10 15 13 0
12 10 15 14 0
12 10 15 15 0
12 11 0 0 0
12 11 0 1 0
12 11 0 2 0
12 11 0 3 0
12 11 0 4 0
12 11 0 5 0
12 11 0 6 0
12 11 0 7 0
12 11 0 8 0
12 11 0 9 0
12 11 0 10 0
12 11 0 11 0
12 11 0 12 0
12 11 0 13 0
12 11 0 14 0
12 11 0 15 0
12 11 1 0 0
12 11 1 1 0
12 11 1 2 0
12 11 1 3 0
12 11 1 4 0
12 11 1 5 0
12 11 1 6 0
12 11 1 7 0
12 11 1 8 0
12 11 1 9 0
12 11 1 10 0
12 11 1 11 0
12 11 1 12 0
12 11 1 13 0
12 11 1 14 0
12 11 1 15 0
12 11 2 0 0
12 11 2 1 0
12 11 2 2 0
12 11 2 3 0
12 11 2 4 0
12 11 2 5 0
12 11 2 6 0
12 11 2 7 0
12 11 2 8 0
12 11 2 9 0
12 11 2 10 0
12 11 2 11 0
12 11 2 12 0
12 11 2 13 0
12 11 2 14 0
12 11 2 15 0
12 11 3 0 0
12 11 3 1 0
12 11 3 2 0
12 11 3 3 0
12 11 3 4 0
12 11 3 5 0
12 11 3 6 0
12 11 3 7 0
12 11 3 8 0
12 11 3 9 0
12 11 3 10 0
12 11 3 11 0
12 11 3 12 0
12 11 3 13 0
12 11 3 14 0
12 11 3 15 0
12 11 4 0 0
12 11 4 1 0
12 11 4 2 0
12 11 4 3 0
12 11 4 4 0
12 11 4 5 0
12 11 4 6 0
12 11 4 7 0
12 11 4 8 0
12 11 4 9 0
12 11 4 10 0
12 11 4 11 0
12 11 4 12 0
12 11 4 13 0
12 11 4 14 0
12 11 4 15 0
12 11 5 0 0
12 11 5 1 0
12 11 5 2 0
12 11 5 3 0
12 11 5 4 0
12 11 5 5 0
12 11 5 6 0
12 11 5 7 0
12 11 5 8 0
12 11 5 9 0
12 11 5 10 0
12 11 5 11 0
12 11 5 12 0
12 11 5 13 0
12 11 5 14 0
12 11 5 15 0
12 11 6 0 0
12 11 6 1 0
12 11 6 2 0
12 11 6 3 0
12 11 6 4 0
12 11 6 5 0
12 11 6 6 0
12 11 6 7 0
12 11 6 8 0
12 11 6 9 0
12 11 6 10 0
12 11 6 11 0
12 11 6 12 0
12 11 6 13 0
12 11 6 14 0
12 11 6 15 0
12 11 7 0 0
12 11 7 1 0
12 11 7 2 0
12 11 7 3 0
12 11 7 4 0
12 11 7 5 0
12 11 7 6 0
12 11 7 7 0
12 11 7 8 0
12 11 7 9 0
12 11 7 10 0
12 11 7 11 0
12 11 7 12 0
12 11 7 13 0
12 11 7 14 0
12 11 7 15 0
12 11 8 0 0
12 11 8 1 0
12 11 8 2 0
12 11 8 3 0
12 11 8 4 0
12 11 8 5 0
12 11 8 6 0
12 11 8 7 0
12 11 8 8 0
12 11 8 9 0
12 11 8 10 0
12 11 8 11 0
12 11 8 12 0
12 11 8 13 0
12 11 8 14 0
12 11 8 15 0
12 11 9 0 0
12 11 9 1 0
12 11 9 2 0
12 11 9 3 0
12 11 9 4 0
12 11 9 5 0
12 11 9 6 0
12 11 9 7 0
12 11 9 8 0
12 11 9 9 0
12 11 9 10 0
12 11 9 11 0
12 11 9 12 0
12 11 9 13 0
12 11 9 14 0
12 11 9 15 0
12 11 10 0 0
12 11 10 1 0
12 11 10 2 0
12 11 10 3 0
12 11 10 4 0
12 11 10 5 0
12 11 10 6 0
12 11 10 7 0
12 11 10 8 0
12 11 10 9 0
12 11 10 10 0
12 11 10 11 0
12 11 10 12 0
12 11 10 13 0
12 11 10 14 0
12 11 10 15 0
12 11 11 0 0
12 11 11 1 0
12 11 11 2 0
12 11 11 3 0
12 11 11 4 0
12 11 11 5 0
12 11 11 6 0
12 11 11 7 0
12 11 11 8 0
12 11 11 9 0
12 11 11 10 0
12 11 11 11 0
12 11 11 12 0
12 11 11 13 0
12 11 11 14 0
12 11 11 15 0
12 11 12 0 0
12 11 12 1 0
12 11 12 2 0
12 11 12 3 0
12 11 12 4 0
12 11 12 5 0
12 11 12 6 0
12 11 12 7 0
12 11 12 8 0
12 11 12 9 0
12 11 12 10 0
12 11 12 11 0
12 11 12 12 0
12 11 12 13 0
12 11 12 14 0
12 11 12 15 0
12 11 13 0 0
12 11 13 1 0
12 11 13 2 0
12 11 13 3 0
12 11 13 4 0
12 11 13 5 0
12 11 13 6 0
12 11 13 7 0
12 11 13 8 0
12 11 13 9 0
12 11 13 10 0
12 11 13 11 0
12 11 13 12 0
12 11 13 13 0
12 11 13 14 0
12 11 13 15 0
12 11 14 0 0
12 11 14 1 0
12 11 14 2 0
12 11 14 3 0
12 11 14 4 0
12 11 14 5 0
12 11 14 6 0
12 11 14 7 0
12 11 14 8 0
12 11 14 9 0
12 11 14 10 0
12 11 14 11 0
12 11 14 12 0
12 11 14 13 0
12 11 14 14 0
12 11 14 15 0
12 11 15 0 0
12 11 15 1 0
12 11 15 2 0
12 11 15 3 0
12 11 15 4 0
12 11 15 5 0
12 11 15 6 0
12 11 15 7 0
12 11 15 8 0
12 11 15 9 0
12 11 15 10 0
12 11 15 11 0
12 11 15 12 0
12 11 15 13 0
12 11 15 14 0
12 11 15 15 0
12 12 0 0 0
12 12 0 1 0
12 12 0 2 0
12 12 0 3 0
12 12 0 4 0
12 12 0 5 0
12 12 0 6 0
12 12 0 7 0
12 12 0 8 0
12 12 0 9 0
12 12 0 10 0
12 12 0 11 0
12 12 0 12 0
12 12 0 13 0
12 12 0 14 0
12 12 0 15 0
12 12 1 0 0
12 12 1 1 0
12 12 1 2 0
12 12 1 3 0
12 12 1 4 0
12 12 1 5 0
12 12 1 6 0
12 12 1 7 0
12 12 1 8 0
12 12 1 9 0
12 12 1 10 0
12 12 1 11 0
12 12 1 12 0
12 12 1 13 0
12 12 1 14 0
12 12 1 15 0
12 12 2 0 0
12 12 2 1 0
12 12 2 2 0
12 12 2 3 0
12 12 2 4 0
12 12 2 5 0
12 12 2 6 0
12 12 2 7 0
12 12 2 8 0
12 12 2 9 0
12 12 2 10 0
12 12 2 11 0
12 12 2 12 0
12 12 2 13 0
12 12 2 14 0
12 12 2 15 0
12 12 3 0 0
12 12 3 1 0
12 12 3 2 0
12 12 3 3 0
12 12 3 4 0
12 12 3 5 0
12 12 3 6 0
12 12 3 7 0
12 12 3 8 0
12 12 3 9 0
12 12 3 10 0
12 12 3 11 0
12 12 3 12 0
12 12 3 13 0
12 12 3 14 0
12 12 3 15 0
12 12 4 0 0
12 12 4 1 0
12 12 4 2 0
12 12 4 3 0
12 12 4 4 0
12 12 4 5 0
12 12 4 6 0
12 12 4 7 0
12 12 4 8 0
12 12 4 9 0
12 12 4 10 0
12 12 4 11 0
12 12 4 12 0
12 12 4 13 0
12 12 4 14 0
12 12 4 15 0
12 12 5 0 0
12 12 5 1 0
12 12 5 2 0
12 12 5 3 0
12 12 5 4 0
12 12 5 5 0
12 12 5 6 0
12 12 5 7 0
12 12 5 8 0
12 12 5 9 0
12 12 5 10 0
12 12 5 11 0
12 12 5 12 0
12 12 5 13 0
12 12 5 14 0
12 12 5 15 0
12 12 6 0 0
12 12 6 1 0
12 12 6 2 0
12 12 6 3 0
12 12 6 4 0
12 12 6 5 0
12 12 6 6 0
12 12 6 7 0
12 12 6 8 0
12 12 6 9 0
12 12 6 10 0
12 12 6 11 0
12 12 6 12 0
12 12 6 13 0
12 12 6 14 0
12 12 6 15 0
12 12 7 0 0
12 12 7 1 0
12 12 7 2 0
12 12 7 3 0
12 12 7 4 0
12 12 7 5 0
12 12 7 6 0
12 12 7 7 0
12 12 7 8 0
12 12 7 9 0
12 12 7 10 0
12 12 7 11 0
12 12 7 12 0
12 12 7 13 0
12 12 7 14 0
12 12 7 15 0
12 12 8 0 0
12 12 8 1 0
12 12 8 2 0
12 12 8 3 0
12 12 8 4 0
12 12 8 5 0
12 12 8 6 0
12 12 8 7 0
12 12 8 8 0
12 12 8 9 0
12 12 8 10 0
12 12 8 11 0
12 12 8 12 0
12 12 8 13 0
12 12 8 14 0
12 12 8 15 0
12 12 9 0 0
12 12 9 1 0
12 12 9 2 0
12 12 9 3 0
12 12 9 4 0
12 12 9 5 0
12 12 9 6 0
12 12 9 7 0
12 12 9 8 0
12 12 9 9 0
12 12 9 10 0
12 12 9 11 0
12 12 9 12 0
12 12 9 13 0
12 12 9 14 0
12 12 9 15 0
12 12 10 0 0
12 12 10 1 0
12 12 10 2 0
12 12 10 3 0
12 12 10 4 0
12 12 10 5 0
12 12 10 6 0
12 12 10 7 0
12 12 10 8 0
12 12 10 9 0
12 12 10 10 0
12 12 10 11 0
12 12 10 12 0
12 12 10 13 0
12 12 10 14 0
12 12 10 15 0
12 12 11 0 0
12 12 11 1 0
12 12 11 2 0
12 12 11 3 0
12 12 11 4 0
12 12 11 5 0
12 12 11 6 0
12 12 11 7 0
12 12 11 8 0
12 12 11 9 0
12 12 11 10 0
12 12 11 11 0
12 12 11 12 0
12 12 11 13 0
12 12 11 14 0
12 12 11 15 0
12 12 12 0 0
12 12 12 1 0
12 12 12 2 0
12 12 12 3 0
12 12 12 4 0
12 12 12 5 0
12 12 12 6 0
12 12 12 7 0
12 12 12 8 0
12 12 12 9 0
12 12 12 10 0
12 12 12 11 0
12 12 12 12 0
12 12 12 13 0
12 12 12 14 0
12 12 12 15 0
12 12 13 0 0
12 12 13 1 0
12 12 13 2 0
12 12 13 3 0
12 12 13 4 0
12 12 13 5 0
12 12 13 6 0
12 12 13 7 0
12 12 13 8 0
12 12 13 9 0
12 12 13 10 0
12 12 13 11 0
12 12 13 12 0
12 12 13 13 0
12 12 13 14 0
12 12 13 15 0
12 12 14 0 0
12 12 14 1 0
12 12 14 2 0
12 12 14 3 0
12 12 14 4 0
12 12 14 5 0
12 12 14 6 0
12 12 14 7 0
12 12 14 8 0
12 12 14 9 0
12 12 14 10 0
12 12 14 11 0
12 12 14 12 0
12 12 14 13 0
12 12 14 14 0
12 12 14 15 0
12 12 15 0 0
12 12 15 1 0
12 12 15 2 0
12 12 15 3 0
12 12 15 4 0
12 12 15 5 0
12 12 15 6 0
12 12 15 7 0
12 12 15 8 0
12 12 15 9 0
12 12 15 10 0
12 12 15 11 0
12 12 15 12 0
12 12 15 13 0
12 12 15 14 0
12 12 15 15 0
12 13 0 0 0
12 13 0 1 0
12 13 0 2 0
12 13 0 3 0
12 13 0 4 0
12 13 0 5 0
12 13 0 6 0
12 13 0 7 0
12 13 0 8 0
12 13 0 9 0
12 13 0 10 0
12 13 0 11 0
12 13 0 12 0
12 13 0 13 0
12 13 0 14 0
12 13 0 15 0
12 13 1 0 0
12 13 1 1 0
12 13 1 2 0
12 13 1 3 0
12 13 1 4 0
12 13 1 5 0
12 13 1 6 0
12 13 1 7 0
12 13 1 8 0
12 13 1 9 0
12 13 1 10 0
12 13 1 11 0
12 13 1 12 0
12 13 1 13 0
12 13 1 14 0
12 13 1 15 0
12 13 2 0 0
12 13 2 1 0
12 13 2 2 0
12 13 2 3 0
12 13 2 4 0
12 13 2 5 0
12 13 2 6 0
12 13 2 7 0
12 13 2 8 0
12 13 2 9 0
12 13 2 10 0
12 13 2 11 0
12 13 2 12 0
12 13 2 13 0
12 13 2 14 0
12 13 2 15 0
12 13 3 0 0
12 13 3 1 0
12 13 3 2 0
12 13 3 3 0
12 13 3 4 0
12 13 3 5 0
12 13 3 6 0
12 13 3 7 0
12 13 3 8 0
12 13 3 9 0
12 13 3 10 0
12 13 3 11 0
12 13 3 12 0
12 13 3 13 0
12 13 3 14 0
12 13 3 15 0
12 13 4 0 0
12 13 4 1 0
12 13 4 2 0
12 13 4 3 0
12 13 4 4 0
12 13 4 5 0
12 13 4 6 0
12 13 4 7 0
12 13 4 8 0
12 13 4 9 0
12 13 4 10 0
12 13 4 11 0
12 13 4 12 0
12 13 4 13 0
12 13 4 14 0
12 13 4 15 0
12 13 5 0 0
12 13 5 1 0
12 13 5 2 0
12 13 5 3 0
12 13 5 4 0
12 13 5 5 0
12 13 5 6 0
12 13 5 7 0
12 13 5 8 0
12 13 5 9 0
12 13 5 10 0
12 13 5 11 0
12 13 5 12 0
12 13 5 13 0
12 13 5 14 0
12 13 5 15 0
12 13 6 0 0
12 13 6 1 0
12 13 6 2 0
12 13 6 3 0
12 13 6 4 0
12 13 6 5 0
12 13 6 6 0
12 13 6 7 0
12 13 6 8 0
12 13 6 9 0
12 13 6 10 0
12 13 6 11 0
12 13 6 12 0
12 13 6 13 0
12 13 6 14 0
12 13 6 15 0
12 13 7 0 0
12 13 7 1 0
12 13 7 2 0
12 13 7 3 0
12 13 7 4 0
12 13 7 5 0
12 13 7 6 0
12 13 7 7 0
12 13 7 8 0
12 13 7 9 0
12 13 7 10 0
12 13 7 11 0
12 13 7 12 0
12 13 7 13 0
12 13 7 14 0
12 13 7 15 0
12 13 8 0 0
12 13 8 1 0
12 13 8 2 0
12 13 8 3 0
12 13 8 4 0
12 13 8 5 0
12 13 8 6 0
12 13 8 7 0
12 13 8 8 0
12 13 8 9 0
12 13 8 10 0
12 13 8 11 0
12 13 8 12 0
12 13 8 13 0
12 13 8 14 0
12 13 8 15 0
12 13 9 0 0
12 13 9 1 0
12 13 9 2 0
12 13 9 3 0
12 13 9 4 0
12 13 9 5 0
12 13 9 6 0
12 13 9 7 0
12 13 9 8 0
12 13 9 9 0
12 13 9 10 0
12 13 9 11 0
12 13 9 12 0
12 13 9 13 0
12 13 9 14 0
12 13 9 15 0
12 13 10 0 0
12 13 10 1 0
12 13 10 2 0
12 13 10 3 0
12 13 10 4 0
12 13 10 5 0
12 13 10 6 0
12 13 10 7 0
12 13 10 8 0
12 13 10 9 0
12 13 10 10 0
12 13 10 11 0
12 13 10 12 0
12 13 10 13 0
12 13 10 14 0
12 13 10 15 0
12 13 11 0 0
12 13 11 1 0
12 13 11 2 0
12 13 11 3 0
12 13 11 4 0
12 13 11 5 0
12 13 11 6 0
12 13 11 7 0
12 13 11 8 0
12 13 11 9 0
12 13 11 10 0
12 13 11 11 0
12 13 11 12 0
12 13 11 13 0
12 13 11 14 0
12 13 11 15 0
12 13 12 0 0
12 13 12 1 0
12 13 12 2 0
12 13 12 3 0
12 13 12 4 0
12 13 12 5 0
12 13 12 6 0
12 13 12 7 0
12 13 12 8 0
12 13 12 9 0
12 13 12 10 0
12 13 12 11 0
12 13 12 12 0
12 13 12 13 0
12 13 12 14 0
12 13 12 15 0
12 13 13 0 0
12 13 13 1 0
12 13 13 2 0
12 13 13 3 0
12 13 13 4 0
12 13 13 5 0
12 13 13 6 0
12 13 13 7 0
12 13 13 8 0
12 13 13 9 0
12 13 13 10 0
12 13 13 11 0
12 13 13 12 0
12 13 13 13 0
12 13 13 14 0
12 13 13 15 0
12 13 14 0 0
12 13 14 1 0
12 13 14 2 0
12 13 14 3 0
12 13 14 4 0
12 13 14 5 0
12 13 14 6 0
12 13 14 7 0
12 13 14 8 0
12 13 14 9 0
12 13 14 10 0
12 13 14 11 0
12 13 14 12 0
12 13 14 13 0
12 13 14 14 0
12 13 14 15 0
12 13 15 0 0
12 13 15 1 0
12 13 15 2 0
12 13 15 3 0
12 13 15 4 0
12 13 15 5 0
12 13 15 6 0
12 13 15 7 0
12 13 15 8 0
12 13 15 9 0
12 13 15 10 0
12 13 15 11 0
12 13 15 12 0
12 13 15 13 0
12 13 15 14 0
12 13 15 15 0
12 14 0 0 0
12 14 0 1 0
12 14 0 2 0
12 14 0 3 0
12 14 0 4 0
12 14 0 5 0
12 14 0 6 0
12 14 0 7 0
12 14 0 8 0
12 14 0 9 0
12 14 0 10 0
12 14 0 11 0
12 14 0 12 0
12 14 0 13 0
12 14 0 14 0
12 14 0 15 0
12 14 1 0 0
12 14 1 1 0
12 14 1 2 0
12 14 1 3 0
12 14 1 4 0
12 14 1 5 0
12 14 1 6 0
12 14 1 7 0
12 14 1 8 0
12 14 1 9 0
12 14 1 10 0
12 14 1 11 0
12 14 1 12 0
12 14 1 13 0
12 14 1 14 0
12 14 1 15 0
12 14 2 0 0
12 14 2 1 0
12 14 2 2 0
12 14 2 3 0
12 14 2 4 0
12 14 2 5 0
12 14 2 6 0
12 14 2 7 0
12 14 2 8 0
12 14 2 9 0
12 14 2 10 0
12 14 2 11 0
12 14 2 12 0
12 14 2 13 0
12 14 2 14 0
12 14 2 15 0
12 14 3 0 0
12 14 3 1 0
12 14 3 2 0
12 14 3 3 0
12 14 3 4 0
12 14 3 5 0
12 14 3 6 0
12 14 3 7 0
12 14 3 8 0
12 14 3 9 0
12 14 3 10 0
12 14 3 11 0
12 14 3 12 0
12 14 3 13 0
12 14 3 14 0
12 14 3 15 0
12 14 4 0 0
12 14 4 1 0
12 14 4 2 0
12 14 4 3 0
12 14 4 4 0
12 14 4 5 0
12 14 4 6 0
12 14 4 7 0
12 14 4 8 0
12 14 4 9 0
12 14 4 10 0
12 14 4 11 0
12 14 4 12 0
12 14 4 13 0
12 14 4 14 0
12 14 4 15 0
12 14 5 0 0
12 14 5 1 0
12 14 5 2 0
12 14 5 3 0
12 14 5 4 0
12 14 5 5 0
12 14 5 6 0
12 14 5 7 0
12 14 5 8 0
12 14 5 9 0
12 14 5 10 0
12 14 5 11 0
12 14 5 12 0
12 14 5 13 0
12 14 5 14 0
12 14 5 15 0
12 14 6 0 0
12 14 6 1 0
12 14 6 2 0
12 14 6 3 0
12 14 6 4 0
12 14 6 5 0
12 14 6 6 0
12 14 6 7 0
12 14 6 8 0
12 14 6 9 0
12 14 6 10 0
12 14 6 11 0
12 14 6 12 0
12 14 6 13 0
12 14 6 14 0
12 14 6 15 0
12 14 7 0 0
12 14 7 1 0
12 14 7 2 0
12 14 7 3 0
12 14 7 4 0
12 14 7 5 0
12 14 7 6 0
12 14 7 7 0
12 14 7 8 0
12 14 7 9 0
12 14 7 10 0
12 14 7 11 0
12 14 7 12 0
12 14 7 13 0
12 14 7 14 0
12 14 7 15 0
12 14 8 0 0
12 14 8 1 0
12 14 8 2 0
12 14 8 3 0
12 14 8 4 0
12 14 8 5 0
12 14 8 6 0
12 14 8 7 0
12 14 8 8 0
12 14 8 9 0
12 14 8 10 0
12 14 8 11 0
12 14 8 12 0
12 14 8 13 0
12 14 8 14 0
12 14 8 15 0
12 14 9 0 0
12 14 9 1 0
12 14 9 2 0
12 14 9 3 0
12 14 9 4 0
12 14 9 5 0
12 14 9 6 0
12 14 9 7 0
12 14 9 8 0
12 14 9 9 0
12 14 9 10 0
12 14 9 11 0
12 14 9 12 0
12 14 9 13 0
12 14 9 14 0
12 14 9 15 0
12 14 10 0 0
12 14 10 1 0
12 14 10 2 0
12 14 10 3 0
12 14 10 4 0
12 14 10 5 0
12 14 10 6 0
12 14 10 7 0
12 14 10 8 0
12 14 10 9 0
12 14 10 10 0
12 14 10 11 0
12 14 10 12 0
12 14 10 13 0
12 14 10 14 0
12 14 10 15 0
12 14 11 0 0
12 14 11 1 0
12 14 11 2 0
12 14 11 3 0
12 14 11 4 0
12 14 11 5 0
12 14 11 6 0
12 14 11 7 0
12 14 11 8 0
12 14 11 9 0
12 14 11 10 0
12 14 11 11 0
12 14 11 12 0
12 14 11 13 0
12 14 11 14 0
12 14 11 15 0
12 14 12 0 0
12 14 12 1 0
12 14 12 2 0
12 14 12 3 0
12 14 12 4 0
12 14 12 5 0
12 14 12 6 0
12 14 12 7 0
12 14 12 8 0
12 14 12 9 0
12 14 12 10 0
12 14 12 11 0
12 14 12 12 0
12 14 12 13 0
12 14 12 14 0
12 14 12 15 0
12 14 13 0 0
12 14 13 1 0
12 14 13 2 0
12 14 13 3 0
12 14 13 4 0
12 14 13 5 0
12 14 13 6 0
12 14 13 7 0
12 14 13 8 0
12 14 13 9 0
12 14 13 10 0
12 14 13 11 0
12 14 13 12 0
12 14 13 13 0
12 14 13 14 0
12 14 13 15 0
12 14 14 0 0
12 14 14 1 0
12 14 14 2 0
12 14 14 3 0
12 14 14 4 0
12 14 14 5 0
12 14 14 6 0
12 14 14 7 0
12 14 14 8 0
12 14 14 9 0
12 14 14 10 0
12 14 14 11 0
12 14 14 12 0
12 14 14 13 0
12 14 14 14 0
12 14 14 15 0
12 14 15 0 0
12 14 15 1 0
12 14 15 2 0
12 14 15 3 0
12 14 15 4 0
12 14 15 5 0
12 14 15 6 0
12 14 15 7 0
12 14 15 8 0
12 14 15 9 0
12 14 15 10 0
12 14 15 11 0
12 14 15 12 0
12 14 15 13 0
12 14 15 14 0
12 14 15 15 0
12 15 0 0 0
12 15 0 1 0
12 15 0 2 0
12 15 0 3 0
12 15 0 4 0
12 15 0 5 0
12 15 0 6 0
12 15 0 7 0
12 15 0 8 0
12 15 0 9 0
12 15 0 10 0
12 15 0 11 0
12 15 0 12 0
12 15 0 13 0
12 15 0 14 0
12 15 0 15 0
12 15 1 0 0
12 15 1 1 0
12 15 1 2 0
12 15 1 3 0
12 15 1 4 0
12 15 1 5 0
12 15 1 6 0
12 15 1 7 0
12 15 1 8 0
12 15 1 9 0
12 15 1 10 0
12 15 1 11 0
12 15 1 12 0
12 15 1 13 0
12 15 1 14 0
12 15 1 15 0
12 15 2 0 0
12 15 2 1 0
12 15 2 2 0
12 15 2 3 0
12 15 2 4 0
12 15 2 5 0
12 15 2 6 0
12 15 2 7 0
12 15 2 8 0
12 15 2 9 0
12 15 2 10 0
12 15 2 11 0
12 15 2 12 0
12 15 2 13 0
12 15 2 14 0
12 15 2 15 0
12 15 3 0 0
12 15 3 1 0
12 15 3 2 0
12 15 3 3 0
12 15 3 4 0
12 15 3 5 0
12 15 3 6 0
12 15 3 7 0
12 15 3 8 0
12 15 3 9 0
12 15 3 10 0
12 15 3 11 0
12 15 3 12 0
12 15 3 13 0
12 15 3 14 0
12 15 3 15 0
12 15 4 0 0
12 15 4 1 0
12 15 4 2 0
12 15 4 3 0
12 15 4 4 0
12 15 4 5 0
12 15 4 6 0
12 15 4 7 0
12 15 4 8 0
12 15 4 9 0
12 15 4 10 0
12 15 4 11 0
12 15 4 12 0
12 15 4 13 0
12 15 4 14 0
12 15 4 15 0
12 15 5 0 0
12 15 5 1 0
12 15 5 2 0
12 15 5 3 0
12 15 5 4 0
12 15 5 5 0
12 15 5 6 0
12 15 5 7 0
12 15 5 8 0
12 15 5 9 0
12 15 5 10 0
12 15 5 11 0
12 15 5 12 0
12 15 5 13 0
12 15 5 14 0
12 15 5 15 0
12 15 6 0 0
12 15 6 1 0
12 15 6 2 0
12 15 6 3 0
12 15 6 4 0
12 15 6 5 0
12 15 6 6 0
12 15 6 7 0
12 15 6 8 0
12 15 6 9 0
12 15 6 10 0
12 15 6 11 0
12 15 6 12 0
12 15 6 13 0
12 15 6 14 0
12 15 6 15 0
12 15 7 0 0
12 15 7 1 0
12 15 7 2 0
12 15 7 3 0
12 15 7 4 0
12 15 7 5 0
12 15 7 6 0
12 15 7 7 0
12 15 7 8 0
12 15 7 9 0
12 15 7 10 0
12 15 7 11 0
12 15 7 12 0
12 15 7 13 0
12 15 7 14 0
12 15 7 15 0
12 15 8 0 0
12 15 8 1 0
12 15 8 2 0
12 15 8 3 0
12 15 8 4 0
12 15 8 5 0
12 15 8 6 0
12 15 8 7 0
12 15 8 8 0
12 15 8 9 0
12 15 8 10 0
12 15 8 11 0
12 15 8 12 0
12 15 8 13 0
12 15 8 14 0
12 15 8 15 0
12 15 9 0 0
12 15 9 1 0
12 15 9 2 0
12 15 9 3 0
12 15 9 4 0
12 15 9 5 0
12 15 9 6 0
12 15 9 7 0
12 15 9 8 0
12 15 9 9 0
12 15 9 10 0
12 15 9 11 0
12 15 9 12 0
12 15 9 13 0
12 15 9 14 0
12 15 9 15 0
12 15 10 0 0
12 15 10 1 0
12 15 10 2 0
12 15 10 3 0
12 15 10 4 0
12 15 10 5 0
12 15 10 6 0
12 15 10 7 0
12 15 10 8 0
12 15 10 9 0
12 15 10 10 0
12 15 10 11 0
12 15 10 12 0
12 15 10 13 0
12 15 10 14 0
12 15 10 15 0
12 15 11 0 0
12 15 11 1 0
12 15 11 2 0
12 15 11 3 0
12 15 11 4 0
12 15 11 5 0
12 15 11 6 0
12 15 11 7 0
12 15 11 8 0
12 15 11 9 0
12 15 11 10 0
12 15 11 11 0
12 15 11 12 0
12 15 11 13 0
12 15 11 14 0
12 15 11 15 0
12 15 12 0 0
12 15 12 1 0
12 15 12 2 0
12 15 12 3 0
12 15 12 4 0
12 15 12 5 0
12 15 12 6 0
12 15 12 7 0
12 15 12 8 0
12 15 12 9 0
12 15 12 10 0
12 15 12 11 0
12 15 12 12 0
12 15 12 13 0
12 15 12 14 0
12 15 12 15 0
12 15 13 0 0
12 15 13 1 0
12 15 13 2 0
12 15 13 3 0
12 15 13 4 0
12 15 13 5 0
12 15 13 6 0
12 15 13 7 0
12 15 13 8 0
12 15 13 9 0
12 15 13 10 0
12 15 13 11 0
12 15 13 12 0
12 15 13 13 0
12 15 13 14 0
12 15 13 15 0
12 15 14 0 0
12 15 14 1 0
12 15 14 2 0
12 15 14 3 0
12 15 14 4 0
12 15 14 5 0
12 15 14 6 0
12 15 14 7 0
12 15 14 8 0
12 15 14 9 0
12 15 14 10 0
12 15 14 11 0
12 15 14 12 0
12 15 14 13 0
12 15 14 14 0
12 15 14 15 0
12 15 15 0 0
12 15 15 1 0
12 15 15 2 0
12 15 15 3 0
12 15 15 4 0
12 15 15 5 0
12 15 15 6 0
12 15 15 7 0
12 15 15 8 0
12 15 15 9 0
12 15 15 10 0
12 15 15 11 0
12 15 15 12 0
12 15 15 13 0
12 15 15 14 0
12 15 15 15 0
13 0 0 0 0
13 0 0 1 0
13 0 0 2 0
13 0 0 3 0
13 0 0 4 0
13 0 0 5 0
13 0 0 6 -0.008229363222880381
13 0 0 7 0
13 0 0 8 0
13 0 0 9 0
13 0 0 10 0
13 0 0 11 0
13 0 0 12 0
13 0 0 13 -0.0005719495847565322
13 0 0 14 0
13 0 0 15 0
13 0 1 0 0
13 0 1 1 0
13 0 1 2 0
13 0 1 3 0
13 0 1 4 0
13 0 1 5 0
13 0 1 6 0
13 0 1 7 0
13 0 1 8 0
13 0 1 9 0
13 0 1 10 0
13 0 1 11 0
13 0 1 12 0
13 0 1 13 0
13 0 1 14 0
13 0 1 15 0
13 0 2 0 0
13 0 2 1 0
13 0 2 2 0
13 0 2 3 0
13 0 2 4 0
13 0 2 5 0
13 0 2 6 0
13 0 2 7 0
13 0 2 8 0
13 0 2 9 0
13 0 2 10 0
13 0 2 11 0
13 0 2 12 0
13 0 2 13 0
13 0 2 14 0
13 0 2 15 0
13 0 3 0 0
13 0 3 1 0
13 0 3 2 0
13 0 3 3 0
13 0 3 4 0
13 0 3 5 0
13 0 3 6 0
13 0 3 7 0
13 0 3 8 0
13 0 3 9 0
13 0 3 10 0
13 0 3 11 0
13 0 3 12 0
13 0 3 13 0
13 0 3 14 0
13 0 3 15 0
13 0 4 0 0
13 0 4 1 0
13 0 4 2 0
13 0 4 3 0
13 0 4 4 0
13 0 4 5 0
13 0 4 6 0
13 0 4 7 0
13 0 4 8 0
13 0 4 9 0
13 0 4 10 0
13 0 4 11 0
13 0 4 12 0
13 0 4 13 0
13 0 4 14 0
13 0 4 15 0
13 0 5 0 0
13 0 5 1 0
13 0 5 2 0
13 0 5 3 0
13 0 5 4 0
13 0 5 5 0
13 0 5 6 0
13 0 5 7 0
13 0 5 8 0
13 0 5 9 0
13 0 5 10 0
13 0 5 11 0
13 0 5 12 0
13 0 5 13 0
13 0 5 14 0
13 0 5 15 0
13 0 6 0 0.01645872644576076
13 0 6 1 0
13 0 6 2 0
13 0 6 3 0
13 0 6 4 0
13 0 6 5 0
13 0 6 6 0
13 0 6 7 0
13 0 6 8 0
13 0 6 9 0
13 0 6 10 0
13 0 6 11 -0.0001359849022577206
13 0 6 12 0
13 0 6 13 0
13 0 6 14 0
13 0 6 15 0
13 0 7 0 0
13 0 7 1 0
13 0 7 2 0
13 0 7 3 0
13 0 7 4 0
13 0 7 5 0
13 0 7 6 0
13 0 7 7 0
13 0 7 8 0
13 0 7 9 0
13 0 7 10 0
13 0 7 11 0
13 0 7 12 0
13 0 7 13 0
13 0 7 14 0
13 0 7 15 0
13 0 8 0 0
13 0 8 1 0
13 0 8 2 0
13 0 8 3 0
13 0 8 4 0
13 0 8 5 0
13 0 8 6 0
13 0 8 7 0
13 0 8 8 0
13 0 8 9 0
13 0 8 10 0
13 0 8 11 0
13 0 8 12 0
13 0 8 13 0
13 0 8 14 0
13 0 8 15 0
13 0 9 0 0
13 0 9 1 0
13 0 9 2 0
13 0 9 3 0
13 0 9 4 0
13 0 9 5 0
13 0 9 6 0
13 0 9 7 0
13 0 9 8 0
13 0 9 9 0
13 0 9 10 0
13 0 9 11 0
13 0 9 12 0
13 0 9 13 0
13 0 9 14 0
13 0 9 15 0
13 0 10 0 0
13 0 10 1 0
13 0 10 2 0
13 0 10 3 0
13 0 10 4 0
13 0 10 5 0
13 0 10 6 0
13 0 10 7 0
13 0 10 8 0
13 0 10 9 0
13 0 10 10 0
13 0 10 11 0
13 0 10 12 0
13 0 10 13 0
13 0 10 14 0
13 0 10 15 0
13 0 11 0 0
13 0 11 1 0
13 0 11 2 0
13 0 11 3 0
13 0 11 4 0
13 0 11 5 0
13 0 11 6 -0.0001657316503265594
13 0 11 7 0
13 0 11 8 0
13 0 11 9 0
13 0 11 10 0
13 0 11 11 0
13 0 11 12 0
13 0 11 13 0
13 0 11 14 0
13 0 11 15 0
13 0 12 0 0
13 0 12 1 0
13 0 12 2 0
13 0 12 3 0
13 0 12 4 0
13 0 12 5 0
13 0 12 6 0
13 0 12 7 0
13 0 12 8 0
13 0 12 9 0
13 0 12 10 0
13 0 12 11 0
13 0 12 12 0
13 0 12 13 0
13 0 12 14 0
13 0 12 15 0
13 0 13 0 0.001143899169513064
13 0 13 1 0
13 0 13 2 0
13 0 13 3 0
13 0 13 4 0
13 0 13 5 0
13 0 13 6 0
13 0 13 7 0
13 0 13 8 0
13 0 13 9 0
13 0 13 10 0
13 0 13 11 0
13 0 13 12 0
13 0 13 13 0
13 0 13 14 0
13 0 13 15 0
13 0 14 0 0
13 0 14 1 0
13 0 14 2 0
13 0 14 3 0
13 0 14 4 0
13 0 14 5 0
13 0 14 6 0
13 0 14 7 0
13 0 14 8 0
13 0 14 9 0
13 0 14 10 0
13 0 14 11 0
13 0 14 12 0
13 0 14 13 0
13 0 14 14 0
13 0 14 15 0
13 0 15 0 0
13 0 15 1 0
13 0 15 2 0
13 0 15 3 0
13 0 15 4 0
13 0 15 5 0
13 0 15 6 0
13 0 15 7 0
13 0 15 8 0
13 0 15 9 0
13 0 15 10 0
13 0 15 11 0
13 0 15 12 0
13 0 15 13 0
13 0 15 14 0
13 0 15 15 0
13 1 0 0 0
13 1 0 1 0
13 1 0 2 0
13 1 0 3 0
13 1 0 4 0
13 1 0 5 0
13 1 0 6 0
13 1 0 7 0
13 1 0 8 0
13 1 0 9 0
13 1 0 10 0
13 1 0 11 0
13 1 0 12 0
13 1 0 13 0
13 1 0 14 0
13 1 0 15 0
13 1 1 0 0
13 1 1 1 0
13 1 1 2 0
13 1 1 3 0
13 1 1 4 0
13 1 1 5 0
13 1 1 6 -0.008229363222880381
13 1 1 7 0
13 1 1 8 0
13 1 1 9 0
13 1 1 10 0
13 1 1 11 0
13 1 1 12 0
13 1 1 13 -0.0005719495847565322
13 1 1 14 0
13 1 1 15 0
13 1 2 0 0
13 1 2 1 0
13 1 2 2 0
13 1 2 3 0
13 1 2 4 0
13 1 2 5 0
13 1 2 6 0
13 1 2 7 0
13 1 2 8 0
13 1 2 9 0
13 1 2 10 0
13 1 2 11 0
13 1 2 12 0
13 1 2 13 0
13 1 2 14 0
13 1 2 15 0
13 1 3 0 0
13 1 3 1 0
13 1 3 2 0
13 1 3 3 0
13 1 3 4 0
13 1 3 5 0
13 1 3 6 0
13 1 3 7 0
13 1 3 8 0
13 1 3 9 0
13 1 3 10 0
13 1 3 11 0
13 1 3 12 0
13 1 3 13 0
13 1 3 14 0
13 1 3 15 0
13 1 4 0 0
13 1 4 1 0
13 1 4 2 0
13 1 4 3 0
13 1 4 4 0
13 1 4 5 0
13 1 4 6 0
13 1 4 7 0
13 1 4 8 0
13 1 4 9 0
13 1 4 10 0
13 1 4 11 0
13 1 4 12 0
13 1 4 13 0
13 1 4 14 0
13 1 4 15 0
13 1 5 0 0
13 1 5 1 0
13 1 5 2 0
13 1 5 3 0
13 1 5 4 0
13 1 5 5 0
13 1 5 6 0
13 1 5 7 0
13 1 5 8 0
13 1 5 9 0
13 1 5 10 0
13 1 5 11 0
13 1 5 12 0
13 1 5 13 0
13 1 5 14 0
13 1 5 15 0
13 1 6 0 0
13 1 6 1 0.01645872644576076
13 1 6 2 0
13 1 6 3 0
13 1 6 4 0
13 1 6 5 0
13 1 6 6 0
13 1 6 7 0
13 1 6 8 0
13 1 6 9 0
13 1 6 10 0
13 1 6 11 0
13 1 6 12 0
13 1 6 13 0
13 1 6 14 0
13 1 6 15 0.0001320874813975587
13 1 7 0 0
13 1 7 1 0
13 1 7 2 0
13 1 7 3 0
13 1 7 4 0
13 1 7 5 0
13 1 7 6 0
13 1 7 7 0
13 1 7 8 0
13 1 7 9 0
13 1 7 10 0
13 1 7 11 0
13 1 7 12 0
13 1 7 13 0
13 1 7 14 0
13 1 7 15 0
13 1 8 0 0
13 1 8 1 0
13 1 8 2 0
13 1 8 3 0
13 1 8 4 0
13 1 8 5 0
13 1 8 6 0
13 1 8 7 0
13 1 8 8 0
13 1 8 9 0
13 1 8 10 0
13 1 8 11 0
13 1 8 12 0
13 1 8 13 0
13 1 8 14 0
13 1 8 15 0
13 1 9 0 0
13 1 9 1 0
13 1 9 2 0
13 1 9 3 0
13 1 9 4 0
13 1 9 5 0
13 1 9 6 0
13 1 9 7 0
13 1 9 8 0
13 1 9 9 0
13 1 9 10 0
13 1 9 11 0
13 1 9 12 0
13 1 9 13 0
13 1 9 14 0
13 1 9 15 0
13 1 10 0 0
13 1 10 1 0
13 1 10 2 0
13 1 10 3 0
13 1 10 4 0
13 1 10 5 0
13 1 10 6 0
13 1 10 7 0
13 1 10 8 0
13 1 10 9 0
13 1 10 10 0
13 1 10 11 0
13 1 10 12 0
13 1 10 13 0
13 1 10 14 0
13 1 10 15 0
13 1 11 0 0
13 1 11 1 0
13 1 11 2 0
13 1 11 3 0
13 1 11 4 0
13 1 11 5 0
13 1 11 6 0
13 1 11 7 0
13 1 11 8 0
13 1 11 9 0
13 1 11 10 0
13 1 11 11 0
13 1 11 12 0
13 1 11 13 0
13 1 11 14 0
13 1 11 15 0
13 1 12 0 0
13 1 12 1 0
13 1 12 2 0
13 1 12 3 0
13 1 12 4 0
13 1 12 5 0
13 1 12 6 0
13 1 12 7 0
13 1 12 8 0
13 1 12 9 0
13 1 12 10 0
13 1 12 11 0
13 1 12 12 0
13 1 12 13 0
13 1 12 14 0
13 1 12 15 0
13 1 13 0 0
13 1 13 1 0.001143899169513064
13 1 13 2 0
13 1 13 3 0
13 1 13 4 0
13 1 13 5 0
13 1 13 6 0
13 1 13 7 0
13 1 13 8 0
13 1 13 9 0
13 1 13 10 0
13 1 13 11 0
13 1 13 12 0
13 1 13 13 0
13 1 13 14 0
13 1 13 15 0
13 1 14 0 0
13 1 14 1 0
13 1 14 2 0
13 1 14 3 0
13 1 14 4 0
13 1 14 5 0
13 1 14 6 0
13 1 14 7 0
13 1 14 8 0
13 1 14 9 0
13 1 14 10 0
13 1 14 11 0
13 1 14 12 0
13 1 14 13 0
13 1 14 14 0
13 1 14 15 0
13 1 15 0 0
13 1 15 1 0
13 1 15 2 0
13 1 15 3 0
13 1 15 4 0
13 1 15 5 0
13 1 15 6 -3.960091710846738e-05
13 1 15 7 0
13 1 15 8 0
13 1 15 9 0
13 1 15 10 0
13 1 15 11 0
13 1 15 12 0
13 1 15 13 0
13 1 15 14 0
13 1 15 15 0
13 2 0 0 0
13 2 0 1 0
13 2 0 2 0
13 2 0 3 0
13 2 0 4 0
13 2 0 5 0
13 2 0 6 0
13 2 0 7 0
13 2 0 8 0
13 2 0 9 0
13 2 0 10 0
13 2 0 11 0
13 2 0 12 0
13 2 0 13 0
13 2 0 14 0
13 2 0 15 0
13 2 1 0 0
13 2 1 1 0
13 2 1 2 0
13 2 1 3 0
13 2 1 4 0
13 2 1 5 0
13 2 1 6 0
13 2 1 7 0
13 2 1 8 0
13 2 1 9 0
13 2 1 10 0
13 2 1 11 0
13 2 1 12 0
13 2 1 13 0
13 2 1 14 0
13 2 1 15 0
13 2 2 0 0
13 2 2 1 0
13 2 2 2 0
13 2 2 3 0
13 2 2 4 0
13 2 2 5 0
13 2 2 6 -0.008229363222880381
13 2 2 7 0
13 2 2 8 0
13 2 2 9 0
13 2 2 10 0
13 2 2 11 0
13 2 2 12 0
13 2 2 13 -0.0005719495847565322
13 2 2 14 0
13 2 2 15 0
13 2 3 0 0
13 2 3 1 0
13 2 3 2 0
13 2 3 3 0
13 2 3 4 0
13 2 3 5 0
13 2 3 6 0
13 2 3 7 -4.336808689942018e-18
13 2 3 8 0
13 2 3 9 0
13 2 3 10 0
13 2 3 11 0
13 2 3 12 0
13 2 3 13 0
13 2 3 14 0
13 2 3 15 0
13 2 4 0 0
13 2 4 1 0
13 2 4 2 0
13 2 4 3 0
13 2 4 4 0
13 2 4 5 0
13 2 4 6 0
13 2 4 7 0
13 2 4 8 0
13 2 4 9 0
13 2 4 10 0
13 2 4 11 0
13 2 4 12 0
13 2 4 13 0
13 2 4 14 0
13 2 4 15 0
13 2 5 0 0
13 2 5 1 0
13 2 5 2 0
13 2 5 3 0
13 2 5 4 0
13 2 5 5 0
13 2 5 6 0
13 2 5 7 0
13 2 5 8 0
13 2 5 9 0
13 2 5 10 0
13 2 5 11 0
13 2 5 12 0
13 2 5 13 0
13 2 5 14 0
13 2 5 15 0
13 2 6 0 0
13 2 6 1 0
13 2 6 2 0.01645872644576076
13 2 6 3 0
13 2 6 4 0
13 2 6 5 0
13 2 6 6 0
13 2 6 7 0
13 2 6 8 0
13 2 6 9 0
13 2 6 10 0
13 2 6 11 -0.0001545232744947923
13 2 6 12 0
13 2 6 13 0
13 2 6 14 5.770196291018118e-05
13 2 6 15 0
13 2 7 0 0
13 2 7 1 0
13 2 7 2 0
13 2 7 3 -0.01742006542449716
13 2 7 4 0
13 2 7 5 0
13 2 7 6 0
13 2 7 7 0
13 2 7 8 0
13 2 7 9 0
13 2 7 10 0
13 2 7 11 0
13 2 7 12 0
13 2 7 13 0
13 2 7 14 0
13 2 7 15 0
13 2 8 0 0
13 2 8 1 0
13 2 8 2 0
13 2 8 3 0
13 2 8 4 0
13 2 8 5 0
13 2 8 6 0
13 2 8 7 0
13 2 8 8 0
13 2 8 9 0
13 2 8 10 0
13 2 8 11 0
13 2 8 12 0
13 2 8 13 0
13 2 8 14 0
13 2 8 15 0
13 2 9 0 0
13 2 9 1 0
13 2 9 2 0
13 2 9 3 0
13 2 9 4 0
13 2 9 5 0
13 2 9 6 0
13 2 9 7 0
13 2 9 8 0
13 2 9 9 0
13 2 9 10 0
13 2 9 11 0
13 2 9 12 0
13 2 9 13 0
13 2 9 14 0
13 2 9 15 0
13 2 10 0 0
13 2 10 1 0
13 2 10 2 0
13 2 10 3 0
13 2 10 4 0
13 2 10 5 0
13 2 10 6 0
13 2 10 7 0
13 2 10 8 0
13 2 10 9 0
13 2 10 10 0
13 2 10 11 0
13 2 10 12 0
13 2 10 13 0
13 2 10 14 0
13 2 10 15 0
13 2 11 0 0
13 2 11 1 0
13 2 11 2 0
13 2 11 3 0
13 2 11 4 0
13 2 11 5 0
13 2 11 6 0.0002036680776854574
13 2 11 7 0
13 2 11 8 0
13 2 11 9 0
13 2 11 10 0
13 2 11 11 0
13 2 11 12 0
13 2 11 13 0
13 2 11 14 0
13 2 11 15 0
13 2 12 0 0
13 2 12 1 0
13 2 12 2 0
13 2 12 3 0
13 2 12 4 0
13 2 12 5 0
13 2 12 6 0
13 2 12 7 0
13 2 12 8 0
13 2 12 9 0
13 2 12 10 0
13 2 12 11 0
13 2 12 12 0
13 2 12 13 0
13 2 12 14 0
13 2 12 15 0
13 2 13 0 0
13 2 13 1 0
13 2 13 2 0.001143899169513064
13 2 13 3 0
13 2 13 4 0
13 2 13 5 0
13 2 13 6 0
13 2 13 7 0
13 2 13 8 0
13 2 13 9 0
13 2 13 10 0
13 2 13 11 0
13 2 13 12 0
13 2 13 13 0
13 2 13 14 0
13 2 13 15 0
13 2 14 0 0
13 2 14 1 0
13 2 14 2 0
13 2 14 3 0
13 2 14 4 0
13 2 14 5 0
13 2 14 6 -0.000590618185209794
13 2 14 7 0
13 2 14 8 0
13 2 14 9 0
13 2 14 10 0
13 2 14 11 0
13 2 14 12 0
13 2 14 13 0
13 2 14 14 0
13 2 14 15 0
13 2 15 0 0
13 2 15 1 0
13 2 15 2 0
13 2 15 3 0
13 2 15 4 0
13 2 15 5 0
13 2 15 6 0
13 2 15 7 0
13 2 15 8 0
13 2 15 9 0
13 2 15 10 0
13 2 15 11 0
13 2 15 12 0
13 2 15 13 0
13 2 15 14 0
13 2 15 15 0
13 3 0 0 0
13 3 0 1 0
13 3 0 2 0
13 3 0 3 0
13 3 0 4 0
13 3 0 5 0
13 3 0 6 0
13 3 0 7 0
13 3 0 8 0
13 3 0 9 0
13 3 0 10 0
13 3 0 11 0
13 3 0 12 0
13 3 0 13 0
13 3 0 14 0
13 3 0 15 0
13 3 1 0 0
13 3 1 1 0
13 3 1 2 0
13 3 1 3 0
13 3 1 4 0
13 3 1 5 0
13 3 1 6 0
13 3 1 7 0
13 3 1 8 0
13 3 1 9 0
13 3 1 10 0
13 3 1 11 0
13 3 1 12 0
13 3 1 13 0
13 3 1 14 0
13 3 1 15 0
13 3 2 0 0
13 3 2 1 0
13 3 2 2 0
13 3 2 3 0
13 3 2 4 0
13 3 2 5 0
13 3 2 6 0
13 3 2 7 0
13 3 2 8 0
13 3 2 9 0
13 3 2 10 0
13 3 2 11 0
13 3 2 12 0
13 3 2 13 0
13 3 2 14 0
13 3 2 15 0
13 3 3 0 0
13 3 3 1 0
13 3 3 2 0
13 3 3 3 0
13 3 3 4 0
13 3 3 5 0
13 3 3 6 -0.008229363222880377
13 3 3 7 0
13 3 3 8 0
13 3 3 9 0
13 3 3 10 0
13 3 3 11 0
13 3 3 12 0
13 3 3 13 -0.0005719495847565302
13 3 3 14 0
13 3 3 15 0
13 3 4 0 0
13 3 4 1 0
13 3 4 2 0
13 3 4 3 0
13 3 4 4 0
13 3 4 5 0
13 3 4 6 0
13 3 4 7 0
13 3 4 8 0
13 3 4 9 0
13 3 4 10 0
13 3 4 11 0
13 3 4 12 0
13 3 4 13 0
13 3 4 14 0
13 3 4 15 0
13 3 5 0 0
13 3 5 1 0
13 3 5 2 0
13 3 5 3 0
13 3 5 4 0
13 3 5 5 0
13 3 5 6 0
13 3 5 7 0
13 3 5 8 0
13 3 5 9 0
13 3 5 10 0
13 3 5 11 0
13 3 5 12 0
13 3 5 13 0
13 3 5 14 0
13 3 5 15 0
13 3 6 0 0
13 3 6 1 0
13 3 6 2 0
13 3 6 3 0.008229363222880381
13 3 6 4 0
13 3 6 5 0
13 3 6 6 0
13 3 6 7 0
13 3 6 8 0.0006174379304241597
13 3 6 9 0
13 3 6 10 0
13 3 6 11 0
13 3 6 12 0
13 3 6 13 0
13 3 6 14 0
13 3 6 15 0
13 3 7 0 0
13 3 7 1 0
13 3 7 2 0
13 3 7 3 0
13 3 7 4 0
13 3 7 5 0
13 3 7 6 0
13 3 7 7 0
13 3 7 8 0
13 3 7 9 0
13 3 7 10 0
13 3 7 11 0
13 3 7 12 0
13 3 7 13 0
13 3 7 14 0
13 3 7 15 0
13 3 8 0 0
13 3 8 1 0
13 3 8 2 0
13 3 8 3 0
13 3 8 4 0
13 3 8 5 0
13 3 8 6 -0.0006174379304241597
13 3 8 7 0
13 3 8 8 0
13 3 8 9 0
13 3 8 10 0
13 3 8 11 0
13 3 8 12 0
13 3 8 13 0
13 3 8 14 0
13 3 8 15 0
13 3 9 0 0
13 3 9 1 0
13 3 9 2 0
13 3 9 3 0
13 3 9 4 0
13 3 9 5 0
13 3 9 6 0
13 3 9 7 0
13 3 9 8 0
13 3 9 9 0
13 3 9 10 0
13 3 9 11 0
13 3 9 12 0
13 3 9 13 0
13 3 9 14 0
13 3 9 15 0
13 3 10 0 0
13 3 10 1 0
13 3 10 2 0
13 3 10 3 0
13 3 10 4 0
13 3 10 5 0
13 3 10 6 0
13 3 10 7 0
13 3 10 8 0
13 3 10 9 0
13 3 10 10 0
13 3 10 11 0
13 3 10 12 0
13 3 10 13 0
13 3 10 14 0
13 3 10 15 0
13 3 11 0 0
13 3 11 1 0
13 3 11 2 0
13 3 11 3 0
13 3 11 4 0
13 3 11 5 0
13 3 11 6 0
13 3 11 7 0
13 3 11 8 0
13 3 11 9 0
13 3 11 10 0
13 3 11 11 0
13 3 11 12 0
13 3 11 13 0
13 3 11 14 0
13 3 11 15 0
13 3 12 0 0
13 3 12 1 0
13 3 12 2 0
13 3 12 3 0
13 3 12 4 0
13 3 12 5 0
13 3 12 6 0
13 3 12 7 0
13 3 12 8 0
13 3 12 9 0
13 3 12 10 0
13 3 12 11 0
13 3 12 12 0
13 3 12 13 0
13 3 12 14 0
13 3 12 15 0
13 3 13 0 0
13 3 13 1 0
13 3 13 2 0
13 3 13 3 0.0005719495847565321
13 3 13 4 0
13 3 13 5 0
13 3 13 6 0
13 3 13 7 0
13 3 13 8 0
13 3 13 9 0
13 3 13 10 0
13 3 13 11 0
13 3 13 12 0
13 3 13 13 0
13 3 13 14 0
13 3 13 15 0
13 3 14 0 0
13 3 14 1 0
13 3 14 2 0
13 3 14 3 0
13 3 14 4 0
13 3 14 5 0
13 3 14 6 0
13 3 14 7 0
13 3 14 8 0
13 3 14 9 0
13 3 14 10 0
13 3 14 11 0
13 3 14 12 0
13 3 14 13 0
13 3 14 14 0
13 3 14 15 0
13 3 15 0 0
13 3 15 1 0
13 3 15 2 0
13 3 15 3 0
13 3 15 4 0
13 3 15 5 0
13 3 15 6 0
13 3 15 7 0
13 3 15 8 0
13 3 15 9 0
13 3 15 10 0
13 3 15 11 0
13 3 15 12 0
13 3 15 13 0
13 3 15 14 0
13 3 15 15 0
13 4 0 0 0
13 4 0 1 0
13 4 0 2 0
13 4 0 3 0
13 4 0 4 0
13 4 0 5 0
13 4 0 6 0
13 4 0 7 0
13 4 0 8 0
13 4 0 9 0
13 4 0 10 0
13 4 0 11 0
13 4 0 12 0
13 4 0 13 0
13 4 0 14 0
13 4 0 15 0
13 4 1 0 0
13 4 1 1 0
13 4 1 2 0
13 4 1 3 0
13 4 1 4 0
13 4 1 5 0
13 4 1 6 0
13 4 1 7 0
13 4 1 8 0
13 4 1 9 0
13 4 1 10 0
13 4 1 11 0
13 4 1 12 0
13 4 1 13 0
13 4 1 14 0
13 4 1 15 0
13 4 2 0 0
13 4 2 1 0
13 4 2 2 0
13 4 2 3 0
13 4 2 4 0
13 4 2 5 0
13 4 2 6 0
13 4 2 7 0
13 4 2 8 0
13 4 2 9 0
13 4 2 10 0
13 4 2 11 0
13 4 2 12 0
13 4 2 13 0
13 4 2 14 0
13 4 2 15 0
13 4 3 0 0
13 4 3 1 0
13 4 3 2 0
13 4 3 3 0
13 4 3 4 0
13 4 3 5 4.415872390035683e-19
13 4 3 6 0
13 4 3 7 0
13 4 3 8 0
13 4 3 9 0
13 4 3 10 0
13 4 3 11 0
13 4 3 12 7.908582588258175e-19
13 4 3 13 0
13 4 3 14 0
13 4 3 15 0
13 4 4 0 0
13 4 4 1 0
13 4 4 2 0
13 4 4 3 0
13 4 4 4 0
13 4 4 5 0
13 4 4 6 -0.008229363222880367
13 4 4 7 0
13 4 4 8 0
13 4 4 9 0
13 4 4 10 0
13 4 4 11 0
13 4 4 12 0
13 4 4 13 -0.0005719495847565303
13 4 4 14 0
13 4 4 15 0
13 4 5 0 0
13 4 5 1 0
13 4 5 2 0
13 4 5 3 1.392843550803441e-19
13 4 5 4 0
13 4 5 5 0
13 4 5 6 0
13 4 5 7 0
13 4 5 8 5.823722935855397e-20
13 4 5 9 0
13 4 5 10 0
13 4 5 11 0
13 4 5 12 0
13 4 5 13 0
13 4 5 14 0
13 4 5 15 0
13 4 6 0 0
13 4 6 1 0
13 4 6 2 0
13 4 6 3 0
13 4 6 4 0.008229363222880381
13 4 6 5 0
13 4 6 6 0
13 4 6 7 0
13 4 6 8 0
13 4 6 9 0.000697879082166791
13 4 6 10 0
13 4 6 11 0
13 4 6 12 0
13 4 6 13 0
13 4 6 14 0
13 4 6 15 0
13 4 7 0 0
13 4 7 1 0
13 4 7 2 0
13 4 7 3 0
13 4 7 4 0
13 4 7 5 0
13 4 7 6 0
13 4 7 7 0
13 4 7 8 0
13 4 7 9 0
13 4 7 10 0
13 4 7 11 0
13 4 7 12 0
13 4 7 13 0
13 4 7 14 0
13 4 7 15 0
13 4 8 0 0
13 4 8 1 0
13 4 8 2 0
13 4 8 3 0
13 4 8 4 0
13 4 8 5 -1.379291356458322e-18
13 4 8 6 0
13 4 8 7 0
13 4 8 8 0
13 4 8 9 0
13 4 8 10 0
13 4 8 11 0
13 4 8 12 0
13 4 8 13 0
13 4 8 14 0
13 4 8 15 0
13 4 9 0 0
13 4 9 1 0
13 4 9 2 0
13 4 9 3 0
13 4 9 4 0
13 4 9 5 0
13 4 9 6 -0.00069787908216679
13 4 9 7 0
13 4 9 8 0
13 4 9 9 0
13 4 9 10 0
13 4 9 11 0
13 4 9 12 0
13 4 9 13 0
13 4 9 14 0
13 4 9 15 0
13 4 10 0 0
13 4 10 1 0
13 4 10 2 0
13 4 10 3 0
13 4 10 4 0
13 4 10 5 0
13 4 10 6 0
13 4 10 7 0
13 4 10 8 0
13 4 10 9 0
13 4 10 10 0
13 4 10 11 0
13 4 10 12 0
13 4 10 13 0
13 4 10 14 0
13 4 10 15 0
13 4 11 0 0
13 4 11 1 0
13 4 11 2 0
13 4 11 3 0
13 4 11 4 0
13 4 11 5 0
13 4 11 6 0
13 4 11 7 0
13 4 11 8 0
13 4 11 9 0
13 4 11 10 0
13 4 11 11 0
13 4 11 12 0
13 4 11 13 0
13 4 11 14 0
13 4 11 15 0
13 4 12 0 0
13 4 12 1 0
13 4 12 2 0
13 4 12 3 -2.404065443846531e-19
13 4 12 4 0
13 4 12 5 0
13 4 12 6 0
13 4 12 7 0
13 4 12 8 0
13 4 12 9 0
13 4 12 10 0
13 4 12 11 0
13 4 12 12 0
13 4 12 13 0
13 4 12 14 0
13 4 12 15 0
13 4 13 0 0
13 4 13 1 0
13 4 13 2 0
13 4 13 3 0
13 4 13 4 0.0005719495847565321
13 4 13 5 0
13 4 13 6 0
13 4 13 7 0
13 4 13 8 0
13 4 13 9 0
13 4 13 10 0
13 4 13 11 0
13 4 13 12 0
13 4 13 13 0
13 4 13 14 0
13 4 13 15 0
13 4 14 0 0
13 4 14 1 0
13 4 14 2 0
13 4 14 3 0
13 4 14 4 0
13 4 14 5 0
13 4 14 6 0
13 4 14 7 0
13 4 14 8 0
13 4 14 9 0
13 4 14 10 0
13 4 14 11 0
13 4 14 12 0
13 4 14 13 0
13 4 14 14 0
13 4 14 15 0
13 4 15 0 0
13 4 15 1 0
13 4 15 2 0
13 4 15 3 0
13 4 15 4 0
13 4 15 5 0
13 4 15 6 0
13 4 15 7 0
13 4 15 8 0
13 4 15 9 0
13 4 15 10 0
13 4 15 11 0
13 4 15 12 0
13 4 15 13 0
13 4 15 14 0
13 4 15 15 0
13 5 0 0 0
13 5 0 1 0
13 5 0 2 0
13 5 0 3 0
13 5 0 4 0
13 5 0 5 0
13 5 0 6 0
13 5 0 7 0
13 5 0 8 0
13 5 0 9 0
13 5 0 10 0
13 5 0 11 0
13 5 0 12 0
13 5 0 13 0
13 5 0 14 0
13 5 0 15 0
13 5 1 0 0
13 5 1 1 0
13 5 1 2 0
13 5 1 3 0
13 5 1 4 0
13 5 1 5 0
13 5 1 6 0
13 5 1 7 0
13 5 1 8 0
13 5 1 9 0
13 5 1 10 0
13 5 1 11 0
13 5 1 12 0
13 5 1 13 0
13 5 1 14 0
13 5 1 15 0
13 5 2 0 0
13 5 2 1 0
13 5 2 2 0
13 5 2 3 0
13 5 2 4 0
13 5 2 5 0
13 5 2 6 0
13 5 2 7 0
13 5 2 8 0
13 5 2 9 0
13 5 2 10 0
13 5 2 11 0
13 5 2 12 0
13 5 2 13 0
13 5 2 14 0
13 5 2 15 0
13 5 3 0 0
13 5 3 1 0
13 5 3 2 0
13 5 3 3 0
13 5 3 4 -2.227219166440092e-17
13 5 3 5 0
13 5 3 6 0
13 5 3 7 0
13 5 3 8 0
13 5 3 9 -3.529652310561309e-19
13 5 3 10 0
13 5 3 11 0
13 5 3 12 0
13 5 3 13 0
13 5 3 14 0
13 5 3 15 0
13 5 4 0 0
13 5 4 1 0
13 5 4 2 0
13 5 4 3 2.316945704135828e-17
13 5 4 4 0
13 5 4 5 0
13 5 4 6 0
13 5 4 7 0
13 5 4 8 1.726129486233862e-18
13 5 4 9 0
13 5 4 10 0
13 5 4 11 0
13 5 4 12 0
13 5 4 13 0
13 5 4 14 0
13 5 4 15 0
13 5 5 0 0
13 5 5 1 0
13 5 5 2 0
13 5 5 3 0
13 5 5 4 0
13 5 5 5 0
13 5 5 6 -0.008229363222880381
13 5 5 7 0
13 5 5 8 0
13 5 5 9 0
13 5 5 10 0
13 5 5 11 0
13 5 5 12 0
13 5 5 13 -0.0005719495847565321
13 5 5 14 0
13 5 5 15 0
13 5 6 0 0
13 5 6 1 0
13 5 6 2 0
13 5 6 3 0
13 5 6 4 0
13 5 6 5 0.008229363222880381
13 5 6 6 0
13 5 6 7 0
13 5 6 8 0
13 5 6 9 0
13 5 6 10 0
13 5 6 11 0
13 5 6 12 0.0006393166969144679
13 5 6 13 0
13 5 6 14 0
13 5 6 15 0
13 5 7 0 0
13 5 7 1 0
13 5 7 2 0
13 5 7 3 0
13 5 7 4 0
13 5 7 5 0
13 5 7 6 0
13 5 7 7 0
13 5 7 8 0
13 5 7 9 0
13 5 7 10 0
13 5 7 11 0
13 5 7 12 0
13 5 7 13 0
13 5 7 14 0
13 5 7 15 0
13 5 8 0 0
13 5 8 1 0
13 5 8 2 0
13 5 8 3 0
13 5 8 4 -1.660588660810009e-18
13 5 8 5 0
13 5 8 6 0
13 5 8 7 0
13 5 8 8 0
13 5 8 9 0
13 5 8 10 0
13 5 8 11 0
13 5 8 12 0
13 5 8 13 0
13 5 8 14 0
13 5 8 15 0
13 5 9 0 0
13 5 9 1 0
13 5 9 2 0
13 5 9 3 3.86915907717548e-19
13 5 9 4 0
13 5 9 5 0
13 5 9 6 0
13 5 9 7 0
13 5 9 8 0
13 5 9 9 0
13 5 9 10 0
13 5 9 11 0
13 5 9 12 0
13 5 9 13 0
13 5 9 14 0
13 5 9 15 0
13 5 10 0 0
13 5 10 1 0
13 5 10 2 0
13 5 10 3 0
13 5 10 4 0
13 5 10 5 0
13 5 10 6 0
13 5 10 7 0
13 5 10 8 0
13 5 10 9 0
13 5 10 10 0
13 5 10 11 0
13 5 10 12 0
13 5 10 13 0
13 5 10 14 0
13 5 10 15 0
13 5 11 0 0
13 5 11 1 0
13 5 11 2 0
13 5 11 3 0
13 5 11 4 0
13 5 11 5 0
13 5 11 6 0
13 5 11 7 0
13 5 11 8 0
13 5 11 9 0
13 5 11 10 0
13 5 11 11 0
13 5 11 12 0
13 5 11 13 0
13 5 11 14 0
13 5 11 15 0
13 5 12 0 0
13 5 12 1 0
13 5 12 2 0
13 5 12 3 0
13 5 12 4 0
13 5 12 5 0
13 5 12 6 -0.0006393166969144679
13 5 12 7 0
13 5 12 8 0
13 5 12 9 0
13 5 12 10 0
13 5 12 11 0
13 5 12 12 0
13 5 12 13 0
13 5 12 14 0
13 5 12 15 0
13 5 13 0 0
13 5 13 1 0
13 5 13 2 0
13 5 13 3 0
13 5 13 4 0
13 5 13 5 0.0005719495847565321
13 5 13 6 0
13 5 13 7 0
13 5 13 8 0
13 5 13 9 0
13 5 13 10 0
13 5 13 11 0
13 5 13 12 0
13 5 13 13 0
13 5 13 14 0
13 5 13 15 0
13 5 14 0 0
13 5 14 1 0
13 5 14 2 0
13 5 14 3 0
13 5 14 4 0
13 5 14 5 0
13 5 14 6 0
13 5 14 7 0
13 5 14 8 0
13 5 14 9 0
13 5 14 10 0
13 5 14 11 0
13 5 14 12 0
13 5 14 13 0
13 5 14 14 0
13 5 14 15 0
13 5 15 0 0
13 5 15 1 0
13 5 15 2 0
13 5 15 3 0
13 5 15 4 0
13 5 15 5 0
13 5 15 6 0
13 5 15 7 0
13 5 15 8 0
13 5 15 9 0
13 5 15 10 0
13 5 15 11 0
13 5 15 12 0
13 5 15 13 0
13 5 15 14 0
13 5 15 15 0
13 6 0 0 0
13 6 0 1 0
13 6 0 2 0
13 6 0 3 0
13 6 0 4 0
13 6 0 5 0
13 6 0 6 0
13 6 0 7 0
13 6 0 8 0
13 6 0 9 0
13 6 0 10 0
13 6 0 11 0
13 6 0 12 0
13 6 0 13 0
13 6 0 14 0
13 6 0 15 0
13 6 1 0 0
13 6 1 1 0
13 6 1 2 0
13 6 1 3 0
13 6 1 4 0
13 6 1 5 0
13 6 1 6 0
13 6 1 7 0
13 6 1 8 0
13 6 1 9 0
13 6 1 10 0
13 6 1 11 0
13 6 1 12 0
13 6 1 13 0
13 6 1 14 0
13 6 1 15 0
13 6 2 0 0
13 6 2 1 0
13 6 2 2 0
13 6 2 3 0
13 6 2 4 0
13 6 2 5 0
13 6 2 6 0
13 6 2 7 0
13 6 2 8 0
13 6 2 9 0
13 6 2 10 0
13 6 2 11 0
13 6 2 12 0
13 6 2 13 0
13 6 2 14 0
13 6 2 15 0
13 6 3 0 0
13 6 3 1 0
13 6 3 2 0
13 6 3 3 -9.319007815299962e-19
13 6 3 4 0
13 6 3 5 0
13 6 3 6 0
13 6 3 7 0
13 6 3 8 -6.460410316156512e-20
13 6 3 9 0
13 6 3 10 0
13 6 3 11 0
13 6 3 12 0
13 6 3 13 0
13 6 3 14 0
13 6 3 15 0
13 6 4 0 0
13 6 4 1 0
13 6 4 2 0
13 6 4 3 0
13 6 4 4 0
13 6 4 5 0
13 6 4 6 0
13 6 4 7 0
13 6 4 8 0
13 6 4 9 0
13 6 4 10 0
13 6 4 11 0
13 6 4 12 0
13 6 4 13 0
13 6 4 14 0
13 6 4 15 0
13 6 5 0 0
13 6 5 1 0
13 6 5 2 0
13 6 5 3 0
13 6 5 4 0
13 6 5 5 0
13 6 5 6 0
13 6 5 7 0
13 6 5 8 0
13 6 5 9 0
13 6 5 10 0
13 6 5 11 0
13 6 5 12 0
13 6 5 13 0
13 6 5 14 0
13 6 5 15 0
13 6 6 0 0
13 6 6 1 0
13 6 6 2 0
13 6 6 3 0
13 6 6 4 0
13 6 6 5 0
13 6 6 6 -1.988221164980536e-20
13 6 6 7 0
13 6 6 8 0
13 6 6 9 0
13 6 6 10 0
13 6 6 11 0
13 6 6 12 0
13 6 6 13 -2.942951252974606e-21
13 6 6 14 0
13 6 6 15 0
13 6 7 0 0
13 6 7 1 0
13 6 7 2 0
13 6 7 3 0
13 6 7 4 0
13 6 7 5 0
13 6 7 6 0
13 6 7 7 0
13 6 7 8 0
13 6 7 9 0
13 6 7 10 0
13 6 7 11 0
13 6 7 12 0
13 6 7 13 0
13 6 7 14 0
13 6 7 15 0
13 6 8 0 0
13 6 8 1 0
13 6 8 2 0
13 6 8 3 -7.348056372870363e-20
13 6 8 4 0
13 6 8 5 0
13 6 8 6 0
13 6 8 7 0
13 6 8 8 0
13 6 8 9 0
13 6 8 10 0
13 6 8 11 0
13 6 8 12 0
13 6 8 13 0
13 6 8 14 0
13 6 8 15 0
13 6 9 0 0
13 6 9 1 0
13 6 9 2 0
13 6 9 3 0
13 6 9 4 0
13 6 9 5 0
13 6 9 6 0
13 6 9 7 0
13 6 9 8 0
13 6 9 9 0
13 6 9 10 0
13 6 9 11 0
13 6 9 12 0
13 6 9 13 0
13 6 9 14 0
13 6 9 15 0
13 6 10 0 0
13 6 10 1 0
13 6 10 2 0
13 6 10 3 0
13 6 10 4 0
13 6 10 5 0
13 6 10 6 0
13 6 10 7 0
13 6 10 8 0
13 6 10 9 0
13 6 10 10 0
13 6 10 11 0
13 6 10 12 0
13 6 10 13 0
13 6 10 14 0
13 6 10 15 0
13 6 11 0 0
13 6 11 1 0
13 6 11 2 0
13 6 11 3 0
13 6 11 4 0
13 6 11 5 0
13 6 11 6 0
13 6 11 7 0
13 6 11 8 0
13 6 11 9 0
13 6 11 10 0
13 6 11 11 0
13 6 11 12 0
13 6 11 13 0
13 6 11 14 0
13 6 11 15 0
13 6 12 0 0
13 6 12 1 0
13 6 12 2 0
13 6 12 3 0
13 6 12 4 0
13 6 12 5 0
13 6 12 6 0
13 6 12 7 0
13 6 12 8 0
13 6 12 9 0
13 6 12 10 0
13 6 12 11 0
13 6 12 12 0
13 6 12 13 0
13 6 12 14 0
13 6 12 15 0
13 6 13 0 0
13 6 13 1 0
13 6 13 2 0
13 6 13 3 0
13 6 13 4 0
13 6 13 5 0
13 6 13 6 8.894014893755457e-21
13 6 13 7 0
13 6 13 8 0
13 6 13 9 0
13 6 13 10 0
13 6 13 11 0
13 6 13 12 0
13 6 13 13 0
13 6 13 14 0
13 6 13 15 0
13 6 14 0 0
13 6 14 1 0
13 6 14 2 0
13 6 14 3 0
13 6 14 4 0
13 6 14 5 0
13 6 14 6 0
13 6 14 7 0
13 6 14 8 0
13 6 14 9 0
13 6 14 10 0
13 6 14 11 0
13 6 14 12 0
13 6 14 13 0
13 6 14 14 0
13 6 14 15 0
13 6 15 0 0
13 6 15 1 0
13 6 15 2 0
13 6 15 3 0
13 6 15 4 0
13 6 15 5 0
13 6 15 6 0
13 6 15 7 0
13 6 15 8 0
13 6 15 9 0
13 6 15 10 0
13 6 15 11 0
13 6 15 12 0
13 6 15 13 0
13 6 15 14 0
13 6 15 15 0
13 7 0 0 0
13 7 0 1 0
13 7 0 2 0
13 7 0 3 0
13 7 0 4 0
13 7 0 5 0
13 7 0 6 0
13 7 0 7 0
13 7 0 8 0
13 7 0 9 0
13 7 0 10 0
13 7 0 11 0
13 7 0 12 0
13 7 0 13 0
13 7 0 14 0
13 7 0 15 0
13 7 1 0 0
13 7 1 1 0
13 7 1 2 0
13 7 1 3 0
13 7 1 4 0
13 7 1 5 0
13 7 1 6 0
13 7 1 7 0
13 7 1 8 0
13 7 1 9 0
13 7 1 10 0
13 7 1 11 0
13 7 1 12 0
13 7 1 13 0
13 7 1 14 0
13 7 1 15 0
13 7 2 0 0
13 7 2 1 0
13 7 2 2 0
13 7 2 3 0
13 7 2 4 0
13 7 2 5 0
13 7 2 6 0
13 7 2 7 0
13 7 2 8 0
13 7 2 9 0
13 7 2 10 0
13 7 2 11 0
13 7 2 12 0
13 7 2 13 0
13 7 2 14 0
13 7 2 15 0
13 7 3 0 0
13 7 3 1 0
13 7 3 2 0
13 7 3 3 0
13 7 3 4 0
13 7 3 5 0
13 7 3 6 0
13 7 3 7 0
13 7 3 8 0
13 7 3 9 0
13 7 3 10 0
13 7 3 11 0
13 7 3 12 0
13 7 3 13 0
13 7 3 14 0
13 7 3 15 0
13 7 4 0 0
13 7 4 1 0
13 7 4 2 0
13 7 4 3 0
13 7 4 4 0
13 7 4 5 0
13 7 4 6 0
13 7 4 7 0
13 7 4 8 0
13 7 4 9 0
13 7 4 10 0
13 7 4 11 0
13 7 4 12 0
13 7 4 13 0
13 7 4 14 0
13 7 4 15 0
13 7 5 0 0
13 7 5 1 0
13 7 5 2 0
13 7 5 3 0
13 7 5 4 0
13 7 5 5 0
13 7 5 6 0
13 7 5 7 0
13 7 5 8 0
13 7 5 9 0
13 7 5 10 0
13 7 5 11 0
13 7 5 12 0
13 7 5 13 0
13 7 5 14 0
13 7 5 15 0
13 7 6 0 0
13 7 6 1 0
13 7 6 2 0
13 7 6 3 0
13 7 6 4 0
13 7 6 5 0
13 7 6 6 0
13 7 6 7 0
13 7 6 8 0
13 7 6 9 0
13 7 6 10 0
13 7 6 11 0
13 7 6 12 0
13 7 6 13 0
13 7 6 14 0
13 7 6 15 0
13 7 7 0 0
13 7 7 1 0
13 7 7 2 0
13 7 7 3 0
13 7 7 4 0
13 7 7 5 0
13 7 7 6 0
13 7 7 7 0
13 7 7 8 0
13 7 7 9 0
13 7 7 10 0
13 7 7 11 0
13 7 7 12 0
13 7 7 13 0
13 7 7 14 0
13 7 7 15 0
13 7 8 0 0
13 7 8 1 0
13 7 8 2 0
13 7 8 3 0
13 7 8 4 0
13 7 8 5 0
13 7 8 6 0
13 7 8 7 0
13 7 8 8 0
13 7 8 9 0
13 7 8 10 0
13 7 8 11 0
13 7 8 12 0
13 7 8 13 0
13 7 8 14 0
13 7 8 15 0
13 7 9 0 0
13 7 9 1 0
13 7 9 2 0
13 7 9 3 0
13 7 9 4 0
13 7 9 5 0
13 7 9 6 0
13 7 9 7 0
13 7 9 8 0
13 7 9 9 0
13 7 9 10 0
13 7 9 11 0
13 7 9 12 0
13 7 9 13 0
13 7 9 14 0
13 7 9 15 0
13 7 10 0 0
13 7 10 1 0
13 7 10 2 0
13 7 10 3 0
13 7 10 4 0
13 7 10 5 0
13 7 10 6 0
13 7 10 7 0
13 7 10 8 0
13 7 10 9 0
13 7 10 10 0
13 7 10 11 0
13 7 10 12 0
13 7 10 13 0
13 7 10 14 0
13 7 10 15 0
13 7 11 0 0
13 7 11 1 0
13 7 11 2 0
13 7 11 3 0
13 7 11 4 0
13 7 11 5 0
13 7 11 6 0
13 7 11 7 0
13 7 11 8 0
13 7 11 9 0
13 7 11 10 0
13 7 11 11 0
13 7 11 12 0
13 7 11 13 0
13 7 11 14 0
13 7 11 15 0
13 7 12 0 0
13 7 12 1 0
13 7 12 2 0
13 7 12 3 0
13 7 12 4 0
13 7 12 5 0
13 7 12 6 0
13 7 12 7 0
13 7 12 8 0
13 7 12 9 0
13 7 12 10 0
13 7 12 11 0
13 7 12 12 0
13 7 12 13 0
13 7 12 14 0
13 7 12 15 0
13 7 13 0 0
13 7 13 1 0
13 7 13 2 0
13 7 13 3 0
13 7 13 4 0
13 7 13 5 0
13 7 13 6 0
13 7 13 7 0
13 7 13 8 0
13 7 13 9 0
13 7 13 10 0
13 7 13 11 0
13 7 13 12 0
13 7 13 13 0
13 7 13 14 0
13 7 13 15 0
13 7 14 0 0
13 7 14 1 0
13 7 14 2 0
13 7 14 3 0
13 7 14 4 0
13 7 14 5 0
13 7 14 6 0
13 7 14 7 0
13 7 14 8 0
13 7 14 9 0
13 7 14 10 0
13 7 14 11 0
13 7 14 12 0
13 7 14 13 0
13 7 14 14 0
13 7 14 15 0
13 7 15 0 0
13 7 15 1 0
13 7 15 2 0
13 7 15 3 0
13 7 15 4 0
13 7 15 5 0
13 7 15 6 0
13 7 15 7 0
13 7 15 8 0
13 7 15 9 0
13 7 15 10 0
13 7 15 11 0
13 7 15 12 0
13 7 15 13 0
13 7 15 14 0
13 7 15 15 0
13 8 0 0 0
13 8 0 1 0
13 8 0 2 0
13 8 0 3 0
13 8 0 4 0
13 8 0 5 0
13 8 0 6 0
13 8 0 7 0
13 8 0 8 0
13 8 0 9 0
13 8 0 10 0
13 8 0 11 0
13 8 0 12 0
13 8 0 13 0
13 8 0 14 0
13 8 0 15 0
13 8 1 0 0
13 8 1 1 0
13 8 1 2 0
13 8 1 3 0
13 8 1 4 0
13 8 1 5 0
13 8 1 6 0
13 8 1 7 0
13 8 1 8 0
13 8 1 9 0
13 8 1 10 0
13 8 1 11 0
13 8 1 12 0
13 8 1 13 0
13 8 1 14 0
13 8 1 15 0
13 8 2 0 0
13 8 2 1 0
13 8 2 2 0
13 8 2 3 0
13 8 2 4 0
13 8 2 5 0
13 8 2 6 0
13 8 2 7 0
13 8 2 8 0
13 8 2 9 0
13 8 2 10 0
13 8 2 11 0
13 8 2 12 0
13 8 2 13 0
13 8 2 14 0
13 8 2 15 0
13 8 3 0 0
13 8 3 1 0
13 8 3 2 0
13 8 3 3 0
13 8 3 4 0
13 8 3 5 0
13 8 3 6 0
13 8 3 7 0
13 8 3 8 0
13 8 3 9 0
13 8 3 10 0
13 8 3 11 0
13 8 3 12 0
13 8 3 13 0
13 8 3 14 0
13 8 3 15 0
13 8 4 0 0
13 8 4 1 0
13 8 4 2 0
13 8 4 3 0
13 8 4 4 0
13 8 4 5 0
13 8 4 6 0
13 8 4 7 0
13 8 4 8 0
13 8 4 9 0
13 8 4 10 0
13 8 4 11 0
13 8 4 12 0
13 8 4 13 0
13 8 4 14 0
13 8 4 15 0
13 8 5 0 0
13 8 5 1 0
13 8 5 2 0
13 8 5 3 0
13 8 5 4 0
13 8 5 5 0
13 8 5 6 0
13 8 5 7 0
13 8 5 8 0
13 8 5 9 0
13 8 5 10 0
13 8 5 11 0
13 8 5 12 0
13 8 5 13 0
13 8 5 14 0
13 8 5 15 0
13 8 6 0 0
13 8 6 1 0
13 8 6 2 0
13 8 6 3 0
13 8 6 4 0
13 8 6 5 0
13 8 6 6 0
13 8 6 7 0
13 8 6 8 0
13 8 6 9 0
13 8 6 10 0
13 8 6 11 0
13 8 6 12 0
13 8 6 13 0
13 8 6 14 0
13 8 6 15 0
13 8 7 0 0
13 8 7 1 0
13 8 7 2 0
13 8 7 3 0
13 8 7 4 0
13 8 7 5 0
13 8 7 6 0
13 8 7 7 0
13 8 7 8 0
13 8 7 9 0
13 8 7 10 0
13 8 7 11 0
13 8 7 12 0
13 8 7 13 0
13 8 7 14 0
13 8 7 15 0
13 8 8 0 0
13 8 8 1 0
13 8 8 2 0
13 8 8 3 0
13 8 8 4 0
13 8 8 5 0
13 8 8 6 0
13 8 8 7 0
13 8 8 8 0
13 8 8 9 0
13 8 8 10 0
13 8 8 11 0
13 8 8 12 0
13 8 8 13 0
13 8 8 14 0
13 8 8 15 0
13 8 9 0 0
13 8 9 1 0
13 8 9 2 0
13 8 9 3 0
13 8 9 4 0
13 8 9 5 0
13 8 9 6 0
13 8 9 7 0
13 8 9 8 0
13 8 9 9 0
13 8 9 10 0
13 8 9 11 0
13 8 9 12 0
13 8 9 13 0
13 8 9 14 0
13 8 9 15 0
13 8 10 0 0
13 8 10 1 0
13 8 10 2 0
13 8 10 3 0
13 8 10 4 0
13 8 10 5 0
13 8 10 6 0
13 8 10 7 0
13 8 10 8 0
13 8 10 9 0
13 8 10 10 0
13 8 10 11 0
13 8 10 12 0
13 8 10 13 0
13 8 10 14 0
13 8 10 15 0
13 8 11 0 0
13 8 11 1 0
13 8 11 2 0
13 8 11 3 0
13 8 11 4 0
13 8 11 5 0
13 8 11 6 0
13 8 11 7 0
13 8 11 8 0
13 8 11 9 0
13 8 11 10 0
13 8 11 11 0
13 8 11 12 0
13 8 11 13 0
13 8 11 14 0
13 8 11 15 0
13 8 12 0 0
13 8 12 1 0
13 8 12 2 0
13 8 12 3 0
13 8 12 4 0
13 8 12 5 0
13 8 12 6 0
13 8 12 7 0
13 8 12 8 0
13 8 12 9 0
13 8 12 10 0
13 8 12 11 0
13 8 12 12 0
13 8 12 13 0
13 8 12 14 0
13 8 12 15 0
13 8 13 0 0
13 8 13 1 0
13 8 13 2 0
13 8 13 3 0
13 8 13 4 0
13 8 13 5 0
13 8 13 6 0
13 8 13 7 0
13 8 13 8 0
13 8 13 9 0
13 8 13 10 0
13 8 13 11 0
13 8 13 12 0
13 8 13 13 0
13 8 13 14 0
13 8 13 15 0
13 8 14 0 0
13 8 14 1 0
13 8 14 2 0
13 8 14 3 0
13 8 14 4 0
13 8 14 5 0
13 8 14 6 0
13 8 14 7 0
13 8 14 8 0
13 8 14 9 0
13 8 14 10 0
13 8 14 11 0
13 8 14 12 0
13 8 14 13 0
13 8 14 14 0
13 8 14 15 0
13 8 15 0 0
13 8 15 1 0
13 8 15 2 0
13 8 15 3 0
13 8 15 4 0
13 8 15 5 0
13 8 15 6 0
13 8 15 7 0
13 8 15 8 0
13 8 15 9 0
13 8 15 10 0
13 8 15 11 0
13 8 15 12 0
13 8 15 13 0
13 8 15 14 0
13 8 15 15 0
13 9 0 0 0
13 9 0 1 0
13 9 0 2 0
13 9 0 3 0
13 9 0 4 0
13 9 0 5 0
13 9 0 6 0
13 9 0 7 0
13 9 0 8 0
13 9 0 9 0
13 9 0 10 0
13 9 0 11 0
13 9 0 12 0
13 9 0 13 0
13 9 0 14 0
13 9 0 15 0
13 9 1 0 0
13 9 1 1 0
13 9 1 2 0
13 9 1 3 0
13 9 1 4 0
13 9 1 5 0
13 9 1 6 0
13 9 1 7 0
13 9 1 8 0
13 9 1 9 0
13 9 1 10 0
13 9 1 11 0
13 9 1 12 0
13 9 1 13 0
13 9 1 14 0
13 9 1 15 0
13 9 2 0 0
13 9 2 1 0
13 9 2 2 0
13 9 2 3 0
13 9 2 4 0
13 9 2 5 0
13 9 2 6 0
13 9 2 7 0
13 9 2 8 0
13 9 2 9 0
13 9 2 10 0
13 9 2 11 0
13 9 2 12 0
13 9 2 13 0
13 9 2 14 0
13 9 2 15 0
13 9 3 0 0
13 9 3 1 0
13 9 3 2 0
13 9 3 3 0
13 9 3 4 0
13 9 3 5 0
13 9 3 6 0
13 9 3 7 0
13 9 3 8 0
13 9 3 9 0
13 9 3 10 0
13 9 3 11 0
13 9 3 12 0
13 9 3 13 0
13 9 3 14 0
13 9 3 15 0
13 9 4 0 0
13 9 4 1 0
13 9 4 2 0
13 9 4 3 0
13 9 4 4 0
13 9 4 5 0
13 9 4 6 0
13 9 4 7 0
13 9 4 8 0
13 9 4 9 0
13 9 4 10 0
13 9 4 11 0
13 9 4 12 0
13 9 4 13 0
13 9 4 14 0
13 9 4 15 0
13 9 5 0 0
13 9 5 1 0
13 9 5 2 0
13 9 5 3 0
13 9 5 4 0
13 9 5 5 0
13 9 5 6 0
13 9 5 7 0
13 9 5 8 0
13 9 5 9 0
13 9 5 10 0
13 9 5 11 0
13 9 5 12 0
13 9 5 13 0
13 9 5 14 0
13 9 5 15 0
13 9 6 0 0
13 9 6 1 0
13 9 6 2 0
13 9 6 3 0
13 9 6 4 0
13 9 6 5 0
13 9 6 6 0
13 9 6 7 0
13 9 6 8 0
13 9 6 9 0
13 9 6 10 0
13 9 6 11 0
13 9 6 12 0
13 9 6 13 0
13 9 6 14 0
13 9 6 15 0
13 9 7 0 0
13 9 7 1 0
13 9 7 2 0
13 9 7 3 0
13 9 7 4 0
13 9 7 5 0
13 9 7 6 0
13 9 7 7 0
13 9 7 8 0
13 9 7 9 0
13 9 7 10 0
13 9 7 11 0
13 9 7 12 0
13 9 7 13 0
13 9 7 14 0
13 9 7 15 0
13 9 8 0 0
13 9 8 1 0
13 9 8 2 0
13 9 8 3 0
13 9 8 4 0
13 9 8 5 0
13 9 8 6 0
13 9 8 7 0
13 9 8 8 0
13 9 8 9 0
13 9 8 10 0
13 9 8 11 0
13 9 8 12 0
13 9 8 13 0
13 9 8 14 0
13 9 8 15 0
13 9 9 0 0
13 9 9 1 0
13 9 9 2 0
13 9 9 3 0
13 9 9 4 0
13 9 9 5 0
13 9 9 6 0
13 9 9 7 0
13 9 9 8 0
13 9 9 9 0
13 9 9 10 0
13 9 9 11 0
13 9 9 12 0
13 9 9 13 0
13 9 9 14 0
13 9 9 15 0
13 9 10 0 0
13 9 10 1 0
13 9 10 2 0
13 9 10 3 0
13 9 10 4 0
13 9 10 5 0
13 9 10 6 0
13 9 10 7 0
13 9 10 8 0
13 9 10 9 0
13 9 10 10 0
13 9 10 11 0
13 9 10 12 0
13 9 10 13 0
13 9 10 14 0
13 9 10 15 0
13 9 11 0 0
13 9 11 1 0
13 9 11 2 0
13 9 11 3 0
13 9 11 4 0
13 9 11 5 0
13 9 11 6 0
13 9 11 7 0
13 9 11 8 0
13 9 11 9 0
13 9 11 10 0
13 9 11 11 0
13 9 11 12 0
13 9 11 13 0
13 9 11 14 0
13 9 11 15 0
13 9 12 0 0
13 9 12 1 0
13 9 12 2 0
13 9 12 3 0
13 9 12 4 0
13 9 12 5 0
13 9 12 6 0
13 9 12 7 0
13 9 12 8 0
13 9 12 9 0
13 9 12 10 0
13 9 12 11 0
13 9 12 12 0
13 9 12 13 0
13 9 12 14 0
13 9 12 15 0
13 9 13 0 0
13 9 13 1 0
13 9 13 2 0
13 9 13 3 0
13 9 13 4 0
13 9 13 5 0
13 9 13 6 0
13 9 13 7 0
13 9 13 8 0
13 9 13 9 0
13 9 13 10 0
13 9 13 11 0
13 9 13 12 0
13 9 13 13 0
13 9 13 14 0
13 9 13 15 0
13 9 14 0 0
13 9 14 1 0
13 9 14 2 0
13 9 14 3 0
13 9 14 4 0
13 9 14 5 0
13 9 14 6 0
13 9 14 7 0
13 9 14 8 0
13 9 14 9 0
13 9 14 10 0
13 9 14 11 0
13 9 14 12 0
13 9 14 13 0
13 9 14 14 0
13 9 14 15 0
13 9 15 0 0
13 9 15 1 0
13 9 15 2 0
13 9 15 3 0
13 9 15 4 0
13 9 15 5 0
13 9 15 6 0
13 9 15 7 0
13 9 15 8 0
13 9 15 9 0
13 9 15 10 0
13 9 15 11 0
13 9 15 12 0
13 9 15 13 0
13 9 15 14 0
13 9 15 15 0
13 10 0 0 0
13 10 0 1 0
13 10 0 2 0
13 10 0 3 0
13 10 0 4 0
13 10 0 5 0
13 10 0 6 0
13 10 0 7 0
13 10 0 8 0
13 10 0 9 0
13 10 0 10 0
13 10 0 11 0
13 10 0 12 0
13 10 0 13 0
13 10 0 14 0
13 10 0 15 0
13 10 1 0 0
13 10 1 1 0
13 10 1 2 0
13 10 1 3 0
13 10 1 4 0
13 10 1 5 0
13 10 1 6 0
13 10 1 7 0
13 10 1 8 0
13 10 1 9 0
13 10 1 10 0
13 10 1 11 0
13 10 1 12 0
13 10 1 13 0
13 10 1 14 0
13 10 1 15 0
13 10 2 0 0
13 10 2 1 0
13 10 2 2 0
13 10 2 3 0
13 10 2 4 0
13 10 2 5 0
13 10 2 6 0
13 10 2 7 0
13 10 2 8 0
13 10 2 9 0
13 10 2 10 0
13 10 2 11 0
13 10 2 12 0
13 10 2 13 0
13 10 2 14 0
13 10 2 15 0
13 10 3 0 0
13 10 3 1 0
13 10 3 2 0
13 10 3 3 0
13 10 3 4 0
13 10 3 5 0
13 10 3 6 0
13 10 3 7 0
13 10 3 8 0
13 10 3 9 0
13 10 3 10 0
13 10 3 11 0
13 10 3 12 0
13 10 3 13 0
13 10 3 14 0
13 10 3 15 0
13 10 4 0 0
13 10 4 1 0
13 10 4 2 0
13 10 4 3 0
13 10 4 4 0
13 10 4 5 0
13 10 4 6 0
13 10 4 7 0
13 10 4 8 0
13 10 4 9 0
13 10 4 10 0
13 10 4 11 0
13 10 4 12 0
13 10 4 13 0
13 10 4 14 0
13 10 4 15 0
13 10 5 0 0
13 10 5 1 0
13 10 5 2 0
13 10 5 3 0
13 10 5 4 0
13 10 5 5 0
13 10 5 6 0
13 10 5 7 0
13 10 5 8 0
13 10 5 9 0
13 10 5 10 0
13 10 5 11 0
13 10 5 12 0
13 10 5 13 0
13 10 5 14 0
13 10 5 15 0
13 10 6 0 0
13 10 6 1 0
13 10 6 2 0
13 10 6 3 0
13 10 6 4 0
13 10 6 5 0
13 10 6 6 0
13 10 6 7 0
13 10 6 8 0
13 10 6 9 0
13 10 6 10 0
13 10 6 11 0
13 10 6 12 0
13 10 6 13 0
13 10 6 14 0
13 10 6 15 0
13 10 7 0 0
13 10 7 1 0
13 10 7 2 0
13 10 7 3 0
13 10 7 4 0
13 10 7 5 0
13 10 7 6 0
13 10 7 7 0
13 10 7 8 0
13 10 7 9 0
13 10 7 10 0
13 10 7 11 0
13 10 7 12 0
13 10 7 13 0
13 10 7 14 0
13 10 7 15 0
13 10 8 0 0
13 10 8 1 0
13 10 8 2 0
13 10 8 3 0
13 10 8 4 0
13 10 8 5 0
13 10 8 6 0
13 10 8 7 0
13 10 8 8 0
13 10 8 9 0
13 10 8 10 0
13 10 8 11 0
13 10 8 12 0
13 10 8 13 0
13 10 8 14 0
13 10 8 15 0
13 10 9 0 0
13 10 9 1 0
13 10 9 2 0
13 10 9 3 0
13 10 9 4 0
13 10 9 5 0
13 10 9 6 0
13 10 9 7 0
13 10 9 8 0
13 10 9 9 0
13 10 9 10 0
13 10 9 11 0
13 10 9 12 0
13 10 9 13 0
13 10 9 14 0
13 10 9 15 0
13 10 10 0 0
13 10 10 1 0
13 10 10 2 0
13 10 10 3 0
13 10 10 4 0
13 10 10 5 0
13 10 10 6 0
13 10 10 7 0
13 10 10 8 0
13 10 10 9 0
13 10 10 10 0
13 10 10 11 0
13 10 10 12 0
13 10 10 13 0
13 10 10 14 0
13 10 10 15 0
13 10 11 0 0
13 10 11 1 0
13 10 11 2 0
13 10 11 3 0
13 10 11 4 0
13 10 11 5 0
13 10 11 6 0
13 10 11 7 0
13 10 11 8 0
13 10 11 9 0
13 10 11 10 0
13 10 11 11 0
13 10 11 12 0
13 10 11 13 0
13 10 11 14 0
13 10 11 15 0
13 10 12 0 0
13 10 12 1 0
13 10 12 2 0
13 10 12 3 0
13 10 12 4 0
13 10 12 5 0
13 10 12 6 0
13 10 12 7 0
13 10 12 8 0
13 10 12 9 0
13 10 12 10 0
13 10 12 11 0
13 10 12 12 0
13 10 12 13 0
13 10 12 14 0
13 10 12 15 0
13 10 13 0 0
13 10 13 1 0
13 10 13 2 0
13 10 13 3 0
13 10 13 4 0
13 10 13 5 0
13 10 13 6 0
13 10 13 7 0
13 10 13 8 0
13 10 13 9 0
13 10 13 10 0
13 10 13 11 0
13 10 13 12 0
13 10 13 13 0
13 10 13 14 0
13 10 13 15 0
13 10 14 0 0
13 10 14 1 0
13 10 14 2 0
13 10 14 3 0
13 10 14 4 0
13 10 14 5 0
13 10 14 6 0
13 10 14 7 0
13 10 14 8 0
13 10 14 9 0
13 10 14 10 0
13 10 14 11 0
13 10 14 12 0
13 10 14 13 0
13 10 14 14 0
13 10 14 15 0
13 10 15 0 0
13 10 15 1 0
13 10 15 2 0
13 10 15 3 0
13 10 15 4 0
13 10 15 5 0
13 10 15 6 0
13 10 15 7 0
13 10 15 8 0
13 10 15 9 0
13 10 15 10 0
13 10 15 11 0
13 10 15 12 0
13 10 15 13 0
13 10 15 14 0
13 10 15 15 0
13 11 0 0 0
13 11 0 1 0
13 11 0 2 0
13 11 0 3 0
13 11 0 4 0
13 11 0 5 0
13 11 0 6 0
13 11 0 7 0
13 11 0 8 0
13 11 0 9 0
13 11 0 10 0
13 11 0 11 0
13 11 0 12 0
13 11 0 13 0
13 11 0 14 0
13 11 0 15 0
13 11 1 0 0
13 11 1 1 0
13 11 1 2 0
13 11 1 3 0
13 11 1 4 0
13 11 1 5 0
13 11 1 6 0
13 11 1 7 0
13 11 1 8 0
13 11 1 9 0
13 11 1 10 0
13 11 1 11 0
13 11 1 12 0
13 11 1 13 0
13 11 1 14 0
13 11 1 15 0
13 11 2 0 0
13 11 2 1 0
13 11 2 2 0
13 11 2 3 0
13 11 2 4 0
13 11 2 5 0
13 11 2 6 0
13 11 2 7 0
13 11 2 8 0
13 11 2 9 0
13 11 2 10 0
13 11 2 11 0
13 11 2 12 0
13 11 2 13 0
13 11 2 14 0
13 11 2 15 0
13 11 3 0 0
13 11 3 1 0
13 11 3 2 0
13 11 3 3 0
13 11 3 4 0
13 11 3 5 0
13 11 3 6 0
13 11 3 7 0
13 11 3 8 0
13 11 3 9 0
13 11 3 10 0
13 11 3 11 0
13 11 3 12 0
13 11 3 13 0
13 11 3 14 0
13 11 3 15 0
13 11 4 0 0
13 11 4 1 0
13 11 4 2 0
13 11 4 3 0
13 11 4 4 0
13 11 4 5 0
13 11 4 6 0
13 11 4 7 0
13 11 4 8 0
13 11 4 9 0
13 11 4 10 0
13 11 4 11 0
13 11 4 12 0
13 11 4 13 0
13 11 4 14 0
13 11 4 15 0
13 11 5 0 0
13 11 5 1 0
13 11 5 2 0
13 11 5 3 0
13 11 5 4 0
13 11 5 5 0
13 11 5 6 0
13 11 5 7 0
13 11 5 8 0
13 11 5 9 0
13 11 5 10 0
13 11 5 11 0
13 11 5 12 0
13 11 5 13 0
13 11 5 14 0
13 11 5 15 0
13 11 6 0 0
13 11 6 1 0
13 11 6 2 0
13 11 6 3 0
13 11 6 4 0
13 11 6 5 0
13 11 6 6 0
13 11 6 7 0
13 11 6 8 0
13 11 6 9 0
13 11 6 10 0
13 11 6 11 0
13 11 6 12 0
13 11 6 13 0
13 11 6 14 0
13 11 6 15 0
13 11 7 0 0
13 11 7 1 0
13 11 7 2 0
13 11 7 3 0
13 11 7 4 0
13 11 7 5 0
13 11 7 6 0
13 11 7 7 0
13 11 7 8 0
13 11 7 9 0
13 11 7 10 0
13 11 7 11 0
13 11 7 12 0
13 11 7 13 0
13 11 7 14 0
13 11 7 15 0
13 11 8 0 0
13 11 8 1 0
13 11 8 2 0
13 11 8 3 0
13 11 8 4 0
13 11 8 5 0
13 11 8 6 0
13 11 8 7 0
13 11 8 8 0
13 11 8 9 0
13 11 8 10 0
13 11 8 11 0
13 11 8 12 0
13 11 8 13 0
13 11 8 14 0
13 11 8 15 0
13 11 9 0 0
13 11 9 1 0
13 11 9 2 0
13 11 9 3 0
13 11 9 4 0
13 11 9 5 0
13 11 9 6 0
13 11 9 7 0
13 11 9 8 0
13 11 9 9 0
13 11 9 10 0
13 11 9 11 0
13 11 9 12 0
13 11 9 13 0
13 11 9 14 0
13 11 9 15 0
13 11 10 0 0
13 11 10 1 0
13 11 10 2 0
13 11 10 3 0
13 11 10 4 0
13 11 10 5 0
13 11 10 6 0
13 11 10 7 0
13 11 10 8 0
13 11 10 9 0
13 11 10 10 0
13 11 10 11 0
13 11 10 12 0
13 11 10 13 0
13 11 10 14 0
13 11 10 15 0
13 11 11 0 0
13 11 11 1 0
13 11 11 2 0
13 11 11 3 0
13 11 11 4 0
13 11 11 5 0
13 11 11 6 0
13 11 11 7 0
13 11 11 8 0
13 11 11 9 0
13 11 11 10 0
13 11 11 11 0
13 11 11 12 0
13 11 11 13 0
13 11 11 14 0
13 11 11 15 0
13 11 12 0 0
13 11 12 1 0
13 11 12 2 0
13 11 12 3 0
13 11 12 4 0
13 11 12 5 0
13 11 12 6 0
13 11 12 7 0
13 11 12 8 0
13 11 12 9 0
13 11 12 10 0
13 11 12 11 0
13 11 12 12 0
13 11 12 13 0
13 11 12 14 0
13 11 12 15 0
13 11 13 0 0
13 11 13 1 0
13 11 13 2 0
13 11 13 3 0
13 11 13 4 0
13 11 13 5 0
13 11 13 6 0
13 11 13 7 0
13 11 13 8 0
13 11 13 9 0
13 11 13 10 0
13 11 13 11 0
13 11 13 12 0
13 11 13 13 0
13 11 13 14 0
13 11 13 15 0
13 11 14 0 0
13 11 14 1 0
13 11 14 2 0
13 11 14 3 0
13 11 14 4 0
13 11 14 5 0
13 11 14 6 0
13 11 14 7 0
13 11 14 8 0
13 11 14 9 0
13 11 14 10 0
13 11 14 11 0
13 11 14 12 0
13 11 14 13 0
13 11 14 14 0
13 11 14 15 0
13 11 15 0 0
13 11 15 1 0
13 11 15 2 0
13 11 15 3 0
13 11 15 4 0
13 11 15 5 0
13 11 15 6 0
13 11 15 7 0
13 11 15 8 0
13 11 15 9 0
13 11 15 10 0
13 11 15 11 0
13 11 15 12 0
13 11 15 13 0
13 11 15 14 0
13 11 15 15 0
13 12 0 0 0
13 12 0 1 0
13 12 0 2 0
13 12 0 3 0
13 12 0 4 0
13 12 0 5 0
13 12 0 6 0
13 12 0 7 0
13 12 0 8 0
13 12 0 9 0
13 12 0 10 0
13 12 0 11 0
13 12 0 12 0
13 12 0 13 0
13 12 0 14 0
13 12 0 15 0
13 12 1 0 0
13 12 1 1 0
13 12 1 2 0
13 12 1 3 0
13 12 1 4 0
13 12 1 5 0
13 12 1 6 0
13 12 1 7 0
13 12 1 8 0
13 12 1 9 0
13 12 1 10 0
13 12 1 11 0
13 12 1 12 0
13 12 1 13 0
13 12 1 14 0
13 12 1 15 0
13 12 2 0 0
13 12 2 1 0
13 12 2 2 0
13 12 2 3 0
13 12 2 4 0
13 12 2 5 0
13 12 2 6 0
13 12 2 7 0
13 12 2 8 0
13 12 2 9 0
13 12 2 10 0
13 12 2 11 0
13 12 2 12 0
13 12 2 13 0
13 12 2 14 0
13 12 2 15 0
13 12 3 0 0
13 12 3 1 0
13 12 3 2 0
13 12 3 3 0
13 12 3 4 0
13 12 3 5 0
13 12 3 6 0
13 12 3 7 0
13 12 3 8 0
13 12 3 9 0
13 12 3 10 0
13 12 3 11 0
13 12 3 12 0
13 12 3 13 0
13 12 3 14 0
13 12 3 15 0
13 12 4 0 0
13 12 4 1 0
13 12 4 2 0
13 12 4 3 0
13 12 4 4 0
13 12 4 5 0
13 12 4 6 0
13 12 4 7 0
13 12 4 8 0
13 12 4 9 0
13 12 4 10 0
13 12 4 11 0
13 12 4 12 0
13 12 4 13 0
13 12 4 14 0
13 12 4 15 0
13 12 5 0 0
13 12 5 1 0
13 12 5 2 0
13 12 5 3 0
13 12 5 4 0
13 12 5 5 0
13 12 5 6 0
13 12 5 7 0
13 12 5 8 0
13 12 5 9 0
13 12 5 10 0
13 12 5 11 0
13 12 5 12 0
13 12 5 13 0
13 12 5 14 0
13 12 5 15 0
13 12 6 0 0
13 12 6 1 0
13 12 6 2 0
13 12 6 3 0
13 12 6 4 0
13 12 6 5 0
13 12 6 6 0
13 12 6 7 0
13 12 6 8 0
13 12 6 9 0
13 12 6 10 0
13 12 6 11 0
13 12 6 12 0
13 12 6 13 0
13 12 6 14 0
13 12 6 15 0
13 12 7 0 0
13 12 7 1 0
13 12 7 2 0
13 12 7 3 0
13 12 7 4 0
13 12 7 5 0
13 12 7 6 0
13 12 7 7 0
13 12 7 8 0
13 12 7 9 0
13 12 7 10 0
13 12 7 11 0
13 12 7 12 0
13 12 7 13 0
13 12 7 14 0
13 12 7 15 0
13 12 8 0 0
13 12 8 1 0
13 12 8 2 0
13 12 8 3 0
13 12 8 4 0
13 12 8 5 0
13 12 8 6 0
13 12 8 7 0
13 12 8 8 0
13 12 8 9 0
13 12 8 10 0
13 12 8 11 0
13 12 8 12 0
13 12 8 13 0
13 12 8 14 0
13 12 8 15 0
13 12 9 0 0
13 12 9 1 0
13 12 9 2 0
13 12 9 3 0
13 12 9 4 0
13 12 9 5 0
13 12 9 6 0
13 12 9 7 0
13 12 9 8 0
13 12 9 9 0
13 12 9 10 0
13 12 9 11 0
13 12 9 12 0
13 12 9 13 0
13 12 9 14 0
13 12 9 15 0
13 12 10 0 0
13 12 10 1 0
13 12 10 2 0
13 12 10 3 0
13 12 10 4 0
13 12 10 5 0
13 12 10 6 0
13 12 10 7 0
13 12 10 8 0
13 12 10 9 0
13 12 10 10 0
13 12 10 11 0
13 12 10 12 0
13 12 10 13 0
13 12 10 14 0
13 12 10 15 0
13 12 11 0 0
13 12 11 1 0
13 12 11 2 0
13 12 11 3 0
13 12 11 4 0
13 12 11 5 0
13 12 11 6 0
13 12 11 7 0
13 12 11 8 0
13 12 11 9 0
13 12 11 10 0
13 12 11 11 0
13 12 11 12 0
13 12 11 13 0
13 12 11 14 0
13 12 11 15 0
13 12 12 0 0
13 12 12 1 0
13 12 12 2 0
13 12 12 3 0
13 12 12 4 0
13 12 12 5 0
13 12 12 6 0
13 12 12 7 0
13 12 12 8 0
13 12 12 9 0
13 12 12 10 0
13 12 12 11 0
13 12 12 12 0
13 12 12 13 0
13 12 12 14 0
13 12 12 15 0
13 12 13 0 0
13 12 13 1 0
13 12 13 2 0
13 12 13 3 0
13 12 13 4 0
13 12 13 5 0
13 12 13 6 0
13 12 13 7 0
13 12 13 8 0
13 12 13 9 0
13 12 13 10 0
13 12 13 11 0
13 12 13 12 0
13 12 13 13 0
13 12 13 14 0
13 12 13 15 0
13 12 14 0 0
13 12 14 1 0
13 12 14 2 0
13 12 14 3 0
13 12 14 4 0
13 12 14 5 0
13 12 14 6 0
13 12 14 7 0
13 12 14 8 0
13 12 14 9 0
13 12 14 10 0
13 12 14 11 0
13 12 14 12 0
13 12 14 13 0
13 12 14 14 0
13 12 14 15 0
13 12 15 0 0
13 12 15 1 0
13 12 15 2 0
13 12 15 3 0
13 12 15 4 0
13 12 15 5 0
13 12 15 6 0
13 12 15 7 0
13 12 15 8 0
13 12 15 9 0
13 12 15 10 0
13 12 15 11 0
13 12 15 12 0
13 12 15 13 0
13 12 15 14 0
13 12 15 15 0
13 13 0 0 0
13 13 0 1 0
13 13 0 2 0
13 13 0 3 0
13 13 0 4 0
13 13 0 5 0
13 13 0 6 0
13 13 0 7 0
13 13 0 8 0
13 13 0 9 0
13 13 0 10 0
13 13 0 11 0
13 13 0 12 0
13 13 0 13 0
13 13 0 14 0
13 13 0 15 0
13 13 1 0 0
13 13 1 1 0
13 13 1 2 0
13 13 1 3 0
13 13 1 4 0
13 13 1 5 0
13 13 1 6 0
13 13 1 7 0
13 13 1 8 0
13 13 1 9 0
13 13 1 10 0
13 13 1 11 0
13 13 1 12 0
13 13 1 13 0
13 13 1 14 0
13 13 1 15 0
13 13 2 0 0
13 13 2 1 0
13 13 2 2 0
13 13 2 3 0
13 13 2 4 0
13 13 2 5 0
13 13 2 6 0
13 13 2 7 0
13 13 2 8 0
13 13 2 9 0
13 13 2 10 0
13 13 2 11 0
13 13 2 12 0
13 13 2 13 0
13 13 2 14 0
13 13 2 15 0
13 13 3 0 0
13 13 3 1 0
13 13 3 2 0
13 13 3 3 0
13 13 3 4 0
13 13 3 5 0
13 13 3 6 0
13 13 3 7 0
13 13 3 8 0
13 13 3 9 0
13 13 3 10 0
13 13 3 11 0
13 13 3 12 0
13 13 3 13 0
13 13 3 14 0
13 13 3 15 0
13 13 4 0 0
13 13 4 1 0
13 13 4 2 0
13 13 4 3 0
13 13 4 4 0
13 13 4 5 0
13 13 4 6 0
13 13 4 7 0
13 13 4 8 0
13 13 4 9 0
13 13 4 10 0
13 13 4 11 0
13 13 4 12 0
13 13 4 13 0
13 13 4 14 0
13 13 4 15 0
13 13 5 0 0
13 13 5 1 0
13 13 5 2 0
13 13 5 3 0
13 13 5 4 0
13 13 5 5 0
13 13 5 6 0
13 13 5 7 0
13 13 5 8 0
13 13 5 9 0
13 13 5 10 0
13 13 5 11 0
13 13 5 12 0
13 13 5 13 0
13 13 5 14 0
13 13 5 15 0
13 13 6 0 0
13 13 6 1 0
13 13 6 2 0
13 13 6 3 0
13 13 6 4 0
13 13 6 5 0
13 13 6 6 0
13 13 6 7 0
13 13 6 8 0
13 13 6 9 0
13 13 6 10 0
13 13 6 11 0
13 13 6 12 0
13 13 6 13 0
13 13 6 14 0
13 13 6 15 0
13 13 7 0 0
13 13 7 1 0
13 13 7 2 0
13 13 7 3 0
13 13 7 4 0
13 13 7 5 0
13 13 7 6 0
13 13 7 7 0
13 13 7 8 0
13 13 7 9 0
13 13 7 10 0
13 13 7 11 0
13 13 7 12 0
13 13 7 13 0
13 13 7 14 0
13 13 7 15 0
13 13 8 0 0
13 13 8 1 0
13 13 8 2 0
13 13 8 3 0
13 13 8 4 0
13 13 8 5 0
13 13 8 6 0
13 13 8 7 0
13 13 8 8 0
13 13 8 9 0
13 13 8 10 0
13 13 8 11 0
13 13 8 12 0
13 13 8 13 0
13 13 8 14 0
13 13 8 15 0
13 13 9 0 0
13 13 9 1 0
13 13 9 2 0
13 13 9 3 0
13 13 9 4 0
13 13 9 5 0
13 13 9 6 0
13 13 9 7 0
13 13 9 8 0
13 13 9 9 0
13 13 9 10 0
13 13 9 11 0
13 13 9 12 0
13 13 9 13 0
13 13 9 14 0
13 13 9 15 0
13 13 10 0 0
13 13 10 1 0
13 13 10 2 0
13 13 10 3 0
13 13 10 4 0
13 13 10 5 0
13 13 10 6 0
13 13 10 7 0
13 13 10 8 0
13 13 10 9 0
13 13 10 10 0
13 13 10 11 0
13 13 10 12 0
13 13 10 13 0
13 13 10 14 0
13 13 10 15 0
13 13 11 0 0
13 13 11 1 0
13 13 11 2 0
13 13 11 3 0
13 13 11 4 0
13 13 11 5 0
13 13 11 6 0
13 13 11 7 0
13 13 11 8 0
13 13 11 9 0
13 13 11 10 0
13 13 11 11 0
13 13 11 12 0
13 13 11 13 0
13 13 11 14 0
13 13 11 15 0
13 13 12 0 0
13 13 12 1 0
13 13 12 2 0
13 13 12 3 0
13 13 12 4 0
13 13 12 5 0
13 13 12 6 0
13 13 12 7 0
13 13 12 8 0
13 13 12 9 0
13 13 12 10 0
13 13 12 11 0
13 13 12 12 0
13 13 12 13 0
13 13 12 14 0
13 13 12 15 0
13 13 13 0 0
13 13 13 1 0
13 13 13 2 0
13 13 13 3 0
13 13 13 4 0
13 13 13 5 0
13 13 13 6 0
13 13 13 7 0
13 13 13 8 0
13 13 13 9 0
13 13 13 10 0
13 13 13 11 0
13 13 13 12 0
13 13 13 13 0
13 13 13 14 0
13 13 13 15 0
13 13 14 0 0
13 13 14 1 0
13 13 14 2 0
13 13 14 3 0
13 13 14 4 0
13 13 14 5 0
13 13 14 6 0
13 13 14 7 0
13 13 14 8 0
13 13 14 9 0
13 13 14 10 0
13 13 14 11 0
13 13 14 12 0
13 13 14 13 0
13 13 14 14 0
13 13 14 15 0
13 13 15 0 0
13 13 15 1 0
13 13 15 2 0
13 13 15 3 0
13 13 15 4 0
13 13 15 5 0
13 13 15 6 0
13 13 15 7 0
13 13 15 8 0
13 13 15 9 0
13 13 15 10 0
13 13 15 11 0
13 13 15 12 0
13 13 15 13 0
13 13 15 14 0
13 13 15 15 0
13 14 0 0 0
13 14 0 1 0
13 14 0 2 0
13 14 0 3 0
13 14 0 4 0
13 14 0 5 0
13 14 0 6 0
13 14 0 7 0
13 14 0 8 0
13 14 0 9 0
13 14 0 10 0
13 14 0 11 0
13 14 0 12 0
13 14 0 13 0
13 14 0 14 0
13 14 0 15 0
13 14 1 0 0
13 14 1 1 0
13 14 1 2 0
13 14 1 3 0
13 14 1 4 0
13 14 1 5 0
13 14 1 6 0
13 14 1 7 0
13 14 1 8 0
13 14 1 9 0
13 14 1 10 0
13 14 1 11 0
13 14 1 12 0
13 14 1 13 0
13 14 1 14 0
13 14 1 15 0
13 14 2 0 0
13 14 2 1 0
13 14 2 2 0
13 14 2 3 0
13 14 2 4 0
13 14 2 5 0
13 14 2 6 0
13 14 2 7 0
13 14 2 8 0
13 14 2 9 0
13 14 2 10 0
13 14 2 11 0
13 14 2 12 0
13 14 2 13 0
13 14 2 14 0
13 14 2 15 0
13 14 3 0 0
13 14 3 1 0
13 14 3 2 0
13 14 3 3 0
13 14 3 4 0
13 14 3 5 0
13 14 3 6 0
13 14 3 7 0
13 14 3 8 0
13 14 3 9 0
13 14 3 10 0
13 14 3 11 0
13 14 3 12 0
13 14 3 13 0
13 14 3 14 0
13 14 3 15 0
13 14 4 0 0
13 14 4 1 0
13 14 4 2 0
13 14 4 3 0
13 14 4 4 0
13 14 4 5 0
13 14 4 6 0
13 14 4 7 0
13 14 4 8 0
13 14 4 9 0
13 14 4 10 0
13 14 4 11 0
13 14 4 12 0
13 14 4 13 0
13 14 4 14 0
13 14 4 15 0
13 14 5 0 0
13 14 5 1 0
13 14 5 2 0
13 14 5 3 0
13 14 5 4 0
13 14 5 5 0
13 14 5 6 0
13 14 5 7 0
13 14 5 8 0
13 14 5 9 0
13 14 5 10 0
13 14 5 11 0
13 14 5 12 0
13 14 5 13 0
13 14 5 14 0
13 14 5 15 0
13 14 6 0 0
13 14 6 1 0
13 14 6 2 0
13 14 6 3 0
13 14 6 4 0
13 14 6 5 0
13 14 6 6 0
13 14 6 7 0
13 14 6 8 0
13 14 6 9 0
13 14 6 10 0
13 14 6 11 0
13 14 6 12 0
13 14 6 13 0
13 14 6 14 0
13 14 6 15 0
13 14 7 0 0
13 14 7 1 0
13 14 7 2 0
13 14 7 3 0
13 14 7 4 0
13 14 7 5 0
13 14 7 6 0
13 14 7 7 0
13 14 7 8 0
13 14 7 9 0
13 14 7 10 0
13 14 7 11 0
13 14 7 12 0
13 14 7 13 0
13 14 7 14 0
13 14 7 15 0
13 14 8 0 0
13 14 8 1 0
13 14 8 2 0
13 14 8 3 0
13 14 8 4 0
13 14 8 5 0
13 14 8 6 0
13 14 8 7 0
13 14 8 8 0
13 14 8 9 0
13 14 8 10 0
13 14 8 11 0
13 14 8 12 0
13 14 8 13 0
13 14 8 14 0
13 14 8 15 0
13 14 9 0 0
13 14 9 1 0
13 14 9 2 0
13 14 9 3 0
13 14 9 4 0
13 14 9 5 0
13 14 9 6 0
13 14 9 7 0
13 14 9 8 0
13 14 9 9 0
13 14 9 10 0
13 14 9 11 0
13 14 9 12 0
13 14 9 13 0
13 14 9 14 0
13 14 9 15 0
13 14 10 0 0
13 14 10 1 0
13 14 10 2 0
13 14 10 3 0
13 14 10 4 0
13 14 10 5 0
13 14 10 6 0
13 14 10 7 0
13 14 10 8 0
13 14 10 9 0
13 14 10 10 0
13 14 10 11 0
13 14 10 12 0
13 14 10 13 0
13 14 10 14 0
13 14 10 15 0
13 14 11 0 0
13 14 11 1 0
13 14 11 2 0
13 14 11 3 0
13 14 11 4 0
13 14 11 5 0
13 14 11 6 0
13 14 11 7 0
13 14 11 8 0
13 14 11 9 0
13 14 11 10 0
13 14 11 11 0
13 14 11 12 0
13 14 11 13 0
13 14 11 14 0
13 14 11 15 0
13 14 12 0 0
13 14 12 1 0
13 14 12 2 0
13 14 12 3 0
13 14 12 4 0
13 14 12 5 0
13 14 12 6 0
13 14 12 7 0
13 14 12 8 0
13 14 12 9 0
13 14 12 10 0
13 14 12 11 0
13 14 12 12 0
13 14 12 13 0
13 14 12 14 0
13 14 12 15 0
13 14 13 0 0
13 14 13 1 0
13 14 13 2 0
13 14 13 3 0
13 14 13 4 0
13 14 13 5 0
13 14 13 6 0
13 14 13 7 0
13 14 13 8 0
13 14 13 9 0
13 14 13 10 0
13 14 13 11 0
13 14 13 12 0
13 14 13 13 0
13 14 13 14 0
13 14 13 15 0
13 14 14 0 0
13 14 14 1 0
13 14 14 2 0
13 14 14 3 0
13 14 14 4 0
13 14 14 5 0
13 14 14 6 0
13 14 14 7 0
13 14 14 8 0
13 14 14 9 0
13 14 14 10 0
13 14 14 11 0
13 14 14 12 0
13 14 14 13 0
13 14 14 14 0
13 14 14 15 0
13 14 15 0 0
13 14 15 1 0
13 14 15 2 0
13 14 15 3 0
13 14 15 4 0
13 14 15 5 0
13 14 15 6 0
13 14 15 7 0
13 14 15 8 0
13 14 15 9 0
13 14 15 10 0
13 14 15 11 0
13 14 15 12 0
13 14 15 13 0
13 14 15 14 0
13 14 15 15 0
13 15 0 0 0
13 15 0 1 0
13 15 0 2 0
13 15 0 3 0
13 15 0 4 0
13 15 0 5 0
13 15 0 6 0
13 15 0 7 0
13 15 0 8 0
13 15 0 9 0
13 15 0 10 0
13 15 0 11 0
13 15 0 12 0
13 15 0 13 0
13 15 0 14 0
13 15 0 15 0
13 15 1 0 0
13 15 1 1 0
13 15 1 2 0
13 15 1 3 0
13 15 1 4 0
13 15 1 5 0
13 15 1 6 0
13 15 1 7 0
13 15 1 8 0
13 15 1 9 0
13 15 1 10 0
13 15 1 11 0
13 15 1 12 0
13 15 1 13 0
13 15 1 14 0
13 15 1 15 0
13 15 2 0 0
13 15 2 1 0
13 15 2 2 0
13 15 2 3 0
13 15 2 4 0
13 15 2 5 0
13 15 2 6 0
13 15 2 7 0
13 15 2 8 0
13 15 2 9 0
13 15 2 10 0
13 15 2 11 0
13 15 2 12 0
13 15 2 13 0
13 15 2 14 0
13 15 2 15 0
13 15 3 0 0
13 15 3 1 0
13 15 3 2 0
13 15 3 3 0
13 15 3 4 0
13 15 3 5 0
13 15 3 6 0
13 15 3 7 0
13 15 3 8 0
13 15 3 9 0
13 15 3 10 0
13 15 3 11 0
13 15 3 12 0
13 15 3 13 0
13 15 3 14 0
13 15 3 15 0
13 15 4 0 0
13 15 4 1 0
13 15 4 2 0
13 15 4 3 0
13 15 4 4 0
13 15 4 5 0
13 15 4 6 0
13 15 4 7 0
13 15 4 8 0
13 15 4 9 0
13 15 4 10 0
13 15 4 11 0
13 15 4 12 0
13 15 4 13 0
13 15 4 14 0
13 15 4 15 0
13 15 5 0 0
13 15 5 1 0
13 15 5 2 0
13 15 5 3 0
13 15 5 4 0
13 15 5 5 0
13 15 5 6 0
13 15 5 7 0
13 15 5 8 0
13 15 5 9 0
13 15 5 10 0
13 15 5 11 0
13 15 5 12 0
13 15 5 13 0
13 15 5 14 0
13 15 5 15 0
13 15 6 0 0
13 15 6 1 0
13 15 6 2 0
13 15 6 3 0
13 15 6 4 0
13 15 6 5 0
13 15 6 6 0
13 15 6 7 0
13 15 6 8 0
13 15 6 9 0
13 15 6 10 0
13 15 6 11 0
13 15 6 12 0
13 15 6 13 0
13 15 6 14 0
13 15 6 15 0
13 15 7 0 0
13 15 7 1 0
13 15 7 2 0
13 15 7 3 0
13 15 7 4 0
13 15 7 5 0
13 15 7 6 0
13 15 7 7 0
13 15 7 8 0
13 15 7 9 0
13 15 7 10 0
13 15 7 11 0
13 15 7 12 0
13 15 7 13 0
13 15 7 14 0
13 15 7 15 0
13 15 8 0 0
13 15 8 1 0
13 15 8 2 0
13 15 8 3 0
13 15 8 4 0
13 15 8 5 0
13 15 8 6 0
13 15 8 7 0
13 15 8 8 0
13 15 8 9 0
13 15 8 10 0
13 15 8 11 0
13 15 8 12 0
13 15 8 13 0
13 15 8 14 0
13 15 8 15 0
13 15 9 0 0
13 15 9 1 0
13 15 9 2 0
13 15 9 3 0
13 15 9 4 0
13 15 9 5 0
13 15 9 6 0
13 15 9 7 0
13 15 9 8 0
13 15 9 9 0
13 15 9 10 0
13 15 9 11 0
13 15 9 12 0
13 15 9 13 0
13 15 9 14 0
13 15 9 15 0
13 15 10 0 0
13 15 10 1 0
13 15 10 2 0
13 15 10 3 0
13 15 10 4 0
13 15 10 5 0
13 15 10 6 0
13 15 10 7 0
13 15 10 8 0
13 15 10 9 0
13 15 10 10 0
13 15 10 11 0
13 15 10 12 0
13 15 10 13 0
13 15 10 14 0
13 15 10 15 0
13 15 11 0 0
13 15 11 1 0
13 15 11 2 0
13 15 11 3 0
13 15 11 4 0
13 15 11 5 0
13 15 11 6 0
13 15 11 7 0
13 15 11 8 0
13 15 11 9 0
13 15 11 10 0
13 15 11 11 0
13 15 11 12 0
13 15 11 13 0
13 15 11 14 0
13 15 11 15 0
13 15 12 0 0
13 15 12 1 0
13 15 12 2 0
13 15 12 3 0
13 15 12 4 0
13 15 12 5 0
13 15 12 6 0
13 15 12 7 0
13 15 12 8 0
13 15 12 9 0
13 15 12 10 0
13 15 12 11 0
13 15 12 12 0
13 15 12 13 0
13 15 12 14 0
13 15 12 15 0
13 15 13 0 0
13 15 13 1 0
13 15 13 2 0
13 15 13 3 0
13 15 13 4 0
13 15 13 5 0
13 15 13 6 0
13 15 13 7 0
13 15 13 8 0
13 15 13 9 0
13 15 13 10 0
13 15 13 11 0
13 15 13 12 0
13 15 13 13 0
13 15 13 14 0
13 15 13 15 0
13 15 14 0 0
13 15 14 1 0
13 15 14 2 0
13 15 14 3 0
13 15 14 4 0
13 15 14 5 0
13 15 14 6 0
13 15 14 7 0
13 15 14 8 0
13 15 14 9 0
13 15 14 10 0
13 15 14 11 0
13 15 14 12 0
13 15 14 13 0
13 15 14 14 0
13 15 14 15 0
13 15 15 0 0
13 15 15 1 0
13 15 15 2 0
13 15 15 3 0
13 15 15 4 0
13 15 15 5 0
13 15 15 6 0
13 15 15 7 0
13 15 15 8 0
13 15 15 9 0
13 15 15 10 0
13 15 15 11 0
13 15 15 12 0
13 15 15 13 0
13 15 15 14 0
13 15 15 15 0
14 0 0 0 0
14 0 0 1 0
14 0 0 2 -0.0008302312373619392
14 0 0 3 0
14 0 0 4 0
14 0 0 5 0
14 0 0 6 0
14 0 0 7 0
14 0 0 8 0
14 0 0 9 0
14 0 0 10 0
14 0 0 11 0.0001327087952273341
14 0 0 12 0
14 0 0 13 0
14 0 0 14 -0.0004913239519447535
14 0 0 15 0
14 0 1 0 0
14 0 1 1 0
14 0 1 2 0
14 0 1 3 0
14 0 1 4 0
14 0 1 5 0
14 0 1 6 0
14 0 1 7 0
14 0 1 8 0
14 0 1 9 0
14 0 1 10 0
14 0 1 11 0
14 0 1 12 0
14 0 1 13 0
14 0 1 14 0
14 0 1 15 0
14 0 2 0 0.001660462474723878
14 0 2 1 0
14 0 2 2 0
14 0 2 3 0
14 0 2 4 0
14 0 2 5 0
14 0 2 6 0
14 0 2 7 0
14 0 2 8 0
14 0 2 9 0
14 0 2 10 0
14 0 2 11 -1.371903397702266e-05
14 0 2 12 0
14 0 2 13 0
14 0 2 14 0
14 0 2 15 0
14 0 3 0 0
14 0 3 1 0
14 0 3 2 0
14 0 3 3 0
14 0 3 4 0
14 0 3 5 0
14 0 3 6 0
14 0 3 7 0
14 0 3 8 0
14 0 3 9 0
14 0 3 10 0
14 0 3 11 0
14 0 3 12 0
14 0 3 13 0
14 0 3 14 0
14 0 3 15 0
14 0 4 0 0
14 0 4 1 0
14 0 4 2 0
14 0 4 3 0
14 0 4 4 0
14 0 4 5 0
14 0 4 6 0
14 0 4 7 0
14 0 4 8 0
14 0 4 9 0
14 0 4 10 0
14 0 4 11 0
14 0 4 12 0
14 0 4 13 0
14 0 4 14 0
14 0 4 15 0
14 0 5 0 0
14 0 5 1 0
14 0 5 2 0
14 0 5 3 0
14 0 5 4 0
14 0 5 5 0
14 0 5 6 0
14 0 5 7 0
14 0 5 8 0
14 0 5 9 0
14 0 5 10 0
14 0 5 11 0
14 0 5 12 0
14 0 5 13 0
14 0 5 14 0
14 0 5 15 0
14 0 6 0 0
14 0 6 1 0
14 0 6 2 0
14 0 6 3 0
14 0 6 4 0
14 0 6 5 0
14 0 6 6 0
14 0 6 7 0
14 0 6 8 0
14 0 6 9 0
14 0 6 10 0
14 0 6 11 0
14 0 6 12 0
14 0 6 13 0
14 0 6 14 0
14 0 6 15 0
14 0 7 0 0
14 0 7 1 0
14 0 7 2 0
14 0 7 3 0
14 0 7 4 0
14 0 7 5 0
14 0 7 6 0
14 0 7 7 0
14 0 7 8 0
14 0 7 9 0
14 0 7 10 0
14 0 7 11 0
14 0 7 12 0
14 0 7 13 0
14 0 7 14 0
14 0 7 15 0
14 0 8 0 0
14 0 8 1 0
14 0 8 2 0
14 0 8 3 0
14 0 8 4 0
14 0 8 5 0
14 0 8 6 0
14 0 8 7 0
14 0 8 8 0
14 0 8 9 0
14 0 8 10 0
14 0 8 11 0
14 0 8 12 0
14 0 8 13 0
14 0 8 14 0
14 0 8 15 0
14 0 9 0 0
14 0 9 1 0
14 0 9 2 0
14 0 9 3 0
14 0 9 4 0
14 0 9 5 0
14 0 9 6 0
14 0 9 7 0
14 0 9 8 0
14 0 9 9 0
14 0 9 10 0
14 0 9 11 0
14 0 9 12 0
14 0 9 13 0
14 0 9 14 0
14 0 9 15 0
14 0 10 0 0
14 0 10 1 0
14 0 10 2 0
14 0 10 3 0
14 0 10 4 0
14 0 10 5 0
14 0 10 6 0
14 0 10 7 0
14 0 10 8 0
14 0 10 9 0
14 0 10 10 0
14 0 10 11 0
14 0 10 12 0
14 0 10 13 0
14 0 10 14 0
14 0 10 15 0
14 0 11 0 -0.0002654175904546682
14 0 11 1 0
14 0 11 2 -0.0001491041658039573
14 0 11 3 0
14 0 11 4 0
14 0 11 5 0
14 0 11 6 0
14 0 11 7 0
14 0 11 8 0
14 0 11 9 0
14 0 11 10 0
14 0 11 11 0
14 0 11 12 0
14 0 11 13 0
14 0 11 14 0
14 0 11 15 0
14 0 12 0 0
14 0 12 1 0
14 0 12 2 0
14 0 12 3 0
14 0 12 4 0
14 0 12 5 0
14 0 12 6 0
14 0 12 7 0
14 0 12 8 0
14 0 12 9 0
14 0 12 10 0
14 0 12 11 0
14 0 12 12 0
14 0 12 13 0
14 0 12 14 0
14 0 12 15 0
14 0 13 0 0
14 0 13 1 0
14 0 13 2 0
14 0 13 3 0
14 0 13 4 0
14 0 13 5 0
14 0 13 6 0
14 0 13 7 0
14 0 13 8 0
14 0 13 9 0
14 0 13 10 0
14 0 13 11 0
14 0 13 12 0
14 0 13 13 0
14 0 13 14 0
14 0 13 15 0
14 0 14 0 0.000982647903889507
14 0 14 1 0
14 0 14 2 0
14 0 14 3 0
14 0 14 4 0
14 0 14 5 0
14 0 14 6 0
14 0 14 7 0
14 0 14 8 0
14 0 14 9 0
14 0 14 10 0
14 0 14 11 0
14 0 14 12 0
14 0 14 13 0
14 0 14 14 0
14 0 14 15 0
14 0 15 0 0
14 0 15 1 0
14 0 15 2 0
14 0 15 3 0
14 0 15 4 0
14 0 15 5 0
14 0 15 6 0
14 0 15 7 0
14 0 15 8 0
14 0 15 9 0
14 0 15 10 0
14 0 15 11 0
14 0 15 12 0
14 0 15 13 0
14 0 15 14 0
14 0 15 15 0
14 1 0 0 0
14 1 0 1 0
14 1 0 2 0
14 1 0 3 0
14 1 0 4 0
14 1 0 5 0
14 1 0 6 0
14 1 0 7 0
14 1 0 8 0
14 1 0 9 0
14 1 0 10 0
14 1 0 11 0
14 1 0 12 0
14 1 0 13 0
14 1 0 14 0
14 1 0 15 0
14 1 1 0 0
14 1 1 1 0
14 1 1 2 -0.0008302312373619392
14 1 1 3 0
14 1 1 4 0
14 1 1 5 0
14 1 1 6 0
14 1 1 7 0
14 1 1 8 0
14 1 1 9 0
14 1 1 10 0
14 1 1 11 0.0001327087952273341
14 1 1 12 0
14 1 1 13 0
14 1 1 14 -0.0004913239519447535
14 1 1 15 0
14 1 2 0 0
14 1 2 1 0.001660462474723878
14 1 2 2 0
14 1 2 3 0
14 1 2 4 0
14 1 2 5 0
14 1 2 6 0
14 1 2 7 0
14 1 2 8 0
14 1 2 9 0
14 1 2 10 0
14 1 2 11 0
14 1 2 12 0
14 1 2 13 0
14 1 2 14 0
14 1 2 15 1.332583702415911e-05
14 1 3 0 0
14 1 3 1 0
14 1 3 2 0
14 1 3 3 0
14 1 3 4 0
14 1 3 5 0
14 1 3 6 0
14 1 3 7 0
14 1 3 8 0
14 1 3 9 0
14 1 3 10 0
14 1 3 11 0
14 1 3 12 0
14 1 3 13 0
14 1 3 14 0
14 1 3 15 0
14 1 4 0 0
14 1 4 1 0
14 1 4 2 0
14 1 4 3 0
14 1 4 4 0
14 1 4 5 0
14 1 4 6 0
14 1 4 7 0
14 1 4 8 0
14 1 4 9 0
14 1 4 10 0
14 1 4 11 0
14 1 4 12 0
14 1 4 13 0
14 1 4 14 0
14 1 4 15 0
14 1 5 0 0
14 1 5 1 0
14 1 5 2 0
14 1 5 3 0
14 1 5 4 0
14 1 5 5 0
14 1 5 6 0
14 1 5 7 0
14 1 5 8 0
14 1 5 9 0
14 1 5 10 0
14 1 5 11 0
14 1 5 12 0
14 1 5 13 0
14 1 5 14 0
14 1 5 15 0
14 1 6 0 0
14 1 6 1 0
14 1 6 2 0
14 1 6 3 0
14 1 6 4 0
14 1 6 5 0
14 1 6 6 0
14 1 6 7 0
14 1 6 8 0
14 1 6 9 0
14 1 6 10 0
14 1 6 11 0
14 1 6 12 0
14 1 6 13 0
14 1 6 14 0
14 1 6 15 0
14 1 7 0 0
14 1 7 1 0
14 1 7 2 0
14 1 7 3 0
14 1 7 4 0
14 1 7 5 0
14 1 7 6 0
14 1 7 7 0
14 1 7 8 0
14 1 7 9 0
14 1 7 10 0
14 1 7 11 0
14 1 7 12 0
14 1 7 13 0
14 1 7 14 0
14 1 7 15 0
14 1 8 0 0
14 1 8 1 0
14 1 8 2 0
14 1 8 3 0
14 1 8 4 0
14 1 8 5 0
14 1 8 6 0
14 1 8 7 0
14 1 8 8 0
14 1 8 9 0
14 1 8 10 0
14 1 8 11 0
14 1 8 12 0
14 1 8 13 0
14 1 8 14 0
14 1 8 15 0
14 1 9 0 0
14 1 9 1 0
14 1 9 2 0
14 1 9 3 0
14 1 9 4 0
14 1 9 5 0
14 1 9 6 0
14 1 9 7 0
14 1 9 8 0
14 1 9 9 0
14 1 9 10 0
14 1 9 11 0
14 1 9 12 0
14 1 9 13 0
14 1 9 14 0
14 1 9 15 0
14 1 10 0 0
14 1 10 1 0
14 1 10 2 0
14 1 10 3 0
14 1 10 4 0
14 1 10 5 0
14 1 10 6 0
14 1 10 7 0
14 1 10 8 0
14 1 10 9 0
14 1 10 10 0
14 1 10 11 0
14 1 10 12 0
14 1 10 13 0
14 1 10 14 0
14 1 10 15 0
14 1 11 0 0
14 1 11 1 -0.0002654175904546682
14 1 11 2 0
14 1 11 3 0
14 1 11 4 0
14 1 11 5 0
14 1 11 6 0
14 1 11 7 0
14 1 11 8 0
14 1 11 9 0
14 1 11 10 0
14 1 11 11 0
14 1 11 12 0
14 1 11 13 0
14 1 11 14 0
14 1 11 15 0
14 1 12 0 0
14 1 12 1 0
14 1 12 2 0
14 1 12 3 0
14 1 12 4 0
14 1 12 5 0
14 1 12 6 0
14 1 12 7 0
14 1 12 8 0
14 1 12 9 0
14 1 12 10 0
14 1 12 11 0
14 1 12 12 0
14 1 12 13 0
14 1 12 14 0
14 1 12 15 0
14 1 13 0 0
14 1 13 1 0
14 1 13 2 0
14 1 13 3 0
14 1 13 4 0
14 1 13 5 0
14 1 13 6 0
14 1 13 7 0
14 1 13 8 0
14 1 13 9 0
14 1 13 10 0
14 1 13 11 0
14 1 13 12 0
14 1 13 13 0
14 1 13 14 0
14 1 13 15 0
14 1 14 0 0
14 1 14 1 0.000982647903889507
14 1 14 2 0
14 1 14 3 0
14 1 14 4 0
14 1 14 5 0
14 1 14 6 0
14 1 14 7 0
14 1 14 8 0
14 1 14 9 0
14 1 14 10 0
14 1 14 11 0
14 1 14 12 0
14 1 14 13 0
14 1 14 14 0
14 1 14 15 0
14 1 15 0 0
14 1 15 1 0
14 1 15 2 6.593753366550278e-06
14 1 15 3 0
14 1 15 4 0
14 1 15 5 0
14 1 15 6 0
14 1 15 7 0
14 1 15 8 0
14 1 15 9 0
14 1 15 10 0
14 1 15 11 0
14 1 15 12 0
14 1 15 13 0
14 1 15 14 0
14 1 15 15 0
14 2 0 0 0
14 2 0 1 0
14 2 0 2 0
14 2 0 3 0
14 2 0 4 0
14 2 0 5 0
14 2 0 6 0
14 2 0 7 0
14 2 0 8 0
14 2 0 9 0
14 2 0 10 0
14 2 0 11 0
14 2 0 12 0
14 2 0 13 0
14 2 0 14 0
14 2 0 15 0
14 2 1 0 0
14 2 1 1 0
14 2 1 2 0
14 2 1 3 0
14 2 1 4 0
14 2 1 5 0
14 2 1 6 0
14 2 1 7 0
14 2 1 8 0
14 2 1 9 0
14 2 1 10 0
14 2 1 11 0
14 2 1 12 0
14 2 1 13 0
14 2 1 14 0
14 2 1 15 0
14 2 2 0 0
14 2 2 1 0
14 2 2 2 0.0008302312373619392
14 2 2 3 0
14 2 2 4 0
14 2 2 5 0
14 2 2 6 0
14 2 2 7 0
14 2 2 8 0
14 2 2 9 0
14 2 2 10 0
14 2 2 11 0.0001171194906954436
14 2 2 12 0
14 2 2 13 0
14 2 2 14 -0.0004855026057764391
14 2 2 15 0
14 2 3 0 0
14 2 3 1 0
14 2 3 2 0
14 2 3 3 0
14 2 3 4 0
14 2 3 5 0
14 2 3 6 0
14 2 3 7 0
14 2 3 8 0
14 2 3 9 0
14 2 3 10 0
14 2 3 11 0
14 2 3 12 0
14 2 3 13 0
14 2 3 14 0
14 2 3 15 0
14 2 4 0 0
14 2 4 1 0
14 2 4 2 0
14 2 4 3 0
14 2 4 4 0
14 2 4 5 0
14 2 4 6 0
14 2 4 7 0
14 2 4 8 0
14 2 4 9 0
14 2 4 10 0
14 2 4 11 0
14 2 4 12 0
14 2 4 13 0
14 2 4 14 0
14 2 4 15 0
14 2 5 0 0
14 2 5 1 0
14 2 5 2 0
14 2 5 3 0
14 2 5 4 0
14 2 5 5 0
14 2 5 6 0
14 2 5 7 0
14 2 5 8 0
14 2 5 9 0
14 2 5 10 0
14 2 5 11 0
14 2 5 12 0
14 2 5 13 0
14 2 5 14 0
14 2 5 15 0
14 2 6 0 0
14 2 6 1 0
14 2 6 2 0
14 2 6 3 0
14 2 6 4 0
14 2 6 5 0
14 2 6 6 0
14 2 6 7 0
14 2 6 8 0
14 2 6 9 0
14 2 6 10 0
14 2 6 11 0
14 2 6 12 0
14 2 6 13 0
14 2 6 14 0
14 2 6 15 0
14 2 7 0 0
14 2 7 1 0
14 2 7 2 0
14 2 7 3 0
14 2 7 4 0
14 2 7 5 0
14 2 7 6 0
14 2 7 7 -0.0003094591602755958
14 2 7 8 0
14 2 7 9 0
14 2 7 10 0
14 2 7 11 0
14 2 7 12 0
14 2 7 13 0
14 2 7 14 0
14 2 7 15 0
14 2 8 0 0
14 2 8 1 0
14 2 8 2 0
14 2 8 3 0
14 2 8 4 0
14 2 8 5 0
14 2 8 6 0
14 2 8 7 0
14 2 8 8 0
14 2 8 9 0
14 2 8 10 0
14 2 8 11 0
14 2 8 12 0
14 2 8 13 0
14 2 8 14 0
14 2 8 15 0
14 2 9 0 0
14 2 9 1 0
14 2 9 2 0
14 2 9 3 0
14 2 9 4 0
14 2 9 5 0
14 2 9 6 0
14 2 9 7 0
14 2 9 8 0
14 2 9 9 0
14 2 9 10 0
14 2 9 11 0
14 2 9 12 0
14 2 9 13 0
14 2 9 14 0
14 2 9 15 0
14 2 10 0 0
14 2 10 1 0
14 2 10 2 0
14 2 10 3 0
14 2 10 4 0
14 2 10 5 0
14 2 10 6 0
14 2 10 7 0
14 2 10 8 0
14 2 10 9 0
14 2 10 10 0
14 2 10 11 0
14 2 10 12 0
14 2 10 13 0
14 2 10 14 0
14 2 10 15 0
14 2 11 0 0
14 2 11 1 0
14 2 11 2 -0.0001327087952273341
14 2 11 3 0
14 2 11 4 0
14 2 11 5 0
14 2 11 6 0
14 2 11 7 0
14 2 11 8 0
14 2 11 9 0
14 2 11 10 0
14 2 11 11 0
14 2 11 12 0
14 2 11 13 0
14 2 11 14 0
14 2 11 15 0
14 2 12 0 0
14 2 12 1 0
14 2 12 2 0
14 2 12 3 0
14 2 12 4 0
14 2 12 5 0
14 2 12 6 0
14 2 12 7 0
14 2 12 8 0
14 2 12 9 0
14 2 12 10 0
14 2 12 11 0
14 2 12 12 0
14 2 12 13 0
14 2 12 14 0
14 2 12 15 0
14 2 13 0 0
14 2 13 1 0
14 2 13 2 0
14 2 13 3 0
14 2 13 4 0
14 2 13 5 0
14 2 13 6 0
14 2 13 7 0
14 2 13 8 0
14 2 13 9 0
14 2 13 10 0
14 2 13 11 0
14 2 13 12 0
14 2 13 13 0
14 2 13 14 0
14 2 13 15 0
14 2 14 0 0
14 2 14 1 0
14 2 14 2 0.0004913239519447534
14 2 14 3 0
14 2 14 4 0
14 2 14 5 0
14 2 14 6 0
14 2 14 7 0
14 2 14 8 0
14 2 14 9 0
14 2 14 10 0
14 2 14 11 0
14 2 14 12 0
14 2 14 13 0
14 2 14 14 0
14 2 14 15 0
14 2 15 0 0
14 2 15 1 0
14 2 15 2 0
14 2 15 3 0
14 2 15 4 0
14 2 15 5 0
14 2 15 6 0
14 2 15 7 0
14 2 15 8 0
14 2 15 9 0
14 2 15 10 0
14 2 15 11 0
14 2 15 12 0
14 2 15 13 0
14 2 15 14 0
14 2 15 15 0
14 3 0 0 0
14 3 0 1 0
14 3 0 2 0
14 3 0 3 0
14 3 0 4 0
14 3 0 5 0
14 3 0 6 0
14 3 0 7 0
14 3 0 8 0
14 3 0 9 0
14 3 0 10 0
14 3 0 11 0
14 3 0 12 0
14 3 0 13 0
14 3 0 14 0
14 3 0 15 0
14 3 1 0 0
14 3 1 1 0
14 3 1 2 0
14 3 1 3 0
14 3 1 4 0
14 3 1 5 0
14 3 1 6 0
14 3 1 7 0
14 3 1 8 0
14 3 1 9 0
14 3 1 10 0
14 3 1 11 0
14 3 1 12 0
14 3 1 13 0
14 3 1 14 0
14 3 1 15 0
14 3 2 0 0
14 3 2 1 0
14 3 2 2 0
14 3 2 3 0.0008302312373619394
14 3 2 4 0
14 3 2 5 0
14 3 2 6 0
14 3 2 7 0
14 3 2 8 6.229112059910079e-05
14 3 2 9 0
14 3 2 10 0
14 3 2 11 0
14 3 2 12 0
14 3 2 13 0
14 3 2 14 0
14 3 2 15 0
14 3 3 0 0
14 3 3 1 0
14 3 3 2 -0.0008766462328166891
14 3 3 3 0
14 3 3 4 0
14 3 3 5 0
14 3 3 6 0
14 3 3 7 0
14 3 3 8 0
14 3 3 9 0
14 3 3 10 0
14 3 3 11 0.0001334688093256039
14 3 3 12 0
14 3 3 13 0
14 3 3 14 -0.0004913057573699515
14 3 3 15 0
14 3 4 0 0
14 3 4 1 0
14 3 4 2 0
14 3 4 3 0
14 3 4 4 0
14 3 4 5 0
14 3 4 6 0
14 3 4 7 0
14 3 4 8 0
14 3 4 9 0
14 3 4 10 0
14 3 4 11 0
14 3 4 12 0
14 3 4 13 0
14 3 4 14 0
14 3 4 15 0
14 3 5 0 0
14 3 5 1 0
14 3 5 2 0
14 3 5 3 0
14 3 5 4 0
14 3 5 5 0
14 3 5 6 0
14 3 5 7 0
14 3 5 8 0
14 3 5 9 0
14 3 5 10 0
14 3 5 11 0
14 3 5 12 0
14 3 5 13 0
14 3 5 14 0
14 3 5 15 0
14 3 6 0 0
14 3 6 1 0
14 3 6 2 0
14 3 6 3 0
14 3 6 4 0
14 3 6 5 0
14 3 6 6 0
14 3 6 7 0.0126521271322457
14 3 6 8 0
14 3 6 9 0
14 3 6 10 0
14 3 6 11 0
14 3 6 12 0
14 3 6 13 0
14 3 6 14 0
14 3 6 15 0
14 3 7 0 0
14 3 7 1 0
14 3 7 2 0
14 3 7 3 0
14 3 7 4 0
14 3 7 5 0
14 3 7 6 -0.01257554024186362
14 3 7 7 0
14 3 7 8 0
14 3 7 9 0
14 3 7 10 0
14 3 7 11 0
14 3 7 12 0
14 3 7 13 0
14 3 7 14 0
14 3 7 15 0
14 3 8 0 0
14 3 8 1 0
14 3 8 2 -6.577357458224095e-05
14 3 8 3 0
14 3 8 4 0
14 3 8 5 0
14 3 8 6 0
14 3 8 7 0
14 3 8 8 0
14 3 8 9 0
14 3 8 10 0
14 3 8 11 0
14 3 8 12 0
14 3 8 13 0
14 3 8 14 0
14 3 8 15 0
14 3 9 0 0
14 3 9 1 0
14 3 9 2 0
14 3 9 3 0
14 3 9 4 0
14 3 9 5 0
14 3 9 6 0
14 3 9 7 0
14 3 9 8 0
14 3 9 9 0
14 3 9 10 0
14 3 9 11 0
14 3 9 12 0
14 3 9 13 0
14 3 9 14 0
14 3 9 15 0
14 3 10 0 0
14 3 10 1 0
14 3 10 2 0
14 3 10 3 0
14 3 10 4 0
14 3 10 5 0
14 3 10 6 0
14 3 10 7 0
14 3 10 8 0
14 3 10 9 0
14 3 10 10 0
14 3 10 11 0
14 3 10 12 0
14 3 10 13 0
14 3 10 14 0
14 3 10 15 0
14 3 11 0 0
14 3 11 1 0
14 3 11 2 0
14 3 11 3 -0.0001327087952273341
14 3 11 4 0
14 3 11 5 0
14 3 11 6 0
14 3 11 7 0
14 3 11 8 0
14 3 11 9 0
14 3 11 10 0
14 3 11 11 0
14 3 11 12 0
14 3 11 13 0
14 3 11 14 0
14 3 11 15 0
14 3 12 0 0
14 3 12 1 0
14 3 12 2 0
14 3 12 3 0
14 3 12 4 0
14 3 12 5 0
14 3 12 6 0
14 3 12 7 0
14 3 12 8 0
14 3 12 9 0
14 3 12 10 0
14 3 12 11 0
14 3 12 12 0
14 3 12 13 0
14 3 12 14 0
14 3 12 15 0
14 3 13 0 0
14 3 13 1 0
14 3 13 2 0
14 3 13 3 0
14 3 13 4 0
14 3 13 5 0
14 3 13 6 0
14 3 13 7 0
14 3 13 8 0
14 3 13 9 0
14 3 13 10 0
14 3 13 11 0
14 3 13 12 0
14 3 13 13 0
14 3 13 14 0
14 3 13 15 0
14 3 14 0 0
14 3 14 1 0
14 3 14 2 0
14 3 14 3 0.0004913239519447532
14 3 14 4 0
14 3 14 5 0
14 3 14 6 0
14 3 14 7 0
14 3 14 8 0
14 3 14 9 0
14 3 14 10 0
14 3 14 11 0
14 3 14 12 0
14 3 14 13 0
14 3 14 14 0
14 3 14 15 0
14 3 15 0 0
14 3 15 1 0
14 3 15 2 0
14 3 15 3 0
14 3 15 4 0
14 3 15 5 0
14 3 15 6 0
14 3 15 7 0
14 3 15 8 0
14 3 15 9 0
14 3 15 10 0
14 3 15 11 0
14 3 15 12 0
14 3 15 13 0
14 3 15 14 0
14 3 15 15 0
14 4 0 0 0
14 4 0 1 0
14 4 0 2 0
14 4 0 3 0
14 4 0 4 0
14 4 0 5 0
14 4 0 6 0
14 4 0 7 0
14 4 0 8 0
14 4 0 9 0
14 4 0 10 0
14 4 0 11 0
14 4 0 12 0
14 4 0 13 0
14 4 0 14 0
14 4 0 15 0
14 4 1 0 0
14 4 1 1 0
14 4 1 2 0
14 4 1 3 0
14 4 1 4 0
14 4 1 5 0
14 4 1 6 0
14 4 1 7 0
14 4 1 8 0
14 4 1 9 0
14 4 1 10 0
14 4 1 11 0
14 4 1 12 0
14 4 1 13 0
14 4 1 14 0
14 4 1 15 0
14 4 2 0 0
14 4 2 1 0
14 4 2 2 0
14 4 2 3 0
14 4 2 4 0.0008302312373619392
14 4 2 5 0
14 4 2 6 0
14 4 2 7 0
14 4 2 8 0
14 4 2 9 7.040654279366737e-05
14 4 2 10 0
14 4 2 11 0
14 4 2 12 0
14 4 2 13 0
14 4 2 14 0
14 4 2 15 0
14 4 3 0 0
14 4 3 1 0
14 4 3 2 0
14 4 3 3 0
14 4 3 4 0
14 4 3 5 0
14 4 3 6 0
14 4 3 7 0
14 4 3 8 0
14 4 3 9 0
14 4 3 10 0
14 4 3 11 0
14 4 3 12 0
14 4 3 13 0
14 4 3 14 0
14 4 3 15 0
14 4 4 0 0
14 4 4 1 0
14 4 4 2 -0.001309322684920413
14 4 4 3 0
14 4 4 4 0
14 4 4 5 0
14 4 4 6 0
14 4 4 7 0
14 4 4 8 0
14 4 4 9 0
14 4 4 10 0
14 4 4 11 0.0001407520617529154
14 4 4 12 0
14 4 4 13 0
14 4 4 14 -0.0004893854683828331
14 4 4 15 0
14 4 5 0 0
14 4 5 1 0
14 4 5 2 0
14 4 5 3 0
14 4 5 4 0
14 4 5 5 0
14 4 5 6 0
14 4 5 7 -3.835215917840997e-18
14 4 5 8 0
14 4 5 9 0
14 4 5 10 0
14 4 5 11 0
14 4 5 12 0
14 4 5 13 0
14 4 5 14 0
14 4 5 15 0
14 4 6 0 0
14 4 6 1 0
14 4 6 2 0
14 4 6 3 0
14 4 6 4 0
14 4 6 5 0
14 4 6 6 0
14 4 6 7 0
14 4 6 8 0
14 4 6 9 0
14 4 6 10 0
14 4 6 11 0
14 4 6 12 0
14 4 6 13 0
14 4 6 14 0
14 4 6 15 0
14 4 7 0 0
14 4 7 1 0
14 4 7 2 0
14 4 7 3 0
14 4 7 4 0
14 4 7 5 2.510684237819939e-18
14 4 7 6 0
14 4 7 7 0
14 4 7 8 0
14 4 7 9 0
14 4 7 10 0
14 4 7 11 0
14 4 7 12 0
14 4 7 13 0
14 4 7 14 0
14 4 7 15 0
14 4 8 0 0
14 4 8 1 0
14 4 8 2 0
14 4 8 3 0
14 4 8 4 0
14 4 8 5 0
14 4 8 6 0
14 4 8 7 0
14 4 8 8 0
14 4 8 9 0
14 4 8 10 0
14 4 8 11 0
14 4 8 12 0
14 4 8 13 0
14 4 8 14 0
14 4 8 15 0
14 4 9 0 0
14 4 9 1 0
14 4 9 2 -0.0001110351905566513
14 4 9 3 0
14 4 9 4 0
14 4 9 5 0
14 4 9 6 0
14 4 9 7 0
14 4 9 8 0
14 4 9 9 0
14 4 9 10 0
14 4 9 11 0
14 4 9 12 0
14 4 9 13 0
14 4 9 14 0
14 4 9 15 0
14 4 10 0 0
14 4 10 1 0
14 4 10 2 0
14 4 10 3 0
14 4 10 4 0
14 4 10 5 0
14 4 10 6 0
14 4 10 7 0
14 4 10 8 0
14 4 10 9 0
14 4 10 10 0
14 4 10 11 0
14 4 10 12 0
14 4 10 13 0
14 4 10 14 0
14 4 10 15 0
14 4 11 0 0
14 4 11 1 0
14 4 11 2 0
14 4 11 3 0
14 4 11 4 -0.0001327087952273341
14 4 11 5 0
14 4 11 6 0
14 4 11 7 0
14 4 11 8 0
14 4 11 9 0
14 4 11 10 0
14 4 11 11 0
14 4 11 12 0
14 4 11 13 0
14 4 11 14 0
14 4 11 15 0
14 4 12 0 0
14 4 12 1 0
14 4 12 2 0
14 4 12 3 0
14 4 12 4 0
14 4 12 5 0
14 4 12 6 0
14 4 12 7 0
14 4 12 8 0
14 4 12 9 0
14 4 12 10 0
14 4 12 11 0
14 4 12 12 0
14 4 12 13 0
14 4 12 14 0
14 4 12 15 0
14 4 13 0 0
14 4 13 1 0
14 4 13 2 0
14 4 13 3 0
14 4 13 4 0
14 4 13 5 0
14 4 13 6 0
14 4 13 7 0
14 4 13 8 0
14 4 13 9 0
14 4 13 10 0
14 4 13 11 0
14 4 13 12 0
14 4 13 13 0
14 4 13 14 0
14 4 13 15 0
14 4 14 0 0
14 4 14 1 0
14 4 14 2 0
14 4 14 3 0
14 4 14 4 0.0004913239519447538
14 4 14 5 0
14 4 14 6 0
14 4 14 7 0
14 4 14 8 0
14 4 14 9 0
14 4 14 10 0
14 4 14 11 0
14 4 14 12 0
14 4 14 13 0
14 4 14 14 0
14 4 14 15 0
14 4 15 0 0
14 4 15 1 0
14 4 15 2 0
14 4 15 3 0
14 4 15 4 0
14 4 15 5 0
14 4 15 6 0
14 4 15 7 0
14 4 15 8 0
14 4 15 9 0
14 4 15 10 0
14 4 15 11 0
14 4 15 12 0
14 4 15 13 0
14 4 15 14 0
14 4 15 15 0
14 5 0 0 0
14 5 0 1 0
14 5 0 2 0
14 5 0 3 0
14 5 0 4 0
14 5 0 5 0
14 5 0 6 0
14 5 0 7 0
14 5 0 8 0
14 5 0 9 0
14 5 0 10 0
14 5 0 11 0
14 5 0 12 0
14 5 0 13 0
14 5 0 14 0
14 5 0 15 0
14 5 1 0 0
14 5 1 1 0
14 5 1 2 0
14 5 1 3 0
14 5 1 4 0
14 5 1 5 0
14 5 1 6 0
14 5 1 7 0
14 5 1 8 0
14 5 1 9 0
14 5 1 10 0
14 5 1 11 0
14 5 1 12 0
14 5 1 13 0
14 5 1 14 0
14 5 1 15 0
14 5 2 0 0
14 5 2 1 0
14 5 2 2 0
14 5 2 3 0
14 5 2 4 0
14 5 2 5 0.0008302312373619394
14 5 2 6 0
14 5 2 7 0
14 5 2 8 0
14 5 2 9 0
14 5 2 10 0
14 5 2 11 0
14 5 2 12 6.449839167017141e-05
14 5 2 13 0
14 5 2 14 0
14 5 2 15 0
14 5 3 0 0
14 5 3 1 0
14 5 3 2 0
14 5 3 3 0
14 5 3 4 0
14 5 3 5 0
14 5 3 6 0
14 5 3 7 0
14 5 3 8 0
14 5 3 9 0
14 5 3 10 0
14 5 3 11 0
14 5 3 12 0
14 5 3 13 0
14 5 3 14 0
14 5 3 15 0
14 5 4 0 0
14 5 4 1 0
14 5 4 2 0
14 5 4 3 0
14 5 4 4 0
14 5 4 5 0
14 5 4 6 0
14 5 4 7 0.0001297347872223968
14 5 4 8 0
14 5 4 9 0
14 5 4 10 0
14 5 4 11 0
14 5 4 12 0
14 5 4 13 0
14 5 4 14 0
14 5 4 15 0
14 5 5 0 0
14 5 5 1 0
14 5 5 2 -0.005644107881451439
14 5 5 3 0
14 5 5 4 0
14 5 5 5 0
14 5 5 6 0
14 5 5 7 0
14 5 5 8 0
14 5 5 9 0
14 5 5 10 0
14 5 5 11 0.0001554599446104934
14 5 5 12 0
14 5 5 13 0
14 5 5 14 -0.0002956129678251647
14 5 5 15 0
14 5 6 0 0
14 5 6 1 0
14 5 6 2 0
14 5 6 3 0
14 5 6 4 0
14 5 6 5 0
14 5 6 6 0
14 5 6 7 0
14 5 6 8 0
14 5 6 9 0
14 5 6 10 0
14 5 6 11 0
14 5 6 12 0
14 5 6 13 0
14 5 6 14 0
14 5 6 15 0
14 5 7 0 0
14 5 7 1 0
14 5 7 2 0
14 5 7 3 0
14 5 7 4 0.001173831087974334
14 5 7 5 0
14 5 7 6 0
14 5 7 7 0
14 5 7 8 0
14 5 7 9 0
14 5 7 10 0
14 5 7 11 0
14 5 7 12 0
14 5 7 13 0
14 5 7 14 0
14 5 7 15 0
14 5 8 0 0
14 5 8 1 0
14 5 8 2 0
14 5 8 3 0
14 5 8 4 0
14 5 8 5 0
14 5 8 6 0
14 5 8 7 0
14 5 8 8 0
14 5 8 9 0
14 5 8 10 0
14 5 8 11 0
14 5 8 12 0
14 5 8 13 0
14 5 8 14 0
14 5 8 15 0
14 5 9 0 0
14 5 9 1 0
14 5 9 2 0
14 5 9 3 0
14 5 9 4 0
14 5 9 5 0
14 5 9 6 0
14 5 9 7 0
14 5 9 8 0
14 5 9 9 0
14 5 9 10 0
14 5 9 11 0
14 5 9 12 0
14 5 9 13 0
14 5 9 14 0
14 5 9 15 0
14 5 10 0 0
14 5 10 1 0
14 5 10 2 0
14 5 10 3 0
14 5 10 4 0
14 5 10 5 0
14 5 10 6 0
14 5 10 7 0
14 5 10 8 0
14 5 10 9 0
14 5 10 10 0
14 5 10 11 0
14 5 10 12 0
14 5 10 13 0
14 5 10 14 0
14 5 10 15 0
14 5 11 0 0
14 5 11 1 0
14 5 11 2 0
14 5 11 3 0
14 5 11 4 0
14 5 11 5 -0.0001327087952273341
14 5 11 6 0
14 5 11 7 0
14 5 11 8 0
14 5 11 9 0
14 5 11 10 0
14 5 11 11 0
14 5 11 12 0
14 5 11 13 0
14 5 11 14 0
14 5 11 15 0
14 5 12 0 0
14 5 12 1 0
14 5 12 2 -0.0004384752878285847
14 5 12 3 0
14 5 12 4 0
14 5 12 5 0
14 5 12 6 0
14 5 12 7 0
14 5 12 8 0
14 5 12 9 0
14 5 12 10 0
14 5 12 11 0
14 5 12 12 0
14 5 12 13 0
14 5 12 14 0
14 5 12 15 0
14 5 13 0 0
14 5 13 1 0
14 5 13 2 0
14 5 13 3 0
14 5 13 4 0
14 5 13 5 0
14 5 13 6 0
14 5 13 7 0
14 5 13 8 0
14 5 13 9 0
14 5 13 10 0
14 5 13 11 0
14 5 13 12 0
14 5 13 13 0
14 5 13 14 0
14 5 13 15 0
14 5 14 0 0
14 5 14 1 0
14 5 14 2 0
14 5 14 3 0
14 5 14 4 0
14 5 14 5 0.0004913239519447533
14 5 14 6 0
14 5 14 7 0
14 5 14 8 0
14 5 14 9 0
14 5 14 10 0
14 5 14 11 0
14 5 14 12 0
14 5 14 13 0
14 5 14 14 0
14 5 14 15 0
14 5 15 0 0
14 5 15 1 0
14 5 15 2 0
14 5 15 3 0
14 5 15 4 0
14 5 15 5 0
14 5 15 6 0
14 5 15 7 0
14 5 15 8 0
14 5 15 9 0
14 5 15 10 0
14 5 15 11 0
14 5 15 12 0
14 5 15 13 0
14 5 15 14 0
14 5 15 15 0
14 6 0 0 0
14 6 0 1 0
14 6 0 2 0
14 6 0 3 0
14 6 0 4 0
14 6 0 5 0
14 6 0 6 0
14 6 0 7 0
14 6 0 8 0
14 6 0 9 0
14 6 0 10 0
14 6 0 11 0
14 6 0 12 0
14 6 0 13 0
14 6 0 14 0
14 6 0 15 0
14 6 1 0 0
14 6 1 1 0
14 6 1 2 0
14 6 1 3 0
14 6 1 4 0
14 6 1 5 0
14 6 1 6 0
14 6 1 7 0
14 6 1 8 0
14 6 1 9 0
14 6 1 10 0
14 6 1 11 0
14 6 1 12 0
14 6 1 13 0
14 6 1 14 0
14 6 1 15 0
14 6 2 0 0
14 6 2 1 0
14 6 2 2 0
14 6 2 3 0
14 6 2 4 0
14 6 2 5 0
14 6 2 6 0.000830231237361939
14 6 2 7 0
14 6 2 8 0
14 6 2 9 0
14 6 2 10 0
14 6 2 11 0
14 6 2 12 0
14 6 2 13 5.770196291018119e-05
14 6 2 14 0
14 6 2 15 0
14 6 3 0 0
14 6 3 1 0
14 6 3 2 0
14 6 3 3 0
14 6 3 4 0
14 6 3 5 0
14 6 3 6 0
14 6 3 7 9.825210476206931e-05
14 6 3 8 0
14 6 3 9 0
14 6 3 10 0
14 6 3 11 0
14 6 3 12 0
14 6 3 13 0
14 6 3 14 0
14 6 3 15 0
14 6 4 0 0
14 6 4 1 0
14 6 4 2 0
14 6 4 3 0
14 6 4 4 0
14 6 4 5 0
14 6 4 6 0
14 6 4 7 0
14 6 4 8 0
14 6 4 9 0
14 6 4 10 0
14 6 4 11 0
14 6 4 12 0
14 6 4 13 0
14 6 4 14 0
14 6 4 15 0
14 6 5 0 0
14 6 5 1 0
14 6 5 2 0
14 6 5 3 0
14 6 5 4 0
14 6 5 5 0
14 6 5 6 0
14 6 5 7 0
14 6 5 8 0
14 6 5 9 0
14 6 5 10 0
14 6 5 11 0
14 6 5 12 0
14 6 5 13 0
14 6 5 14 0
14 6 5 15 0
14 6 6 0 0
14 6 6 1 0
14 6 6 2 -0.008497972027025466
14 6 6 3 0
14 6 6 4 0
14 6 6 5 0
14 6 6 6 0
14 6 6 7 0
14 6 6 8 0
14 6 6 9 0
14 6 6 10 0
14 6 6 11 8.691793610261651e-05
14 6 6 12 0
14 6 6 13 0
14 6 6 14 5.222784969103659e-06
14 6 6 15 0
14 6 7 0 0
14 6 7 1 0
14 6 7 2 0
14 6 7 3 0.01613296076024406
14 6 7 4 0
14 6 7 5 0
14 6 7 6 0
14 6 7 7 0
14 6 7 8 0
14 6 7 9 0
14 6 7 10 0
14 6 7 11 0
14 6 7 12 0
14 6 7 13 0
14 6 7 14 0
14 6 7 15 0
14 6 8 0 0
14 6 8 1 0
14 6 8 2 0
14 6 8 3 0
14 6 8 4 0
14 6 8 5 0
14 6 8 6 0
14 6 8 7 0
14 6 8 8 0
14 6 8 9 0
14 6 8 10 0
14 6 8 11 0
14 6 8 12 0
14 6 8 13 0
14 6 8 14 0
14 6 8 15 0
14 6 9 0 0
14 6 9 1 0
14 6 9 2 0
14 6 9 3 0
14 6 9 4 0
14 6 9 5 0
14 6 9 6 0
14 6 9 7 0
14 6 9 8 0
14 6 9 9 0
14 6 9 10 0
14 6 9 11 0
14 6 9 12 0
14 6 9 13 0
14 6 9 14 0
14 6 9 15 0
14 6 10 0 0
14 6 10 1 0
14 6 10 2 0
14 6 10 3 0
14 6 10 4 0
14 6 10 5 0
14 6 10 6 0
14 6 10 7 0
14 6 10 8 0
14 6 10 9 0
14 6 10 10 0
14 6 10 11 0
14 6 10 12 0
14 6 10 13 0
14 6 10 14 0
14 6 10 15 0
14 6 11 0 0
14 6 11 1 0
14 6 11 2 0
14 6 11 3 0
14 6 11 4 0
14 6 11 5 0
14 6 11 6 -0.0001327087952273341
14 6 11 7 0
14 6 11 8 0
14 6 11 9 0
14 6 11 10 0
14 6 11 11 0
14 6 11 12 0
14 6 11 13 0
14 6 11 14 0
14 6 11 15 0
14 6 12 0 0
14 6 12 1 0
14 6 12 2 0
14 6 12 3 0
14 6 12 4 0
14 6 12 5 0
14 6 12 6 0
14 6 12 7 0
14 6 12 8 0
14 6 12 9 0
14 6 12 10 0
14 6 12 11 0
14 6 12 12 0
14 6 12 13 0
14 6 12 14 0
14 6 12 15 0
14 6 13 0 0
14 6 13 1 0
14 6 13 2 -0.000590618185209794
14 6 13 3 0
14 6 13 4 0
14 6 13 5 0
14 6 13 6 0
14 6 13 7 0
14 6 13 8 0
14 6 13 9 0
14 6 13 10 0
14 6 13 11 0
14 6 13 12 0
14 6 13 13 0
14 6 13 14 0
14 6 13 15 0
14 6 14 0 0
14 6 14 1 0
14 6 14 2 0
14 6 14 3 0
14 6 14 4 0
14 6 14 5 0
14 6 14 6 0.0004913239519447538
14 6 14 7 0
14 6 14 8 0
14 6 14 9 0
14 6 14 10 0
14 6 14 11 0
14 6 14 12 0
14 6 14 13 0
14 6 14 14 0
14 6 14 15 0
14 6 15 0 0
14 6 15 1 0
14 6 15 2 0
14 6 15 3 0
14 6 15 4 0
14 6 15 5 0
14 6 15 6 0
14 6 15 7 0
14 6 15 8 0
14 6 15 9 0
14 6 15 10 0
14 6 15 11 0
14 6 15 12 0
14 6 15 13 0
14 6 15 14 0
14 6 15 15 0
14 7 0 0 0
14 7 0 1 0
14 7 0 2 0
14 7 0 3 0
14 7 0 4 0
14 7 0 5 0
14 7 0 6 0
14 7 0 7 0
14 7 0 8 0
14 7 0 9 0
14 7 0 10 0
14 7 0 11 0
14 7 0 12 0
14 7 0 13 0
14 7 0 14 0
14 7 0 15 0
14 7 1 0 0
14 7 1 1 0
14 7 1 2 0
14 7 1 3 0
14 7 1 4 0
14 7 1 5 0
14 7 1 6 0
14 7 1 7 0
14 7 1 8 0
14 7 1 9 0
14 7 1 10 0
14 7 1 11 0
14 7 1 12 0
14 7 1 13 0
14 7 1 14 0
14 7 1 15 0
14 7 2 0 0
14 7 2 1 0
14 7 2 2 0
14 7 2 3 0
14 7 2 4 0
14 7 2 5 0
14 7 2 6 0
14 7 2 7 0
14 7 2 8 0
14 7 2 9 0
14 7 2 10 0
14 7 2 11 0
14 7 2 12 0
14 7 2 13 0
14 7 2 14 0
14 7 2 15 0
14 7 3 0 0
14 7 3 1 0
14 7 3 2 0
14 7 3 3 0
14 7 3 4 0
14 7 3 5 0
14 7 3 6 0
14 7 3 7 0
14 7 3 8 0
14 7 3 9 0
14 7 3 10 0
14 7 3 11 0
14 7 3 12 0
14 7 3 13 0
14 7 3 14 0
14 7 3 15 0
14 7 4 0 0
14 7 4 1 0
14 7 4 2 0
14 7 4 3 0
14 7 4 4 0
14 7 4 5 0
14 7 4 6 0
14 7 4 7 0
14 7 4 8 0
14 7 4 9 0
14 7 4 10 0
14 7 4 11 0
14 7 4 12 0
14 7 4 13 0
14 7 4 14 0
14 7 4 15 0
14 7 5 0 0
14 7 5 1 0
14 7 5 2 0
14 7 5 3 0
14 7 5 4 0
14 7 5 5 0
14 7 5 6 0
14 7 5 7 0
14 7 5 8 0
14 7 5 9 0
14 7 5 10 0
14 7 5 11 0
14 7 5 12 0
14 7 5 13 0
14 7 5 14 0
14 7 5 15 0
14 7 6 0 0
14 7 6 1 0
14 7 6 2 0
14 7 6 3 0
14 7 6 4 0
14 7 6 5 0
14 7 6 6 0
14 7 6 7 0
14 7 6 8 0
14 7 6 9 0
14 7 6 10 0
14 7 6 11 0
14 7 6 12 0
14 7 6 13 0
14 7 6 14 0
14 7 6 15 0
14 7 7 0 0
14 7 7 1 0
14 7 7 2 0
14 7 7 3 0
14 7 7 4 0
14 7 7 5 0
14 7 7 6 0
14 7 7 7 0
14 7 7 8 0
14 7 7 9 0
14 7 7 10 0
14 7 7 11 0
14 7 7 12 0
14 7 7 13 0
14 7 7 14 0
14 7 7 15 0
14 7 8 0 0
14 7 8 1 0
14 7 8 2 0
14 7 8 3 0
14 7 8 4 0
14 7 8 5 0
14 7 8 6 0
14 7 8 7 0
14 7 8 8 0
14 7 8 9 0
14 7 8 10 0
14 7 8 11 0
14 7 8 12 0
14 7 8 13 0
14 7 8 14 0
14 7 8 15 0
14 7 9 0 0
14 7 9 1 0
14 7 9 2 0
14 7 9 3 0
14 7 9 4 0
14 7 9 5 0
14 7 9 6 0
14 7 9 7 0
14 7 9 8 0
14 7 9 9 0
14 7 9 10 0
14 7 9 11 0
14 7 9 12 0
14 7 9 13 0
14 7 9 14 0
14 7 9 15 0
14 7 10 0 0
14 7 10 1 0
14 7 10 2 0
14 7 10 3 0
14 7 10 4 0
14 7 10 5 0
14 7 10 6 0
14 7 10 7 0
14 7 10 8 0
14 7 10 9 0
14 7 10 10 0
14 7 10 11 0
14 7 10 12 0
14 7 10 13 0
14 7 10 14 0
14 7 10 15 0
14 7 11 0 0
14 7 11 1 0
14 7 11 2 0
14 7 11 3 0
14 7 11 4 0
14 7 11 5 0
14 7 11 6 0
14 7 11 7 0
14 7 11 8 0
14 7 11 9 0
14 7 11 10 0
14 7 11 11 0
14 7 11 12 0
14 7 11 13 0
14 7 11 14 0
14 7 11 15 0
14 7 12 0 0
14 7 12 1 0
14 7 12 2 0
14 7 12 3 0
14 7 12 4 0
14 7 12 5 0
14 7 12 6 0
14 7 12 7 0
14 7 12 8 0
14 7 12 9 0
14 7 12 10 0
14 7 12 11 0
14 7 12 12 0
14 7 12 13 0
14 7 12 14 0
14 7 12 15 0
14 7 13 0 0
14 7 13 1 0
14 7 13 2 0
14 7 13 3 0
14 7 13 4 0
14 7 13 5 0
14 7 13 6 0
14 7 13 7 0
14 7 13 8 0
14 7 13 9 0
14 7 13 10 0
14 7 13 11 0
14 7 13 12 0
14 7 13 13 0
14 7 13 14 0
14 7 13 15 0
14 7 14 0 0
14 7 14 1 0
14 7 14 2 0
14 7 14 3 0
14 7 14 4 0
14 7 14 5 0
14 7 14 6 0
14 7 14 7 0
14 7 14 8 0
14 7 14 9 0
14 7 14 10 0
14 7 14 11 0
14 7 14 12 0
14 7 14 13 0
14 7 14 14 0
14 7 14 15 0
14 7 15 0 0
14 7 15 1 0
14 7 15 2 0
14 7 15 3 0
14 7 15 4 0
14 7 15 5 0
14 7 15 6 0
14 7 15 7 0
14 7 15 8 0
14 7 15 9 0
14 7 15 10 0
14 7 15 11 0
14 7 15 12 0
14 7 15 13 0
14 7 15 14 0
14 7 15 15 0
14 8 0 0 0
14 8 0 1 0
14 8 0 2 0
14 8 0 3 0
14 8 0 4 0
14 8 0 5 0
14 8 0 6 0
14 8 0 7 0
14 8 0 8 0
14 8 0 9 0
14 8 0 10 0
14 8 0 11 0
14 8 0 12 0
14 8 0 13 0
14 8 0 14 0
14 8 0 15 0
14 8 1 0 0
14 8 1 1 0
14 8 1 2 0
14 8 1 3 0
14 8 1 4 0
14 8 1 5 0
14 8 1 6 0
14 8 1 7 0
14 8 1 8 0
14 8 1 9 0
14 8 1 10 0
14 8 1 11 0
14 8 1 12 0
14 8 1 13 0
14 8 1 14 0
14 8 1 15 0
14 8 2 0 0
14 8 2 1 0
14 8 2 2 0
14 8 2 3 0
14 8 2 4 0
14 8 2 5 0
14 8 2 6 0
14 8 2 7 0
14 8 2 8 0
14 8 2 9 0
14 8 2 10 0
14 8 2 11 0
14 8 2 12 0
14 8 2 13 0
14 8 2 14 0
14 8 2 15 0
14 8 3 0 0
14 8 3 1 0
14 8 3 2 0
14 8 3 3 0
14 8 3 4 0
14 8 3 5 0
14 8 3 6 0
14 8 3 7 0
14 8 3 8 0
14 8 3 9 0
14 8 3 10 0
14 8 3 11 0
14 8 3 12 0
14 8 3 13 0
14 8 3 14 0
14 8 3 15 0
14 8 4 0 0
14 8 4 1 0
14 8 4 2 0
14 8 4 3 0
14 8 4 4 0
14 8 4 5 0
14 8 4 6 0
14 8 4 7 0
14 8 4 8 0
14 8 4 9 0
14 8 4 10 0
14 8 4 11 0
14 8 4 12 0
14 8 4 13 0
14 8 4 14 0
14 8 4 15 0
14 8 5 0 0
14 8 5 1 0
14 8 5 2 0
14 8 5 3 0
14 8 5 4 0
14 8 5 5 0
14 8 5 6 0
14 8 5 7 0
14 8 5 8 0
14 8 5 9 0
14 8 5 10 0
14 8 5 11 0
14 8 5 12 0
14 8 5 13 0
14 8 5 14 0
14 8 5 15 0
14 8 6 0 0
14 8 6 1 0
14 8 6 2 0
14 8 6 3 0
14 8 6 4 0
14 8 6 5 0
14 8 6 6 0
14 8 6 7 0
14 8 6 8 0
14 8 6 9 0
14 8 6 10 0
14 8 6 11 0
14 8 6 12 0
14 8 6 13 0
14 8 6 14 0
14 8 6 15 0
14 8 7 0 0
14 8 7 1 0
14 8 7 2 0
14 8 7 3 0
14 8 7 4 0
14 8 7 5 0
14 8 7 6 0
14 8 7 7 0
14 8 7 8 0
14 8 7 9 0
14 8 7 10 0
14 8 7 11 0
14 8 7 12 0
14 8 7 13 0
14 8 7 14 0
14 8 7 15 0
14 8 8 0 0
14 8 8 1 0
14 8 8 2 0
14 8 8 3 0
14 8 8 4 0
14 8 8 5 0
14 8 8 6 0
14 8 8 7 0
14 8 8 8 0
14 8 8 9 0
14 8 8 10 0
14 8 8 11 0
14 8 8 12 0
14 8 8 13 0
14 8 8 14 0
14 8 8 15 0
14 8 9 0 0
14 8 9 1 0
14 8 9 2 0
14 8 9 3 0
14 8 9 4 0
14 8 9 5 0
14 8 9 6 0
14 8 9 7 0
14 8 9 8 0
14 8 9 9 0
14 8 9 10 0
14 8 9 11 0
14 8 9 12 0
14 8 9 13 0
14 8 9 14 0
14 8 9 15 0
14 8 10 0 0
14 8 10 1 0
14 8 10 2 0
14 8 10 3 0
14 8 10 4 0
14 8 10 5 0
14 8 10 6 0
14 8 10 7 0
14 8 10 8 0
14 8 10 9 0
14 8 10 10 0
14 8 10 11 0
14 8 10 12 0
14 8 10 13 0
14 8 10 14 0
14 8 10 15 0
14 8 11 0 0
14 8 11 1 0
14 8 11 2 0
14 8 11 3 0
14 8 11 4 0
14 8 11 5 0
14 8 11 6 0
14 8 11 7 0
14 8 11 8 0
14 8 11 9 0
14 8 11 10 0
14 8 11 11 0
14 8 11 12 0
14 8 11 13 0
14 8 11 14 0
14 8 11 15 0
14 8 12 0 0
14 8 12 1 0
14 8 12 2 0
14 8 12 3 0
14 8 12 4 0
14 8 12 5 0
14 8 12 6 0
14 8 12 7 0
14 8 12 8 0
14 8 12 9 0
14 8 12 10 0
14 8 12 11 0
14 8 12 12 0
14 8 12 13 0
14 8 12 14 0
14 8 12 15 0
14 8 13 0 0
14 8 13 1 0
14 8 13 2 0
14 8 13 3 0
14 8 13 4 0
14 8 13 5 0
14 8 13 6 0
14 8 13 7 0
14 8 13 8 0
14 8 13 9 0
14 8 13 10 0
14 8 13 11 0
14 8 13 12 0
14 8 13 13 0
14 8 13 14 0
14 8 13 15 0
14 8 14 0 0
14 8 14 1 0
14 8 14 2 0
14 8 14 3 0
14 8 14 4 0
14 8 14 5 0
14 8 14 6 0
14 8 14 7 0
14 8 14 8 0
14 8 14 9 0
14 8 14 10 0
14 8 14 11 0
14 8 14 12 0
14 8 14 13 0
14 8 14 14 0
14 8 14 15 0
14 8 15 0 0
14 8 15 1 0
14 8 15 2 0
14 8 15 3 0
14 8 15 4 0
14 8 15 5 0
14 8 15 6 0
14 8 15 7 0
14 8 15 8 0
14 8 15 9 0
14 8 15 10 0
14 8 15 11 0
14 8 15 12 0
14 8 15 13 0
14 8 15 14 0
14 8 15 15 0
14 9 0 0 0
14 9 0 1 0
14 9 0 2 0
14 9 0 3 0
14 9 0 4 0
14 9 0 5 0
14 9 0 6 0
14 9 0 7 0
14 9 0 8 0
14 9 0 9 0
14 9 0 10 0
14 9 0 11 0
14 9 0 12 0
14 9 0 13 0
14 9 0 14 0
14 9 0 15 0
14 9 1 0 0
14 9 1 1 0
14 9 1 2 0
14 9 1 3 0
14 9 1 4 0
14 9 1 5 0
14 9 1 6 0
14 9 1 7 0
14 9 1 8 0
14 9 1 9 0
14 9 1 10 0
14 9 1 11 0
14 9 1 12 0
14 9 1 13 0
14 9 1 14 0
14 9 1 15 0
14 9 2 0 0
14 9 2 1 0
14 9 2 2 0
14 9 2 3 0
14 9 2 4 0
14 9 2 5 0
14 9 2 6 0
14 9 2 7 0
14 9 2 8 0
14 9 2 9 0
14 9 2 10 0
14 9 2 11 0
14 9 2 12 0
14 9 2 13 0
14 9 2 14 0
14 9 2 15 0
14 9 3 0 0
14 9 3 1 0
14 9 3 2 0
14 9 3 3 0
14 9 3 4 0
14 9 3 5 0
14 9 3 6 0
14 9 3 7 0
14 9 3 8 0
14 9 3 9 0
14 9 3 10 0
14 9 3 11 0
14 9 3 12 0
14 9 3 13 0
14 9 3 14 0
14 9 3 15 0
14 9 4 0 0
14 9 4 1 0
14 9 4 2 0
14 9 4 3 0
14 9 4 4 0
14 9 4 5 0
14 9 4 6 0
14 9 4 7 0
14 9 4 8 0
14 9 4 9 0
14 9 4 10 0
14 9 4 11 0
14 9 4 12 0
14 9 4 13 0
14 9 4 14 0
14 9 4 15 0
14 9 5 0 0
14 9 5 1 0
14 9 5 2 0
14 9 5 3 0
14 9 5 4 0
14 9 5 5 0
14 9 5 6 0
14 9 5 7 0
14 9 5 8 0
14 9 5 9 0
14 9 5 10 0
14 9 5 11 0
14 9 5 12 0
14 9 5 13 0
14 9 5 14 0
14 9 5 15 0
14 9 6 0 0
14 9 6 1 0
14 9 6 2 0
14 9 6 3 0
14 9 6 4 0
14 9 6 5 0
14 9 6 6 0
14 9 6 7 0
14 9 6 8 0
14 9 6 9 0
14 9 6 10 0
14 9 6 11 0
14 9 6 12 0
14 9 6 13 0
14 9 6 14 0
14 9 6 15 0
14 9 7 0 0
14 9 7 1 0
14 9 7 2 0
14 9 7 3 0
14 9 7 4 0
14 9 7 5 0
14 9 7 6 0
14 9 7 7 0
14 9 7 8 0
14 9 7 9 0
14 9 7 10 0
14 9 7 11 0
14 9 7 12 0
14 9 7 13 0
14 9 7 14 0
14 9 7 15 0
14 9 8 0 0
14 9 8 1 0
14 9 8 2 0
14 9 8 3 0
14 9 8 4 0
14 9 8 5 0
14 9 8 6 0
14 9 8 7 0
14 9 8 8 0
14 9 8 9 0
14 9 8 10 0
14 9 8 11 0
14 9 8 12 0
14 9 8 13 0
14 9 8 14 0
14 9 8 15 0
14 9 9 0 0
14 9 9 1 0
14 9 9 2 0
14 9 9 3 0
14 9 9 4 0
14 9 9 5 0
14 9 9 6 0
14 9 9 7 0
14 9 9 8 0
14 9 9 9 0
14 9 9 10 0
14 9 9 11 0
14 9 9 12 0
14 9 9 13 0
14 9 9 14 0
14 9 9 15 0
14 9 10 0 0
14 9 10 1 0
14 9 10 2 0
14 9 10 3 0
14 9 10 4 0
14 9 10 5 0
14 9 10 6 0
14 9 10 7 0
14 9 10 8 0
14 9 10 9 0
14 9 10 10 0
14 9 10 11 0
14 9 10 12 0
14 9 10 13 0
14 9 10 14 0
14 9 10 15 0
14 9 11 0 0
14 9 11 1 0
14 9 11 2 0
14 9 11 3 0
14 9 11 4 0
14 9 11 5 0
14 9 11 6 0
14 9 11 7 0
14 9 11 8 0
14 9 11 9 0
14 9 11 10 0
14 9 11 11 0
14 9 11 12 0
14 9 11 13 0
14 9 11 14 0
14 9 11 15 0
14 9 12 0 0
14 9 12 1 0
14 9 12 2 0
14 9 12 3 0
14 9 12 4 0
14 9 12 5 0
14 9 12 6 0
14 9 12 7 0
14 9 12 8 0
14 9 12 9 0
14 9 12 10 0
14 9 12 11 0
14 9 12 12 0
14 9 12 13 0
14 9 12 14 0
14 9 12 15 0
14 9 13 0 0
14 9 13 1 0
14 9 13 2 0
14 9 13 3 0
14 9 13 4 0
14 9 13 5 0
14 9 13 6 0
14 9 13 7 0
14 9 13 8 0
14 9 13 9 0
14 9 13 10 0
14 9 13 11 0
14 9 13 12 0
14 9 13 13 0
14 9 13 14 0
14 9 13 15 0
14 9 14 0 0
14 9 14 1 0
14 9 14 2 0
14 9 14 3 0
14 9 14 4 0
14 9 14 5 0
14 9 14 6 0
14 9 14 7 0
14 9 14 8 0
14 9 14 9 0
14 9 14 10 0
14 9 14 11 0
14 9 14 12 0
14 9 14 13 0
14 9 14 14 0
14 9 14 15 0
14 9 15 0 0
14 9 15 1 0
14 9 15 2 0
14 9 15 3 0
14 9 15 4 0
14 9 15 5 0
14 9 15 6 0
14 9 15 7 0
14 9 15 8 0
14 9 15 9 0
14 9 15 10 0
14 9 15 11 0
14 9 15 12 0
14 9 15 13 0
14 9 15 14 0
14 9 15 15 0
14 10 0 0 0
14 10 0 1 0
14 10 0 2 0
14 10 0 3 0
14 10 0 4 0
14 10 0 5 0
14 10 0 6 0
14 10 0 7 0
14 10 0 8 0
14 10 0 9 0
14 10 0 10 0
14 10 0 11 0
14 10 0 12 0
14 10 0 13 0
14 10 0 14 0
14 10 0 15 0
14 10 1 0 0
14 10 1 1 0
14 10 1 2 0
14 10 1 3 0
14 10 1 4 0
14 10 1 5 0
14 10 1 6 0
14 10 1 7 0
14 10 1 8 0
14 10 1 9 0
14 10 1 10 0
14 10 1 11 0
14 10 1 12 0
14 10 1 13 0
14 10 1 14 0
14 10 1 15 0
14 10 2 0 0
14 10 2 1 0
14 10 2 2 0
14 10 2 3 0
14 10 2 4 0
14 10 2 5 0
14 10 2 6 0
14 10 2 7 0
14 10 2 8 0
14 10 2 9 0
14 10 2 10 0
14 10 2 11 0
14 10 2 12 0
14 10 2 13 0
14 10 2 14 0
14 10 2 15 0
14 10 3 0 0
14 10 3 1 0
14 10 3 2 0
14 10 3 3 0
14 10 3 4 0
14 10 3 5 0
14 10 3 6 0
14 10 3 7 0
14 10 3 8 0
14 10 3 9 0
14 10 3 10 0
14 10 3 11 0
14 10 3 12 0
14 10 3 13 0
14 10 3 14 0
14 10 3 15 0
14 10 4 0 0
14 10 4 1 0
14 10 4 2 0
14 10 4 3 0
14 10 4 4 0
14 10 4 5 0
14 10 4 6 0
14 10 4 7 0
14 10 4 8 0
14 10 4 9 0
14 10 4 10 0
14 10 4 11 0
14 10 4 12 0
14 10 4 13 0
14 10 4 14 0
14 10 4 15 0
14 10 5 0 0
14 10 5 1 0
14 10 5 2 0
14 10 5 3 0
14 10 5 4 0
14 10 5 5 0
14 10 5 6 0
14 10 5 7 0
14 10 5 8 0
14 10 5 9 0
14 10 5 10 0
14 10 5 11 0
14 10 5 12 0
14 10 5 13 0
14 10 5 14 0
14 10 5 15 0
14 10 6 0 0
14 10 6 1 0
14 10 6 2 0
14 10 6 3 0
14 10 6 4 0
14 10 6 5 0
14 10 6 6 0
14 10 6 7 0
14 10 6 8 0
14 10 6 9 0
14 10 6 10 0
14 10 6 11 0
14 10 6 12 0
14 10 6 13 0
14 10 6 14 0
14 10 6 15 0
14 10 7 0 0
14 10 7 1 0
14 10 7 2 0
14 10 7 3 0
14 10 7 4 0
14 10 7 5 0
14 10 7 6 0
14 10 7 7 0
14 10 7 8 0
14 10 7 9 0
14 10 7 10 0
14 10 7 11 0
14 10 7 12 0
14 10 7 13 0
14 10 7 14 0
14 10 7 15 0
14 10 8 0 0
14 10 8 1 0
14 10 8 2 0
14 10 8 3 0
14 10 8 4 0
14 10 8 5 0
14 10 8 6 0
14 10 8 7 0
14 10 8 8 0
14 10 8 9 0
14 10 8 10 0
14 10 8 11 0
14 10 8 12 0
14 10 8 13 0
14 10 8 14 0
14 10 8 15 0
14 10 9 0 0
14 10 9 1 0
14 10 9 2 0
14 10 9 3 0
14 10 9 4 0
14 10 9 5 0
14 10 9 6 0
14 10 9 7 0
14 10 9 8 0
14 10 9 9 0
14 10 9 10 0
14 10 9 11 0
14 10 9 12 0
14 10 9 13 0
14 10 9 14 0
14 10 9 15 0
14 10 10 0 0
14 10 10 1 0
14 10 10 2 0
14 10 10 3 0
14 10 10 4 0
14 10 10 5 0
14 10 10 6 0
14 10 10 7 0
14 10 10 8 0
14 10 10 9 0
14 10 10 10 0
14 10 10 11 0
14 10 10 12 0
14 10 10 13 0
14 10 10 14 0
14 10 10 15 0
14 10 11 0 0
14 10 11 1 0
14 10 11 2 0
14 10 11 3 0
14 10 11 4 0
14 10 11 5 0
14 10 11 6 0
14 10 11 7 0
14 10 11 8 0
14 10 11 9 0
14 10 11 10 0
14 10 11 11 0
14 10 11 12 0
14 10 11 13 0
14 10 11 14 0
14 10 11 15 0
14 10 12 0 0
14 10 12 1 0
14 10 12 2 0
14 10 12 3 0
14 10 12 4 0
14 10 12 5 0
14 10 12 6 0
14 10 12 7 0
14 10 12 8 0
14 10 12 9 0
14 10 12 10 0
14 10 12 11 0
14 10 12 12 0
14 10 12 13 0
14 10 12 14 0
14 10 12 15 0
14 10 13 0 0
14 10 13 1 0
14 10 13 2 0
14 10 13 3 0
14 10 13 4 0
14 10 13 5 0
14 10 13 6 0
14 10 13 7 0
14 10 13 8 0
14 10 13 9 0
14 10 13 10 0
14 10 13 11 0
14 10 13 12 0
14 10 13 13 0
14 10 13 14 0
14 10 13 15 0
14 10 14 0 0
14 10 14 1 0
14 10 14 2 0
14 10 14 3 0
14 10 14 4 0
14 10 14 5 0
14 10 14 6 0
14 10 14 7 0
14 10 14 8 0
14 10 14 9 0
14 10 14 10 0
14 10 14 11 0
14 10 14 12 0
14 10 14 13 0
14 10 14 14 0
14 10 14 15 0
14 10 15 0 0
14 10 15 1 0
14 10 15 2 0
14 10 15 3 0
14 10 15 4 0
14 10 15 5 0
14 10 15 6 0
14 10 15 7 0
14 10 15 8 0
14 10 15 9 0
14 10 15 10 0
14 10 15 11 0
14 10 15 12 0
14 10 15 13 0
14 10 15 14 0
14 10 15 15 0
14 11 0 0 0
14 11 0 1 0
14 11 0 2 0
14 11 0 3 0
14 11 0 4 0
14 11 0 5 0
14 11 0 6 0
14 11 0 7 0
14 11 0 8 0
14 11 0 9 0
14 11 0 10 0
14 11 0 11 0
14 11 0 12 0
14 11 0 13 0
14 11 0 14 0
14 11 0 15 0
14 11 1 0 0
14 11 1 1 0
14 11 1 2 0
14 11 1 3 0
14 11 1 4 0
14 11 1 5 0
14 11 1 6 0
14 11 1 7 0
14 11 1 8 0
14 11 1 9 0
14 11 1 10 0
14 11 1 11 0
14 11 1 12 0
14 11 1 13 0
14 11 1 14 0
14 11 1 15 0
14 11 2 0 0
14 11 2 1 0
14 11 2 2 0
14 11 2 3 0
14 11 2 4 0
14 11 2 5 0
14 11 2 6 0
14 11 2 7 0
14 11 2 8 0
14 11 2 9 0
14 11 2 10 0
14 11 2 11 0
14 11 2 12 0
14 11 2 13 0
14 11 2 14 0
14 11 2 15 0
14 11 3 0 0
14 11 3 1 0
14 11 3 2 0
14 11 3 3 0
14 11 3 4 0
14 11 3 5 0
14 11 3 6 0
14 11 3 7 0
14 11 3 8 0
14 11 3 9 0
14 11 3 10 0
14 11 3 11 0
14 11 3 12 0
14 11 3 13 0
14 11 3 14 0
14 11 3 15 0
14 11 4 0 0
14 11 4 1 0
14 11 4 2 0
14 11 4 3 0
14 11 4 4 0
14 11 4 5 0
14 11 4 6 0
14 11 4 7 0
14 11 4 8 0
14 11 4 9 0
14 11 4 10 0
14 11 4 11 0
14 11 4 12 0
14 11 4 13 0
14 11 4 14 0
14 11 4 15 0
14 11 5 0 0
14 11 5 1 0
14 11 5 2 0
14 11 5 3 0
14 11 5 4 0
14 11 5 5 0
14 11 5 6 0
14 11 5 7 0
14 11 5 8 0
14 11 5 9 0
14 11 5 10 0
14 11 5 11 0
14 11 5 12 0
14 11 5 13 0
14 11 5 14 0
14 11 5 15 0
14 11 6 0 0
14 11 6 1 0
14 11 6 2 0
14 11 6 3 0
14 11 6 4 0
14 11 6 5 0
14 11 6 6 0
14 11 6 7 0
14 11 6 8 0
14 11 6 9 0
14 11 6 10 0
14 11 6 11 0
14 11 6 12 0
14 11 6 13 0
14 11 6 14 0
14 11 6 15 0
14 11 7 0 0
14 11 7 1 0
14 11 7 2 0
14 11 7 3 0
14 11 7 4 0
14 11 7 5 0
14 11 7 6 0
14 11 7 7 0
14 11 7 8 0
14 11 7 9 0
14 11 7 10 0
14 11 7 11 0
14 11 7 12 0
14 11 7 13 0
14 11 7 14 0
14 11 7 15 0
14 11 8 0 0
14 11 8 1 0
14 11 8 2 0
14 11 8 3 0
14 11 8 4 0
14 11 8 5 0
14 11 8 6 0
14 11 8 7 0
14 11 8 8 0
14 11 8 9 0
14 11 8 10 0
14 11 8 11 0
14 11 8 12 0
14 11 8 13 0
14 11 8 14 0
14 11 8 15 0
14 11 9 0 0
14 11 9 1 0
14 11 9 2 0
14 11 9 3 0
14 11 9 4 0
14 11 9 5 0
14 11 9 6 0
14 11 9 7 0
14 11 9 8 0
14 11 9 9 0
14 11 9 10 0
14 11 9 11 0
14 11 9 12 0
14 11 9 13 0
14 11 9 14 0
14 11 9 15 0
14 11 10 0 0
14 11 10 1 0
14 11 10 2 0
14 11 10 3 0
14 11 10 4 0
14 11 10 5 0
14 11 10 6 0
14 11 10 7 0
14 11 10 8 0
14 11 10 9 0
14 11 10 10 0
14 11 10 11 0
14 11 10 12 0
14 11 10 13 0
14 11 10 14 0
14 11 10 15 0
14 11 11 0 0
14 11 11 1 0
14 11 11 2 0
14 11 11 3 0
14 11 11 4 0
14 11 11 5 0
14 11 11 6 0
14 11 11 7 0
14 11 11 8 0
14 11 11 9 0
14 11 11 10 0
14 11 11 11 0
14 11 11 12 0
14 11 11 13 0
14 11 11 14 0
14 11 11 15 0
14 11 12 0 0
14 11 12 1 0
14 11 12 2 0
14 11 12 3 0
14 11 12 4 0
14 11 12 5 0
14 11 12 6 0
14 11 12 7 0
14 11 12 8 0
14 11 12 9 0
14 11 12 10 0
14 11 12 11 0
14 11 12 12 0
14 11 12 13 0
14 11 12 14 0
14 11 12 15 0
14 11 13 0 0
14 11 13 1 0
14 11 13 2 0
14 11 13 3 0
14 11 13 4 0
14 11 13 5 0
14 11 13 6 0
14 11 13 7 0
14 11 13 8 0
14 11 13 9 0
14 11 13 10 0
14 11 13 11 0
14 11 13 12 0
14 11 13 13 0
14 11 13 14 0
14 11 13 15 0
14 11 14 0 0
14 11 14 1 0
14 11 14 2 0
14 11 14 3 0
14 11 14 4 0
14 11 14 5 0
14 11 14 6 0
14 11 14 7 0
14 11 14 8 0
14 11 14 9 0
14 11 14 10 0
14 11 14 11 0
14 11 14 12 0
14 11 14 13 0
14 11 14 14 0
14 11 14 15 0
14 11 15 0 0
14 11 15 1 0
14 11 15 2 0
14 11 15 3 0
14 11 15 4 0
14 11 15 5 0
14 11 15 6 0
14 11 15 7 0
14 11 15 8 0
14 11 15 9 0
14 11 15 10 0
14 11 15 11 0
14 11 15 12 0
14 11 15 13 0
14 11 15 14 0
14 11 15 15 0
14 12 0 0 0
14 12 0 1 0
14 12 0 2 0
14 12 0 3 0
14 12 0 4 0
14 12 0 5 0
14 12 0 6 0
14 12 0 7 0
14 12 0 8 0
14 12 0 9 0
14 12 0 10 0
14 12 0 11 0
14 12 0 12 0
14 12 0 13 0
14 12 0 14 0
14 12 0 15 0
14 12 1 0 0
14 12 1 1 0
14 12 1 2 0
14 12 1 3 0
14 12 1 4 0
14 12 1 5 0
14 12 1 6 0
14 12 1 7 0
14 12 1 8 0
14 12 1 9 0
14 12 1 10 0
14 12 1 11 0
14 12 1 12 0
14 12 1 13 0
14 12 1 14 0
14 12 1 15 0
14 12 2 0 0
14 12 2 1 0
14 12 2 2 0
14 12 2 3 0
14 12 2 4 0
14 12 2 5 0
14 12 2 6 0
14 12 2 7 0
14 12 2 8 0
14 12 2 9 0
14 12 2 10 0
14 12 2 11 0
14 12 2 12 0
14 12 2 13 0
14 12 2 14 0
14 12 2 15 0
14 12 3 0 0
14 12 3 1 0
14 12 3 2 0
14 12 3 3 0
14 12 3 4 0
14 12 3 5 0
14 12 3 6 0
14 12 3 7 0
14 12 3 8 0
14 12 3 9 0
14 12 3 10 0
14 12 3 11 0
14 12 3 12 0
14 12 3 13 0
14 12 3 14 0
14 12 3 15 0
14 12 4 0 0
14 12 4 1 0
14 12 4 2 0
14 12 4 3 0
14 12 4 4 0
14 12 4 5 0
14 12 4 6 0
14 12 4 7 0
14 12 4 8 0
14 12 4 9 0
14 12 4 10 0
14 12 4 11 0
14 12 4 12 0
14 12 4 13 0
14 12 4 14 0
14 12 4 15 0
14 12 5 0 0
14 12 5 1 0
14 12 5 2 0
14 12 5 3 0
14 12 5 4 0
14 12 5 5 0
14 12 5 6 0
14 12 5 7 0
14 12 5 8 0
14 12 5 9 0
14 12 5 10 0
14 12 5 11 0
14 12 5 12 0
14 12 5 13 0
14 12 5 14 0
14 12 5 15 0
14 12 6 0 0
14 12 6 1 0
14 12 6 2 0
14 12 6 3 0
14 12 6 4 0
14 12 6 5 0
14 12 6 6 0
14 12 6 7 0
14 12 6 8 0
14 12 6 9 0
14 12 6 10 0
14 12 6 11 0
14 12 6 12 0
14 12 6 13 0
14 12 6 14 0
14 12 6 15 0
14 12 7 0 0
14 12 7 1 0
14 12 7 2 0
14 12 7 3 0
14 12 7 4 0
14 12 7 5 0
14 12 7 6 0
14 12 7 7 0
14 12 7 8 0
14 12 7 9 0
14 12 7 10 0
14 12 7 11 0
14 12 7 12 0
14 12 7 13 0
14 12 7 14 0
14 12 7 15 0
14 12 8 0 0
14 12 8 1 0
14 12 8 2 0
14 12 8 3 0
14 12 8 4 0
14 12 8 5 0
14 12 8 6 0
14 12 8 7 0
14 12 8 8 0
14 12 8 9 0
14 12 8 10 0
14 12 8 11 0
14 12 8 12 0
14 12 8 13 0
14 12 8 14 0
14 12 8 15 0
14 12 9 0 0
14 12 9 1 0
14 12 9 2 0
14 12 9 3 0
14 12 9 4 0
14 12 9 5 0
14 12 9 6 0
14 12 9 7 0
14 12 9 8 0
14 12 9 9 0
14 12 9 10 0
14 12 9 11 0
14 12 9 12 0
14 12 9 13 0
14 12 9 14 0
14 12 9 15 0
14 12 10 0 0
14 12 10 1 0
14 12 10 2 0
14 12 10 3 0
14 12 10 4 0
14 12 10 5 0
14 12 10 6 0
14 12 10 7 0
14 12 10 8 0
14 12 10 9 0
14 12 10 10 0
14 12 10 11 0
14 12 10 12 0
14 12 10 13 0
14 12 10 14 0
14 12 10 15 0
14 12 11 0 0
14 12 11 1 0
14 12 11 2 0
14 12 11 3 0
14 12 11 4 0
14 12 11 5 0
14 12 11 6 0
14 12 11 7 0
14 12 11 8 0
14 12 11 9 0
14 12 11 10 0
14 12 11 11 0
14 12 11 12 0
14 12 11 13 0
14 12 11 14 0
14 12 11 15 0
14 12 12 0 0
14 12 12 1 0
14 12 12 2 0
14 12 12 3 0
14 12 12 4 0
14 12 12 5 0
14 12 12 6 0
14 12 12 7 0
14 12 12 8 0
14 12 12 9 0
14 12 12 10 0
14 12 12 11 0
14 12 12 12 0
14 12 12 13 0
14 12 12 14 0
14 12 12 15 0
14 12 13 0 0
14 12 13 1 0
14 12 13 2 0
14 12 13 3 0
14 12 13 4 0
14 12 13 5 0
14 12 13 6 0
14 12 13 7 0
14 12 13 8 0
14 12 13 9 0
14 12 13 10 0
14 12 13 11 0
14 12 13 12 0
14 12 13 13 0
14 12 13 14 0
14 12 13 15 0
14 12 14 0 0
14 12 14 1 0
14 12 14 2 0
14 12 14 3 0
14 12 14 4 0
14 12 14 5 0
14 12 14 6 0
14 12 14 7 0
14 12 14 8 0
14 12 14 9 0
14 12 14 10 0
14 12 14 11 0
14 12 14 12 0
14 12 14 13 0
14 12 14 14 0
14 12 14 15 0
14 12 15 0 0
14 12 15 1 0
14 12 15 2 0
14 12 15 3 0
14 12 15 4 0
14 12 15 5 0
14 12 15 6 0
14 12 15 7 0
14 12 15 8 0
14 12 15 9 0
14 12 15 10 0
14 12 15 11 0
14 12 15 12 0
14 12 15 13 0
14 12 15 14 0
14 12 15 15 0
14 13 0 0 0
14 13 0 1 0
14 13 0 2 0
14 13 0 3 0
14 13 0 4 0
14 13 0 5 0
14 13 0 6 0
14 13 0 7 0
14 13 0 8 0
14 13 0 9 0
14 13 0 10 0
14 13 0 11 0
14 13 0 12 0
14 13 0 13 0
14 13 0 14 0
14 13 0 15 0
14 13 1 0 0
14 13 1 1 0
14 13 1 2 0
14 13 1 3 0
14 13 1 4 0
14 13 1 5 0
14 13 1 6 0
14 13 1 7 0
14 13 1 8 0
14 13 1 9 0
14 13 1 10 0
14 13 1 11 0
14 13 1 12 0
14 13 1 13 0
14 13 1 14 0
14 13 1 15 0
14 13 2 0 0
14 13 2 1 0
14 13 2 2 0
14 13 2 3 0
14 13 2 4 0
14 13 2 5 0
14 13 2 6 0
14 13 2 7 0
14 13 2 8 0
14 13 2 9 0
14 13 2 10 0
14 13 2 11 0
14 13 2 12 0
14 13 2 13 0
14 13 2 14 0
14 13 2 15 0
14 13 3 0 0
14 13 3 1 0
14 13 3 2 0
14 13 3 3 0
14 13 3 4 0
14 13 3 5 0
14 13 3 6 0
14 13 3 7 0
14 13 3 8 0
14 13 3 9 0
14 13 3 10 0
14 13 3 11 0
14 13 3 12 0
14 13 3 13 0
14 13 3 14 0
14 13 3 15 0
14 13 4 0 0
14 13 4 1 0
14 13 4 2 0
14 13 4 3 0
14 13 4 4 0
14 13 4 5 0
14 13 4 6 0
14 13 4 7 0
14 13 4 8 0
14 13 4 9 0
14 13 4 10 0
14 13 4 11 0
14 13 4 12 0
14 13 4 13 0
14 13 4 14 0
14 13 4 15 0
14 13 5 0 0
14 13 5 1 0
14 13 5 2 0
14 13 5 3 0
14 13 5 4 0
14 13 5 5 0
14 13 5 6 0
14 13 5 7 0
14 13 5 8 0
14 13 5 9 0
14 13 5 10 0
14 13 5 11 0
14 13 5 12 0
14 13 5 13 0
14 13 5 14 0
14 13 5 15 0
14 13 6 0 0
14 13 6 1 0
14 13 6 2 0
14 13 6 3 0
14 13 6 4 0
14 13 6 5 0
14 13 6 6 0
14 13 6 7 0
14 13 6 8 0
14 13 6 9 0
14 13 6 10 0
14 13 6 11 0
14 13 6 12 0
14 13 6 13 0
14 13 6 14 0
14 13 6 15 0
14 13 7 0 0
14 13 7 1 0
14 13 7 2 0
14 13 7 3 0
14 13 7 4 0
14 13 7 5 0
14 13 7 6 0
14 13 7 7 0
14 13 7 8 0
14 13 7 9 0
14 13 7 10 0
14 13 7 11 0
14 13 7 12 0
14 13 7 13 0
14 13 7 14 0
14 13 7 15 0
14 13 8 0 0
14 13 8 1 0
14 13 8 2 0
14 13 8 3 0
14 13 8 4 0
14 13 8 5 0
14 13 8 6 0
14 13 8 7 0
14 13 8 8 0
14 13 8 9 0
14 13 8 10 0
14 13 8 11 0
14 13 8 12 0
14 13 8 13 0
14 13 8 14 0
14 13 8 15 0
14 13 9 0 0
14 13 9 1 0
14 13 9 2 0
14 13 9 3 0
14 13 9 4 0
14 13 9 5 0
14 13 9 6 0
14 13 9 7 0
14 13 9 8 0
14 13 9 9 0
14 13 9 10 0
14 13 9 11 0
14 13 9 12 0
14 13 9 13 0
14 13 9 14 0
14 13 9 15 0
14 13 10 0 0
14 13 10 1 0
14 13 10 2 0
14 13 10 3 0
14 13 10 4 0
14 13 10 5 0
14 13 10 6 0
14 13 10 7 0
14 13 10 8 0
14 13 10 9 0
14 13 10 10 0
14 13 10 11 0
14 13 10 12 0
14 13 10 13 0
14 13 10 14 0
14 13 10 15 0
14 13 11 0 0
14 13 11 1 0
14 13 11 2 0
14 13 11 3 0
14 13 11 4 0
14 13 11 5 0
14 13 11 6 0
14 13 11 7 0
14 13 11 8 0
14 13 11 9 0
14 13 11 10 0
14 13 11 11 0
14 13 11 12 0
14 13 11 13 0
14 13 11 14 0
14 13 11 15 0
14 13 12 0 0
14 13 12 1 0
14 13 12 2 0
14 13 12 3 0
14 13 12 4 0
14 13 12 5 0
14 13 12 6 0
14 13 12 7 0
14 13 12 8 0
14 13 12 9 0
14 13 12 10 0
14 13 12 11 0
14 13 12 12 0
14 13 12 13 0
14 13 12 14 0
14 13 12 15 0
14 13 13 0 0
14 13 13 1 0
14 13 13 2 0
14 13 13 3 0
14 13 13 4 0
14 13 13 5 0
14 13 13 6 0
14 13 13 7 0
14 13 13 8 0
14 13 13 9 0
14 13 13 10 0
14 13 13 11 0
14 13 13 12 0
14 13 13 13 0
14 13 13 14 0
14 13 13 15 0
14 13 14 0 0
14 13 14 1 0
14 13 14 2 0
14 13 14 3 0
14 13 14 4 0
14 13 14 5 0
14 13 14 6 0
14 13 14 7 0
14 13 14 8 0
14 13 14 9 0
14 13 14 10 0
14 13 14 11 0
14 13 14 12 0
14 13 14 13 0
14 13 14 14 0
14 13 14 15 0
14 13 15 0 0
14 13 15 1 0
14 13 15 2 0
14 13 15 3 0
14 13 15 4 0
14 13 15 5 0
14 13 15 6 0
14 13 15 7 0
14 13 15 8 0
14 13 15 9 0
14 13 15 10 0
14 13 15 11 0
14 13 15 12 0
14 13 15 13 0
14 13 15 14 0
14 13 15 15 0
14 14 0 0 0
14 14 0 1 0
14 14 0 2 0
14 14 0 3 0
14 14 0 4 0
14 14 0 5 0
14 14 0 6 0
14 14 0 7 0
14 14 0 8 0
14 14 0 9 0
14 14 0 10 0
14 14 0 11 0
14 14 0 12 0
14 14 0 13 0
14 14 0 14 0
14 14 0 15 0
14 14 1 0 0
14 14 1 1 0
14 14 1 2 0
14 14 1 3 0
14 14 1 4 0
14 14 1 5 0
14 14 1 6 0
14 14 1 7 0
14 14 1 8 0
14 14 1 9 0
14 14 1 10 0
14 14 1 11 0
14 14 1 12 0
14 14 1 13 0
14 14 1 14 0
14 14 1 15 0
14 14 2 0 0
14 14 2 1 0
14 14 2 2 0
14 14 2 3 0
14 14 2 4 0
14 14 2 5 0
14 14 2 6 0
14 14 2 7 0
14 14 2 8 0
14 14 2 9 0
14 14 2 10 0
14 14 2 11 0
14 14 2 12 0
14 14 2 13 0
14 14 2 14 0
14 14 2 15 0
14 14 3 0 0
14 14 3 1 0
14 14 3 2 0
14 14 3 3 0
14 14 3 4 0
14 14 3 5 0
14 14 3 6 0
14 14 3 7 0
14 14 3 8 0
14 14 3 9 0
14 14 3 10 0
14 14 3 11 0
14 14 3 12 0
14 14 3 13 0
14 14 3 14 0
14 14 3 15 0
14 14 4 0 0
14 14 4 1 0
14 14 4 2 0
14 14 4 3 0
14 14 4 4 0
14 14 4 5 0
14 14 4 6 0
14 14 4 7 0
14 14 4 8 0
14 14 4 9 0
14 14 4 10 0
14 14 4 11 0
14 14 4 12 0
14 14 4 13 0
14 14 4 14 0
14 14 4 15 0
14 14 5 0 0
14 14 5 1 0
14 14 5 2 0
14 14 5 3 0
14 14 5 4 0
14 14 5 5 0
14 14 5 6 0
14 14 5 7 0
14 14 5 8 0
14 14 5 9 0
14 14 5 10 0
14 14 5 11 0
14 14 5 12 0
14 14 5 13 0
14 14 5 14 0
14 14 5 15 0
14 14 6 0 0
14 14 6 1 0
14 14 6 2 0
14 14 6 3 0
14 14 6 4 0
14 14 6 5 0
14 14 6 6 0
14 14 6 7 0
14 14 6 8 0
14 14 6 9 0
14 14 6 10 0
14 14 6 11 0
14 14 6 12 0
14 14 6 13 0
14 14 6 14 0
14 14 6 15 0
14 14 7 0 0
14 14 7 1 0
14 14 7 2 0
14 14 7 3 0
14 14 7 4 0
14 14 7 5 0
14 14 7 6 0
14 14 7 7 0
14 14 7 8 0
14 14 7 9 0
14 14 7 10 0
14 14 7 11 0
14 14 7 12 0
14 14 7 13 0
14 14 7 14 0
14 14 7 15 0
14 14 8 0 0
14 14 8 1 0
14 14 8 2 0
14 14 8 3 0
14 14 8 4 0
14 14 8 5 0
14 14 8 6 0
14 14 8 7 0
14 14 8 8 0
14 14 8 9 0
14 14 8 10 0
14 14 8 11 0
14 14 8 12 0
14 14 8 13 0
14 14 8 14 0
14 14 8 15 0
14 14 9 0 0
14 14 9 1 0
14 14 9 2 0
14 14 9 3 0
14 14 9 4 0
14 14 9 5 0
14 14 9 6 0
14 14 9 7 0
14 14 9 8 0
14 14 9 9 0
14 14 9 10 0
14 14 9 11 0
14 14 9 12 0
14 14 9 13 0
14 14 9 14 0
14 14 9 15 0
14 14 10 0 0
14 14 10 1 0
14 14 10 2 0
14 14 10 3 0
14 14 10 4 0
14 14 10 5 0
14 14 10 6 0
14 14 10 7 0
14 14 10 8 0
14 14 10 9 0
14 14 10 10 0
14 14 10 11 0
14 14 10 12 0
14 14 10 13 0
14 14 10 14 0
14 14 10 15 0
14 14 11 0 0
14 14 11 1 0
14 14 11 2 0
14 14 11 3 0
14 14 11 4 0
14 14 11 5 0
14 14 11 6 0
14 14 11 7 0
14 14 11 8 0
14 14 11 9 0
14 14 11 10 0
14 14 11 11 0
14 14 11 12 0
14 14 11 13 0
14 14 11 14 0
14 14 11 15 0
14 14 12 0 0
14 14 12 1 0
14 14 12 2 0
14 14 12 3 0
14 14 12 4 0
14 14 12 5 0
14 14 12 6 0
14 14 12 7 0
14 14 12 8 0
14 14 12 9 0
14 14 12 10 0
14 14 12 11 0
14 14 12 12 0
14 14 12 13 0
14 14 12 14 0
14 14 12 15 0
14 14 13 0 0
14 14 13 1 0
14 14 13 2 0
14 14 13 3 0
14 14 13 4 0
14 14 13 5 0
14 14 13 6 0
14 14 13 7 0
14 14 13 8 0
14 14 13 9 0
14 14 13 10 0
14 14 13 11 0
14 14 13 12 0
14 14 13 13 0
14 14 13 14 0
14 14 13 15 0
14 14 14 0 0
14 14 14 1 0
14 14 14 2 0
14 14 14 3 0
14 14 14 4 0
14 14 14 5 0
14 14 14 6 0
14 14 14 7 0
14 14 14 8 0
14 14 14 9 0
14 14 14 10 0
14 14 14 11 0
14 14 14 12 0
14 14 14 13 0
14 14 14 14 0
14 14 14 15 0
14 14 15 0 0
14 14 15 1 0
14 14 15 2 0
14 14 15 3 0
14 14 15 4 0
14 14 15 5 0
14 14 15 6 0
14 14 15 7 0
14 14 15 8 0
14 14 15 9 0
14 14 15 10 0
14 14 15 11 0
14 14 15 12 0
14 14 15 13 0
14 14 15 14 0
14 14 15 15 0
14 15 0 0 0
14 15 0 1 0
14 15 0 2 0
14 15 0 3 0
14 15 0 4 0
14 15 0 5 0
14 15 0 6 0
14 15 0 7 0
14 15 0 8 0
14 15 0 9 0
14 15 0 10 0
14 15 0 11 0
14 15 0 12 0
14 15 0 13 0
14 15 0 14 0
14 15 0 15 0
14 15 1 0 0
14 15 1 1 0
14 15 1 2 0
14 15 1 3 0
14 15 1 4 0
14 15 1 5 0
14 15 1 6 0
14 15 1 7 0
14 15 1 8 0
14 15 1 9 0
14 15 1 10 0
14 15 1 11 0
14 15 1 12 0
14 15 1 13 0
14 15 1 14 0
14 15 1 15 0
14 15 2 0 0
14 15 2 1 0
14 15 2 2 0
14 15 2 3 0
14 15 2 4 0
14 15 2 5 0
14 15 2 6 0
14 15 2 7 0
14 15 2 8 0
14 15 2 9 0
14 15 2 10 0
14 15 2 11 0
14 15 2 12 0
14 15 2 13 0
14 15 2 14 0
14 15 2 15 0
14 15 3 0 0
14 15 3 1 0
14 15 3 2 0
14 15 3 3 0
14 15 3 4 0
14 15 3 5 0
14 15 3 6 0
14 15 3 7 0
14 15 3 8 0
14 15 3 9 0
14 15 3 10 0
14 15 3 11 0
14 15 3 12 0
14 15 3 13 0
14 15 3 14 0
14 15 3 15 0
14 15 4 0 0
14 15 4 1 0
14 15 4 2 0
14 15 4 3 0
14 15 4 4 0
14 15 4 5 0
14 15 4 6 0
14 15 4 7 0
14 15 4 8 0
14 15 4 9 0
14 15 4 10 0
14 15 4 11 0
14 15 4 12 0
14 15 4 13 0
14 15 4 14 0
14 15 4 15 0
14 15 5 0 0
14 15 5 1 0
14 15 5 2 0
14 15 5 3 0
14 15 5 4 0
14 15 5 5 0
14 15 5 6 0
14 15 5 7 0
14 15 5 8 0
14 15 5 9 0
14 15 5 10 0
14 15 5 11 0
14 15 5 12 0
14 15 5 13 0
14 15 5 14 0
14 15 5 15 0
14 15 6 0 0
14 15 6 1 0
14 15 6 2 0
14 15 6 3 0
14 15 6 4 0
14 15 6 5 0
14 15 6 6 0
14 15 6 7 0
14 15 6 8 0
14 15 6 9 0
14 15 6 10 0
14 15 6 11 0
14 15 6 12 0
14 15 6 13 0
14 15 6 14 0
14 15 6 15 0
14 15 7 0 0
14 15 7 1 0
14 15 7 2 0
14 15 7 3 0
14 15 7 4 0
14 15 7 5 0
14 15 7 6 0
14 15 7 7 0
14 15 7 8 0
14 15 7 9 0
14 15 7 10 0
14 15 7 11 0
14 15 7 12 0
14 15 7 13 0
14 15 7 14 0
14 15 7 15 0
14 15 8 0 0
14 15 8 1 0
14 15 8 2 0
14 15 8 3 0
14 15 8 4 0
14 15 8 5 0
14 15 8 6 0
14 15 8 7 0
14 15 8 8 0
14 15 8 9 0
14 15 8 10 0
14 15 8 11 0
14 15 8 12 0
14 15 8 13 0
14 15 8 14 0
14 15 8 15 0
14 15 9 0 0
14 15 9 1 0
14 15 9 2 0
14 15 9 3 0
14 15 9 4 0
14 15 9 5 0
14 15 9 6 0
14 15 9 7 0
14 15 9 8 0
14 15 9 9 0
14 15 9 10 0
14 15 9 11 0
14 15 9 12 0
14 15 9 13 0
14 15 9 14 0
14 15 9 15 0
14 15 10 0 0
14 15 10 1 0
14 15 10 2 0
14 15 10 3 0
14 15 10 4 0
14 15 10 5 0
14 15 10 6 0
14 15 10 7 0
14 15 10 8 0
14 15 10 9 0
14 15 10 10 0
14 15 10 11 0
14 15 10 12 0
14 15 10 13 0
14 15 10 14 0
14 15 10 15 0
14 15 11 0 0
14 15 11 1 0
14 15 11 2 0
14 15 11 3 0
14 15 11 4 0
14 15 11 5 0
14 15 11 6 0
14 15 11 7 0
14 15 11 8 0
14 15 11 9 0
14 15 11 10 0
14 15 11 11 0
14 15 11 12 0
14 15 11 13 0
14 15 11 14 0
14 15 11 15 0
14 15 12 0 0
14 15 12 1 0
14 15 12 2 0
14 15 12 3 0
14 15 12 4 0
14 15 12 5 0
14 15 12 6 0
14 15 12 7 0
14 15 12 8 0
14 15 12 9 0
14 15 12 10 0
14 15 12 11 0
14 15 12 12 0
14 15 12 13 0
14 15 12 14 0
14 15 12 15 0
14 15 13 0 0
14 15 13 1 0
14 15 13 2 0
14 15 13 3 0
14 15 13 4 0
14 15 13 5 0
14 15 13 6 0
14 15 13 7 0
14 15 13 8 0
14 15 13 9 0
14 15 13 10 0
14 15 13 11 0
14 15 13 12 0
14 15 13 13 0
14 15 13 14 0
14 15 13 15 0
14 15 14 0 0
14 15 14 1 0
14 15 14 2 0
14 15 14 3 0
14 15 14 4 0
14 15 14 5 0
14 15 14 6 0
14 15 14 7 0
14 15 14 8 0
14 15 14 9 0
14 15 14 10 0
14 15 14 11 0
14 15 14 12 0
14 15 14 13 0
14 15 14 14 0
14 15 14 15 0
14 15 15 0 0
14 15 15 1 0
14 15 15 2 0
14 15 15 3 0
14 15 15 4 0
14 15 15 5 0
14 15 15 6 0
14 15 15 7 0
14 15 15 8 0
14 15 15 9 0
14 15 15 10 0
14 15 15 11 0
14 15 15 12 0
14 15 15 13 0
14 15 15 14 0
14 15 15 15 0
15 0 0 0 0
15 0 0 1 -0.001900509923577761
15 0 0 2 0
15 0 0 3 0
15 0 0 4 0
15 0 0 5 0
15 0 0 6 0
15 0 0 7 0
15 0 0 8 0
15 0 0 9 0
15 0 0 10 0
15 0 0 11 0
15 0 0 12 0
15 0 0 13 0
15 0 0 14 0
15 0 0 15 -1.754400527554864e-05
15 0 1 0 0.003801019847155522
15 0 1 1 0
15 0 1 2 0
15 0 1 3 0
15 0 1 4 0
15 0 1 5 0
15 0 1 6 0
15 0 1 7 0
15 0 1 8 0
15 0 1 9 0
15 0 1 10 0
15 0 1 11 -3.140469671808889e-05
15 0 1 12 0
15 0 1 13 0
15 0 1 14 0
15 0 1 15 0
15 0 2 0 0
15 0 2 1 0
15 0 2 2 0
15 0 2 3 0
15 0 2 4 0
15 0 2 5 0
15 0 2 6 0
15 0 2 7 0
15 0 2 8 0
15 0 2 9 0
15 0 2 10 0
15 0 2 11 0
15 0 2 12 0
15 0 2 13 0
15 0 2 14 0
15 0 2 15 0
15 0 3 0 0
15 0 3 1 0
15 0 3 2 0
15 0 3 3 0
15 0 3 4 0
15 0 3 5 0
15 0 3 6 0
15 0 3 7 0
15 0 3 8 0
15 0 3 9 0
15 0 3 10 0
15 0 3 11 0
15 0 3 12 0
15 0 3 13 0
15 0 3 14 0
15 0 3 15 0
15 0 4 0 0
15 0 4 1 0
15 0 4 2 0
15 0 4 3 0
15 0 4 4 0
15 0 4 5 0
15 0 4 6 0
15 0 4 7 0
15 0 4 8 0
15 0 4 9 0
15 0 4 10 0
15 0 4 11 0
15 0 4 12 0
15 0 4 13 0
15 0 4 14 0
15 0 4 15 0
15 0 5 0 0
15 0 5 1 0
15 0 5 2 0
15 0 5 3 0
15 0 5 4 0
15 0 5 5 0
15 0 5 6 0
15 0 5 7 0
15 0 5 8 0
15 0 5 9 0
15 0 5 10 0
15 0 5 11 0
15 0 5 12 0
15 0 5 13 0
15 0 5 14 0
15 0 5 15 0
15 0 6 0 0
15 0 6 1 0
15 0 6 2 0
15 0 6 3 0
15 0 6 4 0
15 0 6 5 0
15 0 6 6 0
15 0 6 7 0
15 0 6 8 0
15 0 6 9 0
15 0 6 10 0
15 0 6 11 0
15 0 6 12 0
15 0 6 13 0
15 0 6 14 0
15 0 6 15 0
15 0 7 0 0
15 0 7 1 0
15 0 7 2 0
15 0 7 3 0
15 0 7 4 0
15 0 7 5 0
15 0 7 6 0
15 0 7 7 0
15 0 7 8 0
15 0 7 9 0
15 0 7 10 0
15 0 7 11 0
15 0 7 12 0
15 0 7 13 0
15 0 7 14 0
15 0 7 15 0
15 0 8 0 0
15 0 8 1 0
15 0 8 2 0
15 0 8 3 0
15 0 8 4 0
15 0 8 5 0
15 0 8 6 0
15 0 8 7 0
15 0 8 8 0
15 0 8 9 0
15 0 8 10 0
15 0 8 11 0
15 0 8 12 0
15 0 8 13 0
15 0 8 14 0
15 0 8 15 0
15 0 9 0 0
15 0 9 1 0
15 0 9 2 0
15 0 9 3 0
15 0 9 4 0
15 0 9 5 0
15 0 9 6 0
15 0 9 7 0
15 0 9 8 0
15 0 9 9 0
15 0 9 10 0
15 0 9 11 0
15 0 9 12 0
15 0 9 13 0
15 0 9 14 0
15 0 9 15 0
15 0 10 0 0
15 0 10 1 0
15 0 10 2 0
15 0 10 3 0
15 0 10 4 0
15 0 10 5 0
15 0 10 6 0
15 0 10 7 0
15 0 10 8 0
15 0 10 9 0
15 0 10 10 0
15 0 10 11 0
15 0 10 12 0
15 0 10 13 0
15 0 10 14 0
15 0 10 15 0
15 0 11 0 0
15 0 11 1 3.043463753430608e-05
15 0 11 2 0
15 0 11 3 0
15 0 11 4 0
15 0 11 5 0
15 0 11 6 0
15 0 11 7 0
15 0 11 8 0
15 0 11 9 0
15 0 11 10 0
15 0 11 11 0
15 0 11 12 0
15 0 11 13 0
15 0 11 14 0
15 0 11 15 0
15 0 12 0 0
15 0 12 1 0
15 0 12 2 0
15 0 12 3 0
15 0 12 4 0
15 0 12 5 0
15 0 12 6 0
15 0 12 7 0
15 0 12 8 0
15 0 12 9 0
15 0 12 10 0
15 0 12 11 0
15 0 12 12 0
15 0 12 13 0
15 0 12 14 0
15 0 12 15 0
15 0 13 0 0
15 0 13 1 0
15 0 13 2 0
15 0 13 3 0
15 0 13 4 0
15 0 13 5 0
15 0 13 6 0
15 0 13 7 0
15 0 13 8 0
15 0 13 9 0
15 0 13 10 0
15 0 13 11 0
15 0 13 12 0
15 0 13 13 0
15 0 13 14 0
15 0 13 15 0
15 0 14 0 0
15 0 14 1 0
15 0 14 2 0
15 0 14 3 0
15 0 14 4 0
15 0 14 5 0
15 0 14 6 0
15 0 14 7 0
15 0 14 8 0
15 0 14 9 0
15 0 14 10 0
15 0 14 11 0
15 0 14 12 0
15 0 14 13 0
15 0 14 14 0
15 0 14 15 0
15 0 15 0 3.508801055109728e-05
15 0 15 1 0
15 0 15 2 0
15 0 15 3 0
15 0 15 4 0
15 0 15 5 0
15 0 15 6 0
15 0 15 7 0
15 0 15 8 0
15 0 15 9 0
15 0 15 10 0
15 0 15 11 0
15 0 15 12 0
15 0 15 13 0
15 0 15 14 0
15 0 15 15 0
15 1 0 0 0
15 1 0 1 0
15 1 0 2 0
15 1 0 3 0
15 1 0 4 0
15 1 0 5 0
15 1 0 6 0
15 1 0 7 0
15 1 0 8 0
15 1 0 9 0
15 1 0 10 0
15 1 0 11 0
15 1 0 12 0
15 1 0 13 0
15 1 0 14 0
15 1 0 15 0
15 1 1 0 0
15 1 1 1 0.001900509923577761
15 1 1 2 0
15 1 1 3 0
15 1 1 4 0
15 1 1 5 0
15 1 1 6 0
15 1 1 7 0
15 1 1 8 0
15 1 1 9 0
15 1 1 10 0
15 1 1 11 0
15 1 1 12 0
15 1 1 13 0
15 1 1 14 0
15 1 1 15 1.296061122728088e-05
15 1 2 0 0
15 1 2 1 0
15 1 2 2 0
15 1 2 3 0
15 1 2 4 0
15 1 2 5 0
15 1 2 6 0
15 1 2 7 0
15 1 2 8 0
15 1 2 9 0
15 1 2 10 0
15 1 2 11 0
15 1 2 12 0
15 1 2 13 0
15 1 2 14 0
15 1 2 15 0
15 1 3 0 0
15 1 3 1 0
15 1 3 2 0
15 1 3 3 0
15 1 3 4 0
15 1 3 5 0
15 1 3 6 0
15 1 3 7 0
15 1 3 8 0
15 1 3 9 0
15 1 3 10 0
15 1 3 11 0
15 1 3 12 0
15 1 3 13 0
15 1 3 14 0
15 1 3 15 0
15 1 4 0 0
15 1 4 1 0
15 1 4 2 0
15 1 4 3 0
15 1 4 4 0
15 1 4 5 0
15 1 4 6 0
15 1 4 7 0
15 1 4 8 0
15 1 4 9 0
15 1 4 10 0
15 1 4 11 0
15 1 4 12 0
15 1 4 13 0
15 1 4 14 0
15 1 4 15 0
15 1 5 0 0
15 1 5 1 0
15 1 5 2 0
15 1 5 3 0
15 1 5 4 0
15 1 5 5 0
15 1 5 6 0
15 1 5 7 0
15 1 5 8 0
15 1 5 9 0
15 1 5 10 0
15 1 5 11 0
15 1 5 12 0
15 1 5 13 0
15 1 5 14 0
15 1 5 15 0
15 1 6 0 0
15 1 6 1 0
15 1 6 2 0
15 1 6 3 0
15 1 6 4 0
15 1 6 5 0
15 1 6 6 0
15 1 6 7 0
15 1 6 8 0
15 1 6 9 0
15 1 6 10 0
15 1 6 11 0
15 1 6 12 0
15 1 6 13 0
15 1 6 14 0
15 1 6 15 0
15 1 7 0 0
15 1 7 1 0
15 1 7 2 0
15 1 7 3 0
15 1 7 4 0
15 1 7 5 0
15 1 7 6 0
15 1 7 7 0
15 1 7 8 0
15 1 7 9 0
15 1 7 10 0
15 1 7 11 0
15 1 7 12 0
15 1 7 13 0
15 1 7 14 0
15 1 7 15 0
15 1 8 0 0
15 1 8 1 0
15 1 8 2 0
15 1 8 3 0
15 1 8 4 0
15 1 8 5 0
15 1 8 6 0
15 1 8 7 0
15 1 8 8 0
15 1 8 9 0
15 1 8 10 0
15 1 8 11 0
15 1 8 12 0
15 1 8 13 0
15 1 8 14 0
15 1 8 15 0
15 1 9 0 0
15 1 9 1 0
15 1 9 2 0
15 1 9 3 0
15 1 9 4 0
15 1 9 5 0
15 1 9 6 0
15 1 9 7 0
15 1 9 8 0
15 1 9 9 0
15 1 9 10 0
15 1 9 11 0
15 1 9 12 0
15 1 9 13 0
15 1 9 14 0
15 1 9 15 0
15 1 10 0 0
15 1 10 1 0
15 1 10 2 0
15 1 10 3 0
15 1 10 4 0
15 1 10 5 0
15 1 10 6 0
15 1 10 7 0
15 1 10 8 0
15 1 10 9 0
15 1 10 10 0
15 1 10 11 0
15 1 10 12 0
15 1 10 13 0
15 1 10 14 0
15 1 10 15 0
15 1 11 0 0
15 1 11 1 0
15 1 11 2 0
15 1 11 3 0
15 1 11 4 0
15 1 11 5 0
15 1 11 6 0
15 1 11 7 0
15 1 11 8 0
15 1 11 9 0
15 1 11 10 0
15 1 11 11 0
15 1 11 12 0
15 1 11 13 0
15 1 11 14 0
15 1 11 15 0
15 1 12 0 0
15 1 12 1 0
15 1 12 2 0
15 1 12 3 0
15 1 12 4 0
15 1 12 5 0
15 1 12 6 0
15 1 12 7 0
15 1 12 8 0
15 1 12 9 0
15 1 12 10 0
15 1 12 11 0
15 1 12 12 0
15 1 12 13 0
15 1 12 14 0
15 1 12 15 0
15 1 13 0 0
15 1 13 1 0
15 1 13 2 0
15 1 13 3 0
15 1 13 4 0
15 1 13 5 0
15 1 13 6 0
15 1 13 7 0
15 1 13 8 0
15 1 13 9 0
15 1 13 10 0
15 1 13 11 0
15 1 13 12 0
15 1 13 13 0
15 1 13 14 0
15 1 13 15 0
15 1 14 0 0
15 1 14 1 0
15 1 14 2 0
15 1 14 3 0
15 1 14 4 0
15 1 14 5 0
15 1 14 6 0
15 1 14 7 0
15 1 14 8 0
15 1 14 9 0
15 1 14 10 0
15 1 14 11 0
15 1 14 12 0
15 1 14 13 0
15 1 14 14 0
15 1 14 15 0
15 1 15 0 0
15 1 15 1 1.754400527554864e-05
15 1 15 2 0
15 1 15 3 0
15 1 15 4 0
15 1 15 5 0
15 1 15 6 0
15 1 15 7 0
15 1 15 8 0
15 1 15 9 0
15 1 15 10 0
15 1 15 11 0
15 1 15 12 0
15 1 15 13 0
15 1 15 14 0
15 1 15 15 0
15 2 0 0 0
15 2 0 1 0
15 2 0 2 0
15 2 0 3 0
15 2 0 4 0
15 2 0 5 0
15 2 0 6 0
15 2 0 7 0
15 2 0 8 0
15 2 0 9 0
15 2 0 10 0
15 2 0 11 0
15 2 0 12 0
15 2 0 13 0
15 2 0 14 0
15 2 0 15 0
15 2 1 0 0
15 2 1 1 0
15 2 1 2 0.003801019847155522
15 2 1 3 0
15 2 1 4 0
15 2 1 5 0
15 2 1 6 0
15 2 1 7 0
15 2 1 8 0
15 2 1 9 0
15 2 1 10 0
15 2 1 11 -3.568599521583582e-05
15 2 1 12 0
15 2 1 13 0
15 2 1 14 1.332583702415911e-05
15 2 1 15 0
15 2 2 0 0
15 2 2 1 -0.001900509923577761
15 2 2 2 0
15 2 2 3 0
15 2 2 4 0
15 2 2 5 0
15 2 2 6 0
15 2 2 7 0
15 2 2 8 0
15 2 2 9 0
15 2 2 10 0
15 2 2 11 0
15 2 2 12 0
15 2 2 13 0
15 2 2 14 0
15 2 2 15 -1.754400527554864e-05
15 2 3 0 0
15 2 3 1 0
15 2 3 2 0
15 2 3 3 0
15 2 3 4 0
15 2 3 5 0
15 2 3 6 0
15 2 3 7 0
15 2 3 8 0
15 2 3 9 0
15 2 3 10 0
15 2 3 11 0
15 2 3 12 0
15 2 3 13 0
15 2 3 14 0
15 2 3 15 0
15 2 4 0 0
15 2 4 1 0
15 2 4 2 0
15 2 4 3 0
15 2 4 4 0
15 2 4 5 0
15 2 4 6 0
15 2 4 7 0
15 2 4 8 0
15 2 4 9 0
15 2 4 10 0
15 2 4 11 0
15 2 4 12 0
15 2 4 13 0
15 2 4 14 0
15 2 4 15 0
15 2 5 0 0
15 2 5 1 0
15 2 5 2 0
15 2 5 3 0
15 2 5 4 0
15 2 5 5 0
15 2 5 6 0
15 2 5 7 0
15 2 5 8 0
15 2 5 9 0
15 2 5 10 0
15 2 5 11 0
15 2 5 12 0
15 2 5 13 0
15 2 5 14 0
15 2 5 15 0
15 2 6 0 0
15 2 6 1 0
15 2 6 2 0
15 2 6 3 0
15 2 6 4 0
15 2 6 5 0
15 2 6 6 0
15 2 6 7 0
15 2 6 8 0
15 2 6 9 0
15 2 6 10 0
15 2 6 11 0
15 2 6 12 0
15 2 6 13 0
15 2 6 14 0
15 2 6 15 0
15 2 7 0 0
15 2 7 1 0
15 2 7 2 0
15 2 7 3 0
15 2 7 4 0
15 2 7 5 0
15 2 7 6 0
15 2 7 7 0
15 2 7 8 0
15 2 7 9 0
15 2 7 10 0
15 2 7 11 0
15 2 7 12 0
15 2 7 13 0
15 2 7 14 0
15 2 7 15 0
15 2 8 0 0
15 2 8 1 0
15 2 8 2 0
15 2 8 3 0
15 2 8 4 0
15 2 8 5 0
15 2 8 6 0
15 2 8 7 0
15 2 8 8 0
15 2 8 9 0
15 2 8 10 0
15 2 8 11 0
15 2 8 12 0
15 2 8 13 0
15 2 8 14 0
15 2 8 15 0
15 2 9 0 0
15 2 9 1 0
15 2 9 2 0
15 2 9 3 0
15 2 9 4 0
15 2 9 5 0
15 2 9 6 0
15 2 9 7 0
15 2 9 8 0
15 2 9 9 0
15 2 9 10 0
15 2 9 11 0
15 2 9 12 0
15 2 9 13 0
15 2 9 14 0
15 2 9 15 0
15 2 10 0 0
15 2 10 1 0
15 2 10 2 0
15 2 10 3 0
15 2 10 4 0
15 2 10 5 0
15 2 10 6 0
15 2 10 7 0
15 2 10 8 0
15 2 10 9 0
15 2 10 10 0
15 2 10 11 0
15 2 10 12 0
15 2 10 13 0
15 2 10 14 0
15 2 10 15 0
15 2 11 0 0
15 2 11 1 1.878839388780683e-05
15 2 11 2 0
15 2 11 3 0
15 2 11 4 0
15 2 11 5 0
15 2 11 6 0
15 2 11 7 0
15 2 11 8 0
15 2 11 9 0
15 2 11 10 0
15 2 11 11 0
15 2 11 12 0
15 2 11 13 0
15 2 11 14 0
15 2 11 15 0
15 2 12 0 0
15 2 12 1 0
15 2 12 2 0
15 2 12 3 0
15 2 12 4 0
15 2 12 5 0
15 2 12 6 0
15 2 12 7 0
15 2 12 8 0
15 2 12 9 0
15 2 12 10 0
15 2 12 11 0
15 2 12 12 0
15 2 12 13 0
15 2 12 14 0
15 2 12 15 0
15 2 13 0 0
15 2 13 1 0
15 2 13 2 0
15 2 13 3 0
15 2 13 4 0
15 2 13 5 0
15 2 13 6 0
15 2 13 7 0
15 2 13 8 0
15 2 13 9 0
15 2 13 10 0
15 2 13 11 0
15 2 13 12 0
15 2 13 13 0
15 2 13 14 0
15 2 13 15 0
15 2 14 0 0
15 2 14 1 6.593753366550278e-06
15 2 14 2 0
15 2 14 3 0
15 2 14 4 0
15 2 14 5 0
15 2 14 6 0
15 2 14 7 0
15 2 14 8 0
15 2 14 9 0
15 2 14 10 0
15 2 14 11 0
15 2 14 12 0
15 2 14 13 0
15 2 14 14 0
15 2 14 15 0
15 2 15 0 0
15 2 15 1 0
15 2 15 2 3.508801055109728e-05
15 2 15 3 0
15 2 15 4 0
15 2 15 5 0
15 2 15 6 0
15 2 15 7 0
15 2 15 8 0
15 2 15 9 0
15 2 15 10 0
15 2 15 11 0
15 2 15 12 0
15 2 15 13 0
15 2 15 14 0
15 2 15 15 0
15 3 0 0 0
15 3 0 1 0
15 3 0 2 0
15 3 0 3 0
15 3 0 4 0
15 3 0 5 0
15 3 0 6 0
15 3 0 7 0
15 3 0 8 0
15 3 0 9 0
15 3 0 10 0
15 3 0 11 0
15 3 0 12 0
15 3 0 13 0
15 3 0 14 0
15 3 0 15 0
15 3 1 0 0
15 3 1 1 0
15 3 1 2 0
15 3 1 3 0.001900509923577761
15 3 1 4 0
15 3 1 5 0
15 3 1 6 0
15 3 1 7 0
15 3 1 8 0.0001425926748137515
15 3 1 9 0
15 3 1 10 0
15 3 1 11 0
15 3 1 12 0
15 3 1 13 0
15 3 1 14 0
15 3 1 15 0
15 3 2 0 0
15 3 2 1 0
15 3 2 2 0
15 3 2 3 0
15 3 2 4 0
15 3 2 5 0
15 3 2 6 0
15 3 2 7 0
15 3 2 8 0
15 3 2 9 0
15 3 2 10 0
15 3 2 11 0
15 3 2 12 0
15 3 2 13 0
15 3 2 14 0
15 3 2 15 0
15 3 3 0 0
15 3 3 1 -0.0004718738525221365
15 3 3 2 0
15 3 3 3 0
15 3 3 4 0
15 3 3 5 0
15 3 3 6 0
15 3 3 7 0
15 3 3 8 0
15 3 3 9 0
15 3 3 10 0
15 3 3 11 0
15 3 3 12 0
15 3 3 13 0
15 3 3 14 0
15 3 3 15 -3.067343068584599e-07
15 3 4 0 0
15 3 4 1 0
15 3 4 2 0
15 3 4 3 0
15 3 4 4 0
15 3 4 5 0
15 3 4 6 0
15 3 4 7 0
15 3 4 8 0
15 3 4 9 0
15 3 4 10 0
15 3 4 11 0
15 3 4 12 0
15 3 4 13 0
15 3 4 14 0
15 3 4 15 0
15 3 5 0 0
15 3 5 1 0
15 3 5 2 0
15 3 5 3 0
15 3 5 4 0
15 3 5 5 0
15 3 5 6 0
15 3 5 7 0
15 3 5 8 0
15 3 5 9 0
15 3 5 10 0
15 3 5 11 0
15 3 5 12 0
15 3 5 13 0
15 3 5 14 0
15 3 5 15 0
15 3 6 0 0
15 3 6 1 0
15 3 6 2 0
15 3 6 3 0
15 3 6 4 0
15 3 6 5 0
15 3 6 6 0
15 3 6 7 0
15 3 6 8 0
15 3 6 9 0
15 3 6 10 0
15 3 6 11 0
15 3 6 12 0
15 3 6 13 0
15 3 6 14 0
15 3 6 15 0
15 3 7 0 0
15 3 7 1 0
15 3 7 2 0
15 3 7 3 0
15 3 7 4 0
15 3 7 5 0
15 3 7 6 0
15 3 7 7 0
15 3 7 8 0
15 3 7 9 0
15 3 7 10 0
15 3 7 11 0
15 3 7 12 0
15 3 7 13 0
15 3 7 14 0
15 3 7 15 0
15 3 8 0 0
15 3 8 1 -3.540405339169916e-05
15 3 8 2 0
15 3 8 3 0
15 3 8 4 0
15 3 8 5 0
15 3 8 6 0
15 3 8 7 0
15 3 8 8 0
15 3 8 9 0
15 3 8 10 0
15 3 8 11 0
15 3 8 12 0
15 3 8 13 0
15 3 8 14 0
15 3 8 15 0
15 3 9 0 0
15 3 9 1 0
15 3 9 2 0
15 3 9 3 0
15 3 9 4 0
15 3 9 5 0
15 3 9 6 0
15 3 9 7 0
15 3 9 8 0
15 3 9 9 0
15 3 9 10 0
15 3 9 11 0
15 3 9 12 0
15 3 9 13 0
15 3 9 14 0
15 3 9 15 0
15 3 10 0 0
15 3 10 1 0
15 3 10 2 0
15 3 10 3 0
15 3 10 4 0
15 3 10 5 0
15 3 10 6 0
15 3 10 7 0
15 3 10 8 0
15 3 10 9 0
15 3 10 10 0
15 3 10 11 0
15 3 10 12 0
15 3 10 13 0
15 3 10 14 0
15 3 10 15 0
15 3 11 0 0
15 3 11 1 0
15 3 11 2 0
15 3 11 3 0
15 3 11 4 0
15 3 11 5 0
15 3 11 6 0
15 3 11 7 0
15 3 11 8 0
15 3 11 9 0
15 3 11 10 0
15 3 11 11 0
15 3 11 12 0
15 3 11 13 0
15 3 11 14 0
15 3 11 15 0
15 3 12 0 0
15 3 12 1 0
15 3 12 2 0
15 3 12 3 0
15 3 12 4 0
15 3 12 5 0
15 3 12 6 0
15 3 12 7 0
15 3 12 8 0
15 3 12 9 0
15 3 12 10 0
15 3 12 11 0
15 3 12 12 0
15 3 12 13 0
15 3 12 14 0
15 3 12 15 0
15 3 13 0 0
15 3 13 1 0
15 3 13 2 0
15 3 13 3 0
15 3 13 4 0
15 3 13 5 0
15 3 13 6 0
15 3 13 7 0
15 3 13 8 0
15 3 13 9 0
15 3 13 10 0
15 3 13 11 0
15 3 13 12 0
15 3 13 13 0
15 3 13 14 0
15 3 13 15 0
15 3 14 0 0
15 3 14 1 0
15 3 14 2 0
15 3 14 3 0
15 3 14 4 0
15 3 14 5 0
15 3 14 6 0
15 3 14 7 0
15 3 14 8 0
15 3 14 9 0
15 3 14 10 0
15 3 14 11 0
15 3 14 12 0
15 3 14 13 0
15 3 14 14 0
15 3 14 15 0
15 3 15 0 0
15 3 15 1 0
15 3 15 2 0
15 3 15 3 1.754400527554864e-05
15 3 15 4 0
15 3 15 5 0
15 3 15 6 0
15 3 15 7 0
15 3 15 8 0
15 3 15 9 0
15 3 15 10 0
15 3 15 11 0
15 3 15 12 0
15 3 15 13 0
15 3 15 14 0
15 3 15 15 0
15 4 0 0 0
15 4 0 1 0
15 4 0 2 0
15 4 0 3 0
15 4 0 4 0
15 4 0 5 0
15 4 0 6 0
15 4 0 7 0
15 4 0 8 0
15 4 0 9 0
15 4 0 10 0
15 4 0 11 0
15 4 0 12 0
15 4 0 13 0
15 4 0 14 0
15 4 0 15 0
15 4 1 0 0
15 4 1 1 0
15 4 1 2 0
15 4 1 3 0
15 4 1 4 0.001900509923577761
15 4 1 5 0
15 4 1 6 0
15 4 1 7 0
15 4 1 8 0
15 4 1 9 0.000161169957528147
15 4 1 10 0
15 4 1 11 0
15 4 1 12 0
15 4 1 13 0
15 4 1 14 0
15 4 1 15 0
15 4 2 0 0
15 4 2 1 0
15 4 2 2 0
15 4 2 3 0
15 4 2 4 0
15 4 2 5 0
15 4 2 6 0
15 4 2 7 0
15 4 2 8 0
15 4 2 9 0
15 4 2 10 0
15 4 2 11 0
15 4 2 12 0
15 4 2 13 0
15 4 2 14 0
15 4 2 15 0
15 4 3 0 0
15 4 3 1 0
15 4 3 2 0
15 4 3 3 0
15 4 3 4 0
15 4 3 5 0
15 4 3 6 0
15 4 3 7 0
15 4 3 8 0
15 4 3 9 0
15 4 3 10 0
15 4 3 11 0
15 4 3 12 0
15 4 3 13 0
15 4 3 14 0
15 4 3 15 0
15 4 4 0 0
15 4 4 1 -0.0004492308156474558
15 4 4 2 0
15 4 4 3 0
15 4 4 4 0
15 4 4 5 0
15 4 4 6 0
15 4 4 7 0
15 4 4 8 0
15 4 4 9 0
15 4 4 10 0
15 4 4 11 0
15 4 4 12 0
15 4 4 13 0
15 4 4 14 0
15 4 4 15 2.439968628374161e-07
15 4 5 0 0
15 4 5 1 0
15 4 5 2 0
15 4 5 3 0
15 4 5 4 0
15 4 5 5 0
15 4 5 6 0
15 4 5 7 0
15 4 5 8 0
15 4 5 9 0
15 4 5 10 0
15 4 5 11 0
15 4 5 12 0
15 4 5 13 0
15 4 5 14 0
15 4 5 15 0
15 4 6 0 0
15 4 6 1 0
15 4 6 2 0
15 4 6 3 0
15 4 6 4 0
15 4 6 5 0
15 4 6 6 0
15 4 6 7 0
15 4 6 8 0
15 4 6 9 0
15 4 6 10 0
15 4 6 11 0
15 4 6 12 0
15 4 6 13 0
15 4 6 14 0
15 4 6 15 0
15 4 7 0 0
15 4 7 1 0
15 4 7 2 0
15 4 7 3 0
15 4 7 4 0
15 4 7 5 0
15 4 7 6 0
15 4 7 7 0
15 4 7 8 0
15 4 7 9 0
15 4 7 10 0
15 4 7 11 0
15 4 7 12 0
15 4 7 13 0
15 4 7 14 0
15 4 7 15 0
15 4 8 0 0
15 4 8 1 0
15 4 8 2 0
15 4 8 3 0
15 4 8 4 0
15 4 8 5 0
15 4 8 6 0
15 4 8 7 0
15 4 8 8 0
15 4 8 9 0
15 4 8 10 0
15 4 8 11 0
15 4 8 12 0
15 4 8 13 0
15 4 8 14 0
15 4 8 15 0
15 4 9 0 0
15 4 9 1 -3.809636065563682e-05
15 4 9 2 0
15 4 9 3 0
15 4 9 4 0
15 4 9 5 0
15 4 9 6 0
15 4 9 7 0
15 4 9 8 0
15 4 9 9 0
15 4 9 10 0
15 4 9 11 0
15 4 9 12 0
15 4 9 13 0
15 4 9 14 0
15 4 9 15 0
15 4 10 0 0
15 4 10 1 0
15 4 10 2 0
15 4 10 3 0
15 4 10 4 0
15 4 10 5 0
15 4 10 6 0
15 4 10 7 0
15 4 10 8 0
15 4 10 9 0
15 4 10 10 0
15 4 10 11 0
15 4 10 12 0
15 4 10 13 0
15 4 10 14 0
15 4 10 15 0
15 4 11 0 0
15 4 11 1 0
15 4 11 2 0
15 4 11 3 0
15 4 11 4 0
15 4 11 5 0
15 4 11 6 0
15 4 11 7 0
15 4 11 8 0
15 4 11 9 0
15 4 11 10 0
15 4 11 11 0
15 4 11 12 0
15 4 11 13 0
15 4 11 14 0
15 4 11 15 0
15 4 12 0 0
15 4 12 1 0
15 4 12 2 0
15 4 12 3 0
15 4 12 4 0
15 4 12 5 0
15 4 12 6 0
15 4 12 7 0
15 4 12 8 0
15 4 12 9 0
15 4 12 10 0
15 4 12 11 0
15 4 12 12 0
15 4 12 13 0
15 4 12 14 0
15 4 12 15 0
15 4 13 0 0
15 4 13 1 0
15 4 13 2 0
15 4 13 3 0
15 4 13 4 0
15 4 13 5 0
15 4 13 6 0
15 4 13 7 0
15 4 13 8 0
15 4 13 9 0
15 4 13 10 0
15 4 13 11 0
15 4 13 12 0
15 4 13 13 0
15 4 13 14 0
15 4 13 15 0
15 4 14 0 0
15 4 14 1 0
15 4 14 2 0
15 4 14 3 0
15 4 14 4 0
15 4 14 5 0
15 4 14 6 0
15 4 14 7 0
15 4 14 8 0
15 4 14 9 0
15 4 14 10 0
15 4 14 11 0
15 4 14 12 0
15 4 14 13 0
15 4 14 14 0
15 4 14 15 0
15 4 15 0 0
15 4 15 1 0
15 4 15 2 0
15 4 15 3 0
15 4 15 4 1.754400527554864e-05
15 4 15 5 0
15 4 15 6 0
15 4 15 7 0
15 4 15 8 0
15 4 15 9 0
15 4 15 10 0
15 4 15 11 0
15 4 15 12 0
15 4 15 13 0
15 4 15 14 0
15 4 15 15 0
15 5 0 0 0
15 5 0 1 0
15 5 0 2 0
15 5 0 3 0
15 5 0 4 0
15 5 0 5 0
15 5 0 6 0
15 5 0 7 0
15 5 0 8 0
15 5 0 9 0
15 5 0 10 0
15 5 0 11 0
15 5 0 12 0
15 5 0 13 0
15 5 0 14 0
15 5 0 15 0
15 5 1 0 0
15 5 1 1 0
15 5 1 2 0
15 5 1 3 0
15 5 1 4 0
15 5 1 5 0.001900509923577761
15 5 1 6 0
15 5 1 7 0
15 5 1 8 0
15 5 1 9 0
15 5 1 10 0
15 5 1 11 0
15 5 1 12 0.0001476454123955444
15 5 1 13 0
15 5 1 14 0
15 5 1 15 0
15 5 2 0 0
15 5 2 1 0
15 5 2 2 0
15 5 2 3 0
15 5 2 4 0
15 5 2 5 0
15 5 2 6 0
15 5 2 7 0
15 5 2 8 0
15 5 2 9 0
15 5 2 10 0
15 5 2 11 0
15 5 2 12 0
15 5 2 13 0
15 5 2 14 0
15 5 2 15 0
15 5 3 0 0
15 5 3 1 0
15 5 3 2 0
15 5 3 3 0
15 5 3 4 0
15 5 3 5 0
15 5 3 6 0
15 5 3 7 0
15 5 3 8 0
15 5 3 9 0
15 5 3 10 0
15 5 3 11 0
15 5 3 12 0
15 5 3 13 0
15 5 3 14 0
15 5 3 15 0
15 5 4 0 0
15 5 4 1 0
15 5 4 2 0
15 5 4 3 0
15 5 4 4 0
15 5 4 5 0
15 5 4 6 0
15 5 4 7 0
15 5 4 8 0
15 5 4 9 0
15 5 4 10 0
15 5 4 11 0
15 5 4 12 0
15 5 4 13 0
15 5 4 14 0
15 5 4 15 0
15 5 5 0 0
15 5 5 1 -0.0005372566904409298
15 5 5 2 0
15 5 5 3 0
15 5 5 4 0
15 5 5 5 0
15 5 5 6 0
15 5 5 7 0
15 5 5 8 0
15 5 5 9 0
15 5 5 10 0
15 5 5 11 0
15 5 5 12 0
15 5 5 13 0
15 5 5 14 0
15 5 5 15 -1.848389492991911e-06
15 5 6 0 0
15 5 6 1 0
15 5 6 2 0
15 5 6 3 0
15 5 6 4 0
15 5 6 5 0
15 5 6 6 0
15 5 6 7 0
15 5 6 8 0
15 5 6 9 0
15 5 6 10 0
15 5 6 11 0
15 5 6 12 0
15 5 6 13 0
15 5 6 14 0
15 5 6 15 0
15 5 7 0 0
15 5 7 1 0
15 5 7 2 0
15 5 7 3 0
15 5 7 4 0
15 5 7 5 0
15 5 7 6 0
15 5 7 7 0
15 5 7 8 0
15 5 7 9 0
15 5 7 10 0
15 5 7 11 0
15 5 7 12 0
15 5 7 13 0
15 5 7 14 0
15 5 7 15 0
15 5 8 0 0
15 5 8 1 0
15 5 8 2 0
15 5 8 3 0
15 5 8 4 0
15 5 8 5 0
15 5 8 6 0
15 5 8 7 0
15 5 8 8 0
15 5 8 9 0
15 5 8 10 0
15 5 8 11 0
15 5 8 12 0
15 5 8 13 0
15 5 8 14 0
15 5 8 15 0
15 5 9 0 0
15 5 9 1 0
15 5 9 2 0
15 5 9 3 0
15 5 9 4 0
15 5 9 5 0
15 5 9 6 0
15 5 9 7 0
15 5 9 8 0
15 5 9 9 0
15 5 9 10 0
15 5 9 11 0
15 5 9 12 0
15 5 9 13 0
15 5 9 14 0
15 5 9 15 0
15 5 10 0 0
15 5 10 1 0
15 5 10 2 0
15 5 10 3 0
15 5 10 4 0
15 5 10 5 0
15 5 10 6 0
15 5 10 7 0
15 5 10 8 0
15 5 10 9 0
15 5 10 10 0
15 5 10 11 0
15 5 10 12 0
15 5 10 13 0
15 5 10 14 0
15 5 10 15 0
15 5 11 0 0
15 5 11 1 0
15 5 11 2 0
15 5 11 3 0
15 5 11 4 0
15 5 11 5 0
15 5 11 6 0
15 5 11 7 0
15 5 11 8 0
15 5 11 9 0
15 5 11 10 0
15 5 11 11 0
15 5 11 12 0
15 5 11 13 0
15 5 11 14 0
15 5 11 15 0
15 5 12 0 0
15 5 12 1 -4.173800127972371e-05
15 5 12 2 0
15 5 12 3 0
15 5 12 4 0
15 5 12 5 0
15 5 12 6 0
15 5 12 7 0
15 5 12 8 0
15 5 12 9 0
15 5 12 10 0
15 5 12 11 0
15 5 12 12 0
15 5 12 13 0
15 5 12 14 0
15 5 12 15 0
15 5 13 0 0
15 5 13 1 0
15 5 13 2 0
15 5 13 3 0
15 5 13 4 0
15 5 13 5 0
15 5 13 6 0
15 5 13 7 0
15 5 13 8 0
15 5 13 9 0
15 5 13 10 0
15 5 13 11 0
15 5 13 12 0
15 5 13 13 0
15 5 13 14 0
15 5 13 15 0
15 5 14 0 0
15 5 14 1 0
15 5 14 2 0
15 5 14 3 0
15 5 14 4 0
15 5 14 5 0
15 5 14 6 0
15 5 14 7 0
15 5 14 8 0
15 5 14 9 0
15 5 14 10 0
15 5 14 11 0
15 5 14 12 0
15 5 14 13 0
15 5 14 14 0
15 5 14 15 0
15 5 15 0 0
15 5 15 1 0
15 5 15 2 0
15 5 15 3 0
15 5 15 4 0
15 5 15 5 1.754400527554864e-05
15 5 15 6 0
15 5 15 7 0
15 5 15 8 0
15 5 15 9 0
15 5 15 10 0
15 5 15 11 0
15 5 15 12 0
15 5 15 13 0
15 5 15 14 0
15 5 15 15 0
15 6 0 0 0
15 6 0 1 0
15 6 0 2 0
15 6 0 3 0
15 6 0 4 0
15 6 0 5 0
15 6 0 6 0
15 6 0 7 0
15 6 0 8 0
15 6 0 9 0
15 6 0 10 0
15 6 0 11 0
15 6 0 12 0
15 6 0 13 0
15 6 0 14 0
15 6 0 15 0
15 6 1 0 0
15 6 1 1 0
15 6 1 2 0
15 6 1 3 0
15 6 1 4 0
15 6 1 5 0
15 6 1 6 0.001900509923577761
15 6 1 7 0
15 6 1 8 0
15 6 1 9 0
15 6 1 10 0
15 6 1 11 0
15 6 1 12 0
15 6 1 13 0.0001320874813975587
15 6 1 14 0
15 6 1 15 0
15 6 2 0 0
15 6 2 1 0
15 6 2 2 0
15 6 2 3 0
15 6 2 4 0
15 6 2 5 0
15 6 2 6 0
15 6 2 7 0
15 6 2 8 0
15 6 2 9 0
15 6 2 10 0
15 6 2 11 0
15 6 2 12 0
15 6 2 13 0
15 6 2 14 0
15 6 2 15 0
15 6 3 0 0
15 6 3 1 0
15 6 3 2 0
15 6 3 3 0
15 6 3 4 0
15 6 3 5 0
15 6 3 6 0
15 6 3 7 0
15 6 3 8 0
15 6 3 9 0
15 6 3 10 0
15 6 3 11 0
15 6 3 12 0
15 6 3 13 0
15 6 3 14 0
15 6 3 15 0
15 6 4 0 0
15 6 4 1 0
15 6 4 2 0
15 6 4 3 0
15 6 4 4 0
15 6 4 5 0
15 6 4 6 0
15 6 4 7 0
15 6 4 8 0
15 6 4 9 0
15 6 4 10 0
15 6 4 11 0
15 6 4 12 0
15 6 4 13 0
15 6 4 14 0
15 6 4 15 0
15 6 5 0 0
15 6 5 1 0
15 6 5 2 0
15 6 5 3 0
15 6 5 4 0
15 6 5 5 0
15 6 5 6 0
15 6 5 7 0
15 6 5 8 0
15 6 5 9 0
15 6 5 10 0
15 6 5 11 0
15 6 5 12 0
15 6 5 13 0
15 6 5 14 0
15 6 5 15 0
15 6 6 0 0
15 6 6 1 -0.0005697885609681554
15 6 6 2 0
15 6 6 3 0
15 6 6 4 0
15 6 6 5 0
15 6 6 6 0
15 6 6 7 0
15 6 6 8 0
15 6 6 9 0
15 6 6 10 0
15 6 6 11 0
15 6 6 12 0
15 6 6 13 0
15 6 6 14 0
15 6 6 15 -2.588553253249458e-06
15 6 7 0 0
15 6 7 1 0
15 6 7 2 0
15 6 7 3 0
15 6 7 4 0
15 6 7 5 0
15 6 7 6 0
15 6 7 7 0
15 6 7 8 0
15 6 7 9 0
15 6 7 10 0
15 6 7 11 0
15 6 7 12 0
15 6 7 13 0
15 6 7 14 0
15 6 7 15 0
15 6 8 0 0
15 6 8 1 0
15 6 8 2 0
15 6 8 3 0
15 6 8 4 0
15 6 8 5 0
15 6 8 6 0
15 6 8 7 0
15 6 8 8 0
15 6 8 9 0
15 6 8 10 0
15 6 8 11 0
15 6 8 12 0
15 6 8 13 0
15 6 8 14 0
15 6 8 15 0
15 6 9 0 0
15 6 9 1 0
15 6 9 2 0
15 6 9 3 0
15 6 9 4 0
15 6 9 5 0
15 6 9 6 0
15 6 9 7 0
15 6 9 8 0
15 6 9 9 0
15 6 9 10 0
15 6 9 11 0
15 6 9 12 0
15 6 9 13 0
15 6 9 14 0
15 6 9 15 0
15 6 10 0 0
15 6 10 1 0
15 6 10 2 0
15 6 10 3 0
15 6 10 4 0
15 6 10 5 0
15 6 10 6 0
15 6 10 7 0
15 6 10 8 0
15 6 10 9 0
15 6 10 10 0
15 6 10 11 0
15 6 10 12 0
15 6 10 13 0
15 6 10 14 0
15 6 10 15 0
15 6 11 0 0
15 6 11 1 0
15 6 11 2 0
15 6 11 3 0
15 6 11 4 0
15 6 11 5 0
15 6 11 6 0
15 6 11 7 0
15 6 11 8 0
15 6 11 9 0
15 6 11 10 0
15 6 11 11 0
15 6 11 12 0
15 6 11 13 0
15 6 11 14 0
15 6 11 15 0
15 6 12 0 0
15 6 12 1 0
15 6 12 2 0
15 6 12 3 0
15 6 12 4 0
15 6 12 5 0
15 6 12 6 0
15 6 12 7 0
15 6 12 8 0
15 6 12 9 0
15 6 12 10 0
15 6 12 11 0
15 6 12 12 0
15 6 12 13 0
15 6 12 14 0
15 6 12 15 0
15 6 13 0 0
15 6 13 1 -3.960091710846738e-05
15 6 13 2 0
15 6 13 3 0
15 6 13 4 0
15 6 13 5 0
15 6 13 6 0
15 6 13 7 0
15 6 13 8 0
15 6 13 9 0
15 6 13 10 0
15 6 13 11 0
15 6 13 12 0
15 6 13 13 0
15 6 13 14 0
15 6 13 15 0
15 6 14 0 0
15 6 14 1 0
15 6 14 2 0
15 6 14 3 0
15 6 14 4 0
15 6 14 5 0
15 6 14 6 0
15 6 14 7 0
15 6 14 8 0
15 6 14 9 0
15 6 14 10 0
15 6 14 11 0
15 6 14 12 0
15 6 14 13 0
15 6 14 14 0
15 6 14 15 0
15 6 15 0 0
15 6 15 1 0
15 6 15 2 0
15 6 15 3 0
15 6 15 4 0
15 6 15 5 0
15 6 15 6 1.754400527554864e-05
15 6 15 7 0
15 6 15 8 0
15 6 15 9 0
15 6 15 10 0
15 6 15 11 0
15 6 15 12 0
15 6 15 13 0
15 6 15 14 0
15 6 15 15 0
15 7 0 0 0
15 7 0 1 0
15 7 0 2 0
15 7 0 3 0
15 7 0 4 0
15 7 0 5 0
15 7 0 6 0
15 7 0 7 0
15 7 0 8 0
15 7 0 9 0
15 7 0 10 0
15 7 0 11 0
15 7 0 12 0
15 7 0 13 0
15 7 0 14 0
15 7 0 15 0
15 7 1 0 0
15 7 1 1 0
15 7 1 2 0
15 7 1 3 0
15 7 1 4 0
15 7 1 5 0
15 7 1 6 0
15 7 1 7 0
15 7 1 8 0
15 7 1 9 0
15 7 1 10 0
15 7 1 11 0
15 7 1 12 0
15 7 1 13 0
15 7 1 14 0
15 7 1 15 0
15 7 2 0 0
15 7 2 1 0
15 7 2 2 0
15 7 2 3 0
15 7 2 4 0
15 7 2 5 0
15 7 2 6 0
15 7 2 7 0
15 7 2 8 0
15 7 2 9 0
15 7 2 10 0
15 7 2 11 0
15 7 2 12 0
15 7 2 13 0
15 7 2 14 0
15 7 2 15 0
15 7 3 0 0
15 7 3 1 0
15 7 3 2 0
15 7 3 3 0
15 7 3 4 0
15 7 3 5 0
15 7 3 6 0
15 7 3 7 0
15 7 3 8 0
15 7 3 9 0
15 7 3 10 0
15 7 3 11 0
15 7 3 12 0
15 7 3 13 0
15 7 3 14 0
15 7 3 15 0
15 7 4 0 0
15 7 4 1 0
15 7 4 2 0
15 7 4 3 0
15 7 4 4 0
15 7 4 5 0
15 7 4 6 0
15 7 4 7 0
15 7 4 8 0
15 7 4 9 0
15 7 4 10 0
15 7 4 11 0
15 7 4 12 0
15 7 4 13 0
15 7 4 14 0
15 7 4 15 0
15 7 5 0 0
15 7 5 1 0
15 7 5 2 0
15 7 5 3 0
15 7 5 4 0
15 7 5 5 0
15 7 5 6 0
15 7 5 7 0
15 7 5 8 0
15 7 5 9 0
15 7 5 10 0
15 7 5 11 0
15 7 5 12 0
15 7 5 13 0
15 7 5 14 0
15 7 5 15 0
15 7 6 0 0
15 7 6 1 0
15 7 6 2 0
15 7 6 3 0
15 7 6 4 0
15 7 6 5 0
15 7 6 6 0
15 7 6 7 0
15 7 6 8 0
15 7 6 9 0
15 7 6 10 0
15 7 6 11 0
15 7 6 12 0
15 7 6 13 0
15 7 6 14 0
15 7 6 15 0
15 7 7 0 0
15 7 7 1 0
15 7 7 2 0
15 7 7 3 0
15 7 7 4 0
15 7 7 5 0
15 7 7 6 0
15 7 7 7 0
15 7 7 8 0
15 7 7 9 0
15 7 7 10 0
15 7 7 11 0
15 7 7 12 0
15 7 7 13 0
15 7 7 14 0
15 7 7 15 0
15 7 8 0 0
15 7 8 1 0
15 7 8 2 0
15 7 8 3 0
15 7 8 4 0
15 7 8 5 0
15 7 8 6 0
15 7 8 7 0
15 7 8 8 0
15 7 8 9 0
15 7 8 10 0
15 7 8 11 0
15 7 8 12 0
15 7 8 13 0
15 7 8 14 0
15 7 8 15 0
15 7 9 0 0
15 7 9 1 0
15 7 9 2 0
15 7 9 3 0
15 7 9 4 0
15 7 9 5 0
15 7 9 6 0
15 7 9 7 0
15 7 9 8 0
15 7 9 9 0
15 7 9 10 0
15 7 9 11 0
15 7 9 12 0
15 7 9 13 0
15 7 9 14 0
15 7 9 15 0
15 7 10 0 0
15 7 10 1 0
15 7 10 2 0
15 7 10 3 0
15 7 10 4 0
15 7 10 5 0
15 7 10 6 0
15 7 10 7 0
15 7 10 8 0
15 7 10 9 0
15 7 10 10 0
15 7 10 11 0
15 7 10 12 0
15 7 10 13 0
15 7 10 14 0
15 7 10 15 0
15 7 11 0 0
15 7 11 1 0
15 7 11 2 0
15 7 11 3 0
15 7 11 4 0
15 7 11 5 0
15 7 11 6 0
15 7 11 7 0
15 7 11 8 0
15 7 11 9 0
15 7 11 10 0
15 7 11 11 0
15 7 11 12 0
15 7 11 13 0
15 7 11 14 0
15 7 11 15 0
15 7 12 0 0
15 7 12 1 0
15 7 12 2 0
15 7 12 3 0
15 7 12 4 0
15 7 12 5 0
15 7 12 6 0
15 7 12 7 0
15 7 12 8 0
15 7 12 9 0
15 7 12 10 0
15 7 12 11 0
15 7 12 12 0
15 7 12 13 0
15 7 12 14 0
15 7 12 15 0
15 7 13 0 0
15 7 13 1 0
15 7 13 2 0
15 7 13 3 0
15 7 13 4 0
15 7 13 5 0
15 7 13 6 0
15 7 13 7 0
15 7 13 8 0
15 7 13 9 0
15 7 13 10 0
15 7 13 11 0
15 7 13 12 0
15 7 13 13 0
15 7 13 14 0
15 7 13 15 0
15 7 14 0 0
15 7 14 1 0
15 7 14 2 0
15 7 14 3 0
15 7 14 4 0
15 7 14 5 0
15 7 14 6 0
15 7 14 7 0
15 7 14 8 0
15 7 14 9 0
15 7 14 10 0
15 7 14 11 0
15 7 14 12 0
15 7 14 13 0
15 7 14 14 0
15 7 14 15 0
15 7 15 0 0
15 7 15 1 0
15 7 15 2 0
15 7 15 3 0
15 7 15 4 0
15 7 15 5 0
15 7 15 6 0
15 7 15 7 0
15 7 15 8 0
15 7 15 9 0
15 7 15 10 0
15 7 15 11 0
15 7 15 12 0
15 7 15 13 0
15 7 15 14 0
15 7 15 15 0
15 8 0 0 0
15 8 0 1 0
15 8 0 2 0
15 8 0 3 0
15 8 0 4 0
15 8 0 5 0
15 8 0 6 0
15 8 0 7 0
15 8 0 8 0
15 8 0 9 0
15 8 0 10 0
15 8 0 11 0
15 8 0 12 0
15 8 0 13 0
15 8 0 14 0
15 8 0 15 0
15 8 1 0 0
15 8 1 1 0
15 8 1 2 0
15 8 1 3 0
15 8 1 4 0
15 8 1 5 0
15 8 1 6 0
15 8 1 7 0
15 8 1 8 0
15 8 1 9 0
15 8 1 10 0
15 8 1 11 0
15 8 1 12 0
15 8 1 13 0
15 8 1 14 0
15 8 1 15 0
15 8 2 0 0
15 8 2 1 0
15 8 2 2 0
15 8 2 3 0
15 8 2 4 0
15 8 2 5 0
15 8 2 6 0
15 8 2 7 0
15 8 2 8 0
15 8 2 9 0
15 8 2 10 0
15 8 2 11 0
15 8 2 12 0
15 8 2 13 0
15 8 2 14 0
15 8 2 15 0
15 8 3 0 0
15 8 3 1 0
15 8 3 2 0
15 8 3 3 0
15 8 3 4 0
15 8 3 5 0
15 8 3 6 0
15 8 3 7 0
15 8 3 8 0
15 8 3 9 0
15 8 3 10 0
15 8 3 11 0
15 8 3 12 0
15 8 3 13 0
15 8 3 14 0
15 8 3 15 0
15 8 4 0 0
15 8 4 1 0
15 8 4 2 0
15 8 4 3 0
15 8 4 4 0
15 8 4 5 0
15 8 4 6 0
15 8 4 7 0
15 8 4 8 0
15 8 4 9 0
15 8 4 10 0
15 8 4 11 0
15 8 4 12 0
15 8 4 13 0
15 8 4 14 0
15 8 4 15 0
15 8 5 0 0
15 8 5 1 0
15 8 5 2 0
15 8 5 3 0
15 8 5 4 0
15 8 5 5 0
15 8 5 6 0
15 8 5 7 0
15 8 5 8 0
15 8 5 9 0
15 8 5 10 0
15 8 5 11 0
15 8 5 12 0
15 8 5 13 0
15 8 5 14 0
15 8 5 15 0
15 8 6 0 0
15 8 6 1 0
15 8 6 2 0
15 8 6 3 0
15 8 6 4 0
15 8 6 5 0
15 8 6 6 0
15 8 6 7 0
15 8 6 8 0
15 8 6 9 0
15 8 6 10 0
15 8 6 11 0
15 8 6 12 0
15 8 6 13 0
15 8 6 14 0
15 8 6 15 0
15 8 7 0 0
15 8 7 1 0
15 8 7 2 0
15 8 7 3 0
15 8 7 4 0
15 8 7 5 0
15 8 7 6 0
15 8 7 7 0
15 8 7 8 0
15 8 7 9 0
15 8 7 10 0
15 8 7 11 0
15 8 7 12 0
15 8 7 13 0
15 8 7 14 0
15 8 7 15 0
15 8 8 0 0
15 8 8 1 0
15 8 8 2 0
15 8 8 3 0
15 8 8 4 0
15 8 8 5 0
15 8 8 6 0
15 8 8 7 0
15 8 8 8 0
15 8 8 9 0
15 8 8 10 0
15 8 8 11 0
15 8 8 12 0
15 8 8 13 0
15 8 8 14 0
15 8 8 15 0
15 8 9 0 0
15 8 9 1 0
15 8 9 2 0
15 8 9 3 0
15 8 9 4 0
15 8 9 5 0
15 8 9 6 0
15 8 9 7 0
15 8 9 8 0
15 8 9 9 0
15 8 9 10 0
15 8 9 11 0
15 8 9 12 0
15 8 9 13 0
15 8 9 14 0
15 8 9 15 0
15 8 10 0 0
15 8 10 1 0
15 8 10 2 0
15 8 10 3 0
15 8 10 4 0
15 8 10 5 0
15 8 10 6 0
15 8 10 7 0
15 8 10 8 0
15 8 10 9 0
15 8 10 10 0
15 8 10 11 0
15 8 10 12 0
15 8 10 13 0
15 8 10 14 0
15 8 10 15 0
15 8 11 0 0
15 8 11 1 0
15 8 11 2 0
15 8 11 3 0
15 8 11 4 0
15 8 11 5 0
15 8 11 6 0
15 8 11 7 0
15 8 11 8 0
15 8 11 9 0
15 8 11 10 0
15 8 11 11 0
15 8 11 12 0
15 8 11 13 0
15 8 11 14 0
15 8 11 15 0
15 8 12 0 0
15 8 12 1 0
15 8 12 2 0
15 8 12 3 0
15 8 12 4 0
15 8 12 5 0
15 8 12 6 0
15 8 12 7 0
15 8 12 8 0
15 8 12 9 0
15 8 12 10 0
15 8 12 11 0
15 8 12 12 0
15 8 12 13 0
15 8 12 14 0
15 8 12 15 0
15 8 13 0 0
15 8 13 1 0
15 8 13 2 0
15 8 13 3 0
15 8 13 4 0
15 8 13 5 0
15 8 13 6 0
15 8 13 7 0
15 8 13 8 0
15 8 13 9 0
15 8 13 10 0
15 8 13 11 0
15 8 13 12 0
15 8 13 13 0
15 8 13 14 0
15 8 13 15 0
15 8 14 0 0
15 8 14 1 0
15 8 14 2 0
15 8 14 3 0
15 8 14 4 0
15 8 14 5 0
15 8 14 6 0
15 8 14 7 0
15 8 14 8 0
15 8 14 9 0
15 8 14 10 0
15 8 14 11 0
15 8 14 12 0
15 8 14 13 0
15 8 14 14 0
15 8 14 15 0
15 8 15 0 0
15 8 15 1 0
15 8 15 2 0
15 8 15 3 0
15 8 15 4 0
15 8 15 5 0
15 8 15 6 0
15 8 15 7 0
15 8 15 8 0
15 8 15 9 0
15 8 15 10 0
15 8 15 11 0
15 8 15 12 0
15 8 15 13 0
15 8 15 14 0
15 8 15 15 0
15 9 0 0 0
15 9 0 1 0
15 9 0 2 0
15 9 0 3 0
15 9 0 4 0
15 9 0 5 0
15 9 0 6 0
15 9 0 7 0
15 9 0 8 0
15 9 0 9 0
15 9 0 10 0
15 9 0 11 0
15 9 0 12 0
15 9 0 13 0
15 9 0 14 0
15 9 0 15 0
15 9 1 0 0
15 9 1 1 0
15 9 1 2 0
15 9 1 3 0
15 9 1 4 0
15 9 1 5 0
15 9 1 6 0
15 9 1 7 0
15 9 1 8 0
15 9 1 9 0
15 9 1 10 0
15 9 1 11 0
15 9 1 12 0
15 9 1 13 0
15 9 1 14 0
15 9 1 15 0
15 9 2 0 0
15 9 2 1 0
15 9 2 2 0
15 9 2 3 0
15 9 2 4 0
15 9 2 5 0
15 9 2 6 0
15 9 2 7 0
15 9 2 8 0
15 9 2 9 0
15 9 2 10 0
15 9 2 11 0
15 9 2 12 0
15 9 2 13 0
15 9 2 14 0
15 9 2 15 0
15 9 3 0 0
15 9 3 1 0
15 9 3 2 0
15 9 3 3 0
15 9 3 4 0
15 9 3 5 0
15 9 3 6 0
15 9 3 7 0
15 9 3 8 0
15 9 3 9 0
15 9 3 10 0
15 9 3 11 0
15 9 3 12 0
15 9 3 13 0
15 9 3 14 0
15 9 3 15 0
15 9 4 0 0
15 9 4 1 0
15 9 4 2 0
15 9 4 3 0
15 9 4 4 0
15 9 4 5 0
15 9 4 6 0
15 9 4 7 0
15 9 4 8 0
15 9 4 9 0
15 9 4 10 0
15 9 4 11 0
15 9 4 12 0
15 9 4 13 0
15 9 4 14 0
15 9 4 15 0
15 9 5 0 0
15 9 5 1 0
15 9 5 2 0
15 9 5 3 0
15 9 5 4 0
15 9 5 5 0
15 9 5 6 0
15 9 5 7 0
15 9 5 8 0
15 9 5 9 0
15 9 5 10 0
15 9 5 11 0
15 9 5 12 0
15 9 5 13 0
15 9 5 14 0
15 9 5 15 0
15 9 6 0 0
15 9 6 1 0
15 9 6 2 0
15 9 6 3 0
15 9 6 4 0
15 9 6 5 0
15 9 6 6 0
15 9 6 7 0
15 9 6 8 0
15 9 6 9 0
15 9 6 10 0
15 9 6 11 0
15 9 6 12 0
15 9 6 13 0
15 9 6 14 0
15 9 6 15 0
15 9 7 0 0
15 9 7 1 0
15 9 7 2 0
15 9 7 3 0
15 9 7 4 0
15 9 7 5 0
15 9 7 6 0
15 9 7 7 0
15 9 7 8 0
15 9 7 9 0
15 9 7 10 0
15 9 7 11 0
15 9 7 12 0
15 9 7 13 0
15 9 7 14 0
15 9 7 15 0
15 9 8 0 0
15 9 8 1 0
15 9 8 2 0
15 9 8 3 0
15 9 8 4 0
15 9 8 5 0
15 9 8 6 0
15 9 8 7 0
15 9 8 8 0
15 9 8 9 0
15 9 8 10 0
15 9 8 11 0
15 9 8 12 0
15 9 8 13 0
15 9 8 14 0
15 9 8 15 0
15 9 9 0 0
15 9 9 1 0
15 9 9 2 0
15 9 9 3 0
15 9 9 4 0
15 9 9 5 0
15 9 9 6 0
15 9 9 7 0
15 9 9 8 0
15 9 9 9 0
15 9 9 10 0
15 9 9 11 0
15 9 9 12 0
15 9 9 13 0
15 9 9 14 0
15 9 9 15 0
15 9 10 0 0
15 9 10 1 0
15 9 10 2 0
15 9 10 3 0
15 9 10 4 0
15 9 10 5 0
15 9 10 6 0
15 9 10 7 0
15 9 10 8 0
15 9 10 9 0
15 9 10 10 0
15 9 10 11 0
15 9 10 12 0
15 9 10 13 0
15 9 10 14 0
15 9 10 15 0
15 9 11 0 0
15 9 11 1 0
15 9 11 2 0
15 9 11 3 0
15 9 11 4 0
15 9 11 5 0
15 9 11 6 0
15 9 11 7 0
15 9 11 8 0
15 9 11 9 0
15 9 11 10 0
15 9 11 11 0
15 9 11 12 0
15 9 11 13 0
15 9 11 14 0
15 9 11 15 0
15 9 12 0 0
15 9 12 1 0
15 9 12 2 0
15 9 12 3 0
15 9 12 4 0
15 9 12 5 0
15 9 12 6 0
15 9 12 7 0
15 9 12 8 0
15 9 12 9 0
15 9 12 10 0
15 9 12 11 0
15 9 12 12 0
15 9 12 13 0
15 9 12 14 0
15 9 12 15 0
15 9 13 0 0
15 9 13 1 0
15 9 13 2 0
15 9 13 3 0
15 9 13 4 0
15 9 13 5 0
15 9 13 6 0
15 9 13 7 0
15 9 13 8 0
15 9 13 9 0
15 9 13 10 0
15 9 13 11 0
15 9 13 12 0
15 9 13 13 0
15 9 13 14 0
15 9 13 15 0
15 9 14 0 0
15 9 14 1 0
15 9 14 2 0
15 9 14 3 0
15 9 14 4 0
15 9 14 5 0
15 9 14 6 0
15 9 14 7 0
15 9 14 8 0
15 9 14 9 0
15 9 14 10 0
15 9 14 11 0
15 9 14 12 0
15 9 14 13 0
15 9 14 14 0
15 9 14 15 0
15 9 15 0 0
15 9 15 1 0
15 9 15 2 0
15 9 15 3 0
15 9 15 4 0
15 9 15 5 0
15 9 15 6 0
15 9 15 7 0
15 9 15 8 0
15 9 15 9 0
15 9 15 10 0
15 9 15 11 0
15 9 15 12 0
15 9 15 13 0
15 9 15 14 0
15 9 15 15 0
15 10 0 0 0
15 10 0 1 0
15 10 0 2 0
15 10 0 3 0
15 10 0 4 0
15 10 0 5 0
15 10 0 6 0
15 10 0 7 0
15 10 0 8 0
15 10 0 9 0
15 10 0 10 0
15 10 0 11 0
15 10 0 12 0
15 10 0 13 0
15 10 0 14 0
15 10 0 15 0
15 10 1 0 0
15 10 1 1 0
15 10 1 2 0
15 10 1 3 0
15 10 1 4 0
15 10 1 5 0
15 10 1 6 0
15 10 1 7 0
15 10 1 8 0
15 10 1 9 0
15 10 1 10 0
15 10 1 11 0
15 10 1 12 0
15 10 1 13 0
15 10 1 14 0
15 10 1 15 0
15 10 2 0 0
15 10 2 1 0
15 10 2 2 0
15 10 2 3 0
15 10 2 4 0
15 10 2 5 0
15 10 2 6 0
15 10 2 7 0
15 10 2 8 0
15 10 2 9 0
15 10 2 10 0
15 10 2 11 0
15 10 2 12 0
15 10 2 13 0
15 10 2 14 0
15 10 2 15 0
15 10 3 0 0
15 10 3 1 0
15 10 3 2 0
15 10 3 3 0
15 10 3 4 0
15 10 3 5 0
15 10 3 6 0
15 10 3 7 0
15 10 3 8 0
15 10 3 9 0
15 10 3 10 0
15 10 3 11 0
15 10 3 12 0
15 10 3 13 0
15 10 3 14 0
15 10 3 15 0
15 10 4 0 0
15 10 4 1 0
15 10 4 2 0
15 10 4 3 0
15 10 4 4 0
15 10 4 5 0
15 10 4 6 0
15 10 4 7 0
15 10 4 8 0
15 10 4 9 0
15 10 4 10 0
15 10 4 11 0
15 10 4 12 0
15 10 4 13 0
15 10 4 14 0
15 10 4 15 0
15 10 5 0 0
15 10 5 1 0
15 10 5 2 0
15 10 5 3 0
15 10 5 4 0
15 10 5 5 0
15 10 5 6 0
15 10 5 7 0
15 10 5 8 0
15 10 5 9 0
15 10 5 10 0
15 10 5 11 0
15 10 5 12 0
15 10 5 13 0
15 10 5 14 0
15 10 5 15 0
15 10 6 0 0
15 10 6 1 0
15 10 6 2 0
15 10 6 3 0
15 10 6 4 0
15 10 6 5 0
15 10 6 6 0
15 10 6 7 0
15 10 6 8 0
15 10 6 9 0
15 10 6 10 0
15 10 6 11 0
15 10 6 12 0
15 10 6 13 0
15 10 6 14 0
15 10 6 15 0
15 10 7 0 0
15 10 7 1 0
15 10 7 2 0
15 10 7 3 0
15 10 7 4 0
15 10 7 5 0
15 10 7 6 0
15 10 7 7 0
15 10 7 8 0
15 10 7 9 0
15 10 7 10 0
15 10 7 11 0
15 10 7 12 0
15 10 7 13 0
15 10 7 14 0
15 10 7 15 0
15 10 8 0 0
15 10 8 1 0
15 10 8 2 0
15 10 8 3 0
15 10 8 4 0
15 10 8 5 0
15 10 8 6 0
15 10 8 7 0
15 10 8 8 0
15 10 8 9 0
15 10 8 10 0
15 10 8 11 0
15 10 8 12 0
15 10 8 13 0
15 10 8 14 0
15 10 8 15 0
15 10 9 0 0
15 10 9 1 0
15 10 9 2 0
15 10 9 3 0
15 10 9 4 0
15 10 9 5 0
15 10 9 6 0
15 10 9 7 0
15 10 9 8 0
15 10 9 9 0
15 10 9 10 0
15 10 9 11 0
15 10 9 12 0
15 10 9 13 0
15 10 9 14 0
15 10 9 15 0
15 10 10 0 0
15 10 10 1 0
15 10 10 2 0
15 10 10 3 0
15 10 10 4 0
15 10 10 5 0
15 10 10 6 0
15 10 10 7 0
15 10 10 8 0
15 10 10 9 0
15 10 10 10 0
15 10 10 11 0
15 10 10 12 0
15 10 10 13 0
15 10 10 14 0
15 10 10 15 0
15 10 11 0 0
15 10 11 1 0
15 10 11 2 0
15 10 11 3 0
15 10 11 4 0
15 10 11 5 0
15 10 11 6 0
15 10 11 7 0
15 10 11 8 0
15 10 11 9 0
15 10 11 10 0
15 10 11 11 0
15 10 11 12 0
15 10 11 13 0
15 10 11 14 0
15 10 11 15 0
15 10 12 0 0
15 10 12 1 0
15 10 12 2 0
15 10 12 3 0
15 10 12 4 0
15 10 12 5 0
15 10 12 6 0
15 10 12 7 0
15 10 12 8 0
15 10 12 9 0
15 10 12 10 0
15 10 12 11 0
15 10 12 12 0
15 10 12 13 0
15 10 12 14 0
15 10 12 15 0
15 10 13 0 0
15 10 13 1 0
15 10 13 2 0
15 10 13 3 0
15 10 13 4 0
15 10 13 5 0
15 10 13 6 0
15 10 13 7 0
15 10 13 8 0
15 10 13 9 0
15 10 13 10 0
15 10 13 11 0
15 10 13 12 0
15 10 13 13 0
15 10 13 14 0
15 10 13 15 0
15 10 14 0 0
15 10 14 1 0
15 10 14 2 0
15 10 14 3 0
15 10 14 4 0
15 10 14 5 0
15 10 14 6 0
15 10 14 7 0
15 10 14 8 0
15 10 14 9 0
15 10 14 10 0
15 10 14 11 0
15 10 14 12 0
15 10 14 13 0
15 10 14 14 0
15 10 14 15 0
15 10 15 0 0
15 10 15 1 0
15 10 15 2 0
15 10 15 3 0
15 10 15 4 0
15 10 15 5 0
15 10 15 6 0
15 10 15 7 0
15 10 15 8 0
15 10 15 9 0
15 10 15 10 0
15 10 15 11 0
15 10 15 12 0
15 10 15 13 0
15 10 15 14 0
15 10 15 15 0
15 11 0 0 0
15 11 0 1 0
15 11 0 2 0
15 11 0 3 0
15 11 0 4 0
15 11 0 5 0
15 11 0 6 0
15 11 0 7 0
15 11 0 8 0
15 11 0 9 0
15 11 0 10 0
15 11 0 11 0
15 11 0 12 0
15 11 0 13 0
15 11 0 14 0
15 11 0 15 0
15 11 1 0 0
15 11 1 1 0
15 11 1 2 0
15 11 1 3 0
15 11 1 4 0
15 11 1 5 0
15 11 1 6 0
15 11 1 7 0
15 11 1 8 0
15 11 1 9 0
15 11 1 10 0
15 11 1 11 0
15 11 1 12 0
15 11 1 13 0
15 11 1 14 0
15 11 1 15 0
15 11 2 0 0
15 11 2 1 0
15 11 2 2 0
15 11 2 3 0
15 11 2 4 0
15 11 2 5 0
15 11 2 6 0
15 11 2 7 0
15 11 2 8 0
15 11 2 9 0
15 11 2 10 0
15 11 2 11 0
15 11 2 12 0
15 11 2 13 0
15 11 2 14 0
15 11 2 15 0
15 11 3 0 0
15 11 3 1 0
15 11 3 2 0
15 11 3 3 0
15 11 3 4 0
15 11 3 5 0
15 11 3 6 0
15 11 3 7 0
15 11 3 8 0
15 11 3 9 0
15 11 3 10 0
15 11 3 11 0
15 11 3 12 0
15 11 3 13 0
15 11 3 14 0
15 11 3 15 0
15 11 4 0 0
15 11 4 1 0
15 11 4 2 0
15 11 4 3 0
15 11 4 4 0
15 11 4 5 0
15 11 4 6 0
15 11 4 7 0
15 11 4 8 0
15 11 4 9 0
15 11 4 10 0
15 11 4 11 0
15 11 4 12 0
15 11 4 13 0
15 11 4 14 0
15 11 4 15 0
15 11 5 0 0
15 11 5 1 0
15 11 5 2 0
15 11 5 3 0
15 11 5 4 0
15 11 5 5 0
15 11 5 6 0
15 11 5 7 0
15 11 5 8 0
15 11 5 9 0
15 11 5 10 0
15 11 5 11 0
15 11 5 12 0
15 11 5 13 0
15 11 5 14 0
15 11 5 15 0
15 11 6 0 0
15 11 6 1 0
15 11 6 2 0
15 11 6 3 0
15 11 6 4 0
15 11 6 5 0
15 11 6 6 0
15 11 6 7 0
15 11 6 8 0
15 11 6 9 0
15 11 6 10 0
15 11 6 11 0
15 11 6 12 0
15 11 6 13 0
15 11 6 14 0
15 11 6 15 0
15 11 7 0 0
15 11 7 1 0
15 11 7 2 0
15 11 7 3 0
15 11 7 4 0
15 11 7 5 0
15 11 7 6 0
15 11 7 7 0
15 11 7 8 0
15 11 7 9 0
15 11 7 10 0
15 11 7 11 0
15 11 7 12 0
15 11 7 13 0
15 11 7 14 0
15 11 7 15 0
15 11 8 0 0
15 11 8 1 0
15 11 8 2 0
15 11 8 3 0
15 11 8 4 0
15 11 8 5 0
15 11 8 6 0
15 11 8 7 0
15 11 8 8 0
15 11 8 9 0
15 11 8 10 0
15 11 8 11 0
15 11 8 12 0
15 11 8 13 0
15 11 8 14 0
15 11 8 15 0
15 11 9 0 0
15 11 9 1 0
15 11 9 2 0
15 11 9 3 0
15 11 9 4 0
15 11 9 5 0
15 11 9 6 0
15 11 9 7 0
15 11 9 8 0
15 11 9 9 0
15 11 9 10 0
15 11 9 11 0
15 11 9 12 0
15 11 9 13 0
15 11 9 14 0
15 11 9 15 0
15 11 10 0 0
15 11 10 1 0
15 11 10 2 0
15 11 10 3 0
15 11 10 4 0
15 11 10 5 0
15 11 10 6 0
15 11 10 7 0
15 11 10 8 0
15 11 10 9 0
15 11 10 10 0
15 11 10 11 0
15 11 10 12 0
15 11 10 13 0
15 11 10 14 0
15 11 10 15 0
15 11 11 0 0
15 11 11 1 0
15 11 11 2 0
15 11 11 3 0
15 11 11 4 0
15 11 11 5 0
15 11 11 6 0
15 11 11 7 0
15 11 11 8 0
15 11 11 9 0
15 11 11 10 0
15 11 11 11 0
15 11 11 12 0
15 11 11 13 0
15 11 11 14 0
15 11 11 15 0
15 11 12 0 0
15 11 12 1 0
15 11 12 2 0
15 11 12 3 0
15 11 12 4 0
15 11 12 5 0
15 11 12 6 0
15 11 12 7 0
15 11 12 8 0
15 11 12 9 0
15 11 12 10 0
15 11 12 11 0
15 11 12 12 0
15 11 12 13 0
15 11 12 14 0
15 11 12 15 0
15 11 13 0 0
15 11 13 1 0
15 11 13 2 0
15 11 13 3 0
15 11 13 4 0
15 11 13 5 0
15 11 13 6 0
15 11 13 7 0
15 11 13 8 0
15 11 13 9 0
15 11 13 10 0
15 11 13 11 0
15 11 13 12 0
15 11 13 13 0
15 11 13 14 0
15 11 13 15 0
15 11 14 0 0
15 11 14 1 0
15 11 14 2 0
15 11 14 3 0
15 11 14 4 0
15 11 14 5 0
15 11 14 6 0
15 11 14 7 0
15 11 14 8 0
15 11 14 9 0
15 11 14 10 0
15 11 14 11 0
15 11 14 12 0
15 11 14 13 0
15 11 14 14 0
15 11 14 15 0
15 11 15 0 0
15 11 15 1 0
15 11 15 2 0
15 11 15 3 0
15 11 15 4 0
15 11 15 5 0
15 11 15 6 0
15 11 15 7 0
15 11 15 8 0
15 11 15 9 0
15 11 15 10 0
15 11 15 11 0
15 11 15 12 0
15 11 15 13 0
15 11 15 14 0
15 11 15 15 0
15 12 0 0 0
15 12 0 1 0
15 12 0 2 0
15 12 0 3 0
15 12 0 4 0
15 12 0 5 0
15 12 0 6 0
15 12 0 7 0
15 12 0 8 0
15 12 0 9 0
15 12 0 10 0
15 12 0 11 0
15 12 0 12 0
15 12 0 13 0
15 12 0 14 0
15 12 0 15 0
15 12 1 0 0
15 12 1 1 0
15 12 1 2 0
15 12 1 3 0
15 12 1 4 0
15 12 1 5 0
15 12 1 6 0
15 12 1 7 0
15 12 1 8 0
15 12 1 9 0
15 12 1 10 0
15 12 1 11 0
15 12 1 12 0
15 12 1 13 0
15 12 1 14 0
15 12 1 15 0
15 12 2 0 0
15 12 2 1 0
15 12 2 2 0
15 12 2 3 0
15 12 2 4 0
15 12 2 5 0
15 12 2 6 0
15 12 2 7 0
15 12 2 8 0
15 12 2 9 0
15 12 2 10 0
15 12 2 11 0
15 12 2 12 0
15 12 2 13 0
15 12 2 14 0
15 12 2 15 0
15 12 3 0 0
15 12 3 1 0
15 12 3 2 0
15 12 3 3 0
15 12 3 4 0
15 12 3 5 0
15 12 3 6 0
15 12 3 7 0
15 12 3 8 0
15 12 3 9 0
15 12 3 10 0
15 12 3 11 0
15 12 3 12 0
15 12 3 13 0
15 12 3 14 0
15 12 3 15 0
15 12 4 0 0
15 12 4 1 0
15 12 4 2 0
15 12 4 3 0
15 12 4 4 0
15 12 4 5 0
15 12 4 6 0
15 12 4 7 0
15 12 4 8 0
15 12 4 9 0
15 12 4 10 0
15 12 4 11 0
15 12 4 12 0
15 12 4 13 0
15 12 4 14 0
15 12 4 15 0
15 12 5 0 0
15 12 5 1 0
15 12 5 2 0
15 12 5 3 0
15 12 5 4 0
15 12 5 5 0
15 12 5 6 0
15 12 5 7 0
15 12 5 8 0
15 12 5 9 0
15 12 5 10 0
15 12 5 11 0
15 12 5 12 0
15 12 5 13 0
15 12 5 14 0
15 12 5 15 0
15 12 6 0 0
15 12 6 1 0
15 12 6 2 0
15 12 6 3 0
15 12 6 4 0
15 12 6 5 0
15 12 6 6 0
15 12 6 7 0
15 12 6 8 0
15 12 6 9 0
15 12 6 10 0
15 12 6 11 0
15 12 6 12 0
15 12 6 13 0
15 12 6 14 0
15 12 6 15 0
15 12 7 0 0
15 12 7 1 0
15 12 7 2 0
15 12 7 3 0
15 12 7 4 0
15 12 7 5 0
15 12 7 6 0
15 12 7 7 0
15 12 7 8 0
15 12 7 9 0
15 12 7 10 0
15 12 7 11 0
15 12 7 12 0
15 12 7 13 0
15 12 7 14 0
15 12 7 15 0
15 12 8 0 0
15 12 8 1 0
15 12 8 2 0
15 12 8 3 0
15 12 8 4 0
15 12 8 5 0
15 12 8 6 0
15 12 8 7 0
15 12 8 8 0
15 12 8 9 0
15 12 8 10 0
15 12 8 11 0
15 12 8 12 0
15 12 8 13 0
15 12 8 14 0
15 12 8 15 0
15 12 9 0 0
15 12 9 1 0
15 12 9 2 0
15 12 9 3 0
15 12 9 4 0
15 12 9 5 0
15 12 9 6 0
15 12 9 7 0
15 12 9 8 0
15 12 9 9 0
15 12 9 10 0
15 12 9 11 0
15 12 9 12 0
15 12 9 13 0
15 12 9 14 0
15 12 9 15 0
15 12 10 0 0
15 12 10 1 0
15 12 10 2 0
15 12 10 3 0
15 12 10 4 0
15 12 10 5 0
15 12 10 6 0
15 12 10 7 0
15 12 10 8 0
15 12 10 9 0
15 12 10 10 0
15 12 10 11 0
15 12 10 12 0
15 12 10 13 0
15 12 10 14 0
15 12 10 15 0
15 12 11 0 0
15 12 11 1 0
15 12 11 2 0
15 12 11 3 0
15 12 11 4 0
15 12 11 5 0
15 12 11 6 0
15 12 11 7 0
15 12 11 8 0
15 12 11 9 0
15 12 11 10 0
15 12 11 11 0
15 12 11 12 0
15 12 11 13 0
15 12 11 14 0
15 12 11 15 0
15 12 12 0 0
15 12 12 1 0
15 12 12 2 0
15 12 12 3 0
15 12 12 4 0
15 12 12 5 0
15 12 12 6 0
15 12 12 7 0
15 12 12 8 0
15 12 12 9 0
15 12 12 10 0
15 12 12 11 0
15 12 12 12 0
15 12 12 13 0
15 12 12 14 0
15 12 12 15 0
15 12 13 0 0
15 12 13 1 0
15 12 13 2 0
15 12 13 3 0
15 12 13 4 0
15 12 13 5 0
15 12 13 6 0
15 12 13 7 0
15 12 13 8 0
15 12 13 9 0
15 12 13 10 0
15 12 13 11 0
15 12 13 12 0
15 12 13 13 0
15 12 13 14 0
15 12 13 15 0
15 12 14 0 0
15 12 14 1 0
15 12 14 2 0
15 12 14 3 0
15 12 14 4 0
15 12 14 5 0
15 12 14 6 0
15 12 14 7 0
15 12 14 8 0
15 12 14 9 0
15 12 14 10 0
15 12 14 11 0
15 12 14 12 0
15 12 14 13 0
15 12 14 14 0
15 12 14 15 0
15 12 15 0 0
15 12 15 1 0
15 12 15 2 0
15 12 15 3 0
15 12 15 4 0
15 12 15 5 0
15 12 15 6 0
15 12 15 7 0
15 12 15 8 0
15 12 15 9 0
15 12 15 10 0
15 12 15 11 0
15 12 15 12 0
15 12 15 13 0
15 12 15 14 0
15 12 15 15 0
15 13 0 0 0
15 13 0 1 0
15 13 0 2 0
15 13 0 3 0
15 13 0 4 0
15 13 0 5 0
15 13 0 6 0
15 13 0 7 0
15 13 0 8 0
15 13 0 9 0
15 13 0 10 0
15 13 0 11 0
15 13 0 12 0
15 13 0 13 0
15 13 0 14 0
15 13 0 15 0
15 13 1 0 0
15 13 1 1 0
15 13 1 2 0
15 13 1 3 0
15 13 1 4 0
15 13 1 5 0
15 13 1 6 0
15 13 1 7 0
15 13 1 8 0
15 13 1 9 0
15 13 1 10 0
15 13 1 11 0
15 13 1 12 0
15 13 1 13 0
15 13 1 14 0
15 13 1 15 0
15 13 2 0 0
15 13 2 1 0
15 13 2 2 0
15 13 2 3 0
15 13 2 4 0
15 13 2 5 0
15 13 2 6 0
15 13 2 7 0
15 13 2 8 0
15 13 2 9 0
15 13 2 10 0
15 13 2 11 0
15 13 2 12 0
15 13 2 13 0
15 13 2 14 0
15 13 2 15 0
15 13 3 0 0
15 13 3 1 0
15 13 3 2 0
15 13 3 3 0
15 13 3 4 0
15 13 3 5 0
15 13 3 6 0
15 13 3 7 0
15 13 3 8 0
15 13 3 9 0
15 13 3 10 0
15 13 3 11 0
15 13 3 12 0
15 13 3 13 0
15 13 3 14 0
15 13 3 15 0
15 13 4 0 0
15 13 4 1 0
15 13 4 2 0
15 13 4 3 0
15 13 4 4 0
15 13 4 5 0
15 13 4 6 0
15 13 4 7 0
15 13 4 8 0
15 13 4 9 0
15 13 4 10 0
15 13 4 11 0
15 13 4 12 0
15 13 4 13 0
15 13 4 14 0
15 13 4 15 0
15 13 5 0 0
15 13 5 1 0
15 13 5 2 0
15 13 5 3 0
15 13 5 4 0
15 13 5 5 0
15 13 5 6 0
15 13 5 7 0
15 13 5 8 0
15 13 5 9 0
15 13 5 10 0
15 13 5 11 0
15 13 5 12 0
15 13 5 13 0
15 13 5 14 0
15 13 5 15 0
15 13 6 0 0
15 13 6 1 0
15 13 6 2 0
15 13 6 3 0
15 13 6 4 0
15 13 6 5 0
15 13 6 6 0
15 13 6 7 0
15 13 6 8 0
15 13 6 9 0
15 13 6 10 0
15 13 6 11 0
15 13 6 12 0
15 13 6 13 0
15 13 6 14 0
15 13 6 15 0
15 13 7 0 0
15 13 7 1 0
15 13 7 2 0
15 13 7 3 0
15 13 7 4 0
15 13 7 5 0
15 13 7 6 0
15 13 7 7 0
15 13 7 8 0
15 13 7 9 0
15 13 7 10 0
15 13 7 11 0
15 13 7 12 0
15 13 7 13 0
15 13 7 14 0
15 13 7 15 0
15 13 8 0 0
15 13 8 1 0
15 13 8 2 0
15 13 8 3 0
15 13 8 4 0
15 13 8 5 0
15 13 8 6 0
15 13 8 7 0
15 13 8 8 0
15 13 8 9 0
15 13 8 10 0
15 13 8 11 0
15 13 8 12 0
15 13 8 13 0
15 13 8 14 0
15 13 8 15 0
15 13 9 0 0
15 13 9 1 0
15 13 9 2 0
15 13 9 3 0
15 13 9 4 0
15 13 9 5 0
15 13 9 6 0
15 13 9 7 0
15 13 9 8 0
15 13 9 9 0
15 13 9 10 0
15 13 9 11 0
15 13 9 12 0
15 13 9 13 0
15 13 9 14 0
15 13 9 15 0
15 13 10 0 0
15 13 10 1 0
15 13 10 2 0
15 13 10 3 0
15 13 10 4 0
15 13 10 5 0
15 13 10 6 0
15 13 10 7 0
15 13 10 8 0
15 13 10 9 0
15 13 10 10 0
15 13 10 11 0
15 13 10 12 0
15 13 10 13 0
15 13 10 14 0
15 13 10 15 0
15 13 11 0 0
15 13 11 1 0
15 13 11 2 0
15 13 11 3 0
15 13 11 4 0
15 13 11 5 0
15 13 11 6 0
15 13 11 7 0
15 13 11 8 0
15 13 11 9 0
15 13 11 10 0
15 13 11 11 0
15 13 11 12 0
15 13 11 13 0
15 13 11 14 0
15 13 11 15 0
15 13 12 0 0
15 13 12 1 0
15 13 12 2 0
15 13 12 3 0
15 13 12 4 0
15 13 12 5 0
15 13 12 6 0
15 13 12 7 0
15 13 12 8 0
15 13 12 9 0
15 13 12 10 0
15 13 12 11 0
15 13 12 12 0
15 13 12 13 0
15 13 12 14 0
15 13 12 15 0
15 13 13 0 0
15 13 13 1 0
15 13 13 2 0
15 13 13 3 0
15 13 13 4 0
15 13 13 5 0
15 13 13 6 0
15 13 13 7 0
15 13 13 8 0
15 13 13 9 0
15 13 13 10 0
15 13 13 11 0
15 13 13 12 0
15 13 13 13 0
15 13 13 14 0
15 13 13 15 0
15 13 14 0 0
15 13 14 1 0
15 13 14 2 0
15 13 14 3 0
15 13 14 4 0
15 13 14 5 0
15 13 14 6 0
15 13 14 7 0
15 13 14 8 0
15 13 14 9 0
15 13 14 10 0
15 13 14 11 0
15 13 14 12 0
15 13 14 13 0
15 13 14 14 0
15 13 14 15 0
15 13 15 0 0
15 13 15 1 0
15 13 15 2 0
15 13 15 3 0
15 13 15 4 0
15 13 15 5 0
15 13 15 6 0
15 13 15 7 0
15 13 15 8 0
15 13 15 9 0
15 13 15 10 0
15 13 15 11 0
15 13 15 12 0
15 13 15 13 0
15 13 15 14 0
15 13 15 15 0
15 14 0 0 0
15 14 0 1 0
15 14 0 2 0
15 14 0 3 0
15 14 0 4 0
15 14 0 5 0
15 14 0 6 0
15 14 0 7 0
15 14 0 8 0
15 14 0 9 0
15 14 0 10 0
15 14 0 11 0
15 14 0 12 0
15 14 0 13 0
15 14 0 14 0
15 14 0 15 0
15 14 1 0 0
15 14 1 1 0
15 14 1 2 0
15 14 1 3 0
15 14 1 4 0
15 14 1 5 0
15 14 1 6 0
15 14 1 7 0
15 14 1 8 0
15 14 1 9 0
15 14 1 10 0
15 14 1 11 0
15 14 1 12 0
15 14 1 13 0
15 14 1 14 0
15 14 1 15 0
15 14 2 0 0
15 14 2 1 0
15 14 2 2 0
15 14 2 3 0
15 14 2 4 0
15 14 2 5 0
15 14 2 6 0
15 14 2 7 0
15 14 2 8 0
15 14 2 9 0
15 14 2 10 0
15 14 2 11 0
15 14 2 12 0
15 14 2 13 0
15 14 2 14 0
15 14 2 15 0
15 14 3 0 0
15 14 3 1 0
15 14 3 2 0
15 14 3 3 0
15 14 3 4 0
15 14 3 5 0
15 14 3 6 0
15 14 3 7 0
15 14 3 8 0
15 14 3 9 0
15 14 3 10 0
15 14 3 11 0
15 14 3 12 0
15 14 3 13 0
15 14 3 14 0
15 14 3 15 0
15 14 4 0 0
15 14 4 1 0
15 14 4 2 0
15 14 4 3 0
15 14 4 4 0
15 14 4 5 0
15 14 4 6 0
15 14 4 7 0
15 14 4 8 0
15 14 4 9 0
15 14 4 10 0
15 14 4 11 0
15 14 4 12 0
15 14 4 13 0
15 14 4 14 0
15 14 4 15 0
15 14 5 0 0
15 14 5 1 0
15 14 5 2 0
15 14 5 3 0
15 14 5 4 0
15 14 5 5 0
15 14 5 6 0
15 14 5 7 0
15 14 5 8 0
15 14 5 9 0
15 14 5 10 0
15 14 5 11 0
15 14 5 12 0
15 14 5 13 0
15 14 5 14 0
15 14 5 15 0
15 14 6 0 0
15 14 6 1 0
15 14 6 2 0
15 14 6 3 0
15 14 6 4 0
15 14 6 5 0
15 14 6 6 0
15 14 6 7 0
15 14 6 8 0
15 14 6 9 0
15 14 6 10 0
15 14 6 11 0
15 14 6 12 0
15 14 6 13 0
15 14 6 14 0
15 14 6 15 0
15 14 7 0 0
15 14 7 1 0
15 14 7 2 0
15 14 7 3 0
15 14 7 4 0
15 14 7 5 0
15 14 7 6 0
15 14 7 7 0
15 14 7 8 0
15 14 7 9 0
15 14 7 10 0
15 14 7 11 0
15 14 7 12 0
15 14 7 13 0
15 14 7 14 0
15 14 7 15 0
15 14 8 0 0
15 14 8 1 0
15 14 8 2 0
15 14 8 3 0
15 14 8 4 0
15 14 8 5 0
15 14 8 6 0
15 14 8 7 0
15 14 8 8 0
15 14 8 9 0
15 14 8 10 0
15 14 8 11 0
15 14 8 12 0
15 14 8 13 0
15 14 8 14 0
15 14 8 15 0
15 14 9 0 0
15 14 9 1 0
15 14 9 2 0
15 14 9 3 0
15 14 9 4 0
15 14 9 5 0
15 14 9 6 0
15 14 9 7 0
15 14 9 8 0
15 14 9 9 0
15 14 9 10 0
15 14 9 11 0
15 14 9 12 0
15 14 9 13 0
15 14 9 14 0
15 14 9 15 0
15 14 10 0 0
15 14 10 1 0
15 14 10 2 0
15 14 10 3 0
15 14 10 4 0
15 14 10 5 0
15 14 10 6 0
15 14 10 7 0
15 14 10 8 0
15 14 10 9 0
15 14 10 10 0
15 14 10 11 0
15 14 10 12 0
15 14 10 13 0
15 14 10 14 0
15 14 10 15 0
15 14 11 0 0
15 14 11 1 0
15 14 11 2 0
15 14 11 3 0
15 14 11 4 0
15 14 11 5 0
15 14 11 6 0
15 14 11 7 0
15 14 11 8 0
15 14 11 9 0
15 14 11 10 0
15 14 11 11 0
15 14 11 12 0
15 14 11 13 0
15 14 11 14 0
15 14 11 15 0
15 14 12 0 0
15 14 12 1 0
15 14 12 2 0
15 14 12 3 0
15 14 12 4 0
15 14 12 5 0
15 14 12 6 0
15 14 12 7 0
15 14 12 8 0
15 14 12 9 0
15 14 12 10 0
15 14 12 11 0
15 14 12 12 0
15 14 12 13 0
15 14 12 14 0
15 14 12 15 0
15 14 13 0 0
15 14 13 1 0
15 14 13 2 0
15 14 13 3 0
15 14 13 4 0
15 14 13 5 0
15 14 13 6 0
15 14 13 7 0
15 14 13 8 0
15 14 13 9 0
15 14 13 10 0
15 14 13 11 0
15 14 13 12 0
15 14 13 13 0
15 14 13 14 0
15 14 13 15 0
15 14 14 0 0
15 14 14 1 0
15 14 14 2 0
15 14 14 3 0
15 14 14 4 0
15 14 14 5 0
15 14 14 6 0
15 14 14 7 0
15 14 14 8 0
15 14 14 9 0
15 14 14 10 0
15 14 14 11 0
15 14 14 12 0
15 14 14 13 0
15 14 14 14 0
15 14 14 15 0
15 14 15 0 0
15 14 15 1 0
15 14 15 2 0
15 14 15 3 0
15 14 15 4 0
15 14 15 5 0
15 14 15 6 0
15 14 15 7 0
15 14 15 8 0
15 14 15 9 0
15 14 15 10 0
15 14 15 11 0
15 14 15 12 0
15 14 15 13 0
15 14 15 14 0
15 14 15 15 0
15 15 0 0 0
15 15 0 1 0
15 15 0 2 0
15 15 0 3 0
15 15 0 4 0
15 15 0 5 0
15 15 0 6 0
15 15 0 7 0
15 15 0 8 0
15 15 0 9 0
15 15 0 10 0
15 15 0 11 0
15 15 0 12 0
15 15 0 13 0
15 15 0 14 0
15 15 0 15 0
15 15 1 0 0
15 15 1 1 0
15 15 1 2 0
15 15 1 3 0
15 15 1 4 0
15 15 1 5 0
15 15 1 6 0
15 15 1 7 0
15 15 1 8 0
15 15 1 9 0
15 15 1 10 0
15 15 1 11 0
15 15 1 12 0
15 15 1 13 0
15 15 1 14 0
15 15 1 15 0
15 15 2 0 0
15 15 2 1 0
15 15 2 2 0
15 15 2 3 0
15 15 2 4 0
15 15 2 5 0
15 15 2 6 0
15 15 2 7 0
15 15 2 8 0
15 15 2 9 0
15 15 2 10 0
15 15 2 11 0
15 15 2 12 0
15 15 2 13 0
15 15 2 14 0
15 15 2 15 0
15 15 3 0 0
15 15 3 1 0
15 15 3 2 0
15 15 3 3 0
15 15 3 4 0
15 15 3 5 0
15 15 3 6 0
15 15 3 7 0
15 15 3 8 0
15 15 3 9 0
15 15 3 10 0
15 15 3 11 0
15 15 3 12 0
15 15 3 13 0
15 15 3 14 0
15 15 3 15 0
15 15 4 0 0
15 15 4 1 0
15 15 4 2 0
15 15 4 3 0
15 15 4 4 0
15 15 4 5 0
15 15 4 6 0
15 15 4 7 0
15 15 4 8 0
15 15 4 9 0
15 15 4 10 0
15 15 4 11 0
15 15 4 12 0
15 15 4 13 0
15 15 4 14 0
15 15 4 15 0
15 15 5 0 0
15 15 5 1 0
15 15 5 2 0
15 15 5 3 0
15 15 5 4 0
15 15 5 5 0
15 15 5 6 0
15 15 5 7 0
15 15 5 8 0
15 15 5 9 0
15 15 5 10 0
15 15 5 11 0
15 15 5 12 0
15 15 5 13 0
15 15 5 14 0
15 15 5 15 0
15 15 6 0 0
15 15 6 1 0
15 15 6 2 0
15 15 6 3 0
15 15 6 4 0
15 15 6 5 0
15 15 6 6 0
15 15 6 7 0
15 15 6 8 0
15 15 6 9 0
15 15 6 10 0
15 15 6 11 0
15 15 6 12 0
15 15 6 13 0
15 15 6 14 0
15 15 6 15 0
15 15 7 0 0
15 15 7 1 0
15 15 7 2 0
15 15 7 3 0
15 15 7 4 0
15 15 7 5 0
15 15 7 6 0
15 15 7 7 0
15 15 7 8 0
15 15 7 9 0
15 15 7 10 0
15 15 7 11 0
15 15 7 12 0
15 15 7 13 0
15 15 7 14 0
15 15 7 15 0
15 15 8 0 0
15 15 8 1 0
15 15 8 2 0
15 15 8 3 0
15 15 8 4 0
15 15 8 5 0
15 15 8 6 0
15 15 8 7 0
15 15 8 8 0
15 15 8 9 0
15 15 8 10 0
15 15 8 11 0
15 15 8 12 0
15 15 8 13 0
15 15 8 14 0
15 15 8 15 0
15 15 9 0 0
15 15 9 1 0
15 15 9 2 0
15 15 9 3 0
15 15 9 4 0
15 15 9 5 0
15 15 9 6 0
15 15 9 7 0
15 15 9 8 0
15 15 9 9 0
15 15 9 10 0
15 15 9 11 0
15 15 9 12 0
15 15 9 13 0
15 15 9 14 0
15 15 9 15 0
15 15 10 0 0
15 15 10 1 0
15 15 10 2 0
15 15 10 3 0
15 15 10 4 0
15 15 10 5 0
15 15 10 6 0
15 15 10 7 0
15 15 10 8 0
15 15 10 9 0
15 15 10 10 0
15 15 10 11 0
15 15 10 12 0
15 15 10 13 0
15 15 10 14 0
15 15 10 15 0
15 15 11 0 0
15 15 11 1 0
15 15 11 2 0
15 15 11 3 0
15 15 11 4 0
15 15 11 5 0
15 15 11 6 0
15 15 11 7 0
15 15 11 8 0
15 15 11 9 0
15 15 11 10 0
15 15 11 11 0
15 15 11 12 0
15 15 11 13 0
15 15 11 14 0
15 15 11 15 0
15 15 12 0 0
15 15 12 1 0
15 15 12 2 0
15 15 12 3 0
15 15 12 4 0
15 15 12 5 0
15 15 12 6 0
15 15 12 7 0
15 15 12 8 0
15 15 12 9 0
15 15 12 10 0
15 15 12 11 0
15 15 12 12 0
15 15 12 13 0
15 15 12 14 0
15 15 12 15 0
15 15 13 0 0
15 15 13 1 0
15 15 13 2 0
15 15 13 3 0
15 15 13 4 0
15 15 13 5 0
15 15 13 6 0
15 15 13 7 0
15 15 13 8 0
15 15 13 9 0
15 15 13 10 0
15 15 13 11 0
15 15 13 12 0
15 15 13 13 0
15 15 13 14 0
15 15 13 15 0
15 15 14 0 0
15 15 14 1 0
15 15 14 2 0
15 15 14 3 0
15 15 14 4 0
15 15 14 5 0
15 15 14 6 0
15 15 14 7 0
15 15 14 8 0
15 15 14 9 0
15 15 14 10 0
15 15 14 11 0
15 15 14 12 0
15 15 14 13 0
15 15 14 14 0
15 15 14 15 0
15 15 15 0 0
15 15 15 1 0
15 15 15 2 0
15 15 15 3 0
15 15 15 4 0
15 15 15 5 0
15 15 15 6 0
15 15 15 7 0
15 15 15 8 0
15 15 15 9 0
15 15 15 10 0
15 15 15 11 0
15 15 15 12 0
15 15 15 13 0
15 15 15 14 0
15 15 15 15 0
