0 0 0 0 1.998598005713065
0 0 0 1 0
0 0 0 2 -0.0003873954183067261
0 0 0 3 0
0 0 0 4 0
0 0 0 5 0
0 0 0 6 0
0 0 0 7 0
0 0 0 8 0
0 0 0 9 0
0 0 0 10 0
0 0 0 11 -0.01336439813953341
0 0 0 12 0
0 0 0 13 0
0 0 0 14 0
0 0 0 15 0
0 0 1 0 0
0 0 1 1 0
0 0 1 2 0
0 0 1 3 0
0 0 1 4 0
0 0 1 5 0
0 0 1 6 0
0 0 1 7 0
0 0 1 8 0
0 0 1 9 0
0 0 1 10 0
0 0 1 11 0
0 0 1 12 0
0 0 1 13 0
0 0 1 14 0
0 0 1 15 0
0 0 2 0 -0.0003873954183067261
0 0 2 1 0
0 0 2 2 0
0 0 2 3 0
0 0 2 4 0
0 0 2 5 0
0 0 2 6 0
0 0 2 7 0
0 0 2 8 0
0 0 2 9 0
0 0 2 10 0
0 0 2 11 0
0 0 2 12 0
0 0 2 13 0
0 0 2 14 0
0 0 2 15 0
0 0 3 0 0
0 0 3 1 0
0 0 3 2 0
0 0 3 3 0
0 0 3 4 0
0 0 3 5 0
0 0 3 6 0
0 0 3 7 0
0 0 3 8 0
0 0 3 9 0
0 0 3 10 0
0 0 3 11 0
0 0 3 12 0
0 0 3 13 0
0 0 3 14 0
0 0 3 15 0
0 0 4 0 0
0 0 4 1 0
0 0 4 2 0
0 0 4 3 0
0 0 4 4 0
0 0 4 5 0
0 0 4 6 0
0 0 4 7 0
0 0 4 8 0
0 0 4 9 0
0 0 4 10 0
0 0 4 11 0
0 0 4 12 0
0 0 4 13 0
0 0 4 14 0
0 0 4 15 0
0 0 5 0 0
0 0 5 1 0
0 0 5 2 0
0 0 5 3 0
0 0 5 4 0
0 0 5 5 0
0 0 5 6 0
0 0 5 7 0
0 0 5 8 0
0 0 5 9 0
0 0 5 10 0
0 0 5 11 0
0 0 5 12 0
0 0 5 13 0
0 0 5 14 0
0 0 5 15 0
0 0 6 0 0
0 0 6 1 0
0 0 6 2 0
0 0 6 3 0
0 0 6 4 0
0 0 6 5 0
0 0 6 6 0
0 0 6 7 0
0 0 6 8 0
0 0 6 9 0
0 0 6 10 0
0 0 6 11 0
0 0 6 12 0
0 0 6 13 0
0 0 6 14 0
0 0 6 15 0
0 0 7 0 0
0 0 7 1 0
0 0 7 2 0
0 0 7 3 0
0 0 7 4 0
0 0 7 5 0
0 0 7 6 0
0 0 7 7 0
0 0 7 8 0
0 0 7 9 0
0 0 7 10 0
0 0 7 11 0
0 0 7 12 0
0 0 7 13 0
0 0 7 14 0
0 0 7 15 0
0 0 8 0 0
0 0 8 1 0
0 0 8 2 0
0 0 8 3 0
0 0 8 4 0
0 0 8 5 0
0 0 8 6 0
0 0 8 7 0
0 0 8 8 0
0 0 8 9 0
0 0 8 10 0
0 0 8 11 0
0 0 8 12 0
0 0 8 13 0
0 0 8 14 0
0 0 8 15 0
0 0 9 0 0
0 0 9 1 0
0 0 9 2 0
0 0 9 3 0
0 0 9 4 0
0 0 9 5 0
0 0 9 6 0
0 0 9 7 0
0 0 9 8 0
0 0 9 9 0
0 0 9 10 0
0 0 9 11 0
0 0 9 12 0
0 0 9 13 0
0 0 9 14 0
0 0 9 15 0
0 0 10 0 0
0 0 10 1 0
0 0 10 2 0
0 0 10 3 0
0 0 10 4 0
0 0 10 5 0
0 0 10 6 0
0 0 10 7 0
0 0 10 8 0
0 0 10 9 0
0 0 10 10 0
0 0 10 11 0
0 0 10 12 0
0 0 10 13 0
0 0 10 14 0
0 0 10 15 0
0 0 11 0 -0.01336439813953341
0 0 11 1 0
0 0 11 2 0
0 0 11 3 0
0 0 11 4 0
0 0 11 5 0
0 0 11 6 0
0 0 11 7 0
0 0 11 8 0
0 0 11 9 0
0 0 11 10 0
0 0 11 11 0
0 0 11 12 0
0 0 11 13 0
0 0 11 14 0
0 0 11 15 0
0 0 12 0 0
0 0 12 1 0
0 0 12 2 0
0 0 12 3 0
0 0 12 4 0
0 0 12 5 0
0 0 12 6 0
0 0 12 7 0
0 0 12 8 0
0 0 12 9 0
0 0 12 10 0
0 0 12 11 0
0 0 12 12 0
0 0 12 13 0
0 0 12 14 0
0 0 12 15 0
0 0 13 0 0
0 0 13 1 0
0 0 13 2 0
0 0 13 3 0
0 0 13 4 0
0 0 13 5 0
0 0 13 6 0
0 0 13 7 0
0 0 13 8 0
0 0 13 9 0
0 0 13 10 0
0 0 13 11 0
0 0 13 12 0
0 0 13 13 0
0 0 13 14 0
0 0 13 15 0
0 0 14 0 0
0 0 14 1 0
0 0 14 2 0
0 0 14 3 0
0 0 14 4 0
0 0 14 5 0
0 0 14 6 0
0 0 14 7 0
0 0 14 8 0
0 0 14 9 0
0 0 14 10 0
0 0 14 11 0
0 0 14 12 0
0 0 14 13 0
0 0 14 14 0
0 0 14 15 0
0 0 15 0 0
0 0 15 1 0
0 0 15 2 0
0 0 15 3 0
0 0 15 4 0
0 0 15 5 0
0 0 15 6 0
0 0 15 7 0
0 0 15 8 0
0 0 15 9 0
0 0 15 10 0
0 0 15 11 0
0 0 15 12 0
0 0 15 13 0
0 0 15 14 0
0 0 15 15 0
0 1 0 0 0
0 1 0 1 3.998385687699853
0 1 0 2 0
0 1 0 3 0
0 1 0 4 0
0 1 0 5 0
0 1 0 6 0
0 1 0 7 0
0 1 0 8 0
0 1 0 9 0
0 1 0 10 0
0 1 0 11 0
0 1 0 12 0
0 1 0 13 0
0 1 0 14 0
0 1 0 15 0.02288364313026681
0 1 1 0 -1.999192843849927
0 1 1 1 0
0 1 1 2 0.0003873954183067261
0 1 1 3 0
0 1 1 4 0
0 1 1 5 0
0 1 1 6 0
0 1 1 7 0
0 1 1 8 0
0 1 1 9 0
0 1 1 10 0
0 1 1 11 0.01336439813953341
0 1 1 12 0
0 1 1 13 0
0 1 1 14 0
0 1 1 15 0
0 1 2 0 0
0 1 2 1 -0.0007747908366134522
0 1 2 2 0
0 1 2 3 0
0 1 2 4 0
0 1 2 5 0
0 1 2 6 0
0 1 2 7 0
0 1 2 8 0
0 1 2 9 0
0 1 2 10 0
0 1 2 11 0
0 1 2 12 0
0 1 2 13 0
0 1 2 14 0
0 1 2 15 0
0 1 3 0 0
0 1 3 1 0
0 1 3 2 0
0 1 3 3 0
0 1 3 4 0
0 1 3 5 0
0 1 3 6 0
0 1 3 7 0
0 1 3 8 0
0 1 3 9 0
0 1 3 10 0
0 1 3 11 0
0 1 3 12 0
0 1 3 13 0
0 1 3 14 0
0 1 3 15 0
0 1 4 0 0
0 1 4 1 0
0 1 4 2 0
0 1 4 3 0
0 1 4 4 0
0 1 4 5 0
0 1 4 6 0
0 1 4 7 0
0 1 4 8 0
0 1 4 9 0
0 1 4 10 0
0 1 4 11 0
0 1 4 12 0
0 1 4 13 0
0 1 4 14 0
0 1 4 15 0
0 1 5 0 0
0 1 5 1 0
0 1 5 2 0
0 1 5 3 0
0 1 5 4 0
0 1 5 5 0
0 1 5 6 0
0 1 5 7 0
0 1 5 8 0
0 1 5 9 0
0 1 5 10 0
0 1 5 11 0
0 1 5 12 0
0 1 5 13 0
0 1 5 14 0
0 1 5 15 0
0 1 6 0 0
0 1 6 1 0
0 1 6 2 0
0 1 6 3 0
0 1 6 4 0
0 1 6 5 0
0 1 6 6 0
0 1 6 7 0
0 1 6 8 0
0 1 6 9 0
0 1 6 10 0
0 1 6 11 0
0 1 6 12 0
0 1 6 13 0
0 1 6 14 0
0 1 6 15 0
0 1 7 0 0
0 1 7 1 0
0 1 7 2 0
0 1 7 3 0
0 1 7 4 0
0 1 7 5 0
0 1 7 6 0
0 1 7 7 0
0 1 7 8 0
0 1 7 9 0
0 1 7 10 0
0 1 7 11 0
0 1 7 12 0
0 1 7 13 0
0 1 7 14 0
0 1 7 15 0
0 1 8 0 0
0 1 8 1 0
0 1 8 2 0
0 1 8 3 0
0 1 8 4 0
0 1 8 5 0
0 1 8 6 0
0 1 8 7 0
0 1 8 8 0
0 1 8 9 0
0 1 8 10 0
0 1 8 11 0
0 1 8 12 0
0 1 8 13 0
0 1 8 14 0
0 1 8 15 0
0 1 9 0 0
0 1 9 1 0
0 1 9 2 0
0 1 9 3 0
0 1 9 4 0
0 1 9 5 0
0 1 9 6 0
0 1 9 7 0
0 1 9 8 0
0 1 9 9 0
0 1 9 10 0
0 1 9 11 0
0 1 9 12 0
0 1 9 13 0
0 1 9 14 0
0 1 9 15 0
0 1 10 0 0
0 1 10 1 0
0 1 10 2 0
0 1 10 3 0
0 1 10 4 0
0 1 10 5 0
0 1 10 6 0
0 1 10 7 0
0 1 10 8 0
0 1 10 9 0
0 1 10 10 0
0 1 10 11 0
0 1 10 12 0
0 1 10 13 0
0 1 10 14 0
0 1 10 15 0
0 1 11 0 0
0 1 11 1 -0.02672879627906681
0 1 11 2 0
0 1 11 3 0
0 1 11 4 0
0 1 11 5 0
0 1 11 6 0
0 1 11 7 0
0 1 11 8 0
0 1 11 9 0
0 1 11 10 0
0 1 11 11 0
0 1 11 12 0
0 1 11 13 0
0 1 11 14 0
0 1 11 15 0
0 1 12 0 0
0 1 12 1 0
0 1 12 2 0
0 1 12 3 0
0 1 12 4 0
0 1 12 5 0
0 1 12 6 0
0 1 12 7 0
0 1 12 8 0
0 1 12 9 0
0 1 12 10 0
0 1 12 11 0
0 1 12 12 0
0 1 12 13 0
0 1 12 14 0
0 1 12 15 0
0 1 13 0 0
0 1 13 1 0
0 1 13 2 0
0 1 13 3 0
0 1 13 4 0
0 1 13 5 0
0 1 13 6 0
0 1 13 7 0
0 1 13 8 0
0 1 13 9 0
0 1 13 10 0
0 1 13 11 0
0 1 13 12 0
0 1 13 13 0
0 1 13 14 0
0 1 13 15 0
0 1 14 0 0
0 1 14 1 0
0 1 14 2 0
0 1 14 3 0
0 1 14 4 0
0 1 14 5 0
0 1 14 6 0
0 1 14 7 0
0 1 14 8 0
0 1 14 9 0
0 1 14 10 0
0 1 14 11 0
0 1 14 12 0
0 1 14 13 0
0 1 14 14 0
0 1 14 15 0
0 1 15 0 -0.0114418215651334
0 1 15 1 0
0 1 15 2 0
0 1 15 3 0
0 1 15 4 0
0 1 15 5 0
0 1 15 6 0
0 1 15 7 0
0 1 15 8 0
0 1 15 9 0
0 1 15 10 0
0 1 15 11 0
0 1 15 12 0
0 1 15 13 0
0 1 15 14 0
0 1 15 15 0
0 2 0 0 -0.0003873954183067261
0 2 0 1 0
0 2 0 2 3.111825983274501
0 2 0 3 0
0 2 0 4 0
0 2 0 5 0
0 2 0 6 0
0 2 0 7 0
0 2 0 8 0
0 2 0 9 0
0 2 0 10 0
0 2 0 11 -0.04917416824920523
0 2 0 12 0
0 2 0 13 0
0 2 0 14 0.06552697730396773
0 2 0 15 0
0 2 1 0 0
0 2 1 1 0
0 2 1 2 0
0 2 1 3 0
0 2 1 4 0
0 2 1 5 0
0 2 1 6 0
0 2 1 7 0
0 2 1 8 0
0 2 1 9 0
0 2 1 10 0
0 2 1 11 0
0 2 1 12 0
0 2 1 13 0
0 2 1 14 0
0 2 1 15 0
0 2 2 0 -1.555912991637251
0 2 2 1 0
0 2 2 2 -0.0003873954183067261
0 2 2 3 0
0 2 2 4 0
0 2 2 5 0
0 2 2 6 0
0 2 2 7 0
0 2 2 8 0
0 2 2 9 0
0 2 2 10 0
0 2 2 11 0.01118829857303353
0 2 2 12 0
0 2 2 13 0
0 2 2 14 0
0 2 2 15 0
0 2 3 0 0
0 2 3 1 0
0 2 3 2 0
0 2 3 3 0
0 2 3 4 0
0 2 3 5 0
0 2 3 6 0
0 2 3 7 0
0 2 3 8 0
0 2 3 9 0
0 2 3 10 0
0 2 3 11 0
0 2 3 12 0
0 2 3 13 0
0 2 3 14 0
0 2 3 15 0
0 2 4 0 0
0 2 4 1 0
0 2 4 2 0
0 2 4 3 0
0 2 4 4 0
0 2 4 5 0
0 2 4 6 0
0 2 4 7 0
0 2 4 8 0
0 2 4 9 0
0 2 4 10 0
0 2 4 11 0
0 2 4 12 0
0 2 4 13 0
0 2 4 14 0
0 2 4 15 0
0 2 5 0 0
0 2 5 1 0
0 2 5 2 0
0 2 5 3 0
0 2 5 4 0
0 2 5 5 0
0 2 5 6 0
0 2 5 7 0
0 2 5 8 0
0 2 5 9 0
0 2 5 10 0
0 2 5 11 0
0 2 5 12 0
0 2 5 13 0
0 2 5 14 0
0 2 5 15 0
0 2 6 0 0
0 2 6 1 0
0 2 6 2 0
0 2 6 3 0
0 2 6 4 0
0 2 6 5 0
0 2 6 6 0
0 2 6 7 0
0 2 6 8 0
0 2 6 9 0
0 2 6 10 0
0 2 6 11 0
0 2 6 12 0
0 2 6 13 0
0 2 6 14 0
0 2 6 15 0
0 2 7 0 0
0 2 7 1 0
0 2 7 2 0
0 2 7 3 0
0 2 7 4 0
0 2 7 5 0
0 2 7 6 0
0 2 7 7 0.0001545039121656409
0 2 7 8 0
0 2 7 9 0
0 2 7 10 0
0 2 7 11 0
0 2 7 12 0
0 2 7 13 0
0 2 7 14 0
0 2 7 15 0
0 2 8 0 0
0 2 8 1 0
0 2 8 2 0
0 2 8 3 0
0 2 8 4 0
0 2 8 5 0
0 2 8 6 0
0 2 8 7 0
0 2 8 8 0
0 2 8 9 0
0 2 8 10 0
0 2 8 11 0
0 2 8 12 0
0 2 8 13 0
0 2 8 14 0
0 2 8 15 0
0 2 9 0 0
0 2 9 1 0
0 2 9 2 0
0 2 9 3 0
0 2 9 4 0
0 2 9 5 0
0 2 9 6 0
0 2 9 7 0
0 2 9 8 0
0 2 9 9 0
0 2 9 10 0
0 2 9 11 0
0 2 9 12 0
0 2 9 13 0
0 2 9 14 0
0 2 9 15 0
0 2 10 0 0
0 2 10 1 0
0 2 10 2 0
0 2 10 3 0
0 2 10 4 0
0 2 10 5 0
0 2 10 6 0
0 2 10 7 0
0 2 10 8 0
0 2 10 9 0
0 2 10 10 0
0 2 10 11 0
0 2 10 12 0
0 2 10 13 0
0 2 10 14 0
0 2 10 15 0
0 2 11 0 0.02458708412460262
0 2 11 1 0
0 2 11 2 -0.02237659714606707
0 2 11 3 0
0 2 11 4 0
0 2 11 5 0
0 2 11 6 0
0 2 11 7 0
0 2 11 8 0
0 2 11 9 0
0 2 11 10 0
0 2 11 11 0
0 2 11 12 0
0 2 11 13 0
0 2 11 14 0
0 2 11 15 0
0 2 12 0 0
0 2 12 1 0
0 2 12 2 0
0 2 12 3 0
0 2 12 4 0
0 2 12 5 0
0 2 12 6 0
0 2 12 7 0
0 2 12 8 0
0 2 12 9 0
0 2 12 10 0
0 2 12 11 0
0 2 12 12 0
0 2 12 13 0
0 2 12 14 0
0 2 12 15 0
0 2 13 0 0
0 2 13 1 0
0 2 13 2 0
0 2 13 3 0
0 2 13 4 0
0 2 13 5 0
0 2 13 6 0
0 2 13 7 0
0 2 13 8 0
0 2 13 9 0
0 2 13 10 0
0 2 13 11 0
0 2 13 12 0
0 2 13 13 0
0 2 13 14 0
0 2 13 15 0
0 2 14 0 -0.03276348865198386
0 2 14 1 0
0 2 14 2 0
0 2 14 3 0
0 2 14 4 0
0 2 14 5 0
0 2 14 6 0
0 2 14 7 0
0 2 14 8 0
0 2 14 9 0
0 2 14 10 0
0 2 14 11 0
0 2 14 12 0
0 2 14 13 0
0 2 14 14 0
0 2 14 15 0
0 2 15 0 0
0 2 15 1 0
0 2 15 2 0
0 2 15 3 0
0 2 15 4 0
0 2 15 5 0
0 2 15 6 0
0 2 15 7 0
0 2 15 8 0
0 2 15 9 0
0 2 15 10 0
0 2 15 11 0
0 2 15 12 0
0 2 15 13 0
0 2 15 14 0
0 2 15 15 0
0 3 0 0 0
0 3 0 1 0
0 3 0 2 0
0 3 0 3 2.043795535220563
0 3 0 4 0
0 3 0 5 0
0 3 0 6 0
0 3 0 7 0
0 3 0 8 0.1069425087370264
0 3 0 9 0
0 3 0 10 0
0 3 0 11 0
0 3 0 12 0
0 3 0 13 0
0 3 0 14 0
0 3 0 15 0
0 3 1 0 0
0 3 1 1 0
0 3 1 2 0
0 3 1 3 0
0 3 1 4 0
0 3 1 5 0
0 3 1 6 0
0 3 1 7 0
0 3 1 8 0
0 3 1 9 0
0 3 1 10 0
0 3 1 11 0
0 3 1 12 0
0 3 1 13 0
0 3 1 14 0
0 3 1 15 0
0 3 2 0 0
0 3 2 1 0
0 3 2 2 0
0 3 2 3 -0.0003873954183067261
0 3 2 4 0
0 3 2 5 0
0 3 2 6 0
0 3 2 7 0
0 3 2 8 0
0 3 2 9 0
0 3 2 10 0
0 3 2 11 0
0 3 2 12 0
0 3 2 13 0
0 3 2 14 0
0 3 2 15 0
0 3 3 0 -1.022102584249052
0 3 3 1 0
0 3 3 2 -9.353989716215572e-05
0 3 3 3 0
0 3 3 4 0
0 3 3 5 0
0 3 3 6 0
0 3 3 7 0
0 3 3 8 0
0 3 3 9 0
0 3 3 10 0
0 3 3 11 -0.01098335521439823
0 3 3 12 0
0 3 3 13 0
0 3 3 14 0
0 3 3 15 0
0 3 4 0 0
0 3 4 1 0
0 3 4 2 0
0 3 4 3 0
0 3 4 4 0
0 3 4 5 0
0 3 4 6 0
0 3 4 7 0
0 3 4 8 0
0 3 4 9 0
0 3 4 10 0
0 3 4 11 0
0 3 4 12 0
0 3 4 13 0
0 3 4 14 0
0 3 4 15 0
0 3 5 0 0
0 3 5 1 0
0 3 5 2 0
0 3 5 3 0
0 3 5 4 0
0 3 5 5 0
0 3 5 6 0
0 3 5 7 0
0 3 5 8 0
0 3 5 9 0
0 3 5 10 0
0 3 5 11 0
0 3 5 12 0
0 3 5 13 0
0 3 5 14 0
0 3 5 15 0
0 3 6 0 0
0 3 6 1 0
0 3 6 2 0
0 3 6 3 0
0 3 6 4 0
0 3 6 5 0
0 3 6 6 0
0 3 6 7 0
0 3 6 8 0
0 3 6 9 0
0 3 6 10 0
0 3 6 11 0
0 3 6 12 0
0 3 6 13 0
0 3 6 14 0
0 3 6 15 0
0 3 7 0 0
0 3 7 1 0
0 3 7 2 0
0 3 7 3 0
0 3 7 4 0
0 3 7 5 0
0 3 7 6 0
0 3 7 7 0
0 3 7 8 0
0 3 7 9 0
0 3 7 10 0
0 3 7 11 0
0 3 7 12 0
0 3 7 13 0
0 3 7 14 0
0 3 7 15 0
0 3 8 0 -0.05347125436851322
0 3 8 1 0
0 3 8 2 0
0 3 8 3 0
0 3 8 4 0
0 3 8 5 0
0 3 8 6 0
0 3 8 7 0
0 3 8 8 0
0 3 8 9 0
0 3 8 10 0
0 3 8 11 0
0 3 8 12 0
0 3 8 13 0
0 3 8 14 0
0 3 8 15 0
0 3 9 0 0
0 3 9 1 0
0 3 9 2 0
0 3 9 3 0
0 3 9 4 0
0 3 9 5 0
0 3 9 6 0
0 3 9 7 0
0 3 9 8 0
0 3 9 9 0
0 3 9 10 0
0 3 9 11 0
0 3 9 12 0
0 3 9 13 0
0 3 9 14 0
0 3 9 15 0
0 3 10 0 0
0 3 10 1 0
0 3 10 2 0
0 3 10 3 0
0 3 10 4 0
0 3 10 5 0
0 3 10 6 0
0 3 10 7 0
0 3 10 8 0
0 3 10 9 0
0 3 10 10 0
0 3 10 11 0
0 3 10 12 0
0 3 10 13 0
0 3 10 14 0
0 3 10 15 0
0 3 11 0 0
0 3 11 1 0
0 3 11 2 0
0 3 11 3 -0.01336439813953341
0 3 11 4 0
0 3 11 5 0
0 3 11 6 0
0 3 11 7 0
0 3 11 8 0
0 3 11 9 0
0 3 11 10 0
0 3 11 11 0
0 3 11 12 0
0 3 11 13 0
0 3 11 14 0
0 3 11 15 0
0 3 12 0 0
0 3 12 1 0
0 3 12 2 0
0 3 12 3 0
0 3 12 4 0
0 3 12 5 0
0 3 12 6 0
0 3 12 7 0
0 3 12 8 0
0 3 12 9 0
0 3 12 10 0
0 3 12 11 0
0 3 12 12 0
0 3 12 13 0
0 3 12 14 0
0 3 12 15 0
0 3 13 0 0
0 3 13 1 0
0 3 13 2 0
0 3 13 3 0
0 3 13 4 0
0 3 13 5 0
0 3 13 6 0
0 3 13 7 0
0 3 13 8 0
0 3 13 9 0
0 3 13 10 0
0 3 13 11 0
0 3 13 12 0
0 3 13 13 0
0 3 13 14 0
0 3 13 15 0
0 3 14 0 0
0 3 14 1 0
0 3 14 2 0
0 3 14 3 0
0 3 14 4 0
0 3 14 5 0
0 3 14 6 0
0 3 14 7 0
0 3 14 8 0
0 3 14 9 0
0 3 14 10 0
0 3 14 11 0
0 3 14 12 0
0 3 14 13 0
0 3 14 14 0
0 3 14 15 0
0 3 15 0 0
0 3 15 1 0
0 3 15 2 0
0 3 15 3 0
0 3 15 4 0
0 3 15 5 0
0 3 15 6 0
0 3 15 7 0
0 3 15 8 0
0 3 15 9 0
0 3 15 10 0
0 3 15 11 0
0 3 15 12 0
0 3 15 13 0
0 3 15 14 0
0 3 15 15 0
0 4 0 0 0
0 4 0 1 0
0 4 0 2 0
0 4 0 3 0
0 4 0 4 2.017507804581078
0 4 0 5 0
0 4 0 6 0
0 4 0 7 0
0 4 0 8 0
0 4 0 9 0.1050878418050753
0 4 0 10 0
0 4 0 11 0
0 4 0 12 0
0 4 0 13 0
0 4 0 14 0
0 4 0 15 0
0 4 1 0 0
0 4 1 1 0
0 4 1 2 0
0 4 1 3 0
0 4 1 4 0
0 4 1 5 0
0 4 1 6 0
0 4 1 7 0
0 4 1 8 0
0 4 1 9 0
0 4 1 10 0
0 4 1 11 0
0 4 1 12 0
0 4 1 13 0
0 4 1 14 0
0 4 1 15 0
0 4 2 0 0
0 4 2 1 0
0 4 2 2 0
0 4 2 3 0
0 4 2 4 -0.0003873954183067261
0 4 2 5 0
0 4 2 6 0
0 4 2 7 0
0 4 2 8 0
0 4 2 9 0
0 4 2 10 0
0 4 2 11 0
0 4 2 12 0
0 4 2 13 0
0 4 2 14 0
0 4 2 15 0
0 4 3 0 0
0 4 3 1 0
0 4 3 2 0
0 4 3 3 0
0 4 3 4 0
0 4 3 5 0
0 4 3 6 0
0 4 3 7 0
0 4 3 8 0
0 4 3 9 0
0 4 3 10 0
0 4 3 11 0
0 4 3 12 0
0 4 3 13 0
0 4 3 14 0
0 4 3 15 0
0 4 4 0 -1.008956943550968
0 4 4 1 0
0 4 4 2 -0.0001125160484864455
0 4 4 3 0
0 4 4 4 0
0 4 4 5 0
0 4 4 6 0
0 4 4 7 0
0 4 4 8 0
0 4 4 9 0
0 4 4 10 0
0 4 4 11 -0.0110461248250297
0 4 4 12 0
0 4 4 13 0
0 4 4 14 0
0 4 4 15 0
0 4 5 0 0
0 4 5 1 0
0 4 5 2 0
0 4 5 3 0
0 4 5 4 0
0 4 5 5 0
0 4 5 6 0
0 4 5 7 0
0 4 5 8 0
0 4 5 9 0
0 4 5 10 0
0 4 5 11 0
0 4 5 12 0
0 4 5 13 0
0 4 5 14 0
0 4 5 15 0
0 4 6 0 0
0 4 6 1 0
0 4 6 2 0
0 4 6 3 0
0 4 6 4 0
0 4 6 5 0
0 4 6 6 0
0 4 6 7 0
0 4 6 8 0
0 4 6 9 0
0 4 6 10 0
0 4 6 11 0
0 4 6 12 0
0 4 6 13 0
0 4 6 14 0
0 4 6 15 0
0 4 7 0 0
0 4 7 1 0
0 4 7 2 0
0 4 7 3 0
0 4 7 4 0
0 4 7 5 0
0 4 7 6 0
0 4 7 7 0
0 4 7 8 0
0 4 7 9 0
0 4 7 10 0
0 4 7 11 0
0 4 7 12 0
0 4 7 13 0
0 4 7 14 0
0 4 7 15 0
0 4 8 0 0
0 4 8 1 0
0 4 8 2 0
0 4 8 3 0
0 4 8 4 0
0 4 8 5 0
0 4 8 6 0
0 4 8 7 0
0 4 8 8 0
0 4 8 9 0
0 4 8 10 0
0 4 8 11 0
0 4 8 12 0
0 4 8 13 0
0 4 8 14 0
0 4 8 15 0
0 4 9 0 -0.05254392090253764
0 4 9 1 0
0 4 9 2 0
0 4 9 3 0
0 4 9 4 0
0 4 9 5 0
0 4 9 6 0
0 4 9 7 0
0 4 9 8 0
0 4 9 9 0
0 4 9 10 0
0 4 9 11 0
0 4 9 12 0
0 4 9 13 0
0 4 9 14 0
0 4 9 15 0
0 4 10 0 0
0 4 10 1 0
0 4 10 2 0
0 4 10 3 0
0 4 10 4 0
0 4 10 5 0
0 4 10 6 0
0 4 10 7 0
0 4 10 8 0
0 4 10 9 0
0 4 10 10 0
0 4 10 11 0
0 4 10 12 0
0 4 10 13 0
0 4 10 14 0
0 4 10 15 0
0 4 11 0 0
0 4 11 1 0
0 4 11 2 0
0 4 11 3 0
0 4 11 4 -0.01336439813953341
0 4 11 5 0
0 4 11 6 0
0 4 11 7 0
0 4 11 8 0
0 4 11 9 0
0 4 11 10 0
0 4 11 11 0
0 4 11 12 0
0 4 11 13 0
0 4 11 14 0
0 4 11 15 0
0 4 12 0 0
0 4 12 1 0
0 4 12 2 0
0 4 12 3 0
0 4 12 4 0
0 4 12 5 0
0 4 12 6 0
0 4 12 7 0
0 4 12 8 0
0 4 12 9 0
0 4 12 10 0
0 4 12 11 0
0 4 12 12 0
0 4 12 13 0
0 4 12 14 0
0 4 12 15 0
0 4 13 0 0
0 4 13 1 0
0 4 13 2 0
0 4 13 3 0
0 4 13 4 0
0 4 13 5 0
0 4 13 6 0
0 4 13 7 0
0 4 13 8 0
0 4 13 9 0
0 4 13 10 0
0 4 13 11 0
0 4 13 12 0
0 4 13 13 0
0 4 13 14 0
0 4 13 15 0
0 4 14 0 0
0 4 14 1 0
0 4 14 2 0
0 4 14 3 0
0 4 14 4 0
0 4 14 5 0
0 4 14 6 0
0 4 14 7 0
0 4 14 8 0
0 4 14 9 0
0 4 14 10 0
0 4 14 11 0
0 4 14 12 0
0 4 14 13 0
0 4 14 14 0
0 4 14 15 0
0 4 15 0 0
0 4 15 1 0
0 4 15 2 0
0 4 15 3 0
0 4 15 4 0
0 4 15 5 0
0 4 15 6 0
0 4 15 7 0
0 4 15 8 0
0 4 15 9 0
0 4 15 10 0
0 4 15 11 0
0 4 15 12 0
0 4 15 13 0
0 4 15 14 0
0 4 15 15 0
0 5 0 0 0
0 5 0 1 0
0 5 0 2 0
0 5 0 3 0
0 5 0 4 0
0 5 0 5 1.966133606091362
0 5 0 6 0
0 5 0 7 0
0 5 0 8 0
0 5 0 9 0
0 5 0 10 0
0 5 0 11 0
0 5 0 12 0.09803840712275523
0 5 0 13 0
0 5 0 14 0
0 5 0 15 0
0 5 1 0 0
0 5 1 1 0
0 5 1 2 0
0 5 1 3 0
0 5 1 4 0
0 5 1 5 0
0 5 1 6 0
0 5 1 7 0
0 5 1 8 0
0 5 1 9 0
0 5 1 10 0
0 5 1 11 0
0 5 1 12 0
0 5 1 13 0
0 5 1 14 0
0 5 1 15 0
0 5 2 0 0
0 5 2 1 0
0 5 2 2 0
0 5 2 3 0
0 5 2 4 0
0 5 2 5 -0.0003873954183067261
0 5 2 6 0
0 5 2 7 0
0 5 2 8 0
0 5 2 9 0
0 5 2 10 0
0 5 2 11 0
0 5 2 12 0
0 5 2 13 0
0 5 2 14 0
0 5 2 15 0
0 5 3 0 0
0 5 3 1 0
0 5 3 2 0
0 5 3 3 0
0 5 3 4 0
0 5 3 5 0
0 5 3 6 0
0 5 3 7 0
0 5 3 8 0
0 5 3 9 0
0 5 3 10 0
0 5 3 11 0
0 5 3 12 0
0 5 3 13 0
0 5 3 14 0
0 5 3 15 0
0 5 4 0 0
0 5 4 1 0
0 5 4 2 0
0 5 4 3 0
0 5 4 4 0
0 5 4 5 0
0 5 4 6 0
0 5 4 7 0
0 5 4 8 0
0 5 4 9 0
0 5 4 10 0
0 5 4 11 0
0 5 4 12 0
0 5 4 13 0
0 5 4 14 0
0 5 4 15 0
0 5 5 0 -0.983187255696446
0 5 5 1 0
0 5 5 2 -9.285129854558617e-05
0 5 5 3 0
0 5 5 4 0
0 5 5 5 0
0 5 5 6 0
0 5 5 7 0
0 5 5 8 0
0 5 5 9 0
0 5 5 10 0
0 5 5 11 -0.01385759890257165
0 5 5 12 0
0 5 5 13 0
0 5 5 14 0
0 5 5 15 0
0 5 6 0 0
0 5 6 1 0
0 5 6 2 0
0 5 6 3 0
0 5 6 4 0
0 5 6 5 0
0 5 6 6 0
0 5 6 7 0
0 5 6 8 0
0 5 6 9 0
0 5 6 10 0
0 5 6 11 0
0 5 6 12 0
0 5 6 13 0
0 5 6 14 0
0 5 6 15 0
0 5 7 0 0
0 5 7 1 0
0 5 7 2 0
0 5 7 3 0
0 5 7 4 0
0 5 7 5 0
0 5 7 6 0
0 5 7 7 0
0 5 7 8 0
0 5 7 9 0
0 5 7 10 0
0 5 7 11 0
0 5 7 12 0
0 5 7 13 0
0 5 7 14 0
0 5 7 15 0
0 5 8 0 0
0 5 8 1 0
0 5 8 2 0
0 5 8 3 0
0 5 8 4 0
0 5 8 5 0
0 5 8 6 0
0 5 8 7 0
0 5 8 8 0
0 5 8 9 0
0 5 8 10 0
0 5 8 11 0
0 5 8 12 0
0 5 8 13 0
0 5 8 14 0
0 5 8 15 0
0 5 9 0 0
0 5 9 1 0
0 5 9 2 0
0 5 9 3 0
0 5 9 4 0
0 5 9 5 0
0 5 9 6 0
0 5 9 7 0
0 5 9 8 0
0 5 9 9 0
0 5 9 10 0
0 5 9 11 0
0 5 9 12 0
0 5 9 13 0
0 5 9 14 0
0 5 9 15 0
0 5 10 0 0
0 5 10 1 0
0 5 10 2 0
0 5 10 3 0
0 5 10 4 0
0 5 10 5 0
0 5 10 6 0
0 5 10 7 0
0 5 10 8 0
0 5 10 9 0
0 5 10 10 0
0 5 10 11 0
0 5 10 12 0
0 5 10 13 0
0 5 10 14 0
0 5 10 15 0
0 5 11 0 0
0 5 11 1 0
0 5 11 2 0
0 5 11 3 0
0 5 11 4 0
0 5 11 5 -0.01336439813953341
0 5 11 6 0
0 5 11 7 0
0 5 11 8 0
0 5 11 9 0
0 5 11 10 0
0 5 11 11 0
0 5 11 12 0
0 5 11 13 0
0 5 11 14 0
0 5 11 15 0
0 5 12 0 -0.04901920356137762
0 5 12 1 0
0 5 12 2 0
0 5 12 3 0
0 5 12 4 0
0 5 12 5 0
0 5 12 6 0
0 5 12 7 0
0 5 12 8 0
0 5 12 9 0
0 5 12 10 0
0 5 12 11 0
0 5 12 12 0
0 5 12 13 0
0 5 12 14 0
0 5 12 15 0
0 5 13 0 0
0 5 13 1 0
0 5 13 2 0
0 5 13 3 0
0 5 13 4 0
0 5 13 5 0
0 5 13 6 0
0 5 13 7 0
0 5 13 8 0
0 5 13 9 0
0 5 13 10 0
0 5 13 11 0
0 5 13 12 0
0 5 13 13 0
0 5 13 14 0
0 5 13 15 0
0 5 14 0 0
0 5 14 1 0
0 5 14 2 0
0 5 14 3 0
0 5 14 4 0
0 5 14 5 0
0 5 14 6 0
0 5 14 7 0
0 5 14 8 0
0 5 14 9 0
0 5 14 10 0
0 5 14 11 0
0 5 14 12 0
0 5 14 13 0
0 5 14 14 0
0 5 14 15 0
0 5 15 0 0
0 5 15 1 0
0 5 15 2 0
0 5 15 3 0
0 5 15 4 0
0 5 15 5 0
0 5 15 6 0
0 5 15 7 0
0 5 15 8 0
0 5 15 9 0
0 5 15 10 0
0 5 15 11 0
0 5 15 12 0
0 5 15 13 0
0 5 15 14 0
0 5 15 15 0
0 6 0 0 0
0 6 0 1 0
0 6 0 2 0
0 6 0 3 0
0 6 0 4 0
0 6 0 5 0
0 6 0 6 1.939386456547644
0 6 0 7 0
0 6 0 8 0
0 6 0 9 0
0 6 0 10 0
0 6 0 11 0
0 6 0 12 0
0 6 0 13 0.09926096325152345
0 6 0 14 0
0 6 0 15 0
0 6 1 0 0
0 6 1 1 0
0 6 1 2 0
0 6 1 3 0
0 6 1 4 0
0 6 1 5 0
0 6 1 6 0
0 6 1 7 0
0 6 1 8 0
0 6 1 9 0
0 6 1 10 0
0 6 1 11 0
0 6 1 12 0
0 6 1 13 0
0 6 1 14 0
0 6 1 15 0
0 6 2 0 0
0 6 2 1 0
0 6 2 2 0
0 6 2 3 0
0 6 2 4 0
0 6 2 5 0
0 6 2 6 -0.0003873954183067261
0 6 2 7 0
0 6 2 8 0
0 6 2 9 0
0 6 2 10 0
0 6 2 11 0
0 6 2 12 0
0 6 2 13 0
0 6 2 14 0
0 6 2 15 0
0 6 3 0 0
0 6 3 1 0
0 6 3 2 0
0 6 3 3 0
0 6 3 4 0
0 6 3 5 0
0 6 3 6 0
0 6 3 7 0
0 6 3 8 0
0 6 3 9 0
0 6 3 10 0
0 6 3 11 0
0 6 3 12 0
0 6 3 13 0
0 6 3 14 0
0 6 3 15 0
0 6 4 0 0
0 6 4 1 0
0 6 4 2 0
0 6 4 3 0
0 6 4 4 0
0 6 4 5 0
0 6 4 6 0
0 6 4 7 0
0 6 4 8 0
0 6 4 9 0
0 6 4 10 0
0 6 4 11 0
0 6 4 12 0
0 6 4 13 0
0 6 4 14 0
0 6 4 15 0
0 6 5 0 0
0 6 5 1 0
0 6 5 2 0
0 6 5 3 0
0 6 5 4 0
0 6 5 5 0
0 6 5 6 0
0 6 5 7 0
0 6 5 8 0
0 6 5 9 0
0 6 5 10 0
0 6 5 11 0
0 6 5 12 0
0 6 5 13 0
0 6 5 14 0
0 6 5 15 0
0 6 6 0 -0.9698114090739292
0 6 6 1 0
0 6 6 2 -9.881569668428197e-05
0 6 6 3 0
0 6 6 4 0
0 6 6 5 0
0 6 6 6 0
0 6 6 7 0
0 6 6 8 0
0 6 6 9 0
0 6 6 10 0
0 6 6 11 -0.01392408105096847
0 6 6 12 0
0 6 6 13 0
0 6 6 14 0
0 6 6 15 0
0 6 7 0 0
0 6 7 1 0
0 6 7 2 0
0 6 7 3 0
0 6 7 4 0
0 6 7 5 0
0 6 7 6 0
0 6 7 7 0
0 6 7 8 0
0 6 7 9 0
0 6 7 10 0
0 6 7 11 0
0 6 7 12 0
0 6 7 13 0
0 6 7 14 0
0 6 7 15 0
0 6 8 0 0
0 6 8 1 0
0 6 8 2 0
0 6 8 3 0
0 6 8 4 0
0 6 8 5 0
0 6 8 6 0
0 6 8 7 0
0 6 8 8 0
0 6 8 9 0
0 6 8 10 0
0 6 8 11 0
0 6 8 12 0
0 6 8 13 0
0 6 8 14 0
0 6 8 15 0
0 6 9 0 0
0 6 9 1 0
0 6 9 2 0
0 6 9 3 0
0 6 9 4 0
0 6 9 5 0
0 6 9 6 0
0 6 9 7 0
0 6 9 8 0
0 6 9 9 0
0 6 9 10 0
0 6 9 11 0
0 6 9 12 0
0 6 9 13 0
0 6 9 14 0
0 6 9 15 0
0 6 10 0 0
0 6 10 1 0
0 6 10 2 0
0 6 10 3 0
0 6 10 4 0
0 6 10 5 0
0 6 10 6 0
0 6 10 7 0
0 6 10 8 0
0 6 10 9 0
0 6 10 10 0
0 6 10 11 0
0 6 10 12 0
0 6 10 13 0
0 6 10 14 0
0 6 10 15 0
0 6 11 0 0
0 6 11 1 0
0 6 11 2 0
0 6 11 3 0
0 6 11 4 0
0 6 11 5 0
0 6 11 6 -0.0133643981395334
0 6 11 7 0
0 6 11 8 0
0 6 11 9 0
0 6 11 10 0
0 6 11 11 0
0 6 11 12 0
0 6 11 13 0
0 6 11 14 0
0 6 11 15 0
0 6 12 0 0
0 6 12 1 0
0 6 12 2 0
0 6 12 3 0
0 6 12 4 0
0 6 12 5 0
0 6 12 6 0
0 6 12 7 0
0 6 12 8 0
0 6 12 9 0
0 6 12 10 0
0 6 12 11 0
0 6 12 12 0
0 6 12 13 0
0 6 12 14 0
0 6 12 15 0
0 6 13 0 -0.04963048162576172
0 6 13 1 0
0 6 13 2 0
0 6 13 3 0
0 6 13 4 0
0 6 13 5 0
0 6 13 6 0
0 6 13 7 0
0 6 13 8 0
0 6 13 9 0
0 6 13 10 0
0 6 13 11 0
0 6 13 12 0
0 6 13 13 0
0 6 13 14 0
0 6 13 15 0
0 6 14 0 0
0 6 14 1 0
0 6 14 2 0
0 6 14 3 0
0 6 14 4 0
0 6 14 5 0
0 6 14 6 0
0 6 14 7 0
0 6 14 8 0
0 6 14 9 0
0 6 14 10 0
0 6 14 11 0
0 6 14 12 0
0 6 14 13 0
0 6 14 14 0
0 6 14 15 0
0 6 15 0 0
0 6 15 1 0
0 6 15 2 0
0 6 15 3 0
0 6 15 4 0
0 6 15 5 0
0 6 15 6 0
0 6 15 7 0
0 6 15 8 0
0 6 15 9 0
0 6 15 10 0
0 6 15 11 0
0 6 15 12 0
0 6 15 13 0
0 6 15 14 0
0 6 15 15 0
0 7 0 0 0
0 7 0 1 0
0 7 0 2 0
0 7 0 3 0
0 7 0 4 0
0 7 0 5 0
0 7 0 6 0
0 7 0 7 0.8838860982152592
0 7 0 8 0
0 7 0 9 0
0 7 0 10 0
0 7 0 11 0
0 7 0 12 0
0 7 0 13 0
0 7 0 14 0
0 7 0 15 0
0 7 1 0 0
0 7 1 1 0
0 7 1 2 0
0 7 1 3 0
0 7 1 4 0
0 7 1 5 0
0 7 1 6 0
0 7 1 7 0
0 7 1 8 0
0 7 1 9 0
0 7 1 10 0
0 7 1 11 0
0 7 1 12 0
0 7 1 13 0
0 7 1 14 0
0 7 1 15 0
0 7 2 0 0
0 7 2 1 0
0 7 2 2 0
0 7 2 3 0
0 7 2 4 0
0 7 2 5 0
0 7 2 6 0
0 7 2 7 0
0 7 2 8 0
0 7 2 9 0
0 7 2 10 0
0 7 2 11 0
0 7 2 12 0
0 7 2 13 0
0 7 2 14 0
0 7 2 15 0
0 7 3 0 0
0 7 3 1 0
0 7 3 2 0
0 7 3 3 0
0 7 3 4 0
0 7 3 5 0
0 7 3 6 0
0 7 3 7 0
0 7 3 8 0
0 7 3 9 0
0 7 3 10 0
0 7 3 11 0
0 7 3 12 0
0 7 3 13 0
0 7 3 14 0
0 7 3 15 0
0 7 4 0 0
0 7 4 1 0
0 7 4 2 0
0 7 4 3 0
0 7 4 4 0
0 7 4 5 0
0 7 4 6 0
0 7 4 7 0
0 7 4 8 0
0 7 4 9 0
0 7 4 10 0
0 7 4 11 0
0 7 4 12 0
0 7 4 13 0
0 7 4 14 0
0 7 4 15 0
0 7 5 0 0
0 7 5 1 0
0 7 5 2 0
0 7 5 3 0
0 7 5 4 0
0 7 5 5 0
0 7 5 6 0
0 7 5 7 0
0 7 5 8 0
0 7 5 9 0
0 7 5 10 0
0 7 5 11 0
0 7 5 12 0
0 7 5 13 0
0 7 5 14 0
0 7 5 15 0
0 7 6 0 0
0 7 6 1 0
0 7 6 2 0
0 7 6 3 0
0 7 6 4 0
0 7 6 5 0
0 7 6 6 0
0 7 6 7 0
0 7 6 8 0
0 7 6 9 0
0 7 6 10 0
0 7 6 11 0
0 7 6 12 0
0 7 6 13 0
0 7 6 14 0
0 7 6 15 0
0 7 7 0 -0.4419430491076296
0 7 7 1 0
0 7 7 2 0
0 7 7 3 0
0 7 7 4 0
0 7 7 5 0
0 7 7 6 0
0 7 7 7 0
0 7 7 8 0
0 7 7 9 0
0 7 7 10 0
0 7 7 11 0.002176099566499872
0 7 7 12 0
0 7 7 13 0
0 7 7 14 0
0 7 7 15 0
0 7 8 0 0
0 7 8 1 0
0 7 8 2 0
0 7 8 3 0
0 7 8 4 0
0 7 8 5 0
0 7 8 6 0
0 7 8 7 0
0 7 8 8 0
0 7 8 9 0
0 7 8 10 0
0 7 8 11 0
0 7 8 12 0
0 7 8 13 0
0 7 8 14 0
0 7 8 15 0
0 7 9 0 0
0 7 9 1 0
0 7 9 2 0
0 7 9 3 0
0 7 9 4 0
0 7 9 5 0
0 7 9 6 0
0 7 9 7 0
0 7 9 8 0
0 7 9 9 0
0 7 9 10 0
0 7 9 11 0
0 7 9 12 0
0 7 9 13 0
0 7 9 14 0
0 7 9 15 0
0 7 10 0 0
0 7 10 1 0
0 7 10 2 0
0 7 10 3 0
0 7 10 4 0
0 7 10 5 0
0 7 10 6 0
0 7 10 7 0
0 7 10 8 0
0 7 10 9 0
0 7 10 10 0
0 7 10 11 0
0 7 10 12 0
0 7 10 13 0
0 7 10 14 0
0 7 10 15 0
0 7 11 0 0
0 7 11 1 0
0 7 11 2 0
0 7 11 3 0
0 7 11 4 0
0 7 11 5 0
0 7 11 6 0
0 7 11 7 -0.004352199132999743
0 7 11 8 0
0 7 11 9 0
0 7 11 10 0
0 7 11 11 0
0 7 11 12 0
0 7 11 13 0
0 7 11 14 0
0 7 11 15 0
0 7 12 0 0
0 7 12 1 0
0 7 12 2 0
0 7 12 3 0
0 7 12 4 0
0 7 12 5 0
0 7 12 6 0
0 7 12 7 0
0 7 12 8 0
0 7 12 9 0
0 7 12 10 0
0 7 12 11 0
0 7 12 12 0
0 7 12 13 0
0 7 12 14 0
0 7 12 15 0
0 7 13 0 0
0 7 13 1 0
0 7 13 2 0
0 7 13 3 0
0 7 13 4 0
0 7 13 5 0
0 7 13 6 0
0 7 13 7 0
0 7 13 8 0
0 7 13 9 0
0 7 13 10 0
0 7 13 11 0
0 7 13 12 0
0 7 13 13 0
0 7 13 14 0
0 7 13 15 0
0 7 14 0 0
0 7 14 1 0
0 7 14 2 0
0 7 14 3 0
0 7 14 4 0
0 7 14 5 0
0 7 14 6 0
0 7 14 7 0
0 7 14 8 0
0 7 14 9 0
0 7 14 10 0
0 7 14 11 0
0 7 14 12 0
0 7 14 13 0
0 7 14 14 0
0 7 14 15 0
0 7 15 0 0
0 7 15 1 0
0 7 15 2 0
0 7 15 3 0
0 7 15 4 0
0 7 15 5 0
0 7 15 6 0
0 7 15 7 0
0 7 15 8 0
0 7 15 9 0
0 7 15 10 0
0 7 15 11 0
0 7 15 12 0
0 7 15 13 0
0 7 15 14 0
0 7 15 15 0
0 8 0 0 0
0 8 0 1 0
0 8 0 2 0
0 8 0 3 0.1069425087370264
0 8 0 4 0
0 8 0 5 0
0 8 0 6 0
0 8 0 7 0
0 8 0 8 0.008281492498492551
0 8 0 9 0
0 8 0 10 0
0 8 0 11 0
0 8 0 12 0
0 8 0 13 0
0 8 0 14 0
0 8 0 15 0
0 8 1 0 0
0 8 1 1 0
0 8 1 2 0
0 8 1 3 0
0 8 1 4 0
0 8 1 5 0
0 8 1 6 0
0 8 1 7 0
0 8 1 8 0
0 8 1 9 0
0 8 1 10 0
0 8 1 11 0
0 8 1 12 0
0 8 1 13 0
0 8 1 14 0
0 8 1 15 0
0 8 2 0 0
0 8 2 1 0
0 8 2 2 0
0 8 2 3 0
0 8 2 4 0
0 8 2 5 0
0 8 2 6 0
0 8 2 7 0
0 8 2 8 0
0 8 2 9 0
0 8 2 10 0
0 8 2 11 0
0 8 2 12 0
0 8 2 13 0
0 8 2 14 0
0 8 2 15 0
0 8 3 0 -0.05347125436851322
0 8 3 1 0
0 8 3 2 0
0 8 3 3 0
0 8 3 4 0
0 8 3 5 0
0 8 3 6 0
0 8 3 7 0
0 8 3 8 0
0 8 3 9 0
0 8 3 10 0
0 8 3 11 -0.0007384671297031295
0 8 3 12 0
0 8 3 13 0
0 8 3 14 0
0 8 3 15 0
0 8 4 0 0
0 8 4 1 0
0 8 4 2 0
0 8 4 3 0
0 8 4 4 0
0 8 4 5 0
0 8 4 6 0
0 8 4 7 0
0 8 4 8 0
0 8 4 9 0
0 8 4 10 0
0 8 4 11 0
0 8 4 12 0
0 8 4 13 0
0 8 4 14 0
0 8 4 15 0
0 8 5 0 0
0 8 5 1 0
0 8 5 2 0
0 8 5 3 0
0 8 5 4 0
0 8 5 5 0
0 8 5 6 0
0 8 5 7 0
0 8 5 8 0
0 8 5 9 0
0 8 5 10 0
0 8 5 11 0
0 8 5 12 0
0 8 5 13 0
0 8 5 14 0
0 8 5 15 0
0 8 6 0 0
0 8 6 1 0
0 8 6 2 0
0 8 6 3 0
0 8 6 4 0
0 8 6 5 0
0 8 6 6 0
0 8 6 7 0
0 8 6 8 0
0 8 6 9 0
0 8 6 10 0
0 8 6 11 0
0 8 6 12 0
0 8 6 13 0
0 8 6 14 0
0 8 6 15 0
0 8 7 0 0
0 8 7 1 0
0 8 7 2 0
0 8 7 3 0
0 8 7 4 0
0 8 7 5 0
0 8 7 6 0
0 8 7 7 0
0 8 7 8 0
0 8 7 9 0
0 8 7 10 0
0 8 7 11 0
0 8 7 12 0
0 8 7 13 0
0 8 7 14 0
0 8 7 15 0
0 8 8 0 -0.004140746249246275
0 8 8 1 0
0 8 8 2 0
0 8 8 3 0
0 8 8 4 0
0 8 8 5 0
0 8 8 6 0
0 8 8 7 0
0 8 8 8 0
0 8 8 9 0
0 8 8 10 0
0 8 8 11 0
0 8 8 12 0
0 8 8 13 0
0 8 8 14 0
0 8 8 15 0
0 8 9 0 0
0 8 9 1 0
0 8 9 2 0
0 8 9 3 0
0 8 9 4 0
0 8 9 5 0
0 8 9 6 0
0 8 9 7 0
0 8 9 8 0
0 8 9 9 0
0 8 9 10 0
0 8 9 11 0
0 8 9 12 0
0 8 9 13 0
0 8 9 14 0
0 8 9 15 0
0 8 10 0 0
0 8 10 1 0
0 8 10 2 0
0 8 10 3 0
0 8 10 4 0
0 8 10 5 0
0 8 10 6 0
0 8 10 7 0
0 8 10 8 0
0 8 10 9 0
0 8 10 10 0
0 8 10 11 0
0 8 10 12 0
0 8 10 13 0
0 8 10 14 0
0 8 10 15 0
0 8 11 0 0
0 8 11 1 0
0 8 11 2 0
0 8 11 3 -0.0008664076782723926
0 8 11 4 0
0 8 11 5 0
0 8 11 6 0
0 8 11 7 0
0 8 11 8 0
0 8 11 9 0
0 8 11 10 0
0 8 11 11 0
0 8 11 12 0
0 8 11 13 0
0 8 11 14 0
0 8 11 15 0
0 8 12 0 0
0 8 12 1 0
0 8 12 2 0
0 8 12 3 0
0 8 12 4 0
0 8 12 5 0
0 8 12 6 0
0 8 12 7 0
0 8 12 8 0
0 8 12 9 0
0 8 12 10 0
0 8 12 11 0
0 8 12 12 0
0 8 12 13 0
0 8 12 14 0
0 8 12 15 0
0 8 13 0 0
0 8 13 1 0
0 8 13 2 0
0 8 13 3 0
0 8 13 4 0
0 8 13 5 0
0 8 13 6 0
0 8 13 7 0
0 8 13 8 0
0 8 13 9 0
0 8 13 10 0
0 8 13 11 0
0 8 13 12 0
0 8 13 13 0
0 8 13 14 0
0 8 13 15 0
0 8 14 0 0
0 8 14 1 0
0 8 14 2 0
0 8 14 3 0
0 8 14 4 0
0 8 14 5 0
0 8 14 6 0
0 8 14 7 0
0 8 14 8 0
0 8 14 9 0
0 8 14 10 0
0 8 14 11 0
0 8 14 12 0
0 8 14 13 0
0 8 14 14 0
0 8 14 15 0
0 8 15 0 0
0 8 15 1 0
0 8 15 2 0
0 8 15 3 0
0 8 15 4 0
0 8 15 5 0
0 8 15 6 0
0 8 15 7 0
0 8 15 8 0
0 8 15 9 0
0 8 15 10 0
0 8 15 11 0
0 8 15 12 0
0 8 15 13 0
0 8 15 14 0
0 8 15 15 0
0 9 0 0 0
0 9 0 1 0
0 9 0 2 0
0 9 0 3 0
0 9 0 4 0.1050878418050753
0 9 0 5 0
0 9 0 6 0
0 9 0 7 0
0 9 0 8 0
0 9 0 9 0.007996737184735425
0 9 0 10 0
0 9 0 11 0
0 9 0 12 0
0 9 0 13 0
0 9 0 14 0
0 9 0 15 0
0 9 1 0 0
0 9 1 1 0
0 9 1 2 0
0 9 1 3 0
0 9 1 4 0
0 9 1 5 0
0 9 1 6 0
0 9 1 7 0
0 9 1 8 0
0 9 1 9 0
0 9 1 10 0
0 9 1 11 0
0 9 1 12 0
0 9 1 13 0
0 9 1 14 0
0 9 1 15 0
0 9 2 0 0
0 9 2 1 0
0 9 2 2 0
0 9 2 3 0
0 9 2 4 0
0 9 2 5 0
0 9 2 6 0
0 9 2 7 0
0 9 2 8 0
0 9 2 9 0
0 9 2 10 0
0 9 2 11 0
0 9 2 12 0
0 9 2 13 0
0 9 2 14 0
0 9 2 15 0
0 9 3 0 0
0 9 3 1 0
0 9 3 2 0
0 9 3 3 0
0 9 3 4 0
0 9 3 5 0
0 9 3 6 0
0 9 3 7 0
0 9 3 8 0
0 9 3 9 0
0 9 3 10 0
0 9 3 11 0
0 9 3 12 0
0 9 3 13 0
0 9 3 14 0
0 9 3 15 0
0 9 4 0 -0.05254392090253764
0 9 4 1 0
0 9 4 2 0
0 9 4 3 0
0 9 4 4 0
0 9 4 5 0
0 9 4 6 0
0 9 4 7 0
0 9 4 8 0
0 9 4 9 0
0 9 4 10 0
0 9 4 11 -0.0007307575911964722
0 9 4 12 0
0 9 4 13 0
0 9 4 14 0
0 9 4 15 0
0 9 5 0 0
0 9 5 1 0
0 9 5 2 0
0 9 5 3 0
0 9 5 4 0
0 9 5 5 0
0 9 5 6 0
0 9 5 7 0
0 9 5 8 0
0 9 5 9 0
0 9 5 10 0
0 9 5 11 0
0 9 5 12 0
0 9 5 13 0
0 9 5 14 0
0 9 5 15 0
0 9 6 0 0
0 9 6 1 0
0 9 6 2 0
0 9 6 3 0
0 9 6 4 0
0 9 6 5 0
0 9 6 6 0
0 9 6 7 0
0 9 6 8 0
0 9 6 9 0
0 9 6 10 0
0 9 6 11 0
0 9 6 12 0
0 9 6 13 0
0 9 6 14 0
0 9 6 15 0
0 9 7 0 0
0 9 7 1 0
0 9 7 2 0
0 9 7 3 0
0 9 7 4 0
0 9 7 5 0
0 9 7 6 0
0 9 7 7 0
0 9 7 8 0
0 9 7 9 0
0 9 7 10 0
0 9 7 11 0
0 9 7 12 0
0 9 7 13 0
0 9 7 14 0
0 9 7 15 0
0 9 8 0 0
0 9 8 1 0
0 9 8 2 0
0 9 8 3 0
0 9 8 4 0
0 9 8 5 0
0 9 8 6 0
0 9 8 7 0
0 9 8 8 0
0 9 8 9 0
0 9 8 10 0
0 9 8 11 0
0 9 8 12 0
0 9 8 13 0
0 9 8 14 0
0 9 8 15 0
0 9 9 0 -0.003998368592367713
0 9 9 1 0
0 9 9 2 0
0 9 9 3 0
0 9 9 4 0
0 9 9 5 0
0 9 9 6 0
0 9 9 7 0
0 9 9 8 0
0 9 9 9 0
0 9 9 10 0
0 9 9 11 0
0 9 9 12 0
0 9 9 13 0
0 9 9 14 0
0 9 9 15 0
0 9 10 0 0
0 9 10 1 0
0 9 10 2 0
0 9 10 3 0
0 9 10 4 0
0 9 10 5 0
0 9 10 6 0
0 9 10 7 0
0 9 10 8 0
0 9 10 9 0
0 9 10 10 0
0 9 10 11 0
0 9 10 12 0
0 9 10 13 0
0 9 10 14 0
0 9 10 15 0
0 9 11 0 0
0 9 11 1 0
0 9 11 2 0
0 9 11 3 0
0 9 11 4 -0.0008513818696443965
0 9 11 5 0
0 9 11 6 0
0 9 11 7 0
0 9 11 8 0
0 9 11 9 0
0 9 11 10 0
0 9 11 11 0
0 9 11 12 0
0 9 11 13 0
0 9 11 14 0
0 9 11 15 0
0 9 12 0 0
0 9 12 1 0
0 9 12 2 0
0 9 12 3 0
0 9 12 4 0
0 9 12 5 0
0 9 12 6 0
0 9 12 7 0
0 9 12 8 0
0 9 12 9 0
0 9 12 10 0
0 9 12 11 0
0 9 12 12 0
0 9 12 13 0
0 9 12 14 0
0 9 12 15 0
0 9 13 0 0
0 9 13 1 0
0 9 13 2 0
0 9 13 3 0
0 9 13 4 0
0 9 13 5 0
0 9 13 6 0
0 9 13 7 0
0 9 13 8 0
0 9 13 9 0
0 9 13 10 0
0 9 13 11 0
0 9 13 12 0
0 9 13 13 0
0 9 13 14 0
0 9 13 15 0
0 9 14 0 0
0 9 14 1 0
0 9 14 2 0
0 9 14 3 0
0 9 14 4 0
0 9 14 5 0
0 9 14 6 0
0 9 14 7 0
0 9 14 8 0
0 9 14 9 0
0 9 14 10 0
0 9 14 11 0
0 9 14 12 0
0 9 14 13 0
0 9 14 14 0
0 9 14 15 0
0 9 15 0 0
0 9 15 1 0
0 9 15 2 0
0 9 15 3 0
0 9 15 4 0
0 9 15 5 0
0 9 15 6 0
0 9 15 7 0
0 9 15 8 0
0 9 15 9 0
0 9 15 10 0
0 9 15 11 0
0 9 15 12 0
0 9 15 13 0
0 9 15 14 0
0 9 15 15 0
0 10 0 0 0
0 10 0 1 0
0 10 0 2 0
0 10 0 3 0
0 10 0 4 0
0 10 0 5 0
0 10 0 6 0
0 10 0 7 0
0 10 0 8 0
0 10 0 9 0
0 10 0 10 0
0 10 0 11 0
0 10 0 12 0
0 10 0 13 0
0 10 0 14 0
0 10 0 15 0
0 10 1 0 0
0 10 1 1 0
0 10 1 2 0
0 10 1 3 0
0 10 1 4 0
0 10 1 5 0
0 10 1 6 0
0 10 1 7 0
0 10 1 8 0
0 10 1 9 0
0 10 1 10 0
0 10 1 11 0
0 10 1 12 0
0 10 1 13 0
0 10 1 14 0
0 10 1 15 0
0 10 2 0 0
0 10 2 1 0
0 10 2 2 0
0 10 2 3 0
0 10 2 4 0
0 10 2 5 0
0 10 2 6 0
0 10 2 7 0
0 10 2 8 0
0 10 2 9 0
0 10 2 10 0
0 10 2 11 0
0 10 2 12 0
0 10 2 13 0
0 10 2 14 0
0 10 2 15 0
0 10 3 0 0
0 10 3 1 0
0 10 3 2 0
0 10 3 3 0
0 10 3 4 0
0 10 3 5 0
0 10 3 6 0
0 10 3 7 0
0 10 3 8 0
0 10 3 9 0
0 10 3 10 0
0 10 3 11 0
0 10 3 12 0
0 10 3 13 0
0 10 3 14 0
0 10 3 15 0
0 10 4 0 0
0 10 4 1 0
0 10 4 2 0
0 10 4 3 0
0 10 4 4 0
0 10 4 5 0
0 10 4 6 0
0 10 4 7 0
0 10 4 8 0
0 10 4 9 0
0 10 4 10 0
0 10 4 11 0
0 10 4 12 0
0 10 4 13 0
0 10 4 14 0
0 10 4 15 0
0 10 5 0 0
0 10 5 1 0
0 10 5 2 0
0 10 5 3 0
0 10 5 4 0
0 10 5 5 0
0 10 5 6 0
0 10 5 7 0
0 10 5 8 0
0 10 5 9 0
0 10 5 10 0
0 10 5 11 0
0 10 5 12 0
0 10 5 13 0
0 10 5 14 0
0 10 5 15 0
0 10 6 0 0
0 10 6 1 0
0 10 6 2 0
0 10 6 3 0
0 10 6 4 0
0 10 6 5 0
0 10 6 6 0
0 10 6 7 0
0 10 6 8 0
0 10 6 9 0
0 10 6 10 0
0 10 6 11 0
0 10 6 12 0
0 10 6 13 0
0 10 6 14 0
0 10 6 15 0
0 10 7 0 0
0 10 7 1 0
0 10 7 2 0
0 10 7 3 0
0 10 7 4 0
0 10 7 5 0
0 10 7 6 0
0 10 7 7 0
0 10 7 8 0
0 10 7 9 0
0 10 7 10 0
0 10 7 11 0
0 10 7 12 0
0 10 7 13 0
0 10 7 14 0
0 10 7 15 0
0 10 8 0 0
0 10 8 1 0
0 10 8 2 0
0 10 8 3 0
0 10 8 4 0
0 10 8 5 0
0 10 8 6 0
0 10 8 7 0
0 10 8 8 0
0 10 8 9 0
0 10 8 10 0
0 10 8 11 0
0 10 8 12 0
0 10 8 13 0
0 10 8 14 0
0 10 8 15 0
0 10 9 0 0
0 10 9 1 0
0 10 9 2 0
0 10 9 3 0
0 10 9 4 0
0 10 9 5 0
0 10 9 6 0
0 10 9 7 0
0 10 9 8 0
0 10 9 9 0
0 10 9 10 0
0 10 9 11 0
0 10 9 12 0
0 10 9 13 0
0 10 9 14 0
0 10 9 15 0
0 10 10 0 0
0 10 10 1 0
0 10 10 2 0
0 10 10 3 0
0 10 10 4 0
0 10 10 5 0
0 10 10 6 0
0 10 10 7 0
0 10 10 8 0
0 10 10 9 0
0 10 10 10 0
0 10 10 11 0
0 10 10 12 0
0 10 10 13 0
0 10 10 14 0
0 10 10 15 0
0 10 11 0 0
0 10 11 1 0
0 10 11 2 0
0 10 11 3 0
0 10 11 4 0
0 10 11 5 0
0 10 11 6 0
0 10 11 7 0
0 10 11 8 0
0 10 11 9 0
0 10 11 10 0
0 10 11 11 0
0 10 11 12 0
0 10 11 13 0
0 10 11 14 0
0 10 11 15 0
0 10 12 0 0
0 10 12 1 0
0 10 12 2 0
0 10 12 3 0
0 10 12 4 0
0 10 12 5 0
0 10 12 6 0
0 10 12 7 0
0 10 12 8 0
0 10 12 9 0
0 10 12 10 0
0 10 12 11 0
0 10 12 12 0
0 10 12 13 0
0 10 12 14 0
0 10 12 15 0
0 10 13 0 0
0 10 13 1 0
0 10 13 2 0
0 10 13 3 0
0 10 13 4 0
0 10 13 5 0
0 10 13 6 0
0 10 13 7 0
0 10 13 8 0
0 10 13 9 0
0 10 13 10 0
0 10 13 11 0
0 10 13 12 0
0 10 13 13 0
0 10 13 14 0
0 10 13 15 0
0 10 14 0 0
0 10 14 1 0
0 10 14 2 0
0 10 14 3 0
0 10 14 4 0
0 10 14 5 0
0 10 14 6 0
0 10 14 7 0
0 10 14 8 0
0 10 14 9 0
0 10 14 10 0
0 10 14 11 0
0 10 14 12 0
0 10 14 13 0
0 10 14 14 0
0 10 14 15 0
0 10 15 0 0
0 10 15 1 0
0 10 15 2 0
0 10 15 3 0
0 10 15 4 0
0 10 15 5 0
0 10 15 6 0
0 10 15 7 0
0 10 15 8 0
0 10 15 9 0
0 10 15 10 0
0 10 15 11 0
0 10 15 12 0
0 10 15 13 0
0 10 15 14 0
0 10 15 15 0
0 11 0 0 -0.01336439813953341
0 11 0 1 0
0 11 0 2 -0.04917416824920522
0 11 0 3 0
0 11 0 4 0
0 11 0 5 0
0 11 0 6 0
0 11 0 7 0
0 11 0 8 0
0 11 0 9 0
0 11 0 10 0
0 11 0 11 0.00171834061943503
0 11 0 12 0
0 11 0 13 0
0 11 0 14 -0.00107889291423357
0 11 0 15 0
0 11 1 0 0
0 11 1 1 0
0 11 1 2 0
0 11 1 3 0
0 11 1 4 0
0 11 1 5 0
0 11 1 6 0
0 11 1 7 0
0 11 1 8 0
0 11 1 9 0
0 11 1 10 0
0 11 1 11 0
0 11 1 12 0
0 11 1 13 0
0 11 1 14 0
0 11 1 15 0
0 11 2 0 0.02458708412460262
0 11 2 1 0
0 11 2 2 0
0 11 2 3 0
0 11 2 4 0
0 11 2 5 0
0 11 2 6 0
0 11 2 7 0
0 11 2 8 0
0 11 2 9 0
0 11 2 10 0
0 11 2 11 -0.0003873954183067261
0 11 2 12 0
0 11 2 13 0
0 11 2 14 0
0 11 2 15 0
0 11 3 0 0
0 11 3 1 0
0 11 3 2 0
0 11 3 3 0
0 11 3 4 0
0 11 3 5 0
0 11 3 6 0
0 11 3 7 0
0 11 3 8 0
0 11 3 9 0
0 11 3 10 0
0 11 3 11 0
0 11 3 12 0
0 11 3 13 0
0 11 3 14 0
0 11 3 15 0
0 11 4 0 0
0 11 4 1 0
0 11 4 2 0
0 11 4 3 0
0 11 4 4 0
0 11 4 5 0
0 11 4 6 0
0 11 4 7 0
0 11 4 8 0
0 11 4 9 0
0 11 4 10 0
0 11 4 11 0
0 11 4 12 0
0 11 4 13 0
0 11 4 14 0
0 11 4 15 0
0 11 5 0 0
0 11 5 1 0
0 11 5 2 0
0 11 5 3 0
0 11 5 4 0
0 11 5 5 0
0 11 5 6 0
0 11 5 7 0
0 11 5 8 0
0 11 5 9 0
0 11 5 10 0
0 11 5 11 0
0 11 5 12 0
0 11 5 13 0
0 11 5 14 0
0 11 5 15 0
0 11 6 0 0
0 11 6 1 0
0 11 6 2 0
0 11 6 3 0
0 11 6 4 0
0 11 6 5 0
0 11 6 6 0
0 11 6 7 0
0 11 6 8 0
0 11 6 9 0
0 11 6 10 0
0 11 6 11 0
0 11 6 12 0
0 11 6 13 0
0 11 6 14 0
0 11 6 15 0
0 11 7 0 0
0 11 7 1 0
0 11 7 2 0
0 11 7 3 0
0 11 7 4 0
0 11 7 5 0
0 11 7 6 0
0 11 7 7 0
0 11 7 8 0
0 11 7 9 0
0 11 7 10 0
0 11 7 11 0
0 11 7 12 0
0 11 7 13 0
0 11 7 14 0
0 11 7 15 0
0 11 8 0 0
0 11 8 1 0
0 11 8 2 0
0 11 8 3 0
0 11 8 4 0
0 11 8 5 0
0 11 8 6 0
0 11 8 7 0
0 11 8 8 0
0 11 8 9 0
0 11 8 10 0
0 11 8 11 0
0 11 8 12 0
0 11 8 13 0
0 11 8 14 0
0 11 8 15 0
0 11 9 0 0
0 11 9 1 0
0 11 9 2 0
0 11 9 3 0
0 11 9 4 0
0 11 9 5 0
0 11 9 6 0
0 11 9 7 0
0 11 9 8 0
0 11 9 9 0
0 11 9 10 0
0 11 9 11 0
0 11 9 12 0
0 11 9 13 0
0 11 9 14 0
0 11 9 15 0
0 11 10 0 0
0 11 10 1 0
0 11 10 2 0
0 11 10 3 0
0 11 10 4 0
0 11 10 5 0
0 11 10 6 0
0 11 10 7 0
0 11 10 8 0
0 11 10 9 0
0 11 10 10 0
0 11 10 11 0
0 11 10 12 0
0 11 10 13 0
0 11 10 14 0
0 11 10 15 0
0 11 11 0 -0.0009967679944524828
0 11 11 1 0
0 11 11 2 0.0003983904758446997
0 11 11 3 0
0 11 11 4 0
0 11 11 5 0
0 11 11 6 0
0 11 11 7 0
0 11 11 8 0
0 11 11 9 0
0 11 11 10 0
0 11 11 11 0
0 11 11 12 0
0 11 11 13 0
0 11 11 14 0
0 11 11 15 0
0 11 12 0 0
0 11 12 1 0
0 11 12 2 0
0 11 12 3 0
0 11 12 4 0
0 11 12 5 0
0 11 12 6 0
0 11 12 7 0
0 11 12 8 0
0 11 12 9 0
0 11 12 10 0
0 11 12 11 0
0 11 12 12 0
0 11 12 13 0
0 11 12 14 0
0 11 12 15 0
0 11 13 0 0
0 11 13 1 0
0 11 13 2 0
0 11 13 3 0
0 11 13 4 0
0 11 13 5 0
0 11 13 6 0
0 11 13 7 0
0 11 13 8 0
0 11 13 9 0
0 11 13 10 0
0 11 13 11 0
0 11 13 12 0
0 11 13 13 0
0 11 13 14 0
0 11 13 15 0
0 11 14 0 0.0005394464571167848
0 11 14 1 0
0 11 14 2 0
0 11 14 3 0
0 11 14 4 0
0 11 14 5 0
0 11 14 6 0
0 11 14 7 0
0 11 14 8 0
0 11 14 9 0
0 11 14 10 0
0 11 14 11 0
0 11 14 12 0
0 11 14 13 0
0 11 14 14 0
0 11 14 15 0
0 11 15 0 0
0 11 15 1 0
0 11 15 2 0
0 11 15 3 0
0 11 15 4 0
0 11 15 5 0
0 11 15 6 0
0 11 15 7 0
0 11 15 8 0
0 11 15 9 0
0 11 15 10 0
0 11 15 11 0
0 11 15 12 0
0 11 15 13 0
0 11 15 14 0
0 11 15 15 0
0 12 0 0 0
0 12 0 1 0
0 12 0 2 0
0 12 0 3 0
0 12 0 4 0
0 12 0 5 0.09803840712275523
0 12 0 6 0
0 12 0 7 0
0 12 0 8 0
0 12 0 9 0
0 12 0 10 0
0 12 0 11 0
0 12 0 12 0.006959857855889614
0 12 0 13 0
0 12 0 14 0
0 12 0 15 0
0 12 1 0 0
0 12 1 1 0
0 12 1 2 0
0 12 1 3 0
0 12 1 4 0
0 12 1 5 0
0 12 1 6 0
0 12 1 7 0
0 12 1 8 0
0 12 1 9 0
0 12 1 10 0
0 12 1 11 0
0 12 1 12 0
0 12 1 13 0
0 12 1 14 0
0 12 1 15 0
0 12 2 0 0
0 12 2 1 0
0 12 2 2 0
0 12 2 3 0
0 12 2 4 0
0 12 2 5 0
0 12 2 6 0
0 12 2 7 0
0 12 2 8 0
0 12 2 9 0
0 12 2 10 0
0 12 2 11 0
0 12 2 12 0
0 12 2 13 0
0 12 2 14 0
0 12 2 15 0
0 12 3 0 0
0 12 3 1 0
0 12 3 2 0
0 12 3 3 0
0 12 3 4 0
0 12 3 5 0
0 12 3 6 0
0 12 3 7 0
0 12 3 8 0
0 12 3 9 0
0 12 3 10 0
0 12 3 11 0
0 12 3 12 0
0 12 3 13 0
0 12 3 14 0
0 12 3 15 0
0 12 4 0 0
0 12 4 1 0
0 12 4 2 0
0 12 4 3 0
0 12 4 4 0
0 12 4 5 0
0 12 4 6 0
0 12 4 7 0
0 12 4 8 0
0 12 4 9 0
0 12 4 10 0
0 12 4 11 0
0 12 4 12 0
0 12 4 13 0
0 12 4 14 0
0 12 4 15 0
0 12 5 0 -0.04901920356137762
0 12 5 1 0
0 12 5 2 0
0 12 5 3 0
0 12 5 4 0
0 12 5 5 0
0 12 5 6 0
0 12 5 7 0
0 12 5 8 0
0 12 5 9 0
0 12 5 10 0
0 12 5 11 -0.0008390351938217992
0 12 5 12 0
0 12 5 13 0
0 12 5 14 0
0 12 5 15 0
0 12 6 0 0
0 12 6 1 0
0 12 6 2 0
0 12 6 3 0
0 12 6 4 0
0 12 6 5 0
0 12 6 6 0
0 12 6 7 0
0 12 6 8 0
0 12 6 9 0
0 12 6 10 0
0 12 6 11 0
0 12 6 12 0
0 12 6 13 0
0 12 6 14 0
0 12 6 15 0
0 12 7 0 0
0 12 7 1 0
0 12 7 2 0
0 12 7 3 0
0 12 7 4 0
0 12 7 5 0
0 12 7 6 0
0 12 7 7 0
0 12 7 8 0
0 12 7 9 0
0 12 7 10 0
0 12 7 11 0
0 12 7 12 0
0 12 7 13 0
0 12 7 14 0
0 12 7 15 0
0 12 8 0 0
0 12 8 1 0
0 12 8 2 0
0 12 8 3 0
0 12 8 4 0
0 12 8 5 0
0 12 8 6 0
0 12 8 7 0
0 12 8 8 0
0 12 8 9 0
0 12 8 10 0
0 12 8 11 0
0 12 8 12 0
0 12 8 13 0
0 12 8 14 0
0 12 8 15 0
0 12 9 0 0
0 12 9 1 0
0 12 9 2 0
0 12 9 3 0
0 12 9 4 0
0 12 9 5 0
0 12 9 6 0
0 12 9 7 0
0 12 9 8 0
0 12 9 9 0
0 12 9 10 0
0 12 9 11 0
0 12 9 12 0
0 12 9 13 0
0 12 9 14 0
0 12 9 15 0
0 12 10 0 0
0 12 10 1 0
0 12 10 2 0
0 12 10 3 0
0 12 10 4 0
0 12 10 5 0
0 12 10 6 0
0 12 10 7 0
0 12 10 8 0
0 12 10 9 0
0 12 10 10 0
0 12 10 11 0
0 12 10 12 0
0 12 10 13 0
0 12 10 14 0
0 12 10 15 0
0 12 11 0 0
0 12 11 1 0
0 12 11 2 0
0 12 11 3 0
0 12 11 4 0
0 12 11 5 -0.0007942700213403632
0 12 11 6 0
0 12 11 7 0
0 12 11 8 0
0 12 11 9 0
0 12 11 10 0
0 12 11 11 0
0 12 11 12 0
0 12 11 13 0
0 12 11 14 0
0 12 11 15 0
0 12 12 0 -0.003479928927944808
0 12 12 1 0
0 12 12 2 0
0 12 12 3 0
0 12 12 4 0
0 12 12 5 0
0 12 12 6 0
0 12 12 7 0
0 12 12 8 0
0 12 12 9 0
0 12 12 10 0
0 12 12 11 0
0 12 12 12 0
0 12 12 13 0
0 12 12 14 0
0 12 12 15 0
0 12 13 0 0
0 12 13 1 0
0 12 13 2 0
0 12 13 3 0
0 12 13 4 0
0 12 13 5 0
0 12 13 6 0
0 12 13 7 0
0 12 13 8 0
0 12 13 9 0
0 12 13 10 0
0 12 13 11 0
0 12 13 12 0
0 12 13 13 0
0 12 13 14 0
0 12 13 15 0
0 12 14 0 0
0 12 14 1 0
0 12 14 2 0
0 12 14 3 0
0 12 14 4 0
0 12 14 5 0
0 12 14 6 0
0 12 14 7 0
0 12 14 8 0
0 12 14 9 0
0 12 14 10 0
0 12 14 11 0
0 12 14 12 0
0 12 14 13 0
0 12 14 14 0
0 12 14 15 0
0 12 15 0 0
0 12 15 1 0
0 12 15 2 0
0 12 15 3 0
0 12 15 4 0
0 12 15 5 0
0 12 15 6 0
0 12 15 7 0
0 12 15 8 0
0 12 15 9 0
0 12 15 10 0
0 12 15 11 0
0 12 15 12 0
0 12 15 13 0
0 12 15 14 0
0 12 15 15 0
0 13 0 0 0
0 13 0 1 0
0 13 0 2 0
0 13 0 3 0
0 13 0 4 0
0 13 0 5 0
0 13 0 6 0.09926096325152345
0 13 0 7 0
0 13 0 8 0
0 13 0 9 0
0 13 0 10 0
0 13 0 11 0
0 13 0 12 0
0 13 0 13 0.007134521446366593
0 13 0 14 0
0 13 0 15 0
0 13 1 0 0
0 13 1 1 0
0 13 1 2 0
0 13 1 3 0
0 13 1 4 0
0 13 1 5 0
0 13 1 6 0
0 13 1 7 0
0 13 1 8 0
0 13 1 9 0
0 13 1 10 0
0 13 1 11 0
0 13 1 12 0
0 13 1 13 0
0 13 1 14 0
0 13 1 15 0
0 13 2 0 0
0 13 2 1 0
0 13 2 2 0
0 13 2 3 0
0 13 2 4 0
0 13 2 5 0
0 13 2 6 0
0 13 2 7 0
0 13 2 8 0
0 13 2 9 0
0 13 2 10 0
0 13 2 11 0
0 13 2 12 0
0 13 2 13 0
0 13 2 14 0
0 13 2 15 0
0 13 3 0 0
0 13 3 1 0
0 13 3 2 0
0 13 3 3 0
0 13 3 4 0
0 13 3 5 0
0 13 3 6 0
0 13 3 7 0
0 13 3 8 0
0 13 3 9 0
0 13 3 10 0
0 13 3 11 0
0 13 3 12 0
0 13 3 13 0
0 13 3 14 0
0 13 3 15 0
0 13 4 0 0
0 13 4 1 0
0 13 4 2 0
0 13 4 3 0
0 13 4 4 0
0 13 4 5 0
0 13 4 6 0
0 13 4 7 0
0 13 4 8 0
0 13 4 9 0
0 13 4 10 0
0 13 4 11 0
0 13 4 12 0
0 13 4 13 0
0 13 4 14 0
0 13 4 15 0
0 13 5 0 0
0 13 5 1 0
0 13 5 2 0
0 13 5 3 0
0 13 5 4 0
0 13 5 5 0
0 13 5 6 0
0 13 5 7 0
0 13 5 8 0
0 13 5 9 0
0 13 5 10 0
0 13 5 11 0
0 13 5 12 0
0 13 5 13 0
0 13 5 14 0
0 13 5 15 0
0 13 6 0 -0.04963048162576172
0 13 6 1 0
0 13 6 2 0
0 13 6 3 0
0 13 6 4 0
0 13 6 5 0
0 13 6 6 0
0 13 6 7 0
0 13 6 8 0
0 13 6 9 0
0 13 6 10 0
0 13 6 11 -0.0008541723898991104
0 13 6 12 0
0 13 6 13 0
0 13 6 14 0
0 13 6 15 0
0 13 7 0 0
0 13 7 1 0
0 13 7 2 0
0 13 7 3 0
0 13 7 4 0
0 13 7 5 0
0 13 7 6 0
0 13 7 7 0
0 13 7 8 0
0 13 7 9 0
0 13 7 10 0
0 13 7 11 0
0 13 7 12 0
0 13 7 13 0
0 13 7 14 0
0 13 7 15 0
0 13 8 0 0
0 13 8 1 0
0 13 8 2 0
0 13 8 3 0
0 13 8 4 0
0 13 8 5 0
0 13 8 6 0
0 13 8 7 0
0 13 8 8 0
0 13 8 9 0
0 13 8 10 0
0 13 8 11 0
0 13 8 12 0
0 13 8 13 0
0 13 8 14 0
0 13 8 15 0
0 13 9 0 0
0 13 9 1 0
0 13 9 2 0
0 13 9 3 0
0 13 9 4 0
0 13 9 5 0
0 13 9 6 0
0 13 9 7 0
0 13 9 8 0
0 13 9 9 0
0 13 9 10 0
0 13 9 11 0
0 13 9 12 0
0 13 9 13 0
0 13 9 14 0
0 13 9 15 0
0 13 10 0 0
0 13 10 1 0
0 13 10 2 0
0 13 10 3 0
0 13 10 4 0
0 13 10 5 0
0 13 10 6 0
0 13 10 7 0
0 13 10 8 0
0 13 10 9 0
0 13 10 10 0
0 13 10 11 0
0 13 10 12 0
0 13 10 13 0
0 13 10 14 0
0 13 10 15 0
0 13 11 0 0
0 13 11 1 0
0 13 11 2 0
0 13 11 3 0
0 13 11 4 0
0 13 11 5 0
0 13 11 6 -0.0008041747077891207
0 13 11 7 0
0 13 11 8 0
0 13 11 9 0
0 13 11 10 0
0 13 11 11 0
0 13 11 12 0
0 13 11 13 0
0 13 11 14 0
0 13 11 15 0
0 13 12 0 0
0 13 12 1 0
0 13 12 2 0
0 13 12 3 0
0 13 12 4 0
0 13 12 5 0
0 13 12 6 0
0 13 12 7 0
0 13 12 8 0
0 13 12 9 0
0 13 12 10 0
0 13 12 11 0
0 13 12 12 0
0 13 12 13 0
0 13 12 14 0
0 13 12 15 0
0 13 13 0 -0.003567260723183296
0 13 13 1 0
0 13 13 2 0
0 13 13 3 0
0 13 13 4 0
0 13 13 5 0
0 13 13 6 0
0 13 13 7 0
0 13 13 8 0
0 13 13 9 0
0 13 13 10 0
0 13 13 11 0
0 13 13 12 0
0 13 13 13 0
0 13 13 14 0
0 13 13 15 0
0 13 14 0 0
0 13 14 1 0
0 13 14 2 0
0 13 14 3 0
0 13 14 4 0
0 13 14 5 0
0 13 14 6 0
0 13 14 7 0
0 13 14 8 0
0 13 14 9 0
0 13 14 10 0
0 13 14 11 0
0 13 14 12 0
0 13 14 13 0
0 13 14 14 0
0 13 14 15 0
0 13 15 0 0
0 13 15 1 0
0 13 15 2 0
0 13 15 3 0
0 13 15 4 0
0 13 15 5 0
0 13 15 6 0
0 13 15 7 0
0 13 15 8 0
0 13 15 9 0
0 13 15 10 0
0 13 15 11 0
0 13 15 12 0
0 13 15 13 0
0 13 15 14 0
0 13 15 15 0
0 14 0 0 0
0 14 0 1 0
0 14 0 2 0.06552697730396771
0 14 0 3 0
0 14 0 4 0
0 14 0 5 0
0 14 0 6 0
0 14 0 7 0
0 14 0 8 0
0 14 0 9 0
0 14 0 10 0
0 14 0 11 -0.00107889291423357
0 14 0 12 0
0 14 0 13 0
0 14 0 14 0.001868580747337894
0 14 0 15 0
0 14 1 0 0
0 14 1 1 0
0 14 1 2 0
0 14 1 3 0
0 14 1 4 0
0 14 1 5 0
0 14 1 6 0
0 14 1 7 0
0 14 1 8 0
0 14 1 9 0
0 14 1 10 0
0 14 1 11 0
0 14 1 12 0
0 14 1 13 0
0 14 1 14 0
0 14 1 15 0
0 14 2 0 -0.03276348865198386
0 14 2 1 0
0 14 2 2 0
0 14 2 3 0
0 14 2 4 0
0 14 2 5 0
0 14 2 6 0
0 14 2 7 0
0 14 2 8 0
0 14 2 9 0
0 14 2 10 0
0 14 2 11 9.962961556027948e-05
0 14 2 12 0
0 14 2 13 0
0 14 2 14 0
0 14 2 15 0
0 14 3 0 0
0 14 3 1 0
0 14 3 2 0
0 14 3 3 0
0 14 3 4 0
0 14 3 5 0
0 14 3 6 0
0 14 3 7 0
0 14 3 8 0
0 14 3 9 0
0 14 3 10 0
0 14 3 11 0
0 14 3 12 0
0 14 3 13 0
0 14 3 14 0
0 14 3 15 0
0 14 4 0 0
0 14 4 1 0
0 14 4 2 0
0 14 4 3 0
0 14 4 4 0
0 14 4 5 0
0 14 4 6 0
0 14 4 7 0
0 14 4 8 0
0 14 4 9 0
0 14 4 10 0
0 14 4 11 0
0 14 4 12 0
0 14 4 13 0
0 14 4 14 0
0 14 4 15 0
0 14 5 0 0
0 14 5 1 0
0 14 5 2 0
0 14 5 3 0
0 14 5 4 0
0 14 5 5 0
0 14 5 6 0
0 14 5 7 0
0 14 5 8 0
0 14 5 9 0
0 14 5 10 0
0 14 5 11 0
0 14 5 12 0
0 14 5 13 0
0 14 5 14 0
0 14 5 15 0
0 14 6 0 0
0 14 6 1 0
0 14 6 2 0
0 14 6 3 0
0 14 6 4 0
0 14 6 5 0
0 14 6 6 0
0 14 6 7 0
0 14 6 8 0
0 14 6 9 0
0 14 6 10 0
0 14 6 11 0
0 14 6 12 0
0 14 6 13 0
0 14 6 14 0
0 14 6 15 0
0 14 7 0 0
0 14 7 1 0
0 14 7 2 0
0 14 7 3 0
0 14 7 4 0
0 14 7 5 0
0 14 7 6 0
0 14 7 7 0
0 14 7 8 0
0 14 7 9 0
0 14 7 10 0
0 14 7 11 0
0 14 7 12 0
0 14 7 13 0
0 14 7 14 0
0 14 7 15 0
0 14 8 0 0
0 14 8 1 0
0 14 8 2 0
0 14 8 3 0
0 14 8 4 0
0 14 8 5 0
0 14 8 6 0
0 14 8 7 0
0 14 8 8 0
0 14 8 9 0
0 14 8 10 0
0 14 8 11 0
0 14 8 12 0
0 14 8 13 0
0 14 8 14 0
0 14 8 15 0
0 14 9 0 0
0 14 9 1 0
0 14 9 2 0
0 14 9 3 0
0 14 9 4 0
0 14 9 5 0
0 14 9 6 0
0 14 9 7 0
0 14 9 8 0
0 14 9 9 0
0 14 9 10 0
0 14 9 11 0
0 14 9 12 0
0 14 9 13 0
0 14 9 14 0
0 14 9 15 0
0 14 10 0 0
0 14 10 1 0
0 14 10 2 0
0 14 10 3 0
0 14 10 4 0
0 14 10 5 0
0 14 10 6 0
0 14 10 7 0
0 14 10 8 0
0 14 10 9 0
0 14 10 10 0
0 14 10 11 0
0 14 10 12 0
0 14 10 13 0
0 14 10 14 0
0 14 10 15 0
0 14 11 0 0.0005394464571167848
0 14 11 1 0
0 14 11 2 -0.0005308747376568888
0 14 11 3 0
0 14 11 4 0
0 14 11 5 0
0 14 11 6 0
0 14 11 7 0
0 14 11 8 0
0 14 11 9 0
0 14 11 10 0
0 14 11 11 0
0 14 11 12 0
0 14 11 13 0
0 14 11 14 0
0 14 11 15 0
0 14 12 0 0
0 14 12 1 0
0 14 12 2 0
0 14 12 3 0
0 14 12 4 0
0 14 12 5 0
0 14 12 6 0
0 14 12 7 0
0 14 12 8 0
0 14 12 9 0
0 14 12 10 0
0 14 12 11 0
0 14 12 12 0
0 14 12 13 0
0 14 12 14 0
0 14 12 15 0
0 14 13 0 0
0 14 13 1 0
0 14 13 2 0
0 14 13 3 0
0 14 13 4 0
0 14 13 5 0
0 14 13 6 0
0 14 13 7 0
0 14 13 8 0
0 14 13 9 0
0 14 13 10 0
0 14 13 11 0
0 14 13 12 0
0 14 13 13 0
0 14 13 14 0
0 14 13 15 0
0 14 14 0 -0.0009342903736689466
0 14 14 1 0
0 14 14 2 0
0 14 14 3 0
0 14 14 4 0
0 14 14 5 0
0 14 14 6 0
0 14 14 7 0
0 14 14 8 0
0 14 14 9 0
0 14 14 10 0
0 14 14 11 0
0 14 14 12 0
0 14 14 13 0
0 14 14 14 0
0 14 14 15 0
0 14 15 0 0
0 14 15 1 0
0 14 15 2 0
0 14 15 3 0
0 14 15 4 0
0 14 15 5 0
0 14 15 6 0
0 14 15 7 0
0 14 15 8 0
0 14 15 9 0
0 14 15 10 0
0 14 15 11 0
0 14 15 12 0
0 14 15 13 0
0 14 15 14 0
0 14 15 15 0
0 15 0 0 0
0 15 0 1 0.02288364313026681
0 15 0 2 0
0 15 0 3 0
0 15 0 4 0
0 15 0 5 0
0 15 0 6 0
0 15 0 7 0
0 15 0 8 0
0 15 0 9 0
0 15 0 10 0
0 15 0 11 0
0 15 0 12 0
0 15 0 13 0
0 15 0 14 0
0 15 0 15 0.0002123180132127141
0 15 1 0 -0.0114418215651334
0 15 1 1 0
0 15 1 2 0
0 15 1 3 0
0 15 1 4 0
0 15 1 5 0
0 15 1 6 0
0 15 1 7 0
0 15 1 8 0
0 15 1 9 0
0 15 1 10 0
0 15 1 11 0.0001668401460530865
0 15 1 12 0
0 15 1 13 0
0 15 1 14 0
0 15 1 15 0
0 15 2 0 0
0 15 2 1 0
0 15 2 2 0
0 15 2 3 0
0 15 2 4 0
0 15 2 5 0
0 15 2 6 0
0 15 2 7 0
0 15 2 8 0
0 15 2 9 0
0 15 2 10 0
0 15 2 11 0
0 15 2 12 0
0 15 2 13 0
0 15 2 14 0
0 15 2 15 0
0 15 3 0 0
0 15 3 1 0
0 15 3 2 0
0 15 3 3 0
0 15 3 4 0
0 15 3 5 0
0 15 3 6 0
0 15 3 7 0
0 15 3 8 0
0 15 3 9 0
0 15 3 10 0
0 15 3 11 0
0 15 3 12 0
0 15 3 13 0
0 15 3 14 0
0 15 3 15 0
0 15 4 0 0
0 15 4 1 0
0 15 4 2 0
0 15 4 3 0
0 15 4 4 0
0 15 4 5 0
0 15 4 6 0
0 15 4 7 0
0 15 4 8 0
0 15 4 9 0
0 15 4 10 0
0 15 4 11 0
0 15 4 12 0
0 15 4 13 0
0 15 4 14 0
0 15 4 15 0
0 15 5 0 0
0 15 5 1 0
0 15 5 2 0
0 15 5 3 0
0 15 5 4 0
0 15 5 5 0
0 15 5 6 0
0 15 5 7 0
0 15 5 8 0
0 15 5 9 0
0 15 5 10 0
0 15 5 11 0
0 15 5 12 0
0 15 5 13 0
0 15 5 14 0
0 15 5 15 0
0 15 6 0 0
0 15 6 1 0
0 15 6 2 0
0 15 6 3 0
0 15 6 4 0
0 15 6 5 0
0 15 6 6 0
0 15 6 7 0
0 15 6 8 0
0 15 6 9 0
0 15 6 10 0
0 15 6 11 0
0 15 6 12 0
0 15 6 13 0
0 15 6 14 0
0 15 6 15 0
0 15 7 0 0
0 15 7 1 0
0 15 7 2 0
0 15 7 3 0
0 15 7 4 0
0 15 7 5 0
0 15 7 6 0
0 15 7 7 0
0 15 7 8 0
0 15 7 9 0
0 15 7 10 0
0 15 7 11 0
0 15 7 12 0
0 15 7 13 0
0 15 7 14 0
0 15 7 15 0
0 15 8 0 0
0 15 8 1 0
0 15 8 2 0
0 15 8 3 0
0 15 8 4 0
0 15 8 5 0
0 15 8 6 0
0 15 8 7 0
0 15 8 8 0
0 15 8 9 0
0 15 8 10 0
0 15 8 11 0
0 15 8 12 0
0 15 8 13 0
0 15 8 14 0
0 15 8 15 0
0 15 9 0 0
0 15 9 1 0
0 15 9 2 0
0 15 9 3 0
0 15 9 4 0
0 15 9 5 0
0 15 9 6 0
0 15 9 7 0
0 15 9 8 0
0 15 9 9 0
0 15 9 10 0
0 15 9 11 0
0 15 9 12 0
0 15 9 13 0
0 15 9 14 0
0 15 9 15 0
0 15 10 0 0
0 15 10 1 0
0 15 10 2 0
0 15 10 3 0
0 15 10 4 0
0 15 10 5 0
0 15 10 6 0
0 15 10 7 0
0 15 10 8 0
0 15 10 9 0
0 15 10 10 0
0 15 10 11 0
0 15 10 12 0
0 15 10 13 0
0 15 10 14 0
0 15 10 15 0
0 15 11 0 0
0 15 11 1 -0.0001853946045315089
0 15 11 2 0
0 15 11 3 0
0 15 11 4 0
0 15 11 5 0
0 15 11 6 0
0 15 11 7 0
0 15 11 8 0
0 15 11 9 0
0 15 11 10 0
0 15 11 11 0
0 15 11 12 0
0 15 11 13 0
0 15 11 14 0
0 15 11 15 0
0 15 12 0 0
0 15 12 1 0
0 15 12 2 0
0 15 12 3 0
0 15 12 4 0
0 15 12 5 0
0 15 12 6 0
0 15 12 7 0
0 15 12 8 0
0 15 12 9 0
0 15 12 10 0
0 15 12 11 0
0 15 12 12 0
0 15 12 13 0
0 15 12 14 0
0 15 12 15 0
0 15 13 0 0
0 15 13 1 0
0 15 13 2 0
0 15 13 3 0
0 15 13 4 0
0 15 13 5 0
0 15 13 6 0
0 15 13 7 0
0 15 13 8 0
0 15 13 9 0
0 15 13 10 0
0 15 13 11 0
0 15 13 12 0
0 15 13 13 0
0 15 13 14 0
0 15 13 15 0
0 15 14 0 0
0 15 14 1 0
0 15 14 2 0
0 15 14 3 0
0 15 14 4 0
0 15 14 5 0
0 15 14 6 0
0 15 14 7 0
0 15 14 8 0
0 15 14 9 0
0 15 14 10 0
0 15 14 11 0
0 15 14 12 0
0 15 14 13 0
0 15 14 14 0
0 15 14 15 0
0 15 15 0 -0.000106159006606357
0 15 15 1 0
0 15 15 2 0
0 15 15 3 0
0 15 15 4 0
0 15 15 5 0
0 15 15 6 0
0 15 15 7 0
0 15 15 8 0
0 15 15 9 0
0 15 15 10 0
0 15 15 11 0
0 15 15 12 0
0 15 15 13 0
0 15 15 14 0
0 15 15 15 0
1 0 0 0 0
1 0 0 1 -1.999192843849927
1 0 0 2 0
1 0 0 3 0
1 0 0 4 0
1 0 0 5 0
1 0 0 6 0
1 0 0 7 0
1 0 0 8 0
1 0 0 9 0
1 0 0 10 0
1 0 0 11 0
1 0 0 12 0
1 0 0 13 0
1 0 0 14 0
1 0 0 15 -0.0114418215651334
1 0 1 0 3.998385687699853
1 0 1 1 0
1 0 1 2 -0.0007747908366134523
1 0 1 3 0
1 0 1 4 0
1 0 1 5 0
1 0 1 6 0
1 0 1 7 0
1 0 1 8 0
1 0 1 9 0
1 0 1 10 0
1 0 1 11 -0.02672879627906681
1 0 1 12 0
1 0 1 13 0
1 0 1 14 0
1 0 1 15 0
1 0 2 0 0
1 0 2 1 0.0003873954183067261
1 0 2 2 0
1 0 2 3 0
1 0 2 4 0
1 0 2 5 0
1 0 2 6 0
1 0 2 7 0
1 0 2 8 0
1 0 2 9 0
1 0 2 10 0
1 0 2 11 0
1 0 2 12 0
1 0 2 13 0
1 0 2 14 0
1 0 2 15 0
1 0 3 0 0
1 0 3 1 0
1 0 3 2 0
1 0 3 3 0
1 0 3 4 0
1 0 3 5 0
1 0 3 6 0
1 0 3 7 0
1 0 3 8 0
1 0 3 9 0
1 0 3 10 0
1 0 3 11 0
1 0 3 12 0
1 0 3 13 0
1 0 3 14 0
1 0 3 15 0
1 0 4 0 0
1 0 4 1 0
1 0 4 2 0
1 0 4 3 0
1 0 4 4 0
1 0 4 5 0
1 0 4 6 0
1 0 4 7 0
1 0 4 8 0
1 0 4 9 0
1 0 4 10 0
1 0 4 11 0
1 0 4 12 0
1 0 4 13 0
1 0 4 14 0
1 0 4 15 0
1 0 5 0 0
1 0 5 1 0
1 0 5 2 0
1 0 5 3 0
1 0 5 4 0
1 0 5 5 0
1 0 5 6 0
1 0 5 7 0
1 0 5 8 0
1 0 5 9 0
1 0 5 10 0
1 0 5 11 0
1 0 5 12 0
1 0 5 13 0
1 0 5 14 0
1 0 5 15 0
1 0 6 0 0
1 0 6 1 0
1 0 6 2 0
1 0 6 3 0
1 0 6 4 0
1 0 6 5 0
1 0 6 6 0
1 0 6 7 0
1 0 6 8 0
1 0 6 9 0
1 0 6 10 0
1 0 6 11 0
1 0 6 12 0
1 0 6 13 0
1 0 6 14 0
1 0 6 15 0
1 0 7 0 0
1 0 7 1 0
1 0 7 2 0
1 0 7 3 0
1 0 7 4 0
1 0 7 5 0
1 0 7 6 0
1 0 7 7 0
1 0 7 8 0
1 0 7 9 0
1 0 7 10 0
1 0 7 11 0
1 0 7 12 0
1 0 7 13 0
1 0 7 14 0
1 0 7 15 0
1 0 8 0 0
1 0 8 1 0
1 0 8 2 0
1 0 8 3 0
1 0 8 4 0
1 0 8 5 0
1 0 8 6 0
1 0 8 7 0
1 0 8 8 0
1 0 8 9 0
1 0 8 10 0
1 0 8 11 0
1 0 8 12 0
1 0 8 13 0
1 0 8 14 0
1 0 8 15 0
1 0 9 0 0
1 0 9 1 0
1 0 9 2 0
1 0 9 3 0
1 0 9 4 0
1 0 9 5 0
1 0 9 6 0
1 0 9 7 0
1 0 9 8 0
1 0 9 9 0
1 0 9 10 0
1 0 9 11 0
1 0 9 12 0
1 0 9 13 0
1 0 9 14 0
1 0 9 15 0
1 0 10 0 0
1 0 10 1 0
1 0 10 2 0
1 0 10 3 0
1 0 10 4 0
1 0 10 5 0
1 0 10 6 0
1 0 10 7 0
1 0 10 8 0
1 0 10 9 0
1 0 10 10 0
1 0 10 11 0
1 0 10 12 0
1 0 10 13 0
1 0 10 14 0
1 0 10 15 0
1 0 11 0 0
1 0 11 1 0.01336439813953341
1 0 11 2 0
1 0 11 3 0
1 0 11 4 0
1 0 11 5 0
1 0 11 6 0
1 0 11 7 0
1 0 11 8 0
1 0 11 9 0
1 0 11 10 0
1 0 11 11 0
1 0 11 12 0
1 0 11 13 0
1 0 11 14 0
1 0 11 15 0
1 0 12 0 0
1 0 12 1 0
1 0 12 2 0
1 0 12 3 0
1 0 12 4 0
1 0 12 5 0
1 0 12 6 0
1 0 12 7 0
1 0 12 8 0
1 0 12 9 0
1 0 12 10 0
1 0 12 11 0
1 0 12 12 0
1 0 12 13 0
1 0 12 14 0
1 0 12 15 0
1 0 13 0 0
1 0 13 1 0
1 0 13 2 0
1 0 13 3 0
1 0 13 4 0
1 0 13 5 0
1 0 13 6 0
1 0 13 7 0
1 0 13 8 0
1 0 13 9 0
1 0 13 10 0
1 0 13 11 0
1 0 13 12 0
1 0 13 13 0
1 0 13 14 0
1 0 13 15 0
1 0 14 0 0
1 0 14 1 0
1 0 14 2 0
1 0 14 3 0
1 0 14 4 0
1 0 14 5 0
1 0 14 6 0
1 0 14 7 0
1 0 14 8 0
1 0 14 9 0
1 0 14 10 0
1 0 14 11 0
1 0 14 12 0
1 0 14 13 0
1 0 14 14 0
1 0 14 15 0
1 0 15 0 0.02288364313026681
1 0 15 1 0
1 0 15 2 0
1 0 15 3 0
1 0 15 4 0
1 0 15 5 0
1 0 15 6 0
1 0 15 7 0
1 0 15 8 0
1 0 15 9 0
1 0 15 10 0
1 0 15 11 0
1 0 15 12 0
1 0 15 13 0
1 0 15 14 0
1 0 15 15 0
1 1 0 0 0
1 1 0 1 0
1 1 0 2 0
1 1 0 3 0
1 1 0 4 0
1 1 0 5 0
1 1 0 6 0
1 1 0 7 0
1 1 0 8 0
1 1 0 9 0
1 1 0 10 0
1 1 0 11 0
1 1 0 12 0
1 1 0 13 0
1 1 0 14 0
1 1 0 15 0
1 1 1 0 0
1 1 1 1 1.999787681986788
1 1 1 2 0
1 1 1 3 0
1 1 1 4 0
1 1 1 5 0
1 1 1 6 0
1 1 1 7 0
1 1 1 8 0
1 1 1 9 0
1 1 1 10 0
1 1 1 11 0
1 1 1 12 0
1 1 1 13 0
1 1 1 14 0
1 1 1 15 0.0114418215651334
1 1 2 0 0
1 1 2 1 0
1 1 2 2 0
1 1 2 3 0
1 1 2 4 0
1 1 2 5 0
1 1 2 6 0
1 1 2 7 0
1 1 2 8 0
1 1 2 9 0
1 1 2 10 0
1 1 2 11 0
1 1 2 12 0
1 1 2 13 0
1 1 2 14 0
1 1 2 15 0
1 1 3 0 0
1 1 3 1 0
1 1 3 2 0
1 1 3 3 0
1 1 3 4 0
1 1 3 5 0
1 1 3 6 0
1 1 3 7 0
1 1 3 8 0
1 1 3 9 0
1 1 3 10 0
1 1 3 11 0
1 1 3 12 0
1 1 3 13 0
1 1 3 14 0
1 1 3 15 0
1 1 4 0 0
1 1 4 1 0
1 1 4 2 0
1 1 4 3 0
1 1 4 4 0
1 1 4 5 0
1 1 4 6 0
1 1 4 7 0
1 1 4 8 0
1 1 4 9 0
1 1 4 10 0
1 1 4 11 0
1 1 4 12 0
1 1 4 13 0
1 1 4 14 0
1 1 4 15 0
1 1 5 0 0
1 1 5 1 0
1 1 5 2 0
1 1 5 3 0
1 1 5 4 0
1 1 5 5 0
1 1 5 6 0
1 1 5 7 0
1 1 5 8 0
1 1 5 9 0
1 1 5 10 0
1 1 5 11 0
1 1 5 12 0
1 1 5 13 0
1 1 5 14 0
1 1 5 15 0
1 1 6 0 0
1 1 6 1 0
1 1 6 2 0
1 1 6 3 0
1 1 6 4 0
1 1 6 5 0
1 1 6 6 0
1 1 6 7 0
1 1 6 8 0
1 1 6 9 0
1 1 6 10 0
1 1 6 11 0
1 1 6 12 0
1 1 6 13 0
1 1 6 14 0
1 1 6 15 0
1 1 7 0 0
1 1 7 1 0
1 1 7 2 0
1 1 7 3 0
1 1 7 4 0
1 1 7 5 0
1 1 7 6 0
1 1 7 7 0
1 1 7 8 0
1 1 7 9 0
1 1 7 10 0
1 1 7 11 0
1 1 7 12 0
1 1 7 13 0
1 1 7 14 0
1 1 7 15 0
1 1 8 0 0
1 1 8 1 0
1 1 8 2 0
1 1 8 3 0
1 1 8 4 0
1 1 8 5 0
1 1 8 6 0
1 1 8 7 0
1 1 8 8 0
1 1 8 9 0
1 1 8 10 0
1 1 8 11 0
1 1 8 12 0
1 1 8 13 0
1 1 8 14 0
1 1 8 15 0
1 1 9 0 0
1 1 9 1 0
1 1 9 2 0
1 1 9 3 0
1 1 9 4 0
1 1 9 5 0
1 1 9 6 0
1 1 9 7 0
1 1 9 8 0
1 1 9 9 0
1 1 9 10 0
1 1 9 11 0
1 1 9 12 0
1 1 9 13 0
1 1 9 14 0
1 1 9 15 0
1 1 10 0 0
1 1 10 1 0
1 1 10 2 0
1 1 10 3 0
1 1 10 4 0
1 1 10 5 0
1 1 10 6 0
1 1 10 7 0
1 1 10 8 0
1 1 10 9 0
1 1 10 10 0
1 1 10 11 0
1 1 10 12 0
1 1 10 13 0
1 1 10 14 0
1 1 10 15 0
1 1 11 0 0
1 1 11 1 0
1 1 11 2 0
1 1 11 3 0
1 1 11 4 0
1 1 11 5 0
1 1 11 6 0
1 1 11 7 0
1 1 11 8 0
1 1 11 9 0
1 1 11 10 0
1 1 11 11 0
1 1 11 12 0
1 1 11 13 0
1 1 11 14 0
1 1 11 15 0
1 1 12 0 0
1 1 12 1 0
1 1 12 2 0
1 1 12 3 0
1 1 12 4 0
1 1 12 5 0
1 1 12 6 0
1 1 12 7 0
1 1 12 8 0
1 1 12 9 0
1 1 12 10 0
1 1 12 11 0
1 1 12 12 0
1 1 12 13 0
1 1 12 14 0
1 1 12 15 0
1 1 13 0 0
1 1 13 1 0
1 1 13 2 0
1 1 13 3 0
1 1 13 4 0
1 1 13 5 0
1 1 13 6 0
1 1 13 7 0
1 1 13 8 0
1 1 13 9 0
1 1 13 10 0
1 1 13 11 0
1 1 13 12 0
1 1 13 13 0
1 1 13 14 0
1 1 13 15 0
1 1 14 0 0
1 1 14 1 0
1 1 14 2 0
1 1 14 3 0
1 1 14 4 0
1 1 14 5 0
1 1 14 6 0
1 1 14 7 0
1 1 14 8 0
1 1 14 9 0
1 1 14 10 0
1 1 14 11 0
1 1 14 12 0
1 1 14 13 0
1 1 14 14 0
1 1 14 15 0
1 1 15 0 0
1 1 15 1 0.0114418215651334
1 1 15 2 0
1 1 15 3 0
1 1 15 4 0
1 1 15 5 0
1 1 15 6 0
1 1 15 7 0
1 1 15 8 0
1 1 15 9 0
1 1 15 10 0
1 1 15 11 0
1 1 15 12 0
1 1 15 13 0
1 1 15 14 0
1 1 15 15 0
1 2 0 0 0
1 2 0 1 0.0003873954183067261
1 2 0 2 0
1 2 0 3 0
1 2 0 4 0
1 2 0 5 0
1 2 0 6 0
1 2 0 7 0
1 2 0 8 0
1 2 0 9 0
1 2 0 10 0
1 2 0 11 0
1 2 0 12 0
1 2 0 13 0
1 2 0 14 0
1 2 0 15 0
1 2 1 0 -0.0007747908366134523
1 2 1 1 0
1 2 1 2 3.112836713322194
1 2 1 3 0
1 2 1 4 0
1 2 1 5 0
1 2 1 6 0
1 2 1 7 0
1 2 1 8 0
1 2 1 9 0
1 2 1 10 0
1 2 1 11 -0.04917416824920523
1 2 1 12 0
1 2 1 13 0
1 2 1 14 0.06552697730396773
1 2 1 15 0
1 2 2 0 0
1 2 2 1 -1.556418356661097
1 2 2 2 0
1 2 2 3 0
1 2 2 4 0
1 2 2 5 0
1 2 2 6 0
1 2 2 7 0
1 2 2 8 0
1 2 2 9 0
1 2 2 10 0
1 2 2 11 0
1 2 2 12 0
1 2 2 13 0
1 2 2 14 0
1 2 2 15 -0.0114418215651334
1 2 3 0 0
1 2 3 1 0
1 2 3 2 0
1 2 3 3 0
1 2 3 4 0
1 2 3 5 0
1 2 3 6 0
1 2 3 7 0
1 2 3 8 0
1 2 3 9 0
1 2 3 10 0
1 2 3 11 0
1 2 3 12 0
1 2 3 13 0
1 2 3 14 0
1 2 3 15 0
1 2 4 0 0
1 2 4 1 0
1 2 4 2 0
1 2 4 3 0
1 2 4 4 0
1 2 4 5 0
1 2 4 6 0
1 2 4 7 0
1 2 4 8 0
1 2 4 9 0
1 2 4 10 0
1 2 4 11 0
1 2 4 12 0
1 2 4 13 0
1 2 4 14 0
1 2 4 15 0
1 2 5 0 0
1 2 5 1 0
1 2 5 2 0
1 2 5 3 0
1 2 5 4 0
1 2 5 5 0
1 2 5 6 0
1 2 5 7 0
1 2 5 8 0
1 2 5 9 0
1 2 5 10 0
1 2 5 11 0
1 2 5 12 0
1 2 5 13 0
1 2 5 14 0
1 2 5 15 0
1 2 6 0 0
1 2 6 1 0
1 2 6 2 0
1 2 6 3 0
1 2 6 4 0
1 2 6 5 0
1 2 6 6 0
1 2 6 7 0
1 2 6 8 0
1 2 6 9 0
1 2 6 10 0
1 2 6 11 0
1 2 6 12 0
1 2 6 13 0
1 2 6 14 0
1 2 6 15 0
1 2 7 0 0
1 2 7 1 0
1 2 7 2 0
1 2 7 3 0
1 2 7 4 0
1 2 7 5 0
1 2 7 6 0
1 2 7 7 0
1 2 7 8 0
1 2 7 9 0
1 2 7 10 0
1 2 7 11 0
1 2 7 12 0
1 2 7 13 0
1 2 7 14 0
1 2 7 15 0
1 2 8 0 0
1 2 8 1 0
1 2 8 2 0
1 2 8 3 0
1 2 8 4 0
1 2 8 5 0
1 2 8 6 0
1 2 8 7 0
1 2 8 8 0
1 2 8 9 0
1 2 8 10 0
1 2 8 11 0
1 2 8 12 0
1 2 8 13 0
1 2 8 14 0
1 2 8 15 0
1 2 9 0 0
1 2 9 1 0
1 2 9 2 0
1 2 9 3 0
1 2 9 4 0
1 2 9 5 0
1 2 9 6 0
1 2 9 7 0
1 2 9 8 0
1 2 9 9 0
1 2 9 10 0
1 2 9 11 0
1 2 9 12 0
1 2 9 13 0
1 2 9 14 0
1 2 9 15 0
1 2 10 0 0
1 2 10 1 0
1 2 10 2 0
1 2 10 3 0
1 2 10 4 0
1 2 10 5 0
1 2 10 6 0
1 2 10 7 0
1 2 10 8 0
1 2 10 9 0
1 2 10 10 0
1 2 10 11 0
1 2 10 12 0
1 2 10 13 0
1 2 10 14 0
1 2 10 15 0
1 2 11 0 0
1 2 11 1 0.02458708412460262
1 2 11 2 0
1 2 11 3 0
1 2 11 4 0
1 2 11 5 0
1 2 11 6 0
1 2 11 7 0
1 2 11 8 0
1 2 11 9 0
1 2 11 10 0
1 2 11 11 0
1 2 11 12 0
1 2 11 13 0
1 2 11 14 0
1 2 11 15 0
1 2 12 0 0
1 2 12 1 0
1 2 12 2 0
1 2 12 3 0
1 2 12 4 0
1 2 12 5 0
1 2 12 6 0
1 2 12 7 0
1 2 12 8 0
1 2 12 9 0
1 2 12 10 0
1 2 12 11 0
1 2 12 12 0
1 2 12 13 0
1 2 12 14 0
1 2 12 15 0
1 2 13 0 0
1 2 13 1 0
1 2 13 2 0
1 2 13 3 0
1 2 13 4 0
1 2 13 5 0
1 2 13 6 0
1 2 13 7 0
1 2 13 8 0
1 2 13 9 0
1 2 13 10 0
1 2 13 11 0
1 2 13 12 0
1 2 13 13 0
1 2 13 14 0
1 2 13 15 0
1 2 14 0 0
1 2 14 1 -0.03276348865198386
1 2 14 2 0
1 2 14 3 0
1 2 14 4 0
1 2 14 5 0
1 2 14 6 0
1 2 14 7 0
1 2 14 8 0
1 2 14 9 0
1 2 14 10 0
1 2 14 11 0
1 2 14 12 0
1 2 14 13 0
1 2 14 14 0
1 2 14 15 0
1 2 15 0 0
1 2 15 1 0
1 2 15 2 0.02288364313026681
1 2 15 3 0
1 2 15 4 0
1 2 15 5 0
1 2 15 6 0
1 2 15 7 0
1 2 15 8 0
1 2 15 9 0
1 2 15 10 0
1 2 15 11 0
1 2 15 12 0
1 2 15 13 0
1 2 15 14 0
1 2 15 15 0
1 3 0 0 0
1 3 0 1 0
1 3 0 2 0
1 3 0 3 0
1 3 0 4 0
1 3 0 5 0
1 3 0 6 0
1 3 0 7 0
1 3 0 8 0
1 3 0 9 0
1 3 0 10 0
1 3 0 11 0
1 3 0 12 0
1 3 0 13 0
1 3 0 14 0
1 3 0 15 0
1 3 1 0 0
1 3 1 1 0
1 3 1 2 0
1 3 1 3 2.044390373357424
1 3 1 4 0
1 3 1 5 0
1 3 1 6 0
1 3 1 7 0
1 3 1 8 0.1069425087370264
1 3 1 9 0
1 3 1 10 0
1 3 1 11 0
1 3 1 12 0
1 3 1 13 0
1 3 1 14 0
1 3 1 15 0
1 3 2 0 0
1 3 2 1 0
1 3 2 2 0
1 3 2 3 0
1 3 2 4 0
1 3 2 5 0
1 3 2 6 0
1 3 2 7 0
1 3 2 8 0
1 3 2 9 0
1 3 2 10 0
1 3 2 11 0
1 3 2 12 0
1 3 2 13 0
1 3 2 14 0
1 3 2 15 0
1 3 3 0 0
1 3 3 1 -1.022234342027787
1 3 3 2 0
1 3 3 3 0
1 3 3 4 0
1 3 3 5 0
1 3 3 6 0
1 3 3 7 0
1 3 3 8 0
1 3 3 9 0
1 3 3 10 0
1 3 3 11 0
1 3 3 12 0
1 3 3 13 0
1 3 3 14 0
1 3 3 15 -0.003100740888256127
1 3 4 0 0
1 3 4 1 0
1 3 4 2 0
1 3 4 3 0
1 3 4 4 0
1 3 4 5 0
1 3 4 6 0
1 3 4 7 0
1 3 4 8 0
1 3 4 9 0
1 3 4 10 0
1 3 4 11 0
1 3 4 12 0
1 3 4 13 0
1 3 4 14 0
1 3 4 15 0
1 3 5 0 0
1 3 5 1 0
1 3 5 2 0
1 3 5 3 0
1 3 5 4 0
1 3 5 5 0
1 3 5 6 0
1 3 5 7 0
1 3 5 8 0
1 3 5 9 0
1 3 5 10 0
1 3 5 11 0
1 3 5 12 0
1 3 5 13 0
1 3 5 14 0
1 3 5 15 0
1 3 6 0 0
1 3 6 1 0
1 3 6 2 0
1 3 6 3 0
1 3 6 4 0
1 3 6 5 0
1 3 6 6 0
1 3 6 7 0
1 3 6 8 0
1 3 6 9 0
1 3 6 10 0
1 3 6 11 0
1 3 6 12 0
1 3 6 13 0
1 3 6 14 0
1 3 6 15 0
1 3 7 0 0
1 3 7 1 0
1 3 7 2 0
1 3 7 3 0
1 3 7 4 0
1 3 7 5 0
1 3 7 6 0
1 3 7 7 0
1 3 7 8 0
1 3 7 9 0
1 3 7 10 0
1 3 7 11 0
1 3 7 12 0
1 3 7 13 0
1 3 7 14 0
1 3 7 15 0
1 3 8 0 0
1 3 8 1 -0.05347125436851322
1 3 8 2 0
1 3 8 3 0
1 3 8 4 0
1 3 8 5 0
1 3 8 6 0
1 3 8 7 0
1 3 8 8 0
1 3 8 9 0
1 3 8 10 0
1 3 8 11 0
1 3 8 12 0
1 3 8 13 0
1 3 8 14 0
1 3 8 15 0
1 3 9 0 0
1 3 9 1 0
1 3 9 2 0
1 3 9 3 0
1 3 9 4 0
1 3 9 5 0
1 3 9 6 0
1 3 9 7 0
1 3 9 8 0
1 3 9 9 0
1 3 9 10 0
1 3 9 11 0
1 3 9 12 0
1 3 9 13 0
1 3 9 14 0
1 3 9 15 0
1 3 10 0 0
1 3 10 1 0
1 3 10 2 0
1 3 10 3 0
1 3 10 4 0
1 3 10 5 0
1 3 10 6 0
1 3 10 7 0
1 3 10 8 0
1 3 10 9 0
1 3 10 10 0
1 3 10 11 0
1 3 10 12 0
1 3 10 13 0
1 3 10 14 0
1 3 10 15 0
1 3 11 0 0
1 3 11 1 0
1 3 11 2 0
1 3 11 3 0
1 3 11 4 0
1 3 11 5 0
1 3 11 6 0
1 3 11 7 0
1 3 11 8 0
1 3 11 9 0
1 3 11 10 0
1 3 11 11 0
1 3 11 12 0
1 3 11 13 0
1 3 11 14 0
1 3 11 15 0
1 3 12 0 0
1 3 12 1 0
1 3 12 2 0
1 3 12 3 0
1 3 12 4 0
1 3 12 5 0
1 3 12 6 0
1 3 12 7 0
1 3 12 8 0
1 3 12 9 0
1 3 12 10 0
1 3 12 11 0
1 3 12 12 0
1 3 12 13 0
1 3 12 14 0
1 3 12 15 0
1 3 13 0 0
1 3 13 1 0
1 3 13 2 0
1 3 13 3 0
1 3 13 4 0
1 3 13 5 0
1 3 13 6 0
1 3 13 7 0
1 3 13 8 0
1 3 13 9 0
1 3 13 10 0
1 3 13 11 0
1 3 13 12 0
1 3 13 13 0
1 3 13 14 0
1 3 13 15 0
1 3 14 0 0
1 3 14 1 0
1 3 14 2 0
1 3 14 3 0
1 3 14 4 0
1 3 14 5 0
1 3 14 6 0
1 3 14 7 0
1 3 14 8 0
1 3 14 9 0
1 3 14 10 0
1 3 14 11 0
1 3 14 12 0
1 3 14 13 0
1 3 14 14 0
1 3 14 15 0
1 3 15 0 0
1 3 15 1 0
1 3 15 2 0
1 3 15 3 0.0114418215651334
1 3 15 4 0
1 3 15 5 0
1 3 15 6 0
1 3 15 7 0
1 3 15 8 0
1 3 15 9 0
1 3 15 10 0
1 3 15 11 0
1 3 15 12 0
1 3 15 13 0
1 3 15 14 0
1 3 15 15 0
1 4 0 0 0
1 4 0 1 0
1 4 0 2 0
1 4 0 3 0
1 4 0 4 0
1 4 0 5 0
1 4 0 6 0
1 4 0 7 0
1 4 0 8 0
1 4 0 9 0
1 4 0 10 0
1 4 0 11 0
1 4 0 12 0
1 4 0 13 0
1 4 0 14 0
1 4 0 15 0
1 4 1 0 0
1 4 1 1 0
1 4 1 2 0
1 4 1 3 0
1 4 1 4 2.01810264271794
1 4 1 5 0
1 4 1 6 0
1 4 1 7 0
1 4 1 8 0
1 4 1 9 0.1050878418050753
1 4 1 10 0
1 4 1 11 0
1 4 1 12 0
1 4 1 13 0
1 4 1 14 0
1 4 1 15 0
1 4 2 0 0
1 4 2 1 0
1 4 2 2 0
1 4 2 3 0
1 4 2 4 0
1 4 2 5 0
1 4 2 6 0
1 4 2 7 0
1 4 2 8 0
1 4 2 9 0
1 4 2 10 0
1 4 2 11 0
1 4 2 12 0
1 4 2 13 0
1 4 2 14 0
1 4 2 15 0
1 4 3 0 0
1 4 3 1 0
1 4 3 2 0
1 4 3 3 0
1 4 3 4 0
1 4 3 5 0
1 4 3 6 0
1 4 3 7 0
1 4 3 8 0
1 4 3 9 0
1 4 3 10 0
1 4 3 11 0
1 4 3 12 0
1 4 3 13 0
1 4 3 14 0
1 4 3 15 0
1 4 4 0 0
1 4 4 1 -1.009090233624953
1 4 4 2 0
1 4 4 3 0
1 4 4 4 0
1 4 4 5 0
1 4 4 6 0
1 4 4 7 0
1 4 4 8 0
1 4 4 9 0
1 4 4 10 0
1 4 4 11 0
1 4 4 12 0
1 4 4 13 0
1 4 4 14 0
1 4 4 15 -0.003127689615341228
1 4 5 0 0
1 4 5 1 0
1 4 5 2 0
1 4 5 3 0
1 4 5 4 0
1 4 5 5 0
1 4 5 6 0
1 4 5 7 0
1 4 5 8 0
1 4 5 9 0
1 4 5 10 0
1 4 5 11 0
1 4 5 12 0
1 4 5 13 0
1 4 5 14 0
1 4 5 15 0
1 4 6 0 0
1 4 6 1 0
1 4 6 2 0
1 4 6 3 0
1 4 6 4 0
1 4 6 5 0
1 4 6 6 0
1 4 6 7 0
1 4 6 8 0
1 4 6 9 0
1 4 6 10 0
1 4 6 11 0
1 4 6 12 0
1 4 6 13 0
1 4 6 14 0
1 4 6 15 0
1 4 7 0 0
1 4 7 1 0
1 4 7 2 0
1 4 7 3 0
1 4 7 4 0
1 4 7 5 0
1 4 7 6 0
1 4 7 7 0
1 4 7 8 0
1 4 7 9 0
1 4 7 10 0
1 4 7 11 0
1 4 7 12 0
1 4 7 13 0
1 4 7 14 0
1 4 7 15 0
1 4 8 0 0
1 4 8 1 0
1 4 8 2 0
1 4 8 3 0
1 4 8 4 0
1 4 8 5 0
1 4 8 6 0
1 4 8 7 0
1 4 8 8 0
1 4 8 9 0
1 4 8 10 0
1 4 8 11 0
1 4 8 12 0
1 4 8 13 0
1 4 8 14 0
1 4 8 15 0
1 4 9 0 0
1 4 9 1 -0.05254392090253764
1 4 9 2 0
1 4 9 3 0
1 4 9 4 0
1 4 9 5 0
1 4 9 6 0
1 4 9 7 0
1 4 9 8 0
1 4 9 9 0
1 4 9 10 0
1 4 9 11 0
1 4 9 12 0
1 4 9 13 0
1 4 9 14 0
1 4 9 15 0
1 4 10 0 0
1 4 10 1 0
1 4 10 2 0
1 4 10 3 0
1 4 10 4 0
1 4 10 5 0
1 4 10 6 0
1 4 10 7 0
1 4 10 8 0
1 4 10 9 0
1 4 10 10 0
1 4 10 11 0
1 4 10 12 0
1 4 10 13 0
1 4 10 14 0
1 4 10 15 0
1 4 11 0 0
1 4 11 1 0
1 4 11 2 0
1 4 11 3 0
1 4 11 4 0
1 4 11 5 0
1 4 11 6 0
1 4 11 7 0
1 4 11 8 0
1 4 11 9 0
1 4 11 10 0
1 4 11 11 0
1 4 11 12 0
1 4 11 13 0
1 4 11 14 0
1 4 11 15 0
1 4 12 0 0
1 4 12 1 0
1 4 12 2 0
1 4 12 3 0
1 4 12 4 0
1 4 12 5 0
1 4 12 6 0
1 4 12 7 0
1 4 12 8 0
1 4 12 9 0
1 4 12 10 0
1 4 12 11 0
1 4 12 12 0
1 4 12 13 0
1 4 12 14 0
1 4 12 15 0
1 4 13 0 0
1 4 13 1 0
1 4 13 2 0
1 4 13 3 0
1 4 13 4 0
1 4 13 5 0
1 4 13 6 0
1 4 13 7 0
1 4 13 8 0
1 4 13 9 0
1 4 13 10 0
1 4 13 11 0
1 4 13 12 0
1 4 13 13 0
1 4 13 14 0
1 4 13 15 0
1 4 14 0 0
1 4 14 1 0
1 4 14 2 0
1 4 14 3 0
1 4 14 4 0
1 4 14 5 0
1 4 14 6 0
1 4 14 7 0
1 4 14 8 0
1 4 14 9 0
1 4 14 10 0
1 4 14 11 0
1 4 14 12 0
1 4 14 13 0
1 4 14 14 0
1 4 14 15 0
1 4 15 0 0
1 4 15 1 0
1 4 15 2 0
1 4 15 3 0
1 4 15 4 0.0114418215651334
1 4 15 5 0
1 4 15 6 0
1 4 15 7 0
1 4 15 8 0
1 4 15 9 0
1 4 15 10 0
1 4 15 11 0
1 4 15 12 0
1 4 15 13 0
1 4 15 14 0
1 4 15 15 0
1 5 0 0 0
1 5 0 1 0
1 5 0 2 0
1 5 0 3 0
1 5 0 4 0
1 5 0 5 0
1 5 0 6 0
1 5 0 7 0
1 5 0 8 0
1 5 0 9 0
1 5 0 10 0
1 5 0 11 0
1 5 0 12 0
1 5 0 13 0
1 5 0 14 0
1 5 0 15 0
1 5 1 0 0
1 5 1 1 0
1 5 1 2 0
1 5 1 3 0
1 5 1 4 0
1 5 1 5 1.966728444228224
1 5 1 6 0
1 5 1 7 0
1 5 1 8 0
1 5 1 9 0
1 5 1 10 0
1 5 1 11 0
1 5 1 12 0.09803840712275523
1 5 1 13 0
1 5 1 14 0
1 5 1 15 0
1 5 2 0 0
1 5 2 1 0
1 5 2 2 0
1 5 2 3 0
1 5 2 4 0
1 5 2 5 0
1 5 2 6 0
1 5 2 7 0
1 5 2 8 0
1 5 2 9 0
1 5 2 10 0
1 5 2 11 0
1 5 2 12 0
1 5 2 13 0
1 5 2 14 0
1 5 2 15 0
1 5 3 0 0
1 5 3 1 0
1 5 3 2 0
1 5 3 3 0
1 5 3 4 0
1 5 3 5 0
1 5 3 6 0
1 5 3 7 0
1 5 3 8 0
1 5 3 9 0
1 5 3 10 0
1 5 3 11 0
1 5 3 12 0
1 5 3 13 0
1 5 3 14 0
1 5 3 15 0
1 5 4 0 0
1 5 4 1 0
1 5 4 2 0
1 5 4 3 0
1 5 4 4 0
1 5 4 5 0
1 5 4 6 0
1 5 4 7 0
1 5 4 8 0
1 5 4 9 0
1 5 4 10 0
1 5 4 11 0
1 5 4 12 0
1 5 4 13 0
1 5 4 14 0
1 5 4 15 0
1 5 5 0 0
1 5 5 1 -0.9833991928765831
1 5 5 2 0
1 5 5 3 0
1 5 5 4 0
1 5 5 5 0
1 5 5 6 0
1 5 5 7 0
1 5 5 8 0
1 5 5 9 0
1 5 5 10 0
1 5 5 11 0
1 5 5 12 0
1 5 5 13 0
1 5 5 14 0
1 5 5 15 -0.003536105308908119
1 5 6 0 0
1 5 6 1 0
1 5 6 2 0
1 5 6 3 0
1 5 6 4 0
1 5 6 5 0
1 5 6 6 0
1 5 6 7 0
1 5 6 8 0
1 5 6 9 0
1 5 6 10 0
1 5 6 11 0
1 5 6 12 0
1 5 6 13 0
1 5 6 14 0
1 5 6 15 0
1 5 7 0 0
1 5 7 1 0
1 5 7 2 0
1 5 7 3 0
1 5 7 4 0
1 5 7 5 0
1 5 7 6 0
1 5 7 7 0
1 5 7 8 0
1 5 7 9 0
1 5 7 10 0
1 5 7 11 0
1 5 7 12 0
1 5 7 13 0
1 5 7 14 0
1 5 7 15 0
1 5 8 0 0
1 5 8 1 0
1 5 8 2 0
1 5 8 3 0
1 5 8 4 0
1 5 8 5 0
1 5 8 6 0
1 5 8 7 0
1 5 8 8 0
1 5 8 9 0
1 5 8 10 0
1 5 8 11 0
1 5 8 12 0
1 5 8 13 0
1 5 8 14 0
1 5 8 15 0
1 5 9 0 0
1 5 9 1 0
1 5 9 2 0
1 5 9 3 0
1 5 9 4 0
1 5 9 5 0
1 5 9 6 0
1 5 9 7 0
1 5 9 8 0
1 5 9 9 0
1 5 9 10 0
1 5 9 11 0
1 5 9 12 0
1 5 9 13 0
1 5 9 14 0
1 5 9 15 0
1 5 10 0 0
1 5 10 1 0
1 5 10 2 0
1 5 10 3 0
1 5 10 4 0
1 5 10 5 0
1 5 10 6 0
1 5 10 7 0
1 5 10 8 0
1 5 10 9 0
1 5 10 10 0
1 5 10 11 0
1 5 10 12 0
1 5 10 13 0
1 5 10 14 0
1 5 10 15 0
1 5 11 0 0
1 5 11 1 0
1 5 11 2 0
1 5 11 3 0
1 5 11 4 0
1 5 11 5 0
1 5 11 6 0
1 5 11 7 0
1 5 11 8 0
1 5 11 9 0
1 5 11 10 0
1 5 11 11 0
1 5 11 12 0
1 5 11 13 0
1 5 11 14 0
1 5 11 15 0
1 5 12 0 0
1 5 12 1 -0.04901920356137762
1 5 12 2 0
1 5 12 3 0
1 5 12 4 0
1 5 12 5 0
1 5 12 6 0
1 5 12 7 0
1 5 12 8 0
1 5 12 9 0
1 5 12 10 0
1 5 12 11 0
1 5 12 12 0
1 5 12 13 0
1 5 12 14 0
1 5 12 15 0
1 5 13 0 0
1 5 13 1 0
1 5 13 2 0
1 5 13 3 0
1 5 13 4 0
1 5 13 5 0
1 5 13 6 0
1 5 13 7 0
1 5 13 8 0
1 5 13 9 0
1 5 13 10 0
1 5 13 11 0
1 5 13 12 0
1 5 13 13 0
1 5 13 14 0
1 5 13 15 0
1 5 14 0 0
1 5 14 1 0
1 5 14 2 0
1 5 14 3 0
1 5 14 4 0
1 5 14 5 0
1 5 14 6 0
1 5 14 7 0
1 5 14 8 0
1 5 14 9 0
1 5 14 10 0
1 5 14 11 0
1 5 14 12 0
1 5 14 13 0
1 5 14 14 0
1 5 14 15 0
1 5 15 0 0
1 5 15 1 0
1 5 15 2 0
1 5 15 3 0
1 5 15 4 0
1 5 15 5 0.0114418215651334
1 5 15 6 0
1 5 15 7 0
1 5 15 8 0
1 5 15 9 0
1 5 15 10 0
1 5 15 11 0
1 5 15 12 0
1 5 15 13 0
1 5 15 14 0
1 5 15 15 0
1 6 0 0 0
1 6 0 1 0
1 6 0 2 0
1 6 0 3 0
1 6 0 4 0
1 6 0 5 0
1 6 0 6 0
1 6 0 7 0
1 6 0 8 0
1 6 0 9 0
1 6 0 10 0
1 6 0 11 0
1 6 0 12 0
1 6 0 13 0
1 6 0 14 0
1 6 0 15 0
1 6 1 0 0
1 6 1 1 0
1 6 1 2 0
1 6 1 3 0
1 6 1 4 0
1 6 1 5 0
1 6 1 6 1.939981294684505
1 6 1 7 0
1 6 1 8 0
1 6 1 9 0
1 6 1 10 0
1 6 1 11 0
1 6 1 12 0
1 6 1 13 0.09926096325152345
1 6 1 14 0
1 6 1 15 0
1 6 2 0 0
1 6 2 1 0
1 6 2 2 0
1 6 2 3 0
1 6 2 4 0
1 6 2 5 0
1 6 2 6 0
1 6 2 7 0
1 6 2 8 0
1 6 2 9 0
1 6 2 10 0
1 6 2 11 0
1 6 2 12 0
1 6 2 13 0
1 6 2 14 0
1 6 2 15 0
1 6 3 0 0
1 6 3 1 0
1 6 3 2 0
1 6 3 3 0
1 6 3 4 0
1 6 3 5 0
1 6 3 6 0
1 6 3 7 0
1 6 3 8 0
1 6 3 9 0
1 6 3 10 0
1 6 3 11 0
1 6 3 12 0
1 6 3 13 0
1 6 3 14 0
1 6 3 15 0
1 6 4 0 0
1 6 4 1 0
1 6 4 2 0
1 6 4 3 0
1 6 4 4 0
1 6 4 5 0
1 6 4 6 0
1 6 4 7 0
1 6 4 8 0
1 6 4 9 0
1 6 4 10 0
1 6 4 11 0
1 6 4 12 0
1 6 4 13 0
1 6 4 14 0
1 6 4 15 0
1 6 5 0 0
1 6 5 1 0
1 6 5 2 0
1 6 5 3 0
1 6 5 4 0
1 6 5 5 0
1 6 5 6 0
1 6 5 7 0
1 6 5 8 0
1 6 5 9 0
1 6 5 10 0
1 6 5 11 0
1 6 5 12 0
1 6 5 13 0
1 6 5 14 0
1 6 5 15 0
1 6 6 0 0
1 6 6 1 -0.9700257364130209
1 6 6 2 0
1 6 6 3 0
1 6 6 4 0
1 6 6 5 0
1 6 6 6 0
1 6 6 7 0
1 6 6 8 0
1 6 6 9 0
1 6 6 10 0
1 6 6 11 0
1 6 6 12 0
1 6 6 13 0
1 6 6 14 0
1 6 6 15 -0.003524535312531041
1 6 7 0 0
1 6 7 1 0
1 6 7 2 0
1 6 7 3 0
1 6 7 4 0
1 6 7 5 0
1 6 7 6 0
1 6 7 7 0
1 6 7 8 0
1 6 7 9 0
1 6 7 10 0
1 6 7 11 0
1 6 7 12 0
1 6 7 13 0
1 6 7 14 0
1 6 7 15 0
1 6 8 0 0
1 6 8 1 0
1 6 8 2 0
1 6 8 3 0
1 6 8 4 0
1 6 8 5 0
1 6 8 6 0
1 6 8 7 0
1 6 8 8 0
1 6 8 9 0
1 6 8 10 0
1 6 8 11 0
1 6 8 12 0
1 6 8 13 0
1 6 8 14 0
1 6 8 15 0
1 6 9 0 0
1 6 9 1 0
1 6 9 2 0
1 6 9 3 0
1 6 9 4 0
1 6 9 5 0
1 6 9 6 0
1 6 9 7 0
1 6 9 8 0
1 6 9 9 0
1 6 9 10 0
1 6 9 11 0
1 6 9 12 0
1 6 9 13 0
1 6 9 14 0
1 6 9 15 0
1 6 10 0 0
1 6 10 1 0
1 6 10 2 0
1 6 10 3 0
1 6 10 4 0
1 6 10 5 0
1 6 10 6 0
1 6 10 7 0
1 6 10 8 0
1 6 10 9 0
1 6 10 10 0
1 6 10 11 0
1 6 10 12 0
1 6 10 13 0
1 6 10 14 0
1 6 10 15 0
1 6 11 0 0
1 6 11 1 0
1 6 11 2 0
1 6 11 3 0
1 6 11 4 0
1 6 11 5 0
1 6 11 6 0
1 6 11 7 0
1 6 11 8 0
1 6 11 9 0
1 6 11 10 0
1 6 11 11 0
1 6 11 12 0
1 6 11 13 0
1 6 11 14 0
1 6 11 15 0
1 6 12 0 0
1 6 12 1 0
1 6 12 2 0
1 6 12 3 0
1 6 12 4 0
1 6 12 5 0
1 6 12 6 0
1 6 12 7 0
1 6 12 8 0
1 6 12 9 0
1 6 12 10 0
1 6 12 11 0
1 6 12 12 0
1 6 12 13 0
1 6 12 14 0
1 6 12 15 0
1 6 13 0 0
1 6 13 1 -0.04963048162576172
1 6 13 2 0
1 6 13 3 0
1 6 13 4 0
1 6 13 5 0
1 6 13 6 0
1 6 13 7 0
1 6 13 8 0
1 6 13 9 0
1 6 13 10 0
1 6 13 11 0
1 6 13 12 0
1 6 13 13 0
1 6 13 14 0
1 6 13 15 0
1 6 14 0 0
1 6 14 1 0
1 6 14 2 0
1 6 14 3 0
1 6 14 4 0
1 6 14 5 0
1 6 14 6 0
1 6 14 7 0
1 6 14 8 0
1 6 14 9 0
1 6 14 10 0
1 6 14 11 0
1 6 14 12 0
1 6 14 13 0
1 6 14 14 0
1 6 14 15 0
1 6 15 0 0
1 6 15 1 0
1 6 15 2 0
1 6 15 3 0
1 6 15 4 0
1 6 15 5 0
1 6 15 6 0.0114418215651334
1 6 15 7 0
1 6 15 8 0
1 6 15 9 0
1 6 15 10 0
1 6 15 11 0
1 6 15 12 0
1 6 15 13 0
1 6 15 14 0
1 6 15 15 0
1 7 0 0 0
1 7 0 1 0
1 7 0 2 0
1 7 0 3 0
1 7 0 4 0
1 7 0 5 0
1 7 0 6 0
1 7 0 7 0
1 7 0 8 0
1 7 0 9 0
1 7 0 10 0
1 7 0 11 0
1 7 0 12 0
1 7 0 13 0
1 7 0 14 0
1 7 0 15 0
1 7 1 0 0
1 7 1 1 0
1 7 1 2 0
1 7 1 3 0
1 7 1 4 0
1 7 1 5 0
1 7 1 6 0
1 7 1 7 0.8840650444412894
1 7 1 8 0
1 7 1 9 0
1 7 1 10 0
1 7 1 11 0
1 7 1 12 0
1 7 1 13 0
1 7 1 14 0
1 7 1 15 0
1 7 2 0 0
1 7 2 1 0
1 7 2 2 0
1 7 2 3 0
1 7 2 4 0
1 7 2 5 0
1 7 2 6 0
1 7 2 7 0
1 7 2 8 0
1 7 2 9 0
1 7 2 10 0
1 7 2 11 0
1 7 2 12 0
1 7 2 13 0
1 7 2 14 0
1 7 2 15 0
1 7 3 0 0
1 7 3 1 0
1 7 3 2 0
1 7 3 3 0
1 7 3 4 0
1 7 3 5 0
1 7 3 6 0
1 7 3 7 0
1 7 3 8 0
1 7 3 9 0
1 7 3 10 0
1 7 3 11 0
1 7 3 12 0
1 7 3 13 0
1 7 3 14 0
1 7 3 15 0
1 7 4 0 0
1 7 4 1 0
1 7 4 2 0
1 7 4 3 0
1 7 4 4 0
1 7 4 5 0
1 7 4 6 0
1 7 4 7 0
1 7 4 8 0
1 7 4 9 0
1 7 4 10 0
1 7 4 11 0
1 7 4 12 0
1 7 4 13 0
1 7 4 14 0
1 7 4 15 0
1 7 5 0 0
1 7 5 1 0
1 7 5 2 0
1 7 5 3 0
1 7 5 4 0
1 7 5 5 0
1 7 5 6 0
1 7 5 7 0
1 7 5 8 0
1 7 5 9 0
1 7 5 10 0
1 7 5 11 0
1 7 5 12 0
1 7 5 13 0
1 7 5 14 0
1 7 5 15 0
1 7 6 0 0
1 7 6 1 0
1 7 6 2 0
1 7 6 3 0
1 7 6 4 0
1 7 6 5 0
1 7 6 6 0
1 7 6 7 0
1 7 6 8 0
1 7 6 9 0
1 7 6 10 0
1 7 6 11 0
1 7 6 12 0
1 7 6 13 0
1 7 6 14 0
1 7 6 15 0
1 7 7 0 0
1 7 7 1 -0.4420325222206447
1 7 7 2 0
1 7 7 3 0
1 7 7 4 0
1 7 7 5 0
1 7 7 6 0
1 7 7 7 0
1 7 7 8 0
1 7 7 9 0
1 7 7 10 0
1 7 7 11 0
1 7 7 12 0
1 7 7 13 0
1 7 7 14 0
1 7 7 15 0
1 7 8 0 0
1 7 8 1 0
1 7 8 2 0
1 7 8 3 0
1 7 8 4 0
1 7 8 5 0
1 7 8 6 0
1 7 8 7 0
1 7 8 8 0
1 7 8 9 0
1 7 8 10 0
1 7 8 11 0
1 7 8 12 0
1 7 8 13 0
1 7 8 14 0
1 7 8 15 0
1 7 9 0 0
1 7 9 1 0
1 7 9 2 0
1 7 9 3 0
1 7 9 4 0
1 7 9 5 0
1 7 9 6 0
1 7 9 7 0
1 7 9 8 0
1 7 9 9 0
1 7 9 10 0
1 7 9 11 0
1 7 9 12 0
1 7 9 13 0
1 7 9 14 0
1 7 9 15 0
1 7 10 0 0
1 7 10 1 0
1 7 10 2 0
1 7 10 3 0
1 7 10 4 0
1 7 10 5 0
1 7 10 6 0
1 7 10 7 0
1 7 10 8 0
1 7 10 9 0
1 7 10 10 0
1 7 10 11 0
1 7 10 12 0
1 7 10 13 0
1 7 10 14 0
1 7 10 15 0
1 7 11 0 0
1 7 11 1 0
1 7 11 2 0
1 7 11 3 0
1 7 11 4 0
1 7 11 5 0
1 7 11 6 0
1 7 11 7 0
1 7 11 8 0
1 7 11 9 0
1 7 11 10 0
1 7 11 11 0
1 7 11 12 0
1 7 11 13 0
1 7 11 14 0
1 7 11 15 0
1 7 12 0 0
1 7 12 1 0
1 7 12 2 0
1 7 12 3 0
1 7 12 4 0
1 7 12 5 0
1 7 12 6 0
1 7 12 7 0
1 7 12 8 0
1 7 12 9 0
1 7 12 10 0
1 7 12 11 0
1 7 12 12 0
1 7 12 13 0
1 7 12 14 0
1 7 12 15 0
1 7 13 0 0
1 7 13 1 0
1 7 13 2 0
1 7 13 3 0
1 7 13 4 0
1 7 13 5 0
1 7 13 6 0
1 7 13 7 0
1 7 13 8 0
1 7 13 9 0
1 7 13 10 0
1 7 13 11 0
1 7 13 12 0
1 7 13 13 0
1 7 13 14 0
1 7 13 15 0
1 7 14 0 0
1 7 14 1 0
1 7 14 2 0
1 7 14 3 0
1 7 14 4 0
1 7 14 5 0
1 7 14 6 0
1 7 14 7 0
1 7 14 8 0
1 7 14 9 0
1 7 14 10 0
1 7 14 11 0
1 7 14 12 0
1 7 14 13 0
1 7 14 14 0
1 7 14 15 0
1 7 15 0 0
1 7 15 1 0
1 7 15 2 0
1 7 15 3 0
1 7 15 4 0
1 7 15 5 0
1 7 15 6 0
1 7 15 7 0
1 7 15 8 0
1 7 15 9 0
1 7 15 10 0
1 7 15 11 0
1 7 15 12 0
1 7 15 13 0
1 7 15 14 0
1 7 15 15 0
1 8 0 0 0
1 8 0 1 0
1 8 0 2 0
1 8 0 3 0
1 8 0 4 0
1 8 0 5 0
1 8 0 6 0
1 8 0 7 0
1 8 0 8 0
1 8 0 9 0
1 8 0 10 0
1 8 0 11 0
1 8 0 12 0
1 8 0 13 0
1 8 0 14 0
1 8 0 15 0
1 8 1 0 0
1 8 1 1 0
1 8 1 2 0
1 8 1 3 0.1069425087370264
1 8 1 4 0
1 8 1 5 0
1 8 1 6 0
1 8 1 7 0
1 8 1 8 0.008281492498492551
1 8 1 9 0
1 8 1 10 0
1 8 1 11 0
1 8 1 12 0
1 8 1 13 0
1 8 1 14 0
1 8 1 15 0
1 8 2 0 0
1 8 2 1 0
1 8 2 2 0
1 8 2 3 0
1 8 2 4 0
1 8 2 5 0
1 8 2 6 0
1 8 2 7 0
1 8 2 8 0
1 8 2 9 0
1 8 2 10 0
1 8 2 11 0
1 8 2 12 0
1 8 2 13 0
1 8 2 14 0
1 8 2 15 0
1 8 3 0 0
1 8 3 1 -0.05347125436851322
1 8 3 2 0
1 8 3 3 0
1 8 3 4 0
1 8 3 5 0
1 8 3 6 0
1 8 3 7 0
1 8 3 8 0
1 8 3 9 0
1 8 3 10 0
1 8 3 11 0
1 8 3 12 0
1 8 3 13 0
1 8 3 14 0
1 8 3 15 -0.0002401174491708137
1 8 4 0 0
1 8 4 1 0
1 8 4 2 0
1 8 4 3 0
1 8 4 4 0
1 8 4 5 0
1 8 4 6 0
1 8 4 7 0
1 8 4 8 0
1 8 4 9 0
1 8 4 10 0
1 8 4 11 0
1 8 4 12 0
1 8 4 13 0
1 8 4 14 0
1 8 4 15 0
1 8 5 0 0
1 8 5 1 0
1 8 5 2 0
1 8 5 3 0
1 8 5 4 0
1 8 5 5 0
1 8 5 6 0
1 8 5 7 0
1 8 5 8 0
1 8 5 9 0
1 8 5 10 0
1 8 5 11 0
1 8 5 12 0
1 8 5 13 0
1 8 5 14 0
1 8 5 15 0
1 8 6 0 0
1 8 6 1 0
1 8 6 2 0
1 8 6 3 0
1 8 6 4 0
1 8 6 5 0
1 8 6 6 0
1 8 6 7 0
1 8 6 8 0
1 8 6 9 0
1 8 6 10 0
1 8 6 11 0
1 8 6 12 0
1 8 6 13 0
1 8 6 14 0
1 8 6 15 0
1 8 7 0 0
1 8 7 1 0
1 8 7 2 0
1 8 7 3 0
1 8 7 4 0
1 8 7 5 0
1 8 7 6 0
1 8 7 7 0
1 8 7 8 0
1 8 7 9 0
1 8 7 10 0
1 8 7 11 0
1 8 7 12 0
1 8 7 13 0
1 8 7 14 0
1 8 7 15 0
1 8 8 0 0
1 8 8 1 -0.004140746249246275
1 8 8 2 0
1 8 8 3 0
1 8 8 4 0
1 8 8 5 0
1 8 8 6 0
1 8 8 7 0
1 8 8 8 0
1 8 8 9 0
1 8 8 10 0
1 8 8 11 0
1 8 8 12 0
1 8 8 13 0
1 8 8 14 0
1 8 8 15 0
1 8 9 0 0
1 8 9 1 0
1 8 9 2 0
1 8 9 3 0
1 8 9 4 0
1 8 9 5 0
1 8 9 6 0
1 8 9 7 0
1 8 9 8 0
1 8 9 9 0
1 8 9 10 0
1 8 9 11 0
1 8 9 12 0
1 8 9 13 0
1 8 9 14 0
1 8 9 15 0
1 8 10 0 0
1 8 10 1 0
1 8 10 2 0
1 8 10 3 0
1 8 10 4 0
1 8 10 5 0
1 8 10 6 0
1 8 10 7 0
1 8 10 8 0
1 8 10 9 0
1 8 10 10 0
1 8 10 11 0
1 8 10 12 0
1 8 10 13 0
1 8 10 14 0
1 8 10 15 0
1 8 11 0 0
1 8 11 1 0
1 8 11 2 0
1 8 11 3 0
1 8 11 4 0
1 8 11 5 0
1 8 11 6 0
1 8 11 7 0
1 8 11 8 0
1 8 11 9 0
1 8 11 10 0
1 8 11 11 0
1 8 11 12 0
1 8 11 13 0
1 8 11 14 0
1 8 11 15 0
1 8 12 0 0
1 8 12 1 0
1 8 12 2 0
1 8 12 3 0
1 8 12 4 0
1 8 12 5 0
1 8 12 6 0
1 8 12 7 0
1 8 12 8 0
1 8 12 9 0
1 8 12 10 0
1 8 12 11 0
1 8 12 12 0
1 8 12 13 0
1 8 12 14 0
1 8 12 15 0
1 8 13 0 0
1 8 13 1 0
1 8 13 2 0
1 8 13 3 0
1 8 13 4 0
1 8 13 5 0
1 8 13 6 0
1 8 13 7 0
1 8 13 8 0
1 8 13 9 0
1 8 13 10 0
1 8 13 11 0
1 8 13 12 0
1 8 13 13 0
1 8 13 14 0
1 8 13 15 0
1 8 14 0 0
1 8 14 1 0
1 8 14 2 0
1 8 14 3 0
1 8 14 4 0
1 8 14 5 0
1 8 14 6 0
1 8 14 7 0
1 8 14 8 0
1 8 14 9 0
1 8 14 10 0
1 8 14 11 0
1 8 14 12 0
1 8 14 13 0
1 8 14 14 0
1 8 14 15 0
1 8 15 0 0
1 8 15 1 0
1 8 15 2 0
1 8 15 3 0.0008860401778468443
1 8 15 4 0
1 8 15 5 0
1 8 15 6 0
1 8 15 7 0
1 8 15 8 0
1 8 15 9 0
1 8 15 10 0
1 8 15 11 0
1 8 15 12 0
1 8 15 13 0
1 8 15 14 0
1 8 15 15 0
1 9 0 0 0
1 9 0 1 0
1 9 0 2 0
1 9 0 3 0
1 9 0 4 0
1 9 0 5 0
1 9 0 6 0
1 9 0 7 0
1 9 0 8 0
1 9 0 9 0
1 9 0 10 0
1 9 0 11 0
1 9 0 12 0
1 9 0 13 0
1 9 0 14 0
1 9 0 15 0
1 9 1 0 0
1 9 1 1 0
1 9 1 2 0
1 9 1 3 0
1 9 1 4 0.1050878418050753
1 9 1 5 0
1 9 1 6 0
1 9 1 7 0
1 9 1 8 0
1 9 1 9 0.007996737184735425
1 9 1 10 0
1 9 1 11 0
1 9 1 12 0
1 9 1 13 0
1 9 1 14 0
1 9 1 15 0
1 9 2 0 0
1 9 2 1 0
1 9 2 2 0
1 9 2 3 0
1 9 2 4 0
1 9 2 5 0
1 9 2 6 0
1 9 2 7 0
1 9 2 8 0
1 9 2 9 0
1 9 2 10 0
1 9 2 11 0
1 9 2 12 0
1 9 2 13 0
1 9 2 14 0
1 9 2 15 0
1 9 3 0 0
1 9 3 1 0
1 9 3 2 0
1 9 3 3 0
1 9 3 4 0
1 9 3 5 0
1 9 3 6 0
1 9 3 7 0
1 9 3 8 0
1 9 3 9 0
1 9 3 10 0
1 9 3 11 0
1 9 3 12 0
1 9 3 13 0
1 9 3 14 0
1 9 3 15 0
1 9 4 0 0
1 9 4 1 -0.05254392090253764
1 9 4 2 0
1 9 4 3 0
1 9 4 4 0
1 9 4 5 0
1 9 4 6 0
1 9 4 7 0
1 9 4 8 0
1 9 4 9 0
1 9 4 10 0
1 9 4 11 0
1 9 4 12 0
1 9 4 13 0
1 9 4 14 0
1 9 4 15 -0.0002380038586738023
1 9 5 0 0
1 9 5 1 0
1 9 5 2 0
1 9 5 3 0
1 9 5 4 0
1 9 5 5 0
1 9 5 6 0
1 9 5 7 0
1 9 5 8 0
1 9 5 9 0
1 9 5 10 0
1 9 5 11 0
1 9 5 12 0
1 9 5 13 0
1 9 5 14 0
1 9 5 15 0
1 9 6 0 0
1 9 6 1 0
1 9 6 2 0
1 9 6 3 0
1 9 6 4 0
1 9 6 5 0
1 9 6 6 0
1 9 6 7 0
1 9 6 8 0
1 9 6 9 0
1 9 6 10 0
1 9 6 11 0
1 9 6 12 0
1 9 6 13 0
1 9 6 14 0
1 9 6 15 0
1 9 7 0 0
1 9 7 1 0
1 9 7 2 0
1 9 7 3 0
1 9 7 4 0
1 9 7 5 0
1 9 7 6 0
1 9 7 7 0
1 9 7 8 0
1 9 7 9 0
1 9 7 10 0
1 9 7 11 0
1 9 7 12 0
1 9 7 13 0
1 9 7 14 0
1 9 7 15 0
1 9 8 0 0
1 9 8 1 0
1 9 8 2 0
1 9 8 3 0
1 9 8 4 0
1 9 8 5 0
1 9 8 6 0
1 9 8 7 0
1 9 8 8 0
1 9 8 9 0
1 9 8 10 0
1 9 8 11 0
1 9 8 12 0
1 9 8 13 0
1 9 8 14 0
1 9 8 15 0
1 9 9 0 0
1 9 9 1 -0.003998368592367713
1 9 9 2 0
1 9 9 3 0
1 9 9 4 0
1 9 9 5 0
1 9 9 6 0
1 9 9 7 0
1 9 9 8 0
1 9 9 9 0
1 9 9 10 0
1 9 9 11 0
1 9 9 12 0
1 9 9 13 0
1 9 9 14 0
1 9 9 15 0
1 9 10 0 0
1 9 10 1 0
1 9 10 2 0
1 9 10 3 0
1 9 10 4 0
1 9 10 5 0
1 9 10 6 0
1 9 10 7 0
1 9 10 8 0
1 9 10 9 0
1 9 10 10 0
1 9 10 11 0
1 9 10 12 0
1 9 10 13 0
1 9 10 14 0
1 9 10 15 0
1 9 11 0 0
1 9 11 1 0
1 9 11 2 0
1 9 11 3 0
1 9 11 4 0
1 9 11 5 0
1 9 11 6 0
1 9 11 7 0
1 9 11 8 0
1 9 11 9 0
1 9 11 10 0
1 9 11 11 0
1 9 11 12 0
1 9 11 13 0
1 9 11 14 0
1 9 11 15 0
1 9 12 0 0
1 9 12 1 0
1 9 12 2 0
1 9 12 3 0
1 9 12 4 0
1 9 12 5 0
1 9 12 6 0
1 9 12 7 0
1 9 12 8 0
1 9 12 9 0
1 9 12 10 0
1 9 12 11 0
1 9 12 12 0
1 9 12 13 0
1 9 12 14 0
1 9 12 15 0
1 9 13 0 0
1 9 13 1 0
1 9 13 2 0
1 9 13 3 0
1 9 13 4 0
1 9 13 5 0
1 9 13 6 0
1 9 13 7 0
1 9 13 8 0
1 9 13 9 0
1 9 13 10 0
1 9 13 11 0
1 9 13 12 0
1 9 13 13 0
1 9 13 14 0
1 9 13 15 0
1 9 14 0 0
1 9 14 1 0
1 9 14 2 0
1 9 14 3 0
1 9 14 4 0
1 9 14 5 0
1 9 14 6 0
1 9 14 7 0
1 9 14 8 0
1 9 14 9 0
1 9 14 10 0
1 9 14 11 0
1 9 14 12 0
1 9 14 13 0
1 9 14 14 0
1 9 14 15 0
1 9 15 0 0
1 9 15 1 0
1 9 15 2 0
1 9 15 3 0
1 9 15 4 0.0008706738895706492
1 9 15 5 0
1 9 15 6 0
1 9 15 7 0
1 9 15 8 0
1 9 15 9 0
1 9 15 10 0
1 9 15 11 0
1 9 15 12 0
1 9 15 13 0
1 9 15 14 0
1 9 15 15 0
1 10 0 0 0
1 10 0 1 0
1 10 0 2 0
1 10 0 3 0
1 10 0 4 0
1 10 0 5 0
1 10 0 6 0
1 10 0 7 0
1 10 0 8 0
1 10 0 9 0
1 10 0 10 0
1 10 0 11 0
1 10 0 12 0
1 10 0 13 0
1 10 0 14 0
1 10 0 15 0
1 10 1 0 0
1 10 1 1 0
1 10 1 2 0
1 10 1 3 0
1 10 1 4 0
1 10 1 5 0
1 10 1 6 0
1 10 1 7 0
1 10 1 8 0
1 10 1 9 0
1 10 1 10 0
1 10 1 11 0
1 10 1 12 0
1 10 1 13 0
1 10 1 14 0
1 10 1 15 0
1 10 2 0 0
1 10 2 1 0
1 10 2 2 0
1 10 2 3 0
1 10 2 4 0
1 10 2 5 0
1 10 2 6 0
1 10 2 7 0
1 10 2 8 0
1 10 2 9 0
1 10 2 10 0
1 10 2 11 0
1 10 2 12 0
1 10 2 13 0
1 10 2 14 0
1 10 2 15 0
1 10 3 0 0
1 10 3 1 0
1 10 3 2 0
1 10 3 3 0
1 10 3 4 0
1 10 3 5 0
1 10 3 6 0
1 10 3 7 0
1 10 3 8 0
1 10 3 9 0
1 10 3 10 0
1 10 3 11 0
1 10 3 12 0
1 10 3 13 0
1 10 3 14 0
1 10 3 15 0
1 10 4 0 0
1 10 4 1 0
1 10 4 2 0
1 10 4 3 0
1 10 4 4 0
1 10 4 5 0
1 10 4 6 0
1 10 4 7 0
1 10 4 8 0
1 10 4 9 0
1 10 4 10 0
1 10 4 11 0
1 10 4 12 0
1 10 4 13 0
1 10 4 14 0
1 10 4 15 0
1 10 5 0 0
1 10 5 1 0
1 10 5 2 0
1 10 5 3 0
1 10 5 4 0
1 10 5 5 0
1 10 5 6 0
1 10 5 7 0
1 10 5 8 0
1 10 5 9 0
1 10 5 10 0
1 10 5 11 0
1 10 5 12 0
1 10 5 13 0
1 10 5 14 0
1 10 5 15 0
1 10 6 0 0
1 10 6 1 0
1 10 6 2 0
1 10 6 3 0
1 10 6 4 0
1 10 6 5 0
1 10 6 6 0
1 10 6 7 0
1 10 6 8 0
1 10 6 9 0
1 10 6 10 0
1 10 6 11 0
1 10 6 12 0
1 10 6 13 0
1 10 6 14 0
1 10 6 15 0
1 10 7 0 0
1 10 7 1 0
1 10 7 2 0
1 10 7 3 0
1 10 7 4 0
1 10 7 5 0
1 10 7 6 0
1 10 7 7 0
1 10 7 8 0
1 10 7 9 0
1 10 7 10 0
1 10 7 11 0
1 10 7 12 0
1 10 7 13 0
1 10 7 14 0
1 10 7 15 0
1 10 8 0 0
1 10 8 1 0
1 10 8 2 0
1 10 8 3 0
1 10 8 4 0
1 10 8 5 0
1 10 8 6 0
1 10 8 7 0
1 10 8 8 0
1 10 8 9 0
1 10 8 10 0
1 10 8 11 0
1 10 8 12 0
1 10 8 13 0
1 10 8 14 0
1 10 8 15 0
1 10 9 0 0
1 10 9 1 0
1 10 9 2 0
1 10 9 3 0
1 10 9 4 0
1 10 9 5 0
1 10 9 6 0
1 10 9 7 0
1 10 9 8 0
1 10 9 9 0
1 10 9 10 0
1 10 9 11 0
1 10 9 12 0
1 10 9 13 0
1 10 9 14 0
1 10 9 15 0
1 10 10 0 0
1 10 10 1 0
1 10 10 2 0
1 10 10 3 0
1 10 10 4 0
1 10 10 5 0
1 10 10 6 0
1 10 10 7 0
1 10 10 8 0
1 10 10 9 0
1 10 10 10 0
1 10 10 11 0
1 10 10 12 0
1 10 10 13 0
1 10 10 14 0
1 10 10 15 0
1 10 11 0 0
1 10 11 1 0
1 10 11 2 0
1 10 11 3 0
1 10 11 4 0
1 10 11 5 0
1 10 11 6 0
1 10 11 7 0
1 10 11 8 0
1 10 11 9 0
1 10 11 10 0
1 10 11 11 0
1 10 11 12 0
1 10 11 13 0
1 10 11 14 0
1 10 11 15 0
1 10 12 0 0
1 10 12 1 0
1 10 12 2 0
1 10 12 3 0
1 10 12 4 0
1 10 12 5 0
1 10 12 6 0
1 10 12 7 0
1 10 12 8 0
1 10 12 9 0
1 10 12 10 0
1 10 12 11 0
1 10 12 12 0
1 10 12 13 0
1 10 12 14 0
1 10 12 15 0
1 10 13 0 0
1 10 13 1 0
1 10 13 2 0
1 10 13 3 0
1 10 13 4 0
1 10 13 5 0
1 10 13 6 0
1 10 13 7 0
1 10 13 8 0
1 10 13 9 0
1 10 13 10 0
1 10 13 11 0
1 10 13 12 0
1 10 13 13 0
1 10 13 14 0
1 10 13 15 0
1 10 14 0 0
1 10 14 1 0
1 10 14 2 0
1 10 14 3 0
1 10 14 4 0
1 10 14 5 0
1 10 14 6 0
1 10 14 7 0
1 10 14 8 0
1 10 14 9 0
1 10 14 10 0
1 10 14 11 0
1 10 14 12 0
1 10 14 13 0
1 10 14 14 0
1 10 14 15 0
1 10 15 0 0
1 10 15 1 0
1 10 15 2 0
1 10 15 3 0
1 10 15 4 0
1 10 15 5 0
1 10 15 6 0
1 10 15 7 0
1 10 15 8 0
1 10 15 9 0
1 10 15 10 0
1 10 15 11 0
1 10 15 12 0
1 10 15 13 0
1 10 15 14 0
1 10 15 15 0
1 11 0 0 0
1 11 0 1 0.01336439813953341
1 11 0 2 0
1 11 0 3 0
1 11 0 4 0
1 11 0 5 0
1 11 0 6 0
1 11 0 7 0
1 11 0 8 0
1 11 0 9 0
1 11 0 10 0
1 11 0 11 0
1 11 0 12 0
1 11 0 13 0
1 11 0 14 0
1 11 0 15 0.0001668401460530865
1 11 1 0 -0.02672879627906681
1 11 1 1 0
1 11 1 2 -0.04917416824920522
1 11 1 3 0
1 11 1 4 0
1 11 1 5 0
1 11 1 6 0
1 11 1 7 0
1 11 1 8 0
1 11 1 9 0
1 11 1 10 0
1 11 1 11 0.002419337762902791
1 11 1 12 0
1 11 1 13 0
1 11 1 14 -0.00107889291423357
1 11 1 15 0
1 11 2 0 0
1 11 2 1 0.02458708412460262
1 11 2 2 0
1 11 2 3 0
1 11 2 4 0
1 11 2 5 0
1 11 2 6 0
1 11 2 7 0
1 11 2 8 0
1 11 2 9 0
1 11 2 10 0
1 11 2 11 0
1 11 2 12 0
1 11 2 13 0
1 11 2 14 0
1 11 2 15 0.0002294178087508504
1 11 3 0 0
1 11 3 1 0
1 11 3 2 0
1 11 3 3 0
1 11 3 4 0
1 11 3 5 0
1 11 3 6 0
1 11 3 7 0
1 11 3 8 0
1 11 3 9 0
1 11 3 10 0
1 11 3 11 0
1 11 3 12 0
1 11 3 13 0
1 11 3 14 0
1 11 3 15 0
1 11 4 0 0
1 11 4 1 0
1 11 4 2 0
1 11 4 3 0
1 11 4 4 0
1 11 4 5 0
1 11 4 6 0
1 11 4 7 0
1 11 4 8 0
1 11 4 9 0
1 11 4 10 0
1 11 4 11 0
1 11 4 12 0
1 11 4 13 0
1 11 4 14 0
1 11 4 15 0
1 11 5 0 0
1 11 5 1 0
1 11 5 2 0
1 11 5 3 0
1 11 5 4 0
1 11 5 5 0
1 11 5 6 0
1 11 5 7 0
1 11 5 8 0
1 11 5 9 0
1 11 5 10 0
1 11 5 11 0
1 11 5 12 0
1 11 5 13 0
1 11 5 14 0
1 11 5 15 0
1 11 6 0 0
1 11 6 1 0
1 11 6 2 0
1 11 6 3 0
1 11 6 4 0
1 11 6 5 0
1 11 6 6 0
1 11 6 7 0
1 11 6 8 0
1 11 6 9 0
1 11 6 10 0
1 11 6 11 0
1 11 6 12 0
1 11 6 13 0
1 11 6 14 0
1 11 6 15 0
1 11 7 0 0
1 11 7 1 0
1 11 7 2 0
1 11 7 3 0
1 11 7 4 0
1 11 7 5 0
1 11 7 6 0
1 11 7 7 0
1 11 7 8 0
1 11 7 9 0
1 11 7 10 0
1 11 7 11 0
1 11 7 12 0
1 11 7 13 0
1 11 7 14 0
1 11 7 15 0
1 11 8 0 0
1 11 8 1 0
1 11 8 2 0
1 11 8 3 0
1 11 8 4 0
1 11 8 5 0
1 11 8 6 0
1 11 8 7 0
1 11 8 8 0
1 11 8 9 0
1 11 8 10 0
1 11 8 11 0
1 11 8 12 0
1 11 8 13 0
1 11 8 14 0
1 11 8 15 0
1 11 9 0 0
1 11 9 1 0
1 11 9 2 0
1 11 9 3 0
1 11 9 4 0
1 11 9 5 0
1 11 9 6 0
1 11 9 7 0
1 11 9 8 0
1 11 9 9 0
1 11 9 10 0
1 11 9 11 0
1 11 9 12 0
1 11 9 13 0
1 11 9 14 0
1 11 9 15 0
1 11 10 0 0
1 11 10 1 0
1 11 10 2 0
1 11 10 3 0
1 11 10 4 0
1 11 10 5 0
1 11 10 6 0
1 11 10 7 0
1 11 10 8 0
1 11 10 9 0
1 11 10 10 0
1 11 10 11 0
1 11 10 12 0
1 11 10 13 0
1 11 10 14 0
1 11 10 15 0
1 11 11 0 0
1 11 11 1 -0.001209668881451395
1 11 11 2 0
1 11 11 3 0
1 11 11 4 0
1 11 11 5 0
1 11 11 6 0
1 11 11 7 0
1 11 11 8 0
1 11 11 9 0
1 11 11 10 0
1 11 11 11 0
1 11 11 12 0
1 11 11 13 0
1 11 11 14 0
1 11 11 15 0
1 11 12 0 0
1 11 12 1 0
1 11 12 2 0
1 11 12 3 0
1 11 12 4 0
1 11 12 5 0
1 11 12 6 0
1 11 12 7 0
1 11 12 8 0
1 11 12 9 0
1 11 12 10 0
1 11 12 11 0
1 11 12 12 0
1 11 12 13 0
1 11 12 14 0
1 11 12 15 0
1 11 13 0 0
1 11 13 1 0
1 11 13 2 0
1 11 13 3 0
1 11 13 4 0
1 11 13 5 0
1 11 13 6 0
1 11 13 7 0
1 11 13 8 0
1 11 13 9 0
1 11 13 10 0
1 11 13 11 0
1 11 13 12 0
1 11 13 13 0
1 11 13 14 0
1 11 13 15 0
1 11 14 0 0
1 11 14 1 0.0005394464571167848
1 11 14 2 0
1 11 14 3 0
1 11 14 4 0
1 11 14 5 0
1 11 14 6 0
1 11 14 7 0
1 11 14 8 0
1 11 14 9 0
1 11 14 10 0
1 11 14 11 0
1 11 14 12 0
1 11 14 13 0
1 11 14 14 0
1 11 14 15 0
1 11 15 0 -0.000185394604531509
1 11 15 1 0
1 11 15 2 -0.0004074178668104427
1 11 15 3 0
1 11 15 4 0
1 11 15 5 0
1 11 15 6 0
1 11 15 7 0
1 11 15 8 0
1 11 15 9 0
1 11 15 10 0
1 11 15 11 0
1 11 15 12 0
1 11 15 13 0
1 11 15 14 0
1 11 15 15 0
1 12 0 0 0
1 12 0 1 0
1 12 0 2 0
1 12 0 3 0
1 12 0 4 0
1 12 0 5 0
1 12 0 6 0
1 12 0 7 0
1 12 0 8 0
1 12 0 9 0
1 12 0 10 0
1 12 0 11 0
1 12 0 12 0
1 12 0 13 0
1 12 0 14 0
1 12 0 15 0
1 12 1 0 0
1 12 1 1 0
1 12 1 2 0
1 12 1 3 0
1 12 1 4 0
1 12 1 5 0.09803840712275523
1 12 1 6 0
1 12 1 7 0
1 12 1 8 0
1 12 1 9 0
1 12 1 10 0
1 12 1 11 0
1 12 1 12 0.006959857855889614
1 12 1 13 0
1 12 1 14 0
1 12 1 15 0
1 12 2 0 0
1 12 2 1 0
1 12 2 2 0
1 12 2 3 0
1 12 2 4 0
1 12 2 5 0
1 12 2 6 0
1 12 2 7 0
1 12 2 8 0
1 12 2 9 0
1 12 2 10 0
1 12 2 11 0
1 12 2 12 0
1 12 2 13 0
1 12 2 14 0
1 12 2 15 0
1 12 3 0 0
1 12 3 1 0
1 12 3 2 0
1 12 3 3 0
1 12 3 4 0
1 12 3 5 0
1 12 3 6 0
1 12 3 7 0
1 12 3 8 0
1 12 3 9 0
1 12 3 10 0
1 12 3 11 0
1 12 3 12 0
1 12 3 13 0
1 12 3 14 0
1 12 3 15 0
1 12 4 0 0
1 12 4 1 0
1 12 4 2 0
1 12 4 3 0
1 12 4 4 0
1 12 4 5 0
1 12 4 6 0
1 12 4 7 0
1 12 4 8 0
1 12 4 9 0
1 12 4 10 0
1 12 4 11 0
1 12 4 12 0
1 12 4 13 0
1 12 4 14 0
1 12 4 15 0
1 12 5 0 0
1 12 5 1 -0.04901920356137762
1 12 5 2 0
1 12 5 3 0
1 12 5 4 0
1 12 5 5 0
1 12 5 6 0
1 12 5 7 0
1 12 5 8 0
1 12 5 9 0
1 12 5 10 0
1 12 5 11 0
1 12 5 12 0
1 12 5 13 0
1 12 5 14 0
1 12 5 15 -0.000251032131546585
1 12 6 0 0
1 12 6 1 0
1 12 6 2 0
1 12 6 3 0
1 12 6 4 0
1 12 6 5 0
1 12 6 6 0
1 12 6 7 0
1 12 6 8 0
1 12 6 9 0
1 12 6 10 0
1 12 6 11 0
1 12 6 12 0
1 12 6 13 0
1 12 6 14 0
1 12 6 15 0
1 12 7 0 0
1 12 7 1 0
1 12 7 2 0
1 12 7 3 0
1 12 7 4 0
1 12 7 5 0
1 12 7 6 0
1 12 7 7 0
1 12 7 8 0
1 12 7 9 0
1 12 7 10 0
1 12 7 11 0
1 12 7 12 0
1 12 7 13 0
1 12 7 14 0
1 12 7 15 0
1 12 8 0 0
1 12 8 1 0
1 12 8 2 0
1 12 8 3 0
1 12 8 4 0
1 12 8 5 0
1 12 8 6 0
1 12 8 7 0
1 12 8 8 0
1 12 8 9 0
1 12 8 10 0
1 12 8 11 0
1 12 8 12 0
1 12 8 13 0
1 12 8 14 0
1 12 8 15 0
1 12 9 0 0
1 12 9 1 0
1 12 9 2 0
1 12 9 3 0
1 12 9 4 0
1 12 9 5 0
1 12 9 6 0
1 12 9 7 0
1 12 9 8 0
1 12 9 9 0
1 12 9 10 0
1 12 9 11 0
1 12 9 12 0
1 12 9 13 0
1 12 9 14 0
1 12 9 15 0
1 12 10 0 0
1 12 10 1 0
1 12 10 2 0
1 12 10 3 0
1 12 10 4 0
1 12 10 5 0
1 12 10 6 0
1 12 10 7 0
1 12 10 8 0
1 12 10 9 0
1 12 10 10 0
1 12 10 11 0
1 12 10 12 0
1 12 10 13 0
1 12 10 14 0
1 12 10 15 0
1 12 11 0 0
1 12 11 1 0
1 12 11 2 0
1 12 11 3 0
1 12 11 4 0
1 12 11 5 0
1 12 11 6 0
1 12 11 7 0
1 12 11 8 0
1 12 11 9 0
1 12 11 10 0
1 12 11 11 0
1 12 11 12 0
1 12 11 13 0
1 12 11 14 0
1 12 11 15 0
1 12 12 0 0
1 12 12 1 -0.003479928927944808
1 12 12 2 0
1 12 12 3 0
1 12 12 4 0
1 12 12 5 0
1 12 12 6 0
1 12 12 7 0
1 12 12 8 0
1 12 12 9 0
1 12 12 10 0
1 12 12 11 0
1 12 12 12 0
1 12 12 13 0
1 12 12 14 0
1 12 12 15 0
1 12 13 0 0
1 12 13 1 0
1 12 13 2 0
1 12 13 3 0
1 12 13 4 0
1 12 13 5 0
1 12 13 6 0
1 12 13 7 0
1 12 13 8 0
1 12 13 9 0
1 12 13 10 0
1 12 13 11 0
1 12 13 12 0
1 12 13 13 0
1 12 13 14 0
1 12 13 15 0
1 12 14 0 0
1 12 14 1 0
1 12 14 2 0
1 12 14 3 0
1 12 14 4 0
1 12 14 5 0
1 12 14 6 0
1 12 14 7 0
1 12 14 8 0
1 12 14 9 0
1 12 14 10 0
1 12 14 11 0
1 12 14 12 0
1 12 14 13 0
1 12 14 14 0
1 12 14 15 0
1 12 15 0 0
1 12 15 1 0
1 12 15 2 0
1 12 15 3 0
1 12 15 4 0
1 12 15 5 0.0008122679064549753
1 12 15 6 0
1 12 15 7 0
1 12 15 8 0
1 12 15 9 0
1 12 15 10 0
1 12 15 11 0
1 12 15 12 0
1 12 15 13 0
1 12 15 14 0
1 12 15 15 0
1 13 0 0 0
1 13 0 1 0
1 13 0 2 0
1 13 0 3 0
1 13 0 4 0
1 13 0 5 0
1 13 0 6 0
1 13 0 7 0
1 13 0 8 0
1 13 0 9 0
1 13 0 10 0
1 13 0 11 0
1 13 0 12 0
1 13 0 13 0
1 13 0 14 0
1 13 0 15 0
1 13 1 0 0
1 13 1 1 0
1 13 1 2 0
1 13 1 3 0
1 13 1 4 0
1 13 1 5 0
1 13 1 6 0.09926096325152345
1 13 1 7 0
1 13 1 8 0
1 13 1 9 0
1 13 1 10 0
1 13 1 11 0
1 13 1 12 0
1 13 1 13 0.007134521446366593
1 13 1 14 0
1 13 1 15 0
1 13 2 0 0
1 13 2 1 0
1 13 2 2 0
1 13 2 3 0
1 13 2 4 0
1 13 2 5 0
1 13 2 6 0
1 13 2 7 0
1 13 2 8 0
1 13 2 9 0
1 13 2 10 0
1 13 2 11 0
1 13 2 12 0
1 13 2 13 0
1 13 2 14 0
1 13 2 15 0
1 13 3 0 0
1 13 3 1 0
1 13 3 2 0
1 13 3 3 0
1 13 3 4 0
1 13 3 5 0
1 13 3 6 0
1 13 3 7 0
1 13 3 8 0
1 13 3 9 0
1 13 3 10 0
1 13 3 11 0
1 13 3 12 0
1 13 3 13 0
1 13 3 14 0
1 13 3 15 0
1 13 4 0 0
1 13 4 1 0
1 13 4 2 0
1 13 4 3 0
1 13 4 4 0
1 13 4 5 0
1 13 4 6 0
1 13 4 7 0
1 13 4 8 0
1 13 4 9 0
1 13 4 10 0
1 13 4 11 0
1 13 4 12 0
1 13 4 13 0
1 13 4 14 0
1 13 4 15 0
1 13 5 0 0
1 13 5 1 0
1 13 5 2 0
1 13 5 3 0
1 13 5 4 0
1 13 5 5 0
1 13 5 6 0
1 13 5 7 0
1 13 5 8 0
1 13 5 9 0
1 13 5 10 0
1 13 5 11 0
1 13 5 12 0
1 13 5 13 0
1 13 5 14 0
1 13 5 15 0
1 13 6 0 0
1 13 6 1 -0.04963048162576172
1 13 6 2 0
1 13 6 3 0
1 13 6 4 0
1 13 6 5 0
1 13 6 6 0
1 13 6 7 0
1 13 6 8 0
1 13 6 9 0
1 13 6 10 0
1 13 6 11 0
1 13 6 12 0
1 13 6 13 0
1 13 6 14 0
1 13 6 15 -0.0002533309364730869
1 13 7 0 0
1 13 7 1 0
1 13 7 2 0
1 13 7 3 0
1 13 7 4 0
1 13 7 5 0
1 13 7 6 0
1 13 7 7 0
1 13 7 8 0
1 13 7 9 0
1 13 7 10 0
1 13 7 11 0
1 13 7 12 0
1 13 7 13 0
1 13 7 14 0
1 13 7 15 0
1 13 8 0 0
1 13 8 1 0
1 13 8 2 0
1 13 8 3 0
1 13 8 4 0
1 13 8 5 0
1 13 8 6 0
1 13 8 7 0
1 13 8 8 0
1 13 8 9 0
1 13 8 10 0
1 13 8 11 0
1 13 8 12 0
1 13 8 13 0
1 13 8 14 0
1 13 8 15 0
1 13 9 0 0
1 13 9 1 0
1 13 9 2 0
1 13 9 3 0
1 13 9 4 0
1 13 9 5 0
1 13 9 6 0
1 13 9 7 0
1 13 9 8 0
1 13 9 9 0
1 13 9 10 0
1 13 9 11 0
1 13 9 12 0
1 13 9 13 0
1 13 9 14 0
1 13 9 15 0
1 13 10 0 0
1 13 10 1 0
1 13 10 2 0
1 13 10 3 0
1 13 10 4 0
1 13 10 5 0
1 13 10 6 0
1 13 10 7 0
1 13 10 8 0
1 13 10 9 0
1 13 10 10 0
1 13 10 11 0
1 13 10 12 0
1 13 10 13 0
1 13 10 14 0
1 13 10 15 0
1 13 11 0 0
1 13 11 1 0
1 13 11 2 0
1 13 11 3 0
1 13 11 4 0
1 13 11 5 0
1 13 11 6 0
1 13 11 7 0
1 13 11 8 0
1 13 11 9 0
1 13 11 10 0
1 13 11 11 0
1 13 11 12 0
1 13 11 13 0
1 13 11 14 0
1 13 11 15 0
1 13 12 0 0
1 13 12 1 0
1 13 12 2 0
1 13 12 3 0
1 13 12 4 0
1 13 12 5 0
1 13 12 6 0
1 13 12 7 0
1 13 12 8 0
1 13 12 9 0
1 13 12 10 0
1 13 12 11 0
1 13 12 12 0
1 13 12 13 0
1 13 12 14 0
1 13 12 15 0
1 13 13 0 0
1 13 13 1 -0.003567260723183296
1 13 13 2 0
1 13 13 3 0
1 13 13 4 0
1 13 13 5 0
1 13 13 6 0
1 13 13 7 0
1 13 13 8 0
1 13 13 9 0
1 13 13 10 0
1 13 13 11 0
1 13 13 12 0
1 13 13 13 0
1 13 13 14 0
1 13 13 15 0
1 13 14 0 0
1 13 14 1 0
1 13 14 2 0
1 13 14 3 0
1 13 14 4 0
1 13 14 5 0
1 13 14 6 0
1 13 14 7 0
1 13 14 8 0
1 13 14 9 0
1 13 14 10 0
1 13 14 11 0
1 13 14 12 0
1 13 14 13 0
1 13 14 14 0
1 13 14 15 0
1 13 15 0 0
1 13 15 1 0
1 13 15 2 0
1 13 15 3 0
1 13 15 4 0
1 13 15 5 0
1 13 15 6 0.0008223970296872086
1 13 15 7 0
1 13 15 8 0
1 13 15 9 0
1 13 15 10 0
1 13 15 11 0
1 13 15 12 0
1 13 15 13 0
1 13 15 14 0
1 13 15 15 0
1 14 0 0 0
1 14 0 1 0
1 14 0 2 0
1 14 0 3 0
1 14 0 4 0
1 14 0 5 0
1 14 0 6 0
1 14 0 7 0
1 14 0 8 0
1 14 0 9 0
1 14 0 10 0
1 14 0 11 0
1 14 0 12 0
1 14 0 13 0
1 14 0 14 0
1 14 0 15 0
1 14 1 0 0
1 14 1 1 0
1 14 1 2 0.06552697730396771
1 14 1 3 0
1 14 1 4 0
1 14 1 5 0
1 14 1 6 0
1 14 1 7 0
1 14 1 8 0
1 14 1 9 0
1 14 1 10 0
1 14 1 11 -0.00107889291423357
1 14 1 12 0
1 14 1 13 0
1 14 1 14 0.001868580747337894
1 14 1 15 0
1 14 2 0 0
1 14 2 1 -0.03276348865198386
1 14 2 2 0
1 14 2 3 0
1 14 2 4 0
1 14 2 5 0
1 14 2 6 0
1 14 2 7 0
1 14 2 8 0
1 14 2 9 0
1 14 2 10 0
1 14 2 11 0
1 14 2 12 0
1 14 2 13 0
1 14 2 14 0
1 14 2 15 -0.0002393996818441073
1 14 3 0 0
1 14 3 1 0
1 14 3 2 0
1 14 3 3 0
1 14 3 4 0
1 14 3 5 0
1 14 3 6 0
1 14 3 7 0
1 14 3 8 0
1 14 3 9 0
1 14 3 10 0
1 14 3 11 0
1 14 3 12 0
1 14 3 13 0
1 14 3 14 0
1 14 3 15 0
1 14 4 0 0
1 14 4 1 0
1 14 4 2 0
1 14 4 3 0
1 14 4 4 0
1 14 4 5 0
1 14 4 6 0
1 14 4 7 0
1 14 4 8 0
1 14 4 9 0
1 14 4 10 0
1 14 4 11 0
1 14 4 12 0
1 14 4 13 0
1 14 4 14 0
1 14 4 15 0
1 14 5 0 0
1 14 5 1 0
1 14 5 2 0
1 14 5 3 0
1 14 5 4 0
1 14 5 5 0
1 14 5 6 0
1 14 5 7 0
1 14 5 8 0
1 14 5 9 0
1 14 5 10 0
1 14 5 11 0
1 14 5 12 0
1 14 5 13 0
1 14 5 14 0
1 14 5 15 0
1 14 6 0 0
1 14 6 1 0
1 14 6 2 0
1 14 6 3 0
1 14 6 4 0
1 14 6 5 0
1 14 6 6 0
1 14 6 7 0
1 14 6 8 0
1 14 6 9 0
1 14 6 10 0
1 14 6 11 0
1 14 6 12 0
1 14 6 13 0
1 14 6 14 0
1 14 6 15 0
1 14 7 0 0
1 14 7 1 0
1 14 7 2 0
1 14 7 3 0
1 14 7 4 0
1 14 7 5 0
1 14 7 6 0
1 14 7 7 0
1 14 7 8 0
1 14 7 9 0
1 14 7 10 0
1 14 7 11 0
1 14 7 12 0
1 14 7 13 0
1 14 7 14 0
1 14 7 15 0
1 14 8 0 0
1 14 8 1 0
1 14 8 2 0
1 14 8 3 0
1 14 8 4 0
1 14 8 5 0
1 14 8 6 0
1 14 8 7 0
1 14 8 8 0
1 14 8 9 0
1 14 8 10 0
1 14 8 11 0
1 14 8 12 0
1 14 8 13 0
1 14 8 14 0
1 14 8 15 0
1 14 9 0 0
1 14 9 1 0
1 14 9 2 0
1 14 9 3 0
1 14 9 4 0
1 14 9 5 0
1 14 9 6 0
1 14 9 7 0
1 14 9 8 0
1 14 9 9 0
1 14 9 10 0
1 14 9 11 0
1 14 9 12 0
1 14 9 13 0
1 14 9 14 0
1 14 9 15 0
1 14 10 0 0
1 14 10 1 0
1 14 10 2 0
1 14 10 3 0
1 14 10 4 0
1 14 10 5 0
1 14 10 6 0
1 14 10 7 0
1 14 10 8 0
1 14 10 9 0
1 14 10 10 0
1 14 10 11 0
1 14 10 12 0
1 14 10 13 0
1 14 10 14 0
1 14 10 15 0
1 14 11 0 0
1 14 11 1 0.0005394464571167848
1 14 11 2 0
1 14 11 3 0
1 14 11 4 0
1 14 11 5 0
1 14 11 6 0
1 14 11 7 0
1 14 11 8 0
1 14 11 9 0
1 14 11 10 0
1 14 11 11 0
1 14 11 12 0
1 14 11 13 0
1 14 11 14 0
1 14 11 15 0
1 14 12 0 0
1 14 12 1 0
1 14 12 2 0
1 14 12 3 0
1 14 12 4 0
1 14 12 5 0
1 14 12 6 0
1 14 12 7 0
1 14 12 8 0
1 14 12 9 0
1 14 12 10 0
1 14 12 11 0
1 14 12 12 0
1 14 12 13 0
1 14 12 14 0
1 14 12 15 0
1 14 13 0 0
1 14 13 1 0
1 14 13 2 0
1 14 13 3 0
1 14 13 4 0
1 14 13 5 0
1 14 13 6 0
1 14 13 7 0
1 14 13 8 0
1 14 13 9 0
1 14 13 10 0
1 14 13 11 0
1 14 13 12 0
1 14 13 13 0
1 14 13 14 0
1 14 13 15 0
1 14 14 0 0
1 14 14 1 -0.0009342903736689466
1 14 14 2 0
1 14 14 3 0
1 14 14 4 0
1 14 14 5 0
1 14 14 6 0
1 14 14 7 0
1 14 14 8 0
1 14 14 9 0
1 14 14 10 0
1 14 14 11 0
1 14 14 12 0
1 14 14 13 0
1 14 14 14 0
1 14 14 15 0
1 14 15 0 0
1 14 15 1 0
1 14 15 2 0.0005429041763639858
1 14 15 3 0
1 14 15 4 0
1 14 15 5 0
1 14 15 6 0
1 14 15 7 0
1 14 15 8 0
1 14 15 9 0
1 14 15 10 0
1 14 15 11 0
1 14 15 12 0
1 14 15 13 0
1 14 15 14 0
1 14 15 15 0
1 15 0 0 0
1 15 0 1 0
1 15 0 2 0
1 15 0 3 0
1 15 0 4 0
1 15 0 5 0
1 15 0 6 0
1 15 0 7 0
1 15 0 8 0
1 15 0 9 0
1 15 0 10 0
1 15 0 11 0
1 15 0 12 0
1 15 0 13 0
1 15 0 14 0
1 15 0 15 0
1 15 1 0 0
1 15 1 1 0.0114418215651334
1 15 1 2 0
1 15 1 3 0
1 15 1 4 0
1 15 1 5 0
1 15 1 6 0
1 15 1 7 0
1 15 1 8 0
1 15 1 9 0
1 15 1 10 0
1 15 1 11 0
1 15 1 12 0
1 15 1 13 0
1 15 1 14 0
1 15 1 15 0.0001061590066063571
1 15 2 0 0
1 15 2 1 0
1 15 2 2 0
1 15 2 3 0
1 15 2 4 0
1 15 2 5 0
1 15 2 6 0
1 15 2 7 0
1 15 2 8 0
1 15 2 9 0
1 15 2 10 0
1 15 2 11 0
1 15 2 12 0
1 15 2 13 0
1 15 2 14 0
1 15 2 15 0
1 15 3 0 0
1 15 3 1 0
1 15 3 2 0
1 15 3 3 0
1 15 3 4 0
1 15 3 5 0
1 15 3 6 0
1 15 3 7 0
1 15 3 8 0
1 15 3 9 0
1 15 3 10 0
1 15 3 11 0
1 15 3 12 0
1 15 3 13 0
1 15 3 14 0
1 15 3 15 0
1 15 4 0 0
1 15 4 1 0
1 15 4 2 0
1 15 4 3 0
1 15 4 4 0
1 15 4 5 0
1 15 4 6 0
1 15 4 7 0
1 15 4 8 0
1 15 4 9 0
1 15 4 10 0
1 15 4 11 0
1 15 4 12 0
1 15 4 13 0
1 15 4 14 0
1 15 4 15 0
1 15 5 0 0
1 15 5 1 0
1 15 5 2 0
1 15 5 3 0
1 15 5 4 0
1 15 5 5 0
1 15 5 6 0
1 15 5 7 0
1 15 5 8 0
1 15 5 9 0
1 15 5 10 0
1 15 5 11 0
1 15 5 12 0
1 15 5 13 0
1 15 5 14 0
1 15 5 15 0
1 15 6 0 0
1 15 6 1 0
1 15 6 2 0
1 15 6 3 0
1 15 6 4 0
1 15 6 5 0
1 15 6 6 0
1 15 6 7 0
1 15 6 8 0
1 15 6 9 0
1 15 6 10 0
1 15 6 11 0
1 15 6 12 0
1 15 6 13 0
1 15 6 14 0
1 15 6 15 0
1 15 7 0 0
1 15 7 1 0
1 15 7 2 0
1 15 7 3 0
1 15 7 4 0
1 15 7 5 0
1 15 7 6 0
1 15 7 7 0
1 15 7 8 0
1 15 7 9 0
1 15 7 10 0
1 15 7 11 0
1 15 7 12 0
1 15 7 13 0
1 15 7 14 0
1 15 7 15 0
1 15 8 0 0
1 15 8 1 0
1 15 8 2 0
1 15 8 3 0
1 15 8 4 0
1 15 8 5 0
1 15 8 6 0
1 15 8 7 0
1 15 8 8 0
1 15 8 9 0
1 15 8 10 0
1 15 8 11 0
1 15 8 12 0
1 15 8 13 0
1 15 8 14 0
1 15 8 15 0
1 15 9 0 0
1 15 9 1 0
1 15 9 2 0
1 15 9 3 0
1 15 9 4 0
1 15 9 5 0
1 15 9 6 0
1 15 9 7 0
1 15 9 8 0
1 15 9 9 0
1 15 9 10 0
1 15 9 11 0
1 15 9 12 0
1 15 9 13 0
1 15 9 14 0
1 15 9 15 0
1 15 10 0 0
1 15 10 1 0
1 15 10 2 0
1 15 10 3 0
1 15 10 4 0
1 15 10 5 0
1 15 10 6 0
1 15 10 7 0
1 15 10 8 0
1 15 10 9 0
1 15 10 10 0
1 15 10 11 0
1 15 10 12 0
1 15 10 13 0
1 15 10 14 0
1 15 10 15 0
1 15 11 0 0
1 15 11 1 0
1 15 11 2 0
1 15 11 3 0
1 15 11 4 0
1 15 11 5 0
1 15 11 6 0
1 15 11 7 0
1 15 11 8 0
1 15 11 9 0
1 15 11 10 0
1 15 11 11 0
1 15 11 12 0
1 15 11 13 0
1 15 11 14 0
1 15 11 15 0
1 15 12 0 0
1 15 12 1 0
1 15 12 2 0
1 15 12 3 0
1 15 12 4 0
1 15 12 5 0
1 15 12 6 0
1 15 12 7 0
1 15 12 8 0
1 15 12 9 0
1 15 12 10 0
1 15 12 11 0
1 15 12 12 0
1 15 12 13 0
1 15 12 14 0
1 15 12 15 0
1 15 13 0 0
1 15 13 1 0
1 15 13 2 0
1 15 13 3 0
1 15 13 4 0
1 15 13 5 0
1 15 13 6 0
1 15 13 7 0
1 15 13 8 0
1 15 13 9 0
1 15 13 10 0
1 15 13 11 0
1 15 13 12 0
1 15 13 13 0
1 15 13 14 0
1 15 13 15 0
1 15 14 0 0
1 15 14 1 0
1 15 14 2 0
1 15 14 3 0
1 15 14 4 0
1 15 14 5 0
1 15 14 6 0
1 15 14 7 0
1 15 14 8 0
1 15 14 9 0
1 15 14 10 0
1 15 14 11 0
1 15 14 12 0
1 15 14 13 0
1 15 14 14 0
1 15 14 15 0
1 15 15 0 0
1 15 15 1 8.343657580871372e-05
1 15 15 2 0
1 15 15 3 0
1 15 15 4 0
1 15 15 5 0
1 15 15 6 0
1 15 15 7 0
1 15 15 8 0
1 15 15 9 0
1 15 15 10 0
1 15 15 11 0
1 15 15 12 0
1 15 15 13 0
1 15 15 14 0
1 15 15 15 0
2 0 0 0 -0.0003873954183067261
2 0 0 1 0
2 0 0 2 -1.555912991637251
2 0 0 3 0
2 0 0 4 0
2 0 0 5 0
2 0 0 6 0
2 0 0 7 0
2 0 0 8 0
2 0 0 9 0
2 0 0 10 0
2 0 0 11 0.02458708412460262
2 0 0 12 0
2 0 0 13 0
2 0 0 14 -0.03276348865198386
2 0 0 15 0
2 0 1 0 0
2 0 1 1 0
2 0 1 2 0
2 0 1 3 0
2 0 1 4 0
2 0 1 5 0
2 0 1 6 0
2 0 1 7 0
2 0 1 8 0
2 0 1 9 0
2 0 1 10 0
2 0 1 11 0
2 0 1 12 0
2 0 1 13 0
2 0 1 14 0
2 0 1 15 0
2 0 2 0 3.111825983274501
2 0 2 1 0
2 0 2 2 -0.0003873954183067261
2 0 2 3 0
2 0 2 4 0
2 0 2 5 0
2 0 2 6 0
2 0 2 7 0
2 0 2 8 0
2 0 2 9 0
2 0 2 10 0
2 0 2 11 -0.02237659714606707
2 0 2 12 0
2 0 2 13 0
2 0 2 14 0
2 0 2 15 0
2 0 3 0 0
2 0 3 1 0
2 0 3 2 0
2 0 3 3 0
2 0 3 4 0
2 0 3 5 0
2 0 3 6 0
2 0 3 7 0
2 0 3 8 0
2 0 3 9 0
2 0 3 10 0
2 0 3 11 0
2 0 3 12 0
2 0 3 13 0
2 0 3 14 0
2 0 3 15 0
2 0 4 0 0
2 0 4 1 0
2 0 4 2 0
2 0 4 3 0
2 0 4 4 0
2 0 4 5 0
2 0 4 6 0
2 0 4 7 0
2 0 4 8 0
2 0 4 9 0
2 0 4 10 0
2 0 4 11 0
2 0 4 12 0
2 0 4 13 0
2 0 4 14 0
2 0 4 15 0
2 0 5 0 0
2 0 5 1 0
2 0 5 2 0
2 0 5 3 0
2 0 5 4 0
2 0 5 5 0
2 0 5 6 0
2 0 5 7 0
2 0 5 8 0
2 0 5 9 0
2 0 5 10 0
2 0 5 11 0
2 0 5 12 0
2 0 5 13 0
2 0 5 14 0
2 0 5 15 0
2 0 6 0 0
2 0 6 1 0
2 0 6 2 0
2 0 6 3 0
2 0 6 4 0
2 0 6 5 0
2 0 6 6 0
2 0 6 7 0
2 0 6 8 0
2 0 6 9 0
2 0 6 10 0
2 0 6 11 0
2 0 6 12 0
2 0 6 13 0
2 0 6 14 0
2 0 6 15 0
2 0 7 0 0
2 0 7 1 0
2 0 7 2 0
2 0 7 3 0
2 0 7 4 0
2 0 7 5 0
2 0 7 6 0
2 0 7 7 0.0001545039121656409
2 0 7 8 0
2 0 7 9 0
2 0 7 10 0
2 0 7 11 0
2 0 7 12 0
2 0 7 13 0
2 0 7 14 0
2 0 7 15 0
2 0 8 0 0
2 0 8 1 0
2 0 8 2 0
2 0 8 3 0
2 0 8 4 0
2 0 8 5 0
2 0 8 6 0
2 0 8 7 0
2 0 8 8 0
2 0 8 9 0
2 0 8 10 0
2 0 8 11 0
2 0 8 12 0
2 0 8 13 0
2 0 8 14 0
2 0 8 15 0
2 0 9 0 0
2 0 9 1 0
2 0 9 2 0
2 0 9 3 0
2 0 9 4 0
2 0 9 5 0
2 0 9 6 0
2 0 9 7 0
2 0 9 8 0
2 0 9 9 0
2 0 9 10 0
2 0 9 11 0
2 0 9 12 0
2 0 9 13 0
2 0 9 14 0
2 0 9 15 0
2 0 10 0 0
2 0 10 1 0
2 0 10 2 0
2 0 10 3 0
2 0 10 4 0
2 0 10 5 0
2 0 10 6 0
2 0 10 7 0
2 0 10 8 0
2 0 10 9 0
2 0 10 10 0
2 0 10 11 0
2 0 10 12 0
2 0 10 13 0
2 0 10 14 0
2 0 10 15 0
2 0 11 0 -0.04917416824920523
2 0 11 1 0
2 0 11 2 0.01118829857303353
2 0 11 3 0
2 0 11 4 0
2 0 11 5 0
2 0 11 6 0
2 0 11 7 0
2 0 11 8 0
2 0 11 9 0
2 0 11 10 0
2 0 11 11 0
2 0 11 12 0
2 0 11 13 0
2 0 11 14 0
2 0 11 15 0
2 0 12 0 0
2 0 12 1 0
2 0 12 2 0
2 0 12 3 0
2 0 12 4 0
2 0 12 5 0
2 0 12 6 0
2 0 12 7 0
2 0 12 8 0
2 0 12 9 0
2 0 12 10 0
2 0 12 11 0
2 0 12 12 0
2 0 12 13 0
2 0 12 14 0
2 0 12 15 0
2 0 13 0 0
2 0 13 1 0
2 0 13 2 0
2 0 13 3 0
2 0 13 4 0
2 0 13 5 0
2 0 13 6 0
2 0 13 7 0
2 0 13 8 0
2 0 13 9 0
2 0 13 10 0
2 0 13 11 0
2 0 13 12 0
2 0 13 13 0
2 0 13 14 0
2 0 13 15 0
2 0 14 0 0.06552697730396773
2 0 14 1 0
2 0 14 2 0
2 0 14 3 0
2 0 14 4 0
2 0 14 5 0
2 0 14 6 0
2 0 14 7 0
2 0 14 8 0
2 0 14 9 0
2 0 14 10 0
2 0 14 11 0
2 0 14 12 0
2 0 14 13 0
2 0 14 14 0
2 0 14 15 0
2 0 15 0 0
2 0 15 1 0
2 0 15 2 0
2 0 15 3 0
2 0 15 4 0
2 0 15 5 0
2 0 15 6 0
2 0 15 7 0
2 0 15 8 0
2 0 15 9 0
2 0 15 10 0
2 0 15 11 0
2 0 15 12 0
2 0 15 13 0
2 0 15 14 0
2 0 15 15 0
2 1 0 0 0
2 1 0 1 -0.0007747908366134522
2 1 0 2 0
2 1 0 3 0
2 1 0 4 0
2 1 0 5 0
2 1 0 6 0
2 1 0 7 0
2 1 0 8 0
2 1 0 9 0
2 1 0 10 0
2 1 0 11 0
2 1 0 12 0
2 1 0 13 0
2 1 0 14 0
2 1 0 15 0
2 1 1 0 0.0003873954183067261
2 1 1 1 0
2 1 1 2 -1.556418356661097
2 1 1 3 0
2 1 1 4 0
2 1 1 5 0
2 1 1 6 0
2 1 1 7 0
2 1 1 8 0
2 1 1 9 0
2 1 1 10 0
2 1 1 11 0.02458708412460262
2 1 1 12 0
2 1 1 13 0
2 1 1 14 -0.03276348865198386
2 1 1 15 0
2 1 2 0 0
2 1 2 1 3.112836713322194
2 1 2 2 0
2 1 2 3 0
2 1 2 4 0
2 1 2 5 0
2 1 2 6 0
2 1 2 7 0
2 1 2 8 0
2 1 2 9 0
2 1 2 10 0
2 1 2 11 0
2 1 2 12 0
2 1 2 13 0
2 1 2 14 0
2 1 2 15 0.02288364313026681
2 1 3 0 0
2 1 3 1 0
2 1 3 2 0
2 1 3 3 0
2 1 3 4 0
2 1 3 5 0
2 1 3 6 0
2 1 3 7 0
2 1 3 8 0
2 1 3 9 0
2 1 3 10 0
2 1 3 11 0
2 1 3 12 0
2 1 3 13 0
2 1 3 14 0
2 1 3 15 0
2 1 4 0 0
2 1 4 1 0
2 1 4 2 0
2 1 4 3 0
2 1 4 4 0
2 1 4 5 0
2 1 4 6 0
2 1 4 7 0
2 1 4 8 0
2 1 4 9 0
2 1 4 10 0
2 1 4 11 0
2 1 4 12 0
2 1 4 13 0
2 1 4 14 0
2 1 4 15 0
2 1 5 0 0
2 1 5 1 0
2 1 5 2 0
2 1 5 3 0
2 1 5 4 0
2 1 5 5 0
2 1 5 6 0
2 1 5 7 0
2 1 5 8 0
2 1 5 9 0
2 1 5 10 0
2 1 5 11 0
2 1 5 12 0
2 1 5 13 0
2 1 5 14 0
2 1 5 15 0
2 1 6 0 0
2 1 6 1 0
2 1 6 2 0
2 1 6 3 0
2 1 6 4 0
2 1 6 5 0
2 1 6 6 0
2 1 6 7 0
2 1 6 8 0
2 1 6 9 0
2 1 6 10 0
2 1 6 11 0
2 1 6 12 0
2 1 6 13 0
2 1 6 14 0
2 1 6 15 0
2 1 7 0 0
2 1 7 1 0
2 1 7 2 0
2 1 7 3 0
2 1 7 4 0
2 1 7 5 0
2 1 7 6 0
2 1 7 7 0
2 1 7 8 0
2 1 7 9 0
2 1 7 10 0
2 1 7 11 0
2 1 7 12 0
2 1 7 13 0
2 1 7 14 0
2 1 7 15 0
2 1 8 0 0
2 1 8 1 0
2 1 8 2 0
2 1 8 3 0
2 1 8 4 0
2 1 8 5 0
2 1 8 6 0
2 1 8 7 0
2 1 8 8 0
2 1 8 9 0
2 1 8 10 0
2 1 8 11 0
2 1 8 12 0
2 1 8 13 0
2 1 8 14 0
2 1 8 15 0
2 1 9 0 0
2 1 9 1 0
2 1 9 2 0
2 1 9 3 0
2 1 9 4 0
2 1 9 5 0
2 1 9 6 0
2 1 9 7 0
2 1 9 8 0
2 1 9 9 0
2 1 9 10 0
2 1 9 11 0
2 1 9 12 0
2 1 9 13 0
2 1 9 14 0
2 1 9 15 0
2 1 10 0 0
2 1 10 1 0
2 1 10 2 0
2 1 10 3 0
2 1 10 4 0
2 1 10 5 0
2 1 10 6 0
2 1 10 7 0
2 1 10 8 0
2 1 10 9 0
2 1 10 10 0
2 1 10 11 0
2 1 10 12 0
2 1 10 13 0
2 1 10 14 0
2 1 10 15 0
2 1 11 0 0
2 1 11 1 -0.04917416824920523
2 1 11 2 0
2 1 11 3 0
2 1 11 4 0
2 1 11 5 0
2 1 11 6 0
2 1 11 7 0
2 1 11 8 0
2 1 11 9 0
2 1 11 10 0
2 1 11 11 0
2 1 11 12 0
2 1 11 13 0
2 1 11 14 0
2 1 11 15 0
2 1 12 0 0
2 1 12 1 0
2 1 12 2 0
2 1 12 3 0
2 1 12 4 0
2 1 12 5 0
2 1 12 6 0
2 1 12 7 0
2 1 12 8 0
2 1 12 9 0
2 1 12 10 0
2 1 12 11 0
2 1 12 12 0
2 1 12 13 0
2 1 12 14 0
2 1 12 15 0
2 1 13 0 0
2 1 13 1 0
2 1 13 2 0
2 1 13 3 0
2 1 13 4 0
2 1 13 5 0
2 1 13 6 0
2 1 13 7 0
2 1 13 8 0
2 1 13 9 0
2 1 13 10 0
2 1 13 11 0
2 1 13 12 0
2 1 13 13 0
2 1 13 14 0
2 1 13 15 0
2 1 14 0 0
2 1 14 1 0.06552697730396773
2 1 14 2 0
2 1 14 3 0
2 1 14 4 0
2 1 14 5 0
2 1 14 6 0
2 1 14 7 0
2 1 14 8 0
2 1 14 9 0
2 1 14 10 0
2 1 14 11 0
2 1 14 12 0
2 1 14 13 0
2 1 14 14 0
2 1 14 15 0
2 1 15 0 0
2 1 15 1 0
2 1 15 2 -0.0114418215651334
2 1 15 3 0
2 1 15 4 0
2 1 15 5 0
2 1 15 6 0
2 1 15 7 0
2 1 15 8 0
2 1 15 9 0
2 1 15 10 0
2 1 15 11 0
2 1 15 12 0
2 1 15 13 0
2 1 15 14 0
2 1 15 15 0
2 2 0 0 0
2 2 0 1 0
2 2 0 2 -0.0003873954183067261
2 2 0 3 0
2 2 0 4 0
2 2 0 5 0
2 2 0 6 0
2 2 0 7 0
2 2 0 8 0
2 2 0 9 0
2 2 0 10 0
2 2 0 11 0
2 2 0 12 0
2 2 0 13 0
2 2 0 14 0
2 2 0 15 0
2 2 1 0 0
2 2 1 1 0
2 2 1 2 0
2 2 1 3 0
2 2 1 4 0
2 2 1 5 0
2 2 1 6 0
2 2 1 7 0
2 2 1 8 0
2 2 1 9 0
2 2 1 10 0
2 2 1 11 0
2 2 1 12 0
2 2 1 13 0
2 2 1 14 0
2 2 1 15 0
2 2 2 0 -0.0003873954183067261
2 2 2 1 0
2 2 2 2 1.412803028433224
2 2 2 3 0
2 2 2 4 0
2 2 2 5 0
2 2 2 6 0
2 2 2 7 0
2 2 2 8 0
2 2 2 9 0
2 2 2 10 0
2 2 2 11 -0.02458708412460262
2 2 2 12 0
2 2 2 13 0
2 2 2 14 0.03276348865198386
2 2 2 15 0
2 2 3 0 0
2 2 3 1 0
2 2 3 2 0
2 2 3 3 0
2 2 3 4 0
2 2 3 5 0
2 2 3 6 0
2 2 3 7 0
2 2 3 8 0
2 2 3 9 0
2 2 3 10 0
2 2 3 11 0
2 2 3 12 0
2 2 3 13 0
2 2 3 14 0
2 2 3 15 0
2 2 4 0 0
2 2 4 1 0
2 2 4 2 0
2 2 4 3 0
2 2 4 4 0
2 2 4 5 0
2 2 4 6 0
2 2 4 7 0
2 2 4 8 0
2 2 4 9 0
2 2 4 10 0
2 2 4 11 0
2 2 4 12 0
2 2 4 13 0
2 2 4 14 0
2 2 4 15 0
2 2 5 0 0
2 2 5 1 0
2 2 5 2 0
2 2 5 3 0
2 2 5 4 0
2 2 5 5 0
2 2 5 6 0
2 2 5 7 0
2 2 5 8 0
2 2 5 9 0
2 2 5 10 0
2 2 5 11 0
2 2 5 12 0
2 2 5 13 0
2 2 5 14 0
2 2 5 15 0
2 2 6 0 0
2 2 6 1 0
2 2 6 2 0
2 2 6 3 0
2 2 6 4 0
2 2 6 5 0
2 2 6 6 0
2 2 6 7 0
2 2 6 8 0
2 2 6 9 0
2 2 6 10 0
2 2 6 11 0
2 2 6 12 0
2 2 6 13 0
2 2 6 14 0
2 2 6 15 0
2 2 7 0 0
2 2 7 1 0
2 2 7 2 0
2 2 7 3 0
2 2 7 4 0
2 2 7 5 0
2 2 7 6 0
2 2 7 7 -0.6436710007528852
2 2 7 8 0
2 2 7 9 0
2 2 7 10 0
2 2 7 11 0
2 2 7 12 0
2 2 7 13 0
2 2 7 14 0
2 2 7 15 0
2 2 8 0 0
2 2 8 1 0
2 2 8 2 0
2 2 8 3 0
2 2 8 4 0
2 2 8 5 0
2 2 8 6 0
2 2 8 7 0
2 2 8 8 0
2 2 8 9 0
2 2 8 10 0
2 2 8 11 0
2 2 8 12 0
2 2 8 13 0
2 2 8 14 0
2 2 8 15 0
2 2 9 0 0
2 2 9 1 0
2 2 9 2 0
2 2 9 3 0
2 2 9 4 0
2 2 9 5 0
2 2 9 6 0
2 2 9 7 0
2 2 9 8 0
2 2 9 9 0
2 2 9 10 0
2 2 9 11 0
2 2 9 12 0
2 2 9 13 0
2 2 9 14 0
2 2 9 15 0
2 2 10 0 0
2 2 10 1 0
2 2 10 2 0
2 2 10 3 0
2 2 10 4 0
2 2 10 5 0
2 2 10 6 0
2 2 10 7 0
2 2 10 8 0
2 2 10 9 0
2 2 10 10 0
2 2 10 11 0
2 2 10 12 0
2 2 10 13 0
2 2 10 14 0
2 2 10 15 0
2 2 11 0 0
2 2 11 1 0
2 2 11 2 -0.02458708412460262
2 2 11 3 0
2 2 11 4 0
2 2 11 5 0
2 2 11 6 0
2 2 11 7 0
2 2 11 8 0
2 2 11 9 0
2 2 11 10 0
2 2 11 11 0
2 2 11 12 0
2 2 11 13 0
2 2 11 14 0
2 2 11 15 0
2 2 12 0 0
2 2 12 1 0
2 2 12 2 0
2 2 12 3 0
2 2 12 4 0
2 2 12 5 0
2 2 12 6 0
2 2 12 7 0
2 2 12 8 0
2 2 12 9 0
2 2 12 10 0
2 2 12 11 0
2 2 12 12 0
2 2 12 13 0
2 2 12 14 0
2 2 12 15 0
2 2 13 0 0
2 2 13 1 0
2 2 13 2 0
2 2 13 3 0
2 2 13 4 0
2 2 13 5 0
2 2 13 6 0
2 2 13 7 0
2 2 13 8 0
2 2 13 9 0
2 2 13 10 0
2 2 13 11 0
2 2 13 12 0
2 2 13 13 0
2 2 13 14 0
2 2 13 15 0
2 2 14 0 0
2 2 14 1 0
2 2 14 2 0.03276348865198386
2 2 14 3 0
2 2 14 4 0
2 2 14 5 0
2 2 14 6 0
2 2 14 7 0
2 2 14 8 0
2 2 14 9 0
2 2 14 10 0
2 2 14 11 0
2 2 14 12 0
2 2 14 13 0
2 2 14 14 0
2 2 14 15 0
2 2 15 0 0
2 2 15 1 0
2 2 15 2 0
2 2 15 3 0
2 2 15 4 0
2 2 15 5 0
2 2 15 6 0
2 2 15 7 0
2 2 15 8 0
2 2 15 9 0
2 2 15 10 0
2 2 15 11 0
2 2 15 12 0
2 2 15 13 0
2 2 15 14 0
2 2 15 15 0
2 3 0 0 0
2 3 0 1 0
2 3 0 2 0
2 3 0 3 -0.0003873954183067261
2 3 0 4 0
2 3 0 5 0
2 3 0 6 0
2 3 0 7 0
2 3 0 8 0
2 3 0 9 0
2 3 0 10 0
2 3 0 11 0
2 3 0 12 0
2 3 0 13 0
2 3 0 14 0
2 3 0 15 0
2 3 1 0 0
2 3 1 1 0
2 3 1 2 0
2 3 1 3 0
2 3 1 4 0
2 3 1 5 0
2 3 1 6 0
2 3 1 7 0
2 3 1 8 0
2 3 1 9 0
2 3 1 10 0
2 3 1 11 0
2 3 1 12 0
2 3 1 13 0
2 3 1 14 0
2 3 1 15 0
2 3 2 0 0
2 3 2 1 0
2 3 2 2 0
2 3 2 3 1.574632035600472
2 3 2 4 0
2 3 2 5 0
2 3 2 6 0
2 3 2 7 0
2 3 2 8 0.1069425087370264
2 3 2 9 0
2 3 2 10 0
2 3 2 11 0
2 3 2 12 0
2 3 2 13 0
2 3 2 14 0
2 3 2 15 0
2 3 3 0 -9.353989716215572e-05
2 3 3 1 0
2 3 3 2 -0.7936867445139226
2 3 3 3 0
2 3 3 4 0
2 3 3 5 0
2 3 3 6 0
2 3 3 7 0
2 3 3 8 0
2 3 3 9 0
2 3 3 10 0
2 3 3 11 0.00677307822322833
2 3 3 12 0
2 3 3 13 0
2 3 3 14 -0.02402186936047353
2 3 3 15 0
2 3 4 0 0
2 3 4 1 0
2 3 4 2 0
2 3 4 3 0
2 3 4 4 0
2 3 4 5 0
2 3 4 6 0
2 3 4 7 0
2 3 4 8 0
2 3 4 9 0
2 3 4 10 0
2 3 4 11 0
2 3 4 12 0
2 3 4 13 0
2 3 4 14 0
2 3 4 15 0
2 3 5 0 0
2 3 5 1 0
2 3 5 2 0
2 3 5 3 0
2 3 5 4 0
2 3 5 5 0
2 3 5 6 0
2 3 5 7 0
2 3 5 8 0
2 3 5 9 0
2 3 5 10 0
2 3 5 11 0
2 3 5 12 0
2 3 5 13 0
2 3 5 14 0
2 3 5 15 0
2 3 6 0 0
2 3 6 1 0
2 3 6 2 0
2 3 6 3 0
2 3 6 4 0
2 3 6 5 0
2 3 6 6 0
2 3 6 7 0.2963189389940677
2 3 6 8 0
2 3 6 9 0
2 3 6 10 0
2 3 6 11 0
2 3 6 12 0
2 3 6 13 0
2 3 6 14 0
2 3 6 15 0
2 3 7 0 0
2 3 7 1 0
2 3 7 2 0
2 3 7 3 0
2 3 7 4 0
2 3 7 5 0
2 3 7 6 0
2 3 7 7 0
2 3 7 8 0
2 3 7 9 0
2 3 7 10 0
2 3 7 11 0
2 3 7 12 0
2 3 7 13 0
2 3 7 14 0
2 3 7 15 0
2 3 8 0 0
2 3 8 1 0
2 3 8 2 -0.05347125436851322
2 3 8 3 0
2 3 8 4 0
2 3 8 5 0
2 3 8 6 0
2 3 8 7 0
2 3 8 8 0
2 3 8 9 0
2 3 8 10 0
2 3 8 11 0
2 3 8 12 0
2 3 8 13 0
2 3 8 14 0
2 3 8 15 0
2 3 9 0 0
2 3 9 1 0
2 3 9 2 0
2 3 9 3 0
2 3 9 4 0
2 3 9 5 0
2 3 9 6 0
2 3 9 7 0
2 3 9 8 0
2 3 9 9 0
2 3 9 10 0
2 3 9 11 0
2 3 9 12 0
2 3 9 13 0
2 3 9 14 0
2 3 9 15 0
2 3 10 0 0
2 3 10 1 0
2 3 10 2 0
2 3 10 3 0
2 3 10 4 0
2 3 10 5 0
2 3 10 6 0
2 3 10 7 0
2 3 10 8 0
2 3 10 9 0
2 3 10 10 0
2 3 10 11 0
2 3 10 12 0
2 3 10 13 0
2 3 10 14 0
2 3 10 15 0
2 3 11 0 0
2 3 11 1 0
2 3 11 2 0
2 3 11 3 -0.02458708412460262
2 3 11 4 0
2 3 11 5 0
2 3 11 6 0
2 3 11 7 0
2 3 11 8 0
2 3 11 9 0
2 3 11 10 0
2 3 11 11 0
2 3 11 12 0
2 3 11 13 0
2 3 11 14 0
2 3 11 15 0
2 3 12 0 0
2 3 12 1 0
2 3 12 2 0
2 3 12 3 0
2 3 12 4 0
2 3 12 5 0
2 3 12 6 0
2 3 12 7 0
2 3 12 8 0
2 3 12 9 0
2 3 12 10 0
2 3 12 11 0
2 3 12 12 0
2 3 12 13 0
2 3 12 14 0
2 3 12 15 0
2 3 13 0 0
2 3 13 1 0
2 3 13 2 0
2 3 13 3 0
2 3 13 4 0
2 3 13 5 0
2 3 13 6 0
2 3 13 7 0
2 3 13 8 0
2 3 13 9 0
2 3 13 10 0
2 3 13 11 0
2 3 13 12 0
2 3 13 13 0
2 3 13 14 0
2 3 13 15 0
2 3 14 0 0
2 3 14 1 0
2 3 14 2 0
2 3 14 3 0.03276348865198386
2 3 14 4 0
2 3 14 5 0
2 3 14 6 0
2 3 14 7 0
2 3 14 8 0
2 3 14 9 0
2 3 14 10 0
2 3 14 11 0
2 3 14 12 0
2 3 14 13 0
2 3 14 14 0
2 3 14 15 0
2 3 15 0 0
2 3 15 1 0
2 3 15 2 0
2 3 15 3 0
2 3 15 4 0
2 3 15 5 0
2 3 15 6 0
2 3 15 7 0
2 3 15 8 0
2 3 15 9 0
2 3 15 10 0
2 3 15 11 0
2 3 15 12 0
2 3 15 13 0
2 3 15 14 0
2 3 15 15 0
2 4 0 0 0
2 4 0 1 0
2 4 0 2 0
2 4 0 3 0
2 4 0 4 -0.0003873954183067261
2 4 0 5 0
2 4 0 6 0
2 4 0 7 0
2 4 0 8 0
2 4 0 9 0
2 4 0 10 0
2 4 0 11 0
2 4 0 12 0
2 4 0 13 0
2 4 0 14 0
2 4 0 15 0
2 4 1 0 0
2 4 1 1 0
2 4 1 2 0
2 4 1 3 0
2 4 1 4 0
2 4 1 5 0
2 4 1 6 0
2 4 1 7 0
2 4 1 8 0
2 4 1 9 0
2 4 1 10 0
2 4 1 11 0
2 4 1 12 0
2 4 1 13 0
2 4 1 14 0
2 4 1 15 0
2 4 2 0 0
2 4 2 1 0
2 4 2 2 0
2 4 2 3 0
2 4 2 4 1.561630547937608
2 4 2 5 0
2 4 2 6 0
2 4 2 7 0
2 4 2 8 0
2 4 2 9 0.1050878418050753
2 4 2 10 0
2 4 2 11 0
2 4 2 12 0
2 4 2 13 0
2 4 2 14 0
2 4 2 15 0
2 4 3 0 0
2 4 3 1 0
2 4 3 2 0
2 4 3 3 0
2 4 3 4 0
2 4 3 5 0
2 4 3 6 0
2 4 3 7 0
2 4 3 8 0
2 4 3 9 0
2 4 3 10 0
2 4 3 11 0
2 4 3 12 0
2 4 3 13 0
2 4 3 14 0
2 4 3 15 0
2 4 4 0 -0.0001125160484864455
2 4 4 1 0
2 4 4 2 -0.8449041676363542
2 4 4 3 0
2 4 4 4 0
2 4 4 5 0
2 4 4 6 0
2 4 4 7 0
2 4 4 8 0
2 4 4 9 0
2 4 4 10 0
2 4 4 11 0.008090281131747243
2 4 4 12 0
2 4 4 13 0
2 4 4 14 -0.02787966227669113
2 4 4 15 0
2 4 5 0 0
2 4 5 1 0
2 4 5 2 0
2 4 5 3 0
2 4 5 4 0
2 4 5 5 0
2 4 5 6 0
2 4 5 7 0.04430159605440451
2 4 5 8 0
2 4 5 9 0
2 4 5 10 0
2 4 5 11 0
2 4 5 12 0
2 4 5 13 0
2 4 5 14 0
2 4 5 15 0
2 4 6 0 0
2 4 6 1 0
2 4 6 2 0
2 4 6 3 0
2 4 6 4 0
2 4 6 5 0
2 4 6 6 0
2 4 6 7 0
2 4 6 8 0
2 4 6 9 0
2 4 6 10 0
2 4 6 11 0
2 4 6 12 0
2 4 6 13 0
2 4 6 14 0
2 4 6 15 0
2 4 7 0 0
2 4 7 1 0
2 4 7 2 0
2 4 7 3 0
2 4 7 4 0
2 4 7 5 0
2 4 7 6 0
2 4 7 7 0
2 4 7 8 0
2 4 7 9 0
2 4 7 10 0
2 4 7 11 0
2 4 7 12 0
2 4 7 13 0
2 4 7 14 0
2 4 7 15 0
2 4 8 0 0
2 4 8 1 0
2 4 8 2 0
2 4 8 3 0
2 4 8 4 0
2 4 8 5 0
2 4 8 6 0
2 4 8 7 0
2 4 8 8 0
2 4 8 9 0
2 4 8 10 0
2 4 8 11 0
2 4 8 12 0
2 4 8 13 0
2 4 8 14 0
2 4 8 15 0
2 4 9 0 0
2 4 9 1 0
2 4 9 2 -0.05254392090253764
2 4 9 3 0
2 4 9 4 0
2 4 9 5 0
2 4 9 6 0
2 4 9 7 0
2 4 9 8 0
2 4 9 9 0
2 4 9 10 0
2 4 9 11 0
2 4 9 12 0
2 4 9 13 0
2 4 9 14 0
2 4 9 15 0
2 4 10 0 0
2 4 10 1 0
2 4 10 2 0
2 4 10 3 0
2 4 10 4 0
2 4 10 5 0
2 4 10 6 0
2 4 10 7 0
2 4 10 8 0
2 4 10 9 0
2 4 10 10 0
2 4 10 11 0
2 4 10 12 0
2 4 10 13 0
2 4 10 14 0
2 4 10 15 0
2 4 11 0 0
2 4 11 1 0
2 4 11 2 0
2 4 11 3 0
2 4 11 4 -0.02458708412460262
2 4 11 5 0
2 4 11 6 0
2 4 11 7 0
2 4 11 8 0
2 4 11 9 0
2 4 11 10 0
2 4 11 11 0
2 4 11 12 0
2 4 11 13 0
2 4 11 14 0
2 4 11 15 0
2 4 12 0 0
2 4 12 1 0
2 4 12 2 0
2 4 12 3 0
2 4 12 4 0
2 4 12 5 0
2 4 12 6 0
2 4 12 7 0
2 4 12 8 0
2 4 12 9 0
2 4 12 10 0
2 4 12 11 0
2 4 12 12 0
2 4 12 13 0
2 4 12 14 0
2 4 12 15 0
2 4 13 0 0
2 4 13 1 0
2 4 13 2 0
2 4 13 3 0
2 4 13 4 0
2 4 13 5 0
2 4 13 6 0
2 4 13 7 0
2 4 13 8 0
2 4 13 9 0
2 4 13 10 0
2 4 13 11 0
2 4 13 12 0
2 4 13 13 0
2 4 13 14 0
2 4 13 15 0
2 4 14 0 0
2 4 14 1 0
2 4 14 2 0
2 4 14 3 0
2 4 14 4 0.03276348865198386
2 4 14 5 0
2 4 14 6 0
2 4 14 7 0
2 4 14 8 0
2 4 14 9 0
2 4 14 10 0
2 4 14 11 0
2 4 14 12 0
2 4 14 13 0
2 4 14 14 0
2 4 14 15 0
2 4 15 0 0
2 4 15 1 0
2 4 15 2 0
2 4 15 3 0
2 4 15 4 0
2 4 15 5 0
2 4 15 6 0
2 4 15 7 0
2 4 15 8 0
2 4 15 9 0
2 4 15 10 0
2 4 15 11 0
2 4 15 12 0
2 4 15 13 0
2 4 15 14 0
2 4 15 15 0
2 5 0 0 0
2 5 0 1 0
2 5 0 2 0
2 5 0 3 0
2 5 0 4 0
2 5 0 5 -0.0003873954183067261
2 5 0 6 0
2 5 0 7 0
2 5 0 8 0
2 5 0 9 0
2 5 0 10 0
2 5 0 11 0
2 5 0 12 0
2 5 0 13 0
2 5 0 14 0
2 5 0 15 0
2 5 1 0 0
2 5 1 1 0
2 5 1 2 0
2 5 1 3 0
2 5 1 4 0
2 5 1 5 0
2 5 1 6 0
2 5 1 7 0
2 5 1 8 0
2 5 1 9 0
2 5 1 10 0
2 5 1 11 0
2 5 1 12 0
2 5 1 13 0
2 5 1 14 0
2 5 1 15 0
2 5 2 0 0
2 5 2 1 0
2 5 2 2 0
2 5 2 3 0
2 5 2 4 0
2 5 2 5 1.536461888357173
2 5 2 6 0
2 5 2 7 0
2 5 2 8 0
2 5 2 9 0
2 5 2 10 0
2 5 2 11 0
2 5 2 12 0.09803840712275523
2 5 2 13 0
2 5 2 14 0
2 5 2 15 0
2 5 3 0 0
2 5 3 1 0
2 5 3 2 0
2 5 3 3 0
2 5 3 4 0
2 5 3 5 0
2 5 3 6 0
2 5 3 7 0
2 5 3 8 0
2 5 3 9 0
2 5 3 10 0
2 5 3 11 0
2 5 3 12 0
2 5 3 13 0
2 5 3 14 0
2 5 3 15 0
2 5 4 0 0
2 5 4 1 0
2 5 4 2 0
2 5 4 3 0
2 5 4 4 0
2 5 4 5 0
2 5 4 6 0
2 5 4 7 0.0951179788535101
2 5 4 8 0
2 5 4 9 0
2 5 4 10 0
2 5 4 11 0
2 5 4 12 0
2 5 4 13 0
2 5 4 14 0
2 5 4 15 0
2 5 5 0 -9.285129854558617e-05
2 5 5 1 0
2 5 5 2 -0.8330386004119952
2 5 5 3 0
2 5 5 4 0
2 5 5 5 0
2 5 5 6 0
2 5 5 7 0
2 5 5 8 0
2 5 5 9 0
2 5 5 10 0
2 5 5 11 0.005424679128907928
2 5 5 12 0
2 5 5 13 0
2 5 5 14 -0.0178044179854645
2 5 5 15 0
2 5 6 0 0
2 5 6 1 0
2 5 6 2 0
2 5 6 3 0
2 5 6 4 0
2 5 6 5 0
2 5 6 6 0
2 5 6 7 0
2 5 6 8 0
2 5 6 9 0
2 5 6 10 0
2 5 6 11 0
2 5 6 12 0
2 5 6 13 0
2 5 6 14 0
2 5 6 15 0
2 5 7 0 0
2 5 7 1 0
2 5 7 2 0
2 5 7 3 0
2 5 7 4 6.938893903907228e-18
2 5 7 5 0
2 5 7 6 0
2 5 7 7 0
2 5 7 8 0
2 5 7 9 0
2 5 7 10 0
2 5 7 11 0
2 5 7 12 0
2 5 7 13 0
2 5 7 14 0
2 5 7 15 0
2 5 8 0 0
2 5 8 1 0
2 5 8 2 0
2 5 8 3 0
2 5 8 4 0
2 5 8 5 0
2 5 8 6 0
2 5 8 7 0
2 5 8 8 0
2 5 8 9 0
2 5 8 10 0
2 5 8 11 0
2 5 8 12 0
2 5 8 13 0
2 5 8 14 0
2 5 8 15 0
2 5 9 0 0
2 5 9 1 0
2 5 9 2 0
2 5 9 3 0
2 5 9 4 0
2 5 9 5 0
2 5 9 6 0
2 5 9 7 0
2 5 9 8 0
2 5 9 9 0
2 5 9 10 0
2 5 9 11 0
2 5 9 12 0
2 5 9 13 0
2 5 9 14 0
2 5 9 15 0
2 5 10 0 0
2 5 10 1 0
2 5 10 2 0
2 5 10 3 0
2 5 10 4 0
2 5 10 5 0
2 5 10 6 0
2 5 10 7 0
2 5 10 8 0
2 5 10 9 0
2 5 10 10 0
2 5 10 11 0
2 5 10 12 0
2 5 10 13 0
2 5 10 14 0
2 5 10 15 0
2 5 11 0 0
2 5 11 1 0
2 5 11 2 0
2 5 11 3 0
2 5 11 4 0
2 5 11 5 -0.02458708412460262
2 5 11 6 0
2 5 11 7 0
2 5 11 8 0
2 5 11 9 0
2 5 11 10 0
2 5 11 11 0
2 5 11 12 0
2 5 11 13 0
2 5 11 14 0
2 5 11 15 0
2 5 12 0 0
2 5 12 1 0
2 5 12 2 -0.04901920356137762
2 5 12 3 0
2 5 12 4 0
2 5 12 5 0
2 5 12 6 0
2 5 12 7 0
2 5 12 8 0
2 5 12 9 0
2 5 12 10 0
2 5 12 11 0
2 5 12 12 0
2 5 12 13 0
2 5 12 14 0
2 5 12 15 0
2 5 13 0 0
2 5 13 1 0
2 5 13 2 0
2 5 13 3 0
2 5 13 4 0
2 5 13 5 0
2 5 13 6 0
2 5 13 7 0
2 5 13 8 0
2 5 13 9 0
2 5 13 10 0
2 5 13 11 0
2 5 13 12 0
2 5 13 13 0
2 5 13 14 0
2 5 13 15 0
2 5 14 0 0
2 5 14 1 0
2 5 14 2 0
2 5 14 3 0
2 5 14 4 0
2 5 14 5 0.03276348865198386
2 5 14 6 0
2 5 14 7 0
2 5 14 8 0
2 5 14 9 0
2 5 14 10 0
2 5 14 11 0
2 5 14 12 0
2 5 14 13 0
2 5 14 14 0
2 5 14 15 0
2 5 15 0 0
2 5 15 1 0
2 5 15 2 0
2 5 15 3 0
2 5 15 4 0
2 5 15 5 0
2 5 15 6 0
2 5 15 7 0
2 5 15 8 0
2 5 15 9 0
2 5 15 10 0
2 5 15 11 0
2 5 15 12 0
2 5 15 13 0
2 5 15 14 0
2 5 15 15 0
2 6 0 0 0
2 6 0 1 0
2 6 0 2 0
2 6 0 3 0
2 6 0 4 0
2 6 0 5 0
2 6 0 6 -0.0003873954183067261
2 6 0 7 0
2 6 0 8 0
2 6 0 9 0
2 6 0 10 0
2 6 0 11 0
2 6 0 12 0
2 6 0 13 0
2 6 0 14 0
2 6 0 15 0
2 6 1 0 0
2 6 1 1 0
2 6 1 2 0
2 6 1 3 0
2 6 1 4 0
2 6 1 5 0
2 6 1 6 0
2 6 1 7 0
2 6 1 8 0
2 6 1 9 0
2 6 1 10 0
2 6 1 11 0
2 6 1 12 0
2 6 1 13 0
2 6 1 14 0
2 6 1 15 0
2 6 2 0 0
2 6 2 1 0
2 6 2 2 0
2 6 2 3 0
2 6 2 4 0
2 6 2 5 0
2 6 2 6 1.523000981790075
2 6 2 7 0
2 6 2 8 0
2 6 2 9 0
2 6 2 10 0
2 6 2 11 0
2 6 2 12 0
2 6 2 13 0.09926096325152345
2 6 2 14 0
2 6 2 15 0
2 6 3 0 0
2 6 3 1 0
2 6 3 2 0
2 6 3 3 0
2 6 3 4 0
2 6 3 5 0
2 6 3 6 0
2 6 3 7 0.3194897753470177
2 6 3 8 0
2 6 3 9 0
2 6 3 10 0
2 6 3 11 0
2 6 3 12 0
2 6 3 13 0
2 6 3 14 0
2 6 3 15 0
2 6 4 0 0
2 6 4 1 0
2 6 4 2 0
2 6 4 3 0
2 6 4 4 0
2 6 4 5 0
2 6 4 6 0
2 6 4 7 0
2 6 4 8 0
2 6 4 9 0
2 6 4 10 0
2 6 4 11 0
2 6 4 12 0
2 6 4 13 0
2 6 4 14 0
2 6 4 15 0
2 6 5 0 0
2 6 5 1 0
2 6 5 2 0
2 6 5 3 0
2 6 5 4 0
2 6 5 5 0
2 6 5 6 0
2 6 5 7 0
2 6 5 8 0
2 6 5 9 0
2 6 5 10 0
2 6 5 11 0
2 6 5 12 0
2 6 5 13 0
2 6 5 14 0
2 6 5 15 0
2 6 6 0 -9.881569668428197e-05
2 6 6 1 0
2 6 6 2 -0.7681553839836265
2 6 6 3 0
2 6 6 4 0
2 6 6 5 0
2 6 6 6 0
2 6 6 7 0
2 6 6 8 0
2 6 6 9 0
2 6 6 10 0
2 6 6 11 0.005741546644003982
2 6 6 12 0
2 6 6 13 0
2 6 6 14 -0.0198429649822511
2 6 6 15 0
2 6 7 0 0
2 6 7 1 0
2 6 7 2 0
2 6 7 3 0
2 6 7 4 0
2 6 7 5 0
2 6 7 6 0
2 6 7 7 0
2 6 7 8 0
2 6 7 9 0
2 6 7 10 0
2 6 7 11 0
2 6 7 12 0
2 6 7 13 0
2 6 7 14 0
2 6 7 15 0
2 6 8 0 0
2 6 8 1 0
2 6 8 2 0
2 6 8 3 0
2 6 8 4 0
2 6 8 5 0
2 6 8 6 0
2 6 8 7 0
2 6 8 8 0
2 6 8 9 0
2 6 8 10 0
2 6 8 11 0
2 6 8 12 0
2 6 8 13 0
2 6 8 14 0
2 6 8 15 0
2 6 9 0 0
2 6 9 1 0
2 6 9 2 0
2 6 9 3 0
2 6 9 4 0
2 6 9 5 0
2 6 9 6 0
2 6 9 7 0
2 6 9 8 0
2 6 9 9 0
2 6 9 10 0
2 6 9 11 0
2 6 9 12 0
2 6 9 13 0
2 6 9 14 0
2 6 9 15 0
2 6 10 0 0
2 6 10 1 0
2 6 10 2 0
2 6 10 3 0
2 6 10 4 0
2 6 10 5 0
2 6 10 6 0
2 6 10 7 0
2 6 10 8 0
2 6 10 9 0
2 6 10 10 0
2 6 10 11 0
2 6 10 12 0
2 6 10 13 0
2 6 10 14 0
2 6 10 15 0
2 6 11 0 0
2 6 11 1 0
2 6 11 2 0
2 6 11 3 0
2 6 11 4 0
2 6 11 5 0
2 6 11 6 -0.02458708412460262
2 6 11 7 0
2 6 11 8 0
2 6 11 9 0
2 6 11 10 0
2 6 11 11 0
2 6 11 12 0
2 6 11 13 0
2 6 11 14 0
2 6 11 15 0
2 6 12 0 0
2 6 12 1 0
2 6 12 2 0
2 6 12 3 0
2 6 12 4 0
2 6 12 5 0
2 6 12 6 0
2 6 12 7 0
2 6 12 8 0
2 6 12 9 0
2 6 12 10 0
2 6 12 11 0
2 6 12 12 0
2 6 12 13 0
2 6 12 14 0
2 6 12 15 0
2 6 13 0 0
2 6 13 1 0
2 6 13 2 -0.04963048162576172
2 6 13 3 0
2 6 13 4 0
2 6 13 5 0
2 6 13 6 0
2 6 13 7 0
2 6 13 8 0
2 6 13 9 0
2 6 13 10 0
2 6 13 11 0
2 6 13 12 0
2 6 13 13 0
2 6 13 14 0
2 6 13 15 0
2 6 14 0 0
2 6 14 1 0
2 6 14 2 0
2 6 14 3 0
2 6 14 4 0
2 6 14 5 0
2 6 14 6 0.03276348865198386
2 6 14 7 0
2 6 14 8 0
2 6 14 9 0
2 6 14 10 0
2 6 14 11 0
2 6 14 12 0
2 6 14 13 0
2 6 14 14 0
2 6 14 15 0
2 6 15 0 0
2 6 15 1 0
2 6 15 2 0
2 6 15 3 0
2 6 15 4 0
2 6 15 5 0
2 6 15 6 0
2 6 15 7 0
2 6 15 8 0
2 6 15 9 0
2 6 15 10 0
2 6 15 11 0
2 6 15 12 0
2 6 15 13 0
2 6 15 14 0
2 6 15 15 0
2 7 0 0 0
2 7 0 1 0
2 7 0 2 0
2 7 0 3 0
2 7 0 4 0
2 7 0 5 0
2 7 0 6 0
2 7 0 7 0
2 7 0 8 0
2 7 0 9 0
2 7 0 10 0
2 7 0 11 0
2 7 0 12 0
2 7 0 13 0
2 7 0 14 0
2 7 0 15 0
2 7 1 0 0
2 7 1 1 0
2 7 1 2 0
2 7 1 3 0
2 7 1 4 0
2 7 1 5 0
2 7 1 6 0
2 7 1 7 0
2 7 1 8 0
2 7 1 9 0
2 7 1 10 0
2 7 1 11 0
2 7 1 12 0
2 7 1 13 0
2 7 1 14 0
2 7 1 15 0
2 7 2 0 0
2 7 2 1 0
2 7 2 2 0
2 7 2 3 0
2 7 2 4 0
2 7 2 5 0
2 7 2 6 0
2 7 2 7 0.1422785251228262
2 7 2 8 0
2 7 2 9 0
2 7 2 10 0
2 7 2 11 0
2 7 2 12 0
2 7 2 13 0
2 7 2 14 0
2 7 2 15 0
2 7 3 0 0
2 7 3 1 0
2 7 3 2 0
2 7 3 3 0
2 7 3 4 0
2 7 3 5 0
2 7 3 6 0
2 7 3 7 0
2 7 3 8 0
2 7 3 9 0
2 7 3 10 0
2 7 3 11 0
2 7 3 12 0
2 7 3 13 0
2 7 3 14 0
2 7 3 15 0
2 7 4 0 0
2 7 4 1 0
2 7 4 2 0
2 7 4 3 0
2 7 4 4 0
2 7 4 5 0
2 7 4 6 0
2 7 4 7 0
2 7 4 8 0
2 7 4 9 0
2 7 4 10 0
2 7 4 11 0
2 7 4 12 0
2 7 4 13 0
2 7 4 14 0
2 7 4 15 0
2 7 5 0 0
2 7 5 1 0
2 7 5 2 0
2 7 5 3 0
2 7 5 4 0
2 7 5 5 0
2 7 5 6 0
2 7 5 7 0
2 7 5 8 0
2 7 5 9 0
2 7 5 10 0
2 7 5 11 0
2 7 5 12 0
2 7 5 13 0
2 7 5 14 0
2 7 5 15 0
2 7 6 0 0
2 7 6 1 0
2 7 6 2 0
2 7 6 3 0
2 7 6 4 0
2 7 6 5 0
2 7 6 6 0
2 7 6 7 0
2 7 6 8 0
2 7 6 9 0
2 7 6 10 0
2 7 6 11 0
2 7 6 12 0
2 7 6 13 0
2 7 6 14 0
2 7 6 15 0
2 7 7 0 0
2 7 7 1 0
2 7 7 2 -0.1422785251228261
2 7 7 3 0
2 7 7 4 0
2 7 7 5 0
2 7 7 6 0
2 7 7 7 0
2 7 7 8 0
2 7 7 9 0
2 7 7 10 0
2 7 7 11 0
2 7 7 12 0
2 7 7 13 0
2 7 7 14 0
2 7 7 15 0
2 7 8 0 0
2 7 8 1 0
2 7 8 2 0
2 7 8 3 0
2 7 8 4 0
2 7 8 5 0
2 7 8 6 0
2 7 8 7 0
2 7 8 8 0
2 7 8 9 0
2 7 8 10 0
2 7 8 11 0
2 7 8 12 0
2 7 8 13 0
2 7 8 14 0
2 7 8 15 0
2 7 9 0 0
2 7 9 1 0
2 7 9 2 0
2 7 9 3 0
2 7 9 4 0
2 7 9 5 0
2 7 9 6 0
2 7 9 7 0
2 7 9 8 0
2 7 9 9 0
2 7 9 10 0
2 7 9 11 0
2 7 9 12 0
2 7 9 13 0
2 7 9 14 0
2 7 9 15 0
2 7 10 0 0
2 7 10 1 0
2 7 10 2 0
2 7 10 3 0
2 7 10 4 0
2 7 10 5 0
2 7 10 6 0
2 7 10 7 0
2 7 10 8 0
2 7 10 9 0
2 7 10 10 0
2 7 10 11 0
2 7 10 12 0
2 7 10 13 0
2 7 10 14 0
2 7 10 15 0
2 7 11 0 0
2 7 11 1 0
2 7 11 2 0
2 7 11 3 0
2 7 11 4 0
2 7 11 5 0
2 7 11 6 0
2 7 11 7 0
2 7 11 8 0
2 7 11 9 0
2 7 11 10 0
2 7 11 11 0
2 7 11 12 0
2 7 11 13 0
2 7 11 14 0
2 7 11 15 0
2 7 12 0 0
2 7 12 1 0
2 7 12 2 0
2 7 12 3 0
2 7 12 4 0
2 7 12 5 0
2 7 12 6 0
2 7 12 7 0
2 7 12 8 0
2 7 12 9 0
2 7 12 10 0
2 7 12 11 0
2 7 12 12 0
2 7 12 13 0
2 7 12 14 0
2 7 12 15 0
2 7 13 0 0
2 7 13 1 0
2 7 13 2 0
2 7 13 3 0
2 7 13 4 0
2 7 13 5 0
2 7 13 6 0
2 7 13 7 0
2 7 13 8 0
2 7 13 9 0
2 7 13 10 0
2 7 13 11 0
2 7 13 12 0
2 7 13 13 0
2 7 13 14 0
2 7 13 15 0
2 7 14 0 0
2 7 14 1 0
2 7 14 2 0
2 7 14 3 0
2 7 14 4 0
2 7 14 5 0
2 7 14 6 0
2 7 14 7 0
2 7 14 8 0
2 7 14 9 0
2 7 14 10 0
2 7 14 11 0
2 7 14 12 0
2 7 14 13 0
2 7 14 14 0
2 7 14 15 0
2 7 15 0 0
2 7 15 1 0
2 7 15 2 0
2 7 15 3 0
2 7 15 4 0
2 7 15 5 0
2 7 15 6 0
2 7 15 7 0
2 7 15 8 0
2 7 15 9 0
2 7 15 10 0
2 7 15 11 0
2 7 15 12 0
2 7 15 13 0
2 7 15 14 0
2 7 15 15 0
2 8 0 0 0
2 8 0 1 0
2 8 0 2 0
2 8 0 3 0
2 8 0 4 0
2 8 0 5 0
2 8 0 6 0
2 8 0 7 0
2 8 0 8 0
2 8 0 9 0
2 8 0 10 0
2 8 0 11 0
2 8 0 12 0
2 8 0 13 0
2 8 0 14 0
2 8 0 15 0
2 8 1 0 0
2 8 1 1 0
2 8 1 2 0
2 8 1 3 0
2 8 1 4 0
2 8 1 5 0
2 8 1 6 0
2 8 1 7 0
2 8 1 8 0
2 8 1 9 0
2 8 1 10 0
2 8 1 11 0
2 8 1 12 0
2 8 1 13 0
2 8 1 14 0
2 8 1 15 0
2 8 2 0 0
2 8 2 1 0
2 8 2 2 0
2 8 2 3 0.1069425087370264
2 8 2 4 0
2 8 2 5 0
2 8 2 6 0
2 8 2 7 0
2 8 2 8 0.008281492498492551
2 8 2 9 0
2 8 2 10 0
2 8 2 11 0
2 8 2 12 0
2 8 2 13 0
2 8 2 14 0
2 8 2 15 0
2 8 3 0 0
2 8 3 1 0
2 8 3 2 -0.05347125436851322
2 8 3 3 0
2 8 3 4 0
2 8 3 5 0
2 8 3 6 0
2 8 3 7 0
2 8 3 8 0
2 8 3 9 0
2 8 3 10 0
2 8 3 11 0.0005244986035936182
2 8 3 12 0
2 8 3 13 0
2 8 3 14 -0.001860223154084772
2 8 3 15 0
2 8 4 0 0
2 8 4 1 0
2 8 4 2 0
2 8 4 3 0
2 8 4 4 0
2 8 4 5 0
2 8 4 6 0
2 8 4 7 0
2 8 4 8 0
2 8 4 9 0
2 8 4 10 0
2 8 4 11 0
2 8 4 12 0
2 8 4 13 0
2 8 4 14 0
2 8 4 15 0
2 8 5 0 0
2 8 5 1 0
2 8 5 2 0
2 8 5 3 0
2 8 5 4 0
2 8 5 5 0
2 8 5 6 0
2 8 5 7 0
2 8 5 8 0
2 8 5 9 0
2 8 5 10 0
2 8 5 11 0
2 8 5 12 0
2 8 5 13 0
2 8 5 14 0
2 8 5 15 0
2 8 6 0 0
2 8 6 1 0
2 8 6 2 0
2 8 6 3 0
2 8 6 4 0
2 8 6 5 0
2 8 6 6 0
2 8 6 7 0.01458790289127491
2 8 6 8 0
2 8 6 9 0
2 8 6 10 0
2 8 6 11 0
2 8 6 12 0
2 8 6 13 0
2 8 6 14 0
2 8 6 15 0
2 8 7 0 0
2 8 7 1 0
2 8 7 2 0
2 8 7 3 0
2 8 7 4 0
2 8 7 5 0
2 8 7 6 8.673617379884035e-19
2 8 7 7 0
2 8 7 8 0
2 8 7 9 0
2 8 7 10 0
2 8 7 11 0
2 8 7 12 0
2 8 7 13 0
2 8 7 14 0
2 8 7 15 0
2 8 8 0 0
2 8 8 1 0
2 8 8 2 -0.004140746249246275
2 8 8 3 0
2 8 8 4 0
2 8 8 5 0
2 8 8 6 0
2 8 8 7 0
2 8 8 8 0
2 8 8 9 0
2 8 8 10 0
2 8 8 11 0
2 8 8 12 0
2 8 8 13 0
2 8 8 14 0
2 8 8 15 0
2 8 9 0 0
2 8 9 1 0
2 8 9 2 0
2 8 9 3 0
2 8 9 4 0
2 8 9 5 0
2 8 9 6 0
2 8 9 7 0
2 8 9 8 0
2 8 9 9 0
2 8 9 10 0
2 8 9 11 0
2 8 9 12 0
2 8 9 13 0
2 8 9 14 0
2 8 9 15 0
2 8 10 0 0
2 8 10 1 0
2 8 10 2 0
2 8 10 3 0
2 8 10 4 0
2 8 10 5 0
2 8 10 6 0
2 8 10 7 0
2 8 10 8 0
2 8 10 9 0
2 8 10 10 0
2 8 10 11 0
2 8 10 12 0
2 8 10 13 0
2 8 10 14 0
2 8 10 15 0
2 8 11 0 0
2 8 11 1 0
2 8 11 2 0
2 8 11 3 -0.001903992669915773
2 8 11 4 0
2 8 11 5 0
2 8 11 6 0
2 8 11 7 0
2 8 11 8 0
2 8 11 9 0
2 8 11 10 0
2 8 11 11 0
2 8 11 12 0
2 8 11 13 0
2 8 11 14 0
2 8 11 15 0
2 8 12 0 0
2 8 12 1 0
2 8 12 2 0
2 8 12 3 0
2 8 12 4 0
2 8 12 5 0
2 8 12 6 0
2 8 12 7 0
2 8 12 8 0
2 8 12 9 0
2 8 12 10 0
2 8 12 11 0
2 8 12 12 0
2 8 12 13 0
2 8 12 14 0
2 8 12 15 0
2 8 13 0 0
2 8 13 1 0
2 8 13 2 0
2 8 13 3 0
2 8 13 4 0
2 8 13 5 0
2 8 13 6 0
2 8 13 7 0
2 8 13 8 0
2 8 13 9 0
2 8 13 10 0
2 8 13 11 0
2 8 13 12 0
2 8 13 13 0
2 8 13 14 0
2 8 13 15 0
2 8 14 0 0
2 8 14 1 0
2 8 14 2 0
2 8 14 3 0.002537163086037724
2 8 14 4 0
2 8 14 5 0
2 8 14 6 0
2 8 14 7 0
2 8 14 8 0
2 8 14 9 0
2 8 14 10 0
2 8 14 11 0
2 8 14 12 0
2 8 14 13 0
2 8 14 14 0
2 8 14 15 0
2 8 15 0 0
2 8 15 1 0
2 8 15 2 0
2 8 15 3 0
2 8 15 4 0
2 8 15 5 0
2 8 15 6 0
2 8 15 7 0
2 8 15 8 0
2 8 15 9 0
2 8 15 10 0
2 8 15 11 0
2 8 15 12 0
2 8 15 13 0
2 8 15 14 0
2 8 15 15 0
2 9 0 0 0
2 9 0 1 0
2 9 0 2 0
2 9 0 3 0
2 9 0 4 0
2 9 0 5 0
2 9 0 6 0
2 9 0 7 0
2 9 0 8 0
2 9 0 9 0
2 9 0 10 0
2 9 0 11 0
2 9 0 12 0
2 9 0 13 0
2 9 0 14 0
2 9 0 15 0
2 9 1 0 0
2 9 1 1 0
2 9 1 2 0
2 9 1 3 0
2 9 1 4 0
2 9 1 5 0
2 9 1 6 0
2 9 1 7 0
2 9 1 8 0
2 9 1 9 0
2 9 1 10 0
2 9 1 11 0
2 9 1 12 0
2 9 1 13 0
2 9 1 14 0
2 9 1 15 0
2 9 2 0 0
2 9 2 1 0
2 9 2 2 0
2 9 2 3 0
2 9 2 4 0.1050878418050753
2 9 2 5 0
2 9 2 6 0
2 9 2 7 0
2 9 2 8 0
2 9 2 9 0.007996737184735425
2 9 2 10 0
2 9 2 11 0
2 9 2 12 0
2 9 2 13 0
2 9 2 14 0
2 9 2 15 0
2 9 3 0 0
2 9 3 1 0
2 9 3 2 0
2 9 3 3 0
2 9 3 4 0
2 9 3 5 0
2 9 3 6 0
2 9 3 7 0
2 9 3 8 0
2 9 3 9 0
2 9 3 10 0
2 9 3 11 0
2 9 3 12 0
2 9 3 13 0
2 9 3 14 0
2 9 3 15 0
2 9 4 0 0
2 9 4 1 0
2 9 4 2 -0.05254392090253764
2 9 4 3 0
2 9 4 4 0
2 9 4 5 0
2 9 4 6 0
2 9 4 7 0
2 9 4 8 0
2 9 4 9 0
2 9 4 10 0
2 9 4 11 0.0006156359370402642
2 9 4 12 0
2 9 4 13 0
2 9 4 14 -0.002121523557781488
2 9 4 15 0
2 9 5 0 0
2 9 5 1 0
2 9 5 2 0
2 9 5 3 0
2 9 5 4 0
2 9 5 5 0
2 9 5 6 0
2 9 5 7 1.112948895970224e-21
2 9 5 8 0
2 9 5 9 0
2 9 5 10 0
2 9 5 11 0
2 9 5 12 0
2 9 5 13 0
2 9 5 14 0
2 9 5 15 0
2 9 6 0 0
2 9 6 1 0
2 9 6 2 0
2 9 6 3 0
2 9 6 4 0
2 9 6 5 0
2 9 6 6 0
2 9 6 7 0
2 9 6 8 0
2 9 6 9 0
2 9 6 10 0
2 9 6 11 0
2 9 6 12 0
2 9 6 13 0
2 9 6 14 0
2 9 6 15 0
2 9 7 0 0
2 9 7 1 0
2 9 7 2 0
2 9 7 3 0
2 9 7 4 0
2 9 7 5 2.876705403321271e-20
2 9 7 6 0
2 9 7 7 0
2 9 7 8 0
2 9 7 9 0
2 9 7 10 0
2 9 7 11 0
2 9 7 12 0
2 9 7 13 0
2 9 7 14 0
2 9 7 15 0
2 9 8 0 0
2 9 8 1 0
2 9 8 2 0
2 9 8 3 0
2 9 8 4 0
2 9 8 5 0
2 9 8 6 0
2 9 8 7 0
2 9 8 8 0
2 9 8 9 0
2 9 8 10 0
2 9 8 11 0
2 9 8 12 0
2 9 8 13 0
2 9 8 14 0
2 9 8 15 0
2 9 9 0 0
2 9 9 1 0
2 9 9 2 -0.003998368592367713
2 9 9 3 0
2 9 9 4 0
2 9 9 5 0
2 9 9 6 0
2 9 9 7 0
2 9 9 8 0
2 9 9 9 0
2 9 9 10 0
2 9 9 11 0
2 9 9 12 0
2 9 9 13 0
2 9 9 14 0
2 9 9 15 0
2 9 10 0 0
2 9 10 1 0
2 9 10 2 0
2 9 10 3 0
2 9 10 4 0
2 9 10 5 0
2 9 10 6 0
2 9 10 7 0
2 9 10 8 0
2 9 10 9 0
2 9 10 10 0
2 9 10 11 0
2 9 10 12 0
2 9 10 13 0
2 9 10 14 0
2 9 10 15 0
2 9 11 0 0
2 9 11 1 0
2 9 11 2 0
2 9 11 3 0
2 9 11 4 -0.001870972383733282
2 9 11 5 0
2 9 11 6 0
2 9 11 7 0
2 9 11 8 0
2 9 11 9 0
2 9 11 10 0
2 9 11 11 0
2 9 11 12 0
2 9 11 13 0
2 9 11 14 0
2 9 11 15 0
2 9 12 0 0
2 9 12 1 0
2 9 12 2 0
2 9 12 3 0
2 9 12 4 0
2 9 12 5 0
2 9 12 6 0
2 9 12 7 0
2 9 12 8 0
2 9 12 9 0
2 9 12 10 0
2 9 12 11 0
2 9 12 12 0
2 9 12 13 0
2 9 12 14 0
2 9 12 15 0
2 9 13 0 0
2 9 13 1 0
2 9 13 2 0
2 9 13 3 0
2 9 13 4 0
2 9 13 5 0
2 9 13 6 0
2 9 13 7 0
2 9 13 8 0
2 9 13 9 0
2 9 13 10 0
2 9 13 11 0
2 9 13 12 0
2 9 13 13 0
2 9 13 14 0
2 9 13 15 0
2 9 14 0 0
2 9 14 1 0
2 9 14 2 0
2 9 14 3 0
2 9 14 4 0.002493161944375595
2 9 14 5 0
2 9 14 6 0
2 9 14 7 0
2 9 14 8 0
2 9 14 9 0
2 9 14 10 0
2 9 14 11 0
2 9 14 12 0
2 9 14 13 0
2 9 14 14 0
2 9 14 15 0
2 9 15 0 0
2 9 15 1 0
2 9 15 2 0
2 9 15 3 0
2 9 15 4 0
2 9 15 5 0
2 9 15 6 0
2 9 15 7 0
2 9 15 8 0
2 9 15 9 0
2 9 15 10 0
2 9 15 11 0
2 9 15 12 0
2 9 15 13 0
2 9 15 14 0
2 9 15 15 0
2 10 0 0 0
2 10 0 1 0
2 10 0 2 0
2 10 0 3 0
2 10 0 4 0
2 10 0 5 0
2 10 0 6 0
2 10 0 7 0
2 10 0 8 0
2 10 0 9 0
2 10 0 10 0
2 10 0 11 0
2 10 0 12 0
2 10 0 13 0
2 10 0 14 0
2 10 0 15 0
2 10 1 0 0
2 10 1 1 0
2 10 1 2 0
2 10 1 3 0
2 10 1 4 0
2 10 1 5 0
2 10 1 6 0
2 10 1 7 0
2 10 1 8 0
2 10 1 9 0
2 10 1 10 0
2 10 1 11 0
2 10 1 12 0
2 10 1 13 0
2 10 1 14 0
2 10 1 15 0
2 10 2 0 0
2 10 2 1 0
2 10 2 2 0
2 10 2 3 0
2 10 2 4 0
2 10 2 5 0
2 10 2 6 0
2 10 2 7 0
2 10 2 8 0
2 10 2 9 0
2 10 2 10 0
2 10 2 11 0
2 10 2 12 0
2 10 2 13 0
2 10 2 14 0
2 10 2 15 0
2 10 3 0 0
2 10 3 1 0
2 10 3 2 0
2 10 3 3 0
2 10 3 4 0
2 10 3 5 0
2 10 3 6 0
2 10 3 7 0
2 10 3 8 0
2 10 3 9 0
2 10 3 10 0
2 10 3 11 0
2 10 3 12 0
2 10 3 13 0
2 10 3 14 0
2 10 3 15 0
2 10 4 0 0
2 10 4 1 0
2 10 4 2 0
2 10 4 3 0
2 10 4 4 0
2 10 4 5 0
2 10 4 6 0
2 10 4 7 0
2 10 4 8 0
2 10 4 9 0
2 10 4 10 0
2 10 4 11 0
2 10 4 12 0
2 10 4 13 0
2 10 4 14 0
2 10 4 15 0
2 10 5 0 0
2 10 5 1 0
2 10 5 2 0
2 10 5 3 0
2 10 5 4 0
2 10 5 5 0
2 10 5 6 0
2 10 5 7 0
2 10 5 8 0
2 10 5 9 0
2 10 5 10 0
2 10 5 11 0
2 10 5 12 0
2 10 5 13 0
2 10 5 14 0
2 10 5 15 0
2 10 6 0 0
2 10 6 1 0
2 10 6 2 0
2 10 6 3 0
2 10 6 4 0
2 10 6 5 0
2 10 6 6 0
2 10 6 7 0
2 10 6 8 0
2 10 6 9 0
2 10 6 10 0
2 10 6 11 0
2 10 6 12 0
2 10 6 13 0
2 10 6 14 0
2 10 6 15 0
2 10 7 0 0
2 10 7 1 0
2 10 7 2 0
2 10 7 3 0
2 10 7 4 0
2 10 7 5 0
2 10 7 6 0
2 10 7 7 0
2 10 7 8 0
2 10 7 9 0
2 10 7 10 0
2 10 7 11 0
2 10 7 12 0
2 10 7 13 0
2 10 7 14 0
2 10 7 15 0
2 10 8 0 0
2 10 8 1 0
2 10 8 2 0
2 10 8 3 0
2 10 8 4 0
2 10 8 5 0
2 10 8 6 0
2 10 8 7 0
2 10 8 8 0
2 10 8 9 0
2 10 8 10 0
2 10 8 11 0
2 10 8 12 0
2 10 8 13 0
2 10 8 14 0
2 10 8 15 0
2 10 9 0 0
2 10 9 1 0
2 10 9 2 0
2 10 9 3 0
2 10 9 4 0
2 10 9 5 0
2 10 9 6 0
2 10 9 7 0
2 10 9 8 0
2 10 9 9 0
2 10 9 10 0
2 10 9 11 0
2 10 9 12 0
2 10 9 13 0
2 10 9 14 0
2 10 9 15 0
2 10 10 0 0
2 10 10 1 0
2 10 10 2 0
2 10 10 3 0
2 10 10 4 0
2 10 10 5 0
2 10 10 6 0
2 10 10 7 0
2 10 10 8 0
2 10 10 9 0
2 10 10 10 0
2 10 10 11 0
2 10 10 12 0
2 10 10 13 0
2 10 10 14 0
2 10 10 15 0
2 10 11 0 0
2 10 11 1 0
2 10 11 2 0
2 10 11 3 0
2 10 11 4 0
2 10 11 5 0
2 10 11 6 0
2 10 11 7 0
2 10 11 8 0
2 10 11 9 0
2 10 11 10 0
2 10 11 11 0
2 10 11 12 0
2 10 11 13 0
2 10 11 14 0
2 10 11 15 0
2 10 12 0 0
2 10 12 1 0
2 10 12 2 0
2 10 12 3 0
2 10 12 4 0
2 10 12 5 0
2 10 12 6 0
2 10 12 7 0
2 10 12 8 0
2 10 12 9 0
2 10 12 10 0
2 10 12 11 0
2 10 12 12 0
2 10 12 13 0
2 10 12 14 0
2 10 12 15 0
2 10 13 0 0
2 10 13 1 0
2 10 13 2 0
2 10 13 3 0
2 10 13 4 0
2 10 13 5 0
2 10 13 6 0
2 10 13 7 0
2 10 13 8 0
2 10 13 9 0
2 10 13 10 0
2 10 13 11 0
2 10 13 12 0
2 10 13 13 0
2 10 13 14 0
2 10 13 15 0
2 10 14 0 0
2 10 14 1 0
2 10 14 2 0
2 10 14 3 0
2 10 14 4 0
2 10 14 5 0
2 10 14 6 0
2 10 14 7 0
2 10 14 8 0
2 10 14 9 0
2 10 14 10 0
2 10 14 11 0
2 10 14 12 0
2 10 14 13 0
2 10 14 14 0
2 10 14 15 0
2 10 15 0 0
2 10 15 1 0
2 10 15 2 0
2 10 15 3 0
2 10 15 4 0
2 10 15 5 0
2 10 15 6 0
2 10 15 7 0
2 10 15 8 0
2 10 15 9 0
2 10 15 10 0
2 10 15 11 0
2 10 15 12 0
2 10 15 13 0
2 10 15 14 0
2 10 15 15 0
2 11 0 0 0
2 11 0 1 0
2 11 0 2 0.01118829857303353
2 11 0 3 0
2 11 0 4 0
2 11 0 5 0
2 11 0 6 0
2 11 0 7 0
2 11 0 8 0
2 11 0 9 0
2 11 0 10 0
2 11 0 11 -0.0003873954183067261
2 11 0 12 0
2 11 0 13 0
2 11 0 14 9.96296155602795e-05
2 11 0 15 0
2 11 1 0 0
2 11 1 1 0
2 11 1 2 0
2 11 1 3 0
2 11 1 4 0
2 11 1 5 0
2 11 1 6 0
2 11 1 7 0
2 11 1 8 0
2 11 1 9 0
2 11 1 10 0
2 11 1 11 0
2 11 1 12 0
2 11 1 13 0
2 11 1 14 0
2 11 1 15 0
2 11 2 0 -0.02237659714606707
2 11 2 1 0
2 11 2 2 -0.02458708412460262
2 11 2 3 0
2 11 2 4 0
2 11 2 5 0
2 11 2 6 0
2 11 2 7 0
2 11 2 8 0
2 11 2 9 0
2 11 2 10 0
2 11 2 11 0.001731719798889065
2 11 2 12 0
2 11 2 13 0
2 11 2 14 -0.000539446457116785
2 11 2 15 0
2 11 3 0 0
2 11 3 1 0
2 11 3 2 0
2 11 3 3 0
2 11 3 4 0
2 11 3 5 0
2 11 3 6 0
2 11 3 7 0
2 11 3 8 0
2 11 3 9 0
2 11 3 10 0
2 11 3 11 0
2 11 3 12 0
2 11 3 13 0
2 11 3 14 0
2 11 3 15 0
2 11 4 0 0
2 11 4 1 0
2 11 4 2 0
2 11 4 3 0
2 11 4 4 0
2 11 4 5 0
2 11 4 6 0
2 11 4 7 0
2 11 4 8 0
2 11 4 9 0
2 11 4 10 0
2 11 4 11 0
2 11 4 12 0
2 11 4 13 0
2 11 4 14 0
2 11 4 15 0
2 11 5 0 0
2 11 5 1 0
2 11 5 2 0
2 11 5 3 0
2 11 5 4 0
2 11 5 5 0
2 11 5 6 0
2 11 5 7 0
2 11 5 8 0
2 11 5 9 0
2 11 5 10 0
2 11 5 11 0
2 11 5 12 0
2 11 5 13 0
2 11 5 14 0
2 11 5 15 0
2 11 6 0 0
2 11 6 1 0
2 11 6 2 0
2 11 6 3 0
2 11 6 4 0
2 11 6 5 0
2 11 6 6 0
2 11 6 7 0
2 11 6 8 0
2 11 6 9 0
2 11 6 10 0
2 11 6 11 0
2 11 6 12 0
2 11 6 13 0
2 11 6 14 0
2 11 6 15 0
2 11 7 0 0
2 11 7 1 0
2 11 7 2 0
2 11 7 3 0
2 11 7 4 0
2 11 7 5 0
2 11 7 6 0
2 11 7 7 0.01145153715599173
2 11 7 8 0
2 11 7 9 0
2 11 7 10 0
2 11 7 11 0
2 11 7 12 0
2 11 7 13 0
2 11 7 14 0
2 11 7 15 0
2 11 8 0 0
2 11 8 1 0
2 11 8 2 0
2 11 8 3 0
2 11 8 4 0
2 11 8 5 0
2 11 8 6 0
2 11 8 7 0
2 11 8 8 0
2 11 8 9 0
2 11 8 10 0
2 11 8 11 0
2 11 8 12 0
2 11 8 13 0
2 11 8 14 0
2 11 8 15 0
2 11 9 0 0
2 11 9 1 0
2 11 9 2 0
2 11 9 3 0
2 11 9 4 0
2 11 9 5 0
2 11 9 6 0
2 11 9 7 0
2 11 9 8 0
2 11 9 9 0
2 11 9 10 0
2 11 9 11 0
2 11 9 12 0
2 11 9 13 0
2 11 9 14 0
2 11 9 15 0
2 11 10 0 0
2 11 10 1 0
2 11 10 2 0
2 11 10 3 0
2 11 10 4 0
2 11 10 5 0
2 11 10 6 0
2 11 10 7 0
2 11 10 8 0
2 11 10 9 0
2 11 10 10 0
2 11 10 11 0
2 11 10 12 0
2 11 10 13 0
2 11 10 14 0
2 11 10 15 0
2 11 11 0 0.0003983904758446996
2 11 11 1 0
2 11 11 2 -0.0002447042823901148
2 11 11 3 0
2 11 11 4 0
2 11 11 5 0
2 11 11 6 0
2 11 11 7 0
2 11 11 8 0
2 11 11 9 0
2 11 11 10 0
2 11 11 11 0
2 11 11 12 0
2 11 11 13 0
2 11 11 14 0
2 11 11 15 0
2 11 12 0 0
2 11 12 1 0
2 11 12 2 0
2 11 12 3 0
2 11 12 4 0
2 11 12 5 0
2 11 12 6 0
2 11 12 7 0
2 11 12 8 0
2 11 12 9 0
2 11 12 10 0
2 11 12 11 0
2 11 12 12 0
2 11 12 13 0
2 11 12 14 0
2 11 12 15 0
2 11 13 0 0
2 11 13 1 0
2 11 13 2 0
2 11 13 3 0
2 11 13 4 0
2 11 13 5 0
2 11 13 6 0
2 11 13 7 0
2 11 13 8 0
2 11 13 9 0
2 11 13 10 0
2 11 13 11 0
2 11 13 12 0
2 11 13 13 0
2 11 13 14 0
2 11 13 15 0
2 11 14 0 -0.0005308747376568887
2 11 14 1 0
2 11 14 2 -0.0006271886437605096
2 11 14 3 0
2 11 14 4 0
2 11 14 5 0
2 11 14 6 0
2 11 14 7 0
2 11 14 8 0
2 11 14 9 0
2 11 14 10 0
2 11 14 11 0
2 11 14 12 0
2 11 14 13 0
2 11 14 14 0
2 11 14 15 0
2 11 15 0 0
2 11 15 1 0
2 11 15 2 0
2 11 15 3 0
2 11 15 4 0
2 11 15 5 0
2 11 15 6 0
2 11 15 7 0
2 11 15 8 0
2 11 15 9 0
2 11 15 10 0
2 11 15 11 0
2 11 15 12 0
2 11 15 13 0
2 11 15 14 0
2 11 15 15 0
2 12 0 0 0
2 12 0 1 0
2 12 0 2 0
2 12 0 3 0
2 12 0 4 0
2 12 0 5 0
2 12 0 6 0
2 12 0 7 0
2 12 0 8 0
2 12 0 9 0
2 12 0 10 0
2 12 0 11 0
2 12 0 12 0
2 12 0 13 0
2 12 0 14 0
2 12 0 15 0
2 12 1 0 0
2 12 1 1 0
2 12 1 2 0
2 12 1 3 0
2 12 1 4 0
2 12 1 5 0
2 12 1 6 0
2 12 1 7 0
2 12 1 8 0
2 12 1 9 0
2 12 1 10 0
2 12 1 11 0
2 12 1 12 0
2 12 1 13 0
2 12 1 14 0
2 12 1 15 0
2 12 2 0 0
2 12 2 1 0
2 12 2 2 0
2 12 2 3 0
2 12 2 4 0
2 12 2 5 0.09803840712275523
2 12 2 6 0
2 12 2 7 0
2 12 2 8 0
2 12 2 9 0
2 12 2 10 0
2 12 2 11 0
2 12 2 12 0.006959857855889614
2 12 2 13 0
2 12 2 14 0
2 12 2 15 0
2 12 3 0 0
2 12 3 1 0
2 12 3 2 0
2 12 3 3 0
2 12 3 4 0
2 12 3 5 0
2 12 3 6 0
2 12 3 7 0
2 12 3 8 0
2 12 3 9 0
2 12 3 10 0
2 12 3 11 0
2 12 3 12 0
2 12 3 13 0
2 12 3 14 0
2 12 3 15 0
2 12 4 0 0
2 12 4 1 0
2 12 4 2 0
2 12 4 3 0
2 12 4 4 0
2 12 4 5 0
2 12 4 6 0
2 12 4 7 0.006752533336563045
2 12 4 8 0
2 12 4 9 0
2 12 4 10 0
2 12 4 11 0
2 12 4 12 0
2 12 4 13 0
2 12 4 14 0
2 12 4 15 0
2 12 5 0 0
2 12 5 1 0
2 12 5 2 -0.04901920356137762
2 12 5 3 0
2 12 5 4 0
2 12 5 5 0
2 12 5 6 0
2 12 5 7 0
2 12 5 8 0
2 12 5 9 0
2 12 5 10 0
2 12 5 11 0.0003851041317280556
2 12 5 12 0
2 12 5 13 0
2 12 5 14 -0.001263955851817546
2 12 5 15 0
2 12 6 0 0
2 12 6 1 0
2 12 6 2 0
2 12 6 3 0
2 12 6 4 0
2 12 6 5 0
2 12 6 6 0
2 12 6 7 0
2 12 6 8 0
2 12 6 9 0
2 12 6 10 0
2 12 6 11 0
2 12 6 12 0
2 12 6 13 0
2 12 6 14 0
2 12 6 15 0
2 12 7 0 0
2 12 7 1 0
2 12 7 2 0
2 12 7 3 0
2 12 7 4 4.336808689942018e-19
2 12 7 5 0
2 12 7 6 0
2 12 7 7 0
2 12 7 8 0
2 12 7 9 0
2 12 7 10 0
2 12 7 11 0
2 12 7 12 0
2 12 7 13 0
2 12 7 14 0
2 12 7 15 0
2 12 8 0 0
2 12 8 1 0
2 12 8 2 0
2 12 8 3 0
2 12 8 4 0
2 12 8 5 0
2 12 8 6 0
2 12 8 7 0
2 12 8 8 0
2 12 8 9 0
2 12 8 10 0
2 12 8 11 0
2 12 8 12 0
2 12 8 13 0
2 12 8 14 0
2 12 8 15 0
2 12 9 0 0
2 12 9 1 0
2 12 9 2 0
2 12 9 3 0
2 12 9 4 0
2 12 9 5 0
2 12 9 6 0
2 12 9 7 0
2 12 9 8 0
2 12 9 9 0
2 12 9 10 0
2 12 9 11 0
2 12 9 12 0
2 12 9 13 0
2 12 9 14 0
2 12 9 15 0
2 12 10 0 0
2 12 10 1 0
2 12 10 2 0
2 12 10 3 0
2 12 10 4 0
2 12 10 5 0
2 12 10 6 0
2 12 10 7 0
2 12 10 8 0
2 12 10 9 0
2 12 10 10 0
2 12 10 11 0
2 12 10 12 0
2 12 10 13 0
2 12 10 14 0
2 12 10 15 0
2 12 11 0 0
2 12 11 1 0
2 12 11 2 0
2 12 11 3 0
2 12 11 4 0
2 12 11 5 -0.001745465023557241
2 12 11 6 0
2 12 11 7 0
2 12 11 8 0
2 12 11 9 0
2 12 11 10 0
2 12 11 11 0
2 12 11 12 0
2 12 11 13 0
2 12 11 14 0
2 12 11 15 0
2 12 12 0 0
2 12 12 1 0
2 12 12 2 -0.003479928927944808
2 12 12 3 0
2 12 12 4 0
2 12 12 5 0
2 12 12 6 0
2 12 12 7 0
2 12 12 8 0
2 12 12 9 0
2 12 12 10 0
2 12 12 11 0
2 12 12 12 0
2 12 12 13 0
2 12 12 14 0
2 12 12 15 0
2 12 13 0 0
2 12 13 1 0
2 12 13 2 0
2 12 13 3 0
2 12 13 4 0
2 12 13 5 0
2 12 13 6 0
2 12 13 7 0
2 12 13 8 0
2 12 13 9 0
2 12 13 10 0
2 12 13 11 0
2 12 13 12 0
2 12 13 13 0
2 12 13 14 0
2 12 13 15 0
2 12 14 0 0
2 12 14 1 0
2 12 14 2 0
2 12 14 3 0
2 12 14 4 0
2 12 14 5 0.002325917266233647
2 12 14 6 0
2 12 14 7 0
2 12 14 8 0
2 12 14 9 0
2 12 14 10 0
2 12 14 11 0
2 12 14 12 0
2 12 14 13 0
2 12 14 14 0
2 12 14 15 0
2 12 15 0 0
2 12 15 1 0
2 12 15 2 0
2 12 15 3 0
2 12 15 4 0
2 12 15 5 0
2 12 15 6 0
2 12 15 7 0
2 12 15 8 0
2 12 15 9 0
2 12 15 10 0
2 12 15 11 0
2 12 15 12 0
2 12 15 13 0
2 12 15 14 0
2 12 15 15 0
2 13 0 0 0
2 13 0 1 0
2 13 0 2 0
2 13 0 3 0
2 13 0 4 0
2 13 0 5 0
2 13 0 6 0
2 13 0 7 0
2 13 0 8 0
2 13 0 9 0
2 13 0 10 0
2 13 0 11 0
2 13 0 12 0
2 13 0 13 0
2 13 0 14 0
2 13 0 15 0
2 13 1 0 0
2 13 1 1 0
2 13 1 2 0
2 13 1 3 0
2 13 1 4 0
2 13 1 5 0
2 13 1 6 0
2 13 1 7 0
2 13 1 8 0
2 13 1 9 0
2 13 1 10 0
2 13 1 11 0
2 13 1 12 0
2 13 1 13 0
2 13 1 14 0
2 13 1 15 0
2 13 2 0 0
2 13 2 1 0
2 13 2 2 0
2 13 2 3 0
2 13 2 4 0
2 13 2 5 0
2 13 2 6 0.09926096325152345
2 13 2 7 0
2 13 2 8 0
2 13 2 9 0
2 13 2 10 0
2 13 2 11 0
2 13 2 12 0
2 13 2 13 0.007134521446366593
2 13 2 14 0
2 13 2 15 0
2 13 3 0 0
2 13 3 1 0
2 13 3 2 0
2 13 3 3 0
2 13 3 4 0
2 13 3 5 0
2 13 3 6 0
2 13 3 7 0.016657432082291
2 13 3 8 0
2 13 3 9 0
2 13 3 10 0
2 13 3 11 0
2 13 3 12 0
2 13 3 13 0
2 13 3 14 0
2 13 3 15 0
2 13 4 0 0
2 13 4 1 0
2 13 4 2 0
2 13 4 3 0
2 13 4 4 0
2 13 4 5 0
2 13 4 6 0
2 13 4 7 0
2 13 4 8 0
2 13 4 9 0
2 13 4 10 0
2 13 4 11 0
2 13 4 12 0
2 13 4 13 0
2 13 4 14 0
2 13 4 15 0
2 13 5 0 0
2 13 5 1 0
2 13 5 2 0
2 13 5 3 0
2 13 5 4 0
2 13 5 5 0
2 13 5 6 0
2 13 5 7 0
2 13 5 8 0
2 13 5 9 0
2 13 5 10 0
2 13 5 11 0
2 13 5 12 0
2 13 5 13 0
2 13 5 14 0
2 13 5 15 0
2 13 6 0 0
2 13 6 1 0
2 13 6 2 -0.04963048162576172
2 13 6 3 0
2 13 6 4 0
2 13 6 5 0
2 13 6 6 0
2 13 6 7 0
2 13 6 8 0
2 13 6 9 0
2 13 6 10 0
2 13 6 11 0.0004126817464299779
2 13 6 12 0
2 13 6 13 0
2 13 6 14 -0.001426241037643759
2 13 6 15 0
2 13 7 0 0
2 13 7 1 0
2 13 7 2 0
2 13 7 3 0
2 13 7 4 0
2 13 7 5 0
2 13 7 6 0
2 13 7 7 0
2 13 7 8 0
2 13 7 9 0
2 13 7 10 0
2 13 7 11 0
2 13 7 12 0
2 13 7 13 0
2 13 7 14 0
2 13 7 15 0
2 13 8 0 0
2 13 8 1 0
2 13 8 2 0
2 13 8 3 0
2 13 8 4 0
2 13 8 5 0
2 13 8 6 0
2 13 8 7 0
2 13 8 8 0
2 13 8 9 0
2 13 8 10 0
2 13 8 11 0
2 13 8 12 0
2 13 8 13 0
2 13 8 14 0
2 13 8 15 0
2 13 9 0 0
2 13 9 1 0
2 13 9 2 0
2 13 9 3 0
2 13 9 4 0
2 13 9 5 0
2 13 9 6 0
2 13 9 7 0
2 13 9 8 0
2 13 9 9 0
2 13 9 10 0
2 13 9 11 0
2 13 9 12 0
2 13 9 13 0
2 13 9 14 0
2 13 9 15 0
2 13 10 0 0
2 13 10 1 0
2 13 10 2 0
2 13 10 3 0
2 13 10 4 0
2 13 10 5 0
2 13 10 6 0
2 13 10 7 0
2 13 10 8 0
2 13 10 9 0
2 13 10 10 0
2 13 10 11 0
2 13 10 12 0
2 13 10 13 0
2 13 10 14 0
2 13 10 15 0
2 13 11 0 0
2 13 11 1 0
2 13 11 2 0
2 13 11 3 0
2 13 11 4 0
2 13 11 5 0
2 13 11 6 -0.001767231278484542
2 13 11 7 0
2 13 11 8 0
2 13 11 9 0
2 13 11 10 0
2 13 11 11 0
2 13 11 12 0
2 13 11 13 0
2 13 11 14 0
2 13 11 15 0
2 13 12 0 0
2 13 12 1 0
2 13 12 2 0
2 13 12 3 0
2 13 12 4 0
2 13 12 5 0
2 13 12 6 0
2 13 12 7 0
2 13 12 8 0
2 13 12 9 0
2 13 12 10 0
2 13 12 11 0
2 13 12 12 0
2 13 12 13 0
2 13 12 14 0
2 13 12 15 0
2 13 13 0 0
2 13 13 1 0
2 13 13 2 -0.003567260723183296
2 13 13 3 0
2 13 13 4 0
2 13 13 5 0
2 13 13 6 0
2 13 13 7 0
2 13 13 8 0
2 13 13 9 0
2 13 13 10 0
2 13 13 11 0
2 13 13 12 0
2 13 13 13 0
2 13 13 14 0
2 13 13 15 0
2 13 14 0 0
2 13 14 1 0
2 13 14 2 0
2 13 14 3 0
2 13 14 4 0
2 13 14 5 0
2 13 14 6 0.002354921862414827
2 13 14 7 0
2 13 14 8 0
2 13 14 9 0
2 13 14 10 0
2 13 14 11 0
2 13 14 12 0
2 13 14 13 0
2 13 14 14 0
2 13 14 15 0
2 13 15 0 0
2 13 15 1 0
2 13 15 2 0
2 13 15 3 0
2 13 15 4 0
2 13 15 5 0
2 13 15 6 0
2 13 15 7 0
2 13 15 8 0
2 13 15 9 0
2 13 15 10 0
2 13 15 11 0
2 13 15 12 0
2 13 15 13 0
2 13 15 14 0
2 13 15 15 0
2 14 0 0 0
2 14 0 1 0
2 14 0 2 0
2 14 0 3 0
2 14 0 4 0
2 14 0 5 0
2 14 0 6 0
2 14 0 7 0
2 14 0 8 0
2 14 0 9 0
2 14 0 10 0
2 14 0 11 0
2 14 0 12 0
2 14 0 13 0
2 14 0 14 0
2 14 0 15 0
2 14 1 0 0
2 14 1 1 0
2 14 1 2 0
2 14 1 3 0
2 14 1 4 0
2 14 1 5 0
2 14 1 6 0
2 14 1 7 0
2 14 1 8 0
2 14 1 9 0
2 14 1 10 0
2 14 1 11 0
2 14 1 12 0
2 14 1 13 0
2 14 1 14 0
2 14 1 15 0
2 14 2 0 0
2 14 2 1 0
2 14 2 2 0.03276348865198386
2 14 2 3 0
2 14 2 4 0
2 14 2 5 0
2 14 2 6 0
2 14 2 7 0
2 14 2 8 0
2 14 2 9 0
2 14 2 10 0
2 14 2 11 -0.0005394464571167848
2 14 2 12 0
2 14 2 13 0
2 14 2 14 0.0009342903736689468
2 14 2 15 0
2 14 3 0 0
2 14 3 1 0
2 14 3 2 0
2 14 3 3 0
2 14 3 4 0
2 14 3 5 0
2 14 3 6 0
2 14 3 7 0
2 14 3 8 0
2 14 3 9 0
2 14 3 10 0
2 14 3 11 0
2 14 3 12 0
2 14 3 13 0
2 14 3 14 0
2 14 3 15 0
2 14 4 0 0
2 14 4 1 0
2 14 4 2 0
2 14 4 3 0
2 14 4 4 0
2 14 4 5 0
2 14 4 6 0
2 14 4 7 0
2 14 4 8 0
2 14 4 9 0
2 14 4 10 0
2 14 4 11 0
2 14 4 12 0
2 14 4 13 0
2 14 4 14 0
2 14 4 15 0
2 14 5 0 0
2 14 5 1 0
2 14 5 2 0
2 14 5 3 0
2 14 5 4 0
2 14 5 5 0
2 14 5 6 0
2 14 5 7 0
2 14 5 8 0
2 14 5 9 0
2 14 5 10 0
2 14 5 11 0
2 14 5 12 0
2 14 5 13 0
2 14 5 14 0
2 14 5 15 0
2 14 6 0 0
2 14 6 1 0
2 14 6 2 0
2 14 6 3 0
2 14 6 4 0
2 14 6 5 0
2 14 6 6 0
2 14 6 7 0
2 14 6 8 0
2 14 6 9 0
2 14 6 10 0
2 14 6 11 0
2 14 6 12 0
2 14 6 13 0
2 14 6 14 0
2 14 6 15 0
2 14 7 0 0
2 14 7 1 0
2 14 7 2 0
2 14 7 3 0
2 14 7 4 0
2 14 7 5 0
2 14 7 6 0
2 14 7 7 -0.01525973172567776
2 14 7 8 0
2 14 7 9 0
2 14 7 10 0
2 14 7 11 0
2 14 7 12 0
2 14 7 13 0
2 14 7 14 0
2 14 7 15 0
2 14 8 0 0
2 14 8 1 0
2 14 8 2 0
2 14 8 3 0
2 14 8 4 0
2 14 8 5 0
2 14 8 6 0
2 14 8 7 0
2 14 8 8 0
2 14 8 9 0
2 14 8 10 0
2 14 8 11 0
2 14 8 12 0
2 14 8 13 0
2 14 8 14 0
2 14 8 15 0
2 14 9 0 0
2 14 9 1 0
2 14 9 2 0
2 14 9 3 0
2 14 9 4 0
2 14 9 5 0
2 14 9 6 0
2 14 9 7 0
2 14 9 8 0
2 14 9 9 0
2 14 9 10 0
2 14 9 11 0
2 14 9 12 0
2 14 9 13 0
2 14 9 14 0
2 14 9 15 0
2 14 10 0 0
2 14 10 1 0
2 14 10 2 0
2 14 10 3 0
2 14 10 4 0
2 14 10 5 0
2 14 10 6 0
2 14 10 7 0
2 14 10 8 0
2 14 10 9 0
2 14 10 10 0
2 14 10 11 0
2 14 10 12 0
2 14 10 13 0
2 14 10 14 0
2 14 10 15 0
2 14 11 0 0
2 14 11 1 0
2 14 11 2 -0.0006271886437605096
2 14 11 3 0
2 14 11 4 0
2 14 11 5 0
2 14 11 6 0
2 14 11 7 0
2 14 11 8 0
2 14 11 9 0
2 14 11 10 0
2 14 11 11 0
2 14 11 12 0
2 14 11 13 0
2 14 11 14 0
2 14 11 15 0
2 14 12 0 0
2 14 12 1 0
2 14 12 2 0
2 14 12 3 0
2 14 12 4 0
2 14 12 5 0
2 14 12 6 0
2 14 12 7 0
2 14 12 8 0
2 14 12 9 0
2 14 12 10 0
2 14 12 11 0
2 14 12 12 0
2 14 12 13 0
2 14 12 14 0
2 14 12 15 0
2 14 13 0 0
2 14 13 1 0
2 14 13 2 0
2 14 13 3 0
2 14 13 4 0
2 14 13 5 0
2 14 13 6 0
2 14 13 7 0
2 14 13 8 0
2 14 13 9 0
2 14 13 10 0
2 14 13 11 0
2 14 13 12 0
2 14 13 13 0
2 14 13 14 0
2 14 13 15 0
2 14 14 0 0
2 14 14 1 0
2 14 14 2 0.0006203077923800358
2 14 14 3 0
2 14 14 4 0
2 14 14 5 0
2 14 14 6 0
2 14 14 7 0
2 14 14 8 0
2 14 14 9 0
2 14 14 10 0
2 14 14 11 0
2 14 14 12 0
2 14 14 13 0
2 14 14 14 0
2 14 14 15 0
2 14 15 0 0
2 14 15 1 0
2 14 15 2 0
2 14 15 3 0
2 14 15 4 0
2 14 15 5 0
2 14 15 6 0
2 14 15 7 0
2 14 15 8 0
2 14 15 9 0
2 14 15 10 0
2 14 15 11 0
2 14 15 12 0
2 14 15 13 0
2 14 15 14 0
2 14 15 15 0
2 15 0 0 0
2 15 0 1 0
2 15 0 2 0
2 15 0 3 0
2 15 0 4 0
2 15 0 5 0
2 15 0 6 0
2 15 0 7 0
2 15 0 8 0
2 15 0 9 0
2 15 0 10 0
2 15 0 11 0
2 15 0 12 0
2 15 0 13 0
2 15 0 14 0
2 15 0 15 0
2 15 1 0 0
2 15 1 1 0
2 15 1 2 -0.0114418215651334
2 15 1 3 0
2 15 1 4 0
2 15 1 5 0
2 15 1 6 0
2 15 1 7 0
2 15 1 8 0
2 15 1 9 0
2 15 1 10 0
2 15 1 11 0.0002294178087508504
2 15 1 12 0
2 15 1 13 0
2 15 1 14 -0.0002393996818441073
2 15 1 15 0
2 15 2 0 0
2 15 2 1 0.02288364313026681
2 15 2 2 0
2 15 2 3 0
2 15 2 4 0
2 15 2 5 0
2 15 2 6 0
2 15 2 7 0
2 15 2 8 0
2 15 2 9 0
2 15 2 10 0
2 15 2 11 0
2 15 2 12 0
2 15 2 13 0
2 15 2 14 0
2 15 2 15 0.0002123180132127141
2 15 3 0 0
2 15 3 1 0
2 15 3 2 0
2 15 3 3 0
2 15 3 4 0
2 15 3 5 0
2 15 3 6 0
2 15 3 7 0
2 15 3 8 0
2 15 3 9 0
2 15 3 10 0
2 15 3 11 0
2 15 3 12 0
2 15 3 13 0
2 15 3 14 0
2 15 3 15 0
2 15 4 0 0
2 15 4 1 0
2 15 4 2 0
2 15 4 3 0
2 15 4 4 0
2 15 4 5 0
2 15 4 6 0
2 15 4 7 0
2 15 4 8 0
2 15 4 9 0
2 15 4 10 0
2 15 4 11 0
2 15 4 12 0
2 15 4 13 0
2 15 4 14 0
2 15 4 15 0
2 15 5 0 0
2 15 5 1 0
2 15 5 2 0
2 15 5 3 0
2 15 5 4 0
2 15 5 5 0
2 15 5 6 0
2 15 5 7 0
2 15 5 8 0
2 15 5 9 0
2 15 5 10 0
2 15 5 11 0
2 15 5 12 0
2 15 5 13 0
2 15 5 14 0
2 15 5 15 0
2 15 6 0 0
2 15 6 1 0
2 15 6 2 0
2 15 6 3 0
2 15 6 4 0
2 15 6 5 0
2 15 6 6 0
2 15 6 7 0
2 15 6 8 0
2 15 6 9 0
2 15 6 10 0
2 15 6 11 0
2 15 6 12 0
2 15 6 13 0
2 15 6 14 0
2 15 6 15 0
2 15 7 0 0
2 15 7 1 0
2 15 7 2 0
2 15 7 3 0
2 15 7 4 0
2 15 7 5 0
2 15 7 6 0
2 15 7 7 0
2 15 7 8 0
2 15 7 9 0
2 15 7 10 0
2 15 7 11 0
2 15 7 12 0
2 15 7 13 0
2 15 7 14 0
2 15 7 15 0
2 15 8 0 0
2 15 8 1 0
2 15 8 2 0
2 15 8 3 0
2 15 8 4 0
2 15 8 5 0
2 15 8 6 0
2 15 8 7 0
2 15 8 8 0
2 15 8 9 0
2 15 8 10 0
2 15 8 11 0
2 15 8 12 0
2 15 8 13 0
2 15 8 14 0
2 15 8 15 0
2 15 9 0 0
2 15 9 1 0
2 15 9 2 0
2 15 9 3 0
2 15 9 4 0
2 15 9 5 0
2 15 9 6 0
2 15 9 7 0
2 15 9 8 0
2 15 9 9 0
2 15 9 10 0
2 15 9 11 0
2 15 9 12 0
2 15 9 13 0
2 15 9 14 0
2 15 9 15 0
2 15 10 0 0
2 15 10 1 0
2 15 10 2 0
2 15 10 3 0
2 15 10 4 0
2 15 10 5 0
2 15 10 6 0
2 15 10 7 0
2 15 10 8 0
2 15 10 9 0
2 15 10 10 0
2 15 10 11 0
2 15 10 12 0
2 15 10 13 0
2 15 10 14 0
2 15 10 15 0
2 15 11 0 0
2 15 11 1 -0.0004074178668104427
2 15 11 2 0
2 15 11 3 0
2 15 11 4 0
2 15 11 5 0
2 15 11 6 0
2 15 11 7 0
2 15 11 8 0
2 15 11 9 0
2 15 11 10 0
2 15 11 11 0
2 15 11 12 0
2 15 11 13 0
2 15 11 14 0
2 15 11 15 0
2 15 12 0 0
2 15 12 1 0
2 15 12 2 0
2 15 12 3 0
2 15 12 4 0
2 15 12 5 0
2 15 12 6 0
2 15 12 7 0
2 15 12 8 0
2 15 12 9 0
2 15 12 10 0
2 15 12 11 0
2 15 12 12 0
2 15 12 13 0
2 15 12 14 0
2 15 12 15 0
2 15 13 0 0
2 15 13 1 0
2 15 13 2 0
2 15 13 3 0
2 15 13 4 0
2 15 13 5 0
2 15 13 6 0
2 15 13 7 0
2 15 13 8 0
2 15 13 9 0
2 15 13 10 0
2 15 13 11 0
2 15 13 12 0
2 15 13 13 0
2 15 13 14 0
2 15 13 15 0
2 15 14 0 0
2 15 14 1 0.0005429041763639858
2 15 14 2 0
2 15 14 3 0
2 15 14 4 0
2 15 14 5 0
2 15 14 6 0
2 15 14 7 0
2 15 14 8 0
2 15 14 9 0
2 15 14 10 0
2 15 14 11 0
2 15 14 12 0
2 15 14 13 0
2 15 14 14 0
2 15 14 15 0
2 15 15 0 0
2 15 15 1 0
2 15 15 2 -0.000106159006606357
2 15 15 3 0
2 15 15 4 0
2 15 15 5 0
2 15 15 6 0
2 15 15 7 0
2 15 15 8 0
2 15 15 9 0
2 15 15 10 0
2 15 15 11 0
2 15 15 12 0
2 15 15 13 0
2 15 15 14 0
2 15 15 15 0
3 0 0 0 0
3 0 0 1 0
3 0 0 2 0
3 0 0 3 -1.022102584249052
3 0 0 4 0
3 0 0 5 0
3 0 0 6 0
3 0 0 7 0
3 0 0 8 -0.05347125436851322
3 0 0 9 0
3 0 0 10 0
3 0 0 11 0
3 0 0 12 0
3 0 0 13 0
3 0 0 14 0
3 0 0 15 0
3 0 1 0 0
3 0 1 1 0
3 0 1 2 0
3 0 1 3 0
3 0 1 4 0
3 0 1 5 0
3 0 1 6 0
3 0 1 7 0
3 0 1 8 0
3 0 1 9 0
3 0 1 10 0
3 0 1 11 0
3 0 1 12 0
3 0 1 13 0
3 0 1 14 0
3 0 1 15 0
3 0 2 0 0
3 0 2 1 0
3 0 2 2 0
3 0 2 3 -9.353989716215572e-05
3 0 2 4 0
3 0 2 5 0
3 0 2 6 0
3 0 2 7 0
3 0 2 8 0
3 0 2 9 0
3 0 2 10 0
3 0 2 11 0
3 0 2 12 0
3 0 2 13 0
3 0 2 14 0
3 0 2 15 0
3 0 3 0 2.043795535220563
3 0 3 1 0
3 0 3 2 -0.0003873954183067261
3 0 3 3 0
3 0 3 4 0
3 0 3 5 0
3 0 3 6 0
3 0 3 7 0
3 0 3 8 0
3 0 3 9 0
3 0 3 10 0
3 0 3 11 -0.01336439813953341
3 0 3 12 0
3 0 3 13 0
3 0 3 14 0
3 0 3 15 0
3 0 4 0 0
3 0 4 1 0
3 0 4 2 0
3 0 4 3 0
3 0 4 4 0
3 0 4 5 0
3 0 4 6 0
3 0 4 7 0
3 0 4 8 0
3 0 4 9 0
3 0 4 10 0
3 0 4 11 0
3 0 4 12 0
3 0 4 13 0
3 0 4 14 0
3 0 4 15 0
3 0 5 0 0
3 0 5 1 0
3 0 5 2 0
3 0 5 3 0
3 0 5 4 0
3 0 5 5 0
3 0 5 6 0
3 0 5 7 0
3 0 5 8 0
3 0 5 9 0
3 0 5 10 0
3 0 5 11 0
3 0 5 12 0
3 0 5 13 0
3 0 5 14 0
3 0 5 15 0
3 0 6 0 0
3 0 6 1 0
3 0 6 2 0
3 0 6 3 0
3 0 6 4 0
3 0 6 5 0
3 0 6 6 0
3 0 6 7 0
3 0 6 8 0
3 0 6 9 0
3 0 6 10 0
3 0 6 11 0
3 0 6 12 0
3 0 6 13 0
3 0 6 14 0
3 0 6 15 0
3 0 7 0 0
3 0 7 1 0
3 0 7 2 0
3 0 7 3 0
3 0 7 4 0
3 0 7 5 0
3 0 7 6 0
3 0 7 7 0
3 0 7 8 0
3 0 7 9 0
3 0 7 10 0
3 0 7 11 0
3 0 7 12 0
3 0 7 13 0
3 0 7 14 0
3 0 7 15 0
3 0 8 0 0.1069425087370264
3 0 8 1 0
3 0 8 2 0
3 0 8 3 0
3 0 8 4 0
3 0 8 5 0
3 0 8 6 0
3 0 8 7 0
3 0 8 8 0
3 0 8 9 0
3 0 8 10 0
3 0 8 11 0
3 0 8 12 0
3 0 8 13 0
3 0 8 14 0
3 0 8 15 0
3 0 9 0 0
3 0 9 1 0
3 0 9 2 0
3 0 9 3 0
3 0 9 4 0
3 0 9 5 0
3 0 9 6 0
3 0 9 7 0
3 0 9 8 0
3 0 9 9 0
3 0 9 10 0
3 0 9 11 0
3 0 9 12 0
3 0 9 13 0
3 0 9 14 0
3 0 9 15 0
3 0 10 0 0
3 0 10 1 0
3 0 10 2 0
3 0 10 3 0
3 0 10 4 0
3 0 10 5 0
3 0 10 6 0
3 0 10 7 0
3 0 10 8 0
3 0 10 9 0
3 0 10 10 0
3 0 10 11 0
3 0 10 12 0
3 0 10 13 0
3 0 10 14 0
3 0 10 15 0
3 0 11 0 0
3 0 11 1 0
3 0 11 2 0
3 0 11 3 -0.01098335521439823
3 0 11 4 0
3 0 11 5 0
3 0 11 6 0
3 0 11 7 0
3 0 11 8 0
3 0 11 9 0
3 0 11 10 0
3 0 11 11 0
3 0 11 12 0
3 0 11 13 0
3 0 11 14 0
3 0 11 15 0
3 0 12 0 0
3 0 12 1 0
3 0 12 2 0
3 0 12 3 0
3 0 12 4 0
3 0 12 5 0
3 0 12 6 0
3 0 12 7 0
3 0 12 8 0
3 0 12 9 0
3 0 12 10 0
3 0 12 11 0
3 0 12 12 0
3 0 12 13 0
3 0 12 14 0
3 0 12 15 0
3 0 13 0 0
3 0 13 1 0
3 0 13 2 0
3 0 13 3 0
3 0 13 4 0
3 0 13 5 0
3 0 13 6 0
3 0 13 7 0
3 0 13 8 0
3 0 13 9 0
3 0 13 10 0
3 0 13 11 0
3 0 13 12 0
3 0 13 13 0
3 0 13 14 0
3 0 13 15 0
3 0 14 0 0
3 0 14 1 0
3 0 14 2 0
3 0 14 3 0
3 0 14 4 0
3 0 14 5 0
3 0 14 6 0
3 0 14 7 0
3 0 14 8 0
3 0 14 9 0
3 0 14 10 0
3 0 14 11 0
3 0 14 12 0
3 0 14 13 0
3 0 14 14 0
3 0 14 15 0
3 0 15 0 0
3 0 15 1 0
3 0 15 2 0
3 0 15 3 0
3 0 15 4 0
3 0 15 5 0
3 0 15 6 0
3 0 15 7 0
3 0 15 8 0
3 0 15 9 0
3 0 15 10 0
3 0 15 11 0
3 0 15 12 0
3 0 15 13 0
3 0 15 14 0
3 0 15 15 0
3 1 0 0 0
3 1 0 1 0
3 1 0 2 0
3 1 0 3 0
3 1 0 4 0
3 1 0 5 0
3 1 0 6 0
3 1 0 7 0
3 1 0 8 0
3 1 0 9 0
3 1 0 10 0
3 1 0 11 0
3 1 0 12 0
3 1 0 13 0
3 1 0 14 0
3 1 0 15 0
3 1 1 0 0
3 1 1 1 0
3 1 1 2 0
3 1 1 3 -1.022234342027787
3 1 1 4 0
3 1 1 5 0
3 1 1 6 0
3 1 1 7 0
3 1 1 8 -0.05347125436851322
3 1 1 9 0
3 1 1 10 0
3 1 1 11 0
3 1 1 12 0
3 1 1 13 0
3 1 1 14 0
3 1 1 15 0
3 1 2 0 0
3 1 2 1 0
3 1 2 2 0
3 1 2 3 0
3 1 2 4 0
3 1 2 5 0
3 1 2 6 0
3 1 2 7 0
3 1 2 8 0
3 1 2 9 0
3 1 2 10 0
3 1 2 11 0
3 1 2 12 0
3 1 2 13 0
3 1 2 14 0
3 1 2 15 0
3 1 3 0 0
3 1 3 1 2.044390373357424
3 1 3 2 0
3 1 3 3 0
3 1 3 4 0
3 1 3 5 0
3 1 3 6 0
3 1 3 7 0
3 1 3 8 0
3 1 3 9 0
3 1 3 10 0
3 1 3 11 0
3 1 3 12 0
3 1 3 13 0
3 1 3 14 0
3 1 3 15 0.0114418215651334
3 1 4 0 0
3 1 4 1 0
3 1 4 2 0
3 1 4 3 0
3 1 4 4 0
3 1 4 5 0
3 1 4 6 0
3 1 4 7 0
3 1 4 8 0
3 1 4 9 0
3 1 4 10 0
3 1 4 11 0
3 1 4 12 0
3 1 4 13 0
3 1 4 14 0
3 1 4 15 0
3 1 5 0 0
3 1 5 1 0
3 1 5 2 0
3 1 5 3 0
3 1 5 4 0
3 1 5 5 0
3 1 5 6 0
3 1 5 7 0
3 1 5 8 0
3 1 5 9 0
3 1 5 10 0
3 1 5 11 0
3 1 5 12 0
3 1 5 13 0
3 1 5 14 0
3 1 5 15 0
3 1 6 0 0
3 1 6 1 0
3 1 6 2 0
3 1 6 3 0
3 1 6 4 0
3 1 6 5 0
3 1 6 6 0
3 1 6 7 0
3 1 6 8 0
3 1 6 9 0
3 1 6 10 0
3 1 6 11 0
3 1 6 12 0
3 1 6 13 0
3 1 6 14 0
3 1 6 15 0
3 1 7 0 0
3 1 7 1 0
3 1 7 2 0
3 1 7 3 0
3 1 7 4 0
3 1 7 5 0
3 1 7 6 0
3 1 7 7 0
3 1 7 8 0
3 1 7 9 0
3 1 7 10 0
3 1 7 11 0
3 1 7 12 0
3 1 7 13 0
3 1 7 14 0
3 1 7 15 0
3 1 8 0 0
3 1 8 1 0.1069425087370264
3 1 8 2 0
3 1 8 3 0
3 1 8 4 0
3 1 8 5 0
3 1 8 6 0
3 1 8 7 0
3 1 8 8 0
3 1 8 9 0
3 1 8 10 0
3 1 8 11 0
3 1 8 12 0
3 1 8 13 0
3 1 8 14 0
3 1 8 15 0
3 1 9 0 0
3 1 9 1 0
3 1 9 2 0
3 1 9 3 0
3 1 9 4 0
3 1 9 5 0
3 1 9 6 0
3 1 9 7 0
3 1 9 8 0
3 1 9 9 0
3 1 9 10 0
3 1 9 11 0
3 1 9 12 0
3 1 9 13 0
3 1 9 14 0
3 1 9 15 0
3 1 10 0 0
3 1 10 1 0
3 1 10 2 0
3 1 10 3 0
3 1 10 4 0
3 1 10 5 0
3 1 10 6 0
3 1 10 7 0
3 1 10 8 0
3 1 10 9 0
3 1 10 10 0
3 1 10 11 0
3 1 10 12 0
3 1 10 13 0
3 1 10 14 0
3 1 10 15 0
3 1 11 0 0
3 1 11 1 0
3 1 11 2 0
3 1 11 3 0
3 1 11 4 0
3 1 11 5 0
3 1 11 6 0
3 1 11 7 0
3 1 11 8 0
3 1 11 9 0
3 1 11 10 0
3 1 11 11 0
3 1 11 12 0
3 1 11 13 0
3 1 11 14 0
3 1 11 15 0
3 1 12 0 0
3 1 12 1 0
3 1 12 2 0
3 1 12 3 0
3 1 12 4 0
3 1 12 5 0
3 1 12 6 0
3 1 12 7 0
3 1 12 8 0
3 1 12 9 0
3 1 12 10 0
3 1 12 11 0
3 1 12 12 0
3 1 12 13 0
3 1 12 14 0
3 1 12 15 0
3 1 13 0 0
3 1 13 1 0
3 1 13 2 0
3 1 13 3 0
3 1 13 4 0
3 1 13 5 0
3 1 13 6 0
3 1 13 7 0
3 1 13 8 0
3 1 13 9 0
3 1 13 10 0
3 1 13 11 0
3 1 13 12 0
3 1 13 13 0
3 1 13 14 0
3 1 13 15 0
3 1 14 0 0
3 1 14 1 0
3 1 14 2 0
3 1 14 3 0
3 1 14 4 0
3 1 14 5 0
3 1 14 6 0
3 1 14 7 0
3 1 14 8 0
3 1 14 9 0
3 1 14 10 0
3 1 14 11 0
3 1 14 12 0
3 1 14 13 0
3 1 14 14 0
3 1 14 15 0
3 1 15 0 0
3 1 15 1 0
3 1 15 2 0
3 1 15 3 -0.003100740888256127
3 1 15 4 0
3 1 15 5 0
3 1 15 6 0
3 1 15 7 0
3 1 15 8 0
3 1 15 9 0
3 1 15 10 0
3 1 15 11 0
3 1 15 12 0
3 1 15 13 0
3 1 15 14 0
3 1 15 15 0
3 2 0 0 0
3 2 0 1 0
3 2 0 2 0
3 2 0 3 -9.353989716215572e-05
3 2 0 4 0
3 2 0 5 0
3 2 0 6 0
3 2 0 7 0
3 2 0 8 0
3 2 0 9 0
3 2 0 10 0
3 2 0 11 0
3 2 0 12 0
3 2 0 13 0
3 2 0 14 0
3 2 0 15 0
3 2 1 0 0
3 2 1 1 0
3 2 1 2 0
3 2 1 3 0
3 2 1 4 0
3 2 1 5 0
3 2 1 6 0
3 2 1 7 0
3 2 1 8 0
3 2 1 9 0
3 2 1 10 0
3 2 1 11 0
3 2 1 12 0
3 2 1 13 0
3 2 1 14 0
3 2 1 15 0
3 2 2 0 0
3 2 2 1 0
3 2 2 2 0
3 2 2 3 -0.7936867445139226
3 2 2 4 0
3 2 2 5 0
3 2 2 6 0
3 2 2 7 0
3 2 2 8 -0.05347125436851322
3 2 2 9 0
3 2 2 10 0
3 2 2 11 0
3 2 2 12 0
3 2 2 13 0
3 2 2 14 0
3 2 2 15 0
3 2 3 0 -0.0003873954183067261
3 2 3 1 0
3 2 3 2 1.574632035600472
3 2 3 3 0
3 2 3 4 0
3 2 3 5 0
3 2 3 6 0
3 2 3 7 0
3 2 3 8 0
3 2 3 9 0
3 2 3 10 0
3 2 3 11 -0.02458708412460262
3 2 3 12 0
3 2 3 13 0
3 2 3 14 0.03276348865198386
3 2 3 15 0
3 2 4 0 0
3 2 4 1 0
3 2 4 2 0
3 2 4 3 0
3 2 4 4 0
3 2 4 5 0
3 2 4 6 0
3 2 4 7 0
3 2 4 8 0
3 2 4 9 0
3 2 4 10 0
3 2 4 11 0
3 2 4 12 0
3 2 4 13 0
3 2 4 14 0
3 2 4 15 0
3 2 5 0 0
3 2 5 1 0
3 2 5 2 0
3 2 5 3 0
3 2 5 4 0
3 2 5 5 0
3 2 5 6 0
3 2 5 7 0
3 2 5 8 0
3 2 5 9 0
3 2 5 10 0
3 2 5 11 0
3 2 5 12 0
3 2 5 13 0
3 2 5 14 0
3 2 5 15 0
3 2 6 0 0
3 2 6 1 0
3 2 6 2 0
3 2 6 3 0
3 2 6 4 0
3 2 6 5 0
3 2 6 6 0
3 2 6 7 0
3 2 6 8 0
3 2 6 9 0
3 2 6 10 0
3 2 6 11 0
3 2 6 12 0
3 2 6 13 0
3 2 6 14 0
3 2 6 15 0
3 2 7 0 0
3 2 7 1 0
3 2 7 2 0
3 2 7 3 0
3 2 7 4 0
3 2 7 5 0
3 2 7 6 0.2963189389940677
3 2 7 7 0
3 2 7 8 0
3 2 7 9 0
3 2 7 10 0
3 2 7 11 0
3 2 7 12 0
3 2 7 13 0
3 2 7 14 0
3 2 7 15 0
3 2 8 0 0
3 2 8 1 0
3 2 8 2 0.1069425087370264
3 2 8 3 0
3 2 8 4 0
3 2 8 5 0
3 2 8 6 0
3 2 8 7 0
3 2 8 8 0
3 2 8 9 0
3 2 8 10 0
3 2 8 11 0
3 2 8 12 0
3 2 8 13 0
3 2 8 14 0
3 2 8 15 0
3 2 9 0 0
3 2 9 1 0
3 2 9 2 0
3 2 9 3 0
3 2 9 4 0
3 2 9 5 0
3 2 9 6 0
3 2 9 7 0
3 2 9 8 0
3 2 9 9 0
3 2 9 10 0
3 2 9 11 0
3 2 9 12 0
3 2 9 13 0
3 2 9 14 0
3 2 9 15 0
3 2 10 0 0
3 2 10 1 0
3 2 10 2 0
3 2 10 3 0
3 2 10 4 0
3 2 10 5 0
3 2 10 6 0
3 2 10 7 0
3 2 10 8 0
3 2 10 9 0
3 2 10 10 0
3 2 10 11 0
3 2 10 12 0
3 2 10 13 0
3 2 10 14 0
3 2 10 15 0
3 2 11 0 0
3 2 11 1 0
3 2 11 2 0
3 2 11 3 0.00677307822322833
3 2 11 4 0
3 2 11 5 0
3 2 11 6 0
3 2 11 7 0
3 2 11 8 0
3 2 11 9 0
3 2 11 10 0
3 2 11 11 0
3 2 11 12 0
3 2 11 13 0
3 2 11 14 0
3 2 11 15 0
3 2 12 0 0
3 2 12 1 0
3 2 12 2 0
3 2 12 3 0
3 2 12 4 0
3 2 12 5 0
3 2 12 6 0
3 2 12 7 0
3 2 12 8 0
3 2 12 9 0
3 2 12 10 0
3 2 12 11 0
3 2 12 12 0
3 2 12 13 0
3 2 12 14 0
3 2 12 15 0
3 2 13 0 0
3 2 13 1 0
3 2 13 2 0
3 2 13 3 0
3 2 13 4 0
3 2 13 5 0
3 2 13 6 0
3 2 13 7 0
3 2 13 8 0
3 2 13 9 0
3 2 13 10 0
3 2 13 11 0
3 2 13 12 0
3 2 13 13 0
3 2 13 14 0
3 2 13 15 0
3 2 14 0 0
3 2 14 1 0
3 2 14 2 0
3 2 14 3 -0.02402186936047353
3 2 14 4 0
3 2 14 5 0
3 2 14 6 0
3 2 14 7 0
3 2 14 8 0
3 2 14 9 0
3 2 14 10 0
3 2 14 11 0
3 2 14 12 0
3 2 14 13 0
3 2 14 14 0
3 2 14 15 0
3 2 15 0 0
3 2 15 1 0
3 2 15 2 0
3 2 15 3 0
3 2 15 4 0
3 2 15 5 0
3 2 15 6 0
3 2 15 7 0
3 2 15 8 0
3 2 15 9 0
3 2 15 10 0
3 2 15 11 0
3 2 15 12 0
3 2 15 13 0
3 2 15 14 0
3 2 15 15 0
3 3 0 0 0
3 3 0 1 0
3 3 0 2 0
3 3 0 3 0
3 3 0 4 0
3 3 0 5 0
3 3 0 6 0
3 3 0 7 0
3 3 0 8 0
3 3 0 9 0
3 3 0 10 0
3 3 0 11 0
3 3 0 12 0
3 3 0 13 0
3 3 0 14 0
3 3 0 15 0
3 3 1 0 0
3 3 1 1 0
3 3 1 2 0
3 3 1 3 0
3 3 1 4 0
3 3 1 5 0
3 3 1 6 0
3 3 1 7 0
3 3 1 8 0
3 3 1 9 0
3 3 1 10 0
3 3 1 11 0
3 3 1 12 0
3 3 1 13 0
3 3 1 14 0
3 3 1 15 0
3 3 2 0 0
3 3 2 1 0
3 3 2 2 0
3 3 2 3 0
3 3 2 4 0
3 3 2 5 0
3 3 2 6 0
3 3 2 7 0
3 3 2 8 0
3 3 2 9 0
3 3 2 10 0
3 3 2 11 0
3 3 2 12 0
3 3 2 13 0
3 3 2 14 0
3 3 2 15 0
3 3 3 0 0
3 3 3 1 0
3 3 3 2 0
3 3 3 3 0.1555647680994469
3 3 3 4 0
3 3 3 5 0
3 3 3 6 0
3 3 3 7 0
3 3 3 8 1.828742961457549e-20
3 3 3 9 0
3 3 3 10 0
3 3 3 11 0
3 3 3 12 0
3 3 3 13 0
3 3 3 14 0
3 3 3 15 0
3 3 4 0 0
3 3 4 1 0
3 3 4 2 0
3 3 4 3 0
3 3 4 4 0
3 3 4 5 0
3 3 4 6 0
3 3 4 7 0
3 3 4 8 0
3 3 4 9 0
3 3 4 10 0
3 3 4 11 0
3 3 4 12 0
3 3 4 13 0
3 3 4 14 0
3 3 4 15 0
3 3 5 0 0
3 3 5 1 0
3 3 5 2 0
3 3 5 3 0
3 3 5 4 0
3 3 5 5 0
3 3 5 6 0
3 3 5 7 0
3 3 5 8 0
3 3 5 9 0
3 3 5 10 0
3 3 5 11 0
3 3 5 12 0
3 3 5 13 0
3 3 5 14 0
3 3 5 15 0
3 3 6 0 0
3 3 6 1 0
3 3 6 2 0
3 3 6 3 0
3 3 6 4 0
3 3 6 5 0
3 3 6 6 -0.1264515554485175
3 3 6 7 0
3 3 6 8 0
3 3 6 9 0
3 3 6 10 0
3 3 6 11 0
3 3 6 12 0
3 3 6 13 1.157024483446287e-20
3 3 6 14 0
3 3 6 15 0
3 3 7 0 0
3 3 7 1 0
3 3 7 2 0
3 3 7 3 0
3 3 7 4 0
3 3 7 5 0
3 3 7 6 0
3 3 7 7 0
3 3 7 8 0
3 3 7 9 0
3 3 7 10 0
3 3 7 11 0
3 3 7 12 0
3 3 7 13 0
3 3 7 14 0
3 3 7 15 0
3 3 8 0 0
3 3 8 1 0
3 3 8 2 0
3 3 8 3 1.828742961457549e-20
3 3 8 4 0
3 3 8 5 0
3 3 8 6 0
3 3 8 7 0
3 3 8 8 0
3 3 8 9 0
3 3 8 10 0
3 3 8 11 0
3 3 8 12 0
3 3 8 13 0
3 3 8 14 0
3 3 8 15 0
3 3 9 0 0
3 3 9 1 0
3 3 9 2 0
3 3 9 3 0
3 3 9 4 0
3 3 9 5 0
3 3 9 6 0
3 3 9 7 0
3 3 9 8 0
3 3 9 9 0
3 3 9 10 0
3 3 9 11 0
3 3 9 12 0
3 3 9 13 0
3 3 9 14 0
3 3 9 15 0
3 3 10 0 0
3 3 10 1 0
3 3 10 2 0
3 3 10 3 0
3 3 10 4 0
3 3 10 5 0
3 3 10 6 0
3 3 10 7 0
3 3 10 8 0
3 3 10 9 0
3 3 10 10 0
3 3 10 11 0
3 3 10 12 0
3 3 10 13 0
3 3 10 14 0
3 3 10 15 0
3 3 11 0 0
3 3 11 1 0
3 3 11 2 0
3 3 11 3 0
3 3 11 4 0
3 3 11 5 0
3 3 11 6 0
3 3 11 7 0
3 3 11 8 0
3 3 11 9 0
3 3 11 10 0
3 3 11 11 0
3 3 11 12 0
3 3 11 13 0
3 3 11 14 0
3 3 11 15 0
3 3 12 0 0
3 3 12 1 0
3 3 12 2 0
3 3 12 3 0
3 3 12 4 0
3 3 12 5 0
3 3 12 6 0
3 3 12 7 0
3 3 12 8 0
3 3 12 9 0
3 3 12 10 0
3 3 12 11 0
3 3 12 12 0
3 3 12 13 0
3 3 12 14 0
3 3 12 15 0
3 3 13 0 0
3 3 13 1 0
3 3 13 2 0
3 3 13 3 0
3 3 13 4 0
3 3 13 5 0
3 3 13 6 1.157024483446287e-20
3 3 13 7 0
3 3 13 8 0
3 3 13 9 0
3 3 13 10 0
3 3 13 11 0
3 3 13 12 0
3 3 13 13 0
3 3 13 14 0
3 3 13 15 0
3 3 14 0 0
3 3 14 1 0
3 3 14 2 0
3 3 14 3 0
3 3 14 4 0
3 3 14 5 0
3 3 14 6 0
3 3 14 7 0
3 3 14 8 0
3 3 14 9 0
3 3 14 10 0
3 3 14 11 0
3 3 14 12 0
3 3 14 13 0
3 3 14 14 0
3 3 14 15 0
3 3 15 0 0
3 3 15 1 0
3 3 15 2 0
3 3 15 3 0
3 3 15 4 0
3 3 15 5 0
3 3 15 6 0
3 3 15 7 0
3 3 15 8 0
3 3 15 9 0
3 3 15 10 0
3 3 15 11 0
3 3 15 12 0
3 3 15 13 0
3 3 15 14 0
3 3 15 15 0
3 4 0 0 0
3 4 0 1 0
3 4 0 2 0
3 4 0 3 0
3 4 0 4 0
3 4 0 5 0
3 4 0 6 0
3 4 0 7 0
3 4 0 8 0
3 4 0 9 0
3 4 0 10 0
3 4 0 11 0
3 4 0 12 0
3 4 0 13 0
3 4 0 14 0
3 4 0 15 0
3 4 1 0 0
3 4 1 1 0
3 4 1 2 0
3 4 1 3 0
3 4 1 4 0
3 4 1 5 0
3 4 1 6 0
3 4 1 7 0
3 4 1 8 0
3 4 1 9 0
3 4 1 10 0
3 4 1 11 0
3 4 1 12 0
3 4 1 13 0
3 4 1 14 0
3 4 1 15 0
3 4 2 0 0
3 4 2 1 0
3 4 2 2 0
3 4 2 3 0
3 4 2 4 0
3 4 2 5 0
3 4 2 6 0
3 4 2 7 0
3 4 2 8 0
3 4 2 9 0
3 4 2 10 0
3 4 2 11 0
3 4 2 12 0
3 4 2 13 0
3 4 2 14 0
3 4 2 15 0
3 4 3 0 0
3 4 3 1 0
3 4 3 2 0
3 4 3 3 0
3 4 3 4 1.031352667044288
3 4 3 5 0
3 4 3 6 0
3 4 3 7 0
3 4 3 8 0
3 4 3 9 0.05254392090253765
3 4 3 10 0
3 4 3 11 0
3 4 3 12 0
3 4 3 13 0
3 4 3 14 0
3 4 3 15 0
3 4 4 0 0
3 4 4 1 0
3 4 4 2 0
3 4 4 3 -0.9404434397604171
3 4 4 4 0
3 4 4 5 0
3 4 4 6 0
3 4 4 7 0
3 4 4 8 -0.05347125436851321
3 4 4 9 0
3 4 4 10 0
3 4 4 11 0
3 4 4 12 0
3 4 4 13 0
3 4 4 14 0
3 4 4 15 0
3 4 5 0 0
3 4 5 1 0
3 4 5 2 0
3 4 5 3 0
3 4 5 4 0
3 4 5 5 0
3 4 5 6 -0.02594986512129448
3 4 5 7 0
3 4 5 8 0
3 4 5 9 0
3 4 5 10 0
3 4 5 11 0
3 4 5 12 0
3 4 5 13 -3.701581946283298e-21
3 4 5 14 0
3 4 5 15 0
3 4 6 0 0
3 4 6 1 0
3 4 6 2 0
3 4 6 3 0
3 4 6 4 0
3 4 6 5 0
3 4 6 6 0
3 4 6 7 0
3 4 6 8 0
3 4 6 9 0
3 4 6 10 0
3 4 6 11 0
3 4 6 12 7.863537563272805e-21
3 4 6 13 0
3 4 6 14 0
3 4 6 15 0
3 4 7 0 0
3 4 7 1 0
3 4 7 2 0
3 4 7 3 0
3 4 7 4 0
3 4 7 5 0
3 4 7 6 0
3 4 7 7 0
3 4 7 8 0
3 4 7 9 0
3 4 7 10 0
3 4 7 11 0
3 4 7 12 0
3 4 7 13 0
3 4 7 14 0
3 4 7 15 0
3 4 8 0 0
3 4 8 1 0
3 4 8 2 0
3 4 8 3 0
3 4 8 4 0.05347125436851321
3 4 8 5 0
3 4 8 6 0
3 4 8 7 0
3 4 8 8 0
3 4 8 9 0
3 4 8 10 0
3 4 8 11 0
3 4 8 12 0
3 4 8 13 0
3 4 8 14 0
3 4 8 15 0
3 4 9 0 0
3 4 9 1 0
3 4 9 2 0
3 4 9 3 -0.05254392090253765
3 4 9 4 0
3 4 9 5 0
3 4 9 6 0
3 4 9 7 0
3 4 9 8 0
3 4 9 9 0
3 4 9 10 0
3 4 9 11 0
3 4 9 12 0
3 4 9 13 0
3 4 9 14 0
3 4 9 15 0
3 4 10 0 0
3 4 10 1 0
3 4 10 2 0
3 4 10 3 0
3 4 10 4 0
3 4 10 5 0
3 4 10 6 0
3 4 10 7 0
3 4 10 8 0
3 4 10 9 0
3 4 10 10 0
3 4 10 11 0
3 4 10 12 0
3 4 10 13 0
3 4 10 14 0
3 4 10 15 0
3 4 11 0 0
3 4 11 1 0
3 4 11 2 0
3 4 11 3 0
3 4 11 4 0
3 4 11 5 0
3 4 11 6 0
3 4 11 7 0
3 4 11 8 0
3 4 11 9 0
3 4 11 10 0
3 4 11 11 0
3 4 11 12 0
3 4 11 13 0
3 4 11 14 0
3 4 11 15 0
3 4 12 0 0
3 4 12 1 0
3 4 12 2 0
3 4 12 3 0
3 4 12 4 0
3 4 12 5 0
3 4 12 6 -1.9263081605928e-21
3 4 12 7 0
3 4 12 8 0
3 4 12 9 0
3 4 12 10 0
3 4 12 11 0
3 4 12 12 0
3 4 12 13 0
3 4 12 14 0
3 4 12 15 0
3 4 13 0 0
3 4 13 1 0
3 4 13 2 0
3 4 13 3 0
3 4 13 4 0
3 4 13 5 9.421274156971794e-21
3 4 13 6 0
3 4 13 7 0
3 4 13 8 0
3 4 13 9 0
3 4 13 10 0
3 4 13 11 0
3 4 13 12 0
3 4 13 13 0
3 4 13 14 0
3 4 13 15 0
3 4 14 0 0
3 4 14 1 0
3 4 14 2 0
3 4 14 3 0
3 4 14 4 0
3 4 14 5 0
3 4 14 6 0
3 4 14 7 0
3 4 14 8 0
3 4 14 9 0
3 4 14 10 0
3 4 14 11 0
3 4 14 12 0
3 4 14 13 0
3 4 14 14 0
3 4 14 15 0
3 4 15 0 0
3 4 15 1 0
3 4 15 2 0
3 4 15 3 0
3 4 15 4 0
3 4 15 5 0
3 4 15 6 0
3 4 15 7 0
3 4 15 8 0
3 4 15 9 0
3 4 15 10 0
3 4 15 11 0
3 4 15 12 0
3 4 15 13 0
3 4 15 14 0
3 4 15 15 0
3 5 0 0 0
3 5 0 1 0
3 5 0 2 0
3 5 0 3 0
3 5 0 4 0
3 5 0 5 0
3 5 0 6 0
3 5 0 7 0
3 5 0 8 0
3 5 0 9 0
3 5 0 10 0
3 5 0 11 0
3 5 0 12 0
3 5 0 13 0
3 5 0 14 0
3 5 0 15 0
3 5 1 0 0
3 5 1 1 0
3 5 1 2 0
3 5 1 3 0
3 5 1 4 0
3 5 1 5 0
3 5 1 6 0
3 5 1 7 0
3 5 1 8 0
3 5 1 9 0
3 5 1 10 0
3 5 1 11 0
3 5 1 12 0
3 5 1 13 0
3 5 1 14 0
3 5 1 15 0
3 5 2 0 0
3 5 2 1 0
3 5 2 2 0
3 5 2 3 0
3 5 2 4 0
3 5 2 5 0
3 5 2 6 0
3 5 2 7 0
3 5 2 8 0
3 5 2 9 0
3 5 2 10 0
3 5 2 11 0
3 5 2 12 0
3 5 2 13 0
3 5 2 14 0
3 5 2 15 0
3 5 3 0 0
3 5 3 1 0
3 5 3 2 0
3 5 3 3 0
3 5 3 4 0
3 5 3 5 1.00566556779943
3 5 3 6 0
3 5 3 7 0
3 5 3 8 0
3 5 3 9 0
3 5 3 10 0
3 5 3 11 0
3 5 3 12 0.04901920356137761
3 5 3 13 0
3 5 3 14 0
3 5 3 15 0
3 5 4 0 0
3 5 4 1 0
3 5 4 2 0
3 5 4 3 0
3 5 4 4 0
3 5 4 5 0
3 5 4 6 -0.03192435818988123
3 5 4 7 0
3 5 4 8 0
3 5 4 9 0
3 5 4 10 0
3 5 4 11 0
3 5 4 12 0
3 5 4 13 -4.947321361005056e-20
3 5 4 14 0
3 5 4 15 0
3 5 5 0 0
3 5 5 1 0
3 5 5 2 0
3 5 5 3 -0.9278144098381887
3 5 5 4 0
3 5 5 5 0
3 5 5 6 0
3 5 5 7 0
3 5 5 8 -0.05347125436851322
3 5 5 9 0
3 5 5 10 0
3 5 5 11 0
3 5 5 12 0
3 5 5 13 0
3 5 5 14 0
3 5 5 15 0
3 5 6 0 0
3 5 6 1 0
3 5 6 2 0
3 5 6 3 0
3 5 6 4 -3.469446951953614e-18
3 5 6 5 0
3 5 6 6 0
3 5 6 7 0
3 5 6 8 0
3 5 6 9 8.903054792833342e-21
3 5 6 10 0
3 5 6 11 0
3 5 6 12 0
3 5 6 13 0
3 5 6 14 0
3 5 6 15 0
3 5 7 0 0
3 5 7 1 0
3 5 7 2 0
3 5 7 3 0
3 5 7 4 0
3 5 7 5 0
3 5 7 6 0
3 5 7 7 0
3 5 7 8 0
3 5 7 9 0
3 5 7 10 0
3 5 7 11 0
3 5 7 12 0
3 5 7 13 0
3 5 7 14 0
3 5 7 15 0
3 5 8 0 0
3 5 8 1 0
3 5 8 2 0
3 5 8 3 0
3 5 8 4 0
3 5 8 5 0.05347125436851322
3 5 8 6 0
3 5 8 7 0
3 5 8 8 0
3 5 8 9 0
3 5 8 10 0
3 5 8 11 0
3 5 8 12 0
3 5 8 13 0
3 5 8 14 0
3 5 8 15 0
3 5 9 0 0
3 5 9 1 0
3 5 9 2 0
3 5 9 3 0
3 5 9 4 0
3 5 9 5 0
3 5 9 6 7.400245980644072e-20
3 5 9 7 0
3 5 9 8 0
3 5 9 9 0
3 5 9 10 0
3 5 9 11 0
3 5 9 12 0
3 5 9 13 0
3 5 9 14 0
3 5 9 15 0
3 5 10 0 0
3 5 10 1 0
3 5 10 2 0
3 5 10 3 0
3 5 10 4 0
3 5 10 5 0
3 5 10 6 0
3 5 10 7 0
3 5 10 8 0
3 5 10 9 0
3 5 10 10 0
3 5 10 11 0
3 5 10 12 0
3 5 10 13 0
3 5 10 14 0
3 5 10 15 0
3 5 11 0 0
3 5 11 1 0
3 5 11 2 0
3 5 11 3 0
3 5 11 4 0
3 5 11 5 0
3 5 11 6 0
3 5 11 7 0
3 5 11 8 0
3 5 11 9 0
3 5 11 10 0
3 5 11 11 0
3 5 11 12 0
3 5 11 13 0
3 5 11 14 0
3 5 11 15 0
3 5 12 0 0
3 5 12 1 0
3 5 12 2 0
3 5 12 3 -0.04901920356137762
3 5 12 4 0
3 5 12 5 0
3 5 12 6 0
3 5 12 7 0
3 5 12 8 0
3 5 12 9 0
3 5 12 10 0
3 5 12 11 0
3 5 12 12 0
3 5 12 13 0
3 5 12 14 0
3 5 12 15 0
3 5 13 0 0
3 5 13 1 0
3 5 13 2 0
3 5 13 3 0
3 5 13 4 -1.590537778499054e-20
3 5 13 5 0
3 5 13 6 0
3 5 13 7 0
3 5 13 8 0
3 5 13 9 0
3 5 13 10 0
3 5 13 11 0
3 5 13 12 0
3 5 13 13 0
3 5 13 14 0
3 5 13 15 0
3 5 14 0 0
3 5 14 1 0
3 5 14 2 0
3 5 14 3 0
3 5 14 4 0
3 5 14 5 0
3 5 14 6 0
3 5 14 7 0
3 5 14 8 0
3 5 14 9 0
3 5 14 10 0
3 5 14 11 0
3 5 14 12 0
3 5 14 13 0
3 5 14 14 0
3 5 14 15 0
3 5 15 0 0
3 5 15 1 0
3 5 15 2 0
3 5 15 3 0
3 5 15 4 0
3 5 15 5 0
3 5 15 6 0
3 5 15 7 0
3 5 15 8 0
3 5 15 9 0
3 5 15 10 0
3 5 15 11 0
3 5 15 12 0
3 5 15 13 0
3 5 15 14 0
3 5 15 15 0
3 6 0 0 0
3 6 0 1 0
3 6 0 2 0
3 6 0 3 0
3 6 0 4 0
3 6 0 5 0
3 6 0 6 0
3 6 0 7 0
3 6 0 8 0
3 6 0 9 0
3 6 0 10 0
3 6 0 11 0
3 6 0 12 0
3 6 0 13 0
3 6 0 14 0
3 6 0 15 0
3 6 1 0 0
3 6 1 1 0
3 6 1 2 0
3 6 1 3 0
3 6 1 4 0
3 6 1 5 0
3 6 1 6 0
3 6 1 7 0
3 6 1 8 0
3 6 1 9 0
3 6 1 10 0
3 6 1 11 0
3 6 1 12 0
3 6 1 13 0
3 6 1 14 0
3 6 1 15 0
3 6 2 0 0
3 6 2 1 0
3 6 2 2 0
3 6 2 3 0
3 6 2 4 0
3 6 2 5 0
3 6 2 6 0
3 6 2 7 0
3 6 2 8 0
3 6 2 9 0
3 6 2 10 0
3 6 2 11 0
3 6 2 12 0
3 6 2 13 0
3 6 2 14 0
3 6 2 15 0
3 6 3 0 0
3 6 3 1 0
3 6 3 2 0
3 6 3 3 0
3 6 3 4 0
3 6 3 5 0
3 6 3 6 0.863116237359385
3 6 3 7 0
3 6 3 8 0
3 6 3 9 0
3 6 3 10 0
3 6 3 11 0
3 6 3 12 0
3 6 3 13 0.04963048162576172
3 6 3 14 0
3 6 3 15 0
3 6 4 0 0
3 6 4 1 0
3 6 4 2 0
3 6 4 3 0
3 6 4 4 0
3 6 4 5 0
3 6 4 6 0
3 6 4 7 0
3 6 4 8 0
3 6 4 9 0
3 6 4 10 0
3 6 4 11 0
3 6 4 12 0
3 6 4 13 0
3 6 4 14 0
3 6 4 15 0
3 6 5 0 0
3 6 5 1 0
3 6 5 2 0
3 6 5 3 0
3 6 5 4 0
3 6 5 5 0
3 6 5 6 0
3 6 5 7 0
3 6 5 8 0
3 6 5 9 0
3 6 5 10 0
3 6 5 11 0
3 6 5 12 0
3 6 5 13 0
3 6 5 14 0
3 6 5 15 0
3 6 6 0 0
3 6 6 1 0
3 6 6 2 0
3 6 6 3 -0.8630788154432294
3 6 6 4 0
3 6 6 5 0
3 6 6 6 0
3 6 6 7 0
3 6 6 8 -0.05347125436851322
3 6 6 9 0
3 6 6 10 0
3 6 6 11 0
3 6 6 12 0
3 6 6 13 0
3 6 6 14 0
3 6 6 15 0
3 6 7 0 0
3 6 7 1 0
3 6 7 2 0
3 6 7 3 0
3 6 7 4 0
3 6 7 5 0
3 6 7 6 0
3 6 7 7 0
3 6 7 8 0
3 6 7 9 0
3 6 7 10 0
3 6 7 11 0
3 6 7 12 0
3 6 7 13 0
3 6 7 14 0
3 6 7 15 0
3 6 8 0 0
3 6 8 1 0
3 6 8 2 0
3 6 8 3 0
3 6 8 4 0
3 6 8 5 0
3 6 8 6 0.05347125436851322
3 6 8 7 0
3 6 8 8 0
3 6 8 9 0
3 6 8 10 0
3 6 8 11 0
3 6 8 12 0
3 6 8 13 0
3 6 8 14 0
3 6 8 15 0
3 6 9 0 0
3 6 9 1 0
3 6 9 2 0
3 6 9 3 0
3 6 9 4 0
3 6 9 5 0
3 6 9 6 0
3 6 9 7 0
3 6 9 8 0
3 6 9 9 0
3 6 9 10 0
3 6 9 11 0
3 6 9 12 0
3 6 9 13 0
3 6 9 14 0
3 6 9 15 0
3 6 10 0 0
3 6 10 1 0
3 6 10 2 0
3 6 10 3 0
3 6 10 4 0
3 6 10 5 0
3 6 10 6 0
3 6 10 7 0
3 6 10 8 0
3 6 10 9 0
3 6 10 10 0
3 6 10 11 0
3 6 10 12 0
3 6 10 13 0
3 6 10 14 0
3 6 10 15 0
3 6 11 0 0
3 6 11 1 0
3 6 11 2 0
3 6 11 3 0
3 6 11 4 0
3 6 11 5 0
3 6 11 6 0
3 6 11 7 0
3 6 11 8 0
3 6 11 9 0
3 6 11 10 0
3 6 11 11 0
3 6 11 12 0
3 6 11 13 0
3 6 11 14 0
3 6 11 15 0
3 6 12 0 0
3 6 12 1 0
3 6 12 2 0
3 6 12 3 0
3 6 12 4 0
3 6 12 5 0
3 6 12 6 0
3 6 12 7 0
3 6 12 8 0
3 6 12 9 0
3 6 12 10 0
3 6 12 11 0
3 6 12 12 0
3 6 12 13 0
3 6 12 14 0
3 6 12 15 0
3 6 13 0 0
3 6 13 1 0
3 6 13 2 0
3 6 13 3 -0.04963048162576172
3 6 13 4 0
3 6 13 5 0
3 6 13 6 0
3 6 13 7 0
3 6 13 8 0
3 6 13 9 0
3 6 13 10 0
3 6 13 11 0
3 6 13 12 0
3 6 13 13 0
3 6 13 14 0
3 6 13 15 0
3 6 14 0 0
3 6 14 1 0
3 6 14 2 0
3 6 14 3 0
3 6 14 4 0
3 6 14 5 0
3 6 14 6 0
3 6 14 7 0
3 6 14 8 0
3 6 14 9 0
3 6 14 10 0
3 6 14 11 0
3 6 14 12 0
3 6 14 13 0
3 6 14 14 0
3 6 14 15 0
3 6 15 0 0
3 6 15 1 0
3 6 15 2 0
3 6 15 3 0
3 6 15 4 0
3 6 15 5 0
3 6 15 6 0
3 6 15 7 0
3 6 15 8 0
3 6 15 9 0
3 6 15 10 0
3 6 15 11 0
3 6 15 12 0
3 6 15 13 0
3 6 15 14 0
3 6 15 15 0
3 7 0 0 0
3 7 0 1 0
3 7 0 2 0
3 7 0 3 0
3 7 0 4 0
3 7 0 5 0
3 7 0 6 0
3 7 0 7 0
3 7 0 8 0
3 7 0 9 0
3 7 0 10 0
3 7 0 11 0
3 7 0 12 0
3 7 0 13 0
3 7 0 14 0
3 7 0 15 0
3 7 1 0 0
3 7 1 1 0
3 7 1 2 0
3 7 1 3 0
3 7 1 4 0
3 7 1 5 0
3 7 1 6 0
3 7 1 7 0
3 7 1 8 0
3 7 1 9 0
3 7 1 10 0
3 7 1 11 0
3 7 1 12 0
3 7 1 13 0
3 7 1 14 0
3 7 1 15 0
3 7 2 0 0
3 7 2 1 0
3 7 2 2 0
3 7 2 3 0
3 7 2 4 0
3 7 2 5 0
3 7 2 6 0.3194897753470177
3 7 2 7 0
3 7 2 8 0
3 7 2 9 0
3 7 2 10 0
3 7 2 11 0
3 7 2 12 0
3 7 2 13 0.016657432082291
3 7 2 14 0
3 7 2 15 0
3 7 3 0 0
3 7 3 1 0
3 7 3 2 0
3 7 3 3 0
3 7 3 4 0
3 7 3 5 0
3 7 3 6 0
3 7 3 7 0.4684215346519061
3 7 3 8 0
3 7 3 9 0
3 7 3 10 0
3 7 3 11 0
3 7 3 12 0
3 7 3 13 0
3 7 3 14 0
3 7 3 15 0
3 7 4 0 0
3 7 4 1 0
3 7 4 2 0
3 7 4 3 0
3 7 4 4 0
3 7 4 5 0
3 7 4 6 0
3 7 4 7 0
3 7 4 8 0
3 7 4 9 0
3 7 4 10 0
3 7 4 11 0
3 7 4 12 0
3 7 4 13 0
3 7 4 14 0
3 7 4 15 0
3 7 5 0 0
3 7 5 1 0
3 7 5 2 0
3 7 5 3 0
3 7 5 4 0
3 7 5 5 0
3 7 5 6 0
3 7 5 7 0
3 7 5 8 0
3 7 5 9 0
3 7 5 10 0
3 7 5 11 0
3 7 5 12 0
3 7 5 13 0
3 7 5 14 0
3 7 5 15 0
3 7 6 0 0
3 7 6 1 0
3 7 6 2 0
3 7 6 3 0
3 7 6 4 0
3 7 6 5 0
3 7 6 6 0
3 7 6 7 0
3 7 6 8 0
3 7 6 9 0
3 7 6 10 0
3 7 6 11 -0.000346211978179735
3 7 6 12 0
3 7 6 13 0
3 7 6 14 0.001402561764028825
3 7 6 15 0
3 7 7 0 0
3 7 7 1 0
3 7 7 2 0
3 7 7 3 -0.2407621520532733
3 7 7 4 0
3 7 7 5 0
3 7 7 6 0
3 7 7 7 0
3 7 7 8 0
3 7 7 9 0
3 7 7 10 0
3 7 7 11 0
3 7 7 12 0
3 7 7 13 0
3 7 7 14 0
3 7 7 15 0
3 7 8 0 0
3 7 8 1 0
3 7 8 2 0
3 7 8 3 0
3 7 8 4 0
3 7 8 5 0
3 7 8 6 0
3 7 8 7 0
3 7 8 8 0
3 7 8 9 0
3 7 8 10 0
3 7 8 11 0
3 7 8 12 0
3 7 8 13 0
3 7 8 14 0
3 7 8 15 0
3 7 9 0 0
3 7 9 1 0
3 7 9 2 0
3 7 9 3 0
3 7 9 4 0
3 7 9 5 0
3 7 9 6 0
3 7 9 7 0
3 7 9 8 0
3 7 9 9 0
3 7 9 10 0
3 7 9 11 0
3 7 9 12 0
3 7 9 13 0
3 7 9 14 0
3 7 9 15 0
3 7 10 0 0
3 7 10 1 0
3 7 10 2 0
3 7 10 3 0
3 7 10 4 0
3 7 10 5 0
3 7 10 6 0
3 7 10 7 0
3 7 10 8 0
3 7 10 9 0
3 7 10 10 0
3 7 10 11 0
3 7 10 12 0
3 7 10 13 0
3 7 10 14 0
3 7 10 15 0
3 7 11 0 0
3 7 11 1 0
3 7 11 2 0
3 7 11 3 0
3 7 11 4 0
3 7 11 5 0
3 7 11 6 -0.005978898122593405
3 7 11 7 0
3 7 11 8 0
3 7 11 9 0
3 7 11 10 0
3 7 11 11 0
3 7 11 12 0
3 7 11 13 0
3 7 11 14 0
3 7 11 15 0
3 7 12 0 0
3 7 12 1 0
3 7 12 2 0
3 7 12 3 0
3 7 12 4 0
3 7 12 5 0
3 7 12 6 0
3 7 12 7 0
3 7 12 8 0
3 7 12 9 0
3 7 12 10 0
3 7 12 11 0
3 7 12 12 0
3 7 12 13 0
3 7 12 14 0
3 7 12 15 0
3 7 13 0 0
3 7 13 1 0
3 7 13 2 0
3 7 13 3 0
3 7 13 4 0
3 7 13 5 0
3 7 13 6 0
3 7 13 7 0
3 7 13 8 0
3 7 13 9 0
3 7 13 10 0
3 7 13 11 0
3 7 13 12 0
3 7 13 13 0
3 7 13 14 0
3 7 13 15 0
3 7 14 0 0
3 7 14 1 0
3 7 14 2 0
3 7 14 3 0
3 7 14 4 0
3 7 14 5 0
3 7 14 6 0.002933941498605056
3 7 14 7 0
3 7 14 8 0
3 7 14 9 0
3 7 14 10 0
3 7 14 11 0
3 7 14 12 0
3 7 14 13 0
3 7 14 14 0
3 7 14 15 0
3 7 15 0 0
3 7 15 1 0
3 7 15 2 0
3 7 15 3 0
3 7 15 4 0
3 7 15 5 0
3 7 15 6 0
3 7 15 7 0
3 7 15 8 0
3 7 15 9 0
3 7 15 10 0
3 7 15 11 0
3 7 15 12 0
3 7 15 13 0
3 7 15 14 0
3 7 15 15 0
3 8 0 0 0
3 8 0 1 0
3 8 0 2 0
3 8 0 3 0
3 8 0 4 0
3 8 0 5 0
3 8 0 6 0
3 8 0 7 0
3 8 0 8 0
3 8 0 9 0
3 8 0 10 0
3 8 0 11 0
3 8 0 12 0
3 8 0 13 0
3 8 0 14 0
3 8 0 15 0
3 8 1 0 0
3 8 1 1 0
3 8 1 2 0
3 8 1 3 0
3 8 1 4 0
3 8 1 5 0
3 8 1 6 0
3 8 1 7 0
3 8 1 8 0
3 8 1 9 0
3 8 1 10 0
3 8 1 11 0
3 8 1 12 0
3 8 1 13 0
3 8 1 14 0
3 8 1 15 0
3 8 2 0 0
3 8 2 1 0
3 8 2 2 0
3 8 2 3 0
3 8 2 4 0
3 8 2 5 0
3 8 2 6 0
3 8 2 7 0
3 8 2 8 0
3 8 2 9 0
3 8 2 10 0
3 8 2 11 0
3 8 2 12 0
3 8 2 13 0
3 8 2 14 0
3 8 2 15 0
3 8 3 0 0
3 8 3 1 0
3 8 3 2 0
3 8 3 3 1.828742961457549e-20
3 8 3 4 0
3 8 3 5 0
3 8 3 6 0
3 8 3 7 0
3 8 3 8 2.897047562600509e-20
3 8 3 9 0
3 8 3 10 0
3 8 3 11 0
3 8 3 12 0
3 8 3 13 0
3 8 3 14 0
3 8 3 15 0
3 8 4 0 0
3 8 4 1 0
3 8 4 2 0
3 8 4 3 0
3 8 4 4 0
3 8 4 5 0
3 8 4 6 0
3 8 4 7 0
3 8 4 8 0
3 8 4 9 0
3 8 4 10 0
3 8 4 11 0
3 8 4 12 0
3 8 4 13 0
3 8 4 14 0
3 8 4 15 0
3 8 5 0 0
3 8 5 1 0
3 8 5 2 0
3 8 5 3 0
3 8 5 4 0
3 8 5 5 0
3 8 5 6 0
3 8 5 7 0
3 8 5 8 0
3 8 5 9 0
3 8 5 10 0
3 8 5 11 0
3 8 5 12 0
3 8 5 13 0
3 8 5 14 0
3 8 5 15 0
3 8 6 0 0
3 8 6 1 0
3 8 6 2 0
3 8 6 3 0
3 8 6 4 0
3 8 6 5 0
3 8 6 6 -5.369673908319772e-20
3 8 6 7 0
3 8 6 8 0
3 8 6 9 0
3 8 6 10 0
3 8 6 11 0
3 8 6 12 0
3 8 6 13 1.751280242075469e-20
3 8 6 14 0
3 8 6 15 0
3 8 7 0 0
3 8 7 1 0
3 8 7 2 0
3 8 7 3 0
3 8 7 4 0
3 8 7 5 0
3 8 7 6 0
3 8 7 7 0
3 8 7 8 0
3 8 7 9 0
3 8 7 10 0
3 8 7 11 0
3 8 7 12 0
3 8 7 13 0
3 8 7 14 0
3 8 7 15 0
3 8 8 0 0
3 8 8 1 0
3 8 8 2 0
3 8 8 3 2.745587936951262e-20
3 8 8 4 0
3 8 8 5 0
3 8 8 6 0
3 8 8 7 0
3 8 8 8 0
3 8 8 9 0
3 8 8 10 0
3 8 8 11 0
3 8 8 12 0
3 8 8 13 0
3 8 8 14 0
3 8 8 15 0
3 8 9 0 0
3 8 9 1 0
3 8 9 2 0
3 8 9 3 0
3 8 9 4 0
3 8 9 5 0
3 8 9 6 0
3 8 9 7 0
3 8 9 8 0
3 8 9 9 0
3 8 9 10 0
3 8 9 11 0
3 8 9 12 0
3 8 9 13 0
3 8 9 14 0
3 8 9 15 0
3 8 10 0 0
3 8 10 1 0
3 8 10 2 0
3 8 10 3 0
3 8 10 4 0
3 8 10 5 0
3 8 10 6 0
3 8 10 7 0
3 8 10 8 0
3 8 10 9 0
3 8 10 10 0
3 8 10 11 0
3 8 10 12 0
3 8 10 13 0
3 8 10 14 0
3 8 10 15 0
3 8 11 0 0
3 8 11 1 0
3 8 11 2 0
3 8 11 3 0
3 8 11 4 0
3 8 11 5 0
3 8 11 6 0
3 8 11 7 0
3 8 11 8 0
3 8 11 9 0
3 8 11 10 0
3 8 11 11 0
3 8 11 12 0
3 8 11 13 0
3 8 11 14 0
3 8 11 15 0
3 8 12 0 0
3 8 12 1 0
3 8 12 2 0
3 8 12 3 0
3 8 12 4 0
3 8 12 5 0
3 8 12 6 0
3 8 12 7 0
3 8 12 8 0
3 8 12 9 0
3 8 12 10 0
3 8 12 11 0
3 8 12 12 0
3 8 12 13 0
3 8 12 14 0
3 8 12 15 0
3 8 13 0 0
3 8 13 1 0
3 8 13 2 0
3 8 13 3 0
3 8 13 4 0
3 8 13 5 0
3 8 13 6 1.612171952846959e-20
3 8 13 7 0
3 8 13 8 0
3 8 13 9 0
3 8 13 10 0
3 8 13 11 0
3 8 13 12 0
3 8 13 13 0
3 8 13 14 0
3 8 13 15 0
3 8 14 0 0
3 8 14 1 0
3 8 14 2 0
3 8 14 3 0
3 8 14 4 0
3 8 14 5 0
3 8 14 6 0
3 8 14 7 0
3 8 14 8 0
3 8 14 9 0
3 8 14 10 0
3 8 14 11 0
3 8 14 12 0
3 8 14 13 0
3 8 14 14 0
3 8 14 15 0
3 8 15 0 0
3 8 15 1 0
3 8 15 2 0
3 8 15 3 0
3 8 15 4 0
3 8 15 5 0
3 8 15 6 0
3 8 15 7 0
3 8 15 8 0
3 8 15 9 0
3 8 15 10 0
3 8 15 11 0
3 8 15 12 0
3 8 15 13 0
3 8 15 14 0
3 8 15 15 0
3 9 0 0 0
3 9 0 1 0
3 9 0 2 0
3 9 0 3 0
3 9 0 4 0
3 9 0 5 0
3 9 0 6 0
3 9 0 7 0
3 9 0 8 0
3 9 0 9 0
3 9 0 10 0
3 9 0 11 0
3 9 0 12 0
3 9 0 13 0
3 9 0 14 0
3 9 0 15 0
3 9 1 0 0
3 9 1 1 0
3 9 1 2 0
3 9 1 3 0
3 9 1 4 0
3 9 1 5 0
3 9 1 6 0
3 9 1 7 0
3 9 1 8 0
3 9 1 9 0
3 9 1 10 0
3 9 1 11 0
3 9 1 12 0
3 9 1 13 0
3 9 1 14 0
3 9 1 15 0
3 9 2 0 0
3 9 2 1 0
3 9 2 2 0
3 9 2 3 0
3 9 2 4 0
3 9 2 5 0
3 9 2 6 0
3 9 2 7 0
3 9 2 8 0
3 9 2 9 0
3 9 2 10 0
3 9 2 11 0
3 9 2 12 0
3 9 2 13 0
3 9 2 14 0
3 9 2 15 0
3 9 3 0 0
3 9 3 1 0
3 9 3 2 0
3 9 3 3 0
3 9 3 4 0.05254392090253765
3 9 3 5 0
3 9 3 6 0
3 9 3 7 0
3 9 3 8 0
3 9 3 9 0.003998368592367713
3 9 3 10 0
3 9 3 11 0
3 9 3 12 0
3 9 3 13 0
3 9 3 14 0
3 9 3 15 0
3 9 4 0 0
3 9 4 1 0
3 9 4 2 0
3 9 4 3 -0.05254392090253765
3 9 4 4 0
3 9 4 5 0
3 9 4 6 0
3 9 4 7 0
3 9 4 8 -0.004068934719548928
3 9 4 9 0
3 9 4 10 0
3 9 4 11 0
3 9 4 12 0
3 9 4 13 0
3 9 4 14 0
3 9 4 15 0
3 9 5 0 0
3 9 5 1 0
3 9 5 2 0
3 9 5 3 0
3 9 5 4 0
3 9 5 5 0
3 9 5 6 8.045543147428614e-20
3 9 5 7 0
3 9 5 8 0
3 9 5 9 0
3 9 5 10 0
3 9 5 11 0
3 9 5 12 0
3 9 5 13 -4.475344381944516e-21
3 9 5 14 0
3 9 5 15 0
3 9 6 0 0
3 9 6 1 0
3 9 6 2 0
3 9 6 3 0
3 9 6 4 0
3 9 6 5 -9.201647606919378e-21
3 9 6 6 0
3 9 6 7 0
3 9 6 8 0
3 9 6 9 0
3 9 6 10 0
3 9 6 11 0
3 9 6 12 1.015023514971982e-20
3 9 6 13 0
3 9 6 14 0
3 9 6 15 0
3 9 7 0 0
3 9 7 1 0
3 9 7 2 0
3 9 7 3 0
3 9 7 4 0
3 9 7 5 0
3 9 7 6 0
3 9 7 7 0
3 9 7 8 0
3 9 7 9 0
3 9 7 10 0
3 9 7 11 0
3 9 7 12 0
3 9 7 13 0
3 9 7 14 0
3 9 7 15 0
3 9 8 0 0
3 9 8 1 0
3 9 8 2 0
3 9 8 3 0
3 9 8 4 0.004068934719548929
3 9 8 5 0
3 9 8 6 0
3 9 8 7 0
3 9 8 8 0
3 9 8 9 0
3 9 8 10 0
3 9 8 11 0
3 9 8 12 0
3 9 8 13 0
3 9 8 14 0
3 9 8 15 0
3 9 9 0 0
3 9 9 1 0
3 9 9 2 0
3 9 9 3 -0.003998368592367713
3 9 9 4 0
3 9 9 5 0
3 9 9 6 0
3 9 9 7 0
3 9 9 8 0
3 9 9 9 0
3 9 9 10 0
3 9 9 11 0
3 9 9 12 0
3 9 9 13 0
3 9 9 14 0
3 9 9 15 0
3 9 10 0 0
3 9 10 1 0
3 9 10 2 0
3 9 10 3 0
3 9 10 4 0
3 9 10 5 0
3 9 10 6 0
3 9 10 7 0
3 9 10 8 0
3 9 10 9 0
3 9 10 10 0
3 9 10 11 0
3 9 10 12 0
3 9 10 13 0
3 9 10 14 0
3 9 10 15 0
3 9 11 0 0
3 9 11 1 0
3 9 11 2 0
3 9 11 3 0
3 9 11 4 0
3 9 11 5 0
3 9 11 6 0
3 9 11 7 0
3 9 11 8 0
3 9 11 9 0
3 9 11 10 0
3 9 11 11 0
3 9 11 12 0
3 9 11 13 0
3 9 11 14 0
3 9 11 15 0
3 9 12 0 0
3 9 12 1 0
3 9 12 2 0
3 9 12 3 0
3 9 12 4 0
3 9 12 5 0
3 9 12 6 -2.210764183360493e-21
3 9 12 7 0
3 9 12 8 0
3 9 12 9 0
3 9 12 10 0
3 9 12 11 0
3 9 12 12 0
3 9 12 13 0
3 9 12 14 0
3 9 12 15 0
3 9 13 0 0
3 9 13 1 0
3 9 13 2 0
3 9 13 3 0
3 9 13 4 0
3 9 13 5 1.200788126101897e-20
3 9 13 6 0
3 9 13 7 0
3 9 13 8 0
3 9 13 9 0
3 9 13 10 0
3 9 13 11 0
3 9 13 12 0
3 9 13 13 0
3 9 13 14 0
3 9 13 15 0
3 9 14 0 0
3 9 14 1 0
3 9 14 2 0
3 9 14 3 0
3 9 14 4 0
3 9 14 5 0
3 9 14 6 0
3 9 14 7 0
3 9 14 8 0
3 9 14 9 0
3 9 14 10 0
3 9 14 11 0
3 9 14 12 0
3 9 14 13 0
3 9 14 14 0
3 9 14 15 0
3 9 15 0 0
3 9 15 1 0
3 9 15 2 0
3 9 15 3 0
3 9 15 4 0
3 9 15 5 0
3 9 15 6 0
3 9 15 7 0
3 9 15 8 0
3 9 15 9 0
3 9 15 10 0
3 9 15 11 0
3 9 15 12 0
3 9 15 13 0
3 9 15 14 0
3 9 15 15 0
3 10 0 0 0
3 10 0 1 0
3 10 0 2 0
3 10 0 3 0
3 10 0 4 0
3 10 0 5 0
3 10 0 6 0
3 10 0 7 0
3 10 0 8 0
3 10 0 9 0
3 10 0 10 0
3 10 0 11 0
3 10 0 12 0
3 10 0 13 0
3 10 0 14 0
3 10 0 15 0
3 10 1 0 0
3 10 1 1 0
3 10 1 2 0
3 10 1 3 0
3 10 1 4 0
3 10 1 5 0
3 10 1 6 0
3 10 1 7 0
3 10 1 8 0
3 10 1 9 0
3 10 1 10 0
3 10 1 11 0
3 10 1 12 0
3 10 1 13 0
3 10 1 14 0
3 10 1 15 0
3 10 2 0 0
3 10 2 1 0
3 10 2 2 0
3 10 2 3 0
3 10 2 4 0
3 10 2 5 0
3 10 2 6 0
3 10 2 7 0
3 10 2 8 0
3 10 2 9 0
3 10 2 10 0
3 10 2 11 0
3 10 2 12 0
3 10 2 13 0
3 10 2 14 0
3 10 2 15 0
3 10 3 0 0
3 10 3 1 0
3 10 3 2 0
3 10 3 3 0
3 10 3 4 0
3 10 3 5 0
3 10 3 6 0
3 10 3 7 0
3 10 3 8 0
3 10 3 9 0
3 10 3 10 0
3 10 3 11 0
3 10 3 12 0
3 10 3 13 0
3 10 3 14 0
3 10 3 15 0
3 10 4 0 0
3 10 4 1 0
3 10 4 2 0
3 10 4 3 0
3 10 4 4 0
3 10 4 5 0
3 10 4 6 0
3 10 4 7 0
3 10 4 8 0
3 10 4 9 0
3 10 4 10 0
3 10 4 11 0
3 10 4 12 0
3 10 4 13 0
3 10 4 14 0
3 10 4 15 0
3 10 5 0 0
3 10 5 1 0
3 10 5 2 0
3 10 5 3 0
3 10 5 4 0
3 10 5 5 0
3 10 5 6 0
3 10 5 7 0
3 10 5 8 0
3 10 5 9 0
3 10 5 10 0
3 10 5 11 0
3 10 5 12 0
3 10 5 13 0
3 10 5 14 0
3 10 5 15 0
3 10 6 0 0
3 10 6 1 0
3 10 6 2 0
3 10 6 3 0
3 10 6 4 0
3 10 6 5 0
3 10 6 6 0
3 10 6 7 0
3 10 6 8 0
3 10 6 9 0
3 10 6 10 0
3 10 6 11 0
3 10 6 12 0
3 10 6 13 0
3 10 6 14 0
3 10 6 15 0
3 10 7 0 0
3 10 7 1 0
3 10 7 2 0
3 10 7 3 0
3 10 7 4 0
3 10 7 5 0
3 10 7 6 0
3 10 7 7 0
3 10 7 8 0
3 10 7 9 0
3 10 7 10 0
3 10 7 11 0
3 10 7 12 0
3 10 7 13 0
3 10 7 14 0
3 10 7 15 0
3 10 8 0 0
3 10 8 1 0
3 10 8 2 0
3 10 8 3 0
3 10 8 4 0
3 10 8 5 0
3 10 8 6 0
3 10 8 7 0
3 10 8 8 0
3 10 8 9 0
3 10 8 10 0
3 10 8 11 0
3 10 8 12 0
3 10 8 13 0
3 10 8 14 0
3 10 8 15 0
3 10 9 0 0
3 10 9 1 0
3 10 9 2 0
3 10 9 3 0
3 10 9 4 0
3 10 9 5 0
3 10 9 6 0
3 10 9 7 0
3 10 9 8 0
3 10 9 9 0
3 10 9 10 0
3 10 9 11 0
3 10 9 12 0
3 10 9 13 0
3 10 9 14 0
3 10 9 15 0
3 10 10 0 0
3 10 10 1 0
3 10 10 2 0
3 10 10 3 0
3 10 10 4 0
3 10 10 5 0
3 10 10 6 0
3 10 10 7 0
3 10 10 8 0
3 10 10 9 0
3 10 10 10 0
3 10 10 11 0
3 10 10 12 0
3 10 10 13 0
3 10 10 14 0
3 10 10 15 0
3 10 11 0 0
3 10 11 1 0
3 10 11 2 0
3 10 11 3 0
3 10 11 4 0
3 10 11 5 0
3 10 11 6 0
3 10 11 7 0
3 10 11 8 0
3 10 11 9 0
3 10 11 10 0
3 10 11 11 0
3 10 11 12 0
3 10 11 13 0
3 10 11 14 0
3 10 11 15 0
3 10 12 0 0
3 10 12 1 0
3 10 12 2 0
3 10 12 3 0
3 10 12 4 0
3 10 12 5 0
3 10 12 6 0
3 10 12 7 0
3 10 12 8 0
3 10 12 9 0
3 10 12 10 0
3 10 12 11 0
3 10 12 12 0
3 10 12 13 0
3 10 12 14 0
3 10 12 15 0
3 10 13 0 0
3 10 13 1 0
3 10 13 2 0
3 10 13 3 0
3 10 13 4 0
3 10 13 5 0
3 10 13 6 0
3 10 13 7 0
3 10 13 8 0
3 10 13 9 0
3 10 13 10 0
3 10 13 11 0
3 10 13 12 0
3 10 13 13 0
3 10 13 14 0
3 10 13 15 0
3 10 14 0 0
3 10 14 1 0
3 10 14 2 0
3 10 14 3 0
3 10 14 4 0
3 10 14 5 0
3 10 14 6 0
3 10 14 7 0
3 10 14 8 0
3 10 14 9 0
3 10 14 10 0
3 10 14 11 0
3 10 14 12 0
3 10 14 13 0
3 10 14 14 0
3 10 14 15 0
3 10 15 0 0
3 10 15 1 0
3 10 15 2 0
3 10 15 3 0
3 10 15 4 0
3 10 15 5 0
3 10 15 6 0
3 10 15 7 0
3 10 15 8 0
3 10 15 9 0
3 10 15 10 0
3 10 15 11 0
3 10 15 12 0
3 10 15 13 0
3 10 15 14 0
3 10 15 15 0
3 11 0 0 0
3 11 0 1 0
3 11 0 2 0
3 11 0 3 -0.01098335521439823
3 11 0 4 0
3 11 0 5 0
3 11 0 6 0
3 11 0 7 0
3 11 0 8 -0.0007384671297031292
3 11 0 9 0
3 11 0 10 0
3 11 0 11 0
3 11 0 12 0
3 11 0 13 0
3 11 0 14 0
3 11 0 15 0
3 11 1 0 0
3 11 1 1 0
3 11 1 2 0
3 11 1 3 0
3 11 1 4 0
3 11 1 5 0
3 11 1 6 0
3 11 1 7 0
3 11 1 8 0
3 11 1 9 0
3 11 1 10 0
3 11 1 11 0
3 11 1 12 0
3 11 1 13 0
3 11 1 14 0
3 11 1 15 0
3 11 2 0 0
3 11 2 1 0
3 11 2 2 0
3 11 2 3 0.006773078223228328
3 11 2 4 0
3 11 2 5 0
3 11 2 6 0
3 11 2 7 0
3 11 2 8 0.0005244986035936182
3 11 2 9 0
3 11 2 10 0
3 11 2 11 0
3 11 2 12 0
3 11 2 13 0
3 11 2 14 0
3 11 2 15 0
3 11 3 0 -0.01336439813953341
3 11 3 1 0
3 11 3 2 -0.02458708412460262
3 11 3 3 0
3 11 3 4 0
3 11 3 5 0
3 11 3 6 0
3 11 3 7 0
3 11 3 8 0
3 11 3 9 0
3 11 3 10 0
3 11 3 11 0.001209668881451395
3 11 3 12 0
3 11 3 13 0
3 11 3 14 -0.0005394464571167848
3 11 3 15 0
3 11 4 0 0
3 11 4 1 0
3 11 4 2 0
3 11 4 3 0
3 11 4 4 0
3 11 4 5 0
3 11 4 6 0
3 11 4 7 0
3 11 4 8 0
3 11 4 9 0
3 11 4 10 0
3 11 4 11 0
3 11 4 12 0
3 11 4 13 0
3 11 4 14 0
3 11 4 15 0
3 11 5 0 0
3 11 5 1 0
3 11 5 2 0
3 11 5 3 0
3 11 5 4 0
3 11 5 5 0
3 11 5 6 0
3 11 5 7 0
3 11 5 8 0
3 11 5 9 0
3 11 5 10 0
3 11 5 11 0
3 11 5 12 0
3 11 5 13 0
3 11 5 14 0
3 11 5 15 0
3 11 6 0 0
3 11 6 1 0
3 11 6 2 0
3 11 6 3 0
3 11 6 4 0
3 11 6 5 0
3 11 6 6 0
3 11 6 7 0.0002814200393224601
3 11 6 8 0
3 11 6 9 0
3 11 6 10 0
3 11 6 11 0
3 11 6 12 0
3 11 6 13 0
3 11 6 14 0
3 11 6 15 0
3 11 7 0 0
3 11 7 1 0
3 11 7 2 0
3 11 7 3 0
3 11 7 4 0
3 11 7 5 0
3 11 7 6 -0.005141395576886645
3 11 7 7 0
3 11 7 8 0
3 11 7 9 0
3 11 7 10 0
3 11 7 11 0
3 11 7 12 0
3 11 7 13 0
3 11 7 14 0
3 11 7 15 0
3 11 8 0 -0.0008664076782723926
3 11 8 1 0
3 11 8 2 -0.001903992669915773
3 11 8 3 0
3 11 8 4 0
3 11 8 5 0
3 11 8 6 0
3 11 8 7 0
3 11 8 8 0
3 11 8 9 0
3 11 8 10 0
3 11 8 11 0
3 11 8 12 0
3 11 8 13 0
3 11 8 14 0
3 11 8 15 0
3 11 9 0 0
3 11 9 1 0
3 11 9 2 0
3 11 9 3 0
3 11 9 4 0
3 11 9 5 0
3 11 9 6 0
3 11 9 7 0
3 11 9 8 0
3 11 9 9 0
3 11 9 10 0
3 11 9 11 0
3 11 9 12 0
3 11 9 13 0
3 11 9 14 0
3 11 9 15 0
3 11 10 0 0
3 11 10 1 0
3 11 10 2 0
3 11 10 3 0
3 11 10 4 0
3 11 10 5 0
3 11 10 6 0
3 11 10 7 0
3 11 10 8 0
3 11 10 9 0
3 11 10 10 0
3 11 10 11 0
3 11 10 12 0
3 11 10 13 0
3 11 10 14 0
3 11 10 15 0
3 11 11 0 0
3 11 11 1 0
3 11 11 2 0
3 11 11 3 -4.042331508920943e-05
3 11 11 4 0
3 11 11 5 0
3 11 11 6 0
3 11 11 7 0
3 11 11 8 0
3 11 11 9 0
3 11 11 10 0
3 11 11 11 0
3 11 11 12 0
3 11 11 13 0
3 11 11 14 0
3 11 11 15 0
3 11 12 0 0
3 11 12 1 0
3 11 12 2 0
3 11 12 3 0
3 11 12 4 0
3 11 12 5 0
3 11 12 6 0
3 11 12 7 0
3 11 12 8 0
3 11 12 9 0
3 11 12 10 0
3 11 12 11 0
3 11 12 12 0
3 11 12 13 0
3 11 12 14 0
3 11 12 15 0
3 11 13 0 0
3 11 13 1 0
3 11 13 2 0
3 11 13 3 0
3 11 13 4 0
3 11 13 5 0
3 11 13 6 0
3 11 13 7 0
3 11 13 8 0
3 11 13 9 0
3 11 13 10 0
3 11 13 11 0
3 11 13 12 0
3 11 13 13 0
3 11 13 14 0
3 11 13 15 0
3 11 14 0 0
3 11 14 1 0
3 11 14 2 0
3 11 14 3 0.0003139231907356097
3 11 14 4 0
3 11 14 5 0
3 11 14 6 0
3 11 14 7 0
3 11 14 8 0
3 11 14 9 0
3 11 14 10 0
3 11 14 11 0
3 11 14 12 0
3 11 14 13 0
3 11 14 14 0
3 11 14 15 0
3 11 15 0 0
3 11 15 1 0
3 11 15 2 0
3 11 15 3 0
3 11 15 4 0
3 11 15 5 0
3 11 15 6 0
3 11 15 7 0
3 11 15 8 0
3 11 15 9 0
3 11 15 10 0
3 11 15 11 0
3 11 15 12 0
3 11 15 13 0
3 11 15 14 0
3 11 15 15 0
3 12 0 0 0
3 12 0 1 0
3 12 0 2 0
3 12 0 3 0
3 12 0 4 0
3 12 0 5 0
3 12 0 6 0
3 12 0 7 0
3 12 0 8 0
3 12 0 9 0
3 12 0 10 0
3 12 0 11 0
3 12 0 12 0
3 12 0 13 0
3 12 0 14 0
3 12 0 15 0
3 12 1 0 0
3 12 1 1 0
3 12 1 2 0
3 12 1 3 0
3 12 1 4 0
3 12 1 5 0
3 12 1 6 0
3 12 1 7 0
3 12 1 8 0
3 12 1 9 0
3 12 1 10 0
3 12 1 11 0
3 12 1 12 0
3 12 1 13 0
3 12 1 14 0
3 12 1 15 0
3 12 2 0 0
3 12 2 1 0
3 12 2 2 0
3 12 2 3 0
3 12 2 4 0
3 12 2 5 0
3 12 2 6 0
3 12 2 7 0
3 12 2 8 0
3 12 2 9 0
3 12 2 10 0
3 12 2 11 0
3 12 2 12 0
3 12 2 13 0
3 12 2 14 0
3 12 2 15 0
3 12 3 0 0
3 12 3 1 0
3 12 3 2 0
3 12 3 3 0
3 12 3 4 0
3 12 3 5 0.04901920356137761
3 12 3 6 0
3 12 3 7 0
3 12 3 8 0
3 12 3 9 0
3 12 3 10 0
3 12 3 11 0
3 12 3 12 0.003479928927944808
3 12 3 13 0
3 12 3 14 0
3 12 3 15 0
3 12 4 0 0
3 12 4 1 0
3 12 4 2 0
3 12 4 3 0
3 12 4 4 0
3 12 4 5 0
3 12 4 6 5.125389436198141e-20
3 12 4 7 0
3 12 4 8 0
3 12 4 9 0
3 12 4 10 0
3 12 4 11 0
3 12 4 12 0
3 12 4 13 -2.058299206051128e-21
3 12 4 14 0
3 12 4 15 0
3 12 5 0 0
3 12 5 1 0
3 12 5 2 0
3 12 5 3 -0.04901920356137762
3 12 5 4 0
3 12 5 5 0
3 12 5 6 0
3 12 5 7 0
3 12 5 8 -0.003795985070575367
3 12 5 9 0
3 12 5 10 0
3 12 5 11 0
3 12 5 12 0
3 12 5 13 0
3 12 5 14 0
3 12 5 15 0
3 12 6 0 0
3 12 6 1 0
3 12 6 2 0
3 12 6 3 0
3 12 6 4 -3.229528307613255e-20
3 12 6 5 0
3 12 6 6 0
3 12 6 7 0
3 12 6 8 0
3 12 6 9 -7.920074631126594e-21
3 12 6 10 0
3 12 6 11 0
3 12 6 12 0
3 12 6 13 0
3 12 6 14 0
3 12 6 15 0
3 12 7 0 0
3 12 7 1 0
3 12 7 2 0
3 12 7 3 0
3 12 7 4 0
3 12 7 5 0
3 12 7 6 0
3 12 7 7 0
3 12 7 8 0
3 12 7 9 0
3 12 7 10 0
3 12 7 11 0
3 12 7 12 0
3 12 7 13 0
3 12 7 14 0
3 12 7 15 0
3 12 8 0 0
3 12 8 1 0
3 12 8 2 0
3 12 8 3 0
3 12 8 4 0
3 12 8 5 0.003795985070575367
3 12 8 6 0
3 12 8 7 0
3 12 8 8 0
3 12 8 9 0
3 12 8 10 0
3 12 8 11 0
3 12 8 12 0
3 12 8 13 0
3 12 8 14 0
3 12 8 15 0
3 12 9 0 0
3 12 9 1 0
3 12 9 2 0
3 12 9 3 0
3 12 9 4 0
3 12 9 5 0
3 12 9 6 7.218446949303332e-21
3 12 9 7 0
3 12 9 8 0
3 12 9 9 0
3 12 9 10 0
3 12 9 11 0
3 12 9 12 0
3 12 9 13 0
3 12 9 14 0
3 12 9 15 0
3 12 10 0 0
3 12 10 1 0
3 12 10 2 0
3 12 10 3 0
3 12 10 4 0
3 12 10 5 0
3 12 10 6 0
3 12 10 7 0
3 12 10 8 0
3 12 10 9 0
3 12 10 10 0
3 12 10 11 0
3 12 10 12 0
3 12 10 13 0
3 12 10 14 0
3 12 10 15 0
3 12 11 0 0
3 12 11 1 0
3 12 11 2 0
3 12 11 3 0
3 12 11 4 0
3 12 11 5 0
3 12 11 6 0
3 12 11 7 0
3 12 11 8 0
3 12 11 9 0
3 12 11 10 0
3 12 11 11 0
3 12 11 12 0
3 12 11 13 0
3 12 11 14 0
3 12 11 15 0
3 12 12 0 0
3 12 12 1 0
3 12 12 2 0
3 12 12 3 -0.003479928927944808
3 12 12 4 0
3 12 12 5 0
3 12 12 6 0
3 12 12 7 0
3 12 12 8 0
3 12 12 9 0
3 12 12 10 0
3 12 12 11 0
3 12 12 12 0
3 12 12 13 0
3 12 12 14 0
3 12 12 15 0
3 12 13 0 0
3 12 13 1 0
3 12 13 2 0
3 12 13 3 0
3 12 13 4 1.574297169614955e-21
3 12 13 5 0
3 12 13 6 0
3 12 13 7 0
3 12 13 8 0
3 12 13 9 0
3 12 13 10 0
3 12 13 11 0
3 12 13 12 0
3 12 13 13 0
3 12 13 14 0
3 12 13 15 0
3 12 14 0 0
3 12 14 1 0
3 12 14 2 0
3 12 14 3 0
3 12 14 4 0
3 12 14 5 0
3 12 14 6 0
3 12 14 7 0
3 12 14 8 0
3 12 14 9 0
3 12 14 10 0
3 12 14 11 0
3 12 14 12 0
3 12 14 13 0
3 12 14 14 0
3 12 14 15 0
3 12 15 0 0
3 12 15 1 0
3 12 15 2 0
3 12 15 3 0
3 12 15 4 0
3 12 15 5 0
3 12 15 6 0
3 12 15 7 0
3 12 15 8 0
3 12 15 9 0
3 12 15 10 0
3 12 15 11 0
3 12 15 12 0
3 12 15 13 0
3 12 15 14 0
3 12 15 15 0
3 13 0 0 0
3 13 0 1 0
3 13 0 2 0
3 13 0 3 0
3 13 0 4 0
3 13 0 5 0
3 13 0 6 0
3 13 0 7 0
3 13 0 8 0
3 13 0 9 0
3 13 0 10 0
3 13 0 11 0
3 13 0 12 0
3 13 0 13 0
3 13 0 14 0
3 13 0 15 0
3 13 1 0 0
3 13 1 1 0
3 13 1 2 0
3 13 1 3 0
3 13 1 4 0
3 13 1 5 0
3 13 1 6 0
3 13 1 7 0
3 13 1 8 0
3 13 1 9 0
3 13 1 10 0
3 13 1 11 0
3 13 1 12 0
3 13 1 13 0
3 13 1 14 0
3 13 1 15 0
3 13 2 0 0
3 13 2 1 0
3 13 2 2 0
3 13 2 3 0
3 13 2 4 0
3 13 2 5 0
3 13 2 6 0
3 13 2 7 0
3 13 2 8 0
3 13 2 9 0
3 13 2 10 0
3 13 2 11 0
3 13 2 12 0
3 13 2 13 0
3 13 2 14 0
3 13 2 15 0
3 13 3 0 0
3 13 3 1 0
3 13 3 2 0
3 13 3 3 0
3 13 3 4 0
3 13 3 5 0
3 13 3 6 0.04963048162576172
3 13 3 7 0
3 13 3 8 0
3 13 3 9 0
3 13 3 10 0
3 13 3 11 0
3 13 3 12 0
3 13 3 13 0.003567260723183296
3 13 3 14 0
3 13 3 15 0
3 13 4 0 0
3 13 4 1 0
3 13 4 2 0
3 13 4 3 0
3 13 4 4 0
3 13 4 5 0
3 13 4 6 0
3 13 4 7 0
3 13 4 8 0
3 13 4 9 0
3 13 4 10 0
3 13 4 11 0
3 13 4 12 0
3 13 4 13 0
3 13 4 14 0
3 13 4 15 0
3 13 5 0 0
3 13 5 1 0
3 13 5 2 0
3 13 5 3 0
3 13 5 4 0
3 13 5 5 0
3 13 5 6 0
3 13 5 7 0
3 13 5 8 0
3 13 5 9 0
3 13 5 10 0
3 13 5 11 0
3 13 5 12 0
3 13 5 13 0
3 13 5 14 0
3 13 5 15 0
3 13 6 0 0
3 13 6 1 0
3 13 6 2 0
3 13 6 3 -0.04963048162576172
3 13 6 4 0
3 13 6 5 0
3 13 6 6 0
3 13 6 7 0
3 13 6 8 -0.003843321670066766
3 13 6 9 0
3 13 6 10 0
3 13 6 11 0
3 13 6 12 0
3 13 6 13 0
3 13 6 14 0
3 13 6 15 0
3 13 7 0 0
3 13 7 1 0
3 13 7 2 0
3 13 7 3 0
3 13 7 4 0
3 13 7 5 0
3 13 7 6 0
3 13 7 7 0
3 13 7 8 0
3 13 7 9 0
3 13 7 10 0
3 13 7 11 0
3 13 7 12 0
3 13 7 13 0
3 13 7 14 0
3 13 7 15 0
3 13 8 0 0
3 13 8 1 0
3 13 8 2 0
3 13 8 3 0
3 13 8 4 0
3 13 8 5 0
3 13 8 6 0.003843321670066766
3 13 8 7 0
3 13 8 8 0
3 13 8 9 0
3 13 8 10 0
3 13 8 11 0
3 13 8 12 0
3 13 8 13 0
3 13 8 14 0
3 13 8 15 0
3 13 9 0 0
3 13 9 1 0
3 13 9 2 0
3 13 9 3 0
3 13 9 4 0
3 13 9 5 0
3 13 9 6 0
3 13 9 7 0
3 13 9 8 0
3 13 9 9 0
3 13 9 10 0
3 13 9 11 0
3 13 9 12 0
3 13 9 13 0
3 13 9 14 0
3 13 9 15 0
3 13 10 0 0
3 13 10 1 0
3 13 10 2 0
3 13 10 3 0
3 13 10 4 0
3 13 10 5 0
3 13 10 6 0
3 13 10 7 0
3 13 10 8 0
3 13 10 9 0
3 13 10 10 0
3 13 10 11 0
3 13 10 12 0
3 13 10 13 0
3 13 10 14 0
3 13 10 15 0
3 13 11 0 0
3 13 11 1 0
3 13 11 2 0
3 13 11 3 0
3 13 11 4 0
3 13 11 5 0
3 13 11 6 0
3 13 11 7 0
3 13 11 8 0
3 13 11 9 0
3 13 11 10 0
3 13 11 11 0
3 13 11 12 0
3 13 11 13 0
3 13 11 14 0
3 13 11 15 0
3 13 12 0 0
3 13 12 1 0
3 13 12 2 0
3 13 12 3 0
3 13 12 4 0
3 13 12 5 0
3 13 12 6 0
3 13 12 7 0
3 13 12 8 0
3 13 12 9 0
3 13 12 10 0
3 13 12 11 0
3 13 12 12 0
3 13 12 13 0
3 13 12 14 0
3 13 12 15 0
3 13 13 0 0
3 13 13 1 0
3 13 13 2 0
3 13 13 3 -0.003567260723183296
3 13 13 4 0
3 13 13 5 0
3 13 13 6 0
3 13 13 7 0
3 13 13 8 0
3 13 13 9 0
3 13 13 10 0
3 13 13 11 0
3 13 13 12 0
3 13 13 13 0
3 13 13 14 0
3 13 13 15 0
3 13 14 0 0
3 13 14 1 0
3 13 14 2 0
3 13 14 3 0
3 13 14 4 0
3 13 14 5 0
3 13 14 6 0
3 13 14 7 0
3 13 14 8 0
3 13 14 9 0
3 13 14 10 0
3 13 14 11 0
3 13 14 12 0
3 13 14 13 0
3 13 14 14 0
3 13 14 15 0
3 13 15 0 0
3 13 15 1 0
3 13 15 2 0
3 13 15 3 0
3 13 15 4 0
3 13 15 5 0
3 13 15 6 0
3 13 15 7 0
3 13 15 8 0
3 13 15 9 0
3 13 15 10 0
3 13 15 11 0
3 13 15 12 0
3 13 15 13 0
3 13 15 14 0
3 13 15 15 0
3 14 0 0 0
3 14 0 1 0
3 14 0 2 0
3 14 0 3 0
3 14 0 4 0
3 14 0 5 0
3 14 0 6 0
3 14 0 7 0
3 14 0 8 0
3 14 0 9 0
3 14 0 10 0
3 14 0 11 0
3 14 0 12 0
3 14 0 13 0
3 14 0 14 0
3 14 0 15 0
3 14 1 0 0
3 14 1 1 0
3 14 1 2 0
3 14 1 3 0
3 14 1 4 0
3 14 1 5 0
3 14 1 6 0
3 14 1 7 0
3 14 1 8 0
3 14 1 9 0
3 14 1 10 0
3 14 1 11 0
3 14 1 12 0
3 14 1 13 0
3 14 1 14 0
3 14 1 15 0
3 14 2 0 0
3 14 2 1 0
3 14 2 2 0
3 14 2 3 -0.02402186936047353
3 14 2 4 0
3 14 2 5 0
3 14 2 6 0
3 14 2 7 0
3 14 2 8 -0.001860223154084772
3 14 2 9 0
3 14 2 10 0
3 14 2 11 0
3 14 2 12 0
3 14 2 13 0
3 14 2 14 0
3 14 2 15 0
3 14 3 0 0
3 14 3 1 0
3 14 3 2 0.03276348865198386
3 14 3 3 0
3 14 3 4 0
3 14 3 5 0
3 14 3 6 0
3 14 3 7 0
3 14 3 8 0
3 14 3 9 0
3 14 3 10 0
3 14 3 11 -0.0005394464571167848
3 14 3 12 0
3 14 3 13 0
3 14 3 14 0.0009342903736689469
3 14 3 15 0
3 14 4 0 0
3 14 4 1 0
3 14 4 2 0
3 14 4 3 0
3 14 4 4 0
3 14 4 5 0
3 14 4 6 0
3 14 4 7 0
3 14 4 8 0
3 14 4 9 0
3 14 4 10 0
3 14 4 11 0
3 14 4 12 0
3 14 4 13 0
3 14 4 14 0
3 14 4 15 0
3 14 5 0 0
3 14 5 1 0
3 14 5 2 0
3 14 5 3 0
3 14 5 4 0
3 14 5 5 0
3 14 5 6 0
3 14 5 7 0
3 14 5 8 0
3 14 5 9 0
3 14 5 10 0
3 14 5 11 0
3 14 5 12 0
3 14 5 13 0
3 14 5 14 0
3 14 5 15 0
3 14 6 0 0
3 14 6 1 0
3 14 6 2 0
3 14 6 3 0
3 14 6 4 0
3 14 6 5 0
3 14 6 6 0
3 14 6 7 -0.001140078944871914
3 14 6 8 0
3 14 6 9 0
3 14 6 10 0
3 14 6 11 0
3 14 6 12 0
3 14 6 13 0
3 14 6 14 0
3 14 6 15 0
3 14 7 0 0
3 14 7 1 0
3 14 7 2 0
3 14 7 3 0
3 14 7 4 0
3 14 7 5 0
3 14 7 6 0.003524947129526656
3 14 7 7 0
3 14 7 8 0
3 14 7 9 0
3 14 7 10 0
3 14 7 11 0
3 14 7 12 0
3 14 7 13 0
3 14 7 14 0
3 14 7 15 0
3 14 8 0 0
3 14 8 1 0
3 14 8 2 0.002537163086037723
3 14 8 3 0
3 14 8 4 0
3 14 8 5 0
3 14 8 6 0
3 14 8 7 0
3 14 8 8 0
3 14 8 9 0
3 14 8 10 0
3 14 8 11 0
3 14 8 12 0
3 14 8 13 0
3 14 8 14 0
3 14 8 15 0
3 14 9 0 0
3 14 9 1 0
3 14 9 2 0
3 14 9 3 0
3 14 9 4 0
3 14 9 5 0
3 14 9 6 0
3 14 9 7 0
3 14 9 8 0
3 14 9 9 0
3 14 9 10 0
3 14 9 11 0
3 14 9 12 0
3 14 9 13 0
3 14 9 14 0
3 14 9 15 0
3 14 10 0 0
3 14 10 1 0
3 14 10 2 0
3 14 10 3 0
3 14 10 4 0
3 14 10 5 0
3 14 10 6 0
3 14 10 7 0
3 14 10 8 0
3 14 10 9 0
3 14 10 10 0
3 14 10 11 0
3 14 10 12 0
3 14 10 13 0
3 14 10 14 0
3 14 10 15 0
3 14 11 0 0
3 14 11 1 0
3 14 11 2 0
3 14 11 3 0.0003139231907356097
3 14 11 4 0
3 14 11 5 0
3 14 11 6 0
3 14 11 7 0
3 14 11 8 0
3 14 11 9 0
3 14 11 10 0
3 14 11 11 0
3 14 11 12 0
3 14 11 13 0
3 14 11 14 0
3 14 11 15 0
3 14 12 0 0
3 14 12 1 0
3 14 12 2 0
3 14 12 3 0
3 14 12 4 0
3 14 12 5 0
3 14 12 6 0
3 14 12 7 0
3 14 12 8 0
3 14 12 9 0
3 14 12 10 0
3 14 12 11 0
3 14 12 12 0
3 14 12 13 0
3 14 12 14 0
3 14 12 15 0
3 14 13 0 0
3 14 13 1 0
3 14 13 2 0
3 14 13 3 0
3 14 13 4 0
3 14 13 5 0
3 14 13 6 0
3 14 13 7 0
3 14 13 8 0
3 14 13 9 0
3 14 13 10 0
3 14 13 11 0
3 14 13 12 0
3 14 13 13 0
3 14 13 14 0
3 14 13 15 0
3 14 14 0 0
3 14 14 1 0
3 14 14 2 0
3 14 14 3 -0.0008236224785870206
3 14 14 4 0
3 14 14 5 0
3 14 14 6 0
3 14 14 7 0
3 14 14 8 0
3 14 14 9 0
3 14 14 10 0
3 14 14 11 0
3 14 14 12 0
3 14 14 13 0
3 14 14 14 0
3 14 14 15 0
3 14 15 0 0
3 14 15 1 0
3 14 15 2 0
3 14 15 3 0
3 14 15 4 0
3 14 15 5 0
3 14 15 6 0
3 14 15 7 0
3 14 15 8 0
3 14 15 9 0
3 14 15 10 0
3 14 15 11 0
3 14 15 12 0
3 14 15 13 0
3 14 15 14 0
3 14 15 15 0
3 15 0 0 0
3 15 0 1 0
3 15 0 2 0
3 15 0 3 0
3 15 0 4 0
3 15 0 5 0
3 15 0 6 0
3 15 0 7 0
3 15 0 8 0
3 15 0 9 0
3 15 0 10 0
3 15 0 11 0
3 15 0 12 0
3 15 0 13 0
3 15 0 14 0
3 15 0 15 0
3 15 1 0 0
3 15 1 1 0
3 15 1 2 0
3 15 1 3 -0.003100740888256127
3 15 1 4 0
3 15 1 5 0
3 15 1 6 0
3 15 1 7 0
3 15 1 8 -0.0002401174491708137
3 15 1 9 0
3 15 1 10 0
3 15 1 11 0
3 15 1 12 0
3 15 1 13 0
3 15 1 14 0
3 15 1 15 0
3 15 2 0 0
3 15 2 1 0
3 15 2 2 0
3 15 2 3 0
3 15 2 4 0
3 15 2 5 0
3 15 2 6 0
3 15 2 7 0
3 15 2 8 0
3 15 2 9 0
3 15 2 10 0
3 15 2 11 0
3 15 2 12 0
3 15 2 13 0
3 15 2 14 0
3 15 2 15 0
3 15 3 0 0
3 15 3 1 0.0114418215651334
3 15 3 2 0
3 15 3 3 0
3 15 3 4 0
3 15 3 5 0
3 15 3 6 0
3 15 3 7 0
3 15 3 8 0
3 15 3 9 0
3 15 3 10 0
3 15 3 11 0
3 15 3 12 0
3 15 3 13 0
3 15 3 14 0
3 15 3 15 0.0001061590066063571
3 15 4 0 0
3 15 4 1 0
3 15 4 2 0
3 15 4 3 0
3 15 4 4 0
3 15 4 5 0
3 15 4 6 0
3 15 4 7 0
3 15 4 8 0
3 15 4 9 0
3 15 4 10 0
3 15 4 11 0
3 15 4 12 0
3 15 4 13 0
3 15 4 14 0
3 15 4 15 0
3 15 5 0 0
3 15 5 1 0
3 15 5 2 0
3 15 5 3 0
3 15 5 4 0
3 15 5 5 0
3 15 5 6 0
3 15 5 7 0
3 15 5 8 0
3 15 5 9 0
3 15 5 10 0
3 15 5 11 0
3 15 5 12 0
3 15 5 13 0
3 15 5 14 0
3 15 5 15 0
3 15 6 0 0
3 15 6 1 0
3 15 6 2 0
3 15 6 3 0
3 15 6 4 0
3 15 6 5 0
3 15 6 6 0
3 15 6 7 0
3 15 6 8 0
3 15 6 9 0
3 15 6 10 0
3 15 6 11 0
3 15 6 12 0
3 15 6 13 0
3 15 6 14 0
3 15 6 15 0
3 15 7 0 0
3 15 7 1 0
3 15 7 2 0
3 15 7 3 0
3 15 7 4 0
3 15 7 5 0
3 15 7 6 0
3 15 7 7 0
3 15 7 8 0
3 15 7 9 0
3 15 7 10 0
3 15 7 11 0
3 15 7 12 0
3 15 7 13 0
3 15 7 14 0
3 15 7 15 0
3 15 8 0 0
3 15 8 1 0.0008860401778468443
3 15 8 2 0
3 15 8 3 0
3 15 8 4 0
3 15 8 5 0
3 15 8 6 0
3 15 8 7 0
3 15 8 8 0
3 15 8 9 0
3 15 8 10 0
3 15 8 11 0
3 15 8 12 0
3 15 8 13 0
3 15 8 14 0
3 15 8 15 0
3 15 9 0 0
3 15 9 1 0
3 15 9 2 0
3 15 9 3 0
3 15 9 4 0
3 15 9 5 0
3 15 9 6 0
3 15 9 7 0
3 15 9 8 0
3 15 9 9 0
3 15 9 10 0
3 15 9 11 0
3 15 9 12 0
3 15 9 13 0
3 15 9 14 0
3 15 9 15 0
3 15 10 0 0
3 15 10 1 0
3 15 10 2 0
3 15 10 3 0
3 15 10 4 0
3 15 10 5 0
3 15 10 6 0
3 15 10 7 0
3 15 10 8 0
3 15 10 9 0
3 15 10 10 0
3 15 10 11 0
3 15 10 12 0
3 15 10 13 0
3 15 10 14 0
3 15 10 15 0
3 15 11 0 0
3 15 11 1 0
3 15 11 2 0
3 15 11 3 0
3 15 11 4 0
3 15 11 5 0
3 15 11 6 0
3 15 11 7 0
3 15 11 8 0
3 15 11 9 0
3 15 11 10 0
3 15 11 11 0
3 15 11 12 0
3 15 11 13 0
3 15 11 14 0
3 15 11 15 0
3 15 12 0 0
3 15 12 1 0
3 15 12 2 0
3 15 12 3 0
3 15 12 4 0
3 15 12 5 0
3 15 12 6 0
3 15 12 7 0
3 15 12 8 0
3 15 12 9 0
3 15 12 10 0
3 15 12 11 0
3 15 12 12 0
3 15 12 13 0
3 15 12 14 0
3 15 12 15 0
3 15 13 0 0
3 15 13 1 0
3 15 13 2 0
3 15 13 3 0
3 15 13 4 0
3 15 13 5 0
3 15 13 6 0
3 15 13 7 0
3 15 13 8 0
3 15 13 9 0
3 15 13 10 0
3 15 13 11 0
3 15 13 12 0
3 15 13 13 0
3 15 13 14 0
3 15 13 15 0
3 15 14 0 0
3 15 14 1 0
3 15 14 2 0
3 15 14 3 0
3 15 14 4 0
3 15 14 5 0
3 15 14 6 0
3 15 14 7 0
3 15 14 8 0
3 15 14 9 0
3 15 14 10 0
3 15 14 11 0
3 15 14 12 0
3 15 14 13 0
3 15 14 14 0
3 15 14 15 0
3 15 15 0 0
3 15 15 1 0
3 15 15 2 0
3 15 15 3 -5.400315707045544e-06
3 15 15 4 0
3 15 15 5 0
3 15 15 6 0
3 15 15 7 0
3 15 15 8 0
3 15 15 9 0
3 15 15 10 0
3 15 15 11 0
3 15 15 12 0
3 15 15 13 0
3 15 15 14 0
3 15 15 15 0
4 0 0 0 0
4 0 0 1 0
4 0 0 2 0
4 0 0 3 0
4 0 0 4 -1.008956943550968
4 0 0 5 0
4 0 0 6 0
4 0 0 7 0
4 0 0 8 0
4 0 0 9 -0.05254392090253764
4 0 0 10 0
4 0 0 11 0
4 0 0 12 0
4 0 0 13 0
4 0 0 14 0
4 0 0 15 0
4 0 1 0 0
4 0 1 1 0
4 0 1 2 0
4 0 1 3 0
4 0 1 4 0
4 0 1 5 0
4 0 1 6 0
4 0 1 7 0
4 0 1 8 0
4 0 1 9 0
4 0 1 10 0
4 0 1 11 0
4 0 1 12 0
4 0 1 13 0
4 0 1 14 0
4 0 1 15 0
4 0 2 0 0
4 0 2 1 0
4 0 2 2 0
4 0 2 3 0
4 0 2 4 -0.0001125160484864455
4 0 2 5 0
4 0 2 6 0
4 0 2 7 0
4 0 2 8 0
4 0 2 9 0
4 0 2 10 0
4 0 2 11 0
4 0 2 12 0
4 0 2 13 0
4 0 2 14 0
4 0 2 15 0
4 0 3 0 0
4 0 3 1 0
4 0 3 2 0
4 0 3 3 0
4 0 3 4 0
4 0 3 5 0
4 0 3 6 0
4 0 3 7 0
4 0 3 8 0
4 0 3 9 0
4 0 3 10 0
4 0 3 11 0
4 0 3 12 0
4 0 3 13 0
4 0 3 14 0
4 0 3 15 0
4 0 4 0 2.017507804581078
4 0 4 1 0
4 0 4 2 -0.0003873954183067261
4 0 4 3 0
4 0 4 4 0
4 0 4 5 0
4 0 4 6 0
4 0 4 7 0
4 0 4 8 0
4 0 4 9 0
4 0 4 10 0
4 0 4 11 -0.0133643981395334
4 0 4 12 0
4 0 4 13 0
4 0 4 14 0
4 0 4 15 0
4 0 5 0 0
4 0 5 1 0
4 0 5 2 0
4 0 5 3 0
4 0 5 4 0
4 0 5 5 0
4 0 5 6 0
4 0 5 7 0
4 0 5 8 0
4 0 5 9 0
4 0 5 10 0
4 0 5 11 0
4 0 5 12 0
4 0 5 13 0
4 0 5 14 0
4 0 5 15 0
4 0 6 0 0
4 0 6 1 0
4 0 6 2 0
4 0 6 3 0
4 0 6 4 0
4 0 6 5 0
4 0 6 6 0
4 0 6 7 0
4 0 6 8 0
4 0 6 9 0
4 0 6 10 0
4 0 6 11 0
4 0 6 12 0
4 0 6 13 0
4 0 6 14 0
4 0 6 15 0
4 0 7 0 0
4 0 7 1 0
4 0 7 2 0
4 0 7 3 0
4 0 7 4 0
4 0 7 5 0
4 0 7 6 0
4 0 7 7 0
4 0 7 8 0
4 0 7 9 0
4 0 7 10 0
4 0 7 11 0
4 0 7 12 0
4 0 7 13 0
4 0 7 14 0
4 0 7 15 0
4 0 8 0 0
4 0 8 1 0
4 0 8 2 0
4 0 8 3 0
4 0 8 4 0
4 0 8 5 0
4 0 8 6 0
4 0 8 7 0
4 0 8 8 0
4 0 8 9 0
4 0 8 10 0
4 0 8 11 0
4 0 8 12 0
4 0 8 13 0
4 0 8 14 0
4 0 8 15 0
4 0 9 0 0.1050878418050753
4 0 9 1 0
4 0 9 2 0
4 0 9 3 0
4 0 9 4 0
4 0 9 5 0
4 0 9 6 0
4 0 9 7 0
4 0 9 8 0
4 0 9 9 0
4 0 9 10 0
4 0 9 11 0
4 0 9 12 0
4 0 9 13 0
4 0 9 14 0
4 0 9 15 0
4 0 10 0 0
4 0 10 1 0
4 0 10 2 0
4 0 10 3 0
4 0 10 4 0
4 0 10 5 0
4 0 10 6 0
4 0 10 7 0
4 0 10 8 0
4 0 10 9 0
4 0 10 10 0
4 0 10 11 0
4 0 10 12 0
4 0 10 13 0
4 0 10 14 0
4 0 10 15 0
4 0 11 0 0
4 0 11 1 0
4 0 11 2 0
4 0 11 3 0
4 0 11 4 -0.0110461248250297
4 0 11 5 0
4 0 11 6 0
4 0 11 7 0
4 0 11 8 0
4 0 11 9 0
4 0 11 10 0
4 0 11 11 0
4 0 11 12 0
4 0 11 13 0
4 0 11 14 0
4 0 11 15 0
4 0 12 0 0
4 0 12 1 0
4 0 12 2 0
4 0 12 3 0
4 0 12 4 0
4 0 12 5 0
4 0 12 6 0
4 0 12 7 0
4 0 12 8 0
4 0 12 9 0
4 0 12 10 0
4 0 12 11 0
4 0 12 12 0
4 0 12 13 0
4 0 12 14 0
4 0 12 15 0
4 0 13 0 0
4 0 13 1 0
4 0 13 2 0
4 0 13 3 0
4 0 13 4 0
4 0 13 5 0
4 0 13 6 0
4 0 13 7 0
4 0 13 8 0
4 0 13 9 0
4 0 13 10 0
4 0 13 11 0
4 0 13 12 0
4 0 13 13 0
4 0 13 14 0
4 0 13 15 0
4 0 14 0 0
4 0 14 1 0
4 0 14 2 0
4 0 14 3 0
4 0 14 4 0
4 0 14 5 0
4 0 14 6 0
4 0 14 7 0
4 0 14 8 0
4 0 14 9 0
4 0 14 10 0
4 0 14 11 0
4 0 14 12 0
4 0 14 13 0
4 0 14 14 0
4 0 14 15 0
4 0 15 0 0
4 0 15 1 0
4 0 15 2 0
4 0 15 3 0
4 0 15 4 0
4 0 15 5 0
4 0 15 6 0
4 0 15 7 0
4 0 15 8 0
4 0 15 9 0
4 0 15 10 0
4 0 15 11 0
4 0 15 12 0
4 0 15 13 0
4 0 15 14 0
4 0 15 15 0
4 1 0 0 0
4 1 0 1 0
4 1 0 2 0
4 1 0 3 0
4 1 0 4 0
4 1 0 5 0
4 1 0 6 0
4 1 0 7 0
4 1 0 8 0
4 1 0 9 0
4 1 0 10 0
4 1 0 11 0
4 1 0 12 0
4 1 0 13 0
4 1 0 14 0
4 1 0 15 0
4 1 1 0 0
4 1 1 1 0
4 1 1 2 0
4 1 1 3 0
4 1 1 4 -1.009090233624953
4 1 1 5 0
4 1 1 6 0
4 1 1 7 0
4 1 1 8 0
4 1 1 9 -0.05254392090253764
4 1 1 10 0
4 1 1 11 0
4 1 1 12 0
4 1 1 13 0
4 1 1 14 0
4 1 1 15 0
4 1 2 0 0
4 1 2 1 0
4 1 2 2 0
4 1 2 3 0
4 1 2 4 0
4 1 2 5 0
4 1 2 6 0
4 1 2 7 0
4 1 2 8 0
4 1 2 9 0
4 1 2 10 0
4 1 2 11 0
4 1 2 12 0
4 1 2 13 0
4 1 2 14 0
4 1 2 15 0
4 1 3 0 0
4 1 3 1 0
4 1 3 2 0
4 1 3 3 0
4 1 3 4 0
4 1 3 5 0
4 1 3 6 0
4 1 3 7 0
4 1 3 8 0
4 1 3 9 0
4 1 3 10 0
4 1 3 11 0
4 1 3 12 0
4 1 3 13 0
4 1 3 14 0
4 1 3 15 0
4 1 4 0 0
4 1 4 1 2.01810264271794
4 1 4 2 0
4 1 4 3 0
4 1 4 4 0
4 1 4 5 0
4 1 4 6 0
4 1 4 7 0
4 1 4 8 0
4 1 4 9 0
4 1 4 10 0
4 1 4 11 0
4 1 4 12 0
4 1 4 13 0
4 1 4 14 0
4 1 4 15 0.0114418215651334
4 1 5 0 0
4 1 5 1 0
4 1 5 2 0
4 1 5 3 0
4 1 5 4 0
4 1 5 5 0
4 1 5 6 0
4 1 5 7 0
4 1 5 8 0
4 1 5 9 0
4 1 5 10 0
4 1 5 11 0
4 1 5 12 0
4 1 5 13 0
4 1 5 14 0
4 1 5 15 0
4 1 6 0 0
4 1 6 1 0
4 1 6 2 0
4 1 6 3 0
4 1 6 4 0
4 1 6 5 0
4 1 6 6 0
4 1 6 7 0
4 1 6 8 0
4 1 6 9 0
4 1 6 10 0
4 1 6 11 0
4 1 6 12 0
4 1 6 13 0
4 1 6 14 0
4 1 6 15 0
4 1 7 0 0
4 1 7 1 0
4 1 7 2 0
4 1 7 3 0
4 1 7 4 0
4 1 7 5 0
4 1 7 6 0
4 1 7 7 0
4 1 7 8 0
4 1 7 9 0
4 1 7 10 0
4 1 7 11 0
4 1 7 12 0
4 1 7 13 0
4 1 7 14 0
4 1 7 15 0
4 1 8 0 0
4 1 8 1 0
4 1 8 2 0
4 1 8 3 0
4 1 8 4 0
4 1 8 5 0
4 1 8 6 0
4 1 8 7 0
4 1 8 8 0
4 1 8 9 0
4 1 8 10 0
4 1 8 11 0
4 1 8 12 0
4 1 8 13 0
4 1 8 14 0
4 1 8 15 0
4 1 9 0 0
4 1 9 1 0.1050878418050753
4 1 9 2 0
4 1 9 3 0
4 1 9 4 0
4 1 9 5 0
4 1 9 6 0
4 1 9 7 0
4 1 9 8 0
4 1 9 9 0
4 1 9 10 0
4 1 9 11 0
4 1 9 12 0
4 1 9 13 0
4 1 9 14 0
4 1 9 15 0
4 1 10 0 0
4 1 10 1 0
4 1 10 2 0
4 1 10 3 0
4 1 10 4 0
4 1 10 5 0
4 1 10 6 0
4 1 10 7 0
4 1 10 8 0
4 1 10 9 0
4 1 10 10 0
4 1 10 11 0
4 1 10 12 0
4 1 10 13 0
4 1 10 14 0
4 1 10 15 0
4 1 11 0 0
4 1 11 1 0
4 1 11 2 0
4 1 11 3 0
4 1 11 4 0
4 1 11 5 0
4 1 11 6 0
4 1 11 7 0
4 1 11 8 0
4 1 11 9 0
4 1 11 10 0
4 1 11 11 0
4 1 11 12 0
4 1 11 13 0
4 1 11 14 0
4 1 11 15 0
4 1 12 0 0
4 1 12 1 0
4 1 12 2 0
4 1 12 3 0
4 1 12 4 0
4 1 12 5 0
4 1 12 6 0
4 1 12 7 0
4 1 12 8 0
4 1 12 9 0
4 1 12 10 0
4 1 12 11 0
4 1 12 12 0
4 1 12 13 0
4 1 12 14 0
4 1 12 15 0
4 1 13 0 0
4 1 13 1 0
4 1 13 2 0
4 1 13 3 0
4 1 13 4 0
4 1 13 5 0
4 1 13 6 0
4 1 13 7 0
4 1 13 8 0
4 1 13 9 0
4 1 13 10 0
4 1 13 11 0
4 1 13 12 0
4 1 13 13 0
4 1 13 14 0
4 1 13 15 0
4 1 14 0 0
4 1 14 1 0
4 1 14 2 0
4 1 14 3 0
4 1 14 4 0
4 1 14 5 0
4 1 14 6 0
4 1 14 7 0
4 1 14 8 0
4 1 14 9 0
4 1 14 10 0
4 1 14 11 0
4 1 14 12 0
4 1 14 13 0
4 1 14 14 0
4 1 14 15 0
4 1 15 0 0
4 1 15 1 0
4 1 15 2 0
4 1 15 3 0
4 1 15 4 -0.003127689615341228
4 1 15 5 0
4 1 15 6 0
4 1 15 7 0
4 1 15 8 0
4 1 15 9 0
4 1 15 10 0
4 1 15 11 0
4 1 15 12 0
4 1 15 13 0
4 1 15 14 0
4 1 15 15 0
4 2 0 0 0
4 2 0 1 0
4 2 0 2 0
4 2 0 3 0
4 2 0 4 -0.0001125160484864455
4 2 0 5 0
4 2 0 6 0
4 2 0 7 0
4 2 0 8 0
4 2 0 9 0
4 2 0 10 0
4 2 0 11 0
4 2 0 12 0
4 2 0 13 0
4 2 0 14 0
4 2 0 15 0
4 2 1 0 0
4 2 1 1 0
4 2 1 2 0
4 2 1 3 0
4 2 1 4 0
4 2 1 5 0
4 2 1 6 0
4 2 1 7 0
4 2 1 8 0
4 2 1 9 0
4 2 1 10 0
4 2 1 11 0
4 2 1 12 0
4 2 1 13 0
4 2 1 14 0
4 2 1 15 0
4 2 2 0 0
4 2 2 1 0
4 2 2 2 0
4 2 2 3 0
4 2 2 4 -0.8449041676363542
4 2 2 5 0
4 2 2 6 0
4 2 2 7 0
4 2 2 8 0
4 2 2 9 -0.05254392090253764
4 2 2 10 0
4 2 2 11 0
4 2 2 12 0
4 2 2 13 0
4 2 2 14 0
4 2 2 15 0
4 2 3 0 0
4 2 3 1 0
4 2 3 2 0
4 2 3 3 0
4 2 3 4 0
4 2 3 5 0
4 2 3 6 0
4 2 3 7 0
4 2 3 8 0
4 2 3 9 0
4 2 3 10 0
4 2 3 11 0
4 2 3 12 0
4 2 3 13 0
4 2 3 14 0
4 2 3 15 0
4 2 4 0 -0.0003873954183067261
4 2 4 1 0
4 2 4 2 1.561630547937608
4 2 4 3 0
4 2 4 4 0
4 2 4 5 0
4 2 4 6 0
4 2 4 7 0
4 2 4 8 0
4 2 4 9 0
4 2 4 10 0
4 2 4 11 -0.02458708412460262
4 2 4 12 0
4 2 4 13 0
4 2 4 14 0.03276348865198386
4 2 4 15 0
4 2 5 0 0
4 2 5 1 0
4 2 5 2 0
4 2 5 3 0
4 2 5 4 0
4 2 5 5 0
4 2 5 6 0
4 2 5 7 0
4 2 5 8 0
4 2 5 9 0
4 2 5 10 0
4 2 5 11 0
4 2 5 12 0
4 2 5 13 0
4 2 5 14 0
4 2 5 15 0
4 2 6 0 0
4 2 6 1 0
4 2 6 2 0
4 2 6 3 0
4 2 6 4 0
4 2 6 5 0
4 2 6 6 0
4 2 6 7 0
4 2 6 8 0
4 2 6 9 0
4 2 6 10 0
4 2 6 11 0
4 2 6 12 0
4 2 6 13 0
4 2 6 14 0
4 2 6 15 0
4 2 7 0 0
4 2 7 1 0
4 2 7 2 0
4 2 7 3 0
4 2 7 4 0
4 2 7 5 0.04430159605440451
4 2 7 6 0
4 2 7 7 0
4 2 7 8 0
4 2 7 9 0
4 2 7 10 0
4 2 7 11 0
4 2 7 12 0
4 2 7 13 0
4 2 7 14 0
4 2 7 15 0
4 2 8 0 0
4 2 8 1 0
4 2 8 2 0
4 2 8 3 0
4 2 8 4 0
4 2 8 5 0
4 2 8 6 0
4 2 8 7 0
4 2 8 8 0
4 2 8 9 0
4 2 8 10 0
4 2 8 11 0
4 2 8 12 0
4 2 8 13 0
4 2 8 14 0
4 2 8 15 0
4 2 9 0 0
4 2 9 1 0
4 2 9 2 0.1050878418050753
4 2 9 3 0
4 2 9 4 0
4 2 9 5 0
4 2 9 6 0
4 2 9 7 0
4 2 9 8 0
4 2 9 9 0
4 2 9 10 0
4 2 9 11 0
4 2 9 12 0
4 2 9 13 0
4 2 9 14 0
4 2 9 15 0
4 2 10 0 0
4 2 10 1 0
4 2 10 2 0
4 2 10 3 0
4 2 10 4 0
4 2 10 5 0
4 2 10 6 0
4 2 10 7 0
4 2 10 8 0
4 2 10 9 0
4 2 10 10 0
4 2 10 11 0
4 2 10 12 0
4 2 10 13 0
4 2 10 14 0
4 2 10 15 0
4 2 11 0 0
4 2 11 1 0
4 2 11 2 0
4 2 11 3 0
4 2 11 4 0.008090281131747243
4 2 11 5 0
4 2 11 6 0
4 2 11 7 0
4 2 11 8 0
4 2 11 9 0
4 2 11 10 0
4 2 11 11 0
4 2 11 12 0
4 2 11 13 0
4 2 11 14 0
4 2 11 15 0
4 2 12 0 0
4 2 12 1 0
4 2 12 2 0
4 2 12 3 0
4 2 12 4 0
4 2 12 5 0
4 2 12 6 0
4 2 12 7 0
4 2 12 8 0
4 2 12 9 0
4 2 12 10 0
4 2 12 11 0
4 2 12 12 0
4 2 12 13 0
4 2 12 14 0
4 2 12 15 0
4 2 13 0 0
4 2 13 1 0
4 2 13 2 0
4 2 13 3 0
4 2 13 4 0
4 2 13 5 0
4 2 13 6 0
4 2 13 7 0
4 2 13 8 0
4 2 13 9 0
4 2 13 10 0
4 2 13 11 0
4 2 13 12 0
4 2 13 13 0
4 2 13 14 0
4 2 13 15 0
4 2 14 0 0
4 2 14 1 0
4 2 14 2 0
4 2 14 3 0
4 2 14 4 -0.02787966227669113
4 2 14 5 0
4 2 14 6 0
4 2 14 7 0
4 2 14 8 0
4 2 14 9 0
4 2 14 10 0
4 2 14 11 0
4 2 14 12 0
4 2 14 13 0
4 2 14 14 0
4 2 14 15 0
4 2 15 0 0
4 2 15 1 0
4 2 15 2 0
4 2 15 3 0
4 2 15 4 0
4 2 15 5 0
4 2 15 6 0
4 2 15 7 0
4 2 15 8 0
4 2 15 9 0
4 2 15 10 0
4 2 15 11 0
4 2 15 12 0
4 2 15 13 0
4 2 15 14 0
4 2 15 15 0
4 3 0 0 0
4 3 0 1 0
4 3 0 2 0
4 3 0 3 0
4 3 0 4 0
4 3 0 5 0
4 3 0 6 0
4 3 0 7 0
4 3 0 8 0
4 3 0 9 0
4 3 0 10 0
4 3 0 11 0
4 3 0 12 0
4 3 0 13 0
4 3 0 14 0
4 3 0 15 0
4 3 1 0 0
4 3 1 1 0
4 3 1 2 0
4 3 1 3 0
4 3 1 4 0
4 3 1 5 0
4 3 1 6 0
4 3 1 7 0
4 3 1 8 0
4 3 1 9 0
4 3 1 10 0
4 3 1 11 0
4 3 1 12 0
4 3 1 13 0
4 3 1 14 0
4 3 1 15 0
4 3 2 0 0
4 3 2 1 0
4 3 2 2 0
4 3 2 3 0
4 3 2 4 0
4 3 2 5 0
4 3 2 6 0
4 3 2 7 0
4 3 2 8 0
4 3 2 9 0
4 3 2 10 0
4 3 2 11 0
4 3 2 12 0
4 3 2 13 0
4 3 2 14 0
4 3 2 15 0
4 3 3 0 0
4 3 3 1 0
4 3 3 2 0
4 3 3 3 0
4 3 3 4 -0.9404434397604171
4 3 3 5 0
4 3 3 6 0
4 3 3 7 0
4 3 3 8 0
4 3 3 9 -0.05254392090253765
4 3 3 10 0
4 3 3 11 0
4 3 3 12 0
4 3 3 13 0
4 3 3 14 0
4 3 3 15 0
4 3 4 0 0
4 3 4 1 0
4 3 4 2 0
4 3 4 3 1.031352667044288
4 3 4 4 0
4 3 4 5 0
4 3 4 6 0
4 3 4 7 0
4 3 4 8 0.05347125436851321
4 3 4 9 0
4 3 4 10 0
4 3 4 11 0
4 3 4 12 0
4 3 4 13 0
4 3 4 14 0
4 3 4 15 0
4 3 5 0 0
4 3 5 1 0
4 3 5 2 0
4 3 5 3 0
4 3 5 4 0
4 3 5 5 0
4 3 5 6 0
4 3 5 7 0
4 3 5 8 0
4 3 5 9 0
4 3 5 10 0
4 3 5 11 0
4 3 5 12 0
4 3 5 13 9.421274156971794e-21
4 3 5 14 0
4 3 5 15 0
4 3 6 0 0
4 3 6 1 0
4 3 6 2 0
4 3 6 3 0
4 3 6 4 0
4 3 6 5 -0.02594986512129448
4 3 6 6 0
4 3 6 7 0
4 3 6 8 0
4 3 6 9 0
4 3 6 10 0
4 3 6 11 0
4 3 6 12 -1.9263081605928e-21
4 3 6 13 0
4 3 6 14 0
4 3 6 15 0
4 3 7 0 0
4 3 7 1 0
4 3 7 2 0
4 3 7 3 0
4 3 7 4 0
4 3 7 5 0
4 3 7 6 0
4 3 7 7 0
4 3 7 8 0
4 3 7 9 0
4 3 7 10 0
4 3 7 11 0
4 3 7 12 0
4 3 7 13 0
4 3 7 14 0
4 3 7 15 0
4 3 8 0 0
4 3 8 1 0
4 3 8 2 0
4 3 8 3 0
4 3 8 4 -0.05347125436851321
4 3 8 5 0
4 3 8 6 0
4 3 8 7 0
4 3 8 8 0
4 3 8 9 0
4 3 8 10 0
4 3 8 11 0
4 3 8 12 0
4 3 8 13 0
4 3 8 14 0
4 3 8 15 0
4 3 9 0 0
4 3 9 1 0
4 3 9 2 0
4 3 9 3 0.05254392090253765
4 3 9 4 0
4 3 9 5 0
4 3 9 6 0
4 3 9 7 0
4 3 9 8 0
4 3 9 9 0
4 3 9 10 0
4 3 9 11 0
4 3 9 12 0
4 3 9 13 0
4 3 9 14 0
4 3 9 15 0
4 3 10 0 0
4 3 10 1 0
4 3 10 2 0
4 3 10 3 0
4 3 10 4 0
4 3 10 5 0
4 3 10 6 0
4 3 10 7 0
4 3 10 8 0
4 3 10 9 0
4 3 10 10 0
4 3 10 11 0
4 3 10 12 0
4 3 10 13 0
4 3 10 14 0
4 3 10 15 0
4 3 11 0 0
4 3 11 1 0
4 3 11 2 0
4 3 11 3 0
4 3 11 4 0
4 3 11 5 0
4 3 11 6 0
4 3 11 7 0
4 3 11 8 0
4 3 11 9 0
4 3 11 10 0
4 3 11 11 0
4 3 11 12 0
4 3 11 13 0
4 3 11 14 0
4 3 11 15 0
4 3 12 0 0
4 3 12 1 0
4 3 12 2 0
4 3 12 3 0
4 3 12 4 0
4 3 12 5 0
4 3 12 6 7.863537563272805e-21
4 3 12 7 0
4 3 12 8 0
4 3 12 9 0
4 3 12 10 0
4 3 12 11 0
4 3 12 12 0
4 3 12 13 0
4 3 12 14 0
4 3 12 15 0
4 3 13 0 0
4 3 13 1 0
4 3 13 2 0
4 3 13 3 0
4 3 13 4 0
4 3 13 5 -3.701581946283298e-21
4 3 13 6 0
4 3 13 7 0
4 3 13 8 0
4 3 13 9 0
4 3 13 10 0
4 3 13 11 0
4 3 13 12 0
4 3 13 13 0
4 3 13 14 0
4 3 13 15 0
4 3 14 0 0
4 3 14 1 0
4 3 14 2 0
4 3 14 3 0
4 3 14 4 0
4 3 14 5 0
4 3 14 6 0
4 3 14 7 0
4 3 14 8 0
4 3 14 9 0
4 3 14 10 0
4 3 14 11 0
4 3 14 12 0
4 3 14 13 0
4 3 14 14 0
4 3 14 15 0
4 3 15 0 0
4 3 15 1 0
4 3 15 2 0
4 3 15 3 0
4 3 15 4 0
4 3 15 5 0
4 3 15 6 0
4 3 15 7 0
4 3 15 8 0
4 3 15 9 0
4 3 15 10 0
4 3 15 11 0
4 3 15 12 0
4 3 15 13 0
4 3 15 14 0
4 3 15 15 0
4 4 0 0 0
4 4 0 1 0
4 4 0 2 0
4 4 0 3 0
4 4 0 4 0
4 4 0 5 0
4 4 0 6 0
4 4 0 7 0
4 4 0 8 0
4 4 0 9 0
4 4 0 10 0
4 4 0 11 0
4 4 0 12 0
4 4 0 13 0
4 4 0 14 0
4 4 0 15 0
4 4 1 0 0
4 4 1 1 0
4 4 1 2 0
4 4 1 3 0
4 4 1 4 0
4 4 1 5 0
4 4 1 6 0
4 4 1 7 0
4 4 1 8 0
4 4 1 9 0
4 4 1 10 0
4 4 1 11 0
4 4 1 12 0
4 4 1 13 0
4 4 1 14 0
4 4 1 15 0
4 4 2 0 0
4 4 2 1 0
4 4 2 2 0
4 4 2 3 0
4 4 2 4 0
4 4 2 5 0
4 4 2 6 0
4 4 2 7 0
4 4 2 8 0
4 4 2 9 0
4 4 2 10 0
4 4 2 11 0
4 4 2 12 0
4 4 2 13 0
4 4 2 14 0
4 4 2 15 0
4 4 3 0 0
4 4 3 1 0
4 4 3 2 0
4 4 3 3 0
4 4 3 4 0
4 4 3 5 0
4 4 3 6 0
4 4 3 7 0
4 4 3 8 0
4 4 3 9 0
4 4 3 10 0
4 4 3 11 0
4 4 3 12 0
4 4 3 13 0
4 4 3 14 0
4 4 3 15 0
4 4 4 0 0
4 4 4 1 0
4 4 4 2 0
4 4 4 3 0
4 4 4 4 0.0262055389092811
4 4 4 5 0
4 4 4 6 0
4 4 4 7 0
4 4 4 8 0
4 4 4 9 6.421113496646939e-20
4 4 4 10 0
4 4 4 11 0
4 4 4 12 0
4 4 4 13 0
4 4 4 14 0
4 4 4 15 0
4 4 5 0 0
4 4 5 1 0
4 4 5 2 0
4 4 5 3 0
4 4 5 4 0
4 4 5 5 -2.317934270968097e-20
4 4 5 6 0
4 4 5 7 0
4 4 5 8 0
4 4 5 9 0
4 4 5 10 0
4 4 5 11 0
4 4 5 12 -6.720281355925011e-21
4 4 5 13 0
4 4 5 14 0
4 4 5 15 0
4 4 6 0 0
4 4 6 1 0
4 4 6 2 0
4 4 6 3 0
4 4 6 4 0
4 4 6 5 0
4 4 6 6 0
4 4 6 7 0
4 4 6 8 0
4 4 6 9 0
4 4 6 10 0
4 4 6 11 0
4 4 6 12 0
4 4 6 13 0
4 4 6 14 0
4 4 6 15 0
4 4 7 0 0
4 4 7 1 0
4 4 7 2 0
4 4 7 3 0
4 4 7 4 0
4 4 7 5 0
4 4 7 6 0
4 4 7 7 0
4 4 7 8 0
4 4 7 9 0
4 4 7 10 0
4 4 7 11 0
4 4 7 12 0
4 4 7 13 0
4 4 7 14 0
4 4 7 15 0
4 4 8 0 0
4 4 8 1 0
4 4 8 2 0
4 4 8 3 0
4 4 8 4 0
4 4 8 5 0
4 4 8 6 0
4 4 8 7 0
4 4 8 8 0
4 4 8 9 0
4 4 8 10 0
4 4 8 11 0
4 4 8 12 0
4 4 8 13 0
4 4 8 14 0
4 4 8 15 0
4 4 9 0 0
4 4 9 1 0
4 4 9 2 0
4 4 9 3 0
4 4 9 4 6.421113496646939e-20
4 4 9 5 0
4 4 9 6 0
4 4 9 7 0
4 4 9 8 0
4 4 9 9 0
4 4 9 10 0
4 4 9 11 0
4 4 9 12 0
4 4 9 13 0
4 4 9 14 0
4 4 9 15 0
4 4 10 0 0
4 4 10 1 0
4 4 10 2 0
4 4 10 3 0
4 4 10 4 0
4 4 10 5 0
4 4 10 6 0
4 4 10 7 0
4 4 10 8 0
4 4 10 9 0
4 4 10 10 0
4 4 10 11 0
4 4 10 12 0
4 4 10 13 0
4 4 10 14 0
4 4 10 15 0
4 4 11 0 0
4 4 11 1 0
4 4 11 2 0
4 4 11 3 0
4 4 11 4 0
4 4 11 5 0
4 4 11 6 0
4 4 11 7 0
4 4 11 8 0
4 4 11 9 0
4 4 11 10 0
4 4 11 11 0
4 4 11 12 0
4 4 11 13 0
4 4 11 14 0
4 4 11 15 0
4 4 12 0 0
4 4 12 1 0
4 4 12 2 0
4 4 12 3 0
4 4 12 4 0
4 4 12 5 -6.720281355925011e-21
4 4 12 6 0
4 4 12 7 0
4 4 12 8 0
4 4 12 9 0
4 4 12 10 0
4 4 12 11 0
4 4 12 12 0
4 4 12 13 0
4 4 12 14 0
4 4 12 15 0
4 4 13 0 0
4 4 13 1 0
4 4 13 2 0
4 4 13 3 0
4 4 13 4 0
4 4 13 5 0
4 4 13 6 0
4 4 13 7 0
4 4 13 8 0
4 4 13 9 0
4 4 13 10 0
4 4 13 11 0
4 4 13 12 0
4 4 13 13 0
4 4 13 14 0
4 4 13 15 0
4 4 14 0 0
4 4 14 1 0
4 4 14 2 0
4 4 14 3 0
4 4 14 4 0
4 4 14 5 0
4 4 14 6 0
4 4 14 7 0
4 4 14 8 0
4 4 14 9 0
4 4 14 10 0
4 4 14 11 0
4 4 14 12 0
4 4 14 13 0
4 4 14 14 0
4 4 14 15 0
4 4 15 0 0
4 4 15 1 0
4 4 15 2 0
4 4 15 3 0
4 4 15 4 0
4 4 15 5 0
4 4 15 6 0
4 4 15 7 0
4 4 15 8 0
4 4 15 9 0
4 4 15 10 0
4 4 15 11 0
4 4 15 12 0
4 4 15 13 0
4 4 15 14 0
4 4 15 15 0
4 5 0 0 0
4 5 0 1 0
4 5 0 2 0
4 5 0 3 0
4 5 0 4 0
4 5 0 5 0
4 5 0 6 0
4 5 0 7 0
4 5 0 8 0
4 5 0 9 0
4 5 0 10 0
4 5 0 11 0
4 5 0 12 0
4 5 0 13 0
4 5 0 14 0
4 5 0 15 0
4 5 1 0 0
4 5 1 1 0
4 5 1 2 0
4 5 1 3 0
4 5 1 4 0
4 5 1 5 0
4 5 1 6 0
4 5 1 7 0
4 5 1 8 0
4 5 1 9 0
4 5 1 10 0
4 5 1 11 0
4 5 1 12 0
4 5 1 13 0
4 5 1 14 0
4 5 1 15 0
4 5 2 0 0
4 5 2 1 0
4 5 2 2 0
4 5 2 3 0
4 5 2 4 0
4 5 2 5 0
4 5 2 6 0
4 5 2 7 0
4 5 2 8 0
4 5 2 9 0
4 5 2 10 0
4 5 2 11 0
4 5 2 12 0
4 5 2 13 0
4 5 2 14 0
4 5 2 15 0
4 5 3 0 0
4 5 3 1 0
4 5 3 2 0
4 5 3 3 0
4 5 3 4 0
4 5 3 5 0
4 5 3 6 0
4 5 3 7 0
4 5 3 8 0
4 5 3 9 0
4 5 3 10 0
4 5 3 11 0
4 5 3 12 0
4 5 3 13 0
4 5 3 14 0
4 5 3 15 0
4 5 4 0 0
4 5 4 1 0
4 5 4 2 0
4 5 4 3 0
4 5 4 4 0
4 5 4 5 0.9794189330250472
4 5 4 6 0
4 5 4 7 0
4 5 4 8 0
4 5 4 9 0
4 5 4 10 0
4 5 4 11 0
4 5 4 12 0.04901920356137762
4 5 4 13 0
4 5 4 14 0
4 5 4 15 0
4 5 5 0 0
4 5 5 1 0
4 5 5 2 0
4 5 5 3 0
4 5 5 4 -0.9792519109634997
4 5 5 5 0
4 5 5 6 0
4 5 5 7 0
4 5 5 8 0
4 5 5 9 -0.05254392090253764
4 5 5 10 0
4 5 5 11 0
4 5 5 12 0
4 5 5 13 0
4 5 5 14 0
4 5 5 15 0
4 5 6 0 0
4 5 6 1 0
4 5 6 2 0
4 5 6 3 0
4 5 6 4 0
4 5 6 5 0
4 5 6 6 0
4 5 6 7 0
4 5 6 8 0
4 5 6 9 0
4 5 6 10 0
4 5 6 11 0
4 5 6 12 0
4 5 6 13 0
4 5 6 14 0
4 5 6 15 0
4 5 7 0 0
4 5 7 1 0
4 5 7 2 0
4 5 7 3 0
4 5 7 4 0
4 5 7 5 0
4 5 7 6 0
4 5 7 7 0
4 5 7 8 0
4 5 7 9 0
4 5 7 10 0
4 5 7 11 0
4 5 7 12 0
4 5 7 13 0
4 5 7 14 0
4 5 7 15 0
4 5 8 0 0
4 5 8 1 0
4 5 8 2 0
4 5 8 3 0
4 5 8 4 0
4 5 8 5 0
4 5 8 6 0
4 5 8 7 0
4 5 8 8 0
4 5 8 9 0
4 5 8 10 0
4 5 8 11 0
4 5 8 12 0
4 5 8 13 0
4 5 8 14 0
4 5 8 15 0
4 5 9 0 0
4 5 9 1 0
4 5 9 2 0
4 5 9 3 0
4 5 9 4 0
4 5 9 5 0.05254392090253765
4 5 9 6 0
4 5 9 7 0
4 5 9 8 0
4 5 9 9 0
4 5 9 10 0
4 5 9 11 0
4 5 9 12 0
4 5 9 13 0
4 5 9 14 0
4 5 9 15 0
4 5 10 0 0
4 5 10 1 0
4 5 10 2 0
4 5 10 3 0
4 5 10 4 0
4 5 10 5 0
4 5 10 6 0
4 5 10 7 0
4 5 10 8 0
4 5 10 9 0
4 5 10 10 0
4 5 10 11 0
4 5 10 12 0
4 5 10 13 0
4 5 10 14 0
4 5 10 15 0
4 5 11 0 0
4 5 11 1 0
4 5 11 2 0
4 5 11 3 0
4 5 11 4 0
4 5 11 5 0
4 5 11 6 0
4 5 11 7 0
4 5 11 8 0
4 5 11 9 0
4 5 11 10 0
4 5 11 11 0
4 5 11 12 0
4 5 11 13 0
4 5 11 14 0
4 5 11 15 0
4 5 12 0 0
4 5 12 1 0
4 5 12 2 0
4 5 12 3 0
4 5 12 4 -0.04901920356137762
4 5 12 5 0
4 5 12 6 0
4 5 12 7 0
4 5 12 8 0
4 5 12 9 0
4 5 12 10 0
4 5 12 11 0
4 5 12 12 0
4 5 12 13 0
4 5 12 14 0
4 5 12 15 0
4 5 13 0 0
4 5 13 1 0
4 5 13 2 0
4 5 13 3 0
4 5 13 4 0
4 5 13 5 0
4 5 13 6 0
4 5 13 7 0
4 5 13 8 0
4 5 13 9 0
4 5 13 10 0
4 5 13 11 0
4 5 13 12 0
4 5 13 13 0
4 5 13 14 0
4 5 13 15 0
4 5 14 0 0
4 5 14 1 0
4 5 14 2 0
4 5 14 3 0
4 5 14 4 0
4 5 14 5 0
4 5 14 6 0
4 5 14 7 0
4 5 14 8 0
4 5 14 9 0
4 5 14 10 0
4 5 14 11 0
4 5 14 12 0
4 5 14 13 0
4 5 14 14 0
4 5 14 15 0
4 5 15 0 0
4 5 15 1 0
4 5 15 2 0
4 5 15 3 0
4 5 15 4 0
4 5 15 5 0
4 5 15 6 0
4 5 15 7 0
4 5 15 8 0
4 5 15 9 0
4 5 15 10 0
4 5 15 11 0
4 5 15 12 0
4 5 15 13 0
4 5 15 14 0
4 5 15 15 0
4 6 0 0 0
4 6 0 1 0
4 6 0 2 0
4 6 0 3 0
4 6 0 4 0
4 6 0 5 0
4 6 0 6 0
4 6 0 7 0
4 6 0 8 0
4 6 0 9 0
4 6 0 10 0
4 6 0 11 0
4 6 0 12 0
4 6 0 13 0
4 6 0 14 0
4 6 0 15 0
4 6 1 0 0
4 6 1 1 0
4 6 1 2 0
4 6 1 3 0
4 6 1 4 0
4 6 1 5 0
4 6 1 6 0
4 6 1 7 0
4 6 1 8 0
4 6 1 9 0
4 6 1 10 0
4 6 1 11 0
4 6 1 12 0
4 6 1 13 0
4 6 1 14 0
4 6 1 15 0
4 6 2 0 0
4 6 2 1 0
4 6 2 2 0
4 6 2 3 0
4 6 2 4 0
4 6 2 5 0
4 6 2 6 0
4 6 2 7 0
4 6 2 8 0
4 6 2 9 0
4 6 2 10 0
4 6 2 11 0
4 6 2 12 0
4 6 2 13 0
4 6 2 14 0
4 6 2 15 0
4 6 3 0 0
4 6 3 1 0
4 6 3 2 0
4 6 3 3 0
4 6 3 4 0
4 6 3 5 -0.03192435818988123
4 6 3 6 0
4 6 3 7 0
4 6 3 8 0
4 6 3 9 0
4 6 3 10 0
4 6 3 11 0
4 6 3 12 5.125389436198141e-20
4 6 3 13 0
4 6 3 14 0
4 6 3 15 0
4 6 4 0 0
4 6 4 1 0
4 6 4 2 0
4 6 4 3 0
4 6 4 4 0
4 6 4 5 0
4 6 4 6 0.9791481277078284
4 6 4 7 0
4 6 4 8 0
4 6 4 9 0
4 6 4 10 0
4 6 4 11 0
4 6 4 12 0
4 6 4 13 0.04963048162576172
4 6 4 14 0
4 6 4 15 0
4 6 5 0 0
4 6 5 1 0
4 6 5 2 0
4 6 5 3 -1.734723475976807e-18
4 6 5 4 0
4 6 5 5 0
4 6 5 6 0
4 6 5 7 0
4 6 5 8 5.358440384422211e-20
4 6 5 9 0
4 6 5 10 0
4 6 5 11 0
4 6 5 12 0
4 6 5 13 0
4 6 5 14 0
4 6 5 15 0
4 6 6 0 0
4 6 6 1 0
4 6 6 2 0
4 6 6 3 0
4 6 6 4 -0.9145403157488219
4 6 6 5 0
4 6 6 6 0
4 6 6 7 0
4 6 6 8 0
4 6 6 9 -0.05254392090253764
4 6 6 10 0
4 6 6 11 0
4 6 6 12 0
4 6 6 13 0
4 6 6 14 0
4 6 6 15 0
4 6 7 0 0
4 6 7 1 0
4 6 7 2 0
4 6 7 3 0
4 6 7 4 0
4 6 7 5 0
4 6 7 6 0
4 6 7 7 0
4 6 7 8 0
4 6 7 9 0
4 6 7 10 0
4 6 7 11 0
4 6 7 12 0
4 6 7 13 0
4 6 7 14 0
4 6 7 15 0
4 6 8 0 0
4 6 8 1 0
4 6 8 2 0
4 6 8 3 0
4 6 8 4 0
4 6 8 5 -1.772655969078094e-20
4 6 8 6 0
4 6 8 7 0
4 6 8 8 0
4 6 8 9 0
4 6 8 10 0
4 6 8 11 0
4 6 8 12 0
4 6 8 13 0
4 6 8 14 0
4 6 8 15 0
4 6 9 0 0
4 6 9 1 0
4 6 9 2 0
4 6 9 3 0
4 6 9 4 0
4 6 9 5 0
4 6 9 6 0.05254392090253764
4 6 9 7 0
4 6 9 8 0
4 6 9 9 0
4 6 9 10 0
4 6 9 11 0
4 6 9 12 0
4 6 9 13 0
4 6 9 14 0
4 6 9 15 0
4 6 10 0 0
4 6 10 1 0
4 6 10 2 0
4 6 10 3 0
4 6 10 4 0
4 6 10 5 0
4 6 10 6 0
4 6 10 7 0
4 6 10 8 0
4 6 10 9 0
4 6 10 10 0
4 6 10 11 0
4 6 10 12 0
4 6 10 13 0
4 6 10 14 0
4 6 10 15 0
4 6 11 0 0
4 6 11 1 0
4 6 11 2 0
4 6 11 3 0
4 6 11 4 0
4 6 11 5 0
4 6 11 6 0
4 6 11 7 0
4 6 11 8 0
4 6 11 9 0
4 6 11 10 0
4 6 11 11 0
4 6 11 12 0
4 6 11 13 0
4 6 11 14 0
4 6 11 15 0
4 6 12 0 0
4 6 12 1 0
4 6 12 2 0
4 6 12 3 -3.229528307613255e-20
4 6 12 4 0
4 6 12 5 0
4 6 12 6 0
4 6 12 7 0
4 6 12 8 0
4 6 12 9 0
4 6 12 10 0
4 6 12 11 0
4 6 12 12 0
4 6 12 13 0
4 6 12 14 0
4 6 12 15 0
4 6 13 0 0
4 6 13 1 0
4 6 13 2 0
4 6 13 3 0
4 6 13 4 -0.04963048162576172
4 6 13 5 0
4 6 13 6 0
4 6 13 7 0
4 6 13 8 0
4 6 13 9 0
4 6 13 10 0
4 6 13 11 0
4 6 13 12 0
4 6 13 13 0
4 6 13 14 0
4 6 13 15 0
4 6 14 0 0
4 6 14 1 0
4 6 14 2 0
4 6 14 3 0
4 6 14 4 0
4 6 14 5 0
4 6 14 6 0
4 6 14 7 0
4 6 14 8 0
4 6 14 9 0
4 6 14 10 0
4 6 14 11 0
4 6 14 12 0
4 6 14 13 0
4 6 14 14 0
4 6 14 15 0
4 6 15 0 0
4 6 15 1 0
4 6 15 2 0
4 6 15 3 0
4 6 15 4 0
4 6 15 5 0
4 6 15 6 0
4 6 15 7 0
4 6 15 8 0
4 6 15 9 0
4 6 15 10 0
4 6 15 11 0
4 6 15 12 0
4 6 15 13 0
4 6 15 14 0
4 6 15 15 0
4 7 0 0 0
4 7 0 1 0
4 7 0 2 0
4 7 0 3 0
4 7 0 4 0
4 7 0 5 0
4 7 0 6 0
4 7 0 7 0
4 7 0 8 0
4 7 0 9 0
4 7 0 10 0
4 7 0 11 0
4 7 0 12 0
4 7 0 13 0
4 7 0 14 0
4 7 0 15 0
4 7 1 0 0
4 7 1 1 0
4 7 1 2 0
4 7 1 3 0
4 7 1 4 0
4 7 1 5 0
4 7 1 6 0
4 7 1 7 0
4 7 1 8 0
4 7 1 9 0
4 7 1 10 0
4 7 1 11 0
4 7 1 12 0
4 7 1 13 0
4 7 1 14 0
4 7 1 15 0
4 7 2 0 0
4 7 2 1 0
4 7 2 2 0
4 7 2 3 0
4 7 2 4 0
4 7 2 5 0.0951179788535101
4 7 2 6 0
4 7 2 7 0
4 7 2 8 0
4 7 2 9 0
4 7 2 10 0
4 7 2 11 0
4 7 2 12 0.006752533336563045
4 7 2 13 0
4 7 2 14 0
4 7 2 15 0
4 7 3 0 0
4 7 3 1 0
4 7 3 2 0
4 7 3 3 0
4 7 3 4 0
4 7 3 5 0
4 7 3 6 0
4 7 3 7 0
4 7 3 8 0
4 7 3 9 0
4 7 3 10 0
4 7 3 11 0
4 7 3 12 0
4 7 3 13 0
4 7 3 14 0
4 7 3 15 0
4 7 4 0 0
4 7 4 1 0
4 7 4 2 0
4 7 4 3 0
4 7 4 4 0
4 7 4 5 0
4 7 4 6 0
4 7 4 7 0.4551352916752853
4 7 4 8 0
4 7 4 9 0
4 7 4 10 0
4 7 4 11 0
4 7 4 12 0
4 7 4 13 0
4 7 4 14 0
4 7 4 15 0
4 7 5 0 0
4 7 5 1 0
4 7 5 2 6.938893903907228e-18
4 7 5 3 0
4 7 5 4 0
4 7 5 5 0
4 7 5 6 0
4 7 5 7 0
4 7 5 8 0
4 7 5 9 0
4 7 5 10 0
4 7 5 11 -0.0003671941826562768
4 7 5 12 0
4 7 5 13 0
4 7 5 14 0.001387893274629376
4 7 5 15 0
4 7 6 0 0
4 7 6 1 0
4 7 6 2 0
4 7 6 3 0
4 7 6 4 0
4 7 6 5 0
4 7 6 6 0
4 7 6 7 0
4 7 6 8 0
4 7 6 9 0
4 7 6 10 0
4 7 6 11 0
4 7 6 12 0
4 7 6 13 0
4 7 6 14 0
4 7 6 15 0
4 7 7 0 0
4 7 7 1 0
4 7 7 2 0
4 7 7 3 0
4 7 7 4 -0.2921555236717354
4 7 7 5 0
4 7 7 6 0
4 7 7 7 0
4 7 7 8 0
4 7 7 9 0
4 7 7 10 0
4 7 7 11 0
4 7 7 12 0
4 7 7 13 0
4 7 7 14 0
4 7 7 15 0
4 7 8 0 0
4 7 8 1 0
4 7 8 2 0
4 7 8 3 0
4 7 8 4 0
4 7 8 5 0
4 7 8 6 0
4 7 8 7 0
4 7 8 8 0
4 7 8 9 0
4 7 8 10 0
4 7 8 11 0
4 7 8 12 0
4 7 8 13 0
4 7 8 14 0
4 7 8 15 0
4 7 9 0 0
4 7 9 1 0
4 7 9 2 0
4 7 9 3 0
4 7 9 4 0
4 7 9 5 0
4 7 9 6 0
4 7 9 7 0
4 7 9 8 0
4 7 9 9 0
4 7 9 10 0
4 7 9 11 0
4 7 9 12 0
4 7 9 13 0
4 7 9 14 0
4 7 9 15 0
4 7 10 0 0
4 7 10 1 0
4 7 10 2 0
4 7 10 3 0
4 7 10 4 0
4 7 10 5 0
4 7 10 6 0
4 7 10 7 0
4 7 10 8 0
4 7 10 9 0
4 7 10 10 0
4 7 10 11 0
4 7 10 12 0
4 7 10 13 0
4 7 10 14 0
4 7 10 15 0
4 7 11 0 0
4 7 11 1 0
4 7 11 2 0
4 7 11 3 0
4 7 11 4 0
4 7 11 5 -0.002272481069923738
4 7 11 6 0
4 7 11 7 0
4 7 11 8 0
4 7 11 9 0
4 7 11 10 0
4 7 11 11 0
4 7 11 12 0
4 7 11 13 0
4 7 11 14 0
4 7 11 15 0
4 7 12 0 0
4 7 12 1 0
4 7 12 2 4.336808689942018e-19
4 7 12 3 0
4 7 12 4 0
4 7 12 5 0
4 7 12 6 0
4 7 12 7 0
4 7 12 8 0
4 7 12 9 0
4 7 12 10 0
4 7 12 11 0
4 7 12 12 0
4 7 12 13 0
4 7 12 14 0
4 7 12 15 0
4 7 13 0 0
4 7 13 1 0
4 7 13 2 0
4 7 13 3 0
4 7 13 4 0
4 7 13 5 0
4 7 13 6 0
4 7 13 7 0
4 7 13 8 0
4 7 13 9 0
4 7 13 10 0
4 7 13 11 0
4 7 13 12 0
4 7 13 13 0
4 7 13 14 0
4 7 13 15 0
4 7 14 0 0
4 7 14 1 0
4 7 14 2 0
4 7 14 3 0
4 7 14 4 0
4 7 14 5 0.0006727608368393319
4 7 14 6 0
4 7 14 7 0
4 7 14 8 0
4 7 14 9 0
4 7 14 10 0
4 7 14 11 0
4 7 14 12 0
4 7 14 13 0
4 7 14 14 0
4 7 14 15 0
4 7 15 0 0
4 7 15 1 0
4 7 15 2 0
4 7 15 3 0
4 7 15 4 0
4 7 15 5 0
4 7 15 6 0
4 7 15 7 0
4 7 15 8 0
4 7 15 9 0
4 7 15 10 0
4 7 15 11 0
4 7 15 12 0
4 7 15 13 0
4 7 15 14 0
4 7 15 15 0
4 8 0 0 0
4 8 0 1 0
4 8 0 2 0
4 8 0 3 0
4 8 0 4 0
4 8 0 5 0
4 8 0 6 0
4 8 0 7 0
4 8 0 8 0
4 8 0 9 0
4 8 0 10 0
4 8 0 11 0
4 8 0 12 0
4 8 0 13 0
4 8 0 14 0
4 8 0 15 0
4 8 1 0 0
4 8 1 1 0
4 8 1 2 0
4 8 1 3 0
4 8 1 4 0
4 8 1 5 0
4 8 1 6 0
4 8 1 7 0
4 8 1 8 0
4 8 1 9 0
4 8 1 10 0
4 8 1 11 0
4 8 1 12 0
4 8 1 13 0
4 8 1 14 0
4 8 1 15 0
4 8 2 0 0
4 8 2 1 0
4 8 2 2 0
4 8 2 3 0
4 8 2 4 0
4 8 2 5 0
4 8 2 6 0
4 8 2 7 0
4 8 2 8 0
4 8 2 9 0
4 8 2 10 0
4 8 2 11 0
4 8 2 12 0
4 8 2 13 0
4 8 2 14 0
4 8 2 15 0
4 8 3 0 0
4 8 3 1 0
4 8 3 2 0
4 8 3 3 0
4 8 3 4 -0.05347125436851321
4 8 3 5 0
4 8 3 6 0
4 8 3 7 0
4 8 3 8 0
4 8 3 9 -0.004068934719548928
4 8 3 10 0
4 8 3 11 0
4 8 3 12 0
4 8 3 13 0
4 8 3 14 0
4 8 3 15 0
4 8 4 0 0
4 8 4 1 0
4 8 4 2 0
4 8 4 3 0.05347125436851321
4 8 4 4 0
4 8 4 5 0
4 8 4 6 0
4 8 4 7 0
4 8 4 8 0.004140746249246275
4 8 4 9 0
4 8 4 10 0
4 8 4 11 0
4 8 4 12 0
4 8 4 13 0
4 8 4 14 0
4 8 4 15 0
4 8 5 0 0
4 8 5 1 0
4 8 5 2 0
4 8 5 3 0
4 8 5 4 0
4 8 5 5 0
4 8 5 6 5.834570149431065e-21
4 8 5 7 0
4 8 5 8 0
4 8 5 9 0
4 8 5 10 0
4 8 5 11 0
4 8 5 12 0
4 8 5 13 1.407184915842614e-20
4 8 5 14 0
4 8 5 15 0
4 8 6 0 0
4 8 6 1 0
4 8 6 2 0
4 8 6 3 0
4 8 6 4 0
4 8 6 5 7.705369644160156e-20
4 8 6 6 0
4 8 6 7 0
4 8 6 8 0
4 8 6 9 0
4 8 6 10 0
4 8 6 11 0
4 8 6 12 -2.832759171457404e-21
4 8 6 13 0
4 8 6 14 0
4 8 6 15 0
4 8 7 0 0
4 8 7 1 0
4 8 7 2 0
4 8 7 3 0
4 8 7 4 0
4 8 7 5 0
4 8 7 6 0
4 8 7 7 0
4 8 7 8 0
4 8 7 9 0
4 8 7 10 0
4 8 7 11 0
4 8 7 12 0
4 8 7 13 0
4 8 7 14 0
4 8 7 15 0
4 8 8 0 0
4 8 8 1 0
4 8 8 2 0
4 8 8 3 0
4 8 8 4 -0.004140746249246275
4 8 8 5 0
4 8 8 6 0
4 8 8 7 0
4 8 8 8 0
4 8 8 9 0
4 8 8 10 0
4 8 8 11 0
4 8 8 12 0
4 8 8 13 0
4 8 8 14 0
4 8 8 15 0
4 8 9 0 0
4 8 9 1 0
4 8 9 2 0
4 8 9 3 0.004068934719548929
4 8 9 4 0
4 8 9 5 0
4 8 9 6 0
4 8 9 7 0
4 8 9 8 0
4 8 9 9 0
4 8 9 10 0
4 8 9 11 0
4 8 9 12 0
4 8 9 13 0
4 8 9 14 0
4 8 9 15 0
4 8 10 0 0
4 8 10 1 0
4 8 10 2 0
4 8 10 3 0
4 8 10 4 0
4 8 10 5 0
4 8 10 6 0
4 8 10 7 0
4 8 10 8 0
4 8 10 9 0
4 8 10 10 0
4 8 10 11 0
4 8 10 12 0
4 8 10 13 0
4 8 10 14 0
4 8 10 15 0
4 8 11 0 0
4 8 11 1 0
4 8 11 2 0
4 8 11 3 0
4 8 11 4 0
4 8 11 5 0
4 8 11 6 0
4 8 11 7 0
4 8 11 8 0
4 8 11 9 0
4 8 11 10 0
4 8 11 11 0
4 8 11 12 0
4 8 11 13 0
4 8 11 14 0
4 8 11 15 0
4 8 12 0 0
4 8 12 1 0
4 8 12 2 0
4 8 12 3 0
4 8 12 4 0
4 8 12 5 0
4 8 12 6 1.193683218173499e-20
4 8 12 7 0
4 8 12 8 0
4 8 12 9 0
4 8 12 10 0
4 8 12 11 0
4 8 12 12 0
4 8 12 13 0
4 8 12 14 0
4 8 12 15 0
4 8 13 0 0
4 8 13 1 0
4 8 13 2 0
4 8 13 3 0
4 8 13 4 0
4 8 13 5 -5.4234323044238e-21
4 8 13 6 0
4 8 13 7 0
4 8 13 8 0
4 8 13 9 0
4 8 13 10 0
4 8 13 11 0
4 8 13 12 0
4 8 13 13 0
4 8 13 14 0
4 8 13 15 0
4 8 14 0 0
4 8 14 1 0
4 8 14 2 0
4 8 14 3 0
4 8 14 4 0
4 8 14 5 0
4 8 14 6 0
4 8 14 7 0
4 8 14 8 0
4 8 14 9 0
4 8 14 10 0
4 8 14 11 0
4 8 14 12 0
4 8 14 13 0
4 8 14 14 0
4 8 14 15 0
4 8 15 0 0
4 8 15 1 0
4 8 15 2 0
4 8 15 3 0
4 8 15 4 0
4 8 15 5 0
4 8 15 6 0
4 8 15 7 0
4 8 15 8 0
4 8 15 9 0
4 8 15 10 0
4 8 15 11 0
4 8 15 12 0
4 8 15 13 0
4 8 15 14 0
4 8 15 15 0
4 9 0 0 0
4 9 0 1 0
4 9 0 2 0
4 9 0 3 0
4 9 0 4 0
4 9 0 5 0
4 9 0 6 0
4 9 0 7 0
4 9 0 8 0
4 9 0 9 0
4 9 0 10 0
4 9 0 11 0
4 9 0 12 0
4 9 0 13 0
4 9 0 14 0
4 9 0 15 0
4 9 1 0 0
4 9 1 1 0
4 9 1 2 0
4 9 1 3 0
4 9 1 4 0
4 9 1 5 0
4 9 1 6 0
4 9 1 7 0
4 9 1 8 0
4 9 1 9 0
4 9 1 10 0
4 9 1 11 0
4 9 1 12 0
4 9 1 13 0
4 9 1 14 0
4 9 1 15 0
4 9 2 0 0
4 9 2 1 0
4 9 2 2 0
4 9 2 3 0
4 9 2 4 0
4 9 2 5 0
4 9 2 6 0
4 9 2 7 0
4 9 2 8 0
4 9 2 9 0
4 9 2 10 0
4 9 2 11 0
4 9 2 12 0
4 9 2 13 0
4 9 2 14 0
4 9 2 15 0
4 9 3 0 0
4 9 3 1 0
4 9 3 2 0
4 9 3 3 0
4 9 3 4 0
4 9 3 5 0
4 9 3 6 0
4 9 3 7 0
4 9 3 8 0
4 9 3 9 0
4 9 3 10 0
4 9 3 11 0
4 9 3 12 0
4 9 3 13 0
4 9 3 14 0
4 9 3 15 0
4 9 4 0 0
4 9 4 1 0
4 9 4 2 0
4 9 4 3 0
4 9 4 4 6.421113496646939e-20
4 9 4 5 0
4 9 4 6 0
4 9 4 7 0
4 9 4 8 0
4 9 4 9 4.383881193604675e-20
4 9 4 10 0
4 9 4 11 0
4 9 4 12 0
4 9 4 13 0
4 9 4 14 0
4 9 4 15 0
4 9 5 0 0
4 9 5 1 0
4 9 5 2 0
4 9 5 3 0
4 9 5 4 0
4 9 5 5 -3.21205622904142e-20
4 9 5 6 0
4 9 5 7 0
4 9 5 8 0
4 9 5 9 0
4 9 5 10 0
4 9 5 11 0
4 9 5 12 -8.831797625274296e-21
4 9 5 13 0
4 9 5 14 0
4 9 5 15 0
4 9 6 0 0
4 9 6 1 0
4 9 6 2 0
4 9 6 3 0
4 9 6 4 0
4 9 6 5 0
4 9 6 6 0
4 9 6 7 0
4 9 6 8 0
4 9 6 9 0
4 9 6 10 0
4 9 6 11 0
4 9 6 12 0
4 9 6 13 0
4 9 6 14 0
4 9 6 15 0
4 9 7 0 0
4 9 7 1 0
4 9 7 2 0
4 9 7 3 0
4 9 7 4 0
4 9 7 5 0
4 9 7 6 0
4 9 7 7 0
4 9 7 8 0
4 9 7 9 0
4 9 7 10 0
4 9 7 11 0
4 9 7 12 0
4 9 7 13 0
4 9 7 14 0
4 9 7 15 0
4 9 8 0 0
4 9 8 1 0
4 9 8 2 0
4 9 8 3 0
4 9 8 4 0
4 9 8 5 0
4 9 8 6 0
4 9 8 7 0
4 9 8 8 0
4 9 8 9 0
4 9 8 10 0
4 9 8 11 0
4 9 8 12 0
4 9 8 13 0
4 9 8 14 0
4 9 8 15 0
4 9 9 0 0
4 9 9 1 0
4 9 9 2 0
4 9 9 3 0
4 9 9 4 4.251031713837984e-20
4 9 9 5 0
4 9 9 6 0
4 9 9 7 0
4 9 9 8 0
4 9 9 9 0
4 9 9 10 0
4 9 9 11 0
4 9 9 12 0
4 9 9 13 0
4 9 9 14 0
4 9 9 15 0
4 9 10 0 0
4 9 10 1 0
4 9 10 2 0
4 9 10 3 0
4 9 10 4 0
4 9 10 5 0
4 9 10 6 0
4 9 10 7 0
4 9 10 8 0
4 9 10 9 0
4 9 10 10 0
4 9 10 11 0
4 9 10 12 0
4 9 10 13 0
4 9 10 14 0
4 9 10 15 0
4 9 11 0 0
4 9 11 1 0
4 9 11 2 0
4 9 11 3 0
4 9 11 4 0
4 9 11 5 0
4 9 11 6 0
4 9 11 7 0
4 9 11 8 0
4 9 11 9 0
4 9 11 10 0
4 9 11 11 0
4 9 11 12 0
4 9 11 13 0
4 9 11 14 0
4 9 11 15 0
4 9 12 0 0
4 9 12 1 0
4 9 12 2 0
4 9 12 3 0
4 9 12 4 0
4 9 12 5 -8.120787927082982e-21
4 9 12 6 0
4 9 12 7 0
4 9 12 8 0
4 9 12 9 0
4 9 12 10 0
4 9 12 11 0
4 9 12 12 0
4 9 12 13 0
4 9 12 14 0
4 9 12 15 0
4 9 13 0 0
4 9 13 1 0
4 9 13 2 0
4 9 13 3 0
4 9 13 4 0
4 9 13 5 0
4 9 13 6 0
4 9 13 7 0
4 9 13 8 0
4 9 13 9 0
4 9 13 10 0
4 9 13 11 0
4 9 13 12 0
4 9 13 13 0
4 9 13 14 0
4 9 13 15 0
4 9 14 0 0
4 9 14 1 0
4 9 14 2 0
4 9 14 3 0
4 9 14 4 0
4 9 14 5 0
4 9 14 6 0
4 9 14 7 0
4 9 14 8 0
4 9 14 9 0
4 9 14 10 0
4 9 14 11 0
4 9 14 12 0
4 9 14 13 0
4 9 14 14 0
4 9 14 15 0
4 9 15 0 0
4 9 15 1 0
4 9 15 2 0
4 9 15 3 0
4 9 15 4 0
4 9 15 5 0
4 9 15 6 0
4 9 15 7 0
4 9 15 8 0
4 9 15 9 0
4 9 15 10 0
4 9 15 11 0
4 9 15 12 0
4 9 15 13 0
4 9 15 14 0
4 9 15 15 0
4 10 0 0 0
4 10 0 1 0
4 10 0 2 0
4 10 0 3 0
4 10 0 4 0
4 10 0 5 0
4 10 0 6 0
4 10 0 7 0
4 10 0 8 0
4 10 0 9 0
4 10 0 10 0
4 10 0 11 0
4 10 0 12 0
4 10 0 13 0
4 10 0 14 0
4 10 0 15 0
4 10 1 0 0
4 10 1 1 0
4 10 1 2 0
4 10 1 3 0
4 10 1 4 0
4 10 1 5 0
4 10 1 6 0
4 10 1 7 0
4 10 1 8 0
4 10 1 9 0
4 10 1 10 0
4 10 1 11 0
4 10 1 12 0
4 10 1 13 0
4 10 1 14 0
4 10 1 15 0
4 10 2 0 0
4 10 2 1 0
4 10 2 2 0
4 10 2 3 0
4 10 2 4 0
4 10 2 5 0
4 10 2 6 0
4 10 2 7 0
4 10 2 8 0
4 10 2 9 0
4 10 2 10 0
4 10 2 11 0
4 10 2 12 0
4 10 2 13 0
4 10 2 14 0
4 10 2 15 0
4 10 3 0 0
4 10 3 1 0
4 10 3 2 0
4 10 3 3 0
4 10 3 4 0
4 10 3 5 0
4 10 3 6 0
4 10 3 7 0
4 10 3 8 0
4 10 3 9 0
4 10 3 10 0
4 10 3 11 0
4 10 3 12 0
4 10 3 13 0
4 10 3 14 0
4 10 3 15 0
4 10 4 0 0
4 10 4 1 0
4 10 4 2 0
4 10 4 3 0
4 10 4 4 0
4 10 4 5 0
4 10 4 6 0
4 10 4 7 0
4 10 4 8 0
4 10 4 9 0
4 10 4 10 0
4 10 4 11 0
4 10 4 12 0
4 10 4 13 0
4 10 4 14 0
4 10 4 15 0
4 10 5 0 0
4 10 5 1 0
4 10 5 2 0
4 10 5 3 0
4 10 5 4 0
4 10 5 5 0
4 10 5 6 0
4 10 5 7 0
4 10 5 8 0
4 10 5 9 0
4 10 5 10 0
4 10 5 11 0
4 10 5 12 0
4 10 5 13 0
4 10 5 14 0
4 10 5 15 0
4 10 6 0 0
4 10 6 1 0
4 10 6 2 0
4 10 6 3 0
4 10 6 4 0
4 10 6 5 0
4 10 6 6 0
4 10 6 7 0
4 10 6 8 0
4 10 6 9 0
4 10 6 10 0
4 10 6 11 0
4 10 6 12 0
4 10 6 13 0
4 10 6 14 0
4 10 6 15 0
4 10 7 0 0
4 10 7 1 0
4 10 7 2 0
4 10 7 3 0
4 10 7 4 0
4 10 7 5 0
4 10 7 6 0
4 10 7 7 0
4 10 7 8 0
4 10 7 9 0
4 10 7 10 0
4 10 7 11 0
4 10 7 12 0
4 10 7 13 0
4 10 7 14 0
4 10 7 15 0
4 10 8 0 0
4 10 8 1 0
4 10 8 2 0
4 10 8 3 0
4 10 8 4 0
4 10 8 5 0
4 10 8 6 0
4 10 8 7 0
4 10 8 8 0
4 10 8 9 0
4 10 8 10 0
4 10 8 11 0
4 10 8 12 0
4 10 8 13 0
4 10 8 14 0
4 10 8 15 0
4 10 9 0 0
4 10 9 1 0
4 10 9 2 0
4 10 9 3 0
4 10 9 4 0
4 10 9 5 0
4 10 9 6 0
4 10 9 7 0
4 10 9 8 0
4 10 9 9 0
4 10 9 10 0
4 10 9 11 0
4 10 9 12 0
4 10 9 13 0
4 10 9 14 0
4 10 9 15 0
4 10 10 0 0
4 10 10 1 0
4 10 10 2 0
4 10 10 3 0
4 10 10 4 0
4 10 10 5 0
4 10 10 6 0
4 10 10 7 0
4 10 10 8 0
4 10 10 9 0
4 10 10 10 0
4 10 10 11 0
4 10 10 12 0
4 10 10 13 0
4 10 10 14 0
4 10 10 15 0
4 10 11 0 0
4 10 11 1 0
4 10 11 2 0
4 10 11 3 0
4 10 11 4 0
4 10 11 5 0
4 10 11 6 0
4 10 11 7 0
4 10 11 8 0
4 10 11 9 0
4 10 11 10 0
4 10 11 11 0
4 10 11 12 0
4 10 11 13 0
4 10 11 14 0
4 10 11 15 0
4 10 12 0 0
4 10 12 1 0
4 10 12 2 0
4 10 12 3 0
4 10 12 4 0
4 10 12 5 0
4 10 12 6 0
4 10 12 7 0
4 10 12 8 0
4 10 12 9 0
4 10 12 10 0
4 10 12 11 0
4 10 12 12 0
4 10 12 13 0
4 10 12 14 0
4 10 12 15 0
4 10 13 0 0
4 10 13 1 0
4 10 13 2 0
4 10 13 3 0
4 10 13 4 0
4 10 13 5 0
4 10 13 6 0
4 10 13 7 0
4 10 13 8 0
4 10 13 9 0
4 10 13 10 0
4 10 13 11 0
4 10 13 12 0
4 10 13 13 0
4 10 13 14 0
4 10 13 15 0
4 10 14 0 0
4 10 14 1 0
4 10 14 2 0
4 10 14 3 0
4 10 14 4 0
4 10 14 5 0
4 10 14 6 0
4 10 14 7 0
4 10 14 8 0
4 10 14 9 0
4 10 14 10 0
4 10 14 11 0
4 10 14 12 0
4 10 14 13 0
4 10 14 14 0
4 10 14 15 0
4 10 15 0 0
4 10 15 1 0
4 10 15 2 0
4 10 15 3 0
4 10 15 4 0
4 10 15 5 0
4 10 15 6 0
4 10 15 7 0
4 10 15 8 0
4 10 15 9 0
4 10 15 10 0
4 10 15 11 0
4 10 15 12 0
4 10 15 13 0
4 10 15 14 0
4 10 15 15 0
4 11 0 0 0
4 11 0 1 0
4 11 0 2 0
4 11 0 3 0
4 11 0 4 -0.0110461248250297
4 11 0 5 0
4 11 0 6 0
4 11 0 7 0
4 11 0 8 0
4 11 0 9 -0.0007307575911964721
4 11 0 10 0
4 11 0 11 0
4 11 0 12 0
4 11 0 13 0
4 11 0 14 0
4 11 0 15 0
4 11 1 0 0
4 11 1 1 0
4 11 1 2 0
4 11 1 3 0
4 11 1 4 0
4 11 1 5 0
4 11 1 6 0
4 11 1 7 0
4 11 1 8 0
4 11 1 9 0
4 11 1 10 0
4 11 1 11 0
4 11 1 12 0
4 11 1 13 0
4 11 1 14 0
4 11 1 15 0
4 11 2 0 0
4 11 2 1 0
4 11 2 2 0
4 11 2 3 0
4 11 2 4 0.008090281131747243
4 11 2 5 0
4 11 2 6 0
4 11 2 7 0
4 11 2 8 0
4 11 2 9 0.0006156359370402642
4 11 2 10 0
4 11 2 11 0
4 11 2 12 0
4 11 2 13 0
4 11 2 14 0
4 11 2 15 0
4 11 3 0 0
4 11 3 1 0
4 11 3 2 0
4 11 3 3 0
4 11 3 4 0
4 11 3 5 0
4 11 3 6 0
4 11 3 7 0
4 11 3 8 0
4 11 3 9 0
4 11 3 10 0
4 11 3 11 0
4 11 3 12 0
4 11 3 13 0
4 11 3 14 0
4 11 3 15 0
4 11 4 0 -0.0133643981395334
4 11 4 1 0
4 11 4 2 -0.02458708412460262
4 11 4 3 0
4 11 4 4 0
4 11 4 5 0
4 11 4 6 0
4 11 4 7 0
4 11 4 8 0
4 11 4 9 0
4 11 4 10 0
4 11 4 11 0.001209668881451395
4 11 4 12 0
4 11 4 13 0
4 11 4 14 -0.0005394464571167848
4 11 4 15 0
4 11 5 0 0
4 11 5 1 0
4 11 5 2 0
4 11 5 3 0
4 11 5 4 0
4 11 5 5 0
4 11 5 6 0
4 11 5 7 0
4 11 5 8 0
4 11 5 9 0
4 11 5 10 0
4 11 5 11 0
4 11 5 12 0
4 11 5 13 0
4 11 5 14 0
4 11 5 15 0
4 11 6 0 0
4 11 6 1 0
4 11 6 2 0
4 11 6 3 0
4 11 6 4 0
4 11 6 5 0
4 11 6 6 0
4 11 6 7 0
4 11 6 8 0
4 11 6 9 0
4 11 6 10 0
4 11 6 11 0
4 11 6 12 0
4 11 6 13 0
4 11 6 14 0
4 11 6 15 0
4 11 7 0 0
4 11 7 1 0
4 11 7 2 0
4 11 7 3 0
4 11 7 4 0
4 11 7 5 0
4 11 7 6 0
4 11 7 7 0
4 11 7 8 0
4 11 7 9 0
4 11 7 10 0
4 11 7 11 0
4 11 7 12 0
4 11 7 13 0
4 11 7 14 0
4 11 7 15 0
4 11 8 0 0
4 11 8 1 0
4 11 8 2 0
4 11 8 3 0
4 11 8 4 0
4 11 8 5 0
4 11 8 6 0
4 11 8 7 0
4 11 8 8 0
4 11 8 9 0
4 11 8 10 0
4 11 8 11 0
4 11 8 12 0
4 11 8 13 0
4 11 8 14 0
4 11 8 15 0
4 11 9 0 -0.0008513818696443964
4 11 9 1 0
4 11 9 2 -0.001870972383733282
4 11 9 3 0
4 11 9 4 0
4 11 9 5 0
4 11 9 6 0
4 11 9 7 0
4 11 9 8 0
4 11 9 9 0
4 11 9 10 0
4 11 9 11 0
4 11 9 12 0
4 11 9 13 0
4 11 9 14 0
4 11 9 15 0
4 11 10 0 0
4 11 10 1 0
4 11 10 2 0
4 11 10 3 0
4 11 10 4 0
4 11 10 5 0
4 11 10 6 0
4 11 10 7 0
4 11 10 8 0
4 11 10 9 0
4 11 10 10 0
4 11 10 11 0
4 11 10 12 0
4 11 10 13 0
4 11 10 14 0
4 11 10 15 0
4 11 11 0 0
4 11 11 1 0
4 11 11 2 0
4 11 11 3 0
4 11 11 4 -0.000102051449917732
4 11 11 5 0
4 11 11 6 0
4 11 11 7 0
4 11 11 8 0
4 11 11 9 0
4 11 11 10 0
4 11 11 11 0
4 11 11 12 0
4 11 11 13 0
4 11 11 14 0
4 11 11 15 0
4 11 12 0 0
4 11 12 1 0
4 11 12 2 0
4 11 12 3 0
4 11 12 4 0
4 11 12 5 0
4 11 12 6 0
4 11 12 7 0
4 11 12 8 0
4 11 12 9 0
4 11 12 10 0
4 11 12 11 0
4 11 12 12 0
4 11 12 13 0
4 11 12 14 0
4 11 12 15 0
4 11 13 0 0
4 11 13 1 0
4 11 13 2 0
4 11 13 3 0
4 11 13 4 0
4 11 13 5 0
4 11 13 6 0
4 11 13 7 0
4 11 13 8 0
4 11 13 9 0
4 11 13 10 0
4 11 13 11 0
4 11 13 12 0
4 11 13 13 0
4 11 13 14 0
4 11 13 15 0
4 11 14 0 0
4 11 14 1 0
4 11 14 2 0
4 11 14 3 0
4 11 14 4 0.0004227660658761397
4 11 14 5 0
4 11 14 6 0
4 11 14 7 0
4 11 14 8 0
4 11 14 9 0
4 11 14 10 0
4 11 14 11 0
4 11 14 12 0
4 11 14 13 0
4 11 14 14 0
4 11 14 15 0
4 11 15 0 0
4 11 15 1 0
4 11 15 2 0
4 11 15 3 0
4 11 15 4 0
4 11 15 5 0
4 11 15 6 0
4 11 15 7 0
4 11 15 8 0
4 11 15 9 0
4 11 15 10 0
4 11 15 11 0
4 11 15 12 0
4 11 15 13 0
4 11 15 14 0
4 11 15 15 0
4 12 0 0 0
4 12 0 1 0
4 12 0 2 0
4 12 0 3 0
4 12 0 4 0
4 12 0 5 0
4 12 0 6 0
4 12 0 7 0
4 12 0 8 0
4 12 0 9 0
4 12 0 10 0
4 12 0 11 0
4 12 0 12 0
4 12 0 13 0
4 12 0 14 0
4 12 0 15 0
4 12 1 0 0
4 12 1 1 0
4 12 1 2 0
4 12 1 3 0
4 12 1 4 0
4 12 1 5 0
4 12 1 6 0
4 12 1 7 0
4 12 1 8 0
4 12 1 9 0
4 12 1 10 0
4 12 1 11 0
4 12 1 12 0
4 12 1 13 0
4 12 1 14 0
4 12 1 15 0
4 12 2 0 0
4 12 2 1 0
4 12 2 2 0
4 12 2 3 0
4 12 2 4 0
4 12 2 5 0
4 12 2 6 0
4 12 2 7 0
4 12 2 8 0
4 12 2 9 0
4 12 2 10 0
4 12 2 11 0
4 12 2 12 0
4 12 2 13 0
4 12 2 14 0
4 12 2 15 0
4 12 3 0 0
4 12 3 1 0
4 12 3 2 0
4 12 3 3 0
4 12 3 4 0
4 12 3 5 0
4 12 3 6 0
4 12 3 7 0
4 12 3 8 0
4 12 3 9 0
4 12 3 10 0
4 12 3 11 0
4 12 3 12 0
4 12 3 13 0
4 12 3 14 0
4 12 3 15 0
4 12 4 0 0
4 12 4 1 0
4 12 4 2 0
4 12 4 3 0
4 12 4 4 0
4 12 4 5 0.04901920356137762
4 12 4 6 0
4 12 4 7 0
4 12 4 8 0
4 12 4 9 0
4 12 4 10 0
4 12 4 11 0
4 12 4 12 0.003479928927944808
4 12 4 13 0
4 12 4 14 0
4 12 4 15 0
4 12 5 0 0
4 12 5 1 0
4 12 5 2 0
4 12 5 3 0
4 12 5 4 -0.04901920356137762
4 12 5 5 0
4 12 5 6 0
4 12 5 7 0
4 12 5 8 0
4 12 5 9 -0.003730152614728567
4 12 5 10 0
4 12 5 11 0
4 12 5 12 0
4 12 5 13 0
4 12 5 14 0
4 12 5 15 0
4 12 6 0 0
4 12 6 1 0
4 12 6 2 0
4 12 6 3 0
4 12 6 4 0
4 12 6 5 0
4 12 6 6 0
4 12 6 7 0
4 12 6 8 0
4 12 6 9 0
4 12 6 10 0
4 12 6 11 0
4 12 6 12 0
4 12 6 13 0
4 12 6 14 0
4 12 6 15 0
4 12 7 0 0
4 12 7 1 0
4 12 7 2 0
4 12 7 3 0
4 12 7 4 0
4 12 7 5 0
4 12 7 6 0
4 12 7 7 0
4 12 7 8 0
4 12 7 9 0
4 12 7 10 0
4 12 7 11 0
4 12 7 12 0
4 12 7 13 0
4 12 7 14 0
4 12 7 15 0
4 12 8 0 0
4 12 8 1 0
4 12 8 2 0
4 12 8 3 0
4 12 8 4 0
4 12 8 5 0
4 12 8 6 0
4 12 8 7 0
4 12 8 8 0
4 12 8 9 0
4 12 8 10 0
4 12 8 11 0
4 12 8 12 0
4 12 8 13 0
4 12 8 14 0
4 12 8 15 0
4 12 9 0 0
4 12 9 1 0
4 12 9 2 0
4 12 9 3 0
4 12 9 4 0
4 12 9 5 0.003730152614728567
4 12 9 6 0
4 12 9 7 0
4 12 9 8 0
4 12 9 9 0
4 12 9 10 0
4 12 9 11 0
4 12 9 12 0
4 12 9 13 0
4 12 9 14 0
4 12 9 15 0
4 12 10 0 0
4 12 10 1 0
4 12 10 2 0
4 12 10 3 0
4 12 10 4 0
4 12 10 5 0
4 12 10 6 0
4 12 10 7 0
4 12 10 8 0
4 12 10 9 0
4 12 10 10 0
4 12 10 11 0
4 12 10 12 0
4 12 10 13 0
4 12 10 14 0
4 12 10 15 0
4 12 11 0 0
4 12 11 1 0
4 12 11 2 0
4 12 11 3 0
4 12 11 4 0
4 12 11 5 0
4 12 11 6 0
4 12 11 7 0
4 12 11 8 0
4 12 11 9 0
4 12 11 10 0
4 12 11 11 0
4 12 11 12 0
4 12 11 13 0
4 12 11 14 0
4 12 11 15 0
4 12 12 0 0
4 12 12 1 0
4 12 12 2 0
4 12 12 3 0
4 12 12 4 -0.003479928927944807
4 12 12 5 0
4 12 12 6 0
4 12 12 7 0
4 12 12 8 0
4 12 12 9 0
4 12 12 10 0
4 12 12 11 0
4 12 12 12 0
4 12 12 13 0
4 12 12 14 0
4 12 12 15 0
4 12 13 0 0
4 12 13 1 0
4 12 13 2 0
4 12 13 3 0
4 12 13 4 0
4 12 13 5 0
4 12 13 6 0
4 12 13 7 0
4 12 13 8 0
4 12 13 9 0
4 12 13 10 0
4 12 13 11 0
4 12 13 12 0
4 12 13 13 0
4 12 13 14 0
4 12 13 15 0
4 12 14 0 0
4 12 14 1 0
4 12 14 2 0
4 12 14 3 0
4 12 14 4 0
4 12 14 5 0
4 12 14 6 0
4 12 14 7 0
4 12 14 8 0
4 12 14 9 0
4 12 14 10 0
4 12 14 11 0
4 12 14 12 0
4 12 14 13 0
4 12 14 14 0
4 12 14 15 0
4 12 15 0 0
4 12 15 1 0
4 12 15 2 0
4 12 15 3 0
4 12 15 4 0
4 12 15 5 0
4 12 15 6 0
4 12 15 7 0
4 12 15 8 0
4 12 15 9 0
4 12 15 10 0
4 12 15 11 0
4 12 15 12 0
4 12 15 13 0
4 12 15 14 0
4 12 15 15 0
4 13 0 0 0
4 13 0 1 0
4 13 0 2 0
4 13 0 3 0
4 13 0 4 0
4 13 0 5 0
4 13 0 6 0
4 13 0 7 0
4 13 0 8 0
4 13 0 9 0
4 13 0 10 0
4 13 0 11 0
4 13 0 12 0
4 13 0 13 0
4 13 0 14 0
4 13 0 15 0
4 13 1 0 0
4 13 1 1 0
4 13 1 2 0
4 13 1 3 0
4 13 1 4 0
4 13 1 5 0
4 13 1 6 0
4 13 1 7 0
4 13 1 8 0
4 13 1 9 0
4 13 1 10 0
4 13 1 11 0
4 13 1 12 0
4 13 1 13 0
4 13 1 14 0
4 13 1 15 0
4 13 2 0 0
4 13 2 1 0
4 13 2 2 0
4 13 2 3 0
4 13 2 4 0
4 13 2 5 0
4 13 2 6 0
4 13 2 7 0
4 13 2 8 0
4 13 2 9 0
4 13 2 10 0
4 13 2 11 0
4 13 2 12 0
4 13 2 13 0
4 13 2 14 0
4 13 2 15 0
4 13 3 0 0
4 13 3 1 0
4 13 3 2 0
4 13 3 3 0
4 13 3 4 0
4 13 3 5 -4.947321361005056e-20
4 13 3 6 0
4 13 3 7 0
4 13 3 8 0
4 13 3 9 0
4 13 3 10 0
4 13 3 11 0
4 13 3 12 -2.058299004102736e-21
4 13 3 13 0
4 13 3 14 0
4 13 3 15 0
4 13 4 0 0
4 13 4 1 0
4 13 4 2 0
4 13 4 3 0
4 13 4 4 0
4 13 4 5 0
4 13 4 6 0.04963048162576172
4 13 4 7 0
4 13 4 8 0
4 13 4 9 0
4 13 4 10 0
4 13 4 11 0
4 13 4 12 0
4 13 4 13 0.003567260723183296
4 13 4 14 0
4 13 4 15 0
4 13 5 0 0
4 13 5 1 0
4 13 5 2 0
4 13 5 3 -1.590537778499054e-20
4 13 5 4 0
4 13 5 5 0
4 13 5 6 0
4 13 5 7 0
4 13 5 8 -1.532942258734495e-20
4 13 5 9 0
4 13 5 10 0
4 13 5 11 0
4 13 5 12 0
4 13 5 13 0
4 13 5 14 0
4 13 5 15 0
4 13 6 0 0
4 13 6 1 0
4 13 6 2 0
4 13 6 3 0
4 13 6 4 -0.04963048162576172
4 13 6 5 0
4 13 6 6 0
4 13 6 7 0
4 13 6 8 0
4 13 6 9 -0.003776668271951221
4 13 6 10 0
4 13 6 11 0
4 13 6 12 0
4 13 6 13 0
4 13 6 14 0
4 13 6 15 0
4 13 7 0 0
4 13 7 1 0
4 13 7 2 0
4 13 7 3 0
4 13 7 4 0
4 13 7 5 0
4 13 7 6 0
4 13 7 7 0
4 13 7 8 0
4 13 7 9 0
4 13 7 10 0
4 13 7 11 0
4 13 7 12 0
4 13 7 13 0
4 13 7 14 0
4 13 7 15 0
4 13 8 0 0
4 13 8 1 0
4 13 8 2 0
4 13 8 3 0
4 13 8 4 0
4 13 8 5 5.063155161875393e-21
4 13 8 6 0
4 13 8 7 0
4 13 8 8 0
4 13 8 9 0
4 13 8 10 0
4 13 8 11 0
4 13 8 12 0
4 13 8 13 0
4 13 8 14 0
4 13 8 15 0
4 13 9 0 0
4 13 9 1 0
4 13 9 2 0
4 13 9 3 0
4 13 9 4 0
4 13 9 5 0
4 13 9 6 0.003776668271951221
4 13 9 7 0
4 13 9 8 0
4 13 9 9 0
4 13 9 10 0
4 13 9 11 0
4 13 9 12 0
4 13 9 13 0
4 13 9 14 0
4 13 9 15 0
4 13 10 0 0
4 13 10 1 0
4 13 10 2 0
4 13 10 3 0
4 13 10 4 0
4 13 10 5 0
4 13 10 6 0
4 13 10 7 0
4 13 10 8 0
4 13 10 9 0
4 13 10 10 0
4 13 10 11 0
4 13 10 12 0
4 13 10 13 0
4 13 10 14 0
4 13 10 15 0
4 13 11 0 0
4 13 11 1 0
4 13 11 2 0
4 13 11 3 0
4 13 11 4 0
4 13 11 5 0
4 13 11 6 0
4 13 11 7 0
4 13 11 8 0
4 13 11 9 0
4 13 11 10 0
4 13 11 11 0
4 13 11 12 0
4 13 11 13 0
4 13 11 14 0
4 13 11 15 0
4 13 12 0 0
4 13 12 1 0
4 13 12 2 0
4 13 12 3 1.574296967666563e-21
4 13 12 4 0
4 13 12 5 0
4 13 12 6 0
4 13 12 7 0
4 13 12 8 0
4 13 12 9 0
4 13 12 10 0
4 13 12 11 0
4 13 12 12 0
4 13 12 13 0
4 13 12 14 0
4 13 12 15 0
4 13 13 0 0
4 13 13 1 0
4 13 13 2 0
4 13 13 3 0
4 13 13 4 -0.003567260723183296
4 13 13 5 0
4 13 13 6 0
4 13 13 7 0
4 13 13 8 0
4 13 13 9 0
4 13 13 10 0
4 13 13 11 0
4 13 13 12 0
4 13 13 13 0
4 13 13 14 0
4 13 13 15 0
4 13 14 0 0
4 13 14 1 0
4 13 14 2 0
4 13 14 3 0
4 13 14 4 0
4 13 14 5 0
4 13 14 6 0
4 13 14 7 0
4 13 14 8 0
4 13 14 9 0
4 13 14 10 0
4 13 14 11 0
4 13 14 12 0
4 13 14 13 0
4 13 14 14 0
4 13 14 15 0
4 13 15 0 0
4 13 15 1 0
4 13 15 2 0
4 13 15 3 0
4 13 15 4 0
4 13 15 5 0
4 13 15 6 0
4 13 15 7 0
4 13 15 8 0
4 13 15 9 0
4 13 15 10 0
4 13 15 11 0
4 13 15 12 0
4 13 15 13 0
4 13 15 14 0
4 13 15 15 0
4 14 0 0 0
4 14 0 1 0
4 14 0 2 0
4 14 0 3 0
4 14 0 4 0
4 14 0 5 0
4 14 0 6 0
4 14 0 7 0
4 14 0 8 0
4 14 0 9 0
4 14 0 10 0
4 14 0 11 0
4 14 0 12 0
4 14 0 13 0
4 14 0 14 0
4 14 0 15 0
4 14 1 0 0
4 14 1 1 0
4 14 1 2 0
4 14 1 3 0
4 14 1 4 0
4 14 1 5 0
4 14 1 6 0
4 14 1 7 0
4 14 1 8 0
4 14 1 9 0
4 14 1 10 0
4 14 1 11 0
4 14 1 12 0
4 14 1 13 0
4 14 1 14 0
4 14 1 15 0
4 14 2 0 0
4 14 2 1 0
4 14 2 2 0
4 14 2 3 0
4 14 2 4 -0.02787966227669113
4 14 2 5 0
4 14 2 6 0
4 14 2 7 0
4 14 2 8 0
4 14 2 9 -0.002121523557781488
4 14 2 10 0
4 14 2 11 0
4 14 2 12 0
4 14 2 13 0
4 14 2 14 0
4 14 2 15 0
4 14 3 0 0
4 14 3 1 0
4 14 3 2 0
4 14 3 3 0
4 14 3 4 0
4 14 3 5 0
4 14 3 6 0
4 14 3 7 0
4 14 3 8 0
4 14 3 9 0
4 14 3 10 0
4 14 3 11 0
4 14 3 12 0
4 14 3 13 0
4 14 3 14 0
4 14 3 15 0
4 14 4 0 0
4 14 4 1 0
4 14 4 2 0.03276348865198386
4 14 4 3 0
4 14 4 4 0
4 14 4 5 0
4 14 4 6 0
4 14 4 7 0
4 14 4 8 0
4 14 4 9 0
4 14 4 10 0
4 14 4 11 -0.0005394464571167848
4 14 4 12 0
4 14 4 13 0
4 14 4 14 0.0009342903736689468
4 14 4 15 0
4 14 5 0 0
4 14 5 1 0
4 14 5 2 0
4 14 5 3 0
4 14 5 4 0
4 14 5 5 0
4 14 5 6 0
4 14 5 7 -4.346930650297411e-21
4 14 5 8 0
4 14 5 9 0
4 14 5 10 0
4 14 5 11 0
4 14 5 12 0
4 14 5 13 0
4 14 5 14 0
4 14 5 15 0
4 14 6 0 0
4 14 6 1 0
4 14 6 2 0
4 14 6 3 0
4 14 6 4 0
4 14 6 5 0
4 14 6 6 0
4 14 6 7 0
4 14 6 8 0
4 14 6 9 0
4 14 6 10 0
4 14 6 11 0
4 14 6 12 0
4 14 6 13 0
4 14 6 14 0
4 14 6 15 0
4 14 7 0 0
4 14 7 1 0
4 14 7 2 0
4 14 7 3 0
4 14 7 4 0
4 14 7 5 1.391072665356303e-20
4 14 7 6 0
4 14 7 7 0
4 14 7 8 0
4 14 7 9 0
4 14 7 10 0
4 14 7 11 0
4 14 7 12 0
4 14 7 13 0
4 14 7 14 0
4 14 7 15 0
4 14 8 0 0
4 14 8 1 0
4 14 8 2 0
4 14 8 3 0
4 14 8 4 0
4 14 8 5 0
4 14 8 6 0
4 14 8 7 0
4 14 8 8 0
4 14 8 9 0
4 14 8 10 0
4 14 8 11 0
4 14 8 12 0
4 14 8 13 0
4 14 8 14 0
4 14 8 15 0
4 14 9 0 0
4 14 9 1 0
4 14 9 2 0.002493161944375595
4 14 9 3 0
4 14 9 4 0
4 14 9 5 0
4 14 9 6 0
4 14 9 7 0
4 14 9 8 0
4 14 9 9 0
4 14 9 10 0
4 14 9 11 0
4 14 9 12 0
4 14 9 13 0
4 14 9 14 0
4 14 9 15 0
4 14 10 0 0
4 14 10 1 0
4 14 10 2 0
4 14 10 3 0
4 14 10 4 0
4 14 10 5 0
4 14 10 6 0
4 14 10 7 0
4 14 10 8 0
4 14 10 9 0
4 14 10 10 0
4 14 10 11 0
4 14 10 12 0
4 14 10 13 0
4 14 10 14 0
4 14 10 15 0
4 14 11 0 0
4 14 11 1 0
4 14 11 2 0
4 14 11 3 0
4 14 11 4 0.0004227660658761396
4 14 11 5 0
4 14 11 6 0
4 14 11 7 0
4 14 11 8 0
4 14 11 9 0
4 14 11 10 0
4 14 11 11 0
4 14 11 12 0
4 14 11 13 0
4 14 11 14 0
4 14 11 15 0
4 14 12 0 0
4 14 12 1 0
4 14 12 2 0
4 14 12 3 0
4 14 12 4 0
4 14 12 5 0
4 14 12 6 0
4 14 12 7 0
4 14 12 8 0
4 14 12 9 0
4 14 12 10 0
4 14 12 11 0
4 14 12 12 0
4 14 12 13 0
4 14 12 14 0
4 14 12 15 0
4 14 13 0 0
4 14 13 1 0
4 14 13 2 0
4 14 13 3 0
4 14 13 4 0
4 14 13 5 0
4 14 13 6 0
4 14 13 7 0
4 14 13 8 0
4 14 13 9 0
4 14 13 10 0
4 14 13 11 0
4 14 13 12 0
4 14 13 13 0
4 14 13 14 0
4 14 13 15 0
4 14 14 0 0
4 14 14 1 0
4 14 14 2 0
4 14 14 3 0
4 14 14 4 -0.0008997475126996225
4 14 14 5 0
4 14 14 6 0
4 14 14 7 0
4 14 14 8 0
4 14 14 9 0
4 14 14 10 0
4 14 14 11 0
4 14 14 12 0
4 14 14 13 0
4 14 14 14 0
4 14 14 15 0
4 14 15 0 0
4 14 15 1 0
4 14 15 2 0
4 14 15 3 0
4 14 15 4 0
4 14 15 5 0
4 14 15 6 0
4 14 15 7 0
4 14 15 8 0
4 14 15 9 0
4 14 15 10 0
4 14 15 11 0
4 14 15 12 0
4 14 15 13 0
4 14 15 14 0
4 14 15 15 0
4 15 0 0 0
4 15 0 1 0
4 15 0 2 0
4 15 0 3 0
4 15 0 4 0
4 15 0 5 0
4 15 0 6 0
4 15 0 7 0
4 15 0 8 0
4 15 0 9 0
4 15 0 10 0
4 15 0 11 0
4 15 0 12 0
4 15 0 13 0
4 15 0 14 0
4 15 0 15 0
4 15 1 0 0
4 15 1 1 0
4 15 1 2 0
4 15 1 3 0
4 15 1 4 -0.003127689615341228
4 15 1 5 0
4 15 1 6 0
4 15 1 7 0
4 15 1 8 0
4 15 1 9 -0.0002380038586738023
4 15 1 10 0
4 15 1 11 0
4 15 1 12 0
4 15 1 13 0
4 15 1 14 0
4 15 1 15 0
4 15 2 0 0
4 15 2 1 0
4 15 2 2 0
4 15 2 3 0
4 15 2 4 0
4 15 2 5 0
4 15 2 6 0
4 15 2 7 0
4 15 2 8 0
4 15 2 9 0
4 15 2 10 0
4 15 2 11 0
4 15 2 12 0
4 15 2 13 0
4 15 2 14 0
4 15 2 15 0
4 15 3 0 0
4 15 3 1 0
4 15 3 2 0
4 15 3 3 0
4 15 3 4 0
4 15 3 5 0
4 15 3 6 0
4 15 3 7 0
4 15 3 8 0
4 15 3 9 0
4 15 3 10 0
4 15 3 11 0
4 15 3 12 0
4 15 3 13 0
4 15 3 14 0
4 15 3 15 0
4 15 4 0 0
4 15 4 1 0.0114418215651334
4 15 4 2 0
4 15 4 3 0
4 15 4 4 0
4 15 4 5 0
4 15 4 6 0
4 15 4 7 0
4 15 4 8 0
4 15 4 9 0
4 15 4 10 0
4 15 4 11 0
4 15 4 12 0
4 15 4 13 0
4 15 4 14 0
4 15 4 15 0.000106159006606357
4 15 5 0 0
4 15 5 1 0
4 15 5 2 0
4 15 5 3 0
4 15 5 4 0
4 15 5 5 0
4 15 5 6 0
4 15 5 7 0
4 15 5 8 0
4 15 5 9 0
4 15 5 10 0
4 15 5 11 0
4 15 5 12 0
4 15 5 13 0
4 15 5 14 0
4 15 5 15 0
4 15 6 0 0
4 15 6 1 0
4 15 6 2 0
4 15 6 3 0
4 15 6 4 0
4 15 6 5 0
4 15 6 6 0
4 15 6 7 0
4 15 6 8 0
4 15 6 9 0
4 15 6 10 0
4 15 6 11 0
4 15 6 12 0
4 15 6 13 0
4 15 6 14 0
4 15 6 15 0
4 15 7 0 0
4 15 7 1 0
4 15 7 2 0
4 15 7 3 0
4 15 7 4 0
4 15 7 5 0
4 15 7 6 0
4 15 7 7 0
4 15 7 8 0
4 15 7 9 0
4 15 7 10 0
4 15 7 11 0
4 15 7 12 0
4 15 7 13 0
4 15 7 14 0
4 15 7 15 0
4 15 8 0 0
4 15 8 1 0
4 15 8 2 0
4 15 8 3 0
4 15 8 4 0
4 15 8 5 0
4 15 8 6 0
4 15 8 7 0
4 15 8 8 0
4 15 8 9 0
4 15 8 10 0
4 15 8 11 0
4 15 8 12 0
4 15 8 13 0
4 15 8 14 0
4 15 8 15 0
4 15 9 0 0
4 15 9 1 0.0008706738895706492
4 15 9 2 0
4 15 9 3 0
4 15 9 4 0
4 15 9 5 0
4 15 9 6 0
4 15 9 7 0
4 15 9 8 0
4 15 9 9 0
4 15 9 10 0
4 15 9 11 0
4 15 9 12 0
4 15 9 13 0
4 15 9 14 0
4 15 9 15 0
4 15 10 0 0
4 15 10 1 0
4 15 10 2 0
4 15 10 3 0
4 15 10 4 0
4 15 10 5 0
4 15 10 6 0
4 15 10 7 0
4 15 10 8 0
4 15 10 9 0
4 15 10 10 0
4 15 10 11 0
4 15 10 12 0
4 15 10 13 0
4 15 10 14 0
4 15 10 15 0
4 15 11 0 0
4 15 11 1 0
4 15 11 2 0
4 15 11 3 0
4 15 11 4 0
4 15 11 5 0
4 15 11 6 0
4 15 11 7 0
4 15 11 8 0
4 15 11 9 0
4 15 11 10 0
4 15 11 11 0
4 15 11 12 0
4 15 11 13 0
4 15 11 14 0
4 15 11 15 0
4 15 12 0 0
4 15 12 1 0
4 15 12 2 0
4 15 12 3 0
4 15 12 4 0
4 15 12 5 0
4 15 12 6 0
4 15 12 7 0
4 15 12 8 0
4 15 12 9 0
4 15 12 10 0
4 15 12 11 0
4 15 12 12 0
4 15 12 13 0
4 15 12 14 0
4 15 12 15 0
4 15 13 0 0
4 15 13 1 0
4 15 13 2 0
4 15 13 3 0
4 15 13 4 0
4 15 13 5 0
4 15 13 6 0
4 15 13 7 0
4 15 13 8 0
4 15 13 9 0
4 15 13 10 0
4 15 13 11 0
4 15 13 12 0
4 15 13 13 0
4 15 13 14 0
4 15 13 15 0
4 15 14 0 0
4 15 14 1 0
4 15 14 2 0
4 15 14 3 0
4 15 14 4 0
4 15 14 5 0
4 15 14 6 0
4 15 14 7 0
4 15 14 8 0
4 15 14 9 0
4 15 14 10 0
4 15 14 11 0
4 15 14 12 0
4 15 14 13 0
4 15 14 14 0
4 15 14 15 0
4 15 15 0 0
4 15 15 1 0
4 15 15 2 0
4 15 15 3 0
4 15 15 4 -6.050335094912265e-06
4 15 15 5 0
4 15 15 6 0
4 15 15 7 0
4 15 15 8 0
4 15 15 9 0
4 15 15 10 0
4 15 15 11 0
4 15 15 12 0
4 15 15 13 0
4 15 15 14 0
4 15 15 15 0
5 0 0 0 0
5 0 0 1 0
5 0 0 2 0
5 0 0 3 0
5 0 0 4 0
5 0 0 5 -0.983187255696446
5 0 0 6 0
5 0 0 7 0
5 0 0 8 0
5 0 0 9 0
5 0 0 10 0
5 0 0 11 0
5 0 0 12 -0.04901920356137762
5 0 0 13 0
5 0 0 14 0
5 0 0 15 0
5 0 1 0 0
5 0 1 1 0
5 0 1 2 0
5 0 1 3 0
5 0 1 4 0
5 0 1 5 0
5 0 1 6 0
5 0 1 7 0
5 0 1 8 0
5 0 1 9 0
5 0 1 10 0
5 0 1 11 0
5 0 1 12 0
5 0 1 13 0
5 0 1 14 0
5 0 1 15 0
5 0 2 0 0
5 0 2 1 0
5 0 2 2 0
5 0 2 3 0
5 0 2 4 0
5 0 2 5 -9.285129854558617e-05
5 0 2 6 0
5 0 2 7 0
5 0 2 8 0
5 0 2 9 0
5 0 2 10 0
5 0 2 11 0
5 0 2 12 0
5 0 2 13 0
5 0 2 14 0
5 0 2 15 0
5 0 3 0 0
5 0 3 1 0
5 0 3 2 0
5 0 3 3 0
5 0 3 4 0
5 0 3 5 0
5 0 3 6 0
5 0 3 7 0
5 0 3 8 0
5 0 3 9 0
5 0 3 10 0
5 0 3 11 0
5 0 3 12 0
5 0 3 13 0
5 0 3 14 0
5 0 3 15 0
5 0 4 0 0
5 0 4 1 0
5 0 4 2 0
5 0 4 3 0
5 0 4 4 0
5 0 4 5 0
5 0 4 6 0
5 0 4 7 0
5 0 4 8 0
5 0 4 9 0
5 0 4 10 0
5 0 4 11 0
5 0 4 12 0
5 0 4 13 0
5 0 4 14 0
5 0 4 15 0
5 0 5 0 1.966133606091362
5 0 5 1 0
5 0 5 2 -0.0003873954183067261
5 0 5 3 0
5 0 5 4 0
5 0 5 5 0
5 0 5 6 0
5 0 5 7 0
5 0 5 8 0
5 0 5 9 0
5 0 5 10 0
5 0 5 11 -0.01336439813953341
5 0 5 12 0
5 0 5 13 0
5 0 5 14 0
5 0 5 15 0
5 0 6 0 0
5 0 6 1 0
5 0 6 2 0
5 0 6 3 0
5 0 6 4 0
5 0 6 5 0
5 0 6 6 0
5 0 6 7 0
5 0 6 8 0
5 0 6 9 0
5 0 6 10 0
5 0 6 11 0
5 0 6 12 0
5 0 6 13 0
5 0 6 14 0
5 0 6 15 0
5 0 7 0 0
5 0 7 1 0
5 0 7 2 0
5 0 7 3 0
5 0 7 4 0
5 0 7 5 0
5 0 7 6 0
5 0 7 7 0
5 0 7 8 0
5 0 7 9 0
5 0 7 10 0
5 0 7 11 0
5 0 7 12 0
5 0 7 13 0
5 0 7 14 0
5 0 7 15 0
5 0 8 0 0
5 0 8 1 0
5 0 8 2 0
5 0 8 3 0
5 0 8 4 0
5 0 8 5 0
5 0 8 6 0
5 0 8 7 0
5 0 8 8 0
5 0 8 9 0
5 0 8 10 0
5 0 8 11 0
5 0 8 12 0
5 0 8 13 0
5 0 8 14 0
5 0 8 15 0
5 0 9 0 0
5 0 9 1 0
5 0 9 2 0
5 0 9 3 0
5 0 9 4 0
5 0 9 5 0
5 0 9 6 0
5 0 9 7 0
5 0 9 8 0
5 0 9 9 0
5 0 9 10 0
5 0 9 11 0
5 0 9 12 0
5 0 9 13 0
5 0 9 14 0
5 0 9 15 0
5 0 10 0 0
5 0 10 1 0
5 0 10 2 0
5 0 10 3 0
5 0 10 4 0
5 0 10 5 0
5 0 10 6 0
5 0 10 7 0
5 0 10 8 0
5 0 10 9 0
5 0 10 10 0
5 0 10 11 0
5 0 10 12 0
5 0 10 13 0
5 0 10 14 0
5 0 10 15 0
5 0 11 0 0
5 0 11 1 0
5 0 11 2 0
5 0 11 3 0
5 0 11 4 0
5 0 11 5 -0.01385759890257165
5 0 11 6 0
5 0 11 7 0
5 0 11 8 0
5 0 11 9 0
5 0 11 10 0
5 0 11 11 0
5 0 11 12 0
5 0 11 13 0
5 0 11 14 0
5 0 11 15 0
5 0 12 0 0.09803840712275523
5 0 12 1 0
5 0 12 2 0
5 0 12 3 0
5 0 12 4 0
5 0 12 5 0
5 0 12 6 0
5 0 12 7 0
5 0 12 8 0
5 0 12 9 0
5 0 12 10 0
5 0 12 11 0
5 0 12 12 0
5 0 12 13 0
5 0 12 14 0
5 0 12 15 0
5 0 13 0 0
5 0 13 1 0
5 0 13 2 0
5 0 13 3 0
5 0 13 4 0
5 0 13 5 0
5 0 13 6 0
5 0 13 7 0
5 0 13 8 0
5 0 13 9 0
5 0 13 10 0
5 0 13 11 0
5 0 13 12 0
5 0 13 13 0
5 0 13 14 0
5 0 13 15 0
5 0 14 0 0
5 0 14 1 0
5 0 14 2 0
5 0 14 3 0
5 0 14 4 0
5 0 14 5 0
5 0 14 6 0
5 0 14 7 0
5 0 14 8 0
5 0 14 9 0
5 0 14 10 0
5 0 14 11 0
5 0 14 12 0
5 0 14 13 0
5 0 14 14 0
5 0 14 15 0
5 0 15 0 0
5 0 15 1 0
5 0 15 2 0
5 0 15 3 0
5 0 15 4 0
5 0 15 5 0
5 0 15 6 0
5 0 15 7 0
5 0 15 8 0
5 0 15 9 0
5 0 15 10 0
5 0 15 11 0
5 0 15 12 0
5 0 15 13 0
5 0 15 14 0
5 0 15 15 0
5 1 0 0 0
5 1 0 1 0
5 1 0 2 0
5 1 0 3 0
5 1 0 4 0
5 1 0 5 0
5 1 0 6 0
5 1 0 7 0
5 1 0 8 0
5 1 0 9 0
5 1 0 10 0
5 1 0 11 0
5 1 0 12 0
5 1 0 13 0
5 1 0 14 0
5 1 0 15 0
5 1 1 0 0
5 1 1 1 0
5 1 1 2 0
5 1 1 3 0
5 1 1 4 0
5 1 1 5 -0.9833991928765831
5 1 1 6 0
5 1 1 7 0
5 1 1 8 0
5 1 1 9 0
5 1 1 10 0
5 1 1 11 0
5 1 1 12 -0.04901920356137762
5 1 1 13 0
5 1 1 14 0
5 1 1 15 0
5 1 2 0 0
5 1 2 1 0
5 1 2 2 0
5 1 2 3 0
5 1 2 4 0
5 1 2 5 0
5 1 2 6 0
5 1 2 7 0
5 1 2 8 0
5 1 2 9 0
5 1 2 10 0
5 1 2 11 0
5 1 2 12 0
5 1 2 13 0
5 1 2 14 0
5 1 2 15 0
5 1 3 0 0
5 1 3 1 0
5 1 3 2 0
5 1 3 3 0
5 1 3 4 0
5 1 3 5 0
5 1 3 6 0
5 1 3 7 0
5 1 3 8 0
5 1 3 9 0
5 1 3 10 0
5 1 3 11 0
5 1 3 12 0
5 1 3 13 0
5 1 3 14 0
5 1 3 15 0
5 1 4 0 0
5 1 4 1 0
5 1 4 2 0
5 1 4 3 0
5 1 4 4 0
5 1 4 5 0
5 1 4 6 0
5 1 4 7 0
5 1 4 8 0
5 1 4 9 0
5 1 4 10 0
5 1 4 11 0
5 1 4 12 0
5 1 4 13 0
5 1 4 14 0
5 1 4 15 0
5 1 5 0 0
5 1 5 1 1.966728444228223
5 1 5 2 0
5 1 5 3 0
5 1 5 4 0
5 1 5 5 0
5 1 5 6 0
5 1 5 7 0
5 1 5 8 0
5 1 5 9 0
5 1 5 10 0
5 1 5 11 0
5 1 5 12 0
5 1 5 13 0
5 1 5 14 0
5 1 5 15 0.0114418215651334
5 1 6 0 0
5 1 6 1 0
5 1 6 2 0
5 1 6 3 0
5 1 6 4 0
5 1 6 5 0
5 1 6 6 0
5 1 6 7 0
5 1 6 8 0
5 1 6 9 0
5 1 6 10 0
5 1 6 11 0
5 1 6 12 0
5 1 6 13 0
5 1 6 14 0
5 1 6 15 0
5 1 7 0 0
5 1 7 1 0
5 1 7 2 0
5 1 7 3 0
5 1 7 4 0
5 1 7 5 0
5 1 7 6 0
5 1 7 7 0
5 1 7 8 0
5 1 7 9 0
5 1 7 10 0
5 1 7 11 0
5 1 7 12 0
5 1 7 13 0
5 1 7 14 0
5 1 7 15 0
5 1 8 0 0
5 1 8 1 0
5 1 8 2 0
5 1 8 3 0
5 1 8 4 0
5 1 8 5 0
5 1 8 6 0
5 1 8 7 0
5 1 8 8 0
5 1 8 9 0
5 1 8 10 0
5 1 8 11 0
5 1 8 12 0
5 1 8 13 0
5 1 8 14 0
5 1 8 15 0
5 1 9 0 0
5 1 9 1 0
5 1 9 2 0
5 1 9 3 0
5 1 9 4 0
5 1 9 5 0
5 1 9 6 0
5 1 9 7 0
5 1 9 8 0
5 1 9 9 0
5 1 9 10 0
5 1 9 11 0
5 1 9 12 0
5 1 9 13 0
5 1 9 14 0
5 1 9 15 0
5 1 10 0 0
5 1 10 1 0
5 1 10 2 0
5 1 10 3 0
5 1 10 4 0
5 1 10 5 0
5 1 10 6 0
5 1 10 7 0
5 1 10 8 0
5 1 10 9 0
5 1 10 10 0
5 1 10 11 0
5 1 10 12 0
5 1 10 13 0
5 1 10 14 0
5 1 10 15 0
5 1 11 0 0
5 1 11 1 0
5 1 11 2 0
5 1 11 3 0
5 1 11 4 0
5 1 11 5 0
5 1 11 6 0
5 1 11 7 0
5 1 11 8 0
5 1 11 9 0
5 1 11 10 0
5 1 11 11 0
5 1 11 12 0
5 1 11 13 0
5 1 11 14 0
5 1 11 15 0
5 1 12 0 0
5 1 12 1 0.09803840712275523
5 1 12 2 0
5 1 12 3 0
5 1 12 4 0
5 1 12 5 0
5 1 12 6 0
5 1 12 7 0
5 1 12 8 0
5 1 12 9 0
5 1 12 10 0
5 1 12 11 0
5 1 12 12 0
5 1 12 13 0
5 1 12 14 0
5 1 12 15 0
5 1 13 0 0
5 1 13 1 0
5 1 13 2 0
5 1 13 3 0
5 1 13 4 0
5 1 13 5 0
5 1 13 6 0
5 1 13 7 0
5 1 13 8 0
5 1 13 9 0
5 1 13 10 0
5 1 13 11 0
5 1 13 12 0
5 1 13 13 0
5 1 13 14 0
5 1 13 15 0
5 1 14 0 0
5 1 14 1 0
5 1 14 2 0
5 1 14 3 0
5 1 14 4 0
5 1 14 5 0
5 1 14 6 0
5 1 14 7 0
5 1 14 8 0
5 1 14 9 0
5 1 14 10 0
5 1 14 11 0
5 1 14 12 0
5 1 14 13 0
5 1 14 14 0
5 1 14 15 0
5 1 15 0 0
5 1 15 1 0
5 1 15 2 0
5 1 15 3 0
5 1 15 4 0
5 1 15 5 -0.003536105308908119
5 1 15 6 0
5 1 15 7 0
5 1 15 8 0
5 1 15 9 0
5 1 15 10 0
5 1 15 11 0
5 1 15 12 0
5 1 15 13 0
5 1 15 14 0
5 1 15 15 0
5 2 0 0 0
5 2 0 1 0
5 2 0 2 0
5 2 0 3 0
5 2 0 4 0
5 2 0 5 -9.285129854558617e-05
5 2 0 6 0
5 2 0 7 0
5 2 0 8 0
5 2 0 9 0
5 2 0 10 0
5 2 0 11 0
5 2 0 12 0
5 2 0 13 0
5 2 0 14 0
5 2 0 15 0
5 2 1 0 0
5 2 1 1 0
5 2 1 2 0
5 2 1 3 0
5 2 1 4 0
5 2 1 5 0
5 2 1 6 0
5 2 1 7 0
5 2 1 8 0
5 2 1 9 0
5 2 1 10 0
5 2 1 11 0
5 2 1 12 0
5 2 1 13 0
5 2 1 14 0
5 2 1 15 0
5 2 2 0 0
5 2 2 1 0
5 2 2 2 0
5 2 2 3 0
5 2 2 4 0
5 2 2 5 -0.8330386004119952
5 2 2 6 0
5 2 2 7 0
5 2 2 8 0
5 2 2 9 0
5 2 2 10 0
5 2 2 11 0
5 2 2 12 -0.04901920356137762
5 2 2 13 0
5 2 2 14 0
5 2 2 15 0
5 2 3 0 0
5 2 3 1 0
5 2 3 2 0
5 2 3 3 0
5 2 3 4 0
5 2 3 5 0
5 2 3 6 0
5 2 3 7 0
5 2 3 8 0
5 2 3 9 0
5 2 3 10 0
5 2 3 11 0
5 2 3 12 0
5 2 3 13 0
5 2 3 14 0
5 2 3 15 0
5 2 4 0 0
5 2 4 1 0
5 2 4 2 0
5 2 4 3 0
5 2 4 4 0
5 2 4 5 0
5 2 4 6 0
5 2 4 7 6.938893903907228e-18
5 2 4 8 0
5 2 4 9 0
5 2 4 10 0
5 2 4 11 0
5 2 4 12 0
5 2 4 13 0
5 2 4 14 0
5 2 4 15 0
5 2 5 0 -0.0003873954183067261
5 2 5 1 0
5 2 5 2 1.536461888357173
5 2 5 3 0
5 2 5 4 0
5 2 5 5 0
5 2 5 6 0
5 2 5 7 0
5 2 5 8 0
5 2 5 9 0
5 2 5 10 0
5 2 5 11 -0.02458708412460262
5 2 5 12 0
5 2 5 13 0
5 2 5 14 0.03276348865198386
5 2 5 15 0
5 2 6 0 0
5 2 6 1 0
5 2 6 2 0
5 2 6 3 0
5 2 6 4 0
5 2 6 5 0
5 2 6 6 0
5 2 6 7 0
5 2 6 8 0
5 2 6 9 0
5 2 6 10 0
5 2 6 11 0
5 2 6 12 0
5 2 6 13 0
5 2 6 14 0
5 2 6 15 0
5 2 7 0 0
5 2 7 1 0
5 2 7 2 0
5 2 7 3 0
5 2 7 4 0.0951179788535101
5 2 7 5 0
5 2 7 6 0
5 2 7 7 0
5 2 7 8 0
5 2 7 9 0
5 2 7 10 0
5 2 7 11 0
5 2 7 12 0
5 2 7 13 0
5 2 7 14 0
5 2 7 15 0
5 2 8 0 0
5 2 8 1 0
5 2 8 2 0
5 2 8 3 0
5 2 8 4 0
5 2 8 5 0
5 2 8 6 0
5 2 8 7 0
5 2 8 8 0
5 2 8 9 0
5 2 8 10 0
5 2 8 11 0
5 2 8 12 0
5 2 8 13 0
5 2 8 14 0
5 2 8 15 0
5 2 9 0 0
5 2 9 1 0
5 2 9 2 0
5 2 9 3 0
5 2 9 4 0
5 2 9 5 0
5 2 9 6 0
5 2 9 7 0
5 2 9 8 0
5 2 9 9 0
5 2 9 10 0
5 2 9 11 0
5 2 9 12 0
5 2 9 13 0
5 2 9 14 0
5 2 9 15 0
5 2 10 0 0
5 2 10 1 0
5 2 10 2 0
5 2 10 3 0
5 2 10 4 0
5 2 10 5 0
5 2 10 6 0
5 2 10 7 0
5 2 10 8 0
5 2 10 9 0
5 2 10 10 0
5 2 10 11 0
5 2 10 12 0
5 2 10 13 0
5 2 10 14 0
5 2 10 15 0
5 2 11 0 0
5 2 11 1 0
5 2 11 2 0
5 2 11 3 0
5 2 11 4 0
5 2 11 5 0.005424679128907928
5 2 11 6 0
5 2 11 7 0
5 2 11 8 0
5 2 11 9 0
5 2 11 10 0
5 2 11 11 0
5 2 11 12 0
5 2 11 13 0
5 2 11 14 0
5 2 11 15 0
5 2 12 0 0
5 2 12 1 0
5 2 12 2 0.09803840712275523
5 2 12 3 0
5 2 12 4 0
5 2 12 5 0
5 2 12 6 0
5 2 12 7 0
5 2 12 8 0
5 2 12 9 0
5 2 12 10 0
5 2 12 11 0
5 2 12 12 0
5 2 12 13 0
5 2 12 14 0
5 2 12 15 0
5 2 13 0 0
5 2 13 1 0
5 2 13 2 0
5 2 13 3 0
5 2 13 4 0
5 2 13 5 0
5 2 13 6 0
5 2 13 7 0
5 2 13 8 0
5 2 13 9 0
5 2 13 10 0
5 2 13 11 0
5 2 13 12 0
5 2 13 13 0
5 2 13 14 0
5 2 13 15 0
5 2 14 0 0
5 2 14 1 0
5 2 14 2 0
5 2 14 3 0
5 2 14 4 0
5 2 14 5 -0.0178044179854645
5 2 14 6 0
5 2 14 7 0
5 2 14 8 0
5 2 14 9 0
5 2 14 10 0
5 2 14 11 0
5 2 14 12 0
5 2 14 13 0
5 2 14 14 0
5 2 14 15 0
5 2 15 0 0
5 2 15 1 0
5 2 15 2 0
5 2 15 3 0
5 2 15 4 0
5 2 15 5 0
5 2 15 6 0
5 2 15 7 0
5 2 15 8 0
5 2 15 9 0
5 2 15 10 0
5 2 15 11 0
5 2 15 12 0
5 2 15 13 0
5 2 15 14 0
5 2 15 15 0
5 3 0 0 0
5 3 0 1 0
5 3 0 2 0
5 3 0 3 0
5 3 0 4 0
5 3 0 5 0
5 3 0 6 0
5 3 0 7 0
5 3 0 8 0
5 3 0 9 0
5 3 0 10 0
5 3 0 11 0
5 3 0 12 0
5 3 0 13 0
5 3 0 14 0
5 3 0 15 0
5 3 1 0 0
5 3 1 1 0
5 3 1 2 0
5 3 1 3 0
5 3 1 4 0
5 3 1 5 0
5 3 1 6 0
5 3 1 7 0
5 3 1 8 0
5 3 1 9 0
5 3 1 10 0
5 3 1 11 0
5 3 1 12 0
5 3 1 13 0
5 3 1 14 0
5 3 1 15 0
5 3 2 0 0
5 3 2 1 0
5 3 2 2 0
5 3 2 3 0
5 3 2 4 0
5 3 2 5 0
5 3 2 6 0
5 3 2 7 0
5 3 2 8 0
5 3 2 9 0
5 3 2 10 0
5 3 2 11 0
5 3 2 12 0
5 3 2 13 0
5 3 2 14 0
5 3 2 15 0
5 3 3 0 0
5 3 3 1 0
5 3 3 2 0
5 3 3 3 0
5 3 3 4 0
5 3 3 5 -0.9278144098381887
5 3 3 6 0
5 3 3 7 0
5 3 3 8 0
5 3 3 9 0
5 3 3 10 0
5 3 3 11 0
5 3 3 12 -0.04901920356137762
5 3 3 13 0
5 3 3 14 0
5 3 3 15 0
5 3 4 0 0
5 3 4 1 0
5 3 4 2 0
5 3 4 3 0
5 3 4 4 0
5 3 4 5 0
5 3 4 6 -3.469446951953614e-18
5 3 4 7 0
5 3 4 8 0
5 3 4 9 0
5 3 4 10 0
5 3 4 11 0
5 3 4 12 0
5 3 4 13 -1.590537778499054e-20
5 3 4 14 0
5 3 4 15 0
5 3 5 0 0
5 3 5 1 0
5 3 5 2 0
5 3 5 3 1.00566556779943
5 3 5 4 0
5 3 5 5 0
5 3 5 6 0
5 3 5 7 0
5 3 5 8 0.05347125436851322
5 3 5 9 0
5 3 5 10 0
5 3 5 11 0
5 3 5 12 0
5 3 5 13 0
5 3 5 14 0
5 3 5 15 0
5 3 6 0 0
5 3 6 1 0
5 3 6 2 0
5 3 6 3 0
5 3 6 4 -0.03192435818988123
5 3 6 5 0
5 3 6 6 0
5 3 6 7 0
5 3 6 8 0
5 3 6 9 7.400245980644072e-20
5 3 6 10 0
5 3 6 11 0
5 3 6 12 0
5 3 6 13 0
5 3 6 14 0
5 3 6 15 0
5 3 7 0 0
5 3 7 1 0
5 3 7 2 0
5 3 7 3 0
5 3 7 4 0
5 3 7 5 0
5 3 7 6 0
5 3 7 7 0
5 3 7 8 0
5 3 7 9 0
5 3 7 10 0
5 3 7 11 0
5 3 7 12 0
5 3 7 13 0
5 3 7 14 0
5 3 7 15 0
5 3 8 0 0
5 3 8 1 0
5 3 8 2 0
5 3 8 3 0
5 3 8 4 0
5 3 8 5 -0.05347125436851321
5 3 8 6 0
5 3 8 7 0
5 3 8 8 0
5 3 8 9 0
5 3 8 10 0
5 3 8 11 0
5 3 8 12 0
5 3 8 13 0
5 3 8 14 0
5 3 8 15 0
5 3 9 0 0
5 3 9 1 0
5 3 9 2 0
5 3 9 3 0
5 3 9 4 0
5 3 9 5 0
5 3 9 6 8.903054792833342e-21
5 3 9 7 0
5 3 9 8 0
5 3 9 9 0
5 3 9 10 0
5 3 9 11 0
5 3 9 12 0
5 3 9 13 0
5 3 9 14 0
5 3 9 15 0
5 3 10 0 0
5 3 10 1 0
5 3 10 2 0
5 3 10 3 0
5 3 10 4 0
5 3 10 5 0
5 3 10 6 0
5 3 10 7 0
5 3 10 8 0
5 3 10 9 0
5 3 10 10 0
5 3 10 11 0
5 3 10 12 0
5 3 10 13 0
5 3 10 14 0
5 3 10 15 0
5 3 11 0 0
5 3 11 1 0
5 3 11 2 0
5 3 11 3 0
5 3 11 4 0
5 3 11 5 0
5 3 11 6 0
5 3 11 7 0
5 3 11 8 0
5 3 11 9 0
5 3 11 10 0
5 3 11 11 0
5 3 11 12 0
5 3 11 13 0
5 3 11 14 0
5 3 11 15 0
5 3 12 0 0
5 3 12 1 0
5 3 12 2 0
5 3 12 3 0.04901920356137761
5 3 12 4 0
5 3 12 5 0
5 3 12 6 0
5 3 12 7 0
5 3 12 8 0
5 3 12 9 0
5 3 12 10 0
5 3 12 11 0
5 3 12 12 0
5 3 12 13 0
5 3 12 14 0
5 3 12 15 0
5 3 13 0 0
5 3 13 1 0
5 3 13 2 0
5 3 13 3 0
5 3 13 4 -4.947321361005056e-20
5 3 13 5 0
5 3 13 6 0
5 3 13 7 0
5 3 13 8 0
5 3 13 9 0
5 3 13 10 0
5 3 13 11 0
5 3 13 12 0
5 3 13 13 0
5 3 13 14 0
5 3 13 15 0
5 3 14 0 0
5 3 14 1 0
5 3 14 2 0
5 3 14 3 0
5 3 14 4 0
5 3 14 5 0
5 3 14 6 0
5 3 14 7 0
5 3 14 8 0
5 3 14 9 0
5 3 14 10 0
5 3 14 11 0
5 3 14 12 0
5 3 14 13 0
5 3 14 14 0
5 3 14 15 0
5 3 15 0 0
5 3 15 1 0
5 3 15 2 0
5 3 15 3 0
5 3 15 4 0
5 3 15 5 0
5 3 15 6 0
5 3 15 7 0
5 3 15 8 0
5 3 15 9 0
5 3 15 10 0
5 3 15 11 0
5 3 15 12 0
5 3 15 13 0
5 3 15 14 0
5 3 15 15 0
5 4 0 0 0
5 4 0 1 0
5 4 0 2 0
5 4 0 3 0
5 4 0 4 0
5 4 0 5 0
5 4 0 6 0
5 4 0 7 0
5 4 0 8 0
5 4 0 9 0
5 4 0 10 0
5 4 0 11 0
5 4 0 12 0
5 4 0 13 0
5 4 0 14 0
5 4 0 15 0
5 4 1 0 0
5 4 1 1 0
5 4 1 2 0
5 4 1 3 0
5 4 1 4 0
5 4 1 5 0
5 4 1 6 0
5 4 1 7 0
5 4 1 8 0
5 4 1 9 0
5 4 1 10 0
5 4 1 11 0
5 4 1 12 0
5 4 1 13 0
5 4 1 14 0
5 4 1 15 0
5 4 2 0 0
5 4 2 1 0
5 4 2 2 0
5 4 2 3 0
5 4 2 4 0
5 4 2 5 0
5 4 2 6 0
5 4 2 7 0
5 4 2 8 0
5 4 2 9 0
5 4 2 10 0
5 4 2 11 0
5 4 2 12 0
5 4 2 13 0
5 4 2 14 0
5 4 2 15 0
5 4 3 0 0
5 4 3 1 0
5 4 3 2 0
5 4 3 3 0
5 4 3 4 0
5 4 3 5 0
5 4 3 6 0
5 4 3 7 0
5 4 3 8 0
5 4 3 9 0
5 4 3 10 0
5 4 3 11 0
5 4 3 12 0
5 4 3 13 0
5 4 3 14 0
5 4 3 15 0
5 4 4 0 0
5 4 4 1 0
5 4 4 2 0
5 4 4 3 0
5 4 4 4 0
5 4 4 5 -0.9792519109634998
5 4 4 6 0
5 4 4 7 0
5 4 4 8 0
5 4 4 9 0
5 4 4 10 0
5 4 4 11 0
5 4 4 12 -0.04901920356137762
5 4 4 13 0
5 4 4 14 0
5 4 4 15 0
5 4 5 0 0
5 4 5 1 0
5 4 5 2 0
5 4 5 3 0
5 4 5 4 0.9794189330250473
5 4 5 5 0
5 4 5 6 0
5 4 5 7 0
5 4 5 8 0
5 4 5 9 0.05254392090253765
5 4 5 10 0
5 4 5 11 0
5 4 5 12 0
5 4 5 13 0
5 4 5 14 0
5 4 5 15 0
5 4 6 0 0
5 4 6 1 0
5 4 6 2 0
5 4 6 3 0
5 4 6 4 0
5 4 6 5 0
5 4 6 6 0
5 4 6 7 0
5 4 6 8 0
5 4 6 9 0
5 4 6 10 0
5 4 6 11 0
5 4 6 12 0
5 4 6 13 0
5 4 6 14 0
5 4 6 15 0
5 4 7 0 0
5 4 7 1 0
5 4 7 2 0
5 4 7 3 0
5 4 7 4 0
5 4 7 5 0
5 4 7 6 0
5 4 7 7 0
5 4 7 8 0
5 4 7 9 0
5 4 7 10 0
5 4 7 11 0
5 4 7 12 0
5 4 7 13 0
5 4 7 14 0
5 4 7 15 0
5 4 8 0 0
5 4 8 1 0
5 4 8 2 0
5 4 8 3 0
5 4 8 4 0
5 4 8 5 0
5 4 8 6 0
5 4 8 7 0
5 4 8 8 0
5 4 8 9 0
5 4 8 10 0
5 4 8 11 0
5 4 8 12 0
5 4 8 13 0
5 4 8 14 0
5 4 8 15 0
5 4 9 0 0
5 4 9 1 0
5 4 9 2 0
5 4 9 3 0
5 4 9 4 0
5 4 9 5 -0.05254392090253764
5 4 9 6 0
5 4 9 7 0
5 4 9 8 0
5 4 9 9 0
5 4 9 10 0
5 4 9 11 0
5 4 9 12 0
5 4 9 13 0
5 4 9 14 0
5 4 9 15 0
5 4 10 0 0
5 4 10 1 0
5 4 10 2 0
5 4 10 3 0
5 4 10 4 0
5 4 10 5 0
5 4 10 6 0
5 4 10 7 0
5 4 10 8 0
5 4 10 9 0
5 4 10 10 0
5 4 10 11 0
5 4 10 12 0
5 4 10 13 0
5 4 10 14 0
5 4 10 15 0
5 4 11 0 0
5 4 11 1 0
5 4 11 2 0
5 4 11 3 0
5 4 11 4 0
5 4 11 5 0
5 4 11 6 0
5 4 11 7 0
5 4 11 8 0
5 4 11 9 0
5 4 11 10 0
5 4 11 11 0
5 4 11 12 0
5 4 11 13 0
5 4 11 14 0
5 4 11 15 0
5 4 12 0 0
5 4 12 1 0
5 4 12 2 0
5 4 12 3 0
5 4 12 4 0.04901920356137762
5 4 12 5 0
5 4 12 6 0
5 4 12 7 0
5 4 12 8 0
5 4 12 9 0
5 4 12 10 0
5 4 12 11 0
5 4 12 12 0
5 4 12 13 0
5 4 12 14 0
5 4 12 15 0
5 4 13 0 0
5 4 13 1 0
5 4 13 2 0
5 4 13 3 0
5 4 13 4 0
5 4 13 5 0
5 4 13 6 0
5 4 13 7 0
5 4 13 8 0
5 4 13 9 0
5 4 13 10 0
5 4 13 11 0
5 4 13 12 0
5 4 13 13 0
5 4 13 14 0
5 4 13 15 0
5 4 14 0 0
5 4 14 1 0
5 4 14 2 0
5 4 14 3 0
5 4 14 4 0
5 4 14 5 0
5 4 14 6 0
5 4 14 7 0
5 4 14 8 0
5 4 14 9 0
5 4 14 10 0
5 4 14 11 0
5 4 14 12 0
5 4 14 13 0
5 4 14 14 0
5 4 14 15 0
5 4 15 0 0
5 4 15 1 0
5 4 15 2 0
5 4 15 3 0
5 4 15 4 0
5 4 15 5 0
5 4 15 6 0
5 4 15 7 0
5 4 15 8 0
5 4 15 9 0
5 4 15 10 0
5 4 15 11 0
5 4 15 12 0
5 4 15 13 0
5 4 15 14 0
5 4 15 15 0
5 5 0 0 0
5 5 0 1 0
5 5 0 2 0
5 5 0 3 0
5 5 0 4 0
5 5 0 5 0
5 5 0 6 0
5 5 0 7 0
5 5 0 8 0
5 5 0 9 0
5 5 0 10 0
5 5 0 11 0
5 5 0 12 0
5 5 0 13 0
5 5 0 14 0
5 5 0 15 0
5 5 1 0 0
5 5 1 1 0
5 5 1 2 0
5 5 1 3 0
5 5 1 4 0
5 5 1 5 0
5 5 1 6 0
5 5 1 7 0
5 5 1 8 0
5 5 1 9 0
5 5 1 10 0
5 5 1 11 0
5 5 1 12 0
5 5 1 13 0
5 5 1 14 0
5 5 1 15 0
5 5 2 0 0
5 5 2 1 0
5 5 2 2 0
5 5 2 3 0
5 5 2 4 0
5 5 2 5 0
5 5 2 6 0
5 5 2 7 0
5 5 2 8 0
5 5 2 9 0
5 5 2 10 0
5 5 2 11 0
5 5 2 12 0
5 5 2 13 0
5 5 2 14 0
5 5 2 15 0
5 5 3 0 0
5 5 3 1 0
5 5 3 2 0
5 5 3 3 0
5 5 3 4 0
5 5 3 5 0
5 5 3 6 0
5 5 3 7 0
5 5 3 8 0
5 5 3 9 0
5 5 3 10 0
5 5 3 11 0
5 5 3 12 0
5 5 3 13 0
5 5 3 14 0
5 5 3 15 0
5 5 4 0 0
5 5 4 1 0
5 5 4 2 0
5 5 4 3 0
5 5 4 4 -2.317934270968097e-20
5 5 4 5 0
5 5 4 6 0
5 5 4 7 0
5 5 4 8 0
5 5 4 9 -3.21205622904142e-20
5 5 4 10 0
5 5 4 11 0
5 5 4 12 0
5 5 4 13 0
5 5 4 14 0
5 5 4 15 0
5 5 5 0 0
5 5 5 1 0
5 5 5 2 0
5 5 5 3 0
5 5 5 4 0
5 5 5 5 1.357452281739372e-19
5 5 5 6 0
5 5 5 7 0
5 5 5 8 0
5 5 5 9 0
5 5 5 10 0
5 5 5 11 0
5 5 5 12 1.282664304010733e-20
5 5 5 13 0
5 5 5 14 0
5 5 5 15 0
5 5 6 0 0
5 5 6 1 0
5 5 6 2 0
5 5 6 3 0
5 5 6 4 0
5 5 6 5 0
5 5 6 6 0
5 5 6 7 0
5 5 6 8 0
5 5 6 9 0
5 5 6 10 0
5 5 6 11 0
5 5 6 12 0
5 5 6 13 0
5 5 6 14 0
5 5 6 15 0
5 5 7 0 0
5 5 7 1 0
5 5 7 2 0
5 5 7 3 0
5 5 7 4 0
5 5 7 5 0
5 5 7 6 0
5 5 7 7 0
5 5 7 8 0
5 5 7 9 0
5 5 7 10 0
5 5 7 11 0
5 5 7 12 0
5 5 7 13 0
5 5 7 14 0
5 5 7 15 0
5 5 8 0 0
5 5 8 1 0
5 5 8 2 0
5 5 8 3 0
5 5 8 4 0
5 5 8 5 0
5 5 8 6 0
5 5 8 7 0
5 5 8 8 0
5 5 8 9 0
5 5 8 10 0
5 5 8 11 0
5 5 8 12 0
5 5 8 13 0
5 5 8 14 0
5 5 8 15 0
5 5 9 0 0
5 5 9 1 0
5 5 9 2 0
5 5 9 3 0
5 5 9 4 -3.21205622904142e-20
5 5 9 5 0
5 5 9 6 0
5 5 9 7 0
5 5 9 8 0
5 5 9 9 0
5 5 9 10 0
5 5 9 11 0
5 5 9 12 0
5 5 9 13 0
5 5 9 14 0
5 5 9 15 0
5 5 10 0 0
5 5 10 1 0
5 5 10 2 0
5 5 10 3 0
5 5 10 4 0
5 5 10 5 0
5 5 10 6 0
5 5 10 7 0
5 5 10 8 0
5 5 10 9 0
5 5 10 10 0
5 5 10 11 0
5 5 10 12 0
5 5 10 13 0
5 5 10 14 0
5 5 10 15 0
5 5 11 0 0
5 5 11 1 0
5 5 11 2 0
5 5 11 3 0
5 5 11 4 0
5 5 11 5 0
5 5 11 6 0
5 5 11 7 0
5 5 11 8 0
5 5 11 9 0
5 5 11 10 0
5 5 11 11 0
5 5 11 12 0
5 5 11 13 0
5 5 11 14 0
5 5 11 15 0
5 5 12 0 0
5 5 12 1 0
5 5 12 2 0
5 5 12 3 0
5 5 12 4 0
5 5 12 5 1.282664304010733e-20
5 5 12 6 0
5 5 12 7 0
5 5 12 8 0
5 5 12 9 0
5 5 12 10 0
5 5 12 11 0
5 5 12 12 0
5 5 12 13 0
5 5 12 14 0
5 5 12 15 0
5 5 13 0 0
5 5 13 1 0
5 5 13 2 0
5 5 13 3 0
5 5 13 4 0
5 5 13 5 0
5 5 13 6 0
5 5 13 7 0
5 5 13 8 0
5 5 13 9 0
5 5 13 10 0
5 5 13 11 0
5 5 13 12 0
5 5 13 13 0
5 5 13 14 0
5 5 13 15 0
5 5 14 0 0
5 5 14 1 0
5 5 14 2 0
5 5 14 3 0
5 5 14 4 0
5 5 14 5 0
5 5 14 6 0
5 5 14 7 0
5 5 14 8 0
5 5 14 9 0
5 5 14 10 0
5 5 14 11 0
5 5 14 12 0
5 5 14 13 0
5 5 14 14 0
5 5 14 15 0
5 5 15 0 0
5 5 15 1 0
5 5 15 2 0
5 5 15 3 0
5 5 15 4 0
5 5 15 5 0
5 5 15 6 0
5 5 15 7 0
5 5 15 8 0
5 5 15 9 0
5 5 15 10 0
5 5 15 11 0
5 5 15 12 0
5 5 15 13 0
5 5 15 14 0
5 5 15 15 0
5 6 0 0 0
5 6 0 1 0
5 6 0 2 0
5 6 0 3 0
5 6 0 4 0
5 6 0 5 0
5 6 0 6 0
5 6 0 7 0
5 6 0 8 0
5 6 0 9 0
5 6 0 10 0
5 6 0 11 0
5 6 0 12 0
5 6 0 13 0
5 6 0 14 0
5 6 0 15 0
5 6 1 0 0
5 6 1 1 0
5 6 1 2 0
5 6 1 3 0
5 6 1 4 0
5 6 1 5 0
5 6 1 6 0
5 6 1 7 0
5 6 1 8 0
5 6 1 9 0
5 6 1 10 0
5 6 1 11 0
5 6 1 12 0
5 6 1 13 0
5 6 1 14 0
5 6 1 15 0
5 6 2 0 0
5 6 2 1 0
5 6 2 2 0
5 6 2 3 0
5 6 2 4 0
5 6 2 5 0
5 6 2 6 0
5 6 2 7 0
5 6 2 8 0
5 6 2 9 0
5 6 2 10 0
5 6 2 11 0
5 6 2 12 0
5 6 2 13 0
5 6 2 14 0
5 6 2 15 0
5 6 3 0 0
5 6 3 1 0
5 6 3 2 0
5 6 3 3 0
5 6 3 4 -0.02594986512129448
5 6 3 5 0
5 6 3 6 0
5 6 3 7 0
5 6 3 8 0
5 6 3 9 8.045543147428614e-20
5 6 3 10 0
5 6 3 11 0
5 6 3 12 0
5 6 3 13 0
5 6 3 14 0
5 6 3 15 0
5 6 4 0 0
5 6 4 1 0
5 6 4 2 0
5 6 4 3 -3.469446951953614e-18
5 6 4 4 0
5 6 4 5 0
5 6 4 6 0
5 6 4 7 0
5 6 4 8 5.834570149431065e-21
5 6 4 9 0
5 6 4 10 0
5 6 4 11 0
5 6 4 12 0
5 6 4 13 0
5 6 4 14 0
5 6 4 15 0
5 6 5 0 0
5 6 5 1 0
5 6 5 2 0
5 6 5 3 0
5 6 5 4 0
5 6 5 5 0
5 6 5 6 0.9534610284629703
5 6 5 7 0
5 6 5 8 0
5 6 5 9 0
5 6 5 10 0
5 6 5 11 0
5 6 5 12 0
5 6 5 13 0.04963048162576172
5 6 5 14 0
5 6 5 15 0
5 6 6 0 0
5 6 6 1 0
5 6 6 2 0
5 6 6 3 0
5 6 6 4 0
5 6 6 5 -0.9020614867259232
5 6 6 6 0
5 6 6 7 0
5 6 6 8 0
5 6 6 9 0
5 6 6 10 0
5 6 6 11 0
5 6 6 12 -0.04901920356137762
5 6 6 13 0
5 6 6 14 0
5 6 6 15 0
5 6 7 0 0
5 6 7 1 0
5 6 7 2 0
5 6 7 3 0
5 6 7 4 0
5 6 7 5 0
5 6 7 6 0
5 6 7 7 0
5 6 7 8 0
5 6 7 9 0
5 6 7 10 0
5 6 7 11 0
5 6 7 12 0
5 6 7 13 0
5 6 7 14 0
5 6 7 15 0
5 6 8 0 0
5 6 8 1 0
5 6 8 2 0
5 6 8 3 0
5 6 8 4 7.705369644160156e-20
5 6 8 5 0
5 6 8 6 0
5 6 8 7 0
5 6 8 8 0
5 6 8 9 0
5 6 8 10 0
5 6 8 11 0
5 6 8 12 0
5 6 8 13 0
5 6 8 14 0
5 6 8 15 0
5 6 9 0 0
5 6 9 1 0
5 6 9 2 0
5 6 9 3 -9.201647606919378e-21
5 6 9 4 0
5 6 9 5 0
5 6 9 6 0
5 6 9 7 0
5 6 9 8 0
5 6 9 9 0
5 6 9 10 0
5 6 9 11 0
5 6 9 12 0
5 6 9 13 0
5 6 9 14 0
5 6 9 15 0
5 6 10 0 0
5 6 10 1 0
5 6 10 2 0
5 6 10 3 0
5 6 10 4 0
5 6 10 5 0
5 6 10 6 0
5 6 10 7 0
5 6 10 8 0
5 6 10 9 0
5 6 10 10 0
5 6 10 11 0
5 6 10 12 0
5 6 10 13 0
5 6 10 14 0
5 6 10 15 0
5 6 11 0 0
5 6 11 1 0
5 6 11 2 0
5 6 11 3 0
5 6 11 4 0
5 6 11 5 0
5 6 11 6 0
5 6 11 7 0
5 6 11 8 0
5 6 11 9 0
5 6 11 10 0
5 6 11 11 0
5 6 11 12 0
5 6 11 13 0
5 6 11 14 0
5 6 11 15 0
5 6 12 0 0
5 6 12 1 0
5 6 12 2 0
5 6 12 3 0
5 6 12 4 0
5 6 12 5 0
5 6 12 6 0.04901920356137762
5 6 12 7 0
5 6 12 8 0
5 6 12 9 0
5 6 12 10 0
5 6 12 11 0
5 6 12 12 0
5 6 12 13 0
5 6 12 14 0
5 6 12 15 0
5 6 13 0 0
5 6 13 1 0
5 6 13 2 0
5 6 13 3 0
5 6 13 4 0
5 6 13 5 -0.04963048162576172
5 6 13 6 0
5 6 13 7 0
5 6 13 8 0
5 6 13 9 0
5 6 13 10 0
5 6 13 11 0
5 6 13 12 0
5 6 13 13 0
5 6 13 14 0
5 6 13 15 0
5 6 14 0 0
5 6 14 1 0
5 6 14 2 0
5 6 14 3 0
5 6 14 4 0
5 6 14 5 0
5 6 14 6 0
5 6 14 7 0
5 6 14 8 0
5 6 14 9 0
5 6 14 10 0
5 6 14 11 0
5 6 14 12 0
5 6 14 13 0
5 6 14 14 0
5 6 14 15 0
5 6 15 0 0
5 6 15 1 0
5 6 15 2 0
5 6 15 3 0
5 6 15 4 0
5 6 15 5 0
5 6 15 6 0
5 6 15 7 0
5 6 15 8 0
5 6 15 9 0
5 6 15 10 0
5 6 15 11 0
5 6 15 12 0
5 6 15 13 0
5 6 15 14 0
5 6 15 15 0
5 7 0 0 0
5 7 0 1 0
5 7 0 2 0
5 7 0 3 0
5 7 0 4 0
5 7 0 5 0
5 7 0 6 0
5 7 0 7 0
5 7 0 8 0
5 7 0 9 0
5 7 0 10 0
5 7 0 11 0
5 7 0 12 0
5 7 0 13 0
5 7 0 14 0
5 7 0 15 0
5 7 1 0 0
5 7 1 1 0
5 7 1 2 0
5 7 1 3 0
5 7 1 4 0
5 7 1 5 0
5 7 1 6 0
5 7 1 7 0
5 7 1 8 0
5 7 1 9 0
5 7 1 10 0
5 7 1 11 0
5 7 1 12 0
5 7 1 13 0
5 7 1 14 0
5 7 1 15 0
5 7 2 0 0
5 7 2 1 0
5 7 2 2 0
5 7 2 3 0
5 7 2 4 0.04430159605440451
5 7 2 5 0
5 7 2 6 0
5 7 2 7 0
5 7 2 8 0
5 7 2 9 1.112948895970224e-21
5 7 2 10 0
5 7 2 11 0
5 7 2 12 0
5 7 2 13 0
5 7 2 14 0
5 7 2 15 0
5 7 3 0 0
5 7 3 1 0
5 7 3 2 0
5 7 3 3 0
5 7 3 4 0
5 7 3 5 0
5 7 3 6 0
5 7 3 7 0
5 7 3 8 0
5 7 3 9 0
5 7 3 10 0
5 7 3 11 0
5 7 3 12 0
5 7 3 13 0
5 7 3 14 0
5 7 3 15 0
5 7 4 0 0
5 7 4 1 0
5 7 4 2 0
5 7 4 3 0
5 7 4 4 0
5 7 4 5 0
5 7 4 6 0
5 7 4 7 0
5 7 4 8 0
5 7 4 9 0
5 7 4 10 0
5 7 4 11 0
5 7 4 12 0
5 7 4 13 0
5 7 4 14 -4.346930650297411e-21
5 7 4 15 0
5 7 5 0 0
5 7 5 1 0
5 7 5 2 0
5 7 5 3 0
5 7 5 4 0
5 7 5 5 0
5 7 5 6 0
5 7 5 7 0.4289297527660041
5 7 5 8 0
5 7 5 9 0
5 7 5 10 0
5 7 5 11 0
5 7 5 12 0
5 7 5 13 0
5 7 5 14 0
5 7 5 15 0
5 7 6 0 0
5 7 6 1 0
5 7 6 2 0
5 7 6 3 0
5 7 6 4 0
5 7 6 5 0
5 7 6 6 0
5 7 6 7 0
5 7 6 8 0
5 7 6 9 0
5 7 6 10 0
5 7 6 11 0
5 7 6 12 0
5 7 6 13 0
5 7 6 14 0
5 7 6 15 0
5 7 7 0 0
5 7 7 1 0
5 7 7 2 0
5 7 7 3 0
5 7 7 4 0
5 7 7 5 -0.2790527542170949
5 7 7 6 0
5 7 7 7 0
5 7 7 8 0
5 7 7 9 0
5 7 7 10 0
5 7 7 11 0
5 7 7 12 0
5 7 7 13 0
5 7 7 14 0
5 7 7 15 0
5 7 8 0 0
5 7 8 1 0
5 7 8 2 0
5 7 8 3 0
5 7 8 4 0
5 7 8 5 0
5 7 8 6 0
5 7 8 7 0
5 7 8 8 0
5 7 8 9 0
5 7 8 10 0
5 7 8 11 0
5 7 8 12 0
5 7 8 13 0
5 7 8 14 0
5 7 8 15 0
5 7 9 0 0
5 7 9 1 0
5 7 9 2 2.876705403321271e-20
5 7 9 3 0
5 7 9 4 0
5 7 9 5 0
5 7 9 6 0
5 7 9 7 0
5 7 9 8 0
5 7 9 9 0
5 7 9 10 0
5 7 9 11 0
5 7 9 12 0
5 7 9 13 0
5 7 9 14 0
5 7 9 15 0
5 7 10 0 0
5 7 10 1 0
5 7 10 2 0
5 7 10 3 0
5 7 10 4 0
5 7 10 5 0
5 7 10 6 0
5 7 10 7 0
5 7 10 8 0
5 7 10 9 0
5 7 10 10 0
5 7 10 11 0
5 7 10 12 0
5 7 10 13 0
5 7 10 14 0
5 7 10 15 0
5 7 11 0 0
5 7 11 1 0
5 7 11 2 0
5 7 11 3 0
5 7 11 4 0
5 7 11 5 0
5 7 11 6 0
5 7 11 7 0
5 7 11 8 0
5 7 11 9 0
5 7 11 10 0
5 7 11 11 0
5 7 11 12 0
5 7 11 13 0
5 7 11 14 0
5 7 11 15 0
5 7 12 0 0
5 7 12 1 0
5 7 12 2 0
5 7 12 3 0
5 7 12 4 0
5 7 12 5 0
5 7 12 6 0
5 7 12 7 0
5 7 12 8 0
5 7 12 9 0
5 7 12 10 0
5 7 12 11 0
5 7 12 12 0
5 7 12 13 0
5 7 12 14 0
5 7 12 15 0
5 7 13 0 0
5 7 13 1 0
5 7 13 2 0
5 7 13 3 0
5 7 13 4 0
5 7 13 5 0
5 7 13 6 0
5 7 13 7 0
5 7 13 8 0
5 7 13 9 0
5 7 13 10 0
5 7 13 11 0
5 7 13 12 0
5 7 13 13 0
5 7 13 14 0
5 7 13 15 0
5 7 14 0 0
5 7 14 1 0
5 7 14 2 0
5 7 14 3 0
5 7 14 4 1.391072705745981e-20
5 7 14 5 0
5 7 14 6 0
5 7 14 7 0
5 7 14 8 0
5 7 14 9 0
5 7 14 10 0
5 7 14 11 0
5 7 14 12 0
5 7 14 13 0
5 7 14 14 0
5 7 14 15 0
5 7 15 0 0
5 7 15 1 0
5 7 15 2 0
5 7 15 3 0
5 7 15 4 0
5 7 15 5 0
5 7 15 6 0
5 7 15 7 0
5 7 15 8 0
5 7 15 9 0
5 7 15 10 0
5 7 15 11 0
5 7 15 12 0
5 7 15 13 0
5 7 15 14 0
5 7 15 15 0
5 8 0 0 0
5 8 0 1 0
5 8 0 2 0
5 8 0 3 0
5 8 0 4 0
5 8 0 5 0
5 8 0 6 0
5 8 0 7 0
5 8 0 8 0
5 8 0 9 0
5 8 0 10 0
5 8 0 11 0
5 8 0 12 0
5 8 0 13 0
5 8 0 14 0
5 8 0 15 0
5 8 1 0 0
5 8 1 1 0
5 8 1 2 0
5 8 1 3 0
5 8 1 4 0
5 8 1 5 0
5 8 1 6 0
5 8 1 7 0
5 8 1 8 0
5 8 1 9 0
5 8 1 10 0
5 8 1 11 0
5 8 1 12 0
5 8 1 13 0
5 8 1 14 0
5 8 1 15 0
5 8 2 0 0
5 8 2 1 0
5 8 2 2 0
5 8 2 3 0
5 8 2 4 0
5 8 2 5 0
5 8 2 6 0
5 8 2 7 0
5 8 2 8 0
5 8 2 9 0
5 8 2 10 0
5 8 2 11 0
5 8 2 12 0
5 8 2 13 0
5 8 2 14 0
5 8 2 15 0
5 8 3 0 0
5 8 3 1 0
5 8 3 2 0
5 8 3 3 0
5 8 3 4 0
5 8 3 5 -0.05347125436851322
5 8 3 6 0
5 8 3 7 0
5 8 3 8 0
5 8 3 9 0
5 8 3 10 0
5 8 3 11 0
5 8 3 12 -0.003795985070575367
5 8 3 13 0
5 8 3 14 0
5 8 3 15 0
5 8 4 0 0
5 8 4 1 0
5 8 4 2 0
5 8 4 3 0
5 8 4 4 0
5 8 4 5 0
5 8 4 6 5.358440384422211e-20
5 8 4 7 0
5 8 4 8 0
5 8 4 9 0
5 8 4 10 0
5 8 4 11 0
5 8 4 12 0
5 8 4 13 -1.532942258734495e-20
5 8 4 14 0
5 8 4 15 0
5 8 5 0 0
5 8 5 1 0
5 8 5 2 0
5 8 5 3 0.05347125436851322
5 8 5 4 0
5 8 5 5 0
5 8 5 6 0
5 8 5 7 0
5 8 5 8 0.004140746249246275
5 8 5 9 0
5 8 5 10 0
5 8 5 11 0
5 8 5 12 0
5 8 5 13 0
5 8 5 14 0
5 8 5 15 0
5 8 6 0 0
5 8 6 1 0
5 8 6 2 0
5 8 6 3 0
5 8 6 4 -1.772655969078094e-20
5 8 6 5 0
5 8 6 6 0
5 8 6 7 0
5 8 6 8 0
5 8 6 9 -8.895556045151379e-21
5 8 6 10 0
5 8 6 11 0
5 8 6 12 0
5 8 6 13 0
5 8 6 14 0
5 8 6 15 0
5 8 7 0 0
5 8 7 1 0
5 8 7 2 0
5 8 7 3 0
5 8 7 4 0
5 8 7 5 0
5 8 7 6 0
5 8 7 7 0
5 8 7 8 0
5 8 7 9 0
5 8 7 10 0
5 8 7 11 0
5 8 7 12 0
5 8 7 13 0
5 8 7 14 0
5 8 7 15 0
5 8 8 0 0
5 8 8 1 0
5 8 8 2 0
5 8 8 3 0
5 8 8 4 0
5 8 8 5 -0.004140746249246275
5 8 8 6 0
5 8 8 7 0
5 8 8 8 0
5 8 8 9 0
5 8 8 10 0
5 8 8 11 0
5 8 8 12 0
5 8 8 13 0
5 8 8 14 0
5 8 8 15 0
5 8 9 0 0
5 8 9 1 0
5 8 9 2 0
5 8 9 3 0
5 8 9 4 0
5 8 9 5 0
5 8 9 6 2.404379740167559e-20
5 8 9 7 0
5 8 9 8 0
5 8 9 9 0
5 8 9 10 0
5 8 9 11 0
5 8 9 12 0
5 8 9 13 0
5 8 9 14 0
5 8 9 15 0
5 8 10 0 0
5 8 10 1 0
5 8 10 2 0
5 8 10 3 0
5 8 10 4 0
5 8 10 5 0
5 8 10 6 0
5 8 10 7 0
5 8 10 8 0
5 8 10 9 0
5 8 10 10 0
5 8 10 11 0
5 8 10 12 0
5 8 10 13 0
5 8 10 14 0
5 8 10 15 0
5 8 11 0 0
5 8 11 1 0
5 8 11 2 0
5 8 11 3 0
5 8 11 4 0
5 8 11 5 0
5 8 11 6 0
5 8 11 7 0
5 8 11 8 0
5 8 11 9 0
5 8 11 10 0
5 8 11 11 0
5 8 11 12 0
5 8 11 13 0
5 8 11 14 0
5 8 11 15 0
5 8 12 0 0
5 8 12 1 0
5 8 12 2 0
5 8 12 3 0.003795985070575367
5 8 12 4 0
5 8 12 5 0
5 8 12 6 0
5 8 12 7 0
5 8 12 8 0
5 8 12 9 0
5 8 12 10 0
5 8 12 11 0
5 8 12 12 0
5 8 12 13 0
5 8 12 14 0
5 8 12 15 0
5 8 13 0 0
5 8 13 1 0
5 8 13 2 0
5 8 13 3 0
5 8 13 4 5.063155161875393e-21
5 8 13 5 0
5 8 13 6 0
5 8 13 7 0
5 8 13 8 0
5 8 13 9 0
5 8 13 10 0
5 8 13 11 0
5 8 13 12 0
5 8 13 13 0
5 8 13 14 0
5 8 13 15 0
5 8 14 0 0
5 8 14 1 0
5 8 14 2 0
5 8 14 3 0
5 8 14 4 0
5 8 14 5 0
5 8 14 6 0
5 8 14 7 0
5 8 14 8 0
5 8 14 9 0
5 8 14 10 0
5 8 14 11 0
5 8 14 12 0
5 8 14 13 0
5 8 14 14 0
5 8 14 15 0
5 8 15 0 0
5 8 15 1 0
5 8 15 2 0
5 8 15 3 0
5 8 15 4 0
5 8 15 5 0
5 8 15 6 0
5 8 15 7 0
5 8 15 8 0
5 8 15 9 0
5 8 15 10 0
5 8 15 11 0
5 8 15 12 0
5 8 15 13 0
5 8 15 14 0
5 8 15 15 0
5 9 0 0 0
5 9 0 1 0
5 9 0 2 0
5 9 0 3 0
5 9 0 4 0
5 9 0 5 0
5 9 0 6 0
5 9 0 7 0
5 9 0 8 0
5 9 0 9 0
5 9 0 10 0
5 9 0 11 0
5 9 0 12 0
5 9 0 13 0
5 9 0 14 0
5 9 0 15 0
5 9 1 0 0
5 9 1 1 0
5 9 1 2 0
5 9 1 3 0
5 9 1 4 0
5 9 1 5 0
5 9 1 6 0
5 9 1 7 0
5 9 1 8 0
5 9 1 9 0
5 9 1 10 0
5 9 1 11 0
5 9 1 12 0
5 9 1 13 0
5 9 1 14 0
5 9 1 15 0
5 9 2 0 0
5 9 2 1 0
5 9 2 2 0
5 9 2 3 0
5 9 2 4 0
5 9 2 5 0
5 9 2 6 0
5 9 2 7 0
5 9 2 8 0
5 9 2 9 0
5 9 2 10 0
5 9 2 11 0
5 9 2 12 0
5 9 2 13 0
5 9 2 14 0
5 9 2 15 0
5 9 3 0 0
5 9 3 1 0
5 9 3 2 0
5 9 3 3 0
5 9 3 4 0
5 9 3 5 0
5 9 3 6 0
5 9 3 7 0
5 9 3 8 0
5 9 3 9 0
5 9 3 10 0
5 9 3 11 0
5 9 3 12 0
5 9 3 13 0
5 9 3 14 0
5 9 3 15 0
5 9 4 0 0
5 9 4 1 0
5 9 4 2 0
5 9 4 3 0
5 9 4 4 0
5 9 4 5 -0.05254392090253764
5 9 4 6 0
5 9 4 7 0
5 9 4 8 0
5 9 4 9 0
5 9 4 10 0
5 9 4 11 0
5 9 4 12 -0.003730152614728567
5 9 4 13 0
5 9 4 14 0
5 9 4 15 0
5 9 5 0 0
5 9 5 1 0
5 9 5 2 0
5 9 5 3 0
5 9 5 4 0.05254392090253765
5 9 5 5 0
5 9 5 6 0
5 9 5 7 0
5 9 5 8 0
5 9 5 9 0.003998368592367713
5 9 5 10 0
5 9 5 11 0
5 9 5 12 0
5 9 5 13 0
5 9 5 14 0
5 9 5 15 0
5 9 6 0 0
5 9 6 1 0
5 9 6 2 0
5 9 6 3 0
5 9 6 4 0
5 9 6 5 0
5 9 6 6 0
5 9 6 7 0
5 9 6 8 0
5 9 6 9 0
5 9 6 10 0
5 9 6 11 0
5 9 6 12 0
5 9 6 13 0
5 9 6 14 0
5 9 6 15 0
5 9 7 0 0
5 9 7 1 0
5 9 7 2 0
5 9 7 3 0
5 9 7 4 0
5 9 7 5 0
5 9 7 6 0
5 9 7 7 0
5 9 7 8 0
5 9 7 9 0
5 9 7 10 0
5 9 7 11 0
5 9 7 12 0
5 9 7 13 0
5 9 7 14 0
5 9 7 15 0
5 9 8 0 0
5 9 8 1 0
5 9 8 2 0
5 9 8 3 0
5 9 8 4 0
5 9 8 5 0
5 9 8 6 0
5 9 8 7 0
5 9 8 8 0
5 9 8 9 0
5 9 8 10 0
5 9 8 11 0
5 9 8 12 0
5 9 8 13 0
5 9 8 14 0
5 9 8 15 0
5 9 9 0 0
5 9 9 1 0
5 9 9 2 0
5 9 9 3 0
5 9 9 4 0
5 9 9 5 -0.003998368592367713
5 9 9 6 0
5 9 9 7 0
5 9 9 8 0
5 9 9 9 0
5 9 9 10 0
5 9 9 11 0
5 9 9 12 0
5 9 9 13 0
5 9 9 14 0
5 9 9 15 0
5 9 10 0 0
5 9 10 1 0
5 9 10 2 0
5 9 10 3 0
5 9 10 4 0
5 9 10 5 0
5 9 10 6 0
5 9 10 7 0
5 9 10 8 0
5 9 10 9 0
5 9 10 10 0
5 9 10 11 0
5 9 10 12 0
5 9 10 13 0
5 9 10 14 0
5 9 10 15 0
5 9 11 0 0
5 9 11 1 0
5 9 11 2 0
5 9 11 3 0
5 9 11 4 0
5 9 11 5 0
5 9 11 6 0
5 9 11 7 0
5 9 11 8 0
5 9 11 9 0
5 9 11 10 0
5 9 11 11 0
5 9 11 12 0
5 9 11 13 0
5 9 11 14 0
5 9 11 15 0
5 9 12 0 0
5 9 12 1 0
5 9 12 2 0
5 9 12 3 0
5 9 12 4 0.003730152614728567
5 9 12 5 0
5 9 12 6 0
5 9 12 7 0
5 9 12 8 0
5 9 12 9 0
5 9 12 10 0
5 9 12 11 0
5 9 12 12 0
5 9 12 13 0
5 9 12 14 0
5 9 12 15 0
5 9 13 0 0
5 9 13 1 0
5 9 13 2 0
5 9 13 3 0
5 9 13 4 0
5 9 13 5 0
5 9 13 6 0
5 9 13 7 0
5 9 13 8 0
5 9 13 9 0
5 9 13 10 0
5 9 13 11 0
5 9 13 12 0
5 9 13 13 0
5 9 13 14 0
5 9 13 15 0
5 9 14 0 0
5 9 14 1 0
5 9 14 2 0
5 9 14 3 0
5 9 14 4 0
5 9 14 5 0
5 9 14 6 0
5 9 14 7 0
5 9 14 8 0
5 9 14 9 0
5 9 14 10 0
5 9 14 11 0
5 9 14 12 0
5 9 14 13 0
5 9 14 14 0
5 9 14 15 0
5 9 15 0 0
5 9 15 1 0
5 9 15 2 0
5 9 15 3 0
5 9 15 4 0
5 9 15 5 0
5 9 15 6 0
5 9 15 7 0
5 9 15 8 0
5 9 15 9 0
5 9 15 10 0
5 9 15 11 0
5 9 15 12 0
5 9 15 13 0
5 9 15 14 0
5 9 15 15 0
5 10 0 0 0
5 10 0 1 0
5 10 0 2 0
5 10 0 3 0
5 10 0 4 0
5 10 0 5 0
5 10 0 6 0
5 10 0 7 0
5 10 0 8 0
5 10 0 9 0
5 10 0 10 0
5 10 0 11 0
5 10 0 12 0
5 10 0 13 0
5 10 0 14 0
5 10 0 15 0
5 10 1 0 0
5 10 1 1 0
5 10 1 2 0
5 10 1 3 0
5 10 1 4 0
5 10 1 5 0
5 10 1 6 0
5 10 1 7 0
5 10 1 8 0
5 10 1 9 0
5 10 1 10 0
5 10 1 11 0
5 10 1 12 0
5 10 1 13 0
5 10 1 14 0
5 10 1 15 0
5 10 2 0 0
5 10 2 1 0
5 10 2 2 0
5 10 2 3 0
5 10 2 4 0
5 10 2 5 0
5 10 2 6 0
5 10 2 7 0
5 10 2 8 0
5 10 2 9 0
5 10 2 10 0
5 10 2 11 0
5 10 2 12 0
5 10 2 13 0
5 10 2 14 0
5 10 2 15 0
5 10 3 0 0
5 10 3 1 0
5 10 3 2 0
5 10 3 3 0
5 10 3 4 0
5 10 3 5 0
5 10 3 6 0
5 10 3 7 0
5 10 3 8 0
5 10 3 9 0
5 10 3 10 0
5 10 3 11 0
5 10 3 12 0
5 10 3 13 0
5 10 3 14 0
5 10 3 15 0
5 10 4 0 0
5 10 4 1 0
5 10 4 2 0
5 10 4 3 0
5 10 4 4 0
5 10 4 5 0
5 10 4 6 0
5 10 4 7 0
5 10 4 8 0
5 10 4 9 0
5 10 4 10 0
5 10 4 11 0
5 10 4 12 0
5 10 4 13 0
5 10 4 14 0
5 10 4 15 0
5 10 5 0 0
5 10 5 1 0
5 10 5 2 0
5 10 5 3 0
5 10 5 4 0
5 10 5 5 0
5 10 5 6 0
5 10 5 7 0
5 10 5 8 0
5 10 5 9 0
5 10 5 10 0
5 10 5 11 0
5 10 5 12 0
5 10 5 13 0
5 10 5 14 0
5 10 5 15 0
5 10 6 0 0
5 10 6 1 0
5 10 6 2 0
5 10 6 3 0
5 10 6 4 0
5 10 6 5 0
5 10 6 6 0
5 10 6 7 0
5 10 6 8 0
5 10 6 9 0
5 10 6 10 0
5 10 6 11 0
5 10 6 12 0
5 10 6 13 0
5 10 6 14 0
5 10 6 15 0
5 10 7 0 0
5 10 7 1 0
5 10 7 2 0
5 10 7 3 0
5 10 7 4 0
5 10 7 5 0
5 10 7 6 0
5 10 7 7 0
5 10 7 8 0
5 10 7 9 0
5 10 7 10 0
5 10 7 11 0
5 10 7 12 0
5 10 7 13 0
5 10 7 14 0
5 10 7 15 0
5 10 8 0 0
5 10 8 1 0
5 10 8 2 0
5 10 8 3 0
5 10 8 4 0
5 10 8 5 0
5 10 8 6 0
5 10 8 7 0
5 10 8 8 0
5 10 8 9 0
5 10 8 10 0
5 10 8 11 0
5 10 8 12 0
5 10 8 13 0
5 10 8 14 0
5 10 8 15 0
5 10 9 0 0
5 10 9 1 0
5 10 9 2 0
5 10 9 3 0
5 10 9 4 0
5 10 9 5 0
5 10 9 6 0
5 10 9 7 0
5 10 9 8 0
5 10 9 9 0
5 10 9 10 0
5 10 9 11 0
5 10 9 12 0
5 10 9 13 0
5 10 9 14 0
5 10 9 15 0
5 10 10 0 0
5 10 10 1 0
5 10 10 2 0
5 10 10 3 0
5 10 10 4 0
5 10 10 5 0
5 10 10 6 0
5 10 10 7 0
5 10 10 8 0
5 10 10 9 0
5 10 10 10 0
5 10 10 11 0
5 10 10 12 0
5 10 10 13 0
5 10 10 14 0
5 10 10 15 0
5 10 11 0 0
5 10 11 1 0
5 10 11 2 0
5 10 11 3 0
5 10 11 4 0
5 10 11 5 0
5 10 11 6 0
5 10 11 7 0
5 10 11 8 0
5 10 11 9 0
5 10 11 10 0
5 10 11 11 0
5 10 11 12 0
5 10 11 13 0
5 10 11 14 0
5 10 11 15 0
5 10 12 0 0
5 10 12 1 0
5 10 12 2 0
5 10 12 3 0
5 10 12 4 0
5 10 12 5 0
5 10 12 6 0
5 10 12 7 0
5 10 12 8 0
5 10 12 9 0
5 10 12 10 0
5 10 12 11 0
5 10 12 12 0
5 10 12 13 0
5 10 12 14 0
5 10 12 15 0
5 10 13 0 0
5 10 13 1 0
5 10 13 2 0
5 10 13 3 0
5 10 13 4 0
5 10 13 5 0
5 10 13 6 0
5 10 13 7 0
5 10 13 8 0
5 10 13 9 0
5 10 13 10 0
5 10 13 11 0
5 10 13 12 0
5 10 13 13 0
5 10 13 14 0
5 10 13 15 0
5 10 14 0 0
5 10 14 1 0
5 10 14 2 0
5 10 14 3 0
5 10 14 4 0
5 10 14 5 0
5 10 14 6 0
5 10 14 7 0
5 10 14 8 0
5 10 14 9 0
5 10 14 10 0
5 10 14 11 0
5 10 14 12 0
5 10 14 13 0
5 10 14 14 0
5 10 14 15 0
5 10 15 0 0
5 10 15 1 0
5 10 15 2 0
5 10 15 3 0
5 10 15 4 0
5 10 15 5 0
5 10 15 6 0
5 10 15 7 0
5 10 15 8 0
5 10 15 9 0
5 10 15 10 0
5 10 15 11 0
5 10 15 12 0
5 10 15 13 0
5 10 15 14 0
5 10 15 15 0
5 11 0 0 0
5 11 0 1 0
5 11 0 2 0
5 11 0 3 0
5 11 0 4 0
5 11 0 5 -0.01385759890257165
5 11 0 6 0
5 11 0 7 0
5 11 0 8 0
5 11 0 9 0
5 11 0 10 0
5 11 0 11 0
5 11 0 12 -0.0008390351938217992
5 11 0 13 0
5 11 0 14 0
5 11 0 15 0
5 11 1 0 0
5 11 1 1 0
5 11 1 2 0
5 11 1 3 0
5 11 1 4 0
5 11 1 5 0
5 11 1 6 0
5 11 1 7 0
5 11 1 8 0
5 11 1 9 0
5 11 1 10 0
5 11 1 11 0
5 11 1 12 0
5 11 1 13 0
5 11 1 14 0
5 11 1 15 0
5 11 2 0 0
5 11 2 1 0
5 11 2 2 0
5 11 2 3 0
5 11 2 4 0
5 11 2 5 0.005424679128907929
5 11 2 6 0
5 11 2 7 0
5 11 2 8 0
5 11 2 9 0
5 11 2 10 0
5 11 2 11 0
5 11 2 12 0.0003851041317280556
5 11 2 13 0
5 11 2 14 0
5 11 2 15 0
5 11 3 0 0
5 11 3 1 0
5 11 3 2 0
5 11 3 3 0
5 11 3 4 0
5 11 3 5 0
5 11 3 6 0
5 11 3 7 0
5 11 3 8 0
5 11 3 9 0
5 11 3 10 0
5 11 3 11 0
5 11 3 12 0
5 11 3 13 0
5 11 3 14 0
5 11 3 15 0
5 11 4 0 0
5 11 4 1 0
5 11 4 2 0
5 11 4 3 0
5 11 4 4 0
5 11 4 5 0
5 11 4 6 0
5 11 4 7 -0.0003671941826562768
5 11 4 8 0
5 11 4 9 0
5 11 4 10 0
5 11 4 11 0
5 11 4 12 0
5 11 4 13 0
5 11 4 14 0
5 11 4 15 0
5 11 5 0 -0.01336439813953341
5 11 5 1 0
5 11 5 2 -0.02458708412460262
5 11 5 3 0
5 11 5 4 0
5 11 5 5 0
5 11 5 6 0
5 11 5 7 0
5 11 5 8 0
5 11 5 9 0
5 11 5 10 0
5 11 5 11 0.001209668881451395
5 11 5 12 0
5 11 5 13 0
5 11 5 14 -0.0005394464571167848
5 11 5 15 0
5 11 6 0 0
5 11 6 1 0
5 11 6 2 0
5 11 6 3 0
5 11 6 4 0
5 11 6 5 0
5 11 6 6 0
5 11 6 7 0
5 11 6 8 0
5 11 6 9 0
5 11 6 10 0
5 11 6 11 0
5 11 6 12 0
5 11 6 13 0
5 11 6 14 0
5 11 6 15 0
5 11 7 0 0
5 11 7 1 0
5 11 7 2 0
5 11 7 3 0
5 11 7 4 -0.002272481069923738
5 11 7 5 0
5 11 7 6 0
5 11 7 7 0
5 11 7 8 0
5 11 7 9 0
5 11 7 10 0
5 11 7 11 0
5 11 7 12 0
5 11 7 13 0
5 11 7 14 0
5 11 7 15 0
5 11 8 0 0
5 11 8 1 0
5 11 8 2 0
5 11 8 3 0
5 11 8 4 0
5 11 8 5 0
5 11 8 6 0
5 11 8 7 0
5 11 8 8 0
5 11 8 9 0
5 11 8 10 0
5 11 8 11 0
5 11 8 12 0
5 11 8 13 0
5 11 8 14 0
5 11 8 15 0
5 11 9 0 0
5 11 9 1 0
5 11 9 2 0
5 11 9 3 0
5 11 9 4 0
5 11 9 5 0
5 11 9 6 0
5 11 9 7 0
5 11 9 8 0
5 11 9 9 0
5 11 9 10 0
5 11 9 11 0
5 11 9 12 0
5 11 9 13 0
5 11 9 14 0
5 11 9 15 0
5 11 10 0 0
5 11 10 1 0
5 11 10 2 0
5 11 10 3 0
5 11 10 4 0
5 11 10 5 0
5 11 10 6 0
5 11 10 7 0
5 11 10 8 0
5 11 10 9 0
5 11 10 10 0
5 11 10 11 0
5 11 10 12 0
5 11 10 13 0
5 11 10 14 0
5 11 10 15 0
5 11 11 0 0
5 11 11 1 0
5 11 11 2 0
5 11 11 3 0
5 11 11 4 0
5 11 11 5 0.0002073101227697789
5 11 11 6 0
5 11 11 7 0
5 11 11 8 0
5 11 11 9 0
5 11 11 10 0
5 11 11 11 0
5 11 11 12 0
5 11 11 13 0
5 11 11 14 0
5 11 11 15 0
5 11 12 0 -0.0007942700213403632
5 11 12 1 0
5 11 12 2 -0.001745465023557241
5 11 12 3 0
5 11 12 4 0
5 11 12 5 0
5 11 12 6 0
5 11 12 7 0
5 11 12 8 0
5 11 12 9 0
5 11 12 10 0
5 11 12 11 0
5 11 12 12 0
5 11 12 13 0
5 11 12 14 0
5 11 12 15 0
5 11 13 0 0
5 11 13 1 0
5 11 13 2 0
5 11 13 3 0
5 11 13 4 0
5 11 13 5 0
5 11 13 6 0
5 11 13 7 0
5 11 13 8 0
5 11 13 9 0
5 11 13 10 0
5 11 13 11 0
5 11 13 12 0
5 11 13 13 0
5 11 13 14 0
5 11 13 15 0
5 11 14 0 0
5 11 14 1 0
5 11 14 2 0
5 11 14 3 0
5 11 14 4 0
5 11 14 5 0.000124308445187197
5 11 14 6 0
5 11 14 7 0
5 11 14 8 0
5 11 14 9 0
5 11 14 10 0
5 11 14 11 0
5 11 14 12 0
5 11 14 13 0
5 11 14 14 0
5 11 14 15 0
5 11 15 0 0
5 11 15 1 0
5 11 15 2 0
5 11 15 3 0
5 11 15 4 0
5 11 15 5 0
5 11 15 6 0
5 11 15 7 0
5 11 15 8 0
5 11 15 9 0
5 11 15 10 0
5 11 15 11 0
5 11 15 12 0
5 11 15 13 0
5 11 15 14 0
5 11 15 15 0
5 12 0 0 0
5 12 0 1 0
5 12 0 2 0
5 12 0 3 0
5 12 0 4 0
5 12 0 5 0
5 12 0 6 0
5 12 0 7 0
5 12 0 8 0
5 12 0 9 0
5 12 0 10 0
5 12 0 11 0
5 12 0 12 0
5 12 0 13 0
5 12 0 14 0
5 12 0 15 0
5 12 1 0 0
5 12 1 1 0
5 12 1 2 0
5 12 1 3 0
5 12 1 4 0
5 12 1 5 0
5 12 1 6 0
5 12 1 7 0
5 12 1 8 0
5 12 1 9 0
5 12 1 10 0
5 12 1 11 0
5 12 1 12 0
5 12 1 13 0
5 12 1 14 0
5 12 1 15 0
5 12 2 0 0
5 12 2 1 0
5 12 2 2 0
5 12 2 3 0
5 12 2 4 0
5 12 2 5 0
5 12 2 6 0
5 12 2 7 0
5 12 2 8 0
5 12 2 9 0
5 12 2 10 0
5 12 2 11 0
5 12 2 12 0
5 12 2 13 0
5 12 2 14 0
5 12 2 15 0
5 12 3 0 0
5 12 3 1 0
5 12 3 2 0
5 12 3 3 0
5 12 3 4 0
5 12 3 5 0
5 12 3 6 0
5 12 3 7 0
5 12 3 8 0
5 12 3 9 0
5 12 3 10 0
5 12 3 11 0
5 12 3 12 0
5 12 3 13 0
5 12 3 14 0
5 12 3 15 0
5 12 4 0 0
5 12 4 1 0
5 12 4 2 0
5 12 4 3 0
5 12 4 4 -6.720281355925011e-21
5 12 4 5 0
5 12 4 6 0
5 12 4 7 0
5 12 4 8 0
5 12 4 9 -8.831797625274296e-21
5 12 4 10 0
5 12 4 11 0
5 12 4 12 0
5 12 4 13 0
5 12 4 14 0
5 12 4 15 0
5 12 5 0 0
5 12 5 1 0
5 12 5 2 0
5 12 5 3 0
5 12 5 4 0
5 12 5 5 1.282664304010733e-20
5 12 5 6 0
5 12 5 7 0
5 12 5 8 0
5 12 5 9 0
5 12 5 10 0
5 12 5 11 0
5 12 5 12 3.614938883435949e-21
5 12 5 13 0
5 12 5 14 0
5 12 5 15 0
5 12 6 0 0
5 12 6 1 0
5 12 6 2 0
5 12 6 3 0
5 12 6 4 0
5 12 6 5 0
5 12 6 6 0
5 12 6 7 0
5 12 6 8 0
5 12 6 9 0
5 12 6 10 0
5 12 6 11 0
5 12 6 12 0
5 12 6 13 0
5 12 6 14 0
5 12 6 15 0
5 12 7 0 0
5 12 7 1 0
5 12 7 2 0
5 12 7 3 0
5 12 7 4 0
5 12 7 5 0
5 12 7 6 0
5 12 7 7 0
5 12 7 8 0
5 12 7 9 0
5 12 7 10 0
5 12 7 11 0
5 12 7 12 0
5 12 7 13 0
5 12 7 14 0
5 12 7 15 0
5 12 8 0 0
5 12 8 1 0
5 12 8 2 0
5 12 8 3 0
5 12 8 4 0
5 12 8 5 0
5 12 8 6 0
5 12 8 7 0
5 12 8 8 0
5 12 8 9 0
5 12 8 10 0
5 12 8 11 0
5 12 8 12 0
5 12 8 13 0
5 12 8 14 0
5 12 8 15 0
5 12 9 0 0
5 12 9 1 0
5 12 9 2 0
5 12 9 3 0
5 12 9 4 -8.120787927082982e-21
5 12 9 5 0
5 12 9 6 0
5 12 9 7 0
5 12 9 8 0
5 12 9 9 0
5 12 9 10 0
5 12 9 11 0
5 12 9 12 0
5 12 9 13 0
5 12 9 14 0
5 12 9 15 0
5 12 10 0 0
5 12 10 1 0
5 12 10 2 0
5 12 10 3 0
5 12 10 4 0
5 12 10 5 0
5 12 10 6 0
5 12 10 7 0
5 12 10 8 0
5 12 10 9 0
5 12 10 10 0
5 12 10 11 0
5 12 10 12 0
5 12 10 13 0
5 12 10 14 0
5 12 10 15 0
5 12 11 0 0
5 12 11 1 0
5 12 11 2 0
5 12 11 3 0
5 12 11 4 0
5 12 11 5 0
5 12 11 6 0
5 12 11 7 0
5 12 11 8 0
5 12 11 9 0
5 12 11 10 0
5 12 11 11 0
5 12 11 12 0
5 12 11 13 0
5 12 11 14 0
5 12 11 15 0
5 12 12 0 0
5 12 12 1 0
5 12 12 2 0
5 12 12 3 0
5 12 12 4 0
5 12 12 5 3.15470485819494e-21
5 12 12 6 0
5 12 12 7 0
5 12 12 8 0
5 12 12 9 0
5 12 12 10 0
5 12 12 11 0
5 12 12 12 0
5 12 12 13 0
5 12 12 14 0
5 12 12 15 0
5 12 13 0 0
5 12 13 1 0
5 12 13 2 0
5 12 13 3 0
5 12 13 4 0
5 12 13 5 0
5 12 13 6 0
5 12 13 7 0
5 12 13 8 0
5 12 13 9 0
5 12 13 10 0
5 12 13 11 0
5 12 13 12 0
5 12 13 13 0
5 12 13 14 0
5 12 13 15 0
5 12 14 0 0
5 12 14 1 0
5 12 14 2 0
5 12 14 3 0
5 12 14 4 0
5 12 14 5 0
5 12 14 6 0
5 12 14 7 0
5 12 14 8 0
5 12 14 9 0
5 12 14 10 0
5 12 14 11 0
5 12 14 12 0
5 12 14 13 0
5 12 14 14 0
5 12 14 15 0
5 12 15 0 0
5 12 15 1 0
5 12 15 2 0
5 12 15 3 0
5 12 15 4 0
5 12 15 5 0
5 12 15 6 0
5 12 15 7 0
5 12 15 8 0
5 12 15 9 0
5 12 15 10 0
5 12 15 11 0
5 12 15 12 0
5 12 15 13 0
5 12 15 14 0
5 12 15 15 0
5 13 0 0 0
5 13 0 1 0
5 13 0 2 0
5 13 0 3 0
5 13 0 4 0
5 13 0 5 0
5 13 0 6 0
5 13 0 7 0
5 13 0 8 0
5 13 0 9 0
5 13 0 10 0
5 13 0 11 0
5 13 0 12 0
5 13 0 13 0
5 13 0 14 0
5 13 0 15 0
5 13 1 0 0
5 13 1 1 0
5 13 1 2 0
5 13 1 3 0
5 13 1 4 0
5 13 1 5 0
5 13 1 6 0
5 13 1 7 0
5 13 1 8 0
5 13 1 9 0
5 13 1 10 0
5 13 1 11 0
5 13 1 12 0
5 13 1 13 0
5 13 1 14 0
5 13 1 15 0
5 13 2 0 0
5 13 2 1 0
5 13 2 2 0
5 13 2 3 0
5 13 2 4 0
5 13 2 5 0
5 13 2 6 0
5 13 2 7 0
5 13 2 8 0
5 13 2 9 0
5 13 2 10 0
5 13 2 11 0
5 13 2 12 0
5 13 2 13 0
5 13 2 14 0
5 13 2 15 0
5 13 3 0 0
5 13 3 1 0
5 13 3 2 0
5 13 3 3 0
5 13 3 4 -3.701581946283298e-21
5 13 3 5 0
5 13 3 6 0
5 13 3 7 0
5 13 3 8 0
5 13 3 9 -4.475344381944516e-21
5 13 3 10 0
5 13 3 11 0
5 13 3 12 0
5 13 3 13 0
5 13 3 14 0
5 13 3 15 0
5 13 4 0 0
5 13 4 1 0
5 13 4 2 0
5 13 4 3 9.421274156971794e-21
5 13 4 4 0
5 13 4 5 0
5 13 4 6 0
5 13 4 7 0
5 13 4 8 1.407184915842614e-20
5 13 4 9 0
5 13 4 10 0
5 13 4 11 0
5 13 4 12 0
5 13 4 13 0
5 13 4 14 0
5 13 4 15 0
5 13 5 0 0
5 13 5 1 0
5 13 5 2 0
5 13 5 3 0
5 13 5 4 0
5 13 5 5 0
5 13 5 6 0.04963048162576172
5 13 5 7 0
5 13 5 8 0
5 13 5 9 0
5 13 5 10 0
5 13 5 11 0
5 13 5 12 0
5 13 5 13 0.003567260723183296
5 13 5 14 0
5 13 5 15 0
5 13 6 0 0
5 13 6 1 0
5 13 6 2 0
5 13 6 3 0
5 13 6 4 0
5 13 6 5 -0.04963048162576172
5 13 6 6 0
5 13 6 7 0
5 13 6 8 0
5 13 6 9 0
5 13 6 10 0
5 13 6 11 0
5 13 6 12 -0.003523324251914216
5 13 6 13 0
5 13 6 14 0
5 13 6 15 0
5 13 7 0 0
5 13 7 1 0
5 13 7 2 0
5 13 7 3 0
5 13 7 4 0
5 13 7 5 0
5 13 7 6 0
5 13 7 7 0
5 13 7 8 0
5 13 7 9 0
5 13 7 10 0
5 13 7 11 0
5 13 7 12 0
5 13 7 13 0
5 13 7 14 0
5 13 7 15 0
5 13 8 0 0
5 13 8 1 0
5 13 8 2 0
5 13 8 3 0
5 13 8 4 -5.4234323044238e-21
5 13 8 5 0
5 13 8 6 0
5 13 8 7 0
5 13 8 8 0
5 13 8 9 0
5 13 8 10 0
5 13 8 11 0
5 13 8 12 0
5 13 8 13 0
5 13 8 14 0
5 13 8 15 0
5 13 9 0 0
5 13 9 1 0
5 13 9 2 0
5 13 9 3 1.200788126101897e-20
5 13 9 4 0
5 13 9 5 0
5 13 9 6 0
5 13 9 7 0
5 13 9 8 0
5 13 9 9 0
5 13 9 10 0
5 13 9 11 0
5 13 9 12 0
5 13 9 13 0
5 13 9 14 0
5 13 9 15 0
5 13 10 0 0
5 13 10 1 0
5 13 10 2 0
5 13 10 3 0
5 13 10 4 0
5 13 10 5 0
5 13 10 6 0
5 13 10 7 0
5 13 10 8 0
5 13 10 9 0
5 13 10 10 0
5 13 10 11 0
5 13 10 12 0
5 13 10 13 0
5 13 10 14 0
5 13 10 15 0
5 13 11 0 0
5 13 11 1 0
5 13 11 2 0
5 13 11 3 0
5 13 11 4 0
5 13 11 5 0
5 13 11 6 0
5 13 11 7 0
5 13 11 8 0
5 13 11 9 0
5 13 11 10 0
5 13 11 11 0
5 13 11 12 0
5 13 11 13 0
5 13 11 14 0
5 13 11 15 0
5 13 12 0 0
5 13 12 1 0
5 13 12 2 0
5 13 12 3 0
5 13 12 4 0
5 13 12 5 0
5 13 12 6 0.003523324251914216
5 13 12 7 0
5 13 12 8 0
5 13 12 9 0
5 13 12 10 0
5 13 12 11 0
5 13 12 12 0
5 13 12 13 0
5 13 12 14 0
5 13 12 15 0
5 13 13 0 0
5 13 13 1 0
5 13 13 2 0
5 13 13 3 0
5 13 13 4 0
5 13 13 5 -0.003567260723183296
5 13 13 6 0
5 13 13 7 0
5 13 13 8 0
5 13 13 9 0
5 13 13 10 0
5 13 13 11 0
5 13 13 12 0
5 13 13 13 0
5 13 13 14 0
5 13 13 15 0
5 13 14 0 0
5 13 14 1 0
5 13 14 2 0
5 13 14 3 0
5 13 14 4 0
5 13 14 5 0
5 13 14 6 0
5 13 14 7 0
5 13 14 8 0
5 13 14 9 0
5 13 14 10 0
5 13 14 11 0
5 13 14 12 0
5 13 14 13 0
5 13 14 14 0
5 13 14 15 0
5 13 15 0 0
5 13 15 1 0
5 13 15 2 0
5 13 15 3 0
5 13 15 4 0
5 13 15 5 0
5 13 15 6 0
5 13 15 7 0
5 13 15 8 0
5 13 15 9 0
5 13 15 10 0
5 13 15 11 0
5 13 15 12 0
5 13 15 13 0
5 13 15 14 0
5 13 15 15 0
5 14 0 0 0
5 14 0 1 0
5 14 0 2 0
5 14 0 3 0
5 14 0 4 0
5 14 0 5 0
5 14 0 6 0
5 14 0 7 0
5 14 0 8 0
5 14 0 9 0
5 14 0 10 0
5 14 0 11 0
5 14 0 12 0
5 14 0 13 0
5 14 0 14 0
5 14 0 15 0
5 14 1 0 0
5 14 1 1 0
5 14 1 2 0
5 14 1 3 0
5 14 1 4 0
5 14 1 5 0
5 14 1 6 0
5 14 1 7 0
5 14 1 8 0
5 14 1 9 0
5 14 1 10 0
5 14 1 11 0
5 14 1 12 0
5 14 1 13 0
5 14 1 14 0
5 14 1 15 0
5 14 2 0 0
5 14 2 1 0
5 14 2 2 0
5 14 2 3 0
5 14 2 4 0
5 14 2 5 -0.0178044179854645
5 14 2 6 0
5 14 2 7 0
5 14 2 8 0
5 14 2 9 0
5 14 2 10 0
5 14 2 11 0
5 14 2 12 -0.001263955851817546
5 14 2 13 0
5 14 2 14 0
5 14 2 15 0
5 14 3 0 0
5 14 3 1 0
5 14 3 2 0
5 14 3 3 0
5 14 3 4 0
5 14 3 5 0
5 14 3 6 0
5 14 3 7 0
5 14 3 8 0
5 14 3 9 0
5 14 3 10 0
5 14 3 11 0
5 14 3 12 0
5 14 3 13 0
5 14 3 14 0
5 14 3 15 0
5 14 4 0 0
5 14 4 1 0
5 14 4 2 0
5 14 4 3 0
5 14 4 4 0
5 14 4 5 0
5 14 4 6 0
5 14 4 7 0.001387893274629376
5 14 4 8 0
5 14 4 9 0
5 14 4 10 0
5 14 4 11 0
5 14 4 12 0
5 14 4 13 0
5 14 4 14 0
5 14 4 15 0
5 14 5 0 0
5 14 5 1 0
5 14 5 2 0.03276348865198386
5 14 5 3 0
5 14 5 4 0
5 14 5 5 0
5 14 5 6 0
5 14 5 7 0
5 14 5 8 0
5 14 5 9 0
5 14 5 10 0
5 14 5 11 -0.0005394464571167848
5 14 5 12 0
5 14 5 13 0
5 14 5 14 0.0009342903736689468
5 14 5 15 0
5 14 6 0 0
5 14 6 1 0
5 14 6 2 0
5 14 6 3 0
5 14 6 4 0
5 14 6 5 0
5 14 6 6 0
5 14 6 7 0
5 14 6 8 0
5 14 6 9 0
5 14 6 10 0
5 14 6 11 0
5 14 6 12 0
5 14 6 13 0
5 14 6 14 0
5 14 6 15 0
5 14 7 0 0
5 14 7 1 0
5 14 7 2 0
5 14 7 3 0
5 14 7 4 0.0006727608368393319
5 14 7 5 0
5 14 7 6 0
5 14 7 7 0
5 14 7 8 0
5 14 7 9 0
5 14 7 10 0
5 14 7 11 0
5 14 7 12 0
5 14 7 13 0
5 14 7 14 0
5 14 7 15 0
5 14 8 0 0
5 14 8 1 0
5 14 8 2 0
5 14 8 3 0
5 14 8 4 0
5 14 8 5 0
5 14 8 6 0
5 14 8 7 0
5 14 8 8 0
5 14 8 9 0
5 14 8 10 0
5 14 8 11 0
5 14 8 12 0
5 14 8 13 0
5 14 8 14 0
5 14 8 15 0
5 14 9 0 0
5 14 9 1 0
5 14 9 2 0
5 14 9 3 0
5 14 9 4 0
5 14 9 5 0
5 14 9 6 0
5 14 9 7 0
5 14 9 8 0
5 14 9 9 0
5 14 9 10 0
5 14 9 11 0
5 14 9 12 0
5 14 9 13 0
5 14 9 14 0
5 14 9 15 0
5 14 10 0 0
5 14 10 1 0
5 14 10 2 0
5 14 10 3 0
5 14 10 4 0
5 14 10 5 0
5 14 10 6 0
5 14 10 7 0
5 14 10 8 0
5 14 10 9 0
5 14 10 10 0
5 14 10 11 0
5 14 10 12 0
5 14 10 13 0
5 14 10 14 0
5 14 10 15 0
5 14 11 0 0
5 14 11 1 0
5 14 11 2 0
5 14 11 3 0
5 14 11 4 0
5 14 11 5 0.0001243084451871971
5 14 11 6 0
5 14 11 7 0
5 14 11 8 0
5 14 11 9 0
5 14 11 10 0
5 14 11 11 0
5 14 11 12 0
5 14 11 13 0
5 14 11 14 0
5 14 11 15 0
5 14 12 0 0
5 14 12 1 0
5 14 12 2 0.002325917266233647
5 14 12 3 0
5 14 12 4 0
5 14 12 5 0
5 14 12 6 0
5 14 12 7 0
5 14 12 8 0
5 14 12 9 0
5 14 12 10 0
5 14 12 11 0
5 14 12 12 0
5 14 12 13 0
5 14 12 14 0
5 14 12 15 0
5 14 13 0 0
5 14 13 1 0
5 14 13 2 0
5 14 13 3 0
5 14 13 4 0
5 14 13 5 0
5 14 13 6 0
5 14 13 7 0
5 14 13 8 0
5 14 13 9 0
5 14 13 10 0
5 14 13 11 0
5 14 13 12 0
5 14 13 13 0
5 14 13 14 0
5 14 13 15 0
5 14 14 0 0
5 14 14 1 0
5 14 14 2 0
5 14 14 3 0
5 14 14 4 0
5 14 14 5 -0.0006102142016953188
5 14 14 6 0
5 14 14 7 0
5 14 14 8 0
5 14 14 9 0
5 14 14 10 0
5 14 14 11 0
5 14 14 12 0
5 14 14 13 0
5 14 14 14 0
5 14 14 15 0
5 14 15 0 0
5 14 15 1 0
5 14 15 2 0
5 14 15 3 0
5 14 15 4 0
5 14 15 5 0
5 14 15 6 0
5 14 15 7 0
5 14 15 8 0
5 14 15 9 0
5 14 15 10 0
5 14 15 11 0
5 14 15 12 0
5 14 15 13 0
5 14 15 14 0
5 14 15 15 0
5 15 0 0 0
5 15 0 1 0
5 15 0 2 0
5 15 0 3 0
5 15 0 4 0
5 15 0 5 0
5 15 0 6 0
5 15 0 7 0
5 15 0 8 0
5 15 0 9 0
5 15 0 10 0
5 15 0 11 0
5 15 0 12 0
5 15 0 13 0
5 15 0 14 0
5 15 0 15 0
5 15 1 0 0
5 15 1 1 0
5 15 1 2 0
5 15 1 3 0
5 15 1 4 0
5 15 1 5 -0.003536105308908119
5 15 1 6 0
5 15 1 7 0
5 15 1 8 0
5 15 1 9 0
5 15 1 10 0
5 15 1 11 0
5 15 1 12 -0.000251032131546585
5 15 1 13 0
5 15 1 14 0
5 15 1 15 0
5 15 2 0 0
5 15 2 1 0
5 15 2 2 0
5 15 2 3 0
5 15 2 4 0
5 15 2 5 0
5 15 2 6 0
5 15 2 7 0
5 15 2 8 0
5 15 2 9 0
5 15 2 10 0
5 15 2 11 0
5 15 2 12 0
5 15 2 13 0
5 15 2 14 0
5 15 2 15 0
5 15 3 0 0
5 15 3 1 0
5 15 3 2 0
5 15 3 3 0
5 15 3 4 0
5 15 3 5 0
5 15 3 6 0
5 15 3 7 0
5 15 3 8 0
5 15 3 9 0
5 15 3 10 0
5 15 3 11 0
5 15 3 12 0
5 15 3 13 0
5 15 3 14 0
5 15 3 15 0
5 15 4 0 0
5 15 4 1 0
5 15 4 2 0
5 15 4 3 0
5 15 4 4 0
5 15 4 5 0
5 15 4 6 0
5 15 4 7 0
5 15 4 8 0
5 15 4 9 0
5 15 4 10 0
5 15 4 11 0
5 15 4 12 0
5 15 4 13 0
5 15 4 14 0
5 15 4 15 0
5 15 5 0 0
5 15 5 1 0.0114418215651334
5 15 5 2 0
5 15 5 3 0
5 15 5 4 0
5 15 5 5 0
5 15 5 6 0
5 15 5 7 0
5 15 5 8 0
5 15 5 9 0
5 15 5 10 0
5 15 5 11 0
5 15 5 12 0
5 15 5 13 0
5 15 5 14 0
5 15 5 15 0.000106159006606357
5 15 6 0 0
5 15 6 1 0
5 15 6 2 0
5 15 6 3 0
5 15 6 4 0
5 15 6 5 0
5 15 6 6 0
5 15 6 7 0
5 15 6 8 0
5 15 6 9 0
5 15 6 10 0
5 15 6 11 0
5 15 6 12 0
5 15 6 13 0
5 15 6 14 0
5 15 6 15 0
5 15 7 0 0
5 15 7 1 0
5 15 7 2 0
5 15 7 3 0
5 15 7 4 0
5 15 7 5 0
5 15 7 6 0
5 15 7 7 0
5 15 7 8 0
5 15 7 9 0
5 15 7 10 0
5 15 7 11 0
5 15 7 12 0
5 15 7 13 0
5 15 7 14 0
5 15 7 15 0
5 15 8 0 0
5 15 8 1 0
5 15 8 2 0
5 15 8 3 0
5 15 8 4 0
5 15 8 5 0
5 15 8 6 0
5 15 8 7 0
5 15 8 8 0
5 15 8 9 0
5 15 8 10 0
5 15 8 11 0
5 15 8 12 0
5 15 8 13 0
5 15 8 14 0
5 15 8 15 0
5 15 9 0 0
5 15 9 1 0
5 15 9 2 0
5 15 9 3 0
5 15 9 4 0
5 15 9 5 0
5 15 9 6 0
5 15 9 7 0
5 15 9 8 0
5 15 9 9 0
5 15 9 10 0
5 15 9 11 0
5 15 9 12 0
5 15 9 13 0
5 15 9 14 0
5 15 9 15 0
5 15 10 0 0
5 15 10 1 0
5 15 10 2 0
5 15 10 3 0
5 15 10 4 0
5 15 10 5 0
5 15 10 6 0
5 15 10 7 0
5 15 10 8 0
5 15 10 9 0
5 15 10 10 0
5 15 10 11 0
5 15 10 12 0
5 15 10 13 0
5 15 10 14 0
5 15 10 15 0
5 15 11 0 0
5 15 11 1 0
5 15 11 2 0
5 15 11 3 0
5 15 11 4 0
5 15 11 5 0
5 15 11 6 0
5 15 11 7 0
5 15 11 8 0
5 15 11 9 0
5 15 11 10 0
5 15 11 11 0
5 15 11 12 0
5 15 11 13 0
5 15 11 14 0
5 15 11 15 0
5 15 12 0 0
5 15 12 1 0.0008122679064549754
5 15 12 2 0
5 15 12 3 0
5 15 12 4 0
5 15 12 5 0
5 15 12 6 0
5 15 12 7 0
5 15 12 8 0
5 15 12 9 0
5 15 12 10 0
5 15 12 11 0
5 15 12 12 0
5 15 12 13 0
5 15 12 14 0
5 15 12 15 0
5 15 13 0 0
5 15 13 1 0
5 15 13 2 0
5 15 13 3 0
5 15 13 4 0
5 15 13 5 0
5 15 13 6 0
5 15 13 7 0
5 15 13 8 0
5 15 13 9 0
5 15 13 10 0
5 15 13 11 0
5 15 13 12 0
5 15 13 13 0
5 15 13 14 0
5 15 13 15 0
5 15 14 0 0
5 15 14 1 0
5 15 14 2 0
5 15 14 3 0
5 15 14 4 0
5 15 14 5 0
5 15 14 6 0
5 15 14 7 0
5 15 14 8 0
5 15 14 9 0
5 15 14 10 0
5 15 14 11 0
5 15 14 12 0
5 15 14 13 0
5 15 14 14 0
5 15 14 15 0
5 15 15 0 0
5 15 15 1 0
5 15 15 2 0
5 15 15 3 0
5 15 15 4 0
5 15 15 5 -1.564405599699302e-05
5 15 15 6 0
5 15 15 7 0
5 15 15 8 0
5 15 15 9 0
5 15 15 10 0
5 15 15 11 0
5 15 15 12 0
5 15 15 13 0
5 15 15 14 0
5 15 15 15 0
6 0 0 0 0
6 0 0 1 0
6 0 0 2 0
6 0 0 3 0
6 0 0 4 0
6 0 0 5 0
6 0 0 6 -0.9698114090739292
6 0 0 7 0
6 0 0 8 0
6 0 0 9 0
6 0 0 10 0
6 0 0 11 0
6 0 0 12 0
6 0 0 13 -0.04963048162576172
6 0 0 14 0
6 0 0 15 0
6 0 1 0 0
6 0 1 1 0
6 0 1 2 0
6 0 1 3 0
6 0 1 4 0
6 0 1 5 0
6 0 1 6 0
6 0 1 7 0
6 0 1 8 0
6 0 1 9 0
6 0 1 10 0
6 0 1 11 0
6 0 1 12 0
6 0 1 13 0
6 0 1 14 0
6 0 1 15 0
6 0 2 0 0
6 0 2 1 0
6 0 2 2 0
6 0 2 3 0
6 0 2 4 0
6 0 2 5 0
6 0 2 6 -9.881569668428197e-05
6 0 2 7 0
6 0 2 8 0
6 0 2 9 0
6 0 2 10 0
6 0 2 11 0
6 0 2 12 0
6 0 2 13 0
6 0 2 14 0
6 0 2 15 0
6 0 3 0 0
6 0 3 1 0
6 0 3 2 0
6 0 3 3 0
6 0 3 4 0
6 0 3 5 0
6 0 3 6 0
6 0 3 7 0
6 0 3 8 0
6 0 3 9 0
6 0 3 10 0
6 0 3 11 0
6 0 3 12 0
6 0 3 13 0
6 0 3 14 0
6 0 3 15 0
6 0 4 0 0
6 0 4 1 0
6 0 4 2 0
6 0 4 3 0
6 0 4 4 0
6 0 4 5 0
6 0 4 6 0
6 0 4 7 0
6 0 4 8 0
6 0 4 9 0
6 0 4 10 0
6 0 4 11 0
6 0 4 12 0
6 0 4 13 0
6 0 4 14 0
6 0 4 15 0
6 0 5 0 0
6 0 5 1 0
6 0 5 2 0
6 0 5 3 0
6 0 5 4 0
6 0 5 5 0
6 0 5 6 0
6 0 5 7 0
6 0 5 8 0
6 0 5 9 0
6 0 5 10 0
6 0 5 11 0
6 0 5 12 0
6 0 5 13 0
6 0 5 14 0
6 0 5 15 0
6 0 6 0 1.939386456547644
6 0 6 1 0
6 0 6 2 -0.0003873954183067261
6 0 6 3 0
6 0 6 4 0
6 0 6 5 0
6 0 6 6 0
6 0 6 7 0
6 0 6 8 0
6 0 6 9 0
6 0 6 10 0
6 0 6 11 -0.01336439813953341
6 0 6 12 0
6 0 6 13 0
6 0 6 14 0
6 0 6 15 0
6 0 7 0 0
6 0 7 1 0
6 0 7 2 0
6 0 7 3 0
6 0 7 4 0
6 0 7 5 0
6 0 7 6 0
6 0 7 7 0
6 0 7 8 0
6 0 7 9 0
6 0 7 10 0
6 0 7 11 0
6 0 7 12 0
6 0 7 13 0
6 0 7 14 0
6 0 7 15 0
6 0 8 0 0
6 0 8 1 0
6 0 8 2 0
6 0 8 3 0
6 0 8 4 0
6 0 8 5 0
6 0 8 6 0
6 0 8 7 0
6 0 8 8 0
6 0 8 9 0
6 0 8 10 0
6 0 8 11 0
6 0 8 12 0
6 0 8 13 0
6 0 8 14 0
6 0 8 15 0
6 0 9 0 0
6 0 9 1 0
6 0 9 2 0
6 0 9 3 0
6 0 9 4 0
6 0 9 5 0
6 0 9 6 0
6 0 9 7 0
6 0 9 8 0
6 0 9 9 0
6 0 9 10 0
6 0 9 11 0
6 0 9 12 0
6 0 9 13 0
6 0 9 14 0
6 0 9 15 0
6 0 10 0 0
6 0 10 1 0
6 0 10 2 0
6 0 10 3 0
6 0 10 4 0
6 0 10 5 0
6 0 10 6 0
6 0 10 7 0
6 0 10 8 0
6 0 10 9 0
6 0 10 10 0
6 0 10 11 0
6 0 10 12 0
6 0 10 13 0
6 0 10 14 0
6 0 10 15 0
6 0 11 0 0
6 0 11 1 0
6 0 11 2 0
6 0 11 3 0
6 0 11 4 0
6 0 11 5 0
6 0 11 6 -0.01392408105096847
6 0 11 7 0
6 0 11 8 0
6 0 11 9 0
6 0 11 10 0
6 0 11 11 0
6 0 11 12 0
6 0 11 13 0
6 0 11 14 0
6 0 11 15 0
6 0 12 0 0
6 0 12 1 0
6 0 12 2 0
6 0 12 3 0
6 0 12 4 0
6 0 12 5 0
6 0 12 6 0
6 0 12 7 0
6 0 12 8 0
6 0 12 9 0
6 0 12 10 0
6 0 12 11 0
6 0 12 12 0
6 0 12 13 0
6 0 12 14 0
6 0 12 15 0
6 0 13 0 0.09926096325152345
6 0 13 1 0
6 0 13 2 0
6 0 13 3 0
6 0 13 4 0
6 0 13 5 0
6 0 13 6 0
6 0 13 7 0
6 0 13 8 0
6 0 13 9 0
6 0 13 10 0
6 0 13 11 0
6 0 13 12 0
6 0 13 13 0
6 0 13 14 0
6 0 13 15 0
6 0 14 0 0
6 0 14 1 0
6 0 14 2 0
6 0 14 3 0
6 0 14 4 0
6 0 14 5 0
6 0 14 6 0
6 0 14 7 0
6 0 14 8 0
6 0 14 9 0
6 0 14 10 0
6 0 14 11 0
6 0 14 12 0
6 0 14 13 0
6 0 14 14 0
6 0 14 15 0
6 0 15 0 0
6 0 15 1 0
6 0 15 2 0
6 0 15 3 0
6 0 15 4 0
6 0 15 5 0
6 0 15 6 0
6 0 15 7 0
6 0 15 8 0
6 0 15 9 0
6 0 15 10 0
6 0 15 11 0
6 0 15 12 0
6 0 15 13 0
6 0 15 14 0
6 0 15 15 0
6 1 0 0 0
6 1 0 1 0
6 1 0 2 0
6 1 0 3 0
6 1 0 4 0
6 1 0 5 0
6 1 0 6 0
6 1 0 7 0
6 1 0 8 0
6 1 0 9 0
6 1 0 10 0
6 1 0 11 0
6 1 0 12 0
6 1 0 13 0
6 1 0 14 0
6 1 0 15 0
6 1 1 0 0
6 1 1 1 0
6 1 1 2 0
6 1 1 3 0
6 1 1 4 0
6 1 1 5 0
6 1 1 6 -0.9700257364130209
6 1 1 7 0
6 1 1 8 0
6 1 1 9 0
6 1 1 10 0
6 1 1 11 0
6 1 1 12 0
6 1 1 13 -0.04963048162576172
6 1 1 14 0
6 1 1 15 0
6 1 2 0 0
6 1 2 1 0
6 1 2 2 0
6 1 2 3 0
6 1 2 4 0
6 1 2 5 0
6 1 2 6 0
6 1 2 7 0
6 1 2 8 0
6 1 2 9 0
6 1 2 10 0
6 1 2 11 0
6 1 2 12 0
6 1 2 13 0
6 1 2 14 0
6 1 2 15 0
6 1 3 0 0
6 1 3 1 0
6 1 3 2 0
6 1 3 3 0
6 1 3 4 0
6 1 3 5 0
6 1 3 6 0
6 1 3 7 0
6 1 3 8 0
6 1 3 9 0
6 1 3 10 0
6 1 3 11 0
6 1 3 12 0
6 1 3 13 0
6 1 3 14 0
6 1 3 15 0
6 1 4 0 0
6 1 4 1 0
6 1 4 2 0
6 1 4 3 0
6 1 4 4 0
6 1 4 5 0
6 1 4 6 0
6 1 4 7 0
6 1 4 8 0
6 1 4 9 0
6 1 4 10 0
6 1 4 11 0
6 1 4 12 0
6 1 4 13 0
6 1 4 14 0
6 1 4 15 0
6 1 5 0 0
6 1 5 1 0
6 1 5 2 0
6 1 5 3 0
6 1 5 4 0
6 1 5 5 0
6 1 5 6 0
6 1 5 7 0
6 1 5 8 0
6 1 5 9 0
6 1 5 10 0
6 1 5 11 0
6 1 5 12 0
6 1 5 13 0
6 1 5 14 0
6 1 5 15 0
6 1 6 0 0
6 1 6 1 1.939981294684505
6 1 6 2 0
6 1 6 3 0
6 1 6 4 0
6 1 6 5 0
6 1 6 6 0
6 1 6 7 0
6 1 6 8 0
6 1 6 9 0
6 1 6 10 0
6 1 6 11 0
6 1 6 12 0
6 1 6 13 0
6 1 6 14 0
6 1 6 15 0.0114418215651334
6 1 7 0 0
6 1 7 1 0
6 1 7 2 0
6 1 7 3 0
6 1 7 4 0
6 1 7 5 0
6 1 7 6 0
6 1 7 7 0
6 1 7 8 0
6 1 7 9 0
6 1 7 10 0
6 1 7 11 0
6 1 7 12 0
6 1 7 13 0
6 1 7 14 0
6 1 7 15 0
6 1 8 0 0
6 1 8 1 0
6 1 8 2 0
6 1 8 3 0
6 1 8 4 0
6 1 8 5 0
6 1 8 6 0
6 1 8 7 0
6 1 8 8 0
6 1 8 9 0
6 1 8 10 0
6 1 8 11 0
6 1 8 12 0
6 1 8 13 0
6 1 8 14 0
6 1 8 15 0
6 1 9 0 0
6 1 9 1 0
6 1 9 2 0
6 1 9 3 0
6 1 9 4 0
6 1 9 5 0
6 1 9 6 0
6 1 9 7 0
6 1 9 8 0
6 1 9 9 0
6 1 9 10 0
6 1 9 11 0
6 1 9 12 0
6 1 9 13 0
6 1 9 14 0
6 1 9 15 0
6 1 10 0 0
6 1 10 1 0
6 1 10 2 0
6 1 10 3 0
6 1 10 4 0
6 1 10 5 0
6 1 10 6 0
6 1 10 7 0
6 1 10 8 0
6 1 10 9 0
6 1 10 10 0
6 1 10 11 0
6 1 10 12 0
6 1 10 13 0
6 1 10 14 0
6 1 10 15 0
6 1 11 0 0
6 1 11 1 0
6 1 11 2 0
6 1 11 3 0
6 1 11 4 0
6 1 11 5 0
6 1 11 6 0
6 1 11 7 0
6 1 11 8 0
6 1 11 9 0
6 1 11 10 0
6 1 11 11 0
6 1 11 12 0
6 1 11 13 0
6 1 11 14 0
6 1 11 15 0
6 1 12 0 0
6 1 12 1 0
6 1 12 2 0
6 1 12 3 0
6 1 12 4 0
6 1 12 5 0
6 1 12 6 0
6 1 12 7 0
6 1 12 8 0
6 1 12 9 0
6 1 12 10 0
6 1 12 11 0
6 1 12 12 0
6 1 12 13 0
6 1 12 14 0
6 1 12 15 0
6 1 13 0 0
6 1 13 1 0.09926096325152345
6 1 13 2 0
6 1 13 3 0
6 1 13 4 0
6 1 13 5 0
6 1 13 6 0
6 1 13 7 0
6 1 13 8 0
6 1 13 9 0
6 1 13 10 0
6 1 13 11 0
6 1 13 12 0
6 1 13 13 0
6 1 13 14 0
6 1 13 15 0
6 1 14 0 0
6 1 14 1 0
6 1 14 2 0
6 1 14 3 0
6 1 14 4 0
6 1 14 5 0
6 1 14 6 0
6 1 14 7 0
6 1 14 8 0
6 1 14 9 0
6 1 14 10 0
6 1 14 11 0
6 1 14 12 0
6 1 14 13 0
6 1 14 14 0
6 1 14 15 0
6 1 15 0 0
6 1 15 1 0
6 1 15 2 0
6 1 15 3 0
6 1 15 4 0
6 1 15 5 0
6 1 15 6 -0.003524535312531041
6 1 15 7 0
6 1 15 8 0
6 1 15 9 0
6 1 15 10 0
6 1 15 11 0
6 1 15 12 0
6 1 15 13 0
6 1 15 14 0
6 1 15 15 0
6 2 0 0 0
6 2 0 1 0
6 2 0 2 0
6 2 0 3 0
6 2 0 4 0
6 2 0 5 0
6 2 0 6 -9.881569668428197e-05
6 2 0 7 0
6 2 0 8 0
6 2 0 9 0
6 2 0 10 0
6 2 0 11 0
6 2 0 12 0
6 2 0 13 0
6 2 0 14 0
6 2 0 15 0
6 2 1 0 0
6 2 1 1 0
6 2 1 2 0
6 2 1 3 0
6 2 1 4 0
6 2 1 5 0
6 2 1 6 0
6 2 1 7 0
6 2 1 8 0
6 2 1 9 0
6 2 1 10 0
6 2 1 11 0
6 2 1 12 0
6 2 1 13 0
6 2 1 14 0
6 2 1 15 0
6 2 2 0 0
6 2 2 1 0
6 2 2 2 0
6 2 2 3 0
6 2 2 4 0
6 2 2 5 0
6 2 2 6 -0.7681553839836265
6 2 2 7 0
6 2 2 8 0
6 2 2 9 0
6 2 2 10 0
6 2 2 11 0
6 2 2 12 0
6 2 2 13 -0.04963048162576172
6 2 2 14 0
6 2 2 15 0
6 2 3 0 0
6 2 3 1 0
6 2 3 2 0
6 2 3 3 0
6 2 3 4 0
6 2 3 5 0
6 2 3 6 0
6 2 3 7 0
6 2 3 8 0
6 2 3 9 0
6 2 3 10 0
6 2 3 11 0
6 2 3 12 0
6 2 3 13 0
6 2 3 14 0
6 2 3 15 0
6 2 4 0 0
6 2 4 1 0
6 2 4 2 0
6 2 4 3 0
6 2 4 4 0
6 2 4 5 0
6 2 4 6 0
6 2 4 7 0
6 2 4 8 0
6 2 4 9 0
6 2 4 10 0
6 2 4 11 0
6 2 4 12 0
6 2 4 13 0
6 2 4 14 0
6 2 4 15 0
6 2 5 0 0
6 2 5 1 0
6 2 5 2 0
6 2 5 3 0
6 2 5 4 0
6 2 5 5 0
6 2 5 6 0
6 2 5 7 0
6 2 5 8 0
6 2 5 9 0
6 2 5 10 0
6 2 5 11 0
6 2 5 12 0
6 2 5 13 0
6 2 5 14 0
6 2 5 15 0
6 2 6 0 -0.0003873954183067261
6 2 6 1 0
6 2 6 2 1.523000981790075
6 2 6 3 0
6 2 6 4 0
6 2 6 5 0
6 2 6 6 0
6 2 6 7 0
6 2 6 8 0
6 2 6 9 0
6 2 6 10 0
6 2 6 11 -0.02458708412460262
6 2 6 12 0
6 2 6 13 0
6 2 6 14 0.03276348865198386
6 2 6 15 0
6 2 7 0 0
6 2 7 1 0
6 2 7 2 0
6 2 7 3 0.3194897753470177
6 2 7 4 0
6 2 7 5 0
6 2 7 6 0
6 2 7 7 0
6 2 7 8 0
6 2 7 9 0
6 2 7 10 0
6 2 7 11 0
6 2 7 12 0
6 2 7 13 0
6 2 7 14 0
6 2 7 15 0
6 2 8 0 0
6 2 8 1 0
6 2 8 2 0
6 2 8 3 0
6 2 8 4 0
6 2 8 5 0
6 2 8 6 0
6 2 8 7 0
6 2 8 8 0
6 2 8 9 0
6 2 8 10 0
6 2 8 11 0
6 2 8 12 0
6 2 8 13 0
6 2 8 14 0
6 2 8 15 0
6 2 9 0 0
6 2 9 1 0
6 2 9 2 0
6 2 9 3 0
6 2 9 4 0
6 2 9 5 0
6 2 9 6 0
6 2 9 7 0
6 2 9 8 0
6 2 9 9 0
6 2 9 10 0
6 2 9 11 0
6 2 9 12 0
6 2 9 13 0
6 2 9 14 0
6 2 9 15 0
6 2 10 0 0
6 2 10 1 0
6 2 10 2 0
6 2 10 3 0
6 2 10 4 0
6 2 10 5 0
6 2 10 6 0
6 2 10 7 0
6 2 10 8 0
6 2 10 9 0
6 2 10 10 0
6 2 10 11 0
6 2 10 12 0
6 2 10 13 0
6 2 10 14 0
6 2 10 15 0
6 2 11 0 0
6 2 11 1 0
6 2 11 2 0
6 2 11 3 0
6 2 11 4 0
6 2 11 5 0
6 2 11 6 0.005741546644003982
6 2 11 7 0
6 2 11 8 0
6 2 11 9 0
6 2 11 10 0
6 2 11 11 0
6 2 11 12 0
6 2 11 13 0
6 2 11 14 0
6 2 11 15 0
6 2 12 0 0
6 2 12 1 0
6 2 12 2 0
6 2 12 3 0
6 2 12 4 0
6 2 12 5 0
6 2 12 6 0
6 2 12 7 0
6 2 12 8 0
6 2 12 9 0
6 2 12 10 0
6 2 12 11 0
6 2 12 12 0
6 2 12 13 0
6 2 12 14 0
6 2 12 15 0
6 2 13 0 0
6 2 13 1 0
6 2 13 2 0.09926096325152345
6 2 13 3 0
6 2 13 4 0
6 2 13 5 0
6 2 13 6 0
6 2 13 7 0
6 2 13 8 0
6 2 13 9 0
6 2 13 10 0
6 2 13 11 0
6 2 13 12 0
6 2 13 13 0
6 2 13 14 0
6 2 13 15 0
6 2 14 0 0
6 2 14 1 0
6 2 14 2 0
6 2 14 3 0
6 2 14 4 0
6 2 14 5 0
6 2 14 6 -0.0198429649822511
6 2 14 7 0
6 2 14 8 0
6 2 14 9 0
6 2 14 10 0
6 2 14 11 0
6 2 14 12 0
6 2 14 13 0
6 2 14 14 0
6 2 14 15 0
6 2 15 0 0
6 2 15 1 0
6 2 15 2 0
6 2 15 3 0
6 2 15 4 0
6 2 15 5 0
6 2 15 6 0
6 2 15 7 0
6 2 15 8 0
6 2 15 9 0
6 2 15 10 0
6 2 15 11 0
6 2 15 12 0
6 2 15 13 0
6 2 15 14 0
6 2 15 15 0
6 3 0 0 0
6 3 0 1 0
6 3 0 2 0
6 3 0 3 0
6 3 0 4 0
6 3 0 5 0
6 3 0 6 0
6 3 0 7 0
6 3 0 8 0
6 3 0 9 0
6 3 0 10 0
6 3 0 11 0
6 3 0 12 0
6 3 0 13 0
6 3 0 14 0
6 3 0 15 0
6 3 1 0 0
6 3 1 1 0
6 3 1 2 0
6 3 1 3 0
6 3 1 4 0
6 3 1 5 0
6 3 1 6 0
6 3 1 7 0
6 3 1 8 0
6 3 1 9 0
6 3 1 10 0
6 3 1 11 0
6 3 1 12 0
6 3 1 13 0
6 3 1 14 0
6 3 1 15 0
6 3 2 0 0
6 3 2 1 0
6 3 2 2 0
6 3 2 3 0
6 3 2 4 0
6 3 2 5 0
6 3 2 6 0
6 3 2 7 0
6 3 2 8 0
6 3 2 9 0
6 3 2 10 0
6 3 2 11 0
6 3 2 12 0
6 3 2 13 0
6 3 2 14 0
6 3 2 15 0
6 3 3 0 0
6 3 3 1 0
6 3 3 2 0
6 3 3 3 0
6 3 3 4 0
6 3 3 5 0
6 3 3 6 -0.8630788154432294
6 3 3 7 0
6 3 3 8 0
6 3 3 9 0
6 3 3 10 0
6 3 3 11 0
6 3 3 12 0
6 3 3 13 -0.04963048162576172
6 3 3 14 0
6 3 3 15 0
6 3 4 0 0
6 3 4 1 0
6 3 4 2 0
6 3 4 3 0
6 3 4 4 0
6 3 4 5 0
6 3 4 6 0
6 3 4 7 0
6 3 4 8 0
6 3 4 9 0
6 3 4 10 0
6 3 4 11 0
6 3 4 12 0
6 3 4 13 0
6 3 4 14 0
6 3 4 15 0
6 3 5 0 0
6 3 5 1 0
6 3 5 2 0
6 3 5 3 0
6 3 5 4 0
6 3 5 5 0
6 3 5 6 0
6 3 5 7 0
6 3 5 8 0
6 3 5 9 0
6 3 5 10 0
6 3 5 11 0
6 3 5 12 0
6 3 5 13 0
6 3 5 14 0
6 3 5 15 0
6 3 6 0 0
6 3 6 1 0
6 3 6 2 0
6 3 6 3 0.863116237359385
6 3 6 4 0
6 3 6 5 0
6 3 6 6 0
6 3 6 7 0
6 3 6 8 0.05347125436851322
6 3 6 9 0
6 3 6 10 0
6 3 6 11 0
6 3 6 12 0
6 3 6 13 0
6 3 6 14 0
6 3 6 15 0
6 3 7 0 0
6 3 7 1 0
6 3 7 2 0
6 3 7 3 0
6 3 7 4 0
6 3 7 5 0
6 3 7 6 0
6 3 7 7 0
6 3 7 8 0
6 3 7 9 0
6 3 7 10 0
6 3 7 11 0
6 3 7 12 0
6 3 7 13 0
6 3 7 14 0
6 3 7 15 0
6 3 8 0 0
6 3 8 1 0
6 3 8 2 0
6 3 8 3 0
6 3 8 4 0
6 3 8 5 0
6 3 8 6 -0.05347125436851322
6 3 8 7 0
6 3 8 8 0
6 3 8 9 0
6 3 8 10 0
6 3 8 11 0
6 3 8 12 0
6 3 8 13 0
6 3 8 14 0
6 3 8 15 0
6 3 9 0 0
6 3 9 1 0
6 3 9 2 0
6 3 9 3 0
6 3 9 4 0
6 3 9 5 0
6 3 9 6 0
6 3 9 7 0
6 3 9 8 0
6 3 9 9 0
6 3 9 10 0
6 3 9 11 0
6 3 9 12 0
6 3 9 13 0
6 3 9 14 0
6 3 9 15 0
6 3 10 0 0
6 3 10 1 0
6 3 10 2 0
6 3 10 3 0
6 3 10 4 0
6 3 10 5 0
6 3 10 6 0
6 3 10 7 0
6 3 10 8 0
6 3 10 9 0
6 3 10 10 0
6 3 10 11 0
6 3 10 12 0
6 3 10 13 0
6 3 10 14 0
6 3 10 15 0
6 3 11 0 0
6 3 11 1 0
6 3 11 2 0
6 3 11 3 0
6 3 11 4 0
6 3 11 5 0
6 3 11 6 0
6 3 11 7 0
6 3 11 8 0
6 3 11 9 0
6 3 11 10 0
6 3 11 11 0
6 3 11 12 0
6 3 11 13 0
6 3 11 14 0
6 3 11 15 0
6 3 12 0 0
6 3 12 1 0
6 3 12 2 0
6 3 12 3 0
6 3 12 4 0
6 3 12 5 0
6 3 12 6 0
6 3 12 7 0
6 3 12 8 0
6 3 12 9 0
6 3 12 10 0
6 3 12 11 0
6 3 12 12 0
6 3 12 13 0
6 3 12 14 0
6 3 12 15 0
6 3 13 0 0
6 3 13 1 0
6 3 13 2 0
6 3 13 3 0.04963048162576172
6 3 13 4 0
6 3 13 5 0
6 3 13 6 0
6 3 13 7 0
6 3 13 8 0
6 3 13 9 0
6 3 13 10 0
6 3 13 11 0
6 3 13 12 0
6 3 13 13 0
6 3 13 14 0
6 3 13 15 0
6 3 14 0 0
6 3 14 1 0
6 3 14 2 0
6 3 14 3 0
6 3 14 4 0
6 3 14 5 0
6 3 14 6 0
6 3 14 7 0
6 3 14 8 0
6 3 14 9 0
6 3 14 10 0
6 3 14 11 0
6 3 14 12 0
6 3 14 13 0
6 3 14 14 0
6 3 14 15 0
6 3 15 0 0
6 3 15 1 0
6 3 15 2 0
6 3 15 3 0
6 3 15 4 0
6 3 15 5 0
6 3 15 6 0
6 3 15 7 0
6 3 15 8 0
6 3 15 9 0
6 3 15 10 0
6 3 15 11 0
6 3 15 12 0
6 3 15 13 0
6 3 15 14 0
6 3 15 15 0
6 4 0 0 0
6 4 0 1 0
6 4 0 2 0
6 4 0 3 0
6 4 0 4 0
6 4 0 5 0
6 4 0 6 0
6 4 0 7 0
6 4 0 8 0
6 4 0 9 0
6 4 0 10 0
6 4 0 11 0
6 4 0 12 0
6 4 0 13 0
6 4 0 14 0
6 4 0 15 0
6 4 1 0 0
6 4 1 1 0
6 4 1 2 0
6 4 1 3 0
6 4 1 4 0
6 4 1 5 0
6 4 1 6 0
6 4 1 7 0
6 4 1 8 0
6 4 1 9 0
6 4 1 10 0
6 4 1 11 0
6 4 1 12 0
6 4 1 13 0
6 4 1 14 0
6 4 1 15 0
6 4 2 0 0
6 4 2 1 0
6 4 2 2 0
6 4 2 3 0
6 4 2 4 0
6 4 2 5 0
6 4 2 6 0
6 4 2 7 0
6 4 2 8 0
6 4 2 9 0
6 4 2 10 0
6 4 2 11 0
6 4 2 12 0
6 4 2 13 0
6 4 2 14 0
6 4 2 15 0
6 4 3 0 0
6 4 3 1 0
6 4 3 2 0
6 4 3 3 0
6 4 3 4 0
6 4 3 5 -1.734723475976807e-18
6 4 3 6 0
6 4 3 7 0
6 4 3 8 0
6 4 3 9 0
6 4 3 10 0
6 4 3 11 0
6 4 3 12 -3.229528307613255e-20
6 4 3 13 0
6 4 3 14 0
6 4 3 15 0
6 4 4 0 0
6 4 4 1 0
6 4 4 2 0
6 4 4 3 0
6 4 4 4 0
6 4 4 5 0
6 4 4 6 -0.9145403157488219
6 4 4 7 0
6 4 4 8 0
6 4 4 9 0
6 4 4 10 0
6 4 4 11 0
6 4 4 12 0
6 4 4 13 -0.04963048162576172
6 4 4 14 0
6 4 4 15 0
6 4 5 0 0
6 4 5 1 0
6 4 5 2 0
6 4 5 3 -0.03192435818988123
6 4 5 4 0
6 4 5 5 0
6 4 5 6 0
6 4 5 7 0
6 4 5 8 -1.772655969078094e-20
6 4 5 9 0
6 4 5 10 0
6 4 5 11 0
6 4 5 12 0
6 4 5 13 0
6 4 5 14 0
6 4 5 15 0
6 4 6 0 0
6 4 6 1 0
6 4 6 2 0
6 4 6 3 0
6 4 6 4 0.9791481277078286
6 4 6 5 0
6 4 6 6 0
6 4 6 7 0
6 4 6 8 0
6 4 6 9 0.05254392090253764
6 4 6 10 0
6 4 6 11 0
6 4 6 12 0
6 4 6 13 0
6 4 6 14 0
6 4 6 15 0
6 4 7 0 0
6 4 7 1 0
6 4 7 2 0
6 4 7 3 0
6 4 7 4 0
6 4 7 5 0
6 4 7 6 0
6 4 7 7 0
6 4 7 8 0
6 4 7 9 0
6 4 7 10 0
6 4 7 11 0
6 4 7 12 0
6 4 7 13 0
6 4 7 14 0
6 4 7 15 0
6 4 8 0 0
6 4 8 1 0
6 4 8 2 0
6 4 8 3 0
6 4 8 4 0
6 4 8 5 5.358440384422211e-20
6 4 8 6 0
6 4 8 7 0
6 4 8 8 0
6 4 8 9 0
6 4 8 10 0
6 4 8 11 0
6 4 8 12 0
6 4 8 13 0
6 4 8 14 0
6 4 8 15 0
6 4 9 0 0
6 4 9 1 0
6 4 9 2 0
6 4 9 3 0
6 4 9 4 0
6 4 9 5 0
6 4 9 6 -0.05254392090253764
6 4 9 7 0
6 4 9 8 0
6 4 9 9 0
6 4 9 10 0
6 4 9 11 0
6 4 9 12 0
6 4 9 13 0
6 4 9 14 0
6 4 9 15 0
6 4 10 0 0
6 4 10 1 0
6 4 10 2 0
6 4 10 3 0
6 4 10 4 0
6 4 10 5 0
6 4 10 6 0
6 4 10 7 0
6 4 10 8 0
6 4 10 9 0
6 4 10 10 0
6 4 10 11 0
6 4 10 12 0
6 4 10 13 0
6 4 10 14 0
6 4 10 15 0
6 4 11 0 0
6 4 11 1 0
6 4 11 2 0
6 4 11 3 0
6 4 11 4 0
6 4 11 5 0
6 4 11 6 0
6 4 11 7 0
6 4 11 8 0
6 4 11 9 0
6 4 11 10 0
6 4 11 11 0
6 4 11 12 0
6 4 11 13 0
6 4 11 14 0
6 4 11 15 0
6 4 12 0 0
6 4 12 1 0
6 4 12 2 0
6 4 12 3 5.125389436198141e-20
6 4 12 4 0
6 4 12 5 0
6 4 12 6 0
6 4 12 7 0
6 4 12 8 0
6 4 12 9 0
6 4 12 10 0
6 4 12 11 0
6 4 12 12 0
6 4 12 13 0
6 4 12 14 0
6 4 12 15 0
6 4 13 0 0
6 4 13 1 0
6 4 13 2 0
6 4 13 3 0
6 4 13 4 0.04963048162576172
6 4 13 5 0
6 4 13 6 0
6 4 13 7 0
6 4 13 8 0
6 4 13 9 0
6 4 13 10 0
6 4 13 11 0
6 4 13 12 0
6 4 13 13 0
6 4 13 14 0
6 4 13 15 0
6 4 14 0 0
6 4 14 1 0
6 4 14 2 0
6 4 14 3 0
6 4 14 4 0
6 4 14 5 0
6 4 14 6 0
6 4 14 7 0
6 4 14 8 0
6 4 14 9 0
6 4 14 10 0
6 4 14 11 0
6 4 14 12 0
6 4 14 13 0
6 4 14 14 0
6 4 14 15 0
6 4 15 0 0
6 4 15 1 0
6 4 15 2 0
6 4 15 3 0
6 4 15 4 0
6 4 15 5 0
6 4 15 6 0
6 4 15 7 0
6 4 15 8 0
6 4 15 9 0
6 4 15 10 0
6 4 15 11 0
6 4 15 12 0
6 4 15 13 0
6 4 15 14 0
6 4 15 15 0
6 5 0 0 0
6 5 0 1 0
6 5 0 2 0
6 5 0 3 0
6 5 0 4 0
6 5 0 5 0
6 5 0 6 0
6 5 0 7 0
6 5 0 8 0
6 5 0 9 0
6 5 0 10 0
6 5 0 11 0
6 5 0 12 0
6 5 0 13 0
6 5 0 14 0
6 5 0 15 0
6 5 1 0 0
6 5 1 1 0
6 5 1 2 0
6 5 1 3 0
6 5 1 4 0
6 5 1 5 0
6 5 1 6 0
6 5 1 7 0
6 5 1 8 0
6 5 1 9 0
6 5 1 10 0
6 5 1 11 0
6 5 1 12 0
6 5 1 13 0
6 5 1 14 0
6 5 1 15 0
6 5 2 0 0
6 5 2 1 0
6 5 2 2 0
6 5 2 3 0
6 5 2 4 0
6 5 2 5 0
6 5 2 6 0
6 5 2 7 0
6 5 2 8 0
6 5 2 9 0
6 5 2 10 0
6 5 2 11 0
6 5 2 12 0
6 5 2 13 0
6 5 2 14 0
6 5 2 15 0
6 5 3 0 0
6 5 3 1 0
6 5 3 2 0
6 5 3 3 0
6 5 3 4 -3.469446951953614e-18
6 5 3 5 0
6 5 3 6 0
6 5 3 7 0
6 5 3 8 0
6 5 3 9 -9.201647606919378e-21
6 5 3 10 0
6 5 3 11 0
6 5 3 12 0
6 5 3 13 0
6 5 3 14 0
6 5 3 15 0
6 5 4 0 0
6 5 4 1 0
6 5 4 2 0
6 5 4 3 -0.02594986512129448
6 5 4 4 0
6 5 4 5 0
6 5 4 6 0
6 5 4 7 0
6 5 4 8 7.705369644160156e-20
6 5 4 9 0
6 5 4 10 0
6 5 4 11 0
6 5 4 12 0
6 5 4 13 0
6 5 4 14 0
6 5 4 15 0
6 5 5 0 0
6 5 5 1 0
6 5 5 2 0
6 5 5 3 0
6 5 5 4 0
6 5 5 5 0
6 5 5 6 -0.9020614867259232
6 5 5 7 0
6 5 5 8 0
6 5 5 9 0
6 5 5 10 0
6 5 5 11 0
6 5 5 12 0
6 5 5 13 -0.04963048162576172
6 5 5 14 0
6 5 5 15 0
6 5 6 0 0
6 5 6 1 0
6 5 6 2 0
6 5 6 3 0
6 5 6 4 0
6 5 6 5 0.9534610284629702
6 5 6 6 0
6 5 6 7 0
6 5 6 8 0
6 5 6 9 0
6 5 6 10 0
6 5 6 11 0
6 5 6 12 0.04901920356137762
6 5 6 13 0
6 5 6 14 0
6 5 6 15 0
6 5 7 0 0
6 5 7 1 0
6 5 7 2 0
6 5 7 3 0
6 5 7 4 0
6 5 7 5 0
6 5 7 6 0
6 5 7 7 0
6 5 7 8 0
6 5 7 9 0
6 5 7 10 0
6 5 7 11 0
6 5 7 12 0
6 5 7 13 0
6 5 7 14 0
6 5 7 15 0
6 5 8 0 0
6 5 8 1 0
6 5 8 2 0
6 5 8 3 0
6 5 8 4 5.834570149431065e-21
6 5 8 5 0
6 5 8 6 0
6 5 8 7 0
6 5 8 8 0
6 5 8 9 0
6 5 8 10 0
6 5 8 11 0
6 5 8 12 0
6 5 8 13 0
6 5 8 14 0
6 5 8 15 0
6 5 9 0 0
6 5 9 1 0
6 5 9 2 0
6 5 9 3 8.045543147428614e-20
6 5 9 4 0
6 5 9 5 0
6 5 9 6 0
6 5 9 7 0
6 5 9 8 0
6 5 9 9 0
6 5 9 10 0
6 5 9 11 0
6 5 9 12 0
6 5 9 13 0
6 5 9 14 0
6 5 9 15 0
6 5 10 0 0
6 5 10 1 0
6 5 10 2 0
6 5 10 3 0
6 5 10 4 0
6 5 10 5 0
6 5 10 6 0
6 5 10 7 0
6 5 10 8 0
6 5 10 9 0
6 5 10 10 0
6 5 10 11 0
6 5 10 12 0
6 5 10 13 0
6 5 10 14 0
6 5 10 15 0
6 5 11 0 0
6 5 11 1 0
6 5 11 2 0
6 5 11 3 0
6 5 11 4 0
6 5 11 5 0
6 5 11 6 0
6 5 11 7 0
6 5 11 8 0
6 5 11 9 0
6 5 11 10 0
6 5 11 11 0
6 5 11 12 0
6 5 11 13 0
6 5 11 14 0
6 5 11 15 0
6 5 12 0 0
6 5 12 1 0
6 5 12 2 0
6 5 12 3 0
6 5 12 4 0
6 5 12 5 0
6 5 12 6 -0.04901920356137762
6 5 12 7 0
6 5 12 8 0
6 5 12 9 0
6 5 12 10 0
6 5 12 11 0
6 5 12 12 0
6 5 12 13 0
6 5 12 14 0
6 5 12 15 0
6 5 13 0 0
6 5 13 1 0
6 5 13 2 0
6 5 13 3 0
6 5 13 4 0
6 5 13 5 0.04963048162576172
6 5 13 6 0
6 5 13 7 0
6 5 13 8 0
6 5 13 9 0
6 5 13 10 0
6 5 13 11 0
6 5 13 12 0
6 5 13 13 0
6 5 13 14 0
6 5 13 15 0
6 5 14 0 0
6 5 14 1 0
6 5 14 2 0
6 5 14 3 0
6 5 14 4 0
6 5 14 5 0
6 5 14 6 0
6 5 14 7 0
6 5 14 8 0
6 5 14 9 0
6 5 14 10 0
6 5 14 11 0
6 5 14 12 0
6 5 14 13 0
6 5 14 14 0
6 5 14 15 0
6 5 15 0 0
6 5 15 1 0
6 5 15 2 0
6 5 15 3 0
6 5 15 4 0
6 5 15 5 0
6 5 15 6 0
6 5 15 7 0
6 5 15 8 0
6 5 15 9 0
6 5 15 10 0
6 5 15 11 0
6 5 15 12 0
6 5 15 13 0
6 5 15 14 0
6 5 15 15 0
6 6 0 0 0
6 6 0 1 0
6 6 0 2 0
6 6 0 3 0
6 6 0 4 0
6 6 0 5 0
6 6 0 6 0
6 6 0 7 0
6 6 0 8 0
6 6 0 9 0
6 6 0 10 0
6 6 0 11 0
6 6 0 12 0
6 6 0 13 0
6 6 0 14 0
6 6 0 15 0
6 6 1 0 0
6 6 1 1 0
6 6 1 2 0
6 6 1 3 0
6 6 1 4 0
6 6 1 5 0
6 6 1 6 0
6 6 1 7 0
6 6 1 8 0
6 6 1 9 0
6 6 1 10 0
6 6 1 11 0
6 6 1 12 0
6 6 1 13 0
6 6 1 14 0
6 6 1 15 0
6 6 2 0 0
6 6 2 1 0
6 6 2 2 0
6 6 2 3 0
6 6 2 4 0
6 6 2 5 0
6 6 2 6 0
6 6 2 7 0
6 6 2 8 0
6 6 2 9 0
6 6 2 10 0
6 6 2 11 0
6 6 2 12 0
6 6 2 13 0
6 6 2 14 0
6 6 2 15 0
6 6 3 0 0
6 6 3 1 0
6 6 3 2 0
6 6 3 3 -0.1264515554485175
6 6 3 4 0
6 6 3 5 0
6 6 3 6 0
6 6 3 7 0
6 6 3 8 -5.369673908319772e-20
6 6 3 9 0
6 6 3 10 0
6 6 3 11 0
6 6 3 12 0
6 6 3 13 0
6 6 3 14 0
6 6 3 15 0
6 6 4 0 0
6 6 4 1 0
6 6 4 2 0
6 6 4 3 0
6 6 4 4 0
6 6 4 5 0
6 6 4 6 0
6 6 4 7 0
6 6 4 8 0
6 6 4 9 0
6 6 4 10 0
6 6 4 11 0
6 6 4 12 0
6 6 4 13 0
6 6 4 14 0
6 6 4 15 0
6 6 5 0 0
6 6 5 1 0
6 6 5 2 0
6 6 5 3 0
6 6 5 4 0
6 6 5 5 0
6 6 5 6 0
6 6 5 7 0
6 6 5 8 0
6 6 5 9 0
6 6 5 10 0
6 6 5 11 0
6 6 5 12 0
6 6 5 13 0
6 6 5 14 0
6 6 5 15 0
6 6 6 0 0
6 6 6 1 0
6 6 6 2 0
6 6 6 3 0
6 6 6 4 0
6 6 6 5 0
6 6 6 6 0.1027867432369242
6 6 6 7 0
6 6 6 8 0
6 6 6 9 0
6 6 6 10 0
6 6 6 11 0
6 6 6 12 0
6 6 6 13 -3.203602718321207e-20
6 6 6 14 0
6 6 6 15 0
6 6 7 0 0
6 6 7 1 0
6 6 7 2 0
6 6 7 3 0
6 6 7 4 0
6 6 7 5 0
6 6 7 6 0
6 6 7 7 0
6 6 7 8 0
6 6 7 9 0
6 6 7 10 0
6 6 7 11 0
6 6 7 12 0
6 6 7 13 0
6 6 7 14 0
6 6 7 15 0
6 6 8 0 0
6 6 8 1 0
6 6 8 2 0
6 6 8 3 -5.369673908319772e-20
6 6 8 4 0
6 6 8 5 0
6 6 8 6 0
6 6 8 7 0
6 6 8 8 0
6 6 8 9 0
6 6 8 10 0
6 6 8 11 0
6 6 8 12 0
6 6 8 13 0
6 6 8 14 0
6 6 8 15 0
6 6 9 0 0
6 6 9 1 0
6 6 9 2 0
6 6 9 3 0
6 6 9 4 0
6 6 9 5 0
6 6 9 6 0
6 6 9 7 0
6 6 9 8 0
6 6 9 9 0
6 6 9 10 0
6 6 9 11 0
6 6 9 12 0
6 6 9 13 0
6 6 9 14 0
6 6 9 15 0
6 6 10 0 0
6 6 10 1 0
6 6 10 2 0
6 6 10 3 0
6 6 10 4 0
6 6 10 5 0
6 6 10 6 0
6 6 10 7 0
6 6 10 8 0
6 6 10 9 0
6 6 10 10 0
6 6 10 11 0
6 6 10 12 0
6 6 10 13 0
6 6 10 14 0
6 6 10 15 0
6 6 11 0 0
6 6 11 1 0
6 6 11 2 0
6 6 11 3 0
6 6 11 4 0
6 6 11 5 0
6 6 11 6 0
6 6 11 7 0
6 6 11 8 0
6 6 11 9 0
6 6 11 10 0
6 6 11 11 0
6 6 11 12 0
6 6 11 13 0
6 6 11 14 0
6 6 11 15 0
6 6 12 0 0
6 6 12 1 0
6 6 12 2 0
6 6 12 3 0
6 6 12 4 0
6 6 12 5 0
6 6 12 6 0
6 6 12 7 0
6 6 12 8 0
6 6 12 9 0
6 6 12 10 0
6 6 12 11 0
6 6 12 12 0
6 6 12 13 0
6 6 12 14 0
6 6 12 15 0
6 6 13 0 0
6 6 13 1 0
6 6 13 2 0
6 6 13 3 0
6 6 13 4 0
6 6 13 5 0
6 6 13 6 -3.203602718321207e-20
6 6 13 7 0
6 6 13 8 0
6 6 13 9 0
6 6 13 10 0
6 6 13 11 0
6 6 13 12 0
6 6 13 13 0
6 6 13 14 0
6 6 13 15 0
6 6 14 0 0
6 6 14 1 0
6 6 14 2 0
6 6 14 3 0
6 6 14 4 0
6 6 14 5 0
6 6 14 6 0
6 6 14 7 0
6 6 14 8 0
6 6 14 9 0
6 6 14 10 0
6 6 14 11 0
6 6 14 12 0
6 6 14 13 0
6 6 14 14 0
6 6 14 15 0
6 6 15 0 0
6 6 15 1 0
6 6 15 2 0
6 6 15 3 0
6 6 15 4 0
6 6 15 5 0
6 6 15 6 0
6 6 15 7 0
6 6 15 8 0
6 6 15 9 0
6 6 15 10 0
6 6 15 11 0
6 6 15 12 0
6 6 15 13 0
6 6 15 14 0
6 6 15 15 0
6 7 0 0 0
6 7 0 1 0
6 7 0 2 0
6 7 0 3 0
6 7 0 4 0
6 7 0 5 0
6 7 0 6 0
6 7 0 7 0
6 7 0 8 0
6 7 0 9 0
6 7 0 10 0
6 7 0 11 0
6 7 0 12 0
6 7 0 13 0
6 7 0 14 0
6 7 0 15 0
6 7 1 0 0
6 7 1 1 0
6 7 1 2 0
6 7 1 3 0
6 7 1 4 0
6 7 1 5 0
6 7 1 6 0
6 7 1 7 0
6 7 1 8 0
6 7 1 9 0
6 7 1 10 0
6 7 1 11 0
6 7 1 12 0
6 7 1 13 0
6 7 1 14 0
6 7 1 15 0
6 7 2 0 0
6 7 2 1 0
6 7 2 2 0
6 7 2 3 0.2963189389940677
6 7 2 4 0
6 7 2 5 0
6 7 2 6 0
6 7 2 7 0
6 7 2 8 0.01458790289127491
6 7 2 9 0
6 7 2 10 0
6 7 2 11 0
6 7 2 12 0
6 7 2 13 0
6 7 2 14 0
6 7 2 15 0
6 7 3 0 0
6 7 3 1 0
6 7 3 2 1.387778780781446e-17
6 7 3 3 0
6 7 3 4 0
6 7 3 5 0
6 7 3 6 0
6 7 3 7 0
6 7 3 8 0
6 7 3 9 0
6 7 3 10 0
6 7 3 11 0.0002814200393224603
6 7 3 12 0
6 7 3 13 0
6 7 3 14 -0.001140078944871915
6 7 3 15 0
6 7 4 0 0
6 7 4 1 0
6 7 4 2 0
6 7 4 3 0
6 7 4 4 0
6 7 4 5 0
6 7 4 6 0
6 7 4 7 0
6 7 4 8 0
6 7 4 9 0
6 7 4 10 0
6 7 4 11 0
6 7 4 12 0
6 7 4 13 0
6 7 4 14 0
6 7 4 15 0
6 7 5 0 0
6 7 5 1 0
6 7 5 2 0
6 7 5 3 0
6 7 5 4 0
6 7 5 5 0
6 7 5 6 0
6 7 5 7 0
6 7 5 8 0
6 7 5 9 0
6 7 5 10 0
6 7 5 11 0
6 7 5 12 0
6 7 5 13 0
6 7 5 14 0
6 7 5 15 0
6 7 6 0 0
6 7 6 1 0
6 7 6 2 0
6 7 6 3 0
6 7 6 4 0
6 7 6 5 0
6 7 6 6 0
6 7 6 7 0.4156435097893834
6 7 6 8 0
6 7 6 9 0
6 7 6 10 0
6 7 6 11 0
6 7 6 12 0
6 7 6 13 0
6 7 6 14 0
6 7 6 15 0
6 7 7 0 0
6 7 7 1 0
6 7 7 2 0
6 7 7 3 0
6 7 7 4 0
6 7 7 5 0
6 7 7 6 -0.214373139622012
6 7 7 7 0
6 7 7 8 0
6 7 7 9 0
6 7 7 10 0
6 7 7 11 0
6 7 7 12 0
6 7 7 13 0
6 7 7 14 0
6 7 7 15 0
6 7 8 0 0
6 7 8 1 0
6 7 8 2 8.673617379884035e-19
6 7 8 3 0
6 7 8 4 0
6 7 8 5 0
6 7 8 6 0
6 7 8 7 0
6 7 8 8 0
6 7 8 9 0
6 7 8 10 0
6 7 8 11 0
6 7 8 12 0
6 7 8 13 0
6 7 8 14 0
6 7 8 15 0
6 7 9 0 0
6 7 9 1 0
6 7 9 2 0
6 7 9 3 0
6 7 9 4 0
6 7 9 5 0
6 7 9 6 0
6 7 9 7 0
6 7 9 8 0
6 7 9 9 0
6 7 9 10 0
6 7 9 11 0
6 7 9 12 0
6 7 9 13 0
6 7 9 14 0
6 7 9 15 0
6 7 10 0 0
6 7 10 1 0
6 7 10 2 0
6 7 10 3 0
6 7 10 4 0
6 7 10 5 0
6 7 10 6 0
6 7 10 7 0
6 7 10 8 0
6 7 10 9 0
6 7 10 10 0
6 7 10 11 0
6 7 10 12 0
6 7 10 13 0
6 7 10 14 0
6 7 10 15 0
6 7 11 0 0
6 7 11 1 0
6 7 11 2 0
6 7 11 3 -0.005141395576886645
6 7 11 4 0
6 7 11 5 0
6 7 11 6 0
6 7 11 7 0
6 7 11 8 0
6 7 11 9 0
6 7 11 10 0
6 7 11 11 0
6 7 11 12 0
6 7 11 13 0
6 7 11 14 0
6 7 11 15 0
6 7 12 0 0
6 7 12 1 0
6 7 12 2 0
6 7 12 3 0
6 7 12 4 0
6 7 12 5 0
6 7 12 6 0
6 7 12 7 0
6 7 12 8 0
6 7 12 9 0
6 7 12 10 0
6 7 12 11 0
6 7 12 12 0
6 7 12 13 0
6 7 12 14 0
6 7 12 15 0
6 7 13 0 0
6 7 13 1 0
6 7 13 2 0
6 7 13 3 0
6 7 13 4 0
6 7 13 5 0
6 7 13 6 0
6 7 13 7 0
6 7 13 8 0
6 7 13 9 0
6 7 13 10 0
6 7 13 11 0
6 7 13 12 0
6 7 13 13 0
6 7 13 14 0
6 7 13 15 0
6 7 14 0 0
6 7 14 1 0
6 7 14 2 0
6 7 14 3 0.003524947129526657
6 7 14 4 0
6 7 14 5 0
6 7 14 6 0
6 7 14 7 0
6 7 14 8 0
6 7 14 9 0
6 7 14 10 0
6 7 14 11 0
6 7 14 12 0
6 7 14 13 0
6 7 14 14 0
6 7 14 15 0
6 7 15 0 0
6 7 15 1 0
6 7 15 2 0
6 7 15 3 0
6 7 15 4 0
6 7 15 5 0
6 7 15 6 0
6 7 15 7 0
6 7 15 8 0
6 7 15 9 0
6 7 15 10 0
6 7 15 11 0
6 7 15 12 0
6 7 15 13 0
6 7 15 14 0
6 7 15 15 0
6 8 0 0 0
6 8 0 1 0
6 8 0 2 0
6 8 0 3 0
6 8 0 4 0
6 8 0 5 0
6 8 0 6 0
6 8 0 7 0
6 8 0 8 0
6 8 0 9 0
6 8 0 10 0
6 8 0 11 0
6 8 0 12 0
6 8 0 13 0
6 8 0 14 0
6 8 0 15 0
6 8 1 0 0
6 8 1 1 0
6 8 1 2 0
6 8 1 3 0
6 8 1 4 0
6 8 1 5 0
6 8 1 6 0
6 8 1 7 0
6 8 1 8 0
6 8 1 9 0
6 8 1 10 0
6 8 1 11 0
6 8 1 12 0
6 8 1 13 0
6 8 1 14 0
6 8 1 15 0
6 8 2 0 0
6 8 2 1 0
6 8 2 2 0
6 8 2 3 0
6 8 2 4 0
6 8 2 5 0
6 8 2 6 0
6 8 2 7 0
6 8 2 8 0
6 8 2 9 0
6 8 2 10 0
6 8 2 11 0
6 8 2 12 0
6 8 2 13 0
6 8 2 14 0
6 8 2 15 0
6 8 3 0 0
6 8 3 1 0
6 8 3 2 0
6 8 3 3 0
6 8 3 4 0
6 8 3 5 0
6 8 3 6 -0.05347125436851322
6 8 3 7 0
6 8 3 8 0
6 8 3 9 0
6 8 3 10 0
6 8 3 11 0
6 8 3 12 0
6 8 3 13 -0.003843321670066766
6 8 3 14 0
6 8 3 15 0
6 8 4 0 0
6 8 4 1 0
6 8 4 2 0
6 8 4 3 0
6 8 4 4 0
6 8 4 5 0
6 8 4 6 0
6 8 4 7 0
6 8 4 8 0
6 8 4 9 0
6 8 4 10 0
6 8 4 11 0
6 8 4 12 0
6 8 4 13 0
6 8 4 14 0
6 8 4 15 0
6 8 5 0 0
6 8 5 1 0
6 8 5 2 0
6 8 5 3 0
6 8 5 4 0
6 8 5 5 0
6 8 5 6 0
6 8 5 7 0
6 8 5 8 0
6 8 5 9 0
6 8 5 10 0
6 8 5 11 0
6 8 5 12 0
6 8 5 13 0
6 8 5 14 0
6 8 5 15 0
6 8 6 0 0
6 8 6 1 0
6 8 6 2 0
6 8 6 3 0.05347125436851322
6 8 6 4 0
6 8 6 5 0
6 8 6 6 0
6 8 6 7 0
6 8 6 8 0.004140746249246275
6 8 6 9 0
6 8 6 10 0
6 8 6 11 0
6 8 6 12 0
6 8 6 13 0
6 8 6 14 0
6 8 6 15 0
6 8 7 0 0
6 8 7 1 0
6 8 7 2 0
6 8 7 3 0
6 8 7 4 0
6 8 7 5 0
6 8 7 6 0
6 8 7 7 0
6 8 7 8 0
6 8 7 9 0
6 8 7 10 0
6 8 7 11 0
6 8 7 12 0
6 8 7 13 0
6 8 7 14 0
6 8 7 15 0
6 8 8 0 0
6 8 8 1 0
6 8 8 2 0
6 8 8 3 0
6 8 8 4 0
6 8 8 5 0
6 8 8 6 -0.004140746249246275
6 8 8 7 0
6 8 8 8 0
6 8 8 9 0
6 8 8 10 0
6 8 8 11 0
6 8 8 12 0
6 8 8 13 0
6 8 8 14 0
6 8 8 15 0
6 8 9 0 0
6 8 9 1 0
6 8 9 2 0
6 8 9 3 0
6 8 9 4 0
6 8 9 5 0
6 8 9 6 0
6 8 9 7 0
6 8 9 8 0
6 8 9 9 0
6 8 9 10 0
6 8 9 11 0
6 8 9 12 0
6 8 9 13 0
6 8 9 14 0
6 8 9 15 0
6 8 10 0 0
6 8 10 1 0
6 8 10 2 0
6 8 10 3 0
6 8 10 4 0
6 8 10 5 0
6 8 10 6 0
6 8 10 7 0
6 8 10 8 0
6 8 10 9 0
6 8 10 10 0
6 8 10 11 0
6 8 10 12 0
6 8 10 13 0
6 8 10 14 0
6 8 10 15 0
6 8 11 0 0
6 8 11 1 0
6 8 11 2 0
6 8 11 3 0
6 8 11 4 0
6 8 11 5 0
6 8 11 6 0
6 8 11 7 0
6 8 11 8 0
6 8 11 9 0
6 8 11 10 0
6 8 11 11 0
6 8 11 12 0
6 8 11 13 0
6 8 11 14 0
6 8 11 15 0
6 8 12 0 0
6 8 12 1 0
6 8 12 2 0
6 8 12 3 0
6 8 12 4 0
6 8 12 5 0
6 8 12 6 0
6 8 12 7 0
6 8 12 8 0
6 8 12 9 0
6 8 12 10 0
6 8 12 11 0
6 8 12 12 0
6 8 12 13 0
6 8 12 14 0
6 8 12 15 0
6 8 13 0 0
6 8 13 1 0
6 8 13 2 0
6 8 13 3 0.003843321670066766
6 8 13 4 0
6 8 13 5 0
6 8 13 6 0
6 8 13 7 0
6 8 13 8 0
6 8 13 9 0
6 8 13 10 0
6 8 13 11 0
6 8 13 12 0
6 8 13 13 0
6 8 13 14 0
6 8 13 15 0
6 8 14 0 0
6 8 14 1 0
6 8 14 2 0
6 8 14 3 0
6 8 14 4 0
6 8 14 5 0
6 8 14 6 0
6 8 14 7 0
6 8 14 8 0
6 8 14 9 0
6 8 14 10 0
6 8 14 11 0
6 8 14 12 0
6 8 14 13 0
6 8 14 14 0
6 8 14 15 0
6 8 15 0 0
6 8 15 1 0
6 8 15 2 0
6 8 15 3 0
6 8 15 4 0
6 8 15 5 0
6 8 15 6 0
6 8 15 7 0
6 8 15 8 0
6 8 15 9 0
6 8 15 10 0
6 8 15 11 0
6 8 15 12 0
6 8 15 13 0
6 8 15 14 0
6 8 15 15 0
6 9 0 0 0
6 9 0 1 0
6 9 0 2 0
6 9 0 3 0
6 9 0 4 0
6 9 0 5 0
6 9 0 6 0
6 9 0 7 0
6 9 0 8 0
6 9 0 9 0
6 9 0 10 0
6 9 0 11 0
6 9 0 12 0
6 9 0 13 0
6 9 0 14 0
6 9 0 15 0
6 9 1 0 0
6 9 1 1 0
6 9 1 2 0
6 9 1 3 0
6 9 1 4 0
6 9 1 5 0
6 9 1 6 0
6 9 1 7 0
6 9 1 8 0
6 9 1 9 0
6 9 1 10 0
6 9 1 11 0
6 9 1 12 0
6 9 1 13 0
6 9 1 14 0
6 9 1 15 0
6 9 2 0 0
6 9 2 1 0
6 9 2 2 0
6 9 2 3 0
6 9 2 4 0
6 9 2 5 0
6 9 2 6 0
6 9 2 7 0
6 9 2 8 0
6 9 2 9 0
6 9 2 10 0
6 9 2 11 0
6 9 2 12 0
6 9 2 13 0
6 9 2 14 0
6 9 2 15 0
6 9 3 0 0
6 9 3 1 0
6 9 3 2 0
6 9 3 3 0
6 9 3 4 0
6 9 3 5 8.903054792833342e-21
6 9 3 6 0
6 9 3 7 0
6 9 3 8 0
6 9 3 9 0
6 9 3 10 0
6 9 3 11 0
6 9 3 12 -7.920074631126594e-21
6 9 3 13 0
6 9 3 14 0
6 9 3 15 0
6 9 4 0 0
6 9 4 1 0
6 9 4 2 0
6 9 4 3 0
6 9 4 4 0
6 9 4 5 0
6 9 4 6 -0.05254392090253764
6 9 4 7 0
6 9 4 8 0
6 9 4 9 0
6 9 4 10 0
6 9 4 11 0
6 9 4 12 0
6 9 4 13 -0.003776668271951221
6 9 4 14 0
6 9 4 15 0
6 9 5 0 0
6 9 5 1 0
6 9 5 2 0
6 9 5 3 7.400245980644072e-20
6 9 5 4 0
6 9 5 5 0
6 9 5 6 0
6 9 5 7 0
6 9 5 8 -8.895556045151379e-21
6 9 5 9 0
6 9 5 10 0
6 9 5 11 0
6 9 5 12 0
6 9 5 13 0
6 9 5 14 0
6 9 5 15 0
6 9 6 0 0
6 9 6 1 0
6 9 6 2 0
6 9 6 3 0
6 9 6 4 0.05254392090253764
6 9 6 5 0
6 9 6 6 0
6 9 6 7 0
6 9 6 8 0
6 9 6 9 0.003998368592367713
6 9 6 10 0
6 9 6 11 0
6 9 6 12 0
6 9 6 13 0
6 9 6 14 0
6 9 6 15 0
6 9 7 0 0
6 9 7 1 0
6 9 7 2 0
6 9 7 3 0
6 9 7 4 0
6 9 7 5 0
6 9 7 6 0
6 9 7 7 0
6 9 7 8 0
6 9 7 9 0
6 9 7 10 0
6 9 7 11 0
6 9 7 12 0
6 9 7 13 0
6 9 7 14 0
6 9 7 15 0
6 9 8 0 0
6 9 8 1 0
6 9 8 2 0
6 9 8 3 0
6 9 8 4 0
6 9 8 5 2.40437969977788e-20
6 9 8 6 0
6 9 8 7 0
6 9 8 8 0
6 9 8 9 0
6 9 8 10 0
6 9 8 11 0
6 9 8 12 0
6 9 8 13 0
6 9 8 14 0
6 9 8 15 0
6 9 9 0 0
6 9 9 1 0
6 9 9 2 0
6 9 9 3 0
6 9 9 4 0
6 9 9 5 0
6 9 9 6 -0.003998368592367713
6 9 9 7 0
6 9 9 8 0
6 9 9 9 0
6 9 9 10 0
6 9 9 11 0
6 9 9 12 0
6 9 9 13 0
6 9 9 14 0
6 9 9 15 0
6 9 10 0 0
6 9 10 1 0
6 9 10 2 0
6 9 10 3 0
6 9 10 4 0
6 9 10 5 0
6 9 10 6 0
6 9 10 7 0
6 9 10 8 0
6 9 10 9 0
6 9 10 10 0
6 9 10 11 0
6 9 10 12 0
6 9 10 13 0
6 9 10 14 0
6 9 10 15 0
6 9 11 0 0
6 9 11 1 0
6 9 11 2 0
6 9 11 3 0
6 9 11 4 0
6 9 11 5 0
6 9 11 6 0
6 9 11 7 0
6 9 11 8 0
6 9 11 9 0
6 9 11 10 0
6 9 11 11 0
6 9 11 12 0
6 9 11 13 0
6 9 11 14 0
6 9 11 15 0
6 9 12 0 0
6 9 12 1 0
6 9 12 2 0
6 9 12 3 7.218446949303332e-21
6 9 12 4 0
6 9 12 5 0
6 9 12 6 0
6 9 12 7 0
6 9 12 8 0
6 9 12 9 0
6 9 12 10 0
6 9 12 11 0
6 9 12 12 0
6 9 12 13 0
6 9 12 14 0
6 9 12 15 0
6 9 13 0 0
6 9 13 1 0
6 9 13 2 0
6 9 13 3 0
6 9 13 4 0.003776668271951221
6 9 13 5 0
6 9 13 6 0
6 9 13 7 0
6 9 13 8 0
6 9 13 9 0
6 9 13 10 0
6 9 13 11 0
6 9 13 12 0
6 9 13 13 0
6 9 13 14 0
6 9 13 15 0
6 9 14 0 0
6 9 14 1 0
6 9 14 2 0
6 9 14 3 0
6 9 14 4 0
6 9 14 5 0
6 9 14 6 0
6 9 14 7 0
6 9 14 8 0
6 9 14 9 0
6 9 14 10 0
6 9 14 11 0
6 9 14 12 0
6 9 14 13 0
6 9 14 14 0
6 9 14 15 0
6 9 15 0 0
6 9 15 1 0
6 9 15 2 0
6 9 15 3 0
6 9 15 4 0
6 9 15 5 0
6 9 15 6 0
6 9 15 7 0
6 9 15 8 0
6 9 15 9 0
6 9 15 10 0
6 9 15 11 0
6 9 15 12 0
6 9 15 13 0
6 9 15 14 0
6 9 15 15 0
6 10 0 0 0
6 10 0 1 0
6 10 0 2 0
6 10 0 3 0
6 10 0 4 0
6 10 0 5 0
6 10 0 6 0
6 10 0 7 0
6 10 0 8 0
6 10 0 9 0
6 10 0 10 0
6 10 0 11 0
6 10 0 12 0
6 10 0 13 0
6 10 0 14 0
6 10 0 15 0
6 10 1 0 0
6 10 1 1 0
6 10 1 2 0
6 10 1 3 0
6 10 1 4 0
6 10 1 5 0
6 10 1 6 0
6 10 1 7 0
6 10 1 8 0
6 10 1 9 0
6 10 1 10 0
6 10 1 11 0
6 10 1 12 0
6 10 1 13 0
6 10 1 14 0
6 10 1 15 0
6 10 2 0 0
6 10 2 1 0
6 10 2 2 0
6 10 2 3 0
6 10 2 4 0
6 10 2 5 0
6 10 2 6 0
6 10 2 7 0
6 10 2 8 0
6 10 2 9 0
6 10 2 10 0
6 10 2 11 0
6 10 2 12 0
6 10 2 13 0
6 10 2 14 0
6 10 2 15 0
6 10 3 0 0
6 10 3 1 0
6 10 3 2 0
6 10 3 3 0
6 10 3 4 0
6 10 3 5 0
6 10 3 6 0
6 10 3 7 0
6 10 3 8 0
6 10 3 9 0
6 10 3 10 0
6 10 3 11 0
6 10 3 12 0
6 10 3 13 0
6 10 3 14 0
6 10 3 15 0
6 10 4 0 0
6 10 4 1 0
6 10 4 2 0
6 10 4 3 0
6 10 4 4 0
6 10 4 5 0
6 10 4 6 0
6 10 4 7 0
6 10 4 8 0
6 10 4 9 0
6 10 4 10 0
6 10 4 11 0
6 10 4 12 0
6 10 4 13 0
6 10 4 14 0
6 10 4 15 0
6 10 5 0 0
6 10 5 1 0
6 10 5 2 0
6 10 5 3 0
6 10 5 4 0
6 10 5 5 0
6 10 5 6 0
6 10 5 7 0
6 10 5 8 0
6 10 5 9 0
6 10 5 10 0
6 10 5 11 0
6 10 5 12 0
6 10 5 13 0
6 10 5 14 0
6 10 5 15 0
6 10 6 0 0
6 10 6 1 0
6 10 6 2 0
6 10 6 3 0
6 10 6 4 0
6 10 6 5 0
6 10 6 6 0
6 10 6 7 0
6 10 6 8 0
6 10 6 9 0
6 10 6 10 0
6 10 6 11 0
6 10 6 12 0
6 10 6 13 0
6 10 6 14 0
6 10 6 15 0
6 10 7 0 0
6 10 7 1 0
6 10 7 2 0
6 10 7 3 0
6 10 7 4 0
6 10 7 5 0
6 10 7 6 0
6 10 7 7 0
6 10 7 8 0
6 10 7 9 0
6 10 7 10 0
6 10 7 11 0
6 10 7 12 0
6 10 7 13 0
6 10 7 14 0
6 10 7 15 0
6 10 8 0 0
6 10 8 1 0
6 10 8 2 0
6 10 8 3 0
6 10 8 4 0
6 10 8 5 0
6 10 8 6 0
6 10 8 7 0
6 10 8 8 0
6 10 8 9 0
6 10 8 10 0
6 10 8 11 0
6 10 8 12 0
6 10 8 13 0
6 10 8 14 0
6 10 8 15 0
6 10 9 0 0
6 10 9 1 0
6 10 9 2 0
6 10 9 3 0
6 10 9 4 0
6 10 9 5 0
6 10 9 6 0
6 10 9 7 0
6 10 9 8 0
6 10 9 9 0
6 10 9 10 0
6 10 9 11 0
6 10 9 12 0
6 10 9 13 0
6 10 9 14 0
6 10 9 15 0
6 10 10 0 0
6 10 10 1 0
6 10 10 2 0
6 10 10 3 0
6 10 10 4 0
6 10 10 5 0
6 10 10 6 0
6 10 10 7 0
6 10 10 8 0
6 10 10 9 0
6 10 10 10 0
6 10 10 11 0
6 10 10 12 0
6 10 10 13 0
6 10 10 14 0
6 10 10 15 0
6 10 11 0 0
6 10 11 1 0
6 10 11 2 0
6 10 11 3 0
6 10 11 4 0
6 10 11 5 0
6 10 11 6 0
6 10 11 7 0
6 10 11 8 0
6 10 11 9 0
6 10 11 10 0
6 10 11 11 0
6 10 11 12 0
6 10 11 13 0
6 10 11 14 0
6 10 11 15 0
6 10 12 0 0
6 10 12 1 0
6 10 12 2 0
6 10 12 3 0
6 10 12 4 0
6 10 12 5 0
6 10 12 6 0
6 10 12 7 0
6 10 12 8 0
6 10 12 9 0
6 10 12 10 0
6 10 12 11 0
6 10 12 12 0
6 10 12 13 0
6 10 12 14 0
6 10 12 15 0
6 10 13 0 0
6 10 13 1 0
6 10 13 2 0
6 10 13 3 0
6 10 13 4 0
6 10 13 5 0
6 10 13 6 0
6 10 13 7 0
6 10 13 8 0
6 10 13 9 0
6 10 13 10 0
6 10 13 11 0
6 10 13 12 0
6 10 13 13 0
6 10 13 14 0
6 10 13 15 0
6 10 14 0 0
6 10 14 1 0
6 10 14 2 0
6 10 14 3 0
6 10 14 4 0
6 10 14 5 0
6 10 14 6 0
6 10 14 7 0
6 10 14 8 0
6 10 14 9 0
6 10 14 10 0
6 10 14 11 0
6 10 14 12 0
6 10 14 13 0
6 10 14 14 0
6 10 14 15 0
6 10 15 0 0
6 10 15 1 0
6 10 15 2 0
6 10 15 3 0
6 10 15 4 0
6 10 15 5 0
6 10 15 6 0
6 10 15 7 0
6 10 15 8 0
6 10 15 9 0
6 10 15 10 0
6 10 15 11 0
6 10 15 12 0
6 10 15 13 0
6 10 15 14 0
6 10 15 15 0
6 11 0 0 0
6 11 0 1 0
6 11 0 2 0
6 11 0 3 0
6 11 0 4 0
6 11 0 5 0
6 11 0 6 -0.01392408105096847
6 11 0 7 0
6 11 0 8 0
6 11 0 9 0
6 11 0 10 0
6 11 0 11 0
6 11 0 12 0
6 11 0 13 -0.0008541723898991104
6 11 0 14 0
6 11 0 15 0
6 11 1 0 0
6 11 1 1 0
6 11 1 2 0
6 11 1 3 0
6 11 1 4 0
6 11 1 5 0
6 11 1 6 0
6 11 1 7 0
6 11 1 8 0
6 11 1 9 0
6 11 1 10 0
6 11 1 11 0
6 11 1 12 0
6 11 1 13 0
6 11 1 14 0
6 11 1 15 0
6 11 2 0 0
6 11 2 1 0
6 11 2 2 0
6 11 2 3 0
6 11 2 4 0
6 11 2 5 0
6 11 2 6 0.005741546644003982
6 11 2 7 0
6 11 2 8 0
6 11 2 9 0
6 11 2 10 0
6 11 2 11 0
6 11 2 12 0
6 11 2 13 0.0004126817464299779
6 11 2 14 0
6 11 2 15 0
6 11 3 0 0
6 11 3 1 0
6 11 3 2 0
6 11 3 3 0
6 11 3 4 0
6 11 3 5 0
6 11 3 6 0
6 11 3 7 -0.0003462119781797355
6 11 3 8 0
6 11 3 9 0
6 11 3 10 0
6 11 3 11 0
6 11 3 12 0
6 11 3 13 0
6 11 3 14 0
6 11 3 15 0
6 11 4 0 0
6 11 4 1 0
6 11 4 2 0
6 11 4 3 0
6 11 4 4 0
6 11 4 5 0
6 11 4 6 0
6 11 4 7 0
6 11 4 8 0
6 11 4 9 0
6 11 4 10 0
6 11 4 11 0
6 11 4 12 0
6 11 4 13 0
6 11 4 14 0
6 11 4 15 0
6 11 5 0 0
6 11 5 1 0
6 11 5 2 0
6 11 5 3 0
6 11 5 4 0
6 11 5 5 0
6 11 5 6 0
6 11 5 7 0
6 11 5 8 0
6 11 5 9 0
6 11 5 10 0
6 11 5 11 0
6 11 5 12 0
6 11 5 13 0
6 11 5 14 0
6 11 5 15 0
6 11 6 0 -0.0133643981395334
6 11 6 1 0
6 11 6 2 -0.02458708412460262
6 11 6 3 0
6 11 6 4 0
6 11 6 5 0
6 11 6 6 0
6 11 6 7 0
6 11 6 8 0
6 11 6 9 0
6 11 6 10 0
6 11 6 11 0.001209668881451395
6 11 6 12 0
6 11 6 13 0
6 11 6 14 -0.0005394464571167848
6 11 6 15 0
6 11 7 0 0
6 11 7 1 0
6 11 7 2 0
6 11 7 3 -0.005978898122593404
6 11 7 4 0
6 11 7 5 0
6 11 7 6 0
6 11 7 7 0
6 11 7 8 0
6 11 7 9 0
6 11 7 10 0
6 11 7 11 0
6 11 7 12 0
6 11 7 13 0
6 11 7 14 0
6 11 7 15 0
6 11 8 0 0
6 11 8 1 0
6 11 8 2 0
6 11 8 3 0
6 11 8 4 0
6 11 8 5 0
6 11 8 6 0
6 11 8 7 0
6 11 8 8 0
6 11 8 9 0
6 11 8 10 0
6 11 8 11 0
6 11 8 12 0
6 11 8 13 0
6 11 8 14 0
6 11 8 15 0
6 11 9 0 0
6 11 9 1 0
6 11 9 2 0
6 11 9 3 0
6 11 9 4 0
6 11 9 5 0
6 11 9 6 0
6 11 9 7 0
6 11 9 8 0
6 11 9 9 0
6 11 9 10 0
6 11 9 11 0
6 11 9 12 0
6 11 9 13 0
6 11 9 14 0
6 11 9 15 0
6 11 10 0 0
6 11 10 1 0
6 11 10 2 0
6 11 10 3 0
6 11 10 4 0
6 11 10 5 0
6 11 10 6 0
6 11 10 7 0
6 11 10 8 0
6 11 10 9 0
6 11 10 10 0
6 11 10 11 0
6 11 10 12 0
6 11 10 13 0
6 11 10 14 0
6 11 10 15 0
6 11 11 0 0
6 11 11 1 0
6 11 11 2 0
6 11 11 3 0
6 11 11 4 0
6 11 11 5 0
6 11 11 6 0.0001942898220557889
6 11 11 7 0
6 11 11 8 0
6 11 11 9 0
6 11 11 10 0
6 11 11 11 0
6 11 11 12 0
6 11 11 13 0
6 11 11 14 0
6 11 11 15 0
6 11 12 0 0
6 11 12 1 0
6 11 12 2 0
6 11 12 3 0
6 11 12 4 0
6 11 12 5 0
6 11 12 6 0
6 11 12 7 0
6 11 12 8 0
6 11 12 9 0
6 11 12 10 0
6 11 12 11 0
6 11 12 12 0
6 11 12 13 0
6 11 12 14 0
6 11 12 15 0
6 11 13 0 -0.0008041747077891207
6 11 13 1 0
6 11 13 2 -0.001767231278484542
6 11 13 3 0
6 11 13 4 0
6 11 13 5 0
6 11 13 6 0
6 11 13 7 0
6 11 13 8 0
6 11 13 9 0
6 11 13 10 0
6 11 13 11 0
6 11 13 12 0
6 11 13 13 0
6 11 13 14 0
6 11 13 15 0
6 11 14 0 0
6 11 14 1 0
6 11 14 2 0
6 11 14 3 0
6 11 14 4 0
6 11 14 5 0
6 11 14 6 0.0001868105624521657
6 11 14 7 0
6 11 14 8 0
6 11 14 9 0
6 11 14 10 0
6 11 14 11 0
6 11 14 12 0
6 11 14 13 0
6 11 14 14 0
6 11 14 15 0
6 11 15 0 0
6 11 15 1 0
6 11 15 2 0
6 11 15 3 0
6 11 15 4 0
6 11 15 5 0
6 11 15 6 0
6 11 15 7 0
6 11 15 8 0
6 11 15 9 0
6 11 15 10 0
6 11 15 11 0
6 11 15 12 0
6 11 15 13 0
6 11 15 14 0
6 11 15 15 0
6 12 0 0 0
6 12 0 1 0
6 12 0 2 0
6 12 0 3 0
6 12 0 4 0
6 12 0 5 0
6 12 0 6 0
6 12 0 7 0
6 12 0 8 0
6 12 0 9 0
6 12 0 10 0
6 12 0 11 0
6 12 0 12 0
6 12 0 13 0
6 12 0 14 0
6 12 0 15 0
6 12 1 0 0
6 12 1 1 0
6 12 1 2 0
6 12 1 3 0
6 12 1 4 0
6 12 1 5 0
6 12 1 6 0
6 12 1 7 0
6 12 1 8 0
6 12 1 9 0
6 12 1 10 0
6 12 1 11 0
6 12 1 12 0
6 12 1 13 0
6 12 1 14 0
6 12 1 15 0
6 12 2 0 0
6 12 2 1 0
6 12 2 2 0
6 12 2 3 0
6 12 2 4 0
6 12 2 5 0
6 12 2 6 0
6 12 2 7 0
6 12 2 8 0
6 12 2 9 0
6 12 2 10 0
6 12 2 11 0
6 12 2 12 0
6 12 2 13 0
6 12 2 14 0
6 12 2 15 0
6 12 3 0 0
6 12 3 1 0
6 12 3 2 0
6 12 3 3 0
6 12 3 4 7.863537563272805e-21
6 12 3 5 0
6 12 3 6 0
6 12 3 7 0
6 12 3 8 0
6 12 3 9 1.015023514971982e-20
6 12 3 10 0
6 12 3 11 0
6 12 3 12 0
6 12 3 13 0
6 12 3 14 0
6 12 3 15 0
6 12 4 0 0
6 12 4 1 0
6 12 4 2 0
6 12 4 3 -1.9263081605928e-21
6 12 4 4 0
6 12 4 5 0
6 12 4 6 0
6 12 4 7 0
6 12 4 8 -2.832759171457404e-21
6 12 4 9 0
6 12 4 10 0
6 12 4 11 0
6 12 4 12 0
6 12 4 13 0
6 12 4 14 0
6 12 4 15 0
6 12 5 0 0
6 12 5 1 0
6 12 5 2 0
6 12 5 3 0
6 12 5 4 0
6 12 5 5 0
6 12 5 6 -0.04901920356137762
6 12 5 7 0
6 12 5 8 0
6 12 5 9 0
6 12 5 10 0
6 12 5 11 0
6 12 5 12 0
6 12 5 13 -0.003523324251914216
6 12 5 14 0
6 12 5 15 0
6 12 6 0 0
6 12 6 1 0
6 12 6 2 0
6 12 6 3 0
6 12 6 4 0
6 12 6 5 0.04901920356137762
6 12 6 6 0
6 12 6 7 0
6 12 6 8 0
6 12 6 9 0
6 12 6 10 0
6 12 6 11 0
6 12 6 12 0.003479928927944808
6 12 6 13 0
6 12 6 14 0
6 12 6 15 0
6 12 7 0 0
6 12 7 1 0
6 12 7 2 0
6 12 7 3 0
6 12 7 4 0
6 12 7 5 0
6 12 7 6 0
6 12 7 7 0
6 12 7 8 0
6 12 7 9 0
6 12 7 10 0
6 12 7 11 0
6 12 7 12 0
6 12 7 13 0
6 12 7 14 0
6 12 7 15 0
6 12 8 0 0
6 12 8 1 0
6 12 8 2 0
6 12 8 3 0
6 12 8 4 1.193683218173499e-20
6 12 8 5 0
6 12 8 6 0
6 12 8 7 0
6 12 8 8 0
6 12 8 9 0
6 12 8 10 0
6 12 8 11 0
6 12 8 12 0
6 12 8 13 0
6 12 8 14 0
6 12 8 15 0
6 12 9 0 0
6 12 9 1 0
6 12 9 2 0
6 12 9 3 -2.210764183360493e-21
6 12 9 4 0
6 12 9 5 0
6 12 9 6 0
6 12 9 7 0
6 12 9 8 0
6 12 9 9 0
6 12 9 10 0
6 12 9 11 0
6 12 9 12 0
6 12 9 13 0
6 12 9 14 0
6 12 9 15 0
6 12 10 0 0
6 12 10 1 0
6 12 10 2 0
6 12 10 3 0
6 12 10 4 0
6 12 10 5 0
6 12 10 6 0
6 12 10 7 0
6 12 10 8 0
6 12 10 9 0
6 12 10 10 0
6 12 10 11 0
6 12 10 12 0
6 12 10 13 0
6 12 10 14 0
6 12 10 15 0
6 12 11 0 0
6 12 11 1 0
6 12 11 2 0
6 12 11 3 0
6 12 11 4 0
6 12 11 5 0
6 12 11 6 0
6 12 11 7 0
6 12 11 8 0
6 12 11 9 0
6 12 11 10 0
6 12 11 11 0
6 12 11 12 0
6 12 11 13 0
6 12 11 14 0
6 12 11 15 0
6 12 12 0 0
6 12 12 1 0
6 12 12 2 0
6 12 12 3 0
6 12 12 4 0
6 12 12 5 0
6 12 12 6 -0.003479928927944808
6 12 12 7 0
6 12 12 8 0
6 12 12 9 0
6 12 12 10 0
6 12 12 11 0
6 12 12 12 0
6 12 12 13 0
6 12 12 14 0
6 12 12 15 0
6 12 13 0 0
6 12 13 1 0
6 12 13 2 0
6 12 13 3 0
6 12 13 4 0
6 12 13 5 0.003523324251914216
6 12 13 6 0
6 12 13 7 0
6 12 13 8 0
6 12 13 9 0
6 12 13 10 0
6 12 13 11 0
6 12 13 12 0
6 12 13 13 0
6 12 13 14 0
6 12 13 15 0
6 12 14 0 0
6 12 14 1 0
6 12 14 2 0
6 12 14 3 0
6 12 14 4 0
6 12 14 5 0
6 12 14 6 0
6 12 14 7 0
6 12 14 8 0
6 12 14 9 0
6 12 14 10 0
6 12 14 11 0
6 12 14 12 0
6 12 14 13 0
6 12 14 14 0
6 12 14 15 0
6 12 15 0 0
6 12 15 1 0
6 12 15 2 0
6 12 15 3 0
6 12 15 4 0
6 12 15 5 0
6 12 15 6 0
6 12 15 7 0
6 12 15 8 0
6 12 15 9 0
6 12 15 10 0
6 12 15 11 0
6 12 15 12 0
6 12 15 13 0
6 12 15 14 0
6 12 15 15 0
6 13 0 0 0
6 13 0 1 0
6 13 0 2 0
6 13 0 3 0
6 13 0 4 0
6 13 0 5 0
6 13 0 6 0
6 13 0 7 0
6 13 0 8 0
6 13 0 9 0
6 13 0 10 0
6 13 0 11 0
6 13 0 12 0
6 13 0 13 0
6 13 0 14 0
6 13 0 15 0
6 13 1 0 0
6 13 1 1 0
6 13 1 2 0
6 13 1 3 0
6 13 1 4 0
6 13 1 5 0
6 13 1 6 0
6 13 1 7 0
6 13 1 8 0
6 13 1 9 0
6 13 1 10 0
6 13 1 11 0
6 13 1 12 0
6 13 1 13 0
6 13 1 14 0
6 13 1 15 0
6 13 2 0 0
6 13 2 1 0
6 13 2 2 0
6 13 2 3 0
6 13 2 4 0
6 13 2 5 0
6 13 2 6 0
6 13 2 7 0
6 13 2 8 0
6 13 2 9 0
6 13 2 10 0
6 13 2 11 0
6 13 2 12 0
6 13 2 13 0
6 13 2 14 0
6 13 2 15 0
6 13 3 0 0
6 13 3 1 0
6 13 3 2 0
6 13 3 3 1.157024483446287e-20
6 13 3 4 0
6 13 3 5 0
6 13 3 6 0
6 13 3 7 0
6 13 3 8 1.751280242075469e-20
6 13 3 9 0
6 13 3 10 0
6 13 3 11 0
6 13 3 12 0
6 13 3 13 0
6 13 3 14 0
6 13 3 15 0
6 13 4 0 0
6 13 4 1 0
6 13 4 2 0
6 13 4 3 0
6 13 4 4 0
6 13 4 5 0
6 13 4 6 0
6 13 4 7 0
6 13 4 8 0
6 13 4 9 0
6 13 4 10 0
6 13 4 11 0
6 13 4 12 0
6 13 4 13 0
6 13 4 14 0
6 13 4 15 0
6 13 5 0 0
6 13 5 1 0
6 13 5 2 0
6 13 5 3 0
6 13 5 4 0
6 13 5 5 0
6 13 5 6 0
6 13 5 7 0
6 13 5 8 0
6 13 5 9 0
6 13 5 10 0
6 13 5 11 0
6 13 5 12 0
6 13 5 13 0
6 13 5 14 0
6 13 5 15 0
6 13 6 0 0
6 13 6 1 0
6 13 6 2 0
6 13 6 3 0
6 13 6 4 0
6 13 6 5 0
6 13 6 6 -3.203602718321207e-20
6 13 6 7 0
6 13 6 8 0
6 13 6 9 0
6 13 6 10 0
6 13 6 11 0
6 13 6 12 0
6 13 6 13 1.082903903229176e-20
6 13 6 14 0
6 13 6 15 0
6 13 7 0 0
6 13 7 1 0
6 13 7 2 0
6 13 7 3 0
6 13 7 4 0
6 13 7 5 0
6 13 7 6 0
6 13 7 7 0
6 13 7 8 0
6 13 7 9 0
6 13 7 10 0
6 13 7 11 0
6 13 7 12 0
6 13 7 13 0
6 13 7 14 0
6 13 7 15 0
6 13 8 0 0
6 13 8 1 0
6 13 8 2 0
6 13 8 3 1.612171952846959e-20
6 13 8 4 0
6 13 8 5 0
6 13 8 6 0
6 13 8 7 0
6 13 8 8 0
6 13 8 9 0
6 13 8 10 0
6 13 8 11 0
6 13 8 12 0
6 13 8 13 0
6 13 8 14 0
6 13 8 15 0
6 13 9 0 0
6 13 9 1 0
6 13 9 2 0
6 13 9 3 0
6 13 9 4 0
6 13 9 5 0
6 13 9 6 0
6 13 9 7 0
6 13 9 8 0
6 13 9 9 0
6 13 9 10 0
6 13 9 11 0
6 13 9 12 0
6 13 9 13 0
6 13 9 14 0
6 13 9 15 0
6 13 10 0 0
6 13 10 1 0
6 13 10 2 0
6 13 10 3 0
6 13 10 4 0
6 13 10 5 0
6 13 10 6 0
6 13 10 7 0
6 13 10 8 0
6 13 10 9 0
6 13 10 10 0
6 13 10 11 0
6 13 10 12 0
6 13 10 13 0
6 13 10 14 0
6 13 10 15 0
6 13 11 0 0
6 13 11 1 0
6 13 11 2 0
6 13 11 3 0
6 13 11 4 0
6 13 11 5 0
6 13 11 6 0
6 13 11 7 0
6 13 11 8 0
6 13 11 9 0
6 13 11 10 0
6 13 11 11 0
6 13 11 12 0
6 13 11 13 0
6 13 11 14 0
6 13 11 15 0
6 13 12 0 0
6 13 12 1 0
6 13 12 2 0
6 13 12 3 0
6 13 12 4 0
6 13 12 5 0
6 13 12 6 0
6 13 12 7 0
6 13 12 8 0
6 13 12 9 0
6 13 12 10 0
6 13 12 11 0
6 13 12 12 0
6 13 12 13 0
6 13 12 14 0
6 13 12 15 0
6 13 13 0 0
6 13 13 1 0
6 13 13 2 0
6 13 13 3 0
6 13 13 4 0
6 13 13 5 0
6 13 13 6 9.237662928700467e-21
6 13 13 7 0
6 13 13 8 0
6 13 13 9 0
6 13 13 10 0
6 13 13 11 0
6 13 13 12 0
6 13 13 13 0
6 13 13 14 0
6 13 13 15 0
6 13 14 0 0
6 13 14 1 0
6 13 14 2 0
6 13 14 3 0
6 13 14 4 0
6 13 14 5 0
6 13 14 6 0
6 13 14 7 0
6 13 14 8 0
6 13 14 9 0
6 13 14 10 0
6 13 14 11 0
6 13 14 12 0
6 13 14 13 0
6 13 14 14 0
6 13 14 15 0
6 13 15 0 0
6 13 15 1 0
6 13 15 2 0
6 13 15 3 0
6 13 15 4 0
6 13 15 5 0
6 13 15 6 0
6 13 15 7 0
6 13 15 8 0
6 13 15 9 0
6 13 15 10 0
6 13 15 11 0
6 13 15 12 0
6 13 15 13 0
6 13 15 14 0
6 13 15 15 0
6 14 0 0 0
6 14 0 1 0
6 14 0 2 0
6 14 0 3 0
6 14 0 4 0
6 14 0 5 0
6 14 0 6 0
6 14 0 7 0
6 14 0 8 0
6 14 0 9 0
6 14 0 10 0
6 14 0 11 0
6 14 0 12 0
6 14 0 13 0
6 14 0 14 0
6 14 0 15 0
6 14 1 0 0
6 14 1 1 0
6 14 1 2 0
6 14 1 3 0
6 14 1 4 0
6 14 1 5 0
6 14 1 6 0
6 14 1 7 0
6 14 1 8 0
6 14 1 9 0
6 14 1 10 0
6 14 1 11 0
6 14 1 12 0
6 14 1 13 0
6 14 1 14 0
6 14 1 15 0
6 14 2 0 0
6 14 2 1 0
6 14 2 2 0
6 14 2 3 0
6 14 2 4 0
6 14 2 5 0
6 14 2 6 -0.0198429649822511
6 14 2 7 0
6 14 2 8 0
6 14 2 9 0
6 14 2 10 0
6 14 2 11 0
6 14 2 12 0
6 14 2 13 -0.001426241037643759
6 14 2 14 0
6 14 2 15 0
6 14 3 0 0
6 14 3 1 0
6 14 3 2 0
6 14 3 3 0
6 14 3 4 0
6 14 3 5 0
6 14 3 6 0
6 14 3 7 0.001402561764028824
6 14 3 8 0
6 14 3 9 0
6 14 3 10 0
6 14 3 11 0
6 14 3 12 0
6 14 3 13 0
6 14 3 14 0
6 14 3 15 0
6 14 4 0 0
6 14 4 1 0
6 14 4 2 0
6 14 4 3 0
6 14 4 4 0
6 14 4 5 0
6 14 4 6 0
6 14 4 7 0
6 14 4 8 0
6 14 4 9 0
6 14 4 10 0
6 14 4 11 0
6 14 4 12 0
6 14 4 13 0
6 14 4 14 0
6 14 4 15 0
6 14 5 0 0
6 14 5 1 0
6 14 5 2 0
6 14 5 3 0
6 14 5 4 0
6 14 5 5 0
6 14 5 6 0
6 14 5 7 0
6 14 5 8 0
6 14 5 9 0
6 14 5 10 0
6 14 5 11 0
6 14 5 12 0
6 14 5 13 0
6 14 5 14 0
6 14 5 15 0
6 14 6 0 0
6 14 6 1 0
6 14 6 2 0.03276348865198386
6 14 6 3 0
6 14 6 4 0
6 14 6 5 0
6 14 6 6 0
6 14 6 7 0
6 14 6 8 0
6 14 6 9 0
6 14 6 10 0
6 14 6 11 -0.0005394464571167848
6 14 6 12 0
6 14 6 13 0
6 14 6 14 0.0009342903736689469
6 14 6 15 0
6 14 7 0 0
6 14 7 1 0
6 14 7 2 0
6 14 7 3 0.002933941498605056
6 14 7 4 0
6 14 7 5 0
6 14 7 6 0
6 14 7 7 0
6 14 7 8 0
6 14 7 9 0
6 14 7 10 0
6 14 7 11 0
6 14 7 12 0
6 14 7 13 0
6 14 7 14 0
6 14 7 15 0
6 14 8 0 0
6 14 8 1 0
6 14 8 2 0
6 14 8 3 0
6 14 8 4 0
6 14 8 5 0
6 14 8 6 0
6 14 8 7 0
6 14 8 8 0
6 14 8 9 0
6 14 8 10 0
6 14 8 11 0
6 14 8 12 0
6 14 8 13 0
6 14 8 14 0
6 14 8 15 0
6 14 9 0 0
6 14 9 1 0
6 14 9 2 0
6 14 9 3 0
6 14 9 4 0
6 14 9 5 0
6 14 9 6 0
6 14 9 7 0
6 14 9 8 0
6 14 9 9 0
6 14 9 10 0
6 14 9 11 0
6 14 9 12 0
6 14 9 13 0
6 14 9 14 0
6 14 9 15 0
6 14 10 0 0
6 14 10 1 0
6 14 10 2 0
6 14 10 3 0
6 14 10 4 0
6 14 10 5 0
6 14 10 6 0
6 14 10 7 0
6 14 10 8 0
6 14 10 9 0
6 14 10 10 0
6 14 10 11 0
6 14 10 12 0
6 14 10 13 0
6 14 10 14 0
6 14 10 15 0
6 14 11 0 0
6 14 11 1 0
6 14 11 2 0
6 14 11 3 0
6 14 11 4 0
6 14 11 5 0
6 14 11 6 0.0001868105624521658
6 14 11 7 0
6 14 11 8 0
6 14 11 9 0
6 14 11 10 0
6 14 11 11 0
6 14 11 12 0
6 14 11 13 0
6 14 11 14 0
6 14 11 15 0
6 14 12 0 0
6 14 12 1 0
6 14 12 2 0
6 14 12 3 0
6 14 12 4 0
6 14 12 5 0
6 14 12 6 0
6 14 12 7 0
6 14 12 8 0
6 14 12 9 0
6 14 12 10 0
6 14 12 11 0
6 14 12 12 0
6 14 12 13 0
6 14 12 14 0
6 14 12 15 0
6 14 13 0 0
6 14 13 1 0
6 14 13 2 0.002354921862414827
6 14 13 3 0
6 14 13 4 0
6 14 13 5 0
6 14 13 6 0
6 14 13 7 0
6 14 13 8 0
6 14 13 9 0
6 14 13 10 0
6 14 13 11 0
6 14 13 12 0
6 14 13 13 0
6 14 13 14 0
6 14 13 15 0
6 14 14 0 0
6 14 14 1 0
6 14 14 2 0
6 14 14 3 0
6 14 14 4 0
6 14 14 5 0
6 14 14 6 -0.0006925227706752822
6 14 14 7 0
6 14 14 8 0
6 14 14 9 0
6 14 14 10 0
6 14 14 11 0
6 14 14 12 0
6 14 14 13 0
6 14 14 14 0
6 14 14 15 0
6 14 15 0 0
6 14 15 1 0
6 14 15 2 0
6 14 15 3 0
6 14 15 4 0
6 14 15 5 0
6 14 15 6 0
6 14 15 7 0
6 14 15 8 0
6 14 15 9 0
6 14 15 10 0
6 14 15 11 0
6 14 15 12 0
6 14 15 13 0
6 14 15 14 0
6 14 15 15 0
6 15 0 0 0
6 15 0 1 0
6 15 0 2 0
6 15 0 3 0
6 15 0 4 0
6 15 0 5 0
6 15 0 6 0
6 15 0 7 0
6 15 0 8 0
6 15 0 9 0
6 15 0 10 0
6 15 0 11 0
6 15 0 12 0
6 15 0 13 0
6 15 0 14 0
6 15 0 15 0
6 15 1 0 0
6 15 1 1 0
6 15 1 2 0
6 15 1 3 0
6 15 1 4 0
6 15 1 5 0
6 15 1 6 -0.003524535312531041
6 15 1 7 0
6 15 1 8 0
6 15 1 9 0
6 15 1 10 0
6 15 1 11 0
6 15 1 12 0
6 15 1 13 -0.0002533309364730869
6 15 1 14 0
6 15 1 15 0
6 15 2 0 0
6 15 2 1 0
6 15 2 2 0
6 15 2 3 0
6 15 2 4 0
6 15 2 5 0
6 15 2 6 0
6 15 2 7 0
6 15 2 8 0
6 15 2 9 0
6 15 2 10 0
6 15 2 11 0
6 15 2 12 0
6 15 2 13 0
6 15 2 14 0
6 15 2 15 0
6 15 3 0 0
6 15 3 1 0
6 15 3 2 0
6 15 3 3 0
6 15 3 4 0
6 15 3 5 0
6 15 3 6 0
6 15 3 7 0
6 15 3 8 0
6 15 3 9 0
6 15 3 10 0
6 15 3 11 0
6 15 3 12 0
6 15 3 13 0
6 15 3 14 0
6 15 3 15 0
6 15 4 0 0
6 15 4 1 0
6 15 4 2 0
6 15 4 3 0
6 15 4 4 0
6 15 4 5 0
6 15 4 6 0
6 15 4 7 0
6 15 4 8 0
6 15 4 9 0
6 15 4 10 0
6 15 4 11 0
6 15 4 12 0
6 15 4 13 0
6 15 4 14 0
6 15 4 15 0
6 15 5 0 0
6 15 5 1 0
6 15 5 2 0
6 15 5 3 0
6 15 5 4 0
6 15 5 5 0
6 15 5 6 0
6 15 5 7 0
6 15 5 8 0
6 15 5 9 0
6 15 5 10 0
6 15 5 11 0
6 15 5 12 0
6 15 5 13 0
6 15 5 14 0
6 15 5 15 0
6 15 6 0 0
6 15 6 1 0.0114418215651334
6 15 6 2 0
6 15 6 3 0
6 15 6 4 0
6 15 6 5 0
6 15 6 6 0
6 15 6 7 0
6 15 6 8 0
6 15 6 9 0
6 15 6 10 0
6 15 6 11 0
6 15 6 12 0
6 15 6 13 0
6 15 6 14 0
6 15 6 15 0.000106159006606357
6 15 7 0 0
6 15 7 1 0
6 15 7 2 0
6 15 7 3 0
6 15 7 4 0
6 15 7 5 0
6 15 7 6 0
6 15 7 7 0
6 15 7 8 0
6 15 7 9 0
6 15 7 10 0
6 15 7 11 0
6 15 7 12 0
6 15 7 13 0
6 15 7 14 0
6 15 7 15 0
6 15 8 0 0
6 15 8 1 0
6 15 8 2 0
6 15 8 3 0
6 15 8 4 0
6 15 8 5 0
6 15 8 6 0
6 15 8 7 0
6 15 8 8 0
6 15 8 9 0
6 15 8 10 0
6 15 8 11 0
6 15 8 12 0
6 15 8 13 0
6 15 8 14 0
6 15 8 15 0
6 15 9 0 0
6 15 9 1 0
6 15 9 2 0
6 15 9 3 0
6 15 9 4 0
6 15 9 5 0
6 15 9 6 0
6 15 9 7 0
6 15 9 8 0
6 15 9 9 0
6 15 9 10 0
6 15 9 11 0
6 15 9 12 0
6 15 9 13 0
6 15 9 14 0
6 15 9 15 0
6 15 10 0 0
6 15 10 1 0
6 15 10 2 0
6 15 10 3 0
6 15 10 4 0
6 15 10 5 0
6 15 10 6 0
6 15 10 7 0
6 15 10 8 0
6 15 10 9 0
6 15 10 10 0
6 15 10 11 0
6 15 10 12 0
6 15 10 13 0
6 15 10 14 0
6 15 10 15 0
6 15 11 0 0
6 15 11 1 0
6 15 11 2 0
6 15 11 3 0
6 15 11 4 0
6 15 11 5 0
6 15 11 6 0
6 15 11 7 0
6 15 11 8 0
6 15 11 9 0
6 15 11 10 0
6 15 11 11 0
6 15 11 12 0
6 15 11 13 0
6 15 11 14 0
6 15 11 15 0
6 15 12 0 0
6 15 12 1 0
6 15 12 2 0
6 15 12 3 0
6 15 12 4 0
6 15 12 5 0
6 15 12 6 0
6 15 12 7 0
6 15 12 8 0
6 15 12 9 0
6 15 12 10 0
6 15 12 11 0
6 15 12 12 0
6 15 12 13 0
6 15 12 14 0
6 15 12 15 0
6 15 13 0 0
6 15 13 1 0.0008223970296872086
6 15 13 2 0
6 15 13 3 0
6 15 13 4 0
6 15 13 5 0
6 15 13 6 0
6 15 13 7 0
6 15 13 8 0
6 15 13 9 0
6 15 13 10 0
6 15 13 11 0
6 15 13 12 0
6 15 13 13 0
6 15 13 14 0
6 15 13 15 0
6 15 14 0 0
6 15 14 1 0
6 15 14 2 0
6 15 14 3 0
6 15 14 4 0
6 15 14 5 0
6 15 14 6 0
6 15 14 7 0
6 15 14 8 0
6 15 14 9 0
6 15 14 10 0
6 15 14 11 0
6 15 14 12 0
6 15 14 13 0
6 15 14 14 0
6 15 14 15 0
6 15 15 0 0
6 15 15 1 0
6 15 15 2 0
6 15 15 3 0
6 15 15 4 0
6 15 15 5 0
6 15 15 6 -1.537892531277454e-05
6 15 15 7 0
6 15 15 8 0
6 15 15 9 0
6 15 15 10 0
6 15 15 11 0
6 15 15 12 0
6 15 15 13 0
6 15 15 14 0
6 15 15 15 0
7 0 0 0 0
7 0 0 1 0
7 0 0 2 0
7 0 0 3 0
7 0 0 4 0
7 0 0 5 0
7 0 0 6 0
7 0 0 7 -0.4419430491076296
7 0 0 8 0
7 0 0 9 0
7 0 0 10 0
7 0 0 11 0
7 0 0 12 0
7 0 0 13 0
7 0 0 14 0
7 0 0 15 0
7 0 1 0 0
7 0 1 1 0
7 0 1 2 0
7 0 1 3 0
7 0 1 4 0
7 0 1 5 0
7 0 1 6 0
7 0 1 7 0
7 0 1 8 0
7 0 1 9 0
7 0 1 10 0
7 0 1 11 0
7 0 1 12 0
7 0 1 13 0
7 0 1 14 0
7 0 1 15 0
7 0 2 0 0
7 0 2 1 0
7 0 2 2 0
7 0 2 3 0
7 0 2 4 0
7 0 2 5 0
7 0 2 6 0
7 0 2 7 0
7 0 2 8 0
7 0 2 9 0
7 0 2 10 0
7 0 2 11 0
7 0 2 12 0
7 0 2 13 0
7 0 2 14 0
7 0 2 15 0
7 0 3 0 0
7 0 3 1 0
7 0 3 2 0
7 0 3 3 0
7 0 3 4 0
7 0 3 5 0
7 0 3 6 0
7 0 3 7 0
7 0 3 8 0
7 0 3 9 0
7 0 3 10 0
7 0 3 11 0
7 0 3 12 0
7 0 3 13 0
7 0 3 14 0
7 0 3 15 0
7 0 4 0 0
7 0 4 1 0
7 0 4 2 0
7 0 4 3 0
7 0 4 4 0
7 0 4 5 0
7 0 4 6 0
7 0 4 7 0
7 0 4 8 0
7 0 4 9 0
7 0 4 10 0
7 0 4 11 0
7 0 4 12 0
7 0 4 13 0
7 0 4 14 0
7 0 4 15 0
7 0 5 0 0
7 0 5 1 0
7 0 5 2 0
7 0 5 3 0
7 0 5 4 0
7 0 5 5 0
7 0 5 6 0
7 0 5 7 0
7 0 5 8 0
7 0 5 9 0
7 0 5 10 0
7 0 5 11 0
7 0 5 12 0
7 0 5 13 0
7 0 5 14 0
7 0 5 15 0
7 0 6 0 0
7 0 6 1 0
7 0 6 2 0
7 0 6 3 0
7 0 6 4 0
7 0 6 5 0
7 0 6 6 0
7 0 6 7 0
7 0 6 8 0
7 0 6 9 0
7 0 6 10 0
7 0 6 11 0
7 0 6 12 0
7 0 6 13 0
7 0 6 14 0
7 0 6 15 0
7 0 7 0 0.8838860982152592
7 0 7 1 0
7 0 7 2 0
7 0 7 3 0
7 0 7 4 0
7 0 7 5 0
7 0 7 6 0
7 0 7 7 0
7 0 7 8 0
7 0 7 9 0
7 0 7 10 0
7 0 7 11 -0.004352199132999743
7 0 7 12 0
7 0 7 13 0
7 0 7 14 0
7 0 7 15 0
7 0 8 0 0
7 0 8 1 0
7 0 8 2 0
7 0 8 3 0
7 0 8 4 0
7 0 8 5 0
7 0 8 6 0
7 0 8 7 0
7 0 8 8 0
7 0 8 9 0
7 0 8 10 0
7 0 8 11 0
7 0 8 12 0
7 0 8 13 0
7 0 8 14 0
7 0 8 15 0
7 0 9 0 0
7 0 9 1 0
7 0 9 2 0
7 0 9 3 0
7 0 9 4 0
7 0 9 5 0
7 0 9 6 0
7 0 9 7 0
7 0 9 8 0
7 0 9 9 0
7 0 9 10 0
7 0 9 11 0
7 0 9 12 0
7 0 9 13 0
7 0 9 14 0
7 0 9 15 0
7 0 10 0 0
7 0 10 1 0
7 0 10 2 0
7 0 10 3 0
7 0 10 4 0
7 0 10 5 0
7 0 10 6 0
7 0 10 7 0
7 0 10 8 0
7 0 10 9 0
7 0 10 10 0
7 0 10 11 0
7 0 10 12 0
7 0 10 13 0
7 0 10 14 0
7 0 10 15 0
7 0 11 0 0
7 0 11 1 0
7 0 11 2 0
7 0 11 3 0
7 0 11 4 0
7 0 11 5 0
7 0 11 6 0
7 0 11 7 0.002176099566499872
7 0 11 8 0
7 0 11 9 0
7 0 11 10 0
7 0 11 11 0
7 0 11 12 0
7 0 11 13 0
7 0 11 14 0
7 0 11 15 0
7 0 12 0 0
7 0 12 1 0
7 0 12 2 0
7 0 12 3 0
7 0 12 4 0
7 0 12 5 0
7 0 12 6 0
7 0 12 7 0
7 0 12 8 0
7 0 12 9 0
7 0 12 10 0
7 0 12 11 0
7 0 12 12 0
7 0 12 13 0
7 0 12 14 0
7 0 12 15 0
7 0 13 0 0
7 0 13 1 0
7 0 13 2 0
7 0 13 3 0
7 0 13 4 0
7 0 13 5 0
7 0 13 6 0
7 0 13 7 0
7 0 13 8 0
7 0 13 9 0
7 0 13 10 0
7 0 13 11 0
7 0 13 12 0
7 0 13 13 0
7 0 13 14 0
7 0 13 15 0
7 0 14 0 0
7 0 14 1 0
7 0 14 2 0
7 0 14 3 0
7 0 14 4 0
7 0 14 5 0
7 0 14 6 0
7 0 14 7 0
7 0 14 8 0
7 0 14 9 0
7 0 14 10 0
7 0 14 11 0
7 0 14 12 0
7 0 14 13 0
7 0 14 14 0
7 0 14 15 0
7 0 15 0 0
7 0 15 1 0
7 0 15 2 0
7 0 15 3 0
7 0 15 4 0
7 0 15 5 0
7 0 15 6 0
7 0 15 7 0
7 0 15 8 0
7 0 15 9 0
7 0 15 10 0
7 0 15 11 0
7 0 15 12 0
7 0 15 13 0
7 0 15 14 0
7 0 15 15 0
7 1 0 0 0
7 1 0 1 0
7 1 0 2 0
7 1 0 3 0
7 1 0 4 0
7 1 0 5 0
7 1 0 6 0
7 1 0 7 0
7 1 0 8 0
7 1 0 9 0
7 1 0 10 0
7 1 0 11 0
7 1 0 12 0
7 1 0 13 0
7 1 0 14 0
7 1 0 15 0
7 1 1 0 0
7 1 1 1 0
7 1 1 2 0
7 1 1 3 0
7 1 1 4 0
7 1 1 5 0
7 1 1 6 0
7 1 1 7 -0.4420325222206447
7 1 1 8 0
7 1 1 9 0
7 1 1 10 0
7 1 1 11 0
7 1 1 12 0
7 1 1 13 0
7 1 1 14 0
7 1 1 15 0
7 1 2 0 0
7 1 2 1 0
7 1 2 2 0
7 1 2 3 0
7 1 2 4 0
7 1 2 5 0
7 1 2 6 0
7 1 2 7 0
7 1 2 8 0
7 1 2 9 0
7 1 2 10 0
7 1 2 11 0
7 1 2 12 0
7 1 2 13 0
7 1 2 14 0
7 1 2 15 0
7 1 3 0 0
7 1 3 1 0
7 1 3 2 0
7 1 3 3 0
7 1 3 4 0
7 1 3 5 0
7 1 3 6 0
7 1 3 7 0
7 1 3 8 0
7 1 3 9 0
7 1 3 10 0
7 1 3 11 0
7 1 3 12 0
7 1 3 13 0
7 1 3 14 0
7 1 3 15 0
7 1 4 0 0
7 1 4 1 0
7 1 4 2 0
7 1 4 3 0
7 1 4 4 0
7 1 4 5 0
7 1 4 6 0
7 1 4 7 0
7 1 4 8 0
7 1 4 9 0
7 1 4 10 0
7 1 4 11 0
7 1 4 12 0
7 1 4 13 0
7 1 4 14 0
7 1 4 15 0
7 1 5 0 0
7 1 5 1 0
7 1 5 2 0
7 1 5 3 0
7 1 5 4 0
7 1 5 5 0
7 1 5 6 0
7 1 5 7 0
7 1 5 8 0
7 1 5 9 0
7 1 5 10 0
7 1 5 11 0
7 1 5 12 0
7 1 5 13 0
7 1 5 14 0
7 1 5 15 0
7 1 6 0 0
7 1 6 1 0
7 1 6 2 0
7 1 6 3 0
7 1 6 4 0
7 1 6 5 0
7 1 6 6 0
7 1 6 7 0
7 1 6 8 0
7 1 6 9 0
7 1 6 10 0
7 1 6 11 0
7 1 6 12 0
7 1 6 13 0
7 1 6 14 0
7 1 6 15 0
7 1 7 0 0
7 1 7 1 0.8840650444412894
7 1 7 2 0
7 1 7 3 0
7 1 7 4 0
7 1 7 5 0
7 1 7 6 0
7 1 7 7 0
7 1 7 8 0
7 1 7 9 0
7 1 7 10 0
7 1 7 11 0
7 1 7 12 0
7 1 7 13 0
7 1 7 14 0
7 1 7 15 0
7 1 8 0 0
7 1 8 1 0
7 1 8 2 0
7 1 8 3 0
7 1 8 4 0
7 1 8 5 0
7 1 8 6 0
7 1 8 7 0
7 1 8 8 0
7 1 8 9 0
7 1 8 10 0
7 1 8 11 0
7 1 8 12 0
7 1 8 13 0
7 1 8 14 0
7 1 8 15 0
7 1 9 0 0
7 1 9 1 0
7 1 9 2 0
7 1 9 3 0
7 1 9 4 0
7 1 9 5 0
7 1 9 6 0
7 1 9 7 0
7 1 9 8 0
7 1 9 9 0
7 1 9 10 0
7 1 9 11 0
7 1 9 12 0
7 1 9 13 0
7 1 9 14 0
7 1 9 15 0
7 1 10 0 0
7 1 10 1 0
7 1 10 2 0
7 1 10 3 0
7 1 10 4 0
7 1 10 5 0
7 1 10 6 0
7 1 10 7 0
7 1 10 8 0
7 1 10 9 0
7 1 10 10 0
7 1 10 11 0
7 1 10 12 0
7 1 10 13 0
7 1 10 14 0
7 1 10 15 0
7 1 11 0 0
7 1 11 1 0
7 1 11 2 0
7 1 11 3 0
7 1 11 4 0
7 1 11 5 0
7 1 11 6 0
7 1 11 7 0
7 1 11 8 0
7 1 11 9 0
7 1 11 10 0
7 1 11 11 0
7 1 11 12 0
7 1 11 13 0
7 1 11 14 0
7 1 11 15 0
7 1 12 0 0
7 1 12 1 0
7 1 12 2 0
7 1 12 3 0
7 1 12 4 0
7 1 12 5 0
7 1 12 6 0
7 1 12 7 0
7 1 12 8 0
7 1 12 9 0
7 1 12 10 0
7 1 12 11 0
7 1 12 12 0
7 1 12 13 0
7 1 12 14 0
7 1 12 15 0
7 1 13 0 0
7 1 13 1 0
7 1 13 2 0
7 1 13 3 0
7 1 13 4 0
7 1 13 5 0
7 1 13 6 0
7 1 13 7 0
7 1 13 8 0
7 1 13 9 0
7 1 13 10 0
7 1 13 11 0
7 1 13 12 0
7 1 13 13 0
7 1 13 14 0
7 1 13 15 0
7 1 14 0 0
7 1 14 1 0
7 1 14 2 0
7 1 14 3 0
7 1 14 4 0
7 1 14 5 0
7 1 14 6 0
7 1 14 7 0
7 1 14 8 0
7 1 14 9 0
7 1 14 10 0
7 1 14 11 0
7 1 14 12 0
7 1 14 13 0
7 1 14 14 0
7 1 14 15 0
7 1 15 0 0
7 1 15 1 0
7 1 15 2 0
7 1 15 3 0
7 1 15 4 0
7 1 15 5 0
7 1 15 6 0
7 1 15 7 0
7 1 15 8 0
7 1 15 9 0
7 1 15 10 0
7 1 15 11 0
7 1 15 12 0
7 1 15 13 0
7 1 15 14 0
7 1 15 15 0
7 2 0 0 0
7 2 0 1 0
7 2 0 2 0
7 2 0 3 0
7 2 0 4 0
7 2 0 5 0
7 2 0 6 0
7 2 0 7 0
7 2 0 8 0
7 2 0 9 0
7 2 0 10 0
7 2 0 11 0
7 2 0 12 0
7 2 0 13 0
7 2 0 14 0
7 2 0 15 0
7 2 1 0 0
7 2 1 1 0
7 2 1 2 0
7 2 1 3 0
7 2 1 4 0
7 2 1 5 0
7 2 1 6 0
7 2 1 7 0
7 2 1 8 0
7 2 1 9 0
7 2 1 10 0
7 2 1 11 0
7 2 1 12 0
7 2 1 13 0
7 2 1 14 0
7 2 1 15 0
7 2 2 0 0
7 2 2 1 0
7 2 2 2 0
7 2 2 3 0
7 2 2 4 0
7 2 2 5 0
7 2 2 6 0
7 2 2 7 -0.1422785251228261
7 2 2 8 0
7 2 2 9 0
7 2 2 10 0
7 2 2 11 0
7 2 2 12 0
7 2 2 13 0
7 2 2 14 0
7 2 2 15 0
7 2 3 0 0
7 2 3 1 0
7 2 3 2 0
7 2 3 3 0
7 2 3 4 0
7 2 3 5 0
7 2 3 6 0
7 2 3 7 0
7 2 3 8 0
7 2 3 9 0
7 2 3 10 0
7 2 3 11 0
7 2 3 12 0
7 2 3 13 0
7 2 3 14 0
7 2 3 15 0
7 2 4 0 0
7 2 4 1 0
7 2 4 2 0
7 2 4 3 0
7 2 4 4 0
7 2 4 5 0
7 2 4 6 0
7 2 4 7 0
7 2 4 8 0
7 2 4 9 0
7 2 4 10 0
7 2 4 11 0
7 2 4 12 0
7 2 4 13 0
7 2 4 14 0
7 2 4 15 0
7 2 5 0 0
7 2 5 1 0
7 2 5 2 0
7 2 5 3 0
7 2 5 4 0
7 2 5 5 0
7 2 5 6 0
7 2 5 7 0
7 2 5 8 0
7 2 5 9 0
7 2 5 10 0
7 2 5 11 0
7 2 5 12 0
7 2 5 13 0
7 2 5 14 0
7 2 5 15 0
7 2 6 0 0
7 2 6 1 0
7 2 6 2 0
7 2 6 3 0
7 2 6 4 0
7 2 6 5 0
7 2 6 6 0
7 2 6 7 0
7 2 6 8 0
7 2 6 9 0
7 2 6 10 0
7 2 6 11 0
7 2 6 12 0
7 2 6 13 0
7 2 6 14 0
7 2 6 15 0
7 2 7 0 0
7 2 7 1 0
7 2 7 2 0.1422785251228262
7 2 7 3 0
7 2 7 4 0
7 2 7 5 0
7 2 7 6 0
7 2 7 7 0
7 2 7 8 0
7 2 7 9 0
7 2 7 10 0
7 2 7 11 0
7 2 7 12 0
7 2 7 13 0
7 2 7 14 0
7 2 7 15 0
7 2 8 0 0
7 2 8 1 0
7 2 8 2 0
7 2 8 3 0
7 2 8 4 0
7 2 8 5 0
7 2 8 6 0
7 2 8 7 0
7 2 8 8 0
7 2 8 9 0
7 2 8 10 0
7 2 8 11 0
7 2 8 12 0
7 2 8 13 0
7 2 8 14 0
7 2 8 15 0
7 2 9 0 0
7 2 9 1 0
7 2 9 2 0
7 2 9 3 0
7 2 9 4 0
7 2 9 5 0
7 2 9 6 0
7 2 9 7 0
7 2 9 8 0
7 2 9 9 0
7 2 9 10 0
7 2 9 11 0
7 2 9 12 0
7 2 9 13 0
7 2 9 14 0
7 2 9 15 0
7 2 10 0 0
7 2 10 1 0
7 2 10 2 0
7 2 10 3 0
7 2 10 4 0
7 2 10 5 0
7 2 10 6 0
7 2 10 7 0
7 2 10 8 0
7 2 10 9 0
7 2 10 10 0
7 2 10 11 0
7 2 10 12 0
7 2 10 13 0
7 2 10 14 0
7 2 10 15 0
7 2 11 0 0
7 2 11 1 0
7 2 11 2 0
7 2 11 3 0
7 2 11 4 0
7 2 11 5 0
7 2 11 6 0
7 2 11 7 0
7 2 11 8 0
7 2 11 9 0
7 2 11 10 0
7 2 11 11 0
7 2 11 12 0
7 2 11 13 0
7 2 11 14 0
7 2 11 15 0
7 2 12 0 0
7 2 12 1 0
7 2 12 2 0
7 2 12 3 0
7 2 12 4 0
7 2 12 5 0
7 2 12 6 0
7 2 12 7 0
7 2 12 8 0
7 2 12 9 0
7 2 12 10 0
7 2 12 11 0
7 2 12 12 0
7 2 12 13 0
7 2 12 14 0
7 2 12 15 0
7 2 13 0 0
7 2 13 1 0
7 2 13 2 0
7 2 13 3 0
7 2 13 4 0
7 2 13 5 0
7 2 13 6 0
7 2 13 7 0
7 2 13 8 0
7 2 13 9 0
7 2 13 10 0
7 2 13 11 0
7 2 13 12 0
7 2 13 13 0
7 2 13 14 0
7 2 13 15 0
7 2 14 0 0
7 2 14 1 0
7 2 14 2 0
7 2 14 3 0
7 2 14 4 0
7 2 14 5 0
7 2 14 6 0
7 2 14 7 0
7 2 14 8 0
7 2 14 9 0
7 2 14 10 0
7 2 14 11 0
7 2 14 12 0
7 2 14 13 0
7 2 14 14 0
7 2 14 15 0
7 2 15 0 0
7 2 15 1 0
7 2 15 2 0
7 2 15 3 0
7 2 15 4 0
7 2 15 5 0
7 2 15 6 0
7 2 15 7 0
7 2 15 8 0
7 2 15 9 0
7 2 15 10 0
7 2 15 11 0
7 2 15 12 0
7 2 15 13 0
7 2 15 14 0
7 2 15 15 0
7 3 0 0 0
7 3 0 1 0
7 3 0 2 0
7 3 0 3 0
7 3 0 4 0
7 3 0 5 0
7 3 0 6 0
7 3 0 7 0
7 3 0 8 0
7 3 0 9 0
7 3 0 10 0
7 3 0 11 0
7 3 0 12 0
7 3 0 13 0
7 3 0 14 0
7 3 0 15 0
7 3 1 0 0
7 3 1 1 0
7 3 1 2 0
7 3 1 3 0
7 3 1 4 0
7 3 1 5 0
7 3 1 6 0
7 3 1 7 0
7 3 1 8 0
7 3 1 9 0
7 3 1 10 0
7 3 1 11 0
7 3 1 12 0
7 3 1 13 0
7 3 1 14 0
7 3 1 15 0
7 3 2 0 0
7 3 2 1 0
7 3 2 2 0
7 3 2 3 0
7 3 2 4 0
7 3 2 5 0
7 3 2 6 0
7 3 2 7 0
7 3 2 8 0
7 3 2 9 0
7 3 2 10 0
7 3 2 11 0
7 3 2 12 0
7 3 2 13 0
7 3 2 14 0
7 3 2 15 0
7 3 3 0 0
7 3 3 1 0
7 3 3 2 0
7 3 3 3 0
7 3 3 4 0
7 3 3 5 0
7 3 3 6 0
7 3 3 7 -0.2407621520532733
7 3 3 8 0
7 3 3 9 0
7 3 3 10 0
7 3 3 11 0
7 3 3 12 0
7 3 3 13 0
7 3 3 14 0
7 3 3 15 0
7 3 4 0 0
7 3 4 1 0
7 3 4 2 0
7 3 4 3 0
7 3 4 4 0
7 3 4 5 0
7 3 4 6 0
7 3 4 7 0
7 3 4 8 0
7 3 4 9 0
7 3 4 10 0
7 3 4 11 0
7 3 4 12 0
7 3 4 13 0
7 3 4 14 0
7 3 4 15 0
7 3 5 0 0
7 3 5 1 0
7 3 5 2 0
7 3 5 3 0
7 3 5 4 0
7 3 5 5 0
7 3 5 6 0
7 3 5 7 0
7 3 5 8 0
7 3 5 9 0
7 3 5 10 0
7 3 5 11 0
7 3 5 12 0
7 3 5 13 0
7 3 5 14 0
7 3 5 15 0
7 3 6 0 0
7 3 6 1 0
7 3 6 2 0.3194897753470177
7 3 6 3 0
7 3 6 4 0
7 3 6 5 0
7 3 6 6 0
7 3 6 7 0
7 3 6 8 0
7 3 6 9 0
7 3 6 10 0
7 3 6 11 -0.005978898122593405
7 3 6 12 0
7 3 6 13 0
7 3 6 14 0.002933941498605056
7 3 6 15 0
7 3 7 0 0
7 3 7 1 0
7 3 7 2 0
7 3 7 3 0.4684215346519061
7 3 7 4 0
7 3 7 5 0
7 3 7 6 0
7 3 7 7 0
7 3 7 8 0
7 3 7 9 0
7 3 7 10 0
7 3 7 11 0
7 3 7 12 0
7 3 7 13 0
7 3 7 14 0
7 3 7 15 0
7 3 8 0 0
7 3 8 1 0
7 3 8 2 0
7 3 8 3 0
7 3 8 4 0
7 3 8 5 0
7 3 8 6 0
7 3 8 7 0
7 3 8 8 0
7 3 8 9 0
7 3 8 10 0
7 3 8 11 0
7 3 8 12 0
7 3 8 13 0
7 3 8 14 0
7 3 8 15 0
7 3 9 0 0
7 3 9 1 0
7 3 9 2 0
7 3 9 3 0
7 3 9 4 0
7 3 9 5 0
7 3 9 6 0
7 3 9 7 0
7 3 9 8 0
7 3 9 9 0
7 3 9 10 0
7 3 9 11 0
7 3 9 12 0
7 3 9 13 0
7 3 9 14 0
7 3 9 15 0
7 3 10 0 0
7 3 10 1 0
7 3 10 2 0
7 3 10 3 0
7 3 10 4 0
7 3 10 5 0
7 3 10 6 0
7 3 10 7 0
7 3 10 8 0
7 3 10 9 0
7 3 10 10 0
7 3 10 11 0
7 3 10 12 0
7 3 10 13 0
7 3 10 14 0
7 3 10 15 0
7 3 11 0 0
7 3 11 1 0
7 3 11 2 0
7 3 11 3 0
7 3 11 4 0
7 3 11 5 0
7 3 11 6 -0.000346211978179735
7 3 11 7 0
7 3 11 8 0
7 3 11 9 0
7 3 11 10 0
7 3 11 11 0
7 3 11 12 0
7 3 11 13 0
7 3 11 14 0
7 3 11 15 0
7 3 12 0 0
7 3 12 1 0
7 3 12 2 0
7 3 12 3 0
7 3 12 4 0
7 3 12 5 0
7 3 12 6 0
7 3 12 7 0
7 3 12 8 0
7 3 12 9 0
7 3 12 10 0
7 3 12 11 0
7 3 12 12 0
7 3 12 13 0
7 3 12 14 0
7 3 12 15 0
7 3 13 0 0
7 3 13 1 0
7 3 13 2 0.016657432082291
7 3 13 3 0
7 3 13 4 0
7 3 13 5 0
7 3 13 6 0
7 3 13 7 0
7 3 13 8 0
7 3 13 9 0
7 3 13 10 0
7 3 13 11 0
7 3 13 12 0
7 3 13 13 0
7 3 13 14 0
7 3 13 15 0
7 3 14 0 0
7 3 14 1 0
7 3 14 2 0
7 3 14 3 0
7 3 14 4 0
7 3 14 5 0
7 3 14 6 0.001402561764028825
7 3 14 7 0
7 3 14 8 0
7 3 14 9 0
7 3 14 10 0
7 3 14 11 0
7 3 14 12 0
7 3 14 13 0
7 3 14 14 0
7 3 14 15 0
7 3 15 0 0
7 3 15 1 0
7 3 15 2 0
7 3 15 3 0
7 3 15 4 0
7 3 15 5 0
7 3 15 6 0
7 3 15 7 0
7 3 15 8 0
7 3 15 9 0
7 3 15 10 0
7 3 15 11 0
7 3 15 12 0
7 3 15 13 0
7 3 15 14 0
7 3 15 15 0
7 4 0 0 0
7 4 0 1 0
7 4 0 2 0
7 4 0 3 0
7 4 0 4 0
7 4 0 5 0
7 4 0 6 0
7 4 0 7 0
7 4 0 8 0
7 4 0 9 0
7 4 0 10 0
7 4 0 11 0
7 4 0 12 0
7 4 0 13 0
7 4 0 14 0
7 4 0 15 0
7 4 1 0 0
7 4 1 1 0
7 4 1 2 0
7 4 1 3 0
7 4 1 4 0
7 4 1 5 0
7 4 1 6 0
7 4 1 7 0
7 4 1 8 0
7 4 1 9 0
7 4 1 10 0
7 4 1 11 0
7 4 1 12 0
7 4 1 13 0
7 4 1 14 0
7 4 1 15 0
7 4 2 0 0
7 4 2 1 0
7 4 2 2 0
7 4 2 3 0
7 4 2 4 0
7 4 2 5 6.938893903907228e-18
7 4 2 6 0
7 4 2 7 0
7 4 2 8 0
7 4 2 9 0
7 4 2 10 0
7 4 2 11 0
7 4 2 12 4.336808689942018e-19
7 4 2 13 0
7 4 2 14 0
7 4 2 15 0
7 4 3 0 0
7 4 3 1 0
7 4 3 2 0
7 4 3 3 0
7 4 3 4 0
7 4 3 5 0
7 4 3 6 0
7 4 3 7 0
7 4 3 8 0
7 4 3 9 0
7 4 3 10 0
7 4 3 11 0
7 4 3 12 0
7 4 3 13 0
7 4 3 14 0
7 4 3 15 0
7 4 4 0 0
7 4 4 1 0
7 4 4 2 0
7 4 4 3 0
7 4 4 4 0
7 4 4 5 0
7 4 4 6 0
7 4 4 7 -0.2921555236717354
7 4 4 8 0
7 4 4 9 0
7 4 4 10 0
7 4 4 11 0
7 4 4 12 0
7 4 4 13 0
7 4 4 14 0
7 4 4 15 0
7 4 5 0 0
7 4 5 1 0
7 4 5 2 0.0951179788535101
7 4 5 3 0
7 4 5 4 0
7 4 5 5 0
7 4 5 6 0
7 4 5 7 0
7 4 5 8 0
7 4 5 9 0
7 4 5 10 0
7 4 5 11 -0.002272481069923738
7 4 5 12 0
7 4 5 13 0
7 4 5 14 0.0006727608368393319
7 4 5 15 0
7 4 6 0 0
7 4 6 1 0
7 4 6 2 0
7 4 6 3 0
7 4 6 4 0
7 4 6 5 0
7 4 6 6 0
7 4 6 7 0
7 4 6 8 0
7 4 6 9 0
7 4 6 10 0
7 4 6 11 0
7 4 6 12 0
7 4 6 13 0
7 4 6 14 0
7 4 6 15 0
7 4 7 0 0
7 4 7 1 0
7 4 7 2 0
7 4 7 3 0
7 4 7 4 0.4551352916752853
7 4 7 5 0
7 4 7 6 0
7 4 7 7 0
7 4 7 8 0
7 4 7 9 0
7 4 7 10 0
7 4 7 11 0
7 4 7 12 0
7 4 7 13 0
7 4 7 14 0
7 4 7 15 0
7 4 8 0 0
7 4 8 1 0
7 4 8 2 0
7 4 8 3 0
7 4 8 4 0
7 4 8 5 0
7 4 8 6 0
7 4 8 7 0
7 4 8 8 0
7 4 8 9 0
7 4 8 10 0
7 4 8 11 0
7 4 8 12 0
7 4 8 13 0
7 4 8 14 0
7 4 8 15 0
7 4 9 0 0
7 4 9 1 0
7 4 9 2 0
7 4 9 3 0
7 4 9 4 0
7 4 9 5 0
7 4 9 6 0
7 4 9 7 0
7 4 9 8 0
7 4 9 9 0
7 4 9 10 0
7 4 9 11 0
7 4 9 12 0
7 4 9 13 0
7 4 9 14 0
7 4 9 15 0
7 4 10 0 0
7 4 10 1 0
7 4 10 2 0
7 4 10 3 0
7 4 10 4 0
7 4 10 5 0
7 4 10 6 0
7 4 10 7 0
7 4 10 8 0
7 4 10 9 0
7 4 10 10 0
7 4 10 11 0
7 4 10 12 0
7 4 10 13 0
7 4 10 14 0
7 4 10 15 0
7 4 11 0 0
7 4 11 1 0
7 4 11 2 0
7 4 11 3 0
7 4 11 4 0
7 4 11 5 -0.0003671941826562768
7 4 11 6 0
7 4 11 7 0
7 4 11 8 0
7 4 11 9 0
7 4 11 10 0
7 4 11 11 0
7 4 11 12 0
7 4 11 13 0
7 4 11 14 0
7 4 11 15 0
7 4 12 0 0
7 4 12 1 0
7 4 12 2 0.006752533336563045
7 4 12 3 0
7 4 12 4 0
7 4 12 5 0
7 4 12 6 0
7 4 12 7 0
7 4 12 8 0
7 4 12 9 0
7 4 12 10 0
7 4 12 11 0
7 4 12 12 0
7 4 12 13 0
7 4 12 14 0
7 4 12 15 0
7 4 13 0 0
7 4 13 1 0
7 4 13 2 0
7 4 13 3 0
7 4 13 4 0
7 4 13 5 0
7 4 13 6 0
7 4 13 7 0
7 4 13 8 0
7 4 13 9 0
7 4 13 10 0
7 4 13 11 0
7 4 13 12 0
7 4 13 13 0
7 4 13 14 0
7 4 13 15 0
7 4 14 0 0
7 4 14 1 0
7 4 14 2 0
7 4 14 3 0
7 4 14 4 0
7 4 14 5 0.001387893274629376
7 4 14 6 0
7 4 14 7 0
7 4 14 8 0
7 4 14 9 0
7 4 14 10 0
7 4 14 11 0
7 4 14 12 0
7 4 14 13 0
7 4 14 14 0
7 4 14 15 0
7 4 15 0 0
7 4 15 1 0
7 4 15 2 0
7 4 15 3 0
7 4 15 4 0
7 4 15 5 0
7 4 15 6 0
7 4 15 7 0
7 4 15 8 0
7 4 15 9 0
7 4 15 10 0
7 4 15 11 0
7 4 15 12 0
7 4 15 13 0
7 4 15 14 0
7 4 15 15 0
7 5 0 0 0
7 5 0 1 0
7 5 0 2 0
7 5 0 3 0
7 5 0 4 0
7 5 0 5 0
7 5 0 6 0
7 5 0 7 0
7 5 0 8 0
7 5 0 9 0
7 5 0 10 0
7 5 0 11 0
7 5 0 12 0
7 5 0 13 0
7 5 0 14 0
7 5 0 15 0
7 5 1 0 0
7 5 1 1 0
7 5 1 2 0
7 5 1 3 0
7 5 1 4 0
7 5 1 5 0
7 5 1 6 0
7 5 1 7 0
7 5 1 8 0
7 5 1 9 0
7 5 1 10 0
7 5 1 11 0
7 5 1 12 0
7 5 1 13 0
7 5 1 14 0
7 5 1 15 0
7 5 2 0 0
7 5 2 1 0
7 5 2 2 0
7 5 2 3 0
7 5 2 4 0
7 5 2 5 0
7 5 2 6 0
7 5 2 7 0
7 5 2 8 0
7 5 2 9 2.876705403321271e-20
7 5 2 10 0
7 5 2 11 0
7 5 2 12 0
7 5 2 13 0
7 5 2 14 0
7 5 2 15 0
7 5 3 0 0
7 5 3 1 0
7 5 3 2 0
7 5 3 3 0
7 5 3 4 0
7 5 3 5 0
7 5 3 6 0
7 5 3 7 0
7 5 3 8 0
7 5 3 9 0
7 5 3 10 0
7 5 3 11 0
7 5 3 12 0
7 5 3 13 0
7 5 3 14 0
7 5 3 15 0
7 5 4 0 0
7 5 4 1 0
7 5 4 2 0.04430159605440451
7 5 4 3 0
7 5 4 4 0
7 5 4 5 0
7 5 4 6 0
7 5 4 7 0
7 5 4 8 0
7 5 4 9 0
7 5 4 10 0
7 5 4 11 0
7 5 4 12 0
7 5 4 13 0
7 5 4 14 1.391072665356303e-20
7 5 4 15 0
7 5 5 0 0
7 5 5 1 0
7 5 5 2 0
7 5 5 3 0
7 5 5 4 0
7 5 5 5 0
7 5 5 6 0
7 5 5 7 -0.2790527542170949
7 5 5 8 0
7 5 5 9 0
7 5 5 10 0
7 5 5 11 0
7 5 5 12 0
7 5 5 13 0
7 5 5 14 0
7 5 5 15 0
7 5 6 0 0
7 5 6 1 0
7 5 6 2 0
7 5 6 3 0
7 5 6 4 0
7 5 6 5 0
7 5 6 6 0
7 5 6 7 0
7 5 6 8 0
7 5 6 9 0
7 5 6 10 0
7 5 6 11 0
7 5 6 12 0
7 5 6 13 0
7 5 6 14 0
7 5 6 15 0
7 5 7 0 0
7 5 7 1 0
7 5 7 2 0
7 5 7 3 0
7 5 7 4 0
7 5 7 5 0.4289297527660041
7 5 7 6 0
7 5 7 7 0
7 5 7 8 0
7 5 7 9 0
7 5 7 10 0
7 5 7 11 0
7 5 7 12 0
7 5 7 13 0
7 5 7 14 0
7 5 7 15 0
7 5 8 0 0
7 5 8 1 0
7 5 8 2 0
7 5 8 3 0
7 5 8 4 0
7 5 8 5 0
7 5 8 6 0
7 5 8 7 0
7 5 8 8 0
7 5 8 9 0
7 5 8 10 0
7 5 8 11 0
7 5 8 12 0
7 5 8 13 0
7 5 8 14 0
7 5 8 15 0
7 5 9 0 0
7 5 9 1 0
7 5 9 2 1.112948895970224e-21
7 5 9 3 0
7 5 9 4 0
7 5 9 5 0
7 5 9 6 0
7 5 9 7 0
7 5 9 8 0
7 5 9 9 0
7 5 9 10 0
7 5 9 11 0
7 5 9 12 0
7 5 9 13 0
7 5 9 14 0
7 5 9 15 0
7 5 10 0 0
7 5 10 1 0
7 5 10 2 0
7 5 10 3 0
7 5 10 4 0
7 5 10 5 0
7 5 10 6 0
7 5 10 7 0
7 5 10 8 0
7 5 10 9 0
7 5 10 10 0
7 5 10 11 0
7 5 10 12 0
7 5 10 13 0
7 5 10 14 0
7 5 10 15 0
7 5 11 0 0
7 5 11 1 0
7 5 11 2 0
7 5 11 3 0
7 5 11 4 0
7 5 11 5 0
7 5 11 6 0
7 5 11 7 0
7 5 11 8 0
7 5 11 9 0
7 5 11 10 0
7 5 11 11 0
7 5 11 12 0
7 5 11 13 0
7 5 11 14 0
7 5 11 15 0
7 5 12 0 0
7 5 12 1 0
7 5 12 2 0
7 5 12 3 0
7 5 12 4 0
7 5 12 5 0
7 5 12 6 0
7 5 12 7 0
7 5 12 8 0
7 5 12 9 0
7 5 12 10 0
7 5 12 11 0
7 5 12 12 0
7 5 12 13 0
7 5 12 14 0
7 5 12 15 0
7 5 13 0 0
7 5 13 1 0
7 5 13 2 0
7 5 13 3 0
7 5 13 4 0
7 5 13 5 0
7 5 13 6 0
7 5 13 7 0
7 5 13 8 0
7 5 13 9 0
7 5 13 10 0
7 5 13 11 0
7 5 13 12 0
7 5 13 13 0
7 5 13 14 0
7 5 13 15 0
7 5 14 0 0
7 5 14 1 0
7 5 14 2 0
7 5 14 3 0
7 5 14 4 -4.346930650297411e-21
7 5 14 5 0
7 5 14 6 0
7 5 14 7 0
7 5 14 8 0
7 5 14 9 0
7 5 14 10 0
7 5 14 11 0
7 5 14 12 0
7 5 14 13 0
7 5 14 14 0
7 5 14 15 0
7 5 15 0 0
7 5 15 1 0
7 5 15 2 0
7 5 15 3 0
7 5 15 4 0
7 5 15 5 0
7 5 15 6 0
7 5 15 7 0
7 5 15 8 0
7 5 15 9 0
7 5 15 10 0
7 5 15 11 0
7 5 15 12 0
7 5 15 13 0
7 5 15 14 0
7 5 15 15 0
7 6 0 0 0
7 6 0 1 0
7 6 0 2 0
7 6 0 3 0
7 6 0 4 0
7 6 0 5 0
7 6 0 6 0
7 6 0 7 0
7 6 0 8 0
7 6 0 9 0
7 6 0 10 0
7 6 0 11 0
7 6 0 12 0
7 6 0 13 0
7 6 0 14 0
7 6 0 15 0
7 6 1 0 0
7 6 1 1 0
7 6 1 2 0
7 6 1 3 0
7 6 1 4 0
7 6 1 5 0
7 6 1 6 0
7 6 1 7 0
7 6 1 8 0
7 6 1 9 0
7 6 1 10 0
7 6 1 11 0
7 6 1 12 0
7 6 1 13 0
7 6 1 14 0
7 6 1 15 0
7 6 2 0 0
7 6 2 1 0
7 6 2 2 0
7 6 2 3 1.387778780781446e-17
7 6 2 4 0
7 6 2 5 0
7 6 2 6 0
7 6 2 7 0
7 6 2 8 8.673617379884035e-19
7 6 2 9 0
7 6 2 10 0
7 6 2 11 0
7 6 2 12 0
7 6 2 13 0
7 6 2 14 0
7 6 2 15 0
7 6 3 0 0
7 6 3 1 0
7 6 3 2 0.2963189389940677
7 6 3 3 0
7 6 3 4 0
7 6 3 5 0
7 6 3 6 0
7 6 3 7 0
7 6 3 8 0
7 6 3 9 0
7 6 3 10 0
7 6 3 11 -0.005141395576886645
7 6 3 12 0
7 6 3 13 0
7 6 3 14 0.003524947129526657
7 6 3 15 0
7 6 4 0 0
7 6 4 1 0
7 6 4 2 0
7 6 4 3 0
7 6 4 4 0
7 6 4 5 0
7 6 4 6 0
7 6 4 7 0
7 6 4 8 0
7 6 4 9 0
7 6 4 10 0
7 6 4 11 0
7 6 4 12 0
7 6 4 13 0
7 6 4 14 0
7 6 4 15 0
7 6 5 0 0
7 6 5 1 0
7 6 5 2 0
7 6 5 3 0
7 6 5 4 0
7 6 5 5 0
7 6 5 6 0
7 6 5 7 0
7 6 5 8 0
7 6 5 9 0
7 6 5 10 0
7 6 5 11 0
7 6 5 12 0
7 6 5 13 0
7 6 5 14 0
7 6 5 15 0
7 6 6 0 0
7 6 6 1 0
7 6 6 2 0
7 6 6 3 0
7 6 6 4 0
7 6 6 5 0
7 6 6 6 0
7 6 6 7 -0.214373139622012
7 6 6 8 0
7 6 6 9 0
7 6 6 10 0
7 6 6 11 0
7 6 6 12 0
7 6 6 13 0
7 6 6 14 0
7 6 6 15 0
7 6 7 0 0
7 6 7 1 0
7 6 7 2 0
7 6 7 3 0
7 6 7 4 0
7 6 7 5 0
7 6 7 6 0.4156435097893834
7 6 7 7 0
7 6 7 8 0
7 6 7 9 0
7 6 7 10 0
7 6 7 11 0
7 6 7 12 0
7 6 7 13 0
7 6 7 14 0
7 6 7 15 0
7 6 8 0 0
7 6 8 1 0
7 6 8 2 0.01458790289127491
7 6 8 3 0
7 6 8 4 0
7 6 8 5 0
7 6 8 6 0
7 6 8 7 0
7 6 8 8 0
7 6 8 9 0
7 6 8 10 0
7 6 8 11 0
7 6 8 12 0
7 6 8 13 0
7 6 8 14 0
7 6 8 15 0
7 6 9 0 0
7 6 9 1 0
7 6 9 2 0
7 6 9 3 0
7 6 9 4 0
7 6 9 5 0
7 6 9 6 0
7 6 9 7 0
7 6 9 8 0
7 6 9 9 0
7 6 9 10 0
7 6 9 11 0
7 6 9 12 0
7 6 9 13 0
7 6 9 14 0
7 6 9 15 0
7 6 10 0 0
7 6 10 1 0
7 6 10 2 0
7 6 10 3 0
7 6 10 4 0
7 6 10 5 0
7 6 10 6 0
7 6 10 7 0
7 6 10 8 0
7 6 10 9 0
7 6 10 10 0
7 6 10 11 0
7 6 10 12 0
7 6 10 13 0
7 6 10 14 0
7 6 10 15 0
7 6 11 0 0
7 6 11 1 0
7 6 11 2 0
7 6 11 3 0.0002814200393224603
7 6 11 4 0
7 6 11 5 0
7 6 11 6 0
7 6 11 7 0
7 6 11 8 0
7 6 11 9 0
7 6 11 10 0
7 6 11 11 0
7 6 11 12 0
7 6 11 13 0
7 6 11 14 0
7 6 11 15 0
7 6 12 0 0
7 6 12 1 0
7 6 12 2 0
7 6 12 3 0
7 6 12 4 0
7 6 12 5 0
7 6 12 6 0
7 6 12 7 0
7 6 12 8 0
7 6 12 9 0
7 6 12 10 0
7 6 12 11 0
7 6 12 12 0
7 6 12 13 0
7 6 12 14 0
7 6 12 15 0
7 6 13 0 0
7 6 13 1 0
7 6 13 2 0
7 6 13 3 0
7 6 13 4 0
7 6 13 5 0
7 6 13 6 0
7 6 13 7 0
7 6 13 8 0
7 6 13 9 0
7 6 13 10 0
7 6 13 11 0
7 6 13 12 0
7 6 13 13 0
7 6 13 14 0
7 6 13 15 0
7 6 14 0 0
7 6 14 1 0
7 6 14 2 0
7 6 14 3 -0.001140078944871915
7 6 14 4 0
7 6 14 5 0
7 6 14 6 0
7 6 14 7 0
7 6 14 8 0
7 6 14 9 0
7 6 14 10 0
7 6 14 11 0
7 6 14 12 0
7 6 14 13 0
7 6 14 14 0
7 6 14 15 0
7 6 15 0 0
7 6 15 1 0
7 6 15 2 0
7 6 15 3 0
7 6 15 4 0
7 6 15 5 0
7 6 15 6 0
7 6 15 7 0
7 6 15 8 0
7 6 15 9 0
7 6 15 10 0
7 6 15 11 0
7 6 15 12 0
7 6 15 13 0
7 6 15 14 0
7 6 15 15 0
7 7 0 0 0
7 7 0 1 0
7 7 0 2 0.0001545039121656409
7 7 0 3 0
7 7 0 4 0
7 7 0 5 0
7 7 0 6 0
7 7 0 7 0
7 7 0 8 0
7 7 0 9 0
7 7 0 10 0
7 7 0 11 0
7 7 0 12 0
7 7 0 13 0
7 7 0 14 0
7 7 0 15 0
7 7 1 0 0
7 7 1 1 0
7 7 1 2 0
7 7 1 3 0
7 7 1 4 0
7 7 1 5 0
7 7 1 6 0
7 7 1 7 0
7 7 1 8 0
7 7 1 9 0
7 7 1 10 0
7 7 1 11 0
7 7 1 12 0
7 7 1 13 0
7 7 1 14 0
7 7 1 15 0
7 7 2 0 0.0001545039121656409
7 7 2 1 0
7 7 2 2 -0.6436710007528852
7 7 2 3 0
7 7 2 4 0
7 7 2 5 0
7 7 2 6 0
7 7 2 7 0
7 7 2 8 0
7 7 2 9 0
7 7 2 10 0
7 7 2 11 0.01145153715599173
7 7 2 12 0
7 7 2 13 0
7 7 2 14 -0.01525973172567777
7 7 2 15 0
7 7 3 0 0
7 7 3 1 0
7 7 3 2 0
7 7 3 3 0
7 7 3 4 0
7 7 3 5 0
7 7 3 6 0
7 7 3 7 0
7 7 3 8 0
7 7 3 9 0
7 7 3 10 0
7 7 3 11 0
7 7 3 12 0
7 7 3 13 0
7 7 3 14 0
7 7 3 15 0
7 7 4 0 0
7 7 4 1 0
7 7 4 2 0
7 7 4 3 0
7 7 4 4 0
7 7 4 5 0
7 7 4 6 0
7 7 4 7 0
7 7 4 8 0
7 7 4 9 0
7 7 4 10 0
7 7 4 11 0
7 7 4 12 0
7 7 4 13 0
7 7 4 14 0
7 7 4 15 0
7 7 5 0 0
7 7 5 1 0
7 7 5 2 0
7 7 5 3 0
7 7 5 4 0
7 7 5 5 0
7 7 5 6 0
7 7 5 7 0
7 7 5 8 0
7 7 5 9 0
7 7 5 10 0
7 7 5 11 0
7 7 5 12 0
7 7 5 13 0
7 7 5 14 0
7 7 5 15 0
7 7 6 0 0
7 7 6 1 0
7 7 6 2 0
7 7 6 3 0
7 7 6 4 0
7 7 6 5 0
7 7 6 6 0
7 7 6 7 0
7 7 6 8 0
7 7 6 9 0
7 7 6 10 0
7 7 6 11 0
7 7 6 12 0
7 7 6 13 0
7 7 6 14 0
7 7 6 15 0
7 7 7 0 0
7 7 7 1 0
7 7 7 2 0
7 7 7 3 0
7 7 7 4 0
7 7 7 5 0
7 7 7 6 0
7 7 7 7 0.2997539970978186
7 7 7 8 0
7 7 7 9 0
7 7 7 10 0
7 7 7 11 0
7 7 7 12 0
7 7 7 13 0
7 7 7 14 0
7 7 7 15 0
7 7 8 0 0
7 7 8 1 0
7 7 8 2 0
7 7 8 3 0
7 7 8 4 0
7 7 8 5 0
7 7 8 6 0
7 7 8 7 0
7 7 8 8 0
7 7 8 9 0
7 7 8 10 0
7 7 8 11 0
7 7 8 12 0
7 7 8 13 0
7 7 8 14 0
7 7 8 15 0
7 7 9 0 0
7 7 9 1 0
7 7 9 2 0
7 7 9 3 0
7 7 9 4 0
7 7 9 5 0
7 7 9 6 0
7 7 9 7 0
7 7 9 8 0
7 7 9 9 0
7 7 9 10 0
7 7 9 11 0
7 7 9 12 0
7 7 9 13 0
7 7 9 14 0
7 7 9 15 0
7 7 10 0 0
7 7 10 1 0
7 7 10 2 0
7 7 10 3 0
7 7 10 4 0
7 7 10 5 0
7 7 10 6 0
7 7 10 7 0
7 7 10 8 0
7 7 10 9 0
7 7 10 10 0
7 7 10 11 0
7 7 10 12 0
7 7 10 13 0
7 7 10 14 0
7 7 10 15 0
7 7 11 0 0
7 7 11 1 0
7 7 11 2 0.01145153715599173
7 7 11 3 0
7 7 11 4 0
7 7 11 5 0
7 7 11 6 0
7 7 11 7 0
7 7 11 8 0
7 7 11 9 0
7 7 11 10 0
7 7 11 11 0
7 7 11 12 0
7 7 11 13 0
7 7 11 14 0
7 7 11 15 0
7 7 12 0 0
7 7 12 1 0
7 7 12 2 0
7 7 12 3 0
7 7 12 4 0
7 7 12 5 0
7 7 12 6 0
7 7 12 7 0
7 7 12 8 0
7 7 12 9 0
7 7 12 10 0
7 7 12 11 0
7 7 12 12 0
7 7 12 13 0
7 7 12 14 0
7 7 12 15 0
7 7 13 0 0
7 7 13 1 0
7 7 13 2 0
7 7 13 3 0
7 7 13 4 0
7 7 13 5 0
7 7 13 6 0
7 7 13 7 0
7 7 13 8 0
7 7 13 9 0
7 7 13 10 0
7 7 13 11 0
7 7 13 12 0
7 7 13 13 0
7 7 13 14 0
7 7 13 15 0
7 7 14 0 0
7 7 14 1 0
7 7 14 2 -0.01525973172567777
7 7 14 3 0
7 7 14 4 0
7 7 14 5 0
7 7 14 6 0
7 7 14 7 0
7 7 14 8 0
7 7 14 9 0
7 7 14 10 0
7 7 14 11 0
7 7 14 12 0
7 7 14 13 0
7 7 14 14 0
7 7 14 15 0
7 7 15 0 0
7 7 15 1 0
7 7 15 2 0
7 7 15 3 0
7 7 15 4 0
7 7 15 5 0
7 7 15 6 0
7 7 15 7 0
7 7 15 8 0
7 7 15 9 0
7 7 15 10 0
7 7 15 11 0
7 7 15 12 0
7 7 15 13 0
7 7 15 14 0
7 7 15 15 0
7 8 0 0 0
7 8 0 1 0
7 8 0 2 0
7 8 0 3 0
7 8 0 4 0
7 8 0 5 0
7 8 0 6 0
7 8 0 7 0
7 8 0 8 0
7 8 0 9 0
7 8 0 10 0
7 8 0 11 0
7 8 0 12 0
7 8 0 13 0
7 8 0 14 0
7 8 0 15 0
7 8 1 0 0
7 8 1 1 0
7 8 1 2 0
7 8 1 3 0
7 8 1 4 0
7 8 1 5 0
7 8 1 6 0
7 8 1 7 0
7 8 1 8 0
7 8 1 9 0
7 8 1 10 0
7 8 1 11 0
7 8 1 12 0
7 8 1 13 0
7 8 1 14 0
7 8 1 15 0
7 8 2 0 0
7 8 2 1 0
7 8 2 2 0
7 8 2 3 0
7 8 2 4 0
7 8 2 5 0
7 8 2 6 0
7 8 2 7 0
7 8 2 8 0
7 8 2 9 0
7 8 2 10 0
7 8 2 11 0
7 8 2 12 0
7 8 2 13 0
7 8 2 14 0
7 8 2 15 0
7 8 3 0 0
7 8 3 1 0
7 8 3 2 0
7 8 3 3 0
7 8 3 4 0
7 8 3 5 0
7 8 3 6 0
7 8 3 7 0
7 8 3 8 0
7 8 3 9 0
7 8 3 10 0
7 8 3 11 0
7 8 3 12 0
7 8 3 13 0
7 8 3 14 0
7 8 3 15 0
7 8 4 0 0
7 8 4 1 0
7 8 4 2 0
7 8 4 3 0
7 8 4 4 0
7 8 4 5 0
7 8 4 6 0
7 8 4 7 0
7 8 4 8 0
7 8 4 9 0
7 8 4 10 0
7 8 4 11 0
7 8 4 12 0
7 8 4 13 0
7 8 4 14 0
7 8 4 15 0
7 8 5 0 0
7 8 5 1 0
7 8 5 2 0
7 8 5 3 0
7 8 5 4 0
7 8 5 5 0
7 8 5 6 0
7 8 5 7 0
7 8 5 8 0
7 8 5 9 0
7 8 5 10 0
7 8 5 11 0
7 8 5 12 0
7 8 5 13 0
7 8 5 14 0
7 8 5 15 0
7 8 6 0 0
7 8 6 1 0
7 8 6 2 0
7 8 6 3 0
7 8 6 4 0
7 8 6 5 0
7 8 6 6 0
7 8 6 7 0
7 8 6 8 0
7 8 6 9 0
7 8 6 10 0
7 8 6 11 0
7 8 6 12 0
7 8 6 13 0
7 8 6 14 0
7 8 6 15 0
7 8 7 0 0
7 8 7 1 0
7 8 7 2 0
7 8 7 3 0
7 8 7 4 0
7 8 7 5 0
7 8 7 6 0
7 8 7 7 0
7 8 7 8 0
7 8 7 9 0
7 8 7 10 0
7 8 7 11 0
7 8 7 12 0
7 8 7 13 0
7 8 7 14 0
7 8 7 15 0
7 8 8 0 0
7 8 8 1 0
7 8 8 2 0
7 8 8 3 0
7 8 8 4 0
7 8 8 5 0
7 8 8 6 0
7 8 8 7 0
7 8 8 8 0
7 8 8 9 0
7 8 8 10 0
7 8 8 11 0
7 8 8 12 0
7 8 8 13 0
7 8 8 14 0
7 8 8 15 0
7 8 9 0 0
7 8 9 1 0
7 8 9 2 0
7 8 9 3 0
7 8 9 4 0
7 8 9 5 0
7 8 9 6 0
7 8 9 7 0
7 8 9 8 0
7 8 9 9 0
7 8 9 10 0
7 8 9 11 0
7 8 9 12 0
7 8 9 13 0
7 8 9 14 0
7 8 9 15 0
7 8 10 0 0
7 8 10 1 0
7 8 10 2 0
7 8 10 3 0
7 8 10 4 0
7 8 10 5 0
7 8 10 6 0
7 8 10 7 0
7 8 10 8 0
7 8 10 9 0
7 8 10 10 0
7 8 10 11 0
7 8 10 12 0
7 8 10 13 0
7 8 10 14 0
7 8 10 15 0
7 8 11 0 0
7 8 11 1 0
7 8 11 2 0
7 8 11 3 0
7 8 11 4 0
7 8 11 5 0
7 8 11 6 0
7 8 11 7 0
7 8 11 8 0
7 8 11 9 0
7 8 11 10 0
7 8 11 11 0
7 8 11 12 0
7 8 11 13 0
7 8 11 14 0
7 8 11 15 0
7 8 12 0 0
7 8 12 1 0
7 8 12 2 0
7 8 12 3 0
7 8 12 4 0
7 8 12 5 0
7 8 12 6 0
7 8 12 7 0
7 8 12 8 0
7 8 12 9 0
7 8 12 10 0
7 8 12 11 0
7 8 12 12 0
7 8 12 13 0
7 8 12 14 0
7 8 12 15 0
7 8 13 0 0
7 8 13 1 0
7 8 13 2 0
7 8 13 3 0
7 8 13 4 0
7 8 13 5 0
7 8 13 6 0
7 8 13 7 0
7 8 13 8 0
7 8 13 9 0
7 8 13 10 0
7 8 13 11 0
7 8 13 12 0
7 8 13 13 0
7 8 13 14 0
7 8 13 15 0
7 8 14 0 0
7 8 14 1 0
7 8 14 2 0
7 8 14 3 0
7 8 14 4 0
7 8 14 5 0
7 8 14 6 0
7 8 14 7 0
7 8 14 8 0
7 8 14 9 0
7 8 14 10 0
7 8 14 11 0
7 8 14 12 0
7 8 14 13 0
7 8 14 14 0
7 8 14 15 0
7 8 15 0 0
7 8 15 1 0
7 8 15 2 0
7 8 15 3 0
7 8 15 4 0
7 8 15 5 0
7 8 15 6 0
7 8 15 7 0
7 8 15 8 0
7 8 15 9 0
7 8 15 10 0
7 8 15 11 0
7 8 15 12 0
7 8 15 13 0
7 8 15 14 0
7 8 15 15 0
7 9 0 0 0
7 9 0 1 0
7 9 0 2 0
7 9 0 3 0
7 9 0 4 0
7 9 0 5 0
7 9 0 6 0
7 9 0 7 0
7 9 0 8 0
7 9 0 9 0
7 9 0 10 0
7 9 0 11 0
7 9 0 12 0
7 9 0 13 0
7 9 0 14 0
7 9 0 15 0
7 9 1 0 0
7 9 1 1 0
7 9 1 2 0
7 9 1 3 0
7 9 1 4 0
7 9 1 5 0
7 9 1 6 0
7 9 1 7 0
7 9 1 8 0
7 9 1 9 0
7 9 1 10 0
7 9 1 11 0
7 9 1 12 0
7 9 1 13 0
7 9 1 14 0
7 9 1 15 0
7 9 2 0 0
7 9 2 1 0
7 9 2 2 0
7 9 2 3 0
7 9 2 4 0
7 9 2 5 0
7 9 2 6 0
7 9 2 7 0
7 9 2 8 0
7 9 2 9 0
7 9 2 10 0
7 9 2 11 0
7 9 2 12 0
7 9 2 13 0
7 9 2 14 0
7 9 2 15 0
7 9 3 0 0
7 9 3 1 0
7 9 3 2 0
7 9 3 3 0
7 9 3 4 0
7 9 3 5 0
7 9 3 6 0
7 9 3 7 0
7 9 3 8 0
7 9 3 9 0
7 9 3 10 0
7 9 3 11 0
7 9 3 12 0
7 9 3 13 0
7 9 3 14 0
7 9 3 15 0
7 9 4 0 0
7 9 4 1 0
7 9 4 2 0
7 9 4 3 0
7 9 4 4 0
7 9 4 5 0
7 9 4 6 0
7 9 4 7 0
7 9 4 8 0
7 9 4 9 0
7 9 4 10 0
7 9 4 11 0
7 9 4 12 0
7 9 4 13 0
7 9 4 14 0
7 9 4 15 0
7 9 5 0 0
7 9 5 1 0
7 9 5 2 0
7 9 5 3 0
7 9 5 4 0
7 9 5 5 0
7 9 5 6 0
7 9 5 7 0
7 9 5 8 0
7 9 5 9 0
7 9 5 10 0
7 9 5 11 0
7 9 5 12 0
7 9 5 13 0
7 9 5 14 0
7 9 5 15 0
7 9 6 0 0
7 9 6 1 0
7 9 6 2 0
7 9 6 3 0
7 9 6 4 0
7 9 6 5 0
7 9 6 6 0
7 9 6 7 0
7 9 6 8 0
7 9 6 9 0
7 9 6 10 0
7 9 6 11 0
7 9 6 12 0
7 9 6 13 0
7 9 6 14 0
7 9 6 15 0
7 9 7 0 0
7 9 7 1 0
7 9 7 2 0
7 9 7 3 0
7 9 7 4 0
7 9 7 5 0
7 9 7 6 0
7 9 7 7 0
7 9 7 8 0
7 9 7 9 0
7 9 7 10 0
7 9 7 11 0
7 9 7 12 0
7 9 7 13 0
7 9 7 14 0
7 9 7 15 0
7 9 8 0 0
7 9 8 1 0
7 9 8 2 0
7 9 8 3 0
7 9 8 4 0
7 9 8 5 0
7 9 8 6 0
7 9 8 7 0
7 9 8 8 0
7 9 8 9 0
7 9 8 10 0
7 9 8 11 0
7 9 8 12 0
7 9 8 13 0
7 9 8 14 0
7 9 8 15 0
7 9 9 0 0
7 9 9 1 0
7 9 9 2 0
7 9 9 3 0
7 9 9 4 0
7 9 9 5 0
7 9 9 6 0
7 9 9 7 0
7 9 9 8 0
7 9 9 9 0
7 9 9 10 0
7 9 9 11 0
7 9 9 12 0
7 9 9 13 0
7 9 9 14 0
7 9 9 15 0
7 9 10 0 0
7 9 10 1 0
7 9 10 2 0
7 9 10 3 0
7 9 10 4 0
7 9 10 5 0
7 9 10 6 0
7 9 10 7 0
7 9 10 8 0
7 9 10 9 0
7 9 10 10 0
7 9 10 11 0
7 9 10 12 0
7 9 10 13 0
7 9 10 14 0
7 9 10 15 0
7 9 11 0 0
7 9 11 1 0
7 9 11 2 0
7 9 11 3 0
7 9 11 4 0
7 9 11 5 0
7 9 11 6 0
7 9 11 7 0
7 9 11 8 0
7 9 11 9 0
7 9 11 10 0
7 9 11 11 0
7 9 11 12 0
7 9 11 13 0
7 9 11 14 0
7 9 11 15 0
7 9 12 0 0
7 9 12 1 0
7 9 12 2 0
7 9 12 3 0
7 9 12 4 0
7 9 12 5 0
7 9 12 6 0
7 9 12 7 0
7 9 12 8 0
7 9 12 9 0
7 9 12 10 0
7 9 12 11 0
7 9 12 12 0
7 9 12 13 0
7 9 12 14 0
7 9 12 15 0
7 9 13 0 0
7 9 13 1 0
7 9 13 2 0
7 9 13 3 0
7 9 13 4 0
7 9 13 5 0
7 9 13 6 0
7 9 13 7 0
7 9 13 8 0
7 9 13 9 0
7 9 13 10 0
7 9 13 11 0
7 9 13 12 0
7 9 13 13 0
7 9 13 14 0
7 9 13 15 0
7 9 14 0 0
7 9 14 1 0
7 9 14 2 0
7 9 14 3 0
7 9 14 4 0
7 9 14 5 0
7 9 14 6 0
7 9 14 7 0
7 9 14 8 0
7 9 14 9 0
7 9 14 10 0
7 9 14 11 0
7 9 14 12 0
7 9 14 13 0
7 9 14 14 0
7 9 14 15 0
7 9 15 0 0
7 9 15 1 0
7 9 15 2 0
7 9 15 3 0
7 9 15 4 0
7 9 15 5 0
7 9 15 6 0
7 9 15 7 0
7 9 15 8 0
7 9 15 9 0
7 9 15 10 0
7 9 15 11 0
7 9 15 12 0
7 9 15 13 0
7 9 15 14 0
7 9 15 15 0
7 10 0 0 0
7 10 0 1 0
7 10 0 2 0
7 10 0 3 0
7 10 0 4 0
7 10 0 5 0
7 10 0 6 0
7 10 0 7 0
7 10 0 8 0
7 10 0 9 0
7 10 0 10 0
7 10 0 11 0
7 10 0 12 0
7 10 0 13 0
7 10 0 14 0
7 10 0 15 0
7 10 1 0 0
7 10 1 1 0
7 10 1 2 0
7 10 1 3 0
7 10 1 4 0
7 10 1 5 0
7 10 1 6 0
7 10 1 7 0
7 10 1 8 0
7 10 1 9 0
7 10 1 10 0
7 10 1 11 0
7 10 1 12 0
7 10 1 13 0
7 10 1 14 0
7 10 1 15 0
7 10 2 0 0
7 10 2 1 0
7 10 2 2 0
7 10 2 3 0
7 10 2 4 0
7 10 2 5 0
7 10 2 6 0
7 10 2 7 0
7 10 2 8 0
7 10 2 9 0
7 10 2 10 0
7 10 2 11 0
7 10 2 12 0
7 10 2 13 0
7 10 2 14 0
7 10 2 15 0
7 10 3 0 0
7 10 3 1 0
7 10 3 2 0
7 10 3 3 0
7 10 3 4 0
7 10 3 5 0
7 10 3 6 0
7 10 3 7 0
7 10 3 8 0
7 10 3 9 0
7 10 3 10 0
7 10 3 11 0
7 10 3 12 0
7 10 3 13 0
7 10 3 14 0
7 10 3 15 0
7 10 4 0 0
7 10 4 1 0
7 10 4 2 0
7 10 4 3 0
7 10 4 4 0
7 10 4 5 0
7 10 4 6 0
7 10 4 7 0
7 10 4 8 0
7 10 4 9 0
7 10 4 10 0
7 10 4 11 0
7 10 4 12 0
7 10 4 13 0
7 10 4 14 0
7 10 4 15 0
7 10 5 0 0
7 10 5 1 0
7 10 5 2 0
7 10 5 3 0
7 10 5 4 0
7 10 5 5 0
7 10 5 6 0
7 10 5 7 0
7 10 5 8 0
7 10 5 9 0
7 10 5 10 0
7 10 5 11 0
7 10 5 12 0
7 10 5 13 0
7 10 5 14 0
7 10 5 15 0
7 10 6 0 0
7 10 6 1 0
7 10 6 2 0
7 10 6 3 0
7 10 6 4 0
7 10 6 5 0
7 10 6 6 0
7 10 6 7 0
7 10 6 8 0
7 10 6 9 0
7 10 6 10 0
7 10 6 11 0
7 10 6 12 0
7 10 6 13 0
7 10 6 14 0
7 10 6 15 0
7 10 7 0 0
7 10 7 1 0
7 10 7 2 0
7 10 7 3 0
7 10 7 4 0
7 10 7 5 0
7 10 7 6 0
7 10 7 7 0
7 10 7 8 0
7 10 7 9 0
7 10 7 10 0
7 10 7 11 0
7 10 7 12 0
7 10 7 13 0
7 10 7 14 0
7 10 7 15 0
7 10 8 0 0
7 10 8 1 0
7 10 8 2 0
7 10 8 3 0
7 10 8 4 0
7 10 8 5 0
7 10 8 6 0
7 10 8 7 0
7 10 8 8 0
7 10 8 9 0
7 10 8 10 0
7 10 8 11 0
7 10 8 12 0
7 10 8 13 0
7 10 8 14 0
7 10 8 15 0
7 10 9 0 0
7 10 9 1 0
7 10 9 2 0
7 10 9 3 0
7 10 9 4 0
7 10 9 5 0
7 10 9 6 0
7 10 9 7 0
7 10 9 8 0
7 10 9 9 0
7 10 9 10 0
7 10 9 11 0
7 10 9 12 0
7 10 9 13 0
7 10 9 14 0
7 10 9 15 0
7 10 10 0 0
7 10 10 1 0
7 10 10 2 0
7 10 10 3 0
7 10 10 4 0
7 10 10 5 0
7 10 10 6 0
7 10 10 7 0
7 10 10 8 0
7 10 10 9 0
7 10 10 10 0
7 10 10 11 0
7 10 10 12 0
7 10 10 13 0
7 10 10 14 0
7 10 10 15 0
7 10 11 0 0
7 10 11 1 0
7 10 11 2 0
7 10 11 3 0
7 10 11 4 0
7 10 11 5 0
7 10 11 6 0
7 10 11 7 0
7 10 11 8 0
7 10 11 9 0
7 10 11 10 0
7 10 11 11 0
7 10 11 12 0
7 10 11 13 0
7 10 11 14 0
7 10 11 15 0
7 10 12 0 0
7 10 12 1 0
7 10 12 2 0
7 10 12 3 0
7 10 12 4 0
7 10 12 5 0
7 10 12 6 0
7 10 12 7 0
7 10 12 8 0
7 10 12 9 0
7 10 12 10 0
7 10 12 11 0
7 10 12 12 0
7 10 12 13 0
7 10 12 14 0
7 10 12 15 0
7 10 13 0 0
7 10 13 1 0
7 10 13 2 0
7 10 13 3 0
7 10 13 4 0
7 10 13 5 0
7 10 13 6 0
7 10 13 7 0
7 10 13 8 0
7 10 13 9 0
7 10 13 10 0
7 10 13 11 0
7 10 13 12 0
7 10 13 13 0
7 10 13 14 0
7 10 13 15 0
7 10 14 0 0
7 10 14 1 0
7 10 14 2 0
7 10 14 3 0
7 10 14 4 0
7 10 14 5 0
7 10 14 6 0
7 10 14 7 0
7 10 14 8 0
7 10 14 9 0
7 10 14 10 0
7 10 14 11 0
7 10 14 12 0
7 10 14 13 0
7 10 14 14 0
7 10 14 15 0
7 10 15 0 0
7 10 15 1 0
7 10 15 2 0
7 10 15 3 0
7 10 15 4 0
7 10 15 5 0
7 10 15 6 0
7 10 15 7 0
7 10 15 8 0
7 10 15 9 0
7 10 15 10 0
7 10 15 11 0
7 10 15 12 0
7 10 15 13 0
7 10 15 14 0
7 10 15 15 0
7 11 0 0 0
7 11 0 1 0
7 11 0 2 0
7 11 0 3 0
7 11 0 4 0
7 11 0 5 0
7 11 0 6 0
7 11 0 7 0.002176099566499872
7 11 0 8 0
7 11 0 9 0
7 11 0 10 0
7 11 0 11 0
7 11 0 12 0
7 11 0 13 0
7 11 0 14 0
7 11 0 15 0
7 11 1 0 0
7 11 1 1 0
7 11 1 2 0
7 11 1 3 0
7 11 1 4 0
7 11 1 5 0
7 11 1 6 0
7 11 1 7 0
7 11 1 8 0
7 11 1 9 0
7 11 1 10 0
7 11 1 11 0
7 11 1 12 0
7 11 1 13 0
7 11 1 14 0
7 11 1 15 0
7 11 2 0 0
7 11 2 1 0
7 11 2 2 0
7 11 2 3 0
7 11 2 4 0
7 11 2 5 0
7 11 2 6 0
7 11 2 7 0
7 11 2 8 0
7 11 2 9 0
7 11 2 10 0
7 11 2 11 0
7 11 2 12 0
7 11 2 13 0
7 11 2 14 0
7 11 2 15 0
7 11 3 0 0
7 11 3 1 0
7 11 3 2 0
7 11 3 3 0
7 11 3 4 0
7 11 3 5 0
7 11 3 6 0
7 11 3 7 0
7 11 3 8 0
7 11 3 9 0
7 11 3 10 0
7 11 3 11 0
7 11 3 12 0
7 11 3 13 0
7 11 3 14 0
7 11 3 15 0
7 11 4 0 0
7 11 4 1 0
7 11 4 2 0
7 11 4 3 0
7 11 4 4 0
7 11 4 5 0
7 11 4 6 0
7 11 4 7 0
7 11 4 8 0
7 11 4 9 0
7 11 4 10 0
7 11 4 11 0
7 11 4 12 0
7 11 4 13 0
7 11 4 14 0
7 11 4 15 0
7 11 5 0 0
7 11 5 1 0
7 11 5 2 0
7 11 5 3 0
7 11 5 4 0
7 11 5 5 0
7 11 5 6 0
7 11 5 7 0
7 11 5 8 0
7 11 5 9 0
7 11 5 10 0
7 11 5 11 0
7 11 5 12 0
7 11 5 13 0
7 11 5 14 0
7 11 5 15 0
7 11 6 0 0
7 11 6 1 0
7 11 6 2 0
7 11 6 3 0
7 11 6 4 0
7 11 6 5 0
7 11 6 6 0
7 11 6 7 0
7 11 6 8 0
7 11 6 9 0
7 11 6 10 0
7 11 6 11 0
7 11 6 12 0
7 11 6 13 0
7 11 6 14 0
7 11 6 15 0
7 11 7 0 -0.004352199132999743
7 11 7 1 0
7 11 7 2 0
7 11 7 3 0
7 11 7 4 0
7 11 7 5 0
7 11 7 6 0
7 11 7 7 0
7 11 7 8 0
7 11 7 9 0
7 11 7 10 0
7 11 7 11 0.0001789462260300923
7 11 7 12 0
7 11 7 13 0
7 11 7 14 0
7 11 7 15 0
7 11 8 0 0
7 11 8 1 0
7 11 8 2 0
7 11 8 3 0
7 11 8 4 0
7 11 8 5 0
7 11 8 6 0
7 11 8 7 0
7 11 8 8 0
7 11 8 9 0
7 11 8 10 0
7 11 8 11 0
7 11 8 12 0
7 11 8 13 0
7 11 8 14 0
7 11 8 15 0
7 11 9 0 0
7 11 9 1 0
7 11 9 2 0
7 11 9 3 0
7 11 9 4 0
7 11 9 5 0
7 11 9 6 0
7 11 9 7 0
7 11 9 8 0
7 11 9 9 0
7 11 9 10 0
7 11 9 11 0
7 11 9 12 0
7 11 9 13 0
7 11 9 14 0
7 11 9 15 0
7 11 10 0 0
7 11 10 1 0
7 11 10 2 0
7 11 10 3 0
7 11 10 4 0
7 11 10 5 0
7 11 10 6 0
7 11 10 7 0
7 11 10 8 0
7 11 10 9 0
7 11 10 10 0
7 11 10 11 0
7 11 10 12 0
7 11 10 13 0
7 11 10 14 0
7 11 10 15 0
7 11 11 0 0
7 11 11 1 0
7 11 11 2 0
7 11 11 3 0
7 11 11 4 0
7 11 11 5 0
7 11 11 6 0
7 11 11 7 -8.947311301504615e-05
7 11 11 8 0
7 11 11 9 0
7 11 11 10 0
7 11 11 11 0
7 11 11 12 0
7 11 11 13 0
7 11 11 14 0
7 11 11 15 0
7 11 12 0 0
7 11 12 1 0
7 11 12 2 0
7 11 12 3 0
7 11 12 4 0
7 11 12 5 0
7 11 12 6 0
7 11 12 7 0
7 11 12 8 0
7 11 12 9 0
7 11 12 10 0
7 11 12 11 0
7 11 12 12 0
7 11 12 13 0
7 11 12 14 0
7 11 12 15 0
7 11 13 0 0
7 11 13 1 0
7 11 13 2 0
7 11 13 3 0
7 11 13 4 0
7 11 13 5 0
7 11 13 6 0
7 11 13 7 0
7 11 13 8 0
7 11 13 9 0
7 11 13 10 0
7 11 13 11 0
7 11 13 12 0
7 11 13 13 0
7 11 13 14 0
7 11 13 15 0
7 11 14 0 0
7 11 14 1 0
7 11 14 2 0
7 11 14 3 0
7 11 14 4 0
7 11 14 5 0
7 11 14 6 0
7 11 14 7 0
7 11 14 8 0
7 11 14 9 0
7 11 14 10 0
7 11 14 11 0
7 11 14 12 0
7 11 14 13 0
7 11 14 14 0
7 11 14 15 0
7 11 15 0 0
7 11 15 1 0
7 11 15 2 0
7 11 15 3 0
7 11 15 4 0
7 11 15 5 0
7 11 15 6 0
7 11 15 7 0
7 11 15 8 0
7 11 15 9 0
7 11 15 10 0
7 11 15 11 0
7 11 15 12 0
7 11 15 13 0
7 11 15 14 0
7 11 15 15 0
7 12 0 0 0
7 12 0 1 0
7 12 0 2 0
7 12 0 3 0
7 12 0 4 0
7 12 0 5 0
7 12 0 6 0
7 12 0 7 0
7 12 0 8 0
7 12 0 9 0
7 12 0 10 0
7 12 0 11 0
7 12 0 12 0
7 12 0 13 0
7 12 0 14 0
7 12 0 15 0
7 12 1 0 0
7 12 1 1 0
7 12 1 2 0
7 12 1 3 0
7 12 1 4 0
7 12 1 5 0
7 12 1 6 0
7 12 1 7 0
7 12 1 8 0
7 12 1 9 0
7 12 1 10 0
7 12 1 11 0
7 12 1 12 0
7 12 1 13 0
7 12 1 14 0
7 12 1 15 0
7 12 2 0 0
7 12 2 1 0
7 12 2 2 0
7 12 2 3 0
7 12 2 4 0
7 12 2 5 0
7 12 2 6 0
7 12 2 7 0
7 12 2 8 0
7 12 2 9 0
7 12 2 10 0
7 12 2 11 0
7 12 2 12 0
7 12 2 13 0
7 12 2 14 0
7 12 2 15 0
7 12 3 0 0
7 12 3 1 0
7 12 3 2 0
7 12 3 3 0
7 12 3 4 0
7 12 3 5 0
7 12 3 6 0
7 12 3 7 0
7 12 3 8 0
7 12 3 9 0
7 12 3 10 0
7 12 3 11 0
7 12 3 12 0
7 12 3 13 0
7 12 3 14 0
7 12 3 15 0
7 12 4 0 0
7 12 4 1 0
7 12 4 2 0
7 12 4 3 0
7 12 4 4 0
7 12 4 5 0
7 12 4 6 0
7 12 4 7 0
7 12 4 8 0
7 12 4 9 0
7 12 4 10 0
7 12 4 11 0
7 12 4 12 0
7 12 4 13 0
7 12 4 14 0
7 12 4 15 0
7 12 5 0 0
7 12 5 1 0
7 12 5 2 0
7 12 5 3 0
7 12 5 4 0
7 12 5 5 0
7 12 5 6 0
7 12 5 7 0
7 12 5 8 0
7 12 5 9 0
7 12 5 10 0
7 12 5 11 0
7 12 5 12 0
7 12 5 13 0
7 12 5 14 0
7 12 5 15 0
7 12 6 0 0
7 12 6 1 0
7 12 6 2 0
7 12 6 3 0
7 12 6 4 0
7 12 6 5 0
7 12 6 6 0
7 12 6 7 0
7 12 6 8 0
7 12 6 9 0
7 12 6 10 0
7 12 6 11 0
7 12 6 12 0
7 12 6 13 0
7 12 6 14 0
7 12 6 15 0
7 12 7 0 0
7 12 7 1 0
7 12 7 2 0
7 12 7 3 0
7 12 7 4 0
7 12 7 5 0
7 12 7 6 0
7 12 7 7 0
7 12 7 8 0
7 12 7 9 0
7 12 7 10 0
7 12 7 11 0
7 12 7 12 0
7 12 7 13 0
7 12 7 14 0
7 12 7 15 0
7 12 8 0 0
7 12 8 1 0
7 12 8 2 0
7 12 8 3 0
7 12 8 4 0
7 12 8 5 0
7 12 8 6 0
7 12 8 7 0
7 12 8 8 0
7 12 8 9 0
7 12 8 10 0
7 12 8 11 0
7 12 8 12 0
7 12 8 13 0
7 12 8 14 0
7 12 8 15 0
7 12 9 0 0
7 12 9 1 0
7 12 9 2 0
7 12 9 3 0
7 12 9 4 0
7 12 9 5 0
7 12 9 6 0
7 12 9 7 0
7 12 9 8 0
7 12 9 9 0
7 12 9 10 0
7 12 9 11 0
7 12 9 12 0
7 12 9 13 0
7 12 9 14 0
7 12 9 15 0
7 12 10 0 0
7 12 10 1 0
7 12 10 2 0
7 12 10 3 0
7 12 10 4 0
7 12 10 5 0
7 12 10 6 0
7 12 10 7 0
7 12 10 8 0
7 12 10 9 0
7 12 10 10 0
7 12 10 11 0
7 12 10 12 0
7 12 10 13 0
7 12 10 14 0
7 12 10 15 0
7 12 11 0 0
7 12 11 1 0
7 12 11 2 0
7 12 11 3 0
7 12 11 4 0
7 12 11 5 0
7 12 11 6 0
7 12 11 7 0
7 12 11 8 0
7 12 11 9 0
7 12 11 10 0
7 12 11 11 0
7 12 11 12 0
7 12 11 13 0
7 12 11 14 0
7 12 11 15 0
7 12 12 0 0
7 12 12 1 0
7 12 12 2 0
7 12 12 3 0
7 12 12 4 0
7 12 12 5 0
7 12 12 6 0
7 12 12 7 0
7 12 12 8 0
7 12 12 9 0
7 12 12 10 0
7 12 12 11 0
7 12 12 12 0
7 12 12 13 0
7 12 12 14 0
7 12 12 15 0
7 12 13 0 0
7 12 13 1 0
7 12 13 2 0
7 12 13 3 0
7 12 13 4 0
7 12 13 5 0
7 12 13 6 0
7 12 13 7 0
7 12 13 8 0
7 12 13 9 0
7 12 13 10 0
7 12 13 11 0
7 12 13 12 0
7 12 13 13 0
7 12 13 14 0
7 12 13 15 0
7 12 14 0 0
7 12 14 1 0
7 12 14 2 0
7 12 14 3 0
7 12 14 4 0
7 12 14 5 0
7 12 14 6 0
7 12 14 7 0
7 12 14 8 0
7 12 14 9 0
7 12 14 10 0
7 12 14 11 0
7 12 14 12 0
7 12 14 13 0
7 12 14 14 0
7 12 14 15 0
7 12 15 0 0
7 12 15 1 0
7 12 15 2 0
7 12 15 3 0
7 12 15 4 0
7 12 15 5 0
7 12 15 6 0
7 12 15 7 0
7 12 15 8 0
7 12 15 9 0
7 12 15 10 0
7 12 15 11 0
7 12 15 12 0
7 12 15 13 0
7 12 15 14 0
7 12 15 15 0
7 13 0 0 0
7 13 0 1 0
7 13 0 2 0
7 13 0 3 0
7 13 0 4 0
7 13 0 5 0
7 13 0 6 0
7 13 0 7 0
7 13 0 8 0
7 13 0 9 0
7 13 0 10 0
7 13 0 11 0
7 13 0 12 0
7 13 0 13 0
7 13 0 14 0
7 13 0 15 0
7 13 1 0 0
7 13 1 1 0
7 13 1 2 0
7 13 1 3 0
7 13 1 4 0
7 13 1 5 0
7 13 1 6 0
7 13 1 7 0
7 13 1 8 0
7 13 1 9 0
7 13 1 10 0
7 13 1 11 0
7 13 1 12 0
7 13 1 13 0
7 13 1 14 0
7 13 1 15 0
7 13 2 0 0
7 13 2 1 0
7 13 2 2 0
7 13 2 3 0
7 13 2 4 0
7 13 2 5 0
7 13 2 6 0
7 13 2 7 0
7 13 2 8 0
7 13 2 9 0
7 13 2 10 0
7 13 2 11 0
7 13 2 12 0
7 13 2 13 0
7 13 2 14 0
7 13 2 15 0
7 13 3 0 0
7 13 3 1 0
7 13 3 2 0
7 13 3 3 0
7 13 3 4 0
7 13 3 5 0
7 13 3 6 0
7 13 3 7 0
7 13 3 8 0
7 13 3 9 0
7 13 3 10 0
7 13 3 11 0
7 13 3 12 0
7 13 3 13 0
7 13 3 14 0
7 13 3 15 0
7 13 4 0 0
7 13 4 1 0
7 13 4 2 0
7 13 4 3 0
7 13 4 4 0
7 13 4 5 0
7 13 4 6 0
7 13 4 7 0
7 13 4 8 0
7 13 4 9 0
7 13 4 10 0
7 13 4 11 0
7 13 4 12 0
7 13 4 13 0
7 13 4 14 0
7 13 4 15 0
7 13 5 0 0
7 13 5 1 0
7 13 5 2 0
7 13 5 3 0
7 13 5 4 0
7 13 5 5 0
7 13 5 6 0
7 13 5 7 0
7 13 5 8 0
7 13 5 9 0
7 13 5 10 0
7 13 5 11 0
7 13 5 12 0
7 13 5 13 0
7 13 5 14 0
7 13 5 15 0
7 13 6 0 0
7 13 6 1 0
7 13 6 2 0
7 13 6 3 0
7 13 6 4 0
7 13 6 5 0
7 13 6 6 0
7 13 6 7 0
7 13 6 8 0
7 13 6 9 0
7 13 6 10 0
7 13 6 11 0
7 13 6 12 0
7 13 6 13 0
7 13 6 14 0
7 13 6 15 0
7 13 7 0 0
7 13 7 1 0
7 13 7 2 0
7 13 7 3 0
7 13 7 4 0
7 13 7 5 0
7 13 7 6 0
7 13 7 7 0
7 13 7 8 0
7 13 7 9 0
7 13 7 10 0
7 13 7 11 0
7 13 7 12 0
7 13 7 13 0
7 13 7 14 0
7 13 7 15 0
7 13 8 0 0
7 13 8 1 0
7 13 8 2 0
7 13 8 3 0
7 13 8 4 0
7 13 8 5 0
7 13 8 6 0
7 13 8 7 0
7 13 8 8 0
7 13 8 9 0
7 13 8 10 0
7 13 8 11 0
7 13 8 12 0
7 13 8 13 0
7 13 8 14 0
7 13 8 15 0
7 13 9 0 0
7 13 9 1 0
7 13 9 2 0
7 13 9 3 0
7 13 9 4 0
7 13 9 5 0
7 13 9 6 0
7 13 9 7 0
7 13 9 8 0
7 13 9 9 0
7 13 9 10 0
7 13 9 11 0
7 13 9 12 0
7 13 9 13 0
7 13 9 14 0
7 13 9 15 0
7 13 10 0 0
7 13 10 1 0
7 13 10 2 0
7 13 10 3 0
7 13 10 4 0
7 13 10 5 0
7 13 10 6 0
7 13 10 7 0
7 13 10 8 0
7 13 10 9 0
7 13 10 10 0
7 13 10 11 0
7 13 10 12 0
7 13 10 13 0
7 13 10 14 0
7 13 10 15 0
7 13 11 0 0
7 13 11 1 0
7 13 11 2 0
7 13 11 3 0
7 13 11 4 0
7 13 11 5 0
7 13 11 6 0
7 13 11 7 0
7 13 11 8 0
7 13 11 9 0
7 13 11 10 0
7 13 11 11 0
7 13 11 12 0
7 13 11 13 0
7 13 11 14 0
7 13 11 15 0
7 13 12 0 0
7 13 12 1 0
7 13 12 2 0
7 13 12 3 0
7 13 12 4 0
7 13 12 5 0
7 13 12 6 0
7 13 12 7 0
7 13 12 8 0
7 13 12 9 0
7 13 12 10 0
7 13 12 11 0
7 13 12 12 0
7 13 12 13 0
7 13 12 14 0
7 13 12 15 0
7 13 13 0 0
7 13 13 1 0
7 13 13 2 0
7 13 13 3 0
7 13 13 4 0
7 13 13 5 0
7 13 13 6 0
7 13 13 7 0
7 13 13 8 0
7 13 13 9 0
7 13 13 10 0
7 13 13 11 0
7 13 13 12 0
7 13 13 13 0
7 13 13 14 0
7 13 13 15 0
7 13 14 0 0
7 13 14 1 0
7 13 14 2 0
7 13 14 3 0
7 13 14 4 0
7 13 14 5 0
7 13 14 6 0
7 13 14 7 0
7 13 14 8 0
7 13 14 9 0
7 13 14 10 0
7 13 14 11 0
7 13 14 12 0
7 13 14 13 0
7 13 14 14 0
7 13 14 15 0
7 13 15 0 0
7 13 15 1 0
7 13 15 2 0
7 13 15 3 0
7 13 15 4 0
7 13 15 5 0
7 13 15 6 0
7 13 15 7 0
7 13 15 8 0
7 13 15 9 0
7 13 15 10 0
7 13 15 11 0
7 13 15 12 0
7 13 15 13 0
7 13 15 14 0
7 13 15 15 0
7 14 0 0 0
7 14 0 1 0
7 14 0 2 0
7 14 0 3 0
7 14 0 4 0
7 14 0 5 0
7 14 0 6 0
7 14 0 7 0
7 14 0 8 0
7 14 0 9 0
7 14 0 10 0
7 14 0 11 0
7 14 0 12 0
7 14 0 13 0
7 14 0 14 0
7 14 0 15 0
7 14 1 0 0
7 14 1 1 0
7 14 1 2 0
7 14 1 3 0
7 14 1 4 0
7 14 1 5 0
7 14 1 6 0
7 14 1 7 0
7 14 1 8 0
7 14 1 9 0
7 14 1 10 0
7 14 1 11 0
7 14 1 12 0
7 14 1 13 0
7 14 1 14 0
7 14 1 15 0
7 14 2 0 0
7 14 2 1 0
7 14 2 2 0
7 14 2 3 0
7 14 2 4 0
7 14 2 5 0
7 14 2 6 0
7 14 2 7 0
7 14 2 8 0
7 14 2 9 0
7 14 2 10 0
7 14 2 11 0
7 14 2 12 0
7 14 2 13 0
7 14 2 14 0
7 14 2 15 0
7 14 3 0 0
7 14 3 1 0
7 14 3 2 0
7 14 3 3 0
7 14 3 4 0
7 14 3 5 0
7 14 3 6 0
7 14 3 7 0
7 14 3 8 0
7 14 3 9 0
7 14 3 10 0
7 14 3 11 0
7 14 3 12 0
7 14 3 13 0
7 14 3 14 0
7 14 3 15 0
7 14 4 0 0
7 14 4 1 0
7 14 4 2 0
7 14 4 3 0
7 14 4 4 0
7 14 4 5 0
7 14 4 6 0
7 14 4 7 0
7 14 4 8 0
7 14 4 9 0
7 14 4 10 0
7 14 4 11 0
7 14 4 12 0
7 14 4 13 0
7 14 4 14 0
7 14 4 15 0
7 14 5 0 0
7 14 5 1 0
7 14 5 2 0
7 14 5 3 0
7 14 5 4 0
7 14 5 5 0
7 14 5 6 0
7 14 5 7 0
7 14 5 8 0
7 14 5 9 0
7 14 5 10 0
7 14 5 11 0
7 14 5 12 0
7 14 5 13 0
7 14 5 14 0
7 14 5 15 0
7 14 6 0 0
7 14 6 1 0
7 14 6 2 0
7 14 6 3 0
7 14 6 4 0
7 14 6 5 0
7 14 6 6 0
7 14 6 7 0
7 14 6 8 0
7 14 6 9 0
7 14 6 10 0
7 14 6 11 0
7 14 6 12 0
7 14 6 13 0
7 14 6 14 0
7 14 6 15 0
7 14 7 0 0
7 14 7 1 0
7 14 7 2 0
7 14 7 3 0
7 14 7 4 0
7 14 7 5 0
7 14 7 6 0
7 14 7 7 0
7 14 7 8 0
7 14 7 9 0
7 14 7 10 0
7 14 7 11 0
7 14 7 12 0
7 14 7 13 0
7 14 7 14 0
7 14 7 15 0
7 14 8 0 0
7 14 8 1 0
7 14 8 2 0
7 14 8 3 0
7 14 8 4 0
7 14 8 5 0
7 14 8 6 0
7 14 8 7 0
7 14 8 8 0
7 14 8 9 0
7 14 8 10 0
7 14 8 11 0
7 14 8 12 0
7 14 8 13 0
7 14 8 14 0
7 14 8 15 0
7 14 9 0 0
7 14 9 1 0
7 14 9 2 0
7 14 9 3 0
7 14 9 4 0
7 14 9 5 0
7 14 9 6 0
7 14 9 7 0
7 14 9 8 0
7 14 9 9 0
7 14 9 10 0
7 14 9 11 0
7 14 9 12 0
7 14 9 13 0
7 14 9 14 0
7 14 9 15 0
7 14 10 0 0
7 14 10 1 0
7 14 10 2 0
7 14 10 3 0
7 14 10 4 0
7 14 10 5 0
7 14 10 6 0
7 14 10 7 0
7 14 10 8 0
7 14 10 9 0
7 14 10 10 0
7 14 10 11 0
7 14 10 12 0
7 14 10 13 0
7 14 10 14 0
7 14 10 15 0
7 14 11 0 0
7 14 11 1 0
7 14 11 2 0
7 14 11 3 0
7 14 11 4 0
7 14 11 5 0
7 14 11 6 0
7 14 11 7 0
7 14 11 8 0
7 14 11 9 0
7 14 11 10 0
7 14 11 11 0
7 14 11 12 0
7 14 11 13 0
7 14 11 14 0
7 14 11 15 0
7 14 12 0 0
7 14 12 1 0
7 14 12 2 0
7 14 12 3 0
7 14 12 4 0
7 14 12 5 0
7 14 12 6 0
7 14 12 7 0
7 14 12 8 0
7 14 12 9 0
7 14 12 10 0
7 14 12 11 0
7 14 12 12 0
7 14 12 13 0
7 14 12 14 0
7 14 12 15 0
7 14 13 0 0
7 14 13 1 0
7 14 13 2 0
7 14 13 3 0
7 14 13 4 0
7 14 13 5 0
7 14 13 6 0
7 14 13 7 0
7 14 13 8 0
7 14 13 9 0
7 14 13 10 0
7 14 13 11 0
7 14 13 12 0
7 14 13 13 0
7 14 13 14 0
7 14 13 15 0
7 14 14 0 0
7 14 14 1 0
7 14 14 2 0
7 14 14 3 0
7 14 14 4 0
7 14 14 5 0
7 14 14 6 0
7 14 14 7 0
7 14 14 8 0
7 14 14 9 0
7 14 14 10 0
7 14 14 11 0
7 14 14 12 0
7 14 14 13 0
7 14 14 14 0
7 14 14 15 0
7 14 15 0 0
7 14 15 1 0
7 14 15 2 0
7 14 15 3 0
7 14 15 4 0
7 14 15 5 0
7 14 15 6 0
7 14 15 7 0
7 14 15 8 0
7 14 15 9 0
7 14 15 10 0
7 14 15 11 0
7 14 15 12 0
7 14 15 13 0
7 14 15 14 0
7 14 15 15 0
7 15 0 0 0
7 15 0 1 0
7 15 0 2 0
7 15 0 3 0
7 15 0 4 0
7 15 0 5 0
7 15 0 6 0
7 15 0 7 0
7 15 0 8 0
7 15 0 9 0
7 15 0 10 0
7 15 0 11 0
7 15 0 12 0
7 15 0 13 0
7 15 0 14 0
7 15 0 15 0
7 15 1 0 0
7 15 1 1 0
7 15 1 2 0
7 15 1 3 0
7 15 1 4 0
7 15 1 5 0
7 15 1 6 0
7 15 1 7 0
7 15 1 8 0
7 15 1 9 0
7 15 1 10 0
7 15 1 11 0
7 15 1 12 0
7 15 1 13 0
7 15 1 14 0
7 15 1 15 0
7 15 2 0 0
7 15 2 1 0
7 15 2 2 0
7 15 2 3 0
7 15 2 4 0
7 15 2 5 0
7 15 2 6 0
7 15 2 7 0
7 15 2 8 0
7 15 2 9 0
7 15 2 10 0
7 15 2 11 0
7 15 2 12 0
7 15 2 13 0
7 15 2 14 0
7 15 2 15 0
7 15 3 0 0
7 15 3 1 0
7 15 3 2 0
7 15 3 3 0
7 15 3 4 0
7 15 3 5 0
7 15 3 6 0
7 15 3 7 0
7 15 3 8 0
7 15 3 9 0
7 15 3 10 0
7 15 3 11 0
7 15 3 12 0
7 15 3 13 0
7 15 3 14 0
7 15 3 15 0
7 15 4 0 0
7 15 4 1 0
7 15 4 2 0
7 15 4 3 0
7 15 4 4 0
7 15 4 5 0
7 15 4 6 0
7 15 4 7 0
7 15 4 8 0
7 15 4 9 0
7 15 4 10 0
7 15 4 11 0
7 15 4 12 0
7 15 4 13 0
7 15 4 14 0
7 15 4 15 0
7 15 5 0 0
7 15 5 1 0
7 15 5 2 0
7 15 5 3 0
7 15 5 4 0
7 15 5 5 0
7 15 5 6 0
7 15 5 7 0
7 15 5 8 0
7 15 5 9 0
7 15 5 10 0
7 15 5 11 0
7 15 5 12 0
7 15 5 13 0
7 15 5 14 0
7 15 5 15 0
7 15 6 0 0
7 15 6 1 0
7 15 6 2 0
7 15 6 3 0
7 15 6 4 0
7 15 6 5 0
7 15 6 6 0
7 15 6 7 0
7 15 6 8 0
7 15 6 9 0
7 15 6 10 0
7 15 6 11 0
7 15 6 12 0
7 15 6 13 0
7 15 6 14 0
7 15 6 15 0
7 15 7 0 0
7 15 7 1 0
7 15 7 2 0
7 15 7 3 0
7 15 7 4 0
7 15 7 5 0
7 15 7 6 0
7 15 7 7 0
7 15 7 8 0
7 15 7 9 0
7 15 7 10 0
7 15 7 11 0
7 15 7 12 0
7 15 7 13 0
7 15 7 14 0
7 15 7 15 0
7 15 8 0 0
7 15 8 1 0
7 15 8 2 0
7 15 8 3 0
7 15 8 4 0
7 15 8 5 0
7 15 8 6 0
7 15 8 7 0
7 15 8 8 0
7 15 8 9 0
7 15 8 10 0
7 15 8 11 0
7 15 8 12 0
7 15 8 13 0
7 15 8 14 0
7 15 8 15 0
7 15 9 0 0
7 15 9 1 0
7 15 9 2 0
7 15 9 3 0
7 15 9 4 0
7 15 9 5 0
7 15 9 6 0
7 15 9 7 0
7 15 9 8 0
7 15 9 9 0
7 15 9 10 0
7 15 9 11 0
7 15 9 12 0
7 15 9 13 0
7 15 9 14 0
7 15 9 15 0
7 15 10 0 0
7 15 10 1 0
7 15 10 2 0
7 15 10 3 0
7 15 10 4 0
7 15 10 5 0
7 15 10 6 0
7 15 10 7 0
7 15 10 8 0
7 15 10 9 0
7 15 10 10 0
7 15 10 11 0
7 15 10 12 0
7 15 10 13 0
7 15 10 14 0
7 15 10 15 0
7 15 11 0 0
7 15 11 1 0
7 15 11 2 0
7 15 11 3 0
7 15 11 4 0
7 15 11 5 0
7 15 11 6 0
7 15 11 7 0
7 15 11 8 0
7 15 11 9 0
7 15 11 10 0
7 15 11 11 0
7 15 11 12 0
7 15 11 13 0
7 15 11 14 0
7 15 11 15 0
7 15 12 0 0
7 15 12 1 0
7 15 12 2 0
7 15 12 3 0
7 15 12 4 0
7 15 12 5 0
7 15 12 6 0
7 15 12 7 0
7 15 12 8 0
7 15 12 9 0
7 15 12 10 0
7 15 12 11 0
7 15 12 12 0
7 15 12 13 0
7 15 12 14 0
7 15 12 15 0
7 15 13 0 0
7 15 13 1 0
7 15 13 2 0
7 15 13 3 0
7 15 13 4 0
7 15 13 5 0
7 15 13 6 0
7 15 13 7 0
7 15 13 8 0
7 15 13 9 0
7 15 13 10 0
7 15 13 11 0
7 15 13 12 0
7 15 13 13 0
7 15 13 14 0
7 15 13 15 0
7 15 14 0 0
7 15 14 1 0
7 15 14 2 0
7 15 14 3 0
7 15 14 4 0
7 15 14 5 0
7 15 14 6 0
7 15 14 7 0
7 15 14 8 0
7 15 14 9 0
7 15 14 10 0
7 15 14 11 0
7 15 14 12 0
7 15 14 13 0
7 15 14 14 0
7 15 14 15 0
7 15 15 0 0
7 15 15 1 0
7 15 15 2 0
7 15 15 3 0
7 15 15 4 0
7 15 15 5 0
7 15 15 6 0
7 15 15 7 0
7 15 15 8 0
7 15 15 9 0
7 15 15 10 0
7 15 15 11 0
7 15 15 12 0
7 15 15 13 0
7 15 15 14 0
7 15 15 15 0
8 0 0 0 0
8 0 0 1 0
8 0 0 2 0
8 0 0 3 -0.05347125436851322
8 0 0 4 0
8 0 0 5 0
8 0 0 6 0
8 0 0 7 0
8 0 0 8 -0.004140746249246275
8 0 0 9 0
8 0 0 10 0
8 0 0 11 0
8 0 0 12 0
8 0 0 13 0
8 0 0 14 0
8 0 0 15 0
8 0 1 0 0
8 0 1 1 0
8 0 1 2 0
8 0 1 3 0
8 0 1 4 0
8 0 1 5 0
8 0 1 6 0
8 0 1 7 0
8 0 1 8 0
8 0 1 9 0
8 0 1 10 0
8 0 1 11 0
8 0 1 12 0
8 0 1 13 0
8 0 1 14 0
8 0 1 15 0
8 0 2 0 0
8 0 2 1 0
8 0 2 2 0
8 0 2 3 0
8 0 2 4 0
8 0 2 5 0
8 0 2 6 0
8 0 2 7 0
8 0 2 8 0
8 0 2 9 0
8 0 2 10 0
8 0 2 11 0
8 0 2 12 0
8 0 2 13 0
8 0 2 14 0
8 0 2 15 0
8 0 3 0 0.1069425087370264
8 0 3 1 0
8 0 3 2 0
8 0 3 3 0
8 0 3 4 0
8 0 3 5 0
8 0 3 6 0
8 0 3 7 0
8 0 3 8 0
8 0 3 9 0
8 0 3 10 0
8 0 3 11 -0.0008664076782723926
8 0 3 12 0
8 0 3 13 0
8 0 3 14 0
8 0 3 15 0
8 0 4 0 0
8 0 4 1 0
8 0 4 2 0
8 0 4 3 0
8 0 4 4 0
8 0 4 5 0
8 0 4 6 0
8 0 4 7 0
8 0 4 8 0
8 0 4 9 0
8 0 4 10 0
8 0 4 11 0
8 0 4 12 0
8 0 4 13 0
8 0 4 14 0
8 0 4 15 0
8 0 5 0 0
8 0 5 1 0
8 0 5 2 0
8 0 5 3 0
8 0 5 4 0
8 0 5 5 0
8 0 5 6 0
8 0 5 7 0
8 0 5 8 0
8 0 5 9 0
8 0 5 10 0
8 0 5 11 0
8 0 5 12 0
8 0 5 13 0
8 0 5 14 0
8 0 5 15 0
8 0 6 0 0
8 0 6 1 0
8 0 6 2 0
8 0 6 3 0
8 0 6 4 0
8 0 6 5 0
8 0 6 6 0
8 0 6 7 0
8 0 6 8 0
8 0 6 9 0
8 0 6 10 0
8 0 6 11 0
8 0 6 12 0
8 0 6 13 0
8 0 6 14 0
8 0 6 15 0
8 0 7 0 0
8 0 7 1 0
8 0 7 2 0
8 0 7 3 0
8 0 7 4 0
8 0 7 5 0
8 0 7 6 0
8 0 7 7 0
8 0 7 8 0
8 0 7 9 0
8 0 7 10 0
8 0 7 11 0
8 0 7 12 0
8 0 7 13 0
8 0 7 14 0
8 0 7 15 0
8 0 8 0 0.008281492498492551
8 0 8 1 0
8 0 8 2 0
8 0 8 3 0
8 0 8 4 0
8 0 8 5 0
8 0 8 6 0
8 0 8 7 0
8 0 8 8 0
8 0 8 9 0
8 0 8 10 0
8 0 8 11 0
8 0 8 12 0
8 0 8 13 0
8 0 8 14 0
8 0 8 15 0
8 0 9 0 0
8 0 9 1 0
8 0 9 2 0
8 0 9 3 0
8 0 9 4 0
8 0 9 5 0
8 0 9 6 0
8 0 9 7 0
8 0 9 8 0
8 0 9 9 0
8 0 9 10 0
8 0 9 11 0
8 0 9 12 0
8 0 9 13 0
8 0 9 14 0
8 0 9 15 0
8 0 10 0 0
8 0 10 1 0
8 0 10 2 0
8 0 10 3 0
8 0 10 4 0
8 0 10 5 0
8 0 10 6 0
8 0 10 7 0
8 0 10 8 0
8 0 10 9 0
8 0 10 10 0
8 0 10 11 0
8 0 10 12 0
8 0 10 13 0
8 0 10 14 0
8 0 10 15 0
8 0 11 0 0
8 0 11 1 0
8 0 11 2 0
8 0 11 3 -0.0007384671297031295
8 0 11 4 0
8 0 11 5 0
8 0 11 6 0
8 0 11 7 0
8 0 11 8 0
8 0 11 9 0
8 0 11 10 0
8 0 11 11 0
8 0 11 12 0
8 0 11 13 0
8 0 11 14 0
8 0 11 15 0
8 0 12 0 0
8 0 12 1 0
8 0 12 2 0
8 0 12 3 0
8 0 12 4 0
8 0 12 5 0
8 0 12 6 0
8 0 12 7 0
8 0 12 8 0
8 0 12 9 0
8 0 12 10 0
8 0 12 11 0
8 0 12 12 0
8 0 12 13 0
8 0 12 14 0
8 0 12 15 0
8 0 13 0 0
8 0 13 1 0
8 0 13 2 0
8 0 13 3 0
8 0 13 4 0
8 0 13 5 0
8 0 13 6 0
8 0 13 7 0
8 0 13 8 0
8 0 13 9 0
8 0 13 10 0
8 0 13 11 0
8 0 13 12 0
8 0 13 13 0
8 0 13 14 0
8 0 13 15 0
8 0 14 0 0
8 0 14 1 0
8 0 14 2 0
8 0 14 3 0
8 0 14 4 0
8 0 14 5 0
8 0 14 6 0
8 0 14 7 0
8 0 14 8 0
8 0 14 9 0
8 0 14 10 0
8 0 14 11 0
8 0 14 12 0
8 0 14 13 0
8 0 14 14 0
8 0 14 15 0
8 0 15 0 0
8 0 15 1 0
8 0 15 2 0
8 0 15 3 0
8 0 15 4 0
8 0 15 5 0
8 0 15 6 0
8 0 15 7 0
8 0 15 8 0
8 0 15 9 0
8 0 15 10 0
8 0 15 11 0
8 0 15 12 0
8 0 15 13 0
8 0 15 14 0
8 0 15 15 0
8 1 0 0 0
8 1 0 1 0
8 1 0 2 0
8 1 0 3 0
8 1 0 4 0
8 1 0 5 0
8 1 0 6 0
8 1 0 7 0
8 1 0 8 0
8 1 0 9 0
8 1 0 10 0
8 1 0 11 0
8 1 0 12 0
8 1 0 13 0
8 1 0 14 0
8 1 0 15 0
8 1 1 0 0
8 1 1 1 0
8 1 1 2 0
8 1 1 3 -0.05347125436851322
8 1 1 4 0
8 1 1 5 0
8 1 1 6 0
8 1 1 7 0
8 1 1 8 -0.004140746249246275
8 1 1 9 0
8 1 1 10 0
8 1 1 11 0
8 1 1 12 0
8 1 1 13 0
8 1 1 14 0
8 1 1 15 0
8 1 2 0 0
8 1 2 1 0
8 1 2 2 0
8 1 2 3 0
8 1 2 4 0
8 1 2 5 0
8 1 2 6 0
8 1 2 7 0
8 1 2 8 0
8 1 2 9 0
8 1 2 10 0
8 1 2 11 0
8 1 2 12 0
8 1 2 13 0
8 1 2 14 0
8 1 2 15 0
8 1 3 0 0
8 1 3 1 0.1069425087370264
8 1 3 2 0
8 1 3 3 0
8 1 3 4 0
8 1 3 5 0
8 1 3 6 0
8 1 3 7 0
8 1 3 8 0
8 1 3 9 0
8 1 3 10 0
8 1 3 11 0
8 1 3 12 0
8 1 3 13 0
8 1 3 14 0
8 1 3 15 0.0008860401778468443
8 1 4 0 0
8 1 4 1 0
8 1 4 2 0
8 1 4 3 0
8 1 4 4 0
8 1 4 5 0
8 1 4 6 0
8 1 4 7 0
8 1 4 8 0
8 1 4 9 0
8 1 4 10 0
8 1 4 11 0
8 1 4 12 0
8 1 4 13 0
8 1 4 14 0
8 1 4 15 0
8 1 5 0 0
8 1 5 1 0
8 1 5 2 0
8 1 5 3 0
8 1 5 4 0
8 1 5 5 0
8 1 5 6 0
8 1 5 7 0
8 1 5 8 0
8 1 5 9 0
8 1 5 10 0
8 1 5 11 0
8 1 5 12 0
8 1 5 13 0
8 1 5 14 0
8 1 5 15 0
8 1 6 0 0
8 1 6 1 0
8 1 6 2 0
8 1 6 3 0
8 1 6 4 0
8 1 6 5 0
8 1 6 6 0
8 1 6 7 0
8 1 6 8 0
8 1 6 9 0
8 1 6 10 0
8 1 6 11 0
8 1 6 12 0
8 1 6 13 0
8 1 6 14 0
8 1 6 15 0
8 1 7 0 0
8 1 7 1 0
8 1 7 2 0
8 1 7 3 0
8 1 7 4 0
8 1 7 5 0
8 1 7 6 0
8 1 7 7 0
8 1 7 8 0
8 1 7 9 0
8 1 7 10 0
8 1 7 11 0
8 1 7 12 0
8 1 7 13 0
8 1 7 14 0
8 1 7 15 0
8 1 8 0 0
8 1 8 1 0.008281492498492551
8 1 8 2 0
8 1 8 3 0
8 1 8 4 0
8 1 8 5 0
8 1 8 6 0
8 1 8 7 0
8 1 8 8 0
8 1 8 9 0
8 1 8 10 0
8 1 8 11 0
8 1 8 12 0
8 1 8 13 0
8 1 8 14 0
8 1 8 15 0
8 1 9 0 0
8 1 9 1 0
8 1 9 2 0
8 1 9 3 0
8 1 9 4 0
8 1 9 5 0
8 1 9 6 0
8 1 9 7 0
8 1 9 8 0
8 1 9 9 0
8 1 9 10 0
8 1 9 11 0
8 1 9 12 0
8 1 9 13 0
8 1 9 14 0
8 1 9 15 0
8 1 10 0 0
8 1 10 1 0
8 1 10 2 0
8 1 10 3 0
8 1 10 4 0
8 1 10 5 0
8 1 10 6 0
8 1 10 7 0
8 1 10 8 0
8 1 10 9 0
8 1 10 10 0
8 1 10 11 0
8 1 10 12 0
8 1 10 13 0
8 1 10 14 0
8 1 10 15 0
8 1 11 0 0
8 1 11 1 0
8 1 11 2 0
8 1 11 3 0
8 1 11 4 0
8 1 11 5 0
8 1 11 6 0
8 1 11 7 0
8 1 11 8 0
8 1 11 9 0
8 1 11 10 0
8 1 11 11 0
8 1 11 12 0
8 1 11 13 0
8 1 11 14 0
8 1 11 15 0
8 1 12 0 0
8 1 12 1 0
8 1 12 2 0
8 1 12 3 0
8 1 12 4 0
8 1 12 5 0
8 1 12 6 0
8 1 12 7 0
8 1 12 8 0
8 1 12 9 0
8 1 12 10 0
8 1 12 11 0
8 1 12 12 0
8 1 12 13 0
8 1 12 14 0
8 1 12 15 0
8 1 13 0 0
8 1 13 1 0
8 1 13 2 0
8 1 13 3 0
8 1 13 4 0
8 1 13 5 0
8 1 13 6 0
8 1 13 7 0
8 1 13 8 0
8 1 13 9 0
8 1 13 10 0
8 1 13 11 0
8 1 13 12 0
8 1 13 13 0
8 1 13 14 0
8 1 13 15 0
8 1 14 0 0
8 1 14 1 0
8 1 14 2 0
8 1 14 3 0
8 1 14 4 0
8 1 14 5 0
8 1 14 6 0
8 1 14 7 0
8 1 14 8 0
8 1 14 9 0
8 1 14 10 0
8 1 14 11 0
8 1 14 12 0
8 1 14 13 0
8 1 14 14 0
8 1 14 15 0
8 1 15 0 0
8 1 15 1 0
8 1 15 2 0
8 1 15 3 -0.0002401174491708137
8 1 15 4 0
8 1 15 5 0
8 1 15 6 0
8 1 15 7 0
8 1 15 8 0
8 1 15 9 0
8 1 15 10 0
8 1 15 11 0
8 1 15 12 0
8 1 15 13 0
8 1 15 14 0
8 1 15 15 0
8 2 0 0 0
8 2 0 1 0
8 2 0 2 0
8 2 0 3 0
8 2 0 4 0
8 2 0 5 0
8 2 0 6 0
8 2 0 7 0
8 2 0 8 0
8 2 0 9 0
8 2 0 10 0
8 2 0 11 0
8 2 0 12 0
8 2 0 13 0
8 2 0 14 0
8 2 0 15 0
8 2 1 0 0
8 2 1 1 0
8 2 1 2 0
8 2 1 3 0
8 2 1 4 0
8 2 1 5 0
8 2 1 6 0
8 2 1 7 0
8 2 1 8 0
8 2 1 9 0
8 2 1 10 0
8 2 1 11 0
8 2 1 12 0
8 2 1 13 0
8 2 1 14 0
8 2 1 15 0
8 2 2 0 0
8 2 2 1 0
8 2 2 2 0
8 2 2 3 -0.05347125436851322
8 2 2 4 0
8 2 2 5 0
8 2 2 6 0
8 2 2 7 0
8 2 2 8 -0.004140746249246275
8 2 2 9 0
8 2 2 10 0
8 2 2 11 0
8 2 2 12 0
8 2 2 13 0
8 2 2 14 0
8 2 2 15 0
8 2 3 0 0
8 2 3 1 0
8 2 3 2 0.1069425087370264
8 2 3 3 0
8 2 3 4 0
8 2 3 5 0
8 2 3 6 0
8 2 3 7 0
8 2 3 8 0
8 2 3 9 0
8 2 3 10 0
8 2 3 11 -0.001903992669915773
8 2 3 12 0
8 2 3 13 0
8 2 3 14 0.002537163086037723
8 2 3 15 0
8 2 4 0 0
8 2 4 1 0
8 2 4 2 0
8 2 4 3 0
8 2 4 4 0
8 2 4 5 0
8 2 4 6 0
8 2 4 7 0
8 2 4 8 0
8 2 4 9 0
8 2 4 10 0
8 2 4 11 0
8 2 4 12 0
8 2 4 13 0
8 2 4 14 0
8 2 4 15 0
8 2 5 0 0
8 2 5 1 0
8 2 5 2 0
8 2 5 3 0
8 2 5 4 0
8 2 5 5 0
8 2 5 6 0
8 2 5 7 0
8 2 5 8 0
8 2 5 9 0
8 2 5 10 0
8 2 5 11 0
8 2 5 12 0
8 2 5 13 0
8 2 5 14 0
8 2 5 15 0
8 2 6 0 0
8 2 6 1 0
8 2 6 2 0
8 2 6 3 0
8 2 6 4 0
8 2 6 5 0
8 2 6 6 0
8 2 6 7 8.673617379884035e-19
8 2 6 8 0
8 2 6 9 0
8 2 6 10 0
8 2 6 11 0
8 2 6 12 0
8 2 6 13 0
8 2 6 14 0
8 2 6 15 0
8 2 7 0 0
8 2 7 1 0
8 2 7 2 0
8 2 7 3 0
8 2 7 4 0
8 2 7 5 0
8 2 7 6 0.01458790289127491
8 2 7 7 0
8 2 7 8 0
8 2 7 9 0
8 2 7 10 0
8 2 7 11 0
8 2 7 12 0
8 2 7 13 0
8 2 7 14 0
8 2 7 15 0
8 2 8 0 0
8 2 8 1 0
8 2 8 2 0.008281492498492551
8 2 8 3 0
8 2 8 4 0
8 2 8 5 0
8 2 8 6 0
8 2 8 7 0
8 2 8 8 0
8 2 8 9 0
8 2 8 10 0
8 2 8 11 0
8 2 8 12 0
8 2 8 13 0
8 2 8 14 0
8 2 8 15 0
8 2 9 0 0
8 2 9 1 0
8 2 9 2 0
8 2 9 3 0
8 2 9 4 0
8 2 9 5 0
8 2 9 6 0
8 2 9 7 0
8 2 9 8 0
8 2 9 9 0
8 2 9 10 0
8 2 9 11 0
8 2 9 12 0
8 2 9 13 0
8 2 9 14 0
8 2 9 15 0
8 2 10 0 0
8 2 10 1 0
8 2 10 2 0
8 2 10 3 0
8 2 10 4 0
8 2 10 5 0
8 2 10 6 0
8 2 10 7 0
8 2 10 8 0
8 2 10 9 0
8 2 10 10 0
8 2 10 11 0
8 2 10 12 0
8 2 10 13 0
8 2 10 14 0
8 2 10 15 0
8 2 11 0 0
8 2 11 1 0
8 2 11 2 0
8 2 11 3 0.0005244986035936182
8 2 11 4 0
8 2 11 5 0
8 2 11 6 0
8 2 11 7 0
8 2 11 8 0
8 2 11 9 0
8 2 11 10 0
8 2 11 11 0
8 2 11 12 0
8 2 11 13 0
8 2 11 14 0
8 2 11 15 0
8 2 12 0 0
8 2 12 1 0
8 2 12 2 0
8 2 12 3 0
8 2 12 4 0
8 2 12 5 0
8 2 12 6 0
8 2 12 7 0
8 2 12 8 0
8 2 12 9 0
8 2 12 10 0
8 2 12 11 0
8 2 12 12 0
8 2 12 13 0
8 2 12 14 0
8 2 12 15 0
8 2 13 0 0
8 2 13 1 0
8 2 13 2 0
8 2 13 3 0
8 2 13 4 0
8 2 13 5 0
8 2 13 6 0
8 2 13 7 0
8 2 13 8 0
8 2 13 9 0
8 2 13 10 0
8 2 13 11 0
8 2 13 12 0
8 2 13 13 0
8 2 13 14 0
8 2 13 15 0
8 2 14 0 0
8 2 14 1 0
8 2 14 2 0
8 2 14 3 -0.001860223154084772
8 2 14 4 0
8 2 14 5 0
8 2 14 6 0
8 2 14 7 0
8 2 14 8 0
8 2 14 9 0
8 2 14 10 0
8 2 14 11 0
8 2 14 12 0
8 2 14 13 0
8 2 14 14 0
8 2 14 15 0
8 2 15 0 0
8 2 15 1 0
8 2 15 2 0
8 2 15 3 0
8 2 15 4 0
8 2 15 5 0
8 2 15 6 0
8 2 15 7 0
8 2 15 8 0
8 2 15 9 0
8 2 15 10 0
8 2 15 11 0
8 2 15 12 0
8 2 15 13 0
8 2 15 14 0
8 2 15 15 0
8 3 0 0 0
8 3 0 1 0
8 3 0 2 0
8 3 0 3 0
8 3 0 4 0
8 3 0 5 0
8 3 0 6 0
8 3 0 7 0
8 3 0 8 0
8 3 0 9 0
8 3 0 10 0
8 3 0 11 0
8 3 0 12 0
8 3 0 13 0
8 3 0 14 0
8 3 0 15 0
8 3 1 0 0
8 3 1 1 0
8 3 1 2 0
8 3 1 3 0
8 3 1 4 0
8 3 1 5 0
8 3 1 6 0
8 3 1 7 0
8 3 1 8 0
8 3 1 9 0
8 3 1 10 0
8 3 1 11 0
8 3 1 12 0
8 3 1 13 0
8 3 1 14 0
8 3 1 15 0
8 3 2 0 0
8 3 2 1 0
8 3 2 2 0
8 3 2 3 0
8 3 2 4 0
8 3 2 5 0
8 3 2 6 0
8 3 2 7 0
8 3 2 8 0
8 3 2 9 0
8 3 2 10 0
8 3 2 11 0
8 3 2 12 0
8 3 2 13 0
8 3 2 14 0
8 3 2 15 0
8 3 3 0 0
8 3 3 1 0
8 3 3 2 0
8 3 3 3 1.828742961457549e-20
8 3 3 4 0
8 3 3 5 0
8 3 3 6 0
8 3 3 7 0
8 3 3 8 2.745587936951262e-20
8 3 3 9 0
8 3 3 10 0
8 3 3 11 0
8 3 3 12 0
8 3 3 13 0
8 3 3 14 0
8 3 3 15 0
8 3 4 0 0
8 3 4 1 0
8 3 4 2 0
8 3 4 3 0
8 3 4 4 0
8 3 4 5 0
8 3 4 6 0
8 3 4 7 0
8 3 4 8 0
8 3 4 9 0
8 3 4 10 0
8 3 4 11 0
8 3 4 12 0
8 3 4 13 0
8 3 4 14 0
8 3 4 15 0
8 3 5 0 0
8 3 5 1 0
8 3 5 2 0
8 3 5 3 0
8 3 5 4 0
8 3 5 5 0
8 3 5 6 0
8 3 5 7 0
8 3 5 8 0
8 3 5 9 0
8 3 5 10 0
8 3 5 11 0
8 3 5 12 0
8 3 5 13 0
8 3 5 14 0
8 3 5 15 0
8 3 6 0 0
8 3 6 1 0
8 3 6 2 0
8 3 6 3 0
8 3 6 4 0
8 3 6 5 0
8 3 6 6 -5.369673908319772e-20
8 3 6 7 0
8 3 6 8 0
8 3 6 9 0
8 3 6 10 0
8 3 6 11 0
8 3 6 12 0
8 3 6 13 1.612171952846959e-20
8 3 6 14 0
8 3 6 15 0
8 3 7 0 0
8 3 7 1 0
8 3 7 2 0
8 3 7 3 0
8 3 7 4 0
8 3 7 5 0
8 3 7 6 0
8 3 7 7 0
8 3 7 8 0
8 3 7 9 0
8 3 7 10 0
8 3 7 11 0
8 3 7 12 0
8 3 7 13 0
8 3 7 14 0
8 3 7 15 0
8 3 8 0 0
8 3 8 1 0
8 3 8 2 0
8 3 8 3 2.897047562600509e-20
8 3 8 4 0
8 3 8 5 0
8 3 8 6 0
8 3 8 7 0
8 3 8 8 0
8 3 8 9 0
8 3 8 10 0
8 3 8 11 0
8 3 8 12 0
8 3 8 13 0
8 3 8 14 0
8 3 8 15 0
8 3 9 0 0
8 3 9 1 0
8 3 9 2 0
8 3 9 3 0
8 3 9 4 0
8 3 9 5 0
8 3 9 6 0
8 3 9 7 0
8 3 9 8 0
8 3 9 9 0
8 3 9 10 0
8 3 9 11 0
8 3 9 12 0
8 3 9 13 0
8 3 9 14 0
8 3 9 15 0
8 3 10 0 0
8 3 10 1 0
8 3 10 2 0
8 3 10 3 0
8 3 10 4 0
8 3 10 5 0
8 3 10 6 0
8 3 10 7 0
8 3 10 8 0
8 3 10 9 0
8 3 10 10 0
8 3 10 11 0
8 3 10 12 0
8 3 10 13 0
8 3 10 14 0
8 3 10 15 0
8 3 11 0 0
8 3 11 1 0
8 3 11 2 0
8 3 11 3 0
8 3 11 4 0
8 3 11 5 0
8 3 11 6 0
8 3 11 7 0
8 3 11 8 0
8 3 11 9 0
8 3 11 10 0
8 3 11 11 0
8 3 11 12 0
8 3 11 13 0
8 3 11 14 0
8 3 11 15 0
8 3 12 0 0
8 3 12 1 0
8 3 12 2 0
8 3 12 3 0
8 3 12 4 0
8 3 12 5 0
8 3 12 6 0
8 3 12 7 0
8 3 12 8 0
8 3 12 9 0
8 3 12 10 0
8 3 12 11 0
8 3 12 12 0
8 3 12 13 0
8 3 12 14 0
8 3 12 15 0
8 3 13 0 0
8 3 13 1 0
8 3 13 2 0
8 3 13 3 0
8 3 13 4 0
8 3 13 5 0
8 3 13 6 1.751280242075469e-20
8 3 13 7 0
8 3 13 8 0
8 3 13 9 0
8 3 13 10 0
8 3 13 11 0
8 3 13 12 0
8 3 13 13 0
8 3 13 14 0
8 3 13 15 0
8 3 14 0 0
8 3 14 1 0
8 3 14 2 0
8 3 14 3 0
8 3 14 4 0
8 3 14 5 0
8 3 14 6 0
8 3 14 7 0
8 3 14 8 0
8 3 14 9 0
8 3 14 10 0
8 3 14 11 0
8 3 14 12 0
8 3 14 13 0
8 3 14 14 0
8 3 14 15 0
8 3 15 0 0
8 3 15 1 0
8 3 15 2 0
8 3 15 3 0
8 3 15 4 0
8 3 15 5 0
8 3 15 6 0
8 3 15 7 0
8 3 15 8 0
8 3 15 9 0
8 3 15 10 0
8 3 15 11 0
8 3 15 12 0
8 3 15 13 0
8 3 15 14 0
8 3 15 15 0
8 4 0 0 0
8 4 0 1 0
8 4 0 2 0
8 4 0 3 0
8 4 0 4 0
8 4 0 5 0
8 4 0 6 0
8 4 0 7 0
8 4 0 8 0
8 4 0 9 0
8 4 0 10 0
8 4 0 11 0
8 4 0 12 0
8 4 0 13 0
8 4 0 14 0
8 4 0 15 0
8 4 1 0 0
8 4 1 1 0
8 4 1 2 0
8 4 1 3 0
8 4 1 4 0
8 4 1 5 0
8 4 1 6 0
8 4 1 7 0
8 4 1 8 0
8 4 1 9 0
8 4 1 10 0
8 4 1 11 0
8 4 1 12 0
8 4 1 13 0
8 4 1 14 0
8 4 1 15 0
8 4 2 0 0
8 4 2 1 0
8 4 2 2 0
8 4 2 3 0
8 4 2 4 0
8 4 2 5 0
8 4 2 6 0
8 4 2 7 0
8 4 2 8 0
8 4 2 9 0
8 4 2 10 0
8 4 2 11 0
8 4 2 12 0
8 4 2 13 0
8 4 2 14 0
8 4 2 15 0
8 4 3 0 0
8 4 3 1 0
8 4 3 2 0
8 4 3 3 0
8 4 3 4 0.05347125436851321
8 4 3 5 0
8 4 3 6 0
8 4 3 7 0
8 4 3 8 0
8 4 3 9 0.004068934719548929
8 4 3 10 0
8 4 3 11 0
8 4 3 12 0
8 4 3 13 0
8 4 3 14 0
8 4 3 15 0
8 4 4 0 0
8 4 4 1 0
8 4 4 2 0
8 4 4 3 -0.05347125436851321
8 4 4 4 0
8 4 4 5 0
8 4 4 6 0
8 4 4 7 0
8 4 4 8 -0.004140746249246275
8 4 4 9 0
8 4 4 10 0
8 4 4 11 0
8 4 4 12 0
8 4 4 13 0
8 4 4 14 0
8 4 4 15 0
8 4 5 0 0
8 4 5 1 0
8 4 5 2 0
8 4 5 3 0
8 4 5 4 0
8 4 5 5 0
8 4 5 6 7.705369644160156e-20
8 4 5 7 0
8 4 5 8 0
8 4 5 9 0
8 4 5 10 0
8 4 5 11 0
8 4 5 12 0
8 4 5 13 -5.4234323044238e-21
8 4 5 14 0
8 4 5 15 0
8 4 6 0 0
8 4 6 1 0
8 4 6 2 0
8 4 6 3 0
8 4 6 4 0
8 4 6 5 5.834570149431065e-21
8 4 6 6 0
8 4 6 7 0
8 4 6 8 0
8 4 6 9 0
8 4 6 10 0
8 4 6 11 0
8 4 6 12 1.193683218173499e-20
8 4 6 13 0
8 4 6 14 0
8 4 6 15 0
8 4 7 0 0
8 4 7 1 0
8 4 7 2 0
8 4 7 3 0
8 4 7 4 0
8 4 7 5 0
8 4 7 6 0
8 4 7 7 0
8 4 7 8 0
8 4 7 9 0
8 4 7 10 0
8 4 7 11 0
8 4 7 12 0
8 4 7 13 0
8 4 7 14 0
8 4 7 15 0
8 4 8 0 0
8 4 8 1 0
8 4 8 2 0
8 4 8 3 0
8 4 8 4 0.004140746249246275
8 4 8 5 0
8 4 8 6 0
8 4 8 7 0
8 4 8 8 0
8 4 8 9 0
8 4 8 10 0
8 4 8 11 0
8 4 8 12 0
8 4 8 13 0
8 4 8 14 0
8 4 8 15 0
8 4 9 0 0
8 4 9 1 0
8 4 9 2 0
8 4 9 3 -0.004068934719548928
8 4 9 4 0
8 4 9 5 0
8 4 9 6 0
8 4 9 7 0
8 4 9 8 0
8 4 9 9 0
8 4 9 10 0
8 4 9 11 0
8 4 9 12 0
8 4 9 13 0
8 4 9 14 0
8 4 9 15 0
8 4 10 0 0
8 4 10 1 0
8 4 10 2 0
8 4 10 3 0
8 4 10 4 0
8 4 10 5 0
8 4 10 6 0
8 4 10 7 0
8 4 10 8 0
8 4 10 9 0
8 4 10 10 0
8 4 10 11 0
8 4 10 12 0
8 4 10 13 0
8 4 10 14 0
8 4 10 15 0
8 4 11 0 0
8 4 11 1 0
8 4 11 2 0
8 4 11 3 0
8 4 11 4 0
8 4 11 5 0
8 4 11 6 0
8 4 11 7 0
8 4 11 8 0
8 4 11 9 0
8 4 11 10 0
8 4 11 11 0
8 4 11 12 0
8 4 11 13 0
8 4 11 14 0
8 4 11 15 0
8 4 12 0 0
8 4 12 1 0
8 4 12 2 0
8 4 12 3 0
8 4 12 4 0
8 4 12 5 0
8 4 12 6 -2.832759171457404e-21
8 4 12 7 0
8 4 12 8 0
8 4 12 9 0
8 4 12 10 0
8 4 12 11 0
8 4 12 12 0
8 4 12 13 0
8 4 12 14 0
8 4 12 15 0
8 4 13 0 0
8 4 13 1 0
8 4 13 2 0
8 4 13 3 0
8 4 13 4 0
8 4 13 5 1.407184915842614e-20
8 4 13 6 0
8 4 13 7 0
8 4 13 8 0
8 4 13 9 0
8 4 13 10 0
8 4 13 11 0
8 4 13 12 0
8 4 13 13 0
8 4 13 14 0
8 4 13 15 0
8 4 14 0 0
8 4 14 1 0
8 4 14 2 0
8 4 14 3 0
8 4 14 4 0
8 4 14 5 0
8 4 14 6 0
8 4 14 7 0
8 4 14 8 0
8 4 14 9 0
8 4 14 10 0
8 4 14 11 0
8 4 14 12 0
8 4 14 13 0
8 4 14 14 0
8 4 14 15 0
8 4 15 0 0
8 4 15 1 0
8 4 15 2 0
8 4 15 3 0
8 4 15 4 0
8 4 15 5 0
8 4 15 6 0
8 4 15 7 0
8 4 15 8 0
8 4 15 9 0
8 4 15 10 0
8 4 15 11 0
8 4 15 12 0
8 4 15 13 0
8 4 15 14 0
8 4 15 15 0
8 5 0 0 0
8 5 0 1 0
8 5 0 2 0
8 5 0 3 0
8 5 0 4 0
8 5 0 5 0
8 5 0 6 0
8 5 0 7 0
8 5 0 8 0
8 5 0 9 0
8 5 0 10 0
8 5 0 11 0
8 5 0 12 0
8 5 0 13 0
8 5 0 14 0
8 5 0 15 0
8 5 1 0 0
8 5 1 1 0
8 5 1 2 0
8 5 1 3 0
8 5 1 4 0
8 5 1 5 0
8 5 1 6 0
8 5 1 7 0
8 5 1 8 0
8 5 1 9 0
8 5 1 10 0
8 5 1 11 0
8 5 1 12 0
8 5 1 13 0
8 5 1 14 0
8 5 1 15 0
8 5 2 0 0
8 5 2 1 0
8 5 2 2 0
8 5 2 3 0
8 5 2 4 0
8 5 2 5 0
8 5 2 6 0
8 5 2 7 0
8 5 2 8 0
8 5 2 9 0
8 5 2 10 0
8 5 2 11 0
8 5 2 12 0
8 5 2 13 0
8 5 2 14 0
8 5 2 15 0
8 5 3 0 0
8 5 3 1 0
8 5 3 2 0
8 5 3 3 0
8 5 3 4 0
8 5 3 5 0.05347125436851322
8 5 3 6 0
8 5 3 7 0
8 5 3 8 0
8 5 3 9 0
8 5 3 10 0
8 5 3 11 0
8 5 3 12 0.003795985070575367
8 5 3 13 0
8 5 3 14 0
8 5 3 15 0
8 5 4 0 0
8 5 4 1 0
8 5 4 2 0
8 5 4 3 0
8 5 4 4 0
8 5 4 5 0
8 5 4 6 -1.772655969078094e-20
8 5 4 7 0
8 5 4 8 0
8 5 4 9 0
8 5 4 10 0
8 5 4 11 0
8 5 4 12 0
8 5 4 13 5.063155161875393e-21
8 5 4 14 0
8 5 4 15 0
8 5 5 0 0
8 5 5 1 0
8 5 5 2 0
8 5 5 3 -0.05347125436851321
8 5 5 4 0
8 5 5 5 0
8 5 5 6 0
8 5 5 7 0
8 5 5 8 -0.004140746249246275
8 5 5 9 0
8 5 5 10 0
8 5 5 11 0
8 5 5 12 0
8 5 5 13 0
8 5 5 14 0
8 5 5 15 0
8 5 6 0 0
8 5 6 1 0
8 5 6 2 0
8 5 6 3 0
8 5 6 4 5.358440384422211e-20
8 5 6 5 0
8 5 6 6 0
8 5 6 7 0
8 5 6 8 0
8 5 6 9 2.404379740167559e-20
8 5 6 10 0
8 5 6 11 0
8 5 6 12 0
8 5 6 13 0
8 5 6 14 0
8 5 6 15 0
8 5 7 0 0
8 5 7 1 0
8 5 7 2 0
8 5 7 3 0
8 5 7 4 0
8 5 7 5 0
8 5 7 6 0
8 5 7 7 0
8 5 7 8 0
8 5 7 9 0
8 5 7 10 0
8 5 7 11 0
8 5 7 12 0
8 5 7 13 0
8 5 7 14 0
8 5 7 15 0
8 5 8 0 0
8 5 8 1 0
8 5 8 2 0
8 5 8 3 0
8 5 8 4 0
8 5 8 5 0.004140746249246275
8 5 8 6 0
8 5 8 7 0
8 5 8 8 0
8 5 8 9 0
8 5 8 10 0
8 5 8 11 0
8 5 8 12 0
8 5 8 13 0
8 5 8 14 0
8 5 8 15 0
8 5 9 0 0
8 5 9 1 0
8 5 9 2 0
8 5 9 3 0
8 5 9 4 0
8 5 9 5 0
8 5 9 6 -8.895556045151379e-21
8 5 9 7 0
8 5 9 8 0
8 5 9 9 0
8 5 9 10 0
8 5 9 11 0
8 5 9 12 0
8 5 9 13 0
8 5 9 14 0
8 5 9 15 0
8 5 10 0 0
8 5 10 1 0
8 5 10 2 0
8 5 10 3 0
8 5 10 4 0
8 5 10 5 0
8 5 10 6 0
8 5 10 7 0
8 5 10 8 0
8 5 10 9 0
8 5 10 10 0
8 5 10 11 0
8 5 10 12 0
8 5 10 13 0
8 5 10 14 0
8 5 10 15 0
8 5 11 0 0
8 5 11 1 0
8 5 11 2 0
8 5 11 3 0
8 5 11 4 0
8 5 11 5 0
8 5 11 6 0
8 5 11 7 0
8 5 11 8 0
8 5 11 9 0
8 5 11 10 0
8 5 11 11 0
8 5 11 12 0
8 5 11 13 0
8 5 11 14 0
8 5 11 15 0
8 5 12 0 0
8 5 12 1 0
8 5 12 2 0
8 5 12 3 -0.003795985070575367
8 5 12 4 0
8 5 12 5 0
8 5 12 6 0
8 5 12 7 0
8 5 12 8 0
8 5 12 9 0
8 5 12 10 0
8 5 12 11 0
8 5 12 12 0
8 5 12 13 0
8 5 12 14 0
8 5 12 15 0
8 5 13 0 0
8 5 13 1 0
8 5 13 2 0
8 5 13 3 0
8 5 13 4 -1.532942258734495e-20
8 5 13 5 0
8 5 13 6 0
8 5 13 7 0
8 5 13 8 0
8 5 13 9 0
8 5 13 10 0
8 5 13 11 0
8 5 13 12 0
8 5 13 13 0
8 5 13 14 0
8 5 13 15 0
8 5 14 0 0
8 5 14 1 0
8 5 14 2 0
8 5 14 3 0
8 5 14 4 0
8 5 14 5 0
8 5 14 6 0
8 5 14 7 0
8 5 14 8 0
8 5 14 9 0
8 5 14 10 0
8 5 14 11 0
8 5 14 12 0
8 5 14 13 0
8 5 14 14 0
8 5 14 15 0
8 5 15 0 0
8 5 15 1 0
8 5 15 2 0
8 5 15 3 0
8 5 15 4 0
8 5 15 5 0
8 5 15 6 0
8 5 15 7 0
8 5 15 8 0
8 5 15 9 0
8 5 15 10 0
8 5 15 11 0
8 5 15 12 0
8 5 15 13 0
8 5 15 14 0
8 5 15 15 0
8 6 0 0 0
8 6 0 1 0
8 6 0 2 0
8 6 0 3 0
8 6 0 4 0
8 6 0 5 0
8 6 0 6 0
8 6 0 7 0
8 6 0 8 0
8 6 0 9 0
8 6 0 10 0
8 6 0 11 0
8 6 0 12 0
8 6 0 13 0
8 6 0 14 0
8 6 0 15 0
8 6 1 0 0
8 6 1 1 0
8 6 1 2 0
8 6 1 3 0
8 6 1 4 0
8 6 1 5 0
8 6 1 6 0
8 6 1 7 0
8 6 1 8 0
8 6 1 9 0
8 6 1 10 0
8 6 1 11 0
8 6 1 12 0
8 6 1 13 0
8 6 1 14 0
8 6 1 15 0
8 6 2 0 0
8 6 2 1 0
8 6 2 2 0
8 6 2 3 0
8 6 2 4 0
8 6 2 5 0
8 6 2 6 0
8 6 2 7 0
8 6 2 8 0
8 6 2 9 0
8 6 2 10 0
8 6 2 11 0
8 6 2 12 0
8 6 2 13 0
8 6 2 14 0
8 6 2 15 0
8 6 3 0 0
8 6 3 1 0
8 6 3 2 0
8 6 3 3 0
8 6 3 4 0
8 6 3 5 0
8 6 3 6 0.05347125436851322
8 6 3 7 0
8 6 3 8 0
8 6 3 9 0
8 6 3 10 0
8 6 3 11 0
8 6 3 12 0
8 6 3 13 0.003843321670066766
8 6 3 14 0
8 6 3 15 0
8 6 4 0 0
8 6 4 1 0
8 6 4 2 0
8 6 4 3 0
8 6 4 4 0
8 6 4 5 0
8 6 4 6 0
8 6 4 7 0
8 6 4 8 0
8 6 4 9 0
8 6 4 10 0
8 6 4 11 0
8 6 4 12 0
8 6 4 13 0
8 6 4 14 0
8 6 4 15 0
8 6 5 0 0
8 6 5 1 0
8 6 5 2 0
8 6 5 3 0
8 6 5 4 0
8 6 5 5 0
8 6 5 6 0
8 6 5 7 0
8 6 5 8 0
8 6 5 9 0
8 6 5 10 0
8 6 5 11 0
8 6 5 12 0
8 6 5 13 0
8 6 5 14 0
8 6 5 15 0
8 6 6 0 0
8 6 6 1 0
8 6 6 2 0
8 6 6 3 -0.05347125436851322
8 6 6 4 0
8 6 6 5 0
8 6 6 6 0
8 6 6 7 0
8 6 6 8 -0.004140746249246275
8 6 6 9 0
8 6 6 10 0
8 6 6 11 0
8 6 6 12 0
8 6 6 13 0
8 6 6 14 0
8 6 6 15 0
8 6 7 0 0
8 6 7 1 0
8 6 7 2 0
8 6 7 3 0
8 6 7 4 0
8 6 7 5 0
8 6 7 6 0
8 6 7 7 0
8 6 7 8 0
8 6 7 9 0
8 6 7 10 0
8 6 7 11 0
8 6 7 12 0
8 6 7 13 0
8 6 7 14 0
8 6 7 15 0
8 6 8 0 0
8 6 8 1 0
8 6 8 2 0
8 6 8 3 0
8 6 8 4 0
8 6 8 5 0
8 6 8 6 0.004140746249246275
8 6 8 7 0
8 6 8 8 0
8 6 8 9 0
8 6 8 10 0
8 6 8 11 0
8 6 8 12 0
8 6 8 13 0
8 6 8 14 0
8 6 8 15 0
8 6 9 0 0
8 6 9 1 0
8 6 9 2 0
8 6 9 3 0
8 6 9 4 0
8 6 9 5 0
8 6 9 6 0
8 6 9 7 0
8 6 9 8 0
8 6 9 9 0
8 6 9 10 0
8 6 9 11 0
8 6 9 12 0
8 6 9 13 0
8 6 9 14 0
8 6 9 15 0
8 6 10 0 0
8 6 10 1 0
8 6 10 2 0
8 6 10 3 0
8 6 10 4 0
8 6 10 5 0
8 6 10 6 0
8 6 10 7 0
8 6 10 8 0
8 6 10 9 0
8 6 10 10 0
8 6 10 11 0
8 6 10 12 0
8 6 10 13 0
8 6 10 14 0
8 6 10 15 0
8 6 11 0 0
8 6 11 1 0
8 6 11 2 0
8 6 11 3 0
8 6 11 4 0
8 6 11 5 0
8 6 11 6 0
8 6 11 7 0
8 6 11 8 0
8 6 11 9 0
8 6 11 10 0
8 6 11 11 0
8 6 11 12 0
8 6 11 13 0
8 6 11 14 0
8 6 11 15 0
8 6 12 0 0
8 6 12 1 0
8 6 12 2 0
8 6 12 3 0
8 6 12 4 0
8 6 12 5 0
8 6 12 6 0
8 6 12 7 0
8 6 12 8 0
8 6 12 9 0
8 6 12 10 0
8 6 12 11 0
8 6 12 12 0
8 6 12 13 0
8 6 12 14 0
8 6 12 15 0
8 6 13 0 0
8 6 13 1 0
8 6 13 2 0
8 6 13 3 -0.003843321670066766
8 6 13 4 0
8 6 13 5 0
8 6 13 6 0
8 6 13 7 0
8 6 13 8 0
8 6 13 9 0
8 6 13 10 0
8 6 13 11 0
8 6 13 12 0
8 6 13 13 0
8 6 13 14 0
8 6 13 15 0
8 6 14 0 0
8 6 14 1 0
8 6 14 2 0
8 6 14 3 0
8 6 14 4 0
8 6 14 5 0
8 6 14 6 0
8 6 14 7 0
8 6 14 8 0
8 6 14 9 0
8 6 14 10 0
8 6 14 11 0
8 6 14 12 0
8 6 14 13 0
8 6 14 14 0
8 6 14 15 0
8 6 15 0 0
8 6 15 1 0
8 6 15 2 0
8 6 15 3 0
8 6 15 4 0
8 6 15 5 0
8 6 15 6 0
8 6 15 7 0
8 6 15 8 0
8 6 15 9 0
8 6 15 10 0
8 6 15 11 0
8 6 15 12 0
8 6 15 13 0
8 6 15 14 0
8 6 15 15 0
8 7 0 0 0
8 7 0 1 0
8 7 0 2 0
8 7 0 3 0
8 7 0 4 0
8 7 0 5 0
8 7 0 6 0
8 7 0 7 0
8 7 0 8 0
8 7 0 9 0
8 7 0 10 0
8 7 0 11 0
8 7 0 12 0
8 7 0 13 0
8 7 0 14 0
8 7 0 15 0
8 7 1 0 0
8 7 1 1 0
8 7 1 2 0
8 7 1 3 0
8 7 1 4 0
8 7 1 5 0
8 7 1 6 0
8 7 1 7 0
8 7 1 8 0
8 7 1 9 0
8 7 1 10 0
8 7 1 11 0
8 7 1 12 0
8 7 1 13 0
8 7 1 14 0
8 7 1 15 0
8 7 2 0 0
8 7 2 1 0
8 7 2 2 0
8 7 2 3 0
8 7 2 4 0
8 7 2 5 0
8 7 2 6 0
8 7 2 7 0
8 7 2 8 0
8 7 2 9 0
8 7 2 10 0
8 7 2 11 0
8 7 2 12 0
8 7 2 13 0
8 7 2 14 0
8 7 2 15 0
8 7 3 0 0
8 7 3 1 0
8 7 3 2 0
8 7 3 3 0
8 7 3 4 0
8 7 3 5 0
8 7 3 6 0
8 7 3 7 0
8 7 3 8 0
8 7 3 9 0
8 7 3 10 0
8 7 3 11 0
8 7 3 12 0
8 7 3 13 0
8 7 3 14 0
8 7 3 15 0
8 7 4 0 0
8 7 4 1 0
8 7 4 2 0
8 7 4 3 0
8 7 4 4 0
8 7 4 5 0
8 7 4 6 0
8 7 4 7 0
8 7 4 8 0
8 7 4 9 0
8 7 4 10 0
8 7 4 11 0
8 7 4 12 0
8 7 4 13 0
8 7 4 14 0
8 7 4 15 0
8 7 5 0 0
8 7 5 1 0
8 7 5 2 0
8 7 5 3 0
8 7 5 4 0
8 7 5 5 0
8 7 5 6 0
8 7 5 7 0
8 7 5 8 0
8 7 5 9 0
8 7 5 10 0
8 7 5 11 0
8 7 5 12 0
8 7 5 13 0
8 7 5 14 0
8 7 5 15 0
8 7 6 0 0
8 7 6 1 0
8 7 6 2 0
8 7 6 3 0
8 7 6 4 0
8 7 6 5 0
8 7 6 6 0
8 7 6 7 0
8 7 6 8 0
8 7 6 9 0
8 7 6 10 0
8 7 6 11 0
8 7 6 12 0
8 7 6 13 0
8 7 6 14 0
8 7 6 15 0
8 7 7 0 0
8 7 7 1 0
8 7 7 2 0
8 7 7 3 0
8 7 7 4 0
8 7 7 5 0
8 7 7 6 0
8 7 7 7 0
8 7 7 8 0
8 7 7 9 0
8 7 7 10 0
8 7 7 11 0
8 7 7 12 0
8 7 7 13 0
8 7 7 14 0
8 7 7 15 0
8 7 8 0 0
8 7 8 1 0
8 7 8 2 0
8 7 8 3 0
8 7 8 4 0
8 7 8 5 0
8 7 8 6 0
8 7 8 7 0
8 7 8 8 0
8 7 8 9 0
8 7 8 10 0
8 7 8 11 0
8 7 8 12 0
8 7 8 13 0
8 7 8 14 0
8 7 8 15 0
8 7 9 0 0
8 7 9 1 0
8 7 9 2 0
8 7 9 3 0
8 7 9 4 0
8 7 9 5 0
8 7 9 6 0
8 7 9 7 0
8 7 9 8 0
8 7 9 9 0
8 7 9 10 0
8 7 9 11 0
8 7 9 12 0
8 7 9 13 0
8 7 9 14 0
8 7 9 15 0
8 7 10 0 0
8 7 10 1 0
8 7 10 2 0
8 7 10 3 0
8 7 10 4 0
8 7 10 5 0
8 7 10 6 0
8 7 10 7 0
8 7 10 8 0
8 7 10 9 0
8 7 10 10 0
8 7 10 11 0
8 7 10 12 0
8 7 10 13 0
8 7 10 14 0
8 7 10 15 0
8 7 11 0 0
8 7 11 1 0
8 7 11 2 0
8 7 11 3 0
8 7 11 4 0
8 7 11 5 0
8 7 11 6 0
8 7 11 7 0
8 7 11 8 0
8 7 11 9 0
8 7 11 10 0
8 7 11 11 0
8 7 11 12 0
8 7 11 13 0
8 7 11 14 0
8 7 11 15 0
8 7 12 0 0
8 7 12 1 0
8 7 12 2 0
8 7 12 3 0
8 7 12 4 0
8 7 12 5 0
8 7 12 6 0
8 7 12 7 0
8 7 12 8 0
8 7 12 9 0
8 7 12 10 0
8 7 12 11 0
8 7 12 12 0
8 7 12 13 0
8 7 12 14 0
8 7 12 15 0
8 7 13 0 0
8 7 13 1 0
8 7 13 2 0
8 7 13 3 0
8 7 13 4 0
8 7 13 5 0
8 7 13 6 0
8 7 13 7 0
8 7 13 8 0
8 7 13 9 0
8 7 13 10 0
8 7 13 11 0
8 7 13 12 0
8 7 13 13 0
8 7 13 14 0
8 7 13 15 0
8 7 14 0 0
8 7 14 1 0
8 7 14 2 0
8 7 14 3 0
8 7 14 4 0
8 7 14 5 0
8 7 14 6 0
8 7 14 7 0
8 7 14 8 0
8 7 14 9 0
8 7 14 10 0
8 7 14 11 0
8 7 14 12 0
8 7 14 13 0
8 7 14 14 0
8 7 14 15 0
8 7 15 0 0
8 7 15 1 0
8 7 15 2 0
8 7 15 3 0
8 7 15 4 0
8 7 15 5 0
8 7 15 6 0
8 7 15 7 0
8 7 15 8 0
8 7 15 9 0
8 7 15 10 0
8 7 15 11 0
8 7 15 12 0
8 7 15 13 0
8 7 15 14 0
8 7 15 15 0
8 8 0 0 0
8 8 0 1 0
8 8 0 2 0
8 8 0 3 0
8 8 0 4 0
8 8 0 5 0
8 8 0 6 0
8 8 0 7 0
8 8 0 8 0
8 8 0 9 0
8 8 0 10 0
8 8 0 11 0
8 8 0 12 0
8 8 0 13 0
8 8 0 14 0
8 8 0 15 0
8 8 1 0 0
8 8 1 1 0
8 8 1 2 0
8 8 1 3 0
8 8 1 4 0
8 8 1 5 0
8 8 1 6 0
8 8 1 7 0
8 8 1 8 0
8 8 1 9 0
8 8 1 10 0
8 8 1 11 0
8 8 1 12 0
8 8 1 13 0
8 8 1 14 0
8 8 1 15 0
8 8 2 0 0
8 8 2 1 0
8 8 2 2 0
8 8 2 3 0
8 8 2 4 0
8 8 2 5 0
8 8 2 6 0
8 8 2 7 0
8 8 2 8 0
8 8 2 9 0
8 8 2 10 0
8 8 2 11 0
8 8 2 12 0
8 8 2 13 0
8 8 2 14 0
8 8 2 15 0
8 8 3 0 0
8 8 3 1 0
8 8 3 2 0
8 8 3 3 0
8 8 3 4 0
8 8 3 5 0
8 8 3 6 0
8 8 3 7 0
8 8 3 8 0
8 8 3 9 0
8 8 3 10 0
8 8 3 11 0
8 8 3 12 0
8 8 3 13 0
8 8 3 14 0
8 8 3 15 0
8 8 4 0 0
8 8 4 1 0
8 8 4 2 0
8 8 4 3 0
8 8 4 4 0
8 8 4 5 0
8 8 4 6 0
8 8 4 7 0
8 8 4 8 0
8 8 4 9 0
8 8 4 10 0
8 8 4 11 0
8 8 4 12 0
8 8 4 13 0
8 8 4 14 0
8 8 4 15 0
8 8 5 0 0
8 8 5 1 0
8 8 5 2 0
8 8 5 3 0
8 8 5 4 0
8 8 5 5 0
8 8 5 6 0
8 8 5 7 0
8 8 5 8 0
8 8 5 9 0
8 8 5 10 0
8 8 5 11 0
8 8 5 12 0
8 8 5 13 0
8 8 5 14 0
8 8 5 15 0
8 8 6 0 0
8 8 6 1 0
8 8 6 2 0
8 8 6 3 0
8 8 6 4 0
8 8 6 5 0
8 8 6 6 0
8 8 6 7 0
8 8 6 8 0
8 8 6 9 0
8 8 6 10 0
8 8 6 11 0
8 8 6 12 0
8 8 6 13 0
8 8 6 14 0
8 8 6 15 0
8 8 7 0 0
8 8 7 1 0
8 8 7 2 0
8 8 7 3 0
8 8 7 4 0
8 8 7 5 0
8 8 7 6 0
8 8 7 7 0
8 8 7 8 0
8 8 7 9 0
8 8 7 10 0
8 8 7 11 0
8 8 7 12 0
8 8 7 13 0
8 8 7 14 0
8 8 7 15 0
8 8 8 0 0
8 8 8 1 0
8 8 8 2 0
8 8 8 3 0
8 8 8 4 0
8 8 8 5 0
8 8 8 6 0
8 8 8 7 0
8 8 8 8 0
8 8 8 9 0
8 8 8 10 0
8 8 8 11 0
8 8 8 12 0
8 8 8 13 0
8 8 8 14 0
8 8 8 15 0
8 8 9 0 0
8 8 9 1 0
8 8 9 2 0
8 8 9 3 0
8 8 9 4 0
8 8 9 5 0
8 8 9 6 0
8 8 9 7 0
8 8 9 8 0
8 8 9 9 0
8 8 9 10 0
8 8 9 11 0
8 8 9 12 0
8 8 9 13 0
8 8 9 14 0
8 8 9 15 0
8 8 10 0 0
8 8 10 1 0
8 8 10 2 0
8 8 10 3 0
8 8 10 4 0
8 8 10 5 0
8 8 10 6 0
8 8 10 7 0
8 8 10 8 0
8 8 10 9 0
8 8 10 10 0
8 8 10 11 0
8 8 10 12 0
8 8 10 13 0
8 8 10 14 0
8 8 10 15 0
8 8 11 0 0
8 8 11 1 0
8 8 11 2 0
8 8 11 3 0
8 8 11 4 0
8 8 11 5 0
8 8 11 6 0
8 8 11 7 0
8 8 11 8 0
8 8 11 9 0
8 8 11 10 0
8 8 11 11 0
8 8 11 12 0
8 8 11 13 0
8 8 11 14 0
8 8 11 15 0
8 8 12 0 0
8 8 12 1 0
8 8 12 2 0
8 8 12 3 0
8 8 12 4 0
8 8 12 5 0
8 8 12 6 0
8 8 12 7 0
8 8 12 8 0
8 8 12 9 0
8 8 12 10 0
8 8 12 11 0
8 8 12 12 0
8 8 12 13 0
8 8 12 14 0
8 8 12 15 0
8 8 13 0 0
8 8 13 1 0
8 8 13 2 0
8 8 13 3 0
8 8 13 4 0
8 8 13 5 0
8 8 13 6 0
8 8 13 7 0
8 8 13 8 0
8 8 13 9 0
8 8 13 10 0
8 8 13 11 0
8 8 13 12 0
8 8 13 13 0
8 8 13 14 0
8 8 13 15 0
8 8 14 0 0
8 8 14 1 0
8 8 14 2 0
8 8 14 3 0
8 8 14 4 0
8 8 14 5 0
8 8 14 6 0
8 8 14 7 0
8 8 14 8 0
8 8 14 9 0
8 8 14 10 0
8 8 14 11 0
8 8 14 12 0
8 8 14 13 0
8 8 14 14 0
8 8 14 15 0
8 8 15 0 0
8 8 15 1 0
8 8 15 2 0
8 8 15 3 0
8 8 15 4 0
8 8 15 5 0
8 8 15 6 0
8 8 15 7 0
8 8 15 8 0
8 8 15 9 0
8 8 15 10 0
8 8 15 11 0
8 8 15 12 0
8 8 15 13 0
8 8 15 14 0
8 8 15 15 0
8 9 0 0 0
8 9 0 1 0
8 9 0 2 0
8 9 0 3 0
8 9 0 4 0
8 9 0 5 0
8 9 0 6 0
8 9 0 7 0
8 9 0 8 0
8 9 0 9 0
8 9 0 10 0
8 9 0 11 0
8 9 0 12 0
8 9 0 13 0
8 9 0 14 0
8 9 0 15 0
8 9 1 0 0
8 9 1 1 0
8 9 1 2 0
8 9 1 3 0
8 9 1 4 0
8 9 1 5 0
8 9 1 6 0
8 9 1 7 0
8 9 1 8 0
8 9 1 9 0
8 9 1 10 0
8 9 1 11 0
8 9 1 12 0
8 9 1 13 0
8 9 1 14 0
8 9 1 15 0
8 9 2 0 0
8 9 2 1 0
8 9 2 2 0
8 9 2 3 0
8 9 2 4 0
8 9 2 5 0
8 9 2 6 0
8 9 2 7 0
8 9 2 8 0
8 9 2 9 0
8 9 2 10 0
8 9 2 11 0
8 9 2 12 0
8 9 2 13 0
8 9 2 14 0
8 9 2 15 0
8 9 3 0 0
8 9 3 1 0
8 9 3 2 0
8 9 3 3 0
8 9 3 4 0
8 9 3 5 0
8 9 3 6 0
8 9 3 7 0
8 9 3 8 0
8 9 3 9 0
8 9 3 10 0
8 9 3 11 0
8 9 3 12 0
8 9 3 13 0
8 9 3 14 0
8 9 3 15 0
8 9 4 0 0
8 9 4 1 0
8 9 4 2 0
8 9 4 3 0
8 9 4 4 0
8 9 4 5 0
8 9 4 6 0
8 9 4 7 0
8 9 4 8 0
8 9 4 9 0
8 9 4 10 0
8 9 4 11 0
8 9 4 12 0
8 9 4 13 0
8 9 4 14 0
8 9 4 15 0
8 9 5 0 0
8 9 5 1 0
8 9 5 2 0
8 9 5 3 0
8 9 5 4 0
8 9 5 5 0
8 9 5 6 0
8 9 5 7 0
8 9 5 8 0
8 9 5 9 0
8 9 5 10 0
8 9 5 11 0
8 9 5 12 0
8 9 5 13 0
8 9 5 14 0
8 9 5 15 0
8 9 6 0 0
8 9 6 1 0
8 9 6 2 0
8 9 6 3 0
8 9 6 4 0
8 9 6 5 0
8 9 6 6 0
8 9 6 7 0
8 9 6 8 0
8 9 6 9 0
8 9 6 10 0
8 9 6 11 0
8 9 6 12 0
8 9 6 13 0
8 9 6 14 0
8 9 6 15 0
8 9 7 0 0
8 9 7 1 0
8 9 7 2 0
8 9 7 3 0
8 9 7 4 0
8 9 7 5 0
8 9 7 6 0
8 9 7 7 0
8 9 7 8 0
8 9 7 9 0
8 9 7 10 0
8 9 7 11 0
8 9 7 12 0
8 9 7 13 0
8 9 7 14 0
8 9 7 15 0
8 9 8 0 0
8 9 8 1 0
8 9 8 2 0
8 9 8 3 0
8 9 8 4 0
8 9 8 5 0
8 9 8 6 0
8 9 8 7 0
8 9 8 8 0
8 9 8 9 0
8 9 8 10 0
8 9 8 11 0
8 9 8 12 0
8 9 8 13 0
8 9 8 14 0
8 9 8 15 0
8 9 9 0 0
8 9 9 1 0
8 9 9 2 0
8 9 9 3 0
8 9 9 4 0
8 9 9 5 0
8 9 9 6 0
8 9 9 7 0
8 9 9 8 0
8 9 9 9 0
8 9 9 10 0
8 9 9 11 0
8 9 9 12 0
8 9 9 13 0
8 9 9 14 0
8 9 9 15 0
8 9 10 0 0
8 9 10 1 0
8 9 10 2 0
8 9 10 3 0
8 9 10 4 0
8 9 10 5 0
8 9 10 6 0
8 9 10 7 0
8 9 10 8 0
8 9 10 9 0
8 9 10 10 0
8 9 10 11 0
8 9 10 12 0
8 9 10 13 0
8 9 10 14 0
8 9 10 15 0
8 9 11 0 0
8 9 11 1 0
8 9 11 2 0
8 9 11 3 0
8 9 11 4 0
8 9 11 5 0
8 9 11 6 0
8 9 11 7 0
8 9 11 8 0
8 9 11 9 0
8 9 11 10 0
8 9 11 11 0
8 9 11 12 0
8 9 11 13 0
8 9 11 14 0
8 9 11 15 0
8 9 12 0 0
8 9 12 1 0
8 9 12 2 0
8 9 12 3 0
8 9 12 4 0
8 9 12 5 0
8 9 12 6 0
8 9 12 7 0
8 9 12 8 0
8 9 12 9 0
8 9 12 10 0
8 9 12 11 0
8 9 12 12 0
8 9 12 13 0
8 9 12 14 0
8 9 12 15 0
8 9 13 0 0
8 9 13 1 0
8 9 13 2 0
8 9 13 3 0
8 9 13 4 0
8 9 13 5 0
8 9 13 6 0
8 9 13 7 0
8 9 13 8 0
8 9 13 9 0
8 9 13 10 0
8 9 13 11 0
8 9 13 12 0
8 9 13 13 0
8 9 13 14 0
8 9 13 15 0
8 9 14 0 0
8 9 14 1 0
8 9 14 2 0
8 9 14 3 0
8 9 14 4 0
8 9 14 5 0
8 9 14 6 0
8 9 14 7 0
8 9 14 8 0
8 9 14 9 0
8 9 14 10 0
8 9 14 11 0
8 9 14 12 0
8 9 14 13 0
8 9 14 14 0
8 9 14 15 0
8 9 15 0 0
8 9 15 1 0
8 9 15 2 0
8 9 15 3 0
8 9 15 4 0
8 9 15 5 0
8 9 15 6 0
8 9 15 7 0
8 9 15 8 0
8 9 15 9 0
8 9 15 10 0
8 9 15 11 0
8 9 15 12 0
8 9 15 13 0
8 9 15 14 0
8 9 15 15 0
8 10 0 0 0
8 10 0 1 0
8 10 0 2 0
8 10 0 3 0
8 10 0 4 0
8 10 0 5 0
8 10 0 6 0
8 10 0 7 0
8 10 0 8 0
8 10 0 9 0
8 10 0 10 0
8 10 0 11 0
8 10 0 12 0
8 10 0 13 0
8 10 0 14 0
8 10 0 15 0
8 10 1 0 0
8 10 1 1 0
8 10 1 2 0
8 10 1 3 0
8 10 1 4 0
8 10 1 5 0
8 10 1 6 0
8 10 1 7 0
8 10 1 8 0
8 10 1 9 0
8 10 1 10 0
8 10 1 11 0
8 10 1 12 0
8 10 1 13 0
8 10 1 14 0
8 10 1 15 0
8 10 2 0 0
8 10 2 1 0
8 10 2 2 0
8 10 2 3 0
8 10 2 4 0
8 10 2 5 0
8 10 2 6 0
8 10 2 7 0
8 10 2 8 0
8 10 2 9 0
8 10 2 10 0
8 10 2 11 0
8 10 2 12 0
8 10 2 13 0
8 10 2 14 0
8 10 2 15 0
8 10 3 0 0
8 10 3 1 0
8 10 3 2 0
8 10 3 3 0
8 10 3 4 0
8 10 3 5 0
8 10 3 6 0
8 10 3 7 0
8 10 3 8 0
8 10 3 9 0
8 10 3 10 0
8 10 3 11 0
8 10 3 12 0
8 10 3 13 0
8 10 3 14 0
8 10 3 15 0
8 10 4 0 0
8 10 4 1 0
8 10 4 2 0
8 10 4 3 0
8 10 4 4 0
8 10 4 5 0
8 10 4 6 0
8 10 4 7 0
8 10 4 8 0
8 10 4 9 0
8 10 4 10 0
8 10 4 11 0
8 10 4 12 0
8 10 4 13 0
8 10 4 14 0
8 10 4 15 0
8 10 5 0 0
8 10 5 1 0
8 10 5 2 0
8 10 5 3 0
8 10 5 4 0
8 10 5 5 0
8 10 5 6 0
8 10 5 7 0
8 10 5 8 0
8 10 5 9 0
8 10 5 10 0
8 10 5 11 0
8 10 5 12 0
8 10 5 13 0
8 10 5 14 0
8 10 5 15 0
8 10 6 0 0
8 10 6 1 0
8 10 6 2 0
8 10 6 3 0
8 10 6 4 0
8 10 6 5 0
8 10 6 6 0
8 10 6 7 0
8 10 6 8 0
8 10 6 9 0
8 10 6 10 0
8 10 6 11 0
8 10 6 12 0
8 10 6 13 0
8 10 6 14 0
8 10 6 15 0
8 10 7 0 0
8 10 7 1 0
8 10 7 2 0
8 10 7 3 0
8 10 7 4 0
8 10 7 5 0
8 10 7 6 0
8 10 7 7 0
8 10 7 8 0
8 10 7 9 0
8 10 7 10 0
8 10 7 11 0
8 10 7 12 0
8 10 7 13 0
8 10 7 14 0
8 10 7 15 0
8 10 8 0 0
8 10 8 1 0
8 10 8 2 0
8 10 8 3 0
8 10 8 4 0
8 10 8 5 0
8 10 8 6 0
8 10 8 7 0
8 10 8 8 0
8 10 8 9 0
8 10 8 10 0
8 10 8 11 0
8 10 8 12 0
8 10 8 13 0
8 10 8 14 0
8 10 8 15 0
8 10 9 0 0
8 10 9 1 0
8 10 9 2 0
8 10 9 3 0
8 10 9 4 0
8 10 9 5 0
8 10 9 6 0
8 10 9 7 0
8 10 9 8 0
8 10 9 9 0
8 10 9 10 0
8 10 9 11 0
8 10 9 12 0
8 10 9 13 0
8 10 9 14 0
8 10 9 15 0
8 10 10 0 0
8 10 10 1 0
8 10 10 2 0
8 10 10 3 0
8 10 10 4 0
8 10 10 5 0
8 10 10 6 0
8 10 10 7 0
8 10 10 8 0
8 10 10 9 0
8 10 10 10 0
8 10 10 11 0
8 10 10 12 0
8 10 10 13 0
8 10 10 14 0
8 10 10 15 0
8 10 11 0 0
8 10 11 1 0
8 10 11 2 0
8 10 11 3 0
8 10 11 4 0
8 10 11 5 0
8 10 11 6 0
8 10 11 7 0
8 10 11 8 0
8 10 11 9 0
8 10 11 10 0
8 10 11 11 0
8 10 11 12 0
8 10 11 13 0
8 10 11 14 0
8 10 11 15 0
8 10 12 0 0
8 10 12 1 0
8 10 12 2 0
8 10 12 3 0
8 10 12 4 0
8 10 12 5 0
8 10 12 6 0
8 10 12 7 0
8 10 12 8 0
8 10 12 9 0
8 10 12 10 0
8 10 12 11 0
8 10 12 12 0
8 10 12 13 0
8 10 12 14 0
8 10 12 15 0
8 10 13 0 0
8 10 13 1 0
8 10 13 2 0
8 10 13 3 0
8 10 13 4 0
8 10 13 5 0
8 10 13 6 0
8 10 13 7 0
8 10 13 8 0
8 10 13 9 0
8 10 13 10 0
8 10 13 11 0
8 10 13 12 0
8 10 13 13 0
8 10 13 14 0
8 10 13 15 0
8 10 14 0 0
8 10 14 1 0
8 10 14 2 0
8 10 14 3 0
8 10 14 4 0
8 10 14 5 0
8 10 14 6 0
8 10 14 7 0
8 10 14 8 0
8 10 14 9 0
8 10 14 10 0
8 10 14 11 0
8 10 14 12 0
8 10 14 13 0
8 10 14 14 0
8 10 14 15 0
8 10 15 0 0
8 10 15 1 0
8 10 15 2 0
8 10 15 3 0
8 10 15 4 0
8 10 15 5 0
8 10 15 6 0
8 10 15 7 0
8 10 15 8 0
8 10 15 9 0
8 10 15 10 0
8 10 15 11 0
8 10 15 12 0
8 10 15 13 0
8 10 15 14 0
8 10 15 15 0
8 11 0 0 0
8 11 0 1 0
8 11 0 2 0
8 11 0 3 0
8 11 0 4 0
8 11 0 5 0
8 11 0 6 0
8 11 0 7 0
8 11 0 8 0
8 11 0 9 0
8 11 0 10 0
8 11 0 11 0
8 11 0 12 0
8 11 0 13 0
8 11 0 14 0
8 11 0 15 0
8 11 1 0 0
8 11 1 1 0
8 11 1 2 0
8 11 1 3 0
8 11 1 4 0
8 11 1 5 0
8 11 1 6 0
8 11 1 7 0
8 11 1 8 0
8 11 1 9 0
8 11 1 10 0
8 11 1 11 0
8 11 1 12 0
8 11 1 13 0
8 11 1 14 0
8 11 1 15 0
8 11 2 0 0
8 11 2 1 0
8 11 2 2 0
8 11 2 3 0
8 11 2 4 0
8 11 2 5 0
8 11 2 6 0
8 11 2 7 0
8 11 2 8 0
8 11 2 9 0
8 11 2 10 0
8 11 2 11 0
8 11 2 12 0
8 11 2 13 0
8 11 2 14 0
8 11 2 15 0
8 11 3 0 0
8 11 3 1 0
8 11 3 2 0
8 11 3 3 0
8 11 3 4 0
8 11 3 5 0
8 11 3 6 0
8 11 3 7 0
8 11 3 8 0
8 11 3 9 0
8 11 3 10 0
8 11 3 11 0
8 11 3 12 0
8 11 3 13 0
8 11 3 14 0
8 11 3 15 0
8 11 4 0 0
8 11 4 1 0
8 11 4 2 0
8 11 4 3 0
8 11 4 4 0
8 11 4 5 0
8 11 4 6 0
8 11 4 7 0
8 11 4 8 0
8 11 4 9 0
8 11 4 10 0
8 11 4 11 0
8 11 4 12 0
8 11 4 13 0
8 11 4 14 0
8 11 4 15 0
8 11 5 0 0
8 11 5 1 0
8 11 5 2 0
8 11 5 3 0
8 11 5 4 0
8 11 5 5 0
8 11 5 6 0
8 11 5 7 0
8 11 5 8 0
8 11 5 9 0
8 11 5 10 0
8 11 5 11 0
8 11 5 12 0
8 11 5 13 0
8 11 5 14 0
8 11 5 15 0
8 11 6 0 0
8 11 6 1 0
8 11 6 2 0
8 11 6 3 0
8 11 6 4 0
8 11 6 5 0
8 11 6 6 0
8 11 6 7 0
8 11 6 8 0
8 11 6 9 0
8 11 6 10 0
8 11 6 11 0
8 11 6 12 0
8 11 6 13 0
8 11 6 14 0
8 11 6 15 0
8 11 7 0 0
8 11 7 1 0
8 11 7 2 0
8 11 7 3 0
8 11 7 4 0
8 11 7 5 0
8 11 7 6 0
8 11 7 7 0
8 11 7 8 0
8 11 7 9 0
8 11 7 10 0
8 11 7 11 0
8 11 7 12 0
8 11 7 13 0
8 11 7 14 0
8 11 7 15 0
8 11 8 0 0
8 11 8 1 0
8 11 8 2 0
8 11 8 3 0
8 11 8 4 0
8 11 8 5 0
8 11 8 6 0
8 11 8 7 0
8 11 8 8 0
8 11 8 9 0
8 11 8 10 0
8 11 8 11 0
8 11 8 12 0
8 11 8 13 0
8 11 8 14 0
8 11 8 15 0
8 11 9 0 0
8 11 9 1 0
8 11 9 2 0
8 11 9 3 0
8 11 9 4 0
8 11 9 5 0
8 11 9 6 0
8 11 9 7 0
8 11 9 8 0
8 11 9 9 0
8 11 9 10 0
8 11 9 11 0
8 11 9 12 0
8 11 9 13 0
8 11 9 14 0
8 11 9 15 0
8 11 10 0 0
8 11 10 1 0
8 11 10 2 0
8 11 10 3 0
8 11 10 4 0
8 11 10 5 0
8 11 10 6 0
8 11 10 7 0
8 11 10 8 0
8 11 10 9 0
8 11 10 10 0
8 11 10 11 0
8 11 10 12 0
8 11 10 13 0
8 11 10 14 0
8 11 10 15 0
8 11 11 0 0
8 11 11 1 0
8 11 11 2 0
8 11 11 3 0
8 11 11 4 0
8 11 11 5 0
8 11 11 6 0
8 11 11 7 0
8 11 11 8 0
8 11 11 9 0
8 11 11 10 0
8 11 11 11 0
8 11 11 12 0
8 11 11 13 0
8 11 11 14 0
8 11 11 15 0
8 11 12 0 0
8 11 12 1 0
8 11 12 2 0
8 11 12 3 0
8 11 12 4 0
8 11 12 5 0
8 11 12 6 0
8 11 12 7 0
8 11 12 8 0
8 11 12 9 0
8 11 12 10 0
8 11 12 11 0
8 11 12 12 0
8 11 12 13 0
8 11 12 14 0
8 11 12 15 0
8 11 13 0 0
8 11 13 1 0
8 11 13 2 0
8 11 13 3 0
8 11 13 4 0
8 11 13 5 0
8 11 13 6 0
8 11 13 7 0
8 11 13 8 0
8 11 13 9 0
8 11 13 10 0
8 11 13 11 0
8 11 13 12 0
8 11 13 13 0
8 11 13 14 0
8 11 13 15 0
8 11 14 0 0
8 11 14 1 0
8 11 14 2 0
8 11 14 3 0
8 11 14 4 0
8 11 14 5 0
8 11 14 6 0
8 11 14 7 0
8 11 14 8 0
8 11 14 9 0
8 11 14 10 0
8 11 14 11 0
8 11 14 12 0
8 11 14 13 0
8 11 14 14 0
8 11 14 15 0
8 11 15 0 0
8 11 15 1 0
8 11 15 2 0
8 11 15 3 0
8 11 15 4 0
8 11 15 5 0
8 11 15 6 0
8 11 15 7 0
8 11 15 8 0
8 11 15 9 0
8 11 15 10 0
8 11 15 11 0
8 11 15 12 0
8 11 15 13 0
8 11 15 14 0
8 11 15 15 0
8 12 0 0 0
8 12 0 1 0
8 12 0 2 0
8 12 0 3 0
8 12 0 4 0
8 12 0 5 0
8 12 0 6 0
8 12 0 7 0
8 12 0 8 0
8 12 0 9 0
8 12 0 10 0
8 12 0 11 0
8 12 0 12 0
8 12 0 13 0
8 12 0 14 0
8 12 0 15 0
8 12 1 0 0
8 12 1 1 0
8 12 1 2 0
8 12 1 3 0
8 12 1 4 0
8 12 1 5 0
8 12 1 6 0
8 12 1 7 0
8 12 1 8 0
8 12 1 9 0
8 12 1 10 0
8 12 1 11 0
8 12 1 12 0
8 12 1 13 0
8 12 1 14 0
8 12 1 15 0
8 12 2 0 0
8 12 2 1 0
8 12 2 2 0
8 12 2 3 0
8 12 2 4 0
8 12 2 5 0
8 12 2 6 0
8 12 2 7 0
8 12 2 8 0
8 12 2 9 0
8 12 2 10 0
8 12 2 11 0
8 12 2 12 0
8 12 2 13 0
8 12 2 14 0
8 12 2 15 0
8 12 3 0 0
8 12 3 1 0
8 12 3 2 0
8 12 3 3 0
8 12 3 4 0
8 12 3 5 0
8 12 3 6 0
8 12 3 7 0
8 12 3 8 0
8 12 3 9 0
8 12 3 10 0
8 12 3 11 0
8 12 3 12 0
8 12 3 13 0
8 12 3 14 0
8 12 3 15 0
8 12 4 0 0
8 12 4 1 0
8 12 4 2 0
8 12 4 3 0
8 12 4 4 0
8 12 4 5 0
8 12 4 6 0
8 12 4 7 0
8 12 4 8 0
8 12 4 9 0
8 12 4 10 0
8 12 4 11 0
8 12 4 12 0
8 12 4 13 0
8 12 4 14 0
8 12 4 15 0
8 12 5 0 0
8 12 5 1 0
8 12 5 2 0
8 12 5 3 0
8 12 5 4 0
8 12 5 5 0
8 12 5 6 0
8 12 5 7 0
8 12 5 8 0
8 12 5 9 0
8 12 5 10 0
8 12 5 11 0
8 12 5 12 0
8 12 5 13 0
8 12 5 14 0
8 12 5 15 0
8 12 6 0 0
8 12 6 1 0
8 12 6 2 0
8 12 6 3 0
8 12 6 4 0
8 12 6 5 0
8 12 6 6 0
8 12 6 7 0
8 12 6 8 0
8 12 6 9 0
8 12 6 10 0
8 12 6 11 0
8 12 6 12 0
8 12 6 13 0
8 12 6 14 0
8 12 6 15 0
8 12 7 0 0
8 12 7 1 0
8 12 7 2 0
8 12 7 3 0
8 12 7 4 0
8 12 7 5 0
8 12 7 6 0
8 12 7 7 0
8 12 7 8 0
8 12 7 9 0
8 12 7 10 0
8 12 7 11 0
8 12 7 12 0
8 12 7 13 0
8 12 7 14 0
8 12 7 15 0
8 12 8 0 0
8 12 8 1 0
8 12 8 2 0
8 12 8 3 0
8 12 8 4 0
8 12 8 5 0
8 12 8 6 0
8 12 8 7 0
8 12 8 8 0
8 12 8 9 0
8 12 8 10 0
8 12 8 11 0
8 12 8 12 0
8 12 8 13 0
8 12 8 14 0
8 12 8 15 0
8 12 9 0 0
8 12 9 1 0
8 12 9 2 0
8 12 9 3 0
8 12 9 4 0
8 12 9 5 0
8 12 9 6 0
8 12 9 7 0
8 12 9 8 0
8 12 9 9 0
8 12 9 10 0
8 12 9 11 0
8 12 9 12 0
8 12 9 13 0
8 12 9 14 0
8 12 9 15 0
8 12 10 0 0
8 12 10 1 0
8 12 10 2 0
8 12 10 3 0
8 12 10 4 0
8 12 10 5 0
8 12 10 6 0
8 12 10 7 0
8 12 10 8 0
8 12 10 9 0
8 12 10 10 0
8 12 10 11 0
8 12 10 12 0
8 12 10 13 0
8 12 10 14 0
8 12 10 15 0
8 12 11 0 0
8 12 11 1 0
8 12 11 2 0
8 12 11 3 0
8 12 11 4 0
8 12 11 5 0
8 12 11 6 0
8 12 11 7 0
8 12 11 8 0
8 12 11 9 0
8 12 11 10 0
8 12 11 11 0
8 12 11 12 0
8 12 11 13 0
8 12 11 14 0
8 12 11 15 0
8 12 12 0 0
8 12 12 1 0
8 12 12 2 0
8 12 12 3 0
8 12 12 4 0
8 12 12 5 0
8 12 12 6 0
8 12 12 7 0
8 12 12 8 0
8 12 12 9 0
8 12 12 10 0
8 12 12 11 0
8 12 12 12 0
8 12 12 13 0
8 12 12 14 0
8 12 12 15 0
8 12 13 0 0
8 12 13 1 0
8 12 13 2 0
8 12 13 3 0
8 12 13 4 0
8 12 13 5 0
8 12 13 6 0
8 12 13 7 0
8 12 13 8 0
8 12 13 9 0
8 12 13 10 0
8 12 13 11 0
8 12 13 12 0
8 12 13 13 0
8 12 13 14 0
8 12 13 15 0
8 12 14 0 0
8 12 14 1 0
8 12 14 2 0
8 12 14 3 0
8 12 14 4 0
8 12 14 5 0
8 12 14 6 0
8 12 14 7 0
8 12 14 8 0
8 12 14 9 0
8 12 14 10 0
8 12 14 11 0
8 12 14 12 0
8 12 14 13 0
8 12 14 14 0
8 12 14 15 0
8 12 15 0 0
8 12 15 1 0
8 12 15 2 0
8 12 15 3 0
8 12 15 4 0
8 12 15 5 0
8 12 15 6 0
8 12 15 7 0
8 12 15 8 0
8 12 15 9 0
8 12 15 10 0
8 12 15 11 0
8 12 15 12 0
8 12 15 13 0
8 12 15 14 0
8 12 15 15 0
8 13 0 0 0
8 13 0 1 0
8 13 0 2 0
8 13 0 3 0
8 13 0 4 0
8 13 0 5 0
8 13 0 6 0
8 13 0 7 0
8 13 0 8 0
8 13 0 9 0
8 13 0 10 0
8 13 0 11 0
8 13 0 12 0
8 13 0 13 0
8 13 0 14 0
8 13 0 15 0
8 13 1 0 0
8 13 1 1 0
8 13 1 2 0
8 13 1 3 0
8 13 1 4 0
8 13 1 5 0
8 13 1 6 0
8 13 1 7 0
8 13 1 8 0
8 13 1 9 0
8 13 1 10 0
8 13 1 11 0
8 13 1 12 0
8 13 1 13 0
8 13 1 14 0
8 13 1 15 0
8 13 2 0 0
8 13 2 1 0
8 13 2 2 0
8 13 2 3 0
8 13 2 4 0
8 13 2 5 0
8 13 2 6 0
8 13 2 7 0
8 13 2 8 0
8 13 2 9 0
8 13 2 10 0
8 13 2 11 0
8 13 2 12 0
8 13 2 13 0
8 13 2 14 0
8 13 2 15 0
8 13 3 0 0
8 13 3 1 0
8 13 3 2 0
8 13 3 3 0
8 13 3 4 0
8 13 3 5 0
8 13 3 6 0
8 13 3 7 0
8 13 3 8 0
8 13 3 9 0
8 13 3 10 0
8 13 3 11 0
8 13 3 12 0
8 13 3 13 0
8 13 3 14 0
8 13 3 15 0
8 13 4 0 0
8 13 4 1 0
8 13 4 2 0
8 13 4 3 0
8 13 4 4 0
8 13 4 5 0
8 13 4 6 0
8 13 4 7 0
8 13 4 8 0
8 13 4 9 0
8 13 4 10 0
8 13 4 11 0
8 13 4 12 0
8 13 4 13 0
8 13 4 14 0
8 13 4 15 0
8 13 5 0 0
8 13 5 1 0
8 13 5 2 0
8 13 5 3 0
8 13 5 4 0
8 13 5 5 0
8 13 5 6 0
8 13 5 7 0
8 13 5 8 0
8 13 5 9 0
8 13 5 10 0
8 13 5 11 0
8 13 5 12 0
8 13 5 13 0
8 13 5 14 0
8 13 5 15 0
8 13 6 0 0
8 13 6 1 0
8 13 6 2 0
8 13 6 3 0
8 13 6 4 0
8 13 6 5 0
8 13 6 6 0
8 13 6 7 0
8 13 6 8 0
8 13 6 9 0
8 13 6 10 0
8 13 6 11 0
8 13 6 12 0
8 13 6 13 0
8 13 6 14 0
8 13 6 15 0
8 13 7 0 0
8 13 7 1 0
8 13 7 2 0
8 13 7 3 0
8 13 7 4 0
8 13 7 5 0
8 13 7 6 0
8 13 7 7 0
8 13 7 8 0
8 13 7 9 0
8 13 7 10 0
8 13 7 11 0
8 13 7 12 0
8 13 7 13 0
8 13 7 14 0
8 13 7 15 0
8 13 8 0 0
8 13 8 1 0
8 13 8 2 0
8 13 8 3 0
8 13 8 4 0
8 13 8 5 0
8 13 8 6 0
8 13 8 7 0
8 13 8 8 0
8 13 8 9 0
8 13 8 10 0
8 13 8 11 0
8 13 8 12 0
8 13 8 13 0
8 13 8 14 0
8 13 8 15 0
8 13 9 0 0
8 13 9 1 0
8 13 9 2 0
8 13 9 3 0
8 13 9 4 0
8 13 9 5 0
8 13 9 6 0
8 13 9 7 0
8 13 9 8 0
8 13 9 9 0
8 13 9 10 0
8 13 9 11 0
8 13 9 12 0
8 13 9 13 0
8 13 9 14 0
8 13 9 15 0
8 13 10 0 0
8 13 10 1 0
8 13 10 2 0
8 13 10 3 0
8 13 10 4 0
8 13 10 5 0
8 13 10 6 0
8 13 10 7 0
8 13 10 8 0
8 13 10 9 0
8 13 10 10 0
8 13 10 11 0
8 13 10 12 0
8 13 10 13 0
8 13 10 14 0
8 13 10 15 0
8 13 11 0 0
8 13 11 1 0
8 13 11 2 0
8 13 11 3 0
8 13 11 4 0
8 13 11 5 0
8 13 11 6 0
8 13 11 7 0
8 13 11 8 0
8 13 11 9 0
8 13 11 10 0
8 13 11 11 0
8 13 11 12 0
8 13 11 13 0
8 13 11 14 0
8 13 11 15 0
8 13 12 0 0
8 13 12 1 0
8 13 12 2 0
8 13 12 3 0
8 13 12 4 0
8 13 12 5 0
8 13 12 6 0
8 13 12 7 0
8 13 12 8 0
8 13 12 9 0
8 13 12 10 0
8 13 12 11 0
8 13 12 12 0
8 13 12 13 0
8 13 12 14 0
8 13 12 15 0
8 13 13 0 0
8 13 13 1 0
8 13 13 2 0
8 13 13 3 0
8 13 13 4 0
8 13 13 5 0
8 13 13 6 0
8 13 13 7 0
8 13 13 8 0
8 13 13 9 0
8 13 13 10 0
8 13 13 11 0
8 13 13 12 0
8 13 13 13 0
8 13 13 14 0
8 13 13 15 0
8 13 14 0 0
8 13 14 1 0
8 13 14 2 0
8 13 14 3 0
8 13 14 4 0
8 13 14 5 0
8 13 14 6 0
8 13 14 7 0
8 13 14 8 0
8 13 14 9 0
8 13 14 10 0
8 13 14 11 0
8 13 14 12 0
8 13 14 13 0
8 13 14 14 0
8 13 14 15 0
8 13 15 0 0
8 13 15 1 0
8 13 15 2 0
8 13 15 3 0
8 13 15 4 0
8 13 15 5 0
8 13 15 6 0
8 13 15 7 0
8 13 15 8 0
8 13 15 9 0
8 13 15 10 0
8 13 15 11 0
8 13 15 12 0
8 13 15 13 0
8 13 15 14 0
8 13 15 15 0
8 14 0 0 0
8 14 0 1 0
8 14 0 2 0
8 14 0 3 0
8 14 0 4 0
8 14 0 5 0
8 14 0 6 0
8 14 0 7 0
8 14 0 8 0
8 14 0 9 0
8 14 0 10 0
8 14 0 11 0
8 14 0 12 0
8 14 0 13 0
8 14 0 14 0
8 14 0 15 0
8 14 1 0 0
8 14 1 1 0
8 14 1 2 0
8 14 1 3 0
8 14 1 4 0
8 14 1 5 0
8 14 1 6 0
8 14 1 7 0
8 14 1 8 0
8 14 1 9 0
8 14 1 10 0
8 14 1 11 0
8 14 1 12 0
8 14 1 13 0
8 14 1 14 0
8 14 1 15 0
8 14 2 0 0
8 14 2 1 0
8 14 2 2 0
8 14 2 3 0
8 14 2 4 0
8 14 2 5 0
8 14 2 6 0
8 14 2 7 0
8 14 2 8 0
8 14 2 9 0
8 14 2 10 0
8 14 2 11 0
8 14 2 12 0
8 14 2 13 0
8 14 2 14 0
8 14 2 15 0
8 14 3 0 0
8 14 3 1 0
8 14 3 2 0
8 14 3 3 0
8 14 3 4 0
8 14 3 5 0
8 14 3 6 0
8 14 3 7 0
8 14 3 8 0
8 14 3 9 0
8 14 3 10 0
8 14 3 11 0
8 14 3 12 0
8 14 3 13 0
8 14 3 14 0
8 14 3 15 0
8 14 4 0 0
8 14 4 1 0
8 14 4 2 0
8 14 4 3 0
8 14 4 4 0
8 14 4 5 0
8 14 4 6 0
8 14 4 7 0
8 14 4 8 0
8 14 4 9 0
8 14 4 10 0
8 14 4 11 0
8 14 4 12 0
8 14 4 13 0
8 14 4 14 0
8 14 4 15 0
8 14 5 0 0
8 14 5 1 0
8 14 5 2 0
8 14 5 3 0
8 14 5 4 0
8 14 5 5 0
8 14 5 6 0
8 14 5 7 0
8 14 5 8 0
8 14 5 9 0
8 14 5 10 0
8 14 5 11 0
8 14 5 12 0
8 14 5 13 0
8 14 5 14 0
8 14 5 15 0
8 14 6 0 0
8 14 6 1 0
8 14 6 2 0
8 14 6 3 0
8 14 6 4 0
8 14 6 5 0
8 14 6 6 0
8 14 6 7 0
8 14 6 8 0
8 14 6 9 0
8 14 6 10 0
8 14 6 11 0
8 14 6 12 0
8 14 6 13 0
8 14 6 14 0
8 14 6 15 0
8 14 7 0 0
8 14 7 1 0
8 14 7 2 0
8 14 7 3 0
8 14 7 4 0
8 14 7 5 0
8 14 7 6 0
8 14 7 7 0
8 14 7 8 0
8 14 7 9 0
8 14 7 10 0
8 14 7 11 0
8 14 7 12 0
8 14 7 13 0
8 14 7 14 0
8 14 7 15 0
8 14 8 0 0
8 14 8 1 0
8 14 8 2 0
8 14 8 3 0
8 14 8 4 0
8 14 8 5 0
8 14 8 6 0
8 14 8 7 0
8 14 8 8 0
8 14 8 9 0
8 14 8 10 0
8 14 8 11 0
8 14 8 12 0
8 14 8 13 0
8 14 8 14 0
8 14 8 15 0
8 14 9 0 0
8 14 9 1 0
8 14 9 2 0
8 14 9 3 0
8 14 9 4 0
8 14 9 5 0
8 14 9 6 0
8 14 9 7 0
8 14 9 8 0
8 14 9 9 0
8 14 9 10 0
8 14 9 11 0
8 14 9 12 0
8 14 9 13 0
8 14 9 14 0
8 14 9 15 0
8 14 10 0 0
8 14 10 1 0
8 14 10 2 0
8 14 10 3 0
8 14 10 4 0
8 14 10 5 0
8 14 10 6 0
8 14 10 7 0
8 14 10 8 0
8 14 10 9 0
8 14 10 10 0
8 14 10 11 0
8 14 10 12 0
8 14 10 13 0
8 14 10 14 0
8 14 10 15 0
8 14 11 0 0
8 14 11 1 0
8 14 11 2 0
8 14 11 3 0
8 14 11 4 0
8 14 11 5 0
8 14 11 6 0
8 14 11 7 0
8 14 11 8 0
8 14 11 9 0
8 14 11 10 0
8 14 11 11 0
8 14 11 12 0
8 14 11 13 0
8 14 11 14 0
8 14 11 15 0
8 14 12 0 0
8 14 12 1 0
8 14 12 2 0
8 14 12 3 0
8 14 12 4 0
8 14 12 5 0
8 14 12 6 0
8 14 12 7 0
8 14 12 8 0
8 14 12 9 0
8 14 12 10 0
8 14 12 11 0
8 14 12 12 0
8 14 12 13 0
8 14 12 14 0
8 14 12 15 0
8 14 13 0 0
8 14 13 1 0
8 14 13 2 0
8 14 13 3 0
8 14 13 4 0
8 14 13 5 0
8 14 13 6 0
8 14 13 7 0
8 14 13 8 0
8 14 13 9 0
8 14 13 10 0
8 14 13 11 0
8 14 13 12 0
8 14 13 13 0
8 14 13 14 0
8 14 13 15 0
8 14 14 0 0
8 14 14 1 0
8 14 14 2 0
8 14 14 3 0
8 14 14 4 0
8 14 14 5 0
8 14 14 6 0
8 14 14 7 0
8 14 14 8 0
8 14 14 9 0
8 14 14 10 0
8 14 14 11 0
8 14 14 12 0
8 14 14 13 0
8 14 14 14 0
8 14 14 15 0
8 14 15 0 0
8 14 15 1 0
8 14 15 2 0
8 14 15 3 0
8 14 15 4 0
8 14 15 5 0
8 14 15 6 0
8 14 15 7 0
8 14 15 8 0
8 14 15 9 0
8 14 15 10 0
8 14 15 11 0
8 14 15 12 0
8 14 15 13 0
8 14 15 14 0
8 14 15 15 0
8 15 0 0 0
8 15 0 1 0
8 15 0 2 0
8 15 0 3 0
8 15 0 4 0
8 15 0 5 0
8 15 0 6 0
8 15 0 7 0
8 15 0 8 0
8 15 0 9 0
8 15 0 10 0
8 15 0 11 0
8 15 0 12 0
8 15 0 13 0
8 15 0 14 0
8 15 0 15 0
8 15 1 0 0
8 15 1 1 0
8 15 1 2 0
8 15 1 3 0
8 15 1 4 0
8 15 1 5 0
8 15 1 6 0
8 15 1 7 0
8 15 1 8 0
8 15 1 9 0
8 15 1 10 0
8 15 1 11 0
8 15 1 12 0
8 15 1 13 0
8 15 1 14 0
8 15 1 15 0
8 15 2 0 0
8 15 2 1 0
8 15 2 2 0
8 15 2 3 0
8 15 2 4 0
8 15 2 5 0
8 15 2 6 0
8 15 2 7 0
8 15 2 8 0
8 15 2 9 0
8 15 2 10 0
8 15 2 11 0
8 15 2 12 0
8 15 2 13 0
8 15 2 14 0
8 15 2 15 0
8 15 3 0 0
8 15 3 1 0
8 15 3 2 0
8 15 3 3 0
8 15 3 4 0
8 15 3 5 0
8 15 3 6 0
8 15 3 7 0
8 15 3 8 0
8 15 3 9 0
8 15 3 10 0
8 15 3 11 0
8 15 3 12 0
8 15 3 13 0
8 15 3 14 0
8 15 3 15 0
8 15 4 0 0
8 15 4 1 0
8 15 4 2 0
8 15 4 3 0
8 15 4 4 0
8 15 4 5 0
8 15 4 6 0
8 15 4 7 0
8 15 4 8 0
8 15 4 9 0
8 15 4 10 0
8 15 4 11 0
8 15 4 12 0
8 15 4 13 0
8 15 4 14 0
8 15 4 15 0
8 15 5 0 0
8 15 5 1 0
8 15 5 2 0
8 15 5 3 0
8 15 5 4 0
8 15 5 5 0
8 15 5 6 0
8 15 5 7 0
8 15 5 8 0
8 15 5 9 0
8 15 5 10 0
8 15 5 11 0
8 15 5 12 0
8 15 5 13 0
8 15 5 14 0
8 15 5 15 0
8 15 6 0 0
8 15 6 1 0
8 15 6 2 0
8 15 6 3 0
8 15 6 4 0
8 15 6 5 0
8 15 6 6 0
8 15 6 7 0
8 15 6 8 0
8 15 6 9 0
8 15 6 10 0
8 15 6 11 0
8 15 6 12 0
8 15 6 13 0
8 15 6 14 0
8 15 6 15 0
8 15 7 0 0
8 15 7 1 0
8 15 7 2 0
8 15 7 3 0
8 15 7 4 0
8 15 7 5 0
8 15 7 6 0
8 15 7 7 0
8 15 7 8 0
8 15 7 9 0
8 15 7 10 0
8 15 7 11 0
8 15 7 12 0
8 15 7 13 0
8 15 7 14 0
8 15 7 15 0
8 15 8 0 0
8 15 8 1 0
8 15 8 2 0
8 15 8 3 0
8 15 8 4 0
8 15 8 5 0
8 15 8 6 0
8 15 8 7 0
8 15 8 8 0
8 15 8 9 0
8 15 8 10 0
8 15 8 11 0
8 15 8 12 0
8 15 8 13 0
8 15 8 14 0
8 15 8 15 0
8 15 9 0 0
8 15 9 1 0
8 15 9 2 0
8 15 9 3 0
8 15 9 4 0
8 15 9 5 0
8 15 9 6 0
8 15 9 7 0
8 15 9 8 0
8 15 9 9 0
8 15 9 10 0
8 15 9 11 0
8 15 9 12 0
8 15 9 13 0
8 15 9 14 0
8 15 9 15 0
8 15 10 0 0
8 15 10 1 0
8 15 10 2 0
8 15 10 3 0
8 15 10 4 0
8 15 10 5 0
8 15 10 6 0
8 15 10 7 0
8 15 10 8 0
8 15 10 9 0
8 15 10 10 0
8 15 10 11 0
8 15 10 12 0
8 15 10 13 0
8 15 10 14 0
8 15 10 15 0
8 15 11 0 0
8 15 11 1 0
8 15 11 2 0
8 15 11 3 0
8 15 11 4 0
8 15 11 5 0
8 15 11 6 0
8 15 11 7 0
8 15 11 8 0
8 15 11 9 0
8 15 11 10 0
8 15 11 11 0
8 15 11 12 0
8 15 11 13 0
8 15 11 14 0
8 15 11 15 0
8 15 12 0 0
8 15 12 1 0
8 15 12 2 0
8 15 12 3 0
8 15 12 4 0
8 15 12 5 0
8 15 12 6 0
8 15 12 7 0
8 15 12 8 0
8 15 12 9 0
8 15 12 10 0
8 15 12 11 0
8 15 12 12 0
8 15 12 13 0
8 15 12 14 0
8 15 12 15 0
8 15 13 0 0
8 15 13 1 0
8 15 13 2 0
8 15 13 3 0
8 15 13 4 0
8 15 13 5 0
8 15 13 6 0
8 15 13 7 0
8 15 13 8 0
8 15 13 9 0
8 15 13 10 0
8 15 13 11 0
8 15 13 12 0
8 15 13 13 0
8 15 13 14 0
8 15 13 15 0
8 15 14 0 0
8 15 14 1 0
8 15 14 2 0
8 15 14 3 0
8 15 14 4 0
8 15 14 5 0
8 15 14 6 0
8 15 14 7 0
8 15 14 8 0
8 15 14 9 0
8 15 14 10 0
8 15 14 11 0
8 15 14 12 0
8 15 14 13 0
8 15 14 14 0
8 15 14 15 0
8 15 15 0 0
8 15 15 1 0
8 15 15 2 0
8 15 15 3 0
8 15 15 4 0
8 15 15 5 0
8 15 15 6 0
8 15 15 7 0
8 15 15 8 0
8 15 15 9 0
8 15 15 10 0
8 15 15 11 0
8 15 15 12 0
8 15 15 13 0
8 15 15 14 0
8 15 15 15 0
9 0 0 0 0
9 0 0 1 0
9 0 0 2 0
9 0 0 3 0
9 0 0 4 -0.05254392090253764
9 0 0 5 0
9 0 0 6 0
9 0 0 7 0
9 0 0 8 0
9 0 0 9 -0.003998368592367713
9 0 0 10 0
9 0 0 11 0
9 0 0 12 0
9 0 0 13 0
9 0 0 14 0
9 0 0 15 0
9 0 1 0 0
9 0 1 1 0
9 0 1 2 0
9 0 1 3 0
9 0 1 4 0
9 0 1 5 0
9 0 1 6 0
9 0 1 7 0
9 0 1 8 0
9 0 1 9 0
9 0 1 10 0
9 0 1 11 0
9 0 1 12 0
9 0 1 13 0
9 0 1 14 0
9 0 1 15 0
9 0 2 0 0
9 0 2 1 0
9 0 2 2 0
9 0 2 3 0
9 0 2 4 0
9 0 2 5 0
9 0 2 6 0
9 0 2 7 0
9 0 2 8 0
9 0 2 9 0
9 0 2 10 0
9 0 2 11 0
9 0 2 12 0
9 0 2 13 0
9 0 2 14 0
9 0 2 15 0
9 0 3 0 0
9 0 3 1 0
9 0 3 2 0
9 0 3 3 0
9 0 3 4 0
9 0 3 5 0
9 0 3 6 0
9 0 3 7 0
9 0 3 8 0
9 0 3 9 0
9 0 3 10 0
9 0 3 11 0
9 0 3 12 0
9 0 3 13 0
9 0 3 14 0
9 0 3 15 0
9 0 4 0 0.1050878418050753
9 0 4 1 0
9 0 4 2 0
9 0 4 3 0
9 0 4 4 0
9 0 4 5 0
9 0 4 6 0
9 0 4 7 0
9 0 4 8 0
9 0 4 9 0
9 0 4 10 0
9 0 4 11 -0.0008513818696443964
9 0 4 12 0
9 0 4 13 0
9 0 4 14 0
9 0 4 15 0
9 0 5 0 0
9 0 5 1 0
9 0 5 2 0
9 0 5 3 0
9 0 5 4 0
9 0 5 5 0
9 0 5 6 0
9 0 5 7 0
9 0 5 8 0
9 0 5 9 0
9 0 5 10 0
9 0 5 11 0
9 0 5 12 0
9 0 5 13 0
9 0 5 14 0
9 0 5 15 0
9 0 6 0 0
9 0 6 1 0
9 0 6 2 0
9 0 6 3 0
9 0 6 4 0
9 0 6 5 0
9 0 6 6 0
9 0 6 7 0
9 0 6 8 0
9 0 6 9 0
9 0 6 10 0
9 0 6 11 0
9 0 6 12 0
9 0 6 13 0
9 0 6 14 0
9 0 6 15 0
9 0 7 0 0
9 0 7 1 0
9 0 7 2 0
9 0 7 3 0
9 0 7 4 0
9 0 7 5 0
9 0 7 6 0
9 0 7 7 0
9 0 7 8 0
9 0 7 9 0
9 0 7 10 0
9 0 7 11 0
9 0 7 12 0
9 0 7 13 0
9 0 7 14 0
9 0 7 15 0
9 0 8 0 0
9 0 8 1 0
9 0 8 2 0
9 0 8 3 0
9 0 8 4 0
9 0 8 5 0
9 0 8 6 0
9 0 8 7 0
9 0 8 8 0
9 0 8 9 0
9 0 8 10 0
9 0 8 11 0
9 0 8 12 0
9 0 8 13 0
9 0 8 14 0
9 0 8 15 0
9 0 9 0 0.007996737184735425
9 0 9 1 0
9 0 9 2 0
9 0 9 3 0
9 0 9 4 0
9 0 9 5 0
9 0 9 6 0
9 0 9 7 0
9 0 9 8 0
9 0 9 9 0
9 0 9 10 0
9 0 9 11 0
9 0 9 12 0
9 0 9 13 0
9 0 9 14 0
9 0 9 15 0
9 0 10 0 0
9 0 10 1 0
9 0 10 2 0
9 0 10 3 0
9 0 10 4 0
9 0 10 5 0
9 0 10 6 0
9 0 10 7 0
9 0 10 8 0
9 0 10 9 0
9 0 10 10 0
9 0 10 11 0
9 0 10 12 0
9 0 10 13 0
9 0 10 14 0
9 0 10 15 0
9 0 11 0 0
9 0 11 1 0
9 0 11 2 0
9 0 11 3 0
9 0 11 4 -0.0007307575911964722
9 0 11 5 0
9 0 11 6 0
9 0 11 7 0
9 0 11 8 0
9 0 11 9 0
9 0 11 10 0
9 0 11 11 0
9 0 11 12 0
9 0 11 13 0
9 0 11 14 0
9 0 11 15 0
9 0 12 0 0
9 0 12 1 0
9 0 12 2 0
9 0 12 3 0
9 0 12 4 0
9 0 12 5 0
9 0 12 6 0
9 0 12 7 0
9 0 12 8 0
9 0 12 9 0
9 0 12 10 0
9 0 12 11 0
9 0 12 12 0
9 0 12 13 0
9 0 12 14 0
9 0 12 15 0
9 0 13 0 0
9 0 13 1 0
9 0 13 2 0
9 0 13 3 0
9 0 13 4 0
9 0 13 5 0
9 0 13 6 0
9 0 13 7 0
9 0 13 8 0
9 0 13 9 0
9 0 13 10 0
9 0 13 11 0
9 0 13 12 0
9 0 13 13 0
9 0 13 14 0
9 0 13 15 0
9 0 14 0 0
9 0 14 1 0
9 0 14 2 0
9 0 14 3 0
9 0 14 4 0
9 0 14 5 0
9 0 14 6 0
9 0 14 7 0
9 0 14 8 0
9 0 14 9 0
9 0 14 10 0
9 0 14 11 0
9 0 14 12 0
9 0 14 13 0
9 0 14 14 0
9 0 14 15 0
9 0 15 0 0
9 0 15 1 0
9 0 15 2 0
9 0 15 3 0
9 0 15 4 0
9 0 15 5 0
9 0 15 6 0
9 0 15 7 0
9 0 15 8 0
9 0 15 9 0
9 0 15 10 0
9 0 15 11 0
9 0 15 12 0
9 0 15 13 0
9 0 15 14 0
9 0 15 15 0
9 1 0 0 0
9 1 0 1 0
9 1 0 2 0
9 1 0 3 0
9 1 0 4 0
9 1 0 5 0
9 1 0 6 0
9 1 0 7 0
9 1 0 8 0
9 1 0 9 0
9 1 0 10 0
9 1 0 11 0
9 1 0 12 0
9 1 0 13 0
9 1 0 14 0
9 1 0 15 0
9 1 1 0 0
9 1 1 1 0
9 1 1 2 0
9 1 1 3 0
9 1 1 4 -0.05254392090253764
9 1 1 5 0
9 1 1 6 0
9 1 1 7 0
9 1 1 8 0
9 1 1 9 -0.003998368592367713
9 1 1 10 0
9 1 1 11 0
9 1 1 12 0
9 1 1 13 0
9 1 1 14 0
9 1 1 15 0
9 1 2 0 0
9 1 2 1 0
9 1 2 2 0
9 1 2 3 0
9 1 2 4 0
9 1 2 5 0
9 1 2 6 0
9 1 2 7 0
9 1 2 8 0
9 1 2 9 0
9 1 2 10 0
9 1 2 11 0
9 1 2 12 0
9 1 2 13 0
9 1 2 14 0
9 1 2 15 0
9 1 3 0 0
9 1 3 1 0
9 1 3 2 0
9 1 3 3 0
9 1 3 4 0
9 1 3 5 0
9 1 3 6 0
9 1 3 7 0
9 1 3 8 0
9 1 3 9 0
9 1 3 10 0
9 1 3 11 0
9 1 3 12 0
9 1 3 13 0
9 1 3 14 0
9 1 3 15 0
9 1 4 0 0
9 1 4 1 0.1050878418050753
9 1 4 2 0
9 1 4 3 0
9 1 4 4 0
9 1 4 5 0
9 1 4 6 0
9 1 4 7 0
9 1 4 8 0
9 1 4 9 0
9 1 4 10 0
9 1 4 11 0
9 1 4 12 0
9 1 4 13 0
9 1 4 14 0
9 1 4 15 0.0008706738895706492
9 1 5 0 0
9 1 5 1 0
9 1 5 2 0
9 1 5 3 0
9 1 5 4 0
9 1 5 5 0
9 1 5 6 0
9 1 5 7 0
9 1 5 8 0
9 1 5 9 0
9 1 5 10 0
9 1 5 11 0
9 1 5 12 0
9 1 5 13 0
9 1 5 14 0
9 1 5 15 0
9 1 6 0 0
9 1 6 1 0
9 1 6 2 0
9 1 6 3 0
9 1 6 4 0
9 1 6 5 0
9 1 6 6 0
9 1 6 7 0
9 1 6 8 0
9 1 6 9 0
9 1 6 10 0
9 1 6 11 0
9 1 6 12 0
9 1 6 13 0
9 1 6 14 0
9 1 6 15 0
9 1 7 0 0
9 1 7 1 0
9 1 7 2 0
9 1 7 3 0
9 1 7 4 0
9 1 7 5 0
9 1 7 6 0
9 1 7 7 0
9 1 7 8 0
9 1 7 9 0
9 1 7 10 0
9 1 7 11 0
9 1 7 12 0
9 1 7 13 0
9 1 7 14 0
9 1 7 15 0
9 1 8 0 0
9 1 8 1 0
9 1 8 2 0
9 1 8 3 0
9 1 8 4 0
9 1 8 5 0
9 1 8 6 0
9 1 8 7 0
9 1 8 8 0
9 1 8 9 0
9 1 8 10 0
9 1 8 11 0
9 1 8 12 0
9 1 8 13 0
9 1 8 14 0
9 1 8 15 0
9 1 9 0 0
9 1 9 1 0.007996737184735425
9 1 9 2 0
9 1 9 3 0
9 1 9 4 0
9 1 9 5 0
9 1 9 6 0
9 1 9 7 0
9 1 9 8 0
9 1 9 9 0
9 1 9 10 0
9 1 9 11 0
9 1 9 12 0
9 1 9 13 0
9 1 9 14 0
9 1 9 15 0
9 1 10 0 0
9 1 10 1 0
9 1 10 2 0
9 1 10 3 0
9 1 10 4 0
9 1 10 5 0
9 1 10 6 0
9 1 10 7 0
9 1 10 8 0
9 1 10 9 0
9 1 10 10 0
9 1 10 11 0
9 1 10 12 0
9 1 10 13 0
9 1 10 14 0
9 1 10 15 0
9 1 11 0 0
9 1 11 1 0
9 1 11 2 0
9 1 11 3 0
9 1 11 4 0
9 1 11 5 0
9 1 11 6 0
9 1 11 7 0
9 1 11 8 0
9 1 11 9 0
9 1 11 10 0
9 1 11 11 0
9 1 11 12 0
9 1 11 13 0
9 1 11 14 0
9 1 11 15 0
9 1 12 0 0
9 1 12 1 0
9 1 12 2 0
9 1 12 3 0
9 1 12 4 0
9 1 12 5 0
9 1 12 6 0
9 1 12 7 0
9 1 12 8 0
9 1 12 9 0
9 1 12 10 0
9 1 12 11 0
9 1 12 12 0
9 1 12 13 0
9 1 12 14 0
9 1 12 15 0
9 1 13 0 0
9 1 13 1 0
9 1 13 2 0
9 1 13 3 0
9 1 13 4 0
9 1 13 5 0
9 1 13 6 0
9 1 13 7 0
9 1 13 8 0
9 1 13 9 0
9 1 13 10 0
9 1 13 11 0
9 1 13 12 0
9 1 13 13 0
9 1 13 14 0
9 1 13 15 0
9 1 14 0 0
9 1 14 1 0
9 1 14 2 0
9 1 14 3 0
9 1 14 4 0
9 1 14 5 0
9 1 14 6 0
9 1 14 7 0
9 1 14 8 0
9 1 14 9 0
9 1 14 10 0
9 1 14 11 0
9 1 14 12 0
9 1 14 13 0
9 1 14 14 0
9 1 14 15 0
9 1 15 0 0
9 1 15 1 0
9 1 15 2 0
9 1 15 3 0
9 1 15 4 -0.0002380038586738023
9 1 15 5 0
9 1 15 6 0
9 1 15 7 0
9 1 15 8 0
9 1 15 9 0
9 1 15 10 0
9 1 15 11 0
9 1 15 12 0
9 1 15 13 0
9 1 15 14 0
9 1 15 15 0
9 2 0 0 0
9 2 0 1 0
9 2 0 2 0
9 2 0 3 0
9 2 0 4 0
9 2 0 5 0
9 2 0 6 0
9 2 0 7 0
9 2 0 8 0
9 2 0 9 0
9 2 0 10 0
9 2 0 11 0
9 2 0 12 0
9 2 0 13 0
9 2 0 14 0
9 2 0 15 0
9 2 1 0 0
9 2 1 1 0
9 2 1 2 0
9 2 1 3 0
9 2 1 4 0
9 2 1 5 0
9 2 1 6 0
9 2 1 7 0
9 2 1 8 0
9 2 1 9 0
9 2 1 10 0
9 2 1 11 0
9 2 1 12 0
9 2 1 13 0
9 2 1 14 0
9 2 1 15 0
9 2 2 0 0
9 2 2 1 0
9 2 2 2 0
9 2 2 3 0
9 2 2 4 -0.05254392090253764
9 2 2 5 0
9 2 2 6 0
9 2 2 7 0
9 2 2 8 0
9 2 2 9 -0.003998368592367713
9 2 2 10 0
9 2 2 11 0
9 2 2 12 0
9 2 2 13 0
9 2 2 14 0
9 2 2 15 0
9 2 3 0 0
9 2 3 1 0
9 2 3 2 0
9 2 3 3 0
9 2 3 4 0
9 2 3 5 0
9 2 3 6 0
9 2 3 7 0
9 2 3 8 0
9 2 3 9 0
9 2 3 10 0
9 2 3 11 0
9 2 3 12 0
9 2 3 13 0
9 2 3 14 0
9 2 3 15 0
9 2 4 0 0
9 2 4 1 0
9 2 4 2 0.1050878418050753
9 2 4 3 0
9 2 4 4 0
9 2 4 5 0
9 2 4 6 0
9 2 4 7 0
9 2 4 8 0
9 2 4 9 0
9 2 4 10 0
9 2 4 11 -0.001870972383733282
9 2 4 12 0
9 2 4 13 0
9 2 4 14 0.002493161944375595
9 2 4 15 0
9 2 5 0 0
9 2 5 1 0
9 2 5 2 0
9 2 5 3 0
9 2 5 4 0
9 2 5 5 0
9 2 5 6 0
9 2 5 7 2.876705403321271e-20
9 2 5 8 0
9 2 5 9 0
9 2 5 10 0
9 2 5 11 0
9 2 5 12 0
9 2 5 13 0
9 2 5 14 0
9 2 5 15 0
9 2 6 0 0
9 2 6 1 0
9 2 6 2 0
9 2 6 3 0
9 2 6 4 0
9 2 6 5 0
9 2 6 6 0
9 2 6 7 0
9 2 6 8 0
9 2 6 9 0
9 2 6 10 0
9 2 6 11 0
9 2 6 12 0
9 2 6 13 0
9 2 6 14 0
9 2 6 15 0
9 2 7 0 0
9 2 7 1 0
9 2 7 2 0
9 2 7 3 0
9 2 7 4 0
9 2 7 5 1.112948895970224e-21
9 2 7 6 0
9 2 7 7 0
9 2 7 8 0
9 2 7 9 0
9 2 7 10 0
9 2 7 11 0
9 2 7 12 0
9 2 7 13 0
9 2 7 14 0
9 2 7 15 0
9 2 8 0 0
9 2 8 1 0
9 2 8 2 0
9 2 8 3 0
9 2 8 4 0
9 2 8 5 0
9 2 8 6 0
9 2 8 7 0
9 2 8 8 0
9 2 8 9 0
9 2 8 10 0
9 2 8 11 0
9 2 8 12 0
9 2 8 13 0
9 2 8 14 0
9 2 8 15 0
9 2 9 0 0
9 2 9 1 0
9 2 9 2 0.007996737184735425
9 2 9 3 0
9 2 9 4 0
9 2 9 5 0
9 2 9 6 0
9 2 9 7 0
9 2 9 8 0
9 2 9 9 0
9 2 9 10 0
9 2 9 11 0
9 2 9 12 0
9 2 9 13 0
9 2 9 14 0
9 2 9 15 0
9 2 10 0 0
9 2 10 1 0
9 2 10 2 0
9 2 10 3 0
9 2 10 4 0
9 2 10 5 0
9 2 10 6 0
9 2 10 7 0
9 2 10 8 0
9 2 10 9 0
9 2 10 10 0
9 2 10 11 0
9 2 10 12 0
9 2 10 13 0
9 2 10 14 0
9 2 10 15 0
9 2 11 0 0
9 2 11 1 0
9 2 11 2 0
9 2 11 3 0
9 2 11 4 0.0006156359370402642
9 2 11 5 0
9 2 11 6 0
9 2 11 7 0
9 2 11 8 0
9 2 11 9 0
9 2 11 10 0
9 2 11 11 0
9 2 11 12 0
9 2 11 13 0
9 2 11 14 0
9 2 11 15 0
9 2 12 0 0
9 2 12 1 0
9 2 12 2 0
9 2 12 3 0
9 2 12 4 0
9 2 12 5 0
9 2 12 6 0
9 2 12 7 0
9 2 12 8 0
9 2 12 9 0
9 2 12 10 0
9 2 12 11 0
9 2 12 12 0
9 2 12 13 0
9 2 12 14 0
9 2 12 15 0
9 2 13 0 0
9 2 13 1 0
9 2 13 2 0
9 2 13 3 0
9 2 13 4 0
9 2 13 5 0
9 2 13 6 0
9 2 13 7 0
9 2 13 8 0
9 2 13 9 0
9 2 13 10 0
9 2 13 11 0
9 2 13 12 0
9 2 13 13 0
9 2 13 14 0
9 2 13 15 0
9 2 14 0 0
9 2 14 1 0
9 2 14 2 0
9 2 14 3 0
9 2 14 4 -0.002121523557781488
9 2 14 5 0
9 2 14 6 0
9 2 14 7 0
9 2 14 8 0
9 2 14 9 0
9 2 14 10 0
9 2 14 11 0
9 2 14 12 0
9 2 14 13 0
9 2 14 14 0
9 2 14 15 0
9 2 15 0 0
9 2 15 1 0
9 2 15 2 0
9 2 15 3 0
9 2 15 4 0
9 2 15 5 0
9 2 15 6 0
9 2 15 7 0
9 2 15 8 0
9 2 15 9 0
9 2 15 10 0
9 2 15 11 0
9 2 15 12 0
9 2 15 13 0
9 2 15 14 0
9 2 15 15 0
9 3 0 0 0
9 3 0 1 0
9 3 0 2 0
9 3 0 3 0
9 3 0 4 0
9 3 0 5 0
9 3 0 6 0
9 3 0 7 0
9 3 0 8 0
9 3 0 9 0
9 3 0 10 0
9 3 0 11 0
9 3 0 12 0
9 3 0 13 0
9 3 0 14 0
9 3 0 15 0
9 3 1 0 0
9 3 1 1 0
9 3 1 2 0
9 3 1 3 0
9 3 1 4 0
9 3 1 5 0
9 3 1 6 0
9 3 1 7 0
9 3 1 8 0
9 3 1 9 0
9 3 1 10 0
9 3 1 11 0
9 3 1 12 0
9 3 1 13 0
9 3 1 14 0
9 3 1 15 0
9 3 2 0 0
9 3 2 1 0
9 3 2 2 0
9 3 2 3 0
9 3 2 4 0
9 3 2 5 0
9 3 2 6 0
9 3 2 7 0
9 3 2 8 0
9 3 2 9 0
9 3 2 10 0
9 3 2 11 0
9 3 2 12 0
9 3 2 13 0
9 3 2 14 0
9 3 2 15 0
9 3 3 0 0
9 3 3 1 0
9 3 3 2 0
9 3 3 3 0
9 3 3 4 -0.05254392090253765
9 3 3 5 0
9 3 3 6 0
9 3 3 7 0
9 3 3 8 0
9 3 3 9 -0.003998368592367713
9 3 3 10 0
9 3 3 11 0
9 3 3 12 0
9 3 3 13 0
9 3 3 14 0
9 3 3 15 0
9 3 4 0 0
9 3 4 1 0
9 3 4 2 0
9 3 4 3 0.05254392090253765
9 3 4 4 0
9 3 4 5 0
9 3 4 6 0
9 3 4 7 0
9 3 4 8 0.004068934719548929
9 3 4 9 0
9 3 4 10 0
9 3 4 11 0
9 3 4 12 0
9 3 4 13 0
9 3 4 14 0
9 3 4 15 0
9 3 5 0 0
9 3 5 1 0
9 3 5 2 0
9 3 5 3 0
9 3 5 4 0
9 3 5 5 0
9 3 5 6 -9.201647606919378e-21
9 3 5 7 0
9 3 5 8 0
9 3 5 9 0
9 3 5 10 0
9 3 5 11 0
9 3 5 12 0
9 3 5 13 1.200788126101897e-20
9 3 5 14 0
9 3 5 15 0
9 3 6 0 0
9 3 6 1 0
9 3 6 2 0
9 3 6 3 0
9 3 6 4 0
9 3 6 5 8.045543147428614e-20
9 3 6 6 0
9 3 6 7 0
9 3 6 8 0
9 3 6 9 0
9 3 6 10 0
9 3 6 11 0
9 3 6 12 -2.210764183360493e-21
9 3 6 13 0
9 3 6 14 0
9 3 6 15 0
9 3 7 0 0
9 3 7 1 0
9 3 7 2 0
9 3 7 3 0
9 3 7 4 0
9 3 7 5 0
9 3 7 6 0
9 3 7 7 0
9 3 7 8 0
9 3 7 9 0
9 3 7 10 0
9 3 7 11 0
9 3 7 12 0
9 3 7 13 0
9 3 7 14 0
9 3 7 15 0
9 3 8 0 0
9 3 8 1 0
9 3 8 2 0
9 3 8 3 0
9 3 8 4 -0.004068934719548928
9 3 8 5 0
9 3 8 6 0
9 3 8 7 0
9 3 8 8 0
9 3 8 9 0
9 3 8 10 0
9 3 8 11 0
9 3 8 12 0
9 3 8 13 0
9 3 8 14 0
9 3 8 15 0
9 3 9 0 0
9 3 9 1 0
9 3 9 2 0
9 3 9 3 0.003998368592367713
9 3 9 4 0
9 3 9 5 0
9 3 9 6 0
9 3 9 7 0
9 3 9 8 0
9 3 9 9 0
9 3 9 10 0
9 3 9 11 0
9 3 9 12 0
9 3 9 13 0
9 3 9 14 0
9 3 9 15 0
9 3 10 0 0
9 3 10 1 0
9 3 10 2 0
9 3 10 3 0
9 3 10 4 0
9 3 10 5 0
9 3 10 6 0
9 3 10 7 0
9 3 10 8 0
9 3 10 9 0
9 3 10 10 0
9 3 10 11 0
9 3 10 12 0
9 3 10 13 0
9 3 10 14 0
9 3 10 15 0
9 3 11 0 0
9 3 11 1 0
9 3 11 2 0
9 3 11 3 0
9 3 11 4 0
9 3 11 5 0
9 3 11 6 0
9 3 11 7 0
9 3 11 8 0
9 3 11 9 0
9 3 11 10 0
9 3 11 11 0
9 3 11 12 0
9 3 11 13 0
9 3 11 14 0
9 3 11 15 0
9 3 12 0 0
9 3 12 1 0
9 3 12 2 0
9 3 12 3 0
9 3 12 4 0
9 3 12 5 0
9 3 12 6 1.015023514971982e-20
9 3 12 7 0
9 3 12 8 0
9 3 12 9 0
9 3 12 10 0
9 3 12 11 0
9 3 12 12 0
9 3 12 13 0
9 3 12 14 0
9 3 12 15 0
9 3 13 0 0
9 3 13 1 0
9 3 13 2 0
9 3 13 3 0
9 3 13 4 0
9 3 13 5 -4.475344381944516e-21
9 3 13 6 0
9 3 13 7 0
9 3 13 8 0
9 3 13 9 0
9 3 13 10 0
9 3 13 11 0
9 3 13 12 0
9 3 13 13 0
9 3 13 14 0
9 3 13 15 0
9 3 14 0 0
9 3 14 1 0
9 3 14 2 0
9 3 14 3 0
9 3 14 4 0
9 3 14 5 0
9 3 14 6 0
9 3 14 7 0
9 3 14 8 0
9 3 14 9 0
9 3 14 10 0
9 3 14 11 0
9 3 14 12 0
9 3 14 13 0
9 3 14 14 0
9 3 14 15 0
9 3 15 0 0
9 3 15 1 0
9 3 15 2 0
9 3 15 3 0
9 3 15 4 0
9 3 15 5 0
9 3 15 6 0
9 3 15 7 0
9 3 15 8 0
9 3 15 9 0
9 3 15 10 0
9 3 15 11 0
9 3 15 12 0
9 3 15 13 0
9 3 15 14 0
9 3 15 15 0
9 4 0 0 0
9 4 0 1 0
9 4 0 2 0
9 4 0 3 0
9 4 0 4 0
9 4 0 5 0
9 4 0 6 0
9 4 0 7 0
9 4 0 8 0
9 4 0 9 0
9 4 0 10 0
9 4 0 11 0
9 4 0 12 0
9 4 0 13 0
9 4 0 14 0
9 4 0 15 0
9 4 1 0 0
9 4 1 1 0
9 4 1 2 0
9 4 1 3 0
9 4 1 4 0
9 4 1 5 0
9 4 1 6 0
9 4 1 7 0
9 4 1 8 0
9 4 1 9 0
9 4 1 10 0
9 4 1 11 0
9 4 1 12 0
9 4 1 13 0
9 4 1 14 0
9 4 1 15 0
9 4 2 0 0
9 4 2 1 0
9 4 2 2 0
9 4 2 3 0
9 4 2 4 0
9 4 2 5 0
9 4 2 6 0
9 4 2 7 0
9 4 2 8 0
9 4 2 9 0
9 4 2 10 0
9 4 2 11 0
9 4 2 12 0
9 4 2 13 0
9 4 2 14 0
9 4 2 15 0
9 4 3 0 0
9 4 3 1 0
9 4 3 2 0
9 4 3 3 0
9 4 3 4 0
9 4 3 5 0
9 4 3 6 0
9 4 3 7 0
9 4 3 8 0
9 4 3 9 0
9 4 3 10 0
9 4 3 11 0
9 4 3 12 0
9 4 3 13 0
9 4 3 14 0
9 4 3 15 0
9 4 4 0 0
9 4 4 1 0
9 4 4 2 0
9 4 4 3 0
9 4 4 4 6.421113496646939e-20
9 4 4 5 0
9 4 4 6 0
9 4 4 7 0
9 4 4 8 0
9 4 4 9 4.251031713837984e-20
9 4 4 10 0
9 4 4 11 0
9 4 4 12 0
9 4 4 13 0
9 4 4 14 0
9 4 4 15 0
9 4 5 0 0
9 4 5 1 0
9 4 5 2 0
9 4 5 3 0
9 4 5 4 0
9 4 5 5 -3.21205622904142e-20
9 4 5 6 0
9 4 5 7 0
9 4 5 8 0
9 4 5 9 0
9 4 5 10 0
9 4 5 11 0
9 4 5 12 -8.120787927082982e-21
9 4 5 13 0
9 4 5 14 0
9 4 5 15 0
9 4 6 0 0
9 4 6 1 0
9 4 6 2 0
9 4 6 3 0
9 4 6 4 0
9 4 6 5 0
9 4 6 6 0
9 4 6 7 0
9 4 6 8 0
9 4 6 9 0
9 4 6 10 0
9 4 6 11 0
9 4 6 12 0
9 4 6 13 0
9 4 6 14 0
9 4 6 15 0
9 4 7 0 0
9 4 7 1 0
9 4 7 2 0
9 4 7 3 0
9 4 7 4 0
9 4 7 5 0
9 4 7 6 0
9 4 7 7 0
9 4 7 8 0
9 4 7 9 0
9 4 7 10 0
9 4 7 11 0
9 4 7 12 0
9 4 7 13 0
9 4 7 14 0
9 4 7 15 0
9 4 8 0 0
9 4 8 1 0
9 4 8 2 0
9 4 8 3 0
9 4 8 4 0
9 4 8 5 0
9 4 8 6 0
9 4 8 7 0
9 4 8 8 0
9 4 8 9 0
9 4 8 10 0
9 4 8 11 0
9 4 8 12 0
9 4 8 13 0
9 4 8 14 0
9 4 8 15 0
9 4 9 0 0
9 4 9 1 0
9 4 9 2 0
9 4 9 3 0
9 4 9 4 4.383881193604675e-20
9 4 9 5 0
9 4 9 6 0
9 4 9 7 0
9 4 9 8 0
9 4 9 9 0
9 4 9 10 0
9 4 9 11 0
9 4 9 12 0
9 4 9 13 0
9 4 9 14 0
9 4 9 15 0
9 4 10 0 0
9 4 10 1 0
9 4 10 2 0
9 4 10 3 0
9 4 10 4 0
9 4 10 5 0
9 4 10 6 0
9 4 10 7 0
9 4 10 8 0
9 4 10 9 0
9 4 10 10 0
9 4 10 11 0
9 4 10 12 0
9 4 10 13 0
9 4 10 14 0
9 4 10 15 0
9 4 11 0 0
9 4 11 1 0
9 4 11 2 0
9 4 11 3 0
9 4 11 4 0
9 4 11 5 0
9 4 11 6 0
9 4 11 7 0
9 4 11 8 0
9 4 11 9 0
9 4 11 10 0
9 4 11 11 0
9 4 11 12 0
9 4 11 13 0
9 4 11 14 0
9 4 11 15 0
9 4 12 0 0
9 4 12 1 0
9 4 12 2 0
9 4 12 3 0
9 4 12 4 0
9 4 12 5 -8.831797625274296e-21
9 4 12 6 0
9 4 12 7 0
9 4 12 8 0
9 4 12 9 0
9 4 12 10 0
9 4 12 11 0
9 4 12 12 0
9 4 12 13 0
9 4 12 14 0
9 4 12 15 0
9 4 13 0 0
9 4 13 1 0
9 4 13 2 0
9 4 13 3 0
9 4 13 4 0
9 4 13 5 0
9 4 13 6 0
9 4 13 7 0
9 4 13 8 0
9 4 13 9 0
9 4 13 10 0
9 4 13 11 0
9 4 13 12 0
9 4 13 13 0
9 4 13 14 0
9 4 13 15 0
9 4 14 0 0
9 4 14 1 0
9 4 14 2 0
9 4 14 3 0
9 4 14 4 0
9 4 14 5 0
9 4 14 6 0
9 4 14 7 0
9 4 14 8 0
9 4 14 9 0
9 4 14 10 0
9 4 14 11 0
9 4 14 12 0
9 4 14 13 0
9 4 14 14 0
9 4 14 15 0
9 4 15 0 0
9 4 15 1 0
9 4 15 2 0
9 4 15 3 0
9 4 15 4 0
9 4 15 5 0
9 4 15 6 0
9 4 15 7 0
9 4 15 8 0
9 4 15 9 0
9 4 15 10 0
9 4 15 11 0
9 4 15 12 0
9 4 15 13 0
9 4 15 14 0
9 4 15 15 0
9 5 0 0 0
9 5 0 1 0
9 5 0 2 0
9 5 0 3 0
9 5 0 4 0
9 5 0 5 0
9 5 0 6 0
9 5 0 7 0
9 5 0 8 0
9 5 0 9 0
9 5 0 10 0
9 5 0 11 0
9 5 0 12 0
9 5 0 13 0
9 5 0 14 0
9 5 0 15 0
9 5 1 0 0
9 5 1 1 0
9 5 1 2 0
9 5 1 3 0
9 5 1 4 0
9 5 1 5 0
9 5 1 6 0
9 5 1 7 0
9 5 1 8 0
9 5 1 9 0
9 5 1 10 0
9 5 1 11 0
9 5 1 12 0
9 5 1 13 0
9 5 1 14 0
9 5 1 15 0
9 5 2 0 0
9 5 2 1 0
9 5 2 2 0
9 5 2 3 0
9 5 2 4 0
9 5 2 5 0
9 5 2 6 0
9 5 2 7 0
9 5 2 8 0
9 5 2 9 0
9 5 2 10 0
9 5 2 11 0
9 5 2 12 0
9 5 2 13 0
9 5 2 14 0
9 5 2 15 0
9 5 3 0 0
9 5 3 1 0
9 5 3 2 0
9 5 3 3 0
9 5 3 4 0
9 5 3 5 0
9 5 3 6 0
9 5 3 7 0
9 5 3 8 0
9 5 3 9 0
9 5 3 10 0
9 5 3 11 0
9 5 3 12 0
9 5 3 13 0
9 5 3 14 0
9 5 3 15 0
9 5 4 0 0
9 5 4 1 0
9 5 4 2 0
9 5 4 3 0
9 5 4 4 0
9 5 4 5 0.05254392090253765
9 5 4 6 0
9 5 4 7 0
9 5 4 8 0
9 5 4 9 0
9 5 4 10 0
9 5 4 11 0
9 5 4 12 0.003730152614728567
9 5 4 13 0
9 5 4 14 0
9 5 4 15 0
9 5 5 0 0
9 5 5 1 0
9 5 5 2 0
9 5 5 3 0
9 5 5 4 -0.05254392090253764
9 5 5 5 0
9 5 5 6 0
9 5 5 7 0
9 5 5 8 0
9 5 5 9 -0.003998368592367713
9 5 5 10 0
9 5 5 11 0
9 5 5 12 0
9 5 5 13 0
9 5 5 14 0
9 5 5 15 0
9 5 6 0 0
9 5 6 1 0
9 5 6 2 0
9 5 6 3 0
9 5 6 4 0
9 5 6 5 0
9 5 6 6 0
9 5 6 7 0
9 5 6 8 0
9 5 6 9 0
9 5 6 10 0
9 5 6 11 0
9 5 6 12 0
9 5 6 13 0
9 5 6 14 0
9 5 6 15 0
9 5 7 0 0
9 5 7 1 0
9 5 7 2 0
9 5 7 3 0
9 5 7 4 0
9 5 7 5 0
9 5 7 6 0
9 5 7 7 0
9 5 7 8 0
9 5 7 9 0
9 5 7 10 0
9 5 7 11 0
9 5 7 12 0
9 5 7 13 0
9 5 7 14 0
9 5 7 15 0
9 5 8 0 0
9 5 8 1 0
9 5 8 2 0
9 5 8 3 0
9 5 8 4 0
9 5 8 5 0
9 5 8 6 0
9 5 8 7 0
9 5 8 8 0
9 5 8 9 0
9 5 8 10 0
9 5 8 11 0
9 5 8 12 0
9 5 8 13 0
9 5 8 14 0
9 5 8 15 0
9 5 9 0 0
9 5 9 1 0
9 5 9 2 0
9 5 9 3 0
9 5 9 4 0
9 5 9 5 0.003998368592367713
9 5 9 6 0
9 5 9 7 0
9 5 9 8 0
9 5 9 9 0
9 5 9 10 0
9 5 9 11 0
9 5 9 12 0
9 5 9 13 0
9 5 9 14 0
9 5 9 15 0
9 5 10 0 0
9 5 10 1 0
9 5 10 2 0
9 5 10 3 0
9 5 10 4 0
9 5 10 5 0
9 5 10 6 0
9 5 10 7 0
9 5 10 8 0
9 5 10 9 0
9 5 10 10 0
9 5 10 11 0
9 5 10 12 0
9 5 10 13 0
9 5 10 14 0
9 5 10 15 0
9 5 11 0 0
9 5 11 1 0
9 5 11 2 0
9 5 11 3 0
9 5 11 4 0
9 5 11 5 0
9 5 11 6 0
9 5 11 7 0
9 5 11 8 0
9 5 11 9 0
9 5 11 10 0
9 5 11 11 0
9 5 11 12 0
9 5 11 13 0
9 5 11 14 0
9 5 11 15 0
9 5 12 0 0
9 5 12 1 0
9 5 12 2 0
9 5 12 3 0
9 5 12 4 -0.003730152614728567
9 5 12 5 0
9 5 12 6 0
9 5 12 7 0
9 5 12 8 0
9 5 12 9 0
9 5 12 10 0
9 5 12 11 0
9 5 12 12 0
9 5 12 13 0
9 5 12 14 0
9 5 12 15 0
9 5 13 0 0
9 5 13 1 0
9 5 13 2 0
9 5 13 3 0
9 5 13 4 0
9 5 13 5 0
9 5 13 6 0
9 5 13 7 0
9 5 13 8 0
9 5 13 9 0
9 5 13 10 0
9 5 13 11 0
9 5 13 12 0
9 5 13 13 0
9 5 13 14 0
9 5 13 15 0
9 5 14 0 0
9 5 14 1 0
9 5 14 2 0
9 5 14 3 0
9 5 14 4 0
9 5 14 5 0
9 5 14 6 0
9 5 14 7 0
9 5 14 8 0
9 5 14 9 0
9 5 14 10 0
9 5 14 11 0
9 5 14 12 0
9 5 14 13 0
9 5 14 14 0
9 5 14 15 0
9 5 15 0 0
9 5 15 1 0
9 5 15 2 0
9 5 15 3 0
9 5 15 4 0
9 5 15 5 0
9 5 15 6 0
9 5 15 7 0
9 5 15 8 0
9 5 15 9 0
9 5 15 10 0
9 5 15 11 0
9 5 15 12 0
9 5 15 13 0
9 5 15 14 0
9 5 15 15 0
9 6 0 0 0
9 6 0 1 0
9 6 0 2 0
9 6 0 3 0
9 6 0 4 0
9 6 0 5 0
9 6 0 6 0
9 6 0 7 0
9 6 0 8 0
9 6 0 9 0
9 6 0 10 0
9 6 0 11 0
9 6 0 12 0
9 6 0 13 0
9 6 0 14 0
9 6 0 15 0
9 6 1 0 0
9 6 1 1 0
9 6 1 2 0
9 6 1 3 0
9 6 1 4 0
9 6 1 5 0
9 6 1 6 0
9 6 1 7 0
9 6 1 8 0
9 6 1 9 0
9 6 1 10 0
9 6 1 11 0
9 6 1 12 0
9 6 1 13 0
9 6 1 14 0
9 6 1 15 0
9 6 2 0 0
9 6 2 1 0
9 6 2 2 0
9 6 2 3 0
9 6 2 4 0
9 6 2 5 0
9 6 2 6 0
9 6 2 7 0
9 6 2 8 0
9 6 2 9 0
9 6 2 10 0
9 6 2 11 0
9 6 2 12 0
9 6 2 13 0
9 6 2 14 0
9 6 2 15 0
9 6 3 0 0
9 6 3 1 0
9 6 3 2 0
9 6 3 3 0
9 6 3 4 0
9 6 3 5 7.400245980644072e-20
9 6 3 6 0
9 6 3 7 0
9 6 3 8 0
9 6 3 9 0
9 6 3 10 0
9 6 3 11 0
9 6 3 12 7.218446949303332e-21
9 6 3 13 0
9 6 3 14 0
9 6 3 15 0
9 6 4 0 0
9 6 4 1 0
9 6 4 2 0
9 6 4 3 0
9 6 4 4 0
9 6 4 5 0
9 6 4 6 0.05254392090253764
9 6 4 7 0
9 6 4 8 0
9 6 4 9 0
9 6 4 10 0
9 6 4 11 0
9 6 4 12 0
9 6 4 13 0.003776668271951221
9 6 4 14 0
9 6 4 15 0
9 6 5 0 0
9 6 5 1 0
9 6 5 2 0
9 6 5 3 8.903054792833342e-21
9 6 5 4 0
9 6 5 5 0
9 6 5 6 0
9 6 5 7 0
9 6 5 8 2.40437969977788e-20
9 6 5 9 0
9 6 5 10 0
9 6 5 11 0
9 6 5 12 0
9 6 5 13 0
9 6 5 14 0
9 6 5 15 0
9 6 6 0 0
9 6 6 1 0
9 6 6 2 0
9 6 6 3 0
9 6 6 4 -0.05254392090253764
9 6 6 5 0
9 6 6 6 0
9 6 6 7 0
9 6 6 8 0
9 6 6 9 -0.003998368592367713
9 6 6 10 0
9 6 6 11 0
9 6 6 12 0
9 6 6 13 0
9 6 6 14 0
9 6 6 15 0
9 6 7 0 0
9 6 7 1 0
9 6 7 2 0
9 6 7 3 0
9 6 7 4 0
9 6 7 5 0
9 6 7 6 0
9 6 7 7 0
9 6 7 8 0
9 6 7 9 0
9 6 7 10 0
9 6 7 11 0
9 6 7 12 0
9 6 7 13 0
9 6 7 14 0
9 6 7 15 0
9 6 8 0 0
9 6 8 1 0
9 6 8 2 0
9 6 8 3 0
9 6 8 4 0
9 6 8 5 -8.895556045151379e-21
9 6 8 6 0
9 6 8 7 0
9 6 8 8 0
9 6 8 9 0
9 6 8 10 0
9 6 8 11 0
9 6 8 12 0
9 6 8 13 0
9 6 8 14 0
9 6 8 15 0
9 6 9 0 0
9 6 9 1 0
9 6 9 2 0
9 6 9 3 0
9 6 9 4 0
9 6 9 5 0
9 6 9 6 0.003998368592367713
9 6 9 7 0
9 6 9 8 0
9 6 9 9 0
9 6 9 10 0
9 6 9 11 0
9 6 9 12 0
9 6 9 13 0
9 6 9 14 0
9 6 9 15 0
9 6 10 0 0
9 6 10 1 0
9 6 10 2 0
9 6 10 3 0
9 6 10 4 0
9 6 10 5 0
9 6 10 6 0
9 6 10 7 0
9 6 10 8 0
9 6 10 9 0
9 6 10 10 0
9 6 10 11 0
9 6 10 12 0
9 6 10 13 0
9 6 10 14 0
9 6 10 15 0
9 6 11 0 0
9 6 11 1 0
9 6 11 2 0
9 6 11 3 0
9 6 11 4 0
9 6 11 5 0
9 6 11 6 0
9 6 11 7 0
9 6 11 8 0
9 6 11 9 0
9 6 11 10 0
9 6 11 11 0
9 6 11 12 0
9 6 11 13 0
9 6 11 14 0
9 6 11 15 0
9 6 12 0 0
9 6 12 1 0
9 6 12 2 0
9 6 12 3 -7.920074631126594e-21
9 6 12 4 0
9 6 12 5 0
9 6 12 6 0
9 6 12 7 0
9 6 12 8 0
9 6 12 9 0
9 6 12 10 0
9 6 12 11 0
9 6 12 12 0
9 6 12 13 0
9 6 12 14 0
9 6 12 15 0
9 6 13 0 0
9 6 13 1 0
9 6 13 2 0
9 6 13 3 0
9 6 13 4 -0.003776668271951221
9 6 13 5 0
9 6 13 6 0
9 6 13 7 0
9 6 13 8 0
9 6 13 9 0
9 6 13 10 0
9 6 13 11 0
9 6 13 12 0
9 6 13 13 0
9 6 13 14 0
9 6 13 15 0
9 6 14 0 0
9 6 14 1 0
9 6 14 2 0
9 6 14 3 0
9 6 14 4 0
9 6 14 5 0
9 6 14 6 0
9 6 14 7 0
9 6 14 8 0
9 6 14 9 0
9 6 14 10 0
9 6 14 11 0
9 6 14 12 0
9 6 14 13 0
9 6 14 14 0
9 6 14 15 0
9 6 15 0 0
9 6 15 1 0
9 6 15 2 0
9 6 15 3 0
9 6 15 4 0
9 6 15 5 0
9 6 15 6 0
9 6 15 7 0
9 6 15 8 0
9 6 15 9 0
9 6 15 10 0
9 6 15 11 0
9 6 15 12 0
9 6 15 13 0
9 6 15 14 0
9 6 15 15 0
9 7 0 0 0
9 7 0 1 0
9 7 0 2 0
9 7 0 3 0
9 7 0 4 0
9 7 0 5 0
9 7 0 6 0
9 7 0 7 0
9 7 0 8 0
9 7 0 9 0
9 7 0 10 0
9 7 0 11 0
9 7 0 12 0
9 7 0 13 0
9 7 0 14 0
9 7 0 15 0
9 7 1 0 0
9 7 1 1 0
9 7 1 2 0
9 7 1 3 0
9 7 1 4 0
9 7 1 5 0
9 7 1 6 0
9 7 1 7 0
9 7 1 8 0
9 7 1 9 0
9 7 1 10 0
9 7 1 11 0
9 7 1 12 0
9 7 1 13 0
9 7 1 14 0
9 7 1 15 0
9 7 2 0 0
9 7 2 1 0
9 7 2 2 0
9 7 2 3 0
9 7 2 4 0
9 7 2 5 0
9 7 2 6 0
9 7 2 7 0
9 7 2 8 0
9 7 2 9 0
9 7 2 10 0
9 7 2 11 0
9 7 2 12 0
9 7 2 13 0
9 7 2 14 0
9 7 2 15 0
9 7 3 0 0
9 7 3 1 0
9 7 3 2 0
9 7 3 3 0
9 7 3 4 0
9 7 3 5 0
9 7 3 6 0
9 7 3 7 0
9 7 3 8 0
9 7 3 9 0
9 7 3 10 0
9 7 3 11 0
9 7 3 12 0
9 7 3 13 0
9 7 3 14 0
9 7 3 15 0
9 7 4 0 0
9 7 4 1 0
9 7 4 2 0
9 7 4 3 0
9 7 4 4 0
9 7 4 5 0
9 7 4 6 0
9 7 4 7 0
9 7 4 8 0
9 7 4 9 0
9 7 4 10 0
9 7 4 11 0
9 7 4 12 0
9 7 4 13 0
9 7 4 14 0
9 7 4 15 0
9 7 5 0 0
9 7 5 1 0
9 7 5 2 0
9 7 5 3 0
9 7 5 4 0
9 7 5 5 0
9 7 5 6 0
9 7 5 7 0
9 7 5 8 0
9 7 5 9 0
9 7 5 10 0
9 7 5 11 0
9 7 5 12 0
9 7 5 13 0
9 7 5 14 0
9 7 5 15 0
9 7 6 0 0
9 7 6 1 0
9 7 6 2 0
9 7 6 3 0
9 7 6 4 0
9 7 6 5 0
9 7 6 6 0
9 7 6 7 0
9 7 6 8 0
9 7 6 9 0
9 7 6 10 0
9 7 6 11 0
9 7 6 12 0
9 7 6 13 0
9 7 6 14 0
9 7 6 15 0
9 7 7 0 0
9 7 7 1 0
9 7 7 2 0
9 7 7 3 0
9 7 7 4 0
9 7 7 5 0
9 7 7 6 0
9 7 7 7 0
9 7 7 8 0
9 7 7 9 0
9 7 7 10 0
9 7 7 11 0
9 7 7 12 0
9 7 7 13 0
9 7 7 14 0
9 7 7 15 0
9 7 8 0 0
9 7 8 1 0
9 7 8 2 0
9 7 8 3 0
9 7 8 4 0
9 7 8 5 0
9 7 8 6 0
9 7 8 7 0
9 7 8 8 0
9 7 8 9 0
9 7 8 10 0
9 7 8 11 0
9 7 8 12 0
9 7 8 13 0
9 7 8 14 0
9 7 8 15 0
9 7 9 0 0
9 7 9 1 0
9 7 9 2 0
9 7 9 3 0
9 7 9 4 0
9 7 9 5 0
9 7 9 6 0
9 7 9 7 0
9 7 9 8 0
9 7 9 9 0
9 7 9 10 0
9 7 9 11 0
9 7 9 12 0
9 7 9 13 0
9 7 9 14 0
9 7 9 15 0
9 7 10 0 0
9 7 10 1 0
9 7 10 2 0
9 7 10 3 0
9 7 10 4 0
9 7 10 5 0
9 7 10 6 0
9 7 10 7 0
9 7 10 8 0
9 7 10 9 0
9 7 10 10 0
9 7 10 11 0
9 7 10 12 0
9 7 10 13 0
9 7 10 14 0
9 7 10 15 0
9 7 11 0 0
9 7 11 1 0
9 7 11 2 0
9 7 11 3 0
9 7 11 4 0
9 7 11 5 0
9 7 11 6 0
9 7 11 7 0
9 7 11 8 0
9 7 11 9 0
9 7 11 10 0
9 7 11 11 0
9 7 11 12 0
9 7 11 13 0
9 7 11 14 0
9 7 11 15 0
9 7 12 0 0
9 7 12 1 0
9 7 12 2 0
9 7 12 3 0
9 7 12 4 0
9 7 12 5 0
9 7 12 6 0
9 7 12 7 0
9 7 12 8 0
9 7 12 9 0
9 7 12 10 0
9 7 12 11 0
9 7 12 12 0
9 7 12 13 0
9 7 12 14 0
9 7 12 15 0
9 7 13 0 0
9 7 13 1 0
9 7 13 2 0
9 7 13 3 0
9 7 13 4 0
9 7 13 5 0
9 7 13 6 0
9 7 13 7 0
9 7 13 8 0
9 7 13 9 0
9 7 13 10 0
9 7 13 11 0
9 7 13 12 0
9 7 13 13 0
9 7 13 14 0
9 7 13 15 0
9 7 14 0 0
9 7 14 1 0
9 7 14 2 0
9 7 14 3 0
9 7 14 4 0
9 7 14 5 0
9 7 14 6 0
9 7 14 7 0
9 7 14 8 0
9 7 14 9 0
9 7 14 10 0
9 7 14 11 0
9 7 14 12 0
9 7 14 13 0
9 7 14 14 0
9 7 14 15 0
9 7 15 0 0
9 7 15 1 0
9 7 15 2 0
9 7 15 3 0
9 7 15 4 0
9 7 15 5 0
9 7 15 6 0
9 7 15 7 0
9 7 15 8 0
9 7 15 9 0
9 7 15 10 0
9 7 15 11 0
9 7 15 12 0
9 7 15 13 0
9 7 15 14 0
9 7 15 15 0
9 8 0 0 0
9 8 0 1 0
9 8 0 2 0
9 8 0 3 0
9 8 0 4 0
9 8 0 5 0
9 8 0 6 0
9 8 0 7 0
9 8 0 8 0
9 8 0 9 0
9 8 0 10 0
9 8 0 11 0
9 8 0 12 0
9 8 0 13 0
9 8 0 14 0
9 8 0 15 0
9 8 1 0 0
9 8 1 1 0
9 8 1 2 0
9 8 1 3 0
9 8 1 4 0
9 8 1 5 0
9 8 1 6 0
9 8 1 7 0
9 8 1 8 0
9 8 1 9 0
9 8 1 10 0
9 8 1 11 0
9 8 1 12 0
9 8 1 13 0
9 8 1 14 0
9 8 1 15 0
9 8 2 0 0
9 8 2 1 0
9 8 2 2 0
9 8 2 3 0
9 8 2 4 0
9 8 2 5 0
9 8 2 6 0
9 8 2 7 0
9 8 2 8 0
9 8 2 9 0
9 8 2 10 0
9 8 2 11 0
9 8 2 12 0
9 8 2 13 0
9 8 2 14 0
9 8 2 15 0
9 8 3 0 0
9 8 3 1 0
9 8 3 2 0
9 8 3 3 0
9 8 3 4 0
9 8 3 5 0
9 8 3 6 0
9 8 3 7 0
9 8 3 8 0
9 8 3 9 0
9 8 3 10 0
9 8 3 11 0
9 8 3 12 0
9 8 3 13 0
9 8 3 14 0
9 8 3 15 0
9 8 4 0 0
9 8 4 1 0
9 8 4 2 0
9 8 4 3 0
9 8 4 4 0
9 8 4 5 0
9 8 4 6 0
9 8 4 7 0
9 8 4 8 0
9 8 4 9 0
9 8 4 10 0
9 8 4 11 0
9 8 4 12 0
9 8 4 13 0
9 8 4 14 0
9 8 4 15 0
9 8 5 0 0
9 8 5 1 0
9 8 5 2 0
9 8 5 3 0
9 8 5 4 0
9 8 5 5 0
9 8 5 6 0
9 8 5 7 0
9 8 5 8 0
9 8 5 9 0
9 8 5 10 0
9 8 5 11 0
9 8 5 12 0
9 8 5 13 0
9 8 5 14 0
9 8 5 15 0
9 8 6 0 0
9 8 6 1 0
9 8 6 2 0
9 8 6 3 0
9 8 6 4 0
9 8 6 5 0
9 8 6 6 0
9 8 6 7 0
9 8 6 8 0
9 8 6 9 0
9 8 6 10 0
9 8 6 11 0
9 8 6 12 0
9 8 6 13 0
9 8 6 14 0
9 8 6 15 0
9 8 7 0 0
9 8 7 1 0
9 8 7 2 0
9 8 7 3 0
9 8 7 4 0
9 8 7 5 0
9 8 7 6 0
9 8 7 7 0
9 8 7 8 0
9 8 7 9 0
9 8 7 10 0
9 8 7 11 0
9 8 7 12 0
9 8 7 13 0
9 8 7 14 0
9 8 7 15 0
9 8 8 0 0
9 8 8 1 0
9 8 8 2 0
9 8 8 3 0
9 8 8 4 0
9 8 8 5 0
9 8 8 6 0
9 8 8 7 0
9 8 8 8 0
9 8 8 9 0
9 8 8 10 0
9 8 8 11 0
9 8 8 12 0
9 8 8 13 0
9 8 8 14 0
9 8 8 15 0
9 8 9 0 0
9 8 9 1 0
9 8 9 2 0
9 8 9 3 0
9 8 9 4 0
9 8 9 5 0
9 8 9 6 0
9 8 9 7 0
9 8 9 8 0
9 8 9 9 0
9 8 9 10 0
9 8 9 11 0
9 8 9 12 0
9 8 9 13 0
9 8 9 14 0
9 8 9 15 0
9 8 10 0 0
9 8 10 1 0
9 8 10 2 0
9 8 10 3 0
9 8 10 4 0
9 8 10 5 0
9 8 10 6 0
9 8 10 7 0
9 8 10 8 0
9 8 10 9 0
9 8 10 10 0
9 8 10 11 0
9 8 10 12 0
9 8 10 13 0
9 8 10 14 0
9 8 10 15 0
9 8 11 0 0
9 8 11 1 0
9 8 11 2 0
9 8 11 3 0
9 8 11 4 0
9 8 11 5 0
9 8 11 6 0
9 8 11 7 0
9 8 11 8 0
9 8 11 9 0
9 8 11 10 0
9 8 11 11 0
9 8 11 12 0
9 8 11 13 0
9 8 11 14 0
9 8 11 15 0
9 8 12 0 0
9 8 12 1 0
9 8 12 2 0
9 8 12 3 0
9 8 12 4 0
9 8 12 5 0
9 8 12 6 0
9 8 12 7 0
9 8 12 8 0
9 8 12 9 0
9 8 12 10 0
9 8 12 11 0
9 8 12 12 0
9 8 12 13 0
9 8 12 14 0
9 8 12 15 0
9 8 13 0 0
9 8 13 1 0
9 8 13 2 0
9 8 13 3 0
9 8 13 4 0
9 8 13 5 0
9 8 13 6 0
9 8 13 7 0
9 8 13 8 0
9 8 13 9 0
9 8 13 10 0
9 8 13 11 0
9 8 13 12 0
9 8 13 13 0
9 8 13 14 0
9 8 13 15 0
9 8 14 0 0
9 8 14 1 0
9 8 14 2 0
9 8 14 3 0
9 8 14 4 0
9 8 14 5 0
9 8 14 6 0
9 8 14 7 0
9 8 14 8 0
9 8 14 9 0
9 8 14 10 0
9 8 14 11 0
9 8 14 12 0
9 8 14 13 0
9 8 14 14 0
9 8 14 15 0
9 8 15 0 0
9 8 15 1 0
9 8 15 2 0
9 8 15 3 0
9 8 15 4 0
9 8 15 5 0
9 8 15 6 0
9 8 15 7 0
9 8 15 8 0
9 8 15 9 0
9 8 15 10 0
9 8 15 11 0
9 8 15 12 0
9 8 15 13 0
9 8 15 14 0
9 8 15 15 0
9 9 0 0 0
9 9 0 1 0
9 9 0 2 0
9 9 0 3 0
9 9 0 4 0
9 9 0 5 0
9 9 0 6 0
9 9 0 7 0
9 9 0 8 0
9 9 0 9 0
9 9 0 10 0
9 9 0 11 0
9 9 0 12 0
9 9 0 13 0
9 9 0 14 0
9 9 0 15 0
9 9 1 0 0
9 9 1 1 0
9 9 1 2 0
9 9 1 3 0
9 9 1 4 0
9 9 1 5 0
9 9 1 6 0
9 9 1 7 0
9 9 1 8 0
9 9 1 9 0
9 9 1 10 0
9 9 1 11 0
9 9 1 12 0
9 9 1 13 0
9 9 1 14 0
9 9 1 15 0
9 9 2 0 0
9 9 2 1 0
9 9 2 2 0
9 9 2 3 0
9 9 2 4 0
9 9 2 5 0
9 9 2 6 0
9 9 2 7 0
9 9 2 8 0
9 9 2 9 0
9 9 2 10 0
9 9 2 11 0
9 9 2 12 0
9 9 2 13 0
9 9 2 14 0
9 9 2 15 0
9 9 3 0 0
9 9 3 1 0
9 9 3 2 0
9 9 3 3 0
9 9 3 4 0
9 9 3 5 0
9 9 3 6 0
9 9 3 7 0
9 9 3 8 0
9 9 3 9 0
9 9 3 10 0
9 9 3 11 0
9 9 3 12 0
9 9 3 13 0
9 9 3 14 0
9 9 3 15 0
9 9 4 0 0
9 9 4 1 0
9 9 4 2 0
9 9 4 3 0
9 9 4 4 0
9 9 4 5 0
9 9 4 6 0
9 9 4 7 0
9 9 4 8 0
9 9 4 9 0
9 9 4 10 0
9 9 4 11 0
9 9 4 12 0
9 9 4 13 0
9 9 4 14 0
9 9 4 15 0
9 9 5 0 0
9 9 5 1 0
9 9 5 2 0
9 9 5 3 0
9 9 5 4 0
9 9 5 5 0
9 9 5 6 0
9 9 5 7 0
9 9 5 8 0
9 9 5 9 0
9 9 5 10 0
9 9 5 11 0
9 9 5 12 0
9 9 5 13 0
9 9 5 14 0
9 9 5 15 0
9 9 6 0 0
9 9 6 1 0
9 9 6 2 0
9 9 6 3 0
9 9 6 4 0
9 9 6 5 0
9 9 6 6 0
9 9 6 7 0
9 9 6 8 0
9 9 6 9 0
9 9 6 10 0
9 9 6 11 0
9 9 6 12 0
9 9 6 13 0
9 9 6 14 0
9 9 6 15 0
9 9 7 0 0
9 9 7 1 0
9 9 7 2 0
9 9 7 3 0
9 9 7 4 0
9 9 7 5 0
9 9 7 6 0
9 9 7 7 0
9 9 7 8 0
9 9 7 9 0
9 9 7 10 0
9 9 7 11 0
9 9 7 12 0
9 9 7 13 0
9 9 7 14 0
9 9 7 15 0
9 9 8 0 0
9 9 8 1 0
9 9 8 2 0
9 9 8 3 0
9 9 8 4 0
9 9 8 5 0
9 9 8 6 0
9 9 8 7 0
9 9 8 8 0
9 9 8 9 0
9 9 8 10 0
9 9 8 11 0
9 9 8 12 0
9 9 8 13 0
9 9 8 14 0
9 9 8 15 0
9 9 9 0 0
9 9 9 1 0
9 9 9 2 0
9 9 9 3 0
9 9 9 4 0
9 9 9 5 0
9 9 9 6 0
9 9 9 7 0
9 9 9 8 0
9 9 9 9 0
9 9 9 10 0
9 9 9 11 0
9 9 9 12 0
9 9 9 13 0
9 9 9 14 0
9 9 9 15 0
9 9 10 0 0
9 9 10 1 0
9 9 10 2 0
9 9 10 3 0
9 9 10 4 0
9 9 10 5 0
9 9 10 6 0
9 9 10 7 0
9 9 10 8 0
9 9 10 9 0
9 9 10 10 0
9 9 10 11 0
9 9 10 12 0
9 9 10 13 0
9 9 10 14 0
9 9 10 15 0
9 9 11 0 0
9 9 11 1 0
9 9 11 2 0
9 9 11 3 0
9 9 11 4 0
9 9 11 5 0
9 9 11 6 0
9 9 11 7 0
9 9 11 8 0
9 9 11 9 0
9 9 11 10 0
9 9 11 11 0
9 9 11 12 0
9 9 11 13 0
9 9 11 14 0
9 9 11 15 0
9 9 12 0 0
9 9 12 1 0
9 9 12 2 0
9 9 12 3 0
9 9 12 4 0
9 9 12 5 0
9 9 12 6 0
9 9 12 7 0
9 9 12 8 0
9 9 12 9 0
9 9 12 10 0
9 9 12 11 0
9 9 12 12 0
9 9 12 13 0
9 9 12 14 0
9 9 12 15 0
9 9 13 0 0
9 9 13 1 0
9 9 13 2 0
9 9 13 3 0
9 9 13 4 0
9 9 13 5 0
9 9 13 6 0
9 9 13 7 0
9 9 13 8 0
9 9 13 9 0
9 9 13 10 0
9 9 13 11 0
9 9 13 12 0
9 9 13 13 0
9 9 13 14 0
9 9 13 15 0
9 9 14 0 0
9 9 14 1 0
9 9 14 2 0
9 9 14 3 0
9 9 14 4 0
9 9 14 5 0
9 9 14 6 0
9 9 14 7 0
9 9 14 8 0
9 9 14 9 0
9 9 14 10 0
9 9 14 11 0
9 9 14 12 0
9 9 14 13 0
9 9 14 14 0
9 9 14 15 0
9 9 15 0 0
9 9 15 1 0
9 9 15 2 0
9 9 15 3 0
9 9 15 4 0
9 9 15 5 0
9 9 15 6 0
9 9 15 7 0
9 9 15 8 0
9 9 15 9 0
9 9 15 10 0
9 9 15 11 0
9 9 15 12 0
9 9 15 13 0
9 9 15 14 0
9 9 15 15 0
9 10 0 0 0
9 10 0 1 0
9 10 0 2 0
9 10 0 3 0
9 10 0 4 0
9 10 0 5 0
9 10 0 6 0
9 10 0 7 0
9 10 0 8 0
9 10 0 9 0
9 10 0 10 0
9 10 0 11 0
9 10 0 12 0
9 10 0 13 0
9 10 0 14 0
9 10 0 15 0
9 10 1 0 0
9 10 1 1 0
9 10 1 2 0
9 10 1 3 0
9 10 1 4 0
9 10 1 5 0
9 10 1 6 0
9 10 1 7 0
9 10 1 8 0
9 10 1 9 0
9 10 1 10 0
9 10 1 11 0
9 10 1 12 0
9 10 1 13 0
9 10 1 14 0
9 10 1 15 0
9 10 2 0 0
9 10 2 1 0
9 10 2 2 0
9 10 2 3 0
9 10 2 4 0
9 10 2 5 0
9 10 2 6 0
9 10 2 7 0
9 10 2 8 0
9 10 2 9 0
9 10 2 10 0
9 10 2 11 0
9 10 2 12 0
9 10 2 13 0
9 10 2 14 0
9 10 2 15 0
9 10 3 0 0
9 10 3 1 0
9 10 3 2 0
9 10 3 3 0
9 10 3 4 0
9 10 3 5 0
9 10 3 6 0
9 10 3 7 0
9 10 3 8 0
9 10 3 9 0
9 10 3 10 0
9 10 3 11 0
9 10 3 12 0
9 10 3 13 0
9 10 3 14 0
9 10 3 15 0
9 10 4 0 0
9 10 4 1 0
9 10 4 2 0
9 10 4 3 0
9 10 4 4 0
9 10 4 5 0
9 10 4 6 0
9 10 4 7 0
9 10 4 8 0
9 10 4 9 0
9 10 4 10 0
9 10 4 11 0
9 10 4 12 0
9 10 4 13 0
9 10 4 14 0
9 10 4 15 0
9 10 5 0 0
9 10 5 1 0
9 10 5 2 0
9 10 5 3 0
9 10 5 4 0
9 10 5 5 0
9 10 5 6 0
9 10 5 7 0
9 10 5 8 0
9 10 5 9 0
9 10 5 10 0
9 10 5 11 0
9 10 5 12 0
9 10 5 13 0
9 10 5 14 0
9 10 5 15 0
9 10 6 0 0
9 10 6 1 0
9 10 6 2 0
9 10 6 3 0
9 10 6 4 0
9 10 6 5 0
9 10 6 6 0
9 10 6 7 0
9 10 6 8 0
9 10 6 9 0
9 10 6 10 0
9 10 6 11 0
9 10 6 12 0
9 10 6 13 0
9 10 6 14 0
9 10 6 15 0
9 10 7 0 0
9 10 7 1 0
9 10 7 2 0
9 10 7 3 0
9 10 7 4 0
9 10 7 5 0
9 10 7 6 0
9 10 7 7 0
9 10 7 8 0
9 10 7 9 0
9 10 7 10 0
9 10 7 11 0
9 10 7 12 0
9 10 7 13 0
9 10 7 14 0
9 10 7 15 0
9 10 8 0 0
9 10 8 1 0
9 10 8 2 0
9 10 8 3 0
9 10 8 4 0
9 10 8 5 0
9 10 8 6 0
9 10 8 7 0
9 10 8 8 0
9 10 8 9 0
9 10 8 10 0
9 10 8 11 0
9 10 8 12 0
9 10 8 13 0
9 10 8 14 0
9 10 8 15 0
9 10 9 0 0
9 10 9 1 0
9 10 9 2 0
9 10 9 3 0
9 10 9 4 0
9 10 9 5 0
9 10 9 6 0
9 10 9 7 0
9 10 9 8 0
9 10 9 9 0
9 10 9 10 0
9 10 9 11 0
9 10 9 12 0
9 10 9 13 0
9 10 9 14 0
9 10 9 15 0
9 10 10 0 0
9 10 10 1 0
9 10 10 2 0
9 10 10 3 0
9 10 10 4 0
9 10 10 5 0
9 10 10 6 0
9 10 10 7 0
9 10 10 8 0
9 10 10 9 0
9 10 10 10 0
9 10 10 11 0
9 10 10 12 0
9 10 10 13 0
9 10 10 14 0
9 10 10 15 0
9 10 11 0 0
9 10 11 1 0
9 10 11 2 0
9 10 11 3 0
9 10 11 4 0
9 10 11 5 0
9 10 11 6 0
9 10 11 7 0
9 10 11 8 0
9 10 11 9 0
9 10 11 10 0
9 10 11 11 0
9 10 11 12 0
9 10 11 13 0
9 10 11 14 0
9 10 11 15 0
9 10 12 0 0
9 10 12 1 0
9 10 12 2 0
9 10 12 3 0
9 10 12 4 0
9 10 12 5 0
9 10 12 6 0
9 10 12 7 0
9 10 12 8 0
9 10 12 9 0
9 10 12 10 0
9 10 12 11 0
9 10 12 12 0
9 10 12 13 0
9 10 12 14 0
9 10 12 15 0
9 10 13 0 0
9 10 13 1 0
9 10 13 2 0
9 10 13 3 0
9 10 13 4 0
9 10 13 5 0
9 10 13 6 0
9 10 13 7 0
9 10 13 8 0
9 10 13 9 0
9 10 13 10 0
9 10 13 11 0
9 10 13 12 0
9 10 13 13 0
9 10 13 14 0
9 10 13 15 0
9 10 14 0 0
9 10 14 1 0
9 10 14 2 0
9 10 14 3 0
9 10 14 4 0
9 10 14 5 0
9 10 14 6 0
9 10 14 7 0
9 10 14 8 0
9 10 14 9 0
9 10 14 10 0
9 10 14 11 0
9 10 14 12 0
9 10 14 13 0
9 10 14 14 0
9 10 14 15 0
9 10 15 0 0
9 10 15 1 0
9 10 15 2 0
9 10 15 3 0
9 10 15 4 0
9 10 15 5 0
9 10 15 6 0
9 10 15 7 0
9 10 15 8 0
9 10 15 9 0
9 10 15 10 0
9 10 15 11 0
9 10 15 12 0
9 10 15 13 0
9 10 15 14 0
9 10 15 15 0
9 11 0 0 0
9 11 0 1 0
9 11 0 2 0
9 11 0 3 0
9 11 0 4 0
9 11 0 5 0
9 11 0 6 0
9 11 0 7 0
9 11 0 8 0
9 11 0 9 0
9 11 0 10 0
9 11 0 11 0
9 11 0 12 0
9 11 0 13 0
9 11 0 14 0
9 11 0 15 0
9 11 1 0 0
9 11 1 1 0
9 11 1 2 0
9 11 1 3 0
9 11 1 4 0
9 11 1 5 0
9 11 1 6 0
9 11 1 7 0
9 11 1 8 0
9 11 1 9 0
9 11 1 10 0
9 11 1 11 0
9 11 1 12 0
9 11 1 13 0
9 11 1 14 0
9 11 1 15 0
9 11 2 0 0
9 11 2 1 0
9 11 2 2 0
9 11 2 3 0
9 11 2 4 0
9 11 2 5 0
9 11 2 6 0
9 11 2 7 0
9 11 2 8 0
9 11 2 9 0
9 11 2 10 0
9 11 2 11 0
9 11 2 12 0
9 11 2 13 0
9 11 2 14 0
9 11 2 15 0
9 11 3 0 0
9 11 3 1 0
9 11 3 2 0
9 11 3 3 0
9 11 3 4 0
9 11 3 5 0
9 11 3 6 0
9 11 3 7 0
9 11 3 8 0
9 11 3 9 0
9 11 3 10 0
9 11 3 11 0
9 11 3 12 0
9 11 3 13 0
9 11 3 14 0
9 11 3 15 0
9 11 4 0 0
9 11 4 1 0
9 11 4 2 0
9 11 4 3 0
9 11 4 4 0
9 11 4 5 0
9 11 4 6 0
9 11 4 7 0
9 11 4 8 0
9 11 4 9 0
9 11 4 10 0
9 11 4 11 0
9 11 4 12 0
9 11 4 13 0
9 11 4 14 0
9 11 4 15 0
9 11 5 0 0
9 11 5 1 0
9 11 5 2 0
9 11 5 3 0
9 11 5 4 0
9 11 5 5 0
9 11 5 6 0
9 11 5 7 0
9 11 5 8 0
9 11 5 9 0
9 11 5 10 0
9 11 5 11 0
9 11 5 12 0
9 11 5 13 0
9 11 5 14 0
9 11 5 15 0
9 11 6 0 0
9 11 6 1 0
9 11 6 2 0
9 11 6 3 0
9 11 6 4 0
9 11 6 5 0
9 11 6 6 0
9 11 6 7 0
9 11 6 8 0
9 11 6 9 0
9 11 6 10 0
9 11 6 11 0
9 11 6 12 0
9 11 6 13 0
9 11 6 14 0
9 11 6 15 0
9 11 7 0 0
9 11 7 1 0
9 11 7 2 0
9 11 7 3 0
9 11 7 4 0
9 11 7 5 0
9 11 7 6 0
9 11 7 7 0
9 11 7 8 0
9 11 7 9 0
9 11 7 10 0
9 11 7 11 0
9 11 7 12 0
9 11 7 13 0
9 11 7 14 0
9 11 7 15 0
9 11 8 0 0
9 11 8 1 0
9 11 8 2 0
9 11 8 3 0
9 11 8 4 0
9 11 8 5 0
9 11 8 6 0
9 11 8 7 0
9 11 8 8 0
9 11 8 9 0
9 11 8 10 0
9 11 8 11 0
9 11 8 12 0
9 11 8 13 0
9 11 8 14 0
9 11 8 15 0
9 11 9 0 0
9 11 9 1 0
9 11 9 2 0
9 11 9 3 0
9 11 9 4 0
9 11 9 5 0
9 11 9 6 0
9 11 9 7 0
9 11 9 8 0
9 11 9 9 0
9 11 9 10 0
9 11 9 11 0
9 11 9 12 0
9 11 9 13 0
9 11 9 14 0
9 11 9 15 0
9 11 10 0 0
9 11 10 1 0
9 11 10 2 0
9 11 10 3 0
9 11 10 4 0
9 11 10 5 0
9 11 10 6 0
9 11 10 7 0
9 11 10 8 0
9 11 10 9 0
9 11 10 10 0
9 11 10 11 0
9 11 10 12 0
9 11 10 13 0
9 11 10 14 0
9 11 10 15 0
9 11 11 0 0
9 11 11 1 0
9 11 11 2 0
9 11 11 3 0
9 11 11 4 0
9 11 11 5 0
9 11 11 6 0
9 11 11 7 0
9 11 11 8 0
9 11 11 9 0
9 11 11 10 0
9 11 11 11 0
9 11 11 12 0
9 11 11 13 0
9 11 11 14 0
9 11 11 15 0
9 11 12 0 0
9 11 12 1 0
9 11 12 2 0
9 11 12 3 0
9 11 12 4 0
9 11 12 5 0
9 11 12 6 0
9 11 12 7 0
9 11 12 8 0
9 11 12 9 0
9 11 12 10 0
9 11 12 11 0
9 11 12 12 0
9 11 12 13 0
9 11 12 14 0
9 11 12 15 0
9 11 13 0 0
9 11 13 1 0
9 11 13 2 0
9 11 13 3 0
9 11 13 4 0
9 11 13 5 0
9 11 13 6 0
9 11 13 7 0
9 11 13 8 0
9 11 13 9 0
9 11 13 10 0
9 11 13 11 0
9 11 13 12 0
9 11 13 13 0
9 11 13 14 0
9 11 13 15 0
9 11 14 0 0
9 11 14 1 0
9 11 14 2 0
9 11 14 3 0
9 11 14 4 0
9 11 14 5 0
9 11 14 6 0
9 11 14 7 0
9 11 14 8 0
9 11 14 9 0
9 11 14 10 0
9 11 14 11 0
9 11 14 12 0
9 11 14 13 0
9 11 14 14 0
9 11 14 15 0
9 11 15 0 0
9 11 15 1 0
9 11 15 2 0
9 11 15 3 0
9 11 15 4 0
9 11 15 5 0
9 11 15 6 0
9 11 15 7 0
9 11 15 8 0
9 11 15 9 0
9 11 15 10 0
9 11 15 11 0
9 11 15 12 0
9 11 15 13 0
9 11 15 14 0
9 11 15 15 0
9 12 0 0 0
9 12 0 1 0
9 12 0 2 0
9 12 0 3 0
9 12 0 4 0
9 12 0 5 0
9 12 0 6 0
9 12 0 7 0
9 12 0 8 0
9 12 0 9 0
9 12 0 10 0
9 12 0 11 0
9 12 0 12 0
9 12 0 13 0
9 12 0 14 0
9 12 0 15 0
9 12 1 0 0
9 12 1 1 0
9 12 1 2 0
9 12 1 3 0
9 12 1 4 0
9 12 1 5 0
9 12 1 6 0
9 12 1 7 0
9 12 1 8 0
9 12 1 9 0
9 12 1 10 0
9 12 1 11 0
9 12 1 12 0
9 12 1 13 0
9 12 1 14 0
9 12 1 15 0
9 12 2 0 0
9 12 2 1 0
9 12 2 2 0
9 12 2 3 0
9 12 2 4 0
9 12 2 5 0
9 12 2 6 0
9 12 2 7 0
9 12 2 8 0
9 12 2 9 0
9 12 2 10 0
9 12 2 11 0
9 12 2 12 0
9 12 2 13 0
9 12 2 14 0
9 12 2 15 0
9 12 3 0 0
9 12 3 1 0
9 12 3 2 0
9 12 3 3 0
9 12 3 4 0
9 12 3 5 0
9 12 3 6 0
9 12 3 7 0
9 12 3 8 0
9 12 3 9 0
9 12 3 10 0
9 12 3 11 0
9 12 3 12 0
9 12 3 13 0
9 12 3 14 0
9 12 3 15 0
9 12 4 0 0
9 12 4 1 0
9 12 4 2 0
9 12 4 3 0
9 12 4 4 0
9 12 4 5 0
9 12 4 6 0
9 12 4 7 0
9 12 4 8 0
9 12 4 9 0
9 12 4 10 0
9 12 4 11 0
9 12 4 12 0
9 12 4 13 0
9 12 4 14 0
9 12 4 15 0
9 12 5 0 0
9 12 5 1 0
9 12 5 2 0
9 12 5 3 0
9 12 5 4 0
9 12 5 5 0
9 12 5 6 0
9 12 5 7 0
9 12 5 8 0
9 12 5 9 0
9 12 5 10 0
9 12 5 11 0
9 12 5 12 0
9 12 5 13 0
9 12 5 14 0
9 12 5 15 0
9 12 6 0 0
9 12 6 1 0
9 12 6 2 0
9 12 6 3 0
9 12 6 4 0
9 12 6 5 0
9 12 6 6 0
9 12 6 7 0
9 12 6 8 0
9 12 6 9 0
9 12 6 10 0
9 12 6 11 0
9 12 6 12 0
9 12 6 13 0
9 12 6 14 0
9 12 6 15 0
9 12 7 0 0
9 12 7 1 0
9 12 7 2 0
9 12 7 3 0
9 12 7 4 0
9 12 7 5 0
9 12 7 6 0
9 12 7 7 0
9 12 7 8 0
9 12 7 9 0
9 12 7 10 0
9 12 7 11 0
9 12 7 12 0
9 12 7 13 0
9 12 7 14 0
9 12 7 15 0
9 12 8 0 0
9 12 8 1 0
9 12 8 2 0
9 12 8 3 0
9 12 8 4 0
9 12 8 5 0
9 12 8 6 0
9 12 8 7 0
9 12 8 8 0
9 12 8 9 0
9 12 8 10 0
9 12 8 11 0
9 12 8 12 0
9 12 8 13 0
9 12 8 14 0
9 12 8 15 0
9 12 9 0 0
9 12 9 1 0
9 12 9 2 0
9 12 9 3 0
9 12 9 4 0
9 12 9 5 0
9 12 9 6 0
9 12 9 7 0
9 12 9 8 0
9 12 9 9 0
9 12 9 10 0
9 12 9 11 0
9 12 9 12 0
9 12 9 13 0
9 12 9 14 0
9 12 9 15 0
9 12 10 0 0
9 12 10 1 0
9 12 10 2 0
9 12 10 3 0
9 12 10 4 0
9 12 10 5 0
9 12 10 6 0
9 12 10 7 0
9 12 10 8 0
9 12 10 9 0
9 12 10 10 0
9 12 10 11 0
9 12 10 12 0
9 12 10 13 0
9 12 10 14 0
9 12 10 15 0
9 12 11 0 0
9 12 11 1 0
9 12 11 2 0
9 12 11 3 0
9 12 11 4 0
9 12 11 5 0
9 12 11 6 0
9 12 11 7 0
9 12 11 8 0
9 12 11 9 0
9 12 11 10 0
9 12 11 11 0
9 12 11 12 0
9 12 11 13 0
9 12 11 14 0
9 12 11 15 0
9 12 12 0 0
9 12 12 1 0
9 12 12 2 0
9 12 12 3 0
9 12 12 4 0
9 12 12 5 0
9 12 12 6 0
9 12 12 7 0
9 12 12 8 0
9 12 12 9 0
9 12 12 10 0
9 12 12 11 0
9 12 12 12 0
9 12 12 13 0
9 12 12 14 0
9 12 12 15 0
9 12 13 0 0
9 12 13 1 0
9 12 13 2 0
9 12 13 3 0
9 12 13 4 0
9 12 13 5 0
9 12 13 6 0
9 12 13 7 0
9 12 13 8 0
9 12 13 9 0
9 12 13 10 0
9 12 13 11 0
9 12 13 12 0
9 12 13 13 0
9 12 13 14 0
9 12 13 15 0
9 12 14 0 0
9 12 14 1 0
9 12 14 2 0
9 12 14 3 0
9 12 14 4 0
9 12 14 5 0
9 12 14 6 0
9 12 14 7 0
9 12 14 8 0
9 12 14 9 0
9 12 14 10 0
9 12 14 11 0
9 12 14 12 0
9 12 14 13 0
9 12 14 14 0
9 12 14 15 0
9 12 15 0 0
9 12 15 1 0
9 12 15 2 0
9 12 15 3 0
9 12 15 4 0
9 12 15 5 0
9 12 15 6 0
9 12 15 7 0
9 12 15 8 0
9 12 15 9 0
9 12 15 10 0
9 12 15 11 0
9 12 15 12 0
9 12 15 13 0
9 12 15 14 0
9 12 15 15 0
9 13 0 0 0
9 13 0 1 0
9 13 0 2 0
9 13 0 3 0
9 13 0 4 0
9 13 0 5 0
9 13 0 6 0
9 13 0 7 0
9 13 0 8 0
9 13 0 9 0
9 13 0 10 0
9 13 0 11 0
9 13 0 12 0
9 13 0 13 0
9 13 0 14 0
9 13 0 15 0
9 13 1 0 0
9 13 1 1 0
9 13 1 2 0
9 13 1 3 0
9 13 1 4 0
9 13 1 5 0
9 13 1 6 0
9 13 1 7 0
9 13 1 8 0
9 13 1 9 0
9 13 1 10 0
9 13 1 11 0
9 13 1 12 0
9 13 1 13 0
9 13 1 14 0
9 13 1 15 0
9 13 2 0 0
9 13 2 1 0
9 13 2 2 0
9 13 2 3 0
9 13 2 4 0
9 13 2 5 0
9 13 2 6 0
9 13 2 7 0
9 13 2 8 0
9 13 2 9 0
9 13 2 10 0
9 13 2 11 0
9 13 2 12 0
9 13 2 13 0
9 13 2 14 0
9 13 2 15 0
9 13 3 0 0
9 13 3 1 0
9 13 3 2 0
9 13 3 3 0
9 13 3 4 0
9 13 3 5 0
9 13 3 6 0
9 13 3 7 0
9 13 3 8 0
9 13 3 9 0
9 13 3 10 0
9 13 3 11 0
9 13 3 12 0
9 13 3 13 0
9 13 3 14 0
9 13 3 15 0
9 13 4 0 0
9 13 4 1 0
9 13 4 2 0
9 13 4 3 0
9 13 4 4 0
9 13 4 5 0
9 13 4 6 0
9 13 4 7 0
9 13 4 8 0
9 13 4 9 0
9 13 4 10 0
9 13 4 11 0
9 13 4 12 0
9 13 4 13 0
9 13 4 14 0
9 13 4 15 0
9 13 5 0 0
9 13 5 1 0
9 13 5 2 0
9 13 5 3 0
9 13 5 4 0
9 13 5 5 0
9 13 5 6 0
9 13 5 7 0
9 13 5 8 0
9 13 5 9 0
9 13 5 10 0
9 13 5 11 0
9 13 5 12 0
9 13 5 13 0
9 13 5 14 0
9 13 5 15 0
9 13 6 0 0
9 13 6 1 0
9 13 6 2 0
9 13 6 3 0
9 13 6 4 0
9 13 6 5 0
9 13 6 6 0
9 13 6 7 0
9 13 6 8 0
9 13 6 9 0
9 13 6 10 0
9 13 6 11 0
9 13 6 12 0
9 13 6 13 0
9 13 6 14 0
9 13 6 15 0
9 13 7 0 0
9 13 7 1 0
9 13 7 2 0
9 13 7 3 0
9 13 7 4 0
9 13 7 5 0
9 13 7 6 0
9 13 7 7 0
9 13 7 8 0
9 13 7 9 0
9 13 7 10 0
9 13 7 11 0
9 13 7 12 0
9 13 7 13 0
9 13 7 14 0
9 13 7 15 0
9 13 8 0 0
9 13 8 1 0
9 13 8 2 0
9 13 8 3 0
9 13 8 4 0
9 13 8 5 0
9 13 8 6 0
9 13 8 7 0
9 13 8 8 0
9 13 8 9 0
9 13 8 10 0
9 13 8 11 0
9 13 8 12 0
9 13 8 13 0
9 13 8 14 0
9 13 8 15 0
9 13 9 0 0
9 13 9 1 0
9 13 9 2 0
9 13 9 3 0
9 13 9 4 0
9 13 9 5 0
9 13 9 6 0
9 13 9 7 0
9 13 9 8 0
9 13 9 9 0
9 13 9 10 0
9 13 9 11 0
9 13 9 12 0
9 13 9 13 0
9 13 9 14 0
9 13 9 15 0
9 13 10 0 0
9 13 10 1 0
9 13 10 2 0
9 13 10 3 0
9 13 10 4 0
9 13 10 5 0
9 13 10 6 0
9 13 10 7 0
9 13 10 8 0
9 13 10 9 0
9 13 10 10 0
9 13 10 11 0
9 13 10 12 0
9 13 10 13 0
9 13 10 14 0
9 13 10 15 0
9 13 11 0 0
9 13 11 1 0
9 13 11 2 0
9 13 11 3 0
9 13 11 4 0
9 13 11 5 0
9 13 11 6 0
9 13 11 7 0
9 13 11 8 0
9 13 11 9 0
9 13 11 10 0
9 13 11 11 0
9 13 11 12 0
9 13 11 13 0
9 13 11 14 0
9 13 11 15 0
9 13 12 0 0
9 13 12 1 0
9 13 12 2 0
9 13 12 3 0
9 13 12 4 0
9 13 12 5 0
9 13 12 6 0
9 13 12 7 0
9 13 12 8 0
9 13 12 9 0
9 13 12 10 0
9 13 12 11 0
9 13 12 12 0
9 13 12 13 0
9 13 12 14 0
9 13 12 15 0
9 13 13 0 0
9 13 13 1 0
9 13 13 2 0
9 13 13 3 0
9 13 13 4 0
9 13 13 5 0
9 13 13 6 0
9 13 13 7 0
9 13 13 8 0
9 13 13 9 0
9 13 13 10 0
9 13 13 11 0
9 13 13 12 0
9 13 13 13 0
9 13 13 14 0
9 13 13 15 0
9 13 14 0 0
9 13 14 1 0
9 13 14 2 0
9 13 14 3 0
9 13 14 4 0
9 13 14 5 0
9 13 14 6 0
9 13 14 7 0
9 13 14 8 0
9 13 14 9 0
9 13 14 10 0
9 13 14 11 0
9 13 14 12 0
9 13 14 13 0
9 13 14 14 0
9 13 14 15 0
9 13 15 0 0
9 13 15 1 0
9 13 15 2 0
9 13 15 3 0
9 13 15 4 0
9 13 15 5 0
9 13 15 6 0
9 13 15 7 0
9 13 15 8 0
9 13 15 9 0
9 13 15 10 0
9 13 15 11 0
9 13 15 12 0
9 13 15 13 0
9 13 15 14 0
9 13 15 15 0
9 14 0 0 0
9 14 0 1 0
9 14 0 2 0
9 14 0 3 0
9 14 0 4 0
9 14 0 5 0
9 14 0 6 0
9 14 0 7 0
9 14 0 8 0
9 14 0 9 0
9 14 0 10 0
9 14 0 11 0
9 14 0 12 0
9 14 0 13 0
9 14 0 14 0
9 14 0 15 0
9 14 1 0 0
9 14 1 1 0
9 14 1 2 0
9 14 1 3 0
9 14 1 4 0
9 14 1 5 0
9 14 1 6 0
9 14 1 7 0
9 14 1 8 0
9 14 1 9 0
9 14 1 10 0
9 14 1 11 0
9 14 1 12 0
9 14 1 13 0
9 14 1 14 0
9 14 1 15 0
9 14 2 0 0
9 14 2 1 0
9 14 2 2 0
9 14 2 3 0
9 14 2 4 0
9 14 2 5 0
9 14 2 6 0
9 14 2 7 0
9 14 2 8 0
9 14 2 9 0
9 14 2 10 0
9 14 2 11 0
9 14 2 12 0
9 14 2 13 0
9 14 2 14 0
9 14 2 15 0
9 14 3 0 0
9 14 3 1 0
9 14 3 2 0
9 14 3 3 0
9 14 3 4 0
9 14 3 5 0
9 14 3 6 0
9 14 3 7 0
9 14 3 8 0
9 14 3 9 0
9 14 3 10 0
9 14 3 11 0
9 14 3 12 0
9 14 3 13 0
9 14 3 14 0
9 14 3 15 0
9 14 4 0 0
9 14 4 1 0
9 14 4 2 0
9 14 4 3 0
9 14 4 4 0
9 14 4 5 0
9 14 4 6 0
9 14 4 7 0
9 14 4 8 0
9 14 4 9 0
9 14 4 10 0
9 14 4 11 0
9 14 4 12 0
9 14 4 13 0
9 14 4 14 0
9 14 4 15 0
9 14 5 0 0
9 14 5 1 0
9 14 5 2 0
9 14 5 3 0
9 14 5 4 0
9 14 5 5 0
9 14 5 6 0
9 14 5 7 0
9 14 5 8 0
9 14 5 9 0
9 14 5 10 0
9 14 5 11 0
9 14 5 12 0
9 14 5 13 0
9 14 5 14 0
9 14 5 15 0
9 14 6 0 0
9 14 6 1 0
9 14 6 2 0
9 14 6 3 0
9 14 6 4 0
9 14 6 5 0
9 14 6 6 0
9 14 6 7 0
9 14 6 8 0
9 14 6 9 0
9 14 6 10 0
9 14 6 11 0
9 14 6 12 0
9 14 6 13 0
9 14 6 14 0
9 14 6 15 0
9 14 7 0 0
9 14 7 1 0
9 14 7 2 0
9 14 7 3 0
9 14 7 4 0
9 14 7 5 0
9 14 7 6 0
9 14 7 7 0
9 14 7 8 0
9 14 7 9 0
9 14 7 10 0
9 14 7 11 0
9 14 7 12 0
9 14 7 13 0
9 14 7 14 0
9 14 7 15 0
9 14 8 0 0
9 14 8 1 0
9 14 8 2 0
9 14 8 3 0
9 14 8 4 0
9 14 8 5 0
9 14 8 6 0
9 14 8 7 0
9 14 8 8 0
9 14 8 9 0
9 14 8 10 0
9 14 8 11 0
9 14 8 12 0
9 14 8 13 0
9 14 8 14 0
9 14 8 15 0
9 14 9 0 0
9 14 9 1 0
9 14 9 2 0
9 14 9 3 0
9 14 9 4 0
9 14 9 5 0
9 14 9 6 0
9 14 9 7 0
9 14 9 8 0
9 14 9 9 0
9 14 9 10 0
9 14 9 11 0
9 14 9 12 0
9 14 9 13 0
9 14 9 14 0
9 14 9 15 0
9 14 10 0 0
9 14 10 1 0
9 14 10 2 0
9 14 10 3 0
9 14 10 4 0
9 14 10 5 0
9 14 10 6 0
9 14 10 7 0
9 14 10 8 0
9 14 10 9 0
9 14 10 10 0
9 14 10 11 0
9 14 10 12 0
9 14 10 13 0
9 14 10 14 0
9 14 10 15 0
9 14 11 0 0
9 14 11 1 0
9 14 11 2 0
9 14 11 3 0
9 14 11 4 0
9 14 11 5 0
9 14 11 6 0
9 14 11 7 0
9 14 11 8 0
9 14 11 9 0
9 14 11 10 0
9 14 11 11 0
9 14 11 12 0
9 14 11 13 0
9 14 11 14 0
9 14 11 15 0
9 14 12 0 0
9 14 12 1 0
9 14 12 2 0
9 14 12 3 0
9 14 12 4 0
9 14 12 5 0
9 14 12 6 0
9 14 12 7 0
9 14 12 8 0
9 14 12 9 0
9 14 12 10 0
9 14 12 11 0
9 14 12 12 0
9 14 12 13 0
9 14 12 14 0
9 14 12 15 0
9 14 13 0 0
9 14 13 1 0
9 14 13 2 0
9 14 13 3 0
9 14 13 4 0
9 14 13 5 0
9 14 13 6 0
9 14 13 7 0
9 14 13 8 0
9 14 13 9 0
9 14 13 10 0
9 14 13 11 0
9 14 13 12 0
9 14 13 13 0
9 14 13 14 0
9 14 13 15 0
9 14 14 0 0
9 14 14 1 0
9 14 14 2 0
9 14 14 3 0
9 14 14 4 0
9 14 14 5 0
9 14 14 6 0
9 14 14 7 0
9 14 14 8 0
9 14 14 9 0
9 14 14 10 0
9 14 14 11 0
9 14 14 12 0
9 14 14 13 0
9 14 14 14 0
9 14 14 15 0
9 14 15 0 0
9 14 15 1 0
9 14 15 2 0
9 14 15 3 0
9 14 15 4 0
9 14 15 5 0
9 14 15 6 0
9 14 15 7 0
9 14 15 8 0
9 14 15 9 0
9 14 15 10 0
9 14 15 11 0
9 14 15 12 0
9 14 15 13 0
9 14 15 14 0
9 14 15 15 0
9 15 0 0 0
9 15 0 1 0
9 15 0 2 0
9 15 0 3 0
9 15 0 4 0
9 15 0 5 0
9 15 0 6 0
9 15 0 7 0
9 15 0 8 0
9 15 0 9 0
9 15 0 10 0
9 15 0 11 0
9 15 0 12 0
9 15 0 13 0
9 15 0 14 0
9 15 0 15 0
9 15 1 0 0
9 15 1 1 0
9 15 1 2 0
9 15 1 3 0
9 15 1 4 0
9 15 1 5 0
9 15 1 6 0
9 15 1 7 0
9 15 1 8 0
9 15 1 9 0
9 15 1 10 0
9 15 1 11 0
9 15 1 12 0
9 15 1 13 0
9 15 1 14 0
9 15 1 15 0
9 15 2 0 0
9 15 2 1 0
9 15 2 2 0
9 15 2 3 0
9 15 2 4 0
9 15 2 5 0
9 15 2 6 0
9 15 2 7 0
9 15 2 8 0
9 15 2 9 0
9 15 2 10 0
9 15 2 11 0
9 15 2 12 0
9 15 2 13 0
9 15 2 14 0
9 15 2 15 0
9 15 3 0 0
9 15 3 1 0
9 15 3 2 0
9 15 3 3 0
9 15 3 4 0
9 15 3 5 0
9 15 3 6 0
9 15 3 7 0
9 15 3 8 0
9 15 3 9 0
9 15 3 10 0
9 15 3 11 0
9 15 3 12 0
9 15 3 13 0
9 15 3 14 0
9 15 3 15 0
9 15 4 0 0
9 15 4 1 0
9 15 4 2 0
9 15 4 3 0
9 15 4 4 0
9 15 4 5 0
9 15 4 6 0
9 15 4 7 0
9 15 4 8 0
9 15 4 9 0
9 15 4 10 0
9 15 4 11 0
9 15 4 12 0
9 15 4 13 0
9 15 4 14 0
9 15 4 15 0
9 15 5 0 0
9 15 5 1 0
9 15 5 2 0
9 15 5 3 0
9 15 5 4 0
9 15 5 5 0
9 15 5 6 0
9 15 5 7 0
9 15 5 8 0
9 15 5 9 0
9 15 5 10 0
9 15 5 11 0
9 15 5 12 0
9 15 5 13 0
9 15 5 14 0
9 15 5 15 0
9 15 6 0 0
9 15 6 1 0
9 15 6 2 0
9 15 6 3 0
9 15 6 4 0
9 15 6 5 0
9 15 6 6 0
9 15 6 7 0
9 15 6 8 0
9 15 6 9 0
9 15 6 10 0
9 15 6 11 0
9 15 6 12 0
9 15 6 13 0
9 15 6 14 0
9 15 6 15 0
9 15 7 0 0
9 15 7 1 0
9 15 7 2 0
9 15 7 3 0
9 15 7 4 0
9 15 7 5 0
9 15 7 6 0
9 15 7 7 0
9 15 7 8 0
9 15 7 9 0
9 15 7 10 0
9 15 7 11 0
9 15 7 12 0
9 15 7 13 0
9 15 7 14 0
9 15 7 15 0
9 15 8 0 0
9 15 8 1 0
9 15 8 2 0
9 15 8 3 0
9 15 8 4 0
9 15 8 5 0
9 15 8 6 0
9 15 8 7 0
9 15 8 8 0
9 15 8 9 0
9 15 8 10 0
9 15 8 11 0
9 15 8 12 0
9 15 8 13 0
9 15 8 14 0
9 15 8 15 0
9 15 9 0 0
9 15 9 1 0
9 15 9 2 0
9 15 9 3 0
9 15 9 4 0
9 15 9 5 0
9 15 9 6 0
9 15 9 7 0
9 15 9 8 0
9 15 9 9 0
9 15 9 10 0
9 15 9 11 0
9 15 9 12 0
9 15 9 13 0
9 15 9 14 0
9 15 9 15 0
9 15 10 0 0
9 15 10 1 0
9 15 10 2 0
9 15 10 3 0
9 15 10 4 0
9 15 10 5 0
9 15 10 6 0
9 15 10 7 0
9 15 10 8 0
9 15 10 9 0
9 15 10 10 0
9 15 10 11 0
9 15 10 12 0
9 15 10 13 0
9 15 10 14 0
9 15 10 15 0
9 15 11 0 0
9 15 11 1 0
9 15 11 2 0
9 15 11 3 0
9 15 11 4 0
9 15 11 5 0
9 15 11 6 0
9 15 11 7 0
9 15 11 8 0
9 15 11 9 0
9 15 11 10 0
9 15 11 11 0
9 15 11 12 0
9 15 11 13 0
9 15 11 14 0
9 15 11 15 0
9 15 12 0 0
9 15 12 1 0
9 15 12 2 0
9 15 12 3 0
9 15 12 4 0
9 15 12 5 0
9 15 12 6 0
9 15 12 7 0
9 15 12 8 0
9 15 12 9 0
9 15 12 10 0
9 15 12 11 0
9 15 12 12 0
9 15 12 13 0
9 15 12 14 0
9 15 12 15 0
9 15 13 0 0
9 15 13 1 0
9 15 13 2 0
9 15 13 3 0
9 15 13 4 0
9 15 13 5 0
9 15 13 6 0
9 15 13 7 0
9 15 13 8 0
9 15 13 9 0
9 15 13 10 0
9 15 13 11 0
9 15 13 12 0
9 15 13 13 0
9 15 13 14 0
9 15 13 15 0
9 15 14 0 0
9 15 14 1 0
9 15 14 2 0
9 15 14 3 0
9 15 14 4 0
9 15 14 5 0
9 15 14 6 0
9 15 14 7 0
9 15 14 8 0
9 15 14 9 0
9 15 14 10 0
9 15 14 11 0
9 15 14 12 0
9 15 14 13 0
9 15 14 14 0
9 15 14 15 0
9 15 15 0 0
9 15 15 1 0
9 15 15 2 0
9 15 15 3 0
9 15 15 4 0
9 15 15 5 0
9 15 15 6 0
9 15 15 7 0
9 15 15 8 0
9 15 15 9 0
9 15 15 10 0
9 15 15 11 0
9 15 15 12 0
9 15 15 13 0
9 15 15 14 0
9 15 15 15 0
10 0 0 0 0
10 0 0 1 0
10 0 0 2 0
10 0 0 3 0
10 0 0 4 0
10 0 0 5 0
10 0 0 6 0
10 0 0 7 0
10 0 0 8 0
10 0 0 9 0
10 0 0 10 0
10 0 0 11 0
10 0 0 12 0
10 0 0 13 0
10 0 0 14 0
10 0 0 15 0
10 0 1 0 0
10 0 1 1 0
10 0 1 2 0
10 0 1 3 0
10 0 1 4 0
10 0 1 5 0
10 0 1 6 0
10 0 1 7 0
10 0 1 8 0
10 0 1 9 0
10 0 1 10 0
10 0 1 11 0
10 0 1 12 0
10 0 1 13 0
10 0 1 14 0
10 0 1 15 0
10 0 2 0 0
10 0 2 1 0
10 0 2 2 0
10 0 2 3 0
10 0 2 4 0
10 0 2 5 0
10 0 2 6 0
10 0 2 7 0
10 0 2 8 0
10 0 2 9 0
10 0 2 10 0
10 0 2 11 0
10 0 2 12 0
10 0 2 13 0
10 0 2 14 0
10 0 2 15 0
10 0 3 0 0
10 0 3 1 0
10 0 3 2 0
10 0 3 3 0
10 0 3 4 0
10 0 3 5 0
10 0 3 6 0
10 0 3 7 0
10 0 3 8 0
10 0 3 9 0
10 0 3 10 0
10 0 3 11 0
10 0 3 12 0
10 0 3 13 0
10 0 3 14 0
10 0 3 15 0
10 0 4 0 0
10 0 4 1 0
10 0 4 2 0
10 0 4 3 0
10 0 4 4 0
10 0 4 5 0
10 0 4 6 0
10 0 4 7 0
10 0 4 8 0
10 0 4 9 0
10 0 4 10 0
10 0 4 11 0
10 0 4 12 0
10 0 4 13 0
10 0 4 14 0
10 0 4 15 0
10 0 5 0 0
10 0 5 1 0
10 0 5 2 0
10 0 5 3 0
10 0 5 4 0
10 0 5 5 0
10 0 5 6 0
10 0 5 7 0
10 0 5 8 0
10 0 5 9 0
10 0 5 10 0
10 0 5 11 0
10 0 5 12 0
10 0 5 13 0
10 0 5 14 0
10 0 5 15 0
10 0 6 0 0
10 0 6 1 0
10 0 6 2 0
10 0 6 3 0
10 0 6 4 0
10 0 6 5 0
10 0 6 6 0
10 0 6 7 0
10 0 6 8 0
10 0 6 9 0
10 0 6 10 0
10 0 6 11 0
10 0 6 12 0
10 0 6 13 0
10 0 6 14 0
10 0 6 15 0
10 0 7 0 0
10 0 7 1 0
10 0 7 2 0
10 0 7 3 0
10 0 7 4 0
10 0 7 5 0
10 0 7 6 0
10 0 7 7 0
10 0 7 8 0
10 0 7 9 0
10 0 7 10 0
10 0 7 11 0
10 0 7 12 0
10 0 7 13 0
10 0 7 14 0
10 0 7 15 0
10 0 8 0 0
10 0 8 1 0
10 0 8 2 0
10 0 8 3 0
10 0 8 4 0
10 0 8 5 0
10 0 8 6 0
10 0 8 7 0
10 0 8 8 0
10 0 8 9 0
10 0 8 10 0
10 0 8 11 0
10 0 8 12 0
10 0 8 13 0
10 0 8 14 0
10 0 8 15 0
10 0 9 0 0
10 0 9 1 0
10 0 9 2 0
10 0 9 3 0
10 0 9 4 0
10 0 9 5 0
10 0 9 6 0
10 0 9 7 0
10 0 9 8 0
10 0 9 9 0
10 0 9 10 0
10 0 9 11 0
10 0 9 12 0
10 0 9 13 0
10 0 9 14 0
10 0 9 15 0
10 0 10 0 0
10 0 10 1 0
10 0 10 2 0
10 0 10 3 0
10 0 10 4 0
10 0 10 5 0
10 0 10 6 0
10 0 10 7 0
10 0 10 8 0
10 0 10 9 0
10 0 10 10 0
10 0 10 11 0
10 0 10 12 0
10 0 10 13 0
10 0 10 14 0
10 0 10 15 0
10 0 11 0 0
10 0 11 1 0
10 0 11 2 0
10 0 11 3 0
10 0 11 4 0
10 0 11 5 0
10 0 11 6 0
10 0 11 7 0
10 0 11 8 0
10 0 11 9 0
10 0 11 10 0
10 0 11 11 0
10 0 11 12 0
10 0 11 13 0
10 0 11 14 0
10 0 11 15 0
10 0 12 0 0
10 0 12 1 0
10 0 12 2 0
10 0 12 3 0
10 0 12 4 0
10 0 12 5 0
10 0 12 6 0
10 0 12 7 0
10 0 12 8 0
10 0 12 9 0
10 0 12 10 0
10 0 12 11 0
10 0 12 12 0
10 0 12 13 0
10 0 12 14 0
10 0 12 15 0
10 0 13 0 0
10 0 13 1 0
10 0 13 2 0
10 0 13 3 0
10 0 13 4 0
10 0 13 5 0
10 0 13 6 0
10 0 13 7 0
10 0 13 8 0
10 0 13 9 0
10 0 13 10 0
10 0 13 11 0
10 0 13 12 0
10 0 13 13 0
10 0 13 14 0
10 0 13 15 0
10 0 14 0 0
10 0 14 1 0
10 0 14 2 0
10 0 14 3 0
10 0 14 4 0
10 0 14 5 0
10 0 14 6 0
10 0 14 7 0
10 0 14 8 0
10 0 14 9 0
10 0 14 10 0
10 0 14 11 0
10 0 14 12 0
10 0 14 13 0
10 0 14 14 0
10 0 14 15 0
10 0 15 0 0
10 0 15 1 0
10 0 15 2 0
10 0 15 3 0
10 0 15 4 0
10 0 15 5 0
10 0 15 6 0
10 0 15 7 0
10 0 15 8 0
10 0 15 9 0
10 0 15 10 0
10 0 15 11 0
10 0 15 12 0
10 0 15 13 0
10 0 15 14 0
10 0 15 15 0
10 1 0 0 0
10 1 0 1 0
10 1 0 2 0
10 1 0 3 0
10 1 0 4 0
10 1 0 5 0
10 1 0 6 0
10 1 0 7 0
10 1 0 8 0
10 1 0 9 0
10 1 0 10 0
10 1 0 11 0
10 1 0 12 0
10 1 0 13 0
10 1 0 14 0
10 1 0 15 0
10 1 1 0 0
10 1 1 1 0
10 1 1 2 0
10 1 1 3 0
10 1 1 4 0
10 1 1 5 0
10 1 1 6 0
10 1 1 7 0
10 1 1 8 0
10 1 1 9 0
10 1 1 10 0
10 1 1 11 0
10 1 1 12 0
10 1 1 13 0
10 1 1 14 0
10 1 1 15 0
10 1 2 0 0
10 1 2 1 0
10 1 2 2 0
10 1 2 3 0
10 1 2 4 0
10 1 2 5 0
10 1 2 6 0
10 1 2 7 0
10 1 2 8 0
10 1 2 9 0
10 1 2 10 0
10 1 2 11 0
10 1 2 12 0
10 1 2 13 0
10 1 2 14 0
10 1 2 15 0
10 1 3 0 0
10 1 3 1 0
10 1 3 2 0
10 1 3 3 0
10 1 3 4 0
10 1 3 5 0
10 1 3 6 0
10 1 3 7 0
10 1 3 8 0
10 1 3 9 0
10 1 3 10 0
10 1 3 11 0
10 1 3 12 0
10 1 3 13 0
10 1 3 14 0
10 1 3 15 0
10 1 4 0 0
10 1 4 1 0
10 1 4 2 0
10 1 4 3 0
10 1 4 4 0
10 1 4 5 0
10 1 4 6 0
10 1 4 7 0
10 1 4 8 0
10 1 4 9 0
10 1 4 10 0
10 1 4 11 0
10 1 4 12 0
10 1 4 13 0
10 1 4 14 0
10 1 4 15 0
10 1 5 0 0
10 1 5 1 0
10 1 5 2 0
10 1 5 3 0
10 1 5 4 0
10 1 5 5 0
10 1 5 6 0
10 1 5 7 0
10 1 5 8 0
10 1 5 9 0
10 1 5 10 0
10 1 5 11 0
10 1 5 12 0
10 1 5 13 0
10 1 5 14 0
10 1 5 15 0
10 1 6 0 0
10 1 6 1 0
10 1 6 2 0
10 1 6 3 0
10 1 6 4 0
10 1 6 5 0
10 1 6 6 0
10 1 6 7 0
10 1 6 8 0
10 1 6 9 0
10 1 6 10 0
10 1 6 11 0
10 1 6 12 0
10 1 6 13 0
10 1 6 14 0
10 1 6 15 0
10 1 7 0 0
10 1 7 1 0
10 1 7 2 0
10 1 7 3 0
10 1 7 4 0
10 1 7 5 0
10 1 7 6 0
10 1 7 7 0
10 1 7 8 0
10 1 7 9 0
10 1 7 10 0
10 1 7 11 0
10 1 7 12 0
10 1 7 13 0
10 1 7 14 0
10 1 7 15 0
10 1 8 0 0
10 1 8 1 0
10 1 8 2 0
10 1 8 3 0
10 1 8 4 0
10 1 8 5 0
10 1 8 6 0
10 1 8 7 0
10 1 8 8 0
10 1 8 9 0
10 1 8 10 0
10 1 8 11 0
10 1 8 12 0
10 1 8 13 0
10 1 8 14 0
10 1 8 15 0
10 1 9 0 0
10 1 9 1 0
10 1 9 2 0
10 1 9 3 0
10 1 9 4 0
10 1 9 5 0
10 1 9 6 0
10 1 9 7 0
10 1 9 8 0
10 1 9 9 0
10 1 9 10 0
10 1 9 11 0
10 1 9 12 0
10 1 9 13 0
10 1 9 14 0
10 1 9 15 0
10 1 10 0 0
10 1 10 1 0
10 1 10 2 0
10 1 10 3 0
10 1 10 4 0
10 1 10 5 0
10 1 10 6 0
10 1 10 7 0
10 1 10 8 0
10 1 10 9 0
10 1 10 10 0
10 1 10 11 0
10 1 10 12 0
10 1 10 13 0
10 1 10 14 0
10 1 10 15 0
10 1 11 0 0
10 1 11 1 0
10 1 11 2 0
10 1 11 3 0
10 1 11 4 0
10 1 11 5 0
10 1 11 6 0
10 1 11 7 0
10 1 11 8 0
10 1 11 9 0
10 1 11 10 0
10 1 11 11 0
10 1 11 12 0
10 1 11 13 0
10 1 11 14 0
10 1 11 15 0
10 1 12 0 0
10 1 12 1 0
10 1 12 2 0
10 1 12 3 0
10 1 12 4 0
10 1 12 5 0
10 1 12 6 0
10 1 12 7 0
10 1 12 8 0
10 1 12 9 0
10 1 12 10 0
10 1 12 11 0
10 1 12 12 0
10 1 12 13 0
10 1 12 14 0
10 1 12 15 0
10 1 13 0 0
10 1 13 1 0
10 1 13 2 0
10 1 13 3 0
10 1 13 4 0
10 1 13 5 0
10 1 13 6 0
10 1 13 7 0
10 1 13 8 0
10 1 13 9 0
10 1 13 10 0
10 1 13 11 0
10 1 13 12 0
10 1 13 13 0
10 1 13 14 0
10 1 13 15 0
10 1 14 0 0
10 1 14 1 0
10 1 14 2 0
10 1 14 3 0
10 1 14 4 0
10 1 14 5 0
10 1 14 6 0
10 1 14 7 0
10 1 14 8 0
10 1 14 9 0
10 1 14 10 0
10 1 14 11 0
10 1 14 12 0
10 1 14 13 0
10 1 14 14 0
10 1 14 15 0
10 1 15 0 0
10 1 15 1 0
10 1 15 2 0
10 1 15 3 0
10 1 15 4 0
10 1 15 5 0
10 1 15 6 0
10 1 15 7 0
10 1 15 8 0
10 1 15 9 0
10 1 15 10 0
10 1 15 11 0
10 1 15 12 0
10 1 15 13 0
10 1 15 14 0
10 1 15 15 0
10 2 0 0 0
10 2 0 1 0
10 2 0 2 0
10 2 0 3 0
10 2 0 4 0
10 2 0 5 0
10 2 0 6 0
10 2 0 7 0
10 2 0 8 0
10 2 0 9 0
10 2 0 10 0
10 2 0 11 0
10 2 0 12 0
10 2 0 13 0
10 2 0 14 0
10 2 0 15 0
10 2 1 0 0
10 2 1 1 0
10 2 1 2 0
10 2 1 3 0
10 2 1 4 0
10 2 1 5 0
10 2 1 6 0
10 2 1 7 0
10 2 1 8 0
10 2 1 9 0
10 2 1 10 0
10 2 1 11 0
10 2 1 12 0
10 2 1 13 0
10 2 1 14 0
10 2 1 15 0
10 2 2 0 0
10 2 2 1 0
10 2 2 2 0
10 2 2 3 0
10 2 2 4 0
10 2 2 5 0
10 2 2 6 0
10 2 2 7 0
10 2 2 8 0
10 2 2 9 0
10 2 2 10 0
10 2 2 11 0
10 2 2 12 0
10 2 2 13 0
10 2 2 14 0
10 2 2 15 0
10 2 3 0 0
10 2 3 1 0
10 2 3 2 0
10 2 3 3 0
10 2 3 4 0
10 2 3 5 0
10 2 3 6 0
10 2 3 7 0
10 2 3 8 0
10 2 3 9 0
10 2 3 10 0
10 2 3 11 0
10 2 3 12 0
10 2 3 13 0
10 2 3 14 0
10 2 3 15 0
10 2 4 0 0
10 2 4 1 0
10 2 4 2 0
10 2 4 3 0
10 2 4 4 0
10 2 4 5 0
10 2 4 6 0
10 2 4 7 0
10 2 4 8 0
10 2 4 9 0
10 2 4 10 0
10 2 4 11 0
10 2 4 12 0
10 2 4 13 0
10 2 4 14 0
10 2 4 15 0
10 2 5 0 0
10 2 5 1 0
10 2 5 2 0
10 2 5 3 0
10 2 5 4 0
10 2 5 5 0
10 2 5 6 0
10 2 5 7 0
10 2 5 8 0
10 2 5 9 0
10 2 5 10 0
10 2 5 11 0
10 2 5 12 0
10 2 5 13 0
10 2 5 14 0
10 2 5 15 0
10 2 6 0 0
10 2 6 1 0
10 2 6 2 0
10 2 6 3 0
10 2 6 4 0
10 2 6 5 0
10 2 6 6 0
10 2 6 7 0
10 2 6 8 0
10 2 6 9 0
10 2 6 10 0
10 2 6 11 0
10 2 6 12 0
10 2 6 13 0
10 2 6 14 0
10 2 6 15 0
10 2 7 0 0
10 2 7 1 0
10 2 7 2 0
10 2 7 3 0
10 2 7 4 0
10 2 7 5 0
10 2 7 6 0
10 2 7 7 0
10 2 7 8 0
10 2 7 9 0
10 2 7 10 0
10 2 7 11 0
10 2 7 12 0
10 2 7 13 0
10 2 7 14 0
10 2 7 15 0
10 2 8 0 0
10 2 8 1 0
10 2 8 2 0
10 2 8 3 0
10 2 8 4 0
10 2 8 5 0
10 2 8 6 0
10 2 8 7 0
10 2 8 8 0
10 2 8 9 0
10 2 8 10 0
10 2 8 11 0
10 2 8 12 0
10 2 8 13 0
10 2 8 14 0
10 2 8 15 0
10 2 9 0 0
10 2 9 1 0
10 2 9 2 0
10 2 9 3 0
10 2 9 4 0
10 2 9 5 0
10 2 9 6 0
10 2 9 7 0
10 2 9 8 0
10 2 9 9 0
10 2 9 10 0
10 2 9 11 0
10 2 9 12 0
10 2 9 13 0
10 2 9 14 0
10 2 9 15 0
10 2 10 0 0
10 2 10 1 0
10 2 10 2 0
10 2 10 3 0
10 2 10 4 0
10 2 10 5 0
10 2 10 6 0
10 2 10 7 0
10 2 10 8 0
10 2 10 9 0
10 2 10 10 0
10 2 10 11 0
10 2 10 12 0
10 2 10 13 0
10 2 10 14 0
10 2 10 15 0
10 2 11 0 0
10 2 11 1 0
10 2 11 2 0
10 2 11 3 0
10 2 11 4 0
10 2 11 5 0
10 2 11 6 0
10 2 11 7 0
10 2 11 8 0
10 2 11 9 0
10 2 11 10 0
10 2 11 11 0
10 2 11 12 0
10 2 11 13 0
10 2 11 14 0
10 2 11 15 0
10 2 12 0 0
10 2 12 1 0
10 2 12 2 0
10 2 12 3 0
10 2 12 4 0
10 2 12 5 0
10 2 12 6 0
10 2 12 7 0
10 2 12 8 0
10 2 12 9 0
10 2 12 10 0
10 2 12 11 0
10 2 12 12 0
10 2 12 13 0
10 2 12 14 0
10 2 12 15 0
10 2 13 0 0
10 2 13 1 0
10 2 13 2 0
10 2 13 3 0
10 2 13 4 0
10 2 13 5 0
10 2 13 6 0
10 2 13 7 0
10 2 13 8 0
10 2 13 9 0
10 2 13 10 0
10 2 13 11 0
10 2 13 12 0
10 2 13 13 0
10 2 13 14 0
10 2 13 15 0
10 2 14 0 0
10 2 14 1 0
10 2 14 2 0
10 2 14 3 0
10 2 14 4 0
10 2 14 5 0
10 2 14 6 0
10 2 14 7 0
10 2 14 8 0
10 2 14 9 0
10 2 14 10 0
10 2 14 11 0
10 2 14 12 0
10 2 14 13 0
10 2 14 14 0
10 2 14 15 0
10 2 15 0 0
10 2 15 1 0
10 2 15 2 0
10 2 15 3 0
10 2 15 4 0
10 2 15 5 0
10 2 15 6 0
10 2 15 7 0
10 2 15 8 0
10 2 15 9 0
10 2 15 10 0
10 2 15 11 0
10 2 15 12 0
10 2 15 13 0
10 2 15 14 0
10 2 15 15 0
10 3 0 0 0
10 3 0 1 0
10 3 0 2 0
10 3 0 3 0
10 3 0 4 0
10 3 0 5 0
10 3 0 6 0
10 3 0 7 0
10 3 0 8 0
10 3 0 9 0
10 3 0 10 0
10 3 0 11 0
10 3 0 12 0
10 3 0 13 0
10 3 0 14 0
10 3 0 15 0
10 3 1 0 0
10 3 1 1 0
10 3 1 2 0
10 3 1 3 0
10 3 1 4 0
10 3 1 5 0
10 3 1 6 0
10 3 1 7 0
10 3 1 8 0
10 3 1 9 0
10 3 1 10 0
10 3 1 11 0
10 3 1 12 0
10 3 1 13 0
10 3 1 14 0
10 3 1 15 0
10 3 2 0 0
10 3 2 1 0
10 3 2 2 0
10 3 2 3 0
10 3 2 4 0
10 3 2 5 0
10 3 2 6 0
10 3 2 7 0
10 3 2 8 0
10 3 2 9 0
10 3 2 10 0
10 3 2 11 0
10 3 2 12 0
10 3 2 13 0
10 3 2 14 0
10 3 2 15 0
10 3 3 0 0
10 3 3 1 0
10 3 3 2 0
10 3 3 3 0
10 3 3 4 0
10 3 3 5 0
10 3 3 6 0
10 3 3 7 0
10 3 3 8 0
10 3 3 9 0
10 3 3 10 0
10 3 3 11 0
10 3 3 12 0
10 3 3 13 0
10 3 3 14 0
10 3 3 15 0
10 3 4 0 0
10 3 4 1 0
10 3 4 2 0
10 3 4 3 0
10 3 4 4 0
10 3 4 5 0
10 3 4 6 0
10 3 4 7 0
10 3 4 8 0
10 3 4 9 0
10 3 4 10 0
10 3 4 11 0
10 3 4 12 0
10 3 4 13 0
10 3 4 14 0
10 3 4 15 0
10 3 5 0 0
10 3 5 1 0
10 3 5 2 0
10 3 5 3 0
10 3 5 4 0
10 3 5 5 0
10 3 5 6 0
10 3 5 7 0
10 3 5 8 0
10 3 5 9 0
10 3 5 10 0
10 3 5 11 0
10 3 5 12 0
10 3 5 13 0
10 3 5 14 0
10 3 5 15 0
10 3 6 0 0
10 3 6 1 0
10 3 6 2 0
10 3 6 3 0
10 3 6 4 0
10 3 6 5 0
10 3 6 6 0
10 3 6 7 0
10 3 6 8 0
10 3 6 9 0
10 3 6 10 0
10 3 6 11 0
10 3 6 12 0
10 3 6 13 0
10 3 6 14 0
10 3 6 15 0
10 3 7 0 0
10 3 7 1 0
10 3 7 2 0
10 3 7 3 0
10 3 7 4 0
10 3 7 5 0
10 3 7 6 0
10 3 7 7 0
10 3 7 8 0
10 3 7 9 0
10 3 7 10 0
10 3 7 11 0
10 3 7 12 0
10 3 7 13 0
10 3 7 14 0
10 3 7 15 0
10 3 8 0 0
10 3 8 1 0
10 3 8 2 0
10 3 8 3 0
10 3 8 4 0
10 3 8 5 0
10 3 8 6 0
10 3 8 7 0
10 3 8 8 0
10 3 8 9 0
10 3 8 10 0
10 3 8 11 0
10 3 8 12 0
10 3 8 13 0
10 3 8 14 0
10 3 8 15 0
10 3 9 0 0
10 3 9 1 0
10 3 9 2 0
10 3 9 3 0
10 3 9 4 0
10 3 9 5 0
10 3 9 6 0
10 3 9 7 0
10 3 9 8 0
10 3 9 9 0
10 3 9 10 0
10 3 9 11 0
10 3 9 12 0
10 3 9 13 0
10 3 9 14 0
10 3 9 15 0
10 3 10 0 0
10 3 10 1 0
10 3 10 2 0
10 3 10 3 0
10 3 10 4 0
10 3 10 5 0
10 3 10 6 0
10 3 10 7 0
10 3 10 8 0
10 3 10 9 0
10 3 10 10 0
10 3 10 11 0
10 3 10 12 0
10 3 10 13 0
10 3 10 14 0
10 3 10 15 0
10 3 11 0 0
10 3 11 1 0
10 3 11 2 0
10 3 11 3 0
10 3 11 4 0
10 3 11 5 0
10 3 11 6 0
10 3 11 7 0
10 3 11 8 0
10 3 11 9 0
10 3 11 10 0
10 3 11 11 0
10 3 11 12 0
10 3 11 13 0
10 3 11 14 0
10 3 11 15 0
10 3 12 0 0
10 3 12 1 0
10 3 12 2 0
10 3 12 3 0
10 3 12 4 0
10 3 12 5 0
10 3 12 6 0
10 3 12 7 0
10 3 12 8 0
10 3 12 9 0
10 3 12 10 0
10 3 12 11 0
10 3 12 12 0
10 3 12 13 0
10 3 12 14 0
10 3 12 15 0
10 3 13 0 0
10 3 13 1 0
10 3 13 2 0
10 3 13 3 0
10 3 13 4 0
10 3 13 5 0
10 3 13 6 0
10 3 13 7 0
10 3 13 8 0
10 3 13 9 0
10 3 13 10 0
10 3 13 11 0
10 3 13 12 0
10 3 13 13 0
10 3 13 14 0
10 3 13 15 0
10 3 14 0 0
10 3 14 1 0
10 3 14 2 0
10 3 14 3 0
10 3 14 4 0
10 3 14 5 0
10 3 14 6 0
10 3 14 7 0
10 3 14 8 0
10 3 14 9 0
10 3 14 10 0
10 3 14 11 0
10 3 14 12 0
10 3 14 13 0
10 3 14 14 0
10 3 14 15 0
10 3 15 0 0
10 3 15 1 0
10 3 15 2 0
10 3 15 3 0
10 3 15 4 0
10 3 15 5 0
10 3 15 6 0
10 3 15 7 0
10 3 15 8 0
10 3 15 9 0
10 3 15 10 0
10 3 15 11 0
10 3 15 12 0
10 3 15 13 0
10 3 15 14 0
10 3 15 15 0
10 4 0 0 0
10 4 0 1 0
10 4 0 2 0
10 4 0 3 0
10 4 0 4 0
10 4 0 5 0
10 4 0 6 0
10 4 0 7 0
10 4 0 8 0
10 4 0 9 0
10 4 0 10 0
10 4 0 11 0
10 4 0 12 0
10 4 0 13 0
10 4 0 14 0
10 4 0 15 0
10 4 1 0 0
10 4 1 1 0
10 4 1 2 0
10 4 1 3 0
10 4 1 4 0
10 4 1 5 0
10 4 1 6 0
10 4 1 7 0
10 4 1 8 0
10 4 1 9 0
10 4 1 10 0
10 4 1 11 0
10 4 1 12 0
10 4 1 13 0
10 4 1 14 0
10 4 1 15 0
10 4 2 0 0
10 4 2 1 0
10 4 2 2 0
10 4 2 3 0
10 4 2 4 0
10 4 2 5 0
10 4 2 6 0
10 4 2 7 0
10 4 2 8 0
10 4 2 9 0
10 4 2 10 0
10 4 2 11 0
10 4 2 12 0
10 4 2 13 0
10 4 2 14 0
10 4 2 15 0
10 4 3 0 0
10 4 3 1 0
10 4 3 2 0
10 4 3 3 0
10 4 3 4 0
10 4 3 5 0
10 4 3 6 0
10 4 3 7 0
10 4 3 8 0
10 4 3 9 0
10 4 3 10 0
10 4 3 11 0
10 4 3 12 0
10 4 3 13 0
10 4 3 14 0
10 4 3 15 0
10 4 4 0 0
10 4 4 1 0
10 4 4 2 0
10 4 4 3 0
10 4 4 4 0
10 4 4 5 0
10 4 4 6 0
10 4 4 7 0
10 4 4 8 0
10 4 4 9 0
10 4 4 10 0
10 4 4 11 0
10 4 4 12 0
10 4 4 13 0
10 4 4 14 0
10 4 4 15 0
10 4 5 0 0
10 4 5 1 0
10 4 5 2 0
10 4 5 3 0
10 4 5 4 0
10 4 5 5 0
10 4 5 6 0
10 4 5 7 0
10 4 5 8 0
10 4 5 9 0
10 4 5 10 0
10 4 5 11 0
10 4 5 12 0
10 4 5 13 0
10 4 5 14 0
10 4 5 15 0
10 4 6 0 0
10 4 6 1 0
10 4 6 2 0
10 4 6 3 0
10 4 6 4 0
10 4 6 5 0
10 4 6 6 0
10 4 6 7 0
10 4 6 8 0
10 4 6 9 0
10 4 6 10 0
10 4 6 11 0
10 4 6 12 0
10 4 6 13 0
10 4 6 14 0
10 4 6 15 0
10 4 7 0 0
10 4 7 1 0
10 4 7 2 0
10 4 7 3 0
10 4 7 4 0
10 4 7 5 0
10 4 7 6 0
10 4 7 7 0
10 4 7 8 0
10 4 7 9 0
10 4 7 10 0
10 4 7 11 0
10 4 7 12 0
10 4 7 13 0
10 4 7 14 0
10 4 7 15 0
10 4 8 0 0
10 4 8 1 0
10 4 8 2 0
10 4 8 3 0
10 4 8 4 0
10 4 8 5 0
10 4 8 6 0
10 4 8 7 0
10 4 8 8 0
10 4 8 9 0
10 4 8 10 0
10 4 8 11 0
10 4 8 12 0
10 4 8 13 0
10 4 8 14 0
10 4 8 15 0
10 4 9 0 0
10 4 9 1 0
10 4 9 2 0
10 4 9 3 0
10 4 9 4 0
10 4 9 5 0
10 4 9 6 0
10 4 9 7 0
10 4 9 8 0
10 4 9 9 0
10 4 9 10 0
10 4 9 11 0
10 4 9 12 0
10 4 9 13 0
10 4 9 14 0
10 4 9 15 0
10 4 10 0 0
10 4 10 1 0
10 4 10 2 0
10 4 10 3 0
10 4 10 4 0
10 4 10 5 0
10 4 10 6 0
10 4 10 7 0
10 4 10 8 0
10 4 10 9 0
10 4 10 10 0
10 4 10 11 0
10 4 10 12 0
10 4 10 13 0
10 4 10 14 0
10 4 10 15 0
10 4 11 0 0
10 4 11 1 0
10 4 11 2 0
10 4 11 3 0
10 4 11 4 0
10 4 11 5 0
10 4 11 6 0
10 4 11 7 0
10 4 11 8 0
10 4 11 9 0
10 4 11 10 0
10 4 11 11 0
10 4 11 12 0
10 4 11 13 0
10 4 11 14 0
10 4 11 15 0
10 4 12 0 0
10 4 12 1 0
10 4 12 2 0
10 4 12 3 0
10 4 12 4 0
10 4 12 5 0
10 4 12 6 0
10 4 12 7 0
10 4 12 8 0
10 4 12 9 0
10 4 12 10 0
10 4 12 11 0
10 4 12 12 0
10 4 12 13 0
10 4 12 14 0
10 4 12 15 0
10 4 13 0 0
10 4 13 1 0
10 4 13 2 0
10 4 13 3 0
10 4 13 4 0
10 4 13 5 0
10 4 13 6 0
10 4 13 7 0
10 4 13 8 0
10 4 13 9 0
10 4 13 10 0
10 4 13 11 0
10 4 13 12 0
10 4 13 13 0
10 4 13 14 0
10 4 13 15 0
10 4 14 0 0
10 4 14 1 0
10 4 14 2 0
10 4 14 3 0
10 4 14 4 0
10 4 14 5 0
10 4 14 6 0
10 4 14 7 0
10 4 14 8 0
10 4 14 9 0
10 4 14 10 0
10 4 14 11 0
10 4 14 12 0
10 4 14 13 0
10 4 14 14 0
10 4 14 15 0
10 4 15 0 0
10 4 15 1 0
10 4 15 2 0
10 4 15 3 0
10 4 15 4 0
10 4 15 5 0
10 4 15 6 0
10 4 15 7 0
10 4 15 8 0
10 4 15 9 0
10 4 15 10 0
10 4 15 11 0
10 4 15 12 0
10 4 15 13 0
10 4 15 14 0
10 4 15 15 0
10 5 0 0 0
10 5 0 1 0
10 5 0 2 0
10 5 0 3 0
10 5 0 4 0
10 5 0 5 0
10 5 0 6 0
10 5 0 7 0
10 5 0 8 0
10 5 0 9 0
10 5 0 10 0
10 5 0 11 0
10 5 0 12 0
10 5 0 13 0
10 5 0 14 0
10 5 0 15 0
10 5 1 0 0
10 5 1 1 0
10 5 1 2 0
10 5 1 3 0
10 5 1 4 0
10 5 1 5 0
10 5 1 6 0
10 5 1 7 0
10 5 1 8 0
10 5 1 9 0
10 5 1 10 0
10 5 1 11 0
10 5 1 12 0
10 5 1 13 0
10 5 1 14 0
10 5 1 15 0
10 5 2 0 0
10 5 2 1 0
10 5 2 2 0
10 5 2 3 0
10 5 2 4 0
10 5 2 5 0
10 5 2 6 0
10 5 2 7 0
10 5 2 8 0
10 5 2 9 0
10 5 2 10 0
10 5 2 11 0
10 5 2 12 0
10 5 2 13 0
10 5 2 14 0
10 5 2 15 0
10 5 3 0 0
10 5 3 1 0
10 5 3 2 0
10 5 3 3 0
10 5 3 4 0
10 5 3 5 0
10 5 3 6 0
10 5 3 7 0
10 5 3 8 0
10 5 3 9 0
10 5 3 10 0
10 5 3 11 0
10 5 3 12 0
10 5 3 13 0
10 5 3 14 0
10 5 3 15 0
10 5 4 0 0
10 5 4 1 0
10 5 4 2 0
10 5 4 3 0
10 5 4 4 0
10 5 4 5 0
10 5 4 6 0
10 5 4 7 0
10 5 4 8 0
10 5 4 9 0
10 5 4 10 0
10 5 4 11 0
10 5 4 12 0
10 5 4 13 0
10 5 4 14 0
10 5 4 15 0
10 5 5 0 0
10 5 5 1 0
10 5 5 2 0
10 5 5 3 0
10 5 5 4 0
10 5 5 5 0
10 5 5 6 0
10 5 5 7 0
10 5 5 8 0
10 5 5 9 0
10 5 5 10 0
10 5 5 11 0
10 5 5 12 0
10 5 5 13 0
10 5 5 14 0
10 5 5 15 0
10 5 6 0 0
10 5 6 1 0
10 5 6 2 0
10 5 6 3 0
10 5 6 4 0
10 5 6 5 0
10 5 6 6 0
10 5 6 7 0
10 5 6 8 0
10 5 6 9 0
10 5 6 10 0
10 5 6 11 0
10 5 6 12 0
10 5 6 13 0
10 5 6 14 0
10 5 6 15 0
10 5 7 0 0
10 5 7 1 0
10 5 7 2 0
10 5 7 3 0
10 5 7 4 0
10 5 7 5 0
10 5 7 6 0
10 5 7 7 0
10 5 7 8 0
10 5 7 9 0
10 5 7 10 0
10 5 7 11 0
10 5 7 12 0
10 5 7 13 0
10 5 7 14 0
10 5 7 15 0
10 5 8 0 0
10 5 8 1 0
10 5 8 2 0
10 5 8 3 0
10 5 8 4 0
10 5 8 5 0
10 5 8 6 0
10 5 8 7 0
10 5 8 8 0
10 5 8 9 0
10 5 8 10 0
10 5 8 11 0
10 5 8 12 0
10 5 8 13 0
10 5 8 14 0
10 5 8 15 0
10 5 9 0 0
10 5 9 1 0
10 5 9 2 0
10 5 9 3 0
10 5 9 4 0
10 5 9 5 0
10 5 9 6 0
10 5 9 7 0
10 5 9 8 0
10 5 9 9 0
10 5 9 10 0
10 5 9 11 0
10 5 9 12 0
10 5 9 13 0
10 5 9 14 0
10 5 9 15 0
10 5 10 0 0
10 5 10 1 0
10 5 10 2 0
10 5 10 3 0
10 5 10 4 0
10 5 10 5 0
10 5 10 6 0
10 5 10 7 0
10 5 10 8 0
10 5 10 9 0
10 5 10 10 0
10 5 10 11 0
10 5 10 12 0
10 5 10 13 0
10 5 10 14 0
10 5 10 15 0
10 5 11 0 0
10 5 11 1 0
10 5 11 2 0
10 5 11 3 0
10 5 11 4 0
10 5 11 5 0
10 5 11 6 0
10 5 11 7 0
10 5 11 8 0
10 5 11 9 0
10 5 11 10 0
10 5 11 11 0
10 5 11 12 0
10 5 11 13 0
10 5 11 14 0
10 5 11 15 0
10 5 12 0 0
10 5 12 1 0
10 5 12 2 0
10 5 12 3 0
10 5 12 4 0
10 5 12 5 0
10 5 12 6 0
10 5 12 7 0
10 5 12 8 0
10 5 12 9 0
10 5 12 10 0
10 5 12 11 0
10 5 12 12 0
10 5 12 13 0
10 5 12 14 0
10 5 12 15 0
10 5 13 0 0
10 5 13 1 0
10 5 13 2 0
10 5 13 3 0
10 5 13 4 0
10 5 13 5 0
10 5 13 6 0
10 5 13 7 0
10 5 13 8 0
10 5 13 9 0
10 5 13 10 0
10 5 13 11 0
10 5 13 12 0
10 5 13 13 0
10 5 13 14 0
10 5 13 15 0
10 5 14 0 0
10 5 14 1 0
10 5 14 2 0
10 5 14 3 0
10 5 14 4 0
10 5 14 5 0
10 5 14 6 0
10 5 14 7 0
10 5 14 8 0
10 5 14 9 0
10 5 14 10 0
10 5 14 11 0
10 5 14 12 0
10 5 14 13 0
10 5 14 14 0
10 5 14 15 0
10 5 15 0 0
10 5 15 1 0
10 5 15 2 0
10 5 15 3 0
10 5 15 4 0
10 5 15 5 0
10 5 15 6 0
10 5 15 7 0
10 5 15 8 0
10 5 15 9 0
10 5 15 10 0
10 5 15 11 0
10 5 15 12 0
10 5 15 13 0
10 5 15 14 0
10 5 15 15 0
10 6 0 0 0
10 6 0 1 0
10 6 0 2 0
10 6 0 3 0
10 6 0 4 0
10 6 0 5 0
10 6 0 6 0
10 6 0 7 0
10 6 0 8 0
10 6 0 9 0
10 6 0 10 0
10 6 0 11 0
10 6 0 12 0
10 6 0 13 0
10 6 0 14 0
10 6 0 15 0
10 6 1 0 0
10 6 1 1 0
10 6 1 2 0
10 6 1 3 0
10 6 1 4 0
10 6 1 5 0
10 6 1 6 0
10 6 1 7 0
10 6 1 8 0
10 6 1 9 0
10 6 1 10 0
10 6 1 11 0
10 6 1 12 0
10 6 1 13 0
10 6 1 14 0
10 6 1 15 0
10 6 2 0 0
10 6 2 1 0
10 6 2 2 0
10 6 2 3 0
10 6 2 4 0
10 6 2 5 0
10 6 2 6 0
10 6 2 7 0
10 6 2 8 0
10 6 2 9 0
10 6 2 10 0
10 6 2 11 0
10 6 2 12 0
10 6 2 13 0
10 6 2 14 0
10 6 2 15 0
10 6 3 0 0
10 6 3 1 0
10 6 3 2 0
10 6 3 3 0
10 6 3 4 0
10 6 3 5 0
10 6 3 6 0
10 6 3 7 0
10 6 3 8 0
10 6 3 9 0
10 6 3 10 0
10 6 3 11 0
10 6 3 12 0
10 6 3 13 0
10 6 3 14 0
10 6 3 15 0
10 6 4 0 0
10 6 4 1 0
10 6 4 2 0
10 6 4 3 0
10 6 4 4 0
10 6 4 5 0
10 6 4 6 0
10 6 4 7 0
10 6 4 8 0
10 6 4 9 0
10 6 4 10 0
10 6 4 11 0
10 6 4 12 0
10 6 4 13 0
10 6 4 14 0
10 6 4 15 0
10 6 5 0 0
10 6 5 1 0
10 6 5 2 0
10 6 5 3 0
10 6 5 4 0
10 6 5 5 0
10 6 5 6 0
10 6 5 7 0
10 6 5 8 0
10 6 5 9 0
10 6 5 10 0
10 6 5 11 0
10 6 5 12 0
10 6 5 13 0
10 6 5 14 0
10 6 5 15 0
10 6 6 0 0
10 6 6 1 0
10 6 6 2 0
10 6 6 3 0
10 6 6 4 0
10 6 6 5 0
10 6 6 6 0
10 6 6 7 0
10 6 6 8 0
10 6 6 9 0
10 6 6 10 0
10 6 6 11 0
10 6 6 12 0
10 6 6 13 0
10 6 6 14 0
10 6 6 15 0
10 6 7 0 0
10 6 7 1 0
10 6 7 2 0
10 6 7 3 0
10 6 7 4 0
10 6 7 5 0
10 6 7 6 0
10 6 7 7 0
10 6 7 8 0
10 6 7 9 0
10 6 7 10 0
10 6 7 11 0
10 6 7 12 0
10 6 7 13 0
10 6 7 14 0
10 6 7 15 0
10 6 8 0 0
10 6 8 1 0
10 6 8 2 0
10 6 8 3 0
10 6 8 4 0
10 6 8 5 0
10 6 8 6 0
10 6 8 7 0
10 6 8 8 0
10 6 8 9 0
10 6 8 10 0
10 6 8 11 0
10 6 8 12 0
10 6 8 13 0
10 6 8 14 0
10 6 8 15 0
10 6 9 0 0
10 6 9 1 0
10 6 9 2 0
10 6 9 3 0
10 6 9 4 0
10 6 9 5 0
10 6 9 6 0
10 6 9 7 0
10 6 9 8 0
10 6 9 9 0
10 6 9 10 0
10 6 9 11 0
10 6 9 12 0
10 6 9 13 0
10 6 9 14 0
10 6 9 15 0
10 6 10 0 0
10 6 10 1 0
10 6 10 2 0
10 6 10 3 0
10 6 10 4 0
10 6 10 5 0
10 6 10 6 0
10 6 10 7 0
10 6 10 8 0
10 6 10 9 0
10 6 10 10 0
10 6 10 11 0
10 6 10 12 0
10 6 10 13 0
10 6 10 14 0
10 6 10 15 0
10 6 11 0 0
10 6 11 1 0
10 6 11 2 0
10 6 11 3 0
10 6 11 4 0
10 6 11 5 0
10 6 11 6 0
10 6 11 7 0
10 6 11 8 0
10 6 11 9 0
10 6 11 10 0
10 6 11 11 0
10 6 11 12 0
10 6 11 13 0
10 6 11 14 0
10 6 11 15 0
10 6 12 0 0
10 6 12 1 0
10 6 12 2 0
10 6 12 3 0
10 6 12 4 0
10 6 12 5 0
10 6 12 6 0
10 6 12 7 0
10 6 12 8 0
10 6 12 9 0
10 6 12 10 0
10 6 12 11 0
10 6 12 12 0
10 6 12 13 0
10 6 12 14 0
10 6 12 15 0
10 6 13 0 0
10 6 13 1 0
10 6 13 2 0
10 6 13 3 0
10 6 13 4 0
10 6 13 5 0
10 6 13 6 0
10 6 13 7 0
10 6 13 8 0
10 6 13 9 0
10 6 13 10 0
10 6 13 11 0
10 6 13 12 0
10 6 13 13 0
10 6 13 14 0
10 6 13 15 0
10 6 14 0 0
10 6 14 1 0
10 6 14 2 0
10 6 14 3 0
10 6 14 4 0
10 6 14 5 0
10 6 14 6 0
10 6 14 7 0
10 6 14 8 0
10 6 14 9 0
10 6 14 10 0
10 6 14 11 0
10 6 14 12 0
10 6 14 13 0
10 6 14 14 0
10 6 14 15 0
10 6 15 0 0
10 6 15 1 0
10 6 15 2 0
10 6 15 3 0
10 6 15 4 0
10 6 15 5 0
10 6 15 6 0
10 6 15 7 0
10 6 15 8 0
10 6 15 9 0
10 6 15 10 0
10 6 15 11 0
10 6 15 12 0
10 6 15 13 0
10 6 15 14 0
10 6 15 15 0
10 7 0 0 0
10 7 0 1 0
10 7 0 2 0
10 7 0 3 0
10 7 0 4 0
10 7 0 5 0
10 7 0 6 0
10 7 0 7 0
10 7 0 8 0
10 7 0 9 0
10 7 0 10 0
10 7 0 11 0
10 7 0 12 0
10 7 0 13 0
10 7 0 14 0
10 7 0 15 0
10 7 1 0 0
10 7 1 1 0
10 7 1 2 0
10 7 1 3 0
10 7 1 4 0
10 7 1 5 0
10 7 1 6 0
10 7 1 7 0
10 7 1 8 0
10 7 1 9 0
10 7 1 10 0
10 7 1 11 0
10 7 1 12 0
10 7 1 13 0
10 7 1 14 0
10 7 1 15 0
10 7 2 0 0
10 7 2 1 0
10 7 2 2 0
10 7 2 3 0
10 7 2 4 0
10 7 2 5 0
10 7 2 6 0
10 7 2 7 0
10 7 2 8 0
10 7 2 9 0
10 7 2 10 0
10 7 2 11 0
10 7 2 12 0
10 7 2 13 0
10 7 2 14 0
10 7 2 15 0
10 7 3 0 0
10 7 3 1 0
10 7 3 2 0
10 7 3 3 0
10 7 3 4 0
10 7 3 5 0
10 7 3 6 0
10 7 3 7 0
10 7 3 8 0
10 7 3 9 0
10 7 3 10 0
10 7 3 11 0
10 7 3 12 0
10 7 3 13 0
10 7 3 14 0
10 7 3 15 0
10 7 4 0 0
10 7 4 1 0
10 7 4 2 0
10 7 4 3 0
10 7 4 4 0
10 7 4 5 0
10 7 4 6 0
10 7 4 7 0
10 7 4 8 0
10 7 4 9 0
10 7 4 10 0
10 7 4 11 0
10 7 4 12 0
10 7 4 13 0
10 7 4 14 0
10 7 4 15 0
10 7 5 0 0
10 7 5 1 0
10 7 5 2 0
10 7 5 3 0
10 7 5 4 0
10 7 5 5 0
10 7 5 6 0
10 7 5 7 0
10 7 5 8 0
10 7 5 9 0
10 7 5 10 0
10 7 5 11 0
10 7 5 12 0
10 7 5 13 0
10 7 5 14 0
10 7 5 15 0
10 7 6 0 0
10 7 6 1 0
10 7 6 2 0
10 7 6 3 0
10 7 6 4 0
10 7 6 5 0
10 7 6 6 0
10 7 6 7 0
10 7 6 8 0
10 7 6 9 0
10 7 6 10 0
10 7 6 11 0
10 7 6 12 0
10 7 6 13 0
10 7 6 14 0
10 7 6 15 0
10 7 7 0 0
10 7 7 1 0
10 7 7 2 0
10 7 7 3 0
10 7 7 4 0
10 7 7 5 0
10 7 7 6 0
10 7 7 7 0
10 7 7 8 0
10 7 7 9 0
10 7 7 10 0
10 7 7 11 0
10 7 7 12 0
10 7 7 13 0
10 7 7 14 0
10 7 7 15 0
10 7 8 0 0
10 7 8 1 0
10 7 8 2 0
10 7 8 3 0
10 7 8 4 0
10 7 8 5 0
10 7 8 6 0
10 7 8 7 0
10 7 8 8 0
10 7 8 9 0
10 7 8 10 0
10 7 8 11 0
10 7 8 12 0
10 7 8 13 0
10 7 8 14 0
10 7 8 15 0
10 7 9 0 0
10 7 9 1 0
10 7 9 2 0
10 7 9 3 0
10 7 9 4 0
10 7 9 5 0
10 7 9 6 0
10 7 9 7 0
10 7 9 8 0
10 7 9 9 0
10 7 9 10 0
10 7 9 11 0
10 7 9 12 0
10 7 9 13 0
10 7 9 14 0
10 7 9 15 0
10 7 10 0 0
10 7 10 1 0
10 7 10 2 0
10 7 10 3 0
10 7 10 4 0
10 7 10 5 0
10 7 10 6 0
10 7 10 7 0
10 7 10 8 0
10 7 10 9 0
10 7 10 10 0
10 7 10 11 0
10 7 10 12 0
10 7 10 13 0
10 7 10 14 0
10 7 10 15 0
10 7 11 0 0
10 7 11 1 0
10 7 11 2 0
10 7 11 3 0
10 7 11 4 0
10 7 11 5 0
10 7 11 6 0
10 7 11 7 0
10 7 11 8 0
10 7 11 9 0
10 7 11 10 0
10 7 11 11 0
10 7 11 12 0
10 7 11 13 0
10 7 11 14 0
10 7 11 15 0
10 7 12 0 0
10 7 12 1 0
10 7 12 2 0
10 7 12 3 0
10 7 12 4 0
10 7 12 5 0
10 7 12 6 0
10 7 12 7 0
10 7 12 8 0
10 7 12 9 0
10 7 12 10 0
10 7 12 11 0
10 7 12 12 0
10 7 12 13 0
10 7 12 14 0
10 7 12 15 0
10 7 13 0 0
10 7 13 1 0
10 7 13 2 0
10 7 13 3 0
10 7 13 4 0
10 7 13 5 0
10 7 13 6 0
10 7 13 7 0
10 7 13 8 0
10 7 13 9 0
10 7 13 10 0
10 7 13 11 0
10 7 13 12 0
10 7 13 13 0
10 7 13 14 0
10 7 13 15 0
10 7 14 0 0
10 7 14 1 0
10 7 14 2 0
10 7 14 3 0
10 7 14 4 0
10 7 14 5 0
10 7 14 6 0
10 7 14 7 0
10 7 14 8 0
10 7 14 9 0
10 7 14 10 0
10 7 14 11 0
10 7 14 12 0
10 7 14 13 0
10 7 14 14 0
10 7 14 15 0
10 7 15 0 0
10 7 15 1 0
10 7 15 2 0
10 7 15 3 0
10 7 15 4 0
10 7 15 5 0
10 7 15 6 0
10 7 15 7 0
10 7 15 8 0
10 7 15 9 0
10 7 15 10 0
10 7 15 11 0
10 7 15 12 0
10 7 15 13 0
10 7 15 14 0
10 7 15 15 0
10 8 0 0 0
10 8 0 1 0
10 8 0 2 0
10 8 0 3 0
10 8 0 4 0
10 8 0 5 0
10 8 0 6 0
10 8 0 7 0
10 8 0 8 0
10 8 0 9 0
10 8 0 10 0
10 8 0 11 0
10 8 0 12 0
10 8 0 13 0
10 8 0 14 0
10 8 0 15 0
10 8 1 0 0
10 8 1 1 0
10 8 1 2 0
10 8 1 3 0
10 8 1 4 0
10 8 1 5 0
10 8 1 6 0
10 8 1 7 0
10 8 1 8 0
10 8 1 9 0
10 8 1 10 0
10 8 1 11 0
10 8 1 12 0
10 8 1 13 0
10 8 1 14 0
10 8 1 15 0
10 8 2 0 0
10 8 2 1 0
10 8 2 2 0
10 8 2 3 0
10 8 2 4 0
10 8 2 5 0
10 8 2 6 0
10 8 2 7 0
10 8 2 8 0
10 8 2 9 0
10 8 2 10 0
10 8 2 11 0
10 8 2 12 0
10 8 2 13 0
10 8 2 14 0
10 8 2 15 0
10 8 3 0 0
10 8 3 1 0
10 8 3 2 0
10 8 3 3 0
10 8 3 4 0
10 8 3 5 0
10 8 3 6 0
10 8 3 7 0
10 8 3 8 0
10 8 3 9 0
10 8 3 10 0
10 8 3 11 0
10 8 3 12 0
10 8 3 13 0
10 8 3 14 0
10 8 3 15 0
10 8 4 0 0
10 8 4 1 0
10 8 4 2 0
10 8 4 3 0
10 8 4 4 0
10 8 4 5 0
10 8 4 6 0
10 8 4 7 0
10 8 4 8 0
10 8 4 9 0
10 8 4 10 0
10 8 4 11 0
10 8 4 12 0
10 8 4 13 0
10 8 4 14 0
10 8 4 15 0
10 8 5 0 0
10 8 5 1 0
10 8 5 2 0
10 8 5 3 0
10 8 5 4 0
10 8 5 5 0
10 8 5 6 0
10 8 5 7 0
10 8 5 8 0
10 8 5 9 0
10 8 5 10 0
10 8 5 11 0
10 8 5 12 0
10 8 5 13 0
10 8 5 14 0
10 8 5 15 0
10 8 6 0 0
10 8 6 1 0
10 8 6 2 0
10 8 6 3 0
10 8 6 4 0
10 8 6 5 0
10 8 6 6 0
10 8 6 7 0
10 8 6 8 0
10 8 6 9 0
10 8 6 10 0
10 8 6 11 0
10 8 6 12 0
10 8 6 13 0
10 8 6 14 0
10 8 6 15 0
10 8 7 0 0
10 8 7 1 0
10 8 7 2 0
10 8 7 3 0
10 8 7 4 0
10 8 7 5 0
10 8 7 6 0
10 8 7 7 0
10 8 7 8 0
10 8 7 9 0
10 8 7 10 0
10 8 7 11 0
10 8 7 12 0
10 8 7 13 0
10 8 7 14 0
10 8 7 15 0
10 8 8 0 0
10 8 8 1 0
10 8 8 2 0
10 8 8 3 0
10 8 8 4 0
10 8 8 5 0
10 8 8 6 0
10 8 8 7 0
10 8 8 8 0
10 8 8 9 0
10 8 8 10 0
10 8 8 11 0
10 8 8 12 0
10 8 8 13 0
10 8 8 14 0
10 8 8 15 0
10 8 9 0 0
10 8 9 1 0
10 8 9 2 0
10 8 9 3 0
10 8 9 4 0
10 8 9 5 0
10 8 9 6 0
10 8 9 7 0
10 8 9 8 0
10 8 9 9 0
10 8 9 10 0
10 8 9 11 0
10 8 9 12 0
10 8 9 13 0
10 8 9 14 0
10 8 9 15 0
10 8 10 0 0
10 8 10 1 0
10 8 10 2 0
10 8 10 3 0
10 8 10 4 0
10 8 10 5 0
10 8 10 6 0
10 8 10 7 0
10 8 10 8 0
10 8 10 9 0
10 8 10 10 0
10 8 10 11 0
10 8 10 12 0
10 8 10 13 0
10 8 10 14 0
10 8 10 15 0
10 8 11 0 0
10 8 11 1 0
10 8 11 2 0
10 8 11 3 0
10 8 11 4 0
10 8 11 5 0
10 8 11 6 0
10 8 11 7 0
10 8 11 8 0
10 8 11 9 0
10 8 11 10 0
10 8 11 11 0
10 8 11 12 0
10 8 11 13 0
10 8 11 14 0
10 8 11 15 0
10 8 12 0 0
10 8 12 1 0
10 8 12 2 0
10 8 12 3 0
10 8 12 4 0
10 8 12 5 0
10 8 12 6 0
10 8 12 7 0
10 8 12 8 0
10 8 12 9 0
10 8 12 10 0
10 8 12 11 0
10 8 12 12 0
10 8 12 13 0
10 8 12 14 0
10 8 12 15 0
10 8 13 0 0
10 8 13 1 0
10 8 13 2 0
10 8 13 3 0
10 8 13 4 0
10 8 13 5 0
10 8 13 6 0
10 8 13 7 0
10 8 13 8 0
10 8 13 9 0
10 8 13 10 0
10 8 13 11 0
10 8 13 12 0
10 8 13 13 0
10 8 13 14 0
10 8 13 15 0
10 8 14 0 0
10 8 14 1 0
10 8 14 2 0
10 8 14 3 0
10 8 14 4 0
10 8 14 5 0
10 8 14 6 0
10 8 14 7 0
10 8 14 8 0
10 8 14 9 0
10 8 14 10 0
10 8 14 11 0
10 8 14 12 0
10 8 14 13 0
10 8 14 14 0
10 8 14 15 0
10 8 15 0 0
10 8 15 1 0
10 8 15 2 0
10 8 15 3 0
10 8 15 4 0
10 8 15 5 0
10 8 15 6 0
10 8 15 7 0
10 8 15 8 0
10 8 15 9 0
10 8 15 10 0
10 8 15 11 0
10 8 15 12 0
10 8 15 13 0
10 8 15 14 0
10 8 15 15 0
10 9 0 0 0
10 9 0 1 0
10 9 0 2 0
10 9 0 3 0
10 9 0 4 0
10 9 0 5 0
10 9 0 6 0
10 9 0 7 0
10 9 0 8 0
10 9 0 9 0
10 9 0 10 0
10 9 0 11 0
10 9 0 12 0
10 9 0 13 0
10 9 0 14 0
10 9 0 15 0
10 9 1 0 0
10 9 1 1 0
10 9 1 2 0
10 9 1 3 0
10 9 1 4 0
10 9 1 5 0
10 9 1 6 0
10 9 1 7 0
10 9 1 8 0
10 9 1 9 0
10 9 1 10 0
10 9 1 11 0
10 9 1 12 0
10 9 1 13 0
10 9 1 14 0
10 9 1 15 0
10 9 2 0 0
10 9 2 1 0
10 9 2 2 0
10 9 2 3 0
10 9 2 4 0
10 9 2 5 0
10 9 2 6 0
10 9 2 7 0
10 9 2 8 0
10 9 2 9 0
10 9 2 10 0
10 9 2 11 0
10 9 2 12 0
10 9 2 13 0
10 9 2 14 0
10 9 2 15 0
10 9 3 0 0
10 9 3 1 0
10 9 3 2 0
10 9 3 3 0
10 9 3 4 0
10 9 3 5 0
10 9 3 6 0
10 9 3 7 0
10 9 3 8 0
10 9 3 9 0
10 9 3 10 0
10 9 3 11 0
10 9 3 12 0
10 9 3 13 0
10 9 3 14 0
10 9 3 15 0
10 9 4 0 0
10 9 4 1 0
10 9 4 2 0
10 9 4 3 0
10 9 4 4 0
10 9 4 5 0
10 9 4 6 0
10 9 4 7 0
10 9 4 8 0
10 9 4 9 0
10 9 4 10 0
10 9 4 11 0
10 9 4 12 0
10 9 4 13 0
10 9 4 14 0
10 9 4 15 0
10 9 5 0 0
10 9 5 1 0
10 9 5 2 0
10 9 5 3 0
10 9 5 4 0
10 9 5 5 0
10 9 5 6 0
10 9 5 7 0
10 9 5 8 0
10 9 5 9 0
10 9 5 10 0
10 9 5 11 0
10 9 5 12 0
10 9 5 13 0
10 9 5 14 0
10 9 5 15 0
10 9 6 0 0
10 9 6 1 0
10 9 6 2 0
10 9 6 3 0
10 9 6 4 0
10 9 6 5 0
10 9 6 6 0
10 9 6 7 0
10 9 6 8 0
10 9 6 9 0
10 9 6 10 0
10 9 6 11 0
10 9 6 12 0
10 9 6 13 0
10 9 6 14 0
10 9 6 15 0
10 9 7 0 0
10 9 7 1 0
10 9 7 2 0
10 9 7 3 0
10 9 7 4 0
10 9 7 5 0
10 9 7 6 0
10 9 7 7 0
10 9 7 8 0
10 9 7 9 0
10 9 7 10 0
10 9 7 11 0
10 9 7 12 0
10 9 7 13 0
10 9 7 14 0
10 9 7 15 0
10 9 8 0 0
10 9 8 1 0
10 9 8 2 0
10 9 8 3 0
10 9 8 4 0
10 9 8 5 0
10 9 8 6 0
10 9 8 7 0
10 9 8 8 0
10 9 8 9 0
10 9 8 10 0
10 9 8 11 0
10 9 8 12 0
10 9 8 13 0
10 9 8 14 0
10 9 8 15 0
10 9 9 0 0
10 9 9 1 0
10 9 9 2 0
10 9 9 3 0
10 9 9 4 0
10 9 9 5 0
10 9 9 6 0
10 9 9 7 0
10 9 9 8 0
10 9 9 9 0
10 9 9 10 0
10 9 9 11 0
10 9 9 12 0
10 9 9 13 0
10 9 9 14 0
10 9 9 15 0
10 9 10 0 0
10 9 10 1 0
10 9 10 2 0
10 9 10 3 0
10 9 10 4 0
10 9 10 5 0
10 9 10 6 0
10 9 10 7 0
10 9 10 8 0
10 9 10 9 0
10 9 10 10 0
10 9 10 11 0
10 9 10 12 0
10 9 10 13 0
10 9 10 14 0
10 9 10 15 0
10 9 11 0 0
10 9 11 1 0
10 9 11 2 0
10 9 11 3 0
10 9 11 4 0
10 9 11 5 0
10 9 11 6 0
10 9 11 7 0
10 9 11 8 0
10 9 11 9 0
10 9 11 10 0
10 9 11 11 0
10 9 11 12 0
10 9 11 13 0
10 9 11 14 0
10 9 11 15 0
10 9 12 0 0
10 9 12 1 0
10 9 12 2 0
10 9 12 3 0
10 9 12 4 0
10 9 12 5 0
10 9 12 6 0
10 9 12 7 0
10 9 12 8 0
10 9 12 9 0
10 9 12 10 0
10 9 12 11 0
10 9 12 12 0
10 9 12 13 0
10 9 12 14 0
10 9 12 15 0
10 9 13 0 0
10 9 13 1 0
10 9 13 2 0
10 9 13 3 0
10 9 13 4 0
10 9 13 5 0
10 9 13 6 0
10 9 13 7 0
10 9 13 8 0
10 9 13 9 0
10 9 13 10 0
10 9 13 11 0
10 9 13 12 0
10 9 13 13 0
10 9 13 14 0
10 9 13 15 0
10 9 14 0 0
10 9 14 1 0
10 9 14 2 0
10 9 14 3 0
10 9 14 4 0
10 9 14 5 0
10 9 14 6 0
10 9 14 7 0
10 9 14 8 0
10 9 14 9 0
10 9 14 10 0
10 9 14 11 0
10 9 14 12 0
10 9 14 13 0
10 9 14 14 0
10 9 14 15 0
10 9 15 0 0
10 9 15 1 0
10 9 15 2 0
10 9 15 3 0
10 9 15 4 0
10 9 15 5 0
10 9 15 6 0
10 9 15 7 0
10 9 15 8 0
10 9 15 9 0
10 9 15 10 0
10 9 15 11 0
10 9 15 12 0
10 9 15 13 0
10 9 15 14 0
10 9 15 15 0
10 10 0 0 0
10 10 0 1 0
10 10 0 2 0
10 10 0 3 0
10 10 0 4 0
10 10 0 5 0
10 10 0 6 0
10 10 0 7 0
10 10 0 8 0
10 10 0 9 0
10 10 0 10 0
10 10 0 11 0
10 10 0 12 0
10 10 0 13 0
10 10 0 14 0
10 10 0 15 0
10 10 1 0 0
10 10 1 1 0
10 10 1 2 0
10 10 1 3 0
10 10 1 4 0
10 10 1 5 0
10 10 1 6 0
10 10 1 7 0
10 10 1 8 0
10 10 1 9 0
10 10 1 10 0
10 10 1 11 0
10 10 1 12 0
10 10 1 13 0
10 10 1 14 0
10 10 1 15 0
10 10 2 0 0
10 10 2 1 0
10 10 2 2 0
10 10 2 3 0
10 10 2 4 0
10 10 2 5 0
10 10 2 6 0
10 10 2 7 0
10 10 2 8 0
10 10 2 9 0
10 10 2 10 0
10 10 2 11 0
10 10 2 12 0
10 10 2 13 0
10 10 2 14 0
10 10 2 15 0
10 10 3 0 0
10 10 3 1 0
10 10 3 2 0
10 10 3 3 0
10 10 3 4 0
10 10 3 5 0
10 10 3 6 0
10 10 3 7 0
10 10 3 8 0
10 10 3 9 0
10 10 3 10 0
10 10 3 11 0
10 10 3 12 0
10 10 3 13 0
10 10 3 14 0
10 10 3 15 0
10 10 4 0 0
10 10 4 1 0
10 10 4 2 0
10 10 4 3 0
10 10 4 4 0
10 10 4 5 0
10 10 4 6 0
10 10 4 7 0
10 10 4 8 0
10 10 4 9 0
10 10 4 10 0
10 10 4 11 0
10 10 4 12 0
10 10 4 13 0
10 10 4 14 0
10 10 4 15 0
10 10 5 0 0
10 10 5 1 0
10 10 5 2 0
10 10 5 3 0
10 10 5 4 0
10 10 5 5 0
10 10 5 6 0
10 10 5 7 0
10 10 5 8 0
10 10 5 9 0
10 10 5 10 0
10 10 5 11 0
10 10 5 12 0
10 10 5 13 0
10 10 5 14 0
10 10 5 15 0
10 10 6 0 0
10 10 6 1 0
10 10 6 2 0
10 10 6 3 0
10 10 6 4 0
10 10 6 5 0
10 10 6 6 0
10 10 6 7 0
10 10 6 8 0
10 10 6 9 0
10 10 6 10 0
10 10 6 11 0
10 10 6 12 0
10 10 6 13 0
10 10 6 14 0
10 10 6 15 0
10 10 7 0 0
10 10 7 1 0
10 10 7 2 0
10 10 7 3 0
10 10 7 4 0
10 10 7 5 0
10 10 7 6 0
10 10 7 7 0
10 10 7 8 0
10 10 7 9 0
10 10 7 10 0
10 10 7 11 0
10 10 7 12 0
10 10 7 13 0
10 10 7 14 0
10 10 7 15 0
10 10 8 0 0
10 10 8 1 0
10 10 8 2 0
10 10 8 3 0
10 10 8 4 0
10 10 8 5 0
10 10 8 6 0
10 10 8 7 0
10 10 8 8 0
10 10 8 9 0
10 10 8 10 0
10 10 8 11 0
10 10 8 12 0
10 10 8 13 0
10 10 8 14 0
10 10 8 15 0
10 10 9 0 0
10 10 9 1 0
10 10 9 2 0
10 10 9 3 0
10 10 9 4 0
10 10 9 5 0
10 10 9 6 0
10 10 9 7 0
10 10 9 8 0
10 10 9 9 0
10 10 9 10 0
10 10 9 11 0
10 10 9 12 0
10 10 9 13 0
10 10 9 14 0
10 10 9 15 0
10 10 10 0 0
10 10 10 1 0
10 10 10 2 0
10 10 10 3 0
10 10 10 4 0
10 10 10 5 0
10 10 10 6 0
10 10 10 7 0
10 10 10 8 0
10 10 10 9 0
10 10 10 10 0
10 10 10 11 0
10 10 10 12 0
10 10 10 13 0
10 10 10 14 0
10 10 10 15 0
10 10 11 0 0
10 10 11 1 0
10 10 11 2 0
10 10 11 3 0
10 10 11 4 0
10 10 11 5 0
10 10 11 6 0
10 10 11 7 0
10 10 11 8 0
10 10 11 9 0
10 10 11 10 0
10 10 11 11 0
10 10 11 12 0
10 10 11 13 0
10 10 11 14 0
10 10 11 15 0
10 10 12 0 0
10 10 12 1 0
10 10 12 2 0
10 10 12 3 0
10 10 12 4 0
10 10 12 5 0
10 10 12 6 0
10 10 12 7 0
10 10 12 8 0
10 10 12 9 0
10 10 12 10 0
10 10 12 11 0
10 10 12 12 0
10 10 12 13 0
10 10 12 14 0
10 10 12 15 0
10 10 13 0 0
10 10 13 1 0
10 10 13 2 0
10 10 13 3 0
10 10 13 4 0
10 10 13 5 0
10 10 13 6 0
10 10 13 7 0
10 10 13 8 0
10 10 13 9 0
10 10 13 10 0
10 10 13 11 0
10 10 13 12 0
10 10 13 13 0
10 10 13 14 0
10 10 13 15 0
10 10 14 0 0
10 10 14 1 0
10 10 14 2 0
10 10 14 3 0
10 10 14 4 0
10 10 14 5 0
10 10 14 6 0
10 10 14 7 0
10 10 14 8 0
10 10 14 9 0
10 10 14 10 0
10 10 14 11 0
10 10 14 12 0
10 10 14 13 0
10 10 14 14 0
10 10 14 15 0
10 10 15 0 0
10 10 15 1 0
10 10 15 2 0
10 10 15 3 0
10 10 15 4 0
10 10 15 5 0
10 10 15 6 0
10 10 15 7 0
10 10 15 8 0
10 10 15 9 0
10 10 15 10 0
10 10 15 11 0
10 10 15 12 0
10 10 15 13 0
10 10 15 14 0
10 10 15 15 0
10 11 0 0 0
10 11 0 1 0
10 11 0 2 0
10 11 0 3 0
10 11 0 4 0
10 11 0 5 0
10 11 0 6 0
10 11 0 7 0
10 11 0 8 0
10 11 0 9 0
10 11 0 10 0
10 11 0 11 0
10 11 0 12 0
10 11 0 13 0
10 11 0 14 0
10 11 0 15 0
10 11 1 0 0
10 11 1 1 0
10 11 1 2 0
10 11 1 3 0
10 11 1 4 0
10 11 1 5 0
10 11 1 6 0
10 11 1 7 0
10 11 1 8 0
10 11 1 9 0
10 11 1 10 0
10 11 1 11 0
10 11 1 12 0
10 11 1 13 0
10 11 1 14 0
10 11 1 15 0
10 11 2 0 0
10 11 2 1 0
10 11 2 2 0
10 11 2 3 0
10 11 2 4 0
10 11 2 5 0
10 11 2 6 0
10 11 2 7 0
10 11 2 8 0
10 11 2 9 0
10 11 2 10 0
10 11 2 11 0
10 11 2 12 0
10 11 2 13 0
10 11 2 14 0
10 11 2 15 0
10 11 3 0 0
10 11 3 1 0
10 11 3 2 0
10 11 3 3 0
10 11 3 4 0
10 11 3 5 0
10 11 3 6 0
10 11 3 7 0
10 11 3 8 0
10 11 3 9 0
10 11 3 10 0
10 11 3 11 0
10 11 3 12 0
10 11 3 13 0
10 11 3 14 0
10 11 3 15 0
10 11 4 0 0
10 11 4 1 0
10 11 4 2 0
10 11 4 3 0
10 11 4 4 0
10 11 4 5 0
10 11 4 6 0
10 11 4 7 0
10 11 4 8 0
10 11 4 9 0
10 11 4 10 0
10 11 4 11 0
10 11 4 12 0
10 11 4 13 0
10 11 4 14 0
10 11 4 15 0
10 11 5 0 0
10 11 5 1 0
10 11 5 2 0
10 11 5 3 0
10 11 5 4 0
10 11 5 5 0
10 11 5 6 0
10 11 5 7 0
10 11 5 8 0
10 11 5 9 0
10 11 5 10 0
10 11 5 11 0
10 11 5 12 0
10 11 5 13 0
10 11 5 14 0
10 11 5 15 0
10 11 6 0 0
10 11 6 1 0
10 11 6 2 0
10 11 6 3 0
10 11 6 4 0
10 11 6 5 0
10 11 6 6 0
10 11 6 7 0
10 11 6 8 0
10 11 6 9 0
10 11 6 10 0
10 11 6 11 0
10 11 6 12 0
10 11 6 13 0
10 11 6 14 0
10 11 6 15 0
10 11 7 0 0
10 11 7 1 0
10 11 7 2 0
10 11 7 3 0
10 11 7 4 0
10 11 7 5 0
10 11 7 6 0
10 11 7 7 0
10 11 7 8 0
10 11 7 9 0
10 11 7 10 0
10 11 7 11 0
10 11 7 12 0
10 11 7 13 0
10 11 7 14 0
10 11 7 15 0
10 11 8 0 0
10 11 8 1 0
10 11 8 2 0
10 11 8 3 0
10 11 8 4 0
10 11 8 5 0
10 11 8 6 0
10 11 8 7 0
10 11 8 8 0
10 11 8 9 0
10 11 8 10 0
10 11 8 11 0
10 11 8 12 0
10 11 8 13 0
10 11 8 14 0
10 11 8 15 0
10 11 9 0 0
10 11 9 1 0
10 11 9 2 0
10 11 9 3 0
10 11 9 4 0
10 11 9 5 0
10 11 9 6 0
10 11 9 7 0
10 11 9 8 0
10 11 9 9 0
10 11 9 10 0
10 11 9 11 0
10 11 9 12 0
10 11 9 13 0
10 11 9 14 0
10 11 9 15 0
10 11 10 0 0
10 11 10 1 0
10 11 10 2 0
10 11 10 3 0
10 11 10 4 0
10 11 10 5 0
10 11 10 6 0
10 11 10 7 0
10 11 10 8 0
10 11 10 9 0
10 11 10 10 0
10 11 10 11 0
10 11 10 12 0
10 11 10 13 0
10 11 10 14 0
10 11 10 15 0
10 11 11 0 0
10 11 11 1 0
10 11 11 2 0
10 11 11 3 0
10 11 11 4 0
10 11 11 5 0
10 11 11 6 0
10 11 11 7 0
10 11 11 8 0
10 11 11 9 0
10 11 11 10 0
10 11 11 11 0
10 11 11 12 0
10 11 11 13 0
10 11 11 14 0
10 11 11 15 0
10 11 12 0 0
10 11 12 1 0
10 11 12 2 0
10 11 12 3 0
10 11 12 4 0
10 11 12 5 0
10 11 12 6 0
10 11 12 7 0
10 11 12 8 0
10 11 12 9 0
10 11 12 10 0
10 11 12 11 0
10 11 12 12 0
10 11 12 13 0
10 11 12 14 0
10 11 12 15 0
10 11 13 0 0
10 11 13 1 0
10 11 13 2 0
10 11 13 3 0
10 11 13 4 0
10 11 13 5 0
10 11 13 6 0
10 11 13 7 0
10 11 13 8 0
10 11 13 9 0
10 11 13 10 0
10 11 13 11 0
10 11 13 12 0
10 11 13 13 0
10 11 13 14 0
10 11 13 15 0
10 11 14 0 0
10 11 14 1 0
10 11 14 2 0
10 11 14 3 0
10 11 14 4 0
10 11 14 5 0
10 11 14 6 0
10 11 14 7 0
10 11 14 8 0
10 11 14 9 0
10 11 14 10 0
10 11 14 11 0
10 11 14 12 0
10 11 14 13 0
10 11 14 14 0
10 11 14 15 0
10 11 15 0 0
10 11 15 1 0
10 11 15 2 0
10 11 15 3 0
10 11 15 4 0
10 11 15 5 0
10 11 15 6 0
10 11 15 7 0
10 11 15 8 0
10 11 15 9 0
10 11 15 10 0
10 11 15 11 0
10 11 15 12 0
10 11 15 13 0
10 11 15 14 0
10 11 15 15 0
10 12 0 0 0
10 12 0 1 0
10 12 0 2 0
10 12 0 3 0
10 12 0 4 0
10 12 0 5 0
10 12 0 6 0
10 12 0 7 0
10 12 0 8 0
10 12 0 9 0
10 12 0 10 0
10 12 0 11 0
10 12 0 12 0
10 12 0 13 0
10 12 0 14 0
10 12 0 15 0
10 12 1 0 0
10 12 1 1 0
10 12 1 2 0
10 12 1 3 0
10 12 1 4 0
10 12 1 5 0
10 12 1 6 0
10 12 1 7 0
10 12 1 8 0
10 12 1 9 0
10 12 1 10 0
10 12 1 11 0
10 12 1 12 0
10 12 1 13 0
10 12 1 14 0
10 12 1 15 0
10 12 2 0 0
10 12 2 1 0
10 12 2 2 0
10 12 2 3 0
10 12 2 4 0
10 12 2 5 0
10 12 2 6 0
10 12 2 7 0
10 12 2 8 0
10 12 2 9 0
10 12 2 10 0
10 12 2 11 0
10 12 2 12 0
10 12 2 13 0
10 12 2 14 0
10 12 2 15 0
10 12 3 0 0
10 12 3 1 0
10 12 3 2 0
10 12 3 3 0
10 12 3 4 0
10 12 3 5 0
10 12 3 6 0
10 12 3 7 0
10 12 3 8 0
10 12 3 9 0
10 12 3 10 0
10 12 3 11 0
10 12 3 12 0
10 12 3 13 0
10 12 3 14 0
10 12 3 15 0
10 12 4 0 0
10 12 4 1 0
10 12 4 2 0
10 12 4 3 0
10 12 4 4 0
10 12 4 5 0
10 12 4 6 0
10 12 4 7 0
10 12 4 8 0
10 12 4 9 0
10 12 4 10 0
10 12 4 11 0
10 12 4 12 0
10 12 4 13 0
10 12 4 14 0
10 12 4 15 0
10 12 5 0 0
10 12 5 1 0
10 12 5 2 0
10 12 5 3 0
10 12 5 4 0
10 12 5 5 0
10 12 5 6 0
10 12 5 7 0
10 12 5 8 0
10 12 5 9 0
10 12 5 10 0
10 12 5 11 0
10 12 5 12 0
10 12 5 13 0
10 12 5 14 0
10 12 5 15 0
10 12 6 0 0
10 12 6 1 0
10 12 6 2 0
10 12 6 3 0
10 12 6 4 0
10 12 6 5 0
10 12 6 6 0
10 12 6 7 0
10 12 6 8 0
10 12 6 9 0
10 12 6 10 0
10 12 6 11 0
10 12 6 12 0
10 12 6 13 0
10 12 6 14 0
10 12 6 15 0
10 12 7 0 0
10 12 7 1 0
10 12 7 2 0
10 12 7 3 0
10 12 7 4 0
10 12 7 5 0
10 12 7 6 0
10 12 7 7 0
10 12 7 8 0
10 12 7 9 0
10 12 7 10 0
10 12 7 11 0
10 12 7 12 0
10 12 7 13 0
10 12 7 14 0
10 12 7 15 0
10 12 8 0 0
10 12 8 1 0
10 12 8 2 0
10 12 8 3 0
10 12 8 4 0
10 12 8 5 0
10 12 8 6 0
10 12 8 7 0
10 12 8 8 0
10 12 8 9 0
10 12 8 10 0
10 12 8 11 0
10 12 8 12 0
10 12 8 13 0
10 12 8 14 0
10 12 8 15 0
10 12 9 0 0
10 12 9 1 0
10 12 9 2 0
10 12 9 3 0
10 12 9 4 0
10 12 9 5 0
10 12 9 6 0
10 12 9 7 0
10 12 9 8 0
10 12 9 9 0
10 12 9 10 0
10 12 9 11 0
10 12 9 12 0
10 12 9 13 0
10 12 9 14 0
10 12 9 15 0
10 12 10 0 0
10 12 10 1 0
10 12 10 2 0
10 12 10 3 0
10 12 10 4 0
10 12 10 5 0
10 12 10 6 0
10 12 10 7 0
10 12 10 8 0
10 12 10 9 0
10 12 10 10 0
10 12 10 11 0
10 12 10 12 0
10 12 10 13 0
10 12 10 14 0
10 12 10 15 0
10 12 11 0 0
10 12 11 1 0
10 12 11 2 0
10 12 11 3 0
10 12 11 4 0
10 12 11 5 0
10 12 11 6 0
10 12 11 7 0
10 12 11 8 0
10 12 11 9 0
10 12 11 10 0
10 12 11 11 0
10 12 11 12 0
10 12 11 13 0
10 12 11 14 0
10 12 11 15 0
10 12 12 0 0
10 12 12 1 0
10 12 12 2 0
10 12 12 3 0
10 12 12 4 0
10 12 12 5 0
10 12 12 6 0
10 12 12 7 0
10 12 12 8 0
10 12 12 9 0
10 12 12 10 0
10 12 12 11 0
10 12 12 12 0
10 12 12 13 0
10 12 12 14 0
10 12 12 15 0
10 12 13 0 0
10 12 13 1 0
10 12 13 2 0
10 12 13 3 0
10 12 13 4 0
10 12 13 5 0
10 12 13 6 0
10 12 13 7 0
10 12 13 8 0
10 12 13 9 0
10 12 13 10 0
10 12 13 11 0
10 12 13 12 0
10 12 13 13 0
10 12 13 14 0
10 12 13 15 0
10 12 14 0 0
10 12 14 1 0
10 12 14 2 0
10 12 14 3 0
10 12 14 4 0
10 12 14 5 0
10 12 14 6 0
10 12 14 7 0
10 12 14 8 0
10 12 14 9 0
10 12 14 10 0
10 12 14 11 0
10 12 14 12 0
10 12 14 13 0
10 12 14 14 0
10 12 14 15 0
10 12 15 0 0
10 12 15 1 0
10 12 15 2 0
10 12 15 3 0
10 12 15 4 0
10 12 15 5 0
10 12 15 6 0
10 12 15 7 0
10 12 15 8 0
10 12 15 9 0
10 12 15 10 0
10 12 15 11 0
10 12 15 12 0
10 12 15 13 0
10 12 15 14 0
10 12 15 15 0
10 13 0 0 0
10 13 0 1 0
10 13 0 2 0
10 13 0 3 0
10 13 0 4 0
10 13 0 5 0
10 13 0 6 0
10 13 0 7 0
10 13 0 8 0
10 13 0 9 0
10 13 0 10 0
10 13 0 11 0
10 13 0 12 0
10 13 0 13 0
10 13 0 14 0
10 13 0 15 0
10 13 1 0 0
10 13 1 1 0
10 13 1 2 0
10 13 1 3 0
10 13 1 4 0
10 13 1 5 0
10 13 1 6 0
10 13 1 7 0
10 13 1 8 0
10 13 1 9 0
10 13 1 10 0
10 13 1 11 0
10 13 1 12 0
10 13 1 13 0
10 13 1 14 0
10 13 1 15 0
10 13 2 0 0
10 13 2 1 0
10 13 2 2 0
10 13 2 3 0
10 13 2 4 0
10 13 2 5 0
10 13 2 6 0
10 13 2 7 0
10 13 2 8 0
10 13 2 9 0
10 13 2 10 0
10 13 2 11 0
10 13 2 12 0
10 13 2 13 0
10 13 2 14 0
10 13 2 15 0
10 13 3 0 0
10 13 3 1 0
10 13 3 2 0
10 13 3 3 0
10 13 3 4 0
10 13 3 5 0
10 13 3 6 0
10 13 3 7 0
10 13 3 8 0
10 13 3 9 0
10 13 3 10 0
10 13 3 11 0
10 13 3 12 0
10 13 3 13 0
10 13 3 14 0
10 13 3 15 0
10 13 4 0 0
10 13 4 1 0
10 13 4 2 0
10 13 4 3 0
10 13 4 4 0
10 13 4 5 0
10 13 4 6 0
10 13 4 7 0
10 13 4 8 0
10 13 4 9 0
10 13 4 10 0
10 13 4 11 0
10 13 4 12 0
10 13 4 13 0
10 13 4 14 0
10 13 4 15 0
10 13 5 0 0
10 13 5 1 0
10 13 5 2 0
10 13 5 3 0
10 13 5 4 0
10 13 5 5 0
10 13 5 6 0
10 13 5 7 0
10 13 5 8 0
10 13 5 9 0
10 13 5 10 0
10 13 5 11 0
10 13 5 12 0
10 13 5 13 0
10 13 5 14 0
10 13 5 15 0
10 13 6 0 0
10 13 6 1 0
10 13 6 2 0
10 13 6 3 0
10 13 6 4 0
10 13 6 5 0
10 13 6 6 0
10 13 6 7 0
10 13 6 8 0
10 13 6 9 0
10 13 6 10 0
10 13 6 11 0
10 13 6 12 0
10 13 6 13 0
10 13 6 14 0
10 13 6 15 0
10 13 7 0 0
10 13 7 1 0
10 13 7 2 0
10 13 7 3 0
10 13 7 4 0
10 13 7 5 0
10 13 7 6 0
10 13 7 7 0
10 13 7 8 0
10 13 7 9 0
10 13 7 10 0
10 13 7 11 0
10 13 7 12 0
10 13 7 13 0
10 13 7 14 0
10 13 7 15 0
10 13 8 0 0
10 13 8 1 0
10 13 8 2 0
10 13 8 3 0
10 13 8 4 0
10 13 8 5 0
10 13 8 6 0
10 13 8 7 0
10 13 8 8 0
10 13 8 9 0
10 13 8 10 0
10 13 8 11 0
10 13 8 12 0
10 13 8 13 0
10 13 8 14 0
10 13 8 15 0
10 13 9 0 0
10 13 9 1 0
10 13 9 2 0
10 13 9 3 0
10 13 9 4 0
10 13 9 5 0
10 13 9 6 0
10 13 9 7 0
10 13 9 8 0
10 13 9 9 0
10 13 9 10 0
10 13 9 11 0
10 13 9 12 0
10 13 9 13 0
10 13 9 14 0
10 13 9 15 0
10 13 10 0 0
10 13 10 1 0
10 13 10 2 0
10 13 10 3 0
10 13 10 4 0
10 13 10 5 0
10 13 10 6 0
10 13 10 7 0
10 13 10 8 0
10 13 10 9 0
10 13 10 10 0
10 13 10 11 0
10 13 10 12 0
10 13 10 13 0
10 13 10 14 0
10 13 10 15 0
10 13 11 0 0
10 13 11 1 0
10 13 11 2 0
10 13 11 3 0
10 13 11 4 0
10 13 11 5 0
10 13 11 6 0
10 13 11 7 0
10 13 11 8 0
10 13 11 9 0
10 13 11 10 0
10 13 11 11 0
10 13 11 12 0
10 13 11 13 0
10 13 11 14 0
10 13 11 15 0
10 13 12 0 0
10 13 12 1 0
10 13 12 2 0
10 13 12 3 0
10 13 12 4 0
10 13 12 5 0
10 13 12 6 0
10 13 12 7 0
10 13 12 8 0
10 13 12 9 0
10 13 12 10 0
10 13 12 11 0
10 13 12 12 0
10 13 12 13 0
10 13 12 14 0
10 13 12 15 0
10 13 13 0 0
10 13 13 1 0
10 13 13 2 0
10 13 13 3 0
10 13 13 4 0
10 13 13 5 0
10 13 13 6 0
10 13 13 7 0
10 13 13 8 0
10 13 13 9 0
10 13 13 10 0
10 13 13 11 0
10 13 13 12 0
10 13 13 13 0
10 13 13 14 0
10 13 13 15 0
10 13 14 0 0
10 13 14 1 0
10 13 14 2 0
10 13 14 3 0
10 13 14 4 0
10 13 14 5 0
10 13 14 6 0
10 13 14 7 0
10 13 14 8 0
10 13 14 9 0
10 13 14 10 0
10 13 14 11 0
10 13 14 12 0
10 13 14 13 0
10 13 14 14 0
10 13 14 15 0
10 13 15 0 0
10 13 15 1 0
10 13 15 2 0
10 13 15 3 0
10 13 15 4 0
10 13 15 5 0
10 13 15 6 0
10 13 15 7 0
10 13 15 8 0
10 13 15 9 0
10 13 15 10 0
10 13 15 11 0
10 13 15 12 0
10 13 15 13 0
10 13 15 14 0
10 13 15 15 0
10 14 0 0 0
10 14 0 1 0
10 14 0 2 0
10 14 0 3 0
10 14 0 4 0
10 14 0 5 0
10 14 0 6 0
10 14 0 7 0
10 14 0 8 0
10 14 0 9 0
10 14 0 10 0
10 14 0 11 0
10 14 0 12 0
10 14 0 13 0
10 14 0 14 0
10 14 0 15 0
10 14 1 0 0
10 14 1 1 0
10 14 1 2 0
10 14 1 3 0
10 14 1 4 0
10 14 1 5 0
10 14 1 6 0
10 14 1 7 0
10 14 1 8 0
10 14 1 9 0
10 14 1 10 0
10 14 1 11 0
10 14 1 12 0
10 14 1 13 0
10 14 1 14 0
10 14 1 15 0
10 14 2 0 0
10 14 2 1 0
10 14 2 2 0
10 14 2 3 0
10 14 2 4 0
10 14 2 5 0
10 14 2 6 0
10 14 2 7 0
10 14 2 8 0
10 14 2 9 0
10 14 2 10 0
10 14 2 11 0
10 14 2 12 0
10 14 2 13 0
10 14 2 14 0
10 14 2 15 0
10 14 3 0 0
10 14 3 1 0
10 14 3 2 0
10 14 3 3 0
10 14 3 4 0
10 14 3 5 0
10 14 3 6 0
10 14 3 7 0
10 14 3 8 0
10 14 3 9 0
10 14 3 10 0
10 14 3 11 0
10 14 3 12 0
10 14 3 13 0
10 14 3 14 0
10 14 3 15 0
10 14 4 0 0
10 14 4 1 0
10 14 4 2 0
10 14 4 3 0
10 14 4 4 0
10 14 4 5 0
10 14 4 6 0
10 14 4 7 0
10 14 4 8 0
10 14 4 9 0
10 14 4 10 0
10 14 4 11 0
10 14 4 12 0
10 14 4 13 0
10 14 4 14 0
10 14 4 15 0
10 14 5 0 0
10 14 5 1 0
10 14 5 2 0
10 14 5 3 0
10 14 5 4 0
10 14 5 5 0
10 14 5 6 0
10 14 5 7 0
10 14 5 8 0
10 14 5 9 0
10 14 5 10 0
10 14 5 11 0
10 14 5 12 0
10 14 5 13 0
10 14 5 14 0
10 14 5 15 0
10 14 6 0 0
10 14 6 1 0
10 14 6 2 0
10 14 6 3 0
10 14 6 4 0
10 14 6 5 0
10 14 6 6 0
10 14 6 7 0
10 14 6 8 0
10 14 6 9 0
10 14 6 10 0
10 14 6 11 0
10 14 6 12 0
10 14 6 13 0
10 14 6 14 0
10 14 6 15 0
10 14 7 0 0
10 14 7 1 0
10 14 7 2 0
10 14 7 3 0
10 14 7 4 0
10 14 7 5 0
10 14 7 6 0
10 14 7 7 0
10 14 7 8 0
10 14 7 9 0
10 14 7 10 0
10 14 7 11 0
10 14 7 12 0
10 14 7 13 0
10 14 7 14 0
10 14 7 15 0
10 14 8 0 0
10 14 8 1 0
10 14 8 2 0
10 14 8 3 0
10 14 8 4 0
10 14 8 5 0
10 14 8 6 0
10 14 8 7 0
10 14 8 8 0
10 14 8 9 0
10 14 8 10 0
10 14 8 11 0
10 14 8 12 0
10 14 8 13 0
10 14 8 14 0
10 14 8 15 0
10 14 9 0 0
10 14 9 1 0
10 14 9 2 0
10 14 9 3 0
10 14 9 4 0
10 14 9 5 0
10 14 9 6 0
10 14 9 7 0
10 14 9 8 0
10 14 9 9 0
10 14 9 10 0
10 14 9 11 0
10 14 9 12 0
10 14 9 13 0
10 14 9 14 0
10 14 9 15 0
10 14 10 0 0
10 14 10 1 0
10 14 10 2 0
10 14 10 3 0
10 14 10 4 0
10 14 10 5 0
10 14 10 6 0
10 14 10 7 0
10 14 10 8 0
10 14 10 9 0
10 14 10 10 0
10 14 10 11 0
10 14 10 12 0
10 14 10 13 0
10 14 10 14 0
10 14 10 15 0
10 14 11 0 0
10 14 11 1 0
10 14 11 2 0
10 14 11 3 0
10 14 11 4 0
10 14 11 5 0
10 14 11 6 0
10 14 11 7 0
10 14 11 8 0
10 14 11 9 0
10 14 11 10 0
10 14 11 11 0
10 14 11 12 0
10 14 11 13 0
10 14 11 14 0
10 14 11 15 0
10 14 12 0 0
10 14 12 1 0
10 14 12 2 0
10 14 12 3 0
10 14 12 4 0
10 14 12 5 0
10 14 12 6 0
10 14 12 7 0
10 14 12 8 0
10 14 12 9 0
10 14 12 10 0
10 14 12 11 0
10 14 12 12 0
10 14 12 13 0
10 14 12 14 0
10 14 12 15 0
10 14 13 0 0
10 14 13 1 0
10 14 13 2 0
10 14 13 3 0
10 14 13 4 0
10 14 13 5 0
10 14 13 6 0
10 14 13 7 0
10 14 13 8 0
10 14 13 9 0
10 14 13 10 0
10 14 13 11 0
10 14 13 12 0
10 14 13 13 0
10 14 13 14 0
10 14 13 15 0
10 14 14 0 0
10 14 14 1 0
10 14 14 2 0
10 14 14 3 0
10 14 14 4 0
10 14 14 5 0
10 14 14 6 0
10 14 14 7 0
10 14 14 8 0
10 14 14 9 0
10 14 14 10 0
10 14 14 11 0
10 14 14 12 0
10 14 14 13 0
10 14 14 14 0
10 14 14 15 0
10 14 15 0 0
10 14 15 1 0
10 14 15 2 0
10 14 15 3 0
10 14 15 4 0
10 14 15 5 0
10 14 15 6 0
10 14 15 7 0
10 14 15 8 0
10 14 15 9 0
10 14 15 10 0
10 14 15 11 0
10 14 15 12 0
10 14 15 13 0
10 14 15 14 0
10 14 15 15 0
10 15 0 0 0
10 15 0 1 0
10 15 0 2 0
10 15 0 3 0
10 15 0 4 0
10 15 0 5 0
10 15 0 6 0
10 15 0 7 0
10 15 0 8 0
10 15 0 9 0
10 15 0 10 0
10 15 0 11 0
10 15 0 12 0
10 15 0 13 0
10 15 0 14 0
10 15 0 15 0
10 15 1 0 0
10 15 1 1 0
10 15 1 2 0
10 15 1 3 0
10 15 1 4 0
10 15 1 5 0
10 15 1 6 0
10 15 1 7 0
10 15 1 8 0
10 15 1 9 0
10 15 1 10 0
10 15 1 11 0
10 15 1 12 0
10 15 1 13 0
10 15 1 14 0
10 15 1 15 0
10 15 2 0 0
10 15 2 1 0
10 15 2 2 0
10 15 2 3 0
10 15 2 4 0
10 15 2 5 0
10 15 2 6 0
10 15 2 7 0
10 15 2 8 0
10 15 2 9 0
10 15 2 10 0
10 15 2 11 0
10 15 2 12 0
10 15 2 13 0
10 15 2 14 0
10 15 2 15 0
10 15 3 0 0
10 15 3 1 0
10 15 3 2 0
10 15 3 3 0
10 15 3 4 0
10 15 3 5 0
10 15 3 6 0
10 15 3 7 0
10 15 3 8 0
10 15 3 9 0
10 15 3 10 0
10 15 3 11 0
10 15 3 12 0
10 15 3 13 0
10 15 3 14 0
10 15 3 15 0
10 15 4 0 0
10 15 4 1 0
10 15 4 2 0
10 15 4 3 0
10 15 4 4 0
10 15 4 5 0
10 15 4 6 0
10 15 4 7 0
10 15 4 8 0
10 15 4 9 0
10 15 4 10 0
10 15 4 11 0
10 15 4 12 0
10 15 4 13 0
10 15 4 14 0
10 15 4 15 0
10 15 5 0 0
10 15 5 1 0
10 15 5 2 0
10 15 5 3 0
10 15 5 4 0
10 15 5 5 0
10 15 5 6 0
10 15 5 7 0
10 15 5 8 0
10 15 5 9 0
10 15 5 10 0
10 15 5 11 0
10 15 5 12 0
10 15 5 13 0
10 15 5 14 0
10 15 5 15 0
10 15 6 0 0
10 15 6 1 0
10 15 6 2 0
10 15 6 3 0
10 15 6 4 0
10 15 6 5 0
10 15 6 6 0
10 15 6 7 0
10 15 6 8 0
10 15 6 9 0
10 15 6 10 0
10 15 6 11 0
10 15 6 12 0
10 15 6 13 0
10 15 6 14 0
10 15 6 15 0
10 15 7 0 0
10 15 7 1 0
10 15 7 2 0
10 15 7 3 0
10 15 7 4 0
10 15 7 5 0
10 15 7 6 0
10 15 7 7 0
10 15 7 8 0
10 15 7 9 0
10 15 7 10 0
10 15 7 11 0
10 15 7 12 0
10 15 7 13 0
10 15 7 14 0
10 15 7 15 0
10 15 8 0 0
10 15 8 1 0
10 15 8 2 0
10 15 8 3 0
10 15 8 4 0
10 15 8 5 0
10 15 8 6 0
10 15 8 7 0
10 15 8 8 0
10 15 8 9 0
10 15 8 10 0
10 15 8 11 0
10 15 8 12 0
10 15 8 13 0
10 15 8 14 0
10 15 8 15 0
10 15 9 0 0
10 15 9 1 0
10 15 9 2 0
10 15 9 3 0
10 15 9 4 0
10 15 9 5 0
10 15 9 6 0
10 15 9 7 0
10 15 9 8 0
10 15 9 9 0
10 15 9 10 0
10 15 9 11 0
10 15 9 12 0
10 15 9 13 0
10 15 9 14 0
10 15 9 15 0
10 15 10 0 0
10 15 10 1 0
10 15 10 2 0
10 15 10 3 0
10 15 10 4 0
10 15 10 5 0
10 15 10 6 0
10 15 10 7 0
10 15 10 8 0
10 15 10 9 0
10 15 10 10 0
10 15 10 11 0
10 15 10 12 0
10 15 10 13 0
10 15 10 14 0
10 15 10 15 0
10 15 11 0 0
10 15 11 1 0
10 15 11 2 0
10 15 11 3 0
10 15 11 4 0
10 15 11 5 0
10 15 11 6 0
10 15 11 7 0
10 15 11 8 0
10 15 11 9 0
10 15 11 10 0
10 15 11 11 0
10 15 11 12 0
10 15 11 13 0
10 15 11 14 0
10 15 11 15 0
10 15 12 0 0
10 15 12 1 0
10 15 12 2 0
10 15 12 3 0
10 15 12 4 0
10 15 12 5 0
10 15 12 6 0
10 15 12 7 0
10 15 12 8 0
10 15 12 9 0
10 15 12 10 0
10 15 12 11 0
10 15 12 12 0
10 15 12 13 0
10 15 12 14 0
10 15 12 15 0
10 15 13 0 0
10 15 13 1 0
10 15 13 2 0
10 15 13 3 0
10 15 13 4 0
10 15 13 5 0
10 15 13 6 0
10 15 13 7 0
10 15 13 8 0
10 15 13 9 0
10 15 13 10 0
10 15 13 11 0
10 15 13 12 0
10 15 13 13 0
10 15 13 14 0
10 15 13 15 0
10 15 14 0 0
10 15 14 1 0
10 15 14 2 0
10 15 14 3 0
10 15 14 4 0
10 15 14 5 0
10 15 14 6 0
10 15 14 7 0
10 15 14 8 0
10 15 14 9 0
10 15 14 10 0
10 15 14 11 0
10 15 14 12 0
10 15 14 13 0
10 15 14 14 0
10 15 14 15 0
10 15 15 0 0
10 15 15 1 0
10 15 15 2 0
10 15 15 3 0
10 15 15 4 0
10 15 15 5 0
10 15 15 6 0
10 15 15 7 0
10 15 15 8 0
10 15 15 9 0
10 15 15 10 0
10 15 15 11 0
10 15 15 12 0
10 15 15 13 0
10 15 15 14 0
10 15 15 15 0
11 0 0 0 -0.01336439813953341
11 0 0 1 0
11 0 0 2 0.02458708412460262
11 0 0 3 0
11 0 0 4 0
11 0 0 5 0
11 0 0 6 0
11 0 0 7 0
11 0 0 8 0
11 0 0 9 0
11 0 0 10 0
11 0 0 11 -0.0009967679944524828
11 0 0 12 0
11 0 0 13 0
11 0 0 14 0.0005394464571167848
11 0 0 15 0
11 0 1 0 0
11 0 1 1 0
11 0 1 2 0
11 0 1 3 0
11 0 1 4 0
11 0 1 5 0
11 0 1 6 0
11 0 1 7 0
11 0 1 8 0
11 0 1 9 0
11 0 1 10 0
11 0 1 11 0
11 0 1 12 0
11 0 1 13 0
11 0 1 14 0
11 0 1 15 0
11 0 2 0 -0.04917416824920522
11 0 2 1 0
11 0 2 2 0
11 0 2 3 0
11 0 2 4 0
11 0 2 5 0
11 0 2 6 0
11 0 2 7 0
11 0 2 8 0
11 0 2 9 0
11 0 2 10 0
11 0 2 11 0.0003983904758446996
11 0 2 12 0
11 0 2 13 0
11 0 2 14 0
11 0 2 15 0
11 0 3 0 0
11 0 3 1 0
11 0 3 2 0
11 0 3 3 0
11 0 3 4 0
11 0 3 5 0
11 0 3 6 0
11 0 3 7 0
11 0 3 8 0
11 0 3 9 0
11 0 3 10 0
11 0 3 11 0
11 0 3 12 0
11 0 3 13 0
11 0 3 14 0
11 0 3 15 0
11 0 4 0 0
11 0 4 1 0
11 0 4 2 0
11 0 4 3 0
11 0 4 4 0
11 0 4 5 0
11 0 4 6 0
11 0 4 7 0
11 0 4 8 0
11 0 4 9 0
11 0 4 10 0
11 0 4 11 0
11 0 4 12 0
11 0 4 13 0
11 0 4 14 0
11 0 4 15 0
11 0 5 0 0
11 0 5 1 0
11 0 5 2 0
11 0 5 3 0
11 0 5 4 0
11 0 5 5 0
11 0 5 6 0
11 0 5 7 0
11 0 5 8 0
11 0 5 9 0
11 0 5 10 0
11 0 5 11 0
11 0 5 12 0
11 0 5 13 0
11 0 5 14 0
11 0 5 15 0
11 0 6 0 0
11 0 6 1 0
11 0 6 2 0
11 0 6 3 0
11 0 6 4 0
11 0 6 5 0
11 0 6 6 0
11 0 6 7 0
11 0 6 8 0
11 0 6 9 0
11 0 6 10 0
11 0 6 11 0
11 0 6 12 0
11 0 6 13 0
11 0 6 14 0
11 0 6 15 0
11 0 7 0 0
11 0 7 1 0
11 0 7 2 0
11 0 7 3 0
11 0 7 4 0
11 0 7 5 0
11 0 7 6 0
11 0 7 7 0
11 0 7 8 0
11 0 7 9 0
11 0 7 10 0
11 0 7 11 0
11 0 7 12 0
11 0 7 13 0
11 0 7 14 0
11 0 7 15 0
11 0 8 0 0
11 0 8 1 0
11 0 8 2 0
11 0 8 3 0
11 0 8 4 0
11 0 8 5 0
11 0 8 6 0
11 0 8 7 0
11 0 8 8 0
11 0 8 9 0
11 0 8 10 0
11 0 8 11 0
11 0 8 12 0
11 0 8 13 0
11 0 8 14 0
11 0 8 15 0
11 0 9 0 0
11 0 9 1 0
11 0 9 2 0
11 0 9 3 0
11 0 9 4 0
11 0 9 5 0
11 0 9 6 0
11 0 9 7 0
11 0 9 8 0
11 0 9 9 0
11 0 9 10 0
11 0 9 11 0
11 0 9 12 0
11 0 9 13 0
11 0 9 14 0
11 0 9 15 0
11 0 10 0 0
11 0 10 1 0
11 0 10 2 0
11 0 10 3 0
11 0 10 4 0
11 0 10 5 0
11 0 10 6 0
11 0 10 7 0
11 0 10 8 0
11 0 10 9 0
11 0 10 10 0
11 0 10 11 0
11 0 10 12 0
11 0 10 13 0
11 0 10 14 0
11 0 10 15 0
11 0 11 0 0.00171834061943503
11 0 11 1 0
11 0 11 2 -0.0003873954183067261
11 0 11 3 0
11 0 11 4 0
11 0 11 5 0
11 0 11 6 0
11 0 11 7 0
11 0 11 8 0
11 0 11 9 0
11 0 11 10 0
11 0 11 11 0
11 0 11 12 0
11 0 11 13 0
11 0 11 14 0
11 0 11 15 0
11 0 12 0 0
11 0 12 1 0
11 0 12 2 0
11 0 12 3 0
11 0 12 4 0
11 0 12 5 0
11 0 12 6 0
11 0 12 7 0
11 0 12 8 0
11 0 12 9 0
11 0 12 10 0
11 0 12 11 0
11 0 12 12 0
11 0 12 13 0
11 0 12 14 0
11 0 12 15 0
11 0 13 0 0
11 0 13 1 0
11 0 13 2 0
11 0 13 3 0
11 0 13 4 0
11 0 13 5 0
11 0 13 6 0
11 0 13 7 0
11 0 13 8 0
11 0 13 9 0
11 0 13 10 0
11 0 13 11 0
11 0 13 12 0
11 0 13 13 0
11 0 13 14 0
11 0 13 15 0
11 0 14 0 -0.00107889291423357
11 0 14 1 0
11 0 14 2 0
11 0 14 3 0
11 0 14 4 0
11 0 14 5 0
11 0 14 6 0
11 0 14 7 0
11 0 14 8 0
11 0 14 9 0
11 0 14 10 0
11 0 14 11 0
11 0 14 12 0
11 0 14 13 0
11 0 14 14 0
11 0 14 15 0
11 0 15 0 0
11 0 15 1 0
11 0 15 2 0
11 0 15 3 0
11 0 15 4 0
11 0 15 5 0
11 0 15 6 0
11 0 15 7 0
11 0 15 8 0
11 0 15 9 0
11 0 15 10 0
11 0 15 11 0
11 0 15 12 0
11 0 15 13 0
11 0 15 14 0
11 0 15 15 0
11 1 0 0 0
11 1 0 1 -0.02672879627906681
11 1 0 2 0
11 1 0 3 0
11 1 0 4 0
11 1 0 5 0
11 1 0 6 0
11 1 0 7 0
11 1 0 8 0
11 1 0 9 0
11 1 0 10 0
11 1 0 11 0
11 1 0 12 0
11 1 0 13 0
11 1 0 14 0
11 1 0 15 -0.000185394604531509
11 1 1 0 0.01336439813953341
11 1 1 1 0
11 1 1 2 0.02458708412460262
11 1 1 3 0
11 1 1 4 0
11 1 1 5 0
11 1 1 6 0
11 1 1 7 0
11 1 1 8 0
11 1 1 9 0
11 1 1 10 0
11 1 1 11 -0.001209668881451395
11 1 1 12 0
11 1 1 13 0
11 1 1 14 0.0005394464571167848
11 1 1 15 0
11 1 2 0 0
11 1 2 1 -0.04917416824920522
11 1 2 2 0
11 1 2 3 0
11 1 2 4 0
11 1 2 5 0
11 1 2 6 0
11 1 2 7 0
11 1 2 8 0
11 1 2 9 0
11 1 2 10 0
11 1 2 11 0
11 1 2 12 0
11 1 2 13 0
11 1 2 14 0
11 1 2 15 -0.0004074178668104427
11 1 3 0 0
11 1 3 1 0
11 1 3 2 0
11 1 3 3 0
11 1 3 4 0
11 1 3 5 0
11 1 3 6 0
11 1 3 7 0
11 1 3 8 0
11 1 3 9 0
11 1 3 10 0
11 1 3 11 0
11 1 3 12 0
11 1 3 13 0
11 1 3 14 0
11 1 3 15 0
11 1 4 0 0
11 1 4 1 0
11 1 4 2 0
11 1 4 3 0
11 1 4 4 0
11 1 4 5 0
11 1 4 6 0
11 1 4 7 0
11 1 4 8 0
11 1 4 9 0
11 1 4 10 0
11 1 4 11 0
11 1 4 12 0
11 1 4 13 0
11 1 4 14 0
11 1 4 15 0
11 1 5 0 0
11 1 5 1 0
11 1 5 2 0
11 1 5 3 0
11 1 5 4 0
11 1 5 5 0
11 1 5 6 0
11 1 5 7 0
11 1 5 8 0
11 1 5 9 0
11 1 5 10 0
11 1 5 11 0
11 1 5 12 0
11 1 5 13 0
11 1 5 14 0
11 1 5 15 0
11 1 6 0 0
11 1 6 1 0
11 1 6 2 0
11 1 6 3 0
11 1 6 4 0
11 1 6 5 0
11 1 6 6 0
11 1 6 7 0
11 1 6 8 0
11 1 6 9 0
11 1 6 10 0
11 1 6 11 0
11 1 6 12 0
11 1 6 13 0
11 1 6 14 0
11 1 6 15 0
11 1 7 0 0
11 1 7 1 0
11 1 7 2 0
11 1 7 3 0
11 1 7 4 0
11 1 7 5 0
11 1 7 6 0
11 1 7 7 0
11 1 7 8 0
11 1 7 9 0
11 1 7 10 0
11 1 7 11 0
11 1 7 12 0
11 1 7 13 0
11 1 7 14 0
11 1 7 15 0
11 1 8 0 0
11 1 8 1 0
11 1 8 2 0
11 1 8 3 0
11 1 8 4 0
11 1 8 5 0
11 1 8 6 0
11 1 8 7 0
11 1 8 8 0
11 1 8 9 0
11 1 8 10 0
11 1 8 11 0
11 1 8 12 0
11 1 8 13 0
11 1 8 14 0
11 1 8 15 0
11 1 9 0 0
11 1 9 1 0
11 1 9 2 0
11 1 9 3 0
11 1 9 4 0
11 1 9 5 0
11 1 9 6 0
11 1 9 7 0
11 1 9 8 0
11 1 9 9 0
11 1 9 10 0
11 1 9 11 0
11 1 9 12 0
11 1 9 13 0
11 1 9 14 0
11 1 9 15 0
11 1 10 0 0
11 1 10 1 0
11 1 10 2 0
11 1 10 3 0
11 1 10 4 0
11 1 10 5 0
11 1 10 6 0
11 1 10 7 0
11 1 10 8 0
11 1 10 9 0
11 1 10 10 0
11 1 10 11 0
11 1 10 12 0
11 1 10 13 0
11 1 10 14 0
11 1 10 15 0
11 1 11 0 0
11 1 11 1 0.002419337762902791
11 1 11 2 0
11 1 11 3 0
11 1 11 4 0
11 1 11 5 0
11 1 11 6 0
11 1 11 7 0
11 1 11 8 0
11 1 11 9 0
11 1 11 10 0
11 1 11 11 0
11 1 11 12 0
11 1 11 13 0
11 1 11 14 0
11 1 11 15 0
11 1 12 0 0
11 1 12 1 0
11 1 12 2 0
11 1 12 3 0
11 1 12 4 0
11 1 12 5 0
11 1 12 6 0
11 1 12 7 0
11 1 12 8 0
11 1 12 9 0
11 1 12 10 0
11 1 12 11 0
11 1 12 12 0
11 1 12 13 0
11 1 12 14 0
11 1 12 15 0
11 1 13 0 0
11 1 13 1 0
11 1 13 2 0
11 1 13 3 0
11 1 13 4 0
11 1 13 5 0
11 1 13 6 0
11 1 13 7 0
11 1 13 8 0
11 1 13 9 0
11 1 13 10 0
11 1 13 11 0
11 1 13 12 0
11 1 13 13 0
11 1 13 14 0
11 1 13 15 0
11 1 14 0 0
11 1 14 1 -0.00107889291423357
11 1 14 2 0
11 1 14 3 0
11 1 14 4 0
11 1 14 5 0
11 1 14 6 0
11 1 14 7 0
11 1 14 8 0
11 1 14 9 0
11 1 14 10 0
11 1 14 11 0
11 1 14 12 0
11 1 14 13 0
11 1 14 14 0
11 1 14 15 0
11 1 15 0 0.0001668401460530865
11 1 15 1 0
11 1 15 2 0.0002294178087508504
11 1 15 3 0
11 1 15 4 0
11 1 15 5 0
11 1 15 6 0
11 1 15 7 0
11 1 15 8 0
11 1 15 9 0
11 1 15 10 0
11 1 15 11 0
11 1 15 12 0
11 1 15 13 0
11 1 15 14 0
11 1 15 15 0
11 2 0 0 0
11 2 0 1 0
11 2 0 2 -0.02237659714606707
11 2 0 3 0
11 2 0 4 0
11 2 0 5 0
11 2 0 6 0
11 2 0 7 0
11 2 0 8 0
11 2 0 9 0
11 2 0 10 0
11 2 0 11 0.0003983904758446997
11 2 0 12 0
11 2 0 13 0
11 2 0 14 -0.0005308747376568887
11 2 0 15 0
11 2 1 0 0
11 2 1 1 0
11 2 1 2 0
11 2 1 3 0
11 2 1 4 0
11 2 1 5 0
11 2 1 6 0
11 2 1 7 0
11 2 1 8 0
11 2 1 9 0
11 2 1 10 0
11 2 1 11 0
11 2 1 12 0
11 2 1 13 0
11 2 1 14 0
11 2 1 15 0
11 2 2 0 0.01118829857303353
11 2 2 1 0
11 2 2 2 -0.02458708412460262
11 2 2 3 0
11 2 2 4 0
11 2 2 5 0
11 2 2 6 0
11 2 2 7 0
11 2 2 8 0
11 2 2 9 0
11 2 2 10 0
11 2 2 11 -0.0002447042823901148
11 2 2 12 0
11 2 2 13 0
11 2 2 14 -0.0006271886437605096
11 2 2 15 0
11 2 3 0 0
11 2 3 1 0
11 2 3 2 0
11 2 3 3 0
11 2 3 4 0
11 2 3 5 0
11 2 3 6 0
11 2 3 7 0
11 2 3 8 0
11 2 3 9 0
11 2 3 10 0
11 2 3 11 0
11 2 3 12 0
11 2 3 13 0
11 2 3 14 0
11 2 3 15 0
11 2 4 0 0
11 2 4 1 0
11 2 4 2 0
11 2 4 3 0
11 2 4 4 0
11 2 4 5 0
11 2 4 6 0
11 2 4 7 0
11 2 4 8 0
11 2 4 9 0
11 2 4 10 0
11 2 4 11 0
11 2 4 12 0
11 2 4 13 0
11 2 4 14 0
11 2 4 15 0
11 2 5 0 0
11 2 5 1 0
11 2 5 2 0
11 2 5 3 0
11 2 5 4 0
11 2 5 5 0
11 2 5 6 0
11 2 5 7 0
11 2 5 8 0
11 2 5 9 0
11 2 5 10 0
11 2 5 11 0
11 2 5 12 0
11 2 5 13 0
11 2 5 14 0
11 2 5 15 0
11 2 6 0 0
11 2 6 1 0
11 2 6 2 0
11 2 6 3 0
11 2 6 4 0
11 2 6 5 0
11 2 6 6 0
11 2 6 7 0
11 2 6 8 0
11 2 6 9 0
11 2 6 10 0
11 2 6 11 0
11 2 6 12 0
11 2 6 13 0
11 2 6 14 0
11 2 6 15 0
11 2 7 0 0
11 2 7 1 0
11 2 7 2 0
11 2 7 3 0
11 2 7 4 0
11 2 7 5 0
11 2 7 6 0
11 2 7 7 0.01145153715599173
11 2 7 8 0
11 2 7 9 0
11 2 7 10 0
11 2 7 11 0
11 2 7 12 0
11 2 7 13 0
11 2 7 14 0
11 2 7 15 0
11 2 8 0 0
11 2 8 1 0
11 2 8 2 0
11 2 8 3 0
11 2 8 4 0
11 2 8 5 0
11 2 8 6 0
11 2 8 7 0
11 2 8 8 0
11 2 8 9 0
11 2 8 10 0
11 2 8 11 0
11 2 8 12 0
11 2 8 13 0
11 2 8 14 0
11 2 8 15 0
11 2 9 0 0
11 2 9 1 0
11 2 9 2 0
11 2 9 3 0
11 2 9 4 0
11 2 9 5 0
11 2 9 6 0
11 2 9 7 0
11 2 9 8 0
11 2 9 9 0
11 2 9 10 0
11 2 9 11 0
11 2 9 12 0
11 2 9 13 0
11 2 9 14 0
11 2 9 15 0
11 2 10 0 0
11 2 10 1 0
11 2 10 2 0
11 2 10 3 0
11 2 10 4 0
11 2 10 5 0
11 2 10 6 0
11 2 10 7 0
11 2 10 8 0
11 2 10 9 0
11 2 10 10 0
11 2 10 11 0
11 2 10 12 0
11 2 10 13 0
11 2 10 14 0
11 2 10 15 0
11 2 11 0 -0.0003873954183067261
11 2 11 1 0
11 2 11 2 0.001731719798889065
11 2 11 3 0
11 2 11 4 0
11 2 11 5 0
11 2 11 6 0
11 2 11 7 0
11 2 11 8 0
11 2 11 9 0
11 2 11 10 0
11 2 11 11 0
11 2 11 12 0
11 2 11 13 0
11 2 11 14 0
11 2 11 15 0
11 2 12 0 0
11 2 12 1 0
11 2 12 2 0
11 2 12 3 0
11 2 12 4 0
11 2 12 5 0
11 2 12 6 0
11 2 12 7 0
11 2 12 8 0
11 2 12 9 0
11 2 12 10 0
11 2 12 11 0
11 2 12 12 0
11 2 12 13 0
11 2 12 14 0
11 2 12 15 0
11 2 13 0 0
11 2 13 1 0
11 2 13 2 0
11 2 13 3 0
11 2 13 4 0
11 2 13 5 0
11 2 13 6 0
11 2 13 7 0
11 2 13 8 0
11 2 13 9 0
11 2 13 10 0
11 2 13 11 0
11 2 13 12 0
11 2 13 13 0
11 2 13 14 0
11 2 13 15 0
11 2 14 0 9.96296155602795e-05
11 2 14 1 0
11 2 14 2 -0.000539446457116785
11 2 14 3 0
11 2 14 4 0
11 2 14 5 0
11 2 14 6 0
11 2 14 7 0
11 2 14 8 0
11 2 14 9 0
11 2 14 10 0
11 2 14 11 0
11 2 14 12 0
11 2 14 13 0
11 2 14 14 0
11 2 14 15 0
11 2 15 0 0
11 2 15 1 0
11 2 15 2 0
11 2 15 3 0
11 2 15 4 0
11 2 15 5 0
11 2 15 6 0
11 2 15 7 0
11 2 15 8 0
11 2 15 9 0
11 2 15 10 0
11 2 15 11 0
11 2 15 12 0
11 2 15 13 0
11 2 15 14 0
11 2 15 15 0
11 3 0 0 0
11 3 0 1 0
11 3 0 2 0
11 3 0 3 -0.01336439813953341
11 3 0 4 0
11 3 0 5 0
11 3 0 6 0
11 3 0 7 0
11 3 0 8 -0.0008664076782723926
11 3 0 9 0
11 3 0 10 0
11 3 0 11 0
11 3 0 12 0
11 3 0 13 0
11 3 0 14 0
11 3 0 15 0
11 3 1 0 0
11 3 1 1 0
11 3 1 2 0
11 3 1 3 0
11 3 1 4 0
11 3 1 5 0
11 3 1 6 0
11 3 1 7 0
11 3 1 8 0
11 3 1 9 0
11 3 1 10 0
11 3 1 11 0
11 3 1 12 0
11 3 1 13 0
11 3 1 14 0
11 3 1 15 0
11 3 2 0 0
11 3 2 1 0
11 3 2 2 0
11 3 2 3 -0.02458708412460262
11 3 2 4 0
11 3 2 5 0
11 3 2 6 0
11 3 2 7 0
11 3 2 8 -0.001903992669915773
11 3 2 9 0
11 3 2 10 0
11 3 2 11 0
11 3 2 12 0
11 3 2 13 0
11 3 2 14 0
11 3 2 15 0
11 3 3 0 -0.01098335521439823
11 3 3 1 0
11 3 3 2 0.006773078223228328
11 3 3 3 0
11 3 3 4 0
11 3 3 5 0
11 3 3 6 0
11 3 3 7 0
11 3 3 8 0
11 3 3 9 0
11 3 3 10 0
11 3 3 11 -4.042331508920943e-05
11 3 3 12 0
11 3 3 13 0
11 3 3 14 0.0003139231907356097
11 3 3 15 0
11 3 4 0 0
11 3 4 1 0
11 3 4 2 0
11 3 4 3 0
11 3 4 4 0
11 3 4 5 0
11 3 4 6 0
11 3 4 7 0
11 3 4 8 0
11 3 4 9 0
11 3 4 10 0
11 3 4 11 0
11 3 4 12 0
11 3 4 13 0
11 3 4 14 0
11 3 4 15 0
11 3 5 0 0
11 3 5 1 0
11 3 5 2 0
11 3 5 3 0
11 3 5 4 0
11 3 5 5 0
11 3 5 6 0
11 3 5 7 0
11 3 5 8 0
11 3 5 9 0
11 3 5 10 0
11 3 5 11 0
11 3 5 12 0
11 3 5 13 0
11 3 5 14 0
11 3 5 15 0
11 3 6 0 0
11 3 6 1 0
11 3 6 2 0
11 3 6 3 0
11 3 6 4 0
11 3 6 5 0
11 3 6 6 0
11 3 6 7 -0.005141395576886645
11 3 6 8 0
11 3 6 9 0
11 3 6 10 0
11 3 6 11 0
11 3 6 12 0
11 3 6 13 0
11 3 6 14 0
11 3 6 15 0
11 3 7 0 0
11 3 7 1 0
11 3 7 2 0
11 3 7 3 0
11 3 7 4 0
11 3 7 5 0
11 3 7 6 0.0002814200393224601
11 3 7 7 0
11 3 7 8 0
11 3 7 9 0
11 3 7 10 0
11 3 7 11 0
11 3 7 12 0
11 3 7 13 0
11 3 7 14 0
11 3 7 15 0
11 3 8 0 -0.0007384671297031292
11 3 8 1 0
11 3 8 2 0.0005244986035936182
11 3 8 3 0
11 3 8 4 0
11 3 8 5 0
11 3 8 6 0
11 3 8 7 0
11 3 8 8 0
11 3 8 9 0
11 3 8 10 0
11 3 8 11 0
11 3 8 12 0
11 3 8 13 0
11 3 8 14 0
11 3 8 15 0
11 3 9 0 0
11 3 9 1 0
11 3 9 2 0
11 3 9 3 0
11 3 9 4 0
11 3 9 5 0
11 3 9 6 0
11 3 9 7 0
11 3 9 8 0
11 3 9 9 0
11 3 9 10 0
11 3 9 11 0
11 3 9 12 0
11 3 9 13 0
11 3 9 14 0
11 3 9 15 0
11 3 10 0 0
11 3 10 1 0
11 3 10 2 0
11 3 10 3 0
11 3 10 4 0
11 3 10 5 0
11 3 10 6 0
11 3 10 7 0
11 3 10 8 0
11 3 10 9 0
11 3 10 10 0
11 3 10 11 0
11 3 10 12 0
11 3 10 13 0
11 3 10 14 0
11 3 10 15 0
11 3 11 0 0
11 3 11 1 0
11 3 11 2 0
11 3 11 3 0.001209668881451395
11 3 11 4 0
11 3 11 5 0
11 3 11 6 0
11 3 11 7 0
11 3 11 8 0
11 3 11 9 0
11 3 11 10 0
11 3 11 11 0
11 3 11 12 0
11 3 11 13 0
11 3 11 14 0
11 3 11 15 0
11 3 12 0 0
11 3 12 1 0
11 3 12 2 0
11 3 12 3 0
11 3 12 4 0
11 3 12 5 0
11 3 12 6 0
11 3 12 7 0
11 3 12 8 0
11 3 12 9 0
11 3 12 10 0
11 3 12 11 0
11 3 12 12 0
11 3 12 13 0
11 3 12 14 0
11 3 12 15 0
11 3 13 0 0
11 3 13 1 0
11 3 13 2 0
11 3 13 3 0
11 3 13 4 0
11 3 13 5 0
11 3 13 6 0
11 3 13 7 0
11 3 13 8 0
11 3 13 9 0
11 3 13 10 0
11 3 13 11 0
11 3 13 12 0
11 3 13 13 0
11 3 13 14 0
11 3 13 15 0
11 3 14 0 0
11 3 14 1 0
11 3 14 2 0
11 3 14 3 -0.0005394464571167848
11 3 14 4 0
11 3 14 5 0
11 3 14 6 0
11 3 14 7 0
11 3 14 8 0
11 3 14 9 0
11 3 14 10 0
11 3 14 11 0
11 3 14 12 0
11 3 14 13 0
11 3 14 14 0
11 3 14 15 0
11 3 15 0 0
11 3 15 1 0
11 3 15 2 0
11 3 15 3 0
11 3 15 4 0
11 3 15 5 0
11 3 15 6 0
11 3 15 7 0
11 3 15 8 0
11 3 15 9 0
11 3 15 10 0
11 3 15 11 0
11 3 15 12 0
11 3 15 13 0
11 3 15 14 0
11 3 15 15 0
11 4 0 0 0
11 4 0 1 0
11 4 0 2 0
11 4 0 3 0
11 4 0 4 -0.01336439813953341
11 4 0 5 0
11 4 0 6 0
11 4 0 7 0
11 4 0 8 0
11 4 0 9 -0.0008513818696443964
11 4 0 10 0
11 4 0 11 0
11 4 0 12 0
11 4 0 13 0
11 4 0 14 0
11 4 0 15 0
11 4 1 0 0
11 4 1 1 0
11 4 1 2 0
11 4 1 3 0
11 4 1 4 0
11 4 1 5 0
11 4 1 6 0
11 4 1 7 0
11 4 1 8 0
11 4 1 9 0
11 4 1 10 0
11 4 1 11 0
11 4 1 12 0
11 4 1 13 0
11 4 1 14 0
11 4 1 15 0
11 4 2 0 0
11 4 2 1 0
11 4 2 2 0
11 4 2 3 0
11 4 2 4 -0.02458708412460262
11 4 2 5 0
11 4 2 6 0
11 4 2 7 0
11 4 2 8 0
11 4 2 9 -0.001870972383733282
11 4 2 10 0
11 4 2 11 0
11 4 2 12 0
11 4 2 13 0
11 4 2 14 0
11 4 2 15 0
11 4 3 0 0
11 4 3 1 0
11 4 3 2 0
11 4 3 3 0
11 4 3 4 0
11 4 3 5 0
11 4 3 6 0
11 4 3 7 0
11 4 3 8 0
11 4 3 9 0
11 4 3 10 0
11 4 3 11 0
11 4 3 12 0
11 4 3 13 0
11 4 3 14 0
11 4 3 15 0
11 4 4 0 -0.0110461248250297
11 4 4 1 0
11 4 4 2 0.008090281131747243
11 4 4 3 0
11 4 4 4 0
11 4 4 5 0
11 4 4 6 0
11 4 4 7 0
11 4 4 8 0
11 4 4 9 0
11 4 4 10 0
11 4 4 11 -0.000102051449917732
11 4 4 12 0
11 4 4 13 0
11 4 4 14 0.0004227660658761397
11 4 4 15 0
11 4 5 0 0
11 4 5 1 0
11 4 5 2 0
11 4 5 3 0
11 4 5 4 0
11 4 5 5 0
11 4 5 6 0
11 4 5 7 0
11 4 5 8 0
11 4 5 9 0
11 4 5 10 0
11 4 5 11 0
11 4 5 12 0
11 4 5 13 0
11 4 5 14 0
11 4 5 15 0
11 4 6 0 0
11 4 6 1 0
11 4 6 2 0
11 4 6 3 0
11 4 6 4 0
11 4 6 5 0
11 4 6 6 0
11 4 6 7 0
11 4 6 8 0
11 4 6 9 0
11 4 6 10 0
11 4 6 11 0
11 4 6 12 0
11 4 6 13 0
11 4 6 14 0
11 4 6 15 0
11 4 7 0 0
11 4 7 1 0
11 4 7 2 0
11 4 7 3 0
11 4 7 4 0
11 4 7 5 0
11 4 7 6 0
11 4 7 7 0
11 4 7 8 0
11 4 7 9 0
11 4 7 10 0
11 4 7 11 0
11 4 7 12 0
11 4 7 13 0
11 4 7 14 0
11 4 7 15 0
11 4 8 0 0
11 4 8 1 0
11 4 8 2 0
11 4 8 3 0
11 4 8 4 0
11 4 8 5 0
11 4 8 6 0
11 4 8 7 0
11 4 8 8 0
11 4 8 9 0
11 4 8 10 0
11 4 8 11 0
11 4 8 12 0
11 4 8 13 0
11 4 8 14 0
11 4 8 15 0
11 4 9 0 -0.0007307575911964721
11 4 9 1 0
11 4 9 2 0.0006156359370402642
11 4 9 3 0
11 4 9 4 0
11 4 9 5 0
11 4 9 6 0
11 4 9 7 0
11 4 9 8 0
11 4 9 9 0
11 4 9 10 0
11 4 9 11 0
11 4 9 12 0
11 4 9 13 0
11 4 9 14 0
11 4 9 15 0
11 4 10 0 0
11 4 10 1 0
11 4 10 2 0
11 4 10 3 0
11 4 10 4 0
11 4 10 5 0
11 4 10 6 0
11 4 10 7 0
11 4 10 8 0
11 4 10 9 0
11 4 10 10 0
11 4 10 11 0
11 4 10 12 0
11 4 10 13 0
11 4 10 14 0
11 4 10 15 0
11 4 11 0 0
11 4 11 1 0
11 4 11 2 0
11 4 11 3 0
11 4 11 4 0.001209668881451395
11 4 11 5 0
11 4 11 6 0
11 4 11 7 0
11 4 11 8 0
11 4 11 9 0
11 4 11 10 0
11 4 11 11 0
11 4 11 12 0
11 4 11 13 0
11 4 11 14 0
11 4 11 15 0
11 4 12 0 0
11 4 12 1 0
11 4 12 2 0
11 4 12 3 0
11 4 12 4 0
11 4 12 5 0
11 4 12 6 0
11 4 12 7 0
11 4 12 8 0
11 4 12 9 0
11 4 12 10 0
11 4 12 11 0
11 4 12 12 0
11 4 12 13 0
11 4 12 14 0
11 4 12 15 0
11 4 13 0 0
11 4 13 1 0
11 4 13 2 0
11 4 13 3 0
11 4 13 4 0
11 4 13 5 0
11 4 13 6 0
11 4 13 7 0
11 4 13 8 0
11 4 13 9 0
11 4 13 10 0
11 4 13 11 0
11 4 13 12 0
11 4 13 13 0
11 4 13 14 0
11 4 13 15 0
11 4 14 0 0
11 4 14 1 0
11 4 14 2 0
11 4 14 3 0
11 4 14 4 -0.0005394464571167848
11 4 14 5 0
11 4 14 6 0
11 4 14 7 0
11 4 14 8 0
11 4 14 9 0
11 4 14 10 0
11 4 14 11 0
11 4 14 12 0
11 4 14 13 0
11 4 14 14 0
11 4 14 15 0
11 4 15 0 0
11 4 15 1 0
11 4 15 2 0
11 4 15 3 0
11 4 15 4 0
11 4 15 5 0
11 4 15 6 0
11 4 15 7 0
11 4 15 8 0
11 4 15 9 0
11 4 15 10 0
11 4 15 11 0
11 4 15 12 0
11 4 15 13 0
11 4 15 14 0
11 4 15 15 0
11 5 0 0 0
11 5 0 1 0
11 5 0 2 0
11 5 0 3 0
11 5 0 4 0
11 5 0 5 -0.01336439813953341
11 5 0 6 0
11 5 0 7 0
11 5 0 8 0
11 5 0 9 0
11 5 0 10 0
11 5 0 11 0
11 5 0 12 -0.0007942700213403632
11 5 0 13 0
11 5 0 14 0
11 5 0 15 0
11 5 1 0 0
11 5 1 1 0
11 5 1 2 0
11 5 1 3 0
11 5 1 4 0
11 5 1 5 0
11 5 1 6 0
11 5 1 7 0
11 5 1 8 0
11 5 1 9 0
11 5 1 10 0
11 5 1 11 0
11 5 1 12 0
11 5 1 13 0
11 5 1 14 0
11 5 1 15 0
11 5 2 0 0
11 5 2 1 0
11 5 2 2 0
11 5 2 3 0
11 5 2 4 0
11 5 2 5 -0.02458708412460262
11 5 2 6 0
11 5 2 7 0
11 5 2 8 0
11 5 2 9 0
11 5 2 10 0
11 5 2 11 0
11 5 2 12 -0.001745465023557241
11 5 2 13 0
11 5 2 14 0
11 5 2 15 0
11 5 3 0 0
11 5 3 1 0
11 5 3 2 0
11 5 3 3 0
11 5 3 4 0
11 5 3 5 0
11 5 3 6 0
11 5 3 7 0
11 5 3 8 0
11 5 3 9 0
11 5 3 10 0
11 5 3 11 0
11 5 3 12 0
11 5 3 13 0
11 5 3 14 0
11 5 3 15 0
11 5 4 0 0
11 5 4 1 0
11 5 4 2 0
11 5 4 3 0
11 5 4 4 0
11 5 4 5 0
11 5 4 6 0
11 5 4 7 -0.002272481069923738
11 5 4 8 0
11 5 4 9 0
11 5 4 10 0
11 5 4 11 0
11 5 4 12 0
11 5 4 13 0
11 5 4 14 0
11 5 4 15 0
11 5 5 0 -0.01385759890257165
11 5 5 1 0
11 5 5 2 0.005424679128907929
11 5 5 3 0
11 5 5 4 0
11 5 5 5 0
11 5 5 6 0
11 5 5 7 0
11 5 5 8 0
11 5 5 9 0
11 5 5 10 0
11 5 5 11 0.0002073101227697789
11 5 5 12 0
11 5 5 13 0
11 5 5 14 0.000124308445187197
11 5 5 15 0
11 5 6 0 0
11 5 6 1 0
11 5 6 2 0
11 5 6 3 0
11 5 6 4 0
11 5 6 5 0
11 5 6 6 0
11 5 6 7 0
11 5 6 8 0
11 5 6 9 0
11 5 6 10 0
11 5 6 11 0
11 5 6 12 0
11 5 6 13 0
11 5 6 14 0
11 5 6 15 0
11 5 7 0 0
11 5 7 1 0
11 5 7 2 0
11 5 7 3 0
11 5 7 4 -0.0003671941826562768
11 5 7 5 0
11 5 7 6 0
11 5 7 7 0
11 5 7 8 0
11 5 7 9 0
11 5 7 10 0
11 5 7 11 0
11 5 7 12 0
11 5 7 13 0
11 5 7 14 0
11 5 7 15 0
11 5 8 0 0
11 5 8 1 0
11 5 8 2 0
11 5 8 3 0
11 5 8 4 0
11 5 8 5 0
11 5 8 6 0
11 5 8 7 0
11 5 8 8 0
11 5 8 9 0
11 5 8 10 0
11 5 8 11 0
11 5 8 12 0
11 5 8 13 0
11 5 8 14 0
11 5 8 15 0
11 5 9 0 0
11 5 9 1 0
11 5 9 2 0
11 5 9 3 0
11 5 9 4 0
11 5 9 5 0
11 5 9 6 0
11 5 9 7 0
11 5 9 8 0
11 5 9 9 0
11 5 9 10 0
11 5 9 11 0
11 5 9 12 0
11 5 9 13 0
11 5 9 14 0
11 5 9 15 0
11 5 10 0 0
11 5 10 1 0
11 5 10 2 0
11 5 10 3 0
11 5 10 4 0
11 5 10 5 0
11 5 10 6 0
11 5 10 7 0
11 5 10 8 0
11 5 10 9 0
11 5 10 10 0
11 5 10 11 0
11 5 10 12 0
11 5 10 13 0
11 5 10 14 0
11 5 10 15 0
11 5 11 0 0
11 5 11 1 0
11 5 11 2 0
11 5 11 3 0
11 5 11 4 0
11 5 11 5 0.001209668881451395
11 5 11 6 0
11 5 11 7 0
11 5 11 8 0
11 5 11 9 0
11 5 11 10 0
11 5 11 11 0
11 5 11 12 0
11 5 11 13 0
11 5 11 14 0
11 5 11 15 0
11 5 12 0 -0.0008390351938217992
11 5 12 1 0
11 5 12 2 0.0003851041317280556
11 5 12 3 0
11 5 12 4 0
11 5 12 5 0
11 5 12 6 0
11 5 12 7 0
11 5 12 8 0
11 5 12 9 0
11 5 12 10 0
11 5 12 11 0
11 5 12 12 0
11 5 12 13 0
11 5 12 14 0
11 5 12 15 0
11 5 13 0 0
11 5 13 1 0
11 5 13 2 0
11 5 13 3 0
11 5 13 4 0
11 5 13 5 0
11 5 13 6 0
11 5 13 7 0
11 5 13 8 0
11 5 13 9 0
11 5 13 10 0
11 5 13 11 0
11 5 13 12 0
11 5 13 13 0
11 5 13 14 0
11 5 13 15 0
11 5 14 0 0
11 5 14 1 0
11 5 14 2 0
11 5 14 3 0
11 5 14 4 0
11 5 14 5 -0.0005394464571167848
11 5 14 6 0
11 5 14 7 0
11 5 14 8 0
11 5 14 9 0
11 5 14 10 0
11 5 14 11 0
11 5 14 12 0
11 5 14 13 0
11 5 14 14 0
11 5 14 15 0
11 5 15 0 0
11 5 15 1 0
11 5 15 2 0
11 5 15 3 0
11 5 15 4 0
11 5 15 5 0
11 5 15 6 0
11 5 15 7 0
11 5 15 8 0
11 5 15 9 0
11 5 15 10 0
11 5 15 11 0
11 5 15 12 0
11 5 15 13 0
11 5 15 14 0
11 5 15 15 0
11 6 0 0 0
11 6 0 1 0
11 6 0 2 0
11 6 0 3 0
11 6 0 4 0
11 6 0 5 0
11 6 0 6 -0.0133643981395334
11 6 0 7 0
11 6 0 8 0
11 6 0 9 0
11 6 0 10 0
11 6 0 11 0
11 6 0 12 0
11 6 0 13 -0.0008041747077891207
11 6 0 14 0
11 6 0 15 0
11 6 1 0 0
11 6 1 1 0
11 6 1 2 0
11 6 1 3 0
11 6 1 4 0
11 6 1 5 0
11 6 1 6 0
11 6 1 7 0
11 6 1 8 0
11 6 1 9 0
11 6 1 10 0
11 6 1 11 0
11 6 1 12 0
11 6 1 13 0
11 6 1 14 0
11 6 1 15 0
11 6 2 0 0
11 6 2 1 0
11 6 2 2 0
11 6 2 3 0
11 6 2 4 0
11 6 2 5 0
11 6 2 6 -0.02458708412460262
11 6 2 7 0
11 6 2 8 0
11 6 2 9 0
11 6 2 10 0
11 6 2 11 0
11 6 2 12 0
11 6 2 13 -0.001767231278484542
11 6 2 14 0
11 6 2 15 0
11 6 3 0 0
11 6 3 1 0
11 6 3 2 0
11 6 3 3 0
11 6 3 4 0
11 6 3 5 0
11 6 3 6 0
11 6 3 7 -0.005978898122593404
11 6 3 8 0
11 6 3 9 0
11 6 3 10 0
11 6 3 11 0
11 6 3 12 0
11 6 3 13 0
11 6 3 14 0
11 6 3 15 0
11 6 4 0 0
11 6 4 1 0
11 6 4 2 0
11 6 4 3 0
11 6 4 4 0
11 6 4 5 0
11 6 4 6 0
11 6 4 7 0
11 6 4 8 0
11 6 4 9 0
11 6 4 10 0
11 6 4 11 0
11 6 4 12 0
11 6 4 13 0
11 6 4 14 0
11 6 4 15 0
11 6 5 0 0
11 6 5 1 0
11 6 5 2 0
11 6 5 3 0
11 6 5 4 0
11 6 5 5 0
11 6 5 6 0
11 6 5 7 0
11 6 5 8 0
11 6 5 9 0
11 6 5 10 0
11 6 5 11 0
11 6 5 12 0
11 6 5 13 0
11 6 5 14 0
11 6 5 15 0
11 6 6 0 -0.01392408105096847
11 6 6 1 0
11 6 6 2 0.005741546644003982
11 6 6 3 0
11 6 6 4 0
11 6 6 5 0
11 6 6 6 0
11 6 6 7 0
11 6 6 8 0
11 6 6 9 0
11 6 6 10 0
11 6 6 11 0.0001942898220557889
11 6 6 12 0
11 6 6 13 0
11 6 6 14 0.0001868105624521657
11 6 6 15 0
11 6 7 0 0
11 6 7 1 0
11 6 7 2 0
11 6 7 3 -0.0003462119781797355
11 6 7 4 0
11 6 7 5 0
11 6 7 6 0
11 6 7 7 0
11 6 7 8 0
11 6 7 9 0
11 6 7 10 0
11 6 7 11 0
11 6 7 12 0
11 6 7 13 0
11 6 7 14 0
11 6 7 15 0
11 6 8 0 0
11 6 8 1 0
11 6 8 2 0
11 6 8 3 0
11 6 8 4 0
11 6 8 5 0
11 6 8 6 0
11 6 8 7 0
11 6 8 8 0
11 6 8 9 0
11 6 8 10 0
11 6 8 11 0
11 6 8 12 0
11 6 8 13 0
11 6 8 14 0
11 6 8 15 0
11 6 9 0 0
11 6 9 1 0
11 6 9 2 0
11 6 9 3 0
11 6 9 4 0
11 6 9 5 0
11 6 9 6 0
11 6 9 7 0
11 6 9 8 0
11 6 9 9 0
11 6 9 10 0
11 6 9 11 0
11 6 9 12 0
11 6 9 13 0
11 6 9 14 0
11 6 9 15 0
11 6 10 0 0
11 6 10 1 0
11 6 10 2 0
11 6 10 3 0
11 6 10 4 0
11 6 10 5 0
11 6 10 6 0
11 6 10 7 0
11 6 10 8 0
11 6 10 9 0
11 6 10 10 0
11 6 10 11 0
11 6 10 12 0
11 6 10 13 0
11 6 10 14 0
11 6 10 15 0
11 6 11 0 0
11 6 11 1 0
11 6 11 2 0
11 6 11 3 0
11 6 11 4 0
11 6 11 5 0
11 6 11 6 0.001209668881451395
11 6 11 7 0
11 6 11 8 0
11 6 11 9 0
11 6 11 10 0
11 6 11 11 0
11 6 11 12 0
11 6 11 13 0
11 6 11 14 0
11 6 11 15 0
11 6 12 0 0
11 6 12 1 0
11 6 12 2 0
11 6 12 3 0
11 6 12 4 0
11 6 12 5 0
11 6 12 6 0
11 6 12 7 0
11 6 12 8 0
11 6 12 9 0
11 6 12 10 0
11 6 12 11 0
11 6 12 12 0
11 6 12 13 0
11 6 12 14 0
11 6 12 15 0
11 6 13 0 -0.0008541723898991104
11 6 13 1 0
11 6 13 2 0.0004126817464299779
11 6 13 3 0
11 6 13 4 0
11 6 13 5 0
11 6 13 6 0
11 6 13 7 0
11 6 13 8 0
11 6 13 9 0
11 6 13 10 0
11 6 13 11 0
11 6 13 12 0
11 6 13 13 0
11 6 13 14 0
11 6 13 15 0
11 6 14 0 0
11 6 14 1 0
11 6 14 2 0
11 6 14 3 0
11 6 14 4 0
11 6 14 5 0
11 6 14 6 -0.0005394464571167848
11 6 14 7 0
11 6 14 8 0
11 6 14 9 0
11 6 14 10 0
11 6 14 11 0
11 6 14 12 0
11 6 14 13 0
11 6 14 14 0
11 6 14 15 0
11 6 15 0 0
11 6 15 1 0
11 6 15 2 0
11 6 15 3 0
11 6 15 4 0
11 6 15 5 0
11 6 15 6 0
11 6 15 7 0
11 6 15 8 0
11 6 15 9 0
11 6 15 10 0
11 6 15 11 0
11 6 15 12 0
11 6 15 13 0
11 6 15 14 0
11 6 15 15 0
11 7 0 0 0
11 7 0 1 0
11 7 0 2 0
11 7 0 3 0
11 7 0 4 0
11 7 0 5 0
11 7 0 6 0
11 7 0 7 -0.004352199132999743
11 7 0 8 0
11 7 0 9 0
11 7 0 10 0
11 7 0 11 0
11 7 0 12 0
11 7 0 13 0
11 7 0 14 0
11 7 0 15 0
11 7 1 0 0
11 7 1 1 0
11 7 1 2 0
11 7 1 3 0
11 7 1 4 0
11 7 1 5 0
11 7 1 6 0
11 7 1 7 0
11 7 1 8 0
11 7 1 9 0
11 7 1 10 0
11 7 1 11 0
11 7 1 12 0
11 7 1 13 0
11 7 1 14 0
11 7 1 15 0
11 7 2 0 0
11 7 2 1 0
11 7 2 2 0
11 7 2 3 0
11 7 2 4 0
11 7 2 5 0
11 7 2 6 0
11 7 2 7 0
11 7 2 8 0
11 7 2 9 0
11 7 2 10 0
11 7 2 11 0
11 7 2 12 0
11 7 2 13 0
11 7 2 14 0
11 7 2 15 0
11 7 3 0 0
11 7 3 1 0
11 7 3 2 0
11 7 3 3 0
11 7 3 4 0
11 7 3 5 0
11 7 3 6 0
11 7 3 7 0
11 7 3 8 0
11 7 3 9 0
11 7 3 10 0
11 7 3 11 0
11 7 3 12 0
11 7 3 13 0
11 7 3 14 0
11 7 3 15 0
11 7 4 0 0
11 7 4 1 0
11 7 4 2 0
11 7 4 3 0
11 7 4 4 0
11 7 4 5 0
11 7 4 6 0
11 7 4 7 0
11 7 4 8 0
11 7 4 9 0
11 7 4 10 0
11 7 4 11 0
11 7 4 12 0
11 7 4 13 0
11 7 4 14 0
11 7 4 15 0
11 7 5 0 0
11 7 5 1 0
11 7 5 2 0
11 7 5 3 0
11 7 5 4 0
11 7 5 5 0
11 7 5 6 0
11 7 5 7 0
11 7 5 8 0
11 7 5 9 0
11 7 5 10 0
11 7 5 11 0
11 7 5 12 0
11 7 5 13 0
11 7 5 14 0
11 7 5 15 0
11 7 6 0 0
11 7 6 1 0
11 7 6 2 0
11 7 6 3 0
11 7 6 4 0
11 7 6 5 0
11 7 6 6 0
11 7 6 7 0
11 7 6 8 0
11 7 6 9 0
11 7 6 10 0
11 7 6 11 0
11 7 6 12 0
11 7 6 13 0
11 7 6 14 0
11 7 6 15 0
11 7 7 0 0.002176099566499872
11 7 7 1 0
11 7 7 2 0
11 7 7 3 0
11 7 7 4 0
11 7 7 5 0
11 7 7 6 0
11 7 7 7 0
11 7 7 8 0
11 7 7 9 0
11 7 7 10 0
11 7 7 11 -8.947311301504615e-05
11 7 7 12 0
11 7 7 13 0
11 7 7 14 0
11 7 7 15 0
11 7 8 0 0
11 7 8 1 0
11 7 8 2 0
11 7 8 3 0
11 7 8 4 0
11 7 8 5 0
11 7 8 6 0
11 7 8 7 0
11 7 8 8 0
11 7 8 9 0
11 7 8 10 0
11 7 8 11 0
11 7 8 12 0
11 7 8 13 0
11 7 8 14 0
11 7 8 15 0
11 7 9 0 0
11 7 9 1 0
11 7 9 2 0
11 7 9 3 0
11 7 9 4 0
11 7 9 5 0
11 7 9 6 0
11 7 9 7 0
11 7 9 8 0
11 7 9 9 0
11 7 9 10 0
11 7 9 11 0
11 7 9 12 0
11 7 9 13 0
11 7 9 14 0
11 7 9 15 0
11 7 10 0 0
11 7 10 1 0
11 7 10 2 0
11 7 10 3 0
11 7 10 4 0
11 7 10 5 0
11 7 10 6 0
11 7 10 7 0
11 7 10 8 0
11 7 10 9 0
11 7 10 10 0
11 7 10 11 0
11 7 10 12 0
11 7 10 13 0
11 7 10 14 0
11 7 10 15 0
11 7 11 0 0
11 7 11 1 0
11 7 11 2 0
11 7 11 3 0
11 7 11 4 0
11 7 11 5 0
11 7 11 6 0
11 7 11 7 0.0001789462260300923
11 7 11 8 0
11 7 11 9 0
11 7 11 10 0
11 7 11 11 0
11 7 11 12 0
11 7 11 13 0
11 7 11 14 0
11 7 11 15 0
11 7 12 0 0
11 7 12 1 0
11 7 12 2 0
11 7 12 3 0
11 7 12 4 0
11 7 12 5 0
11 7 12 6 0
11 7 12 7 0
11 7 12 8 0
11 7 12 9 0
11 7 12 10 0
11 7 12 11 0
11 7 12 12 0
11 7 12 13 0
11 7 12 14 0
11 7 12 15 0
11 7 13 0 0
11 7 13 1 0
11 7 13 2 0
11 7 13 3 0
11 7 13 4 0
11 7 13 5 0
11 7 13 6 0
11 7 13 7 0
11 7 13 8 0
11 7 13 9 0
11 7 13 10 0
11 7 13 11 0
11 7 13 12 0
11 7 13 13 0
11 7 13 14 0
11 7 13 15 0
11 7 14 0 0
11 7 14 1 0
11 7 14 2 0
11 7 14 3 0
11 7 14 4 0
11 7 14 5 0
11 7 14 6 0
11 7 14 7 0
11 7 14 8 0
11 7 14 9 0
11 7 14 10 0
11 7 14 11 0
11 7 14 12 0
11 7 14 13 0
11 7 14 14 0
11 7 14 15 0
11 7 15 0 0
11 7 15 1 0
11 7 15 2 0
11 7 15 3 0
11 7 15 4 0
11 7 15 5 0
11 7 15 6 0
11 7 15 7 0
11 7 15 8 0
11 7 15 9 0
11 7 15 10 0
11 7 15 11 0
11 7 15 12 0
11 7 15 13 0
11 7 15 14 0
11 7 15 15 0
11 8 0 0 0
11 8 0 1 0
11 8 0 2 0
11 8 0 3 0
11 8 0 4 0
11 8 0 5 0
11 8 0 6 0
11 8 0 7 0
11 8 0 8 0
11 8 0 9 0
11 8 0 10 0
11 8 0 11 0
11 8 0 12 0
11 8 0 13 0
11 8 0 14 0
11 8 0 15 0
11 8 1 0 0
11 8 1 1 0
11 8 1 2 0
11 8 1 3 0
11 8 1 4 0
11 8 1 5 0
11 8 1 6 0
11 8 1 7 0
11 8 1 8 0
11 8 1 9 0
11 8 1 10 0
11 8 1 11 0
11 8 1 12 0
11 8 1 13 0
11 8 1 14 0
11 8 1 15 0
11 8 2 0 0
11 8 2 1 0
11 8 2 2 0
11 8 2 3 0
11 8 2 4 0
11 8 2 5 0
11 8 2 6 0
11 8 2 7 0
11 8 2 8 0
11 8 2 9 0
11 8 2 10 0
11 8 2 11 0
11 8 2 12 0
11 8 2 13 0
11 8 2 14 0
11 8 2 15 0
11 8 3 0 0
11 8 3 1 0
11 8 3 2 0
11 8 3 3 0
11 8 3 4 0
11 8 3 5 0
11 8 3 6 0
11 8 3 7 0
11 8 3 8 0
11 8 3 9 0
11 8 3 10 0
11 8 3 11 0
11 8 3 12 0
11 8 3 13 0
11 8 3 14 0
11 8 3 15 0
11 8 4 0 0
11 8 4 1 0
11 8 4 2 0
11 8 4 3 0
11 8 4 4 0
11 8 4 5 0
11 8 4 6 0
11 8 4 7 0
11 8 4 8 0
11 8 4 9 0
11 8 4 10 0
11 8 4 11 0
11 8 4 12 0
11 8 4 13 0
11 8 4 14 0
11 8 4 15 0
11 8 5 0 0
11 8 5 1 0
11 8 5 2 0
11 8 5 3 0
11 8 5 4 0
11 8 5 5 0
11 8 5 6 0
11 8 5 7 0
11 8 5 8 0
11 8 5 9 0
11 8 5 10 0
11 8 5 11 0
11 8 5 12 0
11 8 5 13 0
11 8 5 14 0
11 8 5 15 0
11 8 6 0 0
11 8 6 1 0
11 8 6 2 0
11 8 6 3 0
11 8 6 4 0
11 8 6 5 0
11 8 6 6 0
11 8 6 7 0
11 8 6 8 0
11 8 6 9 0
11 8 6 10 0
11 8 6 11 0
11 8 6 12 0
11 8 6 13 0
11 8 6 14 0
11 8 6 15 0
11 8 7 0 0
11 8 7 1 0
11 8 7 2 0
11 8 7 3 0
11 8 7 4 0
11 8 7 5 0
11 8 7 6 0
11 8 7 7 0
11 8 7 8 0
11 8 7 9 0
11 8 7 10 0
11 8 7 11 0
11 8 7 12 0
11 8 7 13 0
11 8 7 14 0
11 8 7 15 0
11 8 8 0 0
11 8 8 1 0
11 8 8 2 0
11 8 8 3 0
11 8 8 4 0
11 8 8 5 0
11 8 8 6 0
11 8 8 7 0
11 8 8 8 0
11 8 8 9 0
11 8 8 10 0
11 8 8 11 0
11 8 8 12 0
11 8 8 13 0
11 8 8 14 0
11 8 8 15 0
11 8 9 0 0
11 8 9 1 0
11 8 9 2 0
11 8 9 3 0
11 8 9 4 0
11 8 9 5 0
11 8 9 6 0
11 8 9 7 0
11 8 9 8 0
11 8 9 9 0
11 8 9 10 0
11 8 9 11 0
11 8 9 12 0
11 8 9 13 0
11 8 9 14 0
11 8 9 15 0
11 8 10 0 0
11 8 10 1 0
11 8 10 2 0
11 8 10 3 0
11 8 10 4 0
11 8 10 5 0
11 8 10 6 0
11 8 10 7 0
11 8 10 8 0
11 8 10 9 0
11 8 10 10 0
11 8 10 11 0
11 8 10 12 0
11 8 10 13 0
11 8 10 14 0
11 8 10 15 0
11 8 11 0 0
11 8 11 1 0
11 8 11 2 0
11 8 11 3 0
11 8 11 4 0
11 8 11 5 0
11 8 11 6 0
11 8 11 7 0
11 8 11 8 0
11 8 11 9 0
11 8 11 10 0
11 8 11 11 0
11 8 11 12 0
11 8 11 13 0
11 8 11 14 0
11 8 11 15 0
11 8 12 0 0
11 8 12 1 0
11 8 12 2 0
11 8 12 3 0
11 8 12 4 0
11 8 12 5 0
11 8 12 6 0
11 8 12 7 0
11 8 12 8 0
11 8 12 9 0
11 8 12 10 0
11 8 12 11 0
11 8 12 12 0
11 8 12 13 0
11 8 12 14 0
11 8 12 15 0
11 8 13 0 0
11 8 13 1 0
11 8 13 2 0
11 8 13 3 0
11 8 13 4 0
11 8 13 5 0
11 8 13 6 0
11 8 13 7 0
11 8 13 8 0
11 8 13 9 0
11 8 13 10 0
11 8 13 11 0
11 8 13 12 0
11 8 13 13 0
11 8 13 14 0
11 8 13 15 0
11 8 14 0 0
11 8 14 1 0
11 8 14 2 0
11 8 14 3 0
11 8 14 4 0
11 8 14 5 0
11 8 14 6 0
11 8 14 7 0
11 8 14 8 0
11 8 14 9 0
11 8 14 10 0
11 8 14 11 0
11 8 14 12 0
11 8 14 13 0
11 8 14 14 0
11 8 14 15 0
11 8 15 0 0
11 8 15 1 0
11 8 15 2 0
11 8 15 3 0
11 8 15 4 0
11 8 15 5 0
11 8 15 6 0
11 8 15 7 0
11 8 15 8 0
11 8 15 9 0
11 8 15 10 0
11 8 15 11 0
11 8 15 12 0
11 8 15 13 0
11 8 15 14 0
11 8 15 15 0
11 9 0 0 0
11 9 0 1 0
11 9 0 2 0
11 9 0 3 0
11 9 0 4 0
11 9 0 5 0
11 9 0 6 0
11 9 0 7 0
11 9 0 8 0
11 9 0 9 0
11 9 0 10 0
11 9 0 11 0
11 9 0 12 0
11 9 0 13 0
11 9 0 14 0
11 9 0 15 0
11 9 1 0 0
11 9 1 1 0
11 9 1 2 0
11 9 1 3 0
11 9 1 4 0
11 9 1 5 0
11 9 1 6 0
11 9 1 7 0
11 9 1 8 0
11 9 1 9 0
11 9 1 10 0
11 9 1 11 0
11 9 1 12 0
11 9 1 13 0
11 9 1 14 0
11 9 1 15 0
11 9 2 0 0
11 9 2 1 0
11 9 2 2 0
11 9 2 3 0
11 9 2 4 0
11 9 2 5 0
11 9 2 6 0
11 9 2 7 0
11 9 2 8 0
11 9 2 9 0
11 9 2 10 0
11 9 2 11 0
11 9 2 12 0
11 9 2 13 0
11 9 2 14 0
11 9 2 15 0
11 9 3 0 0
11 9 3 1 0
11 9 3 2 0
11 9 3 3 0
11 9 3 4 0
11 9 3 5 0
11 9 3 6 0
11 9 3 7 0
11 9 3 8 0
11 9 3 9 0
11 9 3 10 0
11 9 3 11 0
11 9 3 12 0
11 9 3 13 0
11 9 3 14 0
11 9 3 15 0
11 9 4 0 0
11 9 4 1 0
11 9 4 2 0
11 9 4 3 0
11 9 4 4 0
11 9 4 5 0
11 9 4 6 0
11 9 4 7 0
11 9 4 8 0
11 9 4 9 0
11 9 4 10 0
11 9 4 11 0
11 9 4 12 0
11 9 4 13 0
11 9 4 14 0
11 9 4 15 0
11 9 5 0 0
11 9 5 1 0
11 9 5 2 0
11 9 5 3 0
11 9 5 4 0
11 9 5 5 0
11 9 5 6 0
11 9 5 7 0
11 9 5 8 0
11 9 5 9 0
11 9 5 10 0
11 9 5 11 0
11 9 5 12 0
11 9 5 13 0
11 9 5 14 0
11 9 5 15 0
11 9 6 0 0
11 9 6 1 0
11 9 6 2 0
11 9 6 3 0
11 9 6 4 0
11 9 6 5 0
11 9 6 6 0
11 9 6 7 0
11 9 6 8 0
11 9 6 9 0
11 9 6 10 0
11 9 6 11 0
11 9 6 12 0
11 9 6 13 0
11 9 6 14 0
11 9 6 15 0
11 9 7 0 0
11 9 7 1 0
11 9 7 2 0
11 9 7 3 0
11 9 7 4 0
11 9 7 5 0
11 9 7 6 0
11 9 7 7 0
11 9 7 8 0
11 9 7 9 0
11 9 7 10 0
11 9 7 11 0
11 9 7 12 0
11 9 7 13 0
11 9 7 14 0
11 9 7 15 0
11 9 8 0 0
11 9 8 1 0
11 9 8 2 0
11 9 8 3 0
11 9 8 4 0
11 9 8 5 0
11 9 8 6 0
11 9 8 7 0
11 9 8 8 0
11 9 8 9 0
11 9 8 10 0
11 9 8 11 0
11 9 8 12 0
11 9 8 13 0
11 9 8 14 0
11 9 8 15 0
11 9 9 0 0
11 9 9 1 0
11 9 9 2 0
11 9 9 3 0
11 9 9 4 0
11 9 9 5 0
11 9 9 6 0
11 9 9 7 0
11 9 9 8 0
11 9 9 9 0
11 9 9 10 0
11 9 9 11 0
11 9 9 12 0
11 9 9 13 0
11 9 9 14 0
11 9 9 15 0
11 9 10 0 0
11 9 10 1 0
11 9 10 2 0
11 9 10 3 0
11 9 10 4 0
11 9 10 5 0
11 9 10 6 0
11 9 10 7 0
11 9 10 8 0
11 9 10 9 0
11 9 10 10 0
11 9 10 11 0
11 9 10 12 0
11 9 10 13 0
11 9 10 14 0
11 9 10 15 0
11 9 11 0 0
11 9 11 1 0
11 9 11 2 0
11 9 11 3 0
11 9 11 4 0
11 9 11 5 0
11 9 11 6 0
11 9 11 7 0
11 9 11 8 0
11 9 11 9 0
11 9 11 10 0
11 9 11 11 0
11 9 11 12 0
11 9 11 13 0
11 9 11 14 0
11 9 11 15 0
11 9 12 0 0
11 9 12 1 0
11 9 12 2 0
11 9 12 3 0
11 9 12 4 0
11 9 12 5 0
11 9 12 6 0
11 9 12 7 0
11 9 12 8 0
11 9 12 9 0
11 9 12 10 0
11 9 12 11 0
11 9 12 12 0
11 9 12 13 0
11 9 12 14 0
11 9 12 15 0
11 9 13 0 0
11 9 13 1 0
11 9 13 2 0
11 9 13 3 0
11 9 13 4 0
11 9 13 5 0
11 9 13 6 0
11 9 13 7 0
11 9 13 8 0
11 9 13 9 0
11 9 13 10 0
11 9 13 11 0
11 9 13 12 0
11 9 13 13 0
11 9 13 14 0
11 9 13 15 0
11 9 14 0 0
11 9 14 1 0
11 9 14 2 0
11 9 14 3 0
11 9 14 4 0
11 9 14 5 0
11 9 14 6 0
11 9 14 7 0
11 9 14 8 0
11 9 14 9 0
11 9 14 10 0
11 9 14 11 0
11 9 14 12 0
11 9 14 13 0
11 9 14 14 0
11 9 14 15 0
11 9 15 0 0
11 9 15 1 0
11 9 15 2 0
11 9 15 3 0
11 9 15 4 0
11 9 15 5 0
11 9 15 6 0
11 9 15 7 0
11 9 15 8 0
11 9 15 9 0
11 9 15 10 0
11 9 15 11 0
11 9 15 12 0
11 9 15 13 0
11 9 15 14 0
11 9 15 15 0
11 10 0 0 0
11 10 0 1 0
11 10 0 2 0
11 10 0 3 0
11 10 0 4 0
11 10 0 5 0
11 10 0 6 0
11 10 0 7 0
11 10 0 8 0
11 10 0 9 0
11 10 0 10 0
11 10 0 11 0
11 10 0 12 0
11 10 0 13 0
11 10 0 14 0
11 10 0 15 0
11 10 1 0 0
11 10 1 1 0
11 10 1 2 0
11 10 1 3 0
11 10 1 4 0
11 10 1 5 0
11 10 1 6 0
11 10 1 7 0
11 10 1 8 0
11 10 1 9 0
11 10 1 10 0
11 10 1 11 0
11 10 1 12 0
11 10 1 13 0
11 10 1 14 0
11 10 1 15 0
11 10 2 0 0
11 10 2 1 0
11 10 2 2 0
11 10 2 3 0
11 10 2 4 0
11 10 2 5 0
11 10 2 6 0
11 10 2 7 0
11 10 2 8 0
11 10 2 9 0
11 10 2 10 0
11 10 2 11 0
11 10 2 12 0
11 10 2 13 0
11 10 2 14 0
11 10 2 15 0
11 10 3 0 0
11 10 3 1 0
11 10 3 2 0
11 10 3 3 0
11 10 3 4 0
11 10 3 5 0
11 10 3 6 0
11 10 3 7 0
11 10 3 8 0
11 10 3 9 0
11 10 3 10 0
11 10 3 11 0
11 10 3 12 0
11 10 3 13 0
11 10 3 14 0
11 10 3 15 0
11 10 4 0 0
11 10 4 1 0
11 10 4 2 0
11 10 4 3 0
11 10 4 4 0
11 10 4 5 0
11 10 4 6 0
11 10 4 7 0
11 10 4 8 0
11 10 4 9 0
11 10 4 10 0
11 10 4 11 0
11 10 4 12 0
11 10 4 13 0
11 10 4 14 0
11 10 4 15 0
11 10 5 0 0
11 10 5 1 0
11 10 5 2 0
11 10 5 3 0
11 10 5 4 0
11 10 5 5 0
11 10 5 6 0
11 10 5 7 0
11 10 5 8 0
11 10 5 9 0
11 10 5 10 0
11 10 5 11 0
11 10 5 12 0
11 10 5 13 0
11 10 5 14 0
11 10 5 15 0
11 10 6 0 0
11 10 6 1 0
11 10 6 2 0
11 10 6 3 0
11 10 6 4 0
11 10 6 5 0
11 10 6 6 0
11 10 6 7 0
11 10 6 8 0
11 10 6 9 0
11 10 6 10 0
11 10 6 11 0
11 10 6 12 0
11 10 6 13 0
11 10 6 14 0
11 10 6 15 0
11 10 7 0 0
11 10 7 1 0
11 10 7 2 0
11 10 7 3 0
11 10 7 4 0
11 10 7 5 0
11 10 7 6 0
11 10 7 7 0
11 10 7 8 0
11 10 7 9 0
11 10 7 10 0
11 10 7 11 0
11 10 7 12 0
11 10 7 13 0
11 10 7 14 0
11 10 7 15 0
11 10 8 0 0
11 10 8 1 0
11 10 8 2 0
11 10 8 3 0
11 10 8 4 0
11 10 8 5 0
11 10 8 6 0
11 10 8 7 0
11 10 8 8 0
11 10 8 9 0
11 10 8 10 0
11 10 8 11 0
11 10 8 12 0
11 10 8 13 0
11 10 8 14 0
11 10 8 15 0
11 10 9 0 0
11 10 9 1 0
11 10 9 2 0
11 10 9 3 0
11 10 9 4 0
11 10 9 5 0
11 10 9 6 0
11 10 9 7 0
11 10 9 8 0
11 10 9 9 0
11 10 9 10 0
11 10 9 11 0
11 10 9 12 0
11 10 9 13 0
11 10 9 14 0
11 10 9 15 0
11 10 10 0 0
11 10 10 1 0
11 10 10 2 0
11 10 10 3 0
11 10 10 4 0
11 10 10 5 0
11 10 10 6 0
11 10 10 7 0
11 10 10 8 0
11 10 10 9 0
11 10 10 10 0
11 10 10 11 0
11 10 10 12 0
11 10 10 13 0
11 10 10 14 0
11 10 10 15 0
11 10 11 0 0
11 10 11 1 0
11 10 11 2 0
11 10 11 3 0
11 10 11 4 0
11 10 11 5 0
11 10 11 6 0
11 10 11 7 0
11 10 11 8 0
11 10 11 9 0
11 10 11 10 0
11 10 11 11 0
11 10 11 12 0
11 10 11 13 0
11 10 11 14 0
11 10 11 15 0
11 10 12 0 0
11 10 12 1 0
11 10 12 2 0
11 10 12 3 0
11 10 12 4 0
11 10 12 5 0
11 10 12 6 0
11 10 12 7 0
11 10 12 8 0
11 10 12 9 0
11 10 12 10 0
11 10 12 11 0
11 10 12 12 0
11 10 12 13 0
11 10 12 14 0
11 10 12 15 0
11 10 13 0 0
11 10 13 1 0
11 10 13 2 0
11 10 13 3 0
11 10 13 4 0
11 10 13 5 0
11 10 13 6 0
11 10 13 7 0
11 10 13 8 0
11 10 13 9 0
11 10 13 10 0
11 10 13 11 0
11 10 13 12 0
11 10 13 13 0
11 10 13 14 0
11 10 13 15 0
11 10 14 0 0
11 10 14 1 0
11 10 14 2 0
11 10 14 3 0
11 10 14 4 0
11 10 14 5 0
11 10 14 6 0
11 10 14 7 0
11 10 14 8 0
11 10 14 9 0
11 10 14 10 0
11 10 14 11 0
11 10 14 12 0
11 10 14 13 0
11 10 14 14 0
11 10 14 15 0
11 10 15 0 0
11 10 15 1 0
11 10 15 2 0
11 10 15 3 0
11 10 15 4 0
11 10 15 5 0
11 10 15 6 0
11 10 15 7 0
11 10 15 8 0
11 10 15 9 0
11 10 15 10 0
11 10 15 11 0
11 10 15 12 0
11 10 15 13 0
11 10 15 14 0
11 10 15 15 0
11 11 0 0 0
11 11 0 1 0
11 11 0 2 0
11 11 0 3 0
11 11 0 4 0
11 11 0 5 0
11 11 0 6 0
11 11 0 7 0
11 11 0 8 0
11 11 0 9 0
11 11 0 10 0
11 11 0 11 0
11 11 0 12 0
11 11 0 13 0
11 11 0 14 0
11 11 0 15 0
11 11 1 0 0
11 11 1 1 0
11 11 1 2 0
11 11 1 3 0
11 11 1 4 0
11 11 1 5 0
11 11 1 6 0
11 11 1 7 0
11 11 1 8 0
11 11 1 9 0
11 11 1 10 0
11 11 1 11 0
11 11 1 12 0
11 11 1 13 0
11 11 1 14 0
11 11 1 15 0
11 11 2 0 0
11 11 2 1 0
11 11 2 2 0
11 11 2 3 0
11 11 2 4 0
11 11 2 5 0
11 11 2 6 0
11 11 2 7 0
11 11 2 8 0
11 11 2 9 0
11 11 2 10 0
11 11 2 11 0
11 11 2 12 0
11 11 2 13 0
11 11 2 14 0
11 11 2 15 0
11 11 3 0 0
11 11 3 1 0
11 11 3 2 0
11 11 3 3 0
11 11 3 4 0
11 11 3 5 0
11 11 3 6 0
11 11 3 7 0
11 11 3 8 0
11 11 3 9 0
11 11 3 10 0
11 11 3 11 0
11 11 3 12 0
11 11 3 13 0
11 11 3 14 0
11 11 3 15 0
11 11 4 0 0
11 11 4 1 0
11 11 4 2 0
11 11 4 3 0
11 11 4 4 0
11 11 4 5 0
11 11 4 6 0
11 11 4 7 0
11 11 4 8 0
11 11 4 9 0
11 11 4 10 0
11 11 4 11 0
11 11 4 12 0
11 11 4 13 0
11 11 4 14 0
11 11 4 15 0
11 11 5 0 0
11 11 5 1 0
11 11 5 2 0
11 11 5 3 0
11 11 5 4 0
11 11 5 5 0
11 11 5 6 0
11 11 5 7 0
11 11 5 8 0
11 11 5 9 0
11 11 5 10 0
11 11 5 11 0
11 11 5 12 0
11 11 5 13 0
11 11 5 14 0
11 11 5 15 0
11 11 6 0 0
11 11 6 1 0
11 11 6 2 0
11 11 6 3 0
11 11 6 4 0
11 11 6 5 0
11 11 6 6 0
11 11 6 7 0
11 11 6 8 0
11 11 6 9 0
11 11 6 10 0
11 11 6 11 0
11 11 6 12 0
11 11 6 13 0
11 11 6 14 0
11 11 6 15 0
11 11 7 0 0
11 11 7 1 0
11 11 7 2 0
11 11 7 3 0
11 11 7 4 0
11 11 7 5 0
11 11 7 6 0
11 11 7 7 0
11 11 7 8 0
11 11 7 9 0
11 11 7 10 0
11 11 7 11 0
11 11 7 12 0
11 11 7 13 0
11 11 7 14 0
11 11 7 15 0
11 11 8 0 0
11 11 8 1 0
11 11 8 2 0
11 11 8 3 0
11 11 8 4 0
11 11 8 5 0
11 11 8 6 0
11 11 8 7 0
11 11 8 8 0
11 11 8 9 0
11 11 8 10 0
11 11 8 11 0
11 11 8 12 0
11 11 8 13 0
11 11 8 14 0
11 11 8 15 0
11 11 9 0 0
11 11 9 1 0
11 11 9 2 0
11 11 9 3 0
11 11 9 4 0
11 11 9 5 0
11 11 9 6 0
11 11 9 7 0
11 11 9 8 0
11 11 9 9 0
11 11 9 10 0
11 11 9 11 0
11 11 9 12 0
11 11 9 13 0
11 11 9 14 0
11 11 9 15 0
11 11 10 0 0
11 11 10 1 0
11 11 10 2 0
11 11 10 3 0
11 11 10 4 0
11 11 10 5 0
11 11 10 6 0
11 11 10 7 0
11 11 10 8 0
11 11 10 9 0
11 11 10 10 0
11 11 10 11 0
11 11 10 12 0
11 11 10 13 0
11 11 10 14 0
11 11 10 15 0
11 11 11 0 0
11 11 11 1 0
11 11 11 2 0
11 11 11 3 0
11 11 11 4 0
11 11 11 5 0
11 11 11 6 0
11 11 11 7 0
11 11 11 8 0
11 11 11 9 0
11 11 11 10 0
11 11 11 11 0
11 11 11 12 0
11 11 11 13 0
11 11 11 14 0
11 11 11 15 0
11 11 12 0 0
11 11 12 1 0
11 11 12 2 0
11 11 12 3 0
11 11 12 4 0
11 11 12 5 0
11 11 12 6 0
11 11 12 7 0
11 11 12 8 0
11 11 12 9 0
11 11 12 10 0
11 11 12 11 0
11 11 12 12 0
11 11 12 13 0
11 11 12 14 0
11 11 12 15 0
11 11 13 0 0
11 11 13 1 0
11 11 13 2 0
11 11 13 3 0
11 11 13 4 0
11 11 13 5 0
11 11 13 6 0
11 11 13 7 0
11 11 13 8 0
11 11 13 9 0
11 11 13 10 0
11 11 13 11 0
11 11 13 12 0
11 11 13 13 0
11 11 13 14 0
11 11 13 15 0
11 11 14 0 0
11 11 14 1 0
11 11 14 2 0
11 11 14 3 0
11 11 14 4 0
11 11 14 5 0
11 11 14 6 0
11 11 14 7 0
11 11 14 8 0
11 11 14 9 0
11 11 14 10 0
11 11 14 11 0
11 11 14 12 0
11 11 14 13 0
11 11 14 14 0
11 11 14 15 0
11 11 15 0 0
11 11 15 1 0
11 11 15 2 0
11 11 15 3 0
11 11 15 4 0
11 11 15 5 0
11 11 15 6 0
11 11 15 7 0
11 11 15 8 0
11 11 15 9 0
11 11 15 10 0
11 11 15 11 0
11 11 15 12 0
11 11 15 13 0
11 11 15 14 0
11 11 15 15 0
11 12 0 0 0
11 12 0 1 0
11 12 0 2 0
11 12 0 3 0
11 12 0 4 0
11 12 0 5 0
11 12 0 6 0
11 12 0 7 0
11 12 0 8 0
11 12 0 9 0
11 12 0 10 0
11 12 0 11 0
11 12 0 12 0
11 12 0 13 0
11 12 0 14 0
11 12 0 15 0
11 12 1 0 0
11 12 1 1 0
11 12 1 2 0
11 12 1 3 0
11 12 1 4 0
11 12 1 5 0
11 12 1 6 0
11 12 1 7 0
11 12 1 8 0
11 12 1 9 0
11 12 1 10 0
11 12 1 11 0
11 12 1 12 0
11 12 1 13 0
11 12 1 14 0
11 12 1 15 0
11 12 2 0 0
11 12 2 1 0
11 12 2 2 0
11 12 2 3 0
11 12 2 4 0
11 12 2 5 0
11 12 2 6 0
11 12 2 7 0
11 12 2 8 0
11 12 2 9 0
11 12 2 10 0
11 12 2 11 0
11 12 2 12 0
11 12 2 13 0
11 12 2 14 0
11 12 2 15 0
11 12 3 0 0
11 12 3 1 0
11 12 3 2 0
11 12 3 3 0
11 12 3 4 0
11 12 3 5 0
11 12 3 6 0
11 12 3 7 0
11 12 3 8 0
11 12 3 9 0
11 12 3 10 0
11 12 3 11 0
11 12 3 12 0
11 12 3 13 0
11 12 3 14 0
11 12 3 15 0
11 12 4 0 0
11 12 4 1 0
11 12 4 2 0
11 12 4 3 0
11 12 4 4 0
11 12 4 5 0
11 12 4 6 0
11 12 4 7 0
11 12 4 8 0
11 12 4 9 0
11 12 4 10 0
11 12 4 11 0
11 12 4 12 0
11 12 4 13 0
11 12 4 14 0
11 12 4 15 0
11 12 5 0 0
11 12 5 1 0
11 12 5 2 0
11 12 5 3 0
11 12 5 4 0
11 12 5 5 0
11 12 5 6 0
11 12 5 7 0
11 12 5 8 0
11 12 5 9 0
11 12 5 10 0
11 12 5 11 0
11 12 5 12 0
11 12 5 13 0
11 12 5 14 0
11 12 5 15 0
11 12 6 0 0
11 12 6 1 0
11 12 6 2 0
11 12 6 3 0
11 12 6 4 0
11 12 6 5 0
11 12 6 6 0
11 12 6 7 0
11 12 6 8 0
11 12 6 9 0
11 12 6 10 0
11 12 6 11 0
11 12 6 12 0
11 12 6 13 0
11 12 6 14 0
11 12 6 15 0
11 12 7 0 0
11 12 7 1 0
11 12 7 2 0
11 12 7 3 0
11 12 7 4 0
11 12 7 5 0
11 12 7 6 0
11 12 7 7 0
11 12 7 8 0
11 12 7 9 0
11 12 7 10 0
11 12 7 11 0
11 12 7 12 0
11 12 7 13 0
11 12 7 14 0
11 12 7 15 0
11 12 8 0 0
11 12 8 1 0
11 12 8 2 0
11 12 8 3 0
11 12 8 4 0
11 12 8 5 0
11 12 8 6 0
11 12 8 7 0
11 12 8 8 0
11 12 8 9 0
11 12 8 10 0
11 12 8 11 0
11 12 8 12 0
11 12 8 13 0
11 12 8 14 0
11 12 8 15 0
11 12 9 0 0
11 12 9 1 0
11 12 9 2 0
11 12 9 3 0
11 12 9 4 0
11 12 9 5 0
11 12 9 6 0
11 12 9 7 0
11 12 9 8 0
11 12 9 9 0
11 12 9 10 0
11 12 9 11 0
11 12 9 12 0
11 12 9 13 0
11 12 9 14 0
11 12 9 15 0
11 12 10 0 0
11 12 10 1 0
11 12 10 2 0
11 12 10 3 0
11 12 10 4 0
11 12 10 5 0
11 12 10 6 0
11 12 10 7 0
11 12 10 8 0
11 12 10 9 0
11 12 10 10 0
11 12 10 11 0
11 12 10 12 0
11 12 10 13 0
11 12 10 14 0
11 12 10 15 0
11 12 11 0 0
11 12 11 1 0
11 12 11 2 0
11 12 11 3 0
11 12 11 4 0
11 12 11 5 0
11 12 11 6 0
11 12 11 7 0
11 12 11 8 0
11 12 11 9 0
11 12 11 10 0
11 12 11 11 0
11 12 11 12 0
11 12 11 13 0
11 12 11 14 0
11 12 11 15 0
11 12 12 0 0
11 12 12 1 0
11 12 12 2 0
11 12 12 3 0
11 12 12 4 0
11 12 12 5 0
11 12 12 6 0
11 12 12 7 0
11 12 12 8 0
11 12 12 9 0
11 12 12 10 0
11 12 12 11 0
11 12 12 12 0
11 12 12 13 0
11 12 12 14 0
11 12 12 15 0
11 12 13 0 0
11 12 13 1 0
11 12 13 2 0
11 12 13 3 0
11 12 13 4 0
11 12 13 5 0
11 12 13 6 0
11 12 13 7 0
11 12 13 8 0
11 12 13 9 0
11 12 13 10 0
11 12 13 11 0
11 12 13 12 0
11 12 13 13 0
11 12 13 14 0
11 12 13 15 0
11 12 14 0 0
11 12 14 1 0
11 12 14 2 0
11 12 14 3 0
11 12 14 4 0
11 12 14 5 0
11 12 14 6 0
11 12 14 7 0
11 12 14 8 0
11 12 14 9 0
11 12 14 10 0
11 12 14 11 0
11 12 14 12 0
11 12 14 13 0
11 12 14 14 0
11 12 14 15 0
11 12 15 0 0
11 12 15 1 0
11 12 15 2 0
11 12 15 3 0
11 12 15 4 0
11 12 15 5 0
11 12 15 6 0
11 12 15 7 0
11 12 15 8 0
11 12 15 9 0
11 12 15 10 0
11 12 15 11 0
11 12 15 12 0
11 12 15 13 0
11 12 15 14 0
11 12 15 15 0
11 13 0 0 0
11 13 0 1 0
11 13 0 2 0
11 13 0 3 0
11 13 0 4 0
11 13 0 5 0
11 13 0 6 0
11 13 0 7 0
11 13 0 8 0
11 13 0 9 0
11 13 0 10 0
11 13 0 11 0
11 13 0 12 0
11 13 0 13 0
11 13 0 14 0
11 13 0 15 0
11 13 1 0 0
11 13 1 1 0
11 13 1 2 0
11 13 1 3 0
11 13 1 4 0
11 13 1 5 0
11 13 1 6 0
11 13 1 7 0
11 13 1 8 0
11 13 1 9 0
11 13 1 10 0
11 13 1 11 0
11 13 1 12 0
11 13 1 13 0
11 13 1 14 0
11 13 1 15 0
11 13 2 0 0
11 13 2 1 0
11 13 2 2 0
11 13 2 3 0
11 13 2 4 0
11 13 2 5 0
11 13 2 6 0
11 13 2 7 0
11 13 2 8 0
11 13 2 9 0
11 13 2 10 0
11 13 2 11 0
11 13 2 12 0
11 13 2 13 0
11 13 2 14 0
11 13 2 15 0
11 13 3 0 0
11 13 3 1 0
11 13 3 2 0
11 13 3 3 0
11 13 3 4 0
11 13 3 5 0
11 13 3 6 0
11 13 3 7 0
11 13 3 8 0
11 13 3 9 0
11 13 3 10 0
11 13 3 11 0
11 13 3 12 0
11 13 3 13 0
11 13 3 14 0
11 13 3 15 0
11 13 4 0 0
11 13 4 1 0
11 13 4 2 0
11 13 4 3 0
11 13 4 4 0
11 13 4 5 0
11 13 4 6 0
11 13 4 7 0
11 13 4 8 0
11 13 4 9 0
11 13 4 10 0
11 13 4 11 0
11 13 4 12 0
11 13 4 13 0
11 13 4 14 0
11 13 4 15 0
11 13 5 0 0
11 13 5 1 0
11 13 5 2 0
11 13 5 3 0
11 13 5 4 0
11 13 5 5 0
11 13 5 6 0
11 13 5 7 0
11 13 5 8 0
11 13 5 9 0
11 13 5 10 0
11 13 5 11 0
11 13 5 12 0
11 13 5 13 0
11 13 5 14 0
11 13 5 15 0
11 13 6 0 0
11 13 6 1 0
11 13 6 2 0
11 13 6 3 0
11 13 6 4 0
11 13 6 5 0
11 13 6 6 0
11 13 6 7 0
11 13 6 8 0
11 13 6 9 0
11 13 6 10 0
11 13 6 11 0
11 13 6 12 0
11 13 6 13 0
11 13 6 14 0
11 13 6 15 0
11 13 7 0 0
11 13 7 1 0
11 13 7 2 0
11 13 7 3 0
11 13 7 4 0
11 13 7 5 0
11 13 7 6 0
11 13 7 7 0
11 13 7 8 0
11 13 7 9 0
11 13 7 10 0
11 13 7 11 0
11 13 7 12 0
11 13 7 13 0
11 13 7 14 0
11 13 7 15 0
11 13 8 0 0
11 13 8 1 0
11 13 8 2 0
11 13 8 3 0
11 13 8 4 0
11 13 8 5 0
11 13 8 6 0
11 13 8 7 0
11 13 8 8 0
11 13 8 9 0
11 13 8 10 0
11 13 8 11 0
11 13 8 12 0
11 13 8 13 0
11 13 8 14 0
11 13 8 15 0
11 13 9 0 0
11 13 9 1 0
11 13 9 2 0
11 13 9 3 0
11 13 9 4 0
11 13 9 5 0
11 13 9 6 0
11 13 9 7 0
11 13 9 8 0
11 13 9 9 0
11 13 9 10 0
11 13 9 11 0
11 13 9 12 0
11 13 9 13 0
11 13 9 14 0
11 13 9 15 0
11 13 10 0 0
11 13 10 1 0
11 13 10 2 0
11 13 10 3 0
11 13 10 4 0
11 13 10 5 0
11 13 10 6 0
11 13 10 7 0
11 13 10 8 0
11 13 10 9 0
11 13 10 10 0
11 13 10 11 0
11 13 10 12 0
11 13 10 13 0
11 13 10 14 0
11 13 10 15 0
11 13 11 0 0
11 13 11 1 0
11 13 11 2 0
11 13 11 3 0
11 13 11 4 0
11 13 11 5 0
11 13 11 6 0
11 13 11 7 0
11 13 11 8 0
11 13 11 9 0
11 13 11 10 0
11 13 11 11 0
11 13 11 12 0
11 13 11 13 0
11 13 11 14 0
11 13 11 15 0
11 13 12 0 0
11 13 12 1 0
11 13 12 2 0
11 13 12 3 0
11 13 12 4 0
11 13 12 5 0
11 13 12 6 0
11 13 12 7 0
11 13 12 8 0
11 13 12 9 0
11 13 12 10 0
11 13 12 11 0
11 13 12 12 0
11 13 12 13 0
11 13 12 14 0
11 13 12 15 0
11 13 13 0 0
11 13 13 1 0
11 13 13 2 0
11 13 13 3 0
11 13 13 4 0
11 13 13 5 0
11 13 13 6 0
11 13 13 7 0
11 13 13 8 0
11 13 13 9 0
11 13 13 10 0
11 13 13 11 0
11 13 13 12 0
11 13 13 13 0
11 13 13 14 0
11 13 13 15 0
11 13 14 0 0
11 13 14 1 0
11 13 14 2 0
11 13 14 3 0
11 13 14 4 0
11 13 14 5 0
11 13 14 6 0
11 13 14 7 0
11 13 14 8 0
11 13 14 9 0
11 13 14 10 0
11 13 14 11 0
11 13 14 12 0
11 13 14 13 0
11 13 14 14 0
11 13 14 15 0
11 13 15 0 0
11 13 15 1 0
11 13 15 2 0
11 13 15 3 0
11 13 15 4 0
11 13 15 5 0
11 13 15 6 0
11 13 15 7 0
11 13 15 8 0
11 13 15 9 0
11 13 15 10 0
11 13 15 11 0
11 13 15 12 0
11 13 15 13 0
11 13 15 14 0
11 13 15 15 0
11 14 0 0 0
11 14 0 1 0
11 14 0 2 0
11 14 0 3 0
11 14 0 4 0
11 14 0 5 0
11 14 0 6 0
11 14 0 7 0
11 14 0 8 0
11 14 0 9 0
11 14 0 10 0
11 14 0 11 0
11 14 0 12 0
11 14 0 13 0
11 14 0 14 0
11 14 0 15 0
11 14 1 0 0
11 14 1 1 0
11 14 1 2 0
11 14 1 3 0
11 14 1 4 0
11 14 1 5 0
11 14 1 6 0
11 14 1 7 0
11 14 1 8 0
11 14 1 9 0
11 14 1 10 0
11 14 1 11 0
11 14 1 12 0
11 14 1 13 0
11 14 1 14 0
11 14 1 15 0
11 14 2 0 0
11 14 2 1 0
11 14 2 2 0
11 14 2 3 0
11 14 2 4 0
11 14 2 5 0
11 14 2 6 0
11 14 2 7 0
11 14 2 8 0
11 14 2 9 0
11 14 2 10 0
11 14 2 11 0
11 14 2 12 0
11 14 2 13 0
11 14 2 14 0
11 14 2 15 0
11 14 3 0 0
11 14 3 1 0
11 14 3 2 0
11 14 3 3 0
11 14 3 4 0
11 14 3 5 0
11 14 3 6 0
11 14 3 7 0
11 14 3 8 0
11 14 3 9 0
11 14 3 10 0
11 14 3 11 0
11 14 3 12 0
11 14 3 13 0
11 14 3 14 0
11 14 3 15 0
11 14 4 0 0
11 14 4 1 0
11 14 4 2 0
11 14 4 3 0
11 14 4 4 0
11 14 4 5 0
11 14 4 6 0
11 14 4 7 0
11 14 4 8 0
11 14 4 9 0
11 14 4 10 0
11 14 4 11 0
11 14 4 12 0
11 14 4 13 0
11 14 4 14 0
11 14 4 15 0
11 14 5 0 0
11 14 5 1 0
11 14 5 2 0
11 14 5 3 0
11 14 5 4 0
11 14 5 5 0
11 14 5 6 0
11 14 5 7 0
11 14 5 8 0
11 14 5 9 0
11 14 5 10 0
11 14 5 11 0
11 14 5 12 0
11 14 5 13 0
11 14 5 14 0
11 14 5 15 0
11 14 6 0 0
11 14 6 1 0
11 14 6 2 0
11 14 6 3 0
11 14 6 4 0
11 14 6 5 0
11 14 6 6 0
11 14 6 7 0
11 14 6 8 0
11 14 6 9 0
11 14 6 10 0
11 14 6 11 0
11 14 6 12 0
11 14 6 13 0
11 14 6 14 0
11 14 6 15 0
11 14 7 0 0
11 14 7 1 0
11 14 7 2 0
11 14 7 3 0
11 14 7 4 0
11 14 7 5 0
11 14 7 6 0
11 14 7 7 0
11 14 7 8 0
11 14 7 9 0
11 14 7 10 0
11 14 7 11 0
11 14 7 12 0
11 14 7 13 0
11 14 7 14 0
11 14 7 15 0
11 14 8 0 0
11 14 8 1 0
11 14 8 2 0
11 14 8 3 0
11 14 8 4 0
11 14 8 5 0
11 14 8 6 0
11 14 8 7 0
11 14 8 8 0
11 14 8 9 0
11 14 8 10 0
11 14 8 11 0
11 14 8 12 0
11 14 8 13 0
11 14 8 14 0
11 14 8 15 0
11 14 9 0 0
11 14 9 1 0
11 14 9 2 0
11 14 9 3 0
11 14 9 4 0
11 14 9 5 0
11 14 9 6 0
11 14 9 7 0
11 14 9 8 0
11 14 9 9 0
11 14 9 10 0
11 14 9 11 0
11 14 9 12 0
11 14 9 13 0
11 14 9 14 0
11 14 9 15 0
11 14 10 0 0
11 14 10 1 0
11 14 10 2 0
11 14 10 3 0
11 14 10 4 0
11 14 10 5 0
11 14 10 6 0
11 14 10 7 0
11 14 10 8 0
11 14 10 9 0
11 14 10 10 0
11 14 10 11 0
11 14 10 12 0
11 14 10 13 0
11 14 10 14 0
11 14 10 15 0
11 14 11 0 0
11 14 11 1 0
11 14 11 2 0
11 14 11 3 0
11 14 11 4 0
11 14 11 5 0
11 14 11 6 0
11 14 11 7 0
11 14 11 8 0
11 14 11 9 0
11 14 11 10 0
11 14 11 11 0
11 14 11 12 0
11 14 11 13 0
11 14 11 14 0
11 14 11 15 0
11 14 12 0 0
11 14 12 1 0
11 14 12 2 0
11 14 12 3 0
11 14 12 4 0
11 14 12 5 0
11 14 12 6 0
11 14 12 7 0
11 14 12 8 0
11 14 12 9 0
11 14 12 10 0
11 14 12 11 0
11 14 12 12 0
11 14 12 13 0
11 14 12 14 0
11 14 12 15 0
11 14 13 0 0
11 14 13 1 0
11 14 13 2 0
11 14 13 3 0
11 14 13 4 0
11 14 13 5 0
11 14 13 6 0
11 14 13 7 0
11 14 13 8 0
11 14 13 9 0
11 14 13 10 0
11 14 13 11 0
11 14 13 12 0
11 14 13 13 0
11 14 13 14 0
11 14 13 15 0
11 14 14 0 0
11 14 14 1 0
11 14 14 2 0
11 14 14 3 0
11 14 14 4 0
11 14 14 5 0
11 14 14 6 0
11 14 14 7 0
11 14 14 8 0
11 14 14 9 0
11 14 14 10 0
11 14 14 11 0
11 14 14 12 0
11 14 14 13 0
11 14 14 14 0
11 14 14 15 0
11 14 15 0 0
11 14 15 1 0
11 14 15 2 0
11 14 15 3 0
11 14 15 4 0
11 14 15 5 0
11 14 15 6 0
11 14 15 7 0
11 14 15 8 0
11 14 15 9 0
11 14 15 10 0
11 14 15 11 0
11 14 15 12 0
11 14 15 13 0
11 14 15 14 0
11 14 15 15 0
11 15 0 0 0
11 15 0 1 0
11 15 0 2 0
11 15 0 3 0
11 15 0 4 0
11 15 0 5 0
11 15 0 6 0
11 15 0 7 0
11 15 0 8 0
11 15 0 9 0
11 15 0 10 0
11 15 0 11 0
11 15 0 12 0
11 15 0 13 0
11 15 0 14 0
11 15 0 15 0
11 15 1 0 0
11 15 1 1 0
11 15 1 2 0
11 15 1 3 0
11 15 1 4 0
11 15 1 5 0
11 15 1 6 0
11 15 1 7 0
11 15 1 8 0
11 15 1 9 0
11 15 1 10 0
11 15 1 11 0
11 15 1 12 0
11 15 1 13 0
11 15 1 14 0
11 15 1 15 0
11 15 2 0 0
11 15 2 1 0
11 15 2 2 0
11 15 2 3 0
11 15 2 4 0
11 15 2 5 0
11 15 2 6 0
11 15 2 7 0
11 15 2 8 0
11 15 2 9 0
11 15 2 10 0
11 15 2 11 0
11 15 2 12 0
11 15 2 13 0
11 15 2 14 0
11 15 2 15 0
11 15 3 0 0
11 15 3 1 0
11 15 3 2 0
11 15 3 3 0
11 15 3 4 0
11 15 3 5 0
11 15 3 6 0
11 15 3 7 0
11 15 3 8 0
11 15 3 9 0
11 15 3 10 0
11 15 3 11 0
11 15 3 12 0
11 15 3 13 0
11 15 3 14 0
11 15 3 15 0
11 15 4 0 0
11 15 4 1 0
11 15 4 2 0
11 15 4 3 0
11 15 4 4 0
11 15 4 5 0
11 15 4 6 0
11 15 4 7 0
11 15 4 8 0
11 15 4 9 0
11 15 4 10 0
11 15 4 11 0
11 15 4 12 0
11 15 4 13 0
11 15 4 14 0
11 15 4 15 0
11 15 5 0 0
11 15 5 1 0
11 15 5 2 0
11 15 5 3 0
11 15 5 4 0
11 15 5 5 0
11 15 5 6 0
11 15 5 7 0
11 15 5 8 0
11 15 5 9 0
11 15 5 10 0
11 15 5 11 0
11 15 5 12 0
11 15 5 13 0
11 15 5 14 0
11 15 5 15 0
11 15 6 0 0
11 15 6 1 0
11 15 6 2 0
11 15 6 3 0
11 15 6 4 0
11 15 6 5 0
11 15 6 6 0
11 15 6 7 0
11 15 6 8 0
11 15 6 9 0
11 15 6 10 0
11 15 6 11 0
11 15 6 12 0
11 15 6 13 0
11 15 6 14 0
11 15 6 15 0
11 15 7 0 0
11 15 7 1 0
11 15 7 2 0
11 15 7 3 0
11 15 7 4 0
11 15 7 5 0
11 15 7 6 0
11 15 7 7 0
11 15 7 8 0
11 15 7 9 0
11 15 7 10 0
11 15 7 11 0
11 15 7 12 0
11 15 7 13 0
11 15 7 14 0
11 15 7 15 0
11 15 8 0 0
11 15 8 1 0
11 15 8 2 0
11 15 8 3 0
11 15 8 4 0
11 15 8 5 0
11 15 8 6 0
11 15 8 7 0
11 15 8 8 0
11 15 8 9 0
11 15 8 10 0
11 15 8 11 0
11 15 8 12 0
11 15 8 13 0
11 15 8 14 0
11 15 8 15 0
11 15 9 0 0
11 15 9 1 0
11 15 9 2 0
11 15 9 3 0
11 15 9 4 0
11 15 9 5 0
11 15 9 6 0
11 15 9 7 0
11 15 9 8 0
11 15 9 9 0
11 15 9 10 0
11 15 9 11 0
11 15 9 12 0
11 15 9 13 0
11 15 9 14 0
11 15 9 15 0
11 15 10 0 0
11 15 10 1 0
11 15 10 2 0
11 15 10 3 0
11 15 10 4 0
11 15 10 5 0
11 15 10 6 0
11 15 10 7 0
11 15 10 8 0
11 15 10 9 0
11 15 10 10 0
11 15 10 11 0
11 15 10 12 0
11 15 10 13 0
11 15 10 14 0
11 15 10 15 0
11 15 11 0 0
11 15 11 1 0
11 15 11 2 0
11 15 11 3 0
11 15 11 4 0
11 15 11 5 0
11 15 11 6 0
11 15 11 7 0
11 15 11 8 0
11 15 11 9 0
11 15 11 10 0
11 15 11 11 0
11 15 11 12 0
11 15 11 13 0
11 15 11 14 0
11 15 11 15 0
11 15 12 0 0
11 15 12 1 0
11 15 12 2 0
11 15 12 3 0
11 15 12 4 0
11 15 12 5 0
11 15 12 6 0
11 15 12 7 0
11 15 12 8 0
11 15 12 9 0
11 15 12 10 0
11 15 12 11 0
11 15 12 12 0
11 15 12 13 0
11 15 12 14 0
11 15 12 15 0
11 15 13 0 0
11 15 13 1 0
11 15 13 2 0
11 15 13 3 0
11 15 13 4 0
11 15 13 5 0
11 15 13 6 0
11 15 13 7 0
11 15 13 8 0
11 15 13 9 0
11 15 13 10 0
11 15 13 11 0
11 15 13 12 0
11 15 13 13 0
11 15 13 14 0
11 15 13 15 0
11 15 14 0 0
11 15 14 1 0
11 15 14 2 0
11 15 14 3 0
11 15 14 4 0
11 15 14 5 0
11 15 14 6 0
11 15 14 7 0
11 15 14 8 0
11 15 14 9 0
11 15 14 10 0
11 15 14 11 0
11 15 14 12 0
11 15 14 13 0
11 15 14 14 0
11 15 14 15 0
11 15 15 0 0
11 15 15 1 0
11 15 15 2 0
11 15 15 3 0
11 15 15 4 0
11 15 15 5 0
11 15 15 6 0
11 15 15 7 0
11 15 15 8 0
11 15 15 9 0
11 15 15 10 0
11 15 15 11 0
11 15 15 12 0
11 15 15 13 0
11 15 15 14 0
11 15 15 15 0
12 0 0 0 0
12 0 0 1 0
12 0 0 2 0
12 0 0 3 0
12 0 0 4 0
12 0 0 5 -0.04901920356137762
12 0 0 6 0
12 0 0 7 0
12 0 0 8 0
12 0 0 9 0
12 0 0 10 0
12 0 0 11 0
12 0 0 12 -0.003479928927944808
12 0 0 13 0
12 0 0 14 0
12 0 0 15 0
12 0 1 0 0
12 0 1 1 0
12 0 1 2 0
12 0 1 3 0
12 0 1 4 0
12 0 1 5 0
12 0 1 6 0
12 0 1 7 0
12 0 1 8 0
12 0 1 9 0
12 0 1 10 0
12 0 1 11 0
12 0 1 12 0
12 0 1 13 0
12 0 1 14 0
12 0 1 15 0
12 0 2 0 0
12 0 2 1 0
12 0 2 2 0
12 0 2 3 0
12 0 2 4 0
12 0 2 5 0
12 0 2 6 0
12 0 2 7 0
12 0 2 8 0
12 0 2 9 0
12 0 2 10 0
12 0 2 11 0
12 0 2 12 0
12 0 2 13 0
12 0 2 14 0
12 0 2 15 0
12 0 3 0 0
12 0 3 1 0
12 0 3 2 0
12 0 3 3 0
12 0 3 4 0
12 0 3 5 0
12 0 3 6 0
12 0 3 7 0
12 0 3 8 0
12 0 3 9 0
12 0 3 10 0
12 0 3 11 0
12 0 3 12 0
12 0 3 13 0
12 0 3 14 0
12 0 3 15 0
12 0 4 0 0
12 0 4 1 0
12 0 4 2 0
12 0 4 3 0
12 0 4 4 0
12 0 4 5 0
12 0 4 6 0
12 0 4 7 0
12 0 4 8 0
12 0 4 9 0
12 0 4 10 0
12 0 4 11 0
12 0 4 12 0
12 0 4 13 0
12 0 4 14 0
12 0 4 15 0
12 0 5 0 0.09803840712275523
12 0 5 1 0
12 0 5 2 0
12 0 5 3 0
12 0 5 4 0
12 0 5 5 0
12 0 5 6 0
12 0 5 7 0
12 0 5 8 0
12 0 5 9 0
12 0 5 10 0
12 0 5 11 -0.0007942700213403632
12 0 5 12 0
12 0 5 13 0
12 0 5 14 0
12 0 5 15 0
12 0 6 0 0
12 0 6 1 0
12 0 6 2 0
12 0 6 3 0
12 0 6 4 0
12 0 6 5 0
12 0 6 6 0
12 0 6 7 0
12 0 6 8 0
12 0 6 9 0
12 0 6 10 0
12 0 6 11 0
12 0 6 12 0
12 0 6 13 0
12 0 6 14 0
12 0 6 15 0
12 0 7 0 0
12 0 7 1 0
12 0 7 2 0
12 0 7 3 0
12 0 7 4 0
12 0 7 5 0
12 0 7 6 0
12 0 7 7 0
12 0 7 8 0
12 0 7 9 0
12 0 7 10 0
12 0 7 11 0
12 0 7 12 0
12 0 7 13 0
12 0 7 14 0
12 0 7 15 0
12 0 8 0 0
12 0 8 1 0
12 0 8 2 0
12 0 8 3 0
12 0 8 4 0
12 0 8 5 0
12 0 8 6 0
12 0 8 7 0
12 0 8 8 0
12 0 8 9 0
12 0 8 10 0
12 0 8 11 0
12 0 8 12 0
12 0 8 13 0
12 0 8 14 0
12 0 8 15 0
12 0 9 0 0
12 0 9 1 0
12 0 9 2 0
12 0 9 3 0
12 0 9 4 0
12 0 9 5 0
12 0 9 6 0
12 0 9 7 0
12 0 9 8 0
12 0 9 9 0
12 0 9 10 0
12 0 9 11 0
12 0 9 12 0
12 0 9 13 0
12 0 9 14 0
12 0 9 15 0
12 0 10 0 0
12 0 10 1 0
12 0 10 2 0
12 0 10 3 0
12 0 10 4 0
12 0 10 5 0
12 0 10 6 0
12 0 10 7 0
12 0 10 8 0
12 0 10 9 0
12 0 10 10 0
12 0 10 11 0
12 0 10 12 0
12 0 10 13 0
12 0 10 14 0
12 0 10 15 0
12 0 11 0 0
12 0 11 1 0
12 0 11 2 0
12 0 11 3 0
12 0 11 4 0
12 0 11 5 -0.0008390351938217992
12 0 11 6 0
12 0 11 7 0
12 0 11 8 0
12 0 11 9 0
12 0 11 10 0
12 0 11 11 0
12 0 11 12 0
12 0 11 13 0
12 0 11 14 0
12 0 11 15 0
12 0 12 0 0.006959857855889614
12 0 12 1 0
12 0 12 2 0
12 0 12 3 0
12 0 12 4 0
12 0 12 5 0
12 0 12 6 0
12 0 12 7 0
12 0 12 8 0
12 0 12 9 0
12 0 12 10 0
12 0 12 11 0
12 0 12 12 0
12 0 12 13 0
12 0 12 14 0
12 0 12 15 0
12 0 13 0 0
12 0 13 1 0
12 0 13 2 0
12 0 13 3 0
12 0 13 4 0
12 0 13 5 0
12 0 13 6 0
12 0 13 7 0
12 0 13 8 0
12 0 13 9 0
12 0 13 10 0
12 0 13 11 0
12 0 13 12 0
12 0 13 13 0
12 0 13 14 0
12 0 13 15 0
12 0 14 0 0
12 0 14 1 0
12 0 14 2 0
12 0 14 3 0
12 0 14 4 0
12 0 14 5 0
12 0 14 6 0
12 0 14 7 0
12 0 14 8 0
12 0 14 9 0
12 0 14 10 0
12 0 14 11 0
12 0 14 12 0
12 0 14 13 0
12 0 14 14 0
12 0 14 15 0
12 0 15 0 0
12 0 15 1 0
12 0 15 2 0
12 0 15 3 0
12 0 15 4 0
12 0 15 5 0
12 0 15 6 0
12 0 15 7 0
12 0 15 8 0
12 0 15 9 0
12 0 15 10 0
12 0 15 11 0
12 0 15 12 0
12 0 15 13 0
12 0 15 14 0
12 0 15 15 0
12 1 0 0 0
12 1 0 1 0
12 1 0 2 0
12 1 0 3 0
12 1 0 4 0
12 1 0 5 0
12 1 0 6 0
12 1 0 7 0
12 1 0 8 0
12 1 0 9 0
12 1 0 10 0
12 1 0 11 0
12 1 0 12 0
12 1 0 13 0
12 1 0 14 0
12 1 0 15 0
12 1 1 0 0
12 1 1 1 0
12 1 1 2 0
12 1 1 3 0
12 1 1 4 0
12 1 1 5 -0.04901920356137762
12 1 1 6 0
12 1 1 7 0
12 1 1 8 0
12 1 1 9 0
12 1 1 10 0
12 1 1 11 0
12 1 1 12 -0.003479928927944808
12 1 1 13 0
12 1 1 14 0
12 1 1 15 0
12 1 2 0 0
12 1 2 1 0
12 1 2 2 0
12 1 2 3 0
12 1 2 4 0
12 1 2 5 0
12 1 2 6 0
12 1 2 7 0
12 1 2 8 0
12 1 2 9 0
12 1 2 10 0
12 1 2 11 0
12 1 2 12 0
12 1 2 13 0
12 1 2 14 0
12 1 2 15 0
12 1 3 0 0
12 1 3 1 0
12 1 3 2 0
12 1 3 3 0
12 1 3 4 0
12 1 3 5 0
12 1 3 6 0
12 1 3 7 0
12 1 3 8 0
12 1 3 9 0
12 1 3 10 0
12 1 3 11 0
12 1 3 12 0
12 1 3 13 0
12 1 3 14 0
12 1 3 15 0
12 1 4 0 0
12 1 4 1 0
12 1 4 2 0
12 1 4 3 0
12 1 4 4 0
12 1 4 5 0
12 1 4 6 0
12 1 4 7 0
12 1 4 8 0
12 1 4 9 0
12 1 4 10 0
12 1 4 11 0
12 1 4 12 0
12 1 4 13 0
12 1 4 14 0
12 1 4 15 0
12 1 5 0 0
12 1 5 1 0.09803840712275523
12 1 5 2 0
12 1 5 3 0
12 1 5 4 0
12 1 5 5 0
12 1 5 6 0
12 1 5 7 0
12 1 5 8 0
12 1 5 9 0
12 1 5 10 0
12 1 5 11 0
12 1 5 12 0
12 1 5 13 0
12 1 5 14 0
12 1 5 15 0.0008122679064549754
12 1 6 0 0
12 1 6 1 0
12 1 6 2 0
12 1 6 3 0
12 1 6 4 0
12 1 6 5 0
12 1 6 6 0
12 1 6 7 0
12 1 6 8 0
12 1 6 9 0
12 1 6 10 0
12 1 6 11 0
12 1 6 12 0
12 1 6 13 0
12 1 6 14 0
12 1 6 15 0
12 1 7 0 0
12 1 7 1 0
12 1 7 2 0
12 1 7 3 0
12 1 7 4 0
12 1 7 5 0
12 1 7 6 0
12 1 7 7 0
12 1 7 8 0
12 1 7 9 0
12 1 7 10 0
12 1 7 11 0
12 1 7 12 0
12 1 7 13 0
12 1 7 14 0
12 1 7 15 0
12 1 8 0 0
12 1 8 1 0
12 1 8 2 0
12 1 8 3 0
12 1 8 4 0
12 1 8 5 0
12 1 8 6 0
12 1 8 7 0
12 1 8 8 0
12 1 8 9 0
12 1 8 10 0
12 1 8 11 0
12 1 8 12 0
12 1 8 13 0
12 1 8 14 0
12 1 8 15 0
12 1 9 0 0
12 1 9 1 0
12 1 9 2 0
12 1 9 3 0
12 1 9 4 0
12 1 9 5 0
12 1 9 6 0
12 1 9 7 0
12 1 9 8 0
12 1 9 9 0
12 1 9 10 0
12 1 9 11 0
12 1 9 12 0
12 1 9 13 0
12 1 9 14 0
12 1 9 15 0
12 1 10 0 0
12 1 10 1 0
12 1 10 2 0
12 1 10 3 0
12 1 10 4 0
12 1 10 5 0
12 1 10 6 0
12 1 10 7 0
12 1 10 8 0
12 1 10 9 0
12 1 10 10 0
12 1 10 11 0
12 1 10 12 0
12 1 10 13 0
12 1 10 14 0
12 1 10 15 0
12 1 11 0 0
12 1 11 1 0
12 1 11 2 0
12 1 11 3 0
12 1 11 4 0
12 1 11 5 0
12 1 11 6 0
12 1 11 7 0
12 1 11 8 0
12 1 11 9 0
12 1 11 10 0
12 1 11 11 0
12 1 11 12 0
12 1 11 13 0
12 1 11 14 0
12 1 11 15 0
12 1 12 0 0
12 1 12 1 0.006959857855889614
12 1 12 2 0
12 1 12 3 0
12 1 12 4 0
12 1 12 5 0
12 1 12 6 0
12 1 12 7 0
12 1 12 8 0
12 1 12 9 0
12 1 12 10 0
12 1 12 11 0
12 1 12 12 0
12 1 12 13 0
12 1 12 14 0
12 1 12 15 0
12 1 13 0 0
12 1 13 1 0
12 1 13 2 0
12 1 13 3 0
12 1 13 4 0
12 1 13 5 0
12 1 13 6 0
12 1 13 7 0
12 1 13 8 0
12 1 13 9 0
12 1 13 10 0
12 1 13 11 0
12 1 13 12 0
12 1 13 13 0
12 1 13 14 0
12 1 13 15 0
12 1 14 0 0
12 1 14 1 0
12 1 14 2 0
12 1 14 3 0
12 1 14 4 0
12 1 14 5 0
12 1 14 6 0
12 1 14 7 0
12 1 14 8 0
12 1 14 9 0
12 1 14 10 0
12 1 14 11 0
12 1 14 12 0
12 1 14 13 0
12 1 14 14 0
12 1 14 15 0
12 1 15 0 0
12 1 15 1 0
12 1 15 2 0
12 1 15 3 0
12 1 15 4 0
12 1 15 5 -0.000251032131546585
12 1 15 6 0
12 1 15 7 0
12 1 15 8 0
12 1 15 9 0
12 1 15 10 0
12 1 15 11 0
12 1 15 12 0
12 1 15 13 0
12 1 15 14 0
12 1 15 15 0
12 2 0 0 0
12 2 0 1 0
12 2 0 2 0
12 2 0 3 0
12 2 0 4 0
12 2 0 5 0
12 2 0 6 0
12 2 0 7 0
12 2 0 8 0
12 2 0 9 0
12 2 0 10 0
12 2 0 11 0
12 2 0 12 0
12 2 0 13 0
12 2 0 14 0
12 2 0 15 0
12 2 1 0 0
12 2 1 1 0
12 2 1 2 0
12 2 1 3 0
12 2 1 4 0
12 2 1 5 0
12 2 1 6 0
12 2 1 7 0
12 2 1 8 0
12 2 1 9 0
12 2 1 10 0
12 2 1 11 0
12 2 1 12 0
12 2 1 13 0
12 2 1 14 0
12 2 1 15 0
12 2 2 0 0
12 2 2 1 0
12 2 2 2 0
12 2 2 3 0
12 2 2 4 0
12 2 2 5 -0.04901920356137762
12 2 2 6 0
12 2 2 7 0
12 2 2 8 0
12 2 2 9 0
12 2 2 10 0
12 2 2 11 0
12 2 2 12 -0.003479928927944808
12 2 2 13 0
12 2 2 14 0
12 2 2 15 0
12 2 3 0 0
12 2 3 1 0
12 2 3 2 0
12 2 3 3 0
12 2 3 4 0
12 2 3 5 0
12 2 3 6 0
12 2 3 7 0
12 2 3 8 0
12 2 3 9 0
12 2 3 10 0
12 2 3 11 0
12 2 3 12 0
12 2 3 13 0
12 2 3 14 0
12 2 3 15 0
12 2 4 0 0
12 2 4 1 0
12 2 4 2 0
12 2 4 3 0
12 2 4 4 0
12 2 4 5 0
12 2 4 6 0
12 2 4 7 4.336808689942018e-19
12 2 4 8 0
12 2 4 9 0
12 2 4 10 0
12 2 4 11 0
12 2 4 12 0
12 2 4 13 0
12 2 4 14 0
12 2 4 15 0
12 2 5 0 0
12 2 5 1 0
12 2 5 2 0.09803840712275523
12 2 5 3 0
12 2 5 4 0
12 2 5 5 0
12 2 5 6 0
12 2 5 7 0
12 2 5 8 0
12 2 5 9 0
12 2 5 10 0
12 2 5 11 -0.001745465023557241
12 2 5 12 0
12 2 5 13 0
12 2 5 14 0.002325917266233647
12 2 5 15 0
12 2 6 0 0
12 2 6 1 0
12 2 6 2 0
12 2 6 3 0
12 2 6 4 0
12 2 6 5 0
12 2 6 6 0
12 2 6 7 0
12 2 6 8 0
12 2 6 9 0
12 2 6 10 0
12 2 6 11 0
12 2 6 12 0
12 2 6 13 0
12 2 6 14 0
12 2 6 15 0
12 2 7 0 0
12 2 7 1 0
12 2 7 2 0
12 2 7 3 0
12 2 7 4 0.006752533336563045
12 2 7 5 0
12 2 7 6 0
12 2 7 7 0
12 2 7 8 0
12 2 7 9 0
12 2 7 10 0
12 2 7 11 0
12 2 7 12 0
12 2 7 13 0
12 2 7 14 0
12 2 7 15 0
12 2 8 0 0
12 2 8 1 0
12 2 8 2 0
12 2 8 3 0
12 2 8 4 0
12 2 8 5 0
12 2 8 6 0
12 2 8 7 0
12 2 8 8 0
12 2 8 9 0
12 2 8 10 0
12 2 8 11 0
12 2 8 12 0
12 2 8 13 0
12 2 8 14 0
12 2 8 15 0
12 2 9 0 0
12 2 9 1 0
12 2 9 2 0
12 2 9 3 0
12 2 9 4 0
12 2 9 5 0
12 2 9 6 0
12 2 9 7 0
12 2 9 8 0
12 2 9 9 0
12 2 9 10 0
12 2 9 11 0
12 2 9 12 0
12 2 9 13 0
12 2 9 14 0
12 2 9 15 0
12 2 10 0 0
12 2 10 1 0
12 2 10 2 0
12 2 10 3 0
12 2 10 4 0
12 2 10 5 0
12 2 10 6 0
12 2 10 7 0
12 2 10 8 0
12 2 10 9 0
12 2 10 10 0
12 2 10 11 0
12 2 10 12 0
12 2 10 13 0
12 2 10 14 0
12 2 10 15 0
12 2 11 0 0
12 2 11 1 0
12 2 11 2 0
12 2 11 3 0
12 2 11 4 0
12 2 11 5 0.0003851041317280556
12 2 11 6 0
12 2 11 7 0
12 2 11 8 0
12 2 11 9 0
12 2 11 10 0
12 2 11 11 0
12 2 11 12 0
12 2 11 13 0
12 2 11 14 0
12 2 11 15 0
12 2 12 0 0
12 2 12 1 0
12 2 12 2 0.006959857855889614
12 2 12 3 0
12 2 12 4 0
12 2 12 5 0
12 2 12 6 0
12 2 12 7 0
12 2 12 8 0
12 2 12 9 0
12 2 12 10 0
12 2 12 11 0
12 2 12 12 0
12 2 12 13 0
12 2 12 14 0
12 2 12 15 0
12 2 13 0 0
12 2 13 1 0
12 2 13 2 0
12 2 13 3 0
12 2 13 4 0
12 2 13 5 0
12 2 13 6 0
12 2 13 7 0
12 2 13 8 0
12 2 13 9 0
12 2 13 10 0
12 2 13 11 0
12 2 13 12 0
12 2 13 13 0
12 2 13 14 0
12 2 13 15 0
12 2 14 0 0
12 2 14 1 0
12 2 14 2 0
12 2 14 3 0
12 2 14 4 0
12 2 14 5 -0.001263955851817546
12 2 14 6 0
12 2 14 7 0
12 2 14 8 0
12 2 14 9 0
12 2 14 10 0
12 2 14 11 0
12 2 14 12 0
12 2 14 13 0
12 2 14 14 0
12 2 14 15 0
12 2 15 0 0
12 2 15 1 0
12 2 15 2 0
12 2 15 3 0
12 2 15 4 0
12 2 15 5 0
12 2 15 6 0
12 2 15 7 0
12 2 15 8 0
12 2 15 9 0
12 2 15 10 0
12 2 15 11 0
12 2 15 12 0
12 2 15 13 0
12 2 15 14 0
12 2 15 15 0
12 3 0 0 0
12 3 0 1 0
12 3 0 2 0
12 3 0 3 0
12 3 0 4 0
12 3 0 5 0
12 3 0 6 0
12 3 0 7 0
12 3 0 8 0
12 3 0 9 0
12 3 0 10 0
12 3 0 11 0
12 3 0 12 0
12 3 0 13 0
12 3 0 14 0
12 3 0 15 0
12 3 1 0 0
12 3 1 1 0
12 3 1 2 0
12 3 1 3 0
12 3 1 4 0
12 3 1 5 0
12 3 1 6 0
12 3 1 7 0
12 3 1 8 0
12 3 1 9 0
12 3 1 10 0
12 3 1 11 0
12 3 1 12 0
12 3 1 13 0
12 3 1 14 0
12 3 1 15 0
12 3 2 0 0
12 3 2 1 0
12 3 2 2 0
12 3 2 3 0
12 3 2 4 0
12 3 2 5 0
12 3 2 6 0
12 3 2 7 0
12 3 2 8 0
12 3 2 9 0
12 3 2 10 0
12 3 2 11 0
12 3 2 12 0
12 3 2 13 0
12 3 2 14 0
12 3 2 15 0
12 3 3 0 0
12 3 3 1 0
12 3 3 2 0
12 3 3 3 0
12 3 3 4 0
12 3 3 5 -0.04901920356137762
12 3 3 6 0
12 3 3 7 0
12 3 3 8 0
12 3 3 9 0
12 3 3 10 0
12 3 3 11 0
12 3 3 12 -0.003479928927944808
12 3 3 13 0
12 3 3 14 0
12 3 3 15 0
12 3 4 0 0
12 3 4 1 0
12 3 4 2 0
12 3 4 3 0
12 3 4 4 0
12 3 4 5 0
12 3 4 6 -3.229528307613255e-20
12 3 4 7 0
12 3 4 8 0
12 3 4 9 0
12 3 4 10 0
12 3 4 11 0
12 3 4 12 0
12 3 4 13 1.574297169614955e-21
12 3 4 14 0
12 3 4 15 0
12 3 5 0 0
12 3 5 1 0
12 3 5 2 0
12 3 5 3 0.04901920356137761
12 3 5 4 0
12 3 5 5 0
12 3 5 6 0
12 3 5 7 0
12 3 5 8 0.003795985070575367
12 3 5 9 0
12 3 5 10 0
12 3 5 11 0
12 3 5 12 0
12 3 5 13 0
12 3 5 14 0
12 3 5 15 0
12 3 6 0 0
12 3 6 1 0
12 3 6 2 0
12 3 6 3 0
12 3 6 4 5.125389436198141e-20
12 3 6 5 0
12 3 6 6 0
12 3 6 7 0
12 3 6 8 0
12 3 6 9 7.218446949303332e-21
12 3 6 10 0
12 3 6 11 0
12 3 6 12 0
12 3 6 13 0
12 3 6 14 0
12 3 6 15 0
12 3 7 0 0
12 3 7 1 0
12 3 7 2 0
12 3 7 3 0
12 3 7 4 0
12 3 7 5 0
12 3 7 6 0
12 3 7 7 0
12 3 7 8 0
12 3 7 9 0
12 3 7 10 0
12 3 7 11 0
12 3 7 12 0
12 3 7 13 0
12 3 7 14 0
12 3 7 15 0
12 3 8 0 0
12 3 8 1 0
12 3 8 2 0
12 3 8 3 0
12 3 8 4 0
12 3 8 5 -0.003795985070575367
12 3 8 6 0
12 3 8 7 0
12 3 8 8 0
12 3 8 9 0
12 3 8 10 0
12 3 8 11 0
12 3 8 12 0
12 3 8 13 0
12 3 8 14 0
12 3 8 15 0
12 3 9 0 0
12 3 9 1 0
12 3 9 2 0
12 3 9 3 0
12 3 9 4 0
12 3 9 5 0
12 3 9 6 -7.920074631126594e-21
12 3 9 7 0
12 3 9 8 0
12 3 9 9 0
12 3 9 10 0
12 3 9 11 0
12 3 9 12 0
12 3 9 13 0
12 3 9 14 0
12 3 9 15 0
12 3 10 0 0
12 3 10 1 0
12 3 10 2 0
12 3 10 3 0
12 3 10 4 0
12 3 10 5 0
12 3 10 6 0
12 3 10 7 0
12 3 10 8 0
12 3 10 9 0
12 3 10 10 0
12 3 10 11 0
12 3 10 12 0
12 3 10 13 0
12 3 10 14 0
12 3 10 15 0
12 3 11 0 0
12 3 11 1 0
12 3 11 2 0
12 3 11 3 0
12 3 11 4 0
12 3 11 5 0
12 3 11 6 0
12 3 11 7 0
12 3 11 8 0
12 3 11 9 0
12 3 11 10 0
12 3 11 11 0
12 3 11 12 0
12 3 11 13 0
12 3 11 14 0
12 3 11 15 0
12 3 12 0 0
12 3 12 1 0
12 3 12 2 0
12 3 12 3 0.003479928927944808
12 3 12 4 0
12 3 12 5 0
12 3 12 6 0
12 3 12 7 0
12 3 12 8 0
12 3 12 9 0
12 3 12 10 0
12 3 12 11 0
12 3 12 12 0
12 3 12 13 0
12 3 12 14 0
12 3 12 15 0
12 3 13 0 0
12 3 13 1 0
12 3 13 2 0
12 3 13 3 0
12 3 13 4 -2.058299206051128e-21
12 3 13 5 0
12 3 13 6 0
12 3 13 7 0
12 3 13 8 0
12 3 13 9 0
12 3 13 10 0
12 3 13 11 0
12 3 13 12 0
12 3 13 13 0
12 3 13 14 0
12 3 13 15 0
12 3 14 0 0
12 3 14 1 0
12 3 14 2 0
12 3 14 3 0
12 3 14 4 0
12 3 14 5 0
12 3 14 6 0
12 3 14 7 0
12 3 14 8 0
12 3 14 9 0
12 3 14 10 0
12 3 14 11 0
12 3 14 12 0
12 3 14 13 0
12 3 14 14 0
12 3 14 15 0
12 3 15 0 0
12 3 15 1 0
12 3 15 2 0
12 3 15 3 0
12 3 15 4 0
12 3 15 5 0
12 3 15 6 0
12 3 15 7 0
12 3 15 8 0
12 3 15 9 0
12 3 15 10 0
12 3 15 11 0
12 3 15 12 0
12 3 15 13 0
12 3 15 14 0
12 3 15 15 0
12 4 0 0 0
12 4 0 1 0
12 4 0 2 0
12 4 0 3 0
12 4 0 4 0
12 4 0 5 0
12 4 0 6 0
12 4 0 7 0
12 4 0 8 0
12 4 0 9 0
12 4 0 10 0
12 4 0 11 0
12 4 0 12 0
12 4 0 13 0
12 4 0 14 0
12 4 0 15 0
12 4 1 0 0
12 4 1 1 0
12 4 1 2 0
12 4 1 3 0
12 4 1 4 0
12 4 1 5 0
12 4 1 6 0
12 4 1 7 0
12 4 1 8 0
12 4 1 9 0
12 4 1 10 0
12 4 1 11 0
12 4 1 12 0
12 4 1 13 0
12 4 1 14 0
12 4 1 15 0
12 4 2 0 0
12 4 2 1 0
12 4 2 2 0
12 4 2 3 0
12 4 2 4 0
12 4 2 5 0
12 4 2 6 0
12 4 2 7 0
12 4 2 8 0
12 4 2 9 0
12 4 2 10 0
12 4 2 11 0
12 4 2 12 0
12 4 2 13 0
12 4 2 14 0
12 4 2 15 0
12 4 3 0 0
12 4 3 1 0
12 4 3 2 0
12 4 3 3 0
12 4 3 4 0
12 4 3 5 0
12 4 3 6 0
12 4 3 7 0
12 4 3 8 0
12 4 3 9 0
12 4 3 10 0
12 4 3 11 0
12 4 3 12 0
12 4 3 13 0
12 4 3 14 0
12 4 3 15 0
12 4 4 0 0
12 4 4 1 0
12 4 4 2 0
12 4 4 3 0
12 4 4 4 0
12 4 4 5 -0.04901920356137762
12 4 4 6 0
12 4 4 7 0
12 4 4 8 0
12 4 4 9 0
12 4 4 10 0
12 4 4 11 0
12 4 4 12 -0.003479928927944807
12 4 4 13 0
12 4 4 14 0
12 4 4 15 0
12 4 5 0 0
12 4 5 1 0
12 4 5 2 0
12 4 5 3 0
12 4 5 4 0.04901920356137762
12 4 5 5 0
12 4 5 6 0
12 4 5 7 0
12 4 5 8 0
12 4 5 9 0.003730152614728567
12 4 5 10 0
12 4 5 11 0
12 4 5 12 0
12 4 5 13 0
12 4 5 14 0
12 4 5 15 0
12 4 6 0 0
12 4 6 1 0
12 4 6 2 0
12 4 6 3 0
12 4 6 4 0
12 4 6 5 0
12 4 6 6 0
12 4 6 7 0
12 4 6 8 0
12 4 6 9 0
12 4 6 10 0
12 4 6 11 0
12 4 6 12 0
12 4 6 13 0
12 4 6 14 0
12 4 6 15 0
12 4 7 0 0
12 4 7 1 0
12 4 7 2 0
12 4 7 3 0
12 4 7 4 0
12 4 7 5 0
12 4 7 6 0
12 4 7 7 0
12 4 7 8 0
12 4 7 9 0
12 4 7 10 0
12 4 7 11 0
12 4 7 12 0
12 4 7 13 0
12 4 7 14 0
12 4 7 15 0
12 4 8 0 0
12 4 8 1 0
12 4 8 2 0
12 4 8 3 0
12 4 8 4 0
12 4 8 5 0
12 4 8 6 0
12 4 8 7 0
12 4 8 8 0
12 4 8 9 0
12 4 8 10 0
12 4 8 11 0
12 4 8 12 0
12 4 8 13 0
12 4 8 14 0
12 4 8 15 0
12 4 9 0 0
12 4 9 1 0
12 4 9 2 0
12 4 9 3 0
12 4 9 4 0
12 4 9 5 -0.003730152614728567
12 4 9 6 0
12 4 9 7 0
12 4 9 8 0
12 4 9 9 0
12 4 9 10 0
12 4 9 11 0
12 4 9 12 0
12 4 9 13 0
12 4 9 14 0
12 4 9 15 0
12 4 10 0 0
12 4 10 1 0
12 4 10 2 0
12 4 10 3 0
12 4 10 4 0
12 4 10 5 0
12 4 10 6 0
12 4 10 7 0
12 4 10 8 0
12 4 10 9 0
12 4 10 10 0
12 4 10 11 0
12 4 10 12 0
12 4 10 13 0
12 4 10 14 0
12 4 10 15 0
12 4 11 0 0
12 4 11 1 0
12 4 11 2 0
12 4 11 3 0
12 4 11 4 0
12 4 11 5 0
12 4 11 6 0
12 4 11 7 0
12 4 11 8 0
12 4 11 9 0
12 4 11 10 0
12 4 11 11 0
12 4 11 12 0
12 4 11 13 0
12 4 11 14 0
12 4 11 15 0
12 4 12 0 0
12 4 12 1 0
12 4 12 2 0
12 4 12 3 0
12 4 12 4 0.003479928927944808
12 4 12 5 0
12 4 12 6 0
12 4 12 7 0
12 4 12 8 0
12 4 12 9 0
12 4 12 10 0
12 4 12 11 0
12 4 12 12 0
12 4 12 13 0
12 4 12 14 0
12 4 12 15 0
12 4 13 0 0
12 4 13 1 0
12 4 13 2 0
12 4 13 3 0
12 4 13 4 0
12 4 13 5 0
12 4 13 6 0
12 4 13 7 0
12 4 13 8 0
12 4 13 9 0
12 4 13 10 0
12 4 13 11 0
12 4 13 12 0
12 4 13 13 0
12 4 13 14 0
12 4 13 15 0
12 4 14 0 0
12 4 14 1 0
12 4 14 2 0
12 4 14 3 0
12 4 14 4 0
12 4 14 5 0
12 4 14 6 0
12 4 14 7 0
12 4 14 8 0
12 4 14 9 0
12 4 14 10 0
12 4 14 11 0
12 4 14 12 0
12 4 14 13 0
12 4 14 14 0
12 4 14 15 0
12 4 15 0 0
12 4 15 1 0
12 4 15 2 0
12 4 15 3 0
12 4 15 4 0
12 4 15 5 0
12 4 15 6 0
12 4 15 7 0
12 4 15 8 0
12 4 15 9 0
12 4 15 10 0
12 4 15 11 0
12 4 15 12 0
12 4 15 13 0
12 4 15 14 0
12 4 15 15 0
12 5 0 0 0
12 5 0 1 0
12 5 0 2 0
12 5 0 3 0
12 5 0 4 0
12 5 0 5 0
12 5 0 6 0
12 5 0 7 0
12 5 0 8 0
12 5 0 9 0
12 5 0 10 0
12 5 0 11 0
12 5 0 12 0
12 5 0 13 0
12 5 0 14 0
12 5 0 15 0
12 5 1 0 0
12 5 1 1 0
12 5 1 2 0
12 5 1 3 0
12 5 1 4 0
12 5 1 5 0
12 5 1 6 0
12 5 1 7 0
12 5 1 8 0
12 5 1 9 0
12 5 1 10 0
12 5 1 11 0
12 5 1 12 0
12 5 1 13 0
12 5 1 14 0
12 5 1 15 0
12 5 2 0 0
12 5 2 1 0
12 5 2 2 0
12 5 2 3 0
12 5 2 4 0
12 5 2 5 0
12 5 2 6 0
12 5 2 7 0
12 5 2 8 0
12 5 2 9 0
12 5 2 10 0
12 5 2 11 0
12 5 2 12 0
12 5 2 13 0
12 5 2 14 0
12 5 2 15 0
12 5 3 0 0
12 5 3 1 0
12 5 3 2 0
12 5 3 3 0
12 5 3 4 0
12 5 3 5 0
12 5 3 6 0
12 5 3 7 0
12 5 3 8 0
12 5 3 9 0
12 5 3 10 0
12 5 3 11 0
12 5 3 12 0
12 5 3 13 0
12 5 3 14 0
12 5 3 15 0
12 5 4 0 0
12 5 4 1 0
12 5 4 2 0
12 5 4 3 0
12 5 4 4 -6.720281355925011e-21
12 5 4 5 0
12 5 4 6 0
12 5 4 7 0
12 5 4 8 0
12 5 4 9 -8.120787927082982e-21
12 5 4 10 0
12 5 4 11 0
12 5 4 12 0
12 5 4 13 0
12 5 4 14 0
12 5 4 15 0
12 5 5 0 0
12 5 5 1 0
12 5 5 2 0
12 5 5 3 0
12 5 5 4 0
12 5 5 5 1.282664304010733e-20
12 5 5 6 0
12 5 5 7 0
12 5 5 8 0
12 5 5 9 0
12 5 5 10 0
12 5 5 11 0
12 5 5 12 3.15470485819494e-21
12 5 5 13 0
12 5 5 14 0
12 5 5 15 0
12 5 6 0 0
12 5 6 1 0
12 5 6 2 0
12 5 6 3 0
12 5 6 4 0
12 5 6 5 0
12 5 6 6 0
12 5 6 7 0
12 5 6 8 0
12 5 6 9 0
12 5 6 10 0
12 5 6 11 0
12 5 6 12 0
12 5 6 13 0
12 5 6 14 0
12 5 6 15 0
12 5 7 0 0
12 5 7 1 0
12 5 7 2 0
12 5 7 3 0
12 5 7 4 0
12 5 7 5 0
12 5 7 6 0
12 5 7 7 0
12 5 7 8 0
12 5 7 9 0
12 5 7 10 0
12 5 7 11 0
12 5 7 12 0
12 5 7 13 0
12 5 7 14 0
12 5 7 15 0
12 5 8 0 0
12 5 8 1 0
12 5 8 2 0
12 5 8 3 0
12 5 8 4 0
12 5 8 5 0
12 5 8 6 0
12 5 8 7 0
12 5 8 8 0
12 5 8 9 0
12 5 8 10 0
12 5 8 11 0
12 5 8 12 0
12 5 8 13 0
12 5 8 14 0
12 5 8 15 0
12 5 9 0 0
12 5 9 1 0
12 5 9 2 0
12 5 9 3 0
12 5 9 4 -8.831797625274296e-21
12 5 9 5 0
12 5 9 6 0
12 5 9 7 0
12 5 9 8 0
12 5 9 9 0
12 5 9 10 0
12 5 9 11 0
12 5 9 12 0
12 5 9 13 0
12 5 9 14 0
12 5 9 15 0
12 5 10 0 0
12 5 10 1 0
12 5 10 2 0
12 5 10 3 0
12 5 10 4 0
12 5 10 5 0
12 5 10 6 0
12 5 10 7 0
12 5 10 8 0
12 5 10 9 0
12 5 10 10 0
12 5 10 11 0
12 5 10 12 0
12 5 10 13 0
12 5 10 14 0
12 5 10 15 0
12 5 11 0 0
12 5 11 1 0
12 5 11 2 0
12 5 11 3 0
12 5 11 4 0
12 5 11 5 0
12 5 11 6 0
12 5 11 7 0
12 5 11 8 0
12 5 11 9 0
12 5 11 10 0
12 5 11 11 0
12 5 11 12 0
12 5 11 13 0
12 5 11 14 0
12 5 11 15 0
12 5 12 0 0
12 5 12 1 0
12 5 12 2 0
12 5 12 3 0
12 5 12 4 0
12 5 12 5 3.614938883435949e-21
12 5 12 6 0
12 5 12 7 0
12 5 12 8 0
12 5 12 9 0
12 5 12 10 0
12 5 12 11 0
12 5 12 12 0
12 5 12 13 0
12 5 12 14 0
12 5 12 15 0
12 5 13 0 0
12 5 13 1 0
12 5 13 2 0
12 5 13 3 0
12 5 13 4 0
12 5 13 5 0
12 5 13 6 0
12 5 13 7 0
12 5 13 8 0
12 5 13 9 0
12 5 13 10 0
12 5 13 11 0
12 5 13 12 0
12 5 13 13 0
12 5 13 14 0
12 5 13 15 0
12 5 14 0 0
12 5 14 1 0
12 5 14 2 0
12 5 14 3 0
12 5 14 4 0
12 5 14 5 0
12 5 14 6 0
12 5 14 7 0
12 5 14 8 0
12 5 14 9 0
12 5 14 10 0
12 5 14 11 0
12 5 14 12 0
12 5 14 13 0
12 5 14 14 0
12 5 14 15 0
12 5 15 0 0
12 5 15 1 0
12 5 15 2 0
12 5 15 3 0
12 5 15 4 0
12 5 15 5 0
12 5 15 6 0
12 5 15 7 0
12 5 15 8 0
12 5 15 9 0
12 5 15 10 0
12 5 15 11 0
12 5 15 12 0
12 5 15 13 0
12 5 15 14 0
12 5 15 15 0
12 6 0 0 0
12 6 0 1 0
12 6 0 2 0
12 6 0 3 0
12 6 0 4 0
12 6 0 5 0
12 6 0 6 0
12 6 0 7 0
12 6 0 8 0
12 6 0 9 0
12 6 0 10 0
12 6 0 11 0
12 6 0 12 0
12 6 0 13 0
12 6 0 14 0
12 6 0 15 0
12 6 1 0 0
12 6 1 1 0
12 6 1 2 0
12 6 1 3 0
12 6 1 4 0
12 6 1 5 0
12 6 1 6 0
12 6 1 7 0
12 6 1 8 0
12 6 1 9 0
12 6 1 10 0
12 6 1 11 0
12 6 1 12 0
12 6 1 13 0
12 6 1 14 0
12 6 1 15 0
12 6 2 0 0
12 6 2 1 0
12 6 2 2 0
12 6 2 3 0
12 6 2 4 0
12 6 2 5 0
12 6 2 6 0
12 6 2 7 0
12 6 2 8 0
12 6 2 9 0
12 6 2 10 0
12 6 2 11 0
12 6 2 12 0
12 6 2 13 0
12 6 2 14 0
12 6 2 15 0
12 6 3 0 0
12 6 3 1 0
12 6 3 2 0
12 6 3 3 0
12 6 3 4 -1.9263081605928e-21
12 6 3 5 0
12 6 3 6 0
12 6 3 7 0
12 6 3 8 0
12 6 3 9 -2.210764183360493e-21
12 6 3 10 0
12 6 3 11 0
12 6 3 12 0
12 6 3 13 0
12 6 3 14 0
12 6 3 15 0
12 6 4 0 0
12 6 4 1 0
12 6 4 2 0
12 6 4 3 7.863537563272805e-21
12 6 4 4 0
12 6 4 5 0
12 6 4 6 0
12 6 4 7 0
12 6 4 8 1.193683218173499e-20
12 6 4 9 0
12 6 4 10 0
12 6 4 11 0
12 6 4 12 0
12 6 4 13 0
12 6 4 14 0
12 6 4 15 0
12 6 5 0 0
12 6 5 1 0
12 6 5 2 0
12 6 5 3 0
12 6 5 4 0
12 6 5 5 0
12 6 5 6 0.04901920356137762
12 6 5 7 0
12 6 5 8 0
12 6 5 9 0
12 6 5 10 0
12 6 5 11 0
12 6 5 12 0
12 6 5 13 0.003523324251914216
12 6 5 14 0
12 6 5 15 0
12 6 6 0 0
12 6 6 1 0
12 6 6 2 0
12 6 6 3 0
12 6 6 4 0
12 6 6 5 -0.04901920356137762
12 6 6 6 0
12 6 6 7 0
12 6 6 8 0
12 6 6 9 0
12 6 6 10 0
12 6 6 11 0
12 6 6 12 -0.003479928927944808
12 6 6 13 0
12 6 6 14 0
12 6 6 15 0
12 6 7 0 0
12 6 7 1 0
12 6 7 2 0
12 6 7 3 0
12 6 7 4 0
12 6 7 5 0
12 6 7 6 0
12 6 7 7 0
12 6 7 8 0
12 6 7 9 0
12 6 7 10 0
12 6 7 11 0
12 6 7 12 0
12 6 7 13 0
12 6 7 14 0
12 6 7 15 0
12 6 8 0 0
12 6 8 1 0
12 6 8 2 0
12 6 8 3 0
12 6 8 4 -2.832759171457404e-21
12 6 8 5 0
12 6 8 6 0
12 6 8 7 0
12 6 8 8 0
12 6 8 9 0
12 6 8 10 0
12 6 8 11 0
12 6 8 12 0
12 6 8 13 0
12 6 8 14 0
12 6 8 15 0
12 6 9 0 0
12 6 9 1 0
12 6 9 2 0
12 6 9 3 1.015023514971982e-20
12 6 9 4 0
12 6 9 5 0
12 6 9 6 0
12 6 9 7 0
12 6 9 8 0
12 6 9 9 0
12 6 9 10 0
12 6 9 11 0
12 6 9 12 0
12 6 9 13 0
12 6 9 14 0
12 6 9 15 0
12 6 10 0 0
12 6 10 1 0
12 6 10 2 0
12 6 10 3 0
12 6 10 4 0
12 6 10 5 0
12 6 10 6 0
12 6 10 7 0
12 6 10 8 0
12 6 10 9 0
12 6 10 10 0
12 6 10 11 0
12 6 10 12 0
12 6 10 13 0
12 6 10 14 0
12 6 10 15 0
12 6 11 0 0
12 6 11 1 0
12 6 11 2 0
12 6 11 3 0
12 6 11 4 0
12 6 11 5 0
12 6 11 6 0
12 6 11 7 0
12 6 11 8 0
12 6 11 9 0
12 6 11 10 0
12 6 11 11 0
12 6 11 12 0
12 6 11 13 0
12 6 11 14 0
12 6 11 15 0
12 6 12 0 0
12 6 12 1 0
12 6 12 2 0
12 6 12 3 0
12 6 12 4 0
12 6 12 5 0
12 6 12 6 0.003479928927944808
12 6 12 7 0
12 6 12 8 0
12 6 12 9 0
12 6 12 10 0
12 6 12 11 0
12 6 12 12 0
12 6 12 13 0
12 6 12 14 0
12 6 12 15 0
12 6 13 0 0
12 6 13 1 0
12 6 13 2 0
12 6 13 3 0
12 6 13 4 0
12 6 13 5 -0.003523324251914216
12 6 13 6 0
12 6 13 7 0
12 6 13 8 0
12 6 13 9 0
12 6 13 10 0
12 6 13 11 0
12 6 13 12 0
12 6 13 13 0
12 6 13 14 0
12 6 13 15 0
12 6 14 0 0
12 6 14 1 0
12 6 14 2 0
12 6 14 3 0
12 6 14 4 0
12 6 14 5 0
12 6 14 6 0
12 6 14 7 0
12 6 14 8 0
12 6 14 9 0
12 6 14 10 0
12 6 14 11 0
12 6 14 12 0
12 6 14 13 0
12 6 14 14 0
12 6 14 15 0
12 6 15 0 0
12 6 15 1 0
12 6 15 2 0
12 6 15 3 0
12 6 15 4 0
12 6 15 5 0
12 6 15 6 0
12 6 15 7 0
12 6 15 8 0
12 6 15 9 0
12 6 15 10 0
12 6 15 11 0
12 6 15 12 0
12 6 15 13 0
12 6 15 14 0
12 6 15 15 0
12 7 0 0 0
12 7 0 1 0
12 7 0 2 0
12 7 0 3 0
12 7 0 4 0
12 7 0 5 0
12 7 0 6 0
12 7 0 7 0
12 7 0 8 0
12 7 0 9 0
12 7 0 10 0
12 7 0 11 0
12 7 0 12 0
12 7 0 13 0
12 7 0 14 0
12 7 0 15 0
12 7 1 0 0
12 7 1 1 0
12 7 1 2 0
12 7 1 3 0
12 7 1 4 0
12 7 1 5 0
12 7 1 6 0
12 7 1 7 0
12 7 1 8 0
12 7 1 9 0
12 7 1 10 0
12 7 1 11 0
12 7 1 12 0
12 7 1 13 0
12 7 1 14 0
12 7 1 15 0
12 7 2 0 0
12 7 2 1 0
12 7 2 2 0
12 7 2 3 0
12 7 2 4 0
12 7 2 5 0
12 7 2 6 0
12 7 2 7 0
12 7 2 8 0
12 7 2 9 0
12 7 2 10 0
12 7 2 11 0
12 7 2 12 0
12 7 2 13 0
12 7 2 14 0
12 7 2 15 0
12 7 3 0 0
12 7 3 1 0
12 7 3 2 0
12 7 3 3 0
12 7 3 4 0
12 7 3 5 0
12 7 3 6 0
12 7 3 7 0
12 7 3 8 0
12 7 3 9 0
12 7 3 10 0
12 7 3 11 0
12 7 3 12 0
12 7 3 13 0
12 7 3 14 0
12 7 3 15 0
12 7 4 0 0
12 7 4 1 0
12 7 4 2 0
12 7 4 3 0
12 7 4 4 0
12 7 4 5 0
12 7 4 6 0
12 7 4 7 0
12 7 4 8 0
12 7 4 9 0
12 7 4 10 0
12 7 4 11 0
12 7 4 12 0
12 7 4 13 0
12 7 4 14 0
12 7 4 15 0
12 7 5 0 0
12 7 5 1 0
12 7 5 2 0
12 7 5 3 0
12 7 5 4 0
12 7 5 5 0
12 7 5 6 0
12 7 5 7 0
12 7 5 8 0
12 7 5 9 0
12 7 5 10 0
12 7 5 11 0
12 7 5 12 0
12 7 5 13 0
12 7 5 14 0
12 7 5 15 0
12 7 6 0 0
12 7 6 1 0
12 7 6 2 0
12 7 6 3 0
12 7 6 4 0
12 7 6 5 0
12 7 6 6 0
12 7 6 7 0
12 7 6 8 0
12 7 6 9 0
12 7 6 10 0
12 7 6 11 0
12 7 6 12 0
12 7 6 13 0
12 7 6 14 0
12 7 6 15 0
12 7 7 0 0
12 7 7 1 0
12 7 7 2 0
12 7 7 3 0
12 7 7 4 0
12 7 7 5 0
12 7 7 6 0
12 7 7 7 0
12 7 7 8 0
12 7 7 9 0
12 7 7 10 0
12 7 7 11 0
12 7 7 12 0
12 7 7 13 0
12 7 7 14 0
12 7 7 15 0
12 7 8 0 0
12 7 8 1 0
12 7 8 2 0
12 7 8 3 0
12 7 8 4 0
12 7 8 5 0
12 7 8 6 0
12 7 8 7 0
12 7 8 8 0
12 7 8 9 0
12 7 8 10 0
12 7 8 11 0
12 7 8 12 0
12 7 8 13 0
12 7 8 14 0
12 7 8 15 0
12 7 9 0 0
12 7 9 1 0
12 7 9 2 0
12 7 9 3 0
12 7 9 4 0
12 7 9 5 0
12 7 9 6 0
12 7 9 7 0
12 7 9 8 0
12 7 9 9 0
12 7 9 10 0
12 7 9 11 0
12 7 9 12 0
12 7 9 13 0
12 7 9 14 0
12 7 9 15 0
12 7 10 0 0
12 7 10 1 0
12 7 10 2 0
12 7 10 3 0
12 7 10 4 0
12 7 10 5 0
12 7 10 6 0
12 7 10 7 0
12 7 10 8 0
12 7 10 9 0
12 7 10 10 0
12 7 10 11 0
12 7 10 12 0
12 7 10 13 0
12 7 10 14 0
12 7 10 15 0
12 7 11 0 0
12 7 11 1 0
12 7 11 2 0
12 7 11 3 0
12 7 11 4 0
12 7 11 5 0
12 7 11 6 0
12 7 11 7 0
12 7 11 8 0
12 7 11 9 0
12 7 11 10 0
12 7 11 11 0
12 7 11 12 0
12 7 11 13 0
12 7 11 14 0
12 7 11 15 0
12 7 12 0 0
12 7 12 1 0
12 7 12 2 0
12 7 12 3 0
12 7 12 4 0
12 7 12 5 0
12 7 12 6 0
12 7 12 7 0
12 7 12 8 0
12 7 12 9 0
12 7 12 10 0
12 7 12 11 0
12 7 12 12 0
12 7 12 13 0
12 7 12 14 0
12 7 12 15 0
12 7 13 0 0
12 7 13 1 0
12 7 13 2 0
12 7 13 3 0
12 7 13 4 0
12 7 13 5 0
12 7 13 6 0
12 7 13 7 0
12 7 13 8 0
12 7 13 9 0
12 7 13 10 0
12 7 13 11 0
12 7 13 12 0
12 7 13 13 0
12 7 13 14 0
12 7 13 15 0
12 7 14 0 0
12 7 14 1 0
12 7 14 2 0
12 7 14 3 0
12 7 14 4 0
12 7 14 5 0
12 7 14 6 0
12 7 14 7 0
12 7 14 8 0
12 7 14 9 0
12 7 14 10 0
12 7 14 11 0
12 7 14 12 0
12 7 14 13 0
12 7 14 14 0
12 7 14 15 0
12 7 15 0 0
12 7 15 1 0
12 7 15 2 0
12 7 15 3 0
12 7 15 4 0
12 7 15 5 0
12 7 15 6 0
12 7 15 7 0
12 7 15 8 0
12 7 15 9 0
12 7 15 10 0
12 7 15 11 0
12 7 15 12 0
12 7 15 13 0
12 7 15 14 0
12 7 15 15 0
12 8 0 0 0
12 8 0 1 0
12 8 0 2 0
12 8 0 3 0
12 8 0 4 0
12 8 0 5 0
12 8 0 6 0
12 8 0 7 0
12 8 0 8 0
12 8 0 9 0
12 8 0 10 0
12 8 0 11 0
12 8 0 12 0
12 8 0 13 0
12 8 0 14 0
12 8 0 15 0
12 8 1 0 0
12 8 1 1 0
12 8 1 2 0
12 8 1 3 0
12 8 1 4 0
12 8 1 5 0
12 8 1 6 0
12 8 1 7 0
12 8 1 8 0
12 8 1 9 0
12 8 1 10 0
12 8 1 11 0
12 8 1 12 0
12 8 1 13 0
12 8 1 14 0
12 8 1 15 0
12 8 2 0 0
12 8 2 1 0
12 8 2 2 0
12 8 2 3 0
12 8 2 4 0
12 8 2 5 0
12 8 2 6 0
12 8 2 7 0
12 8 2 8 0
12 8 2 9 0
12 8 2 10 0
12 8 2 11 0
12 8 2 12 0
12 8 2 13 0
12 8 2 14 0
12 8 2 15 0
12 8 3 0 0
12 8 3 1 0
12 8 3 2 0
12 8 3 3 0
12 8 3 4 0
12 8 3 5 0
12 8 3 6 0
12 8 3 7 0
12 8 3 8 0
12 8 3 9 0
12 8 3 10 0
12 8 3 11 0
12 8 3 12 0
12 8 3 13 0
12 8 3 14 0
12 8 3 15 0
12 8 4 0 0
12 8 4 1 0
12 8 4 2 0
12 8 4 3 0
12 8 4 4 0
12 8 4 5 0
12 8 4 6 0
12 8 4 7 0
12 8 4 8 0
12 8 4 9 0
12 8 4 10 0
12 8 4 11 0
12 8 4 12 0
12 8 4 13 0
12 8 4 14 0
12 8 4 15 0
12 8 5 0 0
12 8 5 1 0
12 8 5 2 0
12 8 5 3 0
12 8 5 4 0
12 8 5 5 0
12 8 5 6 0
12 8 5 7 0
12 8 5 8 0
12 8 5 9 0
12 8 5 10 0
12 8 5 11 0
12 8 5 12 0
12 8 5 13 0
12 8 5 14 0
12 8 5 15 0
12 8 6 0 0
12 8 6 1 0
12 8 6 2 0
12 8 6 3 0
12 8 6 4 0
12 8 6 5 0
12 8 6 6 0
12 8 6 7 0
12 8 6 8 0
12 8 6 9 0
12 8 6 10 0
12 8 6 11 0
12 8 6 12 0
12 8 6 13 0
12 8 6 14 0
12 8 6 15 0
12 8 7 0 0
12 8 7 1 0
12 8 7 2 0
12 8 7 3 0
12 8 7 4 0
12 8 7 5 0
12 8 7 6 0
12 8 7 7 0
12 8 7 8 0
12 8 7 9 0
12 8 7 10 0
12 8 7 11 0
12 8 7 12 0
12 8 7 13 0
12 8 7 14 0
12 8 7 15 0
12 8 8 0 0
12 8 8 1 0
12 8 8 2 0
12 8 8 3 0
12 8 8 4 0
12 8 8 5 0
12 8 8 6 0
12 8 8 7 0
12 8 8 8 0
12 8 8 9 0
12 8 8 10 0
12 8 8 11 0
12 8 8 12 0
12 8 8 13 0
12 8 8 14 0
12 8 8 15 0
12 8 9 0 0
12 8 9 1 0
12 8 9 2 0
12 8 9 3 0
12 8 9 4 0
12 8 9 5 0
12 8 9 6 0
12 8 9 7 0
12 8 9 8 0
12 8 9 9 0
12 8 9 10 0
12 8 9 11 0
12 8 9 12 0
12 8 9 13 0
12 8 9 14 0
12 8 9 15 0
12 8 10 0 0
12 8 10 1 0
12 8 10 2 0
12 8 10 3 0
12 8 10 4 0
12 8 10 5 0
12 8 10 6 0
12 8 10 7 0
12 8 10 8 0
12 8 10 9 0
12 8 10 10 0
12 8 10 11 0
12 8 10 12 0
12 8 10 13 0
12 8 10 14 0
12 8 10 15 0
12 8 11 0 0
12 8 11 1 0
12 8 11 2 0
12 8 11 3 0
12 8 11 4 0
12 8 11 5 0
12 8 11 6 0
12 8 11 7 0
12 8 11 8 0
12 8 11 9 0
12 8 11 10 0
12 8 11 11 0
12 8 11 12 0
12 8 11 13 0
12 8 11 14 0
12 8 11 15 0
12 8 12 0 0
12 8 12 1 0
12 8 12 2 0
12 8 12 3 0
12 8 12 4 0
12 8 12 5 0
12 8 12 6 0
12 8 12 7 0
12 8 12 8 0
12 8 12 9 0
12 8 12 10 0
12 8 12 11 0
12 8 12 12 0
12 8 12 13 0
12 8 12 14 0
12 8 12 15 0
12 8 13 0 0
12 8 13 1 0
12 8 13 2 0
12 8 13 3 0
12 8 13 4 0
12 8 13 5 0
12 8 13 6 0
12 8 13 7 0
12 8 13 8 0
12 8 13 9 0
12 8 13 10 0
12 8 13 11 0
12 8 13 12 0
12 8 13 13 0
12 8 13 14 0
12 8 13 15 0
12 8 14 0 0
12 8 14 1 0
12 8 14 2 0
12 8 14 3 0
12 8 14 4 0
12 8 14 5 0
12 8 14 6 0
12 8 14 7 0
12 8 14 8 0
12 8 14 9 0
12 8 14 10 0
12 8 14 11 0
12 8 14 12 0
12 8 14 13 0
12 8 14 14 0
12 8 14 15 0
12 8 15 0 0
12 8 15 1 0
12 8 15 2 0
12 8 15 3 0
12 8 15 4 0
12 8 15 5 0
12 8 15 6 0
12 8 15 7 0
12 8 15 8 0
12 8 15 9 0
12 8 15 10 0
12 8 15 11 0
12 8 15 12 0
12 8 15 13 0
12 8 15 14 0
12 8 15 15 0
12 9 0 0 0
12 9 0 1 0
12 9 0 2 0
12 9 0 3 0
12 9 0 4 0
12 9 0 5 0
12 9 0 6 0
12 9 0 7 0
12 9 0 8 0
12 9 0 9 0
12 9 0 10 0
12 9 0 11 0
12 9 0 12 0
12 9 0 13 0
12 9 0 14 0
12 9 0 15 0
12 9 1 0 0
12 9 1 1 0
12 9 1 2 0
12 9 1 3 0
12 9 1 4 0
12 9 1 5 0
12 9 1 6 0
12 9 1 7 0
12 9 1 8 0
12 9 1 9 0
12 9 1 10 0
12 9 1 11 0
12 9 1 12 0
12 9 1 13 0
12 9 1 14 0
12 9 1 15 0
12 9 2 0 0
12 9 2 1 0
12 9 2 2 0
12 9 2 3 0
12 9 2 4 0
12 9 2 5 0
12 9 2 6 0
12 9 2 7 0
12 9 2 8 0
12 9 2 9 0
12 9 2 10 0
12 9 2 11 0
12 9 2 12 0
12 9 2 13 0
12 9 2 14 0
12 9 2 15 0
12 9 3 0 0
12 9 3 1 0
12 9 3 2 0
12 9 3 3 0
12 9 3 4 0
12 9 3 5 0
12 9 3 6 0
12 9 3 7 0
12 9 3 8 0
12 9 3 9 0
12 9 3 10 0
12 9 3 11 0
12 9 3 12 0
12 9 3 13 0
12 9 3 14 0
12 9 3 15 0
12 9 4 0 0
12 9 4 1 0
12 9 4 2 0
12 9 4 3 0
12 9 4 4 0
12 9 4 5 0
12 9 4 6 0
12 9 4 7 0
12 9 4 8 0
12 9 4 9 0
12 9 4 10 0
12 9 4 11 0
12 9 4 12 0
12 9 4 13 0
12 9 4 14 0
12 9 4 15 0
12 9 5 0 0
12 9 5 1 0
12 9 5 2 0
12 9 5 3 0
12 9 5 4 0
12 9 5 5 0
12 9 5 6 0
12 9 5 7 0
12 9 5 8 0
12 9 5 9 0
12 9 5 10 0
12 9 5 11 0
12 9 5 12 0
12 9 5 13 0
12 9 5 14 0
12 9 5 15 0
12 9 6 0 0
12 9 6 1 0
12 9 6 2 0
12 9 6 3 0
12 9 6 4 0
12 9 6 5 0
12 9 6 6 0
12 9 6 7 0
12 9 6 8 0
12 9 6 9 0
12 9 6 10 0
12 9 6 11 0
12 9 6 12 0
12 9 6 13 0
12 9 6 14 0
12 9 6 15 0
12 9 7 0 0
12 9 7 1 0
12 9 7 2 0
12 9 7 3 0
12 9 7 4 0
12 9 7 5 0
12 9 7 6 0
12 9 7 7 0
12 9 7 8 0
12 9 7 9 0
12 9 7 10 0
12 9 7 11 0
12 9 7 12 0
12 9 7 13 0
12 9 7 14 0
12 9 7 15 0
12 9 8 0 0
12 9 8 1 0
12 9 8 2 0
12 9 8 3 0
12 9 8 4 0
12 9 8 5 0
12 9 8 6 0
12 9 8 7 0
12 9 8 8 0
12 9 8 9 0
12 9 8 10 0
12 9 8 11 0
12 9 8 12 0
12 9 8 13 0
12 9 8 14 0
12 9 8 15 0
12 9 9 0 0
12 9 9 1 0
12 9 9 2 0
12 9 9 3 0
12 9 9 4 0
12 9 9 5 0
12 9 9 6 0
12 9 9 7 0
12 9 9 8 0
12 9 9 9 0
12 9 9 10 0
12 9 9 11 0
12 9 9 12 0
12 9 9 13 0
12 9 9 14 0
12 9 9 15 0
12 9 10 0 0
12 9 10 1 0
12 9 10 2 0
12 9 10 3 0
12 9 10 4 0
12 9 10 5 0
12 9 10 6 0
12 9 10 7 0
12 9 10 8 0
12 9 10 9 0
12 9 10 10 0
12 9 10 11 0
12 9 10 12 0
12 9 10 13 0
12 9 10 14 0
12 9 10 15 0
12 9 11 0 0
12 9 11 1 0
12 9 11 2 0
12 9 11 3 0
12 9 11 4 0
12 9 11 5 0
12 9 11 6 0
12 9 11 7 0
12 9 11 8 0
12 9 11 9 0
12 9 11 10 0
12 9 11 11 0
12 9 11 12 0
12 9 11 13 0
12 9 11 14 0
12 9 11 15 0
12 9 12 0 0
12 9 12 1 0
12 9 12 2 0
12 9 12 3 0
12 9 12 4 0
12 9 12 5 0
12 9 12 6 0
12 9 12 7 0
12 9 12 8 0
12 9 12 9 0
12 9 12 10 0
12 9 12 11 0
12 9 12 12 0
12 9 12 13 0
12 9 12 14 0
12 9 12 15 0
12 9 13 0 0
12 9 13 1 0
12 9 13 2 0
12 9 13 3 0
12 9 13 4 0
12 9 13 5 0
12 9 13 6 0
12 9 13 7 0
12 9 13 8 0
12 9 13 9 0
12 9 13 10 0
12 9 13 11 0
12 9 13 12 0
12 9 13 13 0
12 9 13 14 0
12 9 13 15 0
12 9 14 0 0
12 9 14 1 0
12 9 14 2 0
12 9 14 3 0
12 9 14 4 0
12 9 14 5 0
12 9 14 6 0
12 9 14 7 0
12 9 14 8 0
12 9 14 9 0
12 9 14 10 0
12 9 14 11 0
12 9 14 12 0
12 9 14 13 0
12 9 14 14 0
12 9 14 15 0
12 9 15 0 0
12 9 15 1 0
12 9 15 2 0
12 9 15 3 0
12 9 15 4 0
12 9 15 5 0
12 9 15 6 0
12 9 15 7 0
12 9 15 8 0
12 9 15 9 0
12 9 15 10 0
12 9 15 11 0
12 9 15 12 0
12 9 15 13 0
12 9 15 14 0
12 9 15 15 0
12 10 0 0 0
12 10 0 1 0
12 10 0 2 0
12 10 0 3 0
12 10 0 4 0
12 10 0 5 0
12 10 0 6 0
12 10 0 7 0
12 10 0 8 0
12 10 0 9 0
12 10 0 10 0
12 10 0 11 0
12 10 0 12 0
12 10 0 13 0
12 10 0 14 0
12 10 0 15 0
12 10 1 0 0
12 10 1 1 0
12 10 1 2 0
12 10 1 3 0
12 10 1 4 0
12 10 1 5 0
12 10 1 6 0
12 10 1 7 0
12 10 1 8 0
12 10 1 9 0
12 10 1 10 0
12 10 1 11 0
12 10 1 12 0
12 10 1 13 0
12 10 1 14 0
12 10 1 15 0
12 10 2 0 0
12 10 2 1 0
12 10 2 2 0
12 10 2 3 0
12 10 2 4 0
12 10 2 5 0
12 10 2 6 0
12 10 2 7 0
12 10 2 8 0
12 10 2 9 0
12 10 2 10 0
12 10 2 11 0
12 10 2 12 0
12 10 2 13 0
12 10 2 14 0
12 10 2 15 0
12 10 3 0 0
12 10 3 1 0
12 10 3 2 0
12 10 3 3 0
12 10 3 4 0
12 10 3 5 0
12 10 3 6 0
12 10 3 7 0
12 10 3 8 0
12 10 3 9 0
12 10 3 10 0
12 10 3 11 0
12 10 3 12 0
12 10 3 13 0
12 10 3 14 0
12 10 3 15 0
12 10 4 0 0
12 10 4 1 0
12 10 4 2 0
12 10 4 3 0
12 10 4 4 0
12 10 4 5 0
12 10 4 6 0
12 10 4 7 0
12 10 4 8 0
12 10 4 9 0
12 10 4 10 0
12 10 4 11 0
12 10 4 12 0
12 10 4 13 0
12 10 4 14 0
12 10 4 15 0
12 10 5 0 0
12 10 5 1 0
12 10 5 2 0
12 10 5 3 0
12 10 5 4 0
12 10 5 5 0
12 10 5 6 0
12 10 5 7 0
12 10 5 8 0
12 10 5 9 0
12 10 5 10 0
12 10 5 11 0
12 10 5 12 0
12 10 5 13 0
12 10 5 14 0
12 10 5 15 0
12 10 6 0 0
12 10 6 1 0
12 10 6 2 0
12 10 6 3 0
12 10 6 4 0
12 10 6 5 0
12 10 6 6 0
12 10 6 7 0
12 10 6 8 0
12 10 6 9 0
12 10 6 10 0
12 10 6 11 0
12 10 6 12 0
12 10 6 13 0
12 10 6 14 0
12 10 6 15 0
12 10 7 0 0
12 10 7 1 0
12 10 7 2 0
12 10 7 3 0
12 10 7 4 0
12 10 7 5 0
12 10 7 6 0
12 10 7 7 0
12 10 7 8 0
12 10 7 9 0
12 10 7 10 0
12 10 7 11 0
12 10 7 12 0
12 10 7 13 0
12 10 7 14 0
12 10 7 15 0
12 10 8 0 0
12 10 8 1 0
12 10 8 2 0
12 10 8 3 0
12 10 8 4 0
12 10 8 5 0
12 10 8 6 0
12 10 8 7 0
12 10 8 8 0
12 10 8 9 0
12 10 8 10 0
12 10 8 11 0
12 10 8 12 0
12 10 8 13 0
12 10 8 14 0
12 10 8 15 0
12 10 9 0 0
12 10 9 1 0
12 10 9 2 0
12 10 9 3 0
12 10 9 4 0
12 10 9 5 0
12 10 9 6 0
12 10 9 7 0
12 10 9 8 0
12 10 9 9 0
12 10 9 10 0
12 10 9 11 0
12 10 9 12 0
12 10 9 13 0
12 10 9 14 0
12 10 9 15 0
12 10 10 0 0
12 10 10 1 0
12 10 10 2 0
12 10 10 3 0
12 10 10 4 0
12 10 10 5 0
12 10 10 6 0
12 10 10 7 0
12 10 10 8 0
12 10 10 9 0
12 10 10 10 0
12 10 10 11 0
12 10 10 12 0
12 10 10 13 0
12 10 10 14 0
12 10 10 15 0
12 10 11 0 0
12 10 11 1 0
12 10 11 2 0
12 10 11 3 0
12 10 11 4 0
12 10 11 5 0
12 10 11 6 0
12 10 11 7 0
12 10 11 8 0
12 10 11 9 0
12 10 11 10 0
12 10 11 11 0
12 10 11 12 0
12 10 11 13 0
12 10 11 14 0
12 10 11 15 0
12 10 12 0 0
12 10 12 1 0
12 10 12 2 0
12 10 12 3 0
12 10 12 4 0
12 10 12 5 0
12 10 12 6 0
12 10 12 7 0
12 10 12 8 0
12 10 12 9 0
12 10 12 10 0
12 10 12 11 0
12 10 12 12 0
12 10 12 13 0
12 10 12 14 0
12 10 12 15 0
12 10 13 0 0
12 10 13 1 0
12 10 13 2 0
12 10 13 3 0
12 10 13 4 0
12 10 13 5 0
12 10 13 6 0
12 10 13 7 0
12 10 13 8 0
12 10 13 9 0
12 10 13 10 0
12 10 13 11 0
12 10 13 12 0
12 10 13 13 0
12 10 13 14 0
12 10 13 15 0
12 10 14 0 0
12 10 14 1 0
12 10 14 2 0
12 10 14 3 0
12 10 14 4 0
12 10 14 5 0
12 10 14 6 0
12 10 14 7 0
12 10 14 8 0
12 10 14 9 0
12 10 14 10 0
12 10 14 11 0
12 10 14 12 0
12 10 14 13 0
12 10 14 14 0
12 10 14 15 0
12 10 15 0 0
12 10 15 1 0
12 10 15 2 0
12 10 15 3 0
12 10 15 4 0
12 10 15 5 0
12 10 15 6 0
12 10 15 7 0
12 10 15 8 0
12 10 15 9 0
12 10 15 10 0
12 10 15 11 0
12 10 15 12 0
12 10 15 13 0
12 10 15 14 0
12 10 15 15 0
12 11 0 0 0
12 11 0 1 0
12 11 0 2 0
12 11 0 3 0
12 11 0 4 0
12 11 0 5 0
12 11 0 6 0
12 11 0 7 0
12 11 0 8 0
12 11 0 9 0
12 11 0 10 0
12 11 0 11 0
12 11 0 12 0
12 11 0 13 0
12 11 0 14 0
12 11 0 15 0
12 11 1 0 0
12 11 1 1 0
12 11 1 2 0
12 11 1 3 0
12 11 1 4 0
12 11 1 5 0
12 11 1 6 0
12 11 1 7 0
12 11 1 8 0
12 11 1 9 0
12 11 1 10 0
12 11 1 11 0
12 11 1 12 0
12 11 1 13 0
12 11 1 14 0
12 11 1 15 0
12 11 2 0 0
12 11 2 1 0
12 11 2 2 0
12 11 2 3 0
12 11 2 4 0
12 11 2 5 0
12 11 2 6 0
12 11 2 7 0
12 11 2 8 0
12 11 2 9 0
12 11 2 10 0
12 11 2 11 0
12 11 2 12 0
12 11 2 13 0
12 11 2 14 0
12 11 2 15 0
12 11 3 0 0
12 11 3 1 0
12 11 3 2 0
12 11 3 3 0
12 11 3 4 0
12 11 3 5 0
12 11 3 6 0
12 11 3 7 0
12 11 3 8 0
12 11 3 9 0
12 11 3 10 0
12 11 3 11 0
12 11 3 12 0
12 11 3 13 0
12 11 3 14 0
12 11 3 15 0
12 11 4 0 0
12 11 4 1 0
12 11 4 2 0
12 11 4 3 0
12 11 4 4 0
12 11 4 5 0
12 11 4 6 0
12 11 4 7 0
12 11 4 8 0
12 11 4 9 0
12 11 4 10 0
12 11 4 11 0
12 11 4 12 0
12 11 4 13 0
12 11 4 14 0
12 11 4 15 0
12 11 5 0 0
12 11 5 1 0
12 11 5 2 0
12 11 5 3 0
12 11 5 4 0
12 11 5 5 0
12 11 5 6 0
12 11 5 7 0
12 11 5 8 0
12 11 5 9 0
12 11 5 10 0
12 11 5 11 0
12 11 5 12 0
12 11 5 13 0
12 11 5 14 0
12 11 5 15 0
12 11 6 0 0
12 11 6 1 0
12 11 6 2 0
12 11 6 3 0
12 11 6 4 0
12 11 6 5 0
12 11 6 6 0
12 11 6 7 0
12 11 6 8 0
12 11 6 9 0
12 11 6 10 0
12 11 6 11 0
12 11 6 12 0
12 11 6 13 0
12 11 6 14 0
12 11 6 15 0
12 11 7 0 0
12 11 7 1 0
12 11 7 2 0
12 11 7 3 0
12 11 7 4 0
12 11 7 5 0
12 11 7 6 0
12 11 7 7 0
12 11 7 8 0
12 11 7 9 0
12 11 7 10 0
12 11 7 11 0
12 11 7 12 0
12 11 7 13 0
12 11 7 14 0
12 11 7 15 0
12 11 8 0 0
12 11 8 1 0
12 11 8 2 0
12 11 8 3 0
12 11 8 4 0
12 11 8 5 0
12 11 8 6 0
12 11 8 7 0
12 11 8 8 0
12 11 8 9 0
12 11 8 10 0
12 11 8 11 0
12 11 8 12 0
12 11 8 13 0
12 11 8 14 0
12 11 8 15 0
12 11 9 0 0
12 11 9 1 0
12 11 9 2 0
12 11 9 3 0
12 11 9 4 0
12 11 9 5 0
12 11 9 6 0
12 11 9 7 0
12 11 9 8 0
12 11 9 9 0
12 11 9 10 0
12 11 9 11 0
12 11 9 12 0
12 11 9 13 0
12 11 9 14 0
12 11 9 15 0
12 11 10 0 0
12 11 10 1 0
12 11 10 2 0
12 11 10 3 0
12 11 10 4 0
12 11 10 5 0
12 11 10 6 0
12 11 10 7 0
12 11 10 8 0
12 11 10 9 0
12 11 10 10 0
12 11 10 11 0
12 11 10 12 0
12 11 10 13 0
12 11 10 14 0
12 11 10 15 0
12 11 11 0 0
12 11 11 1 0
12 11 11 2 0
12 11 11 3 0
12 11 11 4 0
12 11 11 5 0
12 11 11 6 0
12 11 11 7 0
12 11 11 8 0
12 11 11 9 0
12 11 11 10 0
12 11 11 11 0
12 11 11 12 0
12 11 11 13 0
12 11 11 14 0
12 11 11 15 0
12 11 12 0 0
12 11 12 1 0
12 11 12 2 0
12 11 12 3 0
12 11 12 4 0
12 11 12 5 0
12 11 12 6 0
12 11 12 7 0
12 11 12 8 0
12 11 12 9 0
12 11 12 10 0
12 11 12 11 0
12 11 12 12 0
12 11 12 13 0
12 11 12 14 0
12 11 12 15 0
12 11 13 0 0
12 11 13 1 0
12 11 13 2 0
12 11 13 3 0
12 11 13 4 0
12 11 13 5 0
12 11 13 6 0
12 11 13 7 0
12 11 13 8 0
12 11 13 9 0
12 11 13 10 0
12 11 13 11 0
12 11 13 12 0
12 11 13 13 0
12 11 13 14 0
12 11 13 15 0
12 11 14 0 0
12 11 14 1 0
12 11 14 2 0
12 11 14 3 0
12 11 14 4 0
12 11 14 5 0
12 11 14 6 0
12 11 14 7 0
12 11 14 8 0
12 11 14 9 0
12 11 14 10 0
12 11 14 11 0
12 11 14 12 0
12 11 14 13 0
12 11 14 14 0
12 11 14 15 0
12 11 15 0 0
12 11 15 1 0
12 11 15 2 0
12 11 15 3 0
12 11 15 4 0
12 11 15 5 0
12 11 15 6 0
12 11 15 7 0
12 11 15 8 0
12 11 15 9 0
12 11 15 10 0
12 11 15 11 0
12 11 15 12 0
12 11 15 13 0
12 11 15 14 0
12 11 15 15 0
12 12 0 0 0
12 12 0 1 0
12 12 0 2 0
12 12 0 3 0
12 12 0 4 0
12 12 0 5 0
12 12 0 6 0
12 12 0 7 0
12 12 0 8 0
12 12 0 9 0
12 12 0 10 0
12 12 0 11 0
12 12 0 12 0
12 12 0 13 0
12 12 0 14 0
12 12 0 15 0
12 12 1 0 0
12 12 1 1 0
12 12 1 2 0
12 12 1 3 0
12 12 1 4 0
12 12 1 5 0
12 12 1 6 0
12 12 1 7 0
12 12 1 8 0
12 12 1 9 0
12 12 1 10 0
12 12 1 11 0
12 12 1 12 0
12 12 1 13 0
12 12 1 14 0
12 12 1 15 0
12 12 2 0 0
12 12 2 1 0
12 12 2 2 0
12 12 2 3 0
12 12 2 4 0
12 12 2 5 0
12 12 2 6 0
12 12 2 7 0
12 12 2 8 0
12 12 2 9 0
12 12 2 10 0
12 12 2 11 0
12 12 2 12 0
12 12 2 13 0
12 12 2 14 0
12 12 2 15 0
12 12 3 0 0
12 12 3 1 0
12 12 3 2 0
12 12 3 3 0
12 12 3 4 0
12 12 3 5 0
12 12 3 6 0
12 12 3 7 0
12 12 3 8 0
12 12 3 9 0
12 12 3 10 0
12 12 3 11 0
12 12 3 12 0
12 12 3 13 0
12 12 3 14 0
12 12 3 15 0
12 12 4 0 0
12 12 4 1 0
12 12 4 2 0
12 12 4 3 0
12 12 4 4 0
12 12 4 5 0
12 12 4 6 0
12 12 4 7 0
12 12 4 8 0
12 12 4 9 0
12 12 4 10 0
12 12 4 11 0
12 12 4 12 0
12 12 4 13 0
12 12 4 14 0
12 12 4 15 0
12 12 5 0 0
12 12 5 1 0
12 12 5 2 0
12 12 5 3 0
12 12 5 4 0
12 12 5 5 0
12 12 5 6 0
12 12 5 7 0
12 12 5 8 0
12 12 5 9 0
12 12 5 10 0
12 12 5 11 0
12 12 5 12 0
12 12 5 13 0
12 12 5 14 0
12 12 5 15 0
12 12 6 0 0
12 12 6 1 0
12 12 6 2 0
12 12 6 3 0
12 12 6 4 0
12 12 6 5 0
12 12 6 6 0
12 12 6 7 0
12 12 6 8 0
12 12 6 9 0
12 12 6 10 0
12 12 6 11 0
12 12 6 12 0
12 12 6 13 0
12 12 6 14 0
12 12 6 15 0
12 12 7 0 0
12 12 7 1 0
12 12 7 2 0
12 12 7 3 0
12 12 7 4 0
12 12 7 5 0
12 12 7 6 0
12 12 7 7 0
12 12 7 8 0
12 12 7 9 0
12 12 7 10 0
12 12 7 11 0
12 12 7 12 0
12 12 7 13 0
12 12 7 14 0
12 12 7 15 0
12 12 8 0 0
12 12 8 1 0
12 12 8 2 0
12 12 8 3 0
12 12 8 4 0
12 12 8 5 0
12 12 8 6 0
12 12 8 7 0
12 12 8 8 0
12 12 8 9 0
12 12 8 10 0
12 12 8 11 0
12 12 8 12 0
12 12 8 13 0
12 12 8 14 0
12 12 8 15 0
12 12 9 0 0
12 12 9 1 0
12 12 9 2 0
12 12 9 3 0
12 12 9 4 0
12 12 9 5 0
12 12 9 6 0
12 12 9 7 0
12 12 9 8 0
12 12 9 9 0
12 12 9 10 0
12 12 9 11 0
12 12 9 12 0
12 12 9 13 0
12 12 9 14 0
12 12 9 15 0
12 12 10 0 0
12 12 10 1 0
12 12 10 2 0
12 12 10 3 0
12 12 10 4 0
12 12 10 5 0
12 12 10 6 0
12 12 10 7 0
12 12 10 8 0
12 12 10 9 0
12 12 10 10 0
12 12 10 11 0
12 12 10 12 0
12 12 10 13 0
12 12 10 14 0
12 12 10 15 0
12 12 11 0 0
12 12 11 1 0
12 12 11 2 0
12 12 11 3 0
12 12 11 4 0
12 12 11 5 0
12 12 11 6 0
12 12 11 7 0
12 12 11 8 0
12 12 11 9 0
12 12 11 10 0
12 12 11 11 0
12 12 11 12 0
12 12 11 13 0
12 12 11 14 0
12 12 11 15 0
12 12 12 0 0
12 12 12 1 0
12 12 12 2 0
12 12 12 3 0
12 12 12 4 0
12 12 12 5 0
12 12 12 6 0
12 12 12 7 0
12 12 12 8 0
12 12 12 9 0
12 12 12 10 0
12 12 12 11 0
12 12 12 12 0
12 12 12 13 0
12 12 12 14 0
12 12 12 15 0
12 12 13 0 0
12 12 13 1 0
12 12 13 2 0
12 12 13 3 0
12 12 13 4 0
12 12 13 5 0
12 12 13 6 0
12 12 13 7 0
12 12 13 8 0
12 12 13 9 0
12 12 13 10 0
12 12 13 11 0
12 12 13 12 0
12 12 13 13 0
12 12 13 14 0
12 12 13 15 0
12 12 14 0 0
12 12 14 1 0
12 12 14 2 0
12 12 14 3 0
12 12 14 4 0
12 12 14 5 0
12 12 14 6 0
12 12 14 7 0
12 12 14 8 0
12 12 14 9 0
12 12 14 10 0
12 12 14 11 0
12 12 14 12 0
12 12 14 13 0
12 12 14 14 0
12 12 14 15 0
12 12 15 0 0
12 12 15 1 0
12 12 15 2 0
12 12 15 3 0
12 12 15 4 0
12 12 15 5 0
12 12 15 6 0
12 12 15 7 0
12 12 15 8 0
12 12 15 9 0
12 12 15 10 0
12 12 15 11 0
12 12 15 12 0
12 12 15 13 0
12 12 15 14 0
12 12 15 15 0
12 13 0 0 0
12 13 0 1 0
12 13 0 2 0
12 13 0 3 0
12 13 0 4 0
12 13 0 5 0
12 13 0 6 0
12 13 0 7 0
12 13 0 8 0
12 13 0 9 0
12 13 0 10 0
12 13 0 11 0
12 13 0 12 0
12 13 0 13 0
12 13 0 14 0
12 13 0 15 0
12 13 1 0 0
12 13 1 1 0
12 13 1 2 0
12 13 1 3 0
12 13 1 4 0
12 13 1 5 0
12 13 1 6 0
12 13 1 7 0
12 13 1 8 0
12 13 1 9 0
12 13 1 10 0
12 13 1 11 0
12 13 1 12 0
12 13 1 13 0
12 13 1 14 0
12 13 1 15 0
12 13 2 0 0
12 13 2 1 0
12 13 2 2 0
12 13 2 3 0
12 13 2 4 0
12 13 2 5 0
12 13 2 6 0
12 13 2 7 0
12 13 2 8 0
12 13 2 9 0
12 13 2 10 0
12 13 2 11 0
12 13 2 12 0
12 13 2 13 0
12 13 2 14 0
12 13 2 15 0
12 13 3 0 0
12 13 3 1 0
12 13 3 2 0
12 13 3 3 0
12 13 3 4 0
12 13 3 5 0
12 13 3 6 0
12 13 3 7 0
12 13 3 8 0
12 13 3 9 0
12 13 3 10 0
12 13 3 11 0
12 13 3 12 0
12 13 3 13 0
12 13 3 14 0
12 13 3 15 0
12 13 4 0 0
12 13 4 1 0
12 13 4 2 0
12 13 4 3 0
12 13 4 4 0
12 13 4 5 0
12 13 4 6 0
12 13 4 7 0
12 13 4 8 0
12 13 4 9 0
12 13 4 10 0
12 13 4 11 0
12 13 4 12 0
12 13 4 13 0
12 13 4 14 0
12 13 4 15 0
12 13 5 0 0
12 13 5 1 0
12 13 5 2 0
12 13 5 3 0
12 13 5 4 0
12 13 5 5 0
12 13 5 6 0
12 13 5 7 0
12 13 5 8 0
12 13 5 9 0
12 13 5 10 0
12 13 5 11 0
12 13 5 12 0
12 13 5 13 0
12 13 5 14 0
12 13 5 15 0
12 13 6 0 0
12 13 6 1 0
12 13 6 2 0
12 13 6 3 0
12 13 6 4 0
12 13 6 5 0
12 13 6 6 0
12 13 6 7 0
12 13 6 8 0
12 13 6 9 0
12 13 6 10 0
12 13 6 11 0
12 13 6 12 0
12 13 6 13 0
12 13 6 14 0
12 13 6 15 0
12 13 7 0 0
12 13 7 1 0
12 13 7 2 0
12 13 7 3 0
12 13 7 4 0
12 13 7 5 0
12 13 7 6 0
12 13 7 7 0
12 13 7 8 0
12 13 7 9 0
12 13 7 10 0
12 13 7 11 0
12 13 7 12 0
12 13 7 13 0
12 13 7 14 0
12 13 7 15 0
12 13 8 0 0
12 13 8 1 0
12 13 8 2 0
12 13 8 3 0
12 13 8 4 0
12 13 8 5 0
12 13 8 6 0
12 13 8 7 0
12 13 8 8 0
12 13 8 9 0
12 13 8 10 0
12 13 8 11 0
12 13 8 12 0
12 13 8 13 0
12 13 8 14 0
12 13 8 15 0
12 13 9 0 0
12 13 9 1 0
12 13 9 2 0
12 13 9 3 0
12 13 9 4 0
12 13 9 5 0
12 13 9 6 0
12 13 9 7 0
12 13 9 8 0
12 13 9 9 0
12 13 9 10 0
12 13 9 11 0
12 13 9 12 0
12 13 9 13 0
12 13 9 14 0
12 13 9 15 0
12 13 10 0 0
12 13 10 1 0
12 13 10 2 0
12 13 10 3 0
12 13 10 4 0
12 13 10 5 0
12 13 10 6 0
12 13 10 7 0
12 13 10 8 0
12 13 10 9 0
12 13 10 10 0
12 13 10 11 0
12 13 10 12 0
12 13 10 13 0
12 13 10 14 0
12 13 10 15 0
12 13 11 0 0
12 13 11 1 0
12 13 11 2 0
12 13 11 3 0
12 13 11 4 0
12 13 11 5 0
12 13 11 6 0
12 13 11 7 0
12 13 11 8 0
12 13 11 9 0
12 13 11 10 0
12 13 11 11 0
12 13 11 12 0
12 13 11 13 0
12 13 11 14 0
12 13 11 15 0
12 13 12 0 0
12 13 12 1 0
12 13 12 2 0
12 13 12 3 0
12 13 12 4 0
12 13 12 5 0
12 13 12 6 0
12 13 12 7 0
12 13 12 8 0
12 13 12 9 0
12 13 12 10 0
12 13 12 11 0
12 13 12 12 0
12 13 12 13 0
12 13 12 14 0
12 13 12 15 0
12 13 13 0 0
12 13 13 1 0
12 13 13 2 0
12 13 13 3 0
12 13 13 4 0
12 13 13 5 0
12 13 13 6 0
12 13 13 7 0
12 13 13 8 0
12 13 13 9 0
12 13 13 10 0
12 13 13 11 0
12 13 13 12 0
12 13 13 13 0
12 13 13 14 0
12 13 13 15 0
12 13 14 0 0
12 13 14 1 0
12 13 14 2 0
12 13 14 3 0
12 13 14 4 0
12 13 14 5 0
12 13 14 6 0
12 13 14 7 0
12 13 14 8 0
12 13 14 9 0
12 13 14 10 0
12 13 14 11 0
12 13 14 12 0
12 13 14 13 0
12 13 14 14 0
12 13 14 15 0
12 13 15 0 0
12 13 15 1 0
12 13 15 2 0
12 13 15 3 0
12 13 15 4 0
12 13 15 5 0
12 13 15 6 0
12 13 15 7 0
12 13 15 8 0
12 13 15 9 0
12 13 15 10 0
12 13 15 11 0
12 13 15 12 0
12 13 15 13 0
12 13 15 14 0
12 13 15 15 0
12 14 0 0 0
12 14 0 1 0
12 14 0 2 0
12 14 0 3 0
12 14 0 4 0
12 14 0 5 0
12 14 0 6 0
12 14 0 7 0
12 14 0 8 0
12 14 0 9 0
12 14 0 10 0
12 14 0 11 0
12 14 0 12 0
12 14 0 13 0
12 14 0 14 0
12 14 0 15 0
12 14 1 0 0
12 14 1 1 0
12 14 1 2 0
12 14 1 3 0
12 14 1 4 0
12 14 1 5 0
12 14 1 6 0
12 14 1 7 0
12 14 1 8 0
12 14 1 9 0
12 14 1 10 0
12 14 1 11 0
12 14 1 12 0
12 14 1 13 0
12 14 1 14 0
12 14 1 15 0
12 14 2 0 0
12 14 2 1 0
12 14 2 2 0
12 14 2 3 0
12 14 2 4 0
12 14 2 5 0
12 14 2 6 0
12 14 2 7 0
12 14 2 8 0
12 14 2 9 0
12 14 2 10 0
12 14 2 11 0
12 14 2 12 0
12 14 2 13 0
12 14 2 14 0
12 14 2 15 0
12 14 3 0 0
12 14 3 1 0
12 14 3 2 0
12 14 3 3 0
12 14 3 4 0
12 14 3 5 0
12 14 3 6 0
12 14 3 7 0
12 14 3 8 0
12 14 3 9 0
12 14 3 10 0
12 14 3 11 0
12 14 3 12 0
12 14 3 13 0
12 14 3 14 0
12 14 3 15 0
12 14 4 0 0
12 14 4 1 0
12 14 4 2 0
12 14 4 3 0
12 14 4 4 0
12 14 4 5 0
12 14 4 6 0
12 14 4 7 0
12 14 4 8 0
12 14 4 9 0
12 14 4 10 0
12 14 4 11 0
12 14 4 12 0
12 14 4 13 0
12 14 4 14 0
12 14 4 15 0
12 14 5 0 0
12 14 5 1 0
12 14 5 2 0
12 14 5 3 0
12 14 5 4 0
12 14 5 5 0
12 14 5 6 0
12 14 5 7 0
12 14 5 8 0
12 14 5 9 0
12 14 5 10 0
12 14 5 11 0
12 14 5 12 0
12 14 5 13 0
12 14 5 14 0
12 14 5 15 0
12 14 6 0 0
12 14 6 1 0
12 14 6 2 0
12 14 6 3 0
12 14 6 4 0
12 14 6 5 0
12 14 6 6 0
12 14 6 7 0
12 14 6 8 0
12 14 6 9 0
12 14 6 10 0
12 14 6 11 0
12 14 6 12 0
12 14 6 13 0
12 14 6 14 0
12 14 6 15 0
12 14 7 0 0
12 14 7 1 0
12 14 7 2 0
12 14 7 3 0
12 14 7 4 0
12 14 7 5 0
12 14 7 6 0
12 14 7 7 0
12 14 7 8 0
12 14 7 9 0
12 14 7 10 0
12 14 7 11 0
12 14 7 12 0
12 14 7 13 0
12 14 7 14 0
12 14 7 15 0
12 14 8 0 0
12 14 8 1 0
12 14 8 2 0
12 14 8 3 0
12 14 8 4 0
12 14 8 5 0
12 14 8 6 0
12 14 8 7 0
12 14 8 8 0
12 14 8 9 0
12 14 8 10 0
12 14 8 11 0
12 14 8 12 0
12 14 8 13 0
12 14 8 14 0
12 14 8 15 0
12 14 9 0 0
12 14 9 1 0
12 14 9 2 0
12 14 9 3 0
12 14 9 4 0
12 14 9 5 0
12 14 9 6 0
12 14 9 7 0
12 14 9 8 0
12 14 9 9 0
12 14 9 10 0
12 14 9 11 0
12 14 9 12 0
12 14 9 13 0
12 14 9 14 0
12 14 9 15 0
12 14 10 0 0
12 14 10 1 0
12 14 10 2 0
12 14 10 3 0
12 14 10 4 0
12 14 10 5 0
12 14 10 6 0
12 14 10 7 0
12 14 10 8 0
12 14 10 9 0
12 14 10 10 0
12 14 10 11 0
12 14 10 12 0
12 14 10 13 0
12 14 10 14 0
12 14 10 15 0
12 14 11 0 0
12 14 11 1 0
12 14 11 2 0
12 14 11 3 0
12 14 11 4 0
12 14 11 5 0
12 14 11 6 0
12 14 11 7 0
12 14 11 8 0
12 14 11 9 0
12 14 11 10 0
12 14 11 11 0
12 14 11 12 0
12 14 11 13 0
12 14 11 14 0
12 14 11 15 0
12 14 12 0 0
12 14 12 1 0
12 14 12 2 0
12 14 12 3 0
12 14 12 4 0
12 14 12 5 0
12 14 12 6 0
12 14 12 7 0
12 14 12 8 0
12 14 12 9 0
12 14 12 10 0
12 14 12 11 0
12 14 12 12 0
12 14 12 13 0
12 14 12 14 0
12 14 12 15 0
12 14 13 0 0
12 14 13 1 0
12 14 13 2 0
12 14 13 3 0
12 14 13 4 0
12 14 13 5 0
12 14 13 6 0
12 14 13 7 0
12 14 13 8 0
12 14 13 9 0
12 14 13 10 0
12 14 13 11 0
12 14 13 12 0
12 14 13 13 0
12 14 13 14 0
12 14 13 15 0
12 14 14 0 0
12 14 14 1 0
12 14 14 2 0
12 14 14 3 0
12 14 14 4 0
12 14 14 5 0
12 14 14 6 0
12 14 14 7 0
12 14 14 8 0
12 14 14 9 0
12 14 14 10 0
12 14 14 11 0
12 14 14 12 0
12 14 14 13 0
12 14 14 14 0
12 14 14 15 0
12 14 15 0 0
12 14 15 1 0
12 14 15 2 0
12 14 15 3 0
12 14 15 4 0
12 14 15 5 0
12 14 15 6 0
12 14 15 7 0
12 14 15 8 0
12 14 15 9 0
12 14 15 10 0
12 14 15 11 0
12 14 15 12 0
12 14 15 13 0
12 14 15 14 0
12 14 15 15 0
12 15 0 0 0
12 15 0 1 0
12 15 0 2 0
12 15 0 3 0
12 15 0 4 0
12 15 0 5 0
12 15 0 6 0
12 15 0 7 0
12 15 0 8 0
12 15 0 9 0
12 15 0 10 0
12 15 0 11 0
12 15 0 12 0
12 15 0 13 0
12 15 0 14 0
12 15 0 15 0
12 15 1 0 0
12 15 1 1 0
12 15 1 2 0
12 15 1 3 0
12 15 1 4 0
12 15 1 5 0
12 15 1 6 0
12 15 1 7 0
12 15 1 8 0
12 15 1 9 0
12 15 1 10 0
12 15 1 11 0
12 15 1 12 0
12 15 1 13 0
12 15 1 14 0
12 15 1 15 0
12 15 2 0 0
12 15 2 1 0
12 15 2 2 0
12 15 2 3 0
12 15 2 4 0
12 15 2 5 0
12 15 2 6 0
12 15 2 7 0
12 15 2 8 0
12 15 2 9 0
12 15 2 10 0
12 15 2 11 0
12 15 2 12 0
12 15 2 13 0
12 15 2 14 0
12 15 2 15 0
12 15 3 0 0
12 15 3 1 0
12 15 3 2 0
12 15 3 3 0
12 15 3 4 0
12 15 3 5 0
12 15 3 6 0
12 15 3 7 0
12 15 3 8 0
12 15 3 9 0
12 15 3 10 0
12 15 3 11 0
12 15 3 12 0
12 15 3 13 0
12 15 3 14 0
12 15 3 15 0
12 15 4 0 0
12 15 4 1 0
12 15 4 2 0
12 15 4 3 0
12 15 4 4 0
12 15 4 5 0
12 15 4 6 0
12 15 4 7 0
12 15 4 8 0
12 15 4 9 0
12 15 4 10 0
12 15 4 11 0
12 15 4 12 0
12 15 4 13 0
12 15 4 14 0
12 15 4 15 0
12 15 5 0 0
12 15 5 1 0
12 15 5 2 0
12 15 5 3 0
12 15 5 4 0
12 15 5 5 0
12 15 5 6 0
12 15 5 7 0
12 15 5 8 0
12 15 5 9 0
12 15 5 10 0
12 15 5 11 0
12 15 5 12 0
12 15 5 13 0
12 15 5 14 0
12 15 5 15 0
12 15 6 0 0
12 15 6 1 0
12 15 6 2 0
12 15 6 3 0
12 15 6 4 0
12 15 6 5 0
12 15 6 6 0
12 15 6 7 0
12 15 6 8 0
12 15 6 9 0
12 15 6 10 0
12 15 6 11 0
12 15 6 12 0
12 15 6 13 0
12 15 6 14 0
12 15 6 15 0
12 15 7 0 0
12 15 7 1 0
12 15 7 2 0
12 15 7 3 0
12 15 7 4 0
12 15 7 5 0
12 15 7 6 0
12 15 7 7 0
12 15 7 8 0
12 15 7 9 0
12 15 7 10 0
12 15 7 11 0
12 15 7 12 0
12 15 7 13 0
12 15 7 14 0
12 15 7 15 0
12 15 8 0 0
12 15 8 1 0
12 15 8 2 0
12 15 8 3 0
12 15 8 4 0
12 15 8 5 0
12 15 8 6 0
12 15 8 7 0
12 15 8 8 0
12 15 8 9 0
12 15 8 10 0
12 15 8 11 0
12 15 8 12 0
12 15 8 13 0
12 15 8 14 0
12 15 8 15 0
12 15 9 0 0
12 15 9 1 0
12 15 9 2 0
12 15 9 3 0
12 15 9 4 0
12 15 9 5 0
12 15 9 6 0
12 15 9 7 0
12 15 9 8 0
12 15 9 9 0
12 15 9 10 0
12 15 9 11 0
12 15 9 12 0
12 15 9 13 0
12 15 9 14 0
12 15 9 15 0
12 15 10 0 0
12 15 10 1 0
12 15 10 2 0
12 15 10 3 0
12 15 10 4 0
12 15 10 5 0
12 15 10 6 0
12 15 10 7 0
12 15 10 8 0
12 15 10 9 0
12 15 10 10 0
12 15 10 11 0
12 15 10 12 0
12 15 10 13 0
12 15 10 14 0
12 15 10 15 0
12 15 11 0 0
12 15 11 1 0
12 15 11 2 0
12 15 11 3 0
12 15 11 4 0
12 15 11 5 0
12 15 11 6 0
12 15 11 7 0
12 15 11 8 0
12 15 11 9 0
12 15 11 10 0
12 15 11 11 0
12 15 11 12 0
12 15 11 13 0
12 15 11 14 0
12 15 11 15 0
12 15 12 0 0
12 15 12 1 0
12 15 12 2 0
12 15 12 3 0
12 15 12 4 0
12 15 12 5 0
12 15 12 6 0
12 15 12 7 0
12 15 12 8 0
12 15 12 9 0
12 15 12 10 0
12 15 12 11 0
12 15 12 12 0
12 15 12 13 0
12 15 12 14 0
12 15 12 15 0
12 15 13 0 0
12 15 13 1 0
12 15 13 2 0
12 15 13 3 0
12 15 13 4 0
12 15 13 5 0
12 15 13 6 0
12 15 13 7 0
12 15 13 8 0
12 15 13 9 0
12 15 13 10 0
12 15 13 11 0
12 15 13 12 0
12 15 13 13 0
12 15 13 14 0
12 15 13 15 0
12 15 14 0 0
12 15 14 1 0
12 15 14 2 0
12 15 14 3 0
12 15 14 4 0
12 15 14 5 0
12 15 14 6 0
12 15 14 7 0
12 15 14 8 0
12 15 14 9 0
12 15 14 10 0
12 15 14 11 0
12 15 14 12 0
12 15 14 13 0
12 15 14 14 0
12 15 14 15 0
12 15 15 0 0
12 15 15 1 0
12 15 15 2 0
12 15 15 3 0
12 15 15 4 0
12 15 15 5 0
12 15 15 6 0
12 15 15 7 0
12 15 15 8 0
12 15 15 9 0
12 15 15 10 0
12 15 15 11 0
12 15 15 12 0
12 15 15 13 0
12 15 15 14 0
12 15 15 15 0
13 0 0 0 0
13 0 0 1 0
13 0 0 2 0
13 0 0 3 0
13 0 0 4 0
13 0 0 5 0
13 0 0 6 -0.04963048162576172
13 0 0 7 0
13 0 0 8 0
13 0 0 9 0
13 0 0 10 0
13 0 0 11 0
13 0 0 12 0
13 0 0 13 -0.003567260723183296
13 0 0 14 0
13 0 0 15 0
13 0 1 0 0
13 0 1 1 0
13 0 1 2 0
13 0 1 3 0
13 0 1 4 0
13 0 1 5 0
13 0 1 6 0
13 0 1 7 0
13 0 1 8 0
13 0 1 9 0
13 0 1 10 0
13 0 1 11 0
13 0 1 12 0
13 0 1 13 0
13 0 1 14 0
13 0 1 15 0
13 0 2 0 0
13 0 2 1 0
13 0 2 2 0
13 0 2 3 0
13 0 2 4 0
13 0 2 5 0
13 0 2 6 0
13 0 2 7 0
13 0 2 8 0
13 0 2 9 0
13 0 2 10 0
13 0 2 11 0
13 0 2 12 0
13 0 2 13 0
13 0 2 14 0
13 0 2 15 0
13 0 3 0 0
13 0 3 1 0
13 0 3 2 0
13 0 3 3 0
13 0 3 4 0
13 0 3 5 0
13 0 3 6 0
13 0 3 7 0
13 0 3 8 0
13 0 3 9 0
13 0 3 10 0
13 0 3 11 0
13 0 3 12 0
13 0 3 13 0
13 0 3 14 0
13 0 3 15 0
13 0 4 0 0
13 0 4 1 0
13 0 4 2 0
13 0 4 3 0
13 0 4 4 0
13 0 4 5 0
13 0 4 6 0
13 0 4 7 0
13 0 4 8 0
13 0 4 9 0
13 0 4 10 0
13 0 4 11 0
13 0 4 12 0
13 0 4 13 0
13 0 4 14 0
13 0 4 15 0
13 0 5 0 0
13 0 5 1 0
13 0 5 2 0
13 0 5 3 0
13 0 5 4 0
13 0 5 5 0
13 0 5 6 0
13 0 5 7 0
13 0 5 8 0
13 0 5 9 0
13 0 5 10 0
13 0 5 11 0
13 0 5 12 0
13 0 5 13 0
13 0 5 14 0
13 0 5 15 0
13 0 6 0 0.09926096325152345
13 0 6 1 0
13 0 6 2 0
13 0 6 3 0
13 0 6 4 0
13 0 6 5 0
13 0 6 6 0
13 0 6 7 0
13 0 6 8 0
13 0 6 9 0
13 0 6 10 0
13 0 6 11 -0.0008041747077891207
13 0 6 12 0
13 0 6 13 0
13 0 6 14 0
13 0 6 15 0
13 0 7 0 0
13 0 7 1 0
13 0 7 2 0
13 0 7 3 0
13 0 7 4 0
13 0 7 5 0
13 0 7 6 0
13 0 7 7 0
13 0 7 8 0
13 0 7 9 0
13 0 7 10 0
13 0 7 11 0
13 0 7 12 0
13 0 7 13 0
13 0 7 14 0
13 0 7 15 0
13 0 8 0 0
13 0 8 1 0
13 0 8 2 0
13 0 8 3 0
13 0 8 4 0
13 0 8 5 0
13 0 8 6 0
13 0 8 7 0
13 0 8 8 0
13 0 8 9 0
13 0 8 10 0
13 0 8 11 0
13 0 8 12 0
13 0 8 13 0
13 0 8 14 0
13 0 8 15 0
13 0 9 0 0
13 0 9 1 0
13 0 9 2 0
13 0 9 3 0
13 0 9 4 0
13 0 9 5 0
13 0 9 6 0
13 0 9 7 0
13 0 9 8 0
13 0 9 9 0
13 0 9 10 0
13 0 9 11 0
13 0 9 12 0
13 0 9 13 0
13 0 9 14 0
13 0 9 15 0
13 0 10 0 0
13 0 10 1 0
13 0 10 2 0
13 0 10 3 0
13 0 10 4 0
13 0 10 5 0
13 0 10 6 0
13 0 10 7 0
13 0 10 8 0
13 0 10 9 0
13 0 10 10 0
13 0 10 11 0
13 0 10 12 0
13 0 10 13 0
13 0 10 14 0
13 0 10 15 0
13 0 11 0 0
13 0 11 1 0
13 0 11 2 0
13 0 11 3 0
13 0 11 4 0
13 0 11 5 0
13 0 11 6 -0.0008541723898991104
13 0 11 7 0
13 0 11 8 0
13 0 11 9 0
13 0 11 10 0
13 0 11 11 0
13 0 11 12 0
13 0 11 13 0
13 0 11 14 0
13 0 11 15 0
13 0 12 0 0
13 0 12 1 0
13 0 12 2 0
13 0 12 3 0
13 0 12 4 0
13 0 12 5 0
13 0 12 6 0
13 0 12 7 0
13 0 12 8 0
13 0 12 9 0
13 0 12 10 0
13 0 12 11 0
13 0 12 12 0
13 0 12 13 0
13 0 12 14 0
13 0 12 15 0
13 0 13 0 0.007134521446366593
13 0 13 1 0
13 0 13 2 0
13 0 13 3 0
13 0 13 4 0
13 0 13 5 0
13 0 13 6 0
13 0 13 7 0
13 0 13 8 0
13 0 13 9 0
13 0 13 10 0
13 0 13 11 0
13 0 13 12 0
13 0 13 13 0
13 0 13 14 0
13 0 13 15 0
13 0 14 0 0
13 0 14 1 0
13 0 14 2 0
13 0 14 3 0
13 0 14 4 0
13 0 14 5 0
13 0 14 6 0
13 0 14 7 0
13 0 14 8 0
13 0 14 9 0
13 0 14 10 0
13 0 14 11 0
13 0 14 12 0
13 0 14 13 0
13 0 14 14 0
13 0 14 15 0
13 0 15 0 0
13 0 15 1 0
13 0 15 2 0
13 0 15 3 0
13 0 15 4 0
13 0 15 5 0
13 0 15 6 0
13 0 15 7 0
13 0 15 8 0
13 0 15 9 0
13 0 15 10 0
13 0 15 11 0
13 0 15 12 0
13 0 15 13 0
13 0 15 14 0
13 0 15 15 0
13 1 0 0 0
13 1 0 1 0
13 1 0 2 0
13 1 0 3 0
13 1 0 4 0
13 1 0 5 0
13 1 0 6 0
13 1 0 7 0
13 1 0 8 0
13 1 0 9 0
13 1 0 10 0
13 1 0 11 0
13 1 0 12 0
13 1 0 13 0
13 1 0 14 0
13 1 0 15 0
13 1 1 0 0
13 1 1 1 0
13 1 1 2 0
13 1 1 3 0
13 1 1 4 0
13 1 1 5 0
13 1 1 6 -0.04963048162576172
13 1 1 7 0
13 1 1 8 0
13 1 1 9 0
13 1 1 10 0
13 1 1 11 0
13 1 1 12 0
13 1 1 13 -0.003567260723183296
13 1 1 14 0
13 1 1 15 0
13 1 2 0 0
13 1 2 1 0
13 1 2 2 0
13 1 2 3 0
13 1 2 4 0
13 1 2 5 0
13 1 2 6 0
13 1 2 7 0
13 1 2 8 0
13 1 2 9 0
13 1 2 10 0
13 1 2 11 0
13 1 2 12 0
13 1 2 13 0
13 1 2 14 0
13 1 2 15 0
13 1 3 0 0
13 1 3 1 0
13 1 3 2 0
13 1 3 3 0
13 1 3 4 0
13 1 3 5 0
13 1 3 6 0
13 1 3 7 0
13 1 3 8 0
13 1 3 9 0
13 1 3 10 0
13 1 3 11 0
13 1 3 12 0
13 1 3 13 0
13 1 3 14 0
13 1 3 15 0
13 1 4 0 0
13 1 4 1 0
13 1 4 2 0
13 1 4 3 0
13 1 4 4 0
13 1 4 5 0
13 1 4 6 0
13 1 4 7 0
13 1 4 8 0
13 1 4 9 0
13 1 4 10 0
13 1 4 11 0
13 1 4 12 0
13 1 4 13 0
13 1 4 14 0
13 1 4 15 0
13 1 5 0 0
13 1 5 1 0
13 1 5 2 0
13 1 5 3 0
13 1 5 4 0
13 1 5 5 0
13 1 5 6 0
13 1 5 7 0
13 1 5 8 0
13 1 5 9 0
13 1 5 10 0
13 1 5 11 0
13 1 5 12 0
13 1 5 13 0
13 1 5 14 0
13 1 5 15 0
13 1 6 0 0
13 1 6 1 0.09926096325152345
13 1 6 2 0
13 1 6 3 0
13 1 6 4 0
13 1 6 5 0
13 1 6 6 0
13 1 6 7 0
13 1 6 8 0
13 1 6 9 0
13 1 6 10 0
13 1 6 11 0
13 1 6 12 0
13 1 6 13 0
13 1 6 14 0
13 1 6 15 0.0008223970296872086
13 1 7 0 0
13 1 7 1 0
13 1 7 2 0
13 1 7 3 0
13 1 7 4 0
13 1 7 5 0
13 1 7 6 0
13 1 7 7 0
13 1 7 8 0
13 1 7 9 0
13 1 7 10 0
13 1 7 11 0
13 1 7 12 0
13 1 7 13 0
13 1 7 14 0
13 1 7 15 0
13 1 8 0 0
13 1 8 1 0
13 1 8 2 0
13 1 8 3 0
13 1 8 4 0
13 1 8 5 0
13 1 8 6 0
13 1 8 7 0
13 1 8 8 0
13 1 8 9 0
13 1 8 10 0
13 1 8 11 0
13 1 8 12 0
13 1 8 13 0
13 1 8 14 0
13 1 8 15 0
13 1 9 0 0
13 1 9 1 0
13 1 9 2 0
13 1 9 3 0
13 1 9 4 0
13 1 9 5 0
13 1 9 6 0
13 1 9 7 0
13 1 9 8 0
13 1 9 9 0
13 1 9 10 0
13 1 9 11 0
13 1 9 12 0
13 1 9 13 0
13 1 9 14 0
13 1 9 15 0
13 1 10 0 0
13 1 10 1 0
13 1 10 2 0
13 1 10 3 0
13 1 10 4 0
13 1 10 5 0
13 1 10 6 0
13 1 10 7 0
13 1 10 8 0
13 1 10 9 0
13 1 10 10 0
13 1 10 11 0
13 1 10 12 0
13 1 10 13 0
13 1 10 14 0
13 1 10 15 0
13 1 11 0 0
13 1 11 1 0
13 1 11 2 0
13 1 11 3 0
13 1 11 4 0
13 1 11 5 0
13 1 11 6 0
13 1 11 7 0
13 1 11 8 0
13 1 11 9 0
13 1 11 10 0
13 1 11 11 0
13 1 11 12 0
13 1 11 13 0
13 1 11 14 0
13 1 11 15 0
13 1 12 0 0
13 1 12 1 0
13 1 12 2 0
13 1 12 3 0
13 1 12 4 0
13 1 12 5 0
13 1 12 6 0
13 1 12 7 0
13 1 12 8 0
13 1 12 9 0
13 1 12 10 0
13 1 12 11 0
13 1 12 12 0
13 1 12 13 0
13 1 12 14 0
13 1 12 15 0
13 1 13 0 0
13 1 13 1 0.007134521446366593
13 1 13 2 0
13 1 13 3 0
13 1 13 4 0
13 1 13 5 0
13 1 13 6 0
13 1 13 7 0
13 1 13 8 0
13 1 13 9 0
13 1 13 10 0
13 1 13 11 0
13 1 13 12 0
13 1 13 13 0
13 1 13 14 0
13 1 13 15 0
13 1 14 0 0
13 1 14 1 0
13 1 14 2 0
13 1 14 3 0
13 1 14 4 0
13 1 14 5 0
13 1 14 6 0
13 1 14 7 0
13 1 14 8 0
13 1 14 9 0
13 1 14 10 0
13 1 14 11 0
13 1 14 12 0
13 1 14 13 0
13 1 14 14 0
13 1 14 15 0
13 1 15 0 0
13 1 15 1 0
13 1 15 2 0
13 1 15 3 0
13 1 15 4 0
13 1 15 5 0
13 1 15 6 -0.0002533309364730869
13 1 15 7 0
13 1 15 8 0
13 1 15 9 0
13 1 15 10 0
13 1 15 11 0
13 1 15 12 0
13 1 15 13 0
13 1 15 14 0
13 1 15 15 0
13 2 0 0 0
13 2 0 1 0
13 2 0 2 0
13 2 0 3 0
13 2 0 4 0
13 2 0 5 0
13 2 0 6 0
13 2 0 7 0
13 2 0 8 0
13 2 0 9 0
13 2 0 10 0
13 2 0 11 0
13 2 0 12 0
13 2 0 13 0
13 2 0 14 0
13 2 0 15 0
13 2 1 0 0
13 2 1 1 0
13 2 1 2 0
13 2 1 3 0
13 2 1 4 0
13 2 1 5 0
13 2 1 6 0
13 2 1 7 0
13 2 1 8 0
13 2 1 9 0
13 2 1 10 0
13 2 1 11 0
13 2 1 12 0
13 2 1 13 0
13 2 1 14 0
13 2 1 15 0
13 2 2 0 0
13 2 2 1 0
13 2 2 2 0
13 2 2 3 0
13 2 2 4 0
13 2 2 5 0
13 2 2 6 -0.04963048162576172
13 2 2 7 0
13 2 2 8 0
13 2 2 9 0
13 2 2 10 0
13 2 2 11 0
13 2 2 12 0
13 2 2 13 -0.003567260723183296
13 2 2 14 0
13 2 2 15 0
13 2 3 0 0
13 2 3 1 0
13 2 3 2 0
13 2 3 3 0
13 2 3 4 0
13 2 3 5 0
13 2 3 6 0
13 2 3 7 0
13 2 3 8 0
13 2 3 9 0
13 2 3 10 0
13 2 3 11 0
13 2 3 12 0
13 2 3 13 0
13 2 3 14 0
13 2 3 15 0
13 2 4 0 0
13 2 4 1 0
13 2 4 2 0
13 2 4 3 0
13 2 4 4 0
13 2 4 5 0
13 2 4 6 0
13 2 4 7 0
13 2 4 8 0
13 2 4 9 0
13 2 4 10 0
13 2 4 11 0
13 2 4 12 0
13 2 4 13 0
13 2 4 14 0
13 2 4 15 0
13 2 5 0 0
13 2 5 1 0
13 2 5 2 0
13 2 5 3 0
13 2 5 4 0
13 2 5 5 0
13 2 5 6 0
13 2 5 7 0
13 2 5 8 0
13 2 5 9 0
13 2 5 10 0
13 2 5 11 0
13 2 5 12 0
13 2 5 13 0
13 2 5 14 0
13 2 5 15 0
13 2 6 0 0
13 2 6 1 0
13 2 6 2 0.09926096325152345
13 2 6 3 0
13 2 6 4 0
13 2 6 5 0
13 2 6 6 0
13 2 6 7 0
13 2 6 8 0
13 2 6 9 0
13 2 6 10 0
13 2 6 11 -0.001767231278484542
13 2 6 12 0
13 2 6 13 0
13 2 6 14 0.002354921862414827
13 2 6 15 0
13 2 7 0 0
13 2 7 1 0
13 2 7 2 0
13 2 7 3 0.016657432082291
13 2 7 4 0
13 2 7 5 0
13 2 7 6 0
13 2 7 7 0
13 2 7 8 0
13 2 7 9 0
13 2 7 10 0
13 2 7 11 0
13 2 7 12 0
13 2 7 13 0
13 2 7 14 0
13 2 7 15 0
13 2 8 0 0
13 2 8 1 0
13 2 8 2 0
13 2 8 3 0
13 2 8 4 0
13 2 8 5 0
13 2 8 6 0
13 2 8 7 0
13 2 8 8 0
13 2 8 9 0
13 2 8 10 0
13 2 8 11 0
13 2 8 12 0
13 2 8 13 0
13 2 8 14 0
13 2 8 15 0
13 2 9 0 0
13 2 9 1 0
13 2 9 2 0
13 2 9 3 0
13 2 9 4 0
13 2 9 5 0
13 2 9 6 0
13 2 9 7 0
13 2 9 8 0
13 2 9 9 0
13 2 9 10 0
13 2 9 11 0
13 2 9 12 0
13 2 9 13 0
13 2 9 14 0
13 2 9 15 0
13 2 10 0 0
13 2 10 1 0
13 2 10 2 0
13 2 10 3 0
13 2 10 4 0
13 2 10 5 0
13 2 10 6 0
13 2 10 7 0
13 2 10 8 0
13 2 10 9 0
13 2 10 10 0
13 2 10 11 0
13 2 10 12 0
13 2 10 13 0
13 2 10 14 0
13 2 10 15 0
13 2 11 0 0
13 2 11 1 0
13 2 11 2 0
13 2 11 3 0
13 2 11 4 0
13 2 11 5 0
13 2 11 6 0.0004126817464299779
13 2 11 7 0
13 2 11 8 0
13 2 11 9 0
13 2 11 10 0
13 2 11 11 0
13 2 11 12 0
13 2 11 13 0
13 2 11 14 0
13 2 11 15 0
13 2 12 0 0
13 2 12 1 0
13 2 12 2 0
13 2 12 3 0
13 2 12 4 0
13 2 12 5 0
13 2 12 6 0
13 2 12 7 0
13 2 12 8 0
13 2 12 9 0
13 2 12 10 0
13 2 12 11 0
13 2 12 12 0
13 2 12 13 0
13 2 12 14 0
13 2 12 15 0
13 2 13 0 0
13 2 13 1 0
13 2 13 2 0.007134521446366593
13 2 13 3 0
13 2 13 4 0
13 2 13 5 0
13 2 13 6 0
13 2 13 7 0
13 2 13 8 0
13 2 13 9 0
13 2 13 10 0
13 2 13 11 0
13 2 13 12 0
13 2 13 13 0
13 2 13 14 0
13 2 13 15 0
13 2 14 0 0
13 2 14 1 0
13 2 14 2 0
13 2 14 3 0
13 2 14 4 0
13 2 14 5 0
13 2 14 6 -0.001426241037643759
13 2 14 7 0
13 2 14 8 0
13 2 14 9 0
13 2 14 10 0
13 2 14 11 0
13 2 14 12 0
13 2 14 13 0
13 2 14 14 0
13 2 14 15 0
13 2 15 0 0
13 2 15 1 0
13 2 15 2 0
13 2 15 3 0
13 2 15 4 0
13 2 15 5 0
13 2 15 6 0
13 2 15 7 0
13 2 15 8 0
13 2 15 9 0
13 2 15 10 0
13 2 15 11 0
13 2 15 12 0
13 2 15 13 0
13 2 15 14 0
13 2 15 15 0
13 3 0 0 0
13 3 0 1 0
13 3 0 2 0
13 3 0 3 0
13 3 0 4 0
13 3 0 5 0
13 3 0 6 0
13 3 0 7 0
13 3 0 8 0
13 3 0 9 0
13 3 0 10 0
13 3 0 11 0
13 3 0 12 0
13 3 0 13 0
13 3 0 14 0
13 3 0 15 0
13 3 1 0 0
13 3 1 1 0
13 3 1 2 0
13 3 1 3 0
13 3 1 4 0
13 3 1 5 0
13 3 1 6 0
13 3 1 7 0
13 3 1 8 0
13 3 1 9 0
13 3 1 10 0
13 3 1 11 0
13 3 1 12 0
13 3 1 13 0
13 3 1 14 0
13 3 1 15 0
13 3 2 0 0
13 3 2 1 0
13 3 2 2 0
13 3 2 3 0
13 3 2 4 0
13 3 2 5 0
13 3 2 6 0
13 3 2 7 0
13 3 2 8 0
13 3 2 9 0
13 3 2 10 0
13 3 2 11 0
13 3 2 12 0
13 3 2 13 0
13 3 2 14 0
13 3 2 15 0
13 3 3 0 0
13 3 3 1 0
13 3 3 2 0
13 3 3 3 0
13 3 3 4 0
13 3 3 5 0
13 3 3 6 -0.04963048162576172
13 3 3 7 0
13 3 3 8 0
13 3 3 9 0
13 3 3 10 0
13 3 3 11 0
13 3 3 12 0
13 3 3 13 -0.003567260723183296
13 3 3 14 0
13 3 3 15 0
13 3 4 0 0
13 3 4 1 0
13 3 4 2 0
13 3 4 3 0
13 3 4 4 0
13 3 4 5 0
13 3 4 6 0
13 3 4 7 0
13 3 4 8 0
13 3 4 9 0
13 3 4 10 0
13 3 4 11 0
13 3 4 12 0
13 3 4 13 0
13 3 4 14 0
13 3 4 15 0
13 3 5 0 0
13 3 5 1 0
13 3 5 2 0
13 3 5 3 0
13 3 5 4 0
13 3 5 5 0
13 3 5 6 0
13 3 5 7 0
13 3 5 8 0
13 3 5 9 0
13 3 5 10 0
13 3 5 11 0
13 3 5 12 0
13 3 5 13 0
13 3 5 14 0
13 3 5 15 0
13 3 6 0 0
13 3 6 1 0
13 3 6 2 0
13 3 6 3 0.04963048162576172
13 3 6 4 0
13 3 6 5 0
13 3 6 6 0
13 3 6 7 0
13 3 6 8 0.003843321670066766
13 3 6 9 0
13 3 6 10 0
13 3 6 11 0
13 3 6 12 0
13 3 6 13 0
13 3 6 14 0
13 3 6 15 0
13 3 7 0 0
13 3 7 1 0
13 3 7 2 0
13 3 7 3 0
13 3 7 4 0
13 3 7 5 0
13 3 7 6 0
13 3 7 7 0
13 3 7 8 0
13 3 7 9 0
13 3 7 10 0
13 3 7 11 0
13 3 7 12 0
13 3 7 13 0
13 3 7 14 0
13 3 7 15 0
13 3 8 0 0
13 3 8 1 0
13 3 8 2 0
13 3 8 3 0
13 3 8 4 0
13 3 8 5 0
13 3 8 6 -0.003843321670066766
13 3 8 7 0
13 3 8 8 0
13 3 8 9 0
13 3 8 10 0
13 3 8 11 0
13 3 8 12 0
13 3 8 13 0
13 3 8 14 0
13 3 8 15 0
13 3 9 0 0
13 3 9 1 0
13 3 9 2 0
13 3 9 3 0
13 3 9 4 0
13 3 9 5 0
13 3 9 6 0
13 3 9 7 0
13 3 9 8 0
13 3 9 9 0
13 3 9 10 0
13 3 9 11 0
13 3 9 12 0
13 3 9 13 0
13 3 9 14 0
13 3 9 15 0
13 3 10 0 0
13 3 10 1 0
13 3 10 2 0
13 3 10 3 0
13 3 10 4 0
13 3 10 5 0
13 3 10 6 0
13 3 10 7 0
13 3 10 8 0
13 3 10 9 0
13 3 10 10 0
13 3 10 11 0
13 3 10 12 0
13 3 10 13 0
13 3 10 14 0
13 3 10 15 0
13 3 11 0 0
13 3 11 1 0
13 3 11 2 0
13 3 11 3 0
13 3 11 4 0
13 3 11 5 0
13 3 11 6 0
13 3 11 7 0
13 3 11 8 0
13 3 11 9 0
13 3 11 10 0
13 3 11 11 0
13 3 11 12 0
13 3 11 13 0
13 3 11 14 0
13 3 11 15 0
13 3 12 0 0
13 3 12 1 0
13 3 12 2 0
13 3 12 3 0
13 3 12 4 0
13 3 12 5 0
13 3 12 6 0
13 3 12 7 0
13 3 12 8 0
13 3 12 9 0
13 3 12 10 0
13 3 12 11 0
13 3 12 12 0
13 3 12 13 0
13 3 12 14 0
13 3 12 15 0
13 3 13 0 0
13 3 13 1 0
13 3 13 2 0
13 3 13 3 0.003567260723183296
13 3 13 4 0
13 3 13 5 0
13 3 13 6 0
13 3 13 7 0
13 3 13 8 0
13 3 13 9 0
13 3 13 10 0
13 3 13 11 0
13 3 13 12 0
13 3 13 13 0
13 3 13 14 0
13 3 13 15 0
13 3 14 0 0
13 3 14 1 0
13 3 14 2 0
13 3 14 3 0
13 3 14 4 0
13 3 14 5 0
13 3 14 6 0
13 3 14 7 0
13 3 14 8 0
13 3 14 9 0
13 3 14 10 0
13 3 14 11 0
13 3 14 12 0
13 3 14 13 0
13 3 14 14 0
13 3 14 15 0
13 3 15 0 0
13 3 15 1 0
13 3 15 2 0
13 3 15 3 0
13 3 15 4 0
13 3 15 5 0
13 3 15 6 0
13 3 15 7 0
13 3 15 8 0
13 3 15 9 0
13 3 15 10 0
13 3 15 11 0
13 3 15 12 0
13 3 15 13 0
13 3 15 14 0
13 3 15 15 0
13 4 0 0 0
13 4 0 1 0
13 4 0 2 0
13 4 0 3 0
13 4 0 4 0
13 4 0 5 0
13 4 0 6 0
13 4 0 7 0
13 4 0 8 0
13 4 0 9 0
13 4 0 10 0
13 4 0 11 0
13 4 0 12 0
13 4 0 13 0
13 4 0 14 0
13 4 0 15 0
13 4 1 0 0
13 4 1 1 0
13 4 1 2 0
13 4 1 3 0
13 4 1 4 0
13 4 1 5 0
13 4 1 6 0
13 4 1 7 0
13 4 1 8 0
13 4 1 9 0
13 4 1 10 0
13 4 1 11 0
13 4 1 12 0
13 4 1 13 0
13 4 1 14 0
13 4 1 15 0
13 4 2 0 0
13 4 2 1 0
13 4 2 2 0
13 4 2 3 0
13 4 2 4 0
13 4 2 5 0
13 4 2 6 0
13 4 2 7 0
13 4 2 8 0
13 4 2 9 0
13 4 2 10 0
13 4 2 11 0
13 4 2 12 0
13 4 2 13 0
13 4 2 14 0
13 4 2 15 0
13 4 3 0 0
13 4 3 1 0
13 4 3 2 0
13 4 3 3 0
13 4 3 4 0
13 4 3 5 -1.590537778499054e-20
13 4 3 6 0
13 4 3 7 0
13 4 3 8 0
13 4 3 9 0
13 4 3 10 0
13 4 3 11 0
13 4 3 12 1.574296967666563e-21
13 4 3 13 0
13 4 3 14 0
13 4 3 15 0
13 4 4 0 0
13 4 4 1 0
13 4 4 2 0
13 4 4 3 0
13 4 4 4 0
13 4 4 5 0
13 4 4 6 -0.04963048162576172
13 4 4 7 0
13 4 4 8 0
13 4 4 9 0
13 4 4 10 0
13 4 4 11 0
13 4 4 12 0
13 4 4 13 -0.003567260723183296
13 4 4 14 0
13 4 4 15 0
13 4 5 0 0
13 4 5 1 0
13 4 5 2 0
13 4 5 3 -4.947321361005056e-20
13 4 5 4 0
13 4 5 5 0
13 4 5 6 0
13 4 5 7 0
13 4 5 8 5.063155161875393e-21
13 4 5 9 0
13 4 5 10 0
13 4 5 11 0
13 4 5 12 0
13 4 5 13 0
13 4 5 14 0
13 4 5 15 0
13 4 6 0 0
13 4 6 1 0
13 4 6 2 0
13 4 6 3 0
13 4 6 4 0.04963048162576172
13 4 6 5 0
13 4 6 6 0
13 4 6 7 0
13 4 6 8 0
13 4 6 9 0.003776668271951221
13 4 6 10 0
13 4 6 11 0
13 4 6 12 0
13 4 6 13 0
13 4 6 14 0
13 4 6 15 0
13 4 7 0 0
13 4 7 1 0
13 4 7 2 0
13 4 7 3 0
13 4 7 4 0
13 4 7 5 0
13 4 7 6 0
13 4 7 7 0
13 4 7 8 0
13 4 7 9 0
13 4 7 10 0
13 4 7 11 0
13 4 7 12 0
13 4 7 13 0
13 4 7 14 0
13 4 7 15 0
13 4 8 0 0
13 4 8 1 0
13 4 8 2 0
13 4 8 3 0
13 4 8 4 0
13 4 8 5 -1.532942258734495e-20
13 4 8 6 0
13 4 8 7 0
13 4 8 8 0
13 4 8 9 0
13 4 8 10 0
13 4 8 11 0
13 4 8 12 0
13 4 8 13 0
13 4 8 14 0
13 4 8 15 0
13 4 9 0 0
13 4 9 1 0
13 4 9 2 0
13 4 9 3 0
13 4 9 4 0
13 4 9 5 0
13 4 9 6 -0.003776668271951221
13 4 9 7 0
13 4 9 8 0
13 4 9 9 0
13 4 9 10 0
13 4 9 11 0
13 4 9 12 0
13 4 9 13 0
13 4 9 14 0
13 4 9 15 0
13 4 10 0 0
13 4 10 1 0
13 4 10 2 0
13 4 10 3 0
13 4 10 4 0
13 4 10 5 0
13 4 10 6 0
13 4 10 7 0
13 4 10 8 0
13 4 10 9 0
13 4 10 10 0
13 4 10 11 0
13 4 10 12 0
13 4 10 13 0
13 4 10 14 0
13 4 10 15 0
13 4 11 0 0
13 4 11 1 0
13 4 11 2 0
13 4 11 3 0
13 4 11 4 0
13 4 11 5 0
13 4 11 6 0
13 4 11 7 0
13 4 11 8 0
13 4 11 9 0
13 4 11 10 0
13 4 11 11 0
13 4 11 12 0
13 4 11 13 0
13 4 11 14 0
13 4 11 15 0
13 4 12 0 0
13 4 12 1 0
13 4 12 2 0
13 4 12 3 -2.058299004102736e-21
13 4 12 4 0
13 4 12 5 0
13 4 12 6 0
13 4 12 7 0
13 4 12 8 0
13 4 12 9 0
13 4 12 10 0
13 4 12 11 0
13 4 12 12 0
13 4 12 13 0
13 4 12 14 0
13 4 12 15 0
13 4 13 0 0
13 4 13 1 0
13 4 13 2 0
13 4 13 3 0
13 4 13 4 0.003567260723183296
13 4 13 5 0
13 4 13 6 0
13 4 13 7 0
13 4 13 8 0
13 4 13 9 0
13 4 13 10 0
13 4 13 11 0
13 4 13 12 0
13 4 13 13 0
13 4 13 14 0
13 4 13 15 0
13 4 14 0 0
13 4 14 1 0
13 4 14 2 0
13 4 14 3 0
13 4 14 4 0
13 4 14 5 0
13 4 14 6 0
13 4 14 7 0
13 4 14 8 0
13 4 14 9 0
13 4 14 10 0
13 4 14 11 0
13 4 14 12 0
13 4 14 13 0
13 4 14 14 0
13 4 14 15 0
13 4 15 0 0
13 4 15 1 0
13 4 15 2 0
13 4 15 3 0
13 4 15 4 0
13 4 15 5 0
13 4 15 6 0
13 4 15 7 0
13 4 15 8 0
13 4 15 9 0
13 4 15 10 0
13 4 15 11 0
13 4 15 12 0
13 4 15 13 0
13 4 15 14 0
13 4 15 15 0
13 5 0 0 0
13 5 0 1 0
13 5 0 2 0
13 5 0 3 0
13 5 0 4 0
13 5 0 5 0
13 5 0 6 0
13 5 0 7 0
13 5 0 8 0
13 5 0 9 0
13 5 0 10 0
13 5 0 11 0
13 5 0 12 0
13 5 0 13 0
13 5 0 14 0
13 5 0 15 0
13 5 1 0 0
13 5 1 1 0
13 5 1 2 0
13 5 1 3 0
13 5 1 4 0
13 5 1 5 0
13 5 1 6 0
13 5 1 7 0
13 5 1 8 0
13 5 1 9 0
13 5 1 10 0
13 5 1 11 0
13 5 1 12 0
13 5 1 13 0
13 5 1 14 0
13 5 1 15 0
13 5 2 0 0
13 5 2 1 0
13 5 2 2 0
13 5 2 3 0
13 5 2 4 0
13 5 2 5 0
13 5 2 6 0
13 5 2 7 0
13 5 2 8 0
13 5 2 9 0
13 5 2 10 0
13 5 2 11 0
13 5 2 12 0
13 5 2 13 0
13 5 2 14 0
13 5 2 15 0
13 5 3 0 0
13 5 3 1 0
13 5 3 2 0
13 5 3 3 0
13 5 3 4 9.421274156971794e-21
13 5 3 5 0
13 5 3 6 0
13 5 3 7 0
13 5 3 8 0
13 5 3 9 1.200788126101897e-20
13 5 3 10 0
13 5 3 11 0
13 5 3 12 0
13 5 3 13 0
13 5 3 14 0
13 5 3 15 0
13 5 4 0 0
13 5 4 1 0
13 5 4 2 0
13 5 4 3 -3.701581946283298e-21
13 5 4 4 0
13 5 4 5 0
13 5 4 6 0
13 5 4 7 0
13 5 4 8 -5.4234323044238e-21
13 5 4 9 0
13 5 4 10 0
13 5 4 11 0
13 5 4 12 0
13 5 4 13 0
13 5 4 14 0
13 5 4 15 0
13 5 5 0 0
13 5 5 1 0
13 5 5 2 0
13 5 5 3 0
13 5 5 4 0
13 5 5 5 0
13 5 5 6 -0.04963048162576172
13 5 5 7 0
13 5 5 8 0
13 5 5 9 0
13 5 5 10 0
13 5 5 11 0
13 5 5 12 0
13 5 5 13 -0.003567260723183296
13 5 5 14 0
13 5 5 15 0
13 5 6 0 0
13 5 6 1 0
13 5 6 2 0
13 5 6 3 0
13 5 6 4 0
13 5 6 5 0.04963048162576172
13 5 6 6 0
13 5 6 7 0
13 5 6 8 0
13 5 6 9 0
13 5 6 10 0
13 5 6 11 0
13 5 6 12 0.003523324251914216
13 5 6 13 0
13 5 6 14 0
13 5 6 15 0
13 5 7 0 0
13 5 7 1 0
13 5 7 2 0
13 5 7 3 0
13 5 7 4 0
13 5 7 5 0
13 5 7 6 0
13 5 7 7 0
13 5 7 8 0
13 5 7 9 0
13 5 7 10 0
13 5 7 11 0
13 5 7 12 0
13 5 7 13 0
13 5 7 14 0
13 5 7 15 0
13 5 8 0 0
13 5 8 1 0
13 5 8 2 0
13 5 8 3 0
13 5 8 4 1.407184915842614e-20
13 5 8 5 0
13 5 8 6 0
13 5 8 7 0
13 5 8 8 0
13 5 8 9 0
13 5 8 10 0
13 5 8 11 0
13 5 8 12 0
13 5 8 13 0
13 5 8 14 0
13 5 8 15 0
13 5 9 0 0
13 5 9 1 0
13 5 9 2 0
13 5 9 3 -4.475344381944516e-21
13 5 9 4 0
13 5 9 5 0
13 5 9 6 0
13 5 9 7 0
13 5 9 8 0
13 5 9 9 0
13 5 9 10 0
13 5 9 11 0
13 5 9 12 0
13 5 9 13 0
13 5 9 14 0
13 5 9 15 0
13 5 10 0 0
13 5 10 1 0
13 5 10 2 0
13 5 10 3 0
13 5 10 4 0
13 5 10 5 0
13 5 10 6 0
13 5 10 7 0
13 5 10 8 0
13 5 10 9 0
13 5 10 10 0
13 5 10 11 0
13 5 10 12 0
13 5 10 13 0
13 5 10 14 0
13 5 10 15 0
13 5 11 0 0
13 5 11 1 0
13 5 11 2 0
13 5 11 3 0
13 5 11 4 0
13 5 11 5 0
13 5 11 6 0
13 5 11 7 0
13 5 11 8 0
13 5 11 9 0
13 5 11 10 0
13 5 11 11 0
13 5 11 12 0
13 5 11 13 0
13 5 11 14 0
13 5 11 15 0
13 5 12 0 0
13 5 12 1 0
13 5 12 2 0
13 5 12 3 0
13 5 12 4 0
13 5 12 5 0
13 5 12 6 -0.003523324251914216
13 5 12 7 0
13 5 12 8 0
13 5 12 9 0
13 5 12 10 0
13 5 12 11 0
13 5 12 12 0
13 5 12 13 0
13 5 12 14 0
13 5 12 15 0
13 5 13 0 0
13 5 13 1 0
13 5 13 2 0
13 5 13 3 0
13 5 13 4 0
13 5 13 5 0.003567260723183296
13 5 13 6 0
13 5 13 7 0
13 5 13 8 0
13 5 13 9 0
13 5 13 10 0
13 5 13 11 0
13 5 13 12 0
13 5 13 13 0
13 5 13 14 0
13 5 13 15 0
13 5 14 0 0
13 5 14 1 0
13 5 14 2 0
13 5 14 3 0
13 5 14 4 0
13 5 14 5 0
13 5 14 6 0
13 5 14 7 0
13 5 14 8 0
13 5 14 9 0
13 5 14 10 0
13 5 14 11 0
13 5 14 12 0
13 5 14 13 0
13 5 14 14 0
13 5 14 15 0
13 5 15 0 0
13 5 15 1 0
13 5 15 2 0
13 5 15 3 0
13 5 15 4 0
13 5 15 5 0
13 5 15 6 0
13 5 15 7 0
13 5 15 8 0
13 5 15 9 0
13 5 15 10 0
13 5 15 11 0
13 5 15 12 0
13 5 15 13 0
13 5 15 14 0
13 5 15 15 0
13 6 0 0 0
13 6 0 1 0
13 6 0 2 0
13 6 0 3 0
13 6 0 4 0
13 6 0 5 0
13 6 0 6 0
13 6 0 7 0
13 6 0 8 0
13 6 0 9 0
13 6 0 10 0
13 6 0 11 0
13 6 0 12 0
13 6 0 13 0
13 6 0 14 0
13 6 0 15 0
13 6 1 0 0
13 6 1 1 0
13 6 1 2 0
13 6 1 3 0
13 6 1 4 0
13 6 1 5 0
13 6 1 6 0
13 6 1 7 0
13 6 1 8 0
13 6 1 9 0
13 6 1 10 0
13 6 1 11 0
13 6 1 12 0
13 6 1 13 0
13 6 1 14 0
13 6 1 15 0
13 6 2 0 0
13 6 2 1 0
13 6 2 2 0
13 6 2 3 0
13 6 2 4 0
13 6 2 5 0
13 6 2 6 0
13 6 2 7 0
13 6 2 8 0
13 6 2 9 0
13 6 2 10 0
13 6 2 11 0
13 6 2 12 0
13 6 2 13 0
13 6 2 14 0
13 6 2 15 0
13 6 3 0 0
13 6 3 1 0
13 6 3 2 0
13 6 3 3 1.157024483446287e-20
13 6 3 4 0
13 6 3 5 0
13 6 3 6 0
13 6 3 7 0
13 6 3 8 1.612171952846959e-20
13 6 3 9 0
13 6 3 10 0
13 6 3 11 0
13 6 3 12 0
13 6 3 13 0
13 6 3 14 0
13 6 3 15 0
13 6 4 0 0
13 6 4 1 0
13 6 4 2 0
13 6 4 3 0
13 6 4 4 0
13 6 4 5 0
13 6 4 6 0
13 6 4 7 0
13 6 4 8 0
13 6 4 9 0
13 6 4 10 0
13 6 4 11 0
13 6 4 12 0
13 6 4 13 0
13 6 4 14 0
13 6 4 15 0
13 6 5 0 0
13 6 5 1 0
13 6 5 2 0
13 6 5 3 0
13 6 5 4 0
13 6 5 5 0
13 6 5 6 0
13 6 5 7 0
13 6 5 8 0
13 6 5 9 0
13 6 5 10 0
13 6 5 11 0
13 6 5 12 0
13 6 5 13 0
13 6 5 14 0
13 6 5 15 0
13 6 6 0 0
13 6 6 1 0
13 6 6 2 0
13 6 6 3 0
13 6 6 4 0
13 6 6 5 0
13 6 6 6 -3.203602718321207e-20
13 6 6 7 0
13 6 6 8 0
13 6 6 9 0
13 6 6 10 0
13 6 6 11 0
13 6 6 12 0
13 6 6 13 9.237662928700467e-21
13 6 6 14 0
13 6 6 15 0
13 6 7 0 0
13 6 7 1 0
13 6 7 2 0
13 6 7 3 0
13 6 7 4 0
13 6 7 5 0
13 6 7 6 0
13 6 7 7 0
13 6 7 8 0
13 6 7 9 0
13 6 7 10 0
13 6 7 11 0
13 6 7 12 0
13 6 7 13 0
13 6 7 14 0
13 6 7 15 0
13 6 8 0 0
13 6 8 1 0
13 6 8 2 0
13 6 8 3 1.751280242075469e-20
13 6 8 4 0
13 6 8 5 0
13 6 8 6 0
13 6 8 7 0
13 6 8 8 0
13 6 8 9 0
13 6 8 10 0
13 6 8 11 0
13 6 8 12 0
13 6 8 13 0
13 6 8 14 0
13 6 8 15 0
13 6 9 0 0
13 6 9 1 0
13 6 9 2 0
13 6 9 3 0
13 6 9 4 0
13 6 9 5 0
13 6 9 6 0
13 6 9 7 0
13 6 9 8 0
13 6 9 9 0
13 6 9 10 0
13 6 9 11 0
13 6 9 12 0
13 6 9 13 0
13 6 9 14 0
13 6 9 15 0
13 6 10 0 0
13 6 10 1 0
13 6 10 2 0
13 6 10 3 0
13 6 10 4 0
13 6 10 5 0
13 6 10 6 0
13 6 10 7 0
13 6 10 8 0
13 6 10 9 0
13 6 10 10 0
13 6 10 11 0
13 6 10 12 0
13 6 10 13 0
13 6 10 14 0
13 6 10 15 0
13 6 11 0 0
13 6 11 1 0
13 6 11 2 0
13 6 11 3 0
13 6 11 4 0
13 6 11 5 0
13 6 11 6 0
13 6 11 7 0
13 6 11 8 0
13 6 11 9 0
13 6 11 10 0
13 6 11 11 0
13 6 11 12 0
13 6 11 13 0
13 6 11 14 0
13 6 11 15 0
13 6 12 0 0
13 6 12 1 0
13 6 12 2 0
13 6 12 3 0
13 6 12 4 0
13 6 12 5 0
13 6 12 6 0
13 6 12 7 0
13 6 12 8 0
13 6 12 9 0
13 6 12 10 0
13 6 12 11 0
13 6 12 12 0
13 6 12 13 0
13 6 12 14 0
13 6 12 15 0
13 6 13 0 0
13 6 13 1 0
13 6 13 2 0
13 6 13 3 0
13 6 13 4 0
13 6 13 5 0
13 6 13 6 1.082903903229176e-20
13 6 13 7 0
13 6 13 8 0
13 6 13 9 0
13 6 13 10 0
13 6 13 11 0
13 6 13 12 0
13 6 13 13 0
13 6 13 14 0
13 6 13 15 0
13 6 14 0 0
13 6 14 1 0
13 6 14 2 0
13 6 14 3 0
13 6 14 4 0
13 6 14 5 0
13 6 14 6 0
13 6 14 7 0
13 6 14 8 0
13 6 14 9 0
13 6 14 10 0
13 6 14 11 0
13 6 14 12 0
13 6 14 13 0
13 6 14 14 0
13 6 14 15 0
13 6 15 0 0
13 6 15 1 0
13 6 15 2 0
13 6 15 3 0
13 6 15 4 0
13 6 15 5 0
13 6 15 6 0
13 6 15 7 0
13 6 15 8 0
13 6 15 9 0
13 6 15 10 0
13 6 15 11 0
13 6 15 12 0
13 6 15 13 0
13 6 15 14 0
13 6 15 15 0
13 7 0 0 0
13 7 0 1 0
13 7 0 2 0
13 7 0 3 0
13 7 0 4 0
13 7 0 5 0
13 7 0 6 0
13 7 0 7 0
13 7 0 8 0
13 7 0 9 0
13 7 0 10 0
13 7 0 11 0
13 7 0 12 0
13 7 0 13 0
13 7 0 14 0
13 7 0 15 0
13 7 1 0 0
13 7 1 1 0
13 7 1 2 0
13 7 1 3 0
13 7 1 4 0
13 7 1 5 0
13 7 1 6 0
13 7 1 7 0
13 7 1 8 0
13 7 1 9 0
13 7 1 10 0
13 7 1 11 0
13 7 1 12 0
13 7 1 13 0
13 7 1 14 0
13 7 1 15 0
13 7 2 0 0
13 7 2 1 0
13 7 2 2 0
13 7 2 3 0
13 7 2 4 0
13 7 2 5 0
13 7 2 6 0
13 7 2 7 0
13 7 2 8 0
13 7 2 9 0
13 7 2 10 0
13 7 2 11 0
13 7 2 12 0
13 7 2 13 0
13 7 2 14 0
13 7 2 15 0
13 7 3 0 0
13 7 3 1 0
13 7 3 2 0
13 7 3 3 0
13 7 3 4 0
13 7 3 5 0
13 7 3 6 0
13 7 3 7 0
13 7 3 8 0
13 7 3 9 0
13 7 3 10 0
13 7 3 11 0
13 7 3 12 0
13 7 3 13 0
13 7 3 14 0
13 7 3 15 0
13 7 4 0 0
13 7 4 1 0
13 7 4 2 0
13 7 4 3 0
13 7 4 4 0
13 7 4 5 0
13 7 4 6 0
13 7 4 7 0
13 7 4 8 0
13 7 4 9 0
13 7 4 10 0
13 7 4 11 0
13 7 4 12 0
13 7 4 13 0
13 7 4 14 0
13 7 4 15 0
13 7 5 0 0
13 7 5 1 0
13 7 5 2 0
13 7 5 3 0
13 7 5 4 0
13 7 5 5 0
13 7 5 6 0
13 7 5 7 0
13 7 5 8 0
13 7 5 9 0
13 7 5 10 0
13 7 5 11 0
13 7 5 12 0
13 7 5 13 0
13 7 5 14 0
13 7 5 15 0
13 7 6 0 0
13 7 6 1 0
13 7 6 2 0
13 7 6 3 0
13 7 6 4 0
13 7 6 5 0
13 7 6 6 0
13 7 6 7 0
13 7 6 8 0
13 7 6 9 0
13 7 6 10 0
13 7 6 11 0
13 7 6 12 0
13 7 6 13 0
13 7 6 14 0
13 7 6 15 0
13 7 7 0 0
13 7 7 1 0
13 7 7 2 0
13 7 7 3 0
13 7 7 4 0
13 7 7 5 0
13 7 7 6 0
13 7 7 7 0
13 7 7 8 0
13 7 7 9 0
13 7 7 10 0
13 7 7 11 0
13 7 7 12 0
13 7 7 13 0
13 7 7 14 0
13 7 7 15 0
13 7 8 0 0
13 7 8 1 0
13 7 8 2 0
13 7 8 3 0
13 7 8 4 0
13 7 8 5 0
13 7 8 6 0
13 7 8 7 0
13 7 8 8 0
13 7 8 9 0
13 7 8 10 0
13 7 8 11 0
13 7 8 12 0
13 7 8 13 0
13 7 8 14 0
13 7 8 15 0
13 7 9 0 0
13 7 9 1 0
13 7 9 2 0
13 7 9 3 0
13 7 9 4 0
13 7 9 5 0
13 7 9 6 0
13 7 9 7 0
13 7 9 8 0
13 7 9 9 0
13 7 9 10 0
13 7 9 11 0
13 7 9 12 0
13 7 9 13 0
13 7 9 14 0
13 7 9 15 0
13 7 10 0 0
13 7 10 1 0
13 7 10 2 0
13 7 10 3 0
13 7 10 4 0
13 7 10 5 0
13 7 10 6 0
13 7 10 7 0
13 7 10 8 0
13 7 10 9 0
13 7 10 10 0
13 7 10 11 0
13 7 10 12 0
13 7 10 13 0
13 7 10 14 0
13 7 10 15 0
13 7 11 0 0
13 7 11 1 0
13 7 11 2 0
13 7 11 3 0
13 7 11 4 0
13 7 11 5 0
13 7 11 6 0
13 7 11 7 0
13 7 11 8 0
13 7 11 9 0
13 7 11 10 0
13 7 11 11 0
13 7 11 12 0
13 7 11 13 0
13 7 11 14 0
13 7 11 15 0
13 7 12 0 0
13 7 12 1 0
13 7 12 2 0
13 7 12 3 0
13 7 12 4 0
13 7 12 5 0
13 7 12 6 0
13 7 12 7 0
13 7 12 8 0
13 7 12 9 0
13 7 12 10 0
13 7 12 11 0
13 7 12 12 0
13 7 12 13 0
13 7 12 14 0
13 7 12 15 0
13 7 13 0 0
13 7 13 1 0
13 7 13 2 0
13 7 13 3 0
13 7 13 4 0
13 7 13 5 0
13 7 13 6 0
13 7 13 7 0
13 7 13 8 0
13 7 13 9 0
13 7 13 10 0
13 7 13 11 0
13 7 13 12 0
13 7 13 13 0
13 7 13 14 0
13 7 13 15 0
13 7 14 0 0
13 7 14 1 0
13 7 14 2 0
13 7 14 3 0
13 7 14 4 0
13 7 14 5 0
13 7 14 6 0
13 7 14 7 0
13 7 14 8 0
13 7 14 9 0
13 7 14 10 0
13 7 14 11 0
13 7 14 12 0
13 7 14 13 0
13 7 14 14 0
13 7 14 15 0
13 7 15 0 0
13 7 15 1 0
13 7 15 2 0
13 7 15 3 0
13 7 15 4 0
13 7 15 5 0
13 7 15 6 0
13 7 15 7 0
13 7 15 8 0
13 7 15 9 0
13 7 15 10 0
13 7 15 11 0
13 7 15 12 0
13 7 15 13 0
13 7 15 14 0
13 7 15 15 0
13 8 0 0 0
13 8 0 1 0
13 8 0 2 0
13 8 0 3 0
13 8 0 4 0
13 8 0 5 0
13 8 0 6 0
13 8 0 7 0
13 8 0 8 0
13 8 0 9 0
13 8 0 10 0
13 8 0 11 0
13 8 0 12 0
13 8 0 13 0
13 8 0 14 0
13 8 0 15 0
13 8 1 0 0
13 8 1 1 0
13 8 1 2 0
13 8 1 3 0
13 8 1 4 0
13 8 1 5 0
13 8 1 6 0
13 8 1 7 0
13 8 1 8 0
13 8 1 9 0
13 8 1 10 0
13 8 1 11 0
13 8 1 12 0
13 8 1 13 0
13 8 1 14 0
13 8 1 15 0
13 8 2 0 0
13 8 2 1 0
13 8 2 2 0
13 8 2 3 0
13 8 2 4 0
13 8 2 5 0
13 8 2 6 0
13 8 2 7 0
13 8 2 8 0
13 8 2 9 0
13 8 2 10 0
13 8 2 11 0
13 8 2 12 0
13 8 2 13 0
13 8 2 14 0
13 8 2 15 0
13 8 3 0 0
13 8 3 1 0
13 8 3 2 0
13 8 3 3 0
13 8 3 4 0
13 8 3 5 0
13 8 3 6 0
13 8 3 7 0
13 8 3 8 0
13 8 3 9 0
13 8 3 10 0
13 8 3 11 0
13 8 3 12 0
13 8 3 13 0
13 8 3 14 0
13 8 3 15 0
13 8 4 0 0
13 8 4 1 0
13 8 4 2 0
13 8 4 3 0
13 8 4 4 0
13 8 4 5 0
13 8 4 6 0
13 8 4 7 0
13 8 4 8 0
13 8 4 9 0
13 8 4 10 0
13 8 4 11 0
13 8 4 12 0
13 8 4 13 0
13 8 4 14 0
13 8 4 15 0
13 8 5 0 0
13 8 5 1 0
13 8 5 2 0
13 8 5 3 0
13 8 5 4 0
13 8 5 5 0
13 8 5 6 0
13 8 5 7 0
13 8 5 8 0
13 8 5 9 0
13 8 5 10 0
13 8 5 11 0
13 8 5 12 0
13 8 5 13 0
13 8 5 14 0
13 8 5 15 0
13 8 6 0 0
13 8 6 1 0
13 8 6 2 0
13 8 6 3 0
13 8 6 4 0
13 8 6 5 0
13 8 6 6 0
13 8 6 7 0
13 8 6 8 0
13 8 6 9 0
13 8 6 10 0
13 8 6 11 0
13 8 6 12 0
13 8 6 13 0
13 8 6 14 0
13 8 6 15 0
13 8 7 0 0
13 8 7 1 0
13 8 7 2 0
13 8 7 3 0
13 8 7 4 0
13 8 7 5 0
13 8 7 6 0
13 8 7 7 0
13 8 7 8 0
13 8 7 9 0
13 8 7 10 0
13 8 7 11 0
13 8 7 12 0
13 8 7 13 0
13 8 7 14 0
13 8 7 15 0
13 8 8 0 0
13 8 8 1 0
13 8 8 2 0
13 8 8 3 0
13 8 8 4 0
13 8 8 5 0
13 8 8 6 0
13 8 8 7 0
13 8 8 8 0
13 8 8 9 0
13 8 8 10 0
13 8 8 11 0
13 8 8 12 0
13 8 8 13 0
13 8 8 14 0
13 8 8 15 0
13 8 9 0 0
13 8 9 1 0
13 8 9 2 0
13 8 9 3 0
13 8 9 4 0
13 8 9 5 0
13 8 9 6 0
13 8 9 7 0
13 8 9 8 0
13 8 9 9 0
13 8 9 10 0
13 8 9 11 0
13 8 9 12 0
13 8 9 13 0
13 8 9 14 0
13 8 9 15 0
13 8 10 0 0
13 8 10 1 0
13 8 10 2 0
13 8 10 3 0
13 8 10 4 0
13 8 10 5 0
13 8 10 6 0
13 8 10 7 0
13 8 10 8 0
13 8 10 9 0
13 8 10 10 0
13 8 10 11 0
13 8 10 12 0
13 8 10 13 0
13 8 10 14 0
13 8 10 15 0
13 8 11 0 0
13 8 11 1 0
13 8 11 2 0
13 8 11 3 0
13 8 11 4 0
13 8 11 5 0
13 8 11 6 0
13 8 11 7 0
13 8 11 8 0
13 8 11 9 0
13 8 11 10 0
13 8 11 11 0
13 8 11 12 0
13 8 11 13 0
13 8 11 14 0
13 8 11 15 0
13 8 12 0 0
13 8 12 1 0
13 8 12 2 0
13 8 12 3 0
13 8 12 4 0
13 8 12 5 0
13 8 12 6 0
13 8 12 7 0
13 8 12 8 0
13 8 12 9 0
13 8 12 10 0
13 8 12 11 0
13 8 12 12 0
13 8 12 13 0
13 8 12 14 0
13 8 12 15 0
13 8 13 0 0
13 8 13 1 0
13 8 13 2 0
13 8 13 3 0
13 8 13 4 0
13 8 13 5 0
13 8 13 6 0
13 8 13 7 0
13 8 13 8 0
13 8 13 9 0
13 8 13 10 0
13 8 13 11 0
13 8 13 12 0
13 8 13 13 0
13 8 13 14 0
13 8 13 15 0
13 8 14 0 0
13 8 14 1 0
13 8 14 2 0
13 8 14 3 0
13 8 14 4 0
13 8 14 5 0
13 8 14 6 0
13 8 14 7 0
13 8 14 8 0
13 8 14 9 0
13 8 14 10 0
13 8 14 11 0
13 8 14 12 0
13 8 14 13 0
13 8 14 14 0
13 8 14 15 0
13 8 15 0 0
13 8 15 1 0
13 8 15 2 0
13 8 15 3 0
13 8 15 4 0
13 8 15 5 0
13 8 15 6 0
13 8 15 7 0
13 8 15 8 0
13 8 15 9 0
13 8 15 10 0
13 8 15 11 0
13 8 15 12 0
13 8 15 13 0
13 8 15 14 0
13 8 15 15 0
13 9 0 0 0
13 9 0 1 0
13 9 0 2 0
13 9 0 3 0
13 9 0 4 0
13 9 0 5 0
13 9 0 6 0
13 9 0 7 0
13 9 0 8 0
13 9 0 9 0
13 9 0 10 0
13 9 0 11 0
13 9 0 12 0
13 9 0 13 0
13 9 0 14 0
13 9 0 15 0
13 9 1 0 0
13 9 1 1 0
13 9 1 2 0
13 9 1 3 0
13 9 1 4 0
13 9 1 5 0
13 9 1 6 0
13 9 1 7 0
13 9 1 8 0
13 9 1 9 0
13 9 1 10 0
13 9 1 11 0
13 9 1 12 0
13 9 1 13 0
13 9 1 14 0
13 9 1 15 0
13 9 2 0 0
13 9 2 1 0
13 9 2 2 0
13 9 2 3 0
13 9 2 4 0
13 9 2 5 0
13 9 2 6 0
13 9 2 7 0
13 9 2 8 0
13 9 2 9 0
13 9 2 10 0
13 9 2 11 0
13 9 2 12 0
13 9 2 13 0
13 9 2 14 0
13 9 2 15 0
13 9 3 0 0
13 9 3 1 0
13 9 3 2 0
13 9 3 3 0
13 9 3 4 0
13 9 3 5 0
13 9 3 6 0
13 9 3 7 0
13 9 3 8 0
13 9 3 9 0
13 9 3 10 0
13 9 3 11 0
13 9 3 12 0
13 9 3 13 0
13 9 3 14 0
13 9 3 15 0
13 9 4 0 0
13 9 4 1 0
13 9 4 2 0
13 9 4 3 0
13 9 4 4 0
13 9 4 5 0
13 9 4 6 0
13 9 4 7 0
13 9 4 8 0
13 9 4 9 0
13 9 4 10 0
13 9 4 11 0
13 9 4 12 0
13 9 4 13 0
13 9 4 14 0
13 9 4 15 0
13 9 5 0 0
13 9 5 1 0
13 9 5 2 0
13 9 5 3 0
13 9 5 4 0
13 9 5 5 0
13 9 5 6 0
13 9 5 7 0
13 9 5 8 0
13 9 5 9 0
13 9 5 10 0
13 9 5 11 0
13 9 5 12 0
13 9 5 13 0
13 9 5 14 0
13 9 5 15 0
13 9 6 0 0
13 9 6 1 0
13 9 6 2 0
13 9 6 3 0
13 9 6 4 0
13 9 6 5 0
13 9 6 6 0
13 9 6 7 0
13 9 6 8 0
13 9 6 9 0
13 9 6 10 0
13 9 6 11 0
13 9 6 12 0
13 9 6 13 0
13 9 6 14 0
13 9 6 15 0
13 9 7 0 0
13 9 7 1 0
13 9 7 2 0
13 9 7 3 0
13 9 7 4 0
13 9 7 5 0
13 9 7 6 0
13 9 7 7 0
13 9 7 8 0
13 9 7 9 0
13 9 7 10 0
13 9 7 11 0
13 9 7 12 0
13 9 7 13 0
13 9 7 14 0
13 9 7 15 0
13 9 8 0 0
13 9 8 1 0
13 9 8 2 0
13 9 8 3 0
13 9 8 4 0
13 9 8 5 0
13 9 8 6 0
13 9 8 7 0
13 9 8 8 0
13 9 8 9 0
13 9 8 10 0
13 9 8 11 0
13 9 8 12 0
13 9 8 13 0
13 9 8 14 0
13 9 8 15 0
13 9 9 0 0
13 9 9 1 0
13 9 9 2 0
13 9 9 3 0
13 9 9 4 0
13 9 9 5 0
13 9 9 6 0
13 9 9 7 0
13 9 9 8 0
13 9 9 9 0
13 9 9 10 0
13 9 9 11 0
13 9 9 12 0
13 9 9 13 0
13 9 9 14 0
13 9 9 15 0
13 9 10 0 0
13 9 10 1 0
13 9 10 2 0
13 9 10 3 0
13 9 10 4 0
13 9 10 5 0
13 9 10 6 0
13 9 10 7 0
13 9 10 8 0
13 9 10 9 0
13 9 10 10 0
13 9 10 11 0
13 9 10 12 0
13 9 10 13 0
13 9 10 14 0
13 9 10 15 0
13 9 11 0 0
13 9 11 1 0
13 9 11 2 0
13 9 11 3 0
13 9 11 4 0
13 9 11 5 0
13 9 11 6 0
13 9 11 7 0
13 9 11 8 0
13 9 11 9 0
13 9 11 10 0
13 9 11 11 0
13 9 11 12 0
13 9 11 13 0
13 9 11 14 0
13 9 11 15 0
13 9 12 0 0
13 9 12 1 0
13 9 12 2 0
13 9 12 3 0
13 9 12 4 0
13 9 12 5 0
13 9 12 6 0
13 9 12 7 0
13 9 12 8 0
13 9 12 9 0
13 9 12 10 0
13 9 12 11 0
13 9 12 12 0
13 9 12 13 0
13 9 12 14 0
13 9 12 15 0
13 9 13 0 0
13 9 13 1 0
13 9 13 2 0
13 9 13 3 0
13 9 13 4 0
13 9 13 5 0
13 9 13 6 0
13 9 13 7 0
13 9 13 8 0
13 9 13 9 0
13 9 13 10 0
13 9 13 11 0
13 9 13 12 0
13 9 13 13 0
13 9 13 14 0
13 9 13 15 0
13 9 14 0 0
13 9 14 1 0
13 9 14 2 0
13 9 14 3 0
13 9 14 4 0
13 9 14 5 0
13 9 14 6 0
13 9 14 7 0
13 9 14 8 0
13 9 14 9 0
13 9 14 10 0
13 9 14 11 0
13 9 14 12 0
13 9 14 13 0
13 9 14 14 0
13 9 14 15 0
13 9 15 0 0
13 9 15 1 0
13 9 15 2 0
13 9 15 3 0
13 9 15 4 0
13 9 15 5 0
13 9 15 6 0
13 9 15 7 0
13 9 15 8 0
13 9 15 9 0
13 9 15 10 0
13 9 15 11 0
13 9 15 12 0
13 9 15 13 0
13 9 15 14 0
13 9 15 15 0
13 10 0 0 0
13 10 0 1 0
13 10 0 2 0
13 10 0 3 0
13 10 0 4 0
13 10 0 5 0
13 10 0 6 0
13 10 0 7 0
13 10 0 8 0
13 10 0 9 0
13 10 0 10 0
13 10 0 11 0
13 10 0 12 0
13 10 0 13 0
13 10 0 14 0
13 10 0 15 0
13 10 1 0 0
13 10 1 1 0
13 10 1 2 0
13 10 1 3 0
13 10 1 4 0
13 10 1 5 0
13 10 1 6 0
13 10 1 7 0
13 10 1 8 0
13 10 1 9 0
13 10 1 10 0
13 10 1 11 0
13 10 1 12 0
13 10 1 13 0
13 10 1 14 0
13 10 1 15 0
13 10 2 0 0
13 10 2 1 0
13 10 2 2 0
13 10 2 3 0
13 10 2 4 0
13 10 2 5 0
13 10 2 6 0
13 10 2 7 0
13 10 2 8 0
13 10 2 9 0
13 10 2 10 0
13 10 2 11 0
13 10 2 12 0
13 10 2 13 0
13 10 2 14 0
13 10 2 15 0
13 10 3 0 0
13 10 3 1 0
13 10 3 2 0
13 10 3 3 0
13 10 3 4 0
13 10 3 5 0
13 10 3 6 0
13 10 3 7 0
13 10 3 8 0
13 10 3 9 0
13 10 3 10 0
13 10 3 11 0
13 10 3 12 0
13 10 3 13 0
13 10 3 14 0
13 10 3 15 0
13 10 4 0 0
13 10 4 1 0
13 10 4 2 0
13 10 4 3 0
13 10 4 4 0
13 10 4 5 0
13 10 4 6 0
13 10 4 7 0
13 10 4 8 0
13 10 4 9 0
13 10 4 10 0
13 10 4 11 0
13 10 4 12 0
13 10 4 13 0
13 10 4 14 0
13 10 4 15 0
13 10 5 0 0
13 10 5 1 0
13 10 5 2 0
13 10 5 3 0
13 10 5 4 0
13 10 5 5 0
13 10 5 6 0
13 10 5 7 0
13 10 5 8 0
13 10 5 9 0
13 10 5 10 0
13 10 5 11 0
13 10 5 12 0
13 10 5 13 0
13 10 5 14 0
13 10 5 15 0
13 10 6 0 0
13 10 6 1 0
13 10 6 2 0
13 10 6 3 0
13 10 6 4 0
13 10 6 5 0
13 10 6 6 0
13 10 6 7 0
13 10 6 8 0
13 10 6 9 0
13 10 6 10 0
13 10 6 11 0
13 10 6 12 0
13 10 6 13 0
13 10 6 14 0
13 10 6 15 0
13 10 7 0 0
13 10 7 1 0
13 10 7 2 0
13 10 7 3 0
13 10 7 4 0
13 10 7 5 0
13 10 7 6 0
13 10 7 7 0
13 10 7 8 0
13 10 7 9 0
13 10 7 10 0
13 10 7 11 0
13 10 7 12 0
13 10 7 13 0
13 10 7 14 0
13 10 7 15 0
13 10 8 0 0
13 10 8 1 0
13 10 8 2 0
13 10 8 3 0
13 10 8 4 0
13 10 8 5 0
13 10 8 6 0
13 10 8 7 0
13 10 8 8 0
13 10 8 9 0
13 10 8 10 0
13 10 8 11 0
13 10 8 12 0
13 10 8 13 0
13 10 8 14 0
13 10 8 15 0
13 10 9 0 0
13 10 9 1 0
13 10 9 2 0
13 10 9 3 0
13 10 9 4 0
13 10 9 5 0
13 10 9 6 0
13 10 9 7 0
13 10 9 8 0
13 10 9 9 0
13 10 9 10 0
13 10 9 11 0
13 10 9 12 0
13 10 9 13 0
13 10 9 14 0
13 10 9 15 0
13 10 10 0 0
13 10 10 1 0
13 10 10 2 0
13 10 10 3 0
13 10 10 4 0
13 10 10 5 0
13 10 10 6 0
13 10 10 7 0
13 10 10 8 0
13 10 10 9 0
13 10 10 10 0
13 10 10 11 0
13 10 10 12 0
13 10 10 13 0
13 10 10 14 0
13 10 10 15 0
13 10 11 0 0
13 10 11 1 0
13 10 11 2 0
13 10 11 3 0
13 10 11 4 0
13 10 11 5 0
13 10 11 6 0
13 10 11 7 0
13 10 11 8 0
13 10 11 9 0
13 10 11 10 0
13 10 11 11 0
13 10 11 12 0
13 10 11 13 0
13 10 11 14 0
13 10 11 15 0
13 10 12 0 0
13 10 12 1 0
13 10 12 2 0
13 10 12 3 0
13 10 12 4 0
13 10 12 5 0
13 10 12 6 0
13 10 12 7 0
13 10 12 8 0
13 10 12 9 0
13 10 12 10 0
13 10 12 11 0
13 10 12 12 0
13 10 12 13 0
13 10 12 14 0
13 10 12 15 0
13 10 13 0 0
13 10 13 1 0
13 10 13 2 0
13 10 13 3 0
13 10 13 4 0
13 10 13 5 0
13 10 13 6 0
13 10 13 7 0
13 10 13 8 0
13 10 13 9 0
13 10 13 10 0
13 10 13 11 0
13 10 13 12 0
13 10 13 13 0
13 10 13 14 0
13 10 13 15 0
13 10 14 0 0
13 10 14 1 0
13 10 14 2 0
13 10 14 3 0
13 10 14 4 0
13 10 14 5 0
13 10 14 6 0
13 10 14 7 0
13 10 14 8 0
13 10 14 9 0
13 10 14 10 0
13 10 14 11 0
13 10 14 12 0
13 10 14 13 0
13 10 14 14 0
13 10 14 15 0
13 10 15 0 0
13 10 15 1 0
13 10 15 2 0
13 10 15 3 0
13 10 15 4 0
13 10 15 5 0
13 10 15 6 0
13 10 15 7 0
13 10 15 8 0
13 10 15 9 0
13 10 15 10 0
13 10 15 11 0
13 10 15 12 0
13 10 15 13 0
13 10 15 14 0
13 10 15 15 0
13 11 0 0 0
13 11 0 1 0
13 11 0 2 0
13 11 0 3 0
13 11 0 4 0
13 11 0 5 0
13 11 0 6 0
13 11 0 7 0
13 11 0 8 0
13 11 0 9 0
13 11 0 10 0
13 11 0 11 0
13 11 0 12 0
13 11 0 13 0
13 11 0 14 0
13 11 0 15 0
13 11 1 0 0
13 11 1 1 0
13 11 1 2 0
13 11 1 3 0
13 11 1 4 0
13 11 1 5 0
13 11 1 6 0
13 11 1 7 0
13 11 1 8 0
13 11 1 9 0
13 11 1 10 0
13 11 1 11 0
13 11 1 12 0
13 11 1 13 0
13 11 1 14 0
13 11 1 15 0
13 11 2 0 0
13 11 2 1 0
13 11 2 2 0
13 11 2 3 0
13 11 2 4 0
13 11 2 5 0
13 11 2 6 0
13 11 2 7 0
13 11 2 8 0
13 11 2 9 0
13 11 2 10 0
13 11 2 11 0
13 11 2 12 0
13 11 2 13 0
13 11 2 14 0
13 11 2 15 0
13 11 3 0 0
13 11 3 1 0
13 11 3 2 0
13 11 3 3 0
13 11 3 4 0
13 11 3 5 0
13 11 3 6 0
13 11 3 7 0
13 11 3 8 0
13 11 3 9 0
13 11 3 10 0
13 11 3 11 0
13 11 3 12 0
13 11 3 13 0
13 11 3 14 0
13 11 3 15 0
13 11 4 0 0
13 11 4 1 0
13 11 4 2 0
13 11 4 3 0
13 11 4 4 0
13 11 4 5 0
13 11 4 6 0
13 11 4 7 0
13 11 4 8 0
13 11 4 9 0
13 11 4 10 0
13 11 4 11 0
13 11 4 12 0
13 11 4 13 0
13 11 4 14 0
13 11 4 15 0
13 11 5 0 0
13 11 5 1 0
13 11 5 2 0
13 11 5 3 0
13 11 5 4 0
13 11 5 5 0
13 11 5 6 0
13 11 5 7 0
13 11 5 8 0
13 11 5 9 0
13 11 5 10 0
13 11 5 11 0
13 11 5 12 0
13 11 5 13 0
13 11 5 14 0
13 11 5 15 0
13 11 6 0 0
13 11 6 1 0
13 11 6 2 0
13 11 6 3 0
13 11 6 4 0
13 11 6 5 0
13 11 6 6 0
13 11 6 7 0
13 11 6 8 0
13 11 6 9 0
13 11 6 10 0
13 11 6 11 0
13 11 6 12 0
13 11 6 13 0
13 11 6 14 0
13 11 6 15 0
13 11 7 0 0
13 11 7 1 0
13 11 7 2 0
13 11 7 3 0
13 11 7 4 0
13 11 7 5 0
13 11 7 6 0
13 11 7 7 0
13 11 7 8 0
13 11 7 9 0
13 11 7 10 0
13 11 7 11 0
13 11 7 12 0
13 11 7 13 0
13 11 7 14 0
13 11 7 15 0
13 11 8 0 0
13 11 8 1 0
13 11 8 2 0
13 11 8 3 0
13 11 8 4 0
13 11 8 5 0
13 11 8 6 0
13 11 8 7 0
13 11 8 8 0
13 11 8 9 0
13 11 8 10 0
13 11 8 11 0
13 11 8 12 0
13 11 8 13 0
13 11 8 14 0
13 11 8 15 0
13 11 9 0 0
13 11 9 1 0
13 11 9 2 0
13 11 9 3 0
13 11 9 4 0
13 11 9 5 0
13 11 9 6 0
13 11 9 7 0
13 11 9 8 0
13 11 9 9 0
13 11 9 10 0
13 11 9 11 0
13 11 9 12 0
13 11 9 13 0
13 11 9 14 0
13 11 9 15 0
13 11 10 0 0
13 11 10 1 0
13 11 10 2 0
13 11 10 3 0
13 11 10 4 0
13 11 10 5 0
13 11 10 6 0
13 11 10 7 0
13 11 10 8 0
13 11 10 9 0
13 11 10 10 0
13 11 10 11 0
13 11 10 12 0
13 11 10 13 0
13 11 10 14 0
13 11 10 15 0
13 11 11 0 0
13 11 11 1 0
13 11 11 2 0
13 11 11 3 0
13 11 11 4 0
13 11 11 5 0
13 11 11 6 0
13 11 11 7 0
13 11 11 8 0
13 11 11 9 0
13 11 11 10 0
13 11 11 11 0
13 11 11 12 0
13 11 11 13 0
13 11 11 14 0
13 11 11 15 0
13 11 12 0 0
13 11 12 1 0
13 11 12 2 0
13 11 12 3 0
13 11 12 4 0
13 11 12 5 0
13 11 12 6 0
13 11 12 7 0
13 11 12 8 0
13 11 12 9 0
13 11 12 10 0
13 11 12 11 0
13 11 12 12 0
13 11 12 13 0
13 11 12 14 0
13 11 12 15 0
13 11 13 0 0
13 11 13 1 0
13 11 13 2 0
13 11 13 3 0
13 11 13 4 0
13 11 13 5 0
13 11 13 6 0
13 11 13 7 0
13 11 13 8 0
13 11 13 9 0
13 11 13 10 0
13 11 13 11 0
13 11 13 12 0
13 11 13 13 0
13 11 13 14 0
13 11 13 15 0
13 11 14 0 0
13 11 14 1 0
13 11 14 2 0
13 11 14 3 0
13 11 14 4 0
13 11 14 5 0
13 11 14 6 0
13 11 14 7 0
13 11 14 8 0
13 11 14 9 0
13 11 14 10 0
13 11 14 11 0
13 11 14 12 0
13 11 14 13 0
13 11 14 14 0
13 11 14 15 0
13 11 15 0 0
13 11 15 1 0
13 11 15 2 0
13 11 15 3 0
13 11 15 4 0
13 11 15 5 0
13 11 15 6 0
13 11 15 7 0
13 11 15 8 0
13 11 15 9 0
13 11 15 10 0
13 11 15 11 0
13 11 15 12 0
13 11 15 13 0
13 11 15 14 0
13 11 15 15 0
13 12 0 0 0
13 12 0 1 0
13 12 0 2 0
13 12 0 3 0
13 12 0 4 0
13 12 0 5 0
13 12 0 6 0
13 12 0 7 0
13 12 0 8 0
13 12 0 9 0
13 12 0 10 0
13 12 0 11 0
13 12 0 12 0
13 12 0 13 0
13 12 0 14 0
13 12 0 15 0
13 12 1 0 0
13 12 1 1 0
13 12 1 2 0
13 12 1 3 0
13 12 1 4 0
13 12 1 5 0
13 12 1 6 0
13 12 1 7 0
13 12 1 8 0
13 12 1 9 0
13 12 1 10 0
13 12 1 11 0
13 12 1 12 0
13 12 1 13 0
13 12 1 14 0
13 12 1 15 0
13 12 2 0 0
13 12 2 1 0
13 12 2 2 0
13 12 2 3 0
13 12 2 4 0
13 12 2 5 0
13 12 2 6 0
13 12 2 7 0
13 12 2 8 0
13 12 2 9 0
13 12 2 10 0
13 12 2 11 0
13 12 2 12 0
13 12 2 13 0
13 12 2 14 0
13 12 2 15 0
13 12 3 0 0
13 12 3 1 0
13 12 3 2 0
13 12 3 3 0
13 12 3 4 0
13 12 3 5 0
13 12 3 6 0
13 12 3 7 0
13 12 3 8 0
13 12 3 9 0
13 12 3 10 0
13 12 3 11 0
13 12 3 12 0
13 12 3 13 0
13 12 3 14 0
13 12 3 15 0
13 12 4 0 0
13 12 4 1 0
13 12 4 2 0
13 12 4 3 0
13 12 4 4 0
13 12 4 5 0
13 12 4 6 0
13 12 4 7 0
13 12 4 8 0
13 12 4 9 0
13 12 4 10 0
13 12 4 11 0
13 12 4 12 0
13 12 4 13 0
13 12 4 14 0
13 12 4 15 0
13 12 5 0 0
13 12 5 1 0
13 12 5 2 0
13 12 5 3 0
13 12 5 4 0
13 12 5 5 0
13 12 5 6 0
13 12 5 7 0
13 12 5 8 0
13 12 5 9 0
13 12 5 10 0
13 12 5 11 0
13 12 5 12 0
13 12 5 13 0
13 12 5 14 0
13 12 5 15 0
13 12 6 0 0
13 12 6 1 0
13 12 6 2 0
13 12 6 3 0
13 12 6 4 0
13 12 6 5 0
13 12 6 6 0
13 12 6 7 0
13 12 6 8 0
13 12 6 9 0
13 12 6 10 0
13 12 6 11 0
13 12 6 12 0
13 12 6 13 0
13 12 6 14 0
13 12 6 15 0
13 12 7 0 0
13 12 7 1 0
13 12 7 2 0
13 12 7 3 0
13 12 7 4 0
13 12 7 5 0
13 12 7 6 0
13 12 7 7 0
13 12 7 8 0
13 12 7 9 0
13 12 7 10 0
13 12 7 11 0
13 12 7 12 0
13 12 7 13 0
13 12 7 14 0
13 12 7 15 0
13 12 8 0 0
13 12 8 1 0
13 12 8 2 0
13 12 8 3 0
13 12 8 4 0
13 12 8 5 0
13 12 8 6 0
13 12 8 7 0
13 12 8 8 0
13 12 8 9 0
13 12 8 10 0
13 12 8 11 0
13 12 8 12 0
13 12 8 13 0
13 12 8 14 0
13 12 8 15 0
13 12 9 0 0
13 12 9 1 0
13 12 9 2 0
13 12 9 3 0
13 12 9 4 0
13 12 9 5 0
13 12 9 6 0
13 12 9 7 0
13 12 9 8 0
13 12 9 9 0
13 12 9 10 0
13 12 9 11 0
13 12 9 12 0
13 12 9 13 0
13 12 9 14 0
13 12 9 15 0
13 12 10 0 0
13 12 10 1 0
13 12 10 2 0
13 12 10 3 0
13 12 10 4 0
13 12 10 5 0
13 12 10 6 0
13 12 10 7 0
13 12 10 8 0
13 12 10 9 0
13 12 10 10 0
13 12 10 11 0
13 12 10 12 0
13 12 10 13 0
13 12 10 14 0
13 12 10 15 0
13 12 11 0 0
13 12 11 1 0
13 12 11 2 0
13 12 11 3 0
13 12 11 4 0
13 12 11 5 0
13 12 11 6 0
13 12 11 7 0
13 12 11 8 0
13 12 11 9 0
13 12 11 10 0
13 12 11 11 0
13 12 11 12 0
13 12 11 13 0
13 12 11 14 0
13 12 11 15 0
13 12 12 0 0
13 12 12 1 0
13 12 12 2 0
13 12 12 3 0
13 12 12 4 0
13 12 12 5 0
13 12 12 6 0
13 12 12 7 0
13 12 12 8 0
13 12 12 9 0
13 12 12 10 0
13 12 12 11 0
13 12 12 12 0
13 12 12 13 0
13 12 12 14 0
13 12 12 15 0
13 12 13 0 0
13 12 13 1 0
13 12 13 2 0
13 12 13 3 0
13 12 13 4 0
13 12 13 5 0
13 12 13 6 0
13 12 13 7 0
13 12 13 8 0
13 12 13 9 0
13 12 13 10 0
13 12 13 11 0
13 12 13 12 0
13 12 13 13 0
13 12 13 14 0
13 12 13 15 0
13 12 14 0 0
13 12 14 1 0
13 12 14 2 0
13 12 14 3 0
13 12 14 4 0
13 12 14 5 0
13 12 14 6 0
13 12 14 7 0
13 12 14 8 0
13 12 14 9 0
13 12 14 10 0
13 12 14 11 0
13 12 14 12 0
13 12 14 13 0
13 12 14 14 0
13 12 14 15 0
13 12 15 0 0
13 12 15 1 0
13 12 15 2 0
13 12 15 3 0
13 12 15 4 0
13 12 15 5 0
13 12 15 6 0
13 12 15 7 0
13 12 15 8 0
13 12 15 9 0
13 12 15 10 0
13 12 15 11 0
13 12 15 12 0
13 12 15 13 0
13 12 15 14 0
13 12 15 15 0
13 13 0 0 0
13 13 0 1 0
13 13 0 2 0
13 13 0 3 0
13 13 0 4 0
13 13 0 5 0
13 13 0 6 0
13 13 0 7 0
13 13 0 8 0
13 13 0 9 0
13 13 0 10 0
13 13 0 11 0
13 13 0 12 0
13 13 0 13 0
13 13 0 14 0
13 13 0 15 0
13 13 1 0 0
13 13 1 1 0
13 13 1 2 0
13 13 1 3 0
13 13 1 4 0
13 13 1 5 0
13 13 1 6 0
13 13 1 7 0
13 13 1 8 0
13 13 1 9 0
13 13 1 10 0
13 13 1 11 0
13 13 1 12 0
13 13 1 13 0
13 13 1 14 0
13 13 1 15 0
13 13 2 0 0
13 13 2 1 0
13 13 2 2 0
13 13 2 3 0
13 13 2 4 0
13 13 2 5 0
13 13 2 6 0
13 13 2 7 0
13 13 2 8 0
13 13 2 9 0
13 13 2 10 0
13 13 2 11 0
13 13 2 12 0
13 13 2 13 0
13 13 2 14 0
13 13 2 15 0
13 13 3 0 0
13 13 3 1 0
13 13 3 2 0
13 13 3 3 0
13 13 3 4 0
13 13 3 5 0
13 13 3 6 0
13 13 3 7 0
13 13 3 8 0
13 13 3 9 0
13 13 3 10 0
13 13 3 11 0
13 13 3 12 0
13 13 3 13 0
13 13 3 14 0
13 13 3 15 0
13 13 4 0 0
13 13 4 1 0
13 13 4 2 0
13 13 4 3 0
13 13 4 4 0
13 13 4 5 0
13 13 4 6 0
13 13 4 7 0
13 13 4 8 0
13 13 4 9 0
13 13 4 10 0
13 13 4 11 0
13 13 4 12 0
13 13 4 13 0
13 13 4 14 0
13 13 4 15 0
13 13 5 0 0
13 13 5 1 0
13 13 5 2 0
13 13 5 3 0
13 13 5 4 0
13 13 5 5 0
13 13 5 6 0
13 13 5 7 0
13 13 5 8 0
13 13 5 9 0
13 13 5 10 0
13 13 5 11 0
13 13 5 12 0
13 13 5 13 0
13 13 5 14 0
13 13 5 15 0
13 13 6 0 0
13 13 6 1 0
13 13 6 2 0
13 13 6 3 0
13 13 6 4 0
13 13 6 5 0
13 13 6 6 0
13 13 6 7 0
13 13 6 8 0
13 13 6 9 0
13 13 6 10 0
13 13 6 11 0
13 13 6 12 0
13 13 6 13 0
13 13 6 14 0
13 13 6 15 0
13 13 7 0 0
13 13 7 1 0
13 13 7 2 0
13 13 7 3 0
13 13 7 4 0
13 13 7 5 0
13 13 7 6 0
13 13 7 7 0
13 13 7 8 0
13 13 7 9 0
13 13 7 10 0
13 13 7 11 0
13 13 7 12 0
13 13 7 13 0
13 13 7 14 0
13 13 7 15 0
13 13 8 0 0
13 13 8 1 0
13 13 8 2 0
13 13 8 3 0
13 13 8 4 0
13 13 8 5 0
13 13 8 6 0
13 13 8 7 0
13 13 8 8 0
13 13 8 9 0
13 13 8 10 0
13 13 8 11 0
13 13 8 12 0
13 13 8 13 0
13 13 8 14 0
13 13 8 15 0
13 13 9 0 0
13 13 9 1 0
13 13 9 2 0
13 13 9 3 0
13 13 9 4 0
13 13 9 5 0
13 13 9 6 0
13 13 9 7 0
13 13 9 8 0
13 13 9 9 0
13 13 9 10 0
13 13 9 11 0
13 13 9 12 0
13 13 9 13 0
13 13 9 14 0
13 13 9 15 0
13 13 10 0 0
13 13 10 1 0
13 13 10 2 0
13 13 10 3 0
13 13 10 4 0
13 13 10 5 0
13 13 10 6 0
13 13 10 7 0
13 13 10 8 0
13 13 10 9 0
13 13 10 10 0
13 13 10 11 0
13 13 10 12 0
13 13 10 13 0
13 13 10 14 0
13 13 10 15 0
13 13 11 0 0
13 13 11 1 0
13 13 11 2 0
13 13 11 3 0
13 13 11 4 0
13 13 11 5 0
13 13 11 6 0
13 13 11 7 0
13 13 11 8 0
13 13 11 9 0
13 13 11 10 0
13 13 11 11 0
13 13 11 12 0
13 13 11 13 0
13 13 11 14 0
13 13 11 15 0
13 13 12 0 0
13 13 12 1 0
13 13 12 2 0
13 13 12 3 0
13 13 12 4 0
13 13 12 5 0
13 13 12 6 0
13 13 12 7 0
13 13 12 8 0
13 13 12 9 0
13 13 12 10 0
13 13 12 11 0
13 13 12 12 0
13 13 12 13 0
13 13 12 14 0
13 13 12 15 0
13 13 13 0 0
13 13 13 1 0
13 13 13 2 0
13 13 13 3 0
13 13 13 4 0
13 13 13 5 0
13 13 13 6 0
13 13 13 7 0
13 13 13 8 0
13 13 13 9 0
13 13 13 10 0
13 13 13 11 0
13 13 13 12 0
13 13 13 13 0
13 13 13 14 0
13 13 13 15 0
13 13 14 0 0
13 13 14 1 0
13 13 14 2 0
13 13 14 3 0
13 13 14 4 0
13 13 14 5 0
13 13 14 6 0
13 13 14 7 0
13 13 14 8 0
13 13 14 9 0
13 13 14 10 0
13 13 14 11 0
13 13 14 12 0
13 13 14 13 0
13 13 14 14 0
13 13 14 15 0
13 13 15 0 0
13 13 15 1 0
13 13 15 2 0
13 13 15 3 0
13 13 15 4 0
13 13 15 5 0
13 13 15 6 0
13 13 15 7 0
13 13 15 8 0
13 13 15 9 0
13 13 15 10 0
13 13 15 11 0
13 13 15 12 0
13 13 15 13 0
13 13 15 14 0
13 13 15 15 0
13 14 0 0 0
13 14 0 1 0
13 14 0 2 0
13 14 0 3 0
13 14 0 4 0
13 14 0 5 0
13 14 0 6 0
13 14 0 7 0
13 14 0 8 0
13 14 0 9 0
13 14 0 10 0
13 14 0 11 0
13 14 0 12 0
13 14 0 13 0
13 14 0 14 0
13 14 0 15 0
13 14 1 0 0
13 14 1 1 0
13 14 1 2 0
13 14 1 3 0
13 14 1 4 0
13 14 1 5 0
13 14 1 6 0
13 14 1 7 0
13 14 1 8 0
13 14 1 9 0
13 14 1 10 0
13 14 1 11 0
13 14 1 12 0
13 14 1 13 0
13 14 1 14 0
13 14 1 15 0
13 14 2 0 0
13 14 2 1 0
13 14 2 2 0
13 14 2 3 0
13 14 2 4 0
13 14 2 5 0
13 14 2 6 0
13 14 2 7 0
13 14 2 8 0
13 14 2 9 0
13 14 2 10 0
13 14 2 11 0
13 14 2 12 0
13 14 2 13 0
13 14 2 14 0
13 14 2 15 0
13 14 3 0 0
13 14 3 1 0
13 14 3 2 0
13 14 3 3 0
13 14 3 4 0
13 14 3 5 0
13 14 3 6 0
13 14 3 7 0
13 14 3 8 0
13 14 3 9 0
13 14 3 10 0
13 14 3 11 0
13 14 3 12 0
13 14 3 13 0
13 14 3 14 0
13 14 3 15 0
13 14 4 0 0
13 14 4 1 0
13 14 4 2 0
13 14 4 3 0
13 14 4 4 0
13 14 4 5 0
13 14 4 6 0
13 14 4 7 0
13 14 4 8 0
13 14 4 9 0
13 14 4 10 0
13 14 4 11 0
13 14 4 12 0
13 14 4 13 0
13 14 4 14 0
13 14 4 15 0
13 14 5 0 0
13 14 5 1 0
13 14 5 2 0
13 14 5 3 0
13 14 5 4 0
13 14 5 5 0
13 14 5 6 0
13 14 5 7 0
13 14 5 8 0
13 14 5 9 0
13 14 5 10 0
13 14 5 11 0
13 14 5 12 0
13 14 5 13 0
13 14 5 14 0
13 14 5 15 0
13 14 6 0 0
13 14 6 1 0
13 14 6 2 0
13 14 6 3 0
13 14 6 4 0
13 14 6 5 0
13 14 6 6 0
13 14 6 7 0
13 14 6 8 0
13 14 6 9 0
13 14 6 10 0
13 14 6 11 0
13 14 6 12 0
13 14 6 13 0
13 14 6 14 0
13 14 6 15 0
13 14 7 0 0
13 14 7 1 0
13 14 7 2 0
13 14 7 3 0
13 14 7 4 0
13 14 7 5 0
13 14 7 6 0
13 14 7 7 0
13 14 7 8 0
13 14 7 9 0
13 14 7 10 0
13 14 7 11 0
13 14 7 12 0
13 14 7 13 0
13 14 7 14 0
13 14 7 15 0
13 14 8 0 0
13 14 8 1 0
13 14 8 2 0
13 14 8 3 0
13 14 8 4 0
13 14 8 5 0
13 14 8 6 0
13 14 8 7 0
13 14 8 8 0
13 14 8 9 0
13 14 8 10 0
13 14 8 11 0
13 14 8 12 0
13 14 8 13 0
13 14 8 14 0
13 14 8 15 0
13 14 9 0 0
13 14 9 1 0
13 14 9 2 0
13 14 9 3 0
13 14 9 4 0
13 14 9 5 0
13 14 9 6 0
13 14 9 7 0
13 14 9 8 0
13 14 9 9 0
13 14 9 10 0
13 14 9 11 0
13 14 9 12 0
13 14 9 13 0
13 14 9 14 0
13 14 9 15 0
13 14 10 0 0
13 14 10 1 0
13 14 10 2 0
13 14 10 3 0
13 14 10 4 0
13 14 10 5 0
13 14 10 6 0
13 14 10 7 0
13 14 10 8 0
13 14 10 9 0
13 14 10 10 0
13 14 10 11 0
13 14 10 12 0
13 14 10 13 0
13 14 10 14 0
13 14 10 15 0
13 14 11 0 0
13 14 11 1 0
13 14 11 2 0
13 14 11 3 0
13 14 11 4 0
13 14 11 5 0
13 14 11 6 0
13 14 11 7 0
13 14 11 8 0
13 14 11 9 0
13 14 11 10 0
13 14 11 11 0
13 14 11 12 0
13 14 11 13 0
13 14 11 14 0
13 14 11 15 0
13 14 12 0 0
13 14 12 1 0
13 14 12 2 0
13 14 12 3 0
13 14 12 4 0
13 14 12 5 0
13 14 12 6 0
13 14 12 7 0
13 14 12 8 0
13 14 12 9 0
13 14 12 10 0
13 14 12 11 0
13 14 12 12 0
13 14 12 13 0
13 14 12 14 0
13 14 12 15 0
13 14 13 0 0
13 14 13 1 0
13 14 13 2 0
13 14 13 3 0
13 14 13 4 0
13 14 13 5 0
13 14 13 6 0
13 14 13 7 0
13 14 13 8 0
13 14 13 9 0
13 14 13 10 0
13 14 13 11 0
13 14 13 12 0
13 14 13 13 0
13 14 13 14 0
13 14 13 15 0
13 14 14 0 0
13 14 14 1 0
13 14 14 2 0
13 14 14 3 0
13 14 14 4 0
13 14 14 5 0
13 14 14 6 0
13 14 14 7 0
13 14 14 8 0
13 14 14 9 0
13 14 14 10 0
13 14 14 11 0
13 14 14 12 0
13 14 14 13 0
13 14 14 14 0
13 14 14 15 0
13 14 15 0 0
13 14 15 1 0
13 14 15 2 0
13 14 15 3 0
13 14 15 4 0
13 14 15 5 0
13 14 15 6 0
13 14 15 7 0
13 14 15 8 0
13 14 15 9 0
13 14 15 10 0
13 14 15 11 0
13 14 15 12 0
13 14 15 13 0
13 14 15 14 0
13 14 15 15 0
13 15 0 0 0
13 15 0 1 0
13 15 0 2 0
13 15 0 3 0
13 15 0 4 0
13 15 0 5 0
13 15 0 6 0
13 15 0 7 0
13 15 0 8 0
13 15 0 9 0
13 15 0 10 0
13 15 0 11 0
13 15 0 12 0
13 15 0 13 0
13 15 0 14 0
13 15 0 15 0
13 15 1 0 0
13 15 1 1 0
13 15 1 2 0
13 15 1 3 0
13 15 1 4 0
13 15 1 5 0
13 15 1 6 0
13 15 1 7 0
13 15 1 8 0
13 15 1 9 0
13 15 1 10 0
13 15 1 11 0
13 15 1 12 0
13 15 1 13 0
13 15 1 14 0
13 15 1 15 0
13 15 2 0 0
13 15 2 1 0
13 15 2 2 0
13 15 2 3 0
13 15 2 4 0
13 15 2 5 0
13 15 2 6 0
13 15 2 7 0
13 15 2 8 0
13 15 2 9 0
13 15 2 10 0
13 15 2 11 0
13 15 2 12 0
13 15 2 13 0
13 15 2 14 0
13 15 2 15 0
13 15 3 0 0
13 15 3 1 0
13 15 3 2 0
13 15 3 3 0
13 15 3 4 0
13 15 3 5 0
13 15 3 6 0
13 15 3 7 0
13 15 3 8 0
13 15 3 9 0
13 15 3 10 0
13 15 3 11 0
13 15 3 12 0
13 15 3 13 0
13 15 3 14 0
13 15 3 15 0
13 15 4 0 0
13 15 4 1 0
13 15 4 2 0
13 15 4 3 0
13 15 4 4 0
13 15 4 5 0
13 15 4 6 0
13 15 4 7 0
13 15 4 8 0
13 15 4 9 0
13 15 4 10 0
13 15 4 11 0
13 15 4 12 0
13 15 4 13 0
13 15 4 14 0
13 15 4 15 0
13 15 5 0 0
13 15 5 1 0
13 15 5 2 0
13 15 5 3 0
13 15 5 4 0
13 15 5 5 0
13 15 5 6 0
13 15 5 7 0
13 15 5 8 0
13 15 5 9 0
13 15 5 10 0
13 15 5 11 0
13 15 5 12 0
13 15 5 13 0
13 15 5 14 0
13 15 5 15 0
13 15 6 0 0
13 15 6 1 0
13 15 6 2 0
13 15 6 3 0
13 15 6 4 0
13 15 6 5 0
13 15 6 6 0
13 15 6 7 0
13 15 6 8 0
13 15 6 9 0
13 15 6 10 0
13 15 6 11 0
13 15 6 12 0
13 15 6 13 0
13 15 6 14 0
13 15 6 15 0
13 15 7 0 0
13 15 7 1 0
13 15 7 2 0
13 15 7 3 0
13 15 7 4 0
13 15 7 5 0
13 15 7 6 0
13 15 7 7 0
13 15 7 8 0
13 15 7 9 0
13 15 7 10 0
13 15 7 11 0
13 15 7 12 0
13 15 7 13 0
13 15 7 14 0
13 15 7 15 0
13 15 8 0 0
13 15 8 1 0
13 15 8 2 0
13 15 8 3 0
13 15 8 4 0
13 15 8 5 0
13 15 8 6 0
13 15 8 7 0
13 15 8 8 0
13 15 8 9 0
13 15 8 10 0
13 15 8 11 0
13 15 8 12 0
13 15 8 13 0
13 15 8 14 0
13 15 8 15 0
13 15 9 0 0
13 15 9 1 0
13 15 9 2 0
13 15 9 3 0
13 15 9 4 0
13 15 9 5 0
13 15 9 6 0
13 15 9 7 0
13 15 9 8 0
13 15 9 9 0
13 15 9 10 0
13 15 9 11 0
13 15 9 12 0
13 15 9 13 0
13 15 9 14 0
13 15 9 15 0
13 15 10 0 0
13 15 10 1 0
13 15 10 2 0
13 15 10 3 0
13 15 10 4 0
13 15 10 5 0
13 15 10 6 0
13 15 10 7 0
13 15 10 8 0
13 15 10 9 0
13 15 10 10 0
13 15 10 11 0
13 15 10 12 0
13 15 10 13 0
13 15 10 14 0
13 15 10 15 0
13 15 11 0 0
13 15 11 1 0
13 15 11 2 0
13 15 11 3 0
13 15 11 4 0
13 15 11 5 0
13 15 11 6 0
13 15 11 7 0
13 15 11 8 0
13 15 11 9 0
13 15 11 10 0
13 15 11 11 0
13 15 11 12 0
13 15 11 13 0
13 15 11 14 0
13 15 11 15 0
13 15 12 0 0
13 15 12 1 0
13 15 12 2 0
13 15 12 3 0
13 15 12 4 0
13 15 12 5 0
13 15 12 6 0
13 15 12 7 0
13 15 12 8 0
13 15 12 9 0
13 15 12 10 0
13 15 12 11 0
13 15 12 12 0
13 15 12 13 0
13 15 12 14 0
13 15 12 15 0
13 15 13 0 0
13 15 13 1 0
13 15 13 2 0
13 15 13 3 0
13 15 13 4 0
13 15 13 5 0
13 15 13 6 0
13 15 13 7 0
13 15 13 8 0
13 15 13 9 0
13 15 13 10 0
13 15 13 11 0
13 15 13 12 0
13 15 13 13 0
13 15 13 14 0
13 15 13 15 0
13 15 14 0 0
13 15 14 1 0
13 15 14 2 0
13 15 14 3 0
13 15 14 4 0
13 15 14 5 0
13 15 14 6 0
13 15 14 7 0
13 15 14 8 0
13 15 14 9 0
13 15 14 10 0
13 15 14 11 0
13 15 14 12 0
13 15 14 13 0
13 15 14 14 0
13 15 14 15 0
13 15 15 0 0
13 15 15 1 0
13 15 15 2 0
13 15 15 3 0
13 15 15 4 0
13 15 15 5 0
13 15 15 6 0
13 15 15 7 0
13 15 15 8 0
13 15 15 9 0
13 15 15 10 0
13 15 15 11 0
13 15 15 12 0
13 15 15 13 0
13 15 15 14 0
13 15 15 15 0
14 0 0 0 0
14 0 0 1 0
14 0 0 2 -0.03276348865198386
14 0 0 3 0
14 0 0 4 0
14 0 0 5 0
14 0 0 6 0
14 0 0 7 0
14 0 0 8 0
14 0 0 9 0
14 0 0 10 0
14 0 0 11 0.0005394464571167848
14 0 0 12 0
14 0 0 13 0
14 0 0 14 -0.0009342903736689466
14 0 0 15 0
14 0 1 0 0
14 0 1 1 0
14 0 1 2 0
14 0 1 3 0
14 0 1 4 0
14 0 1 5 0
14 0 1 6 0
14 0 1 7 0
14 0 1 8 0
14 0 1 9 0
14 0 1 10 0
14 0 1 11 0
14 0 1 12 0
14 0 1 13 0
14 0 1 14 0
14 0 1 15 0
14 0 2 0 0.06552697730396771
14 0 2 1 0
14 0 2 2 0
14 0 2 3 0
14 0 2 4 0
14 0 2 5 0
14 0 2 6 0
14 0 2 7 0
14 0 2 8 0
14 0 2 9 0
14 0 2 10 0
14 0 2 11 -0.0005308747376568888
14 0 2 12 0
14 0 2 13 0
14 0 2 14 0
14 0 2 15 0
14 0 3 0 0
14 0 3 1 0
14 0 3 2 0
14 0 3 3 0
14 0 3 4 0
14 0 3 5 0
14 0 3 6 0
14 0 3 7 0
14 0 3 8 0
14 0 3 9 0
14 0 3 10 0
14 0 3 11 0
14 0 3 12 0
14 0 3 13 0
14 0 3 14 0
14 0 3 15 0
14 0 4 0 0
14 0 4 1 0
14 0 4 2 0
14 0 4 3 0
14 0 4 4 0
14 0 4 5 0
14 0 4 6 0
14 0 4 7 0
14 0 4 8 0
14 0 4 9 0
14 0 4 10 0
14 0 4 11 0
14 0 4 12 0
14 0 4 13 0
14 0 4 14 0
14 0 4 15 0
14 0 5 0 0
14 0 5 1 0
14 0 5 2 0
14 0 5 3 0
14 0 5 4 0
14 0 5 5 0
14 0 5 6 0
14 0 5 7 0
14 0 5 8 0
14 0 5 9 0
14 0 5 10 0
14 0 5 11 0
14 0 5 12 0
14 0 5 13 0
14 0 5 14 0
14 0 5 15 0
14 0 6 0 0
14 0 6 1 0
14 0 6 2 0
14 0 6 3 0
14 0 6 4 0
14 0 6 5 0
14 0 6 6 0
14 0 6 7 0
14 0 6 8 0
14 0 6 9 0
14 0 6 10 0
14 0 6 11 0
14 0 6 12 0
14 0 6 13 0
14 0 6 14 0
14 0 6 15 0
14 0 7 0 0
14 0 7 1 0
14 0 7 2 0
14 0 7 3 0
14 0 7 4 0
14 0 7 5 0
14 0 7 6 0
14 0 7 7 0
14 0 7 8 0
14 0 7 9 0
14 0 7 10 0
14 0 7 11 0
14 0 7 12 0
14 0 7 13 0
14 0 7 14 0
14 0 7 15 0
14 0 8 0 0
14 0 8 1 0
14 0 8 2 0
14 0 8 3 0
14 0 8 4 0
14 0 8 5 0
14 0 8 6 0
14 0 8 7 0
14 0 8 8 0
14 0 8 9 0
14 0 8 10 0
14 0 8 11 0
14 0 8 12 0
14 0 8 13 0
14 0 8 14 0
14 0 8 15 0
14 0 9 0 0
14 0 9 1 0
14 0 9 2 0
14 0 9 3 0
14 0 9 4 0
14 0 9 5 0
14 0 9 6 0
14 0 9 7 0
14 0 9 8 0
14 0 9 9 0
14 0 9 10 0
14 0 9 11 0
14 0 9 12 0
14 0 9 13 0
14 0 9 14 0
14 0 9 15 0
14 0 10 0 0
14 0 10 1 0
14 0 10 2 0
14 0 10 3 0
14 0 10 4 0
14 0 10 5 0
14 0 10 6 0
14 0 10 7 0
14 0 10 8 0
14 0 10 9 0
14 0 10 10 0
14 0 10 11 0
14 0 10 12 0
14 0 10 13 0
14 0 10 14 0
14 0 10 15 0
14 0 11 0 -0.00107889291423357
14 0 11 1 0
14 0 11 2 9.962961556027948e-05
14 0 11 3 0
14 0 11 4 0
14 0 11 5 0
14 0 11 6 0
14 0 11 7 0
14 0 11 8 0
14 0 11 9 0
14 0 11 10 0
14 0 11 11 0
14 0 11 12 0
14 0 11 13 0
14 0 11 14 0
14 0 11 15 0
14 0 12 0 0
14 0 12 1 0
14 0 12 2 0
14 0 12 3 0
14 0 12 4 0
14 0 12 5 0
14 0 12 6 0
14 0 12 7 0
14 0 12 8 0
14 0 12 9 0
14 0 12 10 0
14 0 12 11 0
14 0 12 12 0
14 0 12 13 0
14 0 12 14 0
14 0 12 15 0
14 0 13 0 0
14 0 13 1 0
14 0 13 2 0
14 0 13 3 0
14 0 13 4 0
14 0 13 5 0
14 0 13 6 0
14 0 13 7 0
14 0 13 8 0
14 0 13 9 0
14 0 13 10 0
14 0 13 11 0
14 0 13 12 0
14 0 13 13 0
14 0 13 14 0
14 0 13 15 0
14 0 14 0 0.001868580747337893
14 0 14 1 0
14 0 14 2 0
14 0 14 3 0
14 0 14 4 0
14 0 14 5 0
14 0 14 6 0
14 0 14 7 0
14 0 14 8 0
14 0 14 9 0
14 0 14 10 0
14 0 14 11 0
14 0 14 12 0
14 0 14 13 0
14 0 14 14 0
14 0 14 15 0
14 0 15 0 0
14 0 15 1 0
14 0 15 2 0
14 0 15 3 0
14 0 15 4 0
14 0 15 5 0
14 0 15 6 0
14 0 15 7 0
14 0 15 8 0
14 0 15 9 0
14 0 15 10 0
14 0 15 11 0
14 0 15 12 0
14 0 15 13 0
14 0 15 14 0
14 0 15 15 0
14 1 0 0 0
14 1 0 1 0
14 1 0 2 0
14 1 0 3 0
14 1 0 4 0
14 1 0 5 0
14 1 0 6 0
14 1 0 7 0
14 1 0 8 0
14 1 0 9 0
14 1 0 10 0
14 1 0 11 0
14 1 0 12 0
14 1 0 13 0
14 1 0 14 0
14 1 0 15 0
14 1 1 0 0
14 1 1 1 0
14 1 1 2 -0.03276348865198386
14 1 1 3 0
14 1 1 4 0
14 1 1 5 0
14 1 1 6 0
14 1 1 7 0
14 1 1 8 0
14 1 1 9 0
14 1 1 10 0
14 1 1 11 0.0005394464571167848
14 1 1 12 0
14 1 1 13 0
14 1 1 14 -0.0009342903736689466
14 1 1 15 0
14 1 2 0 0
14 1 2 1 0.06552697730396771
14 1 2 2 0
14 1 2 3 0
14 1 2 4 0
14 1 2 5 0
14 1 2 6 0
14 1 2 7 0
14 1 2 8 0
14 1 2 9 0
14 1 2 10 0
14 1 2 11 0
14 1 2 12 0
14 1 2 13 0
14 1 2 14 0
14 1 2 15 0.0005429041763639858
14 1 3 0 0
14 1 3 1 0
14 1 3 2 0
14 1 3 3 0
14 1 3 4 0
14 1 3 5 0
14 1 3 6 0
14 1 3 7 0
14 1 3 8 0
14 1 3 9 0
14 1 3 10 0
14 1 3 11 0
14 1 3 12 0
14 1 3 13 0
14 1 3 14 0
14 1 3 15 0
14 1 4 0 0
14 1 4 1 0
14 1 4 2 0
14 1 4 3 0
14 1 4 4 0
14 1 4 5 0
14 1 4 6 0
14 1 4 7 0
14 1 4 8 0
14 1 4 9 0
14 1 4 10 0
14 1 4 11 0
14 1 4 12 0
14 1 4 13 0
14 1 4 14 0
14 1 4 15 0
14 1 5 0 0
14 1 5 1 0
14 1 5 2 0
14 1 5 3 0
14 1 5 4 0
14 1 5 5 0
14 1 5 6 0
14 1 5 7 0
14 1 5 8 0
14 1 5 9 0
14 1 5 10 0
14 1 5 11 0
14 1 5 12 0
14 1 5 13 0
14 1 5 14 0
14 1 5 15 0
14 1 6 0 0
14 1 6 1 0
14 1 6 2 0
14 1 6 3 0
14 1 6 4 0
14 1 6 5 0
14 1 6 6 0
14 1 6 7 0
14 1 6 8 0
14 1 6 9 0
14 1 6 10 0
14 1 6 11 0
14 1 6 12 0
14 1 6 13 0
14 1 6 14 0
14 1 6 15 0
14 1 7 0 0
14 1 7 1 0
14 1 7 2 0
14 1 7 3 0
14 1 7 4 0
14 1 7 5 0
14 1 7 6 0
14 1 7 7 0
14 1 7 8 0
14 1 7 9 0
14 1 7 10 0
14 1 7 11 0
14 1 7 12 0
14 1 7 13 0
14 1 7 14 0
14 1 7 15 0
14 1 8 0 0
14 1 8 1 0
14 1 8 2 0
14 1 8 3 0
14 1 8 4 0
14 1 8 5 0
14 1 8 6 0
14 1 8 7 0
14 1 8 8 0
14 1 8 9 0
14 1 8 10 0
14 1 8 11 0
14 1 8 12 0
14 1 8 13 0
14 1 8 14 0
14 1 8 15 0
14 1 9 0 0
14 1 9 1 0
14 1 9 2 0
14 1 9 3 0
14 1 9 4 0
14 1 9 5 0
14 1 9 6 0
14 1 9 7 0
14 1 9 8 0
14 1 9 9 0
14 1 9 10 0
14 1 9 11 0
14 1 9 12 0
14 1 9 13 0
14 1 9 14 0
14 1 9 15 0
14 1 10 0 0
14 1 10 1 0
14 1 10 2 0
14 1 10 3 0
14 1 10 4 0
14 1 10 5 0
14 1 10 6 0
14 1 10 7 0
14 1 10 8 0
14 1 10 9 0
14 1 10 10 0
14 1 10 11 0
14 1 10 12 0
14 1 10 13 0
14 1 10 14 0
14 1 10 15 0
14 1 11 0 0
14 1 11 1 -0.00107889291423357
14 1 11 2 0
14 1 11 3 0
14 1 11 4 0
14 1 11 5 0
14 1 11 6 0
14 1 11 7 0
14 1 11 8 0
14 1 11 9 0
14 1 11 10 0
14 1 11 11 0
14 1 11 12 0
14 1 11 13 0
14 1 11 14 0
14 1 11 15 0
14 1 12 0 0
14 1 12 1 0
14 1 12 2 0
14 1 12 3 0
14 1 12 4 0
14 1 12 5 0
14 1 12 6 0
14 1 12 7 0
14 1 12 8 0
14 1 12 9 0
14 1 12 10 0
14 1 12 11 0
14 1 12 12 0
14 1 12 13 0
14 1 12 14 0
14 1 12 15 0
14 1 13 0 0
14 1 13 1 0
14 1 13 2 0
14 1 13 3 0
14 1 13 4 0
14 1 13 5 0
14 1 13 6 0
14 1 13 7 0
14 1 13 8 0
14 1 13 9 0
14 1 13 10 0
14 1 13 11 0
14 1 13 12 0
14 1 13 13 0
14 1 13 14 0
14 1 13 15 0
14 1 14 0 0
14 1 14 1 0.001868580747337893
14 1 14 2 0
14 1 14 3 0
14 1 14 4 0
14 1 14 5 0
14 1 14 6 0
14 1 14 7 0
14 1 14 8 0
14 1 14 9 0
14 1 14 10 0
14 1 14 11 0
14 1 14 12 0
14 1 14 13 0
14 1 14 14 0
14 1 14 15 0
14 1 15 0 0
14 1 15 1 0
14 1 15 2 -0.0002393996818441073
14 1 15 3 0
14 1 15 4 0
14 1 15 5 0
14 1 15 6 0
14 1 15 7 0
14 1 15 8 0
14 1 15 9 0
14 1 15 10 0
14 1 15 11 0
14 1 15 12 0
14 1 15 13 0
14 1 15 14 0
14 1 15 15 0
14 2 0 0 0
14 2 0 1 0
14 2 0 2 0
14 2 0 3 0
14 2 0 4 0
14 2 0 5 0
14 2 0 6 0
14 2 0 7 0
14 2 0 8 0
14 2 0 9 0
14 2 0 10 0
14 2 0 11 0
14 2 0 12 0
14 2 0 13 0
14 2 0 14 0
14 2 0 15 0
14 2 1 0 0
14 2 1 1 0
14 2 1 2 0
14 2 1 3 0
14 2 1 4 0
14 2 1 5 0
14 2 1 6 0
14 2 1 7 0
14 2 1 8 0
14 2 1 9 0
14 2 1 10 0
14 2 1 11 0
14 2 1 12 0
14 2 1 13 0
14 2 1 14 0
14 2 1 15 0
14 2 2 0 0
14 2 2 1 0
14 2 2 2 0.03276348865198386
14 2 2 3 0
14 2 2 4 0
14 2 2 5 0
14 2 2 6 0
14 2 2 7 0
14 2 2 8 0
14 2 2 9 0
14 2 2 10 0
14 2 2 11 -0.0006271886437605096
14 2 2 12 0
14 2 2 13 0
14 2 2 14 0.0006203077923800358
14 2 2 15 0
14 2 3 0 0
14 2 3 1 0
14 2 3 2 0
14 2 3 3 0
14 2 3 4 0
14 2 3 5 0
14 2 3 6 0
14 2 3 7 0
14 2 3 8 0
14 2 3 9 0
14 2 3 10 0
14 2 3 11 0
14 2 3 12 0
14 2 3 13 0
14 2 3 14 0
14 2 3 15 0
14 2 4 0 0
14 2 4 1 0
14 2 4 2 0
14 2 4 3 0
14 2 4 4 0
14 2 4 5 0
14 2 4 6 0
14 2 4 7 0
14 2 4 8 0
14 2 4 9 0
14 2 4 10 0
14 2 4 11 0
14 2 4 12 0
14 2 4 13 0
14 2 4 14 0
14 2 4 15 0
14 2 5 0 0
14 2 5 1 0
14 2 5 2 0
14 2 5 3 0
14 2 5 4 0
14 2 5 5 0
14 2 5 6 0
14 2 5 7 0
14 2 5 8 0
14 2 5 9 0
14 2 5 10 0
14 2 5 11 0
14 2 5 12 0
14 2 5 13 0
14 2 5 14 0
14 2 5 15 0
14 2 6 0 0
14 2 6 1 0
14 2 6 2 0
14 2 6 3 0
14 2 6 4 0
14 2 6 5 0
14 2 6 6 0
14 2 6 7 0
14 2 6 8 0
14 2 6 9 0
14 2 6 10 0
14 2 6 11 0
14 2 6 12 0
14 2 6 13 0
14 2 6 14 0
14 2 6 15 0
14 2 7 0 0
14 2 7 1 0
14 2 7 2 0
14 2 7 3 0
14 2 7 4 0
14 2 7 5 0
14 2 7 6 0
14 2 7 7 -0.01525973172567776
14 2 7 8 0
14 2 7 9 0
14 2 7 10 0
14 2 7 11 0
14 2 7 12 0
14 2 7 13 0
14 2 7 14 0
14 2 7 15 0
14 2 8 0 0
14 2 8 1 0
14 2 8 2 0
14 2 8 3 0
14 2 8 4 0
14 2 8 5 0
14 2 8 6 0
14 2 8 7 0
14 2 8 8 0
14 2 8 9 0
14 2 8 10 0
14 2 8 11 0
14 2 8 12 0
14 2 8 13 0
14 2 8 14 0
14 2 8 15 0
14 2 9 0 0
14 2 9 1 0
14 2 9 2 0
14 2 9 3 0
14 2 9 4 0
14 2 9 5 0
14 2 9 6 0
14 2 9 7 0
14 2 9 8 0
14 2 9 9 0
14 2 9 10 0
14 2 9 11 0
14 2 9 12 0
14 2 9 13 0
14 2 9 14 0
14 2 9 15 0
14 2 10 0 0
14 2 10 1 0
14 2 10 2 0
14 2 10 3 0
14 2 10 4 0
14 2 10 5 0
14 2 10 6 0
14 2 10 7 0
14 2 10 8 0
14 2 10 9 0
14 2 10 10 0
14 2 10 11 0
14 2 10 12 0
14 2 10 13 0
14 2 10 14 0
14 2 10 15 0
14 2 11 0 0
14 2 11 1 0
14 2 11 2 -0.0005394464571167848
14 2 11 3 0
14 2 11 4 0
14 2 11 5 0
14 2 11 6 0
14 2 11 7 0
14 2 11 8 0
14 2 11 9 0
14 2 11 10 0
14 2 11 11 0
14 2 11 12 0
14 2 11 13 0
14 2 11 14 0
14 2 11 15 0
14 2 12 0 0
14 2 12 1 0
14 2 12 2 0
14 2 12 3 0
14 2 12 4 0
14 2 12 5 0
14 2 12 6 0
14 2 12 7 0
14 2 12 8 0
14 2 12 9 0
14 2 12 10 0
14 2 12 11 0
14 2 12 12 0
14 2 12 13 0
14 2 12 14 0
14 2 12 15 0
14 2 13 0 0
14 2 13 1 0
14 2 13 2 0
14 2 13 3 0
14 2 13 4 0
14 2 13 5 0
14 2 13 6 0
14 2 13 7 0
14 2 13 8 0
14 2 13 9 0
14 2 13 10 0
14 2 13 11 0
14 2 13 12 0
14 2 13 13 0
14 2 13 14 0
14 2 13 15 0
14 2 14 0 0
14 2 14 1 0
14 2 14 2 0.0009342903736689468
14 2 14 3 0
14 2 14 4 0
14 2 14 5 0
14 2 14 6 0
14 2 14 7 0
14 2 14 8 0
14 2 14 9 0
14 2 14 10 0
14 2 14 11 0
14 2 14 12 0
14 2 14 13 0
14 2 14 14 0
14 2 14 15 0
14 2 15 0 0
14 2 15 1 0
14 2 15 2 0
14 2 15 3 0
14 2 15 4 0
14 2 15 5 0
14 2 15 6 0
14 2 15 7 0
14 2 15 8 0
14 2 15 9 0
14 2 15 10 0
14 2 15 11 0
14 2 15 12 0
14 2 15 13 0
14 2 15 14 0
14 2 15 15 0
14 3 0 0 0
14 3 0 1 0
14 3 0 2 0
14 3 0 3 0
14 3 0 4 0
14 3 0 5 0
14 3 0 6 0
14 3 0 7 0
14 3 0 8 0
14 3 0 9 0
14 3 0 10 0
14 3 0 11 0
14 3 0 12 0
14 3 0 13 0
14 3 0 14 0
14 3 0 15 0
14 3 1 0 0
14 3 1 1 0
14 3 1 2 0
14 3 1 3 0
14 3 1 4 0
14 3 1 5 0
14 3 1 6 0
14 3 1 7 0
14 3 1 8 0
14 3 1 9 0
14 3 1 10 0
14 3 1 11 0
14 3 1 12 0
14 3 1 13 0
14 3 1 14 0
14 3 1 15 0
14 3 2 0 0
14 3 2 1 0
14 3 2 2 0
14 3 2 3 0.03276348865198386
14 3 2 4 0
14 3 2 5 0
14 3 2 6 0
14 3 2 7 0
14 3 2 8 0.002537163086037724
14 3 2 9 0
14 3 2 10 0
14 3 2 11 0
14 3 2 12 0
14 3 2 13 0
14 3 2 14 0
14 3 2 15 0
14 3 3 0 0
14 3 3 1 0
14 3 3 2 -0.02402186936047353
14 3 3 3 0
14 3 3 4 0
14 3 3 5 0
14 3 3 6 0
14 3 3 7 0
14 3 3 8 0
14 3 3 9 0
14 3 3 10 0
14 3 3 11 0.0003139231907356097
14 3 3 12 0
14 3 3 13 0
14 3 3 14 -0.0008236224785870206
14 3 3 15 0
14 3 4 0 0
14 3 4 1 0
14 3 4 2 0
14 3 4 3 0
14 3 4 4 0
14 3 4 5 0
14 3 4 6 0
14 3 4 7 0
14 3 4 8 0
14 3 4 9 0
14 3 4 10 0
14 3 4 11 0
14 3 4 12 0
14 3 4 13 0
14 3 4 14 0
14 3 4 15 0
14 3 5 0 0
14 3 5 1 0
14 3 5 2 0
14 3 5 3 0
14 3 5 4 0
14 3 5 5 0
14 3 5 6 0
14 3 5 7 0
14 3 5 8 0
14 3 5 9 0
14 3 5 10 0
14 3 5 11 0
14 3 5 12 0
14 3 5 13 0
14 3 5 14 0
14 3 5 15 0
14 3 6 0 0
14 3 6 1 0
14 3 6 2 0
14 3 6 3 0
14 3 6 4 0
14 3 6 5 0
14 3 6 6 0
14 3 6 7 0.003524947129526657
14 3 6 8 0
14 3 6 9 0
14 3 6 10 0
14 3 6 11 0
14 3 6 12 0
14 3 6 13 0
14 3 6 14 0
14 3 6 15 0
14 3 7 0 0
14 3 7 1 0
14 3 7 2 0
14 3 7 3 0
14 3 7 4 0
14 3 7 5 0
14 3 7 6 -0.001140078944871914
14 3 7 7 0
14 3 7 8 0
14 3 7 9 0
14 3 7 10 0
14 3 7 11 0
14 3 7 12 0
14 3 7 13 0
14 3 7 14 0
14 3 7 15 0
14 3 8 0 0
14 3 8 1 0
14 3 8 2 -0.001860223154084772
14 3 8 3 0
14 3 8 4 0
14 3 8 5 0
14 3 8 6 0
14 3 8 7 0
14 3 8 8 0
14 3 8 9 0
14 3 8 10 0
14 3 8 11 0
14 3 8 12 0
14 3 8 13 0
14 3 8 14 0
14 3 8 15 0
14 3 9 0 0
14 3 9 1 0
14 3 9 2 0
14 3 9 3 0
14 3 9 4 0
14 3 9 5 0
14 3 9 6 0
14 3 9 7 0
14 3 9 8 0
14 3 9 9 0
14 3 9 10 0
14 3 9 11 0
14 3 9 12 0
14 3 9 13 0
14 3 9 14 0
14 3 9 15 0
14 3 10 0 0
14 3 10 1 0
14 3 10 2 0
14 3 10 3 0
14 3 10 4 0
14 3 10 5 0
14 3 10 6 0
14 3 10 7 0
14 3 10 8 0
14 3 10 9 0
14 3 10 10 0
14 3 10 11 0
14 3 10 12 0
14 3 10 13 0
14 3 10 14 0
14 3 10 15 0
14 3 11 0 0
14 3 11 1 0
14 3 11 2 0
14 3 11 3 -0.0005394464571167849
14 3 11 4 0
14 3 11 5 0
14 3 11 6 0
14 3 11 7 0
14 3 11 8 0
14 3 11 9 0
14 3 11 10 0
14 3 11 11 0
14 3 11 12 0
14 3 11 13 0
14 3 11 14 0
14 3 11 15 0
14 3 12 0 0
14 3 12 1 0
14 3 12 2 0
14 3 12 3 0
14 3 12 4 0
14 3 12 5 0
14 3 12 6 0
14 3 12 7 0
14 3 12 8 0
14 3 12 9 0
14 3 12 10 0
14 3 12 11 0
14 3 12 12 0
14 3 12 13 0
14 3 12 14 0
14 3 12 15 0
14 3 13 0 0
14 3 13 1 0
14 3 13 2 0
14 3 13 3 0
14 3 13 4 0
14 3 13 5 0
14 3 13 6 0
14 3 13 7 0
14 3 13 8 0
14 3 13 9 0
14 3 13 10 0
14 3 13 11 0
14 3 13 12 0
14 3 13 13 0
14 3 13 14 0
14 3 13 15 0
14 3 14 0 0
14 3 14 1 0
14 3 14 2 0
14 3 14 3 0.0009342903736689469
14 3 14 4 0
14 3 14 5 0
14 3 14 6 0
14 3 14 7 0
14 3 14 8 0
14 3 14 9 0
14 3 14 10 0
14 3 14 11 0
14 3 14 12 0
14 3 14 13 0
14 3 14 14 0
14 3 14 15 0
14 3 15 0 0
14 3 15 1 0
14 3 15 2 0
14 3 15 3 0
14 3 15 4 0
14 3 15 5 0
14 3 15 6 0
14 3 15 7 0
14 3 15 8 0
14 3 15 9 0
14 3 15 10 0
14 3 15 11 0
14 3 15 12 0
14 3 15 13 0
14 3 15 14 0
14 3 15 15 0
14 4 0 0 0
14 4 0 1 0
14 4 0 2 0
14 4 0 3 0
14 4 0 4 0
14 4 0 5 0
14 4 0 6 0
14 4 0 7 0
14 4 0 8 0
14 4 0 9 0
14 4 0 10 0
14 4 0 11 0
14 4 0 12 0
14 4 0 13 0
14 4 0 14 0
14 4 0 15 0
14 4 1 0 0
14 4 1 1 0
14 4 1 2 0
14 4 1 3 0
14 4 1 4 0
14 4 1 5 0
14 4 1 6 0
14 4 1 7 0
14 4 1 8 0
14 4 1 9 0
14 4 1 10 0
14 4 1 11 0
14 4 1 12 0
14 4 1 13 0
14 4 1 14 0
14 4 1 15 0
14 4 2 0 0
14 4 2 1 0
14 4 2 2 0
14 4 2 3 0
14 4 2 4 0.03276348865198386
14 4 2 5 0
14 4 2 6 0
14 4 2 7 0
14 4 2 8 0
14 4 2 9 0.002493161944375595
14 4 2 10 0
14 4 2 11 0
14 4 2 12 0
14 4 2 13 0
14 4 2 14 0
14 4 2 15 0
14 4 3 0 0
14 4 3 1 0
14 4 3 2 0
14 4 3 3 0
14 4 3 4 0
14 4 3 5 0
14 4 3 6 0
14 4 3 7 0
14 4 3 8 0
14 4 3 9 0
14 4 3 10 0
14 4 3 11 0
14 4 3 12 0
14 4 3 13 0
14 4 3 14 0
14 4 3 15 0
14 4 4 0 0
14 4 4 1 0
14 4 4 2 -0.02787966227669113
14 4 4 3 0
14 4 4 4 0
14 4 4 5 0
14 4 4 6 0
14 4 4 7 0
14 4 4 8 0
14 4 4 9 0
14 4 4 10 0
14 4 4 11 0.0004227660658761396
14 4 4 12 0
14 4 4 13 0
14 4 4 14 -0.0008997475126996225
14 4 4 15 0
14 4 5 0 0
14 4 5 1 0
14 4 5 2 0
14 4 5 3 0
14 4 5 4 0
14 4 5 5 0
14 4 5 6 0
14 4 5 7 1.391072705745981e-20
14 4 5 8 0
14 4 5 9 0
14 4 5 10 0
14 4 5 11 0
14 4 5 12 0
14 4 5 13 0
14 4 5 14 0
14 4 5 15 0
14 4 6 0 0
14 4 6 1 0
14 4 6 2 0
14 4 6 3 0
14 4 6 4 0
14 4 6 5 0
14 4 6 6 0
14 4 6 7 0
14 4 6 8 0
14 4 6 9 0
14 4 6 10 0
14 4 6 11 0
14 4 6 12 0
14 4 6 13 0
14 4 6 14 0
14 4 6 15 0
14 4 7 0 0
14 4 7 1 0
14 4 7 2 0
14 4 7 3 0
14 4 7 4 0
14 4 7 5 -4.346930650297411e-21
14 4 7 6 0
14 4 7 7 0
14 4 7 8 0
14 4 7 9 0
14 4 7 10 0
14 4 7 11 0
14 4 7 12 0
14 4 7 13 0
14 4 7 14 0
14 4 7 15 0
14 4 8 0 0
14 4 8 1 0
14 4 8 2 0
14 4 8 3 0
14 4 8 4 0
14 4 8 5 0
14 4 8 6 0
14 4 8 7 0
14 4 8 8 0
14 4 8 9 0
14 4 8 10 0
14 4 8 11 0
14 4 8 12 0
14 4 8 13 0
14 4 8 14 0
14 4 8 15 0
14 4 9 0 0
14 4 9 1 0
14 4 9 2 -0.002121523557781488
14 4 9 3 0
14 4 9 4 0
14 4 9 5 0
14 4 9 6 0
14 4 9 7 0
14 4 9 8 0
14 4 9 9 0
14 4 9 10 0
14 4 9 11 0
14 4 9 12 0
14 4 9 13 0
14 4 9 14 0
14 4 9 15 0
14 4 10 0 0
14 4 10 1 0
14 4 10 2 0
14 4 10 3 0
14 4 10 4 0
14 4 10 5 0
14 4 10 6 0
14 4 10 7 0
14 4 10 8 0
14 4 10 9 0
14 4 10 10 0
14 4 10 11 0
14 4 10 12 0
14 4 10 13 0
14 4 10 14 0
14 4 10 15 0
14 4 11 0 0
14 4 11 1 0
14 4 11 2 0
14 4 11 3 0
14 4 11 4 -0.0005394464571167848
14 4 11 5 0
14 4 11 6 0
14 4 11 7 0
14 4 11 8 0
14 4 11 9 0
14 4 11 10 0
14 4 11 11 0
14 4 11 12 0
14 4 11 13 0
14 4 11 14 0
14 4 11 15 0
14 4 12 0 0
14 4 12 1 0
14 4 12 2 0
14 4 12 3 0
14 4 12 4 0
14 4 12 5 0
14 4 12 6 0
14 4 12 7 0
14 4 12 8 0
14 4 12 9 0
14 4 12 10 0
14 4 12 11 0
14 4 12 12 0
14 4 12 13 0
14 4 12 14 0
14 4 12 15 0
14 4 13 0 0
14 4 13 1 0
14 4 13 2 0
14 4 13 3 0
14 4 13 4 0
14 4 13 5 0
14 4 13 6 0
14 4 13 7 0
14 4 13 8 0
14 4 13 9 0
14 4 13 10 0
14 4 13 11 0
14 4 13 12 0
14 4 13 13 0
14 4 13 14 0
14 4 13 15 0
14 4 14 0 0
14 4 14 1 0
14 4 14 2 0
14 4 14 3 0
14 4 14 4 0.0009342903736689469
14 4 14 5 0
14 4 14 6 0
14 4 14 7 0
14 4 14 8 0
14 4 14 9 0
14 4 14 10 0
14 4 14 11 0
14 4 14 12 0
14 4 14 13 0
14 4 14 14 0
14 4 14 15 0
14 4 15 0 0
14 4 15 1 0
14 4 15 2 0
14 4 15 3 0
14 4 15 4 0
14 4 15 5 0
14 4 15 6 0
14 4 15 7 0
14 4 15 8 0
14 4 15 9 0
14 4 15 10 0
14 4 15 11 0
14 4 15 12 0
14 4 15 13 0
14 4 15 14 0
14 4 15 15 0
14 5 0 0 0
14 5 0 1 0
14 5 0 2 0
14 5 0 3 0
14 5 0 4 0
14 5 0 5 0
14 5 0 6 0
14 5 0 7 0
14 5 0 8 0
14 5 0 9 0
14 5 0 10 0
14 5 0 11 0
14 5 0 12 0
14 5 0 13 0
14 5 0 14 0
14 5 0 15 0
14 5 1 0 0
14 5 1 1 0
14 5 1 2 0
14 5 1 3 0
14 5 1 4 0
14 5 1 5 0
14 5 1 6 0
14 5 1 7 0
14 5 1 8 0
14 5 1 9 0
14 5 1 10 0
14 5 1 11 0
14 5 1 12 0
14 5 1 13 0
14 5 1 14 0
14 5 1 15 0
14 5 2 0 0
14 5 2 1 0
14 5 2 2 0
14 5 2 3 0
14 5 2 4 0
14 5 2 5 0.03276348865198386
14 5 2 6 0
14 5 2 7 0
14 5 2 8 0
14 5 2 9 0
14 5 2 10 0
14 5 2 11 0
14 5 2 12 0.002325917266233647
14 5 2 13 0
14 5 2 14 0
14 5 2 15 0
14 5 3 0 0
14 5 3 1 0
14 5 3 2 0
14 5 3 3 0
14 5 3 4 0
14 5 3 5 0
14 5 3 6 0
14 5 3 7 0
14 5 3 8 0
14 5 3 9 0
14 5 3 10 0
14 5 3 11 0
14 5 3 12 0
14 5 3 13 0
14 5 3 14 0
14 5 3 15 0
14 5 4 0 0
14 5 4 1 0
14 5 4 2 0
14 5 4 3 0
14 5 4 4 0
14 5 4 5 0
14 5 4 6 0
14 5 4 7 0.0006727608368393319
14 5 4 8 0
14 5 4 9 0
14 5 4 10 0
14 5 4 11 0
14 5 4 12 0
14 5 4 13 0
14 5 4 14 0
14 5 4 15 0
14 5 5 0 0
14 5 5 1 0
14 5 5 2 -0.0178044179854645
14 5 5 3 0
14 5 5 4 0
14 5 5 5 0
14 5 5 6 0
14 5 5 7 0
14 5 5 8 0
14 5 5 9 0
14 5 5 10 0
14 5 5 11 0.0001243084451871971
14 5 5 12 0
14 5 5 13 0
14 5 5 14 -0.0006102142016953188
14 5 5 15 0
14 5 6 0 0
14 5 6 1 0
14 5 6 2 0
14 5 6 3 0
14 5 6 4 0
14 5 6 5 0
14 5 6 6 0
14 5 6 7 0
14 5 6 8 0
14 5 6 9 0
14 5 6 10 0
14 5 6 11 0
14 5 6 12 0
14 5 6 13 0
14 5 6 14 0
14 5 6 15 0
14 5 7 0 0
14 5 7 1 0
14 5 7 2 0
14 5 7 3 0
14 5 7 4 0.001387893274629376
14 5 7 5 0
14 5 7 6 0
14 5 7 7 0
14 5 7 8 0
14 5 7 9 0
14 5 7 10 0
14 5 7 11 0
14 5 7 12 0
14 5 7 13 0
14 5 7 14 0
14 5 7 15 0
14 5 8 0 0
14 5 8 1 0
14 5 8 2 0
14 5 8 3 0
14 5 8 4 0
14 5 8 5 0
14 5 8 6 0
14 5 8 7 0
14 5 8 8 0
14 5 8 9 0
14 5 8 10 0
14 5 8 11 0
14 5 8 12 0
14 5 8 13 0
14 5 8 14 0
14 5 8 15 0
14 5 9 0 0
14 5 9 1 0
14 5 9 2 0
14 5 9 3 0
14 5 9 4 0
14 5 9 5 0
14 5 9 6 0
14 5 9 7 0
14 5 9 8 0
14 5 9 9 0
14 5 9 10 0
14 5 9 11 0
14 5 9 12 0
14 5 9 13 0
14 5 9 14 0
14 5 9 15 0
14 5 10 0 0
14 5 10 1 0
14 5 10 2 0
14 5 10 3 0
14 5 10 4 0
14 5 10 5 0
14 5 10 6 0
14 5 10 7 0
14 5 10 8 0
14 5 10 9 0
14 5 10 10 0
14 5 10 11 0
14 5 10 12 0
14 5 10 13 0
14 5 10 14 0
14 5 10 15 0
14 5 11 0 0
14 5 11 1 0
14 5 11 2 0
14 5 11 3 0
14 5 11 4 0
14 5 11 5 -0.0005394464571167848
14 5 11 6 0
14 5 11 7 0
14 5 11 8 0
14 5 11 9 0
14 5 11 10 0
14 5 11 11 0
14 5 11 12 0
14 5 11 13 0
14 5 11 14 0
14 5 11 15 0
14 5 12 0 0
14 5 12 1 0
14 5 12 2 -0.001263955851817546
14 5 12 3 0
14 5 12 4 0
14 5 12 5 0
14 5 12 6 0
14 5 12 7 0
14 5 12 8 0
14 5 12 9 0
14 5 12 10 0
14 5 12 11 0
14 5 12 12 0
14 5 12 13 0
14 5 12 14 0
14 5 12 15 0
14 5 13 0 0
14 5 13 1 0
14 5 13 2 0
14 5 13 3 0
14 5 13 4 0
14 5 13 5 0
14 5 13 6 0
14 5 13 7 0
14 5 13 8 0
14 5 13 9 0
14 5 13 10 0
14 5 13 11 0
14 5 13 12 0
14 5 13 13 0
14 5 13 14 0
14 5 13 15 0
14 5 14 0 0
14 5 14 1 0
14 5 14 2 0
14 5 14 3 0
14 5 14 4 0
14 5 14 5 0.0009342903736689468
14 5 14 6 0
14 5 14 7 0
14 5 14 8 0
14 5 14 9 0
14 5 14 10 0
14 5 14 11 0
14 5 14 12 0
14 5 14 13 0
14 5 14 14 0
14 5 14 15 0
14 5 15 0 0
14 5 15 1 0
14 5 15 2 0
14 5 15 3 0
14 5 15 4 0
14 5 15 5 0
14 5 15 6 0
14 5 15 7 0
14 5 15 8 0
14 5 15 9 0
14 5 15 10 0
14 5 15 11 0
14 5 15 12 0
14 5 15 13 0
14 5 15 14 0
14 5 15 15 0
14 6 0 0 0
14 6 0 1 0
14 6 0 2 0
14 6 0 3 0
14 6 0 4 0
14 6 0 5 0
14 6 0 6 0
14 6 0 7 0
14 6 0 8 0
14 6 0 9 0
14 6 0 10 0
14 6 0 11 0
14 6 0 12 0
14 6 0 13 0
14 6 0 14 0
14 6 0 15 0
14 6 1 0 0
14 6 1 1 0
14 6 1 2 0
14 6 1 3 0
14 6 1 4 0
14 6 1 5 0
14 6 1 6 0
14 6 1 7 0
14 6 1 8 0
14 6 1 9 0
14 6 1 10 0
14 6 1 11 0
14 6 1 12 0
14 6 1 13 0
14 6 1 14 0
14 6 1 15 0
14 6 2 0 0
14 6 2 1 0
14 6 2 2 0
14 6 2 3 0
14 6 2 4 0
14 6 2 5 0
14 6 2 6 0.03276348865198386
14 6 2 7 0
14 6 2 8 0
14 6 2 9 0
14 6 2 10 0
14 6 2 11 0
14 6 2 12 0
14 6 2 13 0.002354921862414827
14 6 2 14 0
14 6 2 15 0
14 6 3 0 0
14 6 3 1 0
14 6 3 2 0
14 6 3 3 0
14 6 3 4 0
14 6 3 5 0
14 6 3 6 0
14 6 3 7 0.002933941498605056
14 6 3 8 0
14 6 3 9 0
14 6 3 10 0
14 6 3 11 0
14 6 3 12 0
14 6 3 13 0
14 6 3 14 0
14 6 3 15 0
14 6 4 0 0
14 6 4 1 0
14 6 4 2 0
14 6 4 3 0
14 6 4 4 0
14 6 4 5 0
14 6 4 6 0
14 6 4 7 0
14 6 4 8 0
14 6 4 9 0
14 6 4 10 0
14 6 4 11 0
14 6 4 12 0
14 6 4 13 0
14 6 4 14 0
14 6 4 15 0
14 6 5 0 0
14 6 5 1 0
14 6 5 2 0
14 6 5 3 0
14 6 5 4 0
14 6 5 5 0
14 6 5 6 0
14 6 5 7 0
14 6 5 8 0
14 6 5 9 0
14 6 5 10 0
14 6 5 11 0
14 6 5 12 0
14 6 5 13 0
14 6 5 14 0
14 6 5 15 0
14 6 6 0 0
14 6 6 1 0
14 6 6 2 -0.0198429649822511
14 6 6 3 0
14 6 6 4 0
14 6 6 5 0
14 6 6 6 0
14 6 6 7 0
14 6 6 8 0
14 6 6 9 0
14 6 6 10 0
14 6 6 11 0.0001868105624521657
14 6 6 12 0
14 6 6 13 0
14 6 6 14 -0.0006925227706752822
14 6 6 15 0
14 6 7 0 0
14 6 7 1 0
14 6 7 2 0
14 6 7 3 0.001402561764028824
14 6 7 4 0
14 6 7 5 0
14 6 7 6 0
14 6 7 7 0
14 6 7 8 0
14 6 7 9 0
14 6 7 10 0
14 6 7 11 0
14 6 7 12 0
14 6 7 13 0
14 6 7 14 0
14 6 7 15 0
14 6 8 0 0
14 6 8 1 0
14 6 8 2 0
14 6 8 3 0
14 6 8 4 0
14 6 8 5 0
14 6 8 6 0
14 6 8 7 0
14 6 8 8 0
14 6 8 9 0
14 6 8 10 0
14 6 8 11 0
14 6 8 12 0
14 6 8 13 0
14 6 8 14 0
14 6 8 15 0
14 6 9 0 0
14 6 9 1 0
14 6 9 2 0
14 6 9 3 0
14 6 9 4 0
14 6 9 5 0
14 6 9 6 0
14 6 9 7 0
14 6 9 8 0
14 6 9 9 0
14 6 9 10 0
14 6 9 11 0
14 6 9 12 0
14 6 9 13 0
14 6 9 14 0
14 6 9 15 0
14 6 10 0 0
14 6 10 1 0
14 6 10 2 0
14 6 10 3 0
14 6 10 4 0
14 6 10 5 0
14 6 10 6 0
14 6 10 7 0
14 6 10 8 0
14 6 10 9 0
14 6 10 10 0
14 6 10 11 0
14 6 10 12 0
14 6 10 13 0
14 6 10 14 0
14 6 10 15 0
14 6 11 0 0
14 6 11 1 0
14 6 11 2 0
14 6 11 3 0
14 6 11 4 0
14 6 11 5 0
14 6 11 6 -0.0005394464571167848
14 6 11 7 0
14 6 11 8 0
14 6 11 9 0
14 6 11 10 0
14 6 11 11 0
14 6 11 12 0
14 6 11 13 0
14 6 11 14 0
14 6 11 15 0
14 6 12 0 0
14 6 12 1 0
14 6 12 2 0
14 6 12 3 0
14 6 12 4 0
14 6 12 5 0
14 6 12 6 0
14 6 12 7 0
14 6 12 8 0
14 6 12 9 0
14 6 12 10 0
14 6 12 11 0
14 6 12 12 0
14 6 12 13 0
14 6 12 14 0
14 6 12 15 0
14 6 13 0 0
14 6 13 1 0
14 6 13 2 -0.001426241037643759
14 6 13 3 0
14 6 13 4 0
14 6 13 5 0
14 6 13 6 0
14 6 13 7 0
14 6 13 8 0
14 6 13 9 0
14 6 13 10 0
14 6 13 11 0
14 6 13 12 0
14 6 13 13 0
14 6 13 14 0
14 6 13 15 0
14 6 14 0 0
14 6 14 1 0
14 6 14 2 0
14 6 14 3 0
14 6 14 4 0
14 6 14 5 0
14 6 14 6 0.0009342903736689469
14 6 14 7 0
14 6 14 8 0
14 6 14 9 0
14 6 14 10 0
14 6 14 11 0
14 6 14 12 0
14 6 14 13 0
14 6 14 14 0
14 6 14 15 0
14 6 15 0 0
14 6 15 1 0
14 6 15 2 0
14 6 15 3 0
14 6 15 4 0
14 6 15 5 0
14 6 15 6 0
14 6 15 7 0
14 6 15 8 0
14 6 15 9 0
14 6 15 10 0
14 6 15 11 0
14 6 15 12 0
14 6 15 13 0
14 6 15 14 0
14 6 15 15 0
14 7 0 0 0
14 7 0 1 0
14 7 0 2 0
14 7 0 3 0
14 7 0 4 0
14 7 0 5 0
14 7 0 6 0
14 7 0 7 0
14 7 0 8 0
14 7 0 9 0
14 7 0 10 0
14 7 0 11 0
14 7 0 12 0
14 7 0 13 0
14 7 0 14 0
14 7 0 15 0
14 7 1 0 0
14 7 1 1 0
14 7 1 2 0
14 7 1 3 0
14 7 1 4 0
14 7 1 5 0
14 7 1 6 0
14 7 1 7 0
14 7 1 8 0
14 7 1 9 0
14 7 1 10 0
14 7 1 11 0
14 7 1 12 0
14 7 1 13 0
14 7 1 14 0
14 7 1 15 0
14 7 2 0 0
14 7 2 1 0
14 7 2 2 0
14 7 2 3 0
14 7 2 4 0
14 7 2 5 0
14 7 2 6 0
14 7 2 7 0
14 7 2 8 0
14 7 2 9 0
14 7 2 10 0
14 7 2 11 0
14 7 2 12 0
14 7 2 13 0
14 7 2 14 0
14 7 2 15 0
14 7 3 0 0
14 7 3 1 0
14 7 3 2 0
14 7 3 3 0
14 7 3 4 0
14 7 3 5 0
14 7 3 6 0
14 7 3 7 0
14 7 3 8 0
14 7 3 9 0
14 7 3 10 0
14 7 3 11 0
14 7 3 12 0
14 7 3 13 0
14 7 3 14 0
14 7 3 15 0
14 7 4 0 0
14 7 4 1 0
14 7 4 2 0
14 7 4 3 0
14 7 4 4 0
14 7 4 5 0
14 7 4 6 0
14 7 4 7 0
14 7 4 8 0
14 7 4 9 0
14 7 4 10 0
14 7 4 11 0
14 7 4 12 0
14 7 4 13 0
14 7 4 14 0
14 7 4 15 0
14 7 5 0 0
14 7 5 1 0
14 7 5 2 0
14 7 5 3 0
14 7 5 4 0
14 7 5 5 0
14 7 5 6 0
14 7 5 7 0
14 7 5 8 0
14 7 5 9 0
14 7 5 10 0
14 7 5 11 0
14 7 5 12 0
14 7 5 13 0
14 7 5 14 0
14 7 5 15 0
14 7 6 0 0
14 7 6 1 0
14 7 6 2 0
14 7 6 3 0
14 7 6 4 0
14 7 6 5 0
14 7 6 6 0
14 7 6 7 0
14 7 6 8 0
14 7 6 9 0
14 7 6 10 0
14 7 6 11 0
14 7 6 12 0
14 7 6 13 0
14 7 6 14 0
14 7 6 15 0
14 7 7 0 0
14 7 7 1 0
14 7 7 2 0
14 7 7 3 0
14 7 7 4 0
14 7 7 5 0
14 7 7 6 0
14 7 7 7 0
14 7 7 8 0
14 7 7 9 0
14 7 7 10 0
14 7 7 11 0
14 7 7 12 0
14 7 7 13 0
14 7 7 14 0
14 7 7 15 0
14 7 8 0 0
14 7 8 1 0
14 7 8 2 0
14 7 8 3 0
14 7 8 4 0
14 7 8 5 0
14 7 8 6 0
14 7 8 7 0
14 7 8 8 0
14 7 8 9 0
14 7 8 10 0
14 7 8 11 0
14 7 8 12 0
14 7 8 13 0
14 7 8 14 0
14 7 8 15 0
14 7 9 0 0
14 7 9 1 0
14 7 9 2 0
14 7 9 3 0
14 7 9 4 0
14 7 9 5 0
14 7 9 6 0
14 7 9 7 0
14 7 9 8 0
14 7 9 9 0
14 7 9 10 0
14 7 9 11 0
14 7 9 12 0
14 7 9 13 0
14 7 9 14 0
14 7 9 15 0
14 7 10 0 0
14 7 10 1 0
14 7 10 2 0
14 7 10 3 0
14 7 10 4 0
14 7 10 5 0
14 7 10 6 0
14 7 10 7 0
14 7 10 8 0
14 7 10 9 0
14 7 10 10 0
14 7 10 11 0
14 7 10 12 0
14 7 10 13 0
14 7 10 14 0
14 7 10 15 0
14 7 11 0 0
14 7 11 1 0
14 7 11 2 0
14 7 11 3 0
14 7 11 4 0
14 7 11 5 0
14 7 11 6 0
14 7 11 7 0
14 7 11 8 0
14 7 11 9 0
14 7 11 10 0
14 7 11 11 0
14 7 11 12 0
14 7 11 13 0
14 7 11 14 0
14 7 11 15 0
14 7 12 0 0
14 7 12 1 0
14 7 12 2 0
14 7 12 3 0
14 7 12 4 0
14 7 12 5 0
14 7 12 6 0
14 7 12 7 0
14 7 12 8 0
14 7 12 9 0
14 7 12 10 0
14 7 12 11 0
14 7 12 12 0
14 7 12 13 0
14 7 12 14 0
14 7 12 15 0
14 7 13 0 0
14 7 13 1 0
14 7 13 2 0
14 7 13 3 0
14 7 13 4 0
14 7 13 5 0
14 7 13 6 0
14 7 13 7 0
14 7 13 8 0
14 7 13 9 0
14 7 13 10 0
14 7 13 11 0
14 7 13 12 0
14 7 13 13 0
14 7 13 14 0
14 7 13 15 0
14 7 14 0 0
14 7 14 1 0
14 7 14 2 0
14 7 14 3 0
14 7 14 4 0
14 7 14 5 0
14 7 14 6 0
14 7 14 7 0
14 7 14 8 0
14 7 14 9 0
14 7 14 10 0
14 7 14 11 0
14 7 14 12 0
14 7 14 13 0
14 7 14 14 0
14 7 14 15 0
14 7 15 0 0
14 7 15 1 0
14 7 15 2 0
14 7 15 3 0
14 7 15 4 0
14 7 15 5 0
14 7 15 6 0
14 7 15 7 0
14 7 15 8 0
14 7 15 9 0
14 7 15 10 0
14 7 15 11 0
14 7 15 12 0
14 7 15 13 0
14 7 15 14 0
14 7 15 15 0
14 8 0 0 0
14 8 0 1 0
14 8 0 2 0
14 8 0 3 0
14 8 0 4 0
14 8 0 5 0
14 8 0 6 0
14 8 0 7 0
14 8 0 8 0
14 8 0 9 0
14 8 0 10 0
14 8 0 11 0
14 8 0 12 0
14 8 0 13 0
14 8 0 14 0
14 8 0 15 0
14 8 1 0 0
14 8 1 1 0
14 8 1 2 0
14 8 1 3 0
14 8 1 4 0
14 8 1 5 0
14 8 1 6 0
14 8 1 7 0
14 8 1 8 0
14 8 1 9 0
14 8 1 10 0
14 8 1 11 0
14 8 1 12 0
14 8 1 13 0
14 8 1 14 0
14 8 1 15 0
14 8 2 0 0
14 8 2 1 0
14 8 2 2 0
14 8 2 3 0
14 8 2 4 0
14 8 2 5 0
14 8 2 6 0
14 8 2 7 0
14 8 2 8 0
14 8 2 9 0
14 8 2 10 0
14 8 2 11 0
14 8 2 12 0
14 8 2 13 0
14 8 2 14 0
14 8 2 15 0
14 8 3 0 0
14 8 3 1 0
14 8 3 2 0
14 8 3 3 0
14 8 3 4 0
14 8 3 5 0
14 8 3 6 0
14 8 3 7 0
14 8 3 8 0
14 8 3 9 0
14 8 3 10 0
14 8 3 11 0
14 8 3 12 0
14 8 3 13 0
14 8 3 14 0
14 8 3 15 0
14 8 4 0 0
14 8 4 1 0
14 8 4 2 0
14 8 4 3 0
14 8 4 4 0
14 8 4 5 0
14 8 4 6 0
14 8 4 7 0
14 8 4 8 0
14 8 4 9 0
14 8 4 10 0
14 8 4 11 0
14 8 4 12 0
14 8 4 13 0
14 8 4 14 0
14 8 4 15 0
14 8 5 0 0
14 8 5 1 0
14 8 5 2 0
14 8 5 3 0
14 8 5 4 0
14 8 5 5 0
14 8 5 6 0
14 8 5 7 0
14 8 5 8 0
14 8 5 9 0
14 8 5 10 0
14 8 5 11 0
14 8 5 12 0
14 8 5 13 0
14 8 5 14 0
14 8 5 15 0
14 8 6 0 0
14 8 6 1 0
14 8 6 2 0
14 8 6 3 0
14 8 6 4 0
14 8 6 5 0
14 8 6 6 0
14 8 6 7 0
14 8 6 8 0
14 8 6 9 0
14 8 6 10 0
14 8 6 11 0
14 8 6 12 0
14 8 6 13 0
14 8 6 14 0
14 8 6 15 0
14 8 7 0 0
14 8 7 1 0
14 8 7 2 0
14 8 7 3 0
14 8 7 4 0
14 8 7 5 0
14 8 7 6 0
14 8 7 7 0
14 8 7 8 0
14 8 7 9 0
14 8 7 10 0
14 8 7 11 0
14 8 7 12 0
14 8 7 13 0
14 8 7 14 0
14 8 7 15 0
14 8 8 0 0
14 8 8 1 0
14 8 8 2 0
14 8 8 3 0
14 8 8 4 0
14 8 8 5 0
14 8 8 6 0
14 8 8 7 0
14 8 8 8 0
14 8 8 9 0
14 8 8 10 0
14 8 8 11 0
14 8 8 12 0
14 8 8 13 0
14 8 8 14 0
14 8 8 15 0
14 8 9 0 0
14 8 9 1 0
14 8 9 2 0
14 8 9 3 0
14 8 9 4 0
14 8 9 5 0
14 8 9 6 0
14 8 9 7 0
14 8 9 8 0
14 8 9 9 0
14 8 9 10 0
14 8 9 11 0
14 8 9 12 0
14 8 9 13 0
14 8 9 14 0
14 8 9 15 0
14 8 10 0 0
14 8 10 1 0
14 8 10 2 0
14 8 10 3 0
14 8 10 4 0
14 8 10 5 0
14 8 10 6 0
14 8 10 7 0
14 8 10 8 0
14 8 10 9 0
14 8 10 10 0
14 8 10 11 0
14 8 10 12 0
14 8 10 13 0
14 8 10 14 0
14 8 10 15 0
14 8 11 0 0
14 8 11 1 0
14 8 11 2 0
14 8 11 3 0
14 8 11 4 0
14 8 11 5 0
14 8 11 6 0
14 8 11 7 0
14 8 11 8 0
14 8 11 9 0
14 8 11 10 0
14 8 11 11 0
14 8 11 12 0
14 8 11 13 0
14 8 11 14 0
14 8 11 15 0
14 8 12 0 0
14 8 12 1 0
14 8 12 2 0
14 8 12 3 0
14 8 12 4 0
14 8 12 5 0
14 8 12 6 0
14 8 12 7 0
14 8 12 8 0
14 8 12 9 0
14 8 12 10 0
14 8 12 11 0
14 8 12 12 0
14 8 12 13 0
14 8 12 14 0
14 8 12 15 0
14 8 13 0 0
14 8 13 1 0
14 8 13 2 0
14 8 13 3 0
14 8 13 4 0
14 8 13 5 0
14 8 13 6 0
14 8 13 7 0
14 8 13 8 0
14 8 13 9 0
14 8 13 10 0
14 8 13 11 0
14 8 13 12 0
14 8 13 13 0
14 8 13 14 0
14 8 13 15 0
14 8 14 0 0
14 8 14 1 0
14 8 14 2 0
14 8 14 3 0
14 8 14 4 0
14 8 14 5 0
14 8 14 6 0
14 8 14 7 0
14 8 14 8 0
14 8 14 9 0
14 8 14 10 0
14 8 14 11 0
14 8 14 12 0
14 8 14 13 0
14 8 14 14 0
14 8 14 15 0
14 8 15 0 0
14 8 15 1 0
14 8 15 2 0
14 8 15 3 0
14 8 15 4 0
14 8 15 5 0
14 8 15 6 0
14 8 15 7 0
14 8 15 8 0
14 8 15 9 0
14 8 15 10 0
14 8 15 11 0
14 8 15 12 0
14 8 15 13 0
14 8 15 14 0
14 8 15 15 0
14 9 0 0 0
14 9 0 1 0
14 9 0 2 0
14 9 0 3 0
14 9 0 4 0
14 9 0 5 0
14 9 0 6 0
14 9 0 7 0
14 9 0 8 0
14 9 0 9 0
14 9 0 10 0
14 9 0 11 0
14 9 0 12 0
14 9 0 13 0
14 9 0 14 0
14 9 0 15 0
14 9 1 0 0
14 9 1 1 0
14 9 1 2 0
14 9 1 3 0
14 9 1 4 0
14 9 1 5 0
14 9 1 6 0
14 9 1 7 0
14 9 1 8 0
14 9 1 9 0
14 9 1 10 0
14 9 1 11 0
14 9 1 12 0
14 9 1 13 0
14 9 1 14 0
14 9 1 15 0
14 9 2 0 0
14 9 2 1 0
14 9 2 2 0
14 9 2 3 0
14 9 2 4 0
14 9 2 5 0
14 9 2 6 0
14 9 2 7 0
14 9 2 8 0
14 9 2 9 0
14 9 2 10 0
14 9 2 11 0
14 9 2 12 0
14 9 2 13 0
14 9 2 14 0
14 9 2 15 0
14 9 3 0 0
14 9 3 1 0
14 9 3 2 0
14 9 3 3 0
14 9 3 4 0
14 9 3 5 0
14 9 3 6 0
14 9 3 7 0
14 9 3 8 0
14 9 3 9 0
14 9 3 10 0
14 9 3 11 0
14 9 3 12 0
14 9 3 13 0
14 9 3 14 0
14 9 3 15 0
14 9 4 0 0
14 9 4 1 0
14 9 4 2 0
14 9 4 3 0
14 9 4 4 0
14 9 4 5 0
14 9 4 6 0
14 9 4 7 0
14 9 4 8 0
14 9 4 9 0
14 9 4 10 0
14 9 4 11 0
14 9 4 12 0
14 9 4 13 0
14 9 4 14 0
14 9 4 15 0
14 9 5 0 0
14 9 5 1 0
14 9 5 2 0
14 9 5 3 0
14 9 5 4 0
14 9 5 5 0
14 9 5 6 0
14 9 5 7 0
14 9 5 8 0
14 9 5 9 0
14 9 5 10 0
14 9 5 11 0
14 9 5 12 0
14 9 5 13 0
14 9 5 14 0
14 9 5 15 0
14 9 6 0 0
14 9 6 1 0
14 9 6 2 0
14 9 6 3 0
14 9 6 4 0
14 9 6 5 0
14 9 6 6 0
14 9 6 7 0
14 9 6 8 0
14 9 6 9 0
14 9 6 10 0
14 9 6 11 0
14 9 6 12 0
14 9 6 13 0
14 9 6 14 0
14 9 6 15 0
14 9 7 0 0
14 9 7 1 0
14 9 7 2 0
14 9 7 3 0
14 9 7 4 0
14 9 7 5 0
14 9 7 6 0
14 9 7 7 0
14 9 7 8 0
14 9 7 9 0
14 9 7 10 0
14 9 7 11 0
14 9 7 12 0
14 9 7 13 0
14 9 7 14 0
14 9 7 15 0
14 9 8 0 0
14 9 8 1 0
14 9 8 2 0
14 9 8 3 0
14 9 8 4 0
14 9 8 5 0
14 9 8 6 0
14 9 8 7 0
14 9 8 8 0
14 9 8 9 0
14 9 8 10 0
14 9 8 11 0
14 9 8 12 0
14 9 8 13 0
14 9 8 14 0
14 9 8 15 0
14 9 9 0 0
14 9 9 1 0
14 9 9 2 0
14 9 9 3 0
14 9 9 4 0
14 9 9 5 0
14 9 9 6 0
14 9 9 7 0
14 9 9 8 0
14 9 9 9 0
14 9 9 10 0
14 9 9 11 0
14 9 9 12 0
14 9 9 13 0
14 9 9 14 0
14 9 9 15 0
14 9 10 0 0
14 9 10 1 0
14 9 10 2 0
14 9 10 3 0
14 9 10 4 0
14 9 10 5 0
14 9 10 6 0
14 9 10 7 0
14 9 10 8 0
14 9 10 9 0
14 9 10 10 0
14 9 10 11 0
14 9 10 12 0
14 9 10 13 0
14 9 10 14 0
14 9 10 15 0
14 9 11 0 0
14 9 11 1 0
14 9 11 2 0
14 9 11 3 0
14 9 11 4 0
14 9 11 5 0
14 9 11 6 0
14 9 11 7 0
14 9 11 8 0
14 9 11 9 0
14 9 11 10 0
14 9 11 11 0
14 9 11 12 0
14 9 11 13 0
14 9 11 14 0
14 9 11 15 0
14 9 12 0 0
14 9 12 1 0
14 9 12 2 0
14 9 12 3 0
14 9 12 4 0
14 9 12 5 0
14 9 12 6 0
14 9 12 7 0
14 9 12 8 0
14 9 12 9 0
14 9 12 10 0
14 9 12 11 0
14 9 12 12 0
14 9 12 13 0
14 9 12 14 0
14 9 12 15 0
14 9 13 0 0
14 9 13 1 0
14 9 13 2 0
14 9 13 3 0
14 9 13 4 0
14 9 13 5 0
14 9 13 6 0
14 9 13 7 0
14 9 13 8 0
14 9 13 9 0
14 9 13 10 0
14 9 13 11 0
14 9 13 12 0
14 9 13 13 0
14 9 13 14 0
14 9 13 15 0
14 9 14 0 0
14 9 14 1 0
14 9 14 2 0
14 9 14 3 0
14 9 14 4 0
14 9 14 5 0
14 9 14 6 0
14 9 14 7 0
14 9 14 8 0
14 9 14 9 0
14 9 14 10 0
14 9 14 11 0
14 9 14 12 0
14 9 14 13 0
14 9 14 14 0
14 9 14 15 0
14 9 15 0 0
14 9 15 1 0
14 9 15 2 0
14 9 15 3 0
14 9 15 4 0
14 9 15 5 0
14 9 15 6 0
14 9 15 7 0
14 9 15 8 0
14 9 15 9 0
14 9 15 10 0
14 9 15 11 0
14 9 15 12 0
14 9 15 13 0
14 9 15 14 0
14 9 15 15 0
14 10 0 0 0
14 10 0 1 0
14 10 0 2 0
14 10 0 3 0
14 10 0 4 0
14 10 0 5 0
14 10 0 6 0
14 10 0 7 0
14 10 0 8 0
14 10 0 9 0
14 10 0 10 0
14 10 0 11 0
14 10 0 12 0
14 10 0 13 0
14 10 0 14 0
14 10 0 15 0
14 10 1 0 0
14 10 1 1 0
14 10 1 2 0
14 10 1 3 0
14 10 1 4 0
14 10 1 5 0
14 10 1 6 0
14 10 1 7 0
14 10 1 8 0
14 10 1 9 0
14 10 1 10 0
14 10 1 11 0
14 10 1 12 0
14 10 1 13 0
14 10 1 14 0
14 10 1 15 0
14 10 2 0 0
14 10 2 1 0
14 10 2 2 0
14 10 2 3 0
14 10 2 4 0
14 10 2 5 0
14 10 2 6 0
14 10 2 7 0
14 10 2 8 0
14 10 2 9 0
14 10 2 10 0
14 10 2 11 0
14 10 2 12 0
14 10 2 13 0
14 10 2 14 0
14 10 2 15 0
14 10 3 0 0
14 10 3 1 0
14 10 3 2 0
14 10 3 3 0
14 10 3 4 0
14 10 3 5 0
14 10 3 6 0
14 10 3 7 0
14 10 3 8 0
14 10 3 9 0
14 10 3 10 0
14 10 3 11 0
14 10 3 12 0
14 10 3 13 0
14 10 3 14 0
14 10 3 15 0
14 10 4 0 0
14 10 4 1 0
14 10 4 2 0
14 10 4 3 0
14 10 4 4 0
14 10 4 5 0
14 10 4 6 0
14 10 4 7 0
14 10 4 8 0
14 10 4 9 0
14 10 4 10 0
14 10 4 11 0
14 10 4 12 0
14 10 4 13 0
14 10 4 14 0
14 10 4 15 0
14 10 5 0 0
14 10 5 1 0
14 10 5 2 0
14 10 5 3 0
14 10 5 4 0
14 10 5 5 0
14 10 5 6 0
14 10 5 7 0
14 10 5 8 0
14 10 5 9 0
14 10 5 10 0
14 10 5 11 0
14 10 5 12 0
14 10 5 13 0
14 10 5 14 0
14 10 5 15 0
14 10 6 0 0
14 10 6 1 0
14 10 6 2 0
14 10 6 3 0
14 10 6 4 0
14 10 6 5 0
14 10 6 6 0
14 10 6 7 0
14 10 6 8 0
14 10 6 9 0
14 10 6 10 0
14 10 6 11 0
14 10 6 12 0
14 10 6 13 0
14 10 6 14 0
14 10 6 15 0
14 10 7 0 0
14 10 7 1 0
14 10 7 2 0
14 10 7 3 0
14 10 7 4 0
14 10 7 5 0
14 10 7 6 0
14 10 7 7 0
14 10 7 8 0
14 10 7 9 0
14 10 7 10 0
14 10 7 11 0
14 10 7 12 0
14 10 7 13 0
14 10 7 14 0
14 10 7 15 0
14 10 8 0 0
14 10 8 1 0
14 10 8 2 0
14 10 8 3 0
14 10 8 4 0
14 10 8 5 0
14 10 8 6 0
14 10 8 7 0
14 10 8 8 0
14 10 8 9 0
14 10 8 10 0
14 10 8 11 0
14 10 8 12 0
14 10 8 13 0
14 10 8 14 0
14 10 8 15 0
14 10 9 0 0
14 10 9 1 0
14 10 9 2 0
14 10 9 3 0
14 10 9 4 0
14 10 9 5 0
14 10 9 6 0
14 10 9 7 0
14 10 9 8 0
14 10 9 9 0
14 10 9 10 0
14 10 9 11 0
14 10 9 12 0
14 10 9 13 0
14 10 9 14 0
14 10 9 15 0
14 10 10 0 0
14 10 10 1 0
14 10 10 2 0
14 10 10 3 0
14 10 10 4 0
14 10 10 5 0
14 10 10 6 0
14 10 10 7 0
14 10 10 8 0
14 10 10 9 0
14 10 10 10 0
14 10 10 11 0
14 10 10 12 0
14 10 10 13 0
14 10 10 14 0
14 10 10 15 0
14 10 11 0 0
14 10 11 1 0
14 10 11 2 0
14 10 11 3 0
14 10 11 4 0
14 10 11 5 0
14 10 11 6 0
14 10 11 7 0
14 10 11 8 0
14 10 11 9 0
14 10 11 10 0
14 10 11 11 0
14 10 11 12 0
14 10 11 13 0
14 10 11 14 0
14 10 11 15 0
14 10 12 0 0
14 10 12 1 0
14 10 12 2 0
14 10 12 3 0
14 10 12 4 0
14 10 12 5 0
14 10 12 6 0
14 10 12 7 0
14 10 12 8 0
14 10 12 9 0
14 10 12 10 0
14 10 12 11 0
14 10 12 12 0
14 10 12 13 0
14 10 12 14 0
14 10 12 15 0
14 10 13 0 0
14 10 13 1 0
14 10 13 2 0
14 10 13 3 0
14 10 13 4 0
14 10 13 5 0
14 10 13 6 0
14 10 13 7 0
14 10 13 8 0
14 10 13 9 0
14 10 13 10 0
14 10 13 11 0
14 10 13 12 0
14 10 13 13 0
14 10 13 14 0
14 10 13 15 0
14 10 14 0 0
14 10 14 1 0
14 10 14 2 0
14 10 14 3 0
14 10 14 4 0
14 10 14 5 0
14 10 14 6 0
14 10 14 7 0
14 10 14 8 0
14 10 14 9 0
14 10 14 10 0
14 10 14 11 0
14 10 14 12 0
14 10 14 13 0
14 10 14 14 0
14 10 14 15 0
14 10 15 0 0
14 10 15 1 0
14 10 15 2 0
14 10 15 3 0
14 10 15 4 0
14 10 15 5 0
14 10 15 6 0
14 10 15 7 0
14 10 15 8 0
14 10 15 9 0
14 10 15 10 0
14 10 15 11 0
14 10 15 12 0
14 10 15 13 0
14 10 15 14 0
14 10 15 15 0
14 11 0 0 0
14 11 0 1 0
14 11 0 2 0
14 11 0 3 0
14 11 0 4 0
14 11 0 5 0
14 11 0 6 0
14 11 0 7 0
14 11 0 8 0
14 11 0 9 0
14 11 0 10 0
14 11 0 11 0
14 11 0 12 0
14 11 0 13 0
14 11 0 14 0
14 11 0 15 0
14 11 1 0 0
14 11 1 1 0
14 11 1 2 0
14 11 1 3 0
14 11 1 4 0
14 11 1 5 0
14 11 1 6 0
14 11 1 7 0
14 11 1 8 0
14 11 1 9 0
14 11 1 10 0
14 11 1 11 0
14 11 1 12 0
14 11 1 13 0
14 11 1 14 0
14 11 1 15 0
14 11 2 0 0
14 11 2 1 0
14 11 2 2 0
14 11 2 3 0
14 11 2 4 0
14 11 2 5 0
14 11 2 6 0
14 11 2 7 0
14 11 2 8 0
14 11 2 9 0
14 11 2 10 0
14 11 2 11 0
14 11 2 12 0
14 11 2 13 0
14 11 2 14 0
14 11 2 15 0
14 11 3 0 0
14 11 3 1 0
14 11 3 2 0
14 11 3 3 0
14 11 3 4 0
14 11 3 5 0
14 11 3 6 0
14 11 3 7 0
14 11 3 8 0
14 11 3 9 0
14 11 3 10 0
14 11 3 11 0
14 11 3 12 0
14 11 3 13 0
14 11 3 14 0
14 11 3 15 0
14 11 4 0 0
14 11 4 1 0
14 11 4 2 0
14 11 4 3 0
14 11 4 4 0
14 11 4 5 0
14 11 4 6 0
14 11 4 7 0
14 11 4 8 0
14 11 4 9 0
14 11 4 10 0
14 11 4 11 0
14 11 4 12 0
14 11 4 13 0
14 11 4 14 0
14 11 4 15 0
14 11 5 0 0
14 11 5 1 0
14 11 5 2 0
14 11 5 3 0
14 11 5 4 0
14 11 5 5 0
14 11 5 6 0
14 11 5 7 0
14 11 5 8 0
14 11 5 9 0
14 11 5 10 0
14 11 5 11 0
14 11 5 12 0
14 11 5 13 0
14 11 5 14 0
14 11 5 15 0
14 11 6 0 0
14 11 6 1 0
14 11 6 2 0
14 11 6 3 0
14 11 6 4 0
14 11 6 5 0
14 11 6 6 0
14 11 6 7 0
14 11 6 8 0
14 11 6 9 0
14 11 6 10 0
14 11 6 11 0
14 11 6 12 0
14 11 6 13 0
14 11 6 14 0
14 11 6 15 0
14 11 7 0 0
14 11 7 1 0
14 11 7 2 0
14 11 7 3 0
14 11 7 4 0
14 11 7 5 0
14 11 7 6 0
14 11 7 7 0
14 11 7 8 0
14 11 7 9 0
14 11 7 10 0
14 11 7 11 0
14 11 7 12 0
14 11 7 13 0
14 11 7 14 0
14 11 7 15 0
14 11 8 0 0
14 11 8 1 0
14 11 8 2 0
14 11 8 3 0
14 11 8 4 0
14 11 8 5 0
14 11 8 6 0
14 11 8 7 0
14 11 8 8 0
14 11 8 9 0
14 11 8 10 0
14 11 8 11 0
14 11 8 12 0
14 11 8 13 0
14 11 8 14 0
14 11 8 15 0
14 11 9 0 0
14 11 9 1 0
14 11 9 2 0
14 11 9 3 0
14 11 9 4 0
14 11 9 5 0
14 11 9 6 0
14 11 9 7 0
14 11 9 8 0
14 11 9 9 0
14 11 9 10 0
14 11 9 11 0
14 11 9 12 0
14 11 9 13 0
14 11 9 14 0
14 11 9 15 0
14 11 10 0 0
14 11 10 1 0
14 11 10 2 0
14 11 10 3 0
14 11 10 4 0
14 11 10 5 0
14 11 10 6 0
14 11 10 7 0
14 11 10 8 0
14 11 10 9 0
14 11 10 10 0
14 11 10 11 0
14 11 10 12 0
14 11 10 13 0
14 11 10 14 0
14 11 10 15 0
14 11 11 0 0
14 11 11 1 0
14 11 11 2 0
14 11 11 3 0
14 11 11 4 0
14 11 11 5 0
14 11 11 6 0
14 11 11 7 0
14 11 11 8 0
14 11 11 9 0
14 11 11 10 0
14 11 11 11 0
14 11 11 12 0
14 11 11 13 0
14 11 11 14 0
14 11 11 15 0
14 11 12 0 0
14 11 12 1 0
14 11 12 2 0
14 11 12 3 0
14 11 12 4 0
14 11 12 5 0
14 11 12 6 0
14 11 12 7 0
14 11 12 8 0
14 11 12 9 0
14 11 12 10 0
14 11 12 11 0
14 11 12 12 0
14 11 12 13 0
14 11 12 14 0
14 11 12 15 0
14 11 13 0 0
14 11 13 1 0
14 11 13 2 0
14 11 13 3 0
14 11 13 4 0
14 11 13 5 0
14 11 13 6 0
14 11 13 7 0
14 11 13 8 0
14 11 13 9 0
14 11 13 10 0
14 11 13 11 0
14 11 13 12 0
14 11 13 13 0
14 11 13 14 0
14 11 13 15 0
14 11 14 0 0
14 11 14 1 0
14 11 14 2 0
14 11 14 3 0
14 11 14 4 0
14 11 14 5 0
14 11 14 6 0
14 11 14 7 0
14 11 14 8 0
14 11 14 9 0
14 11 14 10 0
14 11 14 11 0
14 11 14 12 0
14 11 14 13 0
14 11 14 14 0
14 11 14 15 0
14 11 15 0 0
14 11 15 1 0
14 11 15 2 0
14 11 15 3 0
14 11 15 4 0
14 11 15 5 0
14 11 15 6 0
14 11 15 7 0
14 11 15 8 0
14 11 15 9 0
14 11 15 10 0
14 11 15 11 0
14 11 15 12 0
14 11 15 13 0
14 11 15 14 0
14 11 15 15 0
14 12 0 0 0
14 12 0 1 0
14 12 0 2 0
14 12 0 3 0
14 12 0 4 0
14 12 0 5 0
14 12 0 6 0
14 12 0 7 0
14 12 0 8 0
14 12 0 9 0
14 12 0 10 0
14 12 0 11 0
14 12 0 12 0
14 12 0 13 0
14 12 0 14 0
14 12 0 15 0
14 12 1 0 0
14 12 1 1 0
14 12 1 2 0
14 12 1 3 0
14 12 1 4 0
14 12 1 5 0
14 12 1 6 0
14 12 1 7 0
14 12 1 8 0
14 12 1 9 0
14 12 1 10 0
14 12 1 11 0
14 12 1 12 0
14 12 1 13 0
14 12 1 14 0
14 12 1 15 0
14 12 2 0 0
14 12 2 1 0
14 12 2 2 0
14 12 2 3 0
14 12 2 4 0
14 12 2 5 0
14 12 2 6 0
14 12 2 7 0
14 12 2 8 0
14 12 2 9 0
14 12 2 10 0
14 12 2 11 0
14 12 2 12 0
14 12 2 13 0
14 12 2 14 0
14 12 2 15 0
14 12 3 0 0
14 12 3 1 0
14 12 3 2 0
14 12 3 3 0
14 12 3 4 0
14 12 3 5 0
14 12 3 6 0
14 12 3 7 0
14 12 3 8 0
14 12 3 9 0
14 12 3 10 0
14 12 3 11 0
14 12 3 12 0
14 12 3 13 0
14 12 3 14 0
14 12 3 15 0
14 12 4 0 0
14 12 4 1 0
14 12 4 2 0
14 12 4 3 0
14 12 4 4 0
14 12 4 5 0
14 12 4 6 0
14 12 4 7 0
14 12 4 8 0
14 12 4 9 0
14 12 4 10 0
14 12 4 11 0
14 12 4 12 0
14 12 4 13 0
14 12 4 14 0
14 12 4 15 0
14 12 5 0 0
14 12 5 1 0
14 12 5 2 0
14 12 5 3 0
14 12 5 4 0
14 12 5 5 0
14 12 5 6 0
14 12 5 7 0
14 12 5 8 0
14 12 5 9 0
14 12 5 10 0
14 12 5 11 0
14 12 5 12 0
14 12 5 13 0
14 12 5 14 0
14 12 5 15 0
14 12 6 0 0
14 12 6 1 0
14 12 6 2 0
14 12 6 3 0
14 12 6 4 0
14 12 6 5 0
14 12 6 6 0
14 12 6 7 0
14 12 6 8 0
14 12 6 9 0
14 12 6 10 0
14 12 6 11 0
14 12 6 12 0
14 12 6 13 0
14 12 6 14 0
14 12 6 15 0
14 12 7 0 0
14 12 7 1 0
14 12 7 2 0
14 12 7 3 0
14 12 7 4 0
14 12 7 5 0
14 12 7 6 0
14 12 7 7 0
14 12 7 8 0
14 12 7 9 0
14 12 7 10 0
14 12 7 11 0
14 12 7 12 0
14 12 7 13 0
14 12 7 14 0
14 12 7 15 0
14 12 8 0 0
14 12 8 1 0
14 12 8 2 0
14 12 8 3 0
14 12 8 4 0
14 12 8 5 0
14 12 8 6 0
14 12 8 7 0
14 12 8 8 0
14 12 8 9 0
14 12 8 10 0
14 12 8 11 0
14 12 8 12 0
14 12 8 13 0
14 12 8 14 0
14 12 8 15 0
14 12 9 0 0
14 12 9 1 0
14 12 9 2 0
14 12 9 3 0
14 12 9 4 0
14 12 9 5 0
14 12 9 6 0
14 12 9 7 0
14 12 9 8 0
14 12 9 9 0
14 12 9 10 0
14 12 9 11 0
14 12 9 12 0
14 12 9 13 0
14 12 9 14 0
14 12 9 15 0
14 12 10 0 0
14 12 10 1 0
14 12 10 2 0
14 12 10 3 0
14 12 10 4 0
14 12 10 5 0
14 12 10 6 0
14 12 10 7 0
14 12 10 8 0
14 12 10 9 0
14 12 10 10 0
14 12 10 11 0
14 12 10 12 0
14 12 10 13 0
14 12 10 14 0
14 12 10 15 0
14 12 11 0 0
14 12 11 1 0
14 12 11 2 0
14 12 11 3 0
14 12 11 4 0
14 12 11 5 0
14 12 11 6 0
14 12 11 7 0
14 12 11 8 0
14 12 11 9 0
14 12 11 10 0
14 12 11 11 0
14 12 11 12 0
14 12 11 13 0
14 12 11 14 0
14 12 11 15 0
14 12 12 0 0
14 12 12 1 0
14 12 12 2 0
14 12 12 3 0
14 12 12 4 0
14 12 12 5 0
14 12 12 6 0
14 12 12 7 0
14 12 12 8 0
14 12 12 9 0
14 12 12 10 0
14 12 12 11 0
14 12 12 12 0
14 12 12 13 0
14 12 12 14 0
14 12 12 15 0
14 12 13 0 0
14 12 13 1 0
14 12 13 2 0
14 12 13 3 0
14 12 13 4 0
14 12 13 5 0
14 12 13 6 0
14 12 13 7 0
14 12 13 8 0
14 12 13 9 0
14 12 13 10 0
14 12 13 11 0
14 12 13 12 0
14 12 13 13 0
14 12 13 14 0
14 12 13 15 0
14 12 14 0 0
14 12 14 1 0
14 12 14 2 0
14 12 14 3 0
14 12 14 4 0
14 12 14 5 0
14 12 14 6 0
14 12 14 7 0
14 12 14 8 0
14 12 14 9 0
14 12 14 10 0
14 12 14 11 0
14 12 14 12 0
14 12 14 13 0
14 12 14 14 0
14 12 14 15 0
14 12 15 0 0
14 12 15 1 0
14 12 15 2 0
14 12 15 3 0
14 12 15 4 0
14 12 15 5 0
14 12 15 6 0
14 12 15 7 0
14 12 15 8 0
14 12 15 9 0
14 12 15 10 0
14 12 15 11 0
14 12 15 12 0
14 12 15 13 0
14 12 15 14 0
14 12 15 15 0
14 13 0 0 0
14 13 0 1 0
14 13 0 2 0
14 13 0 3 0
14 13 0 4 0
14 13 0 5 0
14 13 0 6 0
14 13 0 7 0
14 13 0 8 0
14 13 0 9 0
14 13 0 10 0
14 13 0 11 0
14 13 0 12 0
14 13 0 13 0
14 13 0 14 0
14 13 0 15 0
14 13 1 0 0
14 13 1 1 0
14 13 1 2 0
14 13 1 3 0
14 13 1 4 0
14 13 1 5 0
14 13 1 6 0
14 13 1 7 0
14 13 1 8 0
14 13 1 9 0
14 13 1 10 0
14 13 1 11 0
14 13 1 12 0
14 13 1 13 0
14 13 1 14 0
14 13 1 15 0
14 13 2 0 0
14 13 2 1 0
14 13 2 2 0
14 13 2 3 0
14 13 2 4 0
14 13 2 5 0
14 13 2 6 0
14 13 2 7 0
14 13 2 8 0
14 13 2 9 0
14 13 2 10 0
14 13 2 11 0
14 13 2 12 0
14 13 2 13 0
14 13 2 14 0
14 13 2 15 0
14 13 3 0 0
14 13 3 1 0
14 13 3 2 0
14 13 3 3 0
14 13 3 4 0
14 13 3 5 0
14 13 3 6 0
14 13 3 7 0
14 13 3 8 0
14 13 3 9 0
14 13 3 10 0
14 13 3 11 0
14 13 3 12 0
14 13 3 13 0
14 13 3 14 0
14 13 3 15 0
14 13 4 0 0
14 13 4 1 0
14 13 4 2 0
14 13 4 3 0
14 13 4 4 0
14 13 4 5 0
14 13 4 6 0
14 13 4 7 0
14 13 4 8 0
14 13 4 9 0
14 13 4 10 0
14 13 4 11 0
14 13 4 12 0
14 13 4 13 0
14 13 4 14 0
14 13 4 15 0
14 13 5 0 0
14 13 5 1 0
14 13 5 2 0
14 13 5 3 0
14 13 5 4 0
14 13 5 5 0
14 13 5 6 0
14 13 5 7 0
14 13 5 8 0
14 13 5 9 0
14 13 5 10 0
14 13 5 11 0
14 13 5 12 0
14 13 5 13 0
14 13 5 14 0
14 13 5 15 0
14 13 6 0 0
14 13 6 1 0
14 13 6 2 0
14 13 6 3 0
14 13 6 4 0
14 13 6 5 0
14 13 6 6 0
14 13 6 7 0
14 13 6 8 0
14 13 6 9 0
14 13 6 10 0
14 13 6 11 0
14 13 6 12 0
14 13 6 13 0
14 13 6 14 0
14 13 6 15 0
14 13 7 0 0
14 13 7 1 0
14 13 7 2 0
14 13 7 3 0
14 13 7 4 0
14 13 7 5 0
14 13 7 6 0
14 13 7 7 0
14 13 7 8 0
14 13 7 9 0
14 13 7 10 0
14 13 7 11 0
14 13 7 12 0
14 13 7 13 0
14 13 7 14 0
14 13 7 15 0
14 13 8 0 0
14 13 8 1 0
14 13 8 2 0
14 13 8 3 0
14 13 8 4 0
14 13 8 5 0
14 13 8 6 0
14 13 8 7 0
14 13 8 8 0
14 13 8 9 0
14 13 8 10 0
14 13 8 11 0
14 13 8 12 0
14 13 8 13 0
14 13 8 14 0
14 13 8 15 0
14 13 9 0 0
14 13 9 1 0
14 13 9 2 0
14 13 9 3 0
14 13 9 4 0
14 13 9 5 0
14 13 9 6 0
14 13 9 7 0
14 13 9 8 0
14 13 9 9 0
14 13 9 10 0
14 13 9 11 0
14 13 9 12 0
14 13 9 13 0
14 13 9 14 0
14 13 9 15 0
14 13 10 0 0
14 13 10 1 0
14 13 10 2 0
14 13 10 3 0
14 13 10 4 0
14 13 10 5 0
14 13 10 6 0
14 13 10 7 0
14 13 10 8 0
14 13 10 9 0
14 13 10 10 0
14 13 10 11 0
14 13 10 12 0
14 13 10 13 0
14 13 10 14 0
14 13 10 15 0
14 13 11 0 0
14 13 11 1 0
14 13 11 2 0
14 13 11 3 0
14 13 11 4 0
14 13 11 5 0
14 13 11 6 0
14 13 11 7 0
14 13 11 8 0
14 13 11 9 0
14 13 11 10 0
14 13 11 11 0
14 13 11 12 0
14 13 11 13 0
14 13 11 14 0
14 13 11 15 0
14 13 12 0 0
14 13 12 1 0
14 13 12 2 0
14 13 12 3 0
14 13 12 4 0
14 13 12 5 0
14 13 12 6 0
14 13 12 7 0
14 13 12 8 0
14 13 12 9 0
14 13 12 10 0
14 13 12 11 0
14 13 12 12 0
14 13 12 13 0
14 13 12 14 0
14 13 12 15 0
14 13 13 0 0
14 13 13 1 0
14 13 13 2 0
14 13 13 3 0
14 13 13 4 0
14 13 13 5 0
14 13 13 6 0
14 13 13 7 0
14 13 13 8 0
14 13 13 9 0
14 13 13 10 0
14 13 13 11 0
14 13 13 12 0
14 13 13 13 0
14 13 13 14 0
14 13 13 15 0
14 13 14 0 0
14 13 14 1 0
14 13 14 2 0
14 13 14 3 0
14 13 14 4 0
14 13 14 5 0
14 13 14 6 0
14 13 14 7 0
14 13 14 8 0
14 13 14 9 0
14 13 14 10 0
14 13 14 11 0
14 13 14 12 0
14 13 14 13 0
14 13 14 14 0
14 13 14 15 0
14 13 15 0 0
14 13 15 1 0
14 13 15 2 0
14 13 15 3 0
14 13 15 4 0
14 13 15 5 0
14 13 15 6 0
14 13 15 7 0
14 13 15 8 0
14 13 15 9 0
14 13 15 10 0
14 13 15 11 0
14 13 15 12 0
14 13 15 13 0
14 13 15 14 0
14 13 15 15 0
14 14 0 0 0
14 14 0 1 0
14 14 0 2 0
14 14 0 3 0
14 14 0 4 0
14 14 0 5 0
14 14 0 6 0
14 14 0 7 0
14 14 0 8 0
14 14 0 9 0
14 14 0 10 0
14 14 0 11 0
14 14 0 12 0
14 14 0 13 0
14 14 0 14 0
14 14 0 15 0
14 14 1 0 0
14 14 1 1 0
14 14 1 2 0
14 14 1 3 0
14 14 1 4 0
14 14 1 5 0
14 14 1 6 0
14 14 1 7 0
14 14 1 8 0
14 14 1 9 0
14 14 1 10 0
14 14 1 11 0
14 14 1 12 0
14 14 1 13 0
14 14 1 14 0
14 14 1 15 0
14 14 2 0 0
14 14 2 1 0
14 14 2 2 0
14 14 2 3 0
14 14 2 4 0
14 14 2 5 0
14 14 2 6 0
14 14 2 7 0
14 14 2 8 0
14 14 2 9 0
14 14 2 10 0
14 14 2 11 0
14 14 2 12 0
14 14 2 13 0
14 14 2 14 0
14 14 2 15 0
14 14 3 0 0
14 14 3 1 0
14 14 3 2 0
14 14 3 3 0
14 14 3 4 0
14 14 3 5 0
14 14 3 6 0
14 14 3 7 0
14 14 3 8 0
14 14 3 9 0
14 14 3 10 0
14 14 3 11 0
14 14 3 12 0
14 14 3 13 0
14 14 3 14 0
14 14 3 15 0
14 14 4 0 0
14 14 4 1 0
14 14 4 2 0
14 14 4 3 0
14 14 4 4 0
14 14 4 5 0
14 14 4 6 0
14 14 4 7 0
14 14 4 8 0
14 14 4 9 0
14 14 4 10 0
14 14 4 11 0
14 14 4 12 0
14 14 4 13 0
14 14 4 14 0
14 14 4 15 0
14 14 5 0 0
14 14 5 1 0
14 14 5 2 0
14 14 5 3 0
14 14 5 4 0
14 14 5 5 0
14 14 5 6 0
14 14 5 7 0
14 14 5 8 0
14 14 5 9 0
14 14 5 10 0
14 14 5 11 0
14 14 5 12 0
14 14 5 13 0
14 14 5 14 0
14 14 5 15 0
14 14 6 0 0
14 14 6 1 0
14 14 6 2 0
14 14 6 3 0
14 14 6 4 0
14 14 6 5 0
14 14 6 6 0
14 14 6 7 0
14 14 6 8 0
14 14 6 9 0
14 14 6 10 0
14 14 6 11 0
14 14 6 12 0
14 14 6 13 0
14 14 6 14 0
14 14 6 15 0
14 14 7 0 0
14 14 7 1 0
14 14 7 2 0
14 14 7 3 0
14 14 7 4 0
14 14 7 5 0
14 14 7 6 0
14 14 7 7 0
14 14 7 8 0
14 14 7 9 0
14 14 7 10 0
14 14 7 11 0
14 14 7 12 0
14 14 7 13 0
14 14 7 14 0
14 14 7 15 0
14 14 8 0 0
14 14 8 1 0
14 14 8 2 0
14 14 8 3 0
14 14 8 4 0
14 14 8 5 0
14 14 8 6 0
14 14 8 7 0
14 14 8 8 0
14 14 8 9 0
14 14 8 10 0
14 14 8 11 0
14 14 8 12 0
14 14 8 13 0
14 14 8 14 0
14 14 8 15 0
14 14 9 0 0
14 14 9 1 0
14 14 9 2 0
14 14 9 3 0
14 14 9 4 0
14 14 9 5 0
14 14 9 6 0
14 14 9 7 0
14 14 9 8 0
14 14 9 9 0
14 14 9 10 0
14 14 9 11 0
14 14 9 12 0
14 14 9 13 0
14 14 9 14 0
14 14 9 15 0
14 14 10 0 0
14 14 10 1 0
14 14 10 2 0
14 14 10 3 0
14 14 10 4 0
14 14 10 5 0
14 14 10 6 0
14 14 10 7 0
14 14 10 8 0
14 14 10 9 0
14 14 10 10 0
14 14 10 11 0
14 14 10 12 0
14 14 10 13 0
14 14 10 14 0
14 14 10 15 0
14 14 11 0 0
14 14 11 1 0
14 14 11 2 0
14 14 11 3 0
14 14 11 4 0
14 14 11 5 0
14 14 11 6 0
14 14 11 7 0
14 14 11 8 0
14 14 11 9 0
14 14 11 10 0
14 14 11 11 0
14 14 11 12 0
14 14 11 13 0
14 14 11 14 0
14 14 11 15 0
14 14 12 0 0
14 14 12 1 0
14 14 12 2 0
14 14 12 3 0
14 14 12 4 0
14 14 12 5 0
14 14 12 6 0
14 14 12 7 0
14 14 12 8 0
14 14 12 9 0
14 14 12 10 0
14 14 12 11 0
14 14 12 12 0
14 14 12 13 0
14 14 12 14 0
14 14 12 15 0
14 14 13 0 0
14 14 13 1 0
14 14 13 2 0
14 14 13 3 0
14 14 13 4 0
14 14 13 5 0
14 14 13 6 0
14 14 13 7 0
14 14 13 8 0
14 14 13 9 0
14 14 13 10 0
14 14 13 11 0
14 14 13 12 0
14 14 13 13 0
14 14 13 14 0
14 14 13 15 0
14 14 14 0 0
14 14 14 1 0
14 14 14 2 0
14 14 14 3 0
14 14 14 4 0
14 14 14 5 0
14 14 14 6 0
14 14 14 7 0
14 14 14 8 0
14 14 14 9 0
14 14 14 10 0
14 14 14 11 0
14 14 14 12 0
14 14 14 13 0
14 14 14 14 0
14 14 14 15 0
14 14 15 0 0
14 14 15 1 0
14 14 15 2 0
14 14 15 3 0
14 14 15 4 0
14 14 15 5 0
14 14 15 6 0
14 14 15 7 0
14 14 15 8 0
14 14 15 9 0
14 14 15 10 0
14 14 15 11 0
14 14 15 12 0
14 14 15 13 0
14 14 15 14 0
14 14 15 15 0
14 15 0 0 0
14 15 0 1 0
14 15 0 2 0
14 15 0 3 0
14 15 0 4 0
14 15 0 5 0
14 15 0 6 0
14 15 0 7 0
14 15 0 8 0
14 15 0 9 0
14 15 0 10 0
14 15 0 11 0
14 15 0 12 0
14 15 0 13 0
14 15 0 14 0
14 15 0 15 0
14 15 1 0 0
14 15 1 1 0
14 15 1 2 0
14 15 1 3 0
14 15 1 4 0
14 15 1 5 0
14 15 1 6 0
14 15 1 7 0
14 15 1 8 0
14 15 1 9 0
14 15 1 10 0
14 15 1 11 0
14 15 1 12 0
14 15 1 13 0
14 15 1 14 0
14 15 1 15 0
14 15 2 0 0
14 15 2 1 0
14 15 2 2 0
14 15 2 3 0
14 15 2 4 0
14 15 2 5 0
14 15 2 6 0
14 15 2 7 0
14 15 2 8 0
14 15 2 9 0
14 15 2 10 0
14 15 2 11 0
14 15 2 12 0
14 15 2 13 0
14 15 2 14 0
14 15 2 15 0
14 15 3 0 0
14 15 3 1 0
14 15 3 2 0
14 15 3 3 0
14 15 3 4 0
14 15 3 5 0
14 15 3 6 0
14 15 3 7 0
14 15 3 8 0
14 15 3 9 0
14 15 3 10 0
14 15 3 11 0
14 15 3 12 0
14 15 3 13 0
14 15 3 14 0
14 15 3 15 0
14 15 4 0 0
14 15 4 1 0
14 15 4 2 0
14 15 4 3 0
14 15 4 4 0
14 15 4 5 0
14 15 4 6 0
14 15 4 7 0
14 15 4 8 0
14 15 4 9 0
14 15 4 10 0
14 15 4 11 0
14 15 4 12 0
14 15 4 13 0
14 15 4 14 0
14 15 4 15 0
14 15 5 0 0
14 15 5 1 0
14 15 5 2 0
14 15 5 3 0
14 15 5 4 0
14 15 5 5 0
14 15 5 6 0
14 15 5 7 0
14 15 5 8 0
14 15 5 9 0
14 15 5 10 0
14 15 5 11 0
14 15 5 12 0
14 15 5 13 0
14 15 5 14 0
14 15 5 15 0
14 15 6 0 0
14 15 6 1 0
14 15 6 2 0
14 15 6 3 0
14 15 6 4 0
14 15 6 5 0
14 15 6 6 0
14 15 6 7 0
14 15 6 8 0
14 15 6 9 0
14 15 6 10 0
14 15 6 11 0
14 15 6 12 0
14 15 6 13 0
14 15 6 14 0
14 15 6 15 0
14 15 7 0 0
14 15 7 1 0
14 15 7 2 0
14 15 7 3 0
14 15 7 4 0
14 15 7 5 0
14 15 7 6 0
14 15 7 7 0
14 15 7 8 0
14 15 7 9 0
14 15 7 10 0
14 15 7 11 0
14 15 7 12 0
14 15 7 13 0
14 15 7 14 0
14 15 7 15 0
14 15 8 0 0
14 15 8 1 0
14 15 8 2 0
14 15 8 3 0
14 15 8 4 0
14 15 8 5 0
14 15 8 6 0
14 15 8 7 0
14 15 8 8 0
14 15 8 9 0
14 15 8 10 0
14 15 8 11 0
14 15 8 12 0
14 15 8 13 0
14 15 8 14 0
14 15 8 15 0
14 15 9 0 0
14 15 9 1 0
14 15 9 2 0
14 15 9 3 0
14 15 9 4 0
14 15 9 5 0
14 15 9 6 0
14 15 9 7 0
14 15 9 8 0
14 15 9 9 0
14 15 9 10 0
14 15 9 11 0
14 15 9 12 0
14 15 9 13 0
14 15 9 14 0
14 15 9 15 0
14 15 10 0 0
14 15 10 1 0
14 15 10 2 0
14 15 10 3 0
14 15 10 4 0
14 15 10 5 0
14 15 10 6 0
14 15 10 7 0
14 15 10 8 0
14 15 10 9 0
14 15 10 10 0
14 15 10 11 0
14 15 10 12 0
14 15 10 13 0
14 15 10 14 0
14 15 10 15 0
14 15 11 0 0
14 15 11 1 0
14 15 11 2 0
14 15 11 3 0
14 15 11 4 0
14 15 11 5 0
14 15 11 6 0
14 15 11 7 0
14 15 11 8 0
14 15 11 9 0
14 15 11 10 0
14 15 11 11 0
14 15 11 12 0
14 15 11 13 0
14 15 11 14 0
14 15 11 15 0
14 15 12 0 0
14 15 12 1 0
14 15 12 2 0
14 15 12 3 0
14 15 12 4 0
14 15 12 5 0
14 15 12 6 0
14 15 12 7 0
14 15 12 8 0
14 15 12 9 0
14 15 12 10 0
14 15 12 11 0
14 15 12 12 0
14 15 12 13 0
14 15 12 14 0
14 15 12 15 0
14 15 13 0 0
14 15 13 1 0
14 15 13 2 0
14 15 13 3 0
14 15 13 4 0
14 15 13 5 0
14 15 13 6 0
14 15 13 7 0
14 15 13 8 0
14 15 13 9 0
14 15 13 10 0
14 15 13 11 0
14 15 13 12 0
14 15 13 13 0
14 15 13 14 0
14 15 13 15 0
14 15 14 0 0
14 15 14 1 0
14 15 14 2 0
14 15 14 3 0
14 15 14 4 0
14 15 14 5 0
14 15 14 6 0
14 15 14 7 0
14 15 14 8 0
14 15 14 9 0
14 15 14 10 0
14 15 14 11 0
14 15 14 12 0
14 15 14 13 0
14 15 14 14 0
14 15 14 15 0
14 15 15 0 0
14 15 15 1 0
14 15 15 2 0
14 15 15 3 0
14 15 15 4 0
14 15 15 5 0
14 15 15 6 0
14 15 15 7 0
14 15 15 8 0
14 15 15 9 0
14 15 15 10 0
14 15 15 11 0
14 15 15 12 0
14 15 15 13 0
14 15 15 14 0
14 15 15 15 0
15 0 0 0 0
15 0 0 1 -0.0114418215651334
15 0 0 2 0
15 0 0 3 0
15 0 0 4 0
15 0 0 5 0
15 0 0 6 0
15 0 0 7 0
15 0 0 8 0
15 0 0 9 0
15 0 0 10 0
15 0 0 11 0
15 0 0 12 0
15 0 0 13 0
15 0 0 14 0
15 0 0 15 -0.000106159006606357
15 0 1 0 0.02288364313026681
15 0 1 1 0
15 0 1 2 0
15 0 1 3 0
15 0 1 4 0
15 0 1 5 0
15 0 1 6 0
15 0 1 7 0
15 0 1 8 0
15 0 1 9 0
15 0 1 10 0
15 0 1 11 -0.0001853946045315089
15 0 1 12 0
15 0 1 13 0
15 0 1 14 0
15 0 1 15 0
15 0 2 0 0
15 0 2 1 0
15 0 2 2 0
15 0 2 3 0
15 0 2 4 0
15 0 2 5 0
15 0 2 6 0
15 0 2 7 0
15 0 2 8 0
15 0 2 9 0
15 0 2 10 0
15 0 2 11 0
15 0 2 12 0
15 0 2 13 0
15 0 2 14 0
15 0 2 15 0
15 0 3 0 0
15 0 3 1 0
15 0 3 2 0
15 0 3 3 0
15 0 3 4 0
15 0 3 5 0
15 0 3 6 0
15 0 3 7 0
15 0 3 8 0
15 0 3 9 0
15 0 3 10 0
15 0 3 11 0
15 0 3 12 0
15 0 3 13 0
15 0 3 14 0
15 0 3 15 0
15 0 4 0 0
15 0 4 1 0
15 0 4 2 0
15 0 4 3 0
15 0 4 4 0
15 0 4 5 0
15 0 4 6 0
15 0 4 7 0
15 0 4 8 0
15 0 4 9 0
15 0 4 10 0
15 0 4 11 0
15 0 4 12 0
15 0 4 13 0
15 0 4 14 0
15 0 4 15 0
15 0 5 0 0
15 0 5 1 0
15 0 5 2 0
15 0 5 3 0
15 0 5 4 0
15 0 5 5 0
15 0 5 6 0
15 0 5 7 0
15 0 5 8 0
15 0 5 9 0
15 0 5 10 0
15 0 5 11 0
15 0 5 12 0
15 0 5 13 0
15 0 5 14 0
15 0 5 15 0
15 0 6 0 0
15 0 6 1 0
15 0 6 2 0
15 0 6 3 0
15 0 6 4 0
15 0 6 5 0
15 0 6 6 0
15 0 6 7 0
15 0 6 8 0
15 0 6 9 0
15 0 6 10 0
15 0 6 11 0
15 0 6 12 0
15 0 6 13 0
15 0 6 14 0
15 0 6 15 0
15 0 7 0 0
15 0 7 1 0
15 0 7 2 0
15 0 7 3 0
15 0 7 4 0
15 0 7 5 0
15 0 7 6 0
15 0 7 7 0
15 0 7 8 0
15 0 7 9 0
15 0 7 10 0
15 0 7 11 0
15 0 7 12 0
15 0 7 13 0
15 0 7 14 0
15 0 7 15 0
15 0 8 0 0
15 0 8 1 0
15 0 8 2 0
15 0 8 3 0
15 0 8 4 0
15 0 8 5 0
15 0 8 6 0
15 0 8 7 0
15 0 8 8 0
15 0 8 9 0
15 0 8 10 0
15 0 8 11 0
15 0 8 12 0
15 0 8 13 0
15 0 8 14 0
15 0 8 15 0
15 0 9 0 0
15 0 9 1 0
15 0 9 2 0
15 0 9 3 0
15 0 9 4 0
15 0 9 5 0
15 0 9 6 0
15 0 9 7 0
15 0 9 8 0
15 0 9 9 0
15 0 9 10 0
15 0 9 11 0
15 0 9 12 0
15 0 9 13 0
15 0 9 14 0
15 0 9 15 0
15 0 10 0 0
15 0 10 1 0
15 0 10 2 0
15 0 10 3 0
15 0 10 4 0
15 0 10 5 0
15 0 10 6 0
15 0 10 7 0
15 0 10 8 0
15 0 10 9 0
15 0 10 10 0
15 0 10 11 0
15 0 10 12 0
15 0 10 13 0
15 0 10 14 0
15 0 10 15 0
15 0 11 0 0
15 0 11 1 0.0001668401460530865
15 0 11 2 0
15 0 11 3 0
15 0 11 4 0
15 0 11 5 0
15 0 11 6 0
15 0 11 7 0
15 0 11 8 0
15 0 11 9 0
15 0 11 10 0
15 0 11 11 0
15 0 11 12 0
15 0 11 13 0
15 0 11 14 0
15 0 11 15 0
15 0 12 0 0
15 0 12 1 0
15 0 12 2 0
15 0 12 3 0
15 0 12 4 0
15 0 12 5 0
15 0 12 6 0
15 0 12 7 0
15 0 12 8 0
15 0 12 9 0
15 0 12 10 0
15 0 12 11 0
15 0 12 12 0
15 0 12 13 0
15 0 12 14 0
15 0 12 15 0
15 0 13 0 0
15 0 13 1 0
15 0 13 2 0
15 0 13 3 0
15 0 13 4 0
15 0 13 5 0
15 0 13 6 0
15 0 13 7 0
15 0 13 8 0
15 0 13 9 0
15 0 13 10 0
15 0 13 11 0
15 0 13 12 0
15 0 13 13 0
15 0 13 14 0
15 0 13 15 0
15 0 14 0 0
15 0 14 1 0
15 0 14 2 0
15 0 14 3 0
15 0 14 4 0
15 0 14 5 0
15 0 14 6 0
15 0 14 7 0
15 0 14 8 0
15 0 14 9 0
15 0 14 10 0
15 0 14 11 0
15 0 14 12 0
15 0 14 13 0
15 0 14 14 0
15 0 14 15 0
15 0 15 0 0.0002123180132127141
15 0 15 1 0
15 0 15 2 0
15 0 15 3 0
15 0 15 4 0
15 0 15 5 0
15 0 15 6 0
15 0 15 7 0
15 0 15 8 0
15 0 15 9 0
15 0 15 10 0
15 0 15 11 0
15 0 15 12 0
15 0 15 13 0
15 0 15 14 0
15 0 15 15 0
15 1 0 0 0
15 1 0 1 0
15 1 0 2 0
15 1 0 3 0
15 1 0 4 0
15 1 0 5 0
15 1 0 6 0
15 1 0 7 0
15 1 0 8 0
15 1 0 9 0
15 1 0 10 0
15 1 0 11 0
15 1 0 12 0
15 1 0 13 0
15 1 0 14 0
15 1 0 15 0
15 1 1 0 0
15 1 1 1 0.0114418215651334
15 1 1 2 0
15 1 1 3 0
15 1 1 4 0
15 1 1 5 0
15 1 1 6 0
15 1 1 7 0
15 1 1 8 0
15 1 1 9 0
15 1 1 10 0
15 1 1 11 0
15 1 1 12 0
15 1 1 13 0
15 1 1 14 0
15 1 1 15 8.343657580871372e-05
15 1 2 0 0
15 1 2 1 0
15 1 2 2 0
15 1 2 3 0
15 1 2 4 0
15 1 2 5 0
15 1 2 6 0
15 1 2 7 0
15 1 2 8 0
15 1 2 9 0
15 1 2 10 0
15 1 2 11 0
15 1 2 12 0
15 1 2 13 0
15 1 2 14 0
15 1 2 15 0
15 1 3 0 0
15 1 3 1 0
15 1 3 2 0
15 1 3 3 0
15 1 3 4 0
15 1 3 5 0
15 1 3 6 0
15 1 3 7 0
15 1 3 8 0
15 1 3 9 0
15 1 3 10 0
15 1 3 11 0
15 1 3 12 0
15 1 3 13 0
15 1 3 14 0
15 1 3 15 0
15 1 4 0 0
15 1 4 1 0
15 1 4 2 0
15 1 4 3 0
15 1 4 4 0
15 1 4 5 0
15 1 4 6 0
15 1 4 7 0
15 1 4 8 0
15 1 4 9 0
15 1 4 10 0
15 1 4 11 0
15 1 4 12 0
15 1 4 13 0
15 1 4 14 0
15 1 4 15 0
15 1 5 0 0
15 1 5 1 0
15 1 5 2 0
15 1 5 3 0
15 1 5 4 0
15 1 5 5 0
15 1 5 6 0
15 1 5 7 0
15 1 5 8 0
15 1 5 9 0
15 1 5 10 0
15 1 5 11 0
15 1 5 12 0
15 1 5 13 0
15 1 5 14 0
15 1 5 15 0
15 1 6 0 0
15 1 6 1 0
15 1 6 2 0
15 1 6 3 0
15 1 6 4 0
15 1 6 5 0
15 1 6 6 0
15 1 6 7 0
15 1 6 8 0
15 1 6 9 0
15 1 6 10 0
15 1 6 11 0
15 1 6 12 0
15 1 6 13 0
15 1 6 14 0
15 1 6 15 0
15 1 7 0 0
15 1 7 1 0
15 1 7 2 0
15 1 7 3 0
15 1 7 4 0
15 1 7 5 0
15 1 7 6 0
15 1 7 7 0
15 1 7 8 0
15 1 7 9 0
15 1 7 10 0
15 1 7 11 0
15 1 7 12 0
15 1 7 13 0
15 1 7 14 0
15 1 7 15 0
15 1 8 0 0
15 1 8 1 0
15 1 8 2 0
15 1 8 3 0
15 1 8 4 0
15 1 8 5 0
15 1 8 6 0
15 1 8 7 0
15 1 8 8 0
15 1 8 9 0
15 1 8 10 0
15 1 8 11 0
15 1 8 12 0
15 1 8 13 0
15 1 8 14 0
15 1 8 15 0
15 1 9 0 0
15 1 9 1 0
15 1 9 2 0
15 1 9 3 0
15 1 9 4 0
15 1 9 5 0
15 1 9 6 0
15 1 9 7 0
15 1 9 8 0
15 1 9 9 0
15 1 9 10 0
15 1 9 11 0
15 1 9 12 0
15 1 9 13 0
15 1 9 14 0
15 1 9 15 0
15 1 10 0 0
15 1 10 1 0
15 1 10 2 0
15 1 10 3 0
15 1 10 4 0
15 1 10 5 0
15 1 10 6 0
15 1 10 7 0
15 1 10 8 0
15 1 10 9 0
15 1 10 10 0
15 1 10 11 0
15 1 10 12 0
15 1 10 13 0
15 1 10 14 0
15 1 10 15 0
15 1 11 0 0
15 1 11 1 0
15 1 11 2 0
15 1 11 3 0
15 1 11 4 0
15 1 11 5 0
15 1 11 6 0
15 1 11 7 0
15 1 11 8 0
15 1 11 9 0
15 1 11 10 0
15 1 11 11 0
15 1 11 12 0
15 1 11 13 0
15 1 11 14 0
15 1 11 15 0
15 1 12 0 0
15 1 12 1 0
15 1 12 2 0
15 1 12 3 0
15 1 12 4 0
15 1 12 5 0
15 1 12 6 0
15 1 12 7 0
15 1 12 8 0
15 1 12 9 0
15 1 12 10 0
15 1 12 11 0
15 1 12 12 0
15 1 12 13 0
15 1 12 14 0
15 1 12 15 0
15 1 13 0 0
15 1 13 1 0
15 1 13 2 0
15 1 13 3 0
15 1 13 4 0
15 1 13 5 0
15 1 13 6 0
15 1 13 7 0
15 1 13 8 0
15 1 13 9 0
15 1 13 10 0
15 1 13 11 0
15 1 13 12 0
15 1 13 13 0
15 1 13 14 0
15 1 13 15 0
15 1 14 0 0
15 1 14 1 0
15 1 14 2 0
15 1 14 3 0
15 1 14 4 0
15 1 14 5 0
15 1 14 6 0
15 1 14 7 0
15 1 14 8 0
15 1 14 9 0
15 1 14 10 0
15 1 14 11 0
15 1 14 12 0
15 1 14 13 0
15 1 14 14 0
15 1 14 15 0
15 1 15 0 0
15 1 15 1 0.0001061590066063571
15 1 15 2 0
15 1 15 3 0
15 1 15 4 0
15 1 15 5 0
15 1 15 6 0
15 1 15 7 0
15 1 15 8 0
15 1 15 9 0
15 1 15 10 0
15 1 15 11 0
15 1 15 12 0
15 1 15 13 0
15 1 15 14 0
15 1 15 15 0
15 2 0 0 0
15 2 0 1 0
15 2 0 2 0
15 2 0 3 0
15 2 0 4 0
15 2 0 5 0
15 2 0 6 0
15 2 0 7 0
15 2 0 8 0
15 2 0 9 0
15 2 0 10 0
15 2 0 11 0
15 2 0 12 0
15 2 0 13 0
15 2 0 14 0
15 2 0 15 0
15 2 1 0 0
15 2 1 1 0
15 2 1 2 0.02288364313026681
15 2 1 3 0
15 2 1 4 0
15 2 1 5 0
15 2 1 6 0
15 2 1 7 0
15 2 1 8 0
15 2 1 9 0
15 2 1 10 0
15 2 1 11 -0.0004074178668104427
15 2 1 12 0
15 2 1 13 0
15 2 1 14 0.0005429041763639858
15 2 1 15 0
15 2 2 0 0
15 2 2 1 -0.0114418215651334
15 2 2 2 0
15 2 2 3 0
15 2 2 4 0
15 2 2 5 0
15 2 2 6 0
15 2 2 7 0
15 2 2 8 0
15 2 2 9 0
15 2 2 10 0
15 2 2 11 0
15 2 2 12 0
15 2 2 13 0
15 2 2 14 0
15 2 2 15 -0.000106159006606357
15 2 3 0 0
15 2 3 1 0
15 2 3 2 0
15 2 3 3 0
15 2 3 4 0
15 2 3 5 0
15 2 3 6 0
15 2 3 7 0
15 2 3 8 0
15 2 3 9 0
15 2 3 10 0
15 2 3 11 0
15 2 3 12 0
15 2 3 13 0
15 2 3 14 0
15 2 3 15 0
15 2 4 0 0
15 2 4 1 0
15 2 4 2 0
15 2 4 3 0
15 2 4 4 0
15 2 4 5 0
15 2 4 6 0
15 2 4 7 0
15 2 4 8 0
15 2 4 9 0
15 2 4 10 0
15 2 4 11 0
15 2 4 12 0
15 2 4 13 0
15 2 4 14 0
15 2 4 15 0
15 2 5 0 0
15 2 5 1 0
15 2 5 2 0
15 2 5 3 0
15 2 5 4 0
15 2 5 5 0
15 2 5 6 0
15 2 5 7 0
15 2 5 8 0
15 2 5 9 0
15 2 5 10 0
15 2 5 11 0
15 2 5 12 0
15 2 5 13 0
15 2 5 14 0
15 2 5 15 0
15 2 6 0 0
15 2 6 1 0
15 2 6 2 0
15 2 6 3 0
15 2 6 4 0
15 2 6 5 0
15 2 6 6 0
15 2 6 7 0
15 2 6 8 0
15 2 6 9 0
15 2 6 10 0
15 2 6 11 0
15 2 6 12 0
15 2 6 13 0
15 2 6 14 0
15 2 6 15 0
15 2 7 0 0
15 2 7 1 0
15 2 7 2 0
15 2 7 3 0
15 2 7 4 0
15 2 7 5 0
15 2 7 6 0
15 2 7 7 0
15 2 7 8 0
15 2 7 9 0
15 2 7 10 0
15 2 7 11 0
15 2 7 12 0
15 2 7 13 0
15 2 7 14 0
15 2 7 15 0
15 2 8 0 0
15 2 8 1 0
15 2 8 2 0
15 2 8 3 0
15 2 8 4 0
15 2 8 5 0
15 2 8 6 0
15 2 8 7 0
15 2 8 8 0
15 2 8 9 0
15 2 8 10 0
15 2 8 11 0
15 2 8 12 0
15 2 8 13 0
15 2 8 14 0
15 2 8 15 0
15 2 9 0 0
15 2 9 1 0
15 2 9 2 0
15 2 9 3 0
15 2 9 4 0
15 2 9 5 0
15 2 9 6 0
15 2 9 7 0
15 2 9 8 0
15 2 9 9 0
15 2 9 10 0
15 2 9 11 0
15 2 9 12 0
15 2 9 13 0
15 2 9 14 0
15 2 9 15 0
15 2 10 0 0
15 2 10 1 0
15 2 10 2 0
15 2 10 3 0
15 2 10 4 0
15 2 10 5 0
15 2 10 6 0
15 2 10 7 0
15 2 10 8 0
15 2 10 9 0
15 2 10 10 0
15 2 10 11 0
15 2 10 12 0
15 2 10 13 0
15 2 10 14 0
15 2 10 15 0
15 2 11 0 0
15 2 11 1 0.0002294178087508504
15 2 11 2 0
15 2 11 3 0
15 2 11 4 0
15 2 11 5 0
15 2 11 6 0
15 2 11 7 0
15 2 11 8 0
15 2 11 9 0
15 2 11 10 0
15 2 11 11 0
15 2 11 12 0
15 2 11 13 0
15 2 11 14 0
15 2 11 15 0
15 2 12 0 0
15 2 12 1 0
15 2 12 2 0
15 2 12 3 0
15 2 12 4 0
15 2 12 5 0
15 2 12 6 0
15 2 12 7 0
15 2 12 8 0
15 2 12 9 0
15 2 12 10 0
15 2 12 11 0
15 2 12 12 0
15 2 12 13 0
15 2 12 14 0
15 2 12 15 0
15 2 13 0 0
15 2 13 1 0
15 2 13 2 0
15 2 13 3 0
15 2 13 4 0
15 2 13 5 0
15 2 13 6 0
15 2 13 7 0
15 2 13 8 0
15 2 13 9 0
15 2 13 10 0
15 2 13 11 0
15 2 13 12 0
15 2 13 13 0
15 2 13 14 0
15 2 13 15 0
15 2 14 0 0
15 2 14 1 -0.0002393996818441073
15 2 14 2 0
15 2 14 3 0
15 2 14 4 0
15 2 14 5 0
15 2 14 6 0
15 2 14 7 0
15 2 14 8 0
15 2 14 9 0
15 2 14 10 0
15 2 14 11 0
15 2 14 12 0
15 2 14 13 0
15 2 14 14 0
15 2 14 15 0
15 2 15 0 0
15 2 15 1 0
15 2 15 2 0.0002123180132127141
15 2 15 3 0
15 2 15 4 0
15 2 15 5 0
15 2 15 6 0
15 2 15 7 0
15 2 15 8 0
15 2 15 9 0
15 2 15 10 0
15 2 15 11 0
15 2 15 12 0
15 2 15 13 0
15 2 15 14 0
15 2 15 15 0
15 3 0 0 0
15 3 0 1 0
15 3 0 2 0
15 3 0 3 0
15 3 0 4 0
15 3 0 5 0
15 3 0 6 0
15 3 0 7 0
15 3 0 8 0
15 3 0 9 0
15 3 0 10 0
15 3 0 11 0
15 3 0 12 0
15 3 0 13 0
15 3 0 14 0
15 3 0 15 0
15 3 1 0 0
15 3 1 1 0
15 3 1 2 0
15 3 1 3 0.0114418215651334
15 3 1 4 0
15 3 1 5 0
15 3 1 6 0
15 3 1 7 0
15 3 1 8 0.0008860401778468443
15 3 1 9 0
15 3 1 10 0
15 3 1 11 0
15 3 1 12 0
15 3 1 13 0
15 3 1 14 0
15 3 1 15 0
15 3 2 0 0
15 3 2 1 0
15 3 2 2 0
15 3 2 3 0
15 3 2 4 0
15 3 2 5 0
15 3 2 6 0
15 3 2 7 0
15 3 2 8 0
15 3 2 9 0
15 3 2 10 0
15 3 2 11 0
15 3 2 12 0
15 3 2 13 0
15 3 2 14 0
15 3 2 15 0
15 3 3 0 0
15 3 3 1 -0.003100740888256127
15 3 3 2 0
15 3 3 3 0
15 3 3 4 0
15 3 3 5 0
15 3 3 6 0
15 3 3 7 0
15 3 3 8 0
15 3 3 9 0
15 3 3 10 0
15 3 3 11 0
15 3 3 12 0
15 3 3 13 0
15 3 3 14 0
15 3 3 15 -5.400315707045544e-06
15 3 4 0 0
15 3 4 1 0
15 3 4 2 0
15 3 4 3 0
15 3 4 4 0
15 3 4 5 0
15 3 4 6 0
15 3 4 7 0
15 3 4 8 0
15 3 4 9 0
15 3 4 10 0
15 3 4 11 0
15 3 4 12 0
15 3 4 13 0
15 3 4 14 0
15 3 4 15 0
15 3 5 0 0
15 3 5 1 0
15 3 5 2 0
15 3 5 3 0
15 3 5 4 0
15 3 5 5 0
15 3 5 6 0
15 3 5 7 0
15 3 5 8 0
15 3 5 9 0
15 3 5 10 0
15 3 5 11 0
15 3 5 12 0
15 3 5 13 0
15 3 5 14 0
15 3 5 15 0
15 3 6 0 0
15 3 6 1 0
15 3 6 2 0
15 3 6 3 0
15 3 6 4 0
15 3 6 5 0
15 3 6 6 0
15 3 6 7 0
15 3 6 8 0
15 3 6 9 0
15 3 6 10 0
15 3 6 11 0
15 3 6 12 0
15 3 6 13 0
15 3 6 14 0
15 3 6 15 0
15 3 7 0 0
15 3 7 1 0
15 3 7 2 0
15 3 7 3 0
15 3 7 4 0
15 3 7 5 0
15 3 7 6 0
15 3 7 7 0
15 3 7 8 0
15 3 7 9 0
15 3 7 10 0
15 3 7 11 0
15 3 7 12 0
15 3 7 13 0
15 3 7 14 0
15 3 7 15 0
15 3 8 0 0
15 3 8 1 -0.0002401174491708137
15 3 8 2 0
15 3 8 3 0
15 3 8 4 0
15 3 8 5 0
15 3 8 6 0
15 3 8 7 0
15 3 8 8 0
15 3 8 9 0
15 3 8 10 0
15 3 8 11 0
15 3 8 12 0
15 3 8 13 0
15 3 8 14 0
15 3 8 15 0
15 3 9 0 0
15 3 9 1 0
15 3 9 2 0
15 3 9 3 0
15 3 9 4 0
15 3 9 5 0
15 3 9 6 0
15 3 9 7 0
15 3 9 8 0
15 3 9 9 0
15 3 9 10 0
15 3 9 11 0
15 3 9 12 0
15 3 9 13 0
15 3 9 14 0
15 3 9 15 0
15 3 10 0 0
15 3 10 1 0
15 3 10 2 0
15 3 10 3 0
15 3 10 4 0
15 3 10 5 0
15 3 10 6 0
15 3 10 7 0
15 3 10 8 0
15 3 10 9 0
15 3 10 10 0
15 3 10 11 0
15 3 10 12 0
15 3 10 13 0
15 3 10 14 0
15 3 10 15 0
15 3 11 0 0
15 3 11 1 0
15 3 11 2 0
15 3 11 3 0
15 3 11 4 0
15 3 11 5 0
15 3 11 6 0
15 3 11 7 0
15 3 11 8 0
15 3 11 9 0
15 3 11 10 0
15 3 11 11 0
15 3 11 12 0
15 3 11 13 0
15 3 11 14 0
15 3 11 15 0
15 3 12 0 0
15 3 12 1 0
15 3 12 2 0
15 3 12 3 0
15 3 12 4 0
15 3 12 5 0
15 3 12 6 0
15 3 12 7 0
15 3 12 8 0
15 3 12 9 0
15 3 12 10 0
15 3 12 11 0
15 3 12 12 0
15 3 12 13 0
15 3 12 14 0
15 3 12 15 0
15 3 13 0 0
15 3 13 1 0
15 3 13 2 0
15 3 13 3 0
15 3 13 4 0
15 3 13 5 0
15 3 13 6 0
15 3 13 7 0
15 3 13 8 0
15 3 13 9 0
15 3 13 10 0
15 3 13 11 0
15 3 13 12 0
15 3 13 13 0
15 3 13 14 0
15 3 13 15 0
15 3 14 0 0
15 3 14 1 0
15 3 14 2 0
15 3 14 3 0
15 3 14 4 0
15 3 14 5 0
15 3 14 6 0
15 3 14 7 0
15 3 14 8 0
15 3 14 9 0
15 3 14 10 0
15 3 14 11 0
15 3 14 12 0
15 3 14 13 0
15 3 14 14 0
15 3 14 15 0
15 3 15 0 0
15 3 15 1 0
15 3 15 2 0
15 3 15 3 0.0001061590066063571
15 3 15 4 0
15 3 15 5 0
15 3 15 6 0
15 3 15 7 0
15 3 15 8 0
15 3 15 9 0
15 3 15 10 0
15 3 15 11 0
15 3 15 12 0
15 3 15 13 0
15 3 15 14 0
15 3 15 15 0
15 4 0 0 0
15 4 0 1 0
15 4 0 2 0
15 4 0 3 0
15 4 0 4 0
15 4 0 5 0
15 4 0 6 0
15 4 0 7 0
15 4 0 8 0
15 4 0 9 0
15 4 0 10 0
15 4 0 11 0
15 4 0 12 0
15 4 0 13 0
15 4 0 14 0
15 4 0 15 0
15 4 1 0 0
15 4 1 1 0
15 4 1 2 0
15 4 1 3 0
15 4 1 4 0.0114418215651334
15 4 1 5 0
15 4 1 6 0
15 4 1 7 0
15 4 1 8 0
15 4 1 9 0.0008706738895706492
15 4 1 10 0
15 4 1 11 0
15 4 1 12 0
15 4 1 13 0
15 4 1 14 0
15 4 1 15 0
15 4 2 0 0
15 4 2 1 0
15 4 2 2 0
15 4 2 3 0
15 4 2 4 0
15 4 2 5 0
15 4 2 6 0
15 4 2 7 0
15 4 2 8 0
15 4 2 9 0
15 4 2 10 0
15 4 2 11 0
15 4 2 12 0
15 4 2 13 0
15 4 2 14 0
15 4 2 15 0
15 4 3 0 0
15 4 3 1 0
15 4 3 2 0
15 4 3 3 0
15 4 3 4 0
15 4 3 5 0
15 4 3 6 0
15 4 3 7 0
15 4 3 8 0
15 4 3 9 0
15 4 3 10 0
15 4 3 11 0
15 4 3 12 0
15 4 3 13 0
15 4 3 14 0
15 4 3 15 0
15 4 4 0 0
15 4 4 1 -0.003127689615341228
15 4 4 2 0
15 4 4 3 0
15 4 4 4 0
15 4 4 5 0
15 4 4 6 0
15 4 4 7 0
15 4 4 8 0
15 4 4 9 0
15 4 4 10 0
15 4 4 11 0
15 4 4 12 0
15 4 4 13 0
15 4 4 14 0
15 4 4 15 -6.050335094912265e-06
15 4 5 0 0
15 4 5 1 0
15 4 5 2 0
15 4 5 3 0
15 4 5 4 0
15 4 5 5 0
15 4 5 6 0
15 4 5 7 0
15 4 5 8 0
15 4 5 9 0
15 4 5 10 0
15 4 5 11 0
15 4 5 12 0
15 4 5 13 0
15 4 5 14 0
15 4 5 15 0
15 4 6 0 0
15 4 6 1 0
15 4 6 2 0
15 4 6 3 0
15 4 6 4 0
15 4 6 5 0
15 4 6 6 0
15 4 6 7 0
15 4 6 8 0
15 4 6 9 0
15 4 6 10 0
15 4 6 11 0
15 4 6 12 0
15 4 6 13 0
15 4 6 14 0
15 4 6 15 0
15 4 7 0 0
15 4 7 1 0
15 4 7 2 0
15 4 7 3 0
15 4 7 4 0
15 4 7 5 0
15 4 7 6 0
15 4 7 7 0
15 4 7 8 0
15 4 7 9 0
15 4 7 10 0
15 4 7 11 0
15 4 7 12 0
15 4 7 13 0
15 4 7 14 0
15 4 7 15 0
15 4 8 0 0
15 4 8 1 0
15 4 8 2 0
15 4 8 3 0
15 4 8 4 0
15 4 8 5 0
15 4 8 6 0
15 4 8 7 0
15 4 8 8 0
15 4 8 9 0
15 4 8 10 0
15 4 8 11 0
15 4 8 12 0
15 4 8 13 0
15 4 8 14 0
15 4 8 15 0
15 4 9 0 0
15 4 9 1 -0.0002380038586738023
15 4 9 2 0
15 4 9 3 0
15 4 9 4 0
15 4 9 5 0
15 4 9 6 0
15 4 9 7 0
15 4 9 8 0
15 4 9 9 0
15 4 9 10 0
15 4 9 11 0
15 4 9 12 0
15 4 9 13 0
15 4 9 14 0
15 4 9 15 0
15 4 10 0 0
15 4 10 1 0
15 4 10 2 0
15 4 10 3 0
15 4 10 4 0
15 4 10 5 0
15 4 10 6 0
15 4 10 7 0
15 4 10 8 0
15 4 10 9 0
15 4 10 10 0
15 4 10 11 0
15 4 10 12 0
15 4 10 13 0
15 4 10 14 0
15 4 10 15 0
15 4 11 0 0
15 4 11 1 0
15 4 11 2 0
15 4 11 3 0
15 4 11 4 0
15 4 11 5 0
15 4 11 6 0
15 4 11 7 0
15 4 11 8 0
15 4 11 9 0
15 4 11 10 0
15 4 11 11 0
15 4 11 12 0
15 4 11 13 0
15 4 11 14 0
15 4 11 15 0
15 4 12 0 0
15 4 12 1 0
15 4 12 2 0
15 4 12 3 0
15 4 12 4 0
15 4 12 5 0
15 4 12 6 0
15 4 12 7 0
15 4 12 8 0
15 4 12 9 0
15 4 12 10 0
15 4 12 11 0
15 4 12 12 0
15 4 12 13 0
15 4 12 14 0
15 4 12 15 0
15 4 13 0 0
15 4 13 1 0
15 4 13 2 0
15 4 13 3 0
15 4 13 4 0
15 4 13 5 0
15 4 13 6 0
15 4 13 7 0
15 4 13 8 0
15 4 13 9 0
15 4 13 10 0
15 4 13 11 0
15 4 13 12 0
15 4 13 13 0
15 4 13 14 0
15 4 13 15 0
15 4 14 0 0
15 4 14 1 0
15 4 14 2 0
15 4 14 3 0
15 4 14 4 0
15 4 14 5 0
15 4 14 6 0
15 4 14 7 0
15 4 14 8 0
15 4 14 9 0
15 4 14 10 0
15 4 14 11 0
15 4 14 12 0
15 4 14 13 0
15 4 14 14 0
15 4 14 15 0
15 4 15 0 0
15 4 15 1 0
15 4 15 2 0
15 4 15 3 0
15 4 15 4 0.000106159006606357
15 4 15 5 0
15 4 15 6 0
15 4 15 7 0
15 4 15 8 0
15 4 15 9 0
15 4 15 10 0
15 4 15 11 0
15 4 15 12 0
15 4 15 13 0
15 4 15 14 0
15 4 15 15 0
15 5 0 0 0
15 5 0 1 0
15 5 0 2 0
15 5 0 3 0
15 5 0 4 0
15 5 0 5 0
15 5 0 6 0
15 5 0 7 0
15 5 0 8 0
15 5 0 9 0
15 5 0 10 0
15 5 0 11 0
15 5 0 12 0
15 5 0 13 0
15 5 0 14 0
15 5 0 15 0
15 5 1 0 0
15 5 1 1 0
15 5 1 2 0
15 5 1 3 0
15 5 1 4 0
15 5 1 5 0.0114418215651334
15 5 1 6 0
15 5 1 7 0
15 5 1 8 0
15 5 1 9 0
15 5 1 10 0
15 5 1 11 0
15 5 1 12 0.0008122679064549753
15 5 1 13 0
15 5 1 14 0
15 5 1 15 0
15 5 2 0 0
15 5 2 1 0
15 5 2 2 0
15 5 2 3 0
15 5 2 4 0
15 5 2 5 0
15 5 2 6 0
15 5 2 7 0
15 5 2 8 0
15 5 2 9 0
15 5 2 10 0
15 5 2 11 0
15 5 2 12 0
15 5 2 13 0
15 5 2 14 0
15 5 2 15 0
15 5 3 0 0
15 5 3 1 0
15 5 3 2 0
15 5 3 3 0
15 5 3 4 0
15 5 3 5 0
15 5 3 6 0
15 5 3 7 0
15 5 3 8 0
15 5 3 9 0
15 5 3 10 0
15 5 3 11 0
15 5 3 12 0
15 5 3 13 0
15 5 3 14 0
15 5 3 15 0
15 5 4 0 0
15 5 4 1 0
15 5 4 2 0
15 5 4 3 0
15 5 4 4 0
15 5 4 5 0
15 5 4 6 0
15 5 4 7 0
15 5 4 8 0
15 5 4 9 0
15 5 4 10 0
15 5 4 11 0
15 5 4 12 0
15 5 4 13 0
15 5 4 14 0
15 5 4 15 0
15 5 5 0 0
15 5 5 1 -0.003536105308908119
15 5 5 2 0
15 5 5 3 0
15 5 5 4 0
15 5 5 5 0
15 5 5 6 0
15 5 5 7 0
15 5 5 8 0
15 5 5 9 0
15 5 5 10 0
15 5 5 11 0
15 5 5 12 0
15 5 5 13 0
15 5 5 14 0
15 5 5 15 -1.564405599699302e-05
15 5 6 0 0
15 5 6 1 0
15 5 6 2 0
15 5 6 3 0
15 5 6 4 0
15 5 6 5 0
15 5 6 6 0
15 5 6 7 0
15 5 6 8 0
15 5 6 9 0
15 5 6 10 0
15 5 6 11 0
15 5 6 12 0
15 5 6 13 0
15 5 6 14 0
15 5 6 15 0
15 5 7 0 0
15 5 7 1 0
15 5 7 2 0
15 5 7 3 0
15 5 7 4 0
15 5 7 5 0
15 5 7 6 0
15 5 7 7 0
15 5 7 8 0
15 5 7 9 0
15 5 7 10 0
15 5 7 11 0
15 5 7 12 0
15 5 7 13 0
15 5 7 14 0
15 5 7 15 0
15 5 8 0 0
15 5 8 1 0
15 5 8 2 0
15 5 8 3 0
15 5 8 4 0
15 5 8 5 0
15 5 8 6 0
15 5 8 7 0
15 5 8 8 0
15 5 8 9 0
15 5 8 10 0
15 5 8 11 0
15 5 8 12 0
15 5 8 13 0
15 5 8 14 0
15 5 8 15 0
15 5 9 0 0
15 5 9 1 0
15 5 9 2 0
15 5 9 3 0
15 5 9 4 0
15 5 9 5 0
15 5 9 6 0
15 5 9 7 0
15 5 9 8 0
15 5 9 9 0
15 5 9 10 0
15 5 9 11 0
15 5 9 12 0
15 5 9 13 0
15 5 9 14 0
15 5 9 15 0
15 5 10 0 0
15 5 10 1 0
15 5 10 2 0
15 5 10 3 0
15 5 10 4 0
15 5 10 5 0
15 5 10 6 0
15 5 10 7 0
15 5 10 8 0
15 5 10 9 0
15 5 10 10 0
15 5 10 11 0
15 5 10 12 0
15 5 10 13 0
15 5 10 14 0
15 5 10 15 0
15 5 11 0 0
15 5 11 1 0
15 5 11 2 0
15 5 11 3 0
15 5 11 4 0
15 5 11 5 0
15 5 11 6 0
15 5 11 7 0
15 5 11 8 0
15 5 11 9 0
15 5 11 10 0
15 5 11 11 0
15 5 11 12 0
15 5 11 13 0
15 5 11 14 0
15 5 11 15 0
15 5 12 0 0
15 5 12 1 -0.000251032131546585
15 5 12 2 0
15 5 12 3 0
15 5 12 4 0
15 5 12 5 0
15 5 12 6 0
15 5 12 7 0
15 5 12 8 0
15 5 12 9 0
15 5 12 10 0
15 5 12 11 0
15 5 12 12 0
15 5 12 13 0
15 5 12 14 0
15 5 12 15 0
15 5 13 0 0
15 5 13 1 0
15 5 13 2 0
15 5 13 3 0
15 5 13 4 0
15 5 13 5 0
15 5 13 6 0
15 5 13 7 0
15 5 13 8 0
15 5 13 9 0
15 5 13 10 0
15 5 13 11 0
15 5 13 12 0
15 5 13 13 0
15 5 13 14 0
15 5 13 15 0
15 5 14 0 0
15 5 14 1 0
15 5 14 2 0
15 5 14 3 0
15 5 14 4 0
15 5 14 5 0
15 5 14 6 0
15 5 14 7 0
15 5 14 8 0
15 5 14 9 0
15 5 14 10 0
15 5 14 11 0
15 5 14 12 0
15 5 14 13 0
15 5 14 14 0
15 5 14 15 0
15 5 15 0 0
15 5 15 1 0
15 5 15 2 0
15 5 15 3 0
15 5 15 4 0
15 5 15 5 0.000106159006606357
15 5 15 6 0
15 5 15 7 0
15 5 15 8 0
15 5 15 9 0
15 5 15 10 0
15 5 15 11 0
15 5 15 12 0
15 5 15 13 0
15 5 15 14 0
15 5 15 15 0
15 6 0 0 0
15 6 0 1 0
15 6 0 2 0
15 6 0 3 0
15 6 0 4 0
15 6 0 5 0
15 6 0 6 0
15 6 0 7 0
15 6 0 8 0
15 6 0 9 0
15 6 0 10 0
15 6 0 11 0
15 6 0 12 0
15 6 0 13 0
15 6 0 14 0
15 6 0 15 0
15 6 1 0 0
15 6 1 1 0
15 6 1 2 0
15 6 1 3 0
15 6 1 4 0
15 6 1 5 0
15 6 1 6 0.0114418215651334
15 6 1 7 0
15 6 1 8 0
15 6 1 9 0
15 6 1 10 0
15 6 1 11 0
15 6 1 12 0
15 6 1 13 0.0008223970296872086
15 6 1 14 0
15 6 1 15 0
15 6 2 0 0
15 6 2 1 0
15 6 2 2 0
15 6 2 3 0
15 6 2 4 0
15 6 2 5 0
15 6 2 6 0
15 6 2 7 0
15 6 2 8 0
15 6 2 9 0
15 6 2 10 0
15 6 2 11 0
15 6 2 12 0
15 6 2 13 0
15 6 2 14 0
15 6 2 15 0
15 6 3 0 0
15 6 3 1 0
15 6 3 2 0
15 6 3 3 0
15 6 3 4 0
15 6 3 5 0
15 6 3 6 0
15 6 3 7 0
15 6 3 8 0
15 6 3 9 0
15 6 3 10 0
15 6 3 11 0
15 6 3 12 0
15 6 3 13 0
15 6 3 14 0
15 6 3 15 0
15 6 4 0 0
15 6 4 1 0
15 6 4 2 0
15 6 4 3 0
15 6 4 4 0
15 6 4 5 0
15 6 4 6 0
15 6 4 7 0
15 6 4 8 0
15 6 4 9 0
15 6 4 10 0
15 6 4 11 0
15 6 4 12 0
15 6 4 13 0
15 6 4 14 0
15 6 4 15 0
15 6 5 0 0
15 6 5 1 0
15 6 5 2 0
15 6 5 3 0
15 6 5 4 0
15 6 5 5 0
15 6 5 6 0
15 6 5 7 0
15 6 5 8 0
15 6 5 9 0
15 6 5 10 0
15 6 5 11 0
15 6 5 12 0
15 6 5 13 0
15 6 5 14 0
15 6 5 15 0
15 6 6 0 0
15 6 6 1 -0.003524535312531041
15 6 6 2 0
15 6 6 3 0
15 6 6 4 0
15 6 6 5 0
15 6 6 6 0
15 6 6 7 0
15 6 6 8 0
15 6 6 9 0
15 6 6 10 0
15 6 6 11 0
15 6 6 12 0
15 6 6 13 0
15 6 6 14 0
15 6 6 15 -1.537892531277454e-05
15 6 7 0 0
15 6 7 1 0
15 6 7 2 0
15 6 7 3 0
15 6 7 4 0
15 6 7 5 0
15 6 7 6 0
15 6 7 7 0
15 6 7 8 0
15 6 7 9 0
15 6 7 10 0
15 6 7 11 0
15 6 7 12 0
15 6 7 13 0
15 6 7 14 0
15 6 7 15 0
15 6 8 0 0
15 6 8 1 0
15 6 8 2 0
15 6 8 3 0
15 6 8 4 0
15 6 8 5 0
15 6 8 6 0
15 6 8 7 0
15 6 8 8 0
15 6 8 9 0
15 6 8 10 0
15 6 8 11 0
15 6 8 12 0
15 6 8 13 0
15 6 8 14 0
15 6 8 15 0
15 6 9 0 0
15 6 9 1 0
15 6 9 2 0
15 6 9 3 0
15 6 9 4 0
15 6 9 5 0
15 6 9 6 0
15 6 9 7 0
15 6 9 8 0
15 6 9 9 0
15 6 9 10 0
15 6 9 11 0
15 6 9 12 0
15 6 9 13 0
15 6 9 14 0
15 6 9 15 0
15 6 10 0 0
15 6 10 1 0
15 6 10 2 0
15 6 10 3 0
15 6 10 4 0
15 6 10 5 0
15 6 10 6 0
15 6 10 7 0
15 6 10 8 0
15 6 10 9 0
15 6 10 10 0
15 6 10 11 0
15 6 10 12 0
15 6 10 13 0
15 6 10 14 0
15 6 10 15 0
15 6 11 0 0
15 6 11 1 0
15 6 11 2 0
15 6 11 3 0
15 6 11 4 0
15 6 11 5 0
15 6 11 6 0
15 6 11 7 0
15 6 11 8 0
15 6 11 9 0
15 6 11 10 0
15 6 11 11 0
15 6 11 12 0
15 6 11 13 0
15 6 11 14 0
15 6 11 15 0
15 6 12 0 0
15 6 12 1 0
15 6 12 2 0
15 6 12 3 0
15 6 12 4 0
15 6 12 5 0
15 6 12 6 0
15 6 12 7 0
15 6 12 8 0
15 6 12 9 0
15 6 12 10 0
15 6 12 11 0
15 6 12 12 0
15 6 12 13 0
15 6 12 14 0
15 6 12 15 0
15 6 13 0 0
15 6 13 1 -0.0002533309364730869
15 6 13 2 0
15 6 13 3 0
15 6 13 4 0
15 6 13 5 0
15 6 13 6 0
15 6 13 7 0
15 6 13 8 0
15 6 13 9 0
15 6 13 10 0
15 6 13 11 0
15 6 13 12 0
15 6 13 13 0
15 6 13 14 0
15 6 13 15 0
15 6 14 0 0
15 6 14 1 0
15 6 14 2 0
15 6 14 3 0
15 6 14 4 0
15 6 14 5 0
15 6 14 6 0
15 6 14 7 0
15 6 14 8 0
15 6 14 9 0
15 6 14 10 0
15 6 14 11 0
15 6 14 12 0
15 6 14 13 0
15 6 14 14 0
15 6 14 15 0
15 6 15 0 0
15 6 15 1 0
15 6 15 2 0
15 6 15 3 0
15 6 15 4 0
15 6 15 5 0
15 6 15 6 0.000106159006606357
15 6 15 7 0
15 6 15 8 0
15 6 15 9 0
15 6 15 10 0
15 6 15 11 0
15 6 15 12 0
15 6 15 13 0
15 6 15 14 0
15 6 15 15 0
15 7 0 0 0
15 7 0 1 0
15 7 0 2 0
15 7 0 3 0
15 7 0 4 0
15 7 0 5 0
15 7 0 6 0
15 7 0 7 0
15 7 0 8 0
15 7 0 9 0
15 7 0 10 0
15 7 0 11 0
15 7 0 12 0
15 7 0 13 0
15 7 0 14 0
15 7 0 15 0
15 7 1 0 0
15 7 1 1 0
15 7 1 2 0
15 7 1 3 0
15 7 1 4 0
15 7 1 5 0
15 7 1 6 0
15 7 1 7 0
15 7 1 8 0
15 7 1 9 0
15 7 1 10 0
15 7 1 11 0
15 7 1 12 0
15 7 1 13 0
15 7 1 14 0
15 7 1 15 0
15 7 2 0 0
15 7 2 1 0
15 7 2 2 0
15 7 2 3 0
15 7 2 4 0
15 7 2 5 0
15 7 2 6 0
15 7 2 7 0
15 7 2 8 0
15 7 2 9 0
15 7 2 10 0
15 7 2 11 0
15 7 2 12 0
15 7 2 13 0
15 7 2 14 0
15 7 2 15 0
15 7 3 0 0
15 7 3 1 0
15 7 3 2 0
15 7 3 3 0
15 7 3 4 0
15 7 3 5 0
15 7 3 6 0
15 7 3 7 0
15 7 3 8 0
15 7 3 9 0
15 7 3 10 0
15 7 3 11 0
15 7 3 12 0
15 7 3 13 0
15 7 3 14 0
15 7 3 15 0
15 7 4 0 0
15 7 4 1 0
15 7 4 2 0
15 7 4 3 0
15 7 4 4 0
15 7 4 5 0
15 7 4 6 0
15 7 4 7 0
15 7 4 8 0
15 7 4 9 0
15 7 4 10 0
15 7 4 11 0
15 7 4 12 0
15 7 4 13 0
15 7 4 14 0
15 7 4 15 0
15 7 5 0 0
15 7 5 1 0
15 7 5 2 0
15 7 5 3 0
15 7 5 4 0
15 7 5 5 0
15 7 5 6 0
15 7 5 7 0
15 7 5 8 0
15 7 5 9 0
15 7 5 10 0
15 7 5 11 0
15 7 5 12 0
15 7 5 13 0
15 7 5 14 0
15 7 5 15 0
15 7 6 0 0
15 7 6 1 0
15 7 6 2 0
15 7 6 3 0
15 7 6 4 0
15 7 6 5 0
15 7 6 6 0
15 7 6 7 0
15 7 6 8 0
15 7 6 9 0
15 7 6 10 0
15 7 6 11 0
15 7 6 12 0
15 7 6 13 0
15 7 6 14 0
15 7 6 15 0
15 7 7 0 0
15 7 7 1 0
15 7 7 2 0
15 7 7 3 0
15 7 7 4 0
15 7 7 5 0
15 7 7 6 0
15 7 7 7 0
15 7 7 8 0
15 7 7 9 0
15 7 7 10 0
15 7 7 11 0
15 7 7 12 0
15 7 7 13 0
15 7 7 14 0
15 7 7 15 0
15 7 8 0 0
15 7 8 1 0
15 7 8 2 0
15 7 8 3 0
15 7 8 4 0
15 7 8 5 0
15 7 8 6 0
15 7 8 7 0
15 7 8 8 0
15 7 8 9 0
15 7 8 10 0
15 7 8 11 0
15 7 8 12 0
15 7 8 13 0
15 7 8 14 0
15 7 8 15 0
15 7 9 0 0
15 7 9 1 0
15 7 9 2 0
15 7 9 3 0
15 7 9 4 0
15 7 9 5 0
15 7 9 6 0
15 7 9 7 0
15 7 9 8 0
15 7 9 9 0
15 7 9 10 0
15 7 9 11 0
15 7 9 12 0
15 7 9 13 0
15 7 9 14 0
15 7 9 15 0
15 7 10 0 0
15 7 10 1 0
15 7 10 2 0
15 7 10 3 0
15 7 10 4 0
15 7 10 5 0
15 7 10 6 0
15 7 10 7 0
15 7 10 8 0
15 7 10 9 0
15 7 10 10 0
15 7 10 11 0
15 7 10 12 0
15 7 10 13 0
15 7 10 14 0
15 7 10 15 0
15 7 11 0 0
15 7 11 1 0
15 7 11 2 0
15 7 11 3 0
15 7 11 4 0
15 7 11 5 0
15 7 11 6 0
15 7 11 7 0
15 7 11 8 0
15 7 11 9 0
15 7 11 10 0
15 7 11 11 0
15 7 11 12 0
15 7 11 13 0
15 7 11 14 0
15 7 11 15 0
15 7 12 0 0
15 7 12 1 0
15 7 12 2 0
15 7 12 3 0
15 7 12 4 0
15 7 12 5 0
15 7 12 6 0
15 7 12 7 0
15 7 12 8 0
15 7 12 9 0
15 7 12 10 0
15 7 12 11 0
15 7 12 12 0
15 7 12 13 0
15 7 12 14 0
15 7 12 15 0
15 7 13 0 0
15 7 13 1 0
15 7 13 2 0
15 7 13 3 0
15 7 13 4 0
15 7 13 5 0
15 7 13 6 0
15 7 13 7 0
15 7 13 8 0
15 7 13 9 0
15 7 13 10 0
15 7 13 11 0
15 7 13 12 0
15 7 13 13 0
15 7 13 14 0
15 7 13 15 0
15 7 14 0 0
15 7 14 1 0
15 7 14 2 0
15 7 14 3 0
15 7 14 4 0
15 7 14 5 0
15 7 14 6 0
15 7 14 7 0
15 7 14 8 0
15 7 14 9 0
15 7 14 10 0
15 7 14 11 0
15 7 14 12 0
15 7 14 13 0
15 7 14 14 0
15 7 14 15 0
15 7 15 0 0
15 7 15 1 0
15 7 15 2 0
15 7 15 3 0
15 7 15 4 0
15 7 15 5 0
15 7 15 6 0
15 7 15 7 0
15 7 15 8 0
15 7 15 9 0
15 7 15 10 0
15 7 15 11 0
15 7 15 12 0
15 7 15 13 0
15 7 15 14 0
15 7 15 15 0
15 8 0 0 0
15 8 0 1 0
15 8 0 2 0
15 8 0 3 0
15 8 0 4 0
15 8 0 5 0
15 8 0 6 0
15 8 0 7 0
15 8 0 8 0
15 8 0 9 0
15 8 0 10 0
15 8 0 11 0
15 8 0 12 0
15 8 0 13 0
15 8 0 14 0
15 8 0 15 0
15 8 1 0 0
15 8 1 1 0
15 8 1 2 0
15 8 1 3 0
15 8 1 4 0
15 8 1 5 0
15 8 1 6 0
15 8 1 7 0
15 8 1 8 0
15 8 1 9 0
15 8 1 10 0
15 8 1 11 0
15 8 1 12 0
15 8 1 13 0
15 8 1 14 0
15 8 1 15 0
15 8 2 0 0
15 8 2 1 0
15 8 2 2 0
15 8 2 3 0
15 8 2 4 0
15 8 2 5 0
15 8 2 6 0
15 8 2 7 0
15 8 2 8 0
15 8 2 9 0
15 8 2 10 0
15 8 2 11 0
15 8 2 12 0
15 8 2 13 0
15 8 2 14 0
15 8 2 15 0
15 8 3 0 0
15 8 3 1 0
15 8 3 2 0
15 8 3 3 0
15 8 3 4 0
15 8 3 5 0
15 8 3 6 0
15 8 3 7 0
15 8 3 8 0
15 8 3 9 0
15 8 3 10 0
15 8 3 11 0
15 8 3 12 0
15 8 3 13 0
15 8 3 14 0
15 8 3 15 0
15 8 4 0 0
15 8 4 1 0
15 8 4 2 0
15 8 4 3 0
15 8 4 4 0
15 8 4 5 0
15 8 4 6 0
15 8 4 7 0
15 8 4 8 0
15 8 4 9 0
15 8 4 10 0
15 8 4 11 0
15 8 4 12 0
15 8 4 13 0
15 8 4 14 0
15 8 4 15 0
15 8 5 0 0
15 8 5 1 0
15 8 5 2 0
15 8 5 3 0
15 8 5 4 0
15 8 5 5 0
15 8 5 6 0
15 8 5 7 0
15 8 5 8 0
15 8 5 9 0
15 8 5 10 0
15 8 5 11 0
15 8 5 12 0
15 8 5 13 0
15 8 5 14 0
15 8 5 15 0
15 8 6 0 0
15 8 6 1 0
15 8 6 2 0
15 8 6 3 0
15 8 6 4 0
15 8 6 5 0
15 8 6 6 0
15 8 6 7 0
15 8 6 8 0
15 8 6 9 0
15 8 6 10 0
15 8 6 11 0
15 8 6 12 0
15 8 6 13 0
15 8 6 14 0
15 8 6 15 0
15 8 7 0 0
15 8 7 1 0
15 8 7 2 0
15 8 7 3 0
15 8 7 4 0
15 8 7 5 0
15 8 7 6 0
15 8 7 7 0
15 8 7 8 0
15 8 7 9 0
15 8 7 10 0
15 8 7 11 0
15 8 7 12 0
15 8 7 13 0
15 8 7 14 0
15 8 7 15 0
15 8 8 0 0
15 8 8 1 0
15 8 8 2 0
15 8 8 3 0
15 8 8 4 0
15 8 8 5 0
15 8 8 6 0
15 8 8 7 0
15 8 8 8 0
15 8 8 9 0
15 8 8 10 0
15 8 8 11 0
15 8 8 12 0
15 8 8 13 0
15 8 8 14 0
15 8 8 15 0
15 8 9 0 0
15 8 9 1 0
15 8 9 2 0
15 8 9 3 0
15 8 9 4 0
15 8 9 5 0
15 8 9 6 0
15 8 9 7 0
15 8 9 8 0
15 8 9 9 0
15 8 9 10 0
15 8 9 11 0
15 8 9 12 0
15 8 9 13 0
15 8 9 14 0
15 8 9 15 0
15 8 10 0 0
15 8 10 1 0
15 8 10 2 0
15 8 10 3 0
15 8 10 4 0
15 8 10 5 0
15 8 10 6 0
15 8 10 7 0
15 8 10 8 0
15 8 10 9 0
15 8 10 10 0
15 8 10 11 0
15 8 10 12 0
15 8 10 13 0
15 8 10 14 0
15 8 10 15 0
15 8 11 0 0
15 8 11 1 0
15 8 11 2 0
15 8 11 3 0
15 8 11 4 0
15 8 11 5 0
15 8 11 6 0
15 8 11 7 0
15 8 11 8 0
15 8 11 9 0
15 8 11 10 0
15 8 11 11 0
15 8 11 12 0
15 8 11 13 0
15 8 11 14 0
15 8 11 15 0
15 8 12 0 0
15 8 12 1 0
15 8 12 2 0
15 8 12 3 0
15 8 12 4 0
15 8 12 5 0
15 8 12 6 0
15 8 12 7 0
15 8 12 8 0
15 8 12 9 0
15 8 12 10 0
15 8 12 11 0
15 8 12 12 0
15 8 12 13 0
15 8 12 14 0
15 8 12 15 0
15 8 13 0 0
15 8 13 1 0
15 8 13 2 0
15 8 13 3 0
15 8 13 4 0
15 8 13 5 0
15 8 13 6 0
15 8 13 7 0
15 8 13 8 0
15 8 13 9 0
15 8 13 10 0
15 8 13 11 0
15 8 13 12 0
15 8 13 13 0
15 8 13 14 0
15 8 13 15 0
15 8 14 0 0
15 8 14 1 0
15 8 14 2 0
15 8 14 3 0
15 8 14 4 0
15 8 14 5 0
15 8 14 6 0
15 8 14 7 0
15 8 14 8 0
15 8 14 9 0
15 8 14 10 0
15 8 14 11 0
15 8 14 12 0
15 8 14 13 0
15 8 14 14 0
15 8 14 15 0
15 8 15 0 0
15 8 15 1 0
15 8 15 2 0
15 8 15 3 0
15 8 15 4 0
15 8 15 5 0
15 8 15 6 0
15 8 15 7 0
15 8 15 8 0
15 8 15 9 0
15 8 15 10 0
15 8 15 11 0
15 8 15 12 0
15 8 15 13 0
15 8 15 14 0
15 8 15 15 0
15 9 0 0 0
15 9 0 1 0
15 9 0 2 0
15 9 0 3 0
15 9 0 4 0
15 9 0 5 0
15 9 0 6 0
15 9 0 7 0
15 9 0 8 0
15 9 0 9 0
15 9 0 10 0
15 9 0 11 0
15 9 0 12 0
15 9 0 13 0
15 9 0 14 0
15 9 0 15 0
15 9 1 0 0
15 9 1 1 0
15 9 1 2 0
15 9 1 3 0
15 9 1 4 0
15 9 1 5 0
15 9 1 6 0
15 9 1 7 0
15 9 1 8 0
15 9 1 9 0
15 9 1 10 0
15 9 1 11 0
15 9 1 12 0
15 9 1 13 0
15 9 1 14 0
15 9 1 15 0
15 9 2 0 0
15 9 2 1 0
15 9 2 2 0
15 9 2 3 0
15 9 2 4 0
15 9 2 5 0
15 9 2 6 0
15 9 2 7 0
15 9 2 8 0
15 9 2 9 0
15 9 2 10 0
15 9 2 11 0
15 9 2 12 0
15 9 2 13 0
15 9 2 14 0
15 9 2 15 0
15 9 3 0 0
15 9 3 1 0
15 9 3 2 0
15 9 3 3 0
15 9 3 4 0
15 9 3 5 0
15 9 3 6 0
15 9 3 7 0
15 9 3 8 0
15 9 3 9 0
15 9 3 10 0
15 9 3 11 0
15 9 3 12 0
15 9 3 13 0
15 9 3 14 0
15 9 3 15 0
15 9 4 0 0
15 9 4 1 0
15 9 4 2 0
15 9 4 3 0
15 9 4 4 0
15 9 4 5 0
15 9 4 6 0
15 9 4 7 0
15 9 4 8 0
15 9 4 9 0
15 9 4 10 0
15 9 4 11 0
15 9 4 12 0
15 9 4 13 0
15 9 4 14 0
15 9 4 15 0
15 9 5 0 0
15 9 5 1 0
15 9 5 2 0
15 9 5 3 0
15 9 5 4 0
15 9 5 5 0
15 9 5 6 0
15 9 5 7 0
15 9 5 8 0
15 9 5 9 0
15 9 5 10 0
15 9 5 11 0
15 9 5 12 0
15 9 5 13 0
15 9 5 14 0
15 9 5 15 0
15 9 6 0 0
15 9 6 1 0
15 9 6 2 0
15 9 6 3 0
15 9 6 4 0
15 9 6 5 0
15 9 6 6 0
15 9 6 7 0
15 9 6 8 0
15 9 6 9 0
15 9 6 10 0
15 9 6 11 0
15 9 6 12 0
15 9 6 13 0
15 9 6 14 0
15 9 6 15 0
15 9 7 0 0
15 9 7 1 0
15 9 7 2 0
15 9 7 3 0
15 9 7 4 0
15 9 7 5 0
15 9 7 6 0
15 9 7 7 0
15 9 7 8 0
15 9 7 9 0
15 9 7 10 0
15 9 7 11 0
15 9 7 12 0
15 9 7 13 0
15 9 7 14 0
15 9 7 15 0
15 9 8 0 0
15 9 8 1 0
15 9 8 2 0
15 9 8 3 0
15 9 8 4 0
15 9 8 5 0
15 9 8 6 0
15 9 8 7 0
15 9 8 8 0
15 9 8 9 0
15 9 8 10 0
15 9 8 11 0
15 9 8 12 0
15 9 8 13 0
15 9 8 14 0
15 9 8 15 0
15 9 9 0 0
15 9 9 1 0
15 9 9 2 0
15 9 9 3 0
15 9 9 4 0
15 9 9 5 0
15 9 9 6 0
15 9 9 7 0
15 9 9 8 0
15 9 9 9 0
15 9 9 10 0
15 9 9 11 0
15 9 9 12 0
15 9 9 13 0
15 9 9 14 0
15 9 9 15 0
15 9 10 0 0
15 9 10 1 0
15 9 10 2 0
15 9 10 3 0
15 9 10 4 0
15 9 10 5 0
15 9 10 6 0
15 9 10 7 0
15 9 10 8 0
15 9 10 9 0
15 9 10 10 0
15 9 10 11 0
15 9 10 12 0
15 9 10 13 0
15 9 10 14 0
15 9 10 15 0
15 9 11 0 0
15 9 11 1 0
15 9 11 2 0
15 9 11 3 0
15 9 11 4 0
15 9 11 5 0
15 9 11 6 0
15 9 11 7 0
15 9 11 8 0
15 9 11 9 0
15 9 11 10 0
15 9 11 11 0
15 9 11 12 0
15 9 11 13 0
15 9 11 14 0
15 9 11 15 0
15 9 12 0 0
15 9 12 1 0
15 9 12 2 0
15 9 12 3 0
15 9 12 4 0
15 9 12 5 0
15 9 12 6 0
15 9 12 7 0
15 9 12 8 0
15 9 12 9 0
15 9 12 10 0
15 9 12 11 0
15 9 12 12 0
15 9 12 13 0
15 9 12 14 0
15 9 12 15 0
15 9 13 0 0
15 9 13 1 0
15 9 13 2 0
15 9 13 3 0
15 9 13 4 0
15 9 13 5 0
15 9 13 6 0
15 9 13 7 0
15 9 13 8 0
15 9 13 9 0
15 9 13 10 0
15 9 13 11 0
15 9 13 12 0
15 9 13 13 0
15 9 13 14 0
15 9 13 15 0
15 9 14 0 0
15 9 14 1 0
15 9 14 2 0
15 9 14 3 0
15 9 14 4 0
15 9 14 5 0
15 9 14 6 0
15 9 14 7 0
15 9 14 8 0
15 9 14 9 0
15 9 14 10 0
15 9 14 11 0
15 9 14 12 0
15 9 14 13 0
15 9 14 14 0
15 9 14 15 0
15 9 15 0 0
15 9 15 1 0
15 9 15 2 0
15 9 15 3 0
15 9 15 4 0
15 9 15 5 0
15 9 15 6 0
15 9 15 7 0
15 9 15 8 0
15 9 15 9 0
15 9 15 10 0
15 9 15 11 0
15 9 15 12 0
15 9 15 13 0
15 9 15 14 0
15 9 15 15 0
15 10 0 0 0
15 10 0 1 0
15 10 0 2 0
15 10 0 3 0
15 10 0 4 0
15 10 0 5 0
15 10 0 6 0
15 10 0 7 0
15 10 0 8 0
15 10 0 9 0
15 10 0 10 0
15 10 0 11 0
15 10 0 12 0
15 10 0 13 0
15 10 0 14 0
15 10 0 15 0
15 10 1 0 0
15 10 1 1 0
15 10 1 2 0
15 10 1 3 0
15 10 1 4 0
15 10 1 5 0
15 10 1 6 0
15 10 1 7 0
15 10 1 8 0
15 10 1 9 0
15 10 1 10 0
15 10 1 11 0
15 10 1 12 0
15 10 1 13 0
15 10 1 14 0
15 10 1 15 0
15 10 2 0 0
15 10 2 1 0
15 10 2 2 0
15 10 2 3 0
15 10 2 4 0
15 10 2 5 0
15 10 2 6 0
15 10 2 7 0
15 10 2 8 0
15 10 2 9 0
15 10 2 10 0
15 10 2 11 0
15 10 2 12 0
15 10 2 13 0
15 10 2 14 0
15 10 2 15 0
15 10 3 0 0
15 10 3 1 0
15 10 3 2 0
15 10 3 3 0
15 10 3 4 0
15 10 3 5 0
15 10 3 6 0
15 10 3 7 0
15 10 3 8 0
15 10 3 9 0
15 10 3 10 0
15 10 3 11 0
15 10 3 12 0
15 10 3 13 0
15 10 3 14 0
15 10 3 15 0
15 10 4 0 0
15 10 4 1 0
15 10 4 2 0
15 10 4 3 0
15 10 4 4 0
15 10 4 5 0
15 10 4 6 0
15 10 4 7 0
15 10 4 8 0
15 10 4 9 0
15 10 4 10 0
15 10 4 11 0
15 10 4 12 0
15 10 4 13 0
15 10 4 14 0
15 10 4 15 0
15 10 5 0 0
15 10 5 1 0
15 10 5 2 0
15 10 5 3 0
15 10 5 4 0
15 10 5 5 0
15 10 5 6 0
15 10 5 7 0
15 10 5 8 0
15 10 5 9 0
15 10 5 10 0
15 10 5 11 0
15 10 5 12 0
15 10 5 13 0
15 10 5 14 0
15 10 5 15 0
15 10 6 0 0
15 10 6 1 0
15 10 6 2 0
15 10 6 3 0
15 10 6 4 0
15 10 6 5 0
15 10 6 6 0
15 10 6 7 0
15 10 6 8 0
15 10 6 9 0
15 10 6 10 0
15 10 6 11 0
15 10 6 12 0
15 10 6 13 0
15 10 6 14 0
15 10 6 15 0
15 10 7 0 0
15 10 7 1 0
15 10 7 2 0
15 10 7 3 0
15 10 7 4 0
15 10 7 5 0
15 10 7 6 0
15 10 7 7 0
15 10 7 8 0
15 10 7 9 0
15 10 7 10 0
15 10 7 11 0
15 10 7 12 0
15 10 7 13 0
15 10 7 14 0
15 10 7 15 0
15 10 8 0 0
15 10 8 1 0
15 10 8 2 0
15 10 8 3 0
15 10 8 4 0
15 10 8 5 0
15 10 8 6 0
15 10 8 7 0
15 10 8 8 0
15 10 8 9 0
15 10 8 10 0
15 10 8 11 0
15 10 8 12 0
15 10 8 13 0
15 10 8 14 0
15 10 8 15 0
15 10 9 0 0
15 10 9 1 0
15 10 9 2 0
15 10 9 3 0
15 10 9 4 0
15 10 9 5 0
15 10 9 6 0
15 10 9 7 0
15 10 9 8 0
15 10 9 9 0
15 10 9 10 0
15 10 9 11 0
15 10 9 12 0
15 10 9 13 0
15 10 9 14 0
15 10 9 15 0
15 10 10 0 0
15 10 10 1 0
15 10 10 2 0
15 10 10 3 0
15 10 10 4 0
15 10 10 5 0
15 10 10 6 0
15 10 10 7 0
15 10 10 8 0
15 10 10 9 0
15 10 10 10 0
15 10 10 11 0
15 10 10 12 0
15 10 10 13 0
15 10 10 14 0
15 10 10 15 0
15 10 11 0 0
15 10 11 1 0
15 10 11 2 0
15 10 11 3 0
15 10 11 4 0
15 10 11 5 0
15 10 11 6 0
15 10 11 7 0
15 10 11 8 0
15 10 11 9 0
15 10 11 10 0
15 10 11 11 0
15 10 11 12 0
15 10 11 13 0
15 10 11 14 0
15 10 11 15 0
15 10 12 0 0
15 10 12 1 0
15 10 12 2 0
15 10 12 3 0
15 10 12 4 0
15 10 12 5 0
15 10 12 6 0
15 10 12 7 0
15 10 12 8 0
15 10 12 9 0
15 10 12 10 0
15 10 12 11 0
15 10 12 12 0
15 10 12 13 0
15 10 12 14 0
15 10 12 15 0
15 10 13 0 0
15 10 13 1 0
15 10 13 2 0
15 10 13 3 0
15 10 13 4 0
15 10 13 5 0
15 10 13 6 0
15 10 13 7 0
15 10 13 8 0
15 10 13 9 0
15 10 13 10 0
15 10 13 11 0
15 10 13 12 0
15 10 13 13 0
15 10 13 14 0
15 10 13 15 0
15 10 14 0 0
15 10 14 1 0
15 10 14 2 0
15 10 14 3 0
15 10 14 4 0
15 10 14 5 0
15 10 14 6 0
15 10 14 7 0
15 10 14 8 0
15 10 14 9 0
15 10 14 10 0
15 10 14 11 0
15 10 14 12 0
15 10 14 13 0
15 10 14 14 0
15 10 14 15 0
15 10 15 0 0
15 10 15 1 0
15 10 15 2 0
15 10 15 3 0
15 10 15 4 0
15 10 15 5 0
15 10 15 6 0
15 10 15 7 0
15 10 15 8 0
15 10 15 9 0
15 10 15 10 0
15 10 15 11 0
15 10 15 12 0
15 10 15 13 0
15 10 15 14 0
15 10 15 15 0
15 11 0 0 0
15 11 0 1 0
15 11 0 2 0
15 11 0 3 0
15 11 0 4 0
15 11 0 5 0
15 11 0 6 0
15 11 0 7 0
15 11 0 8 0
15 11 0 9 0
15 11 0 10 0
15 11 0 11 0
15 11 0 12 0
15 11 0 13 0
15 11 0 14 0
15 11 0 15 0
15 11 1 0 0
15 11 1 1 0
15 11 1 2 0
15 11 1 3 0
15 11 1 4 0
15 11 1 5 0
15 11 1 6 0
15 11 1 7 0
15 11 1 8 0
15 11 1 9 0
15 11 1 10 0
15 11 1 11 0
15 11 1 12 0
15 11 1 13 0
15 11 1 14 0
15 11 1 15 0
15 11 2 0 0
15 11 2 1 0
15 11 2 2 0
15 11 2 3 0
15 11 2 4 0
15 11 2 5 0
15 11 2 6 0
15 11 2 7 0
15 11 2 8 0
15 11 2 9 0
15 11 2 10 0
15 11 2 11 0
15 11 2 12 0
15 11 2 13 0
15 11 2 14 0
15 11 2 15 0
15 11 3 0 0
15 11 3 1 0
15 11 3 2 0
15 11 3 3 0
15 11 3 4 0
15 11 3 5 0
15 11 3 6 0
15 11 3 7 0
15 11 3 8 0
15 11 3 9 0
15 11 3 10 0
15 11 3 11 0
15 11 3 12 0
15 11 3 13 0
15 11 3 14 0
15 11 3 15 0
15 11 4 0 0
15 11 4 1 0
15 11 4 2 0
15 11 4 3 0
15 11 4 4 0
15 11 4 5 0
15 11 4 6 0
15 11 4 7 0
15 11 4 8 0
15 11 4 9 0
15 11 4 10 0
15 11 4 11 0
15 11 4 12 0
15 11 4 13 0
15 11 4 14 0
15 11 4 15 0
15 11 5 0 0
15 11 5 1 0
15 11 5 2 0
15 11 5 3 0
15 11 5 4 0
15 11 5 5 0
15 11 5 6 0
15 11 5 7 0
15 11 5 8 0
15 11 5 9 0
15 11 5 10 0
15 11 5 11 0
15 11 5 12 0
15 11 5 13 0
15 11 5 14 0
15 11 5 15 0
15 11 6 0 0
15 11 6 1 0
15 11 6 2 0
15 11 6 3 0
15 11 6 4 0
15 11 6 5 0
15 11 6 6 0
15 11 6 7 0
15 11 6 8 0
15 11 6 9 0
15 11 6 10 0
15 11 6 11 0
15 11 6 12 0
15 11 6 13 0
15 11 6 14 0
15 11 6 15 0
15 11 7 0 0
15 11 7 1 0
15 11 7 2 0
15 11 7 3 0
15 11 7 4 0
15 11 7 5 0
15 11 7 6 0
15 11 7 7 0
15 11 7 8 0
15 11 7 9 0
15 11 7 10 0
15 11 7 11 0
15 11 7 12 0
15 11 7 13 0
15 11 7 14 0
15 11 7 15 0
15 11 8 0 0
15 11 8 1 0
15 11 8 2 0
15 11 8 3 0
15 11 8 4 0
15 11 8 5 0
15 11 8 6 0
15 11 8 7 0
15 11 8 8 0
15 11 8 9 0
15 11 8 10 0
15 11 8 11 0
15 11 8 12 0
15 11 8 13 0
15 11 8 14 0
15 11 8 15 0
15 11 9 0 0
15 11 9 1 0
15 11 9 2 0
15 11 9 3 0
15 11 9 4 0
15 11 9 5 0
15 11 9 6 0
15 11 9 7 0
15 11 9 8 0
15 11 9 9 0
15 11 9 10 0
15 11 9 11 0
15 11 9 12 0
15 11 9 13 0
15 11 9 14 0
15 11 9 15 0
15 11 10 0 0
15 11 10 1 0
15 11 10 2 0
15 11 10 3 0
15 11 10 4 0
15 11 10 5 0
15 11 10 6 0
15 11 10 7 0
15 11 10 8 0
15 11 10 9 0
15 11 10 10 0
15 11 10 11 0
15 11 10 12 0
15 11 10 13 0
15 11 10 14 0
15 11 10 15 0
15 11 11 0 0
15 11 11 1 0
15 11 11 2 0
15 11 11 3 0
15 11 11 4 0
15 11 11 5 0
15 11 11 6 0
15 11 11 7 0
15 11 11 8 0
15 11 11 9 0
15 11 11 10 0
15 11 11 11 0
15 11 11 12 0
15 11 11 13 0
15 11 11 14 0
15 11 11 15 0
15 11 12 0 0
15 11 12 1 0
15 11 12 2 0
15 11 12 3 0
15 11 12 4 0
15 11 12 5 0
15 11 12 6 0
15 11 12 7 0
15 11 12 8 0
15 11 12 9 0
15 11 12 10 0
15 11 12 11 0
15 11 12 12 0
15 11 12 13 0
15 11 12 14 0
15 11 12 15 0
15 11 13 0 0
15 11 13 1 0
15 11 13 2 0
15 11 13 3 0
15 11 13 4 0
15 11 13 5 0
15 11 13 6 0
15 11 13 7 0
15 11 13 8 0
15 11 13 9 0
15 11 13 10 0
15 11 13 11 0
15 11 13 12 0
15 11 13 13 0
15 11 13 14 0
15 11 13 15 0
15 11 14 0 0
15 11 14 1 0
15 11 14 2 0
15 11 14 3 0
15 11 14 4 0
15 11 14 5 0
15 11 14 6 0
15 11 14 7 0
15 11 14 8 0
15 11 14 9 0
15 11 14 10 0
15 11 14 11 0
15 11 14 12 0
15 11 14 13 0
15 11 14 14 0
15 11 14 15 0
15 11 15 0 0
15 11 15 1 0
15 11 15 2 0
15 11 15 3 0
15 11 15 4 0
15 11 15 5 0
15 11 15 6 0
15 11 15 7 0
15 11 15 8 0
15 11 15 9 0
15 11 15 10 0
15 11 15 11 0
15 11 15 12 0
15 11 15 13 0
15 11 15 14 0
15 11 15 15 0
15 12 0 0 0
15 12 0 1 0
15 12 0 2 0
15 12 0 3 0
15 12 0 4 0
15 12 0 5 0
15 12 0 6 0
15 12 0 7 0
15 12 0 8 0
15 12 0 9 0
15 12 0 10 0
15 12 0 11 0
15 12 0 12 0
15 12 0 13 0
15 12 0 14 0
15 12 0 15 0
15 12 1 0 0
15 12 1 1 0
15 12 1 2 0
15 12 1 3 0
15 12 1 4 0
15 12 1 5 0
15 12 1 6 0
15 12 1 7 0
15 12 1 8 0
15 12 1 9 0
15 12 1 10 0
15 12 1 11 0
15 12 1 12 0
15 12 1 13 0
15 12 1 14 0
15 12 1 15 0
15 12 2 0 0
15 12 2 1 0
15 12 2 2 0
15 12 2 3 0
15 12 2 4 0
15 12 2 5 0
15 12 2 6 0
15 12 2 7 0
15 12 2 8 0
15 12 2 9 0
15 12 2 10 0
15 12 2 11 0
15 12 2 12 0
15 12 2 13 0
15 12 2 14 0
15 12 2 15 0
15 12 3 0 0
15 12 3 1 0
15 12 3 2 0
15 12 3 3 0
15 12 3 4 0
15 12 3 5 0
15 12 3 6 0
15 12 3 7 0
15 12 3 8 0
15 12 3 9 0
15 12 3 10 0
15 12 3 11 0
15 12 3 12 0
15 12 3 13 0
15 12 3 14 0
15 12 3 15 0
15 12 4 0 0
15 12 4 1 0
15 12 4 2 0
15 12 4 3 0
15 12 4 4 0
15 12 4 5 0
15 12 4 6 0
15 12 4 7 0
15 12 4 8 0
15 12 4 9 0
15 12 4 10 0
15 12 4 11 0
15 12 4 12 0
15 12 4 13 0
15 12 4 14 0
15 12 4 15 0
15 12 5 0 0
15 12 5 1 0
15 12 5 2 0
15 12 5 3 0
15 12 5 4 0
15 12 5 5 0
15 12 5 6 0
15 12 5 7 0
15 12 5 8 0
15 12 5 9 0
15 12 5 10 0
15 12 5 11 0
15 12 5 12 0
15 12 5 13 0
15 12 5 14 0
15 12 5 15 0
15 12 6 0 0
15 12 6 1 0
15 12 6 2 0
15 12 6 3 0
15 12 6 4 0
15 12 6 5 0
15 12 6 6 0
15 12 6 7 0
15 12 6 8 0
15 12 6 9 0
15 12 6 10 0
15 12 6 11 0
15 12 6 12 0
15 12 6 13 0
15 12 6 14 0
15 12 6 15 0
15 12 7 0 0
15 12 7 1 0
15 12 7 2 0
15 12 7 3 0
15 12 7 4 0
15 12 7 5 0
15 12 7 6 0
15 12 7 7 0
15 12 7 8 0
15 12 7 9 0
15 12 7 10 0
15 12 7 11 0
15 12 7 12 0
15 12 7 13 0
15 12 7 14 0
15 12 7 15 0
15 12 8 0 0
15 12 8 1 0
15 12 8 2 0
15 12 8 3 0
15 12 8 4 0
15 12 8 5 0
15 12 8 6 0
15 12 8 7 0
15 12 8 8 0
15 12 8 9 0
15 12 8 10 0
15 12 8 11 0
15 12 8 12 0
15 12 8 13 0
15 12 8 14 0
15 12 8 15 0
15 12 9 0 0
15 12 9 1 0
15 12 9 2 0
15 12 9 3 0
15 12 9 4 0
15 12 9 5 0
15 12 9 6 0
15 12 9 7 0
15 12 9 8 0
15 12 9 9 0
15 12 9 10 0
15 12 9 11 0
15 12 9 12 0
15 12 9 13 0
15 12 9 14 0
15 12 9 15 0
15 12 10 0 0
15 12 10 1 0
15 12 10 2 0
15 12 10 3 0
15 12 10 4 0
15 12 10 5 0
15 12 10 6 0
15 12 10 7 0
15 12 10 8 0
15 12 10 9 0
15 12 10 10 0
15 12 10 11 0
15 12 10 12 0
15 12 10 13 0
15 12 10 14 0
15 12 10 15 0
15 12 11 0 0
15 12 11 1 0
15 12 11 2 0
15 12 11 3 0
15 12 11 4 0
15 12 11 5 0
15 12 11 6 0
15 12 11 7 0
15 12 11 8 0
15 12 11 9 0
15 12 11 10 0
15 12 11 11 0
15 12 11 12 0
15 12 11 13 0
15 12 11 14 0
15 12 11 15 0
15 12 12 0 0
15 12 12 1 0
15 12 12 2 0
15 12 12 3 0
15 12 12 4 0
15 12 12 5 0
15 12 12 6 0
15 12 12 7 0
15 12 12 8 0
15 12 12 9 0
15 12 12 10 0
15 12 12 11 0
15 12 12 12 0
15 12 12 13 0
15 12 12 14 0
15 12 12 15 0
15 12 13 0 0
15 12 13 1 0
15 12 13 2 0
15 12 13 3 0
15 12 13 4 0
15 12 13 5 0
15 12 13 6 0
15 12 13 7 0
15 12 13 8 0
15 12 13 9 0
15 12 13 10 0
15 12 13 11 0
15 12 13 12 0
15 12 13 13 0
15 12 13 14 0
15 12 13 15 0
15 12 14 0 0
15 12 14 1 0
15 12 14 2 0
15 12 14 3 0
15 12 14 4 0
15 12 14 5 0
15 12 14 6 0
15 12 14 7 0
15 12 14 8 0
15 12 14 9 0
15 12 14 10 0
15 12 14 11 0
15 12 14 12 0
15 12 14 13 0
15 12 14 14 0
15 12 14 15 0
15 12 15 0 0
15 12 15 1 0
15 12 15 2 0
15 12 15 3 0
15 12 15 4 0
15 12 15 5 0
15 12 15 6 0
15 12 15 7 0
15 12 15 8 0
15 12 15 9 0
15 12 15 10 0
15 12 15 11 0
15 12 15 12 0
15 12 15 13 0
15 12 15 14 0
15 12 15 15 0
15 13 0 0 0
15 13 0 1 0
15 13 0 2 0
15 13 0 3 0
15 13 0 4 0
15 13 0 5 0
15 13 0 6 0
15 13 0 7 0
15 13 0 8 0
15 13 0 9 0
15 13 0 10 0
15 13 0 11 0
15 13 0 12 0
15 13 0 13 0
15 13 0 14 0
15 13 0 15 0
15 13 1 0 0
15 13 1 1 0
15 13 1 2 0
15 13 1 3 0
15 13 1 4 0
15 13 1 5 0
15 13 1 6 0
15 13 1 7 0
15 13 1 8 0
15 13 1 9 0
15 13 1 10 0
15 13 1 11 0
15 13 1 12 0
15 13 1 13 0
15 13 1 14 0
15 13 1 15 0
15 13 2 0 0
15 13 2 1 0
15 13 2 2 0
15 13 2 3 0
15 13 2 4 0
15 13 2 5 0
15 13 2 6 0
15 13 2 7 0
15 13 2 8 0
15 13 2 9 0
15 13 2 10 0
15 13 2 11 0
15 13 2 12 0
15 13 2 13 0
15 13 2 14 0
15 13 2 15 0
15 13 3 0 0
15 13 3 1 0
15 13 3 2 0
15 13 3 3 0
15 13 3 4 0
15 13 3 5 0
15 13 3 6 0
15 13 3 7 0
15 13 3 8 0
15 13 3 9 0
15 13 3 10 0
15 13 3 11 0
15 13 3 12 0
15 13 3 13 0
15 13 3 14 0
15 13 3 15 0
15 13 4 0 0
15 13 4 1 0
15 13 4 2 0
15 13 4 3 0
15 13 4 4 0
15 13 4 5 0
15 13 4 6 0
15 13 4 7 0
15 13 4 8 0
15 13 4 9 0
15 13 4 10 0
15 13 4 11 0
15 13 4 12 0
15 13 4 13 0
15 13 4 14 0
15 13 4 15 0
15 13 5 0 0
15 13 5 1 0
15 13 5 2 0
15 13 5 3 0
15 13 5 4 0
15 13 5 5 0
15 13 5 6 0
15 13 5 7 0
15 13 5 8 0
15 13 5 9 0
15 13 5 10 0
15 13 5 11 0
15 13 5 12 0
15 13 5 13 0
15 13 5 14 0
15 13 5 15 0
15 13 6 0 0
15 13 6 1 0
15 13 6 2 0
15 13 6 3 0
15 13 6 4 0
15 13 6 5 0
15 13 6 6 0
15 13 6 7 0
15 13 6 8 0
15 13 6 9 0
15 13 6 10 0
15 13 6 11 0
15 13 6 12 0
15 13 6 13 0
15 13 6 14 0
15 13 6 15 0
15 13 7 0 0
15 13 7 1 0
15 13 7 2 0
15 13 7 3 0
15 13 7 4 0
15 13 7 5 0
15 13 7 6 0
15 13 7 7 0
15 13 7 8 0
15 13 7 9 0
15 13 7 10 0
15 13 7 11 0
15 13 7 12 0
15 13 7 13 0
15 13 7 14 0
15 13 7 15 0
15 13 8 0 0
15 13 8 1 0
15 13 8 2 0
15 13 8 3 0
15 13 8 4 0
15 13 8 5 0
15 13 8 6 0
15 13 8 7 0
15 13 8 8 0
15 13 8 9 0
15 13 8 10 0
15 13 8 11 0
15 13 8 12 0
15 13 8 13 0
15 13 8 14 0
15 13 8 15 0
15 13 9 0 0
15 13 9 1 0
15 13 9 2 0
15 13 9 3 0
15 13 9 4 0
15 13 9 5 0
15 13 9 6 0
15 13 9 7 0
15 13 9 8 0
15 13 9 9 0
15 13 9 10 0
15 13 9 11 0
15 13 9 12 0
15 13 9 13 0
15 13 9 14 0
15 13 9 15 0
15 13 10 0 0
15 13 10 1 0
15 13 10 2 0
15 13 10 3 0
15 13 10 4 0
15 13 10 5 0
15 13 10 6 0
15 13 10 7 0
15 13 10 8 0
15 13 10 9 0
15 13 10 10 0
15 13 10 11 0
15 13 10 12 0
15 13 10 13 0
15 13 10 14 0
15 13 10 15 0
15 13 11 0 0
15 13 11 1 0
15 13 11 2 0
15 13 11 3 0
15 13 11 4 0
15 13 11 5 0
15 13 11 6 0
15 13 11 7 0
15 13 11 8 0
15 13 11 9 0
15 13 11 10 0
15 13 11 11 0
15 13 11 12 0
15 13 11 13 0
15 13 11 14 0
15 13 11 15 0
15 13 12 0 0
15 13 12 1 0
15 13 12 2 0
15 13 12 3 0
15 13 12 4 0
15 13 12 5 0
15 13 12 6 0
15 13 12 7 0
15 13 12 8 0
15 13 12 9 0
15 13 12 10 0
15 13 12 11 0
15 13 12 12 0
15 13 12 13 0
15 13 12 14 0
15 13 12 15 0
15 13 13 0 0
15 13 13 1 0
15 13 13 2 0
15 13 13 3 0
15 13 13 4 0
15 13 13 5 0
15 13 13 6 0
15 13 13 7 0
15 13 13 8 0
15 13 13 9 0
15 13 13 10 0
15 13 13 11 0
15 13 13 12 0
15 13 13 13 0
15 13 13 14 0
15 13 13 15 0
15 13 14 0 0
15 13 14 1 0
15 13 14 2 0
15 13 14 3 0
15 13 14 4 0
15 13 14 5 0
15 13 14 6 0
15 13 14 7 0
15 13 14 8 0
15 13 14 9 0
15 13 14 10 0
15 13 14 11 0
15 13 14 12 0
15 13 14 13 0
15 13 14 14 0
15 13 14 15 0
15 13 15 0 0
15 13 15 1 0
15 13 15 2 0
15 13 15 3 0
15 13 15 4 0
15 13 15 5 0
15 13 15 6 0
15 13 15 7 0
15 13 15 8 0
15 13 15 9 0
15 13 15 10 0
15 13 15 11 0
15 13 15 12 0
15 13 15 13 0
15 13 15 14 0
15 13 15 15 0
15 14 0 0 0
15 14 0 1 0
15 14 0 2 0
15 14 0 3 0
15 14 0 4 0
15 14 0 5 0
15 14 0 6 0
15 14 0 7 0
15 14 0 8 0
15 14 0 9 0
15 14 0 10 0
15 14 0 11 0
15 14 0 12 0
15 14 0 13 0
15 14 0 14 0
15 14 0 15 0
15 14 1 0 0
15 14 1 1 0
15 14 1 2 0
15 14 1 3 0
15 14 1 4 0
15 14 1 5 0
15 14 1 6 0
15 14 1 7 0
15 14 1 8 0
15 14 1 9 0
15 14 1 10 0
15 14 1 11 0
15 14 1 12 0
15 14 1 13 0
15 14 1 14 0
15 14 1 15 0
15 14 2 0 0
15 14 2 1 0
15 14 2 2 0
15 14 2 3 0
15 14 2 4 0
15 14 2 5 0
15 14 2 6 0
15 14 2 7 0
15 14 2 8 0
15 14 2 9 0
15 14 2 10 0
15 14 2 11 0
15 14 2 12 0
15 14 2 13 0
15 14 2 14 0
15 14 2 15 0
15 14 3 0 0
15 14 3 1 0
15 14 3 2 0
15 14 3 3 0
15 14 3 4 0
15 14 3 5 0
15 14 3 6 0
15 14 3 7 0
15 14 3 8 0
15 14 3 9 0
15 14 3 10 0
15 14 3 11 0
15 14 3 12 0
15 14 3 13 0
15 14 3 14 0
15 14 3 15 0
15 14 4 0 0
15 14 4 1 0
15 14 4 2 0
15 14 4 3 0
15 14 4 4 0
15 14 4 5 0
15 14 4 6 0
15 14 4 7 0
15 14 4 8 0
15 14 4 9 0
15 14 4 10 0
15 14 4 11 0
15 14 4 12 0
15 14 4 13 0
15 14 4 14 0
15 14 4 15 0
15 14 5 0 0
15 14 5 1 0
15 14 5 2 0
15 14 5 3 0
15 14 5 4 0
15 14 5 5 0
15 14 5 6 0
15 14 5 7 0
15 14 5 8 0
15 14 5 9 0
15 14 5 10 0
15 14 5 11 0
15 14 5 12 0
15 14 5 13 0
15 14 5 14 0
15 14 5 15 0
15 14 6 0 0
15 14 6 1 0
15 14 6 2 0
15 14 6 3 0
15 14 6 4 0
15 14 6 5 0
15 14 6 6 0
15 14 6 7 0
15 14 6 8 0
15 14 6 9 0
15 14 6 10 0
15 14 6 11 0
15 14 6 12 0
15 14 6 13 0
15 14 6 14 0
15 14 6 15 0
15 14 7 0 0
15 14 7 1 0
15 14 7 2 0
15 14 7 3 0
15 14 7 4 0
15 14 7 5 0
15 14 7 6 0
15 14 7 7 0
15 14 7 8 0
15 14 7 9 0
15 14 7 10 0
15 14 7 11 0
15 14 7 12 0
15 14 7 13 0
15 14 7 14 0
15 14 7 15 0
15 14 8 0 0
15 14 8 1 0
15 14 8 2 0
15 14 8 3 0
15 14 8 4 0
15 14 8 5 0
15 14 8 6 0
15 14 8 7 0
15 14 8 8 0
15 14 8 9 0
15 14 8 10 0
15 14 8 11 0
15 14 8 12 0
15 14 8 13 0
15 14 8 14 0
15 14 8 15 0
15 14 9 0 0
15 14 9 1 0
15 14 9 2 0
15 14 9 3 0
15 14 9 4 0
15 14 9 5 0
15 14 9 6 0
15 14 9 7 0
15 14 9 8 0
15 14 9 9 0
15 14 9 10 0
15 14 9 11 0
15 14 9 12 0
15 14 9 13 0
15 14 9 14 0
15 14 9 15 0
15 14 10 0 0
15 14 10 1 0
15 14 10 2 0
15 14 10 3 0
15 14 10 4 0
15 14 10 5 0
15 14 10 6 0
15 14 10 7 0
15 14 10 8 0
15 14 10 9 0
15 14 10 10 0
15 14 10 11 0
15 14 10 12 0
15 14 10 13 0
15 14 10 14 0
15 14 10 15 0
15 14 11 0 0
15 14 11 1 0
15 14 11 2 0
15 14 11 3 0
15 14 11 4 0
15 14 11 5 0
15 14 11 6 0
15 14 11 7 0
15 14 11 8 0
15 14 11 9 0
15 14 11 10 0
15 14 11 11 0
15 14 11 12 0
15 14 11 13 0
15 14 11 14 0
15 14 11 15 0
15 14 12 0 0
15 14 12 1 0
15 14 12 2 0
15 14 12 3 0
15 14 12 4 0
15 14 12 5 0
15 14 12 6 0
15 14 12 7 0
15 14 12 8 0
15 14 12 9 0
15 14 12 10 0
15 14 12 11 0
15 14 12 12 0
15 14 12 13 0
15 14 12 14 0
15 14 12 15 0
15 14 13 0 0
15 14 13 1 0
15 14 13 2 0
15 14 13 3 0
15 14 13 4 0
15 14 13 5 0
15 14 13 6 0
15 14 13 7 0
15 14 13 8 0
15 14 13 9 0
15 14 13 10 0
15 14 13 11 0
15 14 13 12 0
15 14 13 13 0
15 14 13 14 0
15 14 13 15 0
15 14 14 0 0
15 14 14 1 0
15 14 14 2 0
15 14 14 3 0
15 14 14 4 0
15 14 14 5 0
15 14 14 6 0
15 14 14 7 0
15 14 14 8 0
15 14 14 9 0
15 14 14 10 0
15 14 14 11 0
15 14 14 12 0
15 14 14 13 0
15 14 14 14 0
15 14 14 15 0
15 14 15 0 0
15 14 15 1 0
15 14 15 2 0
15 14 15 3 0
15 14 15 4 0
15 14 15 5 0
15 14 15 6 0
15 14 15 7 0
15 14 15 8 0
15 14 15 9 0
15 14 15 10 0
15 14 15 11 0
15 14 15 12 0
15 14 15 13 0
15 14 15 14 0
15 14 15 15 0
15 15 0 0 0
15 15 0 1 0
15 15 0 2 0
15 15 0 3 0
15 15 0 4 0
15 15 0 5 0
15 15 0 6 0
15 15 0 7 0
15 15 0 8 0
15 15 0 9 0
15 15 0 10 0
15 15 0 11 0
15 15 0 12 0
15 15 0 13 0
15 15 0 14 0
15 15 0 15 0
15 15 1 0 0
15 15 1 1 0
15 15 1 2 0
15 15 1 3 0
15 15 1 4 0
15 15 1 5 0
15 15 1 6 0
15 15 1 7 0
15 15 1 8 0
15 15 1 9 0
15 15 1 10 0
15 15 1 11 0
15 15 1 12 0
15 15 1 13 0
15 15 1 14 0
15 15 1 15 0
15 15 2 0 0
15 15 2 1 0
15 15 2 2 0
15 15 2 3 0
15 15 2 4 0
15 15 2 5 0
15 15 2 6 0
15 15 2 7 0
15 15 2 8 0
15 15 2 9 0
15 15 2 10 0
15 15 2 11 0
15 15 2 12 0
15 15 2 13 0
15 15 2 14 0
15 15 2 15 0
15 15 3 0 0
15 15 3 1 0
15 15 3 2 0
15 15 3 3 0
15 15 3 4 0
15 15 3 5 0
15 15 3 6 0
15 15 3 7 0
15 15 3 8 0
15 15 3 9 0
15 15 3 10 0
15 15 3 11 0
15 15 3 12 0
15 15 3 13 0
15 15 3 14 0
15 15 3 15 0
15 15 4 0 0
15 15 4 1 0
15 15 4 2 0
15 15 4 3 0
15 15 4 4 0
15 15 4 5 0
15 15 4 6 0
15 15 4 7 0
15 15 4 8 0
15 15 4 9 0
15 15 4 10 0
15 15 4 11 0
15 15 4 12 0
15 15 4 13 0
15 15 4 14 0
15 15 4 15 0
15 15 5 0 0
15 15 5 1 0
15 15 5 2 0
15 15 5 3 0
15 15 5 4 0
15 15 5 5 0
15 15 5 6 0
15 15 5 7 0
15 15 5 8 0
15 15 5 9 0
15 15 5 10 0
15 15 5 11 0
15 15 5 12 0
15 15 5 13 0
15 15 5 14 0
15 15 5 15 0
15 15 6 0 0
15 15 6 1 0
15 15 6 2 0
15 15 6 3 0
15 15 6 4 0
15 15 6 5 0
15 15 6 6 0
15 15 6 7 0
15 15 6 8 0
15 15 6 9 0
15 15 6 10 0
15 15 6 11 0
15 15 6 12 0
15 15 6 13 0
15 15 6 14 0
15 15 6 15 0
15 15 7 0 0
15 15 7 1 0
15 15 7 2 0
15 15 7 3 0
15 15 7 4 0
15 15 7 5 0
15 15 7 6 0
15 15 7 7 0
15 15 7 8 0
15 15 7 9 0
15 15 7 10 0
15 15 7 11 0
15 15 7 12 0
15 15 7 13 0
15 15 7 14 0
15 15 7 15 0
15 15 8 0 0
15 15 8 1 0
15 15 8 2 0
15 15 8 3 0
15 15 8 4 0
15 15 8 5 0
15 15 8 6 0
15 15 8 7 0
15 15 8 8 0
15 15 8 9 0
15 15 8 10 0
15 15 8 11 0
15 15 8 12 0
15 15 8 13 0
15 15 8 14 0
15 15 8 15 0
15 15 9 0 0
15 15 9 1 0
15 15 9 2 0
15 15 9 3 0
15 15 9 4 0
15 15 9 5 0
15 15 9 6 0
15 15 9 7 0
15 15 9 8 0
15 15 9 9 0
15 15 9 10 0
15 15 9 11 0
15 15 9 12 0
15 15 9 13 0
15 15 9 14 0
15 15 9 15 0
15 15 10 0 0
15 15 10 1 0
15 15 10 2 0
15 15 10 3 0
15 15 10 4 0
15 15 10 5 0
15 15 10 6 0
15 15 10 7 0
15 15 10 8 0
15 15 10 9 0
15 15 10 10 0
15 15 10 11 0
15 15 10 12 0
15 15 10 13 0
15 15 10 14 0
15 15 10 15 0
15 15 11 0 0
15 15 11 1 0
15 15 11 2 0
15 15 11 3 0
15 15 11 4 0
15 15 11 5 0
15 15 11 6 0
15 15 11 7 0
15 15 11 8 0
15 15 11 9 0
15 15 11 10 0
15 15 11 11 0
15 15 11 12 0
15 15 11 13 0
15 15 11 14 0
15 15 11 15 0
15 15 12 0 0
15 15 12 1 0
15 15 12 2 0
15 15 12 3 0
15 15 12 4 0
15 15 12 5 0
15 15 12 6 0
15 15 12 7 0
15 15 12 8 0
15 15 12 9 0
15 15 12 10 0
15 15 12 11 0
15 15 12 12 0
15 15 12 13 0
15 15 12 14 0
15 15 12 15 0
15 15 13 0 0
15 15 13 1 0
15 15 13 2 0
15 15 13 3 0
15 15 13 4 0
15 15 13 5 0
15 15 13 6 0
15 15 13 7 0
15 15 13 8 0
15 15 13 9 0
15 15 13 10 0
15 15 13 11 0
15 15 13 12 0
15 15 13 13 0
15 15 13 14 0
15 15 13 15 0
15 15 14 0 0
15 15 14 1 0
15 15 14 2 0
15 15 14 3 0
15 15 14 4 0
15 15 14 5 0
15 15 14 6 0
15 15 14 7 0
15 15 14 8 0
15 15 14 9 0
15 15 14 10 0
15 15 14 11 0
15 15 14 12 0
15 15 14 13 0
15 15 14 14 0
15 15 14 15 0
15 15 15 0 0
15 15 15 1 0
15 15 15 2 0
15 15 15 3 0
15 15 15 4 0
15 15 15 5 0
15 15 15 6 0
15 15 15 7 0
15 15 15 8 0
15 15 15 9 0
15 15 15 10 0
15 15 15 11 0
15 15 15 12 0
15 15 15 13 0
15 15 15 14 0
15 15 15 15 0
